frame_idx,timestamp,hand_velocity_left,hand_velocity_right,hand_acceleration_left,hand_acceleration_right,hands_present,grip_state_left,grip_state_right,hand_distance,trajectory_curvature,num_tools,tool_changed,tool_stability,num_interactions,contact_point_shift,contact_point_variance,interaction_density,interaction_rhythm,flow_magnitude,flow_uniformity,flow_discontinuity,direction_change,scene_change_score,visual_stability,activity_level,transition_score
0,0.000,0.000,0.000,0.000,0.000,1,0,0,0.000,0.000,3,0,1.000,1,0.000,0.000,1.000,0.000,0.000,1.000,0.000,0.000,0.000,1.000,0.330,0.000
3,0.100,11.402,0.000,11.402,0.000,1,0,0,0.000,0.000,4,1,0.000,2,50.695,0.000,1.000,0.500,3.165,0.649,0.000,0.714,0.239,0.761,0.527,0.750
6,0.200,6.325,0.000,-5.077,0.000,1,0,0,0.000,0.000,4,0,0.500,3,27.857,214.889,1.000,0.449,3.593,0.642,0.000,0.265,0.235,0.765,0.555,0.000
9,0.300,16.401,0.000,10.077,0.000,1,0,0,0.000,0.334,3,1,0.333,2,17.692,185.969,1.000,0.464,3.316,0.735,0.000,0.200,0.243,0.757,0.483,0.750
12,0.400,15.133,0.000,-1.268,0.000,1,0,0,0.000,0.561,3,0,0.500,2,0.000,141.403,1.000,0.472,4.121,0.902,0.000,0.137,0.257,0.743,0.484,0.000
15,0.500,31.145,0.000,16.012,0.000,1,0,0,0.000,1.130,3,0,0.600,2,47.413,244.742,1.000,0.477,2.598,0.616,0.000,0.156,0.147,0.853,0.555,0.350
18,0.600,0.000,0.000,0.000,0.000,1,0,0,0.000,0.000,7,1,0.500,2,25.020,251.877,1.000,0.481,3.402,0.831,0.000,0.816,0.210,0.790,0.418,0.750
21,0.700,0.000,33.287,0.000,33.287,1,0,0,0.000,0.000,7,0,0.571,3,0.000,377.215,1.000,0.469,5.124,0.909,0.000,0.954,0.250,0.750,0.667,0.450
24,0.800,0.000,44.654,0.000,11.368,1,0,0,0.000,0.000,7,0,0.625,3,0.000,591.053,1.000,0.460,7.624,0.810,0.000,0.199,0.254,0.746,0.799,0.000
27,0.900,0.000,29.682,0.000,-14.973,1,0,0,0.000,0.407,5,0,0.667,2,158.474,1047.636,1.000,0.464,4.435,0.766,0.000,0.066,0.213,0.787,0.634,0.750
30,1.000,116.362,0.000,85.217,0.000,1,1,0,0.000,1.181,5,0,0.700,2,151.605,1372.152,1.000,0.467,3.421,0.512,0.000,1.409,0.154,0.846,0.792,0.750
33,1.100,11.402,0.000,-104.960,0.000,1,1,0,0.000,0.992,5,0,0.727,2,17.088,1556.111,1.000,0.470,3.531,0.704,0.000,1.654,0.180,0.820,0.594,0.550
36,1.200,6.708,0.000,-4.694,0.000,1,1,0,0.000,1.056,4,1,0.667,2,17.464,1646.089,1.000,0.472,3.911,0.797,0.000,2.991,0.212,0.788,0.589,0.750
39,1.300,6.083,0.000,-0.625,0.000,1,1,0,0.000,1.264,4,0,0.692,2,16.643,1744.660,1.000,0.474,2.725,0.740,0.000,1.153,0.198,0.802,0.560,0.580
42,1.400,2.828,0.000,-3.254,0.000,1,1,0,0.000,1.225,4,0,0.714,2,16.643,1750.284,1.000,0.476,2.730,0.547,0.000,2.371,0.133,0.867,0.556,0.580
45,1.500,6.083,0.000,3.254,0.000,1,1,0,0.000,1.302,4,0,0.733,2,16.155,1559.838,1.000,0.477,3.926,0.822,0.000,0.162,0.193,0.807,0.584,0.580
48,1.600,1.414,0.000,-4.669,0.000,1,1,0,0.000,1.281,4,0,0.750,2,18.358,1313.294,1.000,0.479,1.748,0.798,0.000,0.315,0.129,0.871,0.506,0.580
51,1.700,1.000,0.000,-0.414,0.000,1,1,0,0.000,1.095,4,0,0.765,2,4.472,1250.699,1.000,0.480,1.731,0.841,0.000,0.507,0.142,0.858,0.500,0.580
54,1.800,3.162,0.000,2.162,0.000,1,1,0,0.000,1.281,4,0,0.778,2,6.083,1178.960,1.000,0.481,1.578,0.248,0.000,0.699,0.098,0.902,0.550,0.580
57,1.900,16.155,0.000,12.993,0.000,1,1,0,0.000,1.637,4,0,0.789,2,5.099,1165.024,1.000,0.482,1.956,0.785,0.000,0.331,0.122,0.878,0.594,0.350
60,2.000,0.000,0.000,0.000,0.000,0,0,0,0.000,0.000,4,0,0.800,0,5.099,1165.024,0.952,0.482,1.573,0.546,0.000,0.468,0.085,0.915,0.285,0.650
63,2.100,0.000,0.000,0.000,0.000,0,0,0,0.000,0.000,4,0,0.810,0,5.099,1165.024,0.909,0.482,2.367,0.618,0.000,0.504,0.138,0.862,0.295,0.580
66,2.200,2.236,0.000,-13.919,0.000,1,1,0,0.000,1.752,4,0,0.818,2,6.403,1151.269,0.913,0.451,1.510,0.810,0.000,0.773,0.137,0.863,0.493,0.650
69,2.300,6.403,0.000,4.167,0.000,1,1,0,0.000,1.581,4,0,0.826,2,7.000,617.124,0.917,0.452,1.087,0.661,0.000,0.945,0.083,0.917,0.516,0.350
72,2.400,6.403,0.000,0.000,0.000,1,1,0,0.000,1.462,4,0,0.833,2,0.000,46.004,0.920,0.454,2.432,0.861,0.000,2.380,0.167,0.833,0.537,0.550
75,2.500,2.828,0.000,-3.575,0.000,1,1,0,0.000,1.722,4,0,0.840,2,7.616,46.838,0.923,0.455,1.943,0.701,0.000,2.211,0.105,0.895,0.516,0.580
78,2.600,3.606,0.000,0.777,0.000,1,1,0,0.000,1.669,4,0,0.846,2,7.211,44.814,0.926,0.457,1.663,0.481,0.000,0.316,0.081,0.919,0.529,0.580
81,2.700,9.220,0.000,5.614,0.000,1,1,0,0.000,1.948,4,0,0.852,2,5.000,49.124,0.929,0.458,1.598,0.851,0.000,2.857,0.153,0.847,0.533,0.550
84,2.800,5.099,305.118,-4.121,275.436,2,1,0,272.809,1.660,4,0,0.857,4,0.000,61.719,0.931,0.452,1.774,0.871,0.000,0.051,0.222,0.778,0.875,0.650
87,2.900,4.472,0.000,-0.627,0.000,1,1,0,0.000,1.634,4,0,0.862,2,17.263,58.869,0.933,0.453,1.603,0.381,0.000,1.738,0.096,0.904,0.540,0.650
90,3.000,2.000,0.000,-2.472,0.000,1,1,0,0.000,1.485,4,0,0.897,2,3.162,58.587,0.933,0.453,1.719,0.522,0.000,1.535,0.118,0.882,0.520,0.580
93,3.100,2.236,0.000,0.236,0.000,1,1,0,0.000,1.481,4,0,0.897,2,20.591,68.159,0.933,0.453,1.862,0.888,1.738,0.477,0.149,0.851,0.499,0.700
96,3.200,1.000,0.000,-1.236,0.000,1,1,0,0.000,1.539,4,0,0.931,2,4.472,60.605,0.933,0.453,1.611,0.880,1.525,0.253,0.151,0.849,0.486,0.700
99,3.300,3.000,0.000,2.000,0.000,1,1,0,0.000,1.357,4,0,0.931,2,7.616,60.238,0.933,0.453,2.075,0.856,1.339,1.122,0.162,0.838,0.511,0.580
102,3.400,2.236,0.000,-0.764,0.000,1,1,0,0.000,1.390,4,0,0.931,2,12.530,66.374,0.933,0.453,2.717,0.786,1.158,0.305,0.172,0.828,0.527,0.580
105,3.500,1.000,0.000,-1.236,0.000,1,1,0,0.000,1.347,4,0,0.966,2,12.166,65.889,0.933,0.453,1.627,0.450,1.001,2.056,0.096,0.904,0.517,0.580
108,3.600,0.000,0.000,-1.000,0.000,1,1,0,0.000,1.467,4,0,0.966,2,5.657,65.419,0.933,0.453,1.322,0.697,0.921,1.402,0.102,0.898,0.486,0.580
111,3.700,0.000,0.000,0.000,0.000,0,0,0,0.000,0.000,4,0,0.966,0,5.657,65.419,0.900,0.453,0.990,0.186,0.912,0.386,0.067,0.933,0.290,0.650
114,3.800,7.810,0.000,7.810,0.000,1,1,0,0.000,1.232,4,0,0.966,2,11.705,62.584,0.900,0.459,1.652,0.816,0.799,1.667,0.150,0.850,0.526,0.650
117,3.900,7.810,0.000,0.000,0.000,1,1,0,0.000,1.541,4,0,0.966,2,1.414,55.407,0.900,0.459,1.935,0.709,0.754,0.432,0.116,0.884,0.540,0.350
120,4.000,4.000,0.000,-3.810,0.000,1,1,0,0.000,1.734,4,0,0.966,2,2.828,54.738,0.900,0.459,1.082,0.794,0.753,1.019,0.113,0.887,0.492,0.580
123,4.100,2.828,0.000,-1.172,0.000,1,1,0,0.000,2.049,4,0,1.000,2,4.123,54.494,0.900,0.459,1.057,0.663,0.736,0.346,0.090,0.910,0.494,0.580
126,4.200,1.414,0.000,-1.414,0.000,1,1,0,0.000,2.311,4,0,1.000,2,3.000,53.259,0.900,0.459,1.149,0.748,0.679,1.020,0.120,0.880,0.482,0.580
129,4.300,2.236,0.000,0.822,0.000,1,1,0,0.000,2.287,4,0,1.000,2,2.828,52.489,0.900,0.459,0.763,0.433,0.628,0.902,0.059,0.941,0.499,0.580
132,4.400,0.000,0.000,0.000,0.000,0,0,0,0.000,0.000,4,0,1.000,0,2.828,52.489,0.867,0.459,11.716,0.133,0.656,2.316,0.447,0.553,0.465,0.697
135,4.500,0.000,0.000,0.000,0.000,0,0,0,0.000,0.000,4,1,0.966,0,2.828,52.489,0.833,0.459,6.475,0.474,0.507,1.814,0.334,0.666,0.399,0.750
138,4.600,0.000,0.000,0.000,0.000,0,0,0,0.000,0.000,4,0,0.966,0,2.828,52.489,0.800,0.459,7.327,0.638,2.447,0.151,0.327,0.673,0.405,0.700
141,4.700,0.000,0.000,0.000,0.000,0,0,0,0.000,0.000,4,0,0.966,0,2.828,52.489,0.767,0.459,8.153,0.710,3.549,0.021,0.323,0.677,0.412,0.700
144,4.800,0.000,375.288,0.000,70.170,1,0,0,0.000,1.181,3,1,0.931,2,0.000,576.419,0.767,0.412,6.915,0.786,4.899,0.140,0.325,0.675,0.700,0.750
147,4.900,116.181,0.000,113.945,0.000,1,1,0,0.000,2.301,3,0,0.931,2,0.000,576.419,0.767,0.412,6.756,0.760,5.691,0.326,0.318,0.682,0.778,0.700
150,5.000,14.765,0.000,-101.416,0.000,1,1,0,0.000,2.388,3,0,0.931,2,22.804,960.597,0.800,0.412,4.516,0.538,5.201,2.969,0.281,0.719,0.573,0.700
153,5.100,3.000,0.000,-11.765,0.000,1,1,0,0.000,2.151,3,0,0.931,2,22.804,960.597,0.833,0.412,3.808,0.506,5.700,2.920,0.267,0.733,0.496,0.700
156,5.200,5.385,26.926,2.385,-348.362,2,1,1,10.440,1.930,3,0,0.931,4,0.000,1277.150,0.833,0.405,3.392,0.456,6.401,0.067,0.252,0.748,0.732,0.700
159,5.300,15.811,0.000,10.426,0.000,1,1,0,0.000,1.720,3,0,0.931,2,34.176,1354.734,0.833,0.405,3.025,0.349,6.230,0.761,0.247,0.753,0.559,0.700
162,5.400,3.606,0.000,-12.206,0.000,1,1,0,0.000,1.624,3,0,0.931,1,21.024,1376.660,0.833,0.412,2.084,0.652,6.902,0.807,0.232,0.768,0.386,0.700
165,5.500,5.000,0.000,1.394,0.000,1,1,0,0.000,1.470,2,1,0.897,1,11.180,1370.380,0.833,0.415,1.804,0.556,7.725,0.502,0.212,0.788,0.424,0.750
168,5.600,442.000,0.000,436.000,0.000,2,1,0,442.000,1.201,3,1,0.862,2,358.615,3908.849,0.833,0.415,1.862,0.620,7.403,0.854,0.195,0.805,0.723,0.750
171,5.700,442.018,457.004,0.018,430.079,2,1,1,436.005,1.535,3,0,0.862,3,293.537,5480.844,0.833,0.415,1.947,0.518,7.103,0.153,0.184,0.816,0.792,0.750
174,5.800,10.770,0.000,-431.248,0.000,1,1,0,0.000,1.409,3,0,0.862,2,82.006,5728.869,0.833,0.415,1.707,0.330,7.009,0.397,0.194,0.806,0.499,0.700
177,5.900,5.657,0.000,-5.113,0.000,1,1,0,0.000,1.603,3,0,0.862,2,7.616,5685.547,0.833,0.415,2.121,0.803,6.628,2.061,0.237,0.763,0.448,0.700
180,6.000,2.236,0.000,-3.421,0.000,1,1,0,0.000,1.570,3,0,0.862,1,5.099,5622.939,0.833,0.415,1.463,0.865,0.738,0.029,0.213,0.787,0.348,0.580
183,6.100,3.162,0.000,0.926,0.000,1,1,0,0.000,1.666,2,1,0.828,1,8.602,5555.564,0.833,0.423,0.903,0.681,0.451,1.025,0.151,0.849,0.383,0.750
186,6.200,4.123,0.000,0.961,0.000,1,1,0,0.000,1.498,3,1,0.793,2,5.000,5453.019,0.833,0.423,2.051,0.894,0.154,2.074,0.248,0.752,0.432,0.750
189,6.300,2.236,0.000,-1.887,0.000,1,1,0,0.000,1.606,3,0,0.793,1,4.000,5326.214,0.833,0.431,0.830,0.421,0.116,2.409,0.110,0.890,0.364,0.580
192,6.400,1.000,0.000,-1.236,0.000,1,1,0,0.000,1.744,2,1,0.759,1,1.000,5307.924,0.833,0.438,1.650,0.905,0.329,2.909,0.201,0.799,0.373,0.750
195,6.500,5.099,0.000,4.099,0.000,1,1,0,0.000,1.524,3,1,0.724,2,32.650,5258.545,0.833,0.438,1.849,0.665,0.499,0.030,0.191,0.809,0.448,0.750
198,6.600,0.000,446.161,0.000,-10.843,1,0,1,0.000,1.799,3,0,0.724,2,22.204,5219.598,0.833,0.438,1.541,0.153,0.617,2.465,0.173,0.827,0.698,0.550
201,6.700,0.000,7.071,0.000,-439.090,1,0,1,0.000,1.651,3,0,0.724,2,5.099,5192.465,0.867,0.438,1.586,0.487,0.728,1.656,0.206,0.794,0.469,0.580
204,6.800,29.069,0.000,23.970,0.000,1,1,0,0.000,1.395,2,1,0.690,1,25.239,5199.334,0.867,0.438,0.836,0.811,0.840,0.522,0.132,0.868,0.520,0.750
207,6.900,0.000,18.028,0.000,10.957,1,0,1,0.000,1.549,3,1,0.655,2,16.031,5246.895,0.867,0.438,0.795,0.736,0.932,0.425,0.110,0.890,0.492,0.750
210,7.000,8.246,0.000,-20.823,0.000,1,1,0,0.000,1.222,3,0,0.655,2,37.643,5329.307,0.867,0.438,1.097,0.581,0.965,3.011,0.114,0.886,0.457,0.580
213,7.100,0.000,29.017,0.000,10.989,1,0,1,0.000,1.889,3,0,0.655,2,18.028,2509.727,0.867,0.438,1.539,0.852,1.012,0.928,0.192,0.808,0.564,0.500
216,7.200,0.000,13.601,0.000,-15.416,1,0,1,0.000,1.962,3,0,0.655,2,4.123,2534.234,0.867,0.438,0.836,0.603,1.055,1.548,0.103,0.897,0.478,0.580
219,7.300,0.000,3.162,0.000,-10.439,1,0,1,0.000,1.737,3,0,0.655,1,4.123,2534.234,0.867,0.446,1.165,0.897,1.118,0.746,0.201,0.799,0.348,0.580
222,7.400,0.000,10.198,0.000,7.036,1,0,1,0.000,1.529,3,0,0.690,2,4.472,527.578,0.900,0.445,1.663,0.892,1.181,0.103,0.224,0.776,0.464,0.580
225,7.500,0.000,14.866,0.000,4.668,1,0,1,0.000,1.481,3,0,0.690,2,4.472,527.578,0.933,0.445,0.803,0.510,1.231,1.010,0.115,0.885,0.499,0.580
228,7.600,0.000,12.166,0.000,-2.701,1,0,1,0.000,1.175,3,0,0.690,1,4.472,527.578,0.967,0.445,1.512,0.847,1.104,1.400,0.206,0.794,0.422,0.580
231,7.700,0.000,7.071,0.000,-5.094,1,0,1,0.000,1.354,3,0,0.724,2,4.472,527.578,1.000,0.445,2.134,0.827,0.941,0.157,0.237,0.763,0.475,0.580
234,7.800,19.416,0.000,11.170,0.000,1,1,0,0.000,1.272,3,0,0.724,2,25.632,560.749,1.000,0.445,1.305,0.667,0.920,1.153,0.171,0.829,0.534,0.580
237,7.900,0.000,8.602,0.000,1.531,1,0,1,0.000,1.269,3,0,0.724,2,25.632,560.749,1.000,0.445,0.907,0.731,0.799,1.187,0.150,0.850,0.459,0.580
240,8.000,2.828,0.000,-16.588,0.000,1,1,0,0.000,1.197,2,1,0.690,1,25.632,560.749,1.000,0.453,0.590,0.476,0.904,1.927,0.085,0.915,0.407,0.750
243,8.100,0.000,45.222,0.000,36.619,1,0,1,0.000,1.155,3,1,0.655,2,25.632,560.749,1.000,0.530,2.128,0.925,1.025,2.219,0.250,0.750,0.678,0.750
246,8.200,0.000,117.924,0.000,72.702,1,0,1,0.000,1.119,3,0,0.655,1,25.632,560.749,1.000,0.530,1.947,0.607,0.970,1.183,0.155,0.845,0.636,0.450
249,8.300,0.000,0.000,0.000,0.000,0,0,0,0.000,0.000,3,0,0.655,0,25.632,560.749,0.967,0.530,4.179,0.860,0.954,1.738,0.292,0.708,0.230,0.650
252,8.400,0.000,0.000,0.000,0.000,0,0,0,0.000,0.000,4,1,0.655,0,25.632,560.749,0.933,0.530,9.961,0.975,0.257,0.065,0.398,0.602,0.414,0.750
255,8.500,162.052,494.702,159.224,376.778,2,1,1,279.294,1.514,4,0,0.690,4,0.000,718.259,0.933,0.495,9.738,0.015,1.307,1.000,0.487,0.513,1.000,0.737
258,8.600,7.810,25.962,-154.242,-468.740,2,1,1,264.824,1.677,4,0,0.690,4,46.872,934.700,0.933,0.495,1.561,0.831,2.658,0.490,0.147,0.853,0.767,0.700
261,8.700,0.000,8.544,0.000,-17.418,1,0,1,0.000,1.572,6,1,0.655,2,46.872,934.700,0.933,0.495,2.687,0.749,2.775,1.271,0.165,0.835,0.534,0.750
264,8.800,169.307,3.162,161.497,-5.382,2,1,1,415.788,1.756,6,0,0.655,6,120.208,3838.344,0.933,0.470,3.439,0.557,3.180,0.915,0.181,0.819,0.939,0.700
267,8.900,14.318,6.325,-154.990,3.162,2,1,1,434.871,1.596,6,0,0.655,6,129.850,5538.925,0.933,0.462,2.933,0.758,3.641,1.081,0.146,0.854,0.742,0.721
270,9.000,4.123,5.831,-10.195,-0.494,2,1,1,438.415,1.583,3,1,0.655,4,27.785,5443.120,0.933,0.445,2.148,0.643,4.285,1.095,0.155,0.845,0.583,0.750
273,9.100,9.055,0.000,4.932,0.000,1,1,0,0.000,1.773,3,0,0.690,2,0.000,5169.444,0.933,0.436,2.395,0.865,4.423,0.000,0.169,0.831,0.482,0.700
276,9.200,2.236,9.055,-6.819,3.224,2,1,1,437.951,1.835,3,0,0.690,4,0.000,4360.200,0.933,0.428,2.056,0.957,4.559,0.341,0.176,0.824,0.577,0.700
279,9.300,5.000,3.000,2.764,-6.055,2,1,1,435.078,1.674,3,0,0.724,4,0.000,3318.850,0.933,0.410,2.802,0.935,4.423,0.476,0.186,0.814,0.574,0.700
282,9.400,432.807,0.000,431.807,0.000,2,1,0,432.807,1.112,3,0,0.759,3,255.384,4189.654,0.933,0.410,1.435,0.818,4.820,0.567,0.159,0.841,0.771,0.750
285,9.500,435.037,0.000,3.553,0.000,2,1,0,435.037,1.667,3,0,0.759,4,0.000,3724.694,0.933,0.401,2.153,0.877,4.954,0.106,0.178,0.822,0.784,0.700
288,9.600,428.621,0.000,-3.048,0.000,2,1,0,428.621,1.988,3,0,0.759,4,0.000,3357.378,0.933,0.382,1.693,0.926,5.299,0.184,0.168,0.832,0.770,0.700
291,9.700,3.162,429.104,-425.459,426.104,2,1,1,429.284,1.977,3,0,0.793,3,276.588,4873.054,0.933,0.373,1.495,0.868,4.566,0.790,0.160,0.840,0.769,0.750
294,9.800,426.517,438.001,423.355,8.897,2,1,1,435.290,2.170,3,0,0.828,3,274.875,6004.097,0.933,0.373,1.659,0.890,4.229,0.243,0.166,0.834,0.771,0.750
297,9.900,434.010,0.000,432.596,0.000,2,1,0,434.010,2.354,3,0,0.828,3,222.948,5602.720,0.933,0.363,1.655,0.857,1.979,0.271,0.170,0.830,0.773,0.750
300,10.000,433.623,0.000,0.421,0.000,2,1,0,433.623,2.353,3,0,0.828,3,256.550,6548.287,0.933,0.353,1.360,0.861,0.239,0.430,0.137,0.863,0.766,0.750
303,10.100,431.567,19.925,-2.056,-418.076,2,1,1,441.355,2.354,3,0,0.828,3,328.550,8068.354,0.933,0.379,1.805,0.809,0.204,0.781,0.157,0.843,0.781,0.750
306,10.200,443.644,0.000,441.644,0.000,2,1,0,443.644,2.210,3,0,0.828,4,229.617,8328.199,0.933,0.379,2.178,0.840,0.199,0.350,0.184,0.816,0.788,0.750
309,10.300,435.230,0.000,-4.935,0.000,2,1,0,435.230,2.351,3,0,0.828,3,212.408,8351.538,0.933,0.379,1.921,0.905,0.256,0.057,0.172,0.828,0.777,0.750
312,10.400,433.817,6.325,-1.413,-13.600,2,1,1,429.089,2.737,3,0,0.828,3,239.385,8269.755,0.933,0.379,1.914,0.822,0.347,0.435,0.175,0.825,0.782,0.750
315,10.500,438.201,0.000,435.965,0.000,2,1,0,438.201,2.352,3,0,0.828,3,195.305,8060.675,0.933,0.389,1.378,0.929,0.404,0.007,0.167,0.833,0.761,0.750
318,10.600,441.576,0.000,4.785,0.000,2,1,0,441.576,2.446,3,0,0.828,3,330.946,8742.094,0.933,0.389,1.433,0.936,0.462,0.154,0.154,0.846,0.762,0.750
321,10.700,441.675,19.849,0.100,13.525,2,1,1,445.358,2.748,3,0,0.828,3,293.532,8892.239,0.933,0.399,1.490,0.802,0.511,0.069,0.159,0.841,0.773,0.750
324,10.800,450.139,0.000,449.139,0.000,2,1,0,450.139,2.359,3,0,0.828,3,286.932,9000.724,0.933,0.399,1.194,0.719,0.523,0.687,0.121,0.879,0.772,0.750
327,10.900,442.892,0.000,-5.082,0.000,2,1,0,442.892,2.404,3,0,0.862,3,298.397,9477.147,0.933,0.399,1.446,0.906,0.607,0.054,0.156,0.844,0.765,0.750
330,11.000,440.822,7.211,-2.070,-12.638,2,1,1,433.545,2.747,3,0,0.897,3,323.558,10001.688,0.933,0.399,1.475,0.766,0.626,0.768,0.166,0.834,0.775,0.750
333,11.100,1.414,13.000,-439.408,5.789,2,1,1,445.253,2.542,3,0,0.897,3,272.083,9556.920,0.933,0.399,1.041,0.842,0.703,0.501,0.112,0.888,0.581,0.750
336,11.200,1.000,9.000,-0.414,-4.000,2,1,1,440.066,2.539,3,0,0.897,3,328.672,10258.604,0.933,0.399,0.699,0.429,0.704,0.663,0.073,0.927,0.579,0.750
339,11.300,1.414,4.123,0.414,-4.877,2,1,1,440.478,2.614,3,0,0.931,3,296.204,10714.289,0.967,0.399,0.848,0.513,0.707,0.530,0.107,0.893,0.554,0.750
342,11.400,1.414,5.385,0.000,1.262,2,1,1,435.488,2.436,3,0,0.931,3,295.513,11038.500,1.000,0.408,0.883,0.716,0.658,0.679,0.112,0.888,0.552,0.750
345,11.500,448.630,0.000,447.630,0.000,2,1,0,448.630,2.142,3,0,0.931,2,337.913,11859.309,1.000,0.408,1.105,0.906,0.633,0.239,0.115,0.885,0.704,0.750
348,11.600,447.973,8.544,-0.657,3.159,2,1,1,441.576,2.593,3,0,0.966,3,302.848,11632.194,1.000,0.408,1.079,0.682,1.161,1.591,0.102,0.898,0.779,0.750
351,11.700,447.973,0.000,446.973,0.000,2,1,0,447.973,1.955,3,0,0.966,3,277.838,11517.105,1.000,0.408,0.676,0.809,1.290,0.149,0.078,0.922,0.760,0.750
354,11.800,451.983,0.000,4.010,0.000,2,1,0,451.983,2.149,3,0,0.966,2,271.531,11446.624,1.000,0.417,0.725,0.216,1.447,0.179,0.072,0.928,0.743,0.750
357,11.900,451.983,12.530,0.000,3.986,2,1,1,438.412,2.564,3,0,1.000,3,329.848,11702.760,1.000,0.417,1.043,0.729,1.803,2.491,0.047,0.953,0.775,0.750
360,12.000,438.412,0.000,437.412,0.000,2,1,0,438.412,2.356,3,0,1.000,3,329.073,11752.049,1.000,0.417,0.574,0.745,2.152,2.772,0.061,0.939,0.762,0.750
363,12.100,442.986,0.000,5.982,0.000,2,1,0,442.986,2.460,3,0,1.000,3,251.177,11650.057,1.000,0.417,1.080,0.802,2.068,0.398,0.145,0.855,0.771,0.750
366,12.200,439.629,0.000,-3.456,0.000,2,1,0,439.629,2.740,3,0,1.000,3,331.717,11677.279,1.000,0.417,1.566,0.744,2.039,0.152,0.138,0.862,0.787,0.750
369,12.300,438.754,0.000,-0.875,0.000,2,1,0,438.754,2.737,3,0,1.000,3,294.544,11667.248,1.000,0.417,1.206,0.787,1.924,0.166,0.133,0.867,0.775,0.750
372,12.400,436.139,8.944,-2.615,-3.586,2,1,1,437.374,3.041,3,0,1.000,3,285.000,11591.579,1.000,0.417,1.719,0.874,2.186,0.404,0.175,0.825,0.782,0.750
375,12.500,0.000,5.657,-436.139,-3.287,2,1,1,436.898,3.125,3,0,1.000,3,289.233,11183.875,1.000,0.417,1.171,0.668,2.129,0.645,0.125,0.875,0.564,0.750
378,12.600,432.668,0.000,432.668,0.000,2,1,0,432.668,3.124,3,0,1.000,3,288.766,11083.684,1.000,0.417,0.910,0.777,2.295,0.157,0.106,0.894,0.768,0.750
381,12.700,429.317,6.325,-3.352,0.668,2,1,1,431.237,3.124,3,0,1.000,2,277.074,11077.249,1.000,0.417,1.689,0.885,1.894,0.571,0.180,0.820,0.720,0.750
384,12.800,1.414,5.000,-427.903,-1.325,2,1,1,426.242,2.834,3,0,1.000,3,295.203,11209.644,1.000,0.417,1.263,0.755,1.183,0.256,0.143,0.857,0.557,0.750
387,12.900,1.414,21.213,0.000,16.213,2,1,1,426.138,2.520,3,0,1.000,3,293.471,10917.285,1.000,0.417,1.015,0.829,0.875,3.117,0.096,0.904,0.635,0.750
390,13.000,1.000,21.541,-0.414,0.327,2,1,1,435.198,2.371,3,0,1.000,3,282.363,10548.138,1.000,0.417,1.289,0.821,0.685,2.290,0.140,0.860,0.644,0.750
393,13.100,440.569,0.000,439.155,0.000,2,1,0,440.569,1.603,3,0,1.000,2,285.834,10734.834,1.000,0.426,0.621,0.572,0.604,0.267,0.062,0.938,0.715,0.750
396,13.200,442.137,2.000,1.568,-19.541,2,1,1,433.789,2.071,3,0,1.000,3,327.141,10702.345,1.000,0.426,1.100,0.921,0.574,2.912,0.149,0.851,0.763,0.750
399,13.300,446.861,0.000,446.861,0.000,2,1,0,446.861,1.603,3,0,1.000,3,340.407,11093.299,1.000,0.426,1.194,0.853,0.286,1.685,0.123,0.877,0.770,0.750
402,13.400,453.625,0.000,6.764,0.000,2,1,0,453.625,2.112,3,0,1.000,2,347.200,11609.188,1.000,0.426,0.852,0.344,0.010,1.679,0.094,0.906,0.737,0.750
405,13.500,441.816,0.000,-9.614,0.000,2,1,0,441.816,2.632,3,0,1.000,3,335.932,11983.330,1.000,0.426,1.474,0.876,0.173,1.293,0.143,0.857,0.776,0.750
408,13.600,429.829,0.000,-11.054,0.000,2,1,0,429.829,3.135,3,0,1.000,3,198.600,11549.545,1.000,0.426,1.472,0.869,0.539,0.966,0.184,0.816,0.776,0.750
411,13.700,428.124,0.000,-2.478,0.000,2,1,0,428.124,3.133,3,0,1.000,3,266.120,11472.727,1.000,0.426,1.216,0.884,0.747,2.011,0.154,0.846,0.769,0.750
414,13.800,427.937,0.000,0.567,0.000,2,1,0,427.937,3.133,3,0,1.000,2,306.777,11561.199,1.000,0.426,0.933,0.683,0.628,1.383,0.074,0.926,0.716,0.750
417,13.900,27.313,429.317,-400.624,427.317,2,1,1,438.709,2.882,3,0,1.000,2,282.837,11486.879,1.000,0.426,1.155,0.713,0.562,0.624,0.104,0.896,0.719,0.750
420,14.000,438.699,0.000,0.607,0.000,2,1,0,438.699,2.748,3,0,1.000,2,276.241,11450.184,1.000,0.426,0.448,0.659,0.335,2.321,0.071,0.929,0.705,0.750
423,14.100,435.966,0.000,-3.511,0.000,2,1,0,435.966,2.748,2,1,0.966,2,276.241,11438.439,1.000,0.435,0.507,0.663,0.264,1.815,0.068,0.932,0.766,0.750
426,14.200,438.850,0.000,3.523,0.000,2,1,0,438.850,2.749,3,1,0.931,2,1.414,11399.128,1.000,0.435,0.394,0.217,0.204,1.100,0.072,0.928,0.735,0.750
429,14.300,441.862,0.000,2.233,0.000,2,1,0,441.862,2.998,3,0,0.931,3,337.231,11503.170,1.000,0.435,0.829,0.865,0.265,2.209,0.109,0.891,0.760,0.750
432,14.400,442.224,449.055,0.362,19.738,2,1,1,449.802,3.132,3,0,0.931,4,106.254,11632.769,1.000,0.435,2.822,0.757,0.437,0.771,0.185,0.815,0.818,0.590
435,14.500,32.280,0.000,-409.944,0.000,1,1,0,0.000,2.984,3,0,0.931,2,0.000,10393.264,1.000,0.435,4.690,0.706,0.104,0.274,0.235,0.765,0.687,0.650
438,14.600,142.352,0.000,110.072,0.000,1,1,0,0.000,2.609,3,0,0.931,2,0.000,9013.604,1.000,0.435,8.691,0.868,0.542,0.212,0.263,0.737,0.829,0.450
441,14.700,0.000,0.000,0.000,0.000,0,0,0,0.000,0.000,4,1,0.897,0,0.000,9013.604,0.967,0.435,11.316,0.951,2.104,0.111,0.274,0.726,0.419,0.750
444,14.800,0.000,0.000,0.000,0.000,0,0,0,0.000,0.000,4,0,0.897,0,0.000,9013.604,0.933,0.435,15.776,0.931,4.157,0.404,0.282,0.718,0.417,0.700
447,14.900,0.000,0.000,0.000,0.000,0,0,0,0.000,0.000,4,0,0.897,0,0.000,9013.604,0.900,0.435,13.440,0.915,7.337,0.199,0.274,0.726,0.414,0.700
450,15.000,0.000,0.000,0.000,0.000,0,0,0,0.000,0.000,3,1,0.862,0,0.000,9013.604,0.867,0.435,8.822,0.832,9.754,0.106,0.286,0.714,0.316,0.750
453,15.100,208.926,0.000,66.574,0.000,1,1,0,0.000,2.292,3,0,0.862,1,0.000,9013.604,0.867,0.374,6.894,0.795,12.182,0.157,0.275,0.725,0.731,0.700
456,15.200,6.403,0.000,-202.523,0.000,1,1,0,0.000,2.082,3,0,0.862,1,0.000,9013.604,0.867,0.382,5.950,0.720,13.106,0.000,0.260,0.740,0.498,0.700
459,15.300,25.000,0.000,18.597,0.000,1,1,0,0.000,1.972,4,1,0.828,1,0.000,9013.604,0.867,0.382,4.705,0.697,14.875,0.442,0.259,0.741,0.657,0.750
462,15.400,28.160,0.000,3.160,0.000,1,1,0,0.000,1.592,4,0,0.828,1,0.000,9013.604,0.867,0.390,3.976,0.571,15.364,0.180,0.238,0.762,0.665,0.700
465,15.500,29.120,0.000,0.960,0.000,1,1,0,0.000,1.420,4,0,0.828,1,0.000,9013.604,0.867,0.399,2.358,0.656,18.279,2.314,0.181,0.819,0.624,0.700
468,15.600,15.811,552.058,-13.309,103.003,2,1,1,6.083,2.140,3,1,0.793,2,0.000,9013.604,0.867,0.399,4.294,0.850,15.719,2.399,0.244,0.756,0.772,0.750
471,15.700,5.099,0.000,-10.712,0.000,1,1,0,0.000,1.478,3,0,0.793,1,0.000,9013.604,0.867,0.407,4.809,0.892,15.105,0.539,0.261,0.739,0.450,0.700
474,15.800,26.926,0.000,21.827,0.000,1,1,0,0.000,1.810,3,0,0.793,1,0.000,9013.604,0.867,0.407,3.110,0.739,16.231,0.134,0.211,0.789,0.540,0.700
477,15.900,14.213,0.000,-12.713,0.000,1,1,0,0.000,1.754,3,0,0.793,2,0.000,9013.604,0.867,0.407,2.386,0.752,17.022,0.217,0.208,0.792,0.510,0.700
480,16.000,17.000,0.000,2.787,0.000,1,1,0,0.000,1.621,3,0,0.793,2,0.000,9013.604,0.867,0.414,2.632,0.757,9.836,0.198,0.211,0.789,0.531,0.700
483,16.100,39.925,0.000,-27.343,0.000,2,1,0,39.925,1.459,3,0,0.793,4,21.633,9500.489,0.867,0.407,4.205,0.791,4.956,0.252,0.234,0.766,0.806,0.700
486,16.200,25.632,0.000,-14.293,0.000,1,1,0,0.000,1.334,3,0,0.793,2,18.248,8653.865,0.867,0.414,4.074,0.942,2.114,0.321,0.242,0.758,0.602,0.700
489,16.300,13.928,0.000,-11.704,0.000,1,1,0,0.000,1.073,3,0,0.793,2,17.029,7151.718,0.867,0.414,3.160,0.818,1.046,0.415,0.232,0.768,0.523,0.580
492,16.400,3.162,0.000,-10.766,0.000,1,1,0,0.000,0.817,3,0,0.793,2,21.840,5709.297,0.867,0.414,2.545,0.738,0.327,0.429,0.213,0.787,0.454,0.580
495,16.500,7.000,0.000,3.838,0.000,1,1,0,0.000,0.705,5,1,0.759,4,20.616,4137.237,0.867,0.414,4.036,0.910,0.016,1.052,0.242,0.758,0.624,0.750
498,16.600,8.062,0.000,1.062,0.000,1,1,0,0.000,0.868,5,0,0.759,4,0.000,4032.125,0.867,0.407,7.241,0.983,0.173,0.282,0.267,0.733,0.705,0.580
501,16.700,9.220,0.000,1.157,0.000,1,1,0,0.000,0.862,5,0,0.759,4,0.000,1403.774,0.867,0.407,9.339,0.968,0.242,0.010,0.263,0.737,0.731,0.580
504,16.800,6.403,0.000,-2.816,0.000,1,1,0,0.000,0.901,4,1,0.724,3,33.541,837.705,0.867,0.407,8.956,0.979,0.265,0.189,0.260,0.740,0.706,0.750
507,16.900,21.840,0.000,15.437,0.000,1,1,0,0.000,0.919,4,0,0.724,3,22.825,396.669,0.867,0.399,9.470,0.980,0.266,0.350,0.254,0.746,0.792,0.580
510,17.000,28.000,0.000,6.160,0.000,1,1,0,0.000,0.861,4,0,0.759,3,0.000,383.259,0.867,0.399,8.894,0.924,0.236,0.655,0.247,0.753,0.830,0.580
513,17.100,0.000,191.384,0.000,-360.674,1,0,1,0.000,2.125,4,0,0.793,3,0.000,381.354,0.867,0.390,5.171,0.798,0.175,0.654,0.215,0.785,0.862,0.500
516,17.200,0.000,15.033,0.000,-176.351,1,0,1,0.000,2.071,4,0,0.793,3,0.000,467.480,0.867,0.390,4.376,0.874,0.228,0.477,0.201,0.799,0.671,0.580
519,17.300,0.000,28.460,0.000,13.427,1,0,1,0.000,1.889,4,0,0.793,3,0.000,503.088,0.867,0.390,8.951,0.922,0.322,0.122,0.211,0.789,0.833,0.580
522,17.400,88.865,0.000,60.865,0.000,1,1,0,0.000,0.925,3,1,0.759,2,48.042,488.069,0.867,0.399,11.146,0.923,0.276,0.139,0.198,0.802,0.809,0.750
525,17.500,0.000,51.196,0.000,22.735,1,0,1,0.000,1.560,3,0,0.759,2,47.011,503.728,0.867,0.399,8.558,0.927,0.119,0.123,0.188,0.812,0.809,0.500
528,17.600,319.953,12.649,231.088,-38.547,2,1,1,311.978,1.344,3,0,0.793,4,44.911,567.679,0.867,0.453,6.875,0.922,0.016,0.000,0.186,0.814,0.891,0.650
531,17.700,295.743,0.000,-17.080,0.000,2,1,0,295.743,1.285,3,0,0.793,4,0.000,512.544,0.900,0.426,5.203,0.903,0.134,0.279,0.196,0.804,0.855,0.500
534,17.800,300.980,0.000,4.769,0.000,2,1,0,300.980,1.906,3,0,0.793,4,41.049,482.689,0.933,0.408,2.562,0.745,0.286,0.100,0.170,0.830,0.804,0.350
537,17.900,15.556,20.809,-285.424,8.160,2,1,1,302.412,1.995,3,0,0.828,3,186.301,1271.560,0.967,0.408,1.661,0.411,0.672,0.037,0.145,0.855,0.674,0.750
540,18.000,4.000,2.236,-11.556,-18.573,2,1,1,298.965,2.255,3,0,0.828,4,195.533,2000.438,1.000,0.408,1.977,0.617,1.459,0.616,0.148,0.852,0.578,0.750
543,18.100,33.015,4.123,29.015,1.887,2,1,1,274.046,2.104,3,0,0.828,4,42.000,1873.904,1.000,0.399,2.780,0.802,2.165,2.456,0.167,0.833,0.747,0.700
546,18.200,9.220,5.831,-23.796,1.708,2,1,1,283.471,2.309,3,0,0.862,4,40.112,1780.704,1.000,0.389,3.468,0.752,1.832,0.114,0.179,0.821,0.635,0.700
549,18.300,7.280,2.236,-1.939,-3.595,2,1,1,277.651,2.270,3,0,0.862,4,0.000,1803.867,1.000,0.389,3.813,0.878,0.987,0.223,0.172,0.828,0.624,0.580
552,18.400,19.849,11.180,12.569,8.944,2,1,1,268.218,1.934,3,0,0.862,4,0.000,1740.777,1.000,0.389,4.791,0.922,0.542,0.124,0.183,0.817,0.716,0.580
555,18.500,3.162,8.544,-16.687,-2.636,2,1,1,270.304,1.593,3,0,0.897,4,0.000,1824.350,1.000,0.389,3.724,0.929,0.202,0.067,0.176,0.824,0.626,0.580
558,18.600,8.062,1.000,4.900,-7.544,2,1,1,279.213,1.575,4,1,0.862,5,49.031,1865.978,1.000,0.379,2.573,0.830,0.105,0.022,0.169,0.831,0.701,0.750
561,18.700,273.748,0.000,-9.739,0.000,2,1,0,273.748,1.895,4,0,0.862,5,0.000,1856.120,1.000,0.379,2.893,0.811,0.195,0.040,0.163,0.837,0.916,0.500
564,18.800,9.434,12.649,-264.314,11.649,2,1,1,277.492,2.092,4,0,0.862,5,0.000,1849.444,1.000,0.369,3.599,0.962,0.221,0.032,0.175,0.825,0.743,0.580
567,18.900,9.899,2.828,0.466,-9.821,2,1,1,275.812,1.820,4,0,0.862,5,0.000,1075.180,1.000,0.358,2.543,0.845,0.493,0.305,0.159,0.841,0.709,0.580
570,19.000,16.125,1.414,6.225,-1.414,2,1,1,276.062,1.841,4,0,0.862,5,0.000,180.534,1.000,0.347,3.089,0.821,0.871,0.104,0.169,0.831,0.759,0.580
573,19.100,20.809,6.403,4.684,4.989,2,1,1,268.224,2.124,4,0,0.862,5,0.000,147.409,1.000,0.347,3.119,0.955,1.191,0.045,0.171,0.829,0.777,0.580
576,19.200,0.000,261.094,0.000,251.660,2,0,1,261.094,0.525,5,1,0.828,6,0.000,124.675,1.000,0.336,2.750,0.892,1.390,0.191,0.171,0.829,0.906,0.750
579,19.300,7.280,263.610,-13.529,2.516,2,1,1,270.141,2.313,5,0,0.828,6,21.401,144.737,1.000,0.336,3.086,0.908,1.518,0.431,0.159,0.841,0.914,0.700
582,19.400,10.770,2.828,3.490,-260.781,2,1,1,262.458,2.155,5,0,0.862,6,52.393,210.394,1.000,0.324,1.353,0.908,1.454,0.213,0.124,0.876,0.680,0.700
585,19.500,258.008,0.000,-2.854,0.000,2,1,0,258.008,1.876,5,0,0.862,5,260.231,1738.779,1.000,0.324,1.233,0.776,1.385,0.150,0.128,0.872,0.877,0.750
588,19.600,257.614,0.000,0.140,0.000,2,1,0,257.614,2.422,5,0,0.862,5,253.811,3019.054,1.000,0.324,1.168,0.706,1.268,2.636,0.108,0.892,0.880,0.750
591,19.700,5.385,5.385,-252.229,2.557,2,1,1,264.486,2.152,5,0,0.897,6,262.932,4246.070,1.000,0.324,1.263,0.933,1.144,1.780,0.141,0.859,0.646,0.750
594,19.800,31.385,2.828,26.000,-2.557,2,1,1,252.733,1.991,6,1,0.862,6,259.114,5276.900,1.000,0.311,1.046,0.829,1.073,0.636,0.114,0.886,0.793,0.750
597,19.900,25.000,3.162,-6.385,0.334,2,1,1,255.392,2.096,6,0,0.862,6,255.345,6145.074,1.000,0.311,1.549,0.931,1.043,0.664,0.155,0.845,0.762,0.750
600,20.000,4.000,2.236,-21.000,-0.926,2,1,1,259.650,2.199,6,0,0.862,6,261.038,6905.728,1.000,0.311,0.993,0.676,1.074,0.098,0.118,0.882,0.650,0.750
603,20.100,5.099,2.236,1.099,0.000,2,1,1,254.717,2.257,5,1,0.828,5,215.077,7218.270,1.000,0.311,1.063,0.860,1.070,0.776,0.111,0.889,0.645,0.750
606,20.200,9.434,1.000,4.335,-1.236,2,1,1,254.026,2.159,5,0,0.828,5,256.798,7719.994,1.000,0.311,2.143,0.916,1.017,0.062,0.145,0.855,0.692,0.750
609,20.300,3.606,1.000,-5.828,0.000,2,1,1,257.769,2.016,5,0,0.862,6,260.277,8189.199,1.000,0.311,1.412,0.750,0.985,0.198,0.124,0.876,0.653,0.750
612,20.400,14.213,5.099,10.607,4.099,2,1,1,249.634,1.818,5,0,0.862,6,217.276,7936.639,1.000,0.311,1.609,0.941,0.991,0.518,0.146,0.854,0.703,0.750
615,20.500,11.402,1.414,-2.811,-3.685,2,1,1,251.962,2.094,5,0,0.862,6,258.095,7912.047,1.000,0.311,1.564,0.934,1.105,1.215,0.143,0.857,0.687,0.750
618,20.600,10.296,3.162,-1.106,1.748,2,1,1,259.494,1.967,5,0,0.862,5,260.219,8002.549,1.000,0.311,1.212,0.899,1.341,1.378,0.145,0.855,0.675,0.750
621,20.700,21.471,5.000,11.175,1.838,2,1,1,247.259,2.013,5,0,0.862,5,2.000,7860.848,1.000,0.311,1.021,0.422,1.757,2.353,0.073,0.927,0.765,0.700
624,20.800,5.099,1.414,-16.372,-3.586,2,1,1,242.167,1.933,5,0,0.862,6,253.338,7769.644,1.000,0.311,0.940,0.410,2.089,2.425,0.081,0.919,0.673,0.750
627,20.900,0.000,238.730,0.000,234.730,2,0,1,238.730,1.650,5,0,0.862,6,131.712,7223.449,1.000,0.311,1.620,0.853,2.356,0.588,0.157,0.843,0.881,0.732
630,21.000,0.000,240.302,0.000,1.572,1,0,1,0.000,1.845,6,1,0.828,4,122.788,7219.625,1.000,0.311,1.115,0.306,2.183,3.055,0.051,0.949,0.796,0.750
633,21.100,5.657,2.828,0.558,-237.473,2,1,1,245.459,2.037,6,0,0.828,5,246.110,7134.979,1.000,0.324,1.497,0.855,1.924,0.740,0.140,0.860,0.629,0.750
636,21.200,9.055,4.123,3.399,1.295,2,1,1,254.890,2.031,6,0,0.828,5,253.148,7075.738,1.000,0.324,1.507,0.916,1.573,2.089,0.148,0.852,0.644,0.750
639,21.300,4.000,2.236,-5.055,-1.887,2,1,1,258.008,2.338,4,1,0.793,5,257.387,7359.444,1.000,0.324,1.240,0.655,1.321,0.731,0.106,0.894,0.657,0.750
642,21.400,0.000,251.591,0.000,248.591,2,0,1,251.591,2.334,4,0,0.793,5,172.586,6893.370,1.000,0.324,1.590,0.840,1.094,1.267,0.146,0.854,0.881,0.750
645,21.500,4.123,249.128,0.123,-2.462,2,1,1,255.783,2.431,4,0,0.828,4,256.704,6892.335,1.000,0.324,0.834,0.703,1.043,0.626,0.081,0.919,0.872,0.750
648,21.600,3.000,3.000,-1.123,-246.128,2,1,0,254.890,2.226,6,1,0.793,6,255.977,7140.444,1.000,0.324,1.755,0.914,0.880,1.776,0.132,0.868,0.647,0.750
651,21.700,0.000,244.616,0.000,243.616,2,0,0,244.616,1.978,6,0,0.793,6,251.213,7085.164,1.000,0.324,1.582,0.872,0.693,2.387,0.148,0.852,0.799,0.750
654,21.800,0.000,250.200,0.000,8.744,2,0,0,250.200,2.125,6,0,0.793,6,181.761,6854.274,1.000,0.324,2.231,0.884,0.699,0.455,0.165,0.835,0.814,0.750
657,21.900,9.055,250.200,6.055,0.000,2,1,0,259.083,2.264,5,1,0.759,5,260.946,6910.720,1.000,0.324,1.095,0.429,0.536,3.053,0.061,0.939,0.897,0.750
660,22.000,7.280,1.414,-1.775,-248.786,2,1,0,254.608,2.362,5,0,0.759,5,233.206,7258.507,1.000,0.324,0.834,0.813,0.514,1.939,0.095,0.905,0.654,0.750
663,22.100,0.000,252.258,0.000,250.022,2,0,1,252.258,2.106,5,0,0.793,5,230.384,7270.984,1.000,0.324,2.286,0.955,0.497,1.384,0.166,0.834,0.890,0.750
666,22.200,16.125,252.492,8.844,0.234,2,1,1,267.226,2.106,5,1,0.759,5,275.138,7472.575,1.000,0.324,1.524,0.716,0.254,0.365,0.135,0.865,0.888,0.750
669,22.300,17.464,2.236,1.340,-250.256,2,1,1,256.281,2.126,5,0,0.759,5,267.320,7558.750,1.000,0.324,0.950,0.913,0.008,1.392,0.101,0.899,0.707,0.750
672,22.400,0.000,256.281,0.000,254.867,2,0,1,256.281,1.610,5,0,0.759,5,267.346,7640.284,1.000,0.324,1.253,0.891,0.455,1.385,0.131,0.869,0.869,0.750
675,22.500,277.411,0.000,10.831,0.000,2,1,0,277.411,2.299,6,1,0.724,6,266.850,8111.174,1.000,0.324,1.837,0.711,0.307,2.560,0.133,0.867,0.896,0.750
678,22.600,269.314,0.000,-7.254,0.000,2,1,0,269.314,2.688,6,0,0.724,6,267.290,8172.920,1.000,0.311,1.391,0.860,0.479,2.486,0.114,0.886,0.875,0.750
681,22.700,1.000,0.000,-268.314,0.000,1,1,0,0.000,2.627,6,0,0.759,2,83.546,7821.880,1.000,0.324,0.763,0.590,0.387,2.196,0.058,0.942,0.463,0.650
684,22.800,3.162,0.000,2.162,0.000,1,1,0,0.000,2.636,4,1,0.724,2,84.386,7881.887,1.000,0.336,1.626,0.823,0.181,0.052,0.103,0.897,0.511,0.750
687,22.900,0.000,5.385,0.000,-250.896,1,0,1,0.000,1.488,4,0,0.724,2,12.083,7951.398,1.000,0.336,0.993,0.729,0.227,0.506,0.085,0.915,0.514,0.580
690,23.000,7.211,0.000,4.049,0.000,1,1,0,0.000,2.603,4,0,0.759,2,7.071,7859.404,1.000,0.347,0.712,0.183,0.090,2.684,0.040,0.960,0.555,0.580
693,23.100,0.000,8.544,0.000,3.159,1,0,1,0.000,1.407,6,1,0.724,2,15.524,8102.978,1.000,0.358,1.184,0.747,0.094,2.335,0.037,0.963,0.505,0.750
696,23.200,25.807,13.038,18.596,4.494,2,1,1,50.010,2.603,6,0,0.724,4,31.257,7262.400,1.000,0.358,1.301,0.877,0.160,0.700,0.129,0.871,0.704,0.650
699,23.300,30.414,0.000,4.607,0.000,1,1,0,0.000,2.873,6,0,0.724,2,86.533,6815.369,1.000,0.369,1.586,0.946,0.126,2.955,0.148,0.852,0.622,0.650
702,23.400,19.209,0.000,-11.204,0.000,1,1,0,0.000,2.853,6,0,0.724,2,19.209,6955.240,1.000,0.369,0.970,0.813,0.378,1.213,0.054,0.946,0.554,0.580
705,23.500,15.033,0.000,-4.176,0.000,1,1,0,0.000,2.777,6,0,0.724,2,15.033,6299.200,1.000,0.379,1.431,0.890,0.299,1.771,0.144,0.856,0.537,0.580
708,23.600,0.000,16.125,0.000,3.086,1,0,1,0.000,1.553,6,0,0.724,2,7.810,5470.238,1.000,0.389,1.168,0.851,0.047,1.377,0.074,0.926,0.539,0.580
711,23.700,16.125,0.000,1.091,0.000,1,1,0,0.000,2.773,6,0,0.724,2,33.615,5338.194,1.000,0.389,1.123,0.659,0.371,2.359,0.100,0.900,0.552,0.580
714,23.800,22.804,0.000,6.679,0.000,1,1,0,0.000,2.830,6,0,0.724,2,33.615,5338.194,1.000,0.399,1.243,0.876,0.521,1.865,0.139,0.861,0.576,0.580
717,23.900,0.000,15.133,0.000,-0.992,1,0,1,0.000,1.553,6,0,0.759,2,3.162,4305.314,1.000,0.399,1.372,0.757,0.478,0.180,0.116,0.884,0.545,0.580
720,24.000,41.000,0.000,34.000,0.000,2,1,0,41.000,2.555,5,1,0.724,4,3.606,3321.637,1.000,0.408,1.894,0.909,0.403,2.368,0.166,0.834,0.825,0.750
723,24.100,45.222,0.000,4.222,0.000,1,1,0,0.000,2.588,5,0,0.724,2,3.606,3321.637,1.000,0.408,0.951,0.402,0.502,0.596,0.075,0.925,0.738,0.650
726,24.200,21.932,0.000,-23.290,0.000,1,1,0,0.000,2.551,5,0,0.759,2,27.166,3359.124,1.000,0.417,1.489,0.883,0.553,2.999,0.147,0.853,0.589,0.580
729,24.300,4.243,0.000,-17.689,0.000,1,1,0,0.000,2.383,5,0,0.759,2,14.036,2467.825,1.000,0.417,1.107,0.677,0.304,0.688,0.094,0.906,0.496,0.580
732,24.400,10.198,0.000,5.955,0.000,1,1,0,0.000,2.386,5,0,0.759,2,4.243,2445.778,1.000,0.426,1.116,0.446,0.432,3.107,0.068,0.932,0.545,0.580
735,24.500,23.022,0.000,15.811,0.000,2,1,0,23.022,2.311,5,0,0.793,2,4.243,2445.778,1.000,0.435,1.149,0.836,0.322,1.455,0.134,0.866,0.640,0.650
738,24.600,13.000,0.000,-10.022,0.000,1,1,0,0.000,2.515,4,1,0.759,2,4.243,2445.778,1.000,0.435,1.325,0.804,0.239,0.008,0.146,0.854,0.559,0.750
741,24.700,3.606,0.000,-9.394,0.000,1,1,0,0.000,2.414,4,0,0.759,2,113.952,1417.944,1.000,0.444,1.166,0.892,0.144,0.980,0.119,0.881,0.497,0.633
744,24.800,0.000,187.963,0.000,172.830,1,0,1,0.000,1.698,4,0,0.793,3,0.000,2404.269,1.000,0.444,12.373,0.305,0.125,2.306,0.368,0.632,0.984,0.618
747,24.900,161.000,0.000,157.394,0.000,1,1,0,0.000,2.156,4,1,0.759,2,39.051,2960.887,1.000,0.453,17.388,0.227,1.678,1.926,0.299,0.701,0.944,0.750
750,25.000,95.718,0.000,-65.282,0.000,1,1,0,0.000,1.944,4,0,0.759,2,34.986,3809.829,1.000,0.462,12.719,0.122,4.260,0.989,0.276,0.724,0.951,0.700
753,25.100,0.000,255.486,0.000,67.523,1,0,1,0.000,1.672,4,0,0.793,2,0.000,5478.410,1.000,0.462,10.802,0.219,6.176,1.261,0.229,0.771,0.945,0.700
756,25.200,0.000,0.000,0.000,0.000,0,0,0,0.000,0.000,5,0,0.793,0,0.000,5478.410,0.967,0.462,10.798,0.182,10.227,0.657,0.204,0.796,0.473,0.700
759,25.300,0.000,0.000,0.000,0.000,0,0,0,0.000,0.000,5,0,0.793,0,0.000,5478.410,0.933,0.462,11.672,0.383,12.662,0.624,0.174,0.826,0.455,0.700
762,25.400,0.000,0.000,0.000,0.000,0,0,0,0.000,0.000,5,0,0.828,0,0.000,5478.410,0.900,0.462,11.701,0.659,15.273,0.752,0.149,0.851,0.432,0.700
765,25.500,0.000,0.000,0.000,0.000,0,0,0,0.000,0.000,4,0,0.828,0,0.000,5478.410,0.867,0.462,6.316,0.336,17.435,1.580,0.137,0.863,0.408,0.700
768,25.600,0.000,0.000,0.000,0.000,0,0,0,0.000,0.000,4,0,0.828,0,0.000,5478.410,0.833,0.462,8.714,0.548,17.947,1.238,0.160,0.840,0.432,0.700
771,25.700,0.000,0.000,0.000,0.000,0,0,0,0.000,0.000,4,0,0.862,0,0.000,5478.410,0.800,0.462,13.595,0.279,19.333,1.287,0.161,0.839,0.446,0.700
774,25.800,0.000,0.000,0.000,0.000,0,0,0,0.000,0.000,3,1,0.828,0,0.000,5478.410,0.767,0.462,12.021,0.069,23.114,1.366,0.223,0.777,0.357,0.750
777,25.900,0.000,0.000,0.000,0.000,0,0,0,0.000,0.000,3,0,0.828,0,0.000,5478.410,0.733,0.462,11.836,0.410,26.917,1.572,0.192,0.808,0.329,0.700
780,26.000,0.000,0.000,0.000,0.000,0,0,0,0.000,0.000,3,0,0.862,0,0.000,5478.410,0.700,0.462,11.277,0.284,29.982,1.907,0.227,0.773,0.334,0.700
783,26.100,0.000,0.000,0.000,0.000,0,0,0,0.000,0.000,3,0,0.862,0,0.000,5478.410,0.667,0.462,13.915,0.473,37.240,1.933,0.247,0.753,0.317,0.700
786,26.200,0.000,0.000,0.000,0.000,0,0,0,0.000,0.000,3,0,0.862,0,0.000,5478.410,0.633,0.462,13.868,0.418,40.835,0.790,0.248,0.752,0.317,0.700
789,26.300,0.000,0.000,0.000,0.000,0,0,0,0.000,0.000,3,0,0.862,0,0.000,5478.410,0.600,0.462,15.777,0.418,44.098,0.364,0.275,0.725,0.313,0.700
792,26.400,0.000,0.000,0.000,0.000,0,0,0,0.000,0.000,3,0,0.862,0,0.000,5478.410,0.567,0.462,15.890,0.575,3.653,0.392,0.268,0.732,0.298,0.700
795,26.500,0.000,0.000,0.000,0.000,0,0,0,0.000,0.000,3,0,0.862,0,0.000,5478.410,0.533,0.462,15.165,0.381,1.901,3.003,0.278,0.722,0.307,0.700
798,26.600,0.000,0.000,0.000,0.000,0,0,0,0.000,0.000,3,0,0.862,0,0.000,5478.410,0.500,0.462,13.228,0.396,1.592,0.166,0.281,0.719,0.302,0.700
801,26.700,0.000,0.000,0.000,0.000,0,0,0,0.000,0.000,3,0,0.862,0,0.000,5478.410,0.467,0.462,9.898,0.174,1.441,0.605,0.275,0.725,0.314,0.700
804,26.800,0.000,0.000,0.000,0.000,0,0,0,0.000,0.000,3,0,0.862,0,0.000,5478.410,0.433,0.462,5.702,0.418,1.281,0.258,0.239,0.761,0.235,0.580
807,26.900,0.000,0.000,0.000,0.000,0,0,0,0.000,0.000,3,0,0.897,0,0.000,5478.410,0.400,0.462,4.990,0.751,1.064,0.489,0.238,0.762,0.190,0.580
810,27.000,0.000,0.000,0.000,0.000,0,0,0,0.000,0.000,3,0,0.897,0,0.000,5478.410,0.367,0.462,4.068,0.864,0.859,0.633,0.239,0.761,0.155,0.580
813,27.100,0.000,0.000,0.000,0.000,0,0,0,0.000,0.000,3,0,0.897,0,0.000,5478.410,0.333,0.462,4.302,0.905,0.801,0.213,0.238,0.762,0.154,0.580
816,27.200,0.000,0.000,0.000,0.000,0,0,0,0.000,0.000,3,0,0.897,0,0.000,5478.410,0.300,0.462,3.385,0.888,0.682,0.100,0.222,0.778,0.128,0.580
819,27.300,0.000,0.000,0.000,0.000,0,0,0,0.000,0.000,3,0,0.897,0,0.000,5478.410,0.267,0.462,3.099,0.925,0.411,0.085,0.218,0.782,0.115,0.580
822,27.400,0.000,0.000,0.000,0.000,0,0,0,0.000,0.000,3,0,0.897,0,0.000,5478.410,0.233,0.462,2.368,0.938,0.175,0.196,0.205,0.795,0.092,0.580
825,27.500,0.000,0.000,0.000,0.000,0,0,0,0.000,0.000,3,0,0.931,0,0.000,5478.410,0.200,0.462,2.484,0.953,0.093,0.070,0.201,0.799,0.089,0.580
828,27.600,0.000,0.000,0.000,0.000,0,0,0,0.000,0.000,2,1,0.897,0,0.000,5478.410,0.167,0.462,1.536,0.931,0.406,0.010,0.166,0.834,0.063,0.750
831,27.700,0.000,0.000,0.000,0.000,0,0,0,0.000,0.000,2,0,0.897,0,0.000,5478.410,0.133,0.462,1.620,0.897,0.953,0.143,0.156,0.844,0.064,0.580
834,27.800,0.000,0.000,0.000,0.000,0,0,0,0.000,0.000,3,1,0.897,0,0.000,5478.410,0.100,0.462,1.580,0.816,2.101,0.180,0.163,0.837,0.064,0.750
837,27.900,0.000,0.000,0.000,0.000,0,0,0,0.000,0.000,4,1,0.862,0,0.000,5478.410,0.067,0.462,1.674,0.841,2.405,0.451,0.168,0.832,0.161,0.750
840,28.000,0.000,0.000,0.000,0.000,0,0,0,0.000,0.000,4,0,0.862,0,0.000,5478.410,0.033,0.462,1.405,0.694,2.941,0.203,0.160,0.840,0.161,0.700
843,28.100,0.000,0.000,0.000,0.000,0,0,0,0.000,0.000,4,0,0.862,0,0.000,5478.410,0.000,0.462,1.548,0.437,3.230,0.104,0.148,0.852,0.178,0.700
846,28.200,0.000,0.000,0.000,0.000,0,0,0,0.000,0.000,3,1,0.828,0,0.000,5478.410,0.000,0.462,1.572,0.497,3.631,2.690,0.114,0.886,0.074,0.750
849,28.300,0.000,0.000,0.000,0.000,0,0,0,0.000,0.000,3,0,0.828,0,0.000,5478.410,0.000,0.462,2.483,0.794,3.757,0.947,0.173,0.827,0.077,0.700
852,28.400,0.000,0.000,0.000,0.000,0,0,0,0.000,0.000,3,0,0.828,0,0.000,5478.410,0.000,0.462,2.037,0.565,3.090,2.444,0.123,0.877,0.081,0.700
855,28.500,0.000,0.000,0.000,0.000,0,0,0,0.000,0.000,3,0,0.828,0,0.000,5478.410,0.000,0.462,1.378,0.736,2.612,1.389,0.119,0.881,0.053,0.700
858,28.600,0.000,0.000,0.000,0.000,0,0,0,0.000,0.000,3,0,0.828,0,0.000,5478.410,0.000,0.462,3.550,0.630,2.441,2.758,0.149,0.851,0.115,0.700
861,28.700,0.000,0.000,0.000,0.000,0,0,0,0.000,0.000,3,0,0.862,0,0.000,5478.410,0.000,0.462,2.909,0.675,2.174,3.108,0.149,0.851,0.095,0.700
864,28.800,0.000,0.000,0.000,0.000,0,0,0,0.000,0.000,3,0,0.862,0,0.000,5478.410,0.000,0.462,2.555,0.760,1.857,0.977,0.121,0.879,0.081,0.700
867,28.900,0.000,0.000,0.000,0.000,0,0,0,0.000,0.000,3,0,0.862,0,0.000,5478.410,0.000,0.462,4.978,0.266,1.615,2.518,0.143,0.857,0.176,0.700
870,29.000,0.000,0.000,0.000,0.000,0,0,0,0.000,0.000,3,0,0.862,0,0.000,5478.410,0.000,0.462,8.259,0.674,1.361,0.708,0.196,0.804,0.223,0.580
873,29.100,0.000,0.000,0.000,0.000,0,0,0,0.000,0.000,3,0,0.862,0,0.000,5478.410,0.000,0.462,3.821,0.216,1.121,0.967,0.138,0.862,0.150,0.580
876,29.200,0.000,0.000,0.000,0.000,0,0,0,0.000,0.000,3,0,0.862,0,0.000,5478.410,0.000,0.462,3.096,0.580,0.925,0.656,0.107,0.893,0.107,0.580
879,29.300,0.000,0.000,0.000,0.000,0,0,0,0.000,0.000,3,0,0.862,0,0.000,5478.410,0.000,0.462,1.987,0.563,0.764,1.523,0.100,0.900,0.080,0.580
882,29.400,0.000,0.000,0.000,0.000,0,0,0,0.000,0.000,3,0,0.862,0,0.000,5478.410,0.000,0.462,5.341,0.634,0.630,1.964,0.135,0.865,0.159,0.580
885,29.500,0.000,0.000,0.000,0.000,0,0,0,0.000,0.000,3,0,0.862,0,0.000,5478.410,0.000,0.462,5.714,0.240,0.449,0.006,0.170,0.830,0.196,0.580
888,29.600,0.000,0.000,0.000,0.000,0,0,0,0.000,0.000,3,0,0.862,0,0.000,5478.410,0.000,0.462,6.946,0.118,0.207,0.286,0.189,0.811,0.235,0.580
891,29.700,0.000,348.421,0.000,92.935,1,0,1,0.000,1.781,3,0,0.862,2,137.441,6142.280,0.033,0.169,4.458,0.343,0.210,1.908,0.147,0.853,0.661,0.750
894,29.800,340.755,0.000,245.037,0.000,1,1,0,0.000,1.861,3,0,0.862,2,71.197,5973.869,0.067,0.171,6.004,0.556,0.879,1.931,0.207,0.793,0.689,0.550
897,29.900,0.000,0.000,0.000,0.000,0,0,0,0.000,0.000,3,0,0.862,0,71.197,5973.869,0.067,0.171,7.809,0.431,1.467,2.479,0.218,0.782,0.243,0.700
900,30.000,0.000,0.000,0.000,0.000,0,0,0,0.000,0.000,3,0,0.862,0,71.197,5973.869,0.067,0.171,6.218,0.388,2.417,0.156,0.158,0.842,0.206,0.700
903,30.100,0.000,0.000,0.000,0.000,0,0,0,0.000,0.000,3,0,0.862,0,71.197,5973.869,0.067,0.171,7.405,0.591,3.298,0.439,0.176,0.824,0.222,0.700
906,30.200,0.000,0.000,0.000,0.000,0,0,0,0.000,0.000,3,0,0.862,0,71.197,5973.869,0.067,0.171,8.583,0.888,4.258,1.303,0.248,0.752,0.216,0.700
909,30.300,0.000,0.000,0.000,0.000,0,0,0,0.000,0.000,3,0,0.862,0,71.197,5973.869,0.067,0.171,4.685,0.902,5.177,0.210,0.201,0.799,0.132,0.700
912,30.400,0.000,0.000,0.000,0.000,0,0,0,0.000,0.000,3,0,0.862,0,71.197,5973.869,0.067,0.171,4.445,0.665,5.815,2.583,0.202,0.798,0.143,0.700
915,30.500,0.000,0.000,0.000,0.000,0,0,0,0.000,0.000,3,0,0.897,0,71.197,5973.869,0.067,0.171,3.919,0.671,3.562,0.284,0.178,0.822,0.129,0.700
918,30.600,0.000,0.000,0.000,0.000,0,0,0,0.000,0.000,4,1,0.862,0,71.197,5973.869,0.067,0.171,2.879,0.763,1.540,0.480,0.172,0.828,0.197,0.750
921,30.700,0.000,0.000,0.000,0.000,0,0,0,0.000,0.000,4,0,0.897,0,71.197,5973.869,0.067,0.171,2.460,0.825,1.420,0.748,0.201,0.799,0.182,0.700
924,30.800,0.000,0.000,0.000,0.000,0,0,0,0.000,0.000,4,0,0.931,0,71.197,5973.869,0.067,0.171,1.361,0.747,1.360,0.052,0.185,0.815,0.160,0.580
927,30.900,0.000,0.000,0.000,0.000,0,0,0,0.000,0.000,4,0,0.931,0,71.197,5973.869,0.067,0.171,1.072,0.414,1.334,0.565,0.129,0.871,0.176,0.580
930,31.000,0.000,0.000,0.000,0.000,0,0,0,0.000,0.000,3,1,0.897,0,71.197,5973.869,0.067,0.171,1.117,0.602,0.992,0.672,0.147,0.853,0.164,0.750
933,31.100,0.000,0.000,0.000,0.000,0,0,0,0.000,0.000,3,0,0.931,0,71.197,5973.869,0.067,0.171,0.991,0.696,0.649,0.317,0.136,0.864,0.154,0.580
936,31.200,0.000,0.000,0.000,0.000,0,0,0,0.000,0.000,4,0,0.931,0,71.197,5973.869,0.067,0.171,1.036,0.639,0.228,0.232,0.133,0.867,0.159,0.580
939,31.300,0.000,0.000,0.000,0.000,0,0,0,0.000,0.000,4,0,0.931,0,71.197,5973.869,0.067,0.171,1.399,0.935,0.017,0.731,0.177,0.823,0.148,0.580
942,31.400,0.000,0.000,0.000,0.000,0,0,0,0.000,0.000,5,1,0.897,0,71.197,5973.869,0.067,0.171,2.701,0.943,0.266,1.904,0.215,0.785,0.180,0.750
945,31.500,148.354,0.000,-192.401,0.000,1,1,0,0.000,1.821,3,1,0.862,2,100.568,5347.284,0.100,0.193,5.531,0.882,0.611,0.616,0.246,0.754,0.659,0.750
948,31.600,8.246,0.000,-140.108,0.000,1,1,0,0.000,1.884,3,0,0.862,2,10.296,4887.569,0.133,0.193,4.448,0.913,0.860,0.152,0.221,0.779,0.429,0.580
951,31.700,5.385,0.000,-2.861,0.000,1,1,0,0.000,1.672,3,0,0.862,1,2.236,4377.925,0.167,0.193,1.170,0.672,1.070,0.252,0.125,0.875,0.292,0.580
954,31.800,13.000,0.000,7.615,0.000,1,1,0,0.000,1.549,3,0,0.862,2,22.204,4241.240,0.200,0.193,3.205,0.575,1.466,2.883,0.159,0.841,0.456,0.700
957,31.900,8.062,0.000,-4.938,0.000,1,1,0,0.000,1.607,3,0,0.862,2,22.204,4241.240,0.233,0.193,3.863,0.778,1.712,0.498,0.228,0.772,0.435,0.700
960,32.000,4.472,0.000,-3.590,0.000,1,1,0,0.000,1.754,3,0,0.862,2,22.204,4241.240,0.267,0.193,2.501,0.836,1.697,2.923,0.184,0.816,0.381,0.700
963,32.100,4.472,0.000,0.000,0.000,1,1,0,0.000,1.628,4,1,0.828,2,6.325,4058.544,0.300,0.195,1.596,0.513,1.676,0.658,0.126,0.874,0.455,0.750
966,32.200,6.325,0.000,1.852,0.000,1,1,0,0.000,1.609,4,0,0.828,2,10.817,3948.434,0.333,0.195,2.000,0.587,1.626,0.235,0.141,0.859,0.474,0.700
969,32.300,4.243,0.000,-2.082,0.000,1,1,0,0.000,1.468,4,0,0.828,2,93.048,3934.224,0.367,0.195,2.632,0.807,1.571,0.822,0.218,0.782,0.467,0.700
972,32.400,7.000,0.000,2.757,0.000,1,1,0,0.000,1.405,5,1,0.793,2,9.220,2787.697,0.400,0.195,1.424,0.428,1.447,3.036,0.148,0.852,0.465,0.750
975,32.500,8.000,0.000,1.000,0.000,1,1,0,0.000,1.226,5,0,0.793,2,14.000,2686.784,0.433,0.195,2.093,0.358,1.145,0.319,0.142,0.858,0.496,0.580
978,32.600,12.042,0.000,4.042,0.000,1,1,0,0.000,1.364,5,0,0.793,2,16.155,2536.219,0.467,0.195,2.579,0.217,0.906,0.439,0.102,0.898,0.544,0.580
981,32.700,2.000,0.000,-10.042,0.000,1,1,0,0.000,1.566,4,1,0.759,1,7.810,2386.174,0.467,0.197,2.178,0.066,0.677,1.650,0.122,0.878,0.462,0.750
984,32.800,0.000,173.488,0.000,-174.933,1,0,1,0.000,1.790,4,0,0.759,2,4.123,2069.679,0.467,0.197,2.383,0.818,0.528,1.050,0.158,0.842,0.698,0.500
987,32.900,0.000,12.042,0.000,-161.446,1,0,1,0.000,1.849,4,0,0.759,2,1.414,1997.478,0.500,0.197,2.507,0.772,0.383,0.459,0.192,0.808,0.526,0.580
990,33.000,12.207,0.000,10.207,0.000,1,1,0,0.000,1.568,4,1,0.724,2,5.657,1809.379,0.533,0.197,2.355,0.895,0.283,0.164,0.217,0.783,0.518,0.750
993,33.100,9.487,0.000,-2.720,0.000,1,1,0,0.000,1.729,4,0,0.724,2,3.162,1429.945,0.567,0.198,3.507,0.970,0.360,0.189,0.223,0.777,0.531,0.580
996,33.200,14.318,0.000,4.831,0.000,1,1,0,0.000,1.697,4,0,0.724,2,9.220,1008.950,0.600,0.198,2.249,0.947,0.338,0.165,0.200,0.800,0.532,0.580
999,33.300,16.643,0.000,2.325,0.000,1,1,0,0.000,1.604,5,1,0.690,2,21.633,706.288,0.633,0.198,2.332,0.494,0.092,1.765,0.126,0.874,0.564,0.750
1002,33.400,21.378,0.000,4.734,0.000,1,1,0,0.000,1.411,5,0,0.690,2,12.649,718.149,0.667,0.198,2.420,0.418,0.070,0.604,0.122,0.878,0.602,0.580
1005,33.500,0.000,48.010,0.000,35.969,1,0,1,0.000,1.902,5,0,0.724,2,108.467,563.507,0.700,0.198,2.618,0.758,0.113,0.319,0.157,0.843,0.718,0.603
1008,33.600,0.000,27.857,0.000,-20.154,1,0,1,0.000,1.855,4,1,0.690,2,7.616,635.537,0.733,0.198,2.319,0.658,0.042,0.084,0.162,0.838,0.645,0.750
1011,33.700,0.000,19.723,0.000,-8.134,1,0,1,0.000,1.639,4,0,0.690,2,7.616,635.537,0.767,0.198,2.473,0.786,0.055,2.117,0.175,0.825,0.598,0.580
1014,33.800,44.000,0.000,22.622,0.000,1,1,0,0.000,1.630,4,0,0.690,2,7.616,635.537,0.800,0.198,4.330,0.807,0.101,0.020,0.192,0.808,0.782,0.500
1017,33.900,0.000,0.000,0.000,0.000,0,0,0,0.000,0.000,4,0,0.724,0,7.616,635.537,0.800,0.198,3.757,0.604,0.123,0.049,0.202,0.798,0.318,0.650
1020,34.000,0.000,0.000,0.000,0.000,0,0,0,0.000,0.000,4,0,0.724,0,7.616,635.537,0.800,0.198,5.373,0.871,0.224,0.996,0.189,0.811,0.339,0.580
1023,34.100,0.000,0.000,0.000,0.000,0,0,0,0.000,0.000,4,0,0.724,0,7.616,635.537,0.800,0.198,5.847,0.927,0.349,0.225,0.248,0.752,0.347,0.580
1026,34.200,0.000,0.000,0.000,0.000,0,0,0,0.000,0.000,4,0,0.724,0,7.616,635.537,0.800,0.198,5.976,0.790,0.457,0.019,0.253,0.747,0.360,0.580
1029,34.300,0.000,299.468,0.000,279.745,1,0,1,0.000,1.529,4,0,0.759,3,218.490,1492.829,0.833,0.205,5.674,0.858,0.632,0.065,0.246,0.754,0.867,0.750
1032,34.400,0.000,20.248,0.000,-279.219,1,0,1,0.000,1.431,4,0,0.793,3,115.278,2581.140,0.867,0.203,3.172,0.950,0.792,0.175,0.217,0.783,0.664,0.640
1035,34.500,0.000,11.662,0.000,-8.587,1,0,1,0.000,1.498,4,0,0.793,3,228.484,2929.425,0.867,0.203,2.117,0.877,0.842,0.368,0.173,0.827,0.595,0.750
1038,34.600,0.000,3.000,0.000,-8.662,1,0,1,0.000,1.286,4,0,0.793,3,228.484,2929.425,0.867,0.265,4.753,0.939,1.376,0.381,0.250,0.750,0.609,0.750
1041,34.700,333.098,0.000,289.098,0.000,1,1,0,0.000,1.276,4,0,0.793,3,252.105,3598.337,0.867,0.414,5.164,0.688,1.826,1.185,0.234,0.766,0.870,0.750
1044,34.800,0.000,23.601,0.000,20.601,1,0,1,0.000,1.252,4,0,0.793,3,0.000,4450.700,0.867,0.407,5.425,0.552,2.245,0.552,0.223,0.777,0.767,0.700
1047,34.900,25.612,0.000,-307.485,0.000,1,1,0,0.000,0.950,4,0,0.793,3,8.062,4822.278,0.867,0.399,3.383,0.707,2.801,0.736,0.211,0.789,0.716,0.700
1050,35.000,20.025,0.000,-5.588,0.000,1,1,0,0.000,0.768,4,0,0.828,3,11.402,5080.507,0.867,0.399,3.414,0.518,4.011,1.564,0.153,0.847,0.699,0.700
1053,35.100,0.000,62.514,0.000,38.913,1,0,1,0.000,1.259,6,1,0.793,2,101.005,5162.414,0.867,0.399,3.568,0.538,4.074,0.179,0.167,0.833,0.766,0.750
1056,35.200,0.000,15.232,0.000,-47.282,1,0,1,0.000,1.005,6,0,0.793,2,15.000,5236.438,0.867,0.399,2.470,0.769,4.571,0.349,0.178,0.822,0.557,0.700
1059,35.300,0.000,43.081,0.000,27.850,1,0,1,0.000,1.023,6,0,0.828,2,21.095,5120.494,0.867,0.399,3.544,0.779,4.623,2.283,0.179,0.821,0.737,0.700
1062,35.400,0.000,38.833,0.000,-4.248,1,0,1,0.000,0.874,6,1,0.793,5,29.069,4847.048,0.867,0.382,4.314,0.651,2.734,0.374,0.180,0.820,0.832,0.750
1065,35.500,0.000,45.122,0.000,6.289,1,0,1,0.000,0.764,6,0,0.793,5,45.000,4314.194,0.867,0.365,3.476,0.660,2.551,1.052,0.169,0.831,0.845,0.700
1068,35.600,0.000,28.425,0.000,-16.697,1,0,1,0.000,0.621,6,0,0.828,5,43.012,3457.258,0.867,0.357,1.948,0.485,1.399,1.289,0.126,0.874,0.727,0.000
1071,35.700,0.000,245.018,0.000,224.622,2,0,1,245.018,0.598,3,1,0.793,4,173.488,2415.459,0.867,0.348,1.962,0.786,0.677,1.075,0.151,0.849,0.778,0.750
1074,35.800,299.286,239.927,279.261,-5.091,2,1,1,278.016,0.983,3,0,0.793,4,121.742,1571.994,0.867,0.339,1.682,0.674,0.198,0.502,0.149,0.851,0.779,0.676
1077,35.900,10.770,6.708,-288.515,-233.219,2,1,1,284.176,1.109,3,0,0.828,4,115.732,1575.119,0.867,0.330,0.858,0.360,0.157,2.094,0.092,0.908,0.590,0.643
1080,36.000,11.662,0.000,0.892,-6.708,2,1,1,295.655,1.047,3,0,0.828,4,119.369,2003.844,0.867,0.389,0.619,0.512,0.303,1.518,0.086,0.914,0.578,0.663
1083,36.100,6.403,1.414,-5.259,1.414,2,1,1,302.333,1.193,3,0,0.828,4,52.402,2075.794,0.867,0.389,0.783,0.599,0.359,0.573,0.075,0.925,0.547,0.580
1086,36.200,301.438,301.480,295.035,300.065,2,1,1,299.817,1.515,3,0,0.862,4,43.681,1669.494,0.867,0.379,1.358,0.841,0.594,1.759,0.151,0.849,0.759,0.550
1089,36.300,27.514,29.967,-273.925,-271.513,2,1,1,313.045,1.445,3,0,0.862,4,94.493,1485.590,0.867,0.379,2.531,0.758,0.913,2.920,0.152,0.848,0.711,0.550
1092,36.400,7.211,23.854,-20.303,-6.113,2,1,1,292.195,1.683,3,0,0.862,4,62.434,1928.244,0.867,0.379,1.140,0.670,1.207,1.923,0.123,0.877,0.648,0.580
1095,36.500,280.863,0.000,266.721,0.000,2,1,0,280.863,1.344,3,0,0.897,4,20.809,1231.655,0.867,0.369,1.429,0.785,1.416,0.026,0.141,0.859,0.765,0.700
1098,36.600,297.619,0.000,23.529,0.000,2,1,0,297.619,2.031,3,0,0.897,3,208.147,2068.724,0.867,0.369,1.066,0.851,1.608,2.558,0.118,0.882,0.751,0.750
1101,36.700,290.704,0.000,-23.627,0.000,2,1,0,290.704,2.448,3,0,0.897,4,86.052,2489.418,0.867,0.358,1.361,0.772,1.928,1.072,0.141,0.859,0.764,0.700
1104,36.800,274.323,0.000,-13.998,0.000,2,1,0,274.323,2.923,3,0,0.897,2,29.967,2508.828,0.867,0.358,1.235,0.854,1.987,0.132,0.166,0.834,0.695,0.700
1107,36.900,285.848,0.000,11.673,0.000,2,1,0,285.848,3.124,3,0,0.897,4,94.048,2832.888,0.900,0.369,0.625,0.313,2.047,0.717,0.090,0.910,0.782,0.700
1110,37.000,297.355,10.770,11.507,-13.083,2,1,1,317.544,3.122,3,0,0.897,4,191.065,3655.675,0.933,0.369,0.815,0.325,2.289,1.427,0.089,0.911,0.790,0.750
1113,37.100,3.606,20.125,-293.749,9.354,2,1,1,334.607,3.036,3,0,0.897,3,185.068,4089.588,0.967,0.369,0.851,0.579,2.372,1.466,0.093,0.907,0.639,0.750
1116,37.200,312.252,0.000,303.196,0.000,2,1,0,312.252,2.444,3,0,0.897,4,31.890,3685.859,1.000,0.369,0.676,0.116,2.169,0.680,0.081,0.919,0.809,0.700
1119,37.300,301.524,32.985,-10.727,12.860,2,1,1,288.201,2.445,3,0,0.897,3,34.015,3671.028,1.000,0.379,0.898,0.830,2.101,2.129,0.115,0.885,0.764,0.700
1122,37.400,298.081,0.000,291.998,0.000,2,1,0,298.081,2.055,2,1,0.862,2,65.970,3757.208,1.000,0.379,0.662,0.819,1.992,1.651,0.099,0.901,0.759,0.750
1125,37.500,298.761,0.000,0.820,0.000,2,1,0,298.761,2.055,3,1,0.828,3,162.364,4297.965,1.000,0.379,0.885,0.580,1.639,1.684,0.115,0.885,0.782,0.750
1128,37.600,293.736,0.000,-16.956,0.000,2,1,0,293.736,2.398,3,0,0.828,4,187.171,4906.654,1.000,0.379,1.543,0.777,1.408,2.836,0.149,0.851,0.784,0.750
1131,37.700,7.616,0.000,-286.121,0.000,1,1,0,0.000,2.461,3,0,0.828,2,47.802,4126.864,1.000,0.389,1.906,0.925,1.157,0.027,0.179,0.821,0.465,0.650
1134,37.800,17.088,285.617,9.472,252.632,2,1,1,303.645,2.259,4,1,0.793,4,110.454,3796.437,1.000,0.389,3.114,0.898,1.028,0.112,0.195,0.805,0.915,0.750
1137,37.900,9.849,12.369,-7.239,-273.248,2,1,1,297.523,2.267,4,0,0.793,4,159.154,3673.664,1.000,0.389,2.046,0.683,1.031,2.343,0.159,0.841,0.722,0.750
1140,38.000,0.000,300.328,0.000,0.240,2,0,1,300.328,1.952,4,0,0.828,4,82.759,2621.124,1.000,0.389,1.946,0.930,0.842,2.298,0.174,0.826,0.884,0.550
1143,38.100,274.323,0.000,264.474,0.000,2,0,0,274.323,1.950,4,1,0.793,3,85.041,2633.304,1.000,0.389,0.761,0.704,0.715,0.607,0.098,0.902,0.745,0.750
1146,38.200,11.402,0.000,-262.921,0.000,1,0,0,0.000,1.636,4,0,0.793,1,85.041,2633.304,1.000,0.399,0.752,0.613,0.608,0.313,0.096,0.904,0.424,0.650
1149,38.300,0.000,12.000,0.000,-288.328,1,0,1,0.000,1.733,4,0,0.828,2,94.763,2686.548,1.000,0.399,1.162,0.482,0.577,0.856,0.117,0.883,0.572,0.580
1152,38.400,0.000,10.000,0.000,-2.000,1,0,1,0.000,1.533,3,1,0.793,2,94.763,2686.548,1.000,0.408,0.875,0.502,0.478,2.455,0.104,0.896,0.482,0.750
1155,38.500,0.000,7.810,0.000,-2.190,1,0,1,0.000,1.516,3,0,0.793,2,74.250,3044.484,1.000,0.408,1.453,0.865,0.285,2.435,0.145,0.855,0.459,0.580
1158,38.600,0.000,2.236,0.000,-5.574,1,0,1,0.000,1.576,3,0,0.828,2,79.756,3075.378,1.000,0.417,1.133,0.305,0.015,1.705,0.116,0.884,0.459,0.580
1161,38.700,0.000,7.211,0.000,4.975,1,0,1,0.000,1.677,3,0,0.828,2,9.220,3134.319,1.000,0.417,1.358,0.800,0.195,0.670,0.126,0.874,0.458,0.580
1164,38.800,0.000,14.318,0.000,7.107,1,0,1,0.000,1.596,3,0,0.828,2,74.967,3188.668,1.000,0.426,1.552,0.879,0.474,2.165,0.136,0.864,0.497,0.580
1167,38.900,0.000,22.627,0.000,8.310,1,0,1,0.000,1.453,3,0,0.828,2,32.249,2692.365,1.000,0.426,3.056,0.906,0.698,0.004,0.163,0.837,0.579,0.580
1170,39.000,277.694,0.000,205.854,0.000,2,0,0,277.694,1.176,3,0,0.828,4,0.000,2346.538,1.000,0.426,4.042,0.925,1.047,0.198,0.217,0.783,0.756,0.650
1173,39.100,47.265,13.342,-230.429,-9.286,2,0,1,328.938,1.190,3,0,0.828,4,0.000,2313.319,1.000,0.426,2.529,0.925,1.490,0.450,0.193,0.807,0.798,0.700
1176,39.200,13.342,6.325,-33.924,-7.017,2,1,1,335.336,1.273,3,0,0.828,4,0.000,1953.164,1.000,0.417,3.177,0.947,1.505,0.153,0.217,0.783,0.637,0.700
1179,39.300,12.806,17.804,-0.535,11.480,2,1,1,332.399,1.200,3,0,0.828,4,28.231,1558.384,1.000,0.417,3.281,0.931,1.494,0.453,0.197,0.803,0.666,0.700
1182,39.400,6.325,12.728,-6.482,-5.077,2,1,1,326.663,1.025,3,0,0.828,4,24.166,772.434,1.000,0.417,2.457,0.962,1.177,0.163,0.193,0.807,0.615,0.580
1185,39.500,3.606,29.732,-2.719,17.004,2,1,1,300.832,0.717,3,0,0.828,4,60.959,1543.355,1.000,0.408,1.349,0.640,1.067,0.754,0.095,0.905,0.704,0.580
1188,39.600,9.434,24.166,5.828,-5.566,2,1,1,289.795,0.829,3,0,0.828,4,21.954,1480.250,1.000,0.408,2.725,0.744,0.923,0.420,0.132,0.868,0.700,0.580
1191,39.700,7.280,10.630,-2.154,-13.536,2,1,1,278.210,1.115,3,0,0.828,4,50.990,1600.987,1.000,0.408,2.317,0.814,1.129,0.922,0.151,0.849,0.610,0.580
1194,39.800,6.325,7.000,-0.956,-3.630,2,1,1,282.294,0.987,3,0,0.828,4,0.000,1487.270,1.000,0.408,0.927,0.365,1.317,0.303,0.087,0.913,0.587,0.580
1197,39.900,0.000,10.770,0.000,3.770,1,0,1,0.000,0.442,3,0,0.828,2,178.197,2088.309,1.000,0.408,0.905,0.687,1.301,0.150,0.111,0.889,0.474,0.750
1200,40.000,0.000,3.606,0.000,-7.165,1,0,1,0.000,0.586,3,0,0.828,2,25.318,2048.938,1.000,0.417,0.473,0.572,1.303,2.237,0.071,0.929,0.432,0.580
1203,40.100,0.000,248.805,0.000,242.402,2,0,1,248.805,0.795,3,0,0.828,4,87.784,2703.438,1.000,0.417,0.769,0.745,1.160,1.168,0.099,0.901,0.767,0.650
1206,40.200,31.145,254.702,24.820,5.897,2,1,1,274.250,1.130,3,0,0.828,4,25.060,2643.764,1.000,0.399,0.871,0.528,1.111,1.873,0.110,0.890,0.785,0.550
1209,40.300,0.000,30.000,0.000,-224.702,1,0,1,0.000,1.158,3,0,0.862,2,51.614,2631.554,1.000,0.399,1.802,0.590,1.029,2.352,0.106,0.894,0.610,0.650
1212,40.400,0.000,385.426,0.000,360.366,2,0,1,385.426,1.388,3,0,0.897,4,0.000,2473.869,1.000,0.389,2.069,0.590,1.005,0.789,0.142,0.858,0.810,0.650
1215,40.500,0.000,361.581,0.000,-23.844,1,0,1,0.000,1.731,3,0,0.897,2,0.000,2475.010,1.000,0.389,2.637,0.805,0.570,3.115,0.179,0.821,0.700,0.650
1218,40.600,0.000,15.811,0.000,-345.770,1,0,1,0.000,1.673,3,0,0.897,2,37.121,2478.364,1.000,0.389,2.613,0.880,0.115,1.683,0.145,0.855,0.532,0.580
1221,40.700,2.000,27.785,-29.145,11.973,2,1,1,283.981,1.645,3,0,0.931,4,127.581,2292.447,1.000,0.389,2.437,0.258,0.049,0.434,0.099,0.901,0.747,0.709
1224,40.800,36.249,18.358,34.249,-9.427,2,1,1,321.702,1.418,3,0,0.931,4,31.113,1384.834,1.000,0.389,3.153,0.847,0.089,0.102,0.175,0.825,0.771,0.450
1227,40.900,4.000,45.100,-32.249,26.742,2,1,1,310.847,1.407,3,0,0.931,4,28.320,1796.404,1.000,0.389,2.975,0.902,0.107,0.553,0.173,0.827,0.811,0.450
1230,41.000,3.606,21.471,-0.394,-23.629,2,1,1,298.931,1.563,3,0,0.966,4,0.000,2191.124,1.000,0.389,2.956,0.912,0.099,0.702,0.157,0.843,0.679,0.580
1233,41.100,6.000,8.944,2.394,-12.527,2,1,1,306.105,1.633,3,0,0.966,4,43.566,3019.918,1.000,0.389,1.796,0.663,0.045,1.119,0.163,0.837,0.598,0.580
1236,41.200,10.050,13.342,4.050,4.397,2,1,1,302.690,1.554,3,0,0.966,4,28.425,2972.954,1.000,0.389,2.664,0.840,0.147,1.590,0.209,0.791,0.632,0.580
1239,41.300,6.708,0.000,-3.342,0.000,1,1,0,0.000,1.408,3,0,1.000,2,3.162,2788.825,1.000,0.389,1.950,0.736,0.244,2.690,0.114,0.886,0.475,0.650
1242,41.400,5.099,35.468,-1.609,22.127,2,1,1,329.196,1.574,3,0,1.000,4,0.000,2201.387,1.000,0.389,1.003,0.493,0.151,1.386,0.085,0.915,0.738,0.650
1245,41.500,11.402,27.459,6.303,-8.009,2,1,1,329.293,1.497,3,0,1.000,4,20.518,1712.079,1.000,0.389,1.850,0.659,0.147,0.521,0.162,0.838,0.703,0.350
1248,41.600,7.211,0.000,-4.191,0.000,1,1,0,0.000,1.542,3,0,1.000,2,20.616,1744.935,1.000,0.399,2.448,0.492,0.017,0.489,0.116,0.884,0.507,0.650
1251,41.700,3.000,0.000,-4.211,0.000,1,1,0,0.000,1.472,5,1,0.966,2,5.099,1412.857,1.000,0.399,3.100,0.684,0.146,0.801,0.165,0.835,0.538,0.750
1254,41.800,5.385,0.000,2.385,0.000,1,1,0,0.000,1.351,5,0,0.966,2,13.153,1317.269,1.000,0.399,2.434,0.868,0.310,0.216,0.158,0.842,0.522,0.580
1257,41.900,5.099,0.000,-0.286,0.000,1,1,0,0.000,1.255,5,0,0.966,1,4.472,1316.369,1.000,0.408,1.466,0.278,0.335,1.159,0.090,0.910,0.501,0.580
1260,42.000,12.083,0.000,6.984,0.000,1,1,0,0.000,1.164,5,0,0.966,2,211.603,1314.129,1.000,0.408,2.668,0.694,0.371,0.919,0.208,0.792,0.577,0.750
1263,42.100,27.203,111.041,15.120,83.581,2,1,1,431.845,1.183,5,0,0.966,6,112.805,1455.338,1.000,0.408,3.152,0.574,0.532,0.971,0.202,0.798,0.939,0.650
1266,42.200,0.000,31.575,0.000,-79.465,1,0,1,0.000,1.323,5,0,0.966,4,115.525,1985.795,1.000,0.399,4.772,0.497,0.563,0.922,0.209,0.791,0.824,0.650
1269,42.300,240.337,64.444,213.134,32.868,2,1,1,361.533,1.593,5,0,0.966,6,30.480,2308.120,1.000,0.389,5.462,0.142,0.837,0.269,0.170,0.830,1.000,0.650
1272,42.400,5.385,47.539,-234.952,-16.904,2,1,1,336.590,1.580,5,0,0.966,6,36.674,2333.900,1.000,0.379,6.056,0.749,1.043,1.388,0.209,0.791,0.999,0.550
1275,42.500,19.698,23.854,14.313,-23.686,2,1,1,331.518,1.626,5,0,0.966,6,64.475,2379.030,1.000,0.379,4.929,0.808,1.197,2.405,0.209,0.791,0.849,0.550
1278,42.600,19.849,5.099,0.152,-18.755,2,1,1,347.315,1.607,4,1,0.931,5,58.694,1719.420,1.000,0.369,3.280,0.676,1.187,0.577,0.178,0.822,0.795,0.750
1281,42.700,18.439,9.434,-1.410,4.335,2,1,1,372.979,1.520,4,0,0.931,5,59.808,1939.388,1.000,0.369,1.891,0.450,1.398,0.364,0.131,0.869,0.768,0.350
1284,42.800,35.847,23.087,17.408,13.653,2,1,1,409.401,1.424,4,0,0.931,4,0.000,2129.499,1.000,0.369,2.954,0.283,1.292,2.377,0.149,0.851,0.903,0.550
1287,42.900,60.415,24.739,24.568,1.652,2,1,1,417.944,1.399,4,0,0.931,4,20.809,2453.910,1.000,0.369,3.042,0.535,1.353,0.151,0.190,0.810,0.939,0.350
1290,43.000,34.205,15.811,-26.210,-8.927,2,1,1,396.788,1.421,4,0,0.931,4,17.889,2834.938,1.000,0.369,3.378,0.514,1.519,0.090,0.144,0.856,0.889,0.700
1293,43.100,24.739,10.630,-9.467,-5.181,2,1,1,376.300,1.056,4,0,0.931,4,48.549,2936.810,1.000,0.358,3.093,0.804,1.742,0.700,0.151,0.849,0.808,0.700
1296,43.200,0.000,374.542,0.000,373.128,2,0,1,374.542,1.133,4,0,0.931,4,0.000,3017.088,1.000,0.336,2.439,0.619,1.870,0.304,0.139,0.861,0.918,0.700
1299,43.300,0.000,406.503,0.000,10.315,2,0,1,406.503,1.561,4,0,0.931,4,28.071,3026.089,1.000,0.336,3.527,0.514,1.773,0.295,0.169,0.831,0.952,0.700
1302,43.400,69.080,409.207,44.341,2.703,2,1,1,413.091,1.844,4,0,0.931,5,12.649,2915.289,1.000,0.336,4.565,0.255,1.888,1.198,0.174,0.826,0.996,0.700
1305,43.500,0.000,40.497,0.000,-368.710,1,0,1,0.000,2.126,3,1,0.897,2,12.649,2915.289,1.000,0.347,5.170,0.572,2.162,0.044,0.214,0.786,0.754,0.750
1308,43.600,295.576,0.000,-29.578,0.000,2,1,0,295.576,1.004,3,0,0.897,4,65.000,2704.149,1.000,0.347,5.494,0.737,2.430,0.239,0.215,0.785,0.886,0.700
1311,43.700,0.000,0.000,0.000,0.000,0,0,0,0.000,0.000,3,0,0.897,0,65.000,2704.149,0.967,0.347,5.475,0.676,2.509,0.237,0.187,0.813,0.276,0.700
1314,43.800,285.112,0.000,-10.463,0.000,1,1,0,0.000,1.304,4,1,0.862,2,170.950,3006.729,0.967,0.350,3.773,0.340,1.714,0.624,0.156,0.844,0.827,0.750
1317,43.900,0.000,150.944,0.000,110.447,1,0,1,0.000,2.306,4,0,0.862,2,2.236,3105.244,0.967,0.350,5.446,0.490,1.086,0.446,0.171,0.829,0.858,0.500
1320,44.000,26.926,0.000,-258.186,0.000,1,1,0,0.000,1.372,4,0,0.862,2,2.236,3105.244,0.967,0.360,4.019,0.707,0.697,0.505,0.162,0.838,0.707,0.580
1323,44.100,251.589,0.000,224.663,0.000,1,1,0,0.000,1.505,4,0,0.862,2,0.000,2987.654,0.967,0.371,3.096,0.414,0.528,0.749,0.138,0.862,0.804,0.450
1326,44.200,0.000,0.000,0.000,0.000,0,0,0,0.000,0.000,4,0,0.862,0,0.000,2987.654,0.933,0.371,3.716,0.469,0.465,0.592,0.154,0.846,0.342,0.650
1329,44.300,0.000,0.000,0.000,0.000,0,0,0,0.000,0.000,4,0,0.862,0,0.000,2987.654,0.900,0.371,4.300,0.573,0.572,1.598,0.177,0.823,0.345,0.580
1332,44.400,0.000,0.000,0.000,0.000,0,0,0,0.000,0.000,4,0,0.862,0,0.000,2987.654,0.867,0.371,5.093,0.597,0.600,0.544,0.126,0.874,0.360,0.580
1335,44.500,0.000,0.000,0.000,0.000,0,0,0,0.000,0.000,4,0,0.862,0,0.000,2987.654,0.833,0.371,3.922,0.438,0.654,0.365,0.191,0.809,0.337,0.580
1338,44.600,0.000,0.000,0.000,0.000,0,0,0,0.000,0.000,4,0,0.897,0,0.000,2987.654,0.800,0.371,2.537,0.009,0.632,2.042,0.136,0.864,0.329,0.580
1341,44.700,0.000,0.000,0.000,0.000,0,0,0,0.000,0.000,3,1,0.862,0,0.000,2987.654,0.767,0.371,1.973,0.675,0.580,3.055,0.132,0.868,0.164,0.750
1344,44.800,0.000,0.000,0.000,0.000,0,0,0,0.000,0.000,3,0,0.862,0,0.000,2987.654,0.733,0.371,1.796,0.659,0.579,3.121,0.119,0.881,0.157,0.580
1347,44.900,0.000,0.000,0.000,0.000,0,0,0,0.000,0.000,3,0,0.862,0,0.000,2987.654,0.700,0.371,3.038,0.767,0.441,0.081,0.135,0.865,0.176,0.580
1350,45.000,0.000,0.000,0.000,0.000,0,0,0,0.000,0.000,3,0,0.862,0,0.000,2987.654,0.667,0.371,3.059,0.643,0.211,0.781,0.105,0.895,0.181,0.580
1353,45.100,0.000,0.000,0.000,0.000,0,0,0,0.000,0.000,3,0,0.862,0,0.000,2987.654,0.633,0.371,4.060,0.682,0.055,0.421,0.144,0.856,0.200,0.580
1356,45.200,0.000,0.000,0.000,0.000,0,0,0,0.000,0.000,3,0,0.862,0,0.000,2987.654,0.600,0.371,6.106,0.703,0.258,0.533,0.192,0.808,0.245,0.580
1359,45.300,0.000,0.000,0.000,0.000,0,0,0,0.000,0.000,4,1,0.828,0,0.000,2987.654,0.567,0.371,4.246,0.487,0.253,0.206,0.162,0.838,0.310,0.750
1362,45.400,0.000,0.000,0.000,0.000,0,0,0,0.000,0.000,4,0,0.828,0,0.000,2987.654,0.533,0.371,4.454,0.277,0.146,1.255,0.128,0.872,0.326,0.580
1365,45.500,0.000,0.000,0.000,0.000,0,0,0,0.000,0.000,4,0,0.862,0,0.000,2987.654,0.500,0.371,5.208,0.415,0.176,0.549,0.186,0.814,0.331,0.580
1368,45.600,0.000,0.000,0.000,0.000,0,0,0,0.000,0.000,4,0,0.862,0,0.000,2987.654,0.467,0.371,3.305,0.559,0.056,0.385,0.184,0.816,0.269,0.580
1371,45.700,0.000,0.000,0.000,0.000,0,0,0,0.000,0.000,4,0,0.862,0,0.000,2987.654,0.433,0.371,2.618,0.635,0.032,0.524,0.184,0.816,0.243,0.580
1374,45.800,0.000,0.000,0.000,0.000,0,0,0,0.000,0.000,4,0,0.862,0,0.000,2987.654,0.400,0.371,1.450,0.913,0.232,2.741,0.147,0.853,0.190,0.580
1377,45.900,0.000,359.017,0.000,208.073,1,0,1,0.000,2.376,4,0,0.862,2,92.228,3714.740,0.400,0.198,1.955,0.896,0.529,0.248,0.168,0.832,0.674,0.650
1380,46.000,0.000,13.892,0.000,-345.124,1,0,1,0.000,2.292,4,0,0.862,2,26.571,3895.329,0.400,0.202,1.888,0.701,0.892,0.286,0.148,0.852,0.513,0.580
1383,46.100,145.602,0.000,-105.987,0.000,1,1,0,0.000,1.482,4,0,0.862,2,26.571,3895.329,0.400,0.207,1.087,0.364,1.095,0.715,0.112,0.888,0.690,0.500
1386,46.200,0.000,0.000,0.000,0.000,0,0,0,0.000,0.000,3,1,0.828,0,26.571,3895.329,0.367,0.207,0.801,0.326,1.097,1.646,0.100,0.900,0.211,0.750
1389,46.300,0.000,0.000,0.000,0.000,0,0,0,0.000,0.000,4,1,0.793,0,26.571,3895.329,0.333,0.207,0.874,0.232,1.080,0.058,0.099,0.901,0.216,0.750
1392,46.400,32.573,0.000,-113.029,0.000,1,1,0,0.000,1.591,4,0,0.828,2,69.354,3983.119,0.333,0.215,2.175,0.421,0.903,0.512,0.148,0.852,0.636,0.650
1395,46.500,44.011,0.000,11.438,0.000,1,1,0,0.000,1.745,5,1,0.793,2,36.014,3910.385,0.333,0.219,4.602,0.575,0.856,0.393,0.211,0.789,0.731,0.750
1398,46.600,0.000,0.000,0.000,0.000,0,0,0,0.000,0.000,5,0,0.793,0,36.014,3910.385,0.300,0.219,6.613,0.161,0.672,0.585,0.157,0.843,0.360,0.650
1401,46.700,0.000,0.000,0.000,0.000,0,0,0,0.000,0.000,5,0,0.828,0,36.014,3910.385,0.300,0.219,7.795,0.662,0.483,1.301,0.207,0.793,0.355,0.580
1404,46.800,0.000,0.000,0.000,0.000,0,0,0,0.000,0.000,3,1,0.793,0,36.014,3910.385,0.267,0.219,4.772,0.534,0.391,0.217,0.165,0.835,0.184,0.750
1407,46.900,0.000,0.000,0.000,0.000,0,0,0,0.000,0.000,3,0,0.793,0,36.014,3910.385,0.233,0.219,4.067,0.794,0.385,0.526,0.175,0.825,0.144,0.580
1410,47.000,0.000,0.000,0.000,0.000,0,0,0,0.000,0.000,3,0,0.793,0,36.014,3910.385,0.200,0.219,2.916,0.671,0.373,1.034,0.166,0.834,0.120,0.580
1413,47.100,0.000,0.000,0.000,0.000,0,0,0,0.000,0.000,4,1,0.759,0,36.014,3910.385,0.167,0.219,4.255,0.476,0.552,0.168,0.158,0.842,0.263,0.750
1416,47.200,0.000,0.000,0.000,0.000,0,0,0,0.000,0.000,4,0,0.759,0,36.014,3910.385,0.167,0.219,3.170,0.894,0.513,0.621,0.167,0.833,0.207,0.580
1419,47.300,0.000,0.000,0.000,0.000,0,0,0,0.000,0.000,4,0,0.759,0,36.014,3910.385,0.167,0.219,3.109,0.881,0.406,1.110,0.199,0.801,0.206,0.580
1422,47.400,0.000,0.000,0.000,0.000,0,0,0,0.000,0.000,3,1,0.724,0,36.014,3910.385,0.167,0.219,3.295,0.559,0.142,2.096,0.184,0.816,0.133,0.750
1425,47.500,0.000,0.000,0.000,0.000,0,0,0,0.000,0.000,3,0,0.724,0,36.014,3910.385,0.167,0.219,3.990,0.196,0.087,0.146,0.185,0.815,0.176,0.580
1428,47.600,0.000,0.000,0.000,0.000,0,0,0,0.000,0.000,3,0,0.759,0,36.014,3910.385,0.167,0.219,4.454,0.151,0.292,0.271,0.190,0.810,0.191,0.580
1431,47.700,0.000,0.000,0.000,0.000,0,0,0,0.000,0.000,3,0,0.759,0,36.014,3910.385,0.167,0.219,3.146,0.235,0.499,0.335,0.157,0.843,0.152,0.580
1434,47.800,0.000,0.000,0.000,0.000,0,0,0,0.000,0.000,3,0,0.759,0,36.014,3910.385,0.167,0.219,3.681,0.552,0.625,0.169,0.164,0.836,0.143,0.580
1437,47.900,0.000,0.000,0.000,0.000,0,0,0,0.000,0.000,3,0,0.759,0,36.014,3910.385,0.167,0.219,4.765,0.268,0.757,0.016,0.159,0.841,0.190,0.580
1440,48.000,0.000,0.000,0.000,0.000,0,0,0,0.000,0.000,3,0,0.759,0,36.014,3910.385,0.167,0.219,6.706,0.519,0.897,0.034,0.183,0.817,0.221,0.580
1443,48.100,0.000,0.000,0.000,0.000,0,0,0,0.000,0.000,3,0,0.759,0,36.014,3910.385,0.167,0.219,5.771,0.244,0.888,0.358,0.120,0.880,0.217,0.580
1446,48.200,0.000,0.000,0.000,0.000,0,0,0,0.000,0.000,3,0,0.793,0,36.014,3910.385,0.167,0.219,4.006,0.303,0.662,0.315,0.134,0.866,0.169,0.580
1449,48.300,0.000,0.000,0.000,0.000,0,0,0,0.000,0.000,3,0,0.793,0,36.014,3910.385,0.167,0.219,2.855,0.620,0.418,0.013,0.093,0.907,0.118,0.580
1452,48.400,21.213,0.000,-22.798,0.000,1,1,0,0.000,1.716,3,0,0.793,2,0.000,3741.510,0.200,0.224,2.125,0.295,0.337,0.624,0.130,0.870,0.494,0.650
1455,48.500,0.000,0.000,0.000,0.000,0,0,0,0.000,0.000,3,0,0.793,0,0.000,3741.510,0.200,0.224,3.097,0.727,0.289,3.098,0.212,0.788,0.121,0.650
1458,48.600,7.211,0.000,-14.002,0.000,1,1,0,0.000,1.444,3,0,0.793,2,0.000,3194.939,0.233,0.230,3.528,0.683,0.379,3.098,0.181,0.819,0.428,0.650
1461,48.700,64.413,0.000,57.202,0.000,1,1,0,0.000,1.265,3,0,0.793,2,44.102,2757.610,0.267,0.234,3.515,0.641,0.321,0.326,0.199,0.801,0.645,0.450
1464,48.800,0.000,0.000,0.000,0.000,0,0,0,0.000,0.000,3,0,0.793,0,44.102,2757.610,0.267,0.234,3.028,0.562,0.315,0.153,0.207,0.793,0.138,0.650
1467,48.900,0.000,0.000,0.000,0.000,0,0,0,0.000,0.000,3,0,0.793,0,44.102,2757.610,0.233,0.234,2.444,0.355,0.265,0.279,0.152,0.848,0.134,0.580
1470,49.000,0.000,0.000,0.000,0.000,0,0,0,0.000,0.000,3,0,0.793,0,44.102,2757.610,0.200,0.234,4.930,0.742,0.195,0.151,0.199,0.801,0.165,0.580
1473,49.100,0.000,0.000,0.000,0.000,0,0,0,0.000,0.000,3,0,0.828,0,44.102,2757.610,0.167,0.234,4.434,0.520,0.159,0.792,0.181,0.819,0.164,0.580
1476,49.200,0.000,0.000,0.000,0.000,0,0,0,0.000,0.000,3,0,0.862,0,44.102,2757.610,0.167,0.234,4.613,0.685,0.043,1.075,0.167,0.833,0.157,0.580
1479,49.300,0.000,0.000,0.000,0.000,0,0,0,0.000,0.000,3,0,0.862,0,44.102,2757.610,0.167,0.234,1.847,0.802,0.011,1.758,0.156,0.844,0.080,0.580
1482,49.400,0.000,0.000,0.000,0.000,0,0,0,0.000,0.000,3,0,0.897,0,44.102,2757.610,0.133,0.234,4.890,0.682,0.208,0.761,0.195,0.805,0.160,0.580
1485,49.500,0.000,0.000,0.000,0.000,0,0,0,0.000,0.000,4,1,0.862,0,44.102,2757.610,0.100,0.234,4.349,0.133,0.349,1.449,0.146,0.854,0.281,0.750
1488,49.600,0.000,0.000,0.000,0.000,0,0,0,0.000,0.000,4,0,0.862,0,44.102,2757.610,0.100,0.234,5.077,0.730,0.524,2.140,0.199,0.801,0.258,0.580
1491,49.700,0.000,0.000,0.000,0.000,0,0,0,0.000,0.000,4,0,0.897,0,44.102,2757.610,0.100,0.234,6.834,0.843,0.544,0.281,0.232,0.768,0.294,0.580
1494,49.800,0.000,0.000,0.000,0.000,0,0,0,0.000,0.000,4,1,0.862,0,44.102,2757.610,0.100,0.234,5.417,0.818,0.296,0.266,0.194,0.806,0.260,0.750
1497,49.900,0.000,0.000,0.000,0.000,0,0,0,0.000,0.000,4,0,0.862,0,44.102,2757.610,0.100,0.234,2.805,0.887,0.004,0.664,0.181,0.819,0.190,0.580
1500,50.000,0.000,0.000,0.000,0.000,0,0,0,0.000,0.000,4,0,0.897,0,44.102,2757.610,0.100,0.234,3.754,0.855,0.148,1.924,0.170,0.830,0.216,0.580
1503,50.100,0.000,0.000,0.000,0.000,0,0,0,0.000,0.000,3,1,0.862,0,44.102,2757.610,0.100,0.234,4.819,0.718,0.177,0.296,0.138,0.862,0.152,0.750
1506,50.200,0.000,0.000,0.000,0.000,0,0,0,0.000,0.000,3,0,0.862,0,44.102,2757.610,0.100,0.234,4.385,0.599,0.295,1.903,0.132,0.868,0.150,0.580
1509,50.300,0.000,0.000,0.000,0.000,0,0,0,0.000,0.000,3,0,0.897,0,44.102,2757.610,0.100,0.234,5.544,0.903,0.329,0.421,0.207,0.793,0.157,0.580
1512,50.400,0.000,0.000,0.000,0.000,0,0,0,0.000,0.000,3,0,0.897,0,44.102,2757.610,0.100,0.234,7.283,0.704,0.480,3.107,0.226,0.774,0.215,0.580
1515,50.500,0.000,0.000,0.000,0.000,0,0,0,0.000,0.000,3,0,0.897,0,44.102,2757.610,0.100,0.234,5.685,0.693,0.782,3.127,0.211,0.789,0.176,0.580
1518,50.600,0.000,0.000,0.000,0.000,0,0,0,0.000,0.000,3,0,0.897,0,44.102,2757.610,0.100,0.234,6.059,0.671,0.751,2.304,0.214,0.786,0.186,0.580
1521,50.700,0.000,0.000,0.000,0.000,0,0,0,0.000,0.000,3,0,0.897,0,44.102,2757.610,0.100,0.234,5.034,0.024,0.841,2.930,0.180,0.820,0.206,0.580
1524,50.800,0.000,0.000,0.000,0.000,0,0,0,0.000,0.000,3,0,0.897,0,44.102,2757.610,0.100,0.234,5.018,0.540,0.786,3.093,0.182,0.818,0.170,0.580
1527,50.900,0.000,0.000,0.000,0.000,0,0,0,0.000,0.000,3,0,0.897,0,44.102,2757.610,0.100,0.234,6.776,0.577,0.973,0.697,0.202,0.798,0.211,0.580
1530,51.000,0.000,0.000,0.000,0.000,0,0,0,0.000,0.000,4,1,0.862,0,44.102,2757.610,0.100,0.234,7.952,0.668,1.057,0.021,0.216,0.784,0.334,0.750
1533,51.100,0.000,0.000,0.000,0.000,0,0,0,0.000,0.000,4,0,0.862,0,44.102,2757.610,0.100,0.234,7.835,0.715,1.635,2.636,0.223,0.777,0.328,0.700
1536,51.200,0.000,0.000,0.000,0.000,0,0,0,0.000,0.000,4,0,0.862,0,44.102,2757.610,0.100,0.234,7.790,0.720,1.981,2.833,0.203,0.797,0.326,0.700
1539,51.300,0.000,0.000,0.000,0.000,0,0,0,0.000,0.000,3,1,0.828,0,44.102,2757.610,0.100,0.234,5.060,0.398,1.469,2.162,0.176,0.824,0.181,0.750
1542,51.400,0.000,0.000,0.000,0.000,0,0,0,0.000,0.000,3,0,0.828,0,44.102,2757.610,0.067,0.234,5.484,0.452,1.292,1.600,0.152,0.848,0.183,0.580
1545,51.500,0.000,0.000,0.000,0.000,0,0,0,0.000,0.000,3,0,0.828,0,44.102,2757.610,0.067,0.234,5.258,0.226,1.452,0.017,0.141,0.859,0.194,0.700
1548,51.600,0.000,0.000,0.000,0.000,0,0,0,0.000,0.000,3,0,0.828,0,44.102,2757.610,0.033,0.234,6.367,0.201,1.524,0.449,0.197,0.803,0.219,0.700
1551,51.700,0.000,0.000,0.000,0.000,0,0,0,0.000,0.000,3,0,0.828,0,44.102,2757.610,0.000,0.234,5.291,0.550,1.535,2.242,0.176,0.824,0.164,0.700
1554,51.800,0.000,0.000,0.000,0.000,0,0,0,0.000,0.000,3,0,0.828,0,44.102,2757.610,0.000,0.234,6.895,0.330,1.552,1.118,0.185,0.815,0.219,0.700
1557,51.900,0.000,0.000,0.000,0.000,0,0,0,0.000,0.000,3,0,0.828,0,44.102,2757.610,0.000,0.234,6.475,0.678,1.496,0.171,0.166,0.834,0.184,0.700
1560,52.000,0.000,0.000,0.000,0.000,0,0,0,0.000,0.000,3,0,0.828,0,44.102,2757.610,0.000,0.234,5.742,0.612,1.122,1.672,0.137,0.863,0.171,0.580
1563,52.100,0.000,0.000,0.000,0.000,0,0,0,0.000,0.000,3,0,0.828,0,44.102,2757.610,0.000,0.234,4.760,0.552,1.070,0.341,0.138,0.862,0.150,0.580
1566,52.200,0.000,0.000,0.000,0.000,0,0,0,0.000,0.000,3,0,0.828,0,44.102,2757.610,0.000,0.234,1.638,0.705,0.900,0.426,0.100,0.900,0.062,0.580
1569,52.300,0.000,0.000,0.000,0.000,0,0,0,0.000,0.000,3,0,0.828,0,44.102,2757.610,0.000,0.234,2.623,0.430,0.714,2.073,0.092,0.908,0.105,0.580
1572,52.400,433.140,0.000,368.727,0.000,1,1,0,0.000,1.168,3,0,0.862,1,44.102,2757.610,0.033,0.221,3.680,0.607,0.553,0.043,0.120,0.880,0.564,0.650
1575,52.500,26.019,0.000,-407.120,0.000,1,1,0,0.000,1.317,3,0,0.862,1,44.102,2757.610,0.067,0.223,3.229,0.263,0.231,0.067,0.172,0.828,0.475,0.580
1578,52.600,25.020,0.000,-0.999,0.000,1,1,0,0.000,1.263,3,0,0.862,2,44.102,2757.610,0.100,0.225,6.130,0.586,0.220,1.065,0.206,0.794,0.583,0.580
1581,52.700,14.318,0.000,-10.702,0.000,1,1,0,0.000,1.173,3,0,0.897,2,44.102,2757.610,0.133,0.225,6.632,0.486,0.411,0.455,0.207,0.793,0.547,0.580
1584,52.800,9.000,0.000,-5.318,0.000,1,1,0,0.000,0.967,3,0,0.897,2,44.102,2757.610,0.167,0.227,6.133,0.520,0.486,0.306,0.215,0.785,0.507,0.580
1587,52.900,8.544,0.000,-0.456,0.000,1,1,0,0.000,0.801,3,0,0.897,2,44.102,2757.610,0.200,0.227,6.315,0.526,0.420,0.644,0.238,0.762,0.513,0.580
1590,53.000,2.236,0.000,-6.308,0.000,1,1,0,0.000,0.812,3,0,0.931,2,44.102,2757.610,0.233,0.229,6.855,0.814,0.586,1.553,0.245,0.755,0.475,0.580
1593,53.100,21.954,0.000,19.718,0.000,1,1,0,0.000,1.014,3,0,0.931,2,44.102,2757.610,0.267,0.229,8.018,0.775,0.639,0.876,0.243,0.757,0.620,0.580
1596,53.200,7.616,0.000,-14.339,0.000,1,1,0,0.000,1.278,3,0,0.931,2,44.102,2757.610,0.300,0.231,3.922,0.702,0.656,0.831,0.217,0.783,0.447,0.580
1599,53.300,3.162,0.000,-4.453,0.000,1,1,0,0.000,1.205,3,0,0.931,2,44.102,2757.610,0.333,0.231,7.150,0.676,0.844,1.899,0.235,0.765,0.509,0.580
1602,53.400,352.405,0.000,349.242,0.000,1,1,0,0.000,1.409,3,0,0.931,2,47.434,2444.325,0.367,0.233,12.496,0.315,0.912,2.358,0.397,0.603,0.792,0.647
1605,53.500,10.440,0.000,-341.964,0.000,1,1,0,0.000,1.409,3,0,0.931,2,0.000,2567.604,0.400,0.233,6.701,0.766,0.498,1.738,0.206,0.794,0.540,0.580
1608,53.600,15.033,0.000,4.593,0.000,1,1,0,0.000,1.428,3,0,0.931,2,0.000,1417.697,0.433,0.235,5.588,0.824,0.440,0.053,0.209,0.791,0.538,0.580
1611,53.700,10.296,0.000,-4.738,0.000,1,1,0,0.000,1.508,3,0,0.931,2,64.195,1477.669,0.467,0.235,3.724,0.847,0.284,0.198,0.193,0.807,0.467,0.580
1614,53.800,7.211,0.000,-3.085,0.000,1,1,0,0.000,1.415,3,0,0.931,2,21.840,887.038,0.500,0.236,3.361,0.858,0.037,0.048,0.191,0.809,0.444,0.580
1617,53.900,5.000,0.000,-2.211,0.000,1,1,0,0.000,1.103,3,0,0.966,2,76.655,537.020,0.533,0.236,2.939,0.869,0.153,0.085,0.188,0.812,0.424,0.580
1620,54.000,25.318,0.000,20.318,0.000,1,1,0,0.000,1.164,3,0,0.966,2,78.772,651.278,0.567,0.236,4.638,0.736,0.237,1.418,0.188,0.812,0.593,0.580
1623,54.100,10.198,0.000,-15.120,0.000,1,1,0,0.000,1.103,3,0,0.966,2,86.209,783.377,0.600,0.238,3.952,0.787,0.477,1.051,0.169,0.831,0.492,0.580
1626,54.200,0.000,125.670,0.000,111.778,1,0,1,0.000,2.060,3,0,1.000,2,41.725,850.684,0.633,0.237,6.052,0.623,0.494,0.773,0.218,0.782,0.754,0.500
1629,54.300,74.404,0.000,64.206,0.000,1,1,0,0.000,0.981,3,0,1.000,2,68.007,873.949,0.667,0.237,3.886,0.763,0.554,0.564,0.207,0.793,0.694,0.500
1632,54.400,17.804,0.000,-56.600,0.000,1,1,0,0.000,0.993,3,0,1.000,2,53.666,901.199,0.700,0.237,3.148,0.727,0.401,0.274,0.226,0.774,0.531,0.580
1635,54.500,0.000,70.767,0.000,-54.903,1,0,1,0.000,2.036,3,0,1.000,2,39.205,1008.295,0.733,0.237,2.461,0.576,0.224,1.236,0.165,0.835,0.679,0.500
1638,54.600,41.593,0.000,23.789,0.000,1,1,0,0.000,1.169,3,0,1.000,2,63.032,1064.369,0.767,0.219,2.096,0.558,0.030,0.182,0.159,0.841,0.656,0.500
1641,54.700,5.000,0.000,-36.593,0.000,1,1,0,0.000,1.416,3,0,1.000,2,52.773,1052.109,0.800,0.219,2.263,0.728,0.317,2.061,0.133,0.867,0.449,0.580
1644,54.800,2.000,0.000,-3.000,0.000,1,1,0,0.000,1.522,3,0,1.000,2,31.623,1015.787,0.833,0.219,2.502,0.813,0.321,0.381,0.157,0.843,0.437,0.580
1647,54.900,27.586,103.005,25.586,32.238,2,1,1,87.046,1.943,3,0,1.000,4,109.567,1018.957,0.867,0.213,3.735,0.541,0.499,2.070,0.158,0.842,0.839,0.650
1650,55.000,11.045,0.000,-16.541,0.000,1,1,0,0.000,1.473,3,0,1.000,2,62.370,839.950,0.900,0.191,3.416,0.883,0.742,1.850,0.203,0.797,0.513,0.650
1653,55.100,513.206,68.242,502.160,-34.763,2,1,1,502.054,1.887,3,0,1.000,3,0.000,806.454,0.933,0.189,4.354,0.659,0.849,0.929,0.212,0.788,0.855,0.650
1656,55.200,483.703,0.000,-29.502,0.000,1,1,0,0.000,1.703,3,0,1.000,2,0.000,799.838,0.967,0.189,5.476,0.405,0.908,1.421,0.230,0.770,0.795,0.650
1659,55.300,5.000,0.000,-478.703,0.000,1,1,0,0.000,1.822,3,0,1.000,2,0.000,808.128,1.000,0.487,4.832,0.657,0.987,2.605,0.231,0.769,0.543,0.580
1662,55.400,6.325,0.000,1.325,0.000,1,1,0,0.000,1.873,3,0,1.000,2,13.601,694.408,1.000,0.487,7.440,0.784,0.993,0.064,0.255,0.745,0.606,0.580
1665,55.500,9.487,0.000,3.162,0.000,1,1,0,0.000,1.582,3,0,1.000,2,0.000,619.829,1.000,0.487,7.883,0.701,0.820,0.000,0.237,0.763,0.641,0.580
1668,55.600,0.000,37.696,0.000,-30.546,1,0,1,0.000,1.866,3,0,1.000,2,0.000,590.008,1.000,0.487,10.035,0.395,0.797,2.581,0.239,0.761,0.822,0.550
1671,55.700,0.000,22.825,0.000,-14.871,1,0,1,0.000,1.827,3,0,1.000,2,0.000,570.237,1.000,0.487,10.607,0.460,0.540,0.464,0.248,0.752,0.735,0.580
1674,55.800,0.000,0.000,0.000,0.000,0,0,0,0.000,0.000,3,0,1.000,0,0.000,570.237,0.967,0.487,11.451,0.741,0.394,1.597,0.257,0.743,0.334,0.650
1677,55.900,0.000,0.000,0.000,0.000,0,0,0,0.000,0.000,3,0,1.000,0,0.000,570.237,0.933,0.487,11.861,0.858,0.110,0.285,0.252,0.748,0.322,0.580
1680,56.000,0.000,0.000,0.000,0.000,0,0,0,0.000,0.000,3,0,1.000,0,0.000,570.237,0.900,0.487,9.672,0.703,0.218,1.079,0.287,0.713,0.329,0.580
1683,56.100,0.000,0.000,0.000,0.000,0,0,0,0.000,0.000,3,0,1.000,0,0.000,570.237,0.867,0.487,10.326,0.760,0.517,1.561,0.282,0.718,0.321,0.580
1686,56.200,0.000,0.000,0.000,0.000,0,0,0,0.000,0.000,3,0,1.000,0,0.000,570.237,0.833,0.487,14.444,0.732,0.893,2.607,0.275,0.725,0.319,0.580
1689,56.300,0.000,0.000,0.000,0.000,0,0,0,0.000,0.000,3,0,1.000,0,0.000,570.237,0.800,0.487,13.590,0.812,1.225,1.557,0.260,0.740,0.309,0.580
1692,56.400,0.000,0.000,0.000,0.000,0,0,0,0.000,0.000,3,0,1.000,0,0.000,570.237,0.767,0.487,11.593,0.944,1.652,0.823,0.250,0.750,0.296,0.700
1695,56.500,0.000,0.000,0.000,0.000,0,0,0,0.000,0.000,3,0,1.000,0,0.000,570.237,0.733,0.487,9.182,0.958,3.933,0.109,0.249,0.751,0.291,0.700
1698,56.600,0.000,0.000,0.000,0.000,0,0,0,0.000,0.000,3,0,1.000,0,0.000,570.237,0.700,0.487,6.794,0.920,5.333,0.112,0.246,0.754,0.259,0.700
1701,56.700,0.000,0.000,0.000,0.000,0,0,0,0.000,0.000,3,0,1.000,0,0.000,570.237,0.667,0.487,5.069,0.828,6.170,1.026,0.225,0.775,0.219,0.700
1704,56.800,0.000,0.000,0.000,0.000,0,0,0,0.000,0.000,3,0,1.000,0,0.000,570.237,0.633,0.487,4.323,0.847,5.407,1.005,0.207,0.793,0.195,0.700
1707,56.900,0.000,0.000,0.000,0.000,0,0,0,0.000,0.000,3,0,1.000,0,0.000,570.237,0.600,0.487,1.706,0.128,5.118,2.189,0.125,0.875,0.176,0.700
1710,57.000,0.000,0.000,0.000,0.000,0,0,0,0.000,0.000,3,0,1.000,0,0.000,570.237,0.567,0.487,2.751,0.812,3.582,0.811,0.173,0.827,0.150,0.700
1713,57.100,0.000,0.000,0.000,0.000,0,0,0,0.000,0.000,3,0,1.000,0,0.000,570.237,0.533,0.487,12.044,0.299,2.670,1.455,0.387,0.613,0.313,0.700
1716,57.200,0.000,0.000,0.000,0.000,0,0,0,0.000,0.000,3,0,1.000,0,0.000,570.237,0.500,0.487,3.339,0.608,1.939,1.108,0.218,0.782,0.171,0.700
1719,57.300,0.000,0.000,0.000,0.000,0,0,0,0.000,0.000,3,0,1.000,0,0.000,570.237,0.467,0.487,4.430,0.557,1.335,2.942,0.196,0.804,0.198,0.580
1722,57.400,0.000,0.000,0.000,0.000,0,0,0,0.000,0.000,3,0,1.000,0,0.000,570.237,0.433,0.487,4.944,0.666,0.841,2.971,0.211,0.789,0.199,0.580
1725,57.500,0.000,0.000,0.000,0.000,0,0,0,0.000,0.000,3,0,1.000,0,0.000,570.237,0.400,0.487,7.480,0.685,0.461,0.981,0.245,0.755,0.257,0.580
1728,57.600,0.000,0.000,0.000,0.000,0,0,0,0.000,0.000,3,0,1.000,0,0.000,570.237,0.367,0.487,9.203,0.743,0.281,0.324,0.284,0.716,0.262,0.580
1731,57.700,0.000,0.000,0.000,0.000,0,0,0,0.000,0.000,3,0,1.000,0,0.000,570.237,0.333,0.487,6.150,0.698,0.101,2.407,0.251,0.749,0.215,0.580
1734,57.800,0.000,0.000,0.000,0.000,0,0,0,0.000,0.000,3,0,1.000,0,0.000,570.237,0.300,0.487,9.070,0.510,0.292,0.097,0.259,0.741,0.270,0.580
1737,57.900,0.000,135.418,0.000,112.592,1,0,1,0.000,2.064,4,1,0.966,2,0.000,621.340,0.300,0.227,11.160,0.630,0.593,3.096,0.284,0.716,0.832,0.750
1740,58.000,0.000,0.000,0.000,0.000,0,0,0,0.000,0.000,4,0,0.966,0,0.000,621.340,0.267,0.227,10.962,0.751,0.794,0.165,0.258,0.742,0.349,0.650
1743,58.100,0.000,0.000,0.000,0.000,0,0,0,0.000,0.000,4,0,0.966,0,0.000,621.340,0.233,0.227,10.109,0.928,0.986,0.534,0.251,0.749,0.333,0.580
1746,58.200,0.000,0.000,0.000,0.000,0,0,0,0.000,0.000,3,1,0.931,0,0.000,621.340,0.200,0.227,8.050,0.960,1.050,0.050,0.247,0.753,0.227,0.750
1749,58.300,0.000,0.000,0.000,0.000,0,0,0,0.000,0.000,3,0,0.931,0,0.000,621.340,0.167,0.227,7.119,0.973,0.951,0.009,0.251,0.749,0.200,0.580
1752,58.400,0.000,0.000,0.000,0.000,0,0,0,0.000,0.000,3,0,0.931,0,0.000,621.340,0.133,0.227,5.853,0.952,0.851,0.130,0.247,0.753,0.166,0.580
1755,58.500,0.000,0.000,0.000,0.000,0,0,0,0.000,0.000,4,1,0.897,0,0.000,621.340,0.100,0.227,5.611,0.948,0.507,0.164,0.236,0.764,0.256,0.750
1758,58.600,0.000,0.000,0.000,0.000,0,0,0,0.000,0.000,4,0,0.897,0,0.000,621.340,0.067,0.227,4.679,0.914,0.317,0.073,0.222,0.778,0.231,0.580
1761,58.700,0.000,0.000,0.000,0.000,0,0,0,0.000,0.000,4,0,0.897,0,0.000,621.340,0.033,0.227,4.458,0.776,0.474,1.747,0.217,0.783,0.231,0.580
1764,58.800,0.000,0.000,0.000,0.000,0,0,0,0.000,0.000,3,1,0.862,0,0.000,621.340,0.033,0.227,3.267,0.683,0.310,0.206,0.190,0.810,0.108,0.750
1767,58.900,0.000,309.006,0.000,217.072,2,0,1,309.006,2.126,3,0,0.862,3,0.000,356.539,0.067,0.240,13.053,0.153,0.212,2.084,0.428,0.572,0.877,0.678
1770,59.000,0.000,288.016,0.000,-11.011,2,0,1,288.016,2.259,3,0,0.862,4,0.000,279.419,0.100,0.236,10.178,0.880,0.033,1.751,0.256,0.744,0.830,0.550
1773,59.100,157.877,44.407,148.390,-243.608,2,1,1,273.876,2.219,3,0,0.862,4,0.000,274.609,0.133,0.233,15.363,0.927,0.115,0.977,0.275,0.725,0.831,0.500
1776,59.200,18.788,34.132,-139.088,-10.275,2,1,1,258.600,2.057,3,0,0.862,4,0.000,254.014,0.167,0.230,15.671,0.973,0.239,0.381,0.272,0.728,0.772,0.450
1779,59.300,0.000,280.578,0.000,4.547,2,0,1,280.578,1.884,3,0,0.862,4,0.000,232.744,0.200,0.226,17.413,0.919,0.614,1.091,0.271,0.729,0.840,0.500
1782,59.400,51.884,20.396,33.096,-260.182,2,1,1,285.813,1.903,3,0,0.862,4,0.000,281.565,0.233,0.223,15.604,0.905,0.981,1.535,0.274,0.726,0.845,0.550
1785,59.500,4.123,24.739,-47.761,4.343,2,1,1,264.764,2.009,3,0,0.862,4,0.000,343.900,0.267,0.219,14.140,0.922,1.104,1.902,0.267,0.733,0.735,0.580
1788,59.600,2.236,3.162,-1.887,-21.576,2,1,1,266.918,1.824,3,0,0.862,4,0.000,425.025,0.300,0.216,13.070,0.912,1.086,2.343,0.260,0.740,0.620,0.580
1791,59.700,9.220,7.211,6.983,4.049,2,1,1,268.794,1.742,3,0,0.862,4,0.000,514.025,0.333,0.212,12.348,0.949,1.040,0.877,0.262,0.738,0.655,0.580
1794,59.800,256.628,0.000,217.577,0.000,2,1,0,256.628,1.412,3,0,0.862,4,0.000,553.925,0.367,0.212,10.893,0.868,1.074,0.222,0.270,0.730,0.863,0.500
1797,59.900,246.733,40.460,-9.895,33.249,2,1,1,236.172,1.627,3,0,0.862,4,111.041,740.175,0.400,0.209,9.608,0.806,1.123,0.866,0.320,0.680,0.872,0.617
1800,60.000,0.000,222.056,0.000,-7.371,2,0,1,222.056,1.955,4,1,0.828,4,42.059,918.344,0.433,0.209,5.917,0.863,1.247,0.624,0.294,0.706,0.919,0.750
1803,60.100,0.000,222.380,0.000,0.872,2,0,1,222.380,2.125,4,0,0.828,4,109.202,1303.464,0.467,0.205,3.690,0.868,1.298,0.482,0.270,0.730,0.867,0.607
1806,60.200,226.385,0.000,-20.348,0.000,1,1,0,0.000,1.640,4,0,0.828,2,109.202,1303.464,0.500,0.205,4.975,0.833,1.573,0.298,0.280,0.720,0.766,0.700
1809,60.300,0.000,12.530,0.000,-209.850,1,0,1,0.000,2.189,3,1,0.793,2,10.296,1501.869,0.533,0.205,5.671,0.888,1.628,0.257,0.299,0.701,0.533,0.750
1812,60.400,247.655,10.770,21.270,-1.760,2,1,1,252.301,2.093,3,0,0.793,4,0.000,1598.874,0.567,0.242,4.155,0.907,1.651,0.016,0.287,0.713,0.788,0.700
1815,60.500,23.345,14.142,-224.310,3.372,2,1,1,280.401,2.028,3,0,0.793,4,69.584,1857.858,0.600,0.369,3.847,0.783,1.040,2.004,0.258,0.742,0.673,0.580
1818,60.600,22.472,21.260,-0.873,7.118,2,1,1,284.703,2.093,4,1,0.759,4,0.000,1858.519,0.633,0.369,4.483,0.671,0.800,0.335,0.238,0.762,0.796,0.750
1821,60.700,8.544,13.153,-13.928,-8.107,2,1,1,283.397,2.007,4,0,0.759,4,75.802,1840.550,0.667,0.369,4.432,0.596,0.327,0.264,0.230,0.770,0.752,0.580
1824,60.800,3.606,13.153,-4.938,0.000,2,1,1,279.045,1.896,4,0,0.793,4,60.729,1888.444,0.700,0.369,2.880,0.853,0.078,2.932,0.245,0.755,0.699,0.580
1827,60.900,4.000,9.055,0.394,-4.098,2,1,1,270.007,2.011,4,0,0.793,4,53.712,1922.209,0.700,0.369,4.411,0.871,0.422,0.012,0.251,0.749,0.714,0.580
1830,61.000,22.204,13.892,18.204,4.837,2,1,1,260.123,1.647,4,0,0.793,4,60.415,1790.205,0.733,0.369,3.273,0.805,0.629,0.474,0.185,0.815,0.767,0.580
1833,61.100,0.000,249.163,0.000,239.163,2,0,1,249.163,0.798,4,0,0.828,4,0.000,1487.238,0.767,0.369,2.373,0.694,0.813,0.938,0.184,0.816,0.883,0.500
1836,61.200,0.000,256.195,0.000,-0.999,2,0,1,256.195,1.344,3,1,0.793,4,213.841,2146.045,0.800,0.369,2.393,0.747,0.995,0.721,0.208,0.792,0.784,0.750
1839,61.300,28.443,241.531,6.239,-14.665,2,1,1,242.019,1.636,3,0,0.793,4,81.271,1943.749,0.833,0.369,4.291,0.823,1.199,1.585,0.221,0.779,0.830,0.550
1842,61.400,234.077,233.077,205.634,-8.453,2,1,1,225.020,1.979,3,0,0.828,4,25.495,1818.355,0.867,0.369,3.442,0.740,1.371,1.082,0.218,0.782,0.818,0.450
1845,61.500,0.000,224.181,0.000,-8.897,1,0,1,0.000,2.173,3,0,0.828,2,86.093,1850.394,0.900,0.379,2.443,0.905,1.573,2.015,0.209,0.791,0.676,0.700
1848,61.600,239.253,8.000,5.176,-216.181,2,1,1,246.051,2.061,3,0,0.828,4,44.944,2166.387,0.933,0.379,1.838,0.641,1.639,2.071,0.152,0.848,0.793,0.700
1851,61.700,17.029,13.892,-222.224,5.892,2,1,1,252.032,2.309,3,0,0.862,4,187.683,2240.297,0.967,0.379,1.771,0.685,1.615,1.909,0.136,0.864,0.637,0.750
1854,61.800,5.385,23.345,-11.644,9.453,2,1,1,237.103,2.234,4,1,0.828,4,41.629,2345.937,1.000,0.369,1.285,0.847,1.688,0.106,0.121,0.879,0.753,0.750
1857,61.900,8.602,14.213,3.217,-9.133,2,1,1,232.142,1.850,4,0,0.828,4,69.778,2262.767,1.000,0.369,1.470,0.441,1.892,2.245,0.144,0.856,0.735,0.700
1860,62.000,3.000,17.117,-5.602,2.905,2,1,1,231.970,1.553,4,0,0.828,4,73.164,2218.944,1.000,0.369,1.759,0.142,1.673,0.255,0.159,0.841,0.779,0.700
1863,62.100,8.246,19.235,5.246,2.118,2,1,1,246.941,1.324,4,1,0.793,4,167.720,2825.440,1.000,0.369,1.260,0.714,1.510,2.032,0.132,0.868,0.738,0.750
1866,62.200,249.756,0.000,2.408,0.000,2,1,0,249.756,1.680,4,0,0.793,4,249.393,2946.458,1.000,0.369,1.064,0.633,1.411,0.291,0.114,0.886,0.882,0.750
1869,62.300,5.385,6.708,-244.371,-12.527,2,1,1,256.681,1.325,4,0,0.793,4,39.000,2925.709,1.000,0.369,1.306,0.465,1.346,0.619,0.118,0.882,0.687,0.580
1872,62.400,243.674,0.000,1.276,0.000,2,1,0,243.674,1.928,3,1,0.759,4,10.050,2569.610,1.000,0.369,1.156,0.401,1.276,0.803,0.104,0.896,0.801,0.750
1875,62.500,7.211,0.000,-236.463,0.000,1,1,0,0.000,1.961,3,0,0.759,2,55.218,2646.198,1.000,0.369,0.892,0.425,1.305,1.129,0.089,0.911,0.473,0.650
1878,62.600,226.433,0.000,213.627,0.000,2,1,0,226.433,1.850,3,0,0.759,4,12.806,2744.204,1.000,0.369,1.671,0.826,1.303,1.017,0.145,0.855,0.784,0.650
1881,62.700,223.305,0.000,-5.754,0.000,2,1,0,223.305,2.085,4,1,0.724,4,57.009,2609.208,1.000,0.369,0.929,0.595,1.263,3.129,0.094,0.906,0.882,0.750
1884,62.800,218.323,0.000,-7.891,0.000,2,1,0,218.323,2.473,4,0,0.724,4,133.150,2682.029,1.000,0.369,0.707,0.276,1.317,0.053,0.081,0.919,0.898,0.740
1887,62.900,232.019,0.000,15.072,0.000,2,1,0,232.019,2.558,4,0,0.759,4,64.938,2497.420,1.000,0.369,0.811,0.600,1.690,2.518,0.103,0.897,0.878,0.700
1890,63.000,242.324,0.000,5.411,0.000,2,1,0,242.324,3.105,3,1,0.724,2,64.938,2497.420,1.000,0.379,0.721,0.624,2.610,0.494,0.094,0.906,0.814,0.750
1893,63.100,236.580,0.000,-7.801,0.000,2,1,0,236.580,3.108,4,1,0.690,4,69.642,2112.738,1.000,0.369,0.856,0.165,2.668,2.216,0.091,0.909,0.910,0.750
1896,63.200,221.461,0.000,-5.105,0.000,2,1,0,221.461,3.113,4,0,0.724,4,123.321,2109.159,1.000,0.369,2.054,0.727,2.322,0.443,0.075,0.925,0.900,0.700
1899,63.300,235.790,0.000,17.117,0.000,2,1,0,235.790,3.118,4,0,0.724,4,69.642,2136.958,1.000,0.369,0.885,0.540,2.037,0.043,0.068,0.932,0.884,0.700
1902,63.400,234.776,0.000,-8.897,0.000,2,1,0,234.776,3.118,4,0,0.724,4,86.354,2186.650,1.000,0.369,1.080,0.891,1.878,2.169,0.138,0.862,0.865,0.700
1905,63.500,230.521,0.000,1.993,0.000,2,1,0,230.521,3.119,4,0,0.759,4,146.414,2245.057,1.000,0.369,0.694,0.709,1.667,0.124,0.087,0.913,0.868,0.750
1908,63.600,241.338,0.000,10.817,0.000,2,1,0,241.338,3.122,4,0,0.759,4,79.649,1661.525,1.000,0.369,0.912,0.670,1.586,2.146,0.099,0.901,0.876,0.700
1911,63.700,5.000,236.580,-236.338,229.872,2,1,1,232.648,2.992,4,0,0.759,4,111.041,1567.654,1.000,0.369,1.713,0.732,1.450,0.673,0.179,0.821,0.892,0.700
1914,63.800,5.657,21.401,0.657,-215.179,2,1,1,214.133,2.618,4,0,0.759,4,88.459,1651.499,1.000,0.369,0.992,0.770,1.262,0.100,0.139,0.861,0.740,0.580
1917,63.900,205.730,204.414,200.074,183.013,2,1,1,195.318,2.350,3,1,0.724,4,67.186,1449.574,1.000,0.369,1.207,0.877,1.153,0.561,0.142,0.858,0.769,0.750
1920,64.000,13.454,12.000,-192.277,-192.414,2,1,1,194.165,2.039,3,0,0.724,4,111.732,1804.449,1.000,0.369,1.995,0.856,1.078,0.266,0.195,0.805,0.615,0.621
1923,64.100,214.979,0.000,209.880,0.000,2,1,0,214.979,1.575,3,0,0.759,4,86.977,1769.367,1.000,0.369,1.145,0.773,0.841,0.279,0.128,0.872,0.774,0.500
1926,64.200,209.881,0.000,4.659,0.000,2,1,0,209.881,1.574,3,1,0.724,2,86.977,1769.367,1.000,0.369,0.771,0.536,0.835,0.859,0.105,0.895,0.822,0.750
1929,64.300,222.623,28.071,12.742,16.071,2,1,1,224.956,1.853,4,1,0.690,3,86.977,1769.367,1.000,0.379,1.230,0.835,0.725,0.510,0.150,0.850,0.827,0.750
1932,64.400,233.634,0.000,227.634,0.000,2,1,0,233.634,1.965,4,0,0.690,2,86.977,1769.367,1.000,0.379,0.735,0.776,0.591,0.095,0.098,0.902,0.774,0.500
1935,64.500,231.041,5.000,-2.593,-23.071,2,1,1,228.475,2.275,3,1,0.655,2,86.977,1769.367,1.000,0.389,1.422,0.942,0.493,0.993,0.166,0.834,0.810,0.750
1938,64.600,12.000,3.606,-219.041,-1.394,2,1,1,223.754,2.381,4,1,0.621,4,86.977,1769.367,1.000,0.389,4.547,0.868,0.167,0.393,0.253,0.747,0.770,0.750
1941,64.700,4.472,21.401,-7.528,17.795,2,1,1,244.000,2.241,4,0,0.655,4,141.354,1825.359,1.000,0.379,10.768,0.842,0.702,0.027,0.297,0.703,0.910,0.750
1944,64.800,18.682,16.401,14.209,-5.000,2,1,1,250.599,1.941,4,1,0.621,4,141.354,1825.359,1.000,0.379,20.665,0.816,2.074,0.082,0.303,0.697,0.897,0.750
1947,64.900,14.318,10.198,-4.364,-6.203,2,1,1,262.071,1.726,4,0,0.621,4,141.354,1825.359,1.000,0.379,19.369,0.509,5.426,0.194,0.305,0.695,0.894,0.750
1950,65.000,0.000,0.000,0.000,0.000,0,0,0,0.000,0.000,4,0,0.655,0,141.354,1825.359,0.967,0.379,10.994,0.243,8.732,0.473,0.453,0.547,0.469,0.750
1953,65.100,405.643,0.000,391.325,0.000,1,1,0,0.000,1.529,4,1,0.621,3,141.354,1825.359,0.967,0.371,5.229,0.799,11.324,3.057,0.172,0.828,0.876,0.750
1956,65.200,37.162,0.000,-368.481,0.000,1,1,0,0.000,1.544,4,0,0.621,3,141.354,1825.359,0.967,0.381,6.537,0.897,12.224,0.181,0.175,0.825,0.858,0.750
1959,65.300,29.682,305.791,-7.480,295.593,2,1,1,460.053,1.822,4,0,0.655,6,141.354,1825.359,0.967,0.371,5.586,0.892,11.826,0.002,0.163,0.837,0.973,0.750
1962,65.400,21.932,31.953,-7.750,-273.838,2,1,1,442.995,1.570,4,0,0.655,6,141.354,1825.359,0.967,0.371,4.453,0.852,12.752,0.076,0.158,0.842,0.875,0.750
1965,65.500,9.220,14.142,-12.712,-17.811,2,1,1,426.129,1.212,4,0,0.655,6,141.354,1825.359,0.967,0.360,2.907,0.742,13.257,0.002,0.142,0.858,0.745,0.750
1968,65.600,7.211,8.062,-2.008,-6.080,2,1,1,413.697,1.206,4,0,0.690,6,141.354,1825.359,0.967,0.360,2.882,0.824,11.569,0.060,0.138,0.862,0.705,0.750
1971,65.700,4.123,4.243,-3.088,-3.820,2,1,1,409.353,0.969,4,0,0.690,6,249.852,3761.975,0.967,0.350,2.099,0.763,12.499,0.733,0.142,0.858,0.669,0.750
1974,65.800,4.123,10.296,0.000,6.053,2,1,1,399.406,0.893,4,0,0.690,6,22.023,5761.938,0.967,0.327,1.614,0.763,12.547,0.187,0.130,0.870,0.690,0.700
1977,65.900,7.810,9.220,3.687,-1.076,2,1,1,411.486,1.114,4,0,0.724,6,22.023,5761.938,0.967,0.315,2.972,0.899,12.883,0.916,0.126,0.874,0.709,0.700
1980,66.000,2.828,4.243,-4.982,-4.977,2,1,1,410.274,1.358,4,0,0.759,6,258.954,9317.834,0.967,0.315,1.771,0.622,13.112,2.358,0.129,0.871,0.670,0.750
1983,66.100,14.142,6.000,11.314,1.757,2,1,1,402.359,1.304,4,0,0.759,6,118.004,13110.050,0.967,0.311,4.040,0.902,13.341,1.111,0.157,0.843,0.762,0.700
1986,66.200,21.190,22.023,7.047,16.023,2,1,1,400.661,1.559,4,0,0.759,6,118.004,13110.050,0.967,0.298,2.561,0.376,5.761,0.991,0.101,0.899,0.806,0.700
1989,66.300,49.497,48.662,28.308,26.639,2,1,1,497.579,1.910,5,0,0.759,6,98.112,15706.574,0.967,0.298,5.262,0.212,1.686,2.421,0.128,0.872,1.000,0.700
1992,66.400,508.348,0.000,458.851,0.000,1,1,0,0.000,1.265,5,0,0.759,3,98.112,15706.574,0.967,0.311,6.329,0.239,0.360,1.074,0.171,0.829,0.915,0.650
1995,66.500,11.180,0.000,-497.168,0.000,1,1,0,0.000,1.271,5,0,0.759,3,98.112,15706.574,0.967,0.311,6.405,0.657,0.030,0.053,0.171,0.829,0.700,0.580
1998,66.600,54.000,0.000,42.820,0.000,1,1,0,0.000,1.329,4,0,0.759,3,98.112,15706.574,0.967,0.324,7.729,0.795,0.178,0.050,0.156,0.844,0.939,0.545
2001,66.700,38.897,0.000,-15.103,0.000,1,1,0,0.000,1.228,4,0,0.759,3,98.112,15706.574,0.967,0.324,7.093,0.815,0.200,0.284,0.168,0.832,0.887,0.545
2004,66.800,25.318,0.000,-13.579,0.000,1,1,0,0.000,1.236,4,0,0.793,3,98.112,15706.574,0.967,0.336,7.642,0.891,0.246,0.074,0.172,0.828,0.820,0.545
2007,66.900,38.949,0.000,13.631,0.000,1,1,0,0.000,1.009,5,1,0.759,3,98.112,15706.574,0.967,0.336,8.446,0.542,0.277,0.126,0.186,0.814,0.902,0.750
2010,67.000,0.000,0.000,0.000,0.000,0,0,0,0.000,0.000,5,0,0.759,0,98.112,15706.574,0.933,0.336,7.057,0.557,0.275,1.189,0.187,0.813,0.419,0.650
2013,67.100,0.000,0.000,0.000,0.000,0,0,0,0.000,0.000,5,0,0.793,0,98.112,15706.574,0.900,0.336,8.264,0.647,0.242,0.816,0.179,0.821,0.433,0.580
2016,67.200,0.000,0.000,0.000,0.000,0,0,0,0.000,0.000,4,1,0.793,0,98.112,15706.574,0.867,0.336,9.070,0.534,0.205,0.278,0.196,0.804,0.437,0.750
2019,67.300,0.000,0.000,0.000,0.000,0,0,0,0.000,0.000,4,0,0.793,0,98.112,15706.574,0.833,0.336,11.874,0.178,0.145,0.796,0.229,0.771,0.458,0.580
2022,67.400,412.681,0.000,373.733,0.000,1,1,0,0.000,1.042,4,0,0.828,3,0.000,15435.858,0.833,0.281,11.481,0.139,0.036,0.191,0.521,0.479,0.975,0.771
2025,67.500,32.202,0.000,-380.479,0.000,1,1,0,0.000,0.983,3,1,0.828,2,36.797,15516.209,0.833,0.291,1.088,0.457,0.034,0.245,0.104,0.896,0.594,0.750
2028,67.600,13.342,0.000,-18.861,0.000,1,1,0,0.000,0.903,3,0,0.828,2,63.348,14632.197,0.833,0.291,1.306,0.697,0.022,0.253,0.123,0.877,0.478,0.580
2031,67.700,7.810,0.000,-5.531,0.000,1,1,0,0.000,1.131,3,0,0.862,2,85.709,13811.864,0.833,0.301,2.618,0.792,0.003,2.371,0.145,0.855,0.473,0.580
2034,67.800,4.000,0.000,-3.810,0.000,1,1,0,0.000,1.356,3,0,0.862,2,48.662,13173.049,0.833,0.311,2.629,0.535,0.091,0.040,0.137,0.863,0.471,0.580
2037,67.900,3.162,0.000,-0.838,0.000,1,1,0,0.000,1.670,3,0,0.862,2,61.000,11646.087,0.833,0.311,1.908,0.452,0.312,0.078,0.128,0.872,0.454,0.580
2040,68.000,12.166,183.872,9.003,135.210,2,1,1,260.100,2.039,3,0,0.897,4,144.506,9846.694,0.867,0.321,1.764,0.611,0.825,0.409,0.129,0.871,0.785,0.750
2043,68.100,2.000,21.095,-10.166,-162.777,2,1,1,240.601,2.269,3,0,0.897,4,156.285,1311.944,0.867,0.321,2.314,0.767,1.151,2.667,0.168,0.832,0.655,0.750
2046,68.200,14.142,14.036,12.142,-7.059,2,1,1,220.731,2.051,3,0,0.897,4,150.841,1625.110,0.867,0.321,2.740,0.897,0.745,0.668,0.182,0.818,0.618,0.750
2049,68.300,21.471,12.083,7.329,-1.953,2,1,1,190.780,2.159,3,0,0.897,4,156.160,2069.767,0.867,0.330,2.632,0.890,0.560,0.124,0.184,0.816,0.657,0.750
2052,68.400,20.881,9.434,-0.590,-2.649,2,1,1,205.572,2.170,3,0,0.897,4,38.000,2477.909,0.867,0.330,2.729,0.956,0.297,0.009,0.196,0.804,0.651,0.350
2055,68.500,11.180,8.602,-9.700,-0.832,2,1,1,192.595,2.110,3,0,0.897,4,46.011,2980.825,0.867,0.330,2.630,0.938,0.008,0.008,0.195,0.805,0.596,0.580
2058,68.600,2.236,6.083,-8.944,-2.520,2,1,1,185.054,1.907,3,0,0.897,4,0.000,2567.987,0.867,0.339,2.556,0.935,0.249,0.044,0.195,0.805,0.566,0.580
2061,68.700,0.000,5.831,0.000,-0.252,1,0,1,0.000,0.657,3,0,0.897,2,44.102,1907.165,0.867,0.339,2.456,0.921,0.544,0.016,0.194,0.806,0.453,0.650
2064,68.800,176.233,212.925,173.997,207.094,2,1,1,207.480,1.564,3,0,0.897,4,0.000,1291.769,0.867,0.339,2.175,0.869,0.911,0.205,0.181,0.819,0.778,0.650
2067,68.900,0.000,208.396,0.000,-4.529,1,0,1,0.000,0.767,2,1,0.862,1,67.742,641.199,0.867,0.339,1.316,0.739,1.356,0.888,0.141,0.859,0.625,0.750
2070,69.000,0.000,9.487,0.000,-198.909,1,0,1,0.000,0.880,4,1,0.828,3,132.439,1044.668,0.867,0.339,1.516,0.222,1.757,1.521,0.145,0.855,0.614,0.750
2073,69.100,0.000,15.000,0.000,5.513,1,0,1,0.000,1.188,4,0,0.828,3,50.220,1072.160,0.867,0.339,1.651,0.376,1.675,1.027,0.142,0.858,0.637,0.700
2076,69.200,0.000,14.318,0.000,-0.682,1,0,1,0.000,1.141,4,0,0.828,3,147.580,1482.569,0.867,0.339,1.992,0.734,1.468,1.436,0.192,0.808,0.617,0.750
2079,69.300,16.971,208.885,-159.262,194.567,2,1,1,209.022,1.575,3,1,0.793,4,30.414,1365.019,0.867,0.408,1.905,0.645,1.486,0.442,0.178,0.822,0.787,0.750
2082,69.400,236.755,0.000,207.911,0.000,2,1,0,236.755,1.815,3,0,0.793,4,117.835,2026.954,0.867,0.399,2.542,0.726,1.376,1.499,0.201,0.799,0.797,0.655
2085,69.500,225.002,0.000,11.965,0.000,2,1,0,225.002,2.124,3,0,0.793,4,120.341,2390.408,0.867,0.389,3.250,0.566,1.196,0.093,0.206,0.794,0.826,0.669
2088,69.600,28.636,212.398,-196.367,3.513,2,1,1,241.696,2.049,3,0,0.793,4,119.971,2407.159,0.867,0.379,3.385,0.546,1.023,0.034,0.217,0.783,0.830,0.667
2091,69.700,6.325,6.708,-22.311,-205.690,2,1,1,248.676,1.982,3,0,0.793,4,112.681,2222.059,0.867,0.379,4.230,0.617,0.884,0.901,0.200,0.800,0.634,0.626
2094,69.800,19.723,12.042,13.399,5.333,2,1,1,245.394,2.080,3,0,0.828,4,99.323,2527.269,0.867,0.379,4.244,0.604,0.770,0.306,0.190,0.810,0.707,0.580
2097,69.900,22.804,12.369,3.080,0.328,2,1,1,246.441,1.753,3,0,0.828,4,89.359,1637.254,0.867,0.379,4.013,0.648,0.651,0.361,0.192,0.808,0.716,0.350
2100,70.000,16.401,7.280,-6.402,-5.089,2,1,1,248.847,1.385,3,0,0.828,4,82.765,1822.388,0.900,0.379,2.974,0.633,0.538,1.224,0.176,0.824,0.659,0.580
2103,70.100,3.606,11.000,-12.796,3.720,2,1,1,253.221,1.085,3,0,0.862,4,192.315,2928.134,0.933,0.379,1.695,0.691,0.455,0.050,0.134,0.866,0.597,0.750
2106,70.200,249.339,0.000,-7.248,0.000,2,1,0,249.339,0.861,4,1,0.828,5,81.025,2938.474,0.967,0.379,2.239,0.820,0.380,0.050,0.150,0.850,0.895,0.750
2109,70.300,17.692,10.198,-231.647,-0.802,2,1,1,256.400,0.895,4,0,0.828,5,89.471,3156.339,1.000,0.369,2.336,0.709,0.280,0.597,0.142,0.858,0.757,0.580
2112,70.400,7.211,5.831,-10.481,-4.367,2,1,1,264.690,0.911,4,0,0.862,5,89.694,3103.649,1.000,0.358,1.657,0.625,0.106,0.583,0.138,0.862,0.688,0.580
2115,70.500,268.412,0.000,0.494,0.000,2,1,0,268.412,1.430,4,0,0.862,5,83.487,3126.310,1.000,0.358,1.437,0.714,0.815,0.238,0.126,0.874,0.886,0.500
2118,70.600,264.796,0.000,-1.745,0.000,2,1,0,264.796,2.169,4,0,0.862,5,118.224,3386.694,1.000,0.347,2.121,0.601,0.826,0.567,0.132,0.868,0.911,0.657
2121,70.700,265.415,0.000,0.187,0.000,2,1,0,265.415,2.411,4,0,0.862,5,84.900,2644.539,1.000,0.347,1.628,0.709,0.907,1.038,0.099,0.901,0.891,0.350
2124,70.800,263.205,0.000,-1.797,0.000,2,1,0,263.205,2.969,3,1,0.828,4,106.005,2638.815,1.000,0.347,2.856,0.225,0.959,1.210,0.107,0.893,0.856,0.750
2127,70.900,37.855,0.000,-225.350,0.000,1,1,0,0.000,2.919,3,0,0.828,2,132.639,2734.080,1.000,0.347,2.905,0.375,1.226,0.120,0.131,0.869,0.697,0.737
2130,71.000,263.078,0.000,236.059,0.000,2,1,0,263.078,2.379,3,0,0.828,4,65.276,2448.334,1.000,0.347,3.004,0.510,1.174,0.415,0.151,0.849,0.839,0.650
2133,71.100,268.164,0.000,29.292,0.000,2,1,0,268.164,2.363,3,0,0.828,4,50.090,1917.625,1.000,0.347,2.704,0.727,0.824,0.041,0.164,0.836,0.817,0.450
2136,71.200,255.988,70.682,-12.176,64.851,2,1,1,283.171,2.363,3,0,0.828,4,38.471,1678.475,1.000,0.347,3.131,0.821,0.525,0.301,0.209,0.791,0.821,0.500
2139,71.300,5.831,10.770,-250.157,-59.912,2,1,1,288.694,2.122,3,0,0.828,4,35.847,1659.094,1.000,0.347,2.907,0.438,0.178,1.085,0.158,0.842,0.652,0.580
2142,71.400,16.971,0.000,11.140,0.000,1,1,0,0.000,1.972,3,0,0.828,2,107.005,1348.265,1.000,0.358,4.109,0.736,0.075,0.415,0.166,0.834,0.585,0.650
2145,71.500,49.163,0.000,32.192,0.000,1,1,0,0.000,1.857,3,0,0.828,2,124.036,1003.438,1.000,0.358,3.293,0.347,0.154,0.377,0.163,0.837,0.748,0.689
2148,71.600,36.878,0.000,-16.834,0.000,2,1,0,36.878,2.110,3,0,0.828,4,53.907,1111.029,1.000,0.358,6.395,0.570,0.155,1.567,0.213,0.787,0.875,0.650
2151,71.700,86.006,0.000,49.128,0.000,1,1,0,0.000,2.063,3,0,0.828,2,114.965,1402.319,1.000,0.369,5.098,0.574,0.232,0.193,0.214,0.786,0.777,0.650
2154,71.800,0.000,326.974,0.000,316.204,1,0,1,0.000,0.912,3,0,0.862,1,20.000,1819.760,1.000,0.379,6.281,0.320,0.442,0.486,0.259,0.741,0.765,0.500
2157,71.900,0.000,0.000,0.000,0.000,0,0,0,0.000,0.000,3,0,0.897,0,20.000,1819.760,0.967,0.379,7.442,0.376,0.703,0.231,0.280,0.720,0.346,0.650
2160,72.000,264.715,0.000,178.709,0.000,1,1,0,0.000,1.814,4,1,0.862,2,20.000,1819.760,0.967,0.371,4.870,0.097,1.108,0.518,0.207,0.793,0.871,0.750
2163,72.100,0.000,0.000,0.000,0.000,0,0,0,0.000,0.000,4,0,0.862,0,20.000,1819.760,0.933,0.371,2.881,0.281,1.347,0.580,0.200,0.800,0.334,0.650
2166,72.200,0.000,0.000,0.000,0.000,0,0,0,0.000,0.000,4,0,0.897,0,20.000,1819.760,0.900,0.371,2.341,0.826,1.406,2.993,0.159,0.841,0.279,0.700
2169,72.300,0.000,0.000,0.000,0.000,0,0,0,0.000,0.000,3,1,0.862,0,20.000,1819.760,0.867,0.371,1.996,0.864,1.449,0.059,0.189,0.811,0.163,0.750
2172,72.400,0.000,0.000,0.000,0.000,0,0,0,0.000,0.000,3,0,0.862,0,20.000,1819.760,0.833,0.371,1.646,0.744,1.350,2.258,0.162,0.838,0.159,0.580
2175,72.500,0.000,0.000,0.000,0.000,0,0,0,0.000,0.000,3,0,0.862,0,20.000,1819.760,0.800,0.371,1.547,0.227,1.233,0.123,0.134,0.866,0.189,0.580
2178,72.600,0.000,0.000,0.000,0.000,0,0,0,0.000,0.000,4,1,0.828,0,20.000,1819.760,0.767,0.371,3.475,0.833,1.155,0.641,0.241,0.759,0.291,0.750
2181,72.700,0.000,0.000,0.000,0.000,0,0,0,0.000,0.000,4,0,0.828,0,20.000,1819.760,0.733,0.371,3.722,0.830,1.285,0.495,0.212,0.788,0.293,0.580
2184,72.800,0.000,0.000,0.000,0.000,0,0,0,0.000,0.000,4,0,0.828,0,20.000,1819.760,0.700,0.371,3.136,0.681,1.565,0.304,0.178,0.822,0.285,0.700
2187,72.900,0.000,0.000,0.000,0.000,0,0,0,0.000,0.000,3,1,0.793,0,20.000,1819.760,0.667,0.371,4.758,0.768,1.992,0.055,0.245,0.755,0.215,0.750
2190,73.000,0.000,0.000,0.000,0.000,0,0,0,0.000,0.000,3,0,0.793,0,20.000,1819.760,0.633,0.371,4.966,0.643,2.004,0.292,0.199,0.801,0.225,0.700
2193,73.100,0.000,0.000,0.000,0.000,0,0,0,0.000,0.000,3,0,0.828,0,20.000,1819.760,0.600,0.371,5.225,0.478,2.078,0.007,0.216,0.784,0.239,0.700
2196,73.200,321.274,216.836,56.559,-110.138,2,1,1,526.576,1.794,3,0,0.828,4,69.311,2360.485,0.600,0.236,4.295,0.416,0.949,1.007,0.219,0.781,0.830,0.650
2199,73.300,33.541,71.063,-287.733,-145.773,2,1,1,530.457,1.731,3,0,0.828,4,69.311,2360.485,0.600,0.236,6.365,0.507,0.675,1.703,0.225,0.775,0.876,0.550
2202,73.400,2.828,49.649,-30.713,-21.415,2,1,1,546.033,1.580,3,0,0.828,4,69.311,2360.485,0.600,0.236,6.812,0.730,0.407,0.140,0.240,0.760,0.871,0.450
2205,73.500,16.031,28.443,13.203,-21.206,2,1,1,543.330,1.779,3,0,0.828,4,69.311,2360.485,0.600,0.236,5.958,0.654,0.104,0.104,0.231,0.769,0.763,0.580
2208,73.600,3.162,24.739,-12.869,-3.704,2,1,1,548.403,1.880,3,0,0.828,3,441.163,4421.489,0.600,0.243,3.188,0.715,0.015,3.008,0.217,0.783,0.669,0.750
2211,73.700,555.304,0.000,551.061,0.000,2,1,0,555.304,1.841,3,0,0.862,3,5.831,6432.304,0.600,0.243,2.310,0.731,0.003,0.097,0.192,0.808,0.759,0.500
2214,73.800,563.645,0.000,-5.962,0.000,2,1,0,563.645,2.121,3,0,0.862,4,466.164,7300.144,0.600,0.243,2.487,0.764,0.035,0.441,0.190,0.810,0.761,0.750
2217,73.900,583.095,0.000,-0.502,0.000,2,1,0,583.095,2.742,3,0,0.862,4,466.164,7300.144,0.600,0.243,3.296,0.723,0.022,0.780,0.201,0.799,0.784,0.750
2220,74.000,599.691,0.000,6.229,0.000,2,1,0,599.691,2.992,3,0,0.862,4,466.164,7300.144,0.600,0.243,3.983,0.840,0.135,0.744,0.221,0.779,0.793,0.750
2223,74.100,601.479,0.000,2.513,0.000,2,1,0,601.479,3.129,4,1,0.828,4,466.164,7300.144,0.600,0.243,3.653,0.850,0.274,0.044,0.206,0.794,0.884,0.750
2226,74.200,16.401,598.145,-585.078,573.407,2,1,1,613.183,2.857,4,0,0.828,4,466.164,7300.144,0.600,0.243,4.063,0.895,0.255,0.383,0.205,0.795,0.891,0.750
2229,74.300,1.414,5.657,-14.987,-592.489,2,1,1,618.081,2.480,4,0,0.828,4,466.164,7300.144,0.600,0.243,2.994,0.904,0.247,0.040,0.179,0.821,0.645,0.750
2232,74.400,599.188,0.000,3.743,0.000,2,1,0,599.188,2.379,3,1,0.793,4,466.164,7300.144,0.600,0.236,3.492,0.602,0.234,0.264,0.150,0.850,0.797,0.750
2235,74.500,21.633,35.000,-577.554,29.343,2,1,1,620.423,2.058,3,0,0.793,4,466.164,7300.144,0.600,0.236,3.979,0.213,0.159,1.218,0.174,0.826,0.781,0.750
2238,74.600,556.864,619.013,535.230,584.013,2,1,1,555.256,1.994,3,0,0.793,4,0.000,7619.644,0.600,0.219,4.605,0.313,0.058,0.548,0.169,0.831,0.845,0.450
2241,74.700,12.042,15.000,-544.822,-604.013,2,1,1,535.717,1.979,3,0,0.793,4,0.000,7758.180,0.600,0.369,4.059,0.364,0.083,1.685,0.137,0.863,0.661,0.580
2244,74.800,0.000,494.082,0.000,-12.501,2,0,1,494.082,1.684,3,0,0.793,4,21.932,7620.450,0.600,0.369,5.328,0.583,0.107,1.975,0.162,0.838,0.844,0.550
2247,74.900,555.253,483.827,543.212,-10.255,2,1,1,518.267,2.023,3,0,0.828,4,187.808,7889.800,0.633,0.369,4.327,0.605,0.062,0.546,0.160,0.840,0.822,0.750
2250,75.000,0.000,5.099,0.000,-478.728,1,0,1,0.000,2.132,4,1,0.793,2,211.483,8074.888,0.633,0.369,2.755,0.590,0.013,1.829,0.129,0.871,0.522,0.750
2253,75.100,0.000,9.487,0.000,4.388,1,0,1,0.000,2.091,4,0,0.793,2,211.483,8074.888,0.667,0.379,2.226,0.514,0.185,0.043,0.109,0.891,0.542,0.750
2256,75.200,0.000,7.071,0.000,-2.416,1,0,1,0.000,1.890,4,0,0.828,2,211.483,8074.888,0.700,0.379,2.520,0.423,0.238,0.071,0.111,0.889,0.547,0.750
2259,75.300,484.608,5.385,-70.645,-1.686,2,1,1,24.597,1.988,3,1,0.793,4,46.011,9439.307,0.733,0.379,2.032,0.257,0.228,0.320,0.095,0.905,0.801,0.750
2262,75.400,0.000,4.472,0.000,-0.913,1,0,1,0.000,2.025,3,0,0.793,2,42.379,9967.837,0.767,0.379,1.812,0.389,0.272,1.434,0.102,0.898,0.455,0.650
2265,75.500,0.000,12.728,0.000,8.256,1,0,1,0.000,2.243,3,0,0.828,2,199.331,11344.494,0.800,0.389,1.409,0.595,0.432,1.170,0.098,0.902,0.480,0.750
2268,75.600,0.000,31.064,0.000,18.337,1,0,1,0.000,1.881,3,0,0.828,2,187.579,11461.288,0.833,0.389,1.145,0.524,0.735,0.092,0.083,0.917,0.585,0.750
2271,75.700,0.000,0.000,0.000,0.000,0,0,0,0.000,0.000,2,1,0.793,0,187.579,11461.288,0.833,0.389,0.804,0.567,0.873,0.081,0.067,0.933,0.150,0.750
2274,75.800,0.000,50.990,0.000,19.926,1,0,1,0.000,1.863,2,0,0.828,1,187.579,11461.288,0.867,0.391,0.804,0.560,1.059,1.580,0.066,0.934,0.625,0.750
2277,75.900,0.000,16.031,0.000,-34.959,1,0,1,0.000,1.814,3,1,0.793,2,187.579,11461.288,0.900,0.400,1.247,0.704,1.154,2.799,0.088,0.912,0.499,0.750
2280,76.000,0.000,49.649,0.000,33.618,1,0,1,0.000,1.863,3,0,0.793,2,187.579,11461.288,0.933,0.400,3.214,0.521,1.196,2.742,0.115,0.885,0.726,0.750
2283,76.100,0.000,0.000,0.000,0.000,0,0,0,0.000,0.000,3,0,0.793,0,187.579,11461.288,0.933,0.400,5.835,0.655,1.199,0.051,0.151,0.849,0.282,0.750
2286,76.200,0.000,0.000,0.000,0.000,0,0,0,0.000,0.000,4,1,0.759,0,187.579,11461.288,0.900,0.400,5.434,0.636,1.127,0.031,0.117,0.883,0.369,0.750
2289,76.300,0.000,0.000,0.000,0.000,0,0,0,0.000,0.000,4,0,0.759,0,187.579,11461.288,0.867,0.400,4.385,0.577,1.045,0.120,0.105,0.895,0.343,0.750
2292,76.400,0.000,0.000,0.000,0.000,0,0,0,0.000,0.000,4,0,0.759,0,187.579,11461.288,0.833,0.400,1.024,0.420,1.127,0.008,0.133,0.867,0.266,0.750
2295,76.500,0.000,106.963,0.000,57.314,1,0,1,0.000,1.705,3,1,0.724,2,116.692,12387.239,0.833,0.350,1.446,0.767,1.486,2.651,0.095,0.905,0.652,0.750
2298,76.600,0.000,11.180,0.000,-95.782,1,0,1,0.000,1.642,3,0,0.724,2,116.692,12387.239,0.833,0.350,1.269,0.778,1.609,0.195,0.096,0.904,0.459,0.700
2301,76.700,0.000,10.770,0.000,-0.410,1,0,1,0.000,1.446,2,1,0.690,1,116.692,12387.239,0.833,0.359,0.721,0.853,1.479,0.139,0.068,0.932,0.408,0.750
2304,76.800,0.000,0.000,0.000,0.000,0,0,0,0.000,0.000,3,1,0.655,0,116.692,12387.239,0.800,0.359,1.548,0.533,1.671,2.482,0.089,0.911,0.167,0.750
2307,76.900,0.000,0.000,0.000,0.000,0,0,0,0.000,0.000,3,0,0.655,0,116.692,12387.239,0.767,0.359,4.636,0.461,1.587,0.012,0.116,0.884,0.246,0.700
2310,77.000,0.000,0.000,0.000,0.000,0,0,0,0.000,0.000,3,0,0.690,0,116.692,12387.239,0.733,0.359,5.998,0.483,1.137,0.312,0.144,0.856,0.274,0.648
2313,77.100,0.000,87.864,0.000,77.093,1,0,1,0.000,1.465,3,0,0.690,2,0.000,12380.344,0.733,0.351,6.592,0.431,0.590,0.476,0.206,0.794,0.793,0.650
2316,77.200,0.000,21.840,0.000,-66.023,1,0,1,0.000,1.499,3,0,0.690,2,0.000,12380.344,0.733,0.359,5.877,0.342,0.098,0.044,0.197,0.803,0.652,0.580
2319,77.300,107.703,36.620,-376.905,14.779,2,1,1,31.048,1.998,3,0,0.724,4,0.000,4474.950,0.733,0.359,7.126,0.187,0.332,0.453,0.185,0.815,0.933,0.650
2322,77.400,0.000,0.000,0.000,0.000,0,0,0,0.000,0.000,5,1,0.690,0,0.000,4474.950,0.700,0.359,9.050,0.179,0.710,0.269,0.150,0.850,0.441,0.750
2325,77.500,0.000,0.000,0.000,0.000,0,0,0,0.000,0.000,5,0,0.690,0,0.000,4474.950,0.667,0.359,9.380,0.049,1.157,0.569,0.140,0.860,0.447,0.580
2328,77.600,0.000,0.000,0.000,0.000,0,0,0,0.000,0.000,5,0,0.690,0,0.000,4474.950,0.633,0.359,6.926,0.352,1.514,0.979,0.129,0.871,0.394,0.700
2331,77.700,0.000,0.000,0.000,0.000,0,0,0,0.000,0.000,3,1,0.655,0,0.000,4474.950,0.600,0.359,7.092,0.362,1.367,0.364,0.142,0.858,0.294,0.750
2334,77.800,0.000,0.000,0.000,0.000,0,0,0,0.000,0.000,3,0,0.655,0,0.000,4474.950,0.567,0.359,8.633,0.537,1.282,0.271,0.164,0.836,0.300,0.580
2337,77.900,0.000,0.000,0.000,0.000,0,0,0,0.000,0.000,3,0,0.690,0,0.000,4474.950,0.533,0.359,5.955,0.839,1.567,0.414,0.137,0.863,0.224,0.700
2340,78.000,0.000,0.000,0.000,0.000,0,0,0,0.000,0.000,3,0,0.690,0,0.000,4474.950,0.500,0.359,8.462,0.655,1.933,0.316,0.153,0.847,0.284,0.700
2343,78.100,0.000,0.000,0.000,0.000,0,0,0,0.000,0.000,3,0,0.690,0,0.000,4474.950,0.467,0.359,8.820,0.442,2.262,0.404,0.186,0.814,0.295,0.700
2346,78.200,0.000,0.000,0.000,0.000,0,0,0,0.000,0.000,3,0,0.724,0,0.000,4474.950,0.433,0.359,7.074,0.451,2.582,0.274,0.162,0.838,0.267,0.700
2349,78.300,0.000,0.000,0.000,0.000,0,0,0,0.000,0.000,3,0,0.724,0,0.000,4474.950,0.400,0.359,5.936,0.656,2.840,0.498,0.138,0.862,0.220,0.700
2352,78.400,0.000,0.000,0.000,0.000,0,0,0,0.000,0.000,3,0,0.724,0,0.000,4474.950,0.367,0.359,4.532,0.698,3.023,0.056,0.170,0.830,0.178,0.700
2355,78.500,0.000,0.000,0.000,0.000,0,0,0,0.000,0.000,3,0,0.724,0,0.000,4474.950,0.333,0.359,4.235,0.598,2.728,0.816,0.170,0.830,0.174,0.700
2358,78.600,0.000,0.000,0.000,0.000,0,0,0,0.000,0.000,4,1,0.724,0,0.000,4474.950,0.300,0.359,3.900,0.695,2.237,0.694,0.162,0.838,0.255,0.750
2361,78.700,0.000,0.000,0.000,0.000,0,0,0,0.000,0.000,4,0,0.724,0,0.000,4474.950,0.300,0.359,3.476,0.326,1.793,2.247,0.122,0.878,0.270,0.700
2364,78.800,0.000,0.000,0.000,0.000,0,0,0,0.000,0.000,4,0,0.759,0,0.000,4474.950,0.267,0.359,2.709,0.316,1.543,1.192,0.122,0.878,0.248,0.700
2367,78.900,0.000,0.000,0.000,0.000,0,0,0,0.000,0.000,5,1,0.724,0,0.000,4474.950,0.233,0.359,4.469,0.520,1.173,1.898,0.150,0.850,0.273,0.750
2370,79.000,0.000,0.000,0.000,0.000,0,0,0,0.000,0.000,5,0,0.724,0,0.000,4474.950,0.200,0.359,2.197,0.536,0.729,1.858,0.120,0.880,0.211,0.580
2373,79.100,0.000,0.000,0.000,0.000,0,0,0,0.000,0.000,5,0,0.759,0,0.000,4474.950,0.200,0.359,3.762,0.294,0.337,1.008,0.132,0.868,0.267,0.580
2376,79.200,0.000,102.533,0.000,65.913,1,0,1,0.000,1.400,6,1,0.724,2,0.000,4949.965,0.233,0.242,5.047,0.376,0.231,0.646,0.148,0.852,0.738,0.750
2379,79.300,0.000,31.623,0.000,-70.910,1,0,1,0.000,1.658,6,0,0.724,2,36.359,5171.557,0.267,0.246,4.484,0.525,0.142,0.543,0.167,0.833,0.643,0.580
2382,79.400,0.000,19.313,0.000,-12.310,1,0,1,0.000,1.671,6,0,0.759,2,0.000,5108.369,0.300,0.246,4.913,0.512,0.050,1.001,0.159,0.841,0.590,0.580
2385,79.500,0.000,37.483,0.000,18.170,1,0,1,0.000,1.557,4,1,0.724,2,0.000,4042.954,0.300,0.249,3.183,0.589,0.194,1.638,0.151,0.849,0.673,0.750
2388,79.600,0.000,0.000,0.000,0.000,0,0,0,0.000,0.000,4,0,0.759,0,0.000,4042.954,0.267,0.249,3.572,0.508,0.507,2.023,0.126,0.874,0.256,0.650
2391,79.700,0.000,89.308,0.000,51.825,1,0,1,0.000,1.823,4,0,0.793,2,40.311,4005.269,0.267,0.253,2.437,0.434,0.898,0.462,0.121,0.879,0.703,0.650
2394,79.800,0.000,37.202,0.000,-52.106,1,0,1,0.000,1.802,5,1,0.759,2,83.024,3809.729,0.300,0.257,1.315,0.532,1.521,1.142,0.093,0.907,0.610,0.750
2397,79.900,0.000,0.000,0.000,0.000,0,0,0,0.000,0.000,5,0,0.759,0,83.024,3809.729,0.300,0.257,2.068,0.836,2.610,0.760,0.123,0.877,0.199,0.700
2400,80.000,0.000,0.000,0.000,0.000,0,0,0,0.000,0.000,5,0,0.759,0,83.024,3809.729,0.300,0.257,1.358,0.772,2.699,0.651,0.119,0.881,0.186,0.700
2403,80.100,0.000,12.728,0.000,-24.474,1,0,1,0.000,1.956,6,1,0.724,2,0.000,2611.768,0.300,0.263,1.687,0.811,2.466,0.721,0.122,0.878,0.452,0.750
2406,80.200,0.000,14.318,0.000,1.590,1,0,1,0.000,1.873,6,0,0.724,2,0.000,1483.334,0.300,0.267,0.898,0.695,2.178,0.267,0.087,0.913,0.449,0.700
2409,80.300,0.000,0.000,0.000,0.000,0,0,0,0.000,0.000,5,1,0.724,0,0.000,1483.334,0.267,0.267,0.712,0.681,1.972,1.948,0.080,0.920,0.172,0.750
2412,80.400,0.000,0.000,0.000,0.000,0,0,0,0.000,0.000,4,1,0.690,0,0.000,1483.334,0.267,0.267,1.377,0.722,1.678,1.721,0.101,0.899,0.186,0.750
2415,80.500,0.000,0.000,0.000,0.000,0,0,0,0.000,0.000,4,0,0.690,0,0.000,1483.334,0.267,0.267,0.996,0.738,1.689,0.539,0.089,0.911,0.175,0.700
2418,80.600,0.000,30.871,0.000,16.553,1,0,1,0.000,1.966,4,0,0.724,2,0.000,1483.334,0.300,0.275,1.089,0.651,1.484,0.420,0.082,0.918,0.579,0.700
2421,80.700,0.000,0.000,0.000,0.000,0,0,0,0.000,0.000,3,1,0.690,0,0.000,1483.334,0.300,0.275,0.803,0.321,1.456,1.340,0.082,0.918,0.204,0.750
2424,80.800,0.000,7.810,0.000,-23.060,1,0,1,0.000,1.736,4,1,0.655,1,0.000,1483.334,0.333,0.282,0.973,0.637,1.560,1.610,0.093,0.907,0.408,0.750
2427,80.900,52.086,0.000,-55.617,0.000,1,1,0,0.000,2.046,4,0,0.655,2,0.000,1483.334,0.367,0.285,1.761,0.321,1.704,1.593,0.076,0.924,0.706,0.700
2430,81.000,20.396,0.000,-31.690,0.000,1,1,0,0.000,1.687,5,1,0.621,2,0.000,1483.334,0.400,0.285,3.342,0.590,1.796,0.423,0.126,0.874,0.576,0.750
2433,81.100,0.000,0.000,0.000,0.000,0,0,0,0.000,0.000,5,0,0.621,0,0.000,1483.334,0.400,0.285,5.064,0.837,1.811,0.190,0.166,0.834,0.286,0.700
2436,81.200,0.000,0.000,0.000,0.000,0,0,0,0.000,0.000,5,0,0.621,0,0.000,1483.334,0.400,0.285,4.808,0.894,2.109,0.092,0.174,0.826,0.276,0.700
2439,81.300,0.000,0.000,0.000,0.000,0,0,0,0.000,0.000,4,1,0.586,0,0.000,1483.334,0.400,0.285,2.353,0.788,2.045,0.129,0.167,0.833,0.222,0.750
2442,81.400,0.000,0.000,0.000,0.000,0,0,0,0.000,0.000,4,0,0.586,0,0.000,1483.334,0.400,0.285,2.540,0.843,1.597,0.028,0.193,0.807,0.222,0.700
2445,81.500,0.000,0.000,0.000,0.000,0,0,0,0.000,0.000,4,0,0.621,0,0.000,1483.334,0.400,0.285,2.141,0.754,1.362,0.122,0.151,0.849,0.219,0.580
2448,81.600,0.000,0.000,0.000,0.000,0,0,0,0.000,0.000,4,0,0.621,0,0.000,1483.334,0.400,0.285,0.806,0.253,1.043,0.182,0.098,0.902,0.220,0.580
2451,81.700,0.000,0.000,0.000,0.000,0,0,0,0.000,0.000,4,0,0.621,0,0.000,1483.334,0.400,0.285,1.455,0.556,0.929,0.670,0.152,0.848,0.215,0.580
2454,81.800,0.000,0.000,0.000,0.000,0,0,0,0.000,0.000,4,0,0.655,0,0.000,1483.334,0.400,0.285,1.020,0.902,0.694,0.548,0.102,0.898,0.180,0.580
2457,81.900,0.000,0.000,0.000,0.000,0,0,0,0.000,0.000,3,1,0.621,0,0.000,1483.334,0.400,0.285,1.413,0.925,0.534,0.777,0.166,0.834,0.189,0.750
2460,82.000,0.000,0.000,0.000,0.000,0,0,0,0.000,0.000,3,0,0.621,0,0.000,1483.334,0.400,0.285,1.434,0.955,0.398,0.122,0.165,0.835,0.187,0.580
2463,82.100,0.000,0.000,0.000,0.000,0,0,0,0.000,0.000,4,1,0.621,0,0.000,1483.334,0.400,0.285,0.943,0.719,0.309,1.857,0.077,0.923,0.191,0.750
2466,82.200,0.000,0.000,0.000,0.000,0,0,0,0.000,0.000,4,0,0.621,0,0.000,1483.334,0.367,0.285,1.188,0.813,0.194,2.654,0.140,0.860,0.187,0.580
2469,82.300,0.000,0.000,0.000,0.000,0,0,0,0.000,0.000,4,0,0.621,0,0.000,1483.334,0.333,0.285,2.083,0.871,0.018,0.327,0.198,0.802,0.201,0.580
2472,82.400,0.000,0.000,0.000,0.000,0,0,0,0.000,0.000,4,0,0.655,0,0.000,1483.334,0.300,0.285,2.647,0.940,0.282,0.612,0.240,0.760,0.206,0.580
2475,82.500,0.000,0.000,0.000,0.000,0,0,0,0.000,0.000,4,0,0.655,0,0.000,1483.334,0.267,0.285,2.662,0.864,0.719,2.888,0.186,0.814,0.208,0.580
2478,82.600,0.000,0.000,0.000,0.000,0,0,0,0.000,0.000,4,0,0.655,0,0.000,1483.334,0.267,0.285,4.274,0.894,0.636,0.451,0.202,0.798,0.246,0.580
2481,82.700,0.000,0.000,0.000,0.000,0,0,0,0.000,0.000,4,0,0.690,0,0.000,1483.334,0.233,0.285,4.070,0.806,0.350,2.409,0.215,0.785,0.243,0.580
2484,82.800,0.000,0.000,0.000,0.000,0,0,0,0.000,0.000,5,1,0.655,0,0.000,1483.334,0.200,0.285,7.599,0.709,0.137,1.006,0.218,0.782,0.334,0.750
2487,82.900,0.000,0.000,0.000,0.000,0,0,0,0.000,0.000,5,0,0.655,0,0.000,1483.334,0.200,0.285,6.578,0.763,0.345,0.982,0.184,0.816,0.305,0.580
2490,83.000,0.000,0.000,0.000,0.000,0,0,0,0.000,0.000,5,0,0.690,0,0.000,1483.334,0.200,0.285,4.460,0.612,0.518,0.214,0.199,0.801,0.263,0.580
2493,83.100,0.000,0.000,0.000,0.000,0,0,0,0.000,0.000,4,1,0.655,0,0.000,1483.334,0.167,0.285,6.058,0.579,0.598,2.912,0.203,0.797,0.301,0.750
2496,83.200,0.000,0.000,0.000,0.000,0,0,0,0.000,0.000,4,0,0.690,0,0.000,1483.334,0.133,0.285,7.401,0.283,0.880,2.288,0.188,0.812,0.351,0.580
2499,83.300,0.000,0.000,0.000,0.000,0,0,0,0.000,0.000,4,0,0.724,0,0.000,1483.334,0.133,0.285,6.707,0.223,1.159,0.226,0.180,0.820,0.338,0.580
2502,83.400,0.000,0.000,0.000,0.000,0,0,0,0.000,0.000,4,1,0.690,0,0.000,1483.334,0.133,0.285,4.717,0.856,1.442,3.024,0.176,0.824,0.244,0.750
2505,83.500,0.000,0.000,0.000,0.000,0,0,0,0.000,0.000,4,0,0.690,0,0.000,1483.334,0.133,0.285,7.166,0.749,1.606,0.610,0.186,0.814,0.313,0.700
2508,83.600,0.000,0.000,0.000,0.000,0,0,0,0.000,0.000,4,0,0.724,0,0.000,1483.334,0.100,0.285,4.997,0.515,1.895,0.421,0.170,0.830,0.271,0.700
2511,83.700,0.000,0.000,0.000,0.000,0,0,0,0.000,0.000,3,1,0.724,0,0.000,1483.334,0.100,0.285,4.115,0.452,2.095,3.008,0.148,0.852,0.153,0.750
2514,83.800,0.000,0.000,0.000,0.000,0,0,0,0.000,0.000,3,0,0.724,0,0.000,1483.334,0.067,0.285,6.196,0.517,2.258,0.099,0.146,0.854,0.197,0.700
2517,83.900,0.000,0.000,0.000,0.000,0,0,0,0.000,0.000,3,0,0.759,0,0.000,1483.334,0.033,0.285,6.906,0.507,2.476,0.420,0.173,0.827,0.211,0.700
2520,84.000,0.000,0.000,0.000,0.000,0,0,0,0.000,0.000,3,0,0.759,0,0.000,1483.334,0.000,0.285,9.671,0.757,2.651,0.196,0.150,0.850,0.217,0.700
2523,84.100,0.000,0.000,0.000,0.000,0,0,0,0.000,0.000,3,0,0.759,0,0.000,1483.334,0.000,0.285,6.571,0.238,3.124,0.212,0.148,0.852,0.218,0.700
2526,84.200,0.000,0.000,0.000,0.000,0,0,0,0.000,0.000,3,0,0.793,0,0.000,1483.334,0.000,0.285,7.127,0.544,3.614,1.624,0.138,0.862,0.210,0.700
2529,84.300,0.000,0.000,0.000,0.000,0,0,0,0.000,0.000,3,0,0.793,0,0.000,1483.334,0.000,0.285,8.020,0.296,4.237,0.085,0.150,0.850,0.249,0.700
2532,84.400,0.000,0.000,0.000,0.000,0,0,0,0.000,0.000,3,0,0.793,0,0.000,1483.334,0.000,0.285,8.269,0.538,2.339,0.939,0.158,0.842,0.232,0.700
2535,84.500,0.000,0.000,0.000,0.000,0,0,0,0.000,0.000,3,0,0.793,0,0.000,1483.334,0.000,0.285,6.770,0.331,1.925,2.514,0.166,0.834,0.216,0.700
2538,84.600,0.000,0.000,0.000,0.000,0,0,0,0.000,0.000,3,0,0.793,0,0.000,1483.334,0.000,0.285,8.055,0.705,1.886,0.200,0.182,0.818,0.221,0.700
2541,84.700,0.000,0.000,0.000,0.000,0,0,0,0.000,0.000,3,0,0.793,0,0.000,1483.334,0.000,0.285,8.175,0.778,1.722,0.301,0.193,0.807,0.216,0.700
2544,84.800,0.000,0.000,0.000,0.000,0,0,0,0.000,0.000,3,0,0.828,0,0.000,1483.334,0.000,0.285,5.938,0.819,1.434,0.776,0.201,0.799,0.161,0.700
2547,84.900,0.000,0.000,0.000,0.000,0,0,0,0.000,0.000,3,0,0.828,0,0.000,1483.334,0.000,0.285,2.725,0.847,1.240,0.522,0.129,0.871,0.079,0.580
2550,85.000,0.000,0.000,0.000,0.000,0,0,0,0.000,0.000,3,0,0.862,0,0.000,1483.334,0.000,0.285,2.244,0.817,1.136,1.221,0.159,0.841,0.069,0.580
2553,85.100,0.000,0.000,0.000,0.000,0,0,0,0.000,0.000,3,0,0.862,0,0.000,1483.334,0.000,0.285,2.273,0.467,0.821,2.731,0.135,0.865,0.094,0.580
2556,85.200,0.000,0.000,0.000,0.000,0,0,0,0.000,0.000,3,0,0.862,0,0.000,1483.334,0.000,0.285,1.871,0.542,0.686,2.587,0.164,0.836,0.079,0.580
2559,85.300,0.000,0.000,0.000,0.000,0,0,0,0.000,0.000,3,0,0.862,0,0.000,1483.334,0.000,0.285,1.433,0.385,0.583,0.437,0.124,0.876,0.079,0.580
2562,85.400,0.000,0.000,0.000,0.000,0,0,0,0.000,0.000,2,1,0.828,0,0.000,1483.334,0.000,0.285,1.311,0.923,0.271,0.024,0.139,0.861,0.038,0.750
2565,85.500,0.000,0.000,0.000,0.000,0,0,0,0.000,0.000,3,1,0.793,0,0.000,1483.334,0.000,0.285,1.712,0.874,0.159,1.318,0.130,0.870,0.052,0.750
2568,85.600,0.000,0.000,0.000,0.000,0,0,0,0.000,0.000,3,0,0.793,0,0.000,1483.334,0.000,0.285,2.208,0.954,0.790,2.006,0.156,0.844,0.058,0.580
2571,85.700,0.000,0.000,0.000,0.000,0,0,0,0.000,0.000,3,0,0.828,0,0.000,1483.334,0.000,0.285,2.635,0.558,1.128,2.617,0.150,0.850,0.097,0.580
2574,85.800,0.000,0.000,0.000,0.000,0,0,0,0.000,0.000,3,0,0.828,0,0.000,1483.334,0.000,0.285,1.174,0.771,1.575,2.363,0.119,0.881,0.045,0.700
2577,85.900,0.000,0.000,0.000,0.000,0,0,0,0.000,0.000,3,0,0.828,0,0.000,1483.334,0.000,0.285,1.662,0.567,1.888,1.499,0.138,0.862,0.072,0.700
2580,86.000,0.000,0.000,0.000,0.000,0,0,0,0.000,0.000,3,0,0.862,0,0.000,1483.334,0.000,0.285,1.113,0.513,2.170,2.145,0.100,0.900,0.062,0.700
2583,86.100,0.000,0.000,0.000,0.000,0,0,0,0.000,0.000,3,0,0.862,0,0.000,1483.334,0.000,0.285,2.493,0.614,2.732,2.271,0.134,0.866,0.089,0.700
2586,86.200,0.000,0.000,0.000,0.000,0,0,0,0.000,0.000,3,0,0.862,0,0.000,1483.334,0.000,0.285,1.423,0.233,3.041,0.288,0.125,0.875,0.089,0.700
2589,86.300,0.000,0.000,0.000,0.000,0,0,0,0.000,0.000,3,0,0.897,0,0.000,1483.334,0.000,0.285,3.868,0.639,3.321,1.260,0.180,0.820,0.122,0.700
2592,86.400,0.000,0.000,0.000,0.000,0,0,0,0.000,0.000,3,0,0.897,0,0.000,1483.334,0.000,0.285,7.774,0.474,3.336,1.110,0.186,0.814,0.231,0.700
2595,86.500,0.000,0.000,0.000,0.000,0,0,0,0.000,0.000,3,0,0.897,0,0.000,1483.334,0.000,0.285,4.279,0.678,2.558,2.794,0.162,0.838,0.130,0.700
2598,86.600,0.000,0.000,0.000,0.000,0,0,0,0.000,0.000,3,0,0.931,0,0.000,1483.334,0.000,0.285,12.671,0.073,1.922,1.052,0.333,0.667,0.265,0.700
2601,86.700,0.000,550.760,0.000,542.950,1,0,1,0.000,2.003,3,0,0.931,2,299.668,3001.815,0.033,0.207,2.259,0.869,1.342,2.048,0.183,0.817,0.570,0.750
2604,86.800,0.000,2.000,0.000,-548.760,1,0,1,0.000,2.140,3,0,0.931,2,299.668,3001.815,0.067,0.207,4.168,0.852,1.162,0.514,0.220,0.780,0.384,0.750
2607,86.900,0.000,12.042,0.000,10.042,1,0,1,0.000,1.955,3,0,0.931,2,299.668,3001.815,0.100,0.207,6.409,0.797,0.868,0.071,0.237,0.763,0.503,0.750
2610,87.000,0.000,42.485,0.000,30.444,1,0,1,0.000,1.754,3,0,0.931,2,299.668,3001.815,0.133,0.207,6.356,0.829,0.565,0.128,0.244,0.756,0.673,0.750
2613,87.100,0.000,9.000,0.000,-33.485,1,0,1,0.000,1.677,3,0,0.931,1,299.668,3001.815,0.167,0.207,6.148,0.891,0.287,0.028,0.244,0.756,0.421,0.750
2616,87.200,535.135,0.000,514.738,0.000,1,1,0,0.000,1.791,3,0,0.931,2,299.668,3001.815,0.200,0.208,6.663,0.917,0.087,0.238,0.251,0.749,0.696,0.750
2619,87.300,2.000,0.000,-533.135,0.000,1,1,0,0.000,1.658,3,0,0.931,2,299.668,3001.815,0.233,0.208,6.273,0.940,0.116,0.067,0.251,0.749,0.450,0.750
2622,87.400,0.000,30.594,0.000,21.594,1,0,1,0.000,1.777,3,0,0.931,2,299.668,3001.815,0.267,0.208,5.876,0.916,0.418,0.011,0.248,0.752,0.605,0.750
2625,87.500,42.720,0.000,4.132,0.000,2,1,0,42.720,1.878,3,0,0.931,3,70.576,3993.938,0.300,0.208,5.574,0.858,0.756,0.033,0.247,0.753,0.783,0.650
2628,87.600,0.000,31.575,0.000,0.981,1,0,1,0.000,1.612,4,1,0.897,2,70.214,5587.019,0.333,0.205,5.527,0.922,1.090,0.021,0.262,0.738,0.679,0.750
2631,87.700,0.000,27.295,0.000,-4.281,1,0,1,0.000,1.706,4,0,0.897,2,20.616,7049.359,0.367,0.205,5.103,0.934,1.656,0.010,0.244,0.756,0.648,0.700
2634,87.800,0.000,4.472,0.000,-22.823,1,0,1,0.000,1.486,4,0,0.897,2,16.125,8267.244,0.400,0.200,3.820,0.882,3.331,0.177,0.229,0.771,0.497,0.700
2637,87.900,0.000,29.000,0.000,24.528,1,0,1,0.000,1.649,4,0,0.897,3,60.216,10904.264,0.433,0.200,3.296,0.767,5.484,0.093,0.201,0.799,0.677,0.700
2640,88.000,0.000,36.620,0.000,7.620,1,0,1,0.000,1.488,4,0,0.897,3,73.239,14182.039,0.467,0.194,2.747,0.764,2.044,0.224,0.180,0.820,0.710,0.700
2643,88.100,33.838,0.000,-8.882,0.000,1,1,0,0.000,1.689,4,0,0.897,2,76.694,14443.144,0.500,0.194,1.892,0.771,1.817,0.333,0.177,0.823,0.631,0.700
2646,88.200,16.492,0.000,-17.345,0.000,1,1,0,0.000,1.582,3,1,0.862,1,76.694,14443.144,0.533,0.194,2.005,0.815,0.537,0.351,0.176,0.824,0.409,0.750
2649,88.300,0.000,43.290,0.000,6.670,1,0,1,0.000,1.627,3,0,0.897,1,157.156,16163.989,0.567,0.196,0.759,0.790,0.524,0.984,0.088,0.912,0.532,0.750
2652,88.400,25.080,0.000,8.587,0.000,1,1,0,0.000,1.481,3,0,0.931,1,157.156,16163.989,0.600,0.197,2.099,0.758,0.393,2.535,0.149,0.851,0.471,0.750
2655,88.500,0.000,30.067,0.000,-13.223,1,0,1,0.000,1.875,3,0,0.931,1,85.988,16118.928,0.633,0.199,1.623,0.776,0.182,0.768,0.138,0.862,0.489,0.580
2658,88.600,0.000,0.000,0.000,0.000,0,0,0,0.000,0.000,3,0,0.931,0,85.988,16118.928,0.633,0.199,0.710,0.334,0.024,1.865,0.075,0.925,0.140,0.650
2661,88.700,61.270,0.000,36.190,0.000,1,1,0,0.000,1.775,3,0,0.931,1,85.988,16118.928,0.667,0.180,1.164,0.872,0.228,0.689,0.132,0.868,0.558,0.650
2664,88.800,0.000,0.000,0.000,0.000,0,0,0,0.000,0.000,3,0,0.931,0,85.988,16118.928,0.667,0.180,1.885,0.938,0.434,0.144,0.148,0.852,0.132,0.650
2667,88.900,0.000,0.000,0.000,0.000,0,0,0,0.000,0.000,3,0,0.931,0,85.988,16118.928,0.667,0.180,2.104,0.958,0.664,0.060,0.138,0.862,0.136,0.580
2670,89.000,0.000,0.000,0.000,0.000,0,0,0,0.000,0.000,3,0,0.931,0,85.988,16118.928,0.667,0.180,1.137,0.650,0.881,0.195,0.079,0.921,0.133,0.580
2673,89.100,0.000,0.000,0.000,0.000,0,0,0,0.000,0.000,3,0,0.931,0,85.988,16118.928,0.667,0.180,0.890,0.759,1.181,2.734,0.075,0.925,0.119,0.580
2676,89.200,0.000,0.000,0.000,0.000,0,0,0,0.000,0.000,3,0,0.931,0,85.988,16118.928,0.667,0.180,2.425,0.708,1.445,0.852,0.176,0.824,0.161,0.700
2679,89.300,0.000,0.000,0.000,0.000,0,0,0,0.000,0.000,3,0,0.931,0,85.988,16118.928,0.667,0.180,3.117,0.891,1.807,1.157,0.205,0.795,0.166,0.700
2682,89.400,0.000,0.000,0.000,0.000,0,0,0,0.000,0.000,3,0,0.931,0,85.988,16118.928,0.667,0.180,3.722,0.974,1.824,0.192,0.222,0.778,0.175,0.700
2685,89.500,0.000,0.000,0.000,0.000,0,0,0,0.000,0.000,3,0,0.931,0,85.988,16118.928,0.667,0.180,3.331,0.973,1.654,0.038,0.221,0.779,0.165,0.700
2688,89.600,0.000,0.000,0.000,0.000,0,0,0,0.000,0.000,3,0,0.931,0,85.988,16118.928,0.667,0.180,2.891,0.911,1.529,0.359,0.214,0.786,0.158,0.700
2691,89.700,0.000,0.000,0.000,0.000,0,0,0,0.000,0.000,3,0,0.931,0,85.988,16118.928,0.633,0.180,2.405,0.700,1.779,0.622,0.195,0.805,0.157,0.700
2694,89.800,0.000,0.000,0.000,0.000,0,0,0,0.000,0.000,3,0,0.931,0,85.988,16118.928,0.600,0.180,3.411,0.901,1.721,0.925,0.229,0.771,0.164,0.700
2697,89.900,0.000,0.000,0.000,0.000,0,0,0,0.000,0.000,3,0,0.931,0,85.988,16118.928,0.567,0.180,10.515,0.879,1.248,1.683,0.270,0.730,0.276,0.580
2700,90.000,0.000,0.000,0.000,0.000,0,0,0,0.000,0.000,3,0,0.931,0,85.988,16118.928,0.533,0.180,4.908,0.771,0.791,0.740,0.242,0.758,0.203,0.580
2703,90.100,0.000,0.000,0.000,0.000,0,0,0,0.000,0.000,3,0,0.931,0,85.988,16118.928,0.500,0.180,5.132,0.652,0.507,0.958,0.227,0.773,0.213,0.580
2706,90.200,753.063,0.000,691.793,0.000,1,1,0,0.000,1.930,3,0,0.931,2,85.988,16118.928,0.500,0.197,7.038,0.737,0.164,0.061,0.246,0.754,0.754,0.650
2709,90.300,44.911,0.000,-708.152,0.000,1,1,0,0.000,1.964,3,0,0.931,2,85.988,16118.928,0.500,0.197,5.845,0.399,0.224,2.244,0.227,0.773,0.748,0.580
2712,90.400,0.000,555.714,0.000,525.647,1,0,1,0.000,1.547,3,0,0.931,2,85.988,16118.928,0.500,0.197,10.485,0.533,0.561,0.299,0.249,0.751,0.793,0.500
2715,90.500,0.000,0.000,0.000,0.000,0,0,0,0.000,0.000,3,0,0.966,0,85.988,16118.928,0.467,0.197,7.260,0.762,1.138,2.739,0.222,0.778,0.254,0.650
2718,90.600,0.000,0.000,0.000,0.000,0,0,0,0.000,0.000,4,1,0.931,0,85.988,16118.928,0.433,0.197,5.671,0.841,1.763,0.335,0.213,0.787,0.305,0.750
2721,90.700,0.000,0.000,0.000,0.000,0,0,0,0.000,0.000,4,0,0.931,0,85.988,16118.928,0.400,0.197,11.214,0.969,2.634,0.114,0.233,0.767,0.350,0.700
2724,90.800,0.000,0.000,0.000,0.000,0,0,0,0.000,0.000,4,0,0.931,0,85.988,16118.928,0.367,0.197,9.219,0.961,4.415,0.112,0.229,0.771,0.347,0.700
2727,90.900,0.000,144.972,0.000,-410.742,1,0,1,0.000,1.529,4,0,0.931,3,85.988,16118.928,0.367,0.201,9.503,0.947,5.483,0.037,0.237,0.763,0.863,0.700
2730,91.000,0.000,0.000,0.000,0.000,0,0,0,0.000,0.000,4,0,0.931,0,85.988,16118.928,0.333,0.201,8.553,0.943,5.537,0.096,0.248,0.752,0.344,0.700
2733,91.100,0.000,0.000,0.000,0.000,0,0,0,0.000,0.000,4,0,0.966,0,85.988,16118.928,0.300,0.201,2.516,0.832,5.570,0.225,0.181,0.819,0.211,0.700
2736,91.200,0.000,0.000,0.000,0.000,0,0,0,0.000,0.000,5,1,0.931,0,85.988,16118.928,0.267,0.201,4.214,0.858,5.283,2.664,0.206,0.794,0.247,0.750
2739,91.300,0.000,0.000,0.000,0.000,0,0,0,0.000,0.000,5,0,0.931,0,85.988,16118.928,0.233,0.201,5.379,0.965,5.350,0.432,0.217,0.783,0.265,0.700
2742,91.400,0.000,0.000,0.000,0.000,0,0,0,0.000,0.000,5,0,0.931,0,85.988,16118.928,0.200,0.201,4.665,0.978,5.324,0.006,0.208,0.792,0.242,0.700
2745,91.500,0.000,0.000,0.000,0.000,0,0,0,0.000,0.000,4,1,0.897,0,85.988,16118.928,0.167,0.201,0.775,0.244,1.767,0.384,0.066,0.934,0.192,0.750
2748,91.600,0.000,0.000,0.000,0.000,0,0,0,0.000,0.000,4,0,0.897,0,85.988,16118.928,0.167,0.201,0.630,0.419,1.524,2.500,0.056,0.944,0.176,0.700
2751,91.700,0.000,0.000,0.000,0.000,0,0,0,0.000,0.000,4,0,0.897,0,85.988,16118.928,0.133,0.201,2.223,0.825,1.281,2.099,0.162,0.838,0.184,0.580
2754,91.800,0.000,0.000,0.000,0.000,0,0,0,0.000,0.000,4,0,0.897,0,85.988,16118.928,0.133,0.201,3.139,0.879,0.926,1.398,0.197,0.803,0.203,0.580
2757,91.900,0.000,0.000,0.000,0.000,0,0,0,0.000,0.000,4,0,0.897,0,85.988,16118.928,0.133,0.201,6.038,0.915,0.738,0.946,0.220,0.780,0.273,0.580
2760,92.000,0.000,0.000,0.000,0.000,0,0,0,0.000,0.000,4,0,0.897,0,85.988,16118.928,0.133,0.201,6.828,0.928,0.322,0.220,0.229,0.771,0.292,0.580
2763,92.100,0.000,0.000,0.000,0.000,0,0,0,0.000,0.000,4,0,0.897,0,85.988,16118.928,0.133,0.201,8.845,0.865,0.173,0.244,0.239,0.761,0.325,0.580
2766,92.200,0.000,0.000,0.000,0.000,0,0,0,0.000,0.000,4,0,0.897,0,85.988,16118.928,0.133,0.201,10.667,0.905,0.145,0.182,0.246,0.754,0.323,0.580
2769,92.300,0.000,0.000,0.000,0.000,0,0,0,0.000,0.000,4,0,0.897,0,85.988,16118.928,0.133,0.201,10.746,0.876,0.088,0.170,0.232,0.768,0.325,0.580
2772,92.400,0.000,0.000,0.000,0.000,0,0,0,0.000,0.000,3,1,0.862,0,85.988,16118.928,0.133,0.201,6.774,0.950,0.193,0.032,0.224,0.776,0.189,0.750
2775,92.500,0.000,0.000,0.000,0.000,0,0,0,0.000,0.000,3,0,0.862,0,85.988,16118.928,0.133,0.201,4.324,0.938,0.387,0.003,0.212,0.788,0.128,0.580
2778,92.600,0.000,0.000,0.000,0.000,0,0,0,0.000,0.000,3,0,0.862,0,85.988,16118.928,0.133,0.201,2.442,0.919,0.626,0.025,0.176,0.824,0.083,0.580
2781,92.700,0.000,0.000,0.000,0.000,0,0,0,0.000,0.000,3,0,0.862,0,85.988,16118.928,0.133,0.201,1.299,0.877,0.610,0.229,0.135,0.865,0.057,0.580
2784,92.800,0.000,0.000,0.000,0.000,0,0,0,0.000,0.000,3,0,0.862,0,85.988,16118.928,0.133,0.201,1.411,0.780,0.764,1.416,0.124,0.876,0.067,0.580
2787,92.900,0.000,0.000,0.000,0.000,0,0,0,0.000,0.000,3,0,0.862,0,85.988,16118.928,0.133,0.201,1.822,0.754,0.961,2.019,0.139,0.861,0.079,0.580
2790,93.000,0.000,0.000,0.000,0.000,0,0,0,0.000,0.000,3,0,0.862,0,85.988,16118.928,0.133,0.201,2.067,0.624,0.917,2.050,0.131,0.869,0.094,0.580
2793,93.100,0.000,0.000,0.000,0.000,0,0,0,0.000,0.000,3,0,0.862,0,85.988,16118.928,0.133,0.201,2.388,0.749,0.662,0.114,0.140,0.860,0.093,0.580
2796,93.200,0.000,0.000,0.000,0.000,0,0,0,0.000,0.000,3,0,0.862,0,85.988,16118.928,0.100,0.201,2.427,0.610,0.459,0.005,0.138,0.862,0.100,0.580
2799,93.300,0.000,0.000,0.000,0.000,0,0,0,0.000,0.000,3,0,0.862,0,85.988,16118.928,0.067,0.201,2.512,0.437,0.339,2.790,0.142,0.858,0.110,0.580
2802,93.400,0.000,131.488,0.000,-13.485,1,0,1,0.000,1.470,3,0,0.862,2,85.988,16118.928,0.067,0.222,2.613,0.603,0.292,2.673,0.157,0.843,0.601,0.650
2805,93.500,0.000,83.744,0.000,-47.744,1,0,1,0.000,1.691,3,0,0.897,2,85.988,16118.928,0.100,0.219,3.267,0.563,0.293,2.713,0.133,0.867,0.624,0.550
2808,93.600,0.000,56.639,0.000,-27.104,1,0,1,0.000,1.421,3,0,0.897,2,85.988,16118.928,0.133,0.219,6.925,0.853,0.361,0.664,0.254,0.746,0.699,0.580
2811,93.700,0.000,0.000,0.000,0.000,0,0,0,0.000,0.000,3,0,0.897,0,85.988,16118.928,0.133,0.219,6.126,0.845,0.452,0.211,0.254,0.746,0.180,0.650
2814,93.800,0.000,0.000,0.000,0.000,0,0,0,0.000,0.000,3,0,0.897,0,85.988,16118.928,0.133,0.219,5.351,0.898,0.544,0.206,0.246,0.754,0.157,0.580
2817,93.900,0.000,0.000,0.000,0.000,0,0,0,0.000,0.000,3,0,0.897,0,85.988,16118.928,0.100,0.219,4.376,0.857,0.661,0.445,0.224,0.776,0.131,0.580
2820,94.000,0.000,0.000,0.000,0.000,0,0,0,0.000,0.000,3,0,0.897,0,85.988,16118.928,0.100,0.219,2.102,0.615,0.684,0.251,0.176,0.824,0.091,0.580
2823,94.100,0.000,0.000,0.000,0.000,0,0,0,0.000,0.000,3,0,0.931,0,85.988,16118.928,0.100,0.219,2.929,0.537,0.662,0.856,0.193,0.807,0.118,0.580
2826,94.200,0.000,0.000,0.000,0.000,0,0,0,0.000,0.000,3,0,0.931,0,85.988,16118.928,0.100,0.219,4.597,0.662,0.649,0.249,0.220,0.780,0.151,0.580
2829,94.300,130.874,0.000,85.963,0.000,1,1,0,0.000,1.896,3,0,0.931,2,38.013,16674.389,0.133,0.222,3.148,0.695,0.492,0.257,0.193,0.807,0.616,0.650
2832,94.400,0.000,0.000,0.000,0.000,0,0,0,0.000,0.000,3,0,0.966,0,38.013,16674.389,0.133,0.222,4.356,0.758,0.361,0.152,0.207,0.793,0.142,0.650
2835,94.500,0.000,0.000,0.000,0.000,0,0,0,0.000,0.000,3,0,0.966,0,38.013,16674.389,0.133,0.222,4.652,0.730,0.249,0.139,0.210,0.790,0.151,0.580
2838,94.600,0.000,0.000,0.000,0.000,0,0,0,0.000,0.000,3,0,0.966,0,38.013,16674.389,0.133,0.222,4.740,0.738,0.229,0.198,0.215,0.785,0.153,0.580
2841,94.700,0.000,0.000,0.000,0.000,0,0,0,0.000,0.000,3,0,0.966,0,38.013,16674.389,0.133,0.222,4.336,0.756,0.225,0.073,0.210,0.790,0.141,0.580
2844,94.800,0.000,0.000,0.000,0.000,0,0,0,0.000,0.000,3,0,0.966,0,38.013,16674.389,0.133,0.222,3.727,0.787,0.190,0.063,0.203,0.797,0.124,0.580
2847,94.900,0.000,0.000,0.000,0.000,0,0,0,0.000,0.000,3,0,0.966,0,38.013,16674.389,0.133,0.222,2.885,0.770,0.151,0.166,0.189,0.811,0.104,0.580
2850,95.000,0.000,0.000,0.000,0.000,0,0,0,0.000,0.000,3,0,0.966,0,38.013,16674.389,0.133,0.222,2.985,0.852,0.074,0.202,0.188,0.812,0.101,0.580
2853,95.100,615.462,0.000,484.588,0.000,1,1,0,0.000,1.709,3,0,0.966,2,38.013,16674.389,0.167,0.228,2.233,0.917,0.008,0.150,0.170,0.830,0.582,0.650
2856,95.200,16.000,0.000,-599.462,0.000,1,1,0,0.000,1.864,3,0,0.966,1,38.013,16674.389,0.200,0.229,2.189,0.927,0.068,0.045,0.164,0.836,0.363,0.580
2859,95.300,0.000,666.521,0.000,609.882,1,0,1,0.000,1.693,2,1,0.966,1,38.013,16674.389,0.233,0.229,1.687,0.891,0.065,0.083,0.137,0.863,0.548,0.750
2862,95.400,0.000,15.811,0.000,-650.709,1,0,1,0.000,1.731,2,0,0.966,1,38.013,16674.389,0.267,0.231,1.163,0.801,0.029,0.347,0.109,0.891,0.383,0.580
2865,95.500,0.000,2.828,0.000,-12.983,1,0,1,0.000,1.367,3,1,0.931,1,38.013,16674.389,0.300,0.278,1.216,0.666,0.064,0.753,0.127,0.873,0.296,0.750
2868,95.600,18.358,0.000,2.358,0.000,1,1,0,0.000,1.985,3,0,0.931,2,38.013,16674.389,0.333,0.278,1.745,0.698,0.011,0.932,0.167,0.833,0.457,0.580
2871,95.700,7.810,0.000,-10.547,0.000,1,1,0,0.000,1.967,3,0,0.931,2,38.013,16674.389,0.367,0.278,1.671,0.675,0.078,0.023,0.157,0.843,0.402,0.580
2874,95.800,5.000,0.000,-2.810,0.000,1,1,0,0.000,1.751,3,0,0.931,2,38.013,16674.389,0.400,0.278,1.108,0.426,0.336,2.903,0.117,0.883,0.394,0.580
2877,95.900,6.403,0.000,1.403,0.000,1,1,0,0.000,1.507,2,1,0.897,0,38.013,16674.389,0.400,0.278,0.859,0.360,0.518,0.194,0.090,0.910,0.280,0.750
2880,96.000,1.414,0.000,-4.989,0.000,1,1,0,0.000,1.292,2,0,0.897,0,38.013,16674.389,0.400,0.278,0.904,0.282,0.809,0.138,0.100,0.900,0.259,0.580
2883,96.100,5.657,0.000,4.243,0.000,1,1,0,0.000,1.429,2,0,0.897,0,38.013,16674.389,0.400,0.278,0.955,0.598,1.131,0.328,0.100,0.900,0.261,0.580
2886,96.200,0.000,0.000,0.000,0.000,0,0,0,0.000,0.000,3,1,0.862,0,38.013,16674.389,0.400,0.278,1.366,0.167,1.457,0.403,0.120,0.880,0.140,0.750
2889,96.300,0.000,13.601,0.000,10.773,1,0,1,0.000,1.462,3,0,0.862,2,354.052,16225.544,0.433,0.285,1.482,0.348,1.773,0.695,0.124,0.876,0.460,0.750
2892,96.400,0.000,0.000,0.000,0.000,0,0,0,0.000,0.000,3,0,0.862,0,354.052,16225.544,0.400,0.285,1.670,0.233,2.048,0.917,0.138,0.862,0.143,0.750
2895,96.500,0.000,0.000,0.000,0.000,0,0,0,0.000,0.000,3,0,0.862,0,354.052,16225.544,0.367,0.285,1.515,0.699,2.163,0.063,0.143,0.857,0.103,0.750
2898,96.600,16.401,0.000,10.744,0.000,1,1,0,0.000,1.323,3,0,0.862,2,69.318,14485.569,0.367,0.290,2.487,0.859,2.198,0.388,0.167,0.833,0.457,0.700
2901,96.700,13.342,0.000,-3.060,0.000,1,1,0,0.000,1.250,3,0,0.862,2,110.041,14009.219,0.400,0.290,2.105,0.770,2.172,0.857,0.165,0.835,0.441,0.700
2904,96.800,19.416,0.000,6.075,0.000,1,1,0,0.000,1.464,3,0,0.862,2,110.041,14009.219,0.433,0.290,2.411,0.799,2.121,0.546,0.172,0.828,0.484,0.700
2907,96.900,0.000,0.000,0.000,0.000,0,0,0,0.000,0.000,3,0,0.862,0,110.041,14009.219,0.433,0.290,2.926,0.549,1.837,1.246,0.167,0.833,0.157,0.700
2910,97.000,0.000,0.000,0.000,0.000,0,0,0,0.000,0.000,3,0,0.862,0,110.041,14009.219,0.433,0.290,2.077,0.201,1.375,2.129,0.152,0.848,0.160,0.611
2913,97.100,0.000,0.000,0.000,0.000,0,0,0,0.000,0.000,3,0,0.862,0,110.041,14009.219,0.433,0.290,1.215,0.299,1.192,0.994,0.124,0.876,0.131,0.611
2916,97.200,58.138,0.000,38.721,0.000,1,1,0,0.000,1.504,3,0,0.862,1,49.041,12994.000,0.467,0.296,1.640,0.803,1.112,0.494,0.160,0.840,0.551,0.650
2919,97.300,17.088,0.000,-41.050,0.000,1,1,0,0.000,1.774,3,0,0.862,1,49.041,12994.000,0.467,0.298,1.715,0.880,0.981,0.068,0.163,0.837,0.392,0.580
2922,97.400,18.439,0.000,1.351,0.000,1,1,0,0.000,2.065,3,0,0.862,1,49.041,12994.000,0.500,0.300,2.239,0.860,0.791,0.266,0.174,0.826,0.418,0.580
2925,97.500,37.108,0.000,18.669,0.000,1,1,0,0.000,2.386,3,0,0.862,2,49.041,12994.000,0.533,0.300,1.868,0.757,0.541,0.324,0.155,0.845,0.584,0.350
2928,97.600,10.000,0.000,-27.108,0.000,1,1,0,0.000,2.240,3,0,0.862,2,99.825,11430.635,0.567,0.300,1.631,0.835,0.319,1.232,0.156,0.844,0.426,0.580
2931,97.700,0.000,50.249,0.000,36.648,1,0,1,0.000,1.634,3,0,0.862,2,99.825,11430.635,0.600,0.300,2.294,0.894,0.084,0.401,0.169,0.831,0.637,0.555
2934,97.800,75.293,0.000,39.057,0.000,2,1,0,75.293,2.480,3,0,0.862,3,10.296,9022.404,0.633,0.300,1.010,0.508,0.206,0.804,0.085,0.915,0.746,0.650
2937,97.900,32.450,28.284,-42.843,-21.965,2,1,1,28.636,2.520,3,0,0.862,4,28.636,9535.179,0.667,0.298,1.714,0.827,0.443,0.734,0.116,0.884,0.675,0.500
2940,98.000,51.039,0.000,18.589,0.000,1,1,0,0.000,2.455,3,0,0.862,1,104.293,9381.287,0.700,0.300,2.016,0.843,0.664,0.841,0.158,0.842,0.585,0.650
2943,98.100,0.000,0.000,0.000,0.000,0,0,0,0.000,0.000,3,0,0.862,0,104.293,9381.287,0.667,0.300,2.175,0.911,1.224,0.252,0.164,0.836,0.141,0.650
2946,98.200,49.406,0.000,-1.633,0.000,1,1,0,0.000,2.465,3,0,0.897,1,105.437,9563.838,0.667,0.303,2.231,0.746,1.043,0.848,0.156,0.844,0.594,0.650
2949,98.300,0.000,3.162,0.000,-25.122,1,0,1,0.000,1.526,3,0,0.897,2,25.179,9539.924,0.667,0.300,1.763,0.830,1.096,0.450,0.148,0.852,0.404,0.580
2952,98.400,38.471,0.000,-10.936,0.000,1,1,0,0.000,2.304,3,0,0.931,2,22.847,9560.188,0.667,0.296,1.806,0.864,0.785,0.910,0.140,0.860,0.598,0.500
2955,98.500,0.000,0.000,0.000,0.000,0,0,0,0.000,0.000,3,0,0.931,0,22.847,9560.188,0.633,0.296,1.578,0.766,0.331,1.138,0.107,0.893,0.132,0.650
2958,98.600,52.431,0.000,13.960,0.000,1,1,0,0.000,2.346,3,0,0.931,1,52.431,9552.778,0.633,0.289,1.332,0.520,0.180,1.199,0.096,0.904,0.583,0.650
2961,98.700,0.000,0.000,0.000,0.000,0,0,0,0.000,0.000,3,0,0.931,0,52.431,9552.778,0.600,0.289,2.476,0.926,0.247,0.123,0.184,0.816,0.139,0.650
2964,98.800,0.000,0.000,0.000,0.000,0,0,0,0.000,0.000,3,0,0.966,0,52.431,9552.778,0.567,0.289,1.393,0.839,0.342,0.041,0.146,0.854,0.114,0.580
2967,98.900,5.000,0.000,-47.431,0.000,1,1,0,0.000,2.373,3,0,0.966,1,111.987,9412.819,0.600,0.296,1.432,0.436,0.248,0.028,0.071,0.929,0.365,0.650
2970,99.000,18.788,0.000,13.788,0.000,1,1,0,0.000,2.457,3,0,0.966,1,49.820,9265.718,0.633,0.296,2.145,0.884,0.002,0.199,0.177,0.823,0.432,0.580
2973,99.100,0.000,20.881,0.000,17.718,1,0,1,0.000,1.639,3,0,1.000,2,12.207,8694.338,0.667,0.296,2.398,0.809,0.088,0.124,0.162,0.838,0.519,0.580
2976,99.200,0.000,19.416,0.000,-1.464,1,0,1,0.000,1.454,3,0,1.000,2,54.644,8447.638,0.700,0.288,2.392,0.612,0.085,1.202,0.094,0.906,0.529,0.580
2979,99.300,18.028,0.000,-0.761,0.000,1,1,0,0.000,2.409,3,0,1.000,2,30.150,5388.644,0.700,0.291,2.397,0.710,0.211,2.504,0.102,0.898,0.514,0.580
2982,99.400,8.944,0.000,-9.083,0.000,1,1,0,0.000,2.285,3,0,1.000,1,19.000,1712.580,0.733,0.393,1.583,0.894,0.060,0.163,0.146,0.854,0.375,0.580
2985,99.500,0.000,29.547,0.000,10.130,1,0,1,0.000,1.394,3,0,1.000,1,91.482,1709.759,0.767,0.398,0.908,0.232,0.037,2.061,0.056,0.944,0.523,0.550
2988,99.600,0.000,18.385,0.000,-11.162,1,0,1,0.000,1.614,3,0,1.000,2,18.385,1594.644,0.767,0.398,1.996,0.946,0.186,0.834,0.155,0.845,0.498,0.580
2991,99.700,3.606,0.000,-5.339,0.000,1,1,0,0.000,2.156,3,0,1.000,1,87.573,1579.704,0.767,0.398,2.278,0.729,0.174,0.767,0.149,0.851,0.378,0.580
2994,99.800,0.000,0.000,0.000,0.000,0,0,0,0.000,0.000,3,0,1.000,0,87.573,1579.704,0.733,0.398,1.627,0.868,0.184,0.921,0.133,0.867,0.138,0.650
2997,99.900,17.804,0.000,14.199,0.000,1,1,0,0.000,1.776,3,0,1.000,1,41.110,1544.037,0.767,0.406,1.393,0.468,0.114,1.291,0.067,0.933,0.453,0.650
3000,100.000,0.000,0.000,0.000,0.000,0,0,0,0.000,0.000,3,0,1.000,0,41.110,1544.037,0.767,0.406,1.687,0.744,0.012,0.687,0.122,0.878,0.152,0.650
3003,100.100,24.021,0.000,6.216,0.000,1,1,0,0.000,1.847,3,0,1.000,1,62.032,1524.050,0.800,0.420,1.404,0.630,0.102,0.850,0.103,0.897,0.480,0.650
3006,100.200,0.000,0.000,0.000,0.000,0,0,0,0.000,0.000,4,1,0.966,0,62.032,1524.050,0.767,0.420,1.305,0.798,0.097,0.873,0.109,0.891,0.239,0.750
3009,100.300,13.416,0.000,-10.604,0.000,1,1,0,0.000,1.809,4,0,0.966,1,62.032,1524.050,0.767,0.428,2.314,0.848,0.265,0.860,0.176,0.824,0.510,0.650
3012,100.400,12.000,0.000,-1.416,0.000,1,1,0,0.000,1.675,4,0,0.966,1,62.032,1524.050,0.767,0.472,2.657,0.650,0.045,0.272,0.162,0.838,0.525,0.580
3015,100.500,0.000,0.000,0.000,0.000,0,0,0,0.000,0.000,3,1,0.931,0,62.032,1524.050,0.733,0.472,4.106,0.654,0.301,0.723,0.180,0.820,0.215,0.750
3018,100.600,0.000,0.000,0.000,0.000,0,0,0,0.000,0.000,3,0,0.931,0,62.032,1524.050,0.700,0.472,3.801,0.766,0.572,0.734,0.185,0.815,0.195,0.580
3021,100.700,0.000,0.000,0.000,0.000,0,0,0,0.000,0.000,3,0,0.931,0,62.032,1524.050,0.667,0.472,2.288,0.818,0.640,1.975,0.163,0.837,0.150,0.580
3024,100.800,0.000,0.000,0.000,0.000,0,0,0,0.000,0.000,4,1,0.897,0,62.032,1524.050,0.633,0.472,4.840,0.826,0.598,1.017,0.224,0.776,0.309,0.750
3027,100.900,0.000,0.000,0.000,0.000,0,0,0,0.000,0.000,4,0,0.897,0,62.032,1524.050,0.600,0.472,6.534,0.812,0.849,0.349,0.234,0.766,0.348,0.580
3030,101.000,0.000,0.000,0.000,0.000,0,0,0,0.000,0.000,4,0,0.897,0,62.032,1524.050,0.567,0.472,12.323,0.876,1.694,0.629,0.246,0.754,0.377,0.700
3033,101.100,0.000,0.000,0.000,0.000,0,0,0,0.000,0.000,4,0,0.897,0,62.032,1524.050,0.567,0.472,14.584,0.755,3.198,0.245,0.245,0.755,0.385,0.700
3036,101.200,0.000,0.000,0.000,0.000,0,0,0,0.000,0.000,4,0,0.897,0,62.032,1524.050,0.533,0.472,13.290,0.620,5.070,0.190,0.239,0.761,0.391,0.700
3039,101.300,0.000,0.000,0.000,0.000,0,0,0,0.000,0.000,4,0,0.897,0,62.032,1524.050,0.500,0.472,13.562,0.642,6.607,0.146,0.237,0.763,0.385,0.700
3042,101.400,0.000,0.000,0.000,0.000,0,0,0,0.000,0.000,4,0,0.897,0,62.032,1524.050,0.467,0.472,11.191,0.663,8.276,0.093,0.222,0.778,0.380,0.700
3045,101.500,374.354,0.000,362.354,0.000,1,1,0,0.000,1.800,4,0,0.897,3,223.895,3036.530,0.500,0.389,8.897,0.592,9.450,0.634,0.195,0.805,0.904,0.750
3048,101.600,10.296,0.000,-364.058,0.000,1,1,0,0.000,1.522,4,0,0.897,3,13.038,4478.595,0.500,0.380,6.909,0.574,10.492,0.946,0.174,0.826,0.685,0.700
3051,101.700,0.000,0.000,0.000,0.000,0,0,0,0.000,0.000,5,1,0.862,0,13.038,4478.595,0.500,0.380,5.489,0.532,11.356,0.084,0.153,0.847,0.330,0.750
3054,101.800,0.000,0.000,0.000,0.000,0,0,0,0.000,0.000,5,0,0.862,0,13.038,4478.595,0.500,0.380,4.797,0.586,12.526,0.230,0.147,0.853,0.309,0.700
3057,101.900,0.000,0.000,0.000,0.000,0,0,0,0.000,0.000,5,0,0.862,0,13.038,4478.595,0.467,0.380,5.256,0.969,12.512,1.294,0.151,0.849,0.290,0.700
3060,102.000,0.000,0.000,0.000,0.000,0,0,0,0.000,0.000,5,1,0.828,0,13.038,4478.595,0.433,0.380,6.841,0.953,11.909,0.083,0.163,0.837,0.326,0.750
3063,102.100,0.000,0.000,0.000,0.000,0,0,0,0.000,0.000,5,0,0.828,0,13.038,4478.595,0.400,0.380,6.396,0.857,8.076,0.073,0.170,0.830,0.318,0.700
3066,102.200,0.000,0.000,0.000,0.000,0,0,0,0.000,0.000,5,0,0.828,0,13.038,4478.595,0.367,0.380,7.714,0.891,7.055,0.058,0.173,0.827,0.344,0.700
3069,102.300,0.000,0.000,0.000,0.000,0,0,0,0.000,0.000,4,1,0.793,0,13.038,4478.595,0.333,0.380,7.018,0.647,7.497,0.441,0.184,0.816,0.340,0.750
3072,102.400,0.000,0.000,0.000,0.000,0,0,0,0.000,0.000,4,0,0.793,0,13.038,4478.595,0.300,0.380,7.413,0.629,5.868,1.111,0.213,0.787,0.347,0.700
3075,102.500,0.000,0.000,0.000,0.000,0,0,0,0.000,0.000,4,0,0.793,0,13.038,4478.595,0.267,0.380,8.288,0.613,4.094,0.268,0.231,0.769,0.359,0.700
3078,102.600,0.000,0.000,0.000,0.000,0,0,0,0.000,0.000,4,0,0.793,0,13.038,4478.595,0.233,0.380,11.318,0.724,1.841,0.237,0.231,0.769,0.347,0.700
3081,102.700,0.000,0.000,0.000,0.000,0,0,0,0.000,0.000,4,0,0.793,0,13.038,4478.595,0.200,0.380,8.035,0.715,1.042,1.466,0.242,0.758,0.344,0.580
3084,102.800,0.000,0.000,0.000,0.000,0,0,0,0.000,0.000,4,0,0.793,0,13.038,4478.595,0.200,0.380,8.603,0.812,0.670,1.284,0.254,0.746,0.337,0.580
3087,102.900,0.000,0.000,0.000,0.000,0,0,0,0.000,0.000,4,0,0.793,0,13.038,4478.595,0.167,0.380,5.667,0.931,0.385,0.430,0.237,0.763,0.267,0.580
3090,103.000,0.000,0.000,0.000,0.000,0,0,0,0.000,0.000,4,0,0.793,0,13.038,4478.595,0.167,0.380,6.928,0.913,0.174,0.529,0.232,0.768,0.299,0.580
3093,103.100,289.560,0.000,279.264,0.000,1,1,0,0.000,1.279,4,0,0.828,3,13.038,4478.595,0.167,0.338,8.510,0.934,0.050,0.027,0.239,0.761,0.840,0.650
3096,103.200,59.641,0.000,-229.919,0.000,1,1,0,0.000,1.379,4,0,0.828,2,13.038,4478.595,0.200,0.338,12.930,0.953,0.005,0.337,0.246,0.754,0.797,0.450
3099,103.300,26.173,0.000,-33.468,0.000,1,1,0,0.000,1.431,4,0,0.828,2,13.038,4478.595,0.200,0.330,9.341,0.935,0.046,0.068,0.238,0.762,0.694,0.450
3102,103.400,6.083,0.000,-20.090,0.000,1,1,0,0.000,1.533,4,0,0.862,2,13.038,4478.595,0.200,0.325,5.278,0.948,0.081,1.370,0.245,0.755,0.513,0.580
3105,103.500,15.033,0.000,8.951,0.000,1,1,0,0.000,1.401,5,1,0.828,2,13.038,4478.595,0.233,0.325,8.234,0.958,0.041,0.681,0.250,0.750,0.616,0.750
3108,103.600,15.264,0.000,0.231,0.000,1,1,0,0.000,1.340,5,0,0.828,1,13.038,4478.595,0.267,0.325,11.613,0.945,0.019,0.250,0.240,0.760,0.587,0.580
3111,103.700,16.492,0.000,1.228,0.000,1,1,0,0.000,1.003,5,0,0.862,1,13.038,4478.595,0.300,0.329,13.057,0.903,0.067,0.006,0.241,0.759,0.600,0.580
3114,103.800,16.492,0.000,0.000,0.000,1,1,0,0.000,1.017,4,1,0.828,1,13.038,4478.595,0.333,0.322,13.414,0.972,0.072,0.070,0.245,0.755,0.609,0.750
3117,103.900,13.892,0.000,-2.600,0.000,1,1,0,0.000,1.099,4,0,0.828,1,13.038,4478.595,0.367,0.322,13.119,0.919,0.162,0.032,0.241,0.759,0.602,0.580
3120,104.000,11.402,0.000,-2.491,0.000,1,1,0,0.000,1.032,4,0,0.828,1,13.038,4478.595,0.400,0.322,10.333,0.852,0.264,0.063,0.234,0.766,0.597,0.580
3123,104.100,3.000,0.000,-8.402,0.000,1,1,0,0.000,1.004,7,1,0.793,1,13.038,4478.595,0.433,0.322,9.706,0.901,0.409,0.570,0.224,0.776,0.531,0.750
3126,104.200,22.136,0.000,19.136,0.000,1,1,0,0.000,0.774,7,0,0.793,4,13.038,4478.595,0.467,0.318,7.502,0.808,0.501,0.683,0.238,0.762,0.713,0.580
3129,104.300,0.000,0.000,0.000,0.000,0,0,0,0.000,0.000,7,0,0.793,0,13.038,4478.595,0.467,0.318,9.395,0.681,0.709,1.318,0.252,0.748,0.378,0.650
3132,104.400,0.000,0.000,0.000,0.000,0,0,0,0.000,0.000,4,1,0.759,0,13.038,4478.595,0.467,0.318,8.651,0.726,1.118,0.419,0.240,0.760,0.375,0.750
3135,104.500,0.000,0.000,0.000,0.000,0,0,0,0.000,0.000,4,0,0.759,0,13.038,4478.595,0.433,0.318,6.681,0.636,1.613,0.288,0.212,0.788,0.345,0.700
3138,104.600,0.000,0.000,0.000,0.000,0,0,0,0.000,0.000,4,0,0.793,0,13.038,4478.595,0.400,0.318,5.461,0.852,1.749,0.005,0.203,0.797,0.295,0.700
3141,104.700,223.056,0.000,200.920,0.000,1,1,0,0.000,0.603,3,1,0.759,2,40.025,8274.177,0.433,0.326,5.399,0.793,1.516,0.360,0.200,0.800,0.701,0.750
3144,104.800,61.400,0.000,-161.656,0.000,1,1,0,0.000,0.886,3,0,0.759,2,0.000,11006.244,0.467,0.330,6.734,0.791,0.690,0.041,0.222,0.778,0.739,0.450
3147,104.900,10.440,0.000,-50.960,0.000,1,1,0,0.000,0.919,3,0,0.793,2,0.000,12456.714,0.500,0.330,5.111,0.727,0.489,0.435,0.218,0.782,0.515,0.580
3150,105.000,12.530,0.000,2.090,0.000,1,1,0,0.000,1.152,3,0,0.793,2,0.000,12574.240,0.533,0.333,5.569,0.781,0.483,0.185,0.220,0.780,0.538,0.580
3153,105.100,28.862,0.000,16.332,0.000,1,1,0,0.000,1.084,3,0,0.793,2,0.000,12852.554,0.567,0.327,6.238,0.925,0.349,0.325,0.227,0.773,0.640,0.350
3156,105.200,27.659,0.000,-1.203,0.000,1,1,0,0.000,1.123,3,0,0.828,2,0.000,12177.687,0.600,0.327,6.950,0.955,0.017,0.045,0.229,0.771,0.653,0.350
3159,105.300,14.142,0.000,-13.516,0.000,1,1,0,0.000,1.180,3,0,0.828,2,29.614,9261.688,0.633,0.327,7.123,0.848,0.342,0.151,0.234,0.766,0.593,0.580
3162,105.400,26.401,0.000,12.259,0.000,1,1,0,0.000,1.059,3,0,0.828,2,21.840,5037.080,0.667,0.315,6.884,0.882,0.646,0.075,0.232,0.768,0.657,0.350
3165,105.500,12.530,0.000,-13.871,0.000,1,1,0,0.000,1.031,3,0,0.828,2,27.203,1074.250,0.700,0.311,5.896,0.881,0.916,0.069,0.229,0.771,0.559,0.580
3168,105.600,23.409,0.000,10.879,0.000,1,1,0,0.000,0.689,3,0,0.828,2,72.402,358.610,0.733,0.311,5.297,0.841,1.086,0.095,0.243,0.757,0.612,0.580
3171,105.700,23.345,0.000,-0.064,0.000,1,1,0,0.000,0.756,3,0,0.828,2,89.828,456.219,0.767,0.311,4.608,0.775,1.171,0.184,0.227,0.773,0.603,0.580
3174,105.800,33.377,0.000,10.031,0.000,1,1,0,0.000,0.545,3,0,0.828,2,166.811,803.864,0.800,0.311,4.310,0.449,1.219,1.406,0.183,0.817,0.678,0.750
3177,105.900,14.765,0.000,-18.612,0.000,1,1,0,0.000,0.629,3,0,0.828,2,165.052,1093.889,0.833,0.307,2.598,0.557,1.374,3.053,0.166,0.834,0.528,0.750
3180,106.000,14.036,0.000,-0.729,0.000,1,1,0,0.000,0.758,3,0,0.828,2,93.022,1206.697,0.867,0.307,2.850,0.717,1.740,0.592,0.180,0.820,0.523,0.700
3183,106.100,12.166,0.000,-1.870,0.000,1,1,0,0.000,0.893,3,0,0.828,2,81.400,1338.025,0.867,0.297,4.336,0.693,1.824,0.204,0.197,0.803,0.551,0.700
3186,106.200,13.928,0.000,1.763,0.000,1,1,0,0.000,0.883,3,0,0.828,2,89.588,1496.887,0.867,0.290,3.065,0.648,1.624,0.167,0.173,0.827,0.533,0.700
3189,106.300,8.944,0.000,-4.984,0.000,1,1,0,0.000,1.058,3,0,0.828,2,0.000,1534.304,0.867,0.288,2.884,0.768,1.470,0.302,0.190,0.810,0.492,0.700
3192,106.400,4.123,0.000,-4.821,0.000,1,1,0,0.000,1.263,3,0,0.862,2,58.009,1619.549,0.867,0.288,2.343,0.740,1.466,0.170,0.167,0.833,0.454,0.700
3195,106.500,7.616,0.000,3.493,0.000,1,1,0,0.000,1.145,3,0,0.862,2,0.000,1613.719,0.867,0.292,2.527,0.818,1.520,0.244,0.177,0.823,0.472,0.700
3198,106.600,5.099,0.000,-2.517,0.000,1,1,0,0.000,1.088,3,0,0.862,2,50.990,1569.039,0.867,0.438,2.830,0.268,1.464,0.445,0.169,0.831,0.504,0.700
3201,106.700,0.000,384.076,0.000,365.691,1,0,1,0.000,1.746,3,0,0.897,2,28.284,1482.288,0.867,0.438,4.182,0.577,1.439,3.125,0.180,0.820,0.738,0.700
3204,106.800,0.000,20.224,0.000,-363.852,1,0,1,0.000,1.594,3,0,0.897,2,73.355,1044.669,0.867,0.438,4.062,0.591,1.500,0.707,0.178,0.822,0.597,0.700
3207,106.900,0.000,13.601,0.000,-6.622,1,0,1,0.000,1.581,3,0,0.897,2,85.235,679.927,0.867,0.438,2.902,0.362,1.700,1.085,0.145,0.855,0.547,0.700
3210,107.000,0.000,18.682,0.000,5.080,1,0,1,0.000,1.478,3,0,0.931,2,79.120,658.059,0.867,0.438,3.692,0.494,2.223,1.374,0.159,0.841,0.586,0.700
3213,107.100,34.655,0.000,29.556,0.000,1,1,0,0.000,1.294,3,0,0.931,2,0.000,588.469,0.867,0.438,3.818,0.568,2.462,0.202,0.156,0.844,0.672,0.700
3216,107.200,11.045,0.000,-23.610,0.000,1,1,0,0.000,1.134,3,0,0.931,2,122.004,724.478,0.867,0.430,2.741,0.657,2.656,0.110,0.163,0.837,0.508,0.700
3219,107.300,4.123,0.000,-6.922,0.000,1,1,0,0.000,0.950,3,0,0.966,2,118.811,886.164,0.900,0.422,1.852,0.429,2.458,0.360,0.148,0.852,0.467,0.700
3222,107.400,5.831,0.000,1.708,0.000,1,1,0,0.000,1.023,3,0,0.966,1,5.831,993.470,0.933,0.422,1.918,0.641,2.699,0.429,0.159,0.841,0.408,0.700
3225,107.500,1.414,0.000,-4.417,0.000,1,1,0,0.000,0.869,3,0,0.966,2,1.414,1049.209,0.967,0.422,1.747,0.685,2.203,0.075,0.153,0.847,0.440,0.700
3228,107.600,2.236,0.000,0.822,0.000,1,1,0,0.000,0.686,3,0,1.000,1,2.236,1120.767,1.000,0.430,1.333,0.656,1.809,0.139,0.127,0.873,0.380,0.700
3231,107.700,1.000,0.000,-1.236,0.000,1,1,0,0.000,0.724,3,0,1.000,2,1.000,1180.668,1.000,0.504,1.795,0.474,1.866,1.042,0.112,0.888,0.457,0.700
3234,107.800,3.162,0.000,2.162,0.000,1,1,0,0.000,0.854,3,0,1.000,2,3.162,1213.715,1.000,0.504,1.878,0.528,1.676,0.013,0.104,0.896,0.468,0.700
3237,107.900,22.023,0.000,18.860,0.000,1,1,0,0.000,0.855,3,0,1.000,2,0.000,1304.250,1.000,0.504,2.931,0.534,1.505,0.569,0.141,0.859,0.598,0.700
3240,108.000,68.476,0.000,46.454,0.000,1,1,0,0.000,0.795,3,0,1.000,2,0.000,1304.250,1.000,0.504,5.021,0.682,1.251,1.703,0.198,0.802,0.768,0.550
3243,108.100,0.000,0.000,0.000,0.000,0,0,0,0.000,0.000,3,0,1.000,0,0.000,1304.250,0.967,0.504,4.347,0.745,0.983,0.534,0.203,0.797,0.243,0.650
3246,108.200,0.000,0.000,0.000,0.000,0,0,0,0.000,0.000,3,0,1.000,0,0.000,1304.250,0.933,0.504,4.812,0.645,0.799,2.229,0.214,0.786,0.257,0.580
3249,108.300,0.000,0.000,0.000,0.000,0,0,0,0.000,0.000,5,1,0.966,0,0.000,1304.250,0.900,0.504,3.425,0.863,0.732,0.572,0.211,0.789,0.303,0.750
3252,108.400,0.000,0.000,0.000,0.000,0,0,0,0.000,0.000,5,0,0.966,0,0.000,1304.250,0.867,0.504,3.270,0.799,0.735,0.164,0.170,0.830,0.300,0.580
3255,108.500,0.000,0.000,0.000,0.000,0,0,0,0.000,0.000,5,0,0.966,0,0.000,1304.250,0.833,0.504,2.524,0.726,0.634,0.859,0.179,0.821,0.282,0.580
3258,108.600,0.000,0.000,0.000,0.000,0,0,0,0.000,0.000,4,1,0.931,0,0.000,1304.250,0.800,0.504,2.750,0.764,0.690,0.035,0.170,0.830,0.281,0.750
3261,108.700,0.000,0.000,0.000,0.000,0,0,0,0.000,0.000,4,0,0.931,0,0.000,1304.250,0.767,0.504,2.927,0.856,0.778,0.291,0.184,0.816,0.275,0.580
3264,108.800,0.000,414.046,0.000,395.364,1,0,1,0.000,1.291,4,0,0.931,3,0.000,1304.250,0.767,0.366,2.576,0.773,0.645,0.803,0.134,0.866,0.787,0.650
3267,108.900,0.000,0.000,0.000,0.000,0,0,0,0.000,0.000,3,1,0.897,0,0.000,1304.250,0.733,0.366,2.614,0.863,0.322,0.828,0.190,0.810,0.163,0.750
3270,109.000,0.000,0.000,0.000,0.000,0,0,0,0.000,0.000,3,0,0.897,0,0.000,1304.250,0.700,0.366,3.413,0.807,0.180,0.230,0.211,0.789,0.183,0.580
3273,109.100,0.000,0.000,0.000,0.000,0,0,0,0.000,0.000,3,0,0.897,0,0.000,1304.250,0.667,0.366,2.984,0.788,0.058,0.295,0.202,0.798,0.169,0.580
3276,109.200,0.000,20.125,0.000,-393.921,1,0,1,0.000,1.208,4,1,0.862,2,0.000,1304.250,0.667,0.367,2.895,0.836,0.425,0.262,0.191,0.809,0.596,0.750
3279,109.300,0.000,33.541,0.000,13.416,1,0,1,0.000,1.139,4,0,0.862,2,291.872,3784.710,0.667,0.367,2.327,0.884,0.590,0.146,0.181,0.819,0.653,0.750
3282,109.400,0.000,17.889,0.000,-15.652,1,0,1,0.000,0.977,4,0,0.862,2,291.872,3784.710,0.667,0.367,2.531,0.824,0.684,0.271,0.200,0.800,0.575,0.750
3285,109.500,433.296,0.000,364.819,0.000,1,1,0,0.000,1.008,4,0,0.862,3,196.492,4002.694,0.667,0.360,2.657,0.800,0.611,0.293,0.184,0.816,0.775,0.750
3288,109.600,44.721,0.000,-388.574,0.000,1,1,0,0.000,1.240,4,0,0.862,3,95.635,4960.577,0.667,0.360,2.563,0.834,0.209,0.383,0.173,0.827,0.769,0.531
3291,109.700,0.000,60.415,0.000,42.527,1,0,1,0.000,1.098,4,0,0.862,3,95.635,4960.577,0.667,0.354,2.572,0.863,0.003,0.943,0.201,0.799,0.769,0.531
3294,109.800,0.000,70.576,0.000,10.161,1,0,1,0.000,1.332,4,1,0.828,2,50.329,6074.424,0.667,0.354,2.057,0.723,0.159,0.093,0.138,0.862,0.721,0.750
3297,109.900,0.000,43.417,0.000,-27.160,1,0,1,0.000,1.615,4,0,0.828,3,33.838,7125.358,0.667,0.354,2.128,0.765,0.205,0.068,0.166,0.834,0.756,0.450
3300,110.000,0.000,34.540,0.000,-8.877,1,0,1,0.000,1.839,4,0,0.828,3,27.731,7842.984,0.667,0.348,2.425,0.688,0.291,0.801,0.160,0.840,0.719,0.350
