frame_idx,timestamp,hand_velocity_left,hand_velocity_right,hand_acceleration_left,hand_acceleration_right,hands_present,grip_state_left,grip_state_right,hand_distance,trajectory_curvature,num_tools,tool_changed,tool_stability,num_interactions,contact_point_shift,contact_point_variance,interaction_density,interaction_rhythm,flow_magnitude,flow_uniformity,flow_discontinuity,direction_change,scene_change_score,visual_stability,activity_level,transition_score
0,0.000,0.000,0.000,0.000,0.000,1,0,0,0.000,0.000,2,0,1.000,1,0.000,0.000,1.000,0.000,0.000,1.000,0.000,0.000,0.000,1.000,0.260,0.000
3,0.100,0.000,0.000,0.000,0.000,0,0,0,0.000,0.000,3,1,0.000,0,0.000,0.000,0.500,0.000,5.391,0.852,0.000,2.978,0.235,0.765,0.205,0.750
6,0.200,0.000,0.000,0.000,0.000,0,0,0,0.000,0.000,3,0,0.500,0,0.000,0.000,0.333,0.000,6.800,0.877,0.000,0.022,0.256,0.744,0.219,0.000
9,0.300,0.000,0.000,0.000,0.000,0,0,0,0.000,0.000,3,0,0.667,0,0.000,0.000,0.250,0.000,10.825,0.969,0.000,0.326,0.285,0.715,0.232,0.000
12,0.400,0.000,0.000,0.000,0.000,0,0,0,0.000,0.000,3,0,0.750,0,0.000,0.000,0.200,0.000,11.837,0.962,0.000,0.121,0.290,0.710,0.227,0.000
15,0.500,0.000,0.000,0.000,0.000,0,0,0,0.000,0.000,3,0,0.800,0,0.000,0.000,0.167,0.000,9.329,0.958,0.000,0.028,0.293,0.707,0.223,0.000
18,0.600,0.000,0.000,0.000,0.000,0,0,0,0.000,0.000,3,0,0.833,0,0.000,0.000,0.143,0.000,5.685,0.913,0.000,0.498,0.283,0.717,0.165,0.000
21,0.700,0.000,0.000,0.000,0.000,0,0,0,0.000,0.000,3,0,0.857,0,0.000,0.000,0.125,0.000,4.096,0.757,0.000,0.913,0.252,0.748,0.134,0.000
24,0.800,0.000,0.000,0.000,0.000,0,0,0,0.000,0.000,3,0,0.875,0,0.000,0.000,0.111,0.000,5.292,0.867,0.000,0.415,0.281,0.719,0.155,0.000
27,0.900,0.000,0.000,0.000,0.000,0,0,0,0.000,0.000,3,0,0.889,0,0.000,0.000,0.100,0.000,4.560,0.827,0.000,0.282,0.261,0.739,0.138,0.000
30,1.000,0.000,0.000,0.000,0.000,0,0,0,0.000,0.000,3,0,0.900,0,0.000,0.000,0.091,0.000,5.925,0.964,0.000,0.256,0.277,0.723,0.162,0.000
33,1.100,0.000,0.000,0.000,0.000,0,0,0,0.000,0.000,3,0,0.909,0,0.000,0.000,0.083,0.000,8.386,0.977,0.000,0.515,0.286,0.714,0.212,0.000
36,1.200,0.000,0.000,0.000,0.000,0,0,0,0.000,0.000,3,0,0.917,0,0.000,0.000,0.077,0.000,12.174,0.977,0.000,0.232,0.278,0.722,0.211,0.000
39,1.300,0.000,0.000,0.000,0.000,0,0,0,0.000,0.000,3,0,0.923,0,0.000,0.000,0.071,0.000,12.722,0.974,0.000,0.071,0.266,0.734,0.210,0.000
42,1.400,0.000,0.000,0.000,0.000,0,0,0,0.000,0.000,3,0,0.929,0,0.000,0.000,0.067,0.000,6.439,0.965,0.000,0.268,0.254,0.746,0.171,0.000
45,1.500,0.000,0.000,0.000,0.000,0,0,0,0.000,0.000,3,0,0.933,0,0.000,0.000,0.062,0.000,10.404,0.966,0.000,0.308,0.253,0.747,0.210,0.000
48,1.600,0.000,0.000,0.000,0.000,0,0,0,0.000,0.000,3,0,0.938,0,0.000,0.000,0.059,0.000,12.454,0.963,0.000,0.009,0.247,0.753,0.210,0.000
51,1.700,0.000,0.000,0.000,0.000,0,0,0,0.000,0.000,3,0,0.941,0,0.000,0.000,0.056,0.000,8.355,0.946,0.000,0.018,0.241,0.759,0.210,0.000
54,1.800,0.000,0.000,0.000,0.000,0,0,0,0.000,0.000,3,0,0.944,0,0.000,0.000,0.053,0.000,8.843,0.931,0.000,0.068,0.242,0.758,0.211,0.000
57,1.900,0.000,0.000,0.000,0.000,0,0,0,0.000,0.000,3,0,0.947,0,0.000,0.000,0.050,0.000,10.517,0.882,0.000,0.000,0.250,0.750,0.214,0.000
60,2.000,0.000,101.020,0.000,101.020,1,0,0,0.000,0.000,3,0,0.950,2,0.000,0.000,0.095,0.500,9.629,0.844,0.000,0.009,0.236,0.764,0.642,0.650
63,2.100,0.000,111.826,0.000,10.806,1,0,0,0.000,0.000,3,0,0.952,2,48.703,0.000,0.136,0.381,9.082,0.841,0.000,0.046,0.219,0.781,0.648,0.000
66,2.200,0.000,42.202,0.000,-69.624,1,0,0,0.000,0.493,3,0,0.955,2,21.401,450.688,0.174,0.334,7.269,0.786,0.000,0.187,0.206,0.794,0.622,0.450
69,2.300,0.000,0.000,0.000,0.000,1,0,0,0.000,0.000,3,0,0.957,2,0.000,421.639,0.208,0.307,5.611,0.712,0.000,0.236,0.207,0.793,0.355,0.580
72,2.400,1.000,13.038,1.000,-29.163,2,0,0,22.023,0.602,6,1,0.917,6,0.000,352.867,0.240,0.252,4.257,0.742,0.000,0.268,0.200,0.800,0.606,0.750
75,2.500,10.440,22.561,9.440,9.523,2,0,0,7.810,0.501,6,0,0.920,6,0.000,55.679,0.269,0.224,3.464,0.798,0.000,1.030,0.228,0.772,0.638,0.000
78,2.600,0.000,10.630,0.000,-11.931,1,0,1,0.000,0.500,6,0,0.923,5,0.000,56.165,0.296,0.211,3.855,0.928,0.000,0.462,0.228,0.772,0.576,0.650
81,2.700,0.000,8.062,0.000,-2.568,1,0,1,0.000,0.519,5,1,0.889,4,0.000,68.668,0.321,0.204,3.913,0.939,0.000,0.084,0.229,0.771,0.559,0.750
84,2.800,0.000,10.770,0.000,2.708,1,0,1,0.000,0.610,5,0,0.893,4,0.000,73.015,0.345,0.199,3.716,0.946,0.000,0.233,0.224,0.776,0.572,0.000
87,2.900,0.000,6.000,0.000,-4.770,1,0,1,0.000,0.693,5,0,0.897,4,19.313,83.285,0.367,0.195,2.205,0.934,0.000,0.385,0.190,0.810,0.511,0.580
90,3.000,0.000,5.831,0.000,-0.169,1,0,1,0.000,0.735,5,1,0.897,4,10.770,59.115,0.367,0.192,2.695,0.939,0.000,0.132,0.204,0.796,0.522,0.750
93,3.100,35.777,0.000,25.337,0.000,1,0,0,0.000,0.755,5,0,0.897,4,37.216,81.048,0.400,0.190,2.481,0.947,0.555,0.032,0.192,0.808,0.607,0.550
96,3.200,17.000,0.000,-18.777,0.000,1,0,0,0.000,0.609,5,0,0.897,4,0.000,105.974,0.433,0.188,2.909,0.951,0.913,0.018,0.188,0.812,0.517,0.000
99,3.300,7.211,0.000,-9.789,0.000,1,0,0,0.000,0.734,5,1,0.862,4,19.235,119.964,0.467,0.186,2.356,0.947,1.080,0.016,0.191,0.809,0.453,0.750
102,3.400,2.000,0.000,-5.211,0.000,1,1,0,0.000,1.189,5,0,0.862,4,25.060,120.234,0.500,0.185,2.335,0.952,1.206,0.180,0.196,0.804,0.507,0.580
105,3.500,0.000,37.054,0.000,31.223,1,0,1,0.000,0.809,5,0,0.862,4,19.313,131.144,0.533,0.369,2.113,0.956,1.405,0.138,0.180,0.820,0.700,0.700
108,3.600,0.000,5.385,0.000,-31.669,1,0,1,0.000,0.761,5,0,0.862,4,16.031,138.989,0.567,0.358,1.887,0.971,1.586,0.097,0.170,0.830,0.521,0.700
111,3.700,0.000,6.708,0.000,1.323,1,0,1,0.000,0.734,5,0,0.862,4,33.377,152.919,0.600,0.347,0.974,0.822,1.895,0.790,0.115,0.885,0.520,0.700
114,3.800,18.788,0.000,16.788,0.000,1,1,0,0.000,1.353,5,0,0.862,3,22.091,236.059,0.633,0.358,1.566,0.845,2.334,1.426,0.170,0.830,0.568,0.700
117,3.900,0.000,4.123,0.000,-2.585,1,0,1,0.000,0.976,5,0,0.862,3,18.788,247.784,0.667,0.358,0.772,0.742,2.479,1.430,0.102,0.898,0.478,0.700
120,4.000,0.000,6.083,0.000,1.960,1,0,1,0.000,1.149,5,0,0.862,4,13.601,232.367,0.700,0.369,1.201,0.897,2.528,1.571,0.142,0.858,0.529,0.700
123,4.100,0.000,11.180,0.000,5.098,1,0,1,0.000,1.211,5,0,0.862,4,118.444,524.369,0.733,0.369,0.884,0.711,2.292,1.679,0.090,0.910,0.566,0.700
126,4.200,0.000,5.831,0.000,-5.349,1,0,1,0.000,1.409,5,0,0.862,4,29.206,533.629,0.767,0.369,0.861,0.713,2.068,0.457,0.120,0.880,0.540,0.700
129,4.300,0.000,4.000,0.000,-1.831,1,0,1,0.000,1.545,5,0,0.862,4,26.000,490.139,0.800,0.369,0.917,0.842,1.950,0.211,0.113,0.887,0.526,0.700
132,4.400,0.000,3.000,0.000,-1.000,1,0,1,0.000,1.605,5,0,0.862,4,41.231,493.768,0.833,0.369,0.850,0.712,1.907,1.852,0.106,0.894,0.532,0.700
135,4.500,0.000,8.062,0.000,5.062,1,0,1,0.000,1.892,5,0,0.862,4,109.836,923.595,0.867,0.369,1.049,0.737,1.687,0.229,0.094,0.906,0.567,0.700
138,4.600,13.601,14.866,-5.187,6.804,2,1,1,9.434,1.921,5,0,0.862,6,0.000,662.090,0.900,0.358,0.896,0.792,1.549,1.485,0.128,0.872,0.688,0.700
141,4.700,0.000,9.849,0.000,-5.017,1,0,1,0.000,1.958,5,0,0.862,4,27.459,679.447,0.933,0.358,0.923,0.886,1.524,1.333,0.110,0.890,0.572,0.700
144,4.800,0.000,2.236,0.000,-7.613,1,0,1,0.000,1.716,5,0,0.862,4,132.246,945.144,0.967,0.358,0.684,0.711,1.448,2.533,0.075,0.925,0.540,0.735
147,4.900,4.472,6.708,-9.129,4.472,2,1,1,8.602,1.914,5,0,0.862,6,0.000,592.869,1.000,0.358,1.211,0.946,1.368,2.862,0.155,0.845,0.651,0.650
150,5.000,0.000,5.000,0.000,-1.708,1,0,1,0.000,1.901,5,0,0.862,4,34.482,610.769,1.000,0.358,1.271,0.897,1.389,0.055,0.145,0.855,0.561,0.650
153,5.100,0.000,6.708,0.000,1.708,1,0,1,0.000,1.660,5,0,0.862,4,128.222,879.587,1.000,0.358,0.975,0.651,1.449,1.254,0.118,0.882,0.580,0.712
156,5.200,0.000,4.243,0.000,-2.466,1,0,1,0.000,1.620,5,0,0.862,4,25.456,844.069,1.000,0.358,1.147,0.914,1.689,0.967,0.144,0.856,0.552,0.700
159,5.300,0.000,2.828,0.000,-1.414,1,0,1,0.000,1.292,5,0,0.897,3,31.765,534.014,1.000,0.358,0.899,0.893,1.766,0.719,0.118,0.882,0.504,0.700
162,5.400,13.342,8.062,8.870,5.234,2,1,1,12.207,1.685,5,0,0.897,6,128.701,1136.158,1.000,0.347,0.610,0.443,1.897,1.738,0.059,0.941,0.708,0.715
165,5.500,0.000,7.810,0.000,-0.252,1,0,1,0.000,1.489,5,0,0.897,4,119.670,1337.017,1.000,0.347,0.919,0.890,1.619,1.980,0.111,0.889,0.568,0.700
168,5.600,0.000,5.099,0.000,-2.711,1,0,1,0.000,1.569,5,0,0.931,4,45.486,1244.327,1.000,0.347,0.586,0.401,1.460,1.103,0.074,0.926,0.579,0.700
171,5.700,5.385,7.211,-7.956,2.112,2,1,1,12.042,1.768,5,1,0.897,6,25.962,893.780,1.000,0.347,1.112,0.836,1.313,1.389,0.137,0.863,0.659,0.750
174,5.800,0.000,8.602,0.000,1.391,1,0,1,0.000,1.532,5,0,0.897,4,116.825,834.919,1.000,0.347,0.753,0.565,1.179,0.470,0.084,0.916,0.591,0.650
177,5.900,0.000,1.414,0.000,-7.188,1,0,1,0.000,1.531,5,0,0.931,4,19.416,543.669,1.000,0.347,1.335,0.892,1.123,1.145,0.170,0.830,0.543,0.580
180,6.000,2.236,0.000,-3.149,0.000,1,1,0,0.000,1.801,3,1,0.897,2,30.676,500.385,1.000,0.358,1.201,0.882,0.928,1.405,0.154,0.846,0.521,0.750
183,6.100,0.000,6.083,0.000,4.669,1,0,1,0.000,1.452,4,1,0.862,3,25.554,457.978,1.000,0.358,0.975,0.559,0.812,0.655,0.101,0.899,0.574,0.750
186,6.200,0.000,5.099,0.000,-0.984,1,0,1,0.000,1.497,4,0,0.897,3,22.672,473.945,1.000,0.358,1.140,0.929,0.685,0.263,0.130,0.870,0.547,0.350
189,6.300,9.899,15.264,7.663,10.165,2,1,1,12.083,1.914,5,1,0.862,6,0.000,466.340,1.000,0.358,0.920,0.353,0.565,0.403,0.105,0.895,0.733,0.750
192,6.400,0.000,10.770,0.000,-4.494,1,0,1,0.000,1.590,4,1,0.828,3,0.000,219.714,1.000,0.358,0.544,0.657,0.376,0.814,0.076,0.924,0.582,0.750
195,6.500,0.000,4.123,0.000,-6.647,1,0,1,0.000,1.522,5,1,0.793,4,0.000,208.588,1.000,0.358,0.977,0.850,0.396,0.390,0.112,0.888,0.552,0.750
198,6.600,0.000,6.083,0.000,1.960,1,0,1,0.000,1.385,5,1,0.759,3,18.601,205.814,1.000,0.369,0.826,0.547,0.399,2.653,0.113,0.887,0.544,0.750
201,6.700,0.000,2.828,0.000,-3.254,1,0,1,0.000,1.352,4,1,0.724,3,17.088,173.179,1.000,0.369,0.882,0.842,0.333,0.211,0.123,0.877,0.534,0.750
204,6.800,0.000,3.606,0.000,0.777,1,0,1,0.000,1.503,5,1,0.690,4,0.000,168.825,1.000,0.369,1.100,0.942,0.461,1.386,0.125,0.875,0.546,0.750
207,6.900,0.000,3.162,0.000,-0.443,1,0,1,0.000,1.655,5,1,0.655,3,30.017,106.819,1.000,0.369,0.949,0.868,0.266,1.530,0.122,0.878,0.508,0.750
210,7.000,0.000,2.828,0.000,-0.334,1,0,1,0.000,1.864,5,0,0.655,3,43.932,133.537,1.000,0.379,0.823,0.814,0.059,0.728,0.108,0.892,0.507,0.350
213,7.100,0.000,4.000,0.000,1.172,1,0,1,0.000,1.860,5,0,0.655,4,22.561,122.077,1.000,0.379,0.846,0.303,0.010,0.120,0.094,0.906,0.586,0.480
216,7.200,12.207,3.606,2.307,-0.394,2,1,1,12.042,1.758,5,0,0.655,6,0.000,285.895,1.000,0.369,1.161,0.807,0.203,1.083,0.141,0.859,0.690,0.650
219,7.300,7.211,12.042,-4.995,8.436,2,1,1,9.487,2.102,5,0,0.655,6,22.023,329.234,1.000,0.369,1.155,0.855,0.129,0.218,0.150,0.850,0.686,0.350
222,7.400,12.166,0.000,1.725,0.000,2,1,0,12.166,1.575,5,0,0.655,6,31.780,267.414,1.000,0.369,0.996,0.832,0.312,0.016,0.132,0.868,0.684,0.500
225,7.500,0.000,5.099,0.000,-6.943,1,0,1,0.000,2.158,4,1,0.621,3,17.720,202.269,1.000,0.358,0.795,0.771,0.037,0.065,0.102,0.898,0.549,0.750
228,7.600,235.257,0.000,223.092,0.000,1,1,0,0.000,1.435,5,1,0.586,4,0.000,862.594,1.000,0.358,11.878,0.200,0.125,2.768,0.402,0.598,1.000,0.750
231,7.700,0.000,246.595,0.000,241.496,1,0,1,0.000,2.029,5,0,0.586,4,0.000,889.085,1.000,0.358,5.758,0.480,2.994,2.183,0.305,0.695,0.924,0.700
234,7.800,0.000,11.402,0.000,-235.193,1,0,1,0.000,2.101,4,1,0.552,3,0.000,961.425,1.000,0.369,7.464,0.587,4.205,0.185,0.304,0.696,0.764,0.750
237,7.900,0.000,22.361,0.000,10.959,1,0,1,0.000,2.093,4,0,0.552,3,0.000,921.015,1.000,0.369,9.370,0.809,6.362,0.063,0.312,0.688,0.823,0.700
240,8.000,0.000,10.050,0.000,-12.311,1,0,1,0.000,1.909,4,0,0.552,3,0.000,817.400,1.000,0.369,10.480,0.851,8.459,0.259,0.307,0.693,0.751,0.700
243,8.100,0.000,17.000,0.000,6.950,1,0,1,0.000,1.737,3,1,0.517,2,0.000,607.495,1.000,0.369,10.645,0.886,11.890,0.111,0.312,0.688,0.672,0.750
246,8.200,0.000,8.246,0.000,-8.754,1,0,1,0.000,1.572,3,0,0.517,2,0.000,357.938,1.000,0.379,9.394,0.816,14.728,0.127,0.289,0.711,0.629,0.700
249,8.300,0.000,6.403,0.000,-1.843,1,0,1,0.000,1.265,3,0,0.517,2,34.000,137.275,1.000,0.379,6.051,0.791,17.875,0.087,0.275,0.725,0.571,0.700
252,8.400,0.000,10.050,0.000,3.647,1,0,1,0.000,1.102,3,0,0.517,2,0.000,105.215,1.000,0.379,7.155,0.766,18.894,0.666,0.289,0.711,0.621,0.700
255,8.500,0.000,12.806,0.000,2.756,1,0,1,0.000,0.988,3,0,0.517,2,0.000,108.895,1.000,0.389,5.081,0.728,22.243,0.099,0.270,0.730,0.587,0.700
258,8.600,0.000,5.000,0.000,-7.806,1,0,1,0.000,0.828,3,0,0.552,2,0.000,118.975,1.000,0.389,2.899,0.285,23.381,0.006,0.219,0.781,0.520,0.700
261,8.700,0.000,6.083,0.000,1.083,1,0,1,0.000,0.979,3,0,0.552,2,0.000,126.300,1.000,0.399,3.426,0.489,26.476,1.661,0.253,0.747,0.525,0.700
264,8.800,0.000,8.544,0.000,2.461,1,0,1,0.000,1.236,3,0,0.552,2,23.854,189.724,1.000,0.399,3.996,0.623,26.829,0.533,0.255,0.745,0.544,0.700
267,8.900,0.000,11.180,0.000,2.636,1,0,1,0.000,1.126,3,0,0.586,2,24.166,249.024,1.000,0.399,3.268,0.529,28.100,1.123,0.227,0.773,0.547,0.700
270,9.000,0.000,3.162,0.000,-8.018,1,0,1,0.000,1.316,3,0,0.621,2,0.000,267.409,1.000,0.408,5.298,0.815,33.110,0.285,0.247,0.753,0.533,0.700
273,9.100,0.000,7.616,0.000,4.453,1,0,1,0.000,1.469,3,0,0.621,2,0.000,245.969,1.000,0.408,5.338,0.904,36.711,0.135,0.266,0.734,0.552,0.700
276,9.200,0.000,3.000,0.000,-4.616,1,0,1,0.000,1.516,3,0,0.655,2,51.039,193.575,1.000,0.417,3.659,0.744,1.722,0.099,0.232,0.768,0.496,0.700
279,9.300,0.000,4.123,0.000,1.123,1,0,1,0.000,1.806,4,1,0.655,3,68.659,281.087,1.000,0.426,2.815,0.518,1.463,0.025,0.203,0.797,0.612,0.750
282,9.400,0.000,11.045,0.000,6.922,1,0,1,0.000,2.072,4,0,0.690,3,6.708,268.464,1.000,0.426,3.354,0.746,1.099,0.056,0.229,0.771,0.648,0.350
285,9.500,0.000,10.440,0.000,-0.605,1,0,1,0.000,1.922,4,0,0.724,3,87.573,375.224,1.000,0.435,3.393,0.688,0.704,0.189,0.219,0.781,0.650,0.350
288,9.600,0.000,1.414,0.000,-9.026,1,0,1,0.000,1.656,3,1,0.724,2,88.814,476.339,1.000,0.435,2.827,0.324,0.356,0.344,0.182,0.818,0.496,0.750
291,9.700,0.000,11.705,0.000,10.290,1,0,1,0.000,1.894,3,0,0.759,2,19.105,476.174,1.000,0.444,3.047,0.541,0.057,2.126,0.217,0.783,0.543,0.550
294,9.800,0.000,3.162,0.000,-8.542,1,0,1,0.000,1.799,3,0,0.793,2,21.587,450.069,1.000,0.453,2.488,0.549,0.172,1.489,0.211,0.789,0.481,0.580
297,9.900,0.000,5.099,0.000,1.937,1,0,1,0.000,1.773,4,1,0.759,3,4.472,447.750,1.000,0.453,2.144,0.654,0.310,0.397,0.209,0.791,0.591,0.750
300,10.000,0.000,5.000,0.000,-0.099,1,0,1,0.000,1.995,4,0,0.759,3,26.926,446.539,1.000,0.453,3.249,0.727,0.503,0.211,0.241,0.759,0.613,0.580
303,10.100,0.000,3.162,0.000,-1.838,1,0,1,0.000,1.986,4,0,0.759,3,16.279,446.048,1.000,0.453,2.752,0.519,0.632,1.426,0.197,0.803,0.605,0.580
306,10.200,0.000,2.236,0.000,-0.926,1,0,1,0.000,1.653,4,0,0.759,3,5.000,445.574,1.000,0.453,2.458,0.791,0.695,1.699,0.198,0.802,0.573,0.580
309,10.300,0.000,8.602,0.000,6.366,1,0,1,0.000,1.647,4,0,0.759,3,77.058,553.385,1.000,0.453,2.447,0.855,0.785,0.012,0.207,0.793,0.604,0.350
312,10.400,0.000,7.071,0.000,-1.531,1,0,1,0.000,1.687,4,0,0.793,3,80.156,559.218,1.000,0.453,2.935,0.811,0.917,0.019,0.221,0.779,0.611,0.350
315,10.500,0.000,16.125,0.000,9.053,1,0,1,0.000,1.781,4,0,0.828,3,32.558,512.850,1.000,0.453,3.179,0.777,1.028,1.789,0.228,0.772,0.670,0.550
318,10.600,56.462,0.000,-178.795,0.000,1,1,0,0.000,1.595,4,0,0.828,3,39.115,527.039,1.000,0.453,2.019,0.795,1.312,1.429,0.210,0.790,0.800,0.550
321,10.700,0.000,10.198,0.000,-5.926,1,0,1,0.000,1.688,4,0,0.862,3,0.000,627.224,1.000,0.444,2.543,0.855,1.397,0.719,0.243,0.757,0.615,0.500
324,10.800,0.000,5.099,0.000,-5.099,1,0,1,0.000,1.704,4,0,0.862,3,46.043,714.494,1.000,0.444,5.264,0.961,1.325,0.679,0.278,0.722,0.648,0.350
327,10.900,0.000,3.606,0.000,-1.493,1,0,1,0.000,1.483,4,0,0.862,3,7.280,813.128,1.000,0.435,4.490,0.962,1.098,0.241,0.266,0.734,0.620,0.580
330,11.000,0.000,6.083,0.000,2.477,1,0,1,0.000,1.225,4,0,0.897,3,4.472,906.818,1.000,0.435,4.069,0.955,0.956,0.223,0.258,0.742,0.624,0.350
333,11.100,0.000,6.083,0.000,0.000,1,0,1,0.000,1.249,4,0,0.897,3,83.451,1072.760,1.000,0.426,4.625,0.977,0.863,0.018,0.264,0.736,0.636,0.350
336,11.200,0.000,2.000,0.000,-4.083,1,0,1,0.000,1.405,4,0,0.897,3,53.852,1135.594,1.000,0.426,2.123,0.830,0.743,0.148,0.205,0.795,0.561,0.580
339,11.300,0.000,16.492,0.000,14.492,1,0,1,0.000,1.334,4,0,0.897,3,96.830,1059.134,1.000,0.417,2.106,0.353,0.761,2.708,0.112,0.888,0.675,0.550
342,11.400,40.608,0.000,-15.854,0.000,1,1,0,0.000,1.733,4,0,0.897,3,56.613,1131.525,1.000,0.417,2.403,0.756,0.623,0.077,0.126,0.874,0.788,0.500
345,11.500,0.000,0.000,0.000,0.000,0,0,0,0.000,0.000,4,0,0.897,0,56.613,1131.525,0.967,0.417,3.590,0.793,0.443,2.160,0.239,0.761,0.320,0.650
348,11.600,0.000,177.539,0.000,161.046,1,0,1,0.000,1.167,4,0,0.897,1,120.304,1914.244,0.967,0.419,1.818,0.530,0.323,0.966,0.139,0.861,0.719,0.668
351,11.700,0.000,17.493,0.000,-160.046,1,0,1,0.000,1.078,4,0,0.897,1,29.614,2836.078,0.967,0.428,2.288,0.790,0.380,0.832,0.137,0.863,0.560,0.450
354,11.800,0.000,9.434,0.000,-8.059,1,0,1,0.000,1.019,4,0,0.897,1,22.361,3484.805,0.967,0.428,1.788,0.776,0.309,0.267,0.159,0.841,0.504,0.350
357,11.900,0.000,23.022,0.000,13.588,1,0,1,0.000,0.936,4,0,0.897,1,117.047,5126.118,0.967,0.437,1.512,0.821,0.241,0.507,0.164,0.836,0.569,0.650
360,12.000,0.000,18.385,0.000,-4.637,1,0,1,0.000,0.984,4,0,0.897,2,53.151,6191.354,0.967,0.437,1.063,0.397,0.319,1.022,0.106,0.894,0.607,0.350
363,12.100,0.000,4.123,0.000,-14.262,1,0,1,0.000,0.961,4,0,0.897,2,68.000,7362.094,0.967,0.437,0.986,0.648,0.402,0.850,0.111,0.889,0.508,0.580
366,12.200,0.000,17.493,0.000,13.370,1,0,1,0.000,0.687,4,0,0.931,2,116.297,7330.477,0.967,0.437,1.068,0.815,0.305,0.213,0.141,0.859,0.573,0.646
369,12.300,0.000,6.083,0.000,-11.410,1,0,1,0.000,0.703,3,1,0.897,1,116.297,7330.477,0.967,0.446,0.840,0.649,0.399,1.552,0.110,0.890,0.485,0.750
372,12.400,0.000,7.810,0.000,1.727,1,0,1,0.000,0.592,4,1,0.862,2,11.662,7311.499,0.967,0.446,0.729,0.624,0.836,0.350,0.094,0.906,0.524,0.750
375,12.500,0.000,2.828,0.000,-4.982,1,0,1,0.000,0.955,4,0,0.897,2,51.884,7419.474,0.967,0.446,0.518,0.656,1.136,0.027,0.081,0.919,0.489,0.580
378,12.600,0.000,1.414,0.000,-1.414,1,0,1,0.000,1.014,3,1,0.862,1,51.884,7419.474,0.967,0.454,0.539,0.348,1.412,1.597,0.076,0.924,0.473,0.750
381,12.700,0.000,1.414,0.000,0.000,1,0,1,0.000,1.342,4,1,0.828,2,51.884,7419.474,0.967,0.454,1.195,0.865,1.706,2.554,0.132,0.868,0.483,0.750
384,12.800,0.000,56.613,0.000,55.199,1,0,1,0.000,1.456,4,0,0.862,2,51.884,7419.474,0.967,0.463,1.941,0.750,1.644,0.385,0.136,0.864,0.752,0.700
387,12.900,37.656,0.000,-2.952,0.000,1,1,0,0.000,1.587,4,0,0.862,3,202.200,7060.990,0.967,0.463,3.355,0.754,1.596,0.323,0.208,0.792,0.791,0.750
390,13.000,0.000,190.263,0.000,133.650,1,0,1,0.000,1.470,4,0,0.862,3,64.498,6975.499,0.967,0.463,1.980,0.839,1.573,0.421,0.151,0.849,0.792,0.700
393,13.100,0.000,14.560,0.000,-175.703,1,0,1,0.000,1.540,4,0,0.862,3,40.112,6954.540,0.967,0.463,1.316,0.819,1.692,0.186,0.136,0.864,0.607,0.700
396,13.200,0.000,2.236,0.000,-12.324,1,0,1,0.000,1.666,4,0,0.862,2,40.112,6954.540,0.967,0.463,1.676,0.955,1.585,0.058,0.194,0.806,0.493,0.700
399,13.300,0.000,2.000,0.000,-0.236,1,0,1,0.000,1.854,4,0,0.862,2,40.112,6954.540,0.967,0.463,1.111,0.951,1.601,0.223,0.167,0.833,0.478,0.700
402,13.400,0.000,3.162,0.000,1.162,1,0,1,0.000,1.825,3,1,0.828,2,40.112,6954.540,0.967,0.471,0.536,0.384,1.547,1.654,0.095,0.905,0.540,0.750
405,13.500,0.000,4.123,0.000,0.961,1,0,1,0.000,1.754,3,0,0.828,2,40.112,6954.540,0.967,0.471,0.719,0.890,1.438,0.088,0.119,0.881,0.515,0.700
408,13.600,0.000,8.544,0.000,4.421,1,0,1,0.000,1.482,3,0,0.828,2,40.112,6954.540,0.967,0.471,0.883,0.625,1.244,0.702,0.176,0.824,0.562,0.350
411,13.700,0.000,1.414,0.000,-7.130,1,0,1,0.000,1.279,4,1,0.793,3,53.824,6561.110,0.967,0.471,0.891,0.793,1.133,0.634,0.146,0.854,0.526,0.750
414,13.800,0.000,4.123,0.000,2.709,1,0,1,0.000,1.377,3,1,0.759,2,53.824,6561.110,0.967,0.480,0.772,0.750,1.018,0.461,0.146,0.854,0.526,0.750
417,13.900,0.000,2.828,0.000,-1.295,1,0,1,0.000,1.337,4,1,0.724,2,53.824,6561.110,0.967,0.480,0.890,0.891,0.892,0.163,0.154,0.846,0.482,0.750
420,14.000,0.000,5.831,0.000,3.003,1,0,1,0.000,1.195,4,0,0.724,3,25.612,6336.975,0.967,0.480,0.632,0.589,0.733,0.995,0.084,0.916,0.558,0.580
423,14.100,0.000,2.000,0.000,-3.831,1,0,1,0.000,1.204,4,0,0.724,2,25.612,6336.975,0.967,0.480,1.015,0.723,0.557,0.037,0.135,0.865,0.492,0.580
426,14.200,55.543,0.000,17.886,0.000,1,1,0,0.000,1.836,4,0,0.724,3,37.054,6300.744,0.967,0.480,0.761,0.330,0.360,1.382,0.097,0.903,0.797,0.550
429,14.300,305.369,0.000,293.967,0.000,2,1,0,305.369,1.811,4,0,0.724,5,5.099,6130.554,0.967,0.480,1.290,0.586,0.324,0.780,0.158,0.842,0.887,0.650
432,14.400,28.231,26.926,-277.137,24.926,2,1,1,288.784,1.710,4,0,0.724,5,85.709,6036.909,0.967,0.453,2.159,0.937,0.367,0.177,0.227,0.773,0.791,0.500
435,14.500,13.892,5.099,-14.339,-21.827,2,1,1,288.903,1.960,4,0,0.724,5,3.162,5944.108,1.000,0.444,2.340,0.968,0.483,0.071,0.229,0.771,0.718,0.350
438,14.600,22.361,4.472,8.468,-0.627,2,1,1,282.689,1.631,4,0,0.724,4,183.663,7245.234,1.000,0.426,1.667,0.860,0.416,0.633,0.163,0.837,0.756,0.750
441,14.700,12.166,5.831,-10.195,1.359,2,1,1,285.631,1.516,4,0,0.724,4,175.285,7536.565,1.000,0.417,1.515,0.845,0.342,1.628,0.201,0.799,0.696,0.750
444,14.800,10.198,1.000,-1.967,-4.831,2,1,1,285.748,1.738,3,1,0.690,2,175.285,7536.565,1.000,0.417,0.743,0.924,0.316,1.548,0.135,0.865,0.601,0.750
447,14.900,14.318,7.616,4.120,6.616,2,1,1,287.167,1.635,4,1,0.655,3,246.223,9902.530,1.000,0.417,1.721,0.723,0.289,3.029,0.174,0.826,0.677,0.750
450,15.000,6.083,3.162,-8.235,-4.453,2,1,1,284.253,1.811,4,0,0.655,5,116.017,10340.040,1.000,0.408,2.512,0.906,0.079,0.415,0.240,0.760,0.683,0.645
453,15.100,4.000,2.000,-2.083,-1.162,2,1,1,280.863,1.703,3,1,0.621,3,116.017,10340.040,1.000,0.408,1.374,0.932,0.117,0.016,0.194,0.806,0.641,0.750
456,15.200,8.944,2.236,4.944,0.236,2,1,1,281.149,1.678,4,1,0.621,4,109.636,10574.948,1.000,0.399,1.017,0.887,0.170,1.022,0.147,0.853,0.663,0.750
459,15.300,10.630,2.236,1.686,0.000,2,1,1,273.585,1.686,4,0,0.655,4,235.801,9608.644,1.000,0.389,1.090,0.811,0.197,1.216,0.163,0.837,0.680,0.750
462,15.400,2.000,3.606,-8.630,1.369,2,1,1,277.950,1.637,4,0,0.655,4,1.414,7740.840,1.000,0.379,1.224,0.934,0.231,0.103,0.177,0.823,0.635,0.580
465,15.500,7.071,5.385,5.071,1.780,2,1,1,270.224,1.945,4,0,0.690,4,176.241,7362.154,1.000,0.369,1.337,0.803,0.248,1.977,0.155,0.845,0.666,0.750
468,15.600,0.000,265.707,0.000,263.471,2,0,1,265.707,1.593,4,0,0.724,4,51.088,7006.207,1.000,0.369,2.410,0.954,0.305,0.089,0.223,0.777,0.893,0.500
471,15.700,21.932,266.372,14.861,0.665,2,1,1,261.543,1.778,4,0,0.724,5,236.783,5200.769,1.000,0.358,2.085,0.937,0.400,0.132,0.209,0.791,0.887,0.750
474,15.800,9.055,5.385,-12.876,-260.987,2,1,1,259.307,1.943,4,0,0.724,5,6.000,5030.984,1.000,0.358,2.404,0.922,0.558,0.199,0.213,0.787,0.696,0.580
477,15.900,15.297,2.000,6.242,-3.385,2,1,1,251.543,2.036,4,0,0.724,5,125.160,5073.724,1.000,0.358,1.872,0.881,0.747,0.351,0.192,0.808,0.720,0.695
480,16.000,0.000,1.414,0.000,-0.586,1,0,1,0.000,2.134,4,0,0.724,3,126.463,4872.105,1.000,0.369,1.890,0.811,1.223,0.677,0.180,0.820,0.553,0.703
483,16.100,34.713,6.708,19.416,5.294,2,1,1,272.132,2.190,4,0,0.724,5,57.428,4642.464,1.000,0.358,1.334,0.111,1.003,0.081,0.140,0.860,0.868,0.650
486,16.200,5.831,2.236,-28.882,-4.472,2,1,1,276.762,2.265,4,0,0.724,4,210.943,5025.145,1.000,0.358,1.446,0.911,0.889,3.095,0.184,0.816,0.655,0.750
489,16.300,4.123,3.162,-1.708,0.926,2,1,1,273.247,2.338,4,0,0.759,4,57.585,5008.634,1.000,0.358,1.438,0.902,0.916,0.661,0.170,0.830,0.646,0.580
492,16.400,7.071,1.414,2.948,-1.748,2,1,1,267.978,2.105,4,0,0.759,4,56.080,5197.134,1.000,0.358,1.017,0.449,1.031,1.339,0.111,0.889,0.683,0.580
495,16.500,28.284,2.236,21.213,0.822,2,1,1,254.262,2.065,4,0,0.759,4,28.284,5223.384,1.000,0.358,1.191,0.754,0.805,2.501,0.138,0.862,0.784,0.550
498,16.600,6.403,2.236,-21.881,0.000,2,1,1,259.093,1.974,4,0,0.793,4,6.403,5432.548,1.000,0.358,1.470,0.822,0.365,0.557,0.180,0.820,0.665,0.580
501,16.700,0.000,257.730,0.000,254.568,2,0,1,257.730,1.548,4,0,0.828,5,141.481,5103.194,1.000,0.347,1.116,0.499,0.328,1.045,0.150,0.850,0.893,0.750
504,16.800,37.802,257.179,31.399,-0.552,2,1,1,282.461,1.701,4,0,0.862,5,215.195,5551.114,1.000,0.347,1.599,0.735,0.328,3.000,0.161,0.839,0.889,0.750
507,16.900,4.000,3.162,-33.802,-254.017,2,1,1,282.294,1.502,4,0,0.862,4,281.780,5952.144,1.000,0.347,1.940,0.829,0.359,0.219,0.194,0.806,0.663,0.750
510,17.000,7.071,10.000,3.071,6.838,2,1,1,279.485,1.640,4,0,0.862,5,55.973,5649.497,1.000,0.347,2.066,0.837,0.413,0.676,0.175,0.825,0.699,0.580
513,17.100,269.980,0.000,-9.008,0.000,2,1,0,269.980,1.320,4,0,0.862,5,133.522,5506.025,1.000,0.347,1.362,0.745,0.446,1.122,0.169,0.831,0.882,0.742
516,17.200,0.000,262.774,0.000,259.168,2,0,1,262.774,1.900,4,0,0.862,5,123.369,5633.169,1.000,0.347,2.122,0.824,0.127,0.774,0.187,0.813,0.895,0.685
519,17.300,0.000,258.382,0.000,-7.927,2,0,1,258.382,2.539,4,0,0.862,4,232.039,5653.880,1.000,0.347,2.292,0.716,0.027,1.944,0.193,0.807,0.907,0.750
522,17.400,74.733,259.046,-195.247,0.665,2,1,1,264.622,2.735,4,0,0.862,4,10.000,5687.364,1.000,0.347,1.194,0.653,0.172,0.413,0.135,0.865,0.884,0.500
525,17.500,0.000,9.220,0.000,-249.827,1,0,1,0.000,2.606,4,0,0.862,3,10.000,5687.364,1.000,0.347,2.733,0.845,0.223,1.582,0.223,0.777,0.615,0.650
528,17.600,63.702,1.414,-11.030,-7.805,2,1,1,286.356,2.422,4,0,0.862,5,135.059,5402.919,1.000,0.347,2.576,0.891,0.069,1.141,0.232,0.768,0.902,0.750
531,17.700,10.296,3.162,-53.407,1.748,2,1,1,289.088,2.163,4,0,0.897,5,194.250,6027.920,1.000,0.347,1.859,0.918,0.130,0.369,0.191,0.809,0.689,0.750
534,17.800,13.601,3.162,3.306,0.000,2,1,1,284.754,1.974,4,0,0.931,4,193.080,5884.288,1.000,0.347,1.354,0.843,0.191,0.824,0.170,0.830,0.700,0.750
537,17.900,16.000,0.000,2.399,-3.162,2,1,1,269.216,1.930,4,0,0.931,5,0.000,6082.417,1.000,0.347,2.162,0.868,0.103,0.877,0.204,0.796,0.732,0.580
540,18.000,29.155,2.236,13.155,2.236,2,1,1,268.269,1.951,4,0,0.966,4,246.073,6091.458,1.000,0.347,1.837,0.903,0.341,0.603,0.192,0.808,0.795,0.750
543,18.100,7.071,3.162,-22.084,0.926,2,1,1,277.157,1.905,4,0,1.000,4,205.883,5924.734,1.000,0.347,1.207,0.773,0.664,0.415,0.152,0.848,0.665,0.750
546,18.200,0.000,9.434,0.000,6.272,1,0,1,0.000,1.132,4,0,1.000,3,0.000,5701.438,1.000,0.347,1.750,0.639,0.614,1.606,0.176,0.824,0.606,0.650
549,18.300,0.000,3.606,0.000,-5.828,1,0,1,0.000,1.303,4,0,1.000,2,3.606,5309.604,1.000,0.358,1.212,0.786,0.704,2.899,0.163,0.837,0.505,0.580
552,18.400,49.204,2.236,42.133,-1.369,2,1,1,291.880,1.727,4,0,1.000,4,182.003,5316.614,1.000,0.358,0.818,0.728,0.594,0.118,0.110,0.890,0.870,0.750
555,18.500,24.515,5.831,-24.688,3.595,2,1,1,271.413,2.079,4,0,1.000,5,121.918,5295.474,1.000,0.358,1.316,0.820,0.312,1.839,0.134,0.866,0.762,0.677
558,18.600,0.000,281.888,0.000,278.888,2,0,1,281.888,2.112,4,0,1.000,5,0.000,4077.569,1.000,0.358,1.905,0.749,0.080,1.461,0.177,0.823,0.895,0.550
561,18.700,0.000,295.919,0.000,12.268,2,0,1,295.919,2.412,4,0,1.000,4,252.620,4931.029,1.000,0.358,1.724,0.889,0.359,1.415,0.172,0.828,0.881,0.750
564,18.800,0.000,297.532,0.000,4.888,2,0,1,297.532,2.695,4,0,1.000,5,112.450,4592.349,1.000,0.358,3.179,0.957,0.283,0.059,0.231,0.769,0.912,0.625
567,18.900,299.488,0.000,22.179,0.000,2,1,0,299.488,1.778,4,0,1.000,4,70.831,4884.984,1.000,0.358,1.241,0.855,0.468,0.228,0.150,0.850,0.871,0.500
570,19.000,14.036,302.840,-285.452,5.308,2,1,1,287.221,2.760,4,0,1.000,4,25.000,5018.188,1.000,0.358,1.154,0.833,0.585,2.617,0.142,0.858,0.871,0.550
573,19.100,16.125,5.385,2.089,-297.455,2,1,1,289.871,2.709,4,0,1.000,5,68.593,4961.317,1.000,0.358,1.687,0.563,0.135,1.172,0.174,0.826,0.742,0.580
576,19.200,290.243,276.742,274.118,271.357,2,1,1,276.991,2.699,4,0,1.000,4,97.417,5329.295,1.000,0.358,0.855,0.480,0.146,1.402,0.114,0.886,0.888,0.550
579,19.300,303.817,270.326,13.574,-6.416,2,1,1,296.892,2.730,4,0,1.000,5,213.638,5265.448,1.000,0.358,2.330,0.847,0.327,0.453,0.215,0.785,0.899,0.750
582,19.400,12.207,3.606,-291.611,-266.720,2,1,1,288.106,2.448,4,0,1.000,4,177.685,4963.080,1.000,0.358,1.312,0.686,0.191,1.878,0.144,0.856,0.703,0.750
585,19.500,2.000,1.414,-10.207,-2.191,2,1,1,288.487,2.096,4,0,1.000,5,242.998,5294.874,1.000,0.358,1.642,0.851,0.465,0.431,0.178,0.822,0.643,0.750
588,19.600,26.683,3.000,24.683,1.586,2,1,1,288.045,2.410,4,0,1.000,5,203.158,5070.339,1.000,0.347,2.294,0.743,0.610,1.228,0.186,0.814,0.804,0.750
591,19.700,0.000,277.708,0.000,276.708,2,0,1,277.708,1.173,4,0,1.000,5,135.000,4964.358,1.000,0.336,1.295,0.824,0.406,0.175,0.178,0.822,0.875,0.750
594,19.800,16.031,278.927,-10.652,1.218,2,1,1,286.024,2.391,4,0,1.000,4,168.345,4884.629,1.000,0.347,1.306,0.778,0.598,0.224,0.173,0.827,0.878,0.750
597,19.900,6.083,2.236,-9.948,-276.690,2,1,1,285.170,2.062,4,0,1.000,4,9.849,4713.557,1.000,0.347,1.401,0.784,0.500,2.251,0.172,0.828,0.664,0.580
600,20.000,25.495,9.487,19.412,7.251,2,1,1,280.660,2.175,4,0,1.000,5,103.755,4474.680,1.000,0.347,0.965,0.328,0.234,2.102,0.092,0.908,0.793,0.580
603,20.100,0.000,4.472,0.000,-5.015,1,0,1,0.000,1.376,4,0,1.000,3,135.370,4391.089,1.000,0.347,2.135,0.919,0.183,2.431,0.224,0.776,0.569,0.750
606,20.200,0.000,3.162,0.000,-1.310,1,0,1,0.000,1.726,4,0,1.000,2,135.370,4391.089,1.000,0.358,0.918,0.782,0.224,0.417,0.098,0.902,0.496,0.750
609,20.300,0.000,8.602,0.000,5.440,1,0,1,0.000,1.983,4,0,1.000,3,56.036,4558.050,1.000,0.358,1.215,0.597,0.279,0.161,0.133,0.867,0.591,0.580
612,20.400,0.000,3.606,0.000,-4.997,1,0,1,0.000,2.331,4,0,1.000,2,56.036,4558.050,1.000,0.358,2.614,0.900,0.536,0.112,0.216,0.784,0.532,0.580
615,20.500,0.000,276.568,0.000,271.568,2,0,1,276.568,2.088,4,0,1.000,4,66.483,4520.599,1.000,0.358,3.189,0.908,0.398,0.440,0.248,0.752,0.916,0.650
618,20.600,0.000,287.460,0.000,17.908,2,0,1,287.460,2.469,4,0,1.000,4,11.402,4424.928,1.000,0.369,4.259,0.955,0.015,0.030,0.274,0.726,0.940,0.350
621,20.700,25.080,283.656,-0.415,-3.803,2,1,1,285.161,2.566,4,0,1.000,5,0.000,4116.000,1.000,0.358,6.470,0.934,0.407,0.154,0.293,0.707,0.996,0.500
624,20.800,38.471,8.000,13.391,-275.656,2,1,1,306.139,2.543,4,0,1.000,5,0.000,4035.474,1.000,0.358,5.852,0.952,1.158,0.048,0.285,0.715,0.943,0.450
627,20.900,0.000,297.532,0.000,286.130,2,0,1,297.532,2.042,4,0,1.000,5,65.460,2897.088,1.000,0.358,7.630,0.895,1.387,0.081,0.294,0.706,1.000,0.500
630,21.000,0.000,290.644,0.000,-6.887,1,0,1,0.000,2.163,4,0,1.000,3,0.000,2396.257,1.000,0.369,7.057,0.939,2.233,0.035,0.295,0.705,0.916,0.700
633,21.100,0.000,6.325,0.000,-284.320,1,0,1,0.000,2.495,4,0,1.000,3,0.000,1836.519,1.000,0.369,2.757,0.864,2.890,0.576,0.250,0.750,0.599,0.700
636,21.200,0.000,6.325,0.000,0.000,1,0,1,0.000,2.300,4,0,1.000,3,24.331,1295.744,1.000,0.369,2.820,0.903,2.727,1.368,0.243,0.757,0.597,0.700
639,21.300,0.000,8.602,0.000,2.278,1,0,1,0.000,2.069,4,0,1.000,3,54.231,685.850,1.000,0.379,3.929,0.930,2.924,0.501,0.257,0.743,0.636,0.700
642,21.400,30.017,6.000,-8.454,-2.602,2,1,1,326.663,1.755,4,0,1.000,5,60.745,418.944,1.000,0.379,3.850,0.901,3.221,0.143,0.268,0.732,0.850,0.700
645,21.500,0.000,9.434,0.000,3.434,1,0,1,0.000,1.472,4,0,1.000,3,62.968,363.585,1.000,0.379,4.147,0.928,3.632,0.227,0.269,0.731,0.646,0.700
648,21.600,0.000,12.530,0.000,3.096,1,0,1,0.000,1.366,4,0,1.000,3,15.264,452.178,1.000,0.379,4.517,0.890,3.910,0.359,0.275,0.725,0.675,0.700
651,21.700,0.000,4.123,0.000,-8.407,1,0,1,0.000,1.310,4,0,1.000,3,6.325,519.244,1.000,0.389,4.361,0.887,4.083,0.131,0.270,0.730,0.625,0.700
654,21.800,0.000,6.325,0.000,2.201,1,0,1,0.000,0.929,4,0,1.000,3,5.385,582.120,1.000,0.389,3.681,0.894,4.372,0.016,0.252,0.748,0.620,0.700
657,21.900,0.000,12.207,0.000,5.882,1,0,1,0.000,0.668,3,1,0.966,1,5.385,582.120,1.000,0.389,1.533,0.664,6.578,0.180,0.165,0.835,0.440,0.750
660,22.000,0.000,27.295,0.000,15.088,1,0,1,0.000,0.486,3,0,0.966,2,100.896,798.519,1.000,0.389,1.603,0.196,5.310,1.684,0.170,0.830,0.618,0.700
663,22.100,0.000,52.086,0.000,24.792,1,0,1,0.000,0.382,3,0,0.966,2,48.166,1171.989,1.000,0.399,2.614,0.774,3.937,1.462,0.218,0.782,0.701,0.700
666,22.200,488.365,101.079,458.348,48.993,2,1,1,52.038,1.827,4,1,0.931,2,5.385,1969.494,1.000,0.399,2.474,0.842,2.526,0.084,0.213,0.787,0.813,0.750
669,22.300,27.459,0.000,-25.692,0.000,2,1,0,27.459,1.178,4,0,0.931,2,5.385,1969.494,1.000,0.399,2.828,0.922,1.179,0.520,0.196,0.804,0.719,0.580
672,22.400,0.000,65.765,0.000,-35.314,1,0,1,0.000,0.271,4,0,0.931,1,64.630,2860.568,1.000,0.408,3.465,0.968,0.741,0.070,0.182,0.818,0.734,0.650
675,22.500,0.000,38.833,0.000,-26.932,1,0,1,0.000,0.270,4,0,0.931,1,36.056,3953.669,1.000,0.417,3.137,0.917,0.268,0.144,0.202,0.798,0.695,0.450
678,22.600,0.000,0.000,0.000,0.000,0,0,0,0.000,0.000,4,0,0.931,0,36.056,3953.669,0.967,0.417,3.564,0.919,0.026,0.091,0.214,0.786,0.311,0.650
681,22.700,0.000,0.000,0.000,0.000,0,0,0,0.000,0.000,4,0,0.931,0,36.056,3953.669,0.933,0.417,2.759,0.893,0.016,0.049,0.207,0.793,0.288,0.580
684,22.800,0.000,0.000,0.000,0.000,0,0,0,0.000,0.000,4,0,0.931,0,36.056,3953.669,0.900,0.417,2.452,0.841,0.063,0.023,0.204,0.796,0.280,0.580
687,22.900,0.000,0.000,0.000,0.000,0,0,0,0.000,0.000,4,0,0.931,0,36.056,3953.669,0.867,0.417,3.126,0.919,0.191,0.027,0.219,0.781,0.288,0.580
690,23.000,0.000,0.000,0.000,0.000,0,0,0,0.000,0.000,4,0,0.931,0,36.056,3953.669,0.833,0.417,3.364,0.944,0.298,0.010,0.223,0.777,0.288,0.580
693,23.100,545.469,0.000,518.010,0.000,1,1,0,0.000,1.528,4,0,0.931,2,36.056,3953.669,0.833,0.328,4.793,0.966,0.452,0.110,0.249,0.751,0.792,0.650
696,23.200,0.000,618.081,0.000,579.248,1,0,1,0.000,0.603,4,0,0.931,2,36.056,3953.669,0.833,0.337,7.060,0.948,0.538,0.068,0.262,0.738,0.850,0.500
699,23.300,0.000,10.440,0.000,-607.641,1,0,1,0.000,0.952,4,0,0.931,2,36.056,3953.669,0.833,0.337,5.288,0.803,0.628,0.473,0.254,0.746,0.624,0.580
702,23.400,34.000,0.000,-511.469,0.000,1,1,0,0.000,1.479,4,0,0.931,2,36.056,3953.669,0.833,0.345,4.045,0.815,0.747,0.292,0.244,0.756,0.723,0.580
705,23.500,355.141,0.000,340.108,0.000,2,1,0,355.141,1.368,4,0,0.931,5,0.000,5577.579,0.833,0.345,6.675,0.878,0.551,0.162,0.265,0.735,0.985,0.650
708,23.600,344.703,0.000,-10.438,0.000,1,1,0,0.000,1.702,4,0,0.931,2,162.985,6263.698,0.833,0.345,7.511,0.880,0.260,0.053,0.263,0.737,0.866,0.750
711,23.700,368.550,41.231,23.847,30.791,2,1,1,351.518,1.699,4,0,0.931,5,58.592,7375.877,0.833,0.345,6.505,0.852,0.010,0.002,0.240,0.760,0.983,0.650
714,23.800,0.000,343.874,0.000,302.642,1,0,1,0.000,0.853,4,0,0.931,3,69.527,7427.470,0.833,0.345,3.414,0.792,0.297,0.615,0.213,0.787,0.815,0.650
717,23.900,0.000,10.198,0.000,-333.675,1,0,1,0.000,0.901,4,0,0.931,3,16.643,7525.330,0.833,0.345,2.677,0.597,0.451,0.232,0.195,0.805,0.617,0.580
720,24.000,0.000,3.606,0.000,-6.592,1,0,1,0.000,1.037,3,1,0.897,2,16.643,7525.330,0.833,0.353,2.399,0.600,0.747,0.691,0.196,0.804,0.458,0.750
723,24.100,0.000,3.000,0.000,-0.606,1,0,1,0.000,1.086,3,0,0.897,1,16.643,7525.330,0.833,0.353,1.848,0.793,1.340,0.279,0.173,0.827,0.367,0.580
726,24.200,0.000,3.162,0.000,0.162,1,0,1,0.000,1.120,3,0,0.897,1,16.643,7525.330,0.833,0.361,1.954,0.892,1.155,0.333,0.167,0.833,0.364,0.580
729,24.300,333.390,4.243,-35.160,1.080,2,1,1,321.647,2.044,4,1,0.862,4,141.287,7809.705,0.833,0.361,2.739,0.908,1.097,0.364,0.205,0.795,0.885,0.750
732,24.400,34.482,2.000,-298.908,-2.243,2,1,1,353.760,2.008,4,0,0.862,5,188.048,8497.597,0.833,0.361,2.870,0.909,1.230,0.206,0.202,0.798,0.830,0.750
735,24.500,8.062,2.236,-26.420,0.236,2,1,1,347.520,1.878,4,0,0.862,4,172.003,10130.454,0.833,0.353,2.620,0.938,1.296,0.180,0.195,0.805,0.675,0.750
738,24.600,19.647,6.403,11.585,4.167,2,1,1,361.089,1.855,4,0,0.862,5,0.000,8735.910,0.833,0.353,3.032,0.956,1.367,0.051,0.199,0.801,0.748,0.580
741,24.700,8.944,3.162,-10.703,-3.241,2,1,1,364.408,1.892,3,1,0.828,3,39.205,7326.384,0.833,0.345,1.033,0.840,1.153,0.337,0.114,0.886,0.647,0.750
744,24.800,2.236,1.000,-6.708,-2.162,2,1,1,363.902,2.136,3,0,0.862,3,20.518,5023.269,0.833,0.337,0.607,0.190,0.318,1.825,0.088,0.912,0.644,0.580
747,24.900,8.944,1.000,6.708,0.000,2,1,1,364.774,2.058,4,1,0.828,4,180.161,5760.734,0.833,0.328,1.073,0.615,0.006,0.801,0.128,0.872,0.663,0.750
750,25.000,15.000,3.162,6.056,2.162,2,1,1,375.000,1.742,4,0,0.828,4,169.918,6658.269,0.833,0.399,1.306,0.686,0.286,0.334,0.138,0.862,0.698,0.750
753,25.100,10.817,3.000,-4.183,-0.162,2,1,1,367.289,1.598,4,0,0.862,5,91.285,6652.819,0.833,0.389,1.292,0.726,0.752,0.278,0.120,0.880,0.672,0.580
756,25.200,13.000,4.123,2.183,1.123,2,1,1,371.598,1.757,4,0,0.862,5,82.329,5991.804,0.833,0.389,0.909,0.364,1.099,0.002,0.100,0.900,0.699,0.580
759,25.300,6.325,3.162,-6.675,-0.961,2,1,1,371.840,1.517,4,0,0.862,4,205.516,6088.304,0.833,0.379,1.170,0.570,1.462,2.493,0.117,0.883,0.655,0.750
762,25.400,6.708,5.385,0.384,2.223,2,1,1,374.226,1.487,4,0,0.862,4,99.489,5791.709,0.833,0.379,1.948,0.910,1.605,0.509,0.173,0.827,0.652,0.700
765,25.500,5.000,3.162,-1.708,-2.223,2,1,1,373.858,1.535,4,0,0.862,4,160.016,5542.098,0.833,0.379,2.377,0.866,1.561,0.017,0.198,0.802,0.657,0.750
768,25.600,0.000,348.168,0.000,342.783,2,0,1,348.168,1.036,4,0,0.862,5,24.083,6477.588,0.867,0.358,4.454,0.795,1.491,0.707,0.222,0.778,0.940,0.700
771,25.700,27.731,349.721,22.731,1.553,2,1,1,351.727,1.283,4,0,0.862,5,0.000,6496.105,0.900,0.347,2.959,0.804,1.251,0.176,0.160,0.840,0.906,0.500
774,25.800,12.042,4.123,-15.689,-345.598,2,1,1,344.093,1.151,4,0,0.862,5,214.273,6482.319,0.933,0.347,1.072,0.211,1.152,2.768,0.082,0.918,0.721,0.750
777,25.900,0.000,2.236,0.000,-1.887,1,0,1,0.000,1.486,4,0,0.862,3,83.648,6799.674,0.967,0.358,2.739,0.293,1.231,1.412,0.105,0.895,0.611,0.650
780,26.000,397.327,0.000,63.975,0.000,2,1,0,397.327,1.151,4,0,0.862,5,0.000,6308.405,1.000,0.358,2.008,0.535,1.220,1.453,0.089,0.911,0.913,0.650
783,26.100,16.401,0.000,-380.926,0.000,1,1,0,0.000,1.286,4,0,0.862,2,86.556,4649.329,1.000,0.358,1.617,0.632,1.195,3.131,0.154,0.846,0.597,0.650
786,26.200,0.000,378.188,0.000,375.952,1,0,1,0.000,1.385,4,0,0.862,2,10.770,4213.579,1.000,0.358,2.959,0.787,1.176,0.189,0.159,0.841,0.779,0.500
789,26.300,35.511,376.903,19.109,-1.285,2,1,1,394.507,1.566,4,0,0.862,5,178.241,3666.327,1.000,0.358,1.927,0.460,0.922,1.688,0.125,0.875,0.916,0.750
792,26.400,23.195,11.402,-12.316,-365.501,2,1,1,409.067,1.586,4,0,0.862,4,199.965,5411.289,1.000,0.358,1.952,0.812,0.679,1.031,0.162,0.838,0.771,0.750
795,26.500,24.839,0.000,1.645,0.000,1,1,0,0.000,1.715,4,0,0.862,2,85.703,5220.089,1.000,0.358,1.894,0.376,0.531,1.288,0.097,0.903,0.669,0.650
798,26.600,0.000,78.262,0.000,-280.324,2,0,1,78.262,1.673,4,0,0.862,4,19.026,4469.429,1.000,0.369,2.043,0.831,0.372,1.792,0.152,0.848,0.893,0.650
801,26.700,0.000,36.674,0.000,-41.588,1,0,1,0.000,1.644,4,0,0.862,2,0.000,3217.669,1.000,0.369,3.617,0.710,0.162,2.399,0.199,0.801,0.754,0.650
804,26.800,39.294,392.581,14.454,355.907,2,1,1,407.029,1.912,4,0,0.862,5,0.000,4101.869,1.000,0.369,3.416,0.855,0.381,2.647,0.215,0.785,0.926,0.650
807,26.900,43.738,15.133,4.444,-377.448,2,1,1,374.098,2.230,4,0,0.897,5,33.526,4602.454,1.000,0.369,3.719,0.837,0.789,0.166,0.200,0.800,0.927,0.450
810,27.000,3.606,5.831,-40.132,-9.302,2,1,1,365.978,2.252,4,0,0.897,5,30.083,2986.625,1.000,0.369,2.561,0.829,1.037,0.093,0.186,0.814,0.688,0.580
813,27.100,34.132,5.000,30.527,-0.831,2,1,1,395.204,2.258,4,0,0.897,5,35.468,2859.839,1.000,0.369,3.981,0.666,1.057,0.163,0.203,0.797,0.893,0.450
816,27.200,22.204,7.000,-11.928,2.000,2,1,1,402.313,2.003,4,0,0.931,5,32.280,2841.415,1.000,0.369,3.742,0.908,0.596,0.257,0.226,0.774,0.803,0.580
819,27.300,32.696,0.000,10.492,0.000,1,1,0,0.000,2.072,4,0,0.931,2,164.560,3001.217,1.000,0.369,3.718,0.847,0.564,0.038,0.206,0.794,0.725,0.750
822,27.400,7.280,0.000,-25.415,0.000,1,1,0,0.000,2.145,4,0,0.931,2,39.217,2883.299,1.000,0.379,1.332,0.690,0.834,0.245,0.134,0.866,0.535,0.580
825,27.500,15.297,8.602,8.017,1.602,2,1,1,391.349,2.084,4,0,0.931,5,26.401,2623.168,1.000,0.369,2.782,0.557,0.758,2.497,0.145,0.855,0.766,0.650
828,27.600,7.211,5.831,-8.086,-2.771,2,1,1,383.521,1.992,4,0,0.966,5,26.173,2478.740,1.000,0.369,1.531,0.790,0.860,2.612,0.176,0.824,0.673,0.580
831,27.700,379.527,389.782,372.316,383.951,2,1,1,385.877,1.766,4,0,0.966,5,165.677,3150.044,1.000,0.358,2.265,0.601,0.992,0.949,0.163,0.837,0.915,0.750
834,27.800,353.160,0.000,2.879,0.000,2,1,0,353.160,2.111,4,0,1.000,5,30.594,3252.165,1.000,0.358,1.860,0.782,0.797,1.190,0.194,0.806,0.892,0.500
837,27.900,0.000,402.866,0.000,13.084,1,0,1,0.000,1.794,4,0,1.000,3,28.862,3238.900,1.000,0.358,2.550,0.704,0.751,0.574,0.180,0.820,0.819,0.650
840,28.000,0.000,6.403,0.000,-396.463,1,0,1,0.000,1.792,4,0,1.000,3,12.369,3234.759,1.000,0.358,2.130,0.638,0.757,1.605,0.159,0.841,0.599,0.580
843,28.100,0.000,3.606,0.000,-2.798,1,0,1,0.000,1.866,4,0,1.000,2,1.000,2995.438,1.000,0.369,2.519,0.930,0.748,0.141,0.196,0.804,0.528,0.580
846,28.200,0.000,3.162,0.000,-0.443,1,0,1,0.000,1.851,5,1,0.966,3,3.606,2999.439,1.000,0.358,2.317,0.874,0.748,0.068,0.186,0.814,0.542,0.750
849,28.300,9.000,0.000,-344.160,0.000,1,1,0,0.000,2.094,5,0,0.966,4,5.000,3026.939,1.000,0.369,2.445,0.616,0.435,0.549,0.152,0.848,0.632,0.580
852,28.400,5.000,0.000,-4.000,0.000,1,1,0,0.000,1.735,5,0,0.966,4,1.414,2789.369,1.000,0.369,2.615,0.725,0.193,0.372,0.191,0.809,0.606,0.580
855,28.500,9.487,0.000,4.487,0.000,1,1,0,0.000,1.585,5,0,0.966,4,13.038,2706.084,1.000,0.369,3.397,0.768,0.030,0.056,0.225,0.775,0.648,0.580
858,28.600,13.038,0.000,3.552,0.000,1,1,0,0.000,1.428,5,0,0.966,4,62.097,2406.964,1.000,0.369,2.317,0.456,0.018,0.508,0.160,0.840,0.662,0.580
861,28.700,27.459,0.000,14.421,0.000,1,1,0,0.000,1.265,5,0,0.966,4,0.000,2600.805,1.000,0.369,4.099,0.835,0.075,0.900,0.187,0.813,0.761,0.580
864,28.800,0.000,143.087,0.000,139.925,1,0,1,0.000,1.705,4,1,0.931,3,147.628,3334.725,1.000,0.379,3.345,0.401,0.104,0.294,0.144,0.856,0.861,0.750
867,28.900,0.000,0.000,0.000,0.000,0,0,0,0.000,0.000,4,0,0.931,0,147.628,3334.725,0.967,0.379,2.865,0.808,0.358,2.222,0.192,0.808,0.301,0.750
870,29.000,0.000,0.000,0.000,0.000,0,0,0,0.000,0.000,4,0,0.931,0,147.628,3334.725,0.933,0.379,3.125,0.691,0.108,0.081,0.216,0.784,0.312,0.750
873,29.100,405.791,0.000,378.332,0.000,1,1,0,0.000,1.330,4,0,0.931,2,147.628,3334.725,0.933,0.353,5.016,0.722,0.143,0.901,0.243,0.757,0.827,0.750
876,29.200,44.045,0.000,-361.745,0.000,1,1,0,0.000,1.175,4,0,0.931,2,147.628,3334.725,0.933,0.353,4.330,0.828,0.128,0.057,0.253,0.747,0.797,0.750
879,29.300,0.000,0.000,0.000,0.000,0,0,0,0.000,0.000,4,0,0.931,0,147.628,3334.725,0.900,0.353,1.711,0.675,0.334,2.701,0.159,0.841,0.274,0.750
882,29.400,29.411,0.000,-14.635,0.000,1,1,0,0.000,0.946,4,0,0.931,2,147.628,3334.725,0.900,0.351,3.485,0.862,0.326,2.299,0.228,0.772,0.688,0.750
885,29.500,0.000,418.120,0.000,275.032,1,0,1,0.000,1.715,4,0,0.931,2,147.628,3334.725,0.900,0.361,2.632,0.619,0.360,0.406,0.192,0.808,0.770,0.750
888,29.600,38.484,339.147,9.073,-78.972,2,1,1,328.024,1.962,4,0,0.931,5,87.658,3517.819,0.900,0.361,4.305,0.745,0.386,0.141,0.234,0.766,0.943,0.650
891,29.700,21.024,0.000,-17.460,0.000,1,1,0,0.000,1.102,4,0,0.931,2,0.000,2778.414,0.900,0.371,8.272,0.858,0.498,0.115,0.275,0.725,0.755,0.650
894,29.800,14.036,101.213,-6.988,-237.935,2,1,1,242.720,2.202,4,0,0.931,5,0.000,2688.114,0.900,0.371,8.198,0.942,1.105,0.190,0.253,0.747,1.000,0.650
897,29.900,3.606,5.000,-10.430,-96.213,2,1,1,243.961,2.008,4,0,0.931,5,0.000,2986.689,0.900,0.371,5.216,0.928,1.699,0.028,0.235,0.765,0.731,0.700
900,30.000,3.606,1.414,0.000,-3.586,2,1,1,245.491,2.043,4,0,0.931,4,117.648,3066.884,0.900,0.361,3.698,0.879,2.159,0.036,0.210,0.790,0.689,0.700
903,30.100,3.606,3.000,0.000,1.586,2,1,1,248.652,2.180,4,0,0.931,3,116.846,3015.960,0.900,0.361,2.654,0.803,2.031,0.104,0.185,0.815,0.623,0.700
906,30.200,7.211,7.071,3.606,4.071,2,1,1,249.323,1.968,4,0,0.931,5,0.000,2360.789,0.900,0.351,2.373,0.792,2.500,0.004,0.182,0.818,0.682,0.700
909,30.300,6.083,2.236,-1.128,-4.835,2,1,1,248.214,1.957,4,0,0.931,5,0.000,1486.349,0.900,0.351,2.404,0.819,2.144,0.322,0.191,0.809,0.675,0.700
912,30.400,5.657,2.236,-0.426,0.000,2,1,1,252.771,1.789,4,0,0.931,3,113.146,1528.809,0.900,0.351,1.800,0.818,2.200,0.026,0.176,0.824,0.612,0.700
915,30.500,9.055,1.000,3.399,-1.236,2,1,1,252.254,1.651,4,0,0.931,5,2.000,1644.344,0.900,0.351,1.945,0.861,2.172,0.223,0.183,0.817,0.677,0.700
918,30.600,5.000,6.000,-4.055,5.000,2,1,1,249.874,1.573,4,0,0.931,5,0.000,1710.694,0.900,0.351,2.587,0.928,1.969,0.538,0.210,0.790,0.671,0.700
921,30.700,8.485,4.243,3.485,-1.757,2,1,1,246.197,1.497,4,0,0.931,5,120.154,1731.059,0.900,0.360,2.695,0.930,1.057,0.394,0.190,0.810,0.687,0.668
924,30.800,5.831,4.123,-2.654,-0.120,2,1,1,247.879,1.319,4,0,0.931,5,10.050,1730.144,0.900,0.358,3.385,0.904,0.697,0.435,0.214,0.786,0.692,0.580
927,30.900,0.000,5.000,0.000,0.877,1,0,1,0.000,1.159,4,0,0.931,3,0.000,1634.084,0.900,0.347,3.952,0.897,0.824,0.232,0.228,0.772,0.607,0.650
930,31.000,0.000,236.222,0.000,233.060,2,0,1,236.222,1.373,4,0,0.931,5,0.000,1675.634,0.900,0.347,3.892,0.955,0.789,0.754,0.230,0.770,0.918,0.650
933,31.100,28.636,236.966,22.805,0.744,2,1,1,252.676,1.646,4,0,0.966,5,49.729,1982.155,0.900,0.347,3.851,0.861,0.872,1.285,0.208,0.792,0.924,0.500
936,31.200,11.705,1.000,-16.931,-235.966,2,1,1,240.027,1.748,4,0,0.966,5,54.818,2151.319,0.900,0.347,3.357,0.862,0.668,0.194,0.201,0.799,0.727,0.580
939,31.300,16.401,5.099,4.697,4.099,2,1,1,249.900,1.723,4,0,0.966,5,67.268,2430.969,0.900,0.347,2.107,0.802,0.086,0.294,0.179,0.821,0.726,0.580
942,31.400,14.765,5.099,-1.636,0.000,2,1,1,248.117,1.821,4,0,0.966,5,135.030,2506.648,0.900,0.336,3.027,0.484,0.493,2.671,0.166,0.834,0.762,0.750
945,31.500,0.000,1.000,0.000,-4.099,1,0,1,0.000,1.914,4,0,0.966,2,135.359,2500.238,0.900,0.347,1.696,0.837,0.670,1.405,0.158,0.842,0.487,0.750
948,31.600,0.000,241.050,0.000,238.814,2,0,1,241.050,1.624,4,0,0.966,5,49.497,2608.579,0.900,0.347,2.929,0.853,0.756,0.215,0.196,0.804,0.901,0.650
951,31.700,0.000,237.360,0.000,3.177,2,0,1,237.360,2.008,4,0,1.000,5,71.021,2511.435,0.900,0.336,2.192,0.108,0.767,2.773,0.150,0.850,0.935,0.550
954,31.800,0.000,228.090,0.000,-13.575,2,0,1,228.090,2.250,4,0,1.000,4,118.828,2440.158,0.900,0.347,2.424,0.666,0.689,0.271,0.130,0.870,0.902,0.660
957,31.900,6.000,226.559,-8.765,-1.531,2,1,1,240.601,2.444,4,0,1.000,5,0.000,2329.969,0.933,0.347,3.093,0.857,0.642,0.576,0.197,0.803,0.909,0.500
960,32.000,0.000,5.385,0.000,-221.174,1,0,1,0.000,2.394,4,0,1.000,3,106.921,2128.895,0.967,0.347,1.404,0.791,0.542,1.742,0.152,0.848,0.561,0.650
963,32.100,0.000,235.987,0.000,231.864,2,0,1,235.987,2.677,4,0,1.000,5,84.404,1942.664,0.967,0.347,2.247,0.477,0.507,0.797,0.147,0.853,0.919,0.650
966,32.200,0.000,242.553,0.000,6.566,1,0,1,0.000,2.679,4,0,1.000,3,89.677,1866.018,0.967,0.347,2.440,0.859,0.439,1.436,0.210,0.790,0.802,0.650
969,32.300,0.000,4.123,0.000,-238.430,1,0,1,0.000,2.551,4,0,1.000,3,31.385,1834.710,1.000,0.347,2.458,0.774,0.392,1.533,0.156,0.844,0.585,0.580
972,32.400,0.000,228.397,0.000,224.273,2,0,1,228.397,2.297,4,0,1.000,4,76.000,1692.108,1.000,0.358,1.893,0.883,0.492,1.156,0.191,0.809,0.886,0.650
975,32.500,0.000,240.753,0.000,12.356,1,0,1,0.000,2.295,4,0,1.000,3,10.770,1555.760,1.000,0.358,2.747,0.798,0.577,1.790,0.170,0.830,0.818,0.650
978,32.600,0.000,243.526,0.000,2.773,1,0,1,0.000,2.503,4,0,1.000,2,111.946,1878.618,1.000,0.369,1.078,0.479,0.666,0.205,0.127,0.873,0.753,0.622
981,32.700,11.000,0.000,5.000,0.000,1,1,0,0.000,1.130,4,0,1.000,2,24.739,1789.377,1.000,0.369,3.121,0.840,0.747,2.912,0.188,0.812,0.590,0.580
984,32.800,19.723,0.000,8.723,0.000,1,1,0,0.000,1.242,4,0,1.000,2,0.000,1688.127,1.000,0.379,2.782,0.884,0.743,0.502,0.207,0.793,0.627,0.580
987,32.900,0.000,24.759,0.000,-218.767,1,0,1,0.000,2.319,4,0,1.000,2,63.325,1814.194,1.000,0.379,2.952,0.793,0.758,1.633,0.185,0.815,0.666,0.580
990,33.000,0.000,0.000,0.000,0.000,0,0,0,0.000,0.000,4,0,1.000,0,63.325,1814.194,0.967,0.379,1.302,0.779,0.776,2.208,0.113,0.887,0.264,0.650
993,33.100,25.298,0.000,5.575,0.000,1,1,0,0.000,1.443,4,0,1.000,2,96.385,2216.409,0.967,0.381,1.544,0.728,0.602,0.842,0.145,0.855,0.634,0.650
996,33.200,0.000,10.050,0.000,-14.709,1,0,1,0.000,2.372,4,0,1.000,2,0.000,2041.419,0.967,0.391,2.646,0.811,0.752,2.157,0.171,0.829,0.571,0.580
999,33.300,0.000,9.220,0.000,-0.830,1,0,1,0.000,2.359,4,0,1.000,2,33.242,1956.140,0.967,0.391,1.381,0.793,0.687,0.352,0.108,0.892,0.536,0.580
1002,33.400,0.000,0.000,0.000,0.000,0,0,0,0.000,0.000,4,0,1.000,0,33.242,1956.140,0.933,0.391,0.812,0.505,0.782,1.477,0.111,0.889,0.267,0.650
1005,33.500,13.601,0.000,-11.697,0.000,1,1,0,0.000,1.446,4,0,1.000,2,63.008,1947.125,0.933,0.395,1.157,0.842,1.175,0.508,0.140,0.860,0.548,0.650
1008,33.600,0.000,0.000,0.000,0.000,0,0,0,0.000,0.000,4,0,1.000,0,63.008,1947.125,0.900,0.395,1.633,0.761,1.058,0.614,0.143,0.857,0.266,0.650
1011,33.700,22.561,0.000,8.960,0.000,1,1,0,0.000,1.535,4,0,1.000,2,14.866,1750.294,0.900,0.392,1.333,0.414,1.065,1.102,0.128,0.872,0.628,0.650
1014,33.800,0.000,32.650,0.000,23.430,1,0,1,0.000,2.409,4,0,1.000,2,15.620,1595.464,0.900,0.392,1.741,0.624,1.131,1.064,0.153,0.847,0.679,0.500
1017,33.900,0.000,0.000,0.000,0.000,0,0,0,0.000,0.000,4,0,1.000,0,15.620,1595.464,0.867,0.392,2.341,0.565,1.131,1.515,0.169,0.831,0.293,0.650
1020,34.000,0.000,63.781,0.000,31.131,1,0,1,0.000,2.124,4,0,1.000,2,15.620,1595.464,0.867,0.399,4.634,0.764,0.972,1.006,0.188,0.812,0.806,0.650
1023,34.100,113.217,0.000,90.656,0.000,1,1,0,0.000,1.343,4,0,1.000,2,15.620,1595.464,0.867,0.407,3.671,0.485,0.783,0.332,0.142,0.858,0.802,0.500
1026,34.200,15.033,0.000,-98.183,0.000,1,1,0,0.000,1.598,4,0,1.000,2,15.620,1595.464,0.867,0.407,3.151,0.775,0.220,3.068,0.208,0.792,0.602,0.580
1029,34.300,15.033,0.000,0.000,0.000,1,1,0,0.000,1.716,4,0,1.000,2,15.620,1595.464,0.867,0.416,5.144,0.716,0.199,1.198,0.251,0.749,0.656,0.580
1032,34.400,16.763,0.000,1.730,0.000,1,1,0,0.000,1.883,4,0,1.000,2,15.620,1595.464,0.867,0.416,6.418,0.813,0.010,2.222,0.251,0.749,0.691,0.580
1035,34.500,12.530,0.000,-4.233,0.000,1,1,0,0.000,1.924,4,0,1.000,2,15.620,1595.464,0.867,0.425,8.950,0.914,0.384,2.657,0.255,0.745,0.700,0.580
1038,34.600,3.162,0.000,-9.368,0.000,1,1,0,0.000,1.652,4,0,1.000,2,15.620,1595.464,0.867,0.425,7.758,0.812,1.205,2.260,0.256,0.744,0.649,0.580
1041,34.700,7.280,0.000,4.118,0.000,1,1,0,0.000,1.419,4,0,1.000,2,15.620,1595.464,0.867,0.433,5.499,0.962,1.977,2.449,0.253,0.747,0.605,0.700
1044,34.800,6.000,0.000,-1.280,0.000,1,1,0,0.000,1.347,4,0,1.000,2,15.620,1595.464,0.867,0.442,3.905,0.899,2.200,0.322,0.225,0.775,0.562,0.700
1047,34.900,3.162,0.000,-2.838,0.000,1,1,0,0.000,1.428,4,0,1.000,2,15.620,1595.464,0.867,0.442,3.800,0.965,2.434,0.163,0.231,0.769,0.539,0.700
1050,35.000,6.325,0.000,3.162,0.000,1,1,0,0.000,1.513,4,0,1.000,2,15.620,1595.464,0.867,0.442,6.129,0.952,2.790,0.099,0.264,0.736,0.616,0.700
1053,35.100,43.932,0.000,37.607,0.000,1,1,0,0.000,1.676,4,0,1.000,2,67.624,1439.694,0.867,0.450,5.839,0.816,3.195,0.085,0.257,0.743,0.827,0.700
1056,35.200,129.321,0.000,85.390,0.000,1,1,0,0.000,1.514,4,0,1.000,2,0.000,1391.000,0.867,0.459,4.986,0.855,3.607,0.036,0.251,0.749,0.809,0.700
1059,35.300,0.000,49.336,0.000,-132.425,2,0,1,49.336,1.999,4,0,1.000,6,0.000,1100.044,0.867,0.450,6.777,0.876,3.994,0.125,0.267,0.733,0.992,0.700
1062,35.400,91.241,0.000,-38.080,0.000,1,1,0,0.000,1.357,4,0,1.000,3,0.000,1165.174,0.867,0.450,7.748,0.744,4.581,0.123,0.250,0.750,0.931,0.700
1065,35.500,25.179,0.000,-66.062,0.000,1,1,0,0.000,1.350,4,0,1.000,3,133.417,1881.869,0.867,0.450,4.208,0.905,4.967,0.207,0.213,0.787,0.721,0.741
1068,35.600,8.544,0.000,-16.635,0.000,1,1,0,0.000,1.288,4,0,1.000,2,47.676,1669.788,0.867,0.450,2.366,0.800,3.577,0.644,0.187,0.813,0.545,0.700
1071,35.700,0.000,0.000,-8.544,0.000,1,1,0,0.000,1.208,4,0,1.000,3,55.009,1831.584,0.867,0.450,2.160,0.801,3.177,0.093,0.170,0.830,0.537,0.700
1074,35.800,4.243,0.000,4.243,0.000,1,1,0,0.000,1.201,4,0,1.000,2,12.166,1970.994,0.867,0.450,2.365,0.870,3.106,0.359,0.184,0.816,0.516,0.700
1077,35.900,2.828,0.000,-1.414,0.000,1,1,0,0.000,0.678,4,0,1.000,3,0.000,1862.794,0.867,0.445,2.602,0.930,2.279,0.070,0.187,0.813,0.555,0.700
1080,36.000,3.162,0.000,0.334,0.000,1,1,0,0.000,0.667,6,1,0.966,5,2.000,1857.724,0.900,0.436,2.851,0.843,1.485,0.021,0.193,0.807,0.588,0.750
1083,36.100,1.414,0.000,-1.748,0.000,1,1,0,0.000,0.738,6,0,0.966,5,0.000,1513.639,0.900,0.428,2.576,0.719,0.672,0.046,0.187,0.813,0.580,0.580
1086,36.200,1.414,0.000,0.000,0.000,1,1,0,0.000,0.718,6,0,0.966,5,5.099,1050.718,0.900,0.426,3.731,0.792,0.299,0.033,0.192,0.808,0.604,0.580
1089,36.300,2.236,0.000,0.822,0.000,1,1,0,0.000,0.811,4,1,0.931,3,5.000,998.009,0.900,0.417,3.206,0.471,0.171,2.431,0.124,0.876,0.603,0.750
1092,36.400,3.162,0.000,0.926,0.000,1,1,0,0.000,1.232,4,0,0.931,3,2.236,935.094,0.933,0.417,1.521,0.472,0.088,2.101,0.126,0.874,0.570,0.580
1095,36.500,3.162,0.000,0.000,0.000,1,1,0,0.000,1.188,4,0,0.931,3,2.828,724.529,0.933,0.408,1.826,0.753,0.061,1.492,0.159,0.841,0.557,0.580
1098,36.600,13.928,0.000,10.766,0.000,1,1,0,0.000,1.322,4,0,0.931,3,0.000,582.928,0.967,0.408,3.129,0.906,0.345,1.976,0.198,0.802,0.643,0.580
1101,36.700,2.000,0.000,-11.928,0.000,1,1,0,0.000,1.669,4,0,0.931,3,76.792,537.410,0.967,0.399,2.189,0.913,0.584,0.880,0.179,0.821,0.553,0.580
1104,36.800,2.236,0.000,0.236,0.000,1,1,0,0.000,1.473,4,0,0.931,3,27.857,274.588,0.967,0.399,1.404,0.808,0.876,2.096,0.154,0.846,0.542,0.580
1107,36.900,2.000,0.000,-0.236,0.000,1,1,0,0.000,1.553,4,0,0.931,2,3.162,213.479,1.000,0.399,1.191,0.907,1.358,2.681,0.150,0.850,0.487,0.580
1110,37.000,2.000,0.000,0.000,0.000,1,1,0,0.000,1.749,4,0,0.931,3,23.259,147.850,1.000,0.389,1.534,0.901,1.917,0.706,0.157,0.843,0.541,0.700
1113,37.100,6.708,0.000,4.708,0.000,1,1,0,0.000,1.928,4,0,0.931,3,78.772,258.689,1.000,0.399,1.683,0.955,1.983,3.084,0.167,0.833,0.567,0.700
1116,37.200,1.000,0.000,-5.708,0.000,1,1,0,0.000,1.691,4,0,0.931,3,8.944,259.868,1.000,0.399,0.869,0.770,1.818,1.395,0.110,0.890,0.528,0.700
1119,37.300,2.236,0.000,1.236,0.000,1,1,0,0.000,1.830,4,0,0.931,3,70.178,357.544,1.000,0.399,2.117,0.949,1.731,0.601,0.180,0.820,0.554,0.700
1122,37.400,4.472,0.000,2.236,0.000,1,1,0,0.000,1.940,4,0,0.931,3,74.431,451.969,1.000,0.399,1.781,0.955,1.520,0.927,0.181,0.819,0.558,0.700
1125,37.500,5.099,0.000,0.627,0.000,1,1,0,0.000,1.707,4,0,0.931,3,7.616,451.777,1.000,0.399,1.391,0.813,1.371,0.001,0.130,0.870,0.561,0.580
1128,37.600,4.000,0.000,-1.099,0.000,1,1,0,0.000,1.593,4,0,0.931,3,7.071,448.238,1.000,0.399,1.532,0.874,1.369,0.444,0.195,0.805,0.554,0.580
1131,37.700,10.000,0.000,6.000,0.000,1,1,0,0.000,1.455,4,0,0.931,3,77.369,574.655,1.000,0.399,3.599,0.952,1.321,0.544,0.252,0.748,0.634,0.580
1134,37.800,4.123,0.000,-5.877,0.000,1,1,0,0.000,1.621,4,0,0.931,3,0.000,539.060,1.000,0.399,1.326,0.770,1.279,1.306,0.171,0.829,0.557,0.580
1137,37.900,8.062,0.000,3.939,0.000,1,1,0,0.000,1.381,4,0,0.931,3,5.000,486.079,1.000,0.399,2.114,0.786,1.314,3.082,0.161,0.839,0.598,0.580
1140,38.000,10.000,0.000,1.938,0.000,1,1,0,0.000,1.585,4,0,0.931,3,7.616,473.024,1.000,0.408,2.433,0.872,1.129,3.020,0.159,0.841,0.610,0.580
1143,38.100,10.000,0.000,0.000,0.000,1,1,0,0.000,1.330,4,0,0.931,3,0.000,470.809,1.000,0.408,2.560,0.923,0.967,0.398,0.192,0.808,0.610,0.580
1146,38.200,12.369,0.000,2.369,0.000,1,1,0,0.000,1.245,4,0,0.931,3,0.000,457.737,1.000,0.417,4.197,0.924,0.937,2.938,0.216,0.784,0.664,0.580
1149,38.300,2.236,0.000,-10.133,0.000,1,1,0,0.000,1.355,4,0,0.931,2,2.236,445.875,1.000,0.417,1.004,0.482,0.762,1.875,0.151,0.849,0.514,0.580
1152,38.400,4.000,0.000,1.764,0.000,1,1,0,0.000,1.585,4,0,0.931,3,3.606,385.828,1.000,0.417,1.778,0.920,0.653,2.493,0.202,0.798,0.557,0.580
1155,38.500,10.440,0.000,6.440,0.000,1,1,0,0.000,1.621,4,0,0.931,3,0.000,378.528,1.000,0.417,4.340,0.915,0.604,1.783,0.240,0.760,0.657,0.580
1158,38.600,8.544,0.000,-1.896,0.000,1,1,0,0.000,1.267,4,0,0.931,3,0.000,325.694,1.000,0.417,2.196,0.808,0.182,0.158,0.209,0.791,0.601,0.580
1161,38.700,26.420,0.000,17.876,0.000,1,1,0,0.000,1.281,4,0,0.931,3,0.000,324.269,1.000,0.417,2.784,0.941,0.067,1.822,0.207,0.793,0.706,0.550
1164,38.800,59.397,0.000,32.977,0.000,1,1,0,0.000,0.973,4,0,0.931,3,0.000,395.824,1.000,0.417,3.826,0.895,0.205,0.815,0.252,0.748,0.838,0.450
1167,38.900,0.000,0.000,0.000,0.000,0,0,0,0.000,0.000,4,0,0.966,0,0.000,395.824,0.967,0.417,3.223,0.847,0.368,1.831,0.223,0.777,0.307,0.650
1170,39.000,0.000,209.029,0.000,159.693,1,0,1,0.000,1.896,4,0,0.966,2,169.387,1025.619,0.967,0.410,3.343,0.726,0.559,0.406,0.173,0.827,0.789,0.750
1173,39.100,153.584,0.000,94.187,0.000,1,1,0,0.000,1.053,4,0,0.966,2,31.780,2030.994,0.967,0.410,2.435,0.434,0.852,0.093,0.148,0.852,0.786,0.500
1176,39.200,8.062,0.000,-145.522,0.000,1,1,0,0.000,1.092,4,0,1.000,2,31.780,2030.994,0.967,0.419,2.211,0.904,1.025,1.377,0.204,0.796,0.543,0.580
1179,39.300,0.000,26.000,0.000,-183.029,1,0,1,0.000,1.953,4,0,1.000,2,31.780,2030.994,0.967,0.419,2.026,0.924,0.942,0.665,0.210,0.790,0.636,0.500
1182,39.400,16.279,0.000,8.217,0.000,1,1,0,0.000,0.956,4,0,1.000,2,31.780,2030.994,0.967,0.419,2.816,0.953,1.281,0.173,0.255,0.745,0.600,0.580
1185,39.500,5.099,0.000,-11.180,0.000,1,1,0,0.000,0.850,4,0,1.000,2,31.780,2030.994,0.967,0.428,2.371,0.928,1.292,0.080,0.232,0.768,0.529,0.580
1188,39.600,5.385,0.000,0.286,0.000,1,1,0,0.000,1.083,4,0,1.000,2,31.780,2030.994,0.967,0.428,1.897,0.849,1.202,0.250,0.203,0.797,0.524,0.580
1191,39.700,10.296,0.000,4.910,0.000,1,1,0,0.000,1.356,4,0,1.000,2,31.780,2030.994,0.967,0.428,2.329,0.868,1.291,0.089,0.194,0.806,0.561,0.580
1194,39.800,0.000,59.034,0.000,33.034,1,0,1,0.000,1.893,4,0,1.000,2,0.000,2289.519,0.967,0.437,4.947,0.926,0.671,0.139,0.276,0.724,0.815,0.500
1197,39.900,111.364,0.000,101.069,0.000,1,1,0,0.000,1.320,4,0,1.000,2,0.000,2233.794,0.967,0.437,4.421,0.778,0.975,0.014,0.270,0.730,0.812,0.500
1200,40.000,0.000,221.472,0.000,162.438,1,0,1,0.000,1.529,4,0,1.000,3,22.472,2205.347,0.967,0.437,3.347,0.651,1.154,0.131,0.207,0.793,0.839,0.500
1203,40.100,0.000,0.000,0.000,0.000,0,0,0,0.000,0.000,4,0,1.000,0,22.472,2205.347,0.933,0.437,4.999,0.718,0.730,0.837,0.249,0.751,0.357,0.650
1206,40.200,0.000,0.000,0.000,0.000,0,0,0,0.000,0.000,4,0,1.000,0,22.472,2205.347,0.900,0.437,5.550,0.717,0.883,1.606,0.262,0.738,0.367,0.580
1209,40.300,0.000,0.000,0.000,0.000,0,0,0,0.000,0.000,4,0,1.000,0,22.472,2205.347,0.867,0.437,4.033,0.774,0.993,2.065,0.253,0.747,0.321,0.580
1212,40.400,0.000,0.000,0.000,0.000,0,0,0,0.000,0.000,4,0,1.000,0,22.472,2205.347,0.833,0.437,3.303,0.650,0.836,2.000,0.228,0.772,0.307,0.580
1215,40.500,0.000,0.000,0.000,0.000,0,0,0,0.000,0.000,5,1,0.966,0,22.472,2205.347,0.800,0.437,1.983,0.849,0.749,2.031,0.218,0.782,0.256,0.750
1218,40.600,0.000,0.000,0.000,0.000,0,0,0,0.000,0.000,5,0,0.966,0,22.472,2205.347,0.767,0.437,2.451,0.927,0.554,0.783,0.232,0.768,0.258,0.580
1221,40.700,0.000,0.000,0.000,0.000,0,0,0,0.000,0.000,5,0,0.966,0,22.472,2205.347,0.733,0.437,1.512,0.275,0.519,1.293,0.164,0.836,0.277,0.580
1224,40.800,0.000,0.000,0.000,0.000,0,0,0,0.000,0.000,4,1,0.931,0,22.472,2205.347,0.700,0.437,1.874,0.772,0.578,2.053,0.210,0.790,0.247,0.750
1227,40.900,0.000,0.000,0.000,0.000,0,0,0,0.000,0.000,4,0,0.931,0,22.472,2205.347,0.667,0.437,1.888,0.881,0.547,0.414,0.212,0.788,0.236,0.580
1230,41.000,0.000,0.000,0.000,0.000,0,0,0,0.000,0.000,4,0,0.931,0,22.472,2205.347,0.633,0.437,1.663,0.885,0.433,2.367,0.197,0.803,0.226,0.580
1233,41.100,0.000,0.000,0.000,0.000,0,0,0,0.000,0.000,4,0,0.931,0,22.472,2205.347,0.600,0.437,2.188,0.866,0.383,0.180,0.210,0.790,0.236,0.580
1236,41.200,0.000,0.000,0.000,0.000,0,0,0,0.000,0.000,4,0,0.931,0,22.472,2205.347,0.567,0.437,1.662,0.914,0.443,0.114,0.192,0.808,0.216,0.580
1239,41.300,0.000,0.000,0.000,0.000,0,0,0,0.000,0.000,4,0,0.931,0,22.472,2205.347,0.533,0.437,3.360,0.884,0.590,0.911,0.224,0.776,0.256,0.580
1242,41.400,0.000,0.000,0.000,0.000,0,0,0,0.000,0.000,4,0,0.931,0,22.472,2205.347,0.500,0.437,1.253,0.801,0.127,0.256,0.147,0.853,0.205,0.580
1245,41.500,0.000,0.000,0.000,0.000,0,0,0,0.000,0.000,4,0,0.931,0,22.472,2205.347,0.467,0.437,2.425,0.931,0.292,0.475,0.224,0.776,0.221,0.580
1248,41.600,0.000,0.000,0.000,0.000,0,0,0,0.000,0.000,4,0,0.931,0,22.472,2205.347,0.433,0.437,2.423,0.919,0.308,0.171,0.213,0.787,0.218,0.580
1251,41.700,0.000,0.000,0.000,0.000,0,0,0,0.000,0.000,4,0,0.931,0,22.472,2205.347,0.400,0.437,1.606,0.866,0.637,0.106,0.182,0.818,0.198,0.580
1254,41.800,0.000,0.000,0.000,0.000,0,0,0,0.000,0.000,4,0,0.931,0,22.472,2205.347,0.367,0.437,2.289,0.940,0.936,0.889,0.206,0.794,0.205,0.580
1257,41.900,0.000,0.000,0.000,0.000,0,0,0,0.000,0.000,4,0,0.931,0,22.472,2205.347,0.367,0.437,2.088,0.961,1.043,0.333,0.203,0.797,0.199,0.580
1260,42.000,0.000,0.000,0.000,0.000,0,0,0,0.000,0.000,3,1,0.897,0,22.472,2205.347,0.333,0.437,1.477,0.942,1.118,0.622,0.178,0.822,0.181,0.750
1263,42.100,0.000,0.000,0.000,0.000,0,0,0,0.000,0.000,4,1,0.862,0,22.472,2205.347,0.300,0.437,1.505,0.933,1.025,0.501,0.156,0.844,0.178,0.750
1266,42.200,0.000,0.000,0.000,0.000,0,0,0,0.000,0.000,4,0,0.862,0,22.472,2205.347,0.267,0.437,1.286,0.564,1.080,2.907,0.134,0.866,0.195,0.580
1269,42.300,0.000,0.000,0.000,0.000,0,0,0,0.000,0.000,4,0,0.862,0,22.472,2205.347,0.233,0.437,1.277,0.805,1.010,2.129,0.161,0.839,0.174,0.580
1272,42.400,0.000,0.000,0.000,0.000,0,0,0,0.000,0.000,4,0,0.862,0,22.472,2205.347,0.200,0.437,1.644,0.911,1.025,1.120,0.155,0.845,0.171,0.580
1275,42.500,0.000,0.000,0.000,0.000,0,0,0,0.000,0.000,4,0,0.862,0,22.472,2205.347,0.167,0.437,1.422,0.841,0.960,1.684,0.176,0.824,0.167,0.580
1278,42.600,0.000,0.000,0.000,0.000,0,0,0,0.000,0.000,4,0,0.862,0,22.472,2205.347,0.133,0.437,1.567,0.882,0.909,1.100,0.169,0.831,0.163,0.580
1281,42.700,0.000,0.000,0.000,0.000,0,0,0,0.000,0.000,4,0,0.862,0,22.472,2205.347,0.100,0.437,1.058,0.832,0.965,0.871,0.155,0.845,0.150,0.580
1284,42.800,0.000,0.000,0.000,0.000,0,0,0,0.000,0.000,4,0,0.862,0,22.472,2205.347,0.067,0.437,2.018,0.899,0.937,1.376,0.187,0.813,0.165,0.580
1287,42.900,0.000,0.000,0.000,0.000,0,0,0,0.000,0.000,4,0,0.862,0,22.472,2205.347,0.033,0.437,2.332,0.956,0.992,0.840,0.210,0.790,0.165,0.580
1290,43.000,0.000,0.000,0.000,0.000,0,0,0,0.000,0.000,3,1,0.828,0,22.472,2205.347,0.000,0.437,1.626,0.845,0.769,0.802,0.185,0.815,0.152,0.750
1293,43.100,0.000,0.000,0.000,0.000,0,0,0,0.000,0.000,4,1,0.793,0,22.472,2205.347,0.000,0.437,3.144,0.914,0.768,2.607,0.214,0.786,0.185,0.750
1296,43.200,0.000,0.000,0.000,0.000,0,0,0,0.000,0.000,5,1,0.759,0,22.472,2205.347,0.000,0.437,4.002,0.835,0.681,1.087,0.231,0.769,0.212,0.750
1299,43.300,197.497,0.000,86.133,0.000,1,1,0,0.000,1.320,5,0,0.759,4,46.648,2350.227,0.033,0.183,3.512,0.909,0.430,0.347,0.216,0.784,0.722,0.650
1302,43.400,2.828,0.000,-194.668,0.000,1,1,0,0.000,1.314,5,0,0.793,4,0.000,2540.379,0.067,0.180,1.723,0.808,0.218,0.157,0.161,0.839,0.454,0.580
1305,43.500,4.472,0.000,1.644,0.000,1,1,0,0.000,1.321,4,1,0.759,3,0.000,2657.904,0.100,0.180,3.696,0.620,0.144,0.758,0.210,0.790,0.521,0.750
1308,43.600,3.162,0.000,-1.310,0.000,1,1,0,0.000,1.528,4,0,0.759,3,0.000,2740.144,0.133,0.180,3.051,0.656,0.213,1.204,0.238,0.762,0.499,0.580
1311,43.700,3.606,0.000,0.443,0.000,1,1,0,0.000,1.658,4,0,0.793,3,0.000,2775.544,0.167,0.180,2.296,0.897,0.533,0.330,0.212,0.788,0.470,0.580
1314,43.800,4.123,0.000,0.518,0.000,1,1,0,0.000,1.432,4,0,0.793,3,0.000,2867.644,0.200,0.180,2.151,0.951,0.673,0.325,0.207,0.793,0.469,0.580
1317,43.900,14.142,0.000,10.019,0.000,1,1,0,0.000,1.279,4,0,0.793,3,0.000,935.294,0.233,0.180,2.370,0.931,0.819,0.664,0.194,0.806,0.536,0.580
1320,44.000,10.296,0.000,-3.847,0.000,1,1,0,0.000,1.241,4,0,0.793,3,0.000,259.859,0.267,0.180,3.453,0.919,0.929,0.767,0.235,0.765,0.546,0.580
1323,44.100,9.220,0.000,-1.076,0.000,1,1,0,0.000,1.232,4,0,0.793,3,0.000,200.279,0.300,0.180,2.779,0.934,1.179,0.113,0.215,0.785,0.526,0.580
1326,44.200,2.828,0.000,-6.391,0.000,1,1,0,0.000,1.344,4,0,0.793,3,0.000,145.725,0.333,0.180,2.638,0.899,1.400,0.598,0.211,0.789,0.494,0.700
1329,44.300,7.000,0.000,4.172,0.000,1,1,0,0.000,1.090,4,0,0.793,3,0.000,148.905,0.367,0.180,3.047,0.953,1.573,0.013,0.217,0.783,0.527,0.700
1332,44.400,5.000,0.000,-2.000,0.000,1,1,0,0.000,0.876,4,0,0.793,3,5.000,163.284,0.400,0.178,0.984,0.887,2.542,0.225,0.133,0.867,0.473,0.700
1335,44.500,6.083,0.000,1.083,0.000,1,1,0,0.000,0.657,4,0,0.793,3,0.000,193.544,0.433,0.175,1.152,0.723,2.114,0.375,0.139,0.861,0.499,0.700
1338,44.600,3.162,0.000,-2.920,0.000,1,1,0,0.000,0.946,4,0,0.793,3,0.000,188.979,0.467,0.175,1.450,0.724,2.357,2.930,0.128,0.872,0.494,0.700
1341,44.700,1.414,0.000,-1.748,0.000,1,1,0,0.000,1.152,4,0,0.793,2,1.414,174.654,0.500,0.175,0.988,0.858,1.545,2.246,0.127,0.873,0.423,0.700
1344,44.800,5.000,0.000,3.586,0.000,1,1,0,0.000,1.331,4,0,0.793,3,38.275,158.127,0.533,0.172,2.046,0.872,0.576,2.147,0.171,0.829,0.517,0.580
1347,44.900,10.198,0.000,5.198,0.000,1,1,0,0.000,1.558,4,0,0.828,3,0.000,99.738,0.567,0.172,5.440,0.887,0.302,0.354,0.209,0.791,0.634,0.580
1350,45.000,21.587,0.000,11.389,0.000,1,1,0,0.000,1.563,4,0,0.862,3,0.000,97.727,0.600,0.169,9.696,0.950,0.619,0.397,0.226,0.774,0.760,0.580
1353,45.100,11.045,0.000,-10.542,0.000,1,1,0,0.000,1.621,4,0,0.862,3,0.000,113.657,0.633,0.169,4.196,0.960,0.827,1.159,0.214,0.786,0.610,0.580
1356,45.200,14.765,0.000,3.719,0.000,1,1,0,0.000,1.810,4,0,0.862,3,0.000,105.387,0.667,0.408,5.295,0.877,0.789,1.405,0.206,0.794,0.668,0.580
1359,45.300,15.811,0.000,1.047,0.000,1,1,0,0.000,1.960,4,0,0.862,3,0.000,94.267,0.700,0.408,3.851,0.777,0.962,0.341,0.187,0.813,0.649,0.580
1362,45.400,25.554,0.000,9.742,0.000,1,1,0,0.000,1.637,4,0,0.862,3,0.000,137.107,0.733,0.417,5.077,0.856,1.066,0.164,0.229,0.771,0.732,0.350
1365,45.500,22.361,0.000,-3.193,0.000,1,1,0,0.000,1.311,4,0,0.862,3,0.000,144.704,0.767,0.417,5.751,0.886,1.244,0.123,0.241,0.759,0.733,0.580
1368,45.600,25.962,0.000,3.601,0.000,1,1,0,0.000,1.121,4,0,0.862,3,0.000,216.689,0.800,0.417,4.022,0.905,1.271,0.350,0.236,0.764,0.712,0.350
1371,45.700,34.540,0.000,8.578,0.000,1,1,0,0.000,0.883,4,0,0.862,3,33.015,281.469,0.833,0.417,4.410,0.926,1.334,0.483,0.255,0.745,0.772,0.000
1374,45.800,44.407,0.000,9.867,0.000,1,1,0,0.000,0.722,4,0,0.862,3,21.633,398.047,0.867,0.417,3.151,0.889,1.564,0.482,0.228,0.772,0.802,0.700
1377,45.900,35.468,0.000,-8.939,0.000,1,1,0,0.000,0.597,3,1,0.862,2,0.000,614.967,0.900,0.417,4.860,0.895,1.524,0.153,0.273,0.727,0.684,0.750
1380,46.000,17.088,0.000,-18.380,0.000,1,1,0,0.000,0.329,3,0,0.897,2,0.000,879.638,0.933,0.417,5.697,0.850,1.708,0.019,0.283,0.717,0.610,0.700
1383,46.100,18.439,0.000,1.351,0.000,1,1,0,0.000,0.272,3,0,0.931,2,0.000,1154.908,0.967,0.426,6.940,0.753,1.999,0.130,0.283,0.717,0.659,0.700
1386,46.200,41.773,0.000,23.334,0.000,1,1,0,0.000,0.327,4,1,0.897,3,0.000,1154.908,1.000,0.426,6.132,0.726,2.440,0.520,0.280,0.720,0.890,0.750
1389,46.300,58.310,0.000,16.536,0.000,1,1,0,0.000,0.355,4,0,0.897,3,0.000,1154.908,1.000,0.426,8.680,0.753,3.073,0.300,0.299,0.701,0.952,0.700
1392,46.400,4.123,0.000,-54.186,0.000,1,1,0,0.000,0.681,4,0,0.931,3,0.000,1154.908,1.000,0.426,9.787,0.825,3.909,0.066,0.270,0.730,0.720,0.700
1395,46.500,0.000,0.000,0.000,0.000,0,0,0,0.000,0.000,3,1,0.897,0,0.000,1154.908,0.967,0.426,7.788,0.737,2.918,0.357,0.251,0.749,0.329,0.750
1398,46.600,0.000,0.000,0.000,0.000,0,0,0,0.000,0.000,3,0,0.897,0,0.000,1154.908,0.933,0.426,9.069,0.541,1.323,0.235,0.266,0.734,0.344,0.580
1401,46.700,0.000,0.000,0.000,0.000,0,0,0,0.000,0.000,3,0,0.897,0,0.000,1154.908,0.900,0.426,7.706,0.536,1.424,0.221,0.252,0.748,0.333,0.700
1404,46.800,0.000,255.392,0.000,33.920,1,0,1,0.000,1.235,3,0,0.897,2,0.000,1154.908,0.900,0.379,7.141,0.465,1.364,0.171,0.244,0.756,0.824,0.650
1407,46.900,0.000,16.155,0.000,-239.236,1,0,1,0.000,1.563,3,0,0.897,2,42.202,1299.684,0.900,0.379,5.179,0.711,1.420,0.383,0.237,0.763,0.597,0.700
1410,47.000,0.000,9.849,0.000,-6.307,1,0,1,0.000,1.273,3,0,0.897,2,93.295,1507.938,0.900,0.388,5.364,0.889,1.324,0.375,0.239,0.761,0.555,0.580
1413,47.100,0.000,27.019,0.000,17.170,1,0,1,0.000,1.268,4,1,0.862,3,24.083,1721.594,0.900,0.388,6.285,0.466,1.205,1.813,0.239,0.761,0.818,0.750
1416,47.200,0.000,26.683,0.000,-0.335,1,0,1,0.000,1.016,4,0,0.862,3,24.083,1721.594,0.900,0.379,6.410,0.366,1.240,0.086,0.231,0.769,0.826,0.350
1419,47.300,0.000,16.125,0.000,-10.559,1,0,1,0.000,0.865,4,0,0.862,3,79.511,2407.645,0.900,0.379,7.022,0.483,1.253,0.209,0.226,0.774,0.774,0.580
1422,47.400,0.000,16.553,0.000,0.428,1,0,1,0.000,0.692,3,1,0.828,2,79.511,2407.645,0.900,0.388,5.051,0.603,1.365,0.034,0.210,0.790,0.604,0.750
1425,47.500,0.000,11.180,0.000,-5.373,1,0,1,0.000,0.709,3,0,0.828,2,95.635,2691.618,0.900,0.388,2.650,0.747,1.328,1.480,0.194,0.806,0.504,0.580
1428,47.600,0.000,418.325,0.000,414.202,2,0,1,418.325,0.720,3,0,0.828,4,0.000,2687.694,0.900,0.388,2.394,0.831,1.156,0.704,0.182,0.818,0.790,0.650
1431,47.700,0.000,396.830,0.000,-21.495,1,0,1,0.000,1.015,3,0,0.828,2,0.000,2687.694,0.900,0.388,6.414,0.533,0.857,0.827,0.192,0.808,0.801,0.650
1434,47.800,0.000,43.417,0.000,-353.413,1,0,1,0.000,1.337,3,0,0.828,2,0.000,2889.275,0.900,0.388,8.446,0.808,0.796,0.175,0.243,0.757,0.813,0.450
1437,47.900,0.000,40.311,0.000,-3.105,1,0,1,0.000,1.346,3,0,0.828,2,0.000,2812.219,0.900,0.397,8.393,0.745,0.525,2.854,0.254,0.746,0.800,0.550
1440,48.000,0.000,45.100,0.000,4.789,1,0,1,0.000,1.432,3,0,0.828,2,0.000,2692.165,0.900,0.397,10.373,0.887,0.257,1.909,0.254,0.746,0.816,0.550
1443,48.100,0.000,0.000,0.000,0.000,0,0,0,0.000,0.000,3,0,0.828,0,0.000,2692.165,0.867,0.397,14.306,0.923,0.449,0.256,0.253,0.747,0.309,0.650
1446,48.200,0.000,0.000,0.000,0.000,0,0,0,0.000,0.000,3,0,0.828,0,0.000,2692.165,0.833,0.397,14.970,0.926,0.432,0.132,0.266,0.734,0.305,0.580
1449,48.300,0.000,0.000,0.000,0.000,0,0,0,0.000,0.000,3,0,0.828,0,0.000,2692.165,0.800,0.397,15.800,0.908,0.588,0.002,0.269,0.731,0.302,0.580
1452,48.400,0.000,0.000,0.000,0.000,0,0,0,0.000,0.000,3,0,0.828,0,0.000,2692.165,0.767,0.397,18.213,0.892,0.806,0.015,0.267,0.733,0.300,0.580
1455,48.500,0.000,0.000,0.000,0.000,0,0,0,0.000,0.000,3,0,0.828,0,0.000,2692.165,0.733,0.397,19.046,0.858,1.265,0.034,0.265,0.735,0.298,0.580
1458,48.600,0.000,0.000,0.000,0.000,0,0,0,0.000,0.000,3,0,0.828,0,0.000,2692.165,0.700,0.397,20.779,0.868,1.752,0.062,0.261,0.739,0.293,0.700
1461,48.700,0.000,0.000,0.000,0.000,0,0,0,0.000,0.000,3,0,0.828,0,0.000,2692.165,0.667,0.397,20.140,0.823,2.314,0.097,0.267,0.733,0.292,0.700
1464,48.800,0.000,0.000,0.000,0.000,0,0,0,0.000,0.000,3,0,0.862,0,0.000,2692.165,0.633,0.397,20.003,0.783,2.900,0.267,0.266,0.734,0.291,0.700
1467,48.900,0.000,0.000,0.000,0.000,0,0,0,0.000,0.000,3,0,0.862,0,0.000,2692.165,0.600,0.397,19.343,0.797,3.919,0.400,0.274,0.726,0.286,0.700
1470,49.000,131.126,0.000,127.003,0.000,1,1,0,0.000,0.966,3,0,0.862,2,0.000,2692.165,0.600,0.297,10.830,0.044,4.645,1.977,0.363,0.637,0.839,0.700
1473,49.100,2.000,0.000,-129.126,0.000,1,1,0,0.000,1.265,3,0,0.897,2,0.000,2692.165,0.600,0.303,2.930,0.806,4.149,2.940,0.222,0.778,0.420,0.700
1476,49.200,10.000,0.000,8.000,0.000,1,1,0,0.000,1.315,3,0,0.897,2,0.000,2692.165,0.600,0.303,2.543,0.860,3.689,1.241,0.242,0.758,0.451,0.700
1479,49.300,13.342,0.000,3.342,0.000,1,1,0,0.000,1.365,3,0,0.897,2,0.000,2692.165,0.600,0.303,3.055,0.908,3.557,0.077,0.243,0.757,0.479,0.700
1482,49.400,6.000,0.000,-7.342,0.000,1,1,0,0.000,1.577,3,0,0.931,2,0.000,2692.165,0.600,0.309,3.543,0.866,3.416,0.299,0.249,0.751,0.453,0.700
1485,49.500,12.166,0.000,6.166,0.000,1,1,0,0.000,1.688,3,0,0.931,2,0.000,2692.165,0.633,0.309,3.681,0.885,3.523,0.133,0.253,0.747,0.494,0.700
1488,49.600,5.657,0.000,-6.509,0.000,1,1,0,0.000,1.925,3,0,0.931,2,0.000,2692.165,0.667,0.309,2.156,0.663,2.859,2.643,0.192,0.808,0.439,0.700
1491,49.700,10.198,0.000,4.541,0.000,1,1,0,0.000,1.846,3,0,0.931,2,0.000,2692.165,0.700,0.309,1.638,0.691,1.740,1.958,0.155,0.845,0.453,0.700
1494,49.800,17.117,0.000,6.919,0.000,1,1,0,0.000,1.556,3,0,0.931,2,0.000,2692.165,0.700,0.309,2.076,0.751,1.022,0.534,0.172,0.828,0.498,0.580
1497,49.900,245.220,0.000,233.179,0.000,2,1,0,245.220,1.607,3,0,0.931,3,0.000,2692.165,0.700,0.309,2.439,0.808,0.507,1.053,0.212,0.788,0.768,0.650
1500,50.000,247.342,0.000,2.122,0.000,1,1,0,0.000,1.945,3,0,0.966,2,0.000,2692.165,0.700,0.309,2.543,0.846,0.030,0.092,0.230,0.770,0.658,0.650
1503,50.100,13.601,0.000,-233.740,0.000,1,1,0,0.000,1.755,3,0,0.966,2,0.000,2692.165,0.700,0.315,3.028,0.935,0.356,0.482,0.223,0.777,0.490,0.580
1506,50.200,20.248,0.000,6.647,0.000,1,1,0,0.000,1.652,3,0,0.966,2,102.616,2848.194,0.700,0.315,1.807,0.879,0.689,0.283,0.148,0.852,0.500,0.580
1509,50.300,3.606,0.000,-16.643,0.000,1,1,0,0.000,1.408,3,0,1.000,2,107.968,3481.728,0.700,0.309,1.561,0.905,0.999,0.094,0.160,0.840,0.400,0.600
1512,50.400,5.099,0.000,1.493,0.000,1,1,0,0.000,1.433,3,0,1.000,2,107.968,3481.728,0.700,0.309,1.746,0.798,1.296,0.082,0.175,0.825,0.420,0.600
1515,50.500,2.236,0.000,-2.863,0.000,1,1,0,0.000,1.456,3,0,1.000,2,107.968,3481.728,0.700,0.309,1.540,0.859,1.659,0.284,0.177,0.823,0.395,0.700
1518,50.600,3.606,0.000,1.369,0.000,1,1,0,0.000,1.415,3,0,1.000,2,107.968,3481.728,0.700,0.309,2.145,0.842,2.055,0.944,0.224,0.776,0.419,0.700
1521,50.700,9.899,0.000,6.294,0.000,1,1,0,0.000,1.477,3,0,1.000,2,107.968,3481.728,0.700,0.315,2.897,0.815,2.098,0.056,0.243,0.757,0.474,0.700
1524,50.800,5.099,0.000,-4.800,0.000,1,1,0,0.000,1.406,3,0,1.000,2,107.968,3481.728,0.700,0.315,2.537,0.932,1.902,0.746,0.232,0.768,0.431,0.700
1527,50.900,6.403,0.000,1.304,0.000,1,1,0,0.000,1.292,3,0,1.000,2,111.018,3524.470,0.700,0.315,1.794,0.886,1.717,1.338,0.189,0.811,0.422,0.700
1530,51.000,10.050,0.000,3.647,0.000,1,1,0,0.000,1.315,3,0,1.000,2,10.050,3512.147,0.700,0.321,1.809,0.812,1.597,2.440,0.185,0.815,0.448,0.700
1533,51.100,5.099,0.000,-4.951,0.000,1,1,0,0.000,1.494,3,0,1.000,2,5.099,3466.988,0.733,0.321,2.121,0.881,1.469,0.000,0.185,0.815,0.428,0.700
1536,51.200,1.000,0.000,-4.099,0.000,1,1,0,0.000,1.421,3,0,1.000,2,68.447,3503.087,0.767,0.321,1.553,0.936,1.278,1.204,0.190,0.810,0.391,0.580
1539,51.300,10.770,0.000,9.770,0.000,1,1,0,0.000,1.733,3,0,1.000,2,68.447,3503.087,0.800,0.321,1.806,0.789,1.110,0.317,0.208,0.792,0.466,0.580
1542,51.400,1.000,0.000,-9.770,0.000,1,1,0,0.000,1.715,3,0,1.000,1,68.447,3503.087,0.833,0.327,1.076,0.707,0.976,2.824,0.130,0.870,0.343,0.580
1545,51.500,1.000,0.000,0.000,0.000,1,1,0,0.000,1.691,3,0,1.000,2,60.017,3469.080,0.867,0.327,2.191,0.832,0.869,2.044,0.206,0.794,0.426,0.580
1548,51.600,1.000,0.000,0.000,0.000,1,1,0,0.000,1.568,3,0,1.000,2,1.000,3519.675,0.900,0.327,2.663,0.884,0.767,0.879,0.234,0.766,0.438,0.580
1551,51.700,9.487,0.000,8.487,0.000,1,1,0,0.000,1.664,3,0,1.000,2,102.840,3840.800,0.933,0.327,1.458,0.695,0.683,1.071,0.152,0.848,0.472,0.580
1554,51.800,6.083,0.000,-3.404,0.000,1,1,0,0.000,1.628,3,0,1.000,2,102.840,3840.800,0.967,0.327,1.950,0.815,0.589,0.519,0.182,0.818,0.462,0.580
1557,51.900,1.000,0.000,-5.083,0.000,1,1,0,0.000,1.637,5,1,0.966,4,102.840,3840.800,1.000,0.487,1.603,0.819,0.493,0.135,0.165,0.835,0.552,0.750
1560,52.000,6.083,0.000,5.083,0.000,1,1,0,0.000,1.591,5,0,0.966,4,93.172,3764.184,1.000,0.479,1.947,0.868,0.503,0.589,0.190,0.810,0.586,0.580
1563,52.100,5.099,0.000,-0.984,0.000,1,1,0,0.000,1.488,5,0,0.966,4,93.172,3764.184,1.000,0.470,2.611,0.910,0.655,1.093,0.236,0.764,0.594,0.580
1566,52.200,9.487,0.000,4.388,0.000,1,1,0,0.000,1.376,3,1,0.931,2,93.172,3764.184,1.000,0.470,1.722,0.675,0.542,1.799,0.151,0.849,0.488,0.750
1569,52.300,3.606,0.000,-5.881,0.000,1,1,0,0.000,1.489,3,0,0.931,2,93.172,3764.184,1.000,0.470,2.366,0.786,0.681,2.003,0.240,0.760,0.464,0.580
1572,52.400,11.045,0.000,7.440,0.000,1,1,0,0.000,1.404,3,0,0.931,2,5.000,3128.184,1.000,0.470,1.827,0.824,0.669,0.124,0.175,0.825,0.489,0.580
1575,52.500,3.162,0.000,-7.883,0.000,1,1,0,0.000,1.416,5,1,0.897,4,5.000,3128.184,1.000,0.470,1.247,0.662,0.546,2.274,0.158,0.842,0.566,0.750
1578,52.600,4.472,0.000,1.310,0.000,1,1,0,0.000,1.649,5,0,0.897,4,3.162,2933.164,1.000,0.462,3.091,0.705,0.516,0.127,0.172,0.828,0.617,0.580
1581,52.700,44.272,0.000,39.800,0.000,1,1,0,0.000,1.531,5,0,0.897,4,0.000,2161.414,1.000,0.453,4.702,0.747,0.371,0.833,0.273,0.727,0.875,0.450
1584,52.800,40.112,0.000,-4.160,0.000,1,1,0,0.000,1.386,4,1,0.862,3,0.000,1478.044,1.000,0.444,4.651,0.813,0.094,0.343,0.271,0.729,0.837,0.750
1587,52.900,25.239,0.000,-14.873,0.000,1,1,0,0.000,1.423,4,0,0.862,3,0.000,1316.619,1.000,0.444,4.633,0.861,0.531,0.686,0.285,0.715,0.751,0.350
1590,53.000,8.000,0.000,-17.239,0.000,1,1,0,0.000,1.365,4,0,0.862,3,0.000,1158.779,1.000,0.435,6.110,0.836,1.102,0.320,0.304,0.696,0.694,0.580
1593,53.100,13.342,0.000,5.342,0.000,1,1,0,0.000,1.084,4,0,0.862,3,0.000,997.527,1.000,0.435,7.123,0.866,1.699,0.246,0.297,0.703,0.747,0.700
1596,53.200,29.530,0.000,16.188,0.000,1,1,0,0.000,1.062,4,0,0.862,3,0.000,1221.459,1.000,0.426,7.722,0.798,2.552,0.011,0.298,0.702,0.856,0.700
1599,53.300,24.187,0.000,-5.343,0.000,1,1,0,0.000,0.972,4,0,0.862,3,0.000,1314.030,1.000,0.426,10.692,0.775,3.390,2.206,0.303,0.697,0.835,0.700
1602,53.400,8.062,0.000,-16.125,0.000,1,1,0,0.000,0.709,3,1,0.828,2,0.000,1435.334,1.000,0.426,12.197,0.892,4.647,1.632,0.301,0.699,0.622,0.750
1605,53.500,16.643,0.000,8.581,0.000,1,1,0,0.000,0.863,3,0,0.828,2,0.000,933.877,1.000,0.417,8.909,0.819,6.099,0.586,0.294,0.706,0.675,0.700
1608,53.600,9.220,0.000,-7.424,0.000,1,1,0,0.000,0.849,3,0,0.828,2,46.098,735.369,1.000,0.417,4.271,0.746,7.204,2.680,0.257,0.743,0.546,0.700
1611,53.700,13.038,0.000,3.819,0.000,1,1,0,0.000,0.748,3,0,0.828,2,0.000,631.694,1.000,0.417,4.288,0.752,6.989,2.120,0.245,0.755,0.567,0.700
1614,53.800,23.087,0.000,10.048,0.000,1,1,0,0.000,0.811,3,0,0.828,2,0.000,565.944,1.000,0.417,5.168,0.649,8.535,0.631,0.252,0.748,0.652,0.700
1617,53.900,40.224,0.000,17.138,0.000,1,1,0,0.000,0.848,3,0,0.828,2,0.000,486.384,1.000,0.417,4.921,0.551,9.309,1.586,0.236,0.764,0.748,0.700
1620,54.000,33.242,0.000,-6.983,0.000,1,1,0,0.000,0.844,3,0,0.828,2,0.000,465.624,1.000,0.426,11.211,0.730,9.813,0.563,0.274,0.726,0.774,0.700
1623,54.100,50.636,0.000,17.394,0.000,1,1,0,0.000,0.821,3,0,0.828,2,0.000,723.619,1.000,0.426,15.583,0.706,10.683,0.196,0.261,0.739,0.841,0.700
1626,54.200,0.000,0.000,0.000,0.000,0,0,0,0.000,0.000,3,0,0.828,0,0.000,723.619,0.967,0.426,13.395,0.533,10.293,2.671,0.244,0.756,0.349,0.700
1629,54.300,416.941,0.000,366.305,0.000,1,1,0,0.000,1.067,3,0,0.828,1,0.000,723.619,0.967,0.428,14.315,0.234,6.850,0.334,0.220,0.780,0.810,0.700
1632,54.400,0.000,257.529,0.000,212.429,1,0,1,0.000,1.543,3,0,0.828,1,0.000,723.619,0.967,0.437,13.852,0.653,6.021,1.446,0.229,0.771,0.780,0.700
1635,54.500,0.000,37.336,0.000,-220.192,1,0,1,0.000,1.876,3,0,0.828,1,0.000,723.619,0.967,0.446,17.365,0.907,5.902,1.240,0.242,0.758,0.720,0.700
1638,54.600,0.000,0.000,0.000,0.000,0,0,0,0.000,0.000,3,0,0.828,0,0.000,723.619,0.933,0.446,10.837,0.800,5.039,0.222,0.253,0.747,0.326,0.700
1641,54.700,0.000,0.000,0.000,0.000,0,0,0,0.000,0.000,3,0,0.828,0,0.000,723.619,0.900,0.446,5.307,0.726,4.019,1.398,0.225,0.775,0.260,0.700
1644,54.800,649.573,0.000,232.632,0.000,1,1,0,0.000,1.203,3,0,0.862,2,0.000,723.619,0.900,0.425,6.209,0.778,3.209,0.238,0.239,0.761,0.779,0.700
1647,54.900,19.105,0.000,-630.468,0.000,1,1,0,0.000,1.238,3,0,0.862,2,0.000,723.619,0.900,0.433,4.924,0.861,2.144,0.406,0.225,0.775,0.597,0.700
1650,55.000,2.000,0.000,-17.105,0.000,1,1,0,0.000,1.439,3,0,0.862,2,0.000,723.619,0.900,0.433,3.543,0.088,1.396,1.895,0.252,0.748,0.522,0.580
1653,55.100,12.166,0.000,10.166,0.000,1,1,0,0.000,1.479,3,0,0.897,2,0.000,723.619,0.900,0.433,4.343,0.496,1.125,1.955,0.232,0.768,0.569,0.580
1656,55.200,5.000,0.000,-7.166,0.000,1,1,0,0.000,1.473,3,0,0.897,2,0.000,723.619,0.900,0.433,3.526,0.391,1.115,0.160,0.229,0.771,0.517,0.580
1659,55.300,9.849,0.000,4.849,0.000,1,1,0,0.000,1.415,3,0,0.897,2,0.000,723.619,0.900,0.433,3.871,0.411,1.092,0.158,0.215,0.785,0.551,0.580
1662,55.400,9.434,0.000,-0.415,0.000,1,1,0,0.000,1.379,3,0,0.931,2,124.391,1251.778,0.900,0.442,4.280,0.465,1.043,0.820,0.229,0.771,0.555,0.691
1665,55.500,12.042,0.000,2.608,0.000,1,1,0,0.000,1.137,3,0,0.931,2,14.866,1605.450,0.900,0.442,5.249,0.469,1.021,0.530,0.232,0.768,0.593,0.580
1668,55.600,538.707,0.000,521.677,0.000,2,1,0,538.707,0.754,3,0,0.931,4,0.000,2109.200,0.900,0.442,5.471,0.673,0.646,0.060,0.216,0.784,0.878,0.650
1671,55.700,515.171,0.000,-12.359,0.000,2,1,0,515.171,0.980,3,0,0.966,4,0.000,2410.910,0.900,0.442,4.158,0.706,0.085,0.123,0.214,0.786,0.842,0.350
1674,55.800,501.523,0.000,-6.329,0.000,2,1,0,501.523,1.674,3,0,0.966,4,0.000,2467.580,0.900,0.442,3.491,0.694,0.252,0.100,0.192,0.808,0.827,0.350
1677,55.900,482.902,0.000,-6.287,0.000,2,1,0,482.902,2.402,3,0,0.966,4,0.000,2298.899,0.900,0.433,5.003,0.768,0.599,0.118,0.202,0.798,0.859,0.350
1680,56.000,469.078,102.201,-13.824,64.864,2,1,1,464.812,2.776,3,0,0.966,4,0.000,2049.889,0.900,0.433,6.483,0.825,0.908,0.877,0.223,0.777,0.892,0.500
1683,56.100,9.434,1.414,-459.644,-100.787,2,1,1,454.001,3.128,3,0,0.966,4,0.000,1547.644,0.900,0.433,5.582,0.797,1.176,0.475,0.219,0.781,0.674,0.580
1686,56.200,9.487,9.220,0.053,7.805,2,1,1,453.584,2.766,3,0,0.966,4,0.000,1038.119,0.900,0.425,4.865,0.689,1.341,0.939,0.218,0.782,0.664,0.580
1689,56.300,4.000,19.026,-5.487,9.807,2,1,1,461.567,2.416,3,0,1.000,4,0.000,636.034,0.900,0.416,4.708,0.652,1.265,0.219,0.224,0.776,0.716,0.580
1692,56.400,7.810,7.071,3.810,-11.955,2,1,1,454.657,2.135,3,0,1.000,4,0.000,416.104,0.900,0.407,5.813,0.874,1.189,0.013,0.232,0.768,0.666,0.580
1695,56.500,457.473,0.000,443.473,0.000,2,1,0,457.473,1.719,3,0,1.000,4,0.000,295.905,0.900,0.399,7.646,0.926,1.038,0.209,0.231,0.769,0.914,0.500
1698,56.600,462.128,0.000,4.654,0.000,1,1,0,0.000,1.719,3,0,1.000,2,0.000,276.965,0.900,0.392,9.608,0.912,0.855,0.393,0.222,0.778,0.814,0.650
1701,56.700,7.616,0.000,-454.512,0.000,1,1,0,0.000,1.558,3,0,1.000,2,30.887,340.604,0.900,0.408,9.786,0.838,0.782,0.400,0.232,0.768,0.612,0.580
1704,56.800,60.000,0.000,52.384,0.000,1,1,0,0.000,1.217,3,0,1.000,2,27.459,290.215,0.900,0.408,10.162,0.805,0.676,0.515,0.262,0.738,0.822,0.450
1707,56.900,127.487,0.000,67.487,0.000,1,1,0,0.000,1.224,3,0,1.000,2,98.234,980.575,0.900,0.408,11.170,0.881,0.561,0.010,0.291,0.709,0.816,0.546
1710,57.000,27.019,0.000,-100.469,0.000,1,1,0,0.000,1.258,3,0,1.000,2,0.000,1345.875,0.900,0.408,4.944,0.962,0.454,0.098,0.281,0.719,0.634,0.580
1713,57.100,15.297,0.000,-11.721,0.000,1,1,0,0.000,1.406,3,0,1.000,2,0.000,1517.369,0.900,0.408,4.218,0.848,0.374,0.792,0.252,0.748,0.559,0.580
1716,57.200,2.236,0.000,-13.061,0.000,1,1,0,0.000,1.482,3,0,1.000,2,0.000,1622.419,0.933,0.408,2.346,0.871,0.274,0.020,0.212,0.788,0.442,0.580
1719,57.300,395.487,0.000,393.487,0.000,2,1,0,395.487,1.184,3,0,1.000,3,0.000,1709.054,0.933,0.408,2.959,0.984,0.173,0.079,0.237,0.763,0.797,0.650
1722,57.400,390.698,0.000,-4.789,0.000,1,1,0,0.000,1.345,3,0,1.000,2,99.298,1907.140,0.933,0.408,2.321,0.971,0.019,0.506,0.248,0.752,0.672,0.650
1725,57.500,426.653,0.000,424.417,0.000,2,1,0,426.653,1.649,3,0,1.000,3,0.000,2121.379,0.933,0.408,1.079,0.906,0.095,0.668,0.153,0.847,0.756,0.650
1728,57.600,425.659,0.000,-0.994,0.000,1,1,0,0.000,1.966,2,1,0.966,1,3.606,2131.775,0.967,0.417,0.915,0.926,0.394,1.026,0.153,0.847,0.614,0.750
1731,57.700,5.657,0.000,-420.003,0.000,1,1,0,0.000,1.768,2,0,0.966,1,5.657,2018.828,1.000,0.417,1.433,0.942,0.794,0.983,0.184,0.816,0.411,0.580
1734,57.800,418.484,0.000,414.361,0.000,2,1,0,418.484,1.920,3,1,0.931,2,418.484,5005.744,1.000,0.426,1.510,0.942,0.587,0.137,0.202,0.798,0.712,0.750
1737,57.900,417.824,0.000,-0.660,0.000,1,1,0,0.000,2.080,3,0,0.931,1,417.824,4883.568,1.000,0.435,2.150,0.850,0.513,0.005,0.224,0.776,0.624,0.750
1740,58.000,3.162,0.000,-414.662,0.000,1,1,0,0.000,1.806,3,0,0.931,2,3.162,4682.864,1.000,0.435,1.587,0.514,0.141,1.892,0.132,0.868,0.461,0.580
1743,58.100,7.000,0.000,3.838,0.000,1,1,0,0.000,1.556,3,0,0.931,2,0.000,4678.954,1.000,0.444,3.017,0.874,0.506,1.825,0.239,0.761,0.493,0.580
1746,58.200,2.236,0.000,-4.764,0.000,1,1,0,0.000,1.710,3,0,0.931,2,61.098,4683.265,1.000,0.444,2.407,0.879,0.853,0.172,0.203,0.797,0.451,0.580
1749,58.300,3.162,0.000,0.926,0.000,1,1,0,0.000,1.416,3,0,0.931,1,3.162,4657.009,1.000,0.453,1.312,0.630,1.217,1.382,0.153,0.847,0.386,0.580
1752,58.400,5.831,0.000,2.669,0.000,1,1,0,0.000,1.722,3,0,0.931,1,5.831,4620.847,1.000,0.462,1.574,0.583,1.568,2.613,0.129,0.871,0.411,0.700
1755,58.500,4.243,0.000,-1.588,0.000,1,1,0,0.000,1.821,3,0,0.931,2,4.243,4575.220,1.000,0.462,1.984,0.578,1.850,0.138,0.139,0.861,0.473,0.700
1758,58.600,2.828,0.000,-1.414,0.000,1,1,0,0.000,1.496,3,0,0.931,2,0.000,4412.569,1.000,0.470,3.598,0.831,1.914,1.958,0.243,0.757,0.488,0.700
1761,58.700,381.907,0.000,374.836,0.000,2,1,0,381.907,1.485,3,0,0.931,3,0.000,4154.679,1.000,0.470,3.131,0.932,1.850,0.000,0.240,0.760,0.813,0.700
1764,58.800,364.940,0.000,-16.967,0.000,1,1,0,0.000,1.836,3,0,0.931,2,0.000,4136.875,1.000,0.470,2.082,0.788,1.673,1.800,0.203,0.797,0.687,0.700
1767,58.900,367.147,0.000,363.542,0.000,2,1,0,367.147,1.870,3,0,0.931,3,0.000,4122.394,1.000,0.479,2.747,0.842,1.654,1.441,0.214,0.786,0.810,0.700
1770,59.000,324.834,0.000,-27.490,0.000,2,1,0,324.834,2.058,3,0,0.931,3,67.882,4200.775,1.000,0.479,2.413,0.723,1.479,0.206,0.212,0.788,0.810,0.700
1773,59.100,319.877,0.000,-4.957,0.000,1,1,0,0.000,2.449,3,0,0.931,2,0.000,299.564,1.000,0.479,2.905,0.824,1.202,1.535,0.233,0.767,0.705,0.650
1776,59.200,4.123,42.154,-315.753,35.083,2,1,1,294.959,2.355,3,0,0.931,3,0.000,297.688,1.000,0.487,1.588,0.781,0.982,0.378,0.161,0.839,0.769,0.650
1779,59.300,325.380,0.000,317.570,0.000,2,1,0,325.380,2.186,3,0,0.931,3,0.000,250.270,1.000,0.487,2.360,0.692,0.870,2.166,0.202,0.798,0.811,0.550
1782,59.400,327.136,0.000,1.756,0.000,1,1,0,0.000,2.500,3,0,0.931,2,0.000,230.347,1.000,0.487,2.214,0.627,0.764,1.480,0.193,0.807,0.701,0.650
1785,59.500,2.000,0.000,-325.136,0.000,1,1,0,0.000,2.235,3,0,0.931,2,50.220,257.288,1.000,0.487,2.170,0.723,0.682,3.077,0.207,0.793,0.455,0.580
1788,59.600,5.099,296.978,3.099,254.824,2,1,1,8.944,2.065,3,0,0.931,4,58.310,332.107,1.000,0.479,2.117,0.730,0.561,1.035,0.199,0.801,0.802,0.650
1791,59.700,3.000,0.000,-2.099,0.000,1,1,0,0.000,1.897,3,0,0.931,2,50.695,336.545,1.000,0.479,2.660,0.832,0.493,1.144,0.219,0.781,0.465,0.650
1794,59.800,5.000,0.000,2.000,0.000,1,1,0,0.000,1.819,3,0,0.931,2,0.000,362.265,1.000,0.479,3.756,0.879,0.384,0.546,0.246,0.754,0.500,0.580
1797,59.900,0.000,332.688,0.000,323.201,2,0,1,332.688,1.651,3,0,0.931,4,0.000,331.580,1.000,0.470,2.431,0.701,0.164,1.640,0.214,0.786,0.812,0.650
1800,60.000,5.099,19.209,0.099,-313.478,2,1,1,324.460,1.763,3,0,0.931,4,0.000,316.325,1.000,0.470,2.374,0.747,0.264,0.452,0.192,0.808,0.664,0.580
1803,60.100,0.000,327.947,0.000,308.737,1,0,1,0.000,1.534,3,0,0.931,1,10.817,311.665,1.000,0.470,1.235,0.594,0.612,2.086,0.139,0.861,0.619,0.650
1806,60.200,0.000,4.123,0.000,-323.824,1,0,1,0.000,1.463,3,0,0.931,2,0.000,285.004,1.000,0.479,1.539,0.607,0.536,0.758,0.145,0.855,0.459,0.580
1809,60.300,341.533,8.062,336.434,3.939,2,1,1,356.275,1.644,3,0,0.931,3,216.012,1264.794,1.000,0.462,1.564,0.455,0.304,2.123,0.147,0.853,0.807,0.750
1812,60.400,350.892,0.000,9.358,0.000,1,1,0,0.000,1.707,3,0,0.931,2,0.000,1264.194,1.000,0.462,1.547,0.687,0.350,0.370,0.181,0.819,0.681,0.650
1815,60.500,0.000,3.162,0.000,-4.900,1,0,1,0.000,1.086,3,0,0.966,2,0.000,1273.584,1.000,0.462,2.764,0.758,0.202,0.204,0.226,0.774,0.474,0.580
1818,60.600,0.000,3.606,0.000,-1.394,2,0,1,3.606,1.259,3,0,0.966,4,0.000,1239.580,1.000,0.453,1.627,0.722,0.124,0.476,0.169,0.831,0.560,0.650
1821,60.700,10.000,0.000,-340.892,0.000,1,1,0,0.000,1.468,3,0,1.000,2,0.000,1201.939,1.000,0.444,2.838,0.725,0.186,0.928,0.212,0.788,0.516,0.650
1824,60.800,345.880,0.000,340.880,0.000,2,1,0,345.880,1.756,3,0,1.000,3,0.000,1196.169,1.000,0.435,2.442,0.868,0.080,0.464,0.227,0.773,0.800,0.650
1827,60.900,336.001,339.330,-9.879,335.725,2,1,1,331.103,1.926,3,0,1.000,4,0.000,1193.957,1.000,0.435,3.029,0.910,0.164,0.264,0.248,0.752,0.812,0.500
1830,61.000,0.000,331.803,0.000,-7.528,1,0,1,0.000,1.168,3,0,1.000,2,0.000,1144.744,1.000,0.435,2.056,0.804,0.086,0.410,0.233,0.767,0.685,0.650
1833,61.100,15.000,4.472,-321.001,-327.331,2,1,1,6.403,1.763,3,0,1.000,4,67.067,233.638,1.000,0.426,1.313,0.703,0.166,0.619,0.164,0.836,0.617,0.650
1836,61.200,19.105,0.000,4.105,0.000,1,1,0,0.000,2.087,3,0,1.000,2,68.949,351.185,1.000,0.435,2.151,0.657,0.162,0.322,0.174,0.826,0.554,0.650
1839,61.300,0.000,309.128,0.000,296.921,2,0,1,309.128,1.567,3,0,1.000,4,69.570,450.360,1.000,0.426,1.498,0.806,0.246,2.540,0.160,0.840,0.781,0.650
1842,61.400,0.000,311.238,0.000,2.110,1,0,1,0.000,1.933,3,0,1.000,2,0.000,430.685,1.000,0.426,1.784,0.632,0.731,1.946,0.181,0.819,0.690,0.650
1845,61.500,26.926,0.000,7.821,0.000,1,1,0,0.000,2.384,3,0,1.000,2,75.000,508.194,1.000,0.435,2.041,0.802,0.965,0.736,0.187,0.813,0.584,0.580
1848,61.600,0.000,5.000,0.000,-306.238,1,0,1,0.000,1.918,3,0,1.000,2,0.000,496.944,1.000,0.435,1.902,0.825,1.080,0.449,0.185,0.815,0.458,0.580
1851,61.700,0.000,15.297,0.000,8.226,2,0,1,15.297,1.870,3,0,1.000,4,35.468,446.469,1.000,0.426,1.536,0.341,0.696,1.028,0.149,0.851,0.650,0.650
1854,61.800,26.907,9.000,-0.019,-6.297,2,1,1,11.180,2.349,3,0,1.000,4,0.000,380.824,1.000,0.426,0.782,0.298,0.511,1.026,0.084,0.916,0.698,0.580
1857,61.900,0.000,7.810,0.000,-1.190,1,0,1,0.000,1.954,3,0,1.000,2,46.098,401.050,1.000,0.426,1.255,0.555,0.517,0.956,0.105,0.895,0.476,0.650
1860,62.000,15.033,0.000,-11.874,0.000,1,1,0,0.000,2.493,3,0,1.000,2,0.000,318.104,1.000,0.426,1.940,0.751,0.411,1.131,0.210,0.790,0.519,0.580
1863,62.100,0.000,307.391,0.000,299.580,1,0,1,0.000,1.760,3,0,1.000,2,0.000,318.104,1.000,0.435,1.679,0.851,0.524,2.034,0.169,0.831,0.672,0.550
1866,62.200,0.000,14.036,0.000,-293.355,1,0,1,0.000,2.013,3,0,1.000,2,0.000,318.104,1.000,0.435,2.187,0.923,0.393,0.867,0.217,0.783,0.508,0.580
1869,62.300,0.000,9.899,0.000,-4.136,1,0,1,0.000,1.712,3,0,1.000,2,0.000,318.104,1.000,0.444,2.670,0.907,0.591,0.654,0.243,0.757,0.498,0.580
1872,62.400,9.220,0.000,-5.814,0.000,1,1,0,0.000,2.458,3,0,1.000,2,0.000,234.370,1.000,0.435,1.843,0.772,0.574,0.537,0.203,0.797,0.483,0.580
1875,62.500,0.000,0.000,-9.220,0.000,1,1,0,0.000,2.401,3,0,1.000,2,0.000,235.779,1.000,0.435,1.370,0.620,0.747,1.465,0.164,0.836,0.431,0.580
1878,62.600,12.042,17.117,12.042,7.218,2,1,1,326.559,2.280,3,0,1.000,4,193.786,957.598,1.000,0.435,1.457,0.820,0.802,0.101,0.168,0.832,0.624,0.750
1881,62.700,12.369,20.809,0.328,3.691,2,1,1,295.447,2.549,3,0,1.000,4,0.000,961.218,1.000,0.426,1.504,0.752,0.667,1.750,0.193,0.807,0.651,0.580
1884,62.800,7.211,28.302,-5.158,7.493,2,1,1,324.524,2.362,3,0,1.000,4,79.310,1034.990,1.000,0.426,2.133,0.808,0.690,1.105,0.231,0.769,0.704,0.580
1887,62.900,7.810,19.235,0.599,-9.067,2,1,1,346.717,1.890,3,0,1.000,3,55.946,1134.905,1.000,0.426,1.432,0.559,0.503,0.310,0.135,0.865,0.654,0.580
1890,63.000,13.601,0.000,5.791,0.000,1,1,0,0.000,1.928,3,0,1.000,2,44.721,1154.848,1.000,0.426,1.989,0.921,0.475,0.302,0.235,0.765,0.501,0.650
1893,63.100,392.868,0.000,374.429,0.000,2,1,0,392.868,2.173,3,0,1.000,3,0.000,1250.394,1.000,0.426,3.508,0.870,0.449,0.187,0.271,0.729,0.827,0.650
1896,63.200,400.810,0.000,3.852,0.000,2,1,0,400.810,2.410,3,0,1.000,3,0.000,1299.258,1.000,0.426,4.394,0.825,0.359,1.102,0.272,0.728,0.852,0.350
1899,63.300,35.805,355.490,-365.005,336.254,2,1,1,425.837,2.115,3,0,1.000,3,0.000,1289.287,1.000,0.426,6.969,0.818,0.006,0.181,0.293,0.707,0.917,0.500
1902,63.400,0.000,438.180,0.000,436.180,2,0,1,438.180,1.842,3,0,1.000,3,0.000,1289.617,1.000,0.426,10.828,0.855,0.783,0.016,0.298,0.702,0.940,0.500
1905,63.500,443.402,0.000,407.597,0.000,1,1,0,0.000,2.210,3,0,1.000,2,0.000,1291.327,1.000,0.435,12.446,0.823,1.830,0.007,0.297,0.703,0.832,0.700
1908,63.600,41.437,0.000,-401.965,0.000,1,1,0,0.000,2.259,3,0,1.000,2,0.000,1249.567,1.000,0.435,11.851,0.759,3.276,0.036,0.299,0.701,0.817,0.700
1911,63.700,24.515,0.000,-16.921,0.000,1,1,0,0.000,2.140,3,0,1.000,2,17.000,502.799,1.000,0.435,13.822,0.699,4.462,0.136,0.299,0.701,0.727,0.700
1914,63.800,38.000,0.000,13.485,0.000,1,1,0,0.000,1.863,3,0,1.000,2,0.000,482.624,1.000,0.435,13.667,0.808,6.477,0.420,0.289,0.711,0.795,0.700
1917,63.900,0.000,421.545,0.000,-16.636,1,0,1,0.000,2.119,4,1,0.966,3,72.007,391.087,1.000,0.435,13.568,0.123,7.562,2.668,0.349,0.651,0.996,0.750
1920,64.000,163.368,42.202,125.368,-379.343,2,1,1,241.661,1.840,4,0,0.966,5,0.000,659.409,1.000,0.435,10.363,0.745,11.223,0.169,0.304,0.696,1.000,0.700
1923,64.100,27.166,5.385,-136.202,-36.817,2,1,1,230.541,1.571,4,0,0.966,5,0.000,644.625,1.000,0.417,13.035,0.822,12.567,0.253,0.293,0.707,0.943,0.700
1926,64.200,13.892,3.162,-13.274,-2.223,2,1,1,222.036,1.374,3,1,0.931,4,0.000,619.119,1.000,0.408,9.252,0.858,14.525,0.062,0.283,0.717,0.767,0.750
1929,64.300,8.000,9.000,-5.892,5.838,2,1,1,222.991,1.521,3,0,0.931,4,0.000,548.124,1.000,0.399,8.621,0.924,16.208,0.134,0.272,0.728,0.735,0.700
1932,64.400,7.616,14.036,-0.384,5.036,2,1,1,229.120,1.184,3,0,0.931,4,0.000,487.888,1.000,0.399,9.408,0.950,16.745,0.166,0.277,0.723,0.761,0.700
1935,64.500,9.487,5.385,1.871,-8.651,2,1,1,225.000,1.041,4,1,0.897,5,0.000,447.545,1.000,0.399,8.723,0.966,17.759,0.003,0.282,0.718,0.835,0.750
1938,64.600,8.544,9.220,-0.943,3.834,2,1,1,225.683,0.842,4,0,0.897,5,76.942,1177.269,1.000,0.389,7.536,0.974,18.882,0.158,0.280,0.720,0.821,0.700
1941,64.700,9.220,7.211,0.676,-2.008,2,1,1,228.950,0.858,4,0,0.897,5,0.000,1791.244,1.000,0.379,5.328,0.913,13.489,0.035,0.264,0.736,0.771,0.700
1944,64.800,13.454,5.385,4.234,-1.826,2,1,1,227.882,0.639,3,1,0.862,4,0.000,2322.885,1.000,0.379,3.855,0.815,9.363,0.036,0.237,0.763,0.664,0.750
1947,64.900,5.000,2.828,-8.454,-2.557,2,1,1,229.157,0.726,3,0,0.862,4,0.000,2500.294,1.000,0.379,2.712,0.941,5.255,0.122,0.223,0.777,0.580,0.700
1950,65.000,29.833,4.243,24.833,1.414,2,1,1,209.774,0.537,3,0,0.862,4,62.032,2670.449,1.000,0.369,2.811,0.953,2.594,0.040,0.230,0.770,0.719,0.700
1953,65.100,0.000,8.062,0.000,3.820,1,0,1,0.000,0.463,3,0,0.862,2,126.036,2605.379,1.000,0.369,2.420,0.881,1.525,0.193,0.212,0.788,0.484,0.700
1956,65.200,0.000,5.385,0.000,-2.677,1,0,1,0.000,0.588,3,0,0.862,2,129.097,2584.304,1.000,0.369,3.579,0.845,0.998,1.030,0.223,0.777,0.500,0.717
1959,65.300,0.000,6.325,0.000,0.939,1,0,1,0.000,0.658,3,0,0.862,2,125.718,2462.469,1.000,0.369,3.587,0.811,0.544,0.756,0.228,0.772,0.508,0.698
1962,65.400,0.000,8.062,0.000,1.738,1,0,1,0.000,0.662,3,0,0.862,2,123.976,2454.714,1.000,0.369,4.105,0.860,0.212,0.196,0.250,0.750,0.527,0.689
1965,65.500,0.000,5.831,0.000,-2.231,1,0,1,0.000,0.619,3,0,0.862,2,88.023,2699.784,1.000,0.379,3.188,0.927,0.073,0.152,0.242,0.758,0.487,0.580
1968,65.600,0.000,9.487,0.000,3.656,1,0,1,0.000,0.605,3,0,0.862,2,84.024,2883.118,1.000,0.379,2.897,0.830,0.292,0.317,0.239,0.761,0.507,0.580
1971,65.700,0.000,6.325,0.000,-3.162,1,0,1,0.000,0.540,3,0,0.862,2,117.175,2763.275,1.000,0.389,2.722,0.802,0.591,0.592,0.233,0.767,0.487,0.651
1974,65.800,0.000,12.649,0.000,6.325,1,0,1,0.000,0.540,3,0,0.862,2,0.000,2648.620,1.000,0.389,2.654,0.921,0.841,0.227,0.241,0.759,0.512,0.580
1977,65.900,0.000,13.601,0.000,0.952,1,0,1,0.000,0.496,3,0,0.862,2,0.000,2503.935,1.000,0.399,3.586,0.899,1.104,0.100,0.254,0.746,0.542,0.580
1980,66.000,0.000,17.029,0.000,3.428,1,0,1,0.000,0.434,4,1,0.828,3,121.413,2030.534,1.000,0.399,4.673,0.852,1.507,0.244,0.233,0.767,0.707,0.750
1983,66.100,0.000,7.071,0.000,-9.958,1,0,1,0.000,0.350,4,0,0.828,3,0.000,1954.397,1.000,0.408,3.347,0.832,2.016,0.622,0.242,0.758,0.620,0.700
1986,66.200,0.000,317.416,0.000,308.472,2,0,1,317.416,0.664,4,0,0.828,5,0.000,1853.484,1.000,0.399,4.117,0.693,2.536,0.299,0.260,0.740,0.954,0.700
1989,66.300,74.465,0.000,44.632,0.000,1,1,0,0.000,0.453,3,1,0.793,2,0.000,1838.499,1.000,0.408,3.840,0.698,2.718,0.344,0.262,0.738,0.737,0.750
1992,66.400,9.055,329.314,-65.409,11.898,2,1,1,333.588,0.943,3,0,0.793,4,0.000,1796.185,1.000,0.408,3.392,0.531,2.312,1.400,0.224,0.776,0.848,0.700
1995,66.500,17.117,16.125,8.062,-313.190,2,1,1,332.962,0.987,3,0,0.793,4,0.000,1674.999,1.000,0.408,4.116,0.496,1.792,0.168,0.223,0.777,0.713,0.700
1998,66.600,20.616,27.019,3.498,10.894,2,1,1,361.581,0.998,4,1,0.759,5,112.379,1708.969,1.000,0.408,5.700,0.561,1.458,0.098,0.244,0.756,0.903,0.750
2001,66.700,25.179,0.000,4.564,0.000,1,1,0,0.000,0.808,4,0,0.759,2,0.000,1438.744,1.000,0.417,10.060,0.520,1.157,0.034,0.283,0.717,0.813,0.650
2004,66.800,46.098,104.738,20.918,77.719,2,1,1,392.311,0.987,4,0,0.793,5,0.000,2273.615,1.000,0.417,9.668,0.567,0.907,1.912,0.288,0.712,1.000,0.650
2007,66.900,0.000,377.202,0.000,272.464,1,0,1,0.000,1.221,3,1,0.759,2,0.000,2159.220,1.000,0.417,11.221,0.642,0.670,0.434,0.311,0.689,0.845,0.750
2010,67.000,0.000,77.666,0.000,21.952,2,0,1,77.666,1.145,3,0,0.759,4,0.000,2296.500,1.000,0.417,13.904,0.496,0.412,0.436,0.278,0.722,0.965,0.650
2013,67.100,0.000,0.000,0.000,0.000,0,0,0,0.000,0.000,3,0,0.793,0,0.000,2296.500,0.967,0.417,14.056,0.196,0.048,1.460,0.317,0.683,0.372,0.650
2016,67.200,213.084,579.871,166.987,502.205,2,1,1,752.152,1.341,3,0,0.793,3,182.332,3097.904,0.967,0.410,1.142,0.811,0.489,2.168,0.163,0.837,0.768,0.750
2019,67.300,22.472,16.155,-190.612,-563.715,2,1,1,755.440,1.248,3,0,0.793,3,182.332,3097.904,0.967,0.410,2.059,0.905,0.661,1.253,0.211,0.789,0.659,0.750
2022,67.400,19.799,64.514,-2.673,48.358,2,1,1,722.468,1.409,3,0,0.828,4,182.332,3097.904,0.967,0.400,4.959,0.900,0.875,0.339,0.262,0.738,0.857,0.750
2025,67.500,0.000,635.645,0.000,583.607,2,0,1,635.645,1.502,3,0,0.828,4,0.000,3620.144,0.967,0.391,2.982,0.137,1.362,1.953,0.212,0.788,0.861,0.550
2028,67.600,0.000,582.658,0.000,-52.988,1,0,1,0.000,1.581,3,0,0.828,2,0.000,3620.144,0.967,0.391,4.919,0.355,2.014,1.669,0.252,0.748,0.784,0.700
2031,67.700,0.000,17.117,0.000,-565.540,1,0,1,0.000,1.624,3,0,0.862,2,0.000,3620.144,0.967,0.391,5.161,0.423,3.798,0.677,0.232,0.768,0.631,0.700
2034,67.800,0.000,8.062,0.000,-9.055,1,0,1,0.000,1.595,3,0,0.862,2,167.631,3486.210,0.967,0.391,6.943,0.713,4.947,1.794,0.271,0.729,0.604,0.750
2037,67.900,0.000,0.000,0.000,0.000,0,0,0,0.000,0.000,3,0,0.862,0,167.631,3486.210,0.933,0.391,5.127,0.859,5.282,0.168,0.275,0.725,0.250,0.750
2040,68.000,0.000,0.000,0.000,0.000,0,0,0,0.000,0.000,3,0,0.862,0,167.631,3486.210,0.900,0.391,4.977,0.842,5.601,0.193,0.272,0.728,0.243,0.750
2043,68.100,0.000,0.000,0.000,0.000,0,0,0,0.000,0.000,3,0,0.862,0,167.631,3486.210,0.867,0.391,5.210,0.808,5.519,0.855,0.266,0.734,0.248,0.750
2046,68.200,251.734,0.000,231.935,0.000,1,1,0,0.000,1.221,3,0,0.862,2,0.000,3349.969,0.867,0.352,5.725,0.858,4.105,0.022,0.274,0.726,0.757,0.700
2049,68.300,0.000,0.000,0.000,0.000,0,0,0,0.000,0.000,3,0,0.862,0,0.000,3349.969,0.833,0.352,5.759,0.892,1.368,0.027,0.280,0.720,0.252,0.650
2052,68.400,51.865,0.000,-199.869,0.000,1,1,0,0.000,1.050,4,1,0.828,2,19.105,3075.784,0.833,0.353,6.397,0.707,0.782,0.152,0.283,0.717,0.850,0.750
2055,68.500,18.028,0.000,-33.837,0.000,1,1,0,0.000,1.163,4,0,0.828,2,38.910,2818.945,0.833,0.362,4.855,0.880,0.340,0.039,0.275,0.725,0.650,0.580
2058,68.600,10.000,0.000,-8.028,0.000,1,1,0,0.000,1.252,4,0,0.828,2,0.000,2524.154,0.833,0.362,5.428,0.839,0.107,0.084,0.278,0.722,0.623,0.580
2061,68.700,16.763,0.000,6.763,0.000,1,1,0,0.000,1.595,3,1,0.793,2,0.000,2351.964,0.833,0.371,4.064,0.956,0.427,0.131,0.270,0.730,0.548,0.750
2064,68.800,26.420,0.000,9.657,0.000,1,1,0,0.000,1.233,3,0,0.793,2,49.820,2390.944,0.833,0.371,5.158,0.821,0.341,0.329,0.287,0.713,0.638,0.580
2067,68.900,0.000,344.571,0.000,336.508,1,0,1,0.000,1.494,3,0,0.828,2,89.320,2129.279,0.833,0.371,4.536,0.876,0.278,0.751,0.257,0.743,0.722,0.500
2070,69.000,32.016,0.000,5.596,0.000,1,1,0,0.000,1.452,3,0,0.828,2,44.283,1918.888,0.833,0.380,3.502,0.785,0.311,0.752,0.227,0.773,0.630,0.500
2073,69.100,7.616,0.000,-24.400,0.000,1,1,0,0.000,1.735,3,0,0.828,2,33.526,835.980,0.833,0.380,2.091,0.793,0.270,1.868,0.223,0.777,0.459,0.580
2076,69.200,38.910,0.000,31.294,0.000,1,1,0,0.000,1.728,3,0,0.862,2,20.100,453.740,0.833,0.388,2.577,0.842,0.345,0.123,0.236,0.764,0.642,0.450
2079,69.300,42.012,0.000,3.102,0.000,1,1,0,0.000,1.757,3,0,0.862,2,0.000,569.050,0.833,0.388,3.103,0.280,0.408,2.529,0.160,0.840,0.711,0.550
2082,69.400,24.739,278.469,-17.273,-66.102,2,1,1,340.824,1.582,3,0,0.862,4,0.000,1011.704,0.833,0.397,3.860,0.704,0.530,1.691,0.181,0.819,0.827,0.650
2085,69.500,6.325,27.166,-18.414,-251.303,2,1,1,324.569,1.590,3,0,0.897,4,0.000,1245.357,0.833,0.388,2.002,0.672,0.590,0.430,0.165,0.835,0.684,0.580
2088,69.600,17.000,11.402,10.675,-15.764,2,1,1,330.926,1.760,3,0,0.897,4,0.000,1530.287,0.833,0.388,1.788,0.890,0.661,1.006,0.182,0.818,0.607,0.580
2091,69.700,29.155,5.831,12.155,-5.571,2,1,1,359.611,2.033,3,0,0.897,4,0.000,1947.364,0.833,0.388,2.624,0.873,0.709,0.245,0.211,0.789,0.696,0.580
2094,69.800,3.606,8.544,-25.549,2.713,2,1,1,371.131,1.761,3,0,0.931,4,0.000,2329.414,0.833,0.388,1.649,0.818,0.704,2.665,0.163,0.837,0.561,0.580
2097,69.900,8.544,13.601,4.938,5.057,2,1,1,376.502,1.554,3,0,0.931,4,0.000,2295.339,0.833,0.379,1.351,0.660,0.725,0.118,0.131,0.869,0.593,0.580
2100,70.000,16.492,14.318,7.948,0.716,2,1,1,375.666,1.617,3,0,0.931,4,0.000,2376.195,0.833,0.379,1.445,0.270,0.779,0.826,0.118,0.882,0.639,0.580
2103,70.100,1.414,19.209,-15.078,4.892,2,1,1,394.771,1.529,3,0,0.931,3,195.420,4211.625,0.867,0.388,2.178,0.639,0.846,0.036,0.151,0.849,0.650,0.750
2106,70.200,10.296,22.361,8.881,3.151,2,1,1,405.889,1.201,3,0,0.931,4,0.000,4399.069,0.867,0.379,2.344,0.673,1.316,0.236,0.163,0.837,0.670,0.580
2109,70.300,11.045,17.117,0.750,-5.243,2,1,1,410.878,1.031,3,0,0.931,4,21.190,4325.365,0.867,0.410,2.345,0.605,1.949,0.065,0.176,0.824,0.645,0.700
2112,70.400,14.422,0.000,3.377,0.000,1,1,0,0.000,0.906,3,0,0.931,2,21.954,4246.068,0.867,0.417,3.250,0.778,3.049,0.047,0.216,0.784,0.531,0.700
2115,70.500,2.236,0.000,-12.186,0.000,1,1,0,0.000,1.069,3,0,0.931,2,0.000,4250.289,0.867,0.417,2.456,0.662,3.069,1.253,0.171,0.829,0.451,0.700
2118,70.600,6.708,0.000,4.472,0.000,1,1,0,0.000,1.437,3,0,0.931,2,0.000,4208.638,0.867,0.417,2.411,0.348,3.490,1.301,0.133,0.867,0.497,0.700
2121,70.700,0.000,391.778,0.000,374.661,1,0,1,0.000,1.123,3,0,0.931,2,0.000,4116.168,0.867,0.417,3.018,0.497,2.346,0.494,0.206,0.794,0.715,0.700
2124,70.800,0.000,7.280,0.000,-384.498,1,0,1,0.000,0.896,5,1,0.897,2,47.381,3988.598,0.867,0.417,2.492,0.567,1.912,0.430,0.198,0.802,0.539,0.750
2127,70.900,15.652,0.000,8.944,0.000,1,1,0,0.000,1.073,5,0,0.897,2,0.000,3811.094,0.900,0.417,3.064,0.452,1.841,1.659,0.183,0.817,0.612,0.700
2130,71.000,1.414,0.000,-14.238,0.000,1,1,0,0.000,1.295,5,0,0.897,2,36.620,1344.824,0.933,0.417,3.063,0.517,1.812,0.056,0.193,0.807,0.532,0.700
2133,71.100,8.602,0.000,7.188,0.000,1,1,0,0.000,1.187,3,1,0.862,2,34.828,1360.798,0.967,0.417,2.523,0.620,1.425,2.950,0.219,0.781,0.503,0.750
2136,71.200,2.236,0.000,-6.366,0.000,1,1,0,0.000,1.241,3,0,0.862,2,40.311,159.769,0.967,0.417,1.775,0.866,1.128,0.023,0.200,0.800,0.432,0.580
2139,71.300,4.472,0.000,2.236,0.000,1,1,0,0.000,1.189,3,0,0.897,1,2.236,159.439,1.000,0.417,1.326,0.867,1.048,0.361,0.183,0.817,0.377,0.580
2142,71.400,8.062,0.000,3.590,0.000,1,1,0,0.000,1.201,5,1,0.862,4,43.829,190.838,1.000,0.417,2.078,0.607,0.869,0.352,0.176,0.824,0.618,0.750
2145,71.500,8.944,0.000,0.882,0.000,1,1,0,0.000,0.996,5,0,0.862,4,85.703,355.430,1.000,0.417,3.437,0.579,0.652,0.724,0.174,0.826,0.659,0.580
2148,71.600,7.211,0.000,-1.733,0.000,1,1,0,0.000,0.931,5,0,0.897,4,63.640,515.744,1.000,0.417,2.973,0.622,0.378,1.733,0.178,0.822,0.635,0.580
2151,71.700,2.236,0.000,-4.975,0.000,1,1,0,0.000,0.946,4,0,0.897,2,63.561,581.077,1.000,0.417,2.156,0.357,0.196,1.837,0.154,0.846,0.551,0.580
2154,71.800,2.236,0.000,0.000,0.000,1,1,0,0.000,0.986,4,0,0.897,2,75.166,623.880,1.000,0.426,2.545,0.701,0.112,0.453,0.162,0.838,0.537,0.580
2157,71.900,6.403,0.000,4.167,0.000,1,1,0,0.000,1.189,4,0,0.897,2,76.662,647.479,1.000,0.426,1.634,0.824,0.089,0.168,0.150,0.850,0.529,0.580
2160,72.000,0.000,0.000,0.000,0.000,0,0,0,0.000,0.000,4,0,0.897,0,76.662,647.479,0.967,0.426,1.913,0.571,0.077,1.174,0.115,0.885,0.294,0.650
2163,72.100,0.000,0.000,0.000,0.000,0,0,0,0.000,0.000,4,0,0.897,0,76.662,647.479,0.933,0.426,5.055,0.540,0.135,0.666,0.198,0.802,0.371,0.580
2166,72.200,0.000,0.000,0.000,0.000,0,0,0,0.000,0.000,4,0,0.897,0,76.662,647.479,0.900,0.426,2.117,0.373,0.370,1.414,0.122,0.878,0.305,0.580
2169,72.300,58.138,0.000,51.735,0.000,1,1,0,0.000,1.164,4,0,0.897,3,0.000,597.180,0.900,0.388,3.953,0.840,0.228,1.420,0.205,0.795,0.833,0.650
2172,72.400,0.000,0.000,0.000,0.000,0,0,0,0.000,0.000,4,0,0.897,0,0.000,597.180,0.867,0.388,3.954,0.757,0.448,0.556,0.219,0.781,0.320,0.650
2175,72.500,0.000,299.962,0.000,292.682,1,0,1,0.000,0.955,4,0,0.897,3,0.000,641.874,0.867,0.388,3.863,0.785,0.732,1.101,0.252,0.748,0.831,0.650
2178,72.600,0.000,32.000,0.000,-267.962,1,0,1,0.000,1.088,5,0,0.897,4,0.000,969.625,0.867,0.388,6.107,0.840,0.671,0.388,0.271,0.729,0.820,0.450
2181,72.700,0.000,16.401,0.000,-15.599,1,0,1,0.000,1.303,5,0,0.897,4,0.000,1144.799,0.867,0.388,4.198,0.822,1.035,0.522,0.254,0.746,0.687,0.580
2184,72.800,0.000,32.062,0.000,15.661,1,0,1,0.000,1.362,5,0,0.897,4,0.000,1445.787,0.867,0.388,5.085,0.907,1.379,0.464,0.267,0.733,0.790,0.350
2187,72.900,0.000,41.012,0.000,8.950,1,0,1,0.000,1.515,4,0,0.897,3,0.000,1719.669,0.867,0.388,4.164,0.897,1.755,0.379,0.267,0.733,0.808,0.700
2190,73.000,0.000,25.710,0.000,-15.302,1,0,1,0.000,1.418,4,0,0.897,3,0.000,1698.238,0.867,0.388,3.713,0.823,2.088,0.622,0.252,0.748,0.717,0.700
2193,73.100,189.180,19.026,131.042,-6.684,2,1,1,532.350,1.328,4,0,0.897,6,193.536,2042.318,0.867,0.370,3.650,0.618,1.891,1.561,0.214,0.786,0.932,0.750
2196,73.200,98.615,24.839,-90.564,5.813,2,1,1,412.284,1.555,5,0,0.897,6,31.385,1954.394,0.867,0.352,3.507,0.512,1.866,0.196,0.207,0.793,0.936,0.700
2199,73.300,61.351,6.708,-37.264,-18.131,2,1,1,356.787,1.576,5,0,0.897,6,92.098,1861.014,0.867,0.323,3.336,0.766,2.025,0.784,0.217,0.783,0.914,0.700
2202,73.400,37.336,59.034,-24.015,52.326,2,1,1,366.980,1.386,5,0,0.897,6,39.661,1676.938,0.867,0.323,4.369,0.865,2.106,0.318,0.229,0.771,0.933,0.700
2205,73.500,14.866,17.205,-22.470,-41.829,2,1,1,346.013,1.507,4,0,0.897,6,39.825,1563.789,0.867,0.313,2.180,0.808,2.558,0.231,0.193,0.807,0.728,0.700
2208,73.600,16.643,12.000,1.777,-5.205,2,1,1,362.442,1.541,4,0,0.897,6,107.564,1420.194,0.867,0.327,2.937,0.614,2.580,0.591,0.162,0.838,0.757,0.700
2211,73.700,21.840,18.028,5.197,6.028,2,1,1,363.373,1.605,4,0,0.931,6,0.000,1072.489,0.867,0.324,2.644,0.382,1.367,1.093,0.163,0.837,0.795,0.350
2214,73.800,41.231,18.439,19.391,0.411,2,1,1,311.178,1.675,4,0,0.931,4,34.205,1030.824,0.867,0.324,4.989,0.419,1.474,0.811,0.159,0.841,0.958,0.700
2217,73.900,15.652,11.180,-25.579,-7.259,2,1,1,298.242,1.619,4,0,0.931,4,99.323,1274.119,0.867,0.324,2.004,0.551,1.340,1.411,0.132,0.868,0.733,0.552
2220,74.000,25.495,34.176,9.843,22.996,2,1,1,299.536,1.548,4,0,0.966,4,0.000,1268.919,0.867,0.324,3.470,0.290,1.083,2.648,0.143,0.857,0.890,0.550
2223,74.100,30.806,21.471,5.311,-12.705,2,1,1,313.790,1.663,5,0,0.966,6,93.600,1297.080,0.867,0.311,1.950,0.465,0.966,3.130,0.112,0.888,0.821,0.550
2226,74.200,12.166,27.659,-18.640,6.188,2,1,1,286.400,1.771,5,0,0.966,6,72.560,1686.200,0.867,0.311,1.552,0.562,0.366,1.835,0.110,0.890,0.787,0.550
2229,74.300,32.894,20.025,20.728,-7.634,2,1,1,325.853,1.853,5,0,1.000,6,65.000,1667.398,0.867,0.311,4.017,0.207,0.113,1.357,0.132,0.868,0.903,0.550
2232,74.400,3.000,13.928,-29.894,-6.097,2,1,1,329.237,1.795,4,0,1.000,6,0.000,1646.184,0.867,0.311,2.614,0.726,0.132,1.187,0.153,0.847,0.726,0.450
2235,74.500,14.213,9.899,11.213,-4.029,2,1,1,326.216,1.589,4,0,1.000,6,0.000,1281.434,0.867,0.311,4.158,0.503,0.327,1.142,0.100,0.900,0.782,0.350
2238,74.600,20.616,2.236,6.403,-7.663,2,1,1,306.726,1.571,4,0,1.000,6,108.259,1090.200,0.867,0.311,1.844,0.676,0.318,1.849,0.090,0.910,0.747,0.601
2241,74.700,18.788,37.202,-1.827,34.966,2,1,1,354.990,1.684,4,0,1.000,6,32.249,1268.644,0.867,0.311,4.707,0.149,0.453,0.594,0.147,0.853,0.948,0.550
2244,74.800,24.698,26.306,5.910,-10.896,2,1,1,344.819,1.774,4,0,1.000,5,22.561,1544.048,0.867,0.324,4.131,0.766,0.484,1.883,0.154,0.846,0.830,0.550
2247,74.900,28.160,14.000,3.462,-12.306,2,1,1,342.077,1.419,4,0,1.000,5,150.765,1709.775,0.867,0.311,3.653,0.589,0.498,0.107,0.124,0.876,0.841,0.750
2250,75.000,15.133,13.928,-13.028,-0.072,2,1,1,341.397,1.490,4,0,1.000,5,58.310,2241.754,0.900,0.311,1.462,0.262,0.792,1.327,0.121,0.879,0.740,0.550
2253,75.100,5.000,7.071,-10.133,-6.857,2,1,1,343.105,1.244,4,0,1.000,5,48.384,2318.420,0.933,0.311,2.001,0.366,0.885,0.609,0.124,0.876,0.706,0.580
2256,75.200,10.000,2.000,5.000,-5.071,2,1,1,334.175,1.186,4,0,1.000,5,58.600,2454.759,0.967,0.311,1.940,0.563,0.819,0.768,0.147,0.853,0.711,0.580
2259,75.300,6.708,16.763,-3.292,14.763,2,1,1,351.336,1.200,4,0,1.000,5,46.098,2770.784,0.967,0.311,2.701,0.641,0.956,0.415,0.173,0.827,0.762,0.350
2262,75.400,3.162,8.944,-3.546,-7.819,2,1,1,363.407,1.180,4,0,1.000,5,50.537,3042.279,1.000,0.324,1.970,0.625,1.143,2.649,0.179,0.821,0.705,0.580
2265,75.500,1.414,3.162,-1.748,-5.782,2,1,1,367.120,0.889,4,0,1.000,5,173.416,3277.379,1.000,0.324,1.917,0.706,0.906,0.404,0.182,0.818,0.666,0.750
2268,75.600,1.000,14.866,-0.414,11.704,2,1,1,382.906,0.863,4,0,1.000,5,0.000,3422.844,1.000,0.324,1.406,0.663,0.976,0.372,0.165,0.835,0.721,0.000
2271,75.700,12.083,29.069,11.083,14.203,2,1,1,419.440,0.973,4,0,1.000,5,76.896,3686.975,1.000,0.324,2.881,0.588,0.839,2.159,0.188,0.812,0.842,0.550
2274,75.800,3.000,15.524,-9.083,-13.545,2,1,1,432.030,1.046,4,0,1.000,5,24.166,3795.994,1.000,0.324,2.277,0.576,0.515,0.064,0.181,0.819,0.753,0.350
2277,75.900,2.236,11.705,-0.764,-3.819,2,1,1,439.090,1.040,4,0,1.000,5,260.946,4434.979,1.000,0.324,1.197,0.755,0.610,1.957,0.165,0.835,0.692,0.750
2280,76.000,9.000,17.000,6.764,5.295,2,1,1,458.260,1.178,4,0,1.000,5,0.000,4406.197,1.000,0.324,1.705,0.757,0.616,0.251,0.191,0.809,0.734,0.350
2283,76.100,7.000,23.087,-2.000,6.087,2,1,1,484.019,1.004,4,0,1.000,5,0.000,4275.969,1.000,0.324,1.611,0.705,0.800,0.284,0.175,0.825,0.769,0.350
2286,76.200,1.000,13.038,-6.000,-10.048,2,1,1,479.476,1.218,4,0,1.000,5,0.000,3961.118,1.000,0.324,1.047,0.478,0.662,0.955,0.129,0.871,0.715,0.350
2289,76.300,5.099,17.117,4.099,4.079,2,1,1,491.723,1.301,4,0,1.000,5,5.000,3622.429,1.000,0.324,1.222,0.755,0.912,0.165,0.167,0.833,0.723,0.350
2292,76.400,6.083,13.928,0.984,-3.189,2,1,1,496.758,1.207,4,0,1.000,3,5.385,3563.595,1.000,0.336,1.244,0.847,1.110,0.084,0.179,0.821,0.654,0.350
2295,76.500,8.544,3.000,2.461,-10.928,2,1,1,485.420,1.129,4,0,1.000,3,13.416,3193.615,1.000,0.336,1.055,0.696,1.254,0.102,0.160,0.840,0.630,0.350
2298,76.600,2.828,4.123,-5.716,1.123,2,1,1,486.921,1.354,4,0,1.000,5,0.000,2694.124,1.000,0.336,1.573,0.821,1.174,0.201,0.199,0.801,0.655,0.580
2301,76.700,0.000,15.133,-2.828,11.010,2,1,1,500.237,1.325,4,0,1.000,4,70.491,2262.999,1.000,0.336,1.479,0.743,1.114,0.154,0.178,0.822,0.719,0.350
2304,76.800,5.000,13.416,5.000,-1.716,2,1,1,499.065,1.404,5,0,1.000,5,0.000,1628.934,1.000,0.336,1.364,0.625,1.074,0.972,0.121,0.879,0.715,0.350
2307,76.900,3.162,2.000,-1.838,-11.416,2,1,1,497.136,1.619,5,0,1.000,5,6.000,1618.848,1.000,0.336,1.333,0.544,1.145,0.883,0.144,0.856,0.663,0.580
2310,77.000,13.342,22.561,10.179,20.561,2,1,1,532.846,1.759,5,0,1.000,5,13.454,1630.619,1.000,0.336,1.209,0.623,1.181,0.817,0.116,0.884,0.762,0.350
2313,77.100,6.325,12.042,-7.017,-10.519,2,1,1,525.694,1.912,4,0,1.000,4,6.325,1628.488,1.000,0.347,1.442,0.654,1.121,0.472,0.104,0.896,0.707,0.350
2316,77.200,4.123,17.692,-2.201,5.650,2,1,1,545.529,2.130,4,0,1.000,4,4.123,234.250,1.000,0.347,2.141,0.754,1.052,0.118,0.145,0.855,0.749,0.350
2319,77.300,15.232,11.180,11.108,-6.511,2,1,1,525.164,2.051,4,0,1.000,4,15.232,235.344,1.000,0.347,2.671,0.817,1.222,0.306,0.152,0.848,0.744,0.350
2322,77.400,6.403,21.024,-8.828,9.843,2,1,1,543.087,2.004,3,1,0.966,3,6.403,250.857,1.000,0.347,1.615,0.355,1.142,0.053,0.136,0.864,0.682,0.750
2325,77.500,11.180,21.095,4.777,0.071,2,1,1,571.216,2.024,3,0,0.966,3,283.129,2047.139,1.000,0.358,1.336,0.761,0.962,2.532,0.157,0.843,0.647,0.750
2328,77.600,2.000,14.866,-9.180,-6.229,2,1,1,559.225,2.190,3,0,0.966,3,276.139,2063.980,1.000,0.358,1.062,0.519,0.893,1.858,0.122,0.878,0.623,0.750
2331,77.700,10.000,11.402,8.000,-3.464,2,1,1,544.277,2.007,4,1,0.931,1,276.139,2063.980,1.000,0.369,1.051,0.853,0.905,0.742,0.142,0.858,0.545,0.750
2334,77.800,5.099,8.062,-4.901,-3.339,2,1,1,535.703,1.790,4,0,0.931,2,276.139,2063.980,1.000,0.379,1.528,0.866,0.793,0.807,0.167,0.833,0.582,0.750
2337,77.900,26.306,0.000,21.207,0.000,1,1,0,0.000,1.359,4,0,0.931,3,42.154,2085.044,1.000,0.379,2.619,0.745,0.669,2.974,0.200,0.800,0.714,0.650
2340,78.000,0.000,0.000,0.000,0.000,0,0,0,0.000,0.000,4,0,0.931,0,42.154,2085.044,0.967,0.379,5.117,0.740,0.392,2.551,0.274,0.726,0.362,0.650
2343,78.100,201.487,0.000,175.181,0.000,1,1,0,0.000,1.261,4,0,0.931,3,42.154,2085.044,0.967,0.371,4.942,0.721,0.164,1.442,0.310,0.690,0.874,0.650
2346,78.200,0.000,0.000,0.000,0.000,0,0,0,0.000,0.000,4,0,0.931,0,42.154,2085.044,0.933,0.371,4.396,0.744,0.625,0.504,0.256,0.744,0.340,0.650
2349,78.300,0.000,0.000,0.000,0.000,0,0,0,0.000,0.000,3,1,0.897,0,42.154,2085.044,0.900,0.371,3.220,0.879,1.035,0.027,0.264,0.736,0.197,0.750
2352,78.400,0.000,0.000,0.000,0.000,0,0,0,0.000,0.000,3,0,0.897,0,42.154,2085.044,0.867,0.371,2.244,0.906,1.621,0.045,0.241,0.759,0.167,0.700
2355,78.500,0.000,0.000,0.000,0.000,0,0,0,0.000,0.000,3,0,0.897,0,42.154,2085.044,0.833,0.371,1.443,0.731,1.861,0.536,0.174,0.826,0.155,0.700
2358,78.600,0.000,0.000,0.000,0.000,0,0,0,0.000,0.000,3,0,0.897,0,42.154,2085.044,0.800,0.371,2.124,0.908,2.007,1.003,0.250,0.750,0.156,0.700
2361,78.700,0.000,0.000,0.000,0.000,0,0,0,0.000,0.000,3,0,0.897,0,42.154,2085.044,0.767,0.371,2.854,0.900,2.100,0.042,0.248,0.752,0.170,0.700
2364,78.800,0.000,0.000,0.000,0.000,0,0,0,0.000,0.000,3,0,0.897,0,42.154,2085.044,0.733,0.371,3.078,0.898,3.122,0.130,0.252,0.748,0.172,0.700
2367,78.900,0.000,0.000,0.000,0.000,0,0,0,0.000,0.000,3,0,0.897,0,42.154,2085.044,0.700,0.371,2.751,0.895,2.609,0.187,0.257,0.743,0.160,0.700
2370,79.000,0.000,0.000,0.000,0.000,0,0,0,0.000,0.000,3,0,0.897,0,42.154,2085.044,0.667,0.371,2.278,0.862,2.766,0.234,0.247,0.753,0.147,0.700
2373,79.100,0.000,0.000,0.000,0.000,0,0,0,0.000,0.000,3,0,0.897,0,42.154,2085.044,0.633,0.371,1.735,0.839,2.987,0.424,0.213,0.787,0.131,0.700
2376,79.200,0.000,0.000,0.000,0.000,0,0,0,0.000,0.000,3,0,0.897,0,42.154,2085.044,0.600,0.371,3.126,0.899,3.096,0.044,0.275,0.725,0.157,0.700
2379,79.300,0.000,0.000,0.000,0.000,0,0,0,0.000,0.000,3,0,0.897,0,42.154,2085.044,0.567,0.371,3.333,0.834,3.426,1.283,0.268,0.732,0.163,0.700
2382,79.400,0.000,0.000,0.000,0.000,0,0,0,0.000,0.000,3,0,0.897,0,42.154,2085.044,0.533,0.371,2.035,0.561,3.700,0.859,0.166,0.834,0.146,0.700
2385,79.500,0.000,0.000,0.000,0.000,0,0,0,0.000,0.000,3,0,0.897,0,42.154,2085.044,0.500,0.371,4.657,0.957,2.829,1.394,0.276,0.724,0.179,0.700
2388,79.600,0.000,788.893,0.000,780.831,1,0,1,0.000,1.466,3,0,0.897,1,42.154,2085.044,0.500,0.217,4.301,0.980,1.112,0.083,0.287,0.713,0.609,0.650
2391,79.700,94.594,0.000,-106.893,0.000,1,1,0,0.000,1.108,3,0,0.897,1,42.154,2085.044,0.500,0.222,2.971,0.950,0.670,0.014,0.249,0.751,0.578,0.500
2394,79.800,11.402,0.000,-83.192,0.000,1,1,0,0.000,1.208,4,1,0.862,1,273.695,4253.674,0.500,0.222,1.804,0.882,0.403,0.037,0.193,0.807,0.452,0.750
2397,79.900,5.831,0.000,-5.571,0.000,1,1,0,0.000,0.972,4,0,0.862,1,5.831,6254.957,0.500,0.227,1.056,0.754,0.245,0.482,0.140,0.860,0.411,0.580
2400,80.000,1.414,0.000,-4.417,0.000,1,1,0,0.000,1.116,3,1,0.828,0,5.831,6254.957,0.467,0.227,0.720,0.581,0.146,1.748,0.107,0.893,0.341,0.750
2403,80.100,4.123,0.000,2.709,0.000,1,1,0,0.000,0.968,4,1,0.793,0,5.831,6254.957,0.433,0.227,1.102,0.611,0.100,0.304,0.150,0.850,0.360,0.750
2406,80.200,5.831,0.000,1.708,0.000,1,1,0,0.000,1.022,4,0,0.793,0,5.831,6254.957,0.400,0.227,1.102,0.729,0.015,0.124,0.141,0.859,0.357,0.580
2409,80.300,4.000,0.000,-1.831,0.000,1,1,0,0.000,0.998,4,0,0.828,0,5.831,6254.957,0.367,0.227,1.445,0.906,0.111,0.069,0.176,0.824,0.339,0.580
2412,80.400,2.828,0.000,-1.172,0.000,1,1,0,0.000,1.068,3,1,0.793,0,5.831,6254.957,0.333,0.227,1.393,0.877,0.214,0.382,0.171,0.829,0.229,0.750
2415,80.500,21.587,0.000,18.759,0.000,1,1,0,0.000,1.234,3,0,0.793,1,5.831,6254.957,0.333,0.246,2.474,0.836,0.347,0.563,0.233,0.767,0.423,0.550
2418,80.600,0.000,0.000,0.000,0.000,0,0,0,0.000,0.000,3,0,0.828,0,5.831,6254.957,0.300,0.246,2.106,0.768,0.399,0.485,0.198,0.802,0.105,0.650
2421,80.700,0.000,0.000,0.000,0.000,0,0,0,0.000,0.000,3,0,0.828,0,5.831,6254.957,0.267,0.246,1.913,0.865,0.432,0.042,0.193,0.807,0.089,0.580
2424,80.800,0.000,0.000,0.000,0.000,0,0,0,0.000,0.000,3,0,0.828,0,5.831,6254.957,0.233,0.246,4.022,0.948,0.665,0.235,0.260,0.740,0.132,0.580
2427,80.900,0.000,0.000,0.000,0.000,0,0,0,0.000,0.000,3,0,0.828,0,5.831,6254.957,0.200,0.246,2.183,0.880,0.773,1.434,0.240,0.760,0.087,0.580
2430,81.000,0.000,0.000,0.000,0.000,0,0,0,0.000,0.000,3,0,0.828,0,5.831,6254.957,0.200,0.246,3.695,0.971,0.710,1.466,0.262,0.738,0.118,0.580
2433,81.100,0.000,0.000,0.000,0.000,0,0,0,0.000,0.000,3,0,0.828,0,5.831,6254.957,0.167,0.246,3.124,0.877,0.782,0.083,0.253,0.747,0.107,0.580
2436,81.200,0.000,0.000,0.000,0.000,0,0,0,0.000,0.000,3,0,0.862,0,5.831,6254.957,0.167,0.246,1.541,0.707,0.881,1.025,0.170,0.830,0.079,0.580
2439,81.300,0.000,0.000,0.000,0.000,0,0,0,0.000,0.000,3,0,0.862,0,5.831,6254.957,0.167,0.246,4.138,0.899,0.972,0.782,0.285,0.715,0.131,0.580
2442,81.400,0.000,0.000,0.000,0.000,0,0,0,0.000,0.000,3,0,0.862,0,5.831,6254.957,0.167,0.246,3.126,0.546,0.659,0.101,0.223,0.777,0.130,0.580
2445,81.500,0.000,0.000,0.000,0.000,0,0,0,0.000,0.000,3,0,0.862,0,5.831,6254.957,0.167,0.246,3.161,0.636,0.375,0.045,0.170,0.830,0.124,0.580
2448,81.600,0.000,0.000,0.000,0.000,0,0,0,0.000,0.000,3,0,0.862,0,5.831,6254.957,0.167,0.246,2.177,0.606,0.147,0.719,0.136,0.864,0.102,0.580
2451,81.700,0.000,0.000,0.000,0.000,0,0,0,0.000,0.000,3,0,0.862,0,5.831,6254.957,0.167,0.246,1.597,0.865,0.012,1.284,0.195,0.805,0.069,0.580
2454,81.800,0.000,0.000,0.000,0.000,0,0,0,0.000,0.000,3,0,0.862,0,5.831,6254.957,0.167,0.246,1.501,0.864,0.118,0.158,0.176,0.824,0.067,0.580
2457,81.900,0.000,0.000,0.000,0.000,0,0,0,0.000,0.000,3,0,0.862,0,5.831,6254.957,0.167,0.246,1.023,0.737,0.214,0.804,0.143,0.857,0.064,0.580
2460,82.000,0.000,0.000,0.000,0.000,0,0,0,0.000,0.000,3,0,0.862,0,5.831,6254.957,0.167,0.246,1.194,0.207,0.268,2.714,0.133,0.867,0.105,0.580
2463,82.100,0.000,0.000,0.000,0.000,0,0,0,0.000,0.000,3,0,0.862,0,5.831,6254.957,0.167,0.246,1.532,0.313,0.184,0.187,0.115,0.885,0.106,0.580
2466,82.200,0.000,0.000,0.000,0.000,0,0,0,0.000,0.000,3,0,0.862,0,5.831,6254.957,0.167,0.246,1.088,0.683,0.131,1.123,0.124,0.876,0.069,0.580
2469,82.300,0.000,0.000,0.000,0.000,0,0,0,0.000,0.000,3,0,0.862,0,5.831,6254.957,0.167,0.246,1.290,0.679,0.156,1.379,0.163,0.837,0.075,0.580
2472,82.400,0.000,0.000,0.000,0.000,0,0,0,0.000,0.000,3,0,0.862,0,5.831,6254.957,0.167,0.246,1.186,0.527,0.040,0.273,0.100,0.900,0.083,0.580
2475,82.500,0.000,0.000,0.000,0.000,0,0,0,0.000,0.000,3,0,0.862,0,5.831,6254.957,0.167,0.246,0.777,0.445,0.104,0.035,0.086,0.914,0.078,0.580
2478,82.600,0.000,0.000,0.000,0.000,0,0,0,0.000,0.000,3,0,0.862,0,5.831,6254.957,0.133,0.246,0.839,0.702,0.233,1.096,0.103,0.897,0.058,0.580
2481,82.700,0.000,0.000,0.000,0.000,0,0,0,0.000,0.000,3,0,0.897,0,5.831,6254.957,0.100,0.246,0.865,0.383,0.338,0.195,0.091,0.909,0.077,0.580
2484,82.800,0.000,0.000,0.000,0.000,0,0,0,0.000,0.000,3,0,0.897,0,5.831,6254.957,0.067,0.246,1.040,0.460,0.293,0.114,0.109,0.891,0.072,0.580
2487,82.900,0.000,0.000,0.000,0.000,0,0,0,0.000,0.000,3,0,0.931,0,5.831,6254.957,0.033,0.246,2.337,0.617,0.588,1.099,0.150,0.850,0.089,0.580
2490,83.000,0.000,0.000,0.000,0.000,0,0,0,0.000,0.000,3,0,0.966,0,5.831,6254.957,0.033,0.246,2.871,0.259,0.773,0.356,0.130,0.870,0.128,0.580
2493,83.100,40.719,0.000,19.132,0.000,1,1,0,0.000,1.410,3,0,0.966,2,5.831,6254.957,0.067,0.221,2.117,0.648,1.002,0.131,0.198,0.802,0.562,0.650
2496,83.200,34.482,0.000,-6.237,0.000,1,1,0,0.000,1.500,3,0,0.966,1,5.831,6254.957,0.100,0.224,3.853,0.908,1.146,0.364,0.269,0.731,0.496,0.550
2499,83.300,3.162,0.000,-31.320,0.000,1,1,0,0.000,1.426,3,0,1.000,1,5.831,6254.957,0.133,0.227,3.714,0.836,1.069,0.662,0.222,0.778,0.328,0.580
2502,83.400,12.649,0.000,9.487,0.000,1,1,0,0.000,1.494,3,0,1.000,1,5.831,6254.957,0.167,0.230,3.230,0.869,0.916,0.594,0.233,0.767,0.370,0.350
2505,83.500,4.000,0.000,-8.649,0.000,1,1,0,0.000,1.571,3,0,1.000,1,5.831,6254.957,0.167,0.230,3.552,0.870,0.698,0.298,0.235,0.765,0.330,0.580
2508,83.600,4.123,772.924,0.123,-15.969,2,1,1,772.326,1.804,3,0,1.000,2,5.831,6254.957,0.200,0.232,2.843,0.847,0.415,0.011,0.217,0.783,0.656,0.650
2511,83.700,8.062,19.235,3.939,-753.689,2,1,1,754.147,1.936,3,0,1.000,2,559.914,8159.748,0.233,0.232,2.143,0.843,0.283,0.047,0.203,0.797,0.499,0.750
2514,83.800,2.236,8.062,-5.826,-11.173,2,1,1,749.136,1.998,3,0,1.000,2,5.000,9844.109,0.267,0.235,1.569,0.779,0.153,0.158,0.191,0.809,0.431,0.580
2517,83.900,4.123,9.000,1.887,0.938,2,1,1,738.394,2.054,2,1,0.966,1,5.000,9844.109,0.300,0.238,1.341,0.734,0.038,0.107,0.174,0.826,0.408,0.750
2520,84.000,4.123,12.000,0.000,3.000,2,1,1,724.486,2.065,2,0,0.966,1,5.000,9844.109,0.333,0.241,1.427,0.777,0.112,0.347,0.184,0.816,0.428,0.580
2523,84.100,8.062,8.000,3.939,-4.000,2,1,1,721.876,2.154,2,0,0.966,1,5.000,9844.109,0.367,0.241,1.521,0.824,0.361,0.123,0.267,0.733,0.409,0.580
2526,84.200,5.385,13.892,-2.677,5.892,2,1,1,720.706,2.288,3,1,0.931,2,141.156,13087.817,0.400,0.243,1.454,0.872,0.579,0.507,0.201,0.799,0.470,0.750
2529,84.300,1.414,19.209,-3.971,5.317,2,1,1,717.798,2.102,3,0,0.931,2,19.849,15811.384,0.433,0.246,1.807,0.817,0.651,0.263,0.198,0.802,0.517,0.350
2532,84.400,6.708,27.019,5.294,7.809,2,1,1,720.503,1.896,3,0,0.931,2,29.275,17769.319,0.467,0.246,2.087,0.789,1.216,0.015,0.201,0.799,0.573,0.350
2535,84.500,11.000,27.803,4.292,0.784,2,1,1,705.091,1.919,3,0,0.931,2,37.947,19842.585,0.500,0.249,2.363,0.724,1.458,0.114,0.193,0.807,0.593,0.700
2538,84.600,3.000,34.655,-8.000,6.853,2,1,1,699.706,1.926,3,0,0.931,2,50.040,20973.298,0.533,0.249,2.790,0.725,1.557,0.529,0.209,0.791,0.646,0.700
2541,84.700,5.385,26.926,2.385,-7.730,2,1,1,678.428,1.906,3,0,0.931,2,170.294,21828.477,0.567,0.251,2.625,0.738,1.654,0.400,0.202,0.798,0.602,0.750
2544,84.800,21.840,27.586,16.455,0.660,2,1,1,662.550,1.893,3,0,0.931,3,55.317,21063.858,0.600,0.251,2.413,0.738,0.867,0.177,0.199,0.801,0.664,0.350
2547,84.900,7.616,34.132,-14.225,6.546,2,1,1,642.503,2.089,3,0,0.931,3,62.032,20086.477,0.633,0.251,1.758,0.692,0.497,0.201,0.173,0.827,0.691,0.350
2550,85.000,1.000,14.318,-6.616,-19.814,2,1,1,649.249,1.905,3,0,0.931,2,172.627,19876.090,0.667,0.254,1.504,0.697,0.240,0.152,0.149,0.851,0.518,0.750
2553,85.100,6.083,2.828,5.083,-11.489,2,1,1,654.105,2.227,3,0,0.931,2,115.412,18822.874,0.700,0.254,1.159,0.579,0.039,0.854,0.138,0.862,0.476,0.641
2556,85.200,4.472,11.180,-1.611,8.352,2,1,1,649.426,2.304,3,0,0.931,2,104.235,12125.959,0.733,0.256,1.028,0.712,0.217,2.818,0.125,0.875,0.496,0.580
2559,85.300,1.414,48.765,-3.058,37.584,2,1,1,625.545,2.402,3,0,0.931,2,182.132,5761.874,0.767,0.256,1.466,0.847,0.357,0.121,0.174,0.826,0.689,0.750
2562,85.400,10.440,22.091,9.026,-26.674,2,1,1,617.933,2.071,3,0,0.931,2,112.614,5492.125,0.800,0.256,1.874,0.362,0.385,1.126,0.161,0.839,0.610,0.626
2565,85.500,11.314,11.180,0.873,-10.910,2,1,1,608.769,1.788,3,0,0.931,2,41.629,4280.287,0.833,0.259,2.240,0.846,0.365,1.659,0.183,0.817,0.530,0.580
2568,85.600,8.944,5.831,-2.369,-5.349,2,1,1,601.486,1.645,3,0,0.931,2,0.000,2952.438,0.867,0.256,2.259,0.934,0.371,0.072,0.189,0.811,0.515,0.580
2571,85.700,1.000,11.402,-7.944,5.571,2,1,1,591.612,1.522,3,0,0.931,2,29.833,2299.374,0.900,0.256,1.321,0.769,0.386,0.357,0.130,0.870,0.521,0.580
2574,85.800,9.055,6.403,8.055,-4.999,2,1,1,585.030,1.390,3,0,0.931,2,157.813,2528.297,0.933,0.259,1.729,0.780,0.459,0.065,0.143,0.857,0.521,0.750
2577,85.900,8.246,7.211,-0.809,0.808,2,1,1,584.003,1.334,3,0,0.931,2,0.000,2482.119,0.967,0.257,0.842,0.459,0.553,0.757,0.113,0.887,0.521,0.580
2580,86.000,5.099,6.708,-3.147,-0.503,2,1,1,581.805,1.363,3,0,0.931,2,104.738,2090.470,1.000,0.243,1.565,0.680,0.627,1.849,0.155,0.845,0.519,0.582
2583,86.100,1.000,5.831,-4.099,-0.877,2,1,1,583.069,1.213,3,0,0.931,2,123.004,2051.477,1.000,0.240,1.792,0.657,0.657,1.834,0.179,0.821,0.521,0.683
2586,86.200,7.616,7.616,6.616,1.785,2,1,1,573.810,1.370,3,0,0.931,2,0.000,2215.180,1.000,0.225,1.148,0.785,0.783,1.758,0.144,0.856,0.506,0.580
2589,86.300,3.162,5.099,-4.453,-2.517,2,1,1,580.629,1.572,3,0,0.931,2,217.867,2403.070,1.000,0.521,1.530,0.382,0.896,2.480,0.133,0.867,0.530,0.750
2592,86.400,9.434,16.155,6.272,11.056,2,1,1,566.127,1.932,3,0,0.931,2,119.553,2379.089,1.000,0.513,1.419,0.351,0.984,0.096,0.136,0.864,0.591,0.664
2595,86.500,7.280,8.602,-2.154,-7.553,2,1,1,561.595,2.023,3,0,0.931,2,70.880,2505.338,1.000,0.504,1.714,0.682,0.942,0.441,0.173,0.827,0.533,0.350
2598,86.600,9.434,6.000,2.154,-2.602,2,1,1,565.800,2.063,3,0,0.931,2,60.465,2556.438,1.000,0.504,1.581,0.410,0.861,2.160,0.152,0.848,0.553,0.550
2601,86.700,2.236,18.788,-7.198,12.788,2,1,1,558.176,1.850,3,0,0.931,2,0.000,2543.527,1.000,0.504,2.057,0.642,0.607,1.557,0.173,0.827,0.601,0.550
2604,86.800,1.000,1.000,-1.236,-17.788,2,1,1,559.418,1.811,3,0,0.966,2,148.718,2806.964,1.000,0.504,1.541,0.194,0.293,0.876,0.156,0.844,0.521,0.750
2607,86.900,0.000,567.107,0.000,8.783,2,0,1,567.107,2.036,3,0,0.966,2,18.788,2486.140,1.000,0.496,1.794,0.627,0.269,0.589,0.171,0.829,0.741,0.500
2610,87.000,8.062,24.187,7.062,-542.920,2,1,1,569.337,1.943,3,0,0.966,2,188.608,3016.880,1.000,0.487,1.528,0.308,0.355,0.622,0.155,0.845,0.641,0.750
2613,87.100,4.123,18.028,-3.939,-6.159,2,1,1,564.919,1.957,3,0,1.000,2,148.327,3226.965,1.000,0.487,1.642,0.819,0.554,0.156,0.177,0.823,0.574,0.750
2616,87.200,0.000,558.026,0.000,-6.259,2,0,1,558.026,2.094,3,0,1.000,2,164.015,3297.750,1.000,0.487,1.556,0.551,0.730,0.046,0.160,0.840,0.740,0.750
2619,87.300,10.000,6.083,5.877,-551.943,2,1,1,551.113,2.280,3,0,1.000,2,78.816,3189.828,1.000,0.487,1.874,0.613,0.671,2.719,0.168,0.832,0.550,0.580
2622,87.400,6.325,18.439,-3.675,12.356,2,1,1,563.131,2.329,3,0,1.000,2,194.826,3075.899,1.000,0.487,1.624,0.836,0.641,2.569,0.168,0.832,0.575,0.750
2625,87.500,3.000,13.038,-3.325,-5.401,2,1,1,564.562,2.342,3,0,1.000,2,137.615,2981.220,1.000,0.487,1.459,0.774,0.343,0.139,0.160,0.840,0.545,0.750
2628,87.600,4.123,21.587,1.123,8.549,2,1,1,556.767,2.048,3,0,1.000,2,23.770,3027.024,1.000,0.487,1.409,0.714,0.271,2.468,0.149,0.851,0.595,0.550
2631,87.700,2.828,12.042,-1.295,-9.545,2,1,1,562.338,2.222,3,0,1.000,2,187.216,3316.669,1.000,0.496,1.653,0.552,0.227,2.551,0.128,0.872,0.560,0.750
2634,87.800,3.162,9.220,0.334,-2.822,2,1,1,565.060,2.113,3,0,1.000,2,61.855,3211.949,1.000,0.496,0.923,0.193,0.042,0.023,0.102,0.898,0.551,0.580
2637,87.900,1.414,4.000,-1.748,-5.220,2,1,1,563.948,2.036,3,0,1.000,2,14.142,3216.844,1.000,0.496,1.590,0.354,0.094,0.976,0.111,0.889,0.527,0.580
2640,88.000,4.472,7.211,3.058,3.211,2,1,1,555.213,1.814,3,0,1.000,2,115.974,3068.500,1.000,0.496,2.081,0.871,0.181,2.875,0.206,0.794,0.521,0.644
2643,88.100,2.236,25.080,-2.236,17.869,2,1,1,533.870,1.764,3,0,1.000,2,111.400,2751.009,1.000,0.496,1.364,0.278,0.206,2.881,0.108,0.892,0.644,0.619
2646,88.200,5.000,22.804,2.764,-2.276,2,1,1,550.696,1.682,3,0,1.000,2,48.703,2466.697,1.000,0.496,1.460,0.473,0.102,0.874,0.108,0.892,0.620,0.350
2649,88.300,2.236,21.840,-2.764,-0.963,2,1,1,566.789,1.516,3,0,1.000,2,131.928,2323.608,1.000,0.496,2.190,0.396,0.185,2.330,0.093,0.907,0.638,0.733
2652,88.400,1.414,9.220,-0.822,-12.621,2,1,1,562.826,1.623,3,0,1.000,2,136.400,2529.299,1.000,0.496,1.788,0.793,0.083,0.269,0.160,0.840,0.530,0.750
2655,88.500,1.414,12.042,0.000,2.822,2,1,1,550.785,1.403,3,0,1.000,2,114.285,2144.639,1.000,0.496,1.990,0.825,0.071,3.009,0.143,0.857,0.549,0.635
2658,88.600,0.000,22.825,-1.414,10.784,2,1,1,558.628,1.353,3,0,1.000,2,12.042,1992.959,1.000,0.496,1.794,0.817,0.157,0.500,0.182,0.818,0.604,0.350
2661,88.700,1.000,8.062,1.000,-14.763,2,1,1,563.802,1.520,3,0,1.000,2,121.742,2036.379,1.000,0.496,1.618,0.469,0.369,1.738,0.120,0.880,0.542,0.676
2664,88.800,1.414,7.616,0.414,-0.446,2,1,1,564.717,1.481,3,0,1.000,2,148.034,1737.119,1.000,0.496,1.465,0.846,0.336,0.474,0.162,0.838,0.510,0.750
2667,88.900,8.246,19.849,6.832,12.234,2,1,1,537.555,1.603,3,0,1.000,2,154.506,1985.714,1.000,0.496,1.784,0.876,0.195,0.906,0.202,0.798,0.584,0.750
2670,89.000,15.811,11.180,7.565,-8.669,2,1,1,557.096,1.695,3,0,1.000,3,0.000,1947.534,1.000,0.496,1.041,0.394,0.066,2.896,0.095,0.905,0.636,0.580
2673,89.100,9.220,18.000,-6.592,6.820,2,1,1,578.236,1.635,3,0,1.000,3,53.151,1860.668,1.000,0.487,1.689,0.734,0.035,3.118,0.159,0.841,0.641,0.550
2676,89.200,0.000,7.280,-9.220,-10.720,2,1,1,582.074,1.633,3,0,1.000,2,0.000,1747.957,1.000,0.487,0.953,0.597,0.178,0.320,0.145,0.855,0.512,0.580
2679,89.300,29.069,15.264,29.069,7.984,2,1,1,585.623,1.731,3,0,1.000,3,81.400,1695.997,1.000,0.487,2.611,0.876,0.255,0.128,0.182,0.818,0.715,0.450
2682,89.400,42.012,8.602,12.943,-6.662,2,1,1,589.377,1.653,3,0,1.000,3,0.000,1512.598,1.000,0.479,1.730,0.787,0.449,1.632,0.155,0.845,0.772,0.550
2685,89.500,44.102,6.325,2.090,-2.278,2,1,1,630.087,1.653,3,0,1.000,3,19.416,1474.298,1.000,0.479,1.633,0.588,0.448,0.673,0.140,0.860,0.795,0.350
2688,89.600,10.000,3.606,-34.102,-2.719,2,1,1,637.389,1.781,3,0,1.000,3,57.140,1346.778,1.000,0.470,1.536,0.796,0.198,2.394,0.144,0.856,0.588,0.580
2691,89.700,11.045,3.162,1.045,-0.443,2,1,1,628.609,1.660,3,0,1.000,3,60.216,1161.904,1.000,0.470,0.971,0.820,0.287,2.256,0.113,0.887,0.578,0.580
2694,89.800,8.246,5.099,-2.799,1.937,2,1,1,625.966,1.791,3,0,1.000,2,61.221,848.388,1.000,0.470,1.497,0.853,0.346,0.639,0.186,0.814,0.514,0.580
2697,89.900,2.000,14.422,-6.246,9.323,2,1,1,638.443,1.586,3,0,1.000,2,6.083,838.578,1.000,0.470,2.093,0.901,0.010,0.527,0.219,0.781,0.559,0.350
2700,90.000,10.050,40.224,8.050,25.802,2,1,1,687.088,1.401,3,0,1.000,3,0.000,476.548,1.000,0.462,2.724,0.894,0.060,0.382,0.245,0.755,0.779,0.450
2703,90.100,3.606,53.339,-6.444,13.114,2,1,1,734.456,1.233,3,0,1.000,3,0.000,516.867,1.000,0.462,3.170,0.861,0.117,0.460,0.268,0.732,0.819,0.350
2706,90.200,9.055,57.315,5.450,3.976,2,1,1,770.281,1.114,3,0,1.000,3,0.000,527.439,1.000,0.453,2.585,0.772,0.379,0.361,0.245,0.755,0.811,0.350
2709,90.300,6.325,69.462,-2.731,12.147,2,1,1,810.305,1.233,3,0,1.000,3,0.000,595.639,1.000,0.453,2.306,0.531,0.576,0.779,0.175,0.825,0.820,0.350
2712,90.400,12.042,89.443,5.717,19.980,2,1,1,800.935,1.587,3,0,1.000,3,0.000,597.094,1.000,0.444,3.534,0.408,0.853,0.014,0.202,0.798,0.860,0.350
2715,90.500,57.219,81.123,45.177,-8.319,2,1,1,796.919,1.402,3,0,1.000,4,0.000,597.094,1.000,0.435,5.643,0.797,1.189,0.524,0.245,0.755,0.885,0.450
2718,90.600,32.062,55.758,-25.156,-25.365,2,1,1,780.503,1.364,3,0,1.000,4,0.000,597.094,1.000,0.426,3.423,0.550,2.059,0.758,0.130,0.870,0.847,0.700
2721,90.700,15.524,27.731,-16.538,-28.028,2,1,1,809.262,1.570,3,0,1.000,3,0.000,597.094,1.000,0.426,3.174,0.657,2.371,0.096,0.201,0.799,0.737,0.700
2724,90.800,6.083,24.000,-9.441,-3.731,2,1,1,834.961,1.373,3,0,1.000,3,0.000,597.094,1.000,0.417,2.746,0.731,2.639,0.212,0.194,0.806,0.701,0.700
2727,90.900,9.220,12.207,3.137,-11.793,2,1,1,835.566,1.374,3,0,1.000,2,170.262,1645.120,1.000,0.417,1.946,0.488,2.154,0.330,0.153,0.847,0.572,0.750
2730,91.000,2.236,0.000,-6.983,0.000,1,1,0,0.000,1.099,3,0,1.000,2,170.262,1645.120,1.000,0.417,1.428,0.264,2.171,0.173,0.137,0.863,0.470,0.750
2733,91.100,7.616,0.000,5.380,0.000,1,1,0,0.000,0.937,2,1,0.966,1,170.262,1645.120,1.000,0.426,0.846,0.243,2.279,0.096,0.119,0.881,0.456,0.750
2736,91.200,7.616,0.000,0.000,0.000,1,1,0,0.000,0.966,2,0,0.966,1,170.262,1645.120,1.000,0.435,0.850,0.111,2.171,0.054,0.124,0.876,0.466,0.750
2739,91.300,5.000,0.000,-2.616,0.000,1,1,0,0.000,1.228,3,1,0.931,2,170.262,1645.120,1.000,0.435,1.122,0.101,2.046,0.440,0.101,0.899,0.489,0.750
2742,91.400,11.402,0.000,6.402,0.000,1,1,0,0.000,1.419,3,0,0.931,2,170.262,1645.120,1.000,0.435,1.745,0.669,2.218,0.657,0.161,0.839,0.500,0.750
2745,91.500,10.000,0.000,-1.402,0.000,1,1,0,0.000,1.376,4,1,0.897,2,170.262,1645.120,1.000,0.435,1.840,0.329,2.031,0.353,0.131,0.869,0.589,0.750
2748,91.600,30.806,0.000,20.806,0.000,1,1,0,0.000,1.451,4,0,0.897,2,354.904,2757.758,1.000,0.444,3.149,0.445,1.506,0.185,0.116,0.884,0.729,0.750
2751,91.700,29.275,0.000,-1.531,0.000,1,1,0,0.000,1.410,4,0,0.897,2,10.296,3680.454,1.000,0.444,2.495,0.402,1.054,0.116,0.160,0.840,0.707,0.350
2754,91.800,39.459,0.000,10.184,0.000,1,1,0,0.000,1.736,4,0,0.897,2,10.296,3680.454,1.000,0.444,4.277,0.874,0.896,2.923,0.266,0.734,0.775,0.550
2757,91.900,35.341,0.000,-4.118,0.000,1,1,0,0.000,1.568,4,0,0.897,2,10.296,3680.454,1.000,0.453,2.237,0.591,1.008,1.738,0.178,0.822,0.721,0.550
2760,92.000,8.062,0.000,-27.279,0.000,1,1,0,0.000,1.252,4,0,0.897,2,10.296,3680.454,1.000,0.453,3.475,0.735,0.592,1.053,0.248,0.752,0.590,0.450
2763,92.100,27.857,0.000,19.795,0.000,1,1,0,0.000,1.206,4,0,0.897,1,10.296,3680.454,1.000,0.462,3.079,0.911,0.004,0.196,0.227,0.773,0.633,0.350
2766,92.200,11.045,0.000,-16.811,0.000,1,1,0,0.000,1.046,4,0,0.897,1,10.296,3680.454,1.000,0.462,2.360,0.923,0.114,0.068,0.207,0.793,0.521,0.350
2769,92.300,9.487,0.000,-1.559,0.000,1,1,0,0.000,0.903,4,0,0.897,1,10.296,3680.454,1.000,0.470,1.365,0.860,0.302,0.132,0.158,0.842,0.492,0.350
2772,92.400,8.062,0.000,-1.425,0.000,1,1,0,0.000,0.907,4,0,0.897,0,10.296,3680.454,0.967,0.470,1.438,0.824,0.393,0.102,0.163,0.837,0.439,0.550
2775,92.500,5.099,0.000,-2.963,0.000,1,1,0,0.000,0.951,4,0,0.897,0,10.296,3680.454,0.933,0.470,1.347,0.521,0.440,1.166,0.121,0.879,0.438,0.580
2778,92.600,4.123,0.000,-0.976,0.000,1,1,0,0.000,0.650,4,0,0.897,0,10.296,3680.454,0.900,0.470,2.337,0.579,0.428,0.376,0.160,0.840,0.449,0.580
2781,92.700,1.414,0.000,-2.709,0.000,1,1,0,0.000,0.878,3,1,0.862,0,10.296,3680.454,0.867,0.470,3.254,0.763,0.283,0.530,0.219,0.781,0.340,0.750
2784,92.800,2.000,0.000,0.586,0.000,1,1,0,0.000,0.900,3,0,0.862,1,10.296,3680.454,0.867,0.407,4.442,0.866,0.138,0.195,0.242,0.758,0.426,0.580
2787,92.900,6.083,0.000,4.083,0.000,1,1,0,0.000,1.056,3,0,0.862,2,10.296,3680.454,0.867,0.407,5.253,0.811,0.069,0.001,0.261,0.739,0.532,0.580
2790,93.000,13.601,249.177,7.519,236.970,2,1,1,594.658,1.121,5,1,0.828,5,10.296,3680.454,0.867,0.399,4.777,0.837,0.280,0.251,0.266,0.734,0.945,0.750
2793,93.100,5.000,24.698,-8.601,-224.478,2,1,1,595.648,1.148,5,0,0.828,5,215.356,3773.884,0.867,0.390,5.520,0.859,0.486,0.117,0.264,0.736,0.849,0.750
2796,93.200,6.708,15.811,1.708,-8.887,2,1,1,593.410,1.115,5,0,0.828,5,41.593,3918.517,0.867,0.382,4.507,0.741,0.616,0.597,0.239,0.761,0.783,0.350
2799,93.300,4.472,34.000,-2.236,18.189,2,1,1,560.835,1.025,5,0,0.828,5,13.153,4050.077,0.867,0.382,3.565,0.695,0.731,0.130,0.228,0.772,0.863,0.350
2802,93.400,10.296,15.811,5.823,-18.189,2,1,1,545.839,0.975,5,0,0.828,5,0.000,4002.628,0.867,0.382,3.739,0.797,0.547,0.089,0.231,0.769,0.760,0.350
2805,93.500,1.414,23.409,-8.881,7.598,2,1,1,566.359,1.069,5,0,0.828,4,131.320,4120.434,0.867,0.374,2.398,0.652,0.704,0.145,0.193,0.807,0.742,0.730
2808,93.600,1.000,33.302,-0.414,9.892,2,1,1,532.665,1.266,4,0,0.828,3,102.176,4114.200,0.867,0.374,1.610,0.492,0.966,0.185,0.171,0.829,0.780,0.568
2811,93.700,2.236,10.000,1.236,-23.302,2,1,1,539.971,1.258,4,0,0.828,3,141.230,4244.188,0.867,0.374,1.321,0.690,0.912,0.510,0.159,0.841,0.629,0.750
2814,93.800,0.000,18.358,-2.236,8.358,2,1,1,521.720,1.556,4,0,0.828,3,118.562,4334.805,0.867,0.357,1.540,0.614,0.923,0.550,0.168,0.832,0.687,0.659
2817,93.900,1.000,1.000,1.000,-17.358,2,1,1,521.720,1.701,4,0,0.828,3,102.201,4644.645,0.867,0.357,1.223,0.619,1.017,0.371,0.152,0.848,0.582,0.580
2820,94.000,1.000,7.071,0.000,6.071,2,1,1,521.422,1.793,4,0,0.862,3,78.230,4733.185,0.867,0.348,1.936,0.842,1.021,0.603,0.193,0.807,0.618,0.580
2823,94.100,1.000,8.602,0.000,1.531,2,1,1,512.666,1.853,4,0,0.862,3,125.208,3219.137,0.867,0.348,1.081,0.519,1.062,0.467,0.134,0.866,0.628,0.696
2826,94.200,4.123,17.263,3.123,8.660,2,1,1,528.436,2.115,4,0,0.897,3,147.513,2576.185,0.867,0.339,1.006,0.366,0.932,0.585,0.123,0.877,0.684,0.750
2829,94.300,2.236,9.220,-1.887,-8.043,2,1,1,528.205,2.214,4,0,0.897,3,175.011,2896.085,0.867,0.339,1.649,0.829,0.628,2.479,0.160,0.840,0.623,0.750
2832,94.400,3.606,21.587,1.369,12.367,2,1,1,551.714,2.074,4,0,0.931,3,136.242,2865.767,0.867,0.321,1.165,0.843,0.158,1.114,0.150,0.850,0.679,0.750
2835,94.500,3.000,26.401,-0.606,4.814,2,1,1,527.610,2.053,4,0,0.931,3,172.586,3010.389,0.867,0.379,1.578,0.863,0.310,0.647,0.197,0.803,0.715,0.750
2838,94.600,1.000,5.099,-2.000,-21.302,2,1,1,523.600,2.208,4,0,0.931,3,129.201,3004.550,0.867,0.379,0.946,0.525,0.633,0.267,0.113,0.887,0.604,0.718
2841,94.700,3.000,24.597,2.000,19.498,2,1,1,536.765,2.325,4,0,0.931,3,197.649,3343.939,0.867,0.379,1.057,0.682,0.903,0.476,0.135,0.865,0.704,0.750
2844,94.800,3.162,12.369,0.162,-12.227,2,1,1,524.309,2.481,5,0,0.931,4,171.863,3442.799,0.867,0.389,1.082,0.752,1.150,0.834,0.118,0.882,0.641,0.750
2847,94.900,1.414,30.017,-1.748,17.647,2,1,1,500.800,2.343,5,0,0.931,4,231.873,3694.560,0.867,0.389,2.176,0.935,1.255,0.063,0.176,0.824,0.754,0.750
2850,95.000,1.414,8.062,0.000,-21.954,2,1,1,497.081,1.981,5,0,0.931,4,148.822,3902.044,0.867,0.389,1.063,0.593,1.431,2.776,0.116,0.884,0.628,0.750
2853,95.100,4.472,27.803,3.058,19.741,2,1,1,524.607,2.048,5,0,0.931,4,119.854,3643.150,0.867,0.389,1.080,0.582,1.422,0.006,0.120,0.880,0.739,0.700
2856,95.200,3.606,8.246,-0.867,-19.557,2,1,1,520.632,1.999,5,0,0.931,4,105.361,3560.654,0.867,0.389,0.957,0.720,1.314,2.692,0.120,0.880,0.617,0.585
2859,95.300,2.828,8.062,-0.777,-0.184,2,1,1,526.009,2.244,5,0,0.931,4,146.731,3579.824,0.867,0.389,0.717,0.446,1.228,2.409,0.088,0.912,0.629,0.750
2862,95.400,2.236,14.866,-0.592,6.804,2,1,1,521.372,2.204,5,0,0.931,4,152.109,3451.194,0.900,0.389,0.912,0.582,1.284,2.660,0.094,0.906,0.667,0.750
2865,95.500,0.000,0.000,0.000,0.000,0,0,0,0.000,0.000,5,0,0.931,0,152.109,3451.194,0.900,0.389,14.613,0.049,1.274,1.300,0.368,0.632,0.475,0.750
2868,95.600,0.000,398.984,0.000,384.118,1,0,1,0.000,1.783,5,0,0.966,3,11.180,4956.835,0.933,0.381,3.367,0.846,0.752,2.434,0.253,0.747,0.795,0.650
2871,95.700,0.000,6.083,0.000,-392.901,1,0,1,0.000,1.781,4,0,0.966,3,0.000,5864.837,0.967,0.381,3.999,0.883,0.559,0.020,0.260,0.740,0.623,0.580
2874,95.800,0.000,8.246,0.000,2.163,1,0,1,0.000,2.128,4,0,0.966,3,0.000,6508.494,0.967,0.381,4.482,0.909,0.313,0.010,0.269,0.731,0.645,0.350
2877,95.900,0.000,7.810,0.000,-0.436,1,0,1,0.000,1.969,4,0,1.000,3,0.000,6552.740,0.967,0.381,4.518,0.955,0.081,0.114,0.278,0.722,0.641,0.350
2880,96.000,0.000,6.325,0.000,-1.486,1,0,1,0.000,1.720,4,0,1.000,2,0.000,6388.109,0.967,0.381,3.922,0.952,0.248,0.005,0.274,0.726,0.573,0.580
2883,96.100,0.000,0.000,0.000,0.000,0,0,0,0.000,0.000,4,0,1.000,0,0.000,6388.109,0.933,0.381,3.491,0.936,0.543,0.035,0.267,0.733,0.304,0.650
2886,96.200,125.539,0.000,123.303,0.000,1,1,0,0.000,1.936,4,0,1.000,2,0.000,5395.037,0.933,0.386,3.756,0.946,1.129,0.291,0.257,0.743,0.780,0.650
2889,96.300,0.000,2.236,0.000,-4.088,1,0,1,0.000,1.651,3,1,0.966,2,1.414,5450.538,0.933,0.386,3.375,0.884,1.917,0.090,0.244,0.756,0.467,0.750
2892,96.400,0.000,5.000,0.000,2.764,1,0,1,0.000,1.608,3,0,0.966,2,124.483,5127.599,0.933,0.386,1.680,0.536,2.776,0.858,0.172,0.828,0.464,0.700
2895,96.500,0.000,8.062,0.000,3.062,1,0,1,0.000,1.812,3,0,0.966,2,55.000,2904.039,0.933,0.395,1.245,0.588,4.672,0.356,0.138,0.862,0.467,0.700
2898,96.600,22.561,0.000,-102.978,0.000,1,1,0,0.000,1.937,4,1,0.931,2,8.062,939.674,0.933,0.395,2.781,0.931,5.914,1.650,0.230,0.770,0.632,0.750
2901,96.700,0.000,9.220,0.000,1.157,1,0,1,0.000,1.686,4,0,0.931,1,2.236,458.969,0.933,0.404,1.622,0.563,6.330,0.819,0.197,0.803,0.509,0.700
2904,96.800,12.207,0.000,-10.354,0.000,1,1,0,0.000,2.180,4,0,0.931,2,2.236,459.444,0.933,0.404,2.290,0.791,6.314,0.874,0.231,0.769,0.572,0.700
2907,96.900,2.236,0.000,-9.970,0.000,1,1,0,0.000,2.554,4,0,0.931,2,0.000,440.374,0.933,0.404,4.448,0.986,6.381,0.328,0.279,0.721,0.557,0.700
2910,97.000,13.928,0.000,11.692,0.000,1,1,0,0.000,2.306,4,0,0.931,2,0.000,415.469,0.933,0.414,2.871,0.937,6.881,0.198,0.242,0.758,0.586,0.700
2913,97.100,2.236,0.000,-11.692,0.000,1,1,0,0.000,2.359,4,0,0.931,1,4.000,404.140,0.933,0.414,2.292,0.968,0.332,0.281,0.216,0.784,0.459,0.580
2916,97.200,7.071,0.000,4.835,0.000,1,1,0,0.000,2.308,4,0,0.931,2,20.591,386.400,0.933,0.423,2.599,0.969,0.265,0.380,0.220,0.780,0.538,0.350
2919,97.300,3.162,0.000,-3.909,0.000,1,1,0,0.000,1.978,3,1,0.897,1,5.099,379.448,0.933,0.431,0.828,0.838,0.178,0.442,0.117,0.883,0.452,0.750
2922,97.400,10.000,0.000,6.838,0.000,1,1,0,0.000,2.125,4,1,0.862,1,17.464,371.039,0.933,0.431,0.922,0.558,0.049,0.595,0.125,0.875,0.497,0.750
2925,97.500,8.544,0.000,-1.456,0.000,1,1,0,0.000,2.128,4,0,0.862,2,11.402,365.497,0.933,0.440,1.326,0.614,0.086,2.119,0.163,0.837,0.540,0.550
2928,97.600,1.000,0.000,-7.544,0.000,1,1,0,0.000,2.069,3,1,0.828,1,26.019,368.738,0.933,0.449,1.447,0.486,0.183,0.396,0.181,0.819,0.480,0.750
2931,97.700,4.243,0.000,3.243,0.000,1,1,0,0.000,1.793,3,0,0.828,1,22.204,361.884,0.933,0.449,0.733,0.499,0.276,0.311,0.114,0.886,0.479,0.580
2934,97.800,5.099,0.000,0.856,0.000,1,1,0,0.000,2.008,2,1,0.793,1,2.000,96.514,0.933,0.457,1.353,0.754,0.394,0.956,0.170,0.830,0.411,0.750
2937,97.900,0.000,0.000,-5.099,0.000,1,1,0,0.000,1.860,3,1,0.759,1,3.162,87.454,0.933,0.466,1.555,0.840,0.489,1.748,0.192,0.808,0.352,0.750
2940,98.000,2.828,0.000,2.828,0.000,1,1,0,0.000,1.747,3,0,0.759,1,2.236,50.094,0.933,0.474,1.392,0.847,0.479,2.327,0.164,0.836,0.363,0.580
2943,98.100,3.162,0.000,0.334,0.000,1,1,0,0.000,2.163,3,1,0.724,1,1.000,44.679,0.933,0.474,1.289,0.853,0.481,2.020,0.164,0.836,0.462,0.750
2946,98.200,13.342,0.000,10.179,0.000,1,1,0,0.000,2.047,4,1,0.690,2,8.000,48.538,0.933,0.483,2.163,0.246,0.555,0.122,0.181,0.819,0.613,0.750
2949,98.300,5.000,0.000,-8.342,0.000,1,1,0,0.000,1.977,4,0,0.690,2,2.236,50.689,0.933,0.483,2.910,0.554,0.564,1.721,0.230,0.770,0.564,0.580
2952,98.400,8.544,0.000,3.544,0.000,1,1,0,0.000,2.084,4,0,0.690,2,3.000,49.135,0.933,0.491,2.053,0.712,0.597,0.217,0.184,0.816,0.551,0.350
2955,98.500,10.440,0.000,1.896,0.000,1,1,0,0.000,2.466,4,0,0.690,2,89.560,249.228,0.967,0.491,1.225,0.268,0.745,1.892,0.149,0.851,0.576,0.550
2958,98.600,2.828,0.000,-7.612,0.000,1,1,0,0.000,2.482,4,0,0.690,2,33.242,265.098,0.967,0.499,1.998,0.906,1.520,0.338,0.207,0.793,0.508,0.700
2961,98.700,7.071,0.000,4.243,0.000,1,1,0,0.000,2.219,4,0,0.690,1,3.162,258.579,0.967,0.508,1.135,0.619,1.440,0.109,0.164,0.836,0.485,0.700
2964,98.800,12.649,0.000,5.578,0.000,1,1,0,0.000,2.312,4,0,0.690,2,101.533,476.269,0.967,0.508,2.268,0.892,1.472,1.234,0.206,0.794,0.571,0.700
2967,98.900,9.055,0.000,-3.594,0.000,1,1,0,0.000,2.147,4,0,0.690,2,3.000,462.530,0.967,0.516,3.462,0.516,1.088,0.517,0.257,0.743,0.607,0.350
2970,99.000,5.657,0.000,-3.399,0.000,1,1,0,0.000,2.075,4,0,0.690,2,3.000,462.530,0.967,0.522,3.543,0.210,0.724,2.807,0.199,0.801,0.611,0.580
2973,99.100,0.000,0.000,0.000,0.000,0,0,0,0.000,0.000,4,0,0.690,0,3.000,462.530,0.967,0.522,5.116,0.273,0.440,2.777,0.231,0.769,0.395,0.650
2976,99.200,19.416,0.000,13.760,0.000,1,1,0,0.000,1.894,4,0,0.724,2,0.000,468.654,0.967,0.516,3.372,0.549,0.083,0.650,0.235,0.765,0.660,0.650
2979,99.300,5.099,0.000,-14.317,0.000,1,1,0,0.000,1.819,4,0,0.724,2,0.000,472.208,0.967,0.525,2.421,0.150,0.287,0.957,0.215,0.785,0.584,0.580
2982,99.400,0.000,0.000,0.000,0.000,0,0,0,0.000,0.000,4,0,0.724,0,0.000,472.208,0.933,0.525,4.147,0.721,0.518,1.429,0.271,0.729,0.335,0.650
2985,99.500,0.000,0.000,0.000,0.000,0,0,0,0.000,0.000,4,0,0.759,0,0.000,472.208,0.900,0.525,3.343,0.732,0.704,0.948,0.231,0.769,0.310,0.580
2988,99.600,0.000,0.000,0.000,0.000,0,0,0,0.000,0.000,3,1,0.724,0,0.000,472.208,0.867,0.525,3.386,0.752,0.834,0.624,0.261,0.739,0.206,0.750
2991,99.700,0.000,0.000,0.000,0.000,0,0,0,0.000,0.000,3,0,0.724,0,0.000,472.208,0.833,0.525,6.114,0.847,1.107,0.535,0.307,0.693,0.264,0.580
2994,99.800,0.000,0.000,0.000,0.000,0,0,0,0.000,0.000,3,0,0.724,0,0.000,472.208,0.800,0.525,5.060,0.909,1.345,0.600,0.293,0.707,0.229,0.580
2997,99.900,0.000,494.632,0.000,485.413,1,0,1,0.000,1.694,3,0,0.724,1,0.000,472.208,0.800,0.439,4.581,0.775,1.405,0.096,0.280,0.720,0.666,0.700
3000,100.000,0.000,0.000,0.000,0.000,0,0,0,0.000,0.000,3,0,0.724,0,0.000,472.208,0.767,0.439,5.800,0.715,2.441,0.279,0.288,0.712,0.257,0.700
3003,100.100,0.000,0.000,0.000,0.000,0,0,0,0.000,0.000,3,0,0.724,0,0.000,472.208,0.733,0.439,5.503,0.846,3.348,0.102,0.293,0.707,0.236,0.700
3006,100.200,0.000,0.000,0.000,0.000,0,0,0,0.000,0.000,3,0,0.759,0,0.000,472.208,0.700,0.439,4.902,0.792,3.855,0.011,0.277,0.723,0.221,0.700
3009,100.300,0.000,0.000,0.000,0.000,0,0,0,0.000,0.000,3,0,0.793,0,0.000,472.208,0.667,0.439,3.982,0.817,4.859,0.114,0.270,0.730,0.192,0.700
3012,100.400,0.000,0.000,0.000,0.000,0,0,0,0.000,0.000,3,0,0.793,0,0.000,472.208,0.633,0.439,4.232,0.828,4.874,0.455,0.276,0.724,0.194,0.700
3015,100.500,0.000,0.000,0.000,0.000,0,0,0,0.000,0.000,3,0,0.828,0,0.000,472.208,0.600,0.439,5.178,0.951,3.729,0.958,0.279,0.721,0.205,0.700
3018,100.600,0.000,0.000,0.000,0.000,0,0,0,0.000,0.000,3,0,0.828,0,0.000,472.208,0.567,0.439,2.451,0.894,3.144,0.233,0.239,0.761,0.137,0.700
3021,100.700,31.780,0.000,26.681,0.000,1,1,0,0.000,1.775,3,0,0.862,1,0.000,472.208,0.567,0.392,2.272,0.916,1.898,0.218,0.245,0.755,0.497,0.700
3024,100.800,0.000,0.000,0.000,0.000,0,0,0,0.000,0.000,3,0,0.897,0,0.000,472.208,0.533,0.392,2.510,0.898,1.721,0.702,0.231,0.769,0.134,0.700
3027,100.900,12.649,0.000,-19.131,0.000,1,1,0,0.000,1.824,3,0,0.897,2,77.389,630.464,0.533,0.395,1.749,0.771,1.710,2.295,0.193,0.807,0.444,0.700
3030,101.000,17.889,0.000,5.239,0.000,1,1,0,0.000,1.842,3,0,0.931,2,12.042,809.089,0.533,0.400,2.414,0.850,1.328,0.255,0.238,0.762,0.484,0.350
3033,101.100,4.123,0.000,-13.765,0.000,1,1,0,0.000,1.837,3,0,0.966,2,12.042,809.089,0.533,0.400,2.990,0.822,1.191,0.360,0.258,0.742,0.424,0.580
3036,101.200,32.696,0.000,28.572,0.000,1,1,0,0.000,1.688,3,0,0.966,2,12.042,809.089,0.533,0.397,3.431,0.812,1.096,0.057,0.273,0.727,0.595,0.450
3039,101.300,7.211,0.000,-25.484,0.000,1,1,0,0.000,1.750,3,0,0.966,2,94.430,914.500,0.533,0.397,2.899,0.798,0.538,0.159,0.243,0.757,0.441,0.580
3042,101.400,0.000,0.000,0.000,0.000,0,0,0,0.000,0.000,4,1,0.931,0,94.430,914.500,0.500,0.397,2.564,0.671,0.299,0.207,0.214,0.786,0.247,0.750
3045,101.500,0.000,0.000,0.000,0.000,0,0,0,0.000,0.000,4,0,0.931,0,94.430,914.500,0.467,0.397,1.822,0.632,0.082,0.323,0.219,0.781,0.227,0.580
3048,101.600,0.000,0.000,0.000,0.000,0,0,0,0.000,0.000,4,0,0.931,0,94.430,914.500,0.433,0.397,1.466,0.712,0.330,1.283,0.155,0.845,0.209,0.580
3051,101.700,0.000,510.000,0.000,15.368,1,0,1,0.000,1.698,3,1,0.897,1,12.000,966.618,0.433,0.400,0.986,0.733,0.701,1.512,0.130,0.870,0.535,0.750
3054,101.800,0.000,0.000,0.000,0.000,0,0,0,0.000,0.000,3,0,0.897,0,12.000,966.618,0.400,0.400,1.108,0.279,1.271,1.243,0.147,0.853,0.126,0.650
3057,101.900,0.000,0.000,0.000,0.000,0,0,0,0.000,0.000,3,0,0.897,0,12.000,966.618,0.367,0.400,1.959,0.888,1.710,1.633,0.225,0.775,0.101,0.700
3060,102.000,0.000,0.000,0.000,0.000,0,0,0,0.000,0.000,3,0,0.897,0,12.000,966.618,0.333,0.400,2.092,0.721,1.951,0.481,0.196,0.804,0.112,0.700
3063,102.100,0.000,0.000,0.000,0.000,0,0,0,0.000,0.000,3,0,0.897,0,12.000,966.618,0.333,0.400,1.613,0.412,2.276,1.050,0.172,0.828,0.121,0.700
3066,102.200,0.000,0.000,0.000,0.000,0,0,0,0.000,0.000,3,0,0.897,0,12.000,966.618,0.300,0.400,1.361,0.563,1.958,0.068,0.177,0.823,0.101,0.700
3069,102.300,0.000,0.000,0.000,0.000,0,0,0,0.000,0.000,4,1,0.862,0,12.000,966.618,0.267,0.400,1.380,0.841,1.799,0.879,0.168,0.832,0.178,0.750
3072,102.400,16.553,0.000,9.342,0.000,1,1,0,0.000,1.841,4,0,0.862,3,12.000,966.618,0.300,0.390,3.507,0.726,1.880,1.504,0.212,0.788,0.600,0.700
3075,102.500,0.000,0.000,0.000,0.000,0,0,0,0.000,0.000,4,0,0.897,0,12.000,966.618,0.300,0.390,1.919,0.528,1.462,0.678,0.167,0.833,0.217,0.700
3078,102.600,0.000,0.000,0.000,0.000,0,0,0,0.000,0.000,4,0,0.897,0,12.000,966.618,0.300,0.390,1.229,0.852,1.386,2.261,0.183,0.817,0.177,0.580
3081,102.700,17.720,0.000,1.167,0.000,1,1,0,0.000,1.613,4,0,0.897,2,12.000,966.618,0.333,0.395,1.033,0.795,1.436,0.101,0.151,0.849,0.499,0.700
3084,102.800,11.705,0.000,-6.015,0.000,1,1,0,0.000,1.477,4,0,0.897,3,12.042,1032.755,0.367,0.390,1.515,0.808,1.550,0.228,0.164,0.836,0.525,0.700
3087,102.900,7.071,0.000,-4.634,0.000,1,1,0,0.000,1.231,3,1,0.862,2,1.414,1075.130,0.367,0.390,1.549,0.818,1.543,0.183,0.161,0.839,0.385,0.750
3090,103.000,5.000,0.000,-2.071,0.000,1,1,0,0.000,1.463,3,0,0.862,1,1.414,1075.130,0.400,0.390,0.771,0.834,1.488,2.217,0.121,0.879,0.297,0.700
3093,103.100,13.416,0.000,8.416,0.000,1,1,0,0.000,1.120,3,0,0.862,2,6.083,1100.348,0.433,0.390,2.022,0.907,1.437,0.109,0.195,0.805,0.434,0.700
3096,103.200,7.280,0.000,-6.136,0.000,1,1,0,0.000,1.192,3,0,0.862,2,6.083,1100.348,0.467,0.390,1.795,0.876,1.269,1.262,0.214,0.786,0.400,0.580
3099,103.300,6.325,0.000,-0.956,0.000,1,1,0,0.000,1.094,3,0,0.862,2,6.083,1100.348,0.500,0.385,2.532,0.933,0.999,0.139,0.251,0.749,0.413,0.580
3102,103.400,7.000,0.000,0.675,0.000,1,1,0,0.000,0.918,3,0,0.862,2,14.142,1135.669,0.533,0.385,2.435,0.899,0.722,0.304,0.240,0.760,0.421,0.580
3105,103.500,6.403,0.000,-0.597,0.000,1,1,0,0.000,0.984,3,0,0.862,2,14.142,1135.669,0.567,0.381,3.215,0.910,0.605,0.210,0.263,0.737,0.440,0.580
3108,103.600,3.606,0.000,-2.798,0.000,1,1,0,0.000,0.965,3,0,0.862,2,12.369,1223.024,0.600,0.376,1.469,0.884,0.487,0.006,0.204,0.796,0.387,0.580
3111,103.700,1.000,0.000,-2.606,0.000,1,1,0,0.000,1.149,2,1,0.828,1,12.369,1223.024,0.600,0.376,0.578,0.694,0.411,0.024,0.114,0.886,0.333,0.750
3114,103.800,1.414,0.000,0.414,0.000,1,1,0,0.000,1.114,3,1,0.793,2,12.369,1223.024,0.633,0.371,1.305,0.704,0.384,0.568,0.161,0.839,0.387,0.750
3117,103.900,3.606,0.000,2.191,0.000,1,1,0,0.000,1.116,3,0,0.793,1,12.369,1223.024,0.633,0.376,1.047,0.712,0.280,0.406,0.158,0.842,0.332,0.580
3120,104.000,7.071,0.000,3.466,0.000,1,1,0,0.000,1.079,3,0,0.793,2,10.770,1274.980,0.633,0.376,1.424,0.840,0.601,0.313,0.177,0.823,0.412,0.580
3123,104.100,13.454,0.000,6.383,0.000,1,1,0,0.000,1.274,3,0,0.793,2,107.201,1445.878,0.633,0.376,0.838,0.551,0.603,2.366,0.091,0.909,0.453,0.596
3126,104.200,16.125,0.000,2.671,0.000,1,1,0,0.000,1.587,3,0,0.793,2,0.000,1368.820,0.633,0.376,2.434,0.876,0.497,0.463,0.237,0.763,0.485,0.350
3129,104.300,38.471,0.000,22.346,0.000,1,1,0,0.000,1.703,3,0,0.828,2,0.000,1430.564,0.633,0.376,6.111,0.946,0.191,0.500,0.302,0.698,0.696,0.350
3132,104.400,39.051,0.000,0.580,0.000,1,1,0,0.000,1.549,3,0,0.828,2,0.000,1599.078,0.667,0.371,7.406,0.875,0.414,0.178,0.305,0.695,0.741,0.350
3135,104.500,37.643,440.093,-1.408,-69.907,2,1,1,374.204,2.009,3,0,0.828,4,0.000,2001.439,0.700,0.366,8.797,0.892,1.210,0.066,0.304,0.696,0.902,0.650
3138,104.600,0.000,0.000,0.000,0.000,0,0,0,0.000,0.000,3,0,0.862,0,0.000,2001.439,0.700,0.366,12.862,0.051,2.101,2.143,0.409,0.591,0.350,0.700
3141,104.700,0.000,0.000,0.000,0.000,0,0,0,0.000,0.000,4,1,0.828,0,0.000,2001.439,0.667,0.366,1.502,0.908,3.139,2.674,0.175,0.825,0.224,0.750
3144,104.800,0.000,0.000,0.000,0.000,0,0,0,0.000,0.000,4,0,0.828,0,0.000,2001.439,0.667,0.366,1.283,0.732,3.124,0.659,0.162,0.838,0.231,0.700
3147,104.900,0.000,0.000,0.000,0.000,0,0,0,0.000,0.000,4,0,0.828,0,0.000,2001.439,0.667,0.366,1.974,0.913,2.760,3.091,0.212,0.788,0.235,0.700
3150,105.000,0.000,0.000,0.000,0.000,0,0,0,0.000,0.000,4,0,0.828,0,0.000,2001.439,0.667,0.366,1.413,0.900,2.577,2.139,0.157,0.843,0.222,0.700
3153,105.100,0.000,0.000,0.000,0.000,0,0,0,0.000,0.000,4,0,0.828,0,0.000,2001.439,0.667,0.366,1.811,0.841,2.011,0.669,0.204,0.796,0.236,0.700
3156,105.200,0.000,0.000,0.000,0.000,0,0,0,0.000,0.000,4,0,0.862,0,0.000,2001.439,0.667,0.366,2.012,0.932,2.044,2.968,0.216,0.784,0.235,0.700
3159,105.300,0.000,0.000,0.000,0.000,0,0,0,0.000,0.000,4,0,0.862,0,0.000,2001.439,0.667,0.366,1.009,0.491,2.082,2.370,0.093,0.907,0.241,0.700
3162,105.400,0.000,0.000,0.000,0.000,0,0,0,0.000,0.000,4,0,0.862,0,0.000,2001.439,0.633,0.366,1.531,0.231,2.057,0.672,0.156,0.844,0.268,0.700
3165,105.500,0.000,0.000,0.000,0.000,0,0,0,0.000,0.000,4,0,0.862,0,0.000,2001.439,0.633,0.366,2.278,0.956,2.714,1.402,0.221,0.779,0.236,0.700
3168,105.600,0.000,0.000,0.000,0.000,0,0,0,0.000,0.000,5,1,0.828,0,0.000,2001.439,0.633,0.366,1.487,0.822,2.857,1.665,0.177,0.823,0.226,0.750
3171,105.700,0.000,0.000,0.000,0.000,0,0,0,0.000,0.000,5,0,0.828,0,0.000,2001.439,0.600,0.366,1.761,0.686,2.872,1.819,0.197,0.803,0.238,0.700
3174,105.800,0.000,0.000,0.000,0.000,0,0,0,0.000,0.000,5,0,0.862,0,0.000,2001.439,0.567,0.366,1.127,0.698,2.618,2.013,0.134,0.866,0.217,0.700
3177,105.900,0.000,0.000,0.000,0.000,0,0,0,0.000,0.000,4,1,0.828,0,0.000,2001.439,0.533,0.366,1.980,0.901,0.945,1.260,0.220,0.780,0.220,0.750
3180,106.000,0.000,0.000,0.000,0.000,0,0,0,0.000,0.000,3,1,0.793,0,0.000,2001.439,0.500,0.366,1.363,0.726,0.263,1.497,0.174,0.826,0.213,0.750
3183,106.100,0.000,0.000,0.000,0.000,0,0,0,0.000,0.000,4,1,0.759,0,0.000,2001.439,0.467,0.366,0.817,0.553,0.221,0.604,0.114,0.886,0.208,0.750
3186,106.200,0.000,0.000,0.000,0.000,0,0,0,0.000,0.000,5,1,0.724,0,0.000,2001.439,0.433,0.366,1.561,0.612,0.597,2.191,0.181,0.819,0.218,0.750
3189,106.300,0.000,0.000,0.000,0.000,0,0,0,0.000,0.000,5,0,0.724,0,0.000,2001.439,0.400,0.366,5.491,0.915,0.588,1.586,0.297,0.703,0.291,0.580
3192,106.400,0.000,0.000,0.000,0.000,0,0,0,0.000,0.000,5,0,0.724,0,0.000,2001.439,0.367,0.366,10.512,0.799,0.478,1.591,0.301,0.699,0.358,0.580
3195,106.500,189.842,0.000,152.199,0.000,1,1,0,0.000,1.147,4,1,0.690,3,0.000,2316.060,0.367,0.296,16.847,0.716,0.305,1.564,0.292,0.708,0.879,0.750
3198,106.600,186.968,0.000,-2.874,0.000,1,1,0,0.000,1.376,4,0,0.724,3,0.000,3490.294,0.367,0.283,16.822,0.656,0.021,0.073,0.260,0.740,0.883,0.350
3201,106.700,0.000,0.000,0.000,0.000,0,0,0,0.000,0.000,4,0,0.759,0,0.000,3490.294,0.333,0.283,11.545,0.210,0.298,0.664,0.226,0.774,0.395,0.650
3204,106.800,0.000,0.000,0.000,0.000,0,0,0,0.000,0.000,3,1,0.724,0,0.000,3490.294,0.300,0.283,12.776,0.240,0.458,0.035,0.197,0.803,0.289,0.750
3207,106.900,0.000,0.000,0.000,0.000,0,0,0,0.000,0.000,3,0,0.724,0,0.000,3490.294,0.267,0.283,13.727,0.497,0.686,0.328,0.179,0.821,0.267,0.580
3210,107.000,0.000,0.000,0.000,0.000,0,0,0,0.000,0.000,3,0,0.724,0,0.000,3490.294,0.233,0.283,12.469,0.779,0.915,0.399,0.183,0.817,0.243,0.580
3213,107.100,0.000,0.000,0.000,0.000,0,0,0,0.000,0.000,3,0,0.724,0,0.000,3490.294,0.200,0.283,8.703,0.878,1.103,0.061,0.171,0.829,0.233,0.580
3216,107.200,0.000,0.000,0.000,0.000,0,0,0,0.000,0.000,3,0,0.724,0,0.000,3490.294,0.167,0.283,5.149,0.901,1.241,0.066,0.165,0.835,0.156,0.580
3219,107.300,0.000,0.000,0.000,0.000,0,0,0,0.000,0.000,3,0,0.724,0,0.000,3490.294,0.133,0.283,7.030,0.659,1.313,2.807,0.167,0.833,0.216,0.580
3222,107.400,132.944,0.000,-54.024,0.000,1,1,0,0.000,1.404,3,0,0.724,2,0.000,3490.294,0.133,0.277,9.371,0.338,1.534,0.140,0.165,0.835,0.762,0.700
3225,107.500,0.000,0.000,0.000,0.000,0,0,0,0.000,0.000,3,0,0.724,0,0.000,3490.294,0.100,0.277,9.512,0.263,1.884,0.361,0.184,0.816,0.264,0.700
3228,107.600,0.000,0.000,0.000,0.000,0,0,0,0.000,0.000,3,0,0.759,0,0.000,3490.294,0.100,0.277,10.309,0.501,2.521,0.482,0.207,0.793,0.247,0.700
3231,107.700,213.965,0.000,81.021,0.000,1,1,0,0.000,1.454,4,1,0.724,3,0.000,3478.657,0.133,0.282,12.160,0.616,21.589,0.170,0.218,0.782,0.858,0.750
3234,107.800,29.547,0.000,-184.418,0.000,1,1,0,0.000,1.270,4,0,0.724,3,0.000,3694.359,0.167,0.279,11.370,0.679,23.376,0.138,0.228,0.772,0.772,0.700
3237,107.900,23.087,0.000,-6.460,0.000,1,1,0,0.000,1.202,4,0,0.724,3,0.000,3378.400,0.200,0.279,12.364,0.600,8.929,0.944,0.240,0.760,0.745,0.700
3240,108.000,8.000,0.000,-15.087,0.000,1,1,0,0.000,1.181,3,1,0.690,2,0.000,2022.300,0.233,0.256,13.509,0.698,3.712,0.303,0.247,0.753,0.544,0.750
3243,108.100,13.038,0.000,5.038,0.000,1,1,0,0.000,1.183,3,0,0.690,2,0.000,1397.290,0.267,0.259,13.164,0.773,1.783,0.058,0.248,0.752,0.570,0.700
3246,108.200,6.083,0.000,-6.956,0.000,1,1,0,0.000,1.010,3,0,0.690,2,76.276,1169.207,0.300,0.253,10.757,0.762,1.189,0.019,0.250,0.750,0.536,0.580
3249,108.300,4.243,0.000,-1.840,0.000,1,1,0,0.000,0.834,4,1,0.655,3,77.795,1101.108,0.333,0.253,8.055,0.753,1.018,0.151,0.243,0.757,0.646,0.750
3252,108.400,20.000,0.000,15.757,0.000,1,1,0,0.000,0.848,4,0,0.655,3,30.610,996.889,0.367,0.250,7.260,0.674,0.796,0.043,0.244,0.756,0.724,0.000
3255,108.500,7.071,0.000,-12.929,0.000,1,1,0,0.000,0.626,4,0,0.690,3,28.320,675.449,0.400,0.246,7.945,0.807,0.565,0.032,0.248,0.752,0.664,0.580
3258,108.600,20.616,0.000,13.544,0.000,1,1,0,0.000,0.506,4,0,0.690,3,50.249,437.108,0.433,0.246,8.655,0.846,0.400,0.098,0.250,0.750,0.742,0.000
3261,108.700,28.160,0.000,7.545,0.000,1,1,0,0.000,0.506,4,0,0.690,3,0.000,392.297,0.467,0.242,10.177,0.794,0.331,0.005,0.255,0.745,0.792,0.000
3264,108.800,33.956,0.000,5.796,0.000,1,1,0,0.000,0.512,4,0,0.724,3,0.000,748.258,0.500,0.242,10.855,0.776,0.360,0.000,0.260,0.740,0.829,0.000
3267,108.900,28.320,0.000,-5.636,0.000,1,1,0,0.000,0.577,3,1,0.724,2,0.000,748.258,0.533,0.239,10.924,0.795,0.354,0.158,0.260,0.740,0.686,0.750
3270,109.000,0.000,31.016,0.000,-277.282,2,0,1,31.016,2.394,3,0,0.759,4,0.000,748.258,0.567,0.235,9.639,0.891,0.298,0.232,0.264,0.736,0.808,0.650
3273,109.100,0.000,17.088,0.000,-13.928,1,0,1,0.000,2.411,3,0,0.793,2,0.000,748.258,0.600,0.235,6.881,0.932,0.210,0.192,0.262,0.738,0.594,0.650
3276,109.200,0.000,5.831,0.000,-11.257,1,0,1,0.000,2.182,3,0,0.793,2,0.000,748.258,0.633,0.235,5.942,0.860,0.031,0.084,0.242,0.758,0.517,0.580
3279,109.300,0.000,14.866,0.000,9.035,1,0,1,0.000,2.495,3,0,0.793,2,0.000,748.258,0.667,0.235,4.250,0.880,0.293,0.073,0.236,0.764,0.527,0.580
3282,109.400,0.000,5.385,0.000,-9.481,1,0,1,0.000,2.229,3,0,0.828,2,0.000,748.258,0.700,0.235,3.156,0.845,0.603,0.143,0.219,0.781,0.454,0.580
3285,109.500,47.265,0.000,18.946,0.000,1,1,0,0.000,0.652,4,1,0.793,2,41.110,1051.169,0.700,0.235,2.115,0.762,0.841,0.314,0.190,0.810,0.724,0.750
3288,109.600,0.000,2.236,0.000,-3.149,1,0,1,0.000,1.853,3,1,0.759,1,41.110,1051.169,0.700,0.239,1.323,0.464,1.123,0.507,0.149,0.851,0.457,0.750
3291,109.700,0.000,6.403,0.000,4.167,1,0,1,0.000,1.656,4,1,0.759,1,41.110,1051.169,0.733,0.242,1.714,0.786,1.522,1.563,0.173,0.827,0.456,0.750
3294,109.800,209.659,1.414,162.394,-4.989,2,1,1,216.518,1.350,4,0,0.759,4,41.110,1051.169,0.767,0.322,2.949,0.926,1.754,0.410,0.213,0.787,0.881,0.700
3297,109.900,21.840,9.220,-187.819,7.805,2,1,1,203.214,1.185,4,0,0.759,4,27.074,1254.394,0.800,0.419,4.188,0.932,1.741,0.062,0.238,0.762,0.787,0.700
3300,110.000,190.421,0.000,-16.292,0.000,2,1,0,190.421,1.138,4,0,0.759,4,2.236,1414.379,0.833,0.435,4.316,0.957,1.673,0.110,0.237,0.763,0.921,0.700
