frame_idx,timestamp,hand_velocity_left,hand_velocity_right,hand_acceleration_left,hand_acceleration_right,hands_present,grip_state_left,grip_state_right,hand_distance,trajectory_curvature,num_tools,tool_changed,tool_stability,num_interactions,contact_point_shift,contact_point_variance,interaction_density,interaction_rhythm,flow_magnitude,flow_uniformity,flow_discontinuity,direction_change,scene_change_score,visual_stability,activity_level,transition_score
0,0.000,0.000,0.000,0.000,0.000,0,0,0,0.000,0.000,2,0,1.000,0,0.000,0.000,0.000,0.000,0.000,1.000,0.000,0.000,0.000,1.000,0.000,0.000
3,0.100,0.000,0.000,0.000,0.000,0,0,0,0.000,0.000,3,1,0.000,0,0.000,0.000,0.000,0.000,4.826,0.350,0.000,0.545,0.128,0.872,0.166,0.750
6,0.200,0.000,0.000,0.000,0.000,0,0,0,0.000,0.000,3,0,0.500,0,0.000,0.000,0.000,0.000,2.891,0.756,0.000,1.048,0.117,0.883,0.089,0.000
9,0.300,0.000,0.000,0.000,0.000,0,0,0,0.000,0.000,3,0,0.667,0,0.000,0.000,0.000,0.000,2.239,0.493,0.000,0.814,0.087,0.913,0.091,0.000
12,0.400,0.000,0.000,0.000,0.000,0,0,0,0.000,0.000,3,0,0.750,0,0.000,0.000,0.000,0.000,3.316,0.599,0.000,0.108,0.095,0.905,0.111,0.000
15,0.500,0.000,0.000,0.000,0.000,0,0,0,0.000,0.000,3,0,0.800,0,0.000,0.000,0.000,0.000,3.023,0.811,0.000,0.038,0.100,0.900,0.089,0.000
18,0.600,0.000,0.000,0.000,0.000,0,0,0,0.000,0.000,3,0,0.833,0,0.000,0.000,0.000,0.000,1.974,0.856,0.000,0.148,0.084,0.916,0.059,0.000
21,0.700,0.000,0.000,0.000,0.000,0,0,0,0.000,0.000,3,0,0.857,0,0.000,0.000,0.000,0.000,2.565,0.362,0.000,0.588,0.074,0.926,0.109,0.000
24,0.800,0.000,0.000,0.000,0.000,1,0,0,0.000,0.000,3,0,0.875,2,0.000,0.000,0.111,0.000,5.435,0.673,0.000,3.037,0.129,0.871,0.342,0.650
27,0.900,64.661,0.000,64.661,0.000,1,0,0,0.000,0.000,3,0,0.889,2,0.000,0.000,0.200,0.414,5.940,0.235,0.000,2.017,0.157,0.843,0.646,0.550
30,1.000,0.000,0.000,0.000,0.000,1,0,0,0.000,0.000,3,0,0.900,2,0.000,0.000,0.273,0.449,4.890,0.461,0.000,0.310,0.191,0.809,0.363,0.580
33,1.100,0.000,22.023,0.000,22.023,1,0,0,0.000,0.000,3,0,0.909,2,0.000,0.000,0.333,0.464,5.912,0.553,0.000,0.010,0.181,0.819,0.511,0.000
36,1.200,0.000,28.844,0.000,6.822,1,0,0,0.000,0.000,3,0,0.917,2,0.000,0.000,0.385,0.472,5.221,0.582,0.000,0.395,0.175,0.825,0.536,0.000
39,1.300,507.102,36.401,442.441,7.556,2,0,0,512.563,0.061,3,0,0.923,4,0.000,0.000,0.429,0.442,5.964,0.722,0.000,0.266,0.163,0.837,0.750,0.650
42,1.400,18.439,45.222,-488.662,8.821,2,0,0,462.000,2.390,3,0,0.929,4,0.000,37.000,0.467,0.425,4.437,0.640,0.000,0.542,0.151,0.849,0.722,0.450
45,1.500,10.630,37.483,-7.809,-7.738,2,0,0,418.005,2.052,3,0,0.933,4,159.003,2313.080,0.500,0.414,2.168,0.669,0.000,0.847,0.117,0.883,0.626,0.750
48,1.600,1.000,29.411,-9.630,-8.072,2,0,1,394.325,2.176,3,0,0.938,4,132.673,2775.773,0.529,0.407,2.204,0.757,0.000,0.933,0.130,0.870,0.659,0.737
51,1.700,6.708,2.236,5.708,-27.175,2,1,1,395.558,1.748,3,0,0.941,4,150.443,2835.640,0.556,0.401,2.370,0.892,0.000,0.253,0.145,0.855,0.531,0.750
54,1.800,20.396,23.022,13.688,20.786,2,1,1,438.657,1.580,3,0,0.944,4,0.000,3220.527,0.579,0.397,4.157,0.847,0.000,0.096,0.159,0.841,0.672,0.350
57,1.900,0.000,51.971,0.000,28.949,1,0,1,0.000,0.708,3,0,0.947,2,0.000,3220.527,0.600,0.404,3.828,0.729,0.000,0.614,0.180,0.820,0.687,0.650
60,2.000,0.000,0.000,0.000,0.000,0,0,0,0.000,0.000,3,0,0.950,0,0.000,3220.527,0.571,0.404,4.114,0.538,0.000,0.473,0.164,0.836,0.204,0.650
63,2.100,0.000,0.000,0.000,0.000,0,0,0,0.000,0.000,3,0,0.952,0,0.000,3220.527,0.545,0.404,8.554,0.451,0.000,1.013,0.208,0.792,0.304,0.580
66,2.200,276.101,0.000,255.705,0.000,1,1,0,0.000,1.828,3,0,0.955,2,0.000,3089.422,0.565,0.375,8.111,0.593,0.000,2.412,0.195,0.805,0.796,0.650
69,2.300,48.374,0.000,-227.728,0.000,1,1,0,0.000,1.623,3,0,0.957,2,0.000,3211.540,0.583,0.381,9.717,0.606,0.000,2.622,0.201,0.799,0.798,0.550
72,2.400,14.213,0.000,-34.161,0.000,1,1,0,0.000,1.663,3,0,0.958,2,0.000,3133.213,0.600,0.386,9.259,0.866,0.000,0.392,0.191,0.809,0.610,0.580
75,2.500,58.898,0.000,44.686,0.000,1,1,0,0.000,1.387,3,0,0.960,2,58.898,3050.987,0.615,0.391,7.008,0.719,0.000,0.008,0.198,0.802,0.769,0.450
78,2.600,49.980,0.000,-8.918,0.000,1,1,0,0.000,1.238,3,0,0.962,2,49.980,2856.940,0.630,0.396,7.047,0.446,0.000,2.412,0.222,0.778,0.791,0.550
81,2.700,53.712,0.000,3.732,0.000,1,1,0,0.000,1.112,3,0,0.963,2,0.000,2542.230,0.643,0.400,6.750,0.583,0.000,1.469,0.254,0.746,0.775,0.550
84,2.800,42.544,0.000,-11.168,0.000,1,1,0,0.000,1.364,3,0,0.964,2,0.000,2259.258,0.655,0.404,8.547,0.763,0.000,0.971,0.243,0.757,0.782,0.350
87,2.900,29.069,0.000,-13.475,0.000,1,1,0,0.000,1.556,3,0,0.966,2,0.000,2133.168,0.667,0.407,5.627,0.789,0.000,0.382,0.246,0.754,0.647,0.350
90,3.000,17.692,0.000,-11.377,0.000,1,1,0,0.000,1.405,3,0,1.000,1,17.692,2021.865,0.700,0.414,8.074,0.715,0.000,0.099,0.265,0.735,0.592,0.580
93,3.100,33.734,0.000,16.042,0.000,1,1,0,0.000,1.432,3,0,1.000,2,0.000,1890.214,0.733,0.417,9.474,0.599,1.585,0.211,0.241,0.759,0.754,0.700
96,3.200,43.932,0.000,10.198,0.000,1,1,0,0.000,1.254,3,0,1.000,2,43.932,1853.868,0.767,0.419,11.446,0.505,1.966,0.243,0.259,0.741,0.821,0.700
99,3.300,9.220,0.000,-34.712,0.000,1,1,0,0.000,1.365,4,1,0.966,3,9.220,1849.898,0.800,0.419,11.695,0.686,2.347,0.257,0.245,0.755,0.734,0.750
102,3.400,8.602,0.000,-0.617,0.000,1,1,0,0.000,1.601,4,0,0.966,3,8.602,1839.925,0.833,0.419,13.098,0.665,2.697,0.411,0.241,0.759,0.736,0.700
105,3.500,7.810,0.000,-0.792,0.000,1,1,0,0.000,1.807,4,0,0.966,3,194.250,2041.284,0.867,0.410,8.159,0.752,3.113,0.276,0.232,0.768,0.730,0.750
108,3.600,24.597,0.000,16.786,0.000,1,1,0,0.000,1.525,4,0,0.966,3,188.664,2019.314,0.900,0.410,6.411,0.773,3.301,0.203,0.200,0.800,0.786,0.750
111,3.700,15.264,0.000,-9.332,0.000,1,1,0,0.000,1.289,4,0,0.966,3,106.977,1963.919,0.933,0.410,11.786,0.690,2.442,0.781,0.205,0.795,0.784,0.700
114,3.800,17.088,0.000,1.824,0.000,1,1,0,0.000,1.171,4,0,0.966,3,99.850,2124.894,0.933,0.410,4.037,0.198,2.199,2.750,0.172,0.828,0.729,0.700
117,3.900,16.553,0.000,-0.535,0.000,1,1,0,0.000,1.194,3,1,0.931,2,168.244,2682.299,0.933,0.419,9.223,0.373,1.539,0.889,0.206,0.794,0.698,0.750
120,4.000,15.524,0.000,-1.029,0.000,1,1,0,0.000,1.152,3,0,0.931,2,0.000,2678.899,0.933,0.419,6.180,0.711,1.306,3.025,0.196,0.804,0.623,0.580
123,4.100,24.083,0.000,8.559,0.000,1,1,0,0.000,1.076,3,0,0.931,2,122.788,3016.197,0.933,0.428,5.566,0.822,1.211,0.237,0.193,0.807,0.647,0.682
126,4.200,24.187,0.000,0.104,0.000,1,1,0,0.000,0.865,4,1,0.897,3,56.613,3079.319,0.933,0.428,9.554,0.773,1.127,0.453,0.187,0.813,0.827,0.750
129,4.300,42.426,0.000,18.240,0.000,1,1,0,0.000,0.515,4,0,0.897,2,59.414,2943.894,0.933,0.428,8.963,0.816,1.155,0.300,0.189,0.811,0.881,0.000
132,4.400,24.515,0.000,-17.911,0.000,1,1,0,0.000,0.494,4,0,0.897,2,56.859,2524.630,0.933,0.436,6.474,0.929,1.055,1.098,0.163,0.837,0.735,0.000
135,4.500,20.224,0.000,-4.292,0.000,1,1,0,0.000,0.469,4,0,0.897,2,44.045,2574.919,0.933,0.436,5.931,0.704,1.058,0.712,0.165,0.835,0.713,0.000
138,4.600,15.524,0.000,-4.700,0.000,1,1,0,0.000,0.734,4,0,0.897,2,50.000,2829.810,0.933,0.445,4.232,0.662,0.907,0.719,0.159,0.841,0.648,0.000
141,4.700,29.967,0.000,14.442,0.000,1,1,0,0.000,0.723,4,0,0.897,3,13.416,2707.774,0.933,0.445,4.959,0.089,0.599,2.247,0.174,0.826,0.831,0.550
144,4.800,56.798,0.000,26.831,0.000,1,1,0,0.000,0.702,3,1,0.862,2,0.000,2778.859,0.933,0.470,5.918,0.214,0.140,0.225,0.188,0.812,0.815,0.750
147,4.900,36.688,0.000,-20.110,0.000,1,1,0,0.000,0.745,3,0,0.862,2,58.694,2837.415,0.933,0.470,6.256,0.547,0.262,2.924,0.179,0.821,0.754,0.550
150,5.000,20.518,0.000,-16.170,0.000,1,1,0,0.000,0.992,3,0,0.862,2,40.050,2821.669,0.967,0.470,4.658,0.682,0.726,0.131,0.162,0.838,0.619,0.350
153,5.100,10.440,0.000,-10.078,0.000,1,1,0,0.000,1.025,4,1,0.828,3,246.868,3385.779,1.000,0.462,2.013,0.564,1.104,0.057,0.135,0.865,0.624,0.750
156,5.200,59.034,0.000,48.594,0.000,1,1,0,0.000,1.049,4,0,0.828,3,203.973,3868.614,1.000,0.462,6.823,0.774,1.128,0.503,0.187,0.813,0.921,0.750
159,5.300,14.142,0.000,-44.892,0.000,1,1,0,0.000,1.099,4,0,0.828,3,203.836,4351.819,1.000,0.453,2.925,0.828,1.325,0.623,0.141,0.859,0.649,0.750
162,5.400,53.367,0.000,39.225,0.000,1,1,0,0.000,0.790,3,1,0.793,2,12.806,4471.575,1.000,0.453,2.685,0.815,1.040,0.028,0.141,0.859,0.700,0.750
165,5.500,80.411,0.000,27.045,0.000,1,1,0,0.000,0.719,3,0,0.793,2,158.152,4621.354,1.000,0.453,3.118,0.587,1.215,2.200,0.164,0.836,0.727,0.750
168,5.600,0.000,0.000,0.000,0.000,0,0,0,0.000,0.000,3,0,0.793,0,158.152,4621.354,0.967,0.453,4.863,0.674,1.253,0.311,0.147,0.853,0.260,0.750
171,5.700,128.413,0.000,48.002,0.000,1,1,0,0.000,1.022,3,0,0.793,2,109.859,4323.087,0.967,0.446,4.557,0.658,1.194,0.086,0.150,0.850,0.754,0.650
174,5.800,9.849,0.000,-118.565,0.000,1,1,0,0.000,1.016,3,0,0.793,2,56.727,4303.629,0.967,0.446,5.812,0.564,1.406,0.007,0.152,0.848,0.597,0.700
177,5.900,86.052,0.000,76.203,0.000,1,1,0,0.000,0.738,3,0,0.793,2,86.770,4923.609,0.967,0.446,7.325,0.085,1.498,0.104,0.221,0.779,0.863,0.700
180,6.000,18.601,0.000,-67.451,0.000,1,1,0,0.000,0.678,4,1,0.759,3,0.000,5129.524,0.967,0.446,9.636,0.414,1.532,0.460,0.192,0.808,0.825,0.750
183,6.100,42.154,0.000,23.553,0.000,1,1,0,0.000,0.969,4,0,0.759,2,46.872,5314.340,0.967,0.454,10.311,0.288,1.330,1.068,0.209,0.791,0.920,0.350
186,6.200,28.071,0.000,-14.083,0.000,1,1,0,0.000,1.129,4,0,0.793,2,31.401,5298.324,0.967,0.454,5.644,0.455,0.970,2.974,0.204,0.796,0.771,0.550
189,6.300,58.464,0.000,30.392,0.000,1,1,0,0.000,1.293,3,1,0.759,2,47.297,4349.677,0.967,0.454,9.851,0.466,0.810,1.466,0.224,0.776,0.853,0.750
192,6.400,27.019,0.000,-31.445,0.000,1,1,0,0.000,1.308,3,0,0.759,2,22.136,3446.574,0.967,0.463,8.728,0.801,0.617,0.126,0.193,0.807,0.730,0.450
195,6.500,0.000,499.509,0.000,447.538,1,0,1,0.000,1.001,3,0,0.759,2,0.000,2300.300,0.967,0.463,4.783,0.323,0.466,1.442,0.278,0.722,0.783,0.550
198,6.600,160.611,0.000,133.593,0.000,1,1,0,0.000,1.381,3,0,0.759,2,0.000,979.885,0.967,0.463,9.493,0.369,0.344,1.256,0.216,0.784,0.860,0.500
201,6.700,13.342,0.000,-147.270,0.000,1,1,0,0.000,1.304,3,0,0.759,2,0.000,586.244,0.967,0.463,5.594,0.766,0.022,2.437,0.209,0.791,0.596,0.580
204,6.800,27.659,0.000,14.317,0.000,1,1,0,0.000,1.496,3,0,0.793,2,64.008,555.888,0.967,0.463,8.356,0.675,0.153,2.343,0.203,0.797,0.742,0.550
207,6.900,1.414,0.000,-26.244,0.000,1,1,0,0.000,1.758,3,0,0.793,2,0.000,465.069,0.967,0.463,7.646,0.724,0.357,0.461,0.208,0.792,0.584,0.580
210,7.000,15.524,0.000,14.110,0.000,1,1,0,0.000,1.564,3,0,0.793,2,0.000,452.819,0.967,0.471,8.313,0.189,0.742,2.531,0.196,0.804,0.709,0.580
213,7.100,66.708,0.000,51.184,0.000,1,1,0,0.000,1.387,3,0,0.828,2,204.600,905.409,0.967,0.471,7.113,0.271,0.975,0.856,0.161,0.839,0.845,0.750
216,7.200,0.000,0.000,0.000,0.000,0,0,0,0.000,0.000,3,0,0.828,0,204.600,905.409,0.933,0.471,6.589,0.539,1.067,0.098,0.174,0.826,0.309,0.750
219,7.300,0.000,0.000,0.000,0.000,0,0,0,0.000,0.000,3,0,0.828,0,204.600,905.409,0.900,0.471,4.277,0.334,1.529,1.343,0.161,0.839,0.262,0.750
222,7.400,0.000,0.000,0.000,0.000,0,0,0,0.000,0.000,3,0,0.828,0,204.600,905.409,0.867,0.471,6.412,0.794,1.951,1.241,0.186,0.814,0.279,0.750
225,7.500,0.000,0.000,0.000,0.000,0,0,0,0.000,0.000,3,0,0.828,0,204.600,905.409,0.833,0.471,4.749,0.729,1.771,1.419,0.191,0.809,0.238,0.750
228,7.600,0.000,0.000,0.000,0.000,0,0,0,0.000,0.000,3,0,0.828,0,204.600,905.409,0.800,0.471,4.630,0.675,1.104,0.300,0.200,0.800,0.234,0.750
231,7.700,0.000,0.000,0.000,0.000,0,0,0,0.000,0.000,3,0,0.862,0,204.600,905.409,0.767,0.471,5.323,0.504,0.583,0.400,0.195,0.805,0.260,0.750
234,7.800,0.000,0.000,0.000,0.000,0,0,0,0.000,0.000,3,0,0.862,0,204.600,905.409,0.733,0.471,7.662,0.617,0.555,2.729,0.199,0.801,0.306,0.750
237,7.900,0.000,0.000,0.000,0.000,0,0,0,0.000,0.000,3,0,0.862,0,204.600,905.409,0.700,0.471,9.631,0.915,0.344,1.006,0.162,0.838,0.290,0.750
240,8.000,0.000,0.000,0.000,0.000,0,0,0,0.000,0.000,3,0,0.897,0,204.600,905.409,0.667,0.471,5.899,0.562,0.291,1.748,0.185,0.815,0.258,0.750
243,8.100,0.000,0.000,0.000,0.000,0,0,0,0.000,0.000,3,0,0.897,0,204.600,905.409,0.633,0.471,6.650,0.582,0.316,1.076,0.182,0.818,0.272,0.750
246,8.200,0.000,0.000,0.000,0.000,0,0,0,0.000,0.000,3,0,0.897,0,204.600,905.409,0.600,0.471,8.144,0.658,0.059,1.350,0.197,0.803,0.296,0.750
249,8.300,0.000,0.000,0.000,0.000,0,0,0,0.000,0.000,3,0,0.931,0,204.600,905.409,0.567,0.471,8.853,0.750,0.157,0.102,0.200,0.800,0.285,0.750
252,8.400,0.000,0.000,0.000,0.000,0,0,0,0.000,0.000,5,1,0.897,0,204.600,905.409,0.533,0.471,10.101,0.818,0.031,0.322,0.202,0.798,0.377,0.750
255,8.500,0.000,0.000,0.000,0.000,0,0,0,0.000,0.000,5,0,0.897,0,204.600,905.409,0.500,0.471,10.369,0.599,0.041,0.945,0.185,0.815,0.388,0.750
258,8.600,0.000,0.000,0.000,0.000,0,0,0,0.000,0.000,5,0,0.897,0,204.600,905.409,0.500,0.471,9.825,0.523,0.153,1.872,0.207,0.793,0.393,0.750
261,8.700,0.000,0.000,0.000,0.000,0,0,0,0.000,0.000,3,1,0.862,0,204.600,905.409,0.467,0.471,6.871,0.190,0.146,0.354,0.203,0.797,0.284,0.750
264,8.800,0.000,0.000,0.000,0.000,0,0,0,0.000,0.000,3,0,0.862,0,204.600,905.409,0.433,0.471,9.530,0.059,0.229,1.016,0.185,0.815,0.318,0.750
267,8.900,0.000,0.000,0.000,0.000,0,0,0,0.000,0.000,3,0,0.897,0,204.600,905.409,0.400,0.471,10.344,0.475,0.036,1.298,0.195,0.805,0.285,0.750
270,9.000,0.000,0.000,0.000,0.000,0,0,0,0.000,0.000,3,0,0.897,0,204.600,905.409,0.367,0.471,9.496,0.489,0.209,0.482,0.211,0.789,0.280,0.750
273,9.100,0.000,0.000,0.000,0.000,0,0,0,0.000,0.000,3,0,0.897,0,204.600,905.409,0.333,0.471,8.464,0.554,0.546,0.040,0.197,0.803,0.271,0.750
276,9.200,0.000,0.000,0.000,0.000,0,0,0,0.000,0.000,3,0,0.931,0,204.600,905.409,0.300,0.471,8.606,0.326,0.930,0.057,0.245,0.755,0.283,0.750
279,9.300,0.000,0.000,0.000,0.000,0,0,0,0.000,0.000,3,0,0.931,0,204.600,905.409,0.267,0.471,9.837,0.364,1.055,0.183,0.189,0.811,0.277,0.750
282,9.400,0.000,0.000,0.000,0.000,0,0,0,0.000,0.000,3,0,0.931,0,204.600,905.409,0.233,0.471,10.242,0.666,1.344,0.383,0.201,0.799,0.251,0.750
285,9.500,0.000,0.000,0.000,0.000,0,0,0,0.000,0.000,3,0,0.931,0,204.600,905.409,0.200,0.471,9.288,0.738,1.263,0.308,0.207,0.793,0.242,0.750
288,9.600,0.000,0.000,0.000,0.000,0,0,0,0.000,0.000,5,1,0.897,0,204.600,905.409,0.167,0.471,14.416,0.507,1.401,1.310,0.363,0.637,0.355,0.750
291,9.700,0.000,0.000,0.000,0.000,0,0,0,0.000,0.000,5,0,0.897,0,204.600,905.409,0.133,0.471,0.839,0.841,2.030,0.427,0.073,0.927,0.148,0.750
294,9.800,0.000,0.000,0.000,0.000,0,0,0,0.000,0.000,5,0,0.897,0,204.600,905.409,0.100,0.471,1.451,0.200,1.567,1.982,0.086,0.914,0.204,0.750
297,9.900,0.000,0.000,0.000,0.000,0,0,0,0.000,0.000,3,1,0.862,0,204.600,905.409,0.067,0.471,2.569,0.753,1.190,0.196,0.130,0.870,0.090,0.750
300,10.000,0.000,0.000,0.000,0.000,0,0,0,0.000,0.000,3,0,0.862,0,204.600,905.409,0.033,0.471,2.394,0.735,0.676,1.474,0.152,0.848,0.082,0.750
303,10.100,0.000,0.000,0.000,0.000,0,0,0,0.000,0.000,3,0,0.862,0,204.600,905.409,0.000,0.471,3.385,0.831,0.269,1.269,0.136,0.864,0.096,0.750
306,10.200,0.000,0.000,0.000,0.000,0,0,0,0.000,0.000,4,1,0.828,0,204.600,905.409,0.000,0.471,4.025,0.408,0.045,0.221,0.128,0.872,0.242,0.750
309,10.300,0.000,0.000,0.000,0.000,0,0,0,0.000,0.000,4,0,0.828,0,204.600,905.409,0.000,0.471,3.604,0.686,0.147,0.105,0.174,0.826,0.212,0.750
312,10.400,0.000,0.000,0.000,0.000,0,0,0,0.000,0.000,4,0,0.828,0,204.600,905.409,0.000,0.471,5.600,0.593,0.539,0.671,0.204,0.796,0.268,0.750
315,10.500,0.000,0.000,0.000,0.000,0,0,0,0.000,0.000,5,1,0.793,0,204.600,905.409,0.000,0.471,6.683,0.593,0.804,0.247,0.242,0.758,0.296,0.750
318,10.600,0.000,0.000,0.000,0.000,0,0,0,0.000,0.000,5,0,0.793,0,204.600,905.409,0.000,0.471,7.112,0.296,1.140,1.270,0.234,0.766,0.327,0.750
321,10.700,0.000,0.000,0.000,0.000,0,0,0,0.000,0.000,5,0,0.793,0,204.600,905.409,0.000,0.471,7.693,0.599,1.546,0.733,0.207,0.793,0.320,0.750
324,10.800,0.000,0.000,0.000,0.000,0,0,0,0.000,0.000,5,0,0.793,0,204.600,905.409,0.000,0.471,6.081,0.194,2.024,1.569,0.204,0.796,0.308,0.750
327,10.900,0.000,0.000,0.000,0.000,0,0,0,0.000,0.000,5,0,0.793,0,204.600,905.409,0.000,0.471,5.600,0.342,2.318,1.939,0.158,0.842,0.286,0.750
330,11.000,0.000,0.000,0.000,0.000,0,0,0,0.000,0.000,5,0,0.793,0,204.600,905.409,0.000,0.471,5.712,0.620,2.517,2.795,0.202,0.798,0.269,0.750
333,11.100,0.000,0.000,0.000,0.000,0,0,0,0.000,0.000,4,1,0.759,0,204.600,905.409,0.000,0.471,4.808,0.485,3.477,0.694,0.195,0.805,0.256,0.750
336,11.200,0.000,0.000,0.000,0.000,0,0,0,0.000,0.000,4,0,0.759,0,204.600,905.409,0.000,0.471,5.486,0.583,3.235,1.353,0.201,0.799,0.266,0.750
339,11.300,0.000,0.000,0.000,0.000,0,0,0,0.000,0.000,4,0,0.793,0,204.600,905.409,0.000,0.471,5.505,0.787,1.604,1.046,0.220,0.780,0.253,0.750
342,11.400,0.000,0.000,0.000,0.000,0,0,0,0.000,0.000,5,1,0.759,0,204.600,905.409,0.000,0.471,4.116,0.717,1.076,1.367,0.182,0.818,0.223,0.750
345,11.500,0.000,0.000,0.000,0.000,0,0,0,0.000,0.000,5,0,0.759,0,204.600,905.409,0.000,0.471,2.090,0.855,0.819,2.652,0.146,0.854,0.162,0.750
348,11.600,0.000,0.000,0.000,0.000,0,0,0,0.000,0.000,5,0,0.793,0,204.600,905.409,0.000,0.471,2.047,0.521,0.639,0.268,0.093,0.907,0.185,0.750
351,11.700,0.000,0.000,0.000,0.000,0,0,0,0.000,0.000,3,1,0.759,0,204.600,905.409,0.000,0.471,1.787,0.322,0.538,0.274,0.103,0.897,0.092,0.750
354,11.800,0.000,0.000,0.000,0.000,0,0,0,0.000,0.000,3,0,0.759,0,204.600,905.409,0.000,0.471,1.227,0.218,0.517,2.983,0.119,0.881,0.085,0.750
357,11.900,0.000,0.000,0.000,0.000,0,0,0,0.000,0.000,3,0,0.759,0,204.600,905.409,0.000,0.471,0.699,0.218,0.455,0.191,0.090,0.910,0.072,0.750
360,12.000,0.000,0.000,0.000,0.000,0,0,0,0.000,0.000,6,1,0.724,0,204.600,905.409,0.000,0.471,0.995,0.034,0.472,0.032,0.109,0.891,0.192,0.750
363,12.100,0.000,0.000,0.000,0.000,0,0,0,0.000,0.000,5,1,0.690,0,204.600,905.409,0.000,0.471,0.621,0.466,0.534,0.751,0.091,0.909,0.153,0.750
366,12.200,0.000,0.000,0.000,0.000,0,0,0,0.000,0.000,5,0,0.690,0,204.600,905.409,0.000,0.471,0.490,0.415,0.632,0.356,0.080,0.920,0.153,0.750
369,12.300,0.000,0.000,0.000,0.000,0,0,0,0.000,0.000,6,1,0.655,0,204.600,905.409,0.000,0.471,1.453,0.178,0.750,1.595,0.123,0.877,0.194,0.750
372,12.400,0.000,116.078,0.000,-383.431,1,0,1,0.000,1.323,6,0,0.655,2,53.535,945.204,0.033,0.166,1.561,0.299,0.797,1.808,0.130,0.870,0.632,0.650
375,12.500,0.000,14.213,0.000,-101.865,1,0,1,0.000,1.651,6,0,0.690,2,17.804,1002.348,0.067,0.166,2.111,0.488,0.836,0.141,0.145,0.855,0.466,0.580
378,12.600,0.000,0.000,0.000,0.000,0,0,0,0.000,0.000,5,1,0.655,0,17.804,1002.348,0.067,0.166,1.983,0.478,0.879,0.873,0.149,0.851,0.194,0.750
381,12.700,0.000,13.038,0.000,-1.174,1,0,1,0.000,1.634,5,0,0.655,2,100.319,1605.059,0.100,0.168,1.722,0.552,1.166,0.840,0.152,0.848,0.461,0.650
384,12.800,0.000,0.000,0.000,0.000,0,0,0,0.000,0.000,5,0,0.690,0,100.319,1605.059,0.100,0.168,1.694,0.868,1.641,0.507,0.160,0.840,0.164,0.700
387,12.900,0.000,0.000,0.000,0.000,0,0,0,0.000,0.000,5,0,0.690,0,100.319,1605.059,0.100,0.168,1.885,0.841,2.236,0.819,0.135,0.865,0.170,0.700
390,13.000,0.000,0.000,0.000,0.000,0,0,0,0.000,0.000,5,0,0.690,0,100.319,1605.059,0.100,0.168,2.013,0.606,2.612,0.113,0.142,0.858,0.190,0.700
393,13.100,0.000,0.000,0.000,0.000,0,0,0,0.000,0.000,5,0,0.724,0,100.319,1605.059,0.100,0.168,1.295,0.674,2.528,0.060,0.125,0.875,0.167,0.700
396,13.200,0.000,0.000,0.000,0.000,0,0,0,0.000,0.000,5,0,0.724,0,100.319,1605.059,0.100,0.168,2.895,0.482,2.281,2.401,0.183,0.817,0.221,0.700
399,13.300,0.000,0.000,0.000,0.000,0,0,0,0.000,0.000,5,0,0.724,0,100.319,1605.059,0.100,0.168,2.184,0.697,1.918,1.279,0.140,0.860,0.188,0.700
402,13.400,0.000,27.785,0.000,14.746,1,0,1,0.000,1.714,5,0,0.759,2,25.942,1774.135,0.133,0.177,3.991,0.378,1.609,0.217,0.156,0.844,0.616,0.700
405,13.500,0.000,0.000,0.000,0.000,0,0,0,0.000,0.000,6,1,0.724,0,25.942,1774.135,0.133,0.177,3.053,0.782,1.197,2.238,0.167,0.833,0.208,0.750
408,13.600,0.000,0.000,0.000,0.000,0,0,0,0.000,0.000,6,0,0.724,0,25.942,1774.135,0.133,0.177,3.794,0.683,0.935,1.054,0.168,0.832,0.233,0.580
411,13.700,0.000,0.000,0.000,0.000,0,0,0,0.000,0.000,6,0,0.724,0,25.942,1774.135,0.133,0.177,3.093,0.511,0.653,1.402,0.167,0.833,0.228,0.580
414,13.800,0.000,0.000,0.000,0.000,0,0,0,0.000,0.000,4,1,0.690,0,25.942,1774.135,0.133,0.177,3.992,0.645,0.393,0.883,0.162,0.838,0.241,0.750
417,13.900,0.000,0.000,0.000,0.000,0,0,0,0.000,0.000,4,0,0.690,0,25.942,1774.135,0.133,0.177,3.194,0.675,0.178,0.532,0.135,0.865,0.219,0.580
420,14.000,0.000,0.000,0.000,0.000,0,0,0,0.000,0.000,4,0,0.724,0,25.942,1774.135,0.133,0.177,3.066,0.748,0.011,0.595,0.150,0.850,0.210,0.580
423,14.100,0.000,0.000,0.000,0.000,0,0,0,0.000,0.000,4,0,0.724,0,25.942,1774.135,0.133,0.177,2.375,0.781,0.191,0.398,0.177,0.823,0.191,0.580
426,14.200,0.000,0.000,0.000,0.000,0,0,0,0.000,0.000,4,0,0.724,0,25.942,1774.135,0.133,0.177,3.195,0.868,0.344,0.034,0.199,0.801,0.205,0.580
429,14.300,0.000,0.000,0.000,0.000,0,0,0,0.000,0.000,4,0,0.759,0,25.942,1774.135,0.133,0.177,2.342,0.693,0.691,2.020,0.161,0.839,0.196,0.580
432,14.400,0.000,0.000,0.000,0.000,0,0,0,0.000,0.000,4,0,0.759,0,25.942,1774.135,0.133,0.177,2.617,0.782,1.400,0.910,0.172,0.828,0.197,0.580
435,14.500,0.000,0.000,0.000,0.000,0,0,0,0.000,0.000,4,0,0.759,0,25.942,1774.135,0.133,0.177,3.852,0.745,2.570,0.093,0.205,0.795,0.230,0.700
438,14.600,380.111,0.000,313.402,0.000,1,1,0,0.000,1.228,4,0,0.793,3,91.082,4268.567,0.167,0.192,4.301,0.476,2.836,0.499,0.197,0.803,0.779,0.700
441,14.700,0.000,0.000,0.000,0.000,0,0,0,0.000,0.000,4,0,0.793,0,91.082,4268.567,0.167,0.192,4.705,0.658,3.437,0.556,0.236,0.764,0.262,0.700
444,14.800,0.000,0.000,0.000,0.000,0,0,0,0.000,0.000,4,0,0.793,0,91.082,4268.567,0.167,0.192,7.778,0.626,2.891,0.150,0.233,0.767,0.341,0.700
447,14.900,0.000,154.548,0.000,126.763,1,0,1,0.000,1.956,4,0,0.828,3,95.047,4339.259,0.200,0.194,6.552,0.635,3.299,0.163,0.228,0.772,0.828,0.700
450,15.000,0.000,0.000,0.000,0.000,0,0,0,0.000,0.000,4,0,0.862,0,95.047,4339.259,0.200,0.194,6.198,0.736,2.468,0.234,0.225,0.775,0.297,0.700
453,15.100,0.000,184.201,0.000,29.653,1,0,1,0.000,1.713,4,0,0.862,3,227.126,5323.369,0.233,0.195,4.860,0.667,2.477,0.849,0.187,0.813,0.788,0.750
456,15.200,0.000,13.000,0.000,-171.201,1,0,1,0.000,1.795,4,0,0.897,2,0.000,5421.864,0.267,0.195,5.838,0.840,2.209,0.699,0.223,0.777,0.581,0.700
459,15.300,0.000,7.810,0.000,-5.190,1,0,1,0.000,1.474,5,1,0.862,2,0.000,5472.429,0.300,0.197,5.200,0.835,2.459,0.146,0.225,0.775,0.523,0.750
462,15.400,0.000,26.077,0.000,18.267,1,0,1,0.000,1.182,5,0,0.862,2,0.000,5560.779,0.300,0.197,4.124,0.889,2.179,0.027,0.213,0.787,0.594,0.700
465,15.500,0.000,5.831,0.000,-20.246,1,0,1,0.000,1.044,5,0,0.897,2,99.126,5700.119,0.300,0.197,2.410,0.654,2.175,0.185,0.172,0.828,0.455,0.700
468,15.600,0.000,7.000,0.000,1.169,1,0,1,0.000,1.133,4,1,0.862,2,87.023,5324.027,0.333,0.197,1.751,0.138,2.057,0.386,0.156,0.844,0.503,0.750
471,15.700,0.000,15.297,0.000,8.297,1,0,1,0.000,1.020,4,0,0.862,2,149.013,4890.869,0.333,0.195,1.610,0.394,2.013,1.571,0.152,0.848,0.528,0.750
474,15.800,0.000,26.627,0.000,11.330,1,0,1,0.000,0.693,4,0,0.862,2,127.279,3879.838,0.367,0.195,2.721,0.192,1.843,1.388,0.157,0.843,0.637,0.707
477,15.900,0.000,36.125,0.000,9.498,1,0,1,0.000,0.672,5,1,0.828,2,108.462,3524.165,0.400,0.195,2.930,0.368,1.922,0.696,0.173,0.827,0.668,0.750
480,16.000,0.000,5.099,0.000,-31.026,1,0,1,0.000,0.595,5,0,0.828,2,118.309,3059.994,0.433,0.195,3.507,0.412,1.987,0.024,0.160,0.840,0.511,0.700
483,16.100,0.000,0.000,0.000,0.000,0,0,0,0.000,0.000,5,0,0.828,0,118.309,3059.994,0.433,0.195,4.212,0.572,1.788,0.100,0.196,0.804,0.287,0.700
486,16.200,0.000,0.000,0.000,0.000,0,0,0,0.000,0.000,5,0,0.828,0,118.309,3059.994,0.433,0.195,4.466,0.736,1.709,1.077,0.200,0.800,0.282,0.700
489,16.300,295.677,0.000,-84.433,0.000,1,1,0,0.000,1.534,5,0,0.828,2,69.116,2713.457,0.467,0.200,3.751,0.691,1.303,0.383,0.194,0.806,0.723,0.650
492,16.400,0.000,271.919,0.000,266.820,1,0,1,0.000,0.766,5,0,0.862,2,161.385,2560.764,0.467,0.200,3.922,0.734,0.249,2.537,0.212,0.788,0.725,0.750
495,16.500,0.000,8.246,0.000,-263.673,1,0,1,0.000,1.030,6,1,0.828,2,167.726,2955.324,0.500,0.200,4.749,0.709,0.019,2.952,0.209,0.791,0.535,0.750
498,16.600,0.000,32.450,0.000,24.204,1,0,1,0.000,0.880,6,0,0.828,2,46.400,2766.785,0.533,0.200,3.143,0.589,0.214,0.171,0.218,0.782,0.642,0.000
501,16.700,0.000,27.514,0.000,-4.936,1,0,1,0.000,0.915,6,0,0.862,2,0.000,2636.605,0.567,0.200,4.105,0.824,0.331,2.230,0.219,0.781,0.626,0.550
504,16.800,0.000,27.586,0.000,0.073,1,0,1,0.000,0.950,5,1,0.828,2,0.000,2603.457,0.600,0.200,3.466,0.890,0.512,0.008,0.215,0.785,0.622,0.750
507,16.900,0.000,4.472,0.000,-23.114,1,0,1,0.000,1.140,5,0,0.828,2,51.313,2564.410,0.633,0.200,3.008,0.907,0.630,2.489,0.199,0.801,0.485,0.580
510,17.000,0.000,8.602,0.000,4.130,1,0,1,0.000,1.095,5,0,0.828,2,62.968,2109.994,0.667,0.200,2.068,0.779,0.729,2.638,0.160,0.840,0.497,0.580
513,17.100,0.000,0.000,0.000,0.000,0,0,0,0.000,0.000,6,1,0.793,0,62.968,2109.994,0.667,0.200,2.379,0.862,0.695,0.149,0.168,0.832,0.249,0.750
516,17.200,0.000,0.000,0.000,0.000,0,0,0,0.000,0.000,6,0,0.793,0,62.968,2109.994,0.667,0.200,1.611,0.614,0.621,1.106,0.163,0.837,0.247,0.580
519,17.300,0.000,0.000,0.000,0.000,0,0,0,0.000,0.000,6,0,0.793,0,62.968,2109.994,0.667,0.200,2.211,0.751,0.522,1.010,0.186,0.814,0.253,0.580
522,17.400,0.000,0.000,0.000,0.000,0,0,0,0.000,0.000,4,1,0.759,0,62.968,2109.994,0.667,0.200,1.557,0.784,0.563,0.421,0.166,0.834,0.234,0.750
525,17.500,0.000,0.000,0.000,0.000,0,0,0,0.000,0.000,4,0,0.759,0,62.968,2109.994,0.667,0.200,2.351,0.859,0.633,0.011,0.197,0.803,0.249,0.580
528,17.600,0.000,0.000,0.000,0.000,0,0,0,0.000,0.000,4,0,0.759,0,62.968,2109.994,0.633,0.200,1.557,0.832,0.660,0.265,0.162,0.838,0.227,0.580
531,17.700,0.000,0.000,0.000,0.000,0,0,0,0.000,0.000,6,1,0.724,0,62.968,2109.994,0.633,0.200,1.671,0.840,0.757,0.037,0.161,0.839,0.229,0.750
534,17.800,0.000,0.000,0.000,0.000,0,0,0,0.000,0.000,6,0,0.724,0,62.968,2109.994,0.633,0.200,2.489,0.904,0.855,0.432,0.185,0.815,0.245,0.580
537,17.900,0.000,0.000,0.000,0.000,0,0,0,0.000,0.000,6,0,0.724,0,62.968,2109.994,0.600,0.200,0.948,0.266,0.884,0.351,0.114,0.886,0.247,0.580
540,18.000,0.000,0.000,0.000,0.000,0,0,0,0.000,0.000,6,1,0.690,0,62.968,2109.994,0.600,0.200,1.155,0.775,1.010,0.855,0.142,0.858,0.217,0.750
543,18.100,0.000,0.000,0.000,0.000,0,0,0,0.000,0.000,6,0,0.690,0,62.968,2109.994,0.567,0.200,1.031,0.680,1.236,0.030,0.123,0.877,0.216,0.580
546,18.200,0.000,0.000,0.000,0.000,0,0,0,0.000,0.000,6,0,0.724,0,62.968,2109.994,0.533,0.200,4.823,0.739,1.291,0.612,0.166,0.834,0.303,0.580
549,18.300,0.000,0.000,0.000,0.000,0,0,0,0.000,0.000,6,1,0.690,0,62.968,2109.994,0.500,0.200,2.070,0.820,1.318,0.762,0.153,0.847,0.224,0.750
552,18.400,354.742,0.000,22.741,0.000,2,1,0,354.742,1.899,6,0,0.690,4,44.407,1402.769,0.500,0.214,2.863,0.455,1.444,1.674,0.123,0.877,0.820,0.700
555,18.500,26.249,314.197,-328.493,305.595,2,1,1,303.290,1.790,6,0,0.724,4,53.009,1304.730,0.500,0.213,4.170,0.888,1.400,2.513,0.201,0.799,0.822,0.700
558,18.600,16.155,4.123,-10.093,-310.074,2,1,1,309.006,1.583,5,1,0.690,4,128.016,1170.675,0.500,0.292,2.298,0.688,1.185,2.866,0.159,0.841,0.653,0.750
561,18.700,13.153,5.000,-3.003,0.877,2,1,1,325.246,1.621,5,0,0.690,4,158.673,1100.810,0.500,0.274,3.400,0.913,1.319,2.857,0.207,0.793,0.648,0.750
564,18.800,0.000,319.269,0.000,279.220,2,0,1,319.269,0.912,5,0,0.724,4,147.105,1349.068,0.500,0.263,3.558,0.676,1.182,1.143,0.153,0.847,0.846,0.750
567,18.900,5.385,319.495,-7.768,0.225,2,1,1,315.017,1.909,6,1,0.690,4,266.908,2570.669,0.500,0.258,1.794,0.635,1.002,2.459,0.127,0.873,0.780,0.750
570,19.000,7.616,36.770,2.231,-282.725,2,1,1,301.533,2.129,6,0,0.690,6,10.000,3009.969,0.500,0.248,4.417,0.906,0.798,2.674,0.211,0.789,0.841,0.550
573,19.100,8.485,60.308,0.870,23.538,2,1,1,274.855,1.838,6,0,0.690,6,47.011,3429.338,0.533,0.237,5.070,0.763,0.572,1.306,0.171,0.829,0.917,0.550
576,19.200,15.620,41.340,7.135,-18.967,2,1,1,274.492,1.462,4,1,0.655,4,38.588,3577.214,0.567,0.232,4.518,0.713,0.165,0.469,0.163,0.837,0.891,0.750
579,19.300,14.318,18.601,-1.303,-22.739,2,1,1,283.593,1.300,4,0,0.655,4,48.877,3101.717,0.567,0.218,3.291,0.617,0.202,0.135,0.147,0.853,0.740,0.580
582,19.400,5.385,10.770,-8.933,-7.831,2,1,1,297.214,1.330,4,0,0.690,4,59.135,1204.249,0.567,0.212,2.168,0.776,0.349,0.804,0.138,0.862,0.658,0.580
585,19.500,0.000,300.719,0.000,294.316,2,0,1,300.719,1.440,4,0,0.690,4,59.666,1728.304,0.567,0.206,1.320,0.488,0.617,1.375,0.098,0.902,0.847,0.550
588,19.600,7.280,0.000,1.895,0.000,1,1,0,0.000,1.548,4,0,0.690,2,53.852,1488.489,0.567,0.206,2.581,0.422,1.017,0.104,0.131,0.869,0.533,0.650
591,19.700,3.606,0.000,-3.675,0.000,1,1,0,0.000,1.685,4,0,0.724,2,11.180,1497.894,0.567,0.206,3.252,0.574,1.280,1.845,0.128,0.872,0.519,0.580
594,19.800,1.414,0.000,-2.191,0.000,1,1,0,0.000,1.492,5,1,0.690,2,13.601,1473.574,0.567,0.206,3.938,0.626,0.971,1.105,0.133,0.867,0.503,0.750
597,19.900,3.000,0.000,1.586,0.000,1,1,0,0.000,1.492,5,0,0.690,2,57.697,1437.485,0.567,0.369,3.133,0.404,1.273,0.341,0.134,0.866,0.507,0.580
600,20.000,7.280,0.000,4.280,0.000,1,1,0,0.000,1.606,5,0,0.724,2,93.520,1604.990,0.567,0.379,3.355,0.545,1.316,0.570,0.172,0.828,0.526,0.580
603,20.100,7.000,0.000,-0.280,0.000,1,1,0,0.000,1.826,6,0,0.724,2,0.000,1614.455,0.600,0.379,3.051,0.898,0.957,1.244,0.196,0.804,0.484,0.580
606,20.200,35.341,0.000,28.341,0.000,1,1,0,0.000,1.854,6,0,0.724,3,204.365,2243.619,0.633,0.389,4.557,0.724,1.010,0.769,0.186,0.814,0.726,0.750
609,20.300,31.780,0.000,-3.561,0.000,1,1,0,0.000,1.778,6,0,0.759,3,23.601,2236.324,0.667,0.389,3.585,0.679,0.945,1.100,0.190,0.810,0.689,0.350
612,20.400,98.326,0.000,66.545,0.000,1,1,0,0.000,1.562,3,1,0.724,2,80.156,2327.657,0.700,0.389,6.338,0.700,0.831,0.216,0.210,0.790,0.763,0.750
615,20.500,60.208,354.497,-38.118,53.778,2,1,1,367.396,1.401,3,0,0.724,4,141.174,1739.180,0.733,0.389,4.500,0.655,1.095,0.166,0.174,0.826,0.835,0.750
618,20.600,21.401,44.777,-38.807,-309.720,2,1,1,363.055,1.405,3,0,0.759,4,0.000,2095.844,0.767,0.389,4.489,0.711,0.892,0.962,0.158,0.842,0.833,0.450
621,20.700,13.153,17.493,-8.248,-27.284,2,1,1,362.050,1.460,3,0,0.759,4,106.930,2152.594,0.800,0.389,3.063,0.612,0.611,0.390,0.122,0.878,0.657,0.594
624,20.800,11.180,8.062,-1.973,-9.431,2,1,1,362.604,1.504,3,0,0.759,4,101.533,1609.169,0.833,0.399,1.830,0.435,0.389,1.342,0.118,0.882,0.607,0.580
627,20.900,21.633,8.602,10.453,0.540,2,1,1,370.000,1.606,3,0,0.793,4,98.020,1615.470,0.867,0.399,1.902,0.701,0.280,1.225,0.143,0.857,0.653,0.580
630,21.000,32.311,5.099,10.678,-3.503,2,1,1,369.283,1.631,3,0,0.793,4,89.051,1690.779,0.900,0.399,1.948,0.745,0.223,0.029,0.140,0.860,0.714,0.350
633,21.100,22.472,3.162,-9.839,-1.937,2,1,1,355.535,1.413,3,0,0.793,4,95.854,1650.014,0.933,0.399,1.503,0.736,0.250,0.318,0.124,0.876,0.653,0.580
636,21.200,5.831,8.944,-16.641,5.782,2,1,1,342.615,1.462,3,0,0.828,4,76.844,1789.408,0.967,0.399,1.174,0.464,0.122,0.627,0.097,0.903,0.593,0.580
639,21.300,3.000,7.616,-2.831,-1.328,2,1,1,334.201,1.124,4,1,0.793,4,96.083,1959.784,1.000,0.399,1.147,0.461,0.100,1.289,0.100,0.900,0.689,0.750
642,21.400,2.236,24.331,-0.764,16.715,2,1,1,347.248,1.211,4,0,0.793,4,199.078,3301.269,1.000,0.399,2.244,0.673,0.196,0.550,0.121,0.879,0.794,0.750
645,21.500,5.000,44.385,2.764,20.054,2,1,1,380.116,1.175,4,0,0.828,4,106.607,3295.618,1.000,0.389,2.607,0.787,0.272,0.936,0.139,0.861,0.907,0.592
648,21.600,0.000,391.690,0.000,13.482,2,0,1,391.690,1.509,3,1,0.793,4,103.479,3315.229,1.000,0.379,2.037,0.700,0.275,0.370,0.130,0.870,0.802,0.750
651,21.700,5.831,7.071,0.831,-384.619,2,1,1,395.295,1.442,3,0,0.793,4,142.172,3326.918,1.000,0.369,1.513,0.590,0.403,0.229,0.109,0.891,0.586,0.750
654,21.800,0.000,389.991,0.000,-1.161,2,0,1,389.991,1.878,3,0,0.828,4,127.063,3299.499,1.000,0.369,2.534,0.814,0.654,0.529,0.139,0.861,0.806,0.706
657,21.900,8.544,89.202,2.713,-300.789,2,1,1,368.696,2.118,3,0,0.828,4,49.659,3295.208,1.000,0.358,2.830,0.233,0.723,0.069,0.112,0.888,0.854,0.500
660,22.000,12.369,72.125,3.825,-17.077,2,1,1,321.403,1.862,3,0,0.828,4,0.000,1907.334,1.000,0.358,4.295,0.594,1.078,0.454,0.189,0.811,0.866,0.350
663,22.100,0.000,39.205,0.000,-32.920,1,0,1,0.000,1.849,3,0,0.862,2,39.051,1805.029,1.000,0.369,3.892,0.453,1.091,0.114,0.147,0.853,0.723,0.650
666,22.200,0.000,19.849,0.000,-19.355,1,0,1,0.000,1.724,5,1,0.828,4,49.000,1716.174,1.000,0.369,4.740,0.557,1.128,1.570,0.178,0.822,0.754,0.750
669,22.300,0.000,11.402,0.000,-8.448,1,0,1,0.000,1.389,5,0,0.828,4,45.044,1560.065,1.000,0.369,3.241,0.758,0.964,0.504,0.155,0.845,0.655,0.580
672,22.400,0.000,8.944,0.000,-2.457,1,0,1,0.000,1.663,5,0,0.828,4,53.151,1465.805,1.000,0.369,1.818,0.419,0.746,1.491,0.115,0.885,0.630,0.580
675,22.500,0.000,26.926,0.000,17.982,1,0,1,0.000,1.424,5,0,0.828,4,44.283,1726.787,1.000,0.369,3.559,0.409,0.724,0.598,0.133,0.867,0.774,0.350
678,22.600,0.000,36.222,0.000,9.296,1,0,1,0.000,1.157,5,0,0.828,4,189.169,2589.977,1.000,0.369,4.784,0.683,0.707,0.776,0.192,0.808,0.837,0.750
681,22.700,176.026,45.044,163.656,8.823,2,1,1,493.477,0.918,5,0,0.862,6,138.051,2800.559,1.000,0.358,4.912,0.859,0.428,0.135,0.193,0.807,0.963,0.750
684,22.800,24.042,25.298,-151.984,-19.746,2,1,1,474.318,1.141,5,0,0.862,6,45.398,2701.949,1.000,0.358,4.535,0.798,0.108,0.047,0.182,0.818,0.848,0.450
687,22.900,0.000,459.991,0.000,438.778,2,0,1,459.991,0.984,5,0,0.862,6,16.763,2960.484,1.000,0.347,3.809,0.692,0.183,2.280,0.107,0.893,0.947,0.550
690,23.000,40.817,476.422,16.775,16.431,2,1,1,510.361,1.435,5,0,0.862,6,17.205,3136.525,1.000,0.347,3.022,0.574,0.294,2.669,0.136,0.864,0.935,0.550
693,23.100,0.000,540.268,0.000,499.957,2,0,1,540.268,1.268,5,0,0.862,6,194.258,3197.449,1.000,0.336,1.459,0.489,0.347,0.007,0.114,0.886,0.902,0.750
696,23.200,74.626,525.430,33.809,-14.838,2,1,1,508.646,1.577,5,0,0.862,5,15.620,3320.859,1.000,0.336,3.949,0.584,0.363,1.794,0.156,0.844,0.958,0.550
699,23.300,18.111,20.616,-56.515,-504.815,2,1,1,493.680,1.792,5,0,0.897,6,5.385,2694.838,1.000,0.324,2.568,0.839,0.628,1.244,0.169,0.831,0.770,0.580
702,23.400,2.236,20.125,-15.875,-0.491,2,1,1,481.319,1.831,3,1,0.862,4,44.944,1996.059,1.000,0.324,3.169,0.586,0.689,3.124,0.153,0.847,0.700,0.750
705,23.500,22.091,26.000,19.855,5.875,2,1,1,448.080,1.985,3,0,0.862,4,51.088,2030.259,1.000,0.324,3.583,0.772,1.227,2.252,0.185,0.815,0.730,0.580
708,23.600,37.643,28.000,15.552,2.000,2,1,1,390.247,1.939,3,0,0.862,4,105.929,1951.297,1.000,0.324,2.967,0.306,1.228,1.673,0.132,0.868,0.812,0.588
711,23.700,51.313,21.932,13.670,-6.068,2,1,1,342.317,2.038,6,1,0.828,6,96.509,2050.784,1.000,0.324,2.467,0.692,1.314,0.746,0.169,0.831,0.913,0.750
714,23.800,61.400,20.881,10.088,-1.051,2,1,1,322.343,1.964,6,0,0.828,6,38.419,2076.010,1.000,0.324,2.491,0.910,0.851,2.173,0.159,0.841,0.899,0.550
717,23.900,14.318,12.042,-47.083,-8.839,2,1,1,315.057,1.611,6,0,0.828,6,37.802,1410.169,1.000,0.324,3.006,0.829,0.712,0.503,0.128,0.872,0.747,0.580
720,24.000,2.828,24.166,-11.489,12.124,2,1,1,310.221,1.732,4,1,0.793,5,42.544,1748.648,1.000,0.324,2.709,0.646,0.788,1.025,0.109,0.891,0.807,0.750
723,24.100,5.000,7.071,2.172,-17.095,2,1,1,302.443,1.522,4,0,0.793,4,28.844,1560.060,1.000,0.324,1.567,0.786,0.625,0.007,0.110,0.890,0.673,0.580
726,24.200,6.708,10.630,1.708,3.559,2,1,1,305.712,1.312,4,0,0.828,4,32.558,1383.727,1.000,0.324,1.160,0.608,0.215,0.079,0.097,0.903,0.695,0.580
729,24.300,1.000,17.464,-5.708,6.834,2,1,1,293.080,1.185,4,0,0.828,4,32.558,1115.800,1.000,0.336,1.068,0.724,0.205,0.744,0.090,0.910,0.723,0.580
732,24.400,8.062,8.246,7.062,-9.218,2,1,1,290.319,1.125,4,0,0.828,4,28.460,990.648,1.000,0.336,1.094,0.586,0.622,0.226,0.094,0.906,0.682,0.580
735,24.500,11.402,5.831,3.339,-2.415,2,1,1,295.373,1.287,4,0,0.862,3,36.401,994.899,1.000,0.336,1.493,0.824,0.898,1.118,0.129,0.871,0.648,0.580
738,24.600,6.083,18.111,-5.319,12.280,2,1,1,284.918,1.355,4,0,0.862,5,40.262,608.144,1.000,0.347,1.100,0.580,1.030,2.105,0.071,0.929,0.738,0.580
741,24.700,13.601,13.892,7.519,-4.218,2,1,1,292.588,1.614,4,0,0.862,4,71.840,588.845,1.000,0.347,1.251,0.520,0.965,2.551,0.077,0.923,0.722,0.580
744,24.800,13.454,15.652,-0.148,1.760,2,1,1,313.081,1.619,4,0,0.862,5,68.680,1299.988,1.000,0.336,2.046,0.315,1.402,0.152,0.082,0.918,0.766,0.700
747,24.900,8.062,29.682,-5.391,14.029,2,1,1,322.555,1.837,6,1,0.828,6,44.598,2534.060,1.000,0.336,2.758,0.123,1.441,1.008,0.117,0.883,0.875,0.750
750,25.000,24.083,32.311,16.021,2.629,2,1,1,324.607,1.886,6,0,0.828,6,93.915,2393.928,1.000,0.336,3.001,0.590,1.508,0.343,0.135,0.865,0.863,0.700
753,25.100,13.000,22.023,-11.083,-10.288,2,1,1,344.398,2.000,6,0,0.862,6,103.092,2254.624,1.000,0.336,2.477,0.517,1.526,0.174,0.127,0.873,0.798,0.700
756,25.200,0.000,356.585,0.000,348.775,2,0,1,356.585,1.184,6,1,0.828,6,113.071,2880.464,1.000,0.336,1.751,0.450,1.490,1.809,0.112,0.888,0.912,0.750
759,25.300,0.000,353.747,0.000,0.746,2,0,1,353.747,1.314,6,0,0.828,6,66.648,2188.999,1.000,0.336,1.978,0.777,1.431,0.451,0.128,0.872,0.895,0.700
762,25.400,0.000,346.677,0.000,-3.061,2,0,1,346.677,1.956,6,0,0.828,6,84.876,1797.654,1.000,0.324,1.506,0.794,1.384,0.467,0.132,0.868,0.882,0.350
765,25.500,19.723,347.197,6.723,0.520,2,1,1,349.314,2.324,4,1,0.793,5,58.898,1857.447,1.000,0.324,2.924,0.578,1.691,0.310,0.144,0.856,0.933,0.750
768,25.600,8.062,18.601,-11.661,-328.596,2,1,1,363.050,2.326,4,0,0.793,5,48.847,1778.275,1.000,0.311,2.421,0.344,1.594,0.695,0.106,0.894,0.790,0.700
771,25.700,22.804,6.083,14.741,-12.518,2,1,1,385.964,2.441,4,0,0.793,5,44.294,1681.604,1.000,0.311,3.230,0.803,1.298,0.808,0.124,0.876,0.801,0.580
774,25.800,5.831,16.031,-16.973,9.948,2,1,1,374.386,2.339,3,1,0.759,4,54.231,1117.524,1.000,0.311,2.123,0.736,0.904,2.054,0.136,0.864,0.641,0.750
777,25.900,4.123,6.083,-1.708,-9.948,2,1,1,378.340,2.131,3,0,0.759,4,58.412,1052.484,1.000,0.324,3.390,0.507,0.587,1.704,0.130,0.870,0.633,0.580
780,26.000,18.682,8.062,14.558,1.979,2,1,1,392.588,2.098,3,0,0.759,4,71.197,1117.887,1.000,0.324,3.528,0.513,0.209,1.462,0.128,0.872,0.706,0.580
783,26.100,0.000,4.123,0.000,-3.939,1,0,1,0.000,2.085,3,0,0.759,2,126.143,1028.339,1.000,0.336,3.801,0.273,0.054,0.287,0.145,0.855,0.539,0.701
786,26.200,156.774,26.571,138.092,22.448,2,1,1,559.092,1.708,3,0,0.759,4,0.000,1058.484,1.000,0.336,5.646,0.241,0.269,1.204,0.159,0.841,0.924,0.650
789,26.300,32.450,25.807,-124.324,-0.764,2,1,1,525.921,1.437,3,0,0.793,4,0.000,985.300,1.000,0.336,3.189,0.240,0.843,0.620,0.112,0.888,0.793,0.450
792,26.400,62.682,29.017,30.232,3.210,2,1,1,487.969,1.487,3,0,0.793,4,16.125,962.809,1.000,0.347,3.245,0.511,0.981,0.672,0.131,0.869,0.845,0.450
795,26.500,24.413,41.000,-38.269,11.983,2,1,1,442.159,1.353,3,0,0.793,4,0.000,929.344,1.000,0.347,2.702,0.399,1.089,0.160,0.121,0.879,0.817,0.450
798,26.600,3.606,35.693,-20.808,-5.307,2,1,1,409.099,1.222,3,0,0.828,4,0.000,925.629,1.000,0.347,3.100,0.481,1.202,1.115,0.095,0.905,0.792,0.350
801,26.700,5.657,24.187,2.051,-11.506,2,1,1,386.809,1.489,5,1,0.793,6,0.000,730.294,1.000,0.347,2.405,0.747,1.356,0.182,0.127,0.873,0.792,0.750
804,26.800,7.280,22.847,1.623,-1.339,2,1,1,369.670,1.515,5,0,0.793,6,87.464,880.799,1.000,0.347,3.375,0.672,1.503,0.433,0.145,0.855,0.814,0.700
807,26.900,3.162,16.763,-4.118,-6.084,2,1,1,377.943,1.587,5,0,0.828,6,33.601,746.655,1.000,0.347,3.525,0.879,1.716,2.406,0.178,0.822,0.770,0.700
810,27.000,11.402,7.000,8.239,-9.763,2,1,1,386.430,1.722,4,1,0.793,5,0.000,707.149,1.000,0.347,2.408,0.867,2.243,0.023,0.158,0.842,0.713,0.750
813,27.100,27.659,46.840,16.257,39.840,2,1,1,412.404,1.469,4,0,0.793,5,54.203,427.039,1.000,0.347,3.987,0.645,2.095,1.970,0.177,0.823,0.955,0.700
816,27.200,436.287,0.000,-12.526,0.000,2,1,0,436.287,1.706,4,0,0.793,5,159.891,1612.798,1.000,0.347,3.777,0.437,2.125,0.357,0.160,0.840,0.964,0.750
819,27.300,29.000,74.250,-407.287,27.409,2,1,1,436.431,1.732,4,1,0.759,5,0.000,3138.849,1.000,0.336,2.370,0.206,1.838,0.263,0.100,0.900,0.945,0.750
822,27.400,88.459,10.630,59.459,-63.619,2,1,1,377.902,1.442,4,0,0.759,5,0.000,3641.494,1.000,0.336,3.971,0.356,1.879,1.406,0.146,0.854,0.974,0.700
825,27.500,10.000,10.440,-78.459,-0.190,2,1,1,380.958,1.518,4,0,0.759,5,0.000,4138.300,1.000,0.324,4.214,0.724,1.664,0.822,0.183,0.817,0.763,0.700
828,27.600,54.231,38.601,44.231,28.160,2,1,1,441.346,1.511,4,1,0.724,5,92.763,4411.938,1.000,0.324,5.274,0.768,1.454,1.003,0.169,0.831,0.978,0.750
831,27.700,56.604,24.515,2.373,-14.085,2,1,1,424.793,1.550,4,0,0.724,5,40.853,4162.087,1.000,0.324,5.134,0.358,1.347,0.357,0.161,0.839,1.000,0.350
834,27.800,53.254,22.204,-3.350,-2.312,2,1,1,374.775,1.516,4,0,0.759,5,18.385,4015.097,1.000,0.324,3.647,0.534,0.675,0.878,0.174,0.826,0.954,0.350
837,27.900,0.000,339.572,0.000,312.888,2,0,1,339.572,0.774,3,1,0.724,4,0.000,3499.264,1.000,0.324,4.196,0.724,0.642,0.501,0.181,0.819,0.854,0.750
840,28.000,25.456,291.899,-27.798,-47.673,2,1,1,301.204,1.397,3,0,0.724,4,0.000,3471.524,1.000,0.336,3.575,0.773,0.672,2.490,0.178,0.822,0.835,0.550
843,28.100,32.696,25.060,7.240,-266.839,2,1,1,284.290,1.276,3,0,0.759,4,0.000,1809.145,1.000,0.336,3.422,0.764,0.750,1.210,0.149,0.851,0.764,0.450
846,28.200,44.777,17.720,12.082,-7.340,2,1,1,280.371,1.321,4,1,0.724,5,0.000,1698.884,1.000,0.336,4.138,0.669,0.735,0.106,0.160,0.840,0.955,0.750
849,28.300,40.719,0.000,-4.059,0.000,1,1,0,0.000,0.699,4,0,0.724,2,0.000,1698.884,1.000,0.347,4.029,0.869,0.845,2.072,0.196,0.804,0.776,0.650
852,28.400,0.000,262.992,0.000,245.272,1,0,1,0.000,1.312,4,0,0.759,2,93.814,1657.104,1.000,0.347,2.171,0.886,0.826,0.368,0.157,0.843,0.752,0.521
855,28.500,0.000,289.277,0.000,273.656,2,0,1,289.277,1.448,4,1,0.724,4,94.594,1720.219,1.000,0.347,2.502,0.840,0.651,1.176,0.147,0.853,0.904,0.750
858,28.600,0.000,329.862,0.000,22.153,2,0,1,329.862,2.074,4,0,0.724,5,70.859,1917.125,1.000,0.347,3.475,0.710,0.682,0.398,0.147,0.853,0.937,0.350
861,28.700,0.000,379.012,0.000,25.090,2,0,1,379.012,2.075,4,0,0.759,5,61.522,2122.404,1.000,0.347,3.943,0.322,0.516,1.269,0.114,0.886,0.976,0.480
864,28.800,0.000,397.373,0.000,18.361,1,0,1,0.000,2.361,3,1,0.724,2,61.522,2122.404,1.000,0.358,4.542,0.614,0.480,0.928,0.189,0.811,0.761,0.750
867,28.900,0.000,39.446,0.000,-357.926,1,0,1,0.000,2.484,3,0,0.724,2,61.522,2122.404,1.000,0.369,4.516,0.604,0.656,1.172,0.178,0.822,0.730,0.450
870,29.000,0.000,0.000,0.000,0.000,0,0,0,0.000,0.000,3,0,0.724,0,61.522,2122.404,0.967,0.369,8.084,0.591,0.641,0.469,0.204,0.796,0.345,0.650
873,29.100,0.000,0.000,0.000,0.000,0,0,0,0.000,0.000,3,0,0.724,0,61.522,2122.404,0.933,0.369,7.298,0.546,0.878,0.526,0.203,0.797,0.326,0.580
876,29.200,0.000,0.000,0.000,0.000,0,0,0,0.000,0.000,3,0,0.724,0,61.522,2122.404,0.900,0.369,5.876,0.784,0.810,0.037,0.184,0.816,0.270,0.580
879,29.300,0.000,105.603,0.000,66.157,1,0,1,0.000,2.264,3,0,0.724,2,36.222,2557.025,0.900,0.321,4.333,0.396,0.970,3.079,0.156,0.844,0.759,0.650
882,29.400,214.227,0.000,173.508,0.000,1,1,0,0.000,0.937,4,1,0.690,3,0.000,2844.917,0.900,0.332,6.108,0.331,0.991,0.205,0.164,0.836,0.923,0.750
885,29.500,28.425,0.000,-185.801,0.000,1,1,0,0.000,1.245,4,0,0.690,3,0.000,2845.519,0.900,0.332,6.787,0.634,1.052,0.159,0.152,0.848,0.826,0.580
888,29.600,58.034,0.000,29.609,0.000,1,1,0,0.000,1.073,4,0,0.724,3,12.806,2993.638,0.900,0.332,9.247,0.810,1.277,0.271,0.209,0.791,0.936,0.450
891,29.700,0.000,0.000,0.000,0.000,0,0,0,0.000,0.000,5,1,0.690,0,12.806,2993.638,0.867,0.332,7.437,0.450,1.731,0.139,0.212,0.788,0.428,0.750
894,29.800,0.000,0.000,0.000,0.000,0,0,0,0.000,0.000,5,0,0.690,0,12.806,2993.638,0.833,0.332,6.917,0.810,2.018,0.193,0.208,0.792,0.386,0.700
897,29.900,0.000,0.000,0.000,0.000,0,0,0,0.000,0.000,5,0,0.724,0,12.806,2993.638,0.800,0.332,4.641,0.809,2.231,1.665,0.226,0.774,0.325,0.700
900,30.000,0.000,0.000,0.000,0.000,0,0,0,0.000,0.000,5,1,0.690,0,12.806,2993.638,0.767,0.332,4.125,0.731,2.255,1.148,0.207,0.793,0.314,0.750
903,30.100,0.000,0.000,0.000,0.000,0,0,0,0.000,0.000,5,0,0.690,0,12.806,2993.638,0.733,0.332,2.822,0.392,2.398,0.394,0.192,0.808,0.301,0.700
906,30.200,0.000,0.000,0.000,0.000,0,0,0,0.000,0.000,5,0,0.724,0,12.806,2993.638,0.700,0.332,2.613,0.611,2.386,1.987,0.187,0.813,0.277,0.700
909,30.300,0.000,0.000,0.000,0.000,0,0,0,0.000,0.000,3,1,0.690,0,12.806,2993.638,0.667,0.332,13.872,0.519,2.265,2.582,0.340,0.660,0.314,0.750
912,30.400,0.000,0.000,0.000,0.000,0,0,0,0.000,0.000,3,0,0.690,0,12.806,2993.638,0.633,0.332,7.299,0.290,3.036,1.891,0.162,0.838,0.308,0.700
915,30.500,0.000,0.000,0.000,0.000,0,0,0,0.000,0.000,3,0,0.724,0,12.806,2993.638,0.600,0.332,8.956,0.438,3.161,0.067,0.184,0.816,0.311,0.700
918,30.600,0.000,0.000,0.000,0.000,0,0,0,0.000,0.000,3,0,0.724,0,12.806,2993.638,0.567,0.332,10.087,0.454,1.798,0.655,0.164,0.836,0.306,0.700
921,30.700,0.000,0.000,0.000,0.000,0,0,0,0.000,0.000,3,0,0.724,0,12.806,2993.638,0.533,0.332,6.108,0.614,1.602,1.458,0.184,0.816,0.244,0.700
924,30.800,0.000,0.000,0.000,0.000,0,0,0,0.000,0.000,3,0,0.759,0,12.806,2993.638,0.500,0.332,10.703,0.194,1.541,0.352,0.306,0.694,0.316,0.700
927,30.900,0.000,0.000,0.000,0.000,0,0,0,0.000,0.000,4,1,0.724,0,12.806,2993.638,0.467,0.332,5.417,0.279,1.799,1.356,0.134,0.866,0.342,0.750
930,31.000,0.000,0.000,0.000,0.000,0,0,0,0.000,0.000,4,0,0.724,0,12.806,2993.638,0.433,0.332,4.523,0.195,1.628,0.593,0.117,0.883,0.321,0.700
933,31.100,0.000,0.000,0.000,0.000,0,0,0,0.000,0.000,4,0,0.759,0,12.806,2993.638,0.400,0.332,4.460,0.188,1.340,1.259,0.248,0.752,0.316,0.580
936,31.200,0.000,0.000,0.000,0.000,0,0,0,0.000,0.000,4,0,0.759,0,12.806,2993.638,0.367,0.332,4.488,0.165,0.777,0.558,0.137,0.863,0.315,0.580
939,31.300,0.000,0.000,0.000,0.000,0,0,0,0.000,0.000,4,0,0.759,0,12.806,2993.638,0.333,0.332,5.711,0.134,0.549,0.065,0.147,0.853,0.343,0.580
942,31.400,0.000,0.000,0.000,0.000,0,0,0,0.000,0.000,4,0,0.793,0,12.806,2993.638,0.300,0.332,6.137,0.239,0.414,1.633,0.219,0.781,0.343,0.580
945,31.500,0.000,0.000,0.000,0.000,0,0,0,0.000,0.000,4,0,0.793,0,12.806,2993.638,0.267,0.332,7.065,0.222,0.421,0.050,0.156,0.844,0.363,0.580
948,31.600,0.000,0.000,0.000,0.000,0,0,0,0.000,0.000,4,0,0.793,0,12.806,2993.638,0.233,0.332,8.895,0.560,0.511,0.484,0.164,0.836,0.359,0.580
951,31.700,0.000,0.000,0.000,0.000,0,0,0,0.000,0.000,4,0,0.828,0,12.806,2993.638,0.200,0.332,7.245,0.792,0.747,0.385,0.167,0.833,0.320,0.580
954,31.800,0.000,0.000,0.000,0.000,0,0,0,0.000,0.000,3,1,0.793,0,12.806,2993.638,0.167,0.332,7.644,0.609,0.911,0.330,0.184,0.816,0.238,0.750
957,31.900,0.000,0.000,0.000,0.000,0,0,0,0.000,0.000,3,0,0.793,0,12.806,2993.638,0.133,0.332,7.264,0.776,0.245,0.263,0.165,0.835,0.213,0.580
960,32.000,0.000,0.000,0.000,0.000,0,0,0,0.000,0.000,3,0,0.793,0,12.806,2993.638,0.133,0.332,10.012,0.557,0.179,0.466,0.174,0.826,0.247,0.580
963,32.100,0.000,0.000,0.000,0.000,0,0,0,0.000,0.000,3,0,0.793,0,12.806,2993.638,0.133,0.332,3.843,0.495,0.180,0.497,0.159,0.841,0.147,0.580
966,32.200,0.000,0.000,0.000,0.000,0,0,0,0.000,0.000,3,0,0.793,0,12.806,2993.638,0.133,0.332,6.718,0.732,0.037,2.329,0.186,0.814,0.203,0.580
969,32.300,0.000,0.000,0.000,0.000,0,0,0,0.000,0.000,3,0,0.828,0,12.806,2993.638,0.100,0.332,6.122,0.740,0.028,2.796,0.174,0.826,0.183,0.580
972,32.400,0.000,0.000,0.000,0.000,0,0,0,0.000,0.000,3,0,0.828,0,12.806,2993.638,0.067,0.332,7.630,0.516,0.274,0.871,0.168,0.832,0.233,0.580
975,32.500,0.000,0.000,0.000,0.000,0,0,0,0.000,0.000,3,0,0.828,0,12.806,2993.638,0.033,0.332,4.773,0.084,0.207,0.368,0.175,0.825,0.187,0.580
978,32.600,0.000,0.000,0.000,0.000,0,0,0,0.000,0.000,3,0,0.862,0,12.806,2993.638,0.000,0.332,5.729,0.252,0.148,1.218,0.206,0.794,0.196,0.580
981,32.700,0.000,0.000,0.000,0.000,0,0,0,0.000,0.000,4,1,0.828,0,12.806,2993.638,0.000,0.332,7.108,0.540,0.015,0.441,0.225,0.775,0.310,0.750
984,32.800,0.000,0.000,0.000,0.000,0,0,0,0.000,0.000,4,0,0.828,0,12.806,2993.638,0.000,0.332,7.751,0.591,0.105,0.288,0.218,0.782,0.322,0.580
987,32.900,0.000,0.000,0.000,0.000,0,0,0,0.000,0.000,4,0,0.862,0,12.806,2993.638,0.000,0.332,11.944,0.509,0.175,0.589,0.204,0.796,0.334,0.580
990,33.000,0.000,0.000,0.000,0.000,0,0,0,0.000,0.000,3,1,0.828,0,12.806,2993.638,0.000,0.332,10.249,0.550,0.271,1.384,0.209,0.791,0.231,0.750
993,33.100,0.000,0.000,0.000,0.000,0,0,0,0.000,0.000,3,0,0.828,0,12.806,2993.638,0.000,0.332,10.608,0.659,0.282,0.085,0.200,0.800,0.224,0.580
996,33.200,0.000,0.000,0.000,0.000,0,0,0,0.000,0.000,3,0,0.862,0,12.806,2993.638,0.000,0.332,9.166,0.405,0.194,0.274,0.230,0.770,0.242,0.580
999,33.300,0.000,0.000,0.000,0.000,0,0,0,0.000,0.000,4,1,0.828,0,12.806,2993.638,0.000,0.332,11.006,0.478,0.144,0.365,0.236,0.764,0.337,0.750
1002,33.400,0.000,0.000,0.000,0.000,0,0,0,0.000,0.000,4,0,0.828,0,12.806,2993.638,0.000,0.332,12.464,0.458,0.525,0.021,0.229,0.771,0.338,0.580
1005,33.500,0.000,0.000,0.000,0.000,0,0,0,0.000,0.000,4,0,0.828,0,12.806,2993.638,0.000,0.332,14.741,0.551,0.706,0.035,0.234,0.766,0.331,0.580
1008,33.600,0.000,0.000,0.000,0.000,0,0,0,0.000,0.000,3,1,0.793,0,12.806,2993.638,0.000,0.332,12.355,0.619,0.796,0.061,0.247,0.753,0.227,0.750
1011,33.700,0.000,0.000,0.000,0.000,0,0,0,0.000,0.000,3,0,0.793,0,12.806,2993.638,0.000,0.332,11.869,0.884,1.300,0.045,0.231,0.769,0.208,0.580
1014,33.800,0.000,0.000,0.000,0.000,0,0,0,0.000,0.000,3,0,0.828,0,12.806,2993.638,0.000,0.332,13.117,0.961,1.456,0.006,0.225,0.775,0.203,0.700
1017,33.900,0.000,0.000,0.000,0.000,0,0,0,0.000,0.000,3,0,0.828,0,12.806,2993.638,0.000,0.332,13.515,0.871,2.193,0.024,0.235,0.765,0.209,0.700
1020,34.000,0.000,0.000,0.000,0.000,0,0,0,0.000,0.000,3,0,0.828,0,12.806,2993.638,0.000,0.332,9.527,0.649,2.330,0.155,0.251,0.749,0.225,0.700
1023,34.100,0.000,0.000,0.000,0.000,0,0,0,0.000,0.000,3,0,0.828,0,12.806,2993.638,0.000,0.332,12.086,0.754,2.537,0.001,0.230,0.770,0.217,0.700
1026,34.200,0.000,0.000,0.000,0.000,0,0,0,0.000,0.000,4,1,0.793,0,12.806,2993.638,0.000,0.332,10.550,0.675,2.875,0.115,0.231,0.769,0.323,0.750
1029,34.300,178.832,0.000,120.798,0.000,1,1,0,0.000,1.297,4,0,0.793,3,0.000,2916.938,0.033,0.156,12.859,0.816,3.114,0.287,0.224,0.776,0.832,0.700
1032,34.400,0.000,192.208,0.000,86.605,1,0,1,0.000,2.389,4,0,0.793,3,0.000,2834.269,0.067,0.156,9.319,0.735,3.279,0.043,0.229,0.771,0.842,0.700
1035,34.500,0.000,27.731,0.000,-164.477,1,0,1,0.000,2.082,4,0,0.793,2,0.000,2982.954,0.100,0.158,9.987,0.638,2.227,0.026,0.235,0.765,0.711,0.700
1038,34.600,106.775,0.000,-72.057,0.000,1,1,0,0.000,1.455,4,0,0.793,2,23.431,2980.469,0.133,0.158,9.960,0.598,1.969,0.213,0.279,0.721,0.814,0.700
1041,34.700,0.000,79.906,0.000,52.175,1,0,1,0.000,1.854,4,0,0.828,2,0.000,2829.275,0.167,0.160,10.061,0.601,1.789,0.097,0.288,0.712,0.818,0.700
1044,34.800,0.000,440.114,0.000,357.108,2,0,1,440.114,1.535,3,1,0.793,4,0.000,2493.109,0.200,0.160,11.751,0.584,1.733,0.142,0.276,0.724,0.863,0.750
1047,34.900,0.000,39.217,0.000,-400.896,1,0,1,0.000,1.466,3,0,0.793,2,0.000,2306.594,0.233,0.160,14.198,0.725,1.552,0.265,0.263,0.737,0.715,0.700
1050,35.000,0.000,30.232,0.000,-8.985,1,0,1,0.000,1.389,3,0,0.793,2,0.000,2154.258,0.267,0.162,15.025,0.867,1.317,0.046,0.264,0.736,0.659,0.580
1053,35.100,0.000,15.524,0.000,-14.708,1,0,1,0.000,1.416,4,1,0.759,2,0.000,1885.804,0.300,0.162,13.997,0.873,1.027,0.015,0.258,0.742,0.651,0.750
1056,35.200,0.000,13.892,0.000,-1.632,1,0,1,0.000,1.229,4,0,0.759,2,0.000,1680.394,0.333,0.164,12.253,0.845,0.925,0.006,0.259,0.741,0.648,0.580
1059,35.300,0.000,8.602,0.000,-5.290,1,0,1,0.000,1.159,4,0,0.759,2,0.000,1704.628,0.367,0.166,9.922,0.794,0.817,0.010,0.253,0.747,0.626,0.580
1062,35.400,0.000,7.211,0.000,-1.391,1,0,1,0.000,1.003,4,0,0.759,2,0.000,1366.230,0.400,0.166,7.221,0.626,0.583,0.014,0.246,0.754,0.615,0.580
1065,35.500,0.000,4.472,0.000,-2.739,1,0,1,0.000,0.959,4,0,0.759,2,0.000,818.150,0.433,0.166,5.219,0.380,0.288,0.023,0.228,0.772,0.571,0.580
1068,35.600,0.000,2.828,0.000,-1.644,1,0,1,0.000,0.724,4,0,0.793,2,0.000,619.598,0.467,0.166,3.759,0.140,0.089,0.199,0.224,0.776,0.546,0.580
1071,35.700,0.000,2.828,0.000,0.000,1,0,1,0.000,0.800,4,0,0.793,2,0.000,486.970,0.500,0.168,3.723,0.708,0.371,1.354,0.220,0.780,0.509,0.580
1074,35.800,0.000,0.000,0.000,0.000,0,0,0,0.000,0.000,4,0,0.793,0,0.000,486.970,0.500,0.168,11.817,0.078,0.824,2.051,0.370,0.630,0.425,0.650
1077,35.900,0.000,300.536,0.000,297.708,1,0,1,0.000,0.950,4,0,0.828,1,0.000,486.970,0.533,0.170,5.009,0.690,1.245,1.231,0.213,0.787,0.736,0.650
1080,36.000,0.000,8.485,0.000,-292.051,1,0,1,0.000,1.268,4,1,0.793,1,0.000,486.970,0.567,0.172,3.926,0.638,1.225,0.015,0.195,0.805,0.514,0.750
1083,36.100,286.190,0.000,179.415,0.000,1,1,0,0.000,1.467,4,0,0.793,0,0.000,486.970,0.567,0.172,2.345,0.412,1.452,0.572,0.165,0.835,0.648,0.700
1086,36.200,4.000,0.000,-282.190,0.000,1,1,0,0.000,1.494,4,0,0.828,0,0.000,486.970,0.567,0.172,2.333,0.747,1.704,0.287,0.164,0.836,0.396,0.700
1089,36.300,6.403,0.000,2.403,0.000,1,1,0,0.000,1.528,4,0,0.828,0,0.000,486.970,0.567,0.172,1.877,0.757,2.143,0.219,0.154,0.846,0.397,0.700
1092,36.400,3.162,0.000,-3.241,0.000,1,1,0,0.000,1.303,4,0,0.828,0,0.000,486.970,0.567,0.172,1.190,0.625,2.601,0.265,0.119,0.881,0.372,0.700
1095,36.500,6.083,0.000,2.920,0.000,1,1,0,0.000,1.062,4,0,0.862,1,195.451,1421.438,0.600,0.181,1.024,0.323,3.000,0.592,0.110,0.890,0.454,0.750
1098,36.600,18.028,0.000,9.965,0.000,2,1,0,18.028,1.095,4,0,0.862,2,44.204,4308.080,0.633,0.183,1.417,0.739,3.490,2.056,0.115,0.885,0.600,0.700
1101,36.700,17.205,21.541,-0.823,13.055,2,1,1,52.345,1.315,4,0,0.862,3,17.205,5877.719,0.667,0.183,1.758,0.936,3.849,1.069,0.174,0.826,0.663,0.700
1104,36.800,8.062,0.000,-9.142,0.000,1,1,0,0.000,1.573,4,0,0.862,1,17.205,5877.719,0.700,0.185,2.116,0.893,4.243,0.003,0.184,0.816,0.464,0.700
1107,36.900,17.117,0.000,9.055,0.000,1,1,0,0.000,1.925,4,0,0.862,2,17.205,5877.719,0.733,0.185,3.019,0.749,4.341,0.414,0.198,0.802,0.596,0.700
1110,37.000,16.000,0.000,-1.464,0.000,2,1,0,16.000,2.068,4,0,0.862,4,17.205,5877.719,0.767,0.177,3.750,0.795,3.788,0.167,0.218,0.782,0.749,0.700
1113,37.100,32.280,0.000,16.280,0.000,1,1,0,0.000,2.290,4,0,0.897,2,17.205,5877.719,0.800,0.177,3.577,0.806,3.023,0.554,0.207,0.793,0.698,0.700
1116,37.200,20.248,0.000,-12.032,0.000,1,1,0,0.000,2.406,4,0,0.897,2,17.205,5877.719,0.833,0.179,1.852,0.761,2.314,0.195,0.126,0.874,0.596,0.700
1119,37.300,23.770,190.213,3.521,168.672,2,1,1,226.418,2.255,4,0,0.897,3,226.356,5722.994,0.833,0.179,2.196,0.608,1.943,0.450,0.171,0.829,0.847,0.750
1122,37.400,16.643,0.000,-7.126,0.000,1,1,0,0.000,2.040,4,0,0.897,2,226.356,5722.994,0.833,0.179,2.945,0.821,2.136,2.295,0.220,0.780,0.599,0.750
1125,37.500,24.331,0.000,7.688,0.000,1,1,0,0.000,1.957,4,0,0.897,1,102.694,5896.784,0.833,0.181,2.752,0.896,1.974,0.555,0.199,0.801,0.586,0.700
1128,37.600,35.128,0.000,10.797,0.000,1,1,0,0.000,1.926,4,0,0.897,2,102.694,5896.784,0.833,0.415,2.297,0.887,1.761,0.322,0.185,0.815,0.681,0.700
1131,37.700,0.000,0.000,0.000,0.000,0,0,0,0.000,0.000,4,0,0.931,0,102.694,5896.784,0.800,0.415,1.448,0.480,1.501,0.409,0.130,0.870,0.269,0.700
1134,37.800,0.000,218.241,0.000,28.028,1,0,1,0.000,1.798,4,0,0.931,1,32.016,6205.337,0.800,0.424,1.485,0.692,1.313,1.664,0.149,0.851,0.680,0.650
1137,37.900,45.880,0.000,10.752,0.000,1,1,0,0.000,1.929,4,0,0.931,1,32.016,6205.337,0.800,0.424,1.638,0.523,1.137,0.897,0.118,0.882,0.695,0.500
1140,38.000,0.000,0.000,0.000,0.000,0,0,0,0.000,0.000,4,0,0.966,0,32.016,6205.337,0.767,0.424,2.341,0.809,0.970,0.415,0.185,0.815,0.264,0.650
1143,38.100,0.000,14.765,0.000,-203.476,1,0,1,0.000,1.982,4,0,0.966,2,33.061,6203.428,0.767,0.433,2.390,0.777,0.817,2.375,0.164,0.836,0.569,0.650
1146,38.200,27.803,224.379,-18.077,209.614,2,1,1,250.450,2.112,4,0,0.966,3,67.624,6069.767,0.767,0.426,2.825,0.895,0.685,0.270,0.190,0.810,0.835,0.650
1149,38.300,235.926,0.000,207.606,0.000,2,1,0,235.926,2.017,4,0,0.966,3,139.703,6412.524,0.767,0.426,2.070,0.931,0.551,0.081,0.116,0.884,0.814,0.750
1152,38.400,234.412,0.000,13.935,0.000,2,1,0,234.412,2.517,4,0,0.966,4,85.165,5898.230,0.767,0.426,1.480,0.716,0.438,2.455,0.098,0.902,0.859,0.550
1155,38.500,228.215,22.204,-6.197,-202.176,2,1,1,208.403,2.642,4,0,0.966,4,43.139,5195.949,0.767,0.418,1.311,0.265,0.398,1.408,0.115,0.885,0.886,0.550
1158,38.600,192.315,0.000,152.692,0.000,2,1,0,192.315,2.337,4,0,0.966,4,95.713,4446.325,0.767,0.410,1.369,0.546,0.431,1.275,0.116,0.884,0.868,0.532
1161,38.700,216.906,0.000,0.092,0.000,2,1,0,216.906,2.505,5,1,0.931,3,136.528,4171.550,0.767,0.403,1.177,0.635,0.484,2.193,0.095,0.905,0.785,0.750
1164,38.800,0.000,0.000,0.000,0.000,0,0,0,0.000,0.000,5,0,0.931,0,136.528,4171.550,0.767,0.403,1.522,0.520,0.449,1.786,0.099,0.901,0.264,0.750
1167,38.900,0.000,192.754,0.000,179.152,2,0,1,192.754,1.715,5,0,0.966,3,58.592,2816.745,0.767,0.405,1.584,0.756,0.507,2.477,0.143,0.857,0.787,0.650
1170,39.000,239.775,0.000,22.869,0.000,1,1,0,0.000,2.727,4,1,0.931,1,58.592,2816.745,0.767,0.405,2.515,0.828,0.578,0.515,0.160,0.840,0.692,0.750
1173,39.100,11.045,0.000,-228.730,0.000,1,1,0,0.000,2.652,4,0,0.931,1,58.592,2816.745,0.800,0.412,1.796,0.702,0.569,0.630,0.123,0.877,0.498,0.580
1176,39.200,12.000,0.000,0.955,0.000,1,1,0,0.000,2.447,4,0,0.931,1,58.592,2816.745,0.833,0.412,1.423,0.642,0.608,1.634,0.109,0.891,0.502,0.580
1179,39.300,216.227,0.000,193.599,0.000,2,1,0,216.227,2.133,4,0,0.931,3,97.617,2224.105,0.867,0.403,1.985,0.814,0.518,2.595,0.151,0.849,0.832,0.650
1182,39.400,208.214,0.000,-8.013,0.000,1,1,0,0.000,2.366,4,0,0.931,1,113.177,2226.285,0.900,0.453,1.482,0.822,0.435,0.534,0.128,0.872,0.683,0.650
1185,39.500,14.866,0.000,-193.348,0.000,1,1,0,0.000,2.054,4,0,0.931,1,30.610,2187.558,0.900,0.453,1.190,0.542,0.502,1.933,0.092,0.908,0.527,0.580
1188,39.600,12.806,192.315,-2.060,-0.439,2,1,1,203.039,1.992,4,0,0.931,3,69.971,1535.677,0.900,0.453,1.162,0.720,0.772,0.341,0.083,0.917,0.822,0.650
1191,39.700,13.416,0.000,0.610,0.000,1,1,0,0.000,1.772,4,0,0.931,1,77.369,1326.977,0.900,0.462,1.749,0.287,1.029,2.145,0.111,0.889,0.551,0.650
1194,39.800,0.000,204.685,0.000,12.370,1,0,1,0.000,2.192,4,0,0.931,1,34.205,1391.508,0.900,0.462,1.179,0.283,1.257,1.470,0.087,0.913,0.713,0.550
1197,39.900,0.000,0.000,0.000,0.000,0,0,0,0.000,0.000,4,0,0.931,0,34.205,1391.508,0.867,0.462,1.970,0.757,1.337,1.562,0.100,0.900,0.270,0.650
1200,40.000,0.000,0.000,0.000,0.000,0,0,0,0.000,0.000,4,0,0.931,0,34.205,1391.508,0.833,0.462,2.605,0.667,1.105,0.210,0.105,0.895,0.288,0.580
1203,40.100,0.000,0.000,0.000,0.000,0,0,0,0.000,0.000,4,0,0.931,0,34.205,1391.508,0.800,0.462,2.117,0.624,0.830,2.564,0.106,0.894,0.275,0.580
1206,40.200,0.000,0.000,0.000,0.000,0,0,0,0.000,0.000,4,0,0.931,0,34.205,1391.508,0.767,0.462,2.012,0.708,0.609,1.417,0.128,0.872,0.263,0.580
1209,40.300,0.000,0.000,0.000,0.000,0,0,0,0.000,0.000,4,0,0.931,0,34.205,1391.508,0.733,0.462,2.070,0.852,0.394,0.185,0.137,0.863,0.250,0.580
1212,40.400,0.000,0.000,0.000,0.000,0,0,0,0.000,0.000,4,0,0.931,0,34.205,1391.508,0.700,0.462,2.169,0.860,0.250,0.058,0.143,0.857,0.248,0.580
1215,40.500,0.000,0.000,0.000,0.000,0,0,0,0.000,0.000,4,0,0.931,0,34.205,1391.508,0.667,0.462,3.161,0.842,0.033,0.618,0.177,0.823,0.270,0.580
1218,40.600,352.683,0.000,339.266,0.000,1,1,0,0.000,1.671,4,0,0.931,2,0.000,2771.484,0.667,0.356,3.961,0.714,0.082,0.553,0.194,0.806,0.769,0.650
1221,40.700,52.498,0.000,-300.185,0.000,1,1,0,0.000,1.617,4,0,0.931,2,0.000,4099.337,0.700,0.356,5.133,0.825,0.449,0.341,0.210,0.790,0.795,0.450
1224,40.800,34.928,0.000,-7.131,0.000,2,1,0,34.928,1.362,4,0,0.931,4,0.000,4099.337,0.700,0.356,4.844,0.798,0.958,2.976,0.151,0.849,0.873,0.650
1227,40.900,5.000,0.000,-29.928,0.000,1,1,0,0.000,1.114,4,0,0.931,2,0.000,4099.337,0.700,0.356,3.841,0.717,1.293,0.326,0.152,0.848,0.548,0.650
1230,41.000,21.932,0.000,16.932,0.000,1,1,0,0.000,1.209,4,0,0.931,2,0.000,4099.337,0.733,0.356,2.751,0.853,1.621,2.729,0.168,0.832,0.609,0.700
1233,41.100,12.530,0.000,-9.402,0.000,1,1,0,0.000,0.966,5,1,0.897,2,0.000,4099.337,0.733,0.356,3.231,0.965,1.982,0.124,0.184,0.816,0.543,0.750
1236,41.200,1.414,0.000,-11.116,0.000,1,1,0,0.000,0.832,5,0,0.897,1,0.000,4099.337,0.733,0.363,1.651,0.953,2.495,0.173,0.142,0.858,0.406,0.700
1239,41.300,2.000,0.000,0.586,0.000,1,1,0,0.000,0.719,4,1,0.862,1,0.000,4099.337,0.733,0.363,0.702,0.925,3.441,0.182,0.092,0.908,0.397,0.750
1242,41.400,2.000,0.000,0.000,0.000,1,1,0,0.000,0.588,4,0,0.862,1,0.000,4099.337,0.733,0.363,0.334,0.658,3.626,2.297,0.056,0.944,0.406,0.700
1245,41.500,3.000,0.000,1.000,0.000,1,1,0,0.000,0.954,4,0,0.862,1,0.000,4099.337,0.733,0.369,0.693,0.854,3.085,0.097,0.101,0.899,0.407,0.700
1248,41.600,3.162,0.000,0.162,0.000,1,1,0,0.000,1.158,5,1,0.862,2,0.000,4099.337,0.733,0.359,1.147,0.700,2.088,0.297,0.118,0.882,0.457,0.750
1251,41.700,8.062,0.000,4.900,0.000,1,1,0,0.000,1.185,5,0,0.862,2,0.000,4099.337,0.733,0.356,2.512,0.789,1.799,1.626,0.176,0.824,0.512,0.700
1254,41.800,12.000,0.000,3.938,0.000,1,1,0,0.000,1.197,5,0,0.862,2,0.000,4099.337,0.767,0.356,3.217,0.780,1.815,0.036,0.198,0.802,0.557,0.700
1257,41.900,40.608,0.000,28.608,0.000,1,1,0,0.000,1.137,5,0,0.897,2,0.000,4099.337,0.767,0.356,2.571,0.842,1.897,0.103,0.181,0.819,0.695,0.700
1260,42.000,67.535,0.000,26.927,0.000,1,1,0,0.000,1.140,5,0,0.897,2,0.000,4917.759,0.767,0.362,3.489,0.824,1.844,0.022,0.202,0.798,0.744,0.700
1263,42.100,77.369,0.000,9.834,0.000,1,1,0,0.000,1.042,5,0,0.897,3,0.000,5169.850,0.767,0.362,4.650,0.884,1.503,0.004,0.225,0.775,0.804,0.700
1266,42.200,425.569,0.000,348.200,0.000,1,1,0,0.000,1.107,5,0,0.897,1,0.000,5169.850,0.767,0.369,7.422,0.896,0.944,0.128,0.235,0.765,0.801,0.450
1269,42.300,0.000,142.836,0.000,-61.850,1,0,1,0.000,2.012,5,0,0.897,1,0.000,5169.850,0.767,0.369,11.225,0.845,0.575,0.335,0.226,0.774,0.819,0.500
1272,42.400,0.000,10.198,0.000,-132.638,1,0,1,0.000,1.885,5,0,0.897,2,0.000,5169.850,0.767,0.376,9.836,0.711,0.683,0.034,0.210,0.790,0.671,0.580
1275,42.500,0.000,26.173,0.000,15.974,1,0,1,0.000,2.008,5,0,0.897,2,0.000,5169.850,0.767,0.376,7.691,0.767,0.868,0.093,0.202,0.798,0.748,0.580
1278,42.600,69.871,0.000,-355.698,0.000,1,1,0,0.000,1.094,5,0,0.897,1,0.000,5169.850,0.767,0.382,8.236,0.790,1.101,0.110,0.194,0.806,0.823,0.500
1281,42.700,21.932,0.000,-47.940,0.000,1,1,0,0.000,1.176,5,0,0.897,1,0.000,5169.850,0.767,0.389,5.131,0.780,1.345,0.266,0.175,0.825,0.624,0.580
1284,42.800,29.155,0.000,7.223,0.000,1,1,0,0.000,1.174,5,0,0.897,1,0.000,5169.850,0.767,0.395,2.770,0.803,1.548,1.075,0.180,0.820,0.603,0.700
1287,42.900,15.000,0.000,-14.155,0.000,1,1,0,0.000,1.318,5,0,0.897,1,0.000,5169.850,0.800,0.395,4.778,0.855,1.624,0.421,0.190,0.810,0.575,0.700
1290,43.000,0.000,13.342,0.000,-12.831,1,0,1,0.000,1.797,5,0,0.897,1,0.000,5169.850,0.833,0.401,4.751,0.725,1.758,0.623,0.190,0.810,0.578,0.700
1293,43.100,0.000,0.000,0.000,0.000,0,0,0,0.000,0.000,5,0,0.897,0,0.000,5169.850,0.833,0.401,5.474,0.801,1.925,0.377,0.186,0.814,0.351,0.700
1296,43.200,0.000,0.000,0.000,0.000,0,0,0,0.000,0.000,5,0,0.897,0,0.000,5169.850,0.833,0.401,6.652,0.868,2.113,0.271,0.193,0.807,0.376,0.700
1299,43.300,78.791,0.000,63.791,0.000,1,1,0,0.000,1.545,5,0,0.897,1,0.000,5169.850,0.867,0.410,6.507,0.775,2.290,0.309,0.197,0.803,0.798,0.700
1302,43.400,30.067,0.000,-48.724,0.000,1,1,0,0.000,1.748,5,0,0.897,1,0.000,5169.850,0.900,0.407,5.185,0.580,2.383,1.983,0.178,0.822,0.700,0.700
1305,43.500,21.190,0.000,-8.877,0.000,1,1,0,0.000,2.089,5,0,0.897,1,0.000,5169.850,0.933,0.414,4.071,0.605,2.494,2.097,0.171,0.829,0.625,0.700
1308,43.600,17.464,0.000,-3.725,0.000,1,1,0,0.000,2.095,5,0,0.897,1,0.000,5169.850,0.933,0.420,7.544,0.884,2.488,0.423,0.192,0.808,0.672,0.700
1311,43.700,12.806,0.000,-4.658,0.000,1,1,0,0.000,1.771,5,0,0.897,1,0.000,5169.850,0.933,0.420,9.065,0.860,2.503,0.003,0.195,0.805,0.659,0.700
1314,43.800,63.812,197.649,51.006,184.307,2,1,1,237.539,1.746,5,0,0.897,4,0.000,5169.850,0.933,0.407,8.236,0.831,2.041,0.098,0.205,0.795,0.998,0.700
1317,43.900,37.336,0.000,-26.476,0.000,1,1,0,0.000,1.547,5,0,0.897,1,0.000,5169.850,0.933,0.414,8.068,0.927,1.129,0.080,0.210,0.790,0.791,0.650
1320,44.000,0.000,196.957,0.000,-0.692,1,0,1,0.000,1.971,5,0,0.931,1,0.000,5169.850,0.933,0.414,7.215,0.898,0.808,0.342,0.197,0.803,0.815,0.500
1323,44.100,6.708,0.000,-30.628,0.000,1,1,0,0.000,1.324,4,1,0.897,1,0.000,5169.850,0.933,0.414,5.236,0.846,0.666,0.010,0.189,0.811,0.566,0.750
1326,44.200,0.000,0.000,0.000,0.000,0,0,0,0.000,0.000,4,0,0.931,0,0.000,5169.850,0.900,0.414,3.600,0.841,0.484,0.056,0.186,0.814,0.309,0.650
1329,44.300,0.000,47.096,0.000,-149.861,1,0,1,0.000,1.895,4,0,0.931,2,0.000,5169.850,0.900,0.416,3.510,0.879,0.397,0.289,0.186,0.814,0.774,0.650
1332,44.400,0.000,0.000,0.000,0.000,0,0,0,0.000,0.000,4,0,0.931,0,0.000,5169.850,0.867,0.416,2.358,0.752,0.384,0.708,0.169,0.831,0.280,0.650
1335,44.500,0.000,0.000,0.000,0.000,0,0,0,0.000,0.000,4,0,0.966,0,0.000,5169.850,0.833,0.416,1.656,0.679,0.262,1.522,0.140,0.860,0.264,0.580
1338,44.600,0.000,10.000,0.000,-37.096,1,0,1,0.000,1.785,4,0,0.966,2,0.000,5169.850,0.833,0.419,1.282,0.422,0.116,2.918,0.111,0.889,0.548,0.650
1341,44.700,61.033,0.000,54.325,0.000,1,1,0,0.000,1.326,4,0,0.966,2,142.618,4976.295,0.833,0.509,1.449,0.657,0.090,0.554,0.136,0.864,0.730,0.750
1344,44.800,0.000,19.235,0.000,9.235,1,0,1,0.000,1.709,4,0,0.966,1,142.618,4976.295,0.833,0.517,2.227,0.758,0.344,0.188,0.171,0.829,0.554,0.750
1347,44.900,51.624,0.000,-9.409,0.000,1,1,0,0.000,1.413,4,0,0.966,1,142.618,4976.295,0.833,0.517,1.728,0.520,0.567,0.748,0.139,0.861,0.702,0.750
1350,45.000,20.518,0.000,-31.105,0.000,1,1,0,0.000,1.301,3,1,0.931,1,44.011,5169.875,0.833,0.525,2.314,0.277,0.792,0.505,0.107,0.893,0.512,0.750
1353,45.100,23.854,0.000,3.335,0.000,1,1,0,0.000,1.396,3,0,0.931,1,44.011,5169.875,0.833,0.525,2.651,0.357,0.879,1.523,0.114,0.886,0.534,0.550
1356,45.200,0.000,0.000,0.000,0.000,0,0,0,0.000,0.000,3,0,0.931,0,44.011,5169.875,0.800,0.525,1.377,0.324,1.129,1.338,0.105,0.895,0.178,0.650
1359,45.300,0.000,0.000,0.000,0.000,0,0,0,0.000,0.000,5,1,0.897,0,44.011,5169.875,0.767,0.525,1.288,0.153,1.363,0.963,0.116,0.884,0.283,0.750
1362,45.400,0.000,0.000,0.000,0.000,0,0,0,0.000,0.000,5,0,0.897,0,44.011,5169.875,0.733,0.525,1.072,0.211,1.715,0.290,0.107,0.893,0.270,0.700
1365,45.500,0.000,0.000,0.000,0.000,0,0,0,0.000,0.000,5,0,0.897,0,44.011,5169.875,0.700,0.525,1.111,0.734,2.071,1.657,0.125,0.875,0.230,0.700
1368,45.600,0.000,0.000,0.000,0.000,0,0,0,0.000,0.000,4,1,0.862,0,44.011,5169.875,0.667,0.525,1.312,0.687,2.310,0.231,0.126,0.874,0.235,0.750
1371,45.700,0.000,0.000,0.000,0.000,0,0,0,0.000,0.000,4,0,0.862,0,44.011,5169.875,0.633,0.525,0.928,0.484,2.441,0.899,0.101,0.899,0.235,0.700
1374,45.800,0.000,0.000,0.000,0.000,0,0,0,0.000,0.000,4,0,0.862,0,44.011,5169.875,0.600,0.525,0.888,0.829,2.352,0.381,0.093,0.907,0.206,0.700
1377,45.900,0.000,0.000,0.000,0.000,0,0,0,0.000,0.000,4,0,0.862,0,44.011,5169.875,0.567,0.525,0.897,0.861,2.595,0.522,0.091,0.909,0.200,0.700
1380,46.000,0.000,0.000,0.000,0.000,0,0,0,0.000,0.000,4,0,0.862,0,44.011,5169.875,0.533,0.525,1.837,0.724,2.277,0.573,0.129,0.871,0.229,0.700
1383,46.100,0.000,0.000,0.000,0.000,0,0,0,0.000,0.000,4,0,0.862,0,44.011,5169.875,0.533,0.525,3.854,0.582,1.908,0.133,0.150,0.850,0.290,0.700
1386,46.200,300.528,0.000,276.674,0.000,1,1,0,0.000,1.355,3,1,0.828,2,63.561,4989.069,0.567,0.383,4.567,0.640,1.520,0.064,0.175,0.825,0.707,0.750
1389,46.300,0.000,0.000,0.000,0.000,0,0,0,0.000,0.000,3,0,0.828,0,63.561,4989.069,0.533,0.383,12.389,0.124,1.213,0.649,0.291,0.709,0.325,0.650
1392,46.400,0.000,265.505,0.000,246.270,1,0,1,0.000,1.832,3,0,0.828,2,63.561,4989.069,0.533,0.386,17.920,0.503,0.823,2.678,0.211,0.789,0.799,0.650
1395,46.500,161.474,46.098,-139.053,-219.407,2,1,1,487.468,1.734,3,0,0.828,4,111.665,5144.229,0.533,0.381,14.801,0.570,0.313,0.287,0.194,0.806,0.904,0.650
1398,46.600,23.022,37.108,-138.453,-8.990,2,1,1,454.542,1.690,3,0,0.828,4,0.000,5795.920,0.533,0.371,14.669,0.601,0.034,0.010,0.200,0.800,0.858,0.450
1401,46.700,25.060,28.653,2.038,-8.455,2,1,1,428.412,1.516,3,0,0.828,4,0.000,5235.409,0.533,0.360,11.882,0.680,0.456,0.111,0.204,0.796,0.806,0.350
1404,46.800,14.036,15.620,-11.024,-13.033,2,1,1,407.946,1.178,4,1,0.793,6,0.000,4533.769,0.533,0.350,8.155,0.770,1.020,0.298,0.198,0.802,0.827,0.750
1407,46.900,7.071,11.662,-6.965,-3.959,2,1,1,402.246,1.178,4,0,0.793,6,0.000,3916.587,0.533,0.339,7.761,0.931,1.612,0.044,0.206,0.794,0.788,0.700
1410,47.000,11.180,2.236,4.109,-9.426,2,1,1,410.534,0.988,4,0,0.828,5,0.000,4486.685,0.533,0.328,6.211,0.954,2.593,0.047,0.209,0.791,0.745,0.700
1413,47.100,4.000,1.414,-7.180,-0.822,2,1,1,408.044,1.076,3,1,0.793,4,0.000,4999.864,0.533,0.312,3.445,0.850,4.451,0.389,0.195,0.805,0.543,0.750
1416,47.200,5.000,3.000,1.000,1.586,2,1,1,409.927,1.455,3,0,0.793,2,2.236,4013.334,0.567,0.300,2.330,0.871,6.808,0.383,0.167,0.833,0.463,0.700
1419,47.300,4.123,7.000,-0.877,4.000,2,1,1,408.240,1.699,3,0,0.793,4,199.324,3503.627,0.567,0.282,1.892,0.673,8.194,1.460,0.163,0.837,0.537,0.750
1422,47.400,6.708,10.000,2.585,3.000,2,1,1,410.030,1.544,4,1,0.759,5,0.000,4293.275,0.600,0.276,1.953,0.380,10.923,0.603,0.160,0.840,0.680,0.750
1425,47.500,7.211,5.385,0.503,-4.615,2,1,1,419.695,1.860,4,0,0.759,5,0.000,4688.287,0.633,0.251,1.793,0.412,11.624,1.078,0.160,0.840,0.662,0.700
1428,47.600,7.280,6.083,0.069,0.698,2,1,1,426.483,1.897,4,0,0.759,5,204.416,4712.209,0.633,0.231,2.052,0.528,11.465,1.004,0.159,0.841,0.661,0.750
1431,47.700,20.809,15.811,13.529,9.729,2,1,1,458.695,1.667,5,1,0.724,6,209.747,4956.599,0.633,0.336,2.126,0.518,7.347,1.866,0.130,0.870,0.738,0.750
1434,47.800,23.854,28.018,3.045,12.206,2,1,1,469.465,1.818,5,0,0.724,6,215.604,5073.268,0.633,0.336,2.748,0.459,5.083,1.480,0.121,0.879,0.798,0.750
1437,47.900,13.000,50.478,-10.854,22.460,2,1,1,471.873,1.639,5,0,0.759,6,41.773,5126.337,0.633,0.324,4.239,0.165,1.446,1.252,0.137,0.863,0.950,0.700
1440,48.000,0.000,485.584,0.000,434.889,2,0,1,485.584,0.630,5,0,0.759,6,25.807,5228.644,0.633,0.324,6.204,0.764,0.444,1.777,0.216,0.784,0.958,0.550
1443,48.100,0.000,511.003,0.000,20.752,2,0,1,511.003,1.285,5,0,0.759,6,0.000,5114.109,0.633,0.324,5.226,0.478,0.128,2.672,0.247,0.753,0.953,0.550
1446,48.200,42.544,496.101,29.544,-14.902,2,1,1,501.049,1.539,5,0,0.793,6,30.364,5162.994,0.667,0.324,6.300,0.640,0.121,1.120,0.262,0.738,0.973,0.500
1449,48.300,17.720,24.042,-24.824,-472.059,2,1,1,503.001,1.635,3,1,0.759,3,43.863,5272.044,0.700,0.324,6.433,0.256,0.293,1.673,0.251,0.749,0.790,0.750
1452,48.400,15.811,36.878,-1.909,12.837,2,1,1,542.446,1.651,3,0,0.759,3,43.863,5272.044,0.733,0.324,7.612,0.372,0.394,0.129,0.269,0.731,0.887,0.350
1455,48.500,7.280,60.638,-8.531,23.760,2,1,1,609.186,1.683,3,0,0.793,3,43.863,5272.044,0.767,0.324,7.415,0.565,0.483,1.057,0.283,0.717,0.918,0.350
1458,48.600,7.071,0.000,-0.209,0.000,1,1,0,0.000,1.177,3,0,0.793,2,43.863,5272.044,0.800,0.336,6.880,0.612,0.546,0.776,0.272,0.728,0.584,0.650
1461,48.700,2.000,0.000,-5.071,0.000,1,1,0,0.000,1.202,3,0,0.793,2,43.863,5272.044,0.833,0.347,6.015,0.503,0.542,2.823,0.238,0.762,0.546,0.580
1464,48.800,6.000,0.000,4.000,0.000,1,1,0,0.000,1.010,3,0,0.793,2,43.863,5272.044,0.867,0.347,3.463,0.703,0.524,2.770,0.234,0.766,0.495,0.580
1467,48.900,5.657,0.000,-0.343,0.000,1,1,0,0.000,1.033,5,1,0.759,2,43.863,5272.044,0.900,0.358,3.218,0.836,0.524,0.205,0.225,0.775,0.533,0.750
1470,49.000,4.243,0.000,-1.414,0.000,1,1,0,0.000,0.938,5,0,0.759,2,43.863,5272.044,0.933,0.358,4.817,0.704,0.530,0.177,0.189,0.811,0.579,0.580
1473,49.100,15.620,0.000,11.378,0.000,1,1,0,0.000,0.768,5,0,0.793,2,43.863,5272.044,0.967,0.369,2.690,0.852,0.491,0.317,0.164,0.836,0.582,0.580
1476,49.200,22.136,0.000,6.515,0.000,1,1,0,0.000,0.726,4,1,0.759,2,43.863,5272.044,0.967,0.379,2.581,0.139,0.451,0.331,0.131,0.869,0.684,0.750
1479,49.300,4.472,0.000,-17.664,0.000,1,1,0,0.000,0.865,4,0,0.759,2,43.863,5272.044,1.000,0.379,2.038,0.291,0.406,0.548,0.144,0.856,0.565,0.580
1482,49.400,14.765,0.000,10.293,0.000,1,1,0,0.000,1.041,4,0,0.759,2,43.863,5272.044,1.000,0.389,3.334,0.364,0.302,0.207,0.106,0.894,0.650,0.580
1485,49.500,10.000,0.000,-4.765,0.000,1,1,0,0.000,0.997,6,1,0.724,2,43.863,5272.044,1.000,0.399,2.007,0.530,0.174,0.531,0.158,0.842,0.549,0.750
1488,49.600,5.099,0.000,-4.901,0.000,1,1,0,0.000,1.365,6,0,0.724,2,47.854,5095.059,1.000,0.399,2.433,0.821,0.129,2.941,0.211,0.789,0.512,0.580
1491,49.700,5.831,0.000,0.732,0.000,1,1,0,0.000,1.506,6,0,0.759,2,6.083,5214.719,1.000,0.408,2.633,0.917,0.018,0.125,0.230,0.770,0.514,0.580
1494,49.800,3.606,0.000,-2.225,0.000,1,1,0,0.000,1.451,5,1,0.724,2,8.944,5332.694,1.000,0.417,2.776,0.943,0.034,0.501,0.235,0.765,0.515,0.750
1497,49.900,3.162,0.000,-0.443,0.000,1,1,0,0.000,1.602,5,0,0.724,2,8.544,4981.167,1.000,0.417,2.476,0.845,0.026,0.019,0.213,0.787,0.512,0.580
1500,50.000,8.485,0.000,5.323,0.000,1,1,0,0.000,1.511,5,0,0.759,2,5.099,5093.304,1.000,0.426,2.120,0.871,0.191,0.058,0.209,0.791,0.531,0.580
1503,50.100,5.385,0.000,-3.100,0.000,1,1,0,0.000,1.543,5,0,0.759,2,4.000,5183.948,1.000,0.435,2.009,0.814,0.386,0.516,0.196,0.804,0.515,0.580
1506,50.200,4.472,0.000,-0.913,0.000,1,1,0,0.000,1.558,5,0,0.759,2,0.000,4670.347,1.000,0.435,1.702,0.894,0.618,0.050,0.193,0.807,0.497,0.580
1509,50.300,4.243,0.000,-0.229,0.000,1,1,0,0.000,1.579,5,0,0.793,2,3.606,4733.079,1.000,0.444,1.791,0.932,0.871,0.248,0.204,0.796,0.495,0.580
1512,50.400,4.243,0.000,0.000,0.000,1,1,0,0.000,1.211,3,1,0.759,1,3.606,4733.079,1.000,0.453,1.580,0.963,1.015,0.173,0.191,0.809,0.476,0.750
1515,50.500,8.944,0.000,4.702,0.000,1,1,0,0.000,1.012,4,1,0.724,2,3.606,4733.079,1.000,0.453,2.806,0.922,1.156,0.426,0.220,0.780,0.565,0.750
1518,50.600,38.275,0.000,29.331,0.000,1,1,0,0.000,0.886,4,0,0.759,2,3.606,4733.079,1.000,0.462,3.939,0.841,1.443,1.639,0.236,0.764,0.762,0.700
1521,50.700,35.000,0.000,-3.275,0.000,1,1,0,0.000,0.730,4,0,0.759,1,3.606,4733.079,1.000,0.470,8.655,0.932,1.471,2.395,0.287,0.713,0.794,0.700
1524,50.800,0.000,266.177,0.000,205.538,1,0,1,0.000,2.009,4,0,0.759,3,0.000,3445.954,1.000,0.470,13.715,0.169,1.293,2.709,0.324,0.676,0.993,0.550
1527,50.900,0.000,60.308,0.000,-205.869,1,0,1,0.000,1.838,4,0,0.759,3,0.000,2547.539,1.000,0.479,17.035,0.765,0.784,0.599,0.234,0.766,0.951,0.450
1530,51.000,0.000,38.079,0.000,-22.229,1,0,1,0.000,1.519,5,1,0.724,2,30.232,2758.749,1.000,0.487,17.613,0.811,0.237,0.054,0.223,0.777,0.847,0.750
1533,51.100,0.000,39.319,0.000,1.240,1,0,1,0.000,1.162,5,0,0.724,2,52.010,3717.314,1.000,0.487,16.403,0.805,0.455,0.030,0.209,0.791,0.854,0.350
1536,51.200,0.000,16.031,0.000,-23.288,1,0,1,0.000,0.788,5,0,0.759,2,36.069,4429.060,1.000,0.487,14.260,0.797,0.994,0.044,0.196,0.804,0.725,0.580
1539,51.300,0.000,12.042,0.000,-3.990,1,0,1,0.000,0.825,6,1,0.724,4,136.341,4284.039,1.000,0.487,12.458,0.782,1.510,0.163,0.186,0.814,0.752,0.750
1542,51.400,0.000,20.396,0.000,8.354,1,0,1,0.000,0.787,6,0,0.724,2,0.000,3743.124,1.000,0.487,10.090,0.866,2.016,0.142,0.181,0.819,0.733,0.700
1545,51.500,0.000,14.560,0.000,-5.836,1,0,1,0.000,0.768,6,0,0.724,2,0.000,2923.119,1.000,0.487,7.010,0.870,2.782,0.045,0.175,0.825,0.675,0.700
1548,51.600,0.000,6.000,0.000,-8.560,1,0,1,0.000,0.436,5,1,0.690,3,0.000,1874.769,1.000,0.487,4.901,0.693,3.832,0.001,0.174,0.826,0.635,0.750
1551,51.700,0.000,14.422,0.000,8.422,1,0,1,0.000,0.476,5,0,0.690,3,0.000,1189.338,1.000,0.479,3.528,0.244,5.519,0.251,0.154,0.846,0.679,0.700
1554,51.800,0.000,23.707,0.000,9.284,1,0,1,0.000,0.432,5,0,0.724,3,0.000,1162.039,1.000,0.479,3.494,0.407,8.405,1.683,0.154,0.846,0.719,0.700
1557,51.900,0.000,52.154,0.000,28.447,1,0,1,0.000,0.448,4,1,0.690,2,46.065,1250.765,1.000,0.479,4.619,0.793,8.696,0.683,0.175,0.825,0.820,0.750
1560,52.000,0.000,57.871,0.000,5.717,1,0,1,0.000,0.471,4,0,0.690,2,46.065,1250.765,1.000,0.479,6.167,0.584,8.905,0.121,0.192,0.808,0.873,0.700
1563,52.100,610.594,0.000,575.594,0.000,1,1,0,0.000,1.040,4,0,0.724,2,46.065,1250.765,1.000,0.479,10.161,0.309,15.403,1.711,0.207,0.793,0.938,0.700
1566,52.200,0.000,23.770,0.000,-34.101,1,0,1,0.000,0.287,3,1,0.690,2,46.065,1250.765,1.000,0.479,10.348,0.494,12.332,0.448,0.209,0.791,0.737,0.750
1569,52.300,0.000,28.284,0.000,4.515,1,0,1,0.000,0.420,3,0,0.690,2,46.065,1250.765,1.000,0.479,10.982,0.479,4.356,0.095,0.216,0.784,0.764,0.700
1572,52.400,0.000,0.000,0.000,0.000,0,0,0,0.000,0.000,3,0,0.724,0,46.065,1250.765,0.967,0.479,11.996,0.409,1.997,0.391,0.218,0.782,0.357,0.700
1575,52.500,0.000,0.000,0.000,0.000,0,0,0,0.000,0.000,3,0,0.724,0,46.065,1250.765,0.933,0.479,11.293,0.335,1.104,0.567,0.212,0.788,0.359,0.580
1578,52.600,45.880,0.000,-564.714,0.000,1,1,0,0.000,1.000,3,0,0.724,2,46.065,1250.765,0.933,0.453,10.714,0.444,0.649,0.494,0.218,0.782,0.851,0.650
1581,52.700,29.428,0.000,-16.452,0.000,1,1,0,0.000,0.859,3,0,0.759,2,46.065,1250.765,0.933,0.453,12.346,0.589,0.378,0.448,0.220,0.780,0.754,0.000
1584,52.800,13.000,0.000,-16.428,0.000,1,1,0,0.000,0.731,5,1,0.724,3,221.081,3060.570,0.933,0.445,13.580,0.568,0.224,0.583,0.220,0.780,0.752,0.750
1587,52.900,3.162,0.000,-9.838,0.000,1,1,0,0.000,0.821,5,0,0.724,3,3.162,4682.819,0.933,0.445,9.660,0.497,0.133,0.983,0.216,0.784,0.703,0.580
1590,53.000,9.899,0.000,6.737,0.000,1,1,0,0.000,0.919,5,0,0.724,3,9.899,5894.330,0.933,0.436,11.182,0.539,0.050,0.926,0.218,0.782,0.737,0.580
1593,53.100,31.906,0.000,22.007,0.000,1,1,0,0.000,1.128,3,1,0.690,2,9.899,5894.330,0.933,0.436,10.656,0.552,0.044,0.286,0.220,0.780,0.771,0.750
1596,53.200,10.630,0.000,-21.276,0.000,1,1,0,0.000,1.353,3,0,0.690,2,9.899,5894.330,0.933,0.436,9.850,0.733,0.078,0.383,0.221,0.779,0.640,0.580
1599,53.300,14.866,0.000,4.236,0.000,1,1,0,0.000,1.033,3,0,0.724,2,9.899,5894.330,0.933,0.436,7.868,0.715,0.133,0.688,0.212,0.788,0.661,0.580
1602,53.400,22.847,0.000,7.981,0.000,1,1,0,0.000,1.125,6,1,0.724,3,164.347,6123.329,0.933,0.428,5.654,0.550,0.168,0.247,0.201,0.799,0.732,0.750
1605,53.500,8.544,0.000,-14.303,0.000,1,1,0,0.000,1.250,6,0,0.724,3,18.868,6020.159,0.933,0.428,3.978,0.707,0.150,0.750,0.187,0.813,0.599,0.580
1608,53.600,4.000,0.000,-4.544,0.000,1,1,0,0.000,1.266,6,0,0.724,3,8.944,6083.724,0.933,0.428,3.191,0.886,0.084,0.154,0.185,0.815,0.542,0.580
1611,53.700,9.220,0.000,5.220,0.000,1,1,0,0.000,1.346,7,1,0.690,4,8.944,6083.724,0.933,0.419,2.281,0.858,0.094,0.041,0.165,0.835,0.563,0.750
1614,53.800,8.544,0.000,-0.676,0.000,1,1,0,0.000,1.528,7,0,0.690,4,8.944,6083.724,0.933,0.419,1.806,0.475,0.229,2.674,0.145,0.855,0.574,0.580
1617,53.900,5.831,0.000,-2.713,0.000,1,1,0,0.000,1.416,7,0,0.724,4,8.944,6083.724,0.933,0.410,1.982,0.118,0.324,0.070,0.131,0.869,0.589,0.580
1620,54.000,8.062,0.000,2.231,0.000,1,1,0,0.000,1.297,6,0,0.724,4,8.944,6083.724,0.933,0.401,2.871,0.305,0.425,1.459,0.143,0.857,0.627,0.580
1623,54.100,10.440,0.000,2.378,0.000,1,1,0,0.000,1.302,6,0,0.724,4,16.125,5994.625,0.933,0.401,5.186,0.499,0.518,0.365,0.161,0.839,0.685,0.580
1626,54.200,12.649,0.000,2.209,0.000,1,1,0,0.000,1.079,6,0,0.759,4,12.530,5965.224,0.933,0.392,6.727,0.460,0.588,0.337,0.164,0.836,0.738,0.580
1629,54.300,15.811,0.000,3.162,0.000,1,1,0,0.000,1.005,4,1,0.724,3,16.279,5962.980,0.933,0.392,7.427,0.541,0.697,0.253,0.173,0.827,0.783,0.750
1632,54.400,12.042,0.000,-3.770,0.000,1,1,0,0.000,1.141,4,0,0.724,3,18.439,6024.988,0.933,0.382,6.463,0.484,0.823,0.236,0.169,0.831,0.742,0.580
1635,54.500,15.232,0.000,3.190,0.000,1,1,0,0.000,1.027,4,0,0.759,3,11.402,6018.347,0.933,0.408,4.886,0.690,0.881,0.152,0.154,0.846,0.705,0.580
1638,54.600,4.123,0.000,-11.108,0.000,1,1,0,0.000,0.821,5,0,0.759,4,0.000,5784.707,0.933,0.399,2.931,0.438,1.085,0.328,0.142,0.858,0.621,0.580
1641,54.700,12.806,0.000,8.683,0.000,1,1,0,0.000,0.763,5,0,0.759,4,0.000,5117.968,0.933,0.399,1.953,0.189,1.427,0.980,0.117,0.883,0.663,0.700
1644,54.800,2.236,0.000,-10.570,0.000,1,1,0,0.000,1.016,5,0,0.793,4,0.000,4156.878,0.933,0.389,1.428,0.542,1.988,1.342,0.117,0.883,0.566,0.700
1647,54.900,9.487,0.000,7.251,0.000,1,1,0,0.000,1.142,4,0,0.793,3,10.770,3711.318,0.933,0.389,2.674,0.529,2.751,2.685,0.133,0.867,0.629,0.700
1650,55.000,6.083,0.000,-3.404,0.000,1,1,0,0.000,1.085,4,0,0.793,3,2.000,3175.917,0.933,0.379,1.091,0.562,3.089,2.728,0.101,0.899,0.569,0.700
1653,55.100,16.279,0.000,10.196,0.000,1,1,0,0.000,1.360,4,0,0.828,3,4.000,2904.730,0.933,0.379,2.060,0.238,2.691,1.223,0.127,0.873,0.672,0.700
1656,55.200,7.280,0.000,-8.999,0.000,1,1,0,0.000,1.433,4,0,0.828,2,8.944,2245.094,0.933,0.389,1.156,0.570,2.068,1.256,0.106,0.894,0.531,0.700
1659,55.300,6.403,0.000,-0.877,0.000,1,1,0,0.000,1.721,4,0,0.828,3,8.602,1417.315,0.933,0.389,2.110,0.361,1.635,0.070,0.116,0.884,0.610,0.700
1662,55.400,10.000,0.000,3.597,0.000,1,1,0,0.000,1.914,4,0,0.828,3,6.000,461.104,0.967,0.389,2.420,0.370,1.304,0.176,0.128,0.872,0.641,0.580
1665,55.500,8.602,0.000,-1.398,0.000,1,1,0,0.000,2.176,5,0,0.828,4,12.530,301.268,1.000,0.389,1.782,0.539,1.072,1.860,0.108,0.892,0.619,0.580
1668,55.600,7.280,0.000,-1.322,0.000,1,1,0,0.000,1.963,5,0,0.828,4,39.051,180.354,1.000,0.389,3.206,0.386,0.938,0.199,0.135,0.865,0.658,0.580
1671,55.700,21.541,0.000,14.261,0.000,1,1,0,0.000,1.968,5,0,0.862,4,0.000,121.037,1.000,0.389,3.641,0.695,0.899,0.826,0.139,0.861,0.726,0.350
1674,55.800,9.000,0.000,-12.541,0.000,1,1,0,0.000,1.996,4,0,0.862,3,12.530,120.759,1.000,0.389,3.259,0.468,0.923,0.383,0.139,0.861,0.654,0.580
1677,55.900,11.402,0.000,2.402,0.000,1,1,0,0.000,1.916,4,0,0.862,3,17.889,146.045,1.000,0.389,7.296,0.248,1.029,0.638,0.176,0.824,0.783,0.580
1680,56.000,19.313,0.000,7.911,0.000,1,1,0,0.000,1.987,4,0,0.897,3,79.429,421.750,1.000,0.399,11.059,0.092,0.990,0.482,0.241,0.759,0.856,0.350
1683,56.100,16.031,0.000,-3.282,0.000,1,1,0,0.000,1.682,5,1,0.862,4,7.071,696.118,1.000,0.389,1.145,0.591,0.812,1.536,0.069,0.931,0.640,0.750
1686,56.200,42.059,0.000,25.935,0.000,2,1,0,42.059,1.439,5,0,0.862,6,76.922,1143.648,1.000,0.379,1.120,0.696,0.761,0.829,0.073,0.927,0.863,0.650
1689,56.300,40.719,0.000,-1.341,0.000,1,1,0,0.000,1.670,5,0,0.897,4,5.657,1266.745,1.000,0.379,1.489,0.707,0.646,0.383,0.075,0.925,0.778,0.650
1692,56.400,21.541,0.000,19.305,0.000,2,1,0,21.541,1.825,6,0,0.897,6,43.863,1149.499,1.000,0.379,1.008,0.702,0.458,0.337,0.058,0.942,0.746,0.650
1695,56.500,29.155,0.000,7.614,0.000,1,1,0,0.000,1.888,6,0,0.897,3,46.043,1190.099,1.000,0.379,0.920,0.501,0.421,0.755,0.057,0.943,0.660,0.650
1698,56.600,12.369,0.000,-16.785,0.000,1,1,0,0.000,1.599,6,0,0.931,4,14.036,1140.708,1.000,0.379,0.997,0.584,0.307,0.505,0.057,0.943,0.593,0.580
1701,56.700,13.416,0.000,-14.601,0.000,2,1,0,13.416,1.869,6,0,0.931,6,75.007,917.520,1.000,0.358,1.477,0.741,0.300,0.429,0.071,0.929,0.710,0.650
1704,56.800,38.275,0.000,24.859,0.000,1,1,0,0.000,1.924,6,0,0.931,4,13.038,801.904,1.000,0.358,0.999,0.590,0.245,0.147,0.055,0.945,0.736,0.650
1707,56.900,28.653,0.000,25.825,0.000,2,1,0,28.653,1.741,5,1,0.897,6,63.600,680.899,1.000,0.347,0.498,0.593,0.292,0.557,0.038,0.962,0.780,0.750
1710,57.000,22.361,0.000,-6.292,0.000,1,1,0,0.000,1.941,6,1,0.862,4,53.852,561.548,1.000,0.347,0.911,0.368,0.371,0.004,0.068,0.932,0.661,0.750
1713,57.100,67.676,0.000,34.434,0.000,2,1,0,67.676,1.908,6,0,0.862,6,39.560,483.954,1.000,0.347,3.141,0.803,0.358,1.851,0.108,0.892,0.922,0.650
1716,57.200,67.082,0.000,-0.594,0.000,1,1,0,0.000,1.937,6,0,0.897,3,39.560,483.954,1.000,0.347,2.476,0.623,0.305,0.149,0.103,0.897,0.778,0.650
1719,57.300,41.400,0.000,31.501,0.000,2,1,0,41.400,1.910,5,0,0.897,5,39.560,483.954,1.000,0.336,1.669,0.655,0.272,0.427,0.084,0.916,0.876,0.650
1722,57.400,46.957,0.000,5.557,0.000,1,1,0,0.000,1.913,5,0,0.897,3,39.560,483.954,1.000,0.336,1.493,0.302,0.232,1.022,0.085,0.915,0.794,0.650
1725,57.500,9.000,0.000,-37.957,0.000,1,1,0,0.000,1.936,5,0,0.897,3,39.560,483.954,1.000,0.347,1.278,0.356,0.494,0.553,0.091,0.909,0.585,0.580
1728,57.600,50.606,0.000,28.246,0.000,2,1,0,50.606,1.879,4,1,0.862,5,39.560,483.954,1.000,0.347,3.659,0.658,0.718,0.277,0.117,0.883,0.945,0.750
1731,57.700,0.000,0.000,0.000,0.000,0,0,0,0.000,0.000,4,0,0.862,0,39.560,483.954,0.967,0.347,3.728,0.193,0.593,0.060,0.154,0.846,0.366,0.650
1734,57.800,23.431,0.000,-27.176,0.000,1,1,0,0.000,1.560,4,0,0.862,3,39.560,483.954,0.967,0.339,7.687,0.400,0.499,0.745,0.159,0.841,0.845,0.650
1737,57.900,27.166,0.000,3.735,0.000,1,1,0,0.000,1.481,5,1,0.828,4,34.928,487.727,0.967,0.350,8.751,0.267,0.344,1.065,0.158,0.842,0.892,0.750
1740,58.000,0.000,39.812,0.000,11.528,1,0,1,0.000,0.403,5,0,0.828,4,72.801,511.350,0.967,0.339,11.095,0.021,0.103,0.283,0.277,0.723,0.980,0.500
1743,58.100,0.000,37.590,0.000,-2.222,1,0,1,0.000,0.653,5,0,0.828,4,70.000,502.654,0.967,0.339,7.891,0.613,0.154,2.928,0.190,0.810,0.923,0.550
1746,58.200,0.000,0.000,0.000,0.000,0,0,0,0.000,0.000,3,1,0.793,0,70.000,502.654,0.933,0.339,9.327,0.605,0.346,0.020,0.199,0.801,0.340,0.750
1749,58.300,0.000,0.000,0.000,0.000,0,0,0,0.000,0.000,3,0,0.793,0,70.000,502.654,0.900,0.339,10.317,0.365,0.533,0.743,0.187,0.813,0.352,0.580
1752,58.400,0.000,0.000,0.000,0.000,0,0,0,0.000,0.000,3,0,0.793,0,70.000,502.654,0.867,0.339,11.382,0.189,0.780,1.106,0.176,0.824,0.361,0.580
1755,58.500,0.000,0.000,0.000,0.000,0,0,0,0.000,0.000,5,1,0.759,0,70.000,502.654,0.833,0.339,10.895,0.601,1.068,0.526,0.168,0.832,0.428,0.750
1758,58.600,0.000,0.000,0.000,0.000,0,0,0,0.000,0.000,5,0,0.759,0,70.000,502.654,0.800,0.339,8.053,0.563,1.314,2.291,0.149,0.851,0.427,0.580
1761,58.700,0.000,0.000,0.000,0.000,0,0,0,0.000,0.000,5,0,0.759,0,70.000,502.654,0.767,0.339,9.268,0.871,1.432,1.196,0.158,0.842,0.401,0.700
1764,58.800,0.000,0.000,0.000,0.000,0,0,0,0.000,0.000,3,1,0.724,0,70.000,502.654,0.733,0.339,8.450,0.838,1.627,0.196,0.164,0.836,0.299,0.750
1767,58.900,0.000,0.000,0.000,0.000,0,0,0,0.000,0.000,3,0,0.724,0,70.000,502.654,0.700,0.339,7.564,0.766,1.825,2.074,0.170,0.830,0.289,0.700
1770,59.000,0.000,0.000,0.000,0.000,0,0,0,0.000,0.000,3,0,0.759,0,70.000,502.654,0.667,0.339,6.571,0.848,2.374,2.466,0.168,0.832,0.255,0.700
1773,59.100,0.000,0.000,0.000,0.000,0,0,0,0.000,0.000,4,1,0.724,0,70.000,502.654,0.633,0.339,5.851,0.856,10.794,2.031,0.168,0.832,0.332,0.750
1776,59.200,0.000,0.000,0.000,0.000,0,0,0,0.000,0.000,4,0,0.724,0,70.000,502.654,0.600,0.339,4.740,0.839,8.097,0.094,0.162,0.838,0.302,0.700
1779,59.300,0.000,0.000,0.000,0.000,0,0,0,0.000,0.000,4,0,0.724,0,70.000,502.654,0.567,0.339,3.878,0.755,6.789,0.171,0.150,0.850,0.282,0.700
1782,59.400,0.000,0.000,0.000,0.000,0,0,0,0.000,0.000,3,1,0.690,0,70.000,502.654,0.533,0.339,2.777,0.710,3.428,0.029,0.138,0.862,0.154,0.750
1785,59.500,0.000,0.000,0.000,0.000,0,0,0,0.000,0.000,3,0,0.690,0,70.000,502.654,0.500,0.339,2.287,0.692,2.173,0.078,0.128,0.872,0.139,0.700
1788,59.600,0.000,0.000,0.000,0.000,0,0,0,0.000,0.000,3,0,0.690,0,70.000,502.654,0.467,0.339,1.552,0.719,1.260,0.008,0.114,0.886,0.114,0.580
1791,59.700,0.000,0.000,0.000,0.000,0,0,0,0.000,0.000,3,0,0.690,0,70.000,502.654,0.433,0.339,1.173,0.608,0.941,0.421,0.099,0.901,0.109,0.580
1794,59.800,0.000,0.000,0.000,0.000,0,0,0,0.000,0.000,3,0,0.724,0,70.000,502.654,0.400,0.339,1.138,0.750,0.577,2.009,0.108,0.892,0.094,0.580
1797,59.900,0.000,0.000,0.000,0.000,0,0,0,0.000,0.000,3,0,0.759,0,70.000,502.654,0.367,0.339,2.524,0.675,0.212,0.796,0.131,0.869,0.130,0.580
1800,60.000,0.000,0.000,0.000,0.000,0,0,0,0.000,0.000,4,1,0.724,0,70.000,502.654,0.333,0.339,2.915,0.628,0.142,0.354,0.133,0.867,0.239,0.750
1803,60.100,0.000,0.000,0.000,0.000,0,0,0,0.000,0.000,4,0,0.724,0,70.000,502.654,0.300,0.339,5.547,0.715,0.460,0.326,0.157,0.843,0.295,0.580
1806,60.200,0.000,0.000,0.000,0.000,0,0,0,0.000,0.000,4,0,0.724,0,70.000,502.654,0.267,0.339,7.014,0.787,0.604,0.120,0.167,0.833,0.322,0.580
1809,60.300,0.000,0.000,0.000,0.000,0,0,0,0.000,0.000,5,1,0.690,0,70.000,502.654,0.233,0.339,3.683,0.756,0.794,0.059,0.157,0.843,0.237,0.750
1812,60.400,0.000,0.000,0.000,0.000,0,0,0,0.000,0.000,5,0,0.690,0,70.000,502.654,0.200,0.339,3.065,0.274,1.101,0.966,0.151,0.849,0.251,0.580
1815,60.500,0.000,0.000,0.000,0.000,0,0,0,0.000,0.000,5,0,0.724,0,70.000,502.654,0.167,0.339,2.385,0.637,1.514,0.753,0.144,0.856,0.205,0.700
1818,60.600,0.000,0.000,0.000,0.000,0,0,0,0.000,0.000,4,0,0.724,0,70.000,502.654,0.133,0.339,1.807,0.560,2.182,1.074,0.134,0.866,0.192,0.700
1821,60.700,0.000,0.000,0.000,0.000,0,0,0,0.000,0.000,4,0,0.724,0,70.000,502.654,0.133,0.339,4.489,0.725,2.656,0.464,0.160,0.840,0.247,0.700
1824,60.800,0.000,0.000,0.000,0.000,0,0,0,0.000,0.000,4,0,0.759,0,70.000,502.654,0.100,0.339,2.628,0.762,2.911,0.209,0.144,0.856,0.194,0.700
1827,60.900,0.000,0.000,0.000,0.000,0,0,0,0.000,0.000,5,1,0.724,0,70.000,502.654,0.067,0.339,1.639,0.621,2.400,0.928,0.119,0.881,0.176,0.750
1830,61.000,0.000,0.000,0.000,0.000,0,0,0,0.000,0.000,5,0,0.724,0,70.000,502.654,0.033,0.339,2.124,0.260,1.918,0.686,0.119,0.881,0.209,0.700
1833,61.100,0.000,0.000,0.000,0.000,0,0,0,0.000,0.000,5,0,0.759,0,70.000,502.654,0.000,0.339,1.742,0.401,1.576,2.148,0.130,0.870,0.185,0.700
1836,61.200,0.000,0.000,0.000,0.000,0,0,0,0.000,0.000,4,1,0.724,0,70.000,502.654,0.000,0.339,2.788,0.609,1.265,3.058,0.145,0.855,0.197,0.750
1839,61.300,0.000,0.000,0.000,0.000,0,0,0,0.000,0.000,4,0,0.724,0,70.000,502.654,0.000,0.339,3.956,0.650,0.984,0.010,0.155,0.845,0.223,0.580
1842,61.400,0.000,0.000,0.000,0.000,0,0,0,0.000,0.000,4,0,0.759,0,70.000,502.654,0.000,0.339,2.480,0.525,0.733,0.547,0.139,0.861,0.195,0.580
1845,61.500,0.000,0.000,0.000,0.000,0,0,0,0.000,0.000,5,0,0.759,0,70.000,502.654,0.000,0.339,1.861,0.337,0.610,0.576,0.127,0.873,0.193,0.580
1848,61.600,0.000,0.000,0.000,0.000,0,0,0,0.000,0.000,5,0,0.759,0,70.000,502.654,0.000,0.339,2.423,0.522,0.525,1.182,0.141,0.859,0.194,0.580
1851,61.700,0.000,0.000,0.000,0.000,0,0,0,0.000,0.000,5,0,0.793,0,70.000,502.654,0.000,0.339,1.246,0.275,0.570,2.361,0.114,0.886,0.182,0.580
1854,61.800,0.000,0.000,0.000,0.000,0,0,0,0.000,0.000,5,0,0.793,0,70.000,502.654,0.000,0.339,1.157,0.310,0.725,1.808,0.103,0.897,0.177,0.580
1857,61.900,0.000,0.000,0.000,0.000,0,0,0,0.000,0.000,5,0,0.793,0,70.000,502.654,0.000,0.339,1.313,0.807,0.751,0.016,0.111,0.889,0.146,0.580
1860,62.000,0.000,0.000,0.000,0.000,0,0,0,0.000,0.000,5,0,0.828,0,70.000,502.654,0.000,0.339,1.358,0.545,0.746,0.078,0.122,0.878,0.166,0.580
1863,62.100,0.000,0.000,0.000,0.000,0,0,0,0.000,0.000,3,1,0.793,0,70.000,502.654,0.000,0.339,1.345,0.723,0.689,0.782,0.110,0.890,0.053,0.750
1866,62.200,0.000,0.000,0.000,0.000,0,0,0,0.000,0.000,3,0,0.793,0,70.000,502.654,0.000,0.339,1.117,0.639,0.582,1.484,0.090,0.910,0.053,0.580
1869,62.300,0.000,0.000,0.000,0.000,0,0,0,0.000,0.000,3,0,0.828,0,70.000,502.654,0.000,0.339,1.165,0.461,0.720,1.877,0.093,0.907,0.067,0.580
1872,62.400,0.000,0.000,0.000,0.000,0,0,0,0.000,0.000,5,1,0.793,0,70.000,502.654,0.000,0.339,7.754,0.467,0.734,0.252,0.158,0.842,0.331,0.750
1875,62.500,0.000,0.000,0.000,0.000,0,0,0,0.000,0.000,5,0,0.793,0,70.000,502.654,0.000,0.339,8.300,0.259,0.416,0.038,0.155,0.845,0.352,0.580
1878,62.600,0.000,0.000,0.000,0.000,0,0,0,0.000,0.000,5,0,0.793,0,70.000,502.654,0.000,0.339,7.014,0.370,0.152,0.104,0.153,0.847,0.319,0.580
1881,62.700,0.000,0.000,0.000,0.000,0,0,0,0.000,0.000,4,1,0.759,0,70.000,502.654,0.000,0.339,4.387,0.460,0.059,1.760,0.135,0.865,0.247,0.750
1884,62.800,0.000,0.000,0.000,0.000,0,0,0,0.000,0.000,4,0,0.759,0,70.000,502.654,0.000,0.339,5.782,0.436,0.060,1.067,0.142,0.858,0.284,0.580
1887,62.900,0.000,0.000,0.000,0.000,0,0,0,0.000,0.000,4,0,0.793,0,70.000,502.654,0.000,0.339,6.488,0.216,0.018,0.405,0.146,0.854,0.317,0.580
1890,63.000,0.000,0.000,0.000,0.000,0,0,0,0.000,0.000,3,1,0.759,0,70.000,502.654,0.000,0.339,4.654,0.632,0.203,2.382,0.138,0.862,0.142,0.750
1893,63.100,0.000,0.000,0.000,0.000,0,0,0,0.000,0.000,3,0,0.759,0,70.000,502.654,0.000,0.339,6.293,0.700,0.369,0.220,0.131,0.869,0.178,0.580
1896,63.200,0.000,0.000,0.000,0.000,0,0,0,0.000,0.000,3,0,0.793,0,70.000,502.654,0.000,0.339,5.749,0.324,0.749,1.513,0.130,0.870,0.191,0.580
1899,63.300,0.000,0.000,0.000,0.000,0,0,0,0.000,0.000,5,1,0.759,0,70.000,502.654,0.000,0.339,7.573,0.252,1.922,0.531,0.161,0.839,0.342,0.750
1902,63.400,0.000,0.000,0.000,0.000,0,0,0,0.000,0.000,5,0,0.759,0,70.000,502.654,0.000,0.339,3.984,0.296,2.567,0.541,0.154,0.846,0.249,0.700
1905,63.500,0.000,0.000,0.000,0.000,0,0,0,0.000,0.000,5,0,0.759,0,70.000,502.654,0.000,0.339,5.741,0.215,2.840,0.677,0.135,0.865,0.299,0.700
1908,63.600,0.000,0.000,0.000,0.000,0,0,0,0.000,0.000,7,1,0.724,0,70.000,502.654,0.000,0.339,9.600,0.160,3.142,0.703,0.167,0.833,0.359,0.750
1911,63.700,0.000,0.000,0.000,0.000,0,0,0,0.000,0.000,7,0,0.724,0,70.000,502.654,0.000,0.339,6.916,0.479,3.682,1.003,0.161,0.839,0.309,0.700
1914,63.800,0.000,0.000,0.000,0.000,0,0,0,0.000,0.000,7,0,0.759,0,70.000,502.654,0.000,0.339,5.270,0.618,5.413,2.182,0.163,0.837,0.259,0.700
1917,63.900,0.000,0.000,0.000,0.000,0,0,0,0.000,0.000,5,1,0.724,0,70.000,502.654,0.000,0.339,7.507,0.428,5.897,1.204,0.180,0.820,0.328,0.750
1920,64.000,0.000,0.000,0.000,0.000,0,0,0,0.000,0.000,5,0,0.724,0,70.000,502.654,0.000,0.339,10.284,0.549,2.472,0.721,0.170,0.830,0.332,0.700
1923,64.100,0.000,0.000,0.000,0.000,0,0,0,0.000,0.000,5,0,0.759,0,70.000,502.654,0.000,0.339,5.862,0.476,1.705,0.549,0.143,0.857,0.283,0.700
1926,64.200,0.000,0.000,0.000,0.000,0,0,0,0.000,0.000,5,1,0.724,0,70.000,502.654,0.000,0.339,5.032,0.132,1.373,1.764,0.136,0.864,0.287,0.750
1929,64.300,0.000,0.000,0.000,0.000,0,0,0,0.000,0.000,5,0,0.724,0,70.000,502.654,0.000,0.339,4.539,0.480,1.335,0.069,0.147,0.853,0.250,0.580
1932,64.400,0.000,0.000,0.000,0.000,0,0,0,0.000,0.000,5,0,0.724,0,70.000,502.654,0.000,0.339,7.777,0.689,1.213,1.665,0.167,0.833,0.316,0.580
1935,64.500,0.000,0.000,0.000,0.000,0,0,0,0.000,0.000,6,0,0.724,0,70.000,502.654,0.000,0.339,2.784,0.760,1.095,0.152,0.134,0.866,0.186,0.580
1938,64.600,0.000,0.000,0.000,0.000,0,0,0,0.000,0.000,6,0,0.724,0,70.000,502.654,0.000,0.339,4.199,0.606,0.988,2.446,0.140,0.860,0.233,0.580
1941,64.700,0.000,0.000,0.000,0.000,0,0,0,0.000,0.000,6,0,0.724,0,70.000,502.654,0.000,0.339,5.154,0.420,0.823,1.344,0.139,0.861,0.269,0.580
1944,64.800,0.000,0.000,0.000,0.000,0,0,0,0.000,0.000,5,0,0.724,0,70.000,502.654,0.000,0.339,7.073,0.568,0.716,0.154,0.154,0.846,0.307,0.580
1947,64.900,0.000,0.000,0.000,0.000,0,0,0,0.000,0.000,5,0,0.724,0,70.000,502.654,0.000,0.339,2.628,0.391,0.545,0.500,0.154,0.846,0.208,0.580
1950,65.000,0.000,0.000,0.000,0.000,0,0,0,0.000,0.000,5,0,0.759,0,70.000,502.654,0.000,0.339,3.044,0.873,0.469,2.383,0.177,0.823,0.185,0.580
1953,65.100,0.000,0.000,0.000,0.000,0,0,0,0.000,0.000,5,0,0.759,0,70.000,502.654,0.000,0.339,2.532,0.832,0.300,0.069,0.160,0.840,0.175,0.580
1956,65.200,0.000,0.000,0.000,0.000,0,0,0,0.000,0.000,5,0,0.759,0,70.000,502.654,0.000,0.339,1.577,0.773,0.145,0.587,0.112,0.888,0.155,0.580
1959,65.300,0.000,0.000,0.000,0.000,0,0,0,0.000,0.000,5,0,0.793,0,70.000,502.654,0.000,0.339,1.193,0.523,0.548,0.102,0.116,0.884,0.163,0.580
1962,65.400,0.000,0.000,0.000,0.000,0,0,0,0.000,0.000,5,0,0.793,0,70.000,502.654,0.000,0.339,0.992,0.354,1.091,2.248,0.126,0.874,0.170,0.580
1965,65.500,0.000,0.000,0.000,0.000,0,0,0,0.000,0.000,5,0,0.793,0,70.000,502.654,0.000,0.339,1.264,0.229,1.385,0.781,0.120,0.880,0.186,0.580
1968,65.600,0.000,0.000,0.000,0.000,0,0,0,0.000,0.000,5,0,0.828,0,70.000,502.654,0.000,0.339,1.496,0.332,1.620,0.519,0.125,0.875,0.184,0.700
1971,65.700,0.000,0.000,0.000,0.000,0,0,0,0.000,0.000,6,1,0.793,0,70.000,502.654,0.000,0.339,2.565,0.299,1.745,1.088,0.136,0.864,0.213,0.750
1974,65.800,0.000,0.000,0.000,0.000,0,0,0,0.000,0.000,6,0,0.793,0,70.000,502.654,0.000,0.339,3.931,0.752,1.915,1.131,0.163,0.837,0.216,0.700
1977,65.900,0.000,0.000,0.000,0.000,0,0,0,0.000,0.000,6,0,0.828,0,70.000,502.654,0.000,0.339,4.360,0.593,1.823,3.080,0.172,0.828,0.238,0.700
1980,66.000,0.000,0.000,0.000,0.000,0,0,0,0.000,0.000,6,0,0.828,0,70.000,502.654,0.000,0.339,5.334,0.417,1.964,0.680,0.160,0.840,0.274,0.700
1983,66.100,0.000,0.000,0.000,0.000,0,0,0,0.000,0.000,6,0,0.828,0,70.000,502.654,0.000,0.339,8.653,0.119,1.631,0.510,0.185,0.815,0.362,0.700
1986,66.200,0.000,0.000,0.000,0.000,0,0,0,0.000,0.000,6,0,0.862,0,70.000,502.654,0.000,0.339,11.036,0.100,1.357,0.141,0.177,0.823,0.363,0.580
1989,66.300,100.439,0.000,73.273,0.000,1,1,0,0.000,1.387,6,1,0.828,3,70.000,502.654,0.033,0.133,11.533,0.120,1.135,0.297,0.208,0.792,0.836,0.750
1992,66.400,38.601,0.000,-61.839,0.000,1,1,0,0.000,1.564,6,0,0.828,3,70.000,502.654,0.067,0.133,12.414,0.430,0.981,0.627,0.228,0.772,0.782,0.450
1995,66.500,0.000,632.179,0.000,594.589,1,0,1,0.000,0.928,6,0,0.862,3,543.722,6568.794,0.100,0.135,11.984,0.281,0.577,0.694,0.238,0.762,0.832,0.750
1998,66.600,0.000,134.718,0.000,-497.461,1,0,1,0.000,1.067,5,1,0.828,2,543.722,6568.794,0.133,0.135,11.315,0.421,0.201,1.918,0.246,0.754,0.809,0.750
2001,66.700,0.000,0.000,0.000,0.000,0,0,0,0.000,0.000,5,0,0.828,0,543.722,6568.794,0.133,0.135,11.803,0.416,0.279,0.640,0.244,0.756,0.357,0.750
2004,66.800,0.000,0.000,0.000,0.000,0,0,0,0.000,0.000,5,0,0.862,0,543.722,6568.794,0.133,0.135,12.303,0.617,0.710,0.023,0.230,0.770,0.343,0.750
2007,66.900,0.000,189.391,0.000,54.673,1,0,1,0.000,1.296,4,1,0.828,3,51.420,7438.958,0.167,0.138,14.612,0.641,1.063,2.066,0.231,0.769,0.860,0.750
2010,67.000,551.457,0.000,512.857,0.000,1,1,0,0.000,1.459,4,0,0.828,2,31.048,8234.788,0.200,0.138,12.197,0.610,1.570,0.095,0.238,0.762,0.821,0.700
2013,67.100,40.608,0.000,-510.849,0.000,1,1,0,0.000,1.668,4,0,0.862,2,30.017,8887.710,0.233,0.140,12.177,0.633,2.552,0.262,0.245,0.755,0.799,0.700
2016,67.200,49.204,0.000,8.596,0.000,1,1,0,0.000,1.365,5,1,0.828,2,32.558,9050.805,0.267,0.140,11.950,0.665,3.056,2.633,0.249,0.751,0.807,0.750
2019,67.300,10.050,0.000,-39.154,0.000,1,1,0,0.000,1.453,5,0,0.828,2,0.000,8613.288,0.300,0.141,10.980,0.739,3.500,0.023,0.255,0.745,0.612,0.700
2022,67.400,10.440,0.000,0.390,0.000,1,1,0,0.000,1.653,5,0,0.828,2,0.000,7906.454,0.333,0.142,9.680,0.846,3.788,0.040,0.253,0.747,0.611,0.700
2025,67.500,0.000,133.645,0.000,-55.746,1,0,1,0.000,1.342,5,1,0.793,4,29.275,7196.044,0.367,0.142,8.943,0.906,4.993,0.054,0.255,0.745,0.875,0.750
2028,67.600,28.071,0.000,17.631,0.000,1,1,0,0.000,1.703,5,0,0.793,4,25.495,5827.057,0.400,0.142,8.977,0.948,4.750,0.044,0.260,0.740,0.782,0.700
2031,67.700,9.220,0.000,-18.852,0.000,1,1,0,0.000,1.604,5,0,0.793,4,0.000,4343.148,0.433,0.142,7.716,0.964,3.619,0.030,0.263,0.737,0.673,0.700
2034,67.800,7.211,0.000,-2.008,0.000,1,1,0,0.000,1.457,6,1,0.759,5,0.000,421.235,0.467,0.141,5.608,0.963,2.554,0.062,0.251,0.749,0.619,0.750
2037,67.900,4.472,0.000,-2.739,0.000,1,1,0,0.000,1.208,6,0,0.759,5,18.111,132.330,0.500,0.140,4.432,0.964,1.973,0.172,0.238,0.762,0.578,0.700
2040,68.000,5.657,0.000,1.185,0.000,1,1,0,0.000,0.981,6,0,0.759,5,18.028,114.484,0.533,0.140,3.771,0.966,1.400,0.084,0.232,0.768,0.572,0.700
2043,68.100,1.000,0.000,-4.657,0.000,1,1,0,0.000,1.047,6,0,0.759,4,4.472,125.409,0.567,0.140,3.271,0.959,1.019,0.036,0.220,0.780,0.508,0.580
2046,68.200,2.828,0.000,1.828,0.000,1,1,0,0.000,1.051,6,0,0.759,4,5.099,131.038,0.600,0.140,2.708,0.966,0.730,0.088,0.213,0.787,0.508,0.580
2049,68.300,5.000,0.000,2.172,0.000,1,1,0,0.000,1.020,6,0,0.759,5,165.003,661.715,0.633,0.363,2.063,0.952,0.435,0.381,0.202,0.798,0.539,0.750
2052,68.400,2.236,0.000,-2.764,0.000,1,1,0,0.000,0.695,6,0,0.759,4,2.828,676.475,0.667,0.363,1.749,0.963,0.121,0.027,0.193,0.807,0.489,0.580
2055,68.500,7.616,0.000,5.380,0.000,1,1,0,0.000,0.819,6,0,0.759,4,2.236,688.729,0.700,0.379,1.334,0.848,0.275,0.112,0.162,0.838,0.520,0.580
2058,68.600,17.117,0.000,9.501,0.000,1,1,0,0.000,0.904,6,0,0.793,5,166.075,1225.027,0.733,0.369,1.611,0.427,0.649,1.914,0.110,0.890,0.643,0.750
2061,68.700,41.437,0.000,24.319,0.000,1,1,0,0.000,0.917,3,1,0.759,2,131.552,1629.579,0.767,0.369,3.495,0.709,1.119,1.755,0.188,0.812,0.680,0.750
2064,68.800,0.000,158.446,0.000,24.801,1,0,1,0.000,1.589,3,0,0.759,2,131.552,1629.579,0.800,0.369,4.251,0.735,1.681,0.195,0.232,0.768,0.721,0.731
2067,68.900,99.202,0.000,57.765,0.000,1,1,0,0.000,0.949,3,0,0.759,2,131.552,1629.579,0.833,0.369,2.880,0.847,2.358,0.441,0.188,0.812,0.683,0.731
2070,69.000,0.000,0.000,0.000,0.000,0,0,0,0.000,0.000,4,1,0.724,0,131.552,1629.579,0.833,0.369,15.194,0.315,3.470,2.175,0.321,0.679,0.448,0.750
2073,69.100,0.000,0.000,0.000,0.000,0,0,0,0.000,0.000,4,0,0.724,0,131.552,1629.579,0.833,0.369,3.651,0.880,4.750,0.444,0.178,0.822,0.300,0.731
2076,69.200,0.000,0.000,0.000,0.000,0,0,0,0.000,0.000,4,0,0.759,0,131.552,1629.579,0.833,0.369,3.614,0.875,5.155,0.086,0.186,0.814,0.299,0.731
2079,69.300,0.000,0.000,0.000,0.000,0,0,0,0.000,0.000,4,0,0.759,0,131.552,1629.579,0.800,0.369,3.476,0.843,4.317,0.166,0.184,0.816,0.294,0.731
2082,69.400,0.000,0.000,0.000,0.000,0,0,0,0.000,0.000,4,0,0.759,0,131.552,1629.579,0.767,0.369,4.551,0.735,3.206,1.382,0.193,0.807,0.324,0.731
2085,69.500,0.000,0.000,0.000,0.000,0,0,0,0.000,0.000,4,0,0.793,0,131.552,1629.579,0.733,0.369,4.621,0.796,2.432,1.138,0.197,0.803,0.318,0.731
2088,69.600,51.662,529.544,-47.539,371.099,2,1,1,573.223,1.802,4,0,0.793,4,210.535,2273.430,0.733,0.268,2.733,0.650,1.909,0.426,0.137,0.863,0.891,0.750
2091,69.700,0.000,490.112,0.000,-37.048,2,0,1,490.112,2.252,4,0,0.793,4,169.446,2745.960,0.767,0.268,3.589,0.758,1.562,2.512,0.177,0.823,0.909,0.750
2094,69.800,0.000,10.198,0.000,-479.914,1,0,1,0.000,1.919,4,0,0.828,2,43.681,3090.837,0.800,0.268,7.132,0.812,1.264,1.278,0.205,0.795,0.664,0.650
2097,69.900,261.645,18.028,209.982,7.830,2,1,1,325.555,1.834,4,0,0.828,4,31.257,3025.444,0.800,0.268,9.777,0.664,0.940,0.034,0.219,0.781,1.000,0.650
2100,70.000,352.239,0.000,17.448,0.000,2,1,0,352.239,1.439,4,0,0.828,4,74.027,3000.010,0.800,0.268,10.153,0.681,0.607,0.063,0.216,0.784,1.000,0.500
2103,70.100,322.816,0.000,-27.848,0.000,2,1,0,322.816,1.803,4,0,0.862,4,0.000,2887.207,0.800,0.277,10.915,0.602,0.260,0.023,0.217,0.783,1.000,0.450
2106,70.200,309.864,0.000,-19.464,0.000,2,1,0,309.864,2.485,4,0,0.862,4,0.000,2522.365,0.800,0.277,11.134,0.683,0.097,0.003,0.217,0.783,1.000,0.350
2109,70.300,283.854,0.000,-20.345,0.000,2,1,0,283.854,2.804,4,0,0.862,4,0.000,2487.264,0.800,0.277,10.249,0.689,0.445,0.025,0.214,0.786,1.000,0.350
2112,70.400,266.101,0.000,-4.339,0.000,2,1,0,266.101,3.121,4,0,0.897,4,0.000,2170.287,0.800,0.277,11.468,0.919,0.816,0.007,0.216,0.784,1.000,0.350
2115,70.500,240.601,0.000,-10.082,0.000,2,1,0,240.601,3.122,4,0,0.897,4,0.000,1738.750,0.800,0.277,11.294,0.954,1.341,0.060,0.213,0.787,1.000,0.350
2118,70.600,230.653,0.000,4.357,0.000,2,1,0,230.653,3.123,4,0,0.897,4,0.000,1128.969,0.800,0.277,8.909,0.961,0.743,0.065,0.205,0.795,1.000,0.350
2121,70.700,226.420,0.000,-3.234,0.000,2,1,0,226.420,3.109,4,0,0.931,4,0.000,648.364,0.800,0.277,5.948,0.807,0.998,0.825,0.199,0.801,0.968,0.350
2124,70.800,215.474,0.000,-3.773,0.000,2,1,0,215.474,3.097,3,1,0.897,4,0.000,523.644,0.800,0.277,3.901,0.688,1.173,0.570,0.176,0.824,0.825,0.750
2127,70.900,209.848,0.000,-0.371,0.000,2,1,0,209.848,3.095,3,0,0.897,4,0.000,566.225,0.800,0.277,3.701,0.652,1.237,0.167,0.175,0.825,0.823,0.350
2130,71.000,202.781,0.000,-7.067,0.000,1,1,0,0.000,3.095,3,0,0.897,2,0.000,566.225,0.800,0.277,3.612,0.604,1.216,0.001,0.175,0.825,0.714,0.650
2133,71.100,8.602,0.000,-194.178,0.000,1,1,0,0.000,3.067,3,0,0.897,2,0.000,566.225,0.800,0.277,3.512,0.582,1.175,0.133,0.174,0.826,0.511,0.580
2136,71.200,8.062,0.000,-0.540,0.000,1,1,0,0.000,2.888,3,0,0.897,2,0.000,566.225,0.800,0.379,3.677,0.569,1.198,0.082,0.176,0.824,0.513,0.580
2139,71.300,6.403,0.000,-1.659,0.000,1,1,0,0.000,2.529,3,0,0.897,2,0.000,566.225,0.800,0.389,3.506,0.554,1.187,0.234,0.173,0.827,0.500,0.580
2142,71.400,0.000,0.000,0.000,0.000,0,0,0,0.000,0.000,3,0,0.897,0,0.000,566.225,0.767,0.389,3.443,0.603,0.988,0.134,0.175,0.825,0.206,0.650
2145,71.500,0.000,0.000,0.000,0.000,0,0,0,0.000,0.000,3,0,0.897,0,0.000,566.225,0.733,0.389,3.348,0.727,0.651,0.263,0.177,0.823,0.191,0.580
2148,71.600,0.000,0.000,0.000,0.000,0,0,0,0.000,0.000,3,0,0.931,0,0.000,566.225,0.700,0.389,3.081,0.805,0.337,0.193,0.173,0.827,0.175,0.580
2151,71.700,0.000,0.000,0.000,0.000,0,0,0,0.000,0.000,3,0,0.931,0,0.000,566.225,0.667,0.389,2.575,0.716,0.014,0.239,0.162,0.838,0.164,0.580
2154,71.800,0.000,0.000,0.000,0.000,0,0,0,0.000,0.000,3,0,0.931,0,0.000,566.225,0.633,0.389,2.803,0.751,0.272,0.246,0.172,0.828,0.164,0.580
2157,71.900,0.000,0.000,0.000,0.000,0,0,0,0.000,0.000,3,0,0.966,0,0.000,566.225,0.600,0.389,2.171,0.699,0.502,0.280,0.150,0.850,0.147,0.580
2160,72.000,0.000,0.000,0.000,0.000,0,0,0,0.000,0.000,3,0,0.966,0,0.000,566.225,0.600,0.389,2.463,0.767,0.813,0.049,0.158,0.842,0.150,0.580
2163,72.100,0.000,0.000,0.000,0.000,0,0,0,0.000,0.000,3,0,0.966,0,0.000,566.225,0.600,0.389,2.912,0.813,1.010,0.006,0.139,0.861,0.158,0.580
2166,72.200,0.000,0.000,0.000,0.000,0,0,0,0.000,0.000,3,0,0.966,0,0.000,566.225,0.600,0.389,2.727,0.857,1.273,0.051,0.124,0.876,0.150,0.580
2169,72.300,0.000,0.000,0.000,0.000,0,0,0,0.000,0.000,3,0,0.966,0,0.000,566.225,0.600,0.389,1.727,0.534,1.446,0.487,0.111,0.889,0.148,0.700
2172,72.400,24.331,0.000,17.928,0.000,1,1,0,0.000,2.469,3,0,0.966,2,0.000,566.225,0.633,0.239,1.396,0.697,1.518,0.178,0.091,0.909,0.517,0.700
2175,72.500,0.000,95.483,0.000,77.455,1,0,1,0.000,1.889,3,0,0.966,2,0.000,566.225,0.667,0.246,0.869,0.791,1.518,0.163,0.064,0.936,0.616,0.700
2178,72.600,5.099,0.000,-19.232,0.000,1,1,0,0.000,2.283,3,0,0.966,2,85.843,896.238,0.667,0.246,0.500,0.219,1.519,2.002,0.055,0.945,0.426,0.700
2181,72.700,0.000,0.000,0.000,0.000,0,0,0,0.000,0.000,3,0,0.966,0,85.843,896.238,0.633,0.246,0.801,0.794,1.633,1.039,0.076,0.924,0.110,0.700
2184,72.800,0.000,0.000,0.000,0.000,0,0,0,0.000,0.000,3,0,0.966,0,85.843,896.238,0.600,0.246,0.848,0.903,1.699,0.781,0.092,0.908,0.100,0.700
2187,72.900,0.000,0.000,0.000,0.000,0,0,0,0.000,0.000,3,0,0.966,0,85.843,896.238,0.567,0.246,0.904,0.837,1.595,0.185,0.099,0.901,0.102,0.700
2190,73.000,0.000,0.000,0.000,0.000,0,0,0,0.000,0.000,3,0,0.966,0,85.843,896.238,0.533,0.246,1.100,0.676,1.485,0.254,0.099,0.901,0.114,0.700
2193,73.100,0.000,0.000,0.000,0.000,0,0,0,0.000,0.000,3,0,0.966,0,85.843,896.238,0.500,0.246,0.793,0.589,1.393,0.050,0.088,0.912,0.109,0.580
2196,73.200,0.000,0.000,0.000,0.000,0,0,0,0.000,0.000,3,0,0.966,0,85.843,896.238,0.467,0.246,1.365,0.815,1.326,0.283,0.115,0.885,0.103,0.580
2199,73.300,203.039,26.476,197.940,-69.007,2,1,1,213.178,2.080,3,0,0.966,4,85.843,896.238,0.467,0.255,2.670,0.652,1.251,0.897,0.123,0.877,0.757,0.650
2202,73.400,0.000,0.000,0.000,0.000,0,0,0,0.000,0.000,3,0,0.966,0,85.843,896.238,0.433,0.255,3.282,0.332,1.175,0.159,0.113,0.887,0.181,0.650
2205,73.500,255.392,0.000,52.352,0.000,1,1,0,0.000,1.714,3,0,0.966,2,0.000,1307.249,0.433,0.260,3.910,0.732,1.130,0.314,0.187,0.813,0.669,0.650
2208,73.600,0.000,75.928,0.000,49.451,1,0,1,0.000,1.875,3,0,0.966,2,0.000,1307.249,0.433,0.266,4.829,0.713,1.280,0.064,0.206,0.794,0.693,0.500
2211,73.700,0.000,12.530,0.000,-63.398,1,0,1,0.000,1.873,3,0,1.000,2,0.000,1307.249,0.433,0.266,4.664,0.827,1.807,0.159,0.206,0.794,0.500,0.700
2214,73.800,0.000,11.705,0.000,-0.825,1,0,1,0.000,1.857,3,0,1.000,1,0.000,1307.249,0.433,0.271,6.062,0.908,2.335,0.170,0.226,0.774,0.465,0.700
2217,73.900,0.000,16.000,0.000,4.295,1,0,1,0.000,1.513,3,0,1.000,1,0.000,1307.249,0.433,0.277,8.930,0.854,1.293,0.066,0.236,0.764,0.541,0.580
2220,74.000,0.000,20.000,0.000,4.000,1,0,1,0.000,1.497,3,0,1.000,1,0.000,1307.249,0.433,0.282,11.759,0.831,0.140,0.045,0.241,0.759,0.565,0.580
2223,74.100,0.000,18.000,0.000,-2.000,1,0,1,0.000,1.430,5,1,0.966,1,0.000,1307.249,0.433,0.282,13.770,0.922,1.008,0.019,0.241,0.759,0.623,0.750
2226,74.200,0.000,23.345,0.000,5.345,1,0,1,0.000,1.117,5,0,0.966,1,0.000,1307.249,0.433,0.287,15.311,0.959,2.021,0.120,0.241,0.759,0.651,0.700
2229,74.300,0.000,15.811,0.000,-7.534,1,0,1,0.000,0.868,5,0,0.966,1,0.000,1307.249,0.433,0.293,13.638,0.939,3.157,0.160,0.249,0.751,0.610,0.700
2232,74.400,0.000,29.069,0.000,13.257,1,0,1,0.000,0.834,4,0,0.966,1,0.000,1307.249,0.467,0.298,12.097,0.870,4.202,0.083,0.251,0.749,0.702,0.700
2235,74.500,0.000,20.224,0.000,-8.845,1,0,1,0.000,0.595,4,0,0.966,1,0.000,1307.249,0.500,0.298,11.009,0.909,5.284,0.118,0.243,0.757,0.654,0.700
2238,74.600,0.000,7.211,0.000,-13.013,1,0,1,0.000,0.276,4,0,0.966,1,0.000,1307.249,0.533,0.303,8.487,0.828,6.543,0.049,0.238,0.762,0.591,0.700
2241,74.700,0.000,2.236,0.000,-4.975,1,0,1,0.000,0.413,4,0,0.966,1,0.000,1307.249,0.567,0.308,5.601,0.794,7.626,0.120,0.227,0.773,0.510,0.700
2244,74.800,0.000,7.810,0.000,5.574,1,0,1,0.000,0.465,4,0,0.966,1,0.000,1307.249,0.600,0.313,4.522,0.647,8.410,0.304,0.220,0.780,0.528,0.700
2247,74.900,0.000,28.302,0.000,20.492,1,0,1,0.000,0.678,4,0,0.966,1,0.000,1307.249,0.633,0.313,5.130,0.403,8.711,1.486,0.200,0.800,0.678,0.700
2250,75.000,565.608,0.000,310.216,0.000,1,1,0,0.000,1.660,4,0,0.966,1,0.000,1307.249,0.667,0.319,3.793,0.356,7.804,1.524,0.189,0.811,0.745,0.700
2253,75.100,674.007,0.000,108.399,0.000,1,1,0,0.000,1.663,4,0,0.966,3,119.269,2160.468,0.700,0.319,5.310,0.571,6.591,0.352,0.224,0.776,0.862,0.700
2256,75.200,0.000,0.000,0.000,0.000,0,0,0,0.000,0.000,4,0,0.966,0,119.269,2160.468,0.700,0.319,7.447,0.721,5.336,2.406,0.234,0.766,0.390,0.700
2259,75.300,558.202,477.722,-115.805,449.420,2,1,1,325.412,1.844,4,1,0.931,4,155.332,2409.145,0.733,0.322,10.069,0.679,4.753,0.117,0.230,0.770,1.000,0.750
2262,75.400,317.456,0.000,17.214,0.000,2,1,0,317.456,2.248,4,0,0.931,4,0.000,2459.745,0.733,0.322,13.052,0.495,3.883,0.666,0.231,0.769,1.000,0.700
2265,75.500,323.396,0.000,25.562,0.000,2,1,0,323.396,2.749,4,0,0.931,4,0.000,2421.149,0.733,0.322,12.092,0.627,2.759,0.052,0.228,0.772,1.000,0.700
2268,75.600,302.035,0.000,-7.187,0.000,2,1,0,302.035,3.055,4,0,0.931,4,0.000,2358.938,0.733,0.322,11.952,0.745,1.838,0.076,0.220,0.780,1.000,0.700
2271,75.700,313.198,0.000,14.233,0.000,2,1,0,313.198,3.074,4,0,0.931,4,0.000,2306.229,0.767,0.322,12.240,0.742,1.228,0.067,0.220,0.780,1.000,0.350
2274,75.800,283.746,388.861,-29.452,-88.861,2,1,1,281.619,3.073,4,0,0.931,5,0.000,2540.209,0.800,0.317,14.860,0.076,0.795,2.954,0.249,0.751,1.000,0.550
2277,75.900,272.039,0.000,253.654,0.000,2,1,0,272.039,2.679,3,1,0.897,4,195.658,4697.639,0.833,0.370,0.954,0.458,0.599,1.085,0.082,0.918,0.772,0.750
2280,76.000,268.794,0.000,-5.917,0.000,2,1,0,268.794,2.689,3,0,0.897,4,195.819,4488.700,0.867,0.363,1.936,0.209,0.300,1.095,0.072,0.928,0.818,0.750
2283,76.100,259.586,0.000,-9.258,0.000,2,1,0,259.586,2.687,3,0,0.897,4,6.083,4308.594,0.900,0.457,2.725,0.261,0.047,0.650,0.098,0.902,0.838,0.350
2286,76.200,242.638,0.000,-16.022,0.000,2,1,0,242.638,2.705,3,0,0.897,4,6.000,4065.500,0.933,0.454,2.068,0.421,0.152,0.075,0.104,0.896,0.814,0.350
2289,76.300,226.645,0.000,-10.852,0.000,2,1,0,226.645,3.105,3,0,0.897,4,7.211,2853.637,0.933,0.437,1.779,0.652,0.289,0.770,0.116,0.884,0.791,0.350
2292,76.400,226.374,0.000,-0.272,0.000,1,1,0,0.000,3.110,3,0,0.897,2,1.000,2825.549,0.967,0.428,3.111,0.871,0.377,2.314,0.157,0.843,0.703,0.650
2295,76.500,0.000,0.000,0.000,0.000,0,0,0,0.000,0.000,3,0,0.897,0,1.000,2825.549,0.933,0.428,1.739,0.774,0.457,0.007,0.130,0.870,0.171,0.650
2298,76.600,0.000,0.000,0.000,0.000,0,0,0,0.000,0.000,3,0,0.897,0,1.000,2825.549,0.900,0.428,1.661,0.726,0.490,0.127,0.135,0.865,0.169,0.580
2301,76.700,171.058,0.000,-55.315,0.000,1,1,0,0.000,3.058,3,0,0.897,2,1.000,2825.549,0.900,0.399,1.851,0.863,0.566,0.021,0.134,0.866,0.664,0.650
2304,76.800,9.220,0.000,-161.839,0.000,1,1,0,0.000,2.946,3,0,0.897,2,1.000,2825.549,0.900,0.389,1.194,0.768,0.738,1.129,0.107,0.893,0.455,0.580
2307,76.900,0.000,178.362,0.000,-210.499,1,0,1,0.000,1.355,3,0,0.897,2,1.000,2825.549,0.900,0.380,2.483,0.848,0.989,1.088,0.148,0.852,0.681,0.500
2310,77.000,14.000,0.000,4.780,0.000,1,1,0,0.000,2.725,3,0,0.931,2,1.000,2825.549,0.900,0.371,1.643,0.843,1.216,0.556,0.124,0.876,0.488,0.580
2313,77.100,6.403,0.000,-7.597,0.000,1,1,0,0.000,2.616,4,1,0.897,3,1.000,2825.549,0.900,0.361,2.019,0.735,1.403,0.239,0.116,0.884,0.578,0.750
2316,77.200,21.378,0.000,14.974,0.000,1,1,0,0.000,2.293,4,0,0.897,3,1.000,2825.549,0.900,0.363,2.143,0.754,1.595,0.178,0.094,0.906,0.663,0.700
2319,77.300,0.000,0.000,0.000,0.000,0,0,0,0.000,0.000,4,0,0.897,0,1.000,2825.549,0.867,0.363,2.408,0.733,1.860,0.429,0.089,0.911,0.283,0.700
2322,77.400,47.170,0.000,25.792,0.000,1,1,0,0.000,2.122,3,1,0.862,2,92.022,2733.340,0.867,0.371,2.111,0.791,2.056,0.324,0.079,0.921,0.671,0.750
2325,77.500,5.831,0.000,-41.339,0.000,1,1,0,0.000,2.110,3,0,0.862,2,29.614,2934.269,0.867,0.371,1.252,0.724,1.612,0.198,0.075,0.925,0.437,0.700
2328,77.600,10.440,0.000,4.609,0.000,1,1,0,0.000,1.811,3,0,0.862,2,74.706,3101.474,0.867,0.380,1.168,0.750,1.385,0.561,0.080,0.920,0.459,0.580
2331,77.700,4.472,0.000,-5.968,0.000,1,1,0,0.000,1.762,4,1,0.828,2,21.541,2809.680,0.867,0.380,0.676,0.548,1.263,0.618,0.068,0.932,0.497,0.750
2334,77.800,13.454,0.000,8.981,0.000,1,1,0,0.000,1.714,4,0,0.828,2,82.292,2641.474,0.867,0.389,0.621,0.172,1.181,0.195,0.052,0.948,0.572,0.580
2337,77.900,31.401,0.000,17.947,0.000,1,1,0,0.000,1.826,4,0,0.828,2,0.000,2157.158,0.867,0.389,0.632,0.507,1.120,0.413,0.053,0.947,0.649,0.580
2340,78.000,10.817,0.000,-20.584,0.000,1,1,0,0.000,1.599,3,1,0.793,2,18.028,1894.237,0.867,0.399,0.652,0.519,1.107,1.047,0.064,0.936,0.464,0.750
2343,78.100,7.071,0.000,-3.746,0.000,1,1,0,0.000,1.906,3,0,0.793,2,115.109,1678.738,0.867,0.399,0.500,0.409,1.069,1.485,0.042,0.958,0.447,0.639
2346,78.200,7.810,0.000,0.739,0.000,1,1,0,0.000,1.872,3,0,0.828,2,104.010,1529.574,0.900,0.407,0.772,0.545,1.004,0.842,0.061,0.939,0.453,0.580
2349,78.300,0.000,67.882,0.000,-110.480,1,0,1,0.000,1.615,4,1,0.793,2,104.010,1529.574,0.900,0.407,1.188,0.709,0.922,0.125,0.087,0.913,0.728,0.750
2352,78.400,16.492,0.000,8.682,0.000,1,1,0,0.000,1.580,4,0,0.793,2,104.010,1529.574,0.900,0.416,2.029,0.731,0.804,0.037,0.101,0.899,0.589,0.580
2355,78.500,15.232,88.769,-1.261,20.887,2,1,1,58.464,1.627,4,0,0.793,4,104.010,1529.574,0.900,0.416,2.346,0.629,0.725,0.248,0.116,0.884,0.903,0.650
2358,78.600,0.000,53.339,0.000,4.298,2,0,1,53.339,2.135,3,1,0.759,4,104.010,1529.574,0.900,0.416,3.903,0.868,0.617,0.472,0.161,0.839,0.825,0.750
2361,78.700,0.000,57.706,0.000,4.368,1,0,1,0.000,2.309,3,0,0.759,2,104.010,1529.574,0.900,0.416,4.244,0.761,0.496,0.030,0.158,0.842,0.731,0.650
2364,78.800,254.380,22.804,239.148,-34.903,2,1,1,254.026,2.439,3,0,0.793,4,0.000,1859.594,0.900,0.416,8.359,0.705,0.361,0.030,0.211,0.789,0.939,0.650
2367,78.900,60.877,39.051,-193.503,16.248,2,1,1,291.153,2.103,3,0,0.793,4,63.411,2587.577,0.900,0.416,6.400,0.758,0.092,0.061,0.229,0.771,0.895,0.450
2370,79.000,0.000,25.060,0.000,-13.991,1,0,1,0.000,1.853,3,0,0.793,2,63.411,2587.577,0.900,0.425,10.338,0.800,0.560,0.019,0.251,0.749,0.711,0.650
2373,79.100,343.759,0.000,282.882,0.000,1,1,0,0.000,1.394,3,0,0.793,1,63.411,2587.577,0.900,0.433,14.892,0.859,1.810,0.068,0.259,0.741,0.758,0.700
2376,79.200,0.000,0.000,0.000,0.000,0,0,0,0.000,0.000,3,0,0.793,0,63.411,2587.577,0.867,0.433,14.788,0.896,3.816,0.017,0.252,0.748,0.311,0.700
2379,79.300,0.000,0.000,0.000,0.000,0,0,0,0.000,0.000,3,0,0.793,0,63.411,2587.577,0.833,0.433,15.325,0.908,5.033,0.023,0.247,0.753,0.306,0.700
2382,79.400,0.000,0.000,0.000,0.000,0,0,0,0.000,0.000,3,0,0.793,0,63.411,2587.577,0.800,0.433,13.868,0.857,6.091,0.127,0.250,0.750,0.306,0.700
2385,79.500,35.355,0.000,-308.403,0.000,1,1,0,0.000,1.404,4,1,0.759,1,63.411,2587.577,0.833,0.407,14.026,0.821,8.395,0.112,0.257,0.743,0.784,0.750
2388,79.600,25.632,0.000,-9.723,0.000,1,1,0,0.000,1.295,4,0,0.759,1,63.411,2587.577,0.867,0.414,12.863,0.804,9.375,0.145,0.259,0.741,0.735,0.700
2391,79.700,0.000,69.642,0.000,44.582,1,0,1,0.000,1.500,4,0,0.759,1,63.411,2587.577,0.867,0.421,10.447,0.782,10.081,0.048,0.259,0.741,0.844,0.700
2394,79.800,0.000,3.000,0.000,-66.642,1,0,1,0.000,1.664,4,1,0.724,1,63.411,2587.577,0.867,0.430,10.140,0.812,10.997,0.337,0.248,0.752,0.609,0.750
2397,79.900,0.000,5.385,0.000,2.385,1,0,1,0.000,1.345,4,0,0.724,1,63.411,2587.577,0.867,0.430,8.743,0.814,11.854,0.221,0.240,0.760,0.622,0.700
2400,80.000,39.319,0.000,13.687,0.000,1,1,0,0.000,1.278,4,0,0.759,1,63.411,2587.577,0.867,0.438,5.512,0.720,13.331,0.303,0.232,0.768,0.755,0.700
2403,80.100,0.000,12.728,0.000,7.343,1,0,1,0.000,1.118,4,0,0.759,1,63.411,2587.577,0.867,0.438,3.816,0.787,12.707,1.690,0.216,0.784,0.560,0.700
2406,80.200,0.000,10.296,0.000,-2.432,1,0,1,0.000,0.962,4,0,0.759,1,63.411,2587.577,0.867,0.446,3.862,0.870,9.368,0.094,0.215,0.785,0.542,0.700
2409,80.300,0.000,1.000,0.000,-9.296,1,0,1,0.000,0.912,4,0,0.793,1,63.411,2587.577,0.900,0.446,5.061,0.938,7.449,0.549,0.225,0.775,0.519,0.700
2412,80.400,40.497,0.000,1.178,0.000,1,1,0,0.000,1.255,4,0,0.793,2,63.411,2587.577,0.900,0.446,2.491,0.401,3.916,1.862,0.161,0.839,0.757,0.700
2415,80.500,21.095,0.000,-19.402,0.000,1,1,0,0.000,1.571,4,0,0.793,2,63.411,2587.577,0.900,0.454,3.985,0.563,3.215,0.832,0.183,0.817,0.675,0.700
2418,80.600,0.000,0.000,0.000,0.000,0,0,0,0.000,0.000,4,0,0.828,0,63.411,2587.577,0.867,0.454,4.645,0.677,2.111,1.098,0.181,0.819,0.343,0.700
2421,80.700,464.699,0.000,443.604,0.000,1,1,0,0.000,1.568,3,1,0.793,2,81.216,3889.314,0.867,0.453,5.039,0.654,1.141,0.171,0.185,0.815,0.754,0.750
2424,80.800,46.098,0.000,-418.601,0.000,1,1,0,0.000,1.730,3,0,0.793,2,0.000,4196.297,0.867,0.454,8.379,0.381,0.653,1.244,0.199,0.801,0.847,0.450
2427,80.900,47.854,0.000,1.756,0.000,1,1,0,0.000,1.516,3,0,0.828,2,113.547,4803.344,0.867,0.454,11.358,0.368,0.326,2.780,0.207,0.793,0.848,0.631
2430,81.000,46.615,0.000,-1.238,0.000,1,1,0,0.000,1.479,3,0,0.828,2,0.000,4901.359,0.867,0.454,13.994,0.356,0.128,0.288,0.205,0.795,0.849,0.350
2433,81.100,371.446,0.000,350.233,0.000,2,1,0,371.446,1.127,3,0,0.828,4,0.000,4931.324,0.867,0.446,16.010,0.439,0.031,0.018,0.209,0.791,0.953,0.650
2436,81.200,341.270,0.000,-3.810,0.000,2,1,0,341.270,1.499,3,0,0.862,4,0.000,4430.997,0.867,0.438,16.465,0.575,0.145,0.065,0.206,0.794,0.944,0.350
2439,81.300,278.525,0.000,-36.355,0.000,2,1,0,278.525,1.673,3,0,0.862,4,0.000,2862.905,0.867,0.430,14.253,0.474,0.204,0.079,0.194,0.806,0.951,0.450
2442,81.400,253.949,0.000,-22.185,0.000,2,1,0,253.949,2.397,3,0,0.862,4,0.000,923.188,0.867,0.421,13.074,0.817,0.294,0.031,0.183,0.817,0.927,0.350
2445,81.500,6.083,294.267,-247.866,293.267,2,1,1,233.773,2.749,3,0,0.897,4,0.000,1021.278,0.867,0.421,11.038,0.784,0.363,0.003,0.176,0.824,0.929,0.500
2448,81.600,229.689,0.000,-4.580,0.000,2,1,0,229.689,2.713,3,0,0.897,4,0.000,996.569,0.867,0.421,8.561,0.647,0.353,0.002,0.168,0.832,0.939,0.500
2451,81.700,230.853,0.000,6.413,0.000,2,1,0,230.853,2.718,3,0,0.897,4,0.000,926.224,0.867,0.413,6.542,0.791,0.269,0.058,0.166,0.834,0.892,0.350
2454,81.800,13.928,10.198,-216.924,-284.069,2,1,1,234.386,2.459,3,0,0.897,4,0.000,866.304,0.867,0.413,4.625,0.671,0.214,0.123,0.177,0.823,0.680,0.580
2457,81.900,246.288,231.821,232.360,221.623,2,1,1,243.680,2.344,3,0,0.897,4,119.407,1028.489,0.867,0.413,2.733,0.830,0.157,0.244,0.159,0.841,0.794,0.663
2460,82.000,6.000,11.662,-240.288,-220.159,2,1,1,253.298,2.119,3,0,0.897,4,0.000,707.969,0.867,0.437,2.898,0.741,0.083,1.544,0.158,0.842,0.619,0.580
2463,82.100,12.083,16.971,6.083,5.309,2,1,1,246.288,1.788,3,0,0.897,4,12.083,565.694,0.867,0.410,1.981,0.510,0.003,0.310,0.132,0.868,0.642,0.580
2466,82.200,227.517,0.000,224.517,0.000,2,1,0,227.517,1.900,3,0,0.897,4,3.000,522.747,0.900,0.381,2.246,0.407,0.109,2.245,0.130,0.870,0.816,0.550
2469,82.300,220.955,0.000,-9.699,0.000,2,1,0,220.955,1.905,3,0,0.897,4,5.000,478.885,0.933,0.379,2.979,0.618,0.223,0.026,0.149,0.851,0.823,0.350
2472,82.400,218.050,0.000,-0.513,0.000,2,1,0,218.050,2.279,3,0,0.931,4,42.638,480.727,0.967,0.369,2.627,0.697,0.278,0.442,0.153,0.847,0.813,0.350
2475,82.500,215.372,21.024,-2.679,4.053,2,1,1,226.716,2.509,3,0,0.931,4,0.000,469.377,0.967,0.358,2.409,0.802,0.180,0.266,0.156,0.844,0.800,0.500
2478,82.600,227.706,0.000,216.304,0.000,2,1,0,227.706,2.716,3,0,0.931,4,53.759,516.955,0.967,0.358,2.336,0.714,0.035,0.357,0.145,0.855,0.804,0.500
2481,82.700,224.294,0.000,5.231,0.000,2,1,0,224.294,2.740,3,0,0.966,4,58.258,560.947,0.967,0.358,3.372,0.905,0.315,0.469,0.161,0.839,0.817,0.350
2484,82.800,218.660,21.401,-5.635,0.377,2,1,1,232.648,2.739,3,0,0.966,4,0.000,575.287,0.967,0.358,4.517,0.880,0.560,0.261,0.177,0.823,0.847,0.500
2487,82.900,0.000,234.105,0.000,8.960,2,0,1,234.105,1.591,3,0,0.966,4,8.062,576.694,0.967,0.358,2.897,0.866,0.726,0.282,0.163,0.837,0.808,0.500
2490,83.000,230.054,0.000,220.835,0.000,2,1,0,230.054,2.349,3,0,0.966,4,230.054,1670.340,0.967,0.358,2.101,0.715,0.901,0.006,0.143,0.857,0.798,0.750
2493,83.100,217.672,33.015,-12.383,-201.090,2,1,1,206.526,2.347,3,0,0.966,4,217.672,1667.188,0.967,0.358,3.598,0.682,1.105,1.321,0.156,0.844,0.838,0.750
2496,83.200,192.419,0.000,181.602,0.000,2,1,0,192.419,2.328,3,0,0.966,4,10.817,1385.519,0.967,0.358,2.075,0.722,1.289,0.886,0.132,0.868,0.797,0.500
2499,83.300,181.033,0.000,-8.231,0.000,2,1,0,181.033,2.336,3,0,0.966,4,6.325,1390.280,0.967,0.358,1.028,0.138,1.440,0.342,0.072,0.928,0.812,0.700
2502,83.400,181.041,0.000,-7.622,0.000,2,1,0,181.041,2.529,3,0,0.966,4,8.062,1390.205,0.967,0.358,1.700,0.846,1.477,2.194,0.128,0.872,0.779,0.700
2505,83.500,188.600,0.000,7.559,0.000,1,1,0,0.000,2.721,3,0,0.966,2,0.000,1358.469,0.967,0.369,1.965,0.697,1.504,2.522,0.109,0.891,0.686,0.700
2508,83.600,4.123,0.000,-184.477,0.000,1,1,0,0.000,2.595,3,0,1.000,2,4.123,1337.488,1.000,0.369,1.173,0.835,1.471,1.657,0.114,0.886,0.434,0.700
2511,83.700,3.606,0.000,-0.518,0.000,1,1,0,0.000,2.606,3,0,1.000,2,3.606,1337.744,1.000,0.379,2.348,0.858,1.378,0.077,0.159,0.841,0.459,0.580
2514,83.800,30.806,0.000,20.806,0.000,2,1,0,30.806,2.411,3,0,1.000,4,27.203,1315.484,1.000,0.379,1.824,0.443,1.284,0.725,0.096,0.904,0.736,0.650
2517,83.900,2.828,0.000,-27.977,0.000,1,1,0,0.000,2.089,3,0,1.000,2,16.125,1321.074,1.000,0.379,2.247,0.597,1.177,0.435,0.142,0.858,0.470,0.650
2520,84.000,4.123,0.000,1.295,0.000,1,1,0,0.000,1.961,3,0,1.000,2,1.414,1317.519,1.000,0.389,1.679,0.725,1.043,2.919,0.152,0.848,0.454,0.580
2523,84.100,164.806,0.000,160.683,0.000,1,1,0,0.000,1.921,3,0,1.000,2,1.414,1317.519,1.000,0.389,1.315,0.802,0.923,0.218,0.146,0.854,0.667,0.450
2526,84.200,0.000,87.201,0.000,54.186,1,0,1,0.000,1.548,3,0,1.000,2,1.414,1317.519,1.000,0.399,0.985,0.744,0.832,0.175,0.125,0.875,0.663,0.500
2529,84.300,14.422,0.000,-150.384,0.000,1,1,0,0.000,1.717,3,0,1.000,2,1.414,1317.519,1.000,0.399,1.263,0.801,0.817,0.142,0.138,0.862,0.496,0.580
2532,84.400,0.000,20.616,0.000,-66.585,1,0,1,0.000,1.643,3,0,1.000,2,105.380,1429.519,1.000,0.408,1.627,0.888,0.869,0.241,0.159,0.841,0.533,0.585
2535,84.500,0.000,0.000,0.000,0.000,0,0,0,0.000,0.000,3,0,1.000,0,105.380,1429.519,0.967,0.408,1.050,0.926,0.913,0.078,0.126,0.874,0.147,0.650
2538,84.600,0.000,0.000,0.000,0.000,0,0,0,0.000,0.000,3,0,1.000,0,105.380,1429.519,0.933,0.408,0.972,0.746,1.005,0.102,0.125,0.875,0.154,0.585
2541,84.700,0.000,0.000,0.000,0.000,0,0,0,0.000,0.000,3,0,1.000,0,105.380,1429.519,0.900,0.408,0.867,0.858,1.391,0.305,0.126,0.874,0.140,0.585
2544,84.800,0.000,0.000,0.000,0.000,0,0,0,0.000,0.000,3,0,1.000,0,105.380,1429.519,0.867,0.408,0.842,0.633,1.783,1.468,0.100,0.900,0.151,0.700
2547,84.900,0.000,0.000,0.000,0.000,0,0,0,0.000,0.000,2,1,0.966,0,105.380,1429.519,0.833,0.408,0.450,0.262,1.530,2.042,0.052,0.948,0.163,0.750
2550,85.000,0.000,0.000,0.000,0.000,0,0,0,0.000,0.000,3,1,0.931,0,105.380,1429.519,0.800,0.408,0.530,0.418,1.482,0.067,0.073,0.927,0.150,0.750
2553,85.100,0.000,0.000,0.000,0.000,0,0,0,0.000,0.000,3,0,0.931,0,105.380,1429.519,0.767,0.408,0.713,0.717,1.506,0.180,0.085,0.915,0.130,0.700
2556,85.200,0.000,0.000,0.000,0.000,0,0,0,0.000,0.000,3,0,0.931,0,105.380,1429.519,0.733,0.408,0.683,0.863,1.382,0.214,0.076,0.924,0.115,0.585
2559,85.300,0.000,0.000,0.000,0.000,0,0,0,0.000,0.000,3,0,0.931,0,105.380,1429.519,0.700,0.408,1.248,0.919,1.517,0.185,0.125,0.875,0.121,0.700
2562,85.400,0.000,0.000,0.000,0.000,0,0,0,0.000,0.000,3,0,0.931,0,105.380,1429.519,0.667,0.408,1.046,0.871,1.468,0.175,0.115,0.885,0.115,0.700
2565,85.500,0.000,0.000,0.000,0.000,0,0,0,0.000,0.000,3,0,0.931,0,105.380,1429.519,0.633,0.408,0.894,0.812,1.533,0.202,0.098,0.902,0.111,0.700
2568,85.600,0.000,0.000,0.000,0.000,0,0,0,0.000,0.000,3,0,0.931,0,105.380,1429.519,0.600,0.408,1.039,0.838,1.509,0.177,0.121,0.879,0.109,0.700
2571,85.700,0.000,0.000,0.000,0.000,0,0,0,0.000,0.000,2,1,0.897,0,105.380,1429.519,0.567,0.408,0.937,0.815,1.400,0.472,0.120,0.880,0.104,0.750
2574,85.800,0.000,0.000,0.000,0.000,0,0,0,0.000,0.000,3,1,0.862,0,105.380,1429.519,0.533,0.408,0.902,0.829,1.234,0.118,0.117,0.883,0.099,0.750
2577,85.900,0.000,0.000,0.000,0.000,0,0,0,0.000,0.000,3,0,0.862,0,105.380,1429.519,0.500,0.408,0.795,0.700,1.382,0.353,0.087,0.913,0.101,0.585
2580,86.000,0.000,0.000,0.000,0.000,0,0,0,0.000,0.000,3,0,0.862,0,105.380,1429.519,0.467,0.408,0.874,0.775,1.453,0.341,0.084,0.916,0.094,0.700
2583,86.100,246.293,0.000,155.683,0.000,2,1,0,246.293,1.742,3,0,0.862,4,78.549,1419.079,0.467,0.212,1.092,0.437,1.321,0.845,0.073,0.927,0.733,0.650
2586,86.200,8.062,0.000,-238.230,0.000,1,1,0,0.000,2.036,3,0,0.862,2,78.549,1419.079,0.467,0.212,1.832,0.781,1.505,0.971,0.131,0.869,0.412,0.700
2589,86.300,269.474,0.000,246.128,0.000,2,1,0,269.474,2.130,3,0,0.862,4,19.849,1398.999,0.467,0.212,2.195,0.663,1.171,0.128,0.115,0.885,0.744,0.650
2592,86.400,0.000,123.357,0.000,102.742,1,0,1,0.000,1.503,3,0,0.862,2,19.849,1398.999,0.467,0.217,4.306,0.817,0.923,0.541,0.190,0.810,0.676,0.650
2595,86.500,512.001,22.472,242.527,-100.885,2,1,1,542.830,2.206,3,0,0.862,3,0.000,2412.989,0.467,0.217,6.685,0.835,0.189,0.682,0.226,0.774,0.845,0.650
2598,86.600,564.309,0.000,52.308,0.000,1,1,0,0.000,2.246,3,0,0.862,1,0.000,2412.989,0.467,0.222,9.757,0.805,0.738,0.044,0.248,0.752,0.710,0.650
2601,86.700,3.606,0.000,-560.704,0.000,1,1,0,0.000,2.142,4,1,0.828,1,0.000,2412.989,0.467,0.226,15.660,0.803,1.834,0.108,0.251,0.749,0.565,0.750
2604,86.800,9.220,0.000,5.614,0.000,1,1,0,0.000,2.243,4,0,0.828,1,0.000,2412.989,0.467,0.226,17.851,0.854,4.307,0.001,0.253,0.747,0.592,0.700
2607,86.900,0.000,0.000,0.000,0.000,0,0,0,0.000,0.000,4,0,0.828,0,0.000,2412.989,0.433,0.226,12.974,0.213,7.078,1.134,0.265,0.735,0.407,0.700
2610,87.000,0.000,502.487,0.000,480.015,1,0,1,0.000,1.646,3,1,0.793,2,0.000,1766.925,0.433,0.235,11.592,0.211,11.921,0.536,0.218,0.782,0.807,0.750
2613,87.100,473.482,66.603,464.262,-435.884,2,1,1,13.000,1.966,3,0,0.793,4,0.000,2086.237,0.433,0.235,12.907,0.352,16.321,0.194,0.248,0.752,0.907,0.700
2616,87.200,20.396,0.000,-453.086,0.000,1,1,0,0.000,1.889,3,0,0.793,2,67.119,2128.327,0.433,0.235,17.886,0.678,19.903,0.667,0.246,0.754,0.638,0.700
2619,87.300,0.000,0.000,0.000,0.000,0,0,0,0.000,0.000,3,0,0.793,0,67.119,2128.327,0.400,0.235,12.088,0.432,23.844,0.571,0.243,0.757,0.288,0.700
2622,87.400,89.627,0.000,69.231,0.000,1,1,0,0.000,1.971,3,0,0.793,2,0.000,2107.939,0.400,0.244,15.721,0.332,27.748,2.748,0.265,0.735,0.795,0.700
2625,87.500,10.630,0.000,-78.997,0.000,1,1,0,0.000,1.738,3,0,0.793,2,0.000,2027.629,0.433,0.244,7.966,0.765,43.162,2.011,0.218,0.782,0.577,0.700
2628,87.600,8.602,0.000,-2.028,0.000,1,1,0,0.000,1.427,4,1,0.759,3,0.000,1949.049,0.467,0.248,5.008,0.650,46.983,1.750,0.197,0.803,0.618,0.750
2631,87.700,12.042,0.000,3.439,0.000,1,1,0,0.000,1.113,4,0,0.759,3,0.000,1279.979,0.500,0.248,6.160,0.945,46.594,0.108,0.209,0.791,0.650,0.700
2634,87.800,4.243,0.000,-7.799,0.000,1,1,0,0.000,1.312,4,0,0.793,3,0.000,950.709,0.533,0.248,3.486,0.748,30.583,0.420,0.177,0.823,0.557,0.700
2637,87.900,4.123,0.000,-0.120,0.000,1,1,0,0.000,1.230,3,1,0.793,2,0.000,343.119,0.567,0.248,3.641,0.898,21.664,0.156,0.189,0.811,0.439,0.750
2640,88.000,5.000,0.000,0.877,0.000,1,1,0,0.000,1.330,3,0,0.793,2,0.000,227.949,0.600,0.248,3.765,0.624,10.249,1.127,0.174,0.826,0.470,0.700
2643,88.100,30.067,0.000,25.067,0.000,1,1,0,0.000,1.456,3,0,0.793,2,0.000,222.949,0.633,0.248,15.260,0.844,5.445,2.618,0.219,0.781,0.704,0.700
2646,88.200,11.180,0.000,-18.886,0.000,1,1,0,0.000,1.273,3,0,0.793,2,0.000,184.169,0.667,0.253,8.163,0.923,3.338,0.616,0.198,0.802,0.597,0.700
2649,88.300,6.000,0.000,-5.180,0.000,1,1,0,0.000,1.399,3,0,0.793,2,0.000,138.705,0.700,0.253,4.808,0.962,1.688,1.010,0.200,0.800,0.490,0.700
2652,88.400,4.472,0.000,-1.528,0.000,1,1,0,0.000,1.508,3,0,0.793,2,0.000,149.790,0.733,0.253,3.424,0.941,0.921,0.669,0.179,0.821,0.453,0.580
2655,88.500,2.236,0.000,-2.236,0.000,1,1,0,0.000,1.441,3,0,0.793,1,2.236,160.899,0.767,0.253,1.448,0.867,0.624,2.598,0.124,0.876,0.340,0.580
2658,88.600,2.236,0.000,0.000,0.000,1,1,0,0.000,1.353,3,0,0.828,2,64.195,253.278,0.800,0.253,2.044,0.962,0.378,2.411,0.134,0.866,0.412,0.580
2661,88.700,5.000,0.000,2.764,0.000,1,1,0,0.000,1.112,3,0,0.862,2,0.000,263.429,0.833,0.253,3.746,0.903,0.118,0.176,0.185,0.815,0.478,0.580
2664,88.800,2.828,0.000,-2.172,0.000,1,1,0,0.000,0.964,3,0,0.862,2,0.000,258.219,0.867,0.253,1.943,0.968,0.216,0.104,0.143,0.857,0.421,0.580
2667,88.900,2.236,0.000,-0.592,0.000,1,1,0,0.000,0.932,3,0,0.862,2,0.000,224.570,0.900,0.457,1.688,0.853,0.454,2.567,0.130,0.870,0.423,0.580
2670,89.000,1.000,0.000,-1.236,0.000,1,1,0,0.000,1.004,3,0,0.862,1,1.000,199.569,0.933,0.466,1.414,0.462,0.785,0.457,0.127,0.873,0.381,0.580
2673,89.100,3.606,0.000,2.606,0.000,1,1,0,0.000,1.185,3,0,0.862,2,60.208,196.900,0.933,0.474,2.098,0.890,1.009,2.968,0.149,0.851,0.442,0.580
2676,89.200,6.708,0.000,3.103,0.000,1,1,0,0.000,1.112,3,0,0.862,2,0.000,190.600,0.933,0.474,5.139,0.974,1.162,0.261,0.191,0.809,0.530,0.580
2679,89.300,2.828,0.000,-3.880,0.000,1,1,0,0.000,1.152,3,0,0.862,2,0.000,192.925,0.933,0.474,2.468,0.967,1.323,1.021,0.158,0.842,0.442,0.580
2682,89.400,20.616,0.000,17.787,0.000,1,1,0,0.000,1.004,3,0,0.862,2,130.863,478.564,0.933,0.483,10.439,0.973,1.395,1.075,0.203,0.797,0.678,0.727
2685,89.500,0.000,0.000,0.000,0.000,0,0,0,0.000,0.000,3,0,0.862,0,130.863,478.564,0.900,0.483,10.294,0.294,1.273,3.068,0.205,0.795,0.357,0.727
2688,89.600,50.636,0.000,30.020,0.000,1,1,0,0.000,1.148,3,0,0.897,2,0.000,549.354,0.900,0.478,10.760,0.256,1.094,0.565,0.161,0.839,0.860,0.650
2691,89.700,0.000,31.780,0.000,-34.823,1,0,1,0.000,1.636,3,0,0.897,2,0.000,491.244,0.900,0.478,13.171,0.166,1.194,0.169,0.201,0.799,0.793,0.500
2694,89.800,152.411,54.203,101.775,22.423,2,1,1,17.720,1.647,3,0,0.897,4,0.000,593.278,0.900,0.462,10.112,0.522,1.060,0.321,0.223,0.777,0.951,0.650
2697,89.900,71.421,0.000,-80.989,0.000,1,1,0,0.000,1.441,3,0,0.931,2,0.000,820.444,0.933,0.466,13.284,0.691,0.860,0.569,0.214,0.786,0.834,0.650
2700,90.000,18.788,0.000,-52.633,0.000,1,1,0,0.000,1.651,3,0,0.931,2,0.000,861.237,0.933,0.466,9.438,0.681,0.573,0.182,0.210,0.790,0.689,0.580
2703,90.100,2.236,0.000,-16.552,0.000,1,1,0,0.000,1.335,3,0,0.931,2,0.000,818.824,0.933,0.474,3.868,0.384,0.308,1.993,0.173,0.827,0.514,0.580
2706,90.200,12.728,0.000,10.492,0.000,1,1,0,0.000,1.426,3,0,0.931,2,0.000,857.044,0.933,0.474,7.979,0.846,0.142,0.859,0.225,0.775,0.643,0.580
2709,90.300,19.235,0.000,6.507,0.000,1,1,0,0.000,1.464,3,0,0.931,2,27.019,892.794,0.967,0.480,10.486,0.913,0.112,0.828,0.212,0.788,0.679,0.580
2712,90.400,8.246,0.000,-10.989,0.000,1,1,0,0.000,1.798,3,0,0.931,2,25.020,608.015,0.967,0.480,6.465,0.922,0.408,2.996,0.204,0.796,0.579,0.580
2715,90.500,5.099,0.000,-3.147,0.000,1,1,0,0.000,1.687,3,0,0.966,2,0.000,589.610,0.967,0.480,4.844,0.977,0.872,0.659,0.191,0.809,0.517,0.580
2718,90.600,5.000,0.000,-0.099,0.000,1,1,0,0.000,1.388,3,0,0.966,2,150.615,957.569,0.967,0.480,3.865,0.936,1.069,0.701,0.193,0.807,0.495,0.750
2721,90.700,3.162,0.000,-1.838,0.000,1,1,0,0.000,1.235,3,0,0.966,2,150.615,1209.005,0.967,0.488,2.225,0.939,1.146,0.377,0.161,0.839,0.443,0.750
2724,90.800,2.236,0.000,-0.926,0.000,1,1,0,0.000,0.985,3,0,1.000,2,150.864,1549.440,0.967,0.488,2.396,0.926,1.119,0.438,0.165,0.835,0.444,0.750
2727,90.900,4.472,0.000,2.236,0.000,1,1,0,0.000,0.982,3,0,1.000,2,148.930,1648.870,0.967,0.488,3.191,0.981,1.130,0.059,0.179,0.821,0.472,0.750
2730,91.000,15.524,0.000,11.052,0.000,1,1,0,0.000,0.997,3,0,1.000,2,151.832,1965.654,0.967,0.488,8.981,0.953,0.782,0.996,0.198,0.802,0.656,0.750
2733,91.100,134.833,0.000,119.309,0.000,1,1,0,0.000,1.273,3,0,1.000,2,0.000,1994.544,0.967,0.488,10.427,0.532,0.604,0.763,0.194,0.806,0.849,0.450
2736,91.200,0.000,0.000,0.000,0.000,0,0,0,0.000,0.000,3,0,1.000,0,0.000,1994.544,0.933,0.488,9.218,0.296,0.803,1.172,0.153,0.847,0.361,0.650
2739,91.300,0.000,0.000,0.000,0.000,0,0,0,0.000,0.000,3,0,1.000,0,0.000,1994.544,0.900,0.488,11.927,0.692,0.542,1.120,0.123,0.877,0.330,0.580
2742,91.400,32.696,0.000,-102.138,0.000,1,1,0,0.000,1.068,3,0,1.000,2,0.000,2077.194,0.900,0.467,13.088,0.795,0.459,0.073,0.137,0.863,0.754,0.650
2745,91.500,0.000,0.000,0.000,0.000,0,0,0,0.000,0.000,3,0,1.000,0,0.000,2077.194,0.867,0.467,11.395,0.451,0.270,0.528,0.187,0.813,0.342,0.650
2748,91.600,187.665,0.000,154.969,0.000,1,1,0,0.000,1.290,3,0,1.000,2,0.000,2055.769,0.867,0.464,13.547,0.406,0.185,0.347,0.202,0.798,0.846,0.650
2751,91.700,59.034,0.000,-128.631,0.000,1,1,0,0.000,1.353,3,0,1.000,2,0.000,2022.569,0.867,0.464,16.406,0.330,0.310,0.336,0.219,0.781,0.851,0.450
2754,91.800,43.012,0.000,-16.022,0.000,1,1,0,0.000,1.611,3,0,1.000,2,0.000,1934.069,0.867,0.464,17.534,0.578,0.380,0.596,0.229,0.771,0.823,0.350
2757,91.900,17.889,0.000,-25.123,0.000,1,1,0,0.000,1.689,3,0,1.000,2,0.000,1627.778,0.867,0.464,12.077,0.556,0.369,0.895,0.215,0.785,0.684,0.580
2760,92.000,27.295,0.000,9.406,0.000,1,1,0,0.000,1.693,3,0,1.000,2,0.000,1336.314,0.867,0.464,9.660,0.537,0.411,0.118,0.221,0.779,0.738,0.350
2763,92.100,12.042,0.000,-15.253,0.000,1,1,0,0.000,1.551,3,0,1.000,2,25.710,1053.938,0.867,0.464,5.702,0.815,0.471,0.532,0.201,0.799,0.576,0.580
2766,92.200,5.099,0.000,-6.943,0.000,1,1,0,0.000,1.312,3,0,1.000,2,24.187,766.269,0.867,0.464,4.783,0.903,0.497,1.282,0.203,0.797,0.509,0.580
2769,92.300,6.403,0.000,1.304,0.000,1,1,0,0.000,1.391,3,0,1.000,2,0.000,424.868,0.867,0.456,4.922,0.972,0.564,1.782,0.201,0.799,0.515,0.580
2772,92.400,4.243,0.000,-2.160,0.000,1,1,0,0.000,1.128,3,0,1.000,2,3.606,405.824,0.867,0.456,3.412,0.902,0.611,0.186,0.179,0.821,0.470,0.580
2775,92.500,2.828,0.000,-1.414,0.000,1,1,0,0.000,0.973,3,0,1.000,1,1.414,385.150,0.900,0.464,1.416,0.759,0.724,0.001,0.115,0.885,0.366,0.580
2778,92.600,5.000,0.000,2.172,0.000,1,1,0,0.000,0.890,3,0,1.000,2,0.000,274.305,0.900,0.464,2.729,0.911,0.621,1.389,0.181,0.819,0.460,0.580
2781,92.700,1.414,0.000,-3.586,0.000,1,1,0,0.000,0.811,3,0,1.000,2,2.828,248.477,0.900,0.464,2.283,0.927,0.491,1.210,0.169,0.831,0.428,0.580
2784,92.800,6.403,0.000,4.989,0.000,1,1,0,0.000,1.017,3,0,1.000,2,0.000,164.600,0.900,0.467,3.989,0.911,0.475,1.401,0.205,0.795,0.499,0.580
2787,92.900,38.275,0.000,31.872,0.000,1,1,0,0.000,1.144,3,0,1.000,2,99.765,236.009,0.900,0.467,11.870,0.444,0.272,2.844,0.229,0.771,0.810,0.554
2790,93.000,0.000,0.000,0.000,0.000,0,0,0,0.000,0.000,3,0,1.000,0,99.765,236.009,0.867,0.467,10.834,0.271,0.254,1.397,0.207,0.793,0.355,0.650
2793,93.100,0.000,0.000,0.000,0.000,0,0,0,0.000,0.000,3,0,1.000,0,99.765,236.009,0.833,0.467,12.664,0.589,0.200,1.303,0.163,0.837,0.329,0.580
2796,93.200,0.000,58.241,0.000,4.038,1,0,1,0.000,1.887,3,0,1.000,2,25.080,306.319,0.833,0.454,10.779,0.356,0.004,0.021,0.205,0.795,0.845,0.650
2799,93.300,105.906,0.000,67.630,0.000,1,1,0,0.000,1.401,3,0,1.000,2,21.932,311.989,0.833,0.462,10.537,0.366,0.213,0.070,0.215,0.785,0.844,0.500
2802,93.400,68.264,0.000,-37.641,0.000,1,1,0,0.000,1.387,3,0,1.000,2,0.000,457.698,0.833,0.462,16.743,0.571,0.382,0.717,0.228,0.772,0.830,0.450
2805,93.500,24.597,0.000,-43.667,0.000,1,1,0,0.000,1.639,3,0,1.000,2,0.000,514.404,0.833,0.462,10.768,0.747,0.394,0.125,0.218,0.782,0.704,0.450
2808,93.600,9.487,0.000,-15.110,0.000,1,1,0,0.000,1.737,3,0,1.000,2,0.000,566.994,0.833,0.462,8.040,0.964,0.460,1.887,0.207,0.793,0.605,0.580
2811,93.700,6.083,0.000,-3.404,0.000,1,1,0,0.000,1.503,3,0,1.000,2,0.000,622.168,0.833,0.462,7.786,0.890,0.466,0.378,0.213,0.787,0.586,0.580
2814,93.800,4.243,0.000,-1.840,0.000,1,1,0,0.000,1.524,3,0,1.000,2,2.236,642.969,0.833,0.462,4.214,0.722,0.485,0.330,0.175,0.825,0.498,0.580
2817,93.900,5.000,0.000,0.757,0.000,1,1,0,0.000,1.492,3,0,1.000,2,0.000,679.964,0.833,0.462,4.502,0.957,0.569,0.751,0.187,0.813,0.493,0.580
2820,94.000,8.246,0.000,3.246,0.000,1,1,0,0.000,1.422,3,0,1.000,2,0.000,707.605,0.833,0.462,5.967,0.983,0.558,0.388,0.190,0.810,0.546,0.580
2823,94.100,8.602,0.000,0.356,0.000,1,1,0,0.000,1.137,3,0,1.000,2,158.028,910.495,0.833,0.462,5.204,0.958,0.316,0.625,0.198,0.802,0.531,0.750
2826,94.200,3.162,0.000,-5.440,0.000,1,1,0,0.000,0.933,3,0,1.000,2,155.293,1117.320,0.867,0.462,3.848,0.893,0.158,0.453,0.184,0.816,0.475,0.750
2829,94.300,6.325,0.000,3.162,0.000,1,1,0,0.000,0.783,3,0,1.000,2,153.834,1361.177,0.900,0.462,5.389,0.900,0.040,1.103,0.187,0.813,0.535,0.750
2832,94.400,44.407,0.000,38.083,0.000,1,1,0,0.000,0.708,3,0,1.000,2,39.115,1421.325,0.900,0.462,17.642,0.694,0.079,0.779,0.211,0.789,0.826,0.450
2835,94.500,227.713,0.000,183.305,0.000,1,1,0,0.000,1.013,3,0,1.000,2,0.000,1673.025,0.933,0.462,11.212,0.345,0.169,1.329,0.199,0.801,0.858,0.550
2838,94.600,42.953,0.000,-184.759,0.000,1,1,0,0.000,1.271,3,0,1.000,2,33.242,1785.034,0.933,0.462,9.650,0.439,0.182,0.347,0.148,0.852,0.840,0.450
2841,94.700,0.000,0.000,0.000,0.000,0,0,0,0.000,0.000,3,0,1.000,0,33.242,1785.034,0.900,0.462,9.941,0.500,0.157,0.147,0.178,0.822,0.343,0.650
2844,94.800,0.000,70.661,0.000,12.420,1,0,1,0.000,2.054,3,0,1.000,2,0.000,1793.769,0.900,0.473,11.243,0.267,0.240,0.534,0.218,0.782,0.859,0.650
2847,94.900,133.754,0.000,90.800,0.000,1,1,0,0.000,1.121,3,0,1.000,2,0.000,1772.994,0.900,0.475,10.896,0.349,0.413,1.398,0.245,0.755,0.854,0.550
2850,95.000,29.732,0.000,-104.021,0.000,1,1,0,0.000,1.330,3,0,1.000,2,0.000,1729.274,0.900,0.475,16.306,0.788,0.208,0.478,0.220,0.780,0.738,0.450
2853,95.100,2.236,0.000,-27.496,0.000,1,1,0,0.000,1.534,3,0,1.000,2,0.000,1650.284,0.900,0.475,8.351,0.573,0.272,2.047,0.197,0.803,0.600,0.580
2856,95.200,18.974,0.000,16.738,0.000,1,1,0,0.000,1.872,3,0,1.000,2,0.000,1318.808,0.900,0.475,10.382,0.520,0.243,2.538,0.202,0.798,0.697,0.580
2859,95.300,15.524,0.000,-3.449,0.000,1,1,0,0.000,1.944,3,0,1.000,2,0.000,978.384,0.900,0.475,11.095,0.468,0.241,0.989,0.213,0.787,0.681,0.580
2862,95.400,9.220,0.000,-6.305,0.000,1,1,0,0.000,1.977,3,0,1.000,2,0.000,583.759,0.900,0.475,10.316,0.615,0.352,0.275,0.216,0.784,0.636,0.580
2865,95.500,7.810,0.000,-1.409,0.000,1,1,0,0.000,1.632,3,0,1.000,2,0.000,272.519,0.900,0.475,8.099,0.785,0.429,0.395,0.208,0.792,0.616,0.580
2868,95.600,5.000,0.000,-2.810,0.000,1,1,0,0.000,1.262,3,0,1.000,2,0.000,216.414,0.900,0.475,4.477,0.792,0.423,0.026,0.181,0.819,0.512,0.580
2871,95.700,14.213,0.000,9.213,0.000,1,1,0,0.000,1.239,3,0,1.000,2,0.000,163.605,0.900,0.475,8.814,0.969,0.388,0.115,0.222,0.778,0.639,0.580
2874,95.800,47.634,0.000,33.421,0.000,1,1,0,0.000,1.166,3,0,1.000,2,0.000,400.400,0.900,0.467,11.744,0.254,0.463,1.294,0.221,0.779,0.860,0.480
2877,95.900,0.000,0.000,0.000,0.000,0,0,0,0.000,0.000,3,0,1.000,0,0.000,400.400,0.867,0.467,9.325,0.142,0.566,0.640,0.205,0.795,0.364,0.650
2880,96.000,0.000,0.000,0.000,0.000,0,0,0,0.000,0.000,3,0,1.000,0,0.000,400.400,0.867,0.467,10.182,0.184,0.267,1.152,0.135,0.865,0.361,0.580
2883,96.100,43.012,0.000,-4.622,0.000,1,1,0,0.000,1.037,3,0,1.000,2,0.000,495.750,0.900,0.454,10.130,0.394,0.244,0.325,0.168,0.832,0.839,0.650
2886,96.200,26.077,0.000,-16.935,0.000,1,1,0,0.000,0.851,3,0,1.000,2,0.000,629.625,0.900,0.454,12.175,0.394,0.306,0.004,0.206,0.794,0.745,0.000
2889,96.300,33.526,0.000,7.449,0.000,1,1,0,0.000,0.771,3,0,1.000,2,0.000,768.125,0.900,0.454,11.043,0.289,0.358,0.600,0.226,0.774,0.794,0.000
2892,96.400,63.640,0.000,30.114,0.000,1,1,0,0.000,0.967,3,0,1.000,2,0.000,855.025,0.900,0.467,11.671,0.530,0.341,0.480,0.221,0.779,0.841,0.450
2895,96.500,6.083,0.000,-57.557,0.000,1,1,0,0.000,1.146,3,0,1.000,2,0.000,913.305,0.900,0.467,6.531,0.305,0.512,1.602,0.175,0.825,0.604,0.580
2898,96.600,14.560,0.000,8.477,0.000,1,1,0,0.000,1.195,3,0,1.000,2,0.000,969.725,0.900,0.467,7.536,0.795,0.204,0.259,0.196,0.804,0.642,0.580
2901,96.700,21.954,0.000,7.394,0.000,1,1,0,0.000,1.290,3,0,1.000,2,148.223,1291.337,0.900,0.467,15.081,0.831,0.185,0.898,0.201,0.799,0.692,0.750
2904,96.800,11.705,0.000,-10.250,0.000,1,1,0,0.000,1.090,3,0,1.000,2,146.294,1548.460,0.900,0.467,7.066,0.596,0.219,0.044,0.173,0.827,0.628,0.750
2907,96.900,6.000,0.000,-5.705,0.000,1,1,0,0.000,0.971,3,0,1.000,2,144.810,1728.088,0.900,0.467,5.717,0.365,0.044,0.461,0.169,0.831,0.579,0.750
2910,97.000,11.402,0.000,5.402,0.000,1,1,0,0.000,0.864,3,0,1.000,2,141.792,1795.019,0.900,0.467,8.331,0.751,0.142,0.473,0.187,0.813,0.639,0.750
2913,97.100,2.236,0.000,-9.166,0.000,1,1,0,0.000,0.927,3,0,1.000,2,142.773,1922.619,0.900,0.467,3.734,0.466,0.182,2.068,0.151,0.849,0.501,0.750
2916,97.200,9.220,0.000,6.983,0.000,1,1,0,0.000,0.841,3,0,1.000,2,141.411,1995.678,0.900,0.467,5.780,0.840,0.179,0.903,0.185,0.815,0.565,0.750
2919,97.300,4.472,0.000,-4.747,0.000,1,1,0,0.000,0.807,3,0,1.000,2,143.377,2091.124,0.900,0.467,4.257,0.814,0.360,0.607,0.166,0.834,0.502,0.750
2922,97.400,135.351,0.000,130.879,0.000,1,1,0,0.000,1.128,3,0,1.000,2,0.000,2109.154,0.900,0.467,11.373,0.463,0.695,3.123,0.206,0.794,0.846,0.550
2925,97.500,0.000,0.000,0.000,0.000,0,0,0,0.000,0.000,3,0,1.000,0,0.000,2109.154,0.867,0.467,10.564,0.310,0.589,2.600,0.195,0.805,0.352,0.650
2928,97.600,0.000,0.000,0.000,0.000,0,0,0,0.000,0.000,3,0,1.000,0,0.000,2109.154,0.833,0.467,10.202,0.327,0.554,0.861,0.158,0.842,0.347,0.580
2931,97.700,0.000,106.733,0.000,36.072,1,0,1,0.000,2.133,3,0,1.000,2,0.000,2119.324,0.867,0.454,9.296,0.038,0.566,0.493,0.184,0.816,0.871,0.650
2934,97.800,0.000,92.098,0.000,-14.636,1,0,1,0.000,2.361,3,0,1.000,2,21.024,2082.284,0.867,0.454,10.174,0.119,0.693,0.465,0.220,0.780,0.866,0.350
2937,97.900,115.256,0.000,-20.095,0.000,1,1,0,0.000,1.350,3,0,1.000,2,19.313,1861.188,0.867,0.454,13.920,0.349,0.713,1.032,0.233,0.767,0.850,0.500
2940,98.000,15.133,0.000,-100.123,0.000,1,1,0,0.000,1.592,3,0,1.000,2,24.187,1635.279,0.867,0.454,12.621,0.379,0.666,0.508,0.216,0.784,0.682,0.580
2943,98.100,6.000,0.000,-9.133,0.000,1,1,0,0.000,1.924,3,0,1.000,2,26.077,1404.919,0.867,0.455,8.219,0.709,0.285,2.288,0.203,0.797,0.608,0.580
2946,98.200,27.514,0.000,21.514,0.000,1,1,0,0.000,2.193,3,0,1.000,2,36.346,1199.969,0.867,0.455,5.410,0.409,0.231,1.323,0.188,0.812,0.683,0.550
2949,98.300,10.440,0.000,-17.073,0.000,1,1,0,0.000,2.026,3,0,1.000,2,35.014,986.154,0.867,0.455,5.117,0.503,0.578,0.719,0.194,0.806,0.575,0.580
2952,98.400,10.050,0.000,-0.390,0.000,1,1,0,0.000,2.204,3,0,1.000,2,77.524,814.888,0.867,0.455,8.581,0.809,0.508,2.254,0.212,0.788,0.623,0.580
2955,98.500,10.630,0.000,0.580,0.000,1,1,0,0.000,2.116,3,0,1.000,2,85.755,625.494,0.867,0.455,7.327,0.941,0.294,0.009,0.214,0.786,0.600,0.580
2958,98.600,9.055,0.000,-1.575,0.000,1,1,0,0.000,1.860,3,0,1.000,2,85.440,675.629,0.867,0.455,5.308,0.878,0.325,0.804,0.201,0.799,0.546,0.580
2961,98.700,5.000,0.000,-4.055,0.000,1,1,0,0.000,1.552,3,0,1.000,2,0.000,643.094,0.867,0.455,5.026,0.825,0.259,0.353,0.196,0.804,0.520,0.580
2964,98.800,37.121,0.000,32.121,0.000,1,1,0,0.000,1.425,3,0,1.000,2,0.000,627.479,0.867,0.455,22.442,0.854,0.196,0.761,0.241,0.759,0.770,0.450
2967,98.900,34.655,0.000,-2.466,0.000,1,1,0,0.000,1.090,3,0,1.000,2,0.000,720.018,0.900,0.455,15.375,0.506,0.369,0.954,0.231,0.769,0.785,0.350
2970,99.000,0.000,0.000,0.000,0.000,0,0,0,0.000,0.000,3,0,1.000,0,0.000,720.018,0.900,0.455,10.137,0.269,0.401,0.615,0.213,0.787,0.359,0.650
2973,99.100,0.000,178.059,0.000,85.961,1,0,1,0.000,2.359,3,0,1.000,2,0.000,773.934,0.900,0.454,11.102,0.270,0.382,1.327,0.138,0.862,0.859,0.650
2976,99.200,0.000,0.000,0.000,0.000,0,0,0,0.000,0.000,3,0,1.000,0,0.000,773.934,0.867,0.454,11.452,0.342,0.400,0.988,0.186,0.814,0.350,0.650
2979,99.300,130.173,0.000,95.518,0.000,1,1,0,0.000,0.984,3,0,1.000,2,0.000,930.869,0.867,0.453,12.897,0.381,0.527,0.326,0.219,0.781,0.847,0.650
2982,99.400,41.761,0.000,-88.412,0.000,1,1,0,0.000,1.185,3,0,1.000,2,0.000,989.798,0.867,0.464,13.322,0.451,0.614,1.213,0.202,0.798,0.824,0.450
2985,99.500,126.531,0.000,84.769,0.000,1,1,0,0.000,1.031,3,0,1.000,2,129.850,1192.199,0.867,0.464,11.433,0.512,0.515,1.344,0.213,0.787,0.838,0.721
2988,99.600,27.586,0.000,-98.944,0.000,1,1,0,0.000,1.202,3,0,1.000,2,0.000,1067.489,0.867,0.464,7.664,0.303,0.354,2.346,0.195,0.805,0.748,0.550
2991,99.700,1.414,0.000,-26.172,0.000,1,1,0,0.000,1.084,3,0,1.000,2,0.000,939.419,0.867,0.464,3.379,0.164,0.330,1.592,0.167,0.833,0.505,0.580
2994,99.800,5.831,0.000,4.417,0.000,1,1,0,0.000,1.433,3,0,1.000,2,0.000,820.294,0.867,0.464,5.104,0.634,0.536,0.606,0.185,0.815,0.540,0.580
2997,99.900,7.000,0.000,1.169,0.000,1,1,0,0.000,1.363,3,0,1.000,2,0.000,566.869,0.867,0.464,3.826,0.732,0.560,0.155,0.162,0.838,0.507,0.580
3000,100.000,5.000,0.000,-2.000,0.000,1,1,0,0.000,1.634,3,0,1.000,2,0.000,559.529,0.867,0.464,3.611,0.864,0.406,0.543,0.147,0.853,0.482,0.580
3003,100.100,8.544,0.000,3.544,0.000,1,1,0,0.000,1.747,3,0,1.000,2,0.000,411.594,0.867,0.464,3.609,0.847,0.344,0.898,0.155,0.845,0.502,0.580
3006,100.200,2.236,0.000,-6.308,0.000,1,1,0,0.000,1.553,3,0,1.000,2,0.000,414.624,0.867,0.464,2.938,0.356,0.284,0.131,0.139,0.861,0.485,0.580
3009,100.300,3.606,0.000,1.369,0.000,1,1,0,0.000,1.691,3,0,1.000,2,133.540,706.377,0.867,0.464,3.867,0.733,0.249,0.405,0.155,0.845,0.489,0.742
3012,100.400,1.000,0.000,-2.606,0.000,1,1,0,0.000,1.713,3,0,1.000,2,0.000,663.237,0.867,0.464,2.551,0.505,0.397,2.227,0.140,0.860,0.458,0.580
3015,100.500,5.831,0.000,4.831,0.000,1,1,0,0.000,1.974,3,0,1.000,2,131.472,748.748,0.900,0.464,4.304,0.795,0.625,1.928,0.164,0.836,0.512,0.730
3018,100.600,33.242,0.000,27.411,0.000,1,1,0,0.000,1.725,3,0,1.000,2,134.833,1043.688,0.933,0.464,18.238,0.915,0.705,0.544,0.212,0.788,0.753,0.749
3021,100.700,167.156,0.000,133.914,0.000,1,1,0,0.000,1.954,3,0,1.000,2,0.000,1166.638,0.933,0.464,12.019,0.331,0.612,0.999,0.208,0.792,0.859,0.480
3024,100.800,97.082,0.000,-70.073,0.000,1,1,0,0.000,1.990,3,0,1.000,2,43.046,1179.494,0.933,0.483,8.832,0.206,0.634,1.757,0.149,0.851,0.868,0.550
3027,100.900,0.000,0.000,0.000,0.000,0,0,0,0.000,0.000,3,0,1.000,0,43.046,1179.494,0.900,0.483,13.501,0.099,0.725,0.418,0.177,0.823,0.371,0.650
3030,101.000,0.000,0.000,0.000,0.000,0,0,0,0.000,0.000,3,0,1.000,0,43.046,1179.494,0.867,0.483,10.819,0.374,0.718,0.205,0.210,0.790,0.348,0.580
3033,101.100,133.754,0.000,36.671,0.000,1,1,0,0.000,1.769,4,1,0.966,2,34.482,1335.325,0.867,0.464,13.328,0.312,0.715,0.708,0.252,0.748,0.922,0.750
3036,101.200,35.057,0.000,-98.696,0.000,1,1,0,0.000,2.000,4,0,0.966,2,0.000,1447.605,0.867,0.464,14.178,0.544,0.621,1.229,0.226,0.774,0.851,0.450
3039,101.300,14.866,0.000,-20.191,0.000,1,1,0,0.000,1.980,4,0,0.966,2,0.000,1444.245,0.867,0.464,10.385,0.610,0.419,1.244,0.217,0.783,0.734,0.580
3042,101.400,16.031,0.000,1.165,0.000,1,1,0,0.000,1.822,3,1,0.931,2,0.000,1383.220,0.867,0.464,6.721,0.626,0.345,0.581,0.216,0.784,0.637,0.750
3045,101.500,1.000,0.000,-15.031,0.000,1,1,0,0.000,1.762,3,0,0.931,2,0.000,1174.484,0.867,0.464,5.586,0.844,0.226,0.725,0.211,0.789,0.510,0.580
3048,101.600,10.296,0.000,9.296,0.000,1,1,0,0.000,1.908,3,0,0.931,2,0.000,1039.269,0.867,0.464,4.211,0.744,0.144,0.539,0.189,0.811,0.534,0.580
3051,101.700,5.657,0.000,-4.639,0.000,1,1,0,0.000,1.647,3,0,0.931,2,78.854,978.960,0.867,0.464,2.489,0.886,0.112,0.546,0.152,0.848,0.456,0.580
3054,101.800,7.071,0.000,1.414,0.000,1,1,0,0.000,1.691,3,0,0.931,2,0.000,744.565,0.867,0.464,4.701,0.796,0.089,2.980,0.199,0.801,0.525,0.580
3057,101.900,2.828,0.000,-4.243,0.000,1,1,0,0.000,1.555,3,0,0.931,2,0.000,390.450,0.867,0.464,5.814,0.967,0.190,0.119,0.212,0.788,0.517,0.580
3060,102.000,15.000,0.000,12.172,0.000,1,1,0,0.000,1.409,3,0,0.931,2,20.224,189.648,0.900,0.464,11.722,0.963,0.474,1.118,0.214,0.786,0.644,0.580
3063,102.100,9.434,0.000,-5.566,0.000,1,1,0,0.000,1.171,3,0,0.931,2,0.000,167.604,0.900,0.464,8.176,0.973,0.701,0.655,0.224,0.776,0.612,0.580
3066,102.200,0.000,0.000,0.000,0.000,0,0,0,0.000,0.000,3,0,0.931,0,0.000,167.604,0.900,0.464,16.850,0.552,0.338,0.066,0.242,0.758,0.339,0.650
3069,102.300,0.000,0.000,0.000,0.000,0,0,0,0.000,0.000,4,1,0.897,0,0.000,167.604,0.867,0.464,11.750,0.184,0.395,1.333,0.274,0.726,0.461,0.750
3072,102.400,29.155,0.000,19.721,0.000,1,1,0,0.000,1.277,4,0,0.897,3,0.000,232.534,0.867,0.453,10.924,0.149,0.514,0.958,0.239,0.761,0.891,0.650
3075,102.500,2.828,0.000,-26.326,0.000,1,1,0,0.000,1.319,4,0,0.897,3,0.000,242.687,0.867,0.447,5.606,0.733,0.473,1.183,0.206,0.794,0.644,0.580
3078,102.600,2.000,0.000,-0.828,0.000,1,1,0,0.000,1.158,3,1,0.862,2,4.243,241.600,0.867,0.447,4.654,0.726,0.410,0.542,0.200,0.800,0.501,0.750
3081,102.700,1.414,0.000,-0.586,0.000,1,1,0,0.000,1.417,3,0,0.862,2,0.000,228.565,0.867,0.447,4.566,0.612,0.190,0.098,0.188,0.812,0.503,0.580
3084,102.800,6.000,0.000,4.586,0.000,1,1,0,0.000,1.319,3,0,0.862,2,3.162,137.600,0.867,0.447,3.145,0.492,0.087,2.331,0.160,0.840,0.502,0.580
3087,102.900,2.000,0.000,-4.000,0.000,1,1,0,0.000,1.516,3,0,0.862,2,0.000,109.040,0.867,0.447,4.529,0.646,0.256,0.105,0.182,0.818,0.503,0.580
3090,103.000,8.062,0.000,6.062,0.000,1,1,0,0.000,1.679,3,0,0.862,2,0.000,86.235,0.867,0.447,4.543,0.679,0.332,1.720,0.188,0.812,0.535,0.580
3093,103.100,30.871,0.000,22.808,0.000,1,1,0,0.000,1.728,3,0,0.862,2,0.000,195.294,0.867,0.447,17.601,0.516,0.383,0.576,0.228,0.772,0.759,0.350
3096,103.200,0.000,0.000,0.000,0.000,0,0,0,0.000,0.000,3,0,0.862,0,0.000,195.294,0.833,0.447,11.309,0.240,0.204,2.711,0.229,0.771,0.353,0.650
3099,103.300,158.146,0.000,127.275,0.000,1,1,0,0.000,1.826,3,0,0.862,2,10.198,579.199,0.833,0.446,10.508,0.091,0.072,1.156,0.200,0.800,0.864,0.650
3102,103.400,116.417,0.000,-41.728,0.000,1,1,0,0.000,1.938,3,0,0.862,2,0.000,831.199,0.833,0.446,13.443,0.425,0.002,0.998,0.192,0.808,0.840,0.450
3105,103.500,24.739,0.000,-91.679,0.000,1,1,0,0.000,2.036,3,0,0.862,2,28.460,976.918,0.833,0.446,12.088,0.296,0.063,0.060,0.226,0.774,0.737,0.450
3108,103.600,55.731,0.000,30.993,0.000,1,1,0,0.000,2.124,3,0,0.862,2,0.000,954.328,0.833,0.446,15.764,0.438,0.044,0.314,0.232,0.768,0.839,0.450
3111,103.700,59.034,0.000,3.302,0.000,1,1,0,0.000,2.103,3,0,0.862,2,0.000,935.515,0.833,0.446,14.447,0.626,0.271,0.349,0.220,0.780,0.826,0.350
3114,103.800,4.000,0.000,-55.034,0.000,1,1,0,0.000,2.160,3,0,0.862,2,0.000,895.750,0.833,0.446,7.160,0.703,0.123,1.752,0.205,0.795,0.572,0.580
3117,103.900,19.849,0.000,15.849,0.000,1,1,0,0.000,2.184,3,0,0.862,2,0.000,833.727,0.867,0.446,9.944,0.702,0.001,1.153,0.218,0.782,0.685,0.580
3120,104.000,10.000,0.000,-9.849,0.000,1,1,0,0.000,2.154,3,0,0.897,2,0.000,730.237,0.900,0.446,7.726,0.792,0.027,0.716,0.208,0.792,0.621,0.580
3123,104.100,18.111,0.000,8.111,0.000,1,1,0,0.000,1.852,3,0,0.897,2,0.000,600.938,0.900,0.446,10.711,0.947,0.147,0.404,0.215,0.785,0.662,0.580
3126,104.200,11.314,0.000,-6.797,0.000,1,1,0,0.000,1.578,3,0,0.897,2,0.000,217.238,0.900,0.459,7.888,0.976,0.393,0.376,0.209,0.791,0.620,0.580
3129,104.300,2.236,0.000,-9.078,0.000,1,1,0,0.000,1.619,3,0,0.931,2,0.000,205.088,0.900,0.459,1.858,0.414,0.646,2.733,0.107,0.893,0.458,0.580
3132,104.400,5.099,0.000,2.863,0.000,1,1,0,0.000,1.466,3,0,0.931,2,0.000,190.088,0.900,0.459,3.028,0.898,0.736,1.245,0.169,0.831,0.469,0.580
3135,104.500,4.472,0.000,-0.627,0.000,1,1,0,0.000,1.472,3,0,0.931,2,27.074,189.159,0.900,0.459,2.541,0.591,0.737,2.426,0.145,0.855,0.475,0.580
3138,104.600,42.426,0.000,37.954,0.000,1,1,0,0.000,1.258,3,0,0.931,2,0.000,199.044,0.900,0.459,16.895,0.912,0.715,0.723,0.207,0.793,0.800,0.450
3141,104.700,169.544,0.000,127.117,0.000,1,1,0,0.000,1.299,3,0,0.931,2,48.104,253.949,0.900,0.459,10.054,0.312,0.402,1.593,0.208,0.792,0.856,0.550
3144,104.800,96.881,0.000,-72.662,0.000,1,1,0,0.000,1.579,3,0,0.931,2,29.017,335.019,0.900,0.459,15.589,0.350,0.267,2.674,0.159,0.841,0.854,0.550
3147,104.900,0.000,0.000,0.000,0.000,0,0,0,0.000,0.000,3,0,0.931,0,29.017,335.019,0.867,0.459,11.886,0.401,0.262,0.611,0.194,0.806,0.346,0.650
3150,105.000,107.424,0.000,10.543,0.000,1,1,0,0.000,1.674,3,0,0.931,2,0.000,847.194,0.867,0.456,13.543,0.462,0.122,0.331,0.231,0.769,0.842,0.650
3153,105.100,21.471,0.000,-85.953,0.000,1,1,0,0.000,1.858,3,0,0.931,2,0.000,850.344,0.867,0.456,18.024,0.709,0.138,1.117,0.217,0.783,0.694,0.580
3156,105.200,3.000,0.000,-18.471,0.000,1,1,0,0.000,1.682,3,0,0.966,2,0.000,894.964,0.900,0.456,10.715,0.647,0.056,1.104,0.222,0.778,0.599,0.580
3159,105.300,8.544,0.000,5.544,0.000,1,1,0,0.000,1.498,3,0,0.966,2,0.000,927.154,0.933,0.456,7.354,0.918,0.039,1.221,0.199,0.801,0.599,0.580
3162,105.400,20.248,0.000,11.704,0.000,1,1,0,0.000,1.246,3,0,0.966,2,0.000,933.644,0.933,0.474,10.750,0.892,0.109,1.279,0.218,0.782,0.682,0.580
3165,105.500,9.487,0.000,-10.762,0.000,1,1,0,0.000,1.237,3,0,1.000,2,0.000,956.499,0.933,0.483,6.341,0.638,0.135,0.345,0.188,0.812,0.599,0.580
3168,105.600,8.544,0.000,-0.943,0.000,1,1,0,0.000,1.102,3,0,1.000,2,0.000,977.820,0.933,0.483,7.155,0.929,0.085,1.066,0.182,0.818,0.593,0.580
3171,105.700,16.125,0.000,7.581,0.000,1,1,0,0.000,0.990,3,0,1.000,2,0.000,940.930,0.933,0.483,10.915,0.919,0.060,2.319,0.202,0.798,0.657,0.580
3174,105.800,21.024,0.000,4.899,0.000,1,1,0,0.000,1.149,3,0,1.000,2,0.000,870.648,0.933,0.483,10.658,0.778,0.067,2.122,0.195,0.805,0.694,0.580
3177,105.900,38.588,0.000,17.564,0.000,1,1,0,0.000,0.892,3,0,1.000,2,34.015,869.250,0.933,0.483,17.134,0.595,0.093,0.070,0.213,0.787,0.805,0.000
3180,106.000,5.000,0.000,-33.588,0.000,1,1,0,0.000,1.076,3,0,1.000,2,137.463,950.059,0.933,0.483,6.027,0.919,0.326,2.744,0.174,0.826,0.546,0.750
3183,106.100,31.623,0.000,26.623,0.000,1,1,0,0.000,1.152,3,0,1.000,2,0.000,598.994,0.933,0.483,14.971,0.835,0.392,0.287,0.218,0.782,0.749,0.450
3186,106.200,0.000,0.000,0.000,0.000,0,0,0,0.000,0.000,3,0,1.000,0,0.000,598.994,0.933,0.483,12.902,0.243,0.381,1.057,0.278,0.722,0.365,0.650
3189,106.300,0.000,0.000,0.000,0.000,0,0,0,0.000,0.000,3,0,1.000,0,0.000,598.994,0.900,0.483,11.417,0.927,0.443,0.295,0.222,0.778,0.313,0.580
3192,106.400,0.000,0.000,0.000,0.000,0,0,0,0.000,0.000,3,0,1.000,0,0.000,598.994,0.867,0.483,9.287,0.885,0.291,0.216,0.213,0.787,0.312,0.580
3195,106.500,0.000,0.000,0.000,0.000,0,0,0,0.000,0.000,3,0,1.000,0,0.000,598.994,0.833,0.483,6.903,0.873,0.280,0.036,0.200,0.800,0.281,0.580
3198,106.600,0.000,0.000,0.000,0.000,0,0,0,0.000,0.000,3,0,1.000,0,0.000,598.994,0.800,0.483,4.744,0.827,0.162,0.197,0.184,0.816,0.227,0.580
3201,106.700,0.000,0.000,0.000,0.000,0,0,0,0.000,0.000,3,0,1.000,0,0.000,598.994,0.767,0.483,3.617,0.690,0.054,0.173,0.173,0.827,0.204,0.580
3204,106.800,0.000,0.000,0.000,0.000,0,0,0,0.000,0.000,3,0,1.000,0,0.000,598.994,0.733,0.483,3.742,0.749,0.102,1.274,0.180,0.820,0.199,0.580
3207,106.900,0.000,0.000,0.000,0.000,0,0,0,0.000,0.000,3,0,1.000,0,0.000,598.994,0.700,0.483,4.425,0.881,0.155,0.163,0.192,0.808,0.203,0.580
3210,107.000,0.000,0.000,0.000,0.000,0,0,0,0.000,0.000,3,0,1.000,0,0.000,598.994,0.667,0.483,4.998,0.835,0.254,0.128,0.200,0.800,0.217,0.580
3213,107.100,0.000,86.885,0.000,-91.174,1,0,1,0.000,2.132,3,0,1.000,2,0.000,670.355,0.667,0.335,5.174,0.843,0.250,0.507,0.208,0.792,0.720,0.650
3216,107.200,0.000,0.000,0.000,0.000,0,0,0,0.000,0.000,3,0,1.000,0,0.000,670.355,0.633,0.335,6.642,0.784,0.227,0.654,0.202,0.798,0.257,0.650
3219,107.300,0.000,0.000,0.000,0.000,0,0,0,0.000,0.000,3,0,1.000,0,0.000,670.355,0.600,0.335,7.602,0.751,0.327,0.340,0.216,0.784,0.279,0.580
3222,107.400,0.000,0.000,0.000,0.000,0,0,0,0.000,0.000,6,1,0.966,0,0.000,670.355,0.567,0.335,8.742,0.558,0.542,0.376,0.199,0.801,0.399,0.750
3225,107.500,148.385,117.796,116.762,30.911,2,1,1,461.677,1.901,6,0,0.966,6,55.027,812.174,0.567,0.325,10.081,0.438,0.915,1.744,0.188,0.812,1.000,0.650
3228,107.600,29.732,6.083,-118.652,-111.714,2,1,1,445.018,1.746,6,0,0.966,6,82.201,1290.118,0.567,0.313,10.494,0.514,1.003,0.129,0.191,0.809,0.927,0.450
3231,107.700,0.000,536.366,0.000,526.932,2,0,1,536.366,1.429,4,1,0.931,5,0.000,2350.194,0.567,0.307,10.564,0.458,1.090,0.468,0.189,0.811,1.000,0.750
3234,107.800,0.000,510.554,0.000,-19.957,2,0,1,510.554,1.767,4,0,0.931,5,0.000,3328.380,0.567,0.295,9.838,0.612,1.184,2.007,0.187,0.813,1.000,0.550
3237,107.900,0.000,437.001,0.000,-79.326,2,0,1,437.001,2.079,4,0,0.931,5,113.323,3383.844,0.600,0.289,10.296,0.703,1.188,0.027,0.200,0.800,1.000,0.630
3240,108.000,0.000,517.218,0.000,81.803,2,0,1,517.218,2.679,3,1,0.897,4,0.000,3443.445,0.600,0.283,10.741,0.302,1.110,1.792,0.195,0.805,0.931,0.750
3243,108.100,98.433,541.001,68.701,23.783,2,1,1,508.759,2.822,3,0,0.897,4,0.000,3368.895,0.600,0.272,10.128,0.554,0.893,0.450,0.177,0.823,0.913,0.500
3246,108.200,51.430,43.382,-47.003,-497.619,2,1,1,593.152,2.766,3,0,0.897,4,0.000,2688.994,0.600,0.266,11.463,0.500,0.598,0.865,0.177,0.823,0.917,0.450
3249,108.300,23.022,0.000,-28.408,0.000,1,1,0,0.000,1.486,3,0,0.897,2,15.652,2611.535,0.600,0.266,10.962,0.422,0.276,0.549,0.179,0.821,0.690,0.650
3252,108.400,40.497,0.000,17.475,0.000,1,1,0,0.000,1.720,3,0,0.897,2,15.652,2611.535,0.600,0.266,12.689,0.675,0.075,1.428,0.195,0.805,0.770,0.580
3255,108.500,739.560,0.000,701.350,0.000,2,1,0,739.560,2.029,3,0,0.897,4,15.652,2611.535,0.600,0.259,10.432,0.488,0.167,0.000,0.192,0.808,0.918,0.650
3258,108.600,765.536,0.000,9.501,0.000,2,1,0,765.536,2.155,3,0,0.897,4,0.000,1587.139,0.600,0.252,9.476,0.484,0.274,0.662,0.187,0.813,0.918,0.350
3261,108.700,753.741,88.769,-11.795,45.387,2,1,1,680.425,2.466,3,0,0.897,4,0.000,1587.554,0.600,0.246,8.780,0.658,0.369,1.105,0.176,0.824,0.906,0.500
3264,108.800,28.601,0.000,-725.140,0.000,1,1,0,0.000,2.358,3,0,0.897,2,0.000,1464.419,0.600,0.246,7.353,0.766,0.474,0.532,0.162,0.838,0.681,0.650
3267,108.900,17.464,0.000,-11.136,0.000,1,1,0,0.000,2.509,3,0,0.897,2,0.000,1180.704,0.600,0.321,7.224,0.824,0.526,0.138,0.157,0.843,0.612,0.580
3270,109.000,32.985,0.000,15.521,0.000,1,1,0,0.000,2.284,3,0,0.897,2,0.000,1040.534,0.600,0.369,6.707,0.693,0.788,1.649,0.151,0.849,0.694,0.580
3273,109.100,14.422,0.000,-18.563,0.000,1,1,0,0.000,2.213,3,0,0.897,2,0.000,678.930,0.600,0.379,5.468,0.624,0.631,0.073,0.144,0.856,0.565,0.580
3276,109.200,28.302,0.000,13.880,0.000,1,1,0,0.000,1.913,3,0,0.897,2,0.000,582.569,0.633,0.389,6.413,0.553,0.728,0.158,0.155,0.845,0.675,0.580
3279,109.300,9.899,0.000,-18.402,0.000,1,1,0,0.000,1.550,3,0,0.897,2,0.000,538.644,0.667,0.389,5.314,0.381,0.751,2.112,0.156,0.844,0.561,0.580
3282,109.400,0.000,704.716,0.000,615.947,1,0,1,0.000,2.467,3,0,0.897,2,0.000,461.289,0.700,0.399,4.885,0.546,0.715,0.804,0.153,0.847,0.738,0.500
3285,109.500,0.000,13.601,0.000,-691.115,1,0,1,0.000,2.204,3,0,0.897,2,18.439,415.335,0.733,0.408,4.673,0.569,0.528,0.087,0.152,0.848,0.561,0.580
3288,109.600,38.484,0.000,28.584,0.000,1,1,0,0.000,1.511,3,0,0.897,2,0.000,470.137,0.767,0.408,3.297,0.672,0.254,0.009,0.140,0.860,0.661,0.580
3291,109.700,68.600,0.000,30.117,0.000,1,1,0,0.000,1.136,3,0,0.897,2,0.000,528.780,0.800,0.417,4.117,0.689,0.049,1.709,0.144,0.856,0.721,0.550
3294,109.800,46.271,0.000,-22.329,0.000,1,1,0,0.000,1.419,3,0,0.897,2,0.000,587.908,0.833,0.417,4.111,0.301,0.446,1.929,0.128,0.872,0.752,0.580
3297,109.900,0.000,824.187,0.000,808.566,2,0,1,824.187,1.832,3,0,0.897,4,0.000,657.438,0.867,0.426,7.659,0.592,0.895,0.156,0.180,0.820,0.934,0.650
