frame_idx,timestamp,hand_velocity_left,hand_velocity_right,hand_acceleration_left,hand_acceleration_right,hands_present,grip_state_left,grip_state_right,hand_distance,trajectory_curvature,num_tools,tool_changed,tool_stability,num_interactions,contact_point_shift,contact_point_variance,interaction_density,interaction_rhythm,flow_magnitude,flow_uniformity,flow_discontinuity,direction_change,scene_change_score,visual_stability,activity_level,transition_score
0,0.000,0.000,0.000,0.000,0.000,2,0,0,310.413,0.000,5,0,1.000,6,77.492,562.969,1.000,0.000,0.000,1.000,0.000,0.000,0.000,1.000,0.500,0.000
3,0.100,5.385,8.246,5.385,8.246,2,0,0,304.869,0.000,5,0,1.000,6,72.801,534.805,1.000,0.240,0.389,0.300,0.000,1.262,0.059,0.941,0.605,0.480
6,0.200,1.000,6.083,-4.385,-2.163,2,0,0,311.925,0.000,6,1,0.500,6,75.027,1280.970,1.000,0.267,0.571,0.847,0.000,0.689,0.077,0.923,0.559,0.750
9,0.300,1.000,7.071,0.000,0.988,2,0,0,305.110,2.835,6,1,0.333,6,76.551,1066.619,1.000,0.279,0.596,0.884,0.000,2.867,0.079,0.921,0.562,0.750
12,0.400,2.236,5.000,1.236,-2.071,2,0,0,310.780,2.737,7,1,0.250,6,74.673,1401.855,1.000,0.286,0.676,0.672,0.000,0.842,0.076,0.924,0.542,0.750
15,0.500,22.472,27.893,20.236,22.893,2,0,0,329.055,1.955,7,0,0.400,6,0.000,1653.037,1.000,0.290,2.561,0.879,0.000,1.932,0.157,0.843,0.702,0.550
18,0.600,48.549,40.000,26.077,12.107,2,1,1,336.407,1.634,7,0,0.500,6,0.000,1362.480,1.000,0.293,2.894,0.515,0.000,0.439,0.124,0.876,0.911,0.550
21,0.700,21.932,20.616,-26.617,-19.384,2,1,1,339.700,1.357,7,0,0.571,6,123.483,1756.489,1.000,0.295,4.551,0.830,0.000,2.326,0.228,0.772,0.802,0.686
24,0.800,19.313,5.831,-2.619,-14.785,2,1,1,345.110,1.371,7,0,0.625,6,0.000,1619.124,1.000,0.297,2.734,0.872,0.000,0.087,0.169,0.831,0.739,0.350
27,0.900,30.806,2.236,11.493,-3.595,2,1,1,329.310,1.427,5,1,0.556,6,116.456,1776.550,1.000,0.298,1.699,0.675,0.000,2.938,0.113,0.887,0.816,0.750
30,1.000,16.279,4.123,-14.527,1.887,2,1,1,323.730,1.337,5,0,0.600,6,0.000,1599.925,1.000,0.298,1.648,0.264,0.000,0.310,0.088,0.912,0.763,0.480
33,1.100,4.123,4.123,-12.156,0.000,2,1,1,320.039,1.055,5,0,0.636,6,0.000,1086.185,1.000,0.298,1.686,0.756,0.000,2.488,0.140,0.860,0.662,0.580
36,1.200,2.828,3.606,-1.295,-0.518,2,1,1,323.360,1.064,8,1,0.583,6,0.000,1401.034,1.000,0.298,1.202,0.757,0.000,0.219,0.130,0.870,0.602,0.750
39,1.300,2.236,3.606,-0.592,0.000,2,1,1,322.902,0.921,8,0,0.615,6,0.000,1403.624,1.000,0.298,0.824,0.506,0.000,1.261,0.107,0.893,0.610,0.580
42,1.400,6.083,8.602,3.847,4.997,2,1,1,311.174,1.210,8,0,0.643,6,20.100,506.745,1.000,0.298,0.909,0.688,0.000,1.286,0.085,0.915,0.627,0.350
45,1.500,1.414,7.211,-4.669,-1.391,2,1,1,307.651,1.460,7,0,0.667,6,0.000,1261.740,1.000,0.298,0.765,0.610,0.000,2.502,0.081,0.919,0.641,0.550
48,1.600,3.000,4.123,1.586,-3.088,2,1,1,305.419,1.410,7,0,0.688,6,78.892,1494.840,1.000,0.298,0.968,0.839,0.000,2.447,0.106,0.894,0.613,0.550
51,1.700,1.414,1.000,-1.586,-3.123,2,1,1,305.473,1.433,6,1,0.647,6,0.000,868.350,1.000,0.298,0.356,0.638,0.000,0.240,0.049,0.951,0.622,0.750
54,1.800,4.243,0.000,2.828,-1.000,2,1,1,302.662,1.427,6,0,0.667,6,0.000,886.889,1.000,0.298,0.723,0.878,0.000,0.433,0.096,0.904,0.630,0.350
57,1.900,2.000,0.000,-2.243,0.000,2,1,1,302.800,1.383,6,0,0.684,6,0.000,674.658,1.000,0.298,0.406,0.537,0.000,1.242,0.061,0.939,0.634,0.580
60,2.000,1.000,2.000,-1.000,2.000,2,1,1,301.664,1.315,6,0,0.700,6,0.000,620.985,1.000,0.298,0.417,0.828,0.000,0.827,0.057,0.943,0.614,0.580
63,2.100,26.420,7.810,25.420,5.810,2,1,1,320.141,1.604,6,1,0.667,6,56.000,665.225,1.000,0.298,1.817,0.643,0.000,0.774,0.092,0.908,0.797,0.750
66,2.200,41.110,11.662,14.690,3.852,2,1,1,354.277,1.363,6,0,0.682,6,99.925,869.169,1.000,0.298,1.905,0.667,0.000,0.472,0.108,0.892,0.879,0.555
69,2.300,24.413,10.050,-16.696,-1.612,2,1,1,367.349,1.200,6,0,0.696,6,19.647,1070.379,1.000,0.298,2.695,0.891,0.000,0.906,0.171,0.829,0.791,0.350
72,2.400,8.485,15.811,-15.928,5.762,2,1,1,374.226,1.080,5,1,0.667,6,3.162,1203.244,1.000,0.298,1.364,0.824,0.000,0.346,0.112,0.888,0.714,0.750
75,2.500,2.000,13.153,-6.485,-2.658,2,1,1,378.000,1.276,5,0,0.680,5,271.974,2165.327,1.000,0.311,1.094,0.808,0.000,2.862,0.114,0.886,0.694,0.750
78,2.600,1.414,7.000,-0.586,-6.153,2,1,1,377.048,1.571,5,0,0.692,5,206.770,2745.825,1.000,0.311,1.031,0.912,0.000,2.624,0.118,0.882,0.651,0.750
81,2.700,3.000,0.000,1.586,0.000,1,1,0,0.000,1.571,6,1,0.667,3,2.000,2892.689,1.000,0.311,0.584,0.278,0.000,1.400,0.083,0.917,0.522,0.750
84,2.800,1.000,0.000,-2.000,0.000,1,1,0,0.000,1.374,6,0,0.679,3,1.414,3016.407,1.000,0.324,0.727,0.844,0.000,2.249,0.085,0.915,0.475,0.580
87,2.900,3.000,0.000,2.000,0.000,1,1,0,0.000,1.046,6,0,0.690,3,1.000,3045.705,1.000,0.324,0.846,0.878,0.000,2.012,0.104,0.896,0.486,0.580
90,3.000,1.414,0.000,-1.586,0.000,1,1,0,0.000,1.071,6,1,0.655,4,0.000,3026.017,1.000,0.336,0.643,0.818,0.000,0.599,0.089,0.911,0.507,0.750
93,3.100,1.000,0.000,-0.414,0.000,1,1,0,0.000,1.254,7,1,0.655,4,1.000,2956.864,1.000,0.336,0.656,0.787,0.482,0.700,0.082,0.918,0.490,0.750
96,3.200,2.236,0.000,1.236,0.000,1,1,0,0.000,1.415,6,1,0.655,4,1.000,2947.875,1.000,0.336,0.422,0.453,0.551,0.312,0.063,0.937,0.531,0.750
99,3.300,2.236,0.000,0.000,0.000,1,1,0,0.000,1.316,4,1,0.655,3,2.000,2944.229,1.000,0.347,1.143,0.948,0.527,0.957,0.130,0.870,0.530,0.750
102,3.400,2.236,0.000,0.000,0.000,1,1,0,0.000,1.022,5,1,0.621,3,2.828,2919.650,1.000,0.347,1.147,0.946,0.512,0.060,0.125,0.875,0.503,0.750
105,3.500,4.123,0.000,1.887,0.000,1,1,0,0.000,0.951,5,0,0.621,3,1.414,2877.684,1.000,0.358,1.141,0.946,0.444,0.092,0.124,0.876,0.513,0.350
108,3.600,3.162,0.000,-0.961,0.000,1,1,0,0.000,1.138,5,1,0.586,3,1.000,2818.619,1.000,0.358,0.594,0.806,0.272,0.640,0.078,0.922,0.504,0.750
111,3.700,2.000,0.000,-1.162,0.000,1,1,0,0.000,1.178,5,0,0.586,3,1.000,2698.668,1.000,0.369,1.816,0.954,0.297,2.313,0.157,0.843,0.518,0.580
114,3.800,2.000,0.000,0.000,0.000,1,1,0,0.000,1.276,6,1,0.586,3,3.000,2702.455,1.000,0.369,1.806,0.916,0.217,0.000,0.147,0.853,0.502,0.750
117,3.900,1.000,76.694,-1.000,69.694,2,1,1,316.812,0.997,6,0,0.586,6,87.801,2632.175,1.000,0.369,2.077,0.772,0.306,2.489,0.146,0.854,0.898,0.650
120,4.000,1.414,31.064,0.414,-45.630,2,1,1,287.042,0.990,6,0,0.586,6,0.000,1299.579,1.000,0.369,2.292,0.889,0.203,2.354,0.148,0.852,0.818,0.550
123,4.100,3.606,22.023,2.191,-9.042,2,1,1,262.711,0.917,6,0,0.621,6,0.000,669.377,1.000,0.369,1.596,0.753,0.022,1.495,0.121,0.879,0.760,0.550
126,4.200,1.000,10.000,-2.606,-12.023,2,1,1,257.309,1.040,6,0,0.621,6,0.000,772.909,1.000,0.358,1.559,0.851,0.110,0.690,0.137,0.863,0.685,0.350
129,4.300,2.236,6.325,1.236,-3.675,2,1,1,254.466,1.070,6,0,0.621,6,0.000,629.525,1.000,0.347,0.918,0.378,0.277,0.885,0.078,0.922,0.682,0.350
132,4.400,1.000,3.606,-1.236,-2.719,2,1,1,257.334,1.138,6,0,0.621,6,0.000,466.627,1.000,0.347,0.686,0.152,0.306,2.037,0.074,0.926,0.677,0.550
135,4.500,1.000,9.434,0.000,5.828,2,1,1,265.339,1.294,6,0,0.621,6,0.000,526.455,1.000,0.336,0.812,0.236,0.295,0.052,0.081,0.919,0.706,0.350
138,4.600,1.414,38.275,0.414,28.841,2,1,1,296.044,1.392,6,0,0.655,6,76.000,588.508,1.000,0.324,0.863,0.520,0.324,0.121,0.074,0.926,0.848,0.450
141,4.700,1.414,0.000,0.000,0.000,1,1,0,0.000,1.589,6,0,0.655,3,1.000,637.599,1.000,0.324,2.126,0.856,0.374,0.048,0.161,0.839,0.511,0.650
144,4.800,450.525,0.000,444.694,0.000,2,1,0,450.525,1.697,5,1,0.621,6,231.147,1494.944,1.000,0.311,2.963,0.800,0.548,1.536,0.169,0.831,0.918,0.750
147,4.900,458.912,181.395,8.387,143.119,2,1,1,440.092,1.965,5,0,0.621,6,0.000,1582.919,1.000,0.311,4.614,0.794,0.699,0.549,0.205,0.795,0.960,0.500
150,5.000,49.769,71.063,-409.142,-110.331,2,1,1,418.306,2.128,5,0,0.655,6,45.100,1509.649,1.000,0.311,4.132,0.424,1.024,2.353,0.177,0.823,0.974,0.550
153,5.100,0.000,414.614,0.000,343.551,1,0,1,0.000,0.920,7,1,0.621,6,0.000,1470.274,1.000,0.311,11.614,0.087,1.332,0.407,0.467,0.533,1.000,0.750
156,5.200,0.000,32.249,0.000,-382.365,1,0,1,0.000,1.105,7,0,0.621,6,0.000,1457.297,1.000,0.311,2.278,0.539,2.801,0.230,0.110,0.890,0.773,0.700
159,5.300,88.006,0.000,38.236,0.000,1,1,0,0.000,2.138,7,0,0.655,6,39.825,1447.467,1.000,0.311,1.821,0.866,2.908,1.302,0.133,0.867,0.809,0.700
162,5.400,13.038,0.000,-74.967,0.000,1,1,0,0.000,2.288,6,1,0.621,5,0.000,1459.358,1.000,0.311,2.438,0.822,4.109,2.372,0.158,0.842,0.646,0.750
165,5.500,0.000,12.530,0.000,-19.719,1,0,1,0.000,1.259,6,0,0.621,5,0.000,1396.359,1.000,0.311,1.971,0.545,3.436,1.905,0.106,0.894,0.651,0.700
168,5.600,0.000,9.434,0.000,-3.096,1,0,1,0.000,1.277,6,0,0.655,5,0.000,1347.104,1.000,0.311,1.391,0.246,2.716,0.144,0.087,0.913,0.640,0.700
171,5.700,11.045,0.000,-1.993,0.000,1,1,0,0.000,2.053,6,1,0.621,5,0.000,1241.714,1.000,0.324,3.075,0.837,2.579,1.976,0.156,0.844,0.650,0.750
174,5.800,20.248,0.000,9.203,0.000,1,1,0,0.000,1.993,6,0,0.621,5,0.000,297.844,1.000,0.311,1.502,0.696,2.706,1.902,0.095,0.905,0.671,0.700
177,5.900,0.000,15.652,0.000,6.218,1,0,1,0.000,1.605,6,0,0.655,5,0.000,233.625,1.000,0.311,2.420,0.327,2.798,0.338,0.097,0.903,0.695,0.700
180,6.000,18.248,0.000,-2.000,0.000,1,1,0,0.000,2.013,6,1,0.655,5,21.190,256.688,1.000,0.324,1.599,0.835,2.975,2.076,0.134,0.866,0.653,0.750
183,6.100,33.000,0.000,14.752,0.000,1,1,0,0.000,1.882,6,0,0.690,5,0.000,236.190,1.000,0.324,2.595,0.749,3.102,2.506,0.161,0.839,0.766,0.700
186,6.200,0.000,17.692,0.000,2.039,1,0,1,0.000,1.586,6,0,0.724,5,39.812,288.719,1.000,0.324,1.936,0.446,3.356,2.342,0.087,0.913,0.685,0.700
189,6.300,0.000,14.866,0.000,-2.826,1,0,1,0.000,1.720,8,1,0.724,6,0.000,286.114,1.000,0.324,2.971,0.428,3.176,0.213,0.096,0.904,0.682,0.750
192,6.400,12.207,0.000,-20.793,0.000,1,1,0,0.000,1.808,8,0,0.724,6,31.401,283.170,1.000,0.324,1.717,0.872,2.399,1.466,0.158,0.842,0.605,0.700
195,6.500,24.759,0.000,12.552,0.000,1,1,0,0.000,1.954,8,0,0.759,6,0.000,349.358,1.000,0.324,2.622,0.860,1.155,0.137,0.183,0.817,0.698,0.350
198,6.600,0.000,229.456,0.000,211.651,2,0,1,229.456,2.119,6,0,0.759,6,0.000,350.154,1.000,0.324,1.830,0.842,0.750,0.766,0.151,0.849,0.887,0.650
201,6.700,21.213,52.345,-3.546,-177.111,2,1,1,229.473,1.998,6,0,0.793,6,90.604,514.050,1.000,0.311,5.874,0.870,0.195,0.677,0.208,0.792,0.986,0.503
204,6.800,6.083,48.260,-15.130,-4.085,2,1,1,245.055,1.831,6,0,0.793,6,68.622,599.644,1.000,0.311,3.802,0.860,0.116,0.333,0.204,0.796,0.935,0.350
207,6.900,29.069,61.717,22.986,13.457,2,1,1,302.060,1.753,7,0,0.793,6,23.854,904.784,1.000,0.311,3.793,0.438,0.066,0.061,0.166,0.834,0.938,0.350
210,7.000,47.539,55.444,18.471,-6.273,2,1,1,381.473,1.723,7,0,0.793,6,0.000,1869.369,1.000,0.311,2.841,0.592,0.041,0.279,0.174,0.826,0.904,0.350
213,7.100,0.000,41.617,0.000,-13.826,1,0,1,0.000,1.462,7,0,0.793,3,0.000,2243.374,1.000,0.311,3.664,0.461,0.011,0.612,0.123,0.877,0.788,0.650
216,7.200,0.000,18.028,0.000,-23.590,1,0,1,0.000,1.242,7,0,0.793,4,38.053,2692.037,1.000,0.311,3.458,0.854,0.052,0.283,0.151,0.849,0.650,0.350
219,7.300,0.000,14.318,0.000,-3.710,1,0,1,0.000,1.066,7,0,0.793,4,25.495,2611.834,1.000,0.324,4.449,0.840,0.023,0.371,0.183,0.817,0.655,0.580
222,7.400,0.000,584.673,0.000,577.461,2,0,1,584.673,0.721,7,0,0.793,5,24.021,1981.694,1.000,0.324,4.571,0.839,0.084,0.041,0.178,0.822,0.904,0.650
225,7.500,372.828,587.721,325.289,3.048,2,1,1,616.273,1.545,5,1,0.759,4,21.095,588.544,1.000,0.324,4.320,0.813,0.097,0.154,0.189,0.811,0.915,0.750
228,7.600,11.705,5.385,-361.124,-582.336,2,1,1,628.335,1.401,5,0,0.759,4,22.804,160.764,1.000,0.324,3.431,0.899,0.150,0.013,0.171,0.829,0.702,0.580
231,7.700,1.000,1.414,-10.705,-3.971,2,1,1,630.125,1.402,5,0,0.793,4,28.443,130.350,1.000,0.336,2.573,0.932,0.129,0.164,0.154,0.846,0.621,0.580
234,7.800,8.062,4.000,7.062,2.586,2,1,1,641.312,1.338,6,1,0.759,4,26.476,111.229,1.000,0.336,2.574,0.918,0.152,0.092,0.164,0.836,0.635,0.750
237,7.900,15.652,7.280,7.590,3.280,2,1,1,662.372,1.260,6,0,0.759,5,22.204,110.739,1.000,0.336,2.429,0.757,0.141,0.382,0.158,0.842,0.715,0.580
240,8.000,14.866,3.606,-0.786,-3.675,2,1,1,678.994,1.122,6,0,0.793,5,21.378,92.708,1.000,0.336,2.065,0.481,0.240,0.535,0.134,0.866,0.721,0.580
243,8.100,18.028,8.062,3.162,4.457,2,1,1,703.742,1.133,6,0,0.793,4,453.213,4733.669,1.000,0.347,2.840,0.704,0.269,0.260,0.154,0.846,0.712,0.750
246,8.200,17.493,10.440,-0.535,2.378,2,1,1,728.957,0.976,6,0,0.793,5,30.083,4801.729,1.000,0.347,2.859,0.805,2.683,0.568,0.170,0.830,0.732,0.700
249,8.300,2.828,14.036,-14.664,3.595,2,1,1,744.766,0.630,6,0,0.828,5,34.713,4890.944,1.000,0.347,2.390,0.821,0.873,0.207,0.165,0.835,0.700,0.580
252,8.400,8.000,18.439,5.172,4.403,2,1,1,758.172,0.742,5,1,0.793,4,39.051,4977.535,1.000,0.347,2.627,0.750,0.633,0.201,0.161,0.839,0.730,0.750
255,8.500,14.560,10.630,6.560,-7.809,2,1,1,766.312,0.624,5,0,0.793,4,0.000,5248.209,1.000,0.347,4.044,0.746,0.463,0.200,0.179,0.821,0.744,0.580
258,8.600,0.000,56.586,-14.560,45.956,2,1,1,714.557,0.696,5,0,0.828,4,20.881,5411.418,1.000,0.347,4.151,0.750,0.487,0.245,0.186,0.814,0.915,0.450
261,8.700,11.402,60.440,11.402,3.854,2,1,1,671.986,0.671,6,1,0.793,5,32.000,5828.564,1.000,0.347,5.320,0.816,0.393,0.018,0.198,0.802,0.946,0.750
264,8.800,17.029,54.589,5.628,-5.851,2,1,1,603.911,0.849,6,0,0.793,5,39.000,1349.175,1.000,0.347,6.782,0.765,0.477,0.113,0.200,0.800,0.986,0.000
267,8.900,0.000,555.642,0.000,527.411,2,0,1,555.642,0.629,6,0,0.828,5,0.000,1757.019,1.000,0.347,7.954,0.608,0.438,0.030,0.206,0.794,1.000,0.500
270,9.000,0.000,543.266,0.000,-12.376,1,0,1,0.000,0.975,5,1,0.793,3,18.000,2062.260,1.000,0.347,8.001,0.619,0.490,0.107,0.223,0.777,0.935,0.750
273,9.100,0.000,18.788,0.000,-524.478,1,0,1,0.000,1.248,5,0,0.793,3,0.000,2192.900,1.000,0.347,8.498,0.521,0.568,0.017,0.231,0.769,0.796,0.580
276,9.200,0.000,20.396,0.000,1.608,1,0,1,0.000,1.506,5,0,0.828,3,20.518,2325.777,1.000,0.347,6.192,0.646,0.833,0.011,0.215,0.785,0.751,0.580
279,9.300,0.000,272.125,0.000,249.764,2,0,1,272.125,1.366,5,0,0.828,5,0.000,2003.659,1.000,0.347,4.855,0.616,1.057,0.125,0.201,0.799,0.978,0.650
282,9.400,228.037,254.466,211.008,-17.659,2,1,1,286.540,1.707,5,0,0.828,5,0.000,1642.249,1.000,0.347,6.800,0.725,1.207,0.042,0.208,0.792,1.000,0.500
285,9.500,3.162,2.236,-224.875,-252.230,2,1,1,286.458,1.781,5,0,0.828,5,116.362,1740.548,1.000,0.347,9.298,0.701,1.522,0.056,0.217,0.783,0.818,0.700
288,9.600,11.402,25.020,8.239,22.784,2,1,1,304.253,2.027,5,0,0.828,4,0.000,1260.068,1.000,0.347,12.133,0.788,1.957,0.186,0.223,0.777,0.898,0.700
291,9.700,21.840,0.000,10.439,0.000,1,1,0,0.000,1.244,5,0,0.828,2,0.000,1260.068,1.000,0.358,15.658,0.566,2.673,0.132,0.251,0.749,0.774,0.700
294,9.800,26.683,0.000,4.843,0.000,1,1,0,0.000,1.375,5,0,0.828,2,0.000,1260.068,1.000,0.369,16.437,0.693,4.846,0.094,0.307,0.693,0.792,0.700
297,9.900,12.042,0.000,-14.642,0.000,1,1,0,0.000,1.223,6,1,0.793,3,274.186,2538.025,1.000,0.369,16.458,0.867,6.042,0.164,0.270,0.730,0.716,0.750
300,10.000,20.616,0.000,8.574,0.000,1,1,0,0.000,1.090,6,0,0.793,3,20.616,3425.539,1.000,0.369,18.011,0.919,7.358,0.115,0.256,0.744,0.760,0.700
303,10.100,14.318,0.000,-6.298,0.000,1,1,0,0.000,0.863,6,0,0.793,2,20.616,3425.539,1.000,0.379,14.349,0.890,8.174,0.032,0.253,0.747,0.697,0.700
306,10.200,5.000,0.000,-9.318,0.000,1,1,0,0.000,0.851,8,1,0.759,3,18.974,4031.764,1.000,0.379,9.172,0.717,8.691,0.151,0.246,0.754,0.665,0.750
309,10.300,10.770,0.000,5.770,0.000,1,1,0,0.000,0.981,8,0,0.759,3,10.770,4412.369,1.000,0.379,6.179,0.385,7.510,0.156,0.238,0.762,0.675,0.700
312,10.400,5.831,0.000,-4.939,0.000,1,1,0,0.000,0.731,8,0,0.793,3,5.831,4766.744,1.000,0.389,4.326,0.232,5.597,0.625,0.228,0.772,0.612,0.700
315,10.500,2.236,0.000,-3.595,0.000,1,1,0,0.000,0.543,7,1,0.759,3,128.787,4879.935,1.000,0.389,3.388,0.447,3.980,2.348,0.213,0.787,0.563,0.750
318,10.600,5.831,0.000,3.595,0.000,1,1,0,0.000,0.420,7,0,0.759,3,130.614,5042.824,1.000,0.389,5.848,0.696,3.086,1.283,0.234,0.766,0.627,0.726
321,10.700,11.314,0.000,5.483,0.000,1,1,0,0.000,0.411,7,0,0.793,3,11.314,4894.494,1.000,0.399,7.692,0.979,2.471,0.735,0.239,0.761,0.684,0.700
324,10.800,27.785,0.000,16.471,0.000,1,1,0,0.000,0.423,7,1,0.759,3,0.000,5004.897,1.000,0.399,12.753,0.930,2.417,0.030,0.269,0.731,0.786,0.750
327,10.900,35.511,283.480,7.726,258.460,2,1,1,479.854,1.726,7,0,0.759,6,38.639,4886.017,1.000,0.389,13.368,0.834,2.659,0.198,0.288,0.712,1.000,0.700
330,11.000,41.012,118.870,5.502,-164.610,2,1,1,375.558,1.683,7,0,0.759,6,0.000,6033.919,1.000,0.389,13.584,0.703,2.771,1.427,0.249,0.751,1.000,0.700
333,11.100,14.866,81.320,-26.146,-37.549,2,1,1,375.366,1.465,7,1,0.724,5,0.000,7633.160,1.000,0.389,15.433,0.761,2.571,0.198,0.245,0.755,0.995,0.750
336,11.200,28.178,51.865,13.312,-29.455,2,1,1,378.085,1.228,7,0,0.724,5,0.000,6123.819,1.000,0.389,19.285,0.791,2.017,0.146,0.248,0.752,0.993,0.700
339,11.300,20.396,28.636,-7.782,-23.230,2,1,1,386.005,1.232,7,0,0.759,5,0.000,5313.920,1.000,0.379,17.998,0.748,1.393,0.066,0.241,0.759,0.905,0.550
342,11.400,12.042,16.279,-8.354,-12.357,2,1,1,401.151,0.961,6,1,0.724,6,177.902,5537.894,1.000,0.369,16.420,0.659,1.003,0.044,0.236,0.764,0.894,0.750
345,11.500,12.166,39.850,0.124,23.571,2,1,1,427.011,0.890,6,0,0.724,6,46.615,4888.828,1.000,0.347,14.920,0.748,0.719,0.092,0.240,0.760,1.000,0.000
348,11.600,29.069,83.150,16.903,43.301,2,1,1,491.916,0.742,6,0,0.759,6,0.000,5106.850,1.000,0.336,13.791,0.790,0.412,0.026,0.249,0.751,1.000,0.450
351,11.700,25.962,62.129,-3.107,-21.022,2,1,1,529.589,0.728,5,1,0.724,6,9.487,5386.337,1.000,0.324,14.092,0.858,0.262,0.149,0.251,0.749,1.000,0.750
354,11.800,9.220,14.318,-16.742,-47.811,2,1,1,510.730,0.724,5,0,0.724,6,0.000,5220.369,1.000,0.311,13.740,0.837,0.291,0.024,0.237,0.763,0.871,0.580
357,11.900,9.434,35.511,0.214,21.193,2,1,1,471.059,0.563,5,0,0.759,6,0.000,6088.549,1.000,0.311,10.776,0.895,0.416,0.025,0.227,0.773,0.985,0.000
360,12.000,3.162,31.016,-6.272,-4.494,2,1,1,437.220,0.595,5,1,0.724,5,8.062,4685.207,1.000,0.311,7.795,0.915,0.542,0.027,0.215,0.785,0.953,0.750
363,12.100,6.325,24.000,3.162,-7.016,2,1,1,419.529,0.872,5,0,0.724,5,11.180,4646.254,1.000,0.311,5.556,0.921,0.633,0.085,0.279,0.721,0.858,0.000
366,12.200,6.000,5.385,-0.325,-18.615,2,1,1,420.747,0.898,5,0,0.724,5,104.278,4872.850,1.000,0.311,3.602,0.911,0.652,0.071,0.198,0.802,0.710,0.580
369,12.300,10.198,4.123,4.198,-1.262,2,1,1,407.206,1.059,7,1,0.690,6,104.216,3564.007,1.000,0.311,3.017,0.878,0.584,0.107,0.187,0.813,0.695,0.750
372,12.400,2.828,3.000,-7.370,-1.123,2,1,1,405.968,1.292,7,0,0.690,6,30.463,3549.108,1.000,0.311,2.908,0.948,0.354,0.456,0.180,0.820,0.647,0.580
375,12.500,4.123,2.236,1.295,-0.764,2,1,1,400.012,1.482,6,1,0.655,6,29.000,644.359,1.000,0.311,1.341,0.916,0.113,0.253,0.139,0.861,0.642,0.750
378,12.600,5.385,3.162,1.262,0.926,2,1,1,398.549,1.622,5,1,0.621,6,32.016,640.557,1.000,0.311,1.325,0.867,0.125,0.185,0.134,0.866,0.652,0.750
381,12.700,1.000,3.606,-4.385,0.443,2,1,1,397.035,1.948,5,0,0.621,6,0.000,2071.544,1.000,0.311,1.131,0.857,0.366,0.067,0.126,0.874,0.638,0.580
384,12.800,5.657,1.414,4.657,-2.191,2,1,1,399.431,2.157,5,0,0.655,6,0.000,2917.304,1.000,0.311,1.296,0.929,0.633,0.131,0.130,0.870,0.649,0.580
387,12.900,3.162,2.236,-2.495,0.822,2,1,1,400.649,1.983,6,1,0.621,6,0.000,4098.909,1.000,0.311,0.651,0.828,0.856,0.549,0.098,0.902,0.626,0.750
390,13.000,3.606,2.236,0.443,0.000,2,1,1,400.884,2.025,6,0,0.621,6,0.000,4550.579,1.000,0.311,0.646,0.860,1.060,2.007,0.084,0.916,0.626,0.580
393,13.100,1.414,4.000,-2.191,1.764,2,1,1,395.800,2.025,6,0,0.655,6,0.000,4552.758,1.000,0.311,0.517,0.676,1.251,1.281,0.070,0.930,0.638,0.580
396,13.200,3.162,3.162,1.748,-0.838,2,1,1,391.594,1.844,6,1,0.621,6,0.000,4502.255,1.000,0.298,0.431,0.883,1.427,0.366,0.056,0.944,0.617,0.750
399,13.300,1.414,1.000,-1.748,-2.162,2,1,1,390.601,1.719,6,0,0.621,6,0.000,4464.720,1.000,0.298,0.555,0.789,1.681,0.876,0.067,0.933,0.616,0.700
402,13.400,2.236,1.000,0.822,0.000,2,1,1,390.836,1.742,6,0,0.655,6,0.000,4324.584,1.000,0.298,0.639,0.860,2.059,0.384,0.076,0.924,0.618,0.700
405,13.500,4.123,1.000,1.887,0.000,2,1,1,390.217,1.452,6,0,0.655,6,0.000,4179.794,1.000,0.298,1.092,0.915,2.564,0.275,0.108,0.892,0.636,0.700
408,13.600,3.000,3.000,-1.123,2.000,2,1,1,390.217,1.428,7,1,0.621,6,35.355,4500.377,1.000,0.298,1.027,0.905,3.158,0.199,0.104,0.896,0.603,0.750
411,13.700,5.000,1.000,2.000,-2.000,2,1,1,387.919,1.468,6,1,0.621,6,0.000,4465.667,1.000,0.298,0.951,0.913,3.200,0.208,0.103,0.897,0.638,0.750
414,13.800,4.472,1.000,-0.528,0.000,2,1,1,383.818,1.364,5,0,0.621,6,0.000,4460.949,1.000,0.298,0.873,0.935,2.789,0.225,0.090,0.910,0.631,0.700
417,13.900,7.000,2.000,2.528,1.000,2,1,1,376.607,1.687,5,0,0.621,6,0.000,4409.878,1.000,0.298,0.523,0.874,2.302,0.556,0.065,0.935,0.641,0.700
420,14.000,2.828,1.000,-4.172,-1.000,2,1,1,374.222,1.531,5,0,0.655,6,0.000,4070.744,1.000,0.298,0.399,0.836,1.984,0.042,0.052,0.948,0.617,0.700
423,14.100,5.000,0.000,2.172,-1.000,2,1,1,379.179,1.346,6,1,0.621,6,0.000,4084.909,1.000,0.298,0.718,0.743,1.678,1.363,0.076,0.924,0.644,0.750
426,14.200,10.198,2.236,5.198,2.236,2,1,1,390.958,1.309,7,1,0.586,6,66.708,3858.725,1.000,0.298,1.028,0.407,1.454,0.081,0.071,0.929,0.678,0.750
429,14.300,25.456,7.280,15.258,5.044,2,1,1,378.356,1.201,7,0,0.621,6,70.937,4111.918,1.000,0.298,2.806,0.843,1.304,0.665,0.166,0.834,0.777,0.550
432,14.400,0.000,17.464,0.000,10.184,1,0,1,0.000,0.839,7,0,0.621,4,70.937,4111.918,1.000,0.311,6.508,0.969,1.162,0.039,0.212,0.788,0.715,0.650
435,14.500,296.071,30.150,270.615,12.685,2,1,1,707.840,1.292,7,0,0.621,5,70.937,4111.918,1.000,0.311,10.204,0.953,0.960,0.029,0.231,0.769,0.982,0.650
438,14.600,0.000,45.880,0.000,15.731,1,0,1,0.000,0.705,7,0,0.655,1,70.937,4111.918,1.000,0.324,12.626,0.955,0.709,0.119,0.258,0.742,0.829,0.650
441,14.700,759.222,0.000,463.151,0.000,1,1,0,0.000,1.548,6,0,0.655,4,70.937,4111.918,1.000,0.324,15.819,0.943,0.403,0.116,0.259,0.741,0.924,0.500
444,14.800,0.000,59.211,0.000,13.331,1,0,1,0.000,0.370,6,0,0.655,4,0.000,6678.975,1.000,0.324,16.360,0.817,0.017,0.086,0.258,0.742,0.933,0.500
447,14.900,0.000,18.028,0.000,-41.184,1,0,1,0.000,0.440,6,0,0.690,4,0.000,8126.537,1.000,0.336,15.117,0.936,0.677,0.102,0.254,0.746,0.775,0.450
450,15.000,0.000,21.932,0.000,3.904,1,0,1,0.000,0.767,5,1,0.655,3,0.000,8818.300,1.000,0.336,11.681,0.869,1.751,0.094,0.242,0.758,0.789,0.750
453,15.100,0.000,38.328,0.000,16.396,1,0,1,0.000,0.749,5,0,0.655,3,0.000,8739.780,1.000,0.347,9.273,0.813,3.368,0.058,0.231,0.769,0.884,0.700
456,15.200,0.000,43.863,0.000,5.536,1,0,1,0.000,0.836,5,0,0.690,4,0.000,8693.660,1.000,0.347,8.340,0.727,5.813,0.011,0.235,0.765,0.957,0.700
459,15.300,0.000,50.990,0.000,7.127,1,0,1,0.000,0.897,6,1,0.655,5,0.000,7577.209,1.000,0.347,9.074,0.705,8.271,0.162,0.244,0.756,0.971,0.750
462,15.400,0.000,62.642,0.000,11.652,1,0,1,0.000,0.894,6,0,0.690,5,0.000,2508.669,1.000,0.347,7.334,0.753,11.999,0.002,0.246,0.754,0.951,0.700
465,15.500,0.000,89.538,0.000,26.896,1,0,1,0.000,0.870,6,0,0.724,5,0.000,4115.557,1.000,0.358,6.786,0.721,24.539,0.030,0.253,0.747,0.939,0.700
468,15.600,0.000,69.584,0.000,-19.953,1,0,1,0.000,0.757,6,0,0.724,3,20.616,5957.479,1.000,0.358,7.795,0.681,26.723,0.025,0.251,0.749,0.907,0.700
471,15.700,0.000,333.793,0.000,264.209,1,0,1,0.000,0.745,6,0,0.724,2,0.000,8703.209,1.000,0.369,6.671,0.501,31.953,0.070,0.234,0.766,0.862,0.700
474,15.800,567.842,312.247,-191.380,-21.547,2,1,1,281.192,1.766,6,0,0.759,5,23.324,9546.450,1.000,0.369,6.511,0.796,34.423,0.058,0.233,0.767,0.977,0.700
477,15.900,40.608,26.077,-527.235,-286.170,2,1,1,258.898,2.004,6,1,0.724,5,71.505,6188.044,1.000,0.369,2.744,0.398,16.202,1.034,0.167,0.833,0.886,0.750
480,16.000,44.721,2.000,4.113,-24.077,2,1,1,256.531,2.011,6,0,0.724,5,20.809,3307.719,1.000,0.369,2.382,0.299,5.619,2.577,0.164,0.836,0.907,0.700
483,16.100,21.378,2.236,-23.344,0.236,2,1,1,248.697,1.763,6,0,0.759,5,24.207,953.194,1.000,0.358,2.284,0.652,2.737,0.621,0.191,0.809,0.750,0.700
486,16.200,13.416,4.472,-7.961,2.236,2,1,1,234.559,1.853,6,1,0.724,6,14.142,791.505,1.000,0.347,2.147,0.824,1.557,0.870,0.191,0.809,0.721,0.750
489,16.300,10.630,11.180,-2.786,6.708,2,1,1,227.178,1.615,6,0,0.724,6,14.866,650.824,1.000,0.347,2.939,0.851,0.796,0.074,0.210,0.790,0.726,0.580
492,16.400,13.416,9.055,2.786,-2.125,2,1,1,216.083,1.505,6,0,0.724,6,68.593,646.160,1.000,0.336,2.970,0.889,0.342,0.032,0.216,0.784,0.737,0.580
495,16.500,14.213,7.071,0.796,-1.984,2,1,1,208.240,1.187,4,1,0.724,5,0.000,489.145,1.000,0.336,2.613,0.899,0.031,0.075,0.214,0.786,0.731,0.750
498,16.600,22.136,14.765,7.923,7.694,2,1,1,203.421,0.969,4,0,0.759,5,18.682,431.967,1.000,0.336,2.838,0.594,0.180,1.180,0.175,0.825,0.802,0.350
501,16.700,13.342,18.788,-8.794,4.023,2,1,1,207.087,1.037,4,0,0.759,5,51.865,506.725,1.000,0.336,2.436,0.707,0.345,1.976,0.165,0.835,0.766,0.550
504,16.800,13.454,23.431,0.112,4.642,2,1,1,214.553,0.998,4,0,0.759,5,43.909,591.369,1.000,0.324,1.845,0.617,0.509,0.099,0.149,0.851,0.783,0.350
507,16.900,7.280,6.403,-6.174,-17.028,2,1,1,220.193,1.253,4,0,0.759,5,0.000,544.484,1.000,0.324,1.701,0.403,0.718,2.185,0.159,0.841,0.705,0.580
510,17.000,5.657,13.000,-1.623,6.597,2,1,1,225.575,1.202,4,0,0.793,5,120.603,1035.569,1.000,0.324,1.897,0.899,0.926,0.316,0.179,0.821,0.707,0.670
513,17.100,6.083,13.038,0.426,0.038,2,1,1,240.260,1.247,4,0,0.828,5,0.000,1132.977,1.000,0.324,1.304,0.771,1.167,0.250,0.150,0.850,0.701,0.580
516,17.200,7.000,4.123,0.917,-8.915,2,1,1,251.231,1.120,4,0,0.828,5,82.006,1395.887,1.000,0.324,1.289,0.559,1.516,2.981,0.148,0.852,0.682,0.700
519,17.300,2.828,6.708,-4.172,2.585,2,1,1,244.499,1.362,4,0,0.828,5,60.033,1604.787,1.000,0.324,1.343,0.831,1.929,0.562,0.163,0.837,0.663,0.700
522,17.400,0.000,6.708,-2.828,0.000,2,1,1,239.385,1.413,5,1,0.793,4,103.354,2091.909,1.000,0.324,1.208,0.711,2.310,0.415,0.129,0.871,0.632,0.750
525,17.500,1.414,5.831,1.414,-0.877,2,1,1,234.617,1.140,5,0,0.793,3,85.604,2036.795,1.000,0.336,1.449,0.894,2.043,0.013,0.155,0.845,0.584,0.700
528,17.600,5.000,6.325,3.586,0.494,2,1,1,232.964,1.431,5,0,0.793,5,75.286,2335.249,1.000,0.336,1.175,0.741,1.727,0.490,0.148,0.852,0.663,0.700
531,17.700,17.205,8.246,12.205,1.922,2,1,1,217.044,1.159,4,1,0.759,5,28.018,1990.549,1.000,0.336,1.091,0.802,1.497,1.071,0.154,0.846,0.717,0.750
534,17.800,5.385,1.414,-11.819,-6.832,2,1,1,213.047,1.170,4,0,0.759,5,10.000,1643.519,1.000,0.336,0.879,0.786,1.365,0.011,0.131,0.869,0.647,0.580
537,17.900,3.606,3.000,-1.780,1.586,2,1,1,214.972,1.555,4,0,0.793,5,42.000,1632.975,1.000,0.336,0.794,0.597,1.367,0.209,0.114,0.886,0.648,0.580
540,18.000,222.686,0.000,213.630,0.000,2,1,0,222.686,1.779,4,0,0.793,4,84.202,1475.859,1.000,0.336,1.563,0.863,1.446,1.128,0.167,0.833,0.879,0.700
543,18.100,231.193,0.000,-1.930,0.000,2,1,0,231.193,2.119,4,0,0.793,5,95.671,1795.008,1.000,0.336,2.070,0.883,1.421,0.263,0.258,0.742,0.890,0.700
546,18.200,244.264,0.000,6.054,0.000,2,1,0,244.264,2.490,4,0,0.828,3,101.020,1713.004,1.000,0.347,0.993,0.826,1.359,0.023,0.136,0.864,0.822,0.561
549,18.300,7.616,237.457,-236.648,234.457,2,1,1,234.293,2.728,4,0,0.828,3,102.215,1699.704,1.000,0.347,1.002,0.900,1.298,0.331,0.142,0.858,0.817,0.568
552,18.400,227.985,232.691,220.369,-4.767,2,1,1,226.374,2.443,4,0,0.828,5,96.260,2020.509,1.000,0.347,0.730,0.598,1.253,0.282,0.084,0.916,0.876,0.535
555,18.500,0.000,217.267,0.000,-5.724,2,0,1,217.267,1.796,4,0,0.828,5,80.529,2199.689,1.000,0.347,0.984,0.754,1.175,0.218,0.099,0.901,0.872,0.500
558,18.600,207.135,0.000,189.247,0.000,2,1,0,207.135,2.362,4,0,0.828,5,66.008,2250.959,1.000,0.347,1.237,0.913,1.124,0.645,0.141,0.859,0.867,0.500
561,18.700,193.680,0.000,-1.921,0.000,2,1,0,193.680,2.357,4,0,0.828,5,91.351,2392.287,1.000,0.347,1.073,0.862,1.113,0.120,0.144,0.856,0.866,0.508
564,18.800,188.473,0.000,3.992,0.000,2,1,0,188.473,2.354,4,0,0.862,5,82.420,1953.058,1.000,0.336,0.676,0.632,1.139,0.388,0.110,0.890,0.873,0.350
567,18.900,191.324,0.000,0.000,0.000,2,1,0,191.324,2.745,4,0,0.862,5,88.617,2131.540,1.000,0.336,1.056,0.840,1.836,0.062,0.143,0.857,0.868,0.700
570,19.000,198.595,0.000,-0.045,0.000,2,1,0,198.595,3.126,4,0,0.862,5,106.400,1800.960,1.000,0.336,1.141,0.820,1.600,1.983,0.131,0.869,0.871,0.700
573,19.100,196.865,0.000,-2.584,0.000,2,1,0,196.865,3.125,4,0,0.897,5,63.530,1657.849,1.000,0.336,0.850,0.798,1.497,0.067,0.117,0.883,0.865,0.700
576,19.200,202.408,0.000,1.664,0.000,2,1,0,202.408,3.127,7,1,0.862,6,51.884,1528.048,1.000,0.336,0.614,0.418,1.347,0.044,0.091,0.909,0.860,0.750
579,19.300,202.040,0.000,-0.568,0.000,2,1,0,202.040,3.128,6,1,0.828,5,50.448,1471.387,1.000,0.336,0.772,0.869,1.228,0.101,0.109,0.891,0.828,0.750
582,19.400,203.354,0.000,-0.944,0.000,2,1,0,203.354,3.126,6,0,0.862,5,39.408,1179.219,1.000,0.336,0.868,0.860,1.070,0.047,0.124,0.876,0.832,0.350
585,19.500,210.794,0.000,-4.822,0.000,2,1,0,210.794,3.121,5,1,0.828,5,87.207,1354.025,1.000,0.324,1.470,0.922,0.910,0.112,0.142,0.858,0.872,0.750
588,19.600,0.000,14.560,0.000,-202.707,1,0,1,0.000,1.977,5,0,0.828,3,40.112,1339.920,1.000,0.336,1.653,0.779,0.903,0.906,0.138,0.862,0.596,0.650
591,19.700,0.000,21.378,0.000,6.817,1,0,1,0.000,1.979,5,0,0.828,3,17.000,1054.628,1.000,0.336,1.427,0.709,1.057,0.343,0.096,0.904,0.633,0.580
594,19.800,0.000,21.541,0.000,0.163,1,0,1,0.000,1.982,4,1,0.793,3,45.188,1057.284,1.000,0.336,2.274,0.870,0.918,2.035,0.198,0.802,0.671,0.750
597,19.900,0.000,204.749,0.000,178.122,2,0,1,204.749,1.741,4,0,0.793,5,47.518,882.994,1.000,0.336,3.024,0.897,0.552,0.052,0.219,0.781,0.913,0.650
600,20.000,259.788,186.430,48.995,-18.319,2,1,1,207.280,3.119,4,0,0.793,5,12.207,1096.168,1.000,0.336,2.057,0.779,0.061,0.016,0.164,0.836,0.897,0.500
603,20.100,19.235,9.899,-240.553,-176.530,2,1,1,216.113,2.836,5,1,0.759,4,23.022,1377.174,1.000,0.347,2.141,0.762,0.471,0.192,0.180,0.820,0.721,0.750
606,20.200,35.014,2.236,15.779,-7.663,2,1,1,249.098,2.510,5,0,0.759,4,93.680,1989.868,1.000,0.347,2.779,0.715,0.670,0.526,0.207,0.793,0.828,0.580
609,20.300,0.000,45.880,0.000,43.644,1,0,1,0.000,1.336,5,0,0.793,3,0.000,1846.844,1.000,0.347,3.880,0.806,1.062,0.364,0.204,0.796,0.819,0.650
612,20.400,0.000,21.024,0.000,-24.856,1,0,1,0.000,1.471,6,0,0.793,3,34.928,1828.148,1.000,0.358,3.775,0.906,1.751,0.228,0.219,0.781,0.658,0.700
615,20.500,0.000,12.166,0.000,-8.858,1,0,1,0.000,1.415,6,0,0.793,3,0.000,1789.060,1.000,0.358,4.910,0.885,2.306,0.571,0.247,0.753,0.638,0.700
618,20.600,0.000,13.153,0.000,0.987,1,0,1,0.000,1.285,6,0,0.828,3,0.000,1602.428,1.000,0.358,3.343,0.944,3.197,0.030,0.215,0.785,0.601,0.700
621,20.700,0.000,12.728,0.000,-0.425,1,0,1,0.000,1.313,5,1,0.793,4,17.117,1590.079,1.000,0.369,1.893,0.910,3.705,0.031,0.167,0.833,0.618,0.750
624,20.800,0.000,10.296,0.000,-2.432,1,0,1,0.000,0.959,5,0,0.793,4,0.000,1660.424,1.000,0.369,2.644,0.960,3.836,0.125,0.206,0.794,0.620,0.700
627,20.900,0.000,2.000,0.000,-8.296,1,0,1,0.000,0.904,5,0,0.793,4,70.114,1866.994,1.000,0.369,1.861,0.908,4.155,0.152,0.169,0.831,0.558,0.700
630,21.000,0.000,1.000,0.000,-1.000,1,0,1,0.000,1.257,6,0,0.793,3,8.602,1748.874,1.000,0.379,2.256,0.824,4.359,0.153,0.168,0.832,0.514,0.700
633,21.100,0.000,3.162,0.000,2.162,1,0,1,0.000,1.123,6,0,0.793,3,5.385,1639.388,1.000,0.379,2.137,0.572,4.630,0.371,0.178,0.822,0.541,0.700
636,21.200,0.000,7.810,0.000,4.648,1,0,1,0.000,1.046,6,0,0.793,2,16.279,187.574,1.000,0.389,2.998,0.250,6.088,2.431,0.174,0.826,0.581,0.700
639,21.300,0.000,25.942,0.000,18.132,1,0,1,0.000,1.058,7,1,0.759,2,23.000,203.165,1.000,0.389,6.583,0.621,5.954,1.565,0.231,0.769,0.737,0.750
642,21.400,0.000,36.235,0.000,10.293,1,0,1,0.000,1.044,7,0,0.759,3,0.000,443.265,1.000,0.389,8.384,0.631,4.599,1.317,0.242,0.758,0.854,0.700
645,21.500,0.000,20.518,0.000,-15.717,1,0,1,0.000,0.973,7,0,0.759,3,0.000,781.589,1.000,0.389,6.306,0.743,3.472,1.999,0.245,0.755,0.717,0.700
648,21.600,0.000,6.083,0.000,-14.436,1,0,1,0.000,1.217,4,1,0.724,2,0.000,794.717,1.000,0.389,3.241,0.676,3.672,0.229,0.164,0.836,0.577,0.750
651,21.700,0.000,18.000,0.000,11.917,1,0,1,0.000,0.977,4,0,0.724,2,81.123,920.734,1.000,0.399,3.326,0.459,3.537,0.058,0.187,0.813,0.661,0.700
654,21.800,0.000,20.881,0.000,2.881,1,0,1,0.000,0.621,4,0,0.724,2,134.015,959.604,1.000,0.408,2.872,0.200,3.086,0.431,0.208,0.792,0.684,0.745
657,21.900,0.000,19.235,0.000,-1.645,1,0,1,0.000,0.489,4,0,0.724,3,89.022,1146.388,1.000,0.408,3.653,0.541,2.218,0.155,0.198,0.802,0.715,0.700
660,22.000,0.000,20.025,0.000,0.790,1,0,1,0.000,0.475,4,0,0.724,3,0.000,1180.909,1.000,0.408,6.015,0.613,1.796,2.076,0.247,0.753,0.774,0.700
663,22.100,0.000,18.682,0.000,-1.343,1,0,1,0.000,0.476,4,0,0.759,3,0.000,1141.737,1.000,0.417,6.599,0.557,1.339,1.641,0.251,0.749,0.785,0.580
666,22.200,0.000,16.763,0.000,-1.918,1,0,1,0.000,0.454,4,0,0.793,3,0.000,1111.904,1.000,0.417,5.853,0.678,1.404,2.982,0.243,0.757,0.747,0.700
669,22.300,0.000,10.000,0.000,-6.763,1,0,1,0.000,0.604,4,0,0.793,3,0.000,979.514,1.000,0.417,5.684,0.752,1.659,0.014,0.241,0.759,0.700,0.700
672,22.400,0.000,6.325,0.000,-3.675,1,0,1,0.000,0.563,4,0,0.828,3,0.000,775.637,1.000,0.417,5.494,0.640,1.870,0.044,0.236,0.764,0.683,0.700
675,22.500,0.000,8.062,0.000,1.738,1,0,1,0.000,0.567,4,0,0.828,2,0.000,699.598,1.000,0.417,6.040,0.719,2.201,0.004,0.231,0.769,0.655,0.700
678,22.600,0.000,7.616,0.000,-0.446,1,0,1,0.000,0.545,4,0,0.828,2,0.000,585.698,1.000,0.426,6.842,0.895,2.515,0.002,0.234,0.766,0.661,0.700
681,22.700,0.000,4.472,0.000,-3.144,1,0,1,0.000,0.629,4,0,0.862,2,0.000,461.574,1.000,0.426,6.745,0.790,2.901,0.025,0.229,0.771,0.648,0.700
684,22.800,0.000,5.385,0.000,0.913,1,0,1,0.000,0.861,5,1,0.828,4,0.000,911.910,1.000,0.426,7.181,0.760,3.292,0.011,0.231,0.769,0.720,0.750
687,22.900,0.000,6.403,0.000,1.018,1,0,1,0.000,1.162,5,0,0.828,4,0.000,2020.677,1.000,0.426,6.909,0.792,2.022,0.024,0.217,0.783,0.717,0.700
690,23.000,0.000,2.236,0.000,-4.167,1,0,1,0.000,1.381,5,0,0.862,4,0.000,2815.525,1.000,0.426,6.530,0.767,1.140,0.004,0.209,0.791,0.686,0.580
693,23.100,0.000,6.708,0.000,4.472,1,0,1,0.000,1.419,5,0,0.862,4,0.000,3358.934,1.000,0.426,5.390,0.805,0.946,0.010,0.202,0.798,0.680,0.580
696,23.200,0.000,5.831,0.000,-0.877,1,0,1,0.000,1.192,5,0,0.862,4,0.000,3797.344,1.000,0.417,6.828,0.806,1.004,0.013,0.209,0.791,0.711,0.580
699,23.300,0.000,8.062,0.000,2.231,1,0,1,0.000,1.250,5,0,0.862,4,0.000,4000.945,1.000,0.408,6.899,0.735,1.119,2.841,0.203,0.797,0.730,0.580
702,23.400,0.000,5.099,0.000,-2.963,1,0,1,0.000,1.423,5,1,0.828,3,0.000,3992.094,1.000,0.408,7.176,0.490,1.289,2.702,0.203,0.797,0.701,0.750
705,23.500,0.000,4.243,0.000,-0.856,1,0,1,0.000,1.388,5,0,0.828,3,0.000,3917.587,1.000,0.408,6.847,0.443,1.419,2.380,0.197,0.803,0.692,0.700
708,23.600,0.000,428.042,0.000,426.042,2,0,1,428.042,1.262,5,0,0.862,6,298.734,6458.625,1.000,0.389,6.661,0.782,1.362,3.130,0.187,0.813,1.000,0.750
711,23.700,107.541,430.001,72.526,1.959,2,1,1,459.527,2.164,5,1,0.828,6,0.000,6519.490,1.000,0.379,7.139,0.752,1.183,0.012,0.188,0.812,1.000,0.750
714,23.800,19.026,35.693,-88.514,-394.308,2,1,1,496.166,1.916,5,0,0.828,6,0.000,6426.145,1.000,0.369,8.292,0.535,1.118,2.909,0.183,0.817,1.000,0.580
717,23.900,30.871,58.310,11.844,22.616,2,1,1,504.063,1.585,5,0,0.828,6,0.000,6461.179,1.000,0.358,6.365,0.376,1.118,0.027,0.194,0.806,1.000,0.350
720,24.000,0.000,469.564,0.000,411.254,1,0,1,0.000,1.520,6,1,0.793,5,0.000,6461.179,1.000,0.347,5.277,0.591,1.092,1.719,0.309,0.691,0.911,0.750
723,24.100,0.000,0.000,0.000,0.000,0,0,0,0.000,0.000,6,0,0.793,0,0.000,6461.179,0.967,0.347,4.923,0.566,0.984,0.880,0.360,0.640,0.369,0.650
726,24.200,0.000,0.000,0.000,0.000,0,0,0,0.000,0.000,6,0,0.828,0,0.000,6461.179,0.933,0.347,5.730,0.699,0.789,0.000,0.189,0.811,0.376,0.580
729,24.300,0.000,0.000,0.000,0.000,0,0,0,0.000,0.000,4,1,0.793,0,0.000,6461.179,0.900,0.347,5.234,0.752,0.629,0.155,0.187,0.813,0.356,0.750
732,24.400,202.141,0.000,171.270,0.000,1,1,0,0.000,1.284,4,0,0.793,3,0.000,6461.179,0.900,0.300,5.031,0.805,0.508,0.006,0.201,0.799,0.862,0.650
735,24.500,138.062,0.000,-64.079,0.000,1,1,0,0.000,1.215,4,0,0.828,3,0.000,6522.087,0.900,0.300,5.007,0.693,0.537,0.196,0.203,0.797,0.870,0.450
738,24.600,78.262,0.000,-59.799,0.000,1,1,0,0.000,0.949,6,1,0.793,4,0.000,5830.468,0.900,0.300,3.939,0.437,0.453,1.085,0.180,0.820,0.846,0.750
741,24.700,53.740,0.000,-24.522,0.000,1,1,0,0.000,0.881,6,0,0.793,4,48.042,2521.950,0.900,0.300,3.567,0.251,0.316,1.147,0.147,0.853,0.850,0.550
744,24.800,16.553,0.000,-37.187,0.000,1,1,0,0.000,0.860,6,0,0.793,4,44.283,1993.269,0.900,0.300,3.520,0.593,0.031,0.051,0.140,0.860,0.666,0.580
747,24.900,8.246,0.000,-8.307,0.000,1,1,0,0.000,0.925,7,1,0.759,5,44.181,1521.264,0.900,0.300,2.525,0.736,0.608,0.349,0.141,0.859,0.594,0.750
750,25.000,4.472,0.000,-3.774,0.000,1,1,0,0.000,0.874,7,0,0.759,4,51.196,496.775,0.900,0.300,2.219,0.362,1.825,0.144,0.120,0.880,0.566,0.700
753,25.100,2.236,563.753,-2.236,94.190,2,1,1,486.859,1.693,7,0,0.759,6,106.151,867.730,0.900,0.289,2.282,0.443,2.447,2.624,0.147,0.853,0.888,0.700
756,25.200,2.828,24.042,0.592,-539.712,2,1,1,460.341,1.933,6,1,0.724,6,110.318,1061.715,0.900,0.289,1.793,0.546,2.944,0.202,0.143,0.857,0.778,0.750
759,25.300,1.414,10.770,-1.414,-13.271,2,1,1,448.486,1.886,6,0,0.724,6,354.519,3751.428,0.900,0.289,1.290,0.529,3.712,0.919,0.126,0.874,0.693,0.750
762,25.400,2.000,7.280,0.586,-3.490,2,1,1,440.469,1.508,6,0,0.724,6,347.432,6222.759,0.900,0.289,1.183,0.584,4.139,0.583,0.124,0.876,0.667,0.750
765,25.500,1.000,14.213,-1.000,6.933,2,1,1,425.472,1.168,6,1,0.690,5,241.913,7359.534,0.900,0.289,1.113,0.640,5.318,0.113,0.120,0.880,0.670,0.750
768,25.600,2.236,5.831,1.236,-8.382,2,1,1,420.030,1.162,6,0,0.690,5,252.400,8390.634,0.900,0.336,0.990,0.568,4.980,0.201,0.115,0.885,0.625,0.750
771,25.700,1.000,7.000,-1.236,1.169,2,1,1,416.515,1.167,6,0,0.724,5,265.198,9256.904,0.900,0.324,0.863,0.529,4.338,0.341,0.112,0.888,0.631,0.750
774,25.800,1.414,2.236,0.414,-4.764,2,1,1,414.077,1.190,7,1,0.690,6,113.137,9206.864,0.900,0.324,0.957,0.769,4.500,0.187,0.129,0.871,0.595,0.750
777,25.900,0.000,2.236,-1.414,0.000,2,1,1,413.726,1.168,7,0,0.690,6,111.018,9158.734,0.900,0.311,0.758,0.747,4.471,0.253,0.115,0.885,0.591,0.700
780,26.000,1.000,4.000,1.000,1.764,2,1,1,409.890,1.082,7,0,0.690,6,111.732,7393.198,0.900,0.311,0.691,0.532,4.395,0.028,0.104,0.896,0.615,0.700
783,26.100,0.000,1.000,-1.000,-3.000,2,1,1,410.703,1.424,6,0,0.690,6,111.018,5438.949,0.900,0.311,0.636,0.890,4.365,0.028,0.107,0.893,0.597,0.700
786,26.200,1.414,5.657,1.414,4.657,2,1,1,410.030,1.706,6,0,0.690,6,110.309,4395.489,0.900,0.311,0.665,0.908,3.955,0.506,0.102,0.898,0.622,0.700
789,26.300,1.000,3.000,-0.414,-2.657,2,1,1,407.682,1.950,7,1,0.690,6,247.413,4306.288,0.900,0.311,0.749,0.698,3.495,0.028,0.087,0.913,0.599,0.750
792,26.400,2.000,5.000,1.000,2.000,2,1,1,405.031,2.208,6,1,0.655,6,312.771,4786.684,0.900,0.311,1.333,0.766,3.224,0.036,0.116,0.884,0.645,0.750
795,26.500,0.000,12.042,-2.000,7.042,2,1,1,402.657,2.090,6,0,0.655,6,308.877,6430.320,0.900,0.311,1.631,0.764,2.773,0.568,0.121,0.879,0.692,0.750
798,26.600,1.414,24.698,1.414,12.657,2,1,1,406.110,1.872,6,0,0.690,6,109.604,6423.838,0.900,0.311,2.118,0.720,2.391,0.417,0.119,0.881,0.778,0.700
801,26.700,1.414,45.044,0.000,20.346,2,1,1,434.200,1.623,8,1,0.655,6,148.061,6418.204,0.900,0.298,2.583,0.643,2.125,0.778,0.122,0.878,0.863,0.750
804,26.800,4.123,41.869,2.709,-3.176,2,1,1,436.516,1.451,8,0,0.655,6,146.209,5908.610,0.900,0.298,2.437,0.375,1.863,0.671,0.143,0.857,0.860,0.750
807,26.900,3.162,34.438,-0.961,-7.430,2,1,1,449.188,1.090,8,0,0.690,6,167.657,3556.668,0.900,0.298,2.316,0.184,1.733,1.054,0.153,0.847,0.829,0.750
810,27.000,2.000,30.364,-1.162,-4.074,2,1,1,423.835,0.973,8,0,0.690,6,128.550,1881.068,0.900,0.298,2.793,0.254,1.467,1.838,0.135,0.865,0.814,0.714
813,27.100,2.236,13.153,0.236,-17.212,2,1,1,433.562,0.893,8,0,0.690,6,97.185,2737.630,0.933,0.298,1.930,0.698,1.180,0.226,0.136,0.864,0.669,0.580
816,27.200,4.123,12.530,1.887,-0.623,2,1,1,444.869,0.794,8,0,0.724,6,78.102,3379.094,0.967,0.298,2.130,0.822,0.953,0.165,0.171,0.829,0.666,0.580
819,27.300,1.000,31.145,-3.123,18.615,2,1,1,436.331,0.925,7,0,0.724,6,186.132,4045.800,1.000,0.298,1.724,0.877,0.740,0.064,0.154,0.846,0.779,0.750
822,27.400,3.000,25.298,2.000,-5.847,2,1,1,428.404,1.218,7,0,0.724,6,251.915,5306.949,1.000,0.298,1.888,0.911,0.556,0.337,0.146,0.854,0.748,0.750
825,27.500,1.000,14.866,-2.000,-10.432,2,1,1,438.839,1.267,7,0,0.759,6,68.264,5898.378,1.000,0.298,1.250,0.566,0.332,0.565,0.116,0.884,0.699,0.580
828,27.600,1.000,7.280,0.000,-7.586,2,1,1,434.626,1.570,8,0,0.759,6,150.336,6667.485,1.000,0.298,1.393,0.837,0.094,1.629,0.141,0.859,0.622,0.750
831,27.700,1.414,25.060,0.414,17.780,2,1,1,412.061,1.707,8,0,0.759,6,69.971,6910.944,1.000,0.298,1.116,0.629,0.179,1.104,0.105,0.895,0.728,0.350
834,27.800,2.000,12.083,0.586,-12.977,2,1,1,412.335,1.646,8,0,0.793,6,113.565,6921.898,1.000,0.298,1.120,0.797,0.478,1.467,0.089,0.911,0.644,0.631
837,27.900,12.207,10.770,10.207,-1.313,2,1,1,412.171,1.818,7,0,0.793,6,0.000,5007.974,1.000,0.298,1.651,0.853,0.972,1.025,0.124,0.876,0.674,0.350
840,28.000,33.242,6.325,21.035,-4.446,2,1,1,403.822,2.121,7,0,0.793,6,30.806,3902.964,1.000,0.298,2.949,0.817,1.353,1.650,0.141,0.859,0.826,0.550
843,28.100,35.511,13.038,2.269,6.714,2,1,1,388.635,2.030,7,0,0.828,6,66.843,2626.364,1.000,0.298,2.979,0.877,1.815,1.142,0.148,0.852,0.835,0.700
846,28.200,48.508,12.207,12.997,-0.832,2,1,1,343.478,2.027,7,0,0.828,6,78.549,2457.539,1.000,0.298,3.236,0.798,2.085,0.329,0.143,0.857,0.899,0.700
849,28.300,41.195,18.601,-7.313,6.395,2,1,1,314.159,2.304,7,0,0.828,6,81.006,2292.244,1.000,0.298,3.023,0.743,1.636,0.270,0.141,0.859,0.877,0.700
852,28.400,14.036,14.318,-27.159,-4.283,2,1,1,292.828,2.206,7,0,0.862,6,22.847,2146.828,1.000,0.298,2.884,0.880,1.355,0.595,0.163,0.837,0.714,0.450
855,28.500,5.000,12.649,-9.036,-1.669,2,1,1,282.158,2.248,7,0,0.862,6,94.641,2243.395,1.000,0.298,2.236,0.302,1.194,0.001,0.106,0.894,0.729,0.526
858,28.600,0.000,256.035,0.000,243.386,1,0,1,0.000,2.268,7,0,0.862,6,0.000,1777.309,1.000,0.298,1.577,0.283,0.863,1.683,0.082,0.918,0.844,0.650
861,28.700,32.757,0.000,27.757,0.000,1,1,0,0.000,0.384,7,0,0.897,6,0.000,1742.684,1.000,0.298,3.060,0.838,0.752,1.662,0.148,0.852,0.774,0.550
864,28.800,6.708,0.000,-26.048,0.000,1,1,0,0.000,0.616,5,1,0.862,4,100.663,1723.068,1.000,0.311,1.625,0.650,0.727,0.275,0.107,0.893,0.596,0.750
867,28.900,8.544,0.000,1.836,0.000,1,1,0,0.000,0.780,5,0,0.862,4,86.348,1518.959,1.000,0.311,1.790,0.783,0.668,2.507,0.116,0.884,0.601,0.550
870,29.000,0.000,6.403,0.000,-249.632,1,0,1,0.000,2.088,5,0,0.862,4,0.000,1357.344,1.000,0.311,1.850,0.835,0.587,1.769,0.146,0.854,0.587,0.550
873,29.100,8.000,0.000,-0.544,0.000,1,1,0,0.000,1.048,5,1,0.828,4,0.000,1275.109,1.000,0.324,1.985,0.602,0.626,0.196,0.107,0.893,0.616,0.750
876,29.200,0.000,0.000,0.000,0.000,0,0,0,0.000,0.000,5,0,0.862,0,0.000,1275.109,0.967,0.324,1.839,0.559,0.669,2.057,0.078,0.922,0.293,0.650
879,29.300,0.000,367.545,0.000,361.141,1,0,1,0.000,1.977,5,0,0.897,4,0.000,1275.109,0.967,0.315,10.985,0.573,0.757,0.018,0.268,0.732,0.970,0.650
882,29.400,0.000,8.602,0.000,-358.942,1,0,1,0.000,2.111,5,1,0.862,3,62.936,1289.599,0.967,0.327,1.605,0.730,2.024,0.556,0.130,0.870,0.561,0.750
885,29.500,0.000,36.139,0.000,27.536,1,0,1,0.000,1.894,5,0,0.862,3,208.195,2668.257,0.967,0.327,3.157,0.838,2.037,0.026,0.149,0.851,0.745,0.750
888,29.600,0.000,49.193,0.000,13.055,1,0,1,0.000,1.531,5,0,0.897,3,229.558,4492.040,0.967,0.339,4.124,0.758,1.689,0.183,0.145,0.855,0.824,0.750
891,29.700,0.000,70.711,0.000,21.517,1,0,1,0.000,1.248,5,0,0.897,3,103.354,5146.725,0.967,0.339,4.119,0.755,1.573,0.559,0.162,0.838,0.824,0.700
894,29.800,0.000,464.307,0.000,361.031,2,0,1,464.307,1.258,5,0,0.897,6,75.664,5187.267,0.967,0.339,4.262,0.817,1.462,1.334,0.169,0.831,0.945,0.700
897,29.900,552.757,14.866,544.757,-449.441,2,1,1,480.951,1.343,5,0,0.897,5,89.051,5254.729,0.967,0.339,4.167,0.760,1.448,0.299,0.180,0.820,0.947,0.700
900,30.000,0.000,564.926,0.000,11.535,2,0,1,564.926,1.272,9,1,0.862,6,57.009,3569.774,0.967,0.339,4.203,0.804,1.464,0.087,0.176,0.824,0.885,0.750
903,30.100,0.000,12.166,0.000,-552.760,1,0,1,0.000,1.212,9,0,0.862,5,63.198,1911.085,0.967,0.339,4.301,0.894,1.737,0.078,0.176,0.824,0.629,0.700
906,30.200,0.000,6.000,0.000,-6.166,1,0,1,0.000,1.361,9,0,0.862,5,0.000,1300.988,0.967,0.350,4.701,0.921,1.991,0.979,0.181,0.819,0.602,0.700
909,30.300,0.000,23.770,0.000,17.770,1,0,1,0.000,1.405,7,0,0.862,4,48.508,483.744,0.967,0.350,5.380,0.905,1.950,0.030,0.195,0.805,0.722,0.700
912,30.400,0.000,15.652,0.000,-8.117,1,0,1,0.000,1.553,7,0,0.862,4,24.331,286.519,0.967,0.350,7.129,0.947,2.270,0.022,0.201,0.799,0.718,0.700
915,30.500,0.000,21.213,0.000,5.561,1,0,1,0.000,1.276,7,0,0.862,4,16.125,318.694,0.967,0.350,9.810,0.956,2.728,0.095,0.208,0.792,0.770,0.700
918,30.600,531.180,0.000,-21.577,0.000,1,1,0,0.000,1.689,8,0,0.862,4,20.248,293.944,0.967,0.350,9.962,0.947,3.496,0.250,0.209,0.791,0.890,0.700
921,30.700,18.682,0.000,-512.498,0.000,1,1,0,0.000,1.720,8,0,0.862,4,0.000,443.704,0.967,0.358,8.299,0.939,4.307,1.144,0.206,0.794,0.744,0.700
924,30.800,7.071,0.000,-11.610,0.000,1,1,0,0.000,1.775,8,0,0.862,4,34.785,444.335,0.967,0.347,5.026,0.852,5.213,0.171,0.199,0.801,0.611,0.700
927,30.900,11.402,0.000,4.331,0.000,1,1,0,0.000,2.099,6,1,0.828,4,41.231,398.400,0.967,0.347,2.579,0.176,1.089,1.448,0.173,0.827,0.652,0.750
930,31.000,26.926,0.000,15.524,0.000,1,1,0,0.000,1.826,6,0,0.828,4,32.249,376.255,0.967,0.347,4.331,0.824,1.118,1.301,0.198,0.802,0.736,0.550
933,31.100,0.000,0.000,0.000,0.000,0,0,0,0.000,0.000,6,0,0.828,0,32.249,376.255,0.933,0.347,6.728,0.940,1.147,0.176,0.205,0.795,0.384,0.650
936,31.200,0.000,29.682,0.000,8.468,1,0,1,0.000,1.500,4,1,0.793,2,0.000,591.680,0.933,0.339,10.440,0.880,1.180,0.100,0.221,0.779,0.805,0.750
939,31.300,0.000,39.357,0.000,9.676,1,0,1,0.000,1.189,4,0,0.793,2,0.000,709.067,0.933,0.350,11.805,0.794,1.330,0.016,0.225,0.775,0.865,0.350
942,31.400,0.000,312.463,0.000,308.857,2,0,1,312.463,0.892,4,0,0.793,4,0.000,711.888,0.933,0.350,10.913,0.830,1.501,0.011,0.198,0.802,1.000,0.700
945,31.500,87.367,7.071,60.441,-305.392,2,1,1,283.177,1.698,4,0,0.793,4,0.000,567.660,0.933,0.350,9.166,0.967,1.651,0.000,0.188,0.812,1.000,0.700
948,31.600,12.000,17.720,-75.367,10.649,2,1,1,312.040,1.670,4,0,0.793,4,0.000,558.880,0.933,0.360,6.482,0.930,1.740,0.033,0.185,0.815,0.837,0.700
951,31.700,0.000,325.098,0.000,6.098,2,0,1,325.098,1.747,4,0,0.828,4,0.000,669.805,0.933,0.360,5.056,0.926,1.755,0.108,0.178,0.822,0.954,0.700
954,31.800,22.091,18.028,10.091,-307.071,2,1,1,330.151,1.735,5,1,0.793,4,0.000,809.490,0.933,0.360,4.971,0.778,1.707,0.275,0.187,0.813,0.799,0.750
957,31.900,24.187,17.000,2.096,-1.028,2,1,1,346.699,1.736,5,0,0.793,4,34.176,756.785,0.933,0.360,5.047,0.654,1.606,0.516,0.183,0.817,0.821,0.700
960,32.000,17.464,26.870,-6.723,9.870,2,1,1,346.931,1.758,5,0,0.828,6,0.000,717.445,0.933,0.360,4.451,0.605,1.351,0.024,0.183,0.817,0.860,0.580
963,32.100,12.369,11.314,-5.095,-15.556,2,1,1,360.902,1.825,6,0,0.828,6,27.295,579.288,0.933,0.350,2.692,0.682,0.861,0.130,0.165,0.835,0.730,0.580
966,32.200,22.023,65.803,9.653,54.489,2,1,1,430.847,1.701,6,0,0.828,6,74.967,1188.039,0.967,0.350,4.439,0.460,0.438,0.147,0.186,0.814,0.975,0.450
969,32.300,13.454,77.827,-8.569,12.024,2,1,1,477.143,1.499,6,0,0.862,6,133.843,1353.699,0.967,0.339,3.233,0.197,0.195,0.712,0.175,0.825,0.963,0.744
972,32.400,22.204,51.088,8.750,-26.739,2,1,1,419.755,1.311,5,1,0.828,6,83.546,1585.767,0.967,0.339,3.898,0.355,0.348,1.619,0.167,0.833,0.969,0.750
975,32.500,19.698,25.060,-2.506,-26.028,2,1,1,380.938,0.947,5,0,0.828,6,62.936,1442.174,0.967,0.324,2.204,0.631,0.373,2.386,0.150,0.850,0.796,0.580
978,32.600,15.133,14.422,-4.565,-10.638,2,1,1,352.637,0.810,5,0,0.828,6,62.394,1560.199,0.967,0.324,1.389,0.094,0.282,0.966,0.124,0.876,0.758,0.580
981,32.700,8.062,17.088,-7.070,2.666,2,1,1,328.146,0.826,6,1,0.793,6,62.298,2009.980,0.967,0.311,1.286,0.388,0.037,1.584,0.117,0.883,0.746,0.750
984,32.800,3.000,11.180,-5.062,-5.908,2,1,1,314.006,0.812,6,0,0.793,6,53.666,1924.424,0.967,0.311,0.968,0.344,0.396,0.263,0.109,0.891,0.708,0.580
987,32.900,18.028,14.000,15.028,2.820,2,1,1,329.686,0.999,6,0,0.828,6,46.325,1464.019,0.967,0.298,2.495,0.856,0.795,1.021,0.145,0.855,0.749,0.580
990,33.000,23.707,15.033,5.679,1.033,2,1,1,351.063,0.857,6,1,0.793,6,46.098,900.814,0.967,0.298,1.932,0.808,1.117,0.662,0.112,0.888,0.769,0.750
993,33.100,11.000,5.000,-12.707,-10.033,2,1,1,351.763,0.907,6,0,0.793,6,46.098,1849.960,0.967,0.298,1.556,0.847,1.432,1.110,0.124,0.876,0.687,0.700
996,33.200,10.000,5.831,-1.000,0.831,2,1,1,341.533,0.703,6,0,0.793,6,43.174,2030.039,0.967,0.298,1.370,0.688,1.667,1.102,0.108,0.892,0.688,0.700
999,33.300,5.099,3.606,-4.901,-2.225,2,1,1,338.009,0.809,6,1,0.759,6,43.932,2095.564,0.967,0.298,1.189,0.843,1.783,0.112,0.105,0.895,0.645,0.750
1002,33.400,2.236,3.606,-2.863,0.000,2,1,1,338.869,0.936,5,1,0.724,6,42.953,2179.744,0.967,0.298,0.918,0.916,1.851,0.140,0.099,0.901,0.625,0.750
1005,33.500,2.236,4.243,0.000,0.637,2,1,1,340.243,1.181,5,0,0.724,6,42.755,1377.898,0.967,0.298,0.881,0.894,1.854,0.185,0.093,0.907,0.629,0.700
1008,33.600,3.606,4.243,1.369,0.000,2,1,1,340.129,1.377,8,1,0.690,6,0.000,1368.845,0.967,0.298,0.770,0.793,1.805,0.170,0.081,0.919,0.588,0.750
1011,33.700,1.414,2.236,-2.191,-2.007,2,1,1,341.797,1.395,8,0,0.690,6,0.000,1202.179,0.967,0.298,0.526,0.755,1.630,0.664,0.067,0.933,0.574,0.700
1014,33.800,1.414,1.000,0.000,-1.236,2,1,1,340.602,1.573,8,0,0.724,6,0.000,1184.239,0.967,0.298,0.523,0.767,1.630,2.796,0.071,0.929,0.568,0.700
1017,33.900,0.000,7.071,-1.414,6.071,2,1,1,333.736,1.642,6,1,0.690,6,42.755,1131.069,0.967,0.298,0.846,0.838,1.603,0.228,0.103,0.897,0.648,0.750
1020,34.000,1.414,1.000,1.414,-6.071,2,1,1,332.952,1.809,6,0,0.690,6,42.426,1109.759,0.967,0.298,0.827,0.790,1.756,1.402,0.108,0.892,0.619,0.700
1023,34.100,26.870,4.123,25.456,3.123,2,1,1,350.502,1.883,7,1,0.690,6,42.426,1950.668,1.000,0.298,1.333,0.638,1.656,2.397,0.081,0.919,0.762,0.750
1026,34.200,45.541,3.000,18.671,-1.123,2,1,1,366.351,1.771,9,1,0.655,6,0.000,2803.234,1.000,0.298,2.342,0.584,1.434,0.267,0.082,0.918,0.858,0.750
1029,34.300,34.000,2.000,-11.541,-1.000,2,1,1,361.205,1.509,9,0,0.655,6,0.000,2788.779,1.000,0.298,2.491,0.801,1.254,1.003,0.154,0.846,0.785,0.350
1032,34.400,17.692,2.828,-16.308,0.828,2,1,1,352.732,1.374,9,0,0.655,6,0.000,2552.325,1.000,0.298,1.305,0.549,1.135,0.711,0.110,0.890,0.682,0.350
1035,34.500,1.000,2.828,-16.692,0.000,2,1,1,350.823,1.334,6,1,0.621,6,38.210,1861.878,1.000,0.298,0.962,0.908,1.227,2.297,0.107,0.893,0.626,0.750
1038,34.600,2.236,1.414,1.236,-1.414,2,1,1,353.058,1.669,6,0,0.621,6,41.110,1880.608,1.000,0.298,0.565,0.732,1.349,0.992,0.073,0.927,0.625,0.580
1041,34.700,2.236,3.000,0.000,1.586,2,1,1,352.933,1.749,6,0,0.655,6,37.336,1158.610,1.000,0.298,0.557,0.423,1.330,0.098,0.078,0.922,0.651,0.580
1044,34.800,2.236,1.000,0.000,-2.000,2,1,1,354.265,1.963,7,1,0.621,6,36.878,1165.094,1.000,0.298,0.681,0.676,1.241,0.373,0.095,0.905,0.606,0.750
1047,34.900,2.000,2.236,-0.236,1.236,2,1,1,352.507,1.856,7,0,0.621,6,37.855,1080.160,1.000,0.298,0.540,0.295,1.148,0.178,0.085,0.915,0.630,0.580
1050,35.000,2.000,1.414,0.000,-0.822,2,1,1,350.333,1.785,7,0,0.621,6,35.903,1108.904,1.000,0.298,0.443,0.370,1.060,0.172,0.070,0.930,0.621,0.580
1053,35.100,1.000,2.236,-1.000,0.822,2,1,1,351.177,1.745,6,0,0.621,6,34.366,1060.457,1.000,0.298,0.455,0.469,0.973,0.006,0.073,0.927,0.641,0.580
1056,35.200,0.000,1.414,-1.000,-0.822,2,1,1,351.660,1.883,6,0,0.621,6,34.366,1082.684,1.000,0.298,0.392,0.747,0.852,0.475,0.065,0.935,0.615,0.580
1059,35.300,0.000,2.000,0.000,0.586,2,1,1,353.476,1.981,6,0,0.655,6,35.228,1147.469,1.000,0.298,0.334,0.411,0.747,0.124,0.053,0.947,0.641,0.580
1062,35.400,3.000,2.828,3.000,0.828,2,1,1,351.241,1.883,5,1,0.621,6,34.132,1200.245,1.000,0.298,0.863,0.954,0.609,0.904,0.121,0.879,0.621,0.750
1065,35.500,18.682,8.062,15.682,5.234,2,1,1,377.719,1.818,6,1,0.586,6,41.304,1359.935,1.000,0.298,1.514,0.347,0.560,0.347,0.108,0.892,0.767,0.750
1068,35.600,0.000,32.062,0.000,24.000,1,0,1,0.000,1.498,6,0,0.621,4,0.000,1186.604,1.000,0.311,2.909,0.778,0.349,1.759,0.140,0.860,0.736,0.650
1071,35.700,0.000,38.601,0.000,6.538,1,0,1,0.000,1.549,5,1,0.586,3,22.804,1220.100,1.000,0.311,5.443,0.696,0.138,0.521,0.198,0.802,0.830,0.750
1074,35.800,0.000,36.056,0.000,-2.545,1,0,1,0.000,1.430,5,0,0.586,3,22.804,1294.325,1.000,0.324,7.101,0.813,0.110,1.175,0.238,0.762,0.849,0.350
1077,35.900,0.000,29.000,0.000,-7.056,1,0,1,0.000,1.215,5,0,0.621,3,27.295,1470.647,1.000,0.324,9.094,0.741,0.408,0.040,0.226,0.774,0.837,0.350
1080,36.000,0.000,27.459,0.000,-1.541,1,0,1,0.000,1.057,6,1,0.586,4,57.000,1194.814,1.000,0.336,8.162,0.731,1.478,0.176,0.213,0.787,0.841,0.750
1083,36.100,0.000,33.734,0.000,6.275,1,0,1,0.000,0.962,6,0,0.586,4,0.000,1331.324,1.000,0.336,6.856,0.645,2.512,1.132,0.224,0.776,0.854,0.700
1086,36.200,0.000,33.422,0.000,-0.313,1,0,1,0.000,0.726,6,0,0.621,4,0.000,2014.725,1.000,0.336,8.098,0.763,3.309,1.033,0.248,0.752,0.872,0.700
1089,36.300,0.000,39.000,0.000,5.578,1,0,1,0.000,0.805,4,1,0.621,3,52.000,2775.858,1.000,0.347,5.881,0.769,4.189,0.265,0.331,0.669,0.865,0.750
1092,36.400,0.000,80.505,0.000,41.505,1,0,1,0.000,0.746,4,0,0.621,3,63.325,2924.124,1.000,0.347,5.178,0.565,4.783,1.292,0.185,0.815,0.895,0.700
1095,36.500,91.351,79.120,72.669,-1.384,2,1,1,413.092,1.995,4,0,0.655,6,0.000,3093.505,1.000,0.347,6.017,0.679,5.238,2.231,0.200,0.800,1.000,0.700
1098,36.600,22.804,69.527,-68.547,-9.593,2,1,1,485.453,2.052,6,1,0.621,6,31.385,3564.975,1.000,0.347,4.459,0.620,5.749,1.400,0.229,0.771,0.968,0.750
1101,36.700,17.263,56.321,-5.541,-13.206,2,1,1,512.411,1.955,6,0,0.621,6,28.231,3197.529,1.000,0.347,4.880,0.790,6.095,0.560,0.234,0.766,0.967,0.700
1104,36.800,9.220,0.000,-8.043,0.000,1,1,0,0.000,2.260,6,0,0.655,5,92.849,3518.819,1.000,0.347,4.779,0.803,6.510,0.099,0.217,0.783,0.684,0.700
1107,36.900,3.162,0.000,-6.057,0.000,1,1,0,0.000,1.901,6,0,0.655,5,50.990,3386.994,1.000,0.358,4.331,0.833,6.884,2.443,0.215,0.785,0.637,0.700
1110,37.000,2.000,0.000,-1.162,0.000,1,1,0,0.000,1.900,6,0,0.690,5,49.366,1906.918,1.000,0.347,2.564,0.857,7.239,2.765,0.183,0.817,0.585,0.700
1113,37.100,2.236,0.000,0.236,0.000,1,1,0,0.000,1.916,6,0,0.724,4,50.010,971.319,1.000,0.347,2.836,0.850,7.117,0.247,0.163,0.837,0.564,0.700
1116,37.200,0.000,99.020,-2.236,42.700,2,1,1,549.482,1.927,8,0,0.724,6,333.928,3105.025,1.000,0.336,1.593,0.882,5.648,0.107,0.138,0.862,0.833,0.750
1119,37.300,3.000,26.683,3.000,-72.337,2,1,1,526.719,1.755,8,0,0.724,6,120.104,5534.424,1.000,0.336,1.949,0.913,3.112,0.191,0.169,0.831,0.738,0.700
1122,37.400,2.000,8.544,-1.000,-18.139,2,1,1,523.225,1.369,8,0,0.759,6,101.316,7078.689,1.000,0.324,1.337,0.937,1.789,0.121,0.145,0.855,0.620,0.700
1125,37.500,3.162,9.220,1.162,0.676,2,1,1,523.084,1.396,7,0,0.759,6,270.292,7841.009,1.000,0.311,1.037,0.913,0.914,0.004,0.122,0.878,0.638,0.750
1128,37.600,1.000,5.000,-2.162,-4.220,2,1,1,522.258,1.350,6,1,0.724,6,84.900,6667.144,1.000,0.311,0.886,0.949,0.494,0.456,0.129,0.871,0.634,0.750
1131,37.700,4.123,5.831,3.123,0.831,2,1,1,521.162,1.373,7,1,0.724,6,274.935,5782.407,1.000,0.311,1.219,0.946,0.219,0.119,0.147,0.853,0.621,0.750
1134,37.800,2.236,20.591,-1.887,14.760,2,1,1,523.802,1.545,6,0,0.724,6,324.493,6656.968,1.000,0.311,1.575,0.895,0.078,0.105,0.140,0.860,0.741,0.750
1137,37.900,4.123,36.235,1.887,15.644,2,1,1,521.510,1.693,6,0,0.724,6,312.834,7030.304,1.000,0.311,2.586,0.871,0.271,0.302,0.161,0.839,0.855,0.750
1140,38.000,2.236,61.620,-1.887,25.384,2,1,1,522.805,1.483,6,0,0.724,6,99.865,6025.229,1.000,0.311,3.165,0.850,0.431,0.338,0.186,0.814,0.920,0.555
1143,38.100,2.236,52.402,0.000,-9.218,2,1,1,524.658,1.378,5,1,0.690,6,4.000,6133.188,1.000,0.298,2.592,0.651,0.634,0.141,0.157,0.843,0.919,0.750
1146,38.200,2.236,40.719,0.000,-11.684,2,1,1,486.729,1.574,5,0,0.690,6,380.033,8992.294,1.000,0.298,2.331,0.251,0.815,1.977,0.135,0.865,0.917,0.750
1149,38.300,3.162,24.166,0.926,-16.552,2,1,1,462.914,1.436,5,0,0.724,6,111.772,9414.804,1.000,0.298,1.946,0.559,1.075,0.040,0.136,0.864,0.794,0.621
1152,38.400,430.174,0.000,426.569,0.000,2,1,0,430.174,1.185,7,1,0.724,6,183.663,8269.128,1.000,0.298,1.561,0.612,1.444,0.128,0.128,0.872,0.870,0.750
1155,38.500,431.292,50.636,1.118,26.470,2,1,1,441.263,1.211,7,0,0.724,6,106.301,7706.749,1.000,0.298,1.789,0.791,1.894,1.866,0.123,0.877,0.864,0.700
1158,38.600,4.123,3.162,-427.169,-47.474,2,1,1,440.386,1.194,7,0,0.759,6,131.913,5380.329,1.000,0.298,1.625,0.705,2.101,0.527,0.140,0.860,0.639,0.733
1161,38.700,3.162,25.495,-0.961,22.333,2,1,1,413.415,1.238,5,1,0.724,6,212.720,4697.669,1.000,0.298,1.629,0.737,2.134,0.339,0.131,0.869,0.781,0.750
1164,38.800,7.000,20.248,3.838,-5.247,2,1,1,426.644,1.314,5,0,0.724,6,120.354,4209.669,1.000,0.298,1.455,0.889,1.736,0.982,0.109,0.891,0.737,0.700
1167,38.900,22.847,3.162,15.847,-17.086,2,1,1,430.777,1.168,5,0,0.759,6,0.000,4080.210,1.000,0.298,2.667,0.785,1.501,2.953,0.149,0.851,0.789,0.700
1170,39.000,45.310,1.000,22.463,-2.162,2,1,1,403.575,1.248,6,1,0.724,6,77.130,2610.564,1.000,0.298,2.661,0.629,1.278,2.557,0.118,0.882,0.922,0.750
1173,39.100,57.315,20.000,12.005,19.000,2,1,1,359.672,1.226,6,0,0.724,6,89.872,2869.650,1.000,0.298,2.720,0.407,1.030,0.023,0.133,0.867,0.940,0.350
1176,39.200,57.009,6.708,-0.306,-13.292,2,1,1,317.044,1.187,6,0,0.759,6,49.041,2975.314,1.000,0.298,2.994,0.794,0.776,0.312,0.159,0.841,0.919,0.350
1179,39.300,31.241,26.401,-25.768,19.693,2,1,1,311.272,1.503,7,0,0.759,6,0.000,2290.804,1.000,0.298,3.476,0.870,0.576,1.167,0.204,0.796,0.824,0.450
1182,39.400,297.236,0.000,284.236,0.000,2,1,0,297.236,0.778,7,0,0.759,6,140.129,2194.069,1.000,0.298,2.760,0.775,0.367,2.056,0.178,0.822,0.889,0.750
1185,39.500,275.670,7.280,-21.566,-19.121,2,1,1,271.494,1.374,7,0,0.793,6,0.000,2133.474,1.000,0.298,1.802,0.789,0.276,2.038,0.137,0.863,0.864,0.550
1188,39.600,13.000,27.019,-262.670,19.738,2,1,1,273.660,1.279,7,0,0.793,6,0.000,1754.439,1.000,0.298,3.184,0.808,0.252,2.777,0.193,0.807,0.797,0.550
1191,39.700,17.205,11.402,4.205,-15.617,2,1,1,264.552,1.387,7,0,0.793,6,47.381,1200.009,1.000,0.298,2.617,0.710,0.142,2.994,0.167,0.833,0.736,0.550
1194,39.800,30.414,6.325,13.209,-5.077,2,1,1,287.835,1.581,7,0,0.793,6,0.000,1048.017,1.000,0.298,2.668,0.916,0.006,0.255,0.172,0.828,0.796,0.350
1197,39.900,2.000,3.162,-28.414,-3.162,2,1,1,287.793,1.903,7,0,0.793,6,0.000,538.857,1.000,0.298,1.968,0.867,0.274,0.748,0.172,0.828,0.630,0.580
1200,40.000,24.083,14.866,22.083,11.704,2,1,1,257.775,1.882,7,0,0.793,6,0.000,471.354,1.000,0.298,2.849,0.776,0.672,1.893,0.192,0.808,0.775,0.550
1203,40.100,20.000,2.236,-4.083,-12.630,2,1,1,278.218,2.008,7,0,0.793,6,119.541,1008.904,1.000,0.298,2.124,0.883,0.879,1.630,0.179,0.821,0.727,0.664
1206,40.200,11.180,11.045,-8.820,8.809,2,1,1,278.891,2.229,6,0,0.793,6,0.000,1107.269,1.000,0.298,2.397,0.858,1.135,0.992,0.204,0.796,0.712,0.580
1209,40.300,13.342,18.385,2.161,7.339,2,1,1,269.236,2.227,6,0,0.793,6,0.000,1064.130,1.000,0.298,3.051,0.815,1.216,1.944,0.201,0.799,0.771,0.550
1212,40.400,22.023,4.123,8.681,-14.262,2,1,1,248.938,2.426,6,0,0.793,6,53.339,1255.727,1.000,0.298,1.787,0.825,1.433,0.399,0.164,0.836,0.759,0.700
1215,40.500,0.000,0.000,0.000,0.000,0,0,0,0.000,0.000,6,0,0.828,0,53.339,1255.727,0.967,0.298,13.577,0.330,1.147,0.464,0.517,0.483,0.463,0.767
1218,40.600,161.994,0.000,139.971,0.000,1,1,0,0.000,2.239,6,0,0.862,1,78.102,1320.215,0.967,0.302,3.635,0.418,2.160,0.989,0.141,0.859,0.758,0.700
1221,40.700,28.160,0.000,-133.834,0.000,1,1,0,0.000,2.168,6,0,0.862,5,211.518,2664.997,0.967,0.302,3.762,0.602,2.234,1.219,0.165,0.835,0.774,0.750
1224,40.800,2.000,0.000,-26.160,0.000,1,1,0,0.000,1.996,6,0,0.862,2,21.541,2761.549,0.967,0.315,3.268,0.577,2.160,1.405,0.146,0.854,0.528,0.700
1227,40.900,1.414,0.000,-0.586,0.000,1,1,0,0.000,2.199,6,0,0.862,2,3.162,2817.394,0.967,0.327,6.507,0.803,1.752,2.388,0.155,0.845,0.590,0.700
1230,41.000,5.000,0.000,3.586,0.000,1,1,0,0.000,1.915,6,0,0.897,2,219.427,3846.755,0.967,0.327,3.647,0.474,2.116,0.829,0.117,0.883,0.562,0.750
1233,41.100,5.000,0.000,0.000,0.000,1,1,0,0.000,1.777,5,1,0.862,2,221.416,3876.699,0.967,0.339,3.002,0.219,2.562,0.090,0.110,0.890,0.575,0.750
1236,41.200,2.236,0.000,-2.764,0.000,1,1,0,0.000,1.760,5,0,0.862,2,17.205,4039.884,0.967,0.350,0.968,0.586,2.327,1.804,0.112,0.888,0.484,0.700
1239,41.300,3.162,0.000,0.926,0.000,1,1,0,0.000,1.580,4,1,0.862,1,2.236,3968.454,0.967,0.360,0.422,0.805,2.109,0.180,0.071,0.929,0.433,0.750
1242,41.400,1.414,0.000,-1.748,0.000,1,1,0,0.000,1.737,6,1,0.828,2,57.385,3883.329,0.967,0.360,0.689,0.917,1.810,0.160,0.093,0.907,0.437,0.750
1245,41.500,3.162,0.000,1.748,0.000,1,1,0,0.000,1.887,6,0,0.828,2,225.967,4520.458,0.967,0.371,0.714,0.844,1.707,0.276,0.086,0.914,0.452,0.750
1248,41.600,6.083,0.000,2.920,0.000,1,1,0,0.000,1.943,6,0,0.862,2,227.548,4857.085,0.967,0.381,2.012,0.757,1.390,1.028,0.103,0.897,0.507,0.750
1251,41.700,6.083,0.000,0.000,0.000,1,1,0,0.000,1.648,6,0,0.862,2,228.642,5212.255,0.967,0.381,3.670,0.736,1.404,0.396,0.118,0.882,0.550,0.750
1254,41.800,9.849,0.000,3.766,0.000,1,1,0,0.000,1.582,6,0,0.862,2,225.499,5303.384,0.967,0.391,3.792,0.707,1.604,0.331,0.102,0.898,0.576,0.750
1257,41.900,7.810,0.000,-2.039,0.000,1,1,0,0.000,1.628,6,0,0.897,2,218.083,5734.419,0.967,0.400,3.058,0.593,1.768,0.169,0.147,0.853,0.554,0.750
1260,42.000,15.811,0.000,8.001,0.000,1,1,0,0.000,1.269,4,1,0.862,3,216.601,5681.858,0.967,0.400,2.847,0.244,1.875,0.359,0.112,0.888,0.693,0.750
1263,42.100,9.000,0.000,-6.811,0.000,1,1,0,0.000,1.362,4,0,0.862,3,218.488,5624.198,0.967,0.410,2.561,0.694,0.191,2.802,0.145,0.855,0.616,0.750
1266,42.200,11.180,0.000,2.180,0.000,1,1,0,0.000,1.085,4,0,0.862,3,212.434,5915.004,0.967,0.410,3.085,0.750,0.239,1.412,0.152,0.848,0.638,0.750
1269,42.300,11.180,0.000,0.000,0.000,1,1,0,0.000,0.831,4,0,0.862,3,211.021,6152.440,0.967,0.419,2.715,0.425,0.274,1.521,0.126,0.874,0.651,0.750
1272,42.400,15.033,0.000,3.853,0.000,1,1,0,0.000,0.646,4,0,0.862,3,229.961,6260.924,0.967,0.419,2.654,0.475,0.282,0.605,0.141,0.859,0.668,0.750
1275,42.500,4.000,0.000,-11.033,0.000,1,1,0,0.000,1.030,4,0,0.862,3,219.829,6224.944,0.967,0.428,2.315,0.564,0.449,0.438,0.113,0.887,0.592,0.750
1278,42.600,3.606,0.000,-0.394,0.000,1,1,0,0.000,1.121,4,0,0.862,3,214.895,6152.469,0.967,0.428,2.140,0.771,0.531,1.537,0.140,0.860,0.571,0.750
1281,42.700,0.000,387.883,0.000,383.760,1,0,1,0.000,1.237,4,0,0.862,3,224.555,6122.719,0.967,0.437,1.590,0.713,0.547,0.066,0.126,0.874,0.791,0.750
1284,42.800,10.198,0.000,6.592,0.000,1,1,0,0.000,1.107,4,0,0.862,3,215.745,6064.469,0.967,0.437,1.405,0.768,0.481,0.199,0.120,0.880,0.589,0.750
1287,42.900,7.071,0.000,-3.127,0.000,1,1,0,0.000,1.138,4,0,0.862,3,217.706,6046.214,0.967,0.446,1.462,0.894,0.392,0.151,0.129,0.871,0.564,0.750
1290,43.000,7.211,0.000,0.140,0.000,1,1,0,0.000,0.971,4,0,0.862,3,223.081,6064.358,0.967,0.444,1.633,0.893,0.340,0.200,0.141,0.859,0.569,0.750
1293,43.100,7.211,0.000,0.000,0.000,1,1,0,0.000,0.963,4,0,0.862,3,231.141,6155.139,0.967,0.453,3.211,0.886,0.267,0.300,0.159,0.841,0.609,0.750
1296,43.200,6.083,386.685,-1.128,-1.198,2,1,1,376.607,1.298,5,0,0.862,5,275.980,6699.069,0.967,0.435,2.184,0.141,0.239,0.849,0.084,0.916,0.941,0.750
1299,43.300,371.555,0.000,349.194,0.000,2,1,0,371.555,0.684,5,0,0.862,4,183.330,6681.938,0.967,0.426,3.167,0.676,0.299,0.578,0.142,0.858,0.892,0.750
1302,43.400,56.080,352.619,-315.475,-34.066,2,1,1,324.680,1.362,5,0,0.862,4,0.000,5887.984,0.967,0.417,4.286,0.682,0.328,0.820,0.164,0.836,0.919,0.500
1305,43.500,0.000,296.042,0.000,283.836,2,0,1,296.042,1.524,6,1,0.828,4,126.775,5208.748,1.000,0.408,3.980,0.886,0.332,0.905,0.164,0.836,0.877,0.750
1308,43.600,0.000,293.155,0.000,-2.887,1,0,1,0.000,1.856,6,0,0.828,4,142.688,4959.387,1.000,0.399,3.690,0.853,0.154,0.109,0.163,0.837,0.823,0.750
1311,43.700,0.000,272.090,0.000,-21.065,1,0,1,0.000,1.906,6,0,0.828,2,272.090,5653.374,1.000,0.399,2.792,0.718,0.060,0.266,0.153,0.847,0.750,0.750
1314,43.800,0.000,325.615,0.000,309.615,2,0,1,325.615,2.165,6,0,0.828,4,0.000,5001.799,1.000,0.389,4.888,0.116,0.044,1.473,0.146,0.854,0.954,0.650
1317,43.900,399.665,335.658,343.585,10.043,2,1,1,380.107,2.307,6,0,0.828,6,139.216,5048.358,1.000,0.379,3.554,0.377,0.075,1.140,0.147,0.853,0.962,0.750
1320,44.000,33.971,5.385,-365.694,-330.272,2,1,1,399.284,2.269,6,0,0.862,6,0.000,4128.069,1.000,0.369,4.030,0.414,0.386,1.553,0.140,0.860,0.911,0.550
1323,44.100,23.087,16.000,-10.884,10.615,2,1,1,411.005,2.221,4,1,0.828,4,40.000,3554.159,1.000,0.369,3.662,0.587,0.596,0.307,0.120,0.880,0.829,0.750
1326,44.200,4.243,5.385,-18.844,-10.615,2,1,1,406.428,2.190,4,0,0.862,4,59.093,2972.137,1.000,0.369,2.127,0.814,0.757,0.077,0.126,0.874,0.676,0.580
1329,44.300,390.287,0.000,-9.634,0.000,2,1,0,390.287,1.411,4,0,0.897,4,79.480,3165.418,1.000,0.358,2.532,0.850,0.782,0.059,0.117,0.883,0.904,0.500
1332,44.400,3.606,23.195,-386.682,17.810,2,1,1,406.854,1.874,4,0,0.897,4,43.681,3071.020,1.000,0.358,1.817,0.873,0.875,0.072,0.106,0.894,0.763,0.580
1335,44.500,406.941,0.000,3.316,0.000,2,1,0,406.941,1.716,4,0,0.897,4,77.698,3836.069,1.000,0.358,1.146,0.774,0.922,0.179,0.094,0.906,0.874,0.500
1338,44.600,8.246,4.472,-398.695,-18.723,2,1,1,407.237,1.820,4,0,0.897,4,108.407,3286.675,1.000,0.358,1.258,0.666,0.917,0.347,0.091,0.909,0.681,0.602
1341,44.700,405.623,0.000,-1.716,0.000,2,1,0,405.623,2.024,3,1,0.862,4,98.351,3169.788,1.000,0.358,1.189,0.515,0.622,0.719,0.073,0.927,0.794,0.750
1344,44.800,406.395,0.000,3.723,0.000,2,1,0,406.395,2.343,3,0,0.862,4,55.317,3353.554,1.000,0.358,0.931,0.695,0.723,0.453,0.071,0.929,0.775,0.350
1347,44.900,405.464,0.000,-1.261,0.000,2,1,0,405.464,2.736,3,0,0.897,4,103.966,3669.505,1.000,0.358,0.952,0.495,0.629,0.334,0.060,0.940,0.789,0.578
1350,45.000,406.075,0.000,-7.158,0.000,2,1,0,406.075,2.936,6,1,0.862,6,67.119,5084.969,1.000,0.347,1.947,0.145,0.113,1.594,0.085,0.915,0.938,0.750
1353,45.100,406.428,0.000,-6.388,0.000,2,1,0,406.428,3.120,6,0,0.862,6,6.325,3700.859,1.000,0.336,1.984,0.703,0.147,1.508,0.100,0.900,0.900,0.550
1356,45.200,398.811,0.000,-4.141,0.000,2,1,0,398.811,3.118,6,0,0.862,6,52.326,4084.864,1.000,0.336,1.748,0.697,0.351,0.560,0.109,0.891,0.895,0.350
1359,45.300,10.198,17.464,-388.613,12.992,2,1,1,406.610,2.768,5,0,0.862,5,10.817,4059.100,1.000,0.347,1.418,0.260,0.410,0.151,0.106,0.894,0.764,0.580
1362,45.400,4.472,4.123,-5.726,-13.341,2,1,1,405.617,2.657,5,0,0.862,5,136.945,5902.359,1.000,0.336,1.000,0.311,0.702,2.924,0.084,0.916,0.678,0.750
1365,45.500,6.083,6.083,1.611,1.960,2,1,1,393.935,2.382,5,0,0.862,5,59.059,5776.070,1.000,0.336,2.678,0.344,0.905,0.594,0.095,0.905,0.727,0.580
1368,45.600,359.580,0.000,-32.014,0.000,2,1,0,359.580,2.034,5,0,0.862,5,58.600,4948.437,1.000,0.336,3.794,0.523,1.065,0.854,0.137,0.863,0.958,0.500
1371,45.700,357.106,0.000,6.802,0.000,2,1,0,357.106,2.036,5,0,0.862,5,23.022,4965.038,1.000,0.336,2.880,0.365,1.157,2.535,0.084,0.916,0.946,0.550
1374,45.800,11.180,14.000,-345.926,7.917,2,1,1,344.262,1.998,5,0,0.862,5,69.642,4537.224,1.000,0.324,1.273,0.386,1.187,2.868,0.094,0.906,0.733,0.580
1377,45.900,345.523,0.000,2.750,0.000,2,1,0,345.523,2.100,6,1,0.828,6,120.208,4334.994,1.000,0.324,1.699,0.532,1.455,0.930,0.110,0.890,0.905,0.750
1380,46.000,0.000,337.575,0.000,314.575,2,0,1,337.575,1.398,6,0,0.828,6,22.361,2679.159,1.000,0.311,5.331,0.726,1.548,1.618,0.143,0.857,0.982,0.700
1383,46.100,5.000,339.411,-340.523,1.836,2,1,1,354.731,2.069,6,0,0.828,6,20.248,1893.919,1.000,0.311,2.266,0.722,1.141,0.206,0.106,0.894,0.906,0.500
1386,46.200,27.074,5.000,22.074,-334.411,2,1,1,355.170,2.159,6,0,0.828,6,15.524,2808.550,1.000,0.311,1.702,0.462,0.852,1.793,0.091,0.909,0.811,0.580
1389,46.300,16.401,4.123,-10.673,-0.877,2,1,1,346.052,1.840,6,0,0.828,6,51.313,2937.394,1.000,0.311,1.079,0.774,0.712,1.643,0.063,0.937,0.714,0.580
1392,46.400,5.000,3.000,-11.401,-1.123,2,1,1,339.013,1.644,6,0,0.862,6,0.000,2612.544,1.000,0.311,1.015,0.858,0.531,1.350,0.105,0.895,0.643,0.580
1395,46.500,5.099,9.487,0.099,6.487,2,1,1,337.179,1.516,5,1,0.828,5,22.204,2010.398,1.000,0.311,2.208,0.616,0.350,1.127,0.094,0.906,0.715,0.750
1398,46.600,6.403,3.162,1.304,-6.325,2,1,1,332.254,1.807,5,0,0.828,4,88.204,2112.550,1.000,0.311,0.949,0.832,0.240,1.035,0.111,0.889,0.615,0.580
1401,46.700,7.000,7.071,0.597,3.909,2,1,1,339.037,1.830,5,0,0.828,5,37.736,1546.428,1.000,0.311,2.462,0.277,0.211,2.918,0.130,0.870,0.731,0.580
1404,46.800,28.443,24.739,21.443,17.668,2,1,1,391.046,1.628,6,1,0.793,6,213.588,2051.747,1.000,0.311,4.271,0.875,0.113,0.000,0.129,0.871,0.854,0.750
1407,46.900,18.439,9.434,-10.004,-15.305,2,1,1,365.308,1.528,6,0,0.793,6,46.819,2063.294,1.000,0.311,1.485,0.225,0.295,0.146,0.065,0.935,0.774,0.580
1410,47.000,0.000,382.753,0.000,373.753,2,0,1,382.753,1.550,6,0,0.828,6,49.477,2198.334,1.000,0.311,2.389,0.539,0.538,1.382,0.105,0.895,0.922,0.550
1413,47.100,39.850,394.833,21.411,12.080,2,1,1,414.816,1.725,5,1,0.793,5,0.000,2382.689,1.000,0.311,5.080,0.601,0.756,0.759,0.083,0.917,0.985,0.750
1416,47.200,0.000,36.401,0.000,-358.432,1,0,1,0.000,1.705,5,0,0.793,2,0.000,2382.689,1.000,0.324,5.062,0.408,0.833,0.000,0.172,0.828,0.792,0.650
1419,47.300,0.000,42.485,0.000,6.085,1,0,1,0.000,1.485,5,0,0.793,2,189.172,2715.644,1.000,0.336,5.890,0.683,0.904,0.729,0.173,0.827,0.827,0.750
1422,47.400,42.202,43.863,2.352,1.378,2,1,1,409.181,1.731,6,1,0.759,6,0.000,3135.368,1.000,0.336,4.898,0.618,1.410,0.310,0.178,0.822,0.973,0.750
1425,47.500,39.623,18.385,-2.579,-25.479,2,1,1,380.737,1.905,6,0,0.759,6,23.770,2998.549,1.000,0.336,3.749,0.438,1.688,0.082,0.146,0.854,0.933,0.700
1428,47.600,343.001,0.000,-6.605,0.000,2,1,0,343.001,2.166,6,0,0.793,6,42.048,2835.325,1.000,0.336,3.813,0.619,0.812,1.677,0.102,0.898,0.952,0.550
1431,47.700,26.833,0.000,-316.169,0.000,1,1,0,0.000,2.063,5,0,0.793,4,55.902,2273.315,1.000,0.336,5.624,0.768,0.854,2.075,0.196,0.804,0.800,0.650
1434,47.800,25.000,133.959,-1.833,115.574,2,1,1,324.376,1.991,5,0,0.793,6,154.305,2593.655,1.000,0.324,4.304,0.491,1.066,1.351,0.167,0.833,0.973,0.750
1437,47.900,333.174,0.000,317.877,0.000,2,1,0,333.174,1.589,5,0,0.828,6,208.166,2972.150,1.000,0.324,4.233,0.712,1.255,1.566,0.174,0.826,0.956,0.750
1440,48.000,323.200,47.539,-9.974,-86.419,2,1,1,318.328,1.892,5,0,0.828,6,193.437,3476.148,1.000,0.324,3.634,0.601,1.445,1.820,0.181,0.819,0.949,0.750
1443,48.100,13.454,10.817,-309.746,-36.723,2,1,1,303.402,1.835,5,0,0.828,6,17.720,3882.639,1.000,0.324,3.967,0.600,1.514,0.150,0.176,0.824,0.782,0.700
1446,48.200,17.692,26.000,4.238,15.183,2,1,1,264.197,1.707,5,0,0.828,4,168.514,4019.105,1.000,0.336,3.166,0.861,1.695,3.020,0.174,0.826,0.777,0.750
1449,48.300,29.120,26.249,11.429,0.249,2,1,1,251.056,1.455,6,1,0.793,4,81.566,4044.985,1.000,0.336,3.197,0.957,1.694,0.567,0.177,0.823,0.765,0.750
1452,48.400,21.095,14.213,-8.025,-12.036,2,1,1,243.347,1.272,6,0,0.793,4,119.520,3757.744,1.000,0.324,3.513,0.968,1.357,0.168,0.182,0.818,0.727,0.664
1455,48.500,14.142,17.692,-6.953,3.479,2,1,1,232.261,1.175,6,0,0.793,4,119.331,3635.950,1.000,0.324,2.364,0.939,1.470,0.204,0.166,0.834,0.682,0.700
1458,48.600,11.045,4.472,-3.097,-13.220,2,1,1,229.035,1.072,5,1,0.759,4,60.440,3884.375,1.000,0.324,1.561,0.912,1.488,0.416,0.156,0.844,0.651,0.750
1461,48.700,3.606,8.062,-7.440,3.590,2,1,1,223.143,0.945,5,0,0.759,4,113.508,3737.775,1.000,0.336,1.577,0.972,1.108,0.201,0.169,0.831,0.630,0.631
1464,48.800,14.318,9.220,10.712,1.157,2,1,1,231.035,0.845,5,0,0.793,4,114.935,3355.224,1.000,0.336,1.622,0.968,0.752,0.129,0.164,0.836,0.666,0.639
1467,48.900,2.828,5.385,-11.489,-3.834,2,1,1,235.104,0.514,5,0,0.793,4,192.213,2840.094,1.000,0.336,1.146,0.959,0.328,0.306,0.149,0.851,0.605,0.750
1470,49.000,11.180,3.162,8.352,-2.223,2,1,1,248.002,0.531,5,0,0.793,4,68.118,2479.310,1.000,0.336,1.159,0.885,0.053,0.187,0.151,0.849,0.643,0.580
1473,49.100,19.849,11.705,8.669,8.542,2,1,1,272.184,0.477,5,0,0.793,6,165.955,2681.677,1.000,0.336,2.039,0.814,0.015,0.553,0.134,0.866,0.754,0.750
1476,49.200,25.080,22.825,5.230,11.121,2,1,1,302.800,0.474,4,1,0.759,5,197.800,3270.669,1.000,0.347,3.601,0.760,0.120,0.410,0.180,0.820,0.826,0.750
1479,49.300,8.602,0.000,-16.478,0.000,1,1,0,0.000,0.654,4,0,0.759,3,26.249,3251.574,1.000,0.347,2.370,0.794,0.346,0.722,0.170,0.830,0.606,0.650
1482,49.400,26.926,0.000,18.323,0.000,1,1,0,0.000,0.771,4,0,0.793,3,17.493,3068.239,1.000,0.358,3.229,0.816,0.579,0.361,0.197,0.803,0.728,0.000
1485,49.500,11.180,0.000,-15.745,0.000,1,1,0,0.000,0.859,5,1,0.759,3,23.022,2898.700,1.000,0.358,2.469,0.838,0.826,0.988,0.189,0.811,0.593,0.750
1488,49.600,3.162,0.000,-8.018,0.000,1,1,0,0.000,0.749,5,0,0.759,2,4.472,2827.690,1.000,0.369,0.936,0.739,0.983,1.061,0.112,0.888,0.481,0.580
1491,49.700,18.000,0.000,14.838,0.000,1,1,0,0.000,0.942,5,0,0.793,2,38.079,2646.637,1.000,0.369,2.530,0.871,1.516,0.479,0.185,0.815,0.594,0.700
1494,49.800,17.000,0.000,-1.000,0.000,1,1,0,0.000,0.902,5,0,0.793,2,46.141,2612.337,1.000,0.379,3.076,0.771,1.664,0.084,0.179,0.821,0.609,0.700
1497,49.900,13.038,52.431,-3.962,29.605,2,1,1,316.101,0.923,5,0,0.793,6,168.443,2220.605,1.000,0.369,2.309,0.101,1.579,2.467,0.130,0.870,0.951,0.750
1500,50.000,41.304,46.872,28.265,-5.559,2,1,1,332.952,1.026,5,0,0.828,6,0.000,2051.785,1.000,0.369,7.581,0.841,2.150,0.166,0.230,0.770,1.000,0.700
1503,50.100,0.000,34.482,0.000,-12.390,1,0,1,0.000,0.823,4,1,0.793,2,94.810,2103.947,1.000,0.369,12.516,0.840,1.775,0.009,0.251,0.749,0.843,0.750
1506,50.200,0.000,44.911,0.000,10.429,1,0,1,0.000,0.793,4,0,0.793,2,0.000,1638.045,1.000,0.379,15.726,0.770,0.646,0.176,0.239,0.761,0.906,0.000
1509,50.300,0.000,15.811,0.000,-29.100,1,0,1,0.000,0.868,4,0,0.828,2,0.000,1035.169,1.000,0.379,17.010,0.694,0.375,0.067,0.242,0.758,0.749,0.580
1512,50.400,0.000,21.095,0.000,5.284,1,0,1,0.000,0.686,6,1,0.793,5,0.000,940.818,1.000,0.379,16.010,0.625,1.513,0.028,0.241,0.759,0.843,0.750
1515,50.500,0.000,35.693,0.000,14.598,1,0,1,0.000,0.843,6,0,0.793,2,0.000,998.594,1.000,0.389,16.234,0.775,2.459,0.001,0.241,0.759,0.824,0.700
1518,50.600,0.000,37.336,0.000,1.643,1,0,1,0.000,0.893,6,0,0.793,2,49.254,1140.719,1.000,0.389,14.551,0.620,3.199,0.017,0.241,0.759,0.844,0.700
1521,50.700,0.000,0.000,0.000,0.000,0,0,0,0.000,0.000,7,0,0.793,0,49.254,1140.719,0.967,0.389,18.252,0.970,3.925,0.044,0.251,0.749,0.418,0.700
1524,50.800,374.638,0.000,333.335,0.000,1,1,0,0.000,1.151,7,0,0.793,5,49.254,1140.719,0.967,0.381,11.524,0.928,5.645,0.152,0.252,0.748,0.930,0.700
1527,50.900,0.000,0.000,0.000,0.000,0,0,0,0.000,0.000,7,0,0.793,0,49.254,1140.719,0.933,0.381,6.187,0.843,6.806,0.408,0.241,0.759,0.378,0.700
1530,51.000,0.000,0.000,0.000,0.000,0,0,0,0.000,0.000,5,1,0.759,0,49.254,1140.719,0.900,0.381,3.749,0.648,7.645,1.384,0.210,0.790,0.326,0.750
1533,51.100,0.000,52.000,0.000,14.664,1,0,1,0.000,0.754,5,0,0.759,4,49.254,1140.719,0.900,0.361,3.244,0.666,8.215,1.802,0.176,0.824,0.836,0.700
1536,51.200,0.000,30.806,0.000,-21.194,1,0,1,0.000,0.919,5,0,0.793,4,0.000,1427.900,0.900,0.361,2.119,0.532,8.802,1.072,0.165,0.835,0.739,0.700
1539,51.300,0.000,14.866,0.000,-15.940,1,0,1,0.000,0.909,7,1,0.759,4,0.000,1453.934,0.900,0.371,2.488,0.269,9.124,1.123,0.148,0.852,0.637,0.750
1542,51.400,0.000,6.325,0.000,-8.542,1,0,1,0.000,1.040,7,0,0.759,4,0.000,1329.509,0.900,0.361,3.308,0.960,9.182,2.836,0.183,0.817,0.561,0.700
1545,51.500,0.000,6.403,0.000,0.079,1,0,1,0.000,1.097,7,0,0.793,4,0.000,1032.745,0.900,0.361,3.488,0.974,10.247,0.019,0.184,0.816,0.565,0.700
1548,51.600,0.000,6.403,0.000,0.000,1,0,1,0.000,1.118,6,1,0.759,4,0.000,699.629,0.900,0.351,2.904,0.960,4.652,0.084,0.164,0.836,0.569,0.750
1551,51.700,0.000,4.123,0.000,-2.280,1,0,1,0.000,0.931,6,0,0.759,4,0.000,344.849,0.900,0.341,3.012,0.970,2.018,0.060,0.172,0.828,0.558,0.700
1554,51.800,0.000,4.472,0.000,0.349,1,0,1,0.000,0.889,6,0,0.759,4,96.385,352.510,0.900,0.351,1.880,0.882,0.972,0.210,0.145,0.855,0.538,0.580
1557,51.900,0.000,1.414,0.000,-3.058,1,0,1,0.000,0.885,5,0,0.759,4,0.000,264.320,0.900,0.351,1.775,0.890,0.397,0.007,0.137,0.863,0.542,0.580
1560,52.000,0.000,7.071,0.000,5.657,1,0,1,0.000,0.963,5,0,0.759,4,34.785,278.808,0.900,0.351,1.273,0.853,0.025,1.031,0.122,0.878,0.563,0.580
1563,52.100,0.000,5.385,0.000,-1.686,1,0,1,0.000,0.938,5,0,0.793,3,0.000,277.618,0.900,0.351,1.593,0.899,0.304,0.934,0.132,0.868,0.523,0.580
1566,52.200,0.000,0.000,0.000,0.000,0,0,0,0.000,0.000,6,1,0.759,0,0.000,277.618,0.867,0.351,2.480,0.737,0.573,2.184,0.148,0.852,0.284,0.750
1569,52.300,0.000,0.000,0.000,0.000,0,0,0,0.000,0.000,6,0,0.759,0,0.000,277.618,0.833,0.351,2.058,0.690,0.850,0.455,0.132,0.868,0.273,0.580
1572,52.400,0.000,0.000,0.000,0.000,0,0,0,0.000,0.000,6,0,0.793,0,0.000,277.618,0.800,0.351,2.324,0.832,1.075,1.506,0.140,0.860,0.266,0.580
1575,52.500,0.000,0.000,0.000,0.000,0,0,0,0.000,0.000,7,0,0.793,0,0.000,277.618,0.767,0.351,2.356,0.917,1.175,0.359,0.153,0.847,0.257,0.580
1578,52.600,0.000,0.000,0.000,0.000,0,0,0,0.000,0.000,7,0,0.793,0,0.000,277.618,0.733,0.351,1.649,0.862,1.222,0.229,0.132,0.868,0.239,0.580
1581,52.700,0.000,0.000,0.000,0.000,0,0,0,0.000,0.000,7,0,0.793,0,0.000,277.618,0.700,0.351,1.255,0.598,1.308,1.923,0.114,0.886,0.243,0.580
1584,52.800,0.000,0.000,0.000,0.000,0,0,0,0.000,0.000,7,1,0.759,0,0.000,277.618,0.667,0.351,1.104,0.861,1.305,1.410,0.116,0.884,0.217,0.750
1587,52.900,0.000,0.000,0.000,0.000,0,0,0,0.000,0.000,6,1,0.724,0,0.000,277.618,0.633,0.351,0.660,0.559,1.304,1.163,0.087,0.913,0.223,0.750
1590,53.000,0.000,0.000,0.000,0.000,0,0,0,0.000,0.000,7,1,0.724,0,0.000,277.618,0.600,0.351,1.350,0.926,1.363,0.924,0.141,0.859,0.211,0.750
1593,53.100,0.000,0.000,0.000,0.000,0,0,0,0.000,0.000,6,1,0.690,0,0.000,277.618,0.567,0.351,0.678,0.901,1.297,0.982,0.095,0.905,0.192,0.750
1596,53.200,0.000,0.000,0.000,0.000,0,0,0,0.000,0.000,7,1,0.655,0,0.000,277.618,0.533,0.351,0.945,0.957,1.182,0.548,0.119,0.881,0.191,0.750
1599,53.300,0.000,0.000,0.000,0.000,0,0,0,0.000,0.000,7,0,0.690,0,0.000,277.618,0.500,0.351,1.381,0.940,1.085,0.642,0.137,0.863,0.199,0.580
1602,53.400,0.000,0.000,0.000,0.000,0,0,0,0.000,0.000,6,1,0.655,0,0.000,277.618,0.467,0.351,1.599,0.319,0.971,2.635,0.089,0.911,0.244,0.750
1605,53.500,477.080,0.000,102.441,0.000,1,1,0,0.000,1.378,6,0,0.655,4,214.672,1343.528,0.467,0.220,2.455,0.692,0.863,1.293,0.163,0.837,0.739,0.750
1608,53.600,0.000,0.000,0.000,0.000,0,0,0,0.000,0.000,6,0,0.655,0,214.672,1343.528,0.433,0.220,3.820,0.794,0.744,0.330,0.153,0.847,0.262,0.750
1611,53.700,32.016,0.000,-445.064,0.000,1,1,0,0.000,1.558,5,1,0.621,3,0.000,2511.969,0.467,0.230,2.688,0.891,0.613,1.010,0.175,0.825,0.647,0.750
1614,53.800,0.000,0.000,0.000,0.000,0,0,0,0.000,0.000,5,0,0.621,0,0.000,2511.969,0.433,0.230,1.878,0.909,0.671,0.164,0.154,0.846,0.205,0.650
1617,53.900,0.000,0.000,0.000,0.000,0,0,0,0.000,0.000,5,0,0.655,0,0.000,2511.969,0.433,0.230,1.762,0.827,0.885,0.106,0.169,0.831,0.208,0.580
1620,54.000,15.811,0.000,-16.204,0.000,1,1,0,0.000,1.584,8,1,0.621,3,0.000,3708.907,0.467,0.233,1.161,0.733,1.122,0.583,0.150,0.850,0.489,0.750
1623,54.100,0.000,0.000,0.000,0.000,0,0,0,0.000,0.000,7,1,0.586,0,0.000,3708.907,0.433,0.233,0.688,0.444,1.242,0.039,0.092,0.908,0.208,0.750
1626,54.200,0.000,0.000,0.000,0.000,0,0,0,0.000,0.000,8,1,0.586,0,0.000,3708.907,0.400,0.233,1.274,0.883,1.201,1.235,0.119,0.881,0.188,0.750
1629,54.300,0.000,0.000,0.000,0.000,0,0,0,0.000,0.000,6,1,0.552,0,0.000,3708.907,0.367,0.233,1.873,0.567,1.021,1.280,0.158,0.842,0.221,0.750
1632,54.400,0.000,0.000,0.000,0.000,0,0,0,0.000,0.000,6,0,0.552,0,0.000,3708.907,0.333,0.233,2.126,0.473,0.750,0.994,0.159,0.841,0.230,0.580
1635,54.500,0.000,0.000,0.000,0.000,0,0,0,0.000,0.000,5,1,0.552,0,0.000,3708.907,0.300,0.233,1.207,0.698,0.365,1.032,0.128,0.872,0.187,0.750
1638,54.600,0.000,0.000,0.000,0.000,0,0,0,0.000,0.000,7,1,0.517,0,0.000,3708.907,0.267,0.233,1.639,0.199,0.218,1.386,0.139,0.861,0.229,0.750
1641,54.700,0.000,0.000,0.000,0.000,0,0,0,0.000,0.000,7,0,0.517,0,0.000,3708.907,0.233,0.233,2.053,0.347,0.108,0.354,0.154,0.846,0.225,0.580
1644,54.800,0.000,0.000,0.000,0.000,0,0,0,0.000,0.000,7,0,0.517,0,0.000,3708.907,0.200,0.233,1.627,0.825,0.495,1.494,0.148,0.852,0.177,0.580
1647,54.900,0.000,0.000,0.000,0.000,0,0,0,0.000,0.000,5,1,0.483,0,0.000,3708.907,0.167,0.233,0.765,0.844,0.587,0.544,0.101,0.899,0.150,0.750
1650,55.000,0.000,0.000,0.000,0.000,0,0,0,0.000,0.000,5,0,0.483,0,0.000,3708.907,0.133,0.233,0.461,0.783,0.513,2.460,0.071,0.929,0.143,0.580
1653,55.100,0.000,0.000,0.000,0.000,0,0,0,0.000,0.000,5,0,0.517,0,0.000,3708.907,0.100,0.233,0.443,0.724,0.126,0.088,0.060,0.940,0.142,0.580
1656,55.200,0.000,0.000,0.000,0.000,0,0,0,0.000,0.000,6,0,0.517,0,0.000,3708.907,0.100,0.233,0.498,0.933,0.363,0.149,0.070,0.930,0.129,0.580
1659,55.300,0.000,0.000,0.000,0.000,0,0,0,0.000,0.000,6,0,0.517,0,0.000,3708.907,0.100,0.233,0.732,0.936,0.549,2.968,0.092,0.908,0.135,0.580
1662,55.400,0.000,0.000,0.000,0.000,0,0,0,0.000,0.000,7,1,0.483,0,0.000,3708.907,0.100,0.233,1.259,0.958,0.629,0.489,0.123,0.877,0.146,0.750
1665,55.500,0.000,0.000,0.000,0.000,0,0,0,0.000,0.000,9,1,0.448,0,0.000,3708.907,0.100,0.233,4.281,0.959,0.635,0.379,0.188,0.812,0.222,0.750
1668,55.600,58.523,0.000,42.712,0.000,1,1,0,0.000,1.621,9,0,0.448,6,0.000,4531.745,0.133,0.229,6.333,0.950,0.286,0.341,0.219,0.781,0.778,0.650
1671,55.700,24.331,0.000,-34.192,0.000,1,1,0,0.000,1.949,9,0,0.483,6,0.000,4773.005,0.167,0.218,9.628,0.811,0.250,0.002,0.232,0.768,0.718,0.450
1674,55.800,122.577,0.000,98.245,0.000,1,1,0,0.000,1.925,8,0,0.517,5,0.000,3338.464,0.200,0.218,14.113,0.616,0.912,0.130,0.260,0.740,0.843,0.550
1677,55.900,111.086,177.341,-11.491,171.956,2,1,1,343.642,1.809,8,0,0.552,6,0.000,2750.159,0.233,0.214,15.187,0.705,1.836,0.300,0.248,0.752,0.914,0.700
1680,56.000,50.249,45.277,-60.836,-132.065,2,1,1,273.337,1.498,8,0,0.586,6,50.249,2401.004,0.267,0.214,17.006,0.523,2.874,0.212,0.248,0.752,0.930,0.700
1683,56.100,0.000,39.051,0.000,-6.226,1,0,1,0.000,0.998,5,1,0.586,2,50.249,2401.004,0.300,0.214,17.452,0.822,4.174,0.004,0.239,0.761,0.767,0.750
1686,56.200,0.000,32.062,0.000,-6.989,1,0,1,0.000,0.946,5,0,0.586,2,50.249,2401.004,0.333,0.218,17.545,0.964,5.738,0.019,0.239,0.761,0.723,0.700
1689,56.300,61.400,26.926,11.151,-5.137,2,1,1,240.377,1.354,5,0,0.621,4,0.000,1573.169,0.367,0.218,15.307,0.989,7.291,0.025,0.226,0.774,0.919,0.700
1692,56.400,21.213,23.770,-40.187,-3.156,2,1,1,239.140,1.077,6,1,0.586,4,0.000,1552.144,0.400,0.218,10.349,0.970,8.612,0.071,0.229,0.771,0.782,0.750
1695,56.500,7.071,18.682,-14.142,-5.088,2,1,1,229.532,1.033,6,0,0.586,4,0.000,1944.134,0.400,0.218,5.983,0.987,8.974,0.060,0.219,0.781,0.702,0.700
1698,56.600,6.083,8.544,-0.988,-10.138,2,1,1,228.729,0.798,6,0,0.621,4,26.019,1736.727,0.433,0.218,3.734,0.990,9.079,0.001,0.196,0.804,0.594,0.700
1701,56.700,4.000,5.099,-2.083,-3.445,2,1,1,228.064,0.490,5,1,0.586,3,3.606,1539.394,0.433,0.204,1.633,0.968,12.316,0.017,0.159,0.841,0.511,0.750
1704,56.800,1.414,5.385,-2.586,0.286,2,1,1,229.264,0.542,5,0,0.586,2,1.000,1315.329,0.467,0.200,0.579,0.465,13.819,1.640,0.089,0.911,0.490,0.700
1707,56.900,2.236,6.325,0.822,0.939,2,1,1,227.484,0.715,5,0,0.621,3,3.162,1094.554,0.500,0.191,1.241,0.921,14.078,1.033,0.136,0.864,0.520,0.700
1710,57.000,3.162,8.544,0.926,2.219,2,1,1,223.893,0.718,6,1,0.621,3,2.000,853.154,0.500,0.358,2.032,0.949,14.591,0.224,0.179,0.821,0.532,0.750
1713,57.100,2.236,11.045,-0.926,2.501,2,1,1,224.511,0.726,6,0,0.655,3,4.000,588.644,0.533,0.369,2.290,0.949,8.197,0.103,0.192,0.808,0.556,0.700
1716,57.200,3.606,2.236,1.369,-8.809,2,1,1,218.762,0.968,5,1,0.655,2,3.000,537.340,0.567,0.379,1.966,0.954,4.667,0.181,0.177,0.823,0.492,0.750
1719,57.300,3.162,5.099,-0.443,2.863,2,1,1,212.906,1.080,6,1,0.621,3,155.425,987.844,0.600,0.379,2.160,0.937,2.460,0.053,0.184,0.816,0.529,0.750
1722,57.400,2.236,3.162,-0.926,-1.937,2,1,1,212.664,1.446,6,0,0.655,2,4.123,992.169,0.633,0.389,1.665,0.959,1.169,0.290,0.178,0.822,0.478,0.580
1725,57.500,2.000,5.385,-0.236,2.223,2,1,1,214.478,1.433,6,0,0.690,3,1.000,931.689,0.667,0.389,1.651,0.949,0.559,0.095,0.177,0.823,0.525,0.580
1728,57.600,2.000,5.099,0.000,-0.286,2,1,1,216.539,1.188,6,0,0.690,3,3.162,926.849,0.700,0.399,1.784,0.934,0.111,0.047,0.175,0.825,0.532,0.580
1731,57.700,2.236,2.000,0.236,-3.099,2,1,1,215.081,0.827,6,0,0.690,3,1.414,921.624,0.733,0.399,2.017,0.950,0.227,0.048,0.199,0.801,0.524,0.580
1734,57.800,1.414,2.828,-0.822,0.828,2,1,1,216.393,0.920,6,0,0.724,3,1.414,916.694,0.767,0.408,1.421,0.934,0.509,0.221,0.167,0.833,0.518,0.580
1737,57.900,0.000,1.414,-1.414,-1.414,2,1,1,215.870,1.083,5,1,0.690,2,1.000,911.965,0.800,0.408,0.840,0.897,0.762,0.030,0.126,0.874,0.484,0.750
1740,58.000,1.414,2.236,1.414,0.822,2,1,1,216.002,1.193,6,1,0.655,3,1.414,744.505,0.833,0.417,0.932,0.688,0.979,0.060,0.110,0.890,0.528,0.750
1743,58.100,0.000,5.099,-1.414,2.863,2,1,1,221.000,1.162,6,0,0.655,4,160.431,1313.497,0.867,0.408,1.096,0.691,1.136,0.343,0.114,0.886,0.581,0.750
1746,58.200,1.000,23.324,1.000,18.225,2,1,1,243.183,0.866,5,1,0.621,4,181.687,1923.769,0.900,0.408,2.233,0.901,1.244,0.041,0.184,0.816,0.724,0.750
1749,58.300,0.000,34.540,-1.000,11.216,2,1,1,277.714,1.000,5,0,0.655,4,125.252,2262.219,0.933,0.408,3.463,0.870,1.271,0.143,0.220,0.780,0.824,0.696
1752,58.400,9.055,35.128,9.055,0.589,2,1,1,319.288,0.854,5,0,0.690,4,50.990,2177.829,0.967,0.408,3.710,0.905,1.235,0.037,0.215,0.785,0.835,0.000
1755,58.500,20.125,17.889,11.069,-17.240,2,1,1,301.811,1.445,5,1,0.655,4,0.000,2242.628,1.000,0.408,8.413,0.828,1.207,0.153,0.256,0.744,0.868,0.750
1758,58.600,0.000,0.000,0.000,0.000,0,0,0,0.000,0.000,5,0,0.655,0,0.000,2242.628,0.967,0.408,11.402,0.397,1.087,1.141,0.382,0.618,0.458,0.650
1761,58.700,247.588,0.000,227.464,0.000,1,1,0,0.000,2.244,4,1,0.621,2,137.306,2702.327,0.967,0.400,0.085,0.799,0.918,2.238,0.017,0.983,0.702,0.750
1764,58.800,3.162,0.000,-244.426,0.000,1,1,0,0.000,2.379,4,1,0.586,3,2.236,3374.630,0.967,0.400,0.201,0.629,0.830,1.340,0.032,0.968,0.530,0.750
1767,58.900,2.236,0.000,-0.926,0.000,1,1,0,0.000,2.373,4,0,0.586,3,1.000,3986.787,0.967,0.400,0.121,0.579,0.732,2.367,0.019,0.981,0.526,0.580
1770,59.000,1.000,0.000,-1.236,0.000,1,1,0,0.000,2.306,4,0,0.621,3,0.000,4528.114,0.967,0.400,0.450,0.668,0.629,0.560,0.069,0.931,0.521,0.580
1773,59.100,1.000,0.000,0.000,0.000,1,1,0,0.000,2.445,4,0,0.621,3,1.000,5005.284,0.967,0.400,0.346,0.753,0.525,0.036,0.050,0.950,0.512,0.580
1776,59.200,1.000,0.000,0.000,0.000,1,1,0,0.000,2.096,4,0,0.621,3,0.000,5411.439,0.967,0.400,0.407,0.718,0.426,0.618,0.061,0.939,0.516,0.580
1779,59.300,0.000,0.000,-1.000,0.000,1,1,0,0.000,2.096,4,0,0.655,3,1.000,5751.325,0.967,0.400,0.440,0.637,0.329,0.496,0.065,0.935,0.517,0.580
1782,59.400,1.000,0.000,1.000,0.000,1,1,0,0.000,2.017,4,0,0.655,3,1.414,6017.948,0.967,0.391,0.417,0.536,0.179,0.182,0.060,0.940,0.529,0.580
1785,59.500,1.000,0.000,0.000,0.000,1,1,0,0.000,1.959,5,1,0.621,3,1.000,6217.974,0.967,0.391,0.351,0.676,0.145,0.555,0.037,0.963,0.491,0.750
1788,59.600,0.000,0.000,-1.000,0.000,1,1,0,0.000,1.821,5,0,0.655,3,1.000,5610.774,0.967,0.391,0.506,0.541,0.663,0.459,0.048,0.952,0.499,0.580
1791,59.700,1.000,0.000,1.000,0.000,1,1,0,0.000,1.687,6,1,0.621,3,0.000,5633.924,0.967,0.391,0.428,0.493,1.228,1.682,0.048,0.952,0.488,0.750
1794,59.800,2.000,0.000,1.000,0.000,1,1,0,0.000,1.963,5,1,0.586,3,1.000,4544.238,0.967,0.391,0.388,0.477,0.860,1.528,0.054,0.946,0.511,0.750
1797,59.900,1.414,0.000,-0.586,0.000,1,1,0,0.000,1.767,6,1,0.586,3,1.414,4409.799,0.967,0.391,1.130,0.923,0.091,1.854,0.128,0.872,0.478,0.750
1800,60.000,7.000,0.000,5.586,0.000,1,1,0,0.000,1.963,5,1,0.552,4,11.180,3581.427,0.967,0.391,1.595,0.824,0.357,0.451,0.139,0.861,0.581,0.750
1803,60.100,43.932,0.000,36.932,0.000,1,1,0,0.000,1.741,5,0,0.586,4,11.180,3581.427,0.967,0.391,2.325,0.846,0.646,1.807,0.159,0.841,0.803,0.550
1806,60.200,51.624,0.000,7.692,0.000,1,1,0,0.000,1.479,5,0,0.621,4,11.180,3581.427,0.967,0.391,4.632,0.791,0.824,1.221,0.172,0.828,0.870,0.350
1809,60.300,32.388,0.000,-19.235,0.000,1,1,0,0.000,1.283,5,0,0.621,4,11.180,3581.427,0.967,0.391,5.401,0.840,0.657,1.218,0.192,0.808,0.816,0.350
1812,60.400,34.482,0.000,2.094,0.000,1,1,0,0.000,1.151,5,0,0.621,4,11.180,3581.427,0.967,0.391,6.098,0.906,0.484,0.052,0.211,0.789,0.841,0.350
1815,60.500,7.280,100.225,-27.202,82.336,2,1,1,295.785,1.108,5,0,0.621,6,0.000,2836.878,0.967,0.389,4.561,0.899,0.312,0.038,0.200,0.800,0.947,0.650
1818,60.600,0.000,2.000,0.000,-98.225,1,0,1,0.000,0.938,5,0,0.621,4,0.000,2500.938,0.967,0.379,2.792,0.922,0.195,0.147,0.192,0.808,0.576,0.650
1821,60.700,0.000,5.385,0.000,3.385,1,0,1,0.000,0.633,5,0,0.621,4,0.000,2648.457,0.967,0.379,2.386,0.915,0.111,0.070,0.182,0.818,0.586,0.580
1824,60.800,0.000,3.162,0.000,-2.223,1,0,1,0.000,0.638,5,0,0.655,4,3.162,2843.919,0.967,0.379,1.688,0.938,0.035,0.050,0.161,0.839,0.554,0.580
1827,60.900,0.000,2.236,0.000,-0.926,1,0,1,0.000,0.694,4,1,0.655,3,3.606,2987.135,0.967,0.379,0.806,0.949,0.011,0.189,0.105,0.895,0.517,0.750
1830,61.000,0.000,9.487,0.000,7.251,1,0,1,0.000,0.853,4,0,0.655,3,2.000,3064.057,0.967,0.379,0.370,0.520,0.028,0.825,0.052,0.948,0.577,0.000
1833,61.100,0.000,0.000,0.000,0.000,0,0,0,0.000,0.000,4,0,0.690,0,2.000,3064.057,0.933,0.379,0.563,0.467,0.040,1.005,0.071,0.929,0.263,0.650
1836,61.200,0.000,14.142,0.000,4.655,1,0,1,0.000,1.186,4,0,0.690,3,5.000,3080.254,0.933,0.371,0.306,0.319,0.053,0.968,0.041,0.959,0.611,0.650
1839,61.300,0.000,9.055,0.000,-5.087,1,0,1,0.000,1.201,4,0,0.690,3,6.083,3055.057,0.933,0.371,0.521,0.683,0.086,2.129,0.079,0.921,0.563,0.550
1842,61.400,0.000,6.325,0.000,-2.731,1,0,1,0.000,1.224,4,0,0.724,3,2.236,2962.498,0.933,0.371,0.244,0.299,0.151,2.124,0.042,0.958,0.567,0.550
1845,61.500,0.000,2.828,0.000,-3.496,1,0,1,0.000,1.452,3,1,0.690,2,0.000,2806.484,0.933,0.371,0.394,0.672,0.187,0.394,0.052,0.948,0.510,0.750
1848,61.600,0.000,6.403,0.000,3.575,1,0,1,0.000,1.614,4,1,0.690,3,0.000,2299.797,0.967,0.371,1.465,0.935,0.360,0.820,0.140,0.860,0.558,0.750
1851,61.700,0.000,5.099,0.000,-1.304,1,0,1,0.000,1.663,4,0,0.724,3,0.000,1563.148,0.967,0.371,1.685,0.826,2.602,0.023,0.149,0.851,0.564,0.700
1854,61.800,0.000,8.602,0.000,3.503,1,0,1,0.000,1.709,4,0,0.724,2,4.123,1114.038,0.967,0.381,1.521,0.889,0.904,0.918,0.132,0.868,0.530,0.350
1857,61.900,0.000,5.000,0.000,-3.602,1,0,1,0.000,1.884,4,0,0.724,2,1.000,609.554,0.967,0.381,0.866,0.772,0.272,0.977,0.108,0.892,0.501,0.350
1860,62.000,0.000,2.000,0.000,-3.000,1,0,1,0.000,1.630,3,1,0.690,2,2.000,34.994,0.967,0.391,0.502,0.809,0.162,0.111,0.071,0.929,0.503,0.750
1863,62.100,0.000,4.472,0.000,2.472,1,0,1,0.000,1.720,4,1,0.655,2,2.000,29.728,0.967,0.391,0.937,0.890,0.420,2.967,0.113,0.887,0.492,0.750
1866,62.200,0.000,3.162,0.000,-1.310,1,0,1,0.000,1.683,3,1,0.621,2,1.000,23.195,0.967,0.400,0.751,0.685,0.570,0.303,0.095,0.905,0.524,0.750
1869,62.300,0.000,1.414,0.000,-1.748,1,0,1,0.000,1.764,3,0,0.621,2,1.414,18.399,0.967,0.400,0.669,0.408,0.707,0.043,0.089,0.911,0.532,0.580
1872,62.400,0.000,4.472,0.000,3.058,1,0,1,0.000,1.790,4,1,0.621,3,3.000,13.444,0.967,0.400,0.773,0.289,0.806,0.111,0.105,0.895,0.575,0.750
1875,62.500,0.000,2.236,0.000,-2.236,1,0,1,0.000,1.966,5,1,0.586,3,2.000,12.375,0.967,0.410,1.248,0.842,0.831,2.874,0.135,0.865,0.509,0.750
1878,62.600,0.000,5.000,0.000,2.764,1,0,1,0.000,2.157,5,0,0.621,3,2.236,11.370,0.967,0.410,1.318,0.899,0.801,2.846,0.145,0.855,0.522,0.550
1881,62.700,0.000,1.414,0.000,-3.586,1,0,1,0.000,1.981,4,1,0.621,3,0.000,14.944,0.967,0.419,2.242,0.940,0.778,0.134,0.168,0.832,0.549,0.750
1884,62.800,0.000,4.000,0.000,2.586,1,0,1,0.000,2.160,4,0,0.655,3,0.000,21.325,0.967,0.419,4.185,0.940,0.702,0.482,0.214,0.786,0.612,0.580
1887,62.900,0.000,31.145,0.000,27.145,1,0,1,0.000,2.286,4,0,0.690,3,0.000,166.144,0.967,0.419,4.746,0.779,0.580,0.666,0.216,0.784,0.788,0.450
1890,63.000,33.242,0.000,25.961,0.000,1,1,0,0.000,0.852,5,1,0.655,2,0.000,166.144,0.967,0.428,7.136,0.776,0.379,0.058,0.236,0.764,0.797,0.750
1893,63.100,0.000,163.248,0.000,132.103,1,0,1,0.000,2.105,5,0,0.655,1,0.000,166.144,0.967,0.428,11.809,0.599,0.102,0.077,0.259,0.741,0.860,0.500
1896,63.200,252.517,26.077,219.276,-137.171,2,1,1,203.089,2.071,5,0,0.655,6,30.067,315.334,0.967,0.428,13.505,0.674,0.273,0.139,0.240,0.760,1.000,0.650
1899,63.300,42.297,35.114,-210.221,9.037,2,1,1,185.000,1.862,5,1,0.621,4,42.297,439.294,0.967,0.426,15.267,0.828,0.813,0.046,0.223,0.777,0.987,0.750
1902,63.400,33.838,30.414,-8.459,-4.700,2,1,1,199.060,1.566,5,0,0.621,4,0.000,502.074,0.967,0.426,14.108,0.853,1.649,0.032,0.218,0.782,0.938,0.700
1905,63.500,26.683,23.409,-7.155,-7.004,2,1,1,209.402,1.247,5,0,0.621,4,0.000,498.767,0.967,0.426,10.998,0.982,3.429,0.022,0.212,0.788,0.890,0.700
1908,63.600,11.045,14.000,-15.638,-9.409,2,1,1,207.348,1.112,5,0,0.621,4,34.015,539.219,0.967,0.417,6.220,0.983,6.326,0.028,0.207,0.793,0.774,0.700
1911,63.700,6.083,7.280,-4.963,-6.720,2,1,1,204.941,0.893,5,0,0.621,4,0.000,529.115,0.967,0.417,3.131,0.933,8.612,0.963,0.181,0.819,0.663,0.700
1914,63.800,1.000,2.236,-5.083,-5.044,2,1,1,207.685,0.884,5,0,0.655,4,2.236,525.915,0.967,0.408,1.423,0.427,11.439,0.596,0.136,0.864,0.628,0.700
1917,63.900,2.236,18.439,1.236,16.203,2,1,1,225.499,0.931,5,0,0.655,4,34.015,556.474,0.967,0.399,2.412,0.830,13.113,1.565,0.166,0.834,0.715,0.700
1920,64.000,7.810,39.115,5.574,20.676,2,1,1,257.163,0.841,5,0,0.655,4,0.000,574.524,0.967,0.389,6.523,0.900,13.369,0.040,0.223,0.777,0.927,0.700
1923,64.100,27.731,32.650,19.921,-6.466,2,1,1,286.904,0.952,5,0,0.655,4,0.000,597.619,1.000,0.379,7.416,0.899,13.999,0.224,0.256,0.744,0.918,0.700
1926,64.200,24.187,30.000,-3.544,-2.650,2,1,1,284.178,0.921,5,0,0.655,4,0.000,612.269,1.000,0.379,11.162,0.841,14.489,0.176,0.258,0.742,0.922,0.700
1929,64.300,6.083,36.359,-18.104,6.359,2,1,1,267.081,1.027,5,0,0.655,5,0.000,477.379,1.000,0.369,9.921,0.790,13.030,0.065,0.243,0.757,0.997,0.700
1932,64.400,16.553,22.361,10.470,-13.999,2,1,1,277.146,1.044,5,0,0.690,6,0.000,406.438,1.000,0.358,11.018,0.709,7.581,0.046,0.242,0.758,0.925,0.700
1935,64.500,21.587,0.000,5.034,0.000,1,1,0,0.000,1.095,6,1,0.690,5,67.624,422.648,1.000,0.347,9.863,0.780,5.842,0.136,0.246,0.754,0.835,0.750
1938,64.600,42.379,0.000,20.792,0.000,1,1,0,0.000,1.088,6,0,0.690,5,0.000,765.704,1.000,0.347,10.863,0.699,3.828,0.004,0.252,0.748,0.957,0.700
1941,64.700,50.249,44.688,7.870,22.327,2,1,1,402.515,0.920,6,0,0.690,6,58.310,1219.010,1.000,0.347,8.629,0.724,2.049,0.038,0.248,0.752,1.000,0.700
1944,64.800,19.647,24.839,-30.602,-19.848,2,1,1,413.261,0.777,6,0,0.690,6,0.000,2058.269,1.000,0.336,10.386,0.736,1.265,0.070,0.230,0.770,0.936,0.550
1947,64.900,19.000,18.385,-0.647,-6.455,2,1,1,406.854,0.883,6,0,0.724,6,0.000,2644.669,1.000,0.336,9.474,0.661,0.783,0.056,0.228,0.772,0.909,0.000
1950,65.000,79.404,21.541,60.404,3.156,2,1,1,474.292,0.847,6,0,0.759,6,224.502,3341.149,1.000,0.324,6.597,0.663,0.497,0.334,0.244,0.756,1.000,0.750
1953,65.100,0.000,541.790,0.000,-5.577,2,0,1,541.790,1.100,4,1,0.759,5,224.502,3341.149,1.000,0.324,4.340,0.584,0.312,0.964,0.224,0.776,0.968,0.750
1956,65.200,101.833,36.715,22.429,-505.075,2,1,1,534.413,1.370,4,0,0.759,5,224.502,3341.149,1.000,0.324,3.559,0.627,0.231,0.512,0.192,0.808,0.945,0.750
1959,65.300,14.213,31.048,-87.621,-5.667,2,1,1,495.004,1.356,4,0,0.793,5,270.007,3631.337,1.000,0.311,3.261,0.747,0.212,0.311,0.190,0.810,0.852,0.750
1962,65.400,12.166,32.894,-2.047,1.845,2,1,1,466.473,1.255,6,1,0.793,6,251.718,4067.559,1.000,0.311,3.135,0.799,0.228,0.182,0.202,0.798,0.855,0.750
1965,65.500,9.220,19.647,-2.946,-13.247,2,1,1,438.657,1.048,6,0,0.793,6,220.819,4165.974,1.000,0.311,2.472,0.824,0.221,0.267,0.192,0.808,0.763,0.750
1968,65.600,3.606,6.325,-5.614,-13.322,2,1,1,429.913,1.062,5,1,0.793,6,3.162,4212.659,1.000,0.311,1.970,0.890,0.100,0.341,0.263,0.737,0.672,0.750
1971,65.700,2.000,5.000,-1.606,-1.325,2,1,1,431.189,1.155,4,1,0.759,6,2.828,4276.247,1.000,0.311,1.297,0.960,0.067,0.050,0.144,0.856,0.643,0.750
1974,65.800,430.680,0.000,429.265,0.000,2,1,0,430.680,1.027,4,0,0.759,6,4.123,4247.684,1.000,0.311,1.095,0.946,0.357,0.364,0.123,0.877,0.861,0.500
1977,65.900,429.684,14.036,-0.996,9.036,2,1,1,431.567,1.391,4,0,0.793,6,4.000,4125.648,1.000,0.311,0.832,0.949,0.594,0.484,0.114,0.886,0.854,0.500
1980,66.000,427.702,0.000,426.702,0.000,2,1,0,427.702,1.414,4,0,0.793,6,2.236,3935.188,1.000,0.311,0.923,0.922,0.866,0.138,0.133,0.867,0.859,0.500
1983,66.100,427.591,0.000,-0.224,0.000,2,1,0,427.591,1.854,4,0,0.793,6,2.236,3952.987,1.000,0.311,0.929,0.964,1.057,0.083,0.130,0.870,0.856,0.350
1986,66.200,427.591,0.000,0.883,0.000,2,1,0,427.591,2.467,4,0,0.828,6,4.123,3966.064,1.000,0.311,1.065,0.973,1.212,0.047,0.153,0.847,0.859,0.350
1989,66.300,427.702,0.000,0.994,0.000,2,1,0,427.702,2.750,5,1,0.793,6,2.236,3746.649,1.000,0.298,1.217,0.978,1.314,0.297,0.153,0.847,0.862,0.750
1992,66.400,425.071,0.000,-0.758,0.000,2,1,0,425.071,3.139,5,0,0.793,6,5.385,3531.188,1.000,0.298,1.132,0.979,1.536,0.093,0.149,0.851,0.860,0.700
1995,66.500,424.078,4.123,-0.993,-9.913,2,1,1,423.085,3.139,5,0,0.793,6,0.000,3245.844,1.000,0.298,1.068,0.963,1.772,0.014,0.144,0.856,0.859,0.700
1998,66.600,2.000,8.485,-422.078,4.362,2,1,1,415.924,3.125,4,1,0.759,6,31.780,3326.034,1.000,0.298,1.075,0.921,1.848,0.099,0.144,0.856,0.660,0.750
2001,66.700,2.236,11.662,0.236,3.177,2,1,1,406.234,2.871,5,1,0.724,6,16.553,3366.144,1.000,0.298,1.097,0.865,1.824,0.401,0.152,0.848,0.682,0.750
2004,66.800,2.000,9.434,-0.236,-2.228,2,1,1,410.542,2.617,5,0,0.724,6,14.765,2987.499,1.000,0.298,1.235,0.827,1.906,0.392,0.146,0.854,0.675,0.700
2007,66.900,410.542,0.000,409.128,0.000,2,1,0,410.542,2.050,7,1,0.690,6,0.000,2533.064,1.000,0.298,0.973,0.795,2.127,0.873,0.139,0.861,0.843,0.750
2010,67.000,402.672,0.000,-7.065,0.000,2,1,0,402.672,2.051,7,0,0.690,6,0.000,1280.185,1.000,0.298,1.016,0.827,2.254,0.829,0.140,0.860,0.842,0.700
2013,67.100,398.201,0.000,-3.488,0.000,2,1,0,398.201,2.065,7,0,0.690,6,2.236,1230.594,1.000,0.298,1.228,0.894,2.002,0.040,0.155,0.845,0.842,0.700
2016,67.200,394.230,0.000,-2.987,0.000,2,1,0,394.230,2.572,6,1,0.655,6,4.243,105.725,1.000,0.298,0.627,0.894,1.746,0.362,0.108,0.892,0.853,0.750
2019,67.300,394.742,26.683,0.512,17.249,2,1,1,380.764,2.865,7,1,0.621,6,270.601,1659.734,1.000,0.298,1.745,0.940,1.523,1.798,0.179,0.821,0.852,0.750
2022,67.400,366.722,0.000,331.338,0.000,2,1,0,366.722,2.757,7,0,0.655,6,49.406,1652.874,1.000,0.298,1.371,0.496,1.306,1.023,0.102,0.898,0.874,0.500
2025,67.500,0.000,38.013,0.000,11.330,1,0,1,0.000,1.422,5,1,0.621,4,22.204,1641.670,1.000,0.311,2.842,0.699,1.135,1.720,0.155,0.845,0.797,0.750
2028,67.600,0.000,20.224,0.000,-17.789,1,0,1,0.000,1.262,5,0,0.621,4,50.210,1673.265,1.000,0.311,2.543,0.804,0.955,2.059,0.162,0.838,0.684,0.580
2031,67.700,0.000,5.831,0.000,-14.393,1,0,1,0.000,1.301,5,0,0.621,4,0.000,1775.709,1.000,0.311,4.856,0.909,0.811,0.923,0.201,0.799,0.654,0.580
2034,67.800,0.000,4.123,0.000,-1.708,1,0,1,0.000,1.163,5,0,0.621,4,58.000,1795.154,1.000,0.324,4.248,0.891,0.610,0.138,0.180,0.820,0.631,0.580
2037,67.900,0.000,3.162,0.000,-0.961,1,0,1,0.000,1.221,5,0,0.621,3,2.828,1753.828,1.000,0.324,1.718,0.920,0.424,0.179,0.134,0.866,0.524,0.580
2040,68.000,0.000,5.099,0.000,1.937,1,0,1,0.000,1.519,5,0,0.655,4,5.831,1729.244,1.000,0.336,1.803,0.892,0.258,0.213,0.145,0.855,0.575,0.580
2043,68.100,0.000,15.000,0.000,9.901,1,0,1,0.000,1.657,5,0,0.655,4,16.553,1720.188,1.000,0.336,2.179,0.679,0.005,0.613,0.122,0.878,0.654,0.580
2046,68.200,0.000,49.244,0.000,34.244,1,0,1,0.000,1.471,5,0,0.655,4,0.000,1778.858,1.000,0.336,3.162,0.851,0.321,0.657,0.148,0.852,0.833,0.580
2049,68.300,124.193,0.000,-242.529,0.000,1,1,0,0.000,2.601,5,0,0.690,4,0.000,1780.448,1.000,0.347,1.579,0.679,0.765,2.673,0.118,0.882,0.806,0.550
2052,68.400,0.000,0.000,0.000,0.000,0,0,0,0.000,0.000,5,0,0.690,0,0.000,1780.448,0.967,0.347,1.198,0.581,1.207,0.747,0.106,0.894,0.275,0.650
2055,68.500,0.000,13.038,0.000,-36.206,1,0,1,0.000,1.595,5,0,0.724,4,0.000,1802.610,0.967,0.339,1.535,0.338,2.189,2.698,0.120,0.880,0.647,0.700
2058,68.600,0.000,15.652,0.000,2.614,1,0,1,0.000,1.898,5,0,0.759,4,89.499,620.399,0.967,0.339,1.587,0.851,4.110,0.092,0.122,0.878,0.627,0.700
2061,68.700,0.000,3.606,0.000,-12.047,1,0,1,0.000,2.116,5,0,0.759,4,0.000,604.329,0.967,0.350,1.359,0.881,8.861,0.012,0.120,0.880,0.552,0.700
2064,68.800,0.000,4.123,0.000,0.518,1,0,1,0.000,2.110,4,1,0.724,3,4.472,560.168,0.967,0.350,1.071,0.843,7.768,0.658,0.115,0.885,0.542,0.750
2067,68.900,0.000,6.403,0.000,2.280,1,0,1,0.000,2.066,4,0,0.724,3,4.472,542.600,0.967,0.360,0.810,0.876,4.760,0.720,0.092,0.908,0.545,0.700
2070,69.000,0.000,4.123,0.000,-2.280,1,0,1,0.000,2.049,4,0,0.724,3,33.615,532.064,0.967,0.360,0.623,0.520,4.433,0.374,0.076,0.924,0.553,0.700
2073,69.100,0.000,5.000,0.000,0.877,1,0,1,0.000,1.743,5,1,0.690,3,33.015,513.694,0.967,0.371,0.742,0.492,1.596,2.873,0.081,0.919,0.536,0.750
2076,69.200,0.000,8.544,0.000,3.544,1,0,1,0.000,1.786,5,0,0.724,3,15.133,497.350,0.967,0.371,0.657,0.899,0.954,2.990,0.089,0.911,0.525,0.580
2079,69.300,0.000,0.000,0.000,0.000,0,0,0,0.000,0.000,4,1,0.690,0,15.133,497.350,0.933,0.371,0.617,0.746,0.016,0.537,0.085,0.915,0.245,0.750
2082,69.400,0.000,3.162,0.000,-5.382,1,0,1,0.000,1.521,4,0,0.690,3,5.385,478.089,0.933,0.366,0.739,0.951,0.349,0.784,0.095,0.905,0.516,0.650
2085,69.500,0.000,2.000,0.000,-1.162,1,0,1,0.000,1.378,5,1,0.690,4,8.062,421.669,0.933,0.366,1.228,0.924,0.439,2.884,0.176,0.824,0.533,0.750
2088,69.600,0.000,2.000,0.000,0.000,1,0,1,0.000,1.050,5,0,0.724,4,0.000,294.879,0.933,0.366,1.408,0.841,0.519,0.697,0.145,0.855,0.543,0.580
2091,69.700,0.000,1.000,0.000,-1.000,1,0,1,0.000,1.350,5,0,0.724,3,3.000,264.475,0.933,0.366,1.713,0.942,0.634,0.913,0.147,0.853,0.502,0.580
2094,69.800,0.000,6.403,0.000,5.403,1,0,1,0.000,1.292,4,1,0.724,3,0.000,259.788,0.933,0.366,1.144,0.911,0.825,1.101,0.136,0.864,0.547,0.750
2097,69.900,0.000,3.606,0.000,-2.798,1,0,1,0.000,1.216,4,0,0.724,3,2.828,253.735,0.933,0.376,1.016,0.927,0.879,0.015,0.123,0.877,0.528,0.580
2100,70.000,0.000,1.414,0.000,-2.191,1,0,1,0.000,1.553,4,0,0.724,3,1.000,246.637,0.933,0.376,0.710,0.886,0.913,1.245,0.103,0.897,0.511,0.580
2103,70.100,0.000,2.236,0.000,0.822,1,0,1,0.000,1.558,4,0,0.759,3,8.062,237.129,0.933,0.376,0.376,0.085,1.013,0.395,0.058,0.942,0.563,0.580
2106,70.200,0.000,4.123,0.000,1.887,1,0,1,0.000,1.838,4,0,0.793,3,7.211,235.744,0.933,0.376,0.897,0.811,1.122,0.203,0.116,0.884,0.536,0.580
2109,70.300,0.000,7.280,0.000,3.157,1,0,1,0.000,1.929,4,0,0.793,3,12.042,237.035,0.933,0.386,0.470,0.747,1.256,0.121,0.071,0.929,0.547,0.580
2112,70.400,0.000,7.211,0.000,-0.069,1,0,1,0.000,2.283,4,0,0.828,3,5.000,53.658,0.933,0.391,0.463,0.856,1.212,0.374,0.074,0.926,0.539,0.580
2115,70.500,0.000,2.000,0.000,-5.211,1,0,1,0.000,2.209,4,0,0.828,3,1.414,51.815,0.933,0.391,0.433,0.488,1.160,2.002,0.061,0.939,0.535,0.580
2118,70.600,0.000,2.236,0.000,0.236,1,0,1,0.000,2.263,4,0,0.828,3,2.000,51.578,0.933,0.391,0.411,0.769,1.000,1.155,0.060,0.940,0.516,0.580
2121,70.700,0.000,2.236,0.000,0.000,1,0,1,0.000,2.421,4,0,0.828,3,1.000,51.059,0.933,0.400,0.782,0.823,0.893,1.959,0.101,0.899,0.521,0.580
2124,70.800,0.000,7.071,0.000,4.835,1,0,1,0.000,2.290,4,1,0.793,3,0.000,53.529,0.933,0.400,2.107,0.974,0.832,2.076,0.181,0.819,0.571,0.750
2127,70.900,0.000,4.000,0.000,-3.071,1,0,1,0.000,2.151,4,0,0.793,3,67.624,104.727,0.933,0.400,2.608,0.925,0.670,0.525,0.190,0.810,0.570,0.580
2130,71.000,0.000,3.162,0.000,-0.838,1,0,1,0.000,1.826,4,0,0.793,3,0.000,112.459,0.933,0.400,3.344,0.954,0.381,0.075,0.206,0.794,0.581,0.580
2133,71.100,0.000,2.236,0.000,-0.926,1,0,1,0.000,1.597,6,1,0.759,5,0.000,119.304,0.933,0.391,2.184,0.510,0.120,1.830,0.125,0.875,0.593,0.750
2136,71.200,357.329,35.014,233.136,32.778,2,1,1,374.226,2.456,6,0,0.759,6,0.000,167.988,0.933,0.389,3.347,0.823,0.036,0.039,0.205,0.795,0.918,0.650
2139,71.300,0.000,30.000,0.000,-5.014,1,0,1,0.000,1.374,6,0,0.759,5,0.000,304.857,0.933,0.389,6.945,0.882,0.595,0.444,0.229,0.771,0.841,0.650
2142,71.400,0.000,0.000,0.000,0.000,0,0,0,0.000,0.000,4,1,0.724,0,0.000,304.857,0.933,0.389,12.517,0.066,1.767,0.152,0.447,0.553,0.477,0.750
2145,71.500,0.000,0.000,0.000,0.000,0,0,0,0.000,0.000,4,0,0.724,0,0.000,304.857,0.900,0.389,5.435,0.987,3.911,0.320,0.169,0.831,0.345,0.700
2148,71.600,0.000,0.000,0.000,0.000,0,0,0,0.000,0.000,4,0,0.724,0,0.000,304.857,0.867,0.389,3.313,0.975,5.070,0.167,0.135,0.865,0.289,0.700
2151,71.700,363.497,0.000,6.168,0.000,1,1,0,0.000,2.324,4,0,0.759,3,237.592,1198.344,0.867,0.341,1.513,0.138,5.829,0.366,0.072,0.928,0.817,0.750
2154,71.800,0.000,399.081,0.000,369.081,1,0,1,0.000,1.508,4,0,0.759,3,237.592,1198.344,0.867,0.341,3.544,0.898,6.342,2.381,0.136,0.864,0.815,0.750
2157,71.900,48.877,0.000,-314.620,0.000,1,1,0,0.000,2.081,4,0,0.759,3,31.113,2299.194,0.867,0.341,3.456,0.948,6.774,0.279,0.148,0.852,0.809,0.700
2160,72.000,0.000,0.000,0.000,0.000,0,0,0,0.000,0.000,4,0,0.793,0,31.113,2299.194,0.833,0.341,1.889,0.600,7.110,2.433,0.106,0.894,0.275,0.700
2163,72.100,0.000,0.000,0.000,0.000,0,0,0,0.000,0.000,4,0,0.793,0,31.113,2299.194,0.800,0.341,2.367,0.496,7.196,0.322,0.087,0.913,0.290,0.700
2166,72.200,0.000,0.000,0.000,0.000,0,0,0,0.000,0.000,4,0,0.828,0,31.113,2299.194,0.767,0.341,2.148,0.686,7.318,0.079,0.115,0.885,0.268,0.700
2169,72.300,0.000,0.000,0.000,0.000,0,0,0,0.000,0.000,4,0,0.828,0,31.113,2299.194,0.767,0.341,2.939,0.675,7.572,2.443,0.138,0.862,0.288,0.700
2172,72.400,0.000,0.000,0.000,0.000,0,0,0,0.000,0.000,4,0,0.862,0,31.113,2299.194,0.733,0.341,2.582,0.790,5.837,0.758,0.131,0.869,0.267,0.700
2175,72.500,0.000,410.505,0.000,-178.638,2,0,1,410.505,1.651,4,0,0.862,6,10.296,3233.475,0.733,0.294,2.693,0.777,4.300,0.541,0.105,0.895,0.881,0.700
2178,72.600,137.186,367.764,88.309,-42.741,2,1,1,386.395,2.014,4,0,0.862,6,20.125,3767.824,0.733,0.286,2.942,0.758,3.006,1.111,0.112,0.888,0.889,0.700
2181,72.700,10.050,69.921,-127.136,-297.842,2,1,1,337.960,2.265,4,0,0.897,6,10.817,4779.150,0.733,0.277,2.109,0.731,2.891,1.488,0.078,0.922,0.870,0.700
2184,72.800,21.587,52.773,11.537,-17.148,2,1,1,287.141,2.181,4,0,0.897,6,0.000,4423.570,0.733,0.268,3.290,0.231,2.321,2.992,0.096,0.904,0.934,0.700
2187,72.900,0.000,0.000,0.000,0.000,0,0,0,0.000,0.000,3,1,0.862,0,0.000,4423.570,0.700,0.268,11.528,0.307,1.024,1.834,0.358,0.642,0.332,0.750
2190,73.000,149.402,143.283,127.815,90.510,2,1,1,460.336,2.207,3,0,0.862,4,217.807,5111.125,0.700,0.274,2.952,0.810,0.297,2.093,0.111,0.889,0.781,0.750
2193,73.100,6.708,58.523,-142.694,-84.759,2,1,1,498.691,2.239,3,0,0.862,4,223.607,3810.400,0.700,0.265,3.690,0.788,0.144,0.188,0.118,0.882,0.801,0.750
2196,73.200,3.162,0.000,-3.546,0.000,1,1,0,0.000,1.189,4,1,0.828,2,227.903,3575.669,0.700,0.274,2.678,0.807,0.093,0.072,0.133,0.867,0.502,0.750
2199,73.300,1.000,0.000,-2.162,0.000,1,1,0,0.000,1.281,4,0,0.828,2,0.000,3890.424,0.700,0.274,1.609,0.327,0.105,2.951,0.074,0.926,0.497,0.580
2202,73.400,14.765,0.000,13.765,0.000,1,1,0,0.000,1.463,4,0,0.828,2,0.000,3910.000,0.700,0.282,2.419,0.691,0.002,2.328,0.101,0.899,0.568,0.580
2205,73.500,38.471,101.020,23.706,42.496,2,1,1,584.911,2.073,3,1,0.793,4,65.742,4158.769,0.700,0.282,3.121,0.567,0.092,1.221,0.150,0.850,0.802,0.750
2208,73.600,0.000,93.408,0.000,-7.612,1,0,1,0.000,2.005,3,0,0.793,2,65.742,4158.769,0.700,0.290,4.212,0.420,0.100,0.757,0.135,0.865,0.730,0.650
2211,73.700,0.000,36.222,0.000,-57.186,1,0,1,0.000,1.721,3,0,0.828,2,65.742,4158.769,0.700,0.290,2.602,0.387,0.106,1.673,0.095,0.905,0.643,0.580
2214,73.800,0.000,52.555,0.000,16.333,1,0,1,0.000,1.374,3,0,0.828,1,65.742,4158.769,0.700,0.299,3.788,0.558,0.132,1.760,0.137,0.863,0.650,0.550
2217,73.900,120.801,71.589,82.331,19.034,2,1,1,540.683,1.756,3,0,0.828,4,0.000,3205.769,0.700,0.297,3.576,0.256,0.133,0.579,0.130,0.870,0.835,0.650
2220,74.000,0.000,504.036,0.000,484.036,2,0,1,504.036,1.177,3,0,0.862,4,0.000,3276.294,0.700,0.297,4.500,0.523,0.107,0.684,0.135,0.865,0.840,0.500
2223,74.100,0.000,497.733,0.000,14.649,2,0,1,497.733,1.707,3,0,0.862,4,156.525,3746.029,0.700,0.297,4.718,0.316,0.046,1.311,0.145,0.855,0.860,0.750
2226,74.200,103.392,527.595,-17.409,29.863,2,1,1,525.602,2.039,3,0,0.862,4,0.000,3459.164,0.700,0.371,4.832,0.504,0.021,0.597,0.148,0.852,0.850,0.500
2229,74.300,38.626,16.155,-64.766,-511.440,2,1,1,532.094,2.275,3,0,0.897,4,0.000,2900.248,0.700,0.371,4.071,0.625,0.077,0.585,0.090,0.910,0.787,0.580
2232,74.400,0.000,577.728,0.000,549.836,2,0,1,577.728,2.338,4,1,0.862,6,257.344,3823.150,0.733,0.371,3.601,0.485,0.196,0.381,0.121,0.879,0.924,0.750
2235,74.500,0.000,567.786,0.000,-10.215,2,0,1,567.786,2.836,4,0,0.862,6,267.761,3830.265,0.767,0.371,2.361,0.289,0.018,0.479,0.096,0.904,0.911,0.750
2238,74.600,0.000,550.218,0.000,-17.568,1,0,1,0.000,2.831,4,0,0.862,3,31.906,3978.154,0.800,0.381,3.716,0.201,0.074,1.500,0.103,0.897,0.860,0.650
2241,74.700,60.465,32.558,21.838,-517.660,2,1,1,480.935,2.797,3,1,0.828,4,61.400,4505.364,0.800,0.389,4.131,0.593,0.063,2.102,0.096,0.904,0.838,0.750
2244,74.800,0.000,476.820,0.000,446.736,2,0,1,476.820,2.453,3,0,0.828,4,0.000,4601.944,0.800,0.389,4.667,0.559,0.073,0.827,0.147,0.853,0.854,0.500
2247,74.900,38.833,444.083,-21.632,-32.736,2,1,1,445.982,2.556,3,0,0.828,4,0.000,4112.194,0.800,0.379,2.984,0.382,0.218,0.711,0.095,0.905,0.824,0.500
2250,75.000,2.236,21.260,-36.597,-422.823,2,1,1,426.986,2.513,3,0,0.828,4,0.000,3844.649,0.833,0.369,2.616,0.676,0.263,0.422,0.085,0.915,0.666,0.580
2253,75.100,8.944,7.810,6.708,-13.450,2,1,1,430.119,2.321,3,0,0.828,4,0.000,2434.044,0.867,0.369,1.160,0.111,0.215,1.076,0.063,0.937,0.605,0.580
2256,75.200,3.162,3.162,-5.782,-4.648,2,1,1,430.593,2.128,3,0,0.828,3,107.201,2949.239,0.900,0.369,0.695,0.735,0.071,0.745,0.054,0.946,0.521,0.596
2259,75.300,6.403,1.414,3.241,-1.748,2,1,1,434.844,2.005,3,0,0.828,4,109.772,2778.294,0.933,0.358,0.713,0.602,0.001,1.693,0.052,0.948,0.553,0.610
2262,75.400,7.280,10.440,0.877,9.026,2,1,1,423.959,1.786,3,0,0.828,4,100.499,2887.084,0.967,0.358,0.916,0.344,0.115,0.499,0.064,0.936,0.603,0.580
2265,75.500,9.055,9.849,1.775,-0.591,2,1,1,423.495,1.721,3,0,0.828,4,0.000,2960.400,0.967,0.358,3.233,0.529,0.225,1.039,0.139,0.861,0.644,0.580
2268,75.600,20.396,6.000,11.341,-3.849,2,1,1,444.891,1.646,3,0,0.828,4,51.884,3402.429,0.967,0.358,3.756,0.674,0.317,2.145,0.134,0.866,0.706,0.580
2271,75.700,7.211,25.239,-13.185,19.239,2,1,1,421.859,1.652,3,0,0.828,4,0.000,2531.674,0.967,0.358,4.017,0.567,0.398,1.987,0.152,0.848,0.747,0.580
2274,75.800,5.099,0.000,-2.112,0.000,1,1,0,0.000,1.635,3,0,0.862,2,0.000,2510.609,0.967,0.358,4.006,0.230,0.511,1.041,0.108,0.892,0.548,0.650
2277,75.900,15.000,0.000,9.901,0.000,1,1,0,0.000,1.267,3,0,0.862,2,0.000,2454.954,1.000,0.369,2.235,0.616,0.538,1.058,0.110,0.890,0.536,0.580
2280,76.000,16.553,0.000,1.553,0.000,1,1,0,0.000,1.310,3,0,0.862,2,12.042,2373.225,1.000,0.379,3.230,0.184,0.836,1.267,0.151,0.849,0.600,0.580
2283,76.100,5.099,0.000,-11.454,0.000,1,1,0,0.000,1.521,3,0,0.897,2,30.480,2257.865,1.000,0.379,3.121,0.342,0.699,1.006,0.114,0.886,0.522,0.580
2286,76.200,26.833,0.000,21.734,0.000,1,1,0,0.000,1.457,3,0,0.897,2,10.198,2263.179,1.000,0.389,3.779,0.388,0.743,1.418,0.079,0.921,0.656,0.580
2289,76.300,430.680,0.000,414.555,0.000,2,1,0,430.680,1.333,3,0,0.897,4,187.920,2539.969,1.000,0.389,3.588,0.229,0.883,0.498,0.075,0.925,0.874,0.750
2292,76.400,377.330,0.000,-33.917,0.000,2,1,0,377.330,1.666,3,0,0.931,4,139.589,2687.409,1.000,0.389,2.745,0.318,1.367,1.320,0.086,0.914,0.846,0.750
2295,76.500,390.852,0.000,4.856,0.000,2,1,0,390.852,2.082,3,0,0.931,4,0.000,2945.569,1.000,0.389,2.681,0.121,1.536,0.602,0.086,0.914,0.859,0.700
2298,76.600,481.201,0.000,64.969,0.000,2,1,0,481.201,2.409,3,0,0.931,4,187.553,3289.354,1.000,0.389,3.434,0.039,1.409,0.903,0.112,0.888,0.883,0.750
2301,76.700,503.775,0.000,22.057,0.000,2,1,0,503.775,3.100,3,0,0.931,4,180.100,3515.389,1.000,0.389,2.615,0.419,0.743,1.120,0.103,0.897,0.836,0.750
2304,76.800,494.291,87.367,-9.483,62.128,2,1,1,451.453,3.101,3,0,0.931,4,0.000,3593.349,1.000,0.389,4.635,0.308,0.404,0.095,0.131,0.869,0.894,0.500
2307,76.900,361.134,0.000,334.886,0.000,2,1,0,361.134,2.753,3,0,0.931,4,152.315,3638.194,1.000,0.389,4.271,0.685,0.017,0.099,0.168,0.832,0.859,0.750
2310,77.000,367.766,0.000,6.632,0.000,1,1,0,0.000,2.756,3,0,0.931,2,42.012,3361.078,1.000,0.389,2.487,0.412,0.253,0.017,0.099,0.901,0.723,0.650
2313,77.100,19.026,25.000,-348.740,-62.367,2,1,1,431.208,2.434,4,1,0.897,4,45.277,3522.638,1.000,0.389,3.498,0.238,0.286,2.172,0.108,0.892,0.860,0.750
2316,77.200,5.385,44.045,-13.641,19.045,2,1,1,420.739,2.106,4,0,0.897,4,31.241,3699.677,1.000,0.389,1.816,0.690,0.332,1.551,0.088,0.912,0.892,0.580
2319,77.300,11.180,0.000,5.795,0.000,1,1,0,0.000,1.819,4,0,0.931,2,31.241,3699.677,1.000,0.399,2.517,0.761,0.278,2.485,0.100,0.900,0.582,0.650
2322,77.400,12.649,0.000,1.469,0.000,1,1,0,0.000,1.454,3,1,0.897,2,208.806,3929.784,1.000,0.399,3.635,0.706,0.206,2.409,0.112,0.888,0.552,0.750
2325,77.500,1.414,0.000,-11.235,0.000,1,1,0,0.000,1.120,3,0,0.897,2,208.806,3929.784,1.000,0.408,2.307,0.331,0.349,2.422,0.091,0.909,0.482,0.750
2328,77.600,3.606,0.000,2.191,0.000,1,1,0,0.000,0.821,3,0,0.931,2,208.806,3929.784,1.000,0.408,3.178,0.209,0.257,0.469,0.091,0.909,0.525,0.750
2331,77.700,11.705,0.000,8.099,0.000,1,1,0,0.000,0.750,3,0,0.931,2,208.806,3929.784,1.000,0.417,4.573,0.197,0.295,0.078,0.106,0.894,0.606,0.750
2334,77.800,28.071,0.000,16.367,0.000,1,1,0,0.000,0.411,3,0,0.931,2,50.804,4170.594,1.000,0.417,6.867,0.445,0.360,1.534,0.118,0.882,0.736,0.580
2337,77.900,40.050,0.000,11.979,0.000,1,1,0,0.000,0.345,3,0,0.931,2,50.804,4170.594,1.000,0.417,6.618,0.395,0.631,2.332,0.132,0.868,0.800,0.580
2340,78.000,200.838,0.000,160.788,0.000,1,1,0,0.000,0.590,4,1,0.897,2,30.017,3812.708,1.000,0.417,11.065,0.113,0.864,0.807,0.519,0.481,0.952,0.769
2343,78.100,17.263,120.104,-183.576,76.059,2,1,1,413.769,1.073,4,0,0.897,5,0.000,3416.328,1.000,0.408,1.668,0.062,1.333,0.834,0.076,0.924,0.937,0.650
2346,78.200,0.000,402.419,0.000,-13.928,2,0,1,402.419,1.461,4,0,0.897,5,159.881,3454.155,1.000,0.399,1.566,0.535,1.162,0.458,0.095,0.905,0.902,0.750
2349,78.300,28.160,0.000,10.898,-402.419,2,1,1,422.057,1.610,4,0,0.897,5,170.047,4245.444,1.000,0.399,1.205,0.297,1.136,1.162,0.080,0.920,0.816,0.750
2352,78.400,21.213,14.036,-6.947,14.036,2,1,1,454.419,1.715,4,0,0.897,5,0.000,3584.499,1.000,0.399,1.973,0.075,0.716,0.919,0.088,0.912,0.812,0.580
2355,78.500,28.018,21.095,6.805,7.059,2,1,1,492.468,1.458,4,0,0.897,5,26.000,3590.149,1.000,0.399,3.000,0.460,0.371,0.536,0.115,0.885,0.848,0.580
2358,78.600,35.014,21.213,6.996,0.118,2,1,1,504.608,1.000,4,0,0.897,5,29.120,3684.409,1.000,0.389,3.452,0.573,0.471,0.770,0.087,0.913,0.891,0.580
2361,78.700,41.761,15.811,6.747,-5.402,2,1,1,501.969,0.883,4,0,0.897,5,54.406,3529.144,1.000,0.389,3.583,0.584,0.496,0.080,0.100,0.900,0.931,0.580
2364,78.800,45.222,15.811,3.460,0.000,2,1,1,487.986,0.901,4,0,0.897,4,52.631,2707.574,1.000,0.389,2.330,0.495,0.795,1.034,0.095,0.905,0.924,0.580
2367,78.900,29.000,1.000,-16.222,-14.811,2,1,1,466.154,0.773,4,0,0.897,3,81.786,3134.807,1.000,0.389,1.493,0.387,0.926,0.584,0.072,0.928,0.776,0.580
2370,79.000,16.155,6.403,-12.845,5.403,2,1,1,447.135,0.362,4,0,0.897,4,34.986,3357.815,1.000,0.379,2.141,0.852,0.634,1.629,0.132,0.868,0.734,0.580
2373,79.100,0.000,6.325,-16.155,-0.079,2,1,1,445.325,0.395,4,0,0.897,4,294.978,5160.894,1.000,0.369,1.433,0.904,0.672,0.320,0.115,0.885,0.658,0.750
2376,79.200,1.414,5.831,1.414,-0.494,2,1,1,447.493,0.437,3,1,0.862,2,294.978,5160.894,1.000,0.369,0.944,0.929,0.513,0.257,0.097,0.903,0.581,0.750
2379,79.300,5.099,2.236,3.685,-3.595,2,1,1,448.697,0.719,3,0,0.862,2,294.978,5160.894,1.000,0.369,0.519,0.603,0.111,0.096,0.067,0.933,0.589,0.750
2382,79.400,8.246,0.000,3.147,-2.236,2,1,1,447.219,0.688,4,1,0.828,3,372.907,5657.534,1.000,0.369,0.513,0.277,0.448,0.858,0.060,0.940,0.644,0.750
2385,79.500,10.198,3.606,1.952,3.606,2,1,1,449.259,0.772,4,0,0.828,3,10.198,5979.734,1.000,0.358,0.554,0.121,0.840,1.010,0.057,0.943,0.667,0.580
2388,79.600,7.071,3.000,-3.127,-0.606,2,1,1,448.028,1.198,4,0,0.828,3,10.198,5979.734,1.000,0.369,0.556,0.477,1.070,0.944,0.061,0.939,0.625,0.580
2391,79.700,2.000,2.236,-5.071,-0.764,2,1,1,450.371,1.436,3,1,0.793,2,10.198,5979.734,1.000,0.369,0.285,0.687,1.015,1.523,0.041,0.959,0.561,0.750
2394,79.800,2.000,1.000,0.000,-1.236,2,1,1,452.236,1.663,3,0,0.793,2,10.198,5979.734,1.000,0.379,0.354,0.512,0.998,1.009,0.053,0.947,0.574,0.580
2397,79.900,4.123,1.414,2.123,0.414,2,1,1,452.604,1.735,3,0,0.793,2,10.198,5979.734,1.000,0.389,0.457,0.617,0.894,0.280,0.070,0.930,0.581,0.580
2400,80.000,6.325,3.606,2.201,2.191,2,1,1,452.134,1.624,4,1,0.793,2,10.198,5979.734,1.000,0.389,0.621,0.852,0.861,1.108,0.081,0.919,0.551,0.750
2403,80.100,3.606,3.000,-2.719,-0.606,2,1,1,452.408,1.473,3,1,0.759,2,10.198,5979.734,1.000,0.399,0.722,0.854,0.940,0.143,0.075,0.925,0.468,0.750
2406,80.200,1.000,1.414,-2.606,-1.586,2,1,1,451.418,1.375,3,0,0.759,1,10.198,5979.734,1.000,0.408,0.550,0.734,1.010,0.837,0.053,0.947,0.400,0.580
2409,80.300,6.325,8.944,5.325,7.530,2,1,1,441.808,1.243,3,0,0.793,2,10.198,5979.734,1.000,0.408,0.792,0.767,1.156,0.405,0.075,0.925,0.506,0.580
2412,80.400,22.847,5.831,16.523,-3.113,2,1,1,450.344,0.995,3,0,0.793,4,101.079,6035.994,1.000,0.408,3.194,0.903,1.188,1.325,0.159,0.841,0.694,0.562
2415,80.500,32.202,7.211,9.355,1.380,2,1,1,418.025,0.899,3,0,0.793,4,133.660,5138.878,1.000,0.417,2.467,0.702,1.060,2.571,0.130,0.870,0.741,0.743
2418,80.600,30.017,11.402,-2.186,4.191,2,1,1,378.114,0.824,3,0,0.793,4,83.241,4577.894,1.000,0.417,2.339,0.364,1.045,1.426,0.085,0.915,0.750,0.550
2421,80.700,19.105,12.728,-10.912,1.326,2,1,1,386.674,0.999,3,0,0.793,4,71.701,4451.610,1.000,0.417,2.570,0.878,0.956,0.741,0.130,0.870,0.659,0.350
2424,80.800,56.223,3.000,37.118,-9.728,2,1,1,442.259,0.991,3,0,0.793,4,21.095,4409.728,1.000,0.417,2.807,0.749,0.806,2.452,0.149,0.851,0.818,0.550
2427,80.900,14.142,3.606,-42.081,0.606,2,1,1,443.939,1.098,3,0,0.828,4,67.357,4529.788,1.000,0.417,2.186,0.855,0.617,0.726,0.117,0.883,0.623,0.450
2430,81.000,23.000,2.000,8.858,-1.606,2,1,1,464.806,1.154,3,0,0.828,4,43.186,4576.150,1.000,0.417,2.847,0.740,0.443,2.111,0.078,0.922,0.697,0.550
2433,81.100,6.325,2.236,-16.675,0.236,2,1,1,460.943,1.466,3,0,0.828,3,196.352,4964.344,1.000,0.417,1.722,0.553,0.251,2.154,0.109,0.891,0.589,0.750
2436,81.200,11.705,3.162,5.380,0.926,2,1,1,452.770,1.569,3,0,0.828,4,82.420,2883.200,1.000,0.417,2.134,0.916,0.089,2.293,0.115,0.885,0.604,0.550
2439,81.300,20.100,6.083,8.395,2.920,2,1,1,426.786,1.518,4,1,0.793,5,168.861,2881.069,1.000,0.408,2.281,0.408,0.111,1.417,0.100,0.900,0.790,0.750
2442,81.400,0.000,394.507,0.000,-1.777,2,0,1,394.507,1.548,4,0,0.793,5,174.897,3112.440,1.000,0.399,2.801,0.386,0.273,0.091,0.126,0.874,0.943,0.750
2445,81.500,0.000,379.036,0.000,-7.839,2,0,1,379.036,2.159,4,0,0.793,5,181.177,3875.504,1.000,0.389,1.269,0.387,0.494,1.067,0.109,0.891,0.905,0.750
2448,81.600,0.000,6.083,0.000,-372.953,1,0,1,0.000,2.097,5,1,0.759,4,9.487,4547.684,1.000,0.379,1.171,0.499,0.712,0.925,0.107,0.893,0.592,0.750
2451,81.700,91.137,13.454,71.038,7.371,2,1,1,317.970,1.846,5,0,0.759,6,45.122,4967.044,1.000,0.347,2.447,0.442,1.075,0.247,0.109,0.891,0.930,0.650
2454,81.800,0.000,5.099,0.000,-8.355,1,0,1,0.000,1.632,5,0,0.759,4,177.654,5428.894,1.000,0.347,1.548,0.733,2.085,0.003,0.099,0.901,0.580,0.750
2457,81.900,0.000,7.616,0.000,2.517,1,0,1,0.000,1.741,4,1,0.724,3,10.000,5732.747,1.000,0.358,1.546,0.777,2.947,0.409,0.109,0.891,0.582,0.750
2460,82.000,0.000,364.726,0.000,359.627,2,0,1,364.726,1.737,4,0,0.724,5,13.601,4526.019,1.000,0.347,2.025,0.581,1.616,3.067,0.113,0.887,0.910,0.700
2463,82.100,48.042,362.064,-43.096,-2.662,2,1,1,375.159,1.737,4,0,0.759,5,14.036,3880.238,1.000,0.347,1.420,0.485,1.475,0.338,0.102,0.898,0.902,0.700
2466,82.200,15.000,4.472,-33.042,-357.591,2,1,1,393.600,1.456,3,1,0.724,4,22.672,3732.794,1.000,0.347,2.682,0.819,1.221,0.170,0.153,0.847,0.643,0.750
2469,82.300,12.042,2.000,-2.958,-2.472,2,1,1,401.647,1.466,3,0,0.759,4,22.023,2989.619,1.000,0.347,1.510,0.832,1.007,0.462,0.137,0.863,0.596,0.580
2472,82.400,12.207,1.000,0.165,-1.000,2,1,1,409.705,1.578,3,0,0.759,4,23.259,2845.499,1.000,0.347,1.476,0.805,0.701,0.376,0.119,0.881,0.598,0.580
2475,82.500,3.606,2.236,-8.601,1.236,2,1,1,408.167,1.753,4,1,0.724,5,60.008,2656.207,1.000,0.347,2.060,0.858,0.544,0.038,0.140,0.860,0.661,0.750
2478,82.600,423.506,0.000,9.370,0.000,2,1,0,423.506,1.203,4,0,0.759,5,45.651,2610.017,1.000,0.347,2.297,0.854,0.333,0.079,0.159,0.841,0.898,0.500
2481,82.700,7.211,14.866,-416.295,12.630,2,1,1,426.439,1.678,4,0,0.759,5,81.615,2293.384,1.000,0.347,4.567,0.870,0.305,0.006,0.194,0.806,0.786,0.580
2484,82.800,7.616,4.243,0.405,-10.623,2,1,1,435.966,1.707,4,0,0.759,5,39.000,2262.418,1.000,0.347,7.071,0.814,0.361,0.003,0.204,0.796,0.812,0.580
2487,82.900,10.050,18.385,2.434,14.142,2,1,1,429.005,1.468,4,0,0.793,5,30.083,1923.697,1.000,0.336,10.533,0.657,0.592,0.046,0.213,0.787,0.906,0.580
2490,83.000,20.000,31.401,9.950,13.016,2,1,1,412.249,1.358,4,0,0.828,5,0.000,2093.894,1.000,0.347,15.129,0.715,1.039,0.059,0.216,0.784,0.974,0.350
2493,83.100,14.213,0.000,-5.787,0.000,1,1,0,0.000,1.430,3,1,0.793,2,0.000,1379.544,1.000,0.347,18.185,0.714,2.188,0.018,0.213,0.787,0.669,0.750
2496,83.200,17.804,0.000,3.592,0.000,1,1,0,0.000,1.263,3,0,0.793,2,0.000,578.338,1.000,0.358,19.160,0.780,3.732,0.015,0.212,0.788,0.684,0.700
2499,83.300,20.125,0.000,2.320,0.000,1,1,0,0.000,1.179,3,0,0.793,2,0.000,542.504,1.000,0.358,19.318,0.882,5.859,0.053,0.204,0.796,0.690,0.700
2502,83.400,14.213,0.000,-5.912,0.000,1,1,0,0.000,0.930,3,0,0.793,2,0.000,591.718,1.000,0.358,17.050,0.883,8.706,0.014,0.195,0.805,0.657,0.700
2505,83.500,42.426,0.000,28.214,0.000,1,1,0,0.000,0.660,3,0,0.793,2,0.000,664.694,1.000,0.369,12.044,0.935,11.361,0.031,0.184,0.816,0.810,0.700
2508,83.600,23.431,0.000,-18.996,0.000,1,1,0,0.000,0.452,3,0,0.793,2,0.000,754.269,1.000,0.379,5.911,0.879,12.801,0.014,0.171,0.829,0.656,0.700
2511,83.700,0.000,0.000,0.000,0.000,0,0,0,0.000,0.000,4,1,0.759,0,0.000,754.269,0.967,0.379,8.772,0.098,12.925,0.542,0.317,0.683,0.479,0.750
2514,83.800,0.000,0.000,0.000,0.000,0,0,0,0.000,0.000,4,0,0.759,0,0.000,754.269,0.933,0.379,3.771,0.806,13.455,3.020,0.135,0.865,0.320,0.700
2517,83.900,0.000,0.000,0.000,0.000,0,0,0,0.000,0.000,4,0,0.759,0,0.000,754.269,0.900,0.379,2.626,0.271,14.441,2.034,0.095,0.905,0.325,0.700
2520,84.000,0.000,0.000,0.000,0.000,0,0,0,0.000,0.000,4,0,0.759,0,0.000,754.269,0.867,0.379,2.020,0.780,14.400,0.873,0.108,0.892,0.270,0.700
2523,84.100,0.000,0.000,0.000,0.000,0,0,0,0.000,0.000,4,0,0.759,0,0.000,754.269,0.833,0.379,1.679,0.512,16.096,1.947,0.082,0.918,0.276,0.700
2526,84.200,0.000,0.000,0.000,0.000,0,0,0,0.000,0.000,4,0,0.793,0,0.000,754.269,0.800,0.379,2.151,0.970,15.656,0.701,0.116,0.884,0.252,0.700
2529,84.300,0.000,0.000,0.000,0.000,0,0,0,0.000,0.000,4,0,0.793,0,0.000,754.269,0.767,0.379,1.169,0.832,9.122,1.733,0.083,0.917,0.233,0.700
2532,84.400,0.000,0.000,0.000,0.000,0,0,0,0.000,0.000,3,1,0.759,0,0.000,754.269,0.733,0.379,1.519,0.745,4.597,0.293,0.101,0.899,0.244,0.750
2535,84.500,0.000,0.000,0.000,0.000,0,0,0,0.000,0.000,4,1,0.759,0,0.000,754.269,0.700,0.379,2.897,0.931,2.290,0.757,0.132,0.868,0.261,0.750
2538,84.600,0.000,0.000,0.000,0.000,0,0,0,0.000,0.000,5,1,0.724,0,0.000,754.269,0.667,0.379,2.276,0.857,1.035,0.284,0.120,0.880,0.247,0.750
2541,84.700,0.000,0.000,0.000,0.000,0,0,0,0.000,0.000,5,0,0.724,0,0.000,754.269,0.633,0.379,2.774,0.812,0.356,0.166,0.133,0.867,0.259,0.580
2544,84.800,0.000,0.000,0.000,0.000,0,0,0,0.000,0.000,5,0,0.759,0,0.000,754.269,0.600,0.379,3.805,0.935,0.056,0.118,0.149,0.851,0.272,0.580
2547,84.900,0.000,377.637,0.000,346.237,1,0,1,0.000,1.100,5,1,0.724,4,123.037,1527.878,0.600,0.218,2.390,0.755,0.371,0.267,0.118,0.882,0.773,0.750
2550,85.000,0.000,66.483,0.000,-311.154,1,0,1,0.000,1.172,5,0,0.724,4,0.000,2422.488,0.600,0.218,2.632,0.694,0.640,1.124,0.096,0.904,0.783,0.550
2553,85.100,0.000,50.990,0.000,-15.493,1,0,1,0.000,1.101,5,0,0.759,4,0.000,3096.738,0.600,0.218,4.320,0.921,0.839,1.044,0.137,0.863,0.810,0.350
2556,85.200,0.000,32.202,0.000,-18.788,1,0,1,0.000,0.848,5,0,0.759,4,148.408,3782.227,0.600,0.218,4.247,0.849,0.929,2.207,0.125,0.875,0.742,0.750
2559,85.300,0.000,13.454,0.000,-18.749,1,0,1,0.000,1.109,5,0,0.759,4,48.260,4281.188,0.600,0.218,3.993,0.890,1.070,3.120,0.124,0.876,0.628,0.580
2562,85.400,249.447,0.000,226.017,0.000,1,1,0,0.000,0.371,5,0,0.793,4,0.000,4311.387,0.600,0.218,1.984,0.807,1.119,0.766,0.108,0.892,0.759,0.500
2565,85.500,26.000,0.000,-223.447,0.000,1,1,0,0.000,0.569,6,1,0.759,5,85.088,3809.148,0.600,0.218,1.869,0.877,1.155,0.301,0.110,0.890,0.652,0.750
2568,85.600,15.811,0.000,-10.189,0.000,1,1,0,0.000,0.850,6,0,0.759,5,88.544,2227.367,0.600,0.218,1.120,0.713,1.155,0.542,0.080,0.920,0.588,0.580
2571,85.700,15.232,0.000,-0.580,0.000,1,1,0,0.000,1.145,6,0,0.759,5,103.942,1753.675,0.600,0.218,1.105,0.514,1.145,1.068,0.071,0.929,0.598,0.580
2574,85.800,0.000,0.000,0.000,0.000,0,0,0,0.000,0.000,5,1,0.724,0,103.942,1753.675,0.567,0.218,1.429,0.769,1.103,1.162,0.067,0.933,0.220,0.750
2577,85.900,0.000,27.785,0.000,14.331,1,0,1,0.000,1.276,5,0,0.724,4,61.188,1223.604,0.567,0.223,1.226,0.520,0.991,0.925,0.065,0.935,0.661,0.650
2580,86.000,8.602,0.000,-6.629,0.000,1,1,0,0.000,1.385,5,0,0.759,4,81.841,1080.577,0.567,0.229,0.904,0.562,0.872,2.879,0.057,0.943,0.543,0.580
2583,86.100,8.062,0.000,-0.540,0.000,1,1,0,0.000,1.450,5,1,0.724,4,125.100,1028.008,0.567,0.223,1.256,0.296,0.785,1.687,0.063,0.937,0.567,0.750
2586,86.200,15.232,0.000,7.169,0.000,1,1,0,0.000,1.553,5,0,0.724,4,63.977,966.789,0.567,0.217,1.042,0.804,0.687,2.591,0.069,0.931,0.566,0.580
2589,86.300,10.770,0.000,-4.461,0.000,1,1,0,0.000,1.836,5,0,0.724,4,82.219,842.269,0.567,0.211,1.759,0.927,0.617,0.128,0.097,0.903,0.551,0.580
2592,86.400,7.616,0.000,-3.155,0.000,1,1,0,0.000,1.787,6,0,0.724,5,112.432,990.988,0.567,0.339,0.887,0.831,0.596,1.180,0.066,0.934,0.524,0.625
2595,86.500,9.849,0.000,2.233,0.000,1,1,0,0.000,1.679,6,0,0.724,5,104.173,1050.937,0.567,0.339,0.971,0.267,0.596,0.345,0.049,0.951,0.578,0.580
2598,86.600,0.000,3.162,0.000,-24.623,1,0,1,0.000,1.415,6,0,0.759,5,109.490,1001.475,0.567,0.339,1.375,0.888,0.648,2.491,0.074,0.926,0.508,0.608
2601,86.700,16.031,0.000,6.182,0.000,1,1,0,0.000,1.660,5,0,0.759,4,110.887,1150.494,0.600,0.339,0.754,0.390,0.743,1.058,0.045,0.955,0.597,0.616
2604,86.800,9.055,0.000,-6.976,0.000,1,1,0,0.000,1.709,5,0,0.759,4,92.228,1201.299,0.633,0.339,0.736,0.353,1.319,1.715,0.049,0.951,0.564,0.580
2607,86.900,5.831,0.000,-3.224,0.000,1,1,0,0.000,1.756,5,0,0.759,4,74.216,991.418,0.667,0.339,1.327,0.805,1.536,2.323,0.082,0.918,0.533,0.700
2610,87.000,6.325,0.000,0.494,0.000,1,1,0,0.000,1.770,5,0,0.759,4,74.027,894.398,0.700,0.339,1.289,0.818,1.510,0.309,0.088,0.912,0.538,0.700
2613,87.100,4.123,0.000,-2.201,0.000,1,1,0,0.000,1.780,5,0,0.759,4,79.310,938.860,0.733,0.339,1.227,0.613,1.528,1.851,0.060,0.940,0.543,0.700
2616,87.200,45.541,0.000,41.418,0.000,1,1,0,0.000,1.671,5,0,0.759,4,45.453,1182.054,0.767,0.350,2.656,0.622,1.417,0.142,0.092,0.908,0.809,0.700
2619,87.300,39.925,199.529,-5.616,196.367,2,1,1,278.212,1.713,5,1,0.759,6,34.928,1603.404,0.800,0.347,3.700,0.636,1.178,0.282,0.102,0.898,0.924,0.750
2622,87.400,9.487,4.123,-30.438,-195.406,2,1,1,291.007,1.712,5,0,0.793,6,15.133,1686.000,0.833,0.347,1.615,0.897,1.074,1.517,0.108,0.892,0.660,0.580
2625,87.500,9.220,16.279,-0.267,12.156,2,1,1,314.078,1.458,5,0,0.828,4,215.058,2015.837,0.867,0.347,0.812,0.801,1.012,0.062,0.075,0.925,0.653,0.750
2628,87.600,2.000,17.000,-7.220,0.721,2,1,1,308.934,1.560,5,0,0.828,5,290.988,3354.809,0.900,0.336,0.960,0.781,0.844,1.899,0.039,0.961,0.702,0.750
2631,87.700,10.000,0.000,8.000,0.000,1,1,0,0.000,0.820,5,0,0.828,4,21.190,3378.637,0.933,0.347,1.152,0.717,0.779,0.286,0.070,0.930,0.590,0.650
2634,87.800,25.710,0.000,15.710,0.000,1,1,0,0.000,0.683,5,0,0.862,4,67.476,3532.914,0.967,0.347,3.009,0.708,0.656,0.151,0.066,0.934,0.729,0.000
2637,87.900,29.155,0.000,3.445,0.000,1,1,0,0.000,0.574,6,1,0.828,5,13.000,3410.988,0.967,0.347,4.477,0.645,0.507,0.326,0.125,0.875,0.795,0.750
2640,88.000,6.083,65.437,-23.072,48.437,2,1,1,336.134,1.902,6,0,0.828,6,12.207,2458.087,0.967,0.336,2.265,0.750,0.208,1.141,0.120,0.880,0.900,0.650
2643,88.100,1.414,10.630,-4.669,-54.807,2,1,1,346.764,1.763,6,0,0.828,5,21.095,379.607,0.967,0.336,1.230,0.790,0.042,0.180,0.091,0.909,0.651,0.580
2646,88.200,3.000,8.062,1.586,-2.568,2,1,1,341.475,1.909,4,1,0.793,3,23.345,273.735,0.967,0.336,0.786,0.746,0.134,0.428,0.074,0.926,0.613,0.750
2649,88.300,1.000,10.817,-2.000,2.754,2,1,1,330.080,1.680,4,0,0.793,3,8.246,68.194,0.967,0.347,0.979,0.959,0.484,0.232,0.083,0.917,0.618,0.580
2652,88.400,0.000,13.454,-1.000,2.637,2,1,1,332.232,1.578,5,1,0.793,3,14.866,57.775,0.967,0.347,0.658,0.426,1.600,0.392,0.061,0.939,0.635,0.750
2655,88.500,1.000,15.232,1.000,1.778,2,1,1,335.716,1.853,4,1,0.759,3,5.831,45.630,0.967,0.347,0.693,0.939,1.878,0.001,0.074,0.926,0.637,0.750
2658,88.600,3.606,6.083,2.606,-9.149,2,1,1,332.339,2.143,4,0,0.759,3,17.029,50.388,0.967,0.347,0.476,0.691,2.256,0.315,0.049,0.951,0.598,0.700
2661,88.700,1.000,5.000,-2.606,-1.083,2,1,1,335.477,2.091,5,1,0.759,3,15.620,44.109,0.967,0.358,0.431,0.513,2.037,2.230,0.047,0.953,0.577,0.750
2664,88.800,1.000,16.031,0.000,11.031,2,1,1,324.322,2.133,5,0,0.759,3,14.142,33.485,1.000,0.358,0.435,0.392,0.638,3.057,0.048,0.952,0.651,0.550
2667,88.900,1.414,18.248,0.414,2.217,2,1,1,337.843,2.295,4,1,0.724,3,16.279,29.269,1.000,0.369,0.233,0.315,0.099,0.619,0.030,0.970,0.690,0.750
2670,89.000,1.000,1.414,-0.414,-16.834,2,1,1,337.053,2.242,5,1,0.724,4,14.866,28.699,1.000,0.369,0.570,0.796,0.253,0.380,0.055,0.945,0.580,0.750
2673,89.100,4.000,21.401,3.000,19.987,2,1,1,334.253,2.561,5,0,0.724,6,0.000,28.850,1.000,0.369,1.891,0.941,0.264,1.165,0.094,0.906,0.750,0.350
2676,89.200,8.246,0.000,4.246,0.000,1,1,0,0.000,1.479,5,0,0.724,4,12.042,38.235,1.000,0.369,1.431,0.929,0.156,0.439,0.084,0.916,0.581,0.650
2679,89.300,4.472,0.000,-3.774,0.000,1,1,0,0.000,1.322,5,0,0.724,4,102.176,369.170,1.000,0.369,1.810,0.803,0.142,2.320,0.094,0.906,0.578,0.580
2682,89.400,5.831,0.000,1.359,0.000,1,1,0,0.000,1.631,6,1,0.690,5,97.252,615.967,1.000,0.369,2.262,0.897,0.315,0.044,0.106,0.894,0.596,0.750
2685,89.500,3.162,0.000,-2.669,0.000,1,1,0,0.000,1.646,6,0,0.690,4,1.000,617.320,1.000,0.369,0.680,0.856,0.588,0.887,0.064,0.936,0.515,0.580
2688,89.600,2.828,0.000,-0.334,0.000,1,1,0,0.000,1.704,6,0,0.690,4,1.000,615.719,1.000,0.369,0.877,0.724,0.767,1.148,0.064,0.936,0.527,0.580
2691,89.700,7.071,0.000,4.243,0.000,1,1,0,0.000,1.883,6,0,0.690,5,104.077,821.597,1.000,0.369,1.543,0.677,0.776,0.946,0.093,0.907,0.600,0.580
2694,89.800,21.401,0.000,14.330,0.000,1,1,0,0.000,1.686,6,0,0.690,5,95.336,958.228,1.000,0.369,2.179,0.420,0.734,0.534,0.064,0.936,0.714,0.530
2697,89.900,0.000,0.000,0.000,0.000,0,0,0,0.000,0.000,6,0,0.690,0,95.336,958.228,0.967,0.369,3.284,0.745,0.686,0.282,0.112,0.888,0.316,0.650
2700,90.000,0.000,255.977,0.000,234.576,1,0,1,0.000,2.514,6,0,0.690,5,64.846,1172.390,0.967,0.350,2.519,0.696,0.472,1.018,0.119,0.881,0.830,0.650
2703,90.100,74.733,0.000,53.332,0.000,1,1,0,0.000,1.577,6,0,0.690,5,21.932,1268.694,0.967,0.339,1.926,0.573,0.322,2.543,0.089,0.911,0.824,0.550
2706,90.200,4.123,0.000,-70.610,0.000,1,1,0,0.000,1.746,6,0,0.724,5,47.508,1579.879,0.967,0.339,1.262,0.663,0.189,1.652,0.069,0.931,0.574,0.580
2709,90.300,12.083,0.000,7.960,0.000,1,1,0,0.000,1.742,5,1,0.690,4,43.417,1757.924,0.967,0.327,1.562,0.629,0.019,0.265,0.077,0.923,0.622,0.750
2712,90.400,0.000,45.343,0.000,-210.633,1,0,1,0.000,2.378,5,0,0.690,4,22.361,1920.385,0.967,0.327,1.195,0.292,0.248,2.161,0.054,0.946,0.819,0.550
2715,90.500,1.414,0.000,-10.669,0.000,1,1,0,0.000,1.510,5,0,0.690,4,61.074,2055.169,0.967,0.339,0.630,0.412,0.381,0.599,0.041,0.959,0.555,0.580
2718,90.600,3.000,0.000,1.586,0.000,1,1,0,0.000,1.323,6,1,0.655,5,33.121,1745.265,0.967,0.339,1.215,0.895,0.396,0.355,0.085,0.915,0.550,0.750
2721,90.700,8.246,0.000,5.246,0.000,1,1,0,0.000,1.296,6,0,0.655,5,43.417,1362.419,0.967,0.327,1.345,0.938,0.299,0.225,0.098,0.902,0.580,0.580
2724,90.800,19.209,0.000,10.963,0.000,1,1,0,0.000,1.101,6,0,0.690,5,86.579,1301.135,0.967,0.327,1.223,0.595,0.277,0.143,0.081,0.919,0.662,0.350
2727,90.900,10.198,0.000,-9.011,0.000,1,1,0,0.000,1.063,6,0,0.690,5,86.585,945.244,0.967,0.327,1.012,0.684,0.338,0.658,0.069,0.931,0.600,0.350
2730,91.000,2.828,0.000,-7.370,0.000,1,1,0,0.000,1.245,6,0,0.690,5,47.539,554.075,0.967,0.327,1.482,0.949,0.626,0.485,0.090,0.910,0.552,0.580
2733,91.100,0.000,22.804,0.000,-22.540,1,0,1,0.000,2.155,6,0,0.724,5,75.802,620.159,0.967,0.327,0.828,0.626,0.973,0.847,0.064,0.936,0.670,0.500
2736,91.200,13.928,0.000,11.100,0.000,1,1,0,0.000,1.054,6,0,0.724,5,49.041,668.039,0.967,0.336,0.906,0.106,1.013,1.872,0.048,0.952,0.659,0.550
2739,91.300,9.899,0.000,-4.029,0.000,1,1,0,0.000,1.372,6,0,0.759,5,58.523,717.594,0.967,0.336,0.707,0.783,0.833,2.055,0.056,0.944,0.584,0.550
2742,91.400,6.403,0.000,-3.496,0.000,1,1,0,0.000,1.599,6,0,0.793,5,42.297,731.975,0.967,0.336,0.934,0.331,0.487,2.955,0.057,0.943,0.602,0.580
2745,91.500,38.897,0.000,32.494,0.000,1,1,0,0.000,1.714,6,0,0.793,5,78.294,1581.454,0.967,0.336,1.690,0.173,0.004,0.002,0.078,0.922,0.812,0.550
2748,91.600,26.401,0.000,-12.497,0.000,1,1,0,0.000,1.533,6,0,0.828,5,78.262,2042.549,0.967,0.336,3.066,0.418,0.200,0.203,0.104,0.896,0.760,0.350
2751,91.700,11.045,0.000,-15.355,0.000,1,1,0,0.000,1.713,6,0,0.828,5,63.506,1815.637,0.967,0.324,1.359,0.547,0.229,2.243,0.080,0.920,0.623,0.550
2754,91.800,11.402,0.000,0.356,0.000,1,1,0,0.000,2.002,5,1,0.828,4,41.340,1411.404,0.967,0.336,2.056,0.896,0.300,1.595,0.120,0.880,0.612,0.750
2757,91.900,2.236,0.000,-9.166,0.000,1,1,0,0.000,2.020,4,1,0.828,3,42.942,861.447,0.967,0.336,0.557,0.827,0.374,0.398,0.058,0.942,0.519,0.750
2760,92.000,2.000,0.000,-0.236,0.000,1,1,0,0.000,1.933,4,0,0.828,3,45.651,563.938,0.967,0.336,0.785,0.892,0.569,0.168,0.075,0.925,0.519,0.580
2763,92.100,1.414,0.000,-0.586,0.000,1,1,0,0.000,1.888,5,1,0.793,3,43.863,548.789,0.967,0.347,0.921,0.628,0.565,2.816,0.057,0.943,0.511,0.750
2766,92.200,1.414,0.000,0.000,0.000,1,1,0,0.000,1.705,5,0,0.793,4,37.121,366.180,0.967,0.347,1.531,0.651,0.523,0.108,0.069,0.931,0.561,0.580
2769,92.300,4.000,0.000,2.586,0.000,1,1,0,0.000,1.787,5,0,0.828,4,39.962,346.255,0.967,0.347,1.229,0.623,0.496,2.505,0.060,0.940,0.569,0.580
2772,92.400,6.403,0.000,2.403,0.000,1,1,0,0.000,1.852,5,0,0.828,4,74.673,412.864,0.967,0.347,1.148,0.634,0.437,0.120,0.074,0.926,0.580,0.580
2775,92.500,25.020,0.000,18.617,0.000,1,1,0,0.000,1.670,5,0,0.828,4,99.182,721.050,0.967,0.358,2.649,0.545,0.311,2.259,0.096,0.904,0.727,0.551
2778,92.600,36.249,0.000,11.229,0.000,1,1,0,0.000,1.381,5,0,0.828,4,39.115,863.737,0.967,0.358,2.377,0.587,0.291,0.322,0.080,0.920,0.780,0.350
2781,92.700,33.615,0.000,-2.634,0.000,1,1,0,0.000,1.106,5,1,0.793,4,10.000,1031.300,0.967,0.358,2.402,0.876,0.129,1.747,0.117,0.883,0.746,0.750
2784,92.800,11.402,0.000,-22.214,0.000,1,1,0,0.000,1.064,5,0,0.793,4,6.708,1138.689,0.967,0.358,2.263,0.929,0.082,0.128,0.122,0.878,0.615,0.350
2787,92.900,2.828,0.000,-8.573,0.000,1,1,0,0.000,0.982,5,0,0.793,3,7.071,1224.988,1.000,0.369,0.710,0.831,0.377,0.715,0.073,0.927,0.503,0.580
2790,93.000,3.000,0.000,0.172,0.000,1,1,0,0.000,1.080,5,1,0.759,4,2.000,1332.819,1.000,0.369,0.528,0.873,0.844,0.025,0.062,0.938,0.533,0.750
2793,93.100,2.000,0.000,-1.000,0.000,1,1,0,0.000,1.178,5,0,0.759,4,2.236,1355.738,1.000,0.369,0.514,0.766,1.061,0.003,0.063,0.937,0.534,0.580
2796,93.200,2.236,0.000,0.236,0.000,1,1,0,0.000,1.401,5,0,0.793,4,3.162,1354.074,1.000,0.369,0.319,0.589,0.233,1.412,0.045,0.955,0.543,0.580
2799,93.300,2.000,0.000,-0.236,0.000,1,1,0,0.000,1.460,5,0,0.793,4,5.099,1404.925,1.000,0.369,0.498,0.565,0.098,0.676,0.066,0.934,0.548,0.580
2802,93.400,1.000,0.000,-1.000,0.000,1,1,0,0.000,1.794,5,0,0.793,4,1.000,1350.940,1.000,0.369,0.436,0.839,0.137,0.558,0.060,0.940,0.522,0.580
2805,93.500,1.000,0.000,0.000,0.000,1,1,0,0.000,2.174,5,0,0.828,4,1.414,1266.638,1.000,0.369,0.387,0.929,0.075,0.674,0.059,0.941,0.514,0.580
2808,93.600,3.162,0.000,2.162,0.000,1,1,0,0.000,2.198,4,1,0.793,3,3.162,1248.710,1.000,0.369,0.560,0.855,0.136,0.124,0.069,0.931,0.527,0.750
2811,93.700,1.000,0.000,-2.162,0.000,1,1,0,0.000,2.223,4,0,0.793,3,2.000,1110.964,1.000,0.369,0.299,0.491,0.142,1.654,0.034,0.966,0.534,0.580
2814,93.800,2.828,0.000,1.828,0.000,1,1,0,0.000,2.223,4,0,0.793,3,4.123,949.249,1.000,0.369,0.523,0.807,0.293,0.925,0.052,0.948,0.527,0.580
2817,93.900,6.325,0.000,3.496,0.000,1,1,0,0.000,2.165,6,1,0.759,5,44.598,827.600,1.000,0.369,0.684,0.649,0.369,0.094,0.052,0.948,0.577,0.750
2820,94.000,30.594,0.000,24.270,0.000,1,1,0,0.000,1.895,6,0,0.759,5,26.926,691.320,1.000,0.369,1.215,0.715,0.435,2.643,0.073,0.927,0.720,0.550
2823,94.100,24.759,0.000,-5.835,0.000,1,1,0,0.000,1.833,6,0,0.759,5,84.054,613.479,1.000,0.369,2.714,0.882,0.626,0.441,0.149,0.851,0.714,0.350
2826,94.200,7.810,0.000,-16.949,0.000,1,1,0,0.000,1.456,6,0,0.759,5,14.318,426.234,1.000,0.358,0.843,0.785,0.712,0.162,0.083,0.917,0.580,0.580
2829,94.300,2.236,0.000,-5.574,0.000,1,1,0,0.000,1.311,5,1,0.724,4,1.414,408.875,1.000,0.358,0.557,0.641,0.964,1.829,0.059,0.941,0.545,0.750
2832,94.400,1.414,0.000,-0.822,0.000,1,1,0,0.000,1.623,6,1,0.690,4,1.414,427.844,1.000,0.358,0.381,0.607,1.282,0.342,0.037,0.963,0.515,0.750
2835,94.500,0.000,0.000,-1.414,0.000,1,1,0,0.000,1.585,4,1,0.655,2,1.414,445.788,1.000,0.369,0.720,0.626,1.263,2.864,0.066,0.934,0.484,0.750
2838,94.600,8.485,0.000,8.485,0.000,1,1,0,0.000,1.456,4,0,0.655,3,97.005,646.738,1.000,0.369,1.257,0.746,1.072,0.522,0.093,0.907,0.581,0.580
2841,94.700,28.653,0.000,20.168,0.000,1,1,0,0.000,1.055,4,0,0.690,3,97.005,646.738,1.000,0.369,2.400,0.919,0.872,0.986,0.122,0.878,0.710,0.539
2844,94.800,26.401,110.725,-2.252,87.921,2,1,1,60.828,2.361,5,1,0.690,6,97.005,646.738,1.000,0.369,4.155,0.854,0.553,0.272,0.131,0.869,0.944,0.750
2847,94.900,51.264,0.000,24.863,0.000,1,1,0,0.000,1.028,5,0,0.690,4,98.387,872.227,1.000,0.369,2.045,0.878,0.110,0.825,0.137,0.863,0.804,0.650
2850,95.000,0.000,16.643,0.000,-94.082,1,0,1,0.000,2.145,5,0,0.724,2,11.180,1075.037,1.000,0.369,1.948,0.923,0.036,0.167,0.141,0.859,0.569,0.500
2853,95.100,23.770,0.000,-27.494,0.000,1,1,0,0.000,1.167,6,1,0.690,2,11.180,1075.037,1.000,0.379,2.274,0.962,0.196,0.287,0.135,0.865,0.602,0.750
2856,95.200,14.318,0.000,-9.452,0.000,1,1,0,0.000,1.021,6,0,0.690,2,11.180,1075.037,1.000,0.379,1.745,0.857,0.360,0.461,0.085,0.915,0.543,0.350
2859,95.300,4.123,0.000,-10.195,0.000,1,1,0,0.000,0.889,6,0,0.690,2,11.180,1075.037,1.000,0.379,1.107,0.937,0.562,0.269,0.112,0.888,0.465,0.580
2862,95.400,5.385,0.000,1.262,0.000,1,1,0,0.000,1.076,6,0,0.690,2,122.801,1633.250,1.000,0.389,0.607,0.639,0.656,1.563,0.068,0.932,0.480,0.682
2865,95.500,2.236,0.000,-3.149,0.000,1,1,0,0.000,1.228,6,0,0.690,2,10.817,2159.269,1.000,0.389,0.534,0.511,0.683,0.511,0.073,0.927,0.470,0.580
2868,95.600,0.000,37.014,0.000,20.370,1,0,1,0.000,2.003,6,0,0.724,2,38.079,2413.029,1.000,0.389,0.538,0.670,0.855,1.944,0.074,0.926,0.652,0.550
2871,95.700,6.403,0.000,4.167,0.000,1,1,0,0.000,1.248,6,0,0.724,2,23.087,2737.055,1.000,0.399,0.461,0.608,0.593,1.356,0.060,0.940,0.485,0.580
2874,95.800,3.606,0.000,-2.798,0.000,1,1,0,0.000,1.382,6,0,0.724,2,62.241,2760.489,1.000,0.408,0.801,0.862,0.795,0.658,0.083,0.917,0.460,0.580
2877,95.900,7.071,0.000,3.466,0.000,1,1,0,0.000,1.600,6,0,0.759,2,70.520,3017.384,1.000,0.408,0.422,0.521,1.178,1.951,0.059,0.941,0.493,0.580
2880,96.000,8.944,0.000,1.873,0.000,1,1,0,0.000,1.636,5,1,0.724,2,64.031,3054.875,1.000,0.417,0.807,0.671,1.208,1.021,0.089,0.911,0.515,0.750
2883,96.100,7.211,0.000,-1.733,0.000,1,1,0,0.000,1.876,5,0,0.724,2,60.008,3273.229,1.000,0.417,0.346,0.430,1.199,0.529,0.044,0.956,0.511,0.580
2886,96.200,37.014,0.000,29.802,0.000,1,1,0,0.000,1.858,5,0,0.724,2,112.801,3177.119,1.000,0.426,2.059,0.711,0.988,1.420,0.101,0.899,0.699,0.627
2889,96.300,36.674,0.000,-0.339,0.000,1,1,0,0.000,1.643,5,0,0.724,4,42.012,3217.639,1.000,0.426,2.505,0.473,0.601,0.170,0.091,0.909,0.797,0.350
2892,96.400,18.248,0.000,-18.426,0.000,1,1,0,0.000,1.359,5,0,0.724,4,37.443,3003.179,1.000,0.426,1.736,0.773,0.067,1.026,0.098,0.902,0.655,0.350
2895,96.500,3.000,0.000,-15.248,0.000,1,1,0,0.000,1.326,5,0,0.759,4,4.123,3066.639,1.000,0.426,1.256,0.914,0.053,0.707,0.113,0.887,0.548,0.580
2898,96.600,2.236,0.000,-0.764,0.000,1,1,0,0.000,1.198,4,1,0.724,3,3.606,3089.994,1.000,0.435,1.017,0.943,0.196,0.151,0.110,0.890,0.527,0.750
2901,96.700,4.123,0.000,1.887,0.000,1,1,0,0.000,1.134,4,0,0.724,3,20.000,3105.894,1.000,0.426,0.368,0.338,0.383,0.133,0.072,0.928,0.563,0.580
2904,96.800,0.000,0.000,-4.123,0.000,1,1,0,0.000,1.118,4,0,0.759,3,1.414,3106.619,1.000,0.426,0.249,0.653,0.586,0.204,0.039,0.961,0.516,0.580
2907,96.900,5.657,0.000,5.657,0.000,1,1,0,0.000,0.801,4,0,0.759,3,3.162,3108.709,1.000,0.426,0.433,0.404,0.702,2.065,0.048,0.952,0.569,0.580
2910,97.000,1.414,0.000,-4.243,0.000,1,1,0,0.000,0.487,5,1,0.724,4,3.162,2791.219,1.000,0.435,0.549,0.125,0.705,1.405,0.061,0.939,0.577,0.750
2913,97.100,24.187,0.000,22.773,0.000,1,1,0,0.000,0.625,5,0,0.724,4,25.456,2827.734,1.000,0.435,1.596,0.599,0.637,1.264,0.066,0.934,0.696,0.000
2916,97.200,22.561,0.000,-1.626,0.000,1,1,0,0.000,0.670,4,1,0.724,3,22.804,2667.039,1.000,0.435,3.289,0.783,0.435,0.619,0.140,0.860,0.708,0.750
2919,97.300,19.000,0.000,-3.561,0.000,1,1,0,0.000,0.679,4,0,0.759,3,24.021,2558.524,1.000,0.426,2.735,0.836,0.216,0.722,0.155,0.845,0.670,0.000
2922,97.400,7.071,0.000,-11.929,0.000,1,1,0,0.000,0.995,4,0,0.793,2,17.692,2407.665,1.000,0.426,1.531,0.926,0.107,0.248,0.133,0.867,0.523,0.580
2925,97.500,2.000,0.000,-5.071,0.000,1,1,0,0.000,0.828,3,1,0.759,2,5.000,2142.099,1.000,0.426,0.755,0.848,0.036,0.037,0.091,0.909,0.511,0.750
2928,97.600,5.099,0.000,3.099,0.000,1,1,0,0.000,0.962,3,0,0.759,2,12.166,1984.237,1.000,0.426,0.518,0.302,0.045,0.196,0.060,0.940,0.560,0.580
2931,97.700,1.414,0.000,-3.685,0.000,1,1,0,0.000,0.965,4,1,0.759,3,35.511,1670.134,1.000,0.426,1.041,0.855,0.026,0.158,0.104,0.896,0.529,0.750
2934,97.800,8.062,0.000,6.648,0.000,1,1,0,0.000,1.194,3,1,0.724,2,1.000,1194.600,1.000,0.426,0.782,0.849,0.018,0.228,0.093,0.907,0.545,0.750
2937,97.900,1.414,0.000,-6.648,0.000,1,1,0,0.000,1.194,3,0,0.724,2,4.243,971.939,1.000,0.426,0.505,0.459,0.031,0.036,0.065,0.935,0.528,0.580
2940,98.000,1.000,0.000,-0.414,0.000,1,1,0,0.000,1.452,3,0,0.759,2,2.000,401.704,1.000,0.426,0.491,0.631,0.115,0.635,0.068,0.932,0.514,0.580
2943,98.100,1.414,0.000,0.414,0.000,1,1,0,0.000,1.718,3,0,0.759,2,1.000,350.788,1.000,0.426,0.477,0.705,0.126,1.126,0.065,0.935,0.510,0.580
2946,98.200,1.000,0.000,-0.414,0.000,1,1,0,0.000,1.718,3,0,0.759,2,1.414,353.188,1.000,0.426,0.530,0.866,0.064,0.286,0.066,0.934,0.498,0.580
2949,98.300,5.099,0.000,4.099,0.000,1,1,0,0.000,1.988,3,0,0.759,2,5.000,307.079,1.000,0.426,0.663,0.833,0.096,0.407,0.080,0.920,0.527,0.580
2952,98.400,0.000,0.000,-5.099,0.000,1,1,0,0.000,2.020,3,0,0.759,2,2.236,259.900,1.000,0.426,0.843,0.913,0.221,0.210,0.098,0.902,0.497,0.580
2955,98.500,1.000,0.000,1.000,0.000,1,1,0,0.000,2.192,4,1,0.724,2,4.243,204.795,1.000,0.435,0.568,0.535,0.277,1.921,0.067,0.933,0.492,0.750
2958,98.600,1.000,0.000,0.000,0.000,1,1,0,0.000,2.410,4,0,0.724,2,2.000,178.015,1.000,0.435,1.446,0.932,0.277,0.609,0.110,0.890,0.486,0.580
2961,98.700,3.162,0.000,2.162,0.000,1,1,0,0.000,2.508,5,1,0.690,3,2.236,148.429,1.000,0.435,1.233,0.933,0.154,0.026,0.111,0.889,0.511,0.750
2964,98.800,3.162,0.000,0.000,0.000,1,1,0,0.000,2.377,4,1,0.655,3,2.236,110.669,1.000,0.444,0.700,0.966,0.252,0.262,0.084,0.916,0.522,0.750
2967,98.900,1.000,0.000,-2.162,0.000,1,1,0,0.000,2.454,4,0,0.690,3,0.000,73.349,1.000,0.444,0.709,0.909,0.510,1.130,0.087,0.913,0.515,0.580
2970,99.000,2.236,0.000,1.236,0.000,1,1,0,0.000,2.401,5,1,0.655,4,1.414,69.894,1.000,0.435,0.654,0.888,0.664,1.088,0.082,0.918,0.531,0.750
2973,99.100,3.000,0.000,0.764,0.000,1,1,0,0.000,2.249,5,0,0.655,4,2.828,51.694,1.000,0.435,1.141,0.949,0.666,0.347,0.115,0.885,0.543,0.580
2976,99.200,0.000,0.000,-3.000,0.000,1,1,0,0.000,2.249,6,1,0.621,4,1.000,50.929,1.000,0.435,1.278,0.869,0.642,0.964,0.125,0.875,0.511,0.750
2979,99.300,2.236,0.000,2.236,0.000,1,1,0,0.000,2.249,6,0,0.621,4,1.000,50.334,1.000,0.435,1.301,0.844,0.560,1.585,0.120,0.880,0.526,0.580
2982,99.400,2.236,0.000,0.000,0.000,1,1,0,0.000,1.725,6,0,0.621,4,2.236,49.554,1.000,0.435,1.182,0.687,0.418,0.953,0.105,0.895,0.534,0.580
2985,99.500,6.325,0.000,4.088,0.000,1,1,0,0.000,1.541,6,0,0.655,4,3.162,49.389,1.000,0.426,1.101,0.718,0.267,0.401,0.103,0.897,0.552,0.580
2988,99.600,18.028,0.000,11.703,0.000,1,1,0,0.000,1.342,5,1,0.621,4,33.541,34.838,1.000,0.417,1.396,0.718,0.157,0.302,0.095,0.905,0.649,0.750
2991,99.700,31.064,0.000,13.037,0.000,1,1,0,0.000,0.892,5,0,0.621,4,33.541,34.838,1.000,0.417,3.349,0.521,0.044,0.507,0.110,0.890,0.784,0.000
2994,99.800,0.000,118.004,0.000,80.991,1,0,1,0.000,2.033,5,0,0.621,4,135.070,471.988,1.000,0.408,0.743,0.209,0.160,1.189,0.052,0.948,0.818,0.750
2997,99.900,0.000,8.000,0.000,-110.004,1,0,1,0.000,1.890,4,1,0.621,3,55.758,615.028,1.000,0.399,0.799,0.054,0.137,1.030,0.068,0.932,0.616,0.750
