frame_idx,timestamp,hand_velocity_left,hand_velocity_right,hand_acceleration_left,hand_acceleration_right,hands_present,grip_state_left,grip_state_right,hand_distance,trajectory_curvature,num_tools,tool_changed,tool_stability,num_interactions,contact_point_shift,contact_point_variance,interaction_density,interaction_rhythm,flow_magnitude,flow_uniformity,flow_discontinuity,direction_change,scene_change_score,visual_stability,activity_level,transition_score
0,0.000,0.000,0.000,0.000,0.000,0,0,0,0.000,0.000,3,0,1.000,0,0.000,0.000,0.000,0.000,0.000,1.000,0.000,0.000,0.000,1.000,0.100,0.000
3,0.100,0.000,0.000,0.000,0.000,0,0,0,0.000,0.000,3,0,1.000,0,0.000,0.000,0.000,0.000,0.301,0.765,0.000,0.867,0.080,0.920,0.124,0.000
6,0.200,0.000,0.000,0.000,0.000,0,0,0,0.000,0.000,4,1,0.500,0,0.000,0.000,0.000,0.000,0.644,0.790,0.000,0.721,0.070,0.930,0.131,0.750
9,0.300,0.000,0.000,0.000,0.000,0,0,0,0.000,0.000,4,0,0.667,0,0.000,0.000,0.000,0.000,0.490,0.667,0.000,0.100,0.055,0.945,0.136,0.000
12,0.400,0.000,0.000,0.000,0.000,0,0,0,0.000,0.000,4,0,0.750,0,0.000,0.000,0.000,0.000,0.437,0.867,0.000,0.066,0.069,0.931,0.120,0.000
15,0.500,0.000,0.000,0.000,0.000,0,0,0,0.000,0.000,4,0,0.800,0,0.000,0.000,0.000,0.000,0.432,0.904,0.000,0.892,0.058,0.942,0.118,0.000
18,0.600,0.000,0.000,0.000,0.000,1,0,0,0.000,0.000,4,0,0.833,2,0.000,0.000,0.143,0.000,0.684,0.938,0.000,0.273,0.064,0.936,0.279,0.650
21,0.700,0.000,385.686,0.000,385.686,2,0,0,386.467,0.000,4,0,0.857,4,0.000,0.000,0.250,0.333,0.488,0.852,0.000,0.385,0.045,0.955,0.683,0.650
24,0.800,6.083,3.606,6.083,-382.081,2,0,0,377.429,0.000,4,0,0.875,4,0.000,0.000,0.333,0.348,0.681,0.802,0.000,0.260,0.061,0.939,0.485,0.580
27,0.900,4.472,3.000,-1.611,-0.606,2,0,0,381.379,0.983,3,1,0.778,2,0.000,0.000,0.400,0.380,0.404,0.842,0.000,0.122,0.046,0.954,0.414,0.750
30,1.000,4.472,4.123,0.000,1.123,2,0,0,384.376,0.644,3,0,0.800,2,0.000,0.000,0.455,0.400,0.510,0.879,0.000,0.221,0.050,0.950,0.421,0.580
33,1.100,3.606,2.000,-0.867,-2.123,2,0,0,382.424,0.848,3,0,0.818,2,0.000,0.000,0.500,0.414,0.350,0.778,0.000,0.104,0.044,0.956,0.424,0.580
36,1.200,5.385,4.000,1.780,2.000,2,0,1,380.475,0.634,4,1,0.750,2,0.000,0.000,0.538,0.425,0.475,0.809,0.000,0.097,0.058,0.942,0.490,0.750
39,1.300,2.236,3.162,-3.149,-0.838,2,1,1,380.426,0.496,4,0,0.769,2,0.000,0.000,0.571,0.433,0.328,0.886,0.000,0.158,0.039,0.961,0.472,0.580
42,1.400,4.000,4.123,1.764,0.961,2,1,1,381.425,0.490,4,0,0.786,2,0.000,0.000,0.600,0.440,0.384,0.805,0.000,0.141,0.044,0.956,0.488,0.580
45,1.500,3.162,4.123,-0.838,0.000,2,1,1,383.377,0.462,3,1,0.733,2,0.000,0.000,0.625,0.445,0.249,0.508,0.000,0.165,0.030,0.970,0.539,0.750
48,1.600,14.036,15.232,10.873,11.108,2,1,1,390.370,0.432,4,1,0.688,4,0.000,0.000,0.647,0.434,0.602,0.427,0.000,1.938,0.056,0.944,0.677,0.750
51,1.700,13.000,14.036,-1.036,-1.196,2,1,1,384.293,0.436,4,0,0.706,5,0.000,0.000,0.667,0.420,0.725,0.565,0.000,2.123,0.049,0.951,0.667,0.550
54,1.800,20.616,19.723,7.616,5.687,2,1,1,366.395,0.356,5,1,0.667,5,0.000,0.000,0.684,0.409,1.073,0.732,0.000,0.019,0.057,0.943,0.702,0.750
57,1.900,4.472,11.180,-16.143,-8.543,2,1,1,366.137,0.332,4,1,0.632,3,0.000,0.000,0.700,0.410,0.512,0.768,0.000,0.288,0.050,0.950,0.590,0.750
60,2.000,6.708,21.095,2.236,9.915,2,1,1,351.070,0.583,5,1,0.600,5,75.928,500.111,0.714,0.402,0.684,0.219,0.000,1.476,0.054,0.946,0.735,0.750
63,2.100,6.403,14.142,-0.305,-6.953,2,1,1,341.147,0.599,4,1,0.571,6,36.688,655.000,0.727,0.392,0.793,0.813,0.000,2.955,0.059,0.941,0.659,0.750
66,2.200,9.220,7.280,2.816,-6.862,2,1,1,355.456,0.748,4,0,0.591,6,14.142,590.569,0.739,0.385,1.054,0.722,0.000,0.001,0.061,0.939,0.646,0.000
69,2.300,3.606,13.454,-5.614,6.174,2,1,1,368.067,0.875,4,0,0.609,4,13.342,513.245,0.750,0.379,0.637,0.714,0.000,0.056,0.052,0.948,0.661,0.000
72,2.400,2.236,17.029,-1.369,3.576,2,1,1,371.109,0.952,4,0,0.625,5,14.866,472.047,0.760,0.379,0.974,0.848,0.000,0.014,0.089,0.911,0.681,0.350
75,2.500,5.000,8.602,2.764,-8.427,2,1,1,367.441,1.019,4,0,0.640,4,36.770,522.333,0.769,0.379,0.570,0.852,0.000,1.506,0.053,0.947,0.625,0.550
78,2.600,13.454,4.123,8.454,-4.479,2,1,1,374.049,1.008,4,0,0.654,5,36.770,522.333,0.778,0.358,0.828,0.859,0.000,0.025,0.057,0.943,0.659,0.350
81,2.700,6.325,2.000,-7.129,-2.123,2,1,1,368.067,1.191,6,1,0.630,4,341.977,4791.950,0.786,0.347,0.561,0.690,0.000,0.428,0.046,0.954,0.565,0.750
84,2.800,34.234,5.000,27.910,3.000,2,1,1,336.595,1.166,6,0,0.643,5,104.561,5637.893,0.793,0.336,1.395,0.672,0.000,0.682,0.064,0.936,0.773,0.581
87,2.900,6.325,4.000,-27.910,-1.000,2,1,1,334.724,1.160,6,0,0.655,4,86.452,7508.183,0.800,0.336,0.632,0.652,0.000,0.267,0.046,0.954,0.571,0.450
90,3.000,13.038,2.000,6.714,-2.000,2,1,1,337.037,1.177,5,1,0.621,5,0.000,7682.302,0.833,0.336,1.117,0.642,0.000,0.004,0.060,0.940,0.685,0.750
93,3.100,2.000,2.236,-11.038,0.236,2,1,1,339.366,1.189,5,0,0.655,3,70.214,8084.872,0.867,0.347,0.628,0.677,2.752,0.198,0.049,0.951,0.543,0.700
96,3.200,7.616,7.280,5.616,5.044,2,1,1,339.991,1.115,5,0,0.655,5,71.169,8081.310,0.900,0.336,0.920,0.683,2.662,0.083,0.059,0.941,0.656,0.700
99,3.300,3.162,7.810,-4.453,0.530,2,1,1,342.463,1.111,4,1,0.621,4,351.643,8409.247,0.933,0.336,0.592,0.666,2.550,0.100,0.048,0.952,0.654,0.750
102,3.400,2.236,2.236,-0.926,-5.574,2,1,1,345.099,1.093,4,0,0.621,4,85.428,7319.709,0.967,0.347,0.778,0.480,1.362,0.665,0.051,0.949,0.644,0.580
105,3.500,7.810,7.616,5.574,5.380,2,1,1,348.304,1.171,4,0,0.621,5,274.855,6511.017,1.000,0.347,0.852,0.394,1.435,0.152,0.047,0.953,0.687,0.750
108,3.600,16.279,4.472,8.469,-3.144,2,1,1,356.439,1.097,4,0,0.621,5,278.485,5080.658,1.000,0.347,1.533,0.629,1.393,0.136,0.065,0.935,0.735,0.750
111,3.700,13.454,3.606,-2.825,-0.867,2,1,1,366.853,1.148,4,0,0.621,5,230.361,5084.849,1.000,0.347,0.920,0.574,1.550,0.239,0.059,0.941,0.708,0.750
114,3.800,7.211,6.708,-6.243,3.103,2,1,1,356.359,1.084,4,0,0.655,5,240.520,5802.837,1.000,0.347,2.703,0.470,1.138,0.004,0.076,0.924,0.725,0.750
117,3.900,6.000,14.318,-1.211,7.610,2,1,1,348.243,0.977,4,0,0.655,5,0.000,5759.525,1.000,0.347,2.075,0.155,1.729,0.331,0.067,0.933,0.771,0.700
120,4.000,0.000,22.672,0.000,8.354,1,0,1,0.000,1.018,4,0,0.655,3,196.977,6195.519,1.000,0.347,8.715,0.456,1.780,0.659,0.107,0.893,0.849,0.750
123,4.100,0.000,434.737,0.000,421.283,2,0,1,434.737,0.941,4,0,0.690,5,19.416,6289.410,1.000,0.347,5.230,0.383,3.931,0.558,0.088,0.912,1.000,0.700
126,4.200,0.000,408.532,0.000,-26.205,1,0,1,0.000,1.027,5,1,0.655,2,19.416,6289.410,1.000,0.347,5.146,0.167,5.112,0.086,0.196,0.804,0.859,0.750
129,4.300,211.301,37.121,205.301,-371.410,2,1,1,461.825,1.402,5,0,0.655,6,19.416,6289.410,1.000,0.347,4.115,0.195,6.427,0.039,0.165,0.835,0.989,0.700
132,4.400,0.000,0.000,0.000,0.000,0,0,0,0.000,0.000,5,0,0.690,0,19.416,6289.410,0.967,0.347,4.034,0.530,5.831,0.056,0.201,0.799,0.350,0.700
135,4.500,0.000,143.544,0.000,106.423,1,0,1,0.000,1.299,6,1,0.690,4,160.078,7091.825,0.967,0.339,1.547,0.411,6.911,0.274,0.132,0.868,0.796,0.750
138,4.600,0.000,41.400,0.000,-102.144,1,0,1,0.000,1.071,6,0,0.690,5,156.554,6208.264,0.967,0.339,3.055,0.480,7.400,0.115,0.138,0.862,0.839,0.750
141,4.700,0.000,28.284,0.000,-13.116,1,0,1,0.000,1.172,6,0,0.724,5,99.156,6617.394,0.967,0.339,4.561,0.464,8.088,0.071,0.134,0.866,0.805,0.700
144,4.800,0.000,28.636,0.000,0.351,1,0,1,0.000,1.144,5,1,0.724,4,0.000,6236.540,0.967,0.339,4.476,0.280,9.008,0.188,0.184,0.816,0.811,0.750
147,4.900,0.000,38.639,0.000,10.004,1,0,1,0.000,1.308,5,0,0.759,4,0.000,6491.428,0.967,0.339,3.868,0.389,10.310,0.065,0.149,0.851,0.844,0.700
150,5.000,0.000,0.000,0.000,0.000,0,0,0,0.000,0.000,5,0,0.793,0,0.000,6491.428,0.933,0.339,4.999,0.475,11.635,0.062,0.179,0.821,0.374,0.700
153,5.100,0.000,178.101,0.000,139.462,1,0,1,0.000,1.266,5,1,0.759,3,59.808,6350.819,0.933,0.334,1.871,0.298,12.903,0.160,0.132,0.868,0.796,0.750
156,5.200,0.000,0.000,0.000,0.000,0,0,0,0.000,0.000,5,0,0.759,0,59.808,6350.819,0.900,0.334,2.975,0.201,10.151,0.203,0.146,0.854,0.338,0.700
159,5.300,0.000,0.000,0.000,0.000,0,0,0,0.000,0.000,5,0,0.759,0,59.808,6350.819,0.867,0.334,1.829,0.674,10.790,0.161,0.134,0.866,0.273,0.700
162,5.400,0.000,0.000,0.000,0.000,0,0,0,0.000,0.000,6,0,0.759,0,59.808,6350.819,0.833,0.334,7.004,0.626,5.424,0.200,0.162,0.838,0.401,0.700
165,5.500,0.000,0.000,0.000,0.000,0,0,0,0.000,0.000,6,0,0.759,0,59.808,6350.819,0.800,0.334,2.616,0.794,5.278,0.048,0.137,0.863,0.276,0.700
168,5.600,0.000,0.000,0.000,0.000,0,0,0,0.000,0.000,6,0,0.793,0,59.808,6350.819,0.767,0.334,3.312,0.839,1.111,0.093,0.146,0.854,0.286,0.580
171,5.700,0.000,0.000,0.000,0.000,0,0,0,0.000,0.000,5,0,0.793,0,59.808,6350.819,0.733,0.334,1.752,0.821,0.824,0.188,0.133,0.867,0.244,0.580
174,5.800,0.000,0.000,0.000,0.000,0,0,0,0.000,0.000,5,0,0.793,0,59.808,6350.819,0.700,0.334,2.333,0.964,0.551,0.066,0.142,0.858,0.245,0.580
177,5.900,0.000,0.000,0.000,0.000,0,0,0,0.000,0.000,5,0,0.828,0,59.808,6350.819,0.667,0.334,1.794,0.923,0.412,0.170,0.132,0.868,0.230,0.580
180,6.000,0.000,0.000,0.000,0.000,0,0,0,0.000,0.000,6,1,0.793,0,59.808,6350.819,0.633,0.334,2.972,0.721,0.251,0.226,0.161,0.839,0.270,0.750
183,6.100,0.000,0.000,0.000,0.000,0,0,0,0.000,0.000,6,0,0.793,0,59.808,6350.819,0.600,0.334,2.358,0.944,0.282,0.117,0.140,0.860,0.235,0.580
186,6.200,0.000,0.000,0.000,0.000,0,0,0,0.000,0.000,6,0,0.828,0,59.808,6350.819,0.567,0.334,3.597,0.956,0.196,0.071,0.146,0.854,0.261,0.580
189,6.300,0.000,0.000,0.000,0.000,0,0,0,0.000,0.000,6,0,0.828,0,59.808,6350.819,0.533,0.334,2.074,0.887,0.058,0.059,0.142,0.858,0.224,0.580
192,6.400,0.000,0.000,0.000,0.000,0,0,0,0.000,0.000,6,0,0.828,0,59.808,6350.819,0.500,0.334,3.066,0.832,0.139,0.050,0.160,0.840,0.248,0.580
195,6.500,0.000,0.000,0.000,0.000,0,0,0,0.000,0.000,6,0,0.828,0,59.808,6350.819,0.467,0.334,1.646,0.720,0.276,0.055,0.127,0.873,0.217,0.580
198,6.600,0.000,0.000,0.000,0.000,0,0,0,0.000,0.000,5,1,0.793,0,59.808,6350.819,0.433,0.334,3.253,0.604,0.555,0.473,0.141,0.859,0.261,0.750
201,6.700,0.000,0.000,0.000,0.000,0,0,0,0.000,0.000,5,0,0.793,0,59.808,6350.819,0.400,0.334,2.232,0.654,0.525,0.808,0.133,0.867,0.228,0.580
204,6.800,0.000,0.000,0.000,0.000,0,0,0,0.000,0.000,5,0,0.793,0,59.808,6350.819,0.367,0.334,6.486,0.771,0.679,0.581,0.159,0.841,0.322,0.580
207,6.900,0.000,0.000,0.000,0.000,0,0,0,0.000,0.000,5,0,0.793,0,59.808,6350.819,0.333,0.334,6.032,0.799,0.450,0.077,0.141,0.859,0.305,0.580
210,7.000,0.000,0.000,0.000,0.000,0,0,0,0.000,0.000,5,0,0.793,0,59.808,6350.819,0.300,0.334,8.480,0.576,0.641,0.196,0.160,0.840,0.366,0.580
213,7.100,0.000,0.000,0.000,0.000,0,0,0,0.000,0.000,5,0,0.828,0,59.808,6350.819,0.267,0.334,7.198,0.765,0.271,0.287,0.152,0.848,0.328,0.580
216,7.200,297.834,168.576,86.533,-9.525,2,1,1,397.508,1.161,5,0,0.828,4,0.000,7249.008,0.267,0.179,7.779,0.668,0.006,0.022,0.163,0.837,0.924,0.650
219,7.300,48.765,29.732,-249.069,-138.844,2,1,1,338.681,0.870,5,0,0.828,5,0.000,7156.549,0.267,0.179,4.311,0.773,0.431,0.084,0.131,0.869,0.866,0.450
222,7.400,34.655,42.202,-14.109,12.470,2,1,1,288.175,0.880,5,0,0.862,5,0.000,5656.537,0.300,0.179,5.802,0.744,0.599,0.059,0.138,0.862,0.893,0.000
225,7.500,11.000,32.757,-23.655,-9.445,2,1,1,266.603,0.964,5,0,0.862,4,0.000,3560.939,0.300,0.183,4.101,0.675,0.864,0.106,0.122,0.878,0.767,0.350
228,7.600,8.246,30.610,-2.754,-2.146,2,1,1,242.330,0.994,5,0,0.862,5,0.000,2184.385,0.300,0.179,3.714,0.639,0.889,2.132,0.130,0.870,0.784,0.550
231,7.700,7.280,15.133,-0.966,-15.478,2,1,1,221.359,1.021,5,0,0.897,5,154.548,1559.539,0.300,0.179,1.663,0.565,0.972,0.393,0.104,0.896,0.652,0.750
234,7.800,6.403,13.416,-0.877,-1.716,2,1,1,206.584,0.898,5,0,0.897,6,99.081,1033.929,0.300,0.179,2.215,0.815,0.953,0.772,0.120,0.880,0.639,0.580
237,7.900,7.280,4.243,0.877,-9.174,2,1,1,209.976,0.980,5,0,0.897,6,33.956,896.437,0.300,0.171,1.612,0.854,1.089,0.187,0.105,0.895,0.587,0.580
240,8.000,20.025,3.162,12.745,-1.080,2,1,1,230.567,0.810,5,0,0.931,6,17.088,893.939,0.333,0.171,4.042,0.282,1.072,0.044,0.132,0.868,0.763,0.480
243,8.100,23.537,4.123,3.512,0.961,2,1,1,254.908,0.827,6,0,0.931,6,22.023,980.337,0.333,0.171,3.186,0.141,1.435,1.100,0.111,0.889,0.771,0.700
246,8.200,31.321,9.055,7.784,4.932,2,1,1,291.240,0.775,6,0,0.931,6,0.000,1297.969,0.367,0.162,3.188,0.276,1.378,0.047,0.121,0.879,0.808,0.000
249,8.300,30.000,4.123,-1.321,-4.932,2,1,1,324.524,0.756,6,0,0.931,6,33.377,724.864,0.400,0.311,2.411,0.359,1.458,0.207,0.123,0.877,0.780,0.700
252,8.400,0.000,7.616,0.000,3.493,1,0,1,0.000,0.732,5,0,0.931,3,33.377,724.864,0.433,0.324,3.187,0.573,0.830,0.375,0.164,0.836,0.542,0.650
255,8.500,85.843,6.403,55.843,-1.213,2,1,1,417.387,0.726,5,0,0.931,6,94.921,1337.234,0.467,0.324,2.866,0.524,0.831,0.204,0.154,0.846,0.871,0.650
258,8.600,33.000,7.810,-52.843,1.407,2,1,1,454.863,0.654,5,0,0.931,6,52.393,1862.044,0.500,0.311,3.528,0.620,0.203,0.070,0.170,0.830,0.818,0.450
261,8.700,10.770,5.000,-22.230,-2.810,2,1,1,467.428,0.424,4,1,0.897,3,4.243,2028.269,0.533,0.324,1.791,0.890,0.052,0.495,0.158,0.842,0.591,0.750
264,8.800,6.708,7.280,-4.062,2.280,2,1,1,480.459,0.447,4,0,0.897,5,63.388,2163.297,0.567,0.324,2.165,0.939,0.395,0.151,0.175,0.825,0.627,0.580
267,8.900,3.162,2.236,-3.546,-5.044,2,1,1,484.335,0.364,3,1,0.897,3,7.211,2162.924,0.600,0.324,0.655,0.918,0.524,0.719,0.112,0.888,0.572,0.750
270,9.000,3.606,6.325,0.443,4.088,2,1,1,481.337,0.534,4,1,0.862,4,413.749,4871.124,0.633,0.324,1.893,0.970,0.818,1.508,0.167,0.833,0.621,0.750
273,9.100,3.000,8.246,-0.606,1.922,2,1,1,476.269,0.510,4,0,0.862,5,0.000,4963.444,0.667,0.336,2.899,0.978,0.934,0.098,0.170,0.830,0.660,0.580
276,9.200,2.828,10.050,-0.172,1.804,2,1,1,468.240,0.572,4,0,0.862,5,24.759,5027.849,0.700,0.336,5.868,0.858,1.032,0.280,0.181,0.819,0.756,0.580
279,9.300,9.055,6.708,6.227,-3.342,2,1,1,472.153,0.702,4,0,0.862,5,0.000,4859.914,0.733,0.336,4.618,0.624,0.793,0.237,0.176,0.824,0.740,0.580
282,9.400,46.669,40.249,37.614,33.541,2,1,1,475.009,0.780,4,0,0.862,5,0.000,4791.019,0.767,0.336,5.459,0.731,0.728,0.061,0.201,0.799,0.957,0.450
285,9.500,54.083,26.571,7.414,-13.679,2,1,1,455.633,0.789,4,0,0.897,4,17.000,5038.984,0.800,0.336,3.693,0.688,0.545,0.186,0.175,0.825,0.920,0.000
288,9.600,55.946,19.026,1.863,-7.544,2,1,1,427.931,0.744,4,0,0.897,4,33.242,5195.580,0.833,0.347,5.006,0.786,0.659,0.255,0.203,0.797,0.950,0.000
291,9.700,23.345,6.083,-32.601,-12.944,2,1,1,415.289,0.823,4,0,0.897,4,12.806,5437.359,0.867,0.347,3.020,0.749,0.600,0.216,0.174,0.826,0.787,0.450
294,9.800,19.235,27.019,-4.110,20.936,2,1,1,417.268,0.741,4,0,0.897,4,5.831,5623.338,0.900,0.347,4.820,0.831,0.652,0.135,0.193,0.807,0.850,0.000
297,9.900,11.000,14.142,-8.235,-12.876,2,1,1,414.792,0.798,5,1,0.862,5,9.220,5700.509,0.933,0.347,2.849,0.708,0.446,0.380,0.184,0.816,0.742,0.750
300,10.000,8.485,14.560,-2.515,0.418,2,1,1,406.546,0.772,5,0,0.862,5,9.220,5665.124,0.967,0.347,3.954,0.518,0.373,0.350,0.197,0.803,0.789,0.000
303,10.100,14.318,12.042,5.833,-2.519,2,1,1,386.373,0.727,5,0,0.862,5,16.000,5514.194,1.000,0.347,2.449,0.625,0.189,0.144,0.170,0.830,0.747,0.000
306,10.200,27.659,1.000,13.341,-11.042,2,1,1,363.816,0.650,4,1,0.828,4,0.000,1823.827,1.000,0.347,3.499,0.686,0.107,0.582,0.183,0.817,0.843,0.750
309,10.300,27.459,19.925,-0.200,18.925,2,1,1,357.028,0.824,4,0,0.828,4,0.000,918.645,1.000,0.347,2.672,0.695,0.314,0.532,0.178,0.822,0.821,0.550
312,10.400,37.696,35.847,10.237,15.922,2,1,1,351.051,0.815,4,0,0.828,4,0.000,737.000,1.000,0.347,4.550,0.724,0.481,0.165,0.205,0.795,0.922,0.000
315,10.500,30.529,24.597,-7.167,-11.250,2,1,1,337.520,0.706,6,1,0.793,4,0.000,1123.285,1.000,0.347,3.413,0.595,1.164,0.160,0.177,0.823,0.803,0.750
318,10.600,22.472,36.235,-8.056,11.639,2,1,1,291.455,0.767,6,0,0.793,5,0.000,1365.684,1.000,0.347,3.236,0.613,1.514,0.255,0.185,0.815,0.859,0.700
321,10.700,5.831,43.105,-16.641,6.869,2,1,1,244.724,0.769,6,0,0.793,4,0.000,2538.234,1.000,0.347,1.712,0.733,1.689,1.096,0.150,0.850,0.821,0.700
324,10.800,4.123,38.079,-1.708,-5.026,2,1,1,207.126,0.794,5,1,0.759,6,0.000,2089.144,1.000,0.347,2.563,0.887,0.763,0.304,0.182,0.818,0.864,0.750
327,10.900,4.123,14.213,0.000,-23.866,2,1,1,195.780,0.830,5,0,0.759,5,0.000,2762.410,1.000,0.347,1.340,0.882,0.479,0.488,0.142,0.858,0.701,0.000
330,11.000,5.000,10.630,0.877,-3.583,2,1,1,183.967,0.824,5,0,0.759,5,0.000,3160.034,1.000,0.336,1.617,0.829,0.051,0.234,0.153,0.847,0.691,0.000
333,11.100,2.236,1.414,-2.764,-9.216,2,1,1,181.033,0.478,4,1,0.724,4,0.000,3033.059,1.000,0.336,0.633,0.517,0.035,0.879,0.113,0.887,0.642,0.750
336,11.200,2.236,3.162,0.000,1.748,2,1,1,177.291,0.508,4,0,0.724,4,0.000,2973.344,1.000,0.347,0.725,0.491,0.326,0.132,0.123,0.877,0.651,0.580
339,11.300,1.414,3.606,-0.822,0.443,2,1,1,173.968,0.482,4,0,0.724,4,0.000,2936.258,1.000,0.347,0.507,0.803,0.427,1.671,0.093,0.907,0.626,0.580
342,11.400,1.000,15.000,-0.414,11.394,2,1,1,160.801,0.579,5,1,0.690,5,0.000,2469.254,1.000,0.347,0.732,0.885,0.729,0.443,0.115,0.885,0.690,0.750
345,11.500,0.000,9.849,-1.000,-5.151,2,1,1,151.327,0.658,5,0,0.690,5,0.000,2892.545,1.000,0.347,0.505,0.836,0.808,0.493,0.083,0.917,0.659,0.000
348,11.600,2.236,2.828,2.236,-7.020,2,1,1,151.199,0.637,4,1,0.690,4,0.000,2883.880,1.000,0.347,0.554,0.903,1.018,0.479,0.106,0.894,0.616,0.750
351,11.700,1.414,4.243,-0.822,1.414,2,1,1,149.777,0.691,4,0,0.690,4,0.000,2129.800,1.000,0.347,0.866,0.952,1.039,0.080,0.141,0.859,0.629,0.580
354,11.800,1.000,5.000,-0.414,0.757,2,1,1,146.373,0.708,4,0,0.724,4,0.000,1361.484,1.000,0.347,1.238,0.953,1.294,0.179,0.154,0.846,0.642,0.580
357,11.900,1.000,4.472,0.000,-0.528,2,1,1,144.007,0.940,4,0,0.759,4,0.000,1366.079,1.000,0.347,1.071,0.865,1.413,0.009,0.141,0.859,0.641,0.700
360,12.000,6.083,17.117,5.083,12.645,2,1,1,132.740,1.075,5,1,0.724,6,0.000,1393.819,1.000,0.336,2.719,0.910,2.113,0.565,0.172,0.828,0.749,0.750
363,12.100,7.616,14.318,1.533,-2.799,2,1,1,126.590,0.962,5,0,0.724,6,37.216,893.979,1.000,0.336,2.483,0.973,2.483,0.049,0.158,0.842,0.724,0.700
366,12.200,1.000,11.314,-6.616,-3.004,2,1,1,133.454,1.160,5,0,0.724,6,83.006,604.369,1.000,0.336,1.419,0.467,2.599,1.900,0.151,0.849,0.716,0.700
369,12.300,2.828,19.416,1.828,8.103,2,1,1,154.081,1.106,5,0,0.724,6,81.302,1033.569,1.000,0.336,0.783,0.727,2.340,0.717,0.106,0.894,0.727,0.700
372,12.400,4.000,10.050,1.172,-9.367,2,1,1,159.706,1.201,5,0,0.724,5,0.000,1541.075,1.000,0.336,1.533,0.928,2.320,0.576,0.157,0.843,0.679,0.700
375,12.500,2.236,8.062,-1.764,-1.988,2,1,1,158.398,1.084,5,0,0.724,5,0.000,2041.184,1.000,0.324,0.793,0.888,2.046,0.455,0.120,0.880,0.652,0.700
378,12.600,1.414,5.099,-0.822,-2.963,2,1,1,159.706,1.256,5,0,0.724,5,0.000,2435.705,1.000,0.324,0.760,0.556,1.840,0.764,0.114,0.886,0.658,0.700
381,12.700,2.000,1.414,0.586,-3.685,2,1,1,160.449,1.271,5,0,0.724,5,0.000,2841.844,1.000,0.324,0.701,0.777,1.511,1.087,0.101,0.899,0.624,0.700
384,12.800,2.236,3.162,0.236,1.748,2,1,1,161.447,1.205,5,0,0.759,5,0.000,3105.285,1.000,0.324,1.502,0.775,1.253,0.590,0.147,0.853,0.651,0.580
387,12.900,0.000,1.000,-2.236,-2.162,2,1,1,161.524,1.401,5,0,0.759,6,47.170,2967.064,1.000,0.324,0.730,0.425,0.994,1.220,0.117,0.883,0.644,0.580
390,13.000,4.243,15.133,4.243,14.133,2,1,1,163.918,1.096,5,0,0.759,5,0.000,3003.337,1.000,0.311,1.530,0.746,0.837,0.351,0.146,0.854,0.720,0.350
393,13.100,0.000,13.000,-4.243,-2.133,2,1,1,171.050,1.090,5,0,0.793,5,0.000,3066.775,1.000,0.324,0.862,0.673,0.611,0.689,0.119,0.881,0.697,0.350
396,13.200,3.162,3.606,3.162,-9.394,2,1,1,169.319,1.200,5,0,0.793,6,0.000,2698.290,1.000,0.324,1.165,0.578,0.477,1.080,0.149,0.851,0.659,0.350
399,13.300,11.180,6.708,8.018,3.103,2,1,1,175.582,1.187,5,0,0.793,6,0.000,2724.040,1.000,0.324,0.865,0.218,0.340,0.324,0.103,0.897,0.718,0.350
402,13.400,42.953,4.472,31.773,-2.236,2,1,1,217.665,1.070,5,0,0.828,6,24.187,2614.639,1.000,0.324,1.988,0.606,0.288,0.428,0.146,0.854,0.896,0.450
405,13.500,44.922,3.000,1.969,-1.472,2,1,1,260.094,1.212,5,0,0.828,6,63.891,2317.439,1.000,0.311,1.549,0.669,0.062,0.290,0.141,0.859,0.891,0.350
408,13.600,0.000,12.207,0.000,9.207,1,0,1,0.000,1.274,5,0,0.828,3,63.891,2317.439,1.000,0.324,2.262,0.766,0.106,0.242,0.179,0.821,0.599,0.650
411,13.700,112.579,5.385,67.657,-6.821,2,1,1,382.472,1.066,5,0,0.862,6,39.319,3027.017,1.000,0.324,2.049,0.727,0.073,0.213,0.171,0.829,0.900,0.650
414,13.800,39.205,3.606,-73.374,-1.780,2,1,1,423.798,1.220,5,0,0.862,6,56.859,3327.149,1.000,0.311,2.552,0.809,0.009,0.476,0.184,0.816,0.875,0.450
417,13.900,14.036,3.000,-25.169,-0.606,2,1,1,438.029,1.227,5,0,0.862,6,108.167,4987.999,1.000,0.311,1.419,0.824,0.367,0.016,0.160,0.840,0.706,0.601
420,14.000,10.630,2.236,-3.406,-0.764,2,1,1,444.703,0.966,5,0,0.897,6,108.227,5609.757,1.000,0.311,1.453,0.734,0.333,0.208,0.165,0.835,0.694,0.601
423,14.100,7.071,5.385,-3.559,3.149,2,1,1,443.191,1.188,4,1,0.862,5,106.019,6093.429,1.000,0.311,0.899,0.659,0.485,0.259,0.127,0.873,0.666,0.750
426,14.200,12.649,2.236,5.578,-3.149,2,1,1,441.000,1.259,5,1,0.828,6,0.000,5581.438,1.000,0.311,1.202,0.637,0.490,0.500,0.144,0.856,0.706,0.750
429,14.300,2.236,4.123,-10.413,1.887,2,1,1,444.010,0.951,5,0,0.862,6,282.705,6322.367,1.000,0.311,0.600,0.418,0.543,0.092,0.083,0.917,0.659,0.750
432,14.400,2.236,1.414,0.000,-2.709,2,1,1,444.018,0.960,5,0,0.862,6,294.551,7600.474,1.000,0.311,1.130,0.795,0.358,0.204,0.150,0.850,0.635,0.750
435,14.500,2.828,2.828,0.592,1.414,2,1,1,440.018,1.127,4,1,0.862,5,294.551,7600.474,1.000,0.311,0.761,0.823,0.400,0.562,0.132,0.868,0.627,0.750
438,14.600,1.000,8.062,-1.828,5.234,2,1,1,445.010,1.120,4,0,0.862,5,296.057,7581.734,1.000,0.311,0.861,0.870,0.222,0.636,0.132,0.868,0.655,0.750
441,14.700,2.000,1.000,1.000,-7.062,2,1,1,445.000,1.374,4,0,0.862,5,1.414,6324.879,1.000,0.311,0.456,0.762,0.194,0.566,0.087,0.913,0.619,0.580
444,14.800,1.000,14.213,-1.000,13.213,2,1,1,436.165,1.402,5,1,0.828,6,361.843,8139.344,1.000,0.311,0.696,0.083,0.085,1.449,0.092,0.908,0.741,0.750
447,14.900,1.000,4.243,0.000,-9.970,2,1,1,438.257,1.299,5,0,0.862,6,289.007,9452.864,1.000,0.311,0.596,0.709,0.106,0.412,0.099,0.901,0.639,0.750
450,15.000,1.000,7.071,0.000,2.828,2,1,1,439.092,1.390,5,0,0.862,6,365.318,11761.835,1.000,0.311,0.596,0.777,0.143,2.562,0.097,0.903,0.650,0.750
453,15.100,1.000,3.162,0.000,-3.909,2,1,1,437.073,1.536,4,1,0.828,5,1.414,11845.737,1.000,0.311,0.567,0.501,0.147,2.876,0.101,0.899,0.647,0.750
456,15.200,2.236,5.831,1.236,2.669,2,1,1,435.001,1.496,5,1,0.793,6,297.027,12489.119,1.000,0.311,0.800,0.591,0.362,0.402,0.134,0.866,0.661,0.750
459,15.300,1.000,6.083,-1.236,0.252,2,1,1,436.041,1.388,4,1,0.759,5,2.000,11902.839,1.000,0.311,0.411,0.375,0.575,1.932,0.072,0.928,0.668,0.750
462,15.400,1.000,3.606,0.000,-2.477,2,1,1,439.010,1.474,4,0,0.759,5,1.000,11245.024,1.000,0.311,0.498,0.771,0.946,0.875,0.088,0.912,0.628,0.350
465,15.500,1.000,4.243,0.000,0.637,2,1,1,441.000,1.374,4,0,0.759,5,0.000,11254.727,1.000,0.324,0.383,0.643,1.039,1.470,0.070,0.930,0.638,0.550
468,15.600,2.236,7.071,1.236,2.828,2,1,1,440.041,1.432,3,0,0.759,4,0.000,11254.727,1.000,0.324,1.107,0.929,1.280,0.659,0.156,0.844,0.652,0.350
471,15.700,1.000,3.000,-1.236,-4.071,2,1,1,442.041,1.294,3,0,0.759,4,0.000,11254.727,1.000,0.324,0.643,0.811,1.295,1.086,0.116,0.884,0.626,0.350
474,15.800,1.000,6.325,0.000,3.325,2,1,1,449.071,1.490,4,1,0.724,5,337.535,11710.309,1.000,0.324,0.763,0.736,1.504,0.270,0.113,0.887,0.653,0.750
477,15.900,2.236,4.123,1.236,-2.201,2,1,1,446.136,1.629,3,1,0.690,4,337.429,11727.049,1.000,0.324,0.663,0.707,1.268,0.939,0.114,0.886,0.640,0.750
480,16.000,1.000,9.055,-1.236,4.932,2,1,1,438.164,1.825,4,1,0.655,5,283.699,12084.585,1.000,0.324,1.250,0.606,1.428,1.740,0.153,0.847,0.689,0.750
483,16.100,1.414,2.236,0.414,-6.819,2,1,1,438.193,1.865,3,1,0.621,4,283.699,12084.585,1.000,0.336,0.942,0.767,1.221,0.556,0.141,0.859,0.632,0.750
486,16.200,1.414,10.000,0.000,7.764,2,1,1,429.075,1.865,5,1,0.586,6,24.413,12185.464,1.000,0.336,0.735,0.424,1.211,2.815,0.108,0.892,0.694,0.750
489,16.300,1.414,4.243,0.000,-5.757,2,1,1,431.042,1.669,4,1,0.552,5,24.413,12185.464,1.000,0.336,0.555,0.661,1.018,1.677,0.092,0.908,0.641,0.750
492,16.400,3.606,3.606,2.191,-0.637,2,1,1,431.000,1.832,5,1,0.517,6,25.554,12333.639,1.000,0.336,1.184,0.883,0.999,0.257,0.170,0.830,0.638,0.750
495,16.500,0.000,7.071,-3.606,3.466,2,1,1,438.001,2.028,6,0,0.517,6,393.280,13215.550,1.000,0.336,0.502,0.574,0.790,1.451,0.070,0.930,0.662,0.750
498,16.600,2.236,5.000,2.236,-2.071,2,1,1,440.010,1.842,6,0,0.517,6,429.564,13821.694,1.000,0.324,0.930,0.823,0.684,0.089,0.132,0.868,0.643,0.750
501,16.700,1.000,2.236,-1.236,-2.764,2,1,1,441.018,1.473,6,0,0.517,6,364.027,14492.619,1.000,0.324,0.620,0.630,0.514,0.545,0.095,0.905,0.634,0.750
504,16.800,1.414,3.162,0.414,0.926,2,1,1,441.041,1.157,5,0,0.517,6,372.324,14699.075,1.000,0.324,0.944,0.889,0.438,2.044,0.151,0.849,0.629,0.750
507,16.900,1.414,1.000,0.000,-2.162,2,1,1,443.055,1.288,4,1,0.483,5,372.324,14699.075,1.000,0.324,0.340,0.415,0.152,0.406,0.068,0.932,0.637,0.750
510,17.000,0.000,4.123,-1.414,3.123,2,1,1,447.072,0.918,5,1,0.483,6,30.480,14017.019,1.000,0.311,0.513,0.466,0.008,1.561,0.083,0.917,0.653,0.750
513,17.100,1.000,4.123,1.000,0.000,2,1,1,443.041,1.147,5,0,0.517,6,50.010,14216.390,1.000,0.311,0.255,0.486,0.345,0.709,0.030,0.970,0.645,0.350
516,17.200,1.000,4.123,0.000,0.000,2,1,1,438.029,1.098,5,0,0.517,6,31.048,13909.549,1.000,0.311,0.599,0.839,0.045,2.061,0.118,0.882,0.629,0.550
519,17.300,0.000,2.000,-1.000,-2.123,2,1,1,438.010,1.098,4,1,0.483,5,31.048,13909.549,1.000,0.311,0.386,0.177,0.210,1.175,0.067,0.933,0.658,0.750
522,17.400,1.414,5.099,1.414,3.099,2,1,1,436.001,1.098,5,1,0.483,6,366.650,14458.790,1.000,0.311,0.820,0.709,0.045,0.278,0.130,0.870,0.649,0.750
525,17.500,1.000,7.211,-0.414,2.112,2,1,1,439.056,1.178,5,0,0.483,6,320.127,13963.615,1.000,0.311,0.685,0.806,0.280,0.144,0.111,0.889,0.651,0.750
528,17.600,3.606,6.325,2.606,-0.887,2,1,1,448.010,1.620,5,0,0.483,6,377.068,14296.927,1.000,0.311,1.009,0.781,0.080,2.369,0.148,0.852,0.656,0.750
531,17.700,1.000,4.123,-2.606,-2.201,2,1,1,448.001,1.374,6,0,0.517,6,356.759,15032.615,1.000,0.311,0.897,0.818,0.082,0.142,0.135,0.865,0.638,0.750
534,17.800,1.414,9.055,0.414,4.932,2,1,1,440.001,1.257,6,0,0.517,6,430.029,16907.527,1.000,0.311,1.018,0.897,0.118,0.220,0.139,0.861,0.663,0.750
537,17.900,2.000,3.162,0.586,-5.893,2,1,1,439.005,1.178,6,0,0.517,6,368.090,16751.404,1.000,0.311,0.555,0.625,0.055,1.760,0.093,0.907,0.638,0.750
540,18.000,4.123,5.000,2.123,1.838,2,1,1,433.005,1.089,3,1,0.517,4,76.368,16548.247,1.000,0.311,1.197,0.593,0.260,0.330,0.156,0.844,0.666,0.750
543,18.100,1.414,7.616,-2.709,2.616,2,1,1,439.018,1.265,4,1,0.517,5,298.828,15911.099,1.000,0.311,1.171,0.701,0.059,0.624,0.150,0.850,0.672,0.750
546,18.200,2.236,8.062,0.822,0.446,2,1,1,446.028,1.307,4,0,0.552,5,374.092,15868.754,1.000,0.311,0.869,0.356,0.089,0.182,0.111,0.889,0.692,0.750
549,18.300,1.414,1.000,-0.822,-7.062,2,1,1,447.010,1.473,4,0,0.552,5,373.841,16551.569,1.000,0.311,0.481,0.139,0.018,2.273,0.064,0.936,0.660,0.750
552,18.400,0.000,1.000,-1.414,0.000,2,1,1,446.010,1.422,4,0,0.552,5,315.075,16030.114,1.000,0.311,0.752,0.877,0.240,0.557,0.142,0.858,0.613,0.750
555,18.500,1.414,1.414,1.414,0.414,2,1,1,446.010,1.440,3,1,0.517,4,0.000,16023.735,1.000,0.324,0.194,0.312,0.087,1.316,0.033,0.967,0.641,0.750
558,18.600,1.414,4.123,0.000,2.709,2,1,1,446.072,1.833,4,0,0.517,5,2.000,15604.780,1.000,0.324,0.666,0.856,0.205,1.190,0.125,0.875,0.630,0.350
561,18.700,1.000,7.071,-0.414,2.948,2,1,1,447.219,2.094,4,0,0.552,5,1.414,15587.129,1.000,0.324,0.328,0.263,0.112,0.296,0.061,0.939,0.679,0.480
564,18.800,1.000,4.123,0.000,-2.948,2,1,1,450.188,2.315,5,1,0.552,6,290.241,14681.944,1.000,0.324,0.597,0.777,0.057,0.927,0.108,0.892,0.633,0.750
567,18.900,2.828,5.099,1.828,0.976,2,1,1,451.111,2.356,5,0,0.586,6,296.744,14195.644,1.000,0.324,1.256,0.927,0.190,1.252,0.158,0.842,0.645,0.750
570,19.000,5.831,8.944,3.003,3.845,2,1,1,448.090,2.082,5,0,0.621,6,5.831,13002.497,1.000,0.324,2.408,0.978,0.253,0.047,0.186,0.814,0.691,0.350
573,19.100,2.236,8.062,-3.595,-0.882,2,1,1,443.041,1.624,5,0,0.655,6,309.006,13068.869,1.000,0.324,1.313,0.944,0.902,0.095,0.165,0.835,0.662,0.750
576,19.200,2.236,4.472,0.000,-3.590,2,1,1,443.010,1.392,4,0,0.690,5,12.083,13144.028,1.000,0.324,0.999,0.881,0.944,0.256,0.149,0.851,0.638,0.350
579,19.300,0.000,1.414,-2.236,-3.058,2,1,1,442.018,1.392,3,1,0.690,4,12.083,13144.028,1.000,0.324,0.389,0.224,0.907,2.886,0.067,0.933,0.652,0.750
582,19.400,29.206,7.211,29.206,5.797,2,1,1,430.262,1.101,4,1,0.655,6,0.000,12236.447,1.000,0.324,1.387,0.774,0.606,1.717,0.136,0.864,0.793,0.750
585,19.500,23.087,5.000,-6.119,-2.211,2,1,1,412.205,1.125,4,0,0.655,4,117.184,11960.775,1.000,0.324,1.248,0.737,1.077,0.497,0.123,0.877,0.758,0.651
588,19.600,26.683,5.000,3.597,0.000,2,1,1,415.348,1.192,4,0,0.655,5,113.088,10921.200,1.000,0.324,1.801,0.681,0.809,0.359,0.161,0.839,0.796,0.628
591,19.700,15.524,3.606,-11.159,-1.394,2,1,1,427.619,1.044,4,0,0.655,5,101.833,9601.464,1.000,0.324,1.502,0.835,0.846,0.427,0.152,0.848,0.715,0.566
594,19.800,5.831,8.544,-9.693,4.938,2,1,1,424.341,1.049,5,0,0.690,6,99.725,8654.977,1.000,0.324,1.073,0.697,0.934,1.968,0.135,0.865,0.675,0.554
597,19.900,2.236,1.414,-3.595,-7.130,2,1,1,423.341,1.292,4,1,0.690,5,102.694,9064.800,1.000,0.324,0.939,0.898,1.167,0.314,0.138,0.862,0.623,0.750
600,20.000,4.123,6.083,1.887,4.669,2,1,1,425.424,1.337,5,1,0.655,6,104.389,9366.620,1.000,0.324,1.375,0.888,1.189,0.822,0.162,0.838,0.656,0.750
603,20.100,3.162,6.708,-0.961,0.625,2,1,1,428.515,1.206,5,0,0.655,6,103.870,9555.329,1.000,0.324,1.010,0.872,1.409,0.096,0.144,0.856,0.651,0.700
606,20.200,2.000,4.123,-1.162,-2.585,2,1,1,427.853,1.291,5,0,0.690,6,102.883,8464.479,1.000,0.324,0.618,0.823,1.528,0.547,0.111,0.889,0.631,0.700
609,20.300,1.414,5.099,-0.586,0.976,2,1,1,423.861,1.462,4,1,0.690,5,102.956,8318.054,1.000,0.324,0.653,0.891,1.562,2.665,0.124,0.876,0.632,0.750
612,20.400,1.000,5.000,-0.414,-0.099,2,1,1,421.217,1.542,5,1,0.655,6,102.460,10853.600,1.000,0.311,0.637,0.841,1.594,0.043,0.121,0.879,0.635,0.750
615,20.500,1.000,1.000,0.000,-4.000,2,1,1,421.374,1.407,4,1,0.621,5,104.695,10799.669,1.000,0.324,0.627,0.830,1.226,3.006,0.125,0.875,0.613,0.750
618,20.600,3.162,7.211,2.162,6.211,2,1,1,424.615,1.543,5,1,0.586,6,105.603,11718.218,1.000,0.311,1.083,0.859,0.284,0.111,0.156,0.844,0.657,0.750
621,20.700,2.236,7.810,-0.926,0.599,2,1,1,427.200,1.259,5,0,0.586,6,106.513,12676.569,1.000,0.311,0.895,0.919,0.210,0.088,0.132,0.868,0.651,0.592
624,20.800,2.000,9.220,-0.236,1.409,2,1,1,420.377,1.566,5,0,0.586,6,104.695,13464.007,1.000,0.311,0.590,0.787,0.184,2.241,0.106,0.894,0.661,0.582
627,20.900,1.000,4.472,-1.000,-4.747,2,1,1,418.151,1.691,4,1,0.586,5,104.216,11944.397,1.000,0.311,0.327,0.386,0.282,2.128,0.055,0.945,0.656,0.750
630,21.000,1.414,3.162,0.414,-1.310,2,1,1,420.145,1.553,4,0,0.621,5,102.460,11919.594,1.000,0.311,0.446,0.723,0.046,0.098,0.089,0.911,0.628,0.569
633,21.100,1.414,5.831,0.000,2.669,2,1,1,424.446,1.276,5,1,0.586,6,103.368,11459.637,1.000,0.311,0.581,0.962,0.059,0.402,0.117,0.883,0.630,0.750
636,21.200,1.000,6.325,-0.414,0.494,2,1,1,429.270,1.292,5,0,0.586,6,103.870,13221.700,1.000,0.311,0.439,0.571,0.267,0.212,0.064,0.936,0.656,0.577
639,21.300,1.000,4.123,0.000,-2.201,2,1,1,430.977,1.455,5,0,0.586,6,103.368,13306.445,1.000,0.311,0.509,0.561,0.451,1.897,0.096,0.904,0.646,0.574
642,21.400,1.000,7.280,0.000,3.157,2,1,1,424.062,1.476,5,0,0.621,6,102.460,12812.259,1.000,0.311,0.429,0.288,0.598,1.688,0.076,0.924,0.681,0.569
645,21.500,2.236,2.236,1.236,-5.044,2,1,1,426.058,1.651,4,1,0.586,5,101.553,11032.724,1.000,0.311,0.511,0.759,0.684,1.606,0.093,0.907,0.622,0.750
648,21.600,1.000,2.000,-1.236,-0.236,2,1,1,425.206,1.606,4,0,0.586,5,103.788,11022.790,1.000,0.311,0.462,0.624,1.004,0.309,0.086,0.914,0.629,0.577
651,21.700,0.000,4.123,-1.000,2.123,2,1,1,424.529,1.571,4,0,0.621,5,102.883,11004.237,1.000,0.311,0.312,0.430,1.148,2.599,0.052,0.948,0.651,0.572
654,21.800,1.414,8.246,1.414,4.123,2,1,1,426.175,1.702,5,1,0.586,6,103.315,10981.565,1.000,0.311,0.548,0.743,1.296,0.502,0.101,0.899,0.658,0.750
657,21.900,1.000,1.414,-0.414,-6.832,2,1,1,427.170,2.094,4,1,0.552,5,102.416,10973.705,1.000,0.311,0.354,0.276,1.330,1.332,0.067,0.933,0.647,0.750
660,22.000,2.236,4.472,1.236,3.058,2,1,1,423.798,2.410,4,0,0.552,5,101.518,8418.579,1.000,0.311,0.470,0.603,1.233,0.023,0.086,0.914,0.644,0.564
663,22.100,0.000,6.708,-2.236,2.236,2,1,1,420.298,2.263,5,1,0.517,6,103.315,8466.538,1.000,0.311,0.423,0.648,1.313,2.589,0.080,0.920,0.653,0.750
666,22.200,1.414,1.000,1.414,-5.708,2,1,1,420.377,2.437,4,1,0.517,5,103.315,6274.245,1.000,0.311,0.682,0.869,1.411,0.496,0.131,0.869,0.614,0.750
669,22.300,0.000,5.657,-1.414,4.657,2,1,1,424.703,2.356,5,1,0.517,6,288.891,8216.425,1.000,0.311,0.244,0.395,1.426,1.550,0.042,0.958,0.660,0.750
672,22.400,0.000,6.325,0.000,0.668,2,1,1,427.272,2.517,5,0,0.517,6,103.755,9553.179,1.000,0.311,0.447,0.331,1.602,1.014,0.077,0.923,0.673,0.700
675,22.500,1.414,4.000,1.414,-2.325,2,1,1,432.348,2.517,5,0,0.517,6,103.368,12189.140,1.000,0.311,0.590,0.706,1.293,0.475,0.105,0.895,0.638,0.574
678,22.600,3.162,10.440,1.748,6.440,2,1,1,431.342,2.047,5,0,0.517,6,102.460,12581.487,1.000,0.311,1.700,0.786,1.097,0.271,0.162,0.838,0.695,0.569
681,22.700,1.000,5.385,-2.162,-5.055,2,1,1,427.200,1.369,5,0,0.517,6,101.553,13503.538,1.000,0.311,0.526,0.584,0.866,2.315,0.091,0.909,0.652,0.564
684,22.800,1.000,6.083,0.000,0.698,2,1,1,420.145,1.523,5,0,0.552,6,100.225,13636.307,1.000,0.311,0.772,0.864,0.725,1.231,0.126,0.874,0.643,0.557
687,22.900,2.236,4.123,1.236,-1.960,2,1,1,417.555,1.259,4,1,0.552,5,100.225,13672.288,1.000,0.311,0.710,0.820,0.545,0.261,0.131,0.869,0.633,0.750
690,23.000,2.236,9.220,0.000,5.096,2,1,1,424.794,1.267,5,1,0.517,6,350.000,14430.770,1.000,0.311,0.891,0.839,0.352,0.125,0.136,0.864,0.665,0.750
693,23.100,1.414,2.236,-0.822,-6.983,2,1,1,426.522,1.309,5,0,0.517,6,99.745,14474.839,1.000,0.311,0.397,0.622,0.071,1.948,0.061,0.939,0.629,0.554
696,23.200,1.414,10.050,0.000,7.814,2,1,1,417.555,1.346,5,0,0.552,6,100.180,14233.625,1.000,0.311,0.857,0.839,0.094,1.485,0.132,0.868,0.669,0.557
699,23.300,1.000,1.000,-0.414,-9.050,2,1,1,417.387,1.473,4,1,0.552,5,98.387,12987.854,1.000,0.311,0.333,0.255,0.376,0.189,0.062,0.938,0.646,0.750
702,23.400,2.000,1.000,1.000,0.000,2,1,1,416.390,1.531,4,0,0.586,5,3.606,12511.695,1.000,0.311,0.761,0.802,0.341,1.762,0.135,0.865,0.624,0.550
705,23.500,1.414,6.083,-0.586,5.083,2,1,1,423.367,1.785,5,1,0.586,6,91.241,12702.809,1.000,0.311,0.588,0.708,0.562,0.040,0.097,0.903,0.649,0.750
708,23.600,2.236,5.000,0.822,-1.083,2,1,1,422.140,1.745,5,0,0.586,6,354.831,13478.454,1.000,0.311,0.478,0.474,0.655,0.693,0.047,0.953,0.657,0.750
711,23.700,1.414,2.000,-0.822,-3.000,2,1,1,421.217,1.843,5,0,0.586,6,99.464,14177.144,1.000,0.311,0.407,0.486,1.316,2.145,0.068,0.932,0.637,0.553
714,23.800,1.000,3.162,-0.414,1.162,2,1,1,424.062,2.137,4,1,0.586,5,99.464,12715.360,1.000,0.311,0.561,0.769,1.776,0.145,0.107,0.893,0.628,0.750
717,23.900,0.000,1.000,-1.000,-2.162,2,1,1,423.993,2.040,4,0,0.586,5,99.639,11795.129,1.000,0.311,0.293,0.476,2.024,0.660,0.057,0.943,0.630,0.700
720,24.000,1.414,4.123,1.414,3.123,2,1,1,422.371,2.118,4,0,0.621,5,101.607,11866.368,1.000,0.311,0.739,0.638,1.944,0.424,0.128,0.872,0.647,0.700
723,24.100,3.606,5.385,2.191,1.262,2,1,1,425.790,1.758,5,1,0.586,6,99.825,11310.820,1.000,0.311,1.172,0.722,1.856,0.567,0.147,0.853,0.659,0.750
726,24.200,4.472,20.248,0.867,14.863,2,1,1,440.083,1.583,5,0,0.586,6,0.000,10936.560,1.000,0.311,2.262,0.702,0.279,0.149,0.169,0.831,0.770,0.350
729,24.300,1.414,4.472,-3.058,-15.776,2,1,1,442.946,1.617,3,1,0.552,4,2.236,10924.567,1.000,0.324,0.780,0.608,0.618,0.527,0.134,0.866,0.652,0.750
732,24.400,2.236,12.530,0.822,8.058,2,1,1,429.261,1.673,4,1,0.552,5,359.611,11389.188,1.000,0.324,1.099,0.774,0.558,0.942,0.148,0.852,0.693,0.750
735,24.500,0.000,9.849,-2.236,-2.681,2,1,1,424.446,1.558,4,0,0.552,5,352.172,11524.499,1.000,0.324,0.484,0.415,0.580,0.146,0.070,0.930,0.688,0.750
738,24.600,1.000,4.123,1.000,-5.726,2,1,1,419.547,1.380,4,0,0.552,5,322.405,12113.250,1.000,0.324,1.047,0.861,0.411,1.285,0.150,0.850,0.639,0.750
741,24.700,2.236,2.236,1.236,-1.887,2,1,1,415.562,1.313,3,1,0.552,4,2.236,11580.539,1.000,0.324,1.130,0.861,0.548,0.409,0.152,0.848,0.630,0.750
744,24.800,4.123,3.162,1.887,0.926,2,1,1,410.250,1.049,3,0,0.586,4,4.123,11537.895,1.000,0.324,1.246,0.901,0.501,0.030,0.157,0.843,0.641,0.350
747,24.900,1.414,1.000,-2.709,-2.162,2,1,1,408.336,1.026,3,0,0.586,4,1.000,10954.648,1.000,0.336,0.482,0.874,0.708,0.568,0.103,0.897,0.609,0.350
750,25.000,2.236,1.414,0.822,0.414,2,1,1,405.346,1.099,3,0,0.621,4,4.243,10894.269,1.000,0.336,0.978,0.950,0.586,0.699,0.152,0.848,0.620,0.350
753,25.100,1.414,2.828,-0.822,1.414,2,1,1,402.439,0.970,3,0,0.655,4,2.000,10252.287,1.000,0.336,0.503,0.886,0.646,0.080,0.108,0.892,0.616,0.350
756,25.200,2.236,2.236,0.822,-0.592,2,1,1,399.205,0.934,3,0,0.690,4,1.414,10175.269,1.000,0.336,0.391,0.444,0.644,0.307,0.082,0.918,0.641,0.350
759,25.300,0.000,4.243,-2.236,2.007,2,1,1,395.991,0.893,3,0,0.690,4,0.000,9477.987,1.000,0.347,0.429,0.864,0.684,2.165,0.088,0.912,0.624,0.550
762,25.400,2.236,15.620,2.236,11.378,2,1,1,385.375,0.729,4,1,0.655,5,301.957,9502.439,1.000,0.347,1.136,0.869,0.625,0.721,0.136,0.864,0.704,0.750
765,25.500,1.414,14.318,-0.822,-1.303,2,1,1,372.302,0.813,4,0,0.655,5,293.711,10428.830,1.000,0.347,0.708,0.894,0.809,0.177,0.101,0.899,0.685,0.750
768,25.600,0.000,6.708,-1.414,-7.610,2,1,1,366.197,0.834,4,0,0.655,5,250.154,9393.079,1.000,0.347,0.449,0.792,0.772,1.311,0.082,0.918,0.643,0.750
771,25.700,1.000,2.236,1.000,-4.472,2,1,1,363.167,0.785,3,1,0.621,4,211.142,8215.769,1.000,0.347,0.342,0.438,1.041,2.692,0.062,0.938,0.640,0.750
774,25.800,2.236,20.000,1.236,17.764,2,1,1,345.209,1.143,5,1,0.621,6,267.277,7613.635,1.000,0.347,0.941,0.892,0.002,2.028,0.133,0.867,0.722,0.750
777,25.900,1.000,1.414,-1.236,-18.586,2,1,1,343.176,1.732,4,1,0.621,6,210.609,7043.355,1.000,0.347,0.423,0.398,0.020,2.882,0.083,0.917,0.641,0.750
780,26.000,2.236,10.630,1.236,9.216,2,1,1,349.517,1.767,5,1,0.586,6,272.415,6382.774,1.000,0.336,1.316,0.808,0.131,0.620,0.149,0.851,0.685,0.750
783,26.100,1.000,8.602,-1.236,-2.028,2,1,1,353.956,1.506,4,0,0.586,5,277.200,6251.197,1.000,0.336,0.846,0.841,0.043,0.048,0.127,0.873,0.660,0.750
786,26.200,1.000,8.062,0.000,-0.540,2,1,1,361.332,1.517,4,0,0.621,5,285.049,6544.794,1.000,0.336,0.530,0.654,0.076,0.061,0.079,0.921,0.662,0.750
789,26.300,0.000,4.000,-1.000,-4.062,2,1,1,361.011,1.571,4,0,0.621,5,202.074,5951.649,1.000,0.324,0.524,0.719,0.196,2.175,0.089,0.911,0.635,0.750
792,26.400,1.000,6.403,1.000,2.403,2,1,1,354.746,1.571,5,0,0.655,6,278.297,6557.869,1.000,0.324,0.588,0.736,0.428,1.248,0.094,0.906,0.649,0.750
795,26.500,1.414,3.162,0.414,-3.241,2,1,1,354.622,1.702,4,1,0.621,5,109.444,7978.050,1.000,0.324,0.391,0.561,0.367,1.346,0.078,0.922,0.638,0.750
798,26.600,1.000,5.000,-0.414,1.838,2,1,1,359.557,1.648,5,1,0.586,6,108.467,8796.759,1.000,0.324,0.499,0.773,0.506,2.528,0.096,0.904,0.636,0.750
801,26.700,0.000,5.831,-1.000,0.831,2,1,1,362.862,1.442,3,1,0.586,4,221.775,8873.569,1.000,0.324,0.392,0.476,0.511,0.730,0.070,0.930,0.659,0.750
804,26.800,1.000,2.828,1.000,-3.003,2,1,1,364.003,1.687,3,0,0.586,4,212.897,8447.915,1.000,0.324,0.684,0.785,0.508,0.723,0.117,0.883,0.628,0.750
807,26.900,1.414,3.000,0.414,0.172,2,1,1,363.325,1.767,3,0,0.586,4,209.296,7798.158,1.000,0.324,0.274,0.412,0.448,0.421,0.053,0.947,0.645,0.750
810,27.000,1.414,6.708,0.000,3.708,2,1,1,356.531,1.767,4,1,0.586,5,205.876,7865.177,1.000,0.324,0.840,0.927,0.713,0.288,0.143,0.857,0.643,0.750
813,27.100,2.236,6.325,0.822,-0.384,2,1,1,361.509,1.792,4,0,0.586,4,196.621,7764.124,1.000,0.336,0.704,0.924,0.688,0.518,0.106,0.894,0.638,0.750
816,27.200,2.000,0.000,-0.236,-6.325,2,1,1,361.332,1.940,3,1,0.586,4,195.801,7188.185,1.000,0.336,0.904,0.821,0.538,2.736,0.130,0.870,0.626,0.750
819,27.300,2.000,3.606,0.000,3.606,2,1,1,359.427,1.547,4,1,0.586,5,214.448,6330.307,1.000,0.336,0.717,0.887,0.284,0.247,0.121,0.879,0.626,0.750
822,27.400,0.000,3.606,-2.000,0.000,2,1,1,362.244,1.486,4,0,0.586,5,281.810,5961.664,1.000,0.336,0.713,0.818,0.362,1.283,0.096,0.904,0.631,0.750
825,27.500,1.414,5.000,1.414,1.394,2,1,1,360.938,1.478,4,0,0.586,5,201.375,5610.394,1.000,0.336,0.506,0.807,0.162,0.953,0.073,0.927,0.634,0.750
828,27.600,1.000,4.472,-0.414,-0.528,2,1,1,358.615,1.547,4,0,0.621,5,279.260,6067.238,1.000,0.336,0.762,0.867,0.469,0.439,0.106,0.894,0.633,0.750
831,27.700,1.000,5.099,0.000,0.627,2,1,1,353.748,1.940,4,0,0.621,5,254.283,6326.000,1.000,0.336,0.571,0.408,0.456,0.994,0.083,0.917,0.664,0.750
834,27.800,0.000,1.414,-1.000,-3.685,2,1,1,352.687,2.014,3,1,0.586,4,213.581,6382.587,1.000,0.336,0.400,0.640,0.340,2.460,0.081,0.919,0.623,0.750
837,27.900,1.000,6.083,1.000,4.669,2,1,1,357.617,2.044,4,1,0.552,5,198.283,6010.825,1.000,0.347,0.834,0.864,0.240,0.676,0.138,0.862,0.644,0.750
840,28.000,2.000,12.083,1.000,6.000,2,1,1,368.782,1.767,4,0,0.552,5,210.761,6031.169,1.000,0.336,0.618,0.755,0.210,0.510,0.097,0.903,0.680,0.750
843,28.100,0.000,7.211,-2.000,-4.872,2,1,1,373.208,2.356,3,1,0.517,4,218.552,5941.604,1.000,0.336,0.201,0.237,0.023,1.698,0.027,0.973,0.678,0.750
846,28.200,0.000,6.708,0.000,-0.503,2,1,1,375.767,2.356,4,1,0.483,5,261.725,6251.710,1.000,0.336,0.539,0.747,0.092,1.295,0.091,0.909,0.648,0.750
849,28.300,2.236,5.831,2.236,-0.877,2,1,1,371.712,2.356,4,0,0.517,5,233.944,5909.417,1.000,0.336,0.701,0.883,0.058,0.751,0.115,0.885,0.638,0.750
852,28.400,1.414,18.028,-0.822,12.197,2,1,1,354.622,2.202,4,0,0.517,5,274.447,6026.769,1.000,0.336,0.523,0.062,0.115,3.093,0.069,0.931,0.759,0.750
855,28.500,1.000,2.828,-0.414,-15.199,2,1,1,352.817,1.940,3,1,0.483,4,209.258,6005.500,1.000,0.336,0.272,0.618,0.158,1.206,0.048,0.952,0.629,0.750
858,28.600,2.236,10.770,1.236,7.942,2,1,1,360.612,1.732,4,1,0.483,5,250.252,6254.424,1.000,0.336,0.667,0.819,0.018,2.014,0.112,0.888,0.669,0.750
861,28.700,1.414,8.062,-0.822,-2.708,2,1,1,369.597,1.949,4,0,0.517,5,200.412,6184.169,1.000,0.336,0.454,0.175,0.092,1.639,0.047,0.953,0.694,0.750
864,28.800,1.000,6.000,-0.414,-2.062,2,1,1,363.551,1.792,4,0,0.552,5,220.912,5898.359,1.000,0.336,0.669,0.713,0.347,2.575,0.110,0.890,0.650,0.750
867,28.900,1.000,6.000,0.000,0.000,2,1,1,357.505,1.494,4,0,0.586,5,237.023,5819.914,1.000,0.336,0.553,0.745,0.315,0.318,0.087,0.913,0.645,0.750
870,29.000,2.236,4.243,1.236,-1.757,2,1,1,355.563,1.346,4,0,0.586,5,215.379,5772.737,1.000,0.336,1.249,0.822,0.443,0.308,0.147,0.853,0.647,0.750
873,29.100,2.236,3.000,0.000,-1.243,2,1,1,359.451,1.341,4,1,0.552,5,206.981,5732.494,1.000,0.336,0.767,0.725,0.037,0.591,0.112,0.888,0.635,0.750
876,29.200,2.236,3.000,0.000,0.000,2,1,1,363.352,1.280,5,1,0.517,6,233.482,5515.898,1.000,0.336,1.266,0.610,0.004,0.194,0.143,0.857,0.656,0.750
879,29.300,2.236,8.062,0.000,5.062,2,1,1,371.135,1.240,5,0,0.517,6,260.622,5776.639,1.000,0.324,0.982,0.521,0.251,0.031,0.127,0.873,0.683,0.750
882,29.400,3.000,10.440,0.764,2.378,2,1,1,361.022,1.189,6,0,0.552,6,0.000,7380.609,1.000,0.324,1.936,0.680,0.507,0.155,0.159,0.841,0.709,0.350
885,29.500,5.000,9.849,2.000,-0.591,2,1,1,352.013,1.215,6,0,0.586,6,100.955,8612.369,1.000,0.324,1.667,0.881,0.786,0.346,0.150,0.850,0.685,0.561
888,29.600,3.000,12.207,-2.000,2.358,2,1,1,345.145,0.905,6,0,0.621,6,0.000,8982.179,1.000,0.311,2.175,0.897,1.136,0.107,0.165,0.835,0.709,0.350
891,29.700,2.000,3.162,-1.000,-9.044,2,1,1,348.116,1.138,4,1,0.586,5,208.959,8976.775,1.000,0.311,0.592,0.570,1.720,0.389,0.107,0.893,0.642,0.750
894,29.800,3.606,2.828,1.606,-0.334,2,1,1,353.115,1.178,5,1,0.552,6,228.633,8841.554,1.000,0.311,1.365,0.780,1.751,1.881,0.149,0.851,0.650,0.750
897,29.900,1.000,4.000,-2.606,1.172,2,1,1,358.113,0.982,5,0,0.586,6,95.755,8059.075,1.000,0.311,0.726,0.611,1.963,0.111,0.111,0.889,0.648,0.700
900,30.000,1.000,14.318,0.000,10.318,2,1,1,372.227,1.008,5,0,0.586,6,93.520,8763.880,1.000,0.311,0.579,0.601,2.167,3.126,0.091,0.909,0.702,0.700
903,30.100,0.000,1.000,-1.000,-13.318,2,1,1,372.263,1.113,5,0,0.621,6,224.288,8090.534,1.000,0.311,0.255,0.151,2.332,0.839,0.035,0.965,0.651,0.750
906,30.200,0.000,11.402,0.000,10.402,2,1,1,361.168,1.051,5,0,0.655,6,238.113,7388.785,1.000,0.311,0.381,0.263,2.214,0.717,0.051,0.949,0.704,0.750
909,30.300,1.000,6.083,1.000,-5.319,2,1,1,359.402,1.172,5,0,0.655,6,93.107,8134.505,1.000,0.311,0.691,0.684,2.567,0.870,0.108,0.892,0.653,0.700
912,30.400,2.828,5.000,1.828,-1.083,2,1,1,360.312,1.437,5,0,0.655,6,258.382,8371.810,1.000,0.311,1.407,0.784,2.630,0.319,0.157,0.843,0.658,0.750
915,30.500,1.000,5.657,-1.828,0.657,2,1,1,363.167,1.222,4,1,0.621,5,211.625,7665.800,1.000,0.311,0.513,0.749,3.113,0.532,0.090,0.910,0.642,0.750
918,30.600,2.236,12.042,1.236,6.385,2,1,1,372.022,1.153,6,1,0.586,6,101.597,7882.665,1.000,0.311,0.967,0.910,1.748,1.351,0.150,0.850,0.677,0.750
921,30.700,1.000,6.083,-1.236,-5.959,2,1,1,371.001,1.128,6,0,0.621,6,101.833,9394.639,1.000,0.311,0.551,0.870,1.800,1.142,0.096,0.904,0.637,0.700
924,30.800,3.162,11.045,2.162,4.963,2,1,1,371.109,1.110,6,0,0.655,6,102.396,10528.458,1.000,0.311,1.209,0.920,1.161,0.331,0.163,0.837,0.677,0.569
927,30.900,1.000,7.071,-2.162,-3.974,2,1,1,370.304,0.969,5,0,0.655,6,268.701,10142.434,1.000,0.311,0.858,0.960,1.068,0.667,0.120,0.880,0.644,0.750
930,31.000,1.000,18.111,0.000,11.040,2,1,1,352.363,0.904,5,0,0.690,6,267.899,10101.308,1.000,0.311,0.755,0.745,0.394,0.634,0.087,0.913,0.717,0.750
933,31.100,1.000,15.133,0.000,-2.978,2,1,1,337.334,0.982,5,0,0.724,6,231.147,10211.800,1.000,0.311,0.537,0.478,0.080,2.722,0.084,0.916,0.714,0.750
936,31.200,2.236,5.000,1.236,-10.133,2,1,1,339.178,1.138,6,0,0.724,6,105.575,10085.938,1.000,0.311,1.262,0.640,0.364,1.889,0.140,0.860,0.665,0.587
939,31.300,2.236,8.246,0.000,3.246,2,1,1,346.071,1.120,6,0,0.724,6,105.929,9685.369,1.000,0.311,0.957,0.803,0.291,0.021,0.135,0.865,0.664,0.588
942,31.400,1.414,12.530,-0.822,4.284,2,1,1,351.036,0.906,6,0,0.759,6,106.066,9704.287,1.000,0.311,1.276,0.814,0.417,0.113,0.152,0.848,0.695,0.589
945,31.500,1.414,8.944,0.000,-3.586,2,1,1,358.089,1.044,6,0,0.793,6,106.212,9855.664,1.000,0.298,0.527,0.640,0.382,0.602,0.081,0.919,0.668,0.590
948,31.600,1.000,3.162,-0.414,-5.782,2,1,1,355.141,1.299,6,0,0.793,6,104.235,10562.405,1.000,0.298,0.785,0.467,0.445,0.552,0.126,0.874,0.655,0.579
951,31.700,1.414,2.000,0.414,-1.162,2,1,1,356.069,1.553,5,1,0.759,6,105.076,10104.619,1.000,0.298,0.743,0.777,0.308,0.037,0.119,0.881,0.625,0.750
954,31.800,2.236,10.817,0.822,8.817,2,1,1,348.323,1.790,6,1,0.724,6,104.938,9975.739,1.000,0.298,0.815,0.795,0.253,0.457,0.128,0.872,0.675,0.750
957,31.900,0.000,5.831,-2.236,-4.986,2,1,1,345.579,1.596,6,0,0.724,6,107.056,9789.847,1.000,0.298,0.518,0.710,0.242,2.922,0.091,0.909,0.646,0.595
960,32.000,3.162,5.099,3.162,-0.732,2,1,1,347.697,1.523,6,0,0.759,6,105.929,9691.869,1.000,0.298,1.941,0.801,0.455,1.228,0.167,0.833,0.671,0.588
963,32.100,2.000,3.000,-1.162,-2.099,2,1,1,348.695,1.470,6,0,0.793,6,103.947,9532.189,1.000,0.298,0.641,0.696,0.189,0.042,0.108,0.892,0.634,0.577
966,32.200,1.000,7.071,-1.000,4.071,2,1,1,356.742,1.940,6,0,0.793,6,103.097,10052.719,1.000,0.298,0.862,0.803,0.252,2.838,0.137,0.863,0.655,0.573
969,32.300,1.414,4.243,0.414,-2.828,2,1,1,360.501,1.809,5,1,0.759,6,103.947,9552.278,1.000,0.298,0.486,0.759,0.128,0.240,0.101,0.899,0.633,0.750
972,32.400,1.000,3.162,-0.414,-1.080,2,1,1,363.607,1.809,5,0,0.759,6,106.212,9415.768,1.000,0.298,0.488,0.868,0.238,2.268,0.102,0.898,0.619,0.590
975,32.500,1.000,1.414,0.000,-1.748,2,1,1,362.498,1.940,5,0,0.759,6,104.938,9340.688,1.000,0.298,0.618,0.901,0.173,2.077,0.124,0.876,0.610,0.583
978,32.600,3.606,10.198,2.606,8.784,2,1,1,354.813,2.050,6,1,0.759,6,104.938,10127.840,1.000,0.298,0.997,0.911,0.079,0.527,0.144,0.856,0.668,0.750
981,32.700,1.000,1.000,-2.606,-9.198,2,1,1,353.748,2.122,6,0,0.793,6,104.235,9599.528,1.000,0.298,0.372,0.368,0.307,1.241,0.065,0.935,0.639,0.579
984,32.800,1.000,12.042,0.000,11.042,2,1,1,352.142,1.857,6,0,0.793,6,105.076,10373.269,1.000,0.298,0.576,0.204,0.005,0.274,0.086,0.914,0.717,0.584
987,32.900,1.414,7.616,0.414,-4.426,2,1,1,346.052,1.915,6,0,0.793,6,104.938,11104.738,1.000,0.298,0.466,0.624,0.000,0.239,0.082,0.918,0.660,0.583
990,33.000,0.000,1.414,-1.414,-6.202,2,1,1,345.036,1.739,6,0,0.793,6,107.201,11585.554,1.000,0.298,0.368,0.203,0.264,0.826,0.045,0.955,0.653,0.596
993,33.100,0.000,1.000,0.000,-0.414,2,1,1,346.036,1.898,5,1,0.759,6,107.056,10681.914,1.000,0.298,0.202,0.127,0.283,3.104,0.040,0.960,0.652,0.750
996,33.200,0.000,3.162,0.000,2.162,2,1,1,349.052,1.807,5,0,0.759,6,105.929,11086.387,1.000,0.298,0.483,0.586,0.549,3.131,0.089,0.911,0.639,0.588
999,33.300,0.000,8.485,0.000,5.323,2,1,1,343.210,1.473,6,1,0.724,6,104.938,10575.119,1.000,0.298,0.861,0.935,0.736,0.273,0.125,0.875,0.653,0.750
1002,33.400,1.000,5.099,1.000,-3.386,2,1,1,347.174,1.302,5,1,0.724,6,106.921,9913.399,1.000,0.298,0.602,0.879,0.762,2.330,0.120,0.880,0.632,0.750
1005,33.500,1.000,3.606,0.000,-1.493,2,1,1,350.280,1.375,5,0,0.759,6,106.921,8940.458,1.000,0.298,0.678,0.910,0.587,0.993,0.109,0.891,0.623,0.594
1008,33.600,350.629,0.000,0.114,0.000,2,1,0,350.629,2.111,6,1,0.724,6,104.809,9637.164,1.000,0.298,1.211,0.867,0.899,0.307,0.149,0.851,0.870,0.750
1011,33.700,2.236,10.817,-348.393,7.211,2,1,1,360.799,1.845,6,0,0.724,6,102.343,8613.204,1.000,0.298,0.723,0.935,0.727,0.176,0.109,0.891,0.663,0.569
1014,33.800,1.000,5.000,-1.236,-5.817,2,1,1,357.617,1.569,6,0,0.724,6,102.343,8899.715,1.000,0.298,0.738,0.910,0.831,0.401,0.124,0.876,0.633,0.580
1017,33.900,1.414,14.422,0.414,9.422,2,1,1,369.221,1.707,6,0,0.724,6,105.929,10017.240,1.000,0.298,0.904,0.829,0.644,0.872,0.126,0.874,0.695,0.588
1020,34.000,3.606,37.014,2.191,22.591,2,1,1,398.950,1.423,6,0,0.724,6,104.561,10851.144,1.000,0.298,2.001,0.829,0.487,0.242,0.166,0.834,0.848,0.581
1023,34.100,1.000,18.385,-2.606,-18.629,2,1,1,408.754,1.446,6,0,0.724,6,103.175,12086.605,1.000,0.298,1.166,0.856,0.220,0.936,0.144,0.856,0.721,0.573
1026,34.200,3.606,8.944,2.606,-9.441,2,1,1,408.932,1.299,4,0,0.724,5,275.481,12955.430,1.000,0.311,1.634,0.770,0.275,0.132,0.160,0.840,0.687,0.750
1029,34.300,1.000,10.050,-2.606,1.106,2,1,1,399.586,1.105,4,0,0.724,5,293.942,13354.308,1.000,0.311,1.161,0.558,0.102,0.355,0.131,0.869,0.696,0.750
1032,34.400,0.000,13.038,-1.000,2.989,2,1,1,386.685,1.029,4,0,0.724,5,256.462,13201.984,1.000,0.311,1.796,0.609,0.270,0.127,0.150,0.850,0.725,0.750
1035,34.500,2.236,4.243,2.236,-8.796,2,1,1,381.366,1.118,4,1,0.690,6,101.257,13119.755,1.000,0.311,1.030,0.838,0.672,0.475,0.136,0.864,0.641,0.750
1038,34.600,2.236,2.000,0.000,-2.243,2,1,1,380.091,1.062,4,0,0.724,6,102.650,11482.629,1.000,0.311,1.335,0.944,0.805,0.310,0.158,0.842,0.630,0.580
1041,34.700,1.414,1.000,-0.822,-1.000,2,1,1,378.663,1.105,4,0,0.759,6,103.228,11282.238,1.000,0.311,0.581,0.903,1.054,0.487,0.101,0.899,0.609,0.580
1044,34.800,1.000,2.236,-0.414,1.236,2,1,1,375.516,1.233,3,0,0.759,4,1.000,9543.510,1.000,0.311,0.677,0.871,1.108,0.135,0.113,0.887,0.618,0.580
1047,34.900,1.000,7.071,0.000,4.835,2,1,1,367.952,1.245,4,1,0.724,5,255.000,9851.370,1.000,0.311,0.511,0.637,1.066,0.441,0.096,0.904,0.657,0.750
1050,35.000,0.000,15.652,-1.000,8.581,2,1,1,352.732,1.214,4,0,0.724,5,255.853,8771.609,1.000,0.324,0.707,0.867,1.040,0.557,0.098,0.902,0.694,0.750
1053,35.100,1.414,7.280,1.414,-8.372,2,1,1,348.518,1.191,3,1,0.690,4,1.000,8260.755,1.000,0.324,0.476,0.846,2.453,0.451,0.083,0.917,0.643,0.750
1056,35.200,1.414,11.045,0.000,3.765,2,1,1,338.321,1.319,4,1,0.690,5,243.772,8159.148,1.000,0.324,0.984,0.786,1.600,2.366,0.149,0.851,0.681,0.750
1059,35.300,1.414,3.162,0.000,-7.883,2,1,1,339.478,1.456,4,0,0.690,5,220.229,7933.144,1.000,0.324,0.740,0.810,1.749,0.015,0.130,0.870,0.629,0.750
1062,35.400,3.606,2.828,2.191,-0.334,2,1,1,342.476,1.220,4,0,0.690,5,281.780,8125.075,1.000,0.324,1.460,0.856,1.685,0.311,0.160,0.840,0.647,0.750
1065,35.500,1.000,2.000,-2.606,-0.828,2,1,1,341.955,0.925,3,1,0.690,4,238.296,7853.864,1.000,0.324,0.814,0.924,1.680,0.530,0.125,0.875,0.617,0.750
1068,35.600,2.828,11.402,1.828,9.402,2,1,1,349.721,1.066,4,1,0.655,5,290.766,7550.644,1.000,0.324,1.140,0.922,0.614,0.735,0.158,0.842,0.677,0.750
1071,35.700,1.000,6.403,-1.828,-4.999,2,1,1,354.938,1.178,5,0,0.655,6,103.392,8177.664,1.000,0.324,0.395,0.514,0.571,2.296,0.057,0.943,0.660,0.574
1074,35.800,2.000,7.280,1.000,0.877,2,1,1,350.351,1.424,5,0,0.655,6,104.403,8996.470,1.000,0.324,0.756,0.899,0.170,0.095,0.113,0.887,0.646,0.580
1077,35.900,1.000,2.236,-1.000,-5.044,2,1,1,350.705,1.424,5,0,0.655,6,102.801,9840.394,1.000,0.324,0.787,0.884,0.029,1.708,0.127,0.873,0.620,0.580
1080,36.000,2.000,5.000,1.000,2.764,2,1,1,349.292,1.332,6,0,0.690,6,103.005,10022.659,1.000,0.324,0.972,0.941,0.281,0.681,0.151,0.849,0.636,0.580
1083,36.100,1.000,3.162,-1.000,-1.838,2,1,1,345.175,1.227,5,1,0.655,6,101.607,10123.767,1.000,0.324,0.582,0.801,0.396,1.680,0.117,0.883,0.626,0.750
1086,36.200,1.000,12.083,0.000,8.921,2,1,1,354.120,1.469,6,1,0.655,6,103.600,10320.738,1.000,0.311,0.974,0.703,0.727,0.918,0.138,0.862,0.692,0.750
1089,36.300,1.000,3.606,0.000,-8.477,2,1,1,357.593,1.497,5,0,0.690,6,268.663,10090.564,1.000,0.311,0.301,0.313,0.696,1.935,0.050,0.950,0.656,0.750
1092,36.400,1.000,2.828,0.000,-0.777,2,1,1,356.261,1.586,4,1,0.655,5,236.315,10141.560,1.000,0.311,0.570,0.937,0.710,0.852,0.113,0.887,0.614,0.750
1095,36.500,1.000,6.708,0.000,3.880,2,1,1,350.009,1.460,5,1,0.655,6,234.557,9664.219,1.000,0.311,0.347,0.514,0.676,1.403,0.061,0.939,0.660,0.750
1098,36.600,2.000,17.263,1.000,10.554,2,1,1,335.774,1.196,4,0,0.655,5,275.487,9382.618,1.000,0.311,0.862,0.923,0.737,1.944,0.139,0.861,0.703,0.750
1101,36.700,2.000,12.083,0.000,-5.180,2,1,1,332.665,1.374,4,0,0.655,5,276.538,9521.834,1.000,0.311,0.781,0.933,0.540,0.588,0.128,0.872,0.671,0.750
1104,36.800,2.236,2.236,0.236,-9.847,2,1,1,332.665,1.629,3,1,0.621,4,5.099,9006.269,1.000,0.311,1.296,0.703,0.616,2.198,0.162,0.838,0.646,0.750
1107,36.900,1.414,3.000,-0.822,0.764,2,1,1,334.833,1.401,3,0,0.621,4,221.472,8416.688,1.000,0.324,1.092,0.777,0.535,0.123,0.143,0.857,0.640,0.750
1110,37.000,3.000,15.133,1.586,12.133,2,1,1,346.152,1.374,4,1,0.586,5,258.544,8323.667,1.000,0.324,1.108,0.904,0.656,0.610,0.148,0.852,0.698,0.750
1113,37.100,2.236,8.062,-0.764,-7.070,2,1,1,352.813,1.316,4,0,0.586,5,256.984,7727.007,1.000,0.324,0.539,0.726,0.519,0.083,0.069,0.931,0.657,0.750
1116,37.200,2.000,3.000,-0.236,-5.062,2,1,1,351.832,1.374,6,0,0.586,6,234.798,7627.524,1.000,0.324,1.113,0.616,0.615,0.743,0.146,0.854,0.651,0.750
1119,37.300,3.162,2.236,1.162,-0.764,2,1,1,353.221,1.218,5,1,0.552,6,98.489,8403.519,1.000,0.324,1.439,0.783,0.297,3.029,0.150,0.850,0.649,0.750
1122,37.400,1.414,8.485,-1.748,6.249,2,1,1,349.292,1.288,6,1,0.552,6,96.664,9641.640,1.000,0.324,1.203,0.814,0.111,2.208,0.148,0.852,0.670,0.750
1125,37.500,1.000,10.630,-0.414,2.145,2,1,1,342.761,1.175,6,0,0.552,6,101.833,9729.150,1.000,0.324,0.724,0.905,0.175,1.326,0.128,0.872,0.664,0.566
1128,37.600,2.236,12.369,1.236,1.739,2,1,1,352.081,1.201,6,0,0.552,6,103.812,10243.294,1.000,0.324,1.198,0.879,0.134,1.528,0.163,0.837,0.687,0.577
1131,37.700,1.414,4.472,-0.822,-7.897,2,1,1,354.803,1.170,5,1,0.517,6,103.005,9947.234,1.000,0.324,0.722,0.932,0.488,0.421,0.127,0.873,0.628,0.750
1134,37.800,0.000,7.000,-1.414,2.528,2,1,1,353.409,1.292,5,1,0.517,6,259.124,9932.135,1.000,0.311,0.694,0.936,0.329,0.595,0.114,0.886,0.641,0.750
1137,37.900,2.236,3.606,2.236,-3.394,2,1,1,351.446,1.382,5,0,0.517,6,218.179,9782.878,1.000,0.311,0.630,0.908,0.474,0.649,0.121,0.879,0.622,0.750
1140,38.000,2.000,18.111,-0.236,14.505,2,1,1,336.158,1.093,5,0,0.552,6,98.899,10650.919,1.000,0.311,0.899,0.836,0.479,0.492,0.142,0.858,0.715,0.549
1143,38.100,1.414,12.042,-0.586,-6.069,2,1,1,329.874,1.031,5,0,0.586,6,247.000,9711.139,1.000,0.298,1.198,0.952,0.646,1.276,0.153,0.847,0.680,0.750
1146,38.200,2.828,7.071,1.414,-4.971,2,1,1,331.266,1.180,5,0,0.586,6,212.615,9385.147,1.000,0.298,0.969,0.913,0.652,1.841,0.143,0.857,0.650,0.750
1149,38.300,1.000,8.246,-1.828,1.175,2,1,1,338.892,1.363,5,0,0.586,6,252.549,8812.225,1.000,0.298,0.623,0.807,0.751,1.534,0.110,0.890,0.655,0.750
1152,38.400,0.000,12.369,-1.000,4.123,2,1,1,350.087,1.228,5,0,0.621,6,264.715,8711.070,1.000,0.298,0.432,0.429,0.434,0.275,0.070,0.930,0.699,0.750
1155,38.500,0.000,6.000,0.000,-6.369,2,1,1,344.193,1.455,5,0,0.655,6,234.401,8248.798,1.000,0.298,0.575,0.526,0.424,2.054,0.089,0.911,0.661,0.750
1158,38.600,2.000,5.099,2.000,-0.901,2,1,1,341.059,1.455,5,0,0.655,6,246.465,8156.820,1.000,0.298,0.633,0.738,0.223,3.118,0.112,0.888,0.643,0.750
1161,38.700,0.000,5.000,-2.000,-0.099,2,1,1,343.284,1.455,4,1,0.621,5,0.000,8182.814,1.000,0.311,0.323,0.445,0.389,0.650,0.056,0.944,0.655,0.750
1164,38.800,0.000,7.616,0.000,2.616,2,1,1,336.942,1.571,5,1,0.586,6,253.748,8393.599,1.000,0.311,0.554,0.746,0.042,3.104,0.087,0.913,0.654,0.750
1167,38.900,1.000,8.062,1.000,0.446,2,1,1,329.876,1.963,5,0,0.586,6,272.883,7522.938,1.000,0.311,0.780,0.670,0.285,1.289,0.119,0.881,0.667,0.750
1170,39.000,2.000,2.236,1.000,-5.826,2,1,1,330.080,1.318,5,0,0.621,6,226.636,7265.589,1.000,0.311,1.234,0.831,0.442,0.364,0.147,0.853,0.635,0.750
1173,39.100,0.000,13.000,-2.000,10.764,2,1,1,340.872,1.358,5,0,0.655,6,279.959,7694.379,1.000,0.311,0.377,0.493,0.291,2.168,0.062,0.938,0.697,0.750
1176,39.200,2.828,4.123,2.828,-8.877,2,1,1,338.362,1.670,5,0,0.655,6,252.765,7694.937,1.000,0.311,1.369,0.829,0.574,1.507,0.161,0.839,0.649,0.750
1179,39.300,1.414,7.211,-1.414,3.088,2,1,1,333.996,1.412,6,0,0.690,6,98.615,8838.515,1.000,0.311,0.835,0.853,0.393,0.218,0.135,0.865,0.651,0.550
1182,39.400,2.000,2.000,0.586,-5.211,2,1,1,333.996,1.461,6,0,0.724,6,98.615,9888.394,1.000,0.311,0.804,0.874,0.489,1.381,0.128,0.872,0.620,0.550
1185,39.500,1.000,7.810,-1.000,5.810,2,1,1,338.013,1.515,6,0,0.724,6,99.725,10403.669,1.000,0.311,0.298,0.739,0.471,2.737,0.044,0.956,0.649,0.554
1188,39.600,0.000,7.616,-1.000,-0.194,2,1,1,345.429,1.325,6,0,0.724,6,98.793,10261.379,1.000,0.311,0.513,0.411,0.836,0.356,0.083,0.917,0.676,0.549
1191,39.700,1.414,4.000,1.414,-3.616,2,1,1,348.558,1.361,5,1,0.724,6,98.234,10001.350,1.000,0.298,0.524,0.861,1.072,0.124,0.104,0.896,0.625,0.750
1194,39.800,0.000,3.162,-1.414,-0.838,2,1,1,351.336,1.309,6,1,0.690,6,98.793,9877.147,1.000,0.298,0.706,0.939,1.253,0.250,0.133,0.867,0.619,0.750
1197,39.900,1.414,2.828,1.414,-0.334,2,1,1,348.208,1.309,5,0,0.724,6,212.565,9792.555,1.000,0.298,0.319,0.407,1.057,0.888,0.051,0.949,0.645,0.750
1200,40.000,1.000,1.000,-0.414,-1.828,2,1,1,348.208,1.261,4,1,0.690,5,226.550,9496.850,1.000,0.311,0.443,0.744,0.839,1.091,0.078,0.922,0.615,0.750
1203,40.100,0.000,6.403,-1.000,5.403,2,1,1,345.175,1.571,5,1,0.655,6,227.161,9473.469,1.000,0.311,0.375,0.367,0.734,0.667,0.058,0.942,0.669,0.750
1206,40.200,2.000,13.153,2.000,6.750,2,1,1,332.417,1.963,5,0,0.690,6,98.234,9293.059,1.000,0.311,0.630,0.833,0.831,1.269,0.106,0.894,0.681,0.546
1209,40.300,1.000,1.414,-1.000,-11.739,2,1,1,334.574,1.426,4,1,0.690,5,99.005,9425.369,1.000,0.311,0.587,0.865,0.537,0.351,0.118,0.882,0.612,0.750
1212,40.400,1.000,6.708,0.000,5.294,2,1,1,339.706,1.445,5,1,0.655,6,99.161,9558.614,1.000,0.311,0.522,0.478,0.393,1.213,0.083,0.917,0.667,0.750
1215,40.500,0.000,3.162,-1.000,-3.546,2,1,1,342.476,1.412,5,0,0.655,6,99.161,9527.224,1.000,0.311,0.486,0.389,0.393,2.632,0.081,0.919,0.652,0.551
1218,40.600,1.000,4.123,1.000,0.961,2,1,1,339.706,1.755,5,0,0.690,6,98.433,10241.839,1.000,0.311,0.563,0.729,0.657,0.404,0.099,0.901,0.636,0.547
1221,40.700,0.000,2.236,-1.000,-1.887,2,1,1,337.925,1.528,4,1,0.690,5,99.725,10236.089,1.000,0.311,0.354,0.431,0.426,0.669,0.067,0.933,0.641,0.750
1224,40.800,1.414,1.000,1.414,-1.236,2,1,1,337.740,1.571,4,0,0.690,5,101.592,9047.640,1.000,0.311,0.342,0.432,0.719,2.980,0.073,0.927,0.636,0.564
1227,40.900,1.414,5.831,0.000,4.831,2,1,1,343.284,2.094,5,1,0.655,6,102.883,9431.657,1.000,0.311,0.348,0.655,0.856,1.583,0.060,0.940,0.645,0.750
1230,41.000,0.000,11.402,-1.414,5.571,2,1,1,353.624,2.094,5,0,0.655,6,99.539,9944.557,1.000,0.311,0.584,0.241,0.998,0.210,0.076,0.924,0.711,0.553
1233,41.100,1.000,6.000,1.000,-5.402,2,1,1,353.696,2.356,5,0,0.655,6,101.769,10956.094,1.000,0.311,0.673,0.647,0.757,3.137,0.111,0.889,0.655,0.565
1236,41.200,2.236,13.892,1.236,7.892,2,1,1,343.594,2.124,5,0,0.655,6,102.694,11169.780,1.000,0.311,0.864,0.844,0.625,0.122,0.136,0.864,0.690,0.571
1239,41.300,2.000,5.831,-0.236,-8.061,2,1,1,337.202,2.094,5,0,0.655,6,102.528,11902.028,1.000,0.311,0.627,0.709,0.464,1.345,0.103,0.897,0.648,0.570
1242,41.400,1.000,8.602,-1.000,2.771,2,1,1,333.793,1.963,5,0,0.655,6,102.883,12295.594,1.000,0.311,0.825,0.643,0.500,0.182,0.125,0.875,0.673,0.572
1245,41.500,1.414,2.236,0.414,-6.366,2,1,1,335.179,1.728,4,1,0.621,5,101.769,11821.708,1.000,0.311,0.557,0.812,0.354,0.023,0.112,0.888,0.619,0.750
1248,41.600,1.414,2.828,0.000,0.592,2,1,1,336.364,1.702,5,1,0.621,6,102.694,10861.087,1.000,0.311,0.559,0.729,0.296,0.077,0.108,0.892,0.629,0.750
1251,41.700,1.000,5.000,-0.414,2.172,2,1,1,340.654,1.571,5,0,0.655,6,101.769,10034.559,1.000,0.311,0.410,0.337,0.196,2.230,0.075,0.925,0.664,0.565
1254,41.800,1.414,5.099,0.414,0.099,2,1,1,339.525,1.459,5,0,0.655,6,100.464,9367.989,1.000,0.311,0.741,0.584,0.318,0.234,0.126,0.874,0.656,0.558
1257,41.900,1.000,7.000,-0.414,1.901,2,1,1,333.624,1.374,5,0,0.655,6,100.846,9368.719,1.000,0.311,0.515,0.626,0.292,1.788,0.089,0.911,0.658,0.560
1260,42.000,2.236,7.071,1.236,0.071,2,1,1,331.267,1.571,4,1,0.621,5,102.181,9050.837,1.000,0.311,0.691,0.900,0.238,2.124,0.139,0.861,0.644,0.750
1263,42.100,4.000,10.440,1.764,3.369,2,1,1,336.733,1.374,5,1,0.586,6,269.883,10197.524,1.000,0.311,1.668,0.962,0.034,0.297,0.149,0.851,0.682,0.750
1266,42.200,4.472,15.297,0.472,4.857,2,1,1,347.472,1.236,5,0,0.586,6,279.159,10337.719,1.000,0.311,1.811,0.938,0.204,0.203,0.171,0.829,0.715,0.750
1269,42.300,1.414,6.403,-3.058,-8.894,2,1,1,344.262,1.374,6,0,0.586,6,100.464,10354.939,1.000,0.311,0.382,0.479,1.370,1.897,0.054,0.946,0.662,0.558
1272,42.400,2.236,10.817,0.822,4.414,2,1,1,337.028,1.415,6,0,0.586,6,100.846,10773.314,1.000,0.311,1.588,0.976,1.776,0.506,0.178,0.822,0.681,0.700
1275,42.500,3.000,1.000,0.764,-9.817,2,1,1,337.511,1.343,5,1,0.552,6,101.769,10564.354,1.000,0.311,0.805,0.942,3.034,0.260,0.124,0.876,0.621,0.750
1278,42.600,1.000,7.000,-2.000,6.000,2,1,1,344.581,1.473,5,1,0.552,6,101.769,10377.269,1.000,0.311,0.519,0.933,3.148,1.892,0.098,0.902,0.637,0.750
1281,42.700,1.000,2.000,0.000,-5.000,2,1,1,346.717,1.374,5,0,0.586,6,101.390,10312.554,1.000,0.311,0.610,0.907,2.749,1.597,0.107,0.893,0.613,0.700
1284,42.800,0.000,6.708,-1.000,4.708,2,1,1,352.165,1.188,5,0,0.586,6,109.225,10125.269,1.000,0.311,0.732,0.897,1.951,0.318,0.130,0.870,0.643,0.700
1287,42.900,0.000,4.472,0.000,-2.236,2,1,1,347.908,1.309,5,0,0.621,6,102.318,9462.987,1.000,0.311,0.585,0.836,2.100,3.029,0.105,0.895,0.631,0.700
1290,43.000,2.000,15.232,2.000,10.759,2,1,1,334.718,1.478,5,0,0.655,6,101.020,9823.314,1.000,0.298,0.793,0.900,1.667,0.146,0.122,0.878,0.691,0.700
1293,43.100,1.000,1.414,-1.000,-13.817,2,1,1,334.552,1.414,4,1,0.621,5,107.299,10050.594,1.000,0.311,0.543,0.940,1.746,1.230,0.106,0.894,0.606,0.750
1296,43.200,0.000,3.606,-1.000,2.191,2,1,1,337.191,1.294,4,0,0.655,5,108.374,10105.369,1.000,0.311,0.559,0.840,1.747,0.554,0.124,0.876,0.625,0.700
1299,43.300,1.000,3.162,1.000,-0.443,2,1,1,341.299,1.571,4,0,0.690,5,108.296,9508.375,1.000,0.311,0.282,0.499,1.863,2.747,0.051,0.949,0.640,0.700
1302,43.400,1.414,3.606,0.414,0.443,2,1,1,342.940,1.309,5,1,0.655,6,107.229,9126.069,1.000,0.311,0.505,0.802,1.524,0.512,0.106,0.894,0.626,0.750
1305,43.500,1.000,1.414,-0.414,-2.191,2,1,1,344.269,1.571,4,1,0.621,5,219.695,9083.000,1.000,0.311,0.481,0.838,1.521,0.659,0.091,0.909,0.611,0.750
1308,43.600,2.000,10.050,1.000,8.636,2,1,1,336.574,1.571,5,1,0.621,6,106.231,9616.888,1.000,0.311,1.017,0.921,1.334,1.109,0.146,0.854,0.667,0.750
1311,43.700,1.000,2.236,-1.000,-7.814,2,1,1,336.942,1.257,5,0,0.621,6,98.433,9262.325,1.000,0.311,0.782,0.918,0.307,0.133,0.129,0.871,0.618,0.547
1314,43.800,2.236,4.000,1.236,1.764,2,1,1,339.872,1.124,5,0,0.655,6,233.555,8895.707,1.000,0.311,0.918,0.919,0.165,0.096,0.132,0.868,0.631,0.750
1317,43.900,1.414,2.236,-0.822,-1.764,2,1,1,339.673,1.243,4,1,0.621,5,3.162,8910.854,1.000,0.311,0.499,0.784,0.086,2.251,0.103,0.897,0.620,0.750
1320,44.000,1.414,2.236,0.000,0.000,2,1,1,341.053,1.218,5,1,0.586,6,110.223,9079.094,1.000,0.311,0.836,0.710,0.426,0.711,0.140,0.860,0.634,0.750
1323,44.100,1.414,4.123,0.000,1.887,2,1,1,343.991,1.193,5,0,0.586,6,108.296,9304.639,1.000,0.311,0.612,0.881,0.459,0.160,0.103,0.897,0.627,0.602
1326,44.200,1.000,11.402,-0.414,7.279,2,1,1,350.179,1.193,5,0,0.586,6,108.227,9797.019,1.000,0.311,0.786,0.816,0.417,2.595,0.129,0.871,0.676,0.601
1329,44.300,1.000,11.180,0.000,-0.221,2,1,1,342.229,1.506,5,0,0.586,6,107.299,9756.329,1.000,0.311,0.648,0.745,0.350,2.729,0.099,0.901,0.676,0.596
1332,44.400,1.414,8.544,0.414,-2.636,2,1,1,335.753,1.237,5,0,0.621,6,107.229,9975.849,1.000,0.311,0.931,0.826,0.380,1.699,0.153,0.847,0.663,0.596
1335,44.500,1.414,3.000,0.000,-5.544,2,1,1,337.136,1.262,5,0,0.655,6,209.251,10016.645,1.000,0.311,0.567,0.917,0.290,0.588,0.101,0.899,0.617,0.750
1338,44.600,2.236,2.236,0.822,-0.764,2,1,1,335.555,1.539,4,1,0.621,5,3.162,9288.924,1.000,0.311,1.035,0.884,0.362,1.612,0.136,0.864,0.626,0.750
1341,44.700,1.000,3.606,-1.236,1.369,2,1,1,337.131,1.269,5,1,0.586,6,227.035,9725.719,1.000,0.311,0.805,0.804,0.286,0.076,0.116,0.884,0.634,0.750
1344,44.800,2.000,2.236,1.000,-1.369,2,1,1,338.907,1.204,5,0,0.586,6,218.504,9597.750,1.000,0.311,1.211,0.926,0.277,1.118,0.153,0.847,0.628,0.750
1347,44.900,2.236,11.662,0.236,9.426,2,1,1,330.855,1.383,5,0,0.621,6,269.295,9222.545,1.000,0.311,1.186,0.920,0.065,0.734,0.147,0.853,0.680,0.750
1350,45.000,5.000,8.000,2.764,-3.662,2,1,1,326.337,1.367,5,0,0.655,6,0.000,8463.864,1.000,0.311,2.546,0.939,0.035,0.624,0.172,0.828,0.692,0.350
1353,45.100,5.000,6.083,0.000,-1.917,2,1,1,331.475,1.206,5,0,0.655,6,98.433,7927.024,1.000,0.311,1.179,0.955,0.357,0.093,0.143,0.857,0.646,0.547
1356,45.200,3.162,3.162,-1.838,-2.920,2,1,1,330.261,1.566,5,0,0.655,6,99.020,7471.444,1.000,0.311,1.021,0.911,0.536,1.289,0.131,0.869,0.629,0.550
1359,45.300,3.162,4.472,0.000,1.310,2,1,1,333.014,1.629,5,0,0.655,6,200.192,7409.574,1.000,0.311,1.545,0.913,1.015,0.309,0.159,0.841,0.650,0.750
1362,45.400,2.828,12.369,-0.334,7.897,2,1,1,343.023,1.321,5,0,0.690,6,256.632,8362.558,1.000,0.311,1.622,0.932,1.054,0.438,0.161,0.839,0.694,0.750
1365,45.500,1.000,6.000,-1.828,-6.369,2,1,1,337.322,1.619,5,0,0.724,6,266.308,8679.284,1.000,0.311,0.669,0.614,2.461,1.719,0.094,0.906,0.657,0.750
1368,45.600,4.472,12.042,3.472,6.042,2,1,1,327.355,1.578,5,0,0.724,6,104.120,8834.639,1.000,0.298,1.407,0.938,2.366,2.104,0.167,0.833,0.686,0.700
1371,45.700,2.828,1.414,-1.644,-10.627,2,1,1,323.798,1.500,4,1,0.690,5,208.569,8607.444,1.000,0.311,1.192,0.972,2.651,0.598,0.156,0.844,0.627,0.750
1374,45.800,2.000,5.385,-0.828,3.971,2,1,1,324.854,1.774,5,1,0.655,6,208.655,8840.335,1.000,0.311,1.255,0.974,2.696,0.125,0.151,0.849,0.643,0.750
1377,45.900,1.414,7.071,-0.586,1.686,2,1,1,330.288,1.765,5,0,0.655,6,198.010,8068.050,1.000,0.311,0.646,0.928,2.954,0.877,0.114,0.886,0.640,0.750
1380,46.000,2.828,7.071,1.414,0.000,2,1,1,334.574,1.392,4,1,0.655,5,3.162,8001.509,1.000,0.311,0.914,0.945,2.582,0.531,0.166,0.834,0.646,0.750
1383,46.100,1.000,5.000,-1.828,-2.071,2,1,1,332.244,1.508,5,1,0.621,6,221.054,7390.450,1.000,0.311,0.371,0.645,2.783,0.394,0.065,0.935,0.642,0.750
1386,46.200,1.000,4.123,0.000,-0.877,2,1,1,335.753,1.823,4,1,0.586,5,96.566,7852.087,1.000,0.311,0.453,0.712,2.204,0.162,0.086,0.914,0.634,0.750
1389,46.300,1.000,5.831,0.000,1.708,2,1,1,339.890,1.498,5,1,0.586,6,96.933,8503.714,1.000,0.311,0.466,0.415,2.035,0.259,0.063,0.937,0.665,0.750
1392,46.400,1.414,9.220,0.414,3.389,2,1,1,345.407,1.448,5,0,0.621,6,260.163,8198.269,1.000,0.311,0.721,0.636,1.507,0.843,0.113,0.887,0.675,0.750
1395,46.500,1.414,9.849,0.000,0.629,2,1,1,336.043,1.596,5,0,0.655,6,268.704,8084.527,1.000,0.311,0.559,0.508,1.100,0.026,0.064,0.936,0.683,0.750
1398,46.600,1.000,4.243,-0.414,-5.606,2,1,1,333.808,1.300,5,0,0.655,6,228.405,8214.100,1.000,0.311,0.410,0.351,0.051,2.680,0.062,0.938,0.659,0.750
1401,46.700,1.000,2.236,0.000,-2.007,2,1,1,331.843,1.289,5,0,0.655,6,222.463,8303.524,1.000,0.311,0.330,0.290,0.181,0.572,0.059,0.941,0.650,0.750
1404,46.800,1.414,4.472,0.414,2.236,2,1,1,332.280,1.486,5,0,0.690,6,223.016,8460.359,1.000,0.311,0.485,0.568,0.314,1.003,0.091,0.909,0.647,0.750
1407,46.900,1.414,6.708,0.000,2.236,2,1,1,338.829,1.236,5,0,0.724,6,257.410,8874.254,1.000,0.311,0.595,0.867,0.530,1.603,0.099,0.901,0.641,0.750
1410,47.000,1.414,7.280,0.000,0.572,2,1,1,345.254,1.080,5,0,0.724,6,104.389,9192.389,1.000,0.311,0.923,0.944,0.823,0.693,0.125,0.875,0.647,0.580
1413,47.100,1.414,2.000,0.000,-5.280,2,1,1,348.382,1.276,4,1,0.690,5,1.000,8858.569,1.000,0.311,0.296,0.299,0.754,0.716,0.060,0.940,0.648,0.750
1416,47.200,3.000,4.123,1.586,2.123,2,1,1,343.759,1.473,5,1,0.655,6,270.496,8491.944,1.000,0.311,1.320,0.945,1.033,1.267,0.160,0.840,0.640,0.750
1419,47.300,2.236,1.414,-0.764,-2.709,2,1,1,341.955,1.415,4,1,0.621,5,2.236,8465.309,1.000,0.311,0.884,0.926,1.092,0.141,0.143,0.857,0.620,0.750
1422,47.400,1.414,7.000,-0.822,5.586,2,1,1,340.000,1.160,5,1,0.586,6,243.082,8349.109,1.000,0.311,0.649,0.919,1.285,0.026,0.113,0.887,0.641,0.750
1425,47.500,1.000,17.464,-0.414,10.464,2,1,1,326.377,1.455,5,0,0.621,6,264.751,8320.837,1.000,0.311,0.595,0.879,1.199,2.917,0.103,0.897,0.700,0.750
1428,47.600,1.000,13.454,0.000,-4.011,2,1,1,319.324,1.357,5,0,0.655,6,260.500,8546.469,1.000,0.311,0.944,0.922,1.359,0.258,0.146,0.854,0.684,0.750
1431,47.700,1.414,4.123,0.414,-9.331,2,1,1,321.840,1.455,5,0,0.655,6,223.647,8558.009,1.000,0.311,1.021,0.880,1.067,1.838,0.136,0.864,0.637,0.750
1434,47.800,3.162,9.000,1.748,4.877,2,1,1,327.515,1.316,5,0,0.655,6,265.708,8855.485,1.000,0.311,1.278,0.823,0.899,0.215,0.145,0.855,0.674,0.750
1437,47.900,1.000,11.180,-2.162,2.180,2,1,1,338.892,1.357,5,0,0.655,6,227.238,8482.319,1.000,0.311,0.569,0.622,0.666,0.709,0.089,0.911,0.683,0.750
1440,48.000,2.000,17.720,1.000,6.540,2,1,1,352.673,1.259,5,0,0.655,6,276.279,8689.574,1.000,0.311,1.647,0.936,0.620,0.743,0.163,0.837,0.724,0.750
1443,48.100,2.000,1.000,0.000,-16.720,2,1,1,352.853,1.316,4,1,0.621,5,1.414,7871.200,1.000,0.311,0.826,0.924,0.345,0.586,0.121,0.879,0.617,0.750
1446,48.200,2.000,7.211,0.000,6.211,2,1,1,357.733,1.473,5,1,0.586,6,105.475,8276.074,1.000,0.311,1.222,0.554,0.143,0.541,0.145,0.855,0.682,0.750
1449,48.300,1.000,7.000,-1.000,-0.211,2,1,1,350.664,1.374,5,0,0.586,6,233.225,8438.615,1.000,0.311,0.638,0.684,0.106,0.042,0.106,0.894,0.657,0.750
1452,48.400,4.000,26.000,3.000,19.000,2,1,1,332.814,1.571,5,0,0.586,6,97.693,8972.579,1.000,0.311,1.673,0.879,0.318,2.381,0.160,0.840,0.775,0.550
1455,48.500,1.000,7.810,-3.000,-18.190,2,1,1,328.976,1.276,5,0,0.586,6,96.933,9500.538,1.000,0.311,0.999,0.944,0.813,0.631,0.150,0.850,0.652,0.539
1458,48.600,2.000,3.162,1.000,-4.648,2,1,1,324.322,1.611,5,0,0.621,6,218.836,9463.439,1.000,0.311,1.451,0.705,0.767,2.726,0.154,0.846,0.655,0.750
1461,48.700,3.606,18.028,1.606,14.865,2,1,1,338.321,1.497,5,0,0.655,6,222.800,9105.727,1.000,0.311,1.219,0.778,1.391,0.566,0.145,0.855,0.726,0.750
1464,48.800,1.000,12.083,-2.606,-5.945,2,1,1,348.310,1.374,5,0,0.655,6,257.620,8860.354,1.000,0.311,0.861,0.867,1.263,0.949,0.118,0.882,0.678,0.750
1467,48.900,1.000,6.708,0.000,-5.375,2,1,1,345.254,1.374,5,0,0.690,6,223.772,9195.229,1.000,0.311,0.707,0.881,1.519,0.454,0.119,0.881,0.643,0.750
1470,49.000,1.414,17.088,0.414,10.380,2,1,1,331.436,1.276,5,0,0.724,6,267.479,8756.180,1.000,0.311,0.794,0.735,1.532,2.330,0.114,0.886,0.713,0.750
1473,49.100,0.000,5.657,-1.414,-11.431,2,1,1,328.332,1.234,5,0,0.759,6,220.145,8673.164,1.000,0.298,0.537,0.568,1.729,0.342,0.078,0.922,0.655,0.750
1476,49.200,2.000,8.944,2.000,3.287,2,1,1,333.398,1.276,6,0,0.793,6,231.866,8387.559,1.000,0.298,0.666,0.906,1.452,1.594,0.115,0.885,0.653,0.750
1479,49.300,0.000,5.099,-2.000,-3.845,2,1,1,338.112,1.414,6,0,0.793,6,220.640,7692.134,1.000,0.298,0.623,0.930,1.175,0.252,0.100,0.900,0.629,0.750
1482,49.400,1.000,12.042,1.000,6.943,2,1,1,349.543,1.239,6,0,0.793,6,216.707,6746.745,1.000,0.298,0.733,0.866,0.741,0.208,0.113,0.887,0.675,0.750
1485,49.500,1.414,6.708,0.414,-5.333,2,1,1,353.787,0.932,5,0,0.793,6,253.671,6927.728,1.000,0.298,0.635,0.205,0.802,0.998,0.083,0.917,0.689,0.750
1488,49.600,1.000,4.472,-0.414,-2.236,2,1,1,350.502,1.374,4,1,0.759,5,1.414,6920.000,1.000,0.311,0.682,0.478,0.285,0.801,0.113,0.887,0.658,0.750
1491,49.700,1.414,3.162,0.414,-1.310,2,1,1,348.213,1.178,4,0,0.759,5,2.000,6928.178,1.000,0.311,0.451,0.759,0.195,0.604,0.090,0.910,0.626,0.350
1494,49.800,2.828,18.868,1.414,15.706,2,1,1,335.774,0.982,5,1,0.724,6,263.427,7199.690,1.000,0.311,1.394,0.936,0.110,1.203,0.154,0.846,0.724,0.750
1497,49.900,2.236,11.662,-0.592,-7.206,2,1,1,333.642,0.911,5,0,0.724,6,220.066,6951.149,1.000,0.311,1.174,0.905,0.004,0.159,0.152,0.848,0.681,0.750
1500,50.000,1.414,7.211,-0.822,-4.451,2,1,1,339.478,0.896,5,0,0.759,6,277.737,7326.074,1.000,0.311,1.041,0.798,0.269,0.309,0.138,0.862,0.660,0.750
1503,50.100,3.606,16.401,2.191,9.190,2,1,1,347.869,1.074,6,0,0.793,6,271.207,7352.669,1.000,0.311,1.397,0.761,0.275,2.572,0.152,0.848,0.723,0.750
1506,50.200,5.000,12.000,1.394,-4.401,2,1,1,356.261,0.946,6,0,0.828,6,0.000,7249.819,1.000,0.311,2.304,0.824,0.522,0.067,0.169,0.831,0.717,0.350
1509,50.300,3.162,10.440,-1.838,-1.560,2,1,1,363.853,0.928,6,0,0.862,6,256.827,7443.634,1.000,0.311,1.681,0.937,0.305,0.118,0.157,0.843,0.684,0.750
1512,50.400,2.000,1.000,-1.162,-9.440,2,1,1,366.000,0.946,5,0,0.862,6,261.658,7691.995,1.000,0.311,1.039,0.494,0.146,1.416,0.139,0.861,0.653,0.750
1515,50.500,2.236,4.472,0.236,3.472,2,1,1,363.501,1.047,4,1,0.828,5,3.000,7705.244,1.000,0.311,1.144,0.679,0.095,2.935,0.144,0.856,0.656,0.750
1518,50.600,2.236,8.602,0.000,4.130,2,1,1,358.095,0.998,5,1,0.793,6,98.433,8347.394,1.000,0.311,1.068,0.652,0.069,0.175,0.139,0.861,0.679,0.750
1521,50.700,1.414,5.099,-0.822,-3.503,2,1,1,354.141,1.083,5,0,0.793,6,270.573,8414.975,1.000,0.311,0.592,0.880,0.109,0.732,0.110,0.890,0.632,0.750
1524,50.800,1.414,6.403,0.000,1.304,2,1,1,348.690,1.143,5,0,0.793,6,251.002,8634.364,1.000,0.311,0.462,0.277,0.156,2.505,0.086,0.914,0.678,0.750
1527,50.900,2.236,4.000,0.822,-2.403,2,1,1,342.940,0.931,4,1,0.759,5,1.000,8618.737,1.000,0.311,0.803,0.879,0.242,0.474,0.143,0.857,0.631,0.750
1530,51.000,3.000,11.180,0.764,7.180,2,1,1,335.410,1.259,5,1,0.759,6,104.293,8443.194,1.000,0.311,1.590,0.787,0.232,2.923,0.158,0.842,0.697,0.750
1533,51.100,5.000,8.602,2.000,-2.578,2,1,1,329.965,1.334,5,0,0.793,6,96.260,8195.125,1.000,0.311,1.858,0.862,0.661,0.034,0.167,0.833,0.684,0.535
1536,51.200,3.606,11.402,-1.394,2.799,2,1,1,335.515,1.136,5,0,0.793,6,5.000,8195.534,1.000,0.311,2.044,0.878,0.918,1.255,0.173,0.827,0.703,0.350
1539,51.300,2.236,4.123,-1.369,-7.279,2,1,1,337.263,1.143,5,0,0.793,6,289.721,8541.319,1.000,0.311,1.235,0.804,1.372,0.346,0.141,0.859,0.647,0.750
1542,51.400,1.414,3.162,-0.822,-0.961,2,1,1,333.290,1.102,5,0,0.793,5,1.414,8535.389,1.000,0.311,0.903,0.737,1.120,0.136,0.134,0.866,0.639,0.350
1545,51.500,2.000,6.403,0.586,3.241,2,1,1,327.965,1.160,5,0,0.793,6,279.029,8241.179,1.000,0.311,0.973,0.782,1.374,0.857,0.119,0.881,0.655,0.750
1548,51.600,2.828,6.403,0.828,0.000,2,1,1,331.789,1.143,5,0,0.793,6,266.327,9249.427,1.000,0.311,1.610,0.888,1.344,0.569,0.160,0.840,0.664,0.750
1551,51.700,1.000,4.123,-1.828,-2.280,2,1,1,335.744,1.173,5,0,0.793,6,210.488,8441.044,1.000,0.311,0.634,0.914,1.433,1.013,0.106,0.894,0.625,0.750
1554,51.800,1.000,20.025,0.000,15.902,2,1,1,355.820,1.188,5,0,0.793,6,248.455,8292.999,1.000,0.311,1.193,0.946,0.525,0.120,0.126,0.874,0.725,0.750
1557,51.900,1.414,7.000,0.414,-13.025,2,1,1,358.063,1.278,5,0,0.793,6,292.318,8745.544,1.000,0.311,0.727,0.887,0.312,0.319,0.119,0.881,0.645,0.750
1560,52.000,350.087,0.000,-0.799,0.000,2,1,0,350.087,1.143,5,0,0.793,6,222.910,8721.935,1.000,0.311,0.752,0.905,0.229,0.868,0.134,0.866,0.855,0.750
1563,52.100,1.000,6.708,-349.087,-0.292,2,1,1,353.464,1.380,4,1,0.759,5,2.236,8697.618,1.000,0.311,0.662,0.892,0.129,1.247,0.127,0.873,0.641,0.750
1566,52.200,3.000,23.324,2.000,16.616,2,1,1,341.901,1.374,6,1,0.724,6,285.855,8369.844,1.000,0.311,1.447,0.912,0.001,0.801,0.132,0.868,0.752,0.750
1569,52.300,1.000,19.026,-2.000,-4.298,2,1,1,323.012,1.472,6,0,0.724,6,280.435,8276.128,1.000,0.311,0.453,0.375,0.131,1.165,0.048,0.952,0.741,0.750
1572,52.400,2.000,14.560,1.000,-4.466,2,1,1,307.612,1.570,6,0,0.724,6,262.017,8397.569,1.000,0.311,1.287,0.731,0.149,1.977,0.145,0.855,0.712,0.750
1575,52.500,3.162,7.211,1.162,-7.349,2,1,1,311.270,1.610,5,0,0.759,6,263.592,8286.584,1.000,0.311,1.357,0.775,0.207,0.464,0.146,0.854,0.670,0.750
1578,52.600,2.236,18.358,-0.926,11.146,2,1,1,326.663,1.530,5,0,0.759,6,261.176,8252.028,1.000,0.311,1.718,0.787,0.043,0.043,0.155,0.845,0.740,0.750
1581,52.700,1.000,12.369,-1.236,-5.988,2,1,1,338.013,1.270,5,0,0.793,6,226.744,8321.220,1.000,0.311,0.447,0.698,0.133,0.517,0.073,0.927,0.681,0.750
1584,52.800,3.162,11.000,2.162,-1.369,2,1,1,351.650,1.230,5,0,0.793,6,258.940,8387.710,1.000,0.311,1.317,0.587,0.555,2.374,0.152,0.848,0.703,0.750
1587,52.900,2.000,2.828,-1.162,-8.172,2,1,1,355.924,1.098,5,0,0.793,6,249.209,8088.689,1.000,0.311,1.234,0.684,0.524,0.126,0.147,0.853,0.649,0.750
1590,53.000,2.236,17.205,0.236,14.376,2,1,1,342.381,0.992,5,0,0.793,6,229.532,8307.558,1.000,0.311,1.487,0.790,0.436,0.296,0.149,0.851,0.727,0.750
1593,53.100,2.000,19.105,-0.236,1.900,2,1,1,325.859,0.960,5,0,0.793,6,235.835,8261.464,1.000,0.298,0.633,0.933,0.359,0.796,0.114,0.886,0.707,0.750
1596,53.200,3.162,21.378,1.162,2.273,2,1,1,303.975,0.955,5,0,0.793,6,258.629,8067.559,1.000,0.298,0.843,0.807,0.507,1.425,0.117,0.883,0.733,0.750
1599,53.300,1.000,8.062,-2.162,-13.315,2,1,1,303.646,1.173,5,0,0.793,6,252.634,7872.574,1.000,0.298,0.583,0.688,0.297,2.655,0.094,0.906,0.661,0.750
1602,53.400,2.236,21.541,1.236,13.478,2,1,1,320.702,1.410,5,0,0.828,6,236.698,7710.778,1.000,0.298,1.205,0.717,0.328,0.744,0.144,0.856,0.750,0.750
1605,53.500,2.828,15.811,0.592,-5.729,2,1,1,333.946,1.508,5,0,0.862,6,260.910,7698.759,1.000,0.298,1.037,0.765,0.205,0.412,0.130,0.870,0.710,0.750
1608,53.600,1.000,19.416,-1.828,3.605,2,1,1,351.295,1.450,5,0,0.862,6,233.137,7519.644,1.000,0.298,0.790,0.865,0.104,0.857,0.119,0.881,0.717,0.750
1611,53.700,2.000,7.071,1.000,-12.345,2,1,1,349.047,1.606,5,0,0.862,6,250.440,7660.757,1.000,0.298,1.039,0.763,0.028,1.684,0.137,0.863,0.662,0.750
1614,53.800,3.606,31.623,1.606,24.552,2,1,1,322.628,1.671,5,0,0.897,6,90.139,8190.084,1.000,0.298,2.056,0.552,0.207,3.057,0.161,0.839,0.838,0.550
1617,53.900,2.236,9.220,-1.369,-22.403,2,1,1,314.033,1.629,5,0,0.931,6,90.907,8505.247,1.000,0.298,1.727,0.414,0.021,0.238,0.145,0.855,0.715,0.505
1620,54.000,10.198,1.414,7.962,-7.805,2,1,1,315.520,1.425,5,0,0.931,6,0.000,8288.545,1.000,0.298,3.149,0.599,0.015,0.647,0.175,0.825,0.743,0.350
1623,54.100,16.971,19.723,6.773,18.309,2,1,1,320.178,1.196,5,0,0.931,6,90.609,7548.478,1.000,0.298,2.794,0.586,0.313,0.069,0.168,0.832,0.788,0.503
1626,54.200,45.044,42.202,28.074,22.479,2,1,1,317.456,1.034,5,0,0.931,6,70.036,6546.344,1.000,0.298,3.662,0.519,0.507,0.082,0.174,0.826,0.955,0.450
1629,54.300,45.607,27.295,0.563,-14.907,2,1,1,303.936,0.917,5,0,0.931,6,0.000,5520.864,1.000,0.298,2.339,0.387,1.365,0.465,0.160,0.840,0.931,0.550
1632,54.400,64.846,22.204,19.239,-5.091,2,1,1,271.693,0.748,5,0,0.931,6,60.539,3381.000,1.000,0.298,3.444,0.444,1.510,0.214,0.178,0.822,0.955,0.700
1635,54.500,30.871,5.831,-33.975,-16.373,2,1,1,244.806,0.871,5,0,0.931,6,52.811,2654.150,1.000,0.298,2.548,0.632,1.815,0.397,0.160,0.840,0.841,0.700
1638,54.600,14.213,12.530,-16.658,6.699,2,1,1,229.009,0.818,6,0,0.931,6,44.000,2449.039,1.000,0.298,3.297,0.718,1.845,0.592,0.167,0.833,0.761,0.700
1641,54.700,11.045,7.616,-3.167,-4.914,2,1,1,225.878,0.762,6,0,0.931,6,32.757,1630.639,1.000,0.298,1.971,0.786,2.490,0.242,0.151,0.849,0.706,0.700
1644,54.800,12.369,5.000,1.324,-2.616,2,1,1,230.489,0.491,6,0,0.931,6,0.000,584.004,1.000,0.298,2.471,0.872,2.709,0.152,0.168,0.832,0.719,0.700
1647,54.900,9.434,1.000,-2.935,-4.000,2,1,1,238.254,0.459,6,1,0.897,6,55.471,398.358,1.000,0.298,1.107,0.932,3.030,0.790,0.125,0.875,0.665,0.750
1650,55.000,4.472,2.000,-4.962,1.000,2,1,1,237.261,0.423,5,1,0.897,6,0.000,289.294,1.000,0.298,0.949,0.835,2.962,0.116,0.121,0.879,0.640,0.750
1653,55.100,2.236,3.162,-2.236,1.162,2,1,1,234.610,0.451,5,0,0.931,6,0.000,231.860,1.000,0.298,0.376,0.475,2.950,1.214,0.065,0.935,0.644,0.700
1656,55.200,4.243,2.828,2.007,-0.334,2,1,1,231.206,0.508,6,0,0.931,6,19.105,156.544,1.000,0.298,0.836,0.878,2.911,1.696,0.122,0.878,0.633,0.700
1659,55.300,6.083,3.606,1.840,0.777,2,1,1,225.996,0.457,6,0,0.931,6,20.125,105.038,1.000,0.298,0.504,0.667,3.057,0.228,0.075,0.925,0.650,0.700
1662,55.400,1.000,7.071,-5.083,3.466,2,1,1,220.737,0.773,7,1,0.897,6,16.492,881.059,1.000,0.298,0.617,0.847,2.228,1.331,0.100,0.900,0.620,0.750
1665,55.500,1.414,9.055,0.414,1.984,2,1,1,213.178,0.993,6,1,0.862,6,16.492,1580.018,1.000,0.298,0.298,0.513,1.877,0.332,0.038,0.962,0.672,0.750
1668,55.600,1.414,5.385,0.000,-3.670,2,1,1,209.781,1.148,5,1,0.828,6,16.125,1565.635,1.000,0.298,0.636,0.631,0.793,1.299,0.118,0.882,0.652,0.750
1671,55.700,3.162,2.236,1.748,-3.149,2,1,1,212.163,1.166,5,0,0.828,6,34.928,1561.574,1.000,0.298,0.625,0.878,0.412,2.244,0.110,0.890,0.622,0.580
1674,55.800,7.211,4.472,4.049,2.236,2,1,1,215.232,1.072,6,1,0.793,6,66.851,2076.767,1.000,0.298,1.230,0.962,0.112,0.600,0.142,0.858,0.653,0.750
1677,55.900,1.000,4.243,-6.211,-0.229,2,1,1,210.238,1.391,5,1,0.759,6,0.000,1460.448,1.000,0.298,0.692,0.932,0.263,0.071,0.116,0.884,0.626,0.750
1680,56.000,2.236,6.325,1.236,2.082,2,1,1,205.380,1.489,5,0,0.759,6,0.000,795.005,1.000,0.298,0.691,0.691,0.562,1.524,0.121,0.879,0.654,0.550
1683,56.100,1.000,5.000,-1.236,-1.325,2,1,1,209.898,1.470,5,1,0.724,6,0.000,821.205,1.000,0.298,0.576,0.666,0.742,0.282,0.094,0.906,0.646,0.750
1686,56.200,2.828,8.000,1.828,3.000,2,1,1,215.845,1.196,6,1,0.690,6,0.000,1401.040,1.000,0.298,1.077,0.729,1.085,0.474,0.130,0.870,0.670,0.750
1689,56.300,0.000,3.162,-2.828,-4.838,2,1,1,214.114,1.044,5,1,0.655,6,0.000,780.364,1.000,0.298,0.402,0.419,1.275,0.083,0.072,0.928,0.648,0.750
1692,56.400,1.000,16.125,1.000,12.962,2,1,1,199.905,0.964,5,1,0.621,5,0.000,1661.994,1.000,0.311,0.658,0.185,1.686,0.467,0.093,0.907,0.743,0.750
1695,56.500,2.236,6.083,1.236,-10.042,2,1,1,196.703,1.309,5,0,0.621,5,0.000,2128.445,1.000,0.311,0.911,0.841,1.698,0.794,0.120,0.880,0.648,0.700
1698,56.600,2.000,17.493,-0.236,11.410,2,1,1,200.684,1.449,5,0,0.621,5,0.000,3001.355,1.000,0.311,1.514,0.774,1.679,0.564,0.140,0.860,0.731,0.700
1701,56.700,1.000,12.369,-1.000,-5.124,2,1,1,211.206,1.183,5,0,0.621,5,0.000,3364.669,1.000,0.311,0.653,0.495,1.490,0.828,0.102,0.898,0.700,0.700
1704,56.800,1.414,3.606,0.414,-8.764,2,1,1,213.216,1.217,5,0,0.621,5,0.000,3334.519,1.000,0.311,0.741,0.661,1.463,0.270,0.120,0.880,0.642,0.700
1707,56.900,1.414,6.083,0.000,2.477,2,1,1,216.005,1.154,4,1,0.586,4,0.000,3320.789,1.000,0.324,0.437,0.664,1.235,0.681,0.088,0.912,0.648,0.750
1710,57.000,1.000,7.211,-0.414,1.128,2,1,1,213.263,1.177,6,1,0.552,6,0.000,3234.194,1.000,0.324,0.954,0.809,1.116,1.329,0.133,0.867,0.657,0.750
1713,57.100,1.414,6.083,0.414,-1.128,2,1,1,209.538,1.326,6,0,0.552,6,0.000,3352.274,1.000,0.324,1.051,0.901,0.885,2.968,0.139,0.861,0.647,0.550
1716,57.200,3.000,15.264,1.586,9.182,2,1,1,197.190,1.259,6,0,0.552,6,0.000,3268.908,1.000,0.324,1.543,0.854,0.735,0.206,0.153,0.847,0.714,0.350
1719,57.300,1.000,7.810,-2.000,-7.454,2,1,1,198.040,1.120,6,1,0.517,5,0.000,3602.438,1.000,0.324,0.517,0.454,0.559,0.110,0.060,0.940,0.645,0.750
1722,57.400,2.000,8.246,1.000,0.436,2,1,1,204.010,1.178,6,0,0.517,5,0.000,3990.769,1.000,0.324,1.171,0.651,0.547,2.345,0.136,0.864,0.650,0.550
1725,57.500,1.000,9.849,-1.000,1.603,2,1,1,205.883,1.374,6,0,0.517,5,0.000,4152.184,1.000,0.324,1.017,0.587,0.395,0.763,0.123,0.877,0.659,0.350
1728,57.600,2.236,3.606,1.236,-6.243,2,1,1,208.471,1.531,7,0,0.517,6,35.735,4194.750,1.000,0.324,1.103,0.835,0.250,0.047,0.144,0.856,0.613,0.350
1731,57.700,2.236,4.000,0.000,0.394,2,1,1,207.531,1.531,7,0,0.517,6,35.693,3897.839,1.000,0.324,0.650,0.894,0.020,0.751,0.102,0.898,0.600,0.350
1734,57.800,2.828,3.162,0.592,-0.838,2,1,1,208.943,1.589,7,0,0.552,6,39.560,3719.594,1.000,0.311,0.770,0.744,0.084,0.568,0.116,0.884,0.609,0.350
1737,57.900,1.414,1.414,-1.414,-1.748,2,1,1,211.766,1.548,4,1,0.552,4,0.000,3721.344,1.000,0.324,0.269,0.179,0.758,0.264,0.046,0.954,0.652,0.750
1740,58.000,1.000,11.402,-0.414,9.988,2,1,1,209.304,1.687,5,1,0.517,5,0.000,3772.519,1.000,0.311,0.556,0.663,0.841,1.959,0.094,0.906,0.681,0.750
1743,58.100,1.000,6.083,0.000,-5.319,2,1,1,213.565,1.687,5,0,0.517,5,0.000,3380.517,1.000,0.324,0.421,0.516,0.765,0.075,0.079,0.921,0.658,0.350
1746,58.200,0.000,9.849,-1.000,3.766,2,1,1,217.175,1.703,6,1,0.483,5,37.643,3459.564,1.000,0.324,0.340,0.070,0.127,0.114,0.052,0.948,0.678,0.750
1749,58.300,0.000,219.966,0.000,216.360,2,0,1,219.966,1.875,6,0,0.517,5,22.136,3468.819,1.000,0.324,0.738,0.840,0.099,2.492,0.122,0.878,0.830,0.550
1752,58.400,2.236,215.035,2.236,-4.931,2,1,1,213.588,1.998,6,0,0.552,5,38.079,3489.618,1.000,0.324,0.338,0.253,0.048,1.122,0.054,0.946,0.861,0.500
1755,58.500,1.000,5.099,-1.236,-209.936,2,1,1,208.694,1.961,5,1,0.552,5,0.000,3824.578,1.000,0.324,0.366,0.308,0.064,2.457,0.062,0.938,0.666,0.750
1758,58.600,3.162,6.000,2.162,0.901,2,1,1,211.851,2.044,5,0,0.552,5,0.000,3391.014,1.000,0.324,1.167,0.876,0.216,1.509,0.137,0.863,0.651,0.550
1761,58.700,2.236,7.280,-0.926,1.280,2,1,1,216.280,1.916,5,0,0.586,5,0.000,3482.844,1.000,0.324,0.349,0.423,0.281,0.435,0.043,0.957,0.670,0.350
1764,58.800,1.000,2.828,-1.236,-4.452,2,1,1,216.749,1.993,5,0,0.621,5,37.643,3366.197,1.000,0.324,0.705,0.875,0.656,1.818,0.129,0.871,0.622,0.580
1767,58.900,0.000,215.035,0.000,208.327,2,0,1,215.035,1.586,5,0,0.621,5,23.087,3341.180,1.000,0.324,0.354,0.432,0.484,0.972,0.056,0.944,0.879,0.500
1770,59.000,3.000,212.869,2.000,-2.166,2,1,1,214.264,1.808,5,0,0.655,5,38.471,3321.025,1.000,0.336,0.428,0.558,0.722,0.264,0.071,0.929,0.872,0.500
1773,59.100,2.000,2.236,-1.000,-210.632,2,1,1,210.761,1.863,5,1,0.655,6,0.000,3045.394,1.000,0.324,0.331,0.537,0.901,2.841,0.069,0.931,0.633,0.750
1776,59.200,2.828,11.705,0.828,9.469,2,1,1,216.002,1.933,6,1,0.655,6,0.000,3465.217,1.000,0.324,0.642,0.888,1.173,2.245,0.108,0.892,0.669,0.750
1779,59.300,0.000,223.555,0.000,216.847,2,0,1,223.555,1.667,6,0,0.690,6,0.000,3374.475,1.000,0.324,0.440,0.510,1.080,0.834,0.056,0.944,0.875,0.500
1782,59.400,2.236,224.644,-0.592,1.089,2,1,1,221.822,1.928,5,1,0.655,5,37.336,3311.497,1.000,0.324,0.693,0.805,1.304,2.248,0.113,0.887,0.861,0.750
1785,59.500,2.236,7.280,0.000,-217.364,2,1,1,217.341,2.025,5,0,0.655,5,36.770,3389.568,1.000,0.324,0.322,0.234,1.027,2.272,0.043,0.957,0.682,0.580
1788,59.600,2.236,1.000,0.000,-6.280,2,1,1,217.276,2.104,5,0,0.655,5,37.947,3387.578,1.000,0.324,0.591,0.868,0.978,2.288,0.119,0.881,0.616,0.580
1791,59.700,4.472,3.000,2.236,2.000,2,1,1,223.808,1.963,5,0,0.655,5,0.000,3598.574,1.000,0.324,0.368,0.529,0.811,3.025,0.074,0.926,0.647,0.580
1794,59.800,4.472,4.000,0.000,1.000,2,1,1,222.481,2.102,5,0,0.690,5,0.000,3331.338,1.000,0.324,0.329,0.453,0.707,1.365,0.040,0.960,0.651,0.580
1797,59.900,0.000,2.000,-4.472,-2.000,2,1,1,223.987,2.402,5,0,0.724,5,0.000,3310.474,1.000,0.324,0.426,0.500,0.784,0.862,0.062,0.938,0.637,0.580
1800,60.000,1.414,9.000,1.414,7.000,2,1,1,218.689,2.279,6,1,0.690,5,37.336,3258.230,1.000,0.324,0.512,0.811,0.734,0.542,0.092,0.908,0.626,0.750
1803,60.100,1.000,2.828,-0.414,-6.172,2,1,1,216.601,2.017,6,0,0.690,5,36.688,3175.137,1.000,0.324,0.347,0.331,0.582,0.472,0.065,0.935,0.621,0.580
1806,60.200,0.000,1.414,-1.000,-1.414,2,1,1,215.188,2.042,5,1,0.690,4,35.468,3190.525,1.000,0.324,0.343,0.518,0.736,1.986,0.071,0.929,0.594,0.750
1809,60.300,2.236,0.000,2.236,-1.414,2,1,1,217.341,2.160,4,1,0.655,4,19.026,2900.860,1.000,0.324,0.402,0.783,0.623,2.230,0.082,0.918,0.618,0.750
1812,60.400,1.000,2.236,-1.236,2.236,2,1,1,215.808,2.044,5,1,0.621,5,20.100,2874.959,1.000,0.336,0.386,0.249,0.731,0.677,0.074,0.926,0.655,0.750
1815,60.500,1.414,7.000,0.414,4.764,2,1,1,222.396,2.240,5,0,0.621,5,32.757,2745.165,1.000,0.336,0.520,0.870,0.593,0.688,0.093,0.907,0.641,0.580
1818,60.600,1.000,7.071,-0.414,0.071,2,1,1,227.669,1.651,7,1,0.586,6,0.000,2834.504,1.000,0.336,0.413,0.444,0.466,0.177,0.054,0.946,0.643,0.750
1821,60.700,1.414,3.162,0.414,-3.909,2,1,1,225.089,1.792,7,0,0.586,6,0.000,2572.384,1.000,0.324,0.518,0.706,0.295,2.306,0.091,0.909,0.605,0.580
1824,60.800,0.000,8.246,-1.414,5.084,2,1,1,217.690,1.792,7,0,0.621,6,0.000,3260.758,1.000,0.324,0.303,0.204,0.328,1.951,0.046,0.954,0.663,0.580
1827,60.900,1.000,7.211,1.000,-1.035,2,1,1,215.128,2.044,5,1,0.621,5,0.000,3296.955,1.000,0.324,0.418,0.148,0.285,0.030,0.064,0.936,0.690,0.750
1830,61.000,1.000,4.000,0.000,-3.211,2,1,1,217.341,1.635,5,0,0.621,5,0.000,3389.674,1.000,0.324,0.780,0.889,0.497,0.653,0.120,0.880,0.630,0.580
1833,61.100,0.000,1.414,-1.000,-2.586,2,1,1,217.414,1.635,5,0,0.655,5,0.000,3281.195,1.000,0.324,0.285,0.560,0.284,1.094,0.039,0.961,0.626,0.580
1836,61.200,0.000,219.659,0.000,216.659,2,0,1,219.659,1.284,6,1,0.621,6,0.000,3137.454,1.000,0.324,0.585,0.726,0.424,1.158,0.104,0.896,0.864,0.750
1839,61.300,1.000,221.165,1.000,1.506,2,1,1,221.822,1.659,6,0,0.621,6,0.000,2899.680,1.000,0.324,0.315,0.175,0.370,2.793,0.051,0.949,0.896,0.550
1842,61.400,1.000,5.099,0.000,-216.066,2,1,1,224.321,1.634,5,1,0.621,6,0.000,2887.588,1.000,0.311,0.457,0.639,0.258,0.388,0.087,0.913,0.645,0.750
1845,61.500,0.000,3.162,-1.000,-1.937,2,1,1,221.635,1.833,6,1,0.586,5,34.205,2913.765,1.000,0.311,0.493,0.850,0.279,0.597,0.097,0.903,0.590,0.750
1848,61.600,1.414,9.849,1.414,6.687,2,1,1,212.709,1.571,6,0,0.586,5,36.688,3120.430,1.000,0.311,0.666,0.931,0.333,1.381,0.116,0.884,0.626,0.550
1851,61.700,2.000,14.866,0.586,5.017,2,1,1,200.250,1.833,6,0,0.586,5,33.242,3025.108,1.000,0.311,0.624,0.910,0.024,0.849,0.104,0.896,0.654,0.350
1854,61.800,1.000,18.385,-1.000,3.519,2,1,1,193.052,1.374,7,1,0.552,6,0.000,3336.067,1.000,0.311,0.940,0.927,0.167,1.231,0.137,0.863,0.685,0.750
1857,61.900,2.236,9.055,1.236,-9.329,2,1,1,196.759,2.044,7,0,0.552,6,0.000,3632.099,1.000,0.311,0.965,0.809,0.674,2.523,0.134,0.866,0.642,0.550
1860,62.000,3.162,17.263,0.926,8.207,2,1,1,212.702,1.978,7,0,0.586,6,0.000,4049.939,1.000,0.311,0.951,0.784,0.998,0.838,0.126,0.874,0.689,0.350
1863,62.100,2.828,10.770,-0.334,-6.492,2,1,1,223.182,2.094,7,1,0.586,6,0.000,3735.644,1.000,0.311,0.796,0.806,1.176,2.875,0.126,0.874,0.648,0.750
1866,62.200,1.000,3.162,-1.828,-7.608,2,1,1,222.865,1.702,7,0,0.586,6,0.000,3299.685,1.000,0.311,0.783,0.685,1.389,0.056,0.122,0.878,0.613,0.580
1869,62.300,0.000,13.038,-1.000,9.876,2,1,1,213.460,1.702,7,0,0.621,6,0.000,3399.089,1.000,0.311,0.423,0.155,1.781,2.990,0.056,0.944,0.696,0.700
1872,62.400,5.000,12.000,5.000,-1.038,2,1,1,209.476,1.702,7,1,0.586,6,5.000,2951.938,1.000,0.311,0.672,0.882,1.848,1.002,0.127,0.873,0.646,0.750
1875,62.500,4.123,5.099,-0.877,-6.901,2,1,1,210.212,1.766,6,1,0.552,6,0.000,2666.734,1.000,0.311,0.498,0.865,2.834,1.584,0.104,0.896,0.630,0.750
1878,62.600,2.828,8.000,-1.295,2.901,2,1,1,213.357,1.856,7,1,0.517,6,0.000,2652.658,1.000,0.311,1.023,0.743,1.554,0.629,0.133,0.867,0.642,0.750
1881,62.700,1.414,4.243,-1.414,-3.757,2,1,1,219.000,1.934,5,1,0.483,5,36.688,3170.289,1.000,0.311,0.310,0.324,2.148,1.147,0.046,0.954,0.659,0.750
1884,62.800,4.123,3.000,2.709,-1.243,2,1,1,224.964,1.738,5,0,0.483,5,22.091,3213.759,1.000,0.311,0.861,0.801,1.791,1.269,0.130,0.870,0.638,0.700
1887,62.900,2.236,11.045,-1.887,8.045,2,1,1,215.230,1.672,5,0,0.517,5,34.785,3778.589,1.000,0.311,0.752,0.596,2.076,0.659,0.109,0.891,0.688,0.700
1890,63.000,1.000,17.000,-1.236,5.955,2,1,1,201.420,1.618,6,1,0.483,5,0.000,3961.520,1.000,0.311,0.896,0.773,2.215,0.238,0.125,0.875,0.683,0.750
1893,63.100,1.414,3.162,0.414,-13.838,2,1,1,198.399,1.724,6,0,0.517,5,0.000,4220.899,1.000,0.311,0.220,0.328,2.451,2.268,0.030,0.970,0.620,0.700
1896,63.200,0.000,207.422,0.000,200.351,2,0,1,207.422,1.348,6,0,0.552,5,0.000,4304.055,1.000,0.311,0.704,0.902,1.898,0.703,0.122,0.878,0.824,0.700
1899,63.300,2.236,214.597,0.822,7.175,2,1,1,209.468,1.745,5,1,0.552,5,0.000,4257.159,1.000,0.324,0.526,0.883,1.771,0.224,0.097,0.903,0.851,0.750
1902,63.400,1.414,7.616,-0.822,-206.982,2,1,1,215.372,1.653,5,0,0.552,5,0.000,4047.847,1.000,0.324,0.645,0.874,1.010,0.023,0.100,0.900,0.647,0.450
1905,63.500,1.414,5.000,0.000,-2.616,2,1,1,215.230,1.686,5,0,0.586,5,0.000,4011.334,1.000,0.324,0.574,0.649,0.577,1.543,0.095,0.905,0.647,0.580
1908,63.600,1.000,12.166,-0.414,7.166,2,1,1,207.935,1.811,6,0,0.586,6,38.079,4006.819,1.000,0.324,1.161,0.752,0.284,0.206,0.135,0.865,0.694,0.350
1911,63.700,1.414,1.414,0.414,-10.751,2,1,1,206.652,1.745,6,0,0.586,6,39.217,3914.958,1.000,0.324,0.489,0.683,0.277,0.110,0.092,0.908,0.622,0.580
1914,63.800,1.414,7.071,0.000,5.657,2,1,1,212.869,1.981,6,0,0.621,6,37.696,3458.869,1.000,0.324,0.555,0.399,0.114,0.233,0.086,0.914,0.675,0.350
1917,63.900,1.414,2.236,0.000,-4.835,2,1,1,215.230,1.687,6,1,0.586,5,0.000,3332.057,1.000,0.324,0.447,0.690,0.122,0.549,0.090,0.910,0.595,0.750
1920,64.000,2.000,8.000,0.586,5.764,2,1,1,220.418,1.421,6,0,0.586,5,0.000,3430.457,1.000,0.324,0.607,0.735,0.023,0.785,0.095,0.905,0.628,0.350
1923,64.100,1.414,8.246,-0.586,0.246,2,1,1,215.058,1.390,6,0,0.621,5,0.000,3416.359,1.000,0.324,0.290,0.256,0.099,1.716,0.032,0.968,0.655,0.550
1926,64.200,0.000,8.944,-1.414,0.698,2,1,1,206.306,1.444,6,0,0.621,5,0.000,3788.618,1.000,0.324,0.284,0.212,0.357,0.112,0.052,0.948,0.662,0.350
1929,64.300,0.000,3.162,0.000,-5.782,2,1,1,208.038,1.607,5,1,0.621,4,0.000,3515.904,1.000,0.324,0.472,0.890,0.259,0.431,0.091,0.909,0.581,0.750
1932,64.400,1.000,9.055,1.000,5.893,2,1,1,214.021,1.414,6,1,0.621,5,0.000,3465.824,1.000,0.324,0.448,0.712,0.562,0.008,0.081,0.919,0.632,0.750
1935,64.500,1.000,0.000,0.000,-9.055,2,1,1,214.611,1.885,4,1,0.586,4,0.000,3516.008,1.000,0.324,0.703,0.926,0.778,2.643,0.132,0.868,0.608,0.750
1938,64.600,1.000,2.828,0.000,2.828,2,1,1,214.805,1.571,5,1,0.552,5,0.000,3452.424,1.000,0.324,0.507,0.861,0.990,0.885,0.088,0.912,0.618,0.750
1941,64.700,1.000,2.236,0.000,-0.592,2,1,1,216.400,1.576,5,0,0.586,5,0.000,3099.484,1.000,0.324,0.290,0.259,0.633,0.153,0.044,0.956,0.652,0.580
1944,64.800,1.414,8.602,0.414,6.366,2,1,1,207.608,1.842,7,1,0.552,6,36.688,3030.335,1.000,0.324,0.451,0.401,0.773,0.866,0.058,0.942,0.655,0.750
1947,64.900,1.000,6.325,-0.414,-2.278,2,1,1,203.342,1.516,7,0,0.552,6,34.785,3040.909,1.000,0.324,0.618,0.924,0.688,0.177,0.106,0.894,0.610,0.350
1950,65.000,3.162,8.246,2.162,1.922,2,1,1,209.117,1.827,7,0,0.586,6,33.838,2989.900,1.000,0.324,1.387,0.966,0.636,0.067,0.146,0.854,0.637,0.350
1953,65.100,2.000,6.083,-1.162,-2.163,2,1,1,212.869,1.448,7,1,0.552,6,34.785,2935.479,1.000,0.324,1.054,0.960,0.303,0.051,0.136,0.864,0.617,0.750
1956,65.200,2.828,3.000,0.828,-3.083,2,1,1,210.238,1.908,7,0,0.552,6,34.482,2470.565,1.000,0.324,0.737,0.891,0.388,0.025,0.121,0.879,0.597,0.580
1959,65.300,0.000,11.000,-2.828,8.000,2,1,1,201.884,1.636,7,0,0.586,6,35.440,2483.865,1.000,0.324,0.337,0.173,0.242,0.532,0.051,0.949,0.682,0.480
1962,65.400,2.236,9.487,2.236,-1.513,2,1,1,196.657,1.472,6,0,0.621,6,0.000,2821.319,1.000,0.311,0.533,0.787,0.342,1.853,0.089,0.911,0.661,0.550
1965,65.500,1.414,6.083,-0.822,-3.404,2,1,1,198.980,1.492,6,0,0.655,6,0.000,2914.609,1.000,0.311,0.644,0.836,0.252,1.570,0.101,0.899,0.641,0.550
1968,65.600,2.000,15.033,0.586,8.951,2,1,1,212.285,1.264,6,0,0.690,6,0.000,3387.670,1.000,0.311,0.849,0.859,0.274,1.788,0.113,0.887,0.695,0.550
1971,65.700,1.000,10.770,-1.000,-4.263,2,1,1,218.403,1.202,5,1,0.655,5,0.000,3927.329,1.000,0.311,0.716,0.840,0.076,1.231,0.105,0.895,0.669,0.750
1974,65.800,3.162,9.434,2.162,-1.336,2,1,1,212.002,1.156,5,0,0.655,5,0.000,4105.575,1.000,0.311,1.429,0.830,0.201,1.701,0.141,0.859,0.680,0.550
1977,65.900,1.414,8.246,-1.748,-1.188,2,1,1,203.039,1.494,5,0,0.690,5,0.000,3896.938,1.000,0.311,0.359,0.258,0.590,1.710,0.061,0.939,0.687,0.550
1980,66.000,2.000,0.000,0.586,-8.246,2,1,1,201.467,1.494,5,0,0.690,5,0.000,4234.409,1.000,0.311,0.802,0.804,0.659,0.887,0.134,0.866,0.625,0.580
1983,66.100,2.236,1.000,0.236,1.000,2,1,1,202.714,1.438,4,1,0.655,4,0.000,3811.080,1.000,0.311,0.526,0.908,0.792,0.006,0.111,0.889,0.612,0.750
1986,66.200,1.000,13.601,-1.236,12.601,2,1,1,216.206,1.513,5,1,0.655,5,0.000,3368.355,1.000,0.324,0.592,0.598,0.771,1.481,0.099,0.901,0.698,0.750
1989,66.300,2.000,5.099,1.000,-8.502,2,1,1,215.641,1.357,6,1,0.621,6,0.000,3348.510,1.000,0.324,0.929,0.709,0.976,0.155,0.125,0.875,0.652,0.750
1992,66.400,4.000,9.220,2.000,4.121,2,1,1,210.419,1.081,6,0,0.621,6,0.000,2957.050,1.000,0.324,0.803,0.687,1.148,2.380,0.117,0.883,0.673,0.550
1995,66.500,4.123,9.849,0.123,0.629,2,1,1,201.936,1.228,6,0,0.621,6,0.000,2871.508,1.000,0.324,0.397,0.217,1.221,1.982,0.059,0.941,0.699,0.550
1998,66.600,1.000,8.062,-3.123,-1.787,2,1,1,209.117,1.218,5,1,0.586,5,0.000,3239.188,1.000,0.324,0.824,0.894,0.446,1.087,0.125,0.875,0.653,0.750
2001,66.700,1.414,8.062,0.414,0.000,2,1,1,214.618,1.167,5,0,0.586,5,0.000,3346.254,1.000,0.324,0.682,0.917,0.438,0.248,0.119,0.881,0.648,0.350
2004,66.800,1.000,9.849,-0.414,1.787,2,1,1,224.804,1.078,5,0,0.621,5,0.000,3365.748,1.000,0.324,0.347,0.377,0.365,0.610,0.063,0.937,0.687,0.350
2007,66.900,1.000,4.123,0.000,-5.726,2,1,1,221.009,1.236,4,1,0.586,4,0.000,3351.457,1.000,0.324,0.254,0.113,0.408,2.400,0.043,0.957,0.671,0.750
2010,67.000,1.414,2.236,0.414,-1.887,2,1,1,220.204,1.293,5,1,0.552,5,0.000,3789.858,1.000,0.324,0.648,0.705,0.327,1.233,0.111,0.889,0.629,0.750
2013,67.100,1.000,7.071,-0.414,4.835,2,1,1,214.618,1.571,5,0,0.552,5,0.000,4020.659,1.000,0.324,0.584,0.752,0.319,0.207,0.098,0.902,0.651,0.350
2016,67.200,1.000,7.280,0.000,0.209,2,1,1,211.152,1.767,5,0,0.586,5,0.000,4314.405,1.000,0.324,0.582,0.822,0.134,0.266,0.099,0.901,0.647,0.350
2019,67.300,1.000,1.000,0.000,-6.280,2,1,1,211.152,1.798,4,1,0.586,4,0.000,3625.809,1.000,0.324,0.260,0.113,0.003,2.834,0.049,0.951,0.654,0.750
2022,67.400,1.000,1.000,0.000,0.000,2,1,1,212.417,1.963,4,0,0.621,4,0.000,3134.529,1.000,0.324,0.424,0.697,0.425,0.551,0.083,0.917,0.617,0.350
2025,67.500,1.000,3.606,0.000,2.606,2,1,1,215.232,2.062,5,1,0.621,5,0.000,2962.765,1.000,0.336,0.364,0.740,0.388,0.909,0.065,0.935,0.627,0.750
2028,67.600,4.243,21.840,3.243,18.235,2,1,1,231.206,2.062,5,0,0.621,5,0.000,4016.475,1.000,0.336,1.173,0.923,0.493,1.008,0.152,0.848,0.736,0.350
2031,67.700,8.544,29.967,4.301,8.126,2,1,1,253.553,1.722,5,0,0.655,6,50.000,3756.517,1.000,0.336,1.218,0.877,0.370,0.515,0.124,0.876,0.786,0.350
2034,67.800,6.708,35.440,-1.836,5.473,2,1,1,286.751,1.531,5,0,0.655,5,0.000,3183.619,1.000,0.336,1.815,0.688,0.322,1.057,0.152,0.848,0.844,0.350
2037,67.900,3.162,10.770,-3.546,-24.670,2,1,1,300.466,1.415,5,0,0.655,4,0.000,3699.875,1.000,0.336,1.245,0.400,0.242,2.451,0.133,0.867,0.677,0.550
2040,68.000,5.099,5.099,1.937,-5.671,2,1,1,305.954,1.283,5,0,0.690,2,0.000,3650.000,1.000,0.347,1.049,0.459,0.188,1.456,0.115,0.885,0.564,0.550
2043,68.100,0.000,8.944,-5.099,3.845,2,1,1,314.871,1.018,5,0,0.690,3,0.000,4290.700,1.000,0.347,0.891,0.800,0.182,1.268,0.104,0.896,0.594,0.350
2046,68.200,3.162,23.537,3.162,14.593,2,1,1,334.150,0.926,5,0,0.690,3,0.000,4566.940,1.000,0.347,1.772,0.943,0.266,0.413,0.135,0.865,0.687,0.350
2049,68.300,1.000,18.385,-2.162,-5.152,2,1,1,351.899,0.872,5,0,0.690,3,0.000,5929.934,1.000,0.358,1.553,0.940,0.554,0.159,0.119,0.881,0.653,0.000
2052,68.400,7.071,8.602,6.071,-9.782,2,1,1,367.049,1.026,6,1,0.655,5,0.000,5980.164,1.000,0.358,2.091,0.803,0.857,0.376,0.148,0.852,0.664,0.750
2055,68.500,9.055,12.083,1.984,3.481,2,1,1,362.416,0.997,6,0,0.655,5,25.318,5219.839,1.000,0.358,1.097,0.487,1.294,0.253,0.108,0.892,0.680,0.350
2058,68.600,29.530,24.083,20.474,12.000,2,1,1,356.899,0.924,6,0,0.690,5,45.277,5299.499,1.000,0.358,1.827,0.555,1.399,0.080,0.128,0.872,0.791,0.350
2061,68.700,29.833,18.028,0.303,-6.055,2,1,1,364.947,1.023,5,1,0.655,4,68.359,4364.038,1.000,0.358,1.598,0.651,1.771,0.764,0.134,0.866,0.774,0.750
2064,68.800,34.713,12.369,4.880,-5.658,2,1,1,367.200,1.022,5,0,0.655,4,0.000,3056.975,1.000,0.358,3.294,0.764,2.043,0.123,0.179,0.821,0.836,0.700
2067,68.900,26.173,11.045,-8.541,-1.324,2,1,1,377.795,1.013,5,0,0.655,4,0.000,639.554,1.000,0.358,2.332,0.727,4.129,0.104,0.167,0.833,0.767,0.700
2070,69.000,28.284,13.000,2.112,1.955,2,1,1,393.926,0.993,5,0,0.690,5,0.000,627.788,1.000,0.358,2.051,0.685,4.812,0.480,0.168,0.832,0.810,0.700
2073,69.100,17.692,12.166,-10.592,-0.834,2,1,1,404.011,0.992,5,0,0.724,5,0.000,675.350,1.000,0.358,1.570,0.835,5.591,1.539,0.155,0.845,0.729,0.700
2076,69.200,19.209,23.259,1.518,11.094,2,1,1,410.099,0.998,5,0,0.759,5,20.224,769.655,1.000,0.358,4.115,0.895,4.350,0.329,0.190,0.810,0.819,0.700
2079,69.300,2.236,8.944,-16.973,-14.315,2,1,1,408.864,0.632,5,0,0.759,4,323.687,2487.584,1.000,0.358,1.313,0.875,4.210,0.327,0.159,0.841,0.635,0.750
2082,69.400,6.708,13.601,4.472,4.657,2,1,1,402.636,0.690,5,0,0.759,5,8.944,2603.924,1.000,0.347,2.817,0.955,2.796,0.093,0.188,0.812,0.729,0.700
2085,69.500,1.414,5.000,-5.294,-8.601,2,1,1,397.906,0.541,5,0,0.793,4,301.982,4089.754,1.000,0.347,1.408,0.941,2.828,0.336,0.170,0.830,0.611,0.750
2088,69.600,4.123,7.280,2.709,2.280,2,1,1,403.630,0.645,5,0,0.793,5,19.313,4184.669,1.000,0.336,1.598,0.885,2.796,1.384,0.178,0.822,0.668,0.700
2091,69.700,5.099,16.031,0.976,8.751,2,1,1,414.343,0.605,5,0,0.793,5,3.162,4244.748,1.000,0.336,1.792,0.920,2.888,0.489,0.174,0.826,0.719,0.700
2094,69.800,5.099,9.220,0.000,-6.812,2,1,1,418.016,0.601,5,0,0.828,5,6.083,4286.995,1.000,0.336,2.744,0.853,2.370,0.043,0.185,0.815,0.710,0.700
2097,69.900,5.385,30.265,0.286,21.046,2,1,1,382.604,0.870,5,0,0.862,5,296.002,5575.970,1.000,0.336,1.704,0.744,2.318,0.064,0.171,0.829,0.809,0.750
2100,70.000,7.211,0.000,1.826,0.000,1,1,0,0.000,0.636,5,0,0.862,3,12.806,5637.637,1.000,0.347,2.297,0.788,1.870,0.126,0.189,0.811,0.570,0.700
2103,70.100,3.162,0.000,-4.049,0.000,1,1,0,0.000,0.643,5,0,0.862,3,2.236,5688.189,1.000,0.347,1.741,0.786,1.996,0.072,0.170,0.830,0.534,0.700
2106,70.200,4.123,0.000,0.961,0.000,1,1,0,0.000,0.714,5,0,0.897,3,4.000,5754.665,1.000,0.347,2.601,0.823,1.790,0.092,0.183,0.817,0.558,0.700
2109,70.300,2.236,0.000,-1.887,0.000,1,1,0,0.000,0.389,5,0,0.897,3,2.000,5806.204,1.000,0.347,1.787,0.846,1.829,0.026,0.173,0.827,0.526,0.700
2112,70.400,4.123,0.000,1.887,0.000,1,1,0,0.000,0.410,5,0,0.931,3,21.190,5848.344,1.000,0.358,2.185,0.777,1.005,0.082,0.187,0.813,0.551,0.000
2115,70.500,2.236,0.000,-1.887,0.000,1,1,0,0.000,0.296,4,1,0.897,2,2.236,5889.400,1.000,0.358,1.307,0.617,0.833,0.564,0.158,0.842,0.512,0.750
2118,70.600,4.123,0.000,1.887,0.000,1,1,0,0.000,0.385,5,1,0.862,3,3.000,5921.195,1.000,0.369,1.697,0.530,0.662,0.039,0.167,0.833,0.556,0.750
2121,70.700,2.000,0.000,-2.123,0.000,1,1,0,0.000,0.393,4,1,0.828,2,2.000,5934.884,1.000,0.369,1.082,0.525,0.647,0.171,0.150,0.850,0.511,0.750
2124,70.800,5.000,0.000,3.000,0.000,1,1,0,0.000,0.367,5,1,0.793,2,5.000,5906.988,1.000,0.379,2.054,0.631,0.018,0.059,0.181,0.819,0.527,0.750
2127,70.900,2.000,0.000,-3.000,0.000,1,1,0,0.000,0.333,5,0,0.793,2,2.236,3924.015,1.000,0.389,1.788,0.604,0.081,0.127,0.168,0.832,0.506,0.580
2130,71.000,4.123,103.697,2.123,73.431,2,1,1,243.647,0.866,5,0,0.793,6,0.000,3847.760,1.000,0.379,3.468,0.547,0.124,0.036,0.186,0.814,0.948,0.650
2133,71.100,5.385,7.810,1.262,-95.886,2,1,1,232.499,0.988,4,0,0.793,6,175.146,2615.494,1.000,0.379,3.169,0.616,0.009,0.057,0.181,0.819,0.730,0.750
2136,71.200,9.849,13.153,4.464,5.343,2,1,1,209.876,0.977,4,0,0.793,6,180.510,1689.954,1.000,0.379,4.426,0.553,0.083,0.015,0.203,0.797,0.795,0.750
2139,71.300,3.162,8.000,-6.687,-5.153,2,1,1,209.614,1.149,4,0,0.828,6,174.889,2138.378,1.000,0.369,2.511,0.497,0.304,0.400,0.176,0.824,0.722,0.750
2142,71.400,8.246,2.000,5.084,-6.000,2,1,1,204.534,1.068,5,0,0.828,6,154.806,2455.677,1.000,0.369,3.489,0.574,0.182,0.516,0.168,0.832,0.743,0.750
2145,71.500,4.472,2.828,-3.774,0.828,2,1,1,199.905,1.124,5,0,0.828,6,173.488,2788.624,1.000,0.369,2.269,0.394,0.361,0.693,0.166,0.834,0.704,0.750
2148,71.600,7.616,2.236,3.144,-0.592,2,1,1,194.312,1.144,5,0,0.862,6,164.924,3018.775,1.000,0.358,3.912,0.503,0.273,0.074,0.189,0.811,0.755,0.750
2151,71.700,5.000,7.071,-2.616,4.835,2,1,1,195.433,1.068,4,0,0.862,6,164.451,3348.169,1.000,0.347,2.406,0.706,0.470,0.625,0.163,0.837,0.700,0.750
2154,71.800,8.544,5.657,3.544,-1.414,2,1,1,194.209,1.153,4,0,0.862,6,167.108,3240.384,1.000,0.324,2.462,0.561,0.369,0.433,0.161,0.839,0.720,0.750
2157,71.900,3.162,4.123,-5.382,-1.534,2,1,1,199.123,1.292,4,0,0.862,4,169.546,3243.828,1.000,0.311,1.165,0.588,0.602,0.130,0.131,0.869,0.661,0.750
2160,72.000,1.414,3.000,-1.748,-1.123,2,1,1,197.091,1.564,4,0,0.862,4,163.025,3206.949,1.000,0.311,1.189,0.212,0.520,0.813,0.152,0.848,0.682,0.750
2163,72.100,2.000,9.055,0.586,6.055,2,1,1,196.003,1.531,4,0,0.862,5,160.431,3314.954,1.000,0.311,2.087,0.960,0.557,2.203,0.178,0.822,0.685,0.750
2166,72.200,15.000,17.117,13.000,8.062,2,1,1,194.023,1.336,4,0,0.862,6,148.297,3209.684,1.000,0.311,6.219,0.969,0.585,0.063,0.202,0.798,0.833,0.750
2169,72.300,6.083,8.944,-8.917,-8.173,2,1,1,191.065,1.281,5,0,0.862,6,144.184,3211.044,1.000,0.311,2.476,0.942,1.854,0.210,0.172,0.828,0.696,0.750
2172,72.400,2.236,5.099,-3.847,-3.845,2,1,1,192.003,1.551,5,0,0.862,6,149.459,2863.107,1.000,0.311,1.780,0.337,1.887,2.926,0.177,0.823,0.699,0.750
2175,72.500,4.243,5.831,2.007,0.732,2,1,1,192.023,1.321,5,0,0.862,6,150.625,2827.954,1.000,0.311,2.034,0.732,2.299,0.703,0.165,0.835,0.682,0.750
2178,72.600,2.000,7.616,-2.243,1.785,2,1,1,189.381,1.223,5,0,0.862,6,0.000,2636.099,1.000,0.311,3.409,0.745,1.349,0.002,0.183,0.817,0.725,0.350
2181,72.700,5.000,7.071,3.000,-0.545,2,1,1,188.521,1.218,5,0,0.862,6,0.000,2593.838,1.000,0.311,2.705,0.850,1.086,0.126,0.174,0.826,0.697,0.350
2184,72.800,7.071,1.000,2.071,-6.071,2,1,1,193.259,1.178,5,0,0.862,6,0.000,2871.875,1.000,0.311,2.160,0.821,0.472,0.067,0.174,0.826,0.686,0.350
2187,72.900,2.236,3.162,-4.835,2.162,2,1,1,195.310,0.924,4,1,0.828,6,157.965,3182.327,1.000,0.311,0.851,0.912,0.466,0.970,0.147,0.853,0.625,0.750
2190,73.000,5.099,6.083,2.863,2.920,2,1,1,193.373,1.006,5,1,0.793,6,157.965,3199.238,1.000,0.311,1.848,0.958,0.114,0.219,0.166,0.834,0.663,0.750
2193,73.100,2.828,2.236,-2.271,-3.847,2,1,1,193.313,1.109,4,1,0.759,6,160.056,3415.037,1.000,0.298,1.402,0.917,0.085,0.455,0.164,0.836,0.637,0.750
2196,73.200,4.123,6.083,1.295,3.847,2,1,1,200.160,1.058,6,1,0.724,6,164.454,3341.505,1.000,0.298,1.711,0.862,0.249,0.422,0.167,0.833,0.666,0.750
2199,73.300,3.162,1.414,-0.961,-4.669,2,1,1,200.040,0.973,5,1,0.690,6,162.274,3216.630,1.000,0.298,1.098,0.736,0.284,0.621,0.151,0.849,0.644,0.750
2202,73.400,4.472,5.831,1.310,4.417,2,1,1,199.123,1.024,6,1,0.690,6,162.265,3050.394,1.000,0.298,1.905,0.793,0.436,0.225,0.180,0.820,0.675,0.750
2205,73.500,1.414,2.000,-3.058,-3.831,2,1,1,198.091,1.241,4,1,0.690,6,163.049,3076.184,1.000,0.298,0.545,0.642,0.292,1.013,0.097,0.903,0.630,0.750
2208,73.600,2.828,4.243,1.414,2.243,2,1,1,203.002,1.437,4,0,0.724,6,168.573,3335.055,1.000,0.298,0.890,0.772,0.324,0.480,0.149,0.851,0.642,0.750
2211,73.700,1.000,2.236,-1.828,-2.007,2,1,1,202.010,1.749,4,0,0.759,6,164.201,3363.287,1.000,0.298,0.591,0.948,0.437,0.138,0.130,0.870,0.611,0.750
2214,73.800,1.000,7.071,0.000,4.835,2,1,1,198.124,1.729,5,1,0.724,6,56.604,3520.670,1.000,0.298,0.698,0.913,0.896,0.195,0.130,0.870,0.643,0.750
2217,73.900,2.828,1.414,1.828,-5.657,2,1,1,199.040,1.807,4,1,0.690,6,163.218,3530.425,1.000,0.298,0.970,0.887,1.021,0.027,0.159,0.841,0.628,0.750
2220,74.000,4.123,3.606,1.295,2.191,2,1,1,201.010,1.714,4,0,0.690,6,161.555,3708.694,1.000,0.298,1.035,0.837,1.063,0.968,0.155,0.845,0.640,0.750
2223,74.100,0.000,1.414,-4.123,-2.191,2,1,1,202.022,1.620,4,0,0.690,4,157.648,3623.785,1.000,0.311,0.793,0.852,1.036,0.987,0.145,0.855,0.618,0.750
2226,74.200,5.000,5.000,5.000,3.586,2,1,1,197.010,1.688,5,1,0.655,4,156.605,3599.838,1.000,0.311,1.404,0.872,1.179,0.088,0.177,0.823,0.616,0.750
2229,74.300,2.236,2.828,-2.764,-2.172,2,1,1,197.023,1.522,4,1,0.621,4,157.191,3646.719,1.000,0.311,1.115,0.926,1.231,1.980,0.154,0.846,0.629,0.750
2232,74.400,3.162,5.385,0.926,2.557,2,1,1,200.062,1.570,6,1,0.586,6,64.140,3748.464,1.000,0.311,0.722,0.786,1.263,0.367,0.140,0.860,0.643,0.750
2235,74.500,1.000,2.000,-2.162,-3.385,2,1,1,201.022,1.562,5,1,0.552,6,158.382,3748.260,1.000,0.311,0.602,0.936,1.075,0.794,0.119,0.881,0.611,0.750
2238,74.600,2.236,5.000,1.236,3.000,2,1,1,200.000,1.522,5,0,0.552,6,158.660,3555.194,1.000,0.311,0.721,0.758,1.111,1.926,0.133,0.867,0.643,0.750
2241,74.700,2.236,1.414,0.000,-3.586,2,1,1,202.002,1.451,4,0,0.552,6,161.298,3551.025,1.000,0.311,1.105,0.912,1.048,1.222,0.164,0.836,0.626,0.750
2244,74.800,3.606,3.606,1.369,2.191,2,1,1,203.000,1.374,4,0,0.552,6,161.298,3519.148,1.000,0.311,1.739,0.965,1.037,0.279,0.194,0.806,0.646,0.750
2247,74.900,4.123,1.000,0.518,-2.606,2,1,1,204.061,1.669,4,0,0.552,6,162.985,3614.817,1.000,0.311,0.901,0.952,0.907,0.437,0.157,0.843,0.629,0.750
2250,75.000,2.236,6.083,-1.887,5.083,2,1,1,202.002,1.747,6,1,0.517,6,158.142,3625.539,1.000,0.311,1.330,0.861,1.019,0.760,0.162,0.838,0.657,0.750
2253,75.100,2.236,3.606,0.000,-2.477,2,1,1,201.000,1.701,5,1,0.483,6,28.844,3285.420,1.000,0.311,0.845,0.939,0.910,1.046,0.141,0.859,0.625,0.750
2256,75.200,2.236,9.434,0.000,5.828,2,1,1,205.244,1.748,6,1,0.448,6,64.498,3517.469,1.000,0.311,1.166,0.576,0.826,1.663,0.161,0.839,0.691,0.750
2259,75.300,2.236,3.606,0.000,-5.828,2,1,1,205.156,1.652,5,1,0.414,6,156.895,3495.694,1.000,0.298,0.957,0.793,0.868,0.011,0.164,0.836,0.638,0.750
2262,75.400,3.162,2.236,0.926,-1.369,2,1,1,201.062,1.784,5,0,0.414,6,156.924,3472.985,1.000,0.298,1.323,0.656,0.689,1.008,0.166,0.834,0.655,0.750
2265,75.500,1.000,2.236,-2.162,0.000,2,1,1,201.122,2.078,5,0,0.414,6,163.487,3462.258,1.000,0.298,0.523,0.761,0.583,0.028,0.107,0.893,0.622,0.750
2268,75.600,1.000,3.606,0.000,1.369,2,1,1,204.245,1.922,4,0,0.414,6,163.025,3476.500,1.000,0.298,0.525,0.707,0.546,1.194,0.102,0.898,0.634,0.750
2271,75.700,0.000,8.000,-1.000,4.394,2,1,1,196.255,1.873,5,1,0.379,6,48.662,3566.525,1.000,0.298,1.059,0.962,0.452,1.624,0.143,0.857,0.654,0.750
2274,75.800,3.162,8.000,3.162,0.000,2,1,1,191.316,1.501,4,1,0.379,6,158.382,3558.408,1.000,0.298,1.029,0.941,0.438,0.152,0.143,0.857,0.654,0.750
2277,75.900,3.162,6.325,0.000,-1.675,2,1,1,186.387,1.488,3,1,0.379,3,154.467,3354.988,1.000,0.311,1.009,0.959,0.362,0.321,0.148,0.852,0.543,0.750
2280,76.000,1.414,7.616,-1.748,1.291,2,1,1,183.096,1.285,3,0,0.414,3,151.327,3403.888,1.000,0.311,0.655,0.191,0.293,2.374,0.112,0.888,0.595,0.750
2283,76.100,0.000,4.000,-1.414,-3.616,2,1,1,183.576,1.257,3,0,0.448,2,170.229,3351.784,1.000,0.324,0.404,0.469,0.099,0.881,0.058,0.942,0.490,0.750
2286,76.200,0.000,0.000,0.000,-4.000,2,1,1,183.576,1.374,3,1,0.448,4,149.265,3336.095,1.000,0.324,0.563,0.887,0.039,3.127,0.111,0.889,0.602,0.750
2289,76.300,0.000,1.000,0.000,1.000,2,1,1,183.448,1.725,3,0,0.483,4,151.529,3361.915,1.000,0.336,0.615,0.895,0.032,0.383,0.134,0.866,0.608,0.750
2292,76.400,3.162,1.000,3.162,0.000,2,1,1,185.311,1.017,3,0,0.517,4,152.122,3253.234,1.000,0.336,0.808,0.846,0.323,0.373,0.162,0.838,0.629,0.750
2295,76.500,0.000,1.414,-3.162,0.414,2,1,1,184.440,1.017,3,0,0.517,4,43.566,3203.810,1.000,0.336,0.526,0.816,0.216,0.090,0.120,0.880,0.614,0.350
2298,76.600,1.414,3.000,1.414,1.586,2,1,1,188.290,1.154,3,0,0.517,4,42.190,3204.379,1.000,0.347,0.638,0.787,0.556,0.217,0.122,0.878,0.628,0.350
2301,76.700,1.000,2.236,-0.414,-0.764,2,1,1,190.518,1.285,3,0,0.552,4,22.361,2985.954,1.000,0.347,0.295,0.469,0.588,0.019,0.069,0.931,0.637,0.350
2304,76.800,2.828,4.123,1.828,1.887,2,1,1,188.175,1.417,4,0,0.586,6,162.336,3059.379,1.000,0.347,0.797,0.752,0.937,1.099,0.155,0.845,0.640,0.750
2307,76.900,1.000,0.000,-1.828,-4.123,2,1,1,189.169,1.620,4,0,0.586,6,163.414,3159.598,1.000,0.347,0.714,0.780,1.070,2.754,0.138,0.862,0.619,0.750
2310,77.000,1.414,1.000,0.414,1.000,2,1,1,191.050,1.620,4,0,0.586,6,39.051,3084.674,1.000,0.347,0.535,0.608,1.254,0.314,0.117,0.883,0.629,0.350
2313,77.100,1.414,3.000,0.000,2.000,2,1,1,195.133,1.350,5,0,0.621,6,39.051,3079.848,1.000,0.347,0.445,0.693,1.039,0.131,0.097,0.903,0.629,0.350
2316,77.200,1.000,4.000,-0.414,1.000,2,1,1,194.833,1.350,5,0,0.655,6,166.571,3389.057,1.000,0.347,0.950,0.893,0.946,0.417,0.161,0.839,0.633,0.750
2319,77.300,1.414,0.000,0.414,-4.000,2,1,1,195.923,1.463,5,0,0.690,6,139.284,3536.675,1.000,0.324,0.755,0.821,0.947,0.276,0.144,0.856,0.619,0.750
2322,77.400,2.236,6.083,0.822,6.083,2,1,1,195.576,1.239,5,0,0.724,6,167.693,3571.574,1.000,0.324,1.177,0.781,0.990,0.168,0.163,0.837,0.659,0.750
2325,77.500,1.414,4.472,-0.822,-1.611,2,1,1,198.494,1.281,6,1,0.690,6,20.248,3576.104,1.000,0.311,0.548,0.627,1.036,0.717,0.085,0.915,0.645,0.750
2328,77.600,2.236,5.000,0.822,0.528,2,1,1,201.420,0.826,6,0,0.690,6,16.125,3480.839,1.000,0.311,0.880,0.916,1.083,0.043,0.153,0.847,0.636,0.000
2331,77.700,1.000,3.000,-1.236,-2.000,2,1,1,203.416,0.866,5,1,0.655,6,50.249,3481.398,1.000,0.298,0.653,0.945,0.843,0.226,0.136,0.864,0.617,0.750
2334,77.800,1.414,6.708,0.414,3.708,2,1,1,208.694,0.866,6,1,0.621,6,69.426,3561.549,1.000,0.298,1.694,0.919,0.695,0.376,0.185,0.815,0.665,0.750
2337,77.900,2.000,1.000,0.586,-5.708,2,1,1,207.697,0.768,5,1,0.621,6,53.151,3399.517,1.000,0.298,1.136,0.892,0.343,0.104,0.173,0.827,0.627,0.750
2340,78.000,0.000,1.000,-2.000,0.000,2,1,1,206.700,1.027,5,0,0.655,6,52.345,3467.499,1.000,0.298,0.583,0.546,0.246,1.102,0.129,0.871,0.632,0.350
2343,78.100,1.000,5.000,1.000,4.000,2,1,1,201.636,0.881,5,0,0.690,6,50.249,3542.138,1.000,0.298,0.951,0.968,0.051,2.357,0.157,0.843,0.634,0.550
2346,78.200,1.000,2.236,0.000,-2.764,2,1,1,201.804,0.970,5,0,0.724,6,53.263,3531.354,1.000,0.298,0.583,0.900,0.077,0.979,0.128,0.872,0.614,0.350
2349,78.300,1.000,1.000,0.000,-1.236,2,1,1,199.812,1.285,5,0,0.724,6,51.856,3465.344,1.000,0.298,0.282,0.372,0.353,1.106,0.066,0.934,0.637,0.350
2352,78.400,0.000,1.414,-1.000,0.414,2,1,1,198.728,1.478,5,0,0.724,6,52.498,3441.279,1.000,0.298,0.363,0.823,0.274,2.971,0.079,0.921,0.609,0.550
2355,78.500,1.000,2.236,1.000,0.822,2,1,1,197.649,1.571,5,0,0.724,6,52.631,3438.655,1.000,0.298,0.596,0.902,0.418,0.596,0.111,0.889,0.614,0.350
2358,78.600,1.000,4.123,0.000,1.887,2,1,1,201.636,1.767,5,0,0.759,6,52.631,3431.918,1.000,0.298,0.954,0.864,0.434,1.893,0.164,0.836,0.636,0.550
2361,78.700,1.414,9.055,0.414,4.932,2,1,1,209.774,1.767,6,1,0.759,6,71.589,3526.158,1.000,0.298,1.342,0.901,0.601,0.552,0.182,0.818,0.671,0.750
2364,78.800,3.162,3.606,1.748,-5.450,2,1,1,203.553,1.635,5,1,0.759,6,54.562,3536.495,1.000,0.298,0.887,0.750,0.789,0.412,0.158,0.842,0.640,0.750
2367,78.900,1.000,4.123,-2.162,0.518,2,1,1,200.489,1.833,4,0,0.759,6,54.037,3546.845,1.000,0.298,0.755,0.940,1.019,2.861,0.136,0.864,0.626,0.550
2370,79.000,1.000,1.000,0.000,-3.123,2,1,1,200.639,1.833,4,0,0.759,6,52.802,3554.229,1.000,0.298,0.694,0.908,0.722,0.289,0.134,0.866,0.609,0.350
2373,79.100,1.000,7.280,0.000,6.280,2,1,1,206.785,1.571,4,0,0.793,6,54.037,3582.188,1.000,0.298,0.922,0.953,0.794,2.689,0.143,0.857,0.647,0.550
2376,79.200,2.000,2.000,1.000,-5.280,2,1,1,202.800,1.511,4,0,0.793,4,52.631,3325.338,1.000,0.311,1.046,0.880,0.672,0.091,0.162,0.838,0.626,0.350
2379,79.300,0.000,3.606,-2.000,1.606,2,1,1,199.642,1.544,4,0,0.793,4,166.388,3333.670,1.000,0.311,0.228,0.702,0.774,2.071,0.043,0.957,0.627,0.750
2382,79.400,0.000,1.000,0.000,-2.606,2,1,1,200.639,1.560,4,0,0.793,4,52.202,3329.904,1.000,0.311,0.895,0.891,0.019,0.438,0.160,0.840,0.616,0.350
2385,79.500,0.000,8.944,0.000,7.944,2,1,1,208.959,1.573,5,1,0.759,6,81.216,3636.615,1.000,0.311,0.650,0.889,0.130,2.953,0.112,0.888,0.654,0.750
2388,79.600,2.236,3.606,2.236,-5.339,2,1,1,204.626,1.617,4,1,0.724,6,184.621,3669.797,1.000,0.311,1.506,0.866,0.129,0.666,0.191,0.809,0.647,0.750
2391,79.700,5.385,3.162,3.149,-0.443,2,1,1,203.482,1.884,5,1,0.690,6,180.499,3855.247,1.000,0.311,1.991,0.958,0.081,0.031,0.188,0.812,0.663,0.750
2394,79.800,5.099,9.487,-0.286,6.325,2,1,1,207.781,1.657,6,0,0.690,6,178.045,3987.200,1.000,0.311,3.094,0.928,0.150,0.551,0.193,0.807,0.715,0.750
2397,79.900,5.831,3.162,0.732,-6.325,2,1,1,207.473,1.692,6,0,0.690,6,178.306,4247.678,1.000,0.311,2.387,0.832,0.786,0.281,0.186,0.814,0.684,0.750
2400,80.000,9.849,12.207,4.018,9.044,2,1,1,221.009,1.691,6,0,0.690,6,59.641,3945.085,1.000,0.311,5.095,0.682,1.192,0.054,0.215,0.785,0.797,0.350
2403,80.100,7.280,28.792,-2.569,16.586,2,1,1,250.721,1.649,5,0,0.690,6,177.079,3462.269,1.000,0.311,4.056,0.686,2.030,0.202,0.195,0.805,0.863,0.750
2406,80.200,15.811,53.151,8.531,24.358,2,1,1,310.335,1.365,5,0,0.690,6,221.923,3709.164,1.000,0.311,7.484,0.615,2.579,0.065,0.212,0.788,1.000,0.750
2409,80.300,10.440,40.200,-5.371,-12.951,2,1,1,353.747,1.329,5,0,0.690,6,21.932,3470.924,1.000,0.311,5.526,0.678,3.447,0.070,0.194,0.806,0.964,0.700
2412,80.400,18.028,38.275,7.587,-1.924,2,1,1,394.833,1.012,5,0,0.724,5,38.079,3509.669,1.000,0.311,8.374,0.679,4.261,0.106,0.214,0.786,1.000,0.700
2415,80.500,8.944,18.788,-9.083,-19.487,2,1,1,406.037,0.771,5,0,0.724,5,41.110,3130.975,1.000,0.311,5.417,0.665,5.875,0.064,0.204,0.796,0.843,0.700
2418,80.600,11.662,30.871,2.718,12.082,2,1,1,398.152,0.880,5,0,0.759,5,21.840,3292.794,1.000,0.311,7.005,0.668,6.825,0.015,0.211,0.789,0.950,0.700
2421,80.700,3.606,41.485,-8.056,10.614,2,1,1,360.012,0.792,5,0,0.793,6,23.087,2683.685,1.000,0.311,2.985,0.605,7.947,0.700,0.184,0.816,0.913,0.700
2424,80.800,2.000,58.215,-1.606,16.730,2,1,1,304.105,0.480,5,0,0.828,6,24.739,2279.325,1.000,0.311,2.787,0.427,8.220,2.619,0.195,0.805,0.940,0.700
2427,80.900,2.236,0.000,0.236,0.000,1,1,0,0.000,0.535,5,0,0.828,2,6.325,2300.987,1.000,0.324,1.583,0.784,10.311,0.081,0.153,0.847,0.489,0.700
2430,81.000,5.831,0.000,3.595,0.000,1,1,0,0.000,0.600,5,0,0.828,3,25.000,1510.085,1.000,0.324,2.707,0.975,11.019,0.088,0.186,0.814,0.560,0.700
2433,81.100,4.243,0.000,-1.588,0.000,1,1,0,0.000,0.627,5,0,0.828,3,5.831,1451.004,1.000,0.336,1.741,0.957,11.541,0.291,0.168,0.832,0.528,0.700
2436,81.200,5.000,0.000,0.757,0.000,1,1,0,0.000,0.608,5,0,0.828,3,3.000,1442.748,1.000,0.336,2.029,0.886,9.692,0.394,0.179,0.821,0.544,0.700
2439,81.300,3.000,0.000,-2.000,0.000,1,1,0,0.000,0.673,5,0,0.828,2,5.831,1413.234,1.000,0.347,1.291,0.886,7.200,0.149,0.148,0.852,0.479,0.700
2442,81.400,3.162,0.000,0.162,0.000,1,1,0,0.000,0.703,5,0,0.828,2,2.236,167.094,1.000,0.347,1.145,0.779,4.300,0.030,0.144,0.856,0.484,0.700
2445,81.500,1.414,0.000,-1.748,0.000,1,1,0,0.000,0.755,4,1,0.793,2,3.606,146.988,1.000,0.358,0.545,0.672,3.733,0.919,0.107,0.893,0.484,0.750
2448,81.600,1.414,0.000,0.000,0.000,1,1,0,0.000,0.829,5,1,0.793,2,2.828,138.507,1.000,0.369,0.854,0.893,1.789,1.080,0.138,0.862,0.459,0.750
2451,81.700,1.414,0.000,0.000,0.000,1,1,0,0.000,0.691,4,1,0.793,2,1.414,119.004,1.000,0.369,0.473,0.847,1.282,0.798,0.104,0.896,0.470,0.750
2454,81.800,1.414,0.000,0.000,0.000,1,1,0,0.000,0.816,5,1,0.759,2,1.000,116.069,1.000,0.379,0.642,0.920,0.433,1.137,0.116,0.884,0.452,0.750
2457,81.900,1.000,0.000,-0.414,0.000,1,1,0,0.000,0.884,4,1,0.724,2,1.414,105.044,1.000,0.389,0.483,0.772,0.103,0.133,0.082,0.918,0.474,0.750
2460,82.000,3.000,0.000,2.000,0.000,1,1,0,0.000,1.062,5,1,0.690,2,2.828,100.295,1.000,0.389,1.019,0.756,0.324,1.411,0.154,0.846,0.481,0.750
2463,82.100,2.000,0.000,-1.000,0.000,1,1,0,0.000,0.982,5,0,0.690,3,4.123,85.255,1.000,0.399,1.435,0.860,0.566,0.375,0.148,0.852,0.515,0.580
2466,82.200,5.099,0.000,3.099,0.000,1,1,0,0.000,0.966,5,0,0.690,3,42.953,112.077,1.000,0.399,2.274,0.722,0.847,0.163,0.172,0.828,0.563,0.350
2469,82.300,3.162,0.000,-1.937,0.000,1,1,0,0.000,0.973,5,0,0.690,3,1.414,101.019,1.000,0.408,1.544,0.527,0.946,0.180,0.148,0.852,0.547,0.580
2472,82.400,4.000,83.006,0.838,24.791,2,1,1,250.282,0.817,5,0,0.724,6,0.000,1022.908,1.000,0.408,2.329,0.381,1.120,0.268,0.161,0.839,0.932,0.650
2475,82.500,3.000,9.000,-1.000,-74.006,2,1,1,242.563,0.637,6,1,0.724,6,0.000,2734.969,1.000,0.399,1.239,0.183,1.145,0.566,0.136,0.864,0.718,0.750
2478,82.600,2.828,5.000,-0.172,-4.000,2,1,1,239.742,0.731,6,0,0.759,6,91.198,4300.125,1.000,0.399,1.164,0.182,1.333,1.778,0.142,0.858,0.694,0.550
2481,82.700,2.000,2.236,-0.828,-2.764,2,1,1,239.477,0.809,5,1,0.724,6,0.000,4328.805,1.000,0.399,0.662,0.629,1.370,0.897,0.115,0.885,0.635,0.750
2484,82.800,2.236,3.162,0.236,0.926,2,1,1,241.234,0.758,5,1,0.690,6,0.000,3383.287,1.000,0.389,0.689,0.278,1.415,1.132,0.129,0.871,0.665,0.750
2487,82.900,1.414,1.414,-0.822,-1.748,2,1,1,243.824,0.707,5,0,0.690,6,0.000,2818.375,1.000,0.379,0.609,0.490,1.313,1.908,0.112,0.888,0.639,0.580
2490,83.000,1.000,4.472,-0.414,3.058,2,1,1,247.542,0.694,5,0,0.690,6,0.000,2555.795,1.000,0.358,0.926,0.653,1.247,1.070,0.136,0.864,0.652,0.000
2493,83.100,2.236,1.414,1.236,-3.058,2,1,1,250.320,0.884,4,1,0.655,4,0.000,2322.689,1.000,0.347,0.902,0.900,1.048,0.469,0.145,0.855,0.622,0.750
2496,83.200,1.414,2.236,-0.822,0.822,2,1,1,250.697,0.884,4,0,0.655,4,0.000,1994.929,1.000,0.336,0.540,0.870,0.924,0.160,0.126,0.874,0.615,0.580
2499,83.300,1.000,2.000,-0.414,-0.236,2,1,1,250.874,0.982,4,0,0.655,4,0.000,2011.275,1.000,0.324,0.573,0.755,0.784,1.435,0.111,0.889,0.623,0.580
2502,83.400,2.000,1.414,1.000,-0.586,2,1,1,250.711,1.080,5,1,0.621,4,0.000,2305.949,1.000,0.324,1.189,0.726,0.660,0.110,0.150,0.850,0.604,0.750
2505,83.500,1.414,2.828,-0.586,1.414,2,1,1,252.004,1.080,4,1,0.586,4,0.000,2247.914,1.000,0.324,0.599,0.612,0.533,0.095,0.113,0.887,0.638,0.750
2508,83.600,1.000,4.472,-0.414,1.644,2,1,1,257.389,1.236,4,0,0.586,4,0.000,2347.265,1.000,0.324,0.766,0.715,0.439,3.031,0.127,0.873,0.644,0.550
2511,83.700,3.606,4.243,2.606,-0.229,2,1,1,262.640,1.153,5,1,0.552,6,0.000,2444.828,1.000,0.324,1.816,0.869,0.462,0.055,0.168,0.832,0.658,0.750
2514,83.800,4.243,6.403,0.637,2.160,2,1,1,268.531,1.080,5,0,0.552,6,0.000,2527.394,1.000,0.324,2.717,0.885,0.485,0.023,0.179,0.821,0.692,0.350
2517,83.900,3.606,6.403,-0.637,0.000,2,1,1,274.811,1.023,5,0,0.552,6,0.000,2566.565,1.000,0.324,1.996,0.867,0.309,0.155,0.174,0.826,0.675,0.550
2520,84.000,5.831,18.248,2.225,11.845,2,1,1,295.368,0.931,6,1,0.517,6,0.000,2671.629,1.000,0.324,3.448,0.820,0.392,0.136,0.193,0.807,0.780,0.750
2523,84.100,5.000,15.297,-0.831,-2.951,2,1,1,312.834,0.731,6,0,0.517,6,0.000,2892.648,1.000,0.324,3.070,0.744,0.049,0.062,0.180,0.820,0.760,0.550
2526,84.200,11.314,23.345,6.314,8.048,2,1,1,343.680,0.552,6,0,0.517,6,190.421,2990.298,1.000,0.324,5.449,0.620,0.230,0.088,0.193,0.807,0.873,0.750
2529,84.300,8.602,42.426,-2.711,19.081,2,1,1,393.815,0.475,6,0,0.517,6,15.811,3301.729,1.000,0.324,4.114,0.646,0.966,0.198,0.190,0.810,0.943,0.000
2532,84.400,13.416,47.854,4.814,5.428,2,1,1,454.674,0.314,6,0,0.552,6,32.016,3686.829,1.000,0.311,4.988,0.756,1.419,0.213,0.208,0.792,0.972,0.700
2535,84.500,7.280,38.210,-6.136,-9.644,2,1,1,497.684,0.194,6,0,0.586,6,32.016,3686.829,1.000,0.311,3.490,0.746,1.947,0.093,0.190,0.810,0.897,0.700
2538,84.600,10.440,27.893,3.160,-10.317,2,1,1,532.781,0.199,6,1,0.586,5,32.016,3686.829,1.000,0.311,3.319,0.741,2.252,0.001,0.187,0.813,0.806,0.750
2541,84.700,2.828,10.296,-7.612,-17.597,2,1,1,542.890,0.203,6,0,0.621,4,401.947,5266.625,1.000,0.311,1.059,0.524,2.534,0.006,0.148,0.852,0.637,0.750
2544,84.800,5.099,4.123,2.271,-6.173,2,1,1,543.869,0.499,6,0,0.655,4,401.947,5266.625,1.000,0.311,1.348,0.586,2.607,1.258,0.181,0.819,0.611,0.750
2547,84.900,2.000,7.810,-3.099,3.687,2,1,1,541.025,0.552,6,1,0.655,5,74.108,7868.125,1.000,0.311,0.984,0.565,2.688,0.939,0.143,0.857,0.648,0.750
2550,85.000,2.828,11.402,0.828,3.592,2,1,1,534.792,0.575,6,0,0.655,6,74.108,7868.125,1.000,0.311,2.181,0.698,2.693,0.950,0.177,0.823,0.719,0.700
2553,85.100,2.828,5.831,0.000,-5.571,2,1,1,531.688,0.551,6,0,0.655,6,469.622,8416.584,1.000,0.311,1.631,0.675,2.854,0.420,0.171,0.829,0.676,0.750
2556,85.200,6.000,10.050,3.172,4.219,2,1,1,527.603,0.627,6,0,0.655,5,469.622,8416.584,1.000,0.324,2.747,0.891,3.041,0.369,0.198,0.802,0.682,0.750
2559,85.300,4.123,4.000,-1.877,-6.050,2,1,1,526.642,0.769,6,0,0.655,5,469.622,8416.584,1.000,0.324,2.055,0.969,3.568,0.646,0.179,0.821,0.626,0.750
2562,85.400,5.099,10.050,0.976,6.050,2,1,1,526.134,0.774,6,0,0.690,5,469.622,8416.584,1.000,0.324,2.665,0.979,2.590,0.099,0.185,0.815,0.674,0.750
2565,85.500,2.236,5.000,-2.863,-5.050,2,1,1,527.959,0.795,6,1,0.655,4,469.622,8416.584,1.000,0.324,1.238,0.970,2.859,0.079,0.160,0.840,0.581,0.750
2568,85.600,5.385,3.162,3.149,-1.838,2,1,1,526.422,0.777,7,1,0.655,4,469.622,8416.584,1.000,0.336,1.832,0.972,1.710,0.349,0.182,0.818,0.581,0.750
2571,85.700,1.414,2.000,-3.971,-1.162,2,1,1,527.092,0.803,6,1,0.655,4,469.622,8416.584,1.000,0.336,1.365,0.961,1.289,0.075,0.167,0.833,0.568,0.750
2574,85.800,5.831,1.414,4.417,-0.586,2,1,1,524.040,0.539,6,1,0.621,4,469.622,8416.584,1.000,0.336,2.226,0.940,0.470,0.044,0.185,0.815,0.612,0.750
2577,85.900,3.606,4.000,-2.225,2.586,2,1,1,524.444,0.595,5,1,0.586,3,30.806,8678.509,1.000,0.347,1.595,0.933,0.200,0.283,0.172,0.828,0.575,0.750
2580,86.000,5.000,6.708,1.394,2.708,2,1,1,524.745,0.503,6,1,0.586,4,5.099,8717.807,1.000,0.347,2.019,0.926,0.139,0.093,0.183,0.817,0.613,0.750
2583,86.100,2.828,5.000,-2.172,-1.708,2,1,1,525.376,0.498,4,1,0.552,2,388.398,10785.144,1.000,0.347,1.020,0.975,0.307,0.156,0.148,0.852,0.545,0.750
2586,86.200,7.071,10.296,4.243,5.296,2,1,1,525.817,0.503,4,0,0.552,3,399.462,10845.688,1.000,0.347,1.603,0.931,0.514,0.450,0.171,0.829,0.637,0.750
2589,86.300,10.770,8.944,3.699,-1.351,2,1,1,521.981,0.496,4,0,0.586,3,27.857,11111.708,1.000,0.358,1.830,0.919,0.526,0.378,0.184,0.816,0.646,0.000
2592,86.400,23.431,13.416,12.660,4.472,2,1,1,504.643,0.536,6,1,0.586,6,20.881,11100.679,1.000,0.358,3.404,0.914,0.559,0.059,0.205,0.795,0.801,0.750
2595,86.500,25.239,11.180,1.808,-2.236,2,1,1,475.038,0.496,6,0,0.586,6,19.000,10861.408,1.000,0.358,2.577,0.849,0.436,0.133,0.190,0.810,0.795,0.000
2598,86.600,39.825,30.806,14.586,19.626,2,1,1,411.247,0.458,6,0,0.621,6,13.342,10195.619,1.000,0.358,2.927,0.756,0.522,0.288,0.183,0.817,0.891,0.000
2601,86.700,35.805,27.295,-4.020,-3.511,2,1,1,357.006,0.376,5,0,0.621,5,31.575,9582.895,1.000,0.358,1.951,0.769,0.526,0.356,0.168,0.832,0.844,0.000
2604,86.800,27.203,28.231,-8.602,0.937,2,1,1,310.358,0.330,5,0,0.621,5,4.472,3623.560,1.000,0.358,1.897,0.672,0.624,0.046,0.171,0.829,0.807,0.000
2607,86.900,8.544,12.649,-18.659,-15.582,2,1,1,296.845,0.317,5,0,0.655,6,12.083,3347.459,1.000,0.347,1.317,0.462,0.592,0.910,0.130,0.870,0.721,0.000
2610,87.000,8.246,12.042,-0.298,-0.608,2,1,1,288.368,0.330,5,1,0.621,5,0.000,571.160,1.000,0.347,2.718,0.733,0.703,0.602,0.173,0.827,0.734,0.750
2613,87.100,5.000,4.000,-3.246,-8.042,2,1,1,285.351,0.335,5,0,0.621,3,0.000,417.130,1.000,0.347,1.911,0.777,0.496,2.261,0.165,0.835,0.599,0.550
2616,87.200,6.708,5.385,1.708,1.385,2,1,1,286.526,0.358,5,0,0.621,5,8.944,178.975,1.000,0.347,2.089,0.807,0.428,0.422,0.171,0.829,0.683,0.000
2619,87.300,3.606,5.385,-3.103,0.000,2,1,1,284.565,0.361,5,1,0.586,4,0.000,161.988,1.000,0.347,0.979,0.886,0.226,0.042,0.143,0.857,0.606,0.750
2622,87.400,4.243,16.031,0.637,10.646,2,1,1,272.250,0.374,6,1,0.552,6,272.250,1727.734,1.000,0.324,0.789,0.897,0.207,0.529,0.125,0.875,0.696,0.750
2625,87.500,2.236,22.023,-2.007,5.991,2,1,1,249.327,0.594,6,0,0.586,6,249.327,2925.140,1.000,0.324,0.618,0.558,0.062,0.679,0.089,0.911,0.749,0.750
2628,87.600,5.099,38.833,2.863,16.810,2,1,1,205.937,0.627,5,0,0.586,6,86.954,3824.074,1.000,0.324,0.944,0.661,0.065,0.251,0.125,0.875,0.843,0.000
2631,87.700,5.000,23.537,-0.099,-15.296,2,1,1,177.609,0.579,5,0,0.586,6,78.816,4232.220,1.000,0.324,0.998,0.795,0.191,0.627,0.137,0.863,0.750,0.000
2634,87.800,6.708,19.235,1.708,-4.302,2,1,1,154.019,0.642,5,0,0.621,6,48.662,3805.660,1.000,0.324,0.884,0.722,0.056,0.259,0.106,0.894,0.728,0.000
2637,87.900,3.162,9.487,-3.546,-9.749,2,1,1,142.864,0.629,6,0,0.621,6,156.847,2996.807,1.000,0.324,0.488,0.317,0.128,0.972,0.078,0.922,0.693,0.750
2640,88.000,2.236,6.325,-0.926,-3.162,2,1,1,141.411,0.669,6,0,0.621,6,153.444,2466.064,1.000,0.324,0.554,0.509,0.697,0.011,0.099,0.901,0.663,0.750
2643,88.100,7.071,1.000,4.835,-5.325,2,1,1,148.297,0.730,5,1,0.586,6,10.817,2473.234,1.000,0.311,0.532,0.781,0.936,0.952,0.102,0.898,0.648,0.750
2646,88.200,2.000,1.000,-5.071,0.000,2,1,1,146.973,0.919,6,0,0.586,6,94.763,1947.484,1.000,0.311,0.843,0.911,1.263,0.320,0.131,0.869,0.618,0.580
2649,88.300,3.162,3.000,1.162,2.000,2,1,1,146.813,0.839,6,0,0.586,6,107.056,1566.244,1.000,0.298,0.529,0.828,1.346,0.053,0.103,0.897,0.623,0.595
2652,88.400,3.606,3.162,0.443,0.162,2,1,1,144.931,1.115,6,0,0.621,6,0.000,1492.319,1.000,0.298,0.493,0.415,1.472,0.861,0.091,0.909,0.653,0.700
2655,88.500,2.236,2.000,-1.369,-1.162,2,1,1,145.527,1.352,6,0,0.655,6,0.000,934.405,1.000,0.298,0.408,0.871,1.425,1.318,0.085,0.915,0.612,0.700
2658,88.600,9.849,2.828,7.613,0.828,2,1,1,137.612,1.300,7,1,0.655,6,17.464,858.987,1.000,0.298,0.892,0.914,1.823,0.380,0.139,0.861,0.637,0.750
2661,88.700,4.123,1.414,-5.726,-1.414,2,1,1,134.648,1.365,6,1,0.655,6,0.000,838.375,1.000,0.298,0.906,0.967,1.943,0.035,0.141,0.859,0.628,0.750
2664,88.800,4.243,5.000,0.120,3.586,2,1,1,135.636,1.254,6,1,0.655,6,134.536,910.268,1.000,0.298,1.178,0.957,2.235,0.119,0.152,0.848,0.640,0.750
2667,88.900,1.000,2.828,-3.243,-2.172,2,1,1,137.186,1.473,5,1,0.655,6,12.806,925.274,1.000,0.298,0.860,0.944,1.898,0.113,0.139,0.861,0.621,0.750
2670,89.000,5.099,1.414,4.099,-1.414,2,1,1,141.152,1.480,5,0,0.690,6,10.817,922.535,1.000,0.298,0.626,0.933,1.658,0.659,0.109,0.891,0.629,0.700
2673,89.100,4.123,1.000,-0.976,-0.414,2,1,1,144.886,1.379,6,0,0.690,6,0.000,1057.964,1.000,0.298,0.241,0.472,1.392,2.736,0.050,0.950,0.646,0.550
2676,89.200,4.472,1.414,0.349,0.414,2,1,1,147.574,1.096,6,0,0.690,6,0.000,1163.719,1.000,0.298,0.624,0.948,1.435,0.872,0.120,0.880,0.624,0.700
2679,89.300,4.123,1.414,-0.349,0.000,2,1,1,149.857,1.058,6,0,0.724,6,0.000,1268.059,1.000,0.298,0.341,0.707,1.371,2.394,0.073,0.927,0.632,0.550
2682,89.400,5.831,2.236,1.708,0.822,2,1,1,148.223,1.070,6,0,0.724,6,101.592,1125.890,1.000,0.298,1.052,0.933,1.290,0.204,0.137,0.863,0.643,0.564
2685,89.500,3.606,2.000,-2.225,-0.236,2,1,1,146.373,0.994,6,0,0.724,6,99.368,1098.395,1.000,0.298,0.857,0.904,1.114,0.384,0.127,0.873,0.628,0.552
2688,89.600,9.000,2.236,5.394,0.236,2,1,1,145.715,0.999,7,1,0.690,6,16.492,973.134,1.000,0.298,0.976,0.808,0.935,0.435,0.137,0.863,0.642,0.750
2691,89.700,7.071,2.236,-1.929,0.000,2,1,1,144.810,0.906,6,1,0.655,6,91.220,912.175,1.000,0.298,0.614,0.774,0.779,0.273,0.110,0.890,0.650,0.750
2694,89.800,5.099,1.000,-1.972,-1.236,2,1,1,146.031,0.848,6,0,0.655,6,89.269,865.378,1.000,0.298,0.546,0.492,0.714,0.610,0.103,0.897,0.658,0.000
2697,89.900,1.000,1.414,-4.099,0.414,2,1,1,148.223,1.044,6,0,0.690,6,92.655,836.337,1.000,0.298,0.496,0.682,0.583,2.927,0.098,0.902,0.623,0.580
2700,90.000,1.000,2.236,0.000,0.822,2,1,1,145.066,1.299,5,0,0.690,6,84.012,843.594,1.000,0.298,0.748,0.776,0.487,2.494,0.126,0.874,0.627,0.550
2703,90.100,1.414,1.414,0.414,-0.822,2,1,1,146.492,1.339,5,0,0.690,6,85.094,859.204,1.000,0.298,0.325,0.709,0.290,1.514,0.076,0.924,0.616,0.580
2706,90.200,1.000,2.828,-0.414,1.414,2,1,1,147.963,1.495,5,0,0.724,6,11.045,769.594,1.000,0.298,1.010,0.858,0.278,0.846,0.133,0.867,0.631,0.350
2709,90.300,3.000,1.414,2.000,-1.414,2,1,1,146.294,1.437,6,0,0.759,6,91.395,768.035,1.000,0.298,0.639,0.841,0.120,0.578,0.109,0.891,0.624,0.508
2712,90.400,6.403,1.000,3.403,-0.414,2,1,1,141.400,1.397,6,0,0.759,6,95.520,777.519,1.000,0.298,0.611,0.703,0.328,0.057,0.107,0.893,0.652,0.531
2715,90.500,2.236,1.414,-4.167,0.414,2,1,1,140.431,1.415,6,0,0.759,6,94.921,781.124,1.000,0.298,0.532,0.746,0.419,0.344,0.105,0.895,0.623,0.527
2718,90.600,4.123,1.414,1.887,0.000,2,1,1,145.279,1.685,7,1,0.724,6,0.000,828.799,1.000,0.298,1.269,0.894,0.450,1.628,0.148,0.852,0.616,0.750
2721,90.700,2.236,1.000,-1.887,-0.414,2,1,1,143.840,1.737,7,0,0.724,6,0.000,856.120,1.000,0.298,0.531,0.651,0.055,2.358,0.107,0.893,0.604,0.550
2724,90.800,3.162,2.000,0.926,1.000,2,1,1,141.760,1.442,7,0,0.724,6,91.761,852.675,1.000,0.298,1.118,0.898,0.137,0.080,0.150,0.850,0.607,0.510
2727,90.900,3.606,1.414,0.443,-0.586,2,1,1,138.322,1.311,7,0,0.724,6,0.000,776.048,1.000,0.298,0.807,0.875,0.494,0.958,0.139,0.861,0.603,0.350
2730,91.000,4.123,2.236,0.518,0.822,2,1,1,136.062,1.138,7,0,0.759,6,0.000,759.449,1.000,0.298,1.106,0.826,0.255,0.322,0.136,0.864,0.617,0.350
2733,91.100,3.606,1.000,-0.518,-1.236,2,1,1,138.741,1.392,7,0,0.759,6,13.601,689.169,1.000,0.298,0.511,0.838,0.240,0.134,0.097,0.903,0.598,0.350
2736,91.200,3.162,1.000,-0.443,0.000,2,1,1,141.400,1.490,6,1,0.724,6,87.556,722.617,1.000,0.298,0.753,0.863,0.010,2.963,0.129,0.871,0.626,0.750
2739,91.300,4.123,3.000,0.961,2.000,2,1,1,140.684,1.482,6,0,0.724,6,85.147,731.404,1.000,0.298,0.948,0.970,0.101,0.731,0.121,0.879,0.629,0.350
2742,91.400,1.000,2.000,-3.123,-1.000,2,1,1,142.369,1.344,6,0,0.724,6,87.864,719.980,1.000,0.298,1.198,0.966,0.198,0.587,0.150,0.850,0.623,0.350
2745,91.500,0.000,2.000,-1.000,0.000,2,1,1,144.309,1.280,5,0,0.759,6,0.000,730.238,1.000,0.298,0.544,0.945,0.373,0.723,0.107,0.893,0.609,0.350
2748,91.600,8.602,2.236,8.602,0.236,2,1,1,143.003,1.363,5,0,0.793,6,14.560,738.998,1.000,0.298,0.770,0.898,0.248,0.050,0.130,0.870,0.654,0.350
2751,91.700,4.123,0.000,-4.479,-2.236,2,1,1,138.885,1.344,5,0,0.828,6,18.028,669.974,1.000,0.298,0.494,0.931,0.485,0.926,0.097,0.903,0.620,0.350
2754,91.800,3.162,2.236,-0.961,2.236,2,1,1,136.682,1.373,7,0,0.862,6,94.340,635.858,1.000,0.298,0.983,0.857,0.324,1.406,0.144,0.856,0.606,0.550
2757,91.900,2.000,2.236,-1.162,0.000,2,1,1,137.088,1.565,7,0,0.862,6,95.273,642.839,1.000,0.298,0.569,0.911,0.606,1.825,0.111,0.889,0.587,0.550
2760,92.000,3.162,2.236,1.162,0.000,2,1,1,134.893,1.575,7,0,0.862,6,95.079,647.420,1.000,0.298,0.275,0.138,0.678,2.431,0.060,0.940,0.639,0.550
2763,92.100,4.243,1.000,1.080,-1.236,2,1,1,130.969,1.377,6,0,0.862,6,92.612,641.487,1.000,0.298,0.246,0.456,0.628,2.939,0.049,0.951,0.648,0.550
2766,92.200,6.325,1.414,2.082,0.414,2,1,1,126.905,1.654,7,1,0.828,6,13.342,753.344,1.000,0.298,0.975,0.699,0.054,2.315,0.132,0.868,0.635,0.750
2769,92.300,5.385,1.000,-0.939,-0.414,2,1,1,127.738,2.047,7,0,0.828,6,14.142,715.558,1.000,0.298,0.502,0.614,0.189,2.205,0.094,0.906,0.624,0.550
2772,92.400,11.180,0.000,5.795,-1.000,2,1,1,131.461,2.364,7,1,0.793,6,17.263,783.239,1.000,0.298,0.930,0.432,0.161,0.897,0.122,0.878,0.679,0.750
2775,92.500,4.243,1.000,-6.938,1.000,2,1,1,135.237,2.364,6,1,0.793,6,104.317,789.979,1.000,0.298,0.918,0.603,0.072,0.357,0.132,0.868,0.654,0.750
2778,92.600,4.123,1.000,-0.120,0.000,2,1,1,140.175,1.970,7,1,0.793,6,101.966,864.869,1.000,0.298,1.456,0.641,0.177,0.176,0.147,0.853,0.639,0.750
2781,92.700,2.236,2.000,-1.887,1.000,2,1,1,143.087,1.601,4,1,0.759,2,103.769,878.579,1.000,0.311,0.882,0.656,0.173,0.088,0.127,0.873,0.549,0.750
2784,92.800,0.000,2.000,-2.236,0.000,2,1,1,145.086,1.232,4,0,0.759,2,0.000,882.524,1.000,0.324,1.022,0.697,0.171,0.425,0.142,0.858,0.548,0.350
2787,92.900,2.828,1.414,2.828,-0.586,2,1,1,148.054,0.916,4,0,0.759,2,2.828,887.139,1.000,0.324,0.518,0.784,0.089,0.474,0.103,0.897,0.534,0.350
2790,93.000,4.472,1.000,1.644,-0.414,2,1,1,146.003,0.654,5,1,0.724,6,109.590,1009.428,1.000,0.324,0.873,0.925,0.246,0.972,0.126,0.874,0.632,0.750
2793,93.100,2.828,1.000,-1.644,0.000,2,1,1,144.000,0.563,5,0,0.724,6,106.944,992.525,1.000,0.324,0.611,0.946,0.115,0.260,0.113,0.887,0.615,0.594
2796,93.200,6.403,1.414,3.575,0.414,2,1,1,141.057,0.568,6,1,0.690,6,16.279,1022.495,1.000,0.324,0.730,0.918,0.285,0.205,0.133,0.867,0.640,0.750
2799,93.300,5.831,1.000,-0.572,-0.414,2,1,1,138.232,0.536,5,1,0.655,6,107.070,1043.809,1.000,0.324,0.420,0.793,0.087,0.314,0.085,0.915,0.637,0.750
2802,93.400,6.083,2.000,0.252,1.000,2,1,1,132.458,0.785,6,1,0.621,6,0.000,1028.269,1.000,0.324,0.402,0.430,0.315,0.161,0.074,0.926,0.664,0.750
2805,93.500,3.162,4.123,-2.920,2.123,2,1,1,130.752,0.816,5,1,0.621,6,85.235,983.900,1.000,0.324,0.380,0.574,0.343,2.864,0.072,0.928,0.642,0.750
2808,93.600,4.000,12.530,0.838,8.407,2,1,1,146.373,0.919,7,1,0.586,6,75.153,1186.088,1.000,0.324,1.241,0.873,0.232,1.843,0.139,0.861,0.664,0.750
2811,93.700,1.000,19.105,-3.000,6.575,2,1,1,164.879,0.945,7,0,0.586,6,116.103,1251.037,1.000,0.324,1.507,0.861,0.230,0.003,0.136,0.864,0.708,0.645
2814,93.800,8.000,39.217,7.000,20.112,2,1,1,209.038,0.985,7,0,0.586,6,0.000,1241.894,1.000,0.324,2.699,0.886,0.249,0.012,0.162,0.838,0.848,0.350
2817,93.900,1.000,21.024,-7.000,-18.194,2,1,1,229.055,0.945,5,1,0.552,6,1.000,1275.130,1.000,0.298,1.874,0.824,0.923,0.037,0.153,0.847,0.756,0.750
2820,94.000,1.414,18.601,0.414,-2.423,2,1,1,241.748,1.029,5,0,0.552,5,187.024,1768.138,1.000,0.311,1.437,0.766,1.100,0.816,0.155,0.845,0.736,0.750
2823,94.100,1.000,7.810,-0.414,-10.791,2,1,1,238.315,1.111,5,0,0.586,5,163.355,2009.374,1.000,0.311,0.564,0.715,1.327,2.499,0.095,0.905,0.657,0.750
2826,94.200,2.236,6.403,1.236,-1.407,2,1,1,235.053,1.141,6,0,0.586,6,184.532,2443.404,1.000,0.311,0.885,0.815,0.739,0.310,0.121,0.879,0.651,0.750
2829,94.300,0.000,2.236,-2.236,-4.167,2,1,1,233.206,1.234,5,1,0.552,5,0.000,2510.648,1.000,0.311,0.461,0.818,0.711,0.566,0.097,0.903,0.617,0.750
2832,94.400,4.123,0.000,4.123,-2.236,2,1,1,229.107,0.970,5,0,0.552,5,9.220,2492.088,1.000,0.311,0.524,0.785,0.575,0.601,0.122,0.878,0.631,0.350
2835,94.500,1.000,2.000,-3.123,2.000,2,1,1,230.098,0.749,5,0,0.552,5,2.236,2198.747,1.000,0.311,0.239,0.354,0.745,2.852,0.045,0.955,0.642,0.550
2838,94.600,4.000,4.243,3.000,2.243,2,1,1,229.532,0.521,5,0,0.552,5,5.831,2229.878,1.000,0.311,0.509,0.547,0.546,1.038,0.091,0.909,0.648,0.000
2841,94.700,3.000,3.162,-1.000,-1.080,2,1,1,228.543,0.749,5,0,0.552,5,3.000,2223.429,1.000,0.324,0.515,0.799,0.555,0.163,0.099,0.901,0.625,0.000
2844,94.800,7.616,2.828,4.616,-0.334,2,1,1,233.345,0.812,5,1,0.517,5,13.416,2027.179,1.000,0.324,0.850,0.685,0.470,0.161,0.117,0.883,0.666,0.750
2847,94.900,12.042,2.236,4.426,-0.592,2,1,1,243.249,0.763,5,0,0.517,5,30.414,2054.697,1.000,0.324,0.712,0.472,0.674,1.123,0.112,0.888,0.702,0.000
2850,95.000,21.541,9.055,9.499,6.819,2,1,1,253.140,0.695,5,0,0.517,6,171.493,2421.424,1.000,0.324,1.418,0.558,0.755,0.021,0.152,0.848,0.766,0.750
2853,95.100,11.045,4.472,-10.495,-4.583,2,1,1,249.243,0.719,6,0,0.552,6,13.454,1434.224,1.000,0.324,1.399,0.672,0.975,0.404,0.150,0.850,0.699,0.000
2856,95.200,1.414,5.657,-9.631,1.185,2,1,1,244.131,0.935,6,0,0.552,6,0.000,1506.424,1.000,0.324,2.025,0.690,0.805,0.077,0.167,0.833,0.684,0.350
2859,95.300,1.000,1.000,-0.414,-4.657,2,1,1,244.131,1.199,5,1,0.552,6,0.000,797.549,1.000,0.324,0.924,0.470,0.697,0.115,0.136,0.864,0.646,0.750
2862,95.400,13.892,6.000,12.892,5.000,2,1,1,250.002,1.265,6,1,0.552,6,170.426,1278.704,1.000,0.311,1.272,0.678,0.029,2.173,0.141,0.859,0.712,0.750
2865,95.500,15.620,3.000,1.728,-3.000,2,1,1,259.156,1.089,6,0,0.586,6,21.024,1391.569,1.000,0.311,1.024,0.858,0.194,0.151,0.126,0.874,0.702,0.350
2868,95.600,35.468,5.099,19.848,2.099,2,1,1,282.705,0.945,6,0,0.621,6,0.000,1588.654,1.000,0.311,1.230,0.852,0.292,0.044,0.141,0.859,0.818,0.350
2871,95.700,29.206,13.000,-6.262,7.901,2,1,1,296.951,0.889,5,0,0.621,6,47.170,1641.140,1.000,0.311,1.108,0.914,0.125,0.645,0.124,0.876,0.776,0.000
2874,95.800,37.736,30.887,8.530,17.887,2,1,1,310.048,0.844,5,0,0.621,6,127.413,1875.395,1.000,0.311,2.370,0.842,0.101,1.450,0.171,0.829,0.860,0.708
2877,95.900,24.042,22.627,-13.694,-8.259,2,1,1,322.006,0.735,5,0,0.655,6,127.413,1875.395,1.000,0.298,2.216,0.851,0.157,0.528,0.166,0.834,0.779,0.708
2880,96.000,18.385,22.204,-5.657,-0.424,2,1,1,334.982,0.429,5,0,0.655,6,127.413,1875.395,1.000,0.298,2.379,0.832,0.333,0.317,0.186,0.814,0.775,0.708
2883,96.100,3.606,6.325,-14.779,-15.879,2,1,1,339.591,0.205,5,0,0.690,5,42.485,2312.727,1.000,0.311,1.316,0.812,0.597,0.142,0.161,0.839,0.661,0.000
2886,96.200,5.385,3.000,1.780,-3.325,2,1,1,341.716,0.264,5,0,0.724,5,42.485,2312.727,1.000,0.311,1.931,0.793,0.684,0.001,0.178,0.822,0.673,0.000
2889,96.300,2.236,3.606,-3.149,0.606,2,1,1,345.442,0.369,5,1,0.724,6,0.000,2715.325,1.000,0.311,1.507,0.828,0.838,0.233,0.170,0.830,0.650,0.750
2892,96.400,2.828,5.831,0.592,2.225,2,1,1,350.554,0.350,6,1,0.724,5,0.000,2704.565,1.000,0.311,2.179,0.855,0.876,0.100,0.185,0.815,0.647,0.750
2895,96.500,2.000,2.828,-0.828,-3.003,2,1,1,355.015,0.582,5,1,0.724,5,0.000,2996.584,1.000,0.311,1.039,0.851,1.011,0.101,0.157,0.843,0.632,0.750
2898,96.600,2.236,4.472,0.236,1.644,2,1,1,352.433,0.707,7,1,0.690,6,0.000,3098.139,1.000,0.311,1.154,0.870,0.880,0.074,0.160,0.840,0.617,0.750
2901,96.700,1.000,1.000,-1.236,-3.472,2,1,1,352.433,0.737,7,0,0.690,6,0.000,3029.719,1.000,0.311,0.544,0.776,0.832,0.004,0.102,0.898,0.589,0.580
2904,96.800,1.414,5.000,0.414,4.000,2,1,1,349.182,0.835,7,0,0.724,6,0.000,2822.369,1.000,0.311,1.025,0.749,0.593,0.115,0.145,0.855,0.625,0.000
2907,96.900,2.236,1.414,0.822,-3.586,2,1,1,348.329,1.065,5,1,0.690,5,37.643,2559.189,1.000,0.311,0.915,0.941,1.003,0.312,0.145,0.855,0.619,0.750
2910,97.000,1.000,3.162,-1.236,1.748,2,1,1,349.517,1.083,5,0,0.690,5,43.681,1639.164,1.000,0.311,1.445,0.938,1.144,0.012,0.169,0.831,0.638,0.350
2913,97.100,3.162,4.000,2.162,0.838,2,1,1,349.857,1.001,5,0,0.690,5,0.000,306.210,1.000,0.324,0.987,0.941,1.313,0.074,0.156,0.844,0.631,0.350
2916,97.200,2.236,4.472,-0.926,0.472,2,1,1,350.047,1.053,6,1,0.690,6,0.000,113.469,1.000,0.311,1.000,0.914,1.184,0.258,0.151,0.849,0.636,0.750
2919,97.300,1.000,2.828,-1.236,-1.644,2,1,1,348.485,1.374,6,0,0.690,5,38.328,154.468,1.000,0.311,0.624,0.887,1.132,0.619,0.131,0.869,0.589,0.350
2922,97.400,1.414,5.000,0.414,2.172,2,1,1,348.679,1.513,6,0,0.690,5,0.000,147.088,1.000,0.324,0.463,0.881,0.493,0.317,0.103,0.897,0.598,0.350
2925,97.500,1.414,2.236,0.000,-2.764,2,1,1,349.543,1.432,5,1,0.655,4,0.000,136.407,1.000,0.324,0.400,0.750,0.077,1.046,0.085,0.915,0.584,0.750
2928,97.600,2.000,12.728,0.586,10.492,2,1,1,344.827,1.669,6,1,0.621,5,54.918,194.808,1.000,0.324,0.664,0.903,0.369,0.205,0.119,0.881,0.644,0.750
2931,97.700,1.414,2.236,-0.586,-10.492,2,1,1,343.385,1.334,6,0,0.655,5,48.662,231.544,1.000,0.324,0.426,0.467,0.563,1.213,0.081,0.919,0.610,0.580
2934,97.800,1.000,5.099,-0.414,2.863,2,1,1,347.589,1.586,5,0,0.655,4,39.850,269.287,1.000,0.324,0.660,0.733,0.957,0.372,0.120,0.880,0.608,0.550
2937,97.900,1.414,3.162,0.414,-1.937,2,1,1,348.210,1.611,4,1,0.621,3,41.785,258.647,1.000,0.336,0.427,0.620,1.201,0.550,0.083,0.917,0.590,0.750
2940,98.000,1.414,4.123,0.000,0.961,2,1,1,348.128,1.820,4,0,0.621,3,2.236,245.544,1.000,0.336,0.599,0.570,1.696,0.081,0.108,0.892,0.603,0.700
2943,98.100,1.000,1.414,-0.414,-2.709,2,1,1,347.287,1.535,5,1,0.586,4,6.325,237.755,1.000,0.347,0.305,0.638,1.641,2.243,0.059,0.941,0.585,0.750
2946,98.200,1.414,5.000,0.414,3.586,2,1,1,350.304,1.259,5,0,0.621,5,5.099,230.529,1.000,0.347,0.383,0.462,1.687,3.087,0.077,0.923,0.655,0.700
2949,98.300,0.000,3.000,-1.414,-2.000,2,1,1,352.817,1.397,5,0,0.655,5,3.606,226.694,1.000,0.347,0.524,0.799,1.399,0.298,0.117,0.883,0.624,0.350
2952,98.400,3.162,7.071,3.162,4.071,2,1,1,361.248,1.062,4,1,0.621,3,21.587,223.334,1.000,0.347,1.064,0.904,1.486,0.156,0.163,0.837,0.608,0.750
2955,98.500,1.000,1.000,-2.162,-6.071,2,1,1,362.944,1.040,4,0,0.621,3,11.000,219.839,1.000,0.347,0.593,0.879,1.387,0.027,0.126,0.874,0.564,0.580
2958,98.600,3.162,1.000,2.162,0.000,2,1,1,365.493,0.926,4,0,0.621,3,8.602,209.245,1.000,0.358,1.150,0.887,1.566,0.049,0.161,0.839,0.589,0.700
2961,98.700,1.000,1.000,-2.162,0.000,2,1,1,365.821,0.861,5,1,0.586,5,12.649,205.429,1.000,0.358,0.910,0.875,1.490,0.356,0.157,0.843,0.617,0.750
2964,98.800,2.828,4.123,1.828,3.123,2,1,1,364.642,0.760,6,1,0.552,6,3.000,201.659,1.000,0.358,1.901,0.915,1.475,0.244,0.191,0.809,0.656,0.750
2967,98.900,3.162,1.414,0.334,-2.709,2,1,1,368.456,1.017,6,0,0.552,4,2.828,196.950,1.000,0.358,1.516,0.895,1.163,0.103,0.174,0.826,0.583,0.350
2970,99.000,2.000,22.023,-1.162,20.609,2,1,1,388.789,1.012,5,0,0.552,5,2.828,196.950,1.000,0.358,2.810,0.848,0.845,0.011,0.192,0.808,0.783,0.550
2973,99.100,3.162,20.125,1.162,-1.898,2,1,1,402.316,0.879,5,0,0.552,5,2.828,196.950,1.000,0.358,2.849,0.757,0.349,0.142,0.188,0.812,0.780,0.000
2976,99.200,6.000,15.264,2.838,-4.860,2,1,1,412.840,0.872,5,0,0.586,5,2.828,196.950,1.000,0.358,5.712,0.827,0.032,0.164,0.216,0.784,0.820,0.000
2979,99.300,5.831,0.000,-0.169,0.000,1,1,0,0.000,0.425,6,0,0.621,3,2.828,196.950,1.000,0.358,4.725,0.802,1.001,0.108,0.200,0.800,0.604,0.650
2982,99.400,14.422,132.095,8.591,116.830,2,1,1,547.987,0.919,6,0,0.655,2,2.828,196.950,1.000,0.358,7.911,0.818,1.771,0.155,0.209,0.791,0.921,0.700
2985,99.500,9.899,25.612,-4.523,-106.482,2,1,1,570.028,0.802,6,0,0.690,2,2.828,196.950,1.000,0.358,4.424,0.799,4.586,0.001,0.192,0.808,0.727,0.700
2988,99.600,14.866,29.000,4.967,3.388,2,1,1,595.800,0.819,6,0,0.690,5,2.828,196.950,1.000,0.358,4.513,0.829,5.596,0.145,0.197,0.803,0.836,0.700
2991,99.700,10.440,17.263,-4.426,-11.737,2,1,1,604.120,0.726,6,0,0.690,4,2.828,196.950,1.000,0.358,2.887,0.916,6.717,0.215,0.176,0.824,0.694,0.700
2994,99.800,21.932,23.854,11.491,6.591,2,1,1,603.013,0.547,6,0,0.724,4,2.828,196.950,1.000,0.369,7.092,0.918,7.114,0.451,0.189,0.811,0.836,0.700
2997,99.900,15.232,21.840,-6.700,-2.013,2,1,1,596.283,0.492,4,1,0.690,3,2.828,196.950,1.000,0.369,4.877,0.965,8.956,0.106,0.185,0.815,0.781,0.750
3000,100.000,592.609,0.000,584.006,0.000,2,1,0,592.609,0.489,4,0,0.690,2,2.828,196.950,1.000,0.369,2.623,0.737,9.433,1.946,0.198,0.802,0.824,0.700
3003,100.100,591.557,10.000,-1.051,-11.840,2,1,1,596.142,0.875,4,0,0.724,2,2.828,196.950,1.000,0.369,3.147,0.896,13.569,0.550,0.170,0.830,0.826,0.700
3006,100.200,4.000,10.296,-587.557,0.296,2,1,1,602.433,1.206,5,1,0.690,2,2.828,196.950,1.000,0.379,4.689,0.884,12.942,0.197,0.187,0.813,0.655,0.750
3009,100.300,7.211,3.162,3.211,-7.133,2,1,1,597.368,1.274,5,0,0.690,1,2.828,196.950,1.000,0.379,2.968,0.891,14.452,0.185,0.181,0.819,0.558,0.700
3012,100.400,11.402,7.616,4.191,4.453,2,1,1,593.566,1.258,5,0,0.724,2,2.828,196.950,1.000,0.389,3.591,0.838,8.657,0.253,0.193,0.807,0.636,0.700
3015,100.500,3.000,7.280,-8.402,-0.336,2,1,1,596.752,1.275,6,0,0.759,0,2.828,196.950,0.967,0.389,1.509,0.783,7.983,0.190,0.165,0.835,0.489,0.700
3018,100.600,2.236,9.849,-0.764,2.569,2,1,1,601.921,1.331,6,0,0.759,0,2.828,196.950,0.933,0.389,1.747,0.778,4.977,0.171,0.168,0.832,0.506,0.700
3021,100.700,2.000,4.123,-0.236,-5.726,2,1,1,605.450,1.401,5,1,0.724,0,2.828,196.950,0.900,0.389,0.923,0.781,3.796,0.260,0.140,0.860,0.449,0.750
3024,100.800,2.828,7.211,0.828,3.088,2,1,1,605.080,1.189,6,1,0.724,1,2.828,196.950,0.900,0.351,1.756,0.812,1.732,0.395,0.171,0.829,0.515,0.750
3027,100.900,5.657,13.416,2.828,6.205,2,1,1,602.742,0.802,6,0,0.724,2,2.828,196.950,0.900,0.351,2.066,0.883,1.217,0.204,0.173,0.827,0.582,0.000
3030,101.000,12.728,26.077,7.071,12.660,2,1,1,584.045,0.621,6,0,0.759,2,2.828,196.950,0.900,0.361,4.524,0.893,0.484,0.103,0.190,0.810,0.713,0.000
3033,101.100,12.806,14.318,0.078,-11.759,2,1,1,568.821,0.545,5,0,0.759,2,2.828,196.950,0.900,0.370,3.709,0.885,0.367,0.210,0.183,0.817,0.640,0.000
3036,101.200,22.361,0.000,9.554,0.000,1,1,0,0.000,0.396,5,0,0.759,1,2.828,196.950,0.900,0.379,4.666,0.884,0.217,0.015,0.196,0.804,0.623,0.650
3039,101.300,17.889,0.000,-4.472,0.000,1,1,0,0.000,0.362,5,0,0.793,1,2.828,196.950,0.900,0.379,2.149,0.838,0.204,0.727,0.179,0.821,0.538,0.000
3042,101.400,15.811,0.000,-2.077,0.000,1,1,0,0.000,0.322,5,0,0.793,1,2.828,196.950,0.900,0.388,1.469,0.661,0.153,0.766,0.145,0.855,0.522,0.000
3045,101.500,5.099,0.000,-10.712,0.000,1,1,0,0.000,0.280,5,0,0.793,1,300.588,2440.528,0.900,0.397,1.204,0.877,0.378,1.503,0.148,0.852,0.441,0.750
3048,101.600,8.485,0.000,3.386,0.000,1,1,0,0.000,0.304,5,0,0.828,1,300.588,2440.528,0.900,0.405,3.171,0.920,0.515,0.553,0.187,0.813,0.506,0.750
3051,101.700,9.000,0.000,0.515,0.000,1,1,0,0.000,0.403,4,1,0.828,1,300.588,2440.528,0.900,0.405,2.847,0.912,0.613,1.425,0.177,0.823,0.510,0.750
3054,101.800,10.000,0.000,1.000,0.000,1,1,0,0.000,0.403,4,0,0.828,1,300.588,2440.528,0.900,0.414,3.569,0.881,0.881,0.119,0.179,0.821,0.536,0.750
3057,101.900,3.606,0.000,-6.394,0.000,1,1,0,0.000,0.462,3,1,0.793,0,300.588,2440.528,0.867,0.414,1.487,0.933,0.935,0.009,0.153,0.847,0.396,0.750
3060,102.000,4.123,0.000,0.518,0.000,1,1,0,0.000,0.500,4,1,0.759,0,300.588,2440.528,0.833,0.414,0.393,0.592,1.201,0.503,0.085,0.915,0.391,0.750
3063,102.100,1.000,0.000,-3.123,0.000,1,1,0,0.000,0.727,4,0,0.759,0,300.588,2440.528,0.800,0.414,0.647,0.876,1.112,2.369,0.118,0.882,0.356,0.750
