frame_idx,timestamp,hand_velocity_left,hand_velocity_right,hand_acceleration_left,hand_acceleration_right,hands_present,grip_state_left,grip_state_right,hand_distance,trajectory_curvature,num_tools,tool_changed,tool_stability,num_interactions,contact_point_shift,contact_point_variance,interaction_density,interaction_rhythm,flow_magnitude,flow_uniformity,flow_discontinuity,direction_change,scene_change_score,visual_stability,activity_level,transition_score
0,0.000,0.000,0.000,0.000,0.000,1,0,0,0.000,0.000,3,0,1.000,1,0.000,0.000,1.000,0.000,0.000,1.000,0.000,0.000,0.000,1.000,0.330,0.000
3,0.100,0.000,0.000,0.000,0.000,1,0,0,0.000,0.000,4,1,0.000,2,0.000,0.000,1.000,0.500,0.798,0.243,0.000,0.438,0.096,0.904,0.433,0.750
6,0.200,15.000,0.000,15.000,0.000,1,0,0,0.000,0.000,4,0,0.500,2,0.000,8.889,1.000,0.500,0.608,0.762,0.000,2.030,0.082,0.918,0.475,0.550
9,0.300,7.071,0.000,-7.929,0.000,1,0,0,0.000,0.000,4,0,0.667,2,59.666,328.200,1.000,0.500,1.310,0.922,0.000,0.087,0.163,0.837,0.438,0.000
12,0.400,208.279,0.000,189.043,0.000,2,0,0,208.279,2.019,4,0,0.750,4,71.169,593.148,1.000,0.449,1.826,0.947,0.000,0.014,0.183,0.817,0.799,0.650
15,0.500,241.338,30.000,33.059,30.000,2,0,0,237.918,2.381,4,0,0.800,4,94.414,927.504,1.000,0.427,2.965,0.839,0.000,0.222,0.182,0.818,0.835,0.525
18,0.600,0.000,32.558,0.000,2.558,1,0,0,0.000,0.000,4,0,0.833,2,39.825,917.604,1.000,0.436,2.437,0.832,0.000,2.936,0.197,0.803,0.614,0.650
21,0.700,0.000,48.765,0.000,16.207,1,0,0,0.000,1.012,4,0,0.857,2,22.361,950.199,1.000,0.444,4.564,0.934,0.000,0.203,0.232,0.768,0.729,0.350
24,0.800,0.000,54.818,0.000,6.053,1,0,0,0.000,0.822,4,0,0.875,2,49.041,1309.467,1.000,0.449,2.222,0.691,0.000,0.583,0.155,0.845,0.687,0.000
27,0.900,0.000,50.210,0.000,-4.608,1,0,0,0.000,0.582,4,0,0.889,2,0.000,1743.656,1.000,0.454,9.193,0.883,0.000,0.013,0.266,0.734,0.818,0.000
30,1.000,197.003,24.331,-44.335,-25.879,2,1,1,3.606,2.367,4,0,0.900,4,0.000,2222.149,1.000,0.442,7.523,0.919,0.000,0.004,0.255,0.745,1.000,0.650
33,1.100,0.000,13.038,0.000,-11.293,1,0,1,0.000,0.808,4,0,0.909,2,32.802,2013.007,1.000,0.446,3.246,0.865,0.000,0.564,0.231,0.769,0.603,0.650
36,1.200,0.000,24.207,0.000,11.169,1,0,1,0.000,0.797,4,0,0.917,2,48.836,1868.920,1.000,0.449,2.913,0.819,0.000,0.177,0.227,0.773,0.660,0.000
39,1.300,0.000,28.425,0.000,4.218,1,0,1,0.000,0.714,4,0,0.923,2,24.083,1409.999,1.000,0.453,5.364,0.847,0.000,2.009,0.277,0.723,0.743,0.550
42,1.400,0.000,230.054,0.000,199.575,2,0,1,230.054,0.786,4,0,0.929,4,11.045,469.215,1.000,0.444,5.420,0.856,0.000,0.054,0.280,0.720,0.976,0.650
45,1.500,0.000,252.198,0.000,2.166,2,0,1,252.198,1.471,4,0,0.933,4,35.128,924.850,1.000,0.436,3.034,0.789,0.000,0.232,0.240,0.760,0.921,0.350
48,1.600,165.387,268.047,-31.615,15.848,2,1,1,266.002,2.456,4,0,0.938,4,0.000,869.485,1.000,0.431,4.051,0.791,0.000,2.514,0.253,0.747,0.946,0.550
51,1.700,2.828,10.770,-162.559,-257.276,2,1,1,278.016,2.231,4,0,0.941,4,36.878,756.794,1.000,0.425,2.449,0.704,0.000,0.987,0.152,0.848,0.722,0.580
54,1.800,17.000,4.123,14.172,-6.647,2,1,1,282.781,2.249,4,0,0.944,4,63.655,755.084,1.000,0.421,1.821,0.733,0.000,0.538,0.149,0.851,0.739,0.580
57,1.900,12.000,9.055,-5.000,4.932,2,1,1,281.000,2.361,4,0,0.947,4,38.484,776.859,1.000,0.417,2.544,0.634,0.000,1.576,0.218,0.782,0.736,0.580
60,2.000,11.705,10.817,-0.295,1.761,2,1,1,264.047,2.396,4,0,0.950,4,91.810,639.215,1.000,0.408,2.340,0.830,0.000,0.963,0.218,0.782,0.715,0.580
63,2.100,11.180,4.472,-0.524,-6.345,2,1,1,262.374,2.271,4,0,0.952,4,49.820,683.855,1.000,0.399,2.856,0.745,0.000,0.339,0.196,0.804,0.731,0.580
66,2.200,15.811,10.817,4.631,6.345,2,1,1,249.064,1.946,4,0,0.955,4,48.754,661.269,1.000,0.399,3.029,0.564,0.000,2.032,0.187,0.813,0.774,0.580
69,2.300,0.000,16.492,0.000,5.676,1,0,1,0.000,1.479,4,0,0.957,2,0.000,655.294,1.000,0.399,2.431,0.210,0.000,1.030,0.082,0.918,0.648,0.650
72,2.400,0.000,24.515,0.000,8.023,1,0,1,0.000,1.285,5,1,0.917,2,13.000,682.985,1.000,0.408,3.494,0.749,0.000,0.329,0.162,0.838,0.663,0.750
75,2.500,27.203,34.059,11.392,9.543,2,1,1,253.334,1.658,5,0,0.920,4,52.345,754.047,1.000,0.399,3.235,0.370,0.000,0.025,0.138,0.862,0.858,0.650
78,2.600,14.000,3.606,-13.203,-30.453,2,1,1,264.426,1.540,5,0,0.923,4,53.085,488.829,1.000,0.389,1.114,0.287,0.000,0.979,0.104,0.896,0.700,0.580
81,2.700,12.806,9.487,-1.194,5.881,2,1,1,248.582,1.682,4,1,0.889,4,27.659,919.485,1.000,0.389,1.802,0.845,0.000,2.329,0.171,0.829,0.707,0.750
84,2.800,7.810,5.831,-4.996,-3.656,2,1,1,248.620,1.413,4,0,0.893,4,168.181,1421.310,1.000,0.379,1.179,0.864,0.000,2.668,0.122,0.878,0.662,0.750
87,2.900,3.606,7.000,-4.205,1.169,2,1,1,254.012,1.056,4,0,0.897,4,179.494,1844.968,1.000,0.369,0.551,0.764,0.000,0.297,0.061,0.939,0.649,0.750
90,3.000,3.606,8.000,0.000,1.000,2,1,1,258.660,1.100,4,0,0.931,3,188.828,2342.709,1.000,0.379,0.783,0.322,0.000,2.589,0.101,0.899,0.646,0.750
93,3.100,4.123,6.000,0.518,-2.000,2,1,1,261.962,1.187,4,0,0.931,4,18.028,2575.984,1.000,0.379,1.130,0.779,0.557,0.418,0.146,0.854,0.657,0.580
96,3.200,3.606,10.630,-0.518,4.630,2,1,1,256.538,1.278,4,0,0.931,4,15.620,2475.648,1.000,0.379,0.961,0.839,0.769,0.092,0.125,0.875,0.674,0.580
99,3.300,10.296,6.325,6.690,-4.306,2,1,1,267.571,1.335,4,0,0.931,4,76.557,2620.350,1.000,0.379,0.909,0.079,0.921,3.048,0.095,0.905,0.724,0.580
102,3.400,16.492,17.464,6.197,11.140,2,1,1,267.711,1.203,4,0,0.931,4,60.374,2408.919,1.000,0.379,1.268,0.645,0.984,0.228,0.109,0.891,0.734,0.350
105,3.500,23.601,14.036,7.108,-3.429,2,1,1,254.152,1.089,4,0,0.931,4,91.706,2172.654,1.000,0.379,1.601,0.120,1.069,0.232,0.093,0.907,0.813,0.509
108,3.600,3.606,8.944,-19.995,-5.091,2,1,1,248.745,1.198,5,1,0.897,4,114.162,1975.625,1.000,0.379,0.831,0.837,1.059,3.136,0.118,0.882,0.626,0.750
111,3.700,0.000,249.070,0.000,246.070,2,0,1,249.070,1.083,5,0,0.897,3,7.616,1354.258,1.000,0.379,1.052,0.784,1.148,1.334,0.100,0.900,0.799,0.550
114,3.800,10.296,252.010,6.690,2.940,2,1,1,242.491,1.299,5,0,0.897,4,111.234,1286.684,1.000,0.379,1.927,0.589,1.159,0.020,0.143,0.857,0.871,0.618
117,3.900,6.403,4.243,-3.893,-247.767,2,1,1,245.734,1.474,4,1,0.862,3,155.322,1942.150,1.000,0.379,0.592,0.263,1.188,1.357,0.079,0.921,0.637,0.750
120,4.000,10.050,6.325,3.647,2.082,2,1,1,237.394,1.418,4,0,0.862,3,153.942,2435.164,1.000,0.369,0.663,0.607,1.527,1.026,0.092,0.908,0.635,0.750
123,4.100,0.000,229.593,0.000,223.269,2,0,1,229.593,1.565,4,0,0.862,4,113.146,2471.284,1.000,0.369,0.793,0.249,2.131,2.353,0.101,0.899,0.902,0.700
126,4.200,0.000,228.974,0.000,-1.732,2,0,1,228.974,2.224,4,0,0.862,4,101.193,2794.969,1.000,0.369,0.700,0.530,1.780,1.050,0.114,0.886,0.880,0.700
129,4.300,15.232,229.260,5.182,0.286,2,1,1,225.178,2.392,4,0,0.862,4,96.177,2847.110,1.000,0.369,0.823,0.439,1.712,0.328,0.108,0.892,0.890,0.700
132,4.400,0.000,10.000,0.000,-219.260,1,0,1,0.000,2.289,4,0,0.862,2,96.177,2847.110,1.000,0.379,2.296,0.794,1.638,0.825,0.166,0.834,0.567,0.700
135,4.500,0.000,7.071,0.000,-2.929,1,0,1,0.000,2.037,4,0,0.862,2,100.424,2964.930,1.000,0.379,2.038,0.922,1.409,0.117,0.201,0.799,0.536,0.700
138,4.600,0.000,188.247,0.000,175.717,2,0,1,188.247,2.338,4,0,0.862,4,204.318,3367.649,1.000,0.379,1.860,0.963,1.082,0.503,0.203,0.797,0.879,0.750
141,4.700,23.345,188.098,8.114,-0.149,2,1,1,205.341,2.505,4,0,0.862,4,25.000,3438.287,1.000,0.379,1.666,0.822,0.921,0.496,0.177,0.823,0.884,0.500
144,4.800,22.804,3.000,-0.542,-185.098,2,1,1,226.385,2.286,4,0,0.862,4,98.489,3301.329,1.000,0.379,1.447,0.883,0.732,0.109,0.178,0.822,0.751,0.547
147,4.900,9.055,3.606,-13.748,0.606,2,1,1,225.834,1.969,4,0,0.862,4,33.242,3101.830,1.000,0.379,1.558,0.870,0.606,0.393,0.170,0.830,0.678,0.580
150,5.000,12.042,4.000,2.986,0.394,2,1,1,233.773,1.956,4,0,0.862,3,94.705,2837.400,1.000,0.379,1.268,0.845,0.501,0.138,0.164,0.836,0.644,0.580
153,5.100,3.606,4.472,-8.436,0.472,2,1,1,236.409,1.851,3,1,0.828,2,94.705,2837.400,1.000,0.389,1.259,0.940,0.477,0.915,0.181,0.819,0.581,0.750
156,5.200,10.296,2.236,6.690,-2.236,2,1,1,228.849,1.876,4,1,0.793,4,44.045,2284.867,1.000,0.389,1.407,0.893,0.313,0.391,0.183,0.817,0.680,0.750
159,5.300,1.000,14.142,-9.296,11.906,2,1,1,228.965,1.756,4,0,0.828,3,133.765,2513.875,1.000,0.389,1.101,0.910,0.158,0.008,0.162,0.838,0.647,0.743
162,5.400,11.402,7.211,10.402,-6.931,2,1,1,231.510,1.765,4,0,0.828,4,213.178,2690.009,1.000,0.389,1.077,0.788,0.189,0.084,0.144,0.856,0.685,0.750
165,5.500,3.162,5.000,-8.239,-2.211,2,1,1,231.970,1.712,4,0,0.828,4,41.773,2435.827,1.000,0.389,0.802,0.572,0.104,0.260,0.124,0.876,0.658,0.580
168,5.600,5.099,6.708,1.937,1.708,2,1,1,239.151,1.615,4,0,0.862,4,46.239,2179.549,1.000,0.389,0.511,0.572,0.617,2.655,0.049,0.951,0.660,0.580
171,5.700,3.606,13.000,-1.493,6.292,2,1,1,241.100,1.550,4,0,0.862,4,104.403,1839.358,1.000,0.379,0.716,0.673,0.613,0.060,0.103,0.897,0.693,0.580
174,5.800,6.325,8.062,2.719,-4.938,2,1,1,243.187,1.608,4,0,0.862,4,157.813,2307.818,1.000,0.379,0.742,0.495,0.883,0.651,0.087,0.913,0.679,0.750
177,5.900,5.099,19.698,-1.226,11.635,2,1,1,242.837,1.537,4,0,0.862,4,69.354,2198.657,1.000,0.379,1.608,0.623,0.936,1.971,0.130,0.870,0.756,0.550
180,6.000,15.000,10.630,9.901,-9.068,2,1,1,225.229,1.619,4,0,0.862,4,84.646,2194.017,1.000,0.379,1.219,0.017,0.382,0.198,0.098,0.902,0.763,0.350
183,6.100,6.403,4.123,-8.597,-6.507,2,1,1,234.610,1.847,4,0,0.862,4,100.722,2205.777,1.000,0.369,0.722,0.425,0.084,2.021,0.109,0.891,0.674,0.580
186,6.200,7.280,7.810,0.877,3.687,2,1,1,235.669,1.853,4,0,0.862,4,87.693,2347.970,1.000,0.369,1.529,0.872,0.147,0.793,0.165,0.835,0.671,0.580
189,6.300,229.218,238.315,221.938,230.505,2,1,1,232.106,1.855,4,0,0.862,3,77.130,2102.634,1.000,0.379,0.982,0.694,0.246,0.305,0.119,0.881,0.831,0.450
192,6.400,225.036,237.683,-4.183,-0.632,2,1,1,230.106,2.175,4,0,0.862,4,46.098,1959.344,1.000,0.379,0.894,0.703,0.371,0.646,0.122,0.878,0.873,0.350
195,6.500,0.000,237.076,0.000,235.662,2,0,1,237.076,1.789,4,0,0.897,4,94.340,2157.054,1.000,0.379,0.412,0.384,0.484,0.737,0.057,0.943,0.883,0.524
198,6.600,6.403,243.296,-218.632,6.220,2,1,1,232.138,2.236,4,0,0.897,4,21.024,2133.050,1.000,0.369,0.560,0.725,0.552,0.081,0.081,0.919,0.863,0.500
201,6.700,12.042,13.038,5.638,-230.258,2,1,1,222.380,2.444,4,0,0.897,4,28.862,1928.174,1.000,0.369,1.446,0.227,0.707,1.876,0.132,0.868,0.743,0.580
204,6.800,10.296,6.000,-1.746,-7.038,2,1,1,223.036,2.456,4,0,0.931,4,15.811,1302.260,1.000,0.369,0.594,0.732,0.754,1.961,0.100,0.900,0.671,0.580
207,6.900,2.236,2.236,-8.060,-3.764,2,1,1,222.110,2.542,3,1,0.897,2,15.811,1302.260,1.000,0.369,0.771,0.755,0.742,0.398,0.116,0.884,0.569,0.750
210,7.000,9.434,4.472,7.198,2.236,2,1,1,229.787,2.359,4,1,0.862,4,21.260,1242.499,1.000,0.369,0.804,0.654,0.901,1.281,0.106,0.894,0.677,0.750
213,7.100,28.071,14.765,18.637,10.293,2,1,1,270.363,2.170,4,0,0.862,4,185.626,1876.644,1.000,0.369,1.466,0.350,0.944,1.357,0.123,0.877,0.818,0.750
216,7.200,32.016,22.561,3.944,7.796,2,1,1,323.002,2.096,4,0,0.862,4,21.932,1969.000,1.000,0.369,2.001,0.679,0.725,0.309,0.128,0.872,0.830,0.350
219,7.300,42.755,23.854,10.739,1.293,2,1,1,385.021,1.849,4,0,0.862,4,153.883,2062.315,1.000,0.369,2.406,0.860,0.554,0.046,0.189,0.811,0.888,0.750
222,7.400,54.589,8.062,11.834,-15.791,2,1,1,435.415,1.648,4,0,0.862,4,5.000,2037.028,1.000,0.369,3.210,0.824,0.313,0.038,0.209,0.791,0.923,0.350
225,7.500,30.017,31.828,-24.573,23.765,2,1,1,443.806,1.356,4,0,0.862,4,5.000,2037.028,1.000,0.369,2.118,0.825,0.007,1.747,0.175,0.825,0.822,0.550
228,7.600,0.000,0.000,0.000,0.000,0,0,0,0.000,0.000,4,0,0.862,0,5.000,2037.028,0.967,0.369,11.564,0.081,0.294,2.410,0.345,0.655,0.480,0.650
231,7.700,262.092,0.000,-105.779,0.000,2,1,0,262.092,0.769,4,0,0.862,4,0.000,2573.564,0.967,0.360,2.088,0.765,2.556,1.644,0.149,0.851,0.895,0.700
234,7.800,261.691,0.000,-5.536,0.000,2,1,0,261.691,1.404,3,1,0.828,4,12.083,2835.054,0.967,0.360,1.939,0.881,2.780,0.322,0.148,0.852,0.783,0.750
237,7.900,265.377,0.000,3.032,0.000,2,1,0,265.377,2.088,3,0,0.828,4,3.606,3042.234,0.967,0.360,1.564,0.349,3.138,1.218,0.105,0.895,0.811,0.700
240,8.000,259.008,0.000,-4.129,0.000,2,1,0,259.008,2.798,3,0,0.862,4,69.971,2948.455,0.967,0.360,1.492,0.546,3.622,1.362,0.104,0.896,0.795,0.700
243,8.100,257.800,0.000,-1.207,0.000,1,1,0,0.000,2.854,3,0,0.897,2,2.000,3128.619,0.967,0.360,1.948,0.772,3.656,0.694,0.154,0.846,0.681,0.700
246,8.200,6.708,0.000,-251.092,0.000,1,1,0,0.000,2.964,3,0,0.897,2,6.708,3147.144,0.967,0.371,1.503,0.857,3.957,0.182,0.137,0.863,0.451,0.700
249,8.300,265.906,0.000,258.290,0.000,2,1,0,265.906,2.529,3,0,0.897,4,7.616,3027.387,0.967,0.371,1.139,0.354,3.923,2.832,0.052,0.948,0.800,0.700
252,8.400,258.213,0.000,-9.313,0.000,2,1,0,258.213,2.520,3,0,0.897,4,7.211,2995.667,0.967,0.371,1.107,0.147,4.024,1.452,0.098,0.902,0.813,0.700
255,8.500,262.406,0.000,4.193,0.000,1,1,0,0.000,2.519,3,0,0.897,2,76.479,2785.529,0.967,0.371,1.869,0.351,4.149,0.535,0.113,0.887,0.708,0.700
258,8.600,268.835,0.000,266.835,0.000,2,1,0,268.835,2.161,3,0,0.897,4,2.000,2663.867,0.967,0.371,0.862,0.440,4.342,1.767,0.050,0.950,0.787,0.700
261,8.700,269.429,0.000,0.595,0.000,1,1,0,0.000,2.294,3,0,0.897,2,83.815,1961.540,0.967,0.371,1.350,0.600,3.956,2.677,0.060,0.940,0.678,0.700
264,8.800,8.544,109.202,-260.885,77.374,2,1,1,270.414,2.358,3,0,0.897,4,8.544,1825.869,0.967,0.371,1.489,0.456,3.027,1.206,0.111,0.889,0.801,0.700
267,8.900,6.403,0.000,-2.141,0.000,1,1,0,0.000,2.352,3,0,0.897,2,6.403,1359.388,0.967,0.381,2.283,0.681,2.148,1.977,0.139,0.861,0.481,0.700
270,9.000,12.530,0.000,6.127,0.000,1,1,0,0.000,2.209,4,1,0.862,3,12.530,776.444,0.967,0.381,1.190,0.656,1.362,1.171,0.067,0.933,0.604,0.750
273,9.100,277.584,0.000,267.289,0.000,2,1,0,277.584,1.684,4,0,0.862,5,10.296,603.950,0.967,0.381,1.390,0.485,1.154,3.073,0.107,0.893,0.897,0.650
276,9.200,272.259,0.000,-4.125,0.000,2,1,0,272.259,2.037,4,0,0.862,5,79.246,484.998,0.967,0.381,2.340,0.738,0.190,0.473,0.118,0.882,0.903,0.350
279,9.300,259.609,0.000,-7.681,0.000,2,1,0,259.609,2.263,6,1,0.828,6,5.385,484.407,0.967,0.379,1.525,0.378,0.197,1.313,0.067,0.933,0.908,0.750
282,9.400,262.488,9.434,2.879,-99.768,2,1,1,259.434,2.417,6,0,0.828,6,5.385,487.334,0.967,0.379,1.609,0.320,0.233,0.581,0.091,0.909,0.914,0.500
285,9.500,12.806,6.083,-249.682,-3.351,2,1,1,257.381,2.361,6,0,0.828,6,12.806,499.054,0.967,0.369,1.920,0.657,0.251,2.005,0.135,0.865,0.719,0.580
288,9.600,251.984,0.000,249.156,0.000,2,1,0,251.984,2.305,6,1,0.793,6,180.336,1082.690,0.967,0.358,1.226,0.561,0.271,1.377,0.114,0.886,0.887,0.750
291,9.700,251.734,22.136,-0.250,16.053,2,1,1,240.585,2.303,6,0,0.793,6,177.124,1084.037,0.967,0.347,1.352,0.659,0.330,0.841,0.089,0.911,0.884,0.750
294,9.800,1.000,15.000,-250.734,-7.136,2,1,1,245.204,2.018,6,0,0.828,6,1.000,1089.280,0.967,0.336,1.191,0.457,0.336,0.966,0.085,0.915,0.727,0.580
297,9.900,251.468,0.000,241.172,0.000,2,1,0,251.468,1.560,6,0,0.862,6,147.435,1492.564,0.967,0.324,1.339,0.654,0.352,1.896,0.050,0.950,0.884,0.750
300,10.000,253.931,0.000,1.424,0.000,2,1,0,253.931,1.756,6,0,0.862,6,148.395,1487.538,0.967,0.311,0.970,0.649,0.356,0.088,0.057,0.943,0.875,0.750
303,10.100,253.243,21.633,-0.688,6.633,2,1,1,250.416,2.092,6,0,0.862,6,116.662,1593.624,0.967,0.311,1.384,0.568,0.414,1.619,0.076,0.924,0.891,0.648
306,10.200,5.000,0.000,-248.243,0.000,1,1,0,0.000,2.252,5,1,0.828,4,112.805,1573.349,0.967,0.311,1.156,0.758,0.380,1.986,0.109,0.891,0.564,0.750
309,10.300,14.866,0.000,9.866,0.000,1,1,0,0.000,2.018,5,0,0.828,4,14.866,1577.424,0.967,0.311,2.228,0.768,0.366,0.012,0.138,0.862,0.645,0.580
312,10.400,5.099,20.616,-9.767,-1.018,2,1,1,266.603,2.223,5,0,0.828,6,5.099,1585.925,0.967,0.311,1.206,0.515,0.321,0.619,0.124,0.876,0.755,0.650
315,10.500,7.810,12.207,2.711,-8.409,2,1,1,255.345,2.553,4,1,0.793,5,7.810,1578.357,0.967,0.311,2.321,0.906,0.326,0.224,0.157,0.843,0.708,0.750
318,10.600,10.000,0.000,2.190,0.000,1,1,0,0.000,2.246,4,0,0.793,3,0.000,1530.038,1.000,0.324,2.264,0.921,0.270,0.213,0.148,0.852,0.603,0.650
321,10.700,13.000,52.393,3.000,40.186,2,1,1,305.439,2.462,4,0,0.828,4,0.000,1546.794,1.000,0.324,2.094,0.863,0.140,0.230,0.149,0.851,0.892,0.650
324,10.800,359.301,0.000,308.213,0.000,2,1,0,359.301,1.625,6,1,0.793,6,0.000,1854.299,1.000,0.324,2.846,0.824,0.051,0.364,0.179,0.821,0.913,0.750
327,10.900,397.237,13.928,37.936,-38.464,2,1,1,399.941,2.202,6,0,0.793,6,0.000,1717.457,1.000,0.324,2.470,0.814,0.338,0.928,0.167,0.833,0.905,0.500
330,11.000,4.243,0.000,-392.994,0.000,1,1,0,0.000,1.921,6,0,0.793,5,64.475,1785.179,1.000,0.324,1.333,0.406,0.472,0.231,0.108,0.892,0.598,0.650
333,11.100,5.385,0.000,1.143,0.000,1,1,0,0.000,1.707,3,1,0.759,2,5.385,1938.164,1.000,0.336,1.412,0.828,0.297,0.322,0.153,0.847,0.447,0.750
336,11.200,21.471,0.000,16.086,0.000,1,1,0,0.000,1.534,3,0,0.759,2,0.000,1617.235,1.000,0.347,2.447,0.661,0.448,1.110,0.175,0.825,0.574,0.580
339,11.300,421.631,0.000,387.631,0.000,2,1,0,421.631,1.516,3,0,0.759,3,0.000,1381.210,1.000,0.347,5.237,0.747,0.647,0.250,0.222,0.778,0.879,0.650
342,11.400,0.000,19.698,0.000,5.769,1,0,1,0.000,2.258,3,0,0.759,1,0.000,1381.210,1.000,0.358,8.224,0.842,1.300,0.140,0.229,0.771,0.630,0.650
345,11.500,22.804,15.620,-398.828,-4.077,2,1,1,44.654,2.231,3,0,0.759,2,0.000,1381.210,1.000,0.369,9.903,0.910,2.449,0.128,0.242,0.758,0.753,0.700
348,11.600,29.000,12.649,6.196,-2.971,2,1,1,39.962,2.144,3,0,0.759,2,0.000,1381.210,1.000,0.369,13.860,0.762,3.975,0.001,0.266,0.734,0.798,0.700
351,11.700,10.296,0.000,-18.704,0.000,1,1,0,0.000,1.365,3,0,0.759,1,0.000,1381.210,1.000,0.379,17.005,0.662,6.416,0.139,0.264,0.736,0.591,0.700
354,11.800,661.593,0.000,651.297,0.000,1,1,0,0.000,1.137,3,0,0.759,2,0.000,1381.210,1.000,0.389,16.685,0.727,9.044,0.123,0.249,0.751,0.839,0.700
357,11.900,32.558,0.000,-629.035,0.000,1,1,0,0.000,1.370,3,0,0.793,2,0.000,1381.210,1.000,0.389,18.181,0.907,10.303,0.120,0.238,0.762,0.757,0.700
360,12.000,644.287,0.000,615.218,0.000,2,1,0,644.287,1.378,3,0,0.793,3,0.000,1381.210,1.000,0.399,16.896,0.962,14.550,0.100,0.248,0.752,0.933,0.700
363,12.100,609.631,0.000,-16.248,0.000,2,1,0,609.631,1.869,3,0,0.793,3,0.000,1381.210,1.000,0.399,12.975,0.955,15.078,0.083,0.251,0.749,0.933,0.700
366,12.200,585.768,0.000,-12.604,0.000,2,1,0,585.768,2.093,3,0,0.828,3,0.000,1381.210,1.000,0.399,9.794,0.912,15.420,0.049,0.251,0.749,0.936,0.700
369,12.300,555.541,0.000,-19.861,0.000,2,1,0,555.541,2.464,3,0,0.828,3,0.000,1381.210,1.000,0.408,8.145,0.905,17.403,0.087,0.249,0.751,0.937,0.700
372,12.400,539.894,0.000,-15.648,0.000,1,1,0,0.000,2.841,3,0,0.828,2,0.000,1429.464,1.000,0.408,5.782,0.910,14.700,0.103,0.247,0.753,0.771,0.700
375,12.500,38.471,0.000,-501.423,0.000,1,1,0,0.000,3.093,3,0,0.862,2,0.000,1431.769,1.000,0.417,4.283,0.910,14.102,0.100,0.237,0.763,0.697,0.700
378,12.600,54.406,0.000,15.935,0.000,1,1,0,0.000,2.721,5,1,0.828,2,19.416,1133.585,1.000,0.426,2.578,0.873,14.368,0.502,0.231,0.769,0.745,0.750
381,12.700,56.321,0.000,1.915,0.000,1,1,0,0.000,2.329,5,0,0.828,2,0.000,933.189,1.000,0.426,1.903,0.821,14.684,0.920,0.154,0.846,0.732,0.700
384,12.800,44.385,0.000,-11.936,0.000,1,1,0,0.000,1.951,5,0,0.828,3,0.000,1081.338,1.000,0.426,3.317,0.777,14.010,0.175,0.214,0.786,0.803,0.700
387,12.900,28.844,25.942,-15.540,13.293,2,1,1,342.825,2.087,4,1,0.793,3,0.000,1052.188,1.000,0.426,3.769,0.760,7.713,0.851,0.215,0.785,0.806,0.750
390,13.000,16.401,0.000,-12.443,0.000,1,1,0,0.000,1.202,4,0,0.793,3,0.000,1494.860,1.000,0.435,5.047,0.866,3.912,2.009,0.214,0.786,0.712,0.700
393,13.100,313.589,0.000,290.180,0.000,2,1,0,313.589,0.561,4,0,0.828,4,0.000,1881.787,1.000,0.435,3.890,0.855,2.452,0.012,0.206,0.794,0.937,0.700
396,13.200,306.139,0.000,-2.231,0.000,2,1,0,306.139,0.970,4,0,0.828,4,0.000,1542.209,1.000,0.444,2.950,0.781,1.302,0.110,0.190,0.810,0.919,0.350
399,13.300,304.764,0.000,-1.375,0.000,1,1,0,0.000,1.359,4,0,0.828,3,64.815,1368.394,1.000,0.444,2.191,0.878,0.574,1.322,0.187,0.813,0.798,0.650
402,13.400,0.000,292.063,0.000,-11.953,2,0,1,292.063,1.862,4,0,0.862,3,0.000,1397.019,1.000,0.444,1.600,0.903,0.149,1.460,0.155,0.845,0.832,0.650
405,13.500,299.982,290.875,-4.782,-1.189,2,1,1,291.925,1.966,4,0,0.862,3,0.000,1346.814,1.000,0.444,1.443,0.744,0.229,0.128,0.146,0.854,0.839,0.500
408,13.600,8.062,1.000,-291.919,-289.875,2,1,1,292.246,1.972,4,0,0.862,2,0.000,953.269,1.000,0.444,1.264,0.646,0.527,0.301,0.134,0.866,0.591,0.580
411,13.700,0.000,285.077,0.000,284.077,2,0,1,285.077,2.065,4,0,0.897,4,309.015,2706.194,1.000,0.435,1.736,0.837,0.769,0.487,0.150,0.850,0.885,0.750
414,13.800,292.406,38.601,284.343,-246.477,2,1,1,270.801,2.100,4,0,0.897,5,178.398,2994.090,1.000,0.417,2.373,0.807,0.972,0.205,0.168,0.832,0.903,0.750
417,13.900,1.000,0.000,-291.406,0.000,1,1,0,0.000,2.325,4,0,0.897,2,0.000,3006.957,1.000,0.417,2.449,0.750,1.135,0.048,0.171,0.829,0.524,0.650
420,14.000,0.000,268.600,0.000,230.000,1,0,1,0.000,1.917,4,0,0.931,3,57.306,2954.749,1.000,0.417,2.516,0.719,1.256,0.833,0.190,0.810,0.818,0.500
423,14.100,286.086,2.236,285.086,-266.364,2,1,1,286.667,2.340,4,0,0.931,5,35.014,2936.974,1.000,0.408,2.854,0.921,1.372,0.132,0.189,0.811,0.907,0.650
426,14.200,290.505,266.327,4.419,264.091,2,1,1,269.987,2.345,4,0,0.931,5,182.003,3343.429,1.000,0.399,2.444,0.957,1.414,0.821,0.178,0.822,0.894,0.750
429,14.300,274.405,0.000,270.162,0.000,2,1,0,274.405,1.946,4,0,0.931,4,304.322,4771.668,1.000,0.389,1.987,0.849,1.386,0.175,0.139,0.861,0.890,0.750
432,14.400,16.155,272.470,-258.249,6.143,2,1,1,269.072,1.836,4,0,0.931,5,171.012,3485.074,1.000,0.379,2.526,0.940,1.345,0.180,0.181,0.819,0.897,0.750
435,14.500,13.153,5.099,-3.003,-267.371,2,1,1,284.628,1.939,4,0,0.931,5,164.924,3240.464,1.000,0.369,3.152,0.937,1.259,0.921,0.190,0.810,0.736,0.750
438,14.600,0.000,3.606,0.000,-1.493,1,0,1,0.000,1.870,4,0,0.931,3,37.162,3261.908,1.000,0.369,2.146,0.801,1.201,0.319,0.165,0.835,0.573,0.650
441,14.700,272.905,270.150,259.752,266.544,2,1,1,261.021,2.068,4,0,0.931,5,7.071,3241.410,1.000,0.369,1.597,0.520,1.104,2.220,0.127,0.873,0.904,0.650
444,14.800,242.739,271.516,-30.166,1.366,2,1,1,252.945,2.184,4,0,0.931,5,139.517,3398.244,1.000,0.369,3.592,0.928,1.009,2.520,0.189,0.811,0.925,0.750
447,14.900,14.866,0.000,-227.872,0.000,1,1,0,0.000,2.289,4,0,0.931,2,139.517,3398.244,1.000,0.369,2.373,0.658,0.880,2.718,0.164,0.836,0.606,0.750
450,15.000,295.420,0.000,275.172,0.000,2,1,0,295.420,2.339,4,0,0.931,5,42.190,3474.269,1.000,0.358,1.457,0.789,0.786,2.912,0.134,0.866,0.881,0.650
453,15.100,284.609,0.000,-10.812,0.000,1,1,0,0.000,2.518,4,0,0.931,2,159.314,3320.458,1.000,0.358,1.468,0.593,0.735,0.120,0.136,0.864,0.755,0.750
456,15.200,30.083,0.000,-254.525,0.000,1,1,0,0.000,2.488,4,0,0.931,2,76.158,3808.347,1.000,0.369,1.906,0.781,0.649,1.473,0.137,0.863,0.670,0.580
459,15.300,17.692,0.000,-12.391,0.000,1,1,0,0.000,2.498,4,0,0.931,2,76.158,3808.347,1.000,0.369,1.887,0.813,0.545,0.107,0.148,0.852,0.599,0.580
462,15.400,5.657,0.000,-12.035,0.000,1,1,0,0.000,2.180,4,0,0.931,2,54.781,3873.189,1.000,0.379,1.436,0.572,0.491,1.878,0.123,0.877,0.537,0.580
465,15.500,0.000,257.163,0.000,-14.353,1,0,1,0.000,1.967,4,0,0.966,2,45.706,2980.314,1.000,0.389,0.927,0.299,0.455,1.547,0.075,0.925,0.762,0.550
468,15.600,16.492,0.000,10.836,0.000,1,1,0,0.000,2.065,4,0,0.966,2,41.869,3452.569,1.000,0.389,1.238,0.813,0.481,0.270,0.087,0.913,0.576,0.580
471,15.700,13.454,0.000,-3.039,0.000,1,1,0,0.000,1.963,4,0,0.966,2,92.698,3510.448,1.000,0.389,1.611,0.742,0.605,1.695,0.134,0.866,0.573,0.580
474,15.800,0.000,26.926,0.000,-230.238,1,0,1,0.000,2.299,4,0,1.000,2,92.698,3510.448,1.000,0.389,2.248,0.915,0.707,2.125,0.181,0.819,0.652,0.580
477,15.900,0.000,0.000,0.000,0.000,0,0,0,0.000,0.000,4,0,1.000,0,92.698,3510.448,0.967,0.389,1.449,0.307,0.603,3.075,0.095,0.905,0.301,0.650
480,16.000,0.000,0.000,0.000,0.000,0,0,0,0.000,0.000,4,0,1.000,0,92.698,3510.448,0.933,0.389,1.396,0.723,0.625,0.531,0.132,0.868,0.266,0.580
483,16.100,0.000,0.000,0.000,0.000,0,0,0,0.000,0.000,4,0,1.000,0,92.698,3510.448,0.900,0.389,1.698,0.885,0.856,1.669,0.135,0.865,0.259,0.580
486,16.200,0.000,15.133,0.000,-11.793,1,0,1,0.000,2.316,4,0,1.000,2,92.698,3510.448,0.900,0.351,1.573,0.710,0.915,1.711,0.107,0.893,0.572,0.650
489,16.300,24.352,0.000,10.898,0.000,1,1,0,0.000,1.966,4,0,1.000,2,92.698,3510.448,0.900,0.361,2.020,0.785,0.768,2.101,0.150,0.850,0.629,0.580
492,16.400,16.279,0.000,-8.073,0.000,1,1,0,0.000,1.852,4,0,1.000,2,80.050,3607.089,0.900,0.361,2.450,0.880,0.945,0.438,0.146,0.854,0.588,0.580
495,16.500,24.166,0.000,7.887,0.000,1,1,0,0.000,1.805,4,0,1.000,2,80.050,3607.089,0.900,0.370,2.039,0.824,1.058,1.311,0.172,0.828,0.626,0.580
498,16.600,0.000,14.318,0.000,-0.815,1,0,1,0.000,1.964,4,0,1.000,2,48.332,3715.094,0.900,0.370,1.198,0.593,0.998,1.442,0.082,0.918,0.566,0.580
501,16.700,16.971,0.000,-7.196,0.000,1,1,0,0.000,1.818,4,0,1.000,2,48.332,3715.094,0.900,0.379,1.470,0.760,1.087,0.863,0.113,0.887,0.576,0.580
504,16.800,6.000,0.000,-10.971,0.000,1,1,0,0.000,1.579,4,0,1.000,2,48.332,3715.094,0.900,0.379,2.254,0.913,1.176,1.523,0.185,0.815,0.524,0.580
507,16.900,18.439,0.000,12.439,0.000,1,1,0,0.000,1.859,4,0,1.000,2,28.460,3614.515,0.900,0.388,2.061,0.871,1.059,0.317,0.140,0.860,0.591,0.580
510,17.000,0.000,289.318,0.000,275.000,1,0,1,0.000,2.280,4,0,1.000,3,29.530,3933.297,0.900,0.388,1.770,0.806,0.825,1.451,0.159,0.841,0.781,0.550
513,17.100,14.765,0.000,-3.674,0.000,1,1,0,0.000,1.819,4,0,1.000,2,189.402,3993.074,0.900,0.397,1.454,0.692,0.506,0.295,0.122,0.878,0.568,0.750
516,17.200,32.280,0.000,17.515,0.000,1,1,0,0.000,1.919,4,0,1.000,2,49.244,3840.708,0.900,0.405,1.252,0.772,0.329,1.741,0.112,0.888,0.655,0.580
519,17.300,0.000,0.000,0.000,0.000,0,0,0,0.000,0.000,4,0,1.000,0,49.244,3840.708,0.867,0.405,2.089,0.878,0.285,0.210,0.166,0.834,0.265,0.650
522,17.400,0.000,0.000,0.000,0.000,0,0,0,0.000,0.000,4,0,1.000,0,49.244,3840.708,0.833,0.405,1.677,0.859,0.324,0.812,0.163,0.837,0.252,0.580
525,17.500,2.236,0.000,-30.044,0.000,1,1,0,0.000,1.683,4,0,1.000,2,49.244,3840.708,0.833,0.398,1.149,0.727,0.201,1.848,0.087,0.913,0.480,0.650
528,17.600,13.892,0.000,11.656,0.000,1,1,0,0.000,1.508,4,0,1.000,2,57.489,3595.344,0.833,0.398,0.884,0.336,0.063,1.545,0.067,0.933,0.566,0.580
531,17.700,0.000,0.000,0.000,0.000,0,0,0,0.000,0.000,4,0,1.000,0,57.489,3595.344,0.800,0.398,1.570,0.849,0.103,1.609,0.122,0.878,0.246,0.650
534,17.800,0.000,276.284,0.000,-13.034,1,0,1,0.000,2.378,4,0,1.000,2,51.430,3368.174,0.800,0.407,0.976,0.634,0.101,0.975,0.109,0.891,0.716,0.650
537,17.900,5.099,0.000,-8.793,0.000,1,1,0,0.000,1.517,4,0,1.000,2,51.430,3368.174,0.800,0.414,1.001,0.629,0.071,2.458,0.097,0.903,0.495,0.580
540,18.000,7.211,0.000,2.112,0.000,1,1,0,0.000,1.570,4,0,1.000,2,52.498,3256.338,0.800,0.414,1.046,0.774,0.336,0.037,0.112,0.888,0.498,0.580
543,18.100,0.000,0.000,0.000,0.000,0,0,0,0.000,0.000,4,0,1.000,0,52.498,3256.338,0.767,0.414,1.487,0.861,0.599,3.088,0.120,0.880,0.239,0.650
546,18.200,55.073,0.000,47.862,0.000,1,1,0,0.000,1.855,4,0,1.000,2,31.000,2936.137,0.767,0.423,1.047,0.749,0.484,0.482,0.116,0.884,0.706,0.650
549,18.300,20.000,0.000,-35.073,0.000,1,1,0,0.000,1.911,4,0,1.000,2,23.770,2934.137,0.767,0.423,1.136,0.659,0.484,0.729,0.099,0.901,0.575,0.580
552,18.400,42.379,0.000,22.379,0.000,1,1,0,0.000,2.007,4,0,1.000,2,23.770,2934.137,0.767,0.423,1.885,0.777,0.688,0.017,0.124,0.876,0.710,0.350
555,18.500,0.000,0.000,0.000,0.000,0,0,0,0.000,0.000,4,0,1.000,0,23.770,2934.137,0.733,0.423,2.440,0.804,0.802,0.050,0.139,0.861,0.263,0.650
558,18.600,32.650,0.000,-9.730,0.000,1,1,0,0.000,1.935,4,0,1.000,1,23.770,2934.137,0.733,0.432,2.664,0.810,0.947,0.201,0.172,0.828,0.624,0.650
561,18.700,24.021,0.000,-8.629,0.000,1,1,0,0.000,1.994,4,0,1.000,1,23.770,2934.137,0.733,0.439,3.024,0.799,0.807,0.081,0.170,0.830,0.586,0.580
564,18.800,0.000,0.000,0.000,0.000,0,0,0,0.000,0.000,4,0,1.000,0,23.770,2934.137,0.700,0.439,3.004,0.844,0.392,0.424,0.183,0.817,0.270,0.650
567,18.900,398.328,0.000,374.307,0.000,1,1,0,0.000,2.177,4,0,1.000,3,49.649,4335.987,0.733,0.440,3.228,0.828,0.212,0.253,0.200,0.800,0.796,0.650
570,19.000,0.000,0.000,0.000,0.000,0,0,0,0.000,0.000,4,0,1.000,0,49.649,4335.987,0.733,0.440,3.318,0.725,0.025,0.471,0.210,0.790,0.290,0.650
573,19.100,184.068,0.000,-214.260,0.000,1,1,0,0.000,1.943,4,0,1.000,2,49.649,4335.987,0.767,0.442,3.597,0.807,0.442,0.329,0.219,0.781,0.765,0.650
576,19.200,0.000,0.000,0.000,0.000,0,0,0,0.000,0.000,3,1,0.966,0,49.649,4335.987,0.733,0.442,4.078,0.674,0.918,1.300,0.220,0.780,0.213,0.750
579,19.300,0.000,0.000,0.000,0.000,0,0,0,0.000,0.000,3,0,0.966,0,49.649,4335.987,0.700,0.442,6.944,0.709,1.297,0.505,0.232,0.768,0.278,0.580
582,19.400,144.309,0.000,-39.759,0.000,1,1,0,0.000,1.663,3,0,0.966,1,49.649,4335.987,0.700,0.446,7.010,0.786,2.234,0.070,0.235,0.765,0.714,0.700
585,19.500,33.601,0.000,-110.708,0.000,1,1,0,0.000,1.606,5,1,0.931,2,49.649,4335.987,0.700,0.446,8.205,0.815,3.556,0.216,0.239,0.761,0.786,0.750
588,19.600,15.811,0.000,-17.789,0.000,1,1,0,0.000,1.269,5,0,0.931,2,49.649,4335.987,0.700,0.446,7.321,0.680,4.906,0.278,0.230,0.770,0.679,0.700
591,19.700,6.403,0.000,-9.408,0.000,1,1,0,0.000,0.987,5,0,0.931,2,49.649,4335.987,0.700,0.446,7.974,0.758,5.855,0.237,0.235,0.765,0.638,0.700
594,19.800,4.123,0.000,-2.280,0.000,1,1,0,0.000,1.085,4,1,0.897,2,49.649,4335.987,0.700,0.446,8.254,0.731,6.806,0.103,0.239,0.761,0.646,0.750
597,19.900,3.000,0.000,-1.123,0.000,1,1,0,0.000,1.169,4,0,0.897,2,49.649,4335.987,0.700,0.446,8.906,0.734,9.189,0.104,0.246,0.754,0.639,0.700
600,20.000,17.464,0.000,14.464,0.000,1,1,0,0.000,1.278,4,0,0.897,2,49.649,4335.987,0.700,0.446,9.749,0.666,11.011,0.001,0.258,0.742,0.724,0.700
603,20.100,10.000,0.000,-7.464,0.000,1,1,0,0.000,1.212,4,0,0.897,2,49.649,4335.987,0.700,0.461,11.075,0.684,10.005,0.074,0.255,0.745,0.682,0.700
606,20.200,75.392,0.000,65.392,0.000,1,1,0,0.000,1.462,4,0,0.897,2,49.649,4335.987,0.700,0.461,14.235,0.639,9.034,0.140,0.266,0.734,0.879,0.700
609,20.300,67.067,0.000,-8.325,0.000,1,1,0,0.000,1.178,4,0,0.897,2,49.649,4335.987,0.733,0.461,14.057,0.769,8.389,0.070,0.277,0.723,0.874,0.700
612,20.400,15.133,0.000,-51.934,0.000,1,1,0,0.000,1.556,4,0,0.897,2,49.649,4335.987,0.767,0.461,14.659,0.685,8.399,0.080,0.276,0.724,0.718,0.700
615,20.500,0.000,0.000,0.000,0.000,0,0,0,0.000,0.000,4,0,0.897,0,49.649,4335.987,0.733,0.461,13.631,0.705,8.216,0.051,0.271,0.729,0.409,0.700
618,20.600,0.000,0.000,0.000,0.000,0,0,0,0.000,0.000,4,0,0.897,0,49.649,4335.987,0.700,0.461,10.997,0.721,8.224,0.178,0.264,0.736,0.404,0.700
621,20.700,0.000,0.000,0.000,0.000,0,0,0,0.000,0.000,4,0,0.897,0,49.649,4335.987,0.700,0.461,8.086,0.840,8.151,0.178,0.259,0.741,0.395,0.700
624,20.800,0.000,0.000,0.000,0.000,0,0,0,0.000,0.000,4,0,0.897,0,49.649,4335.987,0.667,0.461,6.995,0.778,7.411,0.303,0.256,0.744,0.370,0.700
627,20.900,0.000,0.000,0.000,0.000,0,0,0,0.000,0.000,4,0,0.897,0,49.649,4335.987,0.633,0.461,5.466,0.830,4.887,0.170,0.229,0.771,0.325,0.700
630,21.000,0.000,78.243,0.000,-198.041,1,0,1,0.000,2.472,4,0,0.897,3,203.246,4207.337,0.633,0.412,3.422,0.787,3.852,0.093,0.219,0.781,0.791,0.750
633,21.100,0.000,79.404,0.000,1.161,1,0,1,0.000,2.112,4,0,0.897,2,90.521,4627.564,0.667,0.412,4.926,0.785,2.888,0.995,0.180,0.820,0.788,0.700
636,21.200,0.000,59.615,0.000,-19.789,1,0,1,0.000,1.755,4,0,0.897,2,60.539,5387.278,0.667,0.412,7.697,0.719,2.488,2.951,0.241,0.759,0.862,0.700
639,21.300,0.000,39.000,0.000,-20.615,1,0,1,0.000,1.499,4,0,0.897,2,25.962,5968.245,0.667,0.412,11.738,0.808,2.203,0.232,0.229,0.771,0.830,0.700
642,21.400,0.000,23.259,0.000,-15.741,1,0,1,0.000,1.214,4,0,0.897,2,17.804,6632.760,0.667,0.419,12.909,0.842,2.085,0.103,0.237,0.763,0.740,0.700
645,21.500,583.008,0.000,567.875,0.000,1,1,0,0.000,1.846,4,0,0.897,2,28.160,6737.924,0.700,0.419,14.954,0.787,1.949,0.025,0.245,0.755,0.869,0.700
648,21.600,0.000,0.000,0.000,0.000,0,0,0,0.000,0.000,4,0,0.897,0,28.160,6737.924,0.667,0.419,16.842,0.787,1.811,0.142,0.250,0.750,0.395,0.700
651,21.700,0.000,0.000,0.000,0.000,0,0,0,0.000,0.000,4,0,0.897,0,28.160,6737.924,0.633,0.419,16.319,0.638,1.630,0.266,0.263,0.737,0.401,0.700
654,21.800,0.000,0.000,0.000,0.000,0,0,0,0.000,0.000,4,0,0.897,0,28.160,6737.924,0.633,0.419,17.346,0.828,1.185,0.087,0.251,0.749,0.388,0.580
657,21.900,0.000,0.000,0.000,0.000,0,0,0,0.000,0.000,3,1,0.862,0,28.160,6737.924,0.600,0.419,16.203,0.751,0.949,0.518,0.263,0.737,0.289,0.750
660,22.000,0.000,0.000,0.000,0.000,0,0,0,0.000,0.000,3,0,0.862,0,28.160,6737.924,0.600,0.419,11.572,0.689,0.721,0.601,0.253,0.747,0.294,0.580
663,22.100,0.000,0.000,0.000,0.000,0,0,0,0.000,0.000,3,0,0.897,0,28.160,6737.924,0.567,0.419,11.406,0.697,0.501,0.894,0.261,0.739,0.289,0.580
666,22.200,0.000,0.000,0.000,0.000,0,0,0,0.000,0.000,3,0,0.897,0,28.160,6737.924,0.567,0.419,12.367,0.757,0.406,0.755,0.267,0.733,0.285,0.580
669,22.300,0.000,0.000,0.000,0.000,0,0,0,0.000,0.000,3,0,0.897,0,28.160,6737.924,0.567,0.419,9.040,0.251,0.465,0.319,0.273,0.727,0.320,0.580
672,22.400,70.838,0.000,-512.170,0.000,1,1,0,0.000,1.651,3,0,0.931,1,28.160,6737.924,0.567,0.372,4.860,0.782,0.514,0.882,0.257,0.743,0.645,0.650
675,22.500,7.810,0.000,-63.028,0.000,1,1,0,0.000,1.489,3,0,0.931,1,28.160,6737.924,0.567,0.378,7.212,0.669,0.511,2.751,0.247,0.753,0.505,0.580
678,22.600,3.000,0.000,-4.810,0.000,1,1,0,0.000,1.212,3,0,0.931,1,28.160,6737.924,0.567,0.373,8.623,0.942,0.620,0.384,0.269,0.731,0.479,0.580
681,22.700,16.125,0.000,13.125,0.000,1,1,0,0.000,1.176,3,0,0.966,1,28.160,6737.924,0.567,0.378,8.866,0.943,0.709,0.783,0.247,0.753,0.552,0.580
684,22.800,18.439,0.000,2.315,0.000,1,1,0,0.000,0.924,3,0,0.966,1,28.160,6737.924,0.567,0.378,10.957,0.876,0.735,0.394,0.236,0.764,0.569,0.580
687,22.900,19.235,0.000,0.796,0.000,1,1,0,0.000,0.889,3,0,0.966,1,28.160,6737.924,0.567,0.383,12.443,0.956,0.648,0.007,0.239,0.761,0.568,0.580
690,23.000,0.000,113.159,0.000,89.900,1,0,1,0.000,1.373,3,0,0.966,1,28.160,6737.924,0.567,0.380,13.178,0.900,0.549,0.127,0.243,0.757,0.715,0.500
693,23.100,0.000,0.000,0.000,0.000,0,0,0,0.000,0.000,3,0,0.966,0,28.160,6737.924,0.533,0.380,11.536,0.889,0.396,0.219,0.229,0.771,0.272,0.650
696,23.200,0.000,0.000,0.000,0.000,0,0,0,0.000,0.000,3,0,0.966,0,28.160,6737.924,0.500,0.380,12.110,0.884,0.184,0.083,0.227,0.773,0.268,0.580
699,23.300,0.000,0.000,0.000,0.000,0,0,0,0.000,0.000,3,0,0.966,0,28.160,6737.924,0.467,0.380,13.111,0.941,0.079,0.013,0.226,0.774,0.260,0.580
702,23.400,0.000,0.000,0.000,0.000,0,0,0,0.000,0.000,3,0,0.966,0,28.160,6737.924,0.433,0.380,11.986,0.913,0.037,0.185,0.217,0.783,0.258,0.580
705,23.500,0.000,0.000,0.000,0.000,0,0,0,0.000,0.000,3,0,0.966,0,28.160,6737.924,0.433,0.380,11.089,0.906,0.120,0.138,0.196,0.804,0.259,0.580
708,23.600,0.000,0.000,0.000,0.000,0,0,0,0.000,0.000,3,0,0.966,0,28.160,6737.924,0.433,0.380,11.799,0.919,0.098,0.698,0.191,0.809,0.258,0.580
711,23.700,0.000,0.000,0.000,0.000,0,0,0,0.000,0.000,3,0,0.966,0,28.160,6737.924,0.433,0.380,9.704,0.929,0.098,0.029,0.206,0.794,0.257,0.580
714,23.800,0.000,0.000,0.000,0.000,0,0,0,0.000,0.000,3,0,0.966,0,28.160,6737.924,0.433,0.380,8.497,0.968,0.203,0.545,0.213,0.787,0.254,0.580
717,23.900,0.000,0.000,0.000,0.000,0,0,0,0.000,0.000,3,0,0.966,0,28.160,6737.924,0.433,0.380,7.467,0.930,0.247,0.434,0.204,0.796,0.244,0.580
720,24.000,0.000,0.000,0.000,0.000,0,0,0,0.000,0.000,3,0,0.966,0,28.160,6737.924,0.400,0.380,2.906,0.911,0.196,0.507,0.138,0.862,0.127,0.580
723,24.100,0.000,0.000,0.000,0.000,0,0,0,0.000,0.000,2,1,0.931,0,28.160,6737.924,0.367,0.380,3.205,0.895,0.346,0.891,0.143,0.857,0.131,0.750
726,24.200,0.000,0.000,0.000,0.000,0,0,0,0.000,0.000,3,1,0.897,0,28.160,6737.924,0.333,0.380,2.400,0.828,0.537,0.922,0.116,0.884,0.112,0.750
729,24.300,0.000,0.000,0.000,0.000,0,0,0,0.000,0.000,3,0,0.897,0,28.160,6737.924,0.300,0.380,6.323,0.356,0.687,2.140,0.180,0.820,0.239,0.580
732,24.400,0.000,0.000,0.000,0.000,0,0,0,0.000,0.000,3,0,0.897,0,28.160,6737.924,0.267,0.380,9.842,0.627,0.755,0.697,0.182,0.818,0.258,0.580
735,24.500,0.000,0.000,0.000,0.000,0,0,0,0.000,0.000,3,0,0.897,0,28.160,6737.924,0.233,0.380,12.606,0.732,0.795,0.033,0.173,0.827,0.247,0.580
738,24.600,0.000,0.000,0.000,0.000,0,0,0,0.000,0.000,4,1,0.862,0,28.160,6737.924,0.233,0.380,13.932,0.732,0.789,0.129,0.187,0.813,0.347,0.750
741,24.700,0.000,80.498,0.000,-32.661,1,0,1,0.000,1.304,4,0,0.862,1,28.160,6737.924,0.267,0.317,14.552,0.805,0.696,0.108,0.195,0.805,0.771,0.650
744,24.800,151.013,0.000,131.778,0.000,1,1,0,0.000,0.725,4,0,0.897,2,28.160,6737.924,0.300,0.317,13.641,0.564,0.610,0.516,0.193,0.807,0.837,0.500
747,24.900,548.471,101.415,397.457,20.917,2,1,1,533.971,0.997,3,1,0.862,4,28.160,6737.924,0.333,0.310,15.901,0.645,0.584,0.292,0.190,0.810,0.875,0.750
750,25.000,37.483,24.187,-510.987,-77.228,2,1,1,526.829,1.004,3,0,0.862,4,28.160,6737.924,0.367,0.306,17.960,0.779,0.445,0.106,0.211,0.789,0.828,0.580
753,25.100,15.033,15.811,-22.450,-8.375,2,1,1,521.771,0.996,3,0,0.862,4,28.160,6737.924,0.400,0.293,16.367,0.924,0.233,0.134,0.236,0.764,0.701,0.580
756,25.200,14.318,19.416,-0.715,3.605,2,1,1,518.240,0.980,3,0,0.862,4,28.160,6737.924,0.433,0.281,14.805,0.936,0.112,0.138,0.253,0.747,0.724,0.580
759,25.300,6.403,15.033,-7.915,-4.383,2,1,1,517.241,0.916,3,0,0.862,4,28.160,6737.924,0.467,0.277,11.162,0.954,0.114,0.107,0.265,0.735,0.703,0.580
762,25.400,5.000,13.000,-1.403,-2.033,2,1,1,513.157,0.833,3,0,0.862,4,28.160,6737.924,0.467,0.273,9.531,0.899,0.206,0.054,0.272,0.728,0.695,0.580
765,25.500,43.012,17.000,38.012,4.000,2,1,1,483.885,0.936,3,0,0.862,4,28.160,6737.924,0.467,0.269,9.291,0.910,0.225,0.159,0.283,0.717,0.861,0.450
768,25.600,0.000,469.465,0.000,443.503,2,0,1,469.465,0.712,3,0,0.862,4,0.000,8918.919,0.467,0.265,9.405,0.879,0.439,0.124,0.293,0.707,0.874,0.500
771,25.700,0.000,472.975,0.000,3.510,1,0,1,0.000,0.941,3,0,0.862,2,0.000,8918.919,0.467,0.265,10.902,0.887,0.612,0.351,0.289,0.711,0.764,0.650
774,25.800,0.000,8.062,0.000,-464.912,1,0,1,0.000,1.025,4,1,0.828,3,0.000,8918.919,0.467,0.250,7.932,0.803,0.798,0.023,0.273,0.727,0.678,0.750
777,25.900,0.000,4.000,0.000,-4.062,1,0,1,0.000,1.272,4,0,0.828,3,0.000,8918.919,0.467,0.250,6.534,0.832,0.898,0.091,0.268,0.732,0.618,0.580
780,26.000,0.000,15.133,0.000,11.133,1,0,1,0.000,1.418,4,0,0.828,3,0.000,8918.919,0.467,0.250,7.204,0.912,0.909,0.112,0.290,0.710,0.691,0.580
783,26.100,0.000,12.166,0.000,-2.967,1,0,1,0.000,1.610,3,1,0.793,2,0.000,8918.919,0.500,0.250,5.762,0.806,0.829,0.344,0.297,0.703,0.535,0.750
786,26.200,0.000,12.166,0.000,0.000,1,0,1,0.000,1.475,3,0,0.793,2,0.000,8918.919,0.533,0.250,3.943,0.233,0.605,0.802,0.258,0.742,0.534,0.580
789,26.300,151.093,12.369,108.081,0.204,2,1,1,386.804,1.458,3,0,0.793,4,0.000,9636.524,0.567,0.226,4.423,0.458,0.356,1.801,0.265,0.735,0.827,0.650
792,26.400,3.000,15.033,-148.093,2.664,2,1,1,395.335,1.170,3,0,0.793,4,0.000,10103.458,0.600,0.212,4.651,0.674,0.188,0.104,0.257,0.743,0.655,0.580
795,26.500,5.385,13.153,2.385,-1.880,2,1,1,401.920,0.847,3,0,0.793,4,4.472,10199.030,0.633,0.389,3.435,0.861,0.063,0.938,0.258,0.742,0.605,0.580
798,26.600,5.099,9.055,-0.286,-4.098,2,1,1,408.534,0.858,3,0,0.793,4,0.000,10013.490,0.667,0.389,4.004,0.918,0.359,0.168,0.270,0.730,0.596,0.580
801,26.700,4.000,3.606,-1.099,-5.450,2,1,1,405.010,0.995,3,0,0.793,4,41.000,9558.738,0.700,0.389,3.881,0.930,0.568,0.191,0.264,0.736,0.568,0.580
804,26.800,1.000,6.325,-3.000,2.719,2,1,1,405.011,0.937,3,0,0.793,4,0.000,9754.149,0.733,0.389,4.830,0.968,0.765,0.037,0.271,0.729,0.606,0.580
807,26.900,11.402,10.050,10.402,3.725,2,1,1,402.782,0.886,3,0,0.793,4,0.000,9327.277,0.767,0.389,5.264,0.977,0.889,0.151,0.271,0.729,0.649,0.580
810,27.000,11.402,6.083,0.000,-3.967,2,1,1,396.093,0.620,3,0,0.828,4,0.000,6389.954,0.800,0.389,4.674,0.976,0.986,0.285,0.270,0.730,0.638,0.580
813,27.100,2.236,4.472,-9.166,-1.611,2,1,1,401.155,0.977,3,0,0.862,4,0.000,2336.195,0.833,0.389,3.884,0.954,1.248,0.298,0.239,0.761,0.585,0.580
816,27.200,6.083,5.000,3.847,0.528,2,1,1,401.693,1.007,3,0,0.862,4,38.118,211.760,0.867,0.389,4.190,0.952,1.605,0.149,0.247,0.753,0.606,0.700
819,27.300,12.728,7.616,6.645,2.616,2,1,1,412.059,1.037,3,0,0.862,4,0.000,129.535,0.900,0.389,4.857,0.974,2.374,0.003,0.263,0.737,0.662,0.700
822,27.400,0.000,4.123,0.000,-3.493,1,0,1,0.000,0.418,3,0,0.862,2,0.000,129.535,0.933,0.389,4.734,0.966,2.632,0.396,0.253,0.747,0.506,0.700
825,27.500,0.000,2.828,0.000,-1.295,1,0,1,0.000,0.377,3,0,0.897,2,0.000,129.535,0.967,0.389,2.859,0.916,2.357,0.407,0.209,0.791,0.459,0.700
828,27.600,0.000,5.385,0.000,2.557,1,0,1,0.000,0.440,3,0,0.897,1,0.000,129.535,1.000,0.399,1.330,0.792,2.176,0.287,0.151,0.849,0.388,0.700
831,27.700,0.000,4.000,0.000,-1.385,1,0,1,0.000,0.631,3,0,0.897,2,0.000,129.535,1.000,0.399,2.593,0.910,1.951,0.261,0.209,0.791,0.463,0.700
834,27.800,0.000,3.162,0.000,-0.838,1,0,1,0.000,0.663,3,0,0.931,1,0.000,129.535,1.000,0.408,1.476,0.859,1.645,0.581,0.146,0.854,0.374,0.700
837,27.900,0.000,3.162,0.000,0.000,1,0,1,0.000,0.706,3,0,0.931,1,0.000,129.535,1.000,0.408,1.721,0.868,1.471,0.649,0.170,0.830,0.380,0.700
840,28.000,0.000,2.236,0.000,-0.926,1,0,1,0.000,0.827,3,0,0.931,1,0.000,129.535,1.000,0.417,1.713,0.897,1.374,0.172,0.167,0.833,0.372,0.580
843,28.100,0.000,2.236,0.000,0.000,1,0,1,0.000,0.776,3,0,0.931,2,0.000,129.535,1.000,0.417,2.438,0.938,1.313,0.680,0.180,0.820,0.448,0.580
846,28.200,0.000,6.000,0.000,3.764,1,0,1,0.000,0.895,3,0,0.931,2,0.000,129.535,1.000,0.417,2.253,0.900,1.308,0.080,0.184,0.816,0.467,0.580
849,28.300,7.810,1.414,-4.918,-4.586,2,1,1,424.125,1.199,3,0,0.931,3,128.472,471.894,1.000,0.417,1.962,0.874,1.342,0.544,0.178,0.822,0.581,0.714
852,28.400,63.632,3.162,55.822,1.748,2,1,1,435.992,1.180,3,0,0.931,4,0.000,473.509,1.000,0.417,3.045,0.958,1.376,0.548,0.209,0.791,0.809,0.450
855,28.500,3.162,2.828,-60.469,-0.334,2,1,1,436.689,1.351,3,0,0.931,3,14.036,479.138,1.000,0.417,1.501,0.588,1.401,0.124,0.125,0.875,0.564,0.700
858,28.600,11.045,7.071,7.883,4.243,2,1,1,437.393,1.462,3,0,0.931,4,0.000,480.029,1.000,0.417,3.206,0.716,1.452,2.197,0.174,0.826,0.641,0.700
861,28.700,16.492,3.162,5.447,-3.909,2,1,1,424.096,1.651,3,0,0.966,4,0.000,485.380,1.000,0.417,1.847,0.821,1.426,1.803,0.169,0.831,0.630,0.700
864,28.800,3.000,9.055,-13.492,5.893,2,1,1,430.706,1.645,3,0,0.966,4,0.000,503.264,1.000,0.417,2.641,0.833,1.924,0.781,0.170,0.830,0.608,0.700
867,28.900,9.000,9.000,6.000,-0.055,2,1,1,442.152,1.331,3,0,0.966,4,0.000,503.989,1.000,0.417,2.972,0.899,2.384,0.515,0.191,0.809,0.611,0.700
870,29.000,4.472,3.606,-4.528,-5.394,2,1,1,443.708,1.336,3,0,1.000,3,1.000,491.887,1.000,0.426,2.023,0.381,2.690,0.823,0.164,0.836,0.599,0.700
873,29.100,2.236,7.211,-2.236,3.606,2,1,1,450.309,1.435,3,0,1.000,4,0.000,456.577,1.000,0.426,2.940,0.614,3.085,0.968,0.190,0.810,0.621,0.700
876,29.200,20.248,11.045,18.012,3.834,2,1,1,480.035,1.439,3,0,1.000,4,0.000,390.879,1.000,0.426,3.457,0.526,1.880,1.437,0.184,0.816,0.712,0.700
879,29.300,31.064,13.342,10.816,2.296,2,1,1,515.947,1.202,3,0,1.000,4,0.000,339.979,1.000,0.426,5.679,0.290,1.606,0.979,0.213,0.787,0.844,0.700
882,29.400,44.598,21.471,13.534,8.129,2,1,1,541.325,1.234,3,0,1.000,4,0.000,168.385,1.000,0.426,6.338,0.576,0.976,0.194,0.223,0.777,0.916,0.350
885,29.500,59.397,44.553,14.799,23.082,2,1,1,586.919,1.060,3,0,1.000,4,0.000,602.225,1.000,0.417,8.778,0.700,0.515,0.679,0.232,0.768,0.951,0.350
888,29.600,74.330,49.041,14.933,4.487,2,1,1,634.415,0.942,3,0,1.000,4,0.000,602.225,1.000,0.399,14.041,0.851,0.046,0.026,0.217,0.783,0.940,0.350
891,29.700,56.886,43.738,-17.444,-5.303,2,1,1,621.969,0.995,3,0,1.000,4,0.000,602.225,1.000,0.379,15.946,0.910,0.601,0.148,0.228,0.772,0.936,0.350
894,29.800,37.537,34.409,-19.349,-9.329,2,1,1,576.238,0.731,3,0,1.000,4,0.000,602.225,1.000,0.369,14.941,0.685,1.335,0.081,0.238,0.762,0.911,0.000
897,29.900,43.863,6.083,6.327,-28.327,2,1,1,527.231,0.674,3,0,1.000,4,0.000,602.225,1.000,0.369,15.503,0.867,2.155,0.154,0.234,0.766,0.933,0.700
900,30.000,0.000,490.168,0.000,462.008,2,0,1,490.168,1.309,3,0,1.000,4,0.000,602.225,1.000,0.369,19.837,0.882,3.206,0.201,0.235,0.765,0.938,0.700
903,30.100,106.930,525.925,63.066,35.757,2,1,1,483.498,1.472,3,0,1.000,3,82.329,1054.134,1.000,0.369,20.694,0.953,4.581,0.027,0.261,0.739,0.933,0.700
906,30.200,0.000,484.679,0.000,458.660,2,0,1,484.679,1.765,3,0,1.000,3,16.279,1778.388,1.000,0.369,15.342,0.970,5.798,0.121,0.255,0.745,0.932,0.700
909,30.300,43.000,494.349,-63.930,9.670,2,1,1,477.528,2.089,3,0,1.000,3,22.561,2173.944,1.000,0.369,11.918,0.986,7.135,0.046,0.264,0.736,0.931,0.700
912,30.400,9.487,14.866,-33.513,-479.483,2,1,1,476.993,2.169,3,0,1.000,3,0.000,2394.904,1.000,0.379,5.646,0.970,9.718,0.149,0.251,0.749,0.706,0.700
915,30.500,2.000,7.616,-7.487,-7.250,2,1,1,476.873,2.083,3,0,1.000,3,24.187,2293.888,1.000,0.379,3.140,0.853,14.184,0.324,0.223,0.777,0.611,0.700
918,30.600,2.236,4.243,0.236,-3.373,2,1,1,473.402,1.873,3,0,1.000,3,0.000,2013.634,1.000,0.379,2.506,0.825,14.927,1.712,0.272,0.728,0.578,0.700
921,30.700,3.162,9.487,0.926,5.244,2,1,1,468.974,1.656,3,0,1.000,3,0.000,1546.949,1.000,0.379,4.655,0.956,15.174,0.563,0.248,0.752,0.652,0.700
924,30.800,6.083,7.280,2.920,-2.207,2,1,1,469.004,1.270,3,0,1.000,3,0.000,1020.169,1.000,0.379,4.655,0.960,13.597,1.002,0.245,0.755,0.640,0.700
927,30.900,2.236,3.000,-3.847,-4.280,2,1,1,467.732,1.260,3,0,1.000,3,27.074,588.469,1.000,0.389,3.767,0.949,8.237,1.003,0.219,0.781,0.594,0.700
930,31.000,23.324,27.313,21.088,24.313,2,1,1,510.769,1.248,3,0,1.000,3,0.000,239.660,1.000,0.389,3.747,0.835,5.856,0.977,0.243,0.757,0.737,0.700
933,31.100,58.310,34.409,34.986,7.096,2,1,1,589.997,0.882,3,0,1.000,3,33.015,86.495,1.000,0.389,5.483,0.893,3.628,0.418,0.262,0.738,0.875,0.700
936,31.200,0.000,0.000,0.000,0.000,0,0,0,0.000,0.000,3,0,1.000,0,33.015,86.495,0.967,0.389,13.399,0.068,1.741,1.456,0.376,0.624,0.381,0.700
939,31.300,0.000,756.762,0.000,722.352,1,0,1,0.000,1.031,3,0,1.000,2,33.015,86.495,0.967,0.391,2.407,0.499,1.059,0.092,0.130,0.870,0.711,0.650
942,31.400,161.310,0.000,103.001,0.000,1,1,0,0.000,0.757,3,0,1.000,2,33.015,86.495,0.967,0.391,2.014,0.446,0.592,0.005,0.121,0.879,0.705,0.500
945,31.500,0.000,0.000,0.000,0.000,0,0,0,0.000,0.000,3,0,1.000,0,33.015,86.495,0.933,0.391,1.737,0.492,0.217,0.034,0.130,0.870,0.191,0.650
948,31.600,41.110,0.000,-120.201,0.000,1,1,0,0.000,0.537,3,0,1.000,2,33.015,86.495,0.933,0.395,3.456,0.408,0.210,0.405,0.134,0.866,0.718,0.650
951,31.700,16.553,0.000,-24.557,0.000,1,1,0,0.000,0.612,3,0,1.000,2,33.015,86.495,0.933,0.395,4.530,0.302,0.537,0.458,0.165,0.835,0.616,0.580
954,31.800,0.000,17.464,0.000,-739.297,1,0,1,0.000,1.350,4,1,0.966,3,33.015,86.495,0.933,0.395,6.200,0.304,0.797,0.008,0.201,0.799,0.778,0.750
957,31.900,0.000,15.000,0.000,-2.464,1,0,1,0.000,1.230,4,0,0.966,3,33.015,86.495,0.933,0.404,4.854,0.394,0.996,0.069,0.161,0.839,0.724,0.580
960,32.000,0.000,0.000,0.000,0.000,0,0,0,0.000,0.000,4,0,0.966,0,33.015,86.495,0.900,0.404,3.635,0.665,1.066,0.399,0.157,0.843,0.322,0.650
963,32.100,0.000,0.000,0.000,0.000,0,0,0,0.000,0.000,3,1,0.931,0,33.015,86.495,0.867,0.404,2.147,0.713,1.091,0.898,0.120,0.880,0.178,0.750
966,32.200,0.000,0.000,0.000,0.000,0,0,0,0.000,0.000,3,0,0.931,0,33.015,86.495,0.833,0.404,1.712,0.688,1.083,0.201,0.124,0.876,0.165,0.580
969,32.300,0.000,0.000,0.000,0.000,0,0,0,0.000,0.000,3,0,0.931,0,33.015,86.495,0.800,0.404,1.634,0.111,1.147,1.052,0.099,0.901,0.199,0.580
972,32.400,0.000,0.000,0.000,0.000,0,0,0,0.000,0.000,3,0,0.931,0,33.015,86.495,0.767,0.404,2.410,0.670,1.157,1.099,0.108,0.892,0.175,0.580
975,32.500,0.000,0.000,0.000,0.000,0,0,0,0.000,0.000,3,0,0.931,0,33.015,86.495,0.733,0.404,2.579,0.752,1.112,0.716,0.121,0.879,0.170,0.580
978,32.600,0.000,0.000,0.000,0.000,0,0,0,0.000,0.000,3,0,0.931,0,33.015,86.495,0.700,0.404,1.960,0.712,1.031,1.152,0.107,0.893,0.153,0.580
981,32.700,0.000,0.000,0.000,0.000,0,0,0,0.000,0.000,3,0,0.931,0,33.015,86.495,0.667,0.404,2.750,0.766,0.973,0.306,0.120,0.880,0.165,0.580
984,32.800,0.000,0.000,0.000,0.000,0,0,0,0.000,0.000,3,0,0.931,0,33.015,86.495,0.633,0.404,1.872,0.844,1.080,0.648,0.110,0.890,0.134,0.580
987,32.900,0.000,0.000,0.000,0.000,0,0,0,0.000,0.000,3,0,0.931,0,33.015,86.495,0.600,0.404,4.100,0.604,0.940,1.548,0.129,0.871,0.202,0.580
990,33.000,0.000,0.000,0.000,0.000,0,0,0,0.000,0.000,3,0,0.931,0,33.015,86.495,0.567,0.404,7.191,0.532,0.782,0.203,0.131,0.869,0.281,0.580
993,33.100,0.000,0.000,0.000,0.000,0,0,0,0.000,0.000,3,0,0.931,0,33.015,86.495,0.533,0.404,4.460,0.367,0.599,0.360,0.110,0.890,0.220,0.580
996,33.200,0.000,0.000,0.000,0.000,0,0,0,0.000,0.000,3,0,0.931,0,33.015,86.495,0.500,0.404,3.104,0.423,0.507,0.344,0.096,0.904,0.178,0.580
999,33.300,0.000,0.000,0.000,0.000,0,0,0,0.000,0.000,3,0,0.931,0,33.015,86.495,0.467,0.404,2.267,0.658,0.457,0.315,0.079,0.921,0.137,0.580
1002,33.400,0.000,0.000,0.000,0.000,0,0,0,0.000,0.000,3,0,0.931,0,33.015,86.495,0.433,0.404,1.906,0.855,0.507,0.132,0.072,0.928,0.110,0.580
1005,33.500,0.000,0.000,0.000,0.000,0,0,0,0.000,0.000,3,0,0.931,0,33.015,86.495,0.400,0.404,0.823,0.630,0.563,1.028,0.059,0.941,0.095,0.580
1008,33.600,0.000,0.000,0.000,0.000,0,0,0,0.000,0.000,2,1,0.897,0,33.015,86.495,0.367,0.404,0.501,0.571,0.648,2.027,0.043,0.957,0.087,0.750
1011,33.700,0.000,0.000,0.000,0.000,0,0,0,0.000,0.000,2,0,0.897,0,33.015,86.495,0.333,0.404,0.541,0.624,0.675,2.089,0.051,0.949,0.080,0.580
1014,33.800,0.000,0.000,0.000,0.000,0,0,0,0.000,0.000,2,0,0.897,0,33.015,86.495,0.300,0.404,0.343,0.772,0.613,0.262,0.033,0.967,0.061,0.580
1017,33.900,0.000,0.000,0.000,0.000,0,0,0,0.000,0.000,2,0,0.897,0,33.015,86.495,0.267,0.404,0.329,0.878,0.557,1.580,0.034,0.966,0.049,0.580
1020,34.000,0.000,0.000,0.000,0.000,0,0,0,0.000,0.000,3,1,0.862,0,33.015,86.495,0.233,0.404,0.389,0.386,0.568,0.670,0.035,0.965,0.081,0.750
1023,34.100,0.000,0.000,0.000,0.000,0,0,0,0.000,0.000,3,0,0.862,0,33.015,86.495,0.200,0.404,4.495,0.488,0.588,2.687,0.094,0.906,0.172,0.580
1026,34.200,0.000,0.000,0.000,0.000,0,0,0,0.000,0.000,3,0,0.862,0,33.015,86.495,0.200,0.404,4.948,0.316,0.449,0.153,0.135,0.865,0.196,0.580
1029,34.300,0.000,0.000,0.000,0.000,0,0,0,0.000,0.000,3,0,0.862,0,33.015,86.495,0.167,0.404,7.627,0.449,0.346,0.017,0.139,0.861,0.249,0.580
1032,34.400,0.000,0.000,0.000,0.000,0,0,0,0.000,0.000,3,0,0.862,0,33.015,86.495,0.133,0.404,5.299,0.192,0.023,0.088,0.159,0.841,0.205,0.580
1035,34.500,0.000,0.000,0.000,0.000,0,0,0,0.000,0.000,3,0,0.862,0,33.015,86.495,0.133,0.404,3.831,0.325,0.068,0.031,0.128,0.872,0.159,0.580
1038,34.600,0.000,689.775,0.000,674.775,1,0,1,0.000,1.147,3,0,0.862,2,120.669,346.494,0.133,0.189,3.097,0.560,0.414,0.172,0.154,0.846,0.624,0.670
1041,34.700,0.000,33.956,0.000,-655.819,1,0,1,0.000,1.478,3,0,0.897,2,61.205,956.694,0.133,0.193,2.468,0.490,0.504,1.589,0.150,0.850,0.552,0.550
1044,34.800,0.000,28.601,0.000,-5.355,1,0,1,0.000,1.530,4,1,0.862,3,87.144,1023.858,0.133,0.193,2.517,0.732,0.479,0.568,0.153,0.847,0.622,0.750
1047,34.900,0.000,35.847,0.000,7.246,1,0,1,0.000,1.203,4,0,0.862,3,36.346,1228.109,0.133,0.193,2.270,0.655,0.343,0.220,0.133,0.867,0.661,0.350
1050,35.000,0.000,16.763,0.000,-19.084,1,0,1,0.000,1.206,4,0,0.897,3,107.005,1969.894,0.167,0.193,1.504,0.601,0.200,0.790,0.096,0.904,0.544,0.594
1053,35.100,0.000,5.831,0.000,-10.932,1,0,1,0.000,1.028,4,0,0.897,3,158.221,2009.649,0.200,0.193,1.472,0.633,0.034,0.166,0.100,0.900,0.484,0.750
1056,35.200,0.000,5.000,0.000,-0.831,1,0,1,0.000,0.703,4,0,0.897,3,0.000,1972.398,0.233,0.193,1.451,0.400,0.078,0.229,0.089,0.911,0.499,0.580
1059,35.300,0.000,3.000,0.000,-2.000,1,0,1,0.000,0.755,4,0,0.897,3,131.518,2386.594,0.267,0.193,0.974,0.195,0.158,0.814,0.091,0.909,0.494,0.731
1062,35.400,0.000,5.385,0.000,2.385,1,0,1,0.000,0.944,4,0,0.897,3,5.000,2322.754,0.300,0.193,0.815,0.187,0.225,1.429,0.068,0.932,0.508,0.580
1065,35.500,0.000,2.000,0.000,-3.385,1,0,1,0.000,0.654,4,0,0.897,3,110.073,2477.494,0.333,0.193,0.888,0.219,0.310,0.691,0.082,0.918,0.493,0.612
1068,35.600,0.000,4.000,0.000,2.000,1,0,1,0.000,0.567,4,0,0.897,3,100.688,2401.194,0.367,0.193,1.129,0.505,0.395,0.084,0.078,0.922,0.494,0.580
1071,35.700,0.000,1.000,0.000,-3.000,1,0,1,0.000,0.554,4,0,0.897,3,7.280,2312.438,0.400,0.193,1.087,0.358,0.177,1.299,0.094,0.906,0.491,0.580
1074,35.800,0.000,0.000,0.000,-1.000,1,0,1,0.000,0.601,4,0,0.897,3,107.056,2146.737,0.433,0.193,1.229,0.461,0.027,0.106,0.098,0.902,0.485,0.595
1077,35.900,0.000,4.000,0.000,4.000,1,0,1,0.000,0.560,4,0,0.897,3,63.388,1628.517,0.467,0.193,0.878,0.402,0.358,0.321,0.087,0.913,0.507,0.580
1080,36.000,0.000,3.162,0.000,-0.838,1,0,1,0.000,0.550,4,0,0.897,3,112.000,1687.710,0.500,0.193,0.825,0.554,0.501,0.433,0.085,0.915,0.494,0.622
1083,36.100,0.000,7.280,0.000,4.118,1,0,1,0.000,0.542,4,0,0.897,3,87.207,1700.037,0.533,0.190,1.346,0.672,0.547,0.386,0.062,0.938,0.526,0.580
1086,36.200,0.000,2.236,0.000,-5.044,1,0,1,0.000,0.355,4,0,0.897,3,15.652,1490.038,0.567,0.190,1.517,0.218,0.571,0.245,0.126,0.874,0.538,0.580
1089,36.300,0.000,24.042,0.000,21.806,1,0,1,0.000,0.526,3,1,0.862,2,92.005,1400.048,0.600,0.187,1.156,0.658,0.581,0.335,0.076,0.924,0.508,0.750
1092,36.400,0.000,88.566,0.000,64.525,1,0,1,0.000,0.926,3,0,0.862,2,92.005,1400.048,0.633,0.187,11.159,0.170,0.631,1.283,0.391,0.609,0.834,0.641
1095,36.500,362.581,5.385,346.028,-83.181,2,1,1,313.078,1.177,3,0,0.897,3,310.871,2486.375,0.667,0.187,2.358,0.906,0.371,0.477,0.174,0.826,0.756,0.750
1098,36.600,13.153,5.000,-349.428,-0.385,2,1,1,329.257,1.047,3,0,0.897,3,172.122,3058.199,0.700,0.187,1.635,0.861,0.371,0.353,0.126,0.874,0.568,0.750
1101,36.700,5.000,3.162,-8.153,-1.838,2,1,1,328.123,1.186,3,0,0.897,4,21.000,3432.238,0.733,0.417,2.314,0.935,0.406,0.333,0.152,0.848,0.538,0.580
1104,36.800,5.099,7.000,0.099,3.838,2,1,1,330.097,1.116,3,0,0.897,4,46.530,3630.629,0.767,0.408,3.039,0.967,0.418,0.205,0.170,0.830,0.569,0.580
1107,36.900,4.472,7.211,-0.627,0.211,2,1,1,334.096,1.210,3,0,0.931,4,24.021,3677.204,0.800,0.408,2.910,0.974,0.379,0.200,0.181,0.819,0.571,0.580
1110,37.000,4.472,7.280,0.000,0.069,2,1,1,339.006,1.170,3,0,0.931,4,47.096,3725.007,0.833,0.408,3.059,0.974,0.331,0.170,0.189,0.811,0.579,0.580
1113,37.100,2.236,5.000,-2.236,-2.280,2,1,1,340.037,1.233,3,0,0.931,2,4.472,3801.968,0.867,0.408,1.907,0.958,0.280,0.128,0.157,0.843,0.482,0.580
1116,37.200,5.099,3.606,2.863,-1.394,2,1,1,338.006,1.134,4,1,0.897,3,175.570,4021.484,0.900,0.408,1.650,0.973,0.135,0.274,0.146,0.854,0.594,0.750
1119,37.300,4.472,6.708,-0.627,3.103,2,1,1,340.013,0.969,4,0,0.897,4,60.033,3879.460,0.933,0.408,1.840,0.972,0.020,0.301,0.142,0.858,0.657,0.580
1122,37.400,3.606,2.000,-0.867,-4.708,2,1,1,339.001,0.908,3,1,0.862,2,5.385,3867.869,0.967,0.408,0.960,0.913,0.410,0.084,0.092,0.908,0.566,0.750
1125,37.500,3.606,2.236,0.000,0.236,2,1,1,334.024,1.086,3,1,0.828,4,73.062,2193.529,1.000,0.408,0.769,0.475,0.907,0.428,0.090,0.910,0.556,0.750
1128,37.600,2.000,3.162,-1.606,0.926,2,1,1,333.038,1.144,3,0,0.828,4,174.977,2332.874,1.000,0.399,1.128,0.969,1.419,0.873,0.141,0.859,0.528,0.750
1131,37.700,16.553,7.211,14.553,4.049,2,1,1,354.006,1.234,3,0,0.862,4,86.816,2400.508,1.000,0.399,2.439,0.884,1.960,0.664,0.186,0.814,0.641,0.700
1134,37.800,0.000,414.043,0.000,388.548,2,0,1,414.043,1.328,3,0,0.862,4,0.000,2424.419,1.000,0.399,5.925,0.837,2.525,0.187,0.241,0.759,0.890,0.700
1137,37.900,89.051,451.028,72.498,36.984,2,1,1,487.748,1.528,3,0,0.862,3,52.393,2468.944,1.000,0.399,2.827,0.845,4.439,1.070,0.194,0.806,0.812,0.700
1140,38.000,0.000,25.298,0.000,-425.729,1,0,1,0.000,1.631,3,0,0.862,1,52.393,2468.944,1.000,0.399,2.871,0.586,0.195,0.164,0.117,0.883,0.551,0.650
1143,38.100,47.760,29.833,-41.291,4.535,2,1,1,415.019,1.620,3,0,0.862,3,34.000,2458.459,1.000,0.399,3.329,0.827,0.186,0.987,0.178,0.822,0.825,0.650
1146,38.200,396.853,426.986,349.093,397.153,2,1,1,410.183,1.403,3,0,0.862,3,35.693,2461.054,1.000,0.399,3.235,0.930,0.227,0.821,0.192,0.808,0.816,0.450
1149,38.300,10.000,0.000,-386.853,0.000,1,1,0,0.000,1.225,3,0,0.862,1,35.693,2461.054,1.000,0.399,1.947,0.904,0.228,0.142,0.164,0.836,0.421,0.650
1152,38.400,9.220,0.000,-0.780,0.000,1,1,0,0.000,1.397,3,0,0.862,1,355.844,5043.309,1.000,0.408,1.716,0.845,0.144,0.612,0.154,0.846,0.415,0.750
1155,38.500,25.080,0.000,15.860,0.000,1,1,0,0.000,1.329,3,0,0.862,1,355.844,5043.309,1.000,0.417,2.154,0.816,0.057,0.044,0.172,0.828,0.516,0.750
1158,38.600,12.728,0.000,-12.352,0.000,1,1,0,0.000,1.167,3,0,0.862,1,355.844,5043.309,1.000,0.417,2.422,0.776,0.026,0.066,0.175,0.825,0.457,0.750
1161,38.700,0.000,408.708,0.000,-18.278,1,0,1,0.000,1.682,4,1,0.828,1,355.844,5043.309,1.000,0.426,2.390,0.550,0.033,2.456,0.170,0.830,0.736,0.750
1164,38.800,0.000,23.195,0.000,-385.513,1,0,1,0.000,1.560,4,0,0.828,1,355.844,5043.309,1.000,0.435,3.716,0.369,0.028,0.247,0.167,0.833,0.661,0.750
1167,38.900,0.000,29.206,0.000,6.011,1,0,1,0.000,1.609,4,0,0.828,1,355.844,5043.309,1.000,0.435,4.216,0.512,0.006,0.081,0.199,0.801,0.697,0.750
1170,39.000,109.877,0.000,97.149,0.000,1,1,0,0.000,1.213,4,1,0.793,1,355.844,5043.309,1.000,0.444,4.905,0.448,0.094,0.368,0.198,0.802,0.806,0.750
1173,39.100,22.472,0.000,-87.405,0.000,1,1,0,0.000,1.351,4,0,0.793,1,355.844,5043.309,1.000,0.453,5.367,0.051,0.210,0.073,0.176,0.824,0.720,0.750
1176,39.200,0.000,0.000,0.000,0.000,0,0,0,0.000,0.000,4,0,0.828,0,355.844,5043.309,0.967,0.453,2.775,0.113,0.332,0.780,0.173,0.827,0.347,0.750
1179,39.300,0.000,522.346,0.000,493.140,1,0,1,0.000,1.561,3,1,0.793,1,436.177,4981.769,0.967,0.454,2.144,0.332,0.317,0.928,0.152,0.848,0.656,0.750
1182,39.400,579.711,0.000,557.239,0.000,1,1,0,0.000,1.412,3,0,0.793,2,56.303,5442.340,0.967,0.454,2.915,0.045,0.077,1.023,0.178,0.822,0.756,0.500
1185,39.500,0.000,0.000,0.000,0.000,0,0,0,0.000,0.000,3,0,0.793,0,56.303,5442.340,0.933,0.454,3.057,0.357,0.629,2.765,0.168,0.832,0.233,0.650
1188,39.600,0.000,0.000,0.000,0.000,0,0,0,0.000,0.000,3,0,0.793,0,56.303,5442.340,0.900,0.454,1.658,0.333,0.607,1.748,0.141,0.859,0.196,0.580
1191,39.700,0.000,0.000,0.000,0.000,0,0,0,0.000,0.000,2,1,0.759,0,56.303,5442.340,0.867,0.454,1.477,0.159,0.419,0.099,0.142,0.858,0.200,0.750
1194,39.800,0.000,0.000,0.000,0.000,0,0,0,0.000,0.000,3,1,0.724,0,56.303,5442.340,0.833,0.454,1.666,0.248,0.269,0.324,0.149,0.851,0.194,0.750
1197,39.900,0.000,0.000,0.000,0.000,0,0,0,0.000,0.000,3,1,0.690,0,56.303,5442.340,0.800,0.454,1.779,0.619,0.313,0.370,0.146,0.854,0.267,0.750
1200,40.000,0.000,0.000,0.000,0.000,0,0,0,0.000,0.000,4,1,0.655,0,56.303,5442.340,0.767,0.454,2.248,0.775,0.379,0.392,0.169,0.831,0.264,0.750
1203,40.100,0.000,0.000,0.000,0.000,0,0,0,0.000,0.000,4,0,0.690,0,56.303,5442.340,0.733,0.454,2.824,0.916,0.438,0.475,0.188,0.812,0.264,0.580
1206,40.200,0.000,0.000,0.000,0.000,0,0,0,0.000,0.000,4,0,0.690,0,56.303,5442.340,0.700,0.454,3.710,0.959,0.433,0.495,0.200,0.800,0.280,0.580
1209,40.300,0.000,0.000,0.000,0.000,0,0,0,0.000,0.000,4,0,0.724,0,56.303,5442.340,0.667,0.454,2.731,0.656,0.470,0.386,0.184,0.816,0.272,0.580
1212,40.400,0.000,0.000,0.000,0.000,0,0,0,0.000,0.000,4,0,0.759,0,56.303,5442.340,0.633,0.454,3.091,0.967,0.304,0.289,0.197,0.803,0.256,0.580
1215,40.500,0.000,0.000,0.000,0.000,0,0,0,0.000,0.000,4,0,0.759,0,56.303,5442.340,0.600,0.454,2.614,0.968,0.069,0.268,0.182,0.818,0.240,0.580
1218,40.600,0.000,35.805,0.000,-486.541,1,0,1,0.000,1.312,4,0,0.759,1,24.739,5668.744,0.600,0.289,2.050,0.892,0.282,0.621,0.161,0.839,0.605,0.650
1221,40.700,0.000,0.000,0.000,0.000,0,0,0,0.000,0.000,4,0,0.759,0,24.739,5668.744,0.567,0.289,1.703,0.661,0.682,0.627,0.151,0.849,0.234,0.650
1224,40.800,0.000,0.000,0.000,0.000,0,0,0,0.000,0.000,4,0,0.759,0,24.739,5668.744,0.533,0.289,1.868,0.940,0.766,0.657,0.160,0.840,0.215,0.580
1227,40.900,0.000,13.038,0.000,-22.767,1,0,1,0.000,1.280,4,0,0.759,1,4.472,5853.719,0.533,0.302,1.210,0.821,0.679,1.393,0.118,0.882,0.454,0.650
1230,41.000,0.000,11.314,0.000,-1.725,1,0,1,0.000,1.600,4,0,0.759,1,11.180,5307.844,0.533,0.302,1.226,0.856,0.794,1.938,0.128,0.872,0.443,0.580
1233,41.100,0.000,16.492,0.000,5.179,1,0,1,0.000,1.745,4,0,0.759,1,8.062,5226.064,0.533,0.307,1.056,0.645,0.924,2.079,0.113,0.887,0.482,0.580
1236,41.200,0.000,8.246,0.000,-8.246,1,0,1,0.000,1.429,4,0,0.759,2,10.198,5302.369,0.533,0.313,1.751,0.647,0.812,1.205,0.137,0.863,0.498,0.580
1239,41.300,0.000,15.264,0.000,7.018,1,0,1,0.000,1.488,4,0,0.759,1,14.318,4657.517,0.533,0.313,1.042,0.642,0.654,2.928,0.106,0.894,0.475,0.580
1242,41.400,0.000,6.325,0.000,-8.940,1,0,1,0.000,1.589,4,0,0.759,1,3.162,4709.665,0.533,0.318,1.311,0.515,0.664,0.920,0.143,0.857,0.441,0.580
1245,41.500,0.000,7.211,0.000,0.887,1,0,1,0.000,1.385,4,0,0.759,2,13.892,4725.109,0.533,0.323,3.921,0.943,0.697,1.256,0.174,0.826,0.526,0.580
1248,41.600,0.000,2.236,0.000,-4.975,1,0,1,0.000,1.425,4,0,0.793,1,6.708,4773.067,0.533,0.323,1.792,0.649,0.608,2.675,0.160,0.840,0.421,0.580
1251,41.700,0.000,25.179,0.000,22.943,1,0,1,0.000,1.461,4,0,0.793,2,19.723,4842.799,0.533,0.323,2.702,0.558,0.694,1.687,0.144,0.856,0.622,0.580
1254,41.800,0.000,8.062,0.000,-17.117,1,0,1,0.000,1.096,4,0,0.793,2,47.170,5008.619,0.533,0.328,6.580,0.101,0.821,1.190,0.196,0.804,0.656,0.580
1257,41.900,0.000,0.000,0.000,0.000,0,0,0,0.000,0.000,4,0,0.828,0,47.170,5008.619,0.500,0.328,3.457,0.597,0.553,1.087,0.170,0.830,0.275,0.650
1260,42.000,0.000,0.000,0.000,0.000,0,0,0,0.000,0.000,3,1,0.793,0,47.170,5008.619,0.467,0.328,3.638,0.904,0.489,2.756,0.183,0.817,0.154,0.750
1263,42.100,0.000,0.000,0.000,0.000,0,0,0,0.000,0.000,3,0,0.793,0,47.170,5008.619,0.433,0.328,3.665,0.850,0.334,0.263,0.145,0.855,0.154,0.580
1266,42.200,0.000,0.000,0.000,0.000,0,0,0,0.000,0.000,3,0,0.828,0,47.170,5008.619,0.433,0.328,2.904,0.599,0.019,0.095,0.151,0.849,0.153,0.580
1269,42.300,0.000,0.000,0.000,0.000,0,0,0,0.000,0.000,4,1,0.793,0,47.170,5008.619,0.400,0.328,3.542,0.234,0.254,0.098,0.134,0.866,0.290,0.750
1272,42.400,0.000,0.000,0.000,0.000,0,0,0,0.000,0.000,4,0,0.793,0,47.170,5008.619,0.367,0.328,3.232,0.942,0.448,3.030,0.185,0.815,0.229,0.580
1275,42.500,0.000,0.000,0.000,0.000,0,0,0,0.000,0.000,4,0,0.793,0,47.170,5008.619,0.367,0.328,4.396,0.394,0.779,0.619,0.201,0.799,0.296,0.580
1278,42.600,0.000,0.000,0.000,0.000,0,0,0,0.000,0.000,3,1,0.793,0,47.170,5008.619,0.367,0.328,4.709,0.415,1.245,0.444,0.165,0.835,0.203,0.750
1281,42.700,30.017,0.000,-549.694,0.000,1,1,0,0.000,1.716,3,0,0.828,2,89.538,4943.514,0.400,0.323,4.608,0.631,1.557,1.791,0.184,0.816,0.606,0.700
1284,42.800,54.644,0.000,24.628,0.000,1,1,0,0.000,1.537,3,0,0.862,2,97.201,4972.199,0.433,0.328,4.007,0.624,1.817,0.123,0.145,0.855,0.679,0.700
1287,42.900,52.498,0.000,-2.147,0.000,1,1,0,0.000,1.512,5,1,0.862,2,94.154,5039.548,0.467,0.328,3.959,0.615,2.032,0.560,0.182,0.818,0.734,0.750
1290,43.000,12.207,0.000,-40.291,0.000,1,1,0,0.000,1.598,5,0,0.862,2,0.000,1135.275,0.500,0.328,4.432,0.865,2.243,0.785,0.197,0.803,0.550,0.700
1293,43.100,7.211,0.000,-4.995,0.000,1,1,0,0.000,1.689,5,0,0.862,2,0.000,1205.247,0.533,0.332,3.791,0.869,1.843,0.071,0.194,0.806,0.510,0.700
1296,43.200,17.493,0.000,10.282,0.000,1,1,0,0.000,1.507,5,1,0.828,3,73.389,1762.025,0.567,0.332,3.026,0.568,2.096,1.489,0.114,0.886,0.609,0.750
1299,43.300,361.448,0.000,345.324,0.000,2,1,0,361.448,1.141,5,0,0.828,4,0.000,2014.757,0.600,0.332,3.575,0.505,2.439,0.500,0.189,0.811,0.870,0.700
1302,43.400,353.566,530.637,-7.882,522.575,2,1,1,344.006,1.194,5,0,0.828,3,4.472,1964.977,0.633,0.332,1.994,0.804,1.096,1.726,0.171,0.829,0.778,0.550
1305,43.500,8.602,2.236,-344.964,-528.401,2,1,1,339.053,1.361,3,1,0.793,3,240.751,3645.460,0.667,0.332,2.581,0.880,0.997,0.259,0.181,0.819,0.561,0.750
1308,43.600,10.050,6.403,1.448,4.167,2,1,1,334.181,1.262,3,0,0.793,3,0.000,2888.719,0.667,0.332,4.631,0.977,0.875,0.420,0.198,0.802,0.613,0.580
1311,43.700,10.198,13.928,0.148,7.525,2,1,1,337.095,1.110,3,0,0.793,3,0.000,2540.629,0.700,0.332,7.562,0.988,0.827,0.078,0.210,0.790,0.711,0.580
1314,43.800,41.231,17.263,31.033,3.334,2,1,1,387.769,1.194,3,0,0.793,3,0.000,2219.854,0.733,0.332,8.068,0.872,0.989,0.110,0.214,0.786,0.886,0.450
1317,43.900,0.000,32.311,0.000,15.048,1,0,1,0.000,0.888,3,0,0.793,1,0.000,2219.854,0.733,0.332,7.027,0.723,1.111,0.285,0.229,0.771,0.653,0.650
1320,44.000,283.064,43.463,241.833,11.152,2,1,1,740.492,1.231,3,0,0.793,3,0.000,2219.854,0.733,0.323,9.358,0.820,1.229,0.180,0.232,0.768,0.911,0.650
1323,44.100,0.000,772.003,0.000,745.754,2,0,1,772.003,0.805,4,1,0.759,4,0.000,2219.854,0.733,0.310,11.670,0.800,1.323,0.244,0.252,0.748,1.000,0.750
1326,44.200,0.000,768.945,0.000,-3.058,1,0,1,0.000,1.132,4,0,0.759,1,0.000,2219.854,0.733,0.310,7.345,0.700,1.521,0.076,0.244,0.756,0.818,0.700
1329,44.300,0.000,18.788,0.000,-750.157,1,0,1,0.000,1.356,4,0,0.759,1,0.000,2219.854,0.733,0.306,3.762,0.684,1.540,1.856,0.185,0.815,0.584,0.700
1332,44.400,0.000,10.000,0.000,-8.788,1,0,1,0.000,1.287,4,1,0.724,1,0.000,2219.854,0.733,0.306,4.006,0.476,1.559,1.595,0.178,0.822,0.555,0.750
1335,44.500,0.000,37.014,0.000,27.014,1,0,1,0.000,1.339,4,0,0.724,1,0.000,2219.854,0.733,0.311,5.942,0.503,1.648,0.031,0.207,0.793,0.752,0.700
1338,44.600,0.000,26.683,0.000,-10.330,1,0,1,0.000,1.338,4,0,0.724,1,0.000,2219.854,0.733,0.353,12.348,0.570,1.693,0.298,0.257,0.743,0.741,0.700
1341,44.700,0.000,63.032,0.000,36.348,1,0,1,0.000,1.367,3,1,0.690,2,0.000,2219.854,0.733,0.342,11.222,0.882,2.466,0.037,0.243,0.757,0.796,0.750
1344,44.800,0.000,51.157,0.000,-11.875,1,0,1,0.000,1.343,3,0,0.690,2,0.000,2286.044,0.733,0.336,10.672,0.840,3.145,0.009,0.225,0.775,0.799,0.700
1347,44.900,0.000,25.080,0.000,-26.077,1,0,1,0.000,1.164,3,0,0.724,2,3.606,2564.070,0.767,0.336,8.571,0.826,6.376,0.059,0.222,0.778,0.694,0.700
1350,45.000,0.000,88.057,0.000,62.977,1,0,1,0.000,0.791,3,0,0.724,2,0.000,2624.128,0.800,0.329,6.066,0.661,5.667,0.223,0.209,0.791,0.771,0.700
1353,45.100,0.000,20.125,0.000,-67.932,1,0,1,0.000,0.712,3,0,0.724,2,0.000,2478.760,0.833,0.329,4.619,0.632,5.664,0.818,0.199,0.801,0.603,0.700
1356,45.200,554.375,0.000,271.312,0.000,1,1,0,0.000,1.600,3,0,0.759,2,25.080,2072.569,0.867,0.329,4.075,0.401,5.290,0.229,0.183,0.817,0.748,0.700
1359,45.300,0.000,0.000,0.000,0.000,0,0,0,0.000,0.000,4,1,0.724,0,25.080,2072.569,0.867,0.329,4.938,0.390,2.990,1.844,0.209,0.791,0.370,0.750
1362,45.400,448.540,0.000,-105.835,0.000,1,1,0,0.000,1.852,4,0,0.724,3,0.000,2269.434,0.900,0.463,4.561,0.557,1.990,0.782,0.200,0.800,0.868,0.700
1365,45.500,62.650,0.000,-385.890,0.000,1,1,0,0.000,1.806,4,0,0.759,3,0.000,994.345,0.933,0.463,4.934,0.825,1.614,0.324,0.203,0.797,0.863,0.700
1368,45.600,3.162,0.000,-59.488,0.000,1,1,0,0.000,1.591,6,1,0.724,4,0.000,937.125,0.967,0.454,4.306,0.883,1.014,0.121,0.187,0.813,0.599,0.750
1371,45.700,11.180,0.000,8.018,0.000,1,1,0,0.000,1.856,6,0,0.724,4,0.000,886.920,0.967,0.446,2.002,0.846,0.427,0.021,0.155,0.845,0.589,0.580
1374,45.800,4.123,0.000,-7.057,0.000,1,1,0,0.000,1.897,6,0,0.759,4,0.000,857.925,0.967,0.446,1.573,0.646,0.222,0.367,0.142,0.858,0.553,0.580
1377,45.900,8.062,0.000,3.939,0.000,1,1,0,0.000,1.629,3,1,0.724,2,112.285,1044.525,0.967,0.446,1.944,0.648,0.173,0.077,0.145,0.855,0.484,0.750
1380,46.000,47.518,0.000,39.456,0.000,1,1,0,0.000,1.620,3,0,0.724,2,51.078,1473.497,0.967,0.454,3.671,0.477,0.122,0.182,0.157,0.843,0.744,0.450
1383,46.100,0.000,431.478,0.000,411.353,1,0,1,0.000,0.967,3,0,0.759,2,0.000,1872.738,0.967,0.454,3.940,0.421,0.029,1.356,0.160,0.840,0.755,0.550
1386,46.200,0.000,0.000,0.000,0.000,0,0,0,0.000,0.000,6,1,0.724,0,0.000,1872.738,0.933,0.454,3.135,0.571,0.338,0.537,0.162,0.838,0.320,0.750
1389,46.300,466.130,0.000,418.611,0.000,1,1,0,0.000,1.626,6,0,0.724,4,48.508,2710.968,0.933,0.449,3.814,0.826,0.661,1.569,0.196,0.804,0.820,0.650
1392,46.400,38.275,0.000,-427.854,0.000,1,1,0,0.000,1.514,6,0,0.759,4,0.000,3276.744,0.933,0.440,4.668,0.776,0.943,0.370,0.198,0.802,0.807,0.580
1395,46.500,0.000,445.539,0.000,14.061,1,0,1,0.000,1.233,5,0,0.759,4,92.130,3191.200,0.933,0.431,2.906,0.701,1.277,0.922,0.168,0.832,0.830,0.550
1398,46.600,0.000,18.682,0.000,-426.857,1,0,1,0.000,1.253,5,0,0.759,4,76.485,3498.544,0.933,0.431,1.995,0.827,1.579,0.817,0.182,0.818,0.652,0.700
1401,46.700,0.000,7.071,0.000,-11.610,1,0,1,0.000,1.365,5,0,0.759,4,143.402,4025.767,0.933,0.423,1.825,0.663,1.644,0.018,0.158,0.842,0.594,0.750
1404,46.800,0.000,9.434,0.000,2.363,1,0,1,0.000,1.635,5,1,0.724,4,121.918,4423.670,0.933,0.395,2.154,0.588,1.519,0.343,0.171,0.829,0.621,0.750
1407,46.900,0.000,13.601,0.000,4.167,1,0,1,0.000,1.569,5,0,0.724,4,52.612,4386.475,0.933,0.386,2.142,0.531,1.472,0.307,0.166,0.834,0.648,0.700
1410,47.000,0.000,9.487,0.000,-4.115,1,0,1,0.000,1.554,5,0,0.759,3,8.246,4329.984,0.933,0.386,1.410,0.553,1.428,0.240,0.152,0.848,0.569,0.700
1413,47.100,0.000,1.000,0.000,-8.487,1,0,1,0.000,1.619,5,1,0.724,4,5.000,4240.280,0.933,0.376,1.317,0.694,1.408,0.344,0.148,0.852,0.546,0.750
1416,47.200,0.000,5.385,0.000,4.385,1,0,1,0.000,1.546,6,1,0.690,5,184.743,4630.837,0.933,0.371,1.540,0.777,1.411,0.549,0.165,0.835,0.576,0.750
1419,47.300,0.000,8.062,0.000,2.677,1,0,1,0.000,1.179,6,0,0.724,4,2.236,3864.369,0.933,0.371,0.777,0.498,1.206,0.041,0.096,0.904,0.561,0.580
1422,47.400,0.000,4.472,0.000,-3.590,1,0,1,0.000,1.141,5,1,0.690,4,1.000,3005.680,0.933,0.371,1.009,0.448,1.115,1.541,0.134,0.866,0.575,0.750
1425,47.500,0.000,9.434,0.000,4.962,1,0,1,0.000,1.009,5,0,0.690,4,163.918,2423.025,0.933,0.371,1.059,0.269,1.049,0.959,0.098,0.902,0.616,0.750
1428,47.600,0.000,6.708,0.000,-2.726,1,0,1,0.000,0.793,5,0,0.724,4,159.201,2648.858,0.933,0.360,0.830,0.326,1.042,0.644,0.091,0.909,0.591,0.750
1431,47.700,0.000,4.472,0.000,-2.236,1,0,1,0.000,0.900,5,0,0.724,3,5.099,2488.065,0.933,0.360,0.810,0.804,1.100,0.230,0.115,0.885,0.509,0.580
1434,47.800,0.000,9.487,0.000,5.015,1,0,1,0.000,0.996,5,0,0.724,4,100.464,2393.384,0.933,0.369,1.209,0.203,1.163,0.387,0.090,0.910,0.625,0.580
1437,47.900,0.000,17.263,0.000,7.776,1,0,1,0.000,1.017,5,0,0.724,4,67.897,2262.175,0.933,0.369,1.661,0.522,1.447,1.837,0.119,0.881,0.657,0.700
1440,48.000,0.000,11.180,0.000,-6.082,1,0,1,0.000,0.971,7,1,0.690,6,165.895,2475.694,0.933,0.358,1.201,0.327,1.957,2.439,0.114,0.886,0.636,0.750
1443,48.100,0.000,13.601,0.000,2.421,1,0,1,0.000,1.209,7,0,0.690,6,30.000,2429.424,0.933,0.358,1.267,0.484,2.103,0.487,0.058,0.942,0.640,0.700
1446,48.200,68.469,0.000,30.194,0.000,1,1,0,0.000,1.475,7,0,0.724,6,29.000,2385.718,0.933,0.347,1.030,0.571,1.908,0.853,0.081,0.919,0.802,0.700
1449,48.300,0.000,9.220,0.000,-4.382,1,0,1,0.000,1.544,6,1,0.690,4,8.602,2386.949,0.967,0.347,0.589,0.456,1.728,1.276,0.077,0.923,0.570,0.750
1452,48.400,0.000,9.434,0.000,0.214,1,0,1,0.000,1.710,6,0,0.690,5,28.636,1879.879,0.967,0.347,1.554,0.504,1.727,1.861,0.071,0.929,0.622,0.700
1455,48.500,0.000,38.833,0.000,29.399,1,0,1,0.000,1.646,6,0,0.724,5,50.000,1879.430,0.967,0.347,2.872,0.439,1.677,1.689,0.135,0.865,0.823,0.700
1458,48.600,0.000,16.763,0.000,-22.070,1,0,1,0.000,1.533,5,1,0.690,2,89.000,2019.269,0.967,0.347,1.820,0.790,1.460,1.951,0.149,0.851,0.571,0.750
1461,48.700,0.000,29.017,0.000,12.254,1,0,1,0.000,1.665,5,0,0.690,4,80.062,1617.278,0.967,0.347,2.094,0.232,1.270,2.112,0.113,0.887,0.757,0.580
1464,48.800,0.000,25.179,0.000,-3.838,1,0,1,0.000,1.301,5,0,0.724,4,86.284,1736.744,0.967,0.347,1.831,0.623,1.176,0.987,0.094,0.906,0.702,0.580
1467,48.900,0.000,13.601,0.000,-11.578,1,0,1,0.000,1.198,5,0,0.724,4,63.285,1358.809,0.967,0.347,1.578,0.482,0.993,0.347,0.096,0.904,0.641,0.580
1470,49.000,0.000,19.647,0.000,6.045,1,0,1,0.000,0.988,5,0,0.724,4,54.378,1414.829,0.967,0.347,1.329,0.587,0.860,0.338,0.087,0.913,0.661,0.580
1473,49.100,0.000,10.296,0.000,-9.351,1,0,1,0.000,0.748,5,0,0.759,4,10.050,1448.588,0.967,0.347,0.900,0.576,0.696,0.049,0.075,0.925,0.599,0.580
1476,49.200,0.000,7.071,0.000,-3.225,1,0,1,0.000,0.721,6,1,0.724,5,37.363,1547.318,1.000,0.347,0.745,0.791,0.533,0.403,0.063,0.937,0.573,0.750
1479,49.300,0.000,2.236,0.000,-4.835,1,0,1,0.000,1.032,6,0,0.724,5,6.403,1686.708,1.000,0.347,0.443,0.716,0.397,3.018,0.052,0.948,0.543,0.580
1482,49.400,0.000,8.062,0.000,5.826,1,0,1,0.000,1.072,6,0,0.724,5,15.264,1900.854,1.000,0.347,1.390,0.889,0.321,0.949,0.147,0.853,0.587,0.580
1485,49.500,0.000,4.000,0.000,-4.062,1,0,1,0.000,0.907,6,1,0.690,4,15.264,1900.854,1.000,0.347,0.596,0.537,0.226,0.918,0.066,0.934,0.539,0.750
1488,49.600,0.000,2.236,0.000,-1.764,1,0,1,0.000,1.035,6,0,0.690,4,15.264,1900.854,1.000,0.358,1.041,0.801,0.131,1.133,0.124,0.876,0.522,0.580
1491,49.700,0.000,1.000,0.000,-1.236,1,0,1,0.000,1.079,6,0,0.724,5,95.880,1823.824,1.000,0.347,0.675,0.518,0.062,0.514,0.077,0.923,0.556,0.580
1494,49.800,0.000,7.211,0.000,6.211,1,0,1,0.000,1.352,6,0,0.724,5,50.596,1586.049,1.000,0.347,2.146,0.655,0.007,2.347,0.096,0.904,0.618,0.580
1497,49.900,0.000,20.025,0.000,12.814,1,0,1,0.000,1.381,6,0,0.724,5,8.544,1560.579,1.000,0.347,1.612,0.665,0.550,0.596,0.130,0.870,0.675,0.580
1500,50.000,0.000,21.213,0.000,1.188,1,0,1,0.000,1.402,6,0,0.759,5,5.099,1564.338,1.000,0.347,1.554,0.710,0.830,0.919,0.101,0.899,0.677,0.580
1503,50.100,0.000,16.279,0.000,-4.934,1,0,1,0.000,1.207,5,1,0.759,3,10.296,1551.469,1.000,0.347,2.030,0.885,0.130,0.754,0.160,0.840,0.607,0.750
1506,50.200,0.000,11.402,0.000,-4.877,1,0,1,0.000,1.105,5,0,0.759,3,201.206,2046.957,1.000,0.347,1.455,0.926,0.090,0.758,0.142,0.858,0.563,0.750
1509,50.300,0.000,10.000,0.000,-1.402,1,0,1,0.000,1.073,5,0,0.793,3,38.013,2030.499,1.000,0.347,1.208,0.913,0.053,1.078,0.130,0.870,0.550,0.580
1512,50.400,0.000,42.953,0.000,32.953,1,0,1,0.000,1.024,6,1,0.759,4,97.000,2024.195,1.000,0.347,1.285,0.036,0.248,2.676,0.081,0.919,0.808,0.750
1515,50.500,0.000,57.428,0.000,14.475,1,0,1,0.000,0.936,6,0,0.759,2,79.404,2064.620,1.000,0.358,3.620,0.527,0.353,1.185,0.147,0.853,0.784,0.350
1518,50.600,0.000,25.080,0.000,-32.348,1,0,1,0.000,0.683,6,0,0.759,2,4.123,2203.794,1.000,0.358,2.445,0.681,0.117,0.197,0.154,0.846,0.633,0.450
1521,50.700,0.000,22.672,0.000,-2.408,1,0,1,0.000,0.655,6,0,0.759,2,25.080,2247.438,1.000,0.369,3.702,0.819,0.060,2.983,0.204,0.796,0.641,0.580
1524,50.800,0.000,27.074,0.000,4.402,1,0,1,0.000,0.563,6,0,0.759,2,25.080,2247.438,1.000,0.379,3.640,0.761,0.420,0.229,0.218,0.782,0.668,0.000
1527,50.900,0.000,9.434,0.000,-17.640,1,0,1,0.000,0.717,6,0,0.793,2,25.080,2247.438,1.000,0.379,5.289,0.852,0.817,0.971,0.256,0.744,0.605,0.580
1530,51.000,0.000,11.705,0.000,2.271,1,0,1,0.000,0.810,7,1,0.759,2,25.080,2247.438,1.000,0.389,6.145,0.887,1.281,0.100,0.261,0.739,0.628,0.750
1533,51.100,0.000,44.721,0.000,33.017,1,0,1,0.000,1.155,7,0,0.759,2,25.080,2247.438,1.000,0.389,8.533,0.893,1.867,0.122,0.284,0.716,0.857,0.700
1536,51.200,0.000,82.201,0.000,37.480,1,0,1,0.000,1.182,7,0,0.793,2,25.080,2247.438,1.000,0.399,8.417,0.876,2.659,0.209,0.276,0.724,0.860,0.700
1539,51.300,0.000,19.799,0.000,-62.402,1,0,1,0.000,1.209,3,1,0.759,2,25.080,2247.438,1.000,0.408,8.514,0.839,3.413,0.069,0.269,0.731,0.691,0.750
1542,51.400,0.000,17.464,0.000,-2.335,1,0,1,0.000,1.408,3,0,0.759,2,25.080,2247.438,1.000,0.408,7.556,0.869,3.885,0.076,0.262,0.738,0.665,0.700
1545,51.500,0.000,21.932,0.000,4.467,1,0,1,0.000,1.332,3,0,0.793,2,25.080,2247.438,1.000,0.417,6.270,0.970,4.473,0.064,0.251,0.749,0.651,0.700
1548,51.600,0.000,26.401,0.000,4.469,1,0,1,0.000,1.251,3,0,0.793,2,80.306,2275.757,1.000,0.417,5.196,0.979,6.271,0.145,0.245,0.755,0.648,0.700
1551,51.700,0.000,5.385,0.000,-21.016,1,0,1,0.000,1.071,3,0,0.793,2,5.385,2256.625,1.000,0.426,3.636,0.921,6.453,0.265,0.237,0.763,0.496,0.700
1554,51.800,0.000,24.207,0.000,18.822,1,0,1,0.000,1.118,3,0,0.793,2,5.385,2256.625,1.000,0.426,4.318,0.865,7.287,1.022,0.211,0.789,0.622,0.700
1557,51.900,0.000,13.928,0.000,-10.279,1,0,1,0.000,0.777,3,0,0.793,2,5.385,2256.625,1.000,0.435,3.401,0.570,8.099,0.127,0.166,0.834,0.563,0.700
1560,52.000,0.000,8.062,0.000,-5.866,1,0,1,0.000,0.722,3,0,0.793,2,5.385,2256.625,1.000,0.435,2.995,0.699,8.560,0.107,0.181,0.819,0.511,0.700
1563,52.100,0.000,7.616,0.000,-0.446,1,0,1,0.000,0.806,3,0,0.828,2,5.385,2256.625,1.000,0.444,2.298,0.821,5.140,0.333,0.188,0.812,0.482,0.700
1566,52.200,0.000,5.099,0.000,-2.517,1,0,1,0.000,0.567,4,1,0.793,3,63.891,2458.069,1.000,0.444,2.166,0.929,4.796,0.416,0.183,0.817,0.572,0.750
1569,52.300,0.000,5.385,0.000,0.286,1,0,1,0.000,0.615,4,0,0.793,3,11.045,2642.774,1.000,0.453,2.561,0.919,3.746,0.287,0.175,0.825,0.585,0.700
1572,52.400,0.000,13.038,0.000,7.653,1,0,1,0.000,0.732,4,0,0.828,3,10.296,2840.017,1.000,0.453,2.593,0.891,3.253,0.303,0.178,0.822,0.630,0.700
1575,52.500,0.000,6.083,0.000,-6.956,1,0,1,0.000,0.688,4,0,0.828,3,2.828,2893.629,1.000,0.462,1.916,0.900,2.170,0.033,0.166,0.834,0.574,0.700
1578,52.600,0.000,3.162,0.000,-2.920,1,0,1,0.000,0.547,4,0,0.828,3,5.099,2912.094,1.000,0.462,1.736,0.898,1.385,0.324,0.170,0.830,0.553,0.580
1581,52.700,48.104,0.000,-20.365,0.000,1,1,0,0.000,1.497,3,1,0.793,2,3.000,2833.219,1.000,0.462,0.792,0.824,0.575,0.105,0.111,0.889,0.752,0.750
1584,52.800,3.606,0.000,-44.499,0.000,1,1,0,0.000,1.196,3,0,0.793,2,4.123,3037.809,1.000,0.462,0.901,0.799,0.080,0.320,0.124,0.876,0.527,0.580
1587,52.900,2.236,0.000,-1.369,0.000,1,1,0,0.000,1.274,3,0,0.793,2,2.236,3160.740,1.000,0.470,0.542,0.432,0.278,0.013,0.086,0.914,0.536,0.580
1590,53.000,0.000,4.243,0.000,1.080,1,0,1,0.000,0.647,3,0,0.828,2,1.000,3254.479,1.000,0.470,0.816,0.524,0.588,0.102,0.117,0.883,0.547,0.580
1593,53.100,2.236,0.000,0.000,0.000,1,1,0,0.000,1.536,3,0,0.828,2,2.000,3294.368,1.000,0.479,0.758,0.148,0.859,0.182,0.103,0.897,0.561,0.580
1596,53.200,0.000,3.000,0.000,-1.243,1,0,1,0.000,0.684,4,1,0.793,2,4.123,3249.575,1.000,0.479,0.750,0.349,1.088,1.572,0.089,0.911,0.521,0.750
1599,53.300,0.000,2.828,0.000,-0.172,1,0,1,0.000,0.817,3,1,0.793,2,5.000,2561.559,1.000,0.479,0.691,0.689,1.291,1.707,0.079,0.921,0.525,0.750
1602,53.400,0.000,1.000,0.000,-1.828,1,0,1,0.000,1.086,4,1,0.759,2,2.828,2445.538,1.000,0.479,0.819,0.536,1.618,2.506,0.113,0.887,0.498,0.750
1605,53.500,0.000,5.000,0.000,4.000,1,0,1,0.000,1.291,4,0,0.759,3,2.000,2407.700,1.000,0.470,1.230,0.550,1.932,0.214,0.128,0.872,0.575,0.700
1608,53.600,18.028,0.000,15.792,0.000,1,1,0,0.000,1.553,4,0,0.759,3,11.402,2046.594,1.000,0.470,2.963,0.814,1.930,0.319,0.179,0.821,0.672,0.700
1611,53.700,16.279,0.000,-1.749,0.000,1,1,0,0.000,1.192,3,1,0.724,2,11.402,2046.594,1.000,0.470,4.082,0.672,1.891,0.248,0.186,0.814,0.585,0.750
1614,53.800,20.248,0.000,3.970,0.000,1,1,0,0.000,0.974,3,0,0.724,2,11.402,2046.594,1.000,0.470,5.547,0.806,1.687,0.411,0.200,0.800,0.635,0.700
1617,53.900,453.125,0.000,434.443,0.000,2,1,0,453.125,0.770,3,0,0.759,4,0.000,2715.217,1.000,0.462,6.173,0.691,1.516,0.071,0.191,0.809,0.906,0.700
1620,54.000,10.296,82.565,-442.829,77.565,2,1,1,446.860,1.325,5,1,0.724,6,0.000,3264.688,1.000,0.444,5.003,0.692,1.280,0.771,0.194,0.806,0.977,0.750
1623,54.100,15.000,8.944,4.704,-73.621,2,1,1,445.902,1.370,5,0,0.724,6,0.000,3909.315,1.000,0.426,5.114,0.731,1.030,2.875,0.180,0.820,0.810,0.580
1626,54.200,0.000,439.568,0.000,410.932,2,0,1,439.568,1.505,5,0,0.759,6,0.000,3821.820,1.000,0.408,5.153,0.716,0.793,0.014,0.199,0.801,0.979,0.500
1629,54.300,0.000,484.665,0.000,63.296,2,0,1,484.665,1.890,4,1,0.724,4,0.000,3409.040,1.000,0.408,6.236,0.835,0.475,0.031,0.210,0.790,0.997,0.750
1632,54.400,0.000,463.482,0.000,5.712,2,0,1,463.482,2.094,4,0,0.724,3,0.000,2888.984,1.000,0.408,6.880,0.851,0.089,0.168,0.194,0.806,0.967,0.350
1635,54.500,0.000,446.875,0.000,-16.608,1,0,1,0.000,2.333,4,0,0.724,2,0.000,2236.919,1.000,0.408,4.599,0.811,0.465,0.357,0.184,0.816,0.818,0.650
1638,54.600,0.000,10.440,0.000,-436.434,1,0,1,0.000,2.539,3,1,0.690,2,0.000,1712.289,1.000,0.417,3.354,0.184,1.020,2.168,0.106,0.894,0.569,0.750
1641,54.700,0.000,26.173,0.000,15.732,1,0,1,0.000,2.433,3,0,0.690,2,0.000,1414.065,1.000,0.417,4.055,0.680,1.590,0.760,0.128,0.872,0.639,0.700
1644,54.800,0.000,25.962,0.000,-0.211,1,0,1,0.000,2.440,3,0,0.690,2,0.000,1243.450,1.000,0.417,3.422,0.610,2.011,0.379,0.143,0.857,0.627,0.700
1647,54.900,0.000,13.038,0.000,-12.923,1,0,1,0.000,2.076,5,1,0.655,2,0.000,1335.185,1.000,0.417,4.210,0.800,2.832,0.514,0.183,0.817,0.614,0.750
1650,55.000,0.000,22.361,0.000,9.322,1,0,1,0.000,2.031,5,0,0.655,2,0.000,1010.905,1.000,0.417,3.708,0.337,3.668,1.092,0.158,0.842,0.685,0.700
1653,55.100,0.000,26.627,0.000,4.266,1,0,1,0.000,1.657,5,0,0.690,2,0.000,897.950,1.000,0.417,3.591,0.506,4.578,2.033,0.174,0.826,0.694,0.700
1656,55.200,0.000,9.487,0.000,-17.140,1,0,1,0.000,1.584,4,1,0.655,2,0.000,371.905,1.000,0.417,2.016,0.225,4.162,3.035,0.122,0.878,0.597,0.750
1659,55.300,0.000,8.944,0.000,-0.543,1,0,1,0.000,1.290,4,0,0.655,2,144.803,720.820,1.000,0.417,1.508,0.700,2.975,0.245,0.096,0.904,0.548,0.750
1662,55.400,0.000,10.000,0.000,1.056,1,0,1,0.000,1.324,4,0,0.655,2,0.000,714.225,1.000,0.417,2.007,0.938,1.824,0.131,0.149,0.851,0.550,0.700
1665,55.500,0.000,7.280,0.000,-2.720,1,0,1,0.000,1.265,4,0,0.655,2,0.000,695.780,1.000,0.417,1.508,0.860,1.157,0.164,0.121,0.879,0.528,0.580
1668,55.600,0.000,2.000,0.000,-5.280,1,0,1,0.000,1.476,4,0,0.690,1,6.325,694.044,1.000,0.426,1.775,0.946,0.841,0.057,0.163,0.837,0.454,0.580
1671,55.700,0.000,405.109,0.000,402.280,2,0,1,405.109,1.738,4,0,0.690,3,327.808,3457.387,1.000,0.426,1.274,0.936,0.574,1.215,0.136,0.864,0.821,0.750
1674,55.800,0.000,422.573,0.000,13.588,2,0,1,422.573,2.193,6,1,0.655,4,272.281,5022.625,1.000,0.417,1.761,0.928,0.301,0.566,0.170,0.830,0.819,0.750
1677,55.900,0.000,430.704,0.000,5.486,2,0,1,430.704,2.540,6,0,0.655,4,43.829,4929.604,1.000,0.417,2.915,0.931,0.006,0.773,0.181,0.819,0.848,0.350
1680,56.000,74.169,430.706,59.169,0.002,2,1,1,434.190,2.817,5,1,0.621,2,2.236,4800.019,1.000,0.417,1.066,0.541,0.302,0.197,0.116,0.884,0.781,0.750
1683,56.100,441.784,435.446,367.615,4.739,2,1,1,443.036,2.978,4,1,0.621,4,0.000,4841.694,1.000,0.426,1.735,0.812,0.534,0.714,0.159,0.841,0.887,0.750
1686,56.200,3.606,0.000,-438.178,0.000,1,1,0,0.000,1.341,3,1,0.621,1,0.000,4859.625,1.000,0.426,1.478,0.878,0.706,0.010,0.161,0.839,0.476,0.750
1689,56.300,1.414,0.000,-2.191,0.000,1,1,0,0.000,1.464,3,0,0.655,1,2.236,4876.325,1.000,0.435,1.180,0.775,0.978,0.270,0.128,0.872,0.463,0.580
1692,56.400,20.616,46.043,19.201,-389.402,2,1,1,421.584,3.042,4,1,0.621,3,316.665,6702.519,1.000,0.444,1.387,0.819,1.302,0.651,0.136,0.864,0.832,0.750
1695,56.500,0.000,429.441,0.000,21.759,2,0,1,429.441,2.742,4,0,0.621,3,285.246,7335.368,1.000,0.444,1.128,0.365,1.856,0.074,0.111,0.889,0.858,0.750
1698,56.600,9.220,1.414,-11.396,-428.027,2,1,1,434.816,2.488,3,1,0.621,2,285.237,7368.749,1.000,0.453,1.097,0.765,2.619,1.121,0.114,0.886,0.615,0.750
1701,56.700,4.472,9.899,-4.747,8.485,2,1,1,444.303,2.293,2,1,0.586,2,7.810,7392.729,1.000,0.462,0.795,0.754,2.949,2.874,0.090,0.910,0.572,0.750
1704,56.800,6.083,10.050,1.611,0.150,2,1,1,454.419,2.079,3,1,0.552,3,265.814,8376.327,1.000,0.462,0.906,0.726,2.455,0.177,0.090,0.910,0.578,0.750
1707,56.900,11.705,4.472,5.622,-5.578,2,1,1,462.964,1.984,3,0,0.586,3,258.519,9174.364,1.000,0.462,1.277,0.720,1.980,3.000,0.104,0.896,0.597,0.750
1710,57.000,0.000,426.427,0.000,-4.945,2,0,1,426.427,1.606,4,1,0.552,2,254.283,7536.479,1.000,0.462,1.177,0.609,1.797,2.690,0.136,0.864,0.797,0.750
1713,57.100,0.000,438.408,0.000,0.873,2,0,1,438.408,1.962,5,1,0.517,3,310.358,7928.068,1.000,0.462,1.713,0.855,1.543,0.248,0.166,0.834,0.811,0.750
1716,57.200,0.000,435.828,0.000,20.798,2,0,1,435.828,2.407,5,0,0.552,4,0.000,7736.279,1.000,0.453,6.002,0.906,1.371,0.034,0.219,0.781,0.951,0.350
1719,57.300,0.000,454.863,0.000,25.644,2,0,1,454.863,2.830,4,1,0.517,4,0.000,7630.950,1.000,0.444,5.381,0.882,0.990,0.157,0.207,0.793,0.973,0.750
1722,57.400,0.000,479.213,0.000,27.638,2,0,1,479.213,3.119,4,0,0.517,4,0.000,7532.350,1.000,0.435,3.941,0.892,0.731,0.354,0.156,0.844,0.936,0.450
1725,57.500,0.000,479.051,0.000,-0.162,1,0,1,0.000,3.118,4,0,0.552,2,0.000,7395.244,1.000,0.435,2.892,0.863,0.697,0.712,0.156,0.844,0.772,0.650
1728,57.600,0.000,4.123,0.000,-474.928,1,0,1,0.000,2.801,4,0,0.552,2,0.000,6011.184,1.000,0.435,1.975,0.542,0.383,1.738,0.140,0.860,0.544,0.580
1731,57.700,0.000,4.243,0.000,0.120,1,0,1,0.000,2.734,4,0,0.552,2,0.000,4782.414,1.000,0.435,3.640,0.642,0.268,0.264,0.169,0.831,0.580,0.580
1734,57.800,0.000,20.224,0.000,15.981,1,0,1,0.000,2.426,4,0,0.586,2,0.000,4727.548,1.000,0.426,4.484,0.839,0.035,1.044,0.202,0.798,0.676,0.580
1737,57.900,0.000,13.416,0.000,-6.807,1,0,1,0.000,2.115,3,1,0.552,2,0.000,3492.767,1.000,0.435,5.030,0.936,0.419,0.159,0.214,0.786,0.575,0.750
1740,58.000,0.000,6.325,0.000,-7.092,1,0,1,0.000,1.746,3,0,0.552,2,0.000,2133.488,1.000,0.435,1.946,0.722,1.045,0.337,0.134,0.866,0.473,0.580
1743,58.100,0.000,9.055,0.000,2.731,1,0,1,0.000,1.526,3,0,0.586,2,0.000,62.305,1.000,0.444,0.923,0.686,1.599,0.270,0.103,0.897,0.465,0.700
1746,58.200,0.000,4.472,0.000,-4.583,1,0,1,0.000,1.288,3,0,0.586,2,0.000,77.380,1.000,0.444,1.474,0.923,2.609,0.902,0.140,0.860,0.437,0.700
1749,58.300,0.000,2.236,0.000,-2.236,1,0,1,0.000,0.977,3,0,0.586,1,2.828,84.309,1.000,0.453,0.842,0.167,2.738,2.828,0.077,0.923,0.402,0.700
1752,58.400,22.023,0.000,10.318,0.000,1,1,0,0.000,1.771,3,0,0.586,2,0.000,118.350,1.000,0.453,2.085,0.798,2.688,2.317,0.135,0.865,0.559,0.700
1755,58.500,0.000,15.000,0.000,12.764,1,0,1,0.000,0.924,3,0,0.586,1,9.487,121.449,1.000,0.462,0.877,0.518,3.001,0.082,0.090,0.910,0.449,0.700
1758,58.600,9.220,0.000,-12.803,0.000,1,1,0,0.000,1.792,2,1,0.552,1,12.530,132.064,1.000,0.462,0.885,0.434,2.987,2.122,0.103,0.897,0.453,0.750
1761,58.700,11.000,0.000,1.780,0.000,1,1,0,0.000,1.708,3,1,0.552,1,3.606,141.178,1.000,0.470,0.881,0.616,2.901,0.133,0.090,0.910,0.420,0.750
1764,58.800,10.296,0.000,-0.704,0.000,1,1,0,0.000,1.597,3,0,0.552,1,10.630,155.379,1.000,0.479,0.984,0.605,0.621,0.438,0.102,0.898,0.419,0.580
1767,58.900,54.203,463.303,43.908,448.303,2,1,1,459.413,1.601,3,0,0.586,4,0.000,115.768,1.000,0.462,4.476,0.917,0.156,1.628,0.174,0.826,0.848,0.650
1770,59.000,0.000,462.330,0.000,28.656,2,0,1,462.330,1.576,3,0,0.621,4,0.000,130.298,1.000,0.462,6.798,0.835,0.130,0.261,0.202,0.798,0.912,0.500
1773,59.100,0.000,487.001,0.000,38.255,2,0,1,487.001,2.162,4,1,0.621,4,0.000,195.494,1.000,0.453,7.430,0.748,0.217,0.686,0.188,0.812,1.000,0.750
1776,59.200,462.964,526.062,408.761,39.061,2,1,1,473.973,2.394,4,0,0.621,6,0.000,943.144,1.000,0.444,6.489,0.605,0.434,2.322,0.179,0.821,1.000,0.550
1779,59.300,68.797,13.928,-394.168,-512.133,2,1,1,542.112,2.391,4,0,0.655,4,0.000,1072.628,1.000,0.435,5.580,0.538,0.454,0.229,0.190,0.810,1.000,0.450
1782,59.400,30.887,4.123,-37.910,-9.805,2,1,1,558.129,2.580,3,1,0.621,4,0.000,1136.188,1.000,0.435,6.033,0.688,0.352,0.085,0.211,0.789,0.824,0.750
1785,59.500,52.154,18.385,21.267,14.262,2,1,1,489.001,2.393,3,0,0.655,4,175.525,1578.738,1.000,0.435,5.901,0.611,0.236,0.714,0.210,0.790,0.905,0.750
1788,59.600,35.355,24.187,-16.798,5.802,2,1,1,430.010,2.043,3,0,0.690,4,0.000,1833.647,1.000,0.435,5.762,0.455,0.363,2.583,0.183,0.817,0.859,0.580
1791,59.700,8.246,19.235,-27.109,-4.951,2,1,1,403.020,1.693,3,0,0.724,4,0.000,2299.544,1.000,0.435,5.166,0.502,0.552,0.102,0.171,0.829,0.751,0.580
1794,59.800,0.000,0.000,0.000,0.000,0,0,0,0.000,0.000,3,0,0.724,0,0.000,2299.544,0.967,0.435,12.233,0.042,0.685,2.199,0.317,0.683,0.383,0.650
1797,59.900,156.263,0.000,148.016,0.000,1,1,0,0.000,0.979,3,0,0.759,2,86.006,2296.767,0.967,0.428,1.809,0.900,1.132,0.122,0.146,0.854,0.668,0.650
1800,60.000,12.166,0.000,-144.097,0.000,1,1,0,0.000,0.824,3,0,0.793,2,0.000,2203.077,0.967,0.428,1.245,0.700,1.115,0.169,0.110,0.890,0.486,0.580
1803,60.100,17.464,0.000,5.299,0.000,1,1,0,0.000,0.780,3,0,0.793,2,24.021,1970.049,0.967,0.428,1.701,0.689,1.127,1.230,0.108,0.892,0.527,0.580
1806,60.200,23.854,0.000,6.389,0.000,1,1,0,0.000,0.690,3,0,0.828,2,14.318,1872.109,0.967,0.428,2.153,0.602,1.157,1.426,0.122,0.878,0.580,0.580
1809,60.300,3.606,0.000,-20.248,0.000,1,1,0,0.000,0.823,3,0,0.828,2,9.899,1761.119,0.967,0.428,2.141,0.944,1.548,3.071,0.173,0.827,0.443,0.700
1812,60.400,8.602,0.000,4.997,0.000,1,1,0,0.000,0.558,3,0,0.828,2,25.080,1465.077,0.967,0.428,3.395,0.948,1.995,0.027,0.202,0.798,0.502,0.700
1815,60.500,7.071,0.000,-1.531,0.000,1,1,0,0.000,0.626,3,0,0.828,2,0.000,1195.538,0.967,0.428,4.878,0.973,1.852,0.027,0.214,0.786,0.529,0.700
1818,60.600,9.000,0.000,1.929,0.000,1,1,0,0.000,0.595,3,0,0.828,2,0.000,841.678,0.967,0.419,5.663,0.977,1.249,0.077,0.226,0.774,0.559,0.580
1821,60.700,8.246,0.000,-0.754,0.000,1,1,0,0.000,0.613,3,0,0.828,2,29.000,634.789,0.967,0.419,6.410,0.966,0.826,0.027,0.234,0.766,0.574,0.580
1824,60.800,8.000,0.000,-0.246,0.000,1,1,0,0.000,0.425,3,0,0.862,2,0.000,439.605,0.967,0.410,6.219,0.963,0.683,0.090,0.225,0.775,0.568,0.580
1827,60.900,9.000,0.000,1.000,0.000,1,1,0,0.000,0.394,3,0,0.862,2,0.000,210.467,0.967,0.400,6.687,0.976,0.654,0.004,0.227,0.773,0.585,0.580
1830,61.000,6.325,0.000,-2.675,0.000,1,1,0,0.000,0.413,3,0,0.862,2,0.000,52.799,0.967,0.410,4.646,0.959,0.628,0.138,0.220,0.780,0.520,0.580
1833,61.100,6.708,0.000,0.384,0.000,1,1,0,0.000,0.236,3,0,0.862,2,27.659,92.245,0.967,0.410,3.914,0.954,0.478,0.083,0.215,0.785,0.504,0.580
1836,61.200,2.236,0.000,-4.472,0.000,1,1,0,0.000,0.348,3,0,0.862,2,3.162,87.485,0.967,0.419,2.314,0.830,0.309,0.150,0.184,0.816,0.448,0.580
1839,61.300,3.162,0.000,0.926,0.000,1,1,0,0.000,0.271,3,0,0.862,1,2.236,83.790,0.967,0.428,2.023,0.641,0.140,0.227,0.150,0.850,0.399,0.580
1842,61.400,1.000,0.000,-2.162,0.000,1,1,0,0.000,0.293,3,0,0.862,1,2.000,87.539,0.967,0.428,1.857,0.577,0.356,0.158,0.160,0.840,0.388,0.580
1845,61.500,1.000,0.000,0.000,0.000,1,1,0,0.000,0.262,3,0,0.897,1,2.236,93.094,0.967,0.437,1.753,0.638,0.347,0.317,0.162,0.838,0.381,0.580
1848,61.600,3.162,0.000,2.162,0.000,1,1,0,0.000,0.272,3,0,0.931,2,51.971,202.424,0.967,0.446,3.056,0.931,0.347,0.424,0.210,0.790,0.465,0.580
1851,61.700,2.828,0.000,-0.334,0.000,1,1,0,0.000,0.330,3,0,0.931,1,2.828,198.944,0.967,0.446,1.385,0.423,0.342,0.964,0.146,0.854,0.397,0.580
1854,61.800,2.000,0.000,-0.828,0.000,1,1,0,0.000,0.584,3,0,0.931,1,0.000,192.619,0.967,0.454,1.458,0.562,0.401,1.485,0.133,0.867,0.384,0.580
1857,61.900,2.828,0.000,0.828,0.000,1,1,0,0.000,0.665,3,0,0.931,2,0.000,186.944,0.967,0.463,1.893,0.796,0.457,0.049,0.155,0.845,0.443,0.580
1860,62.000,2.236,0.000,-0.592,0.000,1,1,0,0.000,0.901,3,0,0.966,1,0.000,158.137,0.967,0.471,1.411,0.781,0.463,1.855,0.146,0.854,0.369,0.580
1863,62.100,0.000,0.000,-2.236,0.000,1,1,0,0.000,1.010,3,0,0.966,2,0.000,139.134,0.967,0.471,1.194,0.305,0.507,0.545,0.098,0.902,0.445,0.580
1866,62.200,1.000,0.000,1.000,0.000,1,1,0,0.000,1.124,3,0,0.966,1,1.000,118.559,0.967,0.480,1.808,0.713,0.588,1.947,0.139,0.861,0.377,0.580
1869,62.300,2.828,0.000,1.828,0.000,1,1,0,0.000,1.517,3,0,1.000,1,1.000,106.714,0.967,0.488,1.706,0.689,0.700,1.099,0.158,0.842,0.386,0.580
1872,62.400,2.000,0.000,-0.828,0.000,1,1,0,0.000,1.594,3,0,1.000,1,3.162,94.124,0.967,0.497,1.483,0.919,0.822,0.609,0.164,0.836,0.360,0.580
1875,62.500,0.000,0.000,-2.000,0.000,1,1,0,0.000,1.821,3,0,1.000,1,1.414,88.625,0.967,0.497,1.406,0.782,0.956,0.994,0.137,0.863,0.356,0.580
1878,62.600,1.000,0.000,1.000,0.000,1,1,0,0.000,1.687,3,0,1.000,1,1.000,82.448,0.967,0.505,1.116,0.465,1.010,2.632,0.065,0.935,0.377,0.580
1881,62.700,2.000,0.000,1.000,0.000,1,1,0,0.000,1.490,3,0,1.000,1,1.000,77.449,0.967,0.514,1.554,0.622,1.037,2.000,0.141,0.859,0.382,0.580
1884,62.800,1.414,0.000,-0.586,0.000,1,1,0,0.000,0.982,3,0,1.000,1,1.414,74.074,1.000,0.522,1.485,0.882,0.968,1.624,0.154,0.846,0.363,0.580
1887,62.900,2.236,0.000,0.822,0.000,1,1,0,0.000,0.850,3,0,1.000,1,0.000,71.619,1.000,0.522,1.512,0.878,1.096,0.582,0.114,0.886,0.369,0.580
1890,63.000,1.000,0.000,-1.236,0.000,1,1,0,0.000,1.047,3,0,1.000,1,2.236,69.619,1.000,0.531,1.424,0.815,1.112,1.216,0.094,0.906,0.364,0.580
1893,63.100,2.828,0.000,1.828,0.000,1,1,0,0.000,1.047,3,0,1.000,1,2.236,68.250,1.000,0.539,1.280,0.821,1.168,1.465,0.104,0.896,0.370,0.580
1896,63.200,1.000,0.000,-1.828,0.000,1,1,0,0.000,1.309,3,0,1.000,1,1.000,67.504,1.000,0.548,1.354,0.872,1.334,1.423,0.082,0.918,0.358,0.580
1899,63.300,1.414,0.000,0.414,0.000,1,1,0,0.000,1.234,3,0,1.000,1,1.414,3.958,1.000,0.548,0.757,0.456,1.264,0.736,0.065,0.935,0.375,0.580
1902,63.400,1.000,0.000,-0.414,0.000,1,1,0,0.000,1.374,3,0,1.000,1,1.414,3.578,1.000,0.557,1.522,0.741,1.232,2.232,0.082,0.918,0.372,0.580
1905,63.500,0.000,0.000,-1.000,0.000,1,1,0,0.000,1.571,3,0,1.000,1,2.000,3.337,1.000,0.565,1.256,0.700,1.157,2.620,0.097,0.903,0.362,0.580
1908,63.600,0.000,0.000,0.000,0.000,1,1,0,0.000,1.702,3,0,1.000,1,0.000,2.967,1.000,0.574,0.894,0.628,1.019,0.305,0.103,0.897,0.358,0.580
1911,63.700,5.831,0.000,5.831,0.000,1,1,0,0.000,1.978,3,0,1.000,2,0.000,3.587,1.000,0.574,4.975,0.923,0.891,0.663,0.228,0.772,0.532,0.580
1914,63.800,19.105,0.000,13.274,0.000,1,1,0,0.000,2.112,3,0,1.000,2,0.000,17.897,1.000,0.584,5.027,0.850,0.693,0.585,0.236,0.764,0.612,0.580
1917,63.900,149.643,0.000,130.538,0.000,1,1,0,0.000,1.657,3,0,1.000,2,0.000,17.897,1.000,0.592,6.056,0.896,0.457,0.021,0.242,0.758,0.779,0.450
1920,64.000,0.000,0.000,0.000,0.000,0,0,0,0.000,0.000,3,0,1.000,0,0.000,17.897,0.967,0.592,7.517,0.877,0.020,0.191,0.237,0.763,0.313,0.650
1923,64.100,0.000,0.000,0.000,0.000,0,0,0,0.000,0.000,3,0,1.000,0,0.000,17.897,0.933,0.592,6.593,0.915,0.869,0.027,0.242,0.758,0.283,0.580
1926,64.200,0.000,0.000,0.000,0.000,0,0,0,0.000,0.000,3,0,1.000,0,0.000,17.897,0.900,0.592,6.785,0.900,2.443,0.060,0.239,0.761,0.285,0.700
1929,64.300,0.000,0.000,0.000,0.000,0,0,0,0.000,0.000,3,0,1.000,0,0.000,17.897,0.867,0.592,7.038,0.918,3.478,0.126,0.222,0.778,0.286,0.700
1932,64.400,0.000,0.000,0.000,0.000,0,0,0,0.000,0.000,3,0,1.000,0,0.000,17.897,0.833,0.592,3.754,0.808,4.465,0.196,0.204,0.796,0.207,0.700
1935,64.500,0.000,0.000,0.000,0.000,0,0,0,0.000,0.000,3,0,1.000,0,0.000,17.897,0.800,0.592,2.889,0.863,4.892,0.129,0.196,0.804,0.178,0.700
1938,64.600,0.000,0.000,0.000,0.000,0,0,0,0.000,0.000,3,0,1.000,0,0.000,17.897,0.767,0.592,4.232,0.941,5.157,0.392,0.195,0.805,0.202,0.700
1941,64.700,0.000,0.000,0.000,0.000,0,0,0,0.000,0.000,3,0,1.000,0,0.000,17.897,0.733,0.592,4.338,0.910,12.713,0.198,0.205,0.795,0.203,0.700
1944,64.800,0.000,0.000,0.000,0.000,0,0,0,0.000,0.000,3,0,1.000,0,0.000,17.897,0.700,0.592,2.316,0.493,13.635,1.715,0.148,0.852,0.177,0.700
1947,64.900,0.000,0.000,0.000,0.000,0,0,0,0.000,0.000,3,0,1.000,0,0.000,17.897,0.667,0.592,2.117,0.717,10.798,0.658,0.163,0.837,0.153,0.700
1950,65.000,0.000,474.510,0.000,455.275,1,0,1,0.000,1.368,3,0,1.000,2,0.000,17.897,0.667,0.375,4.897,0.769,12.329,0.910,0.191,0.809,0.719,0.700
1953,65.100,107.615,0.000,-42.028,0.000,1,1,0,0.000,1.595,5,1,0.966,2,90.521,213.369,0.667,0.375,5.264,0.734,13.229,1.855,0.199,0.801,0.782,0.750
1956,65.200,48.010,92.445,-59.605,-382.066,2,1,1,17.000,1.616,5,0,0.966,4,0.000,567.210,0.667,0.370,5.072,0.733,13.102,2.693,0.210,0.790,0.900,0.700
1959,65.300,22.023,0.000,-25.988,0.000,1,1,0,0.000,1.325,5,0,0.966,2,0.000,648.494,0.667,0.370,5.069,0.759,3.561,2.927,0.213,0.787,0.648,0.700
1962,65.400,8.944,0.000,-13.078,0.000,1,1,0,0.000,1.174,5,1,0.931,2,0.000,637.339,0.667,0.370,4.521,0.762,2.453,3.134,0.194,0.806,0.561,0.750
1965,65.500,16.031,0.000,7.087,0.000,1,1,0,0.000,1.063,5,0,0.931,2,25.080,610.599,0.667,0.370,4.651,0.688,1.646,1.546,0.178,0.822,0.609,0.700
1968,65.600,21.000,0.000,4.969,0.000,1,1,0,0.000,0.938,5,0,0.931,2,22.672,626.834,0.667,0.370,5.052,0.698,1.002,0.288,0.196,0.804,0.646,0.580
1971,65.700,33.287,0.000,12.287,0.000,1,1,0,0.000,0.671,5,1,0.897,4,33.615,698.879,0.667,0.364,5.281,0.674,0.716,0.793,0.203,0.797,0.794,0.750
1974,65.800,41.231,0.000,7.944,0.000,1,1,0,0.000,0.683,5,0,0.897,4,36.069,910.748,0.667,0.359,6.228,0.643,0.487,1.049,0.220,0.780,0.864,0.580
1977,65.900,36.797,0.000,-4.434,0.000,1,1,0,0.000,0.471,5,0,0.897,4,0.000,1327.338,0.667,0.348,5.469,0.680,0.300,0.736,0.201,0.799,0.818,0.580
1980,66.000,0.000,188.788,0.000,96.344,1,0,1,0.000,0.988,3,1,0.862,2,0.000,1403.435,0.667,0.342,5.132,0.756,0.294,0.099,0.198,0.802,0.725,0.750
1983,66.100,40.853,0.000,4.057,0.000,1,1,0,0.000,0.510,3,0,0.862,2,12.530,1291.529,0.667,0.342,4.333,0.860,0.322,0.089,0.192,0.808,0.675,0.580
1986,66.200,54.231,0.000,13.378,0.000,1,1,0,0.000,0.535,3,0,0.862,2,98.412,1211.815,0.667,0.337,2.945,0.490,0.255,2.057,0.152,0.848,0.689,0.550
1989,66.300,6.325,0.000,-47.906,0.000,1,1,0,0.000,0.534,3,0,0.862,2,161.941,1306.254,0.667,0.337,2.468,0.761,0.139,1.265,0.150,0.850,0.444,0.750
1992,66.400,13.601,0.000,7.277,0.000,1,1,0,0.000,0.561,3,0,0.862,2,160.649,1482.844,0.667,0.337,1.654,0.590,0.103,0.580,0.130,0.870,0.476,0.750
1995,66.500,3.606,0.000,-9.996,0.000,1,1,0,0.000,0.794,3,0,0.862,2,159.480,1825.798,0.667,0.331,1.752,0.604,0.072,0.535,0.131,0.869,0.422,0.750
1998,66.600,4.472,0.000,0.867,0.000,1,1,0,0.000,0.935,2,1,0.828,1,2.236,1837.530,0.667,0.331,1.269,0.585,0.158,0.334,0.111,0.889,0.386,0.750
2001,66.700,2.236,0.000,-2.236,0.000,1,1,0,0.000,1.029,2,0,0.828,1,2.236,1818.224,0.667,0.331,1.329,0.608,0.528,0.162,0.107,0.893,0.373,0.580
2004,66.800,2.828,0.000,0.592,0.000,1,1,0,0.000,1.026,3,1,0.793,1,1.414,1843.259,0.667,0.331,1.093,0.589,0.684,0.192,0.098,0.902,0.342,0.750
2007,66.900,3.162,0.000,0.334,0.000,1,1,0,0.000,1.014,3,0,0.793,1,1.000,1830.447,0.667,0.331,0.962,0.471,0.849,0.014,0.089,0.911,0.349,0.580
2010,67.000,1.414,0.000,-1.748,0.000,1,1,0,0.000,1.015,3,0,0.793,2,14.318,1864.755,0.700,0.325,0.989,0.574,0.946,1.329,0.066,0.934,0.396,0.580
2013,67.100,3.606,0.000,2.191,0.000,1,1,0,0.000,1.135,3,0,0.793,2,1.000,1856.227,0.733,0.320,1.947,0.747,1.096,1.087,0.126,0.874,0.424,0.580
2016,67.200,1.000,0.000,-2.606,0.000,1,1,0,0.000,1.180,4,1,0.759,3,0.000,1708.098,0.767,0.308,2.156,0.728,1.248,0.860,0.159,0.841,0.535,0.750
2019,67.300,5.099,0.000,4.099,0.000,1,1,0,0.000,0.964,4,0,0.759,3,1.000,1677.377,0.800,0.296,2.728,0.687,1.460,0.062,0.151,0.849,0.579,0.700
2022,67.400,2.236,0.000,-2.863,0.000,1,1,0,0.000,0.915,4,0,0.759,3,2.000,1644.458,0.833,0.296,1.815,0.699,1.754,0.148,0.148,0.852,0.544,0.700
2025,67.500,3.606,0.000,1.369,0.000,1,1,0,0.000,1.061,3,1,0.724,2,0.000,1644.394,0.867,0.296,2.545,0.909,2.041,0.784,0.183,0.817,0.444,0.750
2028,67.600,5.385,0.000,1.780,0.000,1,1,0,0.000,1.292,3,0,0.724,2,0.000,1518.288,0.900,0.470,4.480,0.950,2.491,0.198,0.223,0.777,0.503,0.700
2031,67.700,5.000,0.000,-0.385,0.000,1,1,0,0.000,1.186,3,0,0.724,2,0.000,1143.069,0.933,0.470,3.053,0.960,2.493,0.140,0.196,0.804,0.469,0.700
2034,67.800,1.414,0.000,-3.586,0.000,1,1,0,0.000,1.066,3,0,0.724,1,4.472,645.039,0.967,0.470,2.726,0.953,2.228,0.202,0.181,0.819,0.385,0.700
2037,67.900,2.236,0.000,0.822,0.000,1,1,0,0.000,0.934,3,0,0.724,2,0.000,22.069,1.000,0.479,1.725,0.763,2.260,0.210,0.143,0.857,0.442,0.700
2040,68.000,1.000,0.000,-1.236,0.000,1,1,0,0.000,1.146,3,0,0.759,1,2.236,25.035,1.000,0.487,1.368,0.835,2.096,0.112,0.118,0.882,0.361,0.700
2043,68.100,1.000,0.000,0.000,0.000,1,1,0,0.000,1.122,3,0,0.759,1,3.162,26.500,1.000,0.487,0.937,0.328,1.686,2.319,0.074,0.926,0.386,0.700
2046,68.200,1.414,0.000,0.414,0.000,1,1,0,0.000,1.057,3,0,0.759,1,3.606,26.095,1.000,0.496,1.572,0.913,1.342,1.751,0.166,0.834,0.363,0.580
2049,68.300,3.162,0.000,1.748,0.000,1,1,0,0.000,1.050,3,0,0.793,2,5.000,26.654,1.000,0.496,2.193,0.901,1.089,1.003,0.164,0.836,0.449,0.580
2052,68.400,2.236,0.000,-0.926,0.000,1,1,0,0.000,0.876,3,0,0.793,1,2.236,25.447,1.000,0.496,1.231,0.873,0.838,2.610,0.104,0.896,0.362,0.580
2055,68.500,2.236,0.000,0.000,0.000,1,1,0,0.000,1.040,3,0,0.793,1,3.162,26.887,1.000,0.504,1.107,0.745,0.658,2.864,0.091,0.909,0.368,0.580
2058,68.600,4.123,0.000,1.887,0.000,1,1,0,0.000,1.130,3,0,0.828,2,2.828,29.194,1.000,0.504,3.133,0.934,0.508,0.314,0.172,0.828,0.476,0.580
2061,68.700,2.000,0.000,-2.123,0.000,1,1,0,0.000,1.316,3,0,0.828,1,2.236,29.328,1.000,0.504,1.839,0.929,0.368,0.937,0.159,0.841,0.372,0.580
2064,68.800,2.236,0.000,0.236,0.000,1,1,0,0.000,1.120,3,0,0.828,2,2.236,27.058,1.000,0.513,1.651,0.675,0.283,1.643,0.117,0.883,0.446,0.580
2067,68.900,2.236,0.000,0.000,0.000,1,1,0,0.000,1.432,3,0,0.862,1,1.414,24.444,1.000,0.521,0.866,0.721,0.227,1.198,0.082,0.918,0.364,0.580
2070,69.000,2.236,0.000,0.000,0.000,1,1,0,0.000,1.646,3,0,0.862,2,2.236,22.159,1.000,0.521,2.161,0.941,0.122,3.112,0.160,0.840,0.441,0.580
2073,69.100,1.000,0.000,-1.236,0.000,1,1,0,0.000,1.450,3,0,0.862,2,1.414,19.889,1.000,0.530,1.922,0.873,0.004,0.032,0.155,0.845,0.432,0.580
2076,69.200,1.000,0.000,0.000,0.000,1,1,0,0.000,1.548,3,0,0.862,1,0.000,16.234,1.000,0.530,1.237,0.504,0.196,0.943,0.091,0.909,0.381,0.580
2079,69.300,0.000,0.000,-1.000,0.000,1,1,0,0.000,1.545,3,0,0.862,1,1.000,15.387,1.000,0.538,1.006,0.718,0.335,1.569,0.091,0.909,0.355,0.580
2082,69.400,4.472,0.000,4.472,0.000,1,1,0,0.000,1.659,3,0,0.862,2,0.000,11.279,1.000,0.547,2.407,0.935,0.474,0.050,0.161,0.839,0.460,0.580
2085,69.500,3.000,0.000,-1.472,0.000,1,1,0,0.000,1.695,3,0,0.897,2,149.940,505.559,1.000,0.547,2.861,0.924,0.430,0.375,0.175,0.825,0.464,0.750
2088,69.600,32.894,0.000,29.894,0.000,1,1,0,0.000,1.716,4,1,0.862,3,0.000,611.519,1.000,0.538,3.240,0.802,0.290,0.381,0.187,0.813,0.763,0.750
2091,69.700,169.800,0.000,136.906,0.000,1,1,0,0.000,1.313,4,0,0.897,3,0.000,611.519,1.000,0.538,4.467,0.749,0.100,0.079,0.212,0.788,0.864,0.450
2094,69.800,0.000,0.000,0.000,0.000,0,0,0,0.000,0.000,4,0,0.897,0,0.000,611.519,0.967,0.538,4.334,0.884,0.086,0.156,0.228,0.772,0.332,0.650
2097,69.900,0.000,0.000,0.000,0.000,0,0,0,0.000,0.000,3,1,0.862,0,0.000,611.519,0.933,0.538,5.164,0.921,0.165,0.331,0.208,0.792,0.247,0.750
2100,70.000,0.000,0.000,0.000,0.000,0,0,0,0.000,0.000,3,0,0.862,0,0.000,611.519,0.900,0.538,6.534,0.965,0.442,0.070,0.219,0.781,0.274,0.580
2103,70.100,0.000,0.000,0.000,0.000,0,0,0,0.000,0.000,3,0,0.897,0,0.000,611.519,0.867,0.538,5.142,0.952,0.848,0.206,0.236,0.764,0.236,0.580
2106,70.200,0.000,0.000,0.000,0.000,0,0,0,0.000,0.000,3,0,0.897,0,0.000,611.519,0.833,0.538,5.541,0.955,0.875,0.001,0.243,0.757,0.242,0.580
2109,70.300,0.000,0.000,0.000,0.000,0,0,0,0.000,0.000,3,0,0.897,0,0.000,611.519,0.800,0.538,4.620,0.944,1.162,0.027,0.235,0.765,0.215,0.580
2112,70.400,0.000,0.000,0.000,0.000,0,0,0,0.000,0.000,3,0,0.931,0,0.000,611.519,0.767,0.538,5.249,0.953,1.462,0.233,0.230,0.770,0.227,0.700
2115,70.500,0.000,0.000,0.000,0.000,0,0,0,0.000,0.000,3,0,0.931,0,0.000,611.519,0.733,0.538,4.572,0.915,1.757,0.140,0.200,0.800,0.208,0.700
2118,70.600,0.000,0.000,0.000,0.000,0,0,0,0.000,0.000,3,0,0.931,0,0.000,611.519,0.700,0.538,3.653,0.889,1.968,0.019,0.178,0.822,0.183,0.700
2121,70.700,0.000,0.000,0.000,0.000,0,0,0,0.000,0.000,3,0,0.931,0,0.000,611.519,0.667,0.538,2.897,0.852,3.136,0.840,0.181,0.819,0.163,0.700
2124,70.800,0.000,0.000,0.000,0.000,0,0,0,0.000,0.000,3,0,0.931,0,0.000,611.519,0.633,0.538,3.144,0.889,3.854,0.370,0.225,0.775,0.162,0.700
2127,70.900,0.000,0.000,0.000,0.000,0,0,0,0.000,0.000,3,0,0.931,0,0.000,611.519,0.600,0.538,4.264,0.875,4.562,0.133,0.236,0.764,0.187,0.700
2130,71.000,0.000,0.000,0.000,0.000,0,0,0,0.000,0.000,3,0,0.931,0,0.000,611.519,0.567,0.538,3.219,0.790,4.439,0.851,0.207,0.793,0.163,0.700
2133,71.100,0.000,0.000,0.000,0.000,0,0,0,0.000,0.000,4,1,0.897,0,0.000,611.519,0.533,0.538,7.584,0.865,3.906,0.871,0.257,0.743,0.363,0.750
2136,71.200,0.000,0.000,0.000,0.000,0,0,0,0.000,0.000,4,0,0.897,0,0.000,611.519,0.500,0.538,7.476,0.670,3.782,0.560,0.248,0.752,0.370,0.700
2139,71.300,0.000,0.000,0.000,0.000,0,0,0,0.000,0.000,4,0,0.897,0,0.000,611.519,0.467,0.538,5.910,0.873,2.887,0.238,0.240,0.760,0.313,0.700
2142,71.400,0.000,0.000,0.000,0.000,0,0,0,0.000,0.000,4,0,0.897,0,0.000,611.519,0.433,0.538,4.415,0.897,2.466,0.224,0.191,0.809,0.270,0.700
2145,71.500,0.000,0.000,0.000,0.000,0,0,0,0.000,0.000,4,0,0.897,0,0.000,611.519,0.400,0.538,2.786,0.527,1.884,0.311,0.166,0.834,0.251,0.700
2148,71.600,0.000,0.000,0.000,0.000,0,0,0,0.000,0.000,4,0,0.897,0,0.000,611.519,0.367,0.538,2.864,0.640,1.160,0.139,0.164,0.836,0.241,0.580
2151,71.700,0.000,0.000,0.000,0.000,0,0,0,0.000,0.000,6,1,0.862,0,0.000,611.519,0.333,0.538,2.412,0.626,0.922,0.741,0.126,0.874,0.226,0.750
2154,71.800,0.000,0.000,0.000,0.000,0,0,0,0.000,0.000,6,0,0.862,0,0.000,611.519,0.300,0.538,3.756,0.646,0.622,0.140,0.138,0.862,0.255,0.580
2157,71.900,140.730,0.000,-29.070,0.000,1,1,0,0.000,1.321,6,0,0.862,2,54.452,665.087,0.300,0.249,3.159,0.552,0.484,0.077,0.142,0.858,0.686,0.650
2160,72.000,34.655,0.000,-106.075,0.000,1,1,0,0.000,1.426,4,1,0.828,3,28.160,709.128,0.300,0.246,4.392,0.499,0.250,1.373,0.156,0.844,0.738,0.750
2163,72.100,41.881,0.000,7.225,0.000,1,1,0,0.000,1.195,4,0,0.828,3,42.755,770.425,0.300,0.238,2.873,0.691,0.150,0.450,0.171,0.829,0.727,0.580
2166,72.200,47.043,0.000,5.162,0.000,1,1,0,0.000,1.396,4,0,0.828,3,6.000,788.869,0.300,0.235,3.363,0.764,0.049,1.913,0.179,0.821,0.752,0.550
2169,72.300,33.242,0.000,-13.801,0.000,1,1,0,0.000,1.524,5,1,0.793,4,122.450,1103.497,0.300,0.235,3.500,0.779,0.003,2.434,0.170,0.830,0.698,0.750
2172,72.400,26.476,0.000,-6.765,0.000,1,1,0,0.000,1.342,5,0,0.793,4,0.000,1097.394,0.300,0.231,1.787,0.668,0.108,0.116,0.108,0.892,0.625,0.580
2175,72.500,7.280,0.000,-19.196,0.000,1,1,0,0.000,1.373,5,0,0.828,2,20.248,686.264,0.300,0.235,1.524,0.486,0.400,1.561,0.097,0.903,0.453,0.580
2178,72.600,6.325,0.000,-0.956,0.000,1,1,0,0.000,1.554,4,1,0.793,2,0.000,611.934,0.300,0.235,2.228,0.716,0.550,0.010,0.164,0.836,0.467,0.750
2181,72.700,20.125,0.000,13.800,0.000,1,1,0,0.000,1.334,4,0,0.793,2,0.000,505.794,0.300,0.235,1.806,0.395,0.977,0.838,0.125,0.875,0.555,0.580
2184,72.800,0.000,0.000,0.000,0.000,0,0,0,0.000,0.000,4,0,0.828,0,0.000,505.794,0.300,0.235,2.570,0.776,1.264,0.830,0.173,0.827,0.216,0.650
2187,72.900,133.330,0.000,113.206,0.000,1,1,0,0.000,1.309,4,0,0.828,2,0.000,505.794,0.333,0.238,2.247,0.745,1.484,0.967,0.162,0.838,0.684,0.700
2190,73.000,27.459,0.000,-105.871,0.000,1,1,0,0.000,1.356,4,0,0.828,2,0.000,505.794,0.367,0.234,2.540,0.956,1.543,0.964,0.176,0.824,0.583,0.700
2193,73.100,22.472,0.000,-4.987,0.000,1,1,0,0.000,1.084,4,0,0.828,2,294.551,2781.028,0.400,0.234,0.984,0.599,1.353,0.502,0.102,0.898,0.546,0.750
2196,73.200,9.434,0.000,-13.038,0.000,1,1,0,0.000,0.922,4,0,0.828,2,9.434,4948.497,0.433,0.231,0.814,0.780,1.278,0.842,0.096,0.904,0.460,0.580
2199,73.300,2.000,0.000,-7.434,0.000,1,1,0,0.000,0.920,4,0,0.828,1,9.434,4948.497,0.467,0.231,1.038,0.835,1.163,0.218,0.118,0.882,0.380,0.580
2202,73.400,1.414,0.000,-0.586,0.000,1,1,0,0.000,1.029,4,0,0.828,1,9.434,4948.497,0.500,0.234,1.470,0.866,1.238,0.766,0.134,0.866,0.389,0.580
2205,73.500,4.472,0.000,3.058,0.000,1,1,0,0.000,1.191,4,0,0.828,1,9.434,4948.497,0.533,0.234,1.405,0.894,1.220,0.379,0.147,0.853,0.406,0.580
2208,73.600,1.000,0.000,-3.472,0.000,1,1,0,0.000,1.151,4,0,0.828,1,9.434,4948.497,0.567,0.234,1.332,0.840,1.341,0.123,0.121,0.879,0.393,0.580
2211,73.700,4.243,0.000,3.243,0.000,1,1,0,0.000,1.137,4,0,0.828,2,9.434,4948.497,0.600,0.234,1.331,0.665,1.349,1.433,0.097,0.903,0.472,0.580
2214,73.800,1.000,0.000,-3.243,0.000,1,1,0,0.000,1.165,3,1,0.793,2,9.434,4948.497,0.633,0.231,1.920,0.826,1.470,0.289,0.107,0.893,0.392,0.750
2217,73.900,2.828,0.000,1.828,0.000,1,1,0,0.000,1.406,3,0,0.793,2,9.434,4948.497,0.667,0.231,2.309,0.798,1.563,1.588,0.159,0.841,0.418,0.700
2220,74.000,0.000,297.123,0.000,108.335,1,0,1,0.000,1.292,3,0,0.828,2,9.434,4948.497,0.700,0.231,2.243,0.824,1.348,0.240,0.169,0.831,0.652,0.500
2223,74.100,21.840,0.000,19.012,0.000,1,1,0,0.000,1.329,3,0,0.828,2,9.434,4948.497,0.733,0.231,1.294,0.619,1.181,1.523,0.106,0.894,0.518,0.580
2226,74.200,8.062,0.000,-13.778,0.000,1,1,0,0.000,1.555,3,0,0.828,2,9.434,4948.497,0.767,0.227,1.357,0.781,1.195,0.126,0.120,0.880,0.436,0.580
2229,74.300,7.211,0.000,-0.851,0.000,1,1,0,0.000,1.595,3,0,0.828,2,9.434,4948.497,0.800,0.227,0.835,0.722,1.289,0.250,0.046,0.954,0.426,0.580
2232,74.400,7.071,0.000,-0.140,0.000,1,1,0,0.000,1.495,3,0,0.828,2,9.434,4948.497,0.833,0.227,0.989,0.604,1.579,0.136,0.072,0.928,0.442,0.700
2235,74.500,0.000,22.023,0.000,-275.100,1,0,1,0.000,1.417,3,0,0.828,2,9.434,4948.497,0.867,0.227,1.089,0.586,1.686,0.311,0.076,0.924,0.533,0.700
2238,74.600,5.000,0.000,-2.071,0.000,1,1,0,0.000,1.616,3,0,0.862,1,9.434,4948.497,0.900,0.231,1.081,0.519,1.786,2.001,0.106,0.894,0.386,0.700
2241,74.700,3.000,0.000,-2.000,0.000,1,1,0,0.000,1.518,3,0,0.862,1,9.434,4948.497,0.933,0.231,1.612,0.845,1.407,1.281,0.136,0.864,0.370,0.700
2244,74.800,0.000,14.036,0.000,-7.987,1,0,1,0.000,1.316,3,0,0.862,1,9.434,4948.497,0.967,0.234,1.893,0.930,1.094,1.531,0.140,0.860,0.436,0.580
2247,74.900,0.000,2.828,0.000,-11.207,1,0,1,0.000,1.372,3,0,0.897,1,9.434,4948.497,0.967,0.238,1.687,0.910,0.851,0.126,0.149,0.851,0.370,0.580
2250,75.000,0.000,4.472,0.000,1.644,1,0,1,0.000,1.493,3,0,0.897,1,9.434,4948.497,0.967,0.497,2.330,0.896,0.727,0.093,0.164,0.836,0.396,0.580
2253,75.100,11.180,0.000,8.180,0.000,1,1,0,0.000,1.442,3,0,0.897,1,9.434,4948.497,0.967,0.505,0.977,0.535,0.562,1.131,0.116,0.884,0.425,0.580
2256,75.200,0.000,2.236,0.000,-2.236,1,0,1,0.000,1.749,3,0,0.931,1,9.434,4948.497,0.967,0.505,1.370,0.394,0.475,0.383,0.076,0.924,0.395,0.580
2259,75.300,0.000,1.414,0.000,-0.822,1,0,1,0.000,1.711,3,0,0.931,1,9.434,4948.497,0.967,0.514,1.030,0.604,0.341,2.204,0.094,0.906,0.367,0.580
2262,75.400,2.000,0.000,-9.180,0.000,1,1,0,0.000,1.366,3,0,0.931,1,9.434,4948.497,0.967,0.522,1.087,0.748,0.363,2.118,0.116,0.884,0.362,0.580
2265,75.500,1.000,0.000,-1.000,0.000,1,1,0,0.000,1.499,3,0,0.966,1,9.434,4948.497,0.967,0.522,1.797,0.933,0.557,1.072,0.166,0.834,0.361,0.580
2268,75.600,3.162,0.000,2.162,0.000,1,1,0,0.000,1.556,3,0,0.966,1,9.434,4948.497,0.967,0.531,1.413,0.851,0.680,1.220,0.119,0.881,0.369,0.580
2271,75.700,2.236,0.000,-0.926,0.000,1,1,0,0.000,1.435,3,0,0.966,1,9.434,4948.497,0.967,0.539,1.998,0.924,0.561,0.472,0.153,0.847,0.374,0.580
2274,75.800,4.000,0.000,1.764,0.000,1,1,0,0.000,1.321,3,0,0.966,1,9.434,4948.497,1.000,0.539,1.176,0.791,0.429,0.621,0.125,0.875,0.376,0.580
2277,75.900,2.236,0.000,-1.764,0.000,1,1,0,0.000,1.281,3,0,0.966,1,9.434,4948.497,1.000,0.548,0.786,0.692,0.193,0.619,0.076,0.924,0.364,0.580
2280,76.000,1.000,0.000,-1.236,0.000,1,1,0,0.000,1.535,3,0,0.966,1,9.434,4948.497,1.000,0.557,1.328,0.599,0.068,1.670,0.079,0.921,0.377,0.580
2283,76.100,0.000,9.434,0.000,8.020,1,0,1,0.000,2.069,3,0,0.966,1,9.434,4948.497,1.000,0.557,2.352,0.905,0.170,2.701,0.175,0.825,0.428,0.580
2286,76.200,0.000,2.236,0.000,-7.198,1,0,1,0.000,1.756,3,0,0.966,1,9.434,4948.497,1.000,0.565,2.021,0.945,0.348,0.169,0.156,0.844,0.377,0.580
2289,76.300,0.000,1.414,0.000,-0.822,1,0,1,0.000,1.657,3,0,0.966,1,9.434,4948.497,1.000,0.574,1.582,0.950,0.305,0.080,0.135,0.865,0.361,0.580
2292,76.400,0.000,2.236,0.000,0.822,1,0,1,0.000,1.620,3,0,0.966,1,9.434,4948.497,1.000,0.584,1.852,0.954,0.121,0.910,0.154,0.846,0.372,0.580
2295,76.500,0.000,2.828,0.000,0.592,1,0,1,0.000,1.687,3,0,0.966,1,9.434,4948.497,1.000,0.584,1.620,0.946,0.112,0.861,0.170,0.830,0.370,0.580
2298,76.600,0.000,2.236,0.000,-0.592,1,0,1,0.000,1.767,3,0,0.966,1,9.434,4948.497,1.000,0.593,1.314,0.828,0.128,1.026,0.094,0.906,0.367,0.580
2301,76.700,0.000,0.000,0.000,0.000,0,0,0,0.000,0.000,3,0,1.000,0,9.434,4948.497,0.967,0.593,1.274,0.822,0.030,2.122,0.139,0.861,0.160,0.650
2304,76.800,0.000,0.000,0.000,0.000,0,0,0,0.000,0.000,3,0,1.000,0,9.434,4948.497,0.933,0.593,3.346,0.930,0.048,0.783,0.214,0.786,0.201,0.580
2307,76.900,0.000,0.000,0.000,0.000,0,0,0,0.000,0.000,3,0,1.000,0,9.434,4948.497,0.900,0.593,3.008,0.912,0.382,0.482,0.211,0.789,0.189,0.580
2310,77.000,0.000,0.000,0.000,0.000,0,0,0,0.000,0.000,3,0,1.000,0,9.434,4948.497,0.867,0.593,1.491,0.930,0.885,0.183,0.151,0.849,0.146,0.580
2313,77.100,0.000,0.000,0.000,0.000,0,0,0,0.000,0.000,4,1,0.966,0,9.434,4948.497,0.833,0.593,1.415,0.954,1.005,0.275,0.149,0.851,0.239,0.750
2316,77.200,0.000,0.000,0.000,0.000,0,0,0,0.000,0.000,4,0,0.966,0,9.434,4948.497,0.800,0.593,0.780,0.585,0.986,0.450,0.103,0.897,0.245,0.580
2319,77.300,0.000,0.000,0.000,0.000,0,0,0,0.000,0.000,3,1,0.931,0,9.434,4948.497,0.767,0.593,0.621,0.291,0.636,3.099,0.082,0.918,0.257,0.750
2322,77.400,0.000,0.000,0.000,0.000,0,0,0,0.000,0.000,2,1,0.897,0,9.434,4948.497,0.733,0.593,0.792,0.960,0.526,2.197,0.102,0.898,0.111,0.750
2325,77.500,0.000,0.000,0.000,0.000,0,0,0,0.000,0.000,3,1,0.862,0,9.434,4948.497,0.700,0.593,1.355,0.969,0.538,0.581,0.137,0.863,0.120,0.750
2328,77.600,0.000,0.000,0.000,0.000,0,0,0,0.000,0.000,3,0,0.862,0,9.434,4948.497,0.667,0.593,1.707,0.969,0.515,0.580,0.151,0.849,0.125,0.580
2331,77.700,0.000,0.000,0.000,0.000,0,0,0,0.000,0.000,4,1,0.828,0,9.434,4948.497,0.633,0.593,1.371,0.820,0.192,0.448,0.120,0.880,0.223,0.750
2334,77.800,0.000,0.000,0.000,0.000,0,0,0,0.000,0.000,4,0,0.828,0,9.434,4948.497,0.600,0.593,1.306,0.927,0.039,1.145,0.140,0.860,0.210,0.580
2337,77.900,0.000,0.000,0.000,0.000,0,0,0,0.000,0.000,4,0,0.828,0,9.434,4948.497,0.567,0.593,1.392,0.930,0.045,0.642,0.116,0.884,0.208,0.580
2340,78.000,0.000,0.000,0.000,0.000,0,0,0,0.000,0.000,4,0,0.828,0,9.434,4948.497,0.533,0.593,1.118,0.717,0.042,2.452,0.087,0.913,0.212,0.580
2343,78.100,0.000,0.000,0.000,0.000,0,0,0,0.000,0.000,4,0,0.828,0,9.434,4948.497,0.500,0.593,1.698,0.888,0.015,0.092,0.152,0.848,0.210,0.580
2346,78.200,0.000,0.000,0.000,0.000,0,0,0,0.000,0.000,4,0,0.828,0,9.434,4948.497,0.467,0.593,1.400,0.919,0.008,0.629,0.155,0.845,0.197,0.580
2349,78.300,0.000,0.000,0.000,0.000,0,0,0,0.000,0.000,4,0,0.828,0,9.434,4948.497,0.433,0.593,1.294,0.936,0.027,0.898,0.141,0.859,0.189,0.580
2352,78.400,0.000,0.000,0.000,0.000,0,0,0,0.000,0.000,4,0,0.828,0,9.434,4948.497,0.400,0.593,1.285,0.862,0.467,1.847,0.136,0.864,0.190,0.580
2355,78.500,0.000,0.000,0.000,0.000,0,0,0,0.000,0.000,4,0,0.828,0,9.434,4948.497,0.367,0.593,1.967,0.903,0.787,1.452,0.157,0.843,0.200,0.580
2358,78.600,0.000,0.000,0.000,0.000,0,0,0,0.000,0.000,4,0,0.828,0,9.434,4948.497,0.333,0.593,1.035,0.860,0.704,0.007,0.123,0.877,0.176,0.580
2361,78.700,0.000,0.000,0.000,0.000,0,0,0,0.000,0.000,4,0,0.828,0,9.434,4948.497,0.300,0.593,1.357,0.847,0.742,1.015,0.105,0.895,0.181,0.580
2364,78.800,0.000,0.000,0.000,0.000,0,0,0,0.000,0.000,3,1,0.793,0,9.434,4948.497,0.267,0.593,0.883,0.949,0.531,0.804,0.122,0.878,0.158,0.750
2367,78.900,0.000,0.000,0.000,0.000,0,0,0,0.000,0.000,4,1,0.759,0,9.434,4948.497,0.233,0.593,0.557,0.825,0.430,0.042,0.073,0.927,0.154,0.750
2370,79.000,0.000,0.000,0.000,0.000,0,0,0,0.000,0.000,4,0,0.759,0,9.434,4948.497,0.200,0.593,0.771,0.844,0.452,1.264,0.106,0.894,0.154,0.580
2373,79.100,0.000,0.000,0.000,0.000,0,0,0,0.000,0.000,3,1,0.724,0,9.434,4948.497,0.167,0.593,0.493,0.884,0.507,0.723,0.085,0.915,0.140,0.750
2376,79.200,0.000,0.000,0.000,0.000,0,0,0,0.000,0.000,3,0,0.724,0,9.434,4948.497,0.133,0.593,0.373,0.726,0.576,0.307,0.061,0.939,0.144,0.580
2379,79.300,0.000,0.000,0.000,0.000,0,0,0,0.000,0.000,4,1,0.690,0,9.434,4948.497,0.100,0.593,0.559,0.827,0.613,0.103,0.085,0.915,0.138,0.750
2382,79.400,0.000,0.000,0.000,0.000,0,0,0,0.000,0.000,3,1,0.655,0,9.434,4948.497,0.067,0.593,0.522,0.654,0.654,0.867,0.081,0.919,0.145,0.750
2385,79.500,0.000,0.000,0.000,0.000,0,0,0,0.000,0.000,4,1,0.621,0,9.434,4948.497,0.033,0.593,0.312,0.227,0.696,0.204,0.031,0.969,0.166,0.750
2388,79.600,0.000,0.000,0.000,0.000,0,0,0,0.000,0.000,4,0,0.621,0,9.434,4948.497,0.000,0.593,0.722,0.399,0.718,2.780,0.083,0.917,0.160,0.580
2391,79.700,0.000,0.000,0.000,0.000,0,0,0,0.000,0.000,4,0,0.621,0,9.434,4948.497,0.000,0.593,0.710,0.371,0.843,0.223,0.093,0.907,0.162,0.580
2394,79.800,0.000,0.000,0.000,0.000,0,0,0,0.000,0.000,4,0,0.621,0,9.434,4948.497,0.000,0.593,1.250,0.939,0.921,1.038,0.148,0.852,0.136,0.580
2397,79.900,0.000,0.000,0.000,0.000,0,0,0,0.000,0.000,4,0,0.621,0,9.434,4948.497,0.000,0.593,1.887,0.917,0.997,0.421,0.172,0.828,0.153,0.580
2400,80.000,0.000,0.000,0.000,0.000,0,0,0,0.000,0.000,4,0,0.655,0,9.434,4948.497,0.000,0.593,1.387,0.876,1.224,1.092,0.162,0.838,0.143,0.580
2403,80.100,0.000,0.000,0.000,0.000,0,0,0,0.000,0.000,4,0,0.655,0,9.434,4948.497,0.000,0.593,1.700,0.911,1.274,0.019,0.136,0.864,0.149,0.580
2406,80.200,0.000,0.000,0.000,0.000,0,0,0,0.000,0.000,4,0,0.690,0,9.434,4948.497,0.000,0.593,2.298,0.917,1.061,1.219,0.164,0.836,0.163,0.580
2409,80.300,0.000,0.000,0.000,0.000,0,0,0,0.000,0.000,4,0,0.724,0,9.434,4948.497,0.000,0.593,2.126,0.930,1.070,1.019,0.169,0.831,0.158,0.580
2412,80.400,0.000,0.000,0.000,0.000,0,0,0,0.000,0.000,4,1,0.724,0,9.434,4948.497,0.000,0.593,1.094,0.895,0.965,0.138,0.126,0.874,0.135,0.750
2415,80.500,0.000,0.000,0.000,0.000,0,0,0,0.000,0.000,4,0,0.724,0,9.434,4948.497,0.000,0.593,0.423,0.815,0.714,0.703,0.059,0.941,0.124,0.580
2418,80.600,0.000,0.000,0.000,0.000,0,0,0,0.000,0.000,4,0,0.759,0,9.434,4948.497,0.000,0.593,0.605,0.262,0.616,2.143,0.086,0.914,0.167,0.580
2421,80.700,0.000,0.000,0.000,0.000,0,0,0,0.000,0.000,4,1,0.724,0,9.434,4948.497,0.000,0.593,0.431,0.774,0.339,1.538,0.042,0.958,0.127,0.750
2424,80.800,0.000,0.000,0.000,0.000,0,0,0,0.000,0.000,4,0,0.724,0,9.434,4948.497,0.000,0.593,1.115,0.873,0.139,0.603,0.114,0.886,0.137,0.580
2427,80.900,0.000,0.000,0.000,0.000,0,0,0,0.000,0.000,4,0,0.724,0,9.434,4948.497,0.000,0.593,1.660,0.953,0.059,0.288,0.167,0.833,0.145,0.580
2430,81.000,0.000,0.000,0.000,0.000,0,0,0,0.000,0.000,5,1,0.690,0,9.434,4948.497,0.000,0.593,1.883,0.925,0.347,1.100,0.149,0.851,0.152,0.750
2433,81.100,0.000,0.000,0.000,0.000,0,0,0,0.000,0.000,5,0,0.690,0,9.434,4948.497,0.000,0.593,1.224,0.582,0.645,0.974,0.083,0.917,0.160,0.580
2436,81.200,0.000,0.000,0.000,0.000,0,0,0,0.000,0.000,5,0,0.690,0,9.434,4948.497,0.000,0.593,1.482,0.801,0.914,2.420,0.129,0.871,0.151,0.580
2439,81.300,0.000,0.000,0.000,0.000,0,0,0,0.000,0.000,3,1,0.655,0,9.434,4948.497,0.000,0.593,1.696,0.787,1.173,0.511,0.132,0.868,0.057,0.750
2442,81.400,0.000,0.000,0.000,0.000,0,0,0,0.000,0.000,3,0,0.655,0,9.434,4948.497,0.000,0.593,2.098,0.874,1.256,0.230,0.166,0.834,0.061,0.580
2445,81.500,0.000,0.000,0.000,0.000,0,0,0,0.000,0.000,2,1,0.621,0,9.434,4948.497,0.000,0.593,1.248,0.866,1.048,0.121,0.134,0.866,0.041,0.750
2448,81.600,0.000,0.000,0.000,0.000,0,0,0,0.000,0.000,2,0,0.621,0,9.434,4948.497,0.000,0.593,0.731,0.931,1.280,0.102,0.103,0.897,0.023,0.580
2451,81.700,0.000,0.000,0.000,0.000,0,0,0,0.000,0.000,2,0,0.655,0,9.434,4948.497,0.000,0.593,1.159,0.845,0.924,0.478,0.138,0.862,0.040,0.580
2454,81.800,0.000,0.000,0.000,0.000,0,0,0,0.000,0.000,2,0,0.690,0,9.434,4948.497,0.000,0.593,0.787,0.791,0.519,0.003,0.101,0.899,0.034,0.580
2457,81.900,0.000,0.000,0.000,0.000,0,0,0,0.000,0.000,2,0,0.690,0,9.434,4948.497,0.000,0.593,1.102,0.955,0.201,0.556,0.139,0.861,0.031,0.580
2460,82.000,0.000,0.000,0.000,0.000,0,0,0,0.000,0.000,2,0,0.724,0,9.434,4948.497,0.000,0.593,0.950,0.910,0.150,0.351,0.115,0.885,0.030,0.580
2463,82.100,0.000,0.000,0.000,0.000,0,0,0,0.000,0.000,2,0,0.724,0,9.434,4948.497,0.000,0.593,0.454,0.828,0.235,0.185,0.062,0.938,0.023,0.580
2466,82.200,0.000,0.000,0.000,0.000,0,0,0,0.000,0.000,2,0,0.759,0,9.434,4948.497,0.000,0.593,0.599,0.535,0.210,0.840,0.080,0.920,0.048,0.580
2469,82.300,0.000,0.000,0.000,0.000,0,0,0,0.000,0.000,2,0,0.793,0,9.434,4948.497,0.000,0.593,0.740,0.916,0.223,0.329,0.092,0.908,0.024,0.580
2472,82.400,0.000,0.000,0.000,0.000,0,0,0,0.000,0.000,2,0,0.828,0,9.434,4948.497,0.000,0.593,0.187,0.888,0.130,0.060,0.021,0.979,0.012,0.580
2475,82.500,0.000,0.000,0.000,0.000,0,0,0,0.000,0.000,2,0,0.828,0,9.434,4948.497,0.000,0.593,0.530,0.828,0.147,0.139,0.077,0.923,0.025,0.580
2478,82.600,0.000,0.000,0.000,0.000,0,0,0,0.000,0.000,2,0,0.828,0,9.434,4948.497,0.000,0.593,0.551,0.450,0.477,0.033,0.062,0.938,0.052,0.580
2481,82.700,0.000,0.000,0.000,0.000,0,0,0,0.000,0.000,2,0,0.828,0,9.434,4948.497,0.000,0.593,0.815,0.922,0.627,0.631,0.101,0.899,0.026,0.580
2484,82.800,0.000,0.000,0.000,0.000,0,0,0,0.000,0.000,3,1,0.793,0,9.434,4948.497,0.000,0.593,0.867,0.584,0.823,2.274,0.117,0.883,0.051,0.750
2487,82.900,0.000,0.000,0.000,0.000,0,0,0,0.000,0.000,3,0,0.793,0,9.434,4948.497,0.000,0.593,4.322,0.949,0.967,1.307,0.219,0.781,0.112,0.580
2490,83.000,0.000,0.000,0.000,0.000,0,0,0,0.000,0.000,3,0,0.793,0,9.434,4948.497,0.000,0.593,2.006,0.851,0.711,0.289,0.155,0.845,0.061,0.580
2493,83.100,0.000,0.000,0.000,0.000,0,0,0,0.000,0.000,3,0,0.793,0,9.434,4948.497,0.000,0.593,2.484,0.875,0.607,2.026,0.166,0.834,0.071,0.580
2496,83.200,0.000,0.000,0.000,0.000,0,0,0,0.000,0.000,3,0,0.793,0,9.434,4948.497,0.000,0.593,1.651,0.894,0.285,0.355,0.151,0.849,0.049,0.580
2499,83.300,0.000,0.000,0.000,0.000,0,0,0,0.000,0.000,3,0,0.828,0,9.434,4948.497,0.000,0.593,1.586,0.589,0.114,0.202,0.134,0.866,0.068,0.580
2502,83.400,0.000,0.000,0.000,0.000,0,0,0,0.000,0.000,3,0,0.828,0,9.434,4948.497,0.000,0.593,0.918,0.716,0.161,0.180,0.092,0.908,0.043,0.580
2505,83.500,0.000,0.000,0.000,0.000,0,0,0,0.000,0.000,3,0,0.828,0,9.434,4948.497,0.000,0.593,1.666,0.951,0.135,0.133,0.142,0.858,0.045,0.580
2508,83.600,0.000,0.000,0.000,0.000,0,0,0,0.000,0.000,3,0,0.862,0,9.434,4948.497,0.000,0.593,1.067,0.468,0.173,0.228,0.077,0.923,0.064,0.580
2511,83.700,0.000,0.000,0.000,0.000,0,0,0,0.000,0.000,3,0,0.862,0,9.434,4948.497,0.000,0.593,2.395,0.851,0.274,2.809,0.167,0.833,0.070,0.580
2514,83.800,0.000,0.000,0.000,0.000,0,0,0,0.000,0.000,3,0,0.862,0,9.434,4948.497,0.000,0.593,1.202,0.365,0.519,2.656,0.090,0.910,0.074,0.580
2517,83.900,0.000,0.000,0.000,0.000,0,0,0,0.000,0.000,3,0,0.897,0,9.434,4948.497,0.000,0.593,0.976,0.140,0.621,0.746,0.087,0.913,0.085,0.580
2520,84.000,0.000,0.000,0.000,0.000,0,0,0,0.000,0.000,3,0,0.897,0,9.434,4948.497,0.000,0.593,1.102,0.508,0.861,1.295,0.083,0.917,0.062,0.580
2523,84.100,0.000,0.000,0.000,0.000,0,0,0,0.000,0.000,3,0,0.897,0,9.434,4948.497,0.000,0.593,1.146,0.670,1.174,0.878,0.090,0.910,0.052,0.580
2526,84.200,0.000,0.000,0.000,0.000,0,0,0,0.000,0.000,3,0,0.931,0,9.434,4948.497,0.000,0.593,1.724,0.779,1.325,1.098,0.130,0.870,0.059,0.580
2529,84.300,0.000,0.000,0.000,0.000,0,0,0,0.000,0.000,3,0,0.931,0,9.434,4948.497,0.000,0.593,1.804,0.834,1.599,1.531,0.133,0.867,0.057,0.700
2532,84.400,0.000,0.000,0.000,0.000,0,0,0,0.000,0.000,3,0,0.966,0,9.434,4948.497,0.000,0.593,1.063,0.167,2.054,0.103,0.103,0.897,0.085,0.700
2535,84.500,0.000,0.000,0.000,0.000,0,0,0,0.000,0.000,3,0,0.966,0,9.434,4948.497,0.000,0.593,1.819,0.912,0.557,0.125,0.157,0.843,0.052,0.580
2538,84.600,0.000,0.000,0.000,0.000,0,0,0,0.000,0.000,4,1,0.931,0,9.434,4948.497,0.000,0.593,2.890,0.915,0.472,0.020,0.191,0.809,0.178,0.750
2541,84.700,0.000,52.345,0.000,50.109,1,0,1,0.000,1.804,4,0,0.931,2,9.434,4948.497,0.033,0.167,3.659,0.934,0.357,0.264,0.216,0.784,0.670,0.650
2544,84.800,0.000,0.000,0.000,0.000,0,0,0,0.000,0.000,4,0,0.931,0,9.434,4948.497,0.033,0.167,5.729,0.888,0.453,0.127,0.228,0.772,0.255,0.650
2547,84.900,0.000,0.000,0.000,0.000,0,0,0,0.000,0.000,3,1,0.897,0,9.434,4948.497,0.033,0.167,7.024,0.838,0.672,0.108,0.238,0.762,0.191,0.750
2550,85.000,0.000,0.000,0.000,0.000,0,0,0,0.000,0.000,3,0,0.897,0,9.434,4948.497,0.033,0.167,5.696,0.910,1.079,0.167,0.225,0.775,0.153,0.580
2553,85.100,0.000,0.000,0.000,0.000,0,0,0,0.000,0.000,3,0,0.897,0,9.434,4948.497,0.033,0.167,3.112,0.848,1.292,0.157,0.182,0.818,0.092,0.580
2556,85.200,0.000,0.000,0.000,0.000,0,0,0,0.000,0.000,3,0,0.897,0,9.434,4948.497,0.033,0.167,6.725,0.823,1.415,0.199,0.238,0.762,0.185,0.700
2559,85.300,0.000,0.000,0.000,0.000,0,0,0,0.000,0.000,3,0,0.897,0,9.434,4948.497,0.033,0.167,3.294,0.854,1.564,0.246,0.211,0.789,0.097,0.700
2562,85.400,0.000,0.000,0.000,0.000,0,0,0,0.000,0.000,3,0,0.897,0,9.434,4948.497,0.033,0.167,1.766,0.485,1.696,0.062,0.117,0.883,0.084,0.700
2565,85.500,0.000,0.000,0.000,0.000,0,0,0,0.000,0.000,3,0,0.897,0,9.434,4948.497,0.033,0.167,2.789,0.859,1.785,0.149,0.175,0.825,0.084,0.700
2568,85.600,0.000,0.000,0.000,0.000,0,0,0,0.000,0.000,3,0,0.897,0,9.434,4948.497,0.033,0.167,3.670,0.777,1.923,1.472,0.169,0.831,0.111,0.700
2571,85.700,0.000,0.000,0.000,0.000,0,0,0,0.000,0.000,3,0,0.931,0,9.434,4948.497,0.033,0.167,3.436,0.882,2.138,2.026,0.192,0.808,0.098,0.700
2574,85.800,0.000,0.000,0.000,0.000,0,0,0,0.000,0.000,3,0,0.931,0,9.434,4948.497,0.033,0.167,2.823,0.836,2.264,0.828,0.153,0.847,0.086,0.700
2577,85.900,0.000,29.967,0.000,-22.378,1,0,1,0.000,1.799,3,0,0.931,2,9.434,4948.497,0.067,0.179,5.256,0.734,2.344,2.091,0.214,0.786,0.575,0.700
2580,86.000,0.000,38.079,0.000,-9.440,2,0,1,38.079,1.473,3,0,0.931,4,0.000,5028.304,0.100,0.177,8.049,0.800,5.032,2.947,0.219,0.781,0.798,0.700
2583,86.100,71.568,0.000,70.568,0.000,1,1,0,0.000,1.529,4,1,0.897,2,0.000,4903.194,0.133,0.176,8.150,0.707,6.035,0.041,0.216,0.784,0.807,0.750
2586,86.200,32.062,0.000,-39.506,0.000,1,1,0,0.000,1.318,4,0,0.897,2,35.805,4764.669,0.167,0.176,7.120,0.746,5.942,0.025,0.221,0.779,0.714,0.700
2589,86.300,20.809,0.000,-11.254,0.000,1,1,0,0.000,1.190,4,0,0.897,2,25.495,4536.219,0.200,0.176,6.519,0.729,4.365,0.045,0.215,0.785,0.642,0.700
2592,86.400,14.000,0.000,-6.809,0.000,1,1,0,0.000,0.915,5,1,0.862,2,29.155,4143.594,0.233,0.176,5.566,0.760,2.441,2.152,0.208,0.792,0.564,0.750
2595,86.500,13.038,0.000,-0.962,0.000,1,1,0,0.000,0.772,5,0,0.862,2,27.803,3983.425,0.267,0.175,4.245,0.772,1.470,2.686,0.202,0.798,0.529,0.700
2598,86.600,11.402,0.000,-1.637,0.000,1,1,0,0.000,0.671,5,0,0.862,2,28.178,3934.780,0.300,0.174,4.023,0.738,1.148,2.666,0.197,0.803,0.520,0.580
2601,86.700,8.485,0.000,-2.916,0.000,1,1,0,0.000,0.597,5,1,0.828,2,23.854,3879.519,0.333,0.174,3.327,0.782,1.134,2.546,0.189,0.811,0.488,0.750
2604,86.800,5.000,0.000,-3.485,0.000,1,1,0,0.000,0.441,5,0,0.828,2,5.000,3881.779,0.367,0.174,2.892,0.726,0.764,1.092,0.182,0.818,0.465,0.580
2607,86.900,7.211,0.000,2.211,0.000,1,1,0,0.000,0.548,5,0,0.828,2,25.060,2358.619,0.400,0.174,2.465,0.741,0.705,1.831,0.168,0.832,0.470,0.580
2610,87.000,7.616,0.000,0.405,0.000,1,1,0,0.000,0.714,6,1,0.793,2,13.601,458.077,0.433,0.174,2.672,0.573,0.718,0.038,0.166,0.834,0.481,0.750
2613,87.100,11.402,0.000,3.786,0.000,1,1,0,0.000,0.778,6,0,0.793,2,0.000,366.648,0.467,0.174,2.554,0.655,0.685,0.191,0.163,0.837,0.497,0.580
2616,87.200,16.401,0.000,4.999,0.000,1,1,0,0.000,0.702,6,0,0.793,2,53.339,499.624,0.500,0.174,3.873,0.574,0.588,1.651,0.155,0.845,0.568,0.580
2619,87.300,14.560,0.000,-1.841,0.000,1,1,0,0.000,0.678,6,1,0.759,2,0.000,515.094,0.533,0.174,3.472,0.589,0.560,0.030,0.160,0.840,0.550,0.750
2622,87.400,9.220,0.000,-5.341,0.000,1,1,0,0.000,0.648,6,0,0.759,2,119.541,889.819,0.567,0.174,2.293,0.701,0.563,1.455,0.162,0.838,0.488,0.664
2625,87.500,42.154,0.000,32.935,0.000,1,1,0,0.000,0.900,6,0,0.793,2,77.058,1041.084,0.600,0.174,2.239,0.335,0.309,1.998,0.115,0.885,0.699,0.550
2628,87.600,0.000,97.617,0.000,59.538,1,0,1,0.000,1.419,5,1,0.759,2,48.918,1011.834,0.633,0.173,3.596,0.780,0.166,1.131,0.163,0.837,0.733,0.750
2631,87.700,105.109,0.000,62.955,0.000,1,1,0,0.000,0.804,5,0,0.759,4,0.000,1425.534,0.633,0.169,4.707,0.800,0.481,0.690,0.187,0.813,0.832,0.500
2634,87.800,11.402,0.000,-93.708,0.000,1,1,0,0.000,0.749,5,0,0.793,4,0.000,1901.017,0.667,0.166,4.645,0.828,0.659,0.123,0.180,0.820,0.645,0.580
2637,87.900,2.000,0.000,-9.402,0.000,1,1,0,0.000,0.854,5,0,0.793,2,0.000,2293.469,0.700,0.165,2.928,0.862,0.735,0.025,0.154,0.846,0.480,0.580
2640,88.000,4.243,0.000,2.243,0.000,1,1,0,0.000,0.819,5,0,0.793,1,2.236,2465.389,0.733,0.165,2.500,0.902,0.797,0.202,0.145,0.855,0.447,0.580
2643,88.100,5.000,0.000,0.757,0.000,1,1,0,0.000,0.917,5,0,0.793,2,153.574,2917.069,0.767,0.164,2.223,0.899,0.809,0.004,0.146,0.854,0.484,0.750
2646,88.200,4.243,0.000,-0.757,0.000,1,1,0,0.000,0.968,4,1,0.759,1,2.000,3035.284,0.800,0.164,2.015,0.875,0.917,0.060,0.143,0.857,0.454,0.750
2649,88.300,4.123,0.000,-0.120,0.000,1,1,0,0.000,1.028,4,0,0.759,1,2.236,2919.944,0.833,0.164,1.467,0.876,0.859,0.038,0.120,0.880,0.443,0.580
2652,88.400,2.000,0.000,-2.123,0.000,1,1,0,0.000,0.877,4,0,0.759,2,2.236,2934.289,0.867,0.162,1.413,0.721,0.884,0.097,0.101,0.899,0.490,0.580
2655,88.500,5.385,0.000,3.385,0.000,1,1,0,0.000,1.023,4,0,0.759,2,0.000,2757.049,0.900,0.161,1.128,0.502,0.975,2.134,0.066,0.934,0.521,0.580
2658,88.600,1.000,0.000,-4.385,0.000,1,1,0,0.000,1.003,4,0,0.759,2,0.000,1833.659,0.933,0.296,1.118,0.567,1.020,0.990,0.080,0.920,0.496,0.580
2661,88.700,1.000,0.000,0.000,0.000,1,1,0,0.000,1.117,4,0,0.759,2,1.000,1277.364,0.967,0.487,1.736,0.698,1.001,0.678,0.108,0.892,0.506,0.580
2664,88.800,4.000,0.000,3.000,0.000,1,1,0,0.000,1.019,3,1,0.724,2,2.828,946.994,1.000,0.487,2.119,0.811,1.096,0.475,0.148,0.852,0.458,0.750
2667,88.900,6.083,0.000,2.083,0.000,1,1,0,0.000,1.293,3,0,0.724,2,0.000,592.087,1.000,0.496,2.170,0.851,1.185,0.834,0.150,0.850,0.468,0.580
2670,89.000,4.000,0.000,-2.083,0.000,1,1,0,0.000,1.215,3,0,0.759,2,3.606,584.294,1.000,0.496,3.311,0.921,1.042,0.128,0.170,0.830,0.481,0.580
2673,89.100,5.385,0.000,1.385,0.000,1,1,0,0.000,1.195,4,1,0.724,1,4.123,578.149,1.000,0.496,2.587,0.965,0.890,0.241,0.158,0.842,0.492,0.750
2676,89.200,1.414,0.000,-3.971,0.000,1,1,0,0.000,1.371,4,0,0.724,1,2.236,571.919,1.000,0.504,0.916,0.561,0.945,1.591,0.096,0.904,0.456,0.580
2679,89.300,2.236,0.000,0.822,0.000,1,1,0,0.000,1.263,4,0,0.759,2,3.162,563.169,1.000,0.504,1.759,0.901,1.230,0.643,0.123,0.877,0.503,0.580
2682,89.400,1.000,0.000,-1.236,0.000,1,1,0,0.000,1.273,4,0,0.759,1,1.000,556.950,1.000,0.504,1.797,0.931,1.593,0.303,0.133,0.867,0.450,0.700
2685,89.500,1.414,0.000,0.414,0.000,1,1,0,0.000,0.979,4,0,0.759,1,1.414,550.044,1.000,0.513,1.575,0.723,1.794,1.381,0.115,0.885,0.462,0.700
2688,89.600,1.000,0.000,-0.414,0.000,1,1,0,0.000,1.077,4,0,0.793,2,1.000,544.478,1.000,0.513,1.492,0.815,1.758,0.046,0.105,0.895,0.496,0.700
2691,89.700,2.236,0.000,1.236,0.000,1,1,0,0.000,0.843,4,0,0.793,1,1.000,11.429,1.000,0.513,1.389,0.306,1.659,0.726,0.083,0.917,0.491,0.700
2694,89.800,1.414,0.000,-0.822,0.000,1,1,0,0.000,0.979,4,0,0.793,1,2.236,9.295,1.000,0.521,2.418,0.939,1.524,2.769,0.144,0.856,0.468,0.700
2697,89.900,1.000,0.000,-0.414,0.000,1,1,0,0.000,1.029,4,0,0.828,1,3.000,7.955,1.000,0.521,1.611,0.781,1.212,0.115,0.114,0.886,0.456,0.580
2700,90.000,1.414,0.000,0.414,0.000,1,1,0,0.000,0.785,4,0,0.828,1,1.000,6.870,1.000,0.530,1.119,0.434,1.043,0.674,0.094,0.906,0.470,0.580
2703,90.100,1.000,0.000,-0.414,0.000,1,1,0,0.000,1.040,4,0,0.828,1,1.000,6.195,1.000,0.530,1.139,0.752,0.863,1.163,0.100,0.900,0.446,0.580
2706,90.200,0.000,0.000,-1.000,0.000,1,1,0,0.000,1.122,4,0,0.862,1,1.414,5.654,1.000,0.538,1.111,0.752,0.723,0.334,0.081,0.919,0.440,0.580
2709,90.300,1.000,0.000,1.000,0.000,1,1,0,0.000,1.178,4,0,0.862,1,1.414,4.997,1.000,0.538,1.053,0.335,0.652,1.142,0.069,0.931,0.473,0.580
2712,90.400,1.414,0.000,0.414,0.000,1,1,0,0.000,1.440,4,0,0.862,1,1.414,4.525,1.000,0.547,1.482,0.438,0.651,1.528,0.094,0.906,0.479,0.580
2715,90.500,1.000,0.000,-0.414,0.000,1,1,0,0.000,1.648,4,0,0.897,1,1.000,4.009,1.000,0.547,0.904,0.293,0.685,0.004,0.057,0.943,0.473,0.580
2718,90.600,1.000,0.000,0.000,0.000,1,1,0,0.000,1.440,4,0,0.897,1,1.414,3.034,1.000,0.556,0.996,0.361,0.879,0.770,0.074,0.926,0.470,0.580
2721,90.700,2.236,0.000,1.236,0.000,1,1,0,0.000,1.755,3,1,0.862,1,2.000,2.669,1.000,0.556,0.934,0.898,0.948,1.846,0.102,0.898,0.453,0.750
2724,90.800,0.000,0.000,-2.236,0.000,1,1,0,0.000,1.949,4,1,0.828,1,2.236,2.584,1.000,0.565,0.990,0.234,0.813,2.806,0.070,0.930,0.473,0.750
2727,90.900,1.414,0.000,1.414,0.000,1,1,0,0.000,1.848,4,0,0.828,1,0.000,2.479,1.000,0.565,1.836,0.398,0.935,1.200,0.076,0.924,0.491,0.580
2730,91.000,2.000,0.000,0.586,0.000,1,1,0,0.000,1.635,4,0,0.828,2,2.000,2.175,1.000,0.565,2.153,0.884,0.887,0.081,0.127,0.873,0.513,0.580
2733,91.100,2.236,0.000,0.236,0.000,1,1,0,0.000,1.547,4,0,0.862,1,1.000,1.419,1.000,0.574,1.125,0.883,0.747,1.178,0.113,0.887,0.444,0.580
2736,91.200,2.236,0.000,0.000,0.000,1,1,0,0.000,1.154,4,0,0.862,1,3.162,1.419,1.000,0.574,2.520,0.910,0.712,0.420,0.151,0.849,0.477,0.580
2739,91.300,5.385,0.000,3.149,0.000,1,1,0,0.000,1.164,4,0,0.862,2,0.000,2.828,1.000,0.574,2.611,0.857,0.512,0.318,0.173,0.827,0.545,0.580
2742,91.400,0.000,41.593,0.000,-56.023,1,0,1,0.000,1.580,4,0,0.862,3,121.803,239.749,1.000,0.574,2.352,0.528,0.578,0.897,0.147,0.853,0.808,0.677
2745,91.500,170.751,0.000,165.366,0.000,1,1,0,0.000,1.347,4,0,0.862,2,121.803,239.749,1.000,0.574,2.747,0.612,0.525,0.318,0.172,0.828,0.786,0.677
2748,91.600,134.715,0.000,-36.037,0.000,1,1,0,0.000,0.938,4,0,0.862,1,121.803,239.749,1.000,0.583,4.016,0.839,0.345,0.579,0.202,0.798,0.757,0.677
2751,91.700,56.400,0.000,-78.314,0.000,1,1,0,0.000,0.891,4,0,0.897,1,121.803,239.749,1.000,0.592,2.207,0.832,0.034,0.169,0.184,0.816,0.712,0.677
2754,91.800,0.000,635.020,0.000,593.426,1,0,1,0.000,1.723,4,0,0.897,1,121.803,239.749,1.000,0.592,1.766,0.830,0.149,0.081,0.167,0.833,0.701,0.677
2757,91.900,0.000,0.000,0.000,0.000,0,0,0,0.000,0.000,4,0,0.897,0,121.803,239.749,0.967,0.592,3.964,0.928,0.328,0.759,0.209,0.791,0.320,0.677
2760,92.000,0.000,0.000,0.000,0.000,0,0,0,0.000,0.000,4,0,0.931,0,121.803,239.749,0.933,0.592,1.851,0.481,0.664,0.628,0.074,0.926,0.295,0.677
2763,92.100,0.000,0.000,0.000,0.000,0,0,0,0.000,0.000,4,0,0.931,0,121.803,239.749,0.900,0.592,1.928,0.568,1.335,0.470,0.092,0.908,0.286,0.677
2766,92.200,0.000,0.000,0.000,0.000,0,0,0,0.000,0.000,4,0,0.931,0,121.803,239.749,0.867,0.592,1.344,0.701,2.039,1.387,0.099,0.901,0.259,0.700
2769,92.300,0.000,0.000,0.000,0.000,0,0,0,0.000,0.000,4,0,0.931,0,121.803,239.749,0.833,0.592,1.784,0.802,2.111,0.003,0.134,0.866,0.258,0.700
2772,92.400,0.000,0.000,0.000,0.000,0,0,0,0.000,0.000,4,0,0.931,0,121.803,239.749,0.800,0.592,1.130,0.332,2.384,0.240,0.081,0.919,0.271,0.700
2775,92.500,0.000,0.000,0.000,0.000,0,0,0,0.000,0.000,4,0,0.931,0,121.803,239.749,0.767,0.592,1.551,0.786,2.241,0.250,0.130,0.870,0.246,0.700
2778,92.600,0.000,0.000,0.000,0.000,0,0,0,0.000,0.000,4,0,0.931,0,121.803,239.749,0.733,0.592,0.979,0.548,1.832,0.185,0.088,0.912,0.244,0.700
2781,92.700,0.000,0.000,0.000,0.000,0,0,0,0.000,0.000,3,1,0.897,0,121.803,239.749,0.700,0.592,1.165,0.819,1.853,1.986,0.129,0.871,0.126,0.750
2784,92.800,0.000,0.000,0.000,0.000,0,0,0,0.000,0.000,3,0,0.897,0,121.803,239.749,0.667,0.592,2.075,0.835,1.244,0.082,0.173,0.827,0.143,0.677
2787,92.900,0.000,0.000,0.000,0.000,0,0,0,0.000,0.000,3,0,0.897,0,121.803,239.749,0.633,0.592,2.303,0.902,1.101,0.681,0.162,0.838,0.140,0.677
2790,93.000,0.000,0.000,0.000,0.000,0,0,0,0.000,0.000,3,0,0.897,0,121.803,239.749,0.600,0.592,2.155,0.786,0.934,0.057,0.134,0.866,0.141,0.677
2793,93.100,0.000,0.000,0.000,0.000,0,0,0,0.000,0.000,3,0,0.897,0,121.803,239.749,0.567,0.592,1.933,0.936,0.622,1.492,0.148,0.852,0.121,0.677
2796,93.200,0.000,0.000,0.000,0.000,0,0,0,0.000,0.000,3,0,0.897,0,121.803,239.749,0.533,0.592,3.249,0.849,0.098,0.349,0.172,0.828,0.156,0.677
2799,93.300,0.000,0.000,0.000,0.000,0,0,0,0.000,0.000,5,1,0.862,0,121.803,239.749,0.500,0.592,3.179,0.907,0.095,0.024,0.174,0.826,0.246,0.750
2802,93.400,0.000,0.000,0.000,0.000,0,0,0,0.000,0.000,5,0,0.862,0,121.803,239.749,0.467,0.592,3.005,0.877,0.153,0.125,0.171,0.829,0.240,0.677
2805,93.500,0.000,0.000,0.000,0.000,0,0,0,0.000,0.000,5,0,0.862,0,121.803,239.749,0.433,0.592,0.953,0.810,0.101,0.897,0.094,0.906,0.189,0.677
2808,93.600,0.000,0.000,0.000,0.000,0,0,0,0.000,0.000,5,0,0.897,0,121.803,239.749,0.400,0.592,1.173,0.792,0.238,0.017,0.114,0.886,0.192,0.677
2811,93.700,0.000,0.000,0.000,0.000,0,0,0,0.000,0.000,5,0,0.931,0,121.803,239.749,0.367,0.592,0.862,0.718,0.378,0.483,0.092,0.908,0.185,0.677
2814,93.800,0.000,0.000,0.000,0.000,0,0,0,0.000,0.000,5,0,0.931,0,121.803,239.749,0.333,0.592,2.664,0.577,0.463,1.796,0.136,0.864,0.236,0.677
2817,93.900,0.000,0.000,0.000,0.000,0,0,0,0.000,0.000,6,1,0.897,0,121.803,239.749,0.300,0.592,4.924,0.917,0.489,1.901,0.198,0.802,0.265,0.750
2820,94.000,0.000,0.000,0.000,0.000,0,0,0,0.000,0.000,6,0,0.897,0,121.803,239.749,0.267,0.592,3.698,0.788,0.105,0.044,0.177,0.823,0.239,0.677
2823,94.100,0.000,0.000,0.000,0.000,0,0,0,0.000,0.000,6,0,0.897,0,121.803,239.749,0.233,0.592,4.369,0.459,0.111,0.083,0.139,0.861,0.275,0.677
2826,94.200,0.000,0.000,0.000,0.000,0,0,0,0.000,0.000,5,1,0.862,0,121.803,239.749,0.200,0.592,4.553,0.664,0.380,2.002,0.178,0.822,0.261,0.750
2829,94.300,255.071,0.000,198.670,0.000,1,1,0,0.000,1.059,5,0,0.862,2,121.803,239.749,0.200,0.258,4.718,0.762,0.719,0.938,0.192,0.808,0.711,0.677
2832,94.400,18.439,0.000,-236.631,0.000,1,1,0,0.000,1.066,5,0,0.862,2,108.167,384.279,0.200,0.258,4.440,0.844,0.966,0.004,0.188,0.812,0.550,0.601
2835,94.500,7.211,0.000,-11.228,0.000,1,1,0,0.000,1.109,4,1,0.828,2,7.810,534.569,0.200,0.258,3.828,0.771,1.131,0.221,0.195,0.805,0.496,0.750
2838,94.600,5.385,0.000,-1.826,0.000,1,1,0,0.000,1.331,4,0,0.828,2,41.231,609.598,0.200,0.258,3.170,0.797,1.329,0.032,0.185,0.815,0.467,0.580
2841,94.700,6.083,0.000,0.698,0.000,1,1,0,0.000,1.157,4,0,0.828,2,57.697,920.890,0.200,0.255,3.047,0.779,2.008,0.102,0.176,0.824,0.469,0.700
2844,94.800,2.236,0.000,-3.847,0.000,1,1,0,0.000,1.179,5,1,0.793,2,61.717,1166.224,0.200,0.255,2.765,0.761,1.693,0.049,0.194,0.806,0.424,0.750
2847,94.900,21.932,0.000,19.696,0.000,1,1,0,0.000,1.312,5,0,0.793,2,37.202,1309.835,0.233,0.255,2.672,0.759,1.427,0.123,0.179,0.821,0.536,0.700
2850,95.000,26.420,0.000,4.488,0.000,1,1,0,0.000,1.599,5,0,0.793,2,63.325,1416.318,0.267,0.255,2.089,0.832,1.742,0.432,0.149,0.851,0.545,0.700
2853,95.100,31.145,0.000,4.725,0.000,1,1,0,0.000,1.347,6,1,0.759,2,83.630,1453.970,0.300,0.255,3.159,0.696,1.819,1.565,0.139,0.861,0.599,0.750
2856,95.200,39.051,0.000,7.906,0.000,1,1,0,0.000,1.305,6,0,0.759,2,92.655,1452.788,0.333,0.255,2.927,0.667,2.004,0.219,0.137,0.863,0.643,0.700
2859,95.300,12.166,0.000,-26.886,0.000,1,1,0,0.000,1.271,6,0,0.759,2,94.530,1413.400,0.367,0.255,2.847,0.745,2.140,0.344,0.159,0.841,0.491,0.700
2862,95.400,57.385,0.000,45.219,0.000,1,1,0,0.000,1.160,7,1,0.724,2,21.260,1347.329,0.400,0.255,3.130,0.861,2.015,1.211,0.158,0.842,0.667,0.750
2865,95.500,14.422,0.000,-42.962,0.000,1,1,0,0.000,1.048,7,0,0.724,6,135.385,1251.350,0.433,0.242,2.247,0.748,1.178,0.287,0.143,0.857,0.590,0.750
2868,95.600,4.472,0.000,-9.950,0.000,1,1,0,0.000,0.905,7,0,0.759,6,158.521,1464.004,0.467,0.229,2.281,0.540,0.914,0.145,0.108,0.892,0.554,0.750
2871,95.700,5.385,0.000,0.913,0.000,1,1,0,0.000,1.127,5,1,0.724,2,0.000,1671.275,0.500,0.226,1.546,0.702,0.568,1.502,0.105,0.895,0.451,0.750
2874,95.800,4.472,0.000,-0.913,0.000,1,1,0,0.000,0.855,5,0,0.724,2,0.000,1814.704,0.533,0.222,1.448,0.836,0.203,0.344,0.124,0.876,0.439,0.580
2877,95.900,3.162,0.000,-1.310,0.000,1,1,0,0.000,0.845,5,0,0.724,2,0.000,1889.189,0.567,0.219,1.500,0.892,0.109,0.083,0.132,0.868,0.433,0.580
2880,96.000,1.414,0.000,-1.748,0.000,1,1,0,0.000,0.839,3,1,0.690,1,0.000,1771.709,0.600,0.219,1.472,0.913,0.355,0.202,0.144,0.856,0.413,0.750
2883,96.100,2.236,0.000,0.822,0.000,1,1,0,0.000,0.733,4,1,0.655,1,2.236,1800.588,0.633,0.219,1.426,0.802,0.557,0.275,0.118,0.882,0.413,0.750
2886,96.200,8.062,0.000,5.826,0.000,1,1,0,0.000,0.744,4,0,0.690,2,1.414,1612.444,0.667,0.216,1.459,0.386,0.727,2.324,0.082,0.918,0.524,0.580
2889,96.300,0.000,604.249,0.000,-30.771,1,0,1,0.000,1.878,4,0,0.690,2,0.000,1357.850,0.700,0.216,1.846,0.527,0.797,1.807,0.109,0.891,0.733,0.550
2892,96.400,3.606,0.000,-4.457,0.000,1,1,0,0.000,0.736,4,0,0.690,2,0.000,1002.908,0.733,0.212,1.848,0.627,0.819,0.835,0.118,0.882,0.500,0.580
2895,96.500,4.472,0.000,0.867,0.000,1,1,0,0.000,1.098,4,0,0.690,2,2.000,908.730,0.767,0.212,3.363,0.828,0.840,0.707,0.139,0.861,0.533,0.580
2898,96.600,1.000,0.000,-3.472,0.000,1,1,0,0.000,1.050,4,0,0.690,2,2.236,847.744,0.800,0.216,3.648,0.758,0.903,0.311,0.127,0.873,0.530,0.580
2901,96.700,3.606,0.000,2.606,0.000,1,1,0,0.000,1.033,4,0,0.690,2,0.000,536.529,0.833,0.216,1.975,0.886,1.107,1.632,0.144,0.856,0.497,0.580
2904,96.800,4.472,0.000,0.867,0.000,1,1,0,0.000,1.031,4,0,0.724,1,1.414,521.897,0.867,0.216,1.759,0.852,1.629,0.165,0.133,0.867,0.458,0.700
2907,96.900,1.414,0.000,-3.058,0.000,1,1,0,0.000,1.209,3,1,0.690,1,1.000,16.500,0.900,0.216,2.608,0.843,1.751,0.690,0.138,0.862,0.382,0.750
2910,97.000,0.000,0.000,-1.414,0.000,1,1,0,0.000,1.336,3,0,0.690,1,0.000,12.859,0.933,0.216,1.333,0.725,1.822,0.086,0.098,0.902,0.355,0.700
2913,97.100,1.000,0.000,1.000,0.000,1,1,0,0.000,1.395,3,0,0.724,1,1.414,12.645,0.967,0.487,1.627,0.496,1.668,2.374,0.093,0.907,0.388,0.700
2916,97.200,2.236,0.000,1.236,0.000,1,1,0,0.000,1.568,4,1,0.690,2,0.000,10.454,1.000,0.487,2.420,0.811,1.572,2.873,0.135,0.865,0.526,0.750
2919,97.300,2.828,0.000,0.592,0.000,1,1,0,0.000,1.380,4,0,0.690,1,3.606,9.964,1.000,0.496,1.637,0.913,1.235,0.970,0.132,0.868,0.458,0.580
2922,97.400,1.000,0.000,-1.828,0.000,1,1,0,0.000,1.327,4,0,0.724,1,0.000,9.857,1.000,0.496,1.177,0.552,1.022,0.489,0.082,0.918,0.461,0.580
2925,97.500,1.000,0.000,0.000,0.000,1,1,0,0.000,1.229,4,0,0.724,1,1.000,9.320,1.000,0.504,1.780,0.813,0.886,1.151,0.123,0.877,0.458,0.580
2928,97.600,2.828,0.000,1.828,0.000,1,1,0,0.000,1.339,4,0,0.724,1,2.236,8.704,1.000,0.504,2.959,0.900,0.661,0.441,0.163,0.837,0.492,0.580
2931,97.700,0.000,0.000,-2.828,0.000,1,1,0,0.000,1.228,4,0,0.759,1,1.000,8.735,1.000,0.513,1.435,0.668,0.316,1.853,0.110,0.890,0.454,0.580
2934,97.800,1.414,0.000,1.414,0.000,1,1,0,0.000,1.228,4,0,0.759,1,1.414,9.019,1.000,0.513,1.057,0.665,0.158,2.629,0.082,0.918,0.453,0.580
2937,97.900,1.000,0.000,-0.414,0.000,1,1,0,0.000,1.416,4,0,0.759,2,0.000,7.914,1.000,0.513,1.958,0.750,0.147,1.802,0.129,0.871,0.512,0.580
2940,98.000,3.162,0.000,2.162,0.000,1,1,0,0.000,1.285,4,0,0.793,1,2.236,7.869,1.000,0.521,2.610,0.891,0.051,0.091,0.163,0.837,0.485,0.580
2943,98.100,2.236,0.000,-0.926,0.000,1,1,0,0.000,1.255,3,1,0.759,1,1.414,7.434,1.000,0.521,1.351,0.614,0.237,0.616,0.095,0.905,0.383,0.750
2946,98.200,3.162,0.000,0.926,0.000,1,1,0,0.000,1.363,3,0,0.759,1,1.000,7.575,1.000,0.530,1.113,0.772,0.464,1.404,0.084,0.916,0.371,0.580
2949,98.300,4.243,0.000,1.080,0.000,1,1,0,0.000,1.440,3,0,0.793,2,0.000,8.914,1.000,0.530,2.778,0.895,0.472,0.316,0.160,0.840,0.470,0.580
2952,98.400,10.000,0.000,5.757,0.000,1,1,0,0.000,1.702,3,0,0.793,2,0.000,29.629,1.000,0.530,3.267,0.798,0.289,0.642,0.174,0.826,0.521,0.580
2955,98.500,98.127,0.000,88.127,0.000,1,1,0,0.000,1.466,3,0,0.793,2,67.179,127.924,1.000,0.530,3.831,0.770,0.190,1.138,0.204,0.796,0.732,0.450
2958,98.600,165.940,0.000,67.812,0.000,1,1,0,0.000,1.323,3,0,0.828,1,67.179,127.924,1.000,0.530,3.582,0.669,0.143,0.047,0.196,0.804,0.673,0.450
2961,98.700,0.000,0.000,0.000,0.000,0,0,0,0.000,0.000,4,1,0.793,0,67.179,127.924,0.967,0.530,3.310,0.856,0.394,0.279,0.195,0.805,0.309,0.750
2964,98.800,0.000,0.000,0.000,0.000,0,0,0,0.000,0.000,4,0,0.793,0,67.179,127.924,0.933,0.530,1.993,0.876,0.394,0.359,0.168,0.832,0.270,0.580
2967,98.900,0.000,0.000,0.000,0.000,0,0,0,0.000,0.000,4,0,0.828,0,67.179,127.924,0.900,0.530,2.029,0.892,0.415,0.994,0.170,0.830,0.266,0.580
2970,99.000,0.000,0.000,0.000,0.000,0,0,0,0.000,0.000,4,0,0.862,0,67.179,127.924,0.867,0.530,2.015,0.489,0.514,1.062,0.113,0.887,0.290,0.580
2973,99.100,0.000,0.000,0.000,0.000,0,0,0,0.000,0.000,4,0,0.862,0,67.179,127.924,0.833,0.530,2.314,0.915,0.515,2.278,0.168,0.832,0.264,0.580
2976,99.200,0.000,0.000,0.000,0.000,0,0,0,0.000,0.000,4,0,0.862,0,67.179,127.924,0.800,0.530,1.260,0.848,0.297,0.368,0.120,0.880,0.238,0.580
2979,99.300,0.000,0.000,0.000,0.000,0,0,0,0.000,0.000,4,0,0.862,0,67.179,127.924,0.767,0.530,1.395,0.952,0.283,0.292,0.115,0.885,0.230,0.580
2982,99.400,0.000,0.000,0.000,0.000,0,0,0,0.000,0.000,4,0,0.862,0,67.179,127.924,0.733,0.530,1.972,0.797,0.365,2.201,0.166,0.834,0.251,0.580
2985,99.500,0.000,0.000,0.000,0.000,0,0,0,0.000,0.000,4,0,0.862,0,67.179,127.924,0.700,0.530,3.635,0.738,0.357,1.735,0.191,0.809,0.293,0.580
2988,99.600,0.000,0.000,0.000,0.000,0,0,0,0.000,0.000,4,0,0.862,0,67.179,127.924,0.667,0.530,2.983,0.639,0.562,0.679,0.137,0.863,0.280,0.580
2991,99.700,0.000,0.000,0.000,0.000,0,0,0,0.000,0.000,4,0,0.862,0,67.179,127.924,0.633,0.530,2.859,0.572,1.177,0.746,0.117,0.883,0.277,0.580
2994,99.800,0.000,0.000,0.000,0.000,0,0,0,0.000,0.000,4,0,0.897,0,67.179,127.924,0.600,0.530,3.497,0.682,1.420,1.449,0.165,0.835,0.282,0.700
2997,99.900,0.000,0.000,0.000,0.000,0,0,0,0.000,0.000,4,0,0.897,0,67.179,127.924,0.567,0.530,3.518,0.687,1.276,0.024,0.161,0.839,0.278,0.580
3000,100.000,0.000,0.000,0.000,0.000,0,0,0,0.000,0.000,4,0,0.897,0,67.179,127.924,0.533,0.530,2.649,0.743,1.110,0.034,0.150,0.850,0.248,0.580
3003,100.100,0.000,0.000,0.000,0.000,0,0,0,0.000,0.000,4,0,0.931,0,67.179,127.924,0.500,0.530,2.107,0.757,0.642,0.057,0.136,0.864,0.230,0.580
3006,100.200,0.000,91.214,0.000,-513.035,1,0,1,0.000,1.577,4,0,0.931,2,0.000,194.869,0.500,0.284,2.682,0.684,0.338,2.147,0.135,0.865,0.719,0.650
3009,100.300,222.173,0.000,56.234,0.000,1,1,0,0.000,1.370,4,0,0.931,2,28.231,281.370,0.500,0.284,3.243,0.412,0.216,0.673,0.089,0.911,0.752,0.500
3012,100.400,41.761,0.000,-180.412,0.000,1,1,0,0.000,1.383,4,0,0.931,3,55.731,406.928,0.500,0.288,3.393,0.350,0.283,0.299,0.109,0.891,0.787,0.450
3015,100.500,24.187,0.000,-17.574,0.000,1,1,0,0.000,1.394,4,0,0.931,3,17.205,489.499,0.500,0.288,2.682,0.498,0.335,0.310,0.134,0.866,0.662,0.350
3018,100.600,29.833,0.000,5.646,0.000,1,1,0,0.000,1.121,4,0,0.931,3,94.668,616.425,0.500,0.293,2.491,0.648,0.371,1.340,0.103,0.897,0.678,0.550
3021,100.700,19.647,0.000,-10.186,0.000,1,1,0,0.000,1.321,4,0,0.931,2,0.000,642.444,0.500,0.297,1.854,0.571,0.441,0.126,0.099,0.901,0.566,0.580
3024,100.800,2.236,0.000,-17.411,0.000,1,1,0,0.000,1.052,3,1,0.897,2,14.765,644.257,0.500,0.297,2.923,0.825,0.493,1.222,0.189,0.811,0.408,0.750
3027,100.900,1.414,0.000,-0.822,0.000,1,1,0,0.000,1.086,3,0,0.897,2,4.123,645.459,0.500,0.297,2.726,0.821,0.602,0.212,0.188,0.812,0.399,0.580
3030,101.000,7.810,0.000,6.396,0.000,1,1,0,0.000,1.058,3,0,0.931,2,0.000,618.539,0.500,0.297,2.247,0.812,0.661,0.027,0.174,0.826,0.423,0.580
3033,101.100,4.472,0.000,-3.338,0.000,1,1,0,0.000,0.861,3,0,0.931,2,0.000,520.204,0.500,0.293,1.809,0.798,0.440,0.299,0.162,0.838,0.394,0.580
3036,101.200,4.472,0.000,0.000,0.000,1,1,0,0.000,0.923,3,0,0.931,2,0.000,462.037,0.500,0.293,1.324,0.806,0.244,0.215,0.140,0.860,0.382,0.580
3039,101.300,0.000,45.541,0.000,-45.673,1,0,1,0.000,1.582,3,0,0.931,1,4.243,458.840,0.500,0.293,1.247,0.698,0.007,0.045,0.123,0.877,0.552,0.500
3042,101.400,5.099,0.000,0.627,0.000,1,1,0,0.000,0.861,3,0,0.931,2,2.236,445.709,0.500,0.293,1.290,0.634,0.246,2.976,0.059,0.941,0.396,0.580
3045,101.500,5.000,0.000,-0.099,0.000,1,1,0,0.000,0.850,3,0,0.931,2,2.828,444.634,0.500,0.293,1.354,0.743,0.439,0.128,0.081,0.919,0.390,0.580
3048,101.600,3.162,0.000,-1.838,0.000,1,1,0,0.000,0.909,3,0,0.966,2,1.414,396.055,0.500,0.293,1.596,0.765,0.481,1.509,0.117,0.883,0.384,0.580
3051,101.700,3.606,0.000,0.443,0.000,1,1,0,0.000,1.113,3,0,0.966,2,4.472,342.259,0.533,0.293,2.983,0.867,0.419,0.171,0.170,0.830,0.418,0.580
3054,101.800,2.000,0.000,-1.606,0.000,1,1,0,0.000,1.146,3,0,0.966,1,3.000,264.914,0.567,0.297,2.377,0.866,0.350,0.132,0.148,0.852,0.338,0.580
3057,101.900,2.828,0.000,0.828,0.000,1,1,0,0.000,1.233,3,0,0.966,1,1.414,227.874,0.600,0.297,1.530,0.705,0.537,0.198,0.102,0.898,0.337,0.580
3060,102.000,3.000,0.000,0.172,0.000,1,1,0,0.000,1.187,3,0,0.966,1,4.123,206.127,0.633,0.297,1.758,0.852,0.816,0.383,0.128,0.872,0.337,0.580
3063,102.100,1.000,0.000,-2.000,0.000,1,1,0,0.000,1.267,3,0,0.966,1,1.414,120.237,0.667,0.297,1.427,0.881,0.983,0.123,0.119,0.881,0.320,0.580
3066,102.200,2.236,0.000,1.236,0.000,1,1,0,0.000,1.162,3,0,0.966,1,1.000,83.169,0.700,0.297,1.334,0.383,1.105,0.896,0.109,0.891,0.363,0.580
3069,102.300,2.236,0.000,0.000,0.000,1,1,0,0.000,1.071,3,0,0.966,2,0.000,47.784,0.733,0.297,1.315,0.761,1.331,1.343,0.116,0.884,0.400,0.580
3072,102.400,1.000,0.000,-1.236,0.000,1,1,0,0.000,1.008,3,0,0.966,1,1.000,41.559,0.767,0.297,1.091,0.830,1.970,1.289,0.103,0.897,0.327,0.700
3075,102.500,1.000,0.000,0.000,0.000,1,1,0,0.000,1.171,3,0,0.966,1,1.414,30.675,0.800,0.297,0.887,0.234,2.484,2.102,0.071,0.929,0.367,0.700
3078,102.600,1.000,0.000,0.000,0.000,1,1,0,0.000,1.294,3,0,0.966,1,1.414,25.239,0.833,0.297,1.294,0.711,2.582,0.727,0.091,0.909,0.348,0.700
3081,102.700,1.414,0.000,0.414,0.000,1,1,0,0.000,1.294,3,0,0.966,1,1.000,18.279,0.867,0.297,0.952,0.418,2.234,0.004,0.087,0.913,0.366,0.700
3084,102.800,2.236,0.000,0.822,0.000,1,1,0,0.000,1.548,3,0,0.966,1,1.414,15.119,0.900,0.297,1.329,0.908,1.759,2.589,0.143,0.857,0.350,0.700
3087,102.900,2.236,0.000,0.000,0.000,1,1,0,0.000,1.548,3,0,0.966,1,2.236,11.730,0.933,0.297,2.114,0.922,1.430,2.359,0.158,0.842,0.373,0.700
3090,103.000,1.414,0.000,-0.822,0.000,1,1,0,0.000,1.646,3,0,0.966,1,1.000,10.758,0.967,0.297,1.212,0.717,1.133,0.339,0.107,0.893,0.364,0.580
3093,103.100,0.000,0.000,-1.414,0.000,1,1,0,0.000,1.882,3,0,0.966,1,1.000,9.164,1.000,0.301,0.772,0.298,0.969,1.443,0.069,0.931,0.378,0.580
3096,103.200,1.000,0.000,1.000,0.000,1,1,0,0.000,1.856,3,0,0.966,1,1.000,8.114,1.000,0.301,1.212,0.887,0.975,0.017,0.115,0.885,0.354,0.580
3099,103.300,0.000,0.000,-1.000,0.000,1,1,0,0.000,1.599,3,0,0.966,1,0.000,7.575,1.000,0.301,1.047,0.770,1.140,1.566,0.108,0.892,0.352,0.580
3102,103.400,0.000,0.000,0.000,0.000,1,1,0,0.000,1.606,3,0,0.966,1,1.414,6.324,1.000,0.301,1.561,0.843,1.270,0.582,0.128,0.872,0.360,0.580
3105,103.500,1.000,0.000,1.000,0.000,1,1,0,0.000,1.880,3,0,0.966,1,1.000,4.154,1.000,0.301,0.820,0.651,1.211,2.186,0.079,0.921,0.361,0.580
3108,103.600,0.000,0.000,-1.000,0.000,1,1,0,0.000,1.410,3,0,0.966,1,1.000,3.317,1.000,0.306,0.803,0.394,1.260,2.239,0.064,0.936,0.372,0.580
3111,103.700,2.000,0.000,2.000,0.000,1,1,0,0.000,1.249,3,0,1.000,1,1.000,3.169,1.000,0.306,0.992,0.572,1.217,0.264,0.062,0.938,0.376,0.580
3114,103.800,0.000,0.000,-2.000,0.000,1,1,0,0.000,0.000,3,0,1.000,1,1.414,2.667,1.000,0.310,1.240,0.749,1.163,0.095,0.113,0.887,0.359,0.580
3117,103.900,1.000,0.000,1.000,0.000,1,1,0,0.000,0.000,3,0,1.000,1,0.000,2.670,1.000,0.310,0.451,0.681,1.099,0.795,0.041,0.959,0.349,0.580
3120,104.000,1.000,0.000,0.000,0.000,1,1,0,0.000,1.571,3,0,1.000,1,2.000,2.625,1.000,0.314,1.360,0.840,1.062,1.204,0.114,0.886,0.361,0.580
3123,104.100,21.024,0.000,20.024,0.000,1,1,0,0.000,2.332,3,0,1.000,2,22.627,14.124,1.000,0.583,1.927,0.753,0.809,1.249,0.148,0.852,0.552,0.350
3126,104.200,112.446,0.000,91.422,0.000,1,1,0,0.000,1.569,3,0,1.000,2,22.627,14.124,1.000,0.583,3.200,0.726,0.660,2.200,0.186,0.814,0.719,0.550
3129,104.300,0.000,0.000,0.000,0.000,0,0,0,0.000,0.000,3,0,1.000,0,22.627,14.124,0.967,0.583,3.529,0.683,0.304,0.484,0.200,0.800,0.226,0.650
3132,104.400,0.000,0.000,0.000,0.000,0,0,0,0.000,0.000,3,0,1.000,0,22.627,14.124,0.933,0.583,1.631,0.801,0.035,0.844,0.145,0.855,0.167,0.580
3135,104.500,0.000,0.000,0.000,0.000,0,0,0,0.000,0.000,3,0,1.000,0,22.627,14.124,0.900,0.583,1.603,0.840,0.195,0.275,0.142,0.858,0.159,0.580
3138,104.600,0.000,0.000,0.000,0.000,0,0,0,0.000,0.000,3,0,1.000,0,22.627,14.124,0.867,0.583,0.907,0.244,0.128,0.963,0.085,0.915,0.180,0.580
3141,104.700,0.000,0.000,0.000,0.000,0,0,0,0.000,0.000,3,0,1.000,0,22.627,14.124,0.833,0.583,3.212,0.967,0.011,2.551,0.214,0.786,0.183,0.580
3144,104.800,0.000,0.000,0.000,0.000,0,0,0,0.000,0.000,3,0,1.000,0,22.627,14.124,0.800,0.583,3.941,0.961,0.584,0.072,0.212,0.788,0.197,0.580
3147,104.900,0.000,0.000,0.000,0.000,0,0,0,0.000,0.000,3,0,1.000,0,22.627,14.124,0.767,0.583,3.016,0.846,1.597,0.368,0.191,0.809,0.178,0.700
3150,105.000,0.000,0.000,0.000,0.000,0,0,0,0.000,0.000,3,1,0.966,0,22.627,14.124,0.733,0.583,1.717,0.960,1.875,0.025,0.169,0.831,0.234,0.750
3153,105.100,0.000,0.000,0.000,0.000,0,0,0,0.000,0.000,4,1,0.931,0,22.627,14.124,0.700,0.583,1.309,0.942,2.287,0.074,0.133,0.867,0.221,0.750
3156,105.200,0.000,0.000,0.000,0.000,0,0,0,0.000,0.000,4,0,0.931,0,22.627,14.124,0.667,0.583,0.986,0.919,2.436,0.222,0.104,0.896,0.210,0.700
3159,105.300,0.000,0.000,0.000,0.000,0,0,0,0.000,0.000,4,0,0.931,0,22.627,14.124,0.633,0.583,1.553,0.894,2.498,0.753,0.117,0.883,0.222,0.700
3162,105.400,0.000,0.000,0.000,0.000,0,0,0,0.000,0.000,4,0,0.931,0,22.627,14.124,0.600,0.583,3.188,0.831,2.588,2.354,0.175,0.825,0.264,0.700
3165,105.500,96.876,0.000,-15.569,0.000,1,1,0,0.000,1.558,4,0,0.931,2,22.627,14.124,0.600,0.342,3.531,0.722,2.886,0.930,0.176,0.824,0.750,0.700
3168,105.600,0.000,106.005,0.000,60.464,1,0,1,0.000,1.919,4,0,0.931,2,22.627,14.124,0.600,0.347,2.573,0.185,3.189,1.244,0.083,0.917,0.763,0.700
3171,105.700,114.756,0.000,17.880,0.000,1,1,0,0.000,1.622,4,0,0.931,2,46.530,200.085,0.600,0.347,1.890,0.546,2.839,0.109,0.127,0.873,0.721,0.700
3174,105.800,15.297,0.000,-99.459,0.000,1,1,0,0.000,1.356,4,0,0.931,2,30.610,218.100,0.600,0.347,1.783,0.586,1.487,0.499,0.125,0.875,0.551,0.700
3177,105.900,4.472,0.000,-10.825,0.000,1,1,0,0.000,1.256,4,0,0.931,2,7.616,242.545,0.600,0.352,1.161,0.701,0.830,1.487,0.109,0.891,0.467,0.580
3180,106.000,5.831,0.000,1.359,0.000,1,1,0,0.000,1.305,4,0,0.931,2,33.601,269.189,0.600,0.352,1.127,0.738,0.847,0.944,0.100,0.900,0.471,0.580
3183,106.100,4.472,0.000,-1.359,0.000,1,1,0,0.000,1.119,4,0,0.931,2,3.606,288.415,0.600,0.352,1.166,0.700,0.779,0.020,0.100,0.900,0.467,0.580
3186,106.200,6.325,0.000,1.852,0.000,1,1,0,0.000,1.026,4,0,0.931,2,19.313,287.257,0.600,0.352,2.357,0.845,0.796,0.044,0.150,0.850,0.497,0.580
3189,106.300,5.385,0.000,-0.939,0.000,1,1,0,0.000,1.029,3,1,0.897,1,9.220,286.408,0.600,0.352,1.831,0.967,0.504,0.037,0.137,0.863,0.440,0.750
3192,106.400,4.123,0.000,-1.262,0.000,1,1,0,0.000,1.112,4,1,0.862,1,10.050,284.400,0.600,0.357,2.627,0.791,0.124,0.053,0.157,0.843,0.450,0.750
3195,106.500,2.236,0.000,-1.887,0.000,1,1,0,0.000,1.101,4,0,0.862,2,1.414,279.779,0.600,0.357,2.633,0.851,0.010,0.189,0.160,0.840,0.481,0.580
3198,106.600,12.207,0.000,9.970,0.000,1,1,0,0.000,1.313,4,0,0.862,2,0.000,274.069,0.600,0.357,3.924,0.875,0.011,0.042,0.175,0.825,0.567,0.580
3201,106.700,24.083,0.000,11.877,0.000,1,1,0,0.000,1.317,4,0,0.862,2,37.483,301.939,0.600,0.352,5.348,0.925,0.146,0.215,0.187,0.813,0.665,0.350
3204,106.800,17.464,0.000,-6.619,0.000,1,1,0,0.000,1.266,4,1,0.828,2,38.601,417.300,0.600,0.352,5.487,0.935,0.423,0.006,0.182,0.818,0.631,0.750
3207,106.900,27.459,0.000,9.995,0.000,1,1,0,0.000,1.285,4,0,0.828,2,36.878,603.175,0.600,0.352,4.235,0.934,0.661,0.378,0.186,0.814,0.655,0.350
3210,107.000,6.403,0.000,-21.056,0.000,1,1,0,0.000,1.126,4,0,0.828,2,0.000,731.315,0.600,0.352,5.619,0.919,0.583,0.014,0.194,0.806,0.574,0.580
3213,107.100,55.036,0.000,48.633,0.000,1,1,0,0.000,1.453,4,1,0.793,2,0.000,587.169,0.600,0.352,5.507,0.856,0.563,0.261,0.196,0.804,0.790,0.750
3216,107.200,0.000,85.703,0.000,-20.302,1,0,1,0.000,2.228,4,0,0.793,2,0.000,583.669,0.600,0.347,5.211,0.880,0.718,0.147,0.194,0.806,0.781,0.500
3219,107.300,16.279,0.000,-38.758,0.000,1,1,0,0.000,1.217,4,0,0.793,2,0.000,531.475,0.633,0.342,5.805,0.853,1.044,0.006,0.199,0.801,0.642,0.580
3222,107.400,16.643,0.000,0.364,0.000,1,1,0,0.000,1.222,4,1,0.759,2,0.000,503.499,0.667,0.342,5.102,0.828,1.510,0.034,0.197,0.803,0.632,0.750
3225,107.500,10.770,0.000,-5.873,0.000,1,1,0,0.000,1.031,4,0,0.759,2,6.000,469.287,0.700,0.337,3.489,0.880,1.775,0.087,0.182,0.818,0.559,0.700
3228,107.600,6.083,0.000,-4.688,0.000,1,1,0,0.000,0.971,4,0,0.759,2,0.000,410.099,0.733,0.332,3.368,0.900,1.921,0.019,0.181,0.819,0.533,0.700
3231,107.700,4.123,0.000,-1.960,0.000,1,1,0,0.000,0.826,4,0,0.759,2,3.000,387.219,0.767,0.327,2.952,0.901,2.094,0.020,0.169,0.831,0.516,0.700
3234,107.800,4.000,0.000,-0.123,0.000,1,1,0,0.000,0.828,4,0,0.759,2,2.000,347.897,0.800,0.322,2.471,0.896,2.289,0.075,0.158,0.842,0.507,0.700
3237,107.900,4.123,0.000,0.123,0.000,1,1,0,0.000,0.724,4,0,0.793,2,4.000,340.775,0.833,0.317,2.351,0.888,2.939,0.125,0.162,0.838,0.510,0.700
3240,108.000,0.000,67.978,0.000,-17.725,1,0,1,0.000,2.063,5,1,0.793,2,2.828,284.379,0.867,0.312,2.098,0.861,3.066,0.152,0.155,0.845,0.718,0.750
3243,108.100,0.000,3.162,0.000,-64.816,1,0,1,0.000,1.878,5,0,0.793,3,2.828,281.908,0.900,0.302,2.172,0.865,2.869,0.024,0.163,0.837,0.527,0.700
3246,108.200,10.000,0.000,5.877,0.000,1,1,0,0.000,0.439,5,0,0.793,2,4.472,198.604,0.933,0.297,2.055,0.859,2.169,0.007,0.154,0.846,0.531,0.700
3249,108.300,3.606,0.000,-6.394,0.000,1,1,0,0.000,0.407,4,1,0.759,1,4.000,181.368,0.967,0.297,2.209,0.825,1.245,0.242,0.148,0.852,0.478,0.750
3252,108.400,3.606,0.000,0.000,0.000,1,1,0,0.000,0.571,4,0,0.759,2,3.162,148.968,1.000,0.297,1.973,0.528,0.699,0.142,0.104,0.896,0.542,0.580
3255,108.500,2.000,0.000,-1.606,0.000,1,1,0,0.000,0.867,4,0,0.759,2,5.831,114.010,1.000,0.504,2.630,0.449,0.515,2.049,0.112,0.888,0.555,0.580
3258,108.600,3.162,0.000,1.162,0.000,1,1,0,0.000,0.996,5,1,0.724,2,0.000,106.075,1.000,0.504,2.502,0.545,0.242,2.227,0.130,0.870,0.534,0.750
3261,108.700,3.162,0.000,0.000,0.000,1,1,0,0.000,0.986,5,0,0.724,2,0.000,90.775,1.000,0.504,3.225,0.725,0.012,1.768,0.168,0.832,0.539,0.580
3264,108.800,2.236,0.000,-0.926,0.000,1,1,0,0.000,1.134,5,0,0.724,2,2.236,78.775,1.000,0.504,2.177,0.573,0.218,1.462,0.149,0.851,0.519,0.580
3267,108.900,3.162,0.000,0.926,0.000,1,1,0,0.000,1.398,3,1,0.690,2,0.000,52.688,1.000,0.504,2.092,0.778,0.500,0.481,0.146,0.854,0.455,0.750
3270,109.000,2.828,0.000,-0.334,0.000,1,1,0,0.000,1.406,3,0,0.690,2,1.000,40.420,1.000,0.504,1.660,0.679,0.804,0.882,0.131,0.869,0.450,0.580
3273,109.100,4.123,0.000,1.295,0.000,1,1,0,0.000,1.467,3,0,0.690,2,3.000,33.319,1.000,0.504,2.510,0.887,1.075,0.607,0.155,0.845,0.464,0.580
3276,109.200,2.828,0.000,-1.295,0.000,1,1,0,0.000,1.203,3,0,0.724,1,1.000,29.448,1.000,0.513,1.610,0.838,1.383,0.588,0.145,0.855,0.377,0.580
3279,109.300,4.000,0.000,1.172,0.000,1,1,0,0.000,0.982,3,0,0.759,1,2.000,23.554,1.000,0.513,2.083,0.819,1.534,0.625,0.150,0.850,0.397,0.700
3282,109.400,1.000,0.000,-3.000,0.000,1,1,0,0.000,1.022,3,0,0.759,1,1.000,18.187,1.000,0.521,2.151,0.910,1.682,0.311,0.152,0.848,0.376,0.700
3285,109.500,2.828,0.000,1.828,0.000,1,1,0,0.000,1.120,3,0,0.759,1,1.000,13.025,1.000,0.521,2.136,0.908,1.642,0.875,0.182,0.818,0.386,0.700
3288,109.600,1.000,0.000,-1.828,0.000,1,1,0,0.000,1.040,3,0,0.759,1,3.606,9.254,1.000,0.521,1.992,0.890,1.545,0.131,0.174,0.826,0.373,0.700
3291,109.700,0.000,0.000,-1.000,0.000,1,1,0,0.000,0.852,3,0,0.793,1,0.000,6.800,1.000,0.521,1.340,0.754,1.362,1.038,0.131,0.869,0.361,0.580
3294,109.800,3.162,0.000,3.162,0.000,1,1,0,0.000,0.916,4,1,0.759,1,2.000,5.864,1.000,0.530,1.927,0.912,1.201,0.334,0.178,0.822,0.467,0.750
3297,109.900,0.000,0.000,-3.162,0.000,1,1,0,0.000,0.991,4,0,0.759,1,1.000,6.389,1.000,0.530,2.135,0.893,1.072,0.203,0.168,0.832,0.456,0.580
3300,110.000,1.414,0.000,1.414,0.000,1,1,0,0.000,0.982,4,0,0.793,1,2.236,7.640,1.000,0.538,1.953,0.812,0.925,0.326,0.164,0.836,0.465,0.580
