frame_idx,timestamp,hand_velocity_left,hand_velocity_right,hand_acceleration_left,hand_acceleration_right,hands_present,grip_state_left,grip_state_right,hand_distance,trajectory_curvature,num_tools,tool_changed,tool_stability,num_interactions,contact_point_shift,contact_point_variance,interaction_density,interaction_rhythm,flow_magnitude,flow_uniformity,flow_discontinuity,direction_change,scene_change_score,visual_stability,activity_level,transition_score
0,0.000,0.000,0.000,0.000,0.000,0,0,0,0.000,0.000,4,0,1.000,0,0.000,0.000,0.000,0.000,0.000,1.000,0.000,0.000,0.000,1.000,0.100,0.000
3,0.100,0.000,0.000,0.000,0.000,0,0,0,0.000,0.000,5,1,0.000,0,0.000,0.000,0.000,0.000,1.344,0.573,0.000,0.523,0.117,0.883,0.163,0.750
6,0.200,0.000,0.000,0.000,0.000,0,0,0,0.000,0.000,5,0,0.500,0,0.000,0.000,0.000,0.000,1.677,0.840,0.000,1.864,0.149,0.851,0.153,0.550
9,0.300,0.000,0.000,0.000,0.000,1,0,0,0.000,0.000,6,1,0.333,5,0.000,0.000,0.250,0.000,1.813,0.842,0.000,0.650,0.140,0.860,0.386,0.750
12,0.400,16.155,0.000,16.155,0.000,1,0,0,0.000,0.000,6,0,0.500,5,0.000,32.625,0.400,0.261,1.028,0.186,0.000,2.172,0.106,0.894,0.520,0.550
15,0.500,15.000,0.000,-1.155,0.000,1,0,0,0.000,0.000,6,0,0.600,5,15.000,67.320,0.500,0.290,1.110,0.332,0.000,0.587,0.079,0.921,0.518,0.000
18,0.600,5.831,0.000,-9.169,0.000,1,0,0,0.000,1.030,6,0,0.667,5,133.507,907.490,0.571,0.302,0.774,0.762,0.000,2.749,0.076,0.924,0.437,0.742
21,0.700,10.817,0.000,4.986,0.000,1,0,0,0.000,1.277,6,0,0.714,5,10.817,829.211,0.625,0.309,0.879,0.875,0.000,1.064,0.141,0.859,0.466,0.350
24,0.800,40.522,0.000,28.315,0.000,2,1,0,40.522,1.826,6,0,0.750,6,113.464,1309.105,0.667,0.309,1.377,0.716,0.000,2.505,0.130,0.870,0.819,0.650
27,0.900,36.497,0.000,-8.225,0.000,2,1,0,36.497,2.246,6,1,0.667,6,0.000,1029.176,0.700,0.309,1.308,0.370,0.000,0.461,0.083,0.917,0.824,0.750
30,1.000,21.840,0.000,-14.656,0.000,1,1,0,0.000,2.358,6,0,0.700,5,128.141,1226.100,0.727,0.312,0.980,0.633,0.000,3.009,0.111,0.889,0.639,0.712
33,1.100,30.265,0.000,8.425,0.000,2,1,0,43.012,2.437,6,0,0.727,6,105.081,1361.002,0.750,0.312,0.905,0.830,0.000,2.650,0.101,0.899,0.753,0.650
36,1.200,0.000,6.708,0.000,6.708,1,0,0,0.000,0.000,5,1,0.667,4,105.081,1361.002,0.769,0.316,0.750,0.761,0.000,1.117,0.125,0.875,0.459,0.750
39,1.300,0.000,9.055,0.000,2.347,1,0,0,0.000,0.000,5,0,0.692,4,105.081,1361.002,0.786,0.320,0.457,0.819,0.000,0.350,0.094,0.906,0.463,0.584
42,1.400,0.000,5.000,0.000,-4.055,1,0,0,0.000,2.609,5,0,0.714,4,105.081,1361.002,0.800,0.324,0.538,0.867,0.000,0.594,0.111,0.889,0.441,0.584
45,1.500,82.638,210.924,52.372,205.924,2,1,0,239.754,2.672,5,1,0.667,6,0.000,1361.829,0.812,0.324,11.945,0.155,0.000,0.325,0.424,0.576,1.000,0.750
48,1.600,246.272,0.000,232.237,0.000,2,1,0,246.272,2.647,5,0,0.688,6,60.407,1239.559,0.824,0.324,1.551,0.519,0.000,0.980,0.143,0.857,0.881,0.450
51,1.700,0.000,266.732,0.000,7.354,2,0,1,266.732,2.668,5,0,0.706,6,109.859,1200.714,0.833,0.324,2.362,0.856,0.000,1.465,0.219,0.781,0.879,0.610
54,1.800,0.000,313.790,0.000,41.860,2,0,1,313.790,2.811,5,1,0.667,6,43.139,1298.957,0.842,0.324,2.103,0.853,0.000,0.090,0.216,0.784,0.874,0.750
57,1.900,0.000,313.882,0.000,0.092,1,0,1,0.000,2.857,5,0,0.684,4,27.313,1280.555,0.850,0.324,2.341,0.907,0.000,0.232,0.232,0.768,0.791,0.650
60,2.000,0.000,7.211,0.000,-306.671,1,0,1,0.000,2.609,5,0,0.700,4,34.928,1146.524,0.857,0.324,2.865,0.860,0.000,0.537,0.233,0.767,0.598,0.580
63,2.100,0.000,3.162,0.000,-4.049,1,0,1,0.000,2.513,4,1,0.667,3,28.792,1145.019,0.864,0.336,2.144,0.869,0.000,3.102,0.213,0.787,0.549,0.750
66,2.200,0.000,3.162,0.000,0.000,1,0,1,0.000,2.373,4,0,0.682,2,4.472,816.344,0.870,0.336,2.146,0.797,0.000,2.438,0.184,0.816,0.510,0.580
69,2.300,0.000,2.828,0.000,-0.334,1,0,1,0.000,2.052,4,0,0.696,2,4.472,805.014,0.875,0.347,1.354,0.841,0.000,0.496,0.154,0.846,0.486,0.580
72,2.400,0.000,6.083,0.000,3.254,1,0,1,0.000,1.797,4,0,0.708,3,4.472,842.879,0.880,0.347,0.948,0.861,0.000,0.790,0.124,0.876,0.538,0.580
75,2.500,0.000,6.000,0.000,-0.083,1,0,1,0.000,1.428,4,0,0.720,3,87.023,933.889,0.885,0.358,1.330,0.926,0.000,0.273,0.188,0.812,0.543,0.580
78,2.600,0.000,9.849,0.000,3.849,1,0,1,0.000,1.188,4,0,0.731,3,84.149,974.444,0.889,0.358,1.090,0.923,0.000,0.026,0.155,0.845,0.559,0.580
81,2.700,0.000,9.434,0.000,-0.415,1,0,1,0.000,1.067,3,1,0.704,2,18.028,711.519,0.893,0.369,2.268,0.881,0.000,0.874,0.230,0.770,0.475,0.750
84,2.800,0.000,9.899,0.000,0.466,1,0,1,0.000,1.126,3,0,0.714,2,0.000,618.714,0.897,0.369,1.094,0.835,0.000,2.615,0.175,0.825,0.452,0.580
87,2.900,254.012,0.000,7.740,0.000,1,1,0,0.000,2.682,3,0,0.724,2,28.231,632.964,0.900,0.379,1.466,0.869,0.000,0.851,0.195,0.805,0.654,0.500
90,3.000,0.000,1.414,0.000,-8.485,1,0,1,0.000,1.092,5,1,0.724,3,0.000,386.244,0.933,0.379,1.630,0.744,0.000,2.188,0.183,0.817,0.517,0.750
93,3.100,0.000,5.000,0.000,3.586,1,0,1,0.000,1.075,5,0,0.724,3,0.000,369.849,0.967,0.379,1.939,0.943,0.005,0.345,0.208,0.792,0.534,0.580
96,3.200,0.000,8.944,0.000,3.944,1,0,1,0.000,1.351,5,0,0.759,2,3.000,375.719,1.000,0.389,1.387,0.982,0.000,3.100,0.197,0.803,0.508,0.580
99,3.300,0.000,4.472,0.000,-4.472,1,0,1,0.000,1.429,4,1,0.724,2,4.000,373.744,1.000,0.399,2.285,0.851,0.041,2.513,0.204,0.796,0.532,0.750
102,3.400,1.000,9.434,-253.012,4.962,2,1,1,10.000,2.517,3,1,0.690,4,31.385,372.584,1.000,0.399,0.619,0.957,0.043,0.563,0.100,0.900,0.651,0.750
105,3.500,0.000,22.472,0.000,10.307,2,0,1,22.472,1.750,4,1,0.655,6,45.541,274.680,1.000,0.399,1.431,0.783,0.117,2.872,0.190,0.810,0.756,0.750
108,3.600,0.000,8.000,0.000,-14.472,1,0,1,0.000,1.929,4,0,0.655,3,48.374,178.569,1.000,0.408,1.449,0.975,0.195,1.329,0.190,0.810,0.567,0.650
111,3.700,0.000,8.062,0.000,0.062,1,0,1,0.000,1.864,4,0,0.655,3,0.000,177.574,1.000,0.408,4.886,0.978,0.248,2.665,0.281,0.719,0.654,0.580
114,3.800,9.220,0.000,8.220,0.000,1,1,0,0.000,2.430,4,0,0.690,3,0.000,174.339,1.000,0.417,2.533,0.966,0.213,0.990,0.224,0.776,0.602,0.580
117,3.900,10.296,0.000,1.076,0.000,1,1,0,0.000,2.293,5,1,0.655,3,0.000,167.437,1.000,0.417,3.121,0.939,0.183,1.160,0.256,0.744,0.598,0.750
120,4.000,0.000,29.732,0.000,21.670,1,0,1,0.000,1.794,5,0,0.655,3,17.000,183.219,1.000,0.417,2.280,0.929,0.120,1.913,0.223,0.777,0.685,0.550
123,4.100,0.000,9.000,0.000,-20.732,1,0,1,0.000,1.747,5,0,0.690,3,16.401,191.764,1.000,0.417,2.794,0.949,0.106,0.846,0.248,0.752,0.581,0.580
126,4.200,0.000,0.000,0.000,0.000,0,0,0,0.000,0.000,3,1,0.655,0,16.401,191.764,0.967,0.417,10.516,0.210,0.068,0.906,0.550,0.450,0.371,0.800
129,4.300,0.000,0.000,0.000,0.000,0,0,0,0.000,0.000,3,0,0.655,0,16.401,191.764,0.933,0.417,2.743,0.813,0.100,0.406,0.166,0.834,0.194,0.580
132,4.400,0.000,0.000,0.000,0.000,0,0,0,0.000,0.000,3,0,0.690,0,16.401,191.764,0.900,0.417,2.432,0.807,0.127,0.395,0.167,0.833,0.182,0.580
135,4.500,0.000,0.000,0.000,0.000,0,0,0,0.000,0.000,3,0,0.690,0,16.401,191.764,0.867,0.417,2.244,0.812,0.130,0.030,0.172,0.828,0.173,0.580
138,4.600,0.000,0.000,0.000,0.000,0,0,0,0.000,0.000,3,0,0.690,0,16.401,191.764,0.833,0.417,2.094,0.858,1.915,0.860,0.159,0.841,0.162,0.700
141,4.700,0.000,0.000,0.000,0.000,0,0,0,0.000,0.000,3,0,0.724,0,16.401,191.764,0.800,0.417,1.856,0.876,1.895,1.795,0.155,0.845,0.151,0.700
144,4.800,0.000,220.336,0.000,211.336,1,0,1,0.000,1.602,3,0,0.724,2,111.973,609.735,0.800,0.318,2.420,0.556,2.115,1.137,0.149,0.851,0.688,0.700
147,4.900,244.698,0.000,234.402,0.000,1,1,0,0.000,2.159,3,0,0.724,2,12.207,1059.477,0.800,0.318,1.869,0.257,2.071,0.897,0.127,0.873,0.695,0.700
150,5.000,16.553,0.000,-228.145,0.000,1,1,0,0.000,1.830,3,0,0.759,2,4.243,1437.079,0.800,0.318,2.434,0.092,2.254,0.041,0.153,0.847,0.562,0.700
153,5.100,9.220,0.000,-7.333,0.000,1,1,0,0.000,1.907,3,0,0.759,2,7.810,1782.619,0.800,0.318,2.021,0.286,3.025,1.010,0.147,0.853,0.498,0.700
156,5.200,5.831,0.000,-3.389,0.000,1,1,0,0.000,1.631,3,0,0.759,2,7.810,1782.619,0.800,0.318,1.832,0.091,3.376,0.349,0.160,0.840,0.488,0.700
159,5.300,25.020,0.000,19.189,0.000,1,1,0,0.000,1.503,3,0,0.759,2,20.125,2063.889,0.800,0.326,2.895,0.304,1.248,1.417,0.202,0.798,0.606,0.550
162,5.400,4.123,0.000,-20.897,0.000,1,1,0,0.000,1.313,3,0,0.759,2,20.125,2063.889,0.800,0.326,3.261,0.256,1.169,0.244,0.179,0.821,0.503,0.580
165,5.500,30.529,0.000,26.406,0.000,1,1,0,0.000,1.048,3,0,0.759,2,20.125,2063.889,0.800,0.326,5.904,0.788,1.001,1.317,0.208,0.792,0.678,0.550
168,5.600,39.000,0.000,8.471,0.000,1,1,0,0.000,0.885,3,0,0.793,2,20.125,2063.889,0.800,0.326,8.683,0.764,1.187,0.215,0.216,0.784,0.779,0.000
171,5.700,41.110,0.000,2.110,0.000,1,1,0,0.000,0.734,3,0,0.793,2,20.125,2063.889,0.800,0.326,8.450,0.798,1.478,0.338,0.208,0.792,0.788,0.700
174,5.800,21.401,0.000,-19.709,0.000,1,1,0,0.000,1.018,3,0,0.793,2,20.125,2063.889,0.800,0.326,9.470,0.400,0.335,3.039,0.218,0.782,0.707,0.550
177,5.900,0.000,0.000,0.000,0.000,0,0,0,0.000,0.000,3,0,0.828,0,20.125,2063.889,0.767,0.326,8.742,0.154,0.488,0.255,0.213,0.787,0.351,0.650
180,6.000,0.000,0.000,0.000,0.000,0,0,0,0.000,0.000,3,0,0.828,0,20.125,2063.889,0.733,0.326,7.995,0.365,0.650,0.405,0.258,0.742,0.332,0.580
183,6.100,0.000,0.000,0.000,0.000,0,0,0,0.000,0.000,3,0,0.828,0,20.125,2063.889,0.700,0.326,9.268,0.556,0.806,2.602,0.217,0.783,0.315,0.580
186,6.200,0.000,0.000,0.000,0.000,0,0,0,0.000,0.000,3,0,0.862,0,20.125,2063.889,0.667,0.326,8.518,0.419,1.016,0.028,0.149,0.851,0.321,0.580
189,6.300,0.000,0.000,0.000,0.000,0,0,0,0.000,0.000,3,0,0.897,0,20.125,2063.889,0.633,0.326,6.661,0.647,1.209,0.998,0.162,0.838,0.267,0.580
192,6.400,0.000,0.000,0.000,0.000,0,0,0,0.000,0.000,3,0,0.931,0,20.125,2063.889,0.600,0.326,8.590,0.845,1.332,0.798,0.163,0.837,0.283,0.580
195,6.500,0.000,0.000,0.000,0.000,0,0,0,0.000,0.000,3,0,0.931,0,20.125,2063.889,0.567,0.326,8.653,0.869,1.540,0.051,0.160,0.840,0.277,0.700
198,6.600,0.000,0.000,0.000,0.000,0,0,0,0.000,0.000,3,0,0.931,0,20.125,2063.889,0.533,0.326,9.230,0.853,1.728,0.105,0.154,0.846,0.274,0.700
201,6.700,0.000,0.000,0.000,0.000,0,0,0,0.000,0.000,3,0,0.931,0,20.125,2063.889,0.500,0.326,10.170,0.907,1.957,0.290,0.149,0.851,0.266,0.700
204,6.800,0.000,0.000,0.000,0.000,0,0,0,0.000,0.000,3,0,0.966,0,20.125,2063.889,0.467,0.326,10.876,0.937,2.358,0.192,0.144,0.856,0.260,0.700
207,6.900,0.000,0.000,0.000,0.000,0,0,0,0.000,0.000,4,1,0.931,0,20.125,2063.889,0.433,0.326,8.721,0.948,2.606,0.066,0.135,0.865,0.356,0.750
210,7.000,0.000,0.000,0.000,0.000,0,0,0,0.000,0.000,4,0,0.931,0,20.125,2063.889,0.400,0.326,5.948,0.956,2.775,0.368,0.131,0.869,0.300,0.700
213,7.100,0.000,0.000,0.000,0.000,0,0,0,0.000,0.000,4,0,0.966,0,20.125,2063.889,0.367,0.326,7.112,0.972,2.515,0.260,0.137,0.863,0.324,0.700
216,7.200,0.000,0.000,0.000,0.000,0,0,0,0.000,0.000,3,1,0.931,0,20.125,2063.889,0.367,0.326,10.054,0.887,1.940,0.113,0.150,0.850,0.252,0.750
219,7.300,0.000,0.000,0.000,0.000,0,0,0,0.000,0.000,3,0,0.931,0,20.125,2063.889,0.367,0.326,8.783,0.865,2.346,0.064,0.138,0.862,0.253,0.700
222,7.400,0.000,0.000,0.000,0.000,0,0,0,0.000,0.000,3,0,0.931,0,20.125,2063.889,0.367,0.326,11.573,0.686,1.770,0.126,0.156,0.844,0.266,0.700
225,7.500,0.000,0.000,0.000,0.000,0,0,0,0.000,0.000,5,1,0.897,0,20.125,2063.889,0.367,0.326,11.496,0.490,1.553,0.056,0.140,0.860,0.380,0.750
228,7.600,0.000,0.000,0.000,0.000,0,0,0,0.000,0.000,5,0,0.897,0,20.125,2063.889,0.367,0.326,10.023,0.785,1.459,0.125,0.139,0.861,0.359,0.700
231,7.700,0.000,0.000,0.000,0.000,0,0,0,0.000,0.000,5,0,0.897,0,20.125,2063.889,0.367,0.326,7.537,0.472,1.265,0.118,0.147,0.853,0.369,0.580
234,7.800,0.000,377.154,0.000,156.818,1,0,1,0.000,1.692,4,0,0.897,3,0.000,2923.240,0.367,0.228,7.545,0.450,1.111,0.154,0.162,0.838,0.886,0.650
237,7.900,0.000,0.000,0.000,0.000,0,0,0,0.000,0.000,4,0,0.897,0,0.000,2923.240,0.333,0.228,11.063,0.485,1.077,0.180,0.223,0.777,0.376,0.650
240,8.000,0.000,0.000,0.000,0.000,0,0,0,0.000,0.000,4,0,0.897,0,0.000,2923.240,0.300,0.228,12.712,0.344,1.028,0.018,0.186,0.814,0.382,0.580
243,8.100,0.000,0.000,0.000,0.000,0,0,0,0.000,0.000,3,1,0.862,0,0.000,2923.240,0.267,0.228,11.661,0.531,1.030,0.018,0.193,0.807,0.265,0.750
246,8.200,0.000,0.000,0.000,0.000,0,0,0,0.000,0.000,3,0,0.862,0,0.000,2923.240,0.233,0.228,12.633,0.825,1.005,0.106,0.251,0.749,0.240,0.580
249,8.300,0.000,0.000,0.000,0.000,0,0,0,0.000,0.000,3,0,0.862,0,0.000,2923.240,0.200,0.228,12.258,0.777,0.992,0.118,0.227,0.773,0.240,0.580
252,8.400,123.454,0.000,102.054,0.000,1,1,0,0.000,1.185,3,0,0.862,2,0.000,2923.240,0.200,0.244,11.629,0.661,0.920,0.247,0.238,0.762,0.748,0.650
255,8.500,46.872,0.000,-76.582,0.000,1,1,0,0.000,1.183,3,0,0.862,2,0.000,2923.240,0.200,0.244,10.689,0.694,1.255,0.165,0.235,0.765,0.745,0.450
258,8.600,0.000,0.000,0.000,0.000,0,0,0,0.000,0.000,3,0,0.862,0,0.000,2923.240,0.167,0.244,9.633,0.734,1.531,0.021,0.231,0.769,0.239,0.700
261,8.700,0.000,0.000,0.000,0.000,0,0,0,0.000,0.000,3,0,0.862,0,0.000,2923.240,0.133,0.244,8.071,0.683,1.675,0.021,0.216,0.784,0.238,0.700
264,8.800,0.000,0.000,0.000,0.000,0,0,0,0.000,0.000,3,0,0.862,0,0.000,2923.240,0.100,0.244,6.251,0.521,1.418,0.040,0.219,0.781,0.202,0.700
267,8.900,0.000,0.000,0.000,0.000,0,0,0,0.000,0.000,3,0,0.862,0,0.000,2923.240,0.100,0.244,3.386,0.533,1.340,1.796,0.208,0.792,0.129,0.580
270,9.000,0.000,0.000,0.000,0.000,0,0,0,0.000,0.000,5,1,0.828,0,0.000,2923.240,0.100,0.244,3.691,0.813,0.657,2.625,0.217,0.783,0.217,0.750
273,9.100,0.000,0.000,0.000,0.000,0,0,0,0.000,0.000,5,0,0.828,0,0.000,2923.240,0.100,0.244,2.140,0.597,0.131,2.554,0.177,0.823,0.194,0.580
276,9.200,154.019,0.000,107.147,0.000,1,1,0,0.000,0.966,5,0,0.828,4,57.974,2805.204,0.133,0.253,3.507,0.512,0.228,1.499,0.206,0.794,0.762,0.650
279,9.300,13.038,0.000,-140.981,0.000,1,1,0,0.000,1.294,4,1,0.793,3,0.000,2691.819,0.167,0.253,4.040,0.530,0.346,0.384,0.220,0.780,0.591,0.750
282,9.400,16.279,0.000,3.240,0.000,1,1,0,0.000,1.350,4,0,0.793,3,0.000,2708.384,0.200,0.257,5.022,0.528,0.547,0.140,0.227,0.773,0.638,0.580
285,9.500,0.000,0.000,0.000,0.000,0,0,0,0.000,0.000,4,0,0.793,0,0.000,2708.384,0.200,0.257,6.371,0.389,0.869,0.197,0.229,0.771,0.326,0.650
288,9.600,0.000,0.000,0.000,0.000,0,0,0,0.000,0.000,3,1,0.759,0,0.000,2708.384,0.200,0.257,6.821,0.361,1.150,0.242,0.219,0.781,0.239,0.750
291,9.700,0.000,0.000,0.000,0.000,0,0,0,0.000,0.000,3,0,0.759,0,0.000,2708.384,0.200,0.257,8.290,0.381,1.360,0.115,0.227,0.773,0.267,0.580
294,9.800,0.000,0.000,0.000,0.000,0,0,0,0.000,0.000,3,0,0.793,0,0.000,2708.384,0.200,0.257,10.573,0.471,1.491,0.072,0.235,0.765,0.261,0.700
297,9.900,0.000,0.000,0.000,0.000,0,0,0,0.000,0.000,4,1,0.759,0,0.000,2708.384,0.200,0.257,7.524,0.512,1.536,0.289,0.218,0.782,0.346,0.750
300,10.000,0.000,0.000,0.000,0.000,0,0,0,0.000,0.000,4,0,0.759,0,0.000,2708.384,0.200,0.257,7.126,0.750,1.745,0.238,0.220,0.780,0.320,0.700
303,10.100,0.000,334.791,0.000,-42.363,1,0,1,0.000,1.790,4,0,0.793,2,0.000,2834.344,0.233,0.272,8.269,0.677,2.349,0.207,0.238,0.762,0.821,0.700
306,10.200,0.000,51.788,0.000,-283.003,1,0,1,0.000,1.508,4,1,0.759,3,0.000,3145.237,0.267,0.272,8.959,0.590,2.817,3.129,0.226,0.774,0.876,0.750
309,10.300,0.000,29.547,0.000,-22.241,1,0,1,0.000,1.327,4,0,0.759,2,95.603,3374.587,0.300,0.272,6.177,0.747,2.515,0.663,0.211,0.789,0.692,0.700
312,10.400,89.320,0.000,73.041,0.000,1,1,0,0.000,1.398,4,0,0.793,2,63.032,3277.934,0.333,0.272,4.758,0.405,2.103,2.927,0.194,0.806,0.771,0.700
315,10.500,0.000,14.142,0.000,-15.404,1,0,1,0.000,1.462,3,1,0.759,1,63.032,3277.934,0.367,0.275,9.042,0.539,1.366,0.223,0.204,0.796,0.545,0.750
318,10.600,0.000,0.000,0.000,0.000,0,0,0,0.000,0.000,3,0,0.759,0,63.032,3277.934,0.367,0.275,10.187,0.464,0.904,0.082,0.201,0.799,0.281,0.650
321,10.700,0.000,0.000,0.000,0.000,0,0,0,0.000,0.000,3,0,0.759,0,63.032,3277.934,0.367,0.275,8.200,0.364,0.470,0.007,0.204,0.796,0.289,0.580
324,10.800,0.000,0.000,0.000,0.000,0,0,0,0.000,0.000,3,0,0.759,0,63.032,3277.934,0.333,0.275,7.468,0.388,0.282,0.153,0.185,0.815,0.270,0.580
327,10.900,0.000,0.000,0.000,0.000,0,0,0,0.000,0.000,3,0,0.759,0,63.032,3277.934,0.333,0.275,9.205,0.711,0.149,1.533,0.186,0.814,0.260,0.580
330,11.000,0.000,0.000,0.000,0.000,0,0,0,0.000,0.000,3,0,0.793,0,63.032,3277.934,0.333,0.275,9.342,0.613,0.029,1.157,0.231,0.769,0.267,0.580
333,11.100,0.000,0.000,0.000,0.000,0,0,0,0.000,0.000,4,1,0.759,0,63.032,3277.934,0.333,0.275,9.933,0.669,0.202,1.146,0.194,0.806,0.363,0.750
336,11.200,0.000,0.000,0.000,0.000,0,0,0,0.000,0.000,4,0,0.759,0,63.032,3277.934,0.333,0.275,10.453,0.500,0.368,1.969,0.216,0.784,0.375,0.580
339,11.300,0.000,0.000,0.000,0.000,0,0,0,0.000,0.000,4,0,0.759,0,63.032,3277.934,0.333,0.275,11.232,0.392,0.544,0.469,0.260,0.740,0.383,0.580
342,11.400,0.000,0.000,0.000,0.000,0,0,0,0.000,0.000,3,1,0.724,0,63.032,3277.934,0.300,0.275,8.709,0.619,0.630,0.587,0.189,0.811,0.263,0.750
345,11.500,0.000,0.000,0.000,0.000,0,0,0,0.000,0.000,3,0,0.724,0,63.032,3277.934,0.267,0.275,16.798,0.796,0.835,0.190,0.229,0.771,0.246,0.580
348,11.600,0.000,0.000,0.000,0.000,0,0,0,0.000,0.000,3,0,0.724,0,63.032,3277.934,0.267,0.275,13.837,0.596,1.290,0.113,0.198,0.802,0.260,0.580
351,11.700,0.000,0.000,0.000,0.000,0,0,0,0.000,0.000,4,1,0.690,0,63.032,3277.934,0.267,0.275,9.696,0.593,1.555,0.083,0.210,0.790,0.361,0.750
354,11.800,0.000,0.000,0.000,0.000,0,0,0,0.000,0.000,4,0,0.690,0,63.032,3277.934,0.267,0.275,8.460,0.824,1.510,0.061,0.200,0.800,0.344,0.700
357,11.900,0.000,0.000,0.000,0.000,0,0,0,0.000,0.000,4,0,0.724,0,63.032,3277.934,0.267,0.275,5.954,0.652,1.577,0.236,0.151,0.849,0.305,0.700
360,12.000,0.000,0.000,0.000,0.000,0,0,0,0.000,0.000,3,1,0.690,0,63.032,3277.934,0.267,0.275,5.692,0.585,1.630,0.248,0.151,0.849,0.203,0.750
363,12.100,0.000,0.000,0.000,0.000,0,0,0,0.000,0.000,3,0,0.690,0,63.032,3277.934,0.267,0.275,7.335,0.624,1.376,0.003,0.169,0.831,0.242,0.580
366,12.200,0.000,0.000,0.000,0.000,0,0,0,0.000,0.000,3,0,0.724,0,63.032,3277.934,0.233,0.275,6.444,0.721,1.139,0.006,0.196,0.804,0.209,0.580
369,12.300,608.320,0.000,519.000,0.000,1,1,0,0.000,1.589,3,0,0.724,1,63.032,3277.934,0.233,0.281,6.436,0.729,1.045,0.000,0.237,0.763,0.648,0.650
372,12.400,0.000,0.000,0.000,0.000,0,0,0,0.000,0.000,3,0,0.724,0,63.032,3277.934,0.200,0.281,3.406,0.608,1.012,0.008,0.134,0.866,0.137,0.650
375,12.500,648.753,0.000,-113.415,0.000,2,1,0,648.753,1.753,3,0,0.759,4,63.032,3277.934,0.233,0.280,3.257,0.463,0.652,1.505,0.134,0.866,0.757,0.650
378,12.600,40.311,0.000,-608.441,0.000,1,1,0,0.000,1.977,3,0,0.759,2,63.032,3277.934,0.267,0.283,5.177,0.404,0.256,0.437,0.164,0.836,0.677,0.650
381,12.700,7.211,0.000,-33.100,0.000,1,1,0,0.000,2.105,3,0,0.759,2,63.032,3277.934,0.300,0.283,3.874,0.679,0.096,2.146,0.138,0.862,0.445,0.580
384,12.800,25.710,0.000,18.499,0.000,1,1,0,0.000,1.795,3,0,0.793,2,63.032,3277.934,0.333,0.272,6.860,0.769,0.456,0.776,0.192,0.808,0.621,0.580
387,12.900,21.095,0.000,-4.615,0.000,1,1,0,0.000,1.718,3,0,0.793,2,63.032,3277.934,0.367,0.272,5.912,0.721,0.640,0.080,0.173,0.827,0.579,0.580
390,13.000,17.029,0.000,-4.066,0.000,1,1,0,0.000,1.888,3,0,0.793,2,63.032,3277.934,0.400,0.272,8.453,0.727,0.811,0.305,0.188,0.812,0.612,0.580
393,13.100,50.448,40.112,33.419,25.970,2,1,1,529.024,1.819,3,0,0.828,4,0.000,2745.614,0.400,0.270,13.582,0.582,0.985,0.752,0.249,0.751,0.887,0.650
396,13.200,46.755,45.310,-3.693,5.198,2,1,1,581.031,1.688,3,0,0.828,4,0.000,1975.420,0.400,0.267,12.561,0.551,1.045,0.110,0.234,0.766,0.889,0.350
399,13.300,612.160,0.000,532.254,0.000,2,1,0,612.160,1.046,3,0,0.828,4,0.000,1257.247,0.400,0.264,11.150,0.478,0.996,0.770,0.352,0.648,0.895,0.602
402,13.400,624.087,0.000,-0.785,0.000,2,1,0,624.087,1.598,3,0,0.862,4,0.000,936.544,0.400,0.262,11.133,0.672,1.037,0.026,0.203,0.797,0.881,0.350
405,13.500,625.819,172.795,1.731,127.485,2,1,1,557.621,1.969,3,0,0.862,4,0.000,1419.889,0.400,0.265,11.829,0.714,0.988,0.011,0.168,0.832,0.878,0.500
408,13.600,0.000,0.000,0.000,0.000,0,0,0,0.000,0.000,3,0,0.862,0,0.000,1419.889,0.400,0.265,10.010,0.790,0.681,0.283,0.167,0.833,0.263,0.650
411,13.700,0.000,0.000,0.000,0.000,0,0,0,0.000,0.000,3,0,0.862,0,0.000,1419.889,0.400,0.265,9.070,0.878,0.534,0.352,0.211,0.789,0.257,0.580
414,13.800,0.000,0.000,0.000,0.000,0,0,0,0.000,0.000,7,1,0.828,0,0.000,1419.889,0.400,0.265,6.535,0.663,0.416,0.155,0.263,0.737,0.335,0.750
417,13.900,0.000,0.000,0.000,0.000,0,0,0,0.000,0.000,7,0,0.828,0,0.000,1419.889,0.400,0.265,9.281,0.588,0.382,0.686,0.362,0.638,0.377,0.612
420,14.000,0.000,0.000,0.000,0.000,0,0,0,0.000,0.000,7,0,0.862,0,0.000,1419.889,0.400,0.265,7.744,0.551,0.103,0.332,0.250,0.750,0.373,0.580
423,14.100,0.000,0.000,0.000,0.000,0,0,0,0.000,0.000,3,1,0.828,0,0.000,1419.889,0.400,0.265,5.669,0.511,0.104,1.496,0.224,0.776,0.224,0.750
426,14.200,0.000,0.000,0.000,0.000,0,0,0,0.000,0.000,3,0,0.828,0,0.000,1419.889,0.400,0.265,5.679,0.474,0.198,1.207,0.256,0.744,0.227,0.580
429,14.300,0.000,0.000,0.000,0.000,0,0,0,0.000,0.000,3,0,0.862,0,0.000,1419.889,0.400,0.265,6.676,0.508,0.343,0.585,0.234,0.766,0.249,0.580
432,14.400,0.000,0.000,0.000,0.000,0,0,0,0.000,0.000,3,0,0.862,0,0.000,1419.889,0.400,0.265,6.018,0.652,0.431,1.113,0.257,0.743,0.223,0.580
435,14.500,0.000,0.000,0.000,0.000,0,0,0,0.000,0.000,3,0,0.862,0,0.000,1419.889,0.400,0.265,7.058,0.565,0.484,1.459,0.232,0.768,0.255,0.580
438,14.600,0.000,0.000,0.000,0.000,0,0,0,0.000,0.000,3,0,0.897,0,0.000,1419.889,0.400,0.265,3.186,0.021,0.849,2.277,0.194,0.806,0.196,0.580
441,14.700,0.000,0.000,0.000,0.000,0,0,0,0.000,0.000,4,1,0.862,0,0.000,1419.889,0.400,0.265,5.014,0.249,0.601,0.458,0.222,0.778,0.326,0.750
444,14.800,0.000,0.000,0.000,0.000,0,0,0,0.000,0.000,4,0,0.862,0,0.000,1419.889,0.400,0.265,1.876,0.403,0.294,0.713,0.188,0.812,0.237,0.580
447,14.900,0.000,0.000,0.000,0.000,0,0,0,0.000,0.000,4,0,0.897,0,0.000,1419.889,0.400,0.265,5.289,0.059,0.015,0.362,0.203,0.797,0.346,0.580
450,15.000,0.000,0.000,0.000,0.000,0,0,0,0.000,0.000,3,1,0.862,0,0.000,1419.889,0.400,0.265,1.895,0.658,0.217,2.465,0.178,0.822,0.119,0.750
453,15.100,0.000,0.000,0.000,0.000,0,0,0,0.000,0.000,3,0,0.862,0,0.000,1419.889,0.400,0.265,3.794,0.653,0.530,2.540,0.172,0.828,0.167,0.580
456,15.200,0.000,0.000,0.000,0.000,0,0,0,0.000,0.000,3,0,0.862,0,0.000,1419.889,0.400,0.265,2.419,0.780,0.700,2.295,0.176,0.824,0.124,0.580
459,15.300,0.000,0.000,0.000,0.000,0,0,0,0.000,0.000,3,0,0.862,0,0.000,1419.889,0.367,0.265,6.453,0.751,0.888,2.329,0.220,0.780,0.223,0.580
462,15.400,0.000,0.000,0.000,0.000,0,0,0,0.000,0.000,3,0,0.862,0,0.000,1419.889,0.367,0.265,3.764,0.487,0.893,0.252,0.211,0.789,0.174,0.580
465,15.500,0.000,0.000,0.000,0.000,0,0,0,0.000,0.000,3,0,0.862,0,0.000,1419.889,0.333,0.265,7.477,0.746,1.210,0.233,0.161,0.839,0.245,0.580
468,15.600,0.000,0.000,0.000,0.000,0,0,0,0.000,0.000,4,1,0.828,0,0.000,1419.889,0.300,0.265,5.924,0.673,1.468,0.100,0.204,0.796,0.307,0.750
471,15.700,0.000,0.000,0.000,0.000,0,0,0,0.000,0.000,4,0,0.828,0,0.000,1419.889,0.267,0.265,5.928,0.471,1.496,0.116,0.214,0.786,0.317,0.700
474,15.800,0.000,0.000,0.000,0.000,0,0,0,0.000,0.000,4,0,0.828,0,0.000,1419.889,0.233,0.265,4.205,0.241,1.651,0.004,0.200,0.800,0.286,0.700
477,15.900,0.000,0.000,0.000,0.000,0,0,0,0.000,0.000,3,1,0.793,0,0.000,1419.889,0.200,0.265,4.473,0.143,1.704,0.124,0.209,0.791,0.196,0.750
480,16.000,0.000,0.000,0.000,0.000,0,0,0,0.000,0.000,3,0,0.793,0,0.000,1419.889,0.167,0.265,3.222,0.506,1.753,2.639,0.218,0.782,0.135,0.700
483,16.100,0.000,0.000,0.000,0.000,0,0,0,0.000,0.000,3,0,0.793,0,0.000,1419.889,0.133,0.265,3.507,0.818,1.786,0.155,0.255,0.745,0.116,0.700
486,16.200,0.000,0.000,0.000,0.000,0,0,0,0.000,0.000,3,0,0.793,0,0.000,1419.889,0.100,0.265,3.800,0.831,1.478,0.172,0.256,0.744,0.119,0.700
489,16.300,0.000,0.000,0.000,0.000,0,0,0,0.000,0.000,3,0,0.793,0,0.000,1419.889,0.067,0.265,3.895,0.841,1.401,0.187,0.236,0.764,0.117,0.700
492,16.400,0.000,0.000,0.000,0.000,0,0,0,0.000,0.000,3,0,0.793,0,0.000,1419.889,0.033,0.265,3.444,0.969,1.008,0.383,0.239,0.761,0.092,0.580
495,16.500,0.000,0.000,0.000,0.000,0,0,0,0.000,0.000,5,1,0.759,0,0.000,1419.889,0.000,0.265,4.240,0.978,0.979,0.262,0.245,0.755,0.208,0.750
498,16.600,0.000,0.000,0.000,0.000,0,0,0,0.000,0.000,5,0,0.759,0,0.000,1419.889,0.000,0.265,3.865,0.939,0.687,0.303,0.232,0.768,0.201,0.580
501,16.700,0.000,0.000,0.000,0.000,0,0,0,0.000,0.000,5,0,0.793,0,0.000,1419.889,0.000,0.265,3.776,0.937,0.554,0.040,0.233,0.767,0.199,0.580
504,16.800,0.000,0.000,0.000,0.000,0,0,0,0.000,0.000,5,1,0.759,0,0.000,1419.889,0.000,0.265,5.204,0.835,0.319,0.166,0.244,0.756,0.242,0.750
507,16.900,0.000,0.000,0.000,0.000,0,0,0,0.000,0.000,5,0,0.759,0,0.000,1419.889,0.000,0.265,4.494,0.770,0.357,0.254,0.244,0.756,0.228,0.580
510,17.000,0.000,0.000,0.000,0.000,0,0,0,0.000,0.000,5,0,0.793,0,0.000,1419.889,0.000,0.265,7.492,0.972,0.184,0.045,0.243,0.757,0.289,0.580
513,17.100,0.000,0.000,0.000,0.000,0,0,0,0.000,0.000,4,1,0.759,0,0.000,1419.889,0.000,0.265,6.786,0.948,0.177,0.029,0.236,0.764,0.273,0.750
516,17.200,0.000,0.000,0.000,0.000,0,0,0,0.000,0.000,4,0,0.759,0,0.000,1419.889,0.000,0.265,5.159,0.944,0.154,0.119,0.224,0.776,0.233,0.580
519,17.300,0.000,0.000,0.000,0.000,0,0,0,0.000,0.000,4,0,0.759,0,0.000,1419.889,0.000,0.265,5.901,0.925,0.190,0.220,0.223,0.777,0.253,0.580
522,17.400,0.000,0.000,0.000,0.000,0,0,0,0.000,0.000,4,1,0.724,0,0.000,1419.889,0.000,0.265,3.648,0.825,0.039,0.277,0.183,0.817,0.203,0.750
525,17.500,0.000,0.000,0.000,0.000,0,0,0,0.000,0.000,4,0,0.724,0,0.000,1419.889,0.000,0.265,3.544,0.690,0.012,1.457,0.151,0.849,0.210,0.580
528,17.600,0.000,0.000,0.000,0.000,0,0,0,0.000,0.000,4,0,0.759,0,0.000,1419.889,0.000,0.265,4.590,0.587,0.157,0.006,0.169,0.831,0.244,0.580
531,17.700,0.000,0.000,0.000,0.000,0,0,0,0.000,0.000,4,0,0.759,0,0.000,1419.889,0.000,0.265,4.695,0.591,0.190,2.894,0.211,0.789,0.246,0.580
534,17.800,0.000,0.000,0.000,0.000,0,0,0,0.000,0.000,4,0,0.759,0,0.000,1419.889,0.000,0.265,6.333,0.519,0.278,0.687,0.199,0.801,0.292,0.580
537,17.900,0.000,0.000,0.000,0.000,0,0,0,0.000,0.000,4,0,0.793,0,0.000,1419.889,0.000,0.265,8.367,0.649,0.321,0.201,0.195,0.805,0.325,0.580
540,18.000,0.000,0.000,0.000,0.000,0,0,0,0.000,0.000,5,1,0.759,0,0.000,1419.889,0.000,0.265,8.997,0.709,0.626,0.122,0.201,0.799,0.320,0.750
543,18.100,0.000,0.000,0.000,0.000,0,0,0,0.000,0.000,5,0,0.759,0,0.000,1419.889,0.000,0.265,12.562,0.804,0.813,0.130,0.215,0.785,0.314,0.580
546,18.200,0.000,0.000,0.000,0.000,0,0,0,0.000,0.000,5,0,0.759,0,0.000,1419.889,0.000,0.265,13.238,0.817,1.246,0.132,0.213,0.787,0.313,0.580
549,18.300,0.000,0.000,0.000,0.000,0,0,0,0.000,0.000,4,0,0.759,0,0.000,1419.889,0.000,0.265,16.625,0.742,1.781,0.331,0.216,0.784,0.318,0.700
552,18.400,0.000,457.162,0.000,284.367,1,0,1,0.000,1.583,4,0,0.759,1,0.000,1419.889,0.033,0.201,17.621,0.727,2.666,0.102,0.206,0.794,0.748,0.700
555,18.500,0.000,7.071,0.000,-450.091,1,0,1,0.000,1.246,4,0,0.793,1,0.000,1419.889,0.067,0.203,14.090,0.575,3.433,0.146,0.195,0.805,0.552,0.700
558,18.600,0.000,690.119,0.000,674.854,2,0,1,690.119,1.377,5,1,0.759,4,0.000,1419.889,0.100,0.192,16.469,0.709,3.813,0.102,0.191,0.809,0.906,0.750
561,18.700,0.000,23.854,0.000,-666.265,1,0,1,0.000,1.500,5,0,0.759,3,0.000,1419.889,0.133,0.192,15.832,0.835,4.016,0.317,0.188,0.812,0.698,0.700
564,18.800,0.000,23.259,0.000,-0.594,1,0,1,0.000,1.132,5,0,0.793,3,0.000,1419.889,0.167,0.192,11.503,0.776,4.812,0.196,0.186,0.814,0.703,0.700
567,18.900,0.000,24.083,0.000,0.824,1,0,1,0.000,1.019,5,0,0.793,3,0.000,1419.889,0.200,0.183,8.566,0.746,4.842,0.174,0.185,0.815,0.714,0.700
570,19.000,625.501,0.000,-0.317,0.000,1,1,0,0.000,2.019,5,0,0.793,3,0.000,1419.889,0.233,0.183,5.902,0.534,5.058,0.035,0.166,0.834,0.796,0.700
573,19.100,0.000,43.046,0.000,18.963,1,0,1,0.000,0.913,5,0,0.793,3,0.000,1419.889,0.267,0.183,6.413,0.501,5.254,1.530,0.180,0.820,0.804,0.700
576,19.200,42.579,0.000,-582.922,0.000,1,1,0,0.000,2.213,3,1,0.759,2,0.000,1419.889,0.300,0.183,8.055,0.457,5.445,0.266,0.175,0.825,0.761,0.750
579,19.300,0.000,22.136,0.000,-20.911,1,0,1,0.000,0.849,3,0,0.759,2,144.267,1467.129,0.333,0.159,9.602,0.508,5.689,0.377,0.180,0.820,0.647,0.750
582,19.400,27.459,0.000,-15.120,0.000,1,1,0,0.000,2.241,3,0,0.793,2,0.000,1575.124,0.367,0.157,9.907,0.581,5.532,0.086,0.178,0.822,0.676,0.700
585,19.500,12.166,0.000,-15.294,0.000,1,1,0,0.000,2.284,3,0,0.793,2,0.000,1698.929,0.400,0.159,9.849,0.700,4.542,0.164,0.174,0.826,0.587,0.700
588,19.600,0.000,0.000,0.000,0.000,0,0,0,0.000,0.000,3,0,0.793,0,0.000,1698.929,0.400,0.159,11.445,0.853,3.698,0.039,0.180,0.820,0.258,0.700
591,19.700,0.000,0.000,0.000,0.000,0,0,0,0.000,0.000,3,0,0.828,0,0.000,1698.929,0.400,0.159,9.899,0.920,2.351,0.067,0.175,0.825,0.254,0.700
594,19.800,0.000,0.000,0.000,0.000,0,0,0,0.000,0.000,3,0,0.828,0,0.000,1698.929,0.400,0.159,7.375,0.903,1.642,0.162,0.168,0.832,0.239,0.700
597,19.900,0.000,0.000,0.000,0.000,0,0,0,0.000,0.000,3,0,0.828,0,0.000,1698.929,0.400,0.159,3.221,0.620,0.891,0.567,0.150,0.850,0.155,0.580
600,20.000,0.000,41.629,0.000,19.493,1,0,1,0.000,1.052,3,0,0.862,2,0.000,1698.929,0.433,0.166,5.078,0.696,0.341,0.797,0.162,0.838,0.682,0.650
603,20.100,0.000,0.000,0.000,0.000,0,0,0,0.000,0.000,4,1,0.828,0,0.000,1698.929,0.433,0.166,4.570,0.799,0.100,0.930,0.154,0.846,0.280,0.750
606,20.200,0.000,0.000,0.000,0.000,0,0,0,0.000,0.000,4,0,0.828,0,0.000,1698.929,0.433,0.166,6.650,0.886,0.196,0.464,0.160,0.840,0.326,0.580
609,20.300,0.000,523.867,0.000,421.164,2,0,1,523.867,1.041,4,0,0.862,6,0.000,2082.919,0.467,0.166,9.294,0.738,0.454,0.155,0.182,0.818,0.984,0.650
612,20.400,99.850,0.000,87.684,0.000,1,1,0,0.000,2.147,3,1,0.828,2,0.000,2313.894,0.500,0.166,14.453,0.832,0.571,0.065,0.224,0.776,0.772,0.750
615,20.500,0.000,458.328,0.000,-65.539,1,0,1,0.000,1.037,3,0,0.828,2,31.305,2385.664,0.533,0.166,14.551,0.418,0.596,0.001,0.194,0.806,0.805,0.500
618,20.600,0.000,37.121,0.000,-421.207,1,0,1,0.000,1.333,3,0,0.828,2,0.000,2827.034,0.567,0.167,13.961,0.527,0.530,0.031,0.190,0.810,0.757,0.580
621,20.700,0.000,38.626,0.000,27.446,2,0,1,38.626,1.373,4,1,0.793,4,17.205,3415.279,0.600,0.167,14.056,0.759,0.460,0.060,0.148,0.852,0.963,0.750
624,20.800,0.000,39.825,0.000,24.268,2,0,1,39.825,1.827,4,0,0.793,4,17.205,3415.279,0.633,0.167,10.253,0.915,0.446,0.007,0.131,0.869,0.963,0.580
627,20.900,0.000,14.142,0.000,-25.682,1,0,1,0.000,1.949,4,0,0.828,2,17.205,3415.279,0.667,0.167,4.311,0.750,0.515,0.116,0.125,0.875,0.604,0.650
630,21.000,0.000,14.866,0.000,0.724,1,0,1,0.000,2.190,4,1,0.793,2,17.205,3415.279,0.700,0.169,3.857,0.669,0.653,2.836,0.140,0.860,0.606,0.750
633,21.100,0.000,282.781,0.000,258.368,2,0,1,282.781,2.072,4,0,0.793,5,0.000,4516.090,0.733,0.355,8.625,0.900,0.783,0.433,0.203,0.797,1.000,0.650
636,21.200,0.000,0.000,0.000,0.000,0,0,0,0.000,0.000,4,0,0.793,0,0.000,4516.090,0.733,0.355,14.372,0.808,0.815,0.054,0.221,0.779,0.401,0.650
639,21.300,0.000,0.000,0.000,0.000,0,0,0,0.000,0.000,5,1,0.759,0,0.000,4516.090,0.733,0.355,16.447,0.706,0.673,0.245,0.240,0.760,0.409,0.750
642,21.400,0.000,0.000,0.000,0.000,0,0,0,0.000,0.000,5,0,0.759,0,0.000,4516.090,0.700,0.355,16.108,0.425,0.355,0.047,0.173,0.827,0.424,0.580
645,21.500,0.000,405.686,0.000,122.905,1,0,1,0.000,2.367,5,0,0.793,1,0.000,4516.090,0.700,0.350,13.087,0.545,0.160,0.063,0.150,0.850,0.832,0.650
648,21.600,0.000,50.220,0.000,-355.466,1,0,1,0.000,2.516,4,1,0.759,3,0.000,4516.090,0.700,0.350,13.385,0.453,0.484,0.068,0.148,0.852,0.937,0.750
651,21.700,201.102,0.000,101.252,0.000,1,1,0,0.000,2.116,4,0,0.759,3,0.000,4516.090,0.700,0.350,12.642,0.603,0.987,0.176,0.165,0.835,0.927,0.500
654,21.800,68.118,0.000,-132.984,0.000,1,1,0,0.000,1.846,4,0,0.759,2,0.000,4516.090,0.700,0.350,9.852,0.561,1.673,0.516,0.168,0.832,0.885,0.700
657,21.900,133.297,0.000,65.179,0.000,1,1,0,0.000,1.505,4,1,0.724,2,0.000,4516.090,0.700,0.357,8.397,0.451,1.873,0.021,0.190,0.810,0.892,0.750
660,22.000,0.000,0.000,0.000,0.000,0,0,0,0.000,0.000,4,0,0.724,0,0.000,4516.090,0.667,0.357,8.205,0.540,1.228,2.011,0.176,0.824,0.412,0.650
663,22.100,0.000,0.000,0.000,0.000,0,0,0,0.000,0.000,4,0,0.759,0,0.000,4516.090,0.633,0.357,7.415,0.729,0.779,2.385,0.130,0.870,0.380,0.580
666,22.200,0.000,0.000,0.000,0.000,0,0,0,0.000,0.000,3,1,0.724,0,0.000,4516.090,0.600,0.357,8.992,0.930,0.456,0.390,0.137,0.863,0.277,0.750
669,22.300,0.000,420.463,0.000,370.243,1,0,1,0.000,2.221,3,0,0.724,1,0.000,4516.090,0.600,0.355,8.156,0.734,0.225,0.956,0.142,0.858,0.731,0.650
672,22.400,0.000,141.824,0.000,-278.639,1,0,1,0.000,2.196,3,0,0.724,2,0.000,4516.090,0.600,0.362,10.551,0.711,0.173,0.789,0.162,0.838,0.792,0.450
675,22.500,152.594,37.121,19.298,-104.702,2,1,1,27.459,1.841,3,0,0.724,4,0.000,4516.090,0.600,0.355,9.412,0.796,0.370,0.307,0.153,0.847,0.896,0.650
678,22.600,0.000,26.907,0.000,-10.214,1,0,1,0.000,1.668,3,0,0.724,2,0.000,4516.090,0.633,0.362,9.098,0.607,0.540,0.778,0.148,0.852,0.703,0.650
681,22.700,0.000,21.932,0.000,-4.976,1,0,1,0.000,1.355,3,0,0.724,2,0.000,4516.090,0.667,0.362,8.846,0.677,0.604,0.352,0.152,0.848,0.674,0.580
684,22.800,0.000,17.493,0.000,-4.439,1,0,1,0.000,1.118,3,0,0.724,2,0.000,4516.090,0.700,0.362,8.343,0.526,0.411,0.255,0.171,0.829,0.664,0.580
687,22.900,0.000,510.001,0.000,482.216,2,0,1,510.001,0.705,3,0,0.724,4,0.000,4516.090,0.733,0.355,9.989,0.456,0.128,0.154,0.160,0.840,0.936,0.650
690,23.000,0.000,460.314,0.000,-44.083,2,0,1,460.314,1.108,3,0,0.759,4,0.000,4516.090,0.733,0.361,6.316,0.456,0.151,0.088,0.132,0.868,0.894,0.450
693,23.100,147.231,37.483,-5.363,-422.831,2,1,1,419.687,1.483,3,0,0.759,4,124.326,4831.108,0.767,0.369,6.027,0.340,0.386,0.121,0.147,0.853,0.899,0.691
696,23.200,10.198,17.720,-137.033,-19.763,2,1,1,412.351,1.459,3,0,0.759,4,3.000,4850.965,0.800,0.361,4.399,0.300,0.688,0.491,0.127,0.873,0.713,0.580
699,23.300,34.132,35.468,23.934,17.748,2,1,1,440.204,1.581,3,0,0.793,4,3.000,4850.965,0.800,0.353,6.529,0.556,0.979,2.237,0.122,0.878,0.847,0.580
702,23.400,480.067,451.453,445.935,415.985,2,1,1,491.123,1.852,3,0,0.793,4,3.000,4850.965,0.800,0.353,7.999,0.796,1.054,0.264,0.126,0.874,0.920,0.450
705,23.500,0.000,551.439,0.000,534.947,2,0,1,551.439,2.104,3,0,0.793,4,3.000,4850.965,0.800,0.353,7.260,0.596,0.944,2.337,0.177,0.823,0.916,0.550
708,23.600,0.000,554.398,0.000,2.959,1,0,1,0.000,2.109,3,0,0.828,2,3.000,4850.965,0.800,0.353,7.439,0.624,0.848,2.412,0.183,0.817,0.808,0.650
711,23.700,0.000,589.234,0.000,582.023,2,0,1,589.234,1.681,3,0,0.828,4,3.000,4850.965,0.800,0.353,8.411,0.606,0.727,0.125,0.184,0.816,0.934,0.650
714,23.800,525.161,28.018,45.094,-561.216,2,1,1,573.083,1.891,3,0,0.828,4,3.000,4850.965,0.800,0.361,8.159,0.952,0.664,0.094,0.180,0.820,0.909,0.500
717,23.900,557.427,589.401,32.266,561.383,2,1,1,573.550,1.810,3,0,0.862,4,3.000,4850.965,0.800,0.361,6.179,0.837,0.619,0.267,0.179,0.821,0.872,0.450
720,24.000,15.297,20.025,-542.130,-569.376,2,1,1,576.619,1.987,3,0,0.862,4,3.000,4850.965,0.800,0.351,4.746,0.809,0.889,0.022,0.220,0.780,0.699,0.580
723,24.100,6.083,33.526,-9.214,13.501,2,1,1,601.641,1.985,3,0,0.862,4,3.000,4850.965,0.800,0.379,4.157,0.681,1.271,0.098,0.173,0.827,0.769,0.580
726,24.200,6.325,0.000,0.242,0.000,1,1,0,0.000,2.162,3,0,0.897,2,3.000,4850.965,0.833,0.389,5.345,0.872,1.405,0.006,0.188,0.812,0.528,0.700
729,24.300,3.606,0.000,-2.719,0.000,1,1,0,0.000,2.215,3,0,0.897,2,3.000,4850.965,0.867,0.389,3.198,0.528,1.403,0.625,0.146,0.854,0.487,0.700
732,24.400,0.000,489.690,0.000,-107.691,2,0,1,489.690,1.463,3,0,0.897,4,253.002,4906.825,0.900,0.379,4.339,0.436,1.557,0.615,0.153,0.847,0.866,0.750
735,24.500,0.000,463.580,0.000,-17.926,2,0,1,463.580,1.904,3,0,0.931,4,196.390,4790.600,0.900,0.379,4.040,0.423,2.050,1.043,0.136,0.864,0.859,0.750
738,24.600,0.000,452.994,0.000,-4.229,2,0,1,452.994,2.293,4,1,0.897,6,177.099,4985.685,0.900,0.369,3.766,0.280,1.930,1.295,0.133,0.867,0.963,0.750
741,24.700,0.000,456.327,0.000,0.576,2,0,1,456.327,2.992,4,0,0.897,6,6.708,5004.019,0.900,0.369,3.936,0.286,1.944,0.101,0.156,0.844,0.966,0.700
744,24.800,0.000,452.770,0.000,-3.556,1,0,1,0.000,3.070,4,0,0.931,3,235.342,5470.907,0.900,0.369,3.671,0.532,1.610,1.195,0.161,0.839,0.848,0.750
747,24.900,0.000,477.535,0.000,442.550,2,0,1,477.535,2.741,4,1,0.897,4,34.986,5830.017,0.900,0.369,3.665,0.622,1.595,0.735,0.152,0.848,0.936,0.750
750,25.000,0.000,480.608,0.000,-4.185,2,0,1,480.608,2.737,4,0,0.897,4,33.242,6073.844,0.933,0.369,3.257,0.519,1.764,0.556,0.159,0.841,0.937,0.700
753,25.100,0.000,486.236,0.000,6.410,2,0,1,486.236,2.739,4,0,0.931,4,40.853,6144.938,0.967,0.369,2.612,0.507,1.880,1.731,0.156,0.844,0.926,0.700
756,25.200,0.000,502.086,0.000,24.565,2,0,1,502.086,2.739,3,1,0.897,4,22.204,6158.794,1.000,0.369,3.616,0.619,2.083,0.267,0.169,0.831,0.847,0.750
759,25.300,503.481,503.083,499.875,0.998,2,1,1,509.274,3.013,3,0,0.897,4,8.485,5908.620,1.000,0.369,2.450,0.782,2.286,0.184,0.175,0.825,0.807,0.700
762,25.400,14.866,4.472,-488.615,-498.611,2,1,1,524.295,2.784,3,0,0.897,4,270.069,5835.744,1.000,0.369,2.075,0.906,2.528,0.092,0.166,0.834,0.621,0.750
765,25.500,2.236,11.180,-12.630,6.708,2,1,1,534.634,2.429,3,0,0.897,4,266.271,6484.224,1.000,0.369,3.392,0.719,2.711,0.610,0.172,0.828,0.647,0.750
768,25.600,0.000,538.917,0.000,531.846,2,0,1,538.917,2.051,3,0,0.897,4,266.271,6484.224,1.000,0.369,3.712,0.707,2.426,0.726,0.177,0.823,0.843,0.750
771,25.700,7.280,548.377,5.044,9.459,2,1,1,544.210,2.051,3,0,0.897,4,3.162,7056.179,1.000,0.358,2.879,0.706,2.086,0.546,0.178,0.822,0.823,0.700
774,25.800,8.485,8.485,1.205,-539.891,2,1,1,544.210,1.966,4,1,0.862,4,3.162,7056.179,1.000,0.358,3.593,0.528,2.085,0.026,0.166,0.834,0.750,0.750
777,25.900,0.000,7.000,0.000,-1.485,1,0,1,0.000,1.676,4,0,0.862,2,3.162,7056.179,1.000,0.358,4.710,0.690,1.687,0.348,0.206,0.794,0.618,0.700
780,26.000,0.000,23.087,0.000,16.087,1,0,1,0.000,1.322,4,0,0.862,2,3.162,7056.179,1.000,0.369,4.733,0.489,1.659,0.526,0.207,0.793,0.722,0.700
783,26.100,0.000,21.932,0.000,-1.155,1,0,1,0.000,1.336,3,1,0.828,2,3.162,7056.179,1.000,0.369,5.169,0.703,1.465,0.248,0.202,0.798,0.642,0.750
786,26.200,0.000,6.403,0.000,-15.529,1,0,1,0.000,1.318,3,0,0.828,2,3.162,7056.179,1.000,0.379,4.483,0.678,1.254,0.438,0.191,0.809,0.540,0.580
789,26.300,0.000,5.831,0.000,-0.572,1,0,1,0.000,1.518,3,0,0.828,2,3.162,7056.179,1.000,0.389,4.595,0.829,1.196,0.184,0.148,0.852,0.529,0.580
792,26.400,0.000,21.541,0.000,15.710,1,0,1,0.000,1.238,3,0,0.828,1,3.162,7056.179,1.000,0.389,3.559,0.613,1.021,0.764,0.153,0.847,0.546,0.580
795,26.500,0.000,30.480,0.000,8.939,1,0,1,0.000,0.888,3,0,0.828,1,3.162,7056.179,1.000,0.399,4.215,0.617,0.903,1.560,0.172,0.828,0.612,0.580
798,26.600,0.000,9.849,0.000,-20.631,1,0,1,0.000,0.741,3,0,0.828,1,3.162,7056.179,1.000,0.408,1.455,0.613,0.723,0.283,0.121,0.879,0.428,0.580
801,26.700,0.000,22.204,0.000,12.355,1,0,1,0.000,0.865,3,0,0.828,2,3.162,7056.179,1.000,0.417,3.546,0.784,0.596,0.893,0.159,0.841,0.597,0.580
804,26.800,0.000,20.125,0.000,-2.079,1,0,1,0.000,1.044,3,0,0.828,2,3.162,7056.179,1.000,0.417,3.374,0.576,0.506,0.098,0.135,0.865,0.596,0.580
807,26.900,0.000,35.014,0.000,14.890,1,0,1,0.000,1.041,3,0,0.828,2,3.162,7056.179,1.000,0.426,4.160,0.631,0.248,1.635,0.146,0.854,0.694,0.580
810,27.000,0.000,22.672,0.000,-12.343,1,0,1,0.000,1.126,3,0,0.828,2,3.162,7056.179,1.000,0.426,4.165,0.475,0.216,2.156,0.146,0.854,0.637,0.580
813,27.100,0.000,0.000,0.000,0.000,0,0,0,0.000,0.000,3,0,0.828,0,3.162,7056.179,0.967,0.426,2.292,0.773,0.412,1.820,0.134,0.866,0.189,0.650
816,27.200,26.571,0.000,18.085,0.000,1,1,0,0.000,1.124,3,0,0.828,2,3.162,7056.179,0.967,0.428,2.378,0.685,0.335,0.614,0.118,0.882,0.595,0.650
819,27.300,4.000,0.000,-22.571,0.000,1,1,0,0.000,1.217,3,0,0.828,2,3.162,7056.179,0.967,0.428,2.471,0.672,0.635,0.551,0.133,0.867,0.473,0.580
822,27.400,2.236,0.000,-1.764,0.000,1,1,0,0.000,1.192,3,0,0.828,1,3.162,7056.179,0.967,0.437,1.610,0.669,0.469,0.486,0.119,0.881,0.382,0.580
825,27.500,5.831,0.000,3.595,0.000,1,1,0,0.000,1.458,3,0,0.862,1,3.162,7056.179,0.967,0.446,1.315,0.733,0.085,0.004,0.088,0.912,0.390,0.580
828,27.600,0.000,0.000,-5.831,0.000,1,1,0,0.000,1.553,3,0,0.862,1,3.162,7056.179,0.967,0.446,1.502,0.749,0.304,1.661,0.110,0.890,0.361,0.580
831,27.700,1.000,0.000,1.000,0.000,1,1,0,0.000,1.612,3,0,0.862,2,3.162,7056.179,0.967,0.454,1.759,0.523,0.668,0.925,0.093,0.907,0.449,0.580
834,27.800,6.000,0.000,5.000,0.000,1,1,0,0.000,1.736,3,0,0.897,2,3.162,7056.179,0.967,0.454,4.010,0.572,0.901,1.031,0.154,0.846,0.530,0.580
837,27.900,3.162,0.000,-2.838,0.000,1,1,0,0.000,1.597,3,0,0.897,2,3.162,7056.179,0.967,0.463,4.426,0.283,0.978,1.334,0.135,0.865,0.544,0.580
840,28.000,5.000,0.000,1.838,0.000,1,1,0,0.000,1.685,3,0,0.897,2,3.162,7056.179,0.967,0.463,6.072,0.282,0.905,0.362,0.153,0.847,0.596,0.580
843,28.100,47.434,0.000,42.434,0.000,1,1,0,0.000,1.320,3,0,0.931,2,3.162,7056.179,0.967,0.471,5.209,0.346,0.835,0.706,0.185,0.815,0.792,0.580
846,28.200,29.411,0.000,-18.023,0.000,1,1,0,0.000,1.244,3,0,0.931,2,3.162,7056.179,0.967,0.471,6.010,0.804,0.411,0.382,0.214,0.786,0.693,0.580
849,28.300,90.934,0.000,61.523,0.000,1,1,0,0.000,0.761,3,0,0.931,2,3.162,7056.179,0.967,0.480,4.607,0.723,0.246,0.435,0.215,0.785,0.751,0.450
852,28.400,0.000,0.000,0.000,0.000,0,0,0,0.000,0.000,3,0,0.931,0,3.162,7056.179,0.933,0.480,2.972,0.788,0.237,0.561,0.207,0.793,0.201,0.650
855,28.500,0.000,0.000,0.000,0.000,0,0,0,0.000,0.000,3,0,0.931,0,3.162,7056.179,0.900,0.480,4.590,0.818,0.509,0.332,0.206,0.794,0.235,0.580
858,28.600,189.180,0.000,98.246,0.000,1,1,0,0.000,0.776,3,0,0.931,2,264.055,7248.469,0.900,0.459,4.073,0.225,0.538,2.500,0.207,0.793,0.764,0.750
861,28.700,0.000,0.000,0.000,0.000,0,0,0,0.000,0.000,3,0,0.966,0,264.055,7248.469,0.867,0.459,5.609,0.276,0.270,0.866,0.201,0.799,0.295,0.750
864,28.800,0.000,0.000,0.000,0.000,0,0,0,0.000,0.000,3,0,0.966,0,264.055,7248.469,0.833,0.459,3.991,0.557,0.013,0.386,0.215,0.785,0.231,0.750
867,28.900,0.000,0.000,0.000,0.000,0,0,0,0.000,0.000,3,0,0.966,0,264.055,7248.469,0.800,0.459,5.531,0.771,0.155,1.503,0.239,0.761,0.250,0.750
870,29.000,0.000,275.045,0.000,252.374,1,0,1,0.000,1.050,3,0,1.000,2,264.055,7248.469,0.800,0.438,6.307,0.797,0.555,0.264,0.242,0.758,0.768,0.750
873,29.100,0.000,15.524,0.000,-259.521,1,0,1,0.000,1.139,3,0,1.000,2,264.055,7248.469,0.800,0.438,4.187,0.900,0.990,0.349,0.224,0.776,0.544,0.750
876,29.200,0.000,7.616,0.000,-7.908,1,0,1,0.000,1.180,3,0,1.000,2,264.055,7248.469,0.800,0.445,3.426,0.871,1.391,0.270,0.206,0.794,0.483,0.750
879,29.300,0.000,17.804,0.000,10.189,1,0,1,0.000,1.250,3,0,1.000,2,264.055,7248.469,0.800,0.445,4.750,0.789,1.690,0.138,0.221,0.779,0.578,0.750
882,29.400,0.000,11.402,0.000,-6.403,1,0,1,0.000,1.028,3,0,1.000,2,264.055,7248.469,0.800,0.453,4.001,0.757,1.855,0.194,0.215,0.785,0.526,0.750
885,29.500,0.000,13.038,0.000,1.637,1,0,1,0.000,0.823,3,0,1.000,2,264.055,7248.469,0.800,0.453,3.835,0.565,1.679,0.698,0.189,0.811,0.545,0.750
888,29.600,0.000,4.123,0.000,-8.915,1,0,1,0.000,0.802,3,0,1.000,2,264.055,7248.469,0.800,0.461,3.498,0.421,1.204,2.421,0.180,0.820,0.497,0.750
891,29.700,0.000,17.889,0.000,13.765,1,0,1,0.000,0.923,3,0,1.000,2,264.055,7248.469,0.800,0.461,3.125,0.487,0.908,0.979,0.182,0.818,0.559,0.750
894,29.800,89.107,45.100,-100.073,27.211,2,1,1,501.440,1.062,3,0,1.000,4,264.055,7248.469,0.800,0.453,5.453,0.668,0.585,0.295,0.209,0.791,0.866,0.750
897,29.900,77.414,72.277,-11.692,27.177,2,1,1,447.478,1.028,3,0,1.000,4,0.000,6582.699,0.800,0.445,5.894,0.727,0.558,1.247,0.195,0.805,0.872,0.450
900,30.000,34.482,57.009,-42.933,-15.268,2,1,1,431.456,0.898,4,1,0.966,6,0.000,6887.900,0.800,0.422,4.112,0.566,0.733,1.382,0.137,0.863,0.939,0.750
903,30.100,22.361,3.162,-12.121,-53.846,2,1,1,413.052,0.994,4,0,0.966,6,61.000,6323.057,0.833,0.407,3.061,0.314,0.688,3.019,0.136,0.864,0.809,0.580
906,30.200,42.190,33.136,19.829,29.974,2,1,1,387.930,0.989,4,0,0.966,6,0.000,5892.054,0.833,0.381,5.306,0.593,0.580,0.025,0.169,0.831,0.956,0.450
909,30.300,37.590,36.401,-4.600,3.264,2,1,1,357.737,0.993,3,1,0.931,4,0.000,5082.114,0.833,0.364,4.943,0.669,0.418,0.029,0.159,0.841,0.816,0.750
912,30.400,42.755,23.259,5.165,-13.141,2,1,1,336.204,1.011,3,0,0.931,4,0.000,3988.145,0.833,0.355,4.212,0.602,0.404,0.217,0.140,0.860,0.831,0.350
915,30.500,33.734,13.038,-9.021,-10.221,2,1,1,312.578,0.906,3,0,0.931,4,0.000,2591.518,0.833,0.346,3.345,0.506,0.193,1.065,0.168,0.832,0.766,0.350
918,30.600,8.602,9.055,-25.132,-3.983,2,1,1,296.285,0.657,3,0,0.931,4,0.000,2322.704,0.833,0.341,3.808,0.584,0.165,2.173,0.194,0.806,0.635,0.580
921,30.700,6.325,1.414,-2.278,-7.641,2,1,1,289.249,0.746,3,0,0.931,4,63.032,2256.190,0.833,0.379,1.466,0.155,0.369,1.676,0.137,0.863,0.591,0.580
924,30.800,1.414,8.062,-4.910,6.648,2,1,1,287.044,0.996,3,0,0.931,4,210.297,2820.594,0.833,0.369,1.875,0.851,0.698,0.711,0.154,0.846,0.562,0.750
927,30.900,7.071,6.403,5.657,-1.659,2,1,1,291.007,1.054,4,1,0.897,4,97.417,2531.097,0.833,0.358,2.600,0.379,0.964,0.201,0.134,0.866,0.708,0.750
930,31.000,8.944,22.472,1.873,16.069,2,1,1,311.708,1.096,4,0,0.897,4,0.000,2251.100,0.833,0.347,3.724,0.607,1.015,0.535,0.157,0.843,0.805,0.350
933,31.100,5.385,47.074,-3.559,24.602,2,1,1,333.222,1.106,4,0,0.897,4,0.000,1936.274,0.833,0.347,2.643,0.691,0.909,0.525,0.145,0.855,0.898,0.350
936,31.200,4.123,60.828,-1.262,13.753,2,1,1,364.005,1.102,3,1,0.862,4,0.000,2594.769,0.833,0.347,2.469,0.591,0.826,0.249,0.137,0.863,0.800,0.750
939,31.300,4.243,55.000,0.120,-5.828,2,1,1,391.143,0.972,3,0,0.862,4,7.280,2593.119,0.833,0.347,3.076,0.527,0.696,0.914,0.139,0.861,0.820,0.350
942,31.400,1.414,22.000,-2.828,-33.000,2,1,1,403.555,0.968,3,0,0.862,3,286.447,3599.164,0.867,0.358,3.268,0.448,0.889,0.647,0.133,0.867,0.707,0.750
945,31.500,9.487,12.369,8.073,-9.631,2,1,1,409.317,1.218,3,0,0.862,4,14.866,3654.960,0.900,0.358,3.458,0.528,1.280,1.794,0.126,0.874,0.656,0.550
948,31.600,42.720,24.759,33.233,12.390,2,1,1,391.086,1.064,3,0,0.862,4,0.000,3683.269,0.900,0.358,6.757,0.614,1.284,0.241,0.197,0.803,0.901,0.450
951,31.700,43.738,24.207,1.018,-0.551,2,1,1,349.738,0.779,3,0,0.862,4,0.000,4122.289,0.933,0.369,5.045,0.516,0.900,0.012,0.158,0.842,0.875,0.000
954,31.800,0.000,29.206,0.000,4.999,1,0,1,0.000,0.569,3,0,0.862,2,114.140,4496.219,0.967,0.369,5.386,0.510,0.915,0.554,0.113,0.887,0.697,0.650
957,31.900,185.149,25.000,141.411,-4.206,2,1,1,407.029,0.528,3,0,0.862,4,0.000,4849.819,1.000,0.369,4.682,0.732,0.948,0.225,0.168,0.832,0.866,0.650
960,32.000,8.062,12.806,-177.086,-12.194,2,1,1,403.686,0.554,3,0,0.862,4,155.322,4796.634,1.000,0.369,3.596,0.763,0.862,0.109,0.169,0.831,0.658,0.750
963,32.100,8.062,24.331,0.000,11.525,2,1,1,384.860,0.597,3,0,0.862,4,88.888,3584.305,1.000,0.369,1.368,0.567,0.725,1.277,0.106,0.894,0.680,0.000
966,32.200,5.000,32.280,-3.062,7.949,2,1,1,354.877,0.653,3,0,0.862,4,130.269,3460.254,1.000,0.369,1.992,0.437,0.879,0.349,0.110,0.890,0.749,0.724
969,32.300,3.606,4.472,-1.394,-27.808,2,1,1,352.325,0.756,3,0,0.862,4,149.482,4648.299,1.000,0.369,1.837,0.664,0.545,1.016,0.135,0.865,0.574,0.750
972,32.400,3.162,8.246,-0.443,3.774,2,1,1,344.942,1.058,4,1,0.828,4,135.059,4919.469,1.000,0.369,2.536,0.874,0.337,0.099,0.179,0.821,0.698,0.750
975,32.500,3.162,2.236,0.000,-6.010,2,1,1,342.476,0.892,4,0,0.828,3,134.893,4789.649,1.000,0.369,1.993,0.847,0.254,0.087,0.166,0.834,0.613,0.749
978,32.600,7.000,13.342,3.838,11.106,2,1,1,358.437,0.954,4,0,0.828,4,134.201,5076.795,1.000,0.369,2.592,0.905,0.341,0.500,0.166,0.834,0.726,0.746
981,32.700,2.236,2.236,-4.764,-11.106,2,1,1,360.601,0.932,4,0,0.828,3,133.522,5076.684,1.000,0.379,2.026,0.929,0.291,0.221,0.165,0.835,0.603,0.742
984,32.800,3.000,10.000,0.764,7.764,2,1,1,366.642,0.948,4,0,0.828,4,130.633,5163.244,1.000,0.379,2.922,0.875,0.273,0.202,0.177,0.823,0.717,0.726
987,32.900,7.280,11.045,4.280,1.045,2,1,1,358.236,1.208,4,0,0.862,4,138.495,5018.069,1.000,0.379,2.089,0.847,0.170,0.930,0.162,0.838,0.704,0.750
990,33.000,0.000,360.902,0.000,355.902,2,0,1,360.902,1.244,4,0,0.862,4,156.205,4469.215,1.000,0.369,1.780,0.840,0.106,0.724,0.146,0.854,0.886,0.750
993,33.100,1.000,359.600,-6.280,-1.302,2,1,1,351.660,1.527,4,0,0.862,4,164.551,4765.624,1.000,0.369,2.365,0.800,0.176,1.313,0.172,0.828,0.903,0.750
996,33.200,11.402,4.123,10.402,-355.477,2,1,1,345.624,1.248,4,0,0.897,4,167.836,4619.725,1.000,0.369,1.475,0.756,0.542,1.209,0.134,0.866,0.697,0.750
999,33.300,0.000,347.701,0.000,342.701,2,0,1,347.701,1.366,4,0,0.897,4,127.346,4950.319,1.000,0.369,1.608,0.754,0.720,0.274,0.153,0.847,0.887,0.707
1002,33.400,4.472,355.848,-6.930,8.147,2,1,1,358.615,1.620,4,0,0.897,4,128.845,4949.344,1.000,0.369,2.547,0.772,0.911,0.004,0.183,0.817,0.910,0.716
1005,33.500,0.000,387.908,0.000,368.110,2,0,1,387.908,1.602,4,0,0.897,4,148.003,4911.850,1.000,0.369,4.583,0.635,1.025,0.028,0.207,0.793,0.970,0.750
1008,33.600,11.402,416.396,6.930,28.488,2,1,1,415.531,1.970,3,1,0.862,4,165.529,4752.248,1.000,0.369,4.867,0.588,0.990,3.080,0.206,0.794,0.881,0.750
1011,33.700,6.000,34.015,-5.402,-382.382,2,1,1,452.147,1.582,3,0,0.862,4,194.733,5090.054,1.000,0.369,4.545,0.536,0.647,0.409,0.188,0.812,0.815,0.750
1014,33.800,5.385,36.401,-0.615,2.386,2,1,1,491.981,1.584,3,0,0.897,4,158.028,5013.629,1.000,0.369,4.588,0.553,0.571,0.148,0.192,0.808,0.828,0.750
1017,33.900,3.000,50.990,-2.385,14.590,2,1,1,542.485,1.610,3,0,0.897,4,0.000,4734.575,1.000,0.369,5.575,0.355,0.439,0.944,0.181,0.819,0.915,0.350
1020,34.000,7.280,41.629,4.280,-9.361,2,1,1,576.767,1.387,3,0,0.897,4,0.000,4598.005,1.000,0.369,4.574,0.354,0.294,1.491,0.200,0.800,0.871,0.550
1023,34.100,1.000,0.000,-6.280,0.000,1,1,0,0.000,0.849,3,0,0.931,2,2.236,4718.337,1.000,0.369,3.731,0.596,0.089,1.076,0.188,0.812,0.497,0.650
1026,34.200,12.083,0.000,11.083,0.000,1,1,0,0.000,1.016,3,0,0.931,2,4.000,4754.474,1.000,0.379,3.958,0.593,0.035,1.691,0.171,0.829,0.565,0.580
1029,34.300,16.155,0.000,4.072,0.000,1,1,0,0.000,0.971,3,0,0.931,2,12.728,4863.164,1.000,0.379,5.186,0.771,0.071,1.404,0.204,0.796,0.605,0.580
1032,34.400,41.049,0.000,24.893,0.000,1,1,0,0.000,0.862,3,0,0.931,2,63.632,4642.188,1.000,0.379,5.908,0.446,0.179,2.642,0.207,0.793,0.784,0.550
1035,34.500,46.840,0.000,5.791,0.000,1,1,0,0.000,0.821,5,1,0.897,3,0.000,4669.034,1.000,0.389,6.528,0.479,0.394,1.316,0.204,0.796,0.908,0.750
1038,34.600,133.881,0.000,100.744,0.000,2,1,0,133.881,1.030,5,0,0.897,6,50.010,4557.120,1.000,0.379,6.480,0.333,0.658,0.047,0.217,0.783,1.000,0.650
1041,34.700,0.000,0.000,0.000,0.000,0,0,0,0.000,0.000,5,0,0.897,0,50.010,4557.120,0.967,0.379,6.654,0.171,1.299,1.847,0.223,0.777,0.440,0.650
1044,34.800,0.000,0.000,0.000,0.000,0,0,0,0.000,0.000,3,1,0.862,0,50.010,4557.120,0.933,0.379,7.284,0.363,1.957,0.545,0.189,0.811,0.339,0.750
1047,34.900,0.000,0.000,0.000,0.000,0,0,0,0.000,0.000,3,0,0.862,0,50.010,4557.120,0.900,0.379,8.131,0.586,3.328,0.799,0.194,0.806,0.337,0.700
1050,35.000,124.423,0.000,-9.458,0.000,1,1,0,0.000,1.072,3,0,0.862,2,50.010,4557.120,0.900,0.341,7.382,0.376,5.826,1.057,0.193,0.807,0.836,0.700
1053,35.100,83.863,0.000,-40.560,0.000,1,1,0,0.000,1.275,3,0,0.862,2,18.028,4506.314,0.900,0.341,8.666,0.579,4.554,1.126,0.222,0.778,0.837,0.700
1056,35.200,69.405,0.000,-14.458,0.000,1,1,0,0.000,1.086,3,0,0.862,2,0.000,3958.049,0.900,0.351,5.883,0.532,3.605,0.002,0.190,0.810,0.788,0.700
1059,35.300,0.000,423.416,0.000,381.787,1,0,1,0.000,1.269,3,0,0.897,2,0.000,3462.538,0.900,0.351,5.648,0.501,3.138,0.005,0.196,0.804,0.784,0.700
1062,35.400,0.000,8.062,0.000,-415.354,1,0,1,0.000,1.327,3,0,0.897,2,0.000,2222.419,0.900,0.361,6.241,0.397,2.831,0.826,0.206,0.794,0.601,0.700
1065,35.500,0.000,29.547,0.000,21.484,1,0,1,0.000,1.187,3,0,0.897,2,0.000,1644.970,0.900,0.361,4.314,0.601,2.328,0.605,0.185,0.815,0.658,0.700
1068,35.600,0.000,18.439,0.000,-11.107,1,0,1,0.000,0.913,3,0,0.897,2,30.610,1581.338,0.900,0.370,3.210,0.289,2.153,1.840,0.176,0.824,0.590,0.700
1071,35.700,0.000,15.811,0.000,-2.628,1,0,1,0.000,1.119,3,0,0.897,2,0.000,1583.158,0.900,0.370,3.730,0.734,2.079,1.927,0.189,0.811,0.558,0.700
1074,35.800,0.000,5.000,0.000,-10.811,1,0,1,0.000,1.212,3,0,0.897,2,0.000,1342.568,0.900,0.379,3.163,0.724,2.024,0.359,0.174,0.826,0.484,0.700
1077,35.900,0.000,6.708,0.000,1.708,1,0,1,0.000,1.490,3,0,0.897,2,0.000,964.935,0.900,0.379,3.395,0.701,1.725,0.350,0.184,0.816,0.501,0.700
1080,36.000,0.000,5.000,0.000,-1.708,1,0,1,0.000,1.509,3,0,0.897,2,0.000,802.264,0.900,0.388,4.783,0.685,1.365,0.669,0.195,0.805,0.527,0.580
1083,36.100,0.000,5.385,0.000,0.385,1,0,1,0.000,1.283,3,0,0.897,2,8.544,726.719,0.900,0.388,3.170,0.824,1.036,0.705,0.203,0.797,0.480,0.580
1086,36.200,0.000,2.236,0.000,-3.149,1,0,1,0.000,1.282,3,0,0.897,2,0.000,333.820,0.900,0.397,2.467,0.809,0.688,0.896,0.172,0.828,0.446,0.580
1089,36.300,71.610,0.000,2.205,0.000,1,1,0,0.000,1.030,3,0,0.897,1,7.810,320.178,0.900,0.397,2.116,0.783,0.297,0.764,0.162,0.838,0.616,0.500
1092,36.400,9.220,0.000,-62.391,0.000,1,1,0,0.000,1.250,3,0,0.897,2,0.000,259.178,0.900,0.405,2.611,0.637,0.254,0.145,0.151,0.849,0.500,0.580
1095,36.500,4.123,0.000,-5.096,0.000,1,1,0,0.000,1.328,3,0,0.931,2,0.000,176.130,0.900,0.405,1.405,0.461,0.850,0.387,0.103,0.897,0.454,0.580
1098,36.600,1.414,0.000,-2.709,0.000,1,1,0,0.000,1.442,3,0,0.931,2,0.000,148.584,0.900,0.414,2.349,0.605,1.264,1.841,0.133,0.867,0.452,0.580
1101,36.700,9.220,0.000,7.805,0.000,1,1,0,0.000,1.670,3,0,0.931,2,30.480,159.294,0.900,0.414,1.517,0.364,1.574,1.003,0.123,0.877,0.492,0.700
1104,36.800,8.246,0.000,-0.973,0.000,1,1,0,0.000,1.671,3,0,0.931,2,29.206,158.037,0.900,0.422,2.058,0.087,1.894,0.408,0.138,0.862,0.519,0.700
1107,36.900,6.708,0.000,-1.538,0.000,1,1,0,0.000,1.334,3,0,0.931,2,35.468,195.260,0.900,0.422,1.755,0.310,2.186,0.522,0.150,0.850,0.487,0.700
1110,37.000,5.000,0.000,-1.708,0.000,1,1,0,0.000,1.331,3,0,0.931,2,31.113,230.185,0.900,0.430,1.251,0.477,2.449,3.104,0.126,0.874,0.454,0.700
1113,37.100,6.325,0.000,1.325,0.000,1,1,0,0.000,1.368,3,0,0.931,2,36.878,234.985,0.900,0.430,2.648,0.696,2.546,1.198,0.169,0.831,0.481,0.700
1116,37.200,3.162,0.000,-3.162,0.000,1,1,0,0.000,1.085,4,1,0.897,3,35.384,238.914,0.900,0.430,1.360,0.565,2.435,1.631,0.131,0.869,0.555,0.750
1119,37.300,5.385,0.000,2.223,0.000,1,1,0,0.000,1.351,4,0,0.897,3,0.000,190.278,0.900,0.422,2.651,0.656,2.493,0.350,0.156,0.844,0.593,0.700
1122,37.400,27.731,0.000,22.346,0.000,1,1,0,0.000,1.191,4,0,0.931,3,0.000,163.577,0.900,0.422,5.101,0.368,2.188,1.574,0.176,0.824,0.799,0.700
1125,37.500,0.000,0.000,0.000,-2.236,1,0,1,0.000,1.226,3,1,0.897,2,21.213,165.225,0.900,0.422,4.426,0.562,1.879,1.340,0.167,0.833,0.499,0.750
1128,37.600,0.000,19.026,0.000,19.026,1,0,1,0.000,1.275,3,0,0.897,2,0.000,182.790,0.900,0.430,3.325,0.807,1.821,0.233,0.143,0.857,0.560,0.700
1131,37.700,30.414,0.000,2.683,0.000,1,1,0,0.000,0.843,3,0,0.931,2,25.554,209.720,0.933,0.438,1.564,0.674,1.609,0.033,0.100,0.900,0.593,0.700
1134,37.800,13.038,0.000,-17.375,0.000,1,1,0,0.000,1.067,4,1,0.897,3,76.655,330.304,0.967,0.487,1.681,0.367,1.407,2.010,0.132,0.868,0.640,0.750
1137,37.900,8.062,0.000,-4.976,0.000,1,1,0,0.000,1.291,4,0,0.897,3,113.745,496.609,1.000,0.479,1.379,0.254,1.215,0.009,0.115,0.885,0.616,0.632
1140,38.000,5.385,0.000,-2.677,0.000,1,1,0,0.000,1.462,4,0,0.897,3,102.108,643.084,1.000,0.479,1.400,0.510,1.152,2.802,0.122,0.878,0.584,0.580
1143,38.100,7.810,0.000,2.425,0.000,1,1,0,0.000,1.644,3,1,0.862,2,15.297,676.737,1.000,0.479,1.803,0.628,0.955,2.123,0.118,0.882,0.484,0.750
1146,38.200,17.000,0.000,9.190,0.000,1,1,0,0.000,1.908,3,0,0.862,2,133.634,899.194,1.000,0.479,2.454,0.421,0.974,0.293,0.199,0.801,0.566,0.742
1149,38.300,9.055,0.000,-7.945,0.000,1,1,0,0.000,1.794,3,0,0.862,2,138.521,1144.344,1.000,0.479,1.873,0.510,0.747,2.256,0.128,0.872,0.501,0.750
1152,38.400,7.071,0.000,-1.984,0.000,1,1,0,0.000,1.855,3,0,0.862,2,113.358,1288.704,1.000,0.479,2.338,0.576,0.634,3.012,0.149,0.851,0.497,0.630
1155,38.500,0.000,41.037,0.000,-29.177,2,0,1,41.037,1.323,3,0,0.862,4,10.198,1888.799,1.000,0.470,6.325,0.523,0.470,0.078,0.184,0.816,0.900,0.650
1158,38.600,75.822,0.000,68.751,0.000,1,1,0,0.000,2.124,3,0,0.862,2,0.000,2060.699,1.000,0.470,7.447,0.789,0.095,0.235,0.172,0.828,0.821,0.650
1161,38.700,17.029,0.000,-58.793,0.000,1,1,0,0.000,1.937,3,0,0.862,2,35.341,2215.070,1.000,0.470,5.031,0.100,0.480,0.940,0.172,0.828,0.653,0.580
1164,38.800,48.836,0.000,31.807,0.000,1,1,0,0.000,1.912,3,0,0.862,2,35.341,2215.070,1.000,0.470,3.287,0.277,0.922,0.317,0.165,0.835,0.753,0.450
1167,38.900,0.000,60.407,0.000,19.370,1,0,1,0.000,0.982,3,0,0.862,2,35.341,2215.070,1.000,0.462,3.780,0.380,1.027,0.631,0.162,0.838,0.758,0.500
1170,39.000,0.000,36.056,0.000,-24.351,1,0,1,0.000,0.876,3,0,0.862,2,35.341,2215.070,1.000,0.462,3.604,0.315,0.654,0.190,0.167,0.833,0.708,0.000
1173,39.100,96.005,0.000,47.169,0.000,1,1,0,0.000,1.755,3,0,0.862,2,35.341,2215.070,1.000,0.462,3.783,0.257,0.654,0.060,0.135,0.865,0.767,0.500
1176,39.200,14.000,0.000,-82.005,0.000,1,1,0,0.000,1.545,3,0,0.862,2,35.341,2215.070,1.000,0.462,4.677,0.337,0.668,0.332,0.157,0.843,0.611,0.580
1179,39.300,8.602,0.000,-5.398,0.000,1,1,0,0.000,1.474,3,0,0.862,2,35.341,2215.070,1.000,0.462,5.335,0.492,0.898,0.336,0.175,0.825,0.587,0.580
1182,39.400,17.263,0.000,8.660,0.000,1,1,0,0.000,1.343,3,0,0.862,2,35.341,2215.070,1.000,0.462,5.020,0.393,1.134,0.033,0.160,0.840,0.634,0.580
1185,39.500,21.954,0.000,4.692,0.000,1,1,0,0.000,1.222,3,0,0.862,2,35.341,2215.070,1.000,0.462,5.665,0.296,1.396,0.120,0.200,0.800,0.683,0.580
1188,39.600,35.847,0.000,13.892,0.000,1,1,0,0.000,1.099,3,0,0.862,2,35.341,2215.070,1.000,0.462,6.566,0.177,1.648,0.315,0.191,0.809,0.791,0.700
1191,39.700,0.000,0.000,0.000,0.000,0,0,0,0.000,0.000,3,0,0.862,0,35.341,2215.070,0.967,0.462,5.766,0.310,1.949,0.859,0.154,0.846,0.308,0.700
1194,39.800,0.000,0.000,0.000,0.000,0,0,0,0.000,0.000,3,0,0.862,0,35.341,2215.070,0.933,0.462,6.195,0.619,2.120,1.084,0.193,0.807,0.294,0.700
1197,39.900,0.000,0.000,0.000,0.000,0,0,0,0.000,0.000,4,1,0.828,0,35.341,2215.070,0.900,0.462,5.221,0.298,2.380,0.331,0.185,0.815,0.388,0.750
1200,40.000,0.000,0.000,0.000,0.000,0,0,0,0.000,0.000,4,0,0.828,0,35.341,2215.070,0.867,0.462,4.788,0.384,2.538,3.029,0.157,0.843,0.367,0.700
1203,40.100,0.000,0.000,0.000,0.000,0,0,0,0.000,0.000,4,0,0.862,0,35.341,2215.070,0.833,0.462,6.589,0.296,1.648,2.077,0.180,0.820,0.414,0.700
1206,40.200,0.000,0.000,0.000,0.000,0,0,0,0.000,0.000,3,1,0.828,0,35.341,2215.070,0.800,0.462,6.058,0.581,1.074,1.969,0.203,0.797,0.277,0.750
1209,40.300,0.000,0.000,0.000,0.000,0,0,0,0.000,0.000,3,0,0.828,0,35.341,2215.070,0.767,0.462,5.872,0.537,0.976,0.070,0.160,0.840,0.271,0.580
1212,40.400,0.000,0.000,0.000,0.000,0,0,0,0.000,0.000,3,0,0.862,0,35.341,2215.070,0.733,0.462,4.749,0.069,1.049,1.379,0.157,0.843,0.272,0.580
1215,40.500,0.000,0.000,0.000,0.000,0,0,0,0.000,0.000,4,1,0.828,0,35.341,2215.070,0.700,0.462,4.808,0.369,1.165,1.459,0.157,0.843,0.348,0.750
1218,40.600,0.000,0.000,0.000,0.000,0,0,0,0.000,0.000,4,0,0.828,0,35.341,2215.070,0.667,0.462,7.121,0.576,1.257,0.277,0.193,0.807,0.388,0.580
1221,40.700,0.000,0.000,0.000,0.000,0,0,0,0.000,0.000,4,0,0.862,0,35.341,2215.070,0.633,0.462,5.284,0.562,1.359,0.389,0.200,0.800,0.339,0.580
1224,40.800,0.000,0.000,0.000,0.000,0,0,0,0.000,0.000,4,0,0.862,0,35.341,2215.070,0.600,0.462,3.970,0.359,1.280,0.652,0.144,0.856,0.316,0.580
1227,40.900,0.000,0.000,0.000,0.000,0,0,0,0.000,0.000,4,0,0.862,0,35.341,2215.070,0.567,0.462,8.078,0.653,1.092,2.294,0.199,0.801,0.392,0.580
1230,41.000,0.000,0.000,0.000,0.000,0,0,0,0.000,0.000,4,0,0.897,0,35.341,2215.070,0.533,0.462,7.516,0.098,1.119,2.993,0.232,0.768,0.415,0.580
1233,41.100,0.000,0.000,0.000,0.000,0,0,0,0.000,0.000,3,1,0.862,0,35.341,2215.070,0.500,0.462,8.180,0.356,1.078,0.334,0.291,0.709,0.305,0.750
1236,41.200,0.000,0.000,0.000,0.000,0,0,0,0.000,0.000,3,0,0.862,0,35.341,2215.070,0.467,0.462,7.364,0.291,0.964,0.691,0.221,0.779,0.290,0.580
1239,41.300,0.000,0.000,0.000,0.000,0,0,0,0.000,0.000,3,0,0.862,0,35.341,2215.070,0.433,0.462,7.151,0.529,0.932,2.036,0.211,0.789,0.264,0.580
1242,41.400,0.000,0.000,0.000,0.000,0,0,0,0.000,0.000,3,0,0.862,0,35.341,2215.070,0.400,0.462,4.088,0.542,0.878,0.371,0.182,0.818,0.182,0.580
1245,41.500,0.000,0.000,0.000,0.000,0,0,0,0.000,0.000,3,0,0.862,0,35.341,2215.070,0.367,0.462,3.410,0.031,0.798,2.519,0.168,0.832,0.197,0.580
1248,41.600,0.000,0.000,0.000,0.000,0,0,0,0.000,0.000,3,0,0.862,0,35.341,2215.070,0.333,0.462,2.188,0.302,0.834,1.200,0.168,0.832,0.144,0.580
1251,41.700,0.000,0.000,0.000,0.000,0,0,0,0.000,0.000,3,0,0.862,0,35.341,2215.070,0.300,0.462,2.538,0.401,0.689,0.371,0.164,0.836,0.141,0.580
1254,41.800,0.000,0.000,0.000,0.000,0,0,0,0.000,0.000,3,0,0.862,0,35.341,2215.070,0.267,0.462,1.980,0.748,0.379,0.039,0.150,0.850,0.099,0.580
1257,41.900,0.000,0.000,0.000,0.000,0,0,0,0.000,0.000,3,0,0.862,0,35.341,2215.070,0.233,0.462,2.049,0.511,0.035,1.428,0.146,0.854,0.113,0.580
1260,42.000,0.000,0.000,0.000,0.000,0,0,0,0.000,0.000,3,0,0.862,0,35.341,2215.070,0.200,0.462,2.716,0.424,0.317,0.642,0.160,0.840,0.132,0.580
1263,42.100,261.765,0.000,225.918,0.000,1,1,0,0.000,1.241,3,0,0.862,2,118.697,2312.994,0.200,0.205,3.870,0.598,0.652,2.350,0.159,0.841,0.649,0.659
1266,42.200,25.080,0.000,-236.685,0.000,1,1,0,0.000,1.169,3,0,0.862,2,118.697,2312.994,0.200,0.209,5.647,0.456,1.260,2.705,0.172,0.828,0.593,0.659
1269,42.300,13.892,0.000,-11.187,0.000,1,1,0,0.000,1.113,3,0,0.862,2,118.697,2312.994,0.200,0.209,4.696,0.273,1.349,3.131,0.173,0.827,0.519,0.659
1272,42.400,27.203,0.000,13.310,0.000,1,1,0,0.000,1.077,3,0,0.862,2,118.697,2312.994,0.200,0.209,4.343,0.591,0.990,0.217,0.172,0.828,0.562,0.659
1275,42.500,20.025,0.000,-7.178,0.000,1,1,0,0.000,0.915,3,0,0.862,2,118.697,2312.994,0.200,0.212,5.180,0.626,1.248,0.057,0.167,0.833,0.541,0.659
1278,42.600,0.000,0.000,0.000,0.000,0,0,0,0.000,0.000,3,0,0.862,0,118.697,2312.994,0.167,0.212,5.644,0.528,1.403,0.169,0.150,0.850,0.194,0.700
1281,42.700,0.000,0.000,0.000,0.000,0,0,0,0.000,0.000,3,0,0.862,0,118.697,2312.994,0.167,0.212,7.186,0.731,1.479,0.104,0.197,0.803,0.218,0.700
1284,42.800,0.000,0.000,0.000,0.000,0,0,0,0.000,0.000,3,0,0.897,0,118.697,2312.994,0.167,0.212,7.118,0.723,1.523,0.027,0.184,0.816,0.217,0.700
1287,42.900,0.000,0.000,0.000,0.000,0,0,0,0.000,0.000,3,0,0.897,0,118.697,2312.994,0.167,0.212,5.103,0.605,1.543,0.783,0.168,0.832,0.175,0.700
1290,43.000,0.000,0.000,0.000,0.000,0,0,0,0.000,0.000,3,0,0.897,0,118.697,2312.994,0.167,0.212,4.770,0.228,1.346,0.165,0.144,0.856,0.193,0.659
1293,43.100,0.000,0.000,0.000,0.000,0,0,0,0.000,0.000,3,0,0.931,0,118.697,2312.994,0.167,0.212,5.783,0.369,1.114,0.021,0.180,0.820,0.209,0.659
1296,43.200,0.000,0.000,0.000,0.000,0,0,0,0.000,0.000,4,1,0.897,0,118.697,2312.994,0.167,0.212,12.396,0.170,0.647,2.150,0.356,0.644,0.378,0.750
1299,43.300,0.000,0.000,0.000,0.000,0,0,0,0.000,0.000,4,0,0.897,0,118.697,2312.994,0.167,0.212,5.172,0.742,0.132,2.291,0.223,0.777,0.267,0.659
1302,43.400,0.000,0.000,0.000,0.000,0,0,0,0.000,0.000,4,0,0.931,0,118.697,2312.994,0.167,0.212,6.619,0.714,0.102,0.206,0.250,0.750,0.305,0.659
1305,43.500,0.000,0.000,0.000,0.000,0,0,0,0.000,0.000,3,1,0.897,0,118.697,2312.994,0.167,0.212,6.543,0.651,0.310,0.082,0.257,0.743,0.208,0.750
1308,43.600,0.000,0.000,0.000,0.000,0,0,0,0.000,0.000,3,0,0.897,0,118.697,2312.994,0.167,0.212,6.109,0.567,0.469,0.040,0.272,0.728,0.203,0.659
1311,43.700,0.000,0.000,0.000,0.000,0,0,0,0.000,0.000,3,0,0.897,0,118.697,2312.994,0.167,0.212,5.318,0.696,0.643,0.125,0.261,0.739,0.174,0.659
1314,43.800,0.000,0.000,0.000,0.000,0,0,0,0.000,0.000,3,0,0.897,0,118.697,2312.994,0.167,0.212,5.230,0.877,0.621,0.111,0.252,0.748,0.159,0.659
1317,43.900,0.000,0.000,0.000,0.000,0,0,0,0.000,0.000,3,0,0.897,0,118.697,2312.994,0.167,0.212,4.408,0.916,0.617,0.158,0.241,0.759,0.136,0.659
1320,44.000,0.000,0.000,0.000,0.000,0,0,0,0.000,0.000,3,0,0.931,0,118.697,2312.994,0.167,0.212,3.929,0.931,0.791,0.071,0.243,0.757,0.123,0.659
1323,44.100,0.000,0.000,0.000,0.000,0,0,0,0.000,0.000,3,0,0.931,0,118.697,2312.994,0.167,0.212,3.852,0.921,0.888,0.199,0.226,0.774,0.122,0.659
1326,44.200,0.000,0.000,0.000,0.000,0,0,0,0.000,0.000,3,0,0.931,0,118.697,2312.994,0.167,0.212,3.103,0.872,1.045,0.081,0.334,0.666,0.107,0.659
1329,44.300,0.000,0.000,0.000,0.000,0,0,0,0.000,0.000,3,0,0.931,0,118.697,2312.994,0.167,0.212,2.478,0.871,0.903,0.059,0.206,0.794,0.091,0.659
1332,44.400,0.000,0.000,0.000,0.000,0,0,0,0.000,0.000,3,0,0.931,0,118.697,2312.994,0.167,0.212,3.161,0.809,0.722,0.259,0.210,0.790,0.112,0.659
1335,44.500,0.000,0.000,0.000,0.000,0,0,0,0.000,0.000,3,0,0.931,0,118.697,2312.994,0.167,0.212,3.626,0.911,0.599,0.205,0.202,0.798,0.117,0.659
1338,44.600,0.000,0.000,0.000,0.000,0,0,0,0.000,0.000,3,0,0.931,0,118.697,2312.994,0.167,0.212,3.652,0.829,0.504,0.202,0.200,0.800,0.123,0.659
1341,44.700,0.000,0.000,0.000,0.000,0,0,0,0.000,0.000,4,1,0.897,0,118.697,2312.994,0.167,0.212,3.707,0.845,0.288,0.072,0.205,0.795,0.224,0.750
1344,44.800,0.000,0.000,0.000,0.000,0,0,0,0.000,0.000,4,0,0.897,0,118.697,2312.994,0.167,0.212,1.878,0.811,0.316,0.172,0.147,0.853,0.180,0.659
1347,44.900,0.000,0.000,0.000,0.000,0,0,0,0.000,0.000,4,0,0.897,0,118.697,2312.994,0.167,0.212,1.345,0.699,0.527,1.622,0.106,0.894,0.175,0.659
1350,45.000,0.000,0.000,0.000,0.000,0,0,0,0.000,0.000,3,1,0.862,0,118.697,2312.994,0.167,0.212,4.787,0.635,0.882,0.222,0.125,0.875,0.165,0.750
1353,45.100,0.000,0.000,0.000,0.000,0,0,0,0.000,0.000,3,0,0.862,0,118.697,2312.994,0.133,0.212,4.553,0.593,1.143,0.323,0.225,0.775,0.158,0.659
1356,45.200,0.000,0.000,0.000,0.000,0,0,0,0.000,0.000,3,0,0.862,0,118.697,2312.994,0.100,0.212,7.183,0.781,1.331,0.131,0.214,0.786,0.207,0.659
1359,45.300,0.000,0.000,0.000,0.000,0,0,0,0.000,0.000,3,0,0.862,0,118.697,2312.994,0.067,0.212,5.800,0.654,1.247,0.138,0.213,0.787,0.177,0.659
1362,45.400,0.000,0.000,0.000,0.000,0,0,0,0.000,0.000,3,0,0.862,0,118.697,2312.994,0.033,0.212,5.155,0.683,1.261,0.143,0.198,0.802,0.155,0.659
1365,45.500,0.000,0.000,0.000,0.000,0,0,0,0.000,0.000,3,0,0.862,0,118.697,2312.994,0.000,0.212,5.558,0.708,1.239,0.007,0.170,0.830,0.159,0.659
1368,45.600,110.000,0.000,89.975,0.000,1,1,0,0.000,1.080,3,0,0.862,2,118.697,2312.994,0.033,0.214,5.334,0.634,1.094,0.071,0.176,0.824,0.663,0.659
1371,45.700,21.213,0.000,-88.787,0.000,1,1,0,0.000,1.215,3,0,0.862,2,118.697,2312.994,0.067,0.214,3.171,0.522,0.942,0.138,0.146,0.854,0.489,0.659
1374,45.800,7.616,0.000,-13.597,0.000,1,1,0,0.000,1.082,3,0,0.862,2,118.697,2312.994,0.100,0.214,1.842,0.394,0.768,0.282,0.149,0.851,0.393,0.659
1377,45.900,3.162,0.000,-4.453,0.000,1,1,0,0.000,1.113,4,1,0.828,2,138.708,3350.619,0.133,0.214,1.159,0.418,0.609,0.063,0.139,0.861,0.423,0.750
1380,46.000,15.620,0.000,12.458,0.000,1,1,0,0.000,1.027,4,0,0.828,3,138.708,3350.619,0.167,0.214,2.665,0.263,0.592,2.172,0.156,0.844,0.590,0.750
1383,46.100,21.541,0.000,5.920,0.000,1,1,0,0.000,1.170,4,0,0.862,3,30.017,4033.715,0.200,0.214,4.475,0.229,0.578,0.691,0.198,0.802,0.675,0.580
1386,46.200,0.000,0.000,0.000,0.000,0,0,0,0.000,0.000,3,1,0.828,0,30.017,4033.715,0.200,0.214,5.590,0.288,0.487,1.182,0.193,0.807,0.214,0.750
1389,46.300,0.000,0.000,0.000,0.000,0,0,0,0.000,0.000,3,0,0.828,0,30.017,4033.715,0.200,0.214,4.136,0.307,0.341,0.186,0.213,0.787,0.176,0.580
1392,46.400,0.000,0.000,0.000,0.000,0,0,0,0.000,0.000,3,0,0.862,0,30.017,4033.715,0.200,0.214,3.448,0.197,0.041,0.103,0.228,0.772,0.166,0.580
1395,46.500,0.000,0.000,0.000,0.000,0,0,0,0.000,0.000,3,0,0.862,0,30.017,4033.715,0.200,0.214,4.578,0.761,0.308,2.793,0.274,0.726,0.155,0.580
1398,46.600,0.000,0.000,0.000,0.000,0,0,0,0.000,0.000,3,0,0.862,0,30.017,4033.715,0.200,0.214,6.719,0.579,0.430,0.060,0.283,0.717,0.221,0.580
1401,46.700,0.000,0.000,0.000,0.000,0,0,0,0.000,0.000,3,0,0.862,0,30.017,4033.715,0.200,0.214,10.862,0.428,0.708,0.078,0.310,0.690,0.264,0.580
1404,46.800,0.000,0.000,0.000,0.000,0,0,0,0.000,0.000,3,0,0.862,0,30.017,4033.715,0.200,0.214,13.437,0.551,0.665,0.408,0.313,0.687,0.255,0.580
1407,46.900,0.000,0.000,0.000,0.000,0,0,0,0.000,0.000,3,0,0.862,0,30.017,4033.715,0.200,0.214,17.315,0.685,0.978,0.039,0.331,0.669,0.246,0.580
1410,47.000,0.000,0.000,0.000,0.000,0,0,0,0.000,0.000,3,0,0.862,0,30.017,4033.715,0.200,0.214,16.068,0.327,1.484,0.740,0.325,0.675,0.271,0.700
1413,47.100,0.000,0.000,0.000,0.000,0,0,0,0.000,0.000,3,0,0.862,0,30.017,4033.715,0.200,0.214,18.388,0.210,1.819,0.820,0.312,0.688,0.279,0.700
1416,47.200,0.000,0.000,0.000,0.000,0,0,0,0.000,0.000,3,0,0.862,0,30.017,4033.715,0.200,0.214,13.717,0.205,2.278,0.254,0.296,0.704,0.280,0.700
1419,47.300,0.000,0.000,0.000,0.000,0,0,0,0.000,0.000,3,0,0.862,0,30.017,4033.715,0.200,0.214,12.179,0.464,2.738,1.161,0.288,0.712,0.261,0.700
1422,47.400,0.000,198.404,0.000,162.348,1,0,1,0.000,1.215,3,0,0.862,2,0.000,4057.944,0.233,0.231,12.633,0.344,3.109,1.480,0.309,0.691,0.774,0.700
1425,47.500,0.000,42.012,0.000,-156.392,1,0,1,0.000,1.298,3,0,0.862,2,0.000,3886.017,0.267,0.231,10.427,0.286,3.364,0.268,0.292,0.708,0.765,0.700
1428,47.600,0.000,16.125,0.000,-25.887,1,0,1,0.000,1.259,3,0,0.897,2,0.000,3591.520,0.300,0.231,11.814,0.299,3.643,0.847,0.305,0.695,0.625,0.700
1431,47.700,0.000,12.000,0.000,-4.125,1,0,1,0.000,1.167,3,0,0.897,2,0.000,3268.958,0.333,0.231,13.202,0.474,3.877,0.157,0.267,0.733,0.594,0.700
1434,47.800,0.000,1.000,0.000,-11.000,1,0,1,0.000,0.838,3,0,0.897,2,0.000,2895.538,0.367,0.231,13.848,0.724,3.986,0.315,0.252,0.748,0.519,0.700
1437,47.900,0.000,3.162,0.000,2.162,1,0,1,0.000,1.153,3,0,0.931,2,0.000,2548.400,0.400,0.233,10.467,0.832,4.493,0.043,0.251,0.749,0.527,0.700
1440,48.000,0.000,7.071,0.000,3.909,1,0,1,0.000,1.096,4,1,0.897,2,0.000,2446.540,0.433,0.233,8.641,0.852,5.159,0.165,0.235,0.765,0.622,0.750
1443,48.100,58.694,3.162,37.153,-3.909,2,1,1,397.334,1.351,4,0,0.897,3,0.000,2435.875,0.467,0.233,6.126,0.747,5.353,0.024,0.234,0.766,0.892,0.700
1446,48.200,0.000,6.708,0.000,3.546,1,0,1,0.000,1.008,4,0,0.897,2,137.306,2587.477,0.500,0.233,4.895,0.828,4.883,0.190,0.222,0.778,0.552,0.750
1449,48.300,0.000,6.403,0.000,-0.305,1,0,1,0.000,1.010,3,1,0.862,2,0.000,1034.514,0.533,0.233,4.660,0.904,3.369,0.053,0.221,0.779,0.473,0.750
1452,48.400,0.000,3.000,0.000,-3.403,1,0,1,0.000,0.966,3,0,0.862,2,0.000,1416.379,0.567,0.233,4.353,0.943,2.058,0.238,0.209,0.791,0.447,0.700
1455,48.500,0.000,6.708,0.000,3.708,1,0,1,0.000,0.959,3,0,0.862,2,0.000,1716.154,0.600,0.233,3.298,0.930,1.093,0.172,0.192,0.808,0.447,0.580
1458,48.600,0.000,2.000,0.000,-4.708,1,0,1,0.000,1.017,3,0,0.862,1,4.243,1787.430,0.600,0.233,1.356,0.909,0.637,0.179,0.137,0.863,0.313,0.580
1461,48.700,0.000,2.828,0.000,0.828,1,0,1,0.000,0.959,3,0,0.862,1,2.236,1818.787,0.600,0.235,0.782,0.741,0.205,0.546,0.093,0.907,0.315,0.580
1464,48.800,0.000,4.472,0.000,1.644,1,0,1,0.000,0.977,3,0,0.897,2,3.162,1821.607,0.600,0.235,1.078,0.702,0.065,0.981,0.116,0.884,0.395,0.580
1467,48.900,0.000,7.000,0.000,2.528,1,0,1,0.000,0.861,3,0,0.897,2,122.776,1837.529,0.600,0.235,2.182,0.617,0.321,0.289,0.157,0.843,0.442,0.682
1470,49.000,0.000,18.788,0.000,11.788,1,0,1,0.000,0.904,3,0,0.897,2,115.953,1792.688,0.600,0.235,5.384,0.869,0.619,1.850,0.235,0.765,0.570,0.644
1473,49.100,0.000,28.844,0.000,10.056,1,0,1,0.000,0.863,3,0,0.931,2,0.000,1687.050,0.600,0.235,9.840,0.886,0.836,0.055,0.283,0.717,0.690,0.000
1476,49.200,0.000,46.755,0.000,17.910,1,0,1,0.000,0.796,4,1,0.897,3,0.000,1615.088,0.633,0.218,14.464,0.770,1.011,0.025,0.299,0.701,0.907,0.750
1479,49.300,0.000,159.389,0.000,112.635,1,0,1,0.000,0.779,4,0,0.897,3,0.000,1592.957,0.667,0.218,10.881,0.213,1.144,2.199,0.419,0.581,0.950,0.669
1482,49.400,0.000,38.626,0.000,-120.763,1,0,1,0.000,0.935,4,0,0.897,3,0.000,2060.129,0.700,0.215,7.794,0.516,1.457,0.351,0.257,0.743,0.892,0.700
1485,49.500,0.000,46.819,0.000,8.192,1,0,1,0.000,0.747,6,1,0.862,5,0.000,2130.264,0.733,0.275,10.766,0.620,1.908,2.826,0.258,0.742,0.945,0.750
1488,49.600,166.111,19.416,107.417,-27.402,2,1,1,480.738,1.530,6,0,0.862,6,0.000,2154.544,0.767,0.264,12.000,0.826,2.264,0.012,0.256,0.744,1.000,0.700
1491,49.700,25.632,15.133,-140.479,-4.284,2,1,1,486.823,1.609,6,0,0.862,6,0.000,2243.308,0.800,0.444,12.638,0.894,2.065,0.056,0.259,0.741,0.906,0.700
1494,49.800,13.928,7.211,-11.704,-7.922,2,1,1,483.873,1.536,3,1,0.828,4,0.000,2959.378,0.833,0.435,8.102,0.666,1.505,0.122,0.250,0.750,0.761,0.750
1497,49.900,20.518,11.402,6.590,4.191,2,1,1,481.508,1.825,3,0,0.828,4,0.000,3561.434,0.867,0.426,6.765,0.515,1.142,0.180,0.257,0.743,0.781,0.350
1500,50.000,15.811,19.925,-4.707,8.523,2,1,1,483.526,1.788,3,0,0.828,4,0.000,3530.284,0.900,0.417,7.105,0.260,0.873,2.240,0.270,0.730,0.808,0.550
1503,50.100,29.732,33.941,13.921,14.016,2,1,1,487.915,1.770,4,1,0.793,6,0.000,3600.369,0.933,0.399,7.205,0.327,0.586,0.077,0.255,0.745,0.988,0.750
1506,50.200,30.463,39.812,0.731,5.871,2,1,1,418.617,1.667,4,0,0.793,6,0.000,3229.149,0.967,0.379,6.829,0.403,0.237,0.184,0.256,0.744,1.000,0.350
1509,50.300,21.024,26.019,-9.439,-13.793,2,1,1,440.696,1.625,4,0,0.793,6,0.000,2952.824,1.000,0.347,6.313,0.482,0.067,0.056,0.267,0.733,0.919,0.350
1512,50.400,16.155,7.071,-4.868,-18.948,2,1,1,426.758,1.584,4,0,0.793,5,0.000,2685.289,1.000,0.336,5.408,0.536,0.307,0.094,0.262,0.738,0.837,0.350
1515,50.500,12.530,16.279,-3.626,9.208,2,1,1,431.115,1.477,4,0,0.793,5,0.000,2281.450,1.000,0.324,5.203,0.672,0.520,0.114,0.252,0.748,0.823,0.350
1518,50.600,22.561,0.000,10.031,0.000,1,1,0,0.000,1.294,4,0,0.793,3,0.000,1963.044,1.000,0.324,6.177,0.656,0.611,0.297,0.250,0.750,0.789,0.650
1521,50.700,0.000,504.120,0.000,42.313,2,0,1,504.120,1.958,5,1,0.759,6,0.000,1699.825,1.000,0.324,5.297,0.629,0.606,0.193,0.245,0.755,0.988,0.750
1524,50.800,64.070,34.234,41.509,-469.886,2,1,1,508.520,2.138,5,0,0.759,6,45.222,1666.114,1.000,0.324,5.451,0.704,0.421,0.103,0.247,0.753,0.987,0.500
1527,50.900,26.019,10.000,-38.051,-24.234,2,1,1,534.135,2.093,5,0,0.793,6,0.000,1515.144,1.000,0.324,3.809,0.798,0.412,0.141,0.237,0.763,0.834,0.450
1530,51.000,9.434,27.074,-16.585,17.074,2,1,1,544.092,1.752,4,1,0.759,5,0.000,1676.745,1.000,0.324,3.802,0.800,0.406,0.212,0.227,0.773,0.839,0.750
1533,51.100,13.342,14.866,3.908,-12.208,2,1,1,536.411,1.444,4,0,0.759,5,34.713,1890.944,1.000,0.324,3.964,0.725,0.239,0.251,0.226,0.774,0.781,0.580
1536,51.200,0.000,539.809,0.000,2.006,2,0,1,539.809,1.698,4,0,0.793,5,34.234,1399.450,1.000,0.324,4.035,0.628,0.005,0.720,0.192,0.808,0.957,0.500
1539,51.300,0.000,564.009,0.000,11.165,2,0,1,564.009,1.703,4,0,0.793,5,84.404,1591.945,1.000,0.324,3.439,0.569,0.236,1.657,0.155,0.845,0.946,0.550
1542,51.400,0.000,600.761,0.000,0.307,2,0,1,600.761,2.246,4,0,0.793,5,80.660,1742.369,1.000,0.324,3.785,0.550,0.357,1.930,0.149,0.851,0.956,0.550
1545,51.500,89.454,11.180,76.112,-589.581,2,1,1,641.137,2.393,4,0,0.793,5,45.453,1854.825,1.000,0.324,4.294,0.620,0.443,0.686,0.180,0.820,0.964,0.550
1548,51.600,0.000,20.248,0.000,9.068,1,0,1,0.000,2.409,3,1,0.759,1,45.453,1854.825,1.000,0.336,5.465,0.698,0.557,0.210,0.241,0.759,0.580,0.750
1551,51.700,0.000,17.720,0.000,-2.528,1,0,1,0.000,2.195,3,0,0.759,1,45.453,1854.825,1.000,0.347,8.510,0.827,0.726,0.266,0.270,0.730,0.621,0.580
1554,51.800,0.000,21.190,0.000,3.470,1,0,1,0.000,1.811,3,0,0.759,1,45.453,1854.825,1.000,0.358,12.941,0.861,0.898,0.129,0.291,0.709,0.637,0.580
1557,51.900,265.204,0.000,175.750,0.000,1,1,0,0.000,1.666,3,0,0.759,2,260.279,2408.838,1.000,0.358,12.067,0.316,1.012,1.468,0.359,0.641,0.868,0.750
1560,52.000,52.498,0.000,-212.706,0.000,1,1,0,0.000,1.918,3,0,0.759,2,0.000,3016.137,1.000,0.369,3.018,0.806,1.062,2.441,0.264,0.736,0.709,0.550
1563,52.100,62.968,0.000,10.471,0.000,1,1,0,0.000,1.865,3,0,0.793,2,78.435,3357.059,1.000,0.369,1.885,0.592,1.105,2.469,0.160,0.840,0.696,0.550
1566,52.200,62.817,0.000,-0.151,0.000,1,1,0,0.000,1.535,3,0,0.793,2,0.000,3496.409,1.000,0.379,3.859,0.737,1.098,0.146,0.248,0.752,0.735,0.350
1569,52.300,41.773,0.000,-21.044,0.000,1,1,0,0.000,1.588,3,0,0.793,2,0.000,3488.438,1.000,0.379,2.851,0.743,1.064,0.407,0.225,0.775,0.691,0.350
1572,52.400,27.586,0.000,-14.187,0.000,1,1,0,0.000,1.591,3,0,0.828,2,0.000,3273.318,1.000,0.389,2.549,0.735,1.014,1.580,0.220,0.780,0.606,0.580
1575,52.500,10.198,0.000,-17.388,0.000,1,1,0,0.000,1.367,3,0,0.828,2,2.236,3291.448,1.000,0.399,2.379,0.896,0.870,2.783,0.241,0.759,0.493,0.580
1578,52.600,4.123,0.000,-6.075,0.000,1,1,0,0.000,1.242,3,0,0.828,2,5.385,3319.015,1.000,0.399,2.187,0.779,0.736,0.302,0.205,0.795,0.463,0.580
1581,52.700,4.123,0.000,0.000,0.000,1,1,0,0.000,1.090,3,0,0.862,2,0.000,2751.394,1.000,0.408,1.718,0.692,0.656,0.129,0.176,0.824,0.457,0.580
1584,52.800,1.414,0.000,-2.709,0.000,1,1,0,0.000,0.857,3,0,0.862,1,3.606,2687.608,1.000,0.417,1.230,0.488,0.728,0.188,0.141,0.859,0.384,0.580
1587,52.900,2.000,0.000,0.586,0.000,1,1,0,0.000,0.918,3,0,0.862,1,3.606,2156.294,1.000,0.426,1.362,0.669,0.630,0.893,0.163,0.837,0.378,0.580
1590,53.000,7.000,0.000,5.000,0.000,1,1,0,0.000,0.877,3,0,0.897,2,0.000,1413.969,1.000,0.426,3.607,0.820,0.600,0.383,0.245,0.755,0.512,0.580
1593,53.100,10.770,0.000,3.770,0.000,1,1,0,0.000,0.870,4,1,0.862,3,0.000,511.684,1.000,0.435,4.434,0.918,0.527,0.265,0.268,0.732,0.661,0.750
1596,53.200,3.162,0.000,-7.608,0.000,1,1,0,0.000,1.077,4,0,0.862,3,0.000,450.955,1.000,0.435,3.947,0.823,0.556,0.020,0.248,0.752,0.614,0.580
1599,53.300,6.708,0.000,3.546,0.000,1,1,0,0.000,1.185,4,0,0.862,3,0.000,607.607,1.000,0.444,4.992,0.833,0.764,0.003,0.272,0.728,0.659,0.580
1602,53.400,9.220,0.000,2.511,0.000,1,1,0,0.000,1.019,4,0,0.862,3,0.000,662.427,1.000,0.444,4.982,0.863,0.831,0.212,0.275,0.725,0.670,0.580
1605,53.500,5.099,0.000,-4.121,0.000,1,1,0,0.000,1.022,4,0,0.862,3,0.000,725.834,1.000,0.444,5.011,0.847,0.999,0.063,0.263,0.737,0.649,0.580
1608,53.600,10.000,0.000,4.901,0.000,1,1,0,0.000,1.145,4,0,0.897,3,0.000,771.765,1.000,0.453,5.146,0.844,0.877,0.077,0.273,0.727,0.680,0.580
1611,53.700,2.828,0.000,-7.172,0.000,1,1,0,0.000,1.225,3,1,0.862,2,82.801,878.619,1.000,0.453,4.523,0.846,0.674,0.066,0.266,0.734,0.510,0.750
1614,53.800,10.198,0.000,7.370,0.000,1,1,0,0.000,1.348,3,0,0.862,2,67.956,986.494,1.000,0.462,3.352,0.820,0.624,0.155,0.241,0.759,0.523,0.580
1617,53.900,2.000,0.000,-8.198,0.000,1,1,0,0.000,1.522,3,0,0.897,2,89.359,865.198,1.000,0.470,2.522,0.763,0.547,0.015,0.224,0.776,0.461,0.580
1620,54.000,4.000,0.000,2.000,0.000,1,1,0,0.000,1.434,4,1,0.862,2,34.655,993.769,1.000,0.470,1.377,0.447,0.514,0.240,0.181,0.819,0.535,0.750
1623,54.100,2.236,0.000,-1.764,0.000,1,1,0,0.000,1.313,4,0,0.862,2,34.205,875.349,1.000,0.479,1.529,0.587,0.496,0.290,0.185,0.815,0.520,0.580
1626,54.200,2.236,0.000,0.000,0.000,1,1,0,0.000,1.344,4,0,0.862,2,32.558,774.797,1.000,0.479,1.224,0.383,0.465,0.528,0.163,0.837,0.526,0.580
1629,54.300,1.000,0.000,-1.236,0.000,1,1,0,0.000,1.203,3,1,0.828,1,4.472,781.919,1.000,0.487,1.365,0.587,0.418,0.001,0.178,0.822,0.379,0.750
1632,54.400,3.162,0.000,2.162,0.000,1,1,0,0.000,0.991,3,0,0.828,1,2.000,777.997,1.000,0.496,1.429,0.531,0.363,0.053,0.170,0.830,0.396,0.580
1635,54.500,3.162,0.000,0.000,0.000,1,1,0,0.000,1.089,3,0,0.862,2,86.833,824.938,1.000,0.504,2.004,0.739,0.308,1.588,0.150,0.850,0.456,0.580
1638,54.600,2.236,0.000,-0.926,0.000,1,1,0,0.000,1.145,3,0,0.862,2,97.514,864.564,1.000,0.496,3.007,0.479,0.325,0.144,0.151,0.849,0.494,0.580
1641,54.700,4.243,0.000,2.007,0.000,1,1,0,0.000,1.080,3,0,0.862,2,94.112,902.238,1.000,0.487,2.796,0.611,0.333,0.254,0.161,0.839,0.491,0.580
1644,54.800,4.472,0.000,0.229,0.000,1,1,0,0.000,1.236,3,0,0.862,2,80.000,927.648,1.000,0.487,3.037,0.559,0.284,1.634,0.192,0.808,0.502,0.580
1647,54.900,5.099,0.000,0.627,0.000,1,1,0,0.000,1.261,4,1,0.828,3,65.765,891.719,1.000,0.487,3.025,0.415,0.230,0.827,0.219,0.781,0.630,0.750
1650,55.000,8.485,0.000,3.386,0.000,1,1,0,0.000,1.415,4,0,0.828,3,72.719,848.145,1.000,0.479,2.034,0.394,0.202,0.088,0.185,0.815,0.625,0.580
1653,55.100,1.000,0.000,-7.485,0.000,1,1,0,0.000,1.651,4,0,0.828,3,92.650,925.954,1.000,0.479,1.787,0.154,0.439,0.074,0.171,0.829,0.594,0.580
1656,55.200,2.236,0.000,1.236,0.000,1,1,0,0.000,1.669,4,0,0.828,3,2.236,898.808,1.000,0.470,1.255,0.127,0.751,0.160,0.135,0.865,0.590,0.580
1659,55.300,1.000,0.000,-1.236,0.000,1,1,0,0.000,1.646,4,0,0.828,3,1.000,904.688,1.000,0.470,1.794,0.690,0.926,1.626,0.164,0.836,0.557,0.580
1662,55.400,2.236,0.000,1.236,0.000,1,1,0,0.000,1.606,4,0,0.828,3,2.236,884.918,1.000,0.453,1.972,0.705,1.031,0.165,0.186,0.814,0.567,0.580
1665,55.500,5.000,0.000,2.764,0.000,1,1,0,0.000,1.508,3,1,0.793,2,5.000,892.019,1.000,0.453,1.608,0.707,1.056,0.165,0.176,0.824,0.459,0.750
1668,55.600,3.000,0.000,-2.000,0.000,1,1,0,0.000,1.548,3,0,0.793,1,3.000,900.419,1.000,0.462,1.687,0.877,0.947,0.447,0.198,0.802,0.377,0.580
1671,55.700,5.385,0.000,2.385,0.000,1,1,0,0.000,1.811,3,0,0.793,2,44.045,902.654,1.000,0.462,2.203,0.842,0.882,0.224,0.209,0.791,0.466,0.580
1674,55.800,1.000,0.000,-4.385,0.000,1,1,0,0.000,1.690,3,0,0.793,2,52.345,866.699,1.000,0.470,2.010,0.886,0.795,0.055,0.207,0.793,0.434,0.580
1677,55.900,2.236,0.000,1.236,0.000,1,1,0,0.000,1.453,3,0,0.793,2,2.828,771.579,1.000,0.470,1.662,0.934,0.778,0.127,0.188,0.812,0.429,0.580
1680,56.000,1.414,0.000,-0.822,0.000,1,1,0,0.000,1.632,3,0,0.828,2,2.236,749.469,1.000,0.470,0.982,0.542,0.774,0.835,0.106,0.894,0.435,0.580
1683,56.100,5.000,0.000,3.586,0.000,1,1,0,0.000,1.556,3,0,0.828,2,31.780,654.128,1.000,0.479,0.878,0.582,0.734,2.461,0.109,0.891,0.449,0.580
1686,56.200,2.236,0.000,-2.764,0.000,1,1,0,0.000,1.788,3,0,0.828,2,6.083,530.728,1.000,0.479,1.341,0.852,0.782,1.747,0.171,0.829,0.426,0.580
1689,56.300,2.236,0.000,0.000,0.000,1,1,0,0.000,1.846,3,0,0.828,2,4.472,526.258,1.000,0.479,0.966,0.782,0.804,0.150,0.132,0.868,0.422,0.580
1692,56.400,0.000,0.000,-2.236,0.000,1,1,0,0.000,1.661,3,0,0.828,2,4.243,497.358,1.000,0.487,1.591,0.750,0.865,1.411,0.143,0.857,0.427,0.580
1695,56.500,3.000,0.000,3.000,0.000,1,1,0,0.000,1.477,3,0,0.828,2,2.000,468.914,1.000,0.487,1.033,0.255,0.916,2.016,0.085,0.915,0.465,0.580
1698,56.600,4.472,0.000,1.472,0.000,1,1,0,0.000,1.356,3,0,0.862,2,5.099,412.880,1.000,0.487,0.958,0.505,0.914,1.727,0.111,0.889,0.453,0.580
1701,56.700,3.000,0.000,-1.472,0.000,1,1,0,0.000,1.725,3,0,0.862,2,2.828,398.144,1.000,0.487,1.416,0.899,0.952,1.667,0.177,0.823,0.429,0.580
1704,56.800,1.414,0.000,-1.586,0.000,1,1,0,0.000,1.803,3,0,0.862,2,2.236,248.195,1.000,0.487,1.064,0.835,0.868,0.061,0.133,0.867,0.416,0.580
1707,56.900,5.831,0.000,4.417,0.000,1,1,0,0.000,1.605,3,0,0.897,2,1.000,233.875,1.000,0.487,1.128,0.835,0.884,1.464,0.133,0.867,0.442,0.580
1710,57.000,1.000,0.000,-4.831,0.000,1,1,0,0.000,1.283,3,0,0.897,2,49.497,244.424,1.000,0.487,1.227,0.810,0.933,0.218,0.123,0.877,0.420,0.580
1713,57.100,1.414,0.000,0.414,0.000,1,1,0,0.000,1.522,3,0,0.897,2,1.414,217.925,1.000,0.479,0.615,0.630,1.014,0.877,0.062,0.938,0.419,0.580
1716,57.200,2.000,0.000,0.586,0.000,1,1,0,0.000,1.641,3,0,0.931,2,5.831,185.048,1.000,0.479,1.504,0.878,1.154,1.580,0.153,0.847,0.427,0.580
1719,57.300,2.000,0.000,0.000,0.000,1,1,0,0.000,1.436,3,0,0.931,2,3.162,153.149,1.000,0.479,1.117,0.551,1.407,1.328,0.118,0.882,0.440,0.700
1722,57.400,6.083,0.000,4.083,0.000,1,1,0,0.000,1.750,3,0,0.931,2,4.472,153.757,1.000,0.479,1.615,0.874,1.660,2.910,0.137,0.863,0.453,0.700
1725,57.500,4.123,0.000,-1.960,0.000,1,1,0,0.000,1.425,3,0,0.931,2,1.000,92.714,1.000,0.479,0.674,0.505,1.741,0.387,0.075,0.925,0.444,0.700
1728,57.600,2.828,0.000,-1.295,0.000,1,1,0,0.000,1.456,4,1,0.897,2,5.000,93.939,1.000,0.479,1.038,0.048,1.471,1.920,0.080,0.920,0.548,0.750
1731,57.700,24.042,0.000,21.042,0.000,2,1,0,24.042,1.689,4,0,0.897,4,23.259,114.754,1.000,0.479,0.902,0.323,1.206,1.821,0.110,0.890,0.784,0.650
1734,57.800,21.401,0.000,-2.641,0.000,1,1,0,0.000,1.771,4,0,0.931,2,27.785,80.839,1.000,0.479,0.877,0.706,1.158,0.088,0.064,0.936,0.601,0.650
1737,57.900,2.000,0.000,-19.401,0.000,1,1,0,0.000,1.754,3,1,0.897,2,33.121,104.364,1.000,0.479,0.674,0.801,1.044,0.602,0.097,0.903,0.412,0.750
1740,58.000,3.162,0.000,1.162,0.000,1,1,0,0.000,2.106,3,0,0.897,2,2.828,104.994,1.000,0.487,1.765,0.892,1.313,1.747,0.150,0.850,0.439,0.580
1743,58.100,2.236,0.000,-0.926,0.000,1,1,0,0.000,1.833,3,0,0.897,2,3.000,106.130,1.000,0.487,0.829,0.479,1.019,2.689,0.096,0.904,0.440,0.580
1746,58.200,4.123,0.000,1.887,0.000,1,1,0,0.000,2.188,4,1,0.862,2,8.602,105.749,1.000,0.487,1.639,0.947,0.870,0.103,0.161,0.839,0.508,0.750
1749,58.300,3.000,0.000,-1.123,0.000,1,1,0,0.000,1.893,4,0,0.862,2,33.526,132.664,1.000,0.496,1.535,0.935,0.867,1.369,0.185,0.815,0.500,0.580
1752,58.400,6.083,0.000,3.083,0.000,1,1,0,0.000,2.167,4,0,0.897,2,5.831,133.764,1.000,0.496,1.860,0.885,0.672,0.993,0.175,0.825,0.528,0.580
1755,58.500,3.162,0.000,-2.920,0.000,1,1,0,0.000,2.246,4,0,0.897,3,2.828,134.037,1.000,0.487,0.976,0.524,0.444,1.908,0.115,0.885,0.560,0.580
1758,58.600,4.000,0.000,0.838,0.000,1,1,0,0.000,1.910,4,0,0.897,3,5.000,81.438,1.000,0.479,1.266,0.760,0.427,0.046,0.119,0.881,0.556,0.580
1761,58.700,1.000,0.000,-3.000,0.000,1,1,0,0.000,1.632,4,0,0.897,2,4.000,81.360,1.000,0.479,0.334,0.286,0.127,0.660,0.048,0.952,0.504,0.580
1764,58.800,4.123,0.000,3.123,0.000,1,1,0,0.000,1.642,4,0,0.897,3,5.000,81.819,1.000,0.479,1.191,0.824,0.243,2.180,0.098,0.902,0.550,0.580
1767,58.900,2.000,0.000,-2.123,0.000,1,1,0,0.000,1.574,4,0,0.897,3,5.000,81.899,1.000,0.470,0.818,0.136,0.073,0.003,0.085,0.915,0.577,0.580
1770,59.000,2.000,0.000,0.000,0.000,1,1,0,0.000,1.601,4,0,0.897,3,1.000,82.415,1.000,0.470,1.044,0.828,0.257,1.787,0.147,0.853,0.534,0.580
1773,59.100,1.000,0.000,-1.000,0.000,1,1,0,0.000,1.767,3,1,0.862,2,36.359,107.554,1.000,0.470,1.328,0.794,0.085,2.301,0.142,0.858,0.423,0.750
1776,59.200,14.866,0.000,13.866,0.000,1,1,0,0.000,1.549,3,0,0.862,2,81.835,251.808,1.000,0.470,2.501,0.725,0.057,0.441,0.162,0.838,0.534,0.580
1779,59.300,93.381,0.000,78.515,0.000,1,1,0,0.000,1.235,3,0,0.862,2,0.000,290.138,1.000,0.470,4.976,0.647,0.408,0.151,0.256,0.744,0.769,0.450
1782,59.400,0.000,0.000,0.000,0.000,0,0,0,0.000,0.000,3,0,0.862,0,0.000,290.138,0.967,0.470,6.226,0.801,1.345,0.286,0.289,0.711,0.286,0.650
1785,59.500,0.000,0.000,0.000,0.000,0,0,0,0.000,0.000,3,0,0.862,0,0.000,290.138,0.933,0.470,7.467,0.882,2.894,0.402,0.299,0.701,0.307,0.700
1788,59.600,0.000,0.000,0.000,0.000,0,0,0,0.000,0.000,3,0,0.862,0,0.000,290.138,0.900,0.470,9.053,0.929,3.449,0.210,0.302,0.698,0.313,0.700
1791,59.700,0.000,0.000,0.000,0.000,0,0,0,0.000,0.000,3,0,0.862,0,0.000,290.138,0.867,0.470,4.100,0.910,5.025,0.022,0.268,0.732,0.213,0.700
1794,59.800,0.000,0.000,0.000,0.000,0,0,0,0.000,0.000,3,0,0.862,0,0.000,290.138,0.833,0.470,2.531,0.949,5.189,1.651,0.241,0.759,0.167,0.700
1797,59.900,0.000,0.000,0.000,0.000,0,0,0,0.000,0.000,3,0,0.862,0,0.000,290.138,0.800,0.470,3.165,0.780,5.077,0.870,0.240,0.760,0.191,0.700
1800,60.000,0.000,0.000,0.000,0.000,0,0,0,0.000,0.000,3,0,0.862,0,0.000,290.138,0.767,0.470,1.920,0.830,4.675,2.186,0.182,0.818,0.152,0.700
1803,60.100,0.000,0.000,0.000,0.000,0,0,0,0.000,0.000,3,0,0.862,0,0.000,290.138,0.733,0.470,1.665,0.586,4.829,0.589,0.165,0.835,0.159,0.700
1806,60.200,0.000,0.000,0.000,0.000,0,0,0,0.000,0.000,3,0,0.862,0,0.000,290.138,0.700,0.470,1.789,0.690,5.125,1.989,0.160,0.840,0.150,0.700
1809,60.300,0.000,0.000,0.000,0.000,0,0,0,0.000,0.000,2,1,0.828,0,0.000,290.138,0.667,0.470,0.862,0.362,4.954,0.662,0.121,0.879,0.146,0.750
1812,60.400,0.000,0.000,0.000,0.000,0,0,0,0.000,0.000,3,1,0.793,0,0.000,290.138,0.633,0.470,2.711,0.876,4.892,2.256,0.262,0.738,0.152,0.750
1815,60.500,0.000,0.000,0.000,0.000,0,0,0,0.000,0.000,3,0,0.828,0,0.000,290.138,0.600,0.470,4.333,0.779,5.448,0.266,0.282,0.718,0.196,0.700
1818,60.600,0.000,0.000,0.000,0.000,0,0,0,0.000,0.000,3,0,0.828,0,0.000,290.138,0.567,0.470,6.655,0.791,6.108,1.891,0.311,0.689,0.249,0.700
1821,60.700,0.000,0.000,0.000,0.000,0,0,0,0.000,0.000,3,0,0.828,0,0.000,290.138,0.533,0.470,5.904,0.678,6.877,1.634,0.282,0.718,0.234,0.700
1824,60.800,0.000,0.000,0.000,0.000,0,0,0,0.000,0.000,3,0,0.862,0,0.000,290.138,0.500,0.470,2.219,0.682,5.611,2.054,0.184,0.816,0.138,0.700
1827,60.900,0.000,0.000,0.000,0.000,0,0,0,0.000,0.000,3,0,0.862,0,0.000,290.138,0.467,0.470,3.891,0.784,2.377,3.053,0.277,0.723,0.168,0.700
1830,61.000,0.000,0.000,0.000,0.000,0,0,0,0.000,0.000,3,0,0.862,0,0.000,290.138,0.433,0.470,4.045,0.864,1.284,0.080,0.274,0.726,0.163,0.580
1833,61.100,0.000,0.000,0.000,0.000,0,0,0,0.000,0.000,3,0,0.897,0,0.000,290.138,0.400,0.470,3.735,0.839,0.666,3.072,0.269,0.731,0.153,0.580
1836,61.200,0.000,0.000,0.000,0.000,0,0,0,0.000,0.000,3,0,0.897,0,0.000,290.138,0.367,0.470,3.427,0.841,0.184,2.805,0.261,0.739,0.141,0.580
1839,61.300,0.000,0.000,0.000,0.000,0,0,0,0.000,0.000,3,0,0.897,0,0.000,290.138,0.333,0.470,3.025,0.838,0.105,0.017,0.246,0.754,0.127,0.580
1842,61.400,0.000,0.000,0.000,0.000,0,0,0,0.000,0.000,3,0,0.897,0,0.000,290.138,0.300,0.470,3.537,0.719,0.094,2.317,0.238,0.762,0.144,0.580
1845,61.500,0.000,0.000,0.000,0.000,0,0,0,0.000,0.000,3,0,0.897,0,0.000,290.138,0.267,0.470,5.202,0.732,0.070,0.650,0.264,0.736,0.181,0.580
1848,61.600,0.000,0.000,0.000,0.000,0,0,0,0.000,0.000,3,0,0.897,0,0.000,290.138,0.233,0.470,5.331,0.779,0.133,0.419,0.267,0.733,0.177,0.580
1851,61.700,0.000,0.000,0.000,0.000,0,0,0,0.000,0.000,3,0,0.897,0,0.000,290.138,0.200,0.470,7.344,0.706,0.219,0.545,0.299,0.701,0.228,0.580
1854,61.800,181.135,0.000,87.754,0.000,1,1,0,0.000,1.433,3,0,0.897,2,0.000,998.629,0.200,0.209,5.393,0.853,0.339,0.720,0.289,0.711,0.669,0.650
1857,61.900,3.606,0.000,-177.530,0.000,1,1,0,0.000,1.693,3,0,0.897,2,0.000,1589.637,0.200,0.209,3.267,0.923,0.467,0.123,0.240,0.760,0.381,0.580
1860,62.000,5.831,0.000,2.225,0.000,1,1,0,0.000,1.472,3,0,0.931,2,44.283,2177.349,0.200,0.209,2.088,0.880,0.446,0.230,0.205,0.795,0.367,0.580
1863,62.100,6.083,0.000,0.252,0.000,1,1,0,0.000,1.591,4,1,0.897,3,4.243,2252.069,0.200,0.205,2.000,0.800,0.301,0.655,0.184,0.816,0.487,0.750
1866,62.200,3.606,0.000,-2.477,0.000,1,1,0,0.000,1.251,4,0,0.897,3,3.162,2277.079,0.200,0.205,1.549,0.817,0.013,0.306,0.154,0.846,0.461,0.580
1869,62.300,3.162,0.000,-0.443,0.000,1,1,0,0.000,1.284,4,0,0.897,3,0.000,2171.508,0.200,0.202,2.468,0.924,0.208,0.147,0.201,0.799,0.474,0.580
1872,62.400,7.616,0.000,4.453,0.000,1,1,0,0.000,1.236,4,0,0.897,3,0.000,1913.504,0.233,0.202,2.791,0.867,0.120,0.273,0.210,0.790,0.514,0.580
1875,62.500,5.831,0.000,-1.785,0.000,1,1,0,0.000,1.255,4,0,0.897,3,0.000,1446.570,0.267,0.202,3.736,0.800,0.088,0.033,0.237,0.763,0.537,0.580
1878,62.600,7.280,0.000,1.449,0.000,1,1,0,0.000,1.119,4,0,0.897,3,0.000,927.908,0.300,0.202,4.400,0.536,0.002,1.612,0.237,0.763,0.584,0.580
1881,62.700,31.016,0.000,23.736,0.000,1,1,0,0.000,0.975,3,1,0.862,2,0.000,608.364,0.333,0.202,4.452,0.675,0.260,0.027,0.237,0.763,0.596,0.750
1884,62.800,30.871,0.000,-0.145,0.000,1,1,0,0.000,0.843,3,0,0.862,2,0.000,608.364,0.367,0.202,5.145,0.810,0.337,0.435,0.233,0.767,0.607,0.580
1887,62.900,46.957,412.354,16.087,391.165,2,1,1,28.018,1.644,3,0,0.862,2,0.000,608.364,0.400,0.202,5.564,0.853,0.411,0.010,0.239,0.761,0.747,0.650
1890,63.000,0.000,0.000,0.000,0.000,0,0,0,0.000,0.000,3,0,0.862,0,0.000,608.364,0.400,0.202,3.587,0.790,0.483,0.123,0.217,0.783,0.152,0.650
1893,63.100,0.000,0.000,0.000,0.000,0,0,0,0.000,0.000,3,0,0.862,0,0.000,608.364,0.400,0.202,3.716,0.694,0.265,0.171,0.208,0.792,0.162,0.580
1896,63.200,0.000,584.132,0.000,171.778,1,0,1,0.000,1.528,3,0,0.897,2,0.000,818.174,0.433,0.208,5.025,0.884,0.037,0.024,0.256,0.744,0.686,0.650
1899,63.300,0.000,21.260,0.000,-562.872,1,0,1,0.000,1.360,3,0,0.931,2,0.000,1222.214,0.467,0.208,5.984,0.924,0.284,0.042,0.271,0.729,0.579,0.580
1902,63.400,0.000,28.792,0.000,7.532,1,0,1,0.000,1.120,3,0,0.931,2,0.000,1775.899,0.500,0.208,4.766,0.728,0.514,0.325,0.218,0.782,0.608,0.580
1905,63.500,0.000,32.280,0.000,3.488,1,0,1,0.000,1.239,3,0,0.931,2,0.000,1775.899,0.533,0.208,2.905,0.546,0.483,0.061,0.188,0.812,0.598,0.580
1908,63.600,0.000,12.649,0.000,-19.631,1,0,1,0.000,1.391,4,1,0.897,3,0.000,1775.899,0.567,0.208,4.441,0.888,0.308,0.315,0.239,0.761,0.622,0.750
1911,63.700,0.000,26.249,0.000,13.600,1,0,1,0.000,1.747,4,0,0.897,3,0.000,1775.899,0.600,0.208,2.985,0.577,0.005,0.738,0.188,0.812,0.687,0.580
1914,63.800,0.000,11.000,0.000,-15.249,1,0,1,0.000,1.898,4,0,0.897,3,0.000,1775.899,0.633,0.208,1.405,0.811,0.261,0.665,0.146,0.854,0.550,0.580
1917,63.900,0.000,13.601,0.000,2.601,1,0,1,0.000,1.948,3,1,0.862,2,0.000,1775.899,0.667,0.208,0.738,0.507,0.205,0.720,0.063,0.937,0.459,0.750
1920,64.000,0.000,16.279,0.000,2.677,1,0,1,0.000,1.816,3,0,0.862,2,145.031,2696.655,0.700,0.208,2.117,0.872,0.161,2.257,0.207,0.793,0.486,0.750
1923,64.100,0.000,12.530,0.000,-3.749,1,0,1,0.000,1.750,3,0,0.862,2,14.318,3703.394,0.733,0.211,1.123,0.499,0.103,0.462,0.115,0.885,0.471,0.580
1926,64.200,0.000,14.866,0.000,2.336,1,0,1,0.000,1.825,4,1,0.828,3,14.318,3703.394,0.767,0.208,2.107,0.897,0.070,0.429,0.219,0.781,0.599,0.750
1929,64.300,0.000,23.854,0.000,8.988,1,0,1,0.000,1.725,4,0,0.828,3,175.582,3910.179,0.800,0.208,3.378,0.962,0.216,0.403,0.261,0.739,0.681,0.750
1932,64.400,0.000,18.439,0.000,-5.415,1,0,1,0.000,1.820,4,0,0.828,3,175.582,3910.179,0.833,0.419,2.348,0.848,0.380,0.327,0.232,0.768,0.637,0.750
1935,64.500,0.000,0.000,0.000,0.000,0,0,0,0.000,0.000,3,1,0.793,0,175.582,3910.179,0.833,0.419,3.094,0.937,0.587,0.803,0.258,0.742,0.182,0.750
1938,64.600,0.000,35.735,0.000,17.296,1,0,1,0.000,1.755,3,0,0.793,2,175.582,3910.179,0.867,0.416,3.864,0.756,0.549,0.240,0.215,0.785,0.666,0.750
1941,64.700,0.000,9.220,0.000,-26.516,1,0,1,0.000,1.805,3,0,0.793,2,175.582,3910.179,0.900,0.416,2.692,0.476,0.488,0.230,0.178,0.822,0.513,0.750
1944,64.800,0.000,20.616,0.000,11.396,1,0,1,0.000,1.724,3,0,0.793,2,175.582,3910.179,0.900,0.425,4.039,0.890,0.593,2.709,0.256,0.744,0.581,0.750
1947,64.900,0.000,23.409,0.000,2.794,1,0,1,0.000,1.596,3,0,0.793,2,175.582,3910.179,0.900,0.425,2.434,0.831,0.694,0.096,0.220,0.780,0.561,0.750
1950,65.000,0.000,7.211,0.000,-16.198,1,0,1,0.000,1.801,3,0,0.828,2,125.176,3893.887,0.900,0.425,2.306,0.772,0.875,0.115,0.210,0.790,0.472,0.695
1953,65.100,0.000,11.180,0.000,3.969,1,0,1,0.000,1.917,3,0,0.828,2,87.864,3827.887,0.900,0.433,3.117,0.758,0.986,0.094,0.231,0.769,0.515,0.580
1956,65.200,0.000,31.623,0.000,20.442,1,0,1,0.000,1.803,3,0,0.828,2,87.864,3827.887,0.900,0.433,2.722,0.906,1.277,0.704,0.232,0.768,0.608,0.350
1959,65.300,0.000,7.616,0.000,-24.007,1,0,1,0.000,1.518,3,0,0.828,2,0.000,3545.288,0.900,0.433,2.359,0.822,1.581,0.785,0.228,0.772,0.472,0.700
1962,65.400,0.000,19.235,0.000,11.620,1,0,1,0.000,1.574,3,0,0.828,2,56.586,3485.869,0.900,0.442,2.252,0.642,1.279,0.198,0.206,0.794,0.546,0.580
1965,65.500,0.000,7.211,0.000,-12.024,1,0,1,0.000,1.746,3,0,0.828,2,56.586,3485.869,0.900,0.442,2.764,0.890,0.895,1.070,0.224,0.776,0.475,0.580
1968,65.600,0.000,22.804,0.000,15.592,1,0,1,0.000,1.562,3,0,0.862,2,156.646,3555.624,0.900,0.442,1.761,0.900,0.750,0.692,0.189,0.811,0.536,0.750
1971,65.700,0.000,5.099,0.000,-17.704,1,0,1,0.000,1.688,3,0,0.862,2,0.000,2584.575,0.900,0.442,1.124,0.917,0.526,0.660,0.148,0.852,0.420,0.580
1974,65.800,0.000,20.025,0.000,14.926,1,0,1,0.000,1.687,3,0,0.862,2,0.000,1958.925,0.900,0.442,2.497,0.924,0.463,0.329,0.196,0.804,0.537,0.350
1977,65.900,0.000,0.000,0.000,0.000,0,0,0,0.000,0.000,3,0,0.862,0,0.000,1958.925,0.867,0.442,0.768,0.264,0.444,2.333,0.084,0.916,0.175,0.650
1980,66.000,0.000,0.000,0.000,0.000,0,0,0,0.000,0.000,4,1,0.828,0,0.000,1958.925,0.867,0.442,0.765,0.575,0.402,1.092,0.072,0.928,0.253,0.750
1983,66.100,0.000,0.000,0.000,0.000,0,0,0,0.000,0.000,4,0,0.828,0,0.000,1958.925,0.867,0.442,0.943,0.865,0.487,1.692,0.137,0.863,0.237,0.580
1986,66.200,0.000,51.971,0.000,31.946,1,0,1,0.000,1.601,4,0,0.828,3,214.979,2826.329,0.867,0.421,1.156,0.481,0.625,2.019,0.104,0.896,0.784,0.750
1989,66.300,0.000,7.211,0.000,-44.760,1,0,1,0.000,1.792,4,0,0.828,3,164.210,3171.694,0.867,0.413,1.174,0.840,0.629,2.658,0.130,0.870,0.550,0.750
1992,66.400,0.000,0.000,0.000,0.000,0,0,0,0.000,0.000,4,0,0.828,0,164.210,3171.694,0.833,0.413,1.092,0.739,0.803,2.038,0.128,0.872,0.246,0.750
1995,66.500,0.000,23.601,0.000,16.390,1,0,1,0.000,1.787,4,0,0.862,3,164.210,3171.694,0.833,0.413,0.400,0.190,0.837,0.752,0.047,0.953,0.663,0.750
1998,66.600,0.000,23.345,0.000,-0.256,1,0,1,0.000,1.659,4,0,0.862,3,17.804,3388.227,0.833,0.413,0.882,0.716,0.921,0.498,0.078,0.922,0.637,0.350
2001,66.700,0.000,0.000,0.000,0.000,0,0,0,0.000,0.000,4,0,0.862,0,17.804,3388.227,0.800,0.413,2.138,0.946,1.099,1.771,0.219,0.781,0.253,0.650
2004,66.800,0.000,0.000,0.000,0.000,0,0,0,0.000,0.000,4,0,0.897,0,17.804,3388.227,0.767,0.413,1.137,0.832,1.131,1.005,0.121,0.879,0.232,0.580
2007,66.900,0.000,8.602,0.000,-14.743,1,0,1,0.000,1.615,3,1,0.862,2,17.804,3388.227,0.767,0.408,0.893,0.593,1.360,0.838,0.136,0.864,0.441,0.750
2010,67.000,0.000,13.038,0.000,4.436,1,0,1,0.000,1.992,3,0,0.862,2,60.828,3177.425,0.767,0.408,0.713,0.661,1.896,1.078,0.091,0.909,0.456,0.700
2013,67.100,0.000,6.708,0.000,-6.330,1,0,1,0.000,2.037,3,0,0.897,2,3.162,2874.447,0.767,0.415,0.605,0.495,2.191,1.489,0.089,0.911,0.430,0.700
2016,67.200,0.000,9.055,0.000,2.347,1,0,1,0.000,1.944,3,0,0.897,2,138.842,2924.990,0.767,0.415,0.888,0.446,2.673,2.148,0.087,0.913,0.453,0.750
2019,67.300,0.000,7.071,0.000,-1.984,1,0,1,0.000,1.969,3,0,0.897,2,144.617,3025.868,0.767,0.415,1.114,0.890,2.214,2.577,0.149,0.851,0.417,0.750
2022,67.400,0.000,8.246,0.000,1.175,1,0,1,0.000,1.979,3,0,0.931,2,8.944,3105.384,0.767,0.415,1.372,0.940,2.334,0.081,0.166,0.834,0.426,0.700
2025,67.500,0.000,8.602,0.000,0.356,1,0,1,0.000,2.258,3,0,0.931,2,158.777,3224.974,0.800,0.415,0.775,0.684,1.780,0.043,0.113,0.887,0.435,0.750
2028,67.600,0.000,5.657,0.000,-2.945,1,0,1,0.000,2.179,3,0,0.931,1,2.000,3079.797,0.800,0.423,1.214,0.924,1.442,0.069,0.167,0.833,0.353,0.700
2031,67.700,0.000,28.320,0.000,22.663,1,0,1,0.000,2.033,3,0,0.931,2,23.345,3087.368,0.800,0.423,1.482,0.711,1.253,0.969,0.149,0.851,0.561,0.350
2034,67.800,0.000,62.008,0.000,33.688,1,0,1,0.000,1.740,3,0,0.931,2,23.345,3087.368,0.800,0.423,2.389,0.897,1.089,1.998,0.223,0.777,0.663,0.550
2037,67.900,0.000,0.000,0.000,0.000,0,0,0,0.000,0.000,3,0,0.931,0,23.345,3087.368,0.767,0.423,2.650,0.756,0.939,0.726,0.217,0.783,0.175,0.650
2040,68.000,122.102,0.000,75.145,0.000,1,1,0,0.000,0.839,3,0,0.931,2,0.000,5562.307,0.767,0.432,6.012,0.815,0.686,1.902,0.307,0.693,0.755,0.650
2043,68.100,6.083,0.000,-116.020,0.000,1,1,0,0.000,0.883,4,1,0.897,3,0.000,7456.138,0.767,0.423,6.774,0.812,0.049,0.111,0.312,0.688,0.673,0.750
2046,68.200,14.866,0.000,8.783,0.000,1,1,0,0.000,0.799,4,0,0.897,3,0.000,7645.708,0.767,0.423,6.851,0.816,0.647,0.056,0.301,0.699,0.724,0.000
2049,68.300,6.083,0.000,-8.783,0.000,1,1,0,0.000,1.050,4,0,0.897,3,0.000,6672.019,0.767,0.415,6.009,0.859,1.178,0.065,0.288,0.712,0.651,0.580
2052,68.400,5.000,0.000,-1.083,0.000,1,1,0,0.000,0.969,4,0,0.897,3,0.000,6903.124,0.767,0.415,5.556,0.879,1.831,0.015,0.287,0.713,0.632,0.700
2055,68.500,0.000,0.000,-5.000,0.000,1,1,0,0.000,0.974,4,0,0.897,3,0.000,5910.049,0.767,0.408,5.418,0.843,2.528,0.083,0.294,0.706,0.603,0.700
2058,68.600,5.657,0.000,5.657,0.000,1,1,0,0.000,1.124,4,0,0.897,3,0.000,4386.044,0.767,0.408,4.677,0.802,3.901,0.094,0.282,0.718,0.619,0.700
2061,68.700,5.000,0.000,-0.657,0.000,1,1,0,0.000,1.512,5,1,0.862,4,0.000,2011.075,0.767,0.400,4.487,0.863,4.616,0.115,0.282,0.718,0.616,0.750
2064,68.800,5.000,0.000,0.000,0.000,1,1,0,0.000,1.884,5,0,0.862,4,0.000,935.505,0.767,0.392,4.566,0.878,5.076,0.076,0.285,0.715,0.616,0.700
2067,68.900,2.236,0.000,-2.764,0.000,1,1,0,0.000,1.704,5,0,0.897,4,0.000,114.344,0.800,0.406,4.254,0.873,8.058,0.032,0.278,0.722,0.598,0.700
2070,69.000,9.899,0.000,7.663,0.000,1,1,0,0.000,1.728,4,1,0.862,3,0.000,113.057,0.833,0.407,3.674,0.780,8.294,0.089,0.269,0.731,0.627,0.750
2073,69.100,27.459,0.000,17.560,0.000,1,1,0,0.000,1.516,4,0,0.862,3,0.000,188.475,0.867,0.407,3.236,0.589,8.804,1.354,0.230,0.770,0.731,0.700
2076,69.200,28.653,0.000,1.194,0.000,1,1,0,0.000,1.500,4,0,0.862,3,45.354,264.519,0.867,0.428,3.196,0.537,9.051,0.198,0.240,0.760,0.741,0.700
2079,69.300,25.495,0.000,-3.158,0.000,1,1,0,0.000,1.317,3,1,0.828,2,26.249,372.728,0.867,0.428,3.515,0.498,8.944,2.673,0.223,0.777,0.619,0.750
2082,69.400,46.325,0.000,20.830,0.000,1,1,0,0.000,1.315,3,0,0.828,2,14.560,457.077,0.900,0.428,3.065,0.645,6.877,0.894,0.181,0.819,0.709,0.700
2085,69.500,27.019,0.000,-19.306,0.000,1,1,0,0.000,1.007,3,0,0.828,2,0.000,493.837,0.900,0.428,3.581,0.861,5.460,1.597,0.262,0.738,0.607,0.700
2088,69.600,36.056,0.000,9.037,0.000,1,1,0,0.000,0.773,3,0,0.828,2,49.649,486.898,0.900,0.428,4.609,0.817,2.253,0.223,0.274,0.726,0.686,0.700
2091,69.700,12.042,0.000,-24.014,0.000,1,1,0,0.000,0.683,3,0,0.828,2,50.010,548.350,0.933,0.428,2.552,0.772,1.336,0.535,0.218,0.782,0.509,0.000
2094,69.800,3.162,0.000,-8.879,0.000,1,1,0,0.000,0.708,3,0,0.862,2,23.770,583.214,0.967,0.428,2.792,0.855,0.839,0.174,0.230,0.770,0.464,0.580
2097,69.900,7.071,0.000,3.909,0.000,1,1,0,0.000,0.872,3,0,0.862,2,23.259,531.900,0.967,0.428,2.877,0.872,0.553,0.077,0.237,0.763,0.486,0.000
2100,70.000,2.236,0.000,-4.835,0.000,1,1,0,0.000,1.100,3,0,0.862,2,48.374,432.310,0.967,0.428,3.164,0.899,0.336,0.247,0.239,0.761,0.465,0.580
2103,70.100,3.162,0.000,0.926,0.000,1,1,0,0.000,1.090,3,0,0.862,1,3.162,416.475,0.967,0.428,2.689,0.921,0.143,0.181,0.225,0.775,0.396,0.580
2106,70.200,4.123,0.000,0.961,0.000,1,1,0,0.000,0.938,3,0,0.862,2,46.043,373.285,0.967,0.435,3.763,0.937,0.027,0.277,0.258,0.742,0.487,0.580
2109,70.300,4.123,0.000,0.000,0.000,1,1,0,0.000,0.871,3,0,0.862,2,0.000,312.424,0.967,0.435,3.572,0.947,0.159,0.188,0.260,0.740,0.482,0.580
2112,70.400,3.606,0.000,-0.518,0.000,1,1,0,0.000,0.755,3,0,0.862,2,30.887,317.064,0.967,0.444,3.143,0.934,0.310,0.030,0.247,0.753,0.469,0.580
2115,70.500,3.162,0.000,-0.443,0.000,1,1,0,0.000,0.740,3,0,0.862,2,27.785,332.874,0.967,0.444,3.344,0.903,0.465,0.007,0.243,0.757,0.474,0.580
2118,70.600,4.123,0.000,0.961,0.000,1,1,0,0.000,0.684,3,0,0.862,2,0.000,290.248,0.967,0.444,4.052,0.888,0.647,0.090,0.253,0.747,0.498,0.580
2121,70.700,5.000,0.000,0.877,0.000,1,1,0,0.000,0.380,3,0,0.862,2,56.303,337.100,0.967,0.453,5.019,0.908,0.774,0.000,0.272,0.728,0.526,0.580
2124,70.800,5.000,0.000,0.000,0.000,1,1,0,0.000,0.224,3,0,0.862,2,19.026,328.544,0.967,0.453,4.984,0.927,0.866,0.029,0.275,0.725,0.523,0.580
2127,70.900,13.454,0.000,8.454,0.000,1,1,0,0.000,0.378,3,0,0.862,2,61.294,430.048,1.000,0.453,6.749,0.946,0.914,0.012,0.278,0.722,0.617,0.000
2130,71.000,5.000,0.000,-8.454,0.000,1,1,0,0.000,0.460,3,0,0.897,2,62.968,462.885,1.000,0.462,5.753,0.968,0.769,0.061,0.273,0.727,0.544,0.580
2133,71.100,7.280,0.000,2.280,0.000,1,1,0,0.000,0.495,3,0,0.897,2,48.415,503.708,1.000,0.462,5.300,0.963,0.530,0.029,0.272,0.728,0.546,0.000
2136,71.200,8.485,0.000,1.205,0.000,1,1,0,0.000,0.516,3,0,0.897,2,0.000,432.178,1.000,0.462,4.072,0.852,0.426,0.044,0.243,0.757,0.529,0.000
2139,71.300,5.385,0.000,-3.100,0.000,1,1,0,0.000,0.533,3,0,0.897,2,51.108,459.138,1.000,0.470,3.398,0.800,0.077,0.220,0.240,0.760,0.499,0.000
2142,71.400,5.831,0.000,0.446,0.000,1,1,0,0.000,0.543,3,0,0.897,2,45.651,471.095,1.000,0.470,4.020,0.910,0.201,0.314,0.262,0.738,0.509,0.000
2145,71.500,5.831,0.000,0.000,0.000,1,1,0,0.000,0.513,3,0,0.897,2,0.000,466.625,1.000,0.479,3.398,0.920,0.530,0.145,0.252,0.748,0.493,0.000
2148,71.600,3.000,0.000,-2.831,0.000,1,1,0,0.000,0.500,3,0,0.931,2,0.000,468.105,1.000,0.479,2.147,0.744,0.856,0.593,0.188,0.812,0.458,0.580
2151,71.700,3.606,0.000,0.606,0.000,1,1,0,0.000,0.451,3,0,0.931,2,90.449,491.634,1.000,0.487,2.288,0.663,1.031,0.866,0.174,0.826,0.471,0.580
2154,71.800,27.313,0.000,23.707,0.000,1,1,0,0.000,0.430,3,0,0.931,2,43.012,561.194,1.000,0.487,5.141,0.920,1.033,0.340,0.255,0.745,0.656,0.000
2157,71.900,30.887,0.000,-16.789,0.000,2,1,0,30.887,0.447,3,0,0.966,4,76.400,827.919,1.000,0.487,3.456,0.879,1.483,2.348,0.218,0.782,0.746,0.700
2160,72.000,47.518,0.000,16.632,0.000,1,1,0,0.000,0.478,4,1,0.931,3,76.400,827.919,1.000,0.487,5.142,0.805,1.826,2.662,0.228,0.772,0.877,0.750
2163,72.100,18.358,0.000,-29.161,0.000,1,1,0,0.000,0.504,4,0,0.931,3,76.400,827.919,1.000,0.487,6.268,0.918,2.153,1.960,0.241,0.759,0.749,0.700
2166,72.200,3.162,0.000,-15.195,0.000,1,1,0,0.000,0.528,4,0,0.966,3,76.400,827.919,1.000,0.479,5.128,0.841,2.180,0.311,0.239,0.761,0.642,0.700
2169,72.300,1.000,0.000,-2.162,0.000,1,1,0,0.000,0.813,3,1,0.931,2,76.400,827.919,1.000,0.479,4.793,0.898,1.537,0.112,0.236,0.764,0.503,0.750
2172,72.400,8.602,0.000,7.602,0.000,1,1,0,0.000,0.809,3,0,0.931,2,76.400,827.919,1.000,0.479,3.568,0.918,1.193,0.003,0.227,0.773,0.513,0.000
2175,72.500,14.318,0.000,5.715,0.000,1,1,0,0.000,1.027,3,0,0.931,2,76.400,827.919,1.000,0.479,3.447,0.791,0.424,0.398,0.211,0.789,0.550,0.350
2178,72.600,12.000,0.000,-2.318,0.000,1,1,0,0.000,1.362,3,0,0.931,2,76.400,827.919,1.000,0.479,3.021,0.794,0.139,1.086,0.219,0.781,0.527,0.350
2181,72.700,18.028,0.000,6.028,0.000,1,1,0,0.000,1.628,3,0,0.931,2,76.400,827.919,1.000,0.479,3.774,0.792,0.025,0.131,0.232,0.768,0.579,0.350
2184,72.800,19.000,0.000,0.972,0.000,1,1,0,0.000,1.896,3,0,0.931,2,76.400,827.919,1.000,0.479,3.208,0.857,0.129,0.179,0.232,0.768,0.566,0.350
2187,72.900,3.606,290.520,-15.394,228.512,2,1,1,50.090,1.974,3,0,0.931,2,76.400,827.919,1.000,0.479,2.382,0.939,0.180,0.013,0.269,0.731,0.734,0.650
2190,73.000,11.705,0.000,8.099,0.000,1,1,0,0.000,2.067,3,0,0.931,2,10.296,886.580,1.000,0.479,2.853,0.866,0.358,0.098,0.252,0.748,0.516,0.650
2193,73.100,3.162,0.000,-8.542,0.000,1,1,0,0.000,1.718,3,0,0.931,2,10.050,1039.194,1.000,0.479,3.075,0.920,0.410,0.140,0.245,0.755,0.470,0.580
2196,73.200,67.720,0.000,54.304,0.000,2,1,0,67.720,1.698,3,0,0.931,3,10.050,1039.194,1.000,0.470,3.716,0.837,0.303,0.285,0.253,0.747,0.834,0.650
2199,73.300,59.237,0.000,-8.483,0.000,1,1,0,0.000,1.713,3,0,0.931,1,37.855,1182.058,1.000,0.479,2.703,0.862,0.123,0.175,0.225,0.775,0.637,0.650
2202,73.400,13.601,0.000,-45.635,0.000,1,1,0,0.000,1.569,3,0,0.931,2,19.235,1298.819,1.000,0.479,3.051,0.904,0.335,0.207,0.236,0.764,0.529,0.450
2205,73.500,3.162,0.000,-10.439,0.000,1,1,0,0.000,1.296,3,0,0.931,2,19.235,1298.819,1.000,0.479,2.802,0.931,0.378,0.239,0.234,0.766,0.462,0.580
2208,73.600,1.000,0.000,-2.162,0.000,1,1,0,0.000,1.410,3,0,0.931,2,0.000,1413.459,1.000,0.479,4.050,0.729,0.603,0.002,0.246,0.754,0.496,0.580
2211,73.700,7.211,229.539,6.211,-60.982,2,1,1,264.864,2.023,3,0,0.931,4,20.100,1406.784,1.000,0.470,2.139,0.877,0.787,0.600,0.222,0.778,0.792,0.650
2214,73.800,4.243,25.239,-2.968,-204.300,2,1,1,248.584,2.061,3,0,0.931,4,20.100,1406.784,1.000,0.462,4.036,0.919,0.941,0.122,0.243,0.757,0.727,0.450
2217,73.900,8.000,0.000,3.757,0.000,1,1,0,0.000,1.241,3,0,0.931,2,16.125,1412.415,1.000,0.462,3.452,0.911,0.973,0.144,0.236,0.764,0.507,0.650
2220,74.000,16.031,0.000,8.031,0.000,1,1,0,0.000,1.336,3,0,0.931,2,0.000,1253.727,1.000,0.462,3.383,0.752,0.911,0.144,0.236,0.764,0.561,0.350
2223,74.100,2.236,0.000,-13.795,0.000,1,1,0,0.000,1.086,3,0,0.931,2,0.000,1039.269,1.000,0.462,2.652,0.806,0.823,0.991,0.238,0.762,0.462,0.580
2226,74.200,7.810,14.560,5.574,-10.679,2,1,1,255.282,2.033,3,0,0.931,3,90.874,916.434,1.000,0.453,2.601,0.934,0.722,0.695,0.247,0.753,0.631,0.650
2229,74.300,8.544,19.849,0.734,5.289,2,1,1,243.578,2.017,3,0,0.931,4,0.000,650.364,1.000,0.453,3.351,0.904,0.774,1.174,0.228,0.772,0.681,0.350
2232,74.400,8.062,10.198,-0.482,-9.651,2,1,1,243.329,2.151,4,1,0.897,5,0.000,365.747,1.000,0.444,1.685,0.426,0.749,2.485,0.148,0.852,0.719,0.750
2235,74.500,5.099,14.036,-2.963,3.838,2,1,1,242.668,1.995,4,0,0.897,4,23.324,407.069,1.000,0.444,2.897,0.688,0.656,2.097,0.213,0.787,0.752,0.550
2238,74.600,8.544,0.000,3.445,0.000,1,1,0,0.000,1.445,4,0,0.897,3,14.422,416.725,1.000,0.444,1.439,0.345,0.612,0.732,0.124,0.876,0.614,0.650
2241,74.700,6.325,26.000,-2.219,11.964,2,1,1,234.164,2.235,3,1,0.862,3,9.434,420.974,1.000,0.435,1.794,0.746,0.797,1.097,0.118,0.882,0.687,0.750
2244,74.800,4.123,0.000,-2.201,0.000,1,1,0,0.000,1.484,3,0,0.862,2,0.000,427.519,1.000,0.435,2.813,0.734,1.065,2.151,0.199,0.801,0.482,0.650
2247,74.900,7.616,42.755,3.493,16.755,2,1,1,251.177,2.247,3,0,0.897,4,14.765,469.394,1.000,0.426,1.179,0.390,0.914,1.560,0.116,0.884,0.790,0.650
2250,75.000,3.162,11.180,-4.453,-31.575,2,1,1,245.546,2.215,3,0,0.897,3,15.033,481.449,1.000,0.426,1.608,0.611,0.995,0.441,0.146,0.854,0.610,0.450
2253,75.100,5.000,0.000,1.838,0.000,1,1,0,0.000,1.594,3,0,0.897,1,15.033,481.449,1.000,0.426,0.861,0.656,0.965,0.619,0.101,0.899,0.383,0.650
2256,75.200,3.606,0.000,-1.394,0.000,1,1,0,0.000,1.228,3,0,0.931,2,23.087,433.485,1.000,0.426,1.961,0.752,1.415,2.604,0.178,0.822,0.456,0.700
2259,75.300,2.236,0.000,-1.369,0.000,1,1,0,0.000,1.203,3,0,0.931,2,6.000,435.087,1.000,0.426,2.385,0.916,1.311,0.747,0.216,0.784,0.448,0.580
2262,75.400,9.220,0.000,6.983,0.000,1,1,0,0.000,1.023,3,0,0.931,2,0.000,447.394,1.000,0.435,4.317,0.917,1.656,0.063,0.254,0.746,0.535,0.700
2265,75.500,48.600,43.186,39.381,32.005,2,1,1,342.567,2.058,3,0,0.931,3,33.242,312.709,1.000,0.426,3.687,0.838,1.551,0.393,0.258,0.742,0.833,0.700
2268,75.600,0.000,3.606,0.000,-39.580,1,0,1,0.000,2.130,3,0,0.931,2,33.242,312.709,1.000,0.426,5.151,0.902,1.511,0.099,0.288,0.712,0.526,0.700
2271,75.700,302.947,17.029,254.347,13.424,2,1,1,645.690,2.219,3,0,0.931,4,33.242,312.709,1.000,0.417,4.111,0.690,1.132,0.021,0.259,0.741,0.854,0.650
2274,75.800,0.000,13.892,0.000,-3.137,1,0,1,0.000,2.259,3,0,0.931,2,33.242,312.709,1.000,0.426,6.153,0.867,0.830,0.391,0.306,0.694,0.610,0.650
2277,75.900,0.000,12.166,0.000,-1.727,1,0,1,0.000,2.532,3,0,0.931,2,33.242,312.709,1.000,0.426,7.679,0.936,0.505,0.183,0.326,0.674,0.634,0.350
2280,76.000,0.000,37.336,0.000,25.171,1,0,1,0.000,2.262,3,0,0.931,2,33.242,312.709,1.000,0.435,6.849,0.961,0.261,0.062,0.323,0.677,0.751,0.450
2283,76.100,0.000,29.120,0.000,-8.216,1,0,1,0.000,1.905,3,0,0.931,1,33.242,312.709,1.000,0.435,4.563,0.977,0.672,0.093,0.302,0.698,0.587,0.350
2286,76.200,0.000,14.142,0.000,-14.978,1,0,1,0.000,1.899,3,0,0.931,1,33.242,312.709,1.000,0.444,2.701,0.961,0.993,0.521,0.268,0.732,0.459,0.350
2289,76.300,0.000,7.616,0.000,-6.526,1,0,1,0.000,1.966,3,0,0.931,1,33.242,312.709,1.000,0.444,2.365,0.961,1.214,0.244,0.257,0.743,0.414,0.580
2292,76.400,0.000,18.682,0.000,11.066,1,0,1,0.000,1.770,3,0,0.931,2,33.242,312.709,1.000,0.444,3.675,0.937,1.166,0.053,0.289,0.711,0.570,0.350
2295,76.500,0.000,19.416,0.000,0.735,1,0,1,0.000,1.472,3,0,0.931,1,33.242,312.709,1.000,0.453,2.243,0.829,1.373,0.483,0.233,0.767,0.486,0.350
2298,76.600,0.000,7.211,0.000,-12.205,1,0,1,0.000,1.366,3,0,0.931,1,33.242,312.709,1.000,0.453,1.514,0.666,1.447,1.060,0.184,0.816,0.411,0.700
2301,76.700,0.000,7.616,0.000,0.405,1,0,1,0.000,1.380,3,0,0.931,1,202.588,950.769,1.000,0.462,1.633,0.856,1.711,1.560,0.216,0.784,0.403,0.750
2304,76.800,0.000,9.220,0.000,1.604,1,0,1,0.000,1.454,3,0,0.931,1,4.123,1669.954,1.000,0.470,0.962,0.649,1.692,0.549,0.152,0.848,0.410,0.700
2307,76.900,0.000,18.028,0.000,8.808,1,0,1,0.000,1.626,3,0,0.931,1,4.123,1669.954,1.000,0.470,1.495,0.783,1.949,0.440,0.192,0.808,0.463,0.700
2310,77.000,0.000,0.000,0.000,0.000,0,0,0,0.000,0.000,3,0,0.931,0,4.123,1669.954,0.967,0.470,1.732,0.563,1.452,1.804,0.196,0.804,0.190,0.700
2313,77.100,0.000,0.000,0.000,0.000,0,0,0,0.000,0.000,3,0,0.931,0,4.123,1669.954,0.933,0.470,2.713,0.725,1.251,0.296,0.239,0.761,0.199,0.580
2316,77.200,0.000,0.000,0.000,0.000,0,0,0,0.000,0.000,3,0,0.931,0,4.123,1669.954,0.900,0.470,3.682,0.656,0.721,1.211,0.252,0.748,0.224,0.580
2319,77.300,0.000,0.000,0.000,0.000,0,0,0,0.000,0.000,3,0,0.966,0,4.123,1669.954,0.867,0.470,4.106,0.708,0.578,0.174,0.281,0.719,0.227,0.580
2322,77.400,0.000,0.000,0.000,0.000,0,0,0,0.000,0.000,3,0,0.966,0,4.123,1669.954,0.833,0.470,9.635,0.883,0.259,2.844,0.341,0.659,0.308,0.580
2325,77.500,0.000,0.000,0.000,0.000,0,0,0,0.000,0.000,3,0,0.966,0,4.123,1669.954,0.800,0.470,11.253,0.804,0.064,1.210,0.331,0.669,0.310,0.580
2328,77.600,0.000,0.000,0.000,0.000,0,0,0,0.000,0.000,3,0,1.000,0,4.123,1669.954,0.767,0.470,7.684,0.758,0.072,0.550,0.306,0.694,0.301,0.580
2331,77.700,0.000,0.000,0.000,0.000,0,0,0,0.000,0.000,3,0,1.000,0,4.123,1669.954,0.733,0.470,6.851,0.820,0.074,2.140,0.297,0.703,0.272,0.580
2334,77.800,0.000,0.000,0.000,0.000,0,0,0,0.000,0.000,3,0,1.000,0,4.123,1669.954,0.700,0.470,5.317,0.821,0.183,2.385,0.284,0.716,0.229,0.580
2337,77.900,0.000,0.000,0.000,0.000,0,0,0,0.000,0.000,3,0,1.000,0,4.123,1669.954,0.667,0.470,4.580,0.865,0.294,0.044,0.280,0.720,0.204,0.580
2340,78.000,0.000,0.000,0.000,0.000,0,0,0,0.000,0.000,3,0,1.000,0,4.123,1669.954,0.633,0.470,3.704,0.874,0.256,0.069,0.264,0.736,0.177,0.580
2343,78.100,0.000,0.000,0.000,0.000,0,0,0,0.000,0.000,3,0,1.000,0,4.123,1669.954,0.600,0.470,3.234,0.812,0.292,0.086,0.257,0.743,0.166,0.580
2346,78.200,0.000,0.000,0.000,0.000,0,0,0,0.000,0.000,3,0,1.000,0,4.123,1669.954,0.567,0.470,2.132,0.757,0.342,0.168,0.214,0.786,0.138,0.580
2349,78.300,0.000,0.000,0.000,0.000,0,0,0,0.000,0.000,3,0,1.000,0,4.123,1669.954,0.533,0.470,2.761,0.767,0.367,2.358,0.219,0.781,0.149,0.580
2352,78.400,0.000,644.302,0.000,626.274,1,0,1,0.000,1.319,3,0,1.000,2,68.884,3556.665,0.533,0.264,3.586,0.647,0.457,1.713,0.208,0.792,0.678,0.650
2355,78.500,122.589,0.000,-180.358,0.000,1,1,0,0.000,0.964,3,0,1.000,2,68.015,4638.017,0.533,0.264,4.037,0.609,0.601,0.480,0.137,0.863,0.692,0.500
2358,78.600,39.661,0.000,-82.928,0.000,1,1,0,0.000,0.959,3,0,1.000,2,80.231,5293.787,0.533,0.268,4.103,0.844,0.722,1.282,0.247,0.753,0.648,0.450
2361,78.700,0.000,112.645,0.000,62.049,2,0,1,112.645,1.383,3,0,1.000,4,66.287,5479.024,0.533,0.268,4.791,0.759,0.861,1.298,0.225,0.775,0.811,0.650
2364,78.800,0.000,0.000,0.000,0.000,0,0,0,0.000,0.000,3,0,1.000,0,66.287,5479.024,0.500,0.268,5.538,0.668,0.915,0.286,0.185,0.815,0.222,0.650
2367,78.900,146.741,0.000,107.080,0.000,1,1,0,0.000,0.778,3,0,1.000,2,0.000,5396.694,0.500,0.277,4.231,0.700,1.100,0.473,0.229,0.771,0.687,0.650
2370,79.000,31.401,0.000,-115.341,0.000,1,1,0,0.000,1.019,3,0,1.000,2,17.029,5265.044,0.500,0.277,3.180,0.863,0.713,0.302,0.209,0.791,0.574,0.450
2373,79.100,26.249,0.000,-5.152,0.000,1,1,0,0.000,1.092,3,0,1.000,2,0.000,5092.629,0.500,0.277,2.495,0.703,0.265,3.125,0.171,0.829,0.539,0.550
2376,79.200,28.071,507.001,1.823,394.356,2,1,1,568.304,1.365,3,0,1.000,3,0.000,4761.125,0.500,0.277,3.714,0.711,0.069,0.050,0.203,0.797,0.783,0.650
2379,79.300,29.833,26.926,1.762,-480.075,2,1,1,561.360,1.431,3,0,1.000,3,0.000,1024.919,0.500,0.277,3.548,0.739,0.089,0.043,0.217,0.783,0.693,0.450
2382,79.400,21.932,15.652,-7.901,-11.273,2,1,1,565.428,1.121,3,0,1.000,4,0.000,730.137,0.500,0.277,2.506,0.738,0.191,0.235,0.198,0.802,0.623,0.350
2385,79.500,17.493,12.649,-4.439,-3.003,2,1,1,569.548,1.000,3,0,1.000,4,0.000,628.565,0.500,0.272,2.387,0.786,0.255,0.824,0.240,0.760,0.592,0.350
2388,79.600,5.000,5.000,-12.493,-7.649,2,1,1,573.161,0.894,3,0,1.000,3,122.385,1162.969,0.500,0.268,1.849,0.841,0.320,0.127,0.223,0.777,0.505,0.680
2391,79.700,2.236,18.358,-2.764,13.358,2,1,1,571.319,0.877,3,0,1.000,3,345.731,3752.775,0.500,0.268,2.223,0.879,0.398,0.414,0.214,0.786,0.586,0.750
2394,79.800,15.232,37.121,12.995,18.764,2,1,1,569.780,0.869,3,0,1.000,4,0.000,3689.547,0.500,0.263,2.883,0.850,0.412,0.929,0.205,0.795,0.709,0.000
2397,79.900,33.526,53.600,18.295,16.479,2,1,1,523.179,0.820,3,0,1.000,4,2.236,3590.189,0.500,0.263,3.467,0.704,0.469,0.361,0.189,0.811,0.777,0.000
2400,80.000,48.703,65.795,15.177,12.195,2,1,1,448.291,0.777,3,0,1.000,4,35.000,3543.057,0.533,0.258,3.512,0.455,0.543,0.454,0.191,0.809,0.800,0.000
2403,80.100,61.098,55.154,12.395,-10.641,2,1,1,367.491,0.742,3,0,1.000,4,0.000,3692.138,0.567,0.248,3.746,0.567,0.641,0.183,0.217,0.783,0.802,0.000
2406,80.200,45.354,22.023,-15.744,-33.132,2,1,1,316.588,0.734,3,0,1.000,4,0.000,4020.438,0.600,0.238,3.589,0.473,0.702,0.258,0.182,0.818,0.809,0.450
2409,80.300,28.792,14.000,-16.562,-8.023,2,1,1,288.591,0.733,3,0,1.000,4,0.000,4585.068,0.633,0.391,2.307,0.793,0.772,0.133,0.143,0.857,0.668,0.000
2412,80.400,27.785,0.000,-1.007,0.000,1,1,0,0.000,0.707,4,1,0.966,3,38.328,4969.087,0.667,0.391,1.670,0.722,0.902,2.499,0.129,0.871,0.661,0.750
2415,80.500,5.831,0.000,-21.954,0.000,1,1,0,0.000,0.534,4,0,0.966,3,38.328,4969.087,0.700,0.381,2.298,0.748,0.931,1.957,0.184,0.816,0.556,0.580
2418,80.600,19.235,0.000,13.404,0.000,1,1,0,0.000,0.258,4,0,0.966,3,29.530,5128.358,0.733,0.391,5.382,0.524,1.088,2.419,0.180,0.820,0.728,0.550
2421,80.700,7.211,29.155,-12.024,15.155,2,1,1,272.809,0.679,3,1,0.931,4,0.000,5171.228,0.767,0.389,3.782,0.841,0.850,0.357,0.204,0.796,0.720,0.750
2424,80.800,2.000,8.544,-5.211,-20.611,2,1,1,266.101,0.882,3,0,0.931,4,12.083,4301.288,0.800,0.379,2.416,0.941,0.859,1.546,0.167,0.833,0.568,0.580
2427,80.900,21.932,20.248,19.932,11.704,2,1,1,254.403,0.994,3,0,0.931,4,12.083,4301.288,0.833,0.379,2.087,0.787,0.896,0.643,0.126,0.874,0.649,0.350
2430,81.000,19.698,17.263,-2.234,-2.986,2,1,1,238.757,0.987,3,0,0.931,4,12.083,4301.288,0.867,0.379,1.347,0.312,0.755,2.542,0.079,0.921,0.655,0.550
2433,81.100,7.280,0.000,-12.418,0.000,1,1,0,0.000,0.980,3,0,0.931,2,25.000,4079.694,0.900,0.379,4.248,0.800,0.697,2.237,0.183,0.817,0.519,0.650
2436,81.200,3.162,0.000,-4.118,0.000,1,1,0,0.000,1.160,3,0,0.931,2,10.050,3838.749,0.933,0.389,2.945,0.303,0.389,0.509,0.095,0.905,0.502,0.580
2439,81.300,6.708,48.042,3.546,30.779,2,1,1,279.516,1.453,3,0,0.931,3,10.050,3838.749,0.967,0.389,1.791,0.626,0.350,2.804,0.085,0.915,0.797,0.650
2442,81.400,5.831,12.042,-0.877,-36.000,2,1,1,275.347,1.604,3,0,0.931,3,10.050,3838.749,0.967,0.389,2.482,0.353,0.432,0.029,0.082,0.918,0.650,0.580
2445,81.500,4.000,20.616,-1.831,8.574,2,1,1,283.558,1.912,3,0,0.931,4,19.105,1830.325,0.967,0.389,2.587,0.365,0.490,2.183,0.136,0.864,0.700,0.550
2448,81.600,3.162,0.000,-0.838,0.000,1,1,0,0.000,1.503,3,0,0.931,2,15.652,1592.567,0.967,0.389,2.903,0.347,0.524,0.104,0.117,0.883,0.502,0.650
2451,81.700,10.000,26.249,6.838,5.633,2,1,1,266.308,2.065,3,0,0.931,4,14.036,1277.289,0.967,0.389,3.021,0.626,0.565,2.235,0.156,0.844,0.724,0.650
2454,81.800,20.025,22.361,10.025,-3.888,2,1,1,263.911,2.022,3,0,0.931,4,12.207,1095.744,1.000,0.389,2.534,0.219,0.566,0.667,0.090,0.910,0.722,0.350
2457,81.900,4.472,20.809,-15.553,-1.552,2,1,1,284.623,1.939,3,0,0.931,3,26.019,890.844,1.000,0.389,2.798,0.681,0.404,1.924,0.157,0.843,0.688,0.550
2460,82.000,11.180,0.000,6.708,0.000,1,1,0,0.000,2.130,3,0,0.931,2,26.019,890.844,1.000,0.399,2.979,0.586,0.044,0.431,0.135,0.865,0.536,0.650
2463,82.100,7.280,0.000,-3.900,0.000,1,1,0,0.000,2.055,3,0,0.931,2,26.019,890.844,1.000,0.399,1.839,0.447,0.107,3.013,0.133,0.867,0.495,0.580
2466,82.200,5.099,0.000,-2.181,0.000,1,1,0,0.000,1.859,3,0,0.931,2,26.019,890.844,1.000,0.408,1.748,0.725,0.379,0.559,0.116,0.884,0.461,0.580
2469,82.300,8.062,0.000,2.963,0.000,1,1,0,0.000,1.770,3,0,0.931,2,13.928,755.450,1.000,0.408,2.775,0.680,0.526,0.650,0.174,0.826,0.507,0.580
2472,82.400,13.928,0.000,5.866,0.000,1,1,0,0.000,1.749,3,0,0.931,2,13.928,755.450,1.000,0.417,1.219,0.355,0.421,0.680,0.093,0.907,0.523,0.580
2475,82.500,7.071,40.025,-6.857,19.216,2,1,1,249.088,2.129,3,0,0.931,4,13.928,755.450,1.000,0.408,2.597,0.671,0.444,0.497,0.129,0.871,0.790,0.650
2478,82.600,11.705,14.142,4.634,-25.883,2,1,1,226.526,2.265,3,0,0.931,4,26.420,592.935,1.000,0.408,1.255,0.603,0.265,0.209,0.113,0.887,0.618,0.450
2481,82.700,12.530,0.000,0.825,0.000,1,1,0,0.000,2.127,3,0,0.931,2,26.926,459.124,1.000,0.417,3.600,0.769,0.603,1.161,0.224,0.776,0.546,0.650
2484,82.800,2.236,0.000,-10.294,0.000,1,1,0,0.000,1.738,3,0,0.931,2,19.799,310.590,1.000,0.417,1.309,0.540,0.619,0.893,0.139,0.861,0.447,0.580
2487,82.900,12.806,6.403,10.570,-7.739,2,1,1,234.617,2.198,3,0,0.931,4,19.799,310.590,1.000,0.417,2.424,0.931,0.555,0.262,0.181,0.819,0.617,0.650
2490,83.000,4.472,7.071,-8.334,0.668,2,1,1,240.244,2.010,3,0,0.931,4,19.799,310.590,1.000,0.417,1.480,0.834,0.498,0.575,0.147,0.853,0.568,0.580
2493,83.100,4.472,0.000,0.000,0.000,1,1,0,0.000,2.030,3,0,0.931,2,19.799,310.590,1.000,0.426,3.397,0.736,0.514,0.395,0.226,0.774,0.498,0.650
2496,83.200,5.099,28.862,0.627,21.791,2,1,1,257.189,2.174,3,0,0.931,3,225.858,1521.334,1.000,0.417,1.062,0.855,0.442,1.339,0.144,0.856,0.677,0.750
2499,83.300,6.403,21.541,1.304,-7.321,2,1,1,240.684,1.893,3,0,0.966,3,225.858,1521.334,1.000,0.417,2.574,0.892,0.541,0.025,0.203,0.797,0.672,0.750
2502,83.400,2.828,13.416,-3.575,-8.124,2,1,1,251.645,1.963,3,0,0.966,3,225.858,1521.334,1.000,0.417,2.164,0.719,0.556,2.151,0.180,0.820,0.628,0.750
2505,83.500,3.162,0.000,0.334,0.000,1,1,0,0.000,1.814,3,0,0.966,2,212.927,1390.358,1.000,0.417,1.129,0.635,0.703,1.035,0.120,0.880,0.441,0.750
2508,83.600,0.000,26.173,-3.162,12.756,2,1,1,237.508,2.213,3,0,1.000,3,188.608,2263.689,1.000,0.426,1.333,0.619,0.887,0.491,0.135,0.865,0.685,0.750
2511,83.700,4.123,8.602,4.123,-17.570,2,1,1,242.043,2.157,3,0,1.000,4,185.400,2218.644,1.000,0.417,1.021,0.775,0.898,0.868,0.130,0.870,0.569,0.750
2514,83.800,5.000,0.000,0.877,0.000,1,1,0,0.000,2.384,3,0,1.000,2,0.000,2172.374,1.000,0.426,2.459,0.805,0.817,0.330,0.192,0.808,0.473,0.650
2517,83.900,7.280,0.000,2.280,0.000,1,1,0,0.000,2.276,3,0,1.000,2,62.266,2204.488,1.000,0.426,0.781,0.691,0.879,0.284,0.095,0.905,0.452,0.350
2520,84.000,2.828,0.000,-4.452,0.000,1,1,0,0.000,1.881,3,0,1.000,2,13.000,2228.088,1.000,0.435,1.876,0.716,0.761,1.088,0.165,0.835,0.453,0.580
2523,84.100,2.828,0.000,0.000,0.000,1,1,0,0.000,2.325,3,0,1.000,2,13.454,2197.180,1.000,0.435,0.693,0.655,1.021,0.413,0.076,0.924,0.427,0.580
2526,84.200,4.123,0.000,1.295,0.000,1,1,0,0.000,1.992,3,0,1.000,2,13.454,2197.180,1.000,0.435,2.909,0.823,0.902,0.982,0.202,0.798,0.478,0.580
2529,84.300,7.211,0.000,3.088,0.000,1,1,0,0.000,2.119,3,0,1.000,2,11.180,2162.530,1.000,0.435,0.604,0.159,0.954,1.248,0.085,0.915,0.484,0.480
2532,84.400,1.000,28.160,-6.211,19.558,2,1,1,255.265,2.181,3,0,1.000,3,9.220,2151.625,1.000,0.435,1.050,0.608,0.922,0.810,0.123,0.877,0.690,0.650
2535,84.500,3.606,18.248,2.606,-9.912,2,1,1,252.353,2.191,3,0,1.000,2,9.220,2151.625,1.000,0.435,1.001,0.416,1.047,0.777,0.100,0.900,0.587,0.350
2538,84.600,3.606,0.000,0.000,0.000,1,1,0,0.000,1.688,3,0,1.000,2,2.236,2127.070,1.000,0.435,2.144,0.820,0.946,1.287,0.179,0.821,0.456,0.650
2541,84.700,50.249,0.000,49.249,0.000,2,1,0,50.249,1.736,3,0,1.000,4,0.000,2164.989,1.000,0.435,1.001,0.512,1.052,1.423,0.112,0.888,0.789,0.650
2544,84.800,53.263,0.000,3.014,0.000,1,1,0,0.000,1.730,3,0,1.000,2,0.000,2164.989,1.000,0.435,1.219,0.748,0.847,0.085,0.173,0.827,0.668,0.650
2547,84.900,7.616,8.246,-45.648,-10.002,2,1,1,252.579,2.479,3,0,1.000,2,0.000,2164.989,1.000,0.444,0.715,0.297,0.961,1.521,0.132,0.868,0.533,0.650
2550,85.000,5.831,9.849,-1.785,1.603,2,1,1,247.607,2.667,3,0,1.000,2,0.000,2164.989,1.000,0.444,0.982,0.478,1.048,0.762,0.096,0.904,0.536,0.350
2553,85.100,5.099,0.000,-0.732,0.000,1,1,0,0.000,1.655,3,0,1.000,2,0.000,2164.989,1.000,0.444,1.646,0.823,0.897,1.645,0.156,0.844,0.452,0.650
2556,85.200,3.162,0.000,-1.937,0.000,1,1,0,0.000,1.910,3,0,1.000,2,0.000,2164.989,1.000,0.444,0.630,0.555,0.811,0.449,0.086,0.914,0.434,0.580
2559,85.300,46.755,0.000,41.755,0.000,2,1,0,46.755,1.672,3,0,1.000,4,0.000,2164.989,1.000,0.444,0.862,0.722,0.752,0.915,0.119,0.881,0.771,0.650
2562,85.400,49.679,0.000,2.924,0.000,1,1,0,0.000,1.958,3,0,1.000,2,0.000,2164.989,1.000,0.453,0.805,0.631,0.869,0.165,0.104,0.896,0.666,0.650
2565,85.500,4.123,0.000,-45.556,0.000,1,1,0,0.000,1.846,3,0,1.000,2,31.385,2182.764,1.000,0.453,1.450,0.660,0.802,1.069,0.133,0.867,0.453,0.580
2568,85.600,6.000,240.010,1.877,230.162,2,1,1,50.774,2.475,3,0,1.000,4,31.385,2182.764,1.000,0.444,1.032,0.812,0.798,0.737,0.151,0.849,0.769,0.650
2571,85.700,5.000,0.000,-1.000,0.000,1,1,0,0.000,1.719,3,0,1.000,2,8.062,2166.199,1.000,0.453,0.916,0.226,0.696,1.275,0.113,0.887,0.475,0.650
2574,85.800,7.211,35.511,2.211,-204.500,2,1,1,31.048,2.375,3,0,1.000,2,8.062,2166.199,1.000,0.453,0.994,0.543,0.872,0.861,0.113,0.887,0.674,0.650
2577,85.900,4.472,0.000,-2.739,0.000,1,1,0,0.000,1.769,3,0,1.000,2,10.440,2173.025,1.000,0.453,1.498,0.801,0.741,1.411,0.140,0.860,0.446,0.650
2580,86.000,13.038,0.000,8.566,0.000,1,1,0,0.000,1.973,3,0,1.000,2,26.306,1132.918,1.000,0.453,1.174,0.795,0.602,0.220,0.148,0.852,0.486,0.350
2583,86.100,5.000,0.000,-8.038,0.000,1,1,0,0.000,2.266,3,0,1.000,2,3.606,219.000,1.000,0.462,0.700,0.201,0.542,1.134,0.112,0.888,0.471,0.580
2586,86.200,1.000,0.000,-4.000,0.000,1,1,0,0.000,2.153,3,0,1.000,2,46.098,249.838,1.000,0.462,1.017,0.641,0.653,2.547,0.127,0.873,0.426,0.580
2589,86.300,7.280,0.000,6.280,0.000,1,1,0,0.000,1.913,3,0,1.000,1,32.450,251.280,1.000,0.470,0.709,0.562,0.643,0.381,0.093,0.907,0.399,0.580
2592,86.400,0.000,0.000,0.000,0.000,0,0,0,0.000,0.000,4,1,0.966,0,32.450,251.280,0.967,0.470,11.158,0.082,0.612,1.208,0.376,0.624,0.480,0.750
2595,86.500,0.000,244.377,0.000,208.866,1,0,1,0.000,2.415,4,0,0.966,3,0.000,501.619,0.967,0.463,7.015,0.525,0.559,1.922,0.270,0.730,0.940,0.650
2598,86.600,243.288,418.724,236.008,174.347,2,1,1,432.745,2.379,4,0,0.966,5,0.000,1031.438,0.967,0.446,5.498,0.772,1.165,1.839,0.253,0.747,0.979,0.650
2601,86.700,10.440,40.000,-232.848,-378.724,2,1,1,383.803,2.601,4,0,0.966,5,33.971,1524.019,0.967,0.437,3.643,0.779,1.503,0.247,0.240,0.760,0.905,0.700
2604,86.800,7.071,18.601,-3.369,-21.399,2,1,1,389.272,2.529,4,0,0.966,5,0.000,1838.707,0.967,0.428,4.025,0.847,1.786,0.323,0.249,0.751,0.791,0.700
2607,86.900,402.852,0.000,396.449,0.000,2,1,0,402.852,1.598,4,0,0.966,5,0.000,2009.387,0.967,0.419,4.463,0.697,2.463,0.063,0.260,0.740,0.959,0.700
2610,87.000,0.000,383.986,0.000,365.385,1,0,1,0.000,2.431,4,0,0.966,3,0.000,1961.188,0.967,0.419,5.048,0.925,2.849,0.022,0.255,0.745,0.862,0.700
2613,87.100,0.000,8.062,0.000,-375.923,1,0,1,0.000,2.409,4,0,0.966,2,0.000,1908.434,0.967,0.419,6.331,0.896,3.384,0.221,0.264,0.736,0.646,0.700
2616,87.200,369.758,0.000,-33.094,0.000,1,1,0,0.000,1.685,4,0,0.966,2,0.000,1578.480,0.967,0.419,8.183,0.862,4.002,0.218,0.271,0.729,0.896,0.700
2619,87.300,13.000,0.000,-356.758,0.000,1,1,0,0.000,1.774,3,1,0.931,2,0.000,1219.484,0.967,0.419,8.775,0.647,7.656,0.283,0.258,0.742,0.663,0.750
2622,87.400,0.000,34.059,0.000,25.997,1,0,1,0.000,2.247,3,0,0.931,2,78.854,517.900,0.967,0.419,9.657,0.898,9.355,0.001,0.263,0.737,0.762,0.700
2625,87.500,16.279,0.000,3.279,0.000,1,1,0,0.000,1.762,3,0,0.931,2,98.153,499.347,0.967,0.419,10.780,0.717,10.371,0.121,0.267,0.733,0.676,0.700
2628,87.600,21.840,0.000,5.562,0.000,1,1,0,0.000,1.703,4,1,0.897,2,117.175,751.425,0.967,0.428,10.418,0.684,12.029,0.561,0.278,0.722,0.779,0.750
2631,87.700,0.000,0.000,0.000,0.000,0,0,0,0.000,0.000,4,0,0.897,0,117.175,751.425,0.933,0.428,9.926,0.671,18.405,0.169,0.262,0.738,0.435,0.700
2634,87.800,0.000,0.000,0.000,0.000,0,0,0,0.000,0.000,4,0,0.897,0,117.175,751.425,0.900,0.428,6.907,0.363,20.432,0.529,0.241,0.759,0.425,0.700
2637,87.900,0.000,0.000,0.000,0.000,0,0,0,0.000,0.000,3,1,0.862,0,117.175,751.425,0.867,0.428,6.584,0.187,21.441,0.960,0.220,0.780,0.325,0.750
2640,88.000,0.000,0.000,0.000,0.000,0,0,0,0.000,0.000,3,0,0.862,0,117.175,751.425,0.833,0.428,6.108,0.214,2.141,1.365,0.211,0.789,0.308,0.700
2643,88.100,0.000,0.000,0.000,0.000,0,0,0,0.000,0.000,3,0,0.862,0,117.175,751.425,0.800,0.428,4.903,0.552,1.745,0.807,0.196,0.804,0.250,0.700
2646,88.200,0.000,0.000,0.000,0.000,0,0,0,0.000,0.000,3,0,0.862,0,117.175,751.425,0.767,0.428,7.205,0.604,1.576,0.201,0.239,0.761,0.300,0.700
2649,88.300,0.000,0.000,0.000,0.000,0,0,0,0.000,0.000,3,0,0.862,0,117.175,751.425,0.733,0.428,7.809,0.810,1.601,0.057,0.265,0.735,0.297,0.700
2652,88.400,0.000,0.000,0.000,0.000,0,0,0,0.000,0.000,3,0,0.862,0,117.175,751.425,0.700,0.428,7.050,0.643,1.624,0.303,0.264,0.736,0.285,0.700
2655,88.500,0.000,0.000,0.000,0.000,0,0,0,0.000,0.000,3,0,0.862,0,117.175,751.425,0.667,0.428,6.225,0.757,1.611,1.225,0.250,0.750,0.253,0.700
2658,88.600,0.000,0.000,0.000,0.000,0,0,0,0.000,0.000,3,0,0.862,0,117.175,751.425,0.633,0.428,5.803,0.720,1.551,0.027,0.231,0.769,0.241,0.700
2661,88.700,0.000,0.000,0.000,0.000,0,0,0,0.000,0.000,3,0,0.862,0,117.175,751.425,0.600,0.428,6.161,0.716,1.404,0.018,0.234,0.766,0.246,0.700
2664,88.800,0.000,0.000,0.000,0.000,0,0,0,0.000,0.000,3,0,0.862,0,117.175,751.425,0.567,0.428,4.010,0.560,1.151,0.436,0.214,0.786,0.199,0.651
2667,88.900,0.000,0.000,0.000,0.000,0,0,0,0.000,0.000,3,0,0.862,0,117.175,751.425,0.533,0.428,5.468,0.508,0.853,2.997,0.216,0.784,0.235,0.651
2670,89.000,0.000,135.133,0.000,101.074,1,0,1,0.000,2.345,3,0,0.862,2,0.000,1095.178,0.533,0.250,6.367,0.338,0.570,0.618,0.203,0.797,0.769,0.650
2673,89.100,0.000,0.000,0.000,0.000,0,0,0,0.000,0.000,3,0,0.862,0,0.000,1095.178,0.500,0.250,5.820,0.376,0.276,0.128,0.173,0.827,0.249,0.650
2676,89.200,0.000,0.000,0.000,0.000,0,0,0,0.000,0.000,3,0,0.862,0,0.000,1095.178,0.467,0.250,5.269,0.680,0.008,1.555,0.209,0.791,0.210,0.580
2679,89.300,0.000,0.000,0.000,0.000,0,0,0,0.000,0.000,3,0,0.897,0,0.000,1095.178,0.433,0.250,5.631,0.754,0.309,0.036,0.213,0.787,0.210,0.580
2682,89.400,0.000,0.000,0.000,0.000,0,0,0,0.000,0.000,3,0,0.897,0,0.000,1095.178,0.433,0.250,3.797,0.715,0.572,0.259,0.212,0.788,0.167,0.580
2685,89.500,0.000,0.000,0.000,0.000,0,0,0,0.000,0.000,3,0,0.897,0,0.000,1095.178,0.400,0.250,7.719,0.496,0.570,3.078,0.219,0.781,0.276,0.580
2688,89.600,0.000,0.000,0.000,0.000,0,0,0,0.000,0.000,3,0,0.897,0,0.000,1095.178,0.367,0.250,7.685,0.575,0.494,1.462,0.205,0.795,0.266,0.580
2691,89.700,0.000,0.000,0.000,0.000,0,0,0,0.000,0.000,3,0,0.897,0,0.000,1095.178,0.333,0.250,6.283,0.372,0.391,0.822,0.193,0.807,0.241,0.580
2694,89.800,0.000,0.000,0.000,0.000,0,0,0,0.000,0.000,3,0,0.897,0,0.000,1095.178,0.300,0.250,5.430,0.821,0.563,2.758,0.199,0.801,0.184,0.580
2697,89.900,0.000,169.331,0.000,34.198,1,0,1,0.000,2.052,3,0,0.897,2,0.000,1095.178,0.300,0.260,4.587,0.742,0.823,0.646,0.181,0.819,0.669,0.650
2700,90.000,0.000,13.892,0.000,-155.439,1,0,1,0.000,2.036,3,0,0.897,2,0.000,1095.178,0.300,0.260,5.197,0.621,1.087,0.763,0.190,0.810,0.520,0.580
2703,90.100,237.192,0.000,215.352,0.000,1,1,0,0.000,1.555,3,0,0.897,2,0.000,1095.178,0.300,0.264,11.430,0.096,1.233,0.695,0.324,0.676,0.799,0.500
2706,90.200,5.000,564.900,-232.192,551.008,2,1,1,357.077,1.811,3,0,0.931,3,0.000,1095.178,0.300,0.260,1.437,0.785,0.973,2.041,0.125,0.875,0.697,0.650
2709,90.300,2.236,4.000,-2.764,-560.900,2,1,1,356.288,1.779,3,0,0.931,2,0.000,1095.178,0.300,0.260,1.520,0.822,1.053,0.064,0.126,0.874,0.409,0.580
2712,90.400,3.162,5.000,0.926,1.000,2,1,1,364.297,1.823,3,0,0.931,4,0.000,1095.178,0.300,0.255,1.650,0.829,0.879,0.371,0.130,0.870,0.477,0.580
2715,90.500,2.000,11.314,-1.162,6.314,2,1,1,374.513,1.590,3,0,0.966,4,0.000,1095.178,0.300,0.250,1.838,0.787,0.892,0.169,0.138,0.862,0.520,0.580
2718,90.600,4.472,11.402,2.472,0.088,2,1,1,389.423,1.411,3,0,0.966,4,0.000,1095.178,0.300,0.242,1.784,0.771,1.052,0.102,0.134,0.866,0.520,0.580
2721,90.700,5.385,9.220,0.913,-2.182,2,1,1,400.472,1.430,3,0,0.966,4,0.000,1095.178,0.333,0.246,1.938,0.834,1.284,0.042,0.134,0.866,0.511,0.580
2724,90.800,4.123,10.630,-1.262,1.411,2,1,1,414.307,1.364,3,0,1.000,4,0.000,1095.178,0.367,0.246,2.279,0.815,1.697,0.057,0.141,0.859,0.533,0.700
2727,90.900,5.657,14.866,1.534,4.236,2,1,1,432.921,1.334,3,0,1.000,4,0.000,1095.178,0.400,0.246,2.141,0.813,1.882,0.158,0.137,0.863,0.557,0.700
2730,91.000,3.162,16.279,-2.495,1.413,2,1,1,449.222,1.258,3,0,1.000,4,0.000,1095.178,0.433,0.246,2.594,0.813,1.560,0.015,0.147,0.853,0.580,0.700
2733,91.100,2.236,13.038,-0.926,-3.240,2,1,1,461.863,1.022,3,0,1.000,4,0.000,1095.178,0.467,0.246,2.272,0.829,1.815,0.054,0.138,0.862,0.557,0.700
2736,91.200,4.472,22.472,2.236,9.434,2,1,1,484.539,0.727,3,0,1.000,3,328.000,2562.310,0.500,0.246,2.066,0.844,2.212,0.215,0.132,0.868,0.607,0.750
2739,91.300,3.162,15.524,-1.310,-6.948,2,1,1,497.318,0.589,3,0,1.000,3,26.306,4180.487,0.533,0.246,1.961,0.819,2.465,0.067,0.134,0.866,0.572,0.700
2742,91.400,2.236,30.480,-0.926,14.955,2,1,1,527.357,0.468,3,0,1.000,3,17.692,5737.700,0.567,0.242,2.228,0.813,2.737,0.098,0.143,0.857,0.666,0.700
2745,91.500,4.123,15.133,1.887,-15.347,2,1,1,538.892,0.466,3,0,1.000,3,12.042,6972.249,0.600,0.242,1.969,0.874,2.726,0.722,0.125,0.875,0.574,0.700
2748,91.600,4.243,23.409,0.120,8.277,2,1,1,543.258,0.415,3,0,1.000,3,26.926,7762.769,0.633,0.267,1.783,0.860,2.861,0.242,0.111,0.889,0.620,0.700
2751,91.700,3.162,35.384,-1.080,11.974,2,1,1,555.252,0.605,3,0,1.000,3,9.434,8336.338,0.667,0.399,2.057,0.859,2.282,0.232,0.133,0.867,0.698,0.700
2754,91.800,2.236,46.174,-0.926,10.790,2,1,1,593.539,0.686,3,0,1.000,3,9.434,8336.338,0.700,0.389,3.235,0.679,1.754,3.011,0.134,0.866,0.797,0.700
2757,91.900,7.280,29.155,5.044,-17.019,2,1,1,594.253,0.782,3,0,1.000,3,9.434,8336.338,0.733,0.389,4.981,0.523,1.474,2.083,0.162,0.838,0.768,0.700
2760,92.000,35.511,59.169,28.230,30.014,2,1,1,516.601,0.915,3,0,1.000,3,9.434,8336.338,0.733,0.389,5.196,0.528,1.172,0.782,0.152,0.848,0.861,0.450
2763,92.100,56.648,57.628,21.137,-1.541,2,1,1,445.880,0.895,3,0,1.000,3,0.000,8245.637,0.767,0.389,5.917,0.596,0.921,0.042,0.157,0.843,0.878,0.000
2766,92.200,16.031,51.624,-40.617,-6.004,2,1,1,407.707,0.854,3,0,1.000,4,0.000,8354.507,0.800,0.389,5.936,0.667,0.689,0.810,0.156,0.844,0.878,0.450
2769,92.300,17.464,39.925,1.433,-11.699,2,1,1,380.991,0.829,3,0,1.000,3,119.570,8795.799,0.833,0.389,5.485,0.774,0.498,0.287,0.159,0.841,0.835,0.664
2772,92.400,12.369,24.042,-5.095,-15.883,2,1,1,362.007,0.854,3,0,1.000,4,0.000,8832.509,0.867,0.389,4.732,0.846,0.340,0.070,0.168,0.832,0.727,0.000
2775,92.500,9.220,6.325,-3.150,-17.717,2,1,1,364.793,0.785,3,0,1.000,4,0.000,8623.389,0.900,0.389,5.469,0.819,0.238,0.277,0.176,0.824,0.669,0.580
2778,92.600,2.236,44.922,-6.983,38.598,2,1,1,322.219,0.966,3,0,1.000,4,126.115,9222.335,0.933,0.389,4.302,0.788,0.060,0.394,0.146,0.854,0.844,0.701
2781,92.700,3.162,30.594,0.926,-14.328,2,1,1,293.205,0.860,4,1,0.966,4,0.000,6394.625,0.967,0.389,3.097,0.845,0.125,0.247,0.137,0.863,0.834,0.750
2784,92.800,3.162,11.402,0.000,-19.192,2,1,1,280.252,0.784,4,0,0.966,4,125.936,4034.264,1.000,0.389,3.095,0.838,0.267,0.875,0.157,0.843,0.732,0.700
2787,92.900,5.657,8.246,2.495,-3.156,2,1,1,293.205,1.106,4,0,0.966,4,127.577,1475.780,1.000,0.389,3.217,0.710,0.396,0.156,0.149,0.851,0.727,0.709
2790,93.000,3.000,15.133,-2.657,6.887,2,1,1,295.670,1.240,3,1,0.931,4,125.603,1674.780,1.000,0.389,2.882,0.901,0.493,0.145,0.150,0.850,0.643,0.750
2793,93.100,5.385,6.000,2.385,-9.133,2,1,1,297.150,1.371,3,0,0.931,4,166.481,2026.057,1.000,0.379,2.661,0.923,0.625,0.012,0.145,0.855,0.585,0.750
2796,93.200,19.209,4.000,13.824,-2.000,2,1,1,285.806,1.286,3,0,0.931,4,116.211,1969.058,1.000,0.379,3.635,0.874,7.268,0.283,0.154,0.846,0.686,0.700
2799,93.300,18.788,3.162,-0.421,-0.838,2,1,1,269.106,1.273,3,0,0.931,4,18.788,2037.488,1.000,0.379,3.356,0.703,8.454,0.003,0.138,0.862,0.689,0.700
2802,93.400,5.099,7.810,-13.689,4.648,2,1,1,272.090,1.224,3,0,0.931,4,107.564,2123.050,1.000,0.369,2.529,0.405,5.673,0.456,0.131,0.869,0.628,0.700
2805,93.500,10.817,12.083,5.718,4.273,2,1,1,282.606,1.470,3,0,0.931,4,0.000,2003.604,1.000,0.369,1.946,0.576,2.226,0.375,0.122,0.878,0.625,0.700
2808,93.600,7.000,2.236,-3.817,-9.847,2,1,1,284.429,1.347,3,0,0.931,4,109.417,2087.569,1.000,0.369,1.943,0.872,1.257,0.576,0.132,0.868,0.576,0.608
2811,93.700,2.236,8.062,-4.764,5.826,2,1,1,283.436,1.151,3,0,0.931,4,231.078,2651.597,1.000,0.369,1.532,0.817,0.591,0.153,0.116,0.884,0.576,0.750
2814,93.800,2.236,2.236,0.000,-5.826,2,1,1,280.018,1.249,3,0,0.931,4,230.035,2681.668,1.000,0.358,1.288,0.607,0.145,0.132,0.100,0.900,0.552,0.750
2817,93.900,5.000,4.123,2.764,1.887,2,1,1,279.836,1.259,3,0,0.931,4,144.534,2582.354,1.000,0.358,1.300,0.728,0.173,0.911,0.101,0.899,0.559,0.750
2820,94.000,8.062,3.162,3.062,-0.961,2,1,1,272.244,1.165,3,0,0.931,4,139.703,2623.645,1.000,0.358,1.211,0.606,0.425,0.470,0.091,0.909,0.583,0.750
2823,94.100,6.325,10.050,-1.738,6.888,2,1,1,279.789,1.276,3,0,0.931,4,119.867,2544.669,1.000,0.358,1.652,0.354,0.700,0.780,0.100,0.900,0.622,0.666
2826,94.200,13.153,0.000,6.828,0.000,1,1,0,0.000,1.075,3,0,0.931,2,0.000,2354.374,1.000,0.369,2.389,0.398,0.911,0.383,0.121,0.879,0.545,0.650
2829,94.300,1.414,0.000,-11.739,0.000,1,1,0,0.000,0.848,3,0,0.931,2,0.000,2251.437,1.000,0.369,2.361,0.411,1.018,0.469,0.133,0.867,0.478,0.580
2832,94.400,8.000,0.000,6.586,0.000,1,1,0,0.000,1.069,3,0,0.931,2,0.000,2137.237,1.000,0.379,2.185,0.655,1.150,0.924,0.135,0.865,0.493,0.350
2835,94.500,12.000,32.450,4.000,22.400,2,1,1,284.042,1.291,3,0,0.931,4,0.000,2014.687,1.000,0.379,2.611,0.839,1.292,0.231,0.143,0.857,0.737,0.650
2838,94.600,13.416,10.198,1.416,-22.252,2,1,1,287.089,1.333,3,0,0.931,4,0.000,2011.258,1.000,0.379,3.031,0.736,1.418,0.155,0.143,0.857,0.649,0.700
2841,94.700,20.616,7.071,7.199,-3.127,2,1,1,283.283,1.482,3,0,0.931,4,0.000,1665.369,1.000,0.379,4.930,0.659,1.540,0.198,0.161,0.839,0.742,0.700
2844,94.800,11.180,26.173,-9.435,19.101,2,1,1,271.892,1.492,3,0,0.931,4,77.104,1021.544,1.000,0.379,4.130,0.856,1.715,0.041,0.160,0.840,0.739,0.700
2847,94.900,239.401,0.000,232.998,0.000,2,1,0,239.401,1.044,3,0,0.931,4,0.000,698.334,1.000,0.379,4.616,0.801,1.687,0.019,0.160,0.840,0.859,0.700
2850,95.000,283.099,0.000,30.615,0.000,2,1,0,283.099,1.407,3,0,0.931,4,88.600,325.917,1.000,0.379,6.215,0.593,1.352,0.253,0.164,0.836,0.914,0.450
2853,95.100,298.940,65.513,15.841,39.341,2,1,1,292.481,1.791,3,0,0.931,4,0.000,363.878,1.000,0.379,8.082,0.631,0.881,0.296,0.187,0.813,0.956,0.500
2856,95.200,19.026,13.454,-279.913,-52.060,2,1,1,307.327,1.899,3,0,0.931,4,0.000,575.777,1.000,0.379,8.267,0.860,0.363,0.316,0.196,0.804,0.796,0.450
2859,95.300,315.040,0.000,302.874,0.000,2,1,0,315.040,1.911,3,0,0.931,4,0.000,860.118,1.000,0.379,7.161,0.806,0.249,0.163,0.195,0.805,0.923,0.500
2862,95.400,296.306,0.000,-20.661,0.000,2,1,0,296.306,2.328,3,0,0.931,4,0.000,1052.770,1.000,0.379,9.037,0.916,0.856,0.265,0.208,0.792,0.936,0.350
2865,95.500,295.846,54.708,-0.459,41.255,2,1,1,277.065,2.322,3,0,0.931,4,0.000,1203.055,1.000,0.379,9.766,0.934,1.541,0.035,0.217,0.783,0.935,0.700
2868,95.600,32.311,0.000,-263.535,0.000,1,1,0,0.000,2.131,3,0,0.966,2,0.000,1209.858,1.000,0.379,10.071,0.897,2.777,0.309,0.222,0.778,0.757,0.700
2871,95.700,26.401,0.000,-5.910,0.000,1,1,0,0.000,1.781,5,1,0.931,2,31.780,1341.300,1.000,0.389,10.984,0.929,4.052,0.131,0.231,0.769,0.774,0.750
2874,95.800,30.000,0.000,3.599,0.000,1,1,0,0.000,1.813,5,0,0.931,2,0.000,1413.150,1.000,0.389,9.878,0.886,4.961,0.124,0.240,0.760,0.797,0.700
2877,95.900,95.603,0.000,65.603,0.000,1,1,0,0.000,1.845,5,0,0.966,2,90.211,1504.987,1.000,0.399,9.781,0.713,5.864,0.316,0.252,0.748,0.892,0.700
2880,96.000,0.000,0.000,0.000,0.000,0,0,0,0.000,0.000,3,1,0.931,0,90.211,1504.987,0.967,0.399,7.695,0.772,7.025,0.062,0.265,0.735,0.324,0.750
2883,96.100,0.000,64.885,0.000,10.176,1,0,1,0.000,1.602,3,0,0.931,2,185.648,1710.279,0.967,0.391,7.609,0.735,7.676,0.475,0.297,0.703,0.825,0.750
2886,96.200,0.000,25.632,0.000,-39.253,1,0,1,0.000,1.433,3,0,0.931,2,43.186,1909.579,0.967,0.391,6.432,0.718,7.822,0.041,0.242,0.758,0.689,0.700
2889,96.300,0.000,18.974,0.000,-6.658,1,0,1,0.000,1.447,3,0,0.931,2,43.186,1909.579,0.967,0.391,5.609,0.555,6.071,0.396,0.225,0.775,0.643,0.700
2892,96.400,0.000,11.662,0.000,-7.312,1,0,1,0.000,1.400,3,0,0.931,2,43.186,1909.579,0.967,0.391,5.477,0.668,5.664,0.039,0.225,0.775,0.591,0.700
2895,96.500,0.000,29.411,0.000,17.749,1,0,1,0.000,1.423,3,0,0.931,2,43.186,1909.579,0.967,0.400,6.102,0.536,4.868,0.659,0.236,0.764,0.714,0.700
2898,96.600,0.000,12.083,0.000,-17.328,1,0,1,0.000,1.209,4,1,0.897,2,43.186,1909.579,0.967,0.400,7.048,0.426,3.632,0.597,0.224,0.776,0.720,0.750
2901,96.700,0.000,21.260,0.000,9.177,1,0,1,0.000,1.001,4,0,0.897,2,43.186,1909.579,0.967,0.410,5.039,0.472,2.489,0.185,0.214,0.786,0.717,0.700
2904,96.800,0.000,11.402,0.000,-9.859,1,0,1,0.000,0.814,4,0,0.897,2,43.186,1909.579,0.967,0.410,4.515,0.379,1.852,0.044,0.199,0.801,0.656,0.700
2907,96.900,443.366,0.000,347.762,0.000,1,1,0,0.000,1.995,4,0,0.897,2,43.186,1909.579,0.967,0.419,3.804,0.359,1.556,0.290,0.198,0.802,0.826,0.700
2910,97.000,0.000,48.415,0.000,37.013,1,0,1,0.000,1.054,4,0,0.897,2,43.186,1909.579,0.967,0.419,3.296,0.193,1.099,1.050,0.177,0.823,0.825,0.500
2913,97.100,0.000,0.000,0.000,0.000,0,0,0,0.000,0.000,4,0,0.897,0,43.186,1909.579,0.933,0.419,3.475,0.506,0.667,0.860,0.187,0.813,0.333,0.650
2916,97.200,0.000,42.485,0.000,-5.930,1,0,1,0.000,1.332,5,1,0.862,2,43.186,1909.579,0.933,0.423,4.330,0.402,0.284,0.724,0.131,0.869,0.800,0.750
2919,97.300,0.000,30.067,0.000,-12.419,1,0,1,0.000,1.270,5,0,0.862,2,43.186,1909.579,0.933,0.423,4.858,0.630,0.076,0.399,0.184,0.816,0.728,0.350
2922,97.400,0.000,37.336,0.000,7.270,1,0,1,0.000,1.199,5,0,0.862,1,43.186,1909.579,0.933,0.431,3.736,0.729,0.368,0.126,0.179,0.821,0.698,0.350
2925,97.500,0.000,22.204,0.000,-15.133,1,0,1,0.000,1.120,4,1,0.828,1,43.186,1909.579,0.933,0.440,3.502,0.568,0.731,0.690,0.169,0.831,0.628,0.750
2928,97.600,0.000,16.155,0.000,-6.048,1,0,1,0.000,1.046,4,0,0.828,1,43.186,1909.579,0.933,0.449,4.855,0.361,1.081,0.554,0.144,0.856,0.643,0.580
2931,97.700,0.000,0.000,0.000,0.000,0,0,0,0.000,0.000,4,0,0.828,0,43.186,1909.579,0.900,0.449,4.581,0.739,1.490,0.264,0.183,0.817,0.341,0.700
2934,97.800,0.000,0.000,0.000,0.000,0,0,0,0.000,0.000,5,1,0.793,0,43.186,1909.579,0.867,0.449,2.688,0.356,1.690,0.065,0.112,0.888,0.316,0.750
2937,97.900,0.000,0.000,0.000,0.000,0,0,0,0.000,0.000,5,0,0.793,0,43.186,1909.579,0.833,0.449,4.948,0.220,2.012,0.375,0.127,0.873,0.378,0.700
2940,98.000,0.000,0.000,0.000,0.000,0,0,0,0.000,0.000,5,0,0.793,0,43.186,1909.579,0.800,0.449,5.384,0.321,2.188,1.087,0.137,0.863,0.378,0.700
2943,98.100,0.000,0.000,0.000,0.000,0,0,0,0.000,0.000,5,0,0.793,0,43.186,1909.579,0.767,0.449,3.808,0.427,2.201,0.115,0.172,0.828,0.327,0.700
2946,98.200,72.993,0.000,-370.372,0.000,1,1,0,0.000,1.624,5,0,0.793,1,43.186,1909.579,0.767,0.374,4.130,0.334,2.259,0.900,0.153,0.847,0.758,0.700
2949,98.300,0.000,114.586,0.000,98.431,1,0,1,0.000,1.237,5,0,0.793,2,19.698,1907.334,0.767,0.381,11.962,0.054,1.988,0.871,0.351,0.649,0.910,0.700
2952,98.400,0.000,363.882,0.000,351.076,2,0,1,363.882,0.914,3,1,0.759,4,32.202,1708.438,0.767,0.381,1.793,0.735,1.490,1.909,0.159,0.841,0.765,0.750
2955,98.500,417.433,369.671,344.439,5.790,2,1,1,386.881,1.600,3,0,0.759,4,37.590,2045.044,0.767,0.381,1.630,0.682,1.275,0.241,0.137,0.863,0.765,0.500
2958,98.600,16.553,11.045,-400.880,-358.626,2,1,1,401.110,1.353,3,0,0.793,4,43.267,1899.528,0.767,0.381,2.788,0.686,1.078,1.000,0.183,0.817,0.636,0.580
2961,98.700,16.000,8.000,-0.553,-3.045,2,1,1,393.295,1.409,3,0,0.793,4,0.000,1853.309,0.767,0.381,4.026,0.681,0.917,0.543,0.204,0.796,0.664,0.580
2964,98.800,5.000,4.123,-11.000,-3.877,2,1,1,388.902,1.456,3,0,0.793,4,0.000,1813.090,0.767,0.381,2.051,0.727,0.840,1.586,0.154,0.846,0.550,0.580
2967,98.900,5.385,7.616,0.385,3.493,2,1,1,385.689,1.422,3,0,0.828,4,103.769,2002.009,0.767,0.374,1.904,0.327,0.887,3.112,0.119,0.881,0.589,0.580
2970,99.000,12.806,9.849,7.421,2.233,2,1,1,365.016,1.536,3,0,0.828,4,104.547,1982.399,0.800,0.366,2.791,0.630,0.894,0.030,0.186,0.814,0.623,0.581
2973,99.100,13.928,4.243,1.122,-5.606,2,1,1,374.509,1.499,3,0,0.828,4,0.000,1486.160,0.800,0.356,1.777,0.529,0.783,0.370,0.156,0.844,0.611,0.580
2976,99.200,7.616,4.123,-6.313,-0.120,2,1,1,372.263,1.675,3,0,0.828,4,150.851,1825.480,0.800,0.348,1.737,0.554,0.944,1.333,0.108,0.892,0.573,0.750
2979,99.300,1.414,15.652,-6.202,11.529,2,1,1,385.695,1.654,5,1,0.793,5,10.198,1742.748,0.800,0.340,1.135,0.235,1.089,0.435,0.118,0.882,0.725,0.750
2982,99.400,5.099,10.000,3.685,-5.652,2,1,1,376.017,1.788,5,0,0.793,6,96.840,1927.944,0.800,0.323,1.257,0.353,0.928,0.345,0.114,0.886,0.688,0.580
2985,99.500,1.414,2.236,-3.685,-7.764,2,1,1,378.970,1.856,5,0,0.828,6,107.005,1632.074,0.800,0.302,1.442,0.452,1.143,0.173,0.116,0.884,0.643,0.594
2988,99.600,0.000,65.376,0.000,63.140,1,0,1,0.000,1.348,4,1,0.793,3,107.005,1632.074,0.800,0.284,4.892,0.511,1.419,0.980,0.210,0.790,0.868,0.750
2991,99.700,0.000,613.890,0.000,582.826,2,0,1,613.890,1.594,4,0,0.793,5,107.005,1632.074,0.800,0.347,4.860,0.674,1.557,0.713,0.207,0.793,0.950,0.700
2994,99.800,0.000,627.504,0.000,-4.378,2,0,1,627.504,1.997,4,0,0.793,5,94.048,2140.794,0.800,0.347,7.381,0.552,1.481,0.672,0.237,0.763,1.000,0.700
2997,99.900,177.229,637.661,175.814,10.158,2,1,1,674.455,2.298,3,1,0.759,3,94.048,2140.794,0.800,0.347,3.963,0.821,0.892,2.973,0.233,0.767,0.818,0.750
3000,100.000,0.000,28.178,0.000,-609.483,1,0,1,0.000,2.033,3,0,0.759,1,94.048,2140.794,0.800,0.358,3.970,0.675,0.720,1.601,0.211,0.789,0.565,0.650
3003,100.100,0.000,18.111,0.000,-10.067,1,0,1,0.000,1.968,3,0,0.793,1,94.048,2140.794,0.833,0.369,8.013,0.775,0.573,0.651,0.286,0.714,0.606,0.580
3006,100.200,0.000,0.000,0.000,0.000,0,0,0,0.000,0.000,3,0,0.793,0,94.048,2140.794,0.800,0.369,7.212,0.839,0.397,0.640,0.293,0.707,0.288,0.650
3009,100.300,0.000,821.161,0.000,803.050,1,0,1,0.000,2.132,3,0,0.793,1,94.048,2140.794,0.800,0.360,4.406,0.868,0.296,0.977,0.229,0.771,0.655,0.650
3012,100.400,0.000,7.071,0.000,-814.090,1,0,1,0.000,2.250,3,0,0.828,1,94.048,2140.794,0.800,0.371,5.718,0.870,0.144,0.662,0.260,0.740,0.477,0.580
3015,100.500,0.000,0.000,0.000,0.000,0,0,0,0.000,0.000,3,0,0.828,0,94.048,2140.794,0.767,0.371,8.739,0.776,0.014,0.288,0.285,0.715,0.308,0.650
3018,100.600,0.000,0.000,0.000,0.000,0,0,0,0.000,0.000,3,0,0.828,0,94.048,2140.794,0.733,0.371,5.290,0.725,0.194,1.812,0.261,0.739,0.239,0.580
3021,100.700,0.000,0.000,0.000,0.000,0,0,0,0.000,0.000,3,0,0.862,0,94.048,2140.794,0.733,0.371,7.617,0.334,0.366,0.533,0.252,0.748,0.325,0.580
3024,100.800,0.000,0.000,0.000,0.000,0,0,0,0.000,0.000,3,0,0.862,0,94.048,2140.794,0.733,0.371,12.465,0.469,0.590,1.911,0.282,0.718,0.325,0.580
3027,100.900,88.102,747.563,-89.126,740.492,2,1,1,613.307,2.089,3,0,0.862,4,0.000,2368.304,0.767,0.314,11.543,0.509,0.905,0.017,0.276,0.724,0.936,0.650
3030,101.000,48.166,68.884,-39.936,-678.679,2,1,1,501.614,2.083,3,0,0.862,4,25.495,2410.085,0.800,0.314,12.001,0.507,1.253,0.070,0.251,0.749,0.941,0.450
3033,101.100,61.000,53.038,12.834,-15.846,2,1,1,448.813,1.827,3,0,0.862,4,0.000,2698.100,0.833,0.314,13.780,0.631,1.642,0.446,0.232,0.768,0.936,0.700
3036,101.200,0.000,0.000,0.000,0.000,0,0,0,0.000,0.000,3,0,0.862,0,0.000,2698.100,0.800,0.314,9.725,0.045,1.816,1.266,0.292,0.708,0.363,0.700
3039,101.300,0.000,0.000,0.000,0.000,0,0,0,0.000,0.000,3,0,0.897,0,0.000,2698.100,0.767,0.314,5.158,0.904,1.901,2.106,0.217,0.783,0.228,0.700
3042,101.400,0.000,0.000,0.000,0.000,0,0,0,0.000,0.000,3,0,0.897,0,0.000,2698.100,0.733,0.314,4.572,0.928,3.041,0.318,0.222,0.778,0.207,0.700
3045,101.500,0.000,0.000,0.000,0.000,0,0,0,0.000,0.000,3,0,0.897,0,0.000,2698.100,0.700,0.314,2.927,0.945,2.974,0.644,0.208,0.792,0.161,0.700
3048,101.600,0.000,0.000,0.000,0.000,0,0,0,0.000,0.000,3,0,0.897,0,0.000,2698.100,0.667,0.314,2.657,0.936,2.871,0.203,0.215,0.785,0.151,0.700
3051,101.700,0.000,49.031,0.000,-4.007,1,0,1,0.000,1.507,3,0,0.897,2,340.085,5256.688,0.667,0.301,1.855,0.926,1.991,0.196,0.178,0.822,0.632,0.750
3054,101.800,447.415,5.657,386.415,-43.374,2,1,1,20.616,1.758,2,1,0.862,2,340.085,5256.688,0.667,0.301,1.153,0.879,1.568,0.763,0.142,0.858,0.727,0.750
3057,101.900,0.000,20.518,0.000,14.861,1,0,1,0.000,1.689,3,1,0.828,1,340.085,5256.688,0.667,0.309,1.436,0.799,1.426,0.461,0.158,0.842,0.434,0.750
3060,102.000,0.000,6.000,0.000,-14.518,1,0,1,0.000,1.574,3,0,0.828,2,106.452,6097.334,0.667,0.309,2.174,0.776,1.193,0.177,0.188,0.812,0.433,0.591
3063,102.100,0.000,3.000,0.000,-3.000,1,0,1,0.000,1.566,3,0,0.828,2,106.452,6097.334,0.667,0.316,1.834,0.551,0.740,2.944,0.159,0.841,0.424,0.591
3066,102.200,0.000,6.083,0.000,3.083,1,0,1,0.000,1.568,3,0,0.862,1,106.452,6097.334,0.667,0.323,1.892,0.303,0.577,0.007,0.145,0.855,0.400,0.591
3069,102.300,0.000,19.235,0.000,3.615,2,0,1,19.235,1.491,3,0,0.862,4,106.452,6097.334,0.667,0.323,3.053,0.598,0.260,0.189,0.182,0.818,0.651,0.650
3072,102.400,23.537,0.000,-18.842,0.000,2,1,0,23.537,1.780,3,0,0.862,4,106.452,6097.334,0.667,0.323,4.747,0.695,0.275,1.618,0.202,0.798,0.711,0.591
3075,102.500,12.530,0.000,-11.007,0.000,1,1,0,0.000,1.693,3,0,0.897,2,106.452,6097.334,0.667,0.331,5.901,0.756,0.670,0.288,0.221,0.779,0.564,0.650
3078,102.600,30.529,68.411,17.999,49.175,2,1,1,8.544,1.718,3,0,0.897,4,106.452,6097.334,0.667,0.331,6.788,0.864,1.073,0.121,0.232,0.768,0.869,0.650
3081,102.700,35.114,0.000,4.585,0.000,1,1,0,0.000,1.444,3,0,0.897,2,0.000,6136.194,0.667,0.338,9.429,0.723,1.284,0.278,0.232,0.768,0.744,0.650
3084,102.800,0.000,0.000,0.000,0.000,0,0,0,0.000,0.000,3,0,0.931,0,0.000,6136.194,0.633,0.338,10.564,0.089,1.424,1.473,0.297,0.703,0.340,0.700
3087,102.900,0.000,0.000,0.000,0.000,0,0,0,0.000,0.000,4,1,0.897,0,0.000,6136.194,0.600,0.338,1.541,0.931,1.227,0.596,0.126,0.874,0.215,0.750
3090,103.000,0.000,0.000,0.000,0.000,0,0,0,0.000,0.000,4,0,0.897,0,0.000,6136.194,0.567,0.338,0.677,0.755,1.323,0.953,0.063,0.937,0.202,0.580
3093,103.100,0.000,0.000,0.000,0.000,0,0,0,0.000,0.000,3,1,0.862,0,0.000,6136.194,0.533,0.338,1.068,0.915,1.307,1.624,0.123,0.877,0.197,0.750
3096,103.200,0.000,0.000,0.000,0.000,0,0,0,0.000,0.000,4,1,0.828,0,0.000,6136.194,0.533,0.338,0.638,0.561,1.139,0.538,0.085,0.915,0.211,0.750
3099,103.300,0.000,0.000,0.000,0.000,0,0,0,0.000,0.000,3,1,0.793,0,0.000,6136.194,0.500,0.338,1.235,0.905,0.981,0.719,0.128,0.872,0.198,0.750
3102,103.400,0.000,0.000,0.000,0.000,0,0,0,0.000,0.000,4,1,0.759,0,0.000,6136.194,0.467,0.338,0.469,0.163,0.866,1.306,0.058,0.942,0.226,0.750
3105,103.500,0.000,0.000,0.000,0.000,0,0,0,0.000,0.000,4,0,0.759,0,0.000,6136.194,0.467,0.338,1.100,0.909,0.768,2.850,0.107,0.893,0.190,0.580
3108,103.600,0.000,0.000,0.000,0.000,0,0,0,0.000,0.000,3,1,0.724,0,0.000,6136.194,0.467,0.338,0.985,0.793,0.665,2.076,0.098,0.902,0.195,0.750
3111,103.700,0.000,0.000,0.000,0.000,0,0,0,0.000,0.000,4,1,0.690,0,0.000,6136.194,0.467,0.338,1.759,0.199,0.606,1.323,0.137,0.863,0.256,0.750
3114,103.800,0.000,0.000,0.000,0.000,0,0,0,0.000,0.000,4,0,0.690,0,0.000,6136.194,0.467,0.338,2.039,0.061,0.512,0.743,0.137,0.863,0.273,0.580
3117,103.900,0.000,0.000,0.000,0.000,0,0,0,0.000,0.000,4,0,0.690,0,0.000,6136.194,0.433,0.338,2.864,0.697,0.421,1.449,0.172,0.828,0.245,0.580
3120,104.000,0.000,0.000,0.000,0.000,0,0,0,0.000,0.000,4,0,0.690,0,0.000,6136.194,0.400,0.338,3.566,0.821,0.377,0.125,0.185,0.815,0.250,0.580
3123,104.100,0.000,0.000,0.000,0.000,0,0,0,0.000,0.000,3,1,0.655,0,0.000,6136.194,0.367,0.338,2.663,0.901,0.360,0.140,0.173,0.827,0.117,0.750
3126,104.200,0.000,0.000,0.000,0.000,0,0,0,0.000,0.000,3,0,0.655,0,0.000,6136.194,0.367,0.338,4.300,0.926,0.439,0.740,0.191,0.809,0.157,0.580
3129,104.300,0.000,0.000,0.000,0.000,0,0,0,0.000,0.000,3,0,0.655,0,0.000,6136.194,0.367,0.338,4.407,0.946,0.590,0.075,0.182,0.818,0.158,0.580
3132,104.400,0.000,0.000,0.000,0.000,0,0,0,0.000,0.000,3,0,0.655,0,0.000,6136.194,0.367,0.338,3.320,0.932,0.745,0.122,0.167,0.833,0.132,0.580
3135,104.500,0.000,0.000,0.000,0.000,0,0,0,0.000,0.000,3,0,0.655,0,0.000,6136.194,0.367,0.338,4.602,0.925,0.618,0.128,0.180,0.820,0.164,0.580
3138,104.600,0.000,0.000,0.000,0.000,0,0,0,0.000,0.000,3,0,0.655,0,0.000,6136.194,0.367,0.338,4.368,0.944,0.460,0.051,0.184,0.816,0.157,0.580
3141,104.700,0.000,0.000,0.000,0.000,0,0,0,0.000,0.000,4,1,0.655,0,0.000,6136.194,0.333,0.338,6.107,0.934,0.344,0.113,0.196,0.804,0.297,0.750
3144,104.800,0.000,0.000,0.000,0.000,0,0,0,0.000,0.000,4,0,0.690,0,0.000,6136.194,0.300,0.338,7.672,0.922,0.195,0.148,0.208,0.792,0.333,0.580
3147,104.900,0.000,0.000,0.000,0.000,0,0,0,0.000,0.000,4,0,0.690,0,0.000,6136.194,0.267,0.338,8.474,0.862,0.059,0.093,0.213,0.787,0.342,0.580
3150,105.000,0.000,0.000,0.000,0.000,0,0,0,0.000,0.000,4,0,0.690,0,0.000,6136.194,0.233,0.338,8.148,0.921,0.131,0.276,0.225,0.775,0.333,0.580
3153,105.100,0.000,0.000,0.000,0.000,0,0,0,0.000,0.000,4,0,0.690,0,0.000,6136.194,0.200,0.338,6.664,0.877,0.298,0.308,0.220,0.780,0.299,0.580
3156,105.200,0.000,0.000,0.000,0.000,0,0,0,0.000,0.000,4,0,0.690,0,0.000,6136.194,0.167,0.338,6.527,0.854,0.429,0.009,0.219,0.781,0.293,0.580
3159,105.300,0.000,0.000,0.000,0.000,0,0,0,0.000,0.000,4,0,0.690,0,0.000,6136.194,0.133,0.338,5.020,0.739,0.529,0.031,0.215,0.785,0.260,0.580
3162,105.400,0.000,0.000,0.000,0.000,0,0,0,0.000,0.000,4,0,0.690,0,0.000,6136.194,0.100,0.338,4.701,0.647,0.608,0.259,0.222,0.778,0.254,0.580
3165,105.500,0.000,0.000,0.000,0.000,0,0,0,0.000,0.000,4,0,0.690,0,0.000,6136.194,0.067,0.338,4.622,0.560,0.689,0.117,0.215,0.785,0.254,0.580
3168,105.600,0.000,0.000,0.000,0.000,0,0,0,0.000,0.000,4,0,0.690,0,0.000,6136.194,0.033,0.338,3.814,0.491,0.778,0.020,0.208,0.792,0.235,0.580
3171,105.700,0.000,0.000,0.000,0.000,0,0,0,0.000,0.000,4,0,0.690,0,0.000,6136.194,0.000,0.338,4.749,0.803,0.939,0.032,0.214,0.786,0.232,0.580
3174,105.800,0.000,0.000,0.000,0.000,0,0,0,0.000,0.000,4,0,0.724,0,0.000,6136.194,0.000,0.338,4.591,0.853,1.300,0.357,0.226,0.774,0.225,0.580
3177,105.900,0.000,0.000,0.000,0.000,0,0,0,0.000,0.000,4,1,0.690,0,0.000,6136.194,0.000,0.338,3.326,0.844,2.837,0.000,0.215,0.785,0.194,0.750
3180,106.000,0.000,0.000,0.000,0.000,0,0,0,0.000,0.000,4,0,0.724,0,0.000,6136.194,0.000,0.338,3.331,0.857,2.664,0.135,0.211,0.789,0.193,0.700
3183,106.100,0.000,0.000,0.000,0.000,0,0,0,0.000,0.000,4,0,0.759,0,0.000,6136.194,0.000,0.338,1.972,0.799,2.254,0.064,0.185,0.815,0.163,0.700
3186,106.200,0.000,0.000,0.000,0.000,0,0,0,0.000,0.000,3,1,0.759,0,0.000,6136.194,0.000,0.338,2.501,0.886,1.922,0.255,0.200,0.800,0.070,0.750
3189,106.300,0.000,0.000,0.000,0.000,0,0,0,0.000,0.000,3,0,0.793,0,0.000,6136.194,0.000,0.338,1.593,0.822,1.356,0.095,0.140,0.860,0.052,0.580
3192,106.400,0.000,0.000,0.000,0.000,0,0,0,0.000,0.000,3,0,0.793,0,0.000,6136.194,0.000,0.338,0.986,0.649,0.691,2.422,0.124,0.876,0.049,0.580
3195,106.500,0.000,0.000,0.000,0.000,0,0,0,0.000,0.000,4,1,0.793,0,0.000,6136.194,0.000,0.338,0.992,0.304,0.135,1.467,0.125,0.875,0.173,0.750
3198,106.600,0.000,0.000,0.000,0.000,0,0,0,0.000,0.000,4,0,0.828,0,0.000,6136.194,0.000,0.338,2.182,0.711,0.293,1.466,0.151,0.849,0.175,0.580
3201,106.700,0.000,0.000,0.000,0.000,0,0,0,0.000,0.000,4,0,0.828,0,0.000,6136.194,0.000,0.338,2.363,0.879,0.630,1.063,0.185,0.815,0.168,0.580
3204,106.800,0.000,0.000,0.000,0.000,0,0,0,0.000,0.000,3,1,0.793,0,0.000,6136.194,0.000,0.338,3.041,0.901,0.962,0.824,0.244,0.756,0.083,0.750
3207,106.900,0.000,47.424,0.000,-20.987,1,0,1,0.000,1.535,3,0,0.793,2,43.382,6276.868,0.033,0.185,9.232,0.316,1.229,1.980,0.331,0.669,0.752,0.650
3210,107.000,0.000,17.464,0.000,-29.959,1,0,1,0.000,1.360,3,0,0.828,2,43.382,6276.868,0.067,0.187,1.255,0.831,1.200,2.410,0.130,0.870,0.398,0.580
3213,107.100,0.000,7.280,0.000,-10.184,1,0,1,0.000,1.457,5,1,0.793,4,116.430,7191.177,0.100,0.187,1.638,0.847,1.413,1.878,0.152,0.848,0.478,0.750
3216,107.200,0.000,10.296,0.000,3.016,1,0,1,0.000,1.358,5,0,0.793,4,0.000,7743.548,0.133,0.187,3.332,0.875,1.648,0.676,0.181,0.819,0.539,0.700
3219,107.300,0.000,8.602,0.000,-1.693,1,0,1,0.000,1.393,5,0,0.793,4,0.000,5396.579,0.167,0.187,5.134,0.935,1.749,0.028,0.214,0.786,0.575,0.700
3222,107.400,0.000,20.125,0.000,11.522,1,0,1,0.000,1.399,5,0,0.793,4,0.000,2907.729,0.200,0.181,8.488,0.941,1.743,0.065,0.227,0.773,0.714,0.700
3225,107.500,0.000,21.095,0.000,0.970,1,0,1,0.000,1.106,5,0,0.793,4,0.000,1951.064,0.233,0.171,8.966,0.934,1.521,0.117,0.232,0.768,0.724,0.700
3228,107.600,0.000,10.000,0.000,-11.095,1,0,1,0.000,0.876,5,0,0.828,4,27.074,1897.454,0.267,0.171,9.260,0.907,1.162,0.091,0.245,0.755,0.668,0.580
3231,107.700,0.000,17.088,0.000,7.088,1,0,1,0.000,0.784,4,1,0.793,3,0.000,1852.235,0.300,0.171,7.532,0.895,0.681,0.445,0.254,0.746,0.692,0.750
3234,107.800,0.000,6.708,0.000,-10.380,1,0,1,0.000,1.058,4,0,0.793,3,0.000,1672.225,0.333,0.161,4.846,0.781,0.346,0.220,0.233,0.767,0.579,0.580
3237,107.900,0.000,13.038,0.000,6.330,1,0,1,0.000,1.015,4,0,0.793,3,0.000,1755.980,0.367,0.161,3.048,0.439,0.026,0.742,0.179,0.821,0.597,0.580
3240,108.000,332.399,12.649,297.285,-0.389,2,1,1,302.491,1.204,3,1,0.759,4,26.571,2426.679,0.400,0.156,4.173,0.170,0.304,2.808,0.191,0.809,0.820,0.750
3243,108.100,34.785,27.803,-297.614,15.154,2,1,1,331.545,1.244,3,0,0.759,4,29.428,2527.919,0.433,0.154,5.553,0.354,0.726,0.268,0.216,0.784,0.789,0.450
3246,108.200,20.616,18.358,-14.170,-9.445,2,1,1,336.027,1.203,3,0,0.759,4,0.000,2043.988,0.467,0.154,5.570,0.534,1.126,0.339,0.207,0.793,0.702,0.580
3249,108.300,20.616,29.732,0.000,11.375,2,1,1,324.963,0.945,4,1,0.724,6,31.257,1831.114,0.500,0.152,4.218,0.531,1.665,0.657,0.191,0.809,0.823,0.750
3252,108.400,15.297,21.840,-5.318,-7.892,2,1,1,345.001,0.989,4,0,0.724,6,0.000,1343.669,0.533,0.369,5.102,0.673,1.958,0.768,0.230,0.770,0.796,0.700
3255,108.500,29.833,39.395,14.536,17.555,2,1,1,342.210,1.065,4,0,0.724,6,0.000,1237.084,0.567,0.358,6.574,0.617,0.967,2.537,0.255,0.745,0.938,0.550
3258,108.600,0.000,327.006,0.000,319.935,2,0,1,327.006,0.501,3,1,0.690,4,0.000,1144.044,0.600,0.358,9.487,0.705,1.242,0.180,0.266,0.734,0.903,0.750
3261,108.700,45.343,333.002,15.510,5.995,2,1,1,313.102,1.019,3,0,0.690,4,0.000,1162.759,0.633,0.358,10.363,0.775,1.560,0.104,0.271,0.729,0.902,0.700
3264,108.800,0.000,9.220,0.000,-323.782,1,0,1,0.000,0.928,3,0,0.724,2,0.000,1266.619,0.667,0.358,11.951,0.839,1.889,0.051,0.273,0.727,0.592,0.700
3267,108.900,19.313,37.000,-26.030,27.780,2,1,1,328.609,1.131,3,0,0.724,4,0.000,1711.247,0.700,0.358,16.782,0.700,2.062,0.058,0.281,0.719,0.871,0.700
3270,109.000,17.088,80.604,-2.225,43.604,2,1,1,401.513,1.414,3,0,0.724,4,0.000,1680.987,0.733,0.358,19.263,0.629,1.775,0.127,0.279,0.721,0.924,0.700
3273,109.100,0.000,14.560,0.000,-66.044,1,0,1,0.000,1.219,3,0,0.759,2,0.000,1680.987,0.767,0.369,19.466,0.436,1.640,0.249,0.271,0.729,0.662,0.700
3276,109.200,0.000,376.364,0.000,361.804,1,0,1,0.000,1.522,3,0,0.759,2,0.000,1665.710,0.800,0.369,18.327,0.405,1.550,1.181,0.266,0.734,0.838,0.700
3279,109.300,0.000,0.000,0.000,0.000,0,0,0,0.000,0.000,3,0,0.759,0,0.000,1665.710,0.800,0.369,10.618,0.289,1.630,2.460,0.417,0.583,0.346,0.700
3282,109.400,0.000,0.000,0.000,0.000,0,0,0,0.000,0.000,3,0,0.793,0,0.000,1665.710,0.800,0.369,1.537,0.448,1.729,0.366,0.165,0.835,0.173,0.700
3285,109.500,0.000,0.000,0.000,0.000,0,0,0,0.000,0.000,3,0,0.793,0,0.000,1665.710,0.800,0.369,1.349,0.652,1.718,0.804,0.153,0.847,0.154,0.700
3288,109.600,0.000,0.000,0.000,0.000,0,0,0,0.000,0.000,3,0,0.793,0,0.000,1665.710,0.800,0.369,2.833,0.809,1.677,0.636,0.178,0.822,0.180,0.700
3291,109.700,0.000,0.000,0.000,0.000,0,0,0,0.000,0.000,3,0,0.828,0,0.000,1665.710,0.800,0.369,1.190,0.634,1.589,0.375,0.153,0.847,0.151,0.700
3294,109.800,0.000,0.000,0.000,0.000,0,0,0,0.000,0.000,3,0,0.828,0,0.000,1665.710,0.800,0.369,1.372,0.250,1.461,1.476,0.146,0.854,0.183,0.700
3297,109.900,0.000,0.000,0.000,0.000,0,0,0,0.000,0.000,3,0,0.828,0,0.000,1665.710,0.767,0.369,1.725,0.500,1.388,2.850,0.160,0.840,0.170,0.580
3300,110.000,0.000,0.000,0.000,0.000,0,0,0,0.000,0.000,3,0,0.862,0,0.000,1665.710,0.733,0.369,4.084,0.260,1.526,0.587,0.220,0.780,0.242,0.700
