frame_idx,timestamp,hand_velocity_left,hand_velocity_right,hand_acceleration_left,hand_acceleration_right,hands_present,grip_state_left,grip_state_right,hand_distance,trajectory_curvature,num_tools,tool_changed,tool_stability,num_interactions,contact_point_shift,contact_point_variance,interaction_density,interaction_rhythm,flow_magnitude,flow_uniformity,flow_discontinuity,direction_change,scene_change_score,visual_stability,activity_level,transition_score
0,0.000,0.000,0.000,0.000,0.000,0,0,0,0.000,0.000,6,0,1.000,0,0.000,0.000,0.000,0.000,0.000,1.000,0.000,0.000,0.000,1.000,0.100,0.000
3,0.100,0.000,0.000,0.000,0.000,0,0,0,0.000,0.000,6,0,1.000,0,0.000,0.000,0.000,0.000,0.766,0.861,0.000,0.502,0.246,0.754,0.129,0.000
6,0.200,0.000,0.000,0.000,0.000,0,0,0,0.000,0.000,6,0,1.000,0,0.000,0.000,0.000,0.000,0.349,0.637,0.000,1.544,0.065,0.935,0.134,0.550
9,0.300,0.000,0.000,0.000,0.000,0,0,0,0.000,0.000,4,0,1.000,0,0.000,0.000,0.000,0.000,0.869,0.851,0.000,0.497,0.133,0.867,0.132,0.000
12,0.400,0.000,0.000,0.000,0.000,0,0,0,0.000,0.000,4,0,1.000,0,0.000,0.000,0.000,0.000,0.825,0.617,0.000,0.964,0.141,0.859,0.147,0.000
15,0.500,0.000,0.000,0.000,0.000,0,0,0,0.000,0.000,5,1,0.800,0,0.000,0.000,0.000,0.000,2.304,0.777,0.000,0.362,0.178,0.822,0.173,0.750
18,0.600,0.000,0.000,0.000,0.000,0,0,0,0.000,0.000,6,0,0.833,0,0.000,0.000,0.000,0.000,1.207,0.697,0.000,1.869,0.153,0.847,0.151,0.550
21,0.700,0.000,0.000,0.000,0.000,0,0,0,0.000,0.000,6,0,0.857,0,0.000,0.000,0.000,0.000,4.240,0.897,0.000,0.876,0.183,0.817,0.213,0.000
24,0.800,0.000,0.000,0.000,0.000,0,0,0,0.000,0.000,6,0,0.875,0,0.000,0.000,0.000,0.000,4.082,0.936,0.000,0.449,0.194,0.806,0.206,0.000
27,0.900,0.000,0.000,0.000,0.000,0,0,0,0.000,0.000,4,1,0.778,0,0.000,0.000,0.000,0.000,6.560,0.874,0.000,0.150,0.204,0.796,0.273,0.750
30,1.000,0.000,0.000,0.000,0.000,0,0,0,0.000,0.000,4,0,0.800,0,0.000,0.000,0.000,0.000,2.137,0.769,0.000,0.565,0.184,0.816,0.170,0.000
33,1.100,0.000,0.000,0.000,0.000,0,0,0,0.000,0.000,4,0,0.818,0,0.000,0.000,0.000,0.000,2.324,0.705,0.000,0.214,0.181,0.819,0.179,0.000
36,1.200,0.000,0.000,0.000,0.000,1,0,0,0.000,0.000,3,1,0.750,0,0.000,0.000,0.000,0.000,0.689,0.367,0.000,0.525,0.112,0.888,0.212,0.750
39,1.300,0.000,2.000,0.000,2.000,1,0,0,0.000,0.000,4,1,0.692,0,0.000,0.000,0.000,0.000,1.032,0.689,0.000,0.123,0.141,0.859,0.209,0.750
42,1.400,0.000,2.000,0.000,0.000,1,0,0,0.000,0.000,3,1,0.643,0,0.000,0.000,0.000,0.000,0.747,0.874,0.000,0.015,0.131,0.869,0.189,0.750
45,1.500,0.000,2.236,0.000,0.236,1,0,0,0.000,2.034,4,1,0.600,0,0.000,0.000,0.000,0.000,1.413,0.917,0.000,0.009,0.162,0.838,0.204,0.750
48,1.600,0.000,2.236,0.000,0.000,1,0,0,0.000,1.339,4,0,0.625,0,0.000,0.000,0.000,0.000,1.264,0.902,0.000,0.027,0.166,0.834,0.201,0.350
51,1.700,0.000,3.606,0.000,1.369,1,0,0,0.000,0.934,4,0,0.647,1,0.000,0.000,0.056,0.000,2.308,0.911,0.000,0.358,0.187,0.813,0.286,0.550
54,1.800,0.000,0.000,0.000,0.000,0,0,0,0.000,0.000,4,0,0.667,0,0.000,0.000,0.053,0.000,2.176,0.938,0.000,0.365,0.180,0.820,0.165,0.650
57,1.900,0.000,0.000,0.000,0.000,0,0,0,0.000,0.000,4,0,0.684,0,0.000,0.000,0.050,0.000,3.447,0.934,0.000,0.153,0.192,0.808,0.197,0.000
60,2.000,0.000,0.000,0.000,0.000,0,0,0,0.000,0.000,4,0,0.700,0,0.000,0.000,0.048,0.000,1.749,0.912,0.000,0.386,0.186,0.814,0.156,0.000
63,2.100,0.000,0.000,0.000,0.000,0,0,0,0.000,0.000,4,0,0.714,0,0.000,0.000,0.045,0.000,2.000,0.912,0.000,0.027,0.187,0.813,0.162,0.000
66,2.200,0.000,0.000,0.000,0.000,0,0,0,0.000,0.000,3,1,0.682,0,0.000,0.000,0.043,0.000,1.111,0.881,0.000,0.163,0.164,0.836,0.141,0.750
69,2.300,0.000,16.401,0.000,12.796,1,0,1,0.000,1.110,4,1,0.652,0,0.000,0.000,0.042,0.000,1.544,0.819,0.000,0.164,0.176,0.824,0.377,0.750
72,2.400,0.000,2.000,0.000,-14.401,1,0,1,0.000,1.019,3,1,0.625,0,0.000,0.000,0.040,0.000,0.850,0.628,0.000,0.340,0.156,0.844,0.293,0.750
75,2.500,0.000,2.828,0.000,0.828,1,0,1,0.000,1.242,4,1,0.600,0,0.000,0.000,0.038,0.000,1.359,0.389,0.000,0.088,0.165,0.835,0.327,0.750
78,2.600,0.000,2.828,0.000,0.000,1,0,1,0.000,1.289,4,0,0.615,0,0.000,0.000,0.037,0.000,1.319,0.578,0.000,0.523,0.165,0.835,0.313,0.350
81,2.700,0.000,1.414,0.000,-1.414,1,0,1,0.000,1.128,3,1,0.593,1,0.000,0.000,0.071,0.000,2.108,0.695,0.000,0.291,0.192,0.808,0.280,0.750
84,2.800,0.000,3.000,0.000,1.586,1,0,1,0.000,0.972,2,1,0.571,0,0.000,0.000,0.069,0.000,1.281,0.898,0.000,0.208,0.182,0.818,0.194,0.750
87,2.900,0.000,0.000,0.000,0.000,0,0,0,0.000,0.000,3,1,0.552,0,0.000,0.000,0.067,0.000,1.013,0.843,0.000,0.985,0.156,0.844,0.044,0.750
90,3.000,0.000,0.000,0.000,0.000,0,0,0,0.000,0.000,2,1,0.517,0,0.000,0.000,0.067,0.000,0.957,0.580,0.000,2.598,0.153,0.847,0.061,0.750
93,3.100,0.000,0.000,0.000,0.000,0,0,0,0.000,0.000,3,1,0.483,0,0.000,0.000,0.067,0.000,1.777,0.849,0.200,2.816,0.174,0.826,0.063,0.750
96,3.200,0.000,0.000,0.000,0.000,0,0,0,0.000,0.000,3,0,0.483,0,0.000,0.000,0.067,0.000,2.877,0.928,0.202,0.239,0.200,0.800,0.085,0.000
99,3.300,0.000,0.000,0.000,0.000,0,0,0,0.000,0.000,3,0,0.483,0,0.000,0.000,0.067,0.000,5.341,0.879,0.267,0.085,0.201,0.799,0.150,0.000
102,3.400,0.000,0.000,0.000,0.000,0,0,0,0.000,0.000,3,0,0.517,0,0.000,0.000,0.067,0.000,2.990,0.896,0.195,0.917,0.184,0.816,0.090,0.000
105,3.500,0.000,0.000,0.000,0.000,0,0,0,0.000,0.000,3,0,0.517,0,0.000,0.000,0.067,0.000,1.501,0.804,0.329,0.960,0.163,0.837,0.059,0.000
108,3.600,0.000,0.000,0.000,0.000,0,0,0,0.000,0.000,3,0,0.517,0,0.000,0.000,0.067,0.000,2.984,0.899,0.315,1.219,0.208,0.792,0.090,0.000
111,3.700,0.000,0.000,0.000,0.000,0,0,0,0.000,0.000,3,0,0.517,0,0.000,0.000,0.067,0.000,5.057,0.921,0.312,0.309,0.219,0.781,0.140,0.000
114,3.800,0.000,565.001,0.000,562.001,1,0,1,0.000,1.054,3,0,0.552,1,0.000,0.000,0.100,0.955,3.316,0.881,0.004,0.025,0.209,0.791,0.543,0.650
117,3.900,0.000,51.624,0.000,-513.377,1,0,1,0.000,1.379,5,1,0.517,1,0.000,0.000,0.133,0.620,3.995,0.859,0.202,0.326,0.213,0.787,0.642,0.750
120,4.000,0.000,49.980,0.000,-1.644,1,0,1,0.000,1.198,5,0,0.517,4,0.000,0.000,0.167,0.417,3.248,0.907,1.192,0.266,0.199,0.801,0.732,0.350
123,4.100,0.000,54.148,0.000,4.168,1,0,1,0.000,1.150,5,0,0.552,4,0.000,0.000,0.200,0.356,5.593,0.917,1.452,0.162,0.187,0.813,0.794,0.700
126,4.200,0.000,32.062,0.000,-22.086,1,0,1,0.000,0.857,4,0,0.586,3,0.000,0.000,0.233,0.332,2.700,0.819,2.005,0.102,0.168,0.832,0.651,0.700
129,4.300,0.000,22.847,0.000,-9.215,1,0,1,0.000,0.703,4,0,0.621,3,6.403,0.000,0.267,0.316,1.936,0.819,1.998,0.086,0.150,0.850,0.585,0.700
132,4.400,0.000,5.385,0.000,-17.462,1,0,1,0.000,0.706,4,0,0.655,3,50.804,274.111,0.300,0.304,1.447,0.881,2.075,0.207,0.161,0.839,0.475,0.700
135,4.500,0.000,8.602,0.000,3.217,1,0,1,0.000,0.680,7,1,0.621,5,44.294,287.219,0.333,0.285,2.718,0.892,2.161,0.724,0.181,0.819,0.522,0.750
138,4.600,0.000,5.000,0.000,-3.602,1,0,1,0.000,0.674,7,0,0.621,5,5.000,277.920,0.367,0.272,3.041,0.925,2.314,0.422,0.185,0.815,0.512,0.700
141,4.700,0.000,5.099,0.000,0.099,1,0,1,0.000,0.426,7,0,0.621,5,5.000,267.694,0.367,0.262,3.224,0.904,2.414,0.084,0.189,0.811,0.518,0.700
144,4.800,0.000,2.828,0.000,-2.271,1,0,1,0.000,0.475,5,1,0.586,2,6.083,267.959,0.400,0.262,1.338,0.920,2.220,0.166,0.167,0.833,0.405,0.750
147,4.900,0.000,2.000,0.000,-0.828,1,0,1,0.000,0.539,4,1,0.552,2,5.385,272.305,0.433,0.263,1.326,0.941,0.949,1.068,0.163,0.837,0.420,0.750
150,5.000,0.000,1.000,0.000,-1.000,1,0,1,0.000,0.734,4,0,0.552,2,2.000,268.235,0.467,0.264,0.755,0.917,0.906,0.103,0.134,0.866,0.406,0.580
153,5.100,0.000,1.000,0.000,0.000,1,0,1,0.000,0.888,5,0,0.586,3,5.385,252.190,0.500,0.262,0.978,0.928,0.874,0.141,0.153,0.847,0.433,0.580
156,5.200,0.000,1.414,0.000,0.414,1,0,1,0.000,0.983,5,0,0.621,3,3.162,238.620,0.533,0.261,0.947,0.965,0.675,0.096,0.166,0.834,0.436,0.580
159,5.300,0.000,1.414,0.000,0.000,1,0,1,0.000,0.912,5,0,0.655,3,6.083,233.649,0.567,0.260,1.107,0.938,0.176,0.542,0.150,0.850,0.446,0.580
162,5.400,0.000,1.000,0.000,-0.414,1,0,1,0.000,0.852,4,0,0.690,2,6.083,220.817,0.600,0.261,0.687,0.891,0.018,0.647,0.131,0.869,0.422,0.580
165,5.500,0.000,2.236,0.000,1.236,1,0,1,0.000,1.095,4,0,0.690,2,1.414,210.033,0.633,0.262,0.819,0.866,0.330,0.111,0.137,0.863,0.438,0.580
168,5.600,0.000,1.000,0.000,-1.236,1,0,1,0.000,1.160,4,0,0.724,2,4.000,199.978,0.667,0.264,0.506,0.878,0.549,0.116,0.111,0.889,0.427,0.580
171,5.700,0.000,1.414,0.000,0.414,1,0,1,0.000,1.160,2,1,0.724,1,4.000,199.978,0.667,0.267,0.747,0.928,0.920,0.017,0.132,0.868,0.332,0.750
174,5.800,0.000,1.000,0.000,-0.414,1,0,1,0.000,1.259,2,0,0.759,1,4.000,199.978,0.700,0.270,0.295,0.442,1.044,0.448,0.063,0.937,0.356,0.580
177,5.900,0.000,2.000,0.000,1.000,1,0,1,0.000,1.062,2,0,0.793,1,4.000,199.978,0.733,0.273,0.259,0.502,1.182,1.001,0.057,0.943,0.360,0.580
180,6.000,0.000,1.000,0.000,-1.000,1,0,1,0.000,1.160,2,0,0.828,1,4.000,199.978,0.767,0.278,0.167,0.272,1.291,2.114,0.048,0.952,0.373,0.580
183,6.100,0.000,4.472,0.000,3.472,1,0,1,0.000,1.299,2,0,0.828,1,4.000,199.978,0.800,0.444,0.382,0.469,1.627,1.073,0.088,0.912,0.388,0.700
186,6.200,0.000,2.000,0.000,-2.472,2,0,1,363.352,1.259,2,0,0.828,1,4.000,199.978,0.833,0.444,0.639,0.755,1.911,0.295,0.127,0.873,0.414,0.700
189,6.300,7.071,7.071,7.071,5.071,2,0,1,377.260,1.218,4,1,0.793,2,4.000,199.978,0.867,0.444,0.993,0.574,2.077,0.614,0.144,0.856,0.568,0.750
192,6.400,1.414,12.207,-5.657,5.135,2,0,1,390.858,1.102,5,1,0.759,3,23.345,195.406,0.900,0.444,0.977,0.611,1.948,0.156,0.153,0.847,0.615,0.750
195,6.500,4.472,27.313,3.058,15.106,2,0,1,418.306,1.249,5,0,0.759,3,23.345,195.406,0.933,0.453,1.939,0.534,1.766,0.363,0.170,0.830,0.733,0.700
198,6.600,1.414,2.236,-3.058,-25.077,2,0,1,420.268,0.785,4,0,0.759,1,23.345,195.406,0.967,0.453,1.584,0.617,1.578,0.001,0.166,0.834,0.520,0.700
201,6.700,7.280,9.220,5.866,6.983,2,0,1,411.340,1.216,4,0,0.759,3,23.345,195.406,1.000,0.453,2.533,0.663,1.365,0.655,0.180,0.820,0.673,0.350
204,6.800,7.000,21.024,-0.280,11.804,2,1,1,397.658,0.982,4,0,0.793,3,23.345,195.406,1.000,0.453,2.154,0.821,1.165,0.214,0.186,0.814,0.718,0.500
207,6.900,10.440,27.893,3.440,6.869,2,1,1,371.722,0.844,4,0,0.793,3,23.345,195.406,1.000,0.453,3.497,0.794,0.987,0.048,0.198,0.802,0.792,0.000
210,7.000,5.099,21.190,-5.341,-6.703,2,1,1,356.168,0.785,4,0,0.793,4,23.345,195.406,1.000,0.462,2.419,0.832,0.694,0.120,0.187,0.813,0.770,0.000
213,7.100,13.038,17.000,7.939,-4.190,2,1,1,333.714,0.712,4,0,0.793,4,23.345,195.406,1.000,0.462,3.250,0.753,0.490,0.084,0.195,0.805,0.773,0.000
216,7.200,8.062,4.000,-4.976,-13.000,2,1,1,328.247,0.648,3,1,0.759,4,23.345,195.406,1.000,0.462,1.914,0.629,0.127,0.076,0.180,0.820,0.599,0.750
219,7.300,13.454,0.000,5.391,0.000,1,1,0,0.000,0.599,3,0,0.759,2,23.345,195.406,1.000,0.470,2.333,0.519,0.111,0.131,0.184,0.816,0.537,0.650
222,7.400,7.211,0.000,-6.243,0.000,1,1,0,0.000,0.577,3,0,0.793,2,284.717,2672.349,1.000,0.470,1.184,0.553,0.383,0.116,0.147,0.853,0.471,0.750
225,7.500,21.587,0.000,14.376,0.000,1,1,0,0.000,0.361,5,1,0.759,4,73.164,4540.208,1.000,0.462,1.310,0.623,0.519,0.188,0.131,0.869,0.673,0.750
228,7.600,11.662,11.180,-9.925,7.180,2,1,1,297.123,0.676,5,0,0.759,6,75.392,5767.589,1.000,0.453,1.128,0.788,0.831,0.145,0.136,0.864,0.688,0.650
231,7.700,16.971,3.000,5.309,-8.180,2,1,1,283.424,0.692,5,0,0.793,6,71.309,6437.209,1.000,0.435,1.599,0.807,1.336,0.018,0.137,0.863,0.728,0.000
234,7.800,11.402,4.000,-5.569,1.000,2,1,1,273.995,0.465,5,0,0.828,6,101.494,6864.549,1.000,0.408,0.860,0.762,3.351,0.220,0.122,0.878,0.682,0.700
237,7.900,22.472,8.544,11.070,4.544,2,1,1,251.645,0.488,5,0,0.828,6,29.069,6415.924,1.000,0.369,1.111,0.554,3.706,0.252,0.116,0.884,0.764,0.700
240,8.000,23.707,3.162,1.234,-5.382,2,1,1,228.475,0.455,5,0,0.828,6,35.057,5770.775,1.000,0.358,1.023,0.890,4.257,1.588,0.125,0.875,0.745,0.700
243,8.100,35.777,9.220,12.071,6.057,2,1,1,193.763,0.458,6,0,0.828,6,0.000,3413.559,1.000,0.347,1.756,0.915,2.565,0.325,0.156,0.844,0.829,0.700
246,8.200,19.698,2.828,-16.079,-6.391,2,1,1,172.986,0.436,6,0,0.828,6,0.000,878.819,1.000,0.336,0.981,0.888,2.261,0.236,0.127,0.873,0.722,0.700
249,8.300,20.125,2.000,0.427,-0.828,2,1,1,151.753,0.473,6,0,0.828,6,4.243,621.209,1.000,0.324,1.237,0.806,1.342,1.011,0.144,0.856,0.736,0.000
252,8.400,5.000,3.000,-15.125,1.000,2,1,1,146.986,0.450,5,1,0.793,6,0.000,1083.057,1.000,0.311,0.943,0.734,1.024,0.107,0.136,0.864,0.650,0.750
255,8.500,5.000,5.000,0.000,2.000,2,1,1,142.790,0.705,6,1,0.759,6,0.000,1288.975,1.000,0.298,1.775,0.769,0.393,0.139,0.153,0.847,0.668,0.750
258,8.600,3.606,4.123,-1.394,-0.877,2,1,1,136.620,0.754,5,1,0.759,6,0.000,1284.894,1.000,0.298,1.256,0.759,0.224,0.061,0.143,0.857,0.651,0.750
261,8.700,4.123,1.414,0.518,-2.709,2,1,1,134.373,0.777,4,1,0.724,4,98.899,1231.148,1.000,0.311,1.530,0.675,0.088,0.403,0.151,0.849,0.664,0.750
264,8.800,3.162,1.000,-0.961,-0.414,2,1,1,133.240,0.871,3,1,0.690,4,3.606,1177.277,1.000,0.311,0.795,0.588,0.186,2.615,0.130,0.870,0.646,0.750
267,8.900,11.705,1.414,8.542,0.414,2,1,1,138.014,0.956,4,1,0.655,6,98.681,1203.058,1.000,0.311,1.061,0.631,0.425,0.936,0.135,0.865,0.697,0.750
270,9.000,9.434,1.000,-2.271,-0.414,2,1,1,143.422,1.180,6,0,0.655,6,0.000,1161.094,1.000,0.311,0.837,0.702,0.523,2.944,0.122,0.878,0.674,0.550
273,9.100,10.630,3.000,1.196,2.000,2,1,1,148.223,1.278,6,0,0.655,6,0.000,1096.809,1.000,0.311,1.383,0.772,0.695,2.668,0.139,0.861,0.690,0.550
276,9.200,6.403,2.236,-4.227,-0.764,2,1,1,153.056,1.220,5,1,0.655,6,0.000,1113.888,1.000,0.311,1.045,0.804,0.789,0.128,0.131,0.869,0.655,0.750
279,9.300,3.000,2.236,-3.403,0.000,2,1,1,155.364,0.943,6,1,0.655,6,0.000,1221.684,1.000,0.311,0.956,0.751,0.987,0.179,0.130,0.870,0.638,0.750
282,9.400,5.000,1.000,2.000,-1.236,2,1,1,150.625,0.951,6,0,0.655,6,0.000,1199.164,1.000,0.311,0.360,0.389,0.953,0.262,0.063,0.937,0.660,0.350
285,9.500,3.162,1.414,-1.838,0.414,2,1,1,147.959,1.178,7,1,0.621,6,0.000,1201.919,1.000,0.311,0.442,0.499,1.043,0.318,0.072,0.928,0.618,0.750
288,9.600,3.606,1.000,0.443,-0.414,2,1,1,145.527,1.374,5,1,0.586,6,0.000,1233.644,1.000,0.311,0.439,0.345,0.972,3.018,0.080,0.920,0.657,0.750
291,9.700,5.831,1.000,2.225,0.000,2,1,1,143.837,1.276,6,1,0.552,6,0.000,1128.719,1.000,0.311,0.648,0.727,1.102,0.705,0.113,0.887,0.648,0.750
294,9.800,4.472,2.236,-1.359,1.236,2,1,1,150.373,1.166,5,1,0.517,6,0.000,1100.375,1.000,0.298,0.569,0.653,0.989,1.382,0.095,0.905,0.643,0.750
297,9.900,3.162,2.236,-1.310,0.000,2,1,1,153.769,1.244,6,1,0.483,6,0.000,1023.100,1.000,0.298,1.240,0.851,0.964,0.951,0.135,0.865,0.639,0.750
300,10.000,6.083,4.000,2.920,1.764,2,1,1,149.325,1.438,6,0,0.483,6,0.000,919.600,1.000,0.298,0.772,0.881,0.880,0.593,0.129,0.871,0.641,0.350
303,10.100,10.296,2.000,4.213,-2.000,2,1,1,149.345,1.466,6,0,0.517,6,0.000,959.375,1.000,0.298,0.974,0.654,0.973,0.654,0.125,0.875,0.686,0.350
306,10.200,1.000,2.000,-9.296,0.000,2,1,1,151.568,1.294,5,1,0.483,6,111.158,1080.994,1.000,0.298,0.841,0.795,1.203,0.970,0.128,0.872,0.627,0.750
309,10.300,0.000,1.000,-1.000,-1.000,2,1,1,151.921,1.196,5,0,0.483,6,113.437,1209.155,1.000,0.298,0.482,0.751,1.331,0.502,0.086,0.914,0.615,0.630
312,10.400,3.000,2.828,3.000,1.828,2,1,1,153.444,1.001,5,0,0.517,6,112.009,1292.575,1.000,0.298,0.372,0.353,1.433,0.702,0.077,0.923,0.651,0.700
315,10.500,4.243,7.071,1.243,4.243,2,1,1,146.700,1.196,4,0,0.517,6,0.000,1124.169,1.000,0.298,0.902,0.750,1.544,2.866,0.131,0.869,0.659,0.700
318,10.600,6.083,1.414,1.840,-5.657,2,1,1,150.632,1.254,5,1,0.483,6,24.042,819.009,1.000,0.298,0.713,0.863,1.364,0.236,0.106,0.894,0.641,0.750
321,10.700,2.236,2.236,-3.847,0.822,2,1,1,152.506,1.294,4,1,0.448,6,31.064,828.169,1.000,0.298,0.372,0.513,1.544,2.376,0.058,0.942,0.636,0.750
324,10.800,2.236,2.236,0.000,0.000,2,1,1,154.324,1.204,5,0,0.448,6,91.022,822.829,1.000,0.298,0.618,0.878,1.649,1.048,0.106,0.894,0.616,0.700
327,10.900,2.236,1.000,0.000,-1.236,2,1,1,154.952,1.178,5,0,0.448,6,92.000,812.147,1.000,0.298,0.515,0.533,1.778,0.868,0.083,0.917,0.638,0.700
330,11.000,6.083,3.162,3.847,2.162,2,1,1,155.939,1.218,5,0,0.448,6,93.134,800.944,1.000,0.298,0.965,0.875,1.299,1.056,0.121,0.879,0.647,0.517
333,11.100,16.125,7.211,10.042,4.049,2,1,1,151.344,1.136,8,1,0.414,6,0.000,1113.920,1.000,0.298,2.727,0.894,0.990,0.362,0.165,0.835,0.700,0.750
336,11.200,17.889,11.402,1.764,4.191,2,1,1,148.476,1.078,8,0,0.414,6,0.000,1290.339,1.000,0.298,3.503,0.903,0.400,0.338,0.173,0.827,0.729,0.350
339,11.300,43.186,19.723,25.297,8.321,2,1,1,185.389,1.062,8,0,0.448,6,0.000,1306.889,1.000,0.298,8.358,0.863,0.143,0.264,0.183,0.817,0.985,0.450
342,11.400,33.838,38.079,-9.348,18.356,2,1,1,241.102,0.965,6,1,0.448,6,19.026,1404.618,1.000,0.298,4.930,0.902,1.535,0.019,0.179,0.821,0.922,0.750
345,11.500,36.235,0.000,2.397,0.000,1,1,0,0.000,0.425,6,0,0.483,4,0.000,1545.979,1.000,0.311,4.404,0.898,2.057,0.121,0.184,0.816,0.789,0.700
348,11.600,23.854,125.160,-12.382,87.081,2,1,1,407.398,0.871,6,0,0.517,5,25.000,1711.654,1.000,0.311,1.734,0.441,3.302,3.073,0.156,0.844,0.882,0.700
351,11.700,19.849,24.207,-4.004,-100.952,2,1,1,447.045,0.923,6,1,0.517,5,0.000,1578.988,1.000,0.311,2.913,0.568,3.634,0.578,0.177,0.823,0.788,0.750
354,11.800,9.434,16.279,-10.415,-7.929,2,1,1,457.673,0.724,6,0,0.552,5,0.000,1112.818,1.000,0.311,2.914,0.740,4.902,0.031,0.182,0.818,0.731,0.700
357,11.900,9.220,10.630,-0.214,-5.649,2,1,1,476.593,0.813,6,0,0.552,5,0.000,1171.188,1.000,0.311,6.177,0.780,5.308,0.229,0.200,0.800,0.779,0.700
360,12.000,4.472,11.045,-4.747,0.415,2,1,1,491.798,0.778,6,0,0.552,6,0.000,1177.184,1.000,0.311,4.650,0.788,6.542,0.282,0.200,0.800,0.772,0.700
363,12.100,6.403,13.601,1.931,2.556,2,1,1,505.926,0.828,6,0,0.586,6,3.162,1020.069,1.000,0.311,6.061,0.706,7.299,0.027,0.201,0.799,0.828,0.700
366,12.200,2.236,13.038,-4.167,-0.563,2,1,1,516.480,0.717,6,0,0.621,6,0.000,563.664,1.000,0.311,3.973,0.814,10.156,0.059,0.196,0.804,0.765,0.700
369,12.300,5.000,14.866,2.764,1.828,2,1,1,520.496,0.699,4,1,0.586,4,0.000,227.694,1.000,0.324,5.097,0.764,11.340,0.001,0.205,0.795,0.807,0.750
372,12.400,2.000,11.402,-3.000,-3.464,2,1,1,528.487,0.696,4,0,0.621,4,3.606,181.329,1.000,0.324,2.769,0.758,13.135,0.323,0.189,0.811,0.730,0.700
375,12.500,6.325,16.763,4.325,5.361,2,1,1,523.474,0.770,4,0,0.655,4,7.211,110.284,1.000,0.324,4.581,0.718,14.216,0.090,0.201,0.799,0.807,0.700
378,12.600,3.162,20.616,-3.162,3.852,2,1,1,500.504,0.818,5,1,0.655,4,4.472,103.404,1.000,0.336,2.994,0.621,14.839,0.029,0.186,0.814,0.760,0.750
381,12.700,4.000,0.000,0.838,0.000,1,1,0,0.000,0.874,5,0,0.690,3,4.472,103.404,1.000,0.336,3.123,0.425,6.295,0.044,0.186,0.814,0.599,0.700
384,12.800,4.123,127.142,0.123,106.526,2,1,1,378.566,0.874,5,0,0.724,5,194.651,1004.338,1.000,0.336,1.849,0.652,3.809,0.112,0.173,0.827,0.901,0.750
387,12.900,4.000,38.471,-0.123,-88.671,2,1,1,345.358,0.878,6,0,0.724,6,84.971,2983.404,1.000,0.336,3.492,0.727,1.157,0.016,0.175,0.825,0.900,0.550
390,13.000,3.000,17.889,-1.000,-20.582,2,1,1,334.253,0.628,6,0,0.724,5,85.907,4563.670,1.000,0.336,2.054,0.802,0.911,0.259,0.170,0.830,0.715,0.000
393,13.100,5.099,7.071,2.099,-10.817,2,1,1,338.923,0.715,6,0,0.759,6,78.791,5723.717,1.000,0.336,3.282,0.909,0.704,0.005,0.186,0.814,0.708,0.000
396,13.200,1.414,2.828,-3.685,-4.243,2,1,1,341.059,0.713,5,0,0.759,3,81.025,6402.775,1.000,0.336,1.954,0.887,0.733,0.064,0.178,0.822,0.580,0.580
399,13.300,2.000,5.099,0.586,2.271,2,1,1,344.896,0.727,5,0,0.759,4,0.000,7224.155,1.000,0.336,2.089,0.921,0.647,0.133,0.180,0.820,0.630,0.000
402,13.400,0.000,3.162,-2.000,-1.937,2,1,1,341.756,0.863,4,1,0.724,3,4.000,7326.469,1.000,0.347,0.678,0.919,0.560,0.104,0.126,0.874,0.575,0.750
405,13.500,1.000,1.414,1.000,-1.748,2,1,1,342.660,1.014,5,1,0.724,3,5.099,7269.547,1.000,0.347,0.437,0.849,0.201,0.154,0.091,0.909,0.537,0.750
408,13.600,1.414,1.414,0.414,0.000,2,1,1,343.517,0.970,5,0,0.759,3,3.162,7016.244,1.000,0.358,0.277,0.592,0.031,0.300,0.059,0.941,0.551,0.580
411,13.700,1.000,2.000,-0.414,0.586,2,1,1,341.281,1.239,5,0,0.759,3,4.123,6576.238,1.000,0.358,0.480,0.808,0.354,2.914,0.107,0.893,0.545,0.580
414,13.800,1.000,3.000,0.000,1.000,2,1,1,337.676,1.309,5,0,0.759,3,6.708,5923.695,1.000,0.369,0.555,0.883,0.597,0.022,0.116,0.884,0.547,0.580
417,13.900,1.000,2.236,0.000,-0.764,2,1,1,336.341,1.538,5,0,0.759,3,2.000,5143.988,1.000,0.369,0.951,0.811,0.934,0.604,0.144,0.856,0.557,0.580
420,14.000,2.000,7.211,1.000,4.975,2,1,1,340.906,1.440,6,1,0.759,4,0.000,3140.439,1.000,0.369,0.858,0.882,1.175,0.870,0.142,0.858,0.590,0.750
423,14.100,2.000,4.123,0.000,-3.088,2,1,1,344.384,1.449,4,1,0.724,3,1.414,1920.084,1.000,0.369,0.548,0.555,1.615,0.939,0.103,0.897,0.603,0.750
426,14.200,1.000,4.000,-1.000,-0.123,2,1,1,339.890,1.415,4,0,0.724,3,8.944,544.119,1.000,0.369,0.499,0.740,1.742,0.501,0.098,0.902,0.588,0.700
429,14.300,1.414,3.000,0.414,-1.000,2,1,1,335.860,1.276,4,0,0.759,3,3.000,482.219,1.000,0.369,0.638,0.850,1.817,0.449,0.125,0.875,0.578,0.700
432,14.400,1.414,3.606,0.000,0.606,2,1,1,333.624,1.374,5,1,0.724,3,74.847,587.640,1.000,0.379,0.768,0.904,1.950,0.562,0.144,0.856,0.554,0.750
435,14.500,1.000,3.162,-0.414,-0.443,2,1,1,331.388,1.178,5,0,0.724,3,3.000,577.538,1.000,0.379,1.040,0.887,2.056,0.001,0.153,0.847,0.559,0.700
438,14.600,1.000,0.000,0.000,-3.162,2,1,1,330.946,1.178,5,0,0.759,3,2.000,683.599,1.000,0.389,0.303,0.340,1.908,1.053,0.065,0.935,0.567,0.700
441,14.700,3.162,2.828,2.162,2.828,2,1,1,329.674,1.022,5,0,0.759,3,2.236,672.014,1.000,0.389,0.874,0.883,2.279,1.453,0.142,0.858,0.556,0.700
444,14.800,0.000,2.236,-3.162,-0.592,2,1,1,331.059,1.168,5,0,0.759,3,2.236,761.309,1.000,0.399,0.569,0.725,2.180,2.012,0.108,0.892,0.554,0.700
447,14.900,2.236,3.000,2.236,0.764,2,1,1,332.036,1.363,5,0,0.759,3,4.243,766.709,1.000,0.399,1.215,0.798,2.142,0.639,0.150,0.850,0.569,0.700
450,15.000,2.236,2.236,0.000,-0.764,2,1,1,331.210,1.208,5,0,0.759,3,0.000,832.337,1.000,0.408,1.092,0.823,1.853,0.408,0.143,0.857,0.560,0.700
453,15.100,1.414,3.162,-0.822,0.926,2,1,1,329.588,1.131,6,1,0.724,3,5.385,863.600,1.000,0.408,1.956,0.847,1.502,0.111,0.166,0.834,0.567,0.750
456,15.200,1.414,2.000,0.000,-1.162,2,1,1,330.106,0.607,5,1,0.724,3,1.414,876.015,1.000,0.408,0.914,0.863,1.260,0.105,0.148,0.852,0.552,0.750
459,15.300,1.414,1.414,0.000,-0.586,2,1,1,330.905,0.738,4,1,0.690,3,3.000,871.474,1.000,0.408,0.621,0.901,1.043,0.049,0.125,0.875,0.565,0.750
462,15.400,1.414,1.414,0.000,0.000,2,1,1,330.106,1.030,4,0,0.690,3,2.236,849.769,1.000,0.408,0.436,0.808,0.919,1.524,0.097,0.903,0.567,0.580
465,15.500,0.000,2.236,-1.414,0.822,2,1,1,328.672,1.136,5,1,0.690,3,2.236,809.408,1.000,0.408,1.322,0.861,0.844,0.553,0.153,0.847,0.563,0.750
468,15.600,2.000,4.123,2.000,1.887,2,1,1,324.607,1.136,4,1,0.655,3,0.000,759.940,1.000,0.408,0.771,0.669,0.737,0.755,0.139,0.861,0.600,0.750
471,15.700,2.000,2.236,0.000,-1.887,2,1,1,328.160,1.210,5,1,0.621,5,0.000,1496.075,1.000,0.399,2.106,0.739,0.591,0.542,0.173,0.827,0.663,0.750
474,15.800,1.414,5.000,-0.586,2.764,2,1,1,333.542,1.232,5,0,0.621,3,5.099,1331.769,1.000,0.399,1.692,0.742,0.352,0.056,0.161,0.839,0.596,0.350
477,15.900,5.831,20.224,4.417,15.224,2,1,1,354.318,1.219,5,0,0.621,5,0.000,1040.614,1.000,0.399,1.990,0.851,0.203,1.934,0.180,0.820,0.752,0.550
480,16.000,3.162,14.142,-2.669,-6.082,2,1,1,351.330,1.337,5,0,0.621,4,31.016,982.750,1.000,0.399,1.654,0.836,0.067,0.769,0.168,0.832,0.675,0.350
483,16.100,3.000,19.026,-0.162,4.884,2,1,1,345.913,1.129,5,0,0.621,5,193.745,1802.928,1.000,0.389,4.090,0.759,0.207,0.476,0.191,0.809,0.805,0.750
486,16.200,1.000,7.616,-2.000,-11.411,2,1,1,342.218,0.867,6,1,0.586,5,193.745,1802.928,1.000,0.379,2.152,0.643,1.178,0.181,0.165,0.835,0.671,0.750
489,16.300,2.236,0.000,1.236,0.000,1,1,0,0.000,1.034,6,0,0.621,2,192.419,2470.988,1.000,0.389,3.213,0.576,1.822,0.455,0.186,0.814,0.532,0.750
492,16.400,2.236,0.000,0.000,0.000,1,1,0,0.000,0.905,6,0,0.655,2,192.419,2470.988,1.000,0.389,1.590,0.628,4.761,0.126,0.178,0.822,0.488,0.750
495,16.500,2.236,0.000,0.000,0.000,1,1,0,0.000,0.824,6,1,0.621,2,192.419,2470.988,1.000,0.389,1.893,0.534,3.930,0.136,0.170,0.830,0.502,0.750
498,16.600,0.000,0.000,-2.236,0.000,1,1,0,0.000,0.830,6,0,0.621,1,192.419,2470.988,1.000,0.399,1.111,0.725,3.794,0.446,0.151,0.849,0.427,0.750
501,16.700,2.828,0.000,2.828,0.000,1,1,0,0.000,0.927,6,0,0.621,1,192.419,2470.988,1.000,0.408,1.294,0.852,2.239,0.791,0.158,0.842,0.438,0.750
504,16.800,1.414,0.000,-1.414,0.000,1,1,0,0.000,0.809,2,1,0.586,1,192.419,2470.988,1.000,0.408,0.776,0.934,2.291,0.727,0.143,0.857,0.372,0.750
507,16.900,1.414,0.000,0.000,0.000,1,1,0,0.000,0.755,2,0,0.621,1,192.419,2470.988,1.000,0.417,1.039,0.939,2.325,1.021,0.159,0.841,0.378,0.750
510,17.000,1.000,0.000,-0.414,0.000,1,1,0,0.000,0.625,2,0,0.655,1,192.419,2470.988,1.000,0.426,1.011,0.945,2.438,0.023,0.154,0.846,0.375,0.750
513,17.100,3.000,0.000,2.000,0.000,1,1,0,0.000,0.547,3,1,0.621,2,192.419,2470.988,1.000,0.426,1.570,0.867,2.198,0.150,0.166,0.834,0.535,0.750
516,17.200,5.099,0.000,2.099,0.000,1,1,0,0.000,0.776,4,1,0.586,2,43.829,3436.955,1.000,0.426,1.221,0.832,2.333,0.258,0.167,0.833,0.511,0.750
519,17.300,21.587,0.000,16.488,0.000,1,1,0,0.000,0.693,4,0,0.621,2,43.829,3436.955,1.000,0.435,1.766,0.590,1.570,0.358,0.166,0.834,0.633,0.700
522,17.400,12.649,0.000,-8.938,0.000,1,1,0,0.000,0.674,3,1,0.586,2,43.829,3436.955,1.000,0.435,1.384,0.500,1.379,0.427,0.154,0.846,0.510,0.750
525,17.500,23.324,0.000,10.675,0.000,1,1,0,0.000,0.617,3,0,0.586,2,56.462,3859.544,1.000,0.435,2.113,0.509,1.053,1.019,0.173,0.827,0.587,0.000
528,17.600,17.029,0.000,-6.294,0.000,1,1,0,0.000,0.658,3,0,0.586,2,65.924,4329.784,1.000,0.444,1.111,0.463,1.008,1.592,0.128,0.872,0.530,0.550
531,17.700,37.483,0.000,20.454,0.000,1,1,0,0.000,0.671,4,1,0.552,3,56.939,4434.409,1.000,0.444,1.396,0.857,0.146,1.725,0.152,0.848,0.738,0.750
534,17.800,33.302,0.000,-4.182,0.000,1,1,0,0.000,0.578,4,0,0.552,3,22.672,4236.368,1.000,0.444,1.080,0.757,0.007,1.776,0.129,0.871,0.714,0.550
537,17.900,0.000,185.607,0.000,177.991,1,0,1,0.000,0.792,4,0,0.552,3,0.000,3869.787,1.000,0.444,2.231,0.726,0.342,0.008,0.175,0.825,0.810,0.500
540,18.000,0.000,0.000,0.000,0.000,0,0,0,0.000,0.000,4,1,0.552,0,0.000,3869.787,0.967,0.444,2.389,0.665,0.326,1.395,0.183,0.817,0.299,0.750
543,18.100,0.000,0.000,0.000,0.000,0,0,0,0.000,0.000,4,0,0.586,0,0.000,3869.787,0.933,0.444,3.916,0.711,0.353,0.001,0.183,0.817,0.330,0.580
546,18.200,0.000,0.000,0.000,0.000,0,0,0,0.000,0.000,4,0,0.621,0,0.000,3869.787,0.900,0.444,2.705,0.618,0.089,0.278,0.169,0.831,0.302,0.580
549,18.300,0.000,0.000,0.000,0.000,0,0,0,0.000,0.000,5,1,0.586,0,0.000,3869.787,0.867,0.444,2.996,0.526,0.016,0.056,0.173,0.827,0.312,0.750
552,18.400,0.000,0.000,0.000,0.000,0,0,0,0.000,0.000,5,0,0.621,0,0.000,3869.787,0.833,0.444,1.698,0.469,0.135,0.266,0.162,0.838,0.280,0.580
555,18.500,0.000,0.000,0.000,0.000,0,0,0,0.000,0.000,5,0,0.655,0,0.000,3869.787,0.800,0.444,2.417,0.519,0.146,0.105,0.168,0.832,0.290,0.580
558,18.600,0.000,0.000,0.000,0.000,0,0,0,0.000,0.000,2,1,0.655,0,0.000,3869.787,0.767,0.444,1.123,0.431,0.274,0.592,0.141,0.859,0.160,0.750
561,18.700,0.000,0.000,0.000,0.000,0,0,0,0.000,0.000,2,0,0.655,0,0.000,3869.787,0.733,0.444,1.045,0.245,0.188,1.125,0.134,0.866,0.167,0.580
564,18.800,0.000,0.000,0.000,0.000,0,0,0,0.000,0.000,2,0,0.655,0,0.000,3869.787,0.700,0.444,1.123,0.554,0.241,1.868,0.131,0.869,0.143,0.580
567,18.900,0.000,0.000,0.000,0.000,0,0,0,0.000,0.000,3,1,0.621,0,0.000,3869.787,0.667,0.444,1.501,0.582,0.185,0.078,0.143,0.857,0.147,0.750
570,19.000,0.000,0.000,0.000,0.000,0,0,0,0.000,0.000,3,0,0.621,0,0.000,3869.787,0.633,0.444,1.305,0.651,0.241,0.523,0.151,0.849,0.133,0.580
573,19.100,0.000,0.000,0.000,0.000,0,0,0,0.000,0.000,3,0,0.655,0,0.000,3869.787,0.600,0.444,2.042,0.635,0.141,0.068,0.169,0.831,0.149,0.580
576,19.200,0.000,0.000,0.000,0.000,0,0,0,0.000,0.000,2,1,0.621,0,0.000,3869.787,0.567,0.444,0.744,0.494,0.639,1.128,0.128,0.872,0.122,0.750
579,19.300,0.000,0.000,0.000,0.000,0,0,0,0.000,0.000,2,0,0.621,0,0.000,3869.787,0.533,0.444,0.492,0.500,0.675,0.431,0.079,0.921,0.111,0.580
582,19.400,0.000,0.000,0.000,0.000,0,0,0,0.000,0.000,2,0,0.655,0,0.000,3869.787,0.500,0.444,1.039,0.953,1.379,0.505,0.142,0.858,0.089,0.580
585,19.500,0.000,0.000,0.000,0.000,0,0,0,0.000,0.000,6,1,0.621,0,0.000,3869.787,0.467,0.444,1.783,0.953,0.889,0.419,0.155,0.845,0.204,0.750
588,19.600,0.000,0.000,0.000,0.000,0,0,0,0.000,0.000,6,0,0.621,0,0.000,3869.787,0.433,0.444,0.597,0.911,0.630,0.302,0.116,0.884,0.173,0.580
591,19.700,0.000,0.000,0.000,0.000,0,0,0,0.000,0.000,6,0,0.655,0,0.000,3869.787,0.400,0.444,0.486,0.712,0.146,0.967,0.089,0.911,0.180,0.580
594,19.800,0.000,0.000,0.000,0.000,0,0,0,0.000,0.000,4,1,0.621,0,0.000,3869.787,0.367,0.444,0.466,0.571,0.439,1.914,0.071,0.929,0.186,0.750
597,19.900,0.000,0.000,0.000,0.000,0,0,0,0.000,0.000,3,1,0.586,0,0.000,3869.787,0.333,0.444,0.860,0.863,0.813,0.890,0.130,0.870,0.171,0.750
600,20.000,0.000,0.000,0.000,0.000,0,0,0,0.000,0.000,3,0,0.621,0,0.000,3869.787,0.300,0.444,0.887,0.441,0.967,0.412,0.134,0.866,0.197,0.580
603,20.100,0.000,0.000,0.000,0.000,0,0,0,0.000,0.000,5,1,0.621,0,0.000,3869.787,0.267,0.444,1.541,0.487,1.257,0.628,0.149,0.851,0.206,0.750
606,20.200,0.000,0.000,0.000,0.000,0,0,0,0.000,0.000,5,0,0.621,0,0.000,3869.787,0.233,0.444,0.666,0.734,1.146,0.999,0.110,0.890,0.163,0.580
609,20.300,0.000,0.000,0.000,0.000,0,0,0,0.000,0.000,6,1,0.621,0,0.000,3869.787,0.200,0.444,1.079,0.824,1.145,1.368,0.125,0.875,0.163,0.750
612,20.400,0.000,0.000,0.000,0.000,0,0,0,0.000,0.000,5,1,0.586,0,0.000,3869.787,0.167,0.444,0.992,0.584,1.062,0.771,0.142,0.858,0.174,0.750
615,20.500,0.000,162.788,0.000,-22.819,1,0,1,0.000,1.135,5,0,0.586,3,0.000,3572.719,0.167,0.196,3.512,0.698,1.118,0.176,0.184,0.816,0.717,0.650
618,20.600,0.000,15.033,0.000,-147.755,1,0,1,0.000,0.915,5,0,0.621,3,18.682,3564.130,0.167,0.196,3.140,0.627,0.862,0.129,0.184,0.816,0.546,0.450
621,20.700,0.000,19.925,0.000,4.892,1,0,1,0.000,0.904,8,1,0.586,5,0.000,3363.380,0.167,0.196,4.737,0.570,0.874,0.071,0.192,0.808,0.622,0.750
624,20.800,0.000,12.369,0.000,-7.556,1,0,1,0.000,0.813,8,0,0.586,5,0.000,3177.025,0.167,0.196,2.503,0.538,0.469,0.161,0.171,0.829,0.526,0.000
627,20.900,0.000,15.264,0.000,2.895,1,0,1,0.000,0.691,8,0,0.621,5,13.928,3254.687,0.167,0.196,2.482,0.470,0.253,0.248,0.162,0.838,0.546,0.000
630,21.000,0.000,3.162,0.000,-12.102,1,0,1,0.000,0.709,4,1,0.586,3,39.560,3262.938,0.200,0.196,1.280,0.542,0.058,0.066,0.139,0.861,0.471,0.750
633,21.100,0.000,3.162,0.000,0.000,1,0,1,0.000,0.732,3,1,0.552,1,39.560,3262.938,0.233,0.199,1.125,0.494,0.052,0.138,0.136,0.864,0.399,0.750
636,21.200,0.000,1.414,0.000,-1.748,1,0,1,0.000,0.634,3,0,0.586,1,39.560,3262.938,0.267,0.202,0.545,0.765,0.286,2.591,0.102,0.898,0.360,0.580
639,21.300,0.000,3.162,0.000,1.748,1,0,1,0.000,0.402,3,0,0.586,1,39.560,3262.938,0.300,0.206,0.999,0.927,0.516,0.122,0.129,0.871,0.374,0.580
642,21.400,0.000,2.236,0.000,-0.926,1,0,1,0.000,0.416,3,0,0.586,1,39.560,3262.938,0.333,0.206,0.846,0.975,0.974,0.045,0.128,0.872,0.365,0.580
645,21.500,0.000,1.414,0.000,-0.822,1,0,1,0.000,0.409,3,0,0.621,1,39.560,3262.938,0.367,0.209,0.581,0.948,1.090,0.126,0.106,0.894,0.360,0.580
648,21.600,0.000,1.000,0.000,-0.414,1,0,1,0.000,0.500,4,1,0.586,1,39.560,3262.938,0.400,0.209,0.250,0.594,1.538,0.131,0.052,0.948,0.363,0.750
651,21.700,0.000,0.000,0.000,-1.000,1,0,1,0.000,0.528,4,0,0.586,1,39.560,3262.938,0.433,0.212,0.304,0.775,1.242,0.296,0.053,0.947,0.350,0.580
654,21.800,0.000,1.000,0.000,1.000,1,0,1,0.000,0.577,4,0,0.621,1,39.560,3262.938,0.467,0.212,0.251,0.361,1.218,1.495,0.050,0.950,0.388,0.580
657,21.900,0.000,1.414,0.000,0.414,1,0,1,0.000,0.863,4,0,0.621,1,39.560,3262.938,0.500,0.216,0.795,0.929,1.111,0.822,0.127,0.873,0.368,0.580
660,22.000,0.000,1.000,0.000,-0.414,1,0,1,0.000,0.916,4,0,0.621,1,39.560,3262.938,0.533,0.216,0.431,0.866,1.194,0.633,0.092,0.908,0.365,0.580
663,22.100,0.000,1.000,0.000,0.000,1,0,1,0.000,0.732,4,0,0.655,1,39.560,3262.938,0.567,0.216,0.481,0.652,0.263,0.958,0.085,0.915,0.385,0.580
666,22.200,0.000,2.236,0.000,1.236,1,0,1,0.000,0.893,5,0,0.655,1,39.560,3262.938,0.600,0.216,0.454,0.661,0.050,1.051,0.076,0.924,0.386,0.580
669,22.300,0.000,1.414,0.000,-0.822,1,0,1,0.000,1.154,5,0,0.655,1,39.560,3262.938,0.633,0.216,0.503,0.444,0.478,2.234,0.088,0.912,0.401,0.580
672,22.400,0.000,1.414,0.000,0.000,1,0,1,0.000,1.547,5,0,0.690,1,39.560,3262.938,0.667,0.216,0.460,0.575,0.696,0.553,0.096,0.904,0.395,0.580
675,22.500,0.000,2.236,0.000,0.822,1,0,1,0.000,1.372,3,1,0.655,1,39.560,3262.938,0.700,0.216,0.956,0.725,0.877,0.469,0.131,0.869,0.430,0.750
678,22.600,0.000,1.414,0.000,-0.822,1,0,1,0.000,1.437,3,0,0.655,1,39.560,3262.938,0.733,0.219,0.293,0.526,0.864,1.799,0.050,0.950,0.426,0.580
681,22.700,0.000,2.236,0.000,0.822,1,0,1,0.000,1.183,3,0,0.690,1,39.560,3262.938,0.767,0.219,0.397,0.816,0.955,1.058,0.073,0.927,0.417,0.580
684,22.800,0.000,1.000,0.000,-1.236,1,0,1,0.000,1.419,2,1,0.690,1,39.560,3262.938,0.800,0.222,0.467,0.925,0.969,1.658,0.100,0.900,0.338,0.750
687,22.900,0.000,1.000,0.000,0.000,1,0,1,0.000,1.616,2,0,0.690,1,39.560,3262.938,0.833,0.222,0.242,0.188,1.052,0.740,0.046,0.954,0.388,0.580
690,23.000,0.000,1.000,0.000,0.000,1,0,1,0.000,1.477,2,0,0.724,1,39.560,3262.938,0.867,0.225,0.265,0.553,1.084,1.703,0.056,0.944,0.367,0.580
693,23.100,0.000,0.000,0.000,-1.000,1,0,1,0.000,1.418,5,1,0.690,1,39.560,3262.938,0.900,0.225,0.314,0.716,1.070,2.834,0.069,0.931,0.402,0.750
696,23.200,0.000,0.000,0.000,0.000,1,0,1,0.000,1.131,5,0,0.724,1,39.560,3262.938,0.933,0.228,0.557,0.876,0.952,0.009,0.118,0.882,0.401,0.580
699,23.300,0.000,2.236,0.000,2.236,1,0,1,0.000,1.293,5,0,0.759,1,39.560,3262.938,0.967,0.228,0.778,0.820,0.904,0.396,0.125,0.875,0.426,0.580
702,23.400,0.000,1.414,0.000,-0.822,1,0,1,0.000,1.293,2,1,0.724,1,39.560,3262.938,1.000,0.232,0.626,0.892,0.809,1.997,0.109,0.891,0.371,0.750
705,23.500,0.000,2.236,0.000,0.822,1,0,1,0.000,1.293,2,0,0.724,1,39.560,3262.938,1.000,0.232,0.944,0.967,0.804,0.321,0.121,0.879,0.378,0.350
708,23.600,0.000,1.414,0.000,-0.822,1,0,1,0.000,1.321,2,0,0.759,1,39.560,3262.938,1.000,0.235,0.741,0.943,0.666,2.997,0.127,0.873,0.370,0.550
711,23.700,0.000,2.236,0.000,0.822,1,0,1,0.000,1.257,4,1,0.724,1,39.560,3262.938,1.000,0.235,0.908,0.979,0.545,0.237,0.126,0.874,0.432,0.750
714,23.800,0.000,1.000,0.000,-1.236,1,0,1,0.000,1.349,4,0,0.724,1,39.560,3262.938,1.000,0.238,0.443,0.917,0.465,0.442,0.096,0.904,0.417,0.350
717,23.900,0.000,2.236,0.000,1.236,1,0,1,0.000,1.202,4,0,0.759,1,39.560,3262.938,1.000,0.241,0.773,0.958,0.354,0.613,0.115,0.885,0.430,0.350
720,24.000,0.000,1.000,0.000,-1.236,1,0,1,0.000,1.321,4,1,0.759,1,39.560,3262.938,1.000,0.241,0.280,0.572,0.130,0.270,0.062,0.938,0.438,0.750
723,24.100,0.000,0.000,0.000,-1.000,1,0,1,0.000,1.321,4,0,0.759,1,39.560,3262.938,1.000,0.244,0.473,0.928,0.236,2.894,0.093,0.907,0.412,0.550
726,24.200,0.000,1.414,0.000,1.414,1,0,1,0.000,1.225,4,0,0.759,1,39.560,3262.938,1.000,0.247,0.541,0.889,0.017,1.229,0.103,0.897,0.424,0.350
729,24.300,0.000,1.414,0.000,0.000,1,0,1,0.000,1.172,4,1,0.724,1,39.560,3262.938,1.000,0.247,0.527,0.919,0.097,0.355,0.099,0.901,0.422,0.750
732,24.400,0.000,0.000,0.000,-1.414,1,0,1,0.000,0.842,4,0,0.724,1,39.560,3262.938,1.000,0.250,0.257,0.573,0.303,1.361,0.060,0.940,0.431,0.550
735,24.500,0.000,1.000,0.000,1.000,1,0,1,0.000,0.740,4,0,0.759,1,39.560,3262.938,1.000,0.253,0.300,0.615,0.535,0.466,0.067,0.933,0.435,0.000
738,24.600,0.000,1.414,0.000,0.414,1,0,1,0.000,1.214,3,0,0.759,1,39.560,3262.938,1.000,0.601,0.314,0.579,0.646,2.137,0.069,0.931,0.455,0.550
741,24.700,0.000,0.000,0.000,-1.414,1,0,1,0.000,1.464,3,0,0.759,1,39.560,3262.938,1.000,0.611,0.598,0.959,0.636,0.007,0.113,0.887,0.428,0.350
744,24.800,0.000,1.414,0.000,1.414,1,0,1,0.000,1.178,3,0,0.759,1,39.560,3262.938,1.000,0.621,0.320,0.729,0.568,0.331,0.068,0.932,0.445,0.350
747,24.900,0.000,4.123,0.000,2.709,1,0,1,0.000,1.489,3,0,0.759,1,39.560,3262.938,1.000,0.621,0.387,0.777,0.218,1.587,0.080,0.920,0.458,0.550
750,25.000,0.000,1.414,0.000,-2.709,1,0,1,0.000,1.645,3,0,0.759,1,39.560,3262.938,1.000,0.631,0.342,0.818,0.208,1.480,0.074,0.926,0.439,0.550
753,25.100,0.000,1.000,0.000,-0.414,1,0,1,0.000,1.841,3,0,0.759,1,39.560,3262.938,1.000,0.642,0.248,0.192,0.163,0.584,0.051,0.949,0.478,0.480
756,25.200,0.000,1.000,0.000,0.000,1,0,1,0.000,1.787,3,0,0.759,1,39.560,3262.938,1.000,0.642,0.581,0.943,0.381,1.626,0.128,0.872,0.434,0.550
759,25.300,0.000,2.236,0.000,1.236,1,0,1,0.000,1.828,3,0,0.759,1,39.560,3262.938,1.000,0.653,0.578,0.869,0.570,1.542,0.108,0.892,0.446,0.550
762,25.400,0.000,2.000,0.000,-0.236,1,0,1,0.000,1.882,3,0,0.793,1,39.560,3262.938,1.000,0.664,0.755,0.956,0.513,0.763,0.117,0.883,0.443,0.350
765,25.500,0.000,3.000,0.000,1.000,1,0,1,0.000,2.062,4,1,0.759,2,46.043,3105.864,1.000,0.676,0.412,0.338,0.594,0.220,0.069,0.931,0.513,0.750
768,25.600,0.000,19.235,0.000,16.235,1,0,1,0.000,1.940,4,0,0.759,3,13.000,3134.069,1.000,0.676,0.646,0.648,0.394,2.550,0.066,0.934,0.633,0.550
771,25.700,0.000,47.802,0.000,28.566,1,0,1,0.000,1.702,4,0,0.793,3,24.331,3246.148,1.000,0.676,0.944,0.787,0.410,0.164,0.102,0.898,0.774,0.450
774,25.800,0.000,40.000,0.000,-7.802,1,0,1,0.000,1.473,5,0,0.793,3,40.000,2864.344,1.000,0.689,0.873,0.825,0.340,1.113,0.107,0.893,0.714,0.350
777,25.900,0.000,22.561,0.000,-17.439,1,0,1,0.000,1.402,5,0,0.793,3,92.266,2373.207,1.000,0.689,1.856,0.875,0.256,0.298,0.158,0.842,0.638,0.513
780,26.000,0.000,12.083,0.000,-10.478,1,0,1,0.000,1.231,5,0,0.828,3,59.076,2163.314,1.000,0.676,1.276,0.889,0.218,0.250,0.159,0.841,0.565,0.350
783,26.100,0.000,4.472,0.000,-7.611,1,0,1,0.000,1.178,5,1,0.793,2,48.042,1807.744,1.000,0.664,1.141,0.918,0.508,0.115,0.151,0.849,0.481,0.750
786,26.200,48.703,0.000,15.402,0.000,1,1,0,0.000,0.530,5,0,0.793,2,0.000,2253.569,1.000,0.653,0.756,0.842,0.759,0.983,0.121,0.879,0.702,0.500
789,26.300,9.220,0.000,-39.484,0.000,1,1,0,0.000,0.704,5,0,0.828,2,9.220,2462.575,1.000,0.642,1.914,0.753,0.794,0.062,0.150,0.850,0.538,0.450
792,26.400,4.123,0.000,-5.096,0.000,1,1,0,0.000,0.788,3,1,0.793,2,4.123,2806.739,1.000,0.631,0.939,0.617,1.416,0.102,0.130,0.870,0.543,0.750
795,26.500,4.472,0.000,0.349,0.000,1,1,0,0.000,0.943,3,0,0.793,2,4.472,3137.745,1.000,0.621,0.965,0.805,1.645,1.515,0.123,0.877,0.533,0.700
798,26.600,1.414,0.000,-3.058,0.000,1,1,0,0.000,1.072,3,0,0.828,2,1.414,3437.544,1.000,0.611,0.578,0.640,2.301,0.471,0.092,0.908,0.518,0.700
801,26.700,2.828,0.000,1.414,0.000,1,1,0,0.000,1.031,6,0,0.828,4,0.000,3874.779,1.000,0.583,0.965,0.616,2.658,0.753,0.126,0.874,0.537,0.700
804,26.800,2.236,0.000,-0.592,0.000,1,1,0,0.000,1.370,6,0,0.828,4,0.000,4079.395,1.000,0.556,0.430,0.741,3.694,0.120,0.099,0.901,0.511,0.700
807,26.900,2.236,0.000,0.000,0.000,1,1,0,0.000,1.757,6,0,0.862,4,0.000,3964.447,1.000,0.530,0.570,0.802,3.455,0.070,0.112,0.888,0.511,0.700
810,27.000,0.000,0.000,-2.236,0.000,1,1,0,0.000,1.839,6,1,0.828,3,0.000,3712.575,1.000,0.513,0.311,0.432,3.441,0.129,0.065,0.935,0.488,0.750
813,27.100,0.000,0.000,0.000,0.000,1,1,0,0.000,1.685,6,0,0.828,3,0.000,3031.457,1.000,0.496,0.395,0.737,3.464,2.951,0.066,0.934,0.468,0.700
816,27.200,2.000,0.000,2.000,0.000,1,1,0,0.000,1.800,6,0,0.862,3,2.000,2280.984,1.000,0.479,0.287,0.723,3.084,1.952,0.056,0.944,0.478,0.700
819,27.300,1.414,0.000,-0.586,0.000,1,1,0,0.000,1.913,6,1,0.828,4,0.000,816.464,1.000,0.453,0.479,0.298,2.058,1.508,0.092,0.908,0.539,0.750
822,27.400,1.414,0.000,0.000,0.000,1,1,0,0.000,1.978,6,0,0.828,4,0.000,229.244,1.000,0.426,0.358,0.576,1.615,2.125,0.060,0.940,0.516,0.700
825,27.500,1.000,0.000,-0.414,0.000,1,1,0,0.000,2.449,6,0,0.828,4,0.000,6.594,1.000,0.408,0.478,0.371,0.375,2.873,0.075,0.925,0.532,0.580
828,27.600,0.000,0.000,-1.000,0.000,1,1,0,0.000,2.356,8,1,0.793,5,0.000,2.325,1.000,0.408,0.340,0.538,0.070,0.055,0.077,0.923,0.503,0.750
831,27.700,2.236,0.000,2.236,0.000,1,1,0,0.000,2.094,8,0,0.793,5,0.000,1.120,1.000,0.399,0.319,0.655,0.189,1.291,0.055,0.945,0.507,0.580
834,27.800,2.236,0.000,0.000,0.000,1,1,0,0.000,1.732,8,0,0.793,5,65.192,110.629,1.000,0.389,0.342,0.667,0.285,0.065,0.072,0.928,0.507,0.580
837,27.900,2.236,0.000,0.000,0.000,1,1,0,0.000,2.014,5,1,0.759,3,65.376,200.444,1.000,0.389,1.023,0.961,0.669,2.490,0.140,0.860,0.499,0.750
840,28.000,1.000,0.000,-1.236,0.000,1,1,0,0.000,1.755,5,0,0.759,3,1.000,200.507,1.000,0.379,0.913,0.966,0.756,0.203,0.144,0.856,0.489,0.580
843,28.100,8.062,0.000,7.062,0.000,1,1,0,0.000,1.538,6,1,0.724,4,0.000,205.308,1.000,0.369,2.367,0.948,0.892,0.209,0.171,0.829,0.578,0.750
846,28.200,10.630,0.000,2.568,0.000,1,1,0,0.000,1.309,7,0,0.724,6,0.000,297.094,1.000,0.358,2.152,0.935,0.720,0.300,0.166,0.834,0.622,0.350
849,28.300,19.849,107.229,9.219,102.757,2,1,1,274.089,0.990,7,0,0.724,6,185.173,905.119,1.000,0.358,2.821,0.900,0.611,0.127,0.172,0.828,0.882,0.750
852,28.400,5.831,51.088,-14.018,-56.141,2,1,1,320.077,1.229,7,0,0.759,6,235.257,1906.355,1.000,0.347,1.783,0.859,0.201,0.081,0.163,0.837,0.859,0.750
855,28.500,33.242,15.033,27.411,-36.055,2,1,1,302.166,1.128,7,0,0.759,6,62.968,1894.888,1.000,0.336,2.042,0.675,0.016,0.136,0.160,0.840,0.813,0.550
858,28.600,20.396,0.000,-12.845,0.000,1,1,0,0.000,1.088,7,0,0.759,5,70.711,1916.977,1.000,0.336,1.660,0.712,0.289,0.254,0.149,0.851,0.654,0.650
861,28.700,7.280,0.000,-13.116,0.000,1,1,0,0.000,0.705,7,0,0.759,4,0.000,1865.084,1.000,0.336,2.283,0.824,0.499,0.065,0.169,0.831,0.563,0.000
864,28.800,2.236,0.000,-5.044,0.000,1,1,0,0.000,0.936,5,1,0.724,3,0.000,1824.237,1.000,0.336,1.488,0.752,0.833,1.534,0.159,0.841,0.525,0.750
867,28.900,4.472,0.000,2.236,0.000,1,1,0,0.000,1.001,5,0,0.724,4,0.000,1657.197,1.000,0.336,2.028,0.522,1.004,1.394,0.154,0.846,0.603,0.550
870,29.000,3.606,0.000,-0.867,0.000,1,1,0,0.000,0.992,5,0,0.759,4,0.000,1409.188,1.000,0.347,1.941,0.703,1.637,0.257,0.160,0.840,0.583,0.700
873,29.100,5.000,21.190,1.394,6.156,2,1,1,259.069,1.017,4,0,0.759,4,43.046,1131.257,1.000,0.347,2.857,0.624,2.070,0.381,0.167,0.833,0.795,0.700
876,29.200,1.414,26.249,-3.586,5.059,2,1,1,285.016,0.925,4,0,0.759,4,49.041,297.988,1.000,0.347,1.709,0.454,2.653,1.082,0.152,0.848,0.807,0.700
879,29.300,5.000,33.242,3.586,6.993,2,1,1,305.866,1.147,4,0,0.793,4,52.326,280.164,1.000,0.336,2.119,0.628,2.901,0.708,0.154,0.846,0.844,0.700
882,29.400,1.000,21.024,-4.000,-12.218,2,1,1,287.675,1.223,5,1,0.759,4,238.537,1583.878,1.000,0.336,1.167,0.679,6.062,0.489,0.125,0.875,0.712,0.750
885,29.500,2.236,53.460,1.236,32.436,2,1,1,233.452,1.548,5,0,0.759,6,237.084,2754.787,1.000,0.336,0.843,0.189,5.815,1.855,0.094,0.906,0.908,0.750
888,29.600,1.414,36.401,-0.822,-17.060,2,1,1,199.492,1.415,5,0,0.759,6,201.375,3420.605,1.000,0.336,0.830,0.245,5.953,0.164,0.096,0.904,0.856,0.750
891,29.700,2.828,18.439,1.414,-17.961,2,1,1,185.011,1.611,3,1,0.724,4,112.285,3460.149,1.000,0.347,1.419,0.688,2.324,0.248,0.132,0.868,0.640,0.750
894,29.800,1.414,8.062,-1.414,-10.377,2,1,1,177.138,1.595,2,1,0.690,2,111.158,3415.089,1.000,0.347,0.614,0.633,1.689,0.691,0.103,0.897,0.566,0.750
897,29.900,2.236,9.220,0.822,1.157,2,1,1,168.428,1.709,2,0,0.724,2,7.071,3392.105,1.000,0.358,0.706,0.612,0.944,0.951,0.113,0.887,0.576,0.350
900,30.000,2.000,2.000,-0.236,-7.220,2,1,1,166.589,1.589,4,1,0.690,4,26.926,3374.994,1.000,0.358,0.543,0.831,0.736,0.397,0.112,0.888,0.616,0.750
903,30.100,1.000,2.236,-1.000,0.236,2,1,1,166.769,1.214,4,0,0.690,4,20.248,3335.254,1.000,0.369,0.485,0.749,0.469,0.233,0.099,0.901,0.622,0.580
906,30.200,0.000,2.236,-1.000,0.000,2,1,1,167.586,1.254,4,0,0.724,4,30.083,3308.988,1.000,0.369,0.264,0.701,0.284,1.065,0.051,0.949,0.620,0.580
909,30.300,1.414,0.000,1.414,-2.236,2,1,1,168.668,1.017,6,1,0.690,6,31.321,2319.594,1.000,0.358,0.423,0.857,0.027,1.246,0.082,0.918,0.608,0.750
912,30.400,1.000,1.000,-0.414,1.000,2,1,1,168.668,0.940,6,0,0.690,6,29.120,1215.344,1.000,0.347,0.419,0.798,0.192,0.197,0.091,0.909,0.610,0.580
915,30.500,2.236,3.606,1.236,2.606,2,1,1,172.653,0.843,6,0,0.724,6,26.571,370.168,1.000,0.347,0.819,0.874,0.468,0.199,0.124,0.876,0.629,0.580
918,30.600,1.000,0.000,-1.236,-3.606,2,1,1,172.743,0.942,5,0,0.724,6,29.120,95.567,1.000,0.336,0.640,0.942,0.713,0.261,0.111,0.889,0.606,0.580
921,30.700,3.162,6.083,2.162,6.083,2,1,1,165.979,1.131,5,0,0.724,6,22.361,88.888,1.000,0.336,0.910,0.905,1.138,0.069,0.122,0.878,0.643,0.350
924,30.800,1.000,2.236,-2.162,-3.847,2,1,1,166.208,1.233,5,0,0.759,6,26.000,90.687,1.000,0.336,0.360,0.621,1.529,0.057,0.082,0.918,0.628,0.700
927,30.900,1.000,3.000,0.000,0.764,2,1,1,164.222,1.394,5,0,0.759,6,32.280,94.765,1.000,0.336,0.455,0.919,2.343,0.316,0.098,0.902,0.614,0.700
930,31.000,0.000,3.000,-1.000,0.000,2,1,1,161.245,0.841,5,0,0.793,6,34.928,100.484,1.000,0.311,0.432,0.766,2.524,0.216,0.090,0.910,0.624,0.700
933,31.100,4.123,10.000,4.123,7.000,2,1,1,152.895,0.672,6,1,0.759,6,146.769,579.638,1.000,0.311,0.953,0.913,2.521,0.103,0.137,0.863,0.665,0.750
936,31.200,1.000,7.071,-3.123,-2.929,2,1,1,149.833,0.745,5,1,0.724,4,30.083,592.424,1.000,0.311,0.513,0.329,2.091,0.255,0.086,0.914,0.643,0.750
939,31.300,1.414,4.472,0.414,-2.599,2,1,1,154.932,0.843,5,0,0.724,5,149.030,1029.185,1.000,0.311,0.456,0.603,2.099,2.357,0.068,0.932,0.644,0.750
942,31.400,1.000,1.414,-0.414,-3.058,2,1,1,153.951,1.125,5,0,0.724,5,153.003,1454.450,1.000,0.311,0.519,0.597,1.860,2.085,0.057,0.943,0.629,0.750
945,31.500,1.414,15.652,0.414,14.238,2,1,1,141.209,1.191,6,1,0.690,6,133.304,1712.467,1.000,0.311,0.565,0.596,1.637,2.524,0.075,0.925,0.709,0.750
948,31.600,1.000,6.403,-0.414,-9.249,2,1,1,137.266,1.268,6,0,0.690,6,136.938,1924.735,1.000,0.311,0.359,0.602,1.396,0.422,0.059,0.941,0.652,0.750
951,31.700,1.414,11.045,0.414,4.642,2,1,1,140.577,1.399,6,0,0.724,6,143.422,1906.124,1.000,0.311,0.601,0.771,1.215,0.268,0.094,0.906,0.672,0.750
954,31.800,1.000,13.601,-0.414,2.556,2,1,1,150.306,1.536,6,0,0.724,6,145.993,2112.588,1.000,0.311,0.556,0.295,0.978,0.820,0.081,0.919,0.719,0.750
957,31.900,1.414,10.000,0.414,-3.601,2,1,1,158.777,1.638,6,0,0.724,6,151.083,1831.565,1.000,0.311,0.688,0.482,0.836,0.019,0.098,0.902,0.689,0.750
960,32.000,0.000,9.220,-1.414,-0.780,2,1,1,150.376,1.683,6,0,0.724,6,143.951,1870.175,1.000,0.311,0.436,0.360,0.680,1.794,0.059,0.941,0.687,0.750
963,32.100,1.000,25.554,1.000,16.334,2,1,1,130.602,1.833,5,1,0.690,5,123.685,1994.860,1.000,0.311,0.842,0.708,0.643,2.029,0.119,0.881,0.763,0.750
966,32.200,1.414,16.125,0.414,-9.429,2,1,1,123.357,1.833,5,0,0.690,5,137.186,2015.119,1.000,0.311,0.716,0.549,0.575,0.312,0.101,0.899,0.719,0.750
969,32.300,2.236,18.385,0.822,2.260,2,1,1,126.143,1.755,5,0,0.724,5,132.544,1974.357,1.000,0.311,1.596,0.670,0.552,0.313,0.147,0.853,0.745,0.736
972,32.400,0.000,5.657,-2.236,-12.728,2,1,1,130.015,1.635,4,1,0.690,4,31.048,1954.354,1.000,0.311,0.675,0.705,0.166,0.492,0.115,0.885,0.649,0.750
975,32.500,2.236,19.799,2.236,14.142,2,1,1,143.684,1.848,5,1,0.655,5,138.611,1967.118,1.000,0.311,0.776,0.788,0.042,0.385,0.127,0.873,0.724,0.750
978,32.600,2.236,6.403,0.000,-13.396,2,1,1,147.231,1.651,5,0,0.690,5,146.086,1964.780,1.000,0.324,0.715,0.761,0.222,1.078,0.096,0.904,0.650,0.750
981,32.700,1.414,14.866,-0.822,8.463,2,1,1,133.364,1.143,5,0,0.724,5,32.280,1934.618,1.000,0.324,1.292,0.733,0.132,0.263,0.131,0.869,0.714,0.350
984,32.800,1.000,8.062,-0.414,-6.804,2,1,1,133.154,1.071,5,0,0.724,5,127.098,1885.547,1.000,0.324,0.868,0.744,0.768,0.095,0.123,0.877,0.664,0.706
987,32.900,5.000,3.162,4.000,-4.900,2,1,1,133.150,1.047,5,0,0.759,6,62.586,1522.894,1.000,0.324,1.483,0.693,0.954,0.377,0.139,0.861,0.666,0.350
990,33.000,2.236,2.000,-2.764,-1.162,2,1,1,132.853,0.939,6,1,0.724,6,31.780,1267.634,1.000,0.324,1.442,0.759,1.370,1.175,0.134,0.866,0.645,0.750
993,33.100,3.000,10.770,0.764,8.770,2,1,1,137.058,1.024,6,0,0.724,6,77.647,982.314,1.000,0.324,1.829,0.774,1.664,0.173,0.142,0.858,0.701,0.700
996,33.200,1.414,1.000,-1.586,-9.770,2,1,1,137.419,1.123,6,0,0.759,6,126.016,892.824,1.000,0.324,0.295,0.482,2.156,1.257,0.048,0.952,0.631,0.700
999,33.300,1.000,15.264,-0.414,14.264,2,1,1,149.466,1.075,5,1,0.724,5,137.117,1134.800,1.000,0.324,0.725,0.858,2.085,1.545,0.090,0.910,0.693,0.750
1002,33.400,1.414,19.698,0.414,4.433,2,1,1,167.839,1.115,5,0,0.724,5,132.774,1172.064,1.000,0.324,0.904,0.930,2.141,0.116,0.133,0.867,0.717,0.738
1005,33.500,1.414,13.892,0.000,-5.805,2,1,1,169.248,1.133,5,0,0.724,5,156.160,1520.237,1.000,0.324,0.822,0.195,2.152,0.662,0.079,0.921,0.734,0.750
1008,33.600,1.414,7.616,0.000,-6.277,2,1,1,163.490,1.035,6,1,0.690,6,22.561,1490.849,1.000,0.311,0.699,0.594,2.548,2.013,0.060,0.940,0.668,0.750
1011,33.700,4.123,8.246,2.709,0.630,2,1,1,163.218,1.037,6,0,0.690,6,78.160,1498.290,1.000,0.311,1.577,0.895,2.243,0.488,0.141,0.859,0.673,0.700
1014,33.800,5.385,9.434,1.262,1.188,2,1,1,158.398,1.087,6,0,0.690,6,152.473,1642.169,1.000,0.311,1.079,0.834,2.909,0.585,0.140,0.860,0.671,0.750
1017,33.900,2.236,17.000,-3.149,7.566,2,1,1,148.061,1.215,5,1,0.655,5,20.396,1405.838,1.000,0.311,1.096,0.545,1.227,0.640,0.107,0.893,0.734,0.750
1020,34.000,2.828,5.385,0.592,-11.615,2,1,1,149.121,1.470,5,0,0.690,6,95.189,1241.985,1.000,0.311,1.125,0.922,1.291,2.930,0.129,0.871,0.644,0.550
1023,34.100,2.236,10.050,-0.592,4.665,2,1,1,156.541,1.215,5,0,0.724,6,11.180,808.089,1.000,0.311,1.165,0.743,1.316,0.305,0.132,0.868,0.683,0.350
1026,34.200,2.236,8.602,0.000,-1.448,2,1,1,163.322,1.313,5,0,0.724,5,170.106,1329.244,1.000,0.311,0.956,0.438,1.521,0.935,0.124,0.876,0.691,0.750
1029,34.300,3.162,4.123,0.926,-4.479,2,1,1,160.963,1.492,5,0,0.724,4,21.840,1340.577,1.000,0.324,1.070,0.662,1.111,0.246,0.134,0.866,0.617,0.350
1032,34.400,1.414,11.180,-1.748,7.057,2,1,1,150.526,1.827,5,0,0.759,6,106.075,1411.599,1.000,0.311,0.441,0.463,1.088,0.021,0.085,0.915,0.691,0.589
1035,34.500,0.000,9.849,-1.414,-1.331,2,1,1,144.101,2.011,5,0,0.759,6,101.400,1154.989,1.000,0.311,0.771,0.801,0.577,0.845,0.118,0.882,0.668,0.563
1038,34.600,1.414,13.153,1.414,3.304,2,1,1,138.463,1.980,5,0,0.759,5,130.384,1400.184,1.000,0.311,0.588,0.058,0.265,0.388,0.073,0.927,0.734,0.724
1041,34.700,1.414,9.000,0.000,-4.153,2,1,1,146.154,1.993,5,0,0.759,5,141.796,1596.338,1.000,0.311,0.945,0.697,0.190,0.695,0.128,0.872,0.675,0.750
1044,34.800,1.000,8.062,-0.414,-0.938,2,1,1,151.212,1.654,5,0,0.759,6,100.045,1228.019,1.000,0.311,0.712,0.900,0.037,0.468,0.115,0.885,0.650,0.556
1047,34.900,2.000,11.180,1.000,3.118,2,1,1,157.892,1.601,5,0,0.759,5,120.004,1363.765,1.000,0.324,0.654,0.927,0.065,0.481,0.112,0.888,0.664,0.667
1050,35.000,0.000,5.657,-2.000,-5.523,2,1,1,162.782,1.607,5,0,0.793,6,116.017,1399.638,1.000,0.311,0.310,0.452,0.138,0.239,0.062,0.938,0.658,0.645
1053,35.100,1.414,10.630,1.414,4.973,2,1,1,170.496,1.259,5,0,0.793,6,113.159,1442.359,1.000,0.311,0.367,0.452,0.291,0.193,0.062,0.938,0.687,0.629
1056,35.200,1.414,4.123,0.000,-6.507,2,1,1,168.238,1.374,4,1,0.759,4,21.190,1249.758,1.000,0.324,0.394,0.774,0.317,0.697,0.084,0.916,0.629,0.750
1059,35.300,1.000,4.123,-0.414,0.000,2,1,1,164.438,1.571,5,1,0.759,5,161.199,1355.408,1.000,0.324,0.693,0.852,0.619,0.742,0.116,0.884,0.631,0.750
1062,35.400,1.414,2.236,0.414,-1.887,2,1,1,165.387,1.440,4,1,0.759,4,25.632,1392.819,1.000,0.324,0.507,0.883,0.636,0.395,0.096,0.904,0.613,0.750
1065,35.500,1.000,5.000,-0.414,2.764,2,1,1,163.600,1.309,4,0,0.759,4,22.136,1298.075,1.000,0.324,0.299,0.277,0.821,0.321,0.049,0.951,0.666,0.480
1068,35.600,0.000,5.099,-1.000,0.099,2,1,1,158.521,1.414,4,0,0.759,4,25.962,1297.529,1.000,0.324,0.598,0.845,1.033,0.900,0.123,0.877,0.634,0.350
1071,35.700,1.000,6.403,1.000,1.304,2,1,1,161.298,1.767,4,0,0.759,4,18.974,1102.159,1.000,0.336,0.396,0.577,1.240,0.314,0.080,0.920,0.655,0.350
1074,35.800,0.000,7.071,-1.000,0.668,2,1,1,167.443,1.767,5,1,0.724,5,160.901,1377.337,1.000,0.336,0.535,0.608,1.287,1.639,0.087,0.913,0.660,0.750
1077,35.900,2.236,8.062,2.236,0.991,2,1,1,172.351,1.767,5,0,0.759,5,163.196,1833.755,1.000,0.336,1.132,0.780,1.432,2.093,0.139,0.861,0.669,0.750
1080,36.000,1.414,2.236,-0.822,-5.826,2,1,1,171.406,1.455,5,0,0.759,5,136.297,1932.104,1.000,0.336,0.441,0.589,1.078,1.413,0.071,0.929,0.632,0.750
1083,36.100,1.414,18.601,0.000,16.365,2,1,1,155.242,1.608,5,0,0.759,5,157.080,1908.554,1.000,0.336,1.026,0.625,1.056,1.461,0.131,0.869,0.735,0.750
1086,36.200,0.000,14.318,-1.414,-4.283,2,1,1,146.509,1.416,5,0,0.793,5,156.818,2238.367,1.000,0.336,0.764,0.548,0.924,0.138,0.103,0.897,0.710,0.750
1089,36.300,1.414,7.616,1.414,-6.702,2,1,1,141.566,1.732,5,0,0.793,6,112.004,2262.975,1.000,0.336,0.645,0.706,1.281,1.196,0.108,0.892,0.659,0.622
1092,36.400,3.606,6.083,2.191,-1.533,2,1,1,140.161,1.220,4,1,0.759,4,28.460,2254.254,1.000,0.336,1.214,0.964,1.292,0.676,0.161,0.839,0.647,0.750
1095,36.500,3.162,4.243,-0.443,-1.840,2,1,1,142.144,0.982,4,0,0.793,4,28.460,1929.160,1.000,0.336,1.256,0.944,1.056,0.278,0.153,0.847,0.639,0.350
1098,36.600,4.123,6.708,0.961,2.466,2,1,1,144.392,1.300,5,1,0.759,6,93.022,1572.155,1.000,0.336,0.810,0.904,0.619,2.114,0.118,0.882,0.644,0.750
1101,36.700,1.414,9.434,-2.709,2.726,2,1,1,141.993,1.517,5,0,0.759,5,17.464,1345.967,1.000,0.336,0.739,0.909,0.424,1.174,0.118,0.882,0.657,0.350
1104,36.800,1.414,7.810,0.000,-1.624,2,1,1,149.683,1.464,5,0,0.793,5,147.139,1307.899,1.000,0.336,0.690,0.777,0.140,1.349,0.114,0.886,0.656,0.750
1107,36.900,2.236,0.000,0.822,0.000,1,1,0,0.000,1.255,5,0,0.793,2,13.928,1301.144,1.000,0.336,1.552,0.788,0.056,0.113,0.146,0.854,0.488,0.650
1110,37.000,2.236,0.000,0.000,0.000,1,1,0,0.000,1.168,5,0,0.793,2,21.840,930.204,1.000,0.347,0.908,0.832,0.338,1.350,0.118,0.882,0.469,0.550
1113,37.100,3.162,0.000,0.926,0.000,1,1,0,0.000,1.201,5,0,0.793,2,22.136,948.840,1.000,0.347,1.069,0.903,0.699,0.161,0.125,0.875,0.473,0.350
1116,37.200,1.000,20.396,-2.162,12.586,2,1,1,136.821,1.332,7,1,0.759,6,143.590,1115.027,1.000,0.347,0.673,0.823,1.104,0.960,0.117,0.883,0.697,0.750
1119,37.300,2.000,5.099,1.000,-15.297,2,1,1,134.618,1.495,7,0,0.759,6,87.000,1090.479,1.000,0.347,0.969,0.743,1.416,1.038,0.143,0.857,0.625,0.700
1122,37.400,4.472,10.198,2.472,5.099,2,1,1,141.400,1.416,7,0,0.759,6,152.319,1073.044,1.000,0.347,0.610,0.634,2.111,1.006,0.095,0.905,0.652,0.750
1125,37.500,1.000,3.162,-3.472,-7.036,2,1,1,142.636,1.525,5,1,0.724,5,141.908,1401.887,1.000,0.347,1.019,0.639,1.304,0.027,0.106,0.894,0.648,0.750
1128,37.600,1.414,15.232,0.414,12.069,2,1,1,151.476,1.750,5,0,0.724,5,147.801,1696.339,1.000,0.347,1.053,0.608,1.586,1.906,0.140,0.860,0.718,0.750
1131,37.700,3.162,12.806,1.748,-2.425,2,1,1,165.496,1.574,5,0,0.724,6,0.000,1433.387,1.000,0.336,2.048,0.778,1.309,0.145,0.159,0.841,0.718,0.350
1134,37.800,2.236,7.280,-0.926,-5.526,2,1,1,159.540,1.720,7,1,0.690,6,13.892,1457.479,1.000,0.336,0.883,0.938,1.784,0.800,0.144,0.856,0.621,0.750
1137,37.900,3.162,11.180,0.926,3.900,2,1,1,148.762,1.714,8,1,0.655,6,158.051,1772.688,1.000,0.336,0.983,0.738,1.883,1.639,0.139,0.861,0.640,0.750
1140,38.000,2.000,2.236,-1.162,-8.944,2,1,1,149.603,1.629,8,0,0.655,6,105.005,1201.357,1.000,0.336,1.187,0.887,1.387,0.838,0.141,0.859,0.585,0.583
1143,38.100,2.236,9.220,0.236,6.983,2,1,1,143.405,1.549,5,1,0.655,5,153.470,1225.084,1.000,0.324,1.004,0.889,1.049,0.287,0.129,0.871,0.664,0.750
1146,38.200,2.000,11.045,-0.236,1.826,2,1,1,141.792,1.513,5,0,0.690,5,117.546,1401.225,1.000,0.311,0.630,0.888,1.032,1.204,0.110,0.890,0.665,0.653
1149,38.300,1.414,8.062,-0.586,-2.983,2,1,1,142.274,1.276,5,0,0.724,6,113.780,1524.487,1.000,0.311,1.328,0.867,0.972,0.712,0.155,0.845,0.667,0.632
1152,38.400,3.606,4.000,2.191,-4.062,2,1,1,145.523,1.290,4,1,0.690,4,20.616,1546.864,1.000,0.311,0.758,0.906,1.119,0.107,0.137,0.863,0.628,0.750
1155,38.500,1.000,9.220,-2.606,5.220,2,1,1,135.340,1.453,5,1,0.655,5,20.809,1556.937,1.000,0.324,0.946,0.770,0.583,0.163,0.113,0.887,0.671,0.750
1158,38.600,0.000,2.236,-1.000,-6.983,2,1,1,133.507,1.264,5,0,0.655,5,151.109,1532.099,1.000,0.324,0.543,0.354,0.513,2.792,0.058,0.942,0.651,0.750
1161,38.700,1.414,8.544,1.414,6.308,2,1,1,126.289,1.321,5,0,0.690,5,139.474,1670.740,1.000,0.324,1.665,0.794,0.308,0.914,0.147,0.853,0.684,0.750
1164,38.800,0.000,6.325,-1.414,-2.219,2,1,1,125.320,1.207,5,0,0.690,5,131.244,1553.189,1.000,0.324,0.891,0.763,0.491,0.204,0.140,0.860,0.654,0.729
1167,38.900,1.414,18.868,1.414,12.543,2,1,1,144.309,1.393,5,0,0.690,5,144.544,1678.304,1.000,0.324,1.099,0.671,0.397,0.268,0.138,0.862,0.735,0.750
1170,39.000,1.000,7.071,-0.414,-11.797,2,1,1,147.092,1.473,6,1,0.655,5,129.124,1869.694,1.000,0.324,0.826,0.756,0.629,1.005,0.122,0.878,0.627,0.750
1173,39.100,3.000,6.708,2.000,-0.363,2,1,1,145.986,1.365,6,0,0.655,5,154.042,2050.358,1.000,0.324,1.320,0.695,0.492,1.051,0.144,0.856,0.642,0.750
1176,39.200,2.236,10.440,-0.764,3.732,2,1,1,152.611,1.897,6,0,0.655,5,19.723,2033.487,1.000,0.324,0.919,0.876,0.552,0.789,0.113,0.887,0.640,0.350
1179,39.300,3.162,12.530,0.926,2.090,2,1,1,140.246,1.848,6,0,0.690,5,151.476,2030.894,1.000,0.324,1.166,0.945,0.048,0.127,0.134,0.866,0.653,0.750
1182,39.400,1.414,6.708,-1.748,-5.822,2,1,1,136.015,1.885,5,1,0.655,4,20.000,2013.865,1.000,0.336,0.371,0.605,0.042,0.250,0.063,0.937,0.618,0.750
1185,39.500,2.236,6.403,0.822,-0.305,2,1,1,136.821,2.041,6,1,0.655,5,149.656,2063.400,1.000,0.336,0.824,0.758,0.112,1.117,0.104,0.896,0.623,0.750
1188,39.600,2.236,11.402,0.000,4.999,2,1,1,145.041,1.749,6,0,0.655,5,147.231,2138.068,1.000,0.336,0.935,0.811,0.168,0.393,0.137,0.863,0.650,0.750
1191,39.700,1.000,19.105,-1.236,7.703,2,1,1,161.012,1.589,6,0,0.655,5,20.000,1930.119,1.000,0.336,0.823,0.662,0.220,0.125,0.125,0.875,0.700,0.350
1194,39.800,1.000,17.720,0.000,-1.385,2,1,1,143.590,1.490,6,0,0.655,5,19.209,1728.974,1.000,0.336,1.415,0.753,0.160,1.330,0.136,0.864,0.701,0.550
1197,39.900,10.000,27.586,9.000,9.866,2,1,1,116.211,1.571,5,1,0.621,6,0.000,1356.850,1.000,0.324,3.208,0.777,0.264,0.622,0.166,0.834,0.829,0.750
1200,40.000,8.485,19.105,-1.515,-8.481,2,1,1,130.943,1.424,5,0,0.621,6,97.021,1421.035,1.000,0.324,2.331,0.750,0.359,0.301,0.167,0.833,0.762,0.539
1203,40.100,11.180,27.659,2.695,8.554,2,1,1,150.546,1.268,5,0,0.655,6,0.000,1064.255,1.000,0.324,4.108,0.706,0.625,0.653,0.177,0.823,0.857,0.350
1206,40.200,5.385,2.000,-5.795,-25.659,2,1,1,144.669,1.629,6,0,0.655,6,0.000,683.898,1.000,0.324,1.870,0.684,1.355,0.183,0.160,0.840,0.679,0.450
1209,40.300,4.472,23.770,-0.913,21.770,2,1,1,118.186,1.322,6,0,0.655,6,0.000,281.025,1.000,0.324,2.479,0.717,1.119,0.142,0.169,0.831,0.794,0.350
1212,40.400,3.162,11.402,-1.310,-12.368,2,1,1,104.785,1.245,6,0,0.690,6,0.000,260.950,1.000,0.311,1.484,0.810,1.401,0.252,0.161,0.839,0.694,0.700
1215,40.500,3.606,4.472,0.443,-6.930,2,1,1,104.695,1.405,6,0,0.690,6,64.070,313.197,1.000,0.311,2.371,0.915,1.447,0.126,0.173,0.827,0.670,0.700
1218,40.600,3.606,1.414,0.000,-3.058,2,1,1,102.956,1.111,6,0,0.690,6,61.008,298.947,1.000,0.311,1.651,0.912,1.737,0.068,0.160,0.840,0.647,0.700
1221,40.700,3.606,2.000,0.000,0.586,2,1,1,101.769,1.143,6,0,0.724,6,3.606,282.999,1.000,0.311,1.767,0.891,1.722,0.074,0.162,0.838,0.652,0.700
1224,40.800,2.236,1.414,-1.369,-0.586,2,1,1,104.547,0.937,5,1,0.724,6,1.414,274.599,1.000,0.298,0.979,0.884,2.825,0.126,0.131,0.869,0.625,0.750
1227,40.900,2.236,1.000,0.000,-0.414,2,1,1,103.247,1.021,5,0,0.724,6,64.382,343.938,1.000,0.298,1.084,0.904,2.702,0.052,0.138,0.862,0.626,0.700
1230,41.000,1.000,3.000,-1.236,2.000,2,1,1,100.090,0.852,5,0,0.759,6,59.000,289.894,1.000,0.298,0.669,0.786,2.614,0.807,0.114,0.886,0.628,0.700
1233,41.100,1.414,7.810,0.414,4.810,2,1,1,96.151,1.107,6,1,0.724,6,103.238,513.004,1.000,0.298,0.391,0.360,2.682,0.579,0.055,0.945,0.678,0.750
1236,41.200,1.414,8.062,0.000,0.252,2,1,1,90.554,1.089,6,0,0.724,6,66.483,705.529,1.000,0.298,0.609,0.874,2.586,2.638,0.117,0.883,0.649,0.700
1239,41.300,2.236,7.071,0.822,-0.991,2,1,1,84.054,1.163,6,0,0.759,6,53.151,788.688,1.000,0.298,1.057,0.761,2.576,1.740,0.146,0.854,0.662,0.700
1242,41.400,3.162,2.000,0.926,-5.071,2,1,1,83.815,1.131,5,1,0.759,6,48.010,736.725,1.000,0.298,1.232,0.714,2.422,0.158,0.142,0.858,0.648,0.750
1245,41.500,3.162,10.296,0.000,8.296,2,1,1,85.586,1.211,6,1,0.724,6,62.008,761.994,1.000,0.298,2.033,0.413,0.746,0.532,0.148,0.852,0.729,0.750
1248,41.600,3.606,5.831,0.443,-4.465,2,1,1,89.308,1.113,6,0,0.724,6,66.753,759.607,1.000,0.298,1.028,0.599,0.518,0.124,0.134,0.866,0.666,0.350
1251,41.700,11.314,11.402,7.708,5.571,2,1,1,93.606,1.213,6,0,0.724,6,63.781,780.418,1.000,0.298,1.687,0.867,0.081,1.134,0.153,0.847,0.695,0.350
1254,41.800,0.000,4.472,0.000,-6.930,1,0,1,0.000,1.108,6,0,0.724,4,63.008,729.194,1.000,0.311,1.143,0.865,0.107,0.049,0.142,0.858,0.533,0.650
1257,41.900,0.000,4.123,0.000,-0.349,1,0,1,0.000,1.110,6,0,0.759,4,64.382,713.625,1.000,0.311,1.714,0.894,0.300,0.791,0.157,0.843,0.543,0.350
1260,42.000,0.000,7.810,0.000,3.687,1,0,1,0.000,1.363,5,0,0.759,4,61.033,707.299,1.000,0.311,1.819,0.821,0.313,0.315,0.144,0.856,0.595,0.550
1263,42.100,0.000,5.000,0.000,-2.810,1,0,1,0.000,1.483,5,0,0.759,4,56.515,711.415,1.000,0.324,2.027,0.798,0.457,0.387,0.150,0.850,0.587,0.350
1266,42.200,0.000,6.083,0.000,1.083,1,0,1,0.000,1.168,5,0,0.759,4,5.000,647.875,1.000,0.324,0.531,0.538,0.456,0.263,0.099,0.901,0.573,0.350
1269,42.300,0.000,14.142,0.000,8.059,1,0,1,0.000,1.182,6,1,0.759,5,63.246,667.994,1.000,0.324,1.824,0.554,0.613,0.327,0.140,0.860,0.655,0.750
1272,42.400,22.204,15.264,10.890,1.122,2,1,1,89.443,1.391,6,0,0.793,6,0.000,711.199,1.000,0.324,1.391,0.541,0.536,0.082,0.126,0.874,0.770,0.650
1275,42.500,4.472,7.071,-17.731,-8.193,2,1,1,98.843,1.368,6,0,0.793,6,40.000,621.085,1.000,0.324,0.631,0.766,0.597,1.641,0.123,0.877,0.651,0.550
1278,42.600,6.708,5.831,2.236,-1.240,2,1,1,102.474,1.252,5,1,0.759,6,108.042,740.974,1.000,0.324,1.051,0.712,0.581,2.112,0.129,0.871,0.664,0.750
1281,42.700,6.403,11.662,-0.305,5.831,2,1,1,90.697,1.462,5,0,0.759,6,44.643,741.619,1.000,0.324,1.427,0.528,0.472,0.886,0.115,0.885,0.713,0.350
1284,42.800,4.243,3.606,-2.160,-8.056,2,1,1,86.608,1.458,5,0,0.793,6,98.326,848.038,1.000,0.324,0.868,0.906,0.395,1.906,0.137,0.863,0.632,0.550
1287,42.900,1.414,7.071,-2.828,3.466,2,1,1,95.000,1.771,5,0,0.793,6,50.220,732.927,1.000,0.324,0.761,0.967,0.379,0.237,0.123,0.877,0.641,0.350
1290,43.000,2.000,7.071,0.586,0.000,2,1,1,102.903,1.755,5,0,0.793,6,52.202,875.675,1.000,0.324,0.672,0.625,0.301,0.344,0.095,0.905,0.662,0.350
1293,43.100,2.236,13.153,0.236,6.082,2,1,1,111.647,1.869,5,0,0.793,6,139.230,1006.978,1.000,0.311,1.407,0.251,0.383,2.198,0.075,0.925,0.741,0.750
1296,43.200,1.414,4.123,-0.822,-9.030,2,1,1,109.179,1.910,5,0,0.793,6,35.228,1035.515,1.000,0.311,0.657,0.814,0.190,1.865,0.117,0.883,0.632,0.550
1299,43.300,3.606,10.198,2.191,6.075,2,1,1,99.765,1.663,5,0,0.793,6,53.075,1223.428,1.000,0.298,1.117,0.732,0.286,1.412,0.142,0.858,0.683,0.550
1302,43.400,3.000,2.828,-0.606,-7.370,2,1,1,98.489,1.902,5,0,0.793,6,119.000,1289.418,1.000,0.298,0.847,0.509,0.162,2.399,0.086,0.914,0.652,0.661
1305,43.500,4.123,7.211,1.123,4.383,2,1,1,92.439,1.898,7,1,0.759,6,0.000,1250.084,1.000,0.298,1.412,0.660,0.295,2.091,0.139,0.861,0.653,0.750
1308,43.600,2.236,9.434,-1.887,2.223,2,1,1,88.233,1.973,7,0,0.759,6,53.235,1113.699,1.000,0.298,1.037,0.794,0.311,0.130,0.133,0.867,0.647,0.350
1311,43.700,1.414,19.313,-0.822,9.879,2,1,1,104.995,1.620,7,0,0.793,6,0.000,898.719,1.000,0.298,1.218,0.804,0.473,0.164,0.116,0.884,0.706,0.350
1314,43.800,1.000,7.071,-0.414,-12.242,2,1,1,111.665,1.816,6,1,0.759,6,109.225,844.220,1.000,0.298,0.843,0.725,0.214,2.535,0.113,0.887,0.660,0.750
1317,43.900,2.000,8.544,1.000,1.473,2,1,1,102.303,1.874,6,0,0.759,6,44.385,739.569,1.000,0.298,0.463,0.299,0.432,0.550,0.070,0.930,0.688,0.480
1320,44.000,1.414,8.062,-0.586,-0.482,2,1,1,94.260,1.816,6,0,0.793,6,0.000,814.299,1.000,0.298,0.532,0.764,0.585,1.131,0.104,0.896,0.655,0.350
1323,44.100,0.000,6.403,0.000,-1.659,1,0,1,0.000,1.117,5,0,0.793,4,61.717,792.320,1.000,0.311,1.257,0.906,0.589,0.795,0.144,0.856,0.568,0.650
1326,44.200,0.000,6.325,0.000,-0.079,1,0,1,0.000,1.311,5,0,0.793,4,57.315,806.279,1.000,0.311,0.725,0.758,0.708,0.417,0.081,0.919,0.564,0.350
1329,44.300,11.402,4.472,9.988,-1.852,2,1,1,76.577,1.973,5,0,0.828,6,62.968,784.264,1.000,0.311,1.030,0.435,0.987,0.987,0.121,0.879,0.709,0.650
1332,44.400,9.434,2.236,-1.968,-2.236,2,1,1,87.966,2.033,5,0,0.862,6,36.235,599.350,1.000,0.311,0.875,0.744,0.914,2.439,0.137,0.863,0.672,0.550
1335,44.500,4.123,9.220,-5.311,6.983,2,1,1,82.620,1.710,5,0,0.862,6,98.311,627.519,1.000,0.311,1.775,0.902,0.793,0.238,0.149,0.851,0.682,0.546
1338,44.600,2.236,5.000,-1.887,-4.220,2,1,1,79.649,1.730,5,0,0.862,6,97.252,674.649,1.000,0.311,1.182,0.847,0.471,1.174,0.130,0.870,0.648,0.540
1341,44.700,2.236,18.358,0.000,13.358,2,1,1,96.830,1.886,7,1,0.828,6,49.254,632.929,1.000,0.311,1.110,0.762,0.557,0.517,0.132,0.868,0.701,0.750
1344,44.800,4.123,5.000,1.887,-13.358,2,1,1,96.333,1.914,6,1,0.793,6,0.000,567.234,1.000,0.311,0.524,0.731,0.344,0.636,0.099,0.901,0.640,0.750
1347,44.900,1.414,3.000,-2.709,-2.000,2,1,1,95.776,1.934,7,1,0.759,6,0.000,751.504,1.000,0.311,1.275,0.738,0.422,0.839,0.116,0.884,0.621,0.750
1350,45.000,5.000,8.062,3.586,5.062,2,1,1,98.494,1.993,7,0,0.759,6,0.000,707.170,1.000,0.311,1.043,0.461,0.251,1.396,0.061,0.939,0.663,0.550
1353,45.100,2.000,3.606,-3.000,-4.457,2,1,1,100.499,1.904,7,0,0.759,6,0.000,617.429,1.000,0.311,1.148,0.768,0.262,1.286,0.109,0.891,0.619,0.350
1356,45.200,1.000,1.000,-1.000,-2.606,2,1,1,100.499,1.897,7,0,0.793,6,0.000,795.685,1.000,0.298,0.559,0.646,0.115,2.671,0.098,0.902,0.599,0.580
1359,45.300,2.828,3.000,1.828,2.000,2,1,1,98.717,1.731,6,1,0.759,6,117.175,913.864,1.000,0.298,1.401,0.834,0.385,1.643,0.145,0.855,0.643,0.750
1362,45.400,2.236,15.033,-0.592,12.033,2,1,1,113.225,1.909,6,0,0.759,6,118.714,941.740,1.000,0.298,1.195,0.431,0.103,0.669,0.061,0.939,0.733,0.660
1365,45.500,3.162,8.062,0.926,-6.971,2,1,1,113.741,1.749,6,0,0.793,6,124.036,1039.519,1.000,0.298,1.113,0.825,0.273,2.684,0.131,0.869,0.665,0.689
1368,45.600,1.000,11.314,-2.162,3.251,2,1,1,111.212,1.737,6,1,0.759,6,48.083,1167.378,1.000,0.298,0.732,0.622,0.413,3.067,0.105,0.895,0.688,0.750
1371,45.700,7.280,8.944,6.280,-2.369,2,1,1,104.637,1.704,6,0,0.759,6,0.000,1140.679,1.000,0.298,1.641,0.880,0.247,2.776,0.136,0.864,0.679,0.550
1374,45.800,5.000,2.000,-2.280,-6.944,2,1,1,106.405,1.676,6,0,0.759,6,0.000,1159.294,1.000,0.298,1.016,0.898,0.630,0.818,0.114,0.886,0.640,0.350
1377,45.900,3.162,4.123,-1.838,2.123,2,1,1,105.646,1.877,5,1,0.724,6,48.703,912.808,1.000,0.298,1.072,0.852,0.589,0.659,0.135,0.865,0.640,0.750
1380,46.000,6.403,9.220,3.241,5.096,2,1,1,91.241,1.752,5,0,0.724,6,100.807,995.640,1.000,0.298,1.465,0.746,0.614,0.335,0.142,0.858,0.686,0.560
1383,46.100,1.414,0.000,-4.989,0.000,1,1,0,0.000,1.668,5,0,0.724,4,2.236,815.170,1.000,0.311,2.245,0.659,0.245,0.740,0.138,0.862,0.582,0.650
1386,46.200,0.000,0.000,0.000,0.000,0,0,0,0.000,0.000,6,1,0.690,0,2.236,815.170,0.967,0.311,0.986,0.393,0.509,0.170,0.116,0.884,0.283,0.750
1389,46.300,14.765,0.000,13.351,0.000,1,1,0,0.000,1.664,6,0,0.690,5,25.942,800.644,0.967,0.302,4.166,0.632,0.409,1.281,0.163,0.837,0.708,0.650
1392,46.400,13.601,31.906,-1.163,22.687,2,1,1,136.191,1.782,6,0,0.724,6,0.000,823.819,0.967,0.302,3.693,0.624,1.198,1.892,0.177,0.823,0.872,0.650
1395,46.500,13.601,37.736,0.000,5.830,2,1,1,168.834,1.717,5,1,0.690,6,0.000,755.508,0.967,0.302,5.856,0.686,1.559,0.150,0.180,0.820,0.954,0.750
1398,46.600,9.849,30.000,-3.753,-7.736,2,1,1,190.672,1.690,5,0,0.690,6,0.000,650.915,0.967,0.302,3.931,0.659,2.663,0.359,0.175,0.825,0.865,0.700
1401,46.700,14.560,40.025,4.711,10.025,2,1,1,196.860,1.440,5,0,0.724,6,0.000,678.780,0.967,0.302,5.876,0.702,3.174,2.808,0.183,0.817,0.966,0.700
1404,46.800,7.810,26.833,-6.750,-13.192,2,1,1,197.122,1.429,5,0,0.724,6,0.000,486.284,0.967,0.302,3.571,0.719,4.211,1.187,0.186,0.814,0.834,0.700
1407,46.900,10.630,25.020,2.820,-1.813,2,1,1,182.937,1.228,5,0,0.724,6,0.000,550.079,0.967,0.302,4.526,0.771,4.328,0.021,0.179,0.821,0.844,0.700
1410,47.000,7.071,15.000,-3.559,-10.020,2,1,1,174.977,0.951,5,0,0.724,6,61.465,557.027,0.967,0.302,2.748,0.840,5.175,0.012,0.164,0.836,0.739,0.700
1413,47.100,8.602,9.487,1.531,-5.513,2,1,1,176.173,0.969,5,0,0.724,6,142.762,631.459,0.967,0.302,2.308,0.816,5.880,0.269,0.162,0.838,0.699,0.750
1416,47.200,3.162,2.000,-5.440,-7.487,2,1,1,177.451,0.659,4,1,0.690,4,40.497,659.299,0.967,0.302,0.914,0.933,6.179,0.634,0.130,0.870,0.621,0.750
1419,47.300,7.280,3.000,4.118,1.000,2,1,1,175.308,0.716,4,0,0.690,4,44.777,681.528,0.967,0.311,1.001,0.931,5.490,0.124,0.124,0.876,0.646,0.700
1422,47.400,3.606,2.828,-3.675,-0.172,2,1,1,175.960,0.964,4,0,0.690,4,36.715,687.864,0.967,0.311,0.638,0.878,5.486,0.096,0.106,0.894,0.621,0.700
1425,47.500,2.236,2.000,-1.369,-0.828,2,1,1,174.542,0.953,5,1,0.655,4,30.610,683.604,0.967,0.324,0.369,0.152,5.450,0.331,0.054,0.946,0.621,0.750
1428,47.600,2.236,2.000,0.000,0.000,2,1,1,174.132,1.120,4,1,0.655,4,41.183,683.329,0.967,0.324,0.565,0.866,5.885,1.606,0.141,0.859,0.612,0.750
1431,47.700,1.000,7.211,-1.236,5.211,2,1,1,172.630,1.257,6,1,0.655,4,38.471,688.575,0.967,0.324,0.786,0.882,3.802,0.455,0.133,0.867,0.584,0.750
1434,47.800,2.000,4.243,1.000,-2.968,2,1,1,169.532,1.196,7,1,0.655,5,132.970,1063.259,0.967,0.336,0.618,0.743,3.769,0.368,0.110,0.890,0.582,0.750
1437,47.900,3.606,17.464,1.606,13.222,2,1,1,148.946,1.270,7,0,0.655,5,168.181,1611.469,0.967,0.336,0.973,0.432,1.313,0.596,0.108,0.892,0.686,0.750
1440,48.000,2.236,13.038,-1.369,-4.426,2,1,1,137.295,1.249,6,1,0.621,6,153.395,1725.250,0.967,0.336,0.874,0.654,0.743,0.575,0.130,0.870,0.694,0.750
1443,48.100,4.123,7.280,1.887,-5.758,2,1,1,133.701,1.213,6,0,0.621,6,0.000,1702.504,0.967,0.336,1.798,0.899,0.065,0.396,0.151,0.849,0.668,0.350
1446,48.200,4.472,5.099,0.349,-2.181,2,1,1,143.171,1.255,5,1,0.621,6,52.498,1684.124,0.967,0.336,0.798,0.883,0.153,0.446,0.135,0.865,0.632,0.750
1449,48.300,6.325,6.000,1.852,0.901,2,1,1,139.205,1.498,6,1,0.586,6,156.263,2055.849,0.967,0.336,0.903,0.836,0.534,0.275,0.135,0.865,0.645,0.750
1452,48.400,1.000,4.123,-5.325,-1.877,2,1,1,138.159,1.655,6,0,0.586,6,155.756,2184.835,0.967,0.324,0.656,0.826,0.720,0.448,0.115,0.885,0.628,0.750
1455,48.500,4.000,10.000,3.000,5.877,2,1,1,144.845,1.712,6,0,0.621,6,103.078,1471.984,0.967,0.324,1.199,0.596,0.984,0.984,0.141,0.859,0.690,0.573
1458,48.600,2.000,8.062,-2.000,-1.938,2,1,1,151.648,1.712,5,1,0.586,6,42.953,1466.135,0.967,0.311,1.360,0.721,1.142,0.144,0.148,0.852,0.674,0.750
1461,48.700,5.099,15.811,3.099,7.749,2,1,1,168.550,1.761,5,0,0.586,6,0.000,1464.314,0.967,0.311,1.915,0.838,1.312,0.181,0.160,0.840,0.723,0.350
1464,48.800,5.000,3.606,-0.099,-12.206,2,1,1,162.225,1.802,5,0,0.621,5,182.727,2014.269,0.967,0.311,1.023,0.875,1.202,0.465,0.132,0.868,0.638,0.750
1467,48.900,3.162,14.318,-1.838,10.712,2,1,1,151.169,1.950,5,0,0.621,6,0.000,1623.039,0.967,0.311,1.567,0.865,1.200,0.119,0.145,0.855,0.704,0.350
1470,49.000,3.162,2.236,0.000,-12.082,2,1,1,147.122,1.941,5,0,0.621,6,168.003,2062.414,0.967,0.311,0.836,0.901,1.121,0.580,0.135,0.865,0.621,0.750
1473,49.100,1.000,12.649,-2.162,10.413,2,1,1,155.081,1.919,5,0,0.655,5,170.461,2119.000,0.967,0.311,0.786,0.904,1.010,1.017,0.107,0.893,0.673,0.750
1476,49.200,1.414,1.000,0.414,-11.649,2,1,1,154.871,1.861,4,1,0.621,4,38.079,2155.374,1.000,0.311,0.863,0.798,0.896,1.704,0.135,0.865,0.624,0.750
1479,49.300,4.123,7.071,2.709,6.071,2,1,1,150.479,1.793,5,1,0.586,6,108.503,2123.388,1.000,0.311,1.162,0.828,0.880,0.128,0.139,0.861,0.660,0.750
1482,49.400,3.606,2.236,-0.518,-4.835,2,1,1,147.628,1.947,4,1,0.586,4,43.863,2141.318,1.000,0.311,0.432,0.268,0.724,2.246,0.074,0.926,0.662,0.750
1485,49.500,3.162,8.000,-0.443,5.764,2,1,1,153.935,2.085,6,1,0.552,6,129.244,1842.190,1.000,0.311,1.069,0.824,0.645,2.911,0.134,0.866,0.663,0.750
1488,49.600,3.162,10.440,0.000,2.440,2,1,1,167.431,1.833,6,0,0.552,6,179.011,1936.087,1.000,0.311,0.749,0.885,0.527,1.178,0.110,0.890,0.665,0.750
1491,49.700,3.162,11.314,0.000,0.873,2,1,1,174.897,1.909,6,0,0.552,6,197.223,2160.534,1.000,0.311,1.031,0.908,0.509,0.204,0.117,0.883,0.675,0.750
1494,49.800,2.000,5.385,-1.162,-5.929,2,1,1,172.812,1.985,6,0,0.552,6,190.602,2751.344,1.000,0.311,0.618,0.334,0.385,2.374,0.063,0.937,0.672,0.750
1497,49.900,2.000,19.026,0.000,13.641,2,1,1,166.979,1.632,6,0,0.552,6,180.712,3079.369,1.000,0.311,1.119,0.535,0.283,2.852,0.117,0.883,0.746,0.750
1500,50.000,4.123,5.831,2.123,-13.195,2,1,1,159.201,1.761,6,0,0.552,6,189.842,3458.857,1.000,0.311,1.001,0.824,0.023,0.284,0.143,0.857,0.650,0.750
1503,50.100,4.472,7.071,0.349,1.240,2,1,1,155.901,1.997,6,0,0.586,6,162.250,3315.097,1.000,0.311,1.311,0.890,0.157,1.765,0.142,0.858,0.660,0.750
1506,50.200,6.708,8.485,2.236,1.414,2,1,1,145.602,1.960,6,0,0.586,6,175.114,3144.675,1.000,0.311,1.288,0.854,0.396,0.560,0.141,0.859,0.670,0.750
1509,50.300,2.236,3.606,-4.472,-4.880,2,1,1,149.345,1.962,5,1,0.552,6,62.482,3127.869,1.000,0.311,0.768,0.896,0.063,0.949,0.116,0.884,0.627,0.750
1512,50.400,2.828,4.472,0.592,0.867,2,1,1,151.222,2.315,7,1,0.552,6,119.269,2273.110,1.000,0.298,0.625,0.752,0.019,0.773,0.114,0.886,0.612,0.750
1515,50.500,4.243,17.117,1.414,12.645,2,1,1,171.735,2.315,7,0,0.586,6,186.625,2311.630,1.000,0.298,1.583,0.772,0.264,1.964,0.142,0.858,0.705,0.750
1518,50.600,3.162,2.236,-1.080,-14.881,2,1,1,168.238,2.297,7,0,0.621,6,148.627,2210.128,1.000,0.298,0.665,0.548,0.239,0.865,0.093,0.907,0.620,0.750
1521,50.700,3.606,8.246,0.443,6.010,2,1,1,166.760,2.656,6,1,0.621,6,174.040,2227.588,1.000,0.298,1.157,0.668,0.306,0.244,0.125,0.875,0.678,0.750
1524,50.800,3.606,4.000,0.000,-4.246,2,1,1,160.162,2.822,6,0,0.621,6,169.544,2676.464,1.000,0.298,1.002,0.871,0.271,0.703,0.148,0.852,0.636,0.750
1527,50.900,1.414,3.606,-2.191,-0.394,2,1,1,157.191,2.678,6,0,0.655,6,172.047,2913.968,1.000,0.298,1.058,0.910,0.411,0.575,0.138,0.862,0.633,0.750
1530,51.000,2.236,6.325,0.822,2.719,2,1,1,152.427,2.718,5,0,0.655,6,123.483,2510.265,1.000,0.298,0.581,0.841,0.184,2.198,0.107,0.893,0.641,0.686
1533,51.100,3.162,2.236,0.926,-4.088,2,1,1,154.042,2.700,5,0,0.690,5,167.720,2802.249,1.000,0.311,0.938,0.840,0.298,0.776,0.125,0.875,0.632,0.750
1536,51.200,2.236,14.036,-0.926,11.800,2,1,1,167.335,2.642,5,0,0.724,5,191.951,3040.344,1.000,0.311,0.833,0.851,0.105,0.063,0.126,0.874,0.689,0.750
1539,51.300,2.828,5.000,0.592,-9.036,2,1,1,173.925,2.486,7,1,0.690,6,133.881,2865.339,1.000,0.311,0.665,0.848,0.186,0.512,0.109,0.891,0.609,0.750
1542,51.400,1.000,12.806,-1.828,7.806,2,1,1,163.049,2.446,7,0,0.690,6,186.261,2680.244,1.000,0.311,0.846,0.715,0.120,1.735,0.114,0.886,0.666,0.750
1545,51.500,3.162,6.325,2.162,-6.482,2,1,1,159.364,2.242,7,0,0.724,6,180.361,2992.624,1.000,0.311,0.788,0.758,0.259,0.025,0.119,0.881,0.626,0.750
1548,51.600,1.000,4.000,-2.162,-2.325,2,1,1,161.400,1.890,5,1,0.690,5,124.064,2744.194,1.000,0.311,0.558,0.706,0.264,2.428,0.097,0.903,0.637,0.750
1551,51.700,2.828,10.630,1.828,6.630,2,1,1,169.189,1.963,5,0,0.690,5,202.608,2816.225,1.000,0.311,0.993,0.834,0.397,0.818,0.135,0.865,0.675,0.750
1554,51.800,2.828,12.166,0.000,1.535,2,1,1,176.411,2.004,5,0,0.690,5,201.854,3384.530,1.000,0.311,0.648,0.500,0.429,1.311,0.084,0.916,0.699,0.750
1557,51.900,2.236,15.524,-0.592,3.359,2,1,1,180.679,1.946,6,1,0.655,6,209.755,3858.757,1.000,0.311,0.917,0.901,0.389,0.354,0.122,0.878,0.696,0.750
1560,52.000,7.071,3.000,4.835,-12.524,2,1,1,175.317,2.004,6,0,0.655,6,205.529,4085.358,1.000,0.311,1.041,0.950,0.114,1.468,0.152,0.848,0.649,0.750
1563,52.100,5.099,8.062,-1.972,5.062,2,1,1,173.968,2.037,6,0,0.690,6,170.309,4092.899,1.000,0.311,1.246,0.922,0.383,1.584,0.147,0.853,0.661,0.750
1566,52.200,3.000,10.770,-2.099,2.708,2,1,1,164.924,2.110,6,0,0.724,6,134.406,4154.430,1.000,0.311,0.545,0.275,0.222,2.823,0.080,0.920,0.704,0.747
1569,52.300,1.414,7.071,-1.586,-3.699,2,1,1,159.700,2.249,6,0,0.759,6,192.065,3585.767,1.000,0.311,0.855,0.780,0.416,2.033,0.098,0.902,0.656,0.750
1572,52.400,0.000,3.162,-1.414,-3.909,2,1,1,156.544,2.524,6,0,0.793,6,114.843,2962.590,1.000,0.311,0.482,0.546,0.419,0.335,0.088,0.912,0.641,0.638
1575,52.500,0.000,2.000,0.000,-1.162,2,1,1,155.801,2.552,6,1,0.759,6,41.437,2192.204,1.000,0.311,0.301,0.437,0.771,1.287,0.052,0.948,0.638,0.750
1578,52.600,2.236,1.000,2.236,-1.000,2,1,1,153.212,2.434,6,0,0.759,6,47.170,1668.394,1.000,0.311,0.300,0.477,0.672,0.892,0.052,0.948,0.637,0.350
1581,52.700,1.000,5.000,-1.236,4.000,2,1,1,152.434,2.591,6,0,0.759,6,45.541,1354.510,1.000,0.311,0.274,0.584,0.882,1.026,0.040,0.960,0.644,0.350
1584,52.800,1.000,2.828,0.000,-2.172,2,1,1,154.003,2.342,6,0,0.759,6,37.577,497.174,1.000,0.298,0.313,0.294,0.960,0.342,0.063,0.937,0.653,0.350
1587,52.900,2.828,7.810,1.828,4.982,2,1,1,155.769,2.381,7,1,0.724,6,155.261,785.088,1.000,0.298,0.513,0.791,1.068,0.082,0.091,0.909,0.625,0.750
1590,53.000,1.414,4.123,-1.414,-3.687,2,1,1,160.590,2.421,7,0,0.724,6,123.762,1090.424,1.000,0.298,0.313,0.437,1.087,1.544,0.058,0.942,0.624,0.688
1593,53.100,2.828,1.414,1.414,-2.709,2,1,1,158.862,2.578,6,1,0.690,6,45.618,1073.259,1.000,0.298,0.574,0.884,1.139,0.157,0.116,0.884,0.618,0.750
1596,53.200,1.000,10.000,-1.828,8.586,2,1,1,150.153,2.541,7,1,0.690,6,108.669,1296.850,1.000,0.298,0.684,0.881,0.968,0.946,0.115,0.885,0.635,0.750
1599,53.300,2.828,8.246,1.828,-1.754,2,1,1,144.368,2.290,7,0,0.724,6,102.357,971.344,1.000,0.298,1.058,0.907,1.043,0.154,0.134,0.866,0.633,0.569
1602,53.400,2.000,10.000,-0.828,1.754,2,1,1,153.525,2.102,7,0,0.724,6,176.162,1339.454,1.000,0.298,1.065,0.862,0.890,0.290,0.121,0.879,0.646,0.750
1605,53.500,2.000,10.198,0.000,0.198,2,1,1,163.248,1.767,7,0,0.724,6,101.607,1455.690,1.000,0.298,0.712,0.888,0.954,0.592,0.125,0.875,0.637,0.564
1608,53.600,1.000,5.000,-1.000,-5.198,2,1,1,159.355,1.767,7,0,0.759,6,155.284,1700.979,1.000,0.298,0.419,0.562,1.261,0.618,0.076,0.924,0.623,0.750
1611,53.700,2.000,9.000,1.000,4.000,2,1,1,148.678,1.865,7,0,0.759,6,91.662,1631.219,1.000,0.298,1.206,0.895,1.614,1.621,0.122,0.878,0.642,0.700
1614,53.800,1.414,1.000,-0.586,-8.000,2,1,1,147.709,1.571,7,0,0.759,6,166.868,1512.349,1.000,0.298,0.509,0.193,1.176,0.052,0.050,0.950,0.631,0.750
1617,53.900,1.000,12.649,-0.414,11.649,2,1,1,154.003,1.316,7,0,0.759,6,130.943,1666.715,1.000,0.298,0.763,0.788,1.268,0.577,0.098,0.902,0.658,0.727
1620,54.000,2.000,4.472,1.000,-8.177,2,1,1,155.322,1.374,5,1,0.724,5,128.004,1913.469,1.000,0.311,0.488,0.769,0.942,1.266,0.099,0.901,0.633,0.750
1623,54.100,7.280,5.000,5.280,0.528,2,1,1,149.603,1.507,5,0,0.724,6,44.011,1602.644,1.000,0.311,1.856,0.932,0.694,0.024,0.153,0.847,0.672,0.350
1626,54.200,4.472,2.236,-2.808,-2.764,2,1,1,154.324,1.582,5,0,0.759,6,33.106,1615.099,1.000,0.311,1.700,0.907,0.069,0.043,0.151,0.849,0.654,0.350
1629,54.300,6.708,1.414,2.236,-0.822,2,1,1,148.960,1.779,5,0,0.759,6,0.000,1574.838,1.000,0.311,1.509,0.941,0.405,0.157,0.136,0.864,0.659,0.350
1632,54.400,1.000,3.162,-5.708,1.748,2,1,1,149.893,1.837,5,0,0.759,4,42.379,1554.998,1.000,0.311,0.587,0.753,0.729,1.550,0.099,0.901,0.594,0.550
1635,54.500,5.099,3.162,4.099,0.000,2,1,1,153.101,1.665,5,0,0.793,6,0.000,1005.034,1.000,0.311,2.280,0.878,0.824,1.266,0.161,0.839,0.674,0.350
1638,54.600,3.000,1.414,-2.099,-1.748,2,1,1,153.574,1.592,7,1,0.759,6,178.466,1351.390,1.000,0.311,0.700,0.856,1.332,0.816,0.116,0.884,0.599,0.750
1641,54.700,0.000,3.162,-3.000,1.748,2,1,1,155.618,1.707,7,0,0.759,6,96.426,1226.484,1.000,0.311,0.524,0.446,1.356,0.244,0.083,0.917,0.624,0.536
1644,54.800,1.414,4.000,1.414,0.838,2,1,1,153.235,1.468,7,0,0.793,6,173.968,1810.939,1.000,0.311,0.628,0.503,1.464,0.182,0.101,0.899,0.627,0.750
1647,54.900,1.000,11.180,-0.414,7.180,2,1,1,145.839,1.477,7,0,0.793,6,170.097,2288.148,1.000,0.311,1.127,0.505,1.183,2.930,0.127,0.873,0.679,0.750
1650,55.000,1.414,6.708,0.414,-4.472,2,1,1,140.456,1.419,7,0,0.793,6,109.772,1877.358,1.000,0.311,0.915,0.655,1.125,0.207,0.128,0.872,0.639,0.610
1653,55.100,2.236,10.198,0.822,3.490,2,1,1,141.481,1.426,7,0,0.793,6,131.183,2006.014,1.000,0.311,1.124,0.788,1.305,2.562,0.130,0.870,0.654,0.729
1656,55.200,2.000,16.125,-0.236,5.926,2,1,1,159.101,1.605,7,0,0.793,6,181.648,2037.580,1.000,0.311,0.780,0.445,1.944,2.123,0.079,0.921,0.702,0.750
1659,55.300,5.831,9.899,3.831,-6.225,2,1,1,164.210,1.361,7,0,0.793,6,95.755,1616.169,1.000,0.311,1.737,0.777,1.410,0.070,0.146,0.854,0.668,0.700
1662,55.400,0.000,10.050,-5.831,0.150,2,1,1,160.056,1.334,7,0,0.828,6,192.317,2093.078,1.000,0.298,0.664,0.875,1.796,0.589,0.095,0.905,0.635,0.750
1665,55.500,1.000,5.000,1.000,-5.050,2,1,1,157.003,1.263,7,0,0.828,6,192.603,2448.854,1.000,0.298,0.870,0.687,1.699,0.594,0.104,0.896,0.626,0.750
1668,55.600,1.000,7.071,0.000,2.071,2,1,1,154.003,1.241,7,0,0.828,6,116.056,2052.210,1.000,0.298,0.629,0.729,1.797,0.572,0.099,0.901,0.628,0.700
1671,55.700,2.000,7.071,1.000,0.000,2,1,1,148.408,1.183,7,0,0.828,6,166.012,2434.989,1.000,0.298,1.009,0.879,0.813,1.093,0.135,0.865,0.627,0.750
1674,55.800,2.236,4.243,0.236,-2.828,2,1,1,146.779,1.218,6,1,0.828,6,163.982,2802.834,1.000,0.298,0.704,0.921,0.421,0.006,0.119,0.881,0.627,0.750
1677,55.900,1.414,9.487,-0.822,5.244,2,1,1,146.164,1.273,6,0,0.828,6,115.551,2373.189,1.000,0.298,1.144,0.933,0.129,1.090,0.136,0.864,0.666,0.642
1680,56.000,3.162,13.454,1.748,3.967,2,1,1,152.082,1.273,6,0,0.862,6,183.393,2301.675,1.000,0.298,0.511,0.280,0.198,0.380,0.063,0.937,0.718,0.750
1683,56.100,2.000,7.211,-1.162,-6.243,2,1,1,156.924,1.309,6,0,0.897,6,203.002,2764.327,1.000,0.298,0.665,0.866,0.283,2.571,0.108,0.892,0.646,0.750
1686,56.200,1.000,2.000,-1.000,-5.211,2,1,1,158.398,1.346,6,0,0.897,6,158.433,2684.097,1.000,0.298,0.387,0.625,0.305,0.712,0.072,0.928,0.627,0.750
1689,56.300,5.099,14.560,4.099,12.560,2,1,1,141.676,1.546,6,0,0.897,6,139.989,2575.209,1.000,0.298,1.014,0.875,0.298,1.727,0.140,0.860,0.695,0.750
1692,56.400,2.000,5.000,-3.099,-9.560,2,1,1,138.842,1.718,7,1,0.862,6,95.336,2461.929,1.000,0.298,0.366,0.391,0.197,1.659,0.066,0.934,0.634,0.750
1695,56.500,1.414,6.083,-0.586,1.083,2,1,1,134.766,2.012,7,0,0.862,6,154.506,2280.915,1.000,0.298,0.529,0.856,0.294,1.425,0.090,0.910,0.611,0.750
1698,56.600,1.414,8.246,0.000,2.163,2,1,1,141.209,2.070,7,0,0.862,6,105.304,1413.125,1.000,0.298,0.520,0.892,0.367,0.779,0.100,0.900,0.621,0.585
1701,56.700,2.000,11.045,0.586,2.799,2,1,1,154.019,2.128,7,0,0.862,6,191.638,1709.494,1.000,0.298,0.472,0.429,0.545,2.388,0.061,0.939,0.667,0.750
1704,56.800,2.828,9.055,0.828,-1.990,2,1,1,160.562,2.365,7,0,0.862,6,200.504,2322.597,1.000,0.298,0.823,0.899,0.527,0.758,0.137,0.863,0.632,0.750
1707,56.900,1.414,2.236,-1.414,-6.819,2,1,1,163.025,2.209,6,1,0.862,6,56.080,1971.627,1.000,0.298,0.845,0.873,0.781,0.027,0.131,0.869,0.622,0.750
1710,57.000,2.236,13.153,0.822,10.917,2,1,1,152.555,2.053,6,1,0.828,6,91.788,2103.794,1.000,0.298,1.197,0.910,0.740,0.408,0.129,0.871,0.689,0.750
1713,57.100,4.123,15.652,1.887,2.500,2,1,1,138.885,1.854,6,0,0.828,6,31.765,1986.519,1.000,0.298,1.537,0.900,0.776,0.106,0.137,0.863,0.712,0.350
1716,57.200,2.000,5.000,-2.123,-10.652,2,1,1,139.140,1.712,5,1,0.793,6,33.242,1982.390,1.000,0.298,0.308,0.289,0.532,0.937,0.052,0.948,0.665,0.750
1719,57.300,1.414,8.000,-0.586,3.000,2,1,1,136.125,1.712,6,1,0.759,6,145.523,1660.904,1.000,0.298,0.534,0.896,0.567,1.909,0.089,0.911,0.645,0.750
1722,57.400,2.000,6.403,0.586,-1.597,2,1,1,134.406,1.811,6,0,0.759,6,104.389,1037.764,1.000,0.298,0.301,0.379,0.493,1.415,0.047,0.953,0.667,0.580
1725,57.500,1.000,15.000,-1.000,8.597,2,1,1,143.391,1.712,6,0,0.793,6,174.324,1551.544,1.000,0.298,0.788,0.933,0.708,0.971,0.110,0.890,0.688,0.750
1728,57.600,1.000,11.180,0.000,-3.820,2,1,1,153.574,1.562,6,0,0.793,6,187.723,2034.537,1.000,0.298,0.762,0.768,0.596,0.916,0.102,0.898,0.677,0.750
1731,57.700,5.385,7.211,4.385,-3.969,2,1,1,163.487,1.541,6,0,0.793,6,35.114,2051.119,1.000,0.298,1.409,0.859,0.565,0.045,0.140,0.860,0.665,0.350
1734,57.800,2.236,5.657,-3.149,-1.554,2,1,1,161.941,1.556,6,0,0.793,6,145.798,2054.714,1.000,0.298,0.996,0.883,0.306,0.497,0.121,0.879,0.644,0.750
1737,57.900,1.414,18.358,-0.822,12.701,2,1,1,157.696,1.551,6,0,0.793,6,174.751,2437.849,1.000,0.298,1.024,0.608,0.394,1.121,0.114,0.886,0.735,0.750
1740,58.000,1.000,7.071,-0.414,-11.286,2,1,1,153.379,1.527,6,0,0.793,6,128.445,2159.855,1.000,0.298,0.825,0.821,0.094,0.371,0.119,0.881,0.652,0.714
1743,58.100,0.000,3.606,-1.000,-3.466,2,1,1,154.402,1.583,6,0,0.793,6,110.941,1746.739,1.000,0.298,0.944,0.840,0.040,0.672,0.130,0.870,0.635,0.616
1746,58.200,1.414,14.036,1.414,10.430,2,1,1,168.834,1.416,6,0,0.793,6,182.000,2205.810,1.000,0.298,0.709,0.516,0.241,0.187,0.068,0.932,0.710,0.750
1749,58.300,2.236,17.205,0.822,3.169,2,1,1,182.165,1.155,6,0,0.793,6,195.778,2535.267,1.000,0.298,1.162,0.757,0.340,0.087,0.129,0.871,0.722,0.750
1752,58.400,0.000,5.831,-2.236,-11.374,2,1,1,183.439,1.345,6,0,0.793,6,109.731,2207.284,1.000,0.298,0.376,0.285,0.877,0.436,0.072,0.928,0.672,0.610
1755,58.500,1.000,11.402,1.000,5.571,2,1,1,173.761,1.475,6,0,0.793,6,197.023,2594.149,1.000,0.298,0.534,0.522,0.679,0.634,0.067,0.933,0.690,0.750
1758,58.600,0.000,14.142,-1.000,2.740,2,1,1,160.963,1.618,6,0,0.793,6,180.155,2946.569,1.000,0.298,0.731,0.751,0.354,1.239,0.104,0.896,0.694,0.750
1761,58.700,4.243,8.544,4.243,-5.598,2,1,1,150.546,1.803,6,0,0.828,6,35.777,2510.795,1.000,0.298,1.535,0.928,0.064,0.298,0.145,0.855,0.671,0.350
1764,58.800,2.236,2.828,-2.007,-5.716,2,1,1,147.719,1.255,6,1,0.793,6,37.590,1881.450,1.000,0.298,1.051,0.954,0.312,0.201,0.137,0.863,0.625,0.750
1767,58.900,2.000,18.439,-0.236,15.611,2,1,1,164.174,1.154,7,1,0.759,6,40.249,1879.425,1.000,0.298,1.462,0.859,0.440,0.070,0.134,0.866,0.703,0.750
1770,59.000,3.162,9.434,1.162,-9.005,2,1,1,168.908,1.194,7,0,0.759,6,174.863,1542.439,1.000,0.298,0.930,0.671,0.835,0.797,0.114,0.886,0.653,0.750
1773,59.100,3.162,15.232,0.000,5.798,2,1,1,161.245,1.282,7,1,0.724,6,149.723,1336.034,1.000,0.298,0.964,0.873,0.813,1.839,0.140,0.860,0.672,0.750
1776,59.200,2.236,11.662,-0.926,-3.570,2,1,1,162.926,1.349,7,0,0.724,6,135.059,1666.569,1.000,0.298,0.945,0.785,0.832,1.456,0.127,0.873,0.658,0.750
1779,59.300,4.472,24.187,2.236,12.525,2,1,1,189.763,1.312,7,0,0.759,6,0.000,1660.500,1.000,0.298,3.309,0.791,0.495,0.458,0.156,0.844,0.786,0.350
1782,59.400,10.000,20.248,5.528,-3.938,2,1,1,215.713,1.275,6,0,0.759,6,0.000,1715.675,1.000,0.298,2.938,0.749,0.912,0.105,0.153,0.847,0.784,0.350
1785,59.500,37.656,13.153,27.656,-7.096,2,1,1,254.804,1.311,6,0,0.759,6,0.000,1369.514,1.000,0.298,5.335,0.592,1.167,0.184,0.171,0.829,0.951,0.450
1788,59.600,31.828,14.560,-5.829,1.407,2,1,1,256.628,1.507,6,0,0.759,6,27.803,1121.588,1.000,0.298,3.993,0.667,1.980,0.113,0.177,0.823,0.880,0.700
1791,59.700,38.897,23.854,7.070,9.294,2,1,1,268.030,1.330,5,1,0.724,6,0.000,826.557,1.000,0.298,6.534,0.681,2.531,0.001,0.184,0.816,0.982,0.750
1794,59.800,20.616,9.849,-18.282,-14.005,2,1,1,278.514,1.196,5,0,0.759,6,0.000,819.048,1.000,0.298,4.267,0.656,3.735,0.092,0.177,0.823,0.825,0.700
1797,59.900,10.770,5.385,-9.845,-4.464,2,1,1,270.668,1.080,5,0,0.793,6,0.000,849.178,1.000,0.298,6.593,0.757,4.188,0.086,0.192,0.808,0.822,0.700
1800,60.000,12.207,5.385,1.436,0.000,2,1,1,265.181,0.867,4,0,0.793,4,0.000,525.704,1.000,0.311,3.946,0.772,5.140,0.014,0.202,0.798,0.762,0.700
1803,60.100,6.325,1.414,-5.882,-3.971,2,1,1,260.110,0.773,4,0,0.828,4,0.000,489.899,1.000,0.311,3.373,0.737,5.940,0.044,0.173,0.827,0.718,0.700
1806,60.200,1.414,2.000,-4.910,0.586,2,1,1,261.199,0.842,4,0,0.862,2,21.471,402.634,1.000,0.324,1.276,0.647,7.763,0.365,0.139,0.861,0.558,0.700
1809,60.300,1.000,4.000,-0.414,2.000,2,1,1,261.503,0.844,5,1,0.828,6,0.000,250.329,1.000,0.324,1.323,0.661,6.766,0.233,0.143,0.857,0.659,0.750
1812,60.400,1.000,6.083,0.000,2.083,2,1,1,255.539,0.767,4,1,0.793,6,21.932,107.579,1.000,0.324,0.692,0.402,6.857,0.616,0.121,0.879,0.673,0.750
1815,60.500,2.236,11.180,1.236,5.098,2,1,1,242.739,0.900,5,1,0.759,6,219.276,1127.567,1.000,0.324,0.839,0.237,6.629,0.194,0.109,0.891,0.716,0.750
1818,60.600,1.414,6.403,-0.822,-4.777,2,1,1,240.277,1.122,5,0,0.759,6,222.506,2080.069,1.000,0.324,0.542,0.179,6.641,0.886,0.086,0.914,0.687,0.750
1821,60.700,2.828,9.220,1.414,2.816,2,1,1,231.698,1.185,5,0,0.759,6,208.291,2804.904,1.000,0.324,1.221,0.579,6.605,0.052,0.144,0.856,0.691,0.750
1824,60.800,1.000,8.944,-1.828,-0.275,2,1,1,224.288,1.451,5,0,0.759,6,205.088,3438.914,1.000,0.324,0.751,0.901,7.268,1.852,0.147,0.853,0.655,0.750
1827,60.900,3.162,6.325,2.162,-2.620,2,1,1,230.098,1.455,4,1,0.724,5,213.002,4068.094,1.000,0.324,1.804,0.931,2.743,0.292,0.161,0.839,0.665,0.750
1830,61.000,3.606,8.246,0.443,1.922,2,1,1,225.730,1.234,4,0,0.724,5,212.085,4545.938,1.000,0.324,1.567,0.941,2.001,0.034,0.154,0.846,0.669,0.750
1833,61.100,2.828,6.083,-0.777,-2.163,2,1,1,222.272,1.160,4,0,0.724,6,111.072,4391.065,1.000,0.324,2.310,0.939,0.816,0.100,0.169,0.831,0.676,0.617
1836,61.200,1.000,11.402,-1.828,5.319,2,1,1,211.021,1.455,5,1,0.690,6,150.000,4411.859,1.000,0.311,0.782,0.813,0.521,0.162,0.152,0.848,0.676,0.750
1839,61.300,24.515,7.211,23.515,-4.191,2,1,1,189.391,1.342,5,0,0.690,6,85.000,3827.399,1.000,0.311,1.035,0.914,0.019,2.752,0.123,0.877,0.748,0.550
1842,61.400,26.401,9.220,1.885,2.008,2,1,1,172.838,1.191,5,0,0.690,6,81.437,3166.168,1.000,0.311,1.645,0.937,0.243,0.299,0.155,0.845,0.772,0.350
1845,61.500,23.854,15.232,-2.547,6.012,2,1,1,166.301,1.049,3,1,0.655,4,0.000,2677.584,1.000,0.311,1.425,0.762,0.578,0.777,0.127,0.873,0.665,0.750
1848,61.600,13.601,9.220,-10.252,-6.012,2,1,1,161.078,1.158,3,0,0.655,4,13.601,2611.645,1.000,0.311,1.271,0.582,0.795,0.825,0.163,0.837,0.617,0.350
1851,61.700,14.142,1.000,0.541,-8.220,2,1,1,147.014,1.168,3,0,0.690,4,0.000,2040.554,1.000,0.324,2.829,0.570,0.997,2.698,0.171,0.829,0.659,0.550
1854,61.800,8.544,10.770,-5.598,9.770,2,1,1,140.129,1.110,5,1,0.690,6,79.706,1083.225,1.000,0.324,2.383,0.628,0.926,0.021,0.163,0.837,0.725,0.750
1857,61.900,10.000,10.000,1.456,-0.770,2,1,1,141.718,1.264,5,0,0.690,6,71.169,964.408,1.000,0.324,3.177,0.685,0.908,0.860,0.172,0.828,0.737,0.350
1860,62.000,3.606,5.099,-6.394,-4.901,2,1,1,144.184,1.503,5,0,0.724,6,75.802,795.069,1.000,0.324,1.301,0.781,0.773,0.495,0.148,0.852,0.656,0.350
1863,62.100,2.236,13.601,-1.369,8.502,2,1,1,155.708,1.293,4,0,0.724,4,0.000,739.289,1.000,0.324,1.403,0.723,0.752,0.498,0.149,0.851,0.710,0.550
1866,62.200,1.414,15.133,-0.822,1.531,2,1,1,162.542,1.260,4,0,0.724,4,120.553,914.678,1.000,0.324,0.883,0.521,0.697,0.581,0.098,0.902,0.720,0.670
1869,62.300,3.162,8.000,1.748,-7.133,2,1,1,157.487,1.395,4,0,0.724,4,123.033,873.438,1.000,0.324,1.145,0.384,0.724,0.559,0.124,0.876,0.696,0.684
1872,62.400,4.472,8.062,1.310,0.062,2,1,1,155.939,1.368,4,0,0.724,4,155.939,1193.294,1.000,0.336,0.718,0.437,0.601,1.764,0.098,0.902,0.682,0.750
1875,62.500,7.071,2.236,2.599,-5.826,2,1,1,148.223,1.424,4,0,0.724,4,0.000,1201.654,1.000,0.336,2.526,0.839,0.594,0.349,0.172,0.828,0.694,0.350
1878,62.600,5.657,2.000,-1.414,-0.236,2,1,1,145.279,1.176,3,1,0.724,2,5.657,1205.719,1.000,0.347,1.406,0.822,0.463,0.071,0.154,0.846,0.599,0.750
1881,62.700,6.325,5.000,0.668,3.000,2,1,1,143.837,1.187,5,1,0.690,4,25.807,1123.204,1.000,0.347,1.765,0.780,0.445,0.021,0.159,0.841,0.639,0.750
1884,62.800,1.000,5.000,-5.325,0.000,2,1,1,149.683,1.336,4,1,0.655,4,31.385,1085.150,1.000,0.347,0.734,0.756,0.254,0.894,0.123,0.877,0.643,0.750
1887,62.900,13.416,8.062,12.416,3.062,2,1,1,170.511,1.214,5,1,0.621,6,105.603,1175.688,1.000,0.347,0.912,0.361,0.145,1.465,0.105,0.895,0.722,0.750
1890,63.000,17.000,7.000,3.584,-1.062,2,1,1,193.830,1.035,4,0,0.621,4,129.244,1283.905,1.000,0.347,0.945,0.693,0.054,1.416,0.098,0.902,0.720,0.718
1893,63.100,19.105,6.325,2.105,-0.675,2,1,1,217.525,0.990,4,0,0.621,4,156.732,1369.169,1.000,0.347,1.089,0.762,0.265,0.447,0.132,0.868,0.730,0.750
1896,63.200,8.062,2.236,-11.043,-4.088,2,1,1,223.090,0.944,4,0,0.655,3,24.166,1512.565,1.000,0.358,0.737,0.871,0.681,0.219,0.113,0.887,0.607,0.350
1899,63.300,11.314,5.000,3.251,2.764,2,1,1,227.407,0.741,5,0,0.690,6,176.241,1548.884,1.000,0.358,1.033,0.791,0.118,0.855,0.140,0.860,0.683,0.750
1902,63.400,4.123,2.236,-7.191,-2.764,2,1,1,230.521,0.692,5,0,0.724,5,230.521,2239.075,1.000,0.358,0.470,0.379,0.133,0.606,0.051,0.949,0.658,0.750
1905,63.500,5.000,12.530,0.877,10.294,2,1,1,215.741,0.996,5,0,0.724,5,215.741,2745.219,1.000,0.358,0.771,0.263,0.566,1.972,0.066,0.934,0.720,0.750
1908,63.600,6.083,5.000,1.083,-7.530,2,1,1,205.543,0.728,5,0,0.724,6,205.548,3155.459,1.000,0.347,1.336,0.791,0.671,0.926,0.122,0.878,0.662,0.750
1911,63.700,8.544,8.062,2.461,3.062,2,1,1,189.552,0.679,5,0,0.724,6,201.318,3458.120,1.000,0.347,1.397,0.713,0.810,1.093,0.137,0.863,0.682,0.750
1914,63.800,11.045,6.708,2.501,-1.354,2,1,1,172.456,0.670,5,0,0.759,6,127.098,3337.957,1.000,0.336,0.771,0.305,0.709,2.508,0.074,0.926,0.709,0.706
1917,63.900,17.263,9.220,6.217,2.511,2,1,1,149.111,0.668,6,0,0.759,6,51.478,3166.575,1.000,0.324,1.322,0.448,0.811,0.007,0.112,0.888,0.748,0.550
1920,64.000,13.153,3.606,-4.110,-5.614,2,1,1,134.164,0.618,6,0,0.759,6,53.852,2595.524,1.000,0.324,0.838,0.164,0.613,0.260,0.103,0.897,0.733,0.000
1923,64.100,8.544,7.071,-4.609,3.466,2,1,1,139.488,0.718,6,0,0.793,6,54.918,1872.319,1.000,0.324,1.837,0.372,0.816,0.177,0.136,0.864,0.717,0.000
1926,64.200,5.385,8.944,-3.159,1.873,2,1,1,149.466,0.742,4,0,0.793,4,159.050,1956.959,1.000,0.324,1.089,0.585,0.716,1.865,0.090,0.910,0.686,0.750
1929,64.300,5.099,7.810,-0.286,-1.134,2,1,1,151.832,0.667,4,0,0.793,4,159.656,1767.547,1.000,0.311,0.953,0.445,0.904,0.923,0.114,0.886,0.686,0.750
1932,64.400,2.828,4.123,-2.271,-3.687,2,1,1,153.056,0.702,4,0,0.828,4,160.125,1833.627,1.000,0.324,0.593,0.442,0.831,2.546,0.103,0.897,0.657,0.750
1935,64.500,6.403,1.000,3.575,-3.123,2,1,1,156.109,0.989,5,0,0.828,6,62.586,2022.848,1.000,0.324,0.757,0.467,0.769,1.106,0.086,0.914,0.672,0.550
1938,64.600,4.000,8.246,-2.403,7.246,2,1,1,147.139,1.012,5,0,0.828,6,175.414,2315.509,1.000,0.311,0.667,0.440,0.728,2.071,0.085,0.915,0.682,0.750
1941,64.700,4.472,6.000,0.472,-2.246,2,1,1,145.527,1.146,5,0,0.862,6,106.471,2268.400,1.000,0.311,1.002,0.770,0.743,1.684,0.140,0.860,0.654,0.592
1944,64.800,8.062,2.000,3.590,-4.000,2,1,1,151.212,1.150,5,0,0.862,6,87.298,2392.159,1.000,0.311,0.717,0.576,0.583,0.364,0.114,0.886,0.672,0.350
1947,64.900,3.606,9.849,-4.457,7.849,2,1,1,163.478,1.076,5,0,0.862,6,95.273,2309.389,1.000,0.311,1.661,0.791,0.519,2.236,0.153,0.847,0.691,0.550
1950,65.000,7.211,3.606,3.606,-6.243,2,1,1,160.100,1.327,5,0,0.862,6,85.586,1884.438,1.000,0.311,0.723,0.809,0.184,0.084,0.103,0.897,0.652,0.350
1953,65.100,11.314,7.616,4.103,4.010,2,1,1,149.164,1.132,5,0,0.862,6,70.725,1751.950,1.000,0.311,0.885,0.413,0.117,0.916,0.079,0.921,0.706,0.350
1956,65.200,3.000,5.099,-8.314,-2.517,2,1,1,151.990,1.325,5,0,0.862,6,73.348,1363.734,1.000,0.311,0.506,0.267,0.170,1.384,0.085,0.915,0.672,0.550
1959,65.300,4.243,2.236,1.243,-2.863,2,1,1,153.805,1.242,5,0,0.862,6,165.170,1560.145,1.000,0.311,0.888,0.787,0.358,1.352,0.115,0.885,0.641,0.750
1962,65.400,5.657,2.236,1.414,0.000,2,1,1,157.178,1.408,5,0,0.862,6,136.132,1649.264,1.000,0.298,0.370,0.292,0.287,2.436,0.049,0.951,0.670,0.750
1965,65.500,4.243,5.099,-1.414,2.863,2,1,1,161.124,1.687,5,0,0.897,6,86.839,1670.119,1.000,0.298,0.700,0.570,0.502,0.276,0.093,0.907,0.656,0.350
1968,65.600,6.325,5.000,2.082,-0.099,2,1,1,159.480,1.828,5,0,0.931,6,0.000,1491.219,1.000,0.298,0.430,0.570,0.434,0.698,0.079,0.921,0.656,0.350
1971,65.700,7.071,4.243,0.747,-0.757,2,1,1,155.467,1.666,5,0,0.966,6,45.177,1508.920,1.000,0.298,1.005,0.721,0.703,0.487,0.124,0.876,0.664,0.350
1974,65.800,3.162,7.071,-3.909,2.828,2,1,1,149.833,1.841,5,0,1.000,6,133.989,1378.324,1.000,0.298,0.892,0.763,0.688,0.753,0.142,0.858,0.658,0.744
1977,65.900,6.000,8.062,2.838,0.991,2,1,1,148.125,1.701,5,0,1.000,6,46.755,1288.084,1.000,0.298,1.306,0.867,0.763,0.087,0.154,0.846,0.667,0.550
1980,66.000,6.708,3.162,0.708,-4.900,2,1,1,151.796,1.439,5,0,1.000,6,91.236,1289.109,1.000,0.298,0.969,0.718,0.522,1.446,0.136,0.864,0.661,0.550
1983,66.100,2.828,5.831,-3.880,2.669,2,1,1,155.756,1.445,5,0,1.000,6,84.172,1473.004,1.000,0.298,1.177,0.449,0.437,0.996,0.102,0.898,0.680,0.350
1986,66.200,4.472,0.000,1.644,-5.831,2,1,1,151.420,1.427,5,0,1.000,4,73.055,1547.460,1.000,0.311,0.797,0.778,0.251,1.593,0.110,0.890,0.604,0.550
1989,66.300,7.071,5.831,2.599,5.831,2,1,1,145.671,1.294,5,0,1.000,6,74.095,1501.344,1.000,0.311,1.146,0.717,0.345,2.456,0.137,0.863,0.668,0.550
1992,66.400,2.000,4.243,-5.071,-1.588,2,1,1,142.555,1.334,5,0,1.000,6,44.688,1503.188,1.000,0.311,0.893,0.761,0.200,1.473,0.131,0.869,0.643,0.550
1995,66.500,6.403,1.000,4.403,-3.243,2,1,1,149.111,1.388,5,0,1.000,6,57.489,1360.449,1.000,0.311,1.330,0.807,0.547,3.030,0.144,0.856,0.662,0.550
1998,66.600,6.403,5.000,0.000,4.000,2,1,1,150.659,1.414,5,0,1.000,6,82.855,1300.857,1.000,0.311,1.001,0.761,0.426,2.974,0.125,0.875,0.657,0.550
2001,66.700,9.220,9.220,2.816,4.220,2,1,1,150.659,1.750,5,0,1.000,6,0.000,1031.425,1.000,0.311,0.885,0.390,0.330,0.441,0.120,0.880,0.696,0.350
2004,66.800,3.000,4.472,-6.220,-4.747,2,1,1,145.715,2.092,5,0,1.000,6,75.584,1085.950,1.000,0.311,0.938,0.745,0.096,2.451,0.144,0.856,0.646,0.550
2007,66.900,5.099,12.042,2.099,7.569,2,1,1,134.164,1.804,5,0,1.000,6,58.249,1045.527,1.000,0.311,1.491,0.842,0.109,0.213,0.132,0.868,0.695,0.550
2010,67.000,1.414,4.000,-3.685,-8.042,2,1,1,134.648,1.782,5,0,1.000,6,99.609,1049.658,1.000,0.311,0.499,0.659,0.258,0.405,0.092,0.908,0.639,0.553
2013,67.100,3.162,2.828,1.748,-1.172,2,1,1,137.768,1.658,5,0,1.000,6,46.519,998.819,1.000,0.311,0.939,0.644,0.245,0.653,0.136,0.864,0.646,0.350
2016,67.200,3.606,1.414,0.443,-1.414,2,1,1,135.518,2.020,5,0,1.000,6,67.779,1095.377,1.000,0.298,0.873,0.717,0.726,0.355,0.114,0.886,0.642,0.350
2019,67.300,6.325,9.220,2.719,7.805,2,1,1,137.317,1.931,5,0,1.000,6,29.155,1092.274,1.000,0.298,1.285,0.909,0.727,0.303,0.134,0.866,0.670,0.550
2022,67.400,1.414,6.325,-4.910,-2.895,2,1,1,141.400,1.686,5,0,1.000,4,46.011,1077.854,1.000,0.311,1.206,0.928,0.833,0.352,0.154,0.846,0.614,0.350
2025,67.500,8.944,3.000,7.530,-3.325,2,1,1,151.212,1.558,5,0,1.000,6,162.364,1305.364,1.000,0.311,0.884,0.566,0.608,1.320,0.116,0.884,0.682,0.750
2028,67.600,1.000,12.649,-7.944,9.649,2,1,1,161.276,1.259,5,0,1.000,6,174.943,1637.498,1.000,0.311,1.111,0.758,0.544,0.502,0.134,0.866,0.695,0.750
2031,67.700,3.162,4.472,2.162,-8.177,2,1,1,154.932,1.542,5,0,1.000,6,74.465,1538.930,1.000,0.311,1.344,0.714,0.417,0.216,0.147,0.853,0.658,0.350
2034,67.800,5.099,5.099,1.937,0.627,2,1,1,150.373,1.449,4,1,0.966,4,49.578,1547.344,1.000,0.311,0.963,0.792,0.572,0.224,0.146,0.854,0.647,0.750
2037,67.900,6.000,4.000,0.901,-1.099,2,1,1,153.075,1.376,5,1,0.931,6,45.967,1406.424,1.000,0.311,1.375,0.860,0.441,1.293,0.159,0.841,0.657,0.750
2040,68.000,2.828,4.123,-3.172,0.123,2,1,1,151.476,1.210,5,0,0.931,6,73.239,1392.000,1.000,0.311,0.971,0.938,0.881,0.495,0.152,0.848,0.631,0.350
2043,68.100,7.280,10.000,4.452,5.877,2,1,1,148.007,1.088,5,0,0.931,6,123.859,1228.675,1.000,0.311,1.299,0.846,0.580,1.484,0.149,0.851,0.679,0.688
2046,68.200,2.828,10.000,-4.452,0.000,2,1,1,143.840,1.164,5,0,0.931,6,141.354,1058.865,1.000,0.311,0.605,0.362,0.620,2.310,0.090,0.910,0.695,0.750
2049,68.300,5.000,15.033,2.172,5.033,2,1,1,142.580,1.221,5,0,0.931,6,38.949,1127.510,1.000,0.311,1.047,0.549,0.500,0.173,0.119,0.881,0.721,0.350
2052,68.400,1.000,2.236,-4.000,-12.797,2,1,1,142.972,1.302,5,0,0.931,4,99.020,1145.075,1.000,0.311,1.243,0.824,0.515,3.084,0.152,0.848,0.600,0.550
2055,68.500,7.071,10.000,6.071,7.764,2,1,1,144.586,1.140,5,0,0.931,6,59.034,1137.159,1.000,0.311,2.294,0.952,0.177,0.474,0.177,0.823,0.696,0.550
2058,68.600,8.246,5.385,1.175,-4.615,2,1,1,143.951,1.192,5,0,0.931,6,38.897,1136.200,1.000,0.311,2.031,0.982,0.645,0.384,0.168,0.832,0.678,0.350
2061,68.700,10.296,7.616,2.049,2.231,2,1,1,141.598,1.053,5,0,0.931,6,0.000,997.294,1.000,0.311,3.580,0.972,0.925,0.102,0.181,0.819,0.729,0.350
2064,68.800,4.123,5.831,-6.173,-1.785,2,1,1,145.715,1.049,5,0,0.931,6,62.394,1011.957,1.000,0.311,1.516,0.941,1.710,0.010,0.170,0.830,0.654,0.700
2067,68.900,1.414,12.000,-2.709,6.169,2,1,1,156.707,1.241,5,0,0.931,6,115.412,973.385,1.000,0.311,1.489,0.844,1.616,2.855,0.152,0.848,0.695,0.700
2070,69.000,13.928,2.236,12.514,-9.764,2,1,1,170.558,1.253,5,0,0.931,6,100.688,937.735,1.000,0.311,0.734,0.752,1.765,0.981,0.121,0.879,0.693,0.700
2073,69.100,6.403,5.000,-7.525,2.764,2,1,1,171.418,1.193,5,0,0.931,6,133.825,1051.528,1.000,0.311,1.177,0.715,1.730,0.974,0.136,0.864,0.665,0.743
2076,69.200,3.162,2.828,-3.241,-2.172,2,1,1,176.028,1.041,5,0,0.931,6,111.629,1061.469,1.000,0.311,0.597,0.668,1.783,0.870,0.110,0.890,0.636,0.700
2079,69.300,4.123,7.211,0.961,4.383,2,1,1,174.393,1.353,5,0,0.931,5,162.049,1300.338,1.000,0.311,0.645,0.235,1.393,0.044,0.085,0.915,0.690,0.750
2082,69.400,6.000,16.155,1.877,8.944,2,1,1,166.373,1.346,5,0,0.931,6,43.012,1500.644,1.000,0.311,1.044,0.729,1.358,2.449,0.113,0.887,0.715,0.550
2085,69.500,27.074,3.000,21.074,-13.155,2,1,1,193.189,1.492,5,0,0.931,6,0.000,1548.679,1.000,0.311,2.432,0.807,1.092,1.105,0.179,0.821,0.805,0.350
2088,69.600,51.039,25.495,23.965,22.495,2,1,1,268.263,1.696,5,0,0.931,6,0.000,2279.027,1.000,0.311,2.721,0.862,1.624,0.068,0.182,0.818,0.908,0.700
2091,69.700,0.000,56.515,0.000,31.020,1,0,1,0.000,1.621,5,0,0.931,3,0.000,2279.027,1.000,0.311,3.658,0.736,1.875,0.167,0.191,0.809,0.818,0.700
2094,69.800,157.867,39.850,106.828,-16.666,2,1,1,515.640,1.572,5,0,0.931,6,168.003,3870.198,1.000,0.311,2.179,0.808,2.531,0.139,0.165,0.835,0.898,0.750
2097,69.900,14.866,0.000,-143.001,0.000,1,1,0,0.000,0.577,5,0,0.931,4,14.866,5185.844,1.000,0.311,2.492,0.784,2.797,1.100,0.176,0.824,0.654,0.700
2100,70.000,1.414,109.659,-13.452,69.809,2,1,1,611.710,1.212,5,0,0.931,5,1.414,6438.568,1.000,0.324,2.299,0.739,3.411,0.393,0.179,0.821,0.906,0.700
2103,70.100,10.000,11.180,8.586,-98.478,2,1,1,610.275,1.225,5,0,0.931,5,10.000,6947.427,1.000,0.324,3.689,0.776,2.029,0.024,0.182,0.818,0.750,0.700
2106,70.200,4.123,14.765,-5.877,3.584,2,1,1,594.173,1.147,5,0,0.931,5,4.123,7715.269,1.000,0.324,1.952,0.718,1.863,0.329,0.163,0.837,0.731,0.700
2109,70.300,16.125,17.692,12.001,2.927,2,1,1,573.956,1.132,5,0,0.931,5,16.125,8236.087,1.000,0.324,3.060,0.804,0.696,0.783,0.174,0.826,0.768,0.350
2112,70.400,9.055,10.000,-7.069,-7.692,2,1,1,564.588,1.152,5,0,0.931,5,9.055,8829.750,1.000,0.324,1.710,0.805,0.820,0.036,0.162,0.838,0.692,0.350
2115,70.500,9.849,8.544,0.793,-1.456,2,1,1,558.920,1.176,5,0,0.931,5,9.849,8484.587,1.000,0.324,2.052,0.739,0.817,0.059,0.159,0.841,0.704,0.350
2118,70.600,13.038,6.325,3.190,-2.219,2,1,1,540.920,1.301,5,0,0.931,5,13.038,8358.619,1.000,0.324,1.451,0.743,0.944,0.572,0.156,0.844,0.707,0.350
2121,70.700,0.000,11.705,0.000,5.380,1,0,1,0.000,0.634,5,0,0.966,1,13.038,8358.619,1.000,0.336,2.371,0.786,0.966,0.164,0.171,0.829,0.525,0.650
2124,70.800,0.000,3.606,0.000,-8.099,1,0,1,0.000,0.790,6,1,0.966,2,13.038,8358.619,1.000,0.347,1.372,0.809,1.152,0.146,0.160,0.840,0.478,0.750
2127,70.900,0.000,3.162,0.000,-0.443,1,0,1,0.000,0.485,6,0,0.966,3,13.038,8358.619,1.000,0.347,2.304,0.898,1.219,0.095,0.174,0.826,0.522,0.580
2130,71.000,0.000,7.071,0.000,3.909,1,0,1,0.000,0.504,6,0,0.966,0,13.038,8358.619,0.967,0.347,1.332,0.927,1.351,0.414,0.156,0.844,0.424,0.550
2133,71.100,0.000,11.402,0.000,4.331,1,0,1,0.000,0.604,5,1,0.931,2,13.038,8358.619,0.967,0.350,2.485,0.955,1.074,0.457,0.161,0.839,0.547,0.750
2136,71.200,0.000,10.000,0.000,-1.402,1,0,1,0.000,0.625,5,0,0.931,2,13.038,8358.619,0.967,0.360,2.423,0.977,0.873,0.175,0.173,0.827,0.536,0.000
2139,71.300,0.000,22.472,0.000,12.472,1,0,1,0.000,0.634,5,0,0.931,1,13.038,8358.619,0.967,0.371,4.108,0.966,0.480,0.082,0.178,0.822,0.612,0.000
2142,71.400,0.000,21.633,0.000,-0.839,1,0,1,0.000,0.854,5,0,0.931,2,13.038,8358.619,0.967,0.371,2.330,0.868,0.542,0.180,0.151,0.849,0.606,0.000
2145,71.500,0.000,142.021,0.000,120.388,1,0,1,0.000,0.849,5,0,0.931,3,353.142,9314.429,0.967,0.371,1.686,0.642,0.443,0.470,0.151,0.849,0.771,0.750
2148,71.600,0.000,129.000,0.000,-13.021,1,0,1,0.000,0.698,5,0,0.931,3,110.318,8431.004,0.967,0.381,1.287,0.684,0.400,1.374,0.142,0.858,0.758,0.613
2151,71.700,0.000,118.512,0.000,-10.488,1,0,1,0.000,0.627,5,0,0.931,3,0.000,7537.994,0.967,0.381,1.582,0.570,0.106,0.112,0.139,0.861,0.774,0.550
2154,71.800,0.000,21.024,0.000,-97.488,1,0,1,0.000,0.613,5,0,0.931,4,21.587,6976.969,0.967,0.381,1.253,0.601,0.202,0.081,0.110,0.890,0.666,0.450
2157,71.900,0.000,9.487,0.000,-11.537,1,0,1,0.000,0.582,5,0,0.931,4,33.377,6361.785,0.967,0.381,1.354,0.326,0.028,0.584,0.121,0.879,0.624,0.000
2160,72.000,0.000,7.071,0.000,-2.416,1,0,1,0.000,0.919,6,1,0.897,5,29.547,5185.804,0.967,0.381,1.058,0.593,0.067,1.436,0.110,0.890,0.590,0.750
2163,72.100,0.000,9.055,0.000,1.984,1,0,1,0.000,1.066,6,0,0.897,4,23.601,4111.917,0.967,0.391,2.352,0.863,0.236,0.448,0.137,0.863,0.585,0.350
2166,72.200,0.000,19.313,0.000,10.258,1,0,1,0.000,0.902,6,0,0.897,4,29.732,1419.174,0.967,0.391,1.244,0.537,0.195,0.718,0.076,0.924,0.637,0.350
2169,72.300,0.000,40.853,0.000,21.540,1,0,1,0.000,0.795,6,0,0.897,4,35.805,1104.144,0.967,0.391,2.399,0.554,0.453,0.503,0.125,0.875,0.784,0.000
2172,72.400,0.000,29.833,0.000,-11.021,1,0,1,0.000,0.797,6,0,0.897,4,0.000,1351.989,0.967,0.391,2.094,0.228,0.474,0.568,0.112,0.888,0.738,0.550
2175,72.500,0.000,33.541,0.000,3.708,1,0,1,0.000,0.793,6,0,0.897,4,34.205,1142.755,0.967,0.391,3.312,0.161,0.678,0.190,0.126,0.874,0.794,0.000
2178,72.600,0.000,20.025,0.000,-13.516,1,0,1,0.000,0.765,5,0,0.897,3,0.000,1124.619,0.967,0.400,2.549,0.121,0.343,0.117,0.111,0.889,0.691,0.000
2181,72.700,0.000,27.459,0.000,7.434,1,0,1,0.000,0.693,5,0,0.897,3,84.481,1509.859,0.967,0.391,2.939,0.232,0.318,0.201,0.115,0.885,0.734,0.000
2184,72.800,131.381,7.071,118.343,-20.388,2,1,1,213.002,0.985,5,0,0.897,5,125.000,1580.038,0.967,0.389,1.328,0.192,0.178,0.442,0.104,0.896,0.916,0.694
2187,72.900,11.180,13.000,-120.201,5.929,2,1,1,221.183,0.776,4,1,0.862,4,62.032,1512.055,0.967,0.379,2.018,0.303,0.548,0.876,0.115,0.885,0.747,0.750
2190,73.000,4.123,1.000,-7.057,-12.000,2,1,1,221.382,0.705,4,0,0.862,3,58.873,1868.534,0.967,0.369,0.776,0.857,0.562,1.037,0.095,0.905,0.583,0.580
2193,73.100,1.000,4.123,-3.123,3.123,2,1,1,226.318,0.705,3,1,0.828,2,2.236,1918.019,0.967,0.379,0.599,0.814,0.575,0.595,0.075,0.925,0.567,0.750
2196,73.200,2.828,5.831,1.828,1.708,2,1,1,229.630,0.985,5,1,0.793,5,69.857,2270.109,0.967,0.369,0.728,0.830,0.465,0.303,0.090,0.910,0.638,0.750
2199,73.300,6.403,5.000,3.575,-0.831,2,1,1,231.050,0.969,5,0,0.793,5,68.447,2873.464,0.967,0.369,1.488,0.898,0.502,0.226,0.114,0.886,0.656,0.580
2202,73.400,7.280,5.000,0.877,0.000,2,1,1,227.969,1.008,5,0,0.793,6,69.635,2687.138,0.967,0.358,1.531,0.831,0.325,0.501,0.112,0.888,0.667,0.580
2205,73.500,10.198,15.620,2.918,10.620,2,1,1,227.266,0.840,4,1,0.759,4,0.000,2557.869,0.967,0.358,3.389,0.826,0.271,0.085,0.122,0.878,0.760,0.750
2208,73.600,13.928,16.031,3.730,0.411,2,1,1,230.106,0.849,4,0,0.759,4,16.125,2485.899,0.967,0.358,4.399,0.884,0.030,0.586,0.125,0.875,0.783,0.000
2211,73.700,12.806,27.659,-1.122,11.627,2,1,1,249.163,0.787,4,0,0.793,4,34.000,2223.809,0.967,0.358,6.999,0.718,0.130,0.058,0.119,0.881,0.924,0.000
2214,73.800,35.000,13.601,22.194,-14.057,2,1,1,290.110,1.120,5,1,0.759,6,21.095,2460.710,0.967,0.358,3.873,0.681,0.720,0.215,0.115,0.885,0.890,0.750
2217,73.900,0.000,18.358,0.000,4.756,1,0,1,0.000,0.464,5,0,0.759,3,225.435,3147.617,0.967,0.358,4.897,0.772,0.761,0.037,0.128,0.872,0.694,0.750
2220,74.000,0.000,8.602,0.000,-9.755,1,0,1,0.000,0.380,5,0,0.793,3,19.105,3459.719,1.000,0.358,2.542,0.770,1.027,0.093,0.119,0.881,0.585,0.000
2223,74.100,0.000,16.155,0.000,7.553,1,0,1,0.000,0.342,3,1,0.759,2,19.105,3459.719,1.000,0.369,3.383,0.746,0.737,0.079,0.116,0.884,0.562,0.750
2226,74.200,0.000,12.530,0.000,-3.626,1,0,1,0.000,0.277,3,0,0.759,1,19.105,3459.719,1.000,0.369,1.560,0.760,0.797,0.148,0.093,0.907,0.435,0.000
2229,74.300,0.000,24.207,0.000,11.677,1,0,1,0.000,0.269,3,0,0.759,1,19.105,3459.719,1.000,0.379,1.337,0.343,0.625,0.468,0.098,0.902,0.524,0.480
2232,74.400,0.000,14.422,0.000,-9.785,1,0,1,0.000,0.161,4,1,0.724,2,66.648,4305.399,1.000,0.379,1.777,0.713,1.059,1.063,0.106,0.894,0.585,0.750
2235,74.500,0.000,14.142,0.000,-0.280,1,0,1,0.000,0.151,4,0,0.724,2,18.358,5046.944,1.000,0.389,4.307,0.688,1.079,0.103,0.119,0.881,0.648,0.000
2238,74.600,0.000,5.385,0.000,-8.757,1,0,1,0.000,0.191,4,0,0.724,2,5.000,6032.878,1.000,0.399,2.076,0.742,1.406,0.869,0.107,0.893,0.540,0.700
2241,74.700,0.000,3.162,0.000,-2.223,1,0,1,0.000,0.449,5,1,0.690,2,1.000,6606.494,1.000,0.399,3.226,0.789,1.495,2.016,0.115,0.885,0.535,0.750
2244,74.800,0.000,7.211,0.000,4.049,1,0,1,0.000,0.469,5,0,0.690,2,8.944,7309.484,1.000,0.408,2.008,0.868,1.689,0.950,0.114,0.886,0.522,0.700
2247,74.900,0.000,14.142,0.000,6.931,1,0,1,0.000,0.463,5,0,0.724,2,16.279,7858.574,1.000,0.408,4.713,0.694,1.727,1.338,0.143,0.857,0.640,0.700
2250,75.000,0.000,15.811,0.000,1.669,1,0,1,0.000,0.471,5,0,0.724,2,16.125,8081.778,1.000,0.408,4.925,0.796,1.984,1.211,0.134,0.866,0.647,0.700
2253,75.100,0.000,31.385,0.000,15.573,1,0,1,0.000,0.477,5,0,0.724,3,36.401,8037.400,1.000,0.408,5.732,0.607,1.764,0.577,0.202,0.798,0.803,0.700
2256,75.200,0.000,36.139,0.000,4.754,1,0,1,0.000,0.484,5,0,0.724,3,28.653,7478.820,1.000,0.417,3.729,0.783,1.401,0.450,0.204,0.796,0.767,0.700
2259,75.300,0.000,49.396,0.000,13.258,1,0,1,0.000,0.475,6,0,0.724,4,27.295,5306.309,1.000,0.417,4.419,0.494,0.560,1.078,0.149,0.851,0.866,0.000
2262,75.400,0.000,36.359,0.000,-13.037,1,0,1,0.000,0.446,6,0,0.724,4,0.000,4047.810,1.000,0.417,3.415,0.395,0.510,1.326,0.125,0.875,0.800,0.550
2265,75.500,0.000,40.000,0.000,3.641,1,0,1,0.000,0.209,6,0,0.724,4,38.118,4361.438,1.000,0.417,5.572,0.296,0.318,1.496,0.145,0.855,0.881,0.550
2268,75.600,0.000,37.054,0.000,19.937,2,0,1,37.054,0.602,5,0,0.724,6,102.626,3364.570,1.000,0.417,5.592,0.196,0.465,0.051,0.127,0.873,0.982,0.650
2271,75.700,0.000,0.000,0.000,0.000,0,0,0,0.000,0.000,5,0,0.724,0,102.626,3364.570,0.967,0.417,11.644,0.300,0.515,0.235,0.103,0.897,0.465,0.650
2274,75.800,158.316,0.000,123.316,0.000,1,1,0,0.000,0.952,5,0,0.759,3,0.000,3733.380,0.967,0.410,3.295,0.437,0.941,0.683,0.104,0.896,0.826,0.650
2277,75.900,30.017,0.000,-128.299,0.000,1,1,0,0.000,0.977,4,1,0.724,3,26.571,3869.954,0.967,0.410,13.966,0.108,1.014,1.362,0.127,0.873,0.910,0.750
2280,76.000,42.720,0.000,12.703,0.000,1,1,0,0.000,1.255,4,0,0.759,2,52.802,4211.608,0.967,0.419,2.870,0.064,1.477,0.291,0.116,0.884,0.811,0.700
2283,76.100,38.118,0.000,-4.602,0.000,1,1,0,0.000,1.348,4,0,0.793,3,28.178,4569.789,0.967,0.428,3.007,0.074,1.310,0.134,0.072,0.928,0.833,0.350
2286,76.200,47.707,0.000,9.589,0.000,1,1,0,0.000,1.452,4,0,0.793,2,28.178,4569.789,0.967,0.428,2.533,0.389,1.359,0.242,0.054,0.946,0.792,0.350
2289,76.300,47.074,0.000,-0.633,0.000,1,1,0,0.000,1.480,4,0,0.793,3,0.000,4640.330,0.967,0.428,3.263,0.522,1.318,0.304,0.062,0.938,0.846,0.350
2292,76.400,15.524,0.000,-31.550,0.000,1,1,0,0.000,1.420,4,0,0.828,3,13.601,4297.439,0.967,0.428,1.020,0.295,1.378,0.010,0.047,0.953,0.642,0.450
2295,76.500,2.000,236.922,-13.524,199.868,2,1,1,373.905,1.092,4,0,0.828,5,0.000,3917.640,0.967,0.400,0.743,0.520,1.090,1.814,0.045,0.955,0.878,0.650
2298,76.600,5.000,7.211,3.000,-229.711,2,1,1,370.912,1.310,3,1,0.793,3,4.000,3934.597,0.967,0.400,0.523,0.629,0.809,0.081,0.041,0.959,0.655,0.750
2301,76.700,16.279,3.606,11.279,-3.606,2,1,1,383.575,1.351,4,1,0.793,5,36.674,3262.444,0.967,0.381,1.154,0.530,0.499,0.170,0.039,0.961,0.728,0.750
2304,76.800,27.295,7.810,11.016,4.205,2,1,1,401.011,1.350,4,0,0.793,5,6.403,3246.595,0.967,0.371,2.181,0.573,0.636,0.329,0.052,0.948,0.812,0.350
2307,76.900,59.816,10.630,32.522,2.820,2,1,1,442.995,1.347,4,0,0.793,4,6.403,3246.595,0.967,0.371,8.261,0.548,0.491,1.504,0.101,0.899,1.000,0.550
2310,77.000,74.411,38.210,14.595,27.580,2,1,1,542.028,1.599,4,0,0.828,4,318.101,5207.688,0.967,0.371,7.102,0.363,0.835,1.134,0.084,0.916,1.000,0.750
2313,77.100,0.000,46.174,0.000,7.964,1,0,1,0.000,1.361,4,0,0.828,2,318.101,5207.688,0.967,0.371,4.571,0.491,0.705,0.022,0.129,0.871,0.836,0.750
2316,77.200,200.562,0.000,126.151,0.000,1,1,0,0.000,0.572,4,0,0.828,2,318.101,5207.688,0.967,0.381,3.867,0.386,0.518,0.379,0.146,0.854,0.826,0.750
2319,77.300,0.000,195.164,0.000,148.990,1,0,1,0.000,1.402,4,0,0.862,2,189.130,5547.180,0.967,0.381,4.049,0.461,0.169,0.013,0.165,0.835,0.825,0.750
2322,77.400,0.000,28.636,0.000,-166.528,1,0,1,0.000,1.199,5,0,0.862,3,189.130,5547.180,0.967,0.381,2.672,0.349,0.212,0.418,0.123,0.877,0.725,0.750
2325,77.500,0.000,58.728,0.000,30.093,1,0,1,0.000,1.055,5,0,0.862,3,189.130,5547.180,0.967,0.391,3.628,0.401,0.642,2.631,0.147,0.853,0.837,0.750
2328,77.600,71.021,36.069,-129.541,-22.659,2,1,1,588.507,0.910,5,0,0.897,6,189.130,5547.180,0.967,0.389,3.150,0.196,0.588,0.756,0.152,0.848,0.961,0.750
2331,77.700,0.000,45.222,0.000,9.152,1,0,1,0.000,0.915,4,0,0.897,2,189.130,5547.180,0.967,0.399,4.535,0.377,0.613,0.772,0.182,0.818,0.843,0.750
2334,77.800,250.002,26.077,178.981,-19.145,2,1,1,572.770,1.098,4,0,0.897,5,240.651,5378.620,0.967,0.389,3.483,0.476,0.551,0.194,0.154,0.846,0.950,0.750
2337,77.900,67.231,0.000,-182.771,0.000,1,1,0,0.000,0.804,4,0,0.897,3,0.000,4388.890,0.967,0.379,4.995,0.177,0.585,1.624,0.116,0.884,0.913,0.650
2340,78.000,26.401,92.098,-40.830,66.021,2,1,1,419.806,0.818,4,0,0.897,5,0.000,4110.360,0.967,0.379,13.765,0.529,0.402,0.454,0.071,0.929,1.000,0.650
2343,78.100,7.000,32.249,-19.401,-59.849,2,1,1,395.140,1.016,4,0,0.897,5,41.231,3878.197,0.967,0.379,2.891,0.454,0.055,1.147,0.070,0.930,0.866,0.450
2346,78.200,9.487,14.422,2.487,-17.827,2,1,1,392.563,1.035,4,0,0.897,5,309.871,5230.495,0.967,0.369,1.139,0.651,0.086,0.914,0.055,0.945,0.709,0.750
2349,78.300,6.708,13.153,-2.779,-1.269,2,1,1,385.502,1.046,4,0,0.897,5,317.824,5265.218,0.967,0.369,0.891,0.501,0.130,0.535,0.073,0.927,0.706,0.750
2352,78.400,4.472,3.000,-2.236,-10.153,2,1,1,384.173,1.029,4,0,0.897,5,4.123,5300.279,0.967,0.369,0.429,0.598,0.146,0.195,0.042,0.958,0.640,0.580
2355,78.500,3.606,9.434,-0.867,6.434,2,1,1,381.608,0.860,4,0,0.897,5,294.211,6653.854,0.967,0.369,0.668,0.720,0.076,0.517,0.048,0.952,0.665,0.750
2358,78.600,5.000,8.944,1.394,-0.490,2,1,1,379.012,0.766,4,0,0.897,5,289.884,7724.850,0.967,0.358,0.825,0.814,0.210,3.056,0.049,0.951,0.659,0.750
2361,78.700,10.198,6.708,5.198,-2.236,2,1,1,383.094,0.645,4,0,0.897,5,0.000,7967.719,1.000,0.347,1.082,0.764,0.257,3.088,0.058,0.942,0.680,0.580
2364,78.800,2.000,3.606,-8.198,-3.103,2,1,1,383.419,0.637,4,0,0.931,4,46.228,6494.217,1.000,0.336,0.537,0.692,0.198,0.126,0.057,0.943,0.635,0.580
2367,78.900,8.062,10.817,6.062,7.211,2,1,1,382.688,0.441,4,0,0.931,5,0.000,5944.029,1.000,0.347,1.096,0.702,0.281,1.935,0.058,0.942,0.688,0.580
2370,79.000,6.325,6.083,-1.738,-4.734,2,1,1,382.828,0.477,4,0,0.931,4,342.146,7640.789,1.000,0.336,0.512,0.867,0.147,2.672,0.038,0.962,0.637,0.750
2373,79.100,11.402,7.280,5.077,1.197,2,1,1,386.122,0.437,4,0,0.931,5,46.530,8039.590,1.000,0.336,0.844,0.908,0.269,0.275,0.042,0.958,0.671,0.580
2376,79.200,7.071,9.055,-4.331,1.775,2,1,1,382.688,0.482,4,0,0.931,5,58.138,8443.900,1.000,0.336,0.703,0.814,0.345,0.362,0.040,0.960,0.661,0.580
2379,79.300,5.000,6.083,-2.071,-2.973,2,1,1,380.991,0.484,4,0,0.931,5,77.389,6760.974,1.000,0.336,0.782,0.729,0.525,0.192,0.043,0.957,0.652,0.580
2382,79.400,2.236,5.831,-2.764,-0.252,2,1,1,376.968,0.616,4,0,0.931,4,33.541,7124.624,1.000,0.336,0.350,0.648,0.616,1.821,0.030,0.970,0.646,0.580
2385,79.500,7.211,5.000,4.975,-0.831,2,1,1,376.494,0.919,4,0,0.966,5,3.162,5189.078,1.000,0.336,0.546,0.807,0.912,0.266,0.040,0.960,0.647,0.580
2388,79.600,1.414,3.606,-5.797,-1.394,2,1,1,377.795,1.066,3,1,0.966,3,1.414,5282.538,1.000,0.336,0.240,0.392,1.164,1.528,0.030,0.970,0.649,0.750
2391,79.700,2.236,7.211,0.822,3.606,2,1,1,382.228,1.041,4,1,0.931,3,3.606,3166.870,1.000,0.347,0.414,0.815,1.335,0.250,0.036,0.964,0.598,0.750
2394,79.800,8.246,11.402,6.010,4.191,2,1,1,384.796,1.105,4,0,0.931,5,285.477,4681.674,1.000,0.347,0.598,0.803,1.350,0.488,0.043,0.957,0.672,0.750
2397,79.900,15.620,6.403,7.374,-4.999,2,1,1,381.483,1.111,4,0,0.931,5,60.803,4745.555,1.000,0.347,0.931,0.837,1.290,0.560,0.042,0.958,0.701,0.350
2400,80.000,1.000,6.325,-14.620,-0.079,2,1,1,374.219,1.089,3,1,0.897,3,58.600,4761.868,1.000,0.347,0.278,0.441,1.109,0.211,0.029,0.971,0.661,0.750
2403,80.100,2.000,5.000,1.000,-1.325,2,1,1,377.244,1.464,3,0,0.897,3,4.472,2198.319,1.000,0.358,0.356,0.437,0.979,0.339,0.032,0.968,0.656,0.580
2406,80.200,3.606,2.828,1.606,-2.172,2,1,1,378.220,1.283,3,0,0.897,3,0.000,2198.279,1.000,0.358,0.331,0.624,0.888,1.650,0.025,0.975,0.635,0.580
2409,80.300,6.403,5.099,2.798,2.271,2,1,1,377.573,1.091,4,1,0.862,4,324.302,4450.150,1.000,0.358,0.438,0.690,0.832,0.286,0.034,0.966,0.648,0.750
2412,80.400,3.162,4.472,-3.241,-0.627,2,1,1,375.969,0.984,3,1,0.828,3,325.221,4462.328,1.000,0.358,0.361,0.889,0.746,0.412,0.047,0.953,0.622,0.750
2415,80.500,9.055,10.198,5.893,5.726,2,1,1,374.386,0.968,4,1,0.793,6,0.000,6631.987,1.000,0.358,0.880,0.940,0.722,0.305,0.053,0.947,0.663,0.750
2418,80.600,4.123,0.000,-4.932,-10.198,2,1,1,378.505,1.096,3,1,0.759,4,264.940,7326.565,1.000,0.358,0.463,0.840,0.642,1.046,0.031,0.969,0.626,0.750
2421,80.700,5.000,7.810,0.877,7.810,2,1,1,376.152,1.056,4,1,0.724,5,85.475,8872.218,1.000,0.358,0.637,0.889,0.598,0.180,0.037,0.963,0.647,0.750
2424,80.800,2.000,2.236,-3.000,-5.574,2,1,1,375.959,0.737,3,1,0.690,4,256.780,8636.219,1.000,0.358,0.256,0.778,0.526,0.543,0.033,0.967,0.614,0.750
2427,80.900,2.828,4.243,0.828,2.007,2,1,1,380.680,0.737,3,0,0.690,4,253.789,9179.155,1.000,0.358,0.428,0.584,0.482,0.990,0.037,0.963,0.643,0.750
2430,81.000,4.000,2.828,1.172,-1.414,2,1,1,382.279,0.868,3,0,0.690,4,254.136,9485.238,1.000,0.369,0.398,0.581,0.396,1.637,0.035,0.965,0.641,0.750
2433,81.100,4.472,1.414,0.472,-1.414,2,1,1,377.180,1.032,3,0,0.690,4,252.792,9528.438,1.000,0.358,0.418,0.534,0.716,0.023,0.038,0.962,0.648,0.750
2436,81.200,5.099,4.472,0.627,3.058,2,1,1,379.606,1.237,3,0,0.690,4,253.789,9470.548,1.000,0.358,0.485,0.753,0.863,0.341,0.049,0.951,0.638,0.750
2439,81.300,13.601,15.033,8.502,10.561,2,1,1,380.757,1.281,4,1,0.655,6,259.048,8906.027,1.000,0.358,1.148,0.760,0.709,0.588,0.047,0.953,0.709,0.750
2442,81.400,7.280,16.553,-6.321,1.520,2,1,1,378.926,1.251,4,0,0.655,5,0.000,8877.969,1.000,0.358,0.635,0.611,0.499,0.425,0.040,0.960,0.715,0.350
2445,81.500,18.439,34.059,11.159,17.506,2,1,1,383.256,1.142,4,0,0.655,5,47.424,8658.914,1.000,0.347,1.573,0.642,0.710,1.037,0.046,0.954,0.834,0.350
2448,81.600,13.342,20.396,-5.097,-13.663,2,1,1,375.767,1.145,4,0,0.655,5,46.615,7695.395,1.000,0.347,0.773,0.652,0.234,0.278,0.053,0.947,0.737,0.350
2451,81.700,7.211,5.657,-6.131,-14.739,2,1,1,377.763,1.296,4,0,0.655,4,63.655,7765.645,1.000,0.336,0.552,0.860,0.011,2.841,0.070,0.930,0.644,0.550
2454,81.800,8.485,8.062,1.274,2.405,2,1,1,376.643,1.026,4,0,0.655,6,39.446,7245.789,1.000,0.336,0.706,0.851,0.250,2.400,0.040,0.960,0.655,0.550
2457,81.900,3.162,5.000,-5.323,-3.062,2,1,1,374.707,1.026,4,0,0.655,5,6.083,7223.710,1.000,0.336,0.579,0.856,0.346,0.293,0.042,0.958,0.632,0.350
2460,82.000,2.828,5.657,-0.334,0.657,2,1,1,381.105,0.970,4,0,0.655,5,332.435,8066.347,1.000,0.336,0.386,0.483,0.718,1.340,0.035,0.965,0.657,0.750
2463,82.100,15.297,2.236,12.469,-3.421,2,1,1,393.794,1.228,4,0,0.655,6,234.053,7921.935,1.000,0.336,0.841,0.591,0.405,0.170,0.045,0.955,0.715,0.750
2466,82.200,20.616,18.028,5.318,15.792,2,1,1,424.446,1.387,4,0,0.655,5,265.121,7392.044,1.000,0.324,0.751,0.671,0.671,0.768,0.041,0.959,0.736,0.750
2469,82.300,35.735,39.699,15.120,21.671,2,1,1,461.650,1.404,4,0,0.655,3,53.712,7610.764,1.000,0.336,1.028,0.838,0.738,0.230,0.049,0.951,0.793,0.350
2472,82.400,0.000,35.114,0.000,-4.585,1,0,1,0.000,1.418,4,0,0.655,1,53.712,7610.764,1.000,0.336,0.731,0.707,1.179,0.475,0.045,0.955,0.629,0.650
2475,82.500,0.000,38.210,0.000,3.096,1,0,1,0.000,1.205,4,0,0.690,1,53.712,7610.764,1.000,0.347,0.737,0.634,1.266,0.227,0.050,0.950,0.651,0.350
2478,82.600,0.000,11.000,0.000,-27.210,1,0,1,0.000,1.184,4,0,0.724,1,427.551,9969.229,1.000,0.358,0.571,0.865,1.426,0.199,0.036,0.964,0.480,0.750
2481,82.700,0.000,16.125,0.000,5.125,1,0,1,0.000,1.184,4,0,0.724,1,427.551,9969.229,1.000,0.369,0.689,0.762,1.480,0.132,0.042,0.958,0.518,0.750
2484,82.800,0.000,6.403,0.000,-9.721,1,0,1,0.000,1.106,4,0,0.724,0,427.551,9969.229,0.967,0.369,0.424,0.474,1.532,1.002,0.032,0.968,0.429,0.750
2487,82.900,0.000,16.155,0.000,9.752,1,0,1,0.000,0.818,4,0,0.759,1,427.551,9969.229,0.967,0.360,0.617,0.759,0.831,1.013,0.034,0.966,0.513,0.750
2490,83.000,0.000,13.153,0.000,-3.003,1,0,1,0.000,0.592,4,0,0.759,1,427.551,9969.229,0.967,0.371,0.515,0.756,0.991,1.187,0.042,0.958,0.494,0.750
2493,83.100,0.000,8.246,0.000,-4.907,1,0,1,0.000,0.539,4,0,0.759,1,427.551,9969.229,0.967,0.381,1.056,0.874,0.211,0.085,0.049,0.951,0.472,0.750
2496,83.200,0.000,5.000,0.000,-3.246,1,0,1,0.000,0.739,4,0,0.793,1,427.551,9969.229,0.967,0.391,0.869,0.960,0.186,0.025,0.047,0.953,0.443,0.750
2499,83.300,0.000,15.297,0.000,10.297,1,0,1,0.000,0.788,4,0,0.828,1,427.551,9969.229,0.967,0.400,1.296,0.969,0.210,0.007,0.047,0.953,0.511,0.750
2502,83.400,0.000,0.000,0.000,0.000,0,0,0,0.000,0.000,4,0,0.862,0,427.551,9969.229,0.933,0.400,0.912,0.914,0.277,0.247,0.046,0.954,0.241,0.750
2505,83.500,0.000,164.624,0.000,149.327,1,0,1,0.000,0.864,4,0,0.897,1,427.551,9969.229,0.933,0.404,0.874,0.654,0.308,0.242,0.046,0.954,0.683,0.750
2508,83.600,0.000,0.000,0.000,0.000,0,0,0,0.000,0.000,4,0,0.931,0,427.551,9969.229,0.900,0.404,0.736,0.171,0.508,0.268,0.047,0.953,0.284,0.750
2511,83.700,0.000,0.000,0.000,0.000,0,0,0,0.000,0.000,4,0,0.966,0,427.551,9969.229,0.867,0.404,0.708,0.128,0.408,0.288,0.044,0.956,0.283,0.750
2514,83.800,0.000,0.000,0.000,0.000,0,0,0,0.000,0.000,4,0,0.966,0,427.551,9969.229,0.833,0.404,0.495,0.686,0.375,0.053,0.040,0.960,0.234,0.750
2517,83.900,0.000,0.000,0.000,0.000,0,0,0,0.000,0.000,4,0,0.966,0,427.551,9969.229,0.800,0.404,1.011,0.935,0.110,0.167,0.050,0.950,0.226,0.750
2520,84.000,0.000,0.000,0.000,0.000,0,0,0,0.000,0.000,4,0,0.966,0,427.551,9969.229,0.767,0.404,0.644,0.874,0.109,0.196,0.057,0.943,0.217,0.750
2523,84.100,0.000,0.000,0.000,0.000,0,0,0,0.000,0.000,4,0,0.966,0,427.551,9969.229,0.733,0.404,1.164,0.908,0.017,0.444,0.054,0.946,0.224,0.750
2526,84.200,0.000,0.000,0.000,0.000,0,0,0,0.000,0.000,4,0,1.000,0,427.551,9969.229,0.700,0.404,0.590,0.926,0.120,0.128,0.041,0.959,0.204,0.750
2529,84.300,0.000,0.000,0.000,0.000,0,0,0,0.000,0.000,4,0,1.000,0,427.551,9969.229,0.667,0.404,0.508,0.914,0.051,0.045,0.041,0.959,0.199,0.750
2532,84.400,0.000,0.000,0.000,0.000,0,0,0,0.000,0.000,3,1,0.966,0,427.551,9969.229,0.633,0.404,0.271,0.837,0.249,0.147,0.035,0.965,0.194,0.750
2535,84.500,0.000,0.000,0.000,0.000,0,0,0,0.000,0.000,3,0,0.966,0,427.551,9969.229,0.600,0.404,0.348,0.794,0.169,0.049,0.038,0.962,0.195,0.750
2538,84.600,0.000,0.000,0.000,0.000,0,0,0,0.000,0.000,3,0,0.966,0,427.551,9969.229,0.567,0.404,0.305,0.614,0.660,2.023,0.045,0.955,0.203,0.750
2541,84.700,0.000,0.000,0.000,0.000,0,0,0,0.000,0.000,4,1,0.931,0,427.551,9969.229,0.533,0.404,0.639,0.900,0.196,0.603,0.040,0.960,0.187,0.750
