frame_idx,timestamp,hand_velocity_left,hand_velocity_right,hand_acceleration_left,hand_acceleration_right,hands_present,grip_state_left,grip_state_right,hand_distance,trajectory_curvature,num_tools,tool_changed,tool_stability,num_interactions,contact_point_shift,contact_point_variance,interaction_density,interaction_rhythm,flow_magnitude,flow_uniformity,flow_discontinuity,direction_change,scene_change_score,visual_stability,activity_level,transition_score
0,0.000,0.000,0.000,0.000,0.000,1,0,0,0.000,0.000,3,0,1.000,1,0.000,0.000,1.000,0.000,0.000,1.000,0.000,0.000,0.000,1.000,0.330,0.000
3,0.100,0.000,8.062,0.000,8.062,1,0,0,0.000,0.000,4,1,0.000,2,0.000,0.000,1.000,0.500,1.012,0.887,0.000,1.443,0.089,0.911,0.438,0.750
6,0.200,0.000,14.560,0.000,6.498,1,0,0,0.000,0.000,4,0,0.500,2,21.587,0.000,1.000,0.500,1.980,0.864,0.000,0.364,0.112,0.888,0.500,0.000
9,0.300,0.000,0.000,0.000,0.000,1,0,0,0.000,0.000,4,0,0.667,2,23.854,61.111,1.000,0.500,1.497,0.243,0.000,2.143,0.090,0.910,0.450,0.580
12,0.400,4.000,0.000,4.000,0.000,1,0,0,0.000,0.000,4,0,0.750,2,32.062,191.188,1.000,0.500,3.962,0.932,0.000,0.884,0.192,0.808,0.486,0.000
15,0.500,0.000,18.111,0.000,3.551,1,0,0,0.000,0.168,4,0,0.800,2,0.000,438.194,1.000,0.500,3.037,0.872,0.000,0.024,0.163,0.837,0.545,0.000
18,0.600,0.000,19.925,0.000,1.814,1,0,0,0.000,0.967,4,0,0.833,2,134.082,939.969,1.000,0.500,2.771,0.636,0.000,0.393,0.151,0.849,0.565,0.745
21,0.700,0.000,15.264,0.000,-4.661,1,0,0,0.000,1.086,4,0,0.857,2,202.082,2252.965,1.000,0.500,1.620,0.526,0.000,0.023,0.140,0.860,0.519,0.750
24,0.800,0.000,3.606,0.000,-11.659,1,0,1,0.000,1.315,4,0,0.875,2,3.606,2182.860,1.000,0.500,1.077,0.767,0.000,0.099,0.108,0.892,0.503,0.550
27,0.900,0.000,9.220,0.000,5.614,1,0,1,0.000,1.528,4,0,0.889,2,201.896,2979.740,1.000,0.500,0.918,0.610,0.000,0.725,0.083,0.917,0.541,0.750
30,1.000,0.000,17.464,0.000,8.245,1,0,1,0.000,1.430,4,0,0.900,2,214.441,3715.316,1.000,0.500,1.504,0.440,0.000,1.354,0.114,0.886,0.614,0.750
33,1.100,0.000,14.213,0.000,-3.252,1,0,1,0.000,1.293,4,0,0.909,2,14.213,4368.000,1.000,0.500,1.132,0.627,0.000,1.846,0.114,0.886,0.573,0.550
36,1.200,0.000,9.434,0.000,-4.779,1,0,1,0.000,1.368,4,0,0.917,2,155.570,4227.121,1.000,0.500,0.990,0.563,0.000,0.094,0.110,0.890,0.548,0.750
39,1.300,0.000,2.000,0.000,-7.434,1,0,1,0.000,1.670,4,0,0.923,2,138.658,4145.600,1.000,0.500,0.653,0.651,0.000,0.263,0.083,0.917,0.492,0.750
42,1.400,0.000,6.403,0.000,4.403,1,0,1,0.000,1.758,3,1,0.857,1,138.658,4145.600,1.000,0.509,0.430,0.766,0.000,1.312,0.060,0.940,0.473,0.750
45,1.500,0.000,3.162,0.000,-3.241,1,0,1,0.000,1.860,3,0,0.867,1,138.658,4145.600,1.000,0.518,0.554,0.760,0.000,0.620,0.074,0.926,0.458,0.750
48,1.600,0.000,4.000,0.000,0.838,1,0,1,0.000,1.963,3,0,0.875,1,138.658,4145.600,1.000,0.526,0.665,0.762,0.000,0.010,0.087,0.913,0.466,0.750
51,1.700,0.000,2.236,0.000,-1.764,1,0,1,0.000,2.000,3,0,0.882,1,138.658,4145.600,1.000,0.533,0.531,0.717,0.000,0.035,0.085,0.915,0.456,0.750
54,1.800,0.000,26.926,0.000,24.690,1,0,1,0.000,2.250,4,1,0.833,2,49.980,4024.824,1.000,0.531,3.111,0.867,0.000,2.497,0.123,0.877,0.677,0.750
57,1.900,0.000,37.336,0.000,10.410,1,0,1,0.000,2.338,4,0,0.842,2,40.817,4299.719,1.000,0.530,4.796,0.826,0.000,0.097,0.167,0.833,0.780,0.350
60,2.000,117.004,0.000,113.004,0.000,1,0,0,0.000,0.000,4,0,0.850,2,24.166,4711.474,1.000,0.528,15.831,0.360,0.000,0.797,0.269,0.731,0.855,0.550
63,2.100,45.453,0.000,-71.551,0.000,1,0,0,0.000,0.370,5,1,0.810,2,0.000,4945.204,1.000,0.526,9.137,0.684,0.000,0.648,0.154,0.846,0.814,0.750
66,2.200,17.029,0.000,-28.424,0.000,1,0,0,0.000,0.190,5,0,0.818,2,63.977,5130.405,1.000,0.525,6.093,0.656,0.000,0.336,0.130,0.870,0.613,0.450
69,2.300,10.000,0.000,-7.029,0.000,1,0,0,0.000,0.202,5,0,0.826,3,0.000,4762.814,1.000,0.517,2.368,0.356,0.000,0.089,0.120,0.880,0.538,0.000
72,2.400,4.472,0.000,-5.528,0.000,1,1,0,0.000,0.196,5,1,0.792,2,0.000,4089.454,1.000,0.517,2.024,0.613,0.000,2.538,0.132,0.868,0.525,0.750
75,2.500,10.000,0.000,5.528,0.000,1,1,0,0.000,0.193,5,0,0.800,2,39.051,3186.374,1.000,0.516,1.784,0.583,0.000,0.054,0.129,0.871,0.551,0.000
78,2.600,9.849,0.000,-0.151,0.000,1,1,0,0.000,0.508,5,0,0.808,3,89.538,1323.144,1.000,0.510,2.132,0.657,0.000,2.139,0.131,0.869,0.590,0.550
81,2.700,19.416,0.000,9.568,0.000,1,1,0,0.000,0.524,4,1,0.778,2,0.000,506.159,1.000,0.510,3.652,0.528,0.000,0.001,0.141,0.859,0.672,0.750
84,2.800,28.653,0.000,9.237,0.000,1,1,0,0.000,0.565,4,0,0.786,2,48.918,484.750,1.000,0.509,4.968,0.349,0.000,0.893,0.161,0.839,0.769,0.000
87,2.900,24.739,0.000,-3.914,0.000,1,1,0,0.000,0.552,4,0,0.793,2,65.192,557.175,1.000,0.509,4.469,0.518,0.000,2.107,0.142,0.858,0.723,0.550
90,3.000,27.166,0.000,2.428,0.000,1,1,0,0.000,0.568,5,1,0.793,2,225.539,1731.245,1.000,0.509,3.318,0.655,0.000,0.163,0.124,0.876,0.680,0.750
93,3.100,18.682,0.000,-8.485,0.000,1,1,0,0.000,0.587,5,0,0.793,2,229.401,2722.369,1.000,0.504,2.001,0.560,2.864,0.532,0.102,0.898,0.607,0.750
96,3.200,6.708,0.000,-11.973,0.000,1,1,0,0.000,0.657,5,0,0.793,2,208.022,3589.774,1.000,0.504,1.664,0.242,2.930,1.224,0.106,0.894,0.554,0.750
99,3.300,0.000,50.329,0.000,12.993,1,0,1,0.000,2.225,5,0,0.793,2,185.149,4640.769,1.000,0.504,3.995,0.435,3.040,1.868,0.138,0.862,0.811,0.750
102,3.400,0.000,0.000,0.000,0.000,0,0,0,0.000,0.000,5,0,0.793,0,185.149,4640.769,0.967,0.504,3.371,0.589,2.760,1.268,0.173,0.827,0.329,0.750
105,3.500,0.000,0.000,0.000,0.000,0,0,0,0.000,0.000,5,0,0.793,0,185.149,4640.769,0.933,0.504,1.694,0.676,2.334,0.769,0.143,0.857,0.277,0.750
108,3.600,0.000,0.000,0.000,0.000,0,0,0,0.000,0.000,4,1,0.759,0,185.149,4640.769,0.900,0.504,1.113,0.354,0.285,2.787,0.095,0.905,0.281,0.750
111,3.700,0.000,0.000,0.000,0.000,0,0,0,0.000,0.000,4,0,0.759,0,185.149,4640.769,0.867,0.504,0.907,0.668,0.027,0.753,0.093,0.907,0.250,0.750
114,3.800,0.000,0.000,0.000,0.000,0,0,0,0.000,0.000,4,0,0.759,0,185.149,4640.769,0.833,0.504,2.046,0.892,0.127,0.258,0.160,0.840,0.259,0.750
117,3.900,0.000,0.000,0.000,0.000,0,0,0,0.000,0.000,4,0,0.759,0,185.149,4640.769,0.800,0.504,2.084,0.764,0.154,0.451,0.139,0.861,0.265,0.750
120,4.000,95.273,0.000,88.565,0.000,1,1,0,0.000,0.913,4,0,0.759,2,0.000,4791.644,0.800,0.385,5.829,0.335,0.172,0.226,0.164,0.836,0.858,0.650
123,4.100,127.577,0.000,32.304,0.000,1,1,0,0.000,0.739,4,0,0.759,3,93.107,5146.850,0.800,0.385,7.192,0.473,0.111,0.201,0.163,0.837,0.928,0.517
126,4.200,0.000,266.721,0.000,216.392,1,0,1,0.000,2.027,4,1,0.724,3,0.000,5306.575,0.800,0.378,9.305,0.612,0.046,0.120,0.165,0.835,0.938,0.750
129,4.300,0.000,16.279,0.000,-250.442,1,0,1,0.000,2.025,4,0,0.759,3,0.000,5223.574,0.800,0.378,6.877,0.821,0.003,0.021,0.158,0.842,0.736,0.450
132,4.400,23.195,0.000,-104.383,0.000,1,1,0,0.000,0.674,4,0,0.759,3,11.705,5192.995,0.800,0.371,3.746,0.734,0.037,0.241,0.113,0.887,0.702,0.500
135,4.500,23.345,0.000,0.150,0.000,1,1,0,0.000,0.653,4,1,0.724,3,0.000,5274.709,0.800,0.371,2.350,0.519,0.121,0.253,0.102,0.898,0.683,0.750
138,4.600,18.439,0.000,-4.906,0.000,1,1,0,0.000,0.633,4,0,0.724,3,0.000,5209.494,0.800,0.364,1.656,0.196,0.191,0.853,0.098,0.902,0.661,0.000
141,4.700,24.207,0.000,5.768,0.000,1,1,0,0.000,0.837,4,0,0.759,3,0.000,4578.189,0.800,0.356,2.355,0.714,0.225,0.232,0.110,0.890,0.674,0.000
144,4.800,22.472,0.000,-1.735,0.000,1,1,0,0.000,0.803,4,1,0.724,3,0.000,3740.725,0.800,0.341,4.469,0.717,0.237,0.454,0.123,0.877,0.717,0.750
147,4.900,20.224,0.000,-2.248,0.000,1,1,0,0.000,0.800,4,0,0.724,3,42.579,2778.630,0.800,0.341,5.863,0.827,0.246,0.410,0.128,0.872,0.732,0.000
150,5.000,24.515,0.000,4.292,0.000,1,1,0,0.000,0.528,4,0,0.759,2,38.328,505.849,0.800,0.341,6.144,0.777,0.173,0.161,0.113,0.887,0.721,0.000
153,5.100,15.524,0.000,-8.991,0.000,1,1,0,0.000,0.449,4,1,0.724,3,33.242,387.668,0.800,0.334,3.614,0.741,0.311,0.170,0.124,0.876,0.656,0.750
156,5.200,8.062,0.000,-7.462,0.000,1,1,0,0.000,0.533,4,0,0.724,3,0.000,337.569,0.800,0.334,1.875,0.708,0.951,0.311,0.132,0.868,0.573,0.580
159,5.300,6.000,0.000,-2.062,0.000,1,1,0,0.000,0.512,4,0,0.759,3,7.810,308.707,0.800,0.334,2.231,0.753,1.440,0.309,0.142,0.858,0.567,0.700
162,5.400,1.414,0.000,-4.586,0.000,1,1,0,0.000,0.597,5,1,0.724,4,0.000,253.477,0.800,0.326,2.282,0.677,1.459,0.095,0.142,0.858,0.558,0.750
165,5.500,11.000,0.000,9.586,0.000,1,1,0,0.000,0.475,5,0,0.724,4,0.000,232.504,0.800,0.318,1.747,0.680,1.469,0.231,0.136,0.864,0.597,0.700
168,5.600,6.083,0.000,-4.917,0.000,1,1,0,0.000,0.637,5,0,0.759,4,1.000,235.199,0.800,0.310,2.229,0.837,0.864,0.227,0.155,0.845,0.571,0.580
171,5.700,3.000,0.000,-3.083,0.000,1,1,0,0.000,0.920,5,1,0.724,3,5.000,236.004,0.800,0.310,1.795,0.804,0.319,0.146,0.146,0.854,0.509,0.750
174,5.800,11.180,0.000,8.180,0.000,1,1,0,0.000,1.052,5,0,0.724,3,0.000,244.719,0.800,0.302,1.546,0.548,0.135,1.143,0.126,0.874,0.566,0.350
177,5.900,0.000,111.018,0.000,94.739,1,0,1,0.000,1.958,5,0,0.759,3,84.900,420.809,0.800,0.408,1.859,0.743,0.325,0.084,0.140,0.860,0.748,0.500
180,6.000,0.000,0.000,0.000,0.000,0,0,0,0.000,0.000,4,0,0.759,0,84.900,420.809,0.767,0.408,2.072,0.613,0.358,0.202,0.122,0.878,0.271,0.650
183,6.100,0.000,0.000,0.000,0.000,0,0,0,0.000,0.000,4,0,0.759,0,84.900,420.809,0.733,0.408,3.363,0.549,0.337,1.002,0.142,0.858,0.304,0.580
186,6.200,0.000,0.000,0.000,0.000,0,0,0,0.000,0.000,4,0,0.759,0,84.900,420.809,0.700,0.408,3.472,0.624,0.279,1.078,0.180,0.820,0.297,0.580
189,6.300,0.000,0.000,0.000,0.000,0,0,0,0.000,0.000,4,0,0.759,0,84.900,420.809,0.667,0.408,2.988,0.702,0.271,0.373,0.183,0.817,0.276,0.580
192,6.400,0.000,0.000,0.000,0.000,0,0,0,0.000,0.000,4,0,0.759,0,84.900,420.809,0.667,0.408,1.718,0.631,0.323,0.129,0.146,0.854,0.249,0.580
195,6.500,0.000,0.000,0.000,0.000,0,0,0,0.000,0.000,4,0,0.793,0,84.900,420.809,0.667,0.408,2.427,0.500,0.492,0.753,0.141,0.859,0.276,0.580
198,6.600,0.000,0.000,0.000,0.000,0,0,0,0.000,0.000,6,1,0.759,0,84.900,420.809,0.667,0.408,4.949,0.198,0.710,0.237,0.193,0.807,0.360,0.750
201,6.700,0.000,0.000,0.000,0.000,0,0,0,0.000,0.000,6,0,0.759,0,84.900,420.809,0.667,0.408,3.437,0.376,0.780,0.074,0.165,0.835,0.310,0.580
204,6.800,33.377,0.000,22.196,0.000,1,1,0,0.000,1.361,6,0,0.759,5,31.385,378.864,0.700,0.267,3.445,0.392,0.791,0.110,0.146,0.854,0.778,0.650
207,6.900,29.069,0.000,-4.308,0.000,1,1,0,0.000,1.274,6,0,0.759,5,22.361,396.988,0.733,0.259,2.281,0.700,0.765,0.664,0.136,0.864,0.708,0.350
210,7.000,8.602,0.000,-20.467,0.000,1,1,0,0.000,1.491,6,0,0.759,5,51.624,396.400,0.733,0.259,1.294,0.825,0.775,0.017,0.130,0.870,0.560,0.580
213,7.100,11.402,0.000,2.799,0.000,1,1,0,0.000,1.625,6,0,0.793,5,122.102,650.184,0.733,0.252,1.586,0.923,0.653,0.395,0.127,0.873,0.576,0.678
216,7.200,13.342,0.000,1.940,0.000,1,1,0,0.000,1.582,5,1,0.759,4,45.541,677.810,0.733,0.252,1.459,0.450,0.556,2.453,0.101,0.899,0.611,0.750
219,7.300,10.440,0.000,-2.901,0.000,1,1,0,0.000,1.414,5,0,0.759,4,10.770,668.835,0.733,0.244,1.049,0.729,0.443,2.166,0.099,0.901,0.565,0.550
222,7.400,21.213,0.000,10.773,0.000,1,1,0,0.000,1.416,5,0,0.793,4,178.732,1538.767,0.733,0.244,1.237,0.402,0.298,3.078,0.088,0.912,0.653,0.750
225,7.500,32.140,0.000,10.927,0.000,1,1,0,0.000,1.307,4,1,0.759,3,168.514,2191.009,0.733,0.244,1.495,0.579,0.239,1.066,0.093,0.907,0.698,0.750
228,7.600,24.021,0.000,-8.119,0.000,1,1,0,0.000,0.997,4,0,0.759,3,163.441,2669.110,0.733,0.244,1.581,0.644,0.251,0.230,0.092,0.908,0.651,0.750
231,7.700,9.220,0.000,-14.801,0.000,1,1,0,0.000,1.090,4,0,0.793,3,4.000,2650.509,0.733,0.244,1.198,0.832,0.417,0.629,0.082,0.918,0.546,0.350
234,7.800,3.606,0.000,-5.614,0.000,1,1,0,0.000,1.166,4,0,0.793,3,34.540,2553.229,0.733,0.244,0.645,0.283,0.574,0.639,0.070,0.930,0.539,0.580
237,7.900,21.840,0.000,18.235,0.000,1,1,0,0.000,0.972,4,0,0.793,3,33.615,2429.069,0.733,0.244,2.914,0.634,0.639,1.551,0.129,0.871,0.673,0.550
240,8.000,13.454,0.000,-8.387,0.000,1,1,0,0.000,1.044,4,0,0.828,3,18.788,2435.674,0.733,0.252,1.512,0.284,0.458,2.708,0.100,0.900,0.616,0.550
243,8.100,11.662,0.000,-1.792,0.000,1,1,0,0.000,1.073,4,0,0.828,3,55.227,2290.705,0.733,0.252,1.402,0.515,0.517,0.682,0.093,0.907,0.587,0.350
246,8.200,9.487,0.000,-2.175,0.000,1,1,0,0.000,0.807,4,0,0.828,3,12.083,2300.599,0.733,0.252,1.852,0.595,0.758,0.177,0.105,0.895,0.580,0.000
249,8.300,13.454,0.000,3.967,0.000,1,1,0,0.000,0.909,4,0,0.862,3,16.401,2313.225,0.733,0.252,1.563,0.859,0.975,2.954,0.089,0.911,0.577,0.550
252,8.400,8.602,0.000,-4.851,0.000,1,1,0,0.000,0.930,4,0,0.862,3,3.606,2304.044,0.733,0.379,0.812,0.601,1.175,0.645,0.063,0.937,0.549,0.350
255,8.500,12.083,0.000,3.481,0.000,1,1,0,0.000,0.852,4,0,0.862,3,1.000,1619.767,0.733,0.379,1.099,0.800,1.281,0.909,0.068,0.932,0.562,0.000
258,8.600,12.083,0.000,0.000,0.000,1,1,0,0.000,0.493,4,0,0.897,3,169.198,1440.740,0.733,0.389,0.923,0.611,1.216,0.204,0.061,0.939,0.570,0.750
261,8.700,9.055,0.000,-3.028,0.000,1,1,0,0.000,0.494,4,0,0.897,3,1.414,1467.194,0.733,0.389,1.016,0.538,1.181,2.871,0.083,0.917,0.561,0.550
264,8.800,3.162,0.000,-5.893,0.000,1,1,0,0.000,0.422,4,0,0.897,2,4.000,794.637,0.733,0.399,0.945,0.670,1.164,0.258,0.094,0.906,0.472,0.580
267,8.900,9.220,0.000,6.057,0.000,1,1,0,0.000,0.533,4,0,0.897,3,1.000,811.054,0.733,0.399,1.093,0.837,1.096,2.377,0.088,0.912,0.543,0.550
270,9.000,4.123,0.000,-5.096,0.000,1,1,0,0.000,0.698,4,1,0.862,3,1.414,827.240,0.767,0.408,0.737,0.462,1.030,2.352,0.070,0.930,0.536,0.750
273,9.100,5.000,0.000,0.877,0.000,1,1,0,0.000,0.597,5,1,0.828,4,5.831,783.964,0.800,0.408,1.233,0.910,1.020,0.636,0.108,0.892,0.535,0.750
276,9.200,12.530,0.000,7.530,0.000,1,1,0,0.000,0.829,5,0,0.828,4,184.719,1480.699,0.833,0.408,0.876,0.602,0.944,2.761,0.053,0.947,0.593,0.750
279,9.300,13.000,0.000,0.470,0.000,1,1,0,0.000,0.867,7,1,0.793,6,8.062,1478.269,0.867,0.399,1.797,0.864,0.837,0.588,0.085,0.915,0.615,0.750
282,9.400,18.682,0.000,5.682,0.000,1,1,0,0.000,1.029,7,0,0.793,6,121.165,1704.744,0.900,0.389,1.512,0.551,0.601,2.485,0.113,0.887,0.665,0.673
285,9.500,49.041,0.000,30.359,0.000,1,1,0,0.000,1.060,7,0,0.828,5,31.401,1676.859,0.933,0.379,4.292,0.427,0.743,2.695,0.155,0.845,0.868,0.550
288,9.600,99.086,0.000,50.045,0.000,1,1,0,0.000,1.073,5,1,0.793,2,0.000,1955.639,0.967,0.389,5.314,0.347,0.524,0.689,0.187,0.813,0.847,0.750
291,9.700,132.378,0.000,33.292,0.000,1,1,0,0.000,1.027,5,0,0.793,2,0.000,1955.639,1.000,0.389,8.150,0.312,0.119,0.727,0.193,0.807,0.920,0.450
294,9.800,0.000,0.000,0.000,0.000,0,0,0,0.000,0.000,5,0,0.793,0,0.000,1955.639,0.967,0.389,8.432,0.658,0.614,0.220,0.221,0.779,0.440,0.650
297,9.900,0.000,0.000,0.000,0.000,0,0,0,0.000,0.000,5,0,0.793,0,0.000,1955.639,0.933,0.389,3.148,0.717,1.988,0.763,0.181,0.819,0.311,0.700
300,10.000,0.000,0.000,0.000,0.000,0,0,0,0.000,0.000,5,0,0.793,0,0.000,1955.639,0.900,0.389,3.106,0.843,2.543,1.217,0.190,0.810,0.297,0.700
303,10.100,0.000,0.000,0.000,0.000,0,0,0,0.000,0.000,5,0,0.828,0,0.000,1955.639,0.867,0.389,3.022,0.890,2.804,0.299,0.187,0.813,0.287,0.700
306,10.200,0.000,0.000,0.000,0.000,0,0,0,0.000,0.000,4,1,0.793,0,0.000,1955.639,0.833,0.389,1.423,0.701,3.090,0.232,0.147,0.853,0.256,0.750
309,10.300,0.000,456.075,0.000,345.057,1,0,1,0.000,1.747,4,0,0.793,3,382.021,4245.114,0.833,0.302,12.780,0.045,3.154,2.187,0.363,0.637,0.982,0.750
312,10.400,0.000,15.620,0.000,-440.454,1,0,1,0.000,1.738,4,0,0.828,3,10.770,6178.300,0.833,0.302,4.149,0.230,4.633,1.618,0.164,0.836,0.709,0.700
315,10.500,0.000,12.083,0.000,-3.537,1,0,1,0.000,1.427,3,1,0.793,2,10.770,6178.300,0.833,0.302,4.466,0.292,5.006,0.209,0.160,0.840,0.578,0.750
318,10.600,0.000,3.606,0.000,-8.477,1,0,1,0.000,1.349,3,0,0.793,2,10.770,6178.300,0.833,0.311,4.800,0.187,5.384,0.012,0.171,0.829,0.547,0.700
321,10.700,0.000,5.385,0.000,1.780,1,0,1,0.000,1.301,3,0,0.793,2,10.770,6178.300,0.833,0.311,7.131,0.129,5.919,0.112,0.197,0.803,0.619,0.700
324,10.800,568.537,29.833,436.158,24.448,2,1,1,30.594,1.334,3,0,0.793,4,10.770,6178.300,0.833,0.311,6.055,0.219,6.622,0.024,0.205,0.795,0.916,0.700
327,10.900,0.000,16.401,0.000,-13.432,1,0,1,0.000,1.055,3,0,0.793,2,10.770,6178.300,0.833,0.311,6.038,0.225,7.103,0.167,0.210,0.790,0.646,0.700
330,11.000,0.000,21.024,0.000,4.623,1,0,1,0.000,0.880,3,0,0.793,2,10.770,6178.300,0.833,0.311,5.398,0.341,12.276,1.225,0.210,0.790,0.648,0.700
333,11.100,0.000,22.847,0.000,1.824,1,0,1,0.000,0.744,3,0,0.793,2,10.770,6178.300,0.833,0.320,4.571,0.209,4.934,0.085,0.199,0.801,0.647,0.700
336,11.200,0.000,16.279,0.000,-6.568,1,0,1,0.000,0.561,3,0,0.793,2,10.770,6178.300,0.833,0.320,4.100,0.216,2.984,0.116,0.184,0.816,0.598,0.700
339,11.300,0.000,10.296,0.000,-5.983,1,0,1,0.000,0.858,3,0,0.793,2,10.770,6178.300,0.833,0.320,4.308,0.633,1.524,0.250,0.205,0.795,0.541,0.700
342,11.400,0.000,2.828,0.000,-7.467,1,0,1,0.000,0.823,3,0,0.793,2,10.770,6178.300,0.833,0.320,4.205,0.813,0.932,1.322,0.226,0.774,0.484,0.580
345,11.500,0.000,14.318,0.000,11.489,1,0,1,0.000,0.900,3,0,0.793,2,10.770,6178.300,0.833,0.328,4.565,0.907,0.913,0.017,0.239,0.761,0.550,0.000
348,11.600,0.000,6.403,0.000,-7.915,1,0,1,0.000,0.908,3,0,0.793,2,10.770,6178.300,0.833,0.328,6.230,0.950,0.911,0.126,0.258,0.742,0.545,0.580
351,11.700,0.000,14.142,0.000,7.739,1,0,1,0.000,0.975,4,1,0.759,3,120.283,6696.925,0.833,0.328,7.104,0.954,0.961,0.065,0.264,0.736,0.724,0.750
354,11.800,0.000,1.000,0.000,-13.142,1,0,1,0.000,1.162,4,0,0.759,3,15.033,7220.254,0.833,0.337,6.443,0.955,1.112,0.147,0.263,0.737,0.635,0.580
357,11.900,0.000,0.000,0.000,0.000,0,0,0,0.000,0.000,4,0,0.793,0,15.033,7220.254,0.800,0.337,6.552,0.962,0.446,0.389,0.267,0.733,0.362,0.650
360,12.000,0.000,0.000,0.000,0.000,0,0,0,0.000,0.000,3,1,0.793,0,15.033,7220.254,0.767,0.337,6.372,0.963,0.443,0.111,0.269,0.731,0.254,0.750
363,12.100,0.000,0.000,0.000,0.000,0,0,0,0.000,0.000,3,0,0.793,0,15.033,7220.254,0.733,0.337,5.049,0.899,0.422,0.351,0.263,0.737,0.221,0.580
366,12.200,0.000,0.000,0.000,0.000,0,0,0,0.000,0.000,3,0,0.828,0,15.033,7220.254,0.700,0.337,4.440,0.845,0.364,0.169,0.255,0.745,0.206,0.580
369,12.300,0.000,0.000,0.000,0.000,0,0,0,0.000,0.000,4,1,0.793,0,15.033,7220.254,0.667,0.337,4.243,0.726,0.176,0.651,0.242,0.758,0.305,0.750
372,12.400,0.000,0.000,0.000,0.000,0,0,0,0.000,0.000,4,0,0.793,0,15.033,7220.254,0.633,0.337,4.684,0.246,0.042,1.572,0.238,0.762,0.346,0.580
375,12.500,0.000,0.000,0.000,0.000,0,0,0,0.000,0.000,4,0,0.828,0,15.033,7220.254,0.600,0.337,5.487,0.331,0.099,0.274,0.233,0.767,0.356,0.580
378,12.600,0.000,0.000,0.000,0.000,0,0,0,0.000,0.000,4,0,0.828,0,15.033,7220.254,0.567,0.337,5.157,0.450,0.125,2.298,0.220,0.780,0.335,0.580
381,12.700,0.000,0.000,0.000,0.000,0,0,0,0.000,0.000,4,0,0.828,0,15.033,7220.254,0.533,0.337,7.175,0.735,0.092,0.443,0.222,0.778,0.362,0.580
384,12.800,0.000,0.000,0.000,0.000,0,0,0,0.000,0.000,4,0,0.828,0,15.033,7220.254,0.533,0.337,6.802,0.908,0.086,0.274,0.217,0.783,0.341,0.580
387,12.900,0.000,0.000,0.000,0.000,0,0,0,0.000,0.000,4,0,0.828,0,15.033,7220.254,0.533,0.337,3.637,0.831,0.267,0.399,0.182,0.818,0.267,0.580
390,13.000,0.000,0.000,0.000,0.000,0,0,0,0.000,0.000,4,0,0.828,0,15.033,7220.254,0.533,0.337,4.285,0.763,0.227,1.385,0.196,0.804,0.288,0.580
393,13.100,0.000,0.000,0.000,0.000,0,0,0,0.000,0.000,4,0,0.862,0,15.033,7220.254,0.533,0.337,4.487,0.824,0.184,1.064,0.195,0.805,0.288,0.580
396,13.200,0.000,0.000,0.000,0.000,0,0,0,0.000,0.000,3,1,0.828,0,15.033,7220.254,0.533,0.337,3.101,0.925,0.048,0.635,0.178,0.822,0.147,0.750
399,13.300,0.000,0.000,0.000,0.000,0,0,0,0.000,0.000,3,0,0.828,0,15.033,7220.254,0.500,0.337,2.985,0.938,0.249,0.086,0.176,0.824,0.139,0.580
402,13.400,0.000,0.000,0.000,0.000,0,0,0,0.000,0.000,3,0,0.862,0,15.033,7220.254,0.467,0.337,3.196,0.645,0.321,0.578,0.166,0.834,0.161,0.580
405,13.500,0.000,0.000,0.000,0.000,0,0,0,0.000,0.000,4,1,0.828,0,15.033,7220.254,0.433,0.337,3.812,0.464,0.686,0.597,0.188,0.812,0.285,0.750
408,13.600,0.000,0.000,0.000,0.000,0,0,0,0.000,0.000,4,0,0.828,0,15.033,7220.254,0.400,0.337,5.237,0.072,0.981,0.655,0.195,0.805,0.344,0.580
411,13.700,0.000,0.000,0.000,0.000,0,0,0,0.000,0.000,4,0,0.828,0,15.033,7220.254,0.367,0.337,6.009,0.126,0.995,0.405,0.197,0.803,0.355,0.580
414,13.800,0.000,0.000,0.000,0.000,0,0,0,0.000,0.000,3,1,0.793,0,15.033,7220.254,0.333,0.337,6.617,0.197,0.755,0.242,0.194,0.806,0.262,0.750
417,13.900,0.000,0.000,0.000,0.000,0,0,0,0.000,0.000,3,0,0.793,0,15.033,7220.254,0.300,0.337,6.084,0.095,0.458,0.227,0.190,0.810,0.251,0.580
420,14.000,0.000,0.000,0.000,0.000,0,0,0,0.000,0.000,3,0,0.793,0,15.033,7220.254,0.267,0.337,7.253,0.233,0.279,0.314,0.200,0.800,0.267,0.580
423,14.100,0.000,0.000,0.000,0.000,0,0,0,0.000,0.000,3,0,0.793,0,15.033,7220.254,0.233,0.337,7.554,0.618,0.167,1.460,0.208,0.792,0.244,0.580
426,14.200,0.000,0.000,0.000,0.000,0,0,0,0.000,0.000,3,0,0.793,0,15.033,7220.254,0.200,0.337,5.637,0.801,0.048,0.126,0.220,0.780,0.179,0.580
429,14.300,0.000,0.000,0.000,0.000,0,0,0,0.000,0.000,3,0,0.793,0,15.033,7220.254,0.167,0.337,6.408,0.890,0.340,0.441,0.236,0.764,0.188,0.580
432,14.400,0.000,0.000,0.000,0.000,0,0,0,0.000,0.000,3,0,0.793,0,15.033,7220.254,0.133,0.337,6.714,0.917,0.524,0.113,0.244,0.756,0.190,0.580
435,14.500,0.000,0.000,0.000,0.000,0,0,0,0.000,0.000,3,0,0.793,0,15.033,7220.254,0.100,0.337,7.547,0.954,0.276,0.149,0.255,0.745,0.204,0.580
438,14.600,0.000,0.000,0.000,0.000,0,0,0,0.000,0.000,3,0,0.828,0,15.033,7220.254,0.067,0.337,7.110,0.946,0.060,0.016,0.256,0.744,0.190,0.580
441,14.700,368.543,0.000,-199.994,0.000,1,1,0,0.000,1.310,4,1,0.793,3,0.000,6827.519,0.067,0.195,5.777,0.951,0.196,0.039,0.239,0.761,0.771,0.750
444,14.800,12.042,0.000,-356.501,0.000,1,1,0,0.000,1.346,4,0,0.793,3,9.220,6788.245,0.067,0.198,3.375,0.932,0.561,0.162,0.204,0.796,0.529,0.580
447,14.900,17.804,0.000,5.763,0.000,1,1,0,0.000,1.291,4,0,0.828,3,21.024,6677.565,0.100,0.198,2.740,0.946,0.734,0.317,0.197,0.803,0.548,0.350
450,15.000,12.166,0.000,-5.639,0.000,1,1,0,0.000,1.221,3,1,0.793,2,0.000,6050.459,0.133,0.201,2.876,0.930,0.891,0.861,0.198,0.802,0.410,0.750
453,15.100,18.868,0.000,8.428,0.000,2,1,0,18.868,1.551,3,0,0.793,4,17.029,5199.009,0.167,0.201,2.597,0.803,1.027,0.279,0.153,0.847,0.564,0.650
456,15.200,13.038,0.000,1.858,0.000,2,1,0,13.038,1.673,3,0,0.828,4,65.376,4979.908,0.200,0.201,1.692,0.772,0.865,0.635,0.128,0.872,0.515,0.580
459,15.300,9.434,0.000,3.603,0.000,2,1,0,9.434,1.573,3,0,0.828,2,65.376,4979.908,0.233,0.201,0.528,0.145,0.516,0.674,0.074,0.926,0.453,0.580
462,15.400,14.142,0.000,4.708,0.000,1,1,0,0.000,1.617,3,0,0.828,2,0.000,4278.388,0.267,0.188,1.260,0.414,0.061,1.392,0.099,0.901,0.433,0.650
465,15.500,32.202,0.000,18.060,0.000,1,1,0,0.000,1.563,3,0,0.828,2,0.000,2564.847,0.300,0.188,4.171,0.726,0.244,0.414,0.175,0.825,0.588,0.350
468,15.600,19.698,0.000,-12.505,0.000,1,1,0,0.000,1.470,3,0,0.828,2,0.000,1001.657,0.333,0.191,4.593,0.772,0.444,0.002,0.196,0.804,0.530,0.350
471,15.700,8.246,0.000,-11.452,0.000,1,1,0,0.000,1.402,3,0,0.828,2,3.606,511.469,0.367,0.191,3.446,0.895,0.631,1.778,0.204,0.796,0.433,0.580
474,15.800,0.000,0.000,0.000,0.000,0,0,0,0.000,0.000,3,0,0.828,0,3.606,511.469,0.367,0.191,12.881,0.126,0.693,0.288,0.506,0.494,0.305,0.756
477,15.900,0.000,0.000,0.000,0.000,0,0,0,0.000,0.000,4,1,0.793,0,3.606,511.469,0.367,0.191,1.849,0.978,0.400,1.756,0.179,0.821,0.192,0.750
480,16.000,584.901,0.000,576.655,0.000,1,1,0,0.000,1.219,4,0,0.793,2,475.422,5163.974,0.400,0.197,1.237,0.942,0.754,0.173,0.140,0.860,0.653,0.750
483,16.100,5.099,0.000,-579.802,0.000,1,1,0,0.000,1.403,4,0,0.828,2,146.240,6913.334,0.433,0.197,1.184,0.148,1.126,1.008,0.103,0.897,0.490,0.750
486,16.200,14.866,0.000,9.767,0.000,1,1,0,0.000,1.136,4,0,0.828,2,146.240,6913.334,0.467,0.197,2.211,0.155,1.468,1.399,0.126,0.874,0.573,0.750
489,16.300,0.000,0.000,0.000,0.000,0,0,0,0.000,0.000,4,0,0.828,0,146.240,6913.334,0.467,0.197,2.450,0.565,1.918,0.514,0.127,0.873,0.248,0.750
492,16.400,0.000,0.000,0.000,0.000,0,0,0,0.000,0.000,4,0,0.862,0,146.240,6913.334,0.467,0.197,1.592,0.821,2.051,2.013,0.151,0.849,0.208,0.750
495,16.500,0.000,0.000,0.000,0.000,0,0,0,0.000,0.000,4,0,0.862,0,146.240,6913.334,0.467,0.197,1.567,0.299,1.994,2.100,0.108,0.892,0.244,0.750
498,16.600,7.211,0.000,-7.655,0.000,1,1,0,0.000,1.299,4,0,0.862,2,12.000,8549.839,0.500,0.208,1.858,0.922,1.877,2.348,0.155,0.845,0.472,0.700
501,16.700,9.220,0.000,2.008,0.000,1,1,0,0.000,1.348,4,0,0.897,2,12.000,8549.839,0.533,0.208,2.234,0.455,1.598,3.028,0.120,0.880,0.529,0.700
504,16.800,0.000,0.000,0.000,0.000,0,0,0,0.000,0.000,4,0,0.897,0,12.000,8549.839,0.533,0.208,1.572,0.883,1.235,0.419,0.149,0.851,0.212,0.650
507,16.900,0.000,469.138,0.000,468.138,1,0,1,0.000,1.380,4,0,0.897,2,12.000,8549.839,0.567,0.210,1.832,0.404,0.868,0.371,0.105,0.895,0.726,0.650
510,17.000,0.000,0.000,0.000,0.000,0,0,0,0.000,0.000,4,0,0.897,0,12.000,8549.839,0.567,0.210,1.003,0.436,0.667,1.821,0.097,0.903,0.233,0.650
513,17.100,0.000,0.000,0.000,0.000,0,0,0,0.000,0.000,4,0,0.897,0,12.000,8549.839,0.567,0.210,1.580,0.230,0.700,2.916,0.088,0.912,0.261,0.580
516,17.200,0.000,0.000,0.000,0.000,0,0,0,0.000,0.000,4,0,0.897,0,12.000,8549.839,0.567,0.210,1.175,0.397,0.751,1.672,0.088,0.912,0.240,0.580
519,17.300,0.000,20.518,0.000,-448.619,1,0,1,0.000,1.313,4,0,0.897,1,12.000,8549.839,0.600,0.218,2.232,0.549,0.763,0.650,0.105,0.895,0.548,0.650
522,17.400,0.000,0.000,0.000,0.000,0,0,0,0.000,0.000,4,0,0.897,0,12.000,8549.839,0.600,0.218,2.027,0.246,0.914,2.625,0.092,0.908,0.275,0.650
525,17.500,0.000,0.000,0.000,0.000,0,0,0,0.000,0.000,4,0,0.897,0,12.000,8549.839,0.600,0.218,1.548,0.646,0.803,2.041,0.149,0.851,0.236,0.580
528,17.600,0.000,8.544,0.000,-11.974,1,0,1,0.000,1.108,4,0,0.931,2,12.000,8549.839,0.633,0.223,2.185,0.794,0.671,0.836,0.126,0.874,0.513,0.650
531,17.700,32.016,0.000,22.796,0.000,1,1,0,0.000,1.447,3,1,0.897,2,12.000,8549.839,0.633,0.223,2.092,0.279,0.531,2.977,0.113,0.887,0.607,0.750
534,17.800,0.000,0.000,0.000,0.000,0,0,0,0.000,0.000,3,0,0.897,0,12.000,8549.839,0.600,0.223,1.689,0.670,0.462,2.239,0.153,0.847,0.137,0.650
537,17.900,0.000,0.000,0.000,0.000,0,0,0,0.000,0.000,3,0,0.931,0,12.000,8549.839,0.567,0.223,1.850,0.660,0.458,0.717,0.108,0.892,0.138,0.580
540,18.000,37.855,0.000,5.839,0.000,1,1,0,0.000,1.694,3,0,0.931,1,12.000,8549.839,0.567,0.231,1.148,0.702,0.421,0.006,0.120,0.880,0.518,0.650
543,18.100,0.000,0.000,0.000,0.000,0,0,0,0.000,0.000,3,0,0.931,0,12.000,8549.839,0.533,0.231,2.639,0.608,0.398,2.327,0.151,0.849,0.157,0.650
546,18.200,0.000,0.000,0.000,0.000,0,0,0,0.000,0.000,3,0,0.931,0,12.000,8549.839,0.500,0.231,1.295,0.455,0.361,1.042,0.089,0.911,0.130,0.580
549,18.300,10.817,0.000,-27.038,0.000,1,1,0,0.000,1.772,4,1,0.897,2,12.000,8549.839,0.500,0.236,1.035,0.151,0.397,0.075,0.077,0.923,0.525,0.750
552,18.400,0.000,31.321,0.000,22.777,1,0,1,0.000,1.261,4,0,0.897,2,12.000,8549.839,0.500,0.236,1.953,0.429,0.440,1.340,0.058,0.942,0.643,0.550
555,18.500,0.000,0.000,0.000,0.000,0,0,0,0.000,0.000,4,0,0.897,0,12.000,8549.839,0.467,0.236,0.890,0.565,0.454,2.931,0.042,0.958,0.209,0.650
558,18.600,0.000,0.000,0.000,0.000,0,0,0,0.000,0.000,4,0,0.897,0,12.000,8549.839,0.433,0.236,2.170,0.373,0.379,1.611,0.127,0.873,0.250,0.580
561,18.700,0.000,0.000,0.000,0.000,0,0,0,0.000,0.000,4,0,0.897,0,12.000,8549.839,0.400,0.236,2.063,0.661,0.297,1.648,0.107,0.893,0.223,0.580
564,18.800,0.000,242.539,0.000,211.218,1,0,1,0.000,1.170,4,0,0.931,3,131.894,8803.360,0.433,0.240,1.216,0.654,0.222,1.674,0.116,0.884,0.722,0.733
567,18.900,0.000,0.000,0.000,0.000,0,0,0,0.000,0.000,3,1,0.897,0,131.894,8803.360,0.433,0.240,1.733,0.490,0.035,0.837,0.096,0.904,0.131,0.750
570,19.000,0.000,0.000,0.000,0.000,0,0,0,0.000,0.000,3,0,0.897,0,131.894,8803.360,0.400,0.240,1.903,0.866,0.038,1.669,0.143,0.857,0.105,0.733
573,19.100,16.971,0.000,6.154,0.000,1,1,0,0.000,1.802,3,0,0.897,2,131.894,8803.360,0.400,0.247,2.979,0.834,0.033,0.514,0.154,0.846,0.478,0.733
576,19.200,312.853,0.000,286.891,0.000,2,1,0,312.853,1.692,3,0,0.897,4,51.108,8890.588,0.400,0.398,3.134,0.860,0.068,0.206,0.191,0.809,0.746,0.650
579,19.300,327.617,0.000,14.764,0.000,1,1,0,0.000,1.723,3,0,0.897,1,51.108,8890.588,0.433,0.404,1.240,0.477,0.125,0.247,0.105,0.895,0.560,0.650
582,19.400,474.654,245.801,147.036,3.262,2,1,1,464.604,1.978,3,0,0.897,4,0.000,9214.567,0.467,0.404,1.596,0.207,0.198,0.287,0.111,0.889,0.761,0.650
585,19.500,50.804,9.487,-423.850,-236.314,2,1,1,486.352,1.985,3,0,0.897,4,0.000,9214.567,0.500,0.398,2.038,0.910,0.103,0.191,0.173,0.827,0.727,0.450
588,19.600,40.311,3.606,-10.492,-5.881,2,1,1,500.576,1.664,3,0,0.897,4,0.000,9214.567,0.500,0.398,3.155,0.925,0.321,0.144,0.208,0.792,0.728,0.350
591,19.700,537.015,0.000,21.308,0.000,2,1,0,537.015,1.838,3,0,0.897,3,0.000,9214.567,0.500,0.398,1.582,0.867,0.238,0.561,0.151,0.849,0.719,0.500
594,19.800,29.530,23.409,-507.485,19.804,2,1,1,518.426,1.909,3,0,0.897,3,109.659,9957.900,0.533,0.398,2.574,0.876,0.422,0.325,0.203,0.797,0.661,0.609
597,19.900,521.116,0.000,-16.977,0.000,2,1,0,521.116,1.940,3,0,0.897,3,109.659,9957.900,0.533,0.398,3.483,0.879,0.685,0.233,0.207,0.793,0.770,0.609
600,20.000,19.105,0.000,-502.011,0.000,1,1,0,0.000,1.871,3,0,0.897,2,109.659,9957.900,0.567,0.398,3.422,0.671,0.875,1.446,0.169,0.831,0.533,0.650
603,20.100,8.944,0.000,-10.161,0.000,1,1,0,0.000,1.772,3,0,0.897,2,109.659,9957.900,0.600,0.398,3.265,0.496,1.213,0.164,0.155,0.845,0.489,0.609
606,20.200,14.866,0.000,5.922,0.000,1,1,0,0.000,1.853,3,0,0.897,2,109.659,9957.900,0.633,0.398,3.928,0.738,1.249,2.034,0.222,0.778,0.525,0.609
609,20.300,23.022,0.000,8.156,0.000,1,1,0,0.000,1.746,3,0,0.897,2,27.295,10110.754,0.633,0.395,5.564,0.769,1.424,0.078,0.256,0.744,0.609,0.700
612,20.400,26.476,0.000,3.455,0.000,1,1,0,0.000,1.389,4,1,0.862,2,18.868,9336.919,0.667,0.395,7.789,0.689,2.139,0.122,0.266,0.734,0.764,0.750
615,20.500,13.928,0.000,-12.548,0.000,1,1,0,0.000,1.231,4,0,0.862,2,0.000,8837.704,0.700,0.395,8.038,0.813,3.041,0.015,0.267,0.733,0.694,0.700
618,20.600,3.606,0.000,-10.323,0.000,1,1,0,0.000,1.391,4,0,0.897,2,22.204,8101.375,0.700,0.396,8.699,0.979,3.829,0.020,0.266,0.734,0.625,0.700
621,20.700,2.000,62.642,-1.606,39.232,2,1,1,483.373,1.454,4,0,0.897,3,0.000,6957.970,0.700,0.387,9.145,0.966,3.846,0.008,0.262,0.738,0.951,0.700
624,20.800,9.487,27.459,7.487,-35.183,2,1,1,450.254,1.663,4,0,0.897,3,35.609,3585.668,0.733,0.384,9.155,0.961,3.820,0.049,0.264,0.736,0.858,0.700
627,20.900,8.062,24.083,-1.425,-3.376,2,1,1,440.093,1.630,4,0,0.897,3,0.000,1199.487,0.767,0.384,9.710,0.935,4.552,0.011,0.264,0.736,0.845,0.700
630,21.000,474.752,0.000,462.752,0.000,2,1,0,474.752,1.732,4,0,0.897,3,0.000,641.027,0.767,0.381,9.550,0.901,5.359,0.083,0.256,0.744,0.964,0.700
633,21.100,467.934,71.470,-6.818,47.387,2,1,1,503.922,2.089,4,0,0.897,3,0.000,621.319,0.800,0.401,8.410,0.923,6.201,0.098,0.252,0.748,0.966,0.700
636,21.200,504.810,495.586,36.876,424.115,2,1,1,496.956,2.304,4,0,0.931,3,0.000,392.817,0.833,0.426,7.186,0.870,6.197,0.029,0.248,0.752,0.954,0.700
639,21.300,485.741,450.410,-19.069,-45.176,2,1,1,438.953,2.461,4,0,0.931,4,0.000,384.889,0.833,0.426,7.197,0.678,6.819,0.014,0.237,0.763,1.000,0.700
642,21.400,33.242,0.000,-452.499,0.000,1,1,0,0.000,2.511,4,0,0.931,3,24.187,623.625,0.833,0.417,7.244,0.649,7.367,0.128,0.231,0.769,0.855,0.700
645,21.500,378.001,0.000,349.541,0.000,2,1,0,378.001,2.027,4,0,0.931,4,94.763,753.250,0.867,0.417,5.726,0.582,6.671,0.144,0.213,0.787,0.986,0.700
648,21.600,334.325,0.000,-38.402,0.000,2,1,0,334.325,2.458,4,0,0.931,5,0.000,688.069,0.900,0.417,3.954,0.512,6.740,0.088,0.190,0.810,0.951,0.700
651,21.700,0.000,373.449,0.000,-76.961,1,0,1,0.000,2.296,4,0,0.931,3,86.371,763.019,0.933,0.417,2.607,0.570,6.388,0.276,0.174,0.826,0.822,0.700
654,21.800,335.090,0.000,0.765,0.000,1,1,0,0.000,2.463,4,0,0.966,3,44.147,762.388,0.933,0.417,1.688,0.551,5.524,0.906,0.145,0.855,0.801,0.700
657,21.900,5.000,0.000,-330.090,0.000,1,1,0,0.000,2.083,3,1,0.931,2,54.745,721.928,0.967,0.426,1.347,0.573,3.906,0.239,0.124,0.876,0.457,0.750
660,22.000,4.472,0.000,-0.528,0.000,1,1,0,0.000,1.956,2,1,0.897,1,4.472,689.650,1.000,0.426,0.984,0.066,2.128,1.370,0.104,0.896,0.455,0.750
663,22.100,24.187,0.000,19.715,0.000,1,1,0,0.000,1.791,2,0,0.897,1,24.187,680.829,1.000,0.435,0.827,0.923,1.301,2.144,0.097,0.903,0.500,0.580
666,22.200,6.403,0.000,-17.784,0.000,1,1,0,0.000,1.755,3,1,0.862,1,23.022,686.597,1.000,0.444,1.248,0.959,0.715,1.142,0.135,0.865,0.380,0.750
669,22.300,0.000,0.000,0.000,0.000,0,0,0,0.000,0.000,3,0,0.862,0,23.022,686.597,0.967,0.444,1.227,0.955,0.283,0.398,0.147,0.853,0.150,0.650
672,22.400,0.000,0.000,0.000,0.000,0,0,0,0.000,0.000,3,0,0.862,0,23.022,686.597,0.933,0.444,1.790,0.971,0.109,0.310,0.175,0.825,0.159,0.580
675,22.500,0.000,0.000,0.000,0.000,0,0,0,0.000,0.000,4,1,0.828,0,23.022,686.597,0.900,0.444,1.691,0.889,0.478,0.097,0.163,0.837,0.258,0.750
678,22.600,0.000,0.000,0.000,0.000,0,0,0,0.000,0.000,4,0,0.828,0,23.022,686.597,0.867,0.444,1.595,0.706,0.830,0.173,0.142,0.858,0.264,0.580
681,22.700,0.000,27.313,0.000,-346.136,1,0,1,0.000,2.129,4,0,0.828,2,0.000,796.548,0.867,0.374,2.526,0.651,1.124,0.088,0.173,0.827,0.663,0.650
684,22.800,83.546,0.000,77.143,0.000,1,1,0,0.000,1.986,3,1,0.793,2,0.000,957.817,0.867,0.374,2.749,0.760,1.518,1.484,0.174,0.826,0.689,0.750
687,22.900,9.849,0.000,-73.698,0.000,1,1,0,0.000,1.914,3,0,0.793,2,52.697,1042.307,0.867,0.374,2.899,0.835,1.940,0.523,0.198,0.802,0.493,0.700
690,23.000,255.249,0.000,234.633,0.000,2,1,0,255.249,1.354,3,0,0.793,4,35.468,951.090,0.867,0.365,2.611,0.488,2.374,0.542,0.152,0.848,0.815,0.700
693,23.100,231.709,0.000,-23.540,0.000,1,1,0,0.000,1.734,3,0,0.793,2,0.000,998.380,0.867,0.365,2.707,0.883,2.821,2.058,0.184,0.816,0.680,0.700
696,23.200,27.295,0.000,-204.414,0.000,1,1,0,0.000,1.548,3,0,0.793,2,80.802,954.069,0.867,0.365,2.186,0.784,3.037,0.162,0.151,0.849,0.575,0.700
699,23.300,0.000,254.515,0.000,227.202,1,0,1,0.000,2.229,3,0,0.828,2,126.016,1088.297,0.867,0.365,1.785,0.446,2.721,2.374,0.115,0.885,0.687,0.700
702,23.400,0.000,31.623,0.000,-222.892,1,0,1,0.000,2.156,3,0,0.828,2,40.853,1245.434,0.867,0.365,2.337,0.553,2.143,0.370,0.124,0.876,0.619,0.700
705,23.500,0.000,11.180,0.000,-20.442,1,0,1,0.000,2.220,3,0,0.828,2,40.853,1245.434,0.867,0.374,1.142,0.450,1.678,0.105,0.084,0.916,0.483,0.700
708,23.600,0.000,17.088,0.000,5.908,1,0,1,0.000,2.193,3,0,0.828,2,40.853,1245.434,0.867,0.374,2.068,0.714,1.360,0.850,0.114,0.886,0.521,0.580
711,23.700,0.000,5.000,0.000,-12.088,1,0,1,0.000,2.082,3,0,0.828,2,40.853,1245.434,0.867,0.374,2.132,0.787,1.097,1.905,0.134,0.866,0.450,0.580
714,23.800,0.000,196.621,0.000,178.237,2,0,1,196.621,1.702,3,0,0.828,4,0.000,1469.525,0.867,0.374,0.777,0.649,0.911,1.416,0.067,0.933,0.758,0.650
717,23.900,0.000,189.180,0.000,-7.442,1,0,1,0.000,1.888,3,0,0.828,2,0.000,1469.525,0.867,0.374,1.925,0.770,0.773,0.166,0.124,0.876,0.668,0.650
720,24.000,0.000,15.133,0.000,-174.047,1,0,1,0.000,1.798,3,0,0.828,2,0.000,1469.525,0.867,0.382,1.409,0.320,0.657,0.652,0.095,0.905,0.521,0.580
723,24.100,0.000,173.954,0.000,159.088,2,0,1,173.954,1.728,3,0,0.828,4,47.424,1295.715,0.867,0.382,1.133,0.369,0.551,0.638,0.100,0.900,0.786,0.650
726,24.200,0.000,211.426,0.000,32.214,2,0,1,211.426,1.931,3,0,0.828,4,22.804,1049.225,0.867,0.374,1.251,0.195,0.443,0.505,0.083,0.917,0.802,0.450
729,24.300,14.318,207.193,-12.977,-4.233,2,1,1,206.041,2.145,3,0,0.828,4,36.235,1120.767,0.867,0.374,1.185,0.447,0.392,1.362,0.074,0.926,0.782,0.550
732,24.400,2.000,14.318,-12.318,-192.875,2,1,1,193.876,2.295,3,0,0.828,4,0.000,1109.719,0.867,0.382,1.529,0.509,0.362,0.685,0.099,0.901,0.616,0.580
735,24.500,0.000,10.770,0.000,-3.547,1,0,1,0.000,2.300,3,0,0.828,2,123.843,1225.894,0.867,0.382,1.282,0.461,0.355,2.613,0.072,0.928,0.484,0.688
738,24.600,0.000,5.385,0.000,-5.385,1,0,1,0.000,2.305,3,0,0.828,2,123.843,1225.894,0.867,0.382,1.501,0.842,0.388,1.244,0.125,0.875,0.433,0.688
741,24.700,0.000,9.849,0.000,4.464,1,0,1,0.000,2.100,3,0,0.828,2,123.843,1225.894,0.867,0.390,1.953,0.729,0.469,1.984,0.119,0.881,0.476,0.688
744,24.800,0.000,8.544,0.000,-1.305,1,0,1,0.000,2.478,3,0,0.862,2,123.843,1225.894,0.867,0.390,1.206,0.073,0.465,1.939,0.113,0.887,0.496,0.688
747,24.900,0.000,206.015,0.000,197.471,1,0,1,0.000,2.135,3,0,0.897,2,81.908,1242.118,0.867,0.382,1.423,0.967,0.534,0.080,0.121,0.879,0.642,0.450
750,25.000,0.000,1.414,0.000,-204.600,1,0,1,0.000,1.761,3,0,0.897,2,0.000,1245.294,0.867,0.444,1.201,0.886,0.731,0.545,0.109,0.891,0.400,0.580
753,25.100,0.000,5.385,0.000,3.971,1,0,1,0.000,1.515,3,0,0.931,1,5.385,1157.295,0.867,0.453,0.867,0.876,0.758,0.897,0.114,0.886,0.354,0.580
756,25.200,0.000,7.211,0.000,1.826,1,0,1,0.000,1.437,2,1,0.897,1,53.075,1156.669,0.867,0.453,0.633,0.859,1.142,0.724,0.076,0.924,0.390,0.750
759,25.300,0.000,0.000,0.000,0.000,0,0,0,0.000,0.000,3,1,0.862,0,53.075,1156.669,0.867,0.453,1.035,0.846,1.527,0.147,0.103,0.897,0.141,0.750
762,25.400,0.000,0.000,0.000,0.000,0,0,0,0.000,0.000,3,0,0.897,0,53.075,1156.669,0.867,0.453,12.439,0.065,1.298,1.847,0.288,0.712,0.369,0.580
765,25.500,0.000,0.000,0.000,0.000,0,0,0,0.000,0.000,5,1,0.862,0,53.075,1156.669,0.867,0.453,2.861,0.465,0.123,1.013,0.130,0.870,0.313,0.750
768,25.600,0.000,0.000,0.000,0.000,0,0,0,0.000,0.000,5,0,0.862,0,53.075,1156.669,0.867,0.453,1.777,0.734,0.072,1.273,0.116,0.884,0.267,0.580
771,25.700,0.000,0.000,0.000,0.000,0,0,0,0.000,0.000,5,0,0.897,0,53.075,1156.669,0.833,0.453,1.834,0.402,0.184,1.438,0.108,0.892,0.288,0.580
774,25.800,0.000,0.000,0.000,0.000,0,0,0,0.000,0.000,4,0,0.897,0,53.075,1156.669,0.800,0.453,1.952,0.824,0.372,1.427,0.117,0.883,0.257,0.580
777,25.900,0.000,0.000,0.000,0.000,0,0,0,0.000,0.000,4,0,0.897,0,53.075,1156.669,0.767,0.453,1.648,0.801,0.623,0.017,0.100,0.900,0.247,0.580
780,26.000,0.000,0.000,0.000,0.000,0,0,0,0.000,0.000,4,0,0.897,0,53.075,1156.669,0.733,0.453,1.066,0.634,0.867,0.237,0.082,0.918,0.240,0.580
783,26.100,0.000,0.000,0.000,0.000,0,0,0,0.000,0.000,4,0,0.897,0,53.075,1156.669,0.700,0.453,1.783,0.900,1.071,0.031,0.102,0.898,0.236,0.580
786,26.200,0.000,0.000,0.000,0.000,0,0,0,0.000,0.000,4,0,0.897,0,53.075,1156.669,0.667,0.453,3.957,0.822,1.479,0.074,0.120,0.880,0.291,0.700
789,26.300,0.000,0.000,0.000,0.000,0,0,0,0.000,0.000,4,0,0.897,0,53.075,1156.669,0.633,0.453,5.793,0.847,1.881,0.105,0.130,0.870,0.332,0.700
792,26.400,0.000,0.000,0.000,0.000,0,0,0,0.000,0.000,4,0,0.897,0,53.075,1156.669,0.600,0.453,5.406,0.814,2.648,0.007,0.133,0.867,0.320,0.700
795,26.500,0.000,0.000,0.000,0.000,0,0,0,0.000,0.000,4,0,0.897,0,53.075,1156.669,0.567,0.453,3.371,0.223,3.904,1.191,0.111,0.889,0.307,0.700
798,26.600,0.000,0.000,0.000,0.000,0,0,0,0.000,0.000,4,0,0.897,0,53.075,1156.669,0.533,0.453,3.984,0.164,4.307,1.029,0.114,0.886,0.322,0.700
801,26.700,0.000,0.000,0.000,0.000,0,0,0,0.000,0.000,4,0,0.897,0,53.075,1156.669,0.500,0.453,3.654,0.404,5.193,1.711,0.110,0.890,0.293,0.700
804,26.800,0.000,0.000,0.000,0.000,0,0,0,0.000,0.000,4,0,0.897,0,53.075,1156.669,0.467,0.453,2.069,0.541,6.230,0.133,0.090,0.910,0.240,0.700
807,26.900,0.000,0.000,0.000,0.000,0,0,0,0.000,0.000,4,0,0.897,0,53.075,1156.669,0.433,0.453,2.708,0.242,6.739,2.139,0.109,0.891,0.273,0.700
810,27.000,0.000,0.000,0.000,0.000,0,0,0,0.000,0.000,5,1,0.862,0,53.075,1156.669,0.400,0.453,3.252,0.189,0.328,1.044,0.127,0.873,0.286,0.750
813,27.100,0.000,0.000,0.000,0.000,0,0,0,0.000,0.000,5,0,0.862,0,53.075,1156.669,0.367,0.453,1.953,0.445,0.303,0.508,0.093,0.907,0.232,0.580
816,27.200,0.000,0.000,0.000,0.000,0,0,0,0.000,0.000,5,0,0.862,0,53.075,1156.669,0.333,0.453,2.290,0.409,0.293,0.270,0.108,0.892,0.239,0.580
819,27.300,0.000,0.000,0.000,0.000,0,0,0,0.000,0.000,5,1,0.828,0,53.075,1156.669,0.300,0.453,10.495,0.198,0.291,0.893,0.262,0.738,0.392,0.750
822,27.400,0.000,0.000,0.000,0.000,0,0,0,0.000,0.000,5,0,0.828,0,53.075,1156.669,0.267,0.453,5.771,0.865,0.479,0.630,0.194,0.806,0.286,0.580
825,27.500,0.000,0.000,0.000,0.000,0,0,0,0.000,0.000,5,0,0.828,0,53.075,1156.669,0.233,0.453,5.932,0.873,0.575,0.075,0.176,0.824,0.285,0.580
828,27.600,0.000,0.000,0.000,0.000,0,0,0,0.000,0.000,4,1,0.793,0,53.075,1156.669,0.200,0.453,3.709,0.834,0.696,0.741,0.167,0.833,0.228,0.750
831,27.700,0.000,0.000,0.000,0.000,0,0,0,0.000,0.000,4,0,0.793,0,53.075,1156.669,0.167,0.453,1.849,0.731,0.736,0.481,0.121,0.879,0.185,0.580
834,27.800,0.000,0.000,0.000,0.000,0,0,0,0.000,0.000,4,0,0.793,0,53.075,1156.669,0.133,0.453,3.010,0.853,0.631,0.065,0.142,0.858,0.202,0.580
837,27.900,0.000,0.000,0.000,0.000,0,0,0,0.000,0.000,7,1,0.759,0,53.075,1156.669,0.100,0.453,2.822,0.883,0.439,0.019,0.153,0.847,0.191,0.750
840,28.000,0.000,0.000,0.000,0.000,0,0,0,0.000,0.000,7,0,0.759,0,53.075,1156.669,0.067,0.453,1.856,0.916,0.284,0.343,0.111,0.889,0.160,0.580
843,28.100,0.000,0.000,0.000,0.000,0,0,0,0.000,0.000,7,0,0.793,0,53.075,1156.669,0.033,0.453,0.835,0.799,0.203,0.018,0.085,0.915,0.139,0.580
846,28.200,0.000,0.000,0.000,0.000,0,0,0,0.000,0.000,4,1,0.793,0,53.075,1156.669,0.000,0.453,0.899,0.535,0.062,0.862,0.095,0.905,0.155,0.750
849,28.300,0.000,0.000,0.000,0.000,0,0,0,0.000,0.000,5,1,0.759,0,53.075,1156.669,0.000,0.453,1.310,0.452,0.074,1.906,0.092,0.908,0.171,0.750
852,28.400,0.000,0.000,0.000,0.000,0,0,0,0.000,0.000,5,0,0.793,0,53.075,1156.669,0.000,0.453,1.348,0.861,0.120,1.767,0.103,0.897,0.143,0.580
855,28.500,0.000,0.000,0.000,0.000,0,0,0,0.000,0.000,7,1,0.759,0,53.075,1156.669,0.000,0.453,1.060,0.765,0.169,2.112,0.079,0.921,0.143,0.750
858,28.600,0.000,0.000,0.000,0.000,0,0,0,0.000,0.000,7,0,0.759,0,53.075,1156.669,0.000,0.453,1.008,0.652,0.043,2.576,0.081,0.919,0.150,0.580
861,28.700,0.000,0.000,0.000,0.000,0,0,0,0.000,0.000,7,0,0.759,0,53.075,1156.669,0.000,0.453,1.099,0.194,0.012,0.134,0.066,0.934,0.184,0.580
864,28.800,0.000,0.000,0.000,0.000,0,0,0,0.000,0.000,4,1,0.724,0,53.075,1156.669,0.000,0.453,14.153,0.217,0.094,0.845,0.324,0.676,0.355,0.750
867,28.900,0.000,0.000,0.000,0.000,0,0,0,0.000,0.000,4,0,0.724,0,53.075,1156.669,0.000,0.453,5.573,0.420,0.199,2.286,0.131,0.869,0.280,0.580
870,29.000,0.000,0.000,0.000,0.000,0,0,0,0.000,0.000,4,0,0.724,0,53.075,1156.669,0.000,0.453,5.420,0.525,0.326,0.211,0.149,0.851,0.269,0.580
873,29.100,0.000,0.000,0.000,0.000,0,0,0,0.000,0.000,3,1,0.690,0,53.075,1156.669,0.000,0.453,4.019,0.550,0.500,0.397,0.172,0.828,0.132,0.750
876,29.200,0.000,0.000,0.000,0.000,0,0,0,0.000,0.000,3,0,0.690,0,53.075,1156.669,0.000,0.453,5.071,0.437,0.572,0.409,0.180,0.820,0.166,0.580
879,29.300,328.207,0.000,326.207,0.000,1,1,0,0.000,1.738,3,0,0.690,2,0.000,1599.865,0.033,0.171,6.532,0.279,0.388,0.440,0.193,0.807,0.718,0.650
882,29.400,58.523,0.000,-269.684,0.000,1,1,0,0.000,1.757,3,0,0.690,2,7.280,1931.537,0.067,0.171,4.788,0.396,0.199,0.573,0.178,0.822,0.670,0.450
885,29.500,33.377,0.000,-25.147,0.000,1,1,0,0.000,1.779,3,0,0.690,2,43.186,2038.145,0.100,0.173,4.972,0.685,0.059,0.755,0.172,0.828,0.594,0.580
888,29.600,38.484,0.000,5.107,0.000,1,1,0,0.000,1.597,3,0,0.690,2,0.000,2155.245,0.133,0.173,5.715,0.686,0.083,0.122,0.174,0.826,0.645,0.580
891,29.700,24.042,0.000,-14.442,0.000,1,1,0,0.000,1.253,3,0,0.690,2,89.051,1848.594,0.167,0.173,5.435,0.615,0.311,0.288,0.171,0.829,0.566,0.580
894,29.800,13.601,0.000,-10.440,0.000,1,1,0,0.000,1.246,3,0,0.690,2,47.202,1817.524,0.200,0.173,4.297,0.432,0.503,0.223,0.167,0.833,0.497,0.580
897,29.900,6.083,0.000,-7.519,0.000,1,1,0,0.000,1.072,3,0,0.724,2,111.005,1878.650,0.233,0.173,2.390,0.302,0.599,1.570,0.165,0.835,0.420,0.617
900,30.000,17.205,0.000,11.122,0.000,1,1,0,0.000,0.790,3,0,0.724,2,80.957,1540.524,0.267,0.173,2.758,0.459,0.653,2.271,0.160,0.840,0.484,0.580
903,30.100,16.155,0.000,-1.049,0.000,1,1,0,0.000,0.862,3,0,0.724,2,81.988,1619.074,0.300,0.173,3.830,0.667,0.741,1.239,0.164,0.836,0.495,0.580
906,30.200,24.083,0.000,7.928,0.000,1,1,0,0.000,0.585,3,0,0.759,2,30.887,1575.240,0.333,0.173,2.916,0.830,0.829,0.196,0.150,0.850,0.509,0.580
909,30.300,20.000,0.000,-4.083,0.000,1,1,0,0.000,0.651,3,0,0.759,2,0.000,1501.635,0.367,0.173,1.791,0.303,0.894,2.270,0.137,0.863,0.499,0.580
912,30.400,13.342,0.000,-6.658,0.000,1,1,0,0.000,0.703,3,0,0.759,2,0.000,1544.614,0.400,0.175,2.652,0.136,0.374,0.425,0.108,0.892,0.499,0.580
915,30.500,0.000,212.511,0.000,205.300,1,0,1,0.000,1.337,3,0,0.793,2,6.403,1430.544,0.433,0.175,3.817,0.561,0.321,0.053,0.138,0.862,0.678,0.500
918,30.600,0.000,81.566,0.000,-130.945,1,0,1,0.000,1.579,4,1,0.759,2,0.000,1389.084,0.467,0.175,3.901,0.783,0.301,0.220,0.144,0.856,0.739,0.750
921,30.700,36.497,0.000,23.155,0.000,1,1,0,0.000,1.003,4,0,0.759,2,17.493,1278.884,0.500,0.175,5.508,0.285,0.292,0.079,0.166,0.834,0.771,0.580
924,30.800,46.615,0.000,10.119,0.000,1,1,0,0.000,1.278,4,0,0.793,2,34.000,1305.349,0.533,0.178,3.897,0.374,0.235,0.243,0.154,0.846,0.775,0.350
927,30.900,37.656,0.000,-8.959,0.000,1,1,0,0.000,1.193,3,1,0.759,2,87.201,679.144,0.567,0.178,1.641,0.532,0.110,1.446,0.135,0.865,0.601,0.750
930,31.000,24.042,0.000,-13.615,0.000,1,1,0,0.000,1.211,3,0,0.759,2,79.756,663.115,0.600,0.180,3.196,0.130,0.011,1.375,0.154,0.846,0.596,0.580
933,31.100,19.698,0.000,-4.344,0.000,1,1,0,0.000,1.091,3,0,0.793,2,31.305,591.417,0.633,0.180,3.531,0.561,0.084,0.029,0.128,0.872,0.554,0.580
936,31.200,17.205,0.000,-2.493,0.000,1,1,0,0.000,1.163,3,0,0.828,2,30.083,378.474,0.667,0.182,2.068,0.318,0.227,0.336,0.113,0.887,0.525,0.580
939,31.300,18.028,0.000,0.823,0.000,1,1,0,0.000,1.148,3,0,0.828,2,71.589,410.665,0.700,0.182,1.981,0.385,0.396,0.079,0.111,0.889,0.527,0.580
942,31.400,27.459,0.000,9.431,0.000,1,1,0,0.000,1.126,3,0,0.862,2,38.601,843.888,0.733,0.184,2.321,0.614,0.523,0.044,0.130,0.870,0.576,0.580
945,31.500,15.620,0.000,-11.839,0.000,1,1,0,0.000,0.846,3,0,0.862,2,0.000,831.564,0.767,0.184,1.482,0.623,0.558,0.261,0.129,0.871,0.492,0.580
948,31.600,11.180,0.000,-4.440,0.000,1,1,0,0.000,0.619,3,0,0.862,2,109.836,1016.974,0.800,0.184,1.430,0.458,0.646,1.708,0.114,0.886,0.482,0.610
951,31.700,7.071,0.000,-4.109,0.000,1,1,0,0.000,0.767,3,0,0.897,2,86.770,1778.438,0.833,0.184,1.347,0.744,0.809,1.453,0.123,0.877,0.441,0.580
954,31.800,2.236,0.000,-4.835,0.000,1,1,0,0.000,1.044,4,1,0.862,1,21.932,1816.204,0.867,0.187,0.889,0.118,0.936,1.587,0.089,0.911,0.475,0.750
957,31.900,13.038,0.000,10.802,0.000,1,1,0,0.000,1.343,4,0,0.862,2,27.295,1766.158,0.900,0.187,2.512,0.517,1.287,1.556,0.165,0.835,0.597,0.580
960,32.000,10.198,0.000,-2.840,0.000,1,1,0,0.000,1.228,4,0,0.897,2,54.378,1710.625,0.933,0.187,2.511,0.540,1.129,0.164,0.161,0.839,0.584,0.580
963,32.100,10.050,0.000,-0.148,0.000,1,1,0,0.000,1.164,3,1,0.862,2,54.378,1570.984,0.967,0.187,2.414,0.488,1.148,0.055,0.163,0.837,0.518,0.750
966,32.200,11.402,0.000,1.352,0.000,1,1,0,0.000,1.194,3,0,0.862,2,102.840,1508.294,1.000,0.184,2.233,0.293,1.217,0.308,0.159,0.841,0.539,0.580
969,32.300,12.530,0.000,1.128,0.000,1,1,0,0.000,1.181,3,0,0.862,2,89.286,1770.234,1.000,0.504,1.354,0.461,1.376,2.680,0.096,0.904,0.511,0.580
972,32.400,18.000,0.000,5.470,0.000,1,1,0,0.000,1.206,3,0,0.862,2,61.847,1649.075,1.000,0.504,2.705,0.471,1.568,3.111,0.131,0.869,0.575,0.700
975,32.500,16.492,0.000,-1.508,0.000,1,1,0,0.000,1.035,3,0,0.862,2,16.031,1751.919,1.000,0.504,2.893,0.772,1.225,0.174,0.113,0.887,0.550,0.580
978,32.600,23.087,0.000,6.594,0.000,1,1,0,0.000,0.724,3,0,0.862,2,54.009,1895.694,1.000,0.504,3.812,0.829,1.187,0.283,0.119,0.881,0.606,0.580
981,32.700,7.071,0.000,-16.016,0.000,1,1,0,0.000,0.387,3,0,0.862,2,7.071,1975.064,1.000,0.504,2.629,0.296,1.187,0.010,0.173,0.827,0.524,0.580
984,32.800,10.630,0.000,3.559,0.000,1,1,0,0.000,0.657,3,0,0.862,2,13.601,2039.888,1.000,0.504,2.171,0.927,1.034,2.164,0.179,0.821,0.488,0.580
987,32.900,4.472,0.000,-6.158,0.000,1,1,0,0.000,1.005,3,0,0.862,2,68.942,2024.484,1.000,0.504,1.231,0.320,0.869,1.240,0.104,0.896,0.473,0.580
990,33.000,1.000,0.000,-3.472,0.000,1,1,0,0.000,0.968,4,1,0.828,2,62.370,2144.850,1.000,0.504,2.431,0.750,0.934,0.858,0.155,0.845,0.524,0.750
993,33.100,2.236,0.000,1.236,0.000,1,1,0,0.000,1.055,4,0,0.828,2,63.561,1730.238,1.000,0.504,1.218,0.366,0.735,0.064,0.130,0.870,0.527,0.580
996,33.200,8.062,0.000,5.826,0.000,1,1,0,0.000,0.995,4,0,0.828,2,125.936,1950.799,1.000,0.504,1.007,0.755,0.581,0.949,0.127,0.873,0.527,0.700
999,33.300,11.662,0.000,3.600,0.000,1,1,0,0.000,1.047,4,0,0.828,2,11.662,2153.054,1.000,0.504,1.002,0.840,0.483,0.406,0.094,0.906,0.541,0.580
1002,33.400,10.296,0.000,-1.366,0.000,1,1,0,0.000,1.010,4,0,0.828,3,82.037,2149.938,1.000,0.496,1.656,0.866,0.403,1.139,0.146,0.854,0.593,0.580
1005,33.500,12.806,0.000,2.511,0.000,1,1,0,0.000,1.052,4,0,0.862,3,102.108,2309.365,1.000,0.496,1.332,0.882,0.442,0.132,0.109,0.891,0.598,0.580
1008,33.600,9.220,0.000,-3.587,0.000,1,1,0,0.000,0.790,3,1,0.828,2,102.108,2309.365,1.000,0.496,1.182,0.835,0.449,0.363,0.139,0.861,0.462,0.750
1011,33.700,4.123,0.000,-5.096,0.000,1,1,0,0.000,0.506,3,0,0.828,2,157.029,2446.094,1.000,0.496,1.596,0.874,0.456,0.034,0.159,0.841,0.442,0.750
1014,33.800,8.944,0.000,4.821,0.000,1,1,0,0.000,0.537,3,0,0.862,1,157.029,2446.094,1.000,0.496,1.033,0.838,0.431,0.695,0.134,0.866,0.397,0.750
1017,33.900,5.385,0.000,-3.559,0.000,1,1,0,0.000,0.700,2,1,0.828,1,157.029,2446.094,1.000,0.504,1.059,0.664,0.286,0.719,0.127,0.873,0.420,0.750
1020,34.000,5.000,0.000,-0.385,0.000,1,1,0,0.000,0.987,2,0,0.828,1,157.029,2446.094,1.000,0.504,1.010,0.595,0.538,0.236,0.135,0.865,0.421,0.750
1023,34.100,12.806,0.000,7.806,0.000,1,1,0,0.000,1.096,3,1,0.793,2,11.045,2533.449,1.000,0.504,1.408,0.583,0.714,2.993,0.124,0.876,0.506,0.750
1026,34.200,5.385,0.000,-7.421,0.000,1,1,0,0.000,1.129,4,1,0.759,3,5.385,2669.370,1.000,0.504,0.934,0.325,0.920,1.168,0.116,0.884,0.586,0.750
1029,34.300,10.296,0.000,4.910,0.000,1,1,0,0.000,1.096,4,0,0.759,3,124.427,2688.765,1.000,0.496,1.503,0.661,1.112,2.294,0.144,0.856,0.604,0.691
1032,34.400,9.220,0.000,-1.076,0.000,1,1,0,0.000,1.429,4,0,0.759,3,41.195,2723.087,1.000,0.496,2.417,0.854,1.193,0.189,0.129,0.871,0.607,0.580
1035,34.500,7.810,0.000,-1.409,0.000,1,1,0,0.000,1.489,3,1,0.724,2,172.166,2830.869,1.000,0.496,1.677,0.696,0.940,0.863,0.165,0.835,0.477,0.750
1038,34.600,14.318,0.000,6.508,0.000,1,1,0,0.000,1.483,3,0,0.724,2,109.142,2363.549,1.000,0.496,1.937,0.388,1.110,1.303,0.135,0.865,0.541,0.606
1041,34.700,5.000,0.000,-9.318,0.000,1,1,0,0.000,1.432,3,0,0.759,2,12.042,2245.525,1.000,0.487,2.405,0.832,1.007,3.013,0.150,0.850,0.470,0.580
1044,34.800,41.725,0.000,36.725,0.000,1,1,0,0.000,1.092,3,0,0.759,2,54.562,2304.709,1.000,0.487,3.587,0.273,0.826,1.438,0.152,0.848,0.742,0.550
1047,34.900,37.014,0.000,-4.712,0.000,1,1,0,0.000,0.916,3,0,0.759,2,0.000,2314.118,1.000,0.487,5.446,0.380,0.628,0.242,0.143,0.857,0.755,0.350
1050,35.000,24.331,0.000,-12.682,0.000,1,1,0,0.000,0.984,3,0,0.793,2,30.017,2215.767,1.000,0.487,7.191,0.811,0.232,1.612,0.213,0.787,0.698,0.550
1053,35.100,65.803,0.000,41.472,0.000,1,1,0,0.000,1.107,5,1,0.759,4,30.017,2215.767,1.000,0.479,6.931,0.115,0.359,1.905,0.206,0.794,0.979,0.750
1056,35.200,0.000,0.000,0.000,0.000,0,0,0,0.000,0.000,5,0,0.759,0,30.017,2215.767,0.967,0.479,6.483,0.415,0.921,0.857,0.252,0.748,0.419,0.650
1059,35.300,0.000,0.000,0.000,0.000,0,0,0,0.000,0.000,5,0,0.759,0,30.017,2215.767,0.933,0.479,3.766,0.410,1.374,0.561,0.231,0.769,0.347,0.580
1062,35.400,0.000,0.000,0.000,0.000,0,0,0,0.000,0.000,3,1,0.724,0,30.017,2215.767,0.900,0.479,4.291,0.624,1.589,1.491,0.218,0.782,0.242,0.750
1065,35.500,0.000,0.000,0.000,0.000,0,0,0,0.000,0.000,3,0,0.724,0,30.017,2215.767,0.867,0.479,2.651,0.911,2.004,0.773,0.174,0.826,0.177,0.700
1068,35.600,0.000,0.000,0.000,0.000,0,0,0,0.000,0.000,3,0,0.724,0,30.017,2215.767,0.833,0.479,1.910,0.509,2.411,0.811,0.155,0.845,0.182,0.700
1071,35.700,0.000,0.000,0.000,0.000,0,0,0,0.000,0.000,3,0,0.724,0,30.017,2215.767,0.800,0.479,2.424,0.878,4.003,0.738,0.161,0.839,0.165,0.700
1074,35.800,61.984,0.000,-3.819,0.000,1,1,0,0.000,0.871,3,0,0.724,1,30.017,2215.767,0.800,0.371,2.957,0.632,5.327,1.799,0.220,0.780,0.636,0.700
1077,35.900,95.859,0.000,33.875,0.000,1,1,0,0.000,1.122,3,0,0.759,2,0.000,2132.139,0.800,0.371,4.405,0.458,6.507,0.793,0.236,0.764,0.744,0.700
1080,36.000,87.846,0.000,-8.013,0.000,1,1,0,0.000,1.142,3,0,0.759,2,70.859,2434.957,0.800,0.371,4.990,0.662,5.357,2.454,0.227,0.773,0.744,0.700
1083,36.100,54.083,0.000,-33.763,0.000,1,1,0,0.000,0.898,3,0,0.759,2,40.361,2340.119,0.800,0.371,4.459,0.793,7.227,1.836,0.209,0.791,0.722,0.700
1086,36.200,19.235,0.000,-34.848,0.000,1,1,0,0.000,0.941,3,0,0.759,2,0.000,2473.174,0.800,0.371,3.640,0.639,7.052,1.245,0.197,0.803,0.569,0.700
1089,36.300,17.029,0.000,-2.206,0.000,1,1,0,0.000,0.951,3,0,0.759,2,40.497,2320.349,0.800,0.371,2.870,0.815,6.140,3.073,0.189,0.811,0.525,0.700
1092,36.400,9.434,0.000,-7.595,0.000,1,1,0,0.000,0.909,3,0,0.759,2,0.000,2039.719,0.800,0.371,2.051,0.642,3.859,0.282,0.174,0.826,0.475,0.700
1095,36.500,27.074,0.000,17.640,0.000,1,1,0,0.000,0.906,3,0,0.793,2,119.080,1917.058,0.800,0.371,3.302,0.502,1.852,0.921,0.180,0.820,0.614,0.700
1098,36.600,28.284,0.000,1.210,0.000,1,1,0,0.000,0.874,3,0,0.793,2,0.000,1479.019,0.800,0.371,3.086,0.302,0.867,0.558,0.161,0.839,0.629,0.000
1101,36.700,13.416,0.000,-14.868,0.000,1,1,0,0.000,0.526,3,0,0.793,2,87.641,1419.438,0.800,0.371,2.597,0.442,0.425,0.423,0.170,0.830,0.525,0.580
1104,36.800,2.236,0.000,-11.180,0.000,1,1,0,0.000,0.620,3,0,0.828,2,68.029,1277.469,0.800,0.371,1.984,0.698,0.130,0.761,0.172,0.828,0.429,0.580
1107,36.900,5.000,0.000,2.764,0.000,1,1,0,0.000,0.947,3,0,0.828,2,68.029,991.924,0.800,0.371,2.927,0.866,0.004,0.319,0.194,0.806,0.456,0.580
1110,37.000,9.055,0.000,4.055,0.000,1,1,0,0.000,0.980,3,0,0.862,2,66.310,915.544,0.800,0.378,2.424,0.835,0.148,0.154,0.173,0.827,0.468,0.580
1113,37.100,7.616,0.000,-1.440,0.000,1,1,0,0.000,1.017,3,0,0.897,2,29.275,864.269,0.800,0.378,2.016,0.567,0.215,0.071,0.141,0.859,0.469,0.580
1116,37.200,10.198,0.000,2.582,0.000,1,1,0,0.000,1.272,4,1,0.862,3,7.211,861.934,0.800,0.371,2.265,0.742,0.232,2.967,0.112,0.888,0.592,0.750
1119,37.300,11.180,0.000,0.982,0.000,1,1,0,0.000,1.170,4,0,0.862,3,36.770,890.250,0.800,0.356,2.460,0.796,0.301,0.301,0.112,0.888,0.599,0.580
1122,37.400,26.077,0.000,14.896,0.000,1,1,0,0.000,1.148,4,0,0.897,3,59.666,996.277,0.800,0.356,5.598,0.614,0.384,0.304,0.178,0.822,0.773,0.350
1125,37.500,30.000,0.000,3.923,0.000,1,1,0,0.000,1.179,4,0,0.897,3,26.926,723.954,0.800,0.356,3.592,0.481,0.419,0.030,0.158,0.842,0.754,0.550
1128,37.600,10.296,0.000,-19.704,0.000,1,1,0,0.000,1.312,4,0,0.897,3,28.862,529.388,0.800,0.356,3.044,0.131,0.620,2.566,0.160,0.840,0.655,0.580
1131,37.700,24.021,0.000,13.725,0.000,1,1,0,0.000,1.301,4,0,0.897,3,39.560,456.434,0.800,0.356,3.887,0.700,0.818,0.043,0.118,0.882,0.713,0.580
1134,37.800,27.295,0.000,3.274,0.000,1,1,0,0.000,1.274,4,0,0.897,3,29.547,374.719,0.800,0.349,3.587,0.544,0.895,2.711,0.157,0.843,0.734,0.550
1137,37.900,6.403,0.000,-20.892,0.000,1,1,0,0.000,1.553,4,0,0.897,3,30.067,298.774,0.800,0.349,1.625,0.407,0.816,0.712,0.151,0.849,0.579,0.580
1140,38.000,12.083,0.000,5.680,0.000,1,1,0,0.000,1.294,4,0,0.931,3,29.428,237.164,0.800,0.341,1.971,0.595,0.668,1.554,0.133,0.867,0.606,0.580
1143,38.100,32.016,0.000,19.933,0.000,1,1,0,0.000,1.398,4,0,0.931,3,102.005,473.938,0.800,0.341,2.617,0.374,0.651,1.016,0.149,0.851,0.748,0.567
1146,38.200,4.243,0.000,-27.773,0.000,1,1,0,0.000,1.513,4,0,0.931,3,131.034,986.888,0.833,0.453,1.488,0.147,0.603,0.227,0.110,0.890,0.586,0.728
1149,38.300,11.402,0.000,7.159,0.000,1,1,0,0.000,1.574,4,0,0.966,3,22.627,993.400,0.867,0.444,1.938,0.668,0.583,1.210,0.115,0.885,0.604,0.580
1152,38.400,6.708,0.000,-4.694,0.000,1,1,0,0.000,1.465,4,0,0.966,3,34.828,993.287,0.900,0.444,2.287,0.437,0.433,0.273,0.132,0.868,0.607,0.580
1155,38.500,5.385,0.000,-1.323,0.000,1,1,0,0.000,1.429,4,0,0.966,2,4.472,978.567,0.933,0.444,1.238,0.523,0.402,2.795,0.146,0.854,0.526,0.580
1158,38.600,6.000,0.000,0.615,0.000,1,1,0,0.000,1.409,4,0,0.966,3,39.051,916.158,0.967,0.435,1.408,0.819,0.469,0.630,0.128,0.872,0.562,0.580
1161,38.700,6.325,0.000,0.325,0.000,1,1,0,0.000,1.222,4,0,0.966,3,38.328,922.694,1.000,0.435,1.683,0.818,0.526,0.326,0.139,0.861,0.575,0.580
1164,38.800,9.220,0.000,2.895,0.000,1,1,0,0.000,1.427,4,0,0.966,3,166.973,1301.585,1.000,0.426,1.425,0.825,0.552,2.564,0.128,0.872,0.584,0.750
1167,38.900,11.000,0.000,1.780,0.000,1,1,0,0.000,1.317,4,0,0.966,3,168.024,1705.669,1.000,0.426,0.883,0.612,0.584,0.688,0.069,0.931,0.595,0.750
1170,39.000,3.162,0.000,-7.838,0.000,1,1,0,0.000,1.175,4,0,0.966,3,44.294,1743.349,1.000,0.417,1.397,0.508,0.866,0.788,0.091,0.909,0.572,0.580
1173,39.100,14.866,0.000,11.704,0.000,1,1,0,0.000,1.046,4,0,0.966,3,171.991,2120.017,1.000,0.417,1.406,0.519,1.022,0.037,0.103,0.897,0.636,0.750
1176,39.200,10.630,0.000,-4.236,0.000,1,1,0,0.000,1.171,4,0,0.966,3,50.922,2072.655,1.000,0.417,1.660,0.704,1.130,2.429,0.120,0.880,0.606,0.580
1179,39.300,12.083,0.000,1.453,0.000,1,1,0,0.000,1.240,4,0,0.966,3,28.302,1702.894,1.000,0.417,4.318,0.748,1.294,0.190,0.139,0.861,0.678,0.580
1182,39.400,39.217,0.000,27.134,0.000,1,1,0,0.000,1.489,4,0,0.966,3,2.000,1649.419,1.000,0.417,4.598,0.310,1.273,0.259,0.172,0.828,0.866,0.480
1185,39.500,0.000,77.421,0.000,-4.145,1,0,1,0.000,1.665,4,0,0.966,2,0.000,1690.887,1.000,0.417,4.721,0.485,0.988,2.885,0.174,0.826,0.844,0.550
1188,39.600,21.471,0.000,-17.746,0.000,1,1,0,0.000,1.708,5,0,0.966,3,38.288,1780.338,1.000,0.417,2.085,0.222,0.683,1.556,0.155,0.845,0.684,0.580
1191,39.700,9.220,20.616,-12.251,-56.805,2,1,1,21.932,1.748,5,0,0.966,6,10.630,1365.324,1.000,0.408,5.083,0.238,0.688,0.277,0.195,0.805,0.875,0.650
1194,39.800,22.361,0.000,13.141,0.000,1,1,0,0.000,1.922,5,0,0.966,4,82.462,992.149,1.000,0.408,3.511,0.464,0.346,1.476,0.163,0.837,0.744,0.650
1197,39.900,37.014,0.000,14.653,0.000,1,1,0,0.000,1.908,4,0,0.966,3,23.854,988.450,1.000,0.408,3.312,0.752,0.241,0.802,0.121,0.879,0.791,0.350
1200,40.000,10.000,0.000,-27.014,0.000,1,1,0,0.000,2.025,4,0,0.966,3,25.495,508.324,1.000,0.408,2.401,0.662,0.133,0.303,0.138,0.862,0.624,0.580
1203,40.100,16.763,0.000,6.763,0.000,1,1,0,0.000,1.721,4,0,1.000,3,145.774,829.038,1.000,0.408,1.401,0.364,0.017,0.745,0.117,0.883,0.658,0.750
1206,40.200,31.145,0.000,14.382,0.000,1,1,0,0.000,1.587,4,0,1.000,3,105.475,1011.710,1.000,0.408,1.493,0.213,0.051,0.036,0.114,0.886,0.750,0.586
1209,40.300,32.450,0.000,1.305,0.000,1,1,0,0.000,1.425,4,0,1.000,3,17.720,1012.998,1.000,0.408,3.502,0.766,0.073,0.793,0.172,0.828,0.769,0.350
1212,40.400,9.487,0.000,-22.963,0.000,1,1,0,0.000,1.084,4,0,1.000,3,13.416,1003.064,1.000,0.399,1.829,0.707,0.245,0.187,0.162,0.838,0.604,0.580
1215,40.500,2.236,0.000,-7.251,0.000,1,1,0,0.000,1.074,4,0,1.000,3,4.123,993.024,1.000,0.399,1.310,0.421,0.727,0.702,0.141,0.859,0.571,0.580
1218,40.600,3.162,0.000,0.926,0.000,1,1,0,0.000,1.248,4,0,1.000,3,25.942,850.675,1.000,0.399,1.925,0.822,0.946,0.693,0.118,0.882,0.563,0.580
1221,40.700,5.099,0.000,1.937,0.000,1,1,0,0.000,1.434,4,0,1.000,3,98.656,969.850,1.000,0.399,0.869,0.645,1.157,2.994,0.094,0.906,0.560,0.580
1224,40.800,1.000,0.000,-4.099,0.000,1,1,0,0.000,1.486,4,0,1.000,3,5.000,978.457,1.000,0.399,1.621,0.868,1.651,0.496,0.145,0.855,0.540,0.700
1227,40.900,4.243,0.000,3.243,0.000,1,1,0,0.000,1.542,4,0,1.000,2,2.828,984.239,1.000,0.408,0.821,0.767,1.048,0.031,0.078,0.922,0.500,0.580
1230,41.000,11.705,0.000,7.462,0.000,1,1,0,0.000,1.461,4,0,1.000,3,18.868,908.379,1.000,0.408,1.553,0.687,0.356,0.632,0.133,0.867,0.611,0.580
1233,41.100,5.099,0.000,-6.606,0.000,1,1,0,0.000,1.504,4,0,1.000,3,3.162,913.880,1.000,0.408,2.004,0.710,0.019,2.633,0.134,0.866,0.584,0.580
1236,41.200,11.045,0.000,5.946,0.000,1,1,0,0.000,1.631,4,0,1.000,3,11.662,887.527,1.000,0.408,2.626,0.739,0.006,0.089,0.113,0.887,0.630,0.580
1239,41.300,3.162,0.000,-7.883,0.000,1,1,0,0.000,1.504,4,0,1.000,3,92.195,990.400,1.000,0.408,1.452,0.604,0.280,1.545,0.122,0.878,0.567,0.580
1242,41.400,7.280,0.000,4.118,0.000,1,1,0,0.000,1.331,4,0,1.000,3,2.236,666.659,1.000,0.399,0.812,0.585,0.445,0.575,0.081,0.919,0.575,0.580
1245,41.500,2.236,0.000,-5.044,0.000,1,1,0,0.000,1.292,4,0,1.000,3,5.000,650.109,1.000,0.399,1.430,0.724,0.604,2.241,0.139,0.861,0.552,0.580
1248,41.600,6.708,0.000,4.472,0.000,1,1,0,0.000,1.316,4,0,1.000,3,25.807,445.485,1.000,0.408,2.123,0.573,0.724,2.781,0.133,0.867,0.605,0.580
1251,41.700,7.810,0.000,1.102,0.000,1,1,0,0.000,1.559,4,0,1.000,3,4.123,434.325,1.000,0.408,2.673,0.860,0.689,1.186,0.168,0.832,0.605,0.580
1254,41.800,3.000,0.000,-4.810,0.000,1,1,0,0.000,1.724,4,0,1.000,3,27.459,441.428,1.000,0.417,3.474,0.838,0.620,0.166,0.196,0.804,0.600,0.580
1257,41.900,68.797,0.000,65.797,0.000,1,1,0,0.000,1.671,4,0,1.000,2,0.000,537.587,1.000,0.417,4.427,0.383,0.732,0.238,0.204,0.796,0.844,0.450
1260,42.000,111.830,0.000,43.033,0.000,1,1,0,0.000,1.807,3,1,0.966,2,0.000,613.305,1.000,0.417,12.843,0.146,0.686,0.800,0.285,0.715,0.880,0.750
1263,42.100,18.439,0.000,-93.391,0.000,1,1,0,0.000,1.719,3,0,0.966,2,0.000,729.449,1.000,0.426,9.125,0.780,0.099,3.022,0.244,0.756,0.688,0.580
1266,42.200,14.000,0.000,-4.439,0.000,1,1,0,0.000,1.802,3,0,0.966,2,33.615,783.737,1.000,0.426,5.548,0.868,0.242,0.398,0.232,0.768,0.596,0.580
1269,42.300,15.033,0.000,1.033,0.000,1,1,0,0.000,1.817,3,0,0.966,2,72.780,1023.994,1.000,0.426,4.086,0.877,0.499,0.040,0.215,0.785,0.564,0.580
1272,42.400,5.000,0.000,-10.033,0.000,1,1,0,0.000,1.924,3,0,0.966,2,3.162,1046.337,1.000,0.435,3.350,0.867,0.771,0.432,0.199,0.801,0.491,0.580
1275,42.500,8.062,0.000,3.062,0.000,1,1,0,0.000,1.679,3,0,0.966,2,68.447,989.049,1.000,0.435,1.753,0.704,1.118,0.153,0.174,0.826,0.479,0.580
1278,42.600,3.162,0.000,-4.900,0.000,1,1,0,0.000,1.429,3,0,0.966,2,72.443,1090.967,1.000,0.435,1.808,0.449,1.459,1.249,0.166,0.834,0.471,0.700
1281,42.700,14.000,0.000,10.838,0.000,1,1,0,0.000,1.344,3,0,0.966,2,64.070,1113.494,1.000,0.444,1.938,0.106,1.452,1.721,0.153,0.847,0.559,0.700
1284,42.800,10.440,0.000,-3.560,0.000,1,1,0,0.000,1.085,3,0,0.966,2,3.162,1096.000,1.000,0.444,1.567,0.315,2.080,0.202,0.110,0.890,0.515,0.700
1287,42.900,11.045,0.000,0.605,0.000,1,1,0,0.000,1.053,3,0,0.966,2,112.641,1263.008,1.000,0.444,1.657,0.520,2.520,1.717,0.096,0.904,0.506,0.700
1290,43.000,19.313,0.000,8.268,0.000,1,1,0,0.000,0.826,3,0,0.966,2,0.000,795.007,1.000,0.453,2.704,0.212,3.059,0.857,0.131,0.869,0.600,0.700
1293,43.100,7.616,0.000,-11.697,0.000,1,1,0,0.000,0.642,3,0,0.966,2,0.000,837.637,1.000,0.453,3.214,0.576,3.381,0.639,0.191,0.809,0.522,0.700
1296,43.200,2.000,0.000,-5.616,0.000,1,1,0,0.000,0.680,3,0,0.966,2,32.016,896.979,1.000,0.453,1.344,0.083,3.384,0.229,0.127,0.873,0.479,0.700
1299,43.300,8.246,0.000,6.246,0.000,1,1,0,0.000,0.615,3,0,0.966,2,0.000,886.959,1.000,0.462,3.985,0.570,2.970,2.136,0.189,0.811,0.546,0.700
1302,43.400,18.111,0.000,9.865,0.000,1,1,0,0.000,0.604,3,0,0.966,2,0.000,815.240,1.000,0.462,2.165,0.732,3.038,1.557,0.178,0.822,0.544,0.700
1305,43.500,16.643,0.000,-1.467,0.000,1,1,0,0.000,0.649,3,0,0.966,2,0.000,697.325,1.000,0.462,2.706,0.423,1.903,0.450,0.177,0.823,0.571,0.700
1308,43.600,30.364,0.000,13.721,0.000,1,1,0,0.000,0.721,3,0,0.966,2,8.246,697.869,1.000,0.462,2.292,0.478,0.146,0.031,0.182,0.818,0.633,0.000
1311,43.700,8.944,0.000,-21.420,0.000,1,1,0,0.000,1.046,3,0,0.966,2,74.330,670.057,1.000,0.470,1.917,0.712,0.157,2.038,0.115,0.885,0.488,0.580
1314,43.800,35.511,0.000,26.566,0.000,1,1,0,0.000,1.197,3,0,0.966,2,0.000,509.294,1.000,0.470,3.323,0.426,0.328,3.139,0.168,0.832,0.691,0.550
1317,43.900,62.266,0.000,26.755,0.000,1,1,0,0.000,1.253,3,0,0.966,2,110.887,692.459,1.000,0.470,4.806,0.294,0.398,0.203,0.221,0.779,0.790,0.616
1320,44.000,69.354,0.000,7.089,0.000,1,1,0,0.000,0.914,3,0,0.966,2,110.887,692.459,1.000,0.479,5.157,0.865,0.432,0.187,0.233,0.767,0.758,0.616
1323,44.100,43.417,0.000,-25.938,0.000,1,1,0,0.000,0.885,4,1,0.931,1,110.887,692.459,1.000,0.479,3.628,0.863,0.365,0.298,0.233,0.767,0.736,0.750
1326,44.200,5.000,0.000,-38.417,0.000,1,1,0,0.000,0.974,4,0,0.931,1,110.887,692.459,1.000,0.487,3.001,0.896,0.321,0.484,0.238,0.762,0.505,0.616
1329,44.300,14.866,0.000,9.866,0.000,1,1,0,0.000,0.981,4,0,0.931,2,110.887,692.459,1.000,0.487,2.655,0.077,0.282,2.067,0.200,0.800,0.654,0.616
1332,44.400,39.051,0.000,24.185,0.000,1,1,0,0.000,1.063,3,1,0.897,2,110.887,692.459,1.000,0.496,4.459,0.306,0.262,0.080,0.224,0.776,0.747,0.750
1335,44.500,131.244,0.000,92.193,0.000,1,1,0,0.000,0.735,3,0,0.897,2,0.000,458.429,1.000,0.496,6.152,0.410,0.224,2.192,0.242,0.758,0.815,0.550
1338,44.600,106.075,0.000,-25.169,0.000,1,1,0,0.000,0.581,3,0,0.897,2,111.450,715.247,1.000,0.496,5.048,0.223,0.180,0.265,0.219,0.781,0.801,0.619
1341,44.700,56.639,0.000,-49.436,0.000,1,1,0,0.000,0.529,3,0,0.897,2,56.639,874.779,1.000,0.504,4.748,0.429,0.166,2.024,0.174,0.826,0.779,0.550
1344,44.800,14.318,0.000,-42.321,0.000,1,1,0,0.000,0.868,3,0,0.897,2,14.318,1004.007,1.000,0.504,3.212,0.739,0.060,0.185,0.171,0.829,0.548,0.580
1347,44.900,6.325,0.000,-7.993,0.000,1,1,0,0.000,0.880,3,0,0.931,2,6.325,1114.079,1.000,0.504,1.858,0.750,0.088,0.085,0.140,0.860,0.469,0.580
1350,45.000,4.000,0.000,-2.325,0.000,1,1,0,0.000,1.100,3,0,0.931,1,4.000,1187.337,1.000,0.513,0.969,0.668,0.046,0.345,0.106,0.894,0.380,0.580
1353,45.100,6.708,0.000,2.708,0.000,1,1,0,0.000,1.146,3,0,0.931,2,6.708,1272.874,1.000,0.513,1.194,0.524,0.213,2.726,0.096,0.904,0.470,0.580
1356,45.200,3.606,0.000,-3.103,0.000,1,1,0,0.000,1.136,3,0,0.931,2,3.606,1331.200,1.000,0.513,1.240,0.548,0.706,1.978,0.121,0.879,0.453,0.580
1359,45.300,7.071,0.000,3.466,0.000,1,1,0,0.000,1.182,3,0,0.931,2,7.071,1353.149,1.000,0.513,1.677,0.763,1.179,0.838,0.135,0.865,0.468,0.580
1362,45.400,5.000,0.000,-2.071,0.000,1,1,0,0.000,1.145,3,0,0.931,2,5.000,1339.337,1.000,0.513,1.945,0.743,1.229,0.351,0.121,0.879,0.464,0.580
1365,45.500,11.314,0.000,6.314,0.000,1,1,0,0.000,1.235,3,0,0.931,2,120.739,1467.594,1.000,0.513,1.648,0.779,0.685,0.510,0.148,0.852,0.490,0.671
1368,45.600,5.831,0.000,-5.483,0.000,1,1,0,0.000,0.923,4,1,0.897,3,128.281,1644.019,1.000,0.504,1.533,0.554,0.167,0.396,0.125,0.875,0.587,0.750
1371,45.700,2.828,0.000,-3.003,0.000,1,1,0,0.000,1.075,4,0,0.897,3,131.061,1524.119,1.000,0.504,2.021,0.306,0.063,1.034,0.107,0.893,0.600,0.728
1374,45.800,3.606,0.000,0.777,0.000,1,1,0,0.000,0.894,4,0,0.897,3,127.910,1555.277,1.000,0.496,2.131,0.417,0.187,0.447,0.131,0.869,0.599,0.711
1377,45.900,0.000,0.000,-3.606,0.000,1,1,0,0.000,0.864,3,1,0.862,2,5.657,1412.894,1.000,0.496,1.759,0.720,0.299,0.544,0.148,0.852,0.434,0.750
1380,46.000,6.325,0.000,6.325,0.000,1,1,0,0.000,0.767,3,0,0.862,2,0.000,1421.584,1.000,0.496,1.700,0.762,0.648,0.351,0.169,0.831,0.464,0.580
1383,46.100,16.492,0.000,10.168,0.000,1,1,0,0.000,1.074,3,0,0.862,2,0.000,1446.869,1.000,0.496,3.715,0.653,0.944,2.533,0.186,0.814,0.579,0.580
1386,46.200,23.087,0.000,6.594,0.000,1,1,0,0.000,1.077,3,0,0.862,2,16.492,1507.559,1.000,0.496,4.331,0.782,1.056,0.036,0.132,0.868,0.622,0.350
1389,46.300,7.000,0.000,-16.087,0.000,1,1,0,0.000,1.194,3,0,0.862,2,0.000,1564.379,1.000,0.496,2.592,0.228,1.347,0.074,0.139,0.861,0.528,0.580
1392,46.400,4.123,0.000,-2.877,0.000,1,1,0,0.000,1.635,3,0,0.862,2,0.000,1457.465,1.000,0.496,1.970,0.181,1.334,0.256,0.112,0.888,0.499,0.580
1395,46.500,31.623,0.000,27.500,0.000,1,1,0,0.000,1.427,4,1,0.828,3,98.351,1416.038,1.000,0.496,4.189,0.396,1.284,0.120,0.136,0.864,0.808,0.750
1398,46.600,75.166,0.000,43.544,0.000,1,1,0,0.000,1.288,4,0,0.828,3,0.000,1457.365,1.000,0.487,6.197,0.145,0.916,0.955,0.164,0.836,0.950,0.450
1401,46.700,100.005,0.000,24.839,0.000,1,1,0,0.000,1.207,4,0,0.828,3,0.000,2213.100,1.000,0.487,5.996,0.581,0.594,0.116,0.199,0.801,0.914,0.350
1404,46.800,62.968,0.000,-37.037,0.000,1,1,0,0.000,1.077,3,1,0.793,2,0.000,2213.100,1.000,0.487,3.922,0.843,0.342,0.178,0.230,0.770,0.729,0.750
1407,46.900,39.459,0.000,-23.509,0.000,1,1,0,0.000,0.796,3,0,0.793,1,0.000,2213.100,1.000,0.487,3.261,0.590,0.170,0.525,0.201,0.799,0.639,0.000
1410,47.000,1.414,0.000,-38.045,0.000,1,1,0,0.000,1.090,3,0,0.828,1,0.000,2213.100,1.000,0.487,3.534,0.532,0.001,0.227,0.181,0.819,0.439,0.580
1413,47.100,7.071,0.000,5.657,0.000,1,1,0,0.000,0.985,3,0,0.828,2,0.000,2213.100,1.000,0.487,3.985,0.577,0.232,0.111,0.129,0.871,0.538,0.580
1416,47.200,36.674,0.000,29.603,0.000,1,1,0,0.000,0.745,3,0,0.828,2,38.897,2598.715,1.000,0.487,4.685,0.318,0.422,0.496,0.194,0.806,0.739,0.450
1419,47.300,77.666,162.265,40.992,141.650,2,1,1,27.166,1.638,3,0,0.862,4,19.416,3458.517,1.000,0.479,4.929,0.043,0.573,0.277,0.177,0.823,0.920,0.650
1422,47.400,27.000,0.000,-50.666,0.000,1,1,0,0.000,0.762,3,0,0.862,2,30.610,3648.979,1.000,0.479,4.371,0.528,0.710,0.449,0.153,0.847,0.662,0.650
1425,47.500,25.495,0.000,-1.505,0.000,1,1,0,0.000,0.728,3,0,0.862,2,20.396,3707.289,1.000,0.479,2.253,0.553,0.971,3.076,0.165,0.835,0.599,0.550
1428,47.600,2.236,0.000,-23.259,0.000,1,1,0,0.000,0.906,3,0,0.862,2,16.031,3586.688,1.000,0.479,1.525,0.448,1.544,1.135,0.151,0.849,0.459,0.700
1431,47.700,9.434,0.000,7.198,0.000,1,1,0,0.000,1.189,3,0,0.862,2,0.000,3183.377,1.000,0.470,1.853,0.593,1.773,1.164,0.138,0.862,0.497,0.700
1434,47.800,12.000,0.000,2.566,0.000,1,1,0,0.000,0.945,3,0,0.862,2,11.402,2581.785,1.000,0.470,1.759,0.389,1.762,0.266,0.099,0.901,0.523,0.700
1437,47.900,0.000,0.000,0.000,0.000,0,0,0,0.000,0.000,3,0,0.862,0,11.402,2581.785,0.967,0.470,1.636,0.375,1.825,0.291,0.079,0.921,0.201,0.700
1440,48.000,0.000,0.000,0.000,0.000,0,0,0,0.000,0.000,3,0,0.862,0,11.402,2581.785,0.933,0.470,2.486,0.393,1.793,0.313,0.122,0.878,0.217,0.700
1443,48.100,0.000,0.000,0.000,0.000,0,0,0,0.000,0.000,3,0,0.862,0,11.402,2581.785,0.900,0.470,3.066,0.461,1.273,0.616,0.127,0.873,0.222,0.580
1446,48.200,0.000,0.000,0.000,0.000,0,0,0,0.000,0.000,3,0,0.862,0,11.402,2581.785,0.867,0.470,1.704,0.638,0.524,0.427,0.135,0.865,0.172,0.580
1449,48.300,0.000,0.000,0.000,0.000,0,0,0,0.000,0.000,4,1,0.828,0,11.402,2581.785,0.833,0.470,1.536,0.607,0.068,0.197,0.125,0.875,0.266,0.750
1452,48.400,0.000,95.692,0.000,-66.573,1,0,1,0.000,1.813,4,0,0.828,3,107.075,2358.994,0.833,0.376,1.774,0.604,0.134,0.738,0.128,0.872,0.787,0.650
1455,48.500,0.000,9.000,0.000,-86.692,1,0,1,0.000,1.985,4,0,0.862,3,0.000,1656.388,0.833,0.369,1.397,0.802,0.261,2.122,0.138,0.862,0.564,0.580
1458,48.600,0.000,3.162,0.000,-5.838,1,0,1,0.000,1.950,5,1,0.828,4,127.941,1499.894,0.833,0.369,1.655,0.645,0.455,0.913,0.094,0.906,0.558,0.750
1461,48.700,0.000,5.385,0.000,2.223,1,0,1,0.000,1.969,5,0,0.828,4,0.000,1253.759,0.833,0.361,1.526,0.818,0.708,3.126,0.117,0.883,0.555,0.580
1464,48.800,0.000,8.544,0.000,3.159,1,0,1,0.000,2.021,5,0,0.862,4,8.544,1232.489,0.833,0.361,1.297,0.870,1.004,0.236,0.101,0.899,0.563,0.580
1467,48.900,0.000,3.162,0.000,-5.382,1,0,1,0.000,1.840,2,1,0.828,1,8.544,1232.489,0.833,0.361,0.727,0.711,1.341,0.411,0.100,0.900,0.376,0.750
1470,49.000,0.000,2.236,0.000,-0.926,1,0,1,0.000,1.734,3,1,0.793,2,123.548,1303.354,0.833,0.361,1.050,0.524,1.800,3.002,0.081,0.919,0.422,0.750
1473,49.100,0.000,5.000,0.000,2.764,1,0,1,0.000,1.678,3,0,0.793,2,13.153,1282.744,0.833,0.361,0.910,0.732,1.995,0.717,0.092,0.908,0.419,0.700
1476,49.200,0.000,4.472,0.000,-0.528,1,0,1,0.000,1.745,5,1,0.759,3,113.371,1429.659,0.833,0.361,1.803,0.243,1.685,0.580,0.146,0.854,0.561,0.750
1479,49.300,0.000,6.403,0.000,1.931,1,0,1,0.000,1.650,5,0,0.759,3,119.883,1579.520,0.833,0.353,1.896,0.224,1.471,0.239,0.132,0.868,0.575,0.700
1482,49.400,0.000,2.000,0.000,-4.403,1,0,1,0.000,1.497,5,0,0.793,3,116.765,1682.510,0.833,0.353,1.657,0.518,1.369,2.417,0.107,0.893,0.524,0.649
1485,49.500,0.000,5.099,0.000,3.099,1,0,1,0.000,1.561,4,0,0.793,3,0.000,1677.859,0.833,0.353,4.200,0.278,1.328,2.239,0.092,0.908,0.649,0.580
1488,49.600,0.000,8.062,0.000,2.963,1,0,1,0.000,1.407,4,0,0.793,3,120.739,1720.464,0.833,0.353,1.450,0.806,1.162,0.124,0.095,0.905,0.560,0.671
1491,49.700,0.000,1.414,0.000,-6.648,1,0,1,0.000,1.566,4,0,0.828,3,9.849,1690.737,0.833,0.345,1.621,0.642,1.247,1.716,0.089,0.911,0.538,0.580
1494,49.800,0.000,3.606,0.000,2.191,1,0,1,0.000,1.639,4,0,0.828,3,0.000,1681.839,0.833,0.337,2.268,0.474,1.182,3.126,0.152,0.848,0.579,0.580
1497,49.900,0.000,0.000,0.000,0.000,0,0,0,0.000,0.000,3,1,0.793,0,0.000,1681.839,0.800,0.337,0.618,0.722,0.980,0.749,0.073,0.927,0.231,0.750
1500,50.000,0.000,0.000,0.000,0.000,0,0,0,0.000,0.000,4,1,0.759,0,0.000,1681.839,0.767,0.337,1.526,0.601,0.943,2.831,0.118,0.882,0.258,0.750
1503,50.100,0.000,0.000,0.000,0.000,0,0,0,0.000,0.000,3,1,0.724,0,0.000,1681.839,0.733,0.337,3.141,0.703,0.802,0.699,0.142,0.858,0.187,0.750
1506,50.200,0.000,0.000,0.000,0.000,0,0,0,0.000,0.000,3,0,0.724,0,0.000,1681.839,0.700,0.337,2.619,0.386,0.614,0.724,0.168,0.832,0.192,0.580
1509,50.300,0.000,0.000,0.000,0.000,0,0,0,0.000,0.000,3,0,0.724,0,0.000,1681.839,0.667,0.337,2.541,0.741,0.427,1.185,0.146,0.854,0.162,0.580
1512,50.400,0.000,0.000,0.000,0.000,0,0,0,0.000,0.000,5,1,0.690,0,0.000,1681.839,0.633,0.337,1.019,0.410,0.156,0.583,0.104,0.896,0.243,0.750
1515,50.500,0.000,0.000,0.000,0.000,0,0,0,0.000,0.000,5,0,0.690,0,0.000,1681.839,0.600,0.337,2.152,0.261,0.271,2.190,0.151,0.849,0.278,0.580
1518,50.600,89.022,0.000,77.022,0.000,1,1,0,0.000,1.225,5,0,0.690,4,0.000,1563.987,0.600,0.300,5.351,0.351,0.557,0.022,0.211,0.789,0.875,0.650
1521,50.700,64.560,0.000,-24.462,0.000,1,1,0,0.000,1.105,4,1,0.655,3,0.000,1563.987,0.600,0.300,3.535,0.343,1.124,0.270,0.142,0.858,0.821,0.750
1524,50.800,49.092,0.000,-15.468,0.000,1,1,0,0.000,1.124,4,0,0.655,2,0.000,1563.987,0.600,0.300,5.163,0.627,1.338,1.028,0.229,0.771,0.797,0.350
1527,50.900,16.401,0.000,-32.691,0.000,1,1,0,0.000,1.058,4,0,0.655,1,0.000,1563.987,0.633,0.300,4.164,0.691,1.700,0.416,0.200,0.800,0.568,0.700
1530,51.000,1.000,0.000,-15.401,0.000,1,1,0,0.000,1.280,3,1,0.621,1,0.000,1563.987,0.667,0.306,2.593,0.623,1.994,0.133,0.186,0.814,0.367,0.750
1533,51.100,23.707,0.000,22.707,0.000,1,1,0,0.000,1.142,3,0,0.621,2,0.000,1563.987,0.700,0.306,2.830,0.484,1.083,2.632,0.140,0.860,0.573,0.550
1536,51.200,36.125,0.000,12.418,0.000,1,1,0,0.000,0.863,3,0,0.655,2,58.523,1684.550,0.733,0.306,4.247,0.324,1.456,0.029,0.170,0.830,0.692,0.700
1539,51.300,129.402,0.000,93.278,0.000,1,1,0,0.000,0.800,4,1,0.621,3,62.073,1702.108,0.767,0.310,5.941,0.354,1.695,0.059,0.212,0.788,0.901,0.750
1542,51.400,55.570,0.000,-73.833,0.000,1,1,0,0.000,0.471,4,0,0.621,3,136.180,1804.330,0.767,0.310,4.021,0.668,1.914,0.090,0.184,0.816,0.831,0.750
1545,51.500,16.125,0.000,-39.445,0.000,1,1,0,0.000,0.747,4,0,0.655,3,75.326,1835.359,0.767,0.310,2.025,0.782,2.185,1.264,0.171,0.829,0.612,0.700
1548,51.600,7.616,0.000,-8.509,0.000,1,1,0,0.000,1.036,3,1,0.621,2,111.158,1840.949,0.767,0.310,1.312,0.654,2.219,0.719,0.129,0.871,0.441,0.750
1551,51.700,11.180,0.000,3.565,0.000,1,1,0,0.000,1.346,3,0,0.621,2,75.452,1844.084,0.767,0.317,1.128,0.376,1.764,0.806,0.122,0.878,0.476,0.700
1554,51.800,4.472,0.000,-6.708,0.000,1,1,0,0.000,1.148,3,0,0.655,2,9.220,1838.967,0.767,0.317,1.105,0.177,1.529,1.597,0.117,0.883,0.452,0.700
1557,51.900,8.602,0.000,4.130,0.000,1,1,0,0.000,1.345,3,0,0.690,2,78.645,1778.259,0.767,0.324,0.987,0.707,1.324,2.807,0.127,0.873,0.435,0.580
1560,52.000,37.855,0.000,29.253,0.000,1,1,0,0.000,1.351,3,0,0.690,2,0.000,1653.138,0.767,0.324,0.874,0.610,1.331,1.450,0.097,0.903,0.601,0.550
1563,52.100,3.000,0.000,-34.855,0.000,1,1,0,0.000,1.371,3,0,0.724,2,0.000,1535.407,0.767,0.324,0.680,0.294,1.192,0.038,0.068,0.932,0.425,0.580
1566,52.200,286.700,0.000,280.376,0.000,2,1,0,286.700,1.287,3,0,0.724,4,0.000,1393.598,0.767,0.317,1.055,0.794,0.381,0.174,0.109,0.891,0.743,0.650
1569,52.300,279.308,0.000,-10.770,0.000,2,1,0,279.308,1.418,3,0,0.724,4,53.666,1151.694,0.767,0.317,0.994,0.930,0.139,1.386,0.071,0.929,0.732,0.550
1572,52.400,303.942,0.000,16.582,0.000,2,1,0,303.942,1.861,3,0,0.724,4,59.666,922.254,0.767,0.310,1.497,0.593,0.235,0.227,0.146,0.854,0.768,0.350
1575,52.500,309.277,0.000,-1.646,0.000,2,1,0,309.277,2.566,3,0,0.724,4,56.859,619.788,0.767,0.310,2.122,0.483,0.474,0.123,0.167,0.833,0.791,0.350
1578,52.600,295.183,0.000,-25.042,0.000,2,1,0,295.183,3.121,3,0,0.724,4,67.209,449.709,0.767,0.310,3.782,0.612,0.437,0.258,0.192,0.808,0.824,0.450
1581,52.700,21.633,121.672,-273.550,118.066,2,1,1,282.765,3.093,3,0,0.724,4,86.977,463.179,0.767,0.426,3.817,0.598,0.471,0.247,0.200,0.800,0.826,0.500
1584,52.800,0.000,13.601,0.000,-108.070,1,0,1,0.000,1.442,3,0,0.759,2,37.108,426.394,0.767,0.435,3.231,0.717,0.619,0.232,0.180,0.820,0.518,0.650
1587,52.900,0.000,36.249,0.000,22.648,1,0,1,0.000,1.310,3,0,0.793,2,0.000,366.620,0.800,0.435,4.342,0.719,0.824,0.008,0.185,0.815,0.676,0.350
1590,53.000,0.000,0.000,0.000,0.000,0,0,0,0.000,0.000,3,0,0.828,0,0.000,366.620,0.800,0.435,3.958,0.769,1.064,0.577,0.175,0.825,0.211,0.650
1593,53.100,0.000,0.000,0.000,0.000,0,0,0,0.000,0.000,3,0,0.828,0,0.000,366.620,0.800,0.435,2.194,0.847,1.025,0.718,0.161,0.839,0.162,0.580
1596,53.200,0.000,0.000,0.000,0.000,0,0,0,0.000,0.000,3,0,0.828,0,0.000,366.620,0.800,0.435,1.003,0.353,0.827,0.516,0.117,0.883,0.166,0.580
1599,53.300,0.000,0.000,0.000,0.000,0,0,0,0.000,0.000,3,0,0.862,0,0.000,366.620,0.800,0.435,1.701,0.371,0.717,1.988,0.146,0.854,0.183,0.580
1602,53.400,0.000,0.000,0.000,0.000,0,0,0,0.000,0.000,4,1,0.828,0,0.000,366.620,0.800,0.435,1.478,0.386,0.596,1.146,0.107,0.893,0.276,0.750
1605,53.500,57.219,0.000,35.586,0.000,1,1,0,0.000,2.840,4,0,0.828,3,0.000,366.620,0.833,0.345,1.791,0.451,0.573,0.040,0.125,0.875,0.798,0.650
1608,53.600,15.652,0.000,-41.566,0.000,1,1,0,0.000,2.795,4,0,0.862,3,0.000,366.620,0.833,0.337,0.829,0.120,0.459,0.145,0.083,0.917,0.634,0.580
1611,53.700,0.000,0.000,0.000,0.000,0,0,0,0.000,0.000,4,0,0.862,0,0.000,366.620,0.800,0.337,1.144,0.851,0.274,0.719,0.089,0.911,0.235,0.650
1614,53.800,6.403,0.000,-9.249,0.000,1,1,0,0.000,2.772,4,0,0.862,3,137.361,875.649,0.800,0.332,1.299,0.762,0.167,0.233,0.100,0.900,0.546,0.750
1617,53.900,19.105,0.000,12.702,0.000,1,1,0,0.000,2.675,4,0,0.897,3,14.318,1399.409,0.800,0.332,2.147,0.545,0.010,0.285,0.155,0.845,0.653,0.580
1620,54.000,280.179,0.000,261.074,0.000,1,1,0,0.000,2.533,3,1,0.862,2,127.472,1396.769,0.800,0.332,2.496,0.801,0.158,1.387,0.179,0.821,0.672,0.750
1623,54.100,0.000,0.000,0.000,0.000,0,0,0,0.000,0.000,3,0,0.862,0,127.472,1396.769,0.767,0.332,5.056,0.360,0.196,2.428,0.228,0.772,0.263,0.708
1626,54.200,307.085,0.000,26.906,0.000,1,1,0,0.000,2.527,3,0,0.897,2,127.472,1396.769,0.767,0.343,6.350,0.301,0.203,0.032,0.188,0.812,0.800,0.708
1629,54.300,0.000,0.000,0.000,0.000,0,0,0,0.000,0.000,3,0,0.897,0,127.472,1396.769,0.733,0.343,4.451,0.724,0.339,0.135,0.196,0.804,0.219,0.708
1632,54.400,0.000,0.000,0.000,0.000,0,0,0,0.000,0.000,3,0,0.897,0,127.472,1396.769,0.700,0.343,2.709,0.616,0.667,0.861,0.199,0.801,0.179,0.708
1635,54.500,0.000,0.000,0.000,0.000,0,0,0,0.000,0.000,3,0,0.931,0,127.472,1396.769,0.667,0.343,2.759,0.905,0.536,0.576,0.213,0.787,0.156,0.708
1638,54.600,0.000,0.000,0.000,0.000,0,0,0,0.000,0.000,3,0,0.931,0,127.472,1396.769,0.633,0.343,1.853,0.911,0.334,0.564,0.189,0.811,0.129,0.708
1641,54.700,0.000,0.000,0.000,0.000,0,0,0,0.000,0.000,3,0,0.931,0,127.472,1396.769,0.600,0.343,1.832,0.479,0.274,2.173,0.130,0.870,0.154,0.708
1644,54.800,36.125,0.000,-270.960,0.000,1,1,0,0.000,2.197,3,0,0.931,2,127.472,1396.769,0.600,0.326,4.724,0.802,0.322,0.594,0.246,0.754,0.655,0.708
1647,54.900,0.000,0.000,0.000,0.000,0,0,0,0.000,0.000,3,0,0.931,0,127.472,1396.769,0.567,0.326,4.029,0.785,0.455,0.300,0.224,0.776,0.184,0.708
1650,55.000,383.892,0.000,17.345,0.000,2,1,0,383.892,2.366,3,0,0.931,3,0.000,1608.499,0.567,0.330,2.482,0.305,0.574,0.812,0.165,0.835,0.789,0.650
1653,55.100,381.749,0.000,-2.143,0.000,1,1,0,0.000,2.413,3,0,0.931,2,49.980,1806.194,0.567,0.330,2.132,0.827,0.582,2.385,0.208,0.792,0.633,0.650
1656,55.200,2.236,0.000,-379.513,0.000,1,1,0,0.000,2.126,3,0,0.931,2,50.220,1880.714,0.567,0.330,1.605,0.620,0.653,1.865,0.157,0.843,0.397,0.580
1659,55.300,0.000,0.000,-2.236,0.000,1,1,0,0.000,2.092,3,0,0.931,1,3.606,1974.529,0.567,0.330,1.181,0.517,0.677,0.218,0.120,0.880,0.321,0.580
1662,55.400,2.236,0.000,2.236,0.000,1,1,0,0.000,2.109,3,0,0.931,1,29.069,2019.890,0.567,0.337,0.832,0.336,0.664,1.337,0.109,0.891,0.338,0.580
1665,55.500,11.045,0.000,8.809,0.000,1,1,0,0.000,1.662,3,0,0.931,2,30.463,2088.594,0.567,0.337,1.145,0.583,0.560,0.411,0.116,0.884,0.437,0.580
1668,55.600,15.133,0.000,4.087,0.000,1,1,0,0.000,1.616,3,0,0.931,2,45.706,2069.109,0.567,0.337,1.692,0.574,0.460,0.286,0.117,0.883,0.474,0.580
1671,55.700,10.440,0.000,-4.692,0.000,1,1,0,0.000,1.580,3,0,0.931,2,43.681,2020.038,0.567,0.337,2.039,0.549,0.170,1.798,0.122,0.878,0.459,0.580
1674,55.800,0.000,0.000,-10.440,0.000,1,1,0,0.000,1.274,3,0,0.931,2,26.000,2006.534,0.567,0.344,1.515,0.282,0.149,1.298,0.165,0.835,0.406,0.580
1677,55.900,4.472,0.000,4.472,0.000,1,1,0,0.000,0.807,3,0,0.931,2,35.114,1736.390,0.567,0.344,2.329,0.740,0.311,2.367,0.164,0.836,0.419,0.580
1680,56.000,8.246,0.000,3.774,0.000,1,1,0,0.000,0.702,3,0,0.931,2,59.481,550.589,0.600,0.350,1.923,0.666,0.271,0.031,0.164,0.836,0.439,0.580
1683,56.100,8.944,0.000,0.698,0.000,1,1,0,0.000,0.606,3,0,0.931,2,126.669,552.529,0.633,0.350,1.617,0.612,0.262,0.221,0.116,0.884,0.443,0.704
1686,56.200,23.087,0.000,14.143,0.000,1,1,0,0.000,0.741,3,0,0.931,2,15.556,520.207,0.667,0.357,2.436,0.783,0.257,0.501,0.163,0.837,0.534,0.580
1689,56.300,68.352,0.000,45.265,0.000,1,1,0,0.000,0.687,3,0,0.966,2,19.849,712.817,0.700,0.357,4.532,0.401,0.273,0.596,0.148,0.852,0.739,0.450
1692,56.400,93.231,0.000,24.879,0.000,1,1,0,0.000,0.693,3,0,0.966,2,19.849,712.817,0.733,0.363,5.884,0.687,0.395,0.036,0.184,0.816,0.757,0.000
1695,56.500,38.588,0.000,-54.643,0.000,1,1,0,0.000,0.373,3,0,0.966,2,19.849,712.817,0.733,0.363,5.473,0.748,0.426,0.097,0.226,0.774,0.707,0.450
1698,56.600,13.601,0.000,-24.986,0.000,1,1,0,0.000,0.423,3,0,0.966,1,19.849,712.817,0.733,0.370,5.053,0.791,0.334,0.121,0.217,0.783,0.495,0.580
1701,56.700,14.213,0.000,0.611,0.000,1,1,0,0.000,0.518,4,1,0.931,1,19.849,712.817,0.767,0.376,3.663,0.601,0.280,0.174,0.153,0.847,0.565,0.750
1704,56.800,11.180,0.000,-3.032,0.000,1,1,0,0.000,0.751,4,0,0.931,1,19.849,712.817,0.767,0.376,2.530,0.805,0.213,0.121,0.175,0.825,0.506,0.580
1707,56.900,38.419,0.000,27.238,0.000,1,1,0,0.000,0.813,4,0,0.966,2,54.083,1010.219,0.767,0.382,3.747,0.840,0.144,1.468,0.228,0.772,0.730,0.550
1710,57.000,0.000,249.650,0.000,213.401,1,0,1,0.000,1.601,3,1,0.931,2,15.652,1238.194,0.767,0.382,3.920,0.784,0.047,0.039,0.218,0.782,0.705,0.750
1713,57.100,0.000,24.352,0.000,-225.298,1,0,1,0.000,1.596,3,0,0.931,2,0.000,1316.068,0.800,0.382,3.189,0.793,0.217,0.969,0.194,0.806,0.575,0.450
1716,57.200,58.523,0.000,20.105,0.000,1,1,0,0.000,0.648,3,0,0.931,2,0.000,1306.059,0.800,0.406,4.265,0.579,0.443,0.818,0.201,0.799,0.732,0.500
1719,57.300,12.042,0.000,-46.482,0.000,1,1,0,0.000,1.016,3,0,0.931,2,0.000,1249.424,0.833,0.413,5.194,0.637,0.960,0.070,0.222,0.778,0.572,0.580
1722,57.400,14.142,0.000,2.101,0.000,1,1,0,0.000,1.092,3,0,0.931,2,0.000,1095.099,0.867,0.413,5.091,0.433,1.511,0.004,0.228,0.772,0.600,0.700
1725,57.500,11.662,0.000,-2.480,0.000,1,1,0,0.000,1.426,3,0,0.931,2,0.000,993.588,0.900,0.411,6.292,0.366,1.731,0.113,0.236,0.764,0.624,0.700
1728,57.600,56.613,46.325,44.951,21.973,2,1,1,66.189,1.740,3,0,0.931,4,0.000,512.994,0.933,0.411,5.214,0.559,2.099,0.276,0.231,0.769,0.883,0.700
1731,57.700,30.480,0.000,-26.133,0.000,1,1,0,0.000,1.696,3,0,0.931,2,0.000,449.438,0.967,0.411,5.364,0.861,2.341,0.028,0.227,0.773,0.679,0.700
1734,57.800,67.268,0.000,36.789,0.000,1,1,0,0.000,1.814,3,0,0.931,2,0.000,331.459,0.967,0.409,5.168,0.471,2.490,0.212,0.214,0.786,0.782,0.700
1737,57.900,75.802,0.000,8.534,0.000,1,1,0,0.000,1.736,3,0,0.931,2,0.000,890.350,1.000,0.497,5.578,0.397,2.629,1.931,0.198,0.802,0.802,0.700
1740,58.000,238.315,0.000,184.232,0.000,2,1,0,238.315,1.503,3,0,0.931,4,178.572,2148.444,1.000,0.504,5.029,0.452,1.891,1.155,0.183,0.817,0.894,0.750
1743,58.100,212.476,0.000,-23.533,0.000,2,1,0,212.476,1.809,3,0,0.931,4,0.000,2609.458,1.000,0.496,3.734,0.277,1.447,1.580,0.171,0.829,0.874,0.700
1746,58.200,197.436,0.000,-17.434,0.000,2,1,0,197.436,2.068,3,0,0.931,4,42.450,2237.710,1.000,0.479,3.229,0.585,1.160,2.274,0.166,0.834,0.840,0.550
1749,58.300,208.521,0.000,10.440,0.000,2,1,0,208.521,2.460,3,0,0.931,4,54.231,1645.274,1.000,0.470,2.279,0.515,1.062,0.746,0.131,0.869,0.821,0.350
1752,58.400,225.584,0.000,16.431,0.000,2,1,0,225.584,3.072,3,0,0.931,4,0.000,1224.269,1.000,0.462,3.482,0.553,1.030,0.897,0.146,0.854,0.848,0.350
1755,58.500,226.241,0.000,4.678,0.000,2,1,0,226.241,3.096,3,0,0.931,4,68.731,1233.629,1.000,0.453,2.175,0.704,0.946,1.451,0.141,0.859,0.805,0.550
1758,58.600,223.271,0.000,1.889,0.000,2,1,0,223.271,3.107,3,0,0.931,4,0.000,698.564,1.000,0.444,3.084,0.468,0.785,0.607,0.122,0.878,0.844,0.350
1761,58.700,214.786,0.000,-0.621,0.000,2,1,0,214.786,3.101,3,0,0.931,4,60.208,627.854,1.000,0.435,3.442,0.496,0.741,0.576,0.121,0.879,0.851,0.350
1764,58.800,217.830,0.000,6.802,0.000,2,1,0,217.830,3.119,4,1,0.897,6,0.000,908.327,1.000,0.399,1.394,0.734,0.606,0.643,0.098,0.902,0.883,0.750
1767,58.900,210.488,0.000,0.397,0.000,2,1,0,210.488,3.113,4,0,0.897,6,160.112,2034.200,1.000,0.379,1.908,0.810,0.245,0.064,0.108,0.892,0.891,0.750
1770,59.000,200.532,0.000,2.734,0.000,2,1,0,200.532,3.117,4,0,0.897,6,47.424,1810.644,1.000,0.358,2.381,0.291,0.059,0.944,0.102,0.898,0.939,0.480
1773,59.100,216.157,0.000,5.955,0.000,2,1,0,216.157,3.115,4,0,0.897,6,26.571,1622.887,1.000,0.347,2.764,0.632,0.481,2.024,0.128,0.872,0.925,0.550
1776,59.200,209.812,0.000,-10.524,0.000,2,1,0,209.812,3.112,4,0,0.897,6,65.000,1713.250,1.000,0.336,2.486,0.495,0.912,0.147,0.124,0.876,0.927,0.350
1779,59.300,259.000,0.000,49.188,0.000,1,1,0,0.000,3.100,4,0,0.897,3,0.000,1804.605,1.000,0.336,4.044,0.440,1.396,1.686,0.148,0.852,0.875,0.650
1782,59.400,106.174,0.000,-152.826,0.000,1,1,0,0.000,2.821,3,1,0.862,2,0.000,1362.970,1.000,0.347,6.111,0.266,1.499,0.413,0.193,0.807,0.824,0.750
1785,59.500,169.461,0.000,63.287,0.000,1,1,0,0.000,2.488,3,0,0.862,2,0.000,1362.970,1.000,0.347,6.082,0.126,1.476,0.040,0.188,0.812,0.833,0.700
1788,59.600,50.329,0.000,-119.132,0.000,1,1,0,0.000,2.124,3,0,0.897,2,0.000,1362.970,1.000,0.358,6.587,0.779,1.402,0.371,0.220,0.780,0.800,0.700
1791,59.700,27.019,0.000,-23.310,0.000,1,1,0,0.000,1.776,3,0,0.897,1,0.000,1362.970,1.000,0.358,4.972,0.914,1.101,0.156,0.193,0.807,0.590,0.580
1794,59.800,3.162,0.000,-23.856,0.000,1,1,0,0.000,1.749,3,0,0.897,1,0.000,1362.970,1.000,0.369,2.920,0.729,0.928,0.283,0.165,0.835,0.420,0.580
1797,59.900,8.944,0.000,5.782,0.000,1,1,0,0.000,1.457,3,0,0.931,2,0.000,1362.970,1.000,0.379,2.889,0.547,0.843,0.319,0.133,0.867,0.524,0.580
1800,60.000,0.000,27.857,0.000,-18.468,1,0,1,0.000,1.593,4,1,0.897,2,0.000,1362.970,1.000,0.379,3.982,0.520,0.852,2.154,0.179,0.821,0.728,0.750
1803,60.100,0.000,0.000,0.000,0.000,0,0,0,0.000,0.000,4,0,0.897,0,0.000,1362.970,0.967,0.379,2.860,0.419,0.561,1.679,0.133,0.867,0.328,0.650
1806,60.200,173.902,0.000,164.958,0.000,1,1,0,0.000,1.096,4,0,0.897,2,0.000,1362.970,0.967,0.381,2.196,0.456,0.564,0.069,0.125,0.875,0.779,0.650
1809,60.300,16.031,0.000,-157.871,0.000,1,1,0,0.000,1.087,4,0,0.897,2,0.000,1362.970,0.967,0.381,1.967,0.625,0.578,0.663,0.157,0.843,0.600,0.580
1812,60.400,7.071,0.000,-8.960,0.000,1,1,0,0.000,1.283,4,0,0.897,2,0.000,1362.970,0.967,0.391,2.237,0.383,0.303,1.222,0.146,0.854,0.574,0.580
1815,60.500,23.259,0.000,16.188,0.000,1,1,0,0.000,1.268,4,0,0.897,2,148.718,2088.608,0.967,0.391,1.989,0.614,0.131,1.287,0.140,0.860,0.642,0.750
1818,60.600,19.209,0.000,-4.050,0.000,1,1,0,0.000,1.408,5,0,0.897,4,15.297,2559.695,0.967,0.391,2.857,0.595,0.031,1.616,0.180,0.820,0.697,0.580
1821,60.700,11.402,0.000,-7.808,0.000,1,1,0,0.000,1.592,5,0,0.897,2,11.705,3061.644,0.967,0.400,3.207,0.694,0.163,1.145,0.199,0.801,0.583,0.580
1824,60.800,14.560,0.000,3.158,0.000,1,1,0,0.000,1.283,5,0,0.897,4,8.485,3462.819,0.967,0.400,3.449,0.722,0.377,1.085,0.209,0.791,0.677,0.580
1827,60.900,8.062,0.000,-6.498,0.000,1,1,0,0.000,1.282,4,0,0.897,2,25.318,3892.809,0.967,0.410,2.589,0.708,0.440,0.172,0.205,0.795,0.566,0.580
1830,61.000,0.000,0.000,0.000,0.000,0,0,0,0.000,0.000,4,0,0.897,0,25.318,3892.809,0.933,0.410,1.565,0.691,0.182,0.478,0.173,0.827,0.273,0.650
1833,61.100,0.000,0.000,0.000,0.000,0,0,0,0.000,0.000,4,0,0.897,0,25.318,3892.809,0.900,0.410,1.651,0.835,0.118,0.276,0.182,0.818,0.261,0.580
1836,61.200,0.000,0.000,0.000,0.000,0,0,0,0.000,0.000,4,0,0.897,0,25.318,3892.809,0.867,0.410,2.038,0.696,0.432,0.166,0.194,0.806,0.276,0.580
1839,61.300,0.000,0.000,0.000,0.000,0,0,0,0.000,0.000,4,0,0.897,0,25.318,3892.809,0.833,0.410,1.419,0.730,0.614,0.266,0.170,0.830,0.254,0.580
1842,61.400,0.000,0.000,0.000,0.000,0,0,0,0.000,0.000,4,0,0.897,0,25.318,3892.809,0.800,0.410,1.328,0.719,0.715,0.179,0.169,0.831,0.249,0.580
1845,61.500,0.000,0.000,0.000,0.000,0,0,0,0.000,0.000,4,0,0.897,0,25.318,3892.809,0.767,0.410,2.608,0.959,0.751,0.381,0.203,0.797,0.260,0.580
1848,61.600,0.000,0.000,0.000,0.000,0,0,0,0.000,0.000,4,0,0.897,0,25.318,3892.809,0.733,0.410,1.825,0.903,0.908,0.210,0.182,0.818,0.240,0.580
1851,61.700,0.000,0.000,0.000,0.000,0,0,0,0.000,0.000,4,0,0.931,0,25.318,3892.809,0.700,0.410,2.355,0.583,0.939,0.867,0.183,0.817,0.272,0.580
1854,61.800,0.000,0.000,0.000,0.000,0,0,0,0.000,0.000,5,0,0.931,0,25.318,3892.809,0.667,0.410,1.782,0.923,0.856,1.725,0.186,0.814,0.230,0.580
1857,61.900,0.000,0.000,0.000,0.000,0,0,0,0.000,0.000,5,0,0.931,0,25.318,3892.809,0.633,0.410,2.068,0.911,0.914,0.119,0.173,0.827,0.234,0.580
1860,62.000,0.000,0.000,0.000,0.000,0,0,0,0.000,0.000,5,0,0.931,0,25.318,3892.809,0.600,0.410,1.586,0.849,0.949,0.207,0.158,0.842,0.222,0.580
1863,62.100,0.000,0.000,0.000,0.000,0,0,0,0.000,0.000,4,0,0.931,0,25.318,3892.809,0.567,0.410,2.605,0.613,0.934,0.900,0.126,0.874,0.260,0.580
1866,62.200,0.000,0.000,0.000,0.000,0,0,0,0.000,0.000,4,0,0.931,0,25.318,3892.809,0.533,0.410,1.341,0.552,0.951,0.174,0.129,0.871,0.229,0.580
1869,62.300,0.000,0.000,0.000,0.000,0,0,0,0.000,0.000,4,0,0.966,0,25.318,3892.809,0.500,0.410,1.839,0.521,1.080,0.685,0.118,0.882,0.240,0.580
1872,62.400,0.000,0.000,0.000,0.000,0,0,0,0.000,0.000,4,0,0.966,0,25.318,3892.809,0.467,0.410,1.916,0.524,1.126,0.773,0.150,0.850,0.237,0.580
1875,62.500,0.000,0.000,0.000,0.000,0,0,0,0.000,0.000,4,0,0.966,0,25.318,3892.809,0.433,0.410,3.765,0.366,1.100,1.414,0.176,0.824,0.291,0.580
1878,62.600,71.113,0.000,63.050,0.000,1,1,0,0.000,1.638,4,0,0.966,2,25.318,3892.809,0.433,0.221,4.945,0.412,0.860,0.039,0.217,0.783,0.787,0.650
1881,62.700,0.000,0.000,0.000,0.000,0,0,0,0.000,0.000,5,0,0.966,0,25.318,3892.809,0.400,0.221,3.959,0.490,0.599,0.304,0.171,0.829,0.283,0.650
1884,62.800,0.000,0.000,0.000,0.000,0,0,0,0.000,0.000,5,0,0.966,0,25.318,3892.809,0.367,0.221,3.242,0.611,0.306,1.116,0.186,0.814,0.252,0.580
1887,62.900,0.000,0.000,0.000,0.000,0,0,0,0.000,0.000,5,0,1.000,0,25.318,3892.809,0.333,0.221,1.958,0.608,0.025,1.838,0.160,0.840,0.216,0.580
1890,63.000,0.000,0.000,0.000,0.000,0,0,0,0.000,0.000,4,0,1.000,0,25.318,3892.809,0.300,0.221,2.263,0.638,0.217,2.460,0.160,0.840,0.218,0.580
1893,63.100,0.000,0.000,0.000,0.000,0,0,0,0.000,0.000,4,0,1.000,0,25.318,3892.809,0.300,0.221,2.185,0.329,0.371,2.652,0.133,0.867,0.238,0.580
1896,63.200,0.000,0.000,0.000,0.000,0,0,0,0.000,0.000,4,0,1.000,0,25.318,3892.809,0.267,0.221,2.478,0.693,0.530,0.314,0.164,0.836,0.215,0.580
1899,63.300,0.000,0.000,0.000,0.000,0,0,0,0.000,0.000,3,1,0.966,0,25.318,3892.809,0.233,0.221,2.608,0.732,0.525,0.041,0.152,0.848,0.112,0.750
1902,63.400,83.355,0.000,12.242,0.000,1,1,0,0.000,1.586,3,0,0.966,2,110.887,4397.625,0.233,0.241,1.612,0.595,0.628,0.725,0.136,0.864,0.597,0.650
1905,63.500,7.071,0.000,-76.284,0.000,1,1,0,0.000,1.332,3,0,0.966,2,220.293,5027.624,0.233,0.245,1.242,0.464,0.597,0.021,0.120,0.880,0.386,0.750
1908,63.600,2.000,0.000,-5.071,0.000,1,1,0,0.000,1.468,3,0,0.966,2,92.418,4927.688,0.233,0.245,1.312,0.329,0.588,0.145,0.122,0.878,0.369,0.580
1911,63.700,6.403,0.000,4.403,0.000,1,1,0,0.000,1.608,3,0,0.966,2,138.654,4452.994,0.233,0.249,1.281,0.553,0.491,0.096,0.120,0.880,0.377,0.750
1914,63.800,5.000,0.000,-1.403,0.000,1,1,0,0.000,1.414,3,0,0.966,2,0.000,3916.218,0.233,0.253,1.150,0.760,0.732,0.520,0.108,0.892,0.351,0.580
1917,63.900,9.487,0.000,4.487,0.000,1,1,0,0.000,1.407,3,0,0.966,2,0.000,3153.684,0.233,0.253,1.312,0.609,1.111,0.558,0.103,0.897,0.391,0.580
1920,64.000,9.220,0.000,-0.267,0.000,1,1,0,0.000,1.378,3,0,0.966,2,0.000,2550.250,0.267,0.258,1.191,0.575,1.232,0.021,0.098,0.902,0.393,0.580
1923,64.100,7.616,0.000,-1.604,0.000,1,1,0,0.000,1.213,3,0,0.966,2,0.000,2356.664,0.300,0.262,1.133,0.570,0.285,2.393,0.102,0.898,0.387,0.580
1926,64.200,2.236,0.000,-5.380,0.000,1,1,0,0.000,0.982,3,0,0.966,2,2.236,2327.019,0.333,0.262,0.878,0.369,0.317,1.017,0.105,0.895,0.369,0.580
1929,64.300,2.236,0.000,0.000,0.000,1,1,0,0.000,1.014,3,0,0.966,2,0.000,2207.559,0.367,0.266,1.162,0.725,0.611,1.039,0.122,0.878,0.355,0.580
1932,64.400,8.062,0.000,5.826,0.000,1,1,0,0.000,1.039,3,0,0.966,2,0.000,1812.034,0.400,0.270,0.779,0.814,0.871,1.221,0.098,0.902,0.375,0.580
1935,64.500,2.236,0.000,-5.826,0.000,1,1,0,0.000,1.000,2,1,0.931,1,2.236,1810.988,0.433,0.270,0.562,0.746,1.024,0.482,0.080,0.920,0.316,0.750
1938,64.600,7.616,0.000,5.380,0.000,1,1,0,0.000,1.057,3,1,0.897,2,0.000,739.669,0.467,0.274,1.170,0.377,1.114,0.737,0.119,0.881,0.421,0.750
1941,64.700,8.485,0.000,0.870,0.000,1,1,0,0.000,1.165,3,0,0.897,2,0.000,537.420,0.500,0.274,1.140,0.916,1.221,0.559,0.120,0.880,0.392,0.580
1944,64.800,5.657,0.000,-2.828,0.000,1,1,0,0.000,1.098,3,0,0.897,2,5.657,36.869,0.533,0.274,0.706,0.721,1.322,1.022,0.087,0.913,0.383,0.580
1947,64.900,2.828,0.000,-2.828,0.000,1,1,0,0.000,1.271,2,1,0.862,1,2.828,36.964,0.567,0.274,0.522,0.820,1.540,1.213,0.069,0.931,0.329,0.750
1950,65.000,6.083,0.000,3.254,0.000,1,1,0,0.000,1.302,3,1,0.828,2,0.000,39.304,0.600,0.274,0.652,0.811,1.547,1.108,0.079,0.921,0.385,0.750
1953,65.100,7.616,0.000,1.533,0.000,1,1,0,0.000,1.292,3,0,0.828,2,0.000,43.354,0.633,0.270,0.631,0.855,1.523,0.041,0.064,0.936,0.394,0.700
1956,65.200,8.000,0.000,0.384,0.000,1,1,0,0.000,1.235,3,0,0.828,2,8.000,42.337,0.667,0.270,0.609,0.414,1.420,0.336,0.072,0.928,0.431,0.700
1959,65.300,2.000,0.000,-6.000,0.000,1,1,0,0.000,1.161,3,0,0.828,2,2.000,40.844,0.700,0.266,0.524,0.446,1.453,2.313,0.063,0.937,0.397,0.700
1962,65.400,13.153,0.000,11.153,0.000,1,1,0,0.000,1.251,3,0,0.828,2,84.770,268.414,0.733,0.266,1.110,0.507,1.397,1.190,0.083,0.917,0.473,0.350
1965,65.500,4.472,0.000,-8.681,0.000,1,1,0,0.000,1.141,3,0,0.828,2,0.000,274.440,0.767,0.266,0.981,0.673,1.339,2.269,0.091,0.909,0.414,0.580
1968,65.600,15.133,0.000,10.661,0.000,1,1,0,0.000,1.412,3,0,0.828,2,0.000,290.869,0.767,0.266,1.408,0.615,1.234,0.352,0.093,0.907,0.488,0.350
1971,65.700,1.414,0.000,-13.719,0.000,1,1,0,0.000,1.330,3,0,0.828,2,1.414,297.834,0.800,0.266,1.000,0.615,1.293,2.208,0.070,0.930,0.406,0.580
1974,65.800,3.606,0.000,2.191,0.000,1,1,0,0.000,1.383,3,0,0.828,2,3.606,301.649,0.833,0.270,0.568,0.335,1.288,3.052,0.075,0.925,0.431,0.580
1977,65.900,4.123,0.000,0.518,0.000,1,1,0,0.000,1.551,3,0,0.828,2,149.576,857.080,0.867,0.270,0.889,0.521,1.405,0.578,0.099,0.901,0.433,0.750
1980,66.000,7.071,0.000,2.948,0.000,1,1,0,0.000,1.553,3,0,0.828,2,0.000,832.175,0.900,0.270,0.813,0.653,1.191,2.195,0.078,0.922,0.442,0.580
1983,66.100,2.000,0.000,-5.071,0.000,1,1,0,0.000,1.375,3,0,0.828,1,2.000,809.704,0.933,0.274,0.601,0.455,0.949,1.733,0.075,0.925,0.366,0.580
1986,66.200,2.000,0.000,0.000,0.000,1,1,0,0.000,1.394,3,0,0.862,1,2.000,788.405,0.967,0.278,0.643,0.126,0.962,1.206,0.081,0.919,0.394,0.580
1989,66.300,4.472,0.000,2.472,0.000,1,1,0,0.000,1.413,3,0,0.862,2,0.000,736.925,1.000,0.278,1.101,0.225,1.048,0.181,0.084,0.916,0.477,0.580
1992,66.400,3.000,0.000,-1.472,0.000,1,1,0,0.000,1.280,3,0,0.862,2,182.562,1466.034,1.000,0.372,1.844,0.545,1.168,0.167,0.119,0.881,0.465,0.750
1995,66.500,16.401,0.000,13.401,0.000,1,1,0,0.000,1.051,3,0,0.862,2,0.000,1424.484,1.000,0.513,0.763,0.470,0.550,2.068,0.066,0.934,0.517,0.550
1998,66.600,7.616,0.000,-8.785,0.000,1,1,0,0.000,1.012,3,0,0.862,2,0.000,1345.019,1.000,0.513,1.366,0.707,0.358,0.247,0.099,0.901,0.467,0.580
2001,66.700,14.866,0.000,7.250,0.000,1,1,0,0.000,0.916,3,0,0.862,2,127.094,1662.938,1.000,0.513,1.097,0.366,0.012,0.114,0.099,0.901,0.524,0.706
2004,66.800,3.606,0.000,-11.261,0.000,1,1,0,0.000,1.142,3,0,0.862,2,0.000,1643.307,1.000,0.513,1.136,0.746,0.274,1.887,0.102,0.898,0.436,0.580
2007,66.900,10.630,0.000,7.025,0.000,1,1,0,0.000,1.304,4,1,0.828,3,0.000,1630.299,1.000,0.513,1.352,0.361,0.563,1.474,0.111,0.889,0.623,0.750
2010,67.000,63.159,0.000,52.528,0.000,1,1,0,0.000,1.248,4,0,0.828,3,0.000,1906.305,1.000,0.504,4.078,0.370,0.715,0.249,0.185,0.815,0.881,0.550
2013,67.100,79.649,0.000,16.491,0.000,1,1,0,0.000,1.202,4,0,0.828,3,159.314,1966.819,1.000,0.504,6.231,0.384,1.646,0.080,0.200,0.800,0.934,0.750
2016,67.200,45.453,0.000,-34.196,0.000,1,1,0,0.000,1.088,6,1,0.793,2,159.314,1966.819,1.000,0.504,5.156,0.481,2.565,0.200,0.183,0.817,0.825,0.750
2019,67.300,26.249,0.000,-19.204,0.000,1,1,0,0.000,1.028,6,0,0.793,1,159.314,1966.819,1.000,0.504,3.818,0.340,3.508,0.130,0.206,0.794,0.667,0.750
2022,67.400,11.314,0.000,-14.935,0.000,1,1,0,0.000,0.905,6,0,0.828,1,159.314,1966.819,1.000,0.513,3.308,0.741,4.474,1.819,0.214,0.786,0.544,0.750
2025,67.500,0.000,0.000,0.000,0.000,0,0,0,0.000,0.000,5,1,0.828,0,159.314,1966.819,0.967,0.513,17.545,0.535,5.029,0.172,0.294,0.706,0.449,0.750
2028,67.600,0.000,0.000,0.000,0.000,0,0,0,0.000,0.000,5,0,0.828,0,159.314,1966.819,0.933,0.513,2.929,0.526,9.324,1.290,0.130,0.870,0.318,0.750
2031,67.700,0.000,0.000,0.000,0.000,0,0,0,0.000,0.000,5,0,0.828,0,159.314,1966.819,0.900,0.513,3.847,0.395,10.363,2.005,0.129,0.871,0.347,0.750
2034,67.800,0.000,0.000,0.000,0.000,0,0,0,0.000,0.000,5,0,0.862,0,159.314,1966.819,0.867,0.513,1.486,0.458,11.909,1.690,0.096,0.904,0.279,0.750
2037,67.900,0.000,0.000,0.000,0.000,0,0,0,0.000,0.000,5,0,0.897,0,159.314,1966.819,0.833,0.513,2.152,0.434,11.358,1.511,0.099,0.901,0.293,0.750
2040,68.000,0.000,0.000,0.000,0.000,0,0,0,0.000,0.000,5,0,0.897,0,159.314,1966.819,0.800,0.513,3.311,0.145,8.072,2.422,0.106,0.894,0.339,0.750
2043,68.100,0.000,0.000,0.000,0.000,0,0,0,0.000,0.000,3,1,0.862,0,159.314,1966.819,0.767,0.513,3.620,0.285,8.627,0.997,0.111,0.889,0.233,0.750
2046,68.200,757.312,0.000,745.998,0.000,1,1,0,0.000,1.079,3,0,0.862,2,251.645,2902.594,0.767,0.372,2.370,0.217,8.659,0.407,0.107,0.893,0.706,0.750
2049,68.300,0.000,0.000,0.000,0.000,0,0,0,0.000,0.000,3,0,0.862,0,251.645,2902.594,0.733,0.372,3.301,0.227,9.060,0.317,0.100,0.900,0.225,0.750
2052,68.400,0.000,663.497,0.000,635.640,1,0,1,0.000,1.702,4,1,0.828,3,110.603,4040.155,0.733,0.369,2.915,0.631,9.936,0.287,0.110,0.890,0.802,0.750
2055,68.500,44.922,31.401,-712.390,-632.096,2,1,1,82.462,1.898,4,0,0.828,6,130.908,5612.250,0.733,0.349,1.831,0.723,9.913,0.100,0.105,0.895,0.863,0.727
2058,68.600,6.083,35.114,-38.839,3.713,2,1,1,118.271,1.944,4,0,0.828,6,0.000,5463.800,0.733,0.335,1.643,0.381,3.628,0.276,0.097,0.903,0.827,0.700
2061,68.700,11.402,41.400,5.319,6.286,2,1,1,138.058,1.978,4,1,0.793,6,123.568,4731.970,0.733,0.321,1.862,0.243,1.592,0.034,0.081,0.919,0.878,0.750
2064,68.800,27.019,18.439,15.617,-22.961,2,1,1,123.329,1.630,4,0,0.793,6,125.363,2608.738,0.733,0.307,1.383,0.366,1.089,0.266,0.081,0.919,0.777,0.696
2067,68.900,0.000,13.454,0.000,-4.985,1,0,1,0.000,1.283,4,0,0.793,3,187.409,1960.134,0.733,0.307,1.377,0.202,0.855,1.155,0.082,0.918,0.618,0.750
2070,69.000,0.000,13.038,0.000,-0.415,1,0,1,0.000,0.997,4,0,0.793,3,210.723,2588.010,0.733,0.292,1.521,0.350,0.692,1.538,0.062,0.938,0.609,0.750
2073,69.100,0.000,0.000,0.000,0.000,0,0,0,0.000,0.000,4,0,0.793,0,210.723,2588.010,0.700,0.292,1.528,0.094,0.232,0.426,0.059,0.941,0.286,0.750
2076,69.200,0.000,0.000,0.000,0.000,0,0,0,0.000,0.000,4,0,0.793,0,210.723,2588.010,0.667,0.292,1.709,0.161,0.296,0.317,0.054,0.946,0.281,0.750
2079,69.300,0.000,0.000,0.000,0.000,0,0,0,0.000,0.000,3,1,0.759,0,210.723,2588.010,0.633,0.292,1.091,0.334,0.389,2.843,0.077,0.923,0.150,0.750
2082,69.400,0.000,0.000,0.000,0.000,0,0,0,0.000,0.000,3,0,0.759,0,210.723,2588.010,0.600,0.292,1.057,0.626,0.404,1.279,0.061,0.939,0.125,0.750
2085,69.500,0.000,81.566,0.000,68.528,1,0,1,0.000,1.295,3,0,0.759,2,138.827,2687.094,0.600,0.295,2.402,0.714,0.428,0.701,0.076,0.924,0.652,0.750
2088,69.600,0.000,51.624,0.000,-29.942,1,0,1,0.000,1.252,4,1,0.724,3,97.124,2602.864,0.600,0.295,2.760,0.536,0.495,0.058,0.070,0.930,0.788,0.750
2091,69.700,0.000,34.713,0.000,-16.911,1,0,1,0.000,1.212,4,0,0.724,3,57.585,2528.534,0.600,0.289,1.129,0.111,0.556,1.281,0.075,0.925,0.720,0.350
2094,69.800,0.000,55.227,0.000,20.514,1,0,1,0.000,1.265,4,0,0.759,3,79.706,2450.935,0.600,0.289,1.994,0.627,0.607,0.248,0.074,0.926,0.763,0.350
2097,69.900,0.000,34.438,0.000,-20.788,1,0,1,0.000,1.208,4,0,0.759,3,193.205,2732.368,0.600,0.289,1.473,0.493,0.681,0.086,0.072,0.928,0.701,0.750
2100,70.000,12.728,0.000,-14.291,0.000,1,1,0,0.000,1.602,4,0,0.759,3,0.000,2930.838,0.600,0.289,2.482,0.250,0.747,2.470,0.082,0.918,0.622,0.580
2103,70.100,0.000,28.018,0.000,-6.420,1,0,1,0.000,1.314,4,0,0.793,3,29.017,2983.859,0.600,0.289,2.451,0.080,0.685,1.680,0.104,0.896,0.718,0.550
2106,70.200,0.000,19.849,0.000,-8.168,1,0,1,0.000,1.507,4,0,0.793,3,58.181,2783.648,0.600,0.282,2.285,0.833,0.586,0.710,0.079,0.921,0.616,0.350
2109,70.300,0.000,15.232,0.000,-4.618,1,0,1,0.000,1.451,4,0,0.793,3,57.697,2236.969,0.600,0.314,2.813,0.403,0.518,1.366,0.093,0.907,0.634,0.580
2112,70.400,72.560,0.000,59.832,0.000,1,1,0,0.000,1.743,4,0,0.828,3,52.010,1457.600,0.600,0.311,0.906,0.670,0.444,2.464,0.064,0.936,0.733,0.550
2115,70.500,0.000,137.877,0.000,120.877,2,0,1,137.877,1.107,4,0,0.828,6,124.197,1559.588,0.633,0.311,1.339,0.118,0.414,2.095,0.075,0.925,0.881,0.690
2118,70.600,0.000,112.450,0.000,-16.999,2,0,1,112.450,1.410,4,0,0.828,6,304.765,3397.614,0.667,0.311,0.847,0.124,0.642,0.083,0.071,0.929,0.872,0.750
2121,70.700,0.000,96.519,0.000,-15.931,1,0,1,0.000,1.728,4,0,0.828,3,46.098,3345.127,0.700,0.311,1.008,0.478,0.578,1.274,0.079,0.921,0.761,0.650
2124,70.800,0.000,14.142,0.000,-82.377,1,0,1,0.000,1.797,4,0,0.828,3,86.816,2919.609,0.733,0.321,1.515,0.595,0.529,2.682,0.089,0.911,0.598,0.580
2127,70.900,0.000,11.402,0.000,-2.740,1,0,1,0.000,1.638,4,0,0.828,3,77.827,2837.769,0.767,0.321,2.321,0.701,0.440,0.742,0.102,0.898,0.599,0.580
2130,71.000,0.000,13.892,0.000,2.491,1,0,1,0.000,1.828,4,0,0.862,3,14.142,2732.819,0.800,0.330,1.582,0.710,0.226,0.170,0.118,0.882,0.598,0.580
2133,71.100,0.000,11.402,0.000,-2.491,1,0,1,0.000,1.794,3,1,0.828,2,64.444,2714.388,0.833,0.330,1.072,0.622,0.238,0.989,0.108,0.892,0.467,0.750
2136,71.200,13.038,0.000,-59.522,0.000,1,1,0,0.000,2.120,3,0,0.828,2,25.942,2706.577,0.833,0.330,1.008,0.596,0.358,0.103,0.100,0.900,0.476,0.580
2139,71.300,26.077,0.000,13.038,0.000,1,1,0,0.000,2.141,3,0,0.862,2,9.487,2705.284,0.867,0.339,1.175,0.655,0.239,0.133,0.099,0.901,0.552,0.350
2142,71.400,17.464,0.000,-8.613,0.000,1,1,0,0.000,2.281,3,0,0.862,2,10.000,2676.287,0.867,0.408,1.210,0.468,0.233,2.837,0.100,0.900,0.519,0.580
2145,71.500,21.190,0.000,3.725,0.000,1,1,0,0.000,2.325,3,0,0.862,2,10.000,2676.287,0.867,0.408,1.448,0.735,0.109,2.108,0.089,0.911,0.526,0.550
2148,71.600,0.000,14.036,0.000,2.634,1,0,1,0.000,1.957,3,0,0.897,2,28.792,2633.439,0.867,0.408,1.175,0.609,0.323,1.202,0.082,0.918,0.489,0.580
2151,71.700,10.770,0.000,-10.419,0.000,1,1,0,0.000,2.339,3,0,0.897,2,28.792,2633.439,0.867,0.417,1.311,0.768,0.563,1.976,0.100,0.900,0.463,0.580
2154,71.800,10.198,0.000,-0.572,0.000,1,1,0,0.000,2.394,3,0,0.897,2,52.839,2655.068,0.867,0.417,1.331,0.642,0.715,0.813,0.090,0.910,0.469,0.580
2157,71.900,22.472,0.000,12.274,0.000,1,1,0,0.000,2.270,3,0,0.897,2,2.000,2649.037,0.867,0.417,1.341,0.758,0.986,1.293,0.079,0.921,0.529,0.350
2160,72.000,0.000,21.401,0.000,7.365,1,0,1,0.000,1.890,3,0,0.897,2,13.000,2585.934,0.867,0.426,1.840,0.800,0.834,1.546,0.082,0.918,0.533,0.550
2163,72.100,0.000,13.000,0.000,-8.401,1,0,1,0.000,1.751,3,0,0.897,2,79.322,2548.829,0.900,0.426,1.603,0.592,0.752,0.075,0.073,0.927,0.499,0.580
2166,72.200,0.000,18.028,0.000,5.028,1,0,1,0.000,1.470,3,0,0.931,2,69.971,2515.639,0.933,0.426,1.218,0.428,0.566,0.567,0.067,0.933,0.533,0.580
2169,72.300,0.000,7.071,0.000,-10.957,1,0,1,0.000,1.637,3,0,0.931,2,12.207,2459.344,0.967,0.435,2.391,0.831,0.459,0.772,0.108,0.892,0.477,0.580
2172,72.400,0.000,3.606,0.000,-3.466,1,0,1,0.000,1.923,3,0,0.931,2,7.810,2408.579,1.000,0.435,1.731,0.722,0.427,2.017,0.112,0.888,0.453,0.580
2175,72.500,0.000,6.325,0.000,2.719,1,0,1,0.000,2.053,3,0,0.966,2,7.810,2408.579,1.000,0.435,1.514,0.384,0.618,0.467,0.088,0.912,0.486,0.580
2178,72.600,0.000,15.232,0.000,8.907,1,0,1,0.000,2.127,3,0,0.966,2,5.099,805.207,1.000,0.444,1.180,0.700,0.556,2.337,0.093,0.907,0.505,0.550
2181,72.700,0.000,23.195,0.000,7.963,1,0,1,0.000,1.938,3,0,0.966,2,5.099,805.207,1.000,0.444,1.952,0.771,0.394,0.849,0.101,0.899,0.564,0.350
2184,72.800,0.000,10.817,0.000,-12.378,1,0,1,0.000,1.921,3,0,0.966,2,5.099,805.207,1.000,0.444,0.885,0.241,0.278,2.053,0.073,0.927,0.505,0.580
2187,72.900,0.000,15.620,0.000,4.804,1,0,1,0.000,1.902,3,0,0.966,2,6.403,813.100,1.000,0.453,1.030,0.802,0.222,2.651,0.054,0.946,0.496,0.550
2190,73.000,0.000,650.404,0.000,634.783,1,0,1,0.000,1.849,3,0,0.966,2,0.000,3017.244,1.000,0.462,13.398,0.229,0.211,1.694,0.294,0.706,0.874,0.550
2193,73.100,706.474,0.000,684.001,0.000,1,1,0,0.000,2.498,3,0,0.966,2,0.000,4486.997,1.000,0.462,4.155,0.802,1.194,1.689,0.228,0.772,0.738,0.550
2196,73.200,0.000,569.570,0.000,540.450,2,0,1,569.570,1.529,3,0,0.966,4,0.000,5594.774,1.000,0.470,3.168,0.642,1.798,0.200,0.212,0.788,0.834,0.700
2199,73.300,0.000,569.668,0.000,-6.172,2,0,1,569.668,1.859,3,0,0.966,4,49.041,5610.677,1.000,0.470,2.718,0.409,2.324,0.101,0.200,0.800,0.839,0.700
2202,73.400,0.000,578.744,0.000,-3.136,2,0,1,578.744,2.210,3,0,0.966,4,167.299,5520.950,1.000,0.462,2.391,0.724,4.004,0.200,0.189,0.811,0.809,0.750
2205,73.500,0.000,555.263,0.000,-3.688,2,0,1,555.263,2.732,3,0,0.966,4,146.441,4447.627,1.000,0.462,2.546,0.704,4.306,0.173,0.189,0.811,0.814,0.750
2208,73.600,0.000,536.154,0.000,-2.752,2,0,1,536.154,3.129,3,0,0.966,3,130.495,4040.700,1.000,0.462,1.871,0.657,4.040,0.127,0.168,0.832,0.801,0.725
2211,73.700,0.000,536.569,0.000,1.321,2,0,1,536.569,3.125,3,0,0.966,4,52.697,3155.059,1.000,0.453,2.060,0.549,4.197,0.184,0.176,0.824,0.813,0.700
2214,73.800,67.119,2.000,-639.354,-534.569,2,1,1,539.300,2.744,4,1,0.931,4,36.000,3094.630,1.000,0.444,2.589,0.439,4.486,0.217,0.183,0.817,0.934,0.750
2217,73.900,0.000,542.236,0.000,4.161,2,0,1,542.236,2.741,4,0,0.931,4,47.000,3068.079,1.000,0.435,2.087,0.491,3.470,0.151,0.174,0.826,0.918,0.700
2220,74.000,32.016,11.402,-35.104,-530.834,2,1,1,521.552,2.428,4,0,0.966,4,59.682,2815.739,1.000,0.426,2.592,0.440,4.256,2.240,0.178,0.822,0.862,0.700
2223,74.100,3.162,13.928,-28.853,2.527,2,1,1,520.389,2.212,4,0,0.966,4,89.560,2601.338,1.000,0.417,2.747,0.569,4.498,1.573,0.171,0.829,0.756,0.700
2226,74.200,12.166,17.029,9.003,3.101,2,1,1,509.907,2.009,4,0,0.966,4,83.187,2644.284,1.000,0.408,3.459,0.436,4.871,0.477,0.159,0.841,0.801,0.700
2229,74.300,0.000,547.622,0.000,-2.116,2,0,1,547.622,1.586,4,0,0.966,4,118.929,2635.197,1.000,0.399,3.665,0.205,4.937,0.354,0.152,0.848,0.977,0.700
2232,74.400,0.000,541.447,0.000,-3.542,2,0,1,541.447,1.967,4,0,0.966,4,102.961,1515.459,1.000,0.389,2.305,0.323,5.161,1.152,0.172,0.828,0.935,0.700
2235,74.500,0.000,548.864,0.000,-1.098,2,0,1,548.864,2.281,4,0,0.966,4,92.779,1551.194,1.000,0.379,2.089,0.505,5.264,2.094,0.176,0.824,0.917,0.700
2238,74.600,0.000,544.945,0.000,-1.348,2,0,1,544.945,2.863,4,0,0.966,4,89.844,1794.825,1.000,0.369,2.484,0.629,0.145,0.199,0.175,0.825,0.918,0.350
2241,74.700,41.304,2.236,29.138,-542.709,2,1,1,503.894,2.867,5,0,0.966,6,42.297,2133.928,1.000,0.358,2.281,0.538,0.042,0.717,0.162,0.838,0.899,0.580
2244,74.800,17.029,3.162,-24.274,0.926,2,1,1,503.099,2.771,5,0,0.966,6,0.000,2215.614,1.000,0.358,2.496,0.556,0.019,1.476,0.158,0.842,0.768,0.580
2247,74.900,9.487,1.000,-7.543,-2.162,2,1,1,494.036,2.422,5,0,0.966,6,0.000,2100.807,1.000,0.347,1.943,0.652,0.055,1.851,0.156,0.844,0.706,0.580
2250,75.000,0.000,509.063,0.000,-3.000,2,0,1,509.063,2.225,5,0,0.966,6,44.102,2213.575,1.000,0.336,2.353,0.887,0.089,0.718,0.162,0.838,0.897,0.500
2253,75.100,0.000,546.015,0.000,3.859,2,0,1,546.015,2.224,5,0,0.966,6,44.407,2355.794,1.000,0.336,3.038,0.702,0.109,0.068,0.158,0.842,0.927,0.350
2256,75.200,0.000,567.226,0.000,-0.093,2,0,1,567.226,2.486,5,0,0.966,6,40.447,2383.679,1.000,0.324,1.899,0.902,0.089,0.135,0.153,0.847,0.884,0.350
2259,75.300,40.817,2.236,31.330,-564.990,2,1,1,532.184,2.253,4,0,0.966,4,107.564,2226.128,1.000,0.324,3.421,0.631,0.113,0.506,0.165,0.835,0.918,0.598
2262,75.400,520.009,530.362,479.192,528.126,2,1,1,517.472,2.535,4,0,0.966,4,110.354,2288.334,1.000,0.324,2.599,0.566,0.098,0.169,0.156,0.844,0.925,0.613
2265,75.500,0.000,511.340,0.000,489.386,2,0,1,511.340,2.344,4,0,0.966,4,98.234,2677.350,1.000,0.324,2.755,0.617,0.095,2.712,0.161,0.839,0.926,0.550
2268,75.600,0.000,499.577,0.000,2.045,2,0,1,499.577,2.343,5,0,0.966,6,0.000,2544.307,1.000,0.324,2.192,0.316,0.117,0.296,0.142,0.858,0.933,0.550
2271,75.700,0.000,9.849,0.000,-489.728,1,0,1,0.000,2.196,5,0,0.966,3,44.407,2510.617,1.000,0.324,2.862,0.527,0.168,0.189,0.150,0.850,0.617,0.650
2274,75.800,0.000,5.000,0.000,-4.849,1,0,1,0.000,2.053,5,0,0.966,3,0.000,2404.800,1.000,0.324,2.092,0.385,0.218,2.896,0.153,0.847,0.581,0.580
2277,75.900,0.000,5.099,0.000,0.099,1,0,1,0.000,2.163,5,0,0.966,3,254.757,3588.640,1.000,0.336,1.773,0.807,0.328,0.344,0.144,0.856,0.544,0.750
2280,76.000,0.000,1.000,0.000,-4.099,1,0,1,0.000,2.012,5,0,0.966,3,0.000,3418.977,1.000,0.336,1.216,0.775,0.378,0.033,0.128,0.872,0.510,0.580
2283,76.100,0.000,3.606,0.000,2.606,1,0,1,0.000,2.008,5,0,0.966,3,261.077,4348.249,1.000,0.347,1.513,0.595,0.531,0.034,0.133,0.867,0.544,0.750
2286,76.200,0.000,2.000,0.000,-1.606,1,0,1,0.000,1.960,5,0,0.966,3,0.000,3514.480,1.000,0.347,0.976,0.538,0.580,0.264,0.106,0.894,0.526,0.580
2289,76.300,0.000,5.385,0.000,3.385,1,0,1,0.000,1.916,5,0,0.966,4,0.000,3090.734,1.000,0.358,0.874,0.540,0.664,0.055,0.084,0.916,0.578,0.580
2292,76.400,0.000,2.236,0.000,-3.149,1,0,1,0.000,1.825,5,0,0.966,3,0.000,3111.557,1.000,0.358,0.689,0.582,0.864,0.312,0.075,0.925,0.517,0.580
2295,76.500,0.000,511.220,0.000,505.835,2,0,1,511.220,1.781,5,0,0.966,6,196.939,4010.827,1.000,0.358,1.178,0.832,0.938,0.618,0.103,0.897,0.871,0.750
2298,76.600,0.000,545.485,0.000,33.367,2,0,1,545.485,2.219,5,0,0.966,4,81.049,2985.994,1.000,0.369,0.721,0.746,1.068,0.595,0.070,0.930,0.830,0.550
2301,76.700,0.000,544.772,0.000,-2.164,2,0,1,544.772,2.659,5,0,1.000,6,149.643,2816.037,1.000,0.369,1.557,0.241,1.563,1.991,0.092,0.908,0.922,0.750
2304,76.800,531.076,0.000,11.068,0.000,1,1,0,0.000,2.200,4,0,1.000,2,176.570,3584.747,1.000,0.369,3.452,0.219,1.549,1.481,0.106,0.894,0.831,0.750
2307,76.900,5.000,0.000,-526.076,0.000,1,1,0,0.000,1.819,4,0,1.000,2,170.062,4189.220,1.000,0.379,1.143,0.553,1.514,0.811,0.077,0.923,0.528,0.750
2310,77.000,18.974,0.000,13.974,0.000,1,1,0,0.000,1.682,4,0,1.000,2,152.315,4635.005,1.000,0.379,2.652,0.911,1.810,2.814,0.112,0.888,0.618,0.750
2313,77.100,0.000,47.927,0.000,-496.845,1,0,1,0.000,2.371,4,0,1.000,2,169.838,4779.124,1.000,0.389,2.800,0.816,1.840,0.563,0.111,0.889,0.773,0.750
2316,77.200,0.000,32.650,0.000,-15.277,1,0,1,0.000,2.324,4,0,1.000,2,223.036,6387.284,1.000,0.389,0.905,0.311,1.662,2.264,0.077,0.923,0.692,0.750
2319,77.300,0.000,15.232,0.000,-17.418,1,0,1,0.000,2.154,4,0,1.000,2,154.434,7386.229,1.000,0.399,1.480,0.722,1.995,0.340,0.083,0.917,0.581,0.750
2322,77.400,0.000,12.083,0.000,-3.149,1,0,1,0.000,2.107,5,1,0.966,4,191.552,7312.178,1.000,0.399,2.037,0.818,2.257,0.099,0.092,0.908,0.625,0.750
2325,77.500,0.000,14.866,0.000,2.783,1,0,1,0.000,1.766,5,0,0.966,2,145.499,7271.424,1.000,0.408,0.698,0.727,1.969,0.022,0.056,0.944,0.541,0.750
2328,77.600,0.000,13.000,0.000,-1.866,1,0,1,0.000,1.480,5,0,0.966,4,107.042,5632.969,1.000,0.399,2.429,0.682,1.598,1.393,0.122,0.878,0.649,0.700
2331,77.700,0.000,16.763,0.000,3.763,1,0,1,0.000,1.127,5,1,0.931,3,142.042,5406.704,1.000,0.399,2.863,0.146,1.269,0.687,0.106,0.894,0.683,0.750
2334,77.800,0.000,15.264,0.000,-1.499,1,0,1,0.000,1.021,5,0,0.931,3,105.076,5190.979,1.000,0.399,5.208,0.486,0.775,1.914,0.158,0.842,0.709,0.584
2337,77.900,1.414,0.000,-17.559,0.000,1,1,0,0.000,1.353,5,0,0.931,3,107.517,4687.479,1.000,0.399,3.000,0.539,0.154,0.805,0.119,0.881,0.573,0.597
2340,78.000,0.000,39.319,0.000,24.055,1,0,1,0.000,1.107,4,0,0.931,2,101.415,3643.905,1.000,0.408,3.924,0.442,0.154,0.286,0.118,0.882,0.796,0.580
2343,78.100,0.000,349.961,0.000,310.642,1,0,1,0.000,1.242,4,0,0.931,2,40.311,2551.787,1.000,0.408,11.473,0.014,0.464,1.417,0.263,0.737,0.959,0.550
2346,78.200,0.000,9.220,0.000,-340.742,1,0,1,0.000,1.220,4,0,0.931,1,11.402,2445.569,1.000,0.417,1.206,0.840,1.518,1.370,0.116,0.884,0.488,0.700
2349,78.300,342.644,0.000,341.230,0.000,1,1,0,0.000,1.617,3,1,0.897,2,109.659,2150.797,1.000,0.417,1.192,0.683,1.515,0.060,0.111,0.889,0.672,0.750
2352,78.400,4.000,0.000,-338.644,0.000,1,1,0,0.000,1.853,3,0,0.897,2,12.649,1651.470,1.000,0.426,2.073,0.470,1.324,0.892,0.138,0.862,0.481,0.580
2355,78.500,3.162,0.000,-0.838,0.000,1,1,0,0.000,1.528,3,0,0.897,2,9.849,1435.879,1.000,0.426,1.475,0.655,1.549,0.939,0.126,0.874,0.449,0.700
2358,78.600,11.180,0.000,8.018,0.000,1,1,0,0.000,1.220,3,0,0.897,1,22.561,1280.464,1.000,0.435,1.784,0.805,1.477,0.471,0.138,0.862,0.430,0.700
2361,78.700,0.000,10.296,0.000,1.076,1,0,1,0.000,1.328,3,0,0.897,2,14.318,1243.400,1.000,0.435,1.792,0.953,1.279,0.134,0.145,0.855,0.475,0.580
2364,78.800,8.000,0.000,-3.180,0.000,1,1,0,0.000,1.165,3,0,0.897,1,17.117,1186.634,1.000,0.444,1.064,0.860,1.576,0.352,0.122,0.878,0.391,0.700
2367,78.900,9.487,0.000,1.487,0.000,1,1,0,0.000,1.203,3,0,0.897,2,11.402,942.928,1.000,0.453,1.638,0.781,1.617,0.403,0.139,0.861,0.479,0.700
2370,79.000,0.000,33.541,0.000,23.245,1,0,1,0.000,1.388,3,0,0.897,2,61.465,884.038,1.000,0.453,1.517,0.728,1.545,0.002,0.129,0.871,0.613,0.700
2373,79.100,0.000,3.606,0.000,-29.935,1,0,1,0.000,1.429,2,1,0.862,1,6.083,820.175,1.000,0.462,0.789,0.830,1.608,0.477,0.104,0.896,0.392,0.750
2376,79.200,0.000,1.414,0.000,-2.191,1,0,1,0.000,1.759,3,1,0.828,2,10.440,781.650,1.000,0.470,0.698,0.780,1.351,0.307,0.077,0.923,0.411,0.750
2379,79.300,0.000,0.000,0.000,0.000,0,0,0,0.000,0.000,3,0,0.828,0,10.440,781.650,0.967,0.470,1.075,0.807,0.990,1.023,0.100,0.900,0.156,0.650
2382,79.400,232.112,0.000,222.625,0.000,1,1,0,0.000,1.555,3,0,0.828,2,0.000,780.430,0.967,0.463,14.362,0.169,0.266,1.757,0.316,0.684,0.874,0.650
2385,79.500,51.865,0.000,-180.247,0.000,1,1,0,0.000,1.889,4,1,0.793,2,0.000,804.868,0.967,0.471,16.920,0.638,0.776,2.224,0.267,0.733,0.911,0.750
2388,79.600,29.732,0.000,-22.133,0.000,1,1,0,0.000,1.652,4,0,0.793,2,126.321,1067.194,0.967,0.480,15.135,0.590,1.295,0.044,0.257,0.743,0.830,0.702
2391,79.700,21.190,0.000,-8.543,0.000,1,1,0,0.000,1.402,4,0,0.793,2,135.093,1312.249,0.967,0.480,14.290,0.520,0.449,0.031,0.256,0.744,0.787,0.750
2394,79.800,22.136,0.000,0.946,0.000,1,1,0,0.000,1.475,3,1,0.759,2,127.346,1443.749,0.967,0.480,14.796,0.693,0.797,0.006,0.264,0.736,0.710,0.750
2397,79.900,15.033,0.000,-7.103,0.000,1,1,0,0.000,1.703,3,0,0.759,2,0.000,1509.645,0.967,0.480,12.988,0.824,1.194,0.068,0.257,0.743,0.662,0.580
2400,80.000,24.187,0.000,9.153,0.000,1,1,0,0.000,1.571,3,0,0.759,2,0.000,1421.489,0.967,0.480,12.517,0.815,1.469,0.016,0.260,0.740,0.713,0.700
2403,80.100,282.931,0.000,268.166,0.000,2,1,0,282.931,1.758,4,1,0.724,6,0.000,1449.544,0.967,0.463,10.733,0.862,1.770,0.047,0.257,0.743,1.000,0.750
2406,80.200,280.257,143.962,-2.674,142.548,2,1,1,262.017,1.739,4,0,0.724,6,0.000,1305.878,0.967,0.454,9.434,0.905,2.016,0.041,0.254,0.746,1.000,0.700
2409,80.300,251.161,0.000,234.669,0.000,2,1,0,251.161,1.946,4,0,0.759,6,0.000,1201.599,0.967,0.446,7.084,0.955,2.218,0.144,0.243,0.757,1.000,0.700
2412,80.400,249.163,28.425,-1.999,-115.536,2,1,1,242.002,2.225,4,0,0.759,6,0.000,798.794,0.967,0.437,4.427,0.849,2.370,0.083,0.212,0.788,0.947,0.700
2415,80.500,237.304,0.000,229.241,0.000,2,1,0,237.304,2.167,4,0,0.759,6,0.000,671.444,0.967,0.419,4.974,0.675,2.443,1.994,0.201,0.799,0.973,0.700
2418,80.600,229.002,24.352,-8.301,-4.074,2,1,1,222.081,2.208,4,0,0.793,6,0.000,738.420,0.967,0.391,3.813,0.592,2.546,0.272,0.160,0.840,0.950,0.700
2421,80.700,30.676,11.402,-198.326,-12.950,2,1,1,203.630,2.173,5,1,0.759,6,41.725,788.694,0.967,0.371,3.459,0.577,2.617,0.544,0.154,0.846,0.862,0.750
2424,80.800,206.061,0.000,193.022,0.000,2,1,0,206.061,2.132,5,0,0.759,4,13.000,796.885,0.967,0.358,4.269,0.870,2.693,0.783,0.192,0.808,0.906,0.700
2427,80.900,195.310,0.000,-5.730,0.000,2,1,0,195.310,2.283,5,0,0.759,4,0.000,733.909,0.967,0.347,3.770,0.795,2.958,0.590,0.198,0.802,0.899,0.700
2430,81.000,193.145,0.000,-8.917,0.000,2,1,0,193.145,2.663,5,0,0.759,4,0.000,937.349,0.967,0.336,1.963,0.656,1.556,0.687,0.171,0.829,0.863,0.700
2433,81.100,186.078,0.000,-1.605,0.000,2,1,0,186.078,2.818,5,0,0.759,4,82.298,1075.428,0.967,0.324,1.622,0.725,0.818,0.211,0.167,0.833,0.850,0.350
2436,81.200,19.000,0.000,-167.078,0.000,1,1,0,0.000,2.664,5,0,0.793,2,39.051,1078.374,0.967,0.324,2.850,0.885,0.557,0.185,0.205,0.795,0.603,0.650
2439,81.300,190.263,0.000,171.263,0.000,1,1,0,0.000,2.725,4,1,0.759,2,93.150,1193.754,0.967,0.336,1.262,0.850,0.249,0.257,0.146,0.854,0.728,0.750
2442,81.400,198.426,0.000,181.338,0.000,2,1,0,198.426,2.358,4,0,0.759,4,49.010,1333.917,0.967,0.336,1.634,0.784,0.044,0.329,0.158,0.842,0.882,0.650
2445,81.500,190.379,0.000,-3.369,0.000,2,1,0,190.379,2.366,4,0,0.759,4,0.000,1356.025,0.967,0.347,2.030,0.912,0.267,0.538,0.201,0.799,0.883,0.350
2448,81.600,195.256,67.052,4.878,55.650,2,1,1,183.330,2.368,4,0,0.759,4,84.291,1310.759,0.967,0.347,1.084,0.465,0.484,0.464,0.113,0.887,0.891,0.500
2451,81.700,5.000,10.000,-190.256,-57.052,2,1,1,193.373,2.100,4,0,0.759,4,92.439,1381.720,0.967,0.347,0.979,0.630,0.684,1.579,0.117,0.883,0.682,0.580
2454,81.800,196.010,0.000,190.911,0.000,2,1,0,196.010,2.191,4,0,0.759,4,97.637,1501.394,0.967,0.358,1.010,0.751,0.879,1.637,0.126,0.874,0.869,0.550
2457,81.900,194.612,0.000,-1.398,0.000,1,1,0,0.000,2.424,4,0,0.759,2,21.378,1253.849,0.967,0.358,0.637,0.568,1.058,0.726,0.099,0.901,0.732,0.650
2460,82.000,2.236,0.000,-192.376,0.000,1,1,0,0.000,2.413,4,0,0.793,2,47.802,1014.434,0.967,0.369,1.002,0.869,1.169,0.468,0.149,0.851,0.483,0.580
2463,82.100,10.198,0.000,7.962,0.000,1,1,0,0.000,2.186,4,0,0.828,2,7.211,1001.849,0.967,0.379,1.693,0.945,1.310,0.154,0.210,0.790,0.539,0.580
2466,82.200,6.083,0.000,-4.115,0.000,1,1,0,0.000,2.144,4,0,0.828,2,7.616,995.999,0.967,0.379,1.223,0.864,1.441,0.543,0.173,0.827,0.510,0.700
2469,82.300,17.000,0.000,10.917,0.000,1,1,0,0.000,1.970,4,0,0.828,2,63.600,1066.920,1.000,0.389,2.040,0.857,1.586,0.068,0.190,0.810,0.595,0.700
2472,82.400,6.403,0.000,-10.597,0.000,1,1,0,0.000,1.932,4,0,0.862,2,59.481,1099.819,1.000,0.399,1.627,0.861,1.770,0.206,0.184,0.816,0.526,0.700
2475,82.500,4.472,0.000,-1.931,0.000,1,1,0,0.000,1.649,4,0,0.862,2,58.669,1059.338,1.000,0.399,1.490,0.888,1.622,0.266,0.195,0.805,0.510,0.700
2478,82.600,13.153,0.000,8.681,0.000,1,1,0,0.000,1.730,4,0,0.862,2,61.717,898.084,1.000,0.408,1.460,0.513,1.465,0.035,0.143,0.857,0.584,0.700
2481,82.700,1.000,13.038,-12.153,3.038,2,1,1,185.335,1.485,4,0,0.897,4,74.953,871.935,1.000,0.408,1.297,0.417,1.305,1.682,0.138,0.862,0.726,0.650
2484,82.800,2.828,0.000,1.828,0.000,1,1,0,0.000,1.415,4,1,0.862,1,4.000,875.975,1.000,0.417,0.975,0.701,1.236,0.525,0.132,0.868,0.456,0.750
2487,82.900,2.828,39.825,0.000,26.786,2,1,1,223.618,1.644,5,1,0.828,4,35.440,512.825,1.000,0.417,0.815,0.825,1.142,0.408,0.117,0.883,0.798,0.750
2490,83.000,2.828,18.028,0.000,-21.797,2,1,1,207.369,1.493,5,0,0.862,4,146.986,1036.860,1.000,0.417,1.550,0.856,1.078,0.381,0.178,0.822,0.693,0.750
2493,83.100,28.231,13.038,25.403,-4.989,2,1,1,221.054,1.324,5,0,0.862,4,64.008,1189.810,1.000,0.417,3.537,0.721,1.078,2.639,0.221,0.779,0.809,0.580
2496,83.200,221.488,0.000,193.257,0.000,1,1,0,0.000,1.555,5,0,0.862,2,7.000,1179.330,1.000,0.426,7.965,0.795,0.967,2.180,0.286,0.714,0.885,0.650
2499,83.300,0.000,15.811,0.000,2.773,1,0,1,0.000,0.955,5,0,0.862,2,27.019,1175.809,1.000,0.426,12.919,0.873,0.671,0.086,0.289,0.711,0.719,0.580
2502,83.400,0.000,0.000,0.000,0.000,0,0,0,0.000,0.000,4,1,0.828,0,27.019,1175.809,0.967,0.426,17.920,0.820,0.054,0.042,0.290,0.710,0.429,0.750
2505,83.500,33.734,0.000,-187.754,0.000,1,1,0,0.000,1.555,4,0,0.828,2,27.019,1175.809,0.967,0.419,17.928,0.689,1.103,0.070,0.245,0.755,0.845,0.650
2508,83.600,9.220,0.000,-24.515,0.000,1,1,0,0.000,1.650,4,0,0.862,2,27.019,1175.809,0.967,0.419,18.723,0.767,2.436,0.091,0.242,0.758,0.704,0.700
2511,83.700,0.000,32.450,0.000,16.639,1,0,1,0.000,1.127,3,1,0.828,2,27.019,1175.809,0.967,0.428,16.725,0.931,3.815,0.032,0.237,0.763,0.751,0.750
2514,83.800,0.000,7.280,0.000,-25.170,1,0,1,0.000,1.139,3,0,0.828,2,27.019,1175.809,0.967,0.428,12.219,0.837,5.218,0.154,0.224,0.776,0.618,0.700
2517,83.900,0.000,6.708,0.000,-0.572,1,0,1,0.000,1.240,3,0,0.828,2,27.019,1175.809,0.967,0.437,8.729,0.919,7.823,0.109,0.218,0.782,0.609,0.700
2520,84.000,0.000,6.403,0.000,-0.305,1,0,1,0.000,1.285,4,1,0.793,2,27.019,1175.809,0.967,0.437,3.738,0.845,12.361,0.378,0.197,0.803,0.576,0.750
2523,84.100,0.000,20.591,0.000,14.188,1,0,1,0.000,1.243,4,0,0.793,2,41.773,1165.745,0.967,0.446,4.853,0.953,13.013,2.137,0.219,0.781,0.675,0.700
2526,84.200,0.000,23.770,0.000,3.178,1,0,1,0.000,0.937,4,0,0.828,2,0.000,1316.194,0.967,0.446,6.570,0.812,13.492,0.321,0.247,0.753,0.745,0.700
2529,84.300,0.000,18.385,0.000,-5.385,1,0,1,0.000,0.974,4,0,0.828,2,0.000,1344.119,0.967,0.454,10.589,0.816,19.869,0.439,0.262,0.738,0.751,0.700
2532,84.400,0.000,34.059,0.000,15.674,1,0,1,0.000,1.011,4,0,0.828,2,0.000,1242.359,0.967,0.454,16.745,0.667,20.954,0.245,0.262,0.738,0.849,0.700
2535,84.500,0.000,31.064,0.000,-2.994,1,0,1,0.000,0.847,4,0,0.828,2,0.000,1256.137,0.967,0.463,17.996,0.588,23.036,0.139,0.263,0.737,0.837,0.700
2538,84.600,262.383,0.000,242.967,0.000,2,1,0,262.383,1.849,3,1,0.793,4,0.000,1229.689,0.967,0.454,18.143,0.714,28.780,0.042,0.268,0.732,0.946,0.750
2541,84.700,267.110,0.000,-8.284,0.000,2,1,0,267.110,2.041,3,0,0.793,4,0.000,670.469,0.967,0.446,16.786,0.736,16.908,0.008,0.264,0.736,0.945,0.700
2544,84.800,272.090,0.000,-0.648,0.000,2,1,0,272.090,2.459,3,0,0.793,4,0.000,578.814,0.967,0.437,15.289,0.778,6.549,0.037,0.265,0.735,0.942,0.700
2547,84.900,280.071,0.000,-7.296,0.000,2,1,0,280.071,2.848,4,1,0.759,4,0.000,549.835,0.967,0.428,12.288,0.791,3.347,0.045,0.260,0.740,1.000,0.750
2550,85.000,10.440,25.962,-269.631,-5.103,2,1,1,284.508,2.588,4,0,0.759,4,0.000,520.244,0.967,0.428,10.054,0.892,1.888,0.046,0.262,0.738,0.928,0.700
2553,85.100,2.828,12.369,-7.612,-13.592,2,1,1,270.474,2.717,4,0,0.759,4,19.647,503.548,0.967,0.419,7.826,0.912,1.281,0.102,0.262,0.738,0.847,0.580
2556,85.200,7.280,11.180,4.452,-1.189,2,1,1,257.235,2.586,4,0,0.759,4,0.000,482.759,0.967,0.419,6.443,0.857,0.852,0.136,0.260,0.740,0.809,0.580
2559,85.300,0.000,10.296,0.000,-0.885,1,0,1,0.000,1.063,4,0,0.759,2,0.000,534.779,0.967,0.419,4.380,0.854,0.570,0.291,0.231,0.769,0.613,0.650
2562,85.400,0.000,20.125,0.000,9.829,1,0,1,0.000,1.106,4,0,0.759,2,0.000,495.044,0.967,0.428,4.366,0.959,0.405,0.305,0.220,0.780,0.660,0.350
2565,85.500,18.682,13.038,11.401,-7.086,2,1,1,218.014,2.391,4,0,0.759,4,43.382,603.114,0.967,0.419,2.737,0.858,0.306,3.073,0.159,0.841,0.758,0.650
2568,85.600,17.263,5.099,-1.419,-7.939,2,1,1,236.123,2.383,4,0,0.759,4,51.894,1016.587,0.967,0.417,1.874,0.403,0.280,0.357,0.181,0.819,0.761,0.580
2571,85.700,218.229,0.000,-8.385,0.000,2,1,0,218.229,2.348,4,0,0.793,4,65.924,1036.775,0.967,0.408,1.308,0.780,0.223,0.745,0.126,0.874,0.874,0.500
2574,85.800,220.327,0.000,-1.783,0.000,2,1,0,220.327,2.687,4,0,0.828,4,61.033,1004.869,0.967,0.399,1.390,0.662,0.122,0.547,0.140,0.860,0.884,0.350
2577,85.900,239.301,0.000,13.981,0.000,2,1,0,239.301,2.881,4,0,0.828,4,104.346,1285.085,0.967,0.389,1.515,0.740,0.080,0.137,0.133,0.867,0.882,0.580
2580,86.000,228.035,0.000,-6.511,0.000,2,1,0,228.035,3.082,4,0,0.828,3,134.893,1671.735,0.967,0.389,1.579,0.872,0.445,0.165,0.169,0.831,0.829,0.749
2583,86.100,221.081,0.000,-2.100,0.000,2,1,0,221.081,3.123,4,0,0.828,4,48.010,1766.037,0.967,0.379,1.890,0.883,0.870,0.204,0.190,0.810,0.881,0.350
2586,86.200,6.083,31.765,-214.999,26.666,2,1,1,218.742,2.911,4,0,0.828,4,56.886,1813.208,0.967,0.379,1.962,0.884,1.312,0.122,0.182,0.818,0.810,0.500
2589,86.300,8.602,21.260,2.520,-10.504,2,1,1,226.861,2.661,4,0,0.862,4,56.009,1579.038,0.967,0.379,1.522,0.794,1.641,0.254,0.166,0.834,0.747,0.700
2592,86.400,8.000,1.000,-0.602,-20.260,2,1,1,227.862,2.542,4,0,0.862,4,153.323,1946.824,1.000,0.379,1.169,0.758,1.845,0.371,0.165,0.835,0.671,0.750
2595,86.500,230.497,0.000,-4.556,0.000,2,1,0,230.497,2.360,4,0,0.862,4,51.662,1798.644,1.000,0.379,1.244,0.882,1.966,0.057,0.168,0.832,0.869,0.700
2598,86.600,235.255,0.000,-2.486,0.000,2,1,0,235.255,2.365,4,0,0.897,4,97.015,1944.850,1.000,0.379,1.215,0.774,2.026,0.347,0.184,0.816,0.876,0.700
2601,86.700,240.187,0.000,9.517,0.000,2,1,0,240.187,2.577,4,0,0.897,4,108.467,1857.999,1.000,0.379,1.375,0.752,2.031,0.153,0.184,0.816,0.882,0.700
2604,86.800,232.998,0.000,-5.103,0.000,2,1,0,232.998,2.943,4,0,0.897,4,79.259,1578.179,1.000,0.379,1.042,0.727,1.959,0.156,0.164,0.836,0.875,0.700
2607,86.900,239.635,0.000,-1.197,0.000,2,1,0,239.635,3.123,4,0,0.931,4,97.514,1755.579,1.000,0.369,1.077,0.711,1.787,0.169,0.171,0.829,0.877,0.700
2610,87.000,253.939,0.000,-0.504,0.000,2,1,0,253.939,3.124,4,0,0.931,4,176.777,2401.794,1.000,0.369,0.979,0.800,1.696,0.044,0.162,0.838,0.868,0.750
2613,87.100,249.826,0.000,2.177,0.000,2,1,0,249.826,3.124,4,0,0.931,4,170.074,2814.275,1.000,0.369,1.187,0.829,1.677,0.552,0.162,0.838,0.872,0.750
2616,87.200,5.831,0.000,-243.995,0.000,1,1,0,0.000,3.089,4,0,0.931,2,69.836,2839.707,1.000,0.369,1.437,0.863,1.574,0.203,0.174,0.826,0.518,0.700
2619,87.300,226.418,0.000,224.182,0.000,2,1,0,226.418,2.902,4,0,0.931,3,226.418,3060.339,1.000,0.369,1.292,0.819,1.416,0.146,0.178,0.822,0.830,0.750
2622,87.400,201.099,0.000,-15.983,0.000,2,1,0,201.099,2.904,4,0,0.931,4,201.099,3466.178,1.000,0.369,1.146,0.798,1.241,0.111,0.205,0.795,0.873,0.750
2625,87.500,197.122,0.000,-3.978,0.000,1,1,0,0.000,2.904,4,0,0.966,2,197.122,3615.069,1.000,0.379,1.004,0.835,1.097,0.321,0.139,0.861,0.727,0.750
2628,87.600,2.236,0.000,-194.886,0.000,1,1,0,0.000,2.782,3,1,0.931,2,65.924,3566.034,1.000,0.379,0.969,0.234,0.990,1.514,0.082,0.918,0.460,0.750
2631,87.700,257.870,0.000,233.539,0.000,2,1,0,257.870,2.625,3,0,0.931,4,75.432,3409.344,1.000,0.379,2.810,0.589,0.924,0.931,0.194,0.806,0.829,0.650
2634,87.800,26.249,0.000,-231.621,0.000,1,1,0,0.000,2.397,3,0,0.966,2,26.401,3467.247,1.000,0.389,3.339,0.719,0.856,0.191,0.223,0.777,0.619,0.650
2637,87.900,25.807,0.000,-0.442,0.000,1,1,0,0.000,2.155,3,0,0.966,2,26.401,3467.247,1.000,0.389,3.495,0.761,0.782,0.090,0.226,0.774,0.617,0.580
2640,88.000,0.000,89.090,0.000,88.090,1,0,1,0.000,1.550,3,0,0.966,2,26.401,3467.247,1.000,0.399,4.924,0.924,0.663,0.669,0.244,0.756,0.748,0.500
2643,88.100,42.953,0.000,17.146,0.000,1,1,0,0.000,1.867,3,0,0.966,2,26.401,3467.247,1.000,0.399,10.606,0.868,0.464,0.207,0.262,0.738,0.818,0.500
2646,88.200,114.018,0.000,71.064,0.000,1,1,0,0.000,1.486,3,0,0.966,1,26.401,3467.247,1.000,0.408,8.674,0.915,0.093,0.004,0.247,0.753,0.766,0.450
2649,88.300,0.000,0.000,0.000,0.000,0,0,0,0.000,0.000,3,0,0.966,0,26.401,3467.247,0.967,0.408,5.592,0.906,0.946,0.204,0.222,0.778,0.262,0.650
2652,88.400,0.000,0.000,0.000,0.000,0,0,0,0.000,0.000,3,0,0.966,0,26.401,3467.247,0.933,0.408,4.364,0.861,1.835,1.147,0.219,0.781,0.231,0.700
2655,88.500,0.000,0.000,0.000,0.000,0,0,0,0.000,0.000,3,0,0.966,0,26.401,3467.247,0.900,0.408,4.721,0.833,4.509,0.123,0.219,0.781,0.238,0.700
2658,88.600,0.000,0.000,0.000,0.000,0,0,0,0.000,0.000,3,0,0.966,0,26.401,3467.247,0.867,0.408,3.268,0.672,7.590,1.166,0.167,0.833,0.209,0.700
2661,88.700,0.000,435.574,0.000,346.484,1,0,1,0.000,1.827,3,0,0.966,2,0.000,4306.537,0.867,0.339,4.863,0.778,8.866,2.453,0.228,0.772,0.741,0.700
2664,88.800,518.927,0.000,404.909,0.000,1,1,0,0.000,1.445,4,1,0.931,2,0.000,3636.694,0.867,0.348,6.179,0.797,9.647,0.441,0.245,0.755,0.843,0.750
2667,88.900,10.050,0.000,-508.877,0.000,1,1,0,0.000,1.379,4,0,0.931,2,30.364,2994.355,0.867,0.348,7.793,0.972,10.810,0.291,0.251,0.749,0.677,0.700
2670,89.000,10.050,0.000,0.000,0.000,1,1,0,0.000,1.341,4,0,0.931,2,24.698,3087.488,0.867,0.357,7.118,0.955,12.389,0.080,0.239,0.761,0.661,0.700
2673,89.100,4.472,0.000,-5.578,0.000,1,1,0,0.000,1.030,4,0,0.931,2,0.000,3089.537,0.867,0.357,5.050,0.819,13.766,0.138,0.222,0.778,0.588,0.700
2676,89.200,8.062,0.000,3.590,0.000,1,1,0,0.000,1.060,4,0,0.931,2,0.000,2262.729,0.867,0.365,3.478,0.796,17.073,0.013,0.199,0.801,0.570,0.700
2679,89.300,27.459,0.000,19.397,0.000,1,1,0,0.000,1.071,4,0,0.931,2,0.000,1520.525,0.867,0.365,3.073,0.773,9.811,1.841,0.151,0.849,0.669,0.700
2682,89.400,19.235,0.000,-8.224,0.000,1,1,0,0.000,1.121,3,1,0.897,2,0.000,1572.327,0.867,0.374,7.419,0.800,6.162,1.312,0.255,0.745,0.660,0.750
2685,89.500,0.000,29.411,0.000,23.328,2,0,1,29.411,1.693,3,0,0.897,4,25.000,345.439,0.867,0.374,13.301,0.753,5.033,0.162,0.260,0.740,0.845,0.700
2688,89.600,12.166,0.000,-7.070,0.000,1,1,0,0.000,1.115,3,0,0.897,2,0.000,356.094,0.867,0.374,17.155,0.666,3.859,0.157,0.262,0.738,0.645,0.700
2691,89.700,19.313,0.000,7.148,0.000,1,1,0,0.000,1.130,3,0,0.897,2,0.000,380.439,0.867,0.382,17.713,0.500,1.762,0.078,0.247,0.753,0.696,0.700
2694,89.800,4.000,0.000,-15.313,0.000,1,1,0,0.000,0.975,3,0,0.897,2,39.812,466.550,0.867,0.382,16.276,0.623,1.544,0.016,0.233,0.767,0.603,0.700
2697,89.900,11.045,0.000,7.045,0.000,1,1,0,0.000,0.986,3,0,0.897,2,38.328,506.394,0.867,0.390,17.025,0.765,1.671,0.042,0.234,0.766,0.632,0.700
2700,90.000,21.213,0.000,10.168,0.000,1,1,0,0.000,1.247,3,0,0.897,2,46.141,480.735,0.867,0.390,16.921,0.738,1.916,0.029,0.238,0.762,0.690,0.700
2703,90.100,8.944,0.000,-12.269,0.000,1,1,0,0.000,1.280,3,0,0.897,2,0.000,379.755,0.867,0.399,15.330,0.734,2.161,0.009,0.240,0.760,0.622,0.700
2706,90.200,14.422,0.000,5.478,0.000,1,1,0,0.000,1.369,3,0,0.897,2,0.000,469.475,0.867,0.399,12.172,0.618,2.465,0.011,0.237,0.763,0.661,0.700
2709,90.300,28.653,0.000,14.231,0.000,1,1,0,0.000,1.471,3,0,0.897,2,0.000,515.150,0.867,0.399,10.151,0.790,2.626,0.042,0.233,0.767,0.728,0.700
2712,90.400,58.694,0.000,30.041,0.000,1,1,0,0.000,1.506,3,0,0.897,2,0.000,695.620,0.867,0.407,8.839,0.477,2.664,0.042,0.219,0.781,0.841,0.700
2715,90.500,0.000,0.000,0.000,0.000,0,0,0,0.000,0.000,3,0,0.931,0,0.000,695.620,0.833,0.407,11.687,0.167,2.546,0.050,0.316,0.684,0.358,0.700
2718,90.600,0.000,0.000,0.000,0.000,0,0,0,0.000,0.000,4,1,0.897,0,0.000,695.620,0.800,0.407,2.393,0.350,2.672,0.060,0.125,0.875,0.301,0.750
2721,90.700,0.000,0.000,0.000,0.000,0,0,0,0.000,0.000,4,0,0.897,0,0.000,695.620,0.767,0.407,3.522,0.863,2.817,2.851,0.165,0.835,0.290,0.700
2724,90.800,0.000,0.000,0.000,0.000,0,0,0,0.000,0.000,4,0,0.897,0,0.000,695.620,0.733,0.407,9.810,0.899,2.866,0.954,0.213,0.787,0.395,0.700
2727,90.900,0.000,0.000,0.000,0.000,0,0,0,0.000,0.000,3,1,0.862,0,0.000,695.620,0.700,0.407,2.505,0.656,3.061,1.220,0.145,0.855,0.171,0.750
2730,91.000,0.000,0.000,0.000,0.000,0,0,0,0.000,0.000,3,0,0.862,0,0.000,695.620,0.667,0.407,4.835,0.777,2.818,1.636,0.186,0.814,0.216,0.700
2733,91.100,0.000,0.000,0.000,0.000,0,0,0,0.000,0.000,3,0,0.862,0,0.000,695.620,0.633,0.407,3.966,0.815,1.704,1.123,0.165,0.835,0.188,0.700
2736,91.200,0.000,0.000,0.000,0.000,0,0,0,0.000,0.000,6,1,0.828,0,0.000,695.620,0.600,0.407,9.878,0.810,0.909,0.051,0.220,0.780,0.385,0.750
2739,91.300,0.000,465.619,0.000,436.208,1,0,1,0.000,1.576,6,0,0.828,4,0.000,695.620,0.633,0.331,16.271,0.437,0.493,0.028,0.252,0.748,0.915,0.650
2742,91.400,0.000,42.521,0.000,-423.098,1,0,1,0.000,1.573,6,0,0.828,3,0.000,695.620,0.667,0.325,17.978,0.460,0.308,0.715,0.274,0.726,0.874,0.450
2745,91.500,0.000,12.530,0.000,-29.991,1,0,1,0.000,1.787,5,1,0.793,3,0.000,695.620,0.700,0.325,16.999,0.949,0.145,0.845,0.269,0.731,0.695,0.750
2748,91.600,0.000,0.000,0.000,0.000,0,0,0,0.000,0.000,5,0,0.793,0,0.000,695.620,0.700,0.325,11.892,0.629,0.003,1.089,0.262,0.738,0.410,0.650
2751,91.700,0.000,0.000,0.000,0.000,0,0,0,0.000,0.000,5,0,0.828,0,0.000,695.620,0.667,0.325,14.583,0.567,0.191,0.240,0.262,0.738,0.410,0.580
2754,91.800,0.000,0.000,0.000,0.000,0,0,0,0.000,0.000,4,1,0.793,0,0.000,695.620,0.633,0.325,16.139,0.483,0.260,1.219,0.257,0.743,0.412,0.750
2757,91.900,219.647,0.000,160.953,0.000,1,1,0,0.000,1.493,4,0,0.793,3,391.542,3178.109,0.633,0.331,6.985,0.817,0.241,1.005,0.223,0.777,0.878,0.750
2760,92.000,38.210,0.000,-181.437,0.000,1,1,0,0.000,1.791,4,0,0.793,3,186.815,5124.477,0.633,0.331,3.584,0.676,0.281,0.848,0.160,0.840,0.766,0.750
2763,92.100,9.220,0.000,-28.990,0.000,1,1,0,0.000,1.962,4,0,0.793,3,195.931,6799.310,0.633,0.325,4.809,0.817,0.457,1.011,0.176,0.824,0.625,0.750
2766,92.200,13.416,0.000,4.197,0.000,1,1,0,0.000,1.822,4,0,0.793,3,193.598,8284.785,0.633,0.315,4.993,0.860,0.370,1.448,0.184,0.816,0.650,0.750
2769,92.300,44.102,0.000,30.686,0.000,1,1,0,0.000,1.796,4,0,0.828,3,0.000,8817.759,0.633,0.315,6.018,0.871,0.352,0.408,0.194,0.806,0.845,0.550
2772,92.400,38.275,0.000,-5.827,0.000,1,1,0,0.000,1.665,4,0,0.828,3,0.000,8475.729,0.633,0.309,6.506,0.886,0.533,0.760,0.184,0.816,0.824,0.350
2775,92.500,17.117,0.000,-21.158,0.000,1,1,0,0.000,1.497,4,0,0.828,3,31.064,8198.889,0.633,0.309,8.599,0.825,0.374,0.785,0.197,0.803,0.748,0.580
2778,92.600,14.422,0.000,-2.695,0.000,1,1,0,0.000,1.598,4,0,0.828,3,0.000,7895.709,0.633,0.302,3.769,0.327,0.209,3.061,0.158,0.842,0.662,0.580
2781,92.700,30.150,0.000,15.727,0.000,1,1,0,0.000,1.502,3,1,0.793,2,0.000,7063.144,0.633,0.302,5.769,0.579,0.050,2.733,0.173,0.827,0.667,0.750
2784,92.800,2.828,0.000,-27.321,0.000,1,1,0,0.000,1.464,3,0,0.793,2,0.000,5936.119,0.633,0.302,3.608,0.363,0.005,1.325,0.156,0.844,0.476,0.580
2787,92.900,21.932,0.000,19.103,0.000,1,1,0,0.000,1.131,3,0,0.793,2,0.000,3999.964,0.633,0.309,4.091,0.683,0.171,1.289,0.129,0.871,0.572,0.350
2790,93.000,49.041,0.000,27.109,0.000,1,1,0,0.000,1.269,3,0,0.793,2,28.862,3148.499,0.633,0.309,4.350,0.722,0.358,2.676,0.144,0.856,0.704,0.550
2793,93.100,29.967,0.000,-19.074,0.000,1,1,0,0.000,1.315,3,0,0.793,2,7.810,2497.715,0.633,0.309,4.112,0.928,0.520,1.535,0.152,0.848,0.600,0.550
2796,93.200,22.361,0.000,-7.606,0.000,1,1,0,0.000,1.393,3,0,0.793,2,0.000,1694.144,0.633,0.309,2.375,0.185,0.596,3.099,0.126,0.874,0.567,0.550
2799,93.300,3.162,0.000,-19.198,0.000,1,1,0,0.000,1.636,3,0,0.793,2,0.000,766.569,0.633,0.309,1.775,0.468,0.771,0.205,0.119,0.881,0.425,0.580
2802,93.400,9.487,0.000,6.325,0.000,1,1,0,0.000,1.579,3,0,0.793,2,26.627,76.405,0.633,0.309,2.458,0.823,0.987,1.378,0.139,0.861,0.453,0.580
2805,93.500,42.544,0.000,33.057,0.000,1,1,0,0.000,1.493,3,0,0.828,2,40.311,83.889,0.667,0.309,2.129,0.386,1.011,1.606,0.120,0.880,0.663,0.550
2808,93.600,17.263,0.000,-25.281,0.000,1,1,0,0.000,1.340,3,0,0.828,2,58.822,120.715,0.700,0.309,2.032,0.572,0.897,0.803,0.119,0.881,0.511,0.450
2811,93.700,149.482,0.000,132.220,0.000,1,1,0,0.000,1.379,3,0,0.828,2,58.822,120.715,0.733,0.309,10.066,0.760,0.988,1.385,0.201,0.799,0.805,0.550
2814,93.800,0.000,96.566,0.000,84.036,1,0,1,0.000,1.781,3,0,0.862,1,58.822,120.715,0.767,0.315,13.363,0.392,0.961,1.375,0.279,0.721,0.775,0.550
2817,93.900,0.000,24.739,0.000,-71.827,1,0,1,0.000,1.779,6,1,0.828,1,58.822,120.715,0.800,0.315,11.468,0.150,0.812,1.832,0.263,0.737,0.753,0.750
2820,94.000,0.000,12.728,0.000,-12.011,1,0,1,0.000,1.716,6,0,0.828,1,58.822,120.715,0.833,0.321,4.908,0.767,0.839,3.079,0.215,0.785,0.570,0.580
2823,94.100,0.000,0.000,0.000,0.000,0,0,0,0.000,0.000,6,0,0.862,0,58.822,120.715,0.833,0.321,6.572,0.874,0.962,0.071,0.242,0.758,0.373,0.650
2826,94.200,0.000,0.000,0.000,0.000,0,0,0,0.000,0.000,5,1,0.828,0,58.822,120.715,0.833,0.321,6.646,0.589,0.920,2.381,0.253,0.747,0.395,0.750
2829,94.300,0.000,0.000,0.000,0.000,0,0,0,0.000,0.000,5,0,0.828,0,58.822,120.715,0.800,0.321,9.172,0.712,0.837,0.756,0.268,0.732,0.416,0.580
2832,94.400,0.000,117.414,0.000,104.686,1,0,1,0.000,1.723,5,0,0.862,3,383.423,3461.587,0.800,0.393,11.458,0.581,0.616,0.056,0.256,0.744,0.913,0.750
2835,94.500,0.000,0.000,0.000,0.000,0,0,0,0.000,0.000,4,1,0.828,0,383.423,3461.587,0.767,0.393,12.052,0.324,0.374,0.769,0.262,0.738,0.439,0.750
2838,94.600,113.719,0.000,-35.763,0.000,1,1,0,0.000,1.429,4,0,0.828,3,585.140,4708.494,0.800,0.395,11.594,0.381,0.087,0.720,0.232,0.768,0.954,0.750
2841,94.700,0.000,0.000,0.000,0.000,0,0,0,0.000,0.000,4,0,0.862,0,585.140,4708.494,0.800,0.395,17.158,0.740,0.181,2.008,0.231,0.769,0.414,0.750
2844,94.800,0.000,0.000,0.000,0.000,0,0,0,0.000,0.000,3,1,0.828,0,585.140,4708.494,0.800,0.395,15.423,0.910,0.779,0.230,0.216,0.784,0.302,0.750
2847,94.900,0.000,566.298,0.000,448.884,1,0,1,0.000,1.773,3,0,0.828,2,251.334,4959.050,0.800,0.394,7.157,0.844,2.516,0.294,0.199,0.801,0.786,0.750
2850,95.000,0.000,6.403,0.000,-559.895,1,0,1,0.000,1.812,3,0,0.828,2,1.414,5201.064,0.800,0.401,4.331,0.940,2.906,0.100,0.181,0.819,0.494,0.700
2853,95.100,197.091,0.000,83.372,0.000,1,1,0,0.000,1.254,3,0,0.828,2,1.414,5201.064,0.800,0.414,2.951,0.858,2.903,2.687,0.151,0.849,0.680,0.700
2856,95.200,56.321,0.000,-140.771,0.000,1,1,0,0.000,1.531,3,0,0.828,2,12.530,5395.659,0.800,0.414,2.865,0.725,2.903,1.686,0.147,0.853,0.687,0.700
2859,95.300,37.643,0.000,-18.677,0.000,1,1,0,0.000,1.570,3,0,0.828,2,27.586,5644.797,0.800,0.422,3.614,0.830,1.943,2.058,0.163,0.837,0.657,0.700
2862,95.400,33.615,0.000,-4.028,0.000,1,1,0,0.000,1.795,3,0,0.828,2,22.847,5769.969,0.800,0.422,2.564,0.587,1.077,1.661,0.139,0.861,0.626,0.550
2865,95.500,54.781,0.000,21.166,0.000,1,1,0,0.000,2.013,3,0,0.828,2,22.847,5769.969,0.800,0.422,3.092,0.943,0.711,0.530,0.162,0.838,0.677,0.350
2868,95.600,9.220,0.000,-45.562,0.000,1,1,0,0.000,2.210,3,0,0.862,2,35.014,6030.099,0.800,0.430,1.654,0.311,0.768,1.823,0.101,0.899,0.487,0.580
2871,95.700,41.593,0.000,32.374,0.000,1,1,0,0.000,2.194,3,0,0.862,2,28.443,6133.988,0.800,0.430,4.422,0.934,0.621,2.683,0.183,0.817,0.692,0.550
2874,95.800,15.524,0.000,-26.069,0.000,1,1,0,0.000,1.851,3,0,0.862,2,12.166,6182.794,0.800,0.430,3.067,0.970,0.560,0.615,0.164,0.836,0.511,0.580
2877,95.900,5.385,0.000,-10.139,0.000,1,1,0,0.000,1.865,3,0,0.862,2,125.160,6523.129,0.800,0.438,1.330,0.811,0.330,2.479,0.118,0.882,0.422,0.695
2880,96.000,12.042,0.000,6.656,0.000,1,1,0,0.000,1.764,3,0,0.862,2,33.287,6529.978,0.800,0.438,2.518,0.962,0.007,0.197,0.157,0.843,0.479,0.580
2883,96.100,5.385,0.000,-6.656,0.000,1,1,0,0.000,1.744,3,0,0.862,2,33.287,6529.978,0.800,0.438,2.491,0.933,0.275,0.180,0.163,0.837,0.443,0.580
2886,96.200,44.944,0.000,39.559,0.000,1,1,0,0.000,1.633,3,0,0.862,2,33.287,6529.978,0.800,0.445,5.103,0.781,0.532,0.218,0.196,0.804,0.739,0.450
2889,96.300,0.000,579.662,0.000,573.259,1,0,1,0.000,1.844,4,1,0.828,2,33.287,6529.978,0.800,0.445,7.533,0.692,0.864,1.327,0.230,0.770,0.876,0.750
2892,96.400,0.000,13.038,0.000,-566.624,1,0,1,0.000,1.574,4,0,0.828,1,33.287,6529.978,0.800,0.445,18.903,0.668,1.176,0.787,0.243,0.757,0.667,0.580
2895,96.500,0.000,0.000,0.000,0.000,0,0,0,0.000,0.000,4,0,0.828,0,33.287,6529.978,0.767,0.445,18.278,0.506,1.152,0.147,0.274,0.726,0.427,0.650
2898,96.600,0.000,0.000,0.000,0.000,0,0,0,0.000,0.000,4,0,0.828,0,33.287,6529.978,0.733,0.445,9.669,0.920,1.022,0.182,0.243,0.757,0.394,0.580
2901,96.700,0.000,0.000,0.000,0.000,0,0,0,0.000,0.000,4,0,0.828,0,33.287,6529.978,0.700,0.445,5.812,0.726,0.953,0.143,0.207,0.793,0.348,0.580
2904,96.800,146.509,0.000,101.565,0.000,1,1,0,0.000,1.381,4,0,0.862,3,266.507,8089.427,0.700,0.430,6.880,0.288,0.723,0.253,0.234,0.766,0.921,0.750
2907,96.900,0.000,0.000,0.000,0.000,0,0,0,0.000,0.000,4,0,0.862,0,266.507,8089.427,0.667,0.430,11.825,0.693,0.517,2.215,0.313,0.687,0.401,0.750
2910,97.000,0.000,0.000,0.000,0.000,0,0,0,0.000,0.000,4,0,0.862,0,266.507,8089.427,0.633,0.430,17.130,0.889,0.233,0.304,0.247,0.753,0.384,0.750
2913,97.100,0.000,0.000,0.000,0.000,0,0,0,0.000,0.000,4,0,0.897,0,266.507,8089.427,0.633,0.430,12.856,0.933,0.001,0.080,0.230,0.770,0.381,0.750
2916,97.200,0.000,0.000,0.000,0.000,0,0,0,0.000,0.000,3,1,0.862,0,266.507,8089.427,0.633,0.430,13.097,0.987,0.219,0.436,0.225,0.775,0.277,0.750
2919,97.300,0.000,0.000,0.000,0.000,0,0,0,0.000,0.000,3,0,0.862,0,266.507,8089.427,0.633,0.430,7.661,0.407,0.364,1.384,0.208,0.792,0.309,0.750
2922,97.400,0.000,0.000,0.000,0.000,0,0,0,0.000,0.000,3,0,0.897,0,266.507,8089.427,0.600,0.430,16.777,0.778,0.500,0.157,0.230,0.770,0.288,0.750
2925,97.500,0.000,0.000,0.000,0.000,0,0,0,0.000,0.000,3,0,0.897,0,266.507,8089.427,0.600,0.430,17.709,0.239,0.836,0.136,0.244,0.756,0.325,0.750
2928,97.600,0.000,0.000,0.000,0.000,0,0,0,0.000,0.000,3,0,0.897,0,266.507,8089.427,0.567,0.430,17.941,0.786,1.205,0.186,0.233,0.767,0.283,0.750
2931,97.700,0.000,0.000,0.000,0.000,0,0,0,0.000,0.000,3,0,0.931,0,266.507,8089.427,0.567,0.430,5.213,0.862,1.617,0.395,0.209,0.791,0.208,0.750
2934,97.800,0.000,0.000,0.000,0.000,0,0,0,0.000,0.000,4,1,0.897,0,266.507,8089.427,0.567,0.430,7.026,0.927,2.507,1.750,0.215,0.785,0.349,0.750
2937,97.900,0.000,0.000,0.000,0.000,0,0,0,0.000,0.000,4,0,0.897,0,266.507,8089.427,0.533,0.430,16.728,0.441,5.057,0.238,0.277,0.723,0.403,0.750
2940,98.000,0.000,0.000,0.000,0.000,0,0,0,0.000,0.000,4,0,0.897,0,266.507,8089.427,0.500,0.430,14.838,0.690,1.904,0.071,0.248,0.752,0.382,0.750
2943,98.100,0.000,0.000,0.000,0.000,0,0,0,0.000,0.000,3,1,0.862,0,266.507,8089.427,0.467,0.430,7.552,0.807,1.247,1.001,0.224,0.776,0.258,0.750
2946,98.200,0.000,0.000,0.000,0.000,0,0,0,0.000,0.000,3,0,0.862,0,266.507,8089.427,0.433,0.430,3.033,0.401,1.125,2.111,0.164,0.836,0.170,0.750
2949,98.300,0.000,0.000,0.000,0.000,0,0,0,0.000,0.000,3,0,0.862,0,266.507,8089.427,0.400,0.430,6.377,0.881,1.066,0.516,0.220,0.780,0.216,0.750
2952,98.400,0.000,0.000,0.000,0.000,0,0,0,0.000,0.000,3,0,0.862,0,266.507,8089.427,0.367,0.430,5.687,0.867,1.026,0.399,0.201,0.799,0.196,0.750
2955,98.500,0.000,0.000,0.000,0.000,0,0,0,0.000,0.000,3,0,0.862,0,266.507,8089.427,0.333,0.430,2.814,0.908,0.823,0.064,0.154,0.846,0.117,0.750
2958,98.600,0.000,0.000,0.000,0.000,0,0,0,0.000,0.000,3,0,0.862,0,266.507,8089.427,0.300,0.430,2.693,0.851,0.438,1.370,0.127,0.873,0.114,0.750
2961,98.700,0.000,0.000,0.000,0.000,0,0,0,0.000,0.000,4,1,0.828,0,266.507,8089.427,0.267,0.430,3.002,0.903,0.200,1.228,0.168,0.832,0.214,0.750
2964,98.800,0.000,0.000,0.000,0.000,0,0,0,0.000,0.000,4,0,0.828,0,266.507,8089.427,0.233,0.430,10.342,0.797,0.017,0.098,0.258,0.742,0.342,0.750
2967,98.900,0.000,94.641,0.000,81.603,1,0,1,0.000,1.313,4,0,0.828,2,266.507,8089.427,0.233,0.265,16.578,0.275,0.040,0.140,0.285,0.715,0.849,0.750
2970,99.000,0.000,74.726,0.000,-19.915,1,0,1,0.000,1.505,4,0,0.828,2,266.507,8089.427,0.233,0.265,15.730,0.174,0.234,0.592,0.266,0.734,0.856,0.750
2973,99.100,0.000,0.000,0.000,0.000,0,0,0,0.000,0.000,4,0,0.828,0,266.507,8089.427,0.200,0.265,14.708,0.088,0.460,1.653,0.281,0.719,0.388,0.750
2976,99.200,0.000,0.000,0.000,0.000,0,0,0,0.000,0.000,4,0,0.862,0,266.507,8089.427,0.167,0.265,13.175,0.411,0.748,0.636,0.254,0.746,0.361,0.750
2979,99.300,0.000,0.000,0.000,0.000,0,0,0,0.000,0.000,4,1,0.828,0,266.507,8089.427,0.133,0.265,18.560,0.799,0.642,2.302,0.233,0.767,0.330,0.750
2982,99.400,0.000,0.000,0.000,0.000,0,0,0,0.000,0.000,4,0,0.828,0,266.507,8089.427,0.100,0.265,13.339,0.890,0.474,0.077,0.220,0.780,0.320,0.750
2985,99.500,0.000,0.000,0.000,0.000,0,0,0,0.000,0.000,4,0,0.828,0,266.507,8089.427,0.100,0.265,8.553,0.451,0.507,0.986,0.514,0.486,0.350,0.764
2988,99.600,0.000,0.000,0.000,0.000,0,0,0,0.000,0.000,3,1,0.793,0,266.507,8089.427,0.100,0.265,8.386,0.091,0.573,1.283,0.426,0.574,0.276,0.750
2991,99.700,0.000,0.000,0.000,0.000,0,0,0,0.000,0.000,3,0,0.793,0,266.507,8089.427,0.100,0.265,11.735,0.183,0.518,0.342,0.274,0.726,0.269,0.750
2994,99.800,0.000,0.000,0.000,0.000,0,0,0,0.000,0.000,3,0,0.793,0,266.507,8089.427,0.067,0.265,14.766,0.827,0.332,2.386,0.273,0.727,0.220,0.750
2997,99.900,0.000,0.000,0.000,0.000,0,0,0,0.000,0.000,3,0,0.793,0,266.507,8089.427,0.067,0.265,9.003,0.448,0.211,2.786,0.258,0.742,0.247,0.750
3000,100.000,0.000,0.000,0.000,0.000,0,0,0,0.000,0.000,3,0,0.793,0,266.507,8089.427,0.067,0.265,9.181,0.372,0.080,0.622,0.239,0.761,0.252,0.750
3003,100.100,0.000,0.000,0.000,0.000,0,0,0,0.000,0.000,3,0,0.828,0,266.507,8089.427,0.067,0.265,10.261,0.659,0.180,0.010,0.254,0.746,0.232,0.750
3006,100.200,0.000,0.000,0.000,0.000,0,0,0,0.000,0.000,3,0,0.828,0,266.507,8089.427,0.067,0.265,8.867,0.795,0.382,1.526,0.237,0.763,0.222,0.750
3009,100.300,0.000,0.000,0.000,0.000,0,0,0,0.000,0.000,3,0,0.828,0,266.507,8089.427,0.067,0.265,8.278,0.841,0.556,0.748,0.241,0.759,0.219,0.750
3012,100.400,0.000,0.000,0.000,0.000,0,0,0,0.000,0.000,3,0,0.828,0,266.507,8089.427,0.067,0.265,5.334,0.806,0.501,0.332,0.216,0.784,0.155,0.750
3015,100.500,0.000,0.000,0.000,0.000,0,0,0,0.000,0.000,3,0,0.828,0,266.507,8089.427,0.067,0.265,5.914,0.717,0.375,0.178,0.219,0.781,0.176,0.750
3018,100.600,0.000,0.000,0.000,0.000,0,0,0,0.000,0.000,3,0,0.828,0,266.507,8089.427,0.067,0.265,5.643,0.275,0.293,2.221,0.212,0.788,0.200,0.750
3021,100.700,0.000,0.000,0.000,0.000,0,0,0,0.000,0.000,3,0,0.862,0,266.507,8089.427,0.067,0.265,4.488,0.669,0.236,2.018,0.203,0.797,0.143,0.750
3024,100.800,49.649,0.000,-96.861,0.000,1,1,0,0.000,1.183,3,0,0.862,2,250.793,7948.274,0.100,0.267,4.583,0.725,0.026,0.302,0.210,0.790,0.646,0.750
3027,100.900,0.000,759.412,0.000,684.685,1,0,1,0.000,1.339,3,0,0.862,2,65.460,7911.348,0.133,0.267,3.044,0.723,0.274,0.313,0.187,0.813,0.611,0.500
3030,101.000,27.893,0.000,-21.756,0.000,1,1,0,0.000,1.480,3,0,0.897,2,0.000,7790.454,0.167,0.267,3.074,0.734,0.367,2.244,0.189,0.811,0.520,0.580
3033,101.100,13.038,0.000,-14.854,0.000,1,1,0,0.000,1.508,3,0,0.897,2,22.091,7650.289,0.200,0.267,3.713,0.756,0.368,2.899,0.177,0.823,0.456,0.580
3036,101.200,41.677,0.000,28.639,0.000,1,1,0,0.000,1.552,3,0,0.897,2,22.091,7650.289,0.233,0.267,9.078,0.905,0.438,0.205,0.236,0.764,0.716,0.450
3039,101.300,96.385,0.000,54.707,0.000,1,1,0,0.000,1.609,3,0,0.897,2,22.091,7650.289,0.267,0.267,5.459,0.753,0.610,1.464,0.215,0.785,0.686,0.550
3042,101.400,72.450,0.000,-23.935,0.000,1,1,0,0.000,1.563,3,0,0.897,2,49.497,7847.179,0.300,0.264,3.193,0.388,0.840,0.537,0.162,0.838,0.659,0.350
3045,101.500,34.713,0.000,-37.737,0.000,1,1,0,0.000,1.516,3,0,0.897,2,49.497,7847.179,0.333,0.255,3.670,0.637,0.988,2.308,0.186,0.814,0.600,0.550
3048,101.600,45.177,0.000,10.464,0.000,1,1,0,0.000,1.544,3,0,0.931,2,49.497,7847.179,0.367,0.258,7.120,0.734,1.267,1.607,0.256,0.744,0.741,0.550
3051,101.700,83.006,0.000,37.829,0.000,1,1,0,0.000,1.575,3,0,0.931,2,49.497,7847.179,0.400,0.255,8.359,0.781,1.653,0.177,0.266,0.734,0.763,0.700
3054,101.800,0.000,0.000,0.000,0.000,0,0,0,0.000,0.000,3,0,0.931,0,49.497,7847.179,0.400,0.255,12.916,0.740,2.135,0.569,0.291,0.709,0.266,0.700
3057,101.900,0.000,0.000,0.000,0.000,0,0,0,0.000,0.000,3,0,0.931,0,49.497,7847.179,0.367,0.255,9.438,0.836,1.923,0.019,0.242,0.758,0.255,0.700
3060,102.000,0.000,0.000,0.000,0.000,0,0,0,0.000,0.000,3,0,0.931,0,49.497,7847.179,0.333,0.255,6.262,0.854,1.537,0.310,0.248,0.752,0.207,0.700
3063,102.100,0.000,0.000,0.000,0.000,0,0,0,0.000,0.000,3,0,0.931,0,49.497,7847.179,0.333,0.255,7.494,0.311,1.330,0.874,0.243,0.757,0.276,0.580
3066,102.200,85.006,0.000,2.000,0.000,1,1,0,0.000,1.358,3,0,0.966,2,49.497,7847.179,0.367,0.259,13.253,0.564,1.112,0.501,0.289,0.711,0.774,0.650
3069,102.300,39.115,0.000,-45.891,0.000,1,1,0,0.000,1.584,3,0,0.966,2,49.497,7847.179,0.400,0.259,17.863,0.644,0.752,0.740,0.257,0.743,0.740,0.450
3072,102.400,91.411,0.000,52.296,0.000,1,1,0,0.000,1.574,3,0,0.966,2,49.497,7847.179,0.433,0.259,16.412,0.732,0.322,0.394,0.251,0.749,0.771,0.450
3075,102.500,65.924,0.000,-25.487,0.000,1,1,0,0.000,1.263,3,0,1.000,2,49.497,7847.179,0.467,0.259,7.342,0.777,0.207,0.200,0.225,0.775,0.755,0.450
3078,102.600,81.468,0.000,15.544,0.000,1,1,0,0.000,1.283,3,0,1.000,2,49.497,7847.179,0.500,0.259,4.957,0.604,0.395,1.705,0.194,0.806,0.712,0.550
3081,102.700,63.071,0.000,-18.396,0.000,1,1,0,0.000,1.432,3,0,1.000,2,49.497,7847.179,0.533,0.259,4.795,0.752,0.499,0.342,0.200,0.800,0.701,0.350
3084,102.800,66.491,0.000,3.419,0.000,1,1,0,0.000,1.626,3,0,1.000,2,49.497,7847.179,0.567,0.259,8.923,0.674,0.493,0.943,0.221,0.779,0.791,0.350
3087,102.900,29.428,0.000,-37.063,0.000,1,1,0,0.000,1.447,3,0,1.000,2,49.497,7847.179,0.600,0.259,12.375,0.927,1.007,1.170,0.235,0.765,0.691,0.580
3090,103.000,38.471,0.000,9.043,0.000,1,1,0,0.000,1.302,3,0,1.000,2,49.497,7847.179,0.633,0.259,18.295,0.938,1.416,0.125,0.251,0.749,0.744,0.700
3093,103.100,15.297,0.000,-23.174,0.000,1,1,0,0.000,1.041,3,0,1.000,2,49.497,7847.179,0.667,0.259,14.269,0.936,2.054,0.028,0.249,0.751,0.619,0.700
3096,103.200,20.881,0.000,5.584,0.000,1,1,0,0.000,1.004,3,0,1.000,2,49.497,7847.179,0.700,0.259,6.385,0.860,2.710,0.108,0.223,0.777,0.619,0.700
3099,103.300,15.524,0.000,-5.356,0.000,1,1,0,0.000,1.203,3,0,1.000,2,90.000,3704.070,0.733,0.259,2.820,0.676,2.736,2.392,0.172,0.828,0.517,0.700
3102,103.400,22.472,0.000,6.948,0.000,1,1,0,0.000,1.039,3,0,1.000,2,90.000,3704.070,0.767,0.259,4.729,0.887,1.654,0.598,0.202,0.798,0.593,0.700
3105,103.500,72.719,0.000,50.246,0.000,1,1,0,0.000,0.744,3,0,1.000,2,90.000,3704.070,0.800,0.259,4.172,0.889,1.351,0.645,0.206,0.794,0.708,0.450
3108,103.600,13.153,0.000,-59.566,0.000,1,1,0,0.000,0.472,3,0,1.000,2,90.000,3704.070,0.833,0.259,4.259,0.812,1.292,1.507,0.201,0.799,0.543,0.580
3111,103.700,0.000,0.000,0.000,0.000,0,0,0,0.000,0.000,3,0,1.000,0,90.000,3704.070,0.833,0.259,7.061,0.857,1.162,0.201,0.298,0.702,0.287,0.650
3114,103.800,0.000,0.000,0.000,0.000,0,0,0,0.000,0.000,3,0,1.000,0,90.000,3704.070,0.800,0.259,9.326,0.813,0.691,0.175,0.246,0.754,0.309,0.580
3117,103.900,0.000,0.000,0.000,0.000,0,0,0,0.000,0.000,3,0,1.000,0,90.000,3704.070,0.767,0.259,10.839,0.865,0.192,0.557,0.241,0.759,0.301,0.580
3120,104.000,0.000,0.000,0.000,0.000,0,0,0,0.000,0.000,3,0,1.000,0,90.000,3704.070,0.733,0.259,9.037,0.653,0.098,0.050,0.239,0.761,0.312,0.580
3123,104.100,0.000,0.000,0.000,0.000,0,0,0,0.000,0.000,3,0,1.000,0,90.000,3704.070,0.700,0.259,9.378,0.886,0.143,1.386,0.225,0.775,0.292,0.580
3126,104.200,0.000,0.000,0.000,0.000,0,0,0,0.000,0.000,3,0,1.000,0,90.000,3704.070,0.667,0.259,12.276,0.737,0.096,0.104,0.229,0.771,0.298,0.580
3129,104.300,0.000,0.000,0.000,0.000,0,0,0,0.000,0.000,3,0,1.000,0,90.000,3704.070,0.633,0.259,11.280,0.929,0.085,0.434,0.216,0.784,0.281,0.580
3132,104.400,0.000,0.000,0.000,0.000,0,0,0,0.000,0.000,3,0,1.000,0,90.000,3704.070,0.600,0.259,8.539,0.616,0.070,0.088,0.215,0.785,0.299,0.580
3135,104.500,0.000,0.000,0.000,0.000,0,0,0,0.000,0.000,3,0,1.000,0,90.000,3704.070,0.567,0.259,7.125,0.759,0.138,1.491,0.204,0.796,0.263,0.580
3138,104.600,0.000,0.000,0.000,0.000,0,0,0,0.000,0.000,3,0,1.000,0,90.000,3704.070,0.533,0.259,7.041,0.907,0.523,0.847,0.197,0.803,0.247,0.580
3141,104.700,0.000,0.000,0.000,0.000,0,0,0,0.000,0.000,3,0,1.000,0,90.000,3704.070,0.500,0.259,4.909,0.789,0.741,0.562,0.187,0.813,0.197,0.580
3144,104.800,121.202,0.000,108.049,0.000,1,1,0,0.000,0.822,3,0,1.000,2,78.772,2895.879,0.533,0.272,2.235,0.251,0.717,0.186,0.120,0.880,0.672,0.650
3147,104.900,15.033,0.000,-106.169,0.000,1,1,0,0.000,0.869,3,0,1.000,2,78.772,2895.879,0.567,0.266,6.334,0.839,0.532,2.312,0.213,0.787,0.571,0.580
3150,105.000,77.621,0.000,62.588,0.000,1,1,0,0.000,0.920,3,0,1.000,2,78.772,2895.879,0.600,0.271,2.495,0.729,0.429,2.343,0.164,0.836,0.653,0.550
3153,105.100,33.136,0.000,-44.485,0.000,1,1,0,0.000,1.068,3,0,1.000,2,66.761,2878.448,0.633,0.271,2.331,0.636,0.414,0.146,0.148,0.852,0.594,0.450
3156,105.200,7.211,0.000,-25.925,0.000,1,1,0,0.000,1.002,3,0,1.000,2,66.761,2878.448,0.633,0.310,7.799,0.860,0.386,0.981,0.223,0.777,0.571,0.580
3159,105.300,0.000,0.000,0.000,0.000,0,0,0,0.000,0.000,3,0,1.000,0,66.761,2878.448,0.600,0.310,5.219,0.088,0.303,0.836,0.198,0.802,0.266,0.650
3162,105.400,0.000,0.000,0.000,0.000,0,0,0,0.000,0.000,3,0,1.000,0,66.761,2878.448,0.567,0.310,7.493,0.836,0.276,0.063,0.224,0.776,0.267,0.580
3165,105.500,0.000,0.000,0.000,0.000,0,0,0,0.000,0.000,3,0,1.000,0,66.761,2878.448,0.533,0.310,7.955,0.753,0.271,0.037,0.232,0.768,0.280,0.580
3168,105.600,0.000,0.000,0.000,0.000,0,0,0,0.000,0.000,3,0,1.000,0,66.761,2878.448,0.500,0.310,5.245,0.827,0.315,0.198,0.185,0.815,0.203,0.580
3171,105.700,0.000,0.000,0.000,0.000,0,0,0,0.000,0.000,3,0,1.000,0,66.761,2878.448,0.467,0.310,8.281,0.601,0.459,0.777,0.251,0.749,0.284,0.580
3174,105.800,0.000,0.000,0.000,0.000,0,0,0,0.000,0.000,3,0,1.000,0,66.761,2878.448,0.433,0.310,6.542,0.507,0.648,1.288,0.212,0.788,0.250,0.580
3177,105.900,0.000,0.000,0.000,0.000,0,0,0,0.000,0.000,3,0,1.000,0,66.761,2878.448,0.400,0.310,7.121,0.776,0.755,0.960,0.231,0.769,0.242,0.580
3180,106.000,0.000,0.000,0.000,0.000,0,0,0,0.000,0.000,3,0,1.000,0,66.761,2878.448,0.367,0.310,6.433,0.885,0.733,1.403,0.223,0.777,0.213,0.580
3183,106.100,0.000,0.000,0.000,0.000,0,0,0,0.000,0.000,3,0,1.000,0,66.761,2878.448,0.333,0.310,6.774,0.674,0.714,0.222,0.212,0.788,0.232,0.580
3186,106.200,0.000,0.000,0.000,0.000,0,0,0,0.000,0.000,3,0,1.000,0,66.761,2878.448,0.300,0.310,4.154,0.439,0.663,0.325,0.190,0.810,0.179,0.580
3189,106.300,0.000,0.000,0.000,0.000,0,0,0,0.000,0.000,3,0,1.000,0,66.761,2878.448,0.267,0.310,4.790,0.804,0.630,1.625,0.203,0.797,0.166,0.580
3192,106.400,0.000,0.000,0.000,0.000,0,0,0,0.000,0.000,3,0,1.000,0,66.761,2878.448,0.233,0.310,7.821,0.952,0.542,0.969,0.230,0.770,0.227,0.580
3195,106.500,0.000,0.000,0.000,0.000,0,0,0,0.000,0.000,3,0,1.000,0,66.761,2878.448,0.200,0.310,7.801,0.954,0.559,0.198,0.232,0.768,0.222,0.580
3198,106.600,144.222,0.000,137.011,0.000,1,1,0,0.000,1.155,3,0,1.000,2,143.569,3355.504,0.200,0.288,3.836,0.352,0.370,1.366,0.184,0.816,0.665,0.750
3201,106.700,53.852,0.000,-90.370,0.000,1,1,0,0.000,1.194,3,0,1.000,2,143.569,3355.504,0.233,0.288,3.480,0.595,0.276,1.836,0.185,0.815,0.643,0.750
3204,106.800,95.671,0.000,41.820,0.000,1,1,0,0.000,1.179,3,0,1.000,2,60.729,3489.769,0.267,0.288,3.004,0.841,0.384,0.423,0.157,0.843,0.618,0.450
3207,106.900,37.014,0.000,-58.658,0.000,1,1,0,0.000,1.194,3,0,1.000,2,78.772,3702.544,0.300,0.288,2.204,0.839,0.344,0.342,0.152,0.848,0.558,0.450
3210,107.000,74.411,0.000,37.398,0.000,1,1,0,0.000,1.169,3,0,1.000,2,70.612,3662.674,0.333,0.288,2.199,0.482,0.406,1.326,0.135,0.865,0.631,0.550
3213,107.100,94.048,0.000,19.637,0.000,1,1,0,0.000,1.498,3,0,1.000,2,70.612,3662.674,0.367,0.288,4.042,0.855,0.518,2.213,0.195,0.805,0.655,0.550
3216,107.200,0.000,0.000,0.000,0.000,0,0,0,0.000,0.000,3,0,1.000,0,70.612,3662.674,0.367,0.288,12.369,0.054,0.460,2.340,0.297,0.703,0.310,0.650
3219,107.300,0.000,0.000,0.000,0.000,0,0,0,0.000,0.000,3,0,1.000,0,70.612,3662.674,0.367,0.288,0.812,0.546,0.315,1.935,0.060,0.940,0.096,0.580
3222,107.400,0.000,0.000,0.000,0.000,0,0,0,0.000,0.000,5,1,0.966,0,70.612,3662.674,0.367,0.288,1.152,0.819,0.404,1.627,0.074,0.926,0.185,0.750
3225,107.500,0.000,0.000,0.000,0.000,0,0,0,0.000,0.000,5,0,0.966,0,70.612,3662.674,0.367,0.288,0.894,0.577,0.572,1.619,0.067,0.933,0.196,0.580
3228,107.600,0.000,0.000,0.000,0.000,0,0,0,0.000,0.000,5,0,0.966,0,70.612,3662.674,0.367,0.288,1.421,0.079,0.741,2.875,0.073,0.927,0.244,0.580
3231,107.700,255.221,0.000,161.174,0.000,1,1,0,0.000,1.723,5,0,0.966,2,62.769,4926.047,0.400,0.298,1.834,0.236,0.916,0.045,0.075,0.925,0.699,0.650
3234,107.800,13.601,0.000,-241.620,0.000,1,1,0,0.000,1.970,5,0,0.966,2,76.551,5980.599,0.400,0.298,2.671,0.082,0.954,0.420,0.072,0.928,0.557,0.580
3237,107.900,36.674,0.000,23.073,0.000,1,1,0,0.000,1.720,5,0,0.966,2,18.439,7078.394,0.400,0.298,2.364,0.154,1.237,0.085,0.078,0.922,0.672,0.350
3240,108.000,44.944,0.000,8.270,0.000,1,1,0,0.000,1.691,4,0,0.966,2,0.000,6549.087,0.400,0.289,3.199,0.433,1.446,0.853,0.103,0.897,0.737,0.700
3243,108.100,47.170,0.000,2.225,0.000,1,1,0,0.000,1.673,4,0,0.966,2,0.000,6985.094,0.400,0.289,4.398,0.703,2.035,1.115,0.113,0.887,0.749,0.700
3246,108.200,27.731,0.000,-19.439,0.000,1,1,0,0.000,1.348,4,0,0.966,2,0.000,7189.209,0.400,0.289,1.669,0.640,2.391,0.178,0.089,0.911,0.589,0.700
3249,108.300,28.302,0.000,0.571,0.000,1,1,0,0.000,1.340,5,0,0.966,2,0.000,6933.789,0.433,0.289,2.859,0.420,2.077,2.391,0.108,0.892,0.623,0.700
3252,108.400,55.326,0.000,27.024,0.000,1,1,0,0.000,1.038,5,0,0.966,2,0.000,6161.747,0.467,0.289,5.287,0.183,1.784,0.956,0.111,0.889,0.797,0.700
3255,108.500,44.721,0.000,-10.605,0.000,1,1,0,0.000,0.841,5,0,0.966,2,0.000,3509.927,0.500,0.289,3.572,0.502,1.316,0.604,0.112,0.888,0.735,0.000
3258,108.600,23.601,0.000,-21.121,0.000,1,1,0,0.000,0.560,4,0,0.966,2,0.000,626.690,0.533,0.289,5.897,0.908,1.027,0.486,0.113,0.887,0.669,0.580
3261,108.700,18.439,0.000,-5.162,0.000,1,1,0,0.000,0.863,4,0,0.966,2,0.000,926.100,0.567,0.289,5.222,0.796,0.915,0.122,0.145,0.855,0.635,0.580
3264,108.800,18.439,838.215,0.000,78.804,2,1,1,706.601,1.537,4,0,0.966,4,188.430,1192.737,0.600,0.285,2.961,0.233,0.999,1.197,0.094,0.906,0.910,0.750
3267,108.900,35.000,31.145,16.561,-807.071,2,1,1,733.430,1.674,4,0,0.966,4,239.604,1585.597,0.633,0.281,2.896,0.608,0.735,0.393,0.116,0.884,0.830,0.750
3270,109.000,732.575,0.000,652.512,0.000,2,1,0,732.575,1.189,4,0,0.966,4,0.000,1513.787,0.667,0.277,4.055,0.425,0.534,0.590,0.133,0.867,0.932,0.500
3273,109.100,681.041,0.000,-6.145,0.000,2,1,0,681.041,1.686,4,0,0.966,4,26.926,1362.824,0.700,0.272,4.080,0.531,0.326,0.849,0.119,0.881,0.929,0.350
3276,109.200,580.804,0.000,-60.521,0.000,2,1,0,580.804,1.987,4,0,0.966,5,61.033,1647.638,0.733,0.268,4.206,0.665,0.152,0.288,0.126,0.874,0.927,0.450
3279,109.300,532.094,0.000,-18.956,0.000,2,1,0,532.094,2.575,4,0,0.966,5,0.000,2043.058,0.767,0.345,3.084,0.507,0.050,1.156,0.110,0.890,0.914,0.350
3282,109.400,530.273,0.000,-1.821,0.000,1,1,0,0.000,2.870,4,0,0.966,2,85.726,2417.274,0.800,0.345,2.947,0.701,0.004,2.427,0.080,0.920,0.761,0.650
3285,109.500,0.000,0.000,0.000,0.000,0,0,0,0.000,0.000,4,0,0.966,0,85.726,2417.274,0.800,0.345,3.348,0.448,0.142,0.449,0.068,0.932,0.318,0.650
3288,109.600,0.000,591.260,0.000,560.115,1,0,1,0.000,1.590,4,0,0.966,2,129.066,2960.324,0.800,0.348,3.457,0.112,0.273,2.637,0.113,0.887,0.815,0.717
3291,109.700,45.222,0.000,-485.051,0.000,1,1,0,0.000,3.022,4,0,0.966,2,28.792,3121.118,0.800,0.348,5.812,0.438,0.235,0.326,0.156,0.844,0.851,0.580
3294,109.800,39.408,0.000,-5.814,0.000,1,1,0,0.000,2.686,4,0,0.966,2,0.000,2912.517,0.800,0.348,7.076,0.468,0.379,0.509,0.181,0.819,0.849,0.580
3297,109.900,22.627,0.000,-16.781,0.000,1,1,0,0.000,2.316,4,0,0.966,2,34.015,2272.824,0.800,0.348,7.892,0.419,0.486,1.072,0.192,0.808,0.780,0.580
