frame_idx,timestamp,hand_velocity_left,hand_velocity_right,hand_acceleration_left,hand_acceleration_right,hands_present,grip_state_left,grip_state_right,hand_distance,trajectory_curvature,num_tools,tool_changed,tool_stability,num_interactions,contact_point_shift,contact_point_variance,interaction_density,interaction_rhythm,flow_magnitude,flow_uniformity,flow_discontinuity,direction_change,scene_change_score,visual_stability,activity_level,transition_score
0,0.000,0.000,0.000,0.000,0.000,0,0,0,0.000,0.000,2,0,1.000,0,0.000,0.000,0.000,0.000,0.000,1.000,0.000,0.000,0.000,1.000,0.000,0.000
3,0.100,0.000,0.000,0.000,0.000,0,0,0,0.000,0.000,3,1,0.000,0,0.000,0.000,0.000,0.000,1.171,0.823,0.000,0.002,0.117,0.883,0.042,0.750
6,0.200,0.000,0.000,0.000,0.000,0,0,0,0.000,0.000,3,0,0.500,0,0.000,0.000,0.000,0.000,1.624,0.897,0.000,1.225,0.172,0.828,0.048,0.000
9,0.300,0.000,0.000,0.000,0.000,0,0,0,0.000,0.000,5,1,0.333,0,0.000,0.000,0.000,0.000,1.265,0.850,0.000,0.219,0.151,0.849,0.142,0.750
12,0.400,0.000,0.000,0.000,0.000,0,0,0,0.000,0.000,4,1,0.250,0,0.000,0.000,0.000,0.000,0.863,0.895,0.000,0.604,0.114,0.886,0.129,0.750
15,0.500,0.000,0.000,0.000,0.000,0,0,0,0.000,0.000,5,1,0.200,0,0.000,0.000,0.000,0.000,1.294,0.890,0.000,0.768,0.160,0.840,0.140,0.750
18,0.600,0.000,0.000,0.000,0.000,0,0,0,0.000,0.000,3,1,0.167,0,0.000,0.000,0.000,0.000,1.169,0.945,0.000,1.024,0.134,0.866,0.133,0.750
21,0.700,0.000,0.000,0.000,0.000,0,0,0,0.000,0.000,3,0,0.286,0,0.000,0.000,0.000,0.000,0.610,0.692,0.000,2.593,0.081,0.919,0.137,0.550
24,0.800,0.000,0.000,0.000,0.000,0,0,0,0.000,0.000,4,1,0.250,0,0.000,0.000,0.000,0.000,1.548,0.959,0.000,0.032,0.162,0.838,0.142,0.750
27,0.900,0.000,0.000,0.000,0.000,0,0,0,0.000,0.000,4,0,0.333,0,0.000,0.000,0.000,0.000,2.063,0.591,0.000,2.507,0.130,0.870,0.180,0.550
30,1.000,0.000,0.000,0.000,0.000,0,0,0,0.000,0.000,4,0,0.400,0,0.000,0.000,0.000,0.000,3.903,0.752,0.000,1.384,0.171,0.829,0.215,0.550
33,1.100,0.000,0.000,0.000,0.000,0,0,0,0.000,0.000,4,0,0.455,0,0.000,0.000,0.000,0.000,7.113,0.707,0.000,1.038,0.236,0.764,0.298,0.550
36,1.200,0.000,0.000,0.000,0.000,0,0,0,0.000,0.000,6,1,0.417,0,0.000,0.000,0.000,0.000,7.851,0.692,0.000,2.167,0.248,0.752,0.318,0.750
39,1.300,0.000,0.000,0.000,0.000,0,0,0,0.000,0.000,6,0,0.462,0,0.000,0.000,0.000,0.000,4.653,0.838,0.000,1.149,0.214,0.786,0.228,0.550
42,1.400,0.000,0.000,0.000,0.000,1,0,0,0.000,0.000,6,0,0.500,5,0.000,0.000,0.067,0.000,9.907,0.557,0.000,0.878,0.217,0.783,0.539,0.650
45,1.500,0.000,32.985,0.000,32.985,2,0,0,559.229,0.000,4,1,0.467,5,0.000,0.000,0.125,0.261,11.749,0.659,0.000,0.874,0.240,0.760,0.802,0.750
48,1.600,45.541,0.000,45.541,0.000,1,0,0,0.000,0.000,4,0,0.500,2,0.000,0.000,0.176,0.320,13.335,0.587,0.000,0.298,0.236,0.764,0.740,0.650
51,1.700,59.363,0.000,13.822,0.000,1,0,0,0.000,0.000,4,0,0.529,3,0.000,0.000,0.222,0.343,13.461,0.604,0.000,0.316,0.225,0.775,0.789,0.000
54,1.800,43.012,0.000,-16.352,0.000,1,0,0,0.000,0.694,4,0,0.556,3,0.000,0.000,0.263,0.357,10.755,0.681,0.000,0.596,0.207,0.793,0.778,0.000
57,1.900,0.000,0.000,0.000,0.000,0,0,0,0.000,0.000,4,0,0.579,0,0.000,0.000,0.250,0.357,4.933,0.631,0.000,1.121,0.152,0.848,0.279,0.650
60,2.000,0.000,0.000,0.000,0.000,0,0,0,0.000,0.000,4,0,0.600,0,0.000,0.000,0.238,0.357,6.501,0.562,0.000,1.405,0.193,0.807,0.322,0.580
63,2.100,0.000,412.317,0.000,379.332,1,0,0,0.000,0.000,4,0,0.619,3,0.000,0.000,0.273,0.325,10.193,0.242,0.000,0.211,0.209,0.791,0.821,0.650
66,2.200,118.533,0.000,75.521,0.000,1,0,0,0.000,0.742,4,0,0.636,3,0.000,0.000,0.304,0.332,13.905,0.701,0.000,0.209,0.213,0.787,0.792,0.450
69,2.300,10.630,0.000,-107.903,0.000,1,0,0,0.000,0.573,4,0,0.652,3,33.956,78.219,0.333,0.339,8.176,0.626,0.000,0.516,0.215,0.785,0.610,0.580
72,2.400,33.242,0.000,22.611,0.000,1,1,0,0.000,0.551,4,0,0.667,3,41.049,210.111,0.360,0.344,12.793,0.934,0.000,0.392,0.236,0.764,0.797,0.550
75,2.500,13.454,0.000,-19.788,0.000,1,1,0,0.000,0.682,4,0,0.680,3,0.000,203.625,0.385,0.348,16.335,0.898,0.000,0.466,0.232,0.768,0.693,0.580
78,2.600,146.813,0.000,133.359,0.000,1,1,0,0.000,0.717,4,0,0.692,2,0.000,203.625,0.407,0.357,20.480,0.752,0.000,0.064,0.238,0.762,0.836,0.450
81,2.700,0.000,432.487,0.000,20.170,1,0,0,0.000,3.043,3,1,0.667,2,0.000,1222.520,0.429,0.364,20.788,0.394,0.000,0.015,0.235,0.765,0.714,0.750
84,2.800,0.000,147.384,0.000,-285.103,1,0,0,0.000,3.053,3,0,0.679,2,29.069,1181.552,0.448,0.371,14.923,0.209,0.000,0.132,0.234,0.766,0.729,0.450
87,2.900,0.000,32.249,0.000,-115.135,1,0,0,0.000,2.321,3,0,0.690,2,0.000,1076.788,0.467,0.377,16.948,0.698,0.000,0.015,0.218,0.782,0.626,0.580
90,3.000,56.045,10.770,-90.768,-21.479,2,1,1,328.951,1.775,4,1,0.690,4,24.515,1051.234,0.500,0.375,21.032,0.711,0.000,0.242,0.205,0.795,0.990,0.750
93,3.100,14.560,9.055,-41.484,-1.715,2,1,1,323.748,1.995,4,0,0.690,4,119.817,1138.183,0.533,0.373,17.951,0.789,2.792,0.045,0.195,0.805,0.820,0.700
96,3.200,9.220,0.000,-5.341,0.000,1,1,0,0.000,0.952,4,0,0.724,2,13.000,1242.289,0.567,0.378,9.046,0.802,2.240,0.514,0.201,0.799,0.653,0.700
99,3.300,0.000,32.388,0.000,23.333,1,0,1,0.000,1.670,4,0,0.759,2,0.000,1357.749,0.600,0.383,7.054,0.590,1.785,0.259,0.188,0.812,0.777,0.700
102,3.400,0.000,6.083,0.000,-26.306,1,0,1,0.000,1.433,4,0,0.793,2,0.000,1709.508,0.633,0.387,7.241,0.668,1.581,0.386,0.194,0.806,0.634,0.700
105,3.500,387.569,0.000,378.350,0.000,1,1,0,0.000,0.935,4,0,0.828,2,0.000,1806.019,0.667,0.391,6.212,0.769,1.622,0.759,0.183,0.817,0.822,0.700
108,3.600,0.000,0.000,0.000,0.000,0,0,0,0.000,0.000,5,1,0.793,0,0.000,1806.019,0.667,0.391,8.499,0.577,1.614,1.512,0.197,0.803,0.410,0.750
111,3.700,0.000,110.856,0.000,104.773,1,0,1,0.000,1.442,5,0,0.828,2,109.986,1924.325,0.700,0.392,8.064,0.462,1.511,0.336,0.193,0.807,0.874,0.700
114,3.800,0.000,32.016,0.000,-78.840,1,0,1,0.000,1.118,5,0,0.828,3,127.562,2584.670,0.733,0.399,9.391,0.163,1.227,0.508,0.197,0.803,0.862,0.709
117,3.900,0.000,20.248,0.000,-11.767,1,0,1,0.000,0.891,5,0,0.828,4,0.000,3047.849,0.767,0.399,13.128,0.406,1.265,0.548,0.200,0.800,0.820,0.580
120,4.000,0.000,28.302,0.000,8.053,1,0,1,0.000,0.809,5,0,0.828,4,0.000,3047.849,0.800,0.399,10.287,0.039,1.174,0.021,0.240,0.760,0.894,0.580
123,4.100,0.000,38.419,0.000,10.117,1,0,1,0.000,0.807,5,0,0.862,3,0.000,3047.849,0.833,0.399,10.636,0.151,0.774,0.418,0.243,0.757,0.911,0.000
126,4.200,441.073,0.000,53.503,0.000,1,1,0,0.000,1.266,4,1,0.828,3,0.000,3047.849,0.867,0.399,9.454,0.236,0.259,0.250,0.220,0.780,0.973,0.750
129,4.300,33.422,0.000,-407.651,0.000,1,1,0,0.000,1.512,4,0,0.828,3,0.000,3047.849,0.900,0.419,5.243,0.402,0.114,0.073,0.185,0.815,0.832,0.450
132,4.400,22.361,0.000,-11.061,0.000,1,1,0,0.000,1.424,4,0,0.862,3,120.930,4112.490,0.900,0.419,3.861,0.198,0.430,1.631,0.183,0.817,0.750,0.672
135,4.500,24.042,0.000,1.681,0.000,1,1,0,0.000,1.494,4,0,0.862,3,111.198,4771.240,0.900,0.419,3.865,0.300,0.726,0.520,0.179,0.821,0.752,0.618
138,4.600,6.708,0.000,-17.333,0.000,1,1,0,0.000,1.462,4,0,0.862,3,105.759,5194.599,0.900,0.419,3.070,0.254,1.030,0.693,0.168,0.832,0.639,0.588
141,4.700,22.561,0.000,15.853,0.000,1,1,0,0.000,1.547,4,0,0.862,3,61.400,5732.064,0.900,0.419,3.033,0.382,1.268,0.691,0.164,0.836,0.717,0.580
144,4.800,11.705,0.000,-10.856,0.000,1,1,0,0.000,1.509,4,0,0.862,3,106.212,5796.188,0.900,0.419,4.969,0.155,1.252,0.420,0.185,0.815,0.721,0.590
147,4.900,42.190,0.000,30.485,0.000,1,1,0,0.000,1.788,4,0,0.862,3,144.170,5735.165,0.933,0.410,8.042,0.373,1.180,1.969,0.198,0.802,0.955,0.750
150,5.000,551.584,0.000,501.855,0.000,2,1,0,551.584,1.227,4,0,0.862,6,221.274,5538.320,0.967,0.400,8.990,0.427,1.250,0.778,0.205,0.795,1.000,0.750
153,5.100,505.016,0.000,-26.849,0.000,2,1,0,505.016,1.752,4,0,0.862,6,38.897,5990.530,0.967,0.391,9.702,0.634,1.204,0.814,0.197,0.803,1.000,0.550
156,5.200,530.137,0.000,3.364,0.000,2,1,0,530.137,2.037,4,0,0.862,6,45.011,6153.730,0.967,0.371,8.497,0.826,1.146,0.351,0.184,0.816,1.000,0.350
159,5.300,25.239,509.550,-504.898,471.131,2,1,1,584.953,2.071,4,0,0.862,6,45.011,6153.730,0.967,0.369,8.491,0.340,1.033,2.527,0.199,0.801,1.000,0.550
162,5.400,0.000,553.859,0.000,44.309,1,0,1,0.000,1.083,4,0,0.862,2,45.011,6153.730,0.967,0.369,7.587,0.597,1.072,0.314,0.179,0.821,0.904,0.650
165,5.500,34.015,0.000,8.776,0.000,1,1,0,0.000,1.927,4,0,0.862,2,45.011,6153.730,0.967,0.379,4.214,0.548,1.146,1.024,0.161,0.839,0.762,0.580
168,5.600,43.932,0.000,9.917,0.000,1,1,0,0.000,2.025,4,0,0.897,2,45.011,6153.730,0.967,0.379,4.531,0.313,1.153,0.020,0.156,0.844,0.841,0.580
171,5.700,0.000,57.070,0.000,-496.789,1,0,1,0.000,1.329,4,1,0.862,3,45.011,6153.730,0.967,0.379,7.649,0.320,1.198,0.144,0.164,0.836,0.970,0.750
174,5.800,15.524,0.000,-28.408,0.000,1,1,0,0.000,2.299,4,0,0.862,3,16.763,6363.534,0.967,0.379,10.155,0.377,1.206,0.795,0.186,0.814,0.811,0.580
177,5.900,37.216,0.000,21.691,0.000,1,1,0,0.000,2.207,4,0,0.897,3,26.476,6486.357,0.967,0.379,9.355,0.341,0.951,0.629,0.183,0.817,0.934,0.580
180,6.000,25.495,0.000,-11.720,0.000,1,1,0,0.000,2.126,4,0,0.897,3,26.476,6486.357,0.967,0.379,4.644,0.592,0.678,1.113,0.171,0.829,0.767,0.580
183,6.100,11.314,0.000,-14.181,0.000,1,1,0,0.000,1.808,4,0,0.897,3,43.658,6664.719,0.967,0.379,3.392,0.645,0.516,0.231,0.158,0.842,0.654,0.580
186,6.200,23.345,0.000,12.032,0.000,1,1,0,0.000,1.536,4,0,0.897,3,43.658,6664.719,0.967,0.379,11.538,0.242,0.287,0.055,0.190,0.810,0.864,0.580
189,6.300,0.000,6.000,0.000,-51.070,1,0,1,0.000,1.164,6,1,0.862,5,43.658,6664.719,0.967,0.379,7.535,0.235,0.061,0.354,0.190,0.810,0.771,0.750
192,6.400,0.000,45.486,0.000,39.486,1,0,1,0.000,1.428,6,0,0.862,5,43.658,6664.719,0.967,0.369,7.450,0.245,0.164,0.773,0.159,0.841,0.985,0.580
195,6.500,0.000,30.083,0.000,-15.403,1,0,1,0.000,1.311,6,0,0.897,5,0.000,6783.459,0.967,0.369,7.690,0.342,0.132,0.058,0.224,0.776,0.901,0.580
198,6.600,0.000,29.833,0.000,-0.250,1,0,1,0.000,1.338,3,1,0.862,2,0.000,6784.135,1.000,0.379,5.941,0.493,0.042,1.622,0.143,0.857,0.720,0.750
201,6.700,0.000,26.833,0.000,-3.000,1,0,1,0.000,1.549,3,0,0.862,2,0.000,6436.738,1.000,0.379,4.803,0.610,0.067,1.740,0.140,0.860,0.666,0.580
204,6.800,0.000,12.207,0.000,-14.626,1,0,1,0.000,1.498,3,0,0.862,2,0.000,6014.459,1.000,0.389,3.344,0.323,0.156,1.031,0.115,0.885,0.569,0.580
207,6.900,0.000,24.515,0.000,12.309,1,0,1,0.000,1.224,3,0,0.862,2,0.000,4433.999,1.000,0.399,5.428,0.200,0.250,0.202,0.134,0.866,0.698,0.580
210,7.000,0.000,22.847,0.000,-1.668,1,0,1,0.000,1.002,3,0,0.862,2,30.480,3881.219,1.000,0.399,5.156,0.425,0.203,0.256,0.131,0.869,0.666,0.580
213,7.100,0.000,13.601,0.000,-9.246,1,0,1,0.000,1.045,3,0,0.897,2,0.000,2008.615,1.000,0.408,3.753,0.028,0.027,0.686,0.129,0.871,0.607,0.580
216,7.200,0.000,14.866,0.000,1.265,1,0,1,0.000,1.092,3,0,0.897,2,0.000,2008.615,1.000,0.417,1.437,0.380,0.119,1.125,0.098,0.902,0.532,0.580
219,7.300,0.000,9.434,0.000,-5.432,1,0,1,0.000,1.227,3,0,0.897,2,52.887,1378.584,1.000,0.417,1.341,0.223,0.004,0.090,0.074,0.926,0.510,0.580
222,7.400,0.000,0.000,0.000,0.000,0,0,0,0.000,0.000,3,0,0.897,0,52.887,1378.584,0.967,0.417,2.044,0.227,0.373,2.053,0.106,0.894,0.221,0.650
225,7.500,0.000,0.000,0.000,0.000,0,0,0,0.000,0.000,4,1,0.862,0,52.887,1378.584,0.933,0.417,5.895,0.135,0.719,0.917,0.139,0.861,0.420,0.750
228,7.600,0.000,0.000,0.000,0.000,0,0,0,0.000,0.000,4,0,0.862,0,52.887,1378.584,0.900,0.417,5.672,0.272,0.723,0.052,0.162,0.838,0.401,0.580
231,7.700,0.000,0.000,0.000,0.000,0,0,0,0.000,0.000,4,0,0.862,0,52.887,1378.584,0.867,0.417,6.176,0.553,0.678,2.877,0.145,0.855,0.390,0.580
234,7.800,0.000,0.000,0.000,0.000,0,0,0,0.000,0.000,6,1,0.828,0,52.887,1378.584,0.833,0.417,5.789,0.621,1.053,0.458,0.141,0.859,0.371,0.750
237,7.900,0.000,644.995,0.000,635.561,1,0,1,0.000,1.277,6,0,0.828,2,52.887,1378.584,0.833,0.337,4.978,0.278,1.219,0.812,0.148,0.852,0.815,0.650
240,8.000,0.000,628.096,0.000,-16.898,1,0,1,0.000,1.410,6,0,0.828,4,52.887,1378.584,0.833,0.337,3.979,0.400,1.275,0.413,0.140,0.860,0.841,0.350
243,8.100,0.000,20.125,0.000,-607.972,1,0,1,0.000,1.251,5,1,0.793,4,41.785,1312.615,0.833,0.328,3.700,0.428,1.362,0.128,0.135,0.865,0.718,0.750
246,8.200,0.000,20.248,0.000,0.124,1,0,1,0.000,1.251,5,0,0.793,4,41.785,1312.615,0.833,0.320,2.734,0.387,1.347,0.399,0.116,0.884,0.698,0.580
249,8.300,0.000,7.280,0.000,-12.968,1,0,1,0.000,1.610,5,0,0.793,4,41.785,1312.615,0.833,0.320,2.389,0.567,1.270,0.085,0.113,0.887,0.604,0.580
252,8.400,0.000,79.310,0.000,72.029,1,0,1,0.000,1.920,6,1,0.759,5,74.330,1635.954,0.833,0.311,1.465,0.573,1.085,0.115,0.104,0.896,0.797,0.750
255,8.500,0.000,37.000,0.000,-42.310,1,0,1,0.000,1.937,6,0,0.759,5,158.294,3375.434,0.833,0.311,3.487,0.662,1.132,1.117,0.105,0.895,0.796,0.750
258,8.600,23.000,0.000,-0.345,0.000,1,1,0,0.000,1.660,6,0,0.793,5,183.848,3582.925,0.833,0.311,2.451,0.451,1.229,1.742,0.119,0.881,0.707,0.750
261,8.700,56.604,0.000,33.604,0.000,1,1,0,0.000,1.709,4,1,0.759,3,60.926,3969.180,0.833,0.311,2.701,0.636,1.217,0.768,0.101,0.899,0.808,0.750
264,8.800,20.248,0.000,-36.355,0.000,1,1,0,0.000,1.845,4,0,0.759,3,44.407,4282.277,0.833,0.311,2.728,0.585,0.905,0.262,0.106,0.894,0.675,0.580
267,8.900,16.125,0.000,-4.124,0.000,1,1,0,0.000,1.727,4,0,0.759,3,83.648,5085.959,0.833,0.320,1.243,0.818,0.651,0.568,0.096,0.904,0.598,0.580
270,9.000,4.123,0.000,-12.001,0.000,1,1,0,0.000,1.662,5,1,0.724,3,0.000,4477.824,0.833,0.320,0.837,0.749,0.506,0.490,0.105,0.895,0.499,0.750
273,9.100,19.925,0.000,15.802,0.000,1,1,0,0.000,1.565,5,0,0.724,3,0.000,4477.824,0.833,0.311,0.834,0.617,0.663,1.250,0.105,0.895,0.596,0.580
276,9.200,8.485,0.000,-11.440,0.000,1,1,0,0.000,1.824,4,1,0.724,3,0.000,4477.824,0.833,0.311,0.522,0.699,0.854,0.474,0.079,0.921,0.546,0.750
279,9.300,23.770,0.000,15.284,0.000,1,1,0,0.000,1.770,4,0,0.724,3,0.000,4477.824,0.833,0.302,0.828,0.211,1.105,0.653,0.088,0.912,0.673,0.580
282,9.400,13.892,0.000,-9.877,0.000,1,1,0,0.000,1.890,5,1,0.690,4,149.907,4345.979,0.833,0.293,1.314,0.806,1.277,1.080,0.108,0.892,0.598,0.750
285,9.500,9.220,0.000,-4.673,0.000,1,1,0,0.000,1.666,4,1,0.690,3,149.907,4345.979,0.833,0.379,0.396,0.456,1.415,0.761,0.052,0.948,0.564,0.750
288,9.600,2.828,0.000,-6.391,0.000,1,1,0,0.000,1.574,5,1,0.655,4,96.333,4417.769,0.833,0.379,0.950,0.371,1.579,0.363,0.088,0.912,0.558,0.750
291,9.700,53.759,0.000,50.930,0.000,1,1,0,0.000,1.611,5,0,0.655,4,96.333,4417.769,0.833,0.379,3.339,0.199,1.650,0.497,0.128,0.872,0.864,0.700
294,9.800,0.000,633.329,0.000,551.304,2,0,1,633.329,2.108,5,0,0.655,6,0.000,4756.169,0.833,0.369,4.141,0.680,1.502,0.544,0.133,0.867,0.936,0.700
297,9.900,669.362,627.587,615.603,-5.742,2,1,1,632.665,2.138,4,1,0.621,5,0.000,5379.727,0.833,0.369,3.634,0.678,1.349,0.774,0.129,0.871,0.923,0.750
300,10.000,0.000,646.012,0.000,598.747,2,0,1,646.012,2.385,4,0,0.621,4,0.000,5433.507,0.833,0.369,8.488,0.441,1.054,0.191,0.143,0.857,1.000,0.500
303,10.100,0.000,659.401,0.000,15.915,2,0,1,659.401,2.404,4,0,0.621,4,0.000,6394.600,0.833,0.369,7.119,0.241,0.814,0.116,0.131,0.869,1.000,0.350
306,10.200,30.000,668.545,-639.362,9.144,2,1,1,664.677,2.412,5,1,0.586,5,0.000,6585.724,0.833,0.369,4.498,0.372,0.567,2.631,0.130,0.870,0.966,0.750
309,10.300,0.000,667.473,0.000,611.437,2,0,1,667.473,2.364,5,0,0.586,5,47.539,6659.614,0.833,0.369,6.926,0.692,0.573,0.277,0.132,0.868,1.000,0.500
312,10.400,657.056,0.000,-33.586,0.000,2,1,0,657.056,1.727,5,0,0.621,5,47.539,6659.614,0.867,0.358,5.856,0.496,0.487,0.040,0.149,0.851,0.996,0.500
315,10.500,0.000,27.459,0.000,-640.014,1,0,1,0.000,2.209,5,0,0.621,2,47.539,6659.614,0.900,0.358,4.350,0.545,0.239,0.175,0.167,0.833,0.703,0.650
318,10.600,0.000,22.361,0.000,-5.098,1,0,1,0.000,2.254,5,0,0.621,1,47.539,6659.614,0.933,0.369,6.558,0.337,0.117,1.520,0.206,0.794,0.713,0.580
321,10.700,0.000,0.000,0.000,0.000,0,0,0,0.000,0.000,5,0,0.655,0,47.539,6659.614,0.933,0.369,10.320,0.319,0.554,0.071,0.223,0.777,0.460,0.650
324,10.800,0.000,0.000,0.000,0.000,0,0,0,0.000,0.000,4,1,0.621,0,47.539,6659.614,0.933,0.369,13.333,0.411,1.289,0.079,0.220,0.780,0.453,0.750
327,10.900,0.000,0.000,0.000,0.000,0,0,0,0.000,0.000,4,0,0.621,0,47.539,6659.614,0.900,0.369,13.017,0.391,2.377,0.081,0.202,0.798,0.451,0.700
330,11.000,0.000,0.000,0.000,0.000,0,0,0,0.000,0.000,4,0,0.655,0,47.539,6659.614,0.867,0.369,11.696,0.343,3.711,0.030,0.182,0.818,0.450,0.700
333,11.100,0.000,0.000,0.000,0.000,0,0,0,0.000,0.000,3,1,0.621,0,47.539,6659.614,0.833,0.369,9.506,0.460,4.822,0.039,0.162,0.838,0.338,0.750
336,11.200,0.000,0.000,0.000,0.000,0,0,0,0.000,0.000,3,0,0.621,0,47.539,6659.614,0.800,0.369,7.774,0.511,6.142,0.037,0.141,0.859,0.325,0.700
339,11.300,0.000,0.000,0.000,0.000,0,0,0,0.000,0.000,3,0,0.655,0,47.539,6659.614,0.767,0.369,5.989,0.717,6.055,0.091,0.151,0.849,0.262,0.700
342,11.400,0.000,0.000,0.000,0.000,0,0,0,0.000,0.000,3,0,0.655,0,47.539,6659.614,0.733,0.369,5.419,0.540,5.226,0.188,0.158,0.842,0.256,0.700
345,11.500,0.000,345.558,0.000,323.197,1,0,1,0.000,2.391,3,0,0.655,2,85.802,8209.979,0.733,0.244,6.376,0.403,4.876,0.084,0.165,0.835,0.789,0.700
348,11.600,380.422,97.165,-276.633,-248.393,2,1,1,48.104,2.048,3,0,0.690,4,0.000,6630.375,0.733,0.244,6.367,0.267,2.764,0.776,0.165,0.835,0.908,0.700
351,11.700,0.000,26.571,0.000,-70.594,1,0,1,0.000,1.915,3,0,0.690,2,0.000,6214.590,0.733,0.244,6.870,0.251,2.225,0.169,0.161,0.839,0.710,0.700
354,11.800,0.000,0.000,0.000,0.000,0,0,0,0.000,0.000,3,0,0.690,0,0.000,6214.590,0.700,0.244,6.945,0.495,2.197,2.288,0.163,0.837,0.293,0.700
357,11.900,0.000,0.000,0.000,0.000,0,0,0,0.000,0.000,3,0,0.724,0,0.000,6214.590,0.667,0.244,7.912,0.463,1.909,0.094,0.173,0.827,0.315,0.700
360,12.000,0.000,0.000,0.000,0.000,0,0,0,0.000,0.000,4,1,0.690,0,0.000,6214.590,0.633,0.244,8.338,0.548,1.813,0.005,0.193,0.807,0.408,0.750
363,12.100,0.000,259.942,0.000,233.372,1,0,1,0.000,1.715,4,0,0.724,2,0.000,3208.030,0.633,0.261,8.033,0.490,1.877,2.584,0.204,0.796,0.882,0.700
366,12.200,0.000,48.083,0.000,-211.859,1,0,1,0.000,1.720,4,0,0.724,2,72.918,1295.469,0.633,0.261,8.091,0.394,1.772,0.611,0.195,0.805,0.888,0.700
369,12.300,0.000,15.811,0.000,-32.272,1,0,1,0.000,1.554,5,1,0.724,3,54.562,1178.844,0.633,0.261,6.472,0.498,1.321,0.363,0.203,0.797,0.699,0.750
372,12.400,0.000,68.768,0.000,52.956,1,0,1,0.000,1.451,5,0,0.759,3,54.562,1178.844,0.633,0.268,8.177,0.559,0.732,0.486,0.197,0.803,0.895,0.580
375,12.500,0.000,0.000,0.000,0.000,0,0,0,0.000,0.000,5,0,0.793,0,54.562,1178.844,0.600,0.268,7.354,0.332,0.377,2.077,0.199,0.801,0.403,0.650
378,12.600,181.135,0.000,-199.287,0.000,1,1,0,0.000,1.827,4,1,0.759,3,147.574,1276.947,0.600,0.273,6.469,0.416,0.100,0.511,0.166,0.834,0.890,0.750
381,12.700,0.000,0.000,0.000,0.000,0,0,0,0.000,0.000,4,0,0.759,0,147.574,1276.947,0.567,0.273,5.912,0.366,0.126,0.165,0.154,0.846,0.360,0.750
384,12.800,0.000,0.000,0.000,0.000,0,0,0,0.000,0.000,4,0,0.793,0,147.574,1276.947,0.533,0.273,6.277,0.309,0.270,0.226,0.130,0.870,0.369,0.750
387,12.900,0.000,0.000,0.000,0.000,0,0,0,0.000,0.000,4,0,0.793,0,147.574,1276.947,0.500,0.273,2.543,0.528,0.315,2.311,0.126,0.874,0.257,0.750
390,13.000,0.000,0.000,0.000,0.000,0,0,0,0.000,0.000,4,0,0.793,0,147.574,1276.947,0.467,0.273,3.157,0.315,0.441,2.632,0.121,0.879,0.283,0.750
393,13.100,0.000,0.000,0.000,0.000,0,0,0,0.000,0.000,4,0,0.828,0,147.574,1276.947,0.433,0.273,1.785,0.322,0.463,2.052,0.106,0.894,0.244,0.750
396,13.200,0.000,0.000,0.000,0.000,0,0,0,0.000,0.000,4,0,0.828,0,147.574,1276.947,0.400,0.273,2.453,0.484,0.548,1.163,0.091,0.909,0.245,0.750
399,13.300,0.000,0.000,0.000,0.000,0,0,0,0.000,0.000,4,0,0.828,0,147.574,1276.947,0.367,0.273,2.482,0.500,0.738,0.762,0.089,0.911,0.241,0.750
402,13.400,0.000,0.000,0.000,0.000,0,0,0,0.000,0.000,4,0,0.828,0,147.574,1276.947,0.333,0.273,3.124,0.522,0.847,1.165,0.109,0.891,0.252,0.750
405,13.500,0.000,0.000,0.000,0.000,0,0,0,0.000,0.000,4,0,0.828,0,147.574,1276.947,0.300,0.273,5.033,0.261,1.036,0.571,0.140,0.860,0.314,0.750
408,13.600,0.000,0.000,0.000,0.000,0,0,0,0.000,0.000,4,0,0.828,0,147.574,1276.947,0.267,0.273,5.258,0.059,1.315,0.481,0.129,0.871,0.329,0.750
411,13.700,35.014,0.000,-146.121,0.000,1,1,0,0.000,1.969,4,0,0.862,3,77.006,1382.770,0.300,0.260,4.882,0.720,1.456,1.624,0.155,0.845,0.737,0.700
414,13.800,32.249,0.000,-2.765,0.000,1,1,0,0.000,1.923,4,0,0.862,3,0.000,1369.227,0.333,0.265,5.277,0.635,1.512,0.121,0.145,0.855,0.742,0.700
417,13.900,12.042,195.888,-20.207,127.120,2,1,1,370.095,2.159,4,0,0.862,5,78.715,1394.734,0.367,0.265,1.488,0.281,1.595,0.190,0.082,0.918,0.842,0.700
420,14.000,368.409,0.000,353.543,0.000,2,1,0,368.409,2.412,4,0,0.897,5,0.000,1583.989,0.400,0.265,3.017,0.883,2.220,0.141,0.135,0.865,0.842,0.700
423,14.100,360.906,0.000,-6.992,0.000,2,1,0,360.906,2.445,4,0,0.897,5,0.000,1731.348,0.433,0.260,3.170,0.593,3.212,0.222,0.101,0.899,0.870,0.700
426,14.200,5.831,356.720,-355.075,160.832,2,1,1,331.965,2.687,4,0,0.897,5,99.040,1734.230,0.467,0.260,1.296,0.462,3.826,2.097,0.083,0.917,0.836,0.700
429,14.300,18.868,5.099,13.037,-351.621,2,1,1,330.547,2.494,4,0,0.897,5,0.000,1515.674,0.500,0.260,2.520,0.924,3.911,2.360,0.127,0.873,0.693,0.700
432,14.400,17.804,10.000,-1.063,4.901,2,1,1,337.464,2.526,4,0,0.897,5,0.000,1226.189,0.533,0.260,1.839,0.530,4.293,0.375,0.120,0.880,0.702,0.700
435,14.500,6.403,0.000,-11.401,0.000,1,1,0,0.000,2.502,4,0,0.897,2,54.231,1485.755,0.533,0.260,1.679,0.747,2.664,0.046,0.119,0.881,0.479,0.700
438,14.600,32.249,0.000,25.846,0.000,1,1,0,0.000,2.435,4,0,0.897,2,142.215,2110.685,0.533,0.255,1.381,0.622,2.156,0.633,0.112,0.888,0.624,0.750
441,14.700,0.000,0.000,0.000,0.000,0,0,0,0.000,0.000,4,0,0.897,0,142.215,2110.685,0.500,0.255,2.348,0.944,1.609,0.809,0.141,0.859,0.223,0.750
444,14.800,0.000,0.000,0.000,0.000,0,0,0,0.000,0.000,4,0,0.897,0,142.215,2110.685,0.500,0.255,1.290,0.637,1.337,0.136,0.107,0.893,0.218,0.750
447,14.900,0.000,0.000,0.000,0.000,0,0,0,0.000,0.000,4,0,0.931,0,142.215,2110.685,0.500,0.255,2.537,0.949,1.165,0.079,0.148,0.852,0.227,0.750
450,15.000,0.000,369.221,0.000,359.221,1,0,1,0.000,1.268,4,0,0.931,2,37.802,2254.844,0.533,0.265,2.198,0.917,1.047,0.170,0.113,0.887,0.695,0.650
453,15.100,45.541,0.000,13.292,0.000,1,1,0,0.000,2.271,4,0,0.931,2,0.000,2026.070,0.533,0.271,1.830,0.626,1.095,0.201,0.087,0.913,0.706,0.580
456,15.200,408.917,0.000,398.917,0.000,2,1,0,408.917,2.012,4,0,0.966,5,77.782,2287.474,0.533,0.249,3.365,0.476,1.183,1.067,0.120,0.880,0.895,0.650
459,15.300,409.429,0.000,0.512,0.000,1,1,0,0.000,2.080,4,0,0.966,2,5.385,1901.885,0.533,0.249,2.474,0.739,1.228,1.720,0.124,0.876,0.714,0.650
462,15.400,4.123,0.000,-405.306,0.000,1,1,0,0.000,2.202,4,0,0.966,2,13.928,1909.147,0.533,0.255,2.799,0.292,1.315,1.298,0.114,0.886,0.526,0.580
465,15.500,24.207,0.000,20.084,0.000,1,1,0,0.000,2.273,4,0,1.000,2,18.000,1401.818,0.567,0.255,2.701,0.311,1.087,2.695,0.122,0.878,0.638,0.580
468,15.600,418.914,0.000,395.655,0.000,2,1,0,418.914,1.954,4,0,1.000,5,0.000,1987.529,0.567,0.332,3.785,0.309,1.045,1.751,0.113,0.887,0.921,0.650
471,15.700,397.936,0.000,-0.561,0.000,2,1,0,397.936,2.433,4,0,1.000,5,0.000,1992.479,0.600,0.332,3.481,0.664,0.967,0.287,0.139,0.861,0.893,0.350
474,15.800,420.105,0.000,6.474,0.000,2,1,0,420.105,2.457,4,0,1.000,5,0.000,2111.449,0.633,0.332,2.798,0.530,0.669,0.449,0.114,0.886,0.889,0.350
477,15.900,424.380,423.959,4.275,54.738,2,1,1,424.067,2.587,4,0,1.000,5,0.000,1927.798,0.667,0.332,1.640,0.566,0.564,1.105,0.112,0.888,0.861,0.500
480,16.000,21.260,2.236,-403.119,-421.723,2,1,1,442.764,2.343,4,0,1.000,5,0.000,1448.355,0.700,0.332,4.034,0.319,0.524,1.524,0.134,0.866,0.811,0.580
483,16.100,424.736,0.000,409.084,0.000,2,1,0,424.736,2.463,4,0,1.000,5,0.000,1202.944,0.733,0.332,2.278,0.754,0.321,2.311,0.124,0.876,0.872,0.550
486,16.200,410.534,0.000,-2.499,0.000,2,1,0,410.534,2.476,4,0,1.000,5,0.000,1127.277,0.767,0.332,3.025,0.809,0.253,0.028,0.140,0.860,0.891,0.350
489,16.300,401.808,12.806,-8.725,10.570,2,1,1,406.846,2.479,4,0,1.000,3,78.854,1008.628,0.800,0.332,0.897,0.082,0.216,2.215,0.093,0.907,0.848,0.550
492,16.400,4.243,12.207,-397.566,-0.600,2,1,1,393.265,2.340,4,0,1.000,5,88.888,1402.994,0.833,0.321,0.921,0.532,0.171,0.310,0.084,0.916,0.684,0.580
495,16.500,6.403,3.162,2.160,-9.044,2,1,1,390.958,2.160,4,0,1.000,5,0.000,1323.689,0.867,0.358,1.124,0.379,0.217,1.098,0.086,0.914,0.671,0.580
498,16.600,34.438,4.123,28.035,0.961,2,1,1,415.655,2.318,4,0,1.000,5,121.264,1788.650,0.900,0.358,1.166,0.700,0.149,0.138,0.096,0.904,0.809,0.674
501,16.700,13.601,10.630,-20.837,6.507,2,1,1,406.774,2.060,4,0,1.000,5,70.661,2876.369,0.900,0.336,1.531,0.648,0.015,0.576,0.103,0.897,0.707,0.580
504,16.800,33.242,10.000,19.640,-0.630,2,1,1,431.919,2.154,4,0,1.000,5,97.268,3108.769,0.900,0.336,2.143,0.346,0.038,2.248,0.122,0.878,0.852,0.580
507,16.900,9.434,9.055,-23.808,-0.945,2,1,1,438.001,1.841,4,0,1.000,5,0.000,3188.738,0.900,0.336,5.187,0.844,0.190,1.601,0.118,0.882,0.761,0.580
510,17.000,21.260,12.806,11.826,3.751,2,1,1,410.567,1.982,4,0,1.000,5,0.000,3197.565,0.900,0.336,3.386,0.394,0.302,0.245,0.147,0.853,0.813,0.580
513,17.100,0.000,417.690,0.000,0.344,2,0,1,417.690,1.897,4,0,1.000,5,127.941,3436.944,0.900,0.336,3.554,0.618,0.416,0.254,0.119,0.881,0.934,0.711
516,17.200,60.299,10.440,39.039,-407.250,2,1,1,403.005,1.904,4,0,1.000,5,0.000,3218.714,0.900,0.336,4.145,0.699,0.293,0.035,0.114,0.886,0.943,0.500
519,17.300,48.260,10.000,-12.040,-0.440,2,1,1,408.377,2.047,4,0,1.000,5,0.000,2550.084,0.900,0.336,2.414,0.257,0.148,2.227,0.116,0.884,0.930,0.580
522,17.400,0.000,421.868,0.000,-6.423,2,0,1,421.868,2.231,4,0,1.000,5,0.000,2549.464,0.900,0.336,2.467,0.562,0.086,0.251,0.125,0.875,0.910,0.500
525,17.500,28.018,11.402,-20.242,-410.467,2,1,1,379.289,2.507,4,0,1.000,5,4.000,2874.560,0.900,0.324,2.739,0.288,0.177,0.556,0.107,0.893,0.842,0.580
528,17.600,18.788,5.099,-9.230,-6.303,2,1,1,392.908,2.400,4,0,1.000,4,0.000,2643.285,0.900,0.336,3.640,0.875,0.139,0.918,0.133,0.867,0.772,0.580
531,17.700,16.553,11.045,-2.235,5.946,2,1,1,378.451,2.357,5,0,1.000,6,39.825,2607.644,0.933,0.324,1.599,0.710,0.108,2.984,0.097,0.903,0.724,0.580
534,17.800,39.051,32.388,22.498,21.343,2,1,1,369.882,1.974,5,0,1.000,6,29.411,3058.625,0.967,0.324,6.607,0.794,0.294,0.291,0.159,0.841,0.973,0.580
537,17.900,17.464,40.262,-21.587,7.873,2,1,1,392.532,1.662,5,0,1.000,6,193.197,3425.865,1.000,0.324,5.839,0.184,0.230,0.161,0.163,0.837,1.000,0.750
540,18.000,6.083,38.079,-11.381,-2.183,2,1,1,415.986,1.347,6,1,0.966,6,37.121,4175.314,1.000,0.324,9.470,0.027,0.678,0.181,0.157,0.843,1.000,0.750
543,18.100,5.831,18.028,-0.252,-20.051,2,1,1,425.080,1.075,6,0,0.966,6,197.190,4324.837,1.000,0.324,5.555,0.814,1.275,0.143,0.112,0.888,0.832,0.750
546,18.200,21.401,7.000,15.570,-11.028,2,1,1,433.520,1.260,6,0,0.966,6,198.977,3641.605,1.000,0.311,4.042,0.409,1.552,0.104,0.116,0.884,0.841,0.750
549,18.300,7.616,14.142,-13.785,7.142,2,1,1,414.287,1.526,4,1,0.931,5,245.963,4211.449,1.000,0.311,2.854,0.500,1.852,2.495,0.108,0.892,0.765,0.750
552,18.400,20.881,5.657,13.265,-8.485,2,1,1,435.984,1.773,4,0,0.931,5,0.000,4098.289,1.000,0.311,3.143,0.504,1.921,2.546,0.118,0.882,0.809,0.700
555,18.500,27.731,11.705,6.850,6.048,2,1,1,448.896,1.572,4,0,0.931,5,30.364,3715.594,1.000,0.311,6.717,0.352,1.328,0.188,0.158,0.842,0.947,0.580
558,18.600,44.418,0.000,16.688,0.000,1,1,0,0.000,1.705,5,1,0.897,2,0.000,3603.689,1.000,0.324,5.366,0.177,1.446,0.135,0.142,0.858,0.861,0.750
561,18.700,96.255,46.648,51.836,34.943,2,1,1,472.610,1.981,5,0,0.897,6,0.000,6315.314,1.000,0.324,7.331,0.416,1.572,0.644,0.169,0.831,1.000,0.700
564,18.800,45.618,0.000,-50.637,0.000,1,1,0,0.000,1.760,5,0,0.897,2,76.694,6527.007,1.000,0.324,7.902,0.537,1.646,0.046,0.150,0.850,0.902,0.700
567,18.900,24.597,0.000,-21.021,0.000,1,1,0,0.000,1.950,4,1,0.862,2,52.839,6293.218,1.000,0.336,6.512,0.257,1.951,1.234,0.143,0.857,0.791,0.750
570,19.000,25.710,0.000,1.113,0.000,1,1,0,0.000,1.964,4,0,0.862,2,57.628,6066.074,1.000,0.347,5.718,0.568,2.151,0.388,0.144,0.856,0.756,0.700
573,19.100,19.849,0.000,-5.860,0.000,1,1,0,0.000,1.754,4,0,0.862,2,0.000,5687.369,1.000,0.347,4.493,0.687,2.495,1.450,0.126,0.874,0.684,0.700
576,19.200,8.602,0.000,-11.247,0.000,1,1,0,0.000,1.387,5,1,0.828,2,49.578,4962.684,1.000,0.358,4.280,0.294,2.401,0.598,0.131,0.869,0.626,0.750
579,19.300,8.062,0.000,-0.540,0.000,1,1,0,0.000,1.296,5,0,0.828,2,0.000,4479.164,1.000,0.369,6.237,0.415,2.590,0.766,0.136,0.864,0.664,0.700
582,19.400,16.125,0.000,8.062,0.000,1,1,0,0.000,1.224,5,0,0.828,2,0.000,4208.264,1.000,0.369,5.154,0.308,1.835,1.220,0.129,0.871,0.689,0.700
585,19.500,66.189,0.000,50.065,0.000,1,1,0,0.000,0.964,4,1,0.793,2,0.000,4228.354,1.000,0.379,7.774,0.518,1.519,0.613,0.153,0.847,0.918,0.750
588,19.600,23.022,0.000,-43.167,0.000,1,1,0,0.000,1.001,4,0,0.793,2,0.000,4313.799,1.000,0.389,6.800,0.567,0.834,0.082,0.145,0.855,0.768,0.450
591,19.700,12.530,0.000,-10.492,0.000,1,1,0,0.000,1.057,4,0,0.793,2,34.438,482.289,1.000,0.389,3.651,0.702,0.762,0.238,0.117,0.883,0.622,0.580
594,19.800,21.378,0.000,8.848,0.000,1,1,0,0.000,0.942,5,1,0.759,3,78.390,631.957,1.000,0.399,4.933,0.201,0.706,0.521,0.130,0.870,0.756,0.750
597,19.900,16.401,0.000,-4.976,0.000,1,1,0,0.000,1.126,5,0,0.759,3,23.707,583.719,1.000,0.399,4.846,0.658,0.767,2.577,0.129,0.871,0.694,0.580
600,20.000,35.114,0.000,18.713,0.000,1,1,0,0.000,1.239,5,0,0.759,2,32.696,674.454,1.000,0.408,7.543,0.721,0.895,0.013,0.132,0.868,0.825,0.350
603,20.100,21.840,0.000,-13.274,0.000,1,1,0,0.000,1.541,5,1,0.724,2,17.029,709.385,1.000,0.417,3.243,0.527,0.773,1.850,0.122,0.878,0.658,0.750
606,20.200,0.000,0.000,0.000,0.000,0,0,0,0.000,0.000,5,0,0.724,0,17.029,709.385,0.967,0.417,3.147,0.156,0.643,1.062,0.132,0.868,0.354,0.650
609,20.300,628.091,0.000,606.250,0.000,1,1,0,0.000,1.387,5,0,0.724,4,17.029,709.385,0.967,0.410,3.193,0.481,0.382,1.464,0.130,0.870,0.856,0.650
612,20.400,0.000,514.782,0.000,405.301,2,0,1,514.782,1.151,5,0,0.724,6,17.029,709.385,0.967,0.410,3.297,0.327,0.068,0.521,0.142,0.858,0.956,0.650
615,20.500,0.000,528.766,0.000,13.985,1,0,1,0.000,1.534,5,0,0.724,4,453.630,4634.997,0.967,0.410,9.771,0.457,0.156,0.363,0.161,0.839,0.978,0.750
618,20.600,0.000,604.745,0.000,75.978,1,0,1,0.000,1.844,5,0,0.724,2,453.630,4634.997,0.967,0.419,9.393,0.405,0.129,0.179,0.161,0.839,0.910,0.750
621,20.700,0.000,41.761,0.000,-562.983,1,0,1,0.000,1.673,4,1,0.690,2,453.630,4634.997,0.967,0.419,7.804,0.299,0.004,1.843,0.219,0.781,0.912,0.750
624,20.800,0.000,0.000,0.000,0.000,0,0,0,0.000,0.000,4,0,0.690,0,453.630,4634.997,0.933,0.419,10.862,0.408,0.037,1.054,0.235,0.765,0.453,0.750
627,20.900,0.000,0.000,0.000,0.000,0,0,0,0.000,0.000,4,0,0.724,0,453.630,4634.997,0.900,0.419,10.760,0.419,0.230,0.761,0.226,0.774,0.449,0.750
630,21.000,173.404,0.000,-454.687,0.000,1,1,0,0.000,1.631,3,1,0.690,2,239.136,5171.929,0.900,0.407,12.834,0.539,0.472,0.022,0.229,0.771,0.840,0.750
633,21.100,0.000,0.000,0.000,0.000,0,0,0,0.000,0.000,3,0,0.690,0,239.136,5171.929,0.867,0.407,14.919,0.681,0.833,0.334,0.214,0.786,0.326,0.750
636,21.200,0.000,0.000,0.000,0.000,0,0,0,0.000,0.000,3,0,0.724,0,239.136,5171.929,0.833,0.407,14.509,0.792,1.111,0.016,0.205,0.795,0.315,0.750
639,21.300,0.000,0.000,0.000,0.000,0,0,0,0.000,0.000,3,0,0.724,0,239.136,5171.929,0.800,0.407,12.251,0.883,1.564,0.003,0.195,0.805,0.304,0.750
642,21.400,0.000,0.000,0.000,0.000,0,0,0,0.000,0.000,3,0,0.724,0,239.136,5171.929,0.767,0.407,5.769,0.703,1.991,0.313,0.169,0.831,0.257,0.750
645,21.500,0.000,0.000,0.000,0.000,0,0,0,0.000,0.000,3,0,0.759,0,239.136,5171.929,0.733,0.407,5.744,0.289,2.188,0.498,0.171,0.829,0.281,0.750
648,21.600,129.769,0.000,-43.635,0.000,1,1,0,0.000,1.574,3,0,0.759,2,0.000,5246.898,0.733,0.350,7.209,0.115,1.967,0.911,0.189,0.811,0.830,0.700
651,21.700,298.074,0.000,168.305,0.000,1,1,0,0.000,1.403,3,0,0.759,2,0.000,5685.734,0.733,0.350,13.299,0.173,2.036,0.207,0.358,0.642,0.846,0.700
654,21.800,11.045,390.397,-287.028,348.636,2,1,1,193.259,1.706,2,1,0.759,2,43.046,5874.694,0.733,0.357,1.414,0.917,2.561,0.792,0.153,0.847,0.739,0.750
657,21.900,8.062,27.514,-2.983,-362.884,2,1,1,214.245,1.730,5,1,0.724,4,96.208,6176.247,0.733,0.357,3.236,0.831,2.770,0.870,0.177,0.823,0.758,0.750
660,22.000,0.000,246.288,0.000,23.845,2,0,1,246.288,2.323,5,0,0.724,4,114.490,6155.545,0.733,0.350,5.176,0.789,2.867,2.270,0.206,0.794,0.906,0.700
663,22.100,22.561,6.083,14.499,-240.206,2,1,1,241.814,2.284,5,0,0.759,4,63.246,5847.560,0.733,0.342,2.870,0.860,1.955,2.360,0.180,0.820,0.719,0.700
666,22.200,4.123,10.296,-18.438,4.213,2,1,1,229.393,1.977,6,1,0.724,4,117.341,5030.665,0.733,0.334,4.190,0.842,1.386,2.691,0.174,0.826,0.661,0.750
669,22.300,10.050,8.000,5.927,-2.296,2,1,1,232.899,1.657,6,0,0.724,4,117.444,2180.324,0.733,0.326,1.705,0.911,1.147,0.755,0.113,0.887,0.593,0.652
672,22.400,6.403,36.797,-3.647,28.797,2,1,1,274.855,1.913,6,0,0.759,4,127.534,2088.049,0.733,0.318,3.068,0.653,0.637,1.606,0.130,0.870,0.793,0.709
675,22.500,11.402,49.497,4.999,12.701,2,1,1,324.230,1.572,5,1,0.724,5,82.976,2194.488,0.733,0.318,3.102,0.749,0.267,0.922,0.147,0.853,0.893,0.750
678,22.600,27.019,44.822,15.617,-4.676,2,1,1,375.255,1.421,5,0,0.724,5,93.648,2626.627,0.733,0.297,3.795,0.829,0.075,0.694,0.174,0.826,0.904,0.520
681,22.700,26.000,34.000,-1.019,-10.822,2,1,1,425.065,1.159,5,0,0.759,5,28.160,2857.460,0.733,0.297,3.516,0.486,0.402,0.484,0.105,0.895,0.861,0.580
684,22.800,20.616,17.029,-5.384,-16.971,2,1,1,444.978,0.982,4,0,0.759,5,28.160,2857.460,0.733,0.297,3.844,0.596,0.737,1.018,0.127,0.873,0.787,0.580
687,22.900,7.211,11.045,-13.404,-5.984,2,1,1,450.792,1.325,4,0,0.759,5,149.164,3548.954,0.733,0.297,3.462,0.886,0.988,0.135,0.168,0.832,0.704,0.750
690,23.000,6.083,0.000,-1.128,0.000,1,1,0,0.000,1.043,4,0,0.793,2,341.123,3802.494,0.733,0.297,2.971,0.561,1.054,0.234,0.161,0.839,0.547,0.750
693,23.100,10.050,0.000,3.967,0.000,1,1,0,0.000,0.992,4,0,0.793,2,2.000,4230.750,0.733,0.293,2.715,0.812,1.055,0.431,0.186,0.814,0.545,0.580
696,23.200,1.414,0.000,-8.636,0.000,1,1,0,0.000,1.177,4,0,0.793,2,2.000,4230.750,0.767,0.379,3.117,0.826,1.263,0.050,0.202,0.798,0.510,0.580
699,23.300,5.385,0.000,3.971,0.000,1,1,0,0.000,1.030,4,0,0.793,2,7.211,4630.239,0.767,0.379,3.440,0.808,1.683,0.330,0.200,0.800,0.541,0.700
702,23.400,11.180,0.000,5.795,0.000,1,1,0,0.000,1.208,5,0,0.793,2,33.377,5167.645,0.767,0.379,2.055,0.720,1.524,1.227,0.183,0.817,0.527,0.700
705,23.500,0.000,425.564,0.000,414.519,1,0,1,0.000,0.936,5,0,0.793,2,104.077,5297.594,0.767,0.379,2.318,0.698,1.540,0.465,0.173,0.827,0.723,0.700
708,23.600,79.699,0.000,68.519,0.000,1,1,0,0.000,1.269,5,0,0.828,2,0.000,5058.074,0.767,0.389,3.288,0.534,1.463,1.843,0.170,0.830,0.759,0.700
711,23.700,30.000,0.000,-49.699,0.000,1,1,0,0.000,1.249,4,0,0.828,2,83.487,5063.454,0.767,0.389,7.386,0.831,1.263,2.357,0.230,0.770,0.775,0.580
714,23.800,5.831,0.000,-24.169,0.000,1,1,0,0.000,1.042,4,0,0.828,2,62.682,4972.648,0.800,0.399,6.215,0.891,1.123,0.224,0.229,0.771,0.611,0.580
717,23.900,4.472,0.000,-1.359,0.000,1,1,0,0.000,1.060,4,0,0.862,2,54.818,4799.304,0.833,0.399,4.855,0.889,0.874,0.409,0.204,0.796,0.574,0.580
720,24.000,347.000,0.000,342.877,0.000,2,1,0,347.000,1.004,6,1,0.828,6,51.400,4693.835,0.833,0.399,4.001,0.865,0.730,0.248,0.190,0.810,0.919,0.750
723,24.100,349.894,0.000,-7.128,0.000,2,1,0,349.894,1.523,6,0,0.828,6,0.000,3999.755,0.867,0.389,3.213,0.819,0.600,0.236,0.162,0.838,0.907,0.350
726,24.200,347.298,0.000,-12.313,0.000,2,1,0,347.298,2.166,6,0,0.828,6,30.232,3156.609,0.900,0.389,2.704,0.485,0.507,1.989,0.127,0.873,0.922,0.550
729,24.300,5.385,66.068,-341.913,-359.496,2,1,1,355.186,2.353,5,0,0.828,5,0.000,1067.200,0.933,0.389,2.555,0.454,0.411,0.293,0.138,0.862,0.924,0.500
732,24.400,3.000,9.487,-2.385,-56.581,2,1,1,367.396,2.627,5,0,0.828,4,107.280,1246.864,0.967,0.389,3.110,0.738,0.327,0.051,0.110,0.890,0.689,0.596
735,24.500,391.031,360.606,388.031,351.120,2,1,1,384.401,2.974,5,0,0.828,5,197.881,1459.418,1.000,0.389,3.032,0.819,0.281,3.009,0.180,0.820,0.918,0.750
738,24.600,0.000,3.606,0.000,-357.001,1,0,1,0.000,1.635,5,0,0.828,4,0.000,2135.888,1.000,0.389,4.445,0.844,0.213,0.254,0.175,0.825,0.636,0.650
741,24.700,96.768,0.000,-294.263,0.000,1,1,0,0.000,2.866,5,0,0.862,2,0.000,2142.990,1.000,0.399,16.354,0.180,0.066,1.737,0.340,0.660,0.929,0.550
744,24.800,3.162,143.558,-93.605,139.953,2,1,1,279.732,2.554,5,0,0.897,2,92.071,2203.305,1.000,0.399,0.513,0.183,1.571,1.630,0.068,0.932,0.792,0.700
747,24.900,4.472,5.099,1.310,-138.459,2,1,1,278.582,2.187,3,1,0.862,2,87.966,2257.019,1.000,0.399,0.613,0.676,1.426,0.419,0.079,0.921,0.586,0.750
750,25.000,2.236,10.770,-2.236,5.671,2,1,1,268.062,1.913,3,0,0.862,2,90.471,2323.520,1.000,0.399,0.416,0.304,1.285,2.551,0.055,0.945,0.639,0.580
753,25.100,1.414,4.243,-0.822,-6.528,2,1,1,272.523,1.874,4,1,0.862,2,91.591,2394.649,1.000,0.399,0.583,0.834,1.673,0.133,0.073,0.927,0.540,0.750
756,25.200,1.414,2.236,0.000,-2.007,2,1,1,273.386,1.736,3,1,0.828,2,89.269,2451.150,1.000,0.399,0.793,0.711,1.358,0.355,0.105,0.895,0.572,0.750
759,25.300,4.123,3.162,2.709,0.926,2,1,1,272.523,1.458,4,1,0.793,3,88.769,2106.409,1.000,0.399,0.592,0.346,0.195,0.256,0.077,0.923,0.618,0.750
762,25.400,2.236,3.606,-1.887,0.443,2,1,1,275.980,1.307,3,1,0.793,2,87.556,2003.034,1.000,0.399,0.665,0.560,0.321,0.248,0.088,0.912,0.587,0.750
765,25.500,1.000,2.000,-1.236,-1.606,2,1,1,276.123,1.308,3,1,0.759,2,87.361,1375.049,1.000,0.399,0.605,0.736,0.605,0.651,0.085,0.915,0.565,0.750
768,25.600,2.000,4.123,1.000,2.123,2,1,1,280.744,1.621,3,0,0.759,2,88.323,1059.330,1.000,0.399,0.551,0.747,0.819,0.074,0.076,0.924,0.574,0.580
771,25.700,6.403,7.071,4.403,2.948,2,1,1,293.626,1.715,4,1,0.724,4,107.201,1120.948,1.000,0.389,1.135,0.792,0.915,0.194,0.107,0.893,0.662,0.750
774,25.800,12.649,14.213,6.246,7.142,2,1,1,315.217,1.751,4,0,0.724,4,39.013,1092.887,1.000,0.399,1.920,0.759,0.936,0.741,0.114,0.886,0.724,0.580
777,25.900,0.000,315.660,0.000,16.377,2,0,1,315.660,1.028,4,0,0.724,4,0.000,1034.867,1.000,0.399,2.306,0.658,0.886,0.425,0.093,0.907,0.912,0.500
780,26.000,67.186,16.000,54.537,-299.660,2,1,1,281.000,1.719,4,0,0.724,4,0.000,796.024,1.000,0.399,3.982,0.827,0.904,1.645,0.174,0.826,0.942,0.550
783,26.100,15.232,14.765,-51.955,-1.235,2,1,1,275.617,1.637,4,0,0.724,4,47.170,667.128,1.000,0.408,6.867,0.825,0.864,2.796,0.206,0.794,0.849,0.580
786,26.200,0.000,35.735,0.000,20.970,1,0,1,0.000,1.014,4,0,0.724,2,0.000,603.840,1.000,0.408,8.354,0.872,0.835,0.019,0.211,0.789,0.848,0.650
789,26.300,0.000,58.249,0.000,22.514,1,0,1,0.000,0.996,4,0,0.724,2,0.000,560.719,1.000,0.417,11.573,0.836,0.756,0.020,0.225,0.775,0.901,0.350
792,26.400,0.000,398.670,0.000,334.530,2,0,1,398.670,1.262,6,1,0.690,6,10.000,3913.985,1.000,0.408,16.603,0.771,0.466,3.131,0.237,0.763,1.000,0.750
795,26.500,50.359,433.776,35.127,35.106,2,1,1,416.270,1.605,6,0,0.690,6,14.000,6806.519,1.000,0.408,17.641,0.703,0.139,3.112,0.226,0.774,1.000,0.550
798,26.600,38.328,44.385,-12.031,-389.392,2,1,1,450.211,1.399,6,0,0.690,6,0.000,9673.594,1.000,0.399,15.824,0.408,0.203,0.067,0.226,0.774,1.000,0.450
801,26.700,0.000,0.000,0.000,0.000,0,0,0,0.000,0.000,5,1,0.655,0,0.000,9673.594,0.967,0.399,17.021,0.441,0.507,0.022,0.230,0.770,0.455,0.750
804,26.800,146.741,0.000,108.414,0.000,1,1,0,0.000,1.210,5,0,0.655,3,0.000,9673.594,0.967,0.381,14.131,0.127,0.909,1.853,0.224,0.776,0.965,0.650
807,26.900,47.424,0.000,-99.318,0.000,1,1,0,0.000,1.100,5,0,0.690,3,259.731,10111.574,0.967,0.381,12.553,0.475,1.244,1.504,0.211,0.789,0.941,0.750
810,27.000,33.000,0.000,-14.424,0.000,1,1,0,0.000,1.130,4,1,0.655,2,259.731,10111.574,0.967,0.381,13.364,0.171,1.515,1.309,0.174,0.826,0.877,0.750
813,27.100,55.902,0.000,22.902,0.000,1,1,0,0.000,1.116,4,0,0.655,2,93.477,9937.437,0.967,0.381,12.325,0.544,1.782,1.631,0.155,0.845,0.918,0.700
816,27.200,29.017,0.000,-26.884,0.000,1,1,0,0.000,0.849,4,0,0.655,2,0.000,9081.858,0.967,0.381,11.983,0.516,2.013,0.050,0.206,0.794,0.831,0.700
819,27.300,95.603,0.000,66.586,0.000,1,1,0,0.000,0.812,5,0,0.655,3,0.000,9455.649,0.967,0.381,12.170,0.585,2.217,0.114,0.217,0.783,0.933,0.700
822,27.400,23.431,0.000,-72.173,0.000,1,1,0,0.000,0.782,5,0,0.655,2,0.000,9455.649,0.967,0.381,8.243,0.599,2.401,0.166,0.238,0.762,0.776,0.700
825,27.500,96.130,0.000,72.699,0.000,1,1,0,0.000,0.867,5,0,0.655,2,0.000,9455.649,0.967,0.381,6.459,0.638,2.519,1.783,0.201,0.799,0.855,0.700
828,27.600,23.854,0.000,-72.276,0.000,1,1,0,0.000,0.881,4,1,0.621,3,0.000,9455.649,0.967,0.381,6.551,0.826,2.533,0.719,0.198,0.802,0.789,0.750
831,27.700,0.000,542.403,0.000,498.018,1,0,1,0.000,1.224,4,0,0.621,3,0.000,9455.649,0.967,0.391,6.122,0.891,2.407,0.530,0.195,0.805,0.892,0.700
834,27.800,0.000,0.000,0.000,0.000,0,0,0,0.000,0.000,4,0,0.655,0,0.000,9455.649,0.933,0.391,7.509,0.894,4.232,0.517,0.197,0.803,0.407,0.700
837,27.900,0.000,44.553,0.000,-497.850,1,0,1,0.000,1.367,5,1,0.621,4,130.969,10156.719,0.933,0.386,5.869,0.960,2.738,0.007,0.194,0.806,0.883,0.750
840,28.000,0.000,12.166,0.000,-32.388,1,0,1,0.000,1.539,5,0,0.655,4,24.083,11355.787,0.933,0.386,6.584,0.893,1.554,0.825,0.199,0.801,0.726,0.700
843,28.100,0.000,0.000,0.000,0.000,0,0,0,0.000,0.000,5,0,0.690,0,24.083,11355.787,0.900,0.386,12.295,0.777,0.953,0.432,0.211,0.789,0.424,0.650
846,28.200,0.000,0.000,0.000,0.000,0,0,0,0.000,0.000,4,1,0.690,0,24.083,11355.787,0.867,0.386,11.992,0.639,0.682,0.112,0.204,0.796,0.429,0.750
849,28.300,0.000,0.000,0.000,0.000,0,0,0,0.000,0.000,4,0,0.724,0,24.083,11355.787,0.833,0.386,10.199,0.749,0.427,0.002,0.178,0.822,0.418,0.580
852,28.400,0.000,0.000,0.000,0.000,0,0,0,0.000,0.000,4,0,0.759,0,24.083,11355.787,0.800,0.386,5.537,0.233,0.252,2.041,0.147,0.853,0.388,0.580
855,28.500,0.000,89.538,0.000,77.372,1,0,1,0.000,1.550,4,0,0.759,3,22.361,12565.419,0.800,0.336,6.739,0.617,0.064,0.038,0.186,0.814,0.906,0.650
858,28.600,0.000,0.000,0.000,0.000,0,0,0,0.000,0.000,4,0,0.793,0,22.361,12565.419,0.767,0.336,5.987,0.455,0.144,0.016,0.162,0.838,0.380,0.650
861,28.700,247.929,0.000,224.076,0.000,1,1,0,0.000,0.742,4,0,0.793,3,296.468,12386.425,0.767,0.339,5.264,0.528,0.370,0.198,0.211,0.789,0.872,0.750
864,28.800,39.205,0.000,-208.725,0.000,1,1,0,0.000,0.694,4,1,0.759,3,0.000,11115.287,0.767,0.330,5.659,0.404,0.642,0.553,0.127,0.873,0.858,0.750
867,28.900,10.817,0.000,-28.388,0.000,1,1,0,0.000,0.597,4,0,0.759,3,0.000,6554.978,0.767,0.339,7.502,0.285,0.984,0.897,0.114,0.886,0.755,0.580
870,29.000,0.000,251.436,0.000,161.898,1,0,1,0.000,1.891,4,0,0.759,3,0.000,5445.769,0.767,0.339,6.422,0.436,1.267,0.042,0.139,0.861,0.907,0.550
873,29.100,82.861,0.000,72.045,0.000,1,1,0,0.000,0.900,6,1,0.724,4,0.000,4302.795,0.767,0.347,7.088,0.628,1.431,0.330,0.166,0.834,0.895,0.750
876,29.200,46.141,0.000,-36.720,0.000,1,1,0,0.000,1.112,6,0,0.724,4,0.000,4179.654,0.767,0.347,7.445,0.528,1.401,1.106,0.172,0.828,0.911,0.700
879,29.300,25.495,0.000,-20.646,0.000,1,1,0,0.000,1.263,6,0,0.759,4,0.000,3123.499,0.767,0.344,4.039,0.611,1.260,0.997,0.160,0.840,0.712,0.580
882,29.400,10.296,0.000,-15.199,0.000,1,1,0,0.000,1.385,6,0,0.759,4,0.000,1522.174,0.767,0.344,5.039,0.602,1.193,0.745,0.165,0.835,0.653,0.580
885,29.500,0.000,0.000,0.000,0.000,0,0,0,0.000,0.000,6,0,0.759,0,0.000,1522.174,0.733,0.344,6.509,0.488,1.009,1.059,0.201,0.799,0.387,0.650
888,29.600,0.000,161.419,0.000,-90.017,1,0,1,0.000,1.851,6,0,0.793,3,169.163,2139.025,0.733,0.347,6.654,0.068,0.880,1.660,0.180,0.820,0.890,0.750
891,29.700,254.867,0.000,244.571,0.000,1,1,0,0.000,1.617,5,1,0.759,3,23.022,2864.594,0.767,0.339,6.017,0.530,0.983,0.051,0.165,0.835,0.863,0.750
894,29.800,23.854,0.000,-231.013,0.000,1,1,0,0.000,1.793,5,0,0.759,3,24.000,3361.520,0.767,0.339,3.928,0.498,1.155,1.053,0.159,0.841,0.696,0.580
897,29.900,20.809,0.000,-3.045,0.000,1,1,0,0.000,1.703,5,0,0.793,3,14.422,3714.958,0.767,0.339,4.437,0.343,1.301,0.385,0.162,0.838,0.703,0.580
900,30.000,15.620,0.000,-5.188,0.000,1,1,0,0.000,1.695,7,1,0.759,5,0.000,4134.538,0.767,0.330,2.905,0.145,1.137,0.120,0.146,0.854,0.670,0.750
903,30.100,8.062,0.000,-7.558,0.000,1,1,0,0.000,1.512,7,0,0.759,5,0.000,4321.094,0.767,0.318,1.386,0.661,1.144,2.681,0.120,0.880,0.554,0.580
906,30.200,5.000,0.000,-3.062,0.000,1,1,0,0.000,1.238,7,0,0.759,4,1.000,4433.448,0.767,0.318,1.380,0.837,1.147,0.173,0.121,0.879,0.499,0.580
909,30.300,2.236,0.000,-2.764,0.000,1,1,0,0.000,1.104,5,1,0.724,3,1.414,4088.634,0.767,0.366,0.995,0.868,1.117,0.046,0.093,0.907,0.477,0.750
912,30.400,1.414,0.000,-0.822,0.000,1,1,0,0.000,1.232,5,0,0.724,3,1.000,4084.670,0.767,0.371,1.253,0.924,1.184,0.137,0.119,0.881,0.474,0.580
915,30.500,3.000,0.000,1.586,0.000,1,1,0,0.000,1.216,5,0,0.759,3,2.236,4042.938,0.767,0.371,1.329,0.938,1.356,0.000,0.119,0.881,0.484,0.580
918,30.600,0.000,83.361,0.000,-78.058,1,0,1,0.000,1.713,4,0,0.759,3,1.000,3219.959,0.767,0.371,1.398,0.954,1.509,0.176,0.121,0.879,0.745,0.700
921,30.700,5.099,0.000,2.099,0.000,1,1,0,0.000,1.118,5,1,0.724,3,2.000,3095.727,0.767,0.371,1.584,0.962,1.704,0.014,0.126,0.874,0.501,0.750
924,30.800,2.236,0.000,-2.863,0.000,1,1,0,0.000,1.392,5,0,0.759,3,2.000,2926.834,0.800,0.371,1.411,0.971,1.946,0.071,0.122,0.878,0.484,0.700
927,30.900,1.414,0.000,-0.822,0.000,1,1,0,0.000,1.516,4,1,0.724,3,2.236,2718.194,0.800,0.381,1.246,0.962,1.786,0.108,0.113,0.887,0.503,0.750
930,31.000,2.828,0.000,1.414,0.000,1,1,0,0.000,1.538,5,1,0.690,3,2.236,2408.117,0.800,0.381,0.703,0.837,1.838,1.054,0.077,0.923,0.479,0.750
933,31.100,0.000,0.000,-2.828,0.000,1,1,0,0.000,1.739,4,1,0.690,3,1.000,1062.654,0.833,0.381,0.971,0.856,1.998,0.098,0.103,0.897,0.499,0.750
936,31.200,0.000,4.000,0.000,-79.361,1,0,1,0.000,2.038,4,0,0.690,3,2.000,621.139,0.867,0.381,0.949,0.874,2.446,0.076,0.111,0.889,0.524,0.700
939,31.300,0.000,2.000,0.000,-2.000,1,0,1,0.000,2.081,4,0,0.690,3,1.000,133.708,0.900,0.391,0.894,0.862,3.443,0.138,0.103,0.897,0.516,0.700
942,31.400,0.000,3.162,0.000,1.162,1,0,1,0.000,2.113,4,0,0.690,3,2.000,103.994,0.933,0.399,0.878,0.858,4.211,0.175,0.106,0.894,0.526,0.700
945,31.500,0.000,5.000,0.000,1.838,1,0,1,0.000,2.234,4,0,0.690,3,1.000,38.804,0.933,0.399,0.774,0.697,4.114,0.076,0.096,0.904,0.545,0.700
948,31.600,0.000,12.042,0.000,7.042,1,0,1,0.000,2.281,4,0,0.690,3,1.414,15.849,0.967,0.399,0.920,0.744,3.404,0.123,0.105,0.895,0.589,0.700
951,31.700,0.000,3.606,0.000,-8.436,1,0,1,0.000,1.962,5,1,0.690,3,1.000,7.940,0.967,0.399,0.913,0.640,2.500,0.569,0.104,0.896,0.522,0.750
954,31.800,14.036,0.000,14.036,0.000,1,1,0,0.000,1.999,5,0,0.690,3,2.000,7.659,0.967,0.399,0.789,0.406,2.042,0.445,0.089,0.911,0.593,0.700
957,31.900,2.236,0.000,-11.800,0.000,1,1,0,0.000,1.595,5,0,0.690,3,2.000,7.660,0.967,0.399,1.016,0.757,1.685,0.115,0.106,0.894,0.509,0.700
960,32.000,0.000,483.994,0.000,476.184,2,0,1,483.994,1.850,5,0,0.724,6,41.785,2459.554,0.967,0.399,0.529,0.432,1.478,0.097,0.061,0.939,0.879,0.700
963,32.100,0.000,493.569,0.000,6.208,2,0,1,493.569,1.870,5,1,0.690,6,212.424,3294.025,0.967,0.389,0.639,0.607,1.322,0.612,0.069,0.931,0.869,0.750
966,32.200,30.150,9.220,27.914,-484.349,2,1,1,510.154,1.650,6,1,0.655,6,214.357,3976.719,0.967,0.379,1.460,0.691,1.215,1.455,0.100,0.900,0.802,0.750
969,32.300,504.445,0.000,481.121,0.000,2,1,0,504.445,0.970,6,0,0.655,6,0.000,4038.065,0.967,0.369,6.703,0.728,1.143,0.141,0.122,0.878,1.000,0.500
972,32.400,491.386,0.000,-21.841,0.000,2,1,0,491.386,1.522,5,1,0.621,6,0.000,4218.339,0.967,0.358,5.454,0.517,0.867,0.044,0.151,0.849,0.996,0.750
975,32.500,497.688,0.000,6.302,0.000,1,1,0,0.000,1.748,5,0,0.621,4,15.811,4363.858,1.000,0.358,5.548,0.786,0.615,0.457,0.164,0.836,0.898,0.650
978,32.600,5.000,0.000,-492.688,0.000,1,1,0,0.000,1.573,5,0,0.655,4,7.810,4533.314,1.000,0.358,3.804,0.859,0.295,0.234,0.143,0.857,0.627,0.580
981,32.700,0.000,0.000,0.000,0.000,0,0,0,0.000,0.000,5,1,0.621,0,7.810,4533.314,0.967,0.358,15.506,0.529,0.015,0.308,0.257,0.743,0.449,0.750
984,32.800,0.000,0.000,0.000,0.000,0,0,0,0.000,0.000,4,1,0.586,0,7.810,4533.314,0.933,0.358,0.699,0.789,1.234,2.966,0.070,0.930,0.244,0.750
987,32.900,0.000,0.000,0.000,0.000,0,0,0,0.000,0.000,4,0,0.621,0,7.810,4533.314,0.900,0.358,0.561,0.818,1.655,1.906,0.064,0.936,0.235,0.700
990,33.000,0.000,0.000,0.000,0.000,0,0,0,0.000,0.000,3,1,0.586,0,7.810,4533.314,0.867,0.358,0.519,0.265,3.486,0.655,0.055,0.945,0.268,0.750
993,33.100,0.000,0.000,0.000,0.000,0,0,0,0.000,0.000,3,0,0.586,0,7.810,4533.314,0.833,0.358,0.784,0.774,7.013,1.044,0.074,0.926,0.235,0.700
996,33.200,0.000,0.000,0.000,0.000,0,0,0,0.000,0.000,3,0,0.621,0,7.810,4533.314,0.800,0.358,0.584,0.443,7.176,0.937,0.058,0.942,0.250,0.700
999,33.300,0.000,0.000,0.000,0.000,0,0,0,0.000,0.000,4,1,0.586,0,7.810,4533.314,0.767,0.358,0.490,0.084,7.379,1.779,0.047,0.953,0.268,0.750
1002,33.400,0.000,0.000,0.000,0.000,0,0,0,0.000,0.000,5,1,0.552,0,7.810,4533.314,0.733,0.358,1.557,0.932,7.090,0.019,0.118,0.882,0.232,0.750
1005,33.500,0.000,0.000,0.000,0.000,0,0,0,0.000,0.000,5,0,0.552,0,7.810,4533.314,0.700,0.358,3.227,0.955,7.410,0.418,0.159,0.841,0.268,0.700
1008,33.600,0.000,0.000,0.000,0.000,0,0,0,0.000,0.000,5,0,0.586,0,7.810,4533.314,0.667,0.358,1.303,0.918,7.743,0.256,0.111,0.889,0.218,0.700
1011,33.700,0.000,0.000,0.000,0.000,0,0,0,0.000,0.000,4,1,0.552,0,7.810,4533.314,0.633,0.358,1.404,0.874,8.330,0.430,0.109,0.891,0.220,0.750
1014,33.800,0.000,0.000,0.000,0.000,0,0,0,0.000,0.000,5,1,0.552,0,7.810,4533.314,0.600,0.358,1.270,0.916,8.942,0.129,0.110,0.890,0.210,0.750
1017,33.900,0.000,0.000,0.000,0.000,0,0,0,0.000,0.000,5,1,0.552,0,7.810,4533.314,0.567,0.358,0.789,0.876,1.063,0.431,0.090,0.910,0.196,0.750
1020,34.000,0.000,0.000,0.000,0.000,0,0,0,0.000,0.000,6,1,0.552,0,7.810,4533.314,0.533,0.358,1.116,0.969,0.537,0.150,0.114,0.886,0.194,0.750
1023,34.100,0.000,0.000,0.000,0.000,0,0,0,0.000,0.000,6,0,0.552,0,7.810,4533.314,0.500,0.358,1.217,0.978,0.170,0.150,0.117,0.883,0.192,0.580
1026,34.200,0.000,0.000,0.000,0.000,0,0,0,0.000,0.000,5,1,0.517,0,7.810,4533.314,0.467,0.358,1.128,0.945,0.008,0.040,0.112,0.888,0.188,0.750
1029,34.300,0.000,0.000,0.000,0.000,0,0,0,0.000,0.000,5,0,0.517,0,7.810,4533.314,0.433,0.358,0.939,0.913,0.498,0.621,0.091,0.909,0.182,0.580
1032,34.400,0.000,0.000,0.000,0.000,0,0,0,0.000,0.000,5,0,0.517,0,7.810,4533.314,0.400,0.358,1.461,0.926,0.490,0.810,0.108,0.892,0.190,0.580
1035,34.500,0.000,0.000,0.000,0.000,0,0,0,0.000,0.000,5,0,0.517,0,7.810,4533.314,0.367,0.358,2.139,0.957,0.468,0.838,0.144,0.856,0.201,0.580
1038,34.600,0.000,0.000,0.000,0.000,0,0,0,0.000,0.000,5,0,0.552,0,7.810,4533.314,0.333,0.358,4.210,0.722,0.435,1.527,0.160,0.840,0.265,0.580
1041,34.700,0.000,196.901,0.000,187.681,1,0,1,0.000,1.532,5,0,0.552,4,7.810,4533.314,0.333,0.171,3.109,0.526,0.374,0.837,0.128,0.872,0.775,0.650
1044,34.800,307.833,51.088,302.833,-145.813,2,1,1,668.483,1.773,4,1,0.517,5,7.810,4533.314,0.333,0.171,10.084,0.687,0.324,0.727,0.200,0.800,0.972,0.750
1047,34.900,0.000,55.444,0.000,4.356,1,0,1,0.000,1.586,4,0,0.517,1,7.810,4533.314,0.333,0.171,16.226,0.789,0.157,0.104,0.205,0.795,0.780,0.650
1050,35.000,692.280,0.000,384.448,0.000,1,1,0,0.000,1.999,4,0,0.552,3,7.810,4533.314,0.333,0.171,13.250,0.406,0.081,0.095,0.211,0.789,0.897,0.500
1053,35.100,0.000,150.748,0.000,95.304,1,0,1,0.000,1.594,4,0,0.586,3,64.195,5073.999,0.333,0.171,16.615,0.501,0.207,0.039,0.243,0.757,0.890,0.550
1056,35.200,0.000,174.562,0.000,23.814,1,0,1,0.000,1.573,4,0,0.586,3,0.000,5751.314,0.333,0.171,18.392,0.490,0.461,0.094,0.247,0.753,0.891,0.350
1059,35.300,289.800,163.077,-402.480,-11.486,2,1,1,211.533,2.049,4,0,0.621,6,0.000,5876.579,0.333,0.171,12.341,0.316,0.755,0.095,0.225,0.775,0.998,0.650
1062,35.400,0.000,10.817,0.000,-152.260,1,0,1,0.000,0.923,3,1,0.586,2,0.000,4327.849,0.333,0.175,12.474,0.454,1.064,0.072,0.219,0.781,0.588,0.750
1065,35.500,401.101,31.064,111.301,20.248,2,1,1,275.089,2.051,3,0,0.586,4,0.000,4158.699,0.333,0.175,21.552,0.792,1.365,0.190,0.216,0.784,0.865,0.650
1068,35.600,41.049,32.388,-360.052,1.324,2,1,1,263.765,2.051,3,0,0.621,4,0.000,3109.277,0.333,0.175,20.903,0.895,1.845,0.103,0.215,0.785,0.835,0.700
1071,35.700,18.385,23.000,-22.664,-9.388,2,1,1,265.452,1.714,6,1,0.621,4,25.179,2014.688,0.367,0.179,16.180,0.917,2.260,0.003,0.221,0.779,0.778,0.750
1074,35.800,10.817,8.944,-7.568,-14.056,2,1,1,264.824,1.400,6,0,0.621,4,23.770,1750.278,0.400,0.179,11.238,0.852,15.480,0.135,0.223,0.777,0.718,0.700
1077,35.900,10.296,12.806,-0.521,3.862,2,1,1,267.944,1.366,6,0,0.655,4,22.804,1428.775,0.433,0.179,9.087,0.811,16.680,0.126,0.224,0.776,0.736,0.700
1080,36.000,6.325,16.279,-3.971,3.473,2,1,1,268.419,1.141,4,1,0.621,4,20.616,1158.059,0.467,0.184,7.210,0.681,17.733,0.332,0.225,0.775,0.809,0.750
1083,36.100,8.246,16.155,1.922,-0.123,2,1,1,265.217,0.879,4,0,0.621,4,0.000,1124.415,0.500,0.184,6.374,0.649,17.680,0.129,0.221,0.779,0.794,0.700
1086,36.200,259.083,0.000,-3.849,0.000,2,1,0,259.083,1.027,4,0,0.655,4,0.000,548.510,0.533,0.184,5.176,0.663,11.936,0.094,0.208,0.792,0.927,0.700
1089,36.300,252.121,0.000,-3.873,0.000,2,1,0,252.121,1.381,4,0,0.690,4,0.000,469.810,0.567,0.379,4.328,0.685,11.416,0.184,0.199,0.801,0.908,0.700
1092,36.400,4.123,8.602,-247.998,-7.553,2,1,1,254.189,1.606,4,0,0.690,4,178.986,985.985,0.600,0.379,3.093,0.655,4.573,0.158,0.185,0.815,0.681,0.750
1095,36.500,2.000,3.162,-2.123,-5.440,2,1,1,256.223,1.626,4,0,0.690,2,123.693,1234.600,0.633,0.379,2.352,0.567,2.075,0.131,0.172,0.828,0.553,0.700
1098,36.600,2.000,2.236,0.000,-0.926,2,1,1,259.825,1.800,4,1,0.690,2,122.972,1233.034,0.667,0.379,1.804,0.336,1.490,0.437,0.161,0.839,0.554,0.750
1101,36.700,2.000,3.162,0.000,0.926,2,1,1,261.199,1.986,5,1,0.690,4,0.000,1728.044,0.700,0.379,1.750,0.222,0.909,0.822,0.159,0.841,0.624,0.750
1104,36.800,9.849,10.440,7.849,7.278,2,1,1,273.754,2.143,5,0,0.724,4,140.943,2038.459,0.733,0.369,2.338,0.581,0.451,0.457,0.168,0.832,0.658,0.750
1107,36.900,24.331,16.000,14.482,5.560,2,1,1,304.810,1.785,4,0,0.759,4,87.664,2065.709,0.767,0.379,3.783,0.817,0.233,0.375,0.190,0.810,0.795,0.580
1110,37.000,8.944,23.087,-15.387,7.087,2,1,1,321.795,1.554,4,0,0.759,4,106.508,2111.957,0.800,0.369,3.488,0.622,0.025,0.122,0.151,0.849,0.798,0.592
1113,37.100,0.000,339.366,0.000,326.327,2,0,1,339.366,0.820,4,0,0.793,4,0.000,1914.238,0.833,0.369,5.682,0.856,0.340,1.434,0.208,0.792,0.962,0.550
1116,37.200,0.000,359.672,0.000,6.719,2,0,1,359.672,1.268,4,0,0.793,4,92.195,1636.939,0.867,0.369,8.852,0.842,0.647,0.998,0.233,0.767,1.000,0.512
1119,37.300,49.244,378.978,40.300,19.305,2,1,1,386.381,1.641,4,0,0.793,4,31.385,1795.834,0.900,0.369,12.867,0.806,0.887,0.152,0.243,0.757,1.000,0.500
1122,37.400,0.000,450.632,0.000,386.134,2,0,1,450.632,1.944,4,0,0.793,5,32.062,1892.708,0.933,0.369,14.641,0.720,1.056,2.128,0.254,0.746,1.000,0.550
1125,37.500,0.000,501.422,0.000,50.790,1,0,1,0.000,2.290,5,0,0.793,4,0.000,1840.684,0.967,0.369,16.405,0.580,1.183,1.988,0.262,0.738,0.969,0.650
1128,37.600,657.360,0.000,608.116,0.000,1,1,0,0.000,1.230,5,0,0.793,4,0.000,5588.265,1.000,0.369,13.968,0.259,1.238,2.175,0.243,0.757,0.996,0.550
1131,37.700,0.000,189.275,0.000,-312.147,1,0,1,0.000,2.334,5,0,0.828,4,318.044,9123.319,1.000,0.369,10.667,0.330,1.218,0.845,0.246,0.754,0.991,0.750
1134,37.800,0.000,0.000,0.000,0.000,0,0,0,0.000,0.000,4,1,0.793,0,318.044,9123.319,0.967,0.369,10.973,0.341,1.232,0.854,0.226,0.774,0.462,0.750
1137,37.900,0.000,0.000,0.000,0.000,0,0,0,0.000,0.000,4,0,0.793,0,318.044,9123.319,0.933,0.369,12.807,0.446,0.979,0.298,0.228,0.772,0.451,0.750
1140,38.000,497.534,0.000,-159.826,0.000,1,1,0,0.000,1.536,4,0,0.793,3,318.044,9123.319,0.933,0.342,14.507,0.404,0.645,1.492,0.231,0.769,0.969,0.750
1143,38.100,0.000,538.697,0.000,349.422,1,0,1,0.000,2.425,4,0,0.793,3,318.044,9123.319,0.933,0.353,18.456,0.679,0.351,1.185,0.226,0.774,0.949,0.750
1146,38.200,102.416,0.000,-395.118,0.000,1,1,0,0.000,1.477,4,0,0.793,3,429.076,9105.459,0.933,0.353,17.132,0.844,0.014,0.432,0.222,0.778,0.938,0.750
1149,38.300,28.018,0.000,-74.398,0.000,1,1,0,0.000,1.282,4,0,0.828,3,21.633,9284.569,0.933,0.353,13.235,0.896,0.321,0.023,0.215,0.785,0.840,0.580
1152,38.400,20.616,0.000,-7.402,0.000,1,1,0,0.000,1.043,5,1,0.793,4,11.180,8952.435,0.933,0.342,8.366,0.911,0.528,0.168,0.201,0.799,0.807,0.750
1155,38.500,0.000,106.405,0.000,-432.292,1,0,1,0.000,2.155,5,0,0.793,4,7.211,9141.967,0.933,0.342,5.321,0.903,0.664,0.278,0.188,0.812,0.876,0.500
1158,38.600,0.000,5.831,0.000,-100.574,1,0,1,0.000,1.809,5,0,0.828,4,8.485,9335.115,0.933,0.342,4.024,0.911,1.038,0.026,0.179,0.821,0.625,0.580
1161,38.700,0.000,6.325,0.000,0.494,1,0,1,0.000,1.506,4,1,0.793,3,3.606,9108.419,0.933,0.342,2.872,0.942,1.691,0.222,0.165,0.835,0.588,0.750
1164,38.800,0.000,1.414,0.000,-4.910,1,0,1,0.000,1.503,4,0,0.793,2,3.162,8842.637,0.933,0.353,1.535,0.910,2.347,0.965,0.130,0.870,0.485,0.700
1167,38.900,0.000,4.472,0.000,3.058,1,0,1,0.000,1.304,4,0,0.828,2,2.236,9004.919,0.933,0.353,1.386,0.897,1.874,0.287,0.128,0.872,0.499,0.700
1170,39.000,0.000,1.414,0.000,-3.058,1,0,1,0.000,1.156,3,1,0.793,2,4.123,9152.019,0.933,0.363,1.375,0.948,1.197,0.185,0.129,0.871,0.508,0.750
1173,39.100,0.000,6.708,0.000,5.294,1,0,1,0.000,1.320,3,0,0.793,2,2.236,8862.798,0.933,0.363,0.964,0.977,0.627,0.164,0.106,0.894,0.525,0.580
1176,39.200,0.000,2.236,0.000,-4.472,1,0,1,0.000,1.136,3,0,0.793,2,2.236,9027.618,0.933,0.373,0.906,0.897,0.306,0.521,0.111,0.889,0.504,0.580
1179,39.300,0.000,1.000,0.000,-1.236,1,0,1,0.000,1.267,4,1,0.759,3,0.000,9249.037,0.933,0.373,0.956,0.755,0.102,0.363,0.108,0.892,0.524,0.750
1182,39.400,0.000,1.414,0.000,0.414,1,0,1,0.000,1.521,4,0,0.759,2,2.000,9353.794,0.933,0.382,1.014,0.932,0.114,0.219,0.119,0.881,0.470,0.580
1185,39.500,0.000,2.828,0.000,1.414,1,0,1,0.000,1.629,4,0,0.793,2,1.000,9449.400,0.933,0.382,0.874,0.973,0.392,0.262,0.100,0.900,0.471,0.580
1188,39.600,0.000,1.000,0.000,-1.828,1,0,1,0.000,1.865,5,1,0.793,4,0.000,5686.837,0.933,0.382,0.569,0.779,0.729,0.494,0.077,0.923,0.521,0.750
1191,39.700,0.000,5.099,0.000,4.099,1,0,1,0.000,2.077,5,0,0.793,4,0.000,5101.467,0.933,0.382,0.551,0.213,1.149,0.665,0.066,0.934,0.583,0.580
1194,39.800,0.000,1.000,0.000,-4.099,1,0,1,0.000,2.012,6,1,0.759,4,0.000,45.275,0.933,0.382,0.518,0.690,1.624,0.234,0.053,0.947,0.502,0.750
1197,39.900,0.000,3.606,0.000,2.606,1,0,1,0.000,1.899,6,1,0.724,5,0.000,17.534,0.933,0.408,0.626,0.876,2.181,0.116,0.065,0.935,0.536,0.750
1200,40.000,0.000,3.606,0.000,0.000,1,0,1,0.000,2.095,6,0,0.724,5,0.000,9.409,0.933,0.399,0.500,0.817,2.613,0.421,0.060,0.940,0.537,0.700
1203,40.100,0.000,3.000,0.000,-0.606,1,0,1,0.000,2.110,6,0,0.724,5,0.000,4.459,0.933,0.399,0.263,0.639,2.896,0.442,0.036,0.964,0.541,0.700
1206,40.200,0.000,4.243,0.000,1.243,1,0,1,0.000,2.110,6,1,0.690,4,0.000,2.100,0.933,0.399,0.623,0.779,2.781,1.609,0.071,0.929,0.517,0.750
1209,40.300,0.000,2.828,0.000,-1.414,1,0,1,0.000,1.914,6,0,0.690,4,0.000,1.519,0.933,0.399,0.713,0.862,2.383,0.028,0.075,0.925,0.505,0.700
1212,40.400,0.000,2.236,0.000,-0.592,1,0,1,0.000,1.660,6,0,0.690,4,0.000,1.184,0.933,0.399,0.989,0.884,1.955,0.596,0.089,0.911,0.507,0.700
1215,40.500,0.000,1.000,0.000,-1.236,1,0,1,0.000,1.430,6,1,0.655,4,1.414,1.420,0.933,0.389,1.140,0.863,1.659,0.245,0.077,0.923,0.506,0.750
1218,40.600,0.000,4.472,0.000,3.472,1,0,1,0.000,1.593,6,0,0.655,4,1.414,1.708,0.933,0.379,0.913,0.598,1.452,0.252,0.078,0.922,0.538,0.700
1221,40.700,0.000,1.000,0.000,-3.472,1,0,1,0.000,1.528,6,0,0.690,4,2.828,2.540,0.933,0.369,1.155,0.844,1.263,0.616,0.093,0.907,0.507,0.580
1224,40.800,0.000,5.831,0.000,4.831,1,0,1,0.000,1.264,6,1,0.655,4,0.000,3.409,0.967,0.369,0.932,0.667,1.107,0.171,0.083,0.917,0.545,0.750
1227,40.900,0.000,7.810,0.000,1.979,1,0,1,0.000,1.368,6,0,0.655,4,0.000,4.000,1.000,0.358,0.378,0.106,0.978,2.924,0.041,0.959,0.585,0.580
1230,41.000,0.000,16.763,0.000,8.953,1,0,1,0.000,1.342,6,0,0.655,5,0.000,5.935,1.000,0.347,1.680,0.690,0.866,1.817,0.118,0.882,0.657,0.580
1233,41.100,0.000,52.000,0.000,16.391,2,0,1,52.000,1.460,5,1,0.621,6,2.236,239.369,1.000,0.347,2.703,0.479,0.748,1.996,0.106,0.894,0.934,0.750
1236,41.200,0.000,33.015,0.000,-18.985,1,0,1,0.000,1.522,5,0,0.621,4,2.236,239.369,1.000,0.347,4.462,0.506,0.639,0.420,0.139,0.861,0.824,0.650
1239,41.300,0.000,190.058,0.000,157.043,1,0,1,0.000,1.261,5,0,0.655,4,114.543,824.319,1.000,0.347,7.214,0.649,0.507,2.309,0.186,0.814,0.949,0.636
1242,41.400,0.000,348.402,0.000,158.344,1,0,1,0.000,1.354,5,1,0.621,4,114.543,824.319,1.000,0.347,9.436,0.701,0.215,2.461,0.186,0.814,0.965,0.750
1245,41.500,0.000,5.000,0.000,-343.402,1,0,1,0.000,1.260,5,0,0.621,4,114.543,824.319,1.000,0.358,5.153,0.859,0.470,0.299,0.162,0.838,0.660,0.636
1248,41.600,0.000,1.414,0.000,-3.586,1,0,1,0.000,1.100,5,0,0.655,4,114.543,824.319,1.000,0.358,2.050,0.800,1.348,0.133,0.122,0.878,0.567,0.636
1251,41.700,0.000,0.000,0.000,0.000,0,0,0,0.000,0.000,5,0,0.655,0,114.543,824.319,0.967,0.358,1.556,0.655,2.674,0.508,0.110,0.890,0.279,0.700
1254,41.800,0.000,0.000,0.000,0.000,0,0,0,0.000,0.000,5,0,0.655,0,114.543,824.319,0.933,0.358,1.430,0.688,5.165,2.286,0.100,0.900,0.270,0.700
1257,41.900,0.000,0.000,0.000,0.000,0,0,0,0.000,0.000,5,0,0.690,0,114.543,824.319,0.900,0.358,1.742,0.289,6.343,3.027,0.091,0.909,0.301,0.700
1260,42.000,0.000,38.626,0.000,37.212,1,0,1,0.000,1.081,5,0,0.690,4,136.308,1626.647,0.900,0.311,1.442,0.536,7.506,2.802,0.088,0.912,0.765,0.750
1263,42.100,0.000,0.000,0.000,0.000,0,0,0,0.000,0.000,5,0,0.690,0,136.308,1626.647,0.867,0.311,2.232,0.804,8.618,0.019,0.131,0.869,0.274,0.750
1266,42.200,0.000,0.000,0.000,0.000,0,0,0,0.000,0.000,5,0,0.724,0,136.308,1626.647,0.833,0.311,1.045,0.817,9.103,0.061,0.094,0.906,0.239,0.750
1269,42.300,0.000,0.000,0.000,0.000,0,0,0,0.000,0.000,5,0,0.724,0,136.308,1626.647,0.800,0.311,1.048,0.229,8.343,0.197,0.094,0.906,0.276,0.750
1272,42.400,0.000,0.000,0.000,0.000,0,0,0,0.000,0.000,5,0,0.724,0,136.308,1626.647,0.767,0.311,1.228,0.689,8.417,1.983,0.115,0.885,0.244,0.750
1275,42.500,0.000,0.000,0.000,0.000,0,0,0,0.000,0.000,5,0,0.759,0,136.308,1626.647,0.733,0.311,0.960,0.072,8.576,0.302,0.104,0.896,0.277,0.750
1278,42.600,0.000,0.000,0.000,0.000,0,0,0,0.000,0.000,4,1,0.724,0,136.308,1626.647,0.700,0.311,1.406,0.829,6.042,1.759,0.126,0.874,0.231,0.750
1281,42.700,0.000,0.000,0.000,0.000,0,0,0,0.000,0.000,4,0,0.759,0,136.308,1626.647,0.667,0.311,0.861,0.128,3.227,1.583,0.102,0.898,0.263,0.750
1284,42.800,0.000,0.000,0.000,0.000,0,0,0,0.000,0.000,4,0,0.793,0,136.308,1626.647,0.633,0.311,1.146,0.753,1.339,1.687,0.106,0.894,0.222,0.750
1287,42.900,0.000,0.000,0.000,0.000,0,0,0,0.000,0.000,4,1,0.759,0,136.308,1626.647,0.600,0.311,1.070,0.660,0.309,0.450,0.101,0.899,0.223,0.750
1290,43.000,0.000,0.000,0.000,0.000,0,0,0,0.000,0.000,4,0,0.759,0,136.308,1626.647,0.567,0.311,1.079,0.715,0.220,0.546,0.106,0.894,0.215,0.750
1293,43.100,0.000,0.000,0.000,0.000,0,0,0,0.000,0.000,3,1,0.759,0,136.308,1626.647,0.533,0.311,0.765,0.545,0.432,0.708,0.082,0.918,0.215,0.750
1296,43.200,0.000,0.000,0.000,0.000,0,0,0,0.000,0.000,3,0,0.759,0,136.308,1626.647,0.500,0.311,0.959,0.711,0.520,0.829,0.098,0.902,0.204,0.750
1299,43.300,0.000,0.000,0.000,0.000,0,0,0,0.000,0.000,3,0,0.759,0,136.308,1626.647,0.467,0.311,0.712,0.535,0.567,1.228,0.075,0.925,0.206,0.750
1302,43.400,0.000,0.000,0.000,0.000,0,0,0,0.000,0.000,4,1,0.759,0,136.308,1626.647,0.433,0.311,1.476,0.901,0.611,0.236,0.126,0.874,0.196,0.750
1305,43.500,0.000,0.000,0.000,0.000,0,0,0,0.000,0.000,4,0,0.759,0,136.308,1626.647,0.400,0.311,2.715,0.964,0.644,0.343,0.161,0.839,0.218,0.750
1308,43.600,0.000,0.000,0.000,0.000,0,0,0,0.000,0.000,4,0,0.759,0,136.308,1626.647,0.367,0.311,1.647,0.952,0.622,0.710,0.136,0.864,0.189,0.750
1311,43.700,0.000,0.000,0.000,0.000,0,0,0,0.000,0.000,4,0,0.793,0,136.308,1626.647,0.333,0.311,0.703,0.703,0.684,0.127,0.068,0.932,0.178,0.750
1314,43.800,0.000,0.000,0.000,0.000,0,0,0,0.000,0.000,3,1,0.759,0,136.308,1626.647,0.300,0.311,0.439,0.208,0.689,0.050,0.054,0.946,0.202,0.750
1317,43.900,0.000,0.000,0.000,0.000,0,0,0,0.000,0.000,4,1,0.724,0,136.308,1626.647,0.267,0.311,0.687,0.753,0.710,3.016,0.075,0.925,0.166,0.750
1320,44.000,0.000,0.000,0.000,0.000,0,0,0,0.000,0.000,4,0,0.759,0,136.308,1626.647,0.233,0.311,0.629,0.107,0.763,2.536,0.075,0.925,0.206,0.750
1323,44.100,0.000,0.000,0.000,0.000,0,0,0,0.000,0.000,4,0,0.759,0,136.308,1626.647,0.200,0.311,0.654,0.875,0.742,0.590,0.080,0.920,0.149,0.750
1326,44.200,0.000,0.000,0.000,0.000,0,0,0,0.000,0.000,4,0,0.759,0,136.308,1626.647,0.167,0.311,1.817,0.935,0.719,0.642,0.134,0.866,0.170,0.750
1329,44.300,0.000,0.000,0.000,0.000,0,0,0,0.000,0.000,4,0,0.793,0,136.308,1626.647,0.133,0.311,1.435,0.887,0.596,1.326,0.129,0.871,0.160,0.750
1332,44.400,0.000,23.345,0.000,-15.281,1,0,1,0.000,1.403,4,0,0.793,3,136.308,1626.647,0.133,0.178,3.328,0.559,0.487,2.780,0.105,0.895,0.625,0.750
1335,44.500,0.000,57.271,0.000,33.926,1,0,1,0.000,1.482,4,0,0.793,3,136.308,1626.647,0.133,0.178,12.889,0.177,0.349,0.622,0.299,0.701,0.889,0.750
1338,44.600,0.000,49.649,0.000,-7.623,1,0,1,0.000,1.288,4,0,0.793,3,23.409,2512.709,0.133,0.178,1.410,0.569,1.811,1.361,0.068,0.932,0.696,0.700
1341,44.700,0.000,22.091,0.000,-27.558,1,0,1,0.000,1.378,3,1,0.759,2,48.600,3028.169,0.167,0.182,1.770,0.615,2.271,0.245,0.084,0.916,0.464,0.750
1344,44.800,0.000,10.198,0.000,-11.893,1,0,1,0.000,1.241,3,0,0.759,2,58.523,3869.227,0.200,0.182,1.422,0.831,2.535,0.586,0.074,0.926,0.378,0.700
1347,44.900,0.000,15.652,0.000,5.454,1,0,1,0.000,1.239,3,0,0.759,2,53.075,4286.605,0.233,0.186,1.304,0.726,2.672,0.050,0.072,0.928,0.417,0.700
1350,45.000,0.000,4.472,0.000,-11.180,1,0,1,0.000,1.106,3,0,0.759,2,3.606,4598.769,0.233,0.186,1.302,0.717,2.843,0.028,0.075,0.925,0.355,0.700
1353,45.100,0.000,6.083,0.000,1.611,1,0,1,0.000,0.975,3,0,0.759,2,3.606,4598.769,0.267,0.189,1.610,0.649,1.607,0.144,0.077,0.923,0.381,0.700
1356,45.200,0.000,3.162,0.000,-2.920,1,0,1,0.000,0.784,3,0,0.759,2,3.606,4598.769,0.300,0.189,1.592,0.812,1.873,0.180,0.077,0.923,0.357,0.700
1359,45.300,0.000,3.000,0.000,-0.162,1,0,1,0.000,0.633,3,0,0.759,2,3.606,4598.769,0.333,0.193,1.616,0.958,1.982,0.113,0.071,0.929,0.350,0.700
1362,45.400,0.000,4.472,0.000,1.472,1,0,1,0.000,0.685,3,0,0.759,2,16.031,4807.539,0.367,0.193,0.870,0.749,2.082,0.211,0.057,0.943,0.358,0.700
1365,45.500,0.000,5.000,0.000,0.528,1,0,1,0.000,0.855,3,0,0.793,1,16.031,4807.539,0.400,0.196,1.254,0.913,2.127,0.304,0.065,0.935,0.303,0.700
1368,45.600,0.000,5.000,0.000,0.000,1,0,1,0.000,1.038,3,0,0.793,1,16.031,4807.539,0.433,0.200,1.003,0.914,2.196,0.112,0.054,0.946,0.301,0.700
1371,45.700,0.000,4.123,0.000,-0.877,1,0,1,0.000,1.231,3,0,0.793,1,16.031,4807.539,0.467,0.204,0.913,0.838,2.318,0.438,0.056,0.944,0.303,0.700
1374,45.800,0.000,1.414,0.000,-2.709,1,0,1,0.000,1.218,3,0,0.828,1,16.031,4807.539,0.500,0.207,1.244,0.894,1.982,0.300,0.067,0.933,0.296,0.700
1377,45.900,0.000,5.099,0.000,3.685,1,0,1,0.000,1.174,3,0,0.828,2,16.031,4807.539,0.533,0.207,2.000,0.865,1.907,0.130,0.080,0.920,0.402,0.700
1380,46.000,0.000,3.606,0.000,-1.493,1,0,1,0.000,1.292,3,0,0.862,2,16.031,4807.539,0.567,0.211,2.067,0.893,1.092,0.161,0.080,0.920,0.397,0.580
1383,46.100,0.000,4.243,0.000,0.637,1,0,1,0.000,1.423,3,0,0.862,2,16.031,4807.539,0.600,0.214,2.318,0.872,0.210,0.277,0.081,0.919,0.412,0.580
1386,46.200,111.826,17.117,91.210,12.875,2,1,1,524.223,1.449,4,1,0.828,6,0.000,5277.787,0.633,0.211,5.303,0.696,0.206,0.011,0.098,0.902,0.940,0.750
1389,46.300,25.060,27.074,-86.766,9.957,2,1,1,567.786,1.227,4,0,0.862,6,39.000,5738.375,0.667,0.211,4.204,0.354,0.146,0.268,0.092,0.908,0.841,0.580
1392,46.400,23.259,29.000,-1.801,1.926,2,1,1,598.101,1.159,4,0,0.862,5,19.416,6228.310,0.700,0.207,4.880,0.448,0.100,0.359,0.098,0.902,0.866,0.580
1395,46.500,0.000,0.000,0.000,0.000,0,0,0,0.000,0.000,7,1,0.828,0,19.416,6228.310,0.700,0.207,10.549,0.089,0.015,0.343,0.386,0.614,0.448,0.750
1398,46.600,0.000,0.000,0.000,0.000,0,0,0,0.000,0.000,7,0,0.828,0,19.416,6228.310,0.700,0.207,1.660,0.230,0.224,0.094,0.083,0.917,0.279,0.580
1401,46.700,141.662,0.000,118.402,0.000,1,1,0,0.000,1.248,7,0,0.862,5,74.545,5587.468,0.733,0.204,1.663,0.574,0.226,0.093,0.065,0.935,0.768,0.650
1404,46.800,24.083,0.000,-117.578,0.000,1,1,0,0.000,1.265,7,0,0.897,4,0.000,5204.388,0.767,0.410,1.774,0.683,0.209,1.794,0.091,0.909,0.625,0.580
1407,46.900,55.145,0.000,31.062,0.000,1,1,0,0.000,1.243,7,0,0.897,5,40.262,4606.029,0.800,0.401,2.603,0.556,0.188,1.212,0.122,0.878,0.801,0.550
1410,47.000,40.706,0.000,-14.439,0.000,1,1,0,0.000,1.292,7,0,0.897,4,0.000,3988.418,0.833,0.401,4.958,0.590,0.224,0.418,0.159,0.841,0.812,0.550
1413,47.100,40.200,0.000,-0.507,0.000,1,1,0,0.000,1.406,4,1,0.862,2,0.000,3260.144,0.867,0.401,7.081,0.720,0.297,0.240,0.162,0.838,0.844,0.750
1416,47.200,19.105,0.000,-21.095,0.000,1,1,0,0.000,1.323,4,0,0.862,2,0.000,3010.769,0.900,0.401,5.904,0.713,0.431,0.861,0.151,0.849,0.702,0.580
1419,47.300,6.083,0.000,-13.022,0.000,1,1,0,0.000,1.458,4,0,0.862,2,0.000,2185.519,0.933,0.401,6.724,0.807,0.563,0.547,0.143,0.857,0.647,0.580
1422,47.400,28.460,0.000,22.378,0.000,1,1,0,0.000,1.512,5,1,0.828,2,0.000,1240.259,0.933,0.401,9.048,0.776,0.693,0.149,0.150,0.850,0.788,0.750
1425,47.500,38.626,0.000,10.166,0.000,1,1,0,0.000,1.136,5,0,0.828,2,0.000,1315.908,0.933,0.401,8.751,0.661,0.890,0.142,0.148,0.852,0.852,0.350
1428,47.600,54.781,0.000,16.155,0.000,1,1,0,0.000,0.783,5,0,0.862,1,0.000,1315.908,0.933,0.401,7.041,0.491,10.786,0.025,0.146,0.854,0.840,0.700
1431,47.700,0.000,568.740,0.000,539.740,1,0,1,0.000,1.110,4,1,0.828,1,0.000,1315.908,0.933,0.410,7.984,0.444,9.695,0.165,0.137,0.863,0.876,0.750
1434,47.800,93.301,0.000,38.519,0.000,1,1,0,0.000,0.672,4,0,0.828,1,0.000,1315.908,0.933,0.410,8.244,0.581,3.785,0.674,0.135,0.865,0.866,0.700
1437,47.900,58.078,0.000,-35.223,0.000,1,1,0,0.000,0.670,4,0,0.828,1,0.000,1315.908,0.933,0.419,8.772,0.701,3.336,0.868,0.128,0.872,0.858,0.700
1440,48.000,20.224,0.000,-37.854,0.000,1,1,0,0.000,0.558,5,0,0.828,4,250.140,3406.665,0.933,0.392,4.857,0.625,2.886,1.512,0.113,0.887,0.746,0.750
1443,48.100,18.974,0.000,-1.250,0.000,1,1,0,0.000,0.502,5,0,0.828,4,31.765,5764.245,0.933,0.382,4.139,0.757,1.218,1.497,0.110,0.890,0.712,0.580
1446,48.200,29.275,0.000,10.301,0.000,1,1,0,0.000,0.365,5,0,0.828,3,29.411,8346.200,0.933,0.373,3.193,0.777,1.284,0.142,0.093,0.907,0.708,0.550
1449,48.300,0.000,0.000,0.000,0.000,0,0,0,0.000,0.000,4,0,0.828,0,29.411,8346.200,0.900,0.373,2.068,0.356,1.324,2.579,0.084,0.916,0.305,0.650
1452,48.400,0.000,0.000,0.000,0.000,0,0,0,0.000,0.000,4,0,0.828,0,29.411,8346.200,0.867,0.373,0.853,0.139,1.330,0.298,0.059,0.941,0.286,0.580
1455,48.500,0.000,0.000,0.000,0.000,0,0,0,0.000,0.000,4,0,0.828,0,29.411,8346.200,0.833,0.373,2.351,0.907,1.263,0.646,0.091,0.909,0.265,0.580
1458,48.600,0.000,0.000,0.000,0.000,0,0,0,0.000,0.000,4,0,0.828,0,29.411,8346.200,0.800,0.373,2.822,0.930,1.086,0.315,0.091,0.909,0.271,0.580
1461,48.700,0.000,0.000,0.000,0.000,0,0,0,0.000,0.000,4,0,0.828,0,29.411,8346.200,0.767,0.373,3.002,0.970,0.769,0.232,0.115,0.885,0.269,0.580
1464,48.800,0.000,0.000,0.000,0.000,0,0,0,0.000,0.000,4,0,0.828,0,29.411,8346.200,0.733,0.373,0.816,0.809,0.573,0.237,0.053,0.947,0.222,0.580
1467,48.900,0.000,0.000,0.000,0.000,0,0,0,0.000,0.000,4,0,0.828,0,29.411,8346.200,0.700,0.373,1.303,0.888,0.273,2.199,0.078,0.922,0.224,0.580
1470,49.000,0.000,0.000,0.000,0.000,0,0,0,0.000,0.000,4,0,0.828,0,29.411,8346.200,0.667,0.373,1.098,0.949,0.112,0.195,0.064,0.936,0.211,0.580
1473,49.100,0.000,0.000,0.000,0.000,0,0,0,0.000,0.000,4,0,0.862,0,29.411,8346.200,0.633,0.373,1.287,0.789,0.454,2.056,0.083,0.917,0.223,0.580
1476,49.200,0.000,0.000,0.000,0.000,0,0,0,0.000,0.000,4,0,0.862,0,29.411,8346.200,0.600,0.373,2.238,0.704,0.725,0.855,0.097,0.903,0.249,0.580
1479,49.300,0.000,0.000,0.000,0.000,0,0,0,0.000,0.000,4,0,0.862,0,29.411,8346.200,0.567,0.373,1.415,0.359,0.909,1.558,0.067,0.933,0.248,0.580
1482,49.400,0.000,0.000,0.000,0.000,0,0,0,0.000,0.000,4,0,0.897,0,29.411,8346.200,0.533,0.373,1.867,0.500,1.153,0.859,0.079,0.921,0.246,0.580
1485,49.500,0.000,0.000,0.000,0.000,0,0,0,0.000,0.000,4,0,0.897,0,29.411,8346.200,0.533,0.373,1.730,0.521,1.375,0.436,0.077,0.923,0.241,0.580
1488,49.600,0.000,0.000,0.000,0.000,0,0,0,0.000,0.000,4,0,0.897,0,29.411,8346.200,0.533,0.373,2.028,0.824,1.432,0.502,0.109,0.891,0.227,0.700
1491,49.700,0.000,0.000,0.000,0.000,0,0,0,0.000,0.000,4,0,0.897,0,29.411,8346.200,0.500,0.373,2.710,0.785,1.670,0.403,0.116,0.884,0.243,0.700
1494,49.800,0.000,0.000,0.000,0.000,0,0,0,0.000,0.000,4,0,0.897,0,29.411,8346.200,0.467,0.373,2.257,0.538,1.840,0.192,0.123,0.877,0.245,0.700
1497,49.900,0.000,0.000,0.000,0.000,0,0,0,0.000,0.000,4,0,0.897,0,29.411,8346.200,0.433,0.373,1.261,0.647,1.872,3.106,0.093,0.907,0.208,0.700
1500,50.000,0.000,0.000,0.000,0.000,0,0,0,0.000,0.000,4,0,0.931,0,29.411,8346.200,0.400,0.373,1.753,0.662,1.654,0.004,0.114,0.886,0.216,0.700
1503,50.100,0.000,0.000,0.000,0.000,0,0,0,0.000,0.000,4,0,0.931,0,29.411,8346.200,0.367,0.373,1.477,0.751,1.507,0.051,0.103,0.897,0.198,0.700
1506,50.200,0.000,0.000,0.000,0.000,0,0,0,0.000,0.000,4,0,0.931,0,29.411,8346.200,0.333,0.373,1.452,0.869,1.393,0.018,0.110,0.890,0.185,0.580
1509,50.300,0.000,0.000,0.000,0.000,0,0,0,0.000,0.000,4,0,0.966,0,29.411,8346.200,0.300,0.373,3.637,0.670,1.327,0.054,0.114,0.886,0.250,0.580
1512,50.400,0.000,0.000,0.000,0.000,0,0,0,0.000,0.000,4,0,0.966,0,29.411,8346.200,0.267,0.373,1.207,0.817,1.046,0.638,0.082,0.918,0.175,0.580
1515,50.500,0.000,0.000,0.000,0.000,0,0,0,0.000,0.000,4,0,0.966,0,29.411,8346.200,0.233,0.373,1.642,0.625,0.901,2.274,0.086,0.914,0.195,0.580
1518,50.600,0.000,0.000,0.000,0.000,0,0,0,0.000,0.000,4,0,1.000,0,29.411,8346.200,0.200,0.373,3.327,0.567,0.747,2.895,0.101,0.899,0.237,0.580
1521,50.700,0.000,0.000,0.000,0.000,0,0,0,0.000,0.000,4,0,1.000,0,29.411,8346.200,0.167,0.373,2.671,0.552,0.570,0.519,0.095,0.905,0.218,0.580
1524,50.800,0.000,186.762,0.000,-381.978,1,0,1,0.000,1.058,4,0,1.000,1,29.411,8346.200,0.167,0.188,1.694,0.825,0.462,0.430,0.087,0.913,0.600,0.650
1527,50.900,0.000,13.601,0.000,-173.160,1,0,1,0.000,1.043,4,0,1.000,2,124.844,11878.638,0.167,0.192,1.680,0.918,0.317,0.322,0.093,0.907,0.463,0.694
1530,51.000,0.000,5.099,0.000,-8.502,1,0,1,0.000,1.079,3,1,0.966,1,124.844,11878.638,0.167,0.195,1.263,0.907,0.160,0.039,0.084,0.916,0.376,0.750
1533,51.100,0.000,0.000,0.000,0.000,0,0,0,0.000,0.000,4,1,0.931,0,124.844,11878.638,0.133,0.195,1.835,0.802,0.009,0.645,0.080,0.920,0.176,0.750
1536,51.200,0.000,0.000,0.000,0.000,0,0,0,0.000,0.000,4,0,0.931,0,124.844,11878.638,0.100,0.195,1.853,0.844,0.164,0.262,0.093,0.907,0.169,0.694
1539,51.300,0.000,0.000,0.000,0.000,0,0,0,0.000,0.000,4,0,0.931,0,124.844,11878.638,0.100,0.195,1.981,0.753,0.139,0.360,0.092,0.908,0.179,0.694
1542,51.400,0.000,0.000,0.000,0.000,0,0,0,0.000,0.000,4,0,0.931,0,124.844,11878.638,0.100,0.195,1.821,0.584,0.093,0.814,0.072,0.928,0.187,0.694
1545,51.500,0.000,0.000,0.000,0.000,0,0,0,0.000,0.000,4,0,0.931,0,124.844,11878.638,0.100,0.195,1.221,0.452,0.113,0.209,0.057,0.943,0.181,0.694
1548,51.600,0.000,0.000,0.000,0.000,0,0,0,0.000,0.000,4,0,0.931,0,124.844,11878.638,0.100,0.195,1.387,0.425,0.122,0.246,0.073,0.927,0.187,0.694
1551,51.700,0.000,0.000,0.000,0.000,0,0,0,0.000,0.000,4,0,0.931,0,124.844,11878.638,0.100,0.195,5.885,0.395,0.275,0.149,0.112,0.888,0.301,0.694
1554,51.800,0.000,95.885,0.000,90.786,1,0,1,0.000,1.096,4,0,0.931,2,124.844,11878.638,0.133,0.211,4.664,0.736,1.149,2.354,0.092,0.908,0.721,0.694
1557,51.900,0.000,0.000,0.000,0.000,0,0,0,0.000,0.000,5,1,0.897,0,124.844,11878.638,0.133,0.211,4.172,0.337,0.680,0.548,0.077,0.923,0.267,0.750
1560,52.000,0.000,0.000,0.000,0.000,0,0,0,0.000,0.000,5,0,0.897,0,124.844,11878.638,0.133,0.211,5.504,0.167,0.986,2.681,0.092,0.908,0.312,0.694
1563,52.100,0.000,0.000,0.000,0.000,0,0,0,0.000,0.000,5,0,0.897,0,124.844,11878.638,0.133,0.211,5.185,0.623,1.381,2.960,0.143,0.857,0.272,0.694
1566,52.200,0.000,0.000,0.000,0.000,0,0,0,0.000,0.000,4,1,0.862,0,124.844,11878.638,0.133,0.211,4.290,0.652,1.213,0.750,0.129,0.871,0.248,0.750
1569,52.300,0.000,0.000,0.000,0.000,0,0,0,0.000,0.000,4,0,0.862,0,124.844,11878.638,0.133,0.211,5.427,0.752,1.293,0.235,0.130,0.870,0.269,0.694
1572,52.400,0.000,0.000,0.000,0.000,0,0,0,0.000,0.000,4,0,0.862,0,124.844,11878.638,0.133,0.211,10.201,0.188,1.640,1.272,0.487,0.513,0.373,0.737
1575,52.500,0.000,0.000,0.000,0.000,0,0,0,0.000,0.000,8,1,0.828,0,124.844,11878.638,0.133,0.211,1.073,0.775,2.442,2.978,0.095,0.905,0.159,0.750
1578,52.600,0.000,0.000,0.000,0.000,0,0,0,0.000,0.000,8,0,0.828,0,124.844,11878.638,0.133,0.211,1.256,0.843,2.393,0.237,0.102,0.898,0.158,0.700
1581,52.700,0.000,0.000,0.000,0.000,0,0,0,0.000,0.000,8,0,0.828,0,124.844,11878.638,0.133,0.211,1.891,0.893,2.354,0.072,0.113,0.887,0.171,0.700
1584,52.800,0.000,0.000,0.000,0.000,0,0,0,0.000,0.000,6,0,0.828,0,124.844,11878.638,0.133,0.211,1.453,0.884,2.521,0.067,0.106,0.894,0.160,0.700
1587,52.900,0.000,0.000,0.000,0.000,0,0,0,0.000,0.000,6,0,0.828,0,124.844,11878.638,0.133,0.211,0.961,0.528,2.515,0.206,0.055,0.945,0.173,0.700
1590,53.000,0.000,0.000,0.000,0.000,0,0,0,0.000,0.000,6,0,0.828,0,124.844,11878.638,0.133,0.211,1.274,0.781,2.455,0.114,0.097,0.903,0.163,0.700
1593,53.100,0.000,0.000,0.000,0.000,0,0,0,0.000,0.000,8,0,0.828,0,124.844,11878.638,0.133,0.211,1.373,0.804,2.431,0.007,0.097,0.903,0.164,0.700
1596,53.200,0.000,0.000,0.000,0.000,0,0,0,0.000,0.000,8,0,0.828,0,124.844,11878.638,0.133,0.211,0.992,0.706,2.424,0.067,0.080,0.920,0.161,0.700
1599,53.300,0.000,0.000,0.000,0.000,0,0,0,0.000,0.000,8,0,0.828,0,124.844,11878.638,0.133,0.211,0.653,0.592,0.916,0.727,0.062,0.938,0.161,0.694
1602,53.400,0.000,0.000,0.000,0.000,0,0,0,0.000,0.000,7,0,0.828,0,124.844,11878.638,0.133,0.211,2.684,0.569,0.588,2.851,0.077,0.923,0.213,0.694
1605,53.500,0.000,0.000,0.000,0.000,0,0,0,0.000,0.000,7,0,0.828,0,124.844,11878.638,0.133,0.211,2.762,0.500,0.349,0.044,0.080,0.920,0.220,0.694
1608,53.600,0.000,0.000,0.000,0.000,0,0,0,0.000,0.000,7,0,0.828,0,124.844,11878.638,0.133,0.211,3.018,0.732,0.022,0.133,0.077,0.923,0.210,0.694
1611,53.700,0.000,0.000,0.000,0.000,0,0,0,0.000,0.000,7,0,0.828,0,124.844,11878.638,0.133,0.211,1.868,0.589,0.142,0.811,0.079,0.921,0.191,0.694
1614,53.800,0.000,243.526,0.000,147.641,1,0,1,0.000,1.218,7,0,0.828,4,408.256,11914.074,0.133,0.230,1.006,0.251,0.299,2.330,0.059,0.941,0.676,0.750
1617,53.900,223.365,0.000,194.091,0.000,1,1,0,0.000,0.447,7,0,0.862,4,408.256,11914.074,0.133,0.230,0.795,0.523,0.598,0.572,0.061,0.939,0.652,0.750
1620,54.000,6.403,0.000,-216.962,0.000,1,1,0,0.000,0.561,9,0,0.897,5,32.450,11782.255,0.133,0.225,0.483,0.365,0.927,0.384,0.037,0.963,0.438,0.580
1623,54.100,17.088,0.000,10.685,0.000,1,1,0,0.000,0.600,9,0,0.897,5,52.498,11288.630,0.167,0.225,0.656,0.704,0.933,1.800,0.055,0.945,0.482,0.580
1626,54.200,0.000,0.000,0.000,0.000,0,0,0,0.000,0.000,9,0,0.897,0,52.498,11288.630,0.167,0.225,1.037,0.324,0.921,0.651,0.053,0.947,0.193,0.650
1629,54.300,0.000,0.000,0.000,0.000,0,0,0,0.000,0.000,8,0,0.897,0,52.498,11288.630,0.167,0.225,1.053,0.568,0.945,3.126,0.073,0.927,0.177,0.580
1632,54.400,0.000,0.000,0.000,0.000,0,0,0,0.000,0.000,8,0,0.897,0,52.498,11288.630,0.167,0.225,0.811,0.791,0.931,0.296,0.065,0.935,0.155,0.580
1635,54.500,0.000,0.000,0.000,0.000,0,0,0,0.000,0.000,8,0,0.897,0,52.498,11288.630,0.167,0.225,0.629,0.384,0.894,2.618,0.046,0.954,0.179,0.580
1638,54.600,0.000,0.000,0.000,0.000,0,0,0,0.000,0.000,6,0,0.897,0,52.498,11288.630,0.167,0.225,1.078,0.805,0.913,2.803,0.085,0.915,0.161,0.580
1641,54.700,0.000,0.000,0.000,0.000,0,0,0,0.000,0.000,6,0,0.897,0,52.498,11288.630,0.167,0.225,1.233,0.894,0.920,0.636,0.090,0.910,0.158,0.580
1644,54.800,0.000,0.000,0.000,0.000,0,0,0,0.000,0.000,6,0,0.931,0,52.498,11288.630,0.133,0.225,1.083,0.847,0.784,0.021,0.086,0.914,0.154,0.580
1647,54.900,0.000,0.000,0.000,0.000,0,0,0,0.000,0.000,5,0,0.931,0,52.498,11288.630,0.133,0.225,0.489,0.339,0.654,2.271,0.042,0.958,0.174,0.580
1650,55.000,0.000,0.000,0.000,0.000,0,0,0,0.000,0.000,5,0,0.931,0,52.498,11288.630,0.133,0.225,0.894,0.765,0.676,1.423,0.073,0.927,0.155,0.580
1653,55.100,0.000,0.000,0.000,0.000,0,0,0,0.000,0.000,5,0,0.966,0,52.498,11288.630,0.133,0.225,0.748,0.627,0.678,0.220,0.065,0.935,0.161,0.580
1656,55.200,0.000,0.000,0.000,0.000,0,0,0,0.000,0.000,5,0,0.966,0,52.498,11288.630,0.133,0.225,0.682,0.754,0.704,0.208,0.063,0.937,0.150,0.580
1659,55.300,0.000,0.000,0.000,0.000,0,0,0,0.000,0.000,5,0,0.966,0,52.498,11288.630,0.133,0.225,0.924,0.512,0.680,1.354,0.072,0.928,0.173,0.580
1662,55.400,0.000,0.000,0.000,0.000,0,0,0,0.000,0.000,5,0,1.000,0,52.498,11288.630,0.133,0.225,1.759,0.809,0.587,0.553,0.111,0.889,0.173,0.580
1665,55.500,0.000,0.000,0.000,0.000,0,0,0,0.000,0.000,5,1,0.966,0,52.498,11288.630,0.133,0.225,1.568,0.770,0.874,0.191,0.108,0.892,0.171,0.750
1668,55.600,0.000,0.000,0.000,0.000,0,0,0,0.000,0.000,5,0,0.966,0,52.498,11288.630,0.133,0.225,1.542,0.833,0.683,0.451,0.104,0.896,0.166,0.580
1671,55.700,0.000,11.045,0.000,-232.481,1,0,1,0.000,1.394,5,0,0.966,4,127.883,10467.887,0.167,0.242,1.658,0.881,0.534,1.031,0.104,0.896,0.505,0.710
1674,55.800,0.000,12.207,0.000,1.161,1,0,1,0.000,1.594,4,0,0.966,3,18.385,9939.664,0.200,0.242,1.246,0.665,0.411,0.575,0.080,0.920,0.511,0.580
1677,55.900,0.000,6.083,0.000,2.477,2,0,1,6.083,1.772,4,0,0.966,6,58.138,8078.008,0.233,0.240,1.409,0.921,0.359,0.374,0.118,0.882,0.563,0.650
1680,56.000,0.000,4.243,0.000,-1.840,1,0,1,0.000,1.832,3,1,0.931,2,6.325,7696.644,0.267,0.240,0.843,0.848,0.294,0.098,0.086,0.914,0.437,0.750
1683,56.100,39.446,0.000,22.358,0.000,1,1,0,0.000,0.967,5,1,0.897,4,24.352,7541.550,0.300,0.238,1.832,0.908,0.216,0.033,0.103,0.897,0.681,0.750
1686,56.200,13.601,0.000,-25.845,0.000,1,1,0,0.000,1.260,5,0,0.897,4,57.009,6565.585,0.333,0.233,0.919,0.597,0.131,0.127,0.076,0.924,0.541,0.580
1689,56.300,0.000,18.028,0.000,13.785,1,0,1,0.000,1.869,5,0,0.897,4,43.600,3898.007,0.367,0.231,0.700,0.796,0.177,0.381,0.070,0.930,0.550,0.580
1692,56.400,7.211,0.000,-6.390,0.000,1,1,0,0.000,1.635,4,1,0.862,3,7.810,640.319,0.400,0.231,0.616,0.591,0.248,1.046,0.060,0.940,0.497,0.750
1695,56.500,7.211,0.000,0.000,0.000,1,1,0,0.000,1.920,5,1,0.828,4,9.899,618.339,0.433,0.231,0.718,0.374,0.059,1.704,0.048,0.952,0.528,0.750
1698,56.600,0.000,14.560,0.000,-3.468,1,0,1,0.000,1.789,5,0,0.828,4,0.000,595.519,0.467,0.222,1.616,0.471,0.112,2.073,0.087,0.913,0.588,0.580
1701,56.700,0.000,9.000,0.000,-5.560,1,0,1,0.000,1.745,4,1,0.793,3,17.205,608.155,0.500,0.203,1.890,0.830,0.833,1.825,0.125,0.875,0.534,0.750
1704,56.800,15.133,0.000,7.922,0.000,1,1,0,0.000,1.803,4,0,0.793,3,85.235,690.869,0.500,0.197,0.858,0.845,1.959,0.033,0.073,0.927,0.541,0.700
1707,56.900,0.000,28.071,0.000,19.071,1,0,1,0.000,1.733,4,0,0.793,3,0.000,458.404,0.500,0.197,2.216,0.809,1.991,0.666,0.100,0.900,0.650,0.700
1710,57.000,0.000,0.000,0.000,0.000,0,0,0,0.000,0.000,5,1,0.759,0,0.000,458.404,0.467,0.197,4.038,0.770,1.276,0.111,0.121,0.879,0.273,0.750
1713,57.100,0.000,0.000,0.000,0.000,0,0,0,0.000,0.000,5,0,0.759,0,0.000,458.404,0.433,0.197,2.708,0.502,1.479,0.273,0.084,0.916,0.255,0.700
1716,57.200,0.000,0.000,0.000,0.000,0,0,0,0.000,0.000,5,0,0.759,0,0.000,458.404,0.433,0.197,2.362,0.809,1.465,0.098,0.113,0.887,0.224,0.700
1719,57.300,0.000,0.000,0.000,0.000,0,0,0,0.000,0.000,4,1,0.724,0,0.000,458.404,0.433,0.197,2.317,0.806,1.354,0.389,0.117,0.883,0.223,0.750
1722,57.400,0.000,0.000,0.000,0.000,0,0,0,0.000,0.000,4,0,0.724,0,0.000,458.404,0.433,0.197,2.682,0.628,1.497,1.142,0.107,0.893,0.245,0.700
1725,57.500,0.000,0.000,0.000,0.000,0,0,0,0.000,0.000,4,0,0.724,0,0.000,458.404,0.433,0.197,2.575,0.810,1.613,1.624,0.143,0.857,0.230,0.700
1728,57.600,0.000,0.000,0.000,0.000,0,0,0,0.000,0.000,5,1,0.690,0,0.000,458.404,0.433,0.197,2.694,0.902,1.950,0.075,0.187,0.813,0.226,0.750
1731,57.700,0.000,0.000,0.000,0.000,0,0,0,0.000,0.000,5,0,0.690,0,0.000,458.404,0.433,0.197,4.481,0.922,1.792,0.281,0.215,0.785,0.269,0.700
1734,57.800,0.000,0.000,0.000,0.000,0,0,0,0.000,0.000,5,0,0.690,0,0.000,458.404,0.433,0.197,8.545,0.970,2.392,0.628,0.225,0.775,0.354,0.700
1737,57.900,0.000,0.000,0.000,0.000,0,0,0,0.000,0.000,4,1,0.655,0,0.000,458.404,0.433,0.197,13.499,0.167,3.575,2.538,0.296,0.704,0.410,0.750
1740,58.000,263.372,0.000,248.240,0.000,1,1,0,0.000,1.847,4,0,0.655,3,260.762,1908.270,0.467,0.215,0.836,0.234,5.707,1.003,0.061,0.939,0.746,0.750
1743,58.100,5.000,0.000,-258.372,0.000,1,1,0,0.000,2.032,4,0,0.655,3,26.627,2949.975,0.500,0.219,0.834,0.623,5.625,0.632,0.084,0.916,0.500,0.700
1746,58.200,113.217,0.000,108.217,0.000,1,1,0,0.000,2.211,5,0,0.655,4,143.224,5886.005,0.533,0.219,1.020,0.821,5.354,1.248,0.105,0.895,0.726,0.750
1749,58.300,22.672,0.000,-90.545,0.000,1,1,0,0.000,2.049,5,0,0.655,4,172.003,8033.394,0.567,0.233,1.048,0.247,4.938,1.821,0.076,0.924,0.647,0.750
1752,58.400,83.630,0.000,73.630,0.000,2,1,0,83.630,1.908,5,0,0.690,6,62.610,8706.487,0.600,0.226,1.163,0.891,4.933,0.710,0.116,0.884,0.819,0.700
1755,58.500,103.730,0.000,29.454,0.000,2,1,0,103.730,2.261,5,0,0.690,6,23.854,8391.427,0.633,0.226,1.399,0.867,4.266,0.268,0.131,0.869,0.830,0.700
1758,58.600,9.487,361.122,-94.244,333.051,2,1,1,116.726,2.157,5,0,0.690,6,98.843,8083.640,0.667,0.219,1.194,0.816,2.073,0.028,0.126,0.874,0.833,0.700
1761,58.700,110.345,0.000,-1.602,0.000,2,1,0,110.345,2.363,5,0,0.690,6,110.345,6120.490,0.667,0.219,1.028,0.426,1.745,0.490,0.054,0.946,0.856,0.700
1764,58.800,106.668,0.000,-18.332,0.000,2,1,0,106.668,2.538,4,0,0.690,6,97.990,2665.814,0.667,0.212,2.671,0.937,1.554,1.990,0.153,0.847,0.861,0.700
1767,58.900,13.038,38.484,-93.629,-322.638,2,1,1,103.233,2.630,4,0,0.724,6,42.012,2901.567,0.667,0.212,1.401,0.558,1.483,0.439,0.074,0.926,0.820,0.700
1770,59.000,112.610,0.000,7.610,0.000,2,1,0,112.610,2.349,4,0,0.759,6,78.313,2276.779,0.667,0.205,1.709,0.683,1.259,2.465,0.106,0.894,0.855,0.550
1773,59.100,125.176,0.000,12.561,0.000,2,1,0,125.176,2.684,4,0,0.759,6,90.427,2591.224,0.667,0.324,2.094,0.602,1.092,1.122,0.112,0.888,0.870,0.502
1776,59.200,125.399,0.000,3.646,0.000,2,1,0,125.399,2.681,4,0,0.759,6,95.079,2674.800,0.667,0.311,1.861,0.738,0.966,2.352,0.133,0.867,0.855,0.550
1779,59.300,13.153,0.000,-112.246,0.000,1,1,0,0.000,2.403,4,0,0.793,3,100.464,2570.888,0.667,0.311,1.642,0.766,0.468,0.143,0.132,0.868,0.576,0.650
1782,59.400,7.071,0.000,-6.082,0.000,1,1,0,0.000,2.106,4,0,0.828,3,118.680,2446.690,0.667,0.311,1.691,0.810,0.245,0.029,0.136,0.864,0.540,0.659
1785,59.500,9.220,0.000,2.148,0.000,1,1,0,0.000,2.122,4,0,0.828,3,116.662,2079.668,0.667,0.324,1.180,0.673,0.656,0.007,0.107,0.893,0.549,0.648
1788,59.600,9.899,0.000,0.680,0.000,1,1,0,0.000,1.750,4,0,0.862,3,0.000,2338.739,0.667,0.324,1.209,0.674,0.653,2.759,0.098,0.902,0.553,0.580
1791,59.700,7.211,0.000,-2.688,0.000,1,1,0,0.000,1.390,4,0,0.862,3,106.480,2449.510,0.667,0.336,1.365,0.766,0.622,2.069,0.111,0.889,0.536,0.592
1794,59.800,5.657,0.000,-1.554,0.000,1,1,0,0.000,1.040,4,0,0.862,3,98.955,2042.578,0.667,0.336,1.133,0.760,0.590,0.419,0.103,0.897,0.522,0.580
1797,59.900,7.000,0.000,1.343,0.000,1,1,0,0.000,0.753,3,1,0.862,2,0.000,1491.497,0.667,0.347,0.840,0.642,0.594,1.857,0.091,0.909,0.515,0.750
1800,60.000,3.606,0.000,-3.394,0.000,1,1,0,0.000,0.693,3,0,0.862,2,0.000,1302.938,0.700,0.358,0.418,0.635,0.573,0.254,0.065,0.935,0.490,0.580
1803,60.100,1.000,0.000,-2.606,0.000,1,1,0,0.000,0.854,3,0,0.862,2,0.000,1083.169,0.733,0.358,0.406,0.401,0.534,0.390,0.060,0.940,0.496,0.580
1806,60.200,1.414,0.000,0.414,0.000,1,1,0,0.000,1.147,3,0,0.897,2,7.280,795.774,0.767,0.369,0.360,0.234,0.514,0.694,0.046,0.954,0.513,0.580
1809,60.300,1.000,0.000,-0.414,0.000,1,1,0,0.000,1.335,3,0,0.897,2,0.000,793.609,0.800,0.379,0.333,0.744,0.496,1.436,0.047,0.953,0.478,0.580
1812,60.400,5.000,0.000,4.000,0.000,1,1,0,0.000,1.602,3,0,0.897,2,0.000,511.914,0.833,0.379,0.454,0.393,0.549,1.094,0.050,0.950,0.532,0.580
1815,60.500,3.162,0.000,-1.838,0.000,1,1,0,0.000,1.930,4,1,0.897,3,9.849,486.080,0.867,0.389,0.521,0.799,0.539,1.811,0.063,0.937,0.514,0.750
1818,60.600,2.828,0.000,-0.334,0.000,1,1,0,0.000,1.963,4,1,0.862,3,0.000,251.955,0.900,0.389,0.392,0.157,0.543,0.071,0.046,0.954,0.558,0.750
1821,60.700,5.385,0.000,2.557,0.000,1,1,0,0.000,1.916,5,1,0.828,4,0.000,28.339,0.933,0.399,0.663,0.250,0.563,0.585,0.061,0.939,0.585,0.750
1824,60.800,1.000,0.000,-4.385,0.000,1,1,0,0.000,1.644,5,0,0.862,3,0.000,24.094,0.967,0.399,0.709,0.513,0.539,0.649,0.079,0.921,0.511,0.580
1827,60.900,1.414,0.000,0.414,0.000,1,1,0,0.000,1.669,3,1,0.828,2,0.000,22.689,1.000,0.408,0.683,0.776,0.474,0.436,0.085,0.915,0.511,0.750
1830,61.000,2.000,0.000,0.586,0.000,1,1,0,0.000,1.473,3,0,0.828,2,0.000,20.714,1.000,0.417,0.710,0.915,1.472,0.370,0.086,0.914,0.505,0.700
1833,61.100,1.000,0.000,-1.000,0.000,1,1,0,0.000,1.178,3,0,0.828,2,0.000,20.904,1.000,0.417,0.621,0.911,1.652,0.232,0.075,0.925,0.497,0.700
1836,61.200,0.000,0.000,-1.000,0.000,1,1,0,0.000,1.030,3,0,0.828,2,0.000,18.857,1.000,0.426,0.587,0.933,1.886,1.232,0.071,0.929,0.489,0.700
1839,61.300,4.123,0.000,4.123,0.000,1,1,0,0.000,0.732,3,0,0.828,2,0.000,17.387,1.000,0.435,0.517,0.888,2.128,0.370,0.067,0.933,0.514,0.700
1842,61.400,1.414,0.000,-2.709,0.000,1,1,0,0.000,0.826,4,1,0.793,2,0.000,15.710,1.000,0.435,0.706,0.744,2.265,0.322,0.079,0.921,0.483,0.750
1845,61.500,5.099,0.000,3.685,0.000,1,1,0,0.000,0.857,5,1,0.759,4,30.414,60.404,1.000,0.444,0.370,0.625,2.114,2.645,0.041,0.959,0.558,0.750
1848,61.600,5.000,0.000,-0.099,0.000,1,1,0,0.000,1.195,5,0,0.759,4,3.162,65.229,1.000,0.435,0.700,0.452,1.699,1.100,0.073,0.927,0.578,0.700
1851,61.700,3.162,0.000,-1.838,0.000,1,1,0,0.000,1.011,5,0,0.759,4,78.262,264.944,1.000,0.435,1.268,0.354,1.409,1.472,0.088,0.912,0.589,0.700
1854,61.800,1.000,0.000,-2.162,0.000,1,1,0,0.000,1.195,4,1,0.724,3,3.162,260.130,1.000,0.435,1.061,0.425,1.135,0.489,0.051,0.949,0.557,0.750
1857,61.900,9.220,0.000,8.220,0.000,1,1,0,0.000,1.494,4,0,0.724,3,3.162,260.130,1.000,0.435,1.045,0.392,0.903,1.537,0.065,0.935,0.605,0.580
1860,62.000,5.000,0.000,-4.220,0.000,1,1,0,0.000,1.311,3,1,0.690,2,3.162,260.130,1.000,0.435,0.747,0.673,0.693,0.034,0.084,0.916,0.539,0.750
1863,62.100,0.000,160.078,0.000,121.594,1,0,1,0.000,1.745,2,1,0.655,1,3.162,260.130,1.000,0.444,0.675,0.666,0.539,0.887,0.054,0.946,0.630,0.750
1866,62.200,0.000,3.606,0.000,-156.473,1,0,1,0.000,2.016,3,1,0.621,2,83.630,447.814,1.000,0.444,0.510,0.589,0.344,0.139,0.046,0.954,0.432,0.750
1869,62.300,0.000,4.123,0.000,0.518,1,0,1,0.000,1.887,3,0,0.621,1,83.630,447.814,1.000,0.453,1.324,0.800,0.241,2.551,0.112,0.888,0.380,0.580
1872,62.400,0.000,10.050,0.000,5.927,1,0,1,0.000,1.993,4,1,0.586,2,83.630,447.814,1.000,0.453,2.196,0.909,0.024,0.056,0.136,0.864,0.557,0.750
1875,62.500,0.000,12.042,0.000,1.992,1,0,1,0.000,2.146,4,0,0.586,3,91.924,603.984,1.000,0.444,2.168,0.924,0.463,0.243,0.138,0.862,0.611,0.580
1878,62.600,0.000,10.440,0.000,-1.601,1,0,1,0.000,2.086,4,0,0.586,3,90.874,713.988,1.000,0.444,0.987,0.645,0.903,1.200,0.082,0.918,0.593,0.580
1881,62.700,12.166,0.000,7.166,0.000,1,1,0,0.000,1.364,3,1,0.552,2,4.123,697.445,1.000,0.444,1.945,0.735,1.233,0.944,0.123,0.877,0.505,0.750
1884,62.800,4.472,0.000,-7.693,0.000,1,1,0,0.000,1.395,3,0,0.586,2,92.590,824.169,1.000,0.444,1.316,0.815,2.373,0.050,0.097,0.903,0.441,0.700
1887,62.900,3.606,0.000,-0.867,0.000,1,1,0,0.000,1.502,3,0,0.586,2,13.454,934.919,1.000,0.444,1.178,0.671,3.959,2.275,0.091,0.909,0.443,0.700
1890,63.000,0.000,12.042,0.000,1.601,1,0,1,0.000,1.846,4,1,0.552,3,102.728,1019.575,1.000,0.444,1.459,0.867,4.694,0.309,0.116,0.884,0.598,0.750
1893,63.100,3.606,0.000,0.000,0.000,1,1,0,0.000,1.397,4,0,0.552,3,90.758,1076.520,1.000,0.453,1.405,0.498,5.132,0.732,0.060,0.940,0.575,0.700
1896,63.200,11.402,0.000,7.796,0.000,1,1,0,0.000,1.477,4,0,0.552,3,91.236,1081.930,1.000,0.453,1.194,0.689,5.290,2.116,0.093,0.907,0.600,0.700
1899,63.300,3.162,0.000,-8.239,0.000,1,1,0,0.000,1.364,3,1,0.517,2,5.831,1055.399,1.000,0.453,0.585,0.582,3.074,1.006,0.054,0.946,0.531,0.750
1902,63.400,6.000,0.000,2.838,0.000,1,1,0,0.000,1.492,4,1,0.517,3,99.960,1105.000,1.000,0.444,0.977,0.687,2.556,1.281,0.074,0.926,0.565,0.750
1905,63.500,8.544,0.000,2.544,0.000,1,1,0,0.000,1.813,4,0,0.552,3,4.000,1106.537,1.000,0.444,1.403,0.847,2.255,1.447,0.114,0.886,0.578,0.700
1908,63.600,5.385,0.000,-3.159,0.000,1,1,0,0.000,1.986,4,0,0.586,3,17.720,1086.955,1.000,0.435,2.169,0.808,2.424,0.916,0.119,0.881,0.583,0.700
1911,63.700,4.243,0.000,-1.143,0.000,1,1,0,0.000,1.877,4,0,0.586,3,103.392,1141.764,1.000,0.435,1.135,0.696,2.973,0.348,0.084,0.916,0.558,0.700
1914,63.800,2.236,0.000,-2.007,0.000,1,1,0,0.000,1.853,4,0,0.621,3,104.235,1192.619,1.000,0.435,1.589,0.875,3.115,0.274,0.100,0.900,0.546,0.700
1917,63.900,10.296,0.000,8.060,0.000,1,1,0,0.000,1.662,5,1,0.586,4,0.000,1161.844,1.000,0.435,1.785,0.855,2.514,0.361,0.102,0.898,0.606,0.750
1920,64.000,18.385,0.000,8.089,0.000,1,1,0,0.000,1.636,5,0,0.586,4,92.763,1209.899,1.000,0.435,1.810,0.766,1.237,2.068,0.111,0.889,0.658,0.550
1923,64.100,0.000,0.000,0.000,0.000,0,0,0,0.000,0.000,5,0,0.586,0,92.763,1209.899,0.967,0.435,2.444,0.644,0.785,0.244,0.111,0.889,0.302,0.650
1926,64.200,0.000,0.000,0.000,0.000,0,0,0,0.000,0.000,4,1,0.552,0,92.763,1209.899,0.933,0.435,3.077,0.843,0.931,0.091,0.159,0.841,0.300,0.750
1929,64.300,0.000,0.000,0.000,0.000,0,0,0,0.000,0.000,4,0,0.586,0,92.763,1209.899,0.900,0.435,6.620,0.924,0.845,0.060,0.201,0.799,0.379,0.580
1932,64.400,161.722,0.000,143.337,0.000,1,1,0,0.000,1.867,4,0,0.621,3,0.000,1955.479,0.900,0.388,13.428,0.287,1.409,1.524,0.241,0.759,0.973,0.700
1935,64.500,0.000,156.975,0.000,144.933,1,0,1,0.000,1.992,4,0,0.621,3,61.685,2144.974,0.900,0.388,0.764,0.827,2.876,0.082,0.039,0.961,0.754,0.700
1938,64.600,8.000,0.000,-153.722,0.000,1,1,0,0.000,1.818,4,0,0.621,3,53.000,2188.690,0.900,0.379,1.254,0.563,2.866,2.946,0.045,0.955,0.579,0.700
1941,64.700,0.000,10.198,0.000,-146.776,1,0,1,0.000,2.082,3,1,0.621,2,57.009,2135.638,0.900,0.379,0.730,0.870,2.865,3.069,0.058,0.942,0.542,0.750
1944,64.800,7.071,0.000,-0.929,0.000,1,1,0,0.000,1.765,4,1,0.586,3,72.567,2256.975,0.900,0.370,0.952,0.715,2.809,0.336,0.050,0.950,0.556,0.750
1947,64.900,6.325,0.000,-0.747,0.000,1,1,0,0.000,1.514,4,0,0.621,3,63.063,1918.897,0.900,0.370,1.016,0.902,2.766,0.352,0.044,0.956,0.540,0.700
1950,65.000,6.000,0.000,-0.325,0.000,1,1,0,0.000,1.815,4,0,0.655,3,65.123,1494.794,0.900,0.370,0.691,0.685,2.769,1.678,0.036,0.964,0.546,0.700
1953,65.100,0.000,3.000,0.000,-7.198,1,0,1,0.000,2.061,3,1,0.655,2,59.034,1446.394,0.900,0.370,0.566,0.705,2.678,0.895,0.040,0.960,0.509,0.750
1956,65.200,2.236,0.000,-3.764,0.000,1,1,0,0.000,1.798,4,1,0.621,3,71.386,695.119,0.900,0.370,0.855,0.672,2.194,0.973,0.039,0.961,0.530,0.750
1959,65.300,0.000,4.123,0.000,1.123,1,0,1,0.000,1.852,4,0,0.655,3,53.852,516.444,0.900,0.370,1.135,0.369,2.297,2.705,0.062,0.938,0.568,0.700
1962,65.400,0.000,9.849,0.000,5.726,1,0,1,0.000,2.008,4,0,0.655,3,62.201,487.688,0.900,0.370,1.188,0.824,2.191,1.902,0.061,0.939,0.570,0.700
1965,65.500,4.123,0.000,1.887,0.000,1,1,0,0.000,1.900,4,0,0.655,3,58.034,483.694,0.900,0.370,1.231,0.898,2.333,0.259,0.064,0.936,0.534,0.700
1968,65.600,1.414,0.000,-2.709,0.000,1,1,0,0.000,2.014,4,0,0.690,3,77.104,525.169,0.900,0.361,0.853,0.562,2.488,0.413,0.048,0.952,0.533,0.700
1971,65.700,6.708,0.000,5.294,0.000,1,1,0,0.000,1.701,4,0,0.690,3,64.288,536.120,0.900,0.361,0.879,0.662,1.723,0.833,0.052,0.948,0.556,0.700
1974,65.800,0.000,4.243,0.000,-5.606,1,0,1,0.000,1.845,4,0,0.690,3,53.235,506.710,0.900,0.361,1.244,0.906,0.956,1.728,0.064,0.936,0.534,0.580
1977,65.900,0.000,5.831,0.000,1.588,1,0,1,0.000,1.883,4,0,0.724,3,53.009,494.584,0.900,0.361,0.989,0.763,0.098,0.260,0.051,0.949,0.547,0.580
1980,66.000,10.440,0.000,3.732,0.000,1,1,0,0.000,1.768,4,0,0.724,3,65.115,495.238,0.900,0.361,0.765,0.381,0.562,1.727,0.050,0.950,0.593,0.580
1983,66.100,0.000,6.000,0.000,0.169,1,0,1,0.000,2.081,4,0,0.724,2,61.188,496.189,0.900,0.370,0.761,0.832,0.543,0.151,0.044,0.956,0.492,0.580
1986,66.200,4.243,0.000,-6.198,0.000,1,1,0,0.000,1.805,4,0,0.759,2,64.938,485.170,0.900,0.370,0.822,0.653,0.550,1.156,0.045,0.955,0.496,0.580
1989,66.300,5.000,0.000,0.757,0.000,1,1,0,0.000,2.041,4,0,0.793,3,68.593,505.619,0.900,0.370,1.078,0.723,0.535,2.404,0.040,0.960,0.547,0.580
1992,66.400,10.000,0.000,5.000,0.000,1,1,0,0.000,1.769,4,0,0.793,3,74.007,527.719,0.900,0.379,1.660,0.559,0.543,0.352,0.042,0.958,0.601,0.350
1995,66.500,16.000,0.000,6.000,0.000,1,1,0,0.000,1.631,4,0,0.793,3,76.164,578.340,0.900,0.426,1.409,0.003,0.531,2.719,0.038,0.962,0.667,0.550
1998,66.600,9.434,0.000,-6.566,0.000,1,1,0,0.000,1.649,4,0,0.793,3,75.611,605.287,0.900,0.426,1.407,0.431,0.497,0.047,0.045,0.955,0.600,0.580
2001,66.700,21.401,0.000,11.967,0.000,1,1,0,0.000,1.476,4,0,0.793,3,74.967,636.569,0.900,0.426,2.900,0.721,0.441,0.878,0.050,0.950,0.684,0.350
2004,66.800,36.056,0.000,14.655,0.000,1,1,0,0.000,1.444,4,0,0.828,3,70.456,766.279,0.900,0.417,4.592,0.716,0.393,0.047,0.061,0.939,0.808,0.350
2007,66.900,32.016,0.000,-4.040,0.000,1,1,0,0.000,1.111,4,0,0.828,3,87.367,1086.850,0.900,0.417,6.124,0.501,0.312,0.690,0.065,0.935,0.839,0.350
2010,67.000,0.000,111.126,0.000,105.126,1,0,1,0.000,2.020,4,0,0.828,3,20.025,1374.829,0.900,0.417,12.380,0.443,0.199,0.403,0.166,0.834,0.962,0.550
2013,67.100,51.196,0.000,19.180,0.000,1,1,0,0.000,0.837,4,0,0.862,3,18.028,1592.145,0.933,0.417,0.771,0.455,0.039,0.311,0.059,0.941,0.784,0.500
2016,67.200,4.123,0.000,-47.073,0.000,1,1,0,0.000,0.851,5,1,0.828,4,87.281,2013.744,0.967,0.417,0.528,0.756,0.069,1.066,0.046,0.954,0.543,0.750
2019,67.300,5.000,0.000,0.877,0.000,1,1,0,0.000,1.133,5,0,0.828,4,34.886,1988.388,1.000,0.408,0.917,0.808,0.105,0.813,0.055,0.945,0.558,0.580
2022,67.400,9.434,0.000,4.434,0.000,1,1,0,0.000,1.203,5,0,0.828,4,60.208,2029.937,1.000,0.408,0.803,0.808,0.220,1.646,0.069,0.931,0.580,0.580
2025,67.500,8.944,0.000,-0.490,0.000,1,1,0,0.000,1.285,4,1,0.793,3,10.817,2002.394,1.000,0.408,0.847,0.678,7.097,1.246,0.042,0.958,0.578,0.750
2028,67.600,2.236,0.000,-6.708,0.000,1,1,0,0.000,1.249,4,0,0.828,3,2.236,1738.250,1.000,0.408,0.765,0.499,7.125,1.811,0.061,0.939,0.552,0.700
2031,67.700,14.036,0.000,11.800,0.000,1,1,0,0.000,1.370,4,0,0.862,3,5.385,1632.104,1.000,0.408,0.735,0.555,7.668,0.068,0.053,0.947,0.612,0.700
2034,67.800,8.062,0.000,-5.973,0.000,1,1,0,0.000,1.553,5,0,0.862,4,12.649,1273.348,1.000,0.408,0.719,0.629,7.787,1.495,0.051,0.949,0.583,0.700
2037,67.900,4.472,0.000,-3.590,0.000,1,1,0,0.000,1.734,5,0,0.862,4,4.123,1044.244,1.000,0.399,0.902,0.756,7.493,1.632,0.071,0.929,0.558,0.700
2040,68.000,2.236,0.000,-2.236,0.000,1,1,0,0.000,1.426,5,0,0.897,4,14.866,731.815,1.000,0.389,0.603,0.730,5.219,1.145,0.036,0.964,0.540,0.700
2043,68.100,6.403,0.000,4.167,0.000,1,1,0,0.000,1.117,4,0,0.931,3,6.403,607.975,1.000,0.389,0.747,0.540,4.702,1.922,0.059,0.941,0.571,0.700
2046,68.200,13.153,0.000,6.750,0.000,1,1,0,0.000,1.337,4,0,0.931,3,13.153,412.769,1.000,0.389,0.632,0.377,4.583,0.223,0.046,0.954,0.617,0.700
2049,68.300,3.162,0.000,-9.991,0.000,1,1,0,0.000,1.304,4,0,0.931,3,19.647,372.407,1.000,0.389,0.463,0.754,1.775,0.953,0.032,0.968,0.531,0.700
2052,68.400,5.831,0.000,2.669,0.000,1,1,0,0.000,1.357,5,0,0.931,4,57.245,321.618,1.000,0.389,0.655,0.369,0.417,2.639,0.057,0.943,0.587,0.580
2055,68.500,2.828,0.000,-3.003,0.000,1,1,0,0.000,1.393,5,0,0.931,3,0.000,321.215,1.000,0.389,0.848,0.862,0.186,0.083,0.074,0.926,0.505,0.580
2058,68.600,2.828,0.000,0.000,0.000,1,1,0,0.000,1.172,5,0,0.931,4,18.028,319.375,1.000,0.389,0.942,0.821,0.591,1.237,0.062,0.938,0.546,0.580
2061,68.700,0.000,15.524,0.000,-95.602,1,0,1,0.000,1.771,5,0,0.931,4,5.385,316.395,1.000,0.379,1.285,0.917,0.585,0.417,0.080,0.920,0.618,0.500
2064,68.800,0.000,3.606,0.000,-11.919,1,0,1,0.000,1.755,5,0,0.931,3,3.606,323.130,1.000,0.379,1.023,0.774,0.558,0.560,0.078,0.922,0.519,0.580
2067,68.900,4.472,0.000,1.644,0.000,1,1,0,0.000,1.286,5,0,0.931,4,16.401,213.804,1.000,0.379,0.678,0.685,0.547,1.327,0.040,0.960,0.558,0.580
2070,69.000,3.000,0.000,-1.472,0.000,1,1,0,0.000,1.541,4,0,0.931,3,7.810,205.529,1.000,0.389,0.750,0.382,0.544,2.966,0.055,0.945,0.564,0.580
2073,69.100,10.198,0.000,7.198,0.000,1,1,0,0.000,1.511,4,0,0.931,3,13.153,196.274,1.000,0.389,0.811,0.760,0.549,1.448,0.065,0.935,0.579,0.550
2076,69.200,4.243,0.000,-5.955,0.000,1,1,0,0.000,1.295,4,0,0.931,3,4.243,129.610,1.000,0.389,1.118,0.824,0.548,0.180,0.084,0.916,0.549,0.580
2079,69.300,0.000,4.123,0.000,0.518,1,0,1,0.000,2.025,3,1,0.897,2,8.000,128.418,1.000,0.389,1.177,0.829,0.537,0.013,0.085,0.915,0.534,0.750
2082,69.400,4.472,0.000,0.229,0.000,1,1,0,0.000,1.473,4,1,0.862,3,0.000,129.119,1.000,0.389,0.592,0.585,0.517,0.704,0.046,0.954,0.554,0.750
2085,69.500,5.385,0.000,0.913,0.000,1,1,0,0.000,1.394,4,0,0.862,3,5.385,128.879,1.000,0.389,0.915,0.852,0.505,0.326,0.062,0.938,0.548,0.580
2088,69.600,2.236,0.000,-3.149,0.000,1,1,0,0.000,1.239,5,1,0.828,4,5.657,123.529,1.000,0.389,0.765,0.861,0.477,0.739,0.060,0.940,0.535,0.750
2091,69.700,5.831,0.000,3.595,0.000,1,1,0,0.000,1.249,5,0,0.828,4,8.944,123.768,1.000,0.389,0.836,0.844,0.460,0.240,0.056,0.944,0.558,0.580
2094,69.800,9.055,0.000,3.224,0.000,1,1,0,0.000,1.039,5,0,0.828,4,25.495,134.774,1.000,0.389,0.632,0.297,0.405,1.258,0.048,0.952,0.609,0.480
2097,69.900,13.038,0.000,3.983,0.000,1,1,0,0.000,0.728,4,1,0.793,3,11.402,126.595,1.000,0.389,2.131,0.823,0.319,2.701,0.104,0.896,0.623,0.750
2100,70.000,34.670,0.000,21.631,0.000,1,1,0,0.000,0.785,4,0,0.793,3,86.608,139.539,1.000,0.389,2.528,0.736,0.182,1.470,0.106,0.894,0.759,0.550
2103,70.100,18.601,0.000,-16.069,0.000,1,1,0,0.000,0.756,4,0,0.828,3,0.000,263.694,1.000,0.389,4.417,0.684,2.741,0.960,0.131,0.869,0.721,0.700
2106,70.200,30.083,0.000,11.482,0.000,1,1,0,0.000,0.487,4,0,0.828,3,0.000,566.770,1.000,0.399,5.992,0.646,4.129,0.089,0.151,0.849,0.827,0.700
2109,70.300,25.080,0.000,-5.003,0.000,1,1,0,0.000,0.610,4,0,0.828,3,0.000,921.779,1.000,0.399,5.105,0.756,4.567,0.188,0.149,0.851,0.769,0.700
2112,70.400,53.535,0.000,28.455,0.000,1,1,0,0.000,0.674,4,0,0.862,3,39.560,979.217,1.000,0.399,6.416,0.841,5.808,0.152,0.162,0.838,0.906,0.700
2115,70.500,32.650,0.000,-20.885,0.000,1,1,0,0.000,0.680,4,0,0.862,3,0.000,983.569,1.000,0.399,6.136,0.895,7.779,0.129,0.164,0.836,0.827,0.700
2118,70.600,7.071,0.000,-25.579,0.000,1,1,0,0.000,0.860,4,0,0.862,3,67.067,1059.219,1.000,0.399,5.131,0.775,9.709,0.099,0.167,0.833,0.668,0.700
2121,70.700,11.402,0.000,4.331,0.000,1,1,0,0.000,1.165,4,0,0.862,3,0.000,1131.634,1.000,0.399,6.144,0.770,11.197,0.090,0.177,0.823,0.718,0.700
2124,70.800,5.099,0.000,-6.303,0.000,1,1,0,0.000,1.190,6,1,0.828,5,0.000,1118.738,1.000,0.399,6.317,0.895,11.809,0.073,0.176,0.824,0.694,0.750
2127,70.900,17.205,0.000,12.106,0.000,1,1,0,0.000,1.444,6,0,0.828,5,0.000,1006.275,1.000,0.389,9.589,0.812,12.299,0.057,0.195,0.805,0.809,0.700
2130,71.000,405.132,0.000,387.927,0.000,1,1,0,0.000,1.548,6,0,0.828,5,268.496,2307.044,1.000,0.379,13.096,0.197,14.563,0.722,0.289,0.711,1.000,0.750
2133,71.100,12.207,0.000,-392.926,0.000,1,1,0,0.000,1.524,4,1,0.793,2,268.496,2307.044,1.000,0.389,2.004,0.841,18.496,1.933,0.098,0.902,0.569,0.750
2136,71.200,3.162,0.000,-9.044,0.000,1,1,0,0.000,1.611,4,0,0.793,2,268.496,2307.044,1.000,0.389,0.786,0.567,18.896,0.234,0.061,0.939,0.508,0.750
2139,71.300,1.000,395.275,-2.162,391.151,2,1,1,733.946,1.947,4,0,0.793,5,219.135,4723.837,1.000,0.389,2.547,0.572,19.437,2.713,0.083,0.917,0.924,0.750
2142,71.400,3.162,23.537,2.162,-371.737,2,1,1,712.966,1.900,5,0,0.793,6,163.982,9618.354,1.000,0.379,2.665,0.795,21.649,2.708,0.083,0.917,0.792,0.750
2145,71.500,1.414,9.055,-1.748,-14.482,2,1,1,723.132,2.086,5,0,0.793,6,636.707,14806.310,1.000,0.369,2.865,0.488,11.725,2.087,0.079,0.921,0.738,0.750
2148,71.600,706.186,0.000,703.186,0.000,2,1,0,706.186,1.492,5,0,0.793,6,232.880,21428.947,1.000,0.358,2.746,0.442,7.899,0.310,0.081,0.919,0.938,0.750
2151,71.700,708.177,31.064,1.991,22.009,2,1,1,697.725,2.095,6,1,0.759,6,224.629,27678.077,1.000,0.347,2.135,0.572,3.916,0.165,0.067,0.933,0.913,0.750
2154,71.800,2.000,11.662,-706.177,-19.403,2,1,1,708.531,2.183,6,0,0.759,6,708.531,33946.237,1.000,0.336,2.052,0.603,2.152,1.640,0.077,0.923,0.724,0.750
2157,71.900,1.000,18.439,-1.000,6.777,2,1,1,714.888,2.224,6,0,0.759,6,598.013,38503.897,1.000,0.324,1.938,0.713,1.612,0.408,0.087,0.913,0.751,0.750
2160,72.000,712.748,0.000,709.586,0.000,2,1,0,712.748,1.151,5,1,0.724,6,712.748,44338.800,1.000,0.324,2.077,0.784,1.045,0.959,0.093,0.907,0.897,0.750
2163,72.100,712.851,46.239,0.103,27.799,2,1,1,692.604,2.246,5,0,0.724,6,216.342,47114.215,1.000,0.324,2.106,0.668,0.681,0.230,0.067,0.933,0.906,0.750
2166,72.200,1.414,12.806,-711.437,-33.432,2,1,1,702.397,2.273,5,0,0.759,6,228.281,48417.494,1.000,0.311,1.632,0.114,0.454,0.735,0.061,0.939,0.754,0.750
2169,72.300,1.414,30.463,0.000,17.657,2,1,1,718.713,2.251,6,0,0.793,6,718.713,49639.899,1.000,0.298,2.423,0.363,0.163,1.144,0.067,0.933,0.854,0.750
2172,72.400,1.000,13.000,-0.414,-17.463,2,1,1,716.063,2.280,6,0,0.793,6,241.406,49789.900,1.000,0.298,1.203,0.721,0.096,0.869,0.067,0.933,0.702,0.750
2175,72.500,708.020,0.000,705.784,0.000,2,1,0,708.020,1.483,6,0,0.828,6,227.108,50071.145,1.000,0.298,2.438,0.371,0.525,0.801,0.065,0.935,0.935,0.750
2178,72.600,703.255,41.629,-4.765,28.629,2,1,1,688.817,1.980,5,0,0.828,6,225.499,46170.535,1.000,0.298,3.108,0.316,0.882,0.829,0.077,0.923,0.956,0.750
2181,72.700,6.708,9.220,-696.547,-32.410,2,1,1,685.808,2.014,5,0,0.828,6,457.581,48411.899,1.000,0.298,1.887,0.441,0.911,2.333,0.082,0.918,0.718,0.750
2184,72.800,8.602,13.454,1.894,4.234,2,1,1,671.430,1.745,5,0,0.862,6,8.602,48060.175,1.000,0.298,2.851,0.389,0.885,0.418,0.087,0.913,0.769,0.580
2187,72.900,4.000,17.088,-4.602,3.634,2,1,1,652.302,1.703,5,0,0.862,6,455.379,44925.029,1.000,0.298,1.632,0.610,0.963,1.706,0.093,0.907,0.743,0.750
2190,73.000,2.236,13.000,-1.764,-4.088,2,1,1,647.131,1.522,5,0,0.862,6,473.296,44522.110,1.000,0.298,1.669,0.420,1.008,1.429,0.084,0.916,0.735,0.750
2193,73.100,4.472,20.100,2.236,7.100,2,1,1,671.430,1.452,5,0,0.862,6,478.006,41363.810,1.000,0.298,1.469,0.392,1.048,0.168,0.076,0.924,0.771,0.750
2196,73.200,2.828,10.198,-1.644,-9.902,2,1,1,674.141,1.575,5,0,0.862,6,478.942,41264.564,1.000,0.298,1.875,0.517,1.019,1.153,0.094,0.906,0.717,0.750
2199,73.300,679.954,0.000,674.569,0.000,2,1,0,679.954,1.203,5,0,0.862,6,464.039,37575.148,1.000,0.298,3.138,0.504,0.917,0.988,0.117,0.883,0.943,0.750
2202,73.400,679.801,40.792,-0.152,30.594,2,1,1,658.304,1.282,5,0,0.862,6,0.000,33544.010,1.000,0.298,3.035,0.770,0.809,0.884,0.108,0.892,0.922,0.500
2205,73.500,2.236,49.649,-677.565,8.857,2,1,1,613.020,1.509,5,0,0.862,6,202.121,31498.238,1.000,0.298,3.593,0.726,0.686,1.061,0.101,0.899,0.939,0.750
2208,73.600,3.162,15.620,0.926,-34.028,2,1,1,606.053,1.726,5,0,0.862,6,37.363,27588.348,1.000,0.298,2.240,0.553,0.570,2.552,0.089,0.911,0.754,0.580
2211,73.700,9.434,19.416,6.272,3.796,2,1,1,618.391,1.582,5,0,0.897,6,82.765,26590.619,1.000,0.298,6.085,0.559,0.502,0.318,0.109,0.891,0.871,0.580
2214,73.800,14.142,27.000,4.708,7.584,2,1,1,633.745,1.553,3,1,0.862,3,86.093,24940.287,1.000,0.311,7.316,0.418,0.322,0.182,0.125,0.875,0.854,0.750
2217,73.900,6.325,26.926,-7.818,-0.074,2,1,1,623.527,1.767,3,0,0.862,3,46.690,23093.819,1.000,0.311,6.299,0.428,0.147,0.198,0.131,0.869,0.827,0.580
2220,74.000,642.518,649.334,636.193,622.408,2,1,1,667.572,1.580,3,0,0.897,4,46.690,23093.819,1.000,0.324,4.077,0.682,0.151,0.709,0.106,0.894,0.854,0.450
2223,74.100,0.000,628.150,0.000,582.664,2,0,1,628.150,1.023,4,1,0.862,6,42.202,22999.489,1.000,0.324,3.870,0.589,2.263,0.270,0.109,0.891,0.956,0.750
2226,74.200,624.232,17.029,-18.286,-611.121,2,1,1,596.164,1.916,4,0,0.862,6,5.831,20663.164,1.000,0.324,2.998,0.483,2.028,2.885,0.100,0.900,0.941,0.700
2229,74.300,22.204,15.620,-602.028,-1.409,2,1,1,564.001,1.903,4,0,0.862,6,41.231,20528.020,1.000,0.324,2.241,0.400,2.530,1.720,0.091,0.909,0.801,0.700
2232,74.400,17.464,2.236,-4.739,-13.384,2,1,1,561.356,1.793,4,0,0.862,6,10.770,17876.944,1.000,0.324,3.357,0.522,2.319,0.586,0.099,0.901,0.794,0.700
2235,74.500,588.722,0.000,565.722,0.000,2,1,0,588.722,1.623,4,0,0.862,6,15.264,17944.694,1.000,0.324,5.045,0.443,2.620,0.182,0.079,0.921,0.995,0.700
2238,74.600,0.000,555.930,0.000,553.694,1,0,1,0.000,1.509,4,0,0.897,3,15.264,17944.694,1.000,0.324,3.544,0.479,3.317,0.832,0.085,0.915,0.860,0.700
2241,74.700,0.000,0.000,0.000,0.000,0,0,0,0.000,0.000,4,0,0.897,0,15.264,17944.694,0.967,0.324,4.409,0.453,3.797,0.340,0.079,0.921,0.365,0.700
2244,74.800,0.000,0.000,0.000,0.000,0,0,0,0.000,0.000,4,0,0.897,0,15.264,17944.694,0.933,0.324,3.646,0.516,4.166,0.051,0.119,0.881,0.337,0.700
2247,74.900,0.000,0.000,0.000,0.000,0,0,0,0.000,0.000,4,0,0.931,0,15.264,17944.694,0.900,0.324,3.785,0.646,3.563,2.220,0.136,0.864,0.327,0.700
2250,75.000,0.000,0.000,0.000,0.000,0,0,0,0.000,0.000,6,1,0.897,0,15.264,17944.694,0.867,0.324,5.454,0.681,3.269,0.018,0.144,0.856,0.363,0.750
2253,75.100,0.000,0.000,0.000,0.000,0,0,0,0.000,0.000,6,0,0.897,0,15.264,17944.694,0.833,0.324,5.530,0.764,2.864,0.040,0.148,0.852,0.355,0.700
2256,75.200,0.000,0.000,0.000,0.000,0,0,0,0.000,0.000,6,0,0.897,0,15.264,17944.694,0.800,0.324,2.761,0.900,3.168,0.044,0.115,0.885,0.272,0.700
2259,75.300,0.000,0.000,0.000,0.000,0,0,0,0.000,0.000,5,1,0.862,0,15.264,17944.694,0.767,0.324,5.469,0.638,1.476,0.004,0.164,0.836,0.354,0.750
2262,75.400,425.978,678.561,-162.745,122.631,2,1,1,524.786,1.942,5,0,0.862,6,33.971,13397.930,0.767,0.221,14.385,0.076,0.764,3.006,0.245,0.755,1.000,0.650
2265,75.500,21.095,19.925,-404.883,-658.636,2,1,1,498.145,2.054,5,0,0.862,6,0.000,12913.139,0.767,0.221,4.321,0.539,0.818,1.911,0.120,0.880,0.809,0.580
2268,75.600,20.809,22.847,-0.286,2.922,2,1,1,461.936,2.013,4,1,0.828,6,63.348,10820.359,0.767,0.221,3.541,0.523,0.767,0.222,0.109,0.891,0.801,0.750
2271,75.700,21.260,8.544,0.452,-14.303,2,1,1,472.070,1.999,4,0,0.828,6,0.000,8274.034,0.767,0.211,3.198,0.848,0.725,0.340,0.114,0.886,0.761,0.580
2274,75.800,9.899,11.045,-11.361,2.501,2,1,1,469.359,1.628,4,0,0.828,6,0.000,8641.975,0.767,0.211,3.092,0.839,0.708,0.366,0.117,0.883,0.702,0.580
2277,75.900,8.544,4.123,-1.355,-6.922,2,1,1,472.002,1.558,4,0,0.828,6,145.911,7500.635,0.767,0.211,1.692,0.720,0.754,0.313,0.103,0.897,0.661,0.750
2280,76.000,9.434,2.000,0.890,-2.123,2,1,1,463.056,1.673,4,0,0.828,6,31.048,6545.188,0.767,0.211,1.368,0.771,0.651,1.207,0.085,0.915,0.655,0.580
2283,76.100,1.414,8.485,-8.020,6.485,2,1,1,468.915,1.635,4,0,0.828,6,0.000,5972.988,0.767,0.211,1.686,0.690,0.384,0.334,0.102,0.898,0.663,0.580
2286,76.200,4.472,11.045,3.058,2.560,2,1,1,467.813,1.305,5,0,0.828,6,0.000,6516.765,0.767,0.211,1.595,0.554,0.243,0.076,0.102,0.898,0.684,0.580
2289,76.300,5.831,1.000,1.359,-10.045,2,1,1,462.502,1.061,5,0,0.828,6,0.000,6234.525,0.767,0.298,1.490,0.541,0.013,0.103,0.091,0.909,0.654,0.580
2292,76.400,9.055,0.000,3.224,-1.000,2,1,1,463.519,1.064,5,0,0.828,6,0.000,6075.379,0.767,0.298,1.531,0.792,0.111,0.401,0.091,0.909,0.655,0.580
2295,76.500,1.000,9.220,-8.055,9.220,2,1,1,468.028,1.025,5,1,0.793,6,0.000,5704.894,0.767,0.298,1.707,0.926,0.256,0.723,0.103,0.897,0.651,0.750
2298,76.600,5.385,8.246,4.385,-0.973,2,1,1,470.958,1.058,5,0,0.793,6,157.648,5532.139,0.767,0.298,1.367,0.894,0.512,0.338,0.092,0.908,0.639,0.750
2301,76.700,52.000,4.000,46.615,-4.246,2,1,1,526.104,1.165,5,0,0.828,6,0.000,5097.974,0.767,0.298,4.848,0.447,0.911,0.142,0.119,0.881,0.962,0.450
2304,76.800,22.361,3.000,-29.639,-1.000,2,1,1,504.480,1.360,3,1,0.793,4,163.003,4805.905,0.767,0.311,6.414,0.871,0.646,1.034,0.152,0.848,0.746,0.750
2307,76.900,28.284,17.464,5.924,14.464,2,1,1,497.981,1.267,3,0,0.793,4,156.029,4640.450,0.767,0.311,5.473,0.907,0.604,0.157,0.141,0.859,0.752,0.750
2310,77.000,10.296,17.889,-17.989,0.424,2,1,1,518.738,1.585,3,0,0.828,4,187.473,4441.019,0.767,0.311,2.726,0.699,0.657,0.099,0.119,0.881,0.641,0.750
2313,77.100,24.839,5.831,14.544,-12.058,2,1,1,499.119,1.923,3,0,0.828,4,161.075,3978.297,0.767,0.324,4.390,0.774,0.702,0.107,0.133,0.867,0.716,0.750
2316,77.200,13.038,35.903,-11.801,30.072,2,1,1,494.462,1.711,3,0,0.828,4,0.000,4197.128,0.767,0.324,6.058,0.630,0.672,0.159,0.142,0.858,0.829,0.450
2319,77.300,20.616,6.325,7.577,-29.578,2,1,1,500.576,1.629,3,0,0.828,2,44.777,4207.989,0.767,0.336,5.806,0.473,0.609,0.425,0.119,0.881,0.689,0.580
2322,77.400,10.817,30.887,-9.799,24.562,2,1,1,467.000,1.686,3,0,0.828,4,156.013,2736.869,0.767,0.336,7.546,0.310,0.573,1.961,0.130,0.870,0.861,0.750
2325,77.500,14.422,19.235,3.606,-11.652,2,1,1,438.330,1.587,3,0,0.828,4,0.000,2739.614,0.767,0.336,4.899,0.604,0.377,0.879,0.125,0.875,0.709,0.580
2328,77.600,36.014,30.000,21.592,10.765,2,1,1,466.435,1.365,3,0,0.828,4,0.000,2627.104,0.767,0.347,5.969,0.653,0.198,0.248,0.132,0.868,0.826,0.350
2331,77.700,111.198,50.636,75.184,20.636,2,1,1,628.173,1.439,4,1,0.793,4,0.000,2366.569,0.800,0.347,7.672,0.460,0.056,0.039,0.158,0.842,1.000,0.750
2334,77.800,0.000,46.487,0.000,-4.149,1,0,1,0.000,1.232,4,0,0.793,2,0.000,2366.569,0.833,0.358,9.769,0.464,0.138,0.382,0.166,0.834,0.908,0.650
2337,77.900,697.645,0.000,586.447,0.000,1,1,0,0.000,1.455,4,0,0.828,1,0.000,2366.569,0.867,0.369,9.148,0.559,0.357,0.220,0.157,0.843,0.860,0.500
2340,78.000,45.044,0.000,-652.601,0.000,1,1,0,0.000,1.118,6,1,0.793,3,0.000,2366.569,0.900,0.369,7.637,0.683,0.557,0.249,0.148,0.852,0.891,0.750
2343,78.100,0.000,136.488,0.000,90.002,1,0,1,0.000,1.167,6,0,0.793,3,0.000,2366.569,0.933,0.379,6.691,0.845,0.757,0.182,0.137,0.863,0.860,0.500
2346,78.200,0.000,26.249,0.000,-110.239,1,0,1,0.000,1.168,6,0,0.828,3,0.000,2366.569,0.967,0.379,4.478,0.893,0.955,0.161,0.125,0.875,0.701,0.450
2349,78.300,0.000,18.385,0.000,-7.864,1,0,1,0.000,0.883,4,1,0.793,2,0.000,2366.569,1.000,0.389,3.072,0.804,0.899,0.018,0.112,0.888,0.633,0.750
2352,78.400,0.000,31.016,0.000,12.631,1,0,1,0.000,0.735,4,0,0.793,2,0.000,2366.569,1.000,0.389,2.173,0.810,0.798,0.488,0.102,0.898,0.680,0.000
2355,78.500,0.000,2.236,0.000,-28.780,1,0,1,0.000,0.869,4,0,0.828,2,0.000,2366.569,1.000,0.399,2.561,0.855,1.827,0.591,0.123,0.877,0.527,0.700
2358,78.600,0.000,854.441,0.000,833.417,2,0,1,854.441,1.020,4,0,0.828,5,0.000,2366.569,1.000,0.399,2.018,0.857,1.940,0.163,0.121,0.879,0.890,0.700
2361,78.700,781.615,869.596,736.571,15.155,2,1,1,879.414,1.472,4,0,0.828,5,0.000,2366.569,1.000,0.399,1.250,0.374,1.759,1.494,0.087,0.913,0.905,0.700
2364,78.800,7.211,17.088,-774.404,-852.508,2,1,1,868.510,1.636,4,0,0.828,5,0.000,2366.569,1.000,0.399,1.719,0.346,1.295,1.311,0.080,0.920,0.764,0.580
2367,78.900,3.000,0.000,-4.211,0.000,1,1,0,0.000,1.802,4,0,0.828,3,0.000,2366.569,1.000,0.399,1.630,0.264,0.977,1.828,0.074,0.926,0.594,0.650
2370,79.000,8.246,0.000,5.246,0.000,1,1,0,0.000,1.771,4,0,0.828,3,0.000,2366.569,1.000,0.399,1.758,0.697,0.512,3.020,0.089,0.911,0.596,0.580
2373,79.100,5.000,0.000,-3.246,0.000,1,1,0,0.000,1.737,4,0,0.828,3,0.000,2366.569,1.000,0.399,2.840,0.942,0.317,0.216,0.125,0.875,0.588,0.580
2376,79.200,5.099,0.000,0.099,0.000,1,1,0,0.000,1.667,4,0,0.828,3,0.000,2366.569,1.000,0.399,4.292,0.940,0.083,0.312,0.123,0.877,0.625,0.580
2379,79.300,0.000,893.862,0.000,876.774,1,0,1,0.000,1.696,4,0,0.828,3,0.000,2366.569,1.000,0.399,4.294,0.926,0.213,0.022,0.126,0.874,0.848,0.500
2382,79.400,25.298,0.000,20.199,0.000,1,1,0,0.000,1.359,4,0,0.862,3,0.000,2366.569,1.000,0.408,4.202,0.708,0.585,1.016,0.111,0.889,0.751,0.580
2385,79.500,0.000,37.014,0.000,-856.848,1,0,1,0.000,1.758,4,0,0.862,3,0.000,2366.569,1.000,0.408,4.896,0.415,0.940,0.357,0.109,0.891,0.854,0.500
2388,79.600,0.000,0.000,0.000,0.000,0,0,0,0.000,0.000,4,0,0.862,0,0.000,2366.569,0.967,0.408,5.679,0.467,1.293,0.198,0.098,0.902,0.395,0.650
2391,79.700,0.000,0.000,0.000,0.000,0,0,0,0.000,0.000,4,0,0.897,0,0.000,2366.569,0.933,0.408,4.600,0.498,1.813,1.853,0.092,0.908,0.362,0.700
2394,79.800,0.000,0.000,0.000,0.000,0,0,0,0.000,0.000,5,1,0.862,0,0.000,2366.569,0.900,0.408,5.668,0.366,1.771,1.367,0.096,0.904,0.394,0.750
2397,79.900,0.000,0.000,0.000,0.000,0,0,0,0.000,0.000,5,0,0.862,0,0.000,2366.569,0.867,0.408,3.803,0.120,1.415,1.348,0.125,0.875,0.361,0.700
2400,80.000,0.000,0.000,0.000,0.000,0,0,0,0.000,0.000,5,0,0.862,0,0.000,2366.569,0.833,0.408,4.023,0.419,1.118,1.330,0.164,0.836,0.341,0.580
2403,80.100,0.000,0.000,0.000,0.000,0,0,0,0.000,0.000,3,1,0.828,0,0.000,2366.569,0.800,0.408,3.992,0.391,1.061,0.050,0.171,0.829,0.238,0.750
2406,80.200,0.000,0.000,0.000,0.000,0,0,0,0.000,0.000,3,0,0.828,0,0.000,2366.569,0.767,0.408,4.964,0.636,0.861,0.434,0.160,0.840,0.242,0.580
2409,80.300,0.000,0.000,0.000,0.000,0,0,0,0.000,0.000,3,0,0.828,0,0.000,2366.569,0.733,0.408,7.613,0.039,0.566,1.155,0.313,0.687,0.346,0.580
2412,80.400,0.000,0.000,0.000,0.000,0,0,0,0.000,0.000,3,0,0.828,0,0.000,2366.569,0.700,0.408,3.330,0.406,0.296,0.128,0.124,0.876,0.209,0.580
2415,80.500,0.000,0.000,0.000,0.000,0,0,0,0.000,0.000,3,0,0.828,0,0.000,2366.569,0.667,0.408,2.943,0.673,0.112,1.035,0.148,0.852,0.176,0.580
2418,80.600,0.000,0.000,0.000,0.000,0,0,0,0.000,0.000,3,0,0.862,0,0.000,2366.569,0.633,0.408,2.589,0.240,0.009,0.989,0.091,0.909,0.194,0.580
2421,80.700,0.000,0.000,0.000,0.000,0,0,0,0.000,0.000,4,1,0.828,0,0.000,2366.569,0.600,0.408,3.536,0.263,0.056,0.367,0.122,0.878,0.312,0.750
2424,80.800,0.000,0.000,0.000,0.000,0,0,0,0.000,0.000,4,0,0.828,0,0.000,2366.569,0.567,0.408,4.216,0.792,0.122,1.153,0.147,0.853,0.288,0.580
2427,80.900,0.000,0.000,0.000,0.000,0,0,0,0.000,0.000,4,0,0.862,0,0.000,2366.569,0.533,0.408,4.572,0.657,0.301,0.247,0.140,0.860,0.302,0.580
2430,81.000,0.000,0.000,0.000,0.000,0,0,0,0.000,0.000,3,1,0.828,0,0.000,2366.569,0.500,0.408,3.006,0.690,0.577,1.997,0.128,0.872,0.157,0.750
2433,81.100,0.000,0.000,0.000,0.000,0,0,0,0.000,0.000,3,0,0.828,0,0.000,2366.569,0.467,0.408,3.375,0.404,0.742,0.265,0.104,0.896,0.182,0.580
2436,81.200,0.000,0.000,0.000,0.000,0,0,0,0.000,0.000,3,0,0.862,0,0.000,2366.569,0.433,0.408,2.524,0.544,0.757,2.384,0.108,0.892,0.147,0.580
2439,81.300,0.000,0.000,0.000,0.000,0,0,0,0.000,0.000,4,1,0.828,0,0.000,2366.569,0.400,0.408,3.919,0.514,0.644,1.518,0.120,0.880,0.280,0.750
2442,81.400,0.000,0.000,0.000,0.000,0,0,0,0.000,0.000,4,0,0.828,0,0.000,2366.569,0.367,0.408,5.037,0.214,0.392,0.096,0.107,0.893,0.325,0.580
2445,81.500,0.000,0.000,0.000,0.000,0,0,0,0.000,0.000,4,0,0.828,0,0.000,2366.569,0.333,0.408,3.771,0.380,0.381,0.256,0.094,0.906,0.278,0.580
2448,81.600,0.000,0.000,0.000,0.000,0,0,0,0.000,0.000,3,1,0.793,0,0.000,2366.569,0.300,0.408,1.582,0.245,0.306,0.092,0.119,0.881,0.128,0.750
2451,81.700,0.000,0.000,0.000,0.000,0,0,0,0.000,0.000,3,0,0.793,0,0.000,2366.569,0.267,0.408,2.375,0.785,0.110,0.976,0.133,0.867,0.106,0.580
2454,81.800,0.000,0.000,0.000,0.000,0,0,0,0.000,0.000,3,0,0.793,0,0.000,2366.569,0.233,0.408,2.098,0.686,0.205,2.364,0.129,0.871,0.102,0.580
2457,81.900,0.000,0.000,0.000,0.000,0,0,0,0.000,0.000,3,0,0.793,0,0.000,2366.569,0.200,0.408,2.448,0.702,0.704,0.509,0.126,0.874,0.106,0.580
2460,82.000,0.000,0.000,0.000,0.000,0,0,0,0.000,0.000,3,0,0.793,0,0.000,2366.569,0.167,0.408,1.748,0.249,0.919,1.136,0.089,0.911,0.116,0.580
2463,82.100,0.000,0.000,0.000,0.000,0,0,0,0.000,0.000,3,0,0.793,0,0.000,2366.569,0.133,0.408,2.208,0.663,1.160,2.399,0.107,0.893,0.095,0.580
2466,82.200,0.000,0.000,0.000,0.000,0,0,0,0.000,0.000,5,1,0.759,0,0.000,2366.569,0.100,0.408,2.595,0.831,1.143,2.131,0.119,0.881,0.189,0.750
2469,82.300,0.000,0.000,0.000,0.000,0,0,0,0.000,0.000,5,0,0.759,0,0.000,2366.569,0.067,0.408,1.863,0.254,1.132,1.501,0.092,0.908,0.207,0.580
2472,82.400,0.000,0.000,0.000,0.000,0,0,0,0.000,0.000,5,0,0.759,0,0.000,2366.569,0.033,0.408,2.017,0.488,1.256,0.690,0.133,0.867,0.190,0.580
2475,82.500,0.000,0.000,0.000,0.000,0,0,0,0.000,0.000,4,1,0.724,0,0.000,2366.569,0.000,0.408,2.320,0.703,1.417,2.835,0.121,0.879,0.179,0.750
2478,82.600,0.000,0.000,0.000,0.000,0,0,0,0.000,0.000,4,0,0.724,0,0.000,2366.569,0.000,0.408,2.419,0.819,1.306,1.720,0.135,0.865,0.173,0.580
2481,82.700,0.000,0.000,0.000,0.000,0,0,0,0.000,0.000,4,0,0.759,0,0.000,2366.569,0.000,0.408,2.269,0.556,1.272,2.577,0.105,0.895,0.188,0.580
2484,82.800,0.000,0.000,0.000,0.000,0,0,0,0.000,0.000,3,1,0.724,0,0.000,2366.569,0.000,0.408,1.663,0.566,1.121,0.571,0.121,0.879,0.072,0.750
2487,82.900,0.000,0.000,0.000,0.000,0,0,0,0.000,0.000,3,0,0.724,0,0.000,2366.569,0.000,0.408,1.675,0.643,1.223,0.307,0.117,0.883,0.067,0.580
2490,83.000,0.000,0.000,0.000,0.000,0,0,0,0.000,0.000,3,0,0.759,0,0.000,2366.569,0.000,0.408,2.147,0.511,1.439,1.920,0.089,0.911,0.088,0.700
2493,83.100,0.000,0.000,0.000,0.000,0,0,0,0.000,0.000,3,0,0.759,0,0.000,2366.569,0.000,0.408,2.853,0.815,1.512,1.296,0.127,0.873,0.084,0.700
2496,83.200,0.000,0.000,0.000,0.000,0,0,0,0.000,0.000,3,0,0.759,0,0.000,2366.569,0.000,0.408,1.341,0.399,1.184,0.011,0.092,0.908,0.076,0.580
2499,83.300,0.000,0.000,0.000,0.000,0,0,0,0.000,0.000,3,0,0.759,0,0.000,2366.569,0.000,0.408,1.643,0.743,1.103,0.844,0.100,0.900,0.059,0.580
2502,83.400,0.000,0.000,0.000,0.000,0,0,0,0.000,0.000,3,0,0.759,0,0.000,2366.569,0.000,0.408,1.868,0.746,1.281,0.959,0.138,0.862,0.064,0.580
2505,83.500,0.000,0.000,0.000,0.000,0,0,0,0.000,0.000,3,0,0.759,0,0.000,2366.569,0.000,0.408,3.115,0.435,1.230,2.229,0.139,0.861,0.117,0.580
2508,83.600,475.946,0.000,450.648,0.000,1,1,0,0.000,1.720,3,0,0.793,2,0.000,2366.569,0.033,0.159,5.467,0.117,0.979,0.019,0.172,0.828,0.702,0.650
2511,83.700,43.417,0.000,-432.530,0.000,1,1,0,0.000,1.677,5,1,0.759,4,180.427,2756.898,0.067,0.159,4.774,0.400,0.726,1.407,0.157,0.843,0.785,0.750
2514,83.800,21.932,0.000,-21.485,0.000,1,1,0,0.000,1.489,5,0,0.759,4,229.314,3261.669,0.100,0.157,3.614,0.322,0.523,0.771,0.118,0.882,0.646,0.750
2517,83.900,14.866,0.000,-7.066,0.000,1,1,0,0.000,1.279,5,0,0.793,4,219.112,3405.565,0.133,0.157,2.710,0.759,0.259,0.242,0.122,0.878,0.557,0.750
2520,84.000,8.062,0.000,-6.804,0.000,1,1,0,0.000,1.287,4,1,0.759,3,213.759,3728.379,0.167,0.157,2.262,0.766,0.050,0.372,0.144,0.856,0.503,0.750
2523,84.100,7.211,0.000,-0.851,0.000,1,1,0,0.000,1.537,4,0,0.759,3,151.634,4096.635,0.200,0.155,2.277,0.874,0.005,1.971,0.142,0.858,0.495,0.750
2526,84.200,3.000,0.000,-4.211,0.000,1,1,0,0.000,1.555,4,0,0.793,3,212.276,4942.068,0.233,0.155,2.654,0.619,0.055,0.682,0.130,0.870,0.503,0.750
2529,84.300,0.000,415.270,0.000,378.256,1,0,1,0.000,1.952,5,1,0.759,4,169.098,4621.199,0.267,0.155,3.666,0.439,0.102,1.040,0.167,0.833,0.787,0.750
2532,84.400,19.105,0.000,16.105,0.000,1,1,0,0.000,1.789,5,0,0.759,4,0.000,3677.217,0.300,0.155,5.718,0.295,0.438,0.171,0.163,0.837,0.708,0.580
2535,84.500,0.000,94.366,0.000,-320.903,1,0,1,0.000,1.803,5,0,0.793,4,18.111,3424.785,0.333,0.155,3.921,0.671,1.667,1.610,0.167,0.833,0.785,0.700
2538,84.600,0.000,0.000,0.000,0.000,0,0,0,0.000,0.000,4,1,0.759,0,18.111,3424.785,0.333,0.155,4.976,0.722,3.515,1.164,0.198,0.802,0.284,0.750
2541,84.700,0.000,0.000,0.000,0.000,0,0,0,0.000,0.000,4,0,0.759,0,18.111,3424.785,0.333,0.155,4.337,0.875,3.464,0.336,0.198,0.802,0.257,0.700
2544,84.800,0.000,0.000,0.000,0.000,0,0,0,0.000,0.000,4,0,0.759,0,18.111,3424.785,0.333,0.155,5.145,0.916,3.666,0.403,0.204,0.796,0.275,0.700
2547,84.900,0.000,0.000,0.000,0.000,0,0,0,0.000,0.000,4,1,0.724,0,18.111,3424.785,0.333,0.155,4.235,0.872,4.161,0.323,0.194,0.806,0.255,0.750
2550,85.000,0.000,0.000,0.000,0.000,0,0,0,0.000,0.000,4,0,0.724,0,18.111,3424.785,0.333,0.155,4.387,0.958,4.756,0.754,0.208,0.792,0.253,0.700
2553,85.100,0.000,0.000,0.000,0.000,0,0,0,0.000,0.000,4,0,0.759,0,18.111,3424.785,0.333,0.155,3.188,0.941,4.006,0.036,0.187,0.813,0.224,0.700
2556,85.200,0.000,0.000,0.000,0.000,0,0,0,0.000,0.000,4,0,0.759,0,18.111,3424.785,0.333,0.155,2.979,0.956,1.578,0.326,0.190,0.810,0.218,0.700
2559,85.300,0.000,0.000,0.000,0.000,0,0,0,0.000,0.000,4,0,0.759,0,18.111,3424.785,0.333,0.155,2.287,0.949,1.099,0.712,0.169,0.831,0.201,0.580
2562,85.400,0.000,0.000,0.000,0.000,0,0,0,0.000,0.000,4,0,0.793,0,18.111,3424.785,0.333,0.155,2.325,0.941,0.902,0.465,0.175,0.825,0.202,0.580
2565,85.500,0.000,0.000,0.000,0.000,0,0,0,0.000,0.000,4,0,0.793,0,18.111,3424.785,0.333,0.155,2.026,0.936,0.848,0.309,0.166,0.834,0.195,0.580
2568,85.600,0.000,0.000,0.000,0.000,0,0,0,0.000,0.000,4,0,0.793,0,18.111,3424.785,0.333,0.155,1.810,0.928,0.836,0.003,0.160,0.840,0.190,0.580
2571,85.700,0.000,0.000,0.000,0.000,0,0,0,0.000,0.000,4,0,0.828,0,18.111,3424.785,0.333,0.155,1.455,0.931,0.816,0.042,0.153,0.847,0.181,0.580
2574,85.800,0.000,0.000,0.000,0.000,0,0,0,0.000,0.000,4,0,0.828,0,18.111,3424.785,0.333,0.155,0.797,0.684,0.726,0.095,0.085,0.915,0.182,0.580
2577,85.900,0.000,0.000,0.000,0.000,0,0,0,0.000,0.000,4,0,0.828,0,18.111,3424.785,0.333,0.155,1.398,0.053,0.444,2.159,0.102,0.898,0.241,0.580
2580,86.000,0.000,0.000,0.000,0.000,0,0,0,0.000,0.000,4,0,0.828,0,18.111,3424.785,0.333,0.155,1.629,0.690,0.043,1.897,0.119,0.881,0.202,0.580
2583,86.100,0.000,0.000,0.000,0.000,0,0,0,0.000,0.000,5,1,0.793,0,18.111,3424.785,0.333,0.155,2.050,0.876,0.254,0.070,0.148,0.852,0.200,0.750
2586,86.200,0.000,0.000,0.000,0.000,0,0,0,0.000,0.000,5,0,0.793,0,18.111,3424.785,0.333,0.155,2.210,0.915,0.489,0.161,0.152,0.848,0.201,0.580
2589,86.300,0.000,0.000,0.000,0.000,0,0,0,0.000,0.000,5,0,0.793,0,18.111,3424.785,0.333,0.155,2.108,0.932,0.793,0.108,0.141,0.859,0.197,0.580
2592,86.400,108.688,0.000,89.583,0.000,1,1,0,0.000,1.575,3,1,0.759,1,200.025,5208.280,0.367,0.183,1.240,0.805,1.181,0.066,0.104,0.896,0.529,0.750
2595,86.500,29.833,0.000,-78.855,0.000,1,1,0,0.000,1.280,3,0,0.759,1,29.833,7023.138,0.400,0.185,1.153,0.818,1.617,1.640,0.089,0.911,0.445,0.700
2598,86.600,6.403,0.000,-23.430,0.000,1,1,0,0.000,1.402,3,0,0.793,1,6.403,8381.550,0.400,0.187,0.582,0.083,1.915,2.394,0.061,0.939,0.352,0.700
2601,86.700,6.708,0.000,0.305,0.000,1,1,0,0.000,1.565,3,0,0.793,1,138.752,9332.569,0.400,0.187,0.656,0.427,2.040,1.452,0.069,0.931,0.332,0.750
2604,86.800,6.325,0.000,-0.384,0.000,1,1,0,0.000,1.685,3,0,0.793,1,19.647,10176.938,0.400,0.189,0.448,0.661,2.092,0.753,0.062,0.938,0.308,0.700
2607,86.900,3.000,0.000,-3.325,0.000,1,1,0,0.000,1.507,2,1,0.793,0,19.647,10176.938,0.367,0.189,0.569,0.790,2.005,0.345,0.072,0.928,0.220,0.750
2610,87.000,5.099,0.000,2.099,0.000,1,1,0,0.000,1.555,3,1,0.759,0,19.647,10176.938,0.333,0.189,0.469,0.858,2.040,0.453,0.060,0.940,0.320,0.750
2613,87.100,3.162,0.000,-1.937,0.000,1,1,0,0.000,1.584,4,1,0.724,1,19.647,10176.938,0.333,0.194,0.474,0.025,2.080,0.430,0.060,0.940,0.413,0.750
2616,87.200,1.414,0.000,-1.748,0.000,1,1,0,0.000,1.483,4,0,0.759,2,44.294,10813.110,0.333,0.194,0.635,0.481,2.056,0.076,0.073,0.927,0.420,0.700
2619,87.300,4.243,0.000,2.828,0.000,1,1,0,0.000,1.429,3,1,0.724,2,51.662,10982.560,0.333,0.194,0.801,0.517,1.881,0.188,0.104,0.896,0.367,0.750
2622,87.400,4.000,0.000,-0.243,0.000,1,1,0,0.000,1.525,3,0,0.724,2,130.771,11311.225,0.333,0.196,0.862,0.913,1.534,0.252,0.095,0.905,0.340,0.727
2625,87.500,7.071,0.000,3.071,0.000,1,1,0,0.000,1.320,3,0,0.759,2,125.399,11966.865,0.333,0.196,0.629,0.874,1.440,1.083,0.085,0.915,0.354,0.700
2628,87.600,11.662,0.000,4.591,0.000,1,1,0,0.000,1.172,3,0,0.759,2,113.600,11943.738,0.367,0.196,0.601,0.809,1.358,0.212,0.075,0.925,0.387,0.631
2631,87.700,16.125,0.000,4.463,0.000,1,1,0,0.000,1.080,3,0,0.759,1,113.600,11943.738,0.400,0.198,2.725,0.936,1.398,0.243,0.133,0.867,0.400,0.631
2634,87.800,0.000,44.385,0.000,-49.982,1,0,1,0.000,1.522,3,0,0.793,1,113.600,11943.738,0.433,0.200,2.994,0.908,1.341,0.891,0.159,0.841,0.570,0.631
2637,87.900,0.000,0.000,0.000,0.000,0,0,0,0.000,0.000,4,1,0.759,0,113.600,11943.738,0.433,0.200,3.318,0.887,1.383,0.507,0.173,0.827,0.243,0.750
2640,88.000,0.000,0.000,0.000,0.000,0,0,0,0.000,0.000,4,0,0.759,0,113.600,11943.738,0.433,0.200,3.059,0.932,1.169,0.046,0.166,0.834,0.233,0.631
2643,88.100,0.000,0.000,0.000,0.000,0,0,0,0.000,0.000,4,0,0.759,0,113.600,11943.738,0.433,0.200,2.750,0.871,1.030,0.099,0.166,0.834,0.230,0.631
2646,88.200,178.045,0.000,161.920,0.000,1,1,0,0.000,0.971,4,0,0.759,2,113.600,11943.738,0.467,0.206,2.823,0.900,0.545,0.145,0.165,0.835,0.704,0.650
2649,88.300,0.000,0.000,0.000,0.000,0,0,0,0.000,0.000,4,0,0.759,0,113.600,11943.738,0.467,0.206,3.242,0.946,0.066,0.453,0.178,0.822,0.241,0.650
2652,88.400,0.000,0.000,0.000,0.000,0,0,0,0.000,0.000,4,0,0.759,0,113.600,11943.738,0.467,0.206,2.486,0.840,0.444,0.068,0.150,0.850,0.229,0.631
2655,88.500,0.000,0.000,0.000,0.000,0,0,0,0.000,0.000,5,1,0.724,0,113.600,11943.738,0.467,0.206,2.344,0.936,0.859,0.682,0.137,0.863,0.219,0.750
2658,88.600,0.000,0.000,0.000,0.000,0,0,0,0.000,0.000,5,0,0.724,0,113.600,11943.738,0.467,0.206,2.605,0.902,1.224,0.600,0.177,0.823,0.228,0.631
2661,88.700,0.000,103.740,0.000,59.355,1,0,1,0.000,1.553,5,0,0.724,4,260.377,11862.158,0.500,0.213,2.689,0.867,1.585,0.251,0.181,0.819,0.761,0.750
2664,88.800,0.000,0.000,0.000,0.000,0,0,0,0.000,0.000,5,0,0.724,0,260.377,11862.158,0.500,0.213,2.337,0.843,1.875,0.389,0.162,0.838,0.229,0.750
2667,88.900,0.000,0.000,0.000,0.000,0,0,0,0.000,0.000,5,0,0.724,0,260.377,11862.158,0.500,0.213,2.971,0.875,2.040,0.737,0.195,0.805,0.243,0.750
2670,89.000,0.000,0.000,0.000,0.000,0,0,0,0.000,0.000,5,0,0.759,0,260.377,11862.158,0.500,0.213,2.552,0.747,2.335,0.215,0.146,0.854,0.242,0.750
2673,89.100,0.000,18.111,0.000,-85.629,1,0,1,0.000,1.306,4,1,0.724,3,39.623,11324.205,0.533,0.261,4.132,0.899,2.698,0.303,0.190,0.810,0.640,0.750
2676,89.200,48.301,0.000,-129.744,0.000,1,1,0,0.000,0.901,4,0,0.724,3,76.420,11232.485,0.567,0.265,1.516,0.682,3.626,1.896,0.097,0.903,0.743,0.700
2679,89.300,8.602,0.000,-39.699,0.000,1,1,0,0.000,0.861,4,0,0.759,3,33.000,10726.294,0.600,0.265,2.662,0.569,2.927,0.760,0.145,0.855,0.582,0.700
2682,89.400,28.302,0.000,19.700,0.000,1,1,0,0.000,1.107,4,0,0.759,3,29.000,10430.820,0.600,0.265,2.298,0.892,2.311,1.579,0.149,0.851,0.659,0.700
2685,89.500,36.359,0.000,8.057,0.000,1,1,0,0.000,1.204,4,0,0.759,3,137.557,9290.999,0.600,0.265,4.290,0.878,1.629,0.836,0.197,0.803,0.755,0.750
2688,89.600,18.788,0.000,-17.571,0.000,1,1,0,0.000,1.200,4,0,0.759,3,100.955,8290.535,0.600,0.265,3.014,0.872,1.415,0.540,0.184,0.816,0.626,0.700
2691,89.700,2.828,0.000,-15.960,0.000,1,1,0,0.000,1.403,4,0,0.759,3,47.760,7300.450,0.600,0.265,3.864,0.758,1.246,0.987,0.181,0.819,0.566,0.580
2694,89.800,21.024,0.000,18.195,0.000,1,1,0,0.000,1.689,4,0,0.793,3,107.490,6876.475,0.600,0.265,3.622,0.538,1.144,1.004,0.137,0.863,0.677,0.597
2697,89.900,32.311,0.000,11.287,0.000,1,1,0,0.000,2.012,4,0,0.828,3,32.311,6267.275,0.633,0.268,1.768,0.675,0.977,2.072,0.108,0.892,0.687,0.550
2700,90.000,17.029,0.000,-15.282,0.000,1,1,0,0.000,2.091,4,0,0.862,3,94.541,6098.750,0.667,0.268,3.361,0.706,0.850,0.209,0.107,0.893,0.644,0.580
2703,90.100,5.657,0.000,-11.373,0.000,1,1,0,0.000,2.178,4,0,0.862,3,29.682,5462.069,0.667,0.268,1.778,0.652,0.842,2.101,0.100,0.900,0.545,0.580
2706,90.200,7.211,0.000,1.554,0.000,1,1,0,0.000,2.154,4,0,0.897,3,48.384,4567.440,0.667,0.383,2.431,0.778,0.707,0.732,0.113,0.887,0.561,0.580
2709,90.300,8.544,0.000,1.333,0.000,1,1,0,0.000,1.840,4,0,0.897,3,92.439,4701.465,0.667,0.369,2.667,0.705,0.600,0.506,0.127,0.873,0.580,0.580
2712,90.400,5.000,0.000,-3.544,0.000,1,1,0,0.000,2.148,4,0,0.897,3,15.297,4737.050,0.667,0.352,3.666,0.677,0.566,2.004,0.130,0.870,0.587,0.580
2715,90.500,0.000,0.000,0.000,0.000,0,0,0,0.000,0.000,4,0,0.897,0,15.297,4737.050,0.633,0.352,3.683,0.732,0.509,1.588,0.156,0.844,0.287,0.650
2718,90.600,146.891,0.000,141.891,0.000,1,1,0,0.000,1.890,3,1,0.862,2,88.589,5280.444,0.633,0.356,3.662,0.766,0.571,0.944,0.163,0.837,0.684,0.750
2721,90.700,11.402,0.000,-135.489,0.000,1,1,0,0.000,1.647,3,0,0.862,2,85.041,4826.315,0.633,0.356,1.832,0.742,0.189,0.526,0.152,0.848,0.453,0.580
2724,90.800,5.385,0.000,-6.017,0.000,1,1,0,0.000,1.393,3,0,0.897,2,6.000,4434.514,0.633,0.356,1.478,0.521,0.333,0.361,0.123,0.877,0.426,0.580
2727,90.900,2.000,0.000,-3.385,0.000,1,1,0,0.000,1.102,4,1,0.862,3,7.071,5112.747,0.667,0.356,1.655,0.546,0.232,0.001,0.129,0.871,0.529,0.750
2730,91.000,8.544,0.000,6.544,0.000,1,1,0,0.000,1.238,4,0,0.862,3,72.111,5550.938,0.700,0.343,2.225,0.194,0.282,0.077,0.148,0.852,0.609,0.580
2733,91.100,19.698,0.000,11.154,0.000,1,1,0,0.000,1.025,4,0,0.862,3,77.466,5181.788,0.733,0.370,2.812,0.496,0.098,0.002,0.150,0.850,0.668,0.580
2736,91.200,0.000,153.056,0.000,134.945,1,0,1,0.000,1.293,3,1,0.828,2,102.859,5088.250,0.733,0.379,2.757,0.364,0.144,1.161,0.165,0.835,0.701,0.750
2739,91.300,0.000,0.000,0.000,0.000,0,0,0,0.000,0.000,3,0,0.828,0,102.859,5088.250,0.733,0.379,3.074,0.729,0.332,2.455,0.189,0.811,0.184,0.650
2742,91.400,0.000,0.000,0.000,0.000,0,0,0,0.000,0.000,3,0,0.862,0,102.859,5088.250,0.733,0.379,1.688,0.763,0.406,0.952,0.161,0.839,0.147,0.580
2745,91.500,0.000,0.000,0.000,0.000,0,0,0,0.000,0.000,4,1,0.828,0,102.859,5088.250,0.733,0.379,3.226,0.849,0.329,0.081,0.192,0.808,0.279,0.750
2748,91.600,0.000,0.000,0.000,0.000,0,0,0,0.000,0.000,4,0,0.828,0,102.859,5088.250,0.733,0.379,2.425,0.927,0.427,0.067,0.183,0.817,0.254,0.580
2751,91.700,0.000,0.000,0.000,0.000,0,0,0,0.000,0.000,4,0,0.828,0,102.859,5088.250,0.700,0.379,2.862,0.913,0.285,0.809,0.197,0.803,0.262,0.580
2754,91.800,0.000,0.000,0.000,0.000,0,0,0,0.000,0.000,4,0,0.828,0,102.859,5088.250,0.700,0.379,1.463,0.861,0.229,0.018,0.158,0.842,0.230,0.580
2757,91.900,0.000,0.000,0.000,0.000,0,0,0,0.000,0.000,4,0,0.828,0,102.859,5088.250,0.700,0.379,1.824,0.871,0.354,0.351,0.171,0.829,0.239,0.580
2760,92.000,0.000,0.000,0.000,0.000,0,0,0,0.000,0.000,4,0,0.862,0,102.859,5088.250,0.700,0.379,2.406,0.909,0.542,0.941,0.183,0.817,0.251,0.580
2763,92.100,0.000,0.000,0.000,0.000,0,0,0,0.000,0.000,4,0,0.862,0,102.859,5088.250,0.667,0.379,4.450,0.919,0.717,0.425,0.215,0.785,0.297,0.580
2766,92.200,0.000,0.000,0.000,0.000,0,0,0,0.000,0.000,4,0,0.862,0,102.859,5088.250,0.633,0.379,5.358,0.908,0.646,0.156,0.223,0.777,0.316,0.580
2769,92.300,0.000,0.000,0.000,0.000,0,0,0,0.000,0.000,4,0,0.862,0,102.859,5088.250,0.600,0.379,4.515,0.941,0.406,0.030,0.216,0.784,0.289,0.580
2772,92.400,0.000,0.000,0.000,0.000,0,0,0,0.000,0.000,4,0,0.862,0,102.859,5088.250,0.567,0.379,3.927,0.965,0.051,0.116,0.218,0.782,0.269,0.580
2775,92.500,0.000,0.000,0.000,0.000,0,0,0,0.000,0.000,4,0,0.862,0,102.859,5088.250,0.533,0.379,2.310,0.952,0.161,0.069,0.174,0.826,0.225,0.580
2778,92.600,0.000,0.000,0.000,0.000,0,0,0,0.000,0.000,4,0,0.862,0,102.859,5088.250,0.500,0.379,2.225,0.963,0.343,0.243,0.180,0.820,0.218,0.580
2781,92.700,0.000,0.000,0.000,0.000,0,0,0,0.000,0.000,3,1,0.828,0,102.859,5088.250,0.467,0.379,1.595,0.922,0.314,0.084,0.157,0.843,0.201,0.750
2784,92.800,280.179,0.000,260.481,0.000,1,1,0,0.000,1.191,3,0,0.828,0,102.859,5088.250,0.433,0.379,1.464,0.954,0.333,0.313,0.148,0.852,0.572,0.650
2787,92.900,1.414,0.000,-278.764,0.000,1,1,0,0.000,1.159,3,0,0.828,0,102.859,5088.250,0.400,0.379,1.379,0.969,0.255,0.236,0.143,0.857,0.322,0.580
2790,93.000,2.000,0.000,0.586,0.000,1,1,0,0.000,1.166,3,0,0.828,0,102.859,5088.250,0.367,0.379,1.383,0.974,0.232,0.329,0.153,0.847,0.321,0.580
2793,93.100,2.236,0.000,0.236,0.000,1,1,0,0.000,1.117,3,0,0.828,0,102.859,5088.250,0.333,0.379,1.457,0.980,0.084,0.127,0.164,0.836,0.320,0.580
2796,93.200,2.000,0.000,-0.236,0.000,1,1,0,0.000,1.045,3,0,0.828,0,102.859,5088.250,0.300,0.379,1.299,0.971,0.061,0.005,0.157,0.843,0.312,0.580
2799,93.300,1.414,0.000,-0.586,0.000,1,1,0,0.000,1.095,2,1,0.793,0,102.859,5088.250,0.267,0.379,0.884,0.930,0.244,0.091,0.113,0.887,0.197,0.750
2802,93.400,1.000,0.000,-0.414,0.000,1,1,0,0.000,1.148,2,0,0.793,0,102.859,5088.250,0.233,0.379,0.703,0.860,0.173,0.102,0.099,0.901,0.191,0.580
2805,93.500,1.414,0.000,0.414,0.000,1,1,0,0.000,1.239,3,1,0.793,1,102.859,5088.250,0.267,0.201,0.795,0.484,0.117,0.010,0.090,0.910,0.286,0.750
2808,93.600,15.232,0.000,13.817,0.000,1,1,0,0.000,1.144,4,1,0.759,1,102.859,5088.250,0.267,0.205,1.632,0.509,0.164,1.562,0.105,0.895,0.467,0.750
2811,93.700,73.348,0.000,58.117,0.000,1,1,0,0.000,0.880,4,0,0.759,1,182.584,5957.859,0.267,0.208,1.594,0.843,0.444,2.322,0.143,0.857,0.608,0.750
2814,93.800,51.039,0.000,-22.309,0.000,1,1,0,0.000,0.811,4,0,0.793,1,67.469,5980.664,0.267,0.208,2.819,0.883,0.789,0.256,0.195,0.805,0.636,0.000
2817,93.900,0.000,0.000,0.000,0.000,0,0,0,0.000,0.000,3,1,0.759,0,67.469,5980.664,0.233,0.208,2.365,0.862,1.041,0.132,0.182,0.818,0.097,0.750
2820,94.000,0.000,0.000,0.000,0.000,0,0,0,0.000,0.000,3,0,0.759,0,67.469,5980.664,0.200,0.208,2.372,0.886,1.294,0.080,0.179,0.821,0.091,0.580
2823,94.100,0.000,0.000,0.000,0.000,0,0,0,0.000,0.000,3,0,0.793,0,67.469,5980.664,0.167,0.208,2.127,0.827,1.300,0.532,0.158,0.842,0.085,0.580
2826,94.200,0.000,0.000,0.000,0.000,0,0,0,0.000,0.000,4,1,0.759,0,67.469,5980.664,0.133,0.208,1.066,0.806,1.251,0.644,0.120,0.880,0.156,0.750
2829,94.300,0.000,0.000,0.000,0.000,0,0,0,0.000,0.000,4,0,0.759,0,67.469,5980.664,0.133,0.208,1.514,0.848,1.158,1.780,0.152,0.848,0.164,0.580
2832,94.400,0.000,0.000,0.000,0.000,0,0,0,0.000,0.000,4,0,0.793,0,67.469,5980.664,0.133,0.208,1.907,0.887,1.016,0.085,0.143,0.857,0.172,0.580
2835,94.500,0.000,0.000,0.000,0.000,0,0,0,0.000,0.000,4,0,0.793,0,67.469,5980.664,0.133,0.208,2.670,0.950,0.953,0.078,0.160,0.840,0.186,0.580
2838,94.600,0.000,0.000,0.000,0.000,0,0,0,0.000,0.000,4,0,0.793,0,67.469,5980.664,0.133,0.208,1.740,0.692,0.759,0.566,0.134,0.866,0.181,0.580
2841,94.700,221.145,0.000,170.106,0.000,1,1,0,0.000,0.763,4,0,0.793,1,197.023,6059.069,0.167,0.229,1.398,0.512,0.675,0.527,0.127,0.873,0.614,0.750
2844,94.800,0.000,0.000,0.000,0.000,0,0,0,0.000,0.000,3,1,0.759,0,197.023,6059.069,0.167,0.229,1.459,0.487,0.574,0.076,0.116,0.884,0.092,0.750
2847,94.900,0.000,0.000,0.000,0.000,0,0,0,0.000,0.000,3,0,0.759,0,197.023,6059.069,0.167,0.229,1.529,0.822,0.502,0.160,0.151,0.849,0.071,0.750
2850,95.000,0.000,0.000,0.000,0.000,0,0,0,0.000,0.000,3,0,0.759,0,197.023,6059.069,0.167,0.229,1.404,0.652,0.390,0.334,0.122,0.878,0.079,0.750
2853,95.100,0.000,0.000,0.000,0.000,0,0,0,0.000,0.000,5,1,0.724,0,197.023,6059.069,0.167,0.229,2.223,0.847,0.277,1.097,0.188,0.812,0.186,0.750
2856,95.200,0.000,0.000,0.000,0.000,0,0,0,0.000,0.000,5,0,0.724,0,197.023,6059.069,0.167,0.229,1.640,0.919,0.134,0.119,0.154,0.846,0.167,0.750
2859,95.300,0.000,0.000,0.000,0.000,0,0,0,0.000,0.000,5,0,0.724,0,197.023,6059.069,0.167,0.229,1.779,0.916,0.069,1.055,0.161,0.839,0.170,0.750
2862,95.400,4.123,0.000,-217.022,0.000,1,1,0,0.000,1.062,3,1,0.690,1,197.023,6059.069,0.200,0.245,3.012,0.880,0.142,0.018,0.193,0.807,0.321,0.750
2865,95.500,0.000,0.000,0.000,0.000,0,0,0,0.000,0.000,3,0,0.690,0,197.023,6059.069,0.200,0.245,2.195,0.922,0.448,0.056,0.180,0.820,0.084,0.750
2868,95.600,0.000,0.000,0.000,0.000,0,0,0,0.000,0.000,3,0,0.724,0,197.023,6059.069,0.200,0.245,2.297,0.891,0.417,0.699,0.176,0.824,0.089,0.750
2871,95.700,0.000,0.000,0.000,0.000,0,0,0,0.000,0.000,4,1,0.690,0,197.023,6059.069,0.200,0.245,1.886,0.848,0.452,0.737,0.159,0.841,0.182,0.750
2874,95.800,0.000,0.000,0.000,0.000,0,0,0,0.000,0.000,4,0,0.690,0,197.023,6059.069,0.200,0.245,2.580,0.876,0.591,0.045,0.185,0.815,0.197,0.750
2877,95.900,0.000,0.000,0.000,0.000,0,0,0,0.000,0.000,4,0,0.690,0,197.023,6059.069,0.200,0.245,2.030,0.912,0.705,0.251,0.183,0.817,0.181,0.750
2880,96.000,0.000,0.000,0.000,0.000,0,0,0,0.000,0.000,4,0,0.690,0,197.023,6059.069,0.200,0.245,1.965,0.831,0.655,0.654,0.160,0.840,0.185,0.750
2883,96.100,0.000,0.000,0.000,0.000,0,0,0,0.000,0.000,4,0,0.690,0,197.023,6059.069,0.200,0.245,1.502,0.743,0.400,1.604,0.121,0.879,0.180,0.750
2886,96.200,0.000,0.000,0.000,0.000,0,0,0,0.000,0.000,4,0,0.724,0,197.023,6059.069,0.200,0.245,1.200,0.620,0.348,0.270,0.106,0.894,0.181,0.750
2889,96.300,0.000,99.925,0.000,-53.131,1,0,1,0.000,1.524,3,1,0.690,1,12.000,6158.699,0.233,0.259,1.449,0.714,0.319,0.726,0.129,0.871,0.524,0.750
2892,96.400,0.000,0.000,0.000,0.000,0,0,0,0.000,0.000,3,0,0.724,0,12.000,6158.699,0.233,0.259,1.377,0.441,0.273,1.507,0.096,0.904,0.102,0.650
2895,96.500,0.000,0.000,0.000,0.000,0,0,0,0.000,0.000,3,0,0.759,0,12.000,6158.699,0.200,0.259,1.736,0.760,0.186,0.520,0.105,0.895,0.084,0.580
2898,96.600,106.607,0.000,102.484,0.000,1,1,0,0.000,1.031,3,0,0.759,2,109.554,5663.224,0.200,0.267,2.170,0.851,0.170,1.672,0.133,0.867,0.589,0.650
2901,96.700,0.000,97.015,0.000,-2.910,1,0,1,0.000,1.748,3,0,0.759,2,9.220,5171.524,0.200,0.267,1.511,0.819,0.083,0.204,0.126,0.874,0.574,0.500
2904,96.800,6.083,0.000,-100.524,0.000,1,1,0,0.000,0.917,3,0,0.793,2,9.220,5171.524,0.200,0.267,1.441,0.892,0.060,0.008,0.134,0.866,0.351,0.580
2907,96.900,12.083,0.000,6.000,0.000,1,1,0,0.000,0.983,3,0,0.793,2,82.347,5077.114,0.233,0.270,1.654,0.721,0.177,0.364,0.158,0.842,0.406,0.580
2910,97.000,27.459,0.000,15.376,0.000,1,1,0,0.000,0.864,3,0,0.793,2,82.347,5077.114,0.267,0.270,3.646,0.706,0.110,0.096,0.199,0.801,0.546,0.580
2913,97.100,100.080,0.000,72.621,0.000,1,1,0,0.000,0.855,3,0,0.828,2,82.347,5077.114,0.300,0.270,4.571,0.778,0.103,0.248,0.223,0.777,0.666,0.450
2916,97.200,38.639,0.000,-61.441,0.000,1,1,0,0.000,0.854,3,0,0.828,2,82.347,5077.114,0.333,0.272,4.486,0.785,0.375,0.133,0.229,0.771,0.632,0.450
2919,97.300,32.650,0.000,-5.990,0.000,1,1,0,0.000,0.882,3,0,0.828,1,82.347,5077.114,0.367,0.272,4.926,0.763,0.666,0.003,0.227,0.773,0.555,0.000
2922,97.400,33.541,0.000,0.891,0.000,1,1,0,0.000,0.526,3,0,0.828,1,82.347,5077.114,0.400,0.275,5.167,0.706,0.823,0.028,0.222,0.778,0.574,0.000
2925,97.500,15.524,0.000,-18.017,0.000,1,1,0,0.000,0.549,4,1,0.793,1,82.347,5077.114,0.433,0.278,5.552,0.368,1.241,1.233,0.201,0.799,0.596,0.750
2928,97.600,11.314,0.000,-4.210,0.000,1,1,0,0.000,0.435,4,0,0.793,1,82.347,5077.114,0.467,0.278,4.810,0.060,1.982,0.627,0.209,0.791,0.580,0.700
2931,97.700,11.180,0.000,-0.133,0.000,1,1,0,0.000,0.391,4,0,0.828,1,82.347,5077.114,0.467,0.281,5.019,0.133,2.452,0.532,0.218,0.782,0.579,0.700
2934,97.800,6.403,0.000,-4.777,0.000,1,1,0,0.000,0.496,3,1,0.793,1,82.347,5077.114,0.500,0.284,5.580,0.406,2.926,0.493,0.220,0.780,0.467,0.750
2937,97.900,10.050,0.000,3.647,0.000,1,1,0,0.000,0.550,3,0,0.793,1,82.347,5077.114,0.533,0.284,5.699,0.327,3.503,0.128,0.218,0.782,0.499,0.700
2940,98.000,6.325,0.000,-3.725,0.000,1,1,0,0.000,0.550,3,0,0.828,1,82.347,5077.114,0.567,0.287,5.408,0.276,4.049,0.258,0.216,0.784,0.479,0.700
2943,98.100,6.083,0.000,-0.242,0.000,1,1,0,0.000,0.573,4,1,0.793,3,82.347,5077.114,0.600,0.287,5.183,0.398,4.662,0.010,0.218,0.782,0.643,0.750
2946,98.200,5.831,0.000,-0.252,0.000,1,1,0,0.000,0.660,4,0,0.793,3,82.347,5077.114,0.633,0.287,4.548,0.500,5.121,0.022,0.211,0.789,0.622,0.700
2949,98.300,118.296,0.000,112.465,0.000,1,1,0,0.000,0.796,4,0,0.828,2,18.248,4385.287,0.667,0.287,12.780,0.191,5.499,0.283,0.315,0.685,0.907,0.700
2952,98.400,4.243,0.000,-114.054,0.000,1,1,0,0.000,0.866,9,1,0.793,4,99.905,4711.359,0.667,0.287,2.440,0.771,6.944,1.703,0.173,0.827,0.491,0.750
2955,98.500,3.606,0.000,-0.637,0.000,1,1,0,0.000,0.917,9,0,0.793,4,66.272,5149.459,0.700,0.281,2.216,0.620,9.144,0.369,0.141,0.859,0.496,0.700
2958,98.600,2.236,0.000,-1.369,0.000,1,1,0,0.000,1.160,9,0,0.828,4,139.316,5431.900,0.733,0.278,1.593,0.093,5.582,2.055,0.134,0.866,0.514,0.750
2961,98.700,2.236,0.000,0.000,0.000,1,1,0,0.000,1.088,7,1,0.793,3,4.123,5737.050,0.767,0.278,1.660,0.553,3.333,0.217,0.124,0.876,0.484,0.750
2964,98.800,18.028,0.000,15.792,0.000,1,1,0,0.000,1.156,7,0,0.793,3,4.472,6075.975,0.800,0.278,1.513,0.514,2.427,0.389,0.105,0.895,0.575,0.700
2967,98.900,5.000,0.000,-13.028,0.000,1,1,0,0.000,1.249,7,0,0.793,3,4.243,6194.384,0.833,0.278,1.746,0.883,1.756,0.042,0.123,0.877,0.487,0.700
2970,99.000,7.071,0.000,2.071,0.000,1,1,0,0.000,1.536,9,0,0.793,5,94.726,6138.688,0.867,0.325,1.519,0.741,1.244,0.365,0.078,0.922,0.529,0.580
2973,99.100,19.026,0.000,11.955,0.000,1,1,0,0.000,1.481,9,0,0.793,5,110.635,5364.917,0.900,0.462,1.065,0.730,0.801,0.761,0.101,0.899,0.589,0.615
2976,99.200,0.000,165.412,0.000,68.396,1,0,1,0.000,1.427,9,0,0.828,5,102.650,2877.204,0.933,0.444,1.937,0.864,0.499,0.531,0.134,0.866,0.750,0.570
2979,99.300,0.000,9.487,0.000,-155.925,1,0,1,0.000,1.319,8,0,0.828,3,100.409,1988.100,0.933,0.444,2.005,0.824,0.220,0.663,0.134,0.866,0.525,0.580
2982,99.400,0.000,2.000,0.000,-7.487,1,0,1,0.000,1.528,8,0,0.828,3,98.858,1458.930,0.967,0.435,2.919,0.904,0.095,0.379,0.161,0.839,0.504,0.580
2985,99.500,0.000,3.162,0.000,1.162,1,0,1,0.000,1.579,8,0,0.828,3,5.831,1480.227,1.000,0.426,2.070,0.466,0.391,0.904,0.139,0.861,0.524,0.580
2988,99.600,0.000,8.246,0.000,5.084,1,0,1,0.000,1.621,11,1,0.793,6,22.804,1370.797,1.000,0.379,1.370,0.573,0.710,1.571,0.134,0.866,0.558,0.750
2991,99.700,0.000,19.235,0.000,10.989,1,0,1,0.000,1.432,11,0,0.793,6,0.000,1317.179,1.000,0.369,2.501,0.907,1.053,0.269,0.163,0.837,0.624,0.580
2994,99.800,0.000,493.860,0.000,476.140,2,0,1,493.860,1.332,11,0,0.793,6,0.000,1783.238,1.000,0.358,2.171,0.946,1.489,0.149,0.154,0.846,0.806,0.700
2997,99.900,0.000,518.738,0.000,18.592,2,0,1,518.738,2.090,6,1,0.759,4,0.000,1600.879,1.000,0.358,1.839,0.799,1.505,0.683,0.146,0.854,0.830,0.750
3000,100.000,0.000,525.952,0.000,-0.228,2,0,1,525.952,2.398,6,0,0.759,4,165.496,1851.445,1.000,0.358,1.630,0.929,1.602,0.160,0.136,0.864,0.816,0.750
3003,100.100,0.000,519.278,0.000,-10.637,2,0,1,519.278,2.938,6,0,0.759,4,0.000,1975.165,1.000,0.347,3.592,0.878,1.505,0.422,0.157,0.843,0.868,0.700
3006,100.200,0.000,522.551,0.000,2.056,2,0,1,522.551,3.126,7,1,0.724,6,118.072,1772.964,1.000,0.336,1.300,0.759,1.260,0.752,0.104,0.896,0.854,0.750
3009,100.300,53.907,6.403,34.881,-516.148,2,1,1,526.599,2.812,7,0,0.724,6,148.189,2172.020,1.000,0.336,1.485,0.842,1.127,0.691,0.110,0.890,0.852,0.750
3012,100.400,5.385,32.202,-48.522,25.799,2,1,1,552.900,2.476,7,0,0.759,6,169.284,2539.950,1.000,0.336,3.146,0.788,0.989,0.660,0.129,0.871,0.827,0.750
3015,100.500,19.723,42.953,14.338,10.751,2,1,1,561.450,2.198,7,0,0.759,4,137.830,2432.304,1.000,0.336,5.884,0.519,0.843,0.035,0.137,0.863,0.922,0.750
3018,100.600,3.606,17.692,-16.118,-25.262,2,1,1,571.757,2.072,7,0,0.759,4,185.715,2780.194,1.000,0.336,2.390,0.627,0.627,1.110,0.121,0.879,0.687,0.750
3021,100.700,0.000,599.921,0.000,19.010,2,0,1,599.921,1.945,7,0,0.793,4,128.787,3045.864,1.000,0.324,3.716,0.640,0.492,1.157,0.149,0.851,0.871,0.715
3024,100.800,0.000,533.730,0.000,-62.048,2,0,1,533.730,1.939,7,0,0.793,4,107.703,3179.487,1.000,0.336,3.953,0.562,0.380,0.167,0.148,0.852,0.882,0.598
3027,100.900,0.000,554.196,0.000,0.355,2,0,1,554.196,2.589,7,0,0.793,4,0.000,2902.368,1.000,0.336,6.697,0.739,0.257,3.134,0.162,0.838,0.939,0.550
3030,101.000,28.284,83.863,24.679,-470.333,2,1,1,518.376,2.735,7,0,0.828,6,202.800,3157.139,1.000,0.336,7.295,0.372,0.111,0.628,0.180,0.820,1.000,0.750
3033,101.100,101.951,87.321,73.667,3.458,2,1,1,562.435,2.518,5,1,0.793,6,0.000,2828.219,1.000,0.336,8.264,0.435,0.089,2.610,0.199,0.801,1.000,0.750
3036,101.200,0.000,133.222,0.000,45.900,1,0,1,0.000,2.307,5,0,0.793,3,0.000,3349.310,1.000,0.336,10.380,0.294,0.345,0.018,0.213,0.787,0.957,0.650
3039,101.300,0.000,0.000,0.000,0.000,0,0,0,0.000,0.000,5,0,0.828,0,0.000,3349.310,0.967,0.336,8.561,0.562,0.591,0.431,0.210,0.790,0.447,0.650
3042,101.400,0.000,0.000,0.000,0.000,0,0,0,0.000,0.000,4,0,0.828,0,0.000,3349.310,0.933,0.336,7.208,0.806,5.842,0.108,0.205,0.795,0.406,0.700
3045,101.500,0.000,0.000,0.000,0.000,0,0,0,0.000,0.000,4,0,0.828,0,0.000,3349.310,0.900,0.336,14.409,0.144,6.998,1.939,0.286,0.714,0.468,0.700
3048,101.600,0.000,0.000,0.000,0.000,0,0,0,0.000,0.000,4,0,0.862,0,0.000,3349.310,0.867,0.336,0.955,0.715,9.090,1.904,0.094,0.906,0.248,0.700
3051,101.700,0.000,0.000,0.000,0.000,0,0,0,0.000,0.000,5,0,0.862,0,0.000,3349.310,0.833,0.336,0.884,0.806,6.049,1.070,0.088,0.912,0.236,0.700
3054,101.800,0.000,0.000,0.000,0.000,0,0,0,0.000,0.000,5,0,0.862,0,0.000,3349.310,0.800,0.336,1.559,0.839,5.870,0.744,0.107,0.893,0.246,0.700
3057,101.900,0.000,0.000,0.000,0.000,0,0,0,0.000,0.000,5,0,0.862,0,0.000,3349.310,0.767,0.336,0.825,0.554,5.868,0.454,0.066,0.934,0.244,0.700
3060,102.000,0.000,0.000,0.000,0.000,0,0,0,0.000,0.000,4,0,0.862,0,0.000,3349.310,0.733,0.336,1.756,0.694,4.983,0.549,0.064,0.936,0.253,0.700
3063,102.100,0.000,0.000,0.000,0.000,0,0,0,0.000,0.000,4,0,0.862,0,0.000,3349.310,0.700,0.336,3.539,0.368,2.497,0.034,0.124,0.876,0.317,0.700
3066,102.200,0.000,206.708,0.000,73.486,1,0,1,0.000,2.229,4,0,0.862,3,150.097,3638.135,0.700,0.212,2.898,0.460,2.597,0.833,0.123,0.877,0.809,0.750
3069,102.300,0.000,10.296,0.000,-196.412,1,0,1,0.000,2.229,5,1,0.828,4,124.619,3913.677,0.700,0.212,2.482,0.715,2.366,1.361,0.110,0.890,0.597,0.750
3072,102.400,0.000,13.038,0.000,2.743,1,0,1,0.000,1.850,5,0,0.828,4,0.000,4139.019,0.700,0.219,2.302,0.780,2.094,1.241,0.113,0.887,0.603,0.700
3075,102.500,0.000,4.472,0.000,-8.566,1,0,1,0.000,1.668,5,0,0.862,4,59.414,4028.794,0.700,0.219,2.106,0.869,1.257,0.596,0.117,0.883,0.545,0.580
3078,102.600,0.000,5.099,0.000,0.627,1,0,1,0.000,1.309,6,1,0.828,4,0.000,3131.238,0.700,0.219,1.454,0.834,0.676,0.170,0.104,0.896,0.510,0.750
3081,102.700,0.000,4.000,0.000,-1.099,1,0,1,0.000,1.074,6,0,0.828,4,64.327,2562.094,0.700,0.227,2.590,0.402,0.166,2.498,0.114,0.886,0.563,0.580
3084,102.800,0.000,2.828,0.000,-1.172,1,0,1,0.000,1.125,6,0,0.862,4,0.000,2103.398,0.700,0.227,2.215,0.620,0.251,2.411,0.114,0.886,0.532,0.580
3087,102.900,0.000,12.806,0.000,9.978,1,0,1,0.000,1.092,6,0,0.862,4,0.000,1968.609,0.700,0.227,3.720,0.830,0.536,0.330,0.130,0.870,0.610,0.580
3090,103.000,0.000,3.000,0.000,-9.806,1,0,1,0.000,1.086,6,0,0.862,4,0.000,1918.598,0.700,0.227,2.114,0.622,0.755,0.371,0.117,0.883,0.530,0.580
3093,103.100,0.000,8.062,0.000,5.062,1,0,1,0.000,1.023,6,0,0.897,4,0.000,1818.368,0.700,0.227,2.296,0.799,1.083,0.158,0.128,0.872,0.550,0.580
3096,103.200,0.000,11.045,0.000,2.983,1,0,1,0.000,1.135,6,0,0.897,4,0.000,1739.165,0.700,0.227,3.630,0.745,0.960,0.722,0.140,0.860,0.604,0.580
3099,103.300,0.000,3.162,0.000,-7.883,1,0,1,0.000,0.978,6,0,0.897,4,0.000,1665.025,0.700,0.227,1.856,0.517,0.894,0.485,0.088,0.912,0.532,0.580
3102,103.400,0.000,20.000,0.000,16.838,1,0,1,0.000,1.181,6,0,0.897,4,65.742,1778.878,0.700,0.227,2.381,0.591,0.891,0.052,0.099,0.901,0.633,0.580
3105,103.500,0.000,9.220,0.000,-10.780,1,0,1,0.000,1.245,5,1,0.862,3,59.304,1694.525,0.700,0.234,2.372,0.374,0.790,2.901,0.093,0.907,0.576,0.750
3108,103.600,0.000,14.422,0.000,5.203,1,0,1,0.000,1.358,5,0,0.862,3,58.421,1630.170,0.700,0.234,2.392,0.156,0.688,2.779,0.101,0.899,0.621,0.580
3111,103.700,0.000,14.318,0.000,-0.104,1,0,1,0.000,1.560,5,0,0.862,3,0.000,1607.488,0.700,0.369,1.190,0.447,0.735,2.780,0.091,0.909,0.570,0.580
3114,103.800,0.000,12.530,0.000,-1.788,1,0,1,0.000,1.636,6,1,0.828,4,0.000,1582.297,0.700,0.369,2.191,0.814,0.745,1.464,0.131,0.869,0.571,0.750
3117,103.900,0.000,5.831,0.000,-6.699,1,0,1,0.000,1.438,6,0,0.828,4,60.166,1560.505,0.700,0.369,2.141,0.661,0.716,0.887,0.100,0.900,0.544,0.580
3120,104.000,0.000,14.765,0.000,8.934,1,0,1,0.000,1.324,6,0,0.862,4,69.721,1523.854,0.700,0.369,2.937,0.568,0.639,2.835,0.082,0.918,0.620,0.580
3123,104.100,362.353,0.000,260.402,0.000,1,1,0,0.000,1.489,6,0,0.862,4,80.156,1580.338,0.700,0.369,3.024,0.729,0.539,2.805,0.114,0.886,0.779,0.550
3126,104.200,0.000,2.000,0.000,-12.765,1,0,1,0.000,1.603,6,0,0.862,4,73.246,1398.319,0.700,0.369,1.784,0.699,0.407,1.075,0.102,0.898,0.511,0.580
3129,104.300,0.000,10.817,0.000,8.817,1,0,1,0.000,1.490,6,0,0.862,4,0.000,1159.738,0.733,0.369,2.159,0.498,0.319,2.005,0.077,0.923,0.587,0.580
3132,104.400,0.000,7.211,0.000,-3.606,1,0,1,0.000,1.794,6,0,0.862,4,75.000,1230.435,0.767,0.369,1.200,0.400,0.218,2.687,0.096,0.904,0.554,0.580
3135,104.500,0.000,18.248,0.000,11.037,1,0,1,0.000,1.726,6,0,0.862,4,0.000,902.875,0.800,0.369,1.859,0.417,0.210,0.749,0.097,0.903,0.635,0.580
3138,104.600,0.000,8.062,0.000,-10.186,1,0,1,0.000,1.743,6,0,0.862,4,0.000,499.100,0.833,0.369,1.933,0.565,0.157,0.695,0.083,0.917,0.574,0.580
3141,104.700,0.000,19.925,0.000,11.863,1,0,1,0.000,1.501,6,0,0.862,4,78.026,523.260,0.867,0.369,2.519,0.723,0.026,0.432,0.102,0.898,0.647,0.350
3144,104.800,0.000,7.211,0.000,-12.714,1,0,1,0.000,1.406,6,0,0.862,4,82.298,591.559,0.900,0.369,2.096,0.188,0.297,1.372,0.092,0.908,0.607,0.580
3147,104.900,0.000,7.211,0.000,0.000,1,0,1,0.000,1.793,6,0,0.862,4,81.394,610.017,0.933,0.369,1.345,0.147,0.308,0.359,0.076,0.924,0.595,0.580
3150,105.000,0.000,14.213,0.000,7.002,1,0,1,0.000,1.621,5,1,0.828,4,0.000,576.289,0.967,0.369,1.565,0.433,0.625,0.153,0.100,0.900,0.648,0.750
3153,105.100,0.000,19.235,0.000,5.023,1,0,1,0.000,1.825,5,0,0.828,4,87.052,591.647,1.000,0.369,2.309,0.636,0.803,1.574,0.098,0.902,0.684,0.550
3156,105.200,0.000,24.083,0.000,4.848,1,0,1,0.000,1.442,5,0,0.862,4,90.089,635.069,1.000,0.358,2.181,0.584,0.764,0.110,0.111,0.889,0.711,0.500
3159,105.300,0.000,17.889,0.000,-6.195,1,0,1,0.000,1.643,5,0,0.862,4,84.012,1416.258,1.000,0.358,1.658,0.591,0.403,0.021,0.075,0.925,0.663,0.550
3162,105.400,0.000,19.209,0.000,1.321,1,0,1,0.000,1.437,5,0,0.862,4,86.023,1830.408,1.000,0.358,2.119,0.464,0.428,0.109,0.095,0.905,0.691,0.550
3165,105.500,0.000,27.893,0.000,8.683,1,0,1,0.000,1.635,5,0,0.897,4,90.000,2294.919,1.000,0.358,2.241,0.655,0.412,0.864,0.083,0.917,0.729,0.550
3168,105.600,0.000,15.000,0.000,-12.893,1,0,1,0.000,1.711,3,1,0.862,2,0.000,2115.345,1.000,0.369,2.214,0.663,0.558,1.285,0.116,0.884,0.532,0.750
3171,105.700,0.000,5.000,0.000,-10.000,1,0,1,0.000,1.631,3,0,0.862,2,0.000,1945.470,1.000,0.369,1.936,0.694,0.837,2.727,0.101,0.899,0.468,0.580
3174,105.800,0.000,8.602,0.000,3.602,1,0,1,0.000,1.549,3,0,0.862,2,0.000,1840.658,1.000,0.379,2.347,0.089,0.710,2.472,0.082,0.918,0.540,0.550
3177,105.900,0.000,3.162,0.000,-5.440,1,0,1,0.000,1.578,5,1,0.828,3,0.000,1737.288,1.000,0.379,1.933,0.791,0.684,0.161,0.111,0.889,0.539,0.750
3180,106.000,0.000,5.099,0.000,1.937,1,0,1,0.000,1.634,5,0,0.828,3,0.000,1366.367,1.000,0.379,2.964,0.626,0.370,0.243,0.106,0.894,0.587,0.580
3183,106.100,0.000,14.765,0.000,9.666,1,0,1,0.000,1.571,5,0,0.828,3,97.673,1363.125,1.000,0.389,3.209,0.662,0.220,1.549,0.111,0.889,0.644,0.550
3186,106.200,0.000,15.556,0.000,0.792,1,0,1,0.000,1.581,6,1,0.793,4,82.565,1196.544,1.000,0.389,4.585,0.308,0.044,0.063,0.104,0.896,0.719,0.750
3189,106.300,0.000,34.205,0.000,18.649,1,0,1,0.000,1.373,6,0,0.793,4,121.165,1490.108,1.000,0.389,3.671,0.287,0.364,0.751,0.112,0.888,0.802,0.673
3192,106.400,89.627,0.000,-272.726,0.000,1,1,0,0.000,1.456,6,0,0.828,4,55.154,1057.850,1.000,0.389,5.272,0.118,0.545,0.141,0.122,0.878,0.914,0.500
3195,106.500,32.757,0.000,-56.870,0.000,1,1,0,0.000,1.608,7,1,0.793,6,0.000,1090.155,1.000,0.379,5.088,0.381,1.130,0.452,0.164,0.836,0.857,0.750
3198,106.600,33.838,0.000,1.081,0.000,1,1,0,0.000,1.519,7,0,0.793,5,0.000,1319.090,1.000,0.379,4.520,0.417,1.645,2.146,0.149,0.851,0.820,0.700
3201,106.700,0.000,382.385,0.000,311.321,2,0,1,382.385,1.227,7,0,0.828,6,54.918,1848.924,1.000,0.369,5.868,0.333,1.939,1.662,0.165,0.835,0.998,0.700
3204,106.800,0.000,392.674,0.000,10.290,1,0,1,0.000,1.535,5,0,0.828,4,54.918,1848.924,1.000,0.369,4.951,0.507,2.487,0.094,0.147,0.853,0.902,0.700
3207,106.900,0.000,4.000,0.000,-388.674,1,0,1,0.000,1.516,5,0,0.828,3,54.918,1848.924,1.000,0.379,4.722,0.456,2.945,0.174,0.140,0.860,0.636,0.700
3210,107.000,0.000,22.361,0.000,18.361,1,0,1,0.000,1.786,5,0,0.828,3,54.918,1848.924,1.000,0.379,5.087,0.361,3.295,0.095,0.135,0.865,0.754,0.700
3213,107.100,0.000,41.869,0.000,19.508,1,0,1,0.000,1.533,6,0,0.828,4,54.918,1848.924,1.000,0.379,3.710,0.435,4.230,0.240,0.143,0.857,0.835,0.700
3216,107.200,170.485,0.000,136.647,0.000,1,1,0,0.000,1.771,6,0,0.828,4,54.918,1848.924,1.000,0.369,5.358,0.741,5.670,2.956,0.172,0.828,0.872,0.700
3219,107.300,561.976,0.000,391.491,0.000,1,1,0,0.000,1.715,6,0,0.828,2,54.918,1848.924,1.000,0.369,4.510,0.608,6.319,0.352,0.175,0.825,0.800,0.700
3222,107.400,102.883,0.000,-459.093,0.000,1,1,0,0.000,1.933,6,1,0.793,2,54.918,1848.924,1.000,0.369,6.290,0.564,6.504,0.251,0.203,0.797,0.848,0.750
3225,107.500,0.000,411.643,0.000,369.774,1,0,1,0.000,1.794,6,0,0.793,1,54.918,1848.924,1.000,0.379,5.515,0.824,8.603,0.304,0.207,0.793,0.780,0.700
3228,107.600,0.000,0.000,0.000,0.000,0,0,0,0.000,0.000,6,0,0.793,0,54.918,1848.924,0.967,0.379,7.470,0.787,7.137,0.077,0.217,0.783,0.418,0.700
3231,107.700,0.000,0.000,0.000,0.000,0,0,0,0.000,0.000,5,0,0.793,0,54.918,1848.924,0.933,0.379,8.902,0.877,6.236,0.131,0.220,0.780,0.421,0.700
3234,107.800,0.000,0.000,0.000,0.000,0,0,0,0.000,0.000,5,0,0.793,0,54.918,1848.924,0.900,0.379,10.222,0.894,4.043,0.057,0.217,0.783,0.415,0.700
3237,107.900,0.000,0.000,0.000,0.000,0,0,0,0.000,0.000,5,0,0.828,0,54.918,1848.924,0.867,0.379,10.087,0.942,4.111,0.028,0.218,0.782,0.408,0.700
3240,108.000,0.000,0.000,0.000,0.000,0,0,0,0.000,0.000,4,0,0.828,0,54.918,1848.924,0.833,0.379,8.118,0.961,3.331,0.093,0.217,0.783,0.403,0.700
3243,108.100,0.000,0.000,0.000,0.000,0,0,0,0.000,0.000,4,0,0.828,0,54.918,1848.924,0.800,0.379,6.764,0.944,2.977,0.085,0.216,0.784,0.369,0.700
3246,108.200,0.000,0.000,0.000,0.000,0,0,0,0.000,0.000,4,0,0.828,0,54.918,1848.924,0.767,0.379,5.618,0.948,2.848,0.027,0.209,0.791,0.336,0.700
3249,108.300,0.000,0.000,0.000,0.000,0,0,0,0.000,0.000,4,0,0.828,0,54.918,1848.924,0.733,0.379,4.384,0.857,2.323,0.279,0.190,0.810,0.308,0.700
3252,108.400,68.066,0.000,-34.817,0.000,1,1,0,0.000,2.041,4,0,0.828,1,54.918,1848.924,0.733,0.259,3.964,0.707,2.164,0.300,0.178,0.822,0.733,0.700
3255,108.500,9.220,0.000,-58.847,0.000,1,1,0,0.000,1.958,4,0,0.862,2,54.918,1848.924,0.733,0.259,2.919,0.539,2.036,1.518,0.156,0.844,0.564,0.700
3258,108.600,0.000,0.000,0.000,0.000,0,0,0,0.000,0.000,6,1,0.828,0,54.918,1848.924,0.700,0.259,5.817,0.791,1.810,0.390,0.194,0.806,0.344,0.750
3261,108.700,0.000,0.000,0.000,0.000,0,0,0,0.000,0.000,6,0,0.828,0,54.918,1848.924,0.667,0.259,7.919,0.750,1.957,0.112,0.209,0.791,0.395,0.700
3264,108.800,0.000,0.000,0.000,0.000,0,0,0,0.000,0.000,6,0,0.862,0,54.918,1848.924,0.633,0.259,6.865,0.833,2.058,0.208,0.210,0.790,0.359,0.700
3267,108.900,0.000,381.907,0.000,-29.736,1,0,1,0.000,2.035,4,1,0.828,2,0.000,1868.427,0.633,0.268,6.499,0.822,2.300,0.002,0.212,0.788,0.821,0.750
3270,109.000,344.990,0.000,335.770,0.000,1,1,0,0.000,2.110,4,0,0.828,2,0.000,1809.780,0.633,0.275,7.586,0.828,2.297,0.073,0.219,0.781,0.848,0.700
3273,109.100,7.000,0.000,-337.990,0.000,1,1,0,0.000,1.877,4,0,0.862,2,0.000,1756.350,0.633,0.275,5.935,0.891,2.539,0.128,0.216,0.784,0.591,0.700
3276,109.200,0.000,18.111,0.000,-363.796,1,0,1,0.000,2.127,5,1,0.828,3,0.000,1598.419,0.633,0.275,6.238,0.910,1.790,0.088,0.218,0.782,0.677,0.750
3279,109.300,0.000,14.318,0.000,-3.793,1,0,1,0.000,2.121,5,0,0.828,3,0.000,1662.984,0.633,0.282,5.294,0.956,0.914,0.004,0.218,0.782,0.629,0.580
3282,109.400,39.205,0.000,32.205,0.000,1,1,0,0.000,1.741,5,0,0.862,3,0.000,1582.975,0.633,0.282,4.322,0.944,0.256,0.023,0.210,0.790,0.744,0.500
3285,109.500,0.000,24.083,0.000,9.765,1,0,1,0.000,1.853,6,1,0.828,3,0.000,1550.319,0.633,0.282,3.989,0.899,0.136,0.076,0.203,0.797,0.637,0.750
3288,109.600,20.125,0.000,-19.080,0.000,1,1,0,0.000,1.420,6,0,0.828,3,0.000,1494.997,0.633,0.289,2.619,0.938,0.369,0.317,0.192,0.808,0.578,0.580
3291,109.700,10.817,0.000,-9.308,0.000,1,1,0,0.000,1.155,6,0,0.828,3,17.692,1047.874,0.633,0.289,2.201,0.947,0.596,0.061,0.186,0.814,0.515,0.580
3294,109.800,6.708,0.000,-4.108,0.000,1,1,0,0.000,1.143,6,0,0.828,2,1.000,736.469,0.633,0.296,1.549,0.885,0.701,0.144,0.165,0.835,0.450,0.580
3297,109.900,7.616,0.000,0.908,0.000,1,1,0,0.000,1.254,6,0,0.828,3,13.454,396.257,0.633,0.296,1.723,0.819,0.764,0.095,0.175,0.825,0.494,0.580
