frame_idx,timestamp,hand_velocity_left,hand_velocity_right,hand_acceleration_left,hand_acceleration_right,hands_present,grip_state_left,grip_state_right,hand_distance,trajectory_curvature,num_tools,tool_changed,tool_stability,num_interactions,contact_point_shift,contact_point_variance,interaction_density,interaction_rhythm,flow_magnitude,flow_uniformity,flow_discontinuity,direction_change,scene_change_score,visual_stability,activity_level,transition_score
0,0.000,0.000,0.000,0.000,0.000,1,0,0,0.000,0.000,4,0,1.000,3,0.000,0.000,1.000,0.000,0.000,1.000,0.000,0.000,0.000,1.000,0.405,0.000
3,0.100,0.000,9.434,0.000,9.434,1,0,0,0.000,0.000,4,0,1.000,3,0.000,0.000,1.000,0.333,0.782,0.316,0.000,1.614,0.073,0.927,0.525,0.550
6,0.200,0.000,9.220,0.000,-0.214,1,0,0,0.000,0.000,5,1,0.500,4,14.318,21.778,1.000,0.348,1.241,0.585,0.000,2.019,0.101,0.899,0.525,0.750
9,0.300,0.000,9.434,0.000,0.214,2,0,0,307.002,0.304,5,1,0.333,6,70.007,1576.918,1.000,0.333,1.792,0.524,0.000,2.092,0.116,0.884,0.631,0.750
12,0.400,70.605,3.162,70.605,-6.272,2,0,0,378.001,0.270,5,0,0.500,6,0.000,1938.339,1.000,0.327,4.256,0.792,0.000,0.464,0.163,0.837,0.871,0.450
15,0.500,0.000,0.000,0.000,0.000,0,0,0,0.000,0.000,5,0,0.600,0,0.000,1938.339,0.833,0.327,12.852,0.316,0.000,0.474,0.300,0.700,0.448,0.650
18,0.600,220.912,235.213,150.307,232.050,2,0,0,314.197,0.891,6,1,0.500,6,0.000,4284.431,0.857,0.309,7.902,0.947,0.000,2.147,0.146,0.854,0.934,0.750
21,0.700,19.105,19.026,-201.807,-216.186,2,0,1,305.262,2.920,6,0,0.571,6,117.644,4570.415,0.875,0.308,7.275,0.951,0.000,0.023,0.142,0.858,0.856,0.654
24,0.800,4.000,18.000,-15.105,-1.026,2,0,1,292.139,1.834,6,0,0.625,6,0.000,4516.054,0.889,0.307,6.343,0.935,0.000,0.022,0.139,0.861,0.830,0.350
27,0.900,5.000,9.055,1.000,-8.945,2,0,1,286.049,1.437,6,0,0.667,6,119.365,4019.929,0.900,0.307,5.059,0.908,0.000,0.104,0.136,0.864,0.751,0.663
30,1.000,5.000,3.000,0.000,-6.055,2,1,1,286.514,1.149,6,0,0.700,6,108.005,2432.254,0.909,0.306,4.397,0.854,0.000,0.059,0.131,0.869,0.717,0.600
33,1.100,7.280,10.050,2.280,7.050,2,1,1,302.338,1.049,6,0,0.727,6,110.535,1114.378,0.917,0.306,3.489,0.780,0.000,0.215,0.123,0.877,0.728,0.614
36,1.200,4.000,7.810,-3.280,-2.240,2,1,1,313.390,1.058,6,0,0.750,6,120.934,1099.869,0.923,0.302,2.629,0.716,0.000,2.263,0.112,0.888,0.700,0.672
39,1.300,2.236,9.220,-1.764,1.409,2,1,1,323.514,1.030,6,0,0.769,6,127.350,1289.500,0.929,0.289,1.898,0.588,0.000,0.175,0.105,0.895,0.699,0.707
42,1.400,2.000,4.123,-0.236,-5.096,2,1,1,325.088,1.018,6,0,0.786,6,128.316,1350.944,0.933,0.289,1.648,0.495,0.000,0.257,0.099,0.901,0.671,0.713
45,1.500,2.000,12.042,0.000,7.918,2,1,1,323.080,0.799,6,0,0.800,6,118.461,1421.604,0.938,0.298,2.693,0.796,0.000,0.749,0.124,0.876,0.721,0.658
48,1.600,17.088,18.439,15.088,6.397,2,1,1,323.371,0.874,6,0,0.812,6,0.000,1222.135,0.941,0.298,4.307,0.742,0.000,0.542,0.138,0.862,0.801,0.550
51,1.700,0.000,59.000,0.000,40.561,1,0,1,0.000,0.949,6,0,0.824,5,0.000,1363.007,0.944,0.311,6.333,0.537,0.000,0.142,0.158,0.842,0.934,0.650
54,1.800,224.056,111.072,206.968,52.072,2,1,1,342.210,0.879,4,1,0.778,5,0.000,1597.594,0.947,0.311,9.077,0.683,0.000,0.078,0.209,0.791,1.000,0.750
57,1.900,0.000,0.000,0.000,0.000,0,0,0,0.000,0.000,4,0,0.789,0,0.000,1597.594,0.900,0.311,12.584,0.715,0.000,0.037,0.190,0.810,0.428,0.650
60,2.000,225.801,220.989,1.745,109.917,2,1,1,249.419,0.943,4,0,0.800,5,0.000,3203.574,0.905,0.302,15.003,0.816,0.000,0.008,0.188,0.812,1.000,0.650
63,2.100,19.235,28.443,-206.565,-192.546,2,1,1,229.340,1.036,3,1,0.762,4,0.000,3203.574,0.909,0.302,14.598,0.815,0.000,0.062,0.183,0.817,0.840,0.750
66,2.200,30.000,15.264,10.765,-13.179,2,1,1,210.618,1.062,3,0,0.773,4,18.358,3808.509,0.913,0.315,12.800,0.959,0.000,0.026,0.174,0.826,0.839,0.350
69,2.300,17.117,16.763,-12.883,1.499,2,1,1,206.306,0.938,3,0,0.783,4,0.000,4573.737,0.917,0.315,6.895,0.892,0.000,0.049,0.167,0.833,0.745,0.350
72,2.400,6.000,7.616,-11.117,-9.147,2,1,1,205.767,0.815,4,1,0.750,4,0.000,4735.488,0.920,0.315,3.937,0.839,0.000,0.478,0.157,0.843,0.722,0.750
75,2.500,12.042,12.083,6.042,4.467,2,1,1,210.640,0.825,4,0,0.760,4,0.000,4441.794,0.923,0.327,2.968,0.446,0.000,1.396,0.151,0.849,0.751,0.580
78,2.600,36.014,43.738,23.972,31.655,2,1,1,221.840,0.680,4,0,0.769,4,0.000,3599.184,0.926,0.327,5.899,0.575,0.000,0.393,0.185,0.815,0.991,0.450
81,2.700,0.000,182.584,0.000,138.846,1,0,1,0.000,0.851,4,0,0.778,2,0.000,3055.169,0.929,0.339,6.891,0.636,0.000,0.409,0.201,0.799,0.879,0.650
84,2.800,0.000,556.008,0.000,373.424,1,0,1,0.000,1.178,4,0,0.786,3,313.766,4323.224,0.931,0.339,9.721,0.733,0.000,0.332,0.221,0.779,0.945,0.750
87,2.900,0.000,62.032,0.000,-493.976,1,0,1,0.000,1.029,4,0,0.793,3,49.254,6004.614,0.933,0.350,9.145,0.712,0.000,0.167,0.187,0.813,0.947,0.450
90,3.000,0.000,9.220,0.000,-52.813,1,0,1,0.000,1.274,5,1,0.759,4,49.254,6004.614,0.933,0.350,7.717,0.809,0.000,0.025,0.180,0.820,0.744,0.750
93,3.100,356.350,34.785,320.336,25.566,2,1,1,276.978,1.291,5,0,0.793,6,0.000,6661.415,0.933,0.350,7.559,0.958,1.357,0.112,0.176,0.824,1.000,0.650
96,3.200,7.211,26.926,-349.138,-7.859,2,1,1,256.846,1.285,5,0,0.828,6,80.131,6936.488,0.933,0.350,5.547,0.968,1.416,0.085,0.163,0.837,0.863,0.700
99,3.300,4.472,11.705,-2.739,-15.221,2,1,1,249.570,1.102,5,0,0.828,6,75.769,5774.609,0.933,0.350,3.481,0.974,1.331,0.097,0.141,0.859,0.726,0.580
102,3.400,6.403,7.071,1.931,-4.634,2,1,1,247.681,1.098,5,0,0.828,6,77.414,3891.419,0.933,0.347,2.745,0.964,1.013,0.075,0.129,0.871,0.682,0.580
105,3.500,4.123,6.000,-2.280,-1.071,2,1,1,243.961,0.852,4,1,0.828,6,99.323,1594.929,0.967,0.347,1.325,0.840,0.515,0.144,0.089,0.911,0.654,0.750
108,3.600,3.162,4.123,-0.961,-1.877,2,1,1,239.754,0.893,4,1,0.793,6,50.289,924.897,0.967,0.336,1.366,0.806,0.189,0.034,0.092,0.908,0.647,0.750
111,3.700,4.000,1.414,0.838,-2.709,2,1,1,239.842,1.039,3,1,0.759,4,43.186,895.869,0.967,0.336,0.863,0.574,0.145,2.291,0.076,0.924,0.650,0.750
114,3.800,3.606,3.606,-0.394,2.191,2,1,1,239.842,1.155,4,1,0.724,4,47.434,869.784,0.967,0.336,0.959,0.542,0.391,0.010,0.083,0.917,0.652,0.750
117,3.900,1.000,8.062,-2.606,4.457,2,1,1,246.982,1.168,4,0,0.724,4,48.104,826.139,0.967,0.336,1.102,0.765,0.485,0.571,0.089,0.911,0.665,0.580
120,4.000,4.000,6.325,3.000,-1.738,2,1,1,249.447,0.989,4,0,0.724,5,48.010,985.269,0.967,0.324,1.051,0.748,0.506,0.003,0.091,0.909,0.655,0.580
123,4.100,2.828,5.000,-1.172,-1.325,2,1,1,249.570,1.268,4,0,0.724,6,0.000,972.774,0.967,0.324,1.290,0.744,0.506,0.003,0.091,0.909,0.654,0.580
126,4.200,4.000,21.932,1.172,16.932,2,1,1,229.870,1.312,4,0,0.724,6,0.000,843.594,0.967,0.324,1.708,0.539,0.616,0.706,0.077,0.923,0.773,0.350
129,4.300,8.062,34.986,4.062,13.054,2,1,1,204.061,1.323,4,0,0.724,6,64.537,576.160,0.967,0.324,1.861,0.591,0.777,0.444,0.084,0.916,0.846,0.350
132,4.400,3.000,18.385,-5.062,-16.601,2,1,1,197.570,1.317,4,0,0.724,6,83.235,467.095,0.967,0.324,1.576,0.578,1.057,0.097,0.085,0.915,0.747,0.350
135,4.500,2.000,3.000,-1.000,-15.385,2,1,1,199.812,1.161,4,1,0.690,6,84.060,542.298,0.967,0.324,0.568,0.590,1.394,0.626,0.053,0.947,0.636,0.750
138,4.600,5.099,5.000,3.099,2.000,2,1,1,200.998,1.063,5,1,0.655,6,63.325,631.735,0.967,0.324,0.638,0.190,1.719,0.540,0.052,0.948,0.677,0.750
141,4.700,17.263,8.602,12.164,3.602,2,1,1,214.112,0.986,5,0,0.690,6,0.000,655.999,0.967,0.324,1.167,0.404,1.991,0.436,0.070,0.930,0.743,0.700
144,4.800,35.228,3.606,17.965,-4.997,2,1,1,251.734,0.798,4,1,0.655,6,92.612,830.669,0.967,0.311,2.620,0.801,2.036,0.407,0.110,0.890,0.851,0.750
147,4.900,43.463,15.652,8.235,12.047,2,1,1,303.279,0.691,4,0,0.655,6,114.490,829.554,1.000,0.311,3.103,0.697,1.831,0.040,0.110,0.890,0.920,0.700
150,5.000,0.000,31.780,0.000,16.128,1,0,1,0.000,0.619,4,0,0.690,3,14.765,893.925,1.000,0.311,3.033,0.798,1.627,0.563,0.141,0.859,0.752,0.700
153,5.100,246.814,48.301,203.351,16.521,2,1,1,563.413,0.749,4,0,0.690,5,0.000,953.044,1.000,0.311,5.450,0.793,1.448,0.276,0.151,0.849,0.981,0.700
156,5.200,61.855,70.342,-184.959,22.041,2,1,1,577.567,0.822,4,0,0.690,5,0.000,1531.919,1.000,0.311,7.321,0.809,1.284,0.493,0.187,0.813,1.000,0.450
159,5.300,18.248,77.414,-43.606,7.072,2,1,1,504.700,0.874,4,0,0.724,5,0.000,2493.128,1.000,0.311,7.289,0.728,1.013,0.229,0.190,0.810,1.000,0.450
162,5.400,25.942,87.023,7.694,9.609,2,1,1,394.312,0.824,5,1,0.690,6,0.000,2705.714,1.000,0.311,8.208,0.913,0.689,0.041,0.191,0.809,1.000,0.750
165,5.500,19.723,63.561,-6.219,-23.462,2,1,1,316.811,0.810,5,0,0.690,6,0.000,2452.144,1.000,0.311,10.571,0.893,0.444,0.097,0.190,0.810,1.000,0.550
168,5.600,28.792,45.310,9.069,-18.251,2,1,1,250.785,0.680,5,0,0.690,6,0.000,2459.824,1.000,0.311,13.143,0.888,0.189,0.068,0.191,0.809,1.000,0.000
171,5.700,20.248,13.342,-8.544,-31.968,2,1,1,231.225,0.619,4,1,0.655,5,0.000,1936.068,1.000,0.324,14.416,0.953,0.155,0.059,0.192,0.808,0.896,0.750
174,5.800,7.810,10.770,-12.438,-2.571,2,1,1,242.260,0.693,4,0,0.655,5,0.000,1598.319,1.000,0.324,11.969,0.920,0.532,0.036,0.187,0.813,0.845,0.000
177,5.900,28.284,10.000,20.474,-0.770,2,1,1,270.780,0.733,4,0,0.690,5,0.000,1387.009,1.000,0.324,11.828,0.872,1.046,0.067,0.186,0.814,0.946,0.000
180,6.000,20.248,11.180,-8.036,1.180,2,1,1,281.626,0.798,4,0,0.690,4,0.000,1211.794,1.000,0.324,13.251,0.814,1.791,0.004,0.174,0.826,0.906,0.700
183,6.100,21.213,14.560,0.965,3.380,2,1,1,286.700,0.756,4,0,0.690,4,0.000,1109.250,1.000,0.336,9.994,0.874,2.862,0.019,0.161,0.839,0.907,0.700
186,6.200,16.763,7.280,-4.450,-7.280,2,1,1,281.824,0.576,4,0,0.690,4,15.133,1061.914,1.000,0.324,5.474,0.807,5.134,0.077,0.147,0.853,0.823,0.700
189,6.300,14.036,3.000,-2.727,-4.280,2,1,1,281.306,0.599,5,0,0.690,4,18.868,614.429,1.000,0.336,3.277,0.249,9.393,0.045,0.134,0.866,0.756,0.700
192,6.400,10.630,9.487,-3.406,6.487,2,1,1,295.736,0.675,5,0,0.724,4,18.868,374.639,1.000,0.336,3.933,0.098,11.654,1.291,0.143,0.857,0.765,0.700
195,6.500,6.708,8.062,-3.922,-1.425,2,1,1,306.023,0.707,5,0,0.759,4,19.313,177.887,1.000,0.336,3.915,0.442,10.720,1.037,0.159,0.841,0.726,0.700
198,6.600,9.055,18.028,2.347,9.965,2,1,1,321.056,0.489,3,1,0.759,4,0.000,110.807,1.000,0.336,3.179,0.709,9.128,0.299,0.160,0.840,0.680,0.750
201,6.700,0.000,337.001,0.000,318.213,2,0,1,337.001,0.653,3,0,0.793,4,16.031,106.159,1.000,0.347,3.924,0.857,5.375,0.626,0.174,0.826,0.838,0.700
204,6.800,0.000,360.068,0.000,3.928,2,0,1,360.068,1.422,3,0,0.793,4,8.062,120.297,1.000,0.347,3.473,0.845,3.311,0.127,0.168,0.832,0.828,0.700
207,6.900,0.000,404.150,0.000,18.963,2,0,1,404.150,2.004,3,0,0.793,4,40.853,177.394,1.000,0.347,4.269,0.822,2.465,0.068,0.182,0.818,0.849,0.700
210,7.000,0.000,406.709,0.000,-11.679,2,0,1,406.709,2.703,3,0,0.793,4,55.973,223.738,1.000,0.358,6.148,0.681,1.831,0.192,0.202,0.798,0.906,0.700
213,7.100,0.000,379.001,0.000,-49.167,2,0,1,379.001,3.124,3,0,0.793,4,114.070,577.757,1.000,0.358,6.757,0.411,1.210,2.932,0.173,0.827,0.940,0.634
216,7.200,96.208,423.212,87.153,44.210,2,1,1,375.203,3.118,4,1,0.759,5,0.000,1641.410,1.000,0.358,7.891,0.507,0.662,1.283,0.190,0.810,1.000,0.750
219,7.300,41.761,22.561,-54.447,-400.651,2,1,1,360.469,2.745,4,0,0.759,5,31.064,2717.615,1.000,0.358,7.220,0.497,0.276,1.699,0.185,0.815,1.000,0.550
222,7.400,20.881,15.000,-20.881,-7.561,2,1,1,356.854,2.381,4,0,0.793,5,36.620,3591.130,1.000,0.358,5.514,0.470,0.050,0.146,0.176,0.824,0.871,0.580
225,7.500,14.036,10.770,-6.845,-4.230,2,1,1,381.366,2.037,4,0,0.828,5,32.757,3696.030,1.000,0.347,4.089,0.706,0.188,2.219,0.222,0.778,0.781,0.580
228,7.600,7.280,0.000,-6.756,-10.770,2,1,1,374.995,1.881,4,0,0.828,5,46.325,3700.959,1.000,0.347,3.278,0.731,0.508,0.161,0.154,0.846,0.721,0.580
231,7.700,12.369,2.236,5.089,2.236,2,1,1,385.649,1.674,4,0,0.862,5,22.023,3859.969,1.000,0.347,3.418,0.897,0.806,0.087,0.157,0.843,0.741,0.580
234,7.800,11.705,3.606,-0.665,1.369,2,1,1,372.539,1.650,4,1,0.828,5,69.065,4471.650,1.000,0.347,2.489,0.789,0.991,0.208,0.144,0.856,0.722,0.750
237,7.900,9.220,3.606,-2.485,0.000,2,1,1,379.569,1.983,4,0,0.828,5,45.177,4605.688,1.000,0.336,2.176,0.751,1.033,0.148,0.141,0.859,0.703,0.580
240,8.000,5.385,5.099,-3.834,1.493,2,1,1,379.255,1.999,4,0,0.828,5,87.932,4533.850,1.000,0.336,2.077,0.823,1.100,0.249,0.143,0.857,0.674,0.580
243,8.100,3.162,10.630,-2.223,5.531,2,1,1,375.410,2.078,3,1,0.793,4,41.593,4645.689,1.000,0.336,2.179,0.790,1.174,0.673,0.139,0.861,0.608,0.750
246,8.200,22.023,17.804,18.860,7.174,2,1,1,386.757,2.228,3,0,0.793,4,29.411,3936.960,1.000,0.336,3.583,0.698,1.099,0.584,0.158,0.842,0.713,0.580
249,8.300,17.464,13.000,-4.558,-4.804,2,1,1,384.204,2.042,3,0,0.828,4,29.411,3010.639,1.000,0.336,5.568,0.743,1.003,0.215,0.161,0.839,0.734,0.580
252,8.400,17.263,32.558,-0.202,19.558,2,1,1,361.930,1.701,4,1,0.793,5,27.803,2547.400,1.000,0.336,6.071,0.660,0.866,0.075,0.160,0.840,0.936,0.750
255,8.500,26.000,43.829,8.737,11.272,2,1,1,337.713,1.401,4,0,0.793,5,19.849,1703.054,1.000,0.336,7.142,0.702,0.754,0.005,0.171,0.829,1.000,0.350
258,8.600,20.248,45.000,-5.752,1.171,2,1,1,332.862,1.087,4,0,0.828,5,18.439,1800.017,1.000,0.336,8.131,0.804,0.678,0.004,0.170,0.830,1.000,0.350
261,8.700,10.770,18.028,-9.478,-26.972,2,1,1,330.578,0.816,4,0,0.828,5,21.932,2027.249,1.000,0.336,6.873,0.561,0.594,0.038,0.168,0.832,0.883,0.580
264,8.800,6.325,16.553,-4.446,-1.475,2,1,1,307.747,0.930,4,0,0.828,5,17.000,1394.404,1.000,0.336,6.232,0.760,0.576,0.294,0.167,0.833,0.845,0.580
267,8.900,7.616,9.849,1.291,-6.704,2,1,1,300.568,1.028,4,0,0.828,5,23.087,1272.144,1.000,0.336,3.931,0.825,0.552,0.011,0.151,0.849,0.745,0.580
270,9.000,2.236,9.220,-5.380,-0.629,2,1,1,302.987,0.965,4,0,0.828,5,26.476,1250.908,1.000,0.336,2.806,0.756,0.511,0.190,0.131,0.869,0.718,0.580
273,9.100,9.220,5.099,6.983,-4.121,2,1,1,292.643,0.914,4,0,0.828,5,27.857,1206.305,1.000,0.336,2.592,0.667,0.454,0.205,0.115,0.885,0.719,0.580
276,9.200,6.083,10.296,-3.137,5.197,2,1,1,297.901,1.175,4,0,0.828,5,28.636,1179.840,1.000,0.336,2.602,0.787,0.313,0.201,0.114,0.886,0.717,0.580
279,9.300,2.236,7.211,-3.847,-3.085,2,1,1,295.625,1.346,4,0,0.828,5,52.038,1158.205,1.000,0.336,1.762,0.635,0.253,0.143,0.103,0.897,0.690,0.580
282,9.400,5.385,17.804,3.149,10.593,2,1,1,317.241,1.365,4,0,0.828,5,31.321,1235.234,1.000,0.336,1.879,0.599,0.241,1.924,0.103,0.897,0.754,0.580
285,9.500,10.770,16.031,5.385,-1.773,2,1,1,330.927,1.218,4,0,0.862,5,29.120,1213.369,1.000,0.324,1.993,0.704,0.169,0.438,0.115,0.885,0.740,0.580
288,9.600,2.000,9.434,-8.770,-6.597,2,1,1,320.525,1.379,4,0,0.862,4,33.734,1206.059,1.000,0.336,2.211,0.863,0.094,0.633,0.129,0.871,0.697,0.580
291,9.700,8.544,5.099,6.544,-4.335,2,1,1,309.181,1.335,4,0,0.862,4,27.203,1176.139,1.000,0.336,2.955,0.869,0.054,0.070,0.138,0.862,0.711,0.580
294,9.800,301.121,0.000,-7.263,0.000,2,1,0,301.121,1.100,4,0,0.862,4,38.639,1156.289,1.000,0.336,2.322,0.894,0.064,0.035,0.125,0.875,0.895,0.500
297,9.900,300.593,0.000,-0.126,0.000,2,1,0,300.593,1.839,4,0,0.862,3,160.240,1835.987,1.000,0.336,0.856,0.741,0.253,1.569,0.081,0.919,0.825,0.750
300,10.000,5.385,11.314,-295.208,6.215,2,1,1,294.416,1.856,4,0,0.862,4,50.448,1760.250,1.000,0.347,2.113,0.791,0.490,1.712,0.115,0.885,0.710,0.580
303,10.100,4.472,27.203,-0.913,15.889,2,1,1,317.530,1.771,4,0,0.897,4,63.032,1843.844,1.000,0.347,2.922,0.791,0.675,0.385,0.138,0.862,0.819,0.350
306,10.200,6.708,25.962,2.236,-1.241,2,1,1,330.394,1.703,5,0,0.897,6,38.328,1773.559,1.000,0.347,5.677,0.839,0.842,0.066,0.164,0.836,0.877,0.350
309,10.300,14.318,35.341,7.610,9.380,2,1,1,323.484,1.743,5,0,0.897,6,31.145,1666.224,1.000,0.336,7.212,0.828,0.885,0.090,0.168,0.832,0.969,0.350
312,10.400,14.422,20.000,0.104,-15.341,2,1,1,320.852,1.674,5,0,0.897,6,52.393,857.135,1.000,0.336,5.624,0.772,0.849,0.273,0.164,0.836,0.848,0.350
315,10.500,11.402,10.440,-3.020,-9.560,2,1,1,318.780,1.372,4,1,0.862,5,24.021,834.137,1.000,0.336,5.316,0.678,0.742,0.054,0.165,0.835,0.799,0.750
318,10.600,0.000,319.312,0.000,312.241,2,0,1,319.312,1.106,4,0,0.862,5,34.525,699.957,1.000,0.336,5.289,0.669,0.599,0.041,0.165,0.835,0.985,0.500
321,10.700,8.544,327.819,-2.858,8.507,2,1,1,330.220,1.374,4,0,0.897,5,65.513,1530.977,1.000,0.336,5.285,0.786,0.478,0.083,0.165,0.835,0.977,0.500
324,10.800,11.180,1.414,2.636,-326.404,2,1,1,327.982,1.194,4,1,0.862,5,47.413,2239.834,1.000,0.336,5.522,0.818,0.357,0.027,0.172,0.828,0.793,0.750
327,10.900,22.825,3.000,11.645,1.586,2,1,1,337.535,1.221,4,0,0.862,5,0.000,2757.694,1.000,0.336,5.674,0.801,0.207,0.114,0.164,0.836,0.863,0.350
330,11.000,4.472,6.325,-18.353,3.325,2,1,1,337.429,1.466,4,0,0.897,5,0.000,3160.139,1.000,0.336,5.876,0.842,0.077,0.048,0.160,0.840,0.773,0.580
333,11.100,15.620,10.296,11.148,3.971,2,1,1,336.856,1.533,3,1,0.862,4,30.265,2589.588,1.000,0.324,5.946,0.817,0.047,1.347,0.161,0.839,0.728,0.750
336,11.200,13.601,17.205,-2.019,6.909,2,1,1,322.014,1.664,3,0,0.862,4,38.000,1961.754,1.000,0.324,6.726,0.681,0.163,1.234,0.163,0.837,0.766,0.350
339,11.300,12.207,12.530,-1.395,-4.675,2,1,1,323.396,1.821,3,0,0.897,4,27.731,1182.994,1.000,0.324,7.150,0.591,0.297,0.241,0.170,0.830,0.757,0.580
342,11.400,13.928,3.162,1.722,-9.368,2,1,1,318.064,1.732,3,0,0.897,4,0.000,369.707,1.000,0.336,7.325,0.663,0.544,1.764,0.167,0.833,0.764,0.580
345,11.500,44.102,15.264,30.174,12.102,2,1,1,358.247,1.509,3,0,0.897,4,54.342,401.644,1.000,0.336,8.165,0.765,0.882,1.091,0.165,0.835,0.941,0.450
348,11.600,20.616,12.042,-23.487,-3.223,2,1,1,352.495,1.549,3,0,0.897,4,66.910,469.964,1.000,0.336,8.663,0.842,1.326,0.060,0.153,0.847,0.806,0.350
351,11.700,10.630,10.050,-9.985,-1.992,2,1,1,337.136,1.645,6,1,0.862,6,0.000,1057.569,1.000,0.336,10.342,0.932,2.185,0.118,0.155,0.845,0.844,0.750
354,11.800,0.000,317.586,0.000,304.937,2,0,1,317.586,1.320,6,0,0.862,6,0.000,2195.227,1.000,0.336,10.198,0.952,2.754,0.057,0.148,0.852,1.000,0.700
357,11.900,19.647,304.587,9.017,-13.000,2,1,1,322.672,1.501,6,0,0.862,6,0.000,2817.625,1.000,0.336,9.686,0.939,2.539,0.024,0.141,0.859,1.000,0.700
360,12.000,10.198,12.806,-9.449,-291.780,2,1,1,315.520,1.624,6,1,0.828,6,11.705,1800.785,1.000,0.336,8.658,0.886,2.444,0.004,0.136,0.864,0.859,0.750
363,12.100,15.297,19.235,5.099,6.429,2,1,1,303.903,1.348,6,0,0.828,6,0.000,462.199,1.000,0.336,8.049,0.834,2.349,0.004,0.135,0.865,0.898,0.700
366,12.200,16.000,20.518,0.703,1.283,2,1,1,290.947,1.222,6,0,0.828,6,0.000,725.460,1.000,0.324,7.257,0.888,2.269,0.008,0.133,0.867,0.883,0.700
369,12.300,10.296,20.248,-5.704,-0.270,2,1,1,278.959,1.136,4,1,0.793,6,0.000,863.154,1.000,0.324,5.390,0.871,2.189,0.034,0.129,0.871,0.836,0.750
372,12.400,3.000,8.544,-7.296,-11.704,2,1,1,271.430,0.969,4,0,0.793,6,48.662,1077.435,1.000,0.311,3.531,0.835,2.058,0.064,0.115,0.885,0.727,0.700
375,12.500,5.657,15.033,2.657,6.489,2,1,1,290.331,1.256,4,0,0.793,6,66.603,931.285,1.000,0.311,2.936,0.572,1.869,0.268,0.291,0.709,0.767,0.700
378,12.600,6.000,55.785,0.343,40.752,2,1,1,344.093,1.228,5,1,0.759,6,87.023,1266.325,1.000,0.298,3.196,0.475,1.656,0.129,0.131,0.869,0.947,0.750
381,12.700,12.369,0.000,6.369,0.000,1,1,0,0.000,0.582,5,0,0.759,4,2.828,1335.824,1.000,0.311,4.207,0.754,1.460,0.188,0.147,0.853,0.685,0.700
384,12.800,10.198,194.363,-2.171,138.578,2,1,1,531.270,0.845,5,0,0.759,5,13.416,1393.615,1.000,0.311,4.337,0.680,1.208,0.050,0.148,0.852,0.961,0.650
387,12.900,2.000,41.340,-8.198,-153.023,2,1,1,572.385,0.802,5,0,0.759,4,321.123,3265.825,1.000,0.311,2.936,0.635,0.947,0.239,0.126,0.874,0.873,0.750
390,13.000,0.000,8.062,-2.000,-33.278,2,1,1,570.272,0.888,5,0,0.759,4,320.744,5074.134,1.000,0.324,1.414,0.587,0.665,0.581,0.098,0.902,0.653,0.750
393,13.100,7.071,13.601,7.071,5.539,2,1,1,549.659,0.952,5,0,0.759,5,0.000,5059.419,1.000,0.324,1.336,0.677,0.061,1.543,0.105,0.895,0.712,0.550
396,13.200,5.385,21.587,-1.686,7.986,2,1,1,535.322,0.954,4,1,0.724,4,0.000,5002.844,1.000,0.324,2.476,0.933,0.751,0.494,0.127,0.873,0.767,0.750
399,13.300,6.083,5.099,0.698,-16.488,2,1,1,524.623,1.067,4,0,0.724,4,0.000,5011.869,1.000,0.324,2.428,0.942,1.139,0.279,0.132,0.868,0.679,0.580
402,13.400,6.083,5.831,0.000,0.732,2,1,1,514.939,0.832,3,1,0.724,2,0.000,4635.814,1.000,0.336,1.964,0.947,1.398,0.075,0.129,0.871,0.607,0.750
405,13.500,2.236,4.123,-3.847,-1.708,2,1,1,509.103,0.951,3,0,0.724,2,0.000,4604.649,1.000,0.347,1.276,0.930,1.760,0.118,0.106,0.894,0.580,0.700
408,13.600,4.123,2.828,1.887,-1.295,2,1,1,503.509,1.010,3,0,0.724,2,0.000,4513.524,1.000,0.347,0.833,0.862,2.203,0.161,0.085,0.915,0.573,0.700
411,13.700,1.414,2.236,-2.709,-0.592,2,1,1,501.079,1.003,3,0,0.759,2,0.000,4405.724,1.000,0.358,0.619,0.717,2.716,0.128,0.064,0.936,0.568,0.700
414,13.800,3.162,1.000,1.748,-1.236,2,1,1,499.385,1.147,3,0,0.759,2,0.000,2317.088,1.000,0.369,0.641,0.877,3.278,0.176,0.066,0.934,0.562,0.700
417,13.900,2.236,2.000,-0.926,1.000,2,1,1,498.415,1.175,3,0,0.759,2,0.000,2282.558,1.000,0.369,0.399,0.432,3.448,0.365,0.042,0.958,0.582,0.700
420,14.000,1.000,8.246,-1.236,6.246,2,1,1,497.475,1.075,3,0,0.793,2,0.000,23.360,1.000,0.379,0.574,0.436,3.004,0.618,0.058,0.942,0.620,0.700
423,14.100,2.236,24.597,1.236,16.351,2,1,1,520.969,1.157,4,1,0.759,3,339.167,2833.300,1.000,0.389,0.666,0.697,2.559,1.605,0.056,0.944,0.710,0.750
426,14.200,1.414,24.166,-0.822,-0.431,2,1,1,540.808,1.164,4,0,0.759,3,371.797,5803.420,1.000,0.389,1.453,0.513,2.313,0.195,0.069,0.931,0.740,0.750
429,14.300,550.436,0.000,549.022,0.000,2,1,0,550.436,1.187,4,0,0.759,3,367.271,8353.529,1.000,0.399,2.477,0.471,2.213,0.293,0.079,0.921,0.884,0.750
432,14.400,550.091,56.939,-0.345,32.772,2,1,1,561.773,1.450,5,1,0.724,4,377.763,10678.195,1.000,0.399,1.917,0.528,2.113,0.014,0.073,0.927,0.875,0.750
435,14.500,4.472,56.648,-545.619,-0.291,2,1,1,534.183,1.706,5,0,0.724,4,318.628,11902.055,1.000,0.399,2.191,0.818,1.898,0.010,0.101,0.899,0.861,0.750
438,14.600,6.325,52.924,1.852,-3.724,2,1,1,548.993,1.625,5,0,0.759,4,301.823,12749.454,1.000,0.399,2.610,0.768,1.575,0.105,0.134,0.866,0.876,0.750
441,14.700,2.236,69.871,-4.088,16.947,2,1,1,566.443,1.585,5,0,0.759,4,284.313,12238.534,1.000,0.399,2.256,0.865,1.321,0.043,0.126,0.874,0.860,0.750
444,14.800,1.414,51.400,-0.822,-18.471,2,1,1,544.656,1.487,5,0,0.759,5,0.000,8304.095,1.000,0.399,3.434,0.826,1.233,1.108,0.130,0.870,0.928,0.350
447,14.900,5.099,51.478,3.685,0.078,2,1,1,530.571,1.208,5,0,0.793,5,0.000,5670.969,1.000,0.399,3.504,0.812,1.145,1.405,0.127,0.873,0.931,0.550
450,15.000,1.000,0.000,-4.099,0.000,1,1,0,0.000,1.379,4,1,0.759,3,0.000,5554.194,1.000,0.399,3.447,0.881,1.040,0.068,0.131,0.869,0.585,0.750
453,15.100,1.000,0.000,0.000,0.000,1,1,0,0.000,1.303,4,0,0.759,2,0.000,3677.297,1.000,0.408,2.280,0.847,0.865,0.032,0.112,0.888,0.513,0.580
456,15.200,2.236,0.000,1.236,0.000,1,1,0,0.000,0.969,4,0,0.793,2,0.000,3620.557,1.000,0.408,1.882,0.945,0.679,0.002,0.094,0.906,0.503,0.580
459,15.300,1.000,0.000,-1.236,0.000,1,1,0,0.000,0.794,5,1,0.759,3,0.000,1801.570,1.000,0.417,1.689,0.890,0.454,0.051,0.096,0.904,0.513,0.750
462,15.400,3.162,0.000,2.162,0.000,1,1,0,0.000,0.932,5,0,0.759,3,0.000,11.795,1.000,0.408,2.289,0.895,0.186,0.031,0.125,0.875,0.540,0.580
465,15.500,2.236,0.000,-0.926,0.000,1,1,0,0.000,0.852,5,0,0.793,3,0.000,5.975,1.000,0.408,1.678,0.890,0.090,0.079,0.118,0.882,0.520,0.580
468,15.600,3.162,0.000,0.926,0.000,1,1,0,0.000,0.829,4,1,0.759,3,0.000,4.824,1.000,0.399,1.030,0.911,0.271,0.043,0.095,0.905,0.535,0.750
471,15.700,1.414,0.000,-1.748,0.000,1,1,0,0.000,0.894,4,0,0.759,3,0.000,3.355,1.000,0.399,0.513,0.496,0.429,0.301,0.059,0.941,0.541,0.580
474,15.800,1.000,0.000,-0.414,0.000,1,1,0,0.000,1.017,4,0,0.759,3,0.000,2.119,1.000,0.389,0.505,0.460,0.619,0.159,0.058,0.942,0.541,0.580
477,15.900,0.000,0.000,-1.000,0.000,1,1,0,0.000,0.938,4,0,0.759,3,0.000,0.889,1.000,0.389,0.300,0.146,0.804,0.158,0.035,0.965,0.552,0.580
480,16.000,0.000,0.000,0.000,0.000,1,1,0,0.000,1.017,5,1,0.724,3,0.000,0.214,1.000,0.389,0.719,0.525,0.851,2.479,0.059,0.941,0.509,0.750
483,16.100,1.000,0.000,1.000,0.000,1,1,0,0.000,0.999,5,0,0.759,3,0.000,0.229,1.000,0.389,1.473,0.939,0.616,0.553,0.107,0.893,0.505,0.580
486,16.200,1.414,0.000,0.414,0.000,1,1,0,0.000,0.907,4,1,0.724,2,0.000,0.334,1.000,0.399,1.620,0.938,0.372,0.846,0.107,0.893,0.493,0.750
489,16.300,2.236,0.000,0.822,0.000,1,1,0,0.000,1.442,4,0,0.759,3,20.248,10.074,1.000,0.399,1.151,0.924,0.345,0.057,0.088,0.912,0.532,0.580
492,16.400,2.000,0.000,-0.236,0.000,1,1,0,0.000,1.821,4,0,0.759,3,100.240,247.169,1.000,0.399,1.041,0.481,0.057,1.131,0.090,0.910,0.558,0.580
495,16.500,2.236,0.000,0.236,0.000,1,1,0,0.000,1.821,5,1,0.724,4,99.363,450.354,1.000,0.399,0.796,0.797,0.211,0.546,0.085,0.915,0.541,0.750
498,16.600,2.236,0.000,0.000,0.000,1,1,0,0.000,1.349,4,1,0.690,3,0.000,456.040,1.000,0.408,1.105,0.866,0.486,1.835,0.113,0.887,0.534,0.750
501,16.700,1.000,0.000,-1.236,0.000,1,1,0,0.000,1.202,5,1,0.655,3,0.000,463.974,1.000,0.408,1.067,0.909,0.659,0.186,0.107,0.893,0.497,0.750
504,16.800,1.414,0.000,0.414,0.000,1,1,0,0.000,1.367,5,0,0.655,3,0.000,471.298,1.000,0.408,0.821,0.848,0.830,2.112,0.083,0.917,0.497,0.580
507,16.900,1.000,0.000,-0.414,0.000,1,1,0,0.000,1.294,5,0,0.655,3,0.000,476.147,1.000,0.417,0.730,0.873,1.014,0.689,0.096,0.904,0.491,0.580
510,17.000,1.000,0.000,0.000,0.000,1,1,0,0.000,1.196,5,0,0.690,3,0.000,247.630,1.000,0.417,1.084,0.844,1.409,0.714,0.115,0.885,0.502,0.700
513,17.100,21.932,0.000,20.932,0.000,1,1,0,0.000,0.946,5,0,0.690,4,34.828,274.409,1.000,0.408,1.741,0.885,1.742,0.462,0.137,0.863,0.667,0.700
516,17.200,0.000,58.009,0.000,-472.425,2,0,1,58.009,0.851,5,0,0.690,6,34.828,274.409,1.000,0.399,2.400,0.418,1.824,1.916,0.081,0.919,0.931,0.700
519,17.300,80.231,0.000,58.299,0.000,1,1,0,0.000,0.763,5,0,0.724,4,34.828,274.409,1.000,0.399,2.693,0.464,1.361,0.110,0.125,0.875,0.849,0.650
522,17.400,31.305,0.000,-48.926,0.000,1,1,0,0.000,0.705,4,1,0.690,2,34.828,274.409,1.000,0.399,4.469,0.897,0.910,0.254,0.160,0.840,0.733,0.750
525,17.500,19.105,0.000,-12.200,0.000,1,1,0,0.000,0.741,4,0,0.690,2,34.828,274.409,1.000,0.399,2.740,0.628,0.439,0.240,0.075,0.925,0.641,0.000
528,17.600,18.601,0.000,-0.504,0.000,1,1,0,0.000,0.864,4,0,0.690,2,34.828,274.409,1.000,0.408,1.786,0.905,0.201,1.595,0.130,0.870,0.595,0.550
531,17.700,7.280,0.000,-11.321,0.000,1,1,0,0.000,0.811,5,1,0.655,2,129.027,781.738,1.000,0.408,1.018,0.836,0.112,0.029,0.106,0.894,0.499,0.750
534,17.800,10.000,0.000,2.720,0.000,1,1,0,0.000,0.990,5,0,0.655,2,129.027,781.738,1.000,0.408,1.353,0.924,0.110,2.932,0.124,0.876,0.517,0.717
537,17.900,4.243,0.000,-5.757,0.000,1,1,0,0.000,1.169,5,0,0.690,2,20.616,1126.237,1.000,0.417,0.840,0.831,0.054,2.680,0.098,0.902,0.478,0.580
540,18.000,3.606,0.000,-0.637,0.000,1,1,0,0.000,1.434,4,1,0.655,1,20.616,1126.237,1.000,0.417,1.001,0.930,0.250,0.065,0.114,0.886,0.445,0.750
543,18.100,3.606,0.000,0.000,0.000,1,1,0,0.000,1.558,5,1,0.621,2,3.162,1252.389,1.000,0.426,1.266,0.975,0.637,2.325,0.122,0.878,0.475,0.750
546,18.200,2.236,0.000,-1.369,0.000,1,1,0,0.000,1.659,5,0,0.655,2,6.000,1505.854,1.000,0.426,0.895,0.805,0.870,1.870,0.104,0.896,0.470,0.580
549,18.300,1.000,0.000,-1.236,0.000,1,1,0,0.000,1.878,4,1,0.621,1,6.000,1505.854,1.000,0.435,0.962,0.965,1.005,0.818,0.107,0.893,0.427,0.750
552,18.400,3.606,0.000,2.606,0.000,1,1,0,0.000,1.966,5,1,0.586,2,4.472,1735.935,1.000,0.435,1.486,0.987,1.173,1.259,0.137,0.863,0.480,0.750
555,18.500,1.000,0.000,-2.606,0.000,1,1,0,0.000,2.045,4,1,0.586,1,4.472,1735.935,1.000,0.435,0.357,0.489,1.908,1.284,0.058,0.942,0.445,0.750
558,18.600,4.243,0.000,3.243,0.000,1,1,0,0.000,2.062,4,0,0.586,1,4.472,1735.935,1.000,0.444,0.856,0.970,2.139,1.332,0.110,0.890,0.442,0.700
561,18.700,1.414,0.000,-2.828,0.000,1,1,0,0.000,2.079,4,0,0.586,1,4.472,1735.935,1.000,0.453,0.723,0.908,1.578,2.357,0.099,0.901,0.427,0.700
564,18.800,1.000,0.000,-0.414,0.000,1,1,0,0.000,1.810,4,0,0.586,1,4.472,1735.935,1.000,0.453,0.601,0.509,0.764,2.154,0.085,0.915,0.450,0.580
567,18.900,2.236,0.000,1.236,0.000,1,1,0,0.000,1.868,5,1,0.586,2,75.611,2180.787,1.000,0.462,1.101,0.977,0.172,0.666,0.120,0.880,0.464,0.750
570,19.000,3.162,0.000,0.926,0.000,1,1,0,0.000,1.785,4,1,0.552,1,75.611,2180.787,1.000,0.462,0.546,0.435,0.407,1.209,0.067,0.933,0.466,0.750
573,19.100,6.083,0.000,2.920,0.000,1,1,0,0.000,1.591,5,1,0.552,2,107.968,2641.034,1.000,0.470,1.047,0.882,0.684,1.659,0.124,0.876,0.490,0.750
576,19.200,4.000,0.000,-2.083,0.000,1,1,0,0.000,1.497,5,1,0.517,1,107.968,2641.034,1.000,0.479,0.805,0.906,0.755,0.715,0.103,0.897,0.435,0.750
579,19.300,3.000,0.000,-1.000,0.000,1,1,0,0.000,1.374,6,1,0.483,2,53.451,2726.119,1.000,0.479,0.673,0.610,0.719,0.442,0.077,0.923,0.471,0.750
582,19.400,2.236,0.000,-0.764,0.000,1,1,0,0.000,1.138,5,1,0.483,1,53.451,2726.119,1.000,0.487,0.622,0.889,0.782,1.398,0.080,0.920,0.422,0.750
585,19.500,1.414,0.000,-0.822,0.000,1,1,0,0.000,1.178,6,1,0.483,2,57.245,3040.500,1.000,0.487,0.781,0.867,0.776,2.681,0.136,0.864,0.447,0.750
588,19.600,5.657,0.000,4.243,0.000,1,1,0,0.000,1.080,6,0,0.517,2,126.846,3234.009,1.000,0.487,0.857,0.851,0.812,0.253,0.099,0.901,0.473,0.705
591,19.700,2.828,0.000,-2.828,0.000,1,1,0,0.000,0.826,6,0,0.517,2,2.828,3351.039,1.000,0.496,0.882,0.803,0.855,2.705,0.102,0.898,0.462,0.580
594,19.800,5.657,0.000,2.828,0.000,1,1,0,0.000,0.727,3,1,0.483,1,2.828,3351.039,1.000,0.496,0.497,0.508,0.837,0.460,0.064,0.936,0.488,0.750
597,19.900,10.296,0.000,4.639,0.000,1,1,0,0.000,0.898,4,1,0.448,2,10.296,3438.744,1.000,0.504,0.949,0.737,0.884,2.761,0.078,0.922,0.539,0.750
600,20.000,0.000,0.000,0.000,0.000,0,0,0,0.000,0.000,4,0,0.448,0,10.296,3438.744,0.967,0.504,2.428,0.774,1.001,0.268,0.154,0.846,0.293,0.650
603,20.100,0.000,0.000,0.000,0.000,0,0,0,0.000,0.000,6,1,0.414,0,10.296,3438.744,0.933,0.504,2.018,0.920,0.769,3.105,0.150,0.850,0.268,0.750
606,20.200,0.000,42.059,0.000,-15.949,1,0,1,0.000,0.911,6,0,0.414,5,109.604,3203.088,0.933,0.470,2.059,0.737,0.622,0.163,0.105,0.895,0.796,0.650
609,20.300,54.562,0.000,44.266,0.000,1,1,0,0.000,0.994,6,0,0.448,5,23.000,2993.074,0.933,0.470,2.280,0.722,0.427,0.205,0.082,0.918,0.818,0.500
612,20.400,12.042,0.000,-42.520,0.000,1,1,0,0.000,0.845,6,0,0.448,5,3.000,2780.354,0.933,0.470,1.216,0.528,0.188,0.066,0.098,0.902,0.622,0.450
615,20.500,3.162,0.000,-8.879,0.000,1,1,0,0.000,1.013,5,1,0.414,4,9.487,2583.389,0.933,0.470,0.605,0.697,0.082,2.641,0.084,0.916,0.540,0.750
618,20.600,2.000,0.000,-1.162,0.000,1,1,0,0.000,0.816,6,1,0.414,4,12.042,2382.179,0.933,0.462,0.683,0.913,0.539,0.215,0.078,0.922,0.496,0.750
621,20.700,3.162,0.000,1.162,0.000,1,1,0,0.000,1.169,3,1,0.379,2,7.280,2178.457,0.933,0.462,0.617,0.335,0.749,0.454,0.077,0.923,0.542,0.750
624,20.800,2.236,0.000,-0.926,0.000,1,1,0,0.000,1.267,3,0,0.379,2,1.000,1971.097,0.933,0.462,0.484,0.649,0.752,0.145,0.064,0.936,0.511,0.580
627,20.900,2.236,0.000,0.000,0.000,1,1,0,0.000,1.463,3,0,0.414,2,5.000,1882.385,0.933,0.462,0.387,0.694,0.918,0.112,0.059,0.941,0.505,0.580
630,21.000,2.236,0.000,0.000,0.000,1,1,0,0.000,1.625,4,1,0.414,3,2.000,1919.238,0.933,0.453,0.491,0.772,0.891,0.812,0.063,0.937,0.518,0.750
633,21.100,1.414,0.000,-0.822,0.000,1,1,0,0.000,1.589,5,1,0.379,4,58.856,1945.410,0.933,0.436,0.419,0.490,0.880,2.302,0.048,0.952,0.540,0.750
636,21.200,1.000,0.000,-0.414,0.000,1,1,0,0.000,1.641,4,1,0.379,3,1.414,1980.120,0.933,0.428,0.363,0.478,0.950,2.080,0.055,0.945,0.528,0.750
639,21.300,5.385,0.000,4.385,0.000,1,1,0,0.000,1.563,4,1,0.379,3,4.123,1990.744,0.933,0.410,1.251,0.378,0.821,0.847,0.087,0.913,0.582,0.750
642,21.400,6.708,0.000,1.323,0.000,1,1,0,0.000,1.534,4,0,0.414,3,1.414,1855.174,0.933,0.401,1.258,0.630,1.097,0.611,0.068,0.932,0.572,0.580
645,21.500,8.544,0.000,1.836,0.000,1,1,0,0.000,1.480,4,0,0.414,3,3.162,1559.658,0.933,0.392,0.854,0.748,1.752,0.221,0.073,0.927,0.563,0.700
648,21.600,2.236,0.000,-6.308,0.000,1,1,0,0.000,1.672,3,1,0.379,2,2.236,1467.374,0.933,0.392,0.686,0.645,0.242,0.156,0.077,0.923,0.516,0.750
651,21.700,3.162,0.000,0.926,0.000,1,1,0,0.000,1.574,3,0,0.379,2,2.236,1060.330,0.933,0.392,0.542,0.611,0.112,0.339,0.056,0.944,0.520,0.580
654,21.800,10.198,0.000,7.036,0.000,1,1,0,0.000,1.246,4,1,0.379,3,79.404,611.669,0.933,0.382,0.756,0.133,0.425,0.817,0.073,0.927,0.613,0.750
657,21.900,6.000,0.000,-4.198,0.000,1,1,0,0.000,1.034,6,1,0.379,5,109.128,462.269,0.933,0.389,1.494,0.744,0.716,2.234,0.108,0.892,0.581,0.750
660,22.000,4.123,0.000,-1.877,0.000,1,1,0,0.000,0.967,6,0,0.414,5,84.646,618.674,0.933,0.389,0.912,0.798,0.700,0.551,0.088,0.912,0.552,0.580
663,22.100,2.236,0.000,-1.887,0.000,1,1,0,0.000,0.845,6,0,0.448,5,62.370,701.195,0.933,0.389,0.841,0.622,0.678,2.220,0.075,0.925,0.552,0.580
666,22.200,7.810,0.000,5.574,0.000,1,1,0,0.000,0.886,6,0,0.483,5,105.119,890.039,0.933,0.389,1.740,0.846,0.613,1.073,0.133,0.867,0.590,0.584
669,22.300,5.099,0.000,-2.711,0.000,1,1,0,0.000,0.649,6,0,0.517,5,9.487,900.469,0.933,0.389,2.191,0.973,0.473,2.610,0.137,0.863,0.577,0.580
672,22.400,5.099,0.000,0.000,0.000,1,1,0,0.000,0.556,6,0,0.552,5,82.662,982.404,0.933,0.379,1.190,0.826,0.277,2.375,0.104,0.896,0.562,0.580
675,22.500,6.000,0.000,0.901,0.000,1,1,0,0.000,0.629,6,0,0.552,4,10.770,993.129,0.933,0.369,0.987,0.700,0.170,0.090,0.095,0.905,0.541,0.580
678,22.600,9.434,0.000,3.434,0.000,1,1,0,0.000,0.887,6,0,0.552,5,9.000,1004.808,0.933,0.369,2.227,0.959,0.092,2.489,0.129,0.871,0.603,0.580
681,22.700,5.099,0.000,-4.335,0.000,1,1,0,0.000,1.161,6,0,0.586,5,99.363,1149.039,0.933,0.358,0.734,0.480,0.119,1.447,0.072,0.928,0.575,0.580
684,22.800,6.083,0.000,0.984,0.000,1,1,0,0.000,1.175,6,0,0.621,5,67.602,1215.788,0.933,0.358,1.707,0.869,0.196,1.083,0.118,0.882,0.578,0.580
687,22.900,7.071,0.000,0.988,0.000,1,1,0,0.000,1.383,6,0,0.621,5,77.104,1227.054,0.933,0.347,0.905,0.879,0.172,0.959,0.099,0.901,0.562,0.580
690,23.000,5.831,0.000,-1.240,0.000,1,1,0,0.000,1.674,6,0,0.655,5,82.662,1023.065,0.967,0.336,1.256,0.884,0.111,0.331,0.121,0.879,0.568,0.580
693,23.100,8.485,0.000,2.654,0.000,1,1,0,0.000,1.839,5,1,0.621,4,75.000,981.110,1.000,0.336,1.648,0.911,0.334,1.034,0.132,0.868,0.589,0.750
696,23.200,6.403,0.000,-2.082,0.000,1,1,0,0.000,2.022,5,0,0.621,4,79.246,1012.217,1.000,0.336,0.857,0.682,0.634,0.105,0.076,0.924,0.573,0.580
699,23.300,9.055,0.000,2.652,0.000,1,1,0,0.000,2.144,5,0,0.621,3,18.385,1014.679,1.000,0.336,1.099,0.784,0.988,1.544,0.093,0.907,0.551,0.580
702,23.400,8.944,0.000,-0.111,0.000,1,1,0,0.000,2.170,5,1,0.621,4,82.006,809.000,1.000,0.347,1.081,0.850,2.055,2.067,0.086,0.914,0.581,0.750
705,23.500,3.162,0.000,-5.782,0.000,1,1,0,0.000,2.086,5,0,0.655,3,5.657,823.538,1.000,0.347,0.894,0.850,1.688,0.300,0.091,0.909,0.508,0.700
708,23.600,4.000,0.000,0.838,0.000,1,1,0,0.000,2.393,5,0,0.690,4,85.000,832.810,1.000,0.347,0.980,0.857,1.617,2.158,0.077,0.923,0.551,0.700
711,23.700,3.162,0.000,-0.838,0.000,1,1,0,0.000,2.511,6,1,0.655,5,73.062,859.659,1.000,0.347,1.012,0.405,1.611,1.103,0.054,0.946,0.585,0.750
714,23.800,10.198,0.000,7.036,0.000,1,1,0,0.000,2.545,6,0,0.655,5,78.645,776.419,1.000,0.347,1.120,0.089,1.014,1.218,0.067,0.933,0.648,0.350
717,23.900,7.000,0.000,-3.198,0.000,1,1,0,0.000,2.686,6,0,0.690,5,91.302,1004.369,1.000,0.347,0.795,0.459,0.448,2.180,0.055,0.945,0.597,0.580
720,24.000,3.606,0.000,-3.394,0.000,1,1,0,0.000,2.381,5,1,0.690,4,82.201,1013.844,1.000,0.347,0.722,0.543,0.306,0.660,0.058,0.942,0.564,0.750
723,24.100,9.487,0.000,5.881,0.000,1,1,0,0.000,2.316,5,0,0.724,4,43.278,959.279,1.000,0.347,0.694,0.481,0.213,0.285,0.056,0.944,0.600,0.580
726,24.200,3.606,0.000,-5.881,0.000,1,1,0,0.000,2.277,5,0,0.759,4,68.877,944.947,1.000,0.358,1.141,0.469,0.221,2.943,0.063,0.937,0.580,0.580
729,24.300,0.000,0.000,0.000,0.000,0,0,0,0.000,0.000,5,1,0.724,0,68.877,944.947,0.967,0.358,1.300,0.309,0.229,1.755,0.074,0.926,0.297,0.750
732,24.400,67.067,0.000,63.462,0.000,1,1,0,0.000,2.377,5,0,0.724,4,0.000,897.067,0.967,0.350,2.406,0.776,0.331,0.070,0.119,0.881,0.816,0.650
735,24.500,61.221,0.000,-5.846,0.000,1,1,0,0.000,2.114,5,0,0.759,4,108.632,1301.519,0.967,0.350,4.993,0.829,0.096,0.240,0.170,0.830,0.877,0.604
738,24.600,175.422,0.000,114.201,0.000,1,1,0,0.000,1.767,5,1,0.724,2,108.632,1301.519,0.967,0.360,6.116,0.858,0.327,0.002,0.170,0.830,0.831,0.750
741,24.700,247.776,0.000,72.354,0.000,1,1,0,0.000,1.754,5,0,0.759,4,0.000,1321.229,0.967,0.360,11.404,0.170,0.787,0.628,0.247,0.753,0.998,0.480
744,24.800,1.414,635.542,-246.362,593.482,2,1,1,576.828,1.534,5,0,0.793,4,347.570,4219.448,0.967,0.360,2.400,0.459,2.216,2.584,0.125,0.875,0.888,0.750
747,24.900,1.414,10.000,0.000,-625.542,2,1,1,585.098,1.461,5,1,0.759,4,371.845,7122.390,0.967,0.350,2.214,0.343,2.436,0.203,0.122,0.878,0.697,0.750
750,25.000,3.162,10.770,1.748,0.770,2,1,1,593.567,1.370,5,0,0.759,4,390.333,10217.239,0.967,0.350,2.012,0.487,2.648,0.241,0.123,0.877,0.686,0.750
753,25.100,1.000,3.606,-2.162,-7.165,2,1,1,591.760,1.289,4,1,0.724,3,37.121,10197.718,0.967,0.350,1.657,0.495,2.802,0.097,0.107,0.893,0.628,0.750
756,25.200,1.000,3.606,0.000,0.000,2,1,1,589.964,1.272,5,1,0.690,4,26.306,9931.807,0.967,0.350,1.579,0.589,2.925,0.077,0.101,0.899,0.628,0.750
759,25.300,3.162,8.544,2.162,4.938,2,1,1,578.841,1.172,6,1,0.655,5,309.561,10927.100,0.967,0.350,1.465,0.576,3.181,0.145,0.099,0.901,0.660,0.750
762,25.400,3.000,7.616,-0.162,-0.928,2,1,1,576.933,1.200,5,1,0.621,4,309.782,10922.040,0.967,0.360,1.206,0.567,4.053,0.166,0.092,0.908,0.643,0.750
765,25.500,2.000,7.071,-1.000,-0.545,2,1,1,578.517,1.041,4,1,0.586,3,0.000,10879.088,0.967,0.360,1.045,0.483,4.068,0.148,0.081,0.919,0.633,0.750
768,25.600,4.472,3.162,2.472,-3.909,2,1,1,579.396,0.908,4,0,0.586,3,3.162,8818.994,0.967,0.360,1.018,0.821,4.036,0.318,0.087,0.913,0.594,0.700
771,25.700,4.123,3.000,-0.349,-0.162,2,1,1,578.564,1.088,4,0,0.586,3,0.000,8818.049,0.967,0.371,1.019,0.802,5.936,0.247,0.089,0.911,0.593,0.700
774,25.800,2.236,3.162,-1.887,0.162,2,1,1,573.760,1.081,5,1,0.552,4,1.414,6024.077,0.967,0.371,0.818,0.811,6.024,0.055,0.073,0.927,0.591,0.750
777,25.900,1.414,3.000,-0.822,-0.162,2,1,1,570.202,0.899,5,0,0.552,4,1.000,5935.715,0.967,0.371,0.727,0.815,7.186,0.052,0.071,0.929,0.588,0.700
780,26.000,2.236,6.403,0.822,3.403,2,1,1,572.245,1.180,6,1,0.552,5,362.174,8449.737,0.967,0.369,0.928,0.864,3.645,0.332,0.083,0.917,0.614,0.750
783,26.100,1.414,16.763,-0.822,10.360,2,1,1,557.660,1.420,6,0,0.552,5,299.232,6827.444,0.967,0.369,1.110,0.834,0.944,0.078,0.081,0.919,0.678,0.750
786,26.200,7.810,22.361,6.396,5.598,2,1,1,531.272,1.278,6,0,0.552,5,285.955,8019.344,0.967,0.358,1.578,0.791,0.227,0.869,0.097,0.903,0.724,0.750
789,26.300,3.606,9.220,-4.205,-13.141,2,1,1,521.145,1.236,6,0,0.586,5,360.111,9975.064,0.967,0.358,1.389,0.845,0.347,0.211,0.105,0.895,0.643,0.750
792,26.400,7.211,10.770,3.606,1.551,2,1,1,509.761,1.103,5,1,0.552,4,0.000,8674.464,0.967,0.358,1.734,0.949,0.404,0.078,0.122,0.878,0.647,0.750
795,26.500,4.123,8.062,-3.088,-2.708,2,1,1,502.842,0.898,5,0,0.552,4,0.000,8584.894,0.967,0.358,0.836,0.868,0.445,0.289,0.081,0.919,0.615,0.580
798,26.600,6.325,4.472,2.201,-3.590,2,1,1,499.730,1.097,6,1,0.552,5,284.623,7573.450,0.967,0.358,0.558,0.497,0.504,0.837,0.048,0.952,0.630,0.750
801,26.700,8.944,1.000,2.620,-3.472,2,1,1,502.200,1.391,4,1,0.517,4,0.000,7501.000,0.967,0.358,1.448,0.841,0.551,1.376,0.093,0.907,0.673,0.750
804,26.800,7.071,18.028,-1.873,17.028,2,1,1,516.480,1.184,4,0,0.517,4,0.000,6046.369,0.967,0.358,3.187,0.827,0.572,0.182,0.125,0.875,0.768,0.350
807,26.900,7.000,0.000,-0.071,0.000,1,1,0,0.000,0.518,4,0,0.552,3,0.000,4586.168,0.967,0.358,3.335,0.882,0.541,0.073,0.128,0.872,0.612,0.650
810,27.000,3.162,0.000,-3.838,0.000,1,1,0,0.000,0.547,6,1,0.517,5,0.000,1859.277,0.967,0.347,2.109,0.767,0.502,0.312,0.114,0.886,0.583,0.750
813,27.100,1.000,0.000,-2.162,0.000,1,1,0,0.000,0.551,6,0,0.517,4,0.000,1807.149,0.967,0.347,2.444,0.858,0.487,0.733,0.124,0.876,0.543,0.580
816,27.200,3.000,0.000,2.000,0.000,1,1,0,0.000,0.698,6,0,0.552,5,29.155,24.804,0.967,0.347,2.947,0.839,0.462,0.005,0.145,0.855,0.598,0.580
819,27.300,3.606,0.000,0.606,0.000,1,1,0,0.000,0.729,6,1,0.517,5,0.000,23.379,1.000,0.347,2.456,0.878,0.411,0.018,0.127,0.873,0.590,0.750
822,27.400,3.162,0.000,-0.443,0.000,1,1,0,0.000,0.495,6,0,0.517,5,26.401,37.800,1.000,0.347,2.274,0.960,0.356,0.003,0.125,0.875,0.577,0.580
825,27.500,3.162,0.000,0.000,0.000,1,1,0,0.000,0.477,6,0,0.552,5,24.698,52.580,1.000,0.347,2.299,0.947,0.273,0.125,0.132,0.868,0.579,0.580
828,27.600,4.000,0.000,0.838,0.000,1,1,0,0.000,0.442,6,1,0.517,5,0.000,109.600,1.000,0.347,2.451,0.958,0.144,0.145,0.127,0.873,0.586,0.750
831,27.700,4.000,0.000,0.000,0.000,1,1,0,0.000,0.424,6,0,0.517,4,44.643,128.149,1.000,0.347,2.002,0.956,0.011,0.157,0.118,0.882,0.545,0.580
834,27.800,2.236,0.000,-1.764,0.000,1,1,0,0.000,0.442,6,0,0.552,4,44.147,165.048,1.000,0.347,1.643,0.965,1.431,0.362,0.124,0.876,0.526,0.700
837,27.900,2.236,0.000,0.000,0.000,1,1,0,0.000,0.401,5,1,0.517,3,44.643,185.275,1.000,0.347,1.328,0.976,1.907,0.100,0.116,0.884,0.505,0.750
840,28.000,1.000,0.000,-1.236,0.000,1,1,0,0.000,0.263,4,1,0.517,3,45.541,217.444,1.000,0.358,0.889,0.948,2.209,0.895,0.096,0.904,0.516,0.750
843,28.100,1.414,0.000,0.414,0.000,1,1,0,0.000,0.288,5,1,0.517,3,43.324,236.949,1.000,0.358,0.541,0.653,2.741,0.179,0.067,0.933,0.504,0.750
846,28.200,1.414,0.000,0.000,0.000,1,1,0,0.000,0.451,5,0,0.552,3,44.598,207.654,1.000,0.358,0.827,0.895,2.841,0.529,0.082,0.918,0.494,0.700
849,28.300,1.000,0.000,-0.414,0.000,1,1,0,0.000,0.745,5,0,0.586,3,43.658,232.734,1.000,0.358,0.804,0.885,2.829,0.324,0.069,0.931,0.492,0.700
852,28.400,1.414,0.000,0.414,0.000,1,1,0,0.000,0.999,5,0,0.621,3,42.059,222.910,1.000,0.358,2.042,0.964,1.070,0.475,0.124,0.876,0.519,0.580
855,28.500,1.414,0.000,0.000,0.000,1,1,0,0.000,0.999,6,1,0.586,5,35.228,196.134,1.000,0.358,2.197,0.960,0.526,0.055,0.136,0.864,0.566,0.750
858,28.600,3.162,0.000,1.748,0.000,1,1,0,0.000,0.999,6,0,0.586,5,64.031,403.519,1.000,0.358,1.198,0.913,0.438,0.215,0.092,0.908,0.554,0.580
861,28.700,1.414,0.000,-1.748,0.000,1,1,0,0.000,1.254,6,0,0.621,5,62.169,577.500,1.000,0.358,0.753,0.755,0.212,0.706,0.079,0.921,0.544,0.580
864,28.800,1.414,0.000,0.000,0.000,1,1,0,0.000,1.392,6,1,0.586,5,48.083,583.750,1.000,0.358,0.909,0.940,0.108,1.904,0.093,0.907,0.535,0.750
867,28.900,0.000,0.000,-1.414,0.000,1,1,0,0.000,1.479,6,0,0.621,5,47.802,598.184,1.000,0.358,0.327,0.641,0.349,1.561,0.042,0.958,0.533,0.580
870,29.000,1.000,0.000,1.000,0.000,1,1,0,0.000,1.464,7,1,0.586,5,46.573,400.644,1.000,0.358,1.005,0.885,0.641,2.468,0.093,0.907,0.517,0.750
873,29.100,0.000,0.000,-1.000,0.000,1,1,0,0.000,1.285,5,1,0.552,4,45.891,205.585,1.000,0.358,0.635,0.905,0.889,1.638,0.077,0.923,0.517,0.750
876,29.200,1.000,0.000,1.000,0.000,1,1,0,0.000,1.017,5,0,0.552,4,45.706,203.995,1.000,0.358,0.436,0.861,1.190,1.451,0.063,0.937,0.520,0.580
879,29.300,1.414,0.000,0.414,0.000,1,1,0,0.000,1.214,6,1,0.552,4,28.460,178.888,1.000,0.358,0.624,0.634,1.378,0.044,0.065,0.935,0.519,0.750
882,29.400,1.414,0.000,0.000,0.000,1,1,0,0.000,1.098,4,1,0.517,3,30.463,154.724,1.000,0.358,0.422,0.084,1.514,0.166,0.054,0.946,0.568,0.750
885,29.500,1.414,0.000,0.000,0.000,1,1,0,0.000,0.982,4,0,0.552,3,29.547,161.759,1.000,0.358,0.860,0.957,1.518,0.774,0.095,0.905,0.517,0.700
888,29.600,1.000,0.000,-0.414,0.000,1,1,0,0.000,0.785,4,0,0.586,3,45.354,160.507,1.000,0.358,0.755,0.951,1.536,0.393,0.091,0.909,0.513,0.700
891,29.700,1.000,0.000,0.000,0.000,1,1,0,0.000,0.942,5,1,0.552,3,16.031,151.584,1.000,0.358,0.660,0.613,1.511,1.166,0.068,0.932,0.507,0.750
894,29.800,15.000,0.000,14.000,0.000,1,1,0,0.000,1.154,5,0,0.552,4,15.297,245.934,1.000,0.358,1.129,0.886,1.386,1.572,0.089,0.911,0.614,0.550
897,29.900,33.015,0.000,10.190,0.000,2,1,0,33.015,1.049,5,0,0.586,6,87.641,574.999,1.000,0.358,2.087,0.814,1.174,1.009,0.105,0.895,0.829,0.650
900,30.000,0.000,553.770,0.000,535.742,1,0,1,0.000,1.237,6,1,0.552,5,87.641,574.999,1.000,0.358,2.235,0.731,1.203,1.202,0.124,0.876,0.825,0.750
903,30.100,95.258,0.000,62.242,0.000,1,1,0,0.000,0.963,6,0,0.552,5,87.641,574.999,1.000,0.358,2.562,0.905,1.203,1.762,0.134,0.866,0.821,0.550
906,30.200,0.000,0.000,0.000,0.000,0,0,0,0.000,0.000,6,0,0.586,0,87.641,574.999,0.967,0.358,3.275,0.780,0.972,0.126,0.069,0.931,0.313,0.650
909,30.300,0.000,0.000,0.000,0.000,0,0,0,0.000,0.000,5,1,0.552,0,87.641,574.999,0.933,0.358,1.812,0.886,0.568,0.189,0.094,0.906,0.265,0.750
912,30.400,56.321,0.000,-38.937,0.000,1,1,0,0.000,1.115,5,0,0.552,1,87.641,574.999,0.933,0.331,1.178,0.672,0.339,2.805,0.094,0.906,0.680,0.650
915,30.500,21.633,0.000,-34.687,0.000,1,1,0,0.000,1.077,5,0,0.586,1,87.641,574.999,0.933,0.342,2.084,0.945,0.052,0.690,0.141,0.859,0.554,0.450
918,30.600,0.000,0.000,0.000,0.000,0,0,0,0.000,0.000,5,0,0.586,0,87.641,574.999,0.900,0.342,0.692,0.280,0.194,0.281,0.074,0.926,0.276,0.650
921,30.700,13.601,0.000,-8.032,0.000,1,1,0,0.000,1.327,5,0,0.586,1,87.641,574.999,0.900,0.351,1.117,0.932,0.441,2.983,0.106,0.894,0.482,0.650
924,30.800,11.314,0.000,-2.288,0.000,1,1,0,0.000,1.504,5,0,0.621,0,87.641,574.999,0.867,0.351,0.553,0.592,0.740,3.078,0.061,0.939,0.439,0.580
927,30.900,2.236,0.000,-9.078,0.000,1,1,0,0.000,1.580,5,0,0.655,1,141.873,969.327,0.867,0.360,1.117,0.917,0.886,0.394,0.116,0.884,0.416,0.750
930,31.000,6.708,0.000,4.472,0.000,1,1,0,0.000,1.919,5,0,0.690,1,26.173,1349.448,0.867,0.370,0.700,0.237,1.076,0.418,0.074,0.926,0.478,0.580
933,31.100,6.083,0.000,-0.625,0.000,1,1,0,0.000,2.145,5,0,0.690,1,49.649,2017.204,0.867,0.370,0.578,0.737,1.059,2.181,0.070,0.930,0.437,0.580
936,31.200,4.243,0.000,-1.840,0.000,1,1,0,0.000,2.447,5,0,0.690,1,49.649,2017.204,0.867,0.379,1.119,0.896,1.024,2.622,0.114,0.886,0.429,0.580
939,31.300,5.000,0.000,0.757,0.000,1,1,0,0.000,2.671,4,1,0.655,1,49.649,2017.204,0.867,0.388,0.975,0.967,1.096,2.554,0.113,0.887,0.433,0.750
942,31.400,5.657,0.000,0.657,0.000,1,1,0,0.000,2.691,5,1,0.655,2,93.215,2502.824,0.867,0.397,0.515,0.795,1.032,0.999,0.051,0.949,0.465,0.750
945,31.500,7.616,0.000,1.959,0.000,1,1,0,0.000,2.390,6,1,0.621,2,7.616,2836.619,0.867,0.397,0.534,0.648,0.816,0.042,0.102,0.898,0.474,0.750
948,31.600,2.000,0.000,-5.616,0.000,1,1,0,0.000,2.067,6,0,0.621,2,91.198,3152.958,0.867,0.406,0.766,0.884,0.592,0.706,0.112,0.888,0.432,0.580
951,31.700,4.472,0.000,2.472,0.000,1,1,0,0.000,1.773,5,1,0.621,1,91.198,3152.958,0.867,0.415,0.817,0.844,0.160,0.043,0.113,0.887,0.426,0.750
954,31.800,0.000,79.925,0.000,-473.845,1,0,1,0.000,1.448,6,1,0.586,2,9.434,3505.238,0.867,0.415,0.390,0.628,0.258,0.147,0.067,0.933,0.680,0.750
957,31.900,5.385,0.000,0.913,0.000,1,1,0,0.000,1.566,6,0,0.621,2,9.434,3505.238,0.867,0.423,0.883,0.592,0.431,0.380,0.086,0.914,0.475,0.580
960,32.000,15.811,0.000,10.426,0.000,1,1,0,0.000,1.299,6,0,0.655,2,9.434,3505.238,0.867,0.423,1.361,0.730,0.540,3.054,0.123,0.877,0.535,0.550
963,32.100,13.601,0.000,-2.210,0.000,1,1,0,0.000,1.061,5,1,0.621,2,9.434,3505.238,0.867,0.431,1.059,0.344,0.669,1.268,0.084,0.916,0.554,0.750
966,32.200,12.728,0.000,-0.874,0.000,1,1,0,0.000,0.822,5,0,0.655,2,9.434,3505.238,0.867,0.431,0.968,0.557,0.647,0.129,0.065,0.935,0.532,0.580
969,32.300,29.428,0.000,16.700,0.000,1,1,0,0.000,0.762,5,0,0.690,4,113.719,3371.055,0.867,0.431,3.281,0.650,0.741,0.080,0.146,0.854,0.748,0.632
972,32.400,20.616,0.000,-8.812,0.000,1,1,0,0.000,0.724,3,1,0.655,2,14.765,3228.015,0.867,0.431,3.181,0.596,0.512,0.063,0.154,0.846,0.576,0.750
975,32.500,5.831,0.000,-14.785,0.000,1,1,0,0.000,0.772,3,0,0.655,2,5.000,3140.760,0.867,0.440,2.066,0.637,0.421,2.461,0.146,0.854,0.463,0.580
978,32.600,3.606,0.000,-2.225,0.000,1,1,0,0.000,0.769,2,1,0.655,1,2.000,2989.384,0.867,0.440,0.992,0.697,0.289,0.249,0.123,0.877,0.390,0.750
981,32.700,5.000,0.000,1.394,0.000,1,1,0,0.000,0.786,4,1,0.621,3,4.123,2834.029,0.867,0.440,1.064,0.901,0.236,0.171,0.131,0.869,0.530,0.750
984,32.800,0.000,0.000,-5.000,0.000,1,1,0,0.000,0.798,4,0,0.621,3,3.162,2716.128,0.867,0.440,0.754,0.974,0.286,0.145,0.109,0.891,0.490,0.580
987,32.900,4.243,0.000,4.243,0.000,1,1,0,0.000,0.828,4,0,0.655,3,1.414,2575.944,0.867,0.448,0.752,0.920,0.290,0.084,0.090,0.910,0.517,0.580
990,33.000,1.000,0.000,-3.243,0.000,1,1,0,0.000,0.778,5,1,0.621,4,5.000,2419.854,0.867,0.448,0.263,0.853,0.135,0.331,0.043,0.957,0.500,0.750
993,33.100,2.828,0.000,1.828,0.000,1,1,0,0.000,0.750,5,0,0.621,4,1.000,2251.669,0.867,0.448,0.165,0.416,0.018,2.058,0.032,0.968,0.539,0.580
996,33.200,3.000,0.000,0.172,0.000,1,1,0,0.000,1.130,5,0,0.655,4,0.000,2160.704,0.900,0.448,0.321,0.642,0.090,0.289,0.049,0.951,0.532,0.580
999,33.300,2.236,0.000,-0.764,0.000,1,1,0,0.000,1.446,6,1,0.621,5,1.414,2022.294,0.933,0.466,0.456,0.840,0.439,0.826,0.065,0.935,0.527,0.750
1002,33.400,2.236,0.000,0.000,0.000,1,1,0,0.000,1.479,6,0,0.621,5,1.414,1889.459,0.933,0.444,0.379,0.829,0.725,1.580,0.046,0.954,0.526,0.580
1005,33.500,0.000,0.000,-2.236,0.000,1,1,0,0.000,1.450,6,0,0.621,5,4.000,1519.445,0.933,0.417,0.501,0.767,0.704,0.260,0.058,0.942,0.521,0.580
1008,33.600,4.472,0.000,4.472,0.000,1,1,0,0.000,1.450,4,1,0.586,3,1.000,1499.105,0.967,0.417,0.559,0.655,1.003,1.341,0.072,0.928,0.544,0.750
1011,33.700,7.810,0.000,3.338,0.000,1,1,0,0.000,1.247,5,1,0.552,4,16.401,1475.688,0.967,0.399,1.849,0.622,0.775,2.189,0.094,0.906,0.606,0.750
1014,33.800,12.649,0.000,4.839,0.000,1,1,0,0.000,1.577,5,0,0.552,4,15.297,1211.679,1.000,0.389,2.045,0.656,1.053,0.195,0.073,0.927,0.640,0.580
1017,33.900,8.602,0.000,-4.047,0.000,1,1,0,0.000,1.496,5,0,0.552,4,11.180,946.597,1.000,0.379,0.964,0.324,0.029,1.105,0.074,0.926,0.613,0.580
1020,34.000,1.000,0.000,-7.602,0.000,1,1,0,0.000,1.523,5,0,0.552,4,88.752,616.120,1.000,0.379,1.412,0.653,0.311,2.762,0.102,0.898,0.559,0.580
1023,34.100,7.071,0.000,6.071,0.000,1,1,0,0.000,1.363,5,0,0.552,4,66.851,353.594,1.000,0.369,0.777,0.277,0.457,2.235,0.070,0.930,0.603,0.580
1026,34.200,11.180,0.000,4.109,0.000,1,1,0,0.000,1.773,4,1,0.552,3,89.107,492.975,1.000,0.369,0.885,0.635,0.514,1.806,0.080,0.920,0.595,0.750
1029,34.300,8.944,0.000,-2.236,0.000,1,1,0,0.000,1.876,4,0,0.586,3,73.790,571.717,1.000,0.369,1.101,0.633,0.523,1.254,0.095,0.905,0.588,0.580
1032,34.400,1.000,0.000,-7.944,0.000,1,1,0,0.000,1.896,4,0,0.621,2,6.083,576.250,1.000,0.369,1.197,0.915,0.475,2.677,0.110,0.890,0.481,0.580
1035,34.500,3.162,0.000,2.162,0.000,1,1,0,0.000,2.104,4,1,0.586,3,96.021,769.269,1.000,0.369,1.342,0.719,0.466,2.279,0.098,0.902,0.556,0.750
1038,34.600,1.000,0.000,-2.162,0.000,1,1,0,0.000,1.994,4,0,0.621,3,82.006,889.640,1.000,0.369,1.027,0.876,0.354,0.061,0.105,0.895,0.525,0.580
1041,34.700,9.849,0.000,8.849,0.000,1,1,0,0.000,2.297,4,0,0.655,3,4.123,899.008,1.000,0.379,2.257,0.957,0.233,2.090,0.144,0.856,0.599,0.580
1044,34.800,5.099,0.000,-4.750,0.000,1,1,0,0.000,2.102,4,0,0.655,3,72.346,1026.465,1.000,0.379,1.923,0.943,0.054,2.241,0.143,0.857,0.565,0.580
1047,34.900,3.162,0.000,-1.937,0.000,1,1,0,0.000,2.099,4,0,0.655,3,66.400,1104.568,1.000,0.379,1.560,0.909,0.047,0.061,0.132,0.868,0.548,0.580
1050,35.000,5.831,0.000,2.669,0.000,1,1,0,0.000,1.739,4,0,0.690,3,75.644,1183.494,1.000,0.389,1.798,0.942,0.164,2.396,0.115,0.885,0.566,0.580
1053,35.100,6.403,0.000,0.572,0.000,1,1,0,0.000,1.775,5,1,0.655,4,64.900,955.755,1.000,0.389,1.127,0.715,0.313,2.106,0.076,0.924,0.578,0.750
1056,35.200,5.000,0.000,-1.403,0.000,1,1,0,0.000,1.524,5,0,0.655,4,63.702,961.464,1.000,0.389,1.480,0.927,0.384,0.702,0.100,0.900,0.564,0.580
1059,35.300,6.325,0.000,1.325,0.000,1,1,0,0.000,1.640,5,0,0.690,4,76.485,924.944,1.000,0.389,0.912,0.639,0.291,2.814,0.081,0.919,0.577,0.580
1062,35.400,2.828,0.000,-3.496,0.000,1,1,0,0.000,1.462,6,1,0.655,4,13.928,913.319,1.000,0.389,0.955,0.771,0.349,1.516,0.068,0.932,0.526,0.750
1065,35.500,6.403,0.000,3.575,0.000,1,1,0,0.000,1.331,6,0,0.690,5,52.802,925.638,1.000,0.389,1.284,0.552,0.718,0.166,0.060,0.940,0.599,0.580
1068,35.600,43.863,0.000,37.460,0.000,1,1,0,0.000,1.377,6,0,0.724,5,113.741,1183.194,1.000,0.379,2.848,0.788,0.869,1.440,0.124,0.876,0.830,0.632
1071,35.700,0.000,150.083,0.000,70.158,1,0,1,0.000,1.820,6,1,0.690,5,0.000,1579.778,1.000,0.379,3.012,0.577,1.150,1.040,0.086,0.914,0.855,0.750
1074,35.800,95.258,0.000,51.394,0.000,1,1,0,0.000,1.171,6,0,0.690,5,0.000,2092.089,1.000,0.379,3.967,0.824,1.441,0.531,0.137,0.863,0.861,0.700
1077,35.900,19.235,0.000,-76.022,0.000,1,1,0,0.000,1.342,6,0,0.724,5,85.159,2969.609,1.000,0.369,2.660,0.854,1.735,0.124,0.116,0.884,0.684,0.700
1080,36.000,6.403,0.000,-12.832,0.000,1,1,0,0.000,1.017,4,1,0.690,3,0.000,3012.154,1.000,0.369,1.201,0.481,1.835,0.125,0.066,0.934,0.587,0.750
1083,36.100,1.414,0.000,-4.989,0.000,1,1,0,0.000,1.027,4,0,0.690,2,1.414,3057.865,1.000,0.369,1.002,0.186,1.726,0.247,0.055,0.945,0.530,0.700
1086,36.200,2.828,0.000,1.414,0.000,1,1,0,0.000,0.871,4,0,0.724,2,1.000,2836.919,1.000,0.369,1.113,0.833,1.745,1.229,0.078,0.922,0.495,0.700
1089,36.300,1.000,0.000,-1.828,0.000,1,1,0,0.000,0.911,4,0,0.724,2,0.000,2817.055,1.000,0.379,1.305,0.680,1.200,0.619,0.075,0.925,0.501,0.580
1092,36.400,1.414,0.000,0.414,0.000,1,1,0,0.000,0.799,4,0,0.724,2,1.000,2472.168,1.000,0.379,1.023,0.535,0.945,1.128,0.057,0.943,0.506,0.580
1095,36.500,0.000,0.000,-1.414,0.000,1,1,0,0.000,0.725,4,0,0.759,2,0.000,2337.908,1.000,0.379,0.670,0.527,0.801,0.200,0.051,0.949,0.490,0.580
1098,36.600,1.414,0.000,1.414,0.000,1,1,0,0.000,0.838,4,0,0.793,2,2.000,1858.484,1.000,0.389,1.563,0.871,0.524,1.059,0.091,0.909,0.496,0.580
1101,36.700,0.000,0.000,-1.414,0.000,1,1,0,0.000,0.688,4,0,0.793,2,1.000,1686.894,1.000,0.389,1.352,0.609,0.556,1.300,0.041,0.959,0.501,0.580
1104,36.800,0.000,0.000,0.000,0.000,1,1,0,0.000,0.813,4,0,0.793,2,1.414,1540.569,1.000,0.389,0.880,0.439,0.612,0.370,0.040,0.960,0.501,0.580
1107,36.900,2.000,0.000,2.000,0.000,1,1,0,0.000,1.047,4,0,0.793,2,1.414,909.379,1.000,0.399,1.148,0.925,0.824,1.087,0.078,0.922,0.485,0.580
1110,37.000,1.414,0.000,-0.586,0.000,1,1,0,0.000,0.785,4,0,0.793,2,1.000,474.065,1.000,0.399,1.335,0.681,0.856,0.218,0.072,0.928,0.504,0.580
1113,37.100,2.236,0.000,0.822,0.000,1,1,0,0.000,1.464,4,0,0.828,2,1.000,423.617,1.000,0.408,0.799,0.698,0.887,2.102,0.066,0.934,0.494,0.580
1116,37.200,0.000,146.168,0.000,-3.916,1,0,1,0.000,1.885,4,0,0.828,3,89.185,418.599,1.000,0.408,9.243,0.121,0.165,1.554,0.443,0.557,0.997,0.693
1119,37.300,106.301,0.000,104.065,0.000,1,1,0,0.000,1.640,4,0,0.828,3,0.000,869.844,1.000,0.408,0.950,0.353,0.565,1.610,0.054,0.946,0.804,0.550
1122,37.400,19.698,0.000,-86.604,0.000,1,1,0,0.000,1.731,4,0,0.862,2,13.038,1027.999,1.000,0.417,1.076,0.206,0.035,1.285,0.038,0.962,0.632,0.450
1125,37.500,9.220,0.000,-10.478,0.000,1,1,0,0.000,1.610,3,1,0.828,2,33.242,1129.557,1.000,0.417,1.158,0.191,0.268,0.247,0.040,0.960,0.507,0.750
1128,37.600,3.000,0.000,-6.220,0.000,1,1,0,0.000,1.460,3,0,0.828,2,111.018,1043.814,1.000,0.426,0.518,0.242,0.258,1.331,0.034,0.966,0.453,0.617
1131,37.700,12.369,0.000,9.369,0.000,1,1,0,0.000,1.665,3,0,0.828,2,88.284,1302.445,1.000,0.435,0.662,0.544,0.293,0.809,0.048,0.952,0.487,0.580
1134,37.800,7.211,0.000,-5.158,0.000,1,1,0,0.000,1.758,3,0,0.828,2,6.325,1392.899,1.000,0.435,0.556,0.564,0.237,2.212,0.037,0.963,0.455,0.580
1137,37.900,7.810,0.000,0.599,0.000,1,1,0,0.000,2.039,3,0,0.828,2,85.988,1511.807,1.000,0.444,0.853,0.779,0.245,2.741,0.063,0.937,0.450,0.580
1140,38.000,6.708,0.000,-1.102,0.000,1,1,0,0.000,1.934,3,0,0.862,2,82.280,1496.754,1.000,0.444,0.585,0.553,0.213,0.503,0.038,0.962,0.453,0.580
1143,38.100,4.123,0.000,-2.585,0.000,1,1,0,0.000,2.135,4,1,0.828,3,82.280,1496.754,1.000,0.453,0.785,0.649,0.132,0.451,0.054,0.946,0.552,0.750
1146,38.200,2.236,0.000,-1.887,0.000,1,1,0,0.000,2.170,4,0,0.828,2,82.280,1496.754,1.000,0.453,0.409,0.481,0.220,1.457,0.024,0.976,0.499,0.580
1149,38.300,8.062,0.000,5.826,0.000,1,1,0,0.000,2.152,4,0,0.862,2,77.078,1469.814,1.000,0.462,0.945,0.500,0.277,0.846,0.038,0.962,0.543,0.580
1152,38.400,13.454,0.000,5.391,0.000,1,1,0,0.000,2.429,3,1,0.828,2,13.454,1425.095,1.000,0.470,0.477,0.572,0.269,1.646,0.029,0.971,0.487,0.750
1155,38.500,2.236,0.000,-11.218,0.000,1,1,0,0.000,2.413,3,0,0.828,2,107.187,1393.374,1.000,0.470,0.449,0.685,0.333,0.993,0.040,0.960,0.416,0.595
1158,38.600,5.385,0.000,3.149,0.000,1,1,0,0.000,2.203,3,0,0.862,2,91.548,1225.550,1.000,0.479,0.394,0.627,0.401,0.772,0.029,0.971,0.436,0.580
1161,38.700,0.000,13.342,0.000,-132.826,1,0,1,0.000,2.152,4,1,0.828,2,91.548,1225.550,1.000,0.479,0.483,0.583,0.293,0.389,0.029,0.971,0.555,0.750
1164,38.800,16.125,0.000,10.739,0.000,1,1,0,0.000,2.133,4,0,0.828,2,19.925,1099.744,1.000,0.487,0.332,0.188,0.599,0.262,0.030,0.970,0.595,0.580
1167,38.900,10.817,0.000,-5.308,0.000,1,1,0,0.000,2.219,4,0,0.862,2,19.925,1099.744,1.000,0.487,0.567,0.279,0.538,0.372,0.039,0.961,0.565,0.580
1170,39.000,0.000,0.000,0.000,0.000,0,0,0,0.000,0.000,5,0,0.862,0,19.925,1099.744,0.967,0.487,9.116,0.137,0.505,0.758,0.271,0.729,0.476,0.650
1173,39.100,0.000,0.000,0.000,0.000,0,0,0,0.000,0.000,5,0,0.862,0,19.925,1099.744,0.933,0.487,2.024,0.856,0.244,3.039,0.137,0.863,0.273,0.580
1176,39.200,0.000,0.000,0.000,0.000,0,0,0,0.000,0.000,5,0,0.862,0,19.925,1099.744,0.900,0.487,1.973,0.857,0.178,2.344,0.139,0.861,0.267,0.580
1179,39.300,0.000,0.000,0.000,0.000,0,0,0,0.000,0.000,5,0,0.862,0,19.925,1099.744,0.867,0.487,2.070,0.872,0.120,0.637,0.133,0.867,0.265,0.580
1182,39.400,0.000,0.000,0.000,0.000,0,0,0,0.000,0.000,5,0,0.862,0,19.925,1099.744,0.833,0.487,1.921,0.801,0.047,0.094,0.126,0.874,0.262,0.580
1185,39.500,0.000,0.000,0.000,0.000,0,0,0,0.000,0.000,5,0,0.862,0,19.925,1099.744,0.800,0.487,1.706,0.661,0.007,2.915,0.121,0.879,0.262,0.580
1188,39.600,0.000,0.000,0.000,0.000,0,0,0,0.000,0.000,5,0,0.862,0,19.925,1099.744,0.767,0.487,1.819,0.890,0.031,1.612,0.134,0.866,0.245,0.580
1191,39.700,0.000,0.000,0.000,0.000,0,0,0,0.000,0.000,5,0,0.862,0,19.925,1099.744,0.733,0.487,1.965,0.862,0.089,0.040,0.133,0.867,0.247,0.580
1194,39.800,0.000,0.000,0.000,0.000,0,0,0,0.000,0.000,5,0,0.862,0,19.925,1099.744,0.700,0.487,1.319,0.827,0.167,0.008,0.116,0.884,0.229,0.580
1197,39.900,0.000,0.000,0.000,0.000,0,0,0,0.000,0.000,5,0,0.862,0,19.925,1099.744,0.667,0.487,0.837,0.543,0.177,0.796,0.078,0.922,0.233,0.580
1200,40.000,0.000,0.000,0.000,0.000,0,0,0,0.000,0.000,5,0,0.862,0,19.925,1099.744,0.633,0.487,1.265,0.574,0.208,0.595,0.078,0.922,0.237,0.580
1203,40.100,0.000,0.000,0.000,0.000,0,0,0,0.000,0.000,5,0,0.862,0,19.925,1099.744,0.600,0.487,1.466,0.262,0.260,0.649,0.076,0.924,0.260,0.580
1206,40.200,0.000,0.000,0.000,0.000,0,0,0,0.000,0.000,5,0,0.862,0,19.925,1099.744,0.567,0.487,1.515,0.554,0.305,1.084,0.083,0.917,0.237,0.580
1209,40.300,0.000,0.000,0.000,0.000,0,0,0,0.000,0.000,5,0,0.862,0,19.925,1099.744,0.533,0.487,1.251,0.629,5.309,0.643,0.081,0.919,0.221,0.700
1212,40.400,0.000,0.000,0.000,0.000,0,0,0,0.000,0.000,5,0,0.897,0,19.925,1099.744,0.500,0.487,1.196,0.684,5.630,0.127,0.085,0.915,0.212,0.700
1215,40.500,0.000,0.000,0.000,0.000,0,0,0,0.000,0.000,5,0,0.897,0,19.925,1099.744,0.467,0.487,0.981,0.564,6.669,1.124,0.082,0.918,0.211,0.700
1218,40.600,0.000,0.000,0.000,0.000,0,0,0,0.000,0.000,5,0,0.897,0,19.925,1099.744,0.433,0.487,0.889,0.319,0.193,0.541,0.098,0.902,0.222,0.580
1221,40.700,0.000,0.000,0.000,0.000,0,0,0,0.000,0.000,5,0,0.897,0,19.925,1099.744,0.400,0.487,0.789,0.142,0.110,0.856,0.082,0.918,0.228,0.580
1224,40.800,0.000,0.000,0.000,0.000,0,0,0,0.000,0.000,6,1,0.862,0,19.925,1099.744,0.367,0.487,0.999,0.280,0.032,0.113,0.099,0.901,0.219,0.750
1227,40.900,0.000,0.000,0.000,0.000,0,0,0,0.000,0.000,6,0,0.862,0,19.925,1099.744,0.333,0.487,0.942,0.215,0.048,0.415,0.094,0.906,0.219,0.580
1230,41.000,0.000,0.000,0.000,0.000,0,0,0,0.000,0.000,6,0,0.897,0,19.925,1099.744,0.300,0.487,0.849,0.104,0.112,0.059,0.082,0.918,0.220,0.580
1233,41.100,0.000,0.000,0.000,0.000,0,0,0,0.000,0.000,5,0,0.897,0,19.925,1099.744,0.267,0.487,1.242,0.226,0.175,0.560,0.083,0.917,0.217,0.580
1236,41.200,0.000,0.000,0.000,0.000,0,0,0,0.000,0.000,4,1,0.862,0,19.925,1099.744,0.233,0.487,0.657,0.651,0.227,1.681,0.073,0.927,0.169,0.750
1239,41.300,0.000,0.000,0.000,0.000,0,0,0,0.000,0.000,5,1,0.862,0,19.925,1099.744,0.200,0.487,1.067,0.577,0.321,0.938,0.081,0.919,0.180,0.750
1242,41.400,0.000,0.000,0.000,0.000,0,0,0,0.000,0.000,5,0,0.862,0,19.925,1099.744,0.167,0.487,1.468,0.517,0.342,0.803,0.074,0.926,0.191,0.580
1245,41.500,0.000,0.000,0.000,0.000,0,0,0,0.000,0.000,5,0,0.862,0,19.925,1099.744,0.133,0.487,1.517,0.243,0.335,0.145,0.091,0.909,0.207,0.580
1248,41.600,0.000,0.000,0.000,0.000,0,0,0,0.000,0.000,5,0,0.897,0,19.925,1099.744,0.100,0.487,1.177,0.249,0.358,0.830,0.090,0.910,0.194,0.580
1251,41.700,0.000,0.000,0.000,0.000,0,0,0,0.000,0.000,5,0,0.897,0,19.925,1099.744,0.067,0.487,0.861,0.330,0.409,0.343,0.082,0.918,0.176,0.580
1254,41.800,0.000,0.000,0.000,0.000,0,0,0,0.000,0.000,4,1,0.862,0,19.925,1099.744,0.033,0.487,0.354,0.225,0.473,0.136,0.046,0.954,0.167,0.750
1257,41.900,0.000,0.000,0.000,0.000,0,0,0,0.000,0.000,4,0,0.862,0,19.925,1099.744,0.000,0.487,0.394,0.668,0.545,0.905,0.047,0.953,0.133,0.580
1260,42.000,0.000,0.000,0.000,0.000,0,0,0,0.000,0.000,6,1,0.828,0,19.925,1099.744,0.000,0.487,1.178,0.907,0.602,0.182,0.100,0.900,0.136,0.750
1263,42.100,0.000,0.000,0.000,0.000,0,0,0,0.000,0.000,6,0,0.828,0,19.925,1099.744,0.000,0.487,2.686,0.891,1.529,0.317,0.130,0.870,0.175,0.700
1266,42.200,0.000,0.000,0.000,0.000,0,0,0,0.000,0.000,6,0,0.828,0,19.925,1099.744,0.000,0.487,1.025,0.719,0.997,0.404,0.098,0.902,0.145,0.580
1269,42.300,0.000,0.000,0.000,0.000,0,0,0,0.000,0.000,6,0,0.828,0,19.925,1099.744,0.000,0.487,1.287,0.108,0.740,0.904,0.085,0.915,0.195,0.580
1272,42.400,0.000,0.000,0.000,0.000,0,0,0,0.000,0.000,6,0,0.828,0,19.925,1099.744,0.000,0.487,1.673,0.149,0.562,1.846,0.086,0.914,0.201,0.580
1275,42.500,0.000,0.000,0.000,0.000,0,0,0,0.000,0.000,6,0,0.828,0,19.925,1099.744,0.000,0.487,1.659,0.645,0.281,1.249,0.115,0.885,0.166,0.580
1278,42.600,0.000,0.000,0.000,0.000,0,0,0,0.000,0.000,6,0,0.828,0,19.925,1099.744,0.000,0.487,1.748,0.219,0.031,0.055,0.102,0.898,0.198,0.580
1281,42.700,0.000,0.000,0.000,0.000,0,0,0,0.000,0.000,6,0,0.828,0,19.925,1099.744,0.000,0.487,1.771,0.541,0.269,1.330,0.096,0.904,0.176,0.580
1284,42.800,0.000,0.000,0.000,0.000,0,0,0,0.000,0.000,6,0,0.828,0,19.925,1099.744,0.000,0.487,1.901,0.349,0.974,0.214,0.078,0.922,0.193,0.580
1287,42.900,0.000,44.385,0.000,31.043,1,0,1,0.000,1.991,5,1,0.793,4,54.083,933.675,0.033,0.179,10.376,0.090,1.305,1.641,0.367,0.633,0.888,0.750
1290,43.000,47.854,0.000,37.037,0.000,1,1,0,0.000,2.150,5,0,0.793,4,20.396,958.594,0.067,0.177,1.878,0.653,3.416,0.724,0.082,0.918,0.703,0.700
1293,43.100,2.828,0.000,-45.026,0.000,1,1,0,0.000,1.939,5,0,0.793,4,14.765,925.714,0.100,0.174,1.347,0.719,3.221,0.280,0.074,0.926,0.455,0.700
1296,43.200,7.000,0.000,4.172,0.000,1,1,0,0.000,1.915,5,0,0.793,4,14.765,925.714,0.133,0.172,1.185,0.736,3.531,0.531,0.067,0.933,0.477,0.700
1299,43.300,7.071,0.000,0.071,0.000,1,1,0,0.000,1.843,5,0,0.793,4,26.926,917.305,0.167,0.170,1.324,0.741,4.084,0.614,0.073,0.927,0.484,0.700
1302,43.400,14.318,0.000,7.247,0.000,1,1,0,0.000,1.541,5,0,0.793,4,27.659,891.700,0.200,0.167,1.537,0.643,3.788,0.118,0.073,0.927,0.541,0.700
1305,43.500,20.881,0.000,6.563,0.000,1,1,0,0.000,1.556,6,0,0.793,4,58.822,880.769,0.233,0.167,1.181,0.834,3.825,0.018,0.069,0.931,0.535,0.700
1308,43.600,5.831,0.000,-15.050,0.000,1,1,0,0.000,1.548,6,0,0.793,4,58.822,880.769,0.267,0.165,0.929,0.857,3.725,0.004,0.064,0.936,0.448,0.700
1311,43.700,3.162,0.000,-2.669,0.000,1,1,0,0.000,1.437,6,0,0.828,4,65.521,812.545,0.300,0.163,1.394,0.957,1.811,0.062,0.070,0.930,0.441,0.700
1314,43.800,1.000,0.000,-2.162,0.000,1,1,0,0.000,1.181,5,0,0.828,4,65.521,812.545,0.333,0.160,0.518,0.656,1.846,0.990,0.037,0.963,0.457,0.700
1317,43.900,21.471,0.000,20.471,0.000,1,1,0,0.000,1.167,5,0,0.828,4,65.521,812.545,0.367,0.158,0.744,0.733,1.709,0.761,0.053,0.947,0.575,0.700
1320,44.000,13.153,0.000,-8.318,0.000,1,1,0,0.000,1.345,5,0,0.828,2,65.521,812.545,0.400,0.158,0.776,0.763,1.461,1.506,0.048,0.952,0.459,0.700
1323,44.100,11.180,0.000,-1.973,0.000,1,1,0,0.000,1.251,5,0,0.862,4,44.598,758.764,0.433,0.156,0.462,0.219,1.242,2.038,0.030,0.970,0.554,0.580
1326,44.200,8.944,0.000,-2.236,0.000,1,1,0,0.000,1.242,5,0,0.897,4,17.205,722.138,0.467,0.153,0.678,0.253,0.999,0.149,0.038,0.962,0.549,0.580
1329,44.300,9.055,0.000,0.111,0.000,1,1,0,0.000,1.457,5,0,0.897,4,20.591,680.005,0.500,0.151,0.886,0.832,0.754,2.322,0.067,0.933,0.518,0.580
1332,44.400,14.318,0.000,5.262,0.000,1,1,0,0.000,1.421,6,0,0.897,4,17.692,636.094,0.533,0.369,1.080,0.899,0.523,0.009,0.071,0.929,0.528,0.580
1335,44.500,7.000,0.000,-7.318,0.000,1,1,0,0.000,1.536,6,0,0.897,2,71.344,633.394,0.567,0.369,0.639,0.789,0.394,0.198,0.043,0.957,0.428,0.580
1338,44.600,14.036,0.000,7.036,0.000,1,1,0,0.000,1.504,6,0,0.897,4,49.254,664.019,0.600,0.369,0.661,0.532,0.440,0.981,0.044,0.956,0.549,0.580
1341,44.700,9.434,0.000,-4.602,0.000,1,1,0,0.000,1.719,6,0,0.931,4,9.487,685.008,0.633,0.369,0.562,0.308,0.466,0.393,0.040,0.960,0.541,0.580
1344,44.800,7.810,0.000,-1.624,0.000,1,1,0,0.000,1.679,6,0,0.931,4,72.180,583.697,0.667,0.369,0.660,0.720,0.495,0.091,0.047,0.953,0.510,0.580
1347,44.900,3.606,0.000,-4.205,0.000,1,1,0,0.000,1.515,6,0,0.966,4,40.200,557.519,0.700,0.369,0.456,0.476,0.551,0.584,0.031,0.969,0.502,0.580
1350,45.000,20.100,0.000,16.494,0.000,1,1,0,0.000,1.811,6,0,0.966,4,40.200,557.519,0.733,0.369,1.007,0.780,0.627,2.850,0.049,0.951,0.590,0.550
1353,45.100,34.176,0.000,14.076,0.000,1,1,0,0.000,1.548,6,0,0.966,4,0.000,468.827,0.767,0.369,2.091,0.862,0.632,0.788,0.079,0.921,0.694,0.350
1356,45.200,31.623,0.000,-2.553,0.000,1,1,0,0.000,1.314,6,0,0.966,4,0.000,468.827,0.800,0.369,1.845,0.809,0.541,0.323,0.069,0.931,0.681,0.350
1359,45.300,31.064,0.000,-0.558,0.000,1,1,0,0.000,1.024,7,0,0.966,4,48.847,594.149,0.833,0.369,1.842,0.823,0.541,0.666,0.074,0.926,0.664,0.350
1362,45.400,19.849,0.000,-11.215,0.000,1,1,0,0.000,1.032,7,0,0.966,4,48.847,594.149,0.867,0.369,1.580,0.918,0.473,0.145,0.072,0.928,0.592,0.350
1365,45.500,9.220,0.000,-10.630,0.000,1,1,0,0.000,0.954,7,0,0.966,4,5.385,667.069,0.900,0.369,0.887,0.890,0.417,0.501,0.067,0.933,0.522,0.580
1368,45.600,3.000,0.000,-6.220,0.000,1,1,0,0.000,0.807,7,1,0.931,4,32.388,838.127,0.933,0.369,0.523,0.699,0.385,0.914,0.043,0.957,0.496,0.750
1371,45.700,7.280,0.000,4.280,0.000,1,1,0,0.000,1.002,7,0,0.931,4,32.388,838.127,0.967,0.369,0.496,0.431,0.341,2.454,0.038,0.962,0.542,0.580
1374,45.800,0.000,162.432,0.000,118.047,1,0,1,0.000,1.985,7,0,0.966,3,32.388,838.127,1.000,0.369,0.606,0.432,0.313,1.318,0.043,0.957,0.732,0.550
1377,45.900,0.000,4.243,0.000,-158.189,1,0,1,0.000,1.926,6,0,0.966,3,32.388,838.127,1.000,0.369,1.019,0.850,0.291,0.292,0.064,0.936,0.500,0.580
1380,46.000,0.000,20.000,0.000,15.757,1,0,1,0.000,1.930,6,0,0.966,4,32.388,838.127,1.000,0.369,0.874,0.809,0.181,0.253,0.058,0.942,0.616,0.350
1383,46.100,0.000,0.000,0.000,0.000,0,0,0,0.000,0.000,6,0,0.966,0,32.388,838.127,0.967,0.369,1.789,0.894,0.087,0.016,0.078,0.922,0.268,0.650
1386,46.200,0.000,0.000,0.000,0.000,0,0,0,0.000,0.000,7,1,0.931,0,32.388,838.127,0.933,0.369,1.016,0.801,0.464,0.743,0.058,0.942,0.251,0.750
1389,46.300,0.000,0.000,0.000,0.000,0,0,0,0.000,0.000,7,0,0.931,0,32.388,838.127,0.900,0.369,0.368,0.709,0.676,0.912,0.030,0.970,0.238,0.580
1392,46.400,0.000,0.000,0.000,0.000,0,0,0,0.000,0.000,7,0,0.931,0,32.388,838.127,0.867,0.369,0.657,0.479,0.793,0.152,0.025,0.975,0.257,0.580
1395,46.500,0.000,0.000,0.000,0.000,0,0,0,0.000,0.000,8,0,0.931,0,32.388,838.127,0.833,0.369,0.846,0.765,1.258,2.547,0.068,0.932,0.238,0.580
1398,46.600,0.000,0.000,0.000,0.000,0,0,0,0.000,0.000,8,0,0.931,0,32.388,838.127,0.800,0.369,0.468,0.588,1.335,0.169,0.039,0.961,0.237,0.580
1401,46.700,0.000,0.000,0.000,0.000,0,0,0,0.000,0.000,8,0,0.931,0,32.388,838.127,0.767,0.369,0.828,0.894,0.354,0.032,0.055,0.945,0.220,0.580
1404,46.800,0.000,0.000,0.000,0.000,0,0,0,0.000,0.000,6,1,0.897,0,32.388,838.127,0.733,0.369,0.572,0.714,0.105,0.489,0.036,0.964,0.222,0.750
1407,46.900,0.000,0.000,0.000,0.000,0,0,0,0.000,0.000,6,0,0.897,0,32.388,838.127,0.700,0.369,0.640,0.435,0.241,1.896,0.039,0.961,0.240,0.580
1410,47.000,0.000,0.000,0.000,0.000,0,0,0,0.000,0.000,6,0,0.897,0,32.388,838.127,0.667,0.369,0.572,0.309,0.455,0.036,0.030,0.970,0.243,0.580
1413,47.100,0.000,0.000,0.000,0.000,0,0,0,0.000,0.000,7,0,0.897,0,32.388,838.127,0.633,0.369,1.065,0.946,0.511,2.702,0.068,0.932,0.206,0.580
1416,47.200,0.000,0.000,0.000,0.000,0,0,0,0.000,0.000,7,0,0.897,0,32.388,838.127,0.600,0.369,0.474,0.733,0.454,0.983,0.034,0.966,0.203,0.580
1419,47.300,0.000,0.000,0.000,0.000,0,0,0,0.000,0.000,7,0,0.897,0,32.388,838.127,0.567,0.369,0.693,0.798,0.426,0.940,0.051,0.949,0.199,0.580
1422,47.400,0.000,0.000,0.000,0.000,0,0,0,0.000,0.000,6,0,0.897,0,32.388,838.127,0.533,0.369,0.620,0.402,0.374,2.024,0.030,0.970,0.221,0.580
1425,47.500,0.000,0.000,0.000,0.000,0,0,0,0.000,0.000,6,0,0.897,0,32.388,838.127,0.500,0.369,0.779,0.159,0.415,0.207,0.040,0.960,0.238,0.580
1428,47.600,0.000,0.000,0.000,0.000,0,0,0,0.000,0.000,6,0,0.897,0,32.388,838.127,0.467,0.369,0.735,0.839,0.462,0.833,0.044,0.956,0.186,0.580
1431,47.700,0.000,0.000,0.000,0.000,0,0,0,0.000,0.000,6,0,0.897,0,32.388,838.127,0.433,0.369,0.711,0.466,0.700,1.763,0.035,0.965,0.207,0.580
1434,47.800,0.000,0.000,0.000,0.000,0,0,0,0.000,0.000,6,0,0.897,0,32.388,838.127,0.400,0.369,0.729,0.738,0.815,1.243,0.051,0.949,0.185,0.580
1437,47.900,0.000,0.000,0.000,0.000,0,0,0,0.000,0.000,5,1,0.862,0,32.388,838.127,0.367,0.369,0.702,0.912,0.708,0.831,0.055,0.945,0.168,0.750
1440,48.000,0.000,0.000,0.000,0.000,0,0,0,0.000,0.000,6,1,0.828,0,32.388,838.127,0.333,0.369,0.686,0.881,0.744,0.220,0.054,0.946,0.165,0.750
1443,48.100,0.000,0.000,0.000,0.000,0,0,0,0.000,0.000,6,0,0.828,0,32.388,838.127,0.300,0.369,0.615,0.749,0.739,1.091,0.046,0.954,0.169,0.580
1446,48.200,0.000,0.000,0.000,0.000,0,0,0,0.000,0.000,5,1,0.793,0,32.388,838.127,0.267,0.369,0.566,0.864,0.577,0.955,0.056,0.944,0.156,0.750
1449,48.300,0.000,0.000,0.000,0.000,0,0,0,0.000,0.000,5,1,0.759,0,32.388,838.127,0.233,0.369,20.078,0.182,0.535,2.723,0.419,0.581,0.385,0.750
1452,48.400,0.000,0.000,0.000,0.000,0,0,0,0.000,0.000,5,0,0.759,0,32.388,838.127,0.200,0.369,3.479,0.919,2.947,1.303,0.191,0.809,0.217,0.700
1455,48.500,0.000,0.000,0.000,0.000,0,0,0,0.000,0.000,5,0,0.793,0,32.388,838.127,0.167,0.369,3.201,0.845,4.167,0.130,0.184,0.816,0.211,0.700
1458,48.600,0.000,0.000,0.000,0.000,0,0,0,0.000,0.000,6,0,0.793,0,32.388,838.127,0.133,0.369,3.432,0.662,4.725,0.043,0.181,0.819,0.225,0.700
1461,48.700,0.000,0.000,0.000,0.000,0,0,0,0.000,0.000,6,0,0.793,0,32.388,838.127,0.100,0.369,3.317,0.688,5.047,0.045,0.175,0.825,0.217,0.700
1464,48.800,0.000,0.000,0.000,0.000,0,0,0,0.000,0.000,6,0,0.793,0,32.388,838.127,0.067,0.369,4.520,0.747,5.588,0.765,0.199,0.801,0.239,0.700
1467,48.900,0.000,0.000,0.000,0.000,0,0,0,0.000,0.000,5,0,0.793,0,32.388,838.127,0.033,0.369,6.900,0.801,6.365,0.396,0.205,0.795,0.290,0.700
1470,49.000,0.000,0.000,0.000,0.000,0,0,0,0.000,0.000,5,0,0.793,0,32.388,838.127,0.000,0.369,8.070,0.819,7.756,1.253,0.224,0.776,0.313,0.700
1473,49.100,0.000,149.683,0.000,129.683,1,0,1,0.000,1.767,5,0,0.828,4,90.139,1073.154,0.033,0.160,16.678,0.183,9.259,3.104,0.489,0.511,0.885,0.739
1476,49.200,0.000,8.246,0.000,-141.437,1,0,1,0.000,1.589,4,1,0.793,2,11.000,1279.137,0.067,0.160,1.899,0.931,22.327,0.926,0.108,0.892,0.426,0.750
1479,49.300,0.000,0.000,0.000,0.000,0,0,0,0.000,0.000,4,0,0.793,0,11.000,1279.137,0.067,0.160,1.687,0.946,25.707,0.053,0.103,0.897,0.154,0.700
1482,49.400,0.000,10.000,0.000,1.754,1,0,1,0.000,1.568,4,0,0.793,2,6.325,1412.684,0.100,0.166,1.069,0.901,29.480,0.292,0.094,0.906,0.421,0.700
1485,49.500,0.000,5.000,0.000,-5.000,1,0,1,0.000,1.466,5,1,0.759,3,6.325,1412.684,0.133,0.166,0.882,0.841,29.683,0.470,0.093,0.907,0.415,0.750
1488,49.600,0.000,2.236,0.000,-2.764,1,0,1,0.000,1.642,4,1,0.724,3,14.866,1568.695,0.167,0.166,0.806,0.897,31.017,0.168,0.092,0.908,0.425,0.750
1491,49.700,0.000,8.944,0.000,6.708,1,0,1,0.000,1.626,4,0,0.759,3,14.866,1568.695,0.200,0.169,0.586,0.833,33.554,0.168,0.078,0.922,0.465,0.700
1494,49.800,0.000,0.000,0.000,0.000,0,0,0,0.000,0.000,5,1,0.724,0,14.866,1568.695,0.200,0.169,0.657,0.867,34.084,0.574,0.073,0.927,0.150,0.750
1497,49.900,0.000,0.000,0.000,0.000,0,0,0,0.000,0.000,5,0,0.724,0,14.866,1568.695,0.200,0.169,0.839,0.886,0.379,0.394,0.083,0.917,0.153,0.580
1500,50.000,0.000,0.000,0.000,0.000,0,0,0,0.000,0.000,5,0,0.724,0,14.866,1568.695,0.200,0.169,0.896,0.863,0.304,1.581,0.083,0.917,0.156,0.580
1503,50.100,0.000,0.000,0.000,0.000,0,0,0,0.000,0.000,5,0,0.724,0,14.866,1568.695,0.200,0.169,0.354,0.529,0.236,2.760,0.045,0.955,0.166,0.580
1506,50.200,0.000,0.000,0.000,0.000,0,0,0,0.000,0.000,4,1,0.690,0,14.866,1568.695,0.200,0.169,1.003,0.894,0.161,0.346,0.085,0.915,0.156,0.750
1509,50.300,192.754,0.000,185.474,0.000,1,1,0,0.000,0.971,5,1,0.655,4,14.866,1568.695,0.233,0.182,1.518,0.470,0.090,0.743,0.080,0.920,0.727,0.750
1512,50.400,36.797,0.000,-16.962,0.000,2,1,0,36.797,1.435,3,1,0.621,4,14.866,1568.695,0.267,0.182,2.793,0.781,0.005,0.108,0.126,0.874,0.682,0.750
1515,50.500,0.000,0.000,0.000,0.000,0,0,0,0.000,0.000,3,0,0.621,0,14.866,1568.695,0.267,0.182,4.987,0.500,0.148,0.147,0.171,0.829,0.192,0.650
1518,50.600,246.986,0.000,210.189,0.000,1,1,0,0.000,1.578,3,0,0.621,2,188.308,1856.884,0.300,0.184,3.067,0.127,0.286,0.284,0.100,0.900,0.674,0.750
1521,50.700,17.117,0.000,-229.869,0.000,1,1,0,0.000,1.684,3,0,0.621,2,188.308,1856.884,0.333,0.187,2.027,0.203,0.585,0.970,0.075,0.925,0.492,0.750
1524,50.800,23.345,0.000,6.228,0.000,1,1,0,0.000,1.567,3,0,0.655,2,38.471,2046.454,0.367,0.187,1.554,0.058,0.602,0.247,0.077,0.923,0.529,0.350
1527,50.900,1.414,0.000,-21.931,0.000,1,1,0,0.000,1.482,3,0,0.690,2,1.414,2244.779,0.400,0.190,1.150,0.174,0.619,1.427,0.074,0.926,0.392,0.580
1530,51.000,6.403,0.000,4.989,0.000,1,1,0,0.000,1.265,3,0,0.690,2,207.369,4388.384,0.433,0.190,0.814,0.116,0.625,1.117,0.048,0.952,0.420,0.750
1533,51.100,1.414,0.000,-4.989,0.000,1,1,0,0.000,1.147,3,0,0.724,2,36.770,5864.747,0.467,0.193,0.722,0.269,0.629,0.180,0.059,0.941,0.383,0.580
1536,51.200,7.071,0.000,5.657,0.000,1,1,0,0.000,0.988,3,0,0.759,2,186.775,5749.024,0.500,0.193,1.054,0.637,0.633,0.849,0.061,0.939,0.401,0.750
1539,51.300,2.828,0.000,-4.243,0.000,1,1,0,0.000,0.987,4,1,0.724,3,186.775,5749.024,0.533,0.193,0.673,0.593,0.628,0.184,0.041,0.959,0.490,0.750
1542,51.400,6.000,0.000,3.172,0.000,1,1,0,0.000,0.894,4,0,0.724,3,186.775,5749.024,0.567,0.196,1.018,0.875,0.553,0.352,0.068,0.932,0.501,0.750
1545,51.500,7.810,0.000,1.810,0.000,1,1,0,0.000,0.858,4,0,0.724,3,15.652,5865.784,0.600,0.196,1.612,0.859,0.498,0.381,0.098,0.902,0.531,0.580
1548,51.600,9.487,0.000,1.677,0.000,1,1,0,0.000,0.824,4,0,0.724,3,0.000,6162.099,0.633,0.196,2.035,0.873,0.444,0.232,0.111,0.889,0.553,0.580
1551,51.700,7.280,0.000,-2.207,0.000,1,1,0,0.000,0.826,4,0,0.724,3,0.000,6341.554,0.667,0.196,1.500,0.898,0.362,0.061,0.101,0.899,0.530,0.580
1554,51.800,8.246,0.000,0.966,0.000,1,1,0,0.000,0.816,4,0,0.724,3,0.000,6472.939,0.700,0.196,1.181,0.897,0.315,0.385,0.087,0.913,0.532,0.580
1557,51.900,3.000,0.000,-5.246,0.000,1,1,0,0.000,0.665,4,0,0.724,3,0.000,6472.939,0.733,0.343,0.995,0.861,0.274,0.503,0.088,0.912,0.504,0.580
1560,52.000,5.000,0.000,2.000,0.000,1,1,0,0.000,0.468,4,0,0.724,3,8.000,6451.259,0.767,0.351,1.012,0.850,0.245,0.260,0.087,0.913,0.521,0.580
1563,52.100,4.123,0.000,-0.877,0.000,1,1,0,0.000,0.499,4,0,0.759,3,302.035,9091.184,0.767,0.340,0.689,0.771,0.273,0.343,0.069,0.931,0.513,0.750
1566,52.200,0.000,0.000,-4.123,0.000,1,1,0,0.000,0.458,4,0,0.759,3,6.083,11148.114,0.767,0.340,0.662,0.802,0.279,0.138,0.067,0.933,0.487,0.580
1569,52.300,3.162,0.000,3.162,0.000,1,1,0,0.000,0.418,4,0,0.759,3,298.873,9925.224,0.800,0.340,0.695,0.599,0.362,0.579,0.046,0.954,0.524,0.750
1572,52.400,2.236,0.000,-0.926,0.000,1,1,0,0.000,0.749,4,0,0.793,2,298.873,9925.224,0.800,0.340,0.373,0.581,0.402,0.382,0.031,0.969,0.467,0.750
1575,52.500,4.243,0.000,2.007,0.000,1,1,0,0.000,1.212,4,0,0.828,2,298.873,9925.224,0.800,0.348,0.748,0.795,0.451,2.306,0.068,0.932,0.473,0.750
1578,52.600,2.236,0.000,-2.007,0.000,1,1,0,0.000,1.260,3,1,0.793,2,298.873,9925.224,0.800,0.428,0.543,0.811,0.450,0.029,0.065,0.935,0.485,0.750
1581,52.700,4.243,0.000,2.007,0.000,1,1,0,0.000,1.689,4,1,0.793,2,298.873,9925.224,0.800,0.437,0.397,0.438,0.454,0.174,0.042,0.958,0.489,0.750
1584,52.800,2.000,0.000,-2.243,0.000,1,1,0,0.000,1.820,3,1,0.759,2,298.873,9925.224,0.833,0.437,0.444,0.666,0.524,0.048,0.047,0.953,0.496,0.750
1587,52.900,4.123,0.000,2.123,0.000,1,1,0,0.000,2.000,3,0,0.759,2,298.873,9925.224,0.867,0.446,0.427,0.655,0.538,0.231,0.049,0.951,0.512,0.750
1590,53.000,4.472,0.000,0.349,0.000,1,1,0,0.000,1.815,4,1,0.724,3,294.457,10487.519,0.900,0.444,0.656,0.854,0.585,0.945,0.074,0.926,0.524,0.750
1593,53.100,7.000,0.000,2.528,0.000,1,1,0,0.000,1.727,4,0,0.759,3,185.828,8968.834,0.933,0.444,0.843,0.806,0.688,0.302,0.074,0.926,0.551,0.750
1596,53.200,3.606,0.000,-3.394,0.000,1,1,0,0.000,1.506,4,0,0.793,3,207.328,7419.330,0.967,0.435,1.143,0.707,0.890,0.715,0.103,0.897,0.550,0.750
1599,53.300,1.414,0.000,-2.191,0.000,1,1,0,0.000,1.325,4,0,0.828,2,1.414,7355.219,0.967,0.435,0.570,0.748,0.954,0.760,0.061,0.939,0.476,0.580
1602,53.400,2.828,0.000,1.414,0.000,1,1,0,0.000,1.481,4,0,0.828,3,127.812,7211.987,0.967,0.435,0.662,0.782,0.963,0.966,0.055,0.945,0.529,0.710
1605,53.500,1.414,0.000,-1.414,0.000,1,1,0,0.000,1.129,4,0,0.828,3,189.908,7800.398,1.000,0.435,0.624,0.639,0.893,1.051,0.056,0.944,0.534,0.750
1608,53.600,1.000,0.000,-0.414,0.000,1,1,0,0.000,1.325,3,1,0.793,2,189.908,7800.398,1.000,0.435,0.229,0.379,1.187,0.426,0.019,0.981,0.525,0.750
1611,53.700,2.000,0.000,1.000,0.000,1,1,0,0.000,1.159,4,1,0.759,2,189.908,7800.398,1.000,0.435,0.491,0.660,1.387,0.966,0.042,0.958,0.487,0.750
1614,53.800,4.243,0.000,2.243,0.000,1,1,0,0.000,1.169,4,0,0.759,2,189.908,7800.398,1.000,0.444,0.801,0.786,1.331,0.401,0.069,0.931,0.499,0.750
1617,53.900,4.123,0.000,-0.120,0.000,1,1,0,0.000,1.294,4,0,0.759,2,189.908,7800.398,1.000,0.444,0.503,0.626,1.185,1.179,0.051,0.949,0.502,0.750
1620,54.000,0.000,0.000,-4.123,0.000,1,1,0,0.000,1.395,3,1,0.724,2,189.908,7800.398,1.000,0.444,0.400,0.645,0.945,0.319,0.039,0.961,0.505,0.750
1623,54.100,1.000,0.000,1.000,0.000,1,1,0,0.000,1.399,3,0,0.724,2,189.908,7800.398,1.000,0.453,0.428,0.656,0.984,0.134,0.034,0.966,0.510,0.750
1626,54.200,1.000,0.000,0.000,0.000,1,1,0,0.000,1.399,4,1,0.724,2,189.908,7800.398,1.000,0.453,0.241,0.239,0.952,1.253,0.030,0.970,0.505,0.750
1629,54.300,2.000,0.000,1.000,0.000,1,1,0,0.000,1.661,4,0,0.724,2,189.908,7800.398,1.000,0.453,0.573,0.812,0.829,1.614,0.049,0.951,0.479,0.750
1632,54.400,5.000,0.000,3.000,0.000,1,1,0,0.000,1.268,4,0,0.724,3,87.006,7884.990,1.000,0.453,0.905,0.885,0.756,0.564,0.068,0.932,0.543,0.580
1635,54.500,1.000,0.000,-4.000,0.000,1,1,0,0.000,1.530,4,0,0.724,3,74.330,7646.100,1.000,0.453,0.759,0.679,0.585,0.571,0.067,0.933,0.532,0.580
1638,54.600,4.123,0.000,3.123,0.000,1,1,0,0.000,1.882,3,1,0.690,2,74.330,7646.100,1.000,0.462,0.666,0.826,0.477,0.167,0.069,0.931,0.522,0.750
1641,54.700,0.000,0.000,0.000,0.000,0,0,0,0.000,0.000,4,1,0.655,0,74.330,7646.100,0.967,0.462,11.184,0.371,0.471,0.576,0.496,0.504,0.460,0.750
1644,54.800,0.000,0.000,0.000,0.000,0,0,0,0.000,0.000,4,0,0.655,0,74.330,7646.100,0.933,0.462,2.517,0.954,2.129,2.507,0.217,0.783,0.278,0.700
1647,54.900,0.000,0.000,0.000,0.000,0,0,0,0.000,0.000,3,1,0.621,0,74.330,7646.100,0.900,0.462,1.817,0.904,3.151,0.208,0.191,0.809,0.160,0.750
1650,55.000,0.000,0.000,0.000,0.000,0,0,0,0.000,0.000,3,0,0.621,0,74.330,7646.100,0.867,0.462,1.980,0.915,3.858,1.745,0.201,0.799,0.159,0.700
1653,55.100,0.000,0.000,0.000,0.000,0,0,0,0.000,0.000,2,1,0.586,0,74.330,7646.100,0.833,0.462,1.562,0.947,4.924,1.499,0.189,0.811,0.143,0.750
1656,55.200,0.000,0.000,0.000,0.000,0,0,0,0.000,0.000,4,1,0.552,0,74.330,7646.100,0.800,0.462,0.813,0.787,4.931,1.423,0.118,0.882,0.231,0.750
1659,55.300,0.000,0.000,0.000,0.000,0,0,0,0.000,0.000,4,0,0.552,0,74.330,7646.100,0.767,0.462,0.883,0.661,5.062,2.590,0.101,0.899,0.238,0.700
1662,55.400,171.172,0.000,167.049,0.000,1,1,0,0.000,1.616,4,0,0.552,3,168.656,7648.135,0.767,0.331,1.643,0.923,4.939,0.983,0.182,0.818,0.753,0.750
1665,55.500,30.806,0.000,-140.367,0.000,1,1,0,0.000,1.685,3,1,0.552,2,71.505,7430.909,0.767,0.331,2.195,0.863,5.406,0.231,0.178,0.822,0.578,0.750
1668,55.600,0.000,0.000,0.000,0.000,0,0,0,0.000,0.000,3,0,0.586,0,71.505,7430.909,0.733,0.331,1.976,0.835,6.015,0.034,0.148,0.852,0.149,0.700
1671,55.700,0.000,0.000,0.000,0.000,0,0,0,0.000,0.000,3,0,0.621,0,71.505,7430.909,0.700,0.331,1.381,0.877,6.432,1.855,0.161,0.839,0.127,0.700
1674,55.800,0.000,0.000,0.000,0.000,0,0,0,0.000,0.000,4,1,0.586,0,71.505,7430.909,0.667,0.331,0.737,0.358,6.484,0.786,0.090,0.910,0.243,0.750
1677,55.900,0.000,0.000,0.000,0.000,0,0,0,0.000,0.000,4,0,0.621,0,71.505,7430.909,0.633,0.331,1.715,0.864,6.558,0.686,0.170,0.830,0.228,0.700
1680,56.000,0.000,0.000,0.000,0.000,0,0,0,0.000,0.000,4,0,0.621,0,71.505,7430.909,0.600,0.331,1.175,0.607,6.361,0.557,0.112,0.888,0.229,0.700
1683,56.100,0.000,0.000,0.000,0.000,0,0,0,0.000,0.000,4,0,0.621,0,71.505,7430.909,0.567,0.331,0.609,0.636,6.372,2.172,0.085,0.915,0.209,0.700
1686,56.200,0.000,0.000,0.000,0.000,0,0,0,0.000,0.000,4,0,0.621,0,71.505,7430.909,0.533,0.331,1.129,0.925,6.607,1.688,0.144,0.856,0.197,0.700
1689,56.300,0.000,0.000,0.000,0.000,0,0,0,0.000,0.000,3,1,0.586,0,71.505,7430.909,0.500,0.331,0.489,0.377,0.078,2.020,0.083,0.917,0.216,0.750
1692,56.400,0.000,0.000,0.000,0.000,0,0,0,0.000,0.000,4,1,0.552,0,71.505,7430.909,0.467,0.331,0.534,0.513,0.022,1.856,0.068,0.932,0.203,0.750
1695,56.500,0.000,0.000,0.000,0.000,0,0,0,0.000,0.000,3,1,0.552,0,71.505,7430.909,0.433,0.331,0.238,0.269,0.083,0.393,0.045,0.955,0.209,0.750
1698,56.600,0.000,0.000,0.000,0.000,0,0,0,0.000,0.000,3,0,0.586,0,71.505,7430.909,0.400,0.331,0.749,0.905,0.161,1.257,0.112,0.888,0.173,0.580
1701,56.700,0.000,0.000,0.000,0.000,0,0,0,0.000,0.000,3,0,0.586,0,71.505,7430.909,0.367,0.331,0.867,0.888,0.217,1.060,0.125,0.875,0.174,0.580
1704,56.800,0.000,0.000,0.000,0.000,0,0,0,0.000,0.000,3,0,0.586,0,71.505,7430.909,0.333,0.331,0.343,0.451,0.225,2.358,0.060,0.940,0.187,0.580
1707,56.900,0.000,0.000,0.000,0.000,0,0,0,0.000,0.000,3,0,0.621,0,71.505,7430.909,0.300,0.331,0.271,0.224,0.241,2.908,0.043,0.957,0.197,0.580
1710,57.000,0.000,0.000,0.000,0.000,0,0,0,0.000,0.000,3,0,0.621,0,71.505,7430.909,0.267,0.331,0.999,0.864,0.307,0.508,0.128,0.872,0.166,0.580
1713,57.100,0.000,0.000,0.000,0.000,0,0,0,0.000,0.000,4,1,0.621,0,71.505,7430.909,0.233,0.331,1.220,0.950,0.387,0.162,0.155,0.845,0.162,0.750
1716,57.200,0.000,0.000,0.000,0.000,0,0,0,0.000,0.000,4,0,0.621,0,71.505,7430.909,0.200,0.331,10.663,0.379,0.452,0.743,0.396,0.604,0.367,0.646
1719,57.300,0.000,0.000,0.000,0.000,0,0,0,0.000,0.000,3,1,0.586,0,71.505,7430.909,0.167,0.331,2.162,0.662,0.242,0.096,0.188,0.812,0.098,0.750
1722,57.400,0.000,0.000,0.000,0.000,0,0,0,0.000,0.000,3,0,0.586,0,71.505,7430.909,0.133,0.331,3.915,0.818,0.209,0.082,0.226,0.774,0.127,0.580
1725,57.500,0.000,0.000,0.000,0.000,0,0,0,0.000,0.000,3,0,0.621,0,71.505,7430.909,0.100,0.331,4.557,0.961,0.173,0.782,0.235,0.765,0.129,0.580
1728,57.600,0.000,0.000,0.000,0.000,0,0,0,0.000,0.000,5,1,0.621,0,71.505,7430.909,0.067,0.331,2.434,0.853,0.094,0.423,0.203,0.797,0.179,0.750
1731,57.700,0.000,0.000,0.000,0.000,0,0,0,0.000,0.000,5,0,0.621,0,71.505,7430.909,0.067,0.331,2.713,0.876,0.044,0.221,0.214,0.786,0.184,0.580
1734,57.800,0.000,0.000,0.000,0.000,0,0,0,0.000,0.000,5,0,0.655,0,71.505,7430.909,0.067,0.331,3.087,0.769,1.203,0.421,0.214,0.786,0.201,0.580
1737,57.900,0.000,0.000,0.000,0.000,0,0,0,0.000,0.000,4,1,0.621,0,71.505,7430.909,0.067,0.331,5.221,0.792,1.837,0.623,0.228,0.772,0.253,0.750
1740,58.000,0.000,0.000,0.000,0.000,0,0,0,0.000,0.000,4,0,0.655,0,71.505,7430.909,0.067,0.331,9.052,0.806,2.496,0.271,0.269,0.731,0.322,0.700
1743,58.100,0.000,0.000,0.000,0.000,0,0,0,0.000,0.000,4,0,0.690,0,71.505,7430.909,0.067,0.331,16.518,0.775,3.653,0.039,0.284,0.716,0.324,0.700
1746,58.200,0.000,0.000,0.000,0.000,0,0,0,0.000,0.000,3,1,0.655,0,71.505,7430.909,0.067,0.331,18.922,0.664,5.638,0.841,0.301,0.699,0.232,0.750
1749,58.300,0.000,0.000,0.000,0.000,0,0,0,0.000,0.000,3,0,0.655,0,71.505,7430.909,0.067,0.331,14.651,0.467,7.785,1.650,0.278,0.722,0.245,0.700
1752,58.400,0.000,0.000,0.000,0.000,0,0,0,0.000,0.000,3,0,0.690,0,71.505,7430.909,0.033,0.331,13.111,0.263,9.082,0.064,0.251,0.749,0.256,0.700
1755,58.500,130.874,0.000,100.068,0.000,1,1,0,0.000,1.784,4,1,0.655,1,71.505,7430.909,0.033,0.210,12.324,0.406,10.548,2.309,0.240,0.760,0.771,0.750
1758,58.600,0.000,405.731,0.000,396.787,1,0,1,0.000,1.920,4,0,0.655,2,0.000,7512.565,0.067,0.210,9.157,0.214,14.278,2.884,0.575,0.425,0.833,0.800
1761,58.700,303.528,19.235,172.654,-386.496,2,1,1,299.813,1.805,4,0,0.690,5,0.000,8121.099,0.100,0.204,1.990,0.354,18.418,2.506,0.079,0.921,0.817,0.700
1764,58.800,11.045,10.296,-292.482,-8.940,2,1,1,301.144,1.713,6,1,0.655,6,28.284,5291.098,0.133,0.199,1.347,0.149,2.622,0.774,0.081,0.919,0.631,0.750
1767,58.900,6.000,13.038,-5.045,2.743,2,1,1,290.947,2.043,6,0,0.655,5,38.626,5027.388,0.167,0.199,1.392,0.827,2.564,2.587,0.098,0.902,0.569,0.700
1770,59.000,6.403,15.556,0.403,2.518,2,1,1,294.640,1.931,6,0,0.655,5,27.514,3233.969,0.200,0.196,1.491,0.675,2.371,1.164,0.090,0.910,0.600,0.700
1773,59.100,31.305,32.696,24.902,17.139,2,1,1,350.956,1.819,5,1,0.621,6,49.041,1682.444,0.233,0.193,4.030,0.067,2.127,1.561,0.095,0.905,0.836,0.750
1776,59.200,34.713,39.115,3.408,6.420,2,1,1,394.808,1.787,5,0,0.655,6,0.000,1939.489,0.267,0.187,3.766,0.359,2.138,0.234,0.109,0.891,0.848,0.700
1779,59.300,18.028,27.586,-16.685,-11.529,2,1,1,412.161,1.637,5,0,0.690,6,0.000,2093.090,0.300,0.181,3.523,0.698,2.130,0.949,0.130,0.870,0.758,0.700
1782,59.400,7.280,12.806,-10.748,-14.780,2,1,1,421.521,1.369,3,1,0.690,4,0.000,2268.260,0.333,0.179,2.157,0.406,2.099,0.505,0.073,0.927,0.567,0.750
1785,59.500,32.000,3.162,24.720,-9.644,2,1,1,430.537,1.187,3,0,0.690,4,0.000,2246.964,0.367,0.176,2.689,0.569,1.865,0.788,0.113,0.887,0.679,0.700
1788,59.600,47.096,8.062,15.096,4.900,2,1,1,450.161,1.142,3,0,0.690,3,34.132,2344.625,0.400,0.176,2.634,0.646,1.306,2.369,0.157,0.843,0.749,0.550
1791,59.700,64.031,31.016,16.936,22.954,2,1,1,401.125,1.050,5,1,0.655,6,59.481,1461.144,0.433,0.155,4.362,0.565,0.443,0.203,0.198,0.802,0.901,0.750
1794,59.800,88.640,54.672,24.608,23.656,2,1,1,312.117,0.829,5,0,0.655,6,28.636,1450.084,0.467,0.324,4.862,0.248,0.041,0.347,0.166,0.834,0.940,0.000
1797,59.900,71.063,41.049,-17.576,-13.623,2,1,1,263.879,0.600,5,0,0.655,6,66.528,1737.940,0.500,0.324,5.287,0.284,0.313,1.172,0.157,0.843,0.952,0.000
1800,60.000,30.594,42.953,-40.469,1.905,2,1,1,243.214,0.573,7,1,0.655,4,64.846,2235.794,0.533,0.324,3.062,0.262,0.551,1.426,0.143,0.857,0.814,0.750
1803,60.100,58.009,28.636,27.415,-14.318,2,1,1,281.101,0.603,7,0,0.655,4,49.092,2705.799,0.567,0.324,1.951,0.566,0.804,0.974,0.113,0.887,0.780,0.450
1806,60.200,0.000,9.849,0.000,-18.787,1,0,1,0.000,0.580,7,0,0.690,2,113.701,3035.405,0.600,0.336,1.791,0.622,1.034,1.910,0.131,0.869,0.479,0.650
1809,60.300,0.000,9.487,0.000,-0.362,1,0,1,0.000,0.692,7,0,0.690,2,113.701,3035.405,0.633,0.347,3.248,0.900,0.896,0.548,0.173,0.827,0.498,0.632
1812,60.400,0.000,16.401,0.000,6.914,1,0,1,0.000,0.790,7,0,0.690,2,122.004,4154.444,0.667,0.347,1.160,0.711,0.855,0.214,0.114,0.886,0.502,0.678
1815,60.500,284.318,0.000,226.310,0.000,1,1,0,0.000,0.837,7,0,0.724,2,122.004,4154.444,0.700,0.358,1.535,0.919,0.806,2.529,0.128,0.872,0.659,0.678
1818,60.600,0.000,314.159,0.000,309.060,2,0,1,314.159,0.832,6,0,0.724,6,268.047,4581.399,0.733,0.358,1.525,0.779,0.750,0.410,0.103,0.897,0.852,0.750
1821,60.700,0.000,298.329,0.000,2.717,2,0,1,298.329,1.556,6,0,0.724,6,171.012,4794.725,0.767,0.358,2.072,0.894,0.806,0.263,0.147,0.853,0.861,0.750
1824,60.800,0.000,18.788,0.000,-279.540,1,0,1,0.000,1.676,6,0,0.759,5,171.012,4794.725,0.800,0.358,3.352,0.902,0.845,0.990,0.165,0.835,0.671,0.750
1827,60.900,0.000,5.831,0.000,-12.957,1,0,1,0.000,1.610,6,0,0.759,5,240.684,5072.807,0.833,0.358,3.428,0.936,0.855,0.950,0.197,0.803,0.603,0.750
1830,61.000,0.000,7.071,0.000,1.240,1,0,1,0.000,1.475,6,0,0.759,5,9.055,5216.099,0.867,0.347,2.485,0.917,0.787,0.173,0.189,0.811,0.591,0.580
1833,61.100,0.000,313.006,0.000,310.770,2,0,1,313.006,1.311,6,0,0.793,6,210.466,5036.484,0.900,0.347,1.579,0.909,0.706,1.342,0.162,0.838,0.864,0.750
1836,61.200,0.000,310.006,0.000,-3.000,1,0,1,0.000,1.675,5,1,0.759,4,210.466,5036.484,0.933,0.358,2.359,0.898,0.611,0.245,0.196,0.804,0.802,0.750
1839,61.300,0.000,4.000,0.000,-306.006,1,0,1,0.000,1.678,5,0,0.759,3,210.466,5036.484,0.967,0.358,2.424,0.961,0.580,0.058,0.203,0.797,0.540,0.750
1842,61.400,0.000,3.162,0.000,-0.838,1,0,1,0.000,1.525,5,0,0.793,3,210.466,5036.484,1.000,0.369,1.658,0.904,0.568,0.520,0.183,0.817,0.524,0.750
1845,61.500,0.000,6.403,0.000,3.241,1,0,1,0.000,1.645,6,0,0.793,4,210.466,5036.484,1.000,0.369,1.792,0.884,0.621,0.099,0.195,0.805,0.558,0.750
1848,61.600,337.148,0.000,52.830,0.000,1,1,0,0.000,1.171,6,0,0.793,4,61.587,4984.609,1.000,0.369,1.618,0.830,0.664,0.329,0.185,0.815,0.772,0.500
1851,61.700,6.083,0.000,-331.066,0.000,1,1,0,0.000,1.198,6,0,0.828,4,12.806,4932.709,1.000,0.358,1.613,0.823,0.672,0.072,0.178,0.822,0.557,0.580
1854,61.800,0.000,15.620,0.000,9.217,1,0,1,0.000,1.658,6,1,0.793,5,38.471,4843.927,1.000,0.336,2.631,0.721,0.665,0.142,0.139,0.861,0.672,0.750
1857,61.900,0.000,21.932,0.000,6.311,1,0,1,0.000,1.615,6,0,0.793,5,38.471,4843.927,1.000,0.347,3.892,0.436,0.850,1.263,0.145,0.855,0.759,0.580
1860,62.000,0.000,25.298,0.000,3.367,1,0,1,0.000,1.637,6,0,0.828,5,38.471,4843.927,1.000,0.347,4.325,0.838,0.669,0.968,0.195,0.805,0.760,0.350
1863,62.100,0.000,25.000,0.000,-0.298,1,0,1,0.000,1.388,6,1,0.793,3,38.471,4843.927,1.000,0.347,4.981,0.810,0.518,0.269,0.216,0.784,0.717,0.750
1866,62.200,0.000,27.203,0.000,2.203,1,0,1,0.000,1.069,6,0,0.793,3,38.471,4843.927,1.000,0.358,4.339,0.723,0.182,0.522,0.198,0.802,0.719,0.350
1869,62.300,0.000,6.708,0.000,-20.495,1,0,1,0.000,0.894,6,0,0.828,3,38.471,4843.927,1.000,0.358,4.473,0.831,0.034,1.922,0.205,0.795,0.601,0.580
1872,62.400,0.000,0.000,0.000,0.000,0,0,0,0.000,0.000,7,1,0.793,0,38.471,4843.927,0.967,0.358,4.125,0.605,0.105,1.285,0.155,0.845,0.347,0.750
1875,62.500,0.000,0.000,0.000,0.000,0,0,0,0.000,0.000,7,0,0.793,0,38.471,4843.927,0.933,0.358,4.713,0.285,0.073,2.826,0.157,0.843,0.380,0.580
1878,62.600,0.000,0.000,0.000,0.000,0,0,0,0.000,0.000,7,0,0.828,0,38.471,4843.927,0.900,0.358,2.770,0.906,0.207,2.227,0.162,0.838,0.284,0.580
1881,62.700,0.000,0.000,0.000,0.000,0,0,0,0.000,0.000,6,1,0.793,0,38.471,4843.927,0.867,0.358,3.500,0.769,0.319,0.201,0.147,0.853,0.308,0.750
1884,62.800,0.000,414.740,0.000,408.031,1,0,1,0.000,0.678,6,0,0.793,2,38.471,4843.927,0.867,0.301,3.218,0.306,0.516,2.903,0.172,0.828,0.773,0.650
1887,62.900,0.000,4.243,0.000,-410.497,1,0,1,0.000,0.668,6,0,0.828,2,233.214,5401.210,0.867,0.301,3.990,0.502,0.806,2.483,0.162,0.838,0.552,0.750
1890,63.000,0.000,0.000,0.000,0.000,0,0,0,0.000,0.000,7,1,0.793,0,233.214,5401.210,0.833,0.301,2.465,0.695,1.706,2.099,0.189,0.811,0.283,0.750
1893,63.100,0.000,0.000,0.000,0.000,0,0,0,0.000,0.000,7,0,0.793,0,233.214,5401.210,0.800,0.301,2.210,0.642,1.962,0.024,0.169,0.831,0.276,0.750
1896,63.200,0.000,71.176,0.000,66.933,1,0,1,0.000,0.929,7,0,0.793,2,41.629,5992.689,0.800,0.312,2.408,0.815,2.017,0.054,0.168,0.832,0.701,0.700
1899,63.300,0.000,58.694,0.000,-12.482,1,0,1,0.000,1.293,7,0,0.793,2,74.250,6250.717,0.800,0.312,3.136,0.622,2.089,0.236,0.195,0.805,0.732,0.700
1902,63.400,0.000,33.956,0.000,-24.738,1,0,1,0.000,1.291,7,0,0.793,2,0.000,6508.694,0.800,0.321,4.802,0.140,2.362,0.135,0.149,0.851,0.746,0.700
1905,63.500,0.000,293.784,0.000,264.237,2,0,1,293.784,1.327,7,0,0.793,6,145.454,7141.579,0.800,0.321,2.214,0.787,1.912,0.722,0.160,0.840,0.851,0.750
1908,63.600,43.046,293.820,36.964,0.036,2,1,1,336.574,1.500,7,0,0.793,6,149.933,6219.317,0.800,0.312,2.322,0.744,1.257,0.036,0.155,0.845,0.856,0.750
1911,63.700,21.024,7.810,-22.023,-286.009,2,1,1,328.056,1.762,7,0,0.793,6,75.802,5376.694,0.800,0.303,1.498,0.348,0.669,1.584,0.076,0.924,0.730,0.580
1914,63.800,8.062,4.243,-12.962,-3.568,2,1,1,333.958,1.516,7,0,0.793,6,154.175,5509.538,0.800,0.303,0.885,0.099,0.323,0.625,0.077,0.923,0.660,0.750
1917,63.900,4.472,4.472,-3.590,0.229,2,1,1,333.946,1.551,6,0,0.793,6,138.539,5325.588,0.800,0.303,1.199,0.474,0.037,1.726,0.112,0.888,0.648,0.750
1920,64.000,4.000,7.071,-0.472,2.599,2,1,1,338.364,1.546,6,0,0.793,6,44.407,3886.415,0.800,0.294,1.111,0.614,0.163,0.180,0.115,0.885,0.650,0.580
1923,64.100,4.000,7.000,0.000,-0.071,2,1,1,330.462,1.663,6,0,0.828,6,33.242,3829.745,0.800,0.294,1.065,0.816,0.459,0.502,0.106,0.894,0.634,0.580
1926,64.200,4.123,1.414,0.123,-5.586,2,1,1,331.409,1.657,7,0,0.828,6,48.166,3619.927,0.800,0.284,1.498,0.578,0.641,0.554,0.086,0.914,0.620,0.580
1929,64.300,2.236,5.385,-1.887,3.971,2,1,1,331.412,1.711,7,0,0.828,6,124.920,3432.419,0.800,0.324,2.185,0.276,0.826,0.634,0.106,0.894,0.666,0.694
1932,64.400,18.000,14.318,15.764,8.933,2,1,1,300.108,1.626,7,0,0.828,6,55.543,2742.938,0.800,0.298,2.134,0.386,0.944,0.672,0.096,0.904,0.727,0.580
1935,64.500,16.031,22.825,-1.969,8.508,2,1,1,278.627,1.765,6,0,0.828,6,59.228,2096.238,0.800,0.298,2.664,0.374,1.263,1.638,0.083,0.917,0.793,0.550
1938,64.600,23.707,25.962,7.675,3.136,2,1,1,240.027,1.631,6,0,0.828,6,82.037,1753.975,0.800,0.298,4.063,0.554,1.363,0.133,0.178,0.822,0.833,0.350
1941,64.700,12.728,16.971,-10.979,-8.991,2,1,1,267.030,1.716,6,0,0.862,6,98.843,1593.608,0.800,0.298,3.416,0.225,1.365,1.446,0.131,0.869,0.790,0.580
1944,64.800,297.254,0.000,284.526,0.000,1,1,0,0.000,1.912,6,0,0.862,2,164.210,1635.030,0.800,0.311,4.349,0.499,1.485,1.258,0.129,0.871,0.780,0.750
1947,64.900,0.000,50.774,0.000,33.803,1,0,1,0.000,1.303,6,0,0.862,2,67.119,1976.324,0.800,0.324,3.282,0.445,1.478,1.164,0.123,0.877,0.757,0.700
1950,65.000,0.000,342.650,0.000,314.366,2,0,1,342.650,1.311,6,0,0.897,6,95.079,2027.374,0.800,0.324,3.021,0.447,1.581,0.008,0.139,0.861,0.920,0.700
1953,65.100,332.677,353.617,35.423,10.967,2,1,1,372.146,1.912,6,0,0.897,6,37.000,2109.589,0.800,0.324,1.554,0.404,1.291,0.707,0.130,0.870,0.887,0.500
1956,65.200,6.325,4.472,-326.352,-349.145,2,1,1,370.601,1.745,6,0,0.897,6,37.121,2145.374,0.800,0.324,1.704,0.708,1.203,1.055,0.145,0.855,0.654,0.580
1959,65.300,3.162,3.000,-3.162,-1.472,2,1,1,367.491,1.657,6,0,0.931,6,41.110,2346.049,0.800,0.324,1.575,0.754,0.914,1.411,0.139,0.861,0.630,0.580
1962,65.400,8.062,5.385,4.900,2.385,2,1,1,368.196,1.737,6,0,0.931,6,42.297,2358.039,0.833,0.324,1.615,0.687,0.577,0.166,0.147,0.853,0.667,0.580
1965,65.500,8.246,4.123,0.184,-1.262,2,1,1,376.666,1.536,6,0,0.931,6,139.589,3138.760,0.867,0.324,1.498,0.672,0.362,0.443,0.142,0.858,0.670,0.750
1968,65.600,8.062,15.033,-0.184,10.910,2,1,1,369.986,1.517,6,0,0.966,6,44.643,2818.265,0.900,0.324,2.869,0.593,0.132,1.592,0.156,0.844,0.752,0.580
1971,65.700,8.544,10.296,0.482,-4.738,2,1,1,368.680,1.519,6,0,0.966,6,147.384,2573.604,0.933,0.324,2.053,0.646,0.084,0.156,0.147,0.853,0.705,0.750
1974,65.800,4.472,8.485,-4.072,-1.810,2,1,1,368.620,1.205,6,0,0.966,6,37.014,2440.844,0.933,0.324,1.551,0.749,0.240,1.124,0.147,0.853,0.675,0.580
1977,65.900,5.385,3.000,0.913,-5.485,2,1,1,375.155,0.911,6,0,1.000,6,44.045,2460.727,0.933,0.298,0.964,0.366,0.272,0.103,0.109,0.891,0.670,0.580
1980,66.000,4.000,1.000,-1.385,-2.000,2,1,1,379.771,0.879,5,1,0.966,4,7.810,2499.444,0.967,0.311,0.683,0.371,0.352,0.820,0.079,0.921,0.623,0.750
1983,66.100,5.385,5.000,1.385,4.000,2,1,1,378.695,1.053,6,1,0.931,6,48.260,2188.578,1.000,0.311,1.042,0.451,0.198,0.512,0.079,0.921,0.674,0.750
1986,66.200,9.220,3.000,3.834,-2.000,2,1,1,387.386,1.181,6,0,0.931,6,54.452,2108.299,1.000,0.311,1.381,0.509,0.124,0.043,0.096,0.904,0.700,0.580
1989,66.300,2.236,2.236,-6.983,-0.764,2,1,1,385.001,1.418,6,1,0.897,6,0.000,2088.969,1.000,0.311,0.862,0.596,0.300,0.475,0.087,0.913,0.642,0.750
1992,66.400,4.000,6.403,1.764,4.167,2,1,1,382.545,1.271,6,0,0.897,6,0.000,1529.294,1.000,0.311,0.679,0.481,0.532,0.477,0.076,0.924,0.669,0.580
1995,66.500,3.000,7.810,-1.000,1.407,2,1,1,388.856,1.589,5,1,0.862,4,93.477,1567.279,1.000,0.311,0.327,0.620,0.676,0.515,0.049,0.951,0.622,0.750
1998,66.600,1.000,5.000,-2.000,-2.810,2,1,1,392.379,1.722,7,1,0.828,6,53.460,1514.607,1.000,0.311,0.947,0.576,0.881,1.753,0.075,0.925,0.635,0.750
2001,66.700,2.828,4.472,1.828,-0.528,2,1,1,391.649,1.682,7,0,0.828,6,59.540,1550.585,1.000,0.311,0.730,0.468,0.858,0.537,0.060,0.940,0.635,0.580
2004,66.800,3.162,2.236,0.334,-2.236,2,1,1,389.423,1.606,6,1,0.793,5,113.534,1585.019,1.000,0.311,0.325,0.779,0.937,0.001,0.044,0.956,0.591,0.750
2007,66.900,2.828,3.162,-0.334,0.926,2,1,1,390.333,1.515,6,0,0.793,5,112.361,1453.325,1.000,0.311,0.329,0.555,1.101,1.241,0.039,0.961,0.607,0.624
2010,67.000,10.000,2.828,7.172,-0.334,2,1,1,394.203,1.714,7,1,0.759,6,57.280,1547.659,1.000,0.311,0.647,0.211,1.239,0.748,0.058,0.942,0.681,0.750
2013,67.100,6.325,2.236,-3.675,-0.592,2,1,1,390.800,1.749,7,0,0.759,6,93.477,2053.495,1.000,0.311,0.488,0.176,1.356,0.816,0.050,0.950,0.659,0.580
2016,67.200,3.162,3.606,-3.162,1.369,2,1,1,394.203,1.772,6,1,0.724,5,116.211,2107.444,1.000,0.311,0.265,0.350,1.738,0.178,0.043,0.957,0.622,0.750
2019,67.300,3.162,1.000,0.000,-2.606,2,1,1,391.389,1.852,6,0,0.724,5,109.986,2049.448,1.000,0.311,0.183,0.527,1.967,0.927,0.029,0.971,0.605,0.700
2022,67.400,1.414,2.236,-1.748,1.236,2,1,1,390.451,1.910,6,0,0.724,5,115.603,2146.080,1.000,0.324,0.199,0.175,1.958,2.725,0.030,0.970,0.625,0.700
2025,67.500,1.414,5.000,0.000,2.764,2,1,1,394.666,1.812,5,1,0.690,4,108.706,2068.714,1.000,0.324,0.318,0.146,1.790,1.506,0.039,0.961,0.640,0.750
2028,67.600,13.038,28.636,11.624,23.636,2,1,1,387.924,1.978,6,1,0.655,6,38.639,2217.925,1.000,0.324,2.568,0.285,1.554,0.227,0.077,0.923,0.853,0.750
2031,67.700,23.324,45.000,10.285,16.364,2,1,1,391.829,1.923,6,0,0.655,6,43.324,2440.338,1.000,0.324,3.913,0.148,1.365,0.527,0.093,0.907,0.987,0.350
2034,67.800,16.279,64.351,-7.045,19.351,2,1,1,432.000,1.573,5,1,0.621,6,0.000,1852.450,1.000,0.324,3.234,0.502,1.125,0.332,0.089,0.911,0.946,0.750
2037,67.900,12.530,14.422,-3.749,-49.928,2,1,1,433.226,1.298,5,0,0.621,6,0.000,1818.018,1.000,0.311,2.039,0.097,0.922,0.002,0.087,0.913,0.774,0.450
2040,68.000,12.042,8.000,-0.488,-6.422,2,1,1,421.030,1.343,5,0,0.621,6,33.526,1655.938,1.000,0.311,1.795,0.291,0.648,0.002,0.084,0.916,0.741,0.350
2043,68.100,5.831,21.932,-6.211,13.932,2,1,1,398.453,1.322,5,0,0.621,6,0.000,1606.759,1.000,0.311,2.337,0.427,0.260,1.483,0.103,0.897,0.800,0.550
2046,68.200,5.385,18.439,-0.446,-3.493,2,1,1,414.174,1.541,5,0,0.621,5,95.859,1586.919,1.000,0.311,0.846,0.531,0.041,0.331,0.073,0.927,0.736,0.533
2049,68.300,4.243,16.279,-1.143,-2.160,2,1,1,433.042,1.236,5,0,0.621,6,134.952,1644.238,1.000,0.311,2.199,0.525,0.076,2.175,0.119,0.881,0.759,0.750
2052,68.400,0.000,0.000,0.000,0.000,0,0,0,0.000,0.000,4,1,0.586,0,134.952,1644.238,0.967,0.311,14.011,0.372,0.389,0.609,0.356,0.644,0.460,0.750
2055,68.500,0.000,117.324,0.000,101.046,1,0,1,0.000,1.342,4,0,0.586,2,134.952,1644.238,0.967,0.315,2.943,0.719,1.854,0.765,0.181,0.819,0.779,0.750
2058,68.600,83.522,14.866,79.280,-102.458,2,1,1,228.020,1.399,4,0,0.586,4,52.355,1982.459,0.967,0.315,2.018,0.444,2.169,0.283,0.117,0.883,0.915,0.700
2061,68.700,26.926,10.296,-56.597,-4.570,2,1,1,256.008,1.658,4,0,0.586,4,74.061,2397.147,0.967,0.315,1.704,0.533,3.653,0.483,0.123,0.877,0.801,0.700
2064,68.800,19.235,14.866,-7.690,4.570,2,1,1,286.211,1.697,4,0,0.586,4,79.511,2682.109,0.967,0.315,3.218,0.845,5.202,0.257,0.181,0.819,0.774,0.700
2067,68.900,0.000,311.353,0.000,307.353,2,0,1,311.353,1.651,4,0,0.621,4,105.423,3352.597,0.967,0.327,1.674,0.858,6.764,0.210,0.147,0.853,0.878,0.700
2070,69.000,18.601,304.291,-0.634,-7.063,2,1,1,268.822,1.687,4,0,0.655,4,87.818,3416.990,0.967,0.327,2.031,0.831,7.054,0.521,0.143,0.857,0.889,0.700
2073,69.100,45.967,0.000,27.366,0.000,1,1,0,0.000,1.677,4,0,0.655,2,0.000,3029.840,0.967,0.339,2.561,0.857,7.320,0.108,0.172,0.828,0.760,0.700
2076,69.200,8.544,0.000,-37.423,0.000,1,1,0,0.000,1.880,4,0,0.690,2,55.227,2691.517,0.967,0.339,1.365,0.612,4.047,0.136,0.113,0.887,0.545,0.700
2079,69.300,32.558,0.000,24.014,0.000,1,1,0,0.000,1.812,4,0,0.690,2,21.095,1960.395,0.967,0.350,2.547,0.827,2.088,0.236,0.153,0.847,0.693,0.700
2082,69.400,44.418,46.690,11.861,-257.601,2,1,1,258.627,1.924,4,0,0.724,4,60.017,1785.438,0.967,0.350,2.650,0.763,1.617,0.105,0.166,0.834,0.909,0.700
2085,69.500,36.069,20.248,-8.349,-26.442,2,1,1,274.235,1.618,4,0,0.759,5,46.861,2119.169,0.967,0.350,2.273,0.718,1.543,0.381,0.143,0.857,0.853,0.700
2088,69.600,14.000,8.062,-22.069,-12.186,2,1,1,280.118,1.643,7,1,0.724,5,90.427,1828.797,0.967,0.360,2.994,0.585,1.496,1.449,0.096,0.904,0.706,0.750
2091,69.700,15.033,24.597,1.033,16.534,2,1,1,253.032,1.463,7,0,0.759,5,73.355,1795.144,0.967,0.360,1.789,0.663,1.418,1.486,0.130,0.870,0.730,0.700
2094,69.800,4.472,25.710,-10.561,1.113,2,1,1,249.580,1.451,7,0,0.759,5,50.000,1734.194,0.967,0.360,3.886,0.710,1.467,0.549,0.143,0.857,0.785,0.700
2097,69.900,4.472,26.833,0.000,1.123,2,1,1,265.590,1.250,5,1,0.759,5,49.497,1573.234,0.967,0.360,4.682,0.741,1.470,0.452,0.176,0.824,0.860,0.750
2100,70.000,30.480,21.213,26.007,-5.620,2,1,1,302.696,1.105,5,0,0.759,6,42.450,1157.294,0.967,0.358,3.894,0.685,0.066,0.250,0.171,0.829,0.865,0.450
2103,70.100,21.954,9.055,-8.525,-12.158,2,1,1,313.772,0.884,5,0,0.793,6,37.643,909.375,0.967,0.358,3.492,0.693,0.039,0.200,0.167,0.833,0.807,0.000
2106,70.200,5.000,3.606,-16.954,-5.450,2,1,1,311.777,1.030,6,0,0.793,6,28.018,891.559,0.967,0.347,2.517,0.752,0.039,0.584,0.158,0.842,0.684,0.580
2109,70.300,9.000,8.062,4.000,4.457,2,1,1,307.937,1.275,6,0,0.793,6,58.249,858.899,0.967,0.347,1.796,0.888,0.026,1.102,0.154,0.846,0.679,0.580
2112,70.400,11.705,15.811,2.705,7.749,2,1,1,305.369,1.332,6,0,0.828,6,0.000,759.855,0.967,0.324,3.838,0.835,0.068,0.116,0.163,0.837,0.771,0.350
2115,70.500,6.325,23.259,-5.380,7.448,2,1,1,320.077,0.951,6,1,0.828,6,67.602,901.969,0.967,0.311,3.966,0.878,0.054,0.843,0.169,0.831,0.813,0.750
2118,70.600,2.236,17.720,-4.088,-5.539,2,1,1,326.098,0.966,6,0,0.828,6,46.065,809.084,0.967,0.311,3.553,0.850,0.051,0.532,0.147,0.853,0.774,0.350
2121,70.700,9.000,13.892,6.764,-3.828,2,1,1,329.002,1.173,6,0,0.862,6,46.648,693.859,0.967,0.311,2.779,0.906,0.028,0.806,0.157,0.843,0.729,0.350
2124,70.800,18.358,15.524,9.358,1.632,2,1,1,317.421,1.256,5,1,0.828,5,23.707,669.565,0.967,0.311,2.658,0.890,0.059,0.081,0.151,0.849,0.752,0.750
2127,70.900,16.031,6.000,-2.326,-9.524,2,1,1,312.405,1.308,5,0,0.828,5,21.024,781.585,0.967,0.311,2.080,0.878,0.077,1.011,0.131,0.869,0.726,0.350
2130,71.000,7.071,3.606,-8.960,-2.394,2,1,1,315.671,1.371,5,0,0.828,5,39.850,1224.519,0.967,0.311,1.618,0.837,0.051,0.309,0.127,0.873,0.667,0.580
2133,71.100,38.079,20.025,31.008,16.419,2,1,1,371.162,1.263,6,1,0.793,6,0.000,1138.144,0.967,0.311,2.390,0.588,0.026,3.111,0.127,0.873,0.876,0.750
2136,71.200,9.487,7.071,-28.592,-12.954,2,1,1,358.230,1.411,6,0,0.793,6,0.000,1275.008,0.967,0.311,1.572,0.305,0.002,1.648,0.090,0.910,0.717,0.580
2139,71.300,14.000,7.810,4.513,0.739,2,1,1,352.278,1.510,6,0,0.828,6,0.000,1467.074,0.967,0.311,1.974,0.165,0.028,0.833,0.083,0.917,0.762,0.350
2142,71.400,18.682,13.000,4.682,5.190,2,1,1,341.696,1.330,4,1,0.793,5,0.000,1552.680,1.000,0.311,2.604,0.344,0.109,0.914,0.099,0.901,0.795,0.750
2145,71.500,11.705,35.355,-6.977,22.355,2,1,1,368.001,1.442,4,0,0.793,5,91.761,1364.888,1.000,0.311,2.621,0.398,0.185,0.059,0.101,0.899,0.884,0.510
2148,71.600,21.840,78.772,10.136,43.416,2,1,1,343.839,1.513,4,0,0.793,5,72.339,1671.209,1.000,0.311,3.893,0.281,0.012,1.289,0.137,0.863,0.978,0.450
2151,71.700,14.213,0.000,-7.628,0.000,1,1,0,0.000,1.774,6,1,0.759,4,93.381,1761.169,1.000,0.324,4.394,0.358,0.064,0.191,0.099,0.901,0.704,0.750
2154,71.800,19.105,102.616,4.892,23.844,2,1,1,335.046,1.767,6,0,0.759,6,83.439,1818.159,1.000,0.324,4.122,0.595,0.012,0.891,0.129,0.871,0.961,0.650
2157,71.900,29.530,7.071,10.425,-95.545,2,1,1,348.175,1.910,6,0,0.759,6,55.227,1847.024,1.000,0.324,1.971,0.439,0.284,1.237,0.098,0.902,0.833,0.450
2160,72.000,20.125,31.113,-9.405,24.042,2,1,1,358.398,1.604,6,1,0.724,6,39.446,2082.494,1.000,0.311,4.528,0.224,0.009,1.696,0.106,0.894,0.920,0.750
2163,72.100,32.388,44.181,12.264,13.069,2,1,1,393.652,1.406,6,0,0.724,6,162.163,2408.634,1.000,0.311,4.172,0.362,0.106,1.655,0.099,0.901,0.974,0.750
2166,72.200,38.053,41.437,5.664,-2.745,2,1,1,420.634,1.399,6,0,0.724,6,213.883,2772.404,1.000,0.311,5.187,0.642,0.132,0.204,0.123,0.877,0.965,0.750
2169,72.300,31.890,45.453,-6.162,4.017,2,1,1,432.042,1.295,6,1,0.690,6,51.245,2863.744,1.000,0.311,4.110,0.713,0.070,0.458,0.148,0.852,0.953,0.750
2172,72.400,31.780,44.204,-0.110,-1.249,2,1,1,437.831,0.990,6,0,0.690,6,73.062,3016.794,1.000,0.311,4.823,0.606,0.038,1.294,0.134,0.866,0.974,0.350
2175,72.500,34.482,28.284,2.701,-15.920,2,1,1,418.718,0.736,6,0,0.724,5,95.520,2844.004,1.000,0.311,3.094,0.312,0.292,0.798,0.082,0.918,0.867,0.531
2178,72.600,30.529,7.211,-3.953,-21.073,2,1,1,402.484,0.727,5,1,0.690,5,58.052,2721.158,1.000,0.311,3.091,0.530,0.429,0.626,0.128,0.872,0.860,0.750
2181,72.700,0.000,394.939,0.000,3.049,2,0,1,394.939,1.014,5,0,0.690,5,169.706,3161.828,1.000,0.311,1.285,0.685,0.516,0.766,0.096,0.904,0.884,0.750
2184,72.800,0.000,413.189,0.000,22.945,2,0,1,413.189,1.674,5,0,0.724,5,260.231,4364.799,1.000,0.311,1.346,0.619,0.500,1.640,0.124,0.876,0.890,0.750
2187,72.900,0.000,411.886,0.000,12.076,2,0,1,411.886,2.402,6,1,0.690,5,195.167,4822.344,1.000,0.311,1.827,0.601,0.591,0.371,0.140,0.860,0.874,0.750
2190,73.000,0.000,414.693,0.000,4.809,2,0,1,414.693,3.030,6,0,0.690,5,219.317,5342.837,1.000,0.311,2.270,0.743,0.795,0.535,0.161,0.839,0.875,0.750
2193,73.100,0.000,416.112,0.000,6.417,2,0,1,416.112,3.116,6,0,0.690,5,193.010,5312.528,1.000,0.324,1.497,0.800,0.943,0.899,0.142,0.858,0.851,0.750
2196,73.200,44.598,5.000,14.070,-411.112,2,1,1,413.890,3.068,4,1,0.655,4,155.862,4956.959,1.000,0.324,1.175,0.724,0.664,0.470,0.133,0.867,0.876,0.750
2199,73.300,0.000,412.645,0.000,0.411,2,0,1,412.645,2.735,4,0,0.655,4,170.391,4746.940,1.000,0.324,0.980,0.531,0.205,0.522,0.109,0.891,0.887,0.750
2202,73.400,0.000,20.125,0.000,-392.521,1,0,1,0.000,2.540,4,0,0.690,2,86.284,4980.614,1.000,0.336,1.600,0.645,0.197,0.171,0.106,0.894,0.617,0.650
2205,73.500,0.000,37.216,0.000,17.091,1,0,1,0.000,2.158,6,1,0.655,3,15.000,5058.029,1.000,0.336,2.096,0.551,0.089,0.545,0.115,0.885,0.731,0.750
2208,73.600,0.000,42.012,0.000,4.796,1,0,1,0.000,1.839,6,0,0.655,2,4.123,5329.047,1.000,0.347,2.278,0.432,0.290,0.143,0.090,0.910,0.740,0.350
2211,73.700,0.000,31.575,0.000,-10.437,1,0,1,0.000,1.470,6,0,0.690,1,36.797,5505.644,1.000,0.358,2.740,0.780,0.444,0.655,0.151,0.849,0.639,0.580
2214,73.800,0.000,25.000,0.000,-6.575,1,0,1,0.000,1.135,7,0,0.690,1,13.038,5574.217,1.000,0.369,2.279,0.785,0.666,0.344,0.148,0.852,0.587,0.580
2217,73.900,0.000,14.866,0.000,-10.134,1,0,1,0.000,0.817,7,0,0.690,1,14.318,5346.200,1.000,0.379,2.256,0.715,0.838,0.050,0.154,0.846,0.535,0.580
2220,74.000,0.000,16.279,0.000,1.413,1,0,1,0.000,0.765,7,0,0.724,1,30.232,5802.120,1.000,0.379,1.232,0.598,1.107,1.245,0.117,0.883,0.525,0.580
2223,74.100,0.000,9.849,0.000,-6.430,1,0,1,0.000,0.609,6,1,0.690,1,27.659,5451.994,1.000,0.389,0.629,0.331,1.389,0.671,0.066,0.934,0.497,0.750
2226,74.200,0.000,2.000,0.000,-7.849,1,0,1,0.000,0.470,6,0,0.690,1,27.659,5451.994,1.000,0.399,0.575,0.420,1.619,0.537,0.068,0.932,0.446,0.700
2229,74.300,0.000,8.602,0.000,6.602,1,0,1,0.000,0.776,6,0,0.724,0,27.659,5451.994,0.967,0.399,0.595,0.405,1.593,0.146,0.066,0.934,0.450,0.700
2232,74.400,0.000,12.042,0.000,3.439,1,0,1,0.000,0.814,7,1,0.690,1,27.659,5451.994,0.967,0.400,0.856,0.485,1.515,0.465,0.096,0.904,0.496,0.750
2235,74.500,0.000,2.236,0.000,-9.806,1,0,1,0.000,1.118,7,0,0.690,0,27.659,5451.994,0.933,0.400,0.438,0.196,1.465,0.264,0.062,0.938,0.422,0.700
2238,74.600,0.000,4.123,0.000,1.887,1,0,1,0.000,1.169,7,0,0.724,0,27.659,5451.994,0.900,0.400,0.594,0.762,1.524,0.374,0.069,0.931,0.392,0.700
2241,74.700,0.000,460.132,0.000,457.895,2,0,1,460.132,1.646,7,0,0.724,2,270.363,6046.575,0.900,0.389,0.886,0.886,1.369,0.576,0.089,0.911,0.720,0.750
2244,74.800,109.041,463.182,64.443,3.051,2,1,1,483.037,1.801,7,0,0.724,2,111.324,7624.604,0.900,0.389,2.229,0.942,1.182,0.268,0.154,0.846,0.749,0.618
2247,74.900,40.792,6.325,-68.249,-456.858,2,1,1,498.029,1.785,7,0,0.759,3,56.921,9149.837,0.900,0.399,2.498,0.927,0.938,2.291,0.161,0.839,0.759,0.550
2250,75.000,38.013,6.083,-2.779,-0.242,2,1,1,490.327,1.490,7,0,0.759,3,45.967,10214.468,0.900,0.399,2.332,0.910,0.869,1.151,0.187,0.813,0.741,0.350
2253,75.100,17.804,3.606,-20.209,-2.477,2,1,1,478.900,1.721,7,0,0.759,2,81.609,11329.894,0.900,0.407,3.251,0.849,0.787,0.771,0.199,0.801,0.630,0.580
2256,75.200,3.162,5.831,-14.642,2.225,2,1,1,479.951,1.452,7,0,0.793,3,0.000,11788.325,0.900,0.407,3.648,0.955,0.681,0.347,0.198,0.802,0.592,0.580
2259,75.300,12.728,3.162,9.566,-2.669,2,1,1,488.759,1.452,6,1,0.759,3,55.444,12032.299,0.900,0.407,3.968,0.915,0.613,0.282,0.206,0.794,0.654,0.750
2262,75.400,47.011,4.243,34.283,1.080,2,1,1,452.448,1.422,6,0,0.759,2,95.525,11130.419,0.900,0.416,3.231,0.883,0.443,0.034,0.198,0.802,0.787,0.531
2265,75.500,0.000,0.000,0.000,0.000,0,0,0,0.000,0.000,6,0,0.793,0,95.525,11130.419,0.867,0.416,14.419,0.063,0.293,2.486,0.340,0.660,0.470,0.650
2268,75.600,0.000,202.410,0.000,198.168,1,0,1,0.000,1.230,5,1,0.759,2,92.973,9339.104,0.867,0.423,2.446,0.837,1.348,1.006,0.168,0.832,0.729,0.750
2271,75.700,0.000,1.414,0.000,-200.996,1,0,1,0.000,1.090,5,0,0.759,2,3.162,8089.119,0.867,0.423,3.413,0.909,1.889,0.122,0.201,0.799,0.506,0.700
2274,75.800,0.000,3.162,0.000,1.748,1,0,1,0.000,1.192,5,0,0.793,1,3.162,6720.990,0.867,0.431,2.783,0.888,2.088,0.108,0.188,0.812,0.465,0.700
2277,75.900,0.000,6.325,0.000,3.162,1,0,1,0.000,1.485,5,1,0.759,2,0.000,3507.244,0.867,0.440,2.001,0.775,2.223,0.054,0.152,0.848,0.507,0.750
2280,76.000,0.000,0.000,0.000,-6.325,1,0,1,0.000,1.308,5,0,0.759,2,4.243,3619.470,0.867,0.440,1.835,0.818,2.356,0.412,0.152,0.848,0.465,0.700
2283,76.100,0.000,7.280,0.000,7.280,1,0,1,0.000,1.453,5,0,0.793,1,2.828,3177.557,0.867,0.448,1.707,0.819,2.583,0.166,0.158,0.842,0.466,0.700
2286,76.200,0.000,8.485,0.000,1.205,1,0,1,0.000,1.394,4,1,0.759,2,0.000,2998.238,0.867,0.456,2.494,0.875,2.667,0.542,0.181,0.819,0.542,0.750
2289,76.300,0.000,2.236,0.000,-6.249,1,0,1,0.000,1.524,4,0,0.759,2,0.000,2840.719,0.867,0.456,2.529,0.939,2.804,0.047,0.196,0.804,0.504,0.700
2292,76.400,0.000,5.000,0.000,2.764,1,0,1,0.000,1.367,4,0,0.793,2,45.967,2380.488,0.867,0.464,2.380,0.924,2.638,0.747,0.196,0.804,0.517,0.700
2295,76.500,0.000,5.385,0.000,0.385,1,0,1,0.000,1.201,4,1,0.759,2,5.099,2265.975,0.867,0.464,3.106,0.942,2.417,0.493,0.222,0.778,0.536,0.750
2298,76.600,0.000,5.000,0.000,-0.385,1,0,1,0.000,1.215,4,0,0.759,2,49.649,1898.164,0.867,0.473,2.876,0.922,2.420,0.346,0.216,0.784,0.529,0.700
2301,76.700,0.000,3.606,0.000,-1.394,1,0,1,0.000,1.159,4,0,0.759,2,0.000,1302.229,0.867,0.473,3.826,0.963,2.093,0.151,0.234,0.766,0.542,0.700
2304,76.800,0.000,16.553,0.000,12.947,1,0,1,0.000,1.140,5,1,0.724,2,90.802,507.269,0.867,0.481,3.006,0.950,1.848,0.465,0.225,0.775,0.577,0.750
2307,76.900,0.000,9.000,0.000,-7.553,1,0,1,0.000,1.052,5,0,0.724,2,0.000,405.124,0.867,0.481,3.126,0.936,1.469,0.312,0.225,0.775,0.539,0.700
2310,77.000,0.000,10.817,0.000,1.817,1,0,1,0.000,1.062,5,0,0.759,2,35.805,466.059,0.867,0.481,3.023,0.943,1.348,0.201,0.227,0.773,0.546,0.580
2313,77.100,0.000,4.472,0.000,-6.345,1,0,1,0.000,0.841,5,1,0.724,2,90.697,663.419,0.867,0.489,2.327,0.938,0.008,0.012,0.213,0.787,0.493,0.750
2316,77.200,0.000,5.385,0.000,0.913,1,0,1,0.000,0.829,5,0,0.724,2,91.269,827.079,0.867,0.489,1.346,0.853,0.031,0.070,0.143,0.857,0.480,0.580
2319,77.300,0.000,15.811,0.000,10.426,1,0,1,0.000,0.729,5,0,0.759,2,91.706,957.664,0.900,0.481,1.262,0.422,0.131,2.354,0.120,0.880,0.570,0.550
2322,77.400,0.000,2.000,0.000,-13.811,1,0,1,0.000,0.701,5,1,0.724,2,94.810,1038.309,0.900,0.473,1.432,0.771,0.211,0.058,0.138,0.862,0.473,0.750
2325,77.500,0.000,4.000,0.000,2.000,1,0,1,0.000,0.627,5,0,0.724,2,1.000,1019.894,0.933,0.464,1.098,0.863,0.249,0.178,0.129,0.871,0.473,0.580
2328,77.600,0.000,7.280,0.000,3.280,1,0,1,0.000,0.534,5,0,0.724,2,0.000,902.087,0.967,0.480,1.202,0.938,0.300,0.017,0.140,0.860,0.493,0.580
2331,77.700,0.000,6.325,0.000,-0.956,1,0,1,0.000,0.681,6,1,0.690,1,5.099,886.177,0.967,0.488,1.233,0.888,0.341,0.217,0.135,0.865,0.450,0.750
2334,77.800,0.000,5.385,0.000,-0.939,1,0,1,0.000,0.695,6,0,0.690,2,1.000,883.294,0.967,0.488,1.110,0.534,0.412,0.085,0.112,0.888,0.496,0.580
2337,77.900,0.000,7.280,0.000,1.895,1,0,1,0.000,0.762,6,0,0.690,2,60.605,768.079,0.967,0.488,1.616,0.213,0.451,0.491,0.127,0.873,0.542,0.000
2340,78.000,0.000,6.083,0.000,-1.197,1,0,1,0.000,0.807,4,1,0.655,2,66.219,791.428,0.967,0.488,2.377,0.840,0.465,0.707,0.193,0.807,0.540,0.750
2343,78.100,0.000,2.000,0.000,-4.083,1,0,1,0.000,1.151,4,0,0.655,2,12.649,815.639,0.967,0.497,2.009,0.930,0.501,0.140,0.175,0.825,0.502,0.580
2346,78.200,0.000,17.117,0.000,15.117,1,0,1,0.000,1.045,4,0,0.690,2,14.765,816.587,0.967,0.497,1.639,0.092,0.511,0.287,0.146,0.854,0.636,0.480
2349,78.300,0.000,8.544,0.000,-8.573,1,0,1,0.000,0.908,4,0,0.690,2,0.000,715.944,0.967,0.497,2.609,0.273,0.564,1.104,0.203,0.797,0.600,0.350
2352,78.400,0.000,3.162,0.000,-5.382,1,0,1,0.000,0.878,4,0,0.690,2,0.000,597.138,0.967,0.497,4.586,0.554,0.551,1.207,0.235,0.765,0.599,0.580
2355,78.500,0.000,8.944,0.000,5.782,1,0,1,0.000,0.694,4,0,0.724,2,0.000,444.387,1.000,0.505,6.803,0.514,0.516,0.026,0.245,0.755,0.694,0.000
2358,78.600,0.000,0.000,0.000,0.000,0,0,0,0.000,0.000,6,1,0.690,0,0.000,444.387,0.967,0.505,11.228,0.087,0.929,1.853,0.482,0.518,0.480,0.750
2361,78.700,353.922,0.000,306.912,0.000,1,1,0,0.000,1.556,6,0,0.690,3,0.000,444.387,0.967,0.497,3.030,0.778,0.130,0.835,0.220,0.780,0.777,0.650
2364,78.800,25.456,0.000,-328.466,0.000,1,1,0,0.000,1.213,6,0,0.724,3,0.000,444.387,0.967,0.497,3.929,0.745,0.517,1.027,0.211,0.789,0.693,0.450
2367,78.900,31.828,0.000,6.372,0.000,1,1,0,0.000,1.047,6,0,0.724,3,0.000,444.387,0.967,0.488,7.013,0.836,0.860,0.275,0.256,0.744,0.800,0.350
2370,79.000,34.655,0.000,2.828,0.000,1,1,0,0.000,0.965,6,0,0.724,3,0.000,444.387,0.967,0.480,13.535,0.742,1.370,0.405,0.291,0.709,0.847,0.350
2373,79.100,0.000,0.000,0.000,0.000,0,0,0,0.000,0.000,6,0,0.759,0,0.000,444.387,0.933,0.480,12.632,0.567,2.368,0.363,0.352,0.648,0.442,0.700
2376,79.200,0.000,0.000,0.000,0.000,0,0,0,0.000,0.000,5,1,0.724,0,0.000,444.387,0.900,0.480,11.312,0.451,3.214,0.247,0.313,0.687,0.446,0.750
2379,79.300,0.000,0.000,0.000,0.000,0,0,0,0.000,0.000,5,0,0.724,0,0.000,444.387,0.867,0.480,13.504,0.451,3.921,0.225,0.286,0.714,0.442,0.700
2382,79.400,0.000,0.000,0.000,0.000,0,0,0,0.000,0.000,5,0,0.759,0,0.000,444.387,0.833,0.480,14.007,0.745,4.750,1.961,0.288,0.712,0.418,0.700
2385,79.500,0.000,0.000,0.000,0.000,0,0,0,0.000,0.000,5,1,0.724,0,0.000,444.387,0.800,0.480,13.616,0.480,5.659,3.135,0.368,0.632,0.432,0.750
2388,79.600,0.000,0.000,0.000,0.000,0,0,0,0.000,0.000,5,0,0.724,0,0.000,444.387,0.767,0.480,14.728,0.577,6.779,0.753,0.236,0.764,0.422,0.700
2391,79.700,0.000,0.000,0.000,0.000,0,0,0,0.000,0.000,5,0,0.759,0,0.000,444.387,0.733,0.480,12.271,0.584,8.042,0.146,0.240,0.760,0.417,0.700
2394,79.800,0.000,0.000,0.000,0.000,0,0,0,0.000,0.000,5,1,0.724,0,0.000,444.387,0.700,0.480,14.200,0.503,10.914,0.205,0.239,0.761,0.419,0.750
2397,79.900,0.000,0.000,0.000,0.000,0,0,0,0.000,0.000,5,0,0.724,0,0.000,444.387,0.667,0.480,17.888,0.546,12.686,1.379,0.235,0.765,0.412,0.700
2400,80.000,0.000,0.000,0.000,0.000,0,0,0,0.000,0.000,5,0,0.759,0,0.000,444.387,0.633,0.480,15.303,0.594,10.213,0.049,0.240,0.760,0.404,0.700
2403,80.100,0.000,0.000,0.000,0.000,0,0,0,0.000,0.000,3,1,0.724,0,0.000,444.387,0.600,0.480,14.889,0.859,6.416,0.056,0.237,0.763,0.282,0.750
2406,80.200,0.000,0.000,0.000,0.000,0,0,0,0.000,0.000,3,0,0.724,0,0.000,444.387,0.567,0.480,13.505,0.864,3.440,0.167,0.241,0.759,0.278,0.700
2409,80.300,0.000,0.000,0.000,0.000,0,0,0,0.000,0.000,3,0,0.759,0,0.000,444.387,0.533,0.480,9.540,0.680,3.691,0.157,0.242,0.758,0.286,0.700
2412,80.400,0.000,0.000,0.000,0.000,0,0,0,0.000,0.000,4,1,0.724,0,0.000,444.387,0.500,0.480,9.325,0.664,3.799,0.059,0.249,0.751,0.384,0.750
2415,80.500,0.000,0.000,0.000,0.000,0,0,0,0.000,0.000,4,0,0.724,0,0.000,444.387,0.467,0.480,11.403,0.643,3.541,0.302,0.264,0.736,0.381,0.700
2418,80.600,0.000,0.000,0.000,0.000,0,0,0,0.000,0.000,4,0,0.759,0,0.000,444.387,0.433,0.480,12.577,0.727,2.426,0.519,0.267,0.733,0.371,0.700
2421,80.700,673.001,0.000,638.345,0.000,1,1,0,0.000,1.231,3,1,0.724,2,0.000,444.387,0.433,0.258,11.433,0.772,1.980,0.057,0.264,0.736,0.768,0.750
2424,80.800,18.439,0.000,-654.562,0.000,1,1,0,0.000,1.216,3,0,0.724,2,0.000,444.387,0.433,0.258,9.247,0.780,1.758,0.089,0.251,0.749,0.620,0.700
2427,80.900,16.031,0.000,-2.408,0.000,1,1,0,0.000,1.097,3,0,0.759,2,0.000,444.387,0.433,0.258,10.028,0.815,1.423,0.090,0.248,0.752,0.604,0.700
2430,81.000,10.440,0.000,-5.591,0.000,1,1,0,0.000,1.084,5,1,0.724,4,0.000,1056.700,0.433,0.253,9.685,0.862,1.141,0.187,0.248,0.752,0.694,0.750
2433,81.100,218.215,0.000,207.775,0.000,1,1,0,0.000,1.059,5,0,0.724,4,0.000,1259.724,0.433,0.249,10.518,0.066,0.915,1.300,0.392,0.608,0.941,0.642
2436,81.200,12.042,0.000,-206.174,0.000,1,1,0,0.000,1.168,5,0,0.724,4,80.498,1332.169,0.433,0.244,1.174,0.663,0.679,2.613,0.123,0.877,0.546,0.580
2439,81.300,5.099,0.000,-6.943,0.000,1,1,0,0.000,1.231,6,1,0.690,5,81.345,1222.119,0.433,0.235,0.902,0.045,0.401,2.989,0.076,0.924,0.550,0.750
2442,81.400,9.899,0.000,4.800,0.000,1,1,0,0.000,1.501,6,0,0.690,5,80.777,1243.875,0.433,0.231,1.297,0.397,0.017,1.573,0.087,0.913,0.562,0.580
2445,81.500,3.162,0.000,-6.737,0.000,1,1,0,0.000,1.463,6,0,0.724,5,82.855,1104.619,0.433,0.221,0.954,0.113,0.471,1.178,0.070,0.930,0.536,0.580
2448,81.600,3.162,0.000,0.000,0.000,1,1,0,0.000,1.632,6,0,0.724,5,83.193,974.257,0.467,0.212,1.323,0.583,0.860,0.727,0.099,0.901,0.516,0.580
2451,81.700,2.236,0.000,-0.926,0.000,1,1,0,0.000,1.791,6,0,0.724,5,81.394,1143.569,0.467,0.207,1.240,0.476,1.129,0.306,0.105,0.895,0.516,0.580
2454,81.800,4.000,0.000,1.764,0.000,1,1,0,0.000,1.681,6,0,0.724,5,84.172,916.507,0.467,0.192,0.947,0.381,1.868,0.756,0.097,0.903,0.525,0.700
2457,81.900,2.236,0.000,-1.764,0.000,1,1,0,0.000,1.396,6,0,0.724,5,80.411,983.160,0.467,0.192,1.445,0.612,2.880,1.064,0.113,0.887,0.512,0.700
2460,82.000,3.606,0.000,1.369,0.000,1,1,0,0.000,1.605,6,0,0.724,4,5.099,1000.200,0.467,0.187,0.760,0.833,3.674,0.777,0.083,0.917,0.457,0.700
2463,82.100,0.000,0.000,-3.606,0.000,1,1,0,0.000,1.759,6,0,0.759,5,85.000,1068.134,0.500,0.347,0.856,0.872,3.845,0.185,0.103,0.897,0.470,0.700
2466,82.200,1.000,0.000,1.000,0.000,1,1,0,0.000,1.692,6,0,0.759,5,80.262,1053.239,0.533,0.336,1.273,0.893,4.203,0.041,0.129,0.871,0.489,0.700
2469,82.300,10.817,0.000,9.817,0.000,1,1,0,0.000,1.451,6,0,0.759,5,75.644,1054.738,0.567,0.336,1.376,0.780,4.535,0.112,0.126,0.874,0.558,0.700
2472,82.400,7.810,0.000,-3.006,0.000,1,1,0,0.000,1.238,6,0,0.793,5,0.000,1016.925,0.600,0.336,2.035,0.790,4.229,1.189,0.150,0.850,0.561,0.700
2475,82.500,32.450,0.000,24.640,0.000,1,1,0,0.000,1.279,4,1,0.759,3,0.000,1100.749,0.633,0.336,2.228,0.720,4.190,0.051,0.157,0.843,0.697,0.750
2478,82.600,133.720,0.000,101.270,0.000,1,1,0,0.000,1.224,4,0,0.759,2,73.926,1376.637,0.667,0.347,3.642,0.610,4.130,1.859,0.214,0.786,0.768,0.700
2481,82.700,0.000,0.000,0.000,0.000,0,0,0,0.000,0.000,4,0,0.793,0,73.926,1376.637,0.667,0.347,3.154,0.669,4.268,2.125,0.203,0.797,0.282,0.700
2484,82.800,0.000,0.000,0.000,0.000,0,0,0,0.000,0.000,5,1,0.759,0,73.926,1376.637,0.667,0.347,4.044,0.911,2.651,0.275,0.251,0.749,0.287,0.750
2487,82.900,0.000,0.000,0.000,0.000,0,0,0,0.000,0.000,5,0,0.759,0,73.926,1376.637,0.667,0.347,2.963,0.792,1.964,0.173,0.220,0.780,0.269,0.700
2490,83.000,0.000,0.000,0.000,0.000,0,0,0,0.000,0.000,5,0,0.793,0,73.926,1376.637,0.667,0.347,2.917,0.919,1.658,0.095,0.207,0.793,0.259,0.700
2493,83.100,0.000,0.000,0.000,0.000,0,0,0,0.000,0.000,3,1,0.759,0,73.926,1376.637,0.667,0.347,13.914,0.295,1.369,0.113,0.355,0.645,0.329,0.750
2496,83.200,0.000,0.000,0.000,0.000,0,0,0,0.000,0.000,3,0,0.759,0,73.926,1376.637,0.667,0.347,3.125,0.497,1.002,1.898,0.189,0.811,0.193,0.580
2499,83.300,334.145,0.000,200.425,0.000,1,1,0,0.000,1.411,3,0,0.793,2,73.926,1376.637,0.700,0.250,2.798,0.731,0.808,0.470,0.180,0.820,0.673,0.650
2502,83.400,15.033,0.000,-319.112,0.000,1,1,0,0.000,1.320,3,0,0.793,2,73.926,1376.637,0.733,0.259,2.206,0.903,0.637,1.011,0.149,0.851,0.483,0.450
2505,83.500,0.000,0.000,0.000,0.000,0,0,0,0.000,0.000,3,0,0.793,0,73.926,1376.637,0.733,0.259,2.729,0.920,0.510,2.697,0.157,0.843,0.162,0.650
2508,83.600,113.464,259.850,98.430,250.906,2,1,1,772.907,1.515,3,0,0.828,2,73.926,1376.637,0.767,0.265,2.484,0.799,0.345,0.726,0.164,0.836,0.718,0.650
2511,83.700,18.788,62.514,-94.675,-197.336,2,1,1,725.634,1.332,3,0,0.828,3,73.926,1376.637,0.767,0.274,3.206,0.786,0.169,1.858,0.179,0.821,0.797,0.550
2514,83.800,0.000,654.249,0.000,603.161,2,0,1,654.249,0.748,3,0,0.828,3,73.926,1376.637,0.767,0.274,2.806,0.629,0.020,0.996,0.170,0.830,0.798,0.500
2517,83.900,0.000,600.375,0.000,-19.769,2,0,1,600.375,1.456,3,0,0.862,4,73.926,1376.637,0.767,0.274,2.329,0.342,0.195,1.669,0.096,0.904,0.806,0.550
2520,84.000,0.000,601.287,0.000,-12.753,2,0,1,601.287,2.211,3,0,0.862,4,73.926,1376.637,0.767,0.282,3.507,0.823,0.411,0.096,0.154,0.846,0.802,0.350
2523,84.100,0.000,577.970,0.000,-19.937,2,0,1,577.970,2.369,3,0,0.862,4,73.926,1376.637,0.767,0.282,4.626,0.898,0.783,0.133,0.170,0.830,0.825,0.350
2526,84.200,109.202,587.218,90.413,9.248,2,1,1,565.106,2.752,3,0,0.897,4,156.311,2235.488,0.767,0.282,3.512,0.306,3.318,0.243,0.111,0.889,0.838,0.750
2529,84.300,36.674,30.067,-72.527,-557.151,2,1,1,539.515,2.890,3,0,0.897,4,49.092,2747.559,0.767,0.282,3.116,0.544,2.725,0.075,0.131,0.869,0.766,0.700
2532,84.400,54.129,23.601,17.455,-6.466,2,1,1,505.665,2.569,3,0,0.897,4,26.077,3085.005,0.767,0.282,4.597,0.860,1.960,0.079,0.168,0.832,0.827,0.700
2535,84.500,54.589,0.000,0.460,0.000,1,1,0,0.000,1.270,3,0,0.897,2,190.079,3939.494,0.767,0.290,3.725,0.740,1.896,0.010,0.164,0.836,0.703,0.750
2538,84.600,30.000,0.000,-24.589,0.000,1,1,0,0.000,1.125,3,0,0.897,2,116.043,3748.784,0.767,0.290,2.872,0.391,1.825,0.012,0.118,0.882,0.623,0.700
2541,84.700,16.279,0.000,-13.721,0.000,1,1,0,0.000,1.165,3,0,0.897,2,0.000,3466.950,0.767,0.299,4.218,0.535,0.103,0.716,0.168,0.832,0.570,0.580
2544,84.800,65.192,0.000,48.913,0.000,1,1,0,0.000,0.851,3,0,0.897,2,37.216,3366.950,0.767,0.307,5.532,0.558,0.087,0.978,0.212,0.788,0.761,0.450
2547,84.900,0.000,0.000,0.000,0.000,0,0,0,0.000,0.000,3,0,0.897,0,37.216,3366.950,0.733,0.307,8.375,0.697,0.108,0.043,0.228,0.772,0.309,0.650
2550,85.000,0.000,109.275,0.000,85.674,1,0,1,0.000,2.361,3,0,0.897,2,37.216,3366.950,0.733,0.311,7.918,0.658,0.227,0.309,0.212,0.788,0.810,0.650
2553,85.100,0.000,50.990,0.000,-58.285,1,0,1,0.000,2.244,3,0,0.897,2,37.216,3366.950,0.733,0.319,7.981,0.648,0.305,0.308,0.339,0.661,0.812,0.450
2556,85.200,0.000,57.271,0.000,6.281,1,0,1,0.000,1.938,3,0,0.897,2,37.216,3366.950,0.733,0.319,3.883,0.765,0.400,0.348,0.160,0.840,0.702,0.350
2559,85.300,0.000,71.007,0.000,13.736,1,0,1,0.000,1.573,3,0,0.897,2,60.745,2867.999,0.733,0.326,3.246,0.742,0.378,0.395,0.160,0.840,0.687,0.350
2562,85.400,0.000,71.386,0.000,0.379,1,0,1,0.000,1.210,3,0,0.931,2,65.215,2570.818,0.733,0.334,3.239,0.860,0.362,0.514,0.141,0.859,0.679,0.350
2565,85.500,0.000,47.170,0.000,-24.216,1,0,1,0.000,0.839,4,1,0.897,3,79.612,2663.375,0.733,0.334,6.002,0.899,0.378,0.140,0.194,0.806,0.860,0.750
2568,85.600,0.000,36.715,0.000,-10.455,1,0,1,0.000,0.701,4,0,0.897,3,122.332,2430.364,0.733,0.414,8.224,0.905,0.410,0.054,0.221,0.779,0.864,0.680
2571,85.700,119.708,12.806,54.516,-23.909,2,1,1,410.573,0.867,4,0,0.931,6,129.062,2709.225,0.767,0.400,8.110,0.855,0.472,0.100,0.214,0.786,1.000,0.717
2574,85.800,97.944,10.770,-21.764,-2.036,2,1,1,321.286,0.884,3,1,0.897,4,0.000,2111.300,0.800,0.400,6.976,0.813,0.575,0.019,0.207,0.793,0.893,0.750
2577,85.900,0.000,241.373,0.000,238.211,2,0,1,241.373,0.751,3,0,0.897,4,0.000,1658.524,0.833,0.400,5.573,0.825,0.689,0.052,0.195,0.805,0.862,0.500
2580,86.000,0.000,196.888,0.000,-44.700,2,0,1,196.888,1.471,3,0,0.931,4,0.000,1373.619,0.867,0.400,2.182,0.815,0.673,0.768,0.145,0.855,0.781,0.450
2583,86.100,154.013,200.125,56.069,3.237,2,1,1,170.176,1.841,3,0,0.931,4,0.000,1289.739,0.900,0.400,2.176,0.872,0.619,0.958,0.157,0.843,0.781,0.500
2586,86.200,3.606,5.099,-150.407,-195.026,2,1,1,169.579,2.139,3,0,0.931,4,0.000,906.127,0.933,0.400,2.898,0.933,3.426,0.966,0.179,0.821,0.577,0.700
2589,86.300,5.831,7.616,2.225,2.517,2,1,1,170.391,2.144,3,0,0.931,4,0.000,855.457,0.933,0.400,3.516,0.848,2.999,0.156,0.188,0.812,0.613,0.700
2592,86.400,5.099,9.220,-0.732,1.604,2,1,1,180.294,2.158,3,0,0.931,4,0.000,851.047,0.933,0.400,2.891,0.791,2.075,0.028,0.182,0.818,0.610,0.700
2595,86.500,5.831,25.710,0.732,16.490,2,1,1,200.871,1.774,3,0,0.931,4,0.000,1017.937,0.967,0.391,3.308,0.880,0.769,0.366,0.186,0.814,0.710,0.580
2598,86.600,17.205,64.537,11.374,38.827,2,1,1,267.589,1.685,3,0,0.931,4,95.802,1379.338,0.967,0.381,3.451,0.843,0.279,0.109,0.206,0.794,0.823,0.532
2601,86.700,5.831,0.000,-11.374,0.000,1,1,0,0.000,1.082,3,0,0.931,2,0.000,1355.138,0.967,0.389,3.872,0.757,0.091,0.267,0.205,0.795,0.512,0.650
2604,86.800,0.000,291.606,0.000,227.069,1,0,1,0.000,1.623,3,0,0.931,2,0.000,1718.828,0.967,0.389,6.876,0.748,0.116,0.091,0.241,0.759,0.806,0.500
2607,86.900,0.000,9.487,0.000,-18.673,2,0,1,9.487,1.364,3,0,0.931,4,0.000,1834.628,0.967,0.379,6.951,0.635,0.005,0.376,0.232,0.768,0.728,0.650
2610,87.000,86.267,0.000,80.436,0.000,1,1,0,0.000,0.942,3,0,0.931,2,153.574,2050.544,0.967,0.379,8.727,0.595,0.097,0.794,0.225,0.775,0.844,0.750
2613,87.100,0.000,32.249,0.000,22.762,1,0,1,0.000,1.072,3,0,0.931,2,0.000,2008.889,0.967,0.379,8.153,0.637,0.106,1.886,0.222,0.778,0.771,0.580
2616,87.200,46.325,0.000,-39.942,0.000,1,1,0,0.000,1.318,3,0,0.931,2,0.000,1926.094,0.967,0.389,8.382,0.522,0.026,2.928,0.215,0.785,0.849,0.550
2619,87.300,7.071,0.000,-39.254,0.000,1,1,0,0.000,1.220,3,0,0.931,2,119.507,2060.804,0.967,0.389,6.749,0.388,0.163,1.791,0.185,0.815,0.617,0.664
2622,87.400,25.456,0.000,18.385,0.000,1,1,0,0.000,1.294,3,0,0.931,2,0.000,1833.449,0.967,0.389,6.503,0.411,0.302,0.183,0.190,0.810,0.711,0.580
2625,87.500,51.971,0.000,26.515,0.000,1,1,0,0.000,1.234,3,0,0.931,2,0.000,1990.639,0.967,0.399,5.963,0.444,0.306,0.110,0.197,0.803,0.804,0.450
2628,87.600,65.605,0.000,13.634,0.000,1,1,0,0.000,1.404,3,0,0.931,2,0.000,1990.639,0.967,0.408,4.170,0.590,0.122,2.398,0.191,0.809,0.749,0.550
2631,87.700,63.781,0.000,-1.824,0.000,1,1,0,0.000,1.284,3,0,0.931,2,0.000,2139.964,0.967,0.408,4.455,0.891,0.037,0.910,0.185,0.815,0.735,0.350
2634,87.800,48.836,112.089,-14.944,79.840,2,1,1,47.802,1.277,3,0,0.931,4,0.000,2064.469,0.967,0.408,3.792,0.823,0.048,0.131,0.171,0.829,0.833,0.650
2637,87.900,33.000,0.000,-15.836,0.000,1,1,0,0.000,1.120,3,0,0.931,2,0.000,2368.354,1.000,0.417,4.853,0.720,0.112,0.001,0.175,0.825,0.694,0.650
2640,88.000,15.000,0.000,-18.000,0.000,1,1,0,0.000,0.731,3,0,0.931,2,33.526,2486.019,1.000,0.417,6.059,0.652,0.335,0.394,0.174,0.826,0.629,0.580
2643,88.100,10.817,0.000,-4.183,0.000,1,1,0,0.000,0.569,3,0,0.931,2,15.232,2540.658,1.000,0.426,8.109,0.755,0.579,0.472,0.183,0.817,0.647,0.580
2646,88.200,2.236,0.000,-8.581,0.000,1,1,0,0.000,0.553,3,0,0.931,2,7.071,2734.600,1.000,0.426,10.610,0.838,0.938,0.494,0.194,0.806,0.594,0.580
2649,88.300,5.657,0.000,3.421,0.000,1,1,0,0.000,0.677,3,0,0.931,2,8.246,2915.248,1.000,0.435,14.233,0.835,1.164,0.245,0.212,0.788,0.613,0.580
2652,88.400,43.681,101.533,38.024,-10.556,2,1,1,26.907,1.025,3,0,0.966,3,8.246,2915.248,1.000,0.435,15.207,0.898,1.247,0.264,0.245,0.755,0.937,0.650
2655,88.500,0.000,66.731,0.000,-34.802,1,0,1,0.000,1.117,3,0,0.966,1,8.246,2915.248,1.000,0.444,12.930,0.888,1.366,0.119,0.216,0.784,0.768,0.650
2658,88.600,0.000,0.000,0.000,0.000,0,0,0,0.000,0.000,3,0,0.966,0,8.246,2915.248,0.967,0.444,10.872,0.878,1.291,0.037,0.207,0.793,0.325,0.650
2661,88.700,0.000,0.000,0.000,0.000,0,0,0,0.000,0.000,3,0,1.000,0,8.246,2915.248,0.933,0.444,10.036,0.924,1.376,0.003,0.206,0.794,0.317,0.580
2664,88.800,0.000,0.000,0.000,0.000,0,0,0,0.000,0.000,3,0,1.000,0,8.246,2915.248,0.900,0.444,7.120,0.927,1.401,0.243,0.193,0.807,0.291,0.700
2667,88.900,0.000,0.000,0.000,0.000,0,0,0,0.000,0.000,3,0,1.000,0,8.246,2915.248,0.867,0.444,4.758,0.931,1.425,0.109,0.182,0.818,0.228,0.700
2670,89.000,0.000,0.000,0.000,0.000,0,0,0,0.000,0.000,3,0,1.000,0,8.246,2915.248,0.833,0.444,4.333,0.690,1.333,0.734,0.146,0.854,0.230,0.580
2673,89.100,0.000,52.000,0.000,-14.731,1,0,1,0.000,1.416,3,0,1.000,1,8.246,2915.248,0.833,0.361,6.888,0.757,1.247,0.710,0.199,0.801,0.729,0.650
2676,89.200,0.000,72.835,0.000,20.835,1,0,1,0.000,1.137,3,0,1.000,2,8.246,2915.248,0.833,0.361,10.786,0.745,1.356,0.405,0.221,0.779,0.818,0.350
2679,89.300,0.000,62.201,0.000,-10.634,1,0,1,0.000,0.829,3,0,1.000,2,8.246,2915.248,0.833,0.369,11.156,0.786,1.585,0.137,0.232,0.768,0.815,0.700
2682,89.400,0.000,196.939,0.000,134.738,1,0,1,0.000,0.802,3,0,1.000,2,152.161,2909.704,0.833,0.369,9.224,0.632,1.844,0.206,0.216,0.784,0.826,0.750
2685,89.500,307.539,0.000,263.858,0.000,1,1,0,0.000,0.881,3,0,1.000,2,0.000,2830.159,0.833,0.376,9.089,0.293,2.060,0.662,0.245,0.755,0.850,0.700
2688,89.600,46.840,0.000,-260.698,0.000,1,1,0,0.000,0.990,3,0,1.000,2,0.000,2477.217,0.833,0.376,9.965,0.442,2.218,0.106,0.205,0.795,0.839,0.700
2691,89.700,31.401,0.000,-15.440,0.000,1,1,0,0.000,0.913,3,0,1.000,2,175.602,2915.744,0.833,0.384,8.960,0.478,2.181,0.167,0.192,0.808,0.761,0.750
2694,89.800,17.029,0.000,-14.371,0.000,1,1,0,0.000,0.925,3,0,1.000,2,174.642,3336.875,0.833,0.384,6.406,0.296,1.639,0.792,0.182,0.818,0.654,0.750
2697,89.900,15.524,0.000,-1.505,0.000,1,1,0,0.000,0.974,3,0,1.000,2,0.000,3748.969,0.833,0.392,7.960,0.830,0.760,0.440,0.196,0.804,0.647,0.580
2700,90.000,19.209,0.000,3.685,0.000,1,1,0,0.000,1.026,3,0,1.000,2,0.000,3920.984,0.833,0.392,8.575,0.918,0.293,0.602,0.200,0.800,0.662,0.580
2703,90.100,18.028,0.000,-1.182,0.000,1,1,0,0.000,0.880,3,0,1.000,2,0.000,3784.769,0.833,0.392,7.854,0.942,0.112,0.051,0.199,0.801,0.651,0.580
2706,90.200,9.899,0.000,-8.128,0.000,1,1,0,0.000,0.842,3,0,1.000,2,0.000,3296.299,0.833,0.392,5.849,0.966,0.004,0.020,0.189,0.811,0.554,0.580
2709,90.300,8.944,0.000,-0.955,0.000,1,1,0,0.000,0.504,3,0,1.000,2,75.452,2460.048,0.833,0.399,3.700,0.975,0.103,0.015,0.169,0.831,0.494,0.580
2712,90.400,3.000,0.000,-5.944,0.000,1,1,0,0.000,0.450,3,0,1.000,1,3.000,1968.509,0.833,0.399,2.360,0.908,0.172,0.322,0.149,0.851,0.372,0.580
2715,90.500,7.810,0.000,4.810,0.000,1,1,0,0.000,0.544,3,0,1.000,1,65.215,1955.088,0.833,0.407,2.576,0.887,0.180,0.189,0.154,0.846,0.406,0.580
2718,90.600,3.162,0.000,-4.648,0.000,1,1,0,0.000,0.601,3,0,1.000,1,3.000,1914.440,0.833,0.407,1.586,0.919,0.178,0.365,0.123,0.877,0.353,0.580
2721,90.700,0.000,0.000,-3.162,0.000,1,1,0,0.000,0.491,3,0,1.000,2,3.000,1866.719,0.833,0.407,1.145,0.804,0.330,0.372,0.108,0.892,0.392,0.580
2724,90.800,8.602,0.000,8.602,0.000,1,1,0,0.000,0.417,3,0,1.000,2,152.315,1917.429,0.833,0.407,1.187,0.401,0.637,0.496,0.087,0.913,0.469,0.750
2727,90.900,1.000,0.000,-7.602,0.000,1,1,0,0.000,0.822,3,0,1.000,2,12.083,1532.819,0.833,0.407,1.818,0.849,1.020,1.102,0.134,0.866,0.412,0.580
2730,91.000,6.083,0.000,5.083,0.000,1,1,0,0.000,0.817,3,0,1.000,2,28.443,1467.795,0.833,0.407,1.318,0.734,1.334,1.508,0.091,0.909,0.435,0.580
2733,91.100,27.857,0.000,21.774,0.000,1,1,0,0.000,0.852,3,0,1.000,2,135.085,1316.425,0.833,0.407,1.223,0.716,1.630,1.472,0.099,0.901,0.555,0.750
2736,91.200,15.033,0.000,-12.823,0.000,1,1,0,0.000,0.825,3,0,1.000,2,55.714,1456.805,0.833,0.407,2.303,0.802,1.881,0.625,0.134,0.866,0.505,0.700
2739,91.300,6.325,0.000,-8.709,0.000,1,1,0,0.000,0.721,3,0,1.000,2,52.887,1702.185,0.833,0.407,1.780,0.830,1.993,0.152,0.128,0.872,0.442,0.700
2742,91.400,12.530,523.240,6.205,326.301,2,1,1,325.678,1.123,3,0,1.000,4,0.000,2882.624,0.833,0.407,1.765,0.706,2.027,2.190,0.113,0.887,0.775,0.700
2745,91.500,24.021,35.014,11.491,-488.226,2,1,1,348.243,1.056,3,0,1.000,4,17.029,2646.400,0.833,0.399,2.553,0.741,2.421,1.705,0.122,0.878,0.736,0.700
2748,91.600,35.114,58.549,11.093,23.535,2,1,1,323.447,1.164,3,0,1.000,4,24.083,2268.685,0.867,0.392,3.710,0.734,2.813,0.075,0.103,0.897,0.825,0.700
2751,91.700,4.123,33.541,-30.991,-25.008,2,1,1,290.259,1.109,3,0,1.000,4,16.401,1994.054,0.900,0.392,3.049,0.833,3.003,2.405,0.143,0.857,0.742,0.700
2754,91.800,8.544,31.623,4.421,-1.918,2,1,1,277.563,0.941,3,0,1.000,4,0.000,1763.767,0.933,0.470,4.258,0.904,2.929,0.353,0.141,0.859,0.761,0.700
2757,91.900,11.705,17.464,3.161,-14.159,2,1,1,274.170,0.969,3,0,1.000,4,0.000,2079.765,0.967,0.462,3.130,0.875,2.470,0.177,0.145,0.855,0.660,0.700
2760,92.000,8.062,12.083,-3.642,-5.381,2,1,1,281.329,0.993,3,0,1.000,4,0.000,1638.188,1.000,0.453,2.787,0.931,2.117,0.026,0.143,0.857,0.622,0.700
2763,92.100,5.385,3.606,-2.677,-8.477,2,1,1,278.173,1.094,3,0,1.000,4,0.000,1810.024,1.000,0.444,1.712,0.957,1.925,0.074,0.199,0.801,0.556,0.700
2766,92.200,1.000,5.831,-4.385,2.225,2,1,1,272.611,1.115,3,0,1.000,4,109.786,2129.399,1.000,0.435,0.706,0.853,1.575,1.996,0.069,0.931,0.540,0.700
2769,92.300,2.828,9.000,1.828,3.169,2,1,1,263.154,1.035,3,0,1.000,3,101.020,2175.584,1.000,0.426,1.244,0.826,1.306,2.062,0.108,0.892,0.573,0.580
2772,92.400,3.606,9.220,0.777,0.220,2,1,1,250.539,0.853,3,0,1.000,4,121.655,2693.325,1.000,0.417,1.152,0.780,1.104,0.035,0.101,0.899,0.575,0.676
2775,92.500,4.123,9.434,0.518,0.214,2,1,1,255.625,1.052,3,0,1.000,2,114.543,2459.669,1.000,0.408,0.910,0.307,0.964,0.420,0.080,0.920,0.544,0.636
2778,92.600,1.000,2.828,-3.123,-6.606,2,1,1,257.847,1.143,3,0,1.000,4,110.494,2626.800,1.000,0.399,1.214,0.814,0.819,2.172,0.100,0.900,0.539,0.614
2781,92.700,2.236,8.602,1.236,5.774,2,1,1,251.114,1.504,3,0,1.000,4,0.000,2760.305,1.000,0.389,1.259,0.894,0.682,0.104,0.111,0.889,0.567,0.580
2784,92.800,4.472,14.213,2.236,5.610,2,1,1,263.826,1.758,3,0,1.000,4,0.000,2728.335,1.000,0.379,1.577,0.924,0.610,0.987,0.127,0.873,0.604,0.350
2787,92.900,1.000,11.662,-3.472,-2.551,2,1,1,272.611,1.511,3,0,1.000,4,115.248,2399.359,1.000,0.369,1.279,0.806,0.512,0.224,0.120,0.880,0.590,0.640
2790,93.000,1.000,15.000,0.000,3.338,2,1,1,285.077,1.382,3,0,1.000,4,82.873,2780.738,1.000,0.369,1.544,0.878,0.410,0.075,0.139,0.861,0.610,0.350
2793,93.100,5.000,11.402,4.000,-3.598,2,1,1,297.311,1.287,3,0,1.000,4,0.000,2273.969,1.000,0.369,1.815,0.925,0.346,0.063,0.159,0.841,0.594,0.580
2796,93.200,3.162,14.422,-1.838,3.020,2,1,1,311.236,1.269,3,0,1.000,4,83.385,2388.869,1.000,0.369,2.228,0.945,0.392,0.223,0.169,0.831,0.620,0.350
2799,93.300,2.236,22.472,-0.926,8.050,2,1,1,327.075,1.107,3,0,1.000,4,90.200,2506.569,1.000,0.369,2.402,0.889,0.424,0.126,0.158,0.842,0.673,0.501
2802,93.400,2.000,13.892,-0.236,-8.580,2,1,1,337.676,0.903,3,0,1.000,3,188.266,2754.164,1.000,0.369,1.617,0.861,0.565,0.013,0.138,0.862,0.607,0.750
2805,93.500,3.606,12.649,1.606,-1.243,2,1,1,348.382,0.557,3,0,1.000,4,209.038,3133.449,1.000,0.369,1.733,0.876,0.709,0.145,0.144,0.856,0.602,0.750
2808,93.600,1.414,5.385,-2.191,-7.264,2,1,1,349.315,0.402,3,0,1.000,3,261.358,4046.154,1.000,0.379,1.422,0.904,0.794,0.207,0.139,0.861,0.552,0.750
2811,93.700,2.236,17.263,0.822,11.878,2,1,1,365.825,0.489,3,0,1.000,4,225.036,4365.334,1.000,0.379,1.305,0.914,0.828,0.170,0.126,0.874,0.615,0.750
2814,93.800,2.828,6.083,0.592,-11.180,2,1,1,372.582,0.477,3,0,1.000,4,235.359,4943.229,1.000,0.379,1.549,0.893,0.723,0.393,0.133,0.867,0.560,0.750
2817,93.900,0.000,22.204,-2.828,16.121,2,1,1,392.227,0.541,3,0,1.000,3,305.722,5855.750,1.000,0.379,0.856,0.417,0.709,1.155,0.074,0.926,0.666,0.750
2820,94.000,1.000,10.296,1.000,-11.908,2,1,1,401.708,0.547,3,0,1.000,3,274.643,6793.669,1.000,0.379,0.975,0.627,0.662,2.463,0.075,0.925,0.588,0.750
2823,94.100,1.000,14.318,0.000,4.022,2,1,1,392.216,0.825,3,0,1.000,4,263.230,6939.224,1.000,0.369,1.582,0.529,0.613,0.222,0.084,0.916,0.632,0.750
2826,94.200,388.830,0.000,381.020,0.000,2,1,0,388.830,0.581,3,0,1.000,4,31.257,7195.337,1.000,0.369,2.299,0.662,0.589,0.904,0.136,0.864,0.811,0.500
2829,94.300,372.647,0.000,-16.183,0.000,1,1,0,0.000,1.071,3,0,1.000,2,16.279,7337.069,1.000,0.379,0.786,0.267,0.445,1.573,0.076,0.924,0.691,0.650
2832,94.400,19.105,0.000,-353.542,0.000,1,1,0,0.000,1.497,3,0,1.000,2,169.956,7981.569,1.000,0.379,1.107,0.640,0.480,1.790,0.078,0.922,0.529,0.750
2835,94.500,12.369,0.000,-6.736,0.000,1,1,0,0.000,1.528,3,0,1.000,2,38.833,7974.938,1.000,0.389,1.463,0.732,0.453,2.294,0.131,0.869,0.494,0.550
2838,94.600,8.062,0.000,-4.307,0.000,1,1,0,0.000,1.495,3,0,1.000,2,0.000,7789.344,1.000,0.389,2.122,0.870,0.397,1.477,0.111,0.889,0.477,0.580
2841,94.700,21.095,0.000,13.033,0.000,1,1,0,0.000,1.361,3,0,1.000,2,48.549,7180.438,1.000,0.399,2.709,0.602,0.289,0.024,0.115,0.885,0.583,0.350
2844,94.800,4.243,0.000,-16.852,0.000,1,1,0,0.000,1.275,3,0,1.000,2,0.000,6760.769,1.000,0.399,3.654,0.743,0.209,0.522,0.176,0.824,0.503,0.580
2847,94.900,4.472,0.000,0.229,0.000,1,1,0,0.000,1.321,3,0,1.000,2,113.146,6180.369,1.000,0.408,3.119,0.881,0.022,2.331,0.168,0.832,0.481,0.629
2850,95.000,19.313,0.000,14.841,0.000,1,1,0,0.000,1.401,3,0,1.000,2,0.000,4361.984,1.000,0.408,2.910,0.474,0.395,0.859,0.087,0.913,0.587,0.350
2853,95.100,8.544,0.000,-10.769,0.000,1,1,0,0.000,1.310,3,0,1.000,2,85.563,2877.019,1.000,0.417,2.807,0.603,0.826,1.575,0.147,0.853,0.515,0.580
2856,95.200,7.616,0.000,-0.928,0.000,1,1,0,0.000,1.247,3,0,1.000,2,66.843,1401.464,1.000,0.417,1.956,0.254,1.088,0.521,0.111,0.889,0.513,0.580
2859,95.300,6.325,0.000,-1.291,0.000,1,1,0,0.000,1.290,3,0,1.000,2,82.735,1375.669,1.000,0.426,2.267,0.524,1.229,0.739,0.131,0.869,0.495,0.580
2862,95.400,23.409,0.000,17.085,0.000,1,1,0,0.000,1.240,3,0,1.000,2,90.824,1285.150,1.000,0.426,2.018,0.572,1.322,0.455,0.118,0.882,0.580,0.505
2865,95.500,17.205,0.000,-6.205,0.000,1,1,0,0.000,1.308,3,0,1.000,2,139.556,1538.670,1.000,0.435,3.108,0.181,1.476,0.277,0.127,0.873,0.601,0.750
2868,95.600,22.361,0.000,5.156,0.000,1,1,0,0.000,1.295,3,0,1.000,2,115.395,1752.375,1.000,0.435,4.451,0.743,1.840,1.376,0.141,0.859,0.623,0.700
2871,95.700,9.434,0.000,-12.927,0.000,1,1,0,0.000,1.186,3,0,1.000,2,179.011,2150.888,1.000,0.444,4.384,0.508,2.300,0.622,0.142,0.858,0.566,0.750
2874,95.800,424.892,0.000,412.809,0.000,2,1,0,424.892,1.010,3,0,1.000,4,194.733,3381.534,1.000,0.444,4.524,0.656,2.281,0.176,0.163,0.837,0.867,0.750
2877,95.900,419.363,63.032,-5.529,48.714,2,1,1,449.361,1.104,3,0,1.000,3,0.000,3189.984,1.000,0.444,4.312,0.742,2.689,1.400,0.178,0.822,0.856,0.700
2880,96.000,9.220,0.000,-410.143,0.000,1,1,0,0.000,1.383,3,0,1.000,2,0.000,3204.349,1.000,0.444,3.951,0.732,3.106,0.364,0.172,0.828,0.539,0.700
2883,96.100,7.071,0.000,-2.148,0.000,1,1,0,0.000,1.281,3,0,1.000,2,27.295,3028.577,1.000,0.453,3.253,0.590,3.456,0.312,0.171,0.829,0.519,0.700
2886,96.200,7.280,0.000,0.209,0.000,1,1,0,0.000,1.303,3,0,1.000,2,0.000,2871.754,1.000,0.453,3.416,0.253,3.447,0.123,0.128,0.872,0.548,0.700
2889,96.300,21.000,0.000,13.720,0.000,1,1,0,0.000,1.368,3,0,1.000,2,0.000,2801.829,1.000,0.462,3.047,0.389,3.140,0.864,0.120,0.880,0.606,0.700
2892,96.400,28.636,0.000,7.636,0.000,1,1,0,0.000,1.347,3,0,1.000,2,94.021,2614.380,1.000,0.462,3.878,0.372,2.206,0.702,0.126,0.874,0.670,0.700
2895,96.500,36.222,0.000,7.586,0.000,1,1,0,0.000,1.577,3,0,1.000,2,0.000,2472.655,1.000,0.462,5.611,0.558,1.923,0.056,0.175,0.825,0.742,0.700
2898,96.600,69.570,0.000,33.349,0.000,1,1,0,0.000,1.524,3,0,1.000,2,0.000,2529.799,1.000,0.470,3.975,0.727,1.936,2.441,0.167,0.833,0.738,0.700
2901,96.700,0.000,553.841,0.000,490.809,1,0,1,0.000,1.367,3,0,1.000,2,0.000,3043.554,1.000,0.470,4.584,0.595,1.871,1.848,0.185,0.815,0.763,0.700
2904,96.800,0.000,1.000,0.000,-552.841,1,0,1,0.000,1.511,3,0,1.000,2,0.000,3153.164,1.000,0.479,5.072,0.663,2.059,0.689,0.190,0.810,0.526,0.700
2907,96.900,97.082,0.000,27.512,0.000,1,1,0,0.000,1.147,3,0,1.000,2,0.000,3153.164,1.000,0.479,3.217,0.793,2.234,0.211,0.178,0.822,0.715,0.700
2910,97.000,0.000,44.418,0.000,43.418,1,0,1,0.000,1.614,3,0,1.000,2,0.000,3153.164,1.000,0.487,3.398,0.578,2.403,0.991,0.189,0.811,0.731,0.700
2913,97.100,10.296,0.000,-86.787,0.000,1,1,0,0.000,0.869,3,0,1.000,2,30.806,2360.724,1.000,0.487,3.490,0.345,2.327,0.396,0.159,0.841,0.560,0.700
2916,97.200,20.616,0.000,10.320,0.000,1,1,0,0.000,0.954,3,0,1.000,2,57.271,2626.378,1.000,0.487,2.727,0.353,1.679,0.059,0.119,0.881,0.598,0.700
2919,97.300,0.000,0.000,0.000,0.000,0,0,0,0.000,0.000,3,0,1.000,0,57.271,2626.378,0.967,0.487,4.111,0.545,1.253,0.554,0.175,0.825,0.251,0.650
2922,97.400,0.000,0.000,0.000,0.000,0,0,0,0.000,0.000,3,0,1.000,0,57.271,2626.378,0.933,0.487,4.815,0.437,1.002,0.744,0.190,0.810,0.272,0.580
2925,97.500,48.052,0.000,27.437,0.000,1,1,0,0.000,1.198,3,0,1.000,2,65.123,2514.287,0.933,0.462,5.682,0.370,0.869,0.283,0.192,0.808,0.798,0.650
2928,97.600,21.541,0.000,-26.511,0.000,1,1,0,0.000,1.355,3,0,1.000,2,0.000,2041.288,0.933,0.462,6.220,0.318,0.886,0.801,0.227,0.773,0.685,0.450
2931,97.700,37.537,0.000,15.996,0.000,1,1,0,0.000,1.468,3,0,1.000,2,0.000,1609.114,0.933,0.462,6.193,0.309,1.081,1.100,0.145,0.855,0.774,0.350
2934,97.800,38.588,0.000,1.051,0.000,1,1,0,0.000,1.349,3,0,1.000,2,42.802,1403.959,0.933,0.462,5.099,0.541,1.264,1.060,0.147,0.853,0.736,0.350
2937,97.900,0.000,0.000,0.000,0.000,0,0,0,0.000,0.000,3,0,1.000,0,42.802,1403.959,0.900,0.462,4.929,0.650,1.477,1.543,0.148,0.852,0.256,0.700
2940,98.000,0.000,0.000,0.000,0.000,0,0,0,0.000,0.000,3,0,1.000,0,42.802,1403.959,0.867,0.462,5.945,0.649,1.482,0.502,0.161,0.839,0.277,0.700
2943,98.100,0.000,0.000,0.000,0.000,0,0,0,0.000,0.000,3,0,1.000,0,42.802,1403.959,0.833,0.462,8.377,0.844,1.091,0.356,0.164,0.836,0.311,0.580
2946,98.200,0.000,0.000,0.000,0.000,0,0,0,0.000,0.000,3,0,1.000,0,42.802,1403.959,0.800,0.462,7.047,0.723,1.324,2.762,0.161,0.839,0.292,0.580
2949,98.300,0.000,0.000,0.000,0.000,0,0,0,0.000,0.000,3,0,1.000,0,42.802,1403.959,0.767,0.462,4.249,0.716,1.426,1.887,0.129,0.871,0.218,0.700
2952,98.400,0.000,0.000,0.000,0.000,0,0,0,0.000,0.000,3,0,1.000,0,42.802,1403.959,0.733,0.462,1.970,0.652,1.220,0.101,0.099,0.901,0.162,0.580
2955,98.500,0.000,0.000,0.000,0.000,0,0,0,0.000,0.000,3,0,1.000,0,42.802,1403.959,0.700,0.462,4.726,0.687,1.229,0.230,0.117,0.883,0.224,0.580
2958,98.600,0.000,0.000,0.000,0.000,0,0,0,0.000,0.000,3,0,1.000,0,42.802,1403.959,0.667,0.462,6.133,0.497,1.365,0.351,0.157,0.843,0.269,0.580
2961,98.700,0.000,0.000,0.000,0.000,0,0,0,0.000,0.000,3,0,1.000,0,42.802,1403.959,0.633,0.462,5.557,0.363,1.689,0.026,0.168,0.832,0.259,0.700
2964,98.800,0.000,0.000,0.000,0.000,0,0,0,0.000,0.000,3,0,1.000,0,42.802,1403.959,0.600,0.462,3.890,0.402,1.947,1.672,0.139,0.861,0.211,0.700
2967,98.900,0.000,0.000,0.000,0.000,0,0,0,0.000,0.000,3,0,1.000,0,42.802,1403.959,0.567,0.462,4.625,0.445,2.004,0.150,0.154,0.846,0.222,0.700
2970,99.000,0.000,0.000,0.000,0.000,0,0,0,0.000,0.000,3,0,1.000,0,42.802,1403.959,0.533,0.462,9.823,0.287,1.871,2.364,0.180,0.820,0.314,0.700
2973,99.100,0.000,0.000,0.000,0.000,0,0,0,0.000,0.000,3,0,1.000,0,42.802,1403.959,0.500,0.462,7.471,0.350,1.807,0.700,0.173,0.827,0.292,0.700
2976,99.200,0.000,0.000,0.000,0.000,0,0,0,0.000,0.000,3,0,1.000,0,42.802,1403.959,0.467,0.462,4.914,0.706,1.474,1.554,0.166,0.834,0.199,0.700
2979,99.300,0.000,0.000,0.000,0.000,0,0,0,0.000,0.000,3,0,1.000,0,42.802,1403.959,0.433,0.462,4.636,0.749,1.119,0.011,0.159,0.841,0.185,0.580
2982,99.400,0.000,0.000,0.000,0.000,0,0,0,0.000,0.000,3,0,1.000,0,42.802,1403.959,0.400,0.462,6.276,0.829,1.014,0.068,0.183,0.817,0.217,0.580
2985,99.500,0.000,0.000,0.000,0.000,0,0,0,0.000,0.000,3,0,1.000,0,42.802,1403.959,0.367,0.462,8.194,0.755,1.043,0.056,0.188,0.812,0.261,0.580
2988,99.600,0.000,0.000,0.000,0.000,0,0,0,0.000,0.000,3,0,1.000,0,42.802,1403.959,0.333,0.462,11.250,0.728,1.138,0.070,0.198,0.802,0.259,0.580
2991,99.700,0.000,0.000,0.000,0.000,0,0,0,0.000,0.000,3,0,1.000,0,42.802,1403.959,0.300,0.462,12.452,0.759,0.800,0.008,0.200,0.800,0.253,0.580
2994,99.800,0.000,0.000,0.000,0.000,0,0,0,0.000,0.000,3,0,1.000,0,42.802,1403.959,0.267,0.462,11.561,0.324,0.882,0.584,0.388,0.612,0.279,0.638
2997,99.900,0.000,0.000,0.000,0.000,0,0,0,0.000,0.000,3,0,1.000,0,42.802,1403.959,0.233,0.462,6.506,0.419,1.231,0.288,0.099,0.901,0.231,0.580
