frame_idx,timestamp,hand_velocity_left,hand_velocity_right,hand_acceleration_left,hand_acceleration_right,hands_present,grip_state_left,grip_state_right,hand_distance,trajectory_curvature,num_tools,tool_changed,tool_stability,num_interactions,contact_point_shift,contact_point_variance,interaction_density,interaction_rhythm,flow_magnitude,flow_uniformity,flow_discontinuity,direction_change,scene_change_score,visual_stability,activity_level,transition_score
0,0.000,0.000,0.000,0.000,0.000,1,0,0,0.000,0.000,2,0,1.000,1,0.000,0.000,1.000,0.000,0.000,1.000,0.000,0.000,0.000,1.000,0.260,0.000
3,0.100,0.000,13.000,0.000,13.000,1,0,0,0.000,0.000,3,1,0.000,2,0.000,228.444,1.000,0.500,7.812,0.437,0.000,0.131,0.164,0.836,0.597,0.750
6,0.200,0.000,15.000,0.000,2.000,1,0,0,0.000,0.000,3,0,0.500,2,0.000,150.000,1.000,0.500,6.472,0.057,0.000,0.420,0.155,0.845,0.601,0.000
9,0.300,0.000,21.471,0.000,6.471,1,0,0,0.000,2.657,3,0,0.667,2,0.000,131.020,1.000,0.500,4.438,0.555,0.000,1.595,0.160,0.840,0.551,0.550
12,0.400,0.000,7.211,0.000,-14.260,1,0,0,0.000,1.865,3,0,0.750,2,0.000,123.840,1.000,0.500,5.979,0.797,0.000,0.667,0.146,0.854,0.494,0.350
15,0.500,0.000,32.802,0.000,25.591,1,0,0,0.000,1.266,3,0,0.800,2,0.000,119.587,1.000,0.500,6.668,0.377,0.000,3.021,0.147,0.853,0.683,0.550
18,0.600,0.000,39.115,0.000,6.313,1,0,1,0.000,1.132,4,1,0.667,3,0.000,105.852,1.000,0.481,5.954,0.226,0.000,1.512,0.142,0.858,0.905,0.750
21,0.700,0.000,17.205,0.000,-21.911,1,0,1,0.000,1.360,4,0,0.714,3,0.000,95.698,1.000,0.469,5.891,0.615,0.000,0.099,0.177,0.823,0.755,0.350
24,0.800,0.000,23.345,0.000,6.141,1,0,1,0.000,1.427,4,0,0.750,3,0.000,111.554,1.000,0.460,5.737,0.829,0.000,0.377,0.192,0.808,0.770,0.350
27,0.900,0.000,16.000,0.000,-7.345,1,0,1,0.000,1.340,3,1,0.667,2,0.000,100.781,1.000,0.464,7.946,0.540,0.000,0.756,0.205,0.795,0.690,0.750
30,1.000,0.000,44.777,0.000,28.777,1,0,1,0.000,1.513,3,0,0.700,2,0.000,74.565,1.000,0.467,7.443,0.120,0.000,0.423,0.168,0.832,0.866,0.450
33,1.100,0.000,42.107,0.000,-2.670,1,0,1,0.000,1.242,3,0,0.727,2,0.000,151.950,1.000,0.470,5.943,0.531,0.000,0.714,0.158,0.842,0.785,0.350
36,1.200,0.000,30.364,0.000,-11.743,1,0,1,0.000,1.258,3,0,0.750,2,0.000,172.620,1.000,0.472,5.989,0.289,0.000,0.008,0.142,0.858,0.738,0.350
39,1.300,0.000,34.366,0.000,4.001,1,0,1,0.000,1.465,3,0,0.769,2,0.000,217.200,1.000,0.474,8.440,0.162,0.000,1.867,0.167,0.833,0.820,0.550
42,1.400,0.000,14.036,0.000,-20.330,1,0,1,0.000,1.383,3,0,0.786,2,0.000,248.785,1.000,0.476,5.126,0.370,0.000,0.678,0.139,0.861,0.620,0.350
45,1.500,0.000,3.162,0.000,-10.873,1,0,1,0.000,1.327,3,0,0.800,2,0.000,253.425,1.000,0.477,5.985,0.633,0.000,0.804,0.157,0.843,0.563,0.580
48,1.600,0.000,7.280,0.000,4.118,1,0,1,0.000,1.493,3,0,0.812,2,0.000,262.345,1.000,0.479,5.090,0.506,0.000,0.465,0.153,0.847,0.572,0.580
51,1.700,0.000,1.414,0.000,-5.866,1,0,1,0.000,1.651,3,0,0.824,2,0.000,276.125,1.000,0.480,6.333,0.293,0.000,2.094,0.165,0.835,0.586,0.580
54,1.800,0.000,7.616,0.000,6.202,1,0,1,0.000,1.655,3,0,0.833,2,0.000,223.965,1.000,0.481,3.295,0.505,0.000,2.388,0.138,0.862,0.529,0.550
57,1.900,0.000,6.000,0.000,-1.616,1,0,1,0.000,1.842,3,0,0.842,2,0.000,209.880,1.000,0.482,4.065,0.647,0.000,0.730,0.147,0.853,0.530,0.580
60,2.000,0.000,5.000,0.000,-1.000,1,0,1,0.000,2.004,3,0,0.850,2,0.000,206.025,1.000,0.483,3.826,0.539,0.000,0.068,0.149,0.851,0.526,0.580
63,2.100,0.000,8.944,0.000,3.944,1,0,1,0.000,1.927,3,0,0.857,2,0.000,138.425,1.000,0.483,1.971,0.523,0.000,0.967,0.120,0.880,0.502,0.350
66,2.200,0.000,13.153,0.000,4.209,1,0,1,0.000,2.191,3,0,0.864,2,0.000,113.370,1.000,0.484,2.452,0.252,0.000,2.010,0.124,0.876,0.557,0.550
69,2.300,0.000,7.810,0.000,-5.343,1,0,1,0.000,2.031,3,0,0.870,2,0.000,91.065,1.000,0.485,3.909,0.412,0.000,0.719,0.132,0.868,0.552,0.350
72,2.400,0.000,35.693,0.000,27.883,1,0,1,0.000,1.728,3,0,0.875,2,0.000,67.500,1.000,0.485,4.308,0.422,0.000,1.260,0.144,0.856,0.716,0.450
75,2.500,0.000,14.866,0.000,-20.827,1,0,1,0.000,1.586,3,0,0.880,2,0.000,66.950,1.000,0.486,5.195,0.654,0.000,0.690,0.158,0.842,0.607,0.350
78,2.600,0.000,3.162,0.000,-11.704,1,0,1,0.000,1.304,3,0,0.885,2,0.000,67.550,1.000,0.486,4.231,0.383,0.000,3.029,0.125,0.875,0.537,0.580
81,2.700,0.000,10.440,0.000,7.278,1,0,1,0.000,1.177,4,1,0.852,3,0.000,81.350,1.000,0.483,4.987,0.327,0.000,0.290,0.146,0.854,0.715,0.750
84,2.800,0.000,20.025,0.000,9.585,1,0,1,0.000,1.215,4,0,0.857,3,0.000,81.625,1.000,0.479,4.381,0.261,0.000,1.177,0.154,0.846,0.758,0.350
87,2.900,0.000,25.318,0.000,5.293,1,0,1,0.000,1.103,4,0,0.862,3,0.000,82.225,1.000,0.470,6.869,0.424,0.000,0.951,0.164,0.836,0.838,0.350
90,3.000,0.000,19.925,0.000,-5.393,1,0,1,0.000,0.887,3,1,0.862,2,0.000,86.305,1.000,0.470,4.466,0.252,0.000,0.087,0.152,0.848,0.645,0.750
93,3.100,0.000,7.280,0.000,-12.645,1,0,1,0.000,0.943,3,0,0.862,2,0.000,89.045,1.000,0.470,2.897,0.264,1.918,0.068,0.169,0.831,0.534,0.700
96,3.200,0.000,15.620,0.000,8.340,1,0,1,0.000,0.933,3,0,0.862,2,47.539,125.360,1.000,0.470,2.359,0.326,1.933,0.059,0.108,0.892,0.563,0.700
99,3.300,0.000,8.944,0.000,-6.676,1,0,1,0.000,0.867,3,0,0.862,2,0.000,132.055,1.000,0.479,1.998,0.508,2.185,0.456,0.116,0.884,0.504,0.700
102,3.400,0.000,9.434,0.000,0.490,1,0,1,0.000,0.872,3,0,0.862,2,0.000,135.575,1.000,0.479,2.388,0.742,1.903,0.866,0.143,0.857,0.500,0.700
105,3.500,0.000,9.487,0.000,0.053,1,0,1,0.000,0.839,3,0,0.897,2,115.732,361.977,1.000,0.479,2.047,0.310,1.735,2.051,0.122,0.878,0.522,0.700
108,3.600,0.000,3.162,0.000,-6.325,1,0,1,0.000,0.605,3,0,0.897,2,0.000,353.147,1.000,0.487,2.186,0.609,1.568,0.253,0.130,0.870,0.470,0.700
111,3.700,0.000,5.099,0.000,1.937,1,0,1,0.000,0.710,3,0,0.897,2,0.000,372.828,1.000,0.487,2.650,0.633,1.126,0.567,0.117,0.883,0.490,0.580
114,3.800,0.000,8.062,0.000,2.963,1,0,1,0.000,0.808,3,0,0.931,2,0.000,385.907,1.000,0.487,7.045,0.241,0.895,1.448,0.158,0.842,0.644,0.550
117,3.900,0.000,19.698,0.000,11.635,1,0,1,0.000,0.894,3,0,0.931,2,0.000,402.998,1.000,0.487,6.784,0.650,0.705,2.733,0.175,0.825,0.674,0.550
120,4.000,0.000,0.000,0.000,0.000,0,0,0,0.000,0.000,3,0,0.931,0,0.000,402.998,0.967,0.487,7.214,0.303,0.528,2.822,0.201,0.799,0.345,0.650
123,4.100,0.000,0.000,0.000,0.000,1,0,0,0.000,0.000,3,0,0.931,2,0.000,402.998,0.967,0.480,8.193,0.346,0.393,0.750,0.181,0.819,0.532,0.650
126,4.200,0.000,190.851,0.000,171.153,1,0,1,0.000,0.883,3,0,0.931,2,0.000,402.998,0.967,0.480,7.833,0.447,0.159,0.581,0.174,0.826,0.851,0.550
129,4.300,0.000,67.082,0.000,-123.769,1,0,1,0.000,0.993,3,0,0.931,1,0.000,402.998,0.967,0.480,8.434,0.754,0.004,0.475,0.174,0.826,0.773,0.450
132,4.400,0.000,0.000,0.000,0.000,0,0,0,0.000,0.000,3,0,0.931,0,0.000,402.998,0.933,0.480,12.499,0.298,0.476,2.671,0.303,0.697,0.361,0.650
135,4.500,0.000,0.000,0.000,0.000,0,0,0,0.000,0.000,3,0,0.931,0,0.000,402.998,0.900,0.480,6.963,0.561,0.620,0.337,0.146,0.854,0.313,0.580
138,4.600,0.000,0.000,0.000,0.000,0,0,0,0.000,0.000,3,0,0.931,0,0.000,402.998,0.867,0.480,7.815,0.698,0.869,0.217,0.147,0.853,0.321,0.580
141,4.700,0.000,0.000,0.000,0.000,0,0,0,0.000,0.000,3,0,0.931,0,0.000,402.998,0.833,0.480,5.288,0.346,1.219,0.517,0.141,0.859,0.278,0.580
144,4.800,0.000,0.000,0.000,0.000,0,0,0,0.000,0.000,4,1,0.897,0,0.000,402.998,0.800,0.480,7.922,0.534,1.656,2.073,0.162,0.838,0.427,0.750
147,4.900,0.000,0.000,0.000,0.000,0,0,0,0.000,0.000,4,0,0.897,0,0.000,402.998,0.767,0.480,7.648,0.328,1.916,0.254,0.183,0.817,0.430,0.700
150,5.000,0.000,0.000,0.000,0.000,0,0,0,0.000,0.000,4,0,0.897,0,0.000,402.998,0.733,0.480,4.754,0.461,2.190,2.155,0.179,0.821,0.345,0.700
153,5.100,0.000,0.000,0.000,0.000,0,0,0,0.000,0.000,3,1,0.862,0,0.000,402.998,0.700,0.480,5.886,0.823,2.301,0.212,0.170,0.830,0.244,0.750
156,5.200,0.000,0.000,0.000,0.000,0,0,0,0.000,0.000,3,0,0.862,0,0.000,402.998,0.667,0.480,3.988,0.422,2.493,0.935,0.132,0.868,0.220,0.700
159,5.300,0.000,0.000,0.000,0.000,0,0,0,0.000,0.000,3,0,0.862,0,0.000,402.998,0.633,0.480,6.709,0.456,2.567,2.330,0.157,0.843,0.282,0.700
162,5.400,0.000,0.000,0.000,0.000,0,0,0,0.000,0.000,3,0,0.862,0,0.000,402.998,0.600,0.480,7.869,0.768,2.048,0.966,0.191,0.809,0.285,0.700
165,5.500,0.000,0.000,0.000,0.000,0,0,0,0.000,0.000,3,0,0.862,0,0.000,402.998,0.567,0.480,7.031,0.604,1.818,0.865,0.188,0.812,0.271,0.700
168,5.600,0.000,0.000,0.000,0.000,0,0,0,0.000,0.000,3,0,0.897,0,0.000,402.998,0.533,0.480,8.415,0.559,1.599,0.898,0.147,0.853,0.295,0.700
171,5.700,0.000,0.000,0.000,0.000,0,0,0,0.000,0.000,3,0,0.897,0,0.000,402.998,0.500,0.480,5.904,0.588,1.304,0.940,0.173,0.827,0.236,0.580
174,5.800,0.000,0.000,0.000,0.000,0,0,0,0.000,0.000,3,0,0.897,0,0.000,402.998,0.467,0.480,5.084,0.465,1.079,2.331,0.188,0.812,0.221,0.580
177,5.900,0.000,0.000,0.000,0.000,0,0,0,0.000,0.000,3,0,0.931,0,0.000,402.998,0.433,0.480,8.358,0.429,0.804,1.036,0.292,0.708,0.292,0.580
180,6.000,0.000,0.000,0.000,0.000,0,0,0,0.000,0.000,4,1,0.897,0,0.000,402.998,0.400,0.480,11.444,0.316,0.439,1.074,0.267,0.733,0.396,0.750
183,6.100,0.000,0.000,0.000,0.000,0,0,0,0.000,0.000,4,0,0.897,0,0.000,402.998,0.367,0.480,13.371,0.202,0.479,0.648,0.268,0.732,0.400,0.580
186,6.200,0.000,0.000,0.000,0.000,0,0,0,0.000,0.000,4,0,0.897,0,0.000,402.998,0.333,0.480,8.166,0.449,0.496,0.063,0.246,0.754,0.379,0.580
189,6.300,0.000,0.000,0.000,0.000,0,0,0,0.000,0.000,4,0,0.897,0,0.000,402.998,0.300,0.480,8.751,0.505,0.516,0.350,0.238,0.762,0.371,0.580
192,6.400,0.000,0.000,0.000,0.000,0,0,0,0.000,0.000,4,0,0.897,0,0.000,402.998,0.267,0.480,10.269,0.561,0.426,0.070,0.253,0.747,0.363,0.580
195,6.500,0.000,0.000,0.000,0.000,0,0,0,0.000,0.000,4,0,0.897,0,0.000,402.998,0.233,0.480,11.375,0.430,0.391,0.174,0.266,0.734,0.368,0.580
198,6.600,0.000,0.000,0.000,0.000,0,0,0,0.000,0.000,5,1,0.862,0,0.000,402.998,0.200,0.480,10.886,0.327,0.539,0.133,0.263,0.737,0.371,0.750
201,6.700,0.000,0.000,0.000,0.000,0,0,0,0.000,0.000,5,0,0.862,0,0.000,402.998,0.167,0.480,11.347,0.456,0.666,0.002,0.245,0.755,0.358,0.580
204,6.800,0.000,0.000,0.000,0.000,0,0,0,0.000,0.000,5,0,0.862,0,0.000,402.998,0.133,0.480,10.158,0.520,0.938,0.106,0.271,0.729,0.350,0.580
207,6.900,0.000,517.218,0.000,450.136,1,0,1,0.000,1.140,4,1,0.828,3,0.000,489.057,0.133,0.215,11.131,0.266,1.069,1.470,0.607,0.393,0.882,0.800
210,7.000,0.000,0.000,0.000,0.000,0,0,0,0.000,0.000,4,0,0.828,0,0.000,489.057,0.133,0.215,1.149,0.397,1.143,1.913,0.124,0.876,0.187,0.650
213,7.100,0.000,5.000,0.000,-512.218,1,0,1,0.000,1.443,4,0,0.828,3,5.385,527.249,0.133,0.215,2.209,0.912,0.943,0.432,0.191,0.809,0.470,0.650
216,7.200,0.000,0.000,0.000,0.000,0,0,0,0.000,0.000,5,1,0.793,0,5.385,527.249,0.100,0.215,1.126,0.929,0.716,0.510,0.154,0.846,0.145,0.750
219,7.300,0.000,0.000,0.000,0.000,0,0,0,0.000,0.000,5,0,0.793,0,5.385,527.249,0.067,0.215,1.000,0.560,0.609,0.240,0.130,0.870,0.164,0.580
222,7.400,0.000,0.000,0.000,0.000,0,0,0,0.000,0.000,4,1,0.759,0,5.385,527.249,0.067,0.215,0.959,0.914,0.575,0.150,0.138,0.862,0.138,0.750
225,7.500,0.000,0.000,0.000,0.000,0,0,0,0.000,0.000,5,1,0.724,0,5.385,527.249,0.067,0.215,1.608,0.960,0.670,0.140,0.186,0.814,0.151,0.750
228,7.600,0.000,0.000,0.000,0.000,0,0,0,0.000,0.000,5,0,0.724,0,5.385,527.249,0.067,0.215,1.197,0.853,0.022,0.099,0.164,0.836,0.148,0.580
231,7.700,0.000,0.000,0.000,0.000,0,0,0,0.000,0.000,5,0,0.759,0,5.385,527.249,0.067,0.215,1.300,0.906,0.505,0.040,0.175,0.825,0.147,0.580
234,7.800,0.000,0.000,0.000,0.000,0,0,0,0.000,0.000,5,0,0.759,0,5.385,527.249,0.067,0.215,2.368,0.787,0.791,0.227,0.201,0.799,0.182,0.580
237,7.900,0.000,0.000,0.000,0.000,0,0,0,0.000,0.000,5,0,0.759,0,5.385,527.249,0.067,0.215,0.819,0.482,0.986,3.022,0.104,0.896,0.165,0.580
240,8.000,0.000,0.000,0.000,0.000,0,0,0,0.000,0.000,5,0,0.793,0,5.385,527.249,0.067,0.215,1.968,0.831,1.273,0.831,0.166,0.834,0.169,0.580
243,8.100,0.000,0.000,0.000,0.000,0,0,0,0.000,0.000,6,1,0.759,0,5.385,527.249,0.067,0.215,2.447,0.656,1.690,0.365,0.151,0.849,0.193,0.750
246,8.200,0.000,0.000,0.000,0.000,0,0,0,0.000,0.000,6,0,0.759,0,5.385,527.249,0.067,0.215,3.594,0.769,2.044,0.007,0.203,0.797,0.214,0.700
249,8.300,0.000,0.000,0.000,0.000,0,0,0,0.000,0.000,6,0,0.759,0,5.385,527.249,0.067,0.215,4.297,0.856,2.684,0.588,0.212,0.788,0.225,0.700
252,8.400,0.000,0.000,0.000,0.000,0,0,0,0.000,0.000,5,1,0.724,0,5.385,527.249,0.067,0.215,5.839,0.757,3.049,0.302,0.204,0.796,0.271,0.750
255,8.500,0.000,0.000,0.000,0.000,0,0,0,0.000,0.000,5,0,0.724,0,5.385,527.249,0.067,0.215,7.228,0.822,3.283,0.158,0.232,0.768,0.301,0.700
258,8.600,0.000,0.000,0.000,0.000,0,0,0,0.000,0.000,5,0,0.724,0,5.385,527.249,0.067,0.215,5.177,0.926,2.172,1.000,0.222,0.778,0.243,0.700
261,8.700,605.265,0.000,605.265,0.000,1,0,0,0.000,0.000,7,1,0.690,6,0.000,1107.139,0.100,0.227,5.085,0.915,1.710,0.073,0.216,0.784,0.699,0.750
264,8.800,48.021,0.000,-557.244,0.000,1,0,0,0.000,0.000,7,0,0.690,6,0.000,1305.078,0.133,0.221,7.078,0.877,1.371,0.092,0.220,0.780,0.756,0.450
267,8.900,43.139,0.000,-4.882,0.000,1,0,0,0.000,0.221,7,0,0.724,6,0.000,1386.604,0.167,0.216,4.621,0.786,1.099,1.122,0.233,0.767,0.694,0.000
270,9.000,13.000,0.000,-30.139,0.000,1,0,0,0.000,0.495,5,1,0.690,4,0.000,945.359,0.200,0.216,2.625,0.306,0.854,0.883,0.150,0.850,0.504,0.750
273,9.100,12.207,0.000,-0.793,0.000,1,0,0,0.000,0.534,5,0,0.690,4,8.602,942.017,0.233,0.213,2.473,0.780,0.681,0.075,0.184,0.816,0.467,0.580
276,9.200,5.831,0.000,-6.376,0.000,1,1,0,0.000,0.688,5,0,0.690,4,4.123,926.305,0.267,0.213,1.410,0.719,0.505,1.510,0.115,0.885,0.493,0.580
279,9.300,5.000,0.000,-0.831,0.000,1,1,0,0.000,0.844,5,0,0.690,4,13.038,878.089,0.300,0.210,1.222,0.935,0.393,2.849,0.144,0.856,0.473,0.580
282,9.400,1.000,0.000,-4.000,0.000,1,1,0,0.000,0.858,4,1,0.655,3,4.472,846.474,0.333,0.207,0.598,0.297,0.319,0.209,0.088,0.912,0.475,0.750
285,9.500,3.606,0.000,2.606,0.000,1,1,0,0.000,1.044,5,1,0.655,4,154.003,1221.295,0.367,0.204,1.269,0.898,0.190,0.754,0.148,0.852,0.477,0.750
288,9.600,5.385,0.000,1.780,0.000,1,1,0,0.000,1.136,5,0,0.655,4,113.741,1248.654,0.400,0.202,1.153,0.954,0.068,0.004,0.137,0.863,0.484,0.632
291,9.700,1.414,0.000,-3.971,0.000,1,1,0,0.000,1.355,5,0,0.655,4,0.000,1194.464,0.433,0.196,1.283,0.882,0.051,0.083,0.155,0.845,0.474,0.580
294,9.800,16.031,0.000,14.617,0.000,1,1,0,0.000,1.561,5,0,0.690,4,173.367,1534.020,0.467,0.193,1.029,0.455,0.177,2.416,0.107,0.893,0.583,0.750
297,9.900,5.385,0.000,-10.646,0.000,1,1,0,0.000,1.524,6,1,0.655,5,164.575,1845.719,0.467,0.186,1.012,0.693,0.290,2.013,0.133,0.867,0.513,0.750
300,10.000,5.000,0.000,-0.385,0.000,1,1,0,0.000,1.529,6,0,0.655,5,81.609,1939.899,0.500,0.347,2.116,0.928,0.546,0.952,0.182,0.818,0.526,0.580
303,10.100,3.606,0.000,-1.394,0.000,1,1,0,0.000,1.419,6,0,0.690,5,0.000,1963.365,0.500,0.347,0.679,0.501,0.007,0.177,0.098,0.902,0.512,0.580
306,10.200,7.280,0.000,3.675,0.000,1,1,0,0.000,1.392,5,1,0.655,4,3.162,1977.230,0.533,0.347,0.699,0.603,0.247,2.346,0.093,0.907,0.524,0.750
309,10.300,8.062,0.000,0.782,0.000,1,1,0,0.000,1.141,5,0,0.690,4,7.071,2005.250,0.567,0.358,0.871,0.273,0.521,0.645,0.109,0.891,0.559,0.580
312,10.400,8.944,0.000,0.882,0.000,1,1,0,0.000,1.041,5,0,0.724,4,5.000,2028.590,0.600,0.358,1.199,0.880,0.861,0.929,0.159,0.841,0.534,0.580
315,10.500,6.000,0.000,-2.944,0.000,1,1,0,0.000,0.852,5,0,0.724,4,133.634,2282.280,0.633,0.358,1.164,0.937,1.123,0.045,0.151,0.849,0.517,0.742
318,10.600,6.708,0.000,0.708,0.000,1,1,0,0.000,0.608,5,0,0.724,4,81.302,1947.984,0.667,0.358,0.892,0.870,1.233,0.432,0.138,0.862,0.523,0.580
321,10.700,7.810,0.000,1.102,0.000,1,1,0,0.000,0.816,5,0,0.724,4,3.606,1960.715,0.700,0.358,1.380,0.732,1.383,3.124,0.117,0.883,0.555,0.580
324,10.800,7.071,0.000,-0.739,0.000,1,1,0,0.000,0.737,5,0,0.724,4,5.099,1740.547,0.733,0.358,1.300,0.371,1.394,0.111,0.093,0.907,0.578,0.580
327,10.900,15.811,0.000,8.740,0.000,1,1,0,0.000,0.721,5,0,0.724,4,15.264,1752.168,0.767,0.358,1.912,0.600,1.301,0.047,0.120,0.880,0.630,0.000
330,11.000,4.243,0.000,-11.569,0.000,1,1,0,0.000,0.807,5,0,0.759,4,7.211,1758.594,0.800,0.358,0.855,0.173,1.237,0.843,0.081,0.919,0.573,0.580
333,11.100,4.472,0.000,0.229,0.000,1,1,0,0.000,0.944,8,1,0.724,6,7.071,1764.575,0.833,0.347,3.657,0.758,1.200,1.891,0.196,0.804,0.598,0.750
336,11.200,1.000,427.619,-3.472,422.619,2,1,1,478.151,1.334,8,0,0.724,6,0.000,4781.209,0.867,0.347,2.859,0.838,1.041,0.206,0.220,0.780,0.852,0.650
339,11.300,2.236,0.000,1.236,0.000,1,1,0,0.000,1.236,8,0,0.759,6,0.000,4798.219,0.900,0.347,2.860,0.680,0.890,0.018,0.204,0.796,0.579,0.650
342,11.400,4.472,205.529,2.236,-222.090,2,1,1,305.360,1.524,5,1,0.724,6,20.881,3684.400,0.933,0.336,4.352,0.857,0.717,1.071,0.233,0.767,0.941,0.750
345,11.500,8.544,8.544,4.072,-196.985,2,1,1,305.360,1.741,5,0,0.724,6,13.038,3165.880,0.967,0.336,4.729,0.914,0.491,0.382,0.229,0.771,0.748,0.580
348,11.600,307.379,0.000,297.329,0.000,2,1,0,307.379,1.270,5,0,0.759,6,14.866,710.625,1.000,0.324,2.790,0.861,0.304,0.094,0.155,0.845,0.909,0.500
351,11.700,344.955,0.000,6.131,0.000,2,1,0,344.955,1.712,7,1,0.724,6,17.804,1198.809,1.000,0.324,3.853,0.731,0.078,1.265,0.192,0.808,0.919,0.750
354,11.800,353.074,16.643,8.119,8.099,2,1,1,345.080,1.845,7,0,0.724,6,32.558,1559.688,1.000,0.311,2.866,0.772,0.212,0.110,0.130,0.870,0.892,0.500
357,11.900,342.313,0.000,336.656,0.000,2,1,0,342.313,2.022,7,0,0.759,6,30.806,2768.259,1.000,0.311,1.325,0.148,0.889,1.253,0.106,0.894,0.897,0.500
360,12.000,332.824,0.000,-9.243,0.000,2,1,0,332.824,2.559,5,1,0.724,6,35.128,3642.279,1.000,0.298,2.034,0.729,1.901,0.341,0.162,0.838,0.900,0.750
363,12.100,330.151,36.014,-2.673,19.371,2,1,1,318.209,2.724,5,0,0.724,6,46.390,3562.149,1.000,0.298,1.178,0.431,2.661,1.208,0.134,0.866,0.899,0.700
366,12.200,7.211,9.434,-322.940,-26.580,2,1,1,311.313,2.494,5,0,0.724,6,25.495,3414.895,1.000,0.298,1.008,0.520,3.979,0.213,0.099,0.901,0.691,0.700
369,12.300,5.385,9.055,-1.826,-0.379,2,1,1,312.834,2.273,6,1,0.724,6,96.426,2628.844,1.000,0.298,1.018,0.593,3.933,1.263,0.116,0.884,0.684,0.750
372,12.400,3.606,4.123,-1.780,-4.932,2,1,1,311.437,2.059,6,0,0.759,6,79.025,2576.309,1.000,0.298,0.986,0.583,3.842,0.499,0.096,0.904,0.657,0.700
375,12.500,3.162,6.325,-0.443,2.201,2,1,1,312.623,2.137,6,0,0.759,6,84.291,2479.295,1.000,0.298,0.859,0.544,3.209,0.888,0.090,0.910,0.669,0.700
378,12.600,2.828,11.402,-0.334,5.077,2,1,1,298.458,2.109,5,1,0.724,6,0.000,1552.259,1.000,0.298,0.791,0.177,3.210,1.111,0.097,0.903,0.721,0.750
381,12.700,275.496,0.000,271.496,0.000,2,1,0,275.496,1.554,5,0,0.724,6,66.468,1634.524,1.000,0.298,1.051,0.375,1.224,0.523,0.127,0.873,0.900,0.500
384,12.800,277.411,24.413,1.915,13.011,2,1,1,298.761,1.591,5,0,0.759,6,101.079,1716.225,1.000,0.298,2.480,0.303,0.814,1.409,0.109,0.891,0.941,0.562
387,12.900,1.414,36.125,-275.997,11.712,2,1,1,296.299,1.433,4,1,0.724,5,104.307,1745.800,1.000,0.311,2.216,0.465,0.591,2.618,0.125,0.875,0.874,0.750
390,13.000,1.000,5.385,-0.414,-30.740,2,1,1,297.834,1.557,4,0,0.724,6,2.236,1741.358,1.000,0.311,2.310,0.874,0.143,1.135,0.207,0.793,0.676,0.580
393,13.100,0.000,304.829,0.000,10.398,2,0,1,304.829,1.528,4,0,0.759,6,110.023,2430.589,1.000,0.311,2.823,0.789,0.132,0.073,0.210,0.790,0.915,0.611
396,13.200,23.087,2.000,22.087,-302.829,2,1,1,290.036,1.544,4,0,0.759,5,134.469,2052.824,1.000,0.311,3.866,0.727,0.242,1.157,0.180,0.820,0.824,0.747
399,13.300,0.000,20.809,0.000,18.809,1,0,1,0.000,1.253,4,0,0.759,3,0.000,2245.759,1.000,0.311,3.711,0.675,0.399,2.882,0.213,0.787,0.716,0.650
402,13.400,0.000,29.967,0.000,9.158,1,0,1,0.000,1.163,4,0,0.759,3,0.000,2343.939,1.000,0.324,3.429,0.197,0.477,0.167,0.151,0.849,0.793,0.580
405,13.500,0.000,17.720,0.000,-12.247,1,0,1,0.000,0.980,6,1,0.724,4,0.000,2349.220,1.000,0.324,6.077,0.740,0.375,0.097,0.171,0.829,0.739,0.750
408,13.600,0.000,29.206,0.000,11.486,1,0,1,0.000,1.029,6,0,0.724,5,0.000,2478.419,1.000,0.324,4.693,0.501,0.213,0.024,0.158,0.842,0.815,0.580
411,13.700,0.000,351.753,0.000,309.551,2,0,1,351.753,1.020,6,0,0.724,6,153.805,3260.549,1.000,0.324,4.523,0.266,0.035,0.475,0.148,0.852,0.994,0.750
414,13.800,348.294,0.000,42.183,0.000,2,1,0,348.294,1.616,8,1,0.690,6,89.900,1498.745,1.000,0.324,5.185,0.538,0.179,1.172,0.227,0.773,0.947,0.750
417,13.900,0.000,341.463,0.000,-11.652,2,0,1,341.463,1.284,8,0,0.690,6,0.000,2858.279,1.000,0.324,5.426,0.735,0.416,0.005,0.234,0.766,0.939,0.500
420,14.000,382.723,47.518,34.429,-293.945,2,1,1,426.677,1.891,8,0,0.724,6,115.156,3436.247,1.000,0.324,6.799,0.466,0.679,0.699,0.252,0.748,0.992,0.640
423,14.100,450.960,0.000,68.237,0.000,1,1,0,0.000,2.143,4,1,0.690,2,115.156,3436.247,1.000,0.336,6.338,0.669,0.987,0.748,0.260,0.740,0.872,0.750
426,14.200,31.623,0.000,-419.337,0.000,1,1,0,0.000,1.978,4,0,0.690,2,115.156,3436.247,1.000,0.336,4.216,0.794,1.407,0.135,0.248,0.752,0.735,0.700
429,14.300,26.420,0.000,-5.203,0.000,1,1,0,0.000,1.962,4,0,0.724,2,69.921,3682.544,1.000,0.347,5.830,0.860,1.637,0.692,0.264,0.736,0.742,0.700
432,14.400,9.220,0.000,-17.200,0.000,1,1,0,0.000,1.705,5,1,0.690,2,10.296,4180.524,1.000,0.358,7.460,0.923,1.841,0.025,0.285,0.715,0.665,0.750
435,14.500,8.246,0.000,-0.973,0.000,1,1,0,0.000,1.746,5,0,0.690,2,5.099,4565.564,1.000,0.358,6.664,0.915,2.495,0.074,0.285,0.715,0.640,0.700
438,14.600,5.831,0.000,-2.415,0.000,1,1,0,0.000,1.904,5,0,0.724,2,10.050,4945.225,1.000,0.369,4.116,0.607,3.708,0.268,0.273,0.727,0.585,0.700
441,14.700,2.000,0.000,-3.831,0.000,1,1,0,0.000,1.588,7,1,0.690,2,20.809,5254.568,1.000,0.379,2.961,0.182,3.790,0.817,0.261,0.739,0.544,0.750
444,14.800,9.487,0.000,7.487,0.000,1,1,0,0.000,1.372,7,0,0.690,2,5.385,5537.737,1.000,0.379,2.740,0.072,3.715,0.394,0.257,0.743,0.588,0.700
447,14.900,11.662,0.000,2.175,0.000,1,1,0,0.000,1.101,7,0,0.724,2,12.042,5649.830,1.000,0.389,2.748,0.506,3.268,1.554,0.271,0.729,0.569,0.700
450,15.000,13.038,0.000,1.377,0.000,1,1,0,0.000,1.012,5,1,0.690,2,138.708,5332.830,1.000,0.399,3.178,0.587,2.897,0.292,0.259,0.741,0.603,0.750
453,15.100,13.038,0.000,0.000,0.000,1,1,0,0.000,1.001,5,0,0.690,2,140.545,5884.719,1.000,0.399,3.575,0.570,1.770,0.362,0.248,0.752,0.614,0.750
456,15.200,22.023,0.000,8.984,0.000,1,1,0,0.000,0.968,5,0,0.724,2,135.093,6389.734,1.000,0.399,3.149,0.701,1.473,0.083,0.260,0.740,0.644,0.750
459,15.300,5.000,0.000,-17.023,0.000,1,1,0,0.000,1.051,6,1,0.690,2,0.000,3793.944,1.000,0.408,3.531,0.868,1.245,0.207,0.290,0.710,0.535,0.750
462,15.400,6.403,0.000,1.403,0.000,1,1,0,0.000,0.921,6,0,0.690,2,48.270,2099.759,1.000,0.408,2.911,0.812,0.974,0.033,0.269,0.731,0.532,0.580
465,15.500,6.000,0.000,-0.403,0.000,1,1,0,0.000,1.134,6,0,0.724,1,0.000,1532.589,1.000,0.417,2.475,0.769,0.684,0.326,0.252,0.748,0.491,0.580
468,15.600,0.000,80.156,0.000,32.638,1,0,1,0.000,1.453,5,1,0.690,2,47.634,1540.834,1.000,0.417,2.869,0.835,0.253,0.010,0.263,0.737,0.755,0.750
471,15.700,0.000,2.236,0.000,-77.920,1,0,1,0.000,1.499,5,0,0.690,1,2.828,1600.107,1.000,0.426,2.491,0.724,0.101,0.142,0.243,0.757,0.480,0.580
474,15.800,0.000,4.472,0.000,2.236,1,0,1,0.000,1.618,5,0,0.724,4,0.000,1727.114,1.000,0.426,3.616,0.832,0.343,0.383,0.293,0.707,0.621,0.580
477,15.900,0.000,9.487,0.000,5.015,1,0,1,0.000,1.682,4,1,0.690,3,0.000,1903.095,1.000,0.435,4.692,0.889,0.617,0.444,0.296,0.704,0.663,0.750
480,16.000,0.000,61.074,0.000,51.587,1,0,1,0.000,1.448,4,0,0.690,3,0.000,2407.704,1.000,0.435,4.928,0.814,0.971,0.260,0.272,0.728,0.871,0.450
483,16.100,149.907,0.000,143.907,0.000,1,1,0,0.000,1.203,4,0,0.690,3,0.000,2407.704,1.000,0.444,5.060,0.635,1.352,0.731,0.243,0.757,0.887,0.500
486,16.200,48.836,0.000,-101.070,0.000,1,1,0,0.000,1.159,4,0,0.690,3,0.000,2407.704,1.000,0.444,4.255,0.554,1.498,0.050,0.220,0.780,0.873,0.700
489,16.300,20.224,0.000,-28.613,0.000,1,1,0,0.000,1.106,4,0,0.690,3,49.163,2168.100,1.000,0.453,3.709,0.569,1.288,0.655,0.223,0.777,0.720,0.580
492,16.400,5.385,0.000,-14.839,0.000,1,1,0,0.000,1.470,4,0,0.724,3,9.487,2463.379,1.000,0.453,1.837,0.616,1.111,0.157,0.201,0.799,0.588,0.580
495,16.500,7.211,0.000,1.826,0.000,1,1,0,0.000,1.783,4,0,0.724,3,5.099,1968.105,1.000,0.462,3.096,0.959,1.074,0.625,0.274,0.726,0.605,0.580
498,16.600,4.123,0.000,-3.088,0.000,1,1,0,0.000,1.605,4,0,0.724,3,7.071,2121.230,1.000,0.462,2.786,0.953,0.918,0.189,0.274,0.726,0.581,0.580
501,16.700,11.180,0.000,7.057,0.000,1,1,0,0.000,1.529,4,0,0.759,3,7.071,2121.230,1.000,0.462,2.590,0.950,0.884,0.338,0.272,0.728,0.615,0.580
504,16.800,5.831,0.000,-5.349,0.000,1,1,0,0.000,1.258,4,0,0.759,2,7.071,2121.230,1.000,0.462,2.475,0.968,0.820,0.105,0.269,0.731,0.537,0.580
507,16.900,5.099,0.000,-0.732,0.000,1,1,0,0.000,1.321,4,0,0.759,3,21.401,1579.145,1.000,0.453,2.247,0.526,0.786,2.905,0.236,0.764,0.603,0.580
510,17.000,0.000,165.747,0.000,104.673,1,0,1,0.000,1.104,4,0,0.793,3,21.401,1579.145,1.000,0.453,2.866,0.871,0.694,0.289,0.246,0.754,0.816,0.500
513,17.100,22.361,0.000,17.262,0.000,1,1,0,0.000,1.456,4,0,0.793,3,21.401,1579.145,1.000,0.444,5.580,0.938,0.524,0.034,0.294,0.706,0.753,0.580
516,17.200,31.401,0.000,9.040,0.000,1,1,0,0.000,1.508,4,0,0.793,3,21.401,1579.145,1.000,0.444,5.493,0.852,0.278,0.552,0.269,0.731,0.807,0.350
519,17.300,0.000,0.000,0.000,0.000,0,0,0,0.000,0.000,4,0,0.828,0,21.401,1579.145,0.967,0.444,6.372,0.467,0.064,0.346,0.234,0.766,0.413,0.650
522,17.400,0.000,397.549,0.000,231.802,1,0,1,0.000,0.868,4,1,0.793,3,21.401,1579.145,0.967,0.428,5.859,0.077,0.164,3.048,0.209,0.791,0.942,0.750
525,17.500,0.000,25.080,0.000,-372.469,1,0,1,0.000,1.031,4,0,0.793,3,21.401,1579.145,0.967,0.428,4.498,0.314,0.476,0.043,0.205,0.795,0.781,0.580
528,17.600,0.000,28.231,0.000,3.151,1,0,1,0.000,0.927,4,0,0.828,3,21.401,1579.145,0.967,0.419,5.169,0.369,0.803,0.018,0.206,0.794,0.811,0.350
531,17.700,0.000,49.204,0.000,20.972,1,0,1,0.000,1.122,6,1,0.793,5,0.000,4323.438,0.967,0.400,6.923,0.435,0.639,0.150,0.213,0.787,0.959,0.750
534,17.800,0.000,68.184,0.000,18.980,1,0,1,0.000,1.049,6,0,0.793,5,0.000,6403.550,0.967,0.391,5.922,0.675,0.734,0.296,0.254,0.746,0.917,0.550
537,17.900,0.000,22.804,0.000,-45.380,1,0,1,0.000,1.105,6,0,0.828,5,0.000,6626.719,0.967,0.391,6.382,0.843,0.855,0.176,0.259,0.741,0.793,0.580
540,18.000,0.000,16.000,0.000,-6.804,1,0,1,0.000,1.104,4,1,0.793,3,9.000,6389.954,0.967,0.391,7.841,0.848,1.175,0.042,0.269,0.731,0.777,0.750
543,18.100,0.000,25.942,0.000,9.942,1,0,1,0.000,1.127,4,0,0.793,3,0.000,4873.048,0.967,0.391,7.918,0.870,1.527,0.228,0.276,0.724,0.832,0.700
546,18.200,0.000,32.757,0.000,6.814,1,0,1,0.000,1.008,4,0,0.828,3,0.000,3987.399,0.967,0.391,8.200,0.892,1.928,0.398,0.281,0.719,0.871,0.700
549,18.300,0.000,16.553,0.000,-16.204,1,0,1,0.000,0.851,5,1,0.793,4,0.000,2349.519,0.967,0.381,5.567,0.890,2.319,0.564,0.264,0.736,0.729,0.750
552,18.400,0.000,2.000,0.000,-14.553,1,0,1,0.000,0.708,5,0,0.793,4,0.000,2634.904,0.967,0.381,5.575,0.641,2.542,0.471,0.252,0.748,0.666,0.700
555,18.500,0.000,334.631,0.000,332.631,2,0,1,334.631,1.097,5,0,0.828,6,0.000,3542.570,0.967,0.371,6.077,0.586,2.725,2.359,0.244,0.756,1.000,0.700
558,18.600,135.624,336.823,104.224,2.192,2,1,1,345.001,1.495,5,0,0.828,6,27.659,4987.589,0.967,0.360,4.385,0.648,2.960,2.418,0.236,0.764,0.960,0.700
561,18.700,0.000,309.079,0.000,305.474,2,0,1,309.079,1.650,5,0,0.828,6,79.196,5820.920,0.967,0.350,4.049,0.673,2.357,0.440,0.220,0.780,0.950,0.700
564,18.800,0.000,288.087,0.000,-14.973,2,0,1,288.087,2.405,5,0,0.862,6,50.537,6009.054,0.967,0.347,2.077,0.741,1.972,0.508,0.171,0.829,0.896,0.700
567,18.900,0.000,285.408,0.000,0.128,2,0,1,285.408,2.738,4,1,0.828,6,41.304,6210.144,0.967,0.336,1.757,0.752,1.380,0.162,0.137,0.863,0.887,0.750
570,19.000,0.000,281.576,0.000,-3.833,1,0,1,0.000,2.749,4,0,0.828,3,136.092,5788.869,0.967,0.336,1.678,0.263,1.066,2.933,0.129,0.871,0.825,0.750
573,19.100,0.000,7.211,0.000,-274.365,1,0,1,0.000,2.610,4,0,0.828,3,131.015,5666.634,0.967,0.347,1.673,0.544,0.967,0.563,0.123,0.877,0.595,0.728
576,19.200,0.000,2.236,0.000,-4.975,1,0,1,0.000,2.539,4,0,0.828,2,136.180,5510.778,0.967,0.347,0.682,0.598,0.796,0.004,0.094,0.906,0.494,0.750
579,19.300,0.000,6.083,0.000,3.847,1,0,1,0.000,2.728,4,0,0.828,2,129.468,5006.714,0.967,0.358,1.143,0.902,0.340,0.699,0.135,0.865,0.505,0.719
582,19.400,0.000,8.544,0.000,2.461,1,0,1,0.000,2.466,4,0,0.828,3,0.000,4058.779,0.967,0.358,1.021,0.686,0.051,0.359,0.107,0.893,0.576,0.580
585,19.500,0.000,5.831,0.000,-2.713,1,0,1,0.000,2.255,5,1,0.793,3,136.059,3490.194,0.967,0.358,0.894,0.758,0.353,0.338,0.107,0.893,0.526,0.750
588,19.600,0.000,2.828,0.000,-3.003,1,0,1,0.000,2.091,4,1,0.759,3,140.000,2399.289,0.967,0.358,1.003,0.905,0.765,0.090,0.120,0.880,0.528,0.750
591,19.700,0.000,5.000,0.000,2.172,1,0,1,0.000,1.801,4,0,0.759,3,140.000,2288.248,0.967,0.358,0.785,0.709,1.179,0.988,0.103,0.897,0.549,0.750
594,19.800,0.000,1.000,0.000,-4.000,1,0,1,0.000,1.605,4,0,0.759,3,139.058,2281.069,0.967,0.369,0.462,0.625,1.654,0.400,0.073,0.927,0.524,0.750
597,19.900,0.000,1.414,0.000,0.414,1,0,1,0.000,1.450,4,0,0.759,3,138.177,2243.359,0.967,0.369,0.750,0.887,2.191,0.241,0.105,0.895,0.516,0.750
600,20.000,0.000,1.000,0.000,-0.414,1,0,1,0.000,1.336,4,0,0.759,3,136.066,2271.478,0.967,0.369,0.960,0.964,3.088,0.203,0.125,0.875,0.513,0.750
603,20.100,0.000,266.101,0.000,248.637,2,0,1,266.101,1.425,5,1,0.724,6,100.688,2632.247,0.967,0.369,2.579,0.767,4.513,0.437,0.150,0.850,0.907,0.750
606,20.200,0.000,293.956,0.000,13.178,2,0,1,293.956,1.808,5,0,0.724,6,130.000,3509.868,0.967,0.369,1.908,0.769,4.193,1.532,0.143,0.857,0.890,0.722
609,20.300,0.000,308.172,0.000,-1.203,2,0,1,308.172,2.296,5,0,0.759,6,129.201,4330.855,1.000,0.369,1.734,0.800,3.862,2.748,0.159,0.841,0.887,0.718
612,20.400,0.000,340.959,0.000,32.787,1,0,1,0.000,2.589,5,1,0.724,4,0.000,3930.269,1.000,0.379,3.487,0.558,2.853,3.100,0.156,0.844,0.862,0.750
615,20.500,0.000,0.000,0.000,0.000,0,0,0,0.000,0.000,5,0,0.724,0,0.000,3930.269,0.967,0.379,13.847,0.276,2.202,1.221,0.337,0.663,0.467,0.700
618,20.600,0.000,455.804,0.000,114.845,1,0,1,0.000,2.794,5,0,0.759,2,0.000,3930.269,0.967,0.371,2.679,0.939,1.490,1.380,0.190,0.810,0.739,0.700
621,20.700,222.009,0.000,86.385,0.000,1,1,0,0.000,1.227,5,1,0.724,4,0.000,3930.269,0.967,0.381,6.327,0.729,1.235,3.131,0.201,0.799,0.917,0.750
624,20.800,31.048,0.000,-190.961,0.000,1,1,0,0.000,1.376,5,0,0.724,4,0.000,5280.265,0.967,0.371,8.844,0.353,0.819,0.013,0.236,0.764,0.908,0.580
627,20.900,38.079,0.000,7.031,0.000,1,1,0,0.000,1.290,5,0,0.759,4,0.000,5790.099,0.967,0.371,9.832,0.342,0.458,0.079,0.260,0.740,0.948,0.350
630,21.000,38.275,0.000,0.196,0.000,1,1,0,0.000,1.323,6,1,0.724,5,0.000,5256.839,0.967,0.360,9.842,0.564,0.090,0.037,0.264,0.736,0.939,0.750
633,21.100,28.460,0.000,-9.815,0.000,1,1,0,0.000,1.067,6,0,0.724,5,0.000,4217.694,0.967,0.350,11.821,0.857,0.325,0.016,0.270,0.730,0.864,0.580
636,21.200,9.220,0.000,-19.241,0.000,1,1,0,0.000,0.997,6,0,0.759,5,0.000,3834.749,0.967,0.339,13.386,0.818,0.869,0.186,0.274,0.726,0.760,0.580
639,21.300,0.000,97.837,0.000,-357.967,1,0,1,0.000,2.781,6,1,0.724,2,0.000,2713.544,0.967,0.350,17.338,0.872,1.748,0.075,0.279,0.721,0.865,0.750
642,21.400,267.082,0.000,257.863,0.000,1,1,0,0.000,1.218,6,0,0.724,2,0.000,2713.544,0.967,0.350,16.034,0.550,2.676,0.068,0.270,0.730,0.888,0.700
645,21.500,0.000,0.000,0.000,0.000,0,0,0,0.000,0.000,6,0,0.724,0,0.000,2713.544,0.933,0.350,14.360,0.135,3.878,0.178,0.253,0.747,0.473,0.700
648,21.600,31.401,0.000,-235.682,0.000,1,1,0,0.000,0.989,5,1,0.690,2,0.000,2713.544,0.933,0.345,17.577,0.308,6.503,0.152,0.259,0.741,0.837,0.750
651,21.700,33.422,0.000,2.021,0.000,1,1,0,0.000,1.268,5,0,0.690,2,0.000,2713.544,0.933,0.355,19.713,0.779,9.450,0.013,0.273,0.727,0.815,0.700
654,21.800,40.050,0.000,6.628,0.000,1,1,0,0.000,1.120,5,0,0.724,2,0.000,2713.544,0.933,0.355,17.064,0.864,16.663,0.068,0.266,0.734,0.846,0.700
657,21.900,32.000,455.107,-8.050,357.270,2,1,1,540.520,2.713,5,1,0.690,6,203.855,2901.238,0.933,0.355,10.070,0.878,19.240,0.010,0.250,0.750,1.000,0.750
660,22.000,27.166,98.762,-4.834,-356.344,2,1,1,415.030,2.696,5,0,0.690,6,0.000,1900.648,0.933,0.355,6.759,0.761,14.241,0.093,0.243,0.757,1.000,0.700
663,22.100,37.855,0.000,10.689,0.000,1,1,0,0.000,1.103,5,0,0.690,2,80.777,1897.914,0.933,0.366,5.616,0.775,3.088,0.108,0.233,0.767,0.780,0.700
666,22.200,44.721,111.826,6.866,13.063,2,1,1,270.407,2.410,5,1,0.655,6,7.810,2253.404,0.933,0.366,8.498,0.844,3.129,0.012,0.244,0.756,1.000,0.750
669,22.300,25.179,0.000,-19.542,0.000,1,1,0,0.000,0.808,5,0,0.655,2,137.186,2686.960,0.933,0.371,3.926,0.800,2.945,0.706,0.196,0.804,0.666,0.750
672,22.400,0.000,98.311,0.000,-13.515,1,0,1,0.000,2.291,5,0,0.690,4,0.000,3130.074,0.933,0.371,5.909,0.820,2.464,1.056,0.224,0.776,0.896,0.700
675,22.500,0.000,371.012,0.000,359.307,2,0,1,371.012,1.922,5,0,0.724,6,40.162,2929.275,0.933,0.360,6.503,0.639,2.058,0.937,0.241,0.759,1.000,0.700
678,22.600,90.521,355.006,65.341,-16.006,2,1,1,366.307,2.011,5,0,0.724,6,37.000,2164.524,0.933,0.360,5.584,0.686,1.763,1.053,0.240,0.760,0.984,0.700
681,22.700,20.881,15.297,-69.640,-339.709,2,1,1,331.869,2.051,5,0,0.724,6,0.000,1580.805,0.933,0.360,5.219,0.799,1.391,0.098,0.232,0.768,0.833,0.580
684,22.800,3.162,8.602,-17.718,-6.695,2,1,1,324.581,2.021,5,0,0.724,6,0.000,1350.435,0.933,0.350,3.716,0.794,1.011,0.132,0.206,0.794,0.727,0.580
687,22.900,6.403,9.220,3.241,0.617,2,1,1,314.949,1.657,5,0,0.724,6,46.573,1390.774,0.933,0.336,3.371,0.762,0.521,0.003,0.206,0.794,0.724,0.580
690,23.000,1.000,7.810,-5.403,-1.409,2,1,1,311.873,1.552,5,0,0.759,6,98.494,1764.994,0.933,0.324,2.431,0.692,0.163,0.072,0.170,0.830,0.698,0.580
693,23.100,2.828,2.236,1.828,-5.574,2,1,1,314.239,1.644,5,0,0.759,5,127.028,2484.750,0.933,0.324,1.380,0.312,0.152,1.639,0.143,0.857,0.670,0.706
696,23.200,10.817,2.236,7.988,0.000,2,1,1,317.824,1.390,5,0,0.759,6,36.125,2472.950,0.933,0.324,1.907,0.489,0.532,2.509,0.173,0.827,0.716,0.580
699,23.300,9.000,2.000,-1.817,-0.236,2,1,1,318.981,1.602,5,0,0.793,6,0.000,2525.950,0.933,0.324,1.549,0.376,0.959,1.163,0.163,0.837,0.704,0.580
702,23.400,7.211,6.325,-1.789,4.325,2,1,1,319.507,1.562,5,0,0.793,5,0.000,2516.375,0.933,0.311,1.417,0.733,1.448,1.506,0.158,0.842,0.666,0.700
705,23.500,3.000,6.325,-4.211,0.000,2,1,1,325.042,1.586,4,1,0.759,4,93.000,2433.850,0.967,0.311,0.748,0.624,1.835,0.143,0.100,0.900,0.656,0.750
708,23.600,14.318,4.000,11.318,-2.325,2,1,1,342.773,1.532,5,1,0.759,6,142.243,2447.869,0.967,0.311,1.889,0.404,1.740,1.992,0.124,0.876,0.744,0.750
711,23.700,7.280,5.385,-7.038,1.385,2,1,1,347.576,1.765,4,1,0.724,5,46.530,2042.894,0.967,0.311,2.207,0.644,1.977,1.847,0.176,0.824,0.697,0.750
714,23.800,7.280,5.099,0.000,-0.286,2,1,1,350.691,1.836,4,0,0.724,5,35.440,2075.187,0.967,0.311,2.168,0.431,2.188,3.089,0.161,0.839,0.710,0.700
717,23.900,12.728,14.866,5.448,9.767,2,1,1,330.668,1.601,4,0,0.759,5,65.069,2198.879,0.967,0.324,3.003,0.193,1.939,0.143,0.186,0.814,0.790,0.700
720,24.000,20.396,5.657,7.668,-9.209,2,1,1,324.119,1.491,5,1,0.724,6,0.000,2117.904,0.967,0.324,4.303,0.237,1.836,0.316,0.214,0.786,0.850,0.750
723,24.100,20.396,16.553,0.000,10.896,2,1,1,307.098,1.280,5,0,0.724,6,54.708,1580.234,0.967,0.324,5.803,0.293,1.763,0.606,0.233,0.767,0.884,0.700
726,24.200,9.220,4.472,-11.177,-12.081,2,1,1,300.060,1.120,5,0,0.759,6,55.902,1581.550,0.967,0.311,3.250,0.515,1.608,1.029,0.221,0.779,0.742,0.700
729,24.300,7.071,2.828,-2.148,-1.644,2,1,1,299.069,0.768,4,1,0.724,5,0.000,1445.395,0.967,0.324,3.220,0.618,1.483,0.440,0.224,0.776,0.723,0.750
732,24.400,6.403,15.556,-0.668,12.728,2,1,1,285.309,0.830,4,0,0.724,5,0.000,1177.669,0.967,0.324,3.205,0.800,1.334,1.006,0.234,0.766,0.757,0.580
735,24.500,7.071,19.235,0.668,3.679,2,1,1,265.347,0.783,4,0,0.759,5,115.000,1542.375,1.000,0.324,2.749,0.818,1.192,0.495,0.217,0.783,0.768,0.639
738,24.600,9.849,17.692,2.778,-1.544,2,1,1,247.194,0.702,5,1,0.724,6,107.187,1825.539,1.000,0.311,2.127,0.828,1.035,0.131,0.210,0.790,0.744,0.750
741,24.700,5.000,10.630,-4.849,-7.062,2,1,1,238.849,0.597,5,0,0.724,6,107.336,2067.334,1.000,0.311,2.225,0.886,0.890,0.156,0.211,0.789,0.703,0.596
744,24.800,1.000,11.180,-4.000,0.550,2,1,1,227.035,0.604,5,0,0.759,4,64.288,2190.037,1.000,0.324,2.268,0.883,0.849,0.086,0.192,0.808,0.671,0.580
747,24.900,5.385,18.248,4.385,7.068,2,1,1,213.122,0.950,4,1,0.724,4,8.602,2168.945,1.000,0.324,3.414,0.856,0.862,0.110,0.202,0.798,0.777,0.750
750,25.000,4.243,25.554,-1.143,7.306,2,1,1,213.883,1.113,4,0,0.724,4,0.000,2126.694,1.000,0.324,3.343,0.771,0.653,0.353,0.218,0.782,0.822,0.350
753,25.100,11.402,1.414,7.159,-24.140,2,1,1,203.022,1.155,4,0,0.759,4,29.411,1371.990,1.000,0.324,3.060,0.821,0.379,0.233,0.236,0.764,0.732,0.350
756,25.200,22.561,29.732,11.159,28.318,2,1,1,240.875,1.279,5,1,0.724,6,84.481,1317.840,1.000,0.324,2.695,0.844,0.232,0.112,0.204,0.796,0.823,0.750
759,25.300,13.454,28.178,-9.107,-1.554,2,1,1,259.002,1.581,5,0,0.724,6,59.414,1098.818,1.000,0.324,3.553,0.781,0.034,1.555,0.213,0.787,0.841,0.550
762,25.400,9.487,38.833,-3.967,10.655,2,1,1,279.693,1.600,5,0,0.724,6,0.000,1213.807,1.000,0.324,4.482,0.748,0.082,0.043,0.209,0.791,0.925,0.350
765,25.500,3.162,2.236,-6.325,-36.597,2,1,1,276.328,1.652,3,1,0.690,4,39.395,1426.299,1.000,0.324,3.950,0.888,0.267,0.599,0.181,0.819,0.604,0.750
768,25.600,5.000,11.662,1.838,9.426,2,1,1,266.811,1.612,3,0,0.690,4,86.533,1446.134,1.000,0.336,3.043,0.884,0.404,0.001,0.186,0.814,0.629,0.350
771,25.700,247.421,0.000,2.370,0.000,2,1,0,247.421,1.414,3,0,0.690,4,85.440,1611.604,1.000,0.336,1.893,0.830,0.256,0.239,0.162,0.838,0.789,0.500
774,25.800,247.073,0.000,3.594,0.000,2,1,0,247.073,1.679,5,1,0.655,4,73.000,1575.437,1.000,0.336,1.368,0.188,0.318,2.162,0.124,0.876,0.885,0.750
777,25.900,11.402,0.000,-235.671,0.000,1,1,0,0.000,1.529,5,0,0.655,2,16.031,1623.507,1.000,0.347,3.400,0.738,0.252,0.112,0.163,0.837,0.589,0.650
780,26.000,20.518,41.146,9.117,29.484,2,1,1,253.251,1.747,5,0,0.655,4,109.385,1694.444,1.000,0.347,3.837,0.664,0.272,2.033,0.206,0.794,0.892,0.650
783,26.100,0.000,240.110,0.000,-19.678,2,0,1,240.110,1.920,5,1,0.621,4,0.000,1599.154,1.000,0.347,5.233,0.673,0.313,0.663,0.247,0.753,0.948,0.750
786,26.200,0.000,240.187,0.000,-5.286,2,0,1,240.187,2.341,5,0,0.621,4,0.000,1447.298,1.000,0.347,5.011,0.815,0.452,1.961,0.193,0.807,0.932,0.550
789,26.300,0.000,236.078,0.000,1.453,2,0,1,236.078,2.780,5,0,0.621,4,109.481,1277.664,1.000,0.347,2.088,0.705,0.593,2.065,0.112,0.888,0.867,0.608
792,26.400,29.155,9.899,8.636,-226.179,2,1,1,231.659,2.733,5,0,0.655,4,94.641,1047.507,1.000,0.347,2.549,0.911,0.558,0.072,0.150,0.850,0.776,0.526
795,26.500,5.831,0.000,-23.324,0.000,1,1,0,0.000,1.927,5,0,0.690,2,36.235,995.654,1.000,0.358,2.249,0.875,0.409,0.399,0.197,0.803,0.519,0.650
798,26.600,19.000,0.000,13.169,0.000,1,1,0,0.000,2.188,5,0,0.724,2,55.462,737.457,1.000,0.358,1.925,0.852,0.219,0.219,0.163,0.837,0.586,0.350
801,26.700,6.083,0.000,-12.917,0.000,1,1,0,0.000,1.817,5,0,0.724,2,90.609,829.844,1.000,0.369,1.273,0.248,0.066,0.248,0.096,0.904,0.540,0.580
804,26.800,202.094,0.000,189.564,0.000,2,1,0,202.094,1.263,5,0,0.724,4,62.169,967.987,1.000,0.369,1.394,0.104,0.072,0.133,0.119,0.881,0.892,0.650
807,26.900,209.612,42.012,7.518,32.112,2,1,1,204.883,2.594,5,0,0.759,4,81.056,1062.420,1.000,0.379,1.860,0.342,0.342,0.285,0.081,0.919,0.887,0.500
810,27.000,0.000,8.544,0.000,-33.468,1,0,1,0.000,2.743,5,0,0.759,2,5.000,857.344,1.000,0.379,1.737,0.774,0.616,0.547,0.144,0.856,0.529,0.650
813,27.100,0.000,1.000,0.000,-7.544,1,0,1,0.000,2.412,5,0,0.759,2,4.472,876.957,1.000,0.389,2.017,0.441,0.766,0.800,0.154,0.846,0.517,0.580
816,27.200,0.000,8.944,0.000,7.944,1,0,1,0.000,2.276,5,0,0.793,2,63.000,952.230,1.000,0.399,2.447,0.705,0.943,0.269,0.176,0.824,0.554,0.580
819,27.300,0.000,3.606,0.000,-5.339,1,0,1,0.000,2.023,5,0,0.793,2,32.311,795.179,1.000,0.399,2.104,0.633,0.664,0.923,0.164,0.836,0.520,0.580
822,27.400,0.000,4.123,0.000,0.518,1,0,1,0.000,1.982,5,0,0.793,1,3.000,821.788,1.000,0.408,1.856,0.936,0.356,0.343,0.174,0.826,0.460,0.580
825,27.500,0.000,3.162,0.000,-0.961,1,0,1,0.000,1.661,5,0,0.828,2,38.013,810.188,1.000,0.417,3.062,0.813,0.497,0.163,0.195,0.805,0.529,0.580
828,27.600,0.000,7.616,0.000,4.453,1,0,1,0.000,1.573,5,0,0.828,2,0.000,558.960,1.000,0.417,2.590,0.700,0.628,0.378,0.174,0.826,0.550,0.580
831,27.700,0.000,1.414,0.000,-6.202,1,0,1,0.000,1.540,5,0,0.828,2,0.000,426.145,1.000,0.426,3.267,0.870,0.933,0.475,0.213,0.787,0.521,0.580
834,27.800,0.000,4.123,0.000,2.709,1,0,1,0.000,1.511,5,0,0.862,2,29.614,375.534,1.000,0.426,2.336,0.934,1.168,0.139,0.191,0.809,0.508,0.580
837,27.900,0.000,3.162,0.000,-0.961,1,0,1,0.000,1.537,5,0,0.862,2,61.984,425.578,1.000,0.435,2.117,0.963,1.126,0.028,0.185,0.815,0.495,0.580
840,28.000,0.000,1.414,0.000,-1.748,1,0,1,0.000,1.421,5,0,0.862,2,0.000,340.339,1.000,0.435,1.958,0.939,1.079,0.190,0.183,0.817,0.483,0.580
843,28.100,0.000,1.414,0.000,0.000,1,0,1,0.000,1.290,5,0,0.897,2,0.000,298.988,1.000,0.444,1.938,0.888,0.999,0.034,0.176,0.824,0.486,0.580
846,28.200,0.000,5.000,0.000,3.586,1,0,1,0.000,0.958,5,0,0.897,2,0.000,207.238,1.000,0.444,2.498,0.970,0.891,0.005,0.193,0.807,0.514,0.580
849,28.300,0.000,5.831,0.000,0.831,1,0,1,0.000,0.935,5,0,0.897,2,30.083,227.755,1.000,0.444,2.243,0.923,0.684,0.022,0.190,0.810,0.516,0.580
852,28.400,0.000,4.000,0.000,-1.831,1,0,1,0.000,0.817,5,0,0.931,2,1.000,223.244,1.000,0.453,2.086,0.906,0.498,0.309,0.174,0.826,0.503,0.580
855,28.500,0.000,5.831,0.000,1.831,1,0,1,0.000,0.736,4,1,0.897,2,34.205,174.725,1.000,0.453,3.391,0.945,0.365,0.177,0.208,0.792,0.561,0.750
858,28.600,0.000,7.071,0.000,1.240,1,0,1,0.000,0.460,4,0,0.897,2,0.000,177.774,1.000,0.462,2.340,0.921,0.161,0.351,0.171,0.829,0.543,0.580
861,28.700,226.374,0.000,16.762,0.000,1,1,0,0.000,1.646,4,0,0.931,2,35.847,195.640,1.000,0.462,1.783,0.936,0.087,0.407,0.165,0.835,0.739,0.500
864,28.800,0.000,4.123,0.000,-2.948,1,0,1,0.000,0.402,5,1,0.897,2,2.236,198.690,1.000,0.470,1.557,0.876,0.155,0.054,0.160,0.840,0.493,0.750
867,28.900,0.000,4.000,0.000,-0.123,1,0,1,0.000,0.295,5,0,0.897,2,36.497,185.304,1.000,0.470,1.642,0.792,0.232,0.216,0.152,0.848,0.500,0.580
870,29.000,0.000,2.236,0.000,-1.764,1,0,1,0.000,0.433,5,0,0.931,2,0.000,130.919,1.000,0.479,1.604,0.861,0.158,0.193,0.156,0.844,0.484,0.580
873,29.100,0.000,9.220,0.000,6.983,1,0,1,0.000,0.562,4,1,0.897,2,66.189,203.010,1.000,0.479,1.875,0.730,0.204,0.258,0.162,0.838,0.557,0.750
876,29.200,0.000,8.544,0.000,-0.676,1,0,1,0.000,0.557,4,0,0.897,2,4.123,244.368,1.000,0.487,2.657,0.568,0.119,0.899,0.155,0.845,0.584,0.580
879,29.300,0.000,13.416,0.000,4.872,1,0,1,0.000,0.503,4,0,0.897,2,45.310,317.040,1.000,0.487,3.812,0.127,0.049,0.304,0.119,0.881,0.671,0.580
882,29.400,0.000,10.050,0.000,-3.367,1,0,1,0.000,0.481,4,0,0.897,3,8.062,352.999,1.000,0.479,2.181,0.333,0.104,0.756,0.139,0.861,0.642,0.580
885,29.500,0.000,9.220,0.000,-0.830,1,0,1,0.000,0.526,4,0,0.897,3,0.000,403.975,1.000,0.479,2.024,0.635,0.168,2.366,0.164,0.836,0.612,0.580
888,29.600,0.000,12.806,0.000,3.587,1,0,1,0.000,0.537,4,0,0.897,3,87.361,543.894,1.000,0.479,2.779,0.861,0.213,0.884,0.187,0.813,0.635,0.580
891,29.700,0.000,10.296,0.000,-2.511,1,0,1,0.000,0.555,4,0,0.897,3,0.000,549.688,1.000,0.487,3.550,0.904,0.318,0.033,0.206,0.794,0.638,0.580
894,29.800,0.000,8.602,0.000,-1.693,1,0,1,0.000,0.472,4,0,0.897,3,0.000,485.419,1.000,0.479,2.732,0.883,0.324,0.150,0.182,0.818,0.609,0.580
897,29.900,0.000,8.246,0.000,-0.356,1,0,1,0.000,0.372,4,0,0.897,3,0.000,473.670,1.000,0.479,2.455,0.546,0.308,0.221,0.172,0.828,0.624,0.580
900,30.000,0.000,5.000,0.000,-3.246,1,0,1,0.000,0.636,4,0,0.897,3,0.000,384.705,1.000,0.470,2.437,0.686,0.339,0.036,0.164,0.836,0.596,0.580
903,30.100,0.000,350.721,0.000,339.721,2,0,1,350.721,1.208,4,0,0.897,5,115.551,699.429,1.000,0.453,4.714,0.876,0.068,2.536,0.210,0.790,0.956,0.650
906,30.200,218.406,369.640,-7.968,18.920,2,1,1,325.923,1.809,4,0,0.897,5,217.187,1421.858,1.000,0.444,4.861,0.645,0.225,0.021,0.209,0.791,0.976,0.750
909,30.300,36.401,13.892,-182.005,-355.748,2,1,1,323.067,1.871,5,1,0.862,6,96.047,1977.888,1.000,0.426,5.610,0.757,0.724,2.857,0.226,0.774,0.940,0.750
912,30.400,4.123,6.708,-32.277,-7.184,2,1,1,325.779,1.719,5,0,0.862,6,0.000,2846.165,1.000,0.408,6.896,0.823,1.254,2.733,0.224,0.776,0.802,0.580
915,30.500,3.000,12.042,-1.123,5.333,2,1,1,334.524,1.728,5,0,0.862,6,83.096,3324.868,1.000,0.389,8.255,0.795,1.891,2.643,0.232,0.768,0.861,0.700
918,30.600,15.652,10.000,12.652,-2.042,2,1,1,344.205,1.784,4,1,0.828,5,15.652,3546.009,1.000,0.369,10.548,0.828,2.948,0.001,0.246,0.754,0.879,0.750
921,30.700,25.239,34.785,9.586,24.785,2,1,1,392.719,1.818,4,0,0.828,5,273.046,4497.519,1.000,0.358,13.215,0.580,4.150,2.655,0.256,0.744,1.000,0.750
924,30.800,21.095,70.349,-4.144,35.564,2,1,1,441.130,1.679,4,0,0.828,5,37.336,5190.639,1.000,0.347,15.557,0.758,6.356,2.931,0.240,0.760,1.000,0.700
927,30.900,9.434,21.587,-11.661,-48.762,2,1,1,429.708,1.498,3,1,0.793,4,37.336,5190.639,1.000,0.347,13.827,0.205,5.810,1.981,0.215,0.785,0.856,0.750
930,31.000,24.739,61.400,15.305,39.813,2,1,1,440.242,1.519,3,0,0.793,4,37.336,5190.639,1.000,0.336,12.265,0.160,7.055,0.425,0.202,0.798,0.989,0.700
933,31.100,0.000,19.105,0.000,-42.295,1,0,1,0.000,0.412,3,0,0.793,2,37.336,5190.639,1.000,0.347,11.487,0.194,8.168,0.453,0.191,0.809,0.733,0.700
936,31.200,0.000,24.021,0.000,4.916,1,0,1,0.000,0.582,3,0,0.793,2,37.336,5190.639,1.000,0.347,12.745,0.390,8.898,0.041,0.186,0.814,0.746,0.700
939,31.300,0.000,48.826,0.000,24.805,1,0,1,0.000,0.649,3,0,0.793,2,37.336,5190.639,1.000,0.347,14.854,0.557,8.749,2.837,0.232,0.768,0.851,0.700
942,31.400,581.179,0.000,50.660,0.000,2,1,0,581.179,1.761,3,0,0.828,3,317.456,5617.887,1.000,0.347,16.441,0.731,9.787,0.099,0.258,0.742,0.949,0.750
945,31.500,557.164,0.000,-24.015,0.000,1,1,0,0.000,2.123,5,1,0.793,3,317.456,5617.887,1.000,0.358,14.247,0.891,11.151,0.006,0.247,0.753,0.916,0.750
948,31.600,57.559,0.000,-499.606,0.000,1,1,0,0.000,2.368,5,0,0.793,3,317.456,5617.887,1.000,0.358,9.642,0.934,13.291,0.134,0.254,0.746,0.913,0.750
951,31.700,13.892,0.000,-43.666,0.000,1,1,0,0.000,2.270,5,0,0.828,3,317.456,5617.887,1.000,0.369,3.005,0.793,10.082,0.697,0.210,0.790,0.625,0.750
954,31.800,21.633,0.000,7.741,0.000,1,1,0,0.000,2.209,6,1,0.793,4,317.456,5617.887,1.000,0.369,8.754,0.328,8.284,0.460,0.230,0.770,0.837,0.750
957,31.900,0.000,98.489,0.000,49.662,1,0,1,0.000,0.868,6,0,0.793,4,317.456,5617.887,1.000,0.369,13.628,0.455,7.027,0.933,0.252,0.748,0.958,0.750
960,32.000,0.000,516.236,0.000,473.716,2,0,1,516.236,0.942,6,0,0.828,6,0.000,7030.087,1.000,0.369,14.223,0.365,5.744,1.466,0.245,0.755,1.000,0.700
963,32.100,0.000,482.495,0.000,-33.742,1,0,1,0.000,1.173,4,1,0.793,3,0.000,7030.087,1.000,0.379,15.543,0.371,4.597,0.134,0.248,0.752,0.979,0.750
966,32.200,0.000,26.000,0.000,-456.495,1,0,1,0.000,1.425,4,0,0.793,3,0.000,7030.087,1.000,0.379,19.257,0.616,3.404,1.838,0.260,0.740,0.856,0.700
969,32.300,0.000,2.828,0.000,-23.172,1,0,1,0.000,1.551,4,0,0.793,3,0.000,7030.087,1.000,0.389,11.543,0.916,2.466,1.992,0.265,0.735,0.707,0.700
972,32.400,0.000,543.843,0.000,521.752,2,0,1,543.843,1.706,5,1,0.759,6,0.000,7030.087,1.000,0.379,15.612,0.973,1.674,0.254,0.267,0.733,1.000,0.750
975,32.500,0.000,561.778,0.000,-0.383,2,0,1,561.778,2.110,5,0,0.759,6,0.000,7030.087,1.000,0.379,14.921,0.968,1.406,0.032,0.305,0.695,1.000,0.700
978,32.600,0.000,581.326,0.000,19.549,1,0,1,0.000,2.416,5,0,0.759,3,0.000,7030.087,1.000,0.379,12.279,0.958,1.285,0.002,0.290,0.710,0.911,0.650
981,32.700,0.000,7.810,0.000,-573.516,1,0,1,0.000,2.119,6,1,0.724,4,0.000,7030.087,1.000,0.379,7.892,0.821,1.183,0.010,0.275,0.725,0.723,0.750
984,32.800,0.000,15.811,0.000,8.001,1,0,1,0.000,2.091,6,0,0.724,4,0.000,7030.087,1.000,0.369,7.941,0.658,0.973,1.282,0.273,0.727,0.780,0.580
987,32.900,577.014,5.099,555.381,-10.712,2,1,1,558.488,2.191,6,0,0.724,6,264.282,7343.199,1.000,0.358,5.869,0.774,0.688,1.902,0.273,0.727,0.993,0.750
990,33.000,103.832,10.817,-473.182,5.718,2,1,1,488.026,2.399,5,1,0.690,6,98.270,7220.664,1.000,0.347,4.079,0.787,0.319,1.820,0.245,0.755,0.947,0.750
993,33.100,48.166,0.000,-55.665,0.000,1,1,0,0.000,2.040,5,0,0.690,4,0.000,6596.589,1.000,0.347,7.601,0.731,0.023,0.088,0.270,0.730,0.953,0.650
996,33.200,67.476,0.000,19.310,0.000,1,1,0,0.000,1.688,5,0,0.724,4,0.000,6125.344,1.000,0.347,4.464,0.509,0.158,1.424,0.219,0.781,0.890,0.550
999,33.300,14.318,0.000,-53.158,0.000,1,1,0,0.000,1.409,6,1,0.690,5,0.000,5812.264,1.000,0.347,3.231,0.113,0.088,0.678,0.193,0.807,0.722,0.750
1002,33.400,32.202,0.000,17.885,0.000,1,1,0,0.000,1.365,6,0,0.690,5,0.000,5958.684,1.000,0.347,1.763,0.273,0.259,0.409,0.129,0.871,0.774,0.580
1005,33.500,12.369,91.005,-19.833,80.189,2,1,1,399.846,2.112,6,0,0.724,6,0.000,6010.860,1.000,0.336,2.385,0.545,0.645,1.283,0.186,0.814,0.921,0.650
1008,33.600,13.153,18.358,0.784,-72.648,2,1,1,410.011,2.051,5,1,0.690,6,178.718,4197.694,1.000,0.336,2.239,0.720,1.033,0.214,0.168,0.832,0.758,0.750
1011,33.700,32.388,9.055,19.235,-9.302,2,1,1,433.001,1.905,5,0,0.690,6,0.000,2837.709,1.000,0.336,4.921,0.657,1.385,1.149,0.202,0.798,0.907,0.580
1014,33.800,510.251,0.000,449.836,0.000,2,1,0,510.251,1.341,5,0,0.724,6,0.000,2837.709,1.000,0.324,4.533,0.701,1.606,1.228,0.261,0.739,0.964,0.700
1017,33.900,514.709,0.000,-30.153,0.000,2,1,0,514.709,1.984,6,1,0.690,6,0.000,2837.709,1.000,0.311,5.078,0.779,1.681,1.583,0.255,0.745,0.972,0.750
1020,34.000,513.282,0.000,-1.427,0.000,1,1,0,0.000,2.034,6,0,0.690,5,0.000,2837.709,1.000,0.324,3.671,0.736,1.876,1.617,0.243,0.757,0.860,0.700
1023,34.100,0.000,517.421,0.000,508.366,1,0,1,0.000,1.539,6,0,0.690,5,0.000,2837.709,1.000,0.324,3.751,0.845,2.109,0.201,0.230,0.770,0.855,0.700
1026,34.200,5.657,0.000,-507.625,0.000,1,1,0,0.000,2.276,5,1,0.655,4,95.525,1904.919,1.000,0.324,1.984,0.469,2.286,0.434,0.178,0.822,0.612,0.750
1029,34.300,7.211,0.000,1.554,0.000,1,1,0,0.000,2.290,5,0,0.655,3,95.525,1904.919,1.000,0.324,1.539,0.802,2.175,1.634,0.159,0.841,0.550,0.700
1032,34.400,0.000,33.615,0.000,-483.806,1,0,1,0.000,1.528,5,0,0.690,4,95.525,1904.919,1.000,0.324,1.651,0.757,2.095,0.293,0.191,0.809,0.739,0.700
1035,34.500,0.000,20.125,0.000,-13.491,1,0,1,0.000,1.422,4,1,0.655,2,95.525,1904.919,1.000,0.336,1.584,0.887,1.925,0.375,0.197,0.803,0.599,0.750
1038,34.600,0.000,7.071,0.000,-13.054,1,0,1,0.000,1.411,4,0,0.655,3,95.525,1904.919,1.000,0.336,1.707,0.885,1.672,0.230,0.210,0.790,0.575,0.700
1041,34.700,0.000,9.899,0.000,2.828,1,0,1,0.000,1.509,4,0,0.690,2,95.525,1904.919,1.000,0.347,2.546,0.903,1.704,0.975,0.237,0.763,0.565,0.700
1044,34.800,0.000,0.000,0.000,0.000,0,0,0,0.000,0.000,4,0,0.690,0,95.525,1904.919,0.967,0.347,1.917,0.829,1.813,0.724,0.214,0.786,0.276,0.700
1047,34.900,411.254,0.000,404.043,0.000,1,1,0,0.000,2.234,4,0,0.690,3,95.525,1904.919,0.967,0.339,2.549,0.937,1.614,0.627,0.240,0.760,0.799,0.700
1050,35.000,0.000,470.511,0.000,460.612,1,0,1,0.000,1.746,4,0,0.724,3,95.525,1904.919,0.967,0.350,2.334,0.952,1.332,1.058,0.237,0.763,0.793,0.531
1053,35.100,7.280,0.000,-403.974,0.000,1,1,0,0.000,2.401,5,1,0.690,4,324.234,3717.545,0.967,0.350,0.705,0.329,1.147,2.181,0.082,0.918,0.595,0.750
1056,35.200,0.000,10.000,0.000,-460.511,1,0,1,0.000,1.746,5,0,0.690,4,324.234,3717.545,0.967,0.350,2.583,0.927,1.013,1.740,0.231,0.769,0.615,0.750
1059,35.300,3.000,0.000,-4.280,0.000,1,1,0,0.000,2.425,5,0,0.724,4,324.234,3717.545,0.967,0.360,1.579,0.706,1.034,0.198,0.174,0.826,0.567,0.750
1062,35.400,5.831,0.000,2.831,0.000,1,1,0,0.000,2.106,5,0,0.724,4,11.045,5527.938,0.967,0.360,0.960,0.668,1.001,3.045,0.098,0.902,0.570,0.580
1065,35.500,22.561,0.000,16.730,0.000,1,1,0,0.000,1.757,5,0,0.724,4,137.277,5960.324,0.967,0.360,1.237,0.782,1.083,1.362,0.154,0.846,0.662,0.750
1068,35.600,2.236,0.000,-20.325,0.000,1,1,0,0.000,1.477,5,0,0.759,4,137.277,5960.324,0.967,0.371,2.325,0.893,1.225,2.298,0.177,0.823,0.568,0.750
1071,35.700,0.000,61.555,0.000,51.555,1,0,1,0.000,1.879,4,1,0.724,3,137.277,5960.324,0.967,0.371,3.795,0.868,1.467,1.666,0.220,0.780,0.835,0.750
1074,35.800,0.000,33.302,0.000,-28.253,1,0,1,0.000,2.053,4,0,0.724,3,115.879,7031.798,0.967,0.381,1.450,0.853,1.270,1.805,0.180,0.820,0.713,0.644
1077,35.900,0.000,37.643,0.000,4.341,1,0,1,0.000,2.027,4,0,0.759,3,87.573,8267.094,0.967,0.381,1.521,0.717,1.150,0.345,0.158,0.842,0.748,0.580
1080,36.000,0.000,21.213,0.000,-16.430,1,0,1,0.000,2.276,6,1,0.724,5,25.962,8985.675,0.967,0.381,2.074,0.848,0.993,2.952,0.146,0.854,0.676,0.750
1083,36.100,0.000,57.775,0.000,36.562,1,0,1,0.000,2.167,6,0,0.724,5,128.390,8849.124,0.967,0.371,2.943,0.838,0.838,1.054,0.170,0.830,0.831,0.713
1086,36.200,0.000,50.636,0.000,-7.139,1,0,1,0.000,1.806,6,0,0.759,5,24.083,7653.619,0.967,0.371,2.942,0.553,0.726,2.837,0.148,0.852,0.851,0.580
1089,36.300,0.000,19.105,0.000,-31.531,1,0,1,0.000,1.568,5,1,0.724,4,60.108,6462.559,0.967,0.360,2.117,0.735,0.637,0.722,0.182,0.818,0.668,0.750
1092,36.400,0.000,401.787,0.000,396.787,2,0,1,401.787,1.031,5,0,0.724,6,159.176,5036.849,0.967,0.358,1.267,0.871,0.547,3.092,0.185,0.815,0.867,0.750
1095,36.500,0.000,426.920,0.000,13.190,2,0,1,426.920,1.562,5,0,0.759,6,80.498,2441.039,0.967,0.347,1.255,0.801,0.673,2.206,0.121,0.879,0.871,0.550
1098,36.600,0.000,426.808,0.000,-16.762,2,0,1,426.808,1.846,4,1,0.724,5,109.659,2365.319,0.967,0.347,1.298,0.539,0.729,0.409,0.098,0.902,0.891,0.750
1101,36.700,0.000,470.568,0.000,20.863,2,0,1,470.568,2.521,4,0,0.724,5,36.056,2579.665,0.967,0.347,2.555,0.844,0.564,0.274,0.179,0.821,0.901,0.350
1104,36.800,0.000,464.663,0.000,-14.040,2,0,1,464.663,3.129,4,0,0.759,5,36.056,2579.665,0.967,0.347,3.073,0.783,0.501,1.284,0.165,0.835,0.918,0.350
1107,36.900,0.000,475.857,0.000,11.938,2,0,1,475.857,3.123,4,0,0.759,5,51.010,2886.914,0.967,0.336,1.436,0.843,0.273,0.069,0.156,0.844,0.873,0.350
1110,37.000,435.986,458.939,433.750,-16.918,2,1,1,425.462,3.123,4,0,0.759,6,282.392,3938.718,0.967,0.324,1.641,0.964,0.018,0.759,0.199,0.801,0.870,0.750
1113,37.100,0.000,471.832,0.000,463.832,2,0,1,471.832,2.735,4,0,0.793,5,231.234,3957.824,0.967,0.324,1.688,0.935,0.278,0.056,0.199,0.801,0.873,0.750
1116,37.200,23.537,471.154,-412.449,-0.678,2,1,1,455.887,2.732,4,0,0.793,5,231.234,3957.824,0.967,0.324,1.987,0.811,0.457,0.000,0.203,0.797,0.889,0.750
1119,37.300,7.211,0.000,-16.326,0.000,1,1,0,0.000,1.429,4,0,0.793,3,225.304,4439.167,0.967,0.324,2.593,0.854,0.021,0.438,0.202,0.798,0.596,0.750
1122,37.400,43.566,0.000,36.355,0.000,1,1,0,0.000,1.430,4,0,0.828,3,225.304,4439.167,0.967,0.336,2.103,0.188,0.130,2.281,0.119,0.881,0.832,0.750
1125,37.500,25.710,406.498,-17.856,-64.655,2,1,1,13.000,2.715,5,1,0.793,6,225.304,4439.167,0.967,0.324,3.127,0.460,0.192,0.372,0.167,0.833,0.942,0.750
1128,37.600,17.000,0.000,-8.710,0.000,1,1,0,0.000,1.194,5,0,0.793,4,225.304,4439.167,0.967,0.336,3.105,0.673,0.243,0.045,0.218,0.782,0.685,0.750
1131,37.700,22.804,0.000,5.804,0.000,1,1,0,0.000,1.323,5,0,0.793,4,225.304,4439.167,0.967,0.336,2.453,0.595,0.141,2.285,0.204,0.796,0.706,0.750
1134,37.800,6.403,0.000,-16.400,0.000,1,1,0,0.000,1.358,4,1,0.759,3,225.304,4439.167,1.000,0.347,1.985,0.548,0.065,2.263,0.184,0.816,0.602,0.750
1137,37.900,12.042,0.000,5.638,0.000,1,1,0,0.000,1.125,4,0,0.759,3,225.304,4439.167,1.000,0.347,1.093,0.711,0.037,0.381,0.098,0.902,0.599,0.750
1140,38.000,0.000,0.000,0.000,0.000,0,0,0,0.000,0.000,4,0,0.793,0,225.304,4439.167,0.967,0.347,1.061,0.697,0.126,0.044,0.077,0.923,0.264,0.750
1143,38.100,0.000,0.000,0.000,0.000,0,0,0,0.000,0.000,5,1,0.759,0,225.304,4439.167,0.933,0.347,0.915,0.254,0.195,0.064,0.091,0.909,0.287,0.750
1146,38.200,0.000,0.000,0.000,0.000,0,0,0,0.000,0.000,5,0,0.759,0,225.304,4439.167,0.900,0.347,1.111,0.393,0.124,0.898,0.123,0.877,0.278,0.750
1149,38.300,0.000,0.000,0.000,0.000,0,0,0,0.000,0.000,5,0,0.759,0,225.304,4439.167,0.867,0.347,1.329,0.478,0.005,0.036,0.150,0.850,0.274,0.750
1152,38.400,0.000,0.000,0.000,0.000,0,0,0,0.000,0.000,5,0,0.759,0,225.304,4439.167,0.833,0.347,1.793,0.461,0.256,0.547,0.166,0.834,0.283,0.750
1155,38.500,0.000,0.000,0.000,0.000,0,0,0,0.000,0.000,5,0,0.759,0,225.304,4439.167,0.800,0.347,3.955,0.582,0.277,1.335,0.217,0.783,0.324,0.750
1158,38.600,0.000,0.000,0.000,0.000,0,0,0,0.000,0.000,5,0,0.793,0,225.304,4439.167,0.767,0.347,3.297,0.285,0.120,0.486,0.181,0.819,0.325,0.750
1161,38.700,75.326,0.000,63.284,0.000,1,1,0,0.000,1.489,5,0,0.793,4,225.304,4439.167,0.767,0.238,2.928,0.669,0.073,1.930,0.186,0.814,0.812,0.750
1164,38.800,35.128,476.593,-40.198,70.095,2,1,1,526.275,2.708,5,0,0.793,6,225.304,4439.167,0.767,0.238,3.806,0.759,0.384,0.057,0.200,0.800,0.914,0.750
1167,38.900,28.160,33.061,-6.968,-443.533,2,1,1,498.932,2.685,5,0,0.828,6,49.041,5175.700,0.767,0.238,3.728,0.831,0.389,0.732,0.211,0.789,0.841,0.580
1170,39.000,4.123,42.485,-24.037,9.425,2,1,1,453.565,2.360,5,0,0.828,6,6.403,5744.329,0.767,0.238,3.039,0.808,0.511,0.005,0.210,0.790,0.877,0.580
1173,39.100,1.000,25.554,-3.123,-16.931,2,1,1,429.144,1.977,5,0,0.828,6,150.748,6182.038,0.767,0.238,2.681,0.852,0.355,0.673,0.214,0.786,0.771,0.750
1176,39.200,1.000,4.472,0.000,-21.082,2,1,1,425.208,1.997,5,0,0.862,6,169.009,7033.329,0.767,0.230,1.655,0.890,0.291,0.133,0.191,0.809,0.626,0.750
1179,39.300,5.099,7.211,4.099,2.739,2,1,1,422.052,1.672,5,0,0.862,6,167.475,7357.864,0.767,0.221,1.141,0.889,0.272,0.939,0.154,0.846,0.628,0.750
1182,39.400,2.236,3.606,-2.863,-3.606,2,1,1,418.187,1.387,5,0,0.862,6,0.000,5452.674,0.767,0.221,0.828,0.852,0.199,0.332,0.138,0.862,0.603,0.580
1185,39.500,2.236,2.236,0.000,-1.369,2,1,1,415.235,1.293,4,1,0.862,6,0.000,4100.444,0.767,0.221,0.417,0.859,0.185,0.203,0.067,0.933,0.585,0.750
1188,39.600,1.414,4.123,-0.822,1.887,2,1,1,412.554,1.356,4,0,0.862,6,0.000,3382.419,0.767,0.211,0.673,0.802,0.137,0.104,0.105,0.895,0.606,0.580
1191,39.700,2.236,1.000,0.822,-3.123,2,1,1,413.048,1.488,4,0,0.862,6,0.000,2542.237,0.767,0.298,0.191,0.687,0.144,2.342,0.030,0.970,0.591,0.580
1194,39.800,3.162,2.000,0.926,1.000,2,1,1,409.401,1.710,4,0,0.862,6,0.000,1986.575,0.767,0.298,0.308,0.674,0.186,0.486,0.058,0.942,0.600,0.580
1197,39.900,1.414,2.828,-1.748,0.828,2,1,1,409.176,1.879,4,0,0.862,6,0.000,1977.675,0.767,0.298,0.548,0.874,0.268,0.105,0.099,0.901,0.590,0.580
1200,40.000,7.211,2.828,5.797,0.000,2,1,1,402.369,2.051,5,1,0.828,6,0.000,1952.944,0.767,0.298,0.937,0.899,0.117,0.226,0.149,0.851,0.623,0.750
1203,40.100,18.974,2.236,11.763,-0.592,2,1,1,390.702,1.863,5,0,0.828,6,0.000,1811.469,0.767,0.298,1.749,0.879,0.319,0.240,0.168,0.832,0.710,0.580
1206,40.200,47.434,3.000,28.460,0.764,2,1,1,347.869,1.861,5,0,0.828,6,0.000,1541.209,0.767,0.298,2.266,0.841,0.532,0.801,0.162,0.838,0.870,0.450
1209,40.300,56.321,2.236,8.886,-0.764,2,1,1,290.765,1.624,5,0,0.828,6,0.000,1227.759,0.767,0.298,1.724,0.506,0.635,0.768,0.115,0.885,0.880,0.350
1212,40.400,16.279,1.414,-40.042,-0.822,2,1,1,276.212,1.446,5,0,0.862,6,0.000,505.550,0.767,0.298,2.153,0.790,0.801,0.829,0.155,0.845,0.711,0.580
1215,40.500,4.123,4.472,-12.156,3.058,2,1,1,268.466,1.344,5,0,0.862,6,0.000,209.814,0.767,0.298,1.481,0.898,0.954,2.055,0.166,0.834,0.621,0.580
1218,40.600,2.000,2.000,-2.123,-2.472,2,1,1,270.130,1.455,4,1,0.828,6,0.000,154.069,0.767,0.298,0.719,0.807,1.049,1.291,0.099,0.901,0.595,0.750
1221,40.700,3.606,1.000,1.606,-1.000,2,1,1,272.738,1.553,4,0,0.862,6,0.000,174.439,0.767,0.298,0.682,0.895,1.160,0.246,0.097,0.903,0.596,0.580
1224,40.800,3.606,1.000,0.000,0.000,2,1,1,275.224,1.749,4,0,0.862,6,0.000,185.580,0.767,0.298,0.640,0.790,1.157,0.133,0.098,0.902,0.603,0.580
1227,40.900,2.828,0.000,-0.777,-1.000,2,1,1,272.947,1.953,4,0,0.862,6,0.000,186.139,0.767,0.298,0.863,0.807,1.098,0.042,0.134,0.866,0.603,0.580
1230,41.000,4.472,2.236,1.644,2.236,2,1,1,276.212,2.094,5,1,0.862,6,0.000,193.279,0.800,0.298,0.826,0.726,1.061,0.583,0.149,0.851,0.621,0.750
1233,41.100,2.236,2.000,-2.236,-0.236,2,1,1,276.062,1.833,4,1,0.828,4,0.000,193.074,0.833,0.311,0.974,0.887,0.952,0.163,0.154,0.846,0.605,0.750
1236,41.200,1.414,4.472,-0.822,2.472,2,1,1,278.604,1.702,3,1,0.793,4,0.000,183.974,0.867,0.311,1.057,0.881,0.907,0.162,0.156,0.844,0.624,0.750
1239,41.300,9.220,2.828,7.805,-1.644,2,1,1,286.100,1.929,4,1,0.759,5,0.000,186.275,0.900,0.311,1.201,0.868,0.762,0.072,0.170,0.830,0.659,0.750
1242,41.400,40.162,5.385,30.943,2.557,2,1,1,317.517,1.832,5,1,0.724,6,0.000,259.244,0.933,0.311,1.474,0.813,0.629,0.552,0.151,0.849,0.845,0.750
1245,41.500,53.160,4.472,12.998,-0.913,2,1,1,371.383,1.590,5,0,0.724,6,0.000,219.344,0.967,0.311,2.152,0.155,0.502,2.459,0.118,0.882,0.939,0.550
1248,41.600,27.019,5.000,-26.142,0.528,2,1,1,398.018,1.541,5,0,0.724,6,0.000,512.839,1.000,0.311,2.736,0.756,0.319,1.957,0.208,0.792,0.816,0.550
1251,41.700,5.000,0.000,-22.019,-5.000,2,1,1,401.508,1.541,3,1,0.690,4,0.000,769.308,1.000,0.324,1.062,0.831,0.199,0.495,0.172,0.828,0.646,0.750
1254,41.800,1.000,5.099,-4.000,5.099,2,1,1,401.138,1.541,4,1,0.655,4,0.000,1001.714,1.000,0.324,0.601,0.667,0.236,1.284,0.091,0.909,0.647,0.750
1257,41.900,1.000,2.236,0.000,-2.863,2,1,1,401.968,1.836,3,1,0.621,4,0.000,1172.024,1.000,0.324,0.757,0.687,0.209,0.970,0.135,0.865,0.633,0.750
1260,42.000,3.162,2.828,2.162,0.592,2,1,1,402.800,2.074,5,1,0.586,6,0.000,1341.259,1.000,0.324,0.863,0.828,0.236,0.267,0.131,0.869,0.631,0.750
1263,42.100,1.000,5.000,-2.162,2.172,2,1,1,399.382,2.104,5,0,0.586,6,165.895,1890.767,1.000,0.324,1.543,0.857,0.191,1.563,0.197,0.803,0.656,0.750
1266,42.200,23.345,27.514,22.345,22.514,2,1,1,407.333,2.508,5,0,0.586,6,165.895,1890.767,1.000,0.324,2.851,0.769,0.066,1.714,0.165,0.835,0.820,0.750
1269,42.300,48.765,36.674,25.420,9.161,2,1,1,417.005,2.193,6,1,0.552,6,165.895,1890.767,1.000,0.324,3.084,0.446,0.392,0.037,0.148,0.852,0.946,0.750
1272,42.400,57.009,58.796,8.244,22.122,2,1,1,407.895,1.963,6,0,0.586,6,165.895,1890.767,1.000,0.311,5.312,0.525,0.688,0.148,0.171,0.829,0.996,0.750
1275,42.500,0.000,38.275,0.000,-20.521,1,0,1,0.000,1.737,6,0,0.586,5,0.000,2309.290,1.000,0.324,6.744,0.812,1.141,2.984,0.239,0.761,0.894,0.650
1278,42.600,22.023,25.632,-34.986,-12.643,2,1,1,413.363,1.608,5,1,0.552,6,0.000,2405.299,1.000,0.324,6.888,0.887,1.753,0.263,0.218,0.782,0.902,0.750
1281,42.700,24.413,9.434,2.390,-16.198,2,1,1,425.659,1.830,5,0,0.552,6,0.000,2165.214,1.000,0.324,3.388,0.645,2.372,0.783,0.135,0.865,0.825,0.700
1284,42.800,37.054,13.153,12.641,3.719,2,1,1,409.099,1.564,5,0,0.552,6,0.000,1716.284,1.000,0.311,3.770,0.333,2.726,0.815,0.131,0.869,0.927,0.700
1287,42.900,25.000,4.123,-12.054,-9.030,2,1,1,394.000,1.241,6,0,0.586,6,16.492,1309.944,1.000,0.311,3.486,0.285,3.152,0.380,0.136,0.864,0.856,0.700
1290,43.000,8.246,6.403,-16.754,2.280,2,1,1,386.400,1.009,6,0,0.586,6,28.443,1455.225,1.000,0.311,2.006,0.756,3.444,2.967,0.128,0.872,0.693,0.700
1293,43.100,8.062,4.123,-0.184,-2.280,2,1,1,385.778,0.917,5,1,0.552,6,0.000,1171.684,1.000,0.311,1.404,0.910,3.038,1.153,0.143,0.857,0.666,0.750
1296,43.200,2.236,5.385,-5.826,1.262,2,1,1,384.506,1.035,6,1,0.517,6,37.121,1037.395,1.000,0.311,0.839,0.446,2.347,0.484,0.103,0.897,0.670,0.750
1299,43.300,1.000,9.055,-1.236,3.670,2,1,1,382.753,1.282,6,0,0.517,6,0.000,876.315,1.000,0.311,0.725,0.494,2.606,1.973,0.083,0.917,0.684,0.700
1302,43.400,4.243,14.422,3.243,5.367,2,1,1,377.298,1.538,6,0,0.517,6,35.014,1963.138,1.000,0.311,0.995,0.604,2.681,2.021,0.072,0.928,0.713,0.700
1305,43.500,7.211,13.038,2.968,-1.384,2,1,1,372.048,1.376,5,1,0.517,6,0.000,1849.214,1.000,0.298,2.056,0.907,3.053,1.241,0.162,0.838,0.710,0.750
1308,43.600,2.000,7.211,-5.211,-5.827,2,1,1,364.005,1.323,5,0,0.517,6,0.000,1824.274,1.000,0.298,2.152,0.944,3.277,0.057,0.179,0.821,0.678,0.700
1311,43.700,5.000,1.000,3.000,-6.211,2,1,1,365.067,1.490,5,0,0.517,6,136.418,2311.914,1.000,0.298,1.323,0.855,3.255,0.246,0.150,0.850,0.651,0.750
1314,43.800,43.012,9.849,38.012,8.849,2,1,1,417.173,1.679,5,0,0.517,6,136.418,2311.914,1.000,0.298,2.346,0.677,2.342,0.388,0.129,0.871,0.900,0.750
1317,43.900,41.761,43.081,-1.250,33.232,2,1,1,474.688,1.623,5,0,0.552,6,136.418,2311.914,1.000,0.298,5.055,0.659,1.777,0.202,0.181,0.819,0.970,0.750
1320,44.000,2.236,0.000,-39.525,0.000,1,1,0,0.000,1.447,5,0,0.586,4,136.418,2311.914,1.000,0.311,2.300,0.764,0.904,0.373,0.197,0.803,0.580,0.750
1323,44.100,3.606,44.688,1.369,1.606,2,1,1,448.112,1.177,5,0,0.621,6,136.418,2311.914,1.000,0.311,1.326,0.680,0.245,0.518,0.154,0.846,0.884,0.750
1326,44.200,1.000,8.602,-2.606,-36.085,2,1,1,441.222,1.281,5,0,0.655,6,136.418,2311.914,1.000,0.311,1.113,0.436,0.168,0.659,0.139,0.861,0.695,0.750
1329,44.300,1.000,0.000,0.000,0.000,1,1,0,0.000,1.177,5,0,0.690,3,136.418,2311.914,1.000,0.311,1.710,0.533,0.323,1.487,0.171,0.829,0.539,0.750
1332,44.400,5.099,0.000,4.099,0.000,1,1,0,0.000,1.325,5,0,0.690,3,136.418,2311.914,1.000,0.324,1.418,0.330,0.482,1.626,0.165,0.835,0.569,0.750
1335,44.500,2.236,0.000,-2.863,0.000,1,1,0,0.000,1.488,5,0,0.690,3,136.418,2311.914,1.000,0.324,1.205,0.764,0.629,0.955,0.174,0.826,0.517,0.750
1338,44.600,4.472,0.000,2.236,0.000,1,1,0,0.000,1.411,5,0,0.724,3,136.418,2311.914,1.000,0.336,0.525,0.447,0.650,0.604,0.076,0.924,0.535,0.750
1341,44.700,3.162,0.000,-1.310,0.000,1,1,0,0.000,1.469,6,1,0.724,4,136.418,2311.914,1.000,0.336,0.784,0.729,0.622,1.967,0.129,0.871,0.526,0.750
1344,44.800,2.236,0.000,-0.926,0.000,1,1,0,0.000,1.554,6,0,0.759,4,136.418,2311.914,1.000,0.336,0.797,0.512,0.612,1.102,0.098,0.902,0.537,0.750
1347,44.900,1.414,0.000,-0.822,0.000,1,1,0,0.000,1.645,6,0,0.793,4,136.418,2311.914,1.000,0.347,0.892,0.488,0.616,1.776,0.111,0.889,0.536,0.750
1350,45.000,0.000,0.000,-1.414,0.000,1,1,0,0.000,1.515,6,0,0.793,4,136.418,2311.914,1.000,0.347,0.932,0.768,0.632,0.235,0.129,0.871,0.510,0.750
1353,45.100,4.472,0.000,4.472,0.000,1,1,0,0.000,1.506,6,0,0.793,5,136.418,2311.914,1.000,0.347,1.512,0.852,0.733,1.617,0.192,0.808,0.573,0.750
1356,45.200,4.243,0.000,-0.229,0.000,1,1,0,0.000,1.681,6,0,0.828,4,136.418,2311.914,1.000,0.358,2.021,0.928,0.786,1.484,0.203,0.797,0.549,0.750
1359,45.300,2.236,0.000,-2.007,0.000,1,1,0,0.000,1.255,6,0,0.828,5,136.418,2311.914,1.000,0.358,2.039,0.817,0.691,0.128,0.210,0.790,0.576,0.750
1362,45.400,3.000,0.000,0.764,0.000,1,1,0,0.000,1.285,6,0,0.828,5,136.418,2311.914,1.000,0.358,1.936,0.970,0.674,0.195,0.212,0.788,0.567,0.750
1365,45.500,5.657,0.000,2.657,0.000,1,1,0,0.000,1.285,6,0,0.862,5,136.418,2311.914,1.000,0.358,3.737,0.941,0.779,1.149,0.268,0.732,0.629,0.750
1368,45.600,33.242,0.000,27.585,0.000,1,1,0,0.000,1.378,4,1,0.828,3,136.418,2311.914,1.000,0.358,6.892,0.890,0.681,0.349,0.283,0.717,0.850,0.750
1371,45.700,0.000,0.000,0.000,0.000,0,0,0,0.000,0.000,4,0,0.828,0,136.418,2311.914,0.967,0.358,12.120,0.505,0.316,0.289,0.300,0.700,0.451,0.750
1374,45.800,0.000,0.000,0.000,0.000,0,0,0,0.000,0.000,4,0,0.828,0,136.418,2311.914,0.933,0.358,14.299,0.770,0.431,0.279,0.304,0.696,0.428,0.750
1377,45.900,0.000,0.000,0.000,0.000,0,0,0,0.000,0.000,4,1,0.793,0,136.418,2311.914,0.900,0.358,16.986,0.853,1.363,0.135,0.313,0.687,0.418,0.750
1380,46.000,531.507,0.000,498.266,0.000,1,1,0,0.000,1.506,4,0,0.828,2,136.418,2311.914,0.900,0.321,19.317,0.762,2.632,0.038,0.305,0.695,0.895,0.750
1383,46.100,0.000,71.694,0.000,63.091,1,0,1,0.000,1.602,4,0,0.862,2,136.418,2311.914,0.900,0.332,19.267,0.744,3.848,0.120,0.290,0.710,0.896,0.750
1386,46.200,0.000,21.840,0.000,-49.853,1,0,1,0.000,1.684,4,1,0.828,2,136.418,2311.914,0.900,0.332,15.380,0.817,4.931,0.169,0.266,0.734,0.762,0.750
1389,46.300,0.000,13.038,0.000,-8.802,1,0,1,0.000,1.596,4,0,0.828,2,136.418,2311.914,0.900,0.332,8.249,0.757,5.836,0.158,0.244,0.756,0.717,0.750
1392,46.400,0.000,0.000,0.000,-13.038,1,0,1,0.000,1.460,4,0,0.862,2,136.418,2311.914,0.900,0.341,4.793,0.600,6.323,2.061,0.233,0.767,0.576,0.750
1395,46.500,0.000,6.083,0.000,6.083,1,0,1,0.000,1.633,4,0,0.862,2,136.418,2311.914,0.900,0.341,2.829,0.927,6.546,0.840,0.215,0.785,0.538,0.750
1398,46.600,506.246,0.000,-25.261,0.000,1,1,0,0.000,1.703,4,0,0.862,3,0.000,3269.598,0.900,0.341,11.881,0.088,6.676,0.995,0.527,0.473,0.987,0.777
1401,46.700,0.000,0.000,0.000,0.000,0,0,0,0.000,0.000,4,0,0.862,0,0.000,3269.598,0.867,0.341,18.653,0.491,7.431,0.949,0.296,0.704,0.440,0.700
1404,46.800,0.000,0.000,0.000,0.000,0,0,0,0.000,0.000,3,1,0.828,0,0.000,3269.598,0.833,0.341,16.362,0.442,8.396,0.372,0.278,0.722,0.339,0.750
1407,46.900,0.000,0.000,0.000,0.000,0,0,0,0.000,0.000,3,0,0.828,0,0.000,3269.598,0.800,0.341,18.575,0.360,9.413,0.187,0.283,0.717,0.341,0.700
1410,47.000,0.000,0.000,0.000,0.000,0,0,0,0.000,0.000,3,0,0.828,0,0.000,3269.598,0.767,0.341,19.406,0.237,21.539,0.110,0.284,0.716,0.345,0.700
1413,47.100,0.000,0.000,0.000,0.000,0,0,0,0.000,0.000,5,1,0.793,0,0.000,3269.598,0.733,0.341,20.172,0.313,16.019,0.581,0.281,0.719,0.436,0.750
1416,47.200,0.000,0.000,0.000,0.000,0,0,0,0.000,0.000,5,0,0.793,0,0.000,3269.598,0.700,0.341,18.817,0.230,8.199,0.178,0.269,0.731,0.438,0.700
1419,47.300,0.000,0.000,0.000,0.000,0,0,0,0.000,0.000,5,0,0.793,0,0.000,3269.598,0.667,0.341,14.223,0.314,4.170,2.820,0.253,0.747,0.428,0.700
1422,47.400,0.000,0.000,0.000,0.000,0,0,0,0.000,0.000,4,1,0.759,0,0.000,3269.598,0.633,0.341,12.925,0.909,2.785,0.914,0.253,0.747,0.382,0.750
1425,47.500,0.000,0.000,0.000,0.000,0,0,0,0.000,0.000,4,0,0.759,0,0.000,3269.598,0.600,0.341,11.540,0.860,1.934,0.202,0.279,0.721,0.382,0.700
1428,47.600,0.000,0.000,0.000,0.000,0,0,0,0.000,0.000,4,0,0.793,0,0.000,3269.598,0.567,0.341,9.586,0.718,1.338,0.565,0.265,0.735,0.388,0.580
1431,47.700,0.000,0.000,0.000,0.000,0,0,0,0.000,0.000,3,1,0.759,0,0.000,3269.598,0.533,0.341,11.597,0.806,0.943,1.240,0.235,0.765,0.278,0.750
1434,47.800,0.000,0.000,0.000,0.000,0,0,0,0.000,0.000,3,0,0.759,0,0.000,3269.598,0.500,0.341,9.694,0.599,0.759,0.477,0.200,0.800,0.288,0.580
1437,47.900,0.000,418.384,0.000,412.301,1,0,1,0.000,2.003,3,0,0.759,2,41.677,3380.669,0.500,0.236,16.770,0.896,0.729,0.117,0.206,0.794,0.767,0.650
1440,48.000,0.000,0.000,0.000,0.000,0,0,0,0.000,0.000,4,1,0.724,0,41.677,3380.669,0.467,0.236,15.922,0.657,0.833,0.123,0.217,0.783,0.380,0.750
1443,48.100,0.000,0.000,0.000,0.000,0,0,0,0.000,0.000,4,0,0.724,0,41.677,3380.669,0.433,0.236,15.487,0.712,0.963,0.046,0.211,0.789,0.372,0.580
1446,48.200,0.000,0.000,0.000,0.000,0,0,0,0.000,0.000,4,0,0.724,0,41.677,3380.669,0.400,0.236,14.511,0.451,0.931,0.109,0.220,0.780,0.386,0.580
1449,48.300,0.000,87.801,0.000,-330.583,1,0,1,0.000,1.701,3,1,0.690,2,0.000,3882.769,0.400,0.252,13.246,0.724,0.705,0.013,0.221,0.779,0.767,0.750
1452,48.400,0.000,444.922,0.000,429.658,2,0,1,444.922,1.409,3,0,0.690,3,0.000,1809.119,0.400,0.252,12.314,0.714,0.546,0.027,0.218,0.782,0.878,0.650
1455,48.500,470.956,429.418,-35.290,-15.504,2,1,1,367.441,1.852,3,0,0.724,3,0.000,1917.869,0.400,0.252,8.816,0.718,0.312,0.049,0.199,0.801,0.878,0.500
1458,48.600,0.000,18.788,0.000,-410.630,1,0,1,0.000,1.866,3,0,0.724,2,155.206,2126.608,0.400,0.257,6.499,0.326,0.007,1.666,0.183,0.817,0.612,0.750
1461,48.700,0.000,442.235,0.000,423.447,1,0,1,0.000,1.863,3,0,0.724,2,155.206,2126.608,0.433,0.257,2.925,0.550,0.329,1.791,0.150,0.850,0.657,0.750
1464,48.800,0.000,455.290,0.000,436.502,2,0,1,455.290,1.660,3,0,0.759,4,62.394,2081.964,0.467,0.257,2.865,0.486,0.604,0.836,0.142,0.858,0.774,0.650
1467,48.900,0.000,441.192,0.000,-2.488,2,0,1,441.192,2.016,3,0,0.759,4,31.257,2274.767,0.500,0.262,2.730,0.834,0.743,1.352,0.127,0.873,0.750,0.550
1470,49.000,0.000,439.072,0.000,17.232,2,0,1,439.072,2.355,3,0,0.759,4,40.853,2352.765,0.500,0.262,4.731,0.798,0.819,1.562,0.146,0.854,0.802,0.550
1473,49.100,0.000,477.210,0.000,15.403,2,0,1,477.210,2.745,3,0,0.793,4,49.092,2212.999,0.500,0.262,5.470,0.871,0.822,2.766,0.155,0.845,0.816,0.550
1476,49.200,0.000,520.389,0.000,29.846,2,0,1,520.389,3.121,3,0,0.793,4,72.801,1900.119,0.500,0.262,9.574,0.884,0.761,0.863,0.159,0.841,0.878,0.450
1479,49.300,0.000,61.351,0.000,-459.038,1,0,1,0.000,2.809,3,0,0.793,2,0.000,1794.977,0.500,0.268,7.918,0.521,0.739,0.802,0.174,0.826,0.791,0.650
1482,49.400,0.000,68.359,0.000,7.008,1,0,1,0.000,2.449,3,0,0.793,2,0.000,1794.977,0.500,0.268,7.901,0.661,0.793,0.318,0.175,0.825,0.781,0.350
1485,49.500,0.000,44.011,0.000,-24.348,1,0,1,0.000,2.076,4,1,0.759,2,0.000,1794.977,0.500,0.273,6.682,0.717,1.174,2.590,0.180,0.820,0.811,0.750
1488,49.600,0.000,0.000,0.000,0.000,0,0,0,0.000,0.000,4,0,0.759,0,0.000,1794.977,0.467,0.273,5.361,0.768,1.966,0.299,0.209,0.791,0.306,0.700
1491,49.700,548.023,0.000,77.066,0.000,1,1,0,0.000,1.883,4,0,0.793,2,0.000,1794.977,0.500,0.277,5.435,0.684,2.291,1.731,0.207,0.793,0.788,0.700
1494,49.800,31.623,0.000,-516.400,0.000,1,1,0,0.000,2.079,4,0,0.793,2,77.000,2094.498,0.533,0.282,6.001,0.546,2.469,0.386,0.217,0.783,0.741,0.700
1497,49.900,32.558,0.000,0.935,0.000,1,1,0,0.000,2.120,4,0,0.793,2,0.000,2505.447,0.567,0.273,5.817,0.323,2.546,0.240,0.203,0.797,0.762,0.700
1500,50.000,45.122,0.000,12.564,0.000,1,1,0,0.000,2.073,4,0,0.828,2,0.000,2878.377,0.600,0.273,7.711,0.502,2.633,0.377,0.216,0.784,0.870,0.700
1503,50.100,22.472,0.000,-22.650,0.000,1,1,0,0.000,1.842,6,1,0.793,2,0.000,2763.094,0.633,0.273,7.439,0.548,2.446,0.190,0.212,0.788,0.708,0.750
1506,50.200,33.015,0.000,10.543,0.000,1,1,0,0.000,1.664,6,0,0.793,2,59.076,2810.635,0.667,0.273,8.321,0.559,2.159,0.073,0.194,0.806,0.784,0.700
1509,50.300,30.017,0.000,-2.998,0.000,1,1,0,0.000,1.384,6,0,0.828,2,27.459,2591.417,0.700,0.273,4.751,0.710,1.509,0.426,0.173,0.827,0.680,0.700
1512,50.400,9.849,0.000,-20.168,0.000,1,1,0,0.000,1.162,4,1,0.793,2,72.560,1969.220,0.733,0.273,3.827,0.361,1.100,0.444,0.151,0.849,0.603,0.750
1515,50.500,19.000,0.000,9.151,0.000,1,1,0,0.000,0.831,4,0,0.793,2,54.818,1537.867,0.767,0.273,3.853,0.220,0.833,1.246,0.150,0.850,0.668,0.580
1518,50.600,34.986,0.000,15.986,0.000,1,1,0,0.000,0.724,4,0,0.828,2,49.254,1227.557,0.800,0.396,3.697,0.223,0.718,0.346,0.119,0.881,0.757,0.580
1521,50.700,0.000,0.000,0.000,0.000,0,0,0,0.000,0.000,3,1,0.793,0,49.254,1227.557,0.800,0.396,3.424,0.582,0.668,0.255,0.128,0.872,0.211,0.750
1524,50.800,0.000,0.000,0.000,0.000,0,0,0,0.000,0.000,3,0,0.793,0,49.254,1227.557,0.800,0.396,2.937,0.558,0.728,1.363,0.126,0.874,0.200,0.580
1527,50.900,0.000,0.000,0.000,0.000,0,0,0,0.000,0.000,3,0,0.828,0,49.254,1227.557,0.767,0.396,2.423,0.521,0.770,0.320,0.136,0.864,0.186,0.580
1530,51.000,0.000,0.000,0.000,0.000,0,0,0,0.000,0.000,4,1,0.793,0,49.254,1227.557,0.767,0.396,2.299,0.432,0.791,0.719,0.114,0.886,0.289,0.750
1533,51.100,0.000,0.000,0.000,0.000,0,0,0,0.000,0.000,4,0,0.793,0,49.254,1227.557,0.767,0.396,2.109,0.510,0.792,0.531,0.113,0.887,0.279,0.580
1536,51.200,0.000,0.000,0.000,0.000,0,0,0,0.000,0.000,4,0,0.828,0,49.254,1227.557,0.767,0.396,1.476,0.501,0.768,2.945,0.086,0.914,0.264,0.580
1539,51.300,0.000,0.000,0.000,0.000,0,0,0,0.000,0.000,4,0,0.828,0,49.254,1227.557,0.733,0.396,0.793,0.303,0.785,2.410,0.106,0.894,0.257,0.580
1542,51.400,0.000,0.000,0.000,0.000,0,0,0,0.000,0.000,3,1,0.793,0,49.254,1227.557,0.700,0.396,0.698,0.218,0.890,2.352,0.082,0.918,0.256,0.750
1545,51.500,0.000,0.000,0.000,0.000,0,0,0,0.000,0.000,4,1,0.759,0,49.254,1227.557,0.667,0.396,0.640,0.752,1.088,0.186,0.074,0.926,0.213,0.750
1548,51.600,0.000,0.000,0.000,0.000,0,0,0,0.000,0.000,3,1,0.724,0,49.254,1227.557,0.633,0.396,0.602,0.727,1.344,0.313,0.075,0.925,0.210,0.750
1551,51.700,0.000,0.000,0.000,0.000,0,0,0,0.000,0.000,3,0,0.724,0,49.254,1227.557,0.600,0.396,0.737,0.273,1.583,0.121,0.087,0.913,0.241,0.700
1554,51.800,0.000,0.000,0.000,0.000,0,0,0,0.000,0.000,4,1,0.690,0,49.254,1227.557,0.567,0.396,0.861,0.480,2.116,2.473,0.086,0.914,0.226,0.750
1557,51.900,0.000,0.000,0.000,0.000,0,0,0,0.000,0.000,3,1,0.655,0,49.254,1227.557,0.533,0.396,0.596,0.838,2.561,2.861,0.081,0.919,0.190,0.750
1560,52.000,0.000,0.000,0.000,0.000,0,0,0,0.000,0.000,3,0,0.655,0,49.254,1227.557,0.500,0.396,0.508,0.922,2.977,0.319,0.081,0.919,0.178,0.700
1563,52.100,0.000,0.000,0.000,0.000,0,0,0,0.000,0.000,3,0,0.655,0,49.254,1227.557,0.467,0.396,0.663,0.292,2.935,1.731,0.093,0.907,0.222,0.700
1566,52.200,0.000,0.000,0.000,0.000,0,0,0,0.000,0.000,3,0,0.655,0,49.254,1227.557,0.433,0.396,0.797,0.618,2.779,0.931,0.112,0.888,0.199,0.700
1569,52.300,0.000,0.000,0.000,0.000,0,0,0,0.000,0.000,3,0,0.655,0,49.254,1227.557,0.400,0.396,0.755,0.734,2.805,0.354,0.109,0.891,0.185,0.700
1572,52.400,69.721,0.000,34.735,0.000,1,1,0,0.000,0.655,4,1,0.655,1,5.385,1100.504,0.400,0.244,0.681,0.304,2.606,0.827,0.096,0.904,0.639,0.750
1575,52.500,0.000,0.000,0.000,0.000,0,0,0,0.000,0.000,4,0,0.655,0,5.385,1100.504,0.367,0.244,1.223,0.505,2.403,2.913,0.128,0.872,0.209,0.700
1578,52.600,0.000,101.710,0.000,57.699,1,0,1,0.000,2.009,4,0,0.655,2,0.000,908.559,0.400,0.238,1.126,0.611,2.170,0.194,0.115,0.885,0.673,0.700
1581,52.700,0.000,0.000,0.000,0.000,0,0,0,0.000,0.000,4,0,0.655,0,0.000,908.559,0.367,0.238,2.386,0.804,1.962,0.497,0.144,0.856,0.217,0.700
1584,52.800,0.000,12.369,0.000,-89.341,1,0,1,0.000,1.911,4,0,0.655,1,18.028,862.609,0.367,0.242,1.263,0.611,1.677,1.724,0.125,0.875,0.446,0.700
1587,52.900,0.000,0.000,0.000,0.000,0,0,0,0.000,0.000,4,0,0.655,0,18.028,862.609,0.333,0.242,1.282,0.853,1.409,0.695,0.086,0.914,0.182,0.700
1590,53.000,7.000,0.000,-62.721,0.000,1,1,0,0.000,0.622,4,0,0.690,2,0.000,606.720,0.333,0.250,1.651,0.835,1.189,0.107,0.106,0.894,0.452,0.650
1593,53.100,0.000,0.000,0.000,0.000,0,0,0,0.000,0.000,4,0,0.690,0,0.000,606.720,0.300,0.250,1.087,0.715,1.021,0.268,0.102,0.898,0.183,0.650
1596,53.200,8.485,0.000,1.485,0.000,1,1,0,0.000,0.703,4,0,0.690,1,23.022,498.869,0.300,0.253,0.905,0.496,0.888,0.308,0.086,0.914,0.416,0.650
1599,53.300,0.000,0.000,0.000,0.000,0,0,0,0.000,0.000,4,0,0.724,0,23.022,498.869,0.267,0.253,2.711,0.753,0.902,3.112,0.133,0.867,0.217,0.650
1602,53.400,33.838,0.000,25.353,0.000,1,1,0,0.000,0.768,3,1,0.690,2,0.000,367.234,0.267,0.261,3.395,0.551,0.687,0.834,0.114,0.886,0.586,0.750
1605,53.500,0.000,43.186,0.000,30.816,1,0,1,0.000,1.673,3,0,0.690,2,0.000,363.919,0.267,0.261,1.626,0.567,0.378,0.044,0.145,0.855,0.593,0.580
1608,53.600,0.000,0.000,0.000,0.000,0,0,0,0.000,0.000,3,0,0.724,0,0.000,363.919,0.233,0.261,3.261,0.388,0.138,1.059,0.167,0.833,0.152,0.650
1611,53.700,0.000,0.000,0.000,0.000,0,0,0,0.000,0.000,3,0,0.724,0,0.000,363.919,0.233,0.261,3.680,0.314,0.237,0.360,0.121,0.879,0.168,0.580
1614,53.800,0.000,0.000,0.000,0.000,0,0,0,0.000,0.000,3,0,0.724,0,0.000,363.919,0.233,0.261,6.007,0.069,0.752,1.943,0.165,0.835,0.243,0.580
1617,53.900,0.000,0.000,0.000,0.000,0,0,0,0.000,0.000,3,0,0.759,0,0.000,363.919,0.233,0.261,7.691,0.309,1.688,0.267,0.167,0.833,0.269,0.700
1620,54.000,0.000,0.000,0.000,0.000,0,0,0,0.000,0.000,4,1,0.724,0,0.000,363.919,0.233,0.261,4.839,0.325,3.110,0.291,0.174,0.826,0.296,0.750
1623,54.100,0.000,0.000,0.000,0.000,0,0,0,0.000,0.000,4,0,0.724,0,0.000,363.919,0.233,0.261,5.129,0.569,4.854,1.290,0.146,0.854,0.286,0.700
1626,54.200,0.000,0.000,0.000,0.000,0,0,0,0.000,0.000,4,0,0.724,0,0.000,363.919,0.233,0.261,4.116,0.075,9.043,1.210,0.153,0.847,0.296,0.700
1629,54.300,0.000,0.000,0.000,0.000,0,0,0,0.000,0.000,4,0,0.759,0,0.000,363.919,0.233,0.261,5.502,0.569,5.331,2.079,0.157,0.843,0.296,0.700
1632,54.400,0.000,0.000,0.000,0.000,0,0,0,0.000,0.000,4,0,0.793,0,0.000,363.919,0.233,0.261,3.446,0.500,5.768,0.267,0.164,0.836,0.249,0.700
1635,54.500,0.000,0.000,0.000,0.000,0,0,0,0.000,0.000,4,0,0.828,0,0.000,363.919,0.233,0.261,4.739,0.319,5.924,0.950,0.126,0.874,0.294,0.700
1638,54.600,0.000,0.000,0.000,0.000,0,0,0,0.000,0.000,4,0,0.828,0,0.000,363.919,0.233,0.261,3.053,0.303,5.912,0.021,0.128,0.872,0.253,0.700
1641,54.700,0.000,0.000,0.000,0.000,0,0,0,0.000,0.000,4,0,0.862,0,0.000,363.919,0.233,0.261,2.983,0.249,6.273,0.239,0.130,0.870,0.255,0.700
1644,54.800,57.245,0.000,23.407,0.000,1,1,0,0.000,1.079,4,0,0.897,2,0.000,368.489,0.267,0.268,3.629,0.344,6.617,0.446,0.119,0.881,0.739,0.700
1647,54.900,23.854,0.000,-33.391,0.000,1,1,0,0.000,1.302,3,1,0.862,2,0.000,226.219,0.300,0.268,2.642,0.488,4.889,0.300,0.117,0.883,0.520,0.750
1650,55.000,0.000,0.000,0.000,0.000,0,0,0,0.000,0.000,3,0,0.862,0,0.000,226.219,0.300,0.268,1.988,0.600,3.451,1.282,0.112,0.888,0.114,0.700
1653,55.100,0.000,0.000,0.000,0.000,0,0,0,0.000,0.000,3,0,0.862,0,0.000,226.219,0.300,0.268,1.189,0.788,3.525,0.038,0.097,0.903,0.081,0.700
1656,55.200,0.000,0.000,0.000,0.000,0,0,0,0.000,0.000,2,1,0.828,0,0.000,226.219,0.300,0.268,0.553,0.750,2.794,0.108,0.074,0.926,0.067,0.750
1659,55.300,0.000,0.000,0.000,0.000,0,0,0,0.000,0.000,3,1,0.828,0,0.000,226.219,0.300,0.268,0.627,0.626,2.071,2.963,0.084,0.916,0.078,0.750
1662,55.400,0.000,0.000,0.000,0.000,0,0,0,0.000,0.000,2,1,0.793,0,0.000,226.219,0.267,0.268,0.323,0.733,0.948,0.168,0.051,0.949,0.059,0.750
1665,55.500,0.000,0.000,0.000,0.000,0,0,0,0.000,0.000,2,0,0.793,0,0.000,226.219,0.267,0.268,0.447,0.477,0.191,2.256,0.073,0.927,0.080,0.580
1668,55.600,0.000,0.000,0.000,0.000,0,0,0,0.000,0.000,2,0,0.793,0,0.000,226.219,0.233,0.268,0.503,0.632,0.087,0.480,0.106,0.894,0.066,0.580
1671,55.700,0.000,0.000,0.000,0.000,0,0,0,0.000,0.000,2,0,0.793,0,0.000,226.219,0.233,0.268,0.710,0.616,0.380,0.111,0.108,0.892,0.073,0.580
1674,55.800,0.000,0.000,0.000,0.000,0,0,0,0.000,0.000,3,1,0.759,0,0.000,226.219,0.200,0.268,0.541,0.792,0.554,0.260,0.105,0.895,0.152,0.750
1677,55.900,0.000,0.000,0.000,0.000,0,0,0,0.000,0.000,3,0,0.759,0,0.000,226.219,0.200,0.268,0.659,0.451,0.866,0.213,0.119,0.881,0.179,0.580
1680,56.000,0.000,0.000,0.000,0.000,0,0,0,0.000,0.000,4,1,0.724,0,0.000,226.219,0.167,0.268,0.846,0.628,1.086,1.345,0.118,0.882,0.167,0.750
1683,56.100,0.000,0.000,0.000,0.000,0,0,0,0.000,0.000,3,1,0.690,0,0.000,226.219,0.167,0.268,1.931,0.811,1.383,1.014,0.121,0.879,0.081,0.750
1686,56.200,0.000,0.000,0.000,0.000,0,0,0,0.000,0.000,3,0,0.690,0,0.000,226.219,0.133,0.268,2.324,0.754,1.624,0.050,0.123,0.877,0.091,0.700
1689,56.300,0.000,0.000,0.000,0.000,0,0,0,0.000,0.000,3,0,0.724,0,0.000,226.219,0.133,0.268,2.927,0.663,1.954,0.375,0.145,0.855,0.113,0.700
1692,56.400,0.000,0.000,0.000,0.000,0,0,0,0.000,0.000,4,1,0.690,0,0.000,226.219,0.100,0.268,1.758,0.191,2.087,0.042,0.166,0.834,0.213,0.750
1695,56.500,0.000,0.000,0.000,0.000,0,0,0,0.000,0.000,4,0,0.690,0,0.000,226.219,0.067,0.268,1.683,0.879,2.036,2.754,0.165,0.835,0.159,0.700
1698,56.600,0.000,0.000,0.000,0.000,0,0,0,0.000,0.000,4,0,0.690,0,0.000,226.219,0.067,0.268,1.828,0.760,2.123,0.174,0.135,0.865,0.170,0.700
1701,56.700,0.000,0.000,0.000,0.000,0,0,0,0.000,0.000,5,0,0.690,0,0.000,226.219,0.067,0.268,0.715,0.513,1.784,1.342,0.084,0.916,0.160,0.700
1704,56.800,29.017,0.000,5.164,0.000,1,1,0,0.000,1.318,5,0,0.690,2,12.000,230.219,0.100,0.271,0.724,0.501,1.448,1.388,0.091,0.909,0.528,0.700
1707,56.900,0.000,0.000,0.000,0.000,0,0,0,0.000,0.000,5,0,0.724,0,12.000,230.219,0.100,0.271,1.671,0.298,1.205,2.585,0.102,0.898,0.203,0.650
1710,57.000,21.401,0.000,-7.616,0.000,1,1,0,0.000,1.275,4,0,0.724,2,0.000,183.565,0.133,0.273,1.799,0.523,1.013,1.278,0.117,0.883,0.533,0.650
1713,57.100,0.000,0.000,0.000,0.000,0,0,0,0.000,0.000,4,0,0.724,0,0.000,183.565,0.133,0.273,2.664,0.870,0.769,1.832,0.111,0.889,0.192,0.650
1716,57.200,25.495,0.000,4.094,0.000,1,1,0,0.000,1.337,4,0,0.724,2,0.000,96.177,0.167,0.278,3.103,0.548,0.520,0.057,0.156,0.844,0.591,0.650
1719,57.300,0.000,0.000,0.000,0.000,0,0,0,0.000,0.000,3,1,0.690,0,0.000,96.177,0.167,0.278,4.244,0.173,0.291,1.310,0.140,0.860,0.184,0.750
1722,57.400,0.000,0.000,0.000,0.000,0,0,0,0.000,0.000,3,0,0.690,0,0.000,96.177,0.167,0.278,4.127,0.301,0.071,2.788,0.189,0.811,0.172,0.580
1725,57.500,0.000,0.000,0.000,0.000,0,0,0,0.000,0.000,3,0,0.690,0,0.000,96.177,0.167,0.278,3.833,0.195,0.376,0.501,0.180,0.820,0.172,0.580
1728,57.600,0.000,0.000,0.000,0.000,0,0,0,0.000,0.000,4,1,0.655,0,0.000,96.177,0.167,0.278,4.128,0.486,0.881,0.131,0.210,0.790,0.259,0.750
1731,57.700,0.000,0.000,0.000,0.000,0,0,0,0.000,0.000,4,0,0.655,0,0.000,96.177,0.167,0.278,7.545,0.599,1.166,0.242,0.245,0.755,0.337,0.580
1734,57.800,0.000,0.000,0.000,0.000,0,0,0,0.000,0.000,4,0,0.690,0,0.000,96.177,0.133,0.278,9.164,0.490,1.645,0.447,0.260,0.740,0.352,0.700
1737,57.900,0.000,0.000,0.000,0.000,0,0,0,0.000,0.000,3,1,0.655,0,0.000,96.177,0.100,0.278,13.063,0.467,2.381,2.323,0.269,0.731,0.249,0.750
1740,58.000,0.000,0.000,0.000,0.000,0,0,0,0.000,0.000,3,0,0.655,0,0.000,96.177,0.100,0.278,15.527,0.637,3.630,0.031,0.263,0.737,0.237,0.700
1743,58.100,0.000,0.000,0.000,0.000,0,0,0,0.000,0.000,3,0,0.690,0,0.000,96.177,0.100,0.278,17.721,0.506,4.937,0.037,0.253,0.747,0.247,0.700
1746,58.200,0.000,0.000,0.000,0.000,0,0,0,0.000,0.000,3,0,0.724,0,0.000,96.177,0.100,0.278,15.133,0.359,6.104,0.154,0.243,0.757,0.257,0.700
1749,58.300,0.000,0.000,0.000,0.000,0,0,0,0.000,0.000,3,0,0.759,0,0.000,96.177,0.100,0.278,17.822,0.488,7.377,0.055,0.229,0.771,0.248,0.700
1752,58.400,0.000,0.000,0.000,0.000,0,0,0,0.000,0.000,3,0,0.759,0,0.000,96.177,0.100,0.278,17.642,0.609,8.873,0.039,0.211,0.789,0.239,0.700
1755,58.500,0.000,0.000,0.000,0.000,0,0,0,0.000,0.000,4,1,0.724,0,0.000,96.177,0.100,0.278,15.177,0.724,10.509,0.166,0.177,0.823,0.331,0.750
1758,58.600,0.000,0.000,0.000,0.000,0,0,0,0.000,0.000,4,0,0.724,0,0.000,96.177,0.100,0.278,17.474,0.824,11.981,0.011,0.152,0.848,0.324,0.700
1761,58.700,0.000,0.000,0.000,0.000,0,0,0,0.000,0.000,4,0,0.759,0,0.000,96.177,0.100,0.278,14.662,0.805,12.677,0.044,0.132,0.868,0.326,0.700
1764,58.800,0.000,159.239,0.000,116.053,1,0,1,0.000,1.433,3,1,0.724,2,0.000,96.177,0.133,0.288,12.646,0.843,12.451,0.065,0.133,0.867,0.727,0.750
1767,58.900,0.000,40.000,0.000,-119.239,1,0,1,0.000,1.414,3,0,0.759,2,0.000,96.177,0.167,0.290,9.482,0.754,10.695,0.528,0.133,0.867,0.709,0.700
1770,59.000,71.589,0.000,46.094,0.000,1,1,0,0.000,1.580,3,0,0.793,2,0.000,96.177,0.200,0.290,5.858,0.405,10.004,0.698,0.122,0.878,0.712,0.700
1773,59.100,27.074,0.000,-44.515,0.000,1,1,0,0.000,1.839,3,0,0.793,2,0.000,96.177,0.233,0.293,5.076,0.552,9.799,1.100,0.114,0.886,0.587,0.700
1776,59.200,19.105,0.000,-7.969,0.000,1,1,0,0.000,1.722,3,0,0.793,2,0.000,96.177,0.267,0.293,5.797,0.689,9.054,0.594,0.132,0.868,0.555,0.700
1779,59.300,20.248,0.000,1.143,0.000,1,1,0,0.000,1.442,3,0,0.828,2,0.000,96.177,0.300,0.295,8.990,0.670,5.853,0.199,0.151,0.849,0.622,0.700
1782,59.400,31.780,0.000,11.532,0.000,1,1,0,0.000,1.098,3,0,0.828,2,84.172,268.344,0.333,0.295,9.135,0.394,4.111,0.184,0.151,0.849,0.709,0.700
1785,59.500,46.648,464.295,14.867,424.295,2,1,1,350.822,1.413,3,0,0.828,4,51.923,350.775,0.367,0.293,12.012,0.231,2.563,2.174,0.156,0.844,0.908,0.700
1788,59.600,27.514,0.000,-19.134,0.000,1,1,0,0.000,0.985,3,0,0.828,2,39.205,371.749,0.400,0.291,12.929,0.340,1.705,0.331,0.166,0.834,0.697,0.700
1791,59.700,16.492,0.000,-11.021,0.000,1,1,0,0.000,0.823,4,1,0.793,2,50.606,384.050,0.433,0.291,13.262,0.079,1.136,0.249,0.156,0.844,0.728,0.750
1794,59.800,28.636,136.165,12.143,-328.130,2,1,1,407.953,1.474,4,0,0.793,4,43.417,1543.309,0.433,0.288,12.549,0.158,0.887,0.184,0.164,0.836,1.000,0.650
1797,59.900,37.643,48.166,9.007,-87.999,2,1,1,424.520,1.519,4,0,0.793,5,0.000,2407.838,0.467,0.283,12.771,0.063,0.580,0.074,0.185,0.815,1.000,0.580
1800,60.000,20.616,19.849,-17.028,-28.317,2,1,1,421.058,1.292,3,1,0.759,4,0.000,2696.045,0.467,0.281,12.539,0.492,0.333,1.124,0.193,0.807,0.766,0.750
1803,60.100,26.683,15.811,6.068,-4.038,2,1,1,442.289,1.129,3,0,0.759,4,0.000,2265.920,0.500,0.271,10.874,0.636,0.162,0.699,0.190,0.810,0.794,0.580
1806,60.200,0.000,491.172,0.000,34.776,2,0,1,491.172,1.369,3,0,0.793,4,0.000,1147.337,0.500,0.258,11.035,0.622,0.082,0.177,0.201,0.799,0.896,0.500
1809,60.300,0.000,531.761,0.000,7.922,2,0,1,531.761,1.686,3,0,0.793,4,0.000,1041.207,0.533,0.249,10.621,0.552,0.272,2.986,0.199,0.801,0.905,0.550
1812,60.400,150.602,19.416,123.919,-512.345,2,1,1,566.675,1.932,3,0,0.793,4,0.000,1742.904,0.567,0.231,8.514,0.766,0.430,0.136,0.192,0.808,0.894,0.500
1815,60.500,0.000,18.439,0.000,-0.977,1,0,1,0.000,2.114,3,0,0.828,2,0.000,1717.769,0.600,0.231,6.732,0.720,0.560,2.925,0.173,0.827,0.612,0.650
1818,60.600,0.000,18.248,0.000,-0.191,1,0,1,0.000,2.066,3,0,0.828,2,0.000,1773.190,0.633,0.236,4.666,0.686,0.608,0.663,0.147,0.853,0.566,0.580
1821,60.700,0.000,4.243,0.000,-14.006,1,0,1,0.000,2.014,3,0,0.828,2,0.000,1539.620,0.667,0.231,2.877,0.584,0.646,0.324,0.129,0.871,0.455,0.580
1824,60.800,0.000,4.472,0.000,0.229,1,0,1,0.000,2.019,3,0,0.862,2,0.000,1602.050,0.700,0.227,5.181,0.475,0.639,0.093,0.139,0.861,0.525,0.580
1827,60.900,0.000,495.849,0.000,480.815,2,0,1,495.849,1.397,5,1,0.828,6,165.303,5035.960,0.733,0.408,5.679,0.692,0.692,0.885,0.130,0.870,0.962,0.750
1830,61.000,120.569,489.477,-30.033,-6.371,2,1,1,478.879,1.396,5,0,0.828,6,0.000,7418.659,0.767,0.389,5.866,0.501,0.671,0.361,0.122,0.878,0.984,0.500
1833,61.100,19.416,8.062,-101.153,-481.415,2,1,1,463.432,1.313,5,0,0.828,6,0.000,10329.997,0.800,0.379,2.846,0.448,0.721,0.072,0.109,0.891,0.774,0.580
1836,61.200,35.777,21.378,16.361,13.315,2,1,1,444.227,1.373,4,1,0.793,5,0.000,9166.764,0.833,0.358,3.730,0.332,0.843,2.969,0.157,0.843,0.899,0.750
1839,61.300,0.000,454.318,0.000,432.941,1,0,1,0.000,1.503,4,0,0.793,2,108.674,9689.805,0.867,0.369,3.974,0.152,0.978,2.368,0.156,0.844,0.833,0.650
1842,61.400,0.000,0.000,0.000,0.000,0,0,0,0.000,0.000,4,0,0.828,0,108.674,9689.805,0.867,0.369,3.986,0.414,1.112,1.430,0.140,0.860,0.345,0.650
1845,61.500,0.000,0.000,0.000,0.000,0,0,0,0.000,0.000,3,1,0.793,0,108.674,9689.805,0.867,0.369,3.884,0.568,1.291,1.342,0.113,0.887,0.231,0.750
1848,61.600,0.000,0.000,0.000,0.000,0,0,0,0.000,0.000,3,0,0.793,0,108.674,9689.805,0.867,0.369,3.623,0.268,1.462,0.761,0.188,0.812,0.246,0.700
1851,61.700,0.000,0.000,0.000,0.000,0,0,0,0.000,0.000,3,0,0.828,0,108.674,9689.805,0.867,0.369,3.827,0.325,1.709,1.070,0.141,0.859,0.247,0.700
1854,61.800,0.000,0.000,0.000,0.000,0,0,0,0.000,0.000,5,1,0.793,0,108.674,9689.805,0.833,0.369,4.829,0.758,1.924,1.844,0.122,0.878,0.338,0.750
1857,61.900,0.000,0.000,0.000,0.000,0,0,0,0.000,0.000,5,0,0.793,0,108.674,9689.805,0.800,0.369,2.701,0.519,2.068,0.449,0.088,0.912,0.297,0.700
1860,62.000,0.000,0.000,0.000,0.000,0,0,0,0.000,0.000,5,0,0.793,0,108.674,9689.805,0.767,0.369,3.898,0.345,2.166,0.395,0.150,0.850,0.335,0.700
1863,62.100,0.000,0.000,0.000,0.000,0,0,0,0.000,0.000,3,1,0.759,0,108.674,9689.805,0.733,0.369,4.487,0.458,2.332,0.040,0.155,0.845,0.238,0.750
1866,62.200,0.000,0.000,0.000,0.000,0,0,0,0.000,0.000,3,0,0.759,0,108.674,9689.805,0.700,0.369,5.222,0.319,2.278,0.204,0.143,0.857,0.262,0.700
1869,62.300,0.000,0.000,0.000,0.000,0,0,0,0.000,0.000,3,0,0.759,0,108.674,9689.805,0.667,0.369,4.012,0.821,1.872,0.175,0.100,0.900,0.193,0.700
1872,62.400,0.000,0.000,0.000,0.000,0,0,0,0.000,0.000,3,0,0.759,0,108.674,9689.805,0.633,0.369,2.250,0.726,1.692,0.994,0.129,0.871,0.151,0.700
1875,62.500,0.000,0.000,0.000,0.000,0,0,0,0.000,0.000,3,0,0.759,0,108.674,9689.805,0.600,0.369,2.082,0.657,1.617,0.218,0.114,0.886,0.148,0.700
1878,62.600,0.000,0.000,0.000,0.000,0,0,0,0.000,0.000,3,0,0.793,0,108.674,9689.805,0.567,0.369,2.250,0.457,1.553,1.046,0.097,0.903,0.162,0.700
1881,62.700,0.000,0.000,0.000,0.000,0,0,0,0.000,0.000,3,0,0.793,0,108.674,9689.805,0.533,0.369,2.991,0.725,1.310,2.283,0.130,0.870,0.158,0.604
1884,62.800,0.000,0.000,0.000,0.000,0,0,0,0.000,0.000,3,0,0.793,0,108.674,9689.805,0.500,0.369,4.684,0.258,1.172,2.159,0.143,0.857,0.229,0.604
1887,62.900,0.000,0.000,0.000,0.000,0,0,0,0.000,0.000,3,0,0.828,0,108.674,9689.805,0.467,0.369,2.656,0.541,1.035,1.223,0.122,0.878,0.155,0.604
1890,63.000,0.000,0.000,0.000,0.000,0,0,0,0.000,0.000,3,0,0.828,0,108.674,9689.805,0.433,0.369,4.199,0.150,0.964,1.615,0.135,0.865,0.216,0.604
1893,63.100,443.041,0.000,407.264,0.000,1,1,0,0.000,1.156,3,0,0.828,2,108.674,9689.805,0.433,0.189,5.139,0.341,0.876,0.893,0.125,0.875,0.727,0.650
1896,63.200,0.000,0.000,0.000,0.000,0,0,0,0.000,0.000,3,0,0.828,0,108.674,9689.805,0.400,0.189,6.359,0.763,0.737,2.853,0.176,0.824,0.224,0.650
1899,63.300,0.000,0.000,0.000,0.000,0,0,0,0.000,0.000,3,0,0.828,0,108.674,9689.805,0.367,0.189,7.260,0.805,0.582,0.003,0.191,0.809,0.239,0.604
1902,63.400,364.314,0.000,-78.726,0.000,1,1,0,0.000,1.410,3,0,0.828,2,0.000,8869.679,0.367,0.201,7.338,0.562,0.454,0.432,0.170,0.830,0.758,0.650
1905,63.500,11.180,0.000,-353.134,0.000,1,1,0,0.000,1.649,3,0,0.828,2,0.000,6571.644,0.367,0.206,6.317,0.455,0.025,0.206,0.153,0.847,0.552,0.580
1908,63.600,15.033,0.000,3.853,0.000,1,1,0,0.000,1.460,3,0,0.828,2,0.000,6443.109,0.367,0.206,5.230,0.601,0.403,0.051,0.144,0.856,0.536,0.580
1911,63.700,10.000,0.000,-5.033,0.000,1,1,0,0.000,1.462,3,0,0.828,2,0.000,5628.384,0.367,0.211,4.664,0.164,0.472,0.466,0.116,0.884,0.525,0.580
1914,63.800,3.162,467.042,-6.838,12.724,2,1,1,380.118,1.787,3,0,0.862,3,106.892,3071.954,0.367,0.211,3.702,0.267,0.270,2.952,0.120,0.880,0.798,0.650
1917,63.900,8.062,29.275,4.900,-437.767,2,1,1,416.432,1.650,3,0,0.862,3,106.780,3064.284,0.367,0.211,3.220,0.626,0.346,0.713,0.106,0.894,0.673,0.593
1920,64.000,21.095,70.214,13.033,40.939,2,1,1,404.684,1.756,3,0,0.862,3,129.958,2626.200,0.367,0.211,4.092,0.795,0.662,0.043,0.141,0.859,0.771,0.722
1923,64.100,11.180,21.260,-9.915,-48.954,2,1,1,426.016,1.854,3,0,0.897,3,140.460,1485.725,0.367,0.215,2.888,0.445,1.148,0.302,0.109,0.891,0.633,0.750
1926,64.200,12.728,22.472,1.548,1.212,2,1,1,427.370,1.721,3,0,0.897,3,9.434,1662.469,0.367,0.215,1.878,0.093,1.174,2.418,0.102,0.898,0.639,0.580
1929,64.300,21.932,5.099,9.204,-17.373,2,1,1,448.743,1.792,3,0,0.897,3,136.517,2102.884,0.367,0.215,3.125,0.816,1.129,2.339,0.095,0.905,0.617,0.750
1932,64.400,10.050,21.954,-11.882,16.855,2,1,1,453.785,1.790,3,0,0.931,3,133.060,2262.689,0.400,0.211,2.903,0.431,0.929,1.792,0.127,0.873,0.642,0.739
1935,64.500,5.000,7.211,-5.050,-14.743,2,1,1,451.382,1.866,3,0,0.931,3,133.060,2262.689,0.433,0.211,1.030,0.457,1.012,0.483,0.107,0.893,0.516,0.739
1938,64.600,4.472,6.403,-0.528,-0.808,2,1,1,453.560,1.739,3,0,0.931,3,158.701,1965.264,0.467,0.211,2.067,0.726,0.768,0.338,0.087,0.913,0.522,0.750
1941,64.700,13.892,3.606,9.420,-2.798,2,1,1,459.871,2.075,3,0,0.966,3,172.679,2087.698,0.500,0.215,1.800,0.790,0.428,3.040,0.084,0.916,0.557,0.750
1944,64.800,14.866,20.809,0.974,17.203,2,1,1,466.897,2.227,3,0,0.966,4,18.028,2146.874,0.533,0.215,2.787,0.688,0.013,2.816,0.100,0.900,0.631,0.580
1947,64.900,8.544,16.553,-6.322,-4.256,2,1,1,488.256,2.288,3,0,0.966,4,170.857,2457.758,0.567,0.215,1.248,0.572,0.316,3.138,0.075,0.925,0.581,0.750
1950,65.000,7.280,30.806,-1.264,14.253,2,1,1,512.650,2.211,3,0,1.000,3,164.924,2502.005,0.600,0.220,2.606,0.448,0.713,2.901,0.135,0.865,0.707,0.750
1953,65.100,7.071,75.895,-0.209,45.089,2,1,1,595.063,2.113,3,0,1.000,3,6.083,2543.799,0.633,0.220,2.389,0.711,0.920,2.790,0.120,0.880,0.766,0.550
1956,65.200,9.487,51.478,2.416,-24.417,2,1,1,584.209,2.130,3,0,1.000,3,3.606,2548.379,0.667,0.224,3.290,0.879,1.052,0.117,0.150,0.850,0.781,0.350
1959,65.300,8.062,33.526,-1.425,-17.952,2,1,1,595.702,2.419,3,0,1.000,3,24.207,2495.969,0.700,0.392,2.629,0.329,1.088,1.744,0.114,0.886,0.743,0.550
1962,65.400,9.220,71.701,1.157,38.175,2,1,1,530.665,2.305,3,0,1.000,3,95.079,2282.844,0.733,0.417,2.956,0.825,1.113,2.559,0.118,0.882,0.784,0.550
1965,65.500,5.000,42.953,-4.220,-28.747,2,1,1,493.105,2.028,3,0,1.000,3,115.521,2107.328,0.767,0.408,2.965,0.248,1.206,0.057,0.105,0.895,0.817,0.642
1968,65.600,6.000,12.806,1.000,-30.147,2,1,1,485.412,1.858,3,0,1.000,3,119.633,2055.294,0.800,0.408,2.920,0.399,1.438,1.961,0.128,0.872,0.642,0.700
1971,65.700,12.083,18.974,6.083,6.167,2,1,1,487.488,1.864,3,0,1.000,3,134.536,2237.390,0.833,0.408,5.067,0.404,1.522,0.590,0.134,0.866,0.734,0.747
1974,65.800,18.439,21.095,6.356,2.121,2,1,1,476.630,1.839,3,0,1.000,3,140.456,2327.804,0.867,0.408,4.977,0.727,1.241,0.045,0.117,0.883,0.725,0.750
1977,65.900,12.042,14.318,-6.397,-6.777,2,1,1,476.321,1.965,3,0,1.000,4,0.000,2291.688,0.900,0.399,3.204,0.711,1.070,1.408,0.113,0.887,0.648,0.580
1980,66.000,22.091,37.537,10.049,23.219,2,1,1,502.479,1.871,3,0,1.000,4,0.000,2039.820,0.933,0.399,3.043,0.597,1.080,1.679,0.096,0.904,0.785,0.550
1983,66.100,14.142,55.317,-7.949,17.781,2,1,1,569.155,1.875,3,0,1.000,4,0.000,2125.644,0.933,0.399,3.245,0.220,0.763,0.699,0.105,0.895,0.858,0.350
1986,66.200,7.211,38.639,-6.931,-16.678,2,1,1,574.359,2.073,3,0,1.000,4,0.000,1728.669,0.967,0.389,3.539,0.374,0.588,2.417,0.103,0.897,0.823,0.550
1989,66.300,10.000,35.057,2.789,-3.582,2,1,1,580.070,1.972,3,0,1.000,4,0.000,1646.065,1.000,0.389,2.302,0.216,0.372,0.163,0.105,0.895,0.787,0.350
1992,66.400,23.022,57.428,13.022,22.371,2,1,1,640.413,1.781,3,0,1.000,4,0.000,1591.450,1.000,0.389,2.369,0.521,0.264,2.663,0.107,0.893,0.823,0.550
1995,66.500,14.213,68.593,-8.809,11.165,2,1,1,582.053,1.627,3,0,1.000,4,0.000,1190.194,1.000,0.389,5.693,0.533,0.026,0.205,0.126,0.874,0.905,0.350
1998,66.600,3.606,19.209,-10.607,-49.384,2,1,1,596.853,1.732,3,0,1.000,4,0.000,831.389,1.000,0.389,4.932,0.640,0.424,2.494,0.120,0.880,0.735,0.550
2001,66.700,11.045,18.788,7.440,-0.421,2,1,1,577.679,1.484,3,0,1.000,4,0.000,693.000,1.000,0.379,2.532,0.189,0.872,0.654,0.093,0.907,0.704,0.350
2004,66.800,14.866,40.249,3.821,21.461,2,1,1,590.410,1.632,3,0,1.000,4,22.847,403.477,1.000,0.379,3.400,0.479,1.060,0.522,0.101,0.899,0.825,0.350
2007,66.900,11.402,48.166,-3.464,7.917,2,1,1,599.908,1.616,3,0,1.000,4,3.162,469.258,1.000,0.379,2.012,0.264,1.288,1.610,0.075,0.925,0.832,0.550
2010,67.000,15.524,19.105,4.122,-29.061,2,1,1,573.062,1.528,3,0,1.000,3,22.136,472.089,1.000,0.379,2.820,0.495,1.250,1.058,0.083,0.917,0.692,0.450
2013,67.100,2.236,59.908,-13.288,40.803,2,1,1,615.458,1.688,3,0,1.000,4,162.788,956.819,1.000,0.369,2.889,0.363,1.556,2.821,0.079,0.921,0.847,0.750
2016,67.200,2.236,39.319,0.000,-20.589,2,1,1,576.782,1.721,3,0,1.000,3,165.303,1363.425,1.000,0.369,2.918,0.632,1.547,0.143,0.128,0.872,0.797,0.750
2019,67.300,0.000,49.649,0.000,10.330,1,0,1,0.000,1.365,3,0,1.000,2,165.303,1363.425,1.000,0.379,3.733,0.538,0.736,2.836,0.109,0.891,0.746,0.750
2022,67.400,0.000,476.783,0.000,410.980,2,0,1,476.783,0.962,3,0,1.000,4,66.242,2053.094,1.000,0.369,4.463,0.450,0.432,1.940,0.130,0.870,0.880,0.650
2025,67.500,0.000,430.081,0.000,-46.702,1,0,1,0.000,1.150,3,0,1.000,2,102.840,2423.819,1.000,0.379,4.283,0.589,0.489,1.232,0.152,0.848,0.756,0.650
2028,67.600,0.000,31.623,0.000,-398.459,1,0,1,0.000,1.447,3,0,1.000,2,102.840,2423.819,1.000,0.379,4.742,0.567,0.490,2.903,0.163,0.837,0.695,0.571
2031,67.700,0.000,5.385,0.000,-26.238,1,0,1,0.000,1.407,3,0,1.000,2,70.682,2659.739,1.000,0.389,4.267,0.763,0.525,2.374,0.170,0.830,0.523,0.580
2034,67.800,0.000,24.021,0.000,18.636,1,0,1,0.000,1.470,3,0,1.000,2,70.682,2659.739,1.000,0.389,4.198,0.309,0.480,2.195,0.134,0.866,0.657,0.550
2037,67.900,0.000,44.688,0.000,20.667,1,0,1,0.000,1.516,3,0,1.000,2,14.318,2808.619,1.000,0.399,4.184,0.442,0.641,2.477,0.112,0.888,0.762,0.550
2040,68.000,0.000,11.705,0.000,-32.983,1,0,1,0.000,1.718,3,0,1.000,2,14.318,2808.619,1.000,0.399,5.637,0.803,0.789,1.144,0.148,0.852,0.590,0.580
2043,68.100,0.000,4.472,0.000,-7.233,1,0,1,0.000,1.985,3,0,1.000,2,22.847,2999.719,1.000,0.408,1.120,0.280,0.425,2.600,0.088,0.912,0.473,0.580
2046,68.200,0.000,2.236,0.000,-2.236,1,0,1,0.000,2.259,3,0,1.000,2,19.647,3109.429,1.000,0.408,1.857,0.253,0.004,1.582,0.108,0.892,0.481,0.580
2049,68.300,0.000,17.493,0.000,15.257,1,0,1,0.000,1.998,3,0,1.000,2,19.647,3109.429,1.000,0.417,2.229,0.656,0.009,2.849,0.082,0.918,0.547,0.550
2052,68.400,0.000,15.232,0.000,-2.261,1,0,1,0.000,1.927,3,0,1.000,2,17.263,3200.829,1.000,0.417,2.916,0.592,0.114,1.899,0.124,0.876,0.556,0.550
2055,68.500,0.000,6.403,0.000,-8.828,1,0,1,0.000,1.915,3,0,1.000,2,17.263,3200.829,1.000,0.426,2.793,0.141,0.004,0.271,0.124,0.876,0.536,0.580
2058,68.600,0.000,17.720,0.000,11.317,1,0,1,0.000,1.753,3,0,1.000,2,23.431,3216.624,1.000,0.426,2.360,0.279,0.011,2.453,0.104,0.896,0.578,0.550
2061,68.700,0.000,5.657,0.000,-12.063,1,0,1,0.000,1.588,3,0,1.000,2,60.415,3259.959,1.000,0.435,1.971,0.625,0.019,2.333,0.117,0.883,0.477,0.580
2064,68.800,0.000,6.403,0.000,0.746,1,0,1,0.000,1.537,3,0,1.000,2,11.180,3194.644,1.000,0.435,3.192,0.398,0.057,0.504,0.110,0.890,0.527,0.580
2067,68.900,0.000,17.000,0.000,10.597,1,0,1,0.000,1.182,3,0,1.000,2,11.180,3194.644,1.000,0.444,4.947,0.573,0.112,2.152,0.164,0.836,0.618,0.550
2070,69.000,0.000,557.259,0.000,553.136,2,0,1,557.259,1.176,3,0,1.000,4,30.806,3897.665,1.000,0.444,2.862,0.505,0.054,0.114,0.138,0.862,0.836,0.650
2073,69.100,138.362,563.392,136.126,6.132,2,1,1,533.735,1.879,3,0,1.000,4,19.849,4559.260,1.000,0.444,2.860,0.581,0.122,0.876,0.155,0.845,0.831,0.500
2076,69.200,20.518,2.000,-117.844,-561.392,2,1,1,551.951,1.626,3,0,1.000,4,36.359,5103.088,1.000,0.444,3.073,0.608,0.327,0.467,0.155,0.845,0.698,0.450
2079,69.300,0.000,5.657,0.000,3.657,1,0,1,0.000,1.258,3,0,1.000,2,36.359,5103.088,1.000,0.444,3.530,0.580,0.441,2.042,0.153,0.847,0.519,0.650
2082,69.400,0.000,8.544,0.000,2.887,1,0,1,0.000,1.268,3,0,1.000,2,36.359,5103.088,1.000,0.453,4.146,0.643,0.624,0.660,0.165,0.835,0.546,0.580
2085,69.500,0.000,15.033,0.000,6.489,1,0,1,0.000,1.201,3,0,1.000,2,36.359,5103.088,1.000,0.453,4.146,0.611,0.785,0.156,0.162,0.838,0.584,0.580
2088,69.600,0.000,27.514,0.000,12.480,1,0,1,0.000,1.227,3,0,1.000,2,36.359,5103.088,1.000,0.462,3.944,0.590,0.889,1.577,0.161,0.839,0.650,0.550
2091,69.700,0.000,30.806,0.000,3.292,1,0,1,0.000,1.233,3,0,1.000,2,0.000,4797.500,1.000,0.462,4.888,0.664,0.375,0.124,0.203,0.797,0.687,0.350
2094,69.800,0.000,40.311,0.000,9.505,1,0,1,0.000,0.930,3,0,1.000,2,0.000,4419.487,1.000,0.462,7.038,0.702,0.150,0.807,0.229,0.771,0.791,0.350
2097,69.900,0.000,24.207,0.000,-16.104,1,0,1,0.000,0.606,3,0,1.000,2,0.000,4344.717,1.000,0.462,7.420,0.720,0.180,0.037,0.225,0.775,0.710,0.000
2100,70.000,0.000,3.162,0.000,-21.045,1,0,1,0.000,0.870,3,0,1.000,2,0.000,3999.568,1.000,0.470,6.064,0.741,0.392,0.274,0.214,0.786,0.557,0.580
2103,70.100,0.000,8.544,0.000,5.382,1,0,1,0.000,0.777,3,0,1.000,2,0.000,3529.900,1.000,0.470,4.842,0.804,0.578,0.126,0.204,0.796,0.552,0.580
2106,70.200,0.000,4.123,0.000,-4.421,1,0,1,0.000,0.709,3,0,1.000,2,0.000,3016.947,1.000,0.470,3.265,0.916,0.733,0.094,0.177,0.823,0.480,0.580
2109,70.300,0.000,10.000,0.000,5.877,1,0,1,0.000,0.616,3,0,1.000,2,0.000,2718.355,1.000,0.470,4.878,0.909,0.824,0.254,0.190,0.810,0.554,0.580
2112,70.400,0.000,23.022,0.000,13.022,1,0,1,0.000,0.571,3,0,1.000,2,0.000,2357.145,1.000,0.470,7.209,0.866,0.944,0.477,0.195,0.805,0.688,0.000
2115,70.500,0.000,29.411,0.000,6.389,1,0,1,0.000,0.579,3,0,1.000,2,0.000,1533.957,1.000,0.470,5.847,0.681,1.012,0.638,0.184,0.816,0.702,0.000
2118,70.600,0.000,34.540,0.000,5.129,1,0,1,0.000,0.545,3,0,1.000,2,30.463,1094.859,1.000,0.470,6.253,0.659,1.258,0.567,0.195,0.805,0.742,0.000
2121,70.700,0.000,39.925,0.000,5.385,1,0,1,0.000,0.477,3,0,1.000,2,29.155,308.477,1.000,0.470,8.576,0.857,1.611,3.099,0.214,0.786,0.802,0.700
2124,70.800,185.970,38.471,165.452,-1.454,2,1,1,439.383,1.930,4,1,0.966,5,0.000,1290.148,1.000,0.462,11.624,0.911,2.043,0.369,0.233,0.767,1.000,0.750
2127,70.900,15.811,48.083,-170.159,9.612,2,1,1,492.541,2.268,4,0,0.966,5,25.962,1847.255,1.000,0.444,14.439,0.858,2.612,0.067,0.247,0.753,1.000,0.700
2130,71.000,0.000,529.145,0.000,490.093,2,0,1,529.145,0.574,4,0,0.966,5,24.042,2489.555,1.000,0.435,15.156,0.788,3.224,0.016,0.250,0.750,1.000,0.700
2133,71.100,30.000,0.000,14.189,0.000,1,1,0,0.000,1.925,3,1,0.931,2,19.416,2948.990,1.000,0.435,15.819,0.575,4.710,0.031,0.260,0.740,0.766,0.750
2136,71.200,62.817,0.000,32.817,0.000,1,1,0,0.000,1.909,3,0,0.931,2,0.000,3015.049,1.000,0.435,17.788,0.585,5.992,0.006,0.283,0.717,0.849,0.700
2139,71.300,0.000,160.801,0.000,-368.343,1,0,1,0.000,0.947,3,0,0.931,2,0.000,3039.989,1.000,0.444,19.591,0.359,6.498,0.027,0.290,0.710,0.865,0.700
2142,71.400,0.000,0.000,0.000,0.000,0,0,0,0.000,0.000,3,0,0.931,0,0.000,3039.989,0.967,0.444,19.751,0.217,5.085,0.037,0.254,0.746,0.371,0.700
2145,71.500,0.000,0.000,0.000,0.000,0,0,0,0.000,0.000,3,0,0.931,0,0.000,3039.989,0.933,0.444,18.842,0.444,4.436,0.027,0.243,0.757,0.351,0.700
2148,71.600,0.000,0.000,0.000,0.000,0,0,0,0.000,0.000,3,0,0.931,0,0.000,3039.989,0.900,0.444,18.650,0.679,4.689,0.025,0.255,0.745,0.330,0.700
2151,71.700,119.403,0.000,56.585,0.000,1,1,0,0.000,1.737,3,0,0.931,2,0.000,2946.699,0.900,0.397,18.092,0.775,5.400,0.028,0.255,0.745,0.824,0.700
2154,71.800,0.000,0.000,0.000,0.000,0,0,0,0.000,0.000,3,0,0.931,0,0.000,2946.699,0.867,0.397,16.196,0.829,6.435,0.700,0.249,0.751,0.316,0.700
2157,71.900,0.000,0.000,0.000,0.000,0,0,0,0.000,0.000,3,0,0.931,0,0.000,2946.699,0.833,0.397,12.710,0.846,7.065,0.159,0.244,0.756,0.311,0.700
2160,72.000,0.000,0.000,0.000,0.000,0,0,0,0.000,0.000,5,1,0.897,0,0.000,2946.699,0.800,0.397,10.921,0.808,6.499,0.350,0.249,0.751,0.409,0.750
2163,72.100,0.000,0.000,0.000,0.000,0,0,0,0.000,0.000,5,0,0.897,0,0.000,2946.699,0.767,0.397,7.790,0.523,6.841,0.062,0.269,0.731,0.420,0.700
2166,72.200,0.000,0.000,0.000,0.000,0,0,0,0.000,0.000,5,0,0.897,0,0.000,2946.699,0.733,0.397,7.326,0.959,7.083,2.268,0.259,0.741,0.374,0.700
2169,72.300,0.000,182.705,0.000,21.904,1,0,1,0.000,1.201,6,1,0.862,5,119.942,3244.367,0.733,0.349,10.501,0.983,6.174,0.220,0.259,0.741,0.919,0.750
2172,72.400,0.000,7.000,0.000,-175.705,1,0,1,0.000,1.432,6,0,0.862,5,28.018,3537.854,0.733,0.341,9.965,0.952,4.263,0.024,0.280,0.720,0.710,0.700
2175,72.500,143.753,0.000,24.351,0.000,1,1,0,0.000,1.829,6,0,0.862,5,0.000,3290.894,0.733,0.326,8.821,0.944,2.731,0.081,0.277,0.723,0.922,0.700
2178,72.600,0.000,18.028,0.000,11.028,1,0,1,0.000,1.586,5,1,0.828,4,0.000,2604.539,0.733,0.318,7.273,0.948,1.935,0.122,0.262,0.738,0.748,0.750
2181,72.700,0.000,21.541,0.000,3.513,1,0,1,0.000,1.579,5,0,0.828,4,0.000,1231.384,0.733,0.310,7.387,0.970,1.372,0.050,0.262,0.738,0.768,0.350
2184,72.800,0.000,8.544,0.000,-12.997,1,0,1,0.000,1.842,5,0,0.828,4,0.000,1121.469,0.733,0.302,4.883,0.978,0.857,0.179,0.237,0.763,0.633,0.580
2187,72.900,0.000,0.000,0.000,0.000,0,0,0,0.000,0.000,5,1,0.793,0,0.000,1121.469,0.700,0.302,4.179,0.967,0.393,0.212,0.248,0.752,0.291,0.750
2190,73.000,0.000,13.454,0.000,4.910,1,0,1,0.000,2.083,5,0,0.793,4,50.636,981.519,0.700,0.299,2.275,0.927,0.029,0.805,0.219,0.781,0.595,0.650
2193,73.100,31.401,0.000,-112.353,0.000,1,1,0,0.000,1.625,5,0,0.793,4,33.956,777.329,0.700,0.290,4.010,0.902,0.308,0.368,0.207,0.793,0.740,0.500
2196,73.200,9.899,543.474,-21.501,530.020,2,1,1,582.124,1.843,5,1,0.759,6,0.000,5079.640,0.700,0.290,3.891,0.820,0.638,1.327,0.221,0.779,0.904,0.750
2199,73.300,25.239,33.615,15.339,-509.859,2,1,1,530.212,1.817,5,0,0.759,6,0.000,7440.544,0.700,0.282,4.734,0.752,1.048,0.560,0.194,0.806,0.866,0.550
2202,73.400,24.331,5.831,-0.908,-27.785,2,1,1,509.192,1.833,5,0,0.759,6,0.000,8555.789,0.700,0.282,4.591,0.871,1.465,0.603,0.215,0.785,0.803,0.700
2205,73.500,12.083,17.720,-12.248,11.889,2,1,1,481.017,1.800,4,1,0.724,6,216.749,7933.145,0.700,0.260,3.716,0.842,1.778,0.196,0.209,0.791,0.746,0.750
2208,73.600,11.314,27.019,-0.769,9.298,2,1,1,446.010,1.687,4,0,0.724,6,184.878,6656.488,0.700,0.315,4.289,0.760,2.206,1.126,0.249,0.751,0.818,0.750
2211,73.700,13.153,26.926,1.839,-0.093,2,1,1,419.806,1.734,4,0,0.759,6,170.836,4925.538,0.700,0.315,2.647,0.704,2.415,0.873,0.179,0.821,0.780,0.750
2214,73.800,9.434,24.413,-3.719,-2.513,2,1,1,396.913,1.462,5,1,0.724,6,0.000,3764.719,0.700,0.315,1.888,0.699,2.381,0.107,0.155,0.845,0.748,0.750
2217,73.900,1.414,24.042,-8.020,-0.371,2,1,1,381.749,1.138,5,0,0.724,6,150.213,3768.125,0.700,0.302,1.317,0.294,2.461,0.700,0.082,0.918,0.760,0.750
2220,74.000,3.000,18.974,1.586,-5.068,2,1,1,376.490,1.095,5,0,0.759,6,152.069,4101.140,0.700,0.311,1.786,0.745,2.420,0.271,0.100,0.900,0.712,0.750
2223,74.100,2.000,9.000,-1.000,-9.974,2,1,1,376.662,0.783,4,1,0.724,6,162.890,4564.294,0.700,0.298,1.538,0.669,2.303,0.057,0.096,0.904,0.656,0.750
2226,74.200,0.000,16.155,-2.000,7.155,2,1,1,374.893,0.517,4,0,0.724,6,163.028,4887.694,0.700,0.298,1.416,0.562,2.122,0.864,0.120,0.880,0.700,0.750
2229,74.300,1.414,10.630,1.414,-5.525,2,1,1,368.098,0.402,4,0,0.724,5,30.414,4828.894,0.700,0.311,0.985,0.653,2.018,0.984,0.101,0.899,0.652,0.700
2232,74.400,1.000,11.314,-0.414,0.684,2,1,1,362.774,0.473,4,0,0.724,5,36.346,4248.079,0.733,0.311,0.826,0.418,1.854,1.754,0.081,0.919,0.672,0.700
2235,74.500,0.000,7.211,-1.000,-4.103,2,1,1,358.498,0.441,4,0,0.724,5,156.263,4081.969,0.767,0.311,0.808,0.745,1.729,3.081,0.094,0.906,0.630,0.750
2238,74.600,2.000,1.414,2.000,-5.797,2,1,1,359.089,0.449,4,0,0.724,5,38.118,3275.164,0.800,0.311,0.692,0.883,1.533,0.124,0.089,0.911,0.593,0.700
2241,74.700,2.828,1.000,0.828,-0.414,2,1,1,356.183,0.982,4,1,0.690,6,77.698,2501.269,0.800,0.311,0.372,0.675,1.514,0.814,0.052,0.948,0.604,0.750
2244,74.800,2.236,2.236,-0.592,1.236,2,1,1,358.064,1.490,5,1,0.655,6,74.061,2607.859,0.833,0.311,0.577,0.560,1.581,0.638,0.085,0.915,0.618,0.750
2247,74.900,1.414,5.831,-0.822,3.595,2,1,1,351.070,2.195,5,0,0.690,6,104.307,2517.534,0.867,0.311,0.562,0.748,1.783,1.363,0.073,0.927,0.628,0.700
2250,75.000,3.162,6.403,1.748,0.572,2,1,1,350.892,2.292,5,0,0.690,6,72.250,2115.588,0.900,0.311,0.483,0.368,1.919,0.118,0.061,0.939,0.660,0.700
2253,75.100,4.243,4.123,1.080,-2.280,2,1,1,347.497,2.356,5,0,0.690,6,74.330,2206.239,0.933,0.311,0.759,0.574,1.959,0.325,0.083,0.917,0.644,0.700
2256,75.200,5.000,5.000,0.757,0.877,2,1,1,354.121,2.725,5,0,0.724,6,70.036,2257.928,0.967,0.311,0.914,0.598,1.965,0.073,0.097,0.903,0.655,0.700
2259,75.300,2.828,5.099,-2.172,0.099,2,1,1,357.693,2.356,6,1,0.690,6,63.702,2203.217,0.967,0.311,0.689,0.564,1.816,2.524,0.074,0.926,0.652,0.750
2262,75.400,4.123,2.236,1.295,-2.863,2,1,1,361.621,2.129,6,0,0.690,6,63.253,2208.124,0.967,0.311,0.688,0.529,1.778,2.766,0.076,0.924,0.649,0.700
2265,75.500,2.236,5.000,-1.887,2.764,2,1,1,359.255,1.862,6,0,0.724,6,43.012,2021.838,0.967,0.311,0.511,0.539,1.739,0.293,0.063,0.937,0.649,0.700
2268,75.600,3.162,5.657,0.926,0.657,2,1,1,360.347,1.527,5,1,0.690,6,0.000,2305.910,0.967,0.298,0.731,0.176,1.804,2.063,0.087,0.913,0.683,0.750
2271,75.700,14.036,7.616,10.873,1.959,2,1,1,381.184,1.206,5,0,0.690,6,0.000,2323.039,0.967,0.298,1.589,0.297,1.773,0.845,0.138,0.862,0.743,0.700
2274,75.800,7.280,21.401,-6.756,13.785,2,1,1,401.011,1.042,5,0,0.724,6,0.000,1989.467,0.967,0.298,3.450,0.458,1.858,0.801,0.194,0.806,0.819,0.700
2277,75.900,0.000,386.463,0.000,-1.828,2,0,1,386.463,1.315,4,1,0.690,6,52.887,2415.129,1.000,0.298,4.770,0.660,1.511,0.236,0.230,0.770,0.973,0.750
2280,76.000,0.000,384.293,0.000,-21.135,2,0,1,384.293,2.028,4,0,0.690,6,18.601,3213.944,1.000,0.298,4.186,0.606,1.100,0.046,0.222,0.778,0.962,0.350
2283,76.100,35.057,35.847,27.777,-348.446,2,1,1,351.552,2.164,4,0,0.724,6,30.610,3496.269,1.000,0.298,2.557,0.714,0.816,1.881,0.200,0.800,0.863,0.550
2286,76.200,0.000,381.295,0.000,3.181,2,0,1,381.295,2.335,5,1,0.690,6,11.402,2934.284,1.000,0.298,5.069,0.628,0.567,1.490,0.197,0.803,0.983,0.750
2289,76.300,0.000,18.788,0.000,-362.507,1,0,1,0.000,2.664,5,0,0.690,4,8.602,2117.069,1.000,0.311,4.031,0.598,0.186,2.013,0.189,0.811,0.727,0.650
2292,76.400,0.000,19.849,0.000,1.061,1,0,1,0.000,2.340,5,0,0.724,4,21.932,1857.604,1.000,0.311,3.581,0.574,0.179,0.021,0.187,0.813,0.724,0.350
2295,76.500,0.000,16.031,0.000,-3.818,1,0,1,0.000,2.034,4,0,0.724,3,29.547,1659.219,1.000,0.324,5.551,0.393,0.626,2.409,0.198,0.802,0.755,0.580
2298,76.600,0.000,32.016,0.000,15.984,1,0,1,0.000,1.945,4,0,0.724,3,0.000,1623.174,1.000,0.324,6.142,0.768,1.264,2.075,0.219,0.781,0.833,0.550
2301,76.700,0.000,54.589,0.000,22.574,1,0,1,0.000,1.667,4,0,0.759,3,0.000,1342.188,1.000,0.336,7.221,0.621,2.993,0.333,0.244,0.756,0.942,0.700
2304,76.800,0.000,0.000,0.000,0.000,0,0,0,0.000,0.000,7,1,0.724,0,0.000,1342.188,0.967,0.336,6.888,0.641,5.150,0.110,0.253,0.747,0.413,0.750
2307,76.900,0.000,0.000,0.000,0.000,0,0,0,0.000,0.000,7,0,0.724,0,0.000,1342.188,0.933,0.336,5.675,0.790,7.164,0.590,0.239,0.761,0.369,0.700
2310,77.000,0.000,0.000,0.000,0.000,0,0,0,0.000,0.000,7,0,0.759,0,0.000,1342.188,0.900,0.336,3.063,0.717,8.331,0.282,0.191,0.809,0.304,0.700
2313,77.100,0.000,0.000,0.000,0.000,0,0,0,0.000,0.000,4,1,0.724,0,0.000,1342.188,0.867,0.336,2.540,0.563,11.177,0.482,0.196,0.804,0.298,0.750
2316,77.200,0.000,0.000,0.000,0.000,0,0,0,0.000,0.000,4,0,0.724,0,0.000,1342.188,0.833,0.336,2.167,0.795,15.234,1.293,0.203,0.797,0.269,0.700
2319,77.300,0.000,0.000,0.000,0.000,0,0,0,0.000,0.000,4,0,0.724,0,0.000,1342.188,0.800,0.336,1.315,0.462,13.453,1.320,0.109,0.891,0.267,0.700
2322,77.400,0.000,0.000,0.000,0.000,0,0,0,0.000,0.000,4,0,0.724,0,0.000,1342.188,0.767,0.336,0.966,0.705,4.667,0.446,0.121,0.879,0.237,0.700
2325,77.500,0.000,0.000,0.000,0.000,0,0,0,0.000,0.000,3,1,0.690,0,0.000,1342.188,0.733,0.336,0.732,0.847,2.395,2.999,0.106,0.894,0.217,0.750
2328,77.600,0.000,0.000,0.000,0.000,0,0,0,0.000,0.000,4,1,0.690,0,0.000,1342.188,0.700,0.336,1.372,0.942,1.721,1.222,0.159,0.841,0.222,0.750
2331,77.700,0.000,0.000,0.000,0.000,0,0,0,0.000,0.000,5,1,0.690,0,0.000,1342.188,0.667,0.336,1.443,0.968,1.561,0.025,0.171,0.829,0.218,0.750
2334,77.800,0.000,0.000,0.000,0.000,0,0,0,0.000,0.000,5,0,0.690,0,0.000,1342.188,0.633,0.336,0.652,0.761,1.021,0.924,0.101,0.899,0.209,0.580
2337,77.900,0.000,0.000,0.000,0.000,0,0,0,0.000,0.000,5,0,0.690,0,0.000,1342.188,0.600,0.336,0.732,0.925,0.722,0.842,0.121,0.879,0.196,0.580
2340,78.000,0.000,0.000,0.000,0.000,0,0,0,0.000,0.000,5,1,0.655,0,0.000,1342.188,0.567,0.336,1.090,0.914,0.494,1.470,0.107,0.893,0.201,0.750
2343,78.100,0.000,0.000,0.000,0.000,0,0,0,0.000,0.000,5,0,0.655,0,0.000,1342.188,0.533,0.336,3.324,0.922,0.109,0.553,0.188,0.812,0.253,0.580
2346,78.200,0.000,0.000,0.000,0.000,0,0,0,0.000,0.000,5,0,0.690,0,0.000,1342.188,0.500,0.336,4.443,0.937,0.183,0.067,0.240,0.760,0.275,0.580
2349,78.300,89.202,0.000,54.145,0.000,1,1,0,0.000,0.630,6,1,0.655,2,0.000,2761.188,0.500,0.181,4.506,0.826,0.454,2.663,0.235,0.765,0.725,0.750
2352,78.400,10.198,0.000,-79.004,0.000,1,1,0,0.000,0.866,6,0,0.655,2,0.000,3856.744,0.500,0.186,3.029,0.864,0.713,0.514,0.205,0.795,0.492,0.580
2355,78.500,6.325,0.000,-3.873,0.000,1,1,0,0.000,0.863,6,0,0.690,1,5.831,4366.057,0.500,0.191,2.526,0.774,1.009,2.657,0.199,0.801,0.434,0.580
2358,78.600,1.000,0.000,-5.325,0.000,1,1,0,0.000,0.992,6,0,0.690,2,0.000,5085.835,0.500,0.191,6.278,0.901,1.244,0.444,0.276,0.724,0.519,0.580
2361,78.700,8.544,0.000,7.544,0.000,1,1,0,0.000,1.215,6,0,0.690,2,0.000,4641.579,0.500,0.197,7.328,0.732,1.312,0.003,0.276,0.724,0.599,0.580
2364,78.800,10.000,77.078,1.456,22.489,2,1,1,381.473,1.754,6,0,0.724,6,28.636,5942.588,0.500,0.197,8.831,0.786,1.168,0.004,0.269,0.731,0.985,0.650
2367,78.900,8.062,88.295,-1.938,11.217,2,1,1,288.016,1.653,5,1,0.690,6,0.000,5184.317,0.500,0.197,10.738,0.759,0.677,0.047,0.271,0.729,0.987,0.750
2370,79.000,11.180,0.000,3.118,0.000,1,1,0,0.000,1.249,5,0,0.690,2,0.000,4551.347,0.500,0.202,9.892,0.869,0.137,0.033,0.263,0.737,0.633,0.650
2373,79.100,13.601,0.000,2.421,0.000,1,1,0,0.000,1.160,5,0,0.724,2,0.000,4489.797,0.500,0.202,9.777,0.945,0.278,0.065,0.262,0.738,0.641,0.580
2376,79.200,0.000,249.289,0.000,160.994,1,0,1,0.000,1.297,5,0,0.724,2,0.000,4314.947,0.500,0.207,9.032,0.966,0.567,0.123,0.247,0.753,0.814,0.500
2379,79.300,0.000,5.385,0.000,-243.904,1,0,1,0.000,1.091,5,0,0.724,2,0.000,4119.644,0.500,0.212,8.649,0.891,0.897,0.106,0.254,0.746,0.600,0.580
2382,79.400,240.902,0.000,233.831,0.000,2,1,0,240.902,1.068,5,0,0.724,6,0.000,4035.648,0.500,0.212,7.004,0.742,1.186,0.464,0.256,0.744,0.963,0.650
2385,79.500,281.810,225.938,40.908,220.553,2,1,1,294.839,1.324,6,1,0.690,6,25.000,890.919,0.500,0.212,6.506,0.786,1.399,0.060,0.252,0.748,0.948,0.750
2388,79.600,15.620,14.765,-266.190,-211.173,2,1,1,324.234,1.281,6,0,0.690,6,38.639,827.869,0.500,0.207,5.075,0.864,1.709,0.168,0.257,0.743,0.743,0.700
2391,79.700,7.211,6.325,-8.409,-8.440,2,1,1,322.099,1.357,6,0,0.724,6,18.682,720.350,0.500,0.207,5.077,0.963,1.984,0.159,0.258,0.742,0.690,0.700
2394,79.800,6.325,7.071,-0.887,0.747,2,1,1,328.247,1.469,6,0,0.724,6,20.616,718.299,0.533,0.202,3.418,0.893,2.431,0.353,0.228,0.772,0.656,0.700
2397,79.900,5.657,3.000,-0.668,-4.071,2,1,1,333.654,1.439,6,0,0.724,6,19.647,637.830,0.567,0.347,3.051,0.869,2.976,0.004,0.215,0.785,0.645,0.700
2400,80.000,8.602,0.000,2.945,0.000,1,1,0,0.000,1.279,6,0,0.759,2,62.434,583.787,0.600,0.347,2.585,0.776,3.747,0.138,0.209,0.791,0.490,0.700
2403,80.100,4.472,0.000,-4.130,0.000,1,1,0,0.000,1.320,4,1,0.724,2,15.000,538.564,0.633,0.347,2.104,0.770,3.839,0.079,0.189,0.811,0.490,0.750
2406,80.200,6.083,0.000,1.611,0.000,1,1,0,0.000,1.151,4,0,0.724,2,2.236,545.188,0.667,0.358,1.598,0.695,2.621,0.038,0.158,0.842,0.495,0.700
2409,80.300,9.899,0.000,3.817,0.000,1,1,0,0.000,0.887,4,0,0.724,2,55.660,578.734,0.700,0.369,1.418,0.755,1.733,0.596,0.143,0.857,0.512,0.700
2412,80.400,7.810,0.000,-2.089,0.000,1,1,0,0.000,0.849,4,1,0.724,2,199.211,1518.169,0.733,0.369,1.261,0.741,1.017,0.021,0.125,0.875,0.501,0.750
2415,80.500,8.062,0.000,0.252,0.000,1,1,0,0.000,0.769,4,0,0.759,2,206.170,2393.547,0.767,0.379,1.327,0.391,0.420,0.494,0.115,0.885,0.533,0.750
2418,80.600,339.094,0.000,328.324,0.000,2,1,0,339.094,0.930,4,0,0.793,4,65.069,3161.919,0.800,0.379,1.469,0.460,0.034,2.455,0.104,0.896,0.881,0.650
2421,80.700,348.738,0.000,9.643,0.000,1,1,0,0.000,1.299,6,1,0.759,2,202.766,3940.669,0.833,0.379,1.084,0.211,0.289,0.496,0.088,0.912,0.722,0.750
2424,80.800,7.280,0.000,-341.458,0.000,1,1,0,0.000,1.296,6,0,0.759,2,86.093,3845.200,0.867,0.379,1.043,0.484,0.588,0.423,0.088,0.912,0.497,0.580
2427,80.900,360.035,0.000,357.035,0.000,2,1,0,360.035,1.477,6,0,0.793,6,68.884,3875.738,0.900,0.369,1.344,0.609,0.935,0.124,0.094,0.906,0.879,0.650
2430,81.000,357.593,15.000,-2.441,12.000,2,1,1,354.452,1.857,4,1,0.759,5,19.105,4265.529,0.933,0.369,1.376,0.264,1.301,1.353,0.089,0.911,0.908,0.750
2433,81.100,21.213,2.236,-336.380,-12.764,2,1,1,374.066,1.598,4,0,0.759,4,67.602,4775.934,0.967,0.379,1.240,0.551,1.750,1.209,0.084,0.916,0.756,0.700
2436,81.200,3.606,4.472,-17.608,2.236,2,1,1,371.941,1.444,4,0,0.793,4,69.426,5191.749,1.000,0.379,1.205,0.716,1.985,0.276,0.092,0.908,0.655,0.700
2439,81.300,8.602,2.828,4.997,-1.644,2,1,1,378.188,1.325,4,0,0.793,4,71.197,5528.110,1.000,0.379,1.165,0.455,2.137,0.850,0.082,0.918,0.695,0.700
2442,81.400,11.662,2.236,3.060,-0.592,2,1,1,385.519,0.986,4,0,0.793,4,69.029,5973.855,1.000,0.389,1.291,0.249,2.095,0.102,0.095,0.905,0.730,0.700
2445,81.500,15.811,6.403,4.149,4.167,2,1,1,397.633,1.071,4,0,0.793,5,74.330,6245.094,1.000,0.389,1.666,0.357,2.144,0.277,0.099,0.901,0.755,0.700
2448,81.600,3.162,1.000,-12.649,-5.403,2,1,1,397.373,1.329,4,0,0.793,5,31.016,6264.935,1.000,0.389,1.866,0.626,2.175,0.252,0.124,0.876,0.670,0.700
2451,81.700,5.000,2.236,1.838,1.236,2,1,1,394.924,1.369,4,0,0.793,5,73.246,5265.837,1.000,0.379,1.273,0.461,1.875,0.469,0.096,0.904,0.677,0.700
2454,81.800,17.464,3.606,12.464,1.369,2,1,1,407.594,1.501,4,0,0.828,4,77.369,5599.594,1.000,0.369,1.848,0.589,1.600,0.804,0.091,0.909,0.752,0.700
2457,81.900,24.698,1.414,7.234,-2.191,2,1,1,419.000,1.418,5,1,0.793,6,76.217,4603.595,1.000,0.347,2.427,0.644,1.369,0.681,0.115,0.885,0.803,0.750
2460,82.000,2.236,9.220,-22.462,7.805,2,1,1,428.057,1.721,5,0,0.793,6,0.000,3298.245,1.000,0.336,1.329,0.709,1.190,0.041,0.090,0.910,0.685,0.580
2463,82.100,9.899,8.062,7.663,-1.157,2,1,1,429.197,1.588,5,0,0.793,6,28.636,3109.088,1.000,0.336,2.827,0.503,1.057,2.873,0.085,0.915,0.740,0.580
2466,82.200,19.723,7.071,9.824,-0.991,2,1,1,424.096,1.434,5,0,0.793,6,0.000,2944.048,1.000,0.336,1.832,0.469,0.923,1.166,0.078,0.922,0.773,0.580
2469,82.300,19.026,6.403,-0.697,-0.668,2,1,1,419.223,1.422,5,0,0.793,6,29.000,1298.838,1.000,0.324,2.107,0.469,0.789,0.105,0.105,0.895,0.776,0.580
2472,82.400,7.071,17.889,-11.955,11.485,2,1,1,417.222,1.271,5,0,0.828,6,19.105,1291.829,1.000,0.324,2.854,0.336,0.651,0.939,0.106,0.894,0.797,0.350
2475,82.500,101.597,9.849,94.526,-8.040,2,1,1,374.066,1.524,4,1,0.793,5,22.023,1213.215,1.000,0.311,2.914,0.336,0.480,1.483,0.100,0.900,0.949,0.750
2478,82.600,37.643,16.401,-63.954,6.552,2,1,1,325.510,1.559,4,0,0.793,5,28.601,1058.525,1.000,0.311,3.386,0.407,0.272,0.374,0.137,0.863,0.915,0.450
2481,82.700,16.125,4.472,-21.519,-11.929,2,1,1,315.970,1.528,4,0,0.793,5,57.489,1930.464,1.000,0.311,1.593,0.296,0.037,0.860,0.099,0.901,0.759,0.350
2484,82.800,14.560,4.000,-1.564,-0.472,2,1,1,314.326,1.356,4,0,0.793,5,41.785,2776.725,1.000,0.311,1.544,0.817,0.452,0.262,0.103,0.897,0.712,0.580
2487,82.900,10.630,5.000,-3.930,1.000,2,1,1,325.000,1.259,4,0,0.793,5,52.773,3515.579,1.000,0.311,1.826,0.769,0.892,0.326,0.148,0.852,0.701,0.580
2490,83.000,12.649,7.211,2.019,2.211,2,1,1,342.475,1.366,4,0,0.828,5,30.887,3516.285,1.000,0.311,1.739,0.385,1.661,0.768,0.109,0.891,0.737,0.700
2493,83.100,2.236,1.414,-10.413,-5.797,2,1,1,341.040,1.397,4,0,0.828,5,50.120,3504.739,1.000,0.324,1.629,0.669,2.802,2.092,0.113,0.887,0.656,0.700
2496,83.200,33.615,28.178,31.379,26.764,2,1,1,309.277,1.508,4,0,0.828,5,44.643,2593.650,1.000,0.324,5.126,0.801,3.349,0.166,0.184,0.816,0.909,0.700
2499,83.300,28.653,0.000,-4.962,0.000,1,1,0,0.000,1.223,4,0,0.862,2,0.000,2580.604,1.000,0.324,4.571,0.378,4.856,0.569,0.125,0.875,0.757,0.700
2502,83.400,14.036,0.000,-14.617,0.000,1,1,0,0.000,1.125,5,1,0.828,2,19.723,1793.150,1.000,0.336,2.242,0.355,4.759,0.206,0.105,0.895,0.601,0.750
2505,83.500,12.000,0.000,-2.036,0.000,1,1,0,0.000,0.965,5,0,0.828,2,56.303,896.884,1.000,0.347,1.110,0.395,2.974,1.518,0.105,0.895,0.559,0.700
2508,83.600,8.062,0.000,-3.938,0.000,1,1,0,0.000,1.196,5,0,0.862,2,74.726,985.290,1.000,0.347,0.999,0.380,2.933,0.516,0.100,0.900,0.535,0.700
2511,83.700,10.050,0.000,1.988,0.000,1,1,0,0.000,1.320,5,0,0.862,2,42.802,953.044,1.000,0.358,2.226,0.866,1.677,0.354,0.144,0.856,0.543,0.700
2514,83.800,4.000,0.000,-6.050,0.000,1,1,0,0.000,1.186,5,0,0.862,2,68.096,820.750,1.000,0.369,0.924,0.557,1.663,0.249,0.076,0.924,0.498,0.700
2517,83.900,11.402,7.280,7.402,-20.898,2,1,1,237.118,1.216,5,0,0.897,6,96.255,796.219,1.000,0.369,1.195,0.746,1.372,1.087,0.143,0.857,0.691,0.650
2520,84.000,235.357,242.706,223.955,235.425,2,1,1,240.204,1.132,5,0,0.897,6,82.219,1012.144,1.000,0.369,1.701,0.527,0.804,0.259,0.140,0.860,0.906,0.450
2523,84.100,0.000,247.342,0.000,245.342,2,0,1,247.342,1.238,5,0,0.897,6,82.420,1309.674,1.000,0.358,1.420,0.822,0.429,0.229,0.152,0.848,0.878,0.500
2526,84.200,201.718,0.000,-13.898,0.000,2,1,0,201.718,1.356,5,0,0.897,6,44.777,1065.460,1.000,0.358,2.045,0.711,0.014,0.409,0.165,0.835,0.901,0.500
2529,84.300,183.338,0.000,-1.380,0.000,2,1,0,183.338,1.864,5,0,0.897,6,24.083,960.287,1.000,0.358,0.628,0.712,0.008,0.249,0.045,0.955,0.866,0.350
2532,84.400,179.335,0.000,3.434,0.000,2,1,0,179.335,2.380,5,0,0.897,6,84.906,1144.369,1.000,0.358,1.271,0.688,0.141,0.137,0.159,0.841,0.884,0.350
2535,84.500,180.693,0.000,2.499,0.000,2,1,0,180.693,3.094,5,0,0.897,6,23.345,1369.954,1.000,0.358,1.133,0.537,0.264,0.247,0.130,0.870,0.891,0.350
2538,84.600,186.132,0.000,1.326,0.000,2,1,0,186.132,3.112,5,0,0.897,6,35.128,1270.944,1.000,0.347,1.035,0.585,0.339,0.361,0.110,0.890,0.885,0.350
2541,84.700,184.773,12.530,-1.359,-234.812,2,1,1,191.481,3.107,5,0,0.897,6,71.169,1269.929,1.000,0.324,1.578,0.678,0.372,0.097,0.124,0.876,0.892,0.500
2544,84.800,4.472,0.000,-180.301,0.000,1,1,0,0.000,3.024,5,0,0.931,2,21.095,1324.664,1.000,0.324,1.360,0.673,0.764,0.274,0.086,0.914,0.504,0.650
2547,84.900,2.828,27.459,-1.644,14.929,2,1,1,212.822,2.675,5,0,0.931,6,115.732,1629.308,1.000,0.311,0.829,0.404,1.028,0.871,0.080,0.920,0.795,0.650
2550,85.000,13.928,5.831,11.100,-21.628,2,1,1,221.045,2.627,5,0,0.931,6,38.328,1283.519,1.000,0.311,0.846,0.593,1.101,0.374,0.076,0.924,0.707,0.580
2553,85.100,0.000,216.375,0.000,-1.345,2,0,1,216.375,1.821,5,0,0.931,6,13.416,1261.844,1.000,0.311,1.144,0.736,1.087,2.792,0.117,0.883,0.877,0.550
2556,85.200,16.553,13.342,2.625,-203.033,2,1,1,221.984,2.538,5,0,0.931,6,111.288,1438.089,1.000,0.311,1.159,0.570,0.923,1.661,0.109,0.891,0.731,0.618
2559,85.300,4.472,17.804,-12.081,4.463,2,1,1,241.611,2.537,5,0,0.931,6,59.841,1430.519,1.000,0.311,1.889,0.579,1.014,0.049,0.113,0.887,0.756,0.580
2562,85.400,16.763,21.095,12.291,3.291,2,1,1,271.326,2.325,5,0,0.966,6,23.601,1496.830,1.000,0.311,2.401,0.412,0.849,0.337,0.096,0.904,0.798,0.580
2565,85.500,5.657,33.541,-11.106,12.446,2,1,1,296.184,2.190,5,1,0.931,6,0.000,1307.987,1.000,0.311,2.272,0.418,0.680,0.412,0.128,0.872,0.864,0.750
2568,85.600,4.123,24.698,-1.534,-8.843,2,1,1,304.473,1.931,5,0,0.931,6,157.813,1122.794,1.000,0.311,2.276,0.773,0.588,0.871,0.182,0.818,0.790,0.750
2571,85.700,0.000,323.371,0.000,13.312,2,0,1,323.371,1.379,5,0,0.931,6,125.591,1299.595,1.000,0.311,2.790,0.661,0.448,0.097,0.168,0.832,0.923,0.698
2574,85.800,0.000,15.000,0.000,-308.371,1,0,1,0.000,1.071,5,1,0.897,4,0.000,2618.290,1.000,0.311,2.166,0.783,0.433,1.055,0.143,0.857,0.647,0.750
2577,85.900,0.000,17.692,0.000,2.692,1,0,1,0.000,1.075,5,0,0.897,4,124.579,4169.778,1.000,0.311,1.958,0.784,0.284,0.740,0.146,0.854,0.656,0.692
2580,86.000,0.000,15.033,0.000,-2.659,1,0,1,0.000,1.121,5,0,0.897,4,0.000,5426.829,1.000,0.311,1.779,0.730,0.214,0.716,0.160,0.840,0.641,0.580
2583,86.100,0.000,6.325,0.000,-8.709,1,0,1,0.000,1.241,4,1,0.862,3,83.385,5782.174,1.000,0.324,1.303,0.798,0.145,0.142,0.146,0.854,0.567,0.750
2586,86.200,0.000,2.000,0.000,-4.325,1,0,1,0.000,1.131,4,0,0.862,3,0.000,6002.048,1.000,0.324,1.419,0.741,0.098,0.140,0.145,0.855,0.550,0.580
2589,86.300,0.000,8.062,0.000,6.062,1,0,1,0.000,1.158,4,0,0.897,3,77.253,5838.834,1.000,0.336,0.850,0.448,0.110,0.272,0.085,0.915,0.590,0.580
2592,86.400,0.000,5.099,0.000,-2.963,1,0,1,0.000,1.073,4,0,0.897,3,55.758,6114.477,1.000,0.336,0.801,0.299,0.603,0.266,0.081,0.919,0.582,0.580
2595,86.500,0.000,10.000,0.000,4.901,1,0,1,0.000,0.830,4,0,0.897,3,107.336,6103.124,1.000,0.347,1.782,0.203,0.877,0.582,0.099,0.901,0.641,0.596
2598,86.600,0.000,68.877,0.000,58.877,1,0,1,0.000,0.771,4,0,0.897,3,128.316,6546.210,1.000,0.347,3.197,0.407,1.034,2.222,0.136,0.864,0.856,0.713
2601,86.700,0.000,99.925,0.000,31.048,1,0,1,0.000,0.784,3,1,0.862,2,128.316,6546.210,1.000,0.358,4.040,0.475,1.339,1.159,0.168,0.832,0.758,0.750
2604,86.800,40.817,0.000,36.694,0.000,1,1,0,0.000,1.788,3,0,0.862,2,43.278,6390.254,1.000,0.369,3.207,0.537,2.381,0.066,0.173,0.827,0.709,0.700
2607,86.900,17.464,0.000,-23.352,0.000,1,1,0,0.000,2.124,3,0,0.862,2,6.000,5960.099,1.000,0.369,1.859,0.512,2.271,1.883,0.170,0.830,0.548,0.700
2610,87.000,5.000,0.000,-12.464,0.000,1,1,0,0.000,2.125,6,1,0.828,2,0.000,5362.175,1.000,0.379,1.872,0.514,1.592,2.870,0.179,0.821,0.519,0.750
2613,87.100,4.472,0.000,-0.528,0.000,1,1,0,0.000,2.163,6,0,0.828,2,14.000,5182.245,1.000,0.389,2.526,0.632,1.324,1.364,0.216,0.784,0.524,0.580
2616,87.200,17.464,0.000,12.992,0.000,1,1,0,0.000,1.999,6,0,0.828,2,0.000,4570.269,1.000,0.389,4.370,0.570,1.148,1.485,0.214,0.786,0.646,0.580
2619,87.300,11.662,111.018,-5.802,11.093,2,1,1,392.046,2.058,4,1,0.793,5,62.817,3809.005,1.000,0.399,4.091,0.633,1.097,2.167,0.234,0.766,0.958,0.750
2622,87.400,0.000,371.619,0.000,-28.002,2,0,1,371.619,1.179,4,0,0.793,5,0.000,3685.254,1.000,0.399,3.891,0.733,1.186,1.263,0.217,0.783,0.946,0.500
2625,87.500,3.162,95.079,-8.500,-276.541,2,1,1,300.257,1.829,4,0,0.793,5,43.105,898.755,1.000,0.399,4.500,0.624,1.324,1.000,0.222,0.778,0.969,0.500
2628,87.600,4.123,28.636,0.961,-66.443,2,1,1,295.041,1.906,5,1,0.759,6,24.839,236.899,1.000,0.399,3.178,0.619,1.592,0.529,0.177,0.823,0.845,0.750
2631,87.700,0.000,319.789,0.000,1.001,2,0,1,319.789,1.668,5,0,0.759,6,29.411,289.238,1.000,0.389,1.916,0.532,1.821,1.606,0.143,0.857,0.911,0.700
2634,87.800,5.099,3.606,0.976,-316.183,2,1,1,288.113,2.004,5,0,0.759,6,25.495,347.300,1.000,0.379,2.156,0.818,1.884,0.016,0.158,0.842,0.675,0.700
2637,87.900,12.369,13.153,7.270,9.547,2,1,1,296.710,2.008,4,1,0.724,5,134.213,842.845,1.000,0.379,1.795,0.712,1.979,0.127,0.124,0.876,0.718,0.750
2640,88.000,10.000,6.403,-2.369,-6.750,2,1,1,305.500,2.086,4,0,0.724,5,24.207,815.814,1.000,0.369,1.974,0.561,2.081,0.196,0.134,0.866,0.716,0.700
2643,88.100,5.099,21.932,-4.901,15.529,2,1,1,321.846,1.927,4,0,0.724,5,55.660,919.115,1.000,0.358,2.929,0.784,2.141,0.744,0.183,0.817,0.790,0.700
2646,88.200,15.811,26.306,10.712,4.374,2,1,1,360.911,1.949,5,0,0.724,6,108.904,2775.854,1.000,0.336,5.268,0.779,1.642,1.582,0.217,0.783,0.873,0.700
2649,88.300,12.369,48.374,-3.442,22.068,2,1,1,398.898,1.955,5,0,0.724,6,0.000,4864.438,1.000,0.311,6.381,0.780,1.181,3.062,0.240,0.760,1.000,0.550
2652,88.400,13.000,0.000,0.631,0.000,1,1,0,0.000,1.947,5,0,0.759,2,0.000,5071.244,1.000,0.324,9.808,0.940,1.261,0.026,0.255,0.745,0.698,0.650
2655,88.500,7.280,130.863,-5.720,82.489,2,1,1,493.434,1.825,4,1,0.724,5,298.027,6342.710,1.000,0.324,13.112,0.943,1.912,0.021,0.266,0.734,1.000,0.750
2658,88.600,0.000,27.019,0.000,-103.844,1,0,1,0.000,1.029,4,0,0.724,3,23.022,7203.189,1.000,0.324,14.048,0.836,2.801,0.000,0.264,0.736,0.847,0.700
2661,88.700,0.000,15.811,0.000,-11.207,1,0,1,0.000,0.712,4,0,0.759,3,4.243,7869.069,1.000,0.336,13.801,0.891,3.639,0.002,0.269,0.731,0.780,0.700
2664,88.800,0.000,20.616,0.000,4.804,1,0,1,0.000,0.721,4,0,0.759,3,29.275,8174.338,1.000,0.336,15.683,0.880,3.592,0.091,0.254,0.746,0.808,0.700
2667,88.900,0.000,35.014,0.000,14.399,1,0,1,0.000,0.548,4,0,0.759,3,36.014,8315.409,1.000,0.347,15.754,0.823,3.839,0.089,0.274,0.726,0.892,0.700
2670,89.000,0.000,17.263,0.000,-17.752,1,0,1,0.000,0.436,4,0,0.793,3,15.000,8096.159,1.000,0.347,14.455,0.839,4.208,0.007,0.262,0.738,0.792,0.700
2673,89.100,0.000,6.403,0.000,-10.860,1,0,1,0.000,0.509,4,1,0.759,3,23.770,7747.480,1.000,0.358,12.647,0.946,4.304,0.005,0.242,0.758,0.724,0.750
2676,89.200,0.000,17.464,0.000,11.061,1,0,1,0.000,0.518,4,0,0.759,3,47.707,7194.444,1.000,0.358,11.091,0.985,4.878,0.026,0.239,0.761,0.783,0.700
2679,89.300,0.000,12.649,0.000,-4.815,1,0,1,0.000,0.551,4,0,0.759,3,0.000,6670.508,1.000,0.369,8.378,0.988,5.483,0.024,0.215,0.785,0.756,0.700
2682,89.400,0.000,10.440,0.000,-2.209,1,0,1,0.000,0.618,5,1,0.724,4,35.228,5062.358,1.000,0.369,6.987,0.983,6.289,0.322,0.214,0.786,0.728,0.750
2685,89.500,0.000,26.420,0.000,15.979,1,0,1,0.000,0.865,5,0,0.724,4,92.049,3385.794,1.000,0.369,8.303,0.688,7.219,2.614,0.236,0.764,0.863,0.700
2688,89.600,0.000,80.777,0.000,54.358,1,0,1,0.000,0.745,5,0,0.759,4,92.049,3385.794,1.000,0.369,7.203,0.814,7.738,2.183,0.236,0.764,0.937,0.700
2691,89.700,0.000,55.362,0.000,-25.415,1,0,1,0.000,0.660,7,1,0.724,4,92.049,3385.794,1.000,0.379,6.242,0.657,8.061,3.112,0.232,0.768,0.883,0.750
2694,89.800,0.000,21.213,0.000,-34.149,1,0,1,0.000,0.973,7,0,0.724,4,92.049,3385.794,1.000,0.379,3.539,0.610,7.104,3.091,0.228,0.772,0.686,0.700
2697,89.900,0.000,36.056,0.000,14.842,1,0,1,0.000,0.891,7,0,0.759,5,92.049,3385.794,1.000,0.379,3.733,0.739,5.386,0.895,0.227,0.773,0.790,0.700
2700,90.000,0.000,7.071,0.000,-28.984,1,0,1,0.000,0.896,5,1,0.724,3,92.049,3385.794,1.000,0.389,3.497,0.859,3.127,0.668,0.229,0.771,0.595,0.750
2703,90.100,0.000,2.000,0.000,-5.071,1,0,1,0.000,1.041,5,0,0.724,3,92.049,3385.794,1.000,0.379,3.004,0.843,1.684,0.005,0.207,0.793,0.555,0.700
2706,90.200,0.000,5.000,0.000,3.000,1,0,1,0.000,1.161,5,0,0.759,3,92.049,3385.794,1.000,0.389,2.621,0.855,0.958,0.087,0.206,0.794,0.561,0.580
2709,90.300,0.000,8.000,0.000,3.000,1,0,1,0.000,1.261,6,1,0.724,5,92.049,3385.794,1.000,0.379,2.339,0.877,0.525,0.031,0.213,0.787,0.612,0.750
2712,90.400,0.000,6.708,0.000,-1.292,1,0,1,0.000,1.484,6,0,0.724,4,92.049,3385.794,1.000,0.379,2.015,0.929,0.126,0.454,0.193,0.807,0.563,0.580
2715,90.500,515.909,6.325,508.629,-0.384,2,1,1,26.926,1.775,6,0,0.759,6,92.049,3385.794,1.000,0.369,2.056,0.966,0.202,0.437,0.172,0.828,0.884,0.650
2718,90.600,0.000,13.454,0.000,7.129,1,0,1,0.000,1.569,4,1,0.724,2,92.049,3385.794,1.000,0.369,1.944,0.967,0.462,0.196,0.185,0.815,0.566,0.750
2721,90.700,4.123,5.000,-511.786,-8.454,2,1,1,17.720,1.751,4,0,0.724,4,92.049,3385.794,1.000,0.369,1.441,0.942,0.712,0.415,0.180,0.820,0.648,0.650
2724,90.800,0.000,1.414,0.000,-3.586,1,0,1,0.000,1.709,4,0,0.759,2,92.049,3385.794,1.000,0.369,1.353,0.936,0.993,0.326,0.177,0.823,0.486,0.650
2727,90.900,0.000,3.162,0.000,1.748,1,0,1,0.000,1.633,5,0,0.759,2,92.049,3385.794,1.000,0.379,1.225,0.899,1.248,0.011,0.166,0.834,0.477,0.580
2730,91.000,0.000,6.403,0.000,3.241,1,0,1,0.000,1.758,5,0,0.759,2,92.049,3385.794,1.000,0.379,1.236,0.927,1.530,0.131,0.163,0.837,0.494,0.700
2733,91.100,0.000,5.000,0.000,-1.403,1,0,1,0.000,1.450,6,1,0.724,2,92.049,3385.794,1.000,0.389,1.189,0.889,1.965,0.019,0.158,0.842,0.475,0.750
2736,91.200,0.000,8.062,0.000,3.062,1,0,1,0.000,1.407,5,1,0.690,2,92.049,3385.794,1.000,0.389,1.224,0.919,2.410,0.019,0.161,0.839,0.503,0.750
2739,91.300,0.000,7.071,0.000,-0.991,1,0,1,0.000,1.472,5,0,0.690,2,92.049,3385.794,1.000,0.399,1.108,0.937,2.598,0.195,0.156,0.844,0.493,0.700
2742,91.400,0.000,0.000,0.000,0.000,0,0,0,0.000,0.000,6,1,0.690,0,92.049,3385.794,0.967,0.399,1.459,0.948,2.369,0.266,0.171,0.829,0.256,0.750
2745,91.500,0.000,446.374,0.000,439.303,1,0,1,0.000,1.725,6,0,0.690,5,0.000,2699.299,0.967,0.381,1.430,0.941,2.079,0.228,0.164,0.836,0.786,0.700
2748,91.600,18.111,29.411,13.988,-416.963,2,1,1,476.666,1.585,6,0,0.690,6,37.121,2125.519,0.967,0.381,1.570,0.951,1.838,0.010,0.197,0.803,0.782,0.700
2751,91.700,15.652,19.849,-2.458,-9.561,2,1,1,476.732,1.597,6,0,0.690,6,89.872,2051.310,0.967,0.381,1.768,0.982,1.641,0.070,0.205,0.795,0.732,0.700
2754,91.800,494.425,0.000,13.017,0.000,2,1,0,494.425,1.067,6,1,0.655,6,9.899,1565.487,0.967,0.371,1.532,0.971,1.467,0.157,0.187,0.813,0.866,0.750
2757,91.900,491.864,0.000,-4.543,0.000,2,1,0,491.864,1.747,6,0,0.655,6,86.400,496.179,0.967,0.360,1.870,0.857,1.358,0.313,0.208,0.792,0.883,0.350
2760,92.000,478.218,0.000,-5.585,0.000,2,1,0,478.218,2.304,6,0,0.690,6,17.464,501.248,0.967,0.360,1.766,0.845,1.283,0.060,0.199,0.801,0.881,0.350
2763,92.100,474.861,468.675,-3.356,448.825,2,1,1,463.997,2.516,6,0,0.690,6,53.759,535.038,0.967,0.360,1.625,0.935,1.242,0.275,0.181,0.819,0.871,0.500
2766,92.200,3.162,5.831,-471.699,-462.844,2,1,1,458.023,2.617,5,1,0.655,6,12.207,343.337,0.967,0.350,1.326,0.948,1.210,0.447,0.179,0.821,0.645,0.750
2769,92.300,0.000,460.654,0.000,4.527,2,0,1,460.654,1.926,5,0,0.690,6,13.038,353.904,0.967,0.327,1.064,0.847,1.160,0.362,0.140,0.860,0.863,0.500
2772,92.400,0.000,453.277,0.000,-7.377,1,0,1,0.000,1.958,6,1,0.655,4,50.990,124.950,0.967,0.315,1.012,0.831,1.051,0.103,0.142,0.858,0.753,0.750
2775,92.500,0.000,15.620,0.000,-437.656,1,0,1,0.000,1.650,6,0,0.655,5,0.000,192.275,0.967,0.311,1.094,0.646,0.924,0.103,0.131,0.869,0.635,0.580
2778,92.600,32.280,0.000,29.118,0.000,1,1,0,0.000,2.777,6,0,0.690,5,50.000,467.894,0.967,0.311,2.453,0.727,0.872,1.387,0.183,0.817,0.756,0.580
2781,92.700,46.239,501.499,13.958,485.878,2,1,1,571.136,2.467,5,1,0.655,6,0.000,594.185,0.967,0.311,4.078,0.772,0.766,0.162,0.223,0.777,0.944,0.750
2784,92.800,28.443,39.408,-17.796,-462.091,2,1,1,543.207,2.202,5,0,0.655,6,0.000,2376.617,0.967,0.311,5.485,0.779,0.543,0.949,0.218,0.782,0.947,0.580
2787,92.900,24.166,43.290,-4.277,3.882,2,1,1,478.940,1.977,5,0,0.690,6,0.000,3508.079,0.967,0.311,6.956,0.795,0.036,0.807,0.233,0.767,1.000,0.580
2790,93.000,31.145,53.151,6.979,9.861,2,1,1,395.218,1.650,4,1,0.655,6,70.328,3621.640,0.967,0.311,7.460,0.841,0.682,0.016,0.225,0.775,1.000,0.750
2793,93.100,19.026,21.378,-12.119,-31.773,2,1,1,355.826,1.588,4,0,0.655,6,0.000,2416.745,0.967,0.311,5.631,0.837,1.809,0.029,0.245,0.755,0.847,0.700
2796,93.200,16.125,5.099,-2.902,-16.279,2,1,1,341.236,1.395,4,0,0.690,6,0.000,930.794,0.967,0.311,5.729,0.953,3.093,0.001,0.253,0.747,0.812,0.700
2799,93.300,11.045,2.236,-5.079,-2.863,2,1,1,332.068,1.233,4,0,0.690,6,0.000,565.688,0.967,0.311,4.757,0.985,4.689,0.035,0.237,0.763,0.757,0.700
2802,93.400,8.944,1.000,-2.101,-1.236,2,1,1,323.586,1.294,4,0,0.690,6,0.000,858.608,0.967,0.311,2.886,0.945,6.608,0.127,0.220,0.780,0.702,0.700
2805,93.500,7.211,3.000,-1.733,2.000,2,1,1,321.025,1.172,4,0,0.724,6,0.000,876.888,0.967,0.311,2.790,0.983,7.220,0.015,0.219,0.781,0.687,0.700
2808,93.600,3.606,2.236,-3.606,-0.764,2,1,1,320.601,0.902,4,0,0.724,4,59.908,878.794,0.967,0.311,1.716,0.988,8.428,0.010,0.184,0.816,0.640,0.700
2811,93.700,2.828,3.000,-0.777,0.764,2,1,1,321.403,0.897,4,0,0.724,4,43.417,890.615,0.967,0.311,1.446,0.962,9.599,0.247,0.193,0.807,0.631,0.700
2814,93.800,3.162,2.236,0.334,-0.764,2,1,1,320.226,0.950,3,1,0.690,4,70.491,932.024,0.967,0.311,0.906,0.877,9.575,0.145,0.143,0.857,0.625,0.750
2817,93.900,1.000,3.606,-2.162,1.369,2,1,1,321.896,1.001,3,0,0.690,4,0.000,887.198,0.967,0.324,0.683,0.714,8.896,0.938,0.123,0.877,0.633,0.700
2820,94.000,2.236,0.000,1.236,-3.606,2,1,1,323.048,0.952,4,1,0.690,5,0.000,931.450,0.967,0.324,0.847,0.715,8.306,0.984,0.097,0.903,0.630,0.750
2823,94.100,1.414,1.000,-0.822,1.000,2,1,1,325.123,0.988,4,0,0.724,4,0.000,414.375,0.967,0.324,0.546,0.555,8.020,2.227,0.065,0.935,0.629,0.700
2826,94.200,3.000,1.414,1.586,0.414,2,1,1,321.223,1.236,6,1,0.690,6,0.000,589.370,0.967,0.324,0.563,0.853,5.321,0.603,0.082,0.918,0.617,0.750
2829,94.300,1.414,2.828,-1.586,1.414,2,1,1,317.984,1.203,6,0,0.724,6,55.946,549.315,0.967,0.324,1.014,0.754,2.101,2.168,0.133,0.867,0.634,0.700
2832,94.400,12.806,2.828,11.392,0.000,2,1,1,306.571,1.189,6,0,0.724,6,0.000,787.365,1.000,0.324,1.015,0.538,0.810,0.345,0.123,0.877,0.709,0.580
2835,94.500,5.831,0.000,-6.975,-2.828,2,1,1,303.117,1.377,3,1,0.690,4,80.895,1013.784,1.000,0.336,0.502,0.114,0.116,0.003,0.073,0.927,0.687,0.750
2838,94.600,13.000,11.180,7.169,11.180,2,1,1,325.813,1.534,4,1,0.655,6,0.000,1183.594,1.000,0.336,1.316,0.220,0.317,2.186,0.117,0.883,0.740,0.750
2841,94.700,8.062,37.336,-4.938,26.156,2,1,1,370.385,1.492,4,0,0.690,6,148.762,2031.840,1.000,0.336,2.504,0.217,0.558,0.209,0.109,0.891,0.905,0.750
2844,94.800,7.280,41.437,-0.782,4.100,2,1,1,404.605,1.520,4,0,0.690,6,151.476,2505.925,1.000,0.324,3.493,0.397,0.751,0.251,0.162,0.838,0.940,0.750
2847,94.900,7.280,50.010,0.000,8.573,2,1,1,457.123,1.746,4,0,0.690,6,87.207,3348.444,1.000,0.324,3.121,0.647,0.891,0.215,0.150,0.850,0.933,0.350
2850,95.000,8.246,48.166,0.966,-1.844,2,1,1,506.582,1.778,4,0,0.690,6,208.734,4026.407,1.000,0.311,2.130,0.552,0.929,1.849,0.089,0.911,0.915,0.750
2853,95.100,3.000,26.926,-5.246,-21.241,2,1,1,533.844,1.846,5,1,0.690,6,228.160,4614.584,1.000,0.311,1.692,0.668,0.998,1.238,0.135,0.865,0.795,0.750
2856,95.200,4.472,22.023,1.472,-4.903,2,1,1,558.099,1.802,5,0,0.690,6,41.037,4362.144,1.000,0.311,1.615,0.832,1.004,0.940,0.145,0.855,0.754,0.350
2859,95.300,9.000,2.000,4.528,-20.023,2,1,1,567.208,1.727,5,0,0.724,6,41.037,4466.590,1.000,0.311,1.497,0.702,1.006,0.295,0.127,0.873,0.688,0.580
2862,95.400,67.231,36.620,58.231,34.620,2,1,1,604.392,1.579,6,1,0.690,6,5.831,3627.869,1.000,0.311,3.904,0.685,0.978,1.330,0.222,0.778,0.950,0.750
2865,95.500,0.000,37.216,0.000,0.596,1,0,1,0.000,0.786,6,0,0.690,3,5.831,3627.869,1.000,0.311,9.244,0.591,0.858,0.123,0.291,0.709,0.875,0.650
2868,95.600,0.000,51.624,0.000,14.408,1,0,1,0.000,0.787,6,0,0.724,3,5.831,3627.869,1.000,0.311,12.074,0.580,0.591,1.591,0.287,0.713,0.919,0.550
2871,95.700,0.000,20.224,0.000,-31.400,1,0,1,0.000,0.821,4,1,0.690,2,5.831,3627.869,1.000,0.324,15.822,0.603,0.178,0.093,0.308,0.692,0.780,0.750
2874,95.800,0.000,14.765,0.000,-5.459,1,0,1,0.000,1.090,4,0,0.690,2,275.282,4693.917,1.000,0.336,14.301,0.850,0.343,0.069,0.270,0.730,0.733,0.750
2877,95.900,0.000,12.166,0.000,-2.599,1,0,1,0.000,1.188,4,0,0.724,2,18.439,5556.204,1.000,0.336,11.898,0.900,0.837,0.080,0.277,0.723,0.715,0.350
2880,96.000,0.000,38.328,0.000,26.162,1,0,1,0.000,1.318,4,0,0.724,2,26.476,5931.088,1.000,0.347,13.241,0.845,1.430,0.023,0.274,0.726,0.864,0.700
2883,96.100,0.000,37.121,0.000,-1.206,1,0,1,0.000,1.171,4,0,0.724,3,43.081,5852.108,1.000,0.358,13.455,0.807,2.463,0.017,0.273,0.727,0.905,0.700
2886,96.200,0.000,49.041,0.000,11.919,1,0,1,0.000,0.870,4,0,0.724,3,43.081,5852.108,1.000,0.358,11.317,0.801,3.600,0.077,0.271,0.729,0.949,0.700
2889,96.300,0.000,54.231,0.000,5.190,1,0,1,0.000,0.743,5,1,0.690,4,211.766,7095.438,1.000,0.358,8.721,0.826,5.514,0.006,0.254,0.746,0.956,0.750
2892,96.400,0.000,43.966,0.000,-10.265,1,0,1,0.000,0.767,5,0,0.690,4,0.000,6534.625,1.000,0.369,5.162,0.807,7.195,0.028,0.233,0.767,0.881,0.700
2895,96.500,0.000,53.009,0.000,9.044,1,0,1,0.000,0.757,5,0,0.690,4,0.000,6331.369,1.000,0.369,6.269,0.625,7.135,0.071,0.222,0.778,0.927,0.700
2898,96.600,0.000,61.074,0.000,8.064,1,0,1,0.000,0.553,6,1,0.655,5,0.000,5663.440,1.000,0.369,6.554,0.757,7.837,0.241,0.257,0.743,0.931,0.750
2901,96.700,0.000,22.091,0.000,-38.983,1,0,1,0.000,0.415,6,0,0.690,5,0.000,5488.797,1.000,0.369,5.721,0.799,8.194,2.373,0.300,0.700,0.780,0.700
2904,96.800,0.000,17.720,0.000,-4.371,1,0,1,0.000,0.577,6,0,0.690,5,0.000,5437.899,1.000,0.379,6.334,0.498,8.471,1.201,0.271,0.729,0.792,0.700
2907,96.900,0.000,20.224,0.000,2.504,1,0,1,0.000,0.675,5,1,0.690,4,43.738,5417.125,1.000,0.379,6.150,0.747,8.894,2.562,0.229,0.771,0.778,0.750
2910,97.000,0.000,45.188,0.000,24.965,1,0,1,0.000,0.733,5,0,0.690,4,83.361,5289.169,1.000,0.379,4.567,0.457,7.582,0.463,0.217,0.783,0.896,0.700
2913,97.100,324.222,34.986,256.991,-10.203,2,1,1,5.831,1.796,5,0,0.724,6,58.249,2919.057,1.000,0.379,5.141,0.666,3.363,3.112,0.218,0.782,0.982,0.700
2916,97.200,17.692,0.000,-306.530,0.000,1,1,0,0.000,1.531,6,1,0.690,5,0.000,860.569,1.000,0.369,6.831,0.646,1.862,0.144,0.231,0.769,0.794,0.750
2919,97.300,31.016,0.000,13.324,0.000,1,1,0,0.000,1.354,6,0,0.690,5,0.000,1252.389,1.000,0.358,6.712,0.612,0.975,0.098,0.223,0.777,0.867,0.350
2922,97.400,20.025,0.000,-10.991,0.000,1,1,0,0.000,1.029,6,0,0.724,5,95.755,1514.240,1.000,0.347,6.235,0.756,0.583,0.015,0.215,0.785,0.784,0.532
2925,97.500,224.116,0.000,204.091,0.000,1,1,0,0.000,1.233,4,1,0.724,3,0.000,1890.344,1.000,0.347,7.772,0.594,0.351,0.070,0.217,0.783,0.958,0.750
2928,97.600,0.000,271.116,0.000,236.130,1,0,1,0.000,1.151,4,0,0.724,3,0.000,1836.169,1.000,0.347,6.414,0.664,0.114,2.432,0.230,0.770,0.919,0.550
2931,97.700,0.000,94.202,0.000,-176.914,1,0,1,0.000,1.240,4,0,0.724,3,0.000,1915.569,1.000,0.347,3.578,0.666,0.125,1.379,0.184,0.816,0.848,0.550
2934,97.800,186.497,0.000,-37.619,0.000,1,1,0,0.000,1.202,4,0,0.724,3,98.762,2316.017,1.000,0.347,6.231,0.515,0.335,2.303,0.199,0.801,0.925,0.550
2937,97.900,17.029,0.000,-169.467,0.000,1,1,0,0.000,1.310,4,0,0.724,3,90.443,2619.300,1.000,0.358,4.974,0.731,0.444,2.705,0.195,0.805,0.723,0.550
2940,98.000,2.236,0.000,-14.793,0.000,1,1,0,0.000,1.606,4,0,0.759,3,30.480,2574.188,1.000,0.358,3.912,0.648,0.483,0.227,0.181,0.819,0.620,0.580
2943,98.100,14.866,0.000,12.630,0.000,1,1,0,0.000,1.573,4,0,0.759,3,54.083,2451.814,1.000,0.358,3.012,0.630,0.597,0.105,0.167,0.833,0.669,0.350
2946,98.200,10.198,322.981,-4.668,228.780,2,1,1,329.621,1.493,4,0,0.759,6,0.000,2456.304,1.000,0.358,2.360,0.648,0.767,0.119,0.152,0.848,0.914,0.650
2949,98.300,2.236,6.000,-7.962,-316.981,2,1,1,330.837,1.633,4,0,0.793,5,0.000,1785.648,1.000,0.358,2.751,0.922,0.952,0.292,0.172,0.828,0.688,0.580
2952,98.400,8.602,8.000,6.366,2.000,2,1,1,327.391,1.808,4,0,0.793,5,24.413,1732.675,1.000,0.358,2.174,0.902,1.223,1.446,0.154,0.846,0.689,0.580
2955,98.500,8.602,8.246,0.000,0.246,2,1,1,316.223,1.831,4,0,0.793,5,32.016,1513.570,1.000,0.358,2.518,0.900,1.410,0.377,0.159,0.841,0.698,0.700
2958,98.600,24.187,4.123,15.584,-4.123,2,1,1,318.680,2.062,4,0,0.828,5,65.734,1183.519,1.000,0.358,2.316,0.902,1.275,0.096,0.148,0.852,0.779,0.350
2961,98.700,19.235,5.099,-4.951,0.976,2,1,1,308.585,1.861,4,0,0.828,6,0.000,1019.727,1.000,0.358,1.840,0.852,1.177,0.138,0.132,0.868,0.743,0.350
2964,98.800,19.849,7.616,0.614,2.517,2,1,1,306.615,1.568,4,0,0.828,6,0.000,920.609,1.000,0.358,1.582,0.881,1.255,0.039,0.108,0.892,0.738,0.350
2967,98.900,24.166,1.414,4.317,-6.202,2,1,1,308.968,1.419,4,0,0.828,5,0.000,1273.457,1.000,0.347,1.200,0.154,1.362,2.691,0.084,0.916,0.803,0.550
2970,99.000,15.524,4.000,-8.642,2.586,2,1,1,307.539,1.310,4,0,0.828,6,0.000,1636.908,1.000,0.336,1.763,0.200,1.436,0.474,0.091,0.909,0.766,0.700
2973,99.100,49.041,16.492,33.517,12.492,2,1,1,350.647,1.199,4,0,0.828,5,0.000,2114.039,1.000,0.324,2.482,0.168,1.735,0.088,0.099,0.901,0.950,0.700
2976,99.200,58.796,0.000,9.755,0.000,1,1,0,0.000,1.069,4,0,0.862,2,89.000,2197.887,1.000,0.336,2.766,0.319,2.403,0.196,0.130,0.870,0.807,0.700
2979,99.300,35.355,0.000,-23.441,0.000,1,1,0,0.000,0.749,5,1,0.828,2,47.434,2448.759,1.000,0.336,2.504,0.156,2.793,0.057,0.129,0.871,0.740,0.750
2982,99.400,0.000,503.707,0.000,11.531,2,0,1,503.707,1.530,5,0,0.828,6,0.000,3261.875,1.000,0.336,3.401,0.454,3.486,0.270,0.155,0.845,0.953,0.700
2985,99.500,95.258,21.260,59.902,-482.447,2,1,1,537.820,1.394,5,0,0.862,6,0.000,4014.307,1.000,0.336,3.254,0.565,3.538,0.247,0.183,0.817,0.942,0.700
2988,99.600,61.612,13.000,-33.646,-8.260,2,1,1,611.494,1.347,3,1,0.828,3,0.000,3728.358,1.000,0.336,3.722,0.715,3.061,0.337,0.184,0.816,0.843,0.750
2991,99.700,0.000,20.881,0.000,7.881,1,0,1,0.000,1.358,3,0,0.828,2,0.000,3728.358,1.000,0.347,3.184,0.601,2.420,0.016,0.166,0.834,0.594,0.700
2994,99.800,0.000,7.616,0.000,-13.265,1,0,1,0.000,1.128,3,0,0.862,2,17.029,3582.284,1.000,0.347,2.964,0.773,1.876,0.557,0.187,0.813,0.502,0.700
2997,99.900,0.000,22.472,0.000,14.856,1,0,1,0.000,1.050,4,1,0.828,3,13.416,3613.569,1.000,0.358,3.217,0.856,1.600,0.002,0.181,0.819,0.700,0.750
3000,100.000,0.000,8.544,0.000,-13.928,1,0,1,0.000,1.045,4,0,0.828,3,7.810,3637.990,1.000,0.358,3.279,0.915,1.292,0.696,0.204,0.796,0.620,0.580
3003,100.100,0.000,7.211,0.000,-1.333,1,0,1,0.000,0.838,4,0,0.862,3,7.211,3120.777,1.000,0.358,2.926,0.865,1.125,0.298,0.189,0.811,0.608,0.580
3006,100.200,0.000,9.220,0.000,2.008,1,0,1,0.000,0.749,4,0,0.862,3,7.071,2644.938,1.000,0.369,2.905,0.752,0.955,0.586,0.200,0.800,0.626,0.580
3009,100.300,0.000,32.062,0.000,22.843,1,0,1,0.000,0.843,4,0,0.862,3,34.205,2533.290,1.000,0.369,3.520,0.764,0.745,0.323,0.219,0.781,0.768,0.000
3012,100.400,0.000,0.000,0.000,0.000,0,0,0,0.000,0.000,4,0,0.897,0,34.205,2533.290,0.967,0.369,4.205,0.744,0.508,1.776,0.171,0.829,0.339,0.650
3015,100.500,0.000,0.000,0.000,0.000,0,0,0,0.000,0.000,5,1,0.862,0,34.205,2533.290,0.933,0.369,5.785,0.723,0.229,0.343,0.185,0.815,0.376,0.750
3018,100.600,0.000,131.894,0.000,99.831,1,0,1,0.000,0.768,5,0,0.862,4,0.000,2625.035,0.933,0.353,6.760,0.734,0.148,3.001,0.225,0.775,0.924,0.650
3021,100.700,0.000,20.125,0.000,-111.769,1,0,1,0.000,0.928,5,0,0.862,4,97.576,1152.508,0.933,0.353,6.686,0.881,0.599,0.080,0.219,0.781,0.773,0.580
3024,100.800,0.000,17.029,0.000,-3.095,1,0,1,0.000,0.965,3,1,0.828,2,61.131,1114.194,0.933,0.363,5.529,0.912,0.852,0.020,0.204,0.796,0.601,0.750
3027,100.900,0.000,11.000,0.000,-6.029,1,0,1,0.000,0.952,3,0,0.828,2,0.000,1008.389,0.933,0.363,3.509,0.883,1.717,0.034,0.173,0.827,0.519,0.700
3030,101.000,0.000,13.601,0.000,2.601,1,0,1,0.000,0.964,3,0,0.828,2,6.325,907.959,0.933,0.373,3.023,0.875,2.459,0.135,0.168,0.832,0.522,0.700
3033,101.100,0.000,14.142,0.000,0.541,1,0,1,0.000,0.996,3,0,0.828,2,19.416,915.605,0.933,0.382,2.809,0.903,2.841,0.060,0.168,0.832,0.518,0.700
3036,101.200,0.000,18.028,0.000,3.886,1,0,1,0.000,0.755,3,0,0.828,2,19.416,960.785,0.933,0.382,3.741,0.893,2.373,0.098,0.178,0.822,0.563,0.700
3039,101.300,0.000,9.487,0.000,-8.541,1,0,1,0.000,0.541,3,0,0.828,2,5.099,1028.649,0.933,0.392,3.531,0.882,2.263,0.007,0.177,0.823,0.511,0.700
3042,101.400,0.000,13.601,0.000,4.115,1,0,1,0.000,0.538,3,0,0.828,2,36.014,1163.864,0.933,0.392,3.002,0.860,2.274,0.099,0.171,0.829,0.522,0.700
3045,101.500,0.000,27.000,0.000,13.399,1,0,1,0.000,0.647,3,0,0.828,2,43.417,1266.060,0.933,0.392,3.307,0.729,2.108,0.347,0.182,0.818,0.614,0.700
3048,101.600,0.000,28.160,0.000,1.160,1,0,1,0.000,0.632,3,0,0.828,2,55.731,1292.088,0.933,0.392,2.941,0.787,1.983,0.340,0.183,0.817,0.607,0.700
3051,101.700,0.000,53.141,0.000,24.981,1,0,1,0.000,0.632,5,1,0.793,4,44.777,1417.804,0.933,0.401,2.965,0.701,1.933,0.404,0.185,0.815,0.831,0.750
3054,101.800,0.000,54.120,0.000,0.979,1,0,1,0.000,0.612,5,0,0.793,2,44.777,1417.804,0.933,0.401,4.100,0.738,1.929,0.190,0.205,0.795,0.785,0.700
3057,101.900,306.067,53.852,244.455,-0.269,2,1,1,569.727,0.725,5,0,0.793,6,21.095,1932.258,0.933,0.401,5.899,0.672,1.936,0.417,0.222,0.778,0.992,0.700
3060,102.000,19.000,38.275,-287.067,-15.576,2,1,1,560.758,0.948,6,1,0.759,6,32.985,1715.148,0.933,0.392,4.811,0.782,2.091,0.948,0.211,0.789,0.920,0.750
3063,102.100,11.045,9.849,-7.955,-28.426,2,1,1,547.644,0.939,6,0,0.759,6,31.575,2008.364,0.933,0.382,2.587,0.669,1.062,0.392,0.166,0.834,0.721,0.580
3066,102.200,543.568,0.000,-6.028,0.000,2,1,0,543.568,1.320,6,0,0.793,6,30.265,2104.718,0.933,0.373,1.797,0.627,0.240,2.219,0.169,0.831,0.893,0.550
3069,102.300,534.792,0.000,-4.854,0.000,2,1,0,534.792,1.990,5,1,0.759,5,399.326,4911.914,0.933,0.389,1.488,0.793,0.239,1.939,0.186,0.814,0.874,0.750
3072,102.400,544.830,0.000,3.674,0.000,2,1,0,544.830,2.384,5,0,0.759,5,0.000,5173.807,0.933,0.389,1.279,0.915,0.591,0.183,0.180,0.820,0.860,0.350
3075,102.500,537.034,0.000,-0.205,0.000,2,1,0,537.034,2.897,5,0,0.793,5,30.150,5272.169,0.933,0.379,1.331,0.953,0.709,0.195,0.180,0.820,0.859,0.350
3078,102.600,533.585,0.000,-4.846,0.000,2,1,0,533.585,3.134,4,1,0.759,5,30.017,4525.229,0.933,0.358,1.177,0.904,0.776,0.780,0.164,0.836,0.858,0.750
3081,102.700,533.585,0.000,1.216,0.000,2,1,0,533.585,3.135,4,0,0.759,5,31.145,3857.659,0.933,0.347,1.087,0.971,0.791,0.062,0.166,0.834,0.851,0.350
3084,102.800,532.616,0.000,-1.447,0.000,2,1,0,532.616,3.136,4,0,0.793,5,32.016,3827.848,0.933,0.324,1.186,0.972,0.957,0.193,0.172,0.828,0.854,0.350
3087,102.900,529.710,0.000,-3.628,0.000,2,1,0,529.710,3.138,5,1,0.759,6,0.000,115.880,0.933,0.311,1.256,0.968,1.119,0.114,0.177,0.823,0.856,0.750
3090,103.000,529.698,0.000,1.689,0.000,2,1,0,529.698,3.137,5,0,0.759,6,0.000,122.827,0.933,0.311,1.250,0.964,1.186,0.125,0.172,0.828,0.856,0.350
3093,103.100,527.524,0.000,-1.457,0.000,2,1,0,527.524,3.135,6,1,0.724,6,135.713,559.549,0.933,0.311,1.799,0.965,1.290,0.204,0.200,0.800,0.869,0.750
3096,103.200,521.966,0.000,-4.821,0.000,2,1,0,521.966,3.134,6,0,0.724,6,28.071,556.149,0.933,0.311,1.761,0.951,1.348,0.221,0.200,0.800,0.869,0.350
3099,103.300,6.083,31.145,-515.884,21.296,2,1,1,522.705,2.927,6,0,0.724,6,26.000,2311.259,0.933,0.311,1.906,0.896,1.414,0.115,0.194,0.806,0.800,0.700
3102,103.400,1.414,30.083,-4.669,-1.062,2,1,1,505.856,2.612,6,0,0.759,6,24.000,5127.754,0.967,0.311,2.493,0.705,1.562,0.092,0.186,0.814,0.826,0.700
3105,103.500,4.472,87.464,3.058,57.381,2,1,1,422.512,2.574,4,1,0.724,6,25.495,4274.669,1.000,0.311,2.128,0.530,1.724,1.042,0.149,0.851,0.916,0.750
3108,103.600,8.062,67.082,3.590,-20.382,2,1,1,347.570,2.420,4,0,0.724,6,25.060,3074.440,1.000,0.311,3.131,0.798,1.873,0.155,0.213,0.787,0.922,0.700
3111,103.700,8.485,27.203,0.423,-39.879,2,1,1,315.945,2.111,4,0,0.759,6,24.597,867.609,1.000,0.311,3.884,0.760,1.827,0.136,0.202,0.798,0.845,0.700
3114,103.800,3.606,12.042,-4.880,-15.161,2,1,1,306.752,1.745,6,1,0.724,6,25.298,1016.019,1.000,0.298,2.683,0.820,1.640,0.236,0.202,0.798,0.727,0.750
3117,103.900,3.000,0.000,-0.606,-12.042,2,1,1,306.366,1.426,6,0,0.724,6,27.203,1349.147,1.000,0.298,0.976,0.858,1.338,0.508,0.147,0.853,0.631,0.580
3120,104.000,4.000,1.000,1.000,1.000,2,1,1,302.524,1.231,6,0,0.724,6,28.231,1138.034,1.000,0.298,1.074,0.947,1.100,0.261,0.151,0.849,0.633,0.580
3123,104.100,4.000,2.000,0.000,1.000,2,1,1,301.810,1.242,6,0,0.724,6,61.400,1279.600,1.000,0.298,1.070,0.936,0.948,0.061,0.148,0.852,0.633,0.580
3126,104.200,4.123,4.243,0.123,2.243,2,1,1,305.110,1.195,6,0,0.724,6,26.249,1024.225,1.000,0.298,1.179,0.900,0.813,0.363,0.137,0.863,0.640,0.580
3129,104.300,31.780,3.162,27.657,-1.080,2,1,1,336.719,1.199,6,0,0.724,6,146.277,1559.968,1.000,0.298,1.533,0.469,0.648,1.136,0.118,0.882,0.832,0.750
3132,104.400,68.542,4.000,36.761,0.838,2,1,1,399.001,1.218,6,1,0.690,6,0.000,1667.987,1.000,0.298,2.907,0.868,0.507,0.624,0.190,0.810,0.912,0.750
3135,104.500,70.292,7.616,1.750,3.616,2,1,1,453.988,1.332,6,0,0.690,6,0.000,2539.308,1.000,0.298,3.450,0.524,0.340,1.121,0.165,0.835,0.950,0.350
3138,104.600,70.214,1.414,-0.078,-6.202,2,1,1,505.123,1.440,6,0,0.724,6,55.660,2697.555,1.000,0.298,2.029,0.458,0.144,0.003,0.117,0.883,0.919,0.350
3141,104.700,52.498,6.083,-17.716,4.669,2,1,1,538.986,1.370,6,0,0.724,6,0.000,2102.834,1.000,0.298,2.386,0.827,0.082,0.495,0.190,0.810,0.902,0.350
3144,104.800,35.693,5.000,-16.804,-1.083,2,1,1,548.592,1.300,6,0,0.724,6,54.406,1833.219,1.000,0.298,3.025,0.775,0.001,1.286,0.191,0.809,0.870,0.580
3147,104.900,13.000,5.831,-22.693,0.831,2,1,1,553.079,0.955,6,0,0.759,6,54.083,1879.725,1.000,0.298,2.550,0.889,0.162,1.723,0.195,0.805,0.724,0.580
3150,105.000,4.472,2.000,-8.528,-3.831,2,1,1,550.963,0.925,6,0,0.759,6,86.977,484.479,1.000,0.298,1.106,0.746,0.494,0.146,0.123,0.877,0.650,0.580
3153,105.100,5.385,2.000,0.913,0.000,2,1,1,547.983,0.671,6,0,0.759,6,55.444,525.239,1.000,0.298,1.089,0.905,1.207,0.156,0.122,0.878,0.644,0.580
3156,105.200,3.000,5.831,-2.385,3.831,2,1,1,551.536,0.698,6,0,0.793,6,54.745,496.309,1.000,0.298,0.890,0.947,0.708,0.198,0.127,0.873,0.638,0.580
3159,105.300,5.831,3.162,2.831,-2.669,2,1,1,543.415,0.776,6,0,0.793,5,85.988,607.914,1.000,0.311,1.013,0.920,0.067,0.207,0.151,0.849,0.613,0.580
3162,105.400,1.414,4.123,-4.417,0.961,2,1,1,546.155,0.949,6,0,0.793,5,85.866,661.794,1.000,0.311,0.682,0.750,0.172,0.127,0.095,0.905,0.607,0.580
3165,105.500,0.000,2.236,-1.414,-1.887,2,1,1,547.883,0.938,6,0,0.828,5,84.646,671.994,1.000,0.311,0.938,0.942,0.167,0.189,0.151,0.849,0.590,0.580
3168,105.600,2.236,5.831,2.236,3.595,2,1,1,545.477,0.962,6,0,0.828,5,121.598,911.644,1.000,0.311,0.675,0.815,0.155,0.550,0.102,0.898,0.612,0.676
3171,105.700,0.000,2.236,-2.236,-3.595,2,1,1,545.404,0.924,6,0,0.828,6,177.815,1169.539,1.000,0.311,0.991,0.890,0.176,0.465,0.138,0.862,0.625,0.750
3174,105.800,1.414,5.657,1.414,3.421,2,1,1,542.148,0.896,6,0,0.862,5,81.345,1166.554,1.000,0.311,0.754,0.841,0.200,0.116,0.107,0.893,0.611,0.580
3177,105.900,1.414,3.606,0.000,-2.051,2,1,1,542.104,1.199,5,1,0.828,5,82.765,1160.675,1.000,0.311,0.950,0.845,0.294,0.195,0.127,0.873,0.635,0.750
3180,106.000,1.000,2.000,-0.414,-1.606,2,1,1,539.400,1.301,5,0,0.862,4,80.056,1276.278,1.000,0.324,0.634,0.839,0.572,0.511,0.099,0.901,0.582,0.580
3183,106.100,3.162,5.385,2.162,3.385,2,1,1,537.573,1.355,5,0,0.862,6,81.025,1135.220,1.000,0.324,1.079,0.927,0.914,0.558,0.144,0.856,0.642,0.580
3186,106.200,14.213,4.123,11.050,-1.262,2,1,1,522.082,1.385,5,0,0.862,6,38.601,1058.595,1.000,0.324,1.892,0.615,1.007,1.165,0.163,0.837,0.733,0.350
3189,106.300,31.401,5.831,17.188,1.708,2,1,1,489.778,1.115,5,0,0.862,6,48.549,873.997,1.000,0.324,2.271,0.623,1.096,0.379,0.172,0.828,0.838,0.350
3192,106.400,52.202,3.162,20.801,-2.669,2,1,1,443.708,0.932,5,0,0.897,6,131.605,2342.678,1.000,0.324,3.219,0.715,1.210,0.045,0.186,0.814,0.930,0.731
3195,106.500,63.702,4.123,11.501,0.961,2,1,1,386.122,1.037,6,1,0.862,6,30.017,3325.007,1.000,0.311,2.312,0.816,1.163,0.428,0.183,0.817,0.901,0.750
3198,106.600,42.450,9.434,-21.252,5.311,2,1,1,343.682,1.093,6,0,0.862,6,31.780,4053.374,1.000,0.311,1.728,0.719,0.952,0.069,0.142,0.858,0.879,0.350
3201,106.700,17.117,2.236,-25.333,-7.198,2,1,1,328.398,1.449,6,0,0.897,6,80.281,4645.529,1.000,0.311,1.234,0.567,0.762,2.691,0.117,0.883,0.736,0.550
3204,106.800,2.236,1.000,-14.881,-1.236,2,1,1,325.983,1.465,6,1,0.862,6,47.011,3868.078,1.000,0.311,0.649,0.558,0.586,0.656,0.091,0.909,0.640,0.750
3207,106.900,5.000,0.000,2.764,-1.000,2,1,1,322.816,1.504,7,1,0.828,6,130.599,3553.569,1.000,0.311,0.784,0.846,0.488,1.245,0.083,0.917,0.612,0.750
3210,107.000,3.000,2.000,-2.000,2.000,2,1,1,325.498,1.335,7,0,0.828,6,78.390,2553.419,1.000,0.298,0.664,0.890,0.446,0.038,0.074,0.926,0.595,0.580
3213,107.100,6.083,0.000,3.083,-2.000,2,1,1,319.440,1.543,4,1,0.793,6,0.000,2448.968,1.000,0.298,0.713,0.916,0.453,0.076,0.085,0.915,0.637,0.750
3216,107.200,2.000,1.000,-4.083,1.000,2,1,1,319.908,1.874,4,0,0.793,6,33.377,2565.835,1.000,0.298,0.450,0.761,0.409,0.698,0.064,0.936,0.619,0.580
3219,107.300,2.236,3.162,0.236,2.162,2,1,1,319.440,1.935,4,0,0.828,6,0.000,1722.779,1.000,0.298,0.204,0.627,0.431,0.059,0.021,0.979,0.629,0.580
3222,107.400,4.000,1.414,1.764,-1.748,2,1,1,324.031,2.413,5,1,0.793,6,97.652,1931.074,1.000,0.298,0.455,0.565,0.402,1.193,0.050,0.950,0.644,0.750
3225,107.500,2.236,3.162,-1.764,1.748,2,1,1,323.563,2.321,5,0,0.793,6,0.000,2024.074,1.000,0.298,0.375,0.431,0.316,2.298,0.041,0.959,0.647,0.580
3228,107.600,5.099,2.236,2.863,-0.926,2,1,1,329.621,2.472,5,0,0.793,6,31.145,1870.100,1.000,0.298,0.831,0.680,0.150,2.015,0.076,0.924,0.652,0.550
3231,107.700,17.205,3.606,12.106,1.369,2,1,1,314.129,2.267,5,0,0.793,6,111.826,2692.244,1.000,0.298,1.564,0.800,0.090,1.279,0.148,0.852,0.729,0.621
3234,107.800,7.071,3.606,-10.134,0.000,2,1,1,315.417,1.889,5,0,0.793,6,35.440,2718.724,1.000,0.298,0.646,0.456,0.079,0.807,0.061,0.939,0.673,0.350
3237,107.900,1.414,5.099,-5.657,1.493,2,1,1,321.279,2.012,4,1,0.759,6,41.110,2787.654,1.000,0.298,1.029,0.910,0.198,1.700,0.125,0.875,0.640,0.750
3240,108.000,2.236,3.162,0.822,-1.937,2,1,1,318.027,2.138,6,1,0.724,6,21.213,2885.510,1.000,0.298,0.721,0.688,0.440,0.757,0.114,0.886,0.637,0.750
3243,108.100,3.162,2.236,0.926,-0.926,2,1,1,317.506,2.080,6,0,0.724,6,57.489,2022.715,1.000,0.298,1.591,0.933,0.662,0.243,0.188,0.812,0.642,0.350
3246,108.200,1.000,3.162,-2.162,0.926,2,1,1,319.977,1.843,5,1,0.690,6,56.886,1942.619,1.000,0.298,1.058,0.885,0.727,0.018,0.146,0.854,0.632,0.750
3249,108.300,4.472,2.236,3.472,-0.926,2,1,1,314.992,1.803,5,1,0.655,6,50.000,2109.215,1.000,0.298,1.046,0.727,0.782,0.372,0.136,0.864,0.650,0.750
3252,108.400,3.000,3.162,-1.472,0.926,2,1,1,318.347,1.884,6,1,0.621,6,52.154,1963.009,1.000,0.298,1.300,0.937,0.697,0.005,0.154,0.846,0.634,0.750
3255,108.500,3.606,2.236,0.606,-0.926,2,1,1,320.301,1.917,6,0,0.621,6,41.593,1864.589,1.000,0.298,1.184,0.834,0.666,0.807,0.134,0.866,0.641,0.350
3258,108.600,2.828,2.236,-0.777,0.000,2,1,1,321.279,1.917,6,1,0.586,6,58.000,1709.658,1.000,0.298,1.414,0.840,0.585,0.069,0.150,0.850,0.642,0.750
3261,108.700,8.544,1.000,5.716,-1.236,2,1,1,330.711,1.827,6,0,0.586,6,126.143,2695.090,1.000,0.298,0.851,0.661,0.528,0.527,0.093,0.907,0.672,0.701
3264,108.800,5.000,5.831,-3.544,4.831,2,1,1,336.364,1.579,6,0,0.621,6,53.339,3168.230,1.000,0.298,0.630,0.390,0.430,1.967,0.070,0.930,0.671,0.550
3267,108.900,3.162,11.662,-1.838,5.831,2,1,1,344.577,1.346,6,1,0.586,6,12.042,3347.899,1.000,0.298,1.471,0.629,0.332,0.278,0.122,0.878,0.708,0.750
3270,109.000,5.099,11.402,1.937,-0.260,2,1,1,356.737,1.282,6,0,0.586,6,57.035,2715.119,1.000,0.298,1.493,0.568,0.204,0.394,0.164,0.836,0.711,0.350
3273,109.100,0.000,77.104,0.000,65.702,1,0,1,0.000,1.325,6,0,0.586,5,24.207,2344.560,1.000,0.311,14.042,0.107,0.093,0.081,0.293,0.707,1.000,0.650
3276,109.200,0.000,57.271,0.000,-19.833,1,0,1,0.000,1.222,3,1,0.552,2,26.907,2256.024,1.000,0.311,19.125,0.661,0.948,0.502,0.204,0.796,0.844,0.750
3279,109.300,0.000,73.790,0.000,16.519,1,0,1,0.000,1.040,3,0,0.552,2,39.812,2418.694,1.000,0.324,13.395,0.492,2.371,0.202,0.192,0.808,0.856,0.700
3282,109.400,0.000,0.000,0.000,0.000,0,0,0,0.000,0.000,3,0,0.586,0,39.812,2418.694,0.967,0.324,13.510,0.591,3.702,0.214,0.240,0.760,0.345,0.700
3285,109.500,0.000,0.000,0.000,0.000,0,0,0,0.000,0.000,3,0,0.586,0,39.812,2418.694,0.933,0.324,14.915,0.597,7.091,0.245,0.203,0.797,0.340,0.700
3288,109.600,82.298,0.000,77.199,0.000,1,1,0,0.000,1.024,3,0,0.586,2,0.000,2620.469,0.933,0.309,15.892,0.810,12.138,0.259,0.198,0.802,0.825,0.700
3291,109.700,8.485,0.000,-73.813,0.000,1,1,0,0.000,0.777,3,0,0.621,2,25.710,2771.794,0.933,0.309,15.032,0.823,15.202,0.005,0.159,0.841,0.622,0.700
3294,109.800,2.000,0.000,-6.485,0.000,1,1,0,0.000,0.948,4,1,0.621,2,25.298,2644.955,0.933,0.320,10.718,0.531,18.107,0.190,0.148,0.852,0.676,0.750
3297,109.900,4.472,0.000,2.472,0.000,1,1,0,0.000,1.062,4,0,0.621,2,23.259,2473.925,0.933,0.331,8.216,0.383,19.543,1.114,0.152,0.848,0.700,0.700
3300,110.000,29.155,0.000,24.683,0.000,1,1,0,0.000,1.018,4,0,0.655,2,0.000,1642.267,0.933,0.331,8.452,0.662,19.690,0.913,0.154,0.846,0.818,0.700
