frame_idx,timestamp,hand_velocity_left,hand_velocity_right,hand_acceleration_left,hand_acceleration_right,hands_present,grip_state_left,grip_state_right,hand_distance,trajectory_curvature,num_tools,tool_changed,tool_stability,num_interactions,contact_point_shift,contact_point_variance,interaction_density,interaction_rhythm,flow_magnitude,flow_uniformity,flow_discontinuity,direction_change,scene_change_score,visual_stability,activity_level,transition_score
0,0.000,0.000,0.000,0.000,0.000,0,0,0,0.000,0.000,3,0,1.000,0,0.000,0.000,0.000,0.000,0.000,1.000,0.000,0.000,0.000,1.000,0.100,0.000
3,0.100,0.000,0.000,0.000,0.000,0,0,0,0.000,0.000,4,1,0.000,0,0.000,0.000,0.000,0.000,4.790,0.857,0.000,2.887,0.300,0.700,0.230,0.750
6,0.200,0.000,0.000,0.000,0.000,0,0,0,0.000,0.000,4,0,0.500,0,0.000,0.000,0.000,0.000,4.518,0.815,0.000,0.026,0.298,0.702,0.226,0.000
9,0.300,0.000,0.000,0.000,0.000,0,0,0,0.000,0.000,4,0,0.667,0,0.000,0.000,0.000,0.000,3.627,0.899,0.000,0.632,0.280,0.720,0.198,0.000
12,0.400,0.000,0.000,0.000,0.000,0,0,0,0.000,0.000,4,0,0.750,0,0.000,0.000,0.000,0.000,1.099,0.717,0.000,0.664,0.154,0.846,0.147,0.000
15,0.500,0.000,0.000,0.000,0.000,0,0,0,0.000,0.000,4,0,0.800,0,0.000,0.000,0.000,0.000,2.331,0.865,0.000,1.352,0.256,0.744,0.168,0.550
18,0.600,0.000,0.000,0.000,0.000,0,0,0,0.000,0.000,3,1,0.667,0,0.000,0.000,0.000,0.000,1.867,0.829,0.000,0.359,0.219,0.781,0.059,0.750
21,0.700,0.000,0.000,0.000,0.000,0,0,0,0.000,0.000,3,0,0.714,0,0.000,0.000,0.000,0.000,2.046,0.285,0.000,0.053,0.181,0.819,0.101,0.480
24,0.800,0.000,0.000,0.000,0.000,0,0,0,0.000,0.000,3,0,0.750,0,0.000,0.000,0.000,0.000,2.288,0.763,0.000,2.210,0.200,0.800,0.074,0.550
27,0.900,0.000,0.000,0.000,0.000,0,0,0,0.000,0.000,4,1,0.667,0,0.000,0.000,0.000,0.000,3.914,0.859,0.000,1.915,0.315,0.685,0.208,0.750
30,1.000,0.000,0.000,0.000,0.000,0,0,0,0.000,0.000,4,0,0.700,0,0.000,0.000,0.000,0.000,5.708,0.887,0.000,0.410,0.317,0.683,0.251,0.000
33,1.100,0.000,0.000,0.000,0.000,0,0,0,0.000,0.000,4,0,0.727,0,0.000,0.000,0.000,0.000,3.481,0.846,0.000,0.217,0.281,0.719,0.198,0.000
36,1.200,0.000,0.000,0.000,0.000,1,0,0,0.000,0.000,3,1,0.667,2,0.000,0.000,0.077,0.000,2.688,0.897,0.000,0.370,0.251,0.749,0.254,0.750
39,1.300,0.000,40.361,0.000,40.361,1,0,0,0.000,0.000,3,0,0.692,2,0.000,11.111,0.143,0.414,2.267,0.886,0.000,0.227,0.251,0.749,0.476,0.550
42,1.400,0.000,7.211,0.000,-33.150,1,0,0,0.000,0.000,3,0,0.714,2,80.062,545.440,0.200,0.449,0.638,0.327,0.000,0.289,0.109,0.891,0.297,0.480
45,1.500,0.000,8.544,0.000,1.333,1,0,0,0.000,1.800,4,1,0.667,3,27.313,442.816,0.250,0.436,0.918,0.823,0.000,2.634,0.143,0.857,0.398,0.750
48,1.600,0.000,8.544,0.000,0.000,1,0,0,0.000,1.327,4,0,0.688,2,31.016,379.605,0.294,0.449,1.085,0.841,0.000,0.640,0.170,0.830,0.361,0.350
51,1.700,0.000,25.612,0.000,17.068,1,0,0,0.000,1.826,4,0,0.706,3,31.321,334.645,0.333,0.442,1.616,0.937,0.000,0.410,0.223,0.777,0.512,0.350
54,1.800,0.000,12.369,0.000,-13.243,1,0,1,0.000,1.655,7,0,0.722,5,26.683,280.298,0.368,0.414,1.712,0.948,0.000,0.302,0.243,0.757,0.518,0.550
57,1.900,0.000,4.472,0.000,-7.897,1,0,1,0.000,1.780,7,0,0.737,5,0.000,235.042,0.400,0.398,1.809,0.966,0.000,0.173,0.236,0.764,0.479,0.580
60,2.000,0.000,8.000,0.000,3.528,1,0,1,0.000,1.561,7,0,0.750,5,0.000,204.119,0.429,0.387,0.854,0.914,0.000,0.043,0.143,0.857,0.482,0.350
63,2.100,0.000,3.162,0.000,-4.838,1,0,1,0.000,1.608,6,0,0.762,4,30.529,83.339,0.455,0.385,0.809,0.693,0.000,0.008,0.139,0.861,0.464,0.580
66,2.200,0.000,3.162,0.000,0.000,1,0,1,0.000,1.407,6,0,0.773,4,0.000,64.468,0.478,0.383,0.822,0.699,0.000,0.355,0.133,0.867,0.467,0.580
69,2.300,0.000,12.042,0.000,8.879,1,0,1,0.000,1.328,6,0,0.783,4,157.991,609.864,0.500,0.381,0.605,0.784,0.000,2.817,0.104,0.896,0.507,0.750
72,2.400,0.000,58.694,0.000,51.623,2,0,1,58.694,1.200,5,0,0.792,6,6.000,588.394,0.520,0.373,1.496,0.803,0.000,0.710,0.207,0.793,0.824,0.650
75,2.500,0.000,54.708,0.000,-3.986,1,0,1,0.000,1.433,5,0,0.800,4,29.069,596.170,0.538,0.372,1.225,0.838,0.000,0.692,0.198,0.802,0.731,0.650
78,2.600,0.000,9.487,0.000,-45.221,1,0,1,0.000,1.452,5,0,0.808,3,24.000,597.284,0.556,0.375,0.902,0.849,0.000,0.270,0.166,0.834,0.490,0.450
81,2.700,0.000,11.402,0.000,1.915,1,0,1,0.000,1.744,4,0,0.815,3,4.000,596.440,0.571,0.377,1.231,0.824,0.000,0.651,0.182,0.818,0.540,0.350
84,2.800,0.000,7.280,0.000,-4.122,1,0,1,0.000,1.783,4,0,0.821,2,8.485,594.609,0.586,0.382,1.711,0.903,0.000,0.219,0.231,0.769,0.480,0.350
87,2.900,0.000,0.000,0.000,0.000,1,0,0,0.000,0.000,4,0,0.828,2,4.000,592.195,0.600,0.389,1.160,0.893,0.000,0.215,0.194,0.806,0.348,0.580
90,3.000,0.000,4.472,0.000,-2.808,1,0,1,0.000,2.072,5,0,0.862,4,7.000,589.367,0.633,0.379,1.379,0.948,0.000,0.215,0.208,0.792,0.513,0.580
93,3.100,0.000,2.236,0.000,-2.236,1,0,1,0.000,2.238,5,0,0.862,4,3.162,587.857,0.667,0.369,0.930,0.907,1.101,0.906,0.172,0.828,0.496,0.580
96,3.200,0.000,5.099,0.000,2.863,1,0,1,0.000,2.184,5,0,0.862,4,0.000,579.867,0.700,0.369,0.990,0.539,0.965,2.407,0.147,0.853,0.543,0.550
99,3.300,0.000,6.325,0.000,1.226,1,0,1,0.000,2.513,3,1,0.828,2,12.000,584.350,0.733,0.369,1.346,0.900,0.913,0.372,0.196,0.804,0.414,0.750
102,3.400,0.000,12.530,0.000,6.205,1,0,1,0.000,2.231,3,0,0.828,2,11.180,594.454,0.767,0.379,1.157,0.734,0.857,0.528,0.160,0.840,0.459,0.350
105,3.500,0.000,12.649,0.000,0.119,1,0,1,0.000,2.021,3,0,0.862,2,3.606,608.404,0.800,0.379,1.495,0.890,0.951,0.339,0.220,0.780,0.461,0.350
108,3.600,0.000,4.000,0.000,-8.649,1,0,1,0.000,1.827,3,0,0.862,2,7.280,629.785,0.833,0.389,1.566,0.869,0.805,0.388,0.247,0.753,0.421,0.580
111,3.700,0.000,3.606,0.000,-0.394,1,0,1,0.000,1.625,2,1,0.828,1,1.000,647.594,0.867,0.399,0.726,0.788,0.688,0.393,0.135,0.865,0.377,0.750
114,3.800,0.000,7.071,0.000,3.466,1,0,1,0.000,1.557,3,1,0.828,2,2.236,663.699,0.900,0.399,1.245,0.935,0.614,0.004,0.196,0.804,0.433,0.750
117,3.900,0.000,15.620,0.000,8.549,1,0,1,0.000,1.256,3,0,0.828,2,59.203,149.449,0.933,0.408,1.046,0.554,0.486,0.413,0.116,0.884,0.506,0.350
120,4.000,0.000,14.213,0.000,-1.408,1,0,1,0.000,1.050,3,0,0.828,2,20.224,156.039,0.967,0.417,1.965,0.910,0.424,0.972,0.227,0.773,0.500,0.350
123,4.100,0.000,46.530,0.000,38.719,2,0,1,46.530,1.019,3,0,0.862,4,20.224,156.039,1.000,0.417,1.719,0.870,0.265,0.794,0.191,0.809,0.782,0.650
126,4.200,0.000,56.080,0.000,9.551,1,0,1,0.000,1.312,3,0,0.862,2,42.485,168.888,1.000,0.417,0.670,0.515,0.025,0.592,0.104,0.896,0.671,0.650
129,4.300,0.000,56.303,0.000,51.831,2,0,1,56.303,1.470,3,0,0.862,4,21.541,174.219,1.000,0.417,1.781,0.883,0.158,0.051,0.234,0.766,0.783,0.650
132,4.400,0.000,45.967,0.000,-10.335,1,0,1,0.000,1.618,3,0,0.897,2,21.541,174.219,1.000,0.426,3.183,0.905,0.290,1.221,0.281,0.719,0.706,0.650
135,4.500,0.000,57.697,0.000,41.666,2,0,1,57.697,2.016,4,1,0.862,4,20.616,167.589,1.000,0.426,3.563,0.920,0.577,0.420,0.298,0.702,0.925,0.750
138,4.600,0.000,63.063,0.000,5.366,1,0,1,0.000,2.189,4,0,0.862,2,5.000,165.567,1.000,0.435,2.016,0.943,0.896,0.482,0.250,0.750,0.744,0.650
141,4.700,0.000,10.050,0.000,-53.014,1,0,1,0.000,2.293,4,0,0.862,2,5.000,165.567,1.000,0.435,1.578,0.700,1.102,0.302,0.207,0.793,0.556,0.450
144,4.800,0.000,10.440,0.000,0.390,1,0,1,0.000,1.931,4,0,0.862,3,26.401,169.688,1.000,0.435,1.866,0.754,1.361,0.236,0.246,0.754,0.607,0.350
147,4.900,0.000,15.652,0.000,5.212,1,0,1,0.000,1.907,4,0,0.862,3,10.000,167.007,1.000,0.435,2.142,0.745,1.638,0.802,0.259,0.741,0.643,0.700
150,5.000,0.000,20.248,0.000,4.596,1,0,1,0.000,2.024,4,0,0.862,3,10.000,167.007,1.000,0.435,2.358,0.932,2.292,1.461,0.264,0.736,0.661,0.700
153,5.100,0.000,28.443,0.000,8.194,1,0,1,0.000,1.829,4,0,0.862,2,8.944,163.844,1.000,0.435,2.737,0.854,2.291,0.499,0.266,0.734,0.677,0.700
156,5.200,0.000,10.630,0.000,-17.813,1,0,1,0.000,2.006,4,0,0.862,2,8.944,163.844,1.000,0.435,2.790,0.897,2.368,1.660,0.301,0.699,0.576,0.700
159,5.300,0.000,7.071,0.000,-3.559,1,0,1,0.000,1.962,4,0,0.862,2,12.649,165.700,1.000,0.444,3.549,0.943,2.768,0.818,0.287,0.713,0.572,0.700
162,5.400,0.000,17.889,0.000,10.817,1,0,1,0.000,1.946,3,1,0.828,2,5.831,166.900,1.000,0.444,1.831,0.862,3.648,0.045,0.224,0.776,0.525,0.750
165,5.500,0.000,7.211,0.000,-10.677,1,0,1,0.000,1.925,3,0,0.828,2,33.601,158.409,1.000,0.453,2.672,0.811,4.047,0.892,0.265,0.735,0.490,0.700
168,5.600,0.000,5.099,0.000,-2.112,1,0,1,0.000,1.999,3,0,0.828,2,27.857,158.935,1.000,0.453,2.204,0.882,3.255,0.949,0.277,0.723,0.462,0.700
171,5.700,0.000,8.000,0.000,2.901,1,0,1,0.000,1.922,4,1,0.793,2,8.062,158.944,1.000,0.462,1.877,0.239,3.142,1.816,0.229,0.771,0.585,0.750
174,5.800,0.000,0.000,0.000,-8.000,1,0,1,0.000,1.764,4,0,0.793,2,8.062,162.078,1.000,0.462,3.037,0.756,3.144,0.043,0.268,0.732,0.533,0.700
177,5.900,0.000,6.000,0.000,6.000,1,0,1,0.000,1.825,4,0,0.793,2,4.243,160.885,1.000,0.462,2.307,0.625,3.307,1.401,0.268,0.732,0.557,0.700
180,6.000,0.000,8.062,0.000,2.062,1,0,1,0.000,1.692,5,0,0.793,3,19.416,158.327,1.000,0.462,3.324,0.520,1.709,1.167,0.289,0.711,0.619,0.700
183,6.100,0.000,0.000,0.000,0.000,0,0,0,0.000,0.000,5,0,0.793,0,19.416,158.327,0.967,0.462,3.603,0.805,1.072,1.269,0.314,0.686,0.320,0.650
186,6.200,0.000,0.000,0.000,0.000,0,0,0,0.000,0.000,5,0,0.828,0,19.416,158.327,0.933,0.462,2.515,0.855,1.129,0.742,0.273,0.727,0.285,0.580
189,6.300,0.000,0.000,0.000,0.000,0,0,0,0.000,0.000,4,0,0.828,0,19.416,158.327,0.900,0.462,6.090,0.960,1.186,2.011,0.366,0.634,0.363,0.616
192,6.400,0.000,0.000,0.000,0.000,0,0,0,0.000,0.000,4,0,0.828,0,19.416,158.327,0.867,0.462,8.591,0.984,1.512,0.448,0.360,0.640,0.405,0.700
195,6.500,0.000,0.000,0.000,0.000,0,0,0,0.000,0.000,4,0,0.828,0,19.416,158.327,0.833,0.462,5.436,0.972,2.005,0.098,0.349,0.651,0.338,0.700
198,6.600,0.000,0.000,0.000,0.000,0,0,0,0.000,0.000,5,0,0.862,0,19.416,158.327,0.800,0.462,3.838,0.950,2.171,1.301,0.322,0.678,0.295,0.700
201,6.700,0.000,0.000,0.000,0.000,0,0,0,0.000,0.000,5,0,0.897,0,19.416,158.327,0.767,0.462,3.190,0.880,2.089,1.172,0.306,0.694,0.280,0.700
204,6.800,0.000,0.000,0.000,0.000,0,0,0,0.000,0.000,5,0,0.897,0,19.416,158.327,0.733,0.462,3.352,0.715,2.048,0.724,0.301,0.699,0.292,0.700
207,6.900,0.000,0.000,0.000,0.000,0,0,0,0.000,0.000,4,0,0.897,0,19.416,158.327,0.700,0.462,6.939,0.878,1.709,0.657,0.351,0.649,0.366,0.700
210,7.000,0.000,0.000,0.000,0.000,0,0,0,0.000,0.000,4,0,0.897,0,19.416,158.327,0.667,0.462,5.557,0.875,2.203,0.434,0.273,0.727,0.328,0.700
213,7.100,0.000,0.000,0.000,0.000,0,0,0,0.000,0.000,4,0,0.897,0,19.416,158.327,0.633,0.462,4.281,0.904,2.384,0.011,0.257,0.743,0.290,0.700
216,7.200,0.000,229.072,0.000,221.010,1,0,1,0.000,1.584,4,0,0.897,3,148.405,737.834,0.633,0.274,2.507,0.899,2.573,0.775,0.226,0.774,0.761,0.750
219,7.300,0.000,24.839,0.000,-204.233,1,0,1,0.000,1.461,4,0,0.897,3,17.464,1162.414,0.633,0.268,1.778,0.778,3.042,0.085,0.170,0.830,0.639,0.700
222,7.400,0.000,17.000,0.000,-7.839,1,0,1,0.000,1.088,4,0,0.931,3,239.508,3188.015,0.633,0.268,0.862,0.536,2.798,0.356,0.109,0.891,0.589,0.750
225,7.500,0.000,10.000,0.000,-7.000,1,0,1,0.000,0.983,5,1,0.897,4,19.105,3882.905,0.633,0.268,0.722,0.480,2.863,0.157,0.096,0.904,0.560,0.750
228,7.600,0.000,10.630,0.000,0.630,1,0,1,0.000,0.962,5,0,0.897,4,227.150,5365.714,0.633,0.262,0.472,0.510,2.726,0.104,0.058,0.942,0.555,0.750
231,7.700,0.000,2.236,0.000,-8.394,1,0,1,0.000,0.994,5,0,0.897,3,20.000,5500.694,0.633,0.262,0.465,0.529,1.956,1.967,0.067,0.933,0.471,0.700
234,7.800,0.000,3.162,0.000,0.926,1,0,1,0.000,0.968,6,1,0.862,4,0.000,5249.724,0.633,0.262,0.491,0.482,1.790,3.113,0.075,0.925,0.492,0.750
237,7.900,0.000,8.062,0.000,4.900,1,0,1,0.000,0.812,6,0,0.862,5,60.000,4415.847,0.633,0.256,1.398,0.880,0.358,1.333,0.183,0.817,0.544,0.580
240,8.000,0.000,5.657,0.000,-2.405,1,0,1,0.000,0.721,6,0,0.862,5,215.796,3746.140,0.633,0.250,1.419,0.877,0.316,0.072,0.198,0.802,0.532,0.750
243,8.100,0.000,13.928,0.000,8.272,1,0,1,0.000,0.605,6,0,0.862,5,212.038,3271.330,0.633,0.244,1.967,0.927,0.570,0.818,0.205,0.795,0.588,0.750
246,8.200,0.000,5.385,0.000,-8.543,1,0,1,0.000,0.559,6,0,0.862,5,2.000,3293.315,0.633,0.238,1.497,0.810,0.685,0.234,0.170,0.830,0.537,0.580
249,8.300,0.000,20.518,0.000,15.133,1,0,1,0.000,0.586,6,0,0.897,5,31.623,3374.144,0.633,0.225,2.299,0.863,0.768,0.089,0.205,0.795,0.637,0.000
252,8.400,0.000,14.318,0.000,-6.200,1,0,1,0.000,0.616,4,1,0.862,3,0.000,2383.019,0.633,0.225,2.284,0.948,0.800,0.252,0.209,0.791,0.581,0.750
255,8.500,0.000,15.811,0.000,1.494,1,0,1,0.000,0.795,4,0,0.862,3,26.306,2504.670,0.633,0.219,1.527,0.574,1.096,2.681,0.128,0.872,0.597,0.550
258,8.600,0.000,7.810,0.000,-8.001,1,0,1,0.000,1.078,4,0,0.897,3,26.306,2504.670,0.633,0.219,2.878,0.916,1.334,2.470,0.244,0.756,0.562,0.550
261,8.700,0.000,15.620,0.000,7.810,1,0,1,0.000,1.053,5,0,0.897,4,42.720,2509.449,0.633,0.369,1.975,0.927,1.513,0.092,0.224,0.776,0.591,0.700
264,8.800,0.000,12.649,0.000,-2.971,1,0,1,0.000,0.986,5,0,0.897,4,0.000,2599.435,0.633,0.358,3.115,0.927,1.599,0.184,0.250,0.750,0.603,0.700
267,8.900,0.000,16.763,0.000,4.114,1,0,1,0.000,0.844,5,0,0.897,4,5.657,1490.435,0.633,0.358,1.617,0.883,1.432,0.477,0.206,0.794,0.592,0.700
270,9.000,0.000,5.831,0.000,-10.932,1,0,1,0.000,1.145,8,1,0.862,6,0.000,1488.840,0.633,0.358,1.655,0.703,1.265,1.528,0.165,0.835,0.536,0.750
273,9.100,0.000,9.899,0.000,4.069,1,0,1,0.000,1.460,8,0,0.862,6,63.695,1538.119,0.667,0.347,2.478,0.880,1.057,1.519,0.229,0.771,0.570,0.550
276,9.200,0.000,4.243,0.000,-5.657,1,0,1,0.000,1.420,8,0,0.862,6,0.000,1545.244,0.700,0.347,1.955,0.878,0.833,0.624,0.211,0.789,0.530,0.580
279,9.300,0.000,6.325,0.000,2.082,1,0,1,0.000,1.152,5,1,0.828,4,73.790,1581.930,0.733,0.347,2.305,0.949,0.694,0.136,0.222,0.778,0.558,0.750
282,9.400,0.000,6.083,0.000,-0.242,1,0,1,0.000,0.832,5,0,0.828,4,9.434,1602.987,0.767,0.347,2.556,0.944,0.489,0.243,0.226,0.774,0.568,0.000
285,9.500,0.000,7.810,0.000,1.727,1,0,1,0.000,0.939,5,0,0.828,4,4.123,399.809,0.800,0.347,1.796,0.948,0.318,0.640,0.203,0.797,0.562,0.350
288,9.600,0.000,4.472,0.000,-3.338,1,0,1,0.000,0.944,4,0,0.828,2,69.260,421.664,0.833,0.358,1.108,0.881,0.185,0.484,0.171,0.829,0.481,0.580
291,9.700,0.000,5.000,0.000,0.528,1,0,1,0.000,1.196,4,0,0.828,3,0.000,448.464,0.867,0.358,1.578,0.741,0.152,1.345,0.190,0.810,0.554,0.580
294,9.800,0.000,5.385,0.000,0.385,1,0,1,0.000,0.942,4,0,0.828,3,0.000,442.959,0.900,0.369,2.854,0.907,0.091,0.463,0.219,0.781,0.581,0.580
297,9.900,0.000,4.243,0.000,-1.143,1,0,1,0.000,0.827,5,0,0.828,4,93.301,800.694,0.933,0.358,1.021,0.480,0.035,1.245,0.118,0.882,0.571,0.580
300,10.000,0.000,4.000,0.000,-0.243,1,0,1,0.000,1.121,5,0,0.828,4,158.345,834.634,0.967,0.358,1.305,0.815,0.116,1.794,0.155,0.845,0.558,0.750
303,10.100,0.000,6.000,0.000,2.000,1,0,1,0.000,1.260,5,0,0.828,4,71.063,897.254,1.000,0.358,1.100,0.901,0.425,2.768,0.141,0.859,0.562,0.550
306,10.200,0.000,8.544,0.000,2.544,1,0,1,0.000,1.440,4,0,0.828,3,71.063,897.254,1.000,0.358,0.823,0.630,0.514,0.055,0.104,0.896,0.579,0.350
309,10.300,0.000,5.831,0.000,-2.713,1,0,1,0.000,1.445,4,0,0.828,3,96.167,1277.537,1.000,0.358,0.953,0.441,0.483,0.425,0.088,0.912,0.580,0.534
312,10.400,0.000,7.000,0.000,1.169,1,0,1,0.000,1.522,4,0,0.862,3,96.167,1277.537,1.000,0.369,1.455,0.918,0.139,0.496,0.170,0.830,0.566,0.534
315,10.500,0.000,12.806,0.000,5.806,1,0,1,0.000,1.380,5,0,0.862,4,122.287,1478.638,1.000,0.369,0.992,0.301,0.067,0.889,0.087,0.913,0.639,0.679
318,10.600,0.000,8.602,0.000,-4.204,1,0,1,0.000,1.367,5,0,0.862,4,115.521,1491.800,1.000,0.369,1.557,0.873,0.067,1.118,0.177,0.823,0.590,0.642
321,10.700,0.000,8.602,0.000,0.000,1,0,1,0.000,1.316,5,0,0.897,4,5.657,1487.010,1.000,0.379,1.708,0.844,0.340,1.781,0.170,0.830,0.595,0.550
324,10.800,0.000,19.723,0.000,11.121,1,0,1,0.000,1.229,4,0,0.897,3,5.657,1487.010,1.000,0.379,3.598,0.779,0.574,1.359,0.234,0.766,0.700,0.550
327,10.900,0.000,8.246,0.000,-11.477,1,0,1,0.000,1.068,4,0,0.897,3,5.657,1487.010,1.000,0.389,4.430,0.749,0.776,0.343,0.251,0.749,0.659,0.350
330,11.000,0.000,6.403,0.000,-1.843,1,0,1,0.000,0.909,4,0,0.897,3,5.657,1487.010,1.000,0.389,3.507,0.885,0.700,0.005,0.243,0.757,0.616,0.350
333,11.100,0.000,6.325,0.000,-0.079,1,0,1,0.000,0.921,5,0,0.897,4,84.155,1504.149,1.000,0.389,3.354,0.919,0.551,0.229,0.225,0.775,0.619,0.550
336,11.200,0.000,8.246,0.000,1.922,1,0,1,0.000,1.114,5,0,0.897,4,9.220,1505.919,1.000,0.389,2.632,0.858,0.100,0.102,0.220,0.780,0.616,0.350
339,11.300,0.000,6.083,0.000,-2.163,1,0,1,0.000,1.053,5,0,0.931,4,1.414,1529.340,1.000,0.379,2.061,0.933,0.021,0.202,0.187,0.813,0.584,0.350
342,11.400,0.000,8.000,0.000,1.917,1,0,1,0.000,1.236,5,1,0.897,4,86.470,1561.774,1.000,0.379,1.545,0.935,0.140,0.353,0.166,0.834,0.582,0.750
345,11.500,0.000,57.201,0.000,49.201,1,0,1,0.000,1.315,5,0,0.897,4,0.000,2962.767,1.000,0.379,11.833,0.072,0.065,0.239,0.332,0.668,1.000,0.480
348,11.600,0.000,21.471,0.000,-35.730,1,0,1,0.000,1.164,5,0,0.897,4,3.606,3620.635,1.000,0.379,2.038,0.775,1.188,1.651,0.215,0.785,0.680,0.550
351,11.700,0.000,7.071,0.000,-14.400,1,0,1,0.000,1.171,5,1,0.862,2,72.339,3538.910,1.000,0.379,0.952,0.591,1.487,1.704,0.135,0.865,0.514,0.750
354,11.800,0.000,5.000,0.000,-2.071,1,0,1,0.000,1.268,4,1,0.828,2,66.098,3057.124,1.000,0.389,0.930,0.950,1.496,0.364,0.140,0.860,0.495,0.750
357,11.900,0.000,3.606,0.000,-1.394,1,0,1,0.000,1.414,4,0,0.862,2,72.339,2495.885,1.000,0.389,1.020,0.950,1.879,0.039,0.154,0.846,0.489,0.700
360,12.000,0.000,3.606,0.000,0.000,1,0,1,0.000,1.141,5,1,0.828,2,32.000,2010.900,1.000,0.399,2.342,0.991,1.843,0.600,0.202,0.798,0.501,0.750
363,12.100,0.000,6.403,0.000,2.798,1,0,1,0.000,1.128,5,0,0.828,3,0.000,1122.707,1.000,0.399,2.904,0.983,1.987,0.356,0.232,0.768,0.567,0.700
366,12.200,0.000,4.243,0.000,-2.160,1,0,1,0.000,0.925,5,0,0.862,2,31.000,422.565,1.000,0.399,2.159,0.971,2.378,0.142,0.218,0.782,0.502,0.700
369,12.300,0.000,1.414,0.000,-2.828,1,0,1,0.000,0.846,4,0,0.862,2,68.359,476.339,1.000,0.399,2.041,0.954,2.487,0.296,0.202,0.798,0.502,0.700
372,12.400,0.000,5.385,0.000,3.971,1,0,1,0.000,0.840,4,0,0.862,2,31.016,400.514,1.000,0.408,2.687,0.968,1.679,0.013,0.223,0.777,0.539,0.700
375,12.500,0.000,5.385,0.000,0.000,1,0,1,0.000,0.892,4,0,0.862,3,0.000,367.519,1.000,0.408,2.862,0.985,1.028,0.326,0.222,0.778,0.588,0.000
378,12.600,0.000,1.000,0.000,-4.385,1,0,1,0.000,0.958,4,1,0.828,2,73.335,387.808,1.000,0.417,1.236,0.818,0.803,0.620,0.167,0.833,0.489,0.750
381,12.700,0.000,6.000,0.000,5.000,1,0,1,0.000,0.688,4,0,0.828,2,72.180,420.269,1.000,0.417,0.998,0.592,0.523,0.024,0.135,0.865,0.527,0.000
384,12.800,0.000,3.606,0.000,-2.394,1,0,1,0.000,0.712,5,1,0.793,2,56.436,394.019,1.000,0.426,1.359,0.513,0.366,0.268,0.169,0.831,0.510,0.750
387,12.900,0.000,3.000,0.000,-0.606,1,0,1,0.000,0.747,6,0,0.793,3,0.000,433.735,1.000,0.426,1.293,0.646,0.377,0.065,0.162,0.838,0.514,0.000
390,13.000,0.000,1.000,0.000,-2.000,1,0,1,0.000,0.929,6,0,0.793,3,22.023,436.245,1.000,0.426,1.155,0.188,0.338,0.340,0.156,0.844,0.531,0.580
393,13.100,0.000,3.162,0.000,2.162,1,0,1,0.000,0.889,6,0,0.793,3,0.000,419.440,1.000,0.426,1.531,0.269,0.391,0.350,0.182,0.818,0.547,0.000
396,13.200,0.000,2.236,0.000,-0.926,1,0,1,0.000,0.856,5,0,0.793,2,57.428,446.775,1.000,0.426,1.487,0.244,0.432,0.339,0.173,0.827,0.525,0.580
399,13.300,0.000,1.000,0.000,-1.236,1,0,1,0.000,0.900,5,0,0.793,2,57.079,469.875,1.000,0.435,1.460,0.343,0.423,0.046,0.169,0.831,0.510,0.580
402,13.400,0.000,3.606,0.000,2.606,1,0,1,0.000,0.729,5,0,0.793,2,57.140,422.408,1.000,0.435,1.080,0.425,0.408,0.382,0.137,0.863,0.509,0.000
405,13.500,0.000,1.414,0.000,-2.191,1,0,1,0.000,0.754,5,0,0.793,2,24.698,330.237,1.000,0.444,1.315,0.328,0.393,0.709,0.163,0.837,0.510,0.580
408,13.600,0.000,0.000,0.000,-1.414,1,0,1,0.000,0.777,5,0,0.793,2,24.698,303.600,1.000,0.444,1.284,0.478,0.460,0.829,0.160,0.840,0.491,0.580
411,13.700,0.000,2.000,0.000,2.000,1,0,1,0.000,0.809,5,0,0.793,2,24.698,275.689,1.000,0.453,1.122,0.746,0.541,0.390,0.160,0.840,0.479,0.580
414,13.800,0.000,1.000,0.000,-1.000,1,0,1,0.000,0.547,5,1,0.759,3,38.328,278.719,1.000,0.453,0.981,0.823,0.583,0.193,0.152,0.848,0.500,0.750
417,13.900,0.000,0.000,0.000,-1.000,1,0,1,0.000,0.407,6,1,0.724,3,32.757,272.554,1.000,0.453,1.250,0.905,0.569,0.260,0.175,0.825,0.478,0.750
420,14.000,0.000,5.385,0.000,5.385,1,0,1,0.000,0.473,5,1,0.690,3,53.235,269.359,1.000,0.453,1.370,0.937,0.568,0.217,0.185,0.815,0.527,0.750
423,14.100,0.000,2.000,0.000,-3.385,1,0,1,0.000,0.684,5,0,0.690,3,20.809,252.100,1.000,0.462,1.256,0.955,0.592,0.027,0.177,0.823,0.504,0.580
426,14.200,0.000,2.000,0.000,0.000,1,0,1,0.000,0.930,5,0,0.690,3,20.248,237.389,1.000,0.453,1.086,0.957,0.531,0.167,0.164,0.836,0.499,0.350
429,14.300,0.000,4.123,0.000,2.123,1,0,1,0.000,0.942,5,0,0.724,3,21.095,259.400,1.000,0.453,1.123,0.926,0.480,0.260,0.167,0.833,0.514,0.350
432,14.400,0.000,1.000,0.000,-3.123,1,0,1,0.000,1.333,5,0,0.724,3,73.756,374.364,1.000,0.444,1.125,0.956,0.465,0.207,0.170,0.830,0.495,0.580
435,14.500,0.000,4.123,0.000,3.123,1,0,1,0.000,1.593,5,0,0.724,3,78.447,474.950,1.000,0.444,1.033,0.941,0.462,0.130,0.158,0.842,0.511,0.350
438,14.600,0.000,1.000,0.000,-3.123,1,0,1,0.000,1.896,5,0,0.759,3,79.076,566.899,1.000,0.444,1.089,0.917,0.704,0.094,0.165,0.835,0.497,0.350
441,14.700,0.000,5.385,0.000,4.385,1,0,1,0.000,1.904,5,0,0.793,3,23.324,559.219,1.000,0.435,1.073,0.941,0.701,0.014,0.162,0.838,0.519,0.350
444,14.800,0.000,1.414,0.000,-3.971,1,0,1,0.000,2.008,5,0,0.793,3,29.682,648.220,1.000,0.435,0.765,0.916,0.821,0.008,0.131,0.869,0.491,0.350
447,14.900,0.000,1.000,0.000,-0.414,1,0,1,0.000,1.862,5,0,0.828,3,28.302,652.637,1.000,0.435,0.324,0.489,0.984,0.545,0.047,0.953,0.507,0.350
450,15.000,0.000,1.000,0.000,0.000,1,0,1,0.000,1.862,5,0,0.828,3,26.077,727.125,1.000,0.426,0.256,0.506,1.075,2.179,0.043,0.957,0.505,0.550
453,15.100,0.000,2.000,0.000,1.000,1,0,1,0.000,2.028,5,0,0.828,3,21.954,736.848,1.000,0.426,0.739,0.784,1.095,0.638,0.122,0.878,0.503,0.350
456,15.200,0.000,1.414,0.000,-0.586,1,0,1,0.000,1.960,5,0,0.828,3,28.302,740.394,1.000,0.426,0.871,0.948,1.125,0.116,0.140,0.860,0.491,0.350
459,15.300,0.000,2.000,0.000,0.586,1,0,1,0.000,1.697,5,0,0.828,3,28.018,763.848,1.000,0.426,0.651,0.848,1.049,0.090,0.114,0.886,0.496,0.350
462,15.400,0.000,2.000,0.000,0.000,1,0,1,0.000,1.666,5,0,0.828,3,28.018,773.714,1.000,0.426,0.927,0.939,0.964,0.152,0.150,0.850,0.497,0.350
465,15.500,0.000,2.000,0.000,0.000,1,0,1,0.000,1.422,5,0,0.862,3,28.018,852.428,1.000,0.417,0.914,0.917,1.038,0.020,0.149,0.851,0.498,0.350
468,15.600,0.000,1.000,0.000,-1.000,1,0,1,0.000,1.473,5,0,0.862,3,37.000,765.967,1.000,0.417,0.486,0.816,2.320,0.465,0.089,0.911,0.489,0.700
471,15.700,0.000,1.414,0.000,0.414,1,0,1,0.000,1.669,5,0,0.897,3,30.463,668.119,1.000,0.408,0.594,0.945,2.644,0.234,0.108,0.892,0.485,0.700
474,15.800,0.000,1.000,0.000,-0.414,1,0,1,0.000,1.767,5,0,0.897,3,39.560,580.929,1.000,0.408,0.571,0.874,3.032,0.409,0.105,0.895,0.487,0.700
477,15.900,0.000,2.000,0.000,1.000,1,0,1,0.000,1.767,5,0,0.897,3,29.206,584.079,1.000,0.408,0.448,0.772,3.128,0.444,0.078,0.922,0.496,0.700
480,16.000,0.000,2.000,0.000,0.000,1,0,1,0.000,1.865,5,0,0.897,3,29.206,495.019,1.000,0.408,0.261,0.667,3.287,0.023,0.045,0.955,0.499,0.700
483,16.100,0.000,88.006,0.000,86.006,1,0,1,0.000,1.965,6,1,0.862,4,12.369,644.774,1.000,0.408,13.280,0.154,3.406,2.254,0.358,0.642,0.979,0.750
486,16.200,276.525,22.023,276.525,-65.983,2,0,1,372.787,1.856,3,1,0.828,3,372.787,2557.829,1.000,0.408,0.687,0.495,1.821,0.577,0.089,0.911,0.783,0.750
489,16.300,4.123,3.000,-272.402,-19.023,2,0,1,373.186,2.163,3,0,0.828,3,4.123,2894.260,1.000,0.408,0.569,0.492,2.076,0.170,0.064,0.936,0.553,0.700
492,16.400,5.099,12.369,0.976,9.369,2,0,1,366.083,1.801,3,0,0.828,2,5.099,3207.788,1.000,0.408,0.787,0.577,2.111,2.558,0.104,0.896,0.538,0.700
495,16.500,4.123,5.000,-0.976,-7.369,2,0,1,367.441,1.733,3,0,0.828,4,0.000,3769.479,1.000,0.408,1.059,0.737,1.566,2.731,0.075,0.925,0.553,0.700
498,16.600,8.062,5.000,3.939,0.000,2,0,1,378.419,1.635,3,0,0.828,4,0.000,4252.744,1.000,0.408,1.032,0.644,1.637,0.051,0.083,0.917,0.576,0.700
501,16.700,3.606,3.000,-4.457,-2.000,2,1,1,375.421,1.831,3,0,0.862,4,255.212,5129.997,1.000,0.399,0.817,0.531,1.829,2.734,0.087,0.913,0.553,0.750
504,16.800,4.243,15.133,0.637,12.133,2,1,1,386.476,1.815,3,0,0.897,4,274.838,6124.469,1.000,0.399,1.126,0.559,1.881,0.613,0.084,0.916,0.623,0.750
507,16.900,4.123,27.313,-0.120,12.180,2,1,1,400.835,1.652,3,0,0.931,4,139.517,7185.448,1.000,0.399,1.535,0.626,1.996,0.226,0.084,0.916,0.696,0.750
510,17.000,3.162,35.903,-0.961,8.590,2,1,1,427.310,1.588,3,0,0.931,4,133.195,7983.455,1.000,0.389,2.176,0.605,2.272,0.220,0.091,0.909,0.762,0.740
513,17.100,13.038,44.045,9.876,8.143,2,1,1,479.483,1.304,3,0,0.931,4,113.004,5855.449,1.000,0.389,3.069,0.217,2.881,0.829,0.124,0.876,0.856,0.700
516,17.200,3.000,0.000,-10.038,0.000,1,1,0,0.000,1.277,3,0,0.931,2,3.000,5925.619,1.000,0.389,2.392,0.558,3.708,0.725,0.142,0.858,0.477,0.700
519,17.300,2.000,0.000,-1.000,0.000,1,1,0,0.000,1.479,3,0,0.931,2,2.000,5985.137,1.000,0.399,1.991,0.681,4.300,1.275,0.143,0.857,0.453,0.700
522,17.400,2.828,0.000,0.828,0.000,1,1,0,0.000,1.623,3,0,0.931,2,2.828,6031.419,1.000,0.399,0.723,0.628,4.940,2.126,0.109,0.891,0.430,0.700
525,17.500,2.236,0.000,-0.592,0.000,1,1,0,0.000,1.378,3,0,0.931,2,2.236,6085.415,1.000,0.399,1.051,0.790,5.340,0.251,0.149,0.851,0.423,0.700
528,17.600,1.000,0.000,-1.236,0.000,1,1,0,0.000,1.608,3,0,0.931,2,0.000,6164.804,1.000,0.408,1.829,0.727,5.561,0.111,0.188,0.812,0.440,0.700
531,17.700,11.180,0.000,10.180,0.000,1,1,0,0.000,1.759,3,0,0.931,2,133.843,5480.664,1.000,0.408,3.573,0.896,0.028,0.982,0.230,0.770,0.529,0.744
534,17.800,21.932,0.000,10.751,0.000,1,1,0,0.000,1.829,3,0,0.931,2,142.225,4568.609,1.000,0.408,7.259,0.930,0.041,0.134,0.270,0.730,0.678,0.750
537,17.900,18.868,0.000,-3.064,0.000,1,1,0,0.000,1.499,3,0,0.931,2,0.000,3212.679,1.000,0.417,7.267,0.930,0.186,0.018,0.272,0.728,0.661,0.350
540,18.000,3.000,0.000,-15.868,0.000,1,1,0,0.000,1.383,3,0,0.931,2,0.000,3011.160,1.000,0.417,4.676,0.938,0.313,0.035,0.258,0.742,0.508,0.580
543,18.100,3.162,0.000,0.162,0.000,1,1,0,0.000,1.030,3,0,0.931,2,142.225,2118.737,1.000,0.417,2.307,0.837,0.374,0.281,0.215,0.785,0.457,0.750
546,18.200,9.849,0.000,6.687,0.000,1,1,0,0.000,0.748,3,0,0.931,2,0.000,1712.394,1.000,0.426,3.747,0.843,0.395,0.192,0.244,0.756,0.529,0.000
549,18.300,12.369,0.000,2.520,0.000,1,1,0,0.000,0.729,3,0,0.931,2,0.000,1579.819,1.000,0.426,4.361,0.865,0.459,0.081,0.257,0.743,0.557,0.000
552,18.400,5.000,0.000,-7.369,0.000,1,1,0,0.000,0.621,3,0,0.931,2,0.000,1484.519,1.000,0.435,2.657,0.787,0.518,1.036,0.219,0.781,0.479,0.000
555,18.500,2.000,0.000,-3.000,0.000,1,1,0,0.000,0.679,3,0,0.931,2,1.000,1406.244,1.000,0.435,3.419,0.907,0.530,0.430,0.238,0.762,0.473,0.580
558,18.600,4.472,0.000,2.472,0.000,1,1,0,0.000,0.934,3,0,0.931,2,3.606,1307.719,1.000,0.435,3.123,0.867,0.530,0.432,0.235,0.765,0.482,0.580
561,18.700,5.385,0.000,0.913,0.000,1,1,0,0.000,1.189,3,0,0.931,2,1.000,1186.019,1.000,0.435,2.800,0.850,0.476,0.374,0.229,0.771,0.480,0.350
564,18.800,3.606,0.000,-1.780,0.000,1,1,0,0.000,1.486,3,0,0.931,2,0.000,977.475,1.000,0.444,3.668,0.774,0.449,0.914,0.241,0.759,0.498,0.580
567,18.900,11.180,0.000,7.575,0.000,1,1,0,0.000,1.546,3,0,0.931,2,153.395,1248.554,1.000,0.444,2.235,0.287,0.458,0.331,0.191,0.809,0.538,0.750
570,19.000,0.000,532.851,0.000,488.805,1,0,1,0.000,1.630,3,0,0.966,2,0.000,997.337,1.000,0.453,3.648,0.766,0.486,0.575,0.230,0.770,0.728,0.500
573,19.100,5.657,0.000,-5.523,0.000,1,1,0,0.000,1.610,3,0,1.000,2,0.000,977.859,1.000,0.453,4.457,0.657,0.529,1.091,0.233,0.767,0.537,0.580
576,19.200,12.369,0.000,6.712,0.000,1,1,0,0.000,1.717,3,0,1.000,2,137.528,1288.628,1.000,0.462,4.153,0.414,3.559,0.205,0.183,0.817,0.584,0.750
579,19.300,10.630,0.000,-1.739,0.000,1,1,0,0.000,1.630,3,0,1.000,2,0.000,1353.580,1.000,0.462,3.015,0.161,2.749,2.500,0.168,0.832,0.563,0.700
582,19.400,33.242,0.000,22.611,0.000,1,1,0,0.000,1.364,3,0,1.000,2,66.573,1395.619,1.000,0.470,3.814,0.457,1.029,0.102,0.175,0.825,0.688,0.350
585,19.500,33.422,0.000,0.180,0.000,1,1,0,0.000,1.040,3,0,1.000,2,32.757,1636.769,1.000,0.470,2.571,0.500,0.495,1.385,0.171,0.829,0.655,0.550
588,19.600,8.062,0.000,-25.359,0.000,1,1,0,0.000,0.902,3,0,1.000,2,87.281,1666.025,1.000,0.479,3.284,0.505,0.303,0.495,0.181,0.819,0.532,0.450
591,19.700,26.926,0.000,18.864,0.000,1,1,0,0.000,0.539,3,0,1.000,2,53.226,1538.750,1.000,0.479,4.107,0.488,0.300,0.110,0.191,0.809,0.658,0.000
594,19.800,31.016,0.000,4.090,0.000,1,1,0,0.000,0.658,3,0,1.000,2,0.000,1389.535,1.000,0.487,3.871,0.779,0.222,2.146,0.233,0.767,0.655,0.550
597,19.900,18.439,0.000,-12.577,0.000,1,1,0,0.000,0.626,3,0,1.000,2,0.000,1155.388,1.000,0.487,2.998,0.774,0.099,1.763,0.210,0.790,0.563,0.550
600,20.000,4.000,0.000,-14.439,0.000,1,1,0,0.000,0.801,3,0,1.000,2,0.000,1025.608,1.000,0.496,2.173,0.840,0.073,0.397,0.219,0.781,0.458,0.580
603,20.100,8.602,0.000,4.602,0.000,1,1,0,0.000,1.015,4,1,0.966,3,0.000,718.504,1.000,0.496,2.625,0.807,0.014,0.559,0.243,0.757,0.612,0.750
606,20.200,7.810,0.000,-0.792,0.000,1,1,0,0.000,1.169,4,0,0.966,3,0.000,601.647,1.000,0.487,3.320,0.873,0.034,0.449,0.237,0.763,0.620,0.350
609,20.300,2.236,0.000,-5.574,0.000,1,1,0,0.000,1.187,4,0,0.966,3,0.000,751.289,1.000,0.487,5.071,0.886,0.030,0.308,0.254,0.746,0.632,0.580
612,20.400,4.123,435.167,1.887,-97.684,2,1,1,492.895,1.767,3,1,0.931,4,143.736,1478.355,1.000,0.479,2.778,0.722,0.041,0.098,0.205,0.795,0.819,0.750
615,20.500,8.246,1.414,4.123,-433.752,2,1,1,492.854,1.806,3,0,0.931,4,164.438,2440.564,1.000,0.470,1.999,0.418,0.082,0.317,0.172,0.828,0.617,0.750
618,20.600,8.544,24.187,0.298,22.773,2,1,1,518.961,1.692,3,0,0.931,4,0.000,2441.249,1.000,0.462,2.322,0.805,0.270,1.776,0.168,0.832,0.686,0.550
621,20.700,11.402,17.029,2.858,-7.157,2,1,1,510.416,1.520,3,0,0.931,4,0.000,2387.798,1.000,0.453,2.797,0.718,0.500,0.294,0.181,0.819,0.664,0.350
624,20.800,17.804,19.105,6.403,2.076,2,1,1,534.353,1.777,3,0,0.931,4,0.000,2275.109,1.000,0.444,2.502,0.671,0.588,0.366,0.184,0.816,0.672,0.350
627,20.900,12.369,3.162,-5.435,-15.943,2,1,1,529.500,2.093,3,0,0.931,4,0.000,2018.385,1.000,0.435,3.303,0.561,0.515,2.867,0.207,0.793,0.662,0.550
630,21.000,5.000,6.083,-7.369,2.920,2,1,1,531.588,2.286,3,0,0.931,4,0.000,2020.345,1.000,0.426,3.494,0.569,0.571,2.810,0.214,0.786,0.631,0.580
633,21.100,7.071,8.246,2.071,2.163,2,1,1,522.245,2.271,3,0,0.931,4,0.000,1765.600,1.000,0.417,2.789,0.746,0.318,0.161,0.215,0.785,0.613,0.580
636,21.200,8.246,31.575,1.175,23.329,2,1,1,489.919,1.962,3,0,0.931,4,0.000,1538.730,1.000,0.408,3.048,0.736,0.497,0.128,0.210,0.790,0.750,0.350
639,21.300,10.050,22.561,1.804,-9.014,2,1,1,477.708,1.778,3,0,0.931,4,0.000,1612.175,1.000,0.399,2.118,0.800,0.625,0.063,0.194,0.806,0.672,0.350
642,21.400,4.123,5.385,-5.927,-17.176,2,1,1,475.509,1.821,3,0,0.931,4,169.956,1829.754,1.000,0.389,1.579,0.537,0.795,2.104,0.168,0.832,0.582,0.750
645,21.500,22.825,5.099,18.702,-0.286,2,1,1,460.828,1.796,3,0,0.931,4,168.077,1754.337,1.000,0.379,3.613,0.552,1.016,1.105,0.144,0.856,0.729,0.750
648,21.600,22.000,12.000,-0.825,6.901,2,1,1,465.087,1.693,3,0,0.931,4,168.964,2396.585,1.000,0.369,2.654,0.658,0.643,0.205,0.174,0.826,0.693,0.750
651,21.700,14.560,16.279,-7.440,4.279,2,1,1,471.683,1.689,3,0,0.931,4,163.267,2985.079,1.000,0.369,2.246,0.635,0.573,0.175,0.145,0.855,0.652,0.750
654,21.800,7.211,13.454,-7.349,-2.825,2,1,1,461.660,1.798,3,0,0.931,4,166.138,3532.014,1.000,0.358,1.338,0.200,0.738,0.704,0.130,0.870,0.644,0.750
657,21.900,5.099,1.000,-2.112,-12.454,2,1,1,461.468,1.757,3,0,0.931,4,163.083,3918.924,1.000,0.358,1.306,0.466,1.047,0.166,0.139,0.861,0.578,0.750
660,22.000,4.243,4.000,-0.856,3.000,2,1,1,458.328,1.703,3,0,0.931,3,159.762,4032.128,1.000,0.369,0.839,0.526,1.280,0.349,0.110,0.890,0.558,0.750
663,22.100,2.236,4.000,-2.007,0.000,2,1,1,456.951,1.651,2,1,0.897,2,2.236,4145.358,1.000,0.369,1.308,0.778,1.122,1.330,0.152,0.848,0.550,0.750
666,22.200,6.083,4.243,3.847,0.243,2,1,1,455.593,1.533,3,1,0.862,4,157.801,3880.959,1.000,0.369,1.524,0.875,1.058,0.335,0.186,0.814,0.561,0.750
669,22.300,4.000,6.403,-2.083,2.160,2,1,1,450.699,1.328,3,0,0.862,3,159.201,3739.108,1.000,0.369,0.955,0.763,1.097,0.373,0.122,0.878,0.556,0.750
672,22.400,4.472,7.211,0.472,0.808,2,1,1,440.502,1.118,2,1,0.828,2,3.000,3835.760,1.000,0.379,0.795,0.631,1.163,0.593,0.102,0.898,0.566,0.750
675,22.500,2.236,2.236,-2.236,-4.975,2,1,1,442.109,0.960,2,0,0.828,2,2.236,3536.469,1.000,0.379,0.742,0.758,1.363,2.821,0.110,0.890,0.528,0.580
678,22.600,4.123,24.166,1.887,21.930,2,1,1,427.805,0.917,3,1,0.793,4,40.224,3525.070,1.000,0.379,1.675,0.213,1.681,2.408,0.143,0.857,0.711,0.750
681,22.700,2.000,5.000,-2.123,-19.166,2,1,1,423.249,0.828,3,0,0.793,3,183.897,4893.524,1.000,0.389,0.856,0.294,1.728,1.345,0.107,0.893,0.579,0.750
684,22.800,4.123,6.083,2.123,1.083,2,1,1,421.659,1.116,3,0,0.793,4,30.017,4895.809,1.000,0.389,1.767,0.965,1.947,1.562,0.207,0.793,0.560,0.700
687,22.900,5.000,3.000,0.877,-3.083,2,1,1,421.258,1.322,2,1,0.759,2,152.053,4859.739,1.000,0.389,0.580,0.705,1.839,0.609,0.081,0.919,0.543,0.750
690,23.000,1.000,4.123,-4.000,1.123,2,1,1,420.880,1.520,2,0,0.793,2,153.600,4886.239,1.000,0.399,0.745,0.812,1.647,0.776,0.116,0.884,0.535,0.750
693,23.100,2.236,5.831,1.236,1.708,2,1,1,422.693,1.638,2,0,0.793,2,152.634,4748.594,1.000,0.399,0.958,0.825,1.991,0.179,0.138,0.862,0.549,0.750
696,23.200,0.000,8.544,-2.236,2.713,2,1,1,427.387,1.714,3,1,0.759,3,348.725,6285.044,1.000,0.399,1.102,0.862,2.136,0.480,0.164,0.836,0.565,0.750
699,23.300,0.000,15.297,0.000,6.753,2,1,1,433.970,1.631,3,0,0.793,3,302.452,6969.584,1.000,0.408,1.103,0.823,2.124,0.101,0.149,0.851,0.605,0.750
702,23.400,3.606,4.243,3.606,-11.054,2,1,1,434.232,1.686,3,0,0.793,3,362.041,8313.667,1.000,0.408,1.186,0.921,2.342,0.189,0.170,0.830,0.539,0.750
705,23.500,2.236,3.162,-1.369,-1.080,2,1,1,435.725,1.848,2,1,0.759,2,363.453,8622.034,1.000,0.408,0.984,0.906,1.981,0.300,0.153,0.847,0.529,0.750
708,23.600,2.000,7.616,-0.236,4.453,2,1,1,427.656,1.675,2,0,0.759,2,1.000,8554.774,1.000,0.417,0.547,0.463,1.620,1.257,0.081,0.919,0.574,0.700
711,23.700,3.162,6.403,1.162,-1.213,2,1,1,428.323,1.531,2,0,0.759,2,3.606,7591.429,1.000,0.417,1.290,0.907,1.515,1.085,0.184,0.816,0.554,0.700
714,23.800,4.123,5.385,0.961,-1.018,2,1,1,421.048,1.104,3,1,0.724,3,350.736,9085.894,1.000,0.426,1.597,0.953,1.414,0.746,0.173,0.827,0.553,0.750
717,23.900,1.000,2.236,-3.123,-3.149,2,1,1,422.257,1.276,2,1,0.690,2,350.024,9015.949,1.000,0.426,0.830,0.807,1.173,0.312,0.121,0.879,0.527,0.750
720,24.000,4.123,5.099,3.123,2.863,2,1,1,416.454,1.532,2,0,0.690,2,2.236,9138.964,1.000,0.435,1.367,0.911,0.987,0.251,0.157,0.843,0.549,0.350
723,24.100,5.099,11.180,0.976,6.081,2,1,1,407.398,1.514,3,1,0.655,4,117.712,9222.259,1.000,0.435,1.559,0.776,0.784,0.261,0.164,0.836,0.597,0.750
726,24.200,6.403,14.000,1.304,2.820,2,1,1,418.244,1.659,3,0,0.655,4,146.240,9321.389,1.000,0.426,1.875,0.634,0.743,0.034,0.174,0.826,0.630,0.750
729,24.300,2.828,6.083,-3.575,-7.917,2,1,1,420.315,1.777,3,0,0.655,4,149.843,9334.659,1.000,0.426,2.136,0.687,0.521,2.377,0.200,0.800,0.589,0.750
732,24.400,5.657,4.123,2.828,-1.960,2,1,1,427.535,1.601,3,0,0.655,4,147.435,6614.767,1.000,0.426,2.066,0.238,0.466,2.568,0.194,0.806,0.616,0.750
735,24.500,3.606,18.439,-2.051,14.316,2,1,1,439.756,1.421,3,0,0.655,4,0.000,4365.785,1.000,0.417,2.245,0.819,0.238,0.664,0.195,0.805,0.651,0.350
738,24.600,2.236,43.382,-1.369,24.943,2,1,1,409.295,1.489,3,0,0.655,4,0.000,4358.654,1.000,0.417,2.107,0.515,0.174,0.714,0.167,0.833,0.808,0.350
741,24.700,4.472,44.922,2.236,1.540,2,1,1,369.616,1.444,3,0,0.655,4,206.041,2773.037,1.000,0.408,2.092,0.242,0.638,1.562,0.164,0.836,0.835,0.750
744,24.800,7.810,40.608,3.338,-4.314,2,1,1,327.756,1.465,3,0,0.655,4,167.200,3094.799,1.000,0.408,2.188,0.793,1.222,0.496,0.189,0.811,0.775,0.750
747,24.900,2.828,61.717,-4.982,21.109,2,1,1,295.386,1.841,3,0,0.655,4,0.000,2968.875,1.000,0.399,3.127,0.884,1.494,0.737,0.247,0.753,0.816,0.700
750,25.000,245.177,0.000,233.776,0.000,2,1,0,245.177,1.957,3,0,0.690,4,0.000,2677.757,1.000,0.399,3.348,0.875,1.909,0.322,0.259,0.741,0.822,0.700
753,25.100,243.526,0.000,-1.651,0.000,1,1,0,0.000,2.152,3,0,0.724,2,0.000,2625.408,1.000,0.399,4.207,0.887,2.372,0.116,0.270,0.730,0.733,0.700
756,25.200,13.038,0.000,-230.488,0.000,1,1,0,0.000,2.114,3,0,0.724,2,0.000,2285.349,1.000,0.399,3.753,0.940,3.065,0.048,0.267,0.733,0.540,0.700
759,25.300,8.062,0.000,-4.976,0.000,1,1,0,0.000,1.908,3,0,0.759,2,0.000,1931.155,1.000,0.408,3.204,0.949,3.742,0.186,0.254,0.746,0.498,0.700
762,25.400,3.606,0.000,-4.457,0.000,1,1,0,0.000,1.605,3,0,0.759,1,1.000,1917.595,1.000,0.408,1.583,0.694,3.630,0.743,0.211,0.789,0.391,0.700
765,25.500,4.000,0.000,0.394,0.000,1,1,0,0.000,1.627,3,0,0.793,2,0.000,1879.739,1.000,0.408,2.264,0.866,3.776,0.740,0.238,0.762,0.458,0.700
768,25.600,6.000,0.000,2.000,0.000,1,1,0,0.000,1.442,3,0,0.793,2,0.000,1680.485,1.000,0.408,2.399,0.872,3.860,0.819,0.238,0.762,0.472,0.700
771,25.700,9.220,0.000,3.220,0.000,1,1,0,0.000,1.172,3,0,0.793,2,0.000,906.199,1.000,0.408,3.109,0.836,4.161,0.325,0.266,0.734,0.510,0.700
774,25.800,2.236,0.000,-6.983,0.000,1,1,0,0.000,1.409,3,0,0.828,2,0.000,635.570,1.000,0.417,2.084,0.733,3.753,0.841,0.227,0.773,0.453,0.700
777,25.900,7.071,0.000,4.835,0.000,1,1,0,0.000,1.138,3,0,0.828,2,0.000,54.358,1.000,0.417,3.261,0.794,3.305,0.700,0.269,0.731,0.505,0.700
780,26.000,4.472,0.000,-2.599,0.000,1,1,0,0.000,1.125,3,0,0.828,2,130.384,498.264,1.000,0.417,2.014,0.746,3.132,0.984,0.232,0.768,0.463,0.724
783,26.100,13.000,0.000,8.528,0.000,1,1,0,0.000,1.128,3,0,0.862,2,0.000,474.525,1.000,0.417,2.575,0.508,2.690,0.975,0.211,0.789,0.541,0.700
786,26.200,14.866,0.000,1.866,0.000,1,1,0,0.000,1.273,3,0,0.862,2,0.000,458.788,1.000,0.426,2.008,0.431,2.517,1.079,0.215,0.785,0.543,0.700
789,26.300,6.403,0.000,-8.463,0.000,1,1,0,0.000,1.327,3,0,0.862,2,5.385,451.674,1.000,0.426,2.294,0.725,2.319,1.977,0.220,0.780,0.482,0.700
792,26.400,2.828,0.000,-3.575,0.000,1,1,0,0.000,1.144,3,0,0.897,2,213.715,1536.394,1.000,0.435,1.209,0.679,2.150,0.444,0.168,0.832,0.438,0.750
795,26.500,10.198,0.000,7.370,0.000,1,1,0,0.000,1.159,3,0,0.897,2,5.000,1523.854,1.000,0.435,2.138,0.948,1.387,0.239,0.239,0.761,0.484,0.350
798,26.600,4.472,0.000,-5.726,0.000,1,1,0,0.000,1.272,3,0,0.897,2,0.000,1500.064,1.000,0.444,1.563,0.548,0.899,0.479,0.209,0.791,0.466,0.580
801,26.700,4.123,0.000,-0.349,0.000,1,1,0,0.000,1.260,3,0,0.931,2,0.000,1472.264,1.000,0.444,2.150,0.891,0.273,0.043,0.236,0.764,0.454,0.580
804,26.800,6.325,0.000,2.201,0.000,1,1,0,0.000,1.210,3,0,0.966,2,2.000,1461.005,1.000,0.453,2.105,0.895,0.048,0.647,0.235,0.765,0.465,0.350
807,26.900,10.050,0.000,3.725,0.000,1,1,0,0.000,1.376,3,0,0.966,2,0.000,1497.668,1.000,0.453,3.401,0.901,0.248,1.043,0.254,0.746,0.518,0.350
810,27.000,8.000,0.000,-2.050,0.000,1,1,0,0.000,1.406,3,0,1.000,2,0.000,1523.839,1.000,0.462,2.866,0.822,0.184,0.060,0.238,0.762,0.499,0.350
813,27.100,4.123,0.000,-3.877,0.000,1,1,0,0.000,1.310,3,0,1.000,2,0.000,1243.544,1.000,0.462,3.105,0.931,0.221,0.190,0.249,0.751,0.475,0.580
816,27.200,8.944,0.000,4.821,0.000,1,1,0,0.000,1.661,3,0,1.000,2,0.000,1242.789,1.000,0.470,2.953,0.771,0.246,0.707,0.232,0.768,0.510,0.350
819,27.300,8.944,0.000,0.000,0.000,1,1,0,0.000,1.815,3,0,1.000,2,0.000,1228.894,1.000,0.470,3.160,0.718,0.379,1.266,0.234,0.766,0.518,0.350
822,27.400,48.662,0.000,39.718,0.000,1,1,0,0.000,1.493,3,0,1.000,2,0.000,1368.925,1.000,0.479,4.623,0.730,0.274,0.354,0.247,0.753,0.755,0.450
825,27.500,22.361,0.000,-26.301,0.000,1,1,0,0.000,1.539,3,0,1.000,2,0.000,860.447,1.000,0.479,2.735,0.452,0.260,1.243,0.234,0.766,0.601,0.450
828,27.600,13.928,0.000,-8.432,0.000,1,1,0,0.000,1.536,3,0,1.000,2,0.000,1209.204,1.000,0.487,5.946,0.902,0.169,2.520,0.290,0.710,0.603,0.550
831,27.700,10.050,0.000,-3.879,0.000,1,1,0,0.000,1.542,3,0,1.000,2,0.000,1477.515,1.000,0.487,4.793,0.935,0.097,0.360,0.292,0.708,0.550,0.350
834,27.800,18.028,0.000,7.978,0.000,1,1,0,0.000,1.468,3,0,1.000,2,0.000,1714.200,1.000,0.496,3.800,0.911,0.361,0.345,0.279,0.721,0.571,0.350
837,27.900,8.246,0.000,-9.782,0.000,1,1,0,0.000,1.542,4,1,0.966,3,0.000,1667.325,1.000,0.496,3.204,0.920,0.494,0.045,0.280,0.720,0.617,0.750
840,28.000,9.055,0.000,0.809,0.000,1,1,0,0.000,1.221,4,0,0.966,3,0.000,1481.810,1.000,0.496,2.307,0.898,0.765,1.218,0.253,0.747,0.600,0.350
843,28.100,9.220,0.000,0.164,0.000,1,1,0,0.000,1.046,4,0,0.966,3,0.000,1128.125,1.000,0.487,3.068,0.930,0.898,0.913,0.261,0.739,0.618,0.350
846,28.200,13.601,0.000,4.382,0.000,1,1,0,0.000,1.215,4,0,0.966,3,218.600,1755.137,1.000,0.479,1.426,0.847,1.438,0.900,0.201,0.799,0.607,0.750
849,28.300,3.162,0.000,-10.439,0.000,1,1,0,0.000,1.101,4,0,0.966,3,3.000,1487.175,1.000,0.479,1.441,0.766,1.812,0.790,0.188,0.812,0.555,0.700
852,28.400,10.000,0.000,6.838,0.000,1,1,0,0.000,0.992,4,0,0.966,3,214.336,1996.034,1.000,0.470,1.910,0.800,2.072,0.548,0.219,0.781,0.602,0.750
855,28.500,3.606,0.000,-6.394,0.000,1,1,0,0.000,0.836,3,1,0.931,2,1.414,1964.289,1.000,0.470,2.417,0.961,1.487,0.287,0.257,0.743,0.453,0.750
858,28.600,5.000,0.000,1.394,0.000,1,1,0,0.000,0.848,3,0,0.931,2,211.518,2724.344,1.000,0.470,1.370,0.883,1.326,0.434,0.192,0.808,0.440,0.750
861,28.700,10.770,0.000,5.770,0.000,1,1,0,0.000,0.988,3,0,0.931,2,13.892,2772.069,1.000,0.470,2.234,0.739,0.999,0.363,0.234,0.766,0.504,0.350
864,28.800,12.083,0.000,1.313,0.000,1,1,0,0.000,1.044,3,0,0.931,2,0.000,2929.275,1.000,0.470,4.893,0.937,0.955,0.393,0.284,0.716,0.564,0.350
867,28.900,11.000,0.000,-1.083,0.000,1,1,0,0.000,1.085,3,0,0.931,2,0.000,3126.507,1.000,0.470,5.889,0.973,0.989,0.251,0.297,0.703,0.580,0.350
870,29.000,13.416,0.000,2.416,0.000,1,1,0,0.000,1.017,3,0,0.931,2,0.000,3371.079,1.000,0.470,6.298,0.960,0.760,0.160,0.284,0.716,0.605,0.350
873,29.100,20.518,0.000,7.102,0.000,1,1,0,0.000,1.023,3,0,0.931,2,0.000,3555.439,1.000,0.470,6.733,0.958,1.008,0.027,0.274,0.726,0.655,0.350
876,29.200,11.705,0.000,-8.814,0.000,1,1,0,0.000,0.917,3,0,0.931,2,0.000,3801.537,1.000,0.470,7.401,0.981,0.548,0.051,0.274,0.726,0.621,0.350
879,29.300,20.616,0.000,8.911,0.000,1,1,0,0.000,0.918,3,0,0.931,2,0.000,2968.968,1.000,0.470,7.224,0.959,0.505,0.129,0.280,0.720,0.668,0.350
882,29.400,16.031,0.000,-4.584,0.000,1,1,0,0.000,0.818,3,0,0.931,2,0.000,3105.364,1.000,0.470,4.897,0.902,0.609,0.160,0.268,0.732,0.588,0.000
885,29.500,16.125,0.000,0.093,0.000,1,1,0,0.000,0.597,3,0,0.931,2,0.000,1946.309,1.000,0.470,4.373,0.946,0.650,0.211,0.253,0.747,0.573,0.000
888,29.600,7.616,0.000,-8.509,0.000,1,1,0,0.000,0.563,3,0,0.931,2,2.236,1914.100,1.000,0.470,1.737,0.814,0.769,0.513,0.208,0.792,0.469,0.000
891,29.700,1.414,0.000,-6.202,0.000,1,1,0,0.000,0.569,3,0,0.931,1,4.000,538.999,1.000,0.479,1.228,0.631,0.654,1.615,0.171,0.829,0.374,0.580
894,29.800,2.236,0.000,0.822,0.000,1,1,0,0.000,0.586,3,0,0.931,1,2.000,432.385,1.000,0.479,1.142,0.693,0.644,0.191,0.169,0.831,0.372,0.580
897,29.900,2.000,0.000,-0.236,0.000,1,1,0,0.000,0.796,2,1,0.897,1,1.000,347.449,1.000,0.487,1.377,0.791,0.632,0.337,0.205,0.795,0.400,0.750
900,30.000,3.606,0.000,1.606,0.000,1,1,0,0.000,1.065,3,1,0.862,1,2.828,305.290,1.000,0.487,1.190,0.749,0.660,0.040,0.178,0.822,0.377,0.750
903,30.100,3.162,0.000,-0.443,0.000,1,1,0,0.000,1.220,3,0,0.862,1,2.236,249.328,1.000,0.496,1.651,0.879,0.611,0.532,0.210,0.790,0.377,0.580
906,30.200,6.083,0.000,2.920,0.000,1,1,0,0.000,1.333,3,0,0.862,2,0.000,158.007,1.000,0.496,4.440,0.966,0.679,0.350,0.284,0.716,0.517,0.350
909,30.300,13.153,0.000,7.070,0.000,1,1,0,0.000,1.349,3,0,0.862,2,0.000,110.778,1.000,0.496,3.828,0.918,0.821,0.102,0.282,0.718,0.544,0.350
912,30.400,7.071,0.000,-6.082,0.000,1,1,0,0.000,1.516,3,0,0.862,2,0.000,54.138,1.000,0.496,2.625,0.650,0.636,1.152,0.261,0.739,0.499,0.350
915,30.500,8.062,0.000,0.991,0.000,1,1,0,0.000,1.370,3,0,0.862,2,4.243,48.557,1.000,0.496,2.343,0.716,0.384,0.800,0.254,0.746,0.493,0.350
918,30.600,2.828,0.000,-5.234,0.000,1,1,0,0.000,1.296,3,0,0.862,2,0.000,44.245,1.000,0.496,2.162,0.854,0.047,1.756,0.244,0.756,0.450,0.580
921,30.700,3.162,0.000,0.334,0.000,1,1,0,0.000,1.100,3,0,0.862,2,0.000,47.069,1.000,0.496,1.716,0.491,0.156,0.771,0.232,0.768,0.466,0.580
924,30.800,4.472,0.000,1.310,0.000,1,1,0,0.000,0.879,3,0,0.897,2,5.385,50.905,1.000,0.496,3.283,0.900,0.412,0.865,0.283,0.717,0.484,0.000
927,30.900,3.162,0.000,-1.310,0.000,1,1,0,0.000,0.748,3,0,0.897,2,0.000,50.880,1.000,0.496,2.708,0.922,0.598,0.308,0.274,0.726,0.461,0.580
930,31.000,1.414,0.000,-1.748,0.000,1,1,0,0.000,0.670,3,0,0.897,1,2.828,49.690,1.000,0.504,1.001,0.753,0.713,0.414,0.175,0.825,0.360,0.580
933,31.100,1.414,0.000,0.000,0.000,1,1,0,0.000,0.630,3,0,0.897,1,2.236,46.429,1.000,0.513,1.774,0.952,0.894,0.384,0.246,0.754,0.366,0.580
936,31.200,5.000,0.000,3.586,0.000,1,1,0,0.000,0.415,3,0,0.897,2,0.000,37.030,1.000,0.513,2.681,0.974,0.827,0.914,0.265,0.735,0.467,0.000
939,31.300,2.236,0.000,-2.764,0.000,1,1,0,0.000,0.435,3,0,0.897,2,91.241,180.825,1.000,0.513,1.875,0.944,0.772,0.517,0.246,0.754,0.433,0.580
942,31.400,2.000,0.000,-0.236,0.000,1,1,0,0.000,0.687,2,1,0.897,1,2.000,182.665,1.000,0.521,0.991,0.572,0.734,0.265,0.168,0.832,0.406,0.750
945,31.500,3.162,0.000,1.162,0.000,1,1,0,0.000,0.982,2,0,0.897,1,2.236,182.954,1.000,0.530,1.110,0.921,0.718,0.617,0.180,0.820,0.391,0.580
948,31.600,1.414,0.000,-1.748,0.000,1,1,0,0.000,1.022,2,0,0.897,1,2.000,185.884,1.000,0.530,1.067,0.627,0.664,0.202,0.180,0.820,0.401,0.580
951,31.700,3.000,0.000,1.586,0.000,1,1,0,0.000,1.022,3,1,0.862,1,1.000,188.477,1.000,0.538,1.067,0.277,0.694,1.449,0.162,0.838,0.404,0.750
954,31.800,2.828,0.000,-0.172,0.000,1,1,0,0.000,1.259,3,0,0.862,1,3.162,190.277,1.000,0.547,1.422,0.896,0.865,2.200,0.197,0.803,0.369,0.580
957,31.900,2.236,0.000,-0.592,0.000,1,1,0,0.000,1.495,3,0,0.862,2,217.607,1230.109,1.000,0.547,0.771,0.853,0.908,1.568,0.137,0.863,0.412,0.750
960,32.000,3.162,0.000,0.926,0.000,1,1,0,0.000,1.576,2,1,0.828,1,2.000,1233.568,1.000,0.556,1.107,0.933,0.882,0.648,0.202,0.798,0.390,0.750
963,32.100,7.211,0.000,4.049,0.000,1,1,0,0.000,1.636,3,1,0.793,2,0.000,1240.659,1.000,0.556,2.125,0.949,0.833,1.193,0.279,0.721,0.467,0.750
966,32.200,5.831,0.000,-1.380,0.000,1,1,0,0.000,1.688,2,1,0.759,1,1.414,1243.957,1.000,0.556,1.029,0.840,0.750,2.051,0.171,0.829,0.409,0.750
969,32.300,4.243,0.000,-1.588,0.000,1,1,0,0.000,1.501,3,1,0.724,2,0.000,1247.094,1.000,0.556,3.201,0.974,0.695,0.143,0.257,0.743,0.475,0.750
972,32.400,5.099,0.000,0.856,0.000,1,1,0,0.000,1.436,3,0,0.724,2,0.000,1248.299,1.000,0.556,2.566,0.895,0.743,2.424,0.252,0.748,0.470,0.550
975,32.500,15.000,0.000,9.901,0.000,1,1,0,0.000,1.394,3,0,0.724,2,0.000,1337.820,1.000,0.556,3.759,0.870,0.731,1.538,0.238,0.762,0.556,0.550
978,32.600,45.793,0.000,30.793,0.000,1,1,0,0.000,1.111,3,0,0.724,2,79.756,1629.975,1.000,0.556,4.181,0.835,0.389,0.893,0.285,0.715,0.736,0.450
981,32.700,0.000,249.904,0.000,188.187,1,0,1,0.000,0.846,3,0,0.724,2,0.000,1786.689,1.000,0.556,4.111,0.919,0.233,2.340,0.301,0.699,0.728,0.550
984,32.800,20.591,0.000,-25.202,0.000,1,1,0,0.000,1.134,3,0,0.759,2,0.000,1887.788,1.000,0.556,5.631,0.863,0.240,0.192,0.329,0.671,0.635,0.500
987,32.900,20.518,0.000,-0.073,0.000,1,1,0,0.000,1.075,3,0,0.793,2,0.000,1884.134,1.000,0.556,2.092,0.790,0.037,0.369,0.261,0.739,0.551,0.350
990,33.000,15.652,0.000,-4.866,0.000,1,1,0,0.000,1.341,4,1,0.759,3,16.643,1872.380,1.000,0.556,2.395,0.868,0.067,0.813,0.239,0.761,0.641,0.750
993,33.100,119.604,0.000,117.367,0.000,2,1,0,119.604,1.030,3,1,0.724,4,2.236,1281.705,1.000,0.547,0.940,0.716,0.159,2.568,0.158,0.842,0.873,0.750
996,33.200,109.713,137.906,-9.890,-111.998,2,1,1,116.932,1.349,4,1,0.690,6,30.017,2257.088,1.000,0.504,0.790,0.545,0.184,2.327,0.118,0.882,0.882,0.750
999,33.300,14.036,0.000,-95.678,0.000,1,1,0,0.000,1.377,3,1,0.655,2,38.000,2115.828,1.000,0.504,1.520,0.908,0.455,2.478,0.218,0.782,0.492,0.750
1002,33.400,25.000,0.000,10.964,0.000,1,1,0,0.000,1.686,3,0,0.655,2,177.496,2470.439,1.000,0.504,0.969,0.900,0.773,2.072,0.145,0.855,0.540,0.750
1005,33.500,152.053,0.000,140.391,0.000,2,1,0,152.053,2.150,3,0,0.655,4,0.000,1930.327,1.000,0.496,1.635,0.922,0.941,0.613,0.254,0.746,0.776,0.650
1008,33.600,0.000,0.000,0.000,0.000,0,0,0,0.000,0.000,3,0,0.655,0,0.000,1930.327,0.967,0.496,3.714,0.892,1.106,0.611,0.298,0.702,0.216,0.650
1011,33.700,0.000,0.000,0.000,0.000,0,0,0,0.000,0.000,3,0,0.655,0,0.000,1930.327,0.933,0.496,3.556,0.868,1.255,1.395,0.298,0.702,0.210,0.580
1014,33.800,0.000,0.000,0.000,0.000,0,0,0,0.000,0.000,3,0,0.655,0,0.000,1930.327,0.900,0.496,3.125,0.928,1.515,1.337,0.298,0.702,0.191,0.700
1017,33.900,0.000,0.000,0.000,0.000,0,0,0,0.000,0.000,3,0,0.655,0,0.000,1930.327,0.867,0.496,1.047,0.411,1.541,1.548,0.142,0.858,0.171,0.700
1020,34.000,0.000,0.000,0.000,0.000,0,0,0,0.000,0.000,3,0,0.655,0,0.000,1930.327,0.833,0.496,4.222,0.981,1.443,1.405,0.332,0.668,0.207,0.700
1023,34.100,0.000,0.000,0.000,0.000,0,0,0,0.000,0.000,3,0,0.655,0,0.000,1930.327,0.800,0.496,0.948,0.921,1.008,2.694,0.172,0.828,0.125,0.580
1026,34.200,0.000,0.000,0.000,0.000,0,0,0,0.000,0.000,3,0,0.655,0,0.000,1930.327,0.767,0.496,2.971,0.974,0.482,0.234,0.297,0.703,0.168,0.580
1029,34.300,0.000,0.000,0.000,0.000,0,0,0,0.000,0.000,3,0,0.690,0,0.000,1930.327,0.733,0.496,1.050,0.887,0.290,1.495,0.189,0.811,0.122,0.580
1032,34.400,0.000,0.000,0.000,0.000,0,0,0,0.000,0.000,3,0,0.690,0,0.000,1930.327,0.700,0.496,2.348,0.958,0.142,0.495,0.302,0.698,0.146,0.580
1035,34.500,0.000,0.000,0.000,0.000,0,0,0,0.000,0.000,3,0,0.690,0,0.000,1930.327,0.667,0.496,0.783,0.838,0.184,2.417,0.158,0.842,0.111,0.580
1038,34.600,0.000,0.000,0.000,0.000,0,0,0,0.000,0.000,3,0,0.724,0,0.000,1930.327,0.633,0.496,1.070,0.698,0.326,1.224,0.187,0.813,0.124,0.580
1041,34.700,0.000,0.000,0.000,0.000,0,0,0,0.000,0.000,3,0,0.724,0,0.000,1930.327,0.600,0.496,1.618,0.827,0.312,0.155,0.232,0.768,0.125,0.580
1044,34.800,0.000,0.000,0.000,0.000,0,0,0,0.000,0.000,3,0,0.724,0,0.000,1930.327,0.567,0.496,0.990,0.668,0.257,0.567,0.184,0.816,0.116,0.580
1047,34.900,0.000,0.000,0.000,0.000,0,0,0,0.000,0.000,3,0,0.759,0,0.000,1930.327,0.533,0.496,1.899,0.837,0.287,0.593,0.200,0.800,0.123,0.580
1050,35.000,0.000,0.000,0.000,0.000,0,0,0,0.000,0.000,3,0,0.793,0,0.000,1930.327,0.500,0.496,1.076,0.931,0.255,1.964,0.180,0.820,0.092,0.580
1053,35.100,0.000,0.000,0.000,0.000,0,0,0,0.000,0.000,3,0,0.828,0,0.000,1930.327,0.467,0.496,1.118,0.936,0.312,1.595,0.211,0.789,0.088,0.580
1056,35.200,0.000,0.000,0.000,0.000,0,0,0,0.000,0.000,3,0,0.862,0,0.000,1930.327,0.433,0.496,0.760,0.444,0.501,0.546,0.114,0.886,0.110,0.580
1059,35.300,0.000,0.000,0.000,0.000,0,0,0,0.000,0.000,3,0,0.862,0,0.000,1930.327,0.400,0.496,1.377,0.884,0.774,1.927,0.225,0.775,0.091,0.580
1062,35.400,0.000,0.000,0.000,0.000,0,0,0,0.000,0.000,3,0,0.862,0,0.000,1930.327,0.367,0.496,0.806,0.867,0.855,1.660,0.148,0.852,0.073,0.580
1065,35.500,0.000,0.000,0.000,0.000,0,0,0,0.000,0.000,3,0,0.862,0,0.000,1930.327,0.333,0.496,5.382,0.985,0.759,2.771,0.314,0.686,0.176,0.580
1068,35.600,0.000,0.000,0.000,0.000,0,0,0,0.000,0.000,3,0,0.862,0,0.000,1930.327,0.300,0.496,4.842,0.950,0.713,2.476,0.342,0.658,0.161,0.580
1071,35.700,0.000,0.000,0.000,0.000,0,0,0,0.000,0.000,3,0,0.862,0,0.000,1930.327,0.267,0.496,2.290,0.853,0.390,1.037,0.256,0.744,0.100,0.580
1074,35.800,0.000,0.000,0.000,0.000,0,0,0,0.000,0.000,3,0,0.862,0,0.000,1930.327,0.233,0.496,1.418,0.617,0.385,0.898,0.201,0.799,0.090,0.580
1077,35.900,0.000,0.000,0.000,0.000,0,0,0,0.000,0.000,3,0,0.897,0,0.000,1930.327,0.200,0.496,2.496,0.465,0.187,0.121,0.254,0.746,0.124,0.580
1080,36.000,0.000,0.000,0.000,0.000,0,0,0,0.000,0.000,4,1,0.897,0,0.000,1930.327,0.167,0.496,2.160,0.440,0.193,0.418,0.257,0.743,0.213,0.750
1083,36.100,0.000,0.000,0.000,0.000,0,0,0,0.000,0.000,4,0,0.931,0,0.000,1930.327,0.133,0.496,2.001,0.777,0.018,0.557,0.262,0.738,0.182,0.580
1086,36.200,0.000,0.000,0.000,0.000,0,0,0,0.000,0.000,4,0,0.966,0,0.000,1930.327,0.100,0.496,1.645,0.703,0.027,0.260,0.247,0.753,0.174,0.580
1089,36.300,0.000,0.000,0.000,0.000,0,0,0,0.000,0.000,4,0,0.966,0,0.000,1930.327,0.067,0.496,1.145,0.572,0.018,1.069,0.184,0.816,0.167,0.580
1092,36.400,0.000,0.000,0.000,0.000,0,0,0,0.000,0.000,4,0,0.966,0,0.000,1930.327,0.033,0.496,1.343,0.823,0.021,0.171,0.235,0.765,0.150,0.580
1095,36.500,0.000,0.000,0.000,0.000,0,0,0,0.000,0.000,3,1,0.931,0,0.000,1930.327,0.000,0.496,1.059,0.879,0.066,0.252,0.205,0.795,0.135,0.750
1098,36.600,0.000,0.000,0.000,0.000,0,0,0,0.000,0.000,4,1,0.897,0,0.000,1930.327,0.000,0.496,1.398,0.895,0.033,0.214,0.233,0.767,0.142,0.750
1101,36.700,0.000,0.000,0.000,0.000,0,0,0,0.000,0.000,4,0,0.897,0,0.000,1930.327,0.000,0.496,2.091,0.934,0.142,0.414,0.277,0.723,0.157,0.580
1104,36.800,0.000,0.000,0.000,0.000,0,0,0,0.000,0.000,4,0,0.897,0,0.000,1930.327,0.000,0.496,2.564,0.960,0.425,1.023,0.310,0.690,0.167,0.580
1107,36.900,0.000,0.000,0.000,0.000,0,0,0,0.000,0.000,3,1,0.862,0,0.000,1930.327,0.000,0.496,2.805,0.942,0.671,0.236,0.315,0.685,0.074,0.750
1110,37.000,0.000,0.000,0.000,0.000,0,0,0,0.000,0.000,3,0,0.862,0,0.000,1930.327,0.000,0.496,1.180,0.715,0.822,0.508,0.214,0.786,0.049,0.580
1113,37.100,0.000,0.000,0.000,0.000,0,0,0,0.000,0.000,3,0,0.862,0,0.000,1930.327,0.000,0.496,1.380,0.852,0.354,2.096,0.248,0.752,0.045,0.580
1116,37.200,0.000,0.000,0.000,0.000,0,0,0,0.000,0.000,3,0,0.862,0,0.000,1930.327,0.000,0.496,1.105,0.764,0.053,0.334,0.194,0.806,0.044,0.580
1119,37.300,0.000,0.000,0.000,0.000,0,0,0,0.000,0.000,3,0,0.862,0,0.000,1930.327,0.000,0.496,2.456,0.964,0.078,2.104,0.289,0.711,0.064,0.580
1122,37.400,0.000,0.000,0.000,0.000,0,0,0,0.000,0.000,3,0,0.862,0,0.000,1930.327,0.000,0.496,1.220,0.902,0.046,0.117,0.230,0.770,0.037,0.580
1125,37.500,0.000,0.000,0.000,0.000,0,0,0,0.000,0.000,3,0,0.862,0,0.000,1930.327,0.000,0.496,1.284,0.918,0.115,1.501,0.230,0.770,0.038,0.580
1128,37.600,0.000,0.000,0.000,0.000,0,0,0,0.000,0.000,3,0,0.862,0,0.000,1930.327,0.000,0.496,2.022,0.955,0.229,1.115,0.296,0.704,0.054,0.580
1131,37.700,0.000,0.000,0.000,0.000,0,0,0,0.000,0.000,3,0,0.862,0,0.000,1930.327,0.000,0.496,1.203,0.834,0.278,1.789,0.213,0.787,0.042,0.580
1134,37.800,0.000,0.000,0.000,0.000,0,0,0,0.000,0.000,3,0,0.862,0,0.000,1930.327,0.000,0.496,1.974,0.964,0.302,2.217,0.266,0.734,0.052,0.580
1137,37.900,0.000,0.000,0.000,0.000,0,0,0,0.000,0.000,2,1,0.828,0,0.000,1930.327,0.000,0.496,0.949,0.960,0.270,2.311,0.182,0.818,0.027,0.750
1140,38.000,0.000,0.000,0.000,0.000,0,0,0,0.000,0.000,3,1,0.793,0,0.000,1930.327,0.000,0.496,1.487,0.972,0.259,0.532,0.240,0.760,0.039,0.750
1143,38.100,0.000,0.000,0.000,0.000,0,0,0,0.000,0.000,2,1,0.759,0,0.000,1930.327,0.000,0.496,0.790,0.914,0.237,1.033,0.163,0.837,0.026,0.750
1146,38.200,0.000,0.000,0.000,0.000,0,0,0,0.000,0.000,3,1,0.724,0,0.000,1930.327,0.000,0.496,1.729,0.981,0.284,1.557,0.267,0.733,0.045,0.750
1149,38.300,0.000,0.000,0.000,0.000,0,0,0,0.000,0.000,3,0,0.724,0,0.000,1930.327,0.000,0.496,2.021,0.965,0.382,1.203,0.304,0.696,0.053,0.580
1152,38.400,0.000,0.000,0.000,0.000,0,0,0,0.000,0.000,2,1,0.690,0,0.000,1930.327,0.000,0.496,0.762,0.928,0.476,1.466,0.151,0.849,0.024,0.750
1155,38.500,0.000,0.000,0.000,0.000,0,0,0,0.000,0.000,3,1,0.655,0,0.000,1930.327,0.000,0.496,0.894,0.926,0.715,1.127,0.186,0.814,0.028,0.750
1158,38.600,0.000,0.000,0.000,0.000,0,0,0,0.000,0.000,3,0,0.655,0,0.000,1930.327,0.000,0.496,3.541,0.988,0.657,1.821,0.307,0.693,0.089,0.580
1161,38.700,0.000,0.000,0.000,0.000,0,0,0,0.000,0.000,4,1,0.621,0,0.000,1930.327,0.000,0.496,2.681,0.981,0.424,2.145,0.314,0.686,0.168,0.750
1164,38.800,0.000,0.000,0.000,0.000,0,0,0,0.000,0.000,4,0,0.621,0,0.000,1930.327,0.000,0.496,1.622,0.984,0.092,1.278,0.238,0.762,0.142,0.580
1167,38.900,0.000,0.000,0.000,0.000,0,0,0,0.000,0.000,4,0,0.655,0,0.000,1930.327,0.000,0.496,2.291,0.971,0.301,2.540,0.289,0.711,0.159,0.580
1170,39.000,0.000,0.000,0.000,0.000,0,0,0,0.000,0.000,4,0,0.655,0,0.000,1930.327,0.000,0.496,5.484,0.988,0.035,0.242,0.334,0.666,0.238,0.580
1173,39.100,0.000,0.000,0.000,0.000,0,0,0,0.000,0.000,3,1,0.621,0,0.000,1930.327,0.000,0.496,1.406,0.961,0.562,1.047,0.240,0.760,0.138,0.750
1176,39.200,0.000,0.000,0.000,0.000,0,0,0,0.000,0.000,4,1,0.586,0,0.000,1930.327,0.000,0.496,1.903,0.957,0.486,0.866,0.289,0.711,0.151,0.750
1179,39.300,0.000,0.000,0.000,0.000,0,0,0,0.000,0.000,3,1,0.552,0,0.000,1930.327,0.000,0.496,0.949,0.670,0.609,0.457,0.180,0.820,0.047,0.750
1182,39.400,0.000,0.000,0.000,0.000,0,0,0,0.000,0.000,3,0,0.586,0,0.000,1930.327,0.000,0.496,1.421,0.937,0.401,1.808,0.240,0.760,0.040,0.580
1185,39.500,0.000,0.000,0.000,0.000,0,0,0,0.000,0.000,3,0,0.621,0,0.000,1930.327,0.000,0.496,0.984,0.915,0.482,0.748,0.169,0.831,0.031,0.580
1188,39.600,0.000,0.000,0.000,0.000,0,0,0,0.000,0.000,5,1,0.586,0,0.000,1930.327,0.000,0.496,0.775,0.707,0.390,0.789,0.147,0.853,0.140,0.750
1191,39.700,0.000,0.000,0.000,0.000,0,0,0,0.000,0.000,5,0,0.586,0,0.000,1930.327,0.000,0.496,0.863,0.949,0.430,2.330,0.161,0.839,0.125,0.580
1194,39.800,0.000,0.000,0.000,0.000,0,0,0,0.000,0.000,4,1,0.586,0,0.000,1930.327,0.000,0.496,0.455,0.514,0.383,3.116,0.092,0.908,0.145,0.750
1197,39.900,0.000,0.000,0.000,0.000,0,0,0,0.000,0.000,2,1,0.552,0,0.000,1930.327,0.000,0.496,0.292,0.429,0.290,0.935,0.065,0.935,0.047,0.750
1200,40.000,0.000,0.000,0.000,0.000,0,0,0,0.000,0.000,3,1,0.517,0,0.000,1930.327,0.000,0.496,0.676,0.791,0.551,0.074,0.136,0.864,0.031,0.750
1203,40.100,0.000,0.000,0.000,0.000,0,0,0,0.000,0.000,3,0,0.517,0,0.000,1930.327,0.000,0.496,1.597,0.967,0.543,0.822,0.230,0.770,0.042,0.580
1206,40.200,0.000,0.000,0.000,0.000,0,0,0,0.000,0.000,4,1,0.483,0,0.000,1930.327,0.000,0.496,1.059,0.452,0.004,2.555,0.129,0.871,0.165,0.750
1209,40.300,0.000,0.000,0.000,0.000,0,0,0,0.000,0.000,4,0,0.483,0,0.000,1930.327,0.000,0.496,1.228,0.899,0.282,0.106,0.234,0.766,0.138,0.580
1212,40.400,0.000,0.000,0.000,0.000,0,0,0,0.000,0.000,4,0,0.483,0,0.000,1930.327,0.000,0.496,1.297,0.909,0.253,0.528,0.203,0.797,0.139,0.580
1215,40.500,0.000,0.000,0.000,0.000,0,0,0,0.000,0.000,4,0,0.483,0,0.000,1930.327,0.000,0.496,2.902,0.899,0.434,1.348,0.312,0.688,0.180,0.580
1218,40.600,0.000,0.000,0.000,0.000,0,0,0,0.000,0.000,4,0,0.483,0,0.000,1930.327,0.000,0.496,1.677,0.916,0.649,0.788,0.269,0.731,0.148,0.580
1221,40.700,0.000,0.000,0.000,0.000,0,0,0,0.000,0.000,4,0,0.483,0,0.000,1930.327,0.000,0.496,1.696,0.831,0.595,1.196,0.251,0.749,0.154,0.580
1224,40.800,0.000,0.000,0.000,0.000,0,0,0,0.000,0.000,3,1,0.483,0,0.000,1930.327,0.000,0.496,1.104,0.900,0.654,0.017,0.194,0.806,0.035,0.750
1227,40.900,0.000,0.000,0.000,0.000,0,0,0,0.000,0.000,3,0,0.517,0,0.000,1930.327,0.000,0.496,1.424,0.956,0.575,0.940,0.251,0.749,0.039,0.580
1230,41.000,0.000,0.000,0.000,0.000,0,0,0,0.000,0.000,3,0,0.552,0,0.000,1930.327,0.000,0.496,3.241,0.974,0.610,0.479,0.327,0.673,0.083,0.580
1233,41.100,0.000,0.000,0.000,0.000,0,0,0,0.000,0.000,4,1,0.552,0,0.000,1930.327,0.000,0.496,0.898,0.743,0.449,1.781,0.148,0.852,0.140,0.750
1236,41.200,0.000,0.000,0.000,0.000,0,0,0,0.000,0.000,4,0,0.552,0,0.000,1930.327,0.000,0.496,1.018,0.693,0.441,0.012,0.153,0.847,0.147,0.580
1239,41.300,0.000,0.000,0.000,0.000,0,0,0,0.000,0.000,4,0,0.586,0,0.000,1930.327,0.000,0.496,1.066,0.853,0.377,1.836,0.213,0.787,0.137,0.580
1242,41.400,0.000,0.000,0.000,0.000,0,0,0,0.000,0.000,3,1,0.586,0,0.000,1930.327,0.000,0.496,1.720,0.909,0.251,0.261,0.257,0.743,0.049,0.750
1245,41.500,0.000,0.000,0.000,0.000,0,0,0,0.000,0.000,3,0,0.586,0,0.000,1930.327,0.000,0.496,2.643,0.985,0.150,0.557,0.284,0.716,0.067,0.580
1248,41.600,0.000,0.000,0.000,0.000,0,0,0,0.000,0.000,3,0,0.621,0,0.000,1930.327,0.000,0.496,1.130,0.943,0.039,1.058,0.204,0.796,0.032,0.580
1251,41.700,0.000,0.000,0.000,0.000,0,0,0,0.000,0.000,3,0,0.621,0,0.000,1930.327,0.000,0.496,1.951,0.949,0.038,1.102,0.277,0.723,0.052,0.580
1254,41.800,0.000,0.000,0.000,0.000,0,0,0,0.000,0.000,3,0,0.621,0,0.000,1930.327,0.000,0.496,1.955,0.934,0.179,1.481,0.242,0.758,0.054,0.580
1257,41.900,0.000,0.000,0.000,0.000,0,0,0,0.000,0.000,3,0,0.621,0,0.000,1930.327,0.000,0.496,1.434,0.959,0.241,1.965,0.246,0.754,0.039,0.580
1260,42.000,0.000,0.000,0.000,0.000,0,0,0,0.000,0.000,3,0,0.655,0,0.000,1930.327,0.000,0.496,1.026,0.840,0.310,2.640,0.184,0.816,0.037,0.580
1263,42.100,0.000,0.000,0.000,0.000,0,0,0,0.000,0.000,3,0,0.690,0,0.000,1930.327,0.000,0.496,1.939,0.982,0.667,1.101,0.244,0.756,0.050,0.580
1266,42.200,0.000,487.693,0.000,349.787,1,0,1,0.000,0.787,3,0,0.724,2,0.000,3389.119,0.033,0.148,13.368,0.145,0.655,3.136,0.381,0.619,0.764,0.650
1269,42.300,0.000,36.401,0.000,-451.292,1,0,1,0.000,0.899,3,0,0.724,2,35.735,4350.359,0.067,0.148,6.677,0.526,1.958,0.304,0.178,0.822,0.660,0.700
1272,42.400,0.000,24.413,0.000,-11.987,1,0,1,0.000,0.978,3,0,0.724,2,21.095,5192.725,0.100,0.148,4.040,0.642,2.558,0.401,0.145,0.855,0.524,0.700
1275,42.500,0.000,24.515,0.000,0.102,1,0,1,0.000,1.008,3,0,0.759,2,21.095,5192.725,0.133,0.148,5.675,0.445,2.842,0.828,0.156,0.844,0.583,0.700
1278,42.600,467.709,0.000,315.657,0.000,1,1,0,0.000,1.893,3,0,0.759,2,21.095,5192.725,0.167,0.147,4.877,0.559,2.213,1.097,0.183,0.817,0.673,0.700
1281,42.700,119.013,0.000,-348.697,0.000,1,1,0,0.000,2.035,3,0,0.793,2,2.236,5955.679,0.200,0.147,6.139,0.490,2.556,0.150,0.164,0.836,0.713,0.700
1284,42.800,426.138,0.000,318.203,0.000,2,1,0,426.138,1.655,3,0,0.828,4,55.660,7149.987,0.233,0.145,5.261,0.396,2.999,0.656,0.125,0.875,0.812,0.700
1287,42.900,11.314,226.451,-414.825,201.936,2,1,1,471.730,1.700,3,0,0.862,4,58.873,7400.969,0.267,0.143,4.816,0.480,3.454,0.628,0.157,0.843,0.799,0.700
1290,43.000,0.000,563.323,0.000,336.872,1,0,1,0.000,1.412,3,0,0.862,2,39.051,6442.150,0.300,0.142,5.142,0.109,3.919,0.835,0.169,0.831,0.727,0.700
1293,43.100,159.327,0.000,148.013,0.000,1,1,0,0.000,1.525,3,0,0.897,2,0.000,6113.325,0.333,0.142,5.825,0.119,3.878,0.011,0.134,0.866,0.747,0.700
1296,43.200,54.083,635.126,-105.243,71.803,2,1,1,647.309,1.699,3,0,0.897,4,13.454,4547.775,0.367,0.141,5.587,0.624,4.299,0.144,0.160,0.840,0.820,0.700
1299,43.300,39.459,22.672,-14.624,-612.454,2,1,1,590.593,1.764,3,0,0.897,4,82.298,3266.578,0.400,0.139,4.141,0.349,4.626,0.531,0.141,0.859,0.776,0.700
1302,43.400,552.123,0.000,527.123,0.000,2,1,0,552.123,0.935,3,0,0.897,4,122.919,2572.124,0.433,0.138,4.177,0.481,4.812,1.364,0.135,0.865,0.803,0.700
1305,43.500,545.311,18.788,-6.812,-3.883,2,1,1,574.933,1.942,3,0,0.897,4,48.918,2263.638,0.467,0.137,3.321,0.231,5.096,2.143,0.100,0.900,0.803,0.700
1308,43.600,17.720,14.866,-527.591,-3.922,2,1,1,571.948,1.766,3,0,0.897,4,43.658,1671.839,0.500,0.137,2.234,0.297,5.993,0.456,0.084,0.916,0.623,0.700
1311,43.700,554.366,0.000,543.053,0.000,2,1,0,554.366,1.829,3,0,0.931,4,58.694,987.305,0.533,0.137,2.499,0.520,5.945,0.005,0.121,0.879,0.770,0.700
1314,43.800,569.198,0.000,6.572,0.000,2,1,0,569.198,2.162,3,0,0.931,4,44.407,920.227,0.567,0.137,3.056,0.252,0.766,0.805,0.121,0.879,0.807,0.350
1317,43.900,612.474,0.000,13.111,0.000,2,1,0,612.474,2.903,3,0,0.931,4,73.335,970.067,0.600,0.136,7.553,0.360,0.534,2.045,0.149,0.851,0.916,0.550
1320,44.000,706.283,0.000,54.035,0.000,2,1,0,706.283,2.949,3,0,0.966,3,70.349,752.798,0.633,0.137,7.022,0.113,0.554,0.772,0.153,0.847,0.924,0.450
1323,44.100,783.185,0.000,57.085,0.000,2,1,0,783.185,3.121,3,0,0.966,3,35.511,852.814,0.667,0.399,7.718,0.127,0.519,0.652,0.185,0.815,0.944,0.450
1326,44.200,805.201,0.000,22.017,0.000,1,1,0,0.000,3.124,3,0,0.966,2,0.000,1276.825,0.700,0.399,8.980,0.122,0.500,0.798,0.201,0.799,0.845,0.650
1329,44.300,49.477,0.000,-755.724,0.000,1,1,0,0.000,2.760,3,0,1.000,2,0.000,1276.825,0.733,0.399,7.425,0.268,0.452,2.420,0.211,0.789,0.825,0.580
1332,44.400,0.000,0.000,0.000,0.000,0,0,0,0.000,0.000,3,0,1.000,0,0.000,1276.825,0.733,0.399,5.797,0.426,0.417,0.559,0.210,0.790,0.273,0.650
1335,44.500,0.000,0.000,0.000,0.000,0,0,0,0.000,0.000,3,0,1.000,0,0.000,1276.825,0.733,0.399,6.958,0.604,0.379,0.769,0.195,0.805,0.290,0.580
1338,44.600,0.000,0.000,0.000,0.000,0,0,0,0.000,0.000,3,0,1.000,0,0.000,1276.825,0.733,0.399,4.308,0.751,0.367,0.042,0.173,0.827,0.213,0.580
1341,44.700,0.000,0.000,0.000,0.000,0,0,0,0.000,0.000,3,0,1.000,0,0.000,1276.825,0.733,0.399,3.900,0.491,0.240,2.731,0.200,0.800,0.221,0.580
1344,44.800,0.000,0.000,0.000,0.000,0,0,0,0.000,0.000,3,0,1.000,0,0.000,1276.825,0.733,0.399,5.801,0.662,0.124,2.420,0.208,0.792,0.257,0.580
1347,44.900,0.000,0.000,0.000,0.000,0,0,0,0.000,0.000,3,0,1.000,0,0.000,1276.825,0.733,0.399,7.431,0.749,0.115,1.097,0.210,0.790,0.291,0.580
1350,45.000,0.000,0.000,0.000,0.000,0,0,0,0.000,0.000,3,0,1.000,0,0.000,1276.825,0.733,0.399,6.386,0.774,0.136,0.025,0.192,0.808,0.263,0.580
1353,45.100,0.000,0.000,0.000,0.000,0,0,0,0.000,0.000,3,0,1.000,0,0.000,1276.825,0.733,0.399,4.746,0.784,0.168,1.265,0.178,0.822,0.222,0.580
1356,45.200,0.000,0.000,0.000,0.000,0,0,0,0.000,0.000,3,0,1.000,0,0.000,1276.825,0.700,0.399,9.987,0.847,0.231,0.622,0.190,0.810,0.295,0.580
1359,45.300,0.000,0.000,0.000,0.000,0,0,0,0.000,0.000,3,0,1.000,0,0.000,1276.825,0.667,0.399,9.655,0.825,1.423,0.164,0.174,0.826,0.292,0.700
1362,45.400,0.000,0.000,0.000,0.000,0,0,0,0.000,0.000,3,0,1.000,0,0.000,1276.825,0.633,0.399,8.922,0.808,2.065,0.112,0.164,0.836,0.289,0.700
1365,45.500,0.000,0.000,0.000,0.000,0,0,0,0.000,0.000,3,0,1.000,0,0.000,1276.825,0.600,0.399,6.952,0.917,1.640,0.009,0.151,0.849,0.252,0.700
1368,45.600,0.000,0.000,0.000,0.000,0,0,0,0.000,0.000,3,0,1.000,0,0.000,1276.825,0.567,0.399,4.242,0.893,1.470,0.259,0.134,0.866,0.182,0.700
1371,45.700,0.000,0.000,0.000,0.000,0,0,0,0.000,0.000,3,0,1.000,0,0.000,1276.825,0.533,0.399,3.540,0.491,1.071,1.346,0.124,0.876,0.188,0.580
1374,45.800,0.000,0.000,0.000,0.000,0,0,0,0.000,0.000,3,0,1.000,0,0.000,1276.825,0.500,0.399,4.441,0.714,0.643,1.832,0.139,0.861,0.191,0.580
1377,45.900,0.000,115.767,0.000,100.901,1,0,1,0.000,1.569,3,0,1.000,1,0.000,1276.825,0.500,0.217,6.314,0.915,0.447,0.546,0.153,0.847,0.664,0.650
1380,46.000,784.951,0.000,735.474,0.000,1,1,0,0.000,2.720,3,0,1.000,1,0.000,1276.825,0.500,0.217,4.304,0.872,0.432,0.183,0.137,0.863,0.617,0.500
1383,46.100,17.088,0.000,-767.863,0.000,1,1,0,0.000,2.585,3,0,1.000,1,0.000,1276.825,0.500,0.222,4.139,0.632,0.280,0.086,0.132,0.868,0.474,0.580
1386,46.200,0.000,748.890,0.000,633.123,1,0,1,0.000,1.792,3,0,1.000,1,0.000,1276.825,0.500,0.222,6.514,0.790,0.320,0.257,0.161,0.839,0.678,0.500
1389,46.300,0.000,0.000,0.000,0.000,0,0,0,0.000,0.000,3,0,1.000,0,0.000,1276.825,0.467,0.222,8.637,0.747,0.452,0.158,0.165,0.835,0.274,0.650
1392,46.400,0.000,0.000,0.000,0.000,0,0,0,0.000,0.000,3,0,1.000,0,0.000,1276.825,0.433,0.222,12.478,0.730,0.493,0.052,0.175,0.825,0.271,0.580
1395,46.500,0.000,0.000,0.000,0.000,0,0,0,0.000,0.000,3,0,1.000,0,0.000,1276.825,0.400,0.222,11.110,0.588,0.542,1.879,0.160,0.840,0.277,0.580
1398,46.600,0.000,0.000,0.000,0.000,0,0,0,0.000,0.000,3,0,1.000,0,0.000,1276.825,0.367,0.222,9.502,0.818,0.619,0.831,0.142,0.858,0.257,0.580
1401,46.700,0.000,0.000,0.000,0.000,0,0,0,0.000,0.000,3,0,1.000,0,0.000,1276.825,0.333,0.222,7.888,0.160,0.770,2.050,0.169,0.831,0.296,0.580
1404,46.800,0.000,0.000,0.000,0.000,0,0,0,0.000,0.000,3,0,1.000,0,0.000,1276.825,0.300,0.222,8.694,0.354,0.420,0.207,0.167,0.833,0.281,0.580
1407,46.900,0.000,0.000,0.000,0.000,0,0,0,0.000,0.000,3,0,1.000,0,0.000,1276.825,0.267,0.222,11.196,0.119,0.152,0.125,0.187,0.813,0.294,0.580
1410,47.000,0.000,0.000,0.000,0.000,0,0,0,0.000,0.000,3,0,1.000,0,0.000,1276.825,0.233,0.222,10.503,0.313,0.180,0.340,0.172,0.828,0.276,0.580
1413,47.100,0.000,0.000,0.000,0.000,0,0,0,0.000,0.000,3,0,1.000,0,0.000,1276.825,0.200,0.222,8.698,0.500,0.313,0.216,0.164,0.836,0.259,0.580
1416,47.200,0.000,0.000,0.000,0.000,0,0,0,0.000,0.000,3,0,1.000,0,0.000,1276.825,0.167,0.222,9.418,0.508,0.569,0.402,0.205,0.795,0.254,0.580
1419,47.300,0.000,0.000,0.000,0.000,0,0,0,0.000,0.000,3,0,1.000,0,0.000,1276.825,0.133,0.222,11.295,0.655,0.930,0.319,0.208,0.792,0.240,0.580
1422,47.400,0.000,0.000,0.000,0.000,0,0,0,0.000,0.000,3,0,1.000,0,0.000,1276.825,0.133,0.222,10.026,0.349,1.237,0.107,0.200,0.800,0.262,0.580
1425,47.500,0.000,0.000,0.000,0.000,0,0,0,0.000,0.000,3,0,1.000,0,0.000,1276.825,0.133,0.222,7.526,0.401,1.344,0.058,0.194,0.806,0.246,0.580
1428,47.600,0.000,0.000,0.000,0.000,0,0,0,0.000,0.000,3,0,1.000,0,0.000,1276.825,0.133,0.222,5.686,0.573,1.504,0.030,0.185,0.815,0.188,0.700
1431,47.700,0.000,0.000,0.000,0.000,0,0,0,0.000,0.000,3,0,1.000,0,0.000,1276.825,0.133,0.222,5.222,0.410,1.552,0.725,0.172,0.828,0.188,0.700
1434,47.800,0.000,0.000,0.000,0.000,0,0,0,0.000,0.000,3,0,1.000,0,0.000,1276.825,0.133,0.222,5.250,0.637,1.483,0.160,0.149,0.851,0.173,0.700
1437,47.900,0.000,0.000,0.000,0.000,0,0,0,0.000,0.000,3,0,1.000,0,0.000,1276.825,0.133,0.222,5.511,0.547,1.225,0.140,0.133,0.867,0.185,0.580
1440,48.000,0.000,0.000,0.000,0.000,0,0,0,0.000,0.000,3,0,1.000,0,0.000,1276.825,0.133,0.222,5.372,0.135,0.681,0.040,0.117,0.883,0.211,0.580
1443,48.100,0.000,0.000,0.000,0.000,0,0,0,0.000,0.000,3,0,1.000,0,0.000,1276.825,0.133,0.222,3.391,0.123,0.378,0.429,0.105,0.895,0.162,0.580
1446,48.200,0.000,0.000,0.000,0.000,0,0,0,0.000,0.000,3,0,1.000,0,0.000,1276.825,0.133,0.222,2.236,0.429,0.119,0.088,0.096,0.904,0.112,0.580
1449,48.300,0.000,0.000,0.000,0.000,0,0,0,0.000,0.000,3,0,1.000,0,0.000,1276.825,0.133,0.222,0.997,0.500,0.034,0.650,0.080,0.920,0.076,0.580
1452,48.400,0.000,0.000,0.000,0.000,0,0,0,0.000,0.000,3,0,1.000,0,0.000,1276.825,0.133,0.222,2.350,0.316,0.135,0.166,0.112,0.888,0.123,0.580
1455,48.500,0.000,0.000,0.000,0.000,0,0,0,0.000,0.000,3,0,1.000,0,0.000,1276.825,0.133,0.222,3.390,0.523,0.392,1.410,0.117,0.883,0.134,0.580
1458,48.600,0.000,0.000,0.000,0.000,0,0,0,0.000,0.000,3,0,1.000,0,0.000,1276.825,0.133,0.222,2.412,0.638,0.622,1.815,0.104,0.896,0.102,0.580
1461,48.700,0.000,0.000,0.000,0.000,0,0,0,0.000,0.000,3,0,1.000,0,0.000,1276.825,0.133,0.222,3.021,0.828,0.909,0.055,0.123,0.877,0.104,0.580
1464,48.800,0.000,0.000,0.000,0.000,0,0,0,0.000,0.000,3,0,1.000,0,0.000,1276.825,0.133,0.222,3.539,0.809,1.314,0.027,0.120,0.880,0.118,0.580
1467,48.900,0.000,0.000,0.000,0.000,0,0,0,0.000,0.000,3,0,1.000,0,0.000,1276.825,0.100,0.222,1.610,0.530,1.775,0.391,0.105,0.895,0.085,0.700
1470,49.000,0.000,0.000,0.000,0.000,0,0,0,0.000,0.000,3,0,1.000,0,0.000,1276.825,0.067,0.222,1.223,0.415,2.169,0.628,0.093,0.907,0.080,0.700
1473,49.100,0.000,0.000,0.000,0.000,0,0,0,0.000,0.000,3,0,1.000,0,0.000,1276.825,0.033,0.222,1.486,0.273,2.801,1.225,0.091,0.909,0.092,0.700
1476,49.200,0.000,0.000,0.000,0.000,0,0,0,0.000,0.000,3,0,1.000,0,0.000,1276.825,0.000,0.222,2.002,0.121,3.362,0.341,0.236,0.764,0.112,0.700
1479,49.300,0.000,0.000,0.000,0.000,0,0,0,0.000,0.000,3,0,1.000,0,0.000,1276.825,0.000,0.222,4.863,0.337,3.168,0.455,0.105,0.895,0.168,0.700
1482,49.400,0.000,0.000,0.000,0.000,0,0,0,0.000,0.000,3,0,1.000,0,0.000,1276.825,0.000,0.222,5.568,0.349,2.748,1.963,0.101,0.899,0.185,0.700
1485,49.500,0.000,0.000,0.000,0.000,0,0,0,0.000,0.000,3,0,1.000,0,0.000,1276.825,0.000,0.222,3.121,0.427,2.601,2.877,0.104,0.896,0.118,0.700
1488,49.600,0.000,0.000,0.000,0.000,0,0,0,0.000,0.000,3,0,1.000,0,0.000,1276.825,0.000,0.222,2.879,0.522,2.479,0.272,0.083,0.917,0.105,0.700
1491,49.700,0.000,0.000,0.000,0.000,0,0,0,0.000,0.000,3,0,1.000,0,0.000,1276.825,0.000,0.222,2.047,0.314,2.059,2.786,0.085,0.915,0.099,0.700
1494,49.800,0.000,0.000,0.000,0.000,0,0,0,0.000,0.000,3,0,1.000,0,0.000,1276.825,0.000,0.222,2.109,0.552,1.665,0.861,0.084,0.916,0.084,0.700
1497,49.900,0.000,0.000,0.000,0.000,0,0,0,0.000,0.000,3,0,1.000,0,0.000,1276.825,0.000,0.222,1.801,0.387,1.277,0.229,0.075,0.925,0.088,0.580
1500,50.000,0.000,0.000,0.000,0.000,0,0,0,0.000,0.000,3,0,1.000,0,0.000,1276.825,0.000,0.222,2.681,0.657,1.119,1.424,0.077,0.923,0.091,0.580
1503,50.100,0.000,0.000,0.000,0.000,0,0,0,0.000,0.000,3,0,1.000,0,0.000,1276.825,0.000,0.222,2.930,0.234,1.031,0.694,0.093,0.907,0.127,0.580
1506,50.200,0.000,0.000,0.000,0.000,0,0,0,0.000,0.000,3,0,1.000,0,0.000,1276.825,0.000,0.222,5.224,0.189,0.879,2.159,0.106,0.894,0.187,0.580
1509,50.300,0.000,0.000,0.000,0.000,0,0,0,0.000,0.000,3,0,1.000,0,0.000,1276.825,0.000,0.222,6.374,0.566,0.726,2.029,0.130,0.870,0.190,0.580
1512,50.400,0.000,0.000,0.000,0.000,0,0,0,0.000,0.000,3,0,1.000,0,0.000,1276.825,0.000,0.222,6.155,0.422,0.594,3.126,0.116,0.884,0.194,0.580
1515,50.500,0.000,0.000,0.000,0.000,0,0,0,0.000,0.000,3,0,1.000,0,0.000,1276.825,0.000,0.222,6.946,0.344,0.265,0.009,0.134,0.866,0.220,0.580
1518,50.600,0.000,0.000,0.000,0.000,0,0,0,0.000,0.000,3,0,1.000,0,0.000,1276.825,0.000,0.222,4.122,0.352,0.209,1.207,0.126,0.874,0.148,0.580
1521,50.700,0.000,0.000,0.000,0.000,0,0,0,0.000,0.000,3,0,1.000,0,0.000,1276.825,0.000,0.222,4.957,0.345,0.516,0.858,0.165,0.835,0.170,0.580
1524,50.800,0.000,0.000,0.000,0.000,0,0,0,0.000,0.000,3,0,1.000,0,0.000,1276.825,0.000,0.222,6.181,0.260,0.831,1.117,0.158,0.842,0.206,0.580
1527,50.900,0.000,0.000,0.000,0.000,0,0,0,0.000,0.000,3,0,1.000,0,0.000,1276.825,0.000,0.222,4.063,0.489,0.935,1.005,0.136,0.864,0.137,0.580
1530,51.000,0.000,0.000,0.000,0.000,0,0,0,0.000,0.000,3,0,1.000,0,0.000,1276.825,0.000,0.222,5.172,0.316,0.856,0.419,0.150,0.850,0.177,0.580
1533,51.100,0.000,0.000,0.000,0.000,0,0,0,0.000,0.000,3,0,1.000,0,0.000,1276.825,0.000,0.222,5.393,0.435,1.196,0.218,0.151,0.849,0.174,0.580
1536,51.200,0.000,0.000,0.000,0.000,0,0,0,0.000,0.000,3,0,1.000,0,0.000,1276.825,0.000,0.222,4.467,0.479,1.369,0.773,0.142,0.858,0.148,0.580
1539,51.300,0.000,0.000,0.000,0.000,0,0,0,0.000,0.000,3,0,1.000,0,0.000,1276.825,0.000,0.222,3.698,0.517,1.502,2.022,0.125,0.875,0.126,0.700
1542,51.400,0.000,0.000,0.000,0.000,0,0,0,0.000,0.000,3,0,1.000,0,0.000,1276.825,0.000,0.222,4.097,0.378,1.623,1.138,0.130,0.870,0.146,0.700
1545,51.500,0.000,0.000,0.000,0.000,0,0,0,0.000,0.000,3,0,1.000,0,0.000,1276.825,0.000,0.222,1.968,0.298,1.753,0.179,0.108,0.892,0.098,0.700
1548,51.600,0.000,0.000,0.000,0.000,0,0,0,0.000,0.000,3,0,1.000,0,0.000,1276.825,0.000,0.222,2.106,0.230,1.772,0.349,0.092,0.908,0.107,0.700
1551,51.700,0.000,0.000,0.000,0.000,0,0,0,0.000,0.000,3,0,1.000,0,0.000,1276.825,0.000,0.222,3.949,0.519,1.698,0.271,0.100,0.900,0.132,0.700
1554,51.800,0.000,0.000,0.000,0.000,0,0,0,0.000,0.000,3,0,1.000,0,0.000,1276.825,0.000,0.222,2.629,0.752,1.327,2.339,0.122,0.878,0.083,0.580
1557,51.900,0.000,0.000,0.000,0.000,0,0,0,0.000,0.000,3,0,1.000,0,0.000,1276.825,0.000,0.222,2.566,0.827,0.837,0.408,0.114,0.886,0.076,0.580
1560,52.000,0.000,0.000,0.000,0.000,0,0,0,0.000,0.000,3,0,1.000,0,0.000,1276.825,0.000,0.222,3.058,0.436,0.461,2.614,0.099,0.901,0.116,0.580
1563,52.100,0.000,0.000,0.000,0.000,0,0,0,0.000,0.000,3,0,1.000,0,0.000,1276.825,0.000,0.222,3.028,0.557,0.082,2.826,0.113,0.887,0.107,0.580
1566,52.200,128.004,0.000,110.916,0.000,1,1,0,0.000,2.234,3,0,1.000,2,0.000,1276.825,0.033,0.167,4.190,0.716,0.057,1.369,0.099,0.901,0.629,0.650
1569,52.300,0.000,659.630,0.000,-89.260,1,0,1,0.000,1.867,3,0,1.000,2,0.000,1276.825,0.067,0.169,5.210,0.566,0.209,0.191,0.106,0.894,0.669,0.550
1572,52.400,0.000,7.071,0.000,-652.559,1,0,1,0.000,1.989,3,0,1.000,2,0.000,1276.825,0.100,0.169,3.335,0.545,0.288,1.814,0.093,0.907,0.417,0.580
1575,52.500,0.000,3.000,0.000,-4.071,1,0,1,0.000,1.714,3,0,1.000,2,0.000,1276.825,0.133,0.170,3.893,0.242,0.264,1.209,0.114,0.886,0.433,0.580
1578,52.600,0.000,11.000,0.000,8.000,1,0,1,0.000,1.395,3,0,1.000,2,0.000,1276.825,0.167,0.170,3.157,0.195,0.396,0.258,0.110,0.890,0.466,0.580
1581,52.700,0.000,22.361,0.000,11.361,1,0,1,0.000,1.518,3,0,1.000,1,0.000,1276.825,0.200,0.172,4.553,0.767,0.589,0.432,0.110,0.890,0.468,0.580
1584,52.800,55.326,0.000,-72.678,0.000,1,1,0,0.000,2.131,3,0,1.000,1,0.000,1276.825,0.233,0.172,5.905,0.263,0.737,0.602,0.123,0.877,0.667,0.580
1587,52.900,0.000,0.000,0.000,0.000,0,0,0,0.000,0.000,3,0,1.000,0,0.000,1276.825,0.233,0.172,6.852,0.521,0.771,1.059,0.116,0.884,0.233,0.650
1590,53.000,0.000,0.000,0.000,0.000,0,0,0,0.000,0.000,3,0,1.000,0,0.000,1276.825,0.233,0.172,5.861,0.383,0.878,2.353,0.120,0.880,0.218,0.580
1593,53.100,0.000,0.000,0.000,0.000,0,0,0,0.000,0.000,3,0,1.000,0,0.000,1276.825,0.233,0.172,3.520,0.406,0.582,2.898,0.103,0.897,0.158,0.580
1596,53.200,0.000,0.000,0.000,0.000,0,0,0,0.000,0.000,3,0,1.000,0,0.000,1276.825,0.233,0.172,6.808,0.614,0.438,0.336,0.155,0.845,0.225,0.580
1599,53.300,0.000,0.000,0.000,0.000,0,0,0,0.000,0.000,3,0,1.000,0,0.000,1276.825,0.233,0.172,2.091,0.479,0.240,0.549,0.110,0.890,0.117,0.580
1602,53.400,0.000,0.000,0.000,0.000,0,0,0,0.000,0.000,3,0,1.000,0,0.000,1276.825,0.233,0.172,5.345,0.678,0.089,0.598,0.133,0.867,0.184,0.580
1605,53.500,0.000,0.000,0.000,0.000,0,0,0,0.000,0.000,3,0,1.000,0,0.000,1276.825,0.233,0.172,6.315,0.346,0.214,0.577,0.133,0.867,0.232,0.580
1608,53.600,0.000,0.000,0.000,0.000,0,0,0,0.000,0.000,3,0,1.000,0,0.000,1276.825,0.233,0.172,5.345,0.344,0.645,0.413,0.151,0.849,0.208,0.580
1611,53.700,0.000,0.000,0.000,0.000,0,0,0,0.000,0.000,3,0,1.000,0,0.000,1276.825,0.233,0.172,7.384,0.490,0.822,1.249,0.159,0.841,0.248,0.580
1614,53.800,0.000,0.000,0.000,0.000,0,0,0,0.000,0.000,3,0,1.000,0,0.000,1276.825,0.233,0.172,4.881,0.068,1.068,1.729,0.118,0.882,0.215,0.580
1617,53.900,0.000,0.000,0.000,0.000,0,0,0,0.000,0.000,3,0,1.000,0,0.000,1276.825,0.233,0.172,5.606,0.414,1.219,0.740,0.136,0.864,0.209,0.580
1620,54.000,0.000,0.000,0.000,0.000,0,0,0,0.000,0.000,3,0,1.000,0,0.000,1276.825,0.233,0.172,5.373,0.449,1.406,0.362,0.129,0.871,0.201,0.700
1623,54.100,0.000,0.000,0.000,0.000,0,0,0,0.000,0.000,3,0,1.000,0,0.000,1276.825,0.233,0.172,5.516,0.459,1.696,0.505,0.145,0.855,0.204,0.700
1626,54.200,638.451,0.000,583.125,0.000,1,1,0,0.000,2.114,3,0,1.000,2,94.366,1311.995,0.267,0.187,7.268,0.334,2.286,0.135,0.184,0.816,0.760,0.700
1629,54.300,19.235,0.000,-619.216,0.000,1,1,0,0.000,1.737,3,0,1.000,2,94.340,1219.739,0.300,0.189,6.688,0.275,2.467,1.540,0.174,0.826,0.611,0.700
1632,54.400,4.123,0.000,-15.112,0.000,1,1,0,0.000,1.491,3,0,1.000,2,98.858,1307.434,0.333,0.189,8.316,0.330,1.932,0.297,0.166,0.834,0.560,0.700
1635,54.500,6.708,0.000,2.585,0.000,1,1,0,0.000,1.490,3,0,1.000,2,0.000,1132.514,0.367,0.190,7.026,0.185,1.477,0.729,0.155,0.845,0.564,0.700
1638,54.600,8.944,0.000,2.236,0.000,1,1,0,0.000,1.219,4,1,0.966,3,0.000,2257.664,0.400,0.190,4.649,0.305,1.337,0.359,0.109,0.891,0.628,0.750
1641,54.700,0.000,0.000,0.000,0.000,0,0,0,0.000,0.000,4,0,0.966,0,0.000,2257.664,0.400,0.190,11.023,0.275,1.418,1.254,0.334,0.666,0.399,0.700
1644,54.800,0.000,0.000,0.000,0.000,0,0,0,0.000,0.000,4,0,0.966,0,0.000,2257.664,0.400,0.190,13.277,0.848,1.317,0.761,0.325,0.675,0.359,0.580
1647,54.900,0.000,0.000,0.000,0.000,0,0,0,0.000,0.000,3,1,0.931,0,0.000,2257.664,0.400,0.190,12.792,0.878,1.803,0.024,0.334,0.666,0.257,0.750
1650,55.000,0.000,0.000,0.000,0.000,0,0,0,0.000,0.000,3,0,0.931,0,0.000,2257.664,0.400,0.190,14.149,0.845,2.087,0.188,0.335,0.665,0.259,0.700
1653,55.100,0.000,0.000,0.000,0.000,0,0,0,0.000,0.000,3,0,0.931,0,0.000,2257.664,0.400,0.190,14.909,0.830,2.271,0.095,0.326,0.674,0.260,0.700
1656,55.200,0.000,0.000,0.000,0.000,0,0,0,0.000,0.000,3,0,0.931,0,0.000,2257.664,0.367,0.190,8.533,0.905,2.721,0.355,0.301,0.699,0.251,0.700
1659,55.300,0.000,0.000,0.000,0.000,0,0,0,0.000,0.000,3,0,0.931,0,0.000,2257.664,0.333,0.190,4.304,0.884,2.404,0.518,0.264,0.736,0.156,0.700
1662,55.400,0.000,0.000,0.000,0.000,0,0,0,0.000,0.000,3,0,0.931,0,0.000,2257.664,0.300,0.190,1.751,0.792,2.393,1.433,0.212,0.788,0.094,0.700
1665,55.500,0.000,0.000,0.000,0.000,0,0,0,0.000,0.000,3,0,0.931,0,0.000,2257.664,0.267,0.190,2.004,0.847,2.216,0.148,0.221,0.779,0.093,0.700
1668,55.600,0.000,0.000,0.000,0.000,0,0,0,0.000,0.000,3,0,0.931,0,0.000,2257.664,0.233,0.190,1.454,0.823,2.050,0.624,0.177,0.823,0.077,0.700
1671,55.700,0.000,0.000,0.000,0.000,0,0,0,0.000,0.000,3,0,0.931,0,0.000,2257.664,0.200,0.190,1.270,0.588,1.905,0.230,0.163,0.837,0.085,0.700
1674,55.800,0.000,0.000,0.000,0.000,0,0,0,0.000,0.000,3,0,0.931,0,0.000,2257.664,0.167,0.190,0.764,0.394,1.395,0.495,0.111,0.889,0.082,0.580
1677,55.900,0.000,0.000,0.000,0.000,0,0,0,0.000,0.000,3,0,0.931,0,0.000,2257.664,0.167,0.190,0.995,0.617,1.042,2.718,0.123,0.877,0.072,0.580
1680,56.000,0.000,0.000,0.000,0.000,0,0,0,0.000,0.000,3,0,0.931,0,0.000,2257.664,0.167,0.190,1.740,0.822,0.561,1.217,0.226,0.774,0.076,0.580
1683,56.100,0.000,0.000,0.000,0.000,0,0,0,0.000,0.000,3,0,0.931,0,0.000,2257.664,0.167,0.190,1.334,0.830,0.267,0.162,0.203,0.797,0.065,0.580
1686,56.200,0.000,0.000,0.000,0.000,0,0,0,0.000,0.000,2,1,0.897,0,0.000,2257.664,0.167,0.190,0.494,0.448,0.078,1.614,0.084,0.916,0.071,0.750
1689,56.300,0.000,0.000,0.000,0.000,0,0,0,0.000,0.000,3,1,0.862,0,0.000,2257.664,0.167,0.190,0.334,0.235,0.454,1.784,0.059,0.941,0.082,0.750
1692,56.400,0.000,0.000,0.000,0.000,0,0,0,0.000,0.000,3,0,0.862,0,0.000,2257.664,0.167,0.190,0.560,0.474,1.071,2.358,0.100,0.900,0.071,0.580
1695,56.500,0.000,0.000,0.000,0.000,0,0,0,0.000,0.000,3,0,0.862,0,0.000,2257.664,0.167,0.190,0.295,0.380,1.410,3.110,0.038,0.962,0.071,0.700
1698,56.600,0.000,0.000,0.000,0.000,0,0,0,0.000,0.000,2,1,0.828,0,0.000,2257.664,0.167,0.190,0.610,0.835,1.666,1.814,0.104,0.896,0.047,0.750
1701,56.700,0.000,0.000,0.000,0.000,0,0,0,0.000,0.000,3,1,0.793,0,0.000,2257.664,0.167,0.190,0.757,0.826,1.951,0.132,0.123,0.877,0.051,0.750
1704,56.800,0.000,0.000,0.000,0.000,0,0,0,0.000,0.000,3,0,0.793,0,0.000,2257.664,0.167,0.190,0.825,0.845,2.130,0.368,0.132,0.868,0.051,0.700
1707,56.900,0.000,0.000,0.000,0.000,0,0,0,0.000,0.000,3,0,0.793,0,0.000,2257.664,0.167,0.190,0.569,0.370,2.158,1.272,0.092,0.908,0.078,0.700
1710,57.000,0.000,0.000,0.000,0.000,0,0,0,0.000,0.000,3,0,0.793,0,0.000,2257.664,0.167,0.190,10.647,0.114,1.925,0.632,0.386,0.614,0.282,0.700
1713,57.100,0.000,0.000,0.000,0.000,0,0,0,0.000,0.000,3,0,0.793,0,0.000,2257.664,0.167,0.190,7.373,0.725,1.610,2.208,0.318,0.682,0.224,0.700
1716,57.200,0.000,0.000,0.000,0.000,0,0,0,0.000,0.000,3,0,0.793,0,0.000,2257.664,0.133,0.190,9.779,0.732,1.354,0.313,0.338,0.662,0.235,0.580
1719,57.300,0.000,0.000,0.000,0.000,0,0,0,0.000,0.000,3,0,0.793,0,0.000,2257.664,0.100,0.190,11.481,0.731,1.063,0.573,0.340,0.660,0.231,0.580
1722,57.400,0.000,0.000,0.000,0.000,0,0,0,0.000,0.000,3,0,0.793,0,0.000,2257.664,0.067,0.190,13.437,0.879,0.779,0.036,0.360,0.640,0.216,0.610
1725,57.500,0.000,0.000,0.000,0.000,0,0,0,0.000,0.000,3,0,0.828,0,0.000,2257.664,0.033,0.190,12.746,0.912,0.495,0.173,0.367,0.633,0.210,0.617
1728,57.600,0.000,0.000,0.000,0.000,0,0,0,0.000,0.000,3,0,0.828,0,0.000,2257.664,0.000,0.190,10.843,0.936,0.279,0.068,0.372,0.628,0.204,0.622
1731,57.700,0.000,0.000,0.000,0.000,0,0,0,0.000,0.000,3,0,0.828,0,0.000,2257.664,0.000,0.190,9.354,0.953,0.116,0.169,0.384,0.616,0.203,0.634
1734,57.800,0.000,0.000,0.000,0.000,0,0,0,0.000,0.000,3,0,0.862,0,0.000,2257.664,0.000,0.190,6.510,0.958,0.120,0.528,0.375,0.625,0.166,0.625
1737,57.900,0.000,0.000,0.000,0.000,0,0,0,0.000,0.000,4,1,0.828,0,0.000,2257.664,0.000,0.190,3.864,0.964,0.375,0.197,0.338,0.662,0.199,0.750
1740,58.000,0.000,0.000,0.000,0.000,0,0,0,0.000,0.000,4,0,0.828,0,0.000,2257.664,0.000,0.190,4.143,0.956,0.630,0.338,0.342,0.658,0.207,0.580
1743,58.100,0.000,0.000,0.000,0.000,0,0,0,0.000,0.000,4,0,0.828,0,0.000,2257.664,0.000,0.190,3.053,0.961,1.081,0.021,0.317,0.683,0.179,0.580
1746,58.200,0.000,0.000,0.000,0.000,0,0,0,0.000,0.000,4,0,0.828,0,0.000,2257.664,0.000,0.190,2.187,0.899,2.567,0.485,0.289,0.711,0.162,0.700
1749,58.300,0.000,0.000,0.000,0.000,0,0,0,0.000,0.000,4,0,0.828,0,0.000,2257.664,0.000,0.190,3.033,0.970,6.042,0.236,0.318,0.682,0.178,0.700
1752,58.400,0.000,0.000,0.000,0.000,0,0,0,0.000,0.000,4,0,0.828,0,0.000,2257.664,0.000,0.190,1.610,0.925,11.830,0.049,0.270,0.730,0.145,0.700
1755,58.500,0.000,0.000,0.000,0.000,0,0,0,0.000,0.000,4,0,0.828,0,0.000,2257.664,0.000,0.190,2.756,0.943,12.803,1.872,0.316,0.684,0.173,0.700
1758,58.600,0.000,0.000,0.000,0.000,0,0,0,0.000,0.000,4,0,0.828,0,0.000,2257.664,0.000,0.190,3.054,0.895,2.141,1.908,0.307,0.693,0.184,0.700
1761,58.700,0.000,0.000,0.000,0.000,0,0,0,0.000,0.000,4,0,0.828,0,0.000,2257.664,0.000,0.190,2.330,0.750,1.606,1.298,0.230,0.770,0.176,0.700
1764,58.800,0.000,289.836,0.000,267.475,1,0,1,0.000,1.734,4,0,0.828,2,0.000,2257.664,0.033,0.214,11.578,0.182,1.024,0.359,0.419,0.581,0.831,0.669
1767,58.900,0.000,69.642,0.000,-220.194,1,0,1,0.000,1.845,4,0,0.828,2,0.000,3082.204,0.067,0.214,4.919,0.675,0.695,2.607,0.219,0.781,0.724,0.580
1770,59.000,0.000,19.105,0.000,-50.537,1,0,1,0.000,1.788,4,0,0.828,2,0.000,3082.204,0.100,0.215,6.035,0.715,0.304,1.698,0.229,0.771,0.609,0.580
1773,59.100,0.000,17.464,0.000,-1.641,1,0,1,0.000,1.572,4,0,0.862,2,0.000,3082.204,0.133,0.215,5.254,0.656,0.052,2.366,0.232,0.768,0.588,0.580
1776,59.200,0.000,21.024,0.000,3.560,1,0,1,0.000,1.351,4,0,0.897,2,0.000,3082.204,0.167,0.216,6.015,0.610,0.139,0.310,0.232,0.768,0.634,0.580
1779,59.300,0.000,7.211,0.000,-13.813,1,0,1,0.000,1.566,4,0,0.897,2,0.000,3082.204,0.200,0.216,6.336,0.699,0.297,0.219,0.224,0.776,0.564,0.580
1782,59.400,0.000,10.770,0.000,3.559,1,0,1,0.000,1.592,4,0,0.897,2,0.000,3082.204,0.233,0.217,6.665,0.769,0.394,0.106,0.221,0.779,0.591,0.580
1785,59.500,0.000,11.000,0.000,0.230,1,0,1,0.000,1.270,4,0,0.931,2,0.000,3082.204,0.267,0.217,4.800,0.864,0.417,0.093,0.220,0.780,0.543,0.580
1788,59.600,0.000,4.123,0.000,-6.877,1,0,1,0.000,1.072,4,0,0.966,1,0.000,3082.204,0.300,0.218,2.343,0.748,0.486,0.025,0.189,0.811,0.410,0.580
1791,59.700,0.000,2.236,0.000,-1.887,1,0,1,0.000,0.939,5,1,0.931,3,0.000,3082.204,0.333,0.218,1.417,0.715,0.555,1.719,0.144,0.856,0.446,0.750
1794,59.800,0.000,3.000,0.000,0.764,1,0,1,0.000,0.976,5,0,0.931,3,0.000,3082.204,0.367,0.218,0.955,0.442,0.605,1.003,0.107,0.893,0.462,0.580
1797,59.900,267.202,3.000,258.258,0.000,2,1,1,419.058,1.210,5,0,0.931,6,0.000,3265.084,0.400,0.217,0.972,0.746,0.703,0.019,0.117,0.883,0.800,0.650
1800,60.000,14.866,1.000,-252.336,-2.000,2,1,1,430.019,1.546,3,1,0.897,3,193.507,3857.219,0.433,0.217,1.043,0.698,0.750,0.402,0.125,0.875,0.542,0.750
1803,60.100,5.385,2.000,-9.481,1.000,2,1,1,433.042,1.429,3,0,0.897,3,73.661,3807.914,0.467,0.201,1.306,0.749,0.638,0.442,0.139,0.861,0.496,0.580
1806,60.200,5.385,2.828,0.000,0.828,2,1,1,426.042,1.501,3,0,0.897,3,168.751,4249.619,0.500,0.194,1.041,0.589,0.581,0.547,0.121,0.879,0.505,0.750
1809,60.300,5.099,3.606,-0.286,0.777,2,1,1,423.232,1.478,4,1,0.862,3,149.251,4814.017,0.533,0.192,1.330,0.577,0.478,0.872,0.171,0.829,0.570,0.750
1812,60.400,3.606,4.123,-1.493,0.518,2,1,1,424.265,1.490,3,1,0.828,2,99.539,5028.558,0.567,0.192,0.977,0.633,0.643,0.397,0.138,0.862,0.541,0.750
1815,60.500,4.472,2.000,0.867,-2.123,2,1,1,418.346,1.777,4,1,0.793,3,6.708,5159.044,0.600,0.192,1.274,0.821,0.647,1.046,0.150,0.850,0.556,0.750
1818,60.600,6.403,2.828,1.931,0.828,2,1,1,412.238,1.867,3,1,0.759,2,4.243,5342.809,0.633,0.190,1.065,0.806,0.720,1.072,0.140,0.860,0.452,0.750
1821,60.700,11.402,1.414,4.999,-1.414,2,1,1,402.045,1.695,3,0,0.759,3,6.403,5463.417,0.667,0.167,1.724,0.909,0.796,0.372,0.183,0.817,0.553,0.580
1824,60.800,25.179,1.000,13.778,-0.414,2,1,1,428.011,1.823,3,0,0.793,4,48.826,3827.194,0.700,0.165,1.564,0.034,0.912,1.702,0.111,0.889,0.691,0.580
1827,60.900,20.396,4.243,-4.783,3.243,2,1,1,429.228,1.935,3,0,0.793,4,133.304,3927.595,0.733,0.165,3.303,0.743,1.043,2.542,0.219,0.781,0.662,0.741
1830,61.000,0.000,0.000,0.000,0.000,0,0,0,0.000,0.000,3,0,0.793,0,133.304,3927.595,0.733,0.165,13.587,0.191,1.185,1.958,0.390,0.610,0.345,0.741
1833,61.100,0.000,0.000,0.000,0.000,0,0,0,0.000,0.000,3,0,0.793,0,133.304,3927.595,0.733,0.165,3.175,0.749,0.966,2.454,0.211,0.789,0.185,0.741
1836,61.200,0.000,0.000,0.000,0.000,0,0,0,0.000,0.000,6,1,0.759,0,133.304,3927.595,0.733,0.165,4.704,0.793,0.911,1.686,0.248,0.752,0.320,0.750
1839,61.300,0.000,0.000,0.000,0.000,0,0,0,0.000,0.000,6,0,0.759,0,133.304,3927.595,0.733,0.165,10.955,0.888,0.785,1.409,0.270,0.730,0.396,0.741
1842,61.400,0.000,0.000,0.000,0.000,0,0,0,0.000,0.000,6,0,0.759,0,133.304,3927.595,0.733,0.165,11.783,0.621,0.447,0.139,0.264,0.736,0.414,0.741
1845,61.500,0.000,0.000,0.000,0.000,0,0,0,0.000,0.000,4,0,0.759,0,133.304,3927.595,0.733,0.165,10.429,0.480,0.161,0.162,0.241,0.759,0.424,0.741
1848,61.600,0.000,0.000,0.000,0.000,0,0,0,0.000,0.000,4,0,0.759,0,133.304,3927.595,0.733,0.165,8.555,0.457,0.106,0.253,0.216,0.784,0.426,0.741
1851,61.700,0.000,0.000,0.000,0.000,0,0,0,0.000,0.000,4,0,0.759,0,133.304,3927.595,0.733,0.165,10.626,0.312,0.309,1.144,0.196,0.804,0.436,0.741
1854,61.800,0.000,0.000,0.000,0.000,0,0,0,0.000,0.000,4,0,0.759,0,133.304,3927.595,0.700,0.165,10.072,0.398,0.544,1.382,0.194,0.806,0.426,0.741
1857,61.900,0.000,0.000,0.000,0.000,0,0,0,0.000,0.000,4,0,0.759,0,133.304,3927.595,0.667,0.165,9.576,0.272,1.272,0.220,0.166,0.834,0.431,0.741
1860,62.000,0.000,0.000,0.000,0.000,0,0,0,0.000,0.000,4,0,0.759,0,133.304,3927.595,0.633,0.165,9.580,0.578,1.617,1.860,0.192,0.808,0.406,0.741
1863,62.100,0.000,0.000,0.000,0.000,0,0,0,0.000,0.000,4,0,0.759,0,133.304,3927.595,0.600,0.165,13.472,0.536,2.086,0.479,0.196,0.804,0.404,0.741
1866,62.200,0.000,0.000,0.000,0.000,0,0,0,0.000,0.000,4,0,0.759,0,133.304,3927.595,0.567,0.165,12.633,0.476,2.668,0.544,0.204,0.796,0.405,0.741
1869,62.300,0.000,114.140,0.000,109.898,1,0,1,0.000,1.191,4,0,0.759,3,60.166,3924.399,0.567,0.240,15.461,0.735,3.490,0.692,0.216,0.784,0.902,0.700
1872,62.400,0.000,11.662,0.000,-102.478,1,0,1,0.000,1.258,4,0,0.759,3,0.000,4148.180,0.567,0.240,6.128,0.917,5.034,0.760,0.211,0.789,0.657,0.700
1875,62.500,0.000,7.810,0.000,-3.852,1,0,1,0.000,1.392,4,0,0.759,3,0.000,4486.685,0.567,0.235,4.067,0.786,8.100,0.137,0.196,0.804,0.593,0.700
1878,62.600,0.000,21.260,0.000,13.450,1,0,1,0.000,1.246,4,0,0.793,3,0.000,4145.569,0.567,0.235,5.107,0.394,2.317,0.676,0.191,0.809,0.721,0.700
1881,62.700,0.000,10.770,0.000,-10.490,1,0,1,0.000,1.285,5,0,0.793,4,0.000,3250.825,0.567,0.229,5.553,0.674,2.334,0.155,0.206,0.794,0.663,0.700
1884,62.800,448.844,0.000,428.448,0.000,1,1,0,0.000,1.701,5,0,0.793,3,0.000,3250.825,0.567,0.223,13.641,0.727,2.249,0.387,0.233,0.767,0.875,0.700
1887,62.900,26.926,0.000,-421.918,0.000,1,1,0,0.000,1.577,5,0,0.828,3,44.011,3426.225,0.567,0.223,6.625,0.588,1.759,0.024,0.206,0.794,0.750,0.700
1890,63.000,0.000,19.925,0.000,9.155,1,0,1,0.000,1.199,5,0,0.828,4,0.000,1897.620,0.567,0.223,5.206,0.215,1.298,1.715,0.194,0.806,0.738,0.580
1893,63.100,0.000,24.187,0.000,4.262,1,0,1,0.000,1.124,5,0,0.828,4,21.932,1999.714,0.567,0.223,4.939,0.683,1.017,1.479,0.184,0.816,0.722,0.580
1896,63.200,0.000,12.166,0.000,-12.021,1,0,1,0.000,1.031,5,0,0.862,3,16.763,2148.125,0.567,0.223,4.171,0.934,0.852,0.170,0.183,0.817,0.582,0.580
1899,63.300,0.000,13.038,0.000,0.873,1,0,1,0.000,0.968,4,0,0.897,3,5.831,2269.644,0.567,0.223,2.785,0.672,0.604,0.241,0.162,0.838,0.598,0.580
1902,63.400,0.000,15.297,0.000,2.259,1,0,1,0.000,0.910,4,0,0.931,3,5.831,2269.644,0.567,0.223,2.936,0.873,0.372,0.094,0.171,0.829,0.600,0.580
1905,63.500,0.000,5.099,0.000,-10.198,1,0,1,0.000,0.880,4,0,0.966,3,5.831,2269.644,0.567,0.223,2.810,0.940,0.152,0.833,0.162,0.838,0.536,0.580
1908,63.600,0.000,15.556,0.000,10.457,1,0,1,0.000,1.180,4,0,0.966,3,5.831,2269.644,0.567,0.223,4.380,0.849,0.083,0.271,0.188,0.812,0.640,0.580
1911,63.700,0.000,14.142,0.000,-1.414,1,0,1,0.000,1.319,4,0,0.966,3,5.831,2269.644,0.567,0.223,4.368,0.966,0.442,0.124,0.185,0.815,0.623,0.580
1914,63.800,0.000,2.236,0.000,-11.906,1,0,1,0.000,1.284,4,0,0.966,3,5.831,2269.644,0.567,0.223,2.544,0.889,0.812,0.630,0.151,0.849,0.517,0.580
1917,63.900,0.000,6.708,0.000,4.472,1,0,1,0.000,1.262,4,0,0.966,3,5.831,2269.644,0.567,0.223,2.361,0.902,1.368,0.117,0.149,0.851,0.536,0.580
1920,64.000,597.746,8.944,570.820,2.236,2,1,1,594.549,1.555,4,0,0.966,6,5.831,2269.644,0.600,0.389,3.465,0.420,1.626,0.049,0.164,0.836,0.909,0.700
1923,64.100,11.402,52.393,-586.344,43.448,2,1,1,578.468,1.467,4,0,1.000,6,5.831,2269.644,0.633,0.379,7.832,0.663,1.370,0.526,0.215,0.785,1.000,0.450
1926,64.200,0.000,37.736,0.000,-14.657,1,0,1,0.000,1.592,5,1,0.966,4,201.040,3908.575,0.667,0.379,8.094,0.841,1.442,0.586,0.217,0.783,0.875,0.750
1929,64.300,0.000,47.854,0.000,10.118,1,0,1,0.000,1.491,5,0,0.966,4,167.287,2844.994,0.700,0.379,16.369,0.532,1.443,0.195,0.214,0.786,0.941,0.750
1932,64.400,0.000,34.176,0.000,-13.678,1,0,1,0.000,1.193,5,0,0.966,4,187.619,3356.824,0.733,0.379,7.426,0.753,1.378,0.422,0.177,0.823,0.855,0.750
1935,64.500,0.000,12.728,0.000,-21.448,1,0,1,0.000,1.256,5,1,0.931,4,182.718,3314.359,0.767,0.369,4.500,0.510,1.241,1.263,0.150,0.850,0.684,0.750
1938,64.600,0.000,22.672,0.000,9.944,1,0,1,0.000,1.188,5,0,0.931,4,0.000,3137.117,0.800,0.369,5.838,0.764,1.101,2.524,0.180,0.820,0.758,0.580
1941,64.700,0.000,24.597,0.000,1.925,1,0,1,0.000,1.024,5,0,0.931,4,53.367,3062.209,0.833,0.369,6.326,0.679,0.972,0.065,0.197,0.803,0.791,0.580
1944,64.800,166.172,13.038,154.770,-11.558,2,1,1,479.267,1.313,4,0,0.931,6,0.000,3012.717,0.867,0.358,3.801,0.146,0.783,2.459,0.163,0.837,0.969,0.650
1947,64.900,0.000,6.708,0.000,-6.330,1,0,1,0.000,1.117,4,0,0.931,3,0.000,2927.188,0.900,0.358,3.262,0.271,0.601,0.268,0.165,0.835,0.643,0.650
1950,65.000,0.000,486.148,0.000,479.745,2,0,1,486.148,1.172,4,0,0.931,6,11.402,2882.888,0.933,0.347,4.150,0.826,0.466,0.758,0.193,0.807,0.938,0.650
1953,65.100,0.000,481.785,0.000,-4.363,1,0,1,0.000,1.543,4,0,0.931,3,0.000,2880.304,0.967,0.347,3.831,0.680,0.326,0.315,0.190,0.810,0.849,0.650
1956,65.200,0.000,7.280,0.000,-474.505,1,0,1,0.000,1.510,4,0,0.931,3,37.643,2941.519,1.000,0.347,3.378,0.477,0.208,0.364,0.181,0.819,0.646,0.580
1959,65.300,0.000,6.403,0.000,-0.877,1,0,1,0.000,1.621,4,0,0.931,3,38.079,3002.539,1.000,0.347,3.345,0.664,0.093,0.079,0.203,0.797,0.628,0.580
1962,65.400,0.000,4.000,0.000,-2.403,1,0,1,0.000,1.869,4,0,0.931,3,38.328,1899.478,1.000,0.358,2.282,0.590,0.224,0.754,0.172,0.828,0.593,0.580
1965,65.500,0.000,6.083,0.000,2.083,1,0,1,0.000,1.742,4,0,0.931,3,36.139,1145.829,1.000,0.358,3.246,0.863,0.311,0.236,0.203,0.797,0.609,0.580
1968,65.600,0.000,5.000,0.000,-1.083,1,0,1,0.000,1.695,4,0,0.931,2,2.236,164.334,1.000,0.369,2.243,0.773,0.319,0.049,0.167,0.833,0.540,0.580
1971,65.700,0.000,0.000,0.000,0.000,0,0,0,0.000,0.000,5,0,0.931,0,2.236,164.334,0.967,0.369,2.641,0.593,0.107,0.280,0.179,0.821,0.310,0.650
1974,65.800,0.000,155.682,0.000,150.682,1,0,1,0.000,1.810,5,0,0.931,4,232.562,1454.945,0.967,0.360,4.607,0.582,0.081,0.243,0.215,0.785,0.884,0.750
1977,65.900,0.000,96.338,0.000,-59.344,1,0,1,0.000,1.511,5,0,0.931,4,96.338,3463.805,0.967,0.360,3.245,0.231,0.347,0.484,0.175,0.825,0.875,0.535
1980,66.000,0.000,66.483,0.000,-29.855,1,0,1,0.000,1.155,5,0,0.931,3,96.338,3463.805,0.967,0.371,2.388,0.478,0.440,0.179,0.142,0.858,0.800,0.550
1983,66.100,0.000,0.000,0.000,0.000,0,0,0,0.000,0.000,5,0,0.931,0,96.338,3463.805,0.933,0.371,2.516,0.846,0.466,1.136,0.201,0.799,0.286,0.650
1986,66.200,0.000,0.000,0.000,0.000,0,0,0,0.000,0.000,5,0,0.931,0,96.338,3463.805,0.900,0.371,3.007,0.838,0.546,0.027,0.219,0.781,0.295,0.580
1989,66.300,0.000,0.000,0.000,0.000,0,0,0,0.000,0.000,5,0,0.931,0,96.338,3463.805,0.867,0.371,1.682,0.636,0.652,0.223,0.163,0.837,0.272,0.580
1992,66.400,0.000,0.000,0.000,0.000,0,0,0,0.000,0.000,5,0,0.931,0,96.338,3463.805,0.833,0.371,2.099,0.816,0.721,0.839,0.180,0.820,0.265,0.580
1995,66.500,0.000,0.000,0.000,0.000,0,0,0,0.000,0.000,5,0,0.931,0,96.338,3463.805,0.800,0.371,1.196,0.629,0.753,1.957,0.127,0.873,0.252,0.580
1998,66.600,0.000,0.000,0.000,0.000,0,0,0,0.000,0.000,5,0,0.931,0,96.338,3463.805,0.767,0.371,1.433,0.920,0.851,0.789,0.157,0.843,0.233,0.580
2001,66.700,0.000,0.000,0.000,0.000,0,0,0,0.000,0.000,4,1,0.897,0,96.338,3463.805,0.733,0.371,0.448,0.751,0.883,1.222,0.064,0.936,0.217,0.750
2004,66.800,0.000,0.000,0.000,0.000,0,0,0,0.000,0.000,5,1,0.862,0,96.338,3463.805,0.700,0.371,1.843,0.777,0.912,1.436,0.174,0.826,0.246,0.750
2007,66.900,0.000,0.000,0.000,0.000,0,0,0,0.000,0.000,4,0,0.862,0,96.338,3463.805,0.667,0.371,1.385,0.861,0.969,1.746,0.126,0.874,0.224,0.580
2010,67.000,0.000,0.000,0.000,0.000,0,0,0,0.000,0.000,4,0,0.862,0,96.338,3463.805,0.633,0.371,2.785,0.512,0.983,3.117,0.160,0.840,0.280,0.580
2013,67.100,0.000,0.000,0.000,0.000,0,0,0,0.000,0.000,4,0,0.897,0,96.338,3463.805,0.600,0.371,5.856,0.937,0.985,2.477,0.237,0.763,0.323,0.580
2016,67.200,0.000,0.000,0.000,0.000,0,0,0,0.000,0.000,5,0,0.897,0,96.338,3463.805,0.567,0.371,2.452,0.840,0.795,0.765,0.111,0.889,0.241,0.580
2019,67.300,0.000,0.000,0.000,0.000,0,0,0,0.000,0.000,5,0,0.897,0,96.338,3463.805,0.533,0.371,1.949,0.902,0.701,1.385,0.161,0.839,0.220,0.580
2022,67.400,0.000,0.000,0.000,0.000,0,0,0,0.000,0.000,5,0,0.931,0,96.338,3463.805,0.500,0.371,1.144,0.728,1.233,1.310,0.128,0.872,0.208,0.580
2025,67.500,0.000,0.000,0.000,0.000,0,0,0,0.000,0.000,4,0,0.931,0,96.338,3463.805,0.467,0.371,0.714,0.643,1.446,2.591,0.083,0.917,0.199,0.700
2028,67.600,0.000,0.000,0.000,0.000,0,0,0,0.000,0.000,4,0,0.931,0,96.338,3463.805,0.433,0.371,1.725,0.940,1.380,1.043,0.163,0.837,0.199,0.580
2031,67.700,0.000,0.000,0.000,0.000,0,0,0,0.000,0.000,4,0,0.931,0,96.338,3463.805,0.400,0.371,3.443,0.850,1.392,0.165,0.179,0.821,0.245,0.580
2034,67.800,0.000,0.000,0.000,0.000,0,0,0,0.000,0.000,5,0,0.931,0,96.338,3463.805,0.367,0.371,4.541,0.816,1.744,0.479,0.197,0.803,0.270,0.700
2037,67.900,0.000,0.000,0.000,0.000,0,0,0,0.000,0.000,5,0,0.931,0,96.338,3463.805,0.333,0.371,4.789,0.741,1.130,0.201,0.129,0.871,0.278,0.580
2040,68.000,0.000,0.000,0.000,0.000,0,0,0,0.000,0.000,5,0,0.931,0,96.338,3463.805,0.300,0.371,3.438,0.912,0.756,2.915,0.191,0.809,0.228,0.580
2043,68.100,0.000,0.000,0.000,0.000,0,0,0,0.000,0.000,5,1,0.897,0,96.338,3463.805,0.267,0.371,3.259,0.505,0.299,2.222,0.151,0.849,0.248,0.750
2046,68.200,0.000,0.000,0.000,0.000,0,0,0,0.000,0.000,5,0,0.897,0,96.338,3463.805,0.233,0.371,3.479,0.572,0.036,0.410,0.185,0.815,0.245,0.580
2049,68.300,0.000,0.000,0.000,0.000,0,0,0,0.000,0.000,5,0,0.897,0,96.338,3463.805,0.200,0.371,5.007,0.841,0.436,0.151,0.175,0.825,0.260,0.580
2052,68.400,0.000,0.000,0.000,0.000,0,0,0,0.000,0.000,4,1,0.862,0,96.338,3463.805,0.167,0.371,8.118,0.624,0.771,0.171,0.187,0.813,0.346,0.750
2055,68.500,0.000,0.000,0.000,0.000,0,0,0,0.000,0.000,4,0,0.862,0,96.338,3463.805,0.133,0.371,6.645,0.616,1.264,0.498,0.162,0.838,0.309,0.580
2058,68.600,0.000,0.000,0.000,0.000,0,0,0,0.000,0.000,4,0,0.862,0,96.338,3463.805,0.100,0.371,6.669,0.614,1.594,0.254,0.187,0.813,0.306,0.700
2061,68.700,0.000,0.000,0.000,0.000,0,0,0,0.000,0.000,4,1,0.828,0,96.338,3463.805,0.100,0.371,5.153,0.586,1.022,0.814,0.154,0.846,0.270,0.750
2064,68.800,0.000,0.000,0.000,0.000,0,0,0,0.000,0.000,4,0,0.828,0,96.338,3463.805,0.067,0.371,6.473,0.638,1.168,0.717,0.140,0.860,0.295,0.580
2067,68.900,0.000,0.000,0.000,0.000,0,0,0,0.000,0.000,4,0,0.828,0,96.338,3463.805,0.033,0.371,4.730,0.884,1.694,0.903,0.157,0.843,0.230,0.700
2070,69.000,0.000,0.000,0.000,0.000,0,0,0,0.000,0.000,4,1,0.793,0,96.338,3463.805,0.000,0.371,5.900,0.831,2.008,0.769,0.163,0.837,0.259,0.750
2073,69.100,0.000,0.000,0.000,0.000,0,0,0,0.000,0.000,4,0,0.793,0,96.338,3463.805,0.000,0.371,5.690,0.770,2.296,0.746,0.173,0.827,0.258,0.700
2076,69.200,0.000,0.000,0.000,0.000,0,0,0,0.000,0.000,4,0,0.793,0,96.338,3463.805,0.000,0.371,6.115,0.862,2.560,0.785,0.183,0.817,0.263,0.700
2079,69.300,0.000,0.000,0.000,0.000,0,0,0,0.000,0.000,4,0,0.793,0,96.338,3463.805,0.000,0.371,6.564,0.946,2.620,0.015,0.182,0.818,0.268,0.700
2082,69.400,0.000,0.000,0.000,0.000,0,0,0,0.000,0.000,4,0,0.793,0,96.338,3463.805,0.000,0.371,4.497,0.755,2.315,0.791,0.157,0.843,0.230,0.700
2085,69.500,0.000,0.000,0.000,0.000,0,0,0,0.000,0.000,4,0,0.793,0,96.338,3463.805,0.000,0.371,4.428,0.717,1.979,2.976,0.145,0.855,0.231,0.700
2088,69.600,0.000,0.000,0.000,0.000,0,0,0,0.000,0.000,4,0,0.828,0,96.338,3463.805,0.000,0.371,5.326,0.362,1.942,0.003,0.135,0.865,0.278,0.700
2091,69.700,0.000,0.000,0.000,0.000,0,0,0,0.000,0.000,4,0,0.862,0,96.338,3463.805,0.000,0.371,5.415,0.299,1.977,0.031,0.156,0.844,0.284,0.700
2094,69.800,0.000,0.000,0.000,0.000,0,0,0,0.000,0.000,4,0,0.862,0,96.338,3463.805,0.000,0.371,4.394,0.595,2.078,0.895,0.155,0.845,0.238,0.700
2097,69.900,0.000,0.000,0.000,0.000,0,0,0,0.000,0.000,3,1,0.828,0,96.338,3463.805,0.000,0.371,5.435,0.666,1.812,0.572,0.160,0.840,0.159,0.750
2100,70.000,0.000,0.000,0.000,0.000,0,0,0,0.000,0.000,3,0,0.828,0,96.338,3463.805,0.000,0.371,7.275,0.248,1.096,0.081,0.176,0.824,0.235,0.580
2103,70.100,0.000,0.000,0.000,0.000,0,0,0,0.000,0.000,3,0,0.828,0,96.338,3463.805,0.000,0.371,8.411,0.328,0.911,0.763,0.200,0.800,0.247,0.580
2106,70.200,0.000,0.000,0.000,0.000,0,0,0,0.000,0.000,5,1,0.793,0,96.338,3463.805,0.000,0.371,5.663,0.560,0.913,1.345,0.208,0.792,0.272,0.750
2109,70.300,0.000,0.000,0.000,0.000,0,0,0,0.000,0.000,5,0,0.793,0,96.338,3463.805,0.000,0.371,5.362,0.806,0.846,0.710,0.214,0.786,0.248,0.580
2112,70.400,0.000,0.000,0.000,0.000,0,0,0,0.000,0.000,5,0,0.793,0,96.338,3463.805,0.000,0.371,5.840,0.772,0.662,0.052,0.215,0.785,0.262,0.580
2115,70.500,0.000,0.000,0.000,0.000,0,0,0,0.000,0.000,4,0,0.793,0,96.338,3463.805,0.000,0.371,3.976,0.612,0.637,0.502,0.203,0.797,0.227,0.580
2118,70.600,0.000,0.000,0.000,0.000,0,0,0,0.000,0.000,4,0,0.793,0,96.338,3463.805,0.000,0.371,3.354,0.785,0.454,1.405,0.178,0.822,0.199,0.580
2121,70.700,0.000,0.000,0.000,0.000,0,0,0,0.000,0.000,4,0,0.793,0,96.338,3463.805,0.000,0.371,4.222,0.755,0.227,0.934,0.191,0.809,0.223,0.580
2124,70.800,0.000,0.000,0.000,0.000,0,0,0,0.000,0.000,6,1,0.759,0,96.338,3463.805,0.000,0.371,2.217,0.799,0.008,1.168,0.123,0.877,0.170,0.750
2127,70.900,263.002,0.000,96.830,0.000,1,1,0,0.000,1.658,6,0,0.759,3,465.242,4761.077,0.033,0.149,3.933,0.656,0.309,1.656,0.178,0.822,0.696,0.750
2130,71.000,202.615,0.000,-60.387,0.000,1,1,0,0.000,1.590,6,0,0.793,3,61.847,5956.474,0.067,0.149,5.876,0.408,0.320,1.032,0.188,0.812,0.766,0.550
2133,71.100,49.204,0.000,-153.412,0.000,1,1,0,0.000,1.466,5,1,0.759,2,0.000,6452.505,0.100,0.151,4.099,0.704,0.315,2.273,0.170,0.830,0.687,0.750
2136,71.200,4.000,0.000,-45.204,0.000,1,1,0,0.000,1.422,5,0,0.759,2,79.120,7064.138,0.133,0.151,3.058,0.720,0.551,1.757,0.150,0.850,0.436,0.580
2139,71.300,15.133,0.000,11.133,0.000,1,1,0,0.000,1.702,5,0,0.793,2,65.192,7485.625,0.167,0.153,2.246,0.374,0.935,3.003,0.101,0.899,0.506,0.580
2142,71.400,46.174,0.000,31.041,0.000,1,1,0,0.000,1.387,4,1,0.759,2,90.934,7678.045,0.200,0.153,3.381,0.501,0.995,0.656,0.136,0.864,0.713,0.750
2145,71.500,58.549,0.000,12.376,0.000,1,1,0,0.000,1.174,4,0,0.759,2,0.000,7602.897,0.233,0.155,5.243,0.587,1.223,1.123,0.154,0.846,0.758,0.350
2148,71.600,34.986,0.000,-23.563,0.000,1,1,0,0.000,1.209,4,0,0.793,2,0.000,7419.925,0.267,0.155,5.218,0.560,1.329,0.667,0.179,0.821,0.708,0.350
2151,71.700,0.000,0.000,0.000,0.000,0,0,0,0.000,0.000,4,0,0.793,0,0.000,7419.925,0.267,0.155,4.103,0.635,1.358,2.601,0.179,0.821,0.260,0.650
2154,71.800,0.000,0.000,0.000,0.000,0,0,0,0.000,0.000,4,0,0.793,0,0.000,7419.925,0.267,0.155,6.235,0.321,1.500,2.874,0.174,0.826,0.335,0.700
2157,71.900,0.000,0.000,0.000,0.000,0,0,0,0.000,0.000,4,0,0.828,0,0.000,7419.925,0.267,0.155,7.308,0.201,1.395,1.127,0.195,0.805,0.371,0.580
2160,72.000,0.000,0.000,0.000,0.000,0,0,0,0.000,0.000,4,0,0.828,0,0.000,7419.925,0.267,0.155,7.346,0.290,1.413,1.995,0.187,0.813,0.365,0.700
2163,72.100,0.000,0.000,0.000,0.000,0,0,0,0.000,0.000,4,0,0.828,0,0.000,7419.925,0.267,0.155,7.618,0.315,0.985,1.886,0.187,0.813,0.370,0.580
2166,72.200,298.002,0.000,263.016,0.000,1,1,0,0.000,1.098,4,0,0.828,2,64.761,7296.574,0.300,0.165,5.706,0.395,0.529,0.942,0.189,0.811,0.791,0.650
2169,72.300,0.000,341.646,0.000,275.163,1,0,1,0.000,1.158,3,1,0.793,2,0.000,1113.185,0.333,0.167,6.962,0.566,0.343,0.076,0.184,0.816,0.744,0.750
2172,72.400,0.000,29.530,0.000,-312.116,1,0,1,0.000,1.242,3,0,0.793,2,44.721,582.987,0.367,0.167,6.993,0.630,0.116,0.454,0.185,0.815,0.659,0.580
2175,72.500,0.000,92.005,0.000,62.476,1,0,1,0.000,1.022,3,0,0.793,2,0.000,793.069,0.400,0.167,5.097,0.606,0.278,0.162,0.169,0.831,0.703,0.450
2178,72.600,0.000,68.118,0.000,-23.888,1,0,1,0.000,1.007,4,1,0.759,3,0.000,793.069,0.433,0.169,3.056,0.423,0.177,1.462,0.131,0.869,0.784,0.750
2181,72.700,0.000,67.602,0.000,-0.516,1,0,1,0.000,0.915,4,0,0.759,2,0.000,793.069,0.467,0.171,5.060,0.748,0.182,1.094,0.157,0.843,0.770,0.350
2184,72.800,0.000,17.000,0.000,-50.602,1,0,1,0.000,0.702,4,0,0.793,2,0.000,793.069,0.500,0.171,3.500,0.872,0.359,0.149,0.144,0.856,0.571,0.580
2187,72.900,0.000,19.235,0.000,2.235,1,0,1,0.000,1.061,4,0,0.793,3,220.227,2586.077,0.533,0.171,2.380,0.906,0.465,0.009,0.126,0.874,0.602,0.750
2190,73.000,0.000,16.643,0.000,-2.592,1,0,1,0.000,1.035,4,0,0.793,3,81.744,5277.299,0.567,0.171,0.974,0.331,0.500,2.658,0.063,0.937,0.597,0.580
2193,73.100,0.000,10.817,0.000,-5.827,1,0,1,0.000,0.974,4,0,0.828,3,81.744,5277.299,0.600,0.171,1.563,0.831,0.451,2.480,0.101,0.899,0.548,0.580
2196,73.200,0.000,57.140,0.000,46.324,1,0,1,0.000,0.836,3,1,0.793,1,81.744,5277.299,0.633,0.173,3.679,0.803,0.567,0.180,0.163,0.837,0.622,0.750
2199,73.300,0.000,870.097,0.000,817.088,2,0,1,870.097,1.169,3,0,0.793,2,81.744,5277.299,0.667,0.173,1.927,0.583,0.663,1.380,0.104,0.896,0.707,0.650
2202,73.400,0.000,865.749,0.000,-4.348,1,0,1,0.000,1.549,3,0,0.793,1,81.744,5277.299,0.700,0.175,4.626,0.658,0.337,2.635,0.168,0.832,0.664,0.650
2205,73.500,220.656,49.649,-77.346,-816.100,2,1,1,501.303,1.817,4,1,0.759,4,0.000,5096.269,0.733,0.171,7.131,0.540,0.097,1.243,0.195,0.805,1.000,0.750
2208,73.600,63.285,28.018,-157.371,-21.631,2,1,1,424.605,1.510,4,0,0.759,4,0.000,5051.019,0.767,0.171,7.340,0.702,0.066,0.137,0.186,0.814,1.000,0.450
2211,73.700,9.487,35.228,-53.798,7.210,2,1,1,388.415,1.503,4,0,0.793,4,0.000,4992.400,0.800,0.171,6.204,0.829,0.236,0.560,0.173,0.827,0.919,0.580
2214,73.800,1.000,2.000,-8.487,-33.228,2,1,1,387.439,1.343,3,1,0.759,3,79.649,5038.365,0.833,0.361,3.999,0.890,0.273,0.192,0.149,0.851,0.579,0.750
2217,73.900,5.385,7.810,4.385,5.810,2,1,1,385.877,1.486,3,0,0.759,3,0.000,5175.685,0.833,0.361,2.862,0.763,0.601,0.420,0.160,0.840,0.592,0.580
2220,74.000,4.123,7.000,-1.262,-0.810,2,1,1,384.069,1.672,3,0,0.793,3,0.000,5219.258,0.833,0.361,4.499,0.404,0.884,2.490,0.158,0.842,0.653,0.580
2223,74.100,13.892,17.117,9.769,10.117,2,1,1,388.135,1.721,4,1,0.759,4,88.685,7760.897,0.833,0.353,4.934,0.337,0.878,0.086,0.164,0.836,0.825,0.750
2226,74.200,10.817,32.558,-3.076,15.440,2,1,1,427.855,1.646,4,0,0.759,4,89.359,10688.050,0.833,0.345,4.382,0.781,0.729,3.134,0.162,0.838,0.866,0.580
2229,74.300,3.606,73.980,-7.211,41.422,2,1,1,502.362,1.423,4,0,0.793,4,83.487,9715.084,0.833,0.426,4.154,0.786,0.885,0.024,0.159,0.841,0.929,0.450
2232,74.400,8.602,0.000,4.997,0.000,1,1,0,0.000,1.273,3,1,0.759,2,12.207,9659.830,0.833,0.426,4.393,0.800,0.996,0.169,0.145,0.855,0.522,0.750
2235,74.500,0.000,484.162,0.000,410.182,1,0,1,0.000,0.768,3,0,0.759,2,18.601,9426.137,0.833,0.426,3.466,0.790,0.800,0.075,0.116,0.884,0.701,0.500
2238,74.600,0.000,43.566,0.000,-440.596,1,0,1,0.000,1.016,3,0,0.759,2,0.000,9261.838,0.833,0.426,3.462,0.665,0.424,2.061,0.086,0.914,0.702,0.550
2241,74.700,0.000,0.000,0.000,0.000,0,0,0,0.000,0.000,3,0,0.759,0,0.000,9261.838,0.833,0.426,3.421,0.754,0.212,1.104,0.080,0.920,0.203,0.650
2244,74.800,0.000,0.000,0.000,0.000,0,0,0,0.000,0.000,3,0,0.759,0,0.000,9261.838,0.833,0.426,3.711,0.495,0.206,1.540,0.098,0.902,0.228,0.580
2247,74.900,0.000,0.000,0.000,0.000,0,0,0,0.000,0.000,3,0,0.759,0,0.000,9261.838,0.833,0.426,3.532,0.543,0.017,0.038,0.098,0.902,0.220,0.580
2250,75.000,0.000,0.000,0.000,0.000,0,0,0,0.000,0.000,3,0,0.759,0,0.000,9261.838,0.833,0.426,3.766,0.600,0.031,0.050,0.079,0.921,0.222,0.580
2253,75.100,0.000,0.000,0.000,0.000,0,0,0,0.000,0.000,3,0,0.759,0,0.000,9261.838,0.833,0.426,3.181,0.175,0.068,0.727,0.092,0.908,0.237,0.580
2256,75.200,0.000,0.000,0.000,0.000,0,0,0,0.000,0.000,3,0,0.793,0,0.000,9261.838,0.800,0.426,3.496,0.230,0.193,0.418,0.098,0.902,0.237,0.580
2259,75.300,0.000,0.000,0.000,0.000,0,0,0,0.000,0.000,4,1,0.759,0,0.000,9261.838,0.767,0.426,2.852,0.341,0.292,0.393,0.086,0.914,0.309,0.750
2262,75.400,0.000,0.000,0.000,0.000,0,0,0,0.000,0.000,4,0,0.759,0,0.000,9261.838,0.733,0.426,2.789,0.617,0.247,1.117,0.119,0.881,0.285,0.580
2265,75.500,0.000,0.000,0.000,0.000,0,0,0,0.000,0.000,4,0,0.793,0,0.000,9261.838,0.700,0.426,2.190,0.682,0.119,1.079,0.111,0.889,0.261,0.580
2268,75.600,0.000,0.000,0.000,0.000,0,0,0,0.000,0.000,3,1,0.759,0,0.000,9261.838,0.667,0.426,4.267,0.619,0.181,0.620,0.136,0.864,0.213,0.750
2271,75.700,0.000,0.000,0.000,0.000,0,0,0,0.000,0.000,3,0,0.759,0,0.000,9261.838,0.633,0.426,4.874,0.468,0.272,0.981,0.124,0.876,0.235,0.580
2274,75.800,0.000,0.000,0.000,0.000,0,0,0,0.000,0.000,3,0,0.759,0,0.000,9261.838,0.600,0.426,4.769,0.373,0.233,0.534,0.118,0.882,0.235,0.580
2277,75.900,0.000,0.000,0.000,0.000,0,0,0,0.000,0.000,4,1,0.724,0,0.000,9261.838,0.567,0.426,5.936,0.427,0.235,0.467,0.124,0.876,0.357,0.750
2280,76.000,0.000,0.000,0.000,0.000,0,0,0,0.000,0.000,4,0,0.724,0,0.000,9261.838,0.533,0.426,5.705,0.289,0.259,1.625,0.098,0.902,0.356,0.580
2283,76.100,0.000,0.000,0.000,0.000,0,0,0,0.000,0.000,4,0,0.759,0,0.000,9261.838,0.500,0.426,2.993,0.526,0.303,1.767,0.074,0.926,0.268,0.580
2286,76.200,0.000,0.000,0.000,0.000,0,0,0,0.000,0.000,4,0,0.759,0,0.000,9261.838,0.467,0.426,2.286,0.730,0.447,2.742,0.065,0.935,0.232,0.580
2289,76.300,0.000,0.000,0.000,0.000,0,0,0,0.000,0.000,4,0,0.759,0,0.000,9261.838,0.433,0.426,1.578,0.674,0.484,1.033,0.066,0.934,0.214,0.580
2292,76.400,0.000,0.000,0.000,0.000,0,0,0,0.000,0.000,4,0,0.793,0,0.000,9261.838,0.400,0.426,1.518,0.589,0.742,1.401,0.068,0.932,0.215,0.580
2295,76.500,0.000,0.000,0.000,0.000,0,0,0,0.000,0.000,3,1,0.759,0,0.000,9261.838,0.367,0.426,1.763,0.696,0.774,0.502,0.069,0.931,0.109,0.750
2298,76.600,0.000,0.000,0.000,0.000,0,0,0,0.000,0.000,3,0,0.759,0,0.000,9261.838,0.333,0.426,2.654,0.342,0.828,0.427,0.078,0.922,0.152,0.580
2301,76.700,0.000,0.000,0.000,0.000,0,0,0,0.000,0.000,3,0,0.793,0,0.000,9261.838,0.300,0.426,3.065,0.625,0.861,0.286,0.086,0.914,0.139,0.580
2304,76.800,0.000,0.000,0.000,0.000,0,0,0,0.000,0.000,3,0,0.793,0,0.000,9261.838,0.267,0.426,3.191,0.325,0.984,1.882,0.086,0.914,0.159,0.580
2307,76.900,0.000,0.000,0.000,0.000,0,0,0,0.000,0.000,3,0,0.793,0,0.000,9261.838,0.233,0.426,2.242,0.628,0.737,2.140,0.079,0.921,0.110,0.580
2310,77.000,0.000,0.000,0.000,0.000,0,0,0,0.000,0.000,3,0,0.828,0,0.000,9261.838,0.200,0.426,3.428,0.227,0.780,2.693,0.076,0.924,0.164,0.580
2313,77.100,0.000,0.000,0.000,0.000,0,0,0,0.000,0.000,3,0,0.828,0,0.000,9261.838,0.167,0.426,3.586,0.327,0.342,0.575,0.092,0.908,0.157,0.580
2316,77.200,0.000,0.000,0.000,0.000,0,0,0,0.000,0.000,3,0,0.828,0,0.000,9261.838,0.133,0.426,3.373,0.417,0.385,0.713,0.098,0.902,0.141,0.580
2319,77.300,0.000,0.000,0.000,0.000,0,0,0,0.000,0.000,3,0,0.862,0,0.000,9261.838,0.100,0.426,3.675,0.373,0.554,0.122,0.106,0.894,0.148,0.580
2322,77.400,0.000,0.000,0.000,0.000,0,0,0,0.000,0.000,3,0,0.862,0,0.000,9261.838,0.067,0.426,3.586,0.595,0.674,2.952,0.124,0.876,0.126,0.580
2325,77.500,0.000,0.000,0.000,0.000,0,0,0,0.000,0.000,3,0,0.862,0,0.000,9261.838,0.033,0.426,4.176,0.551,0.818,0.686,0.159,0.841,0.140,0.580
2328,77.600,0.000,0.000,0.000,0.000,0,0,0,0.000,0.000,3,0,0.862,0,0.000,9261.838,0.000,0.426,5.233,0.612,0.965,0.004,0.163,0.837,0.158,0.580
2331,77.700,0.000,0.000,0.000,0.000,0,0,0,0.000,0.000,3,0,0.862,0,0.000,9261.838,0.000,0.426,7.105,0.761,0.775,0.208,0.162,0.838,0.194,0.580
2334,77.800,309.919,0.000,301.317,0.000,1,1,0,0.000,1.340,3,0,0.862,2,0.000,9261.838,0.033,0.176,6.134,0.651,0.371,0.169,0.168,0.832,0.682,0.650
2337,77.900,70.605,0.000,-239.315,0.000,1,1,0,0.000,1.411,3,0,0.862,2,124.812,10019.675,0.067,0.176,7.938,0.633,0.028,0.214,0.175,0.825,0.732,0.693
2340,78.000,38.897,0.000,-31.707,0.000,1,1,0,0.000,1.324,4,1,0.828,2,0.000,10571.814,0.100,0.176,7.669,0.797,0.444,0.468,0.201,0.799,0.754,0.750
2343,78.100,28.302,0.000,-10.595,0.000,1,1,0,0.000,1.281,4,0,0.828,2,0.000,10747.095,0.133,0.176,7.626,0.707,0.799,0.726,0.185,0.815,0.704,0.580
2346,78.200,44.102,0.000,15.800,0.000,1,1,0,0.000,1.235,4,0,0.862,2,0.000,8130.020,0.167,0.179,6.084,0.366,1.053,0.437,0.162,0.838,0.782,0.350
2349,78.300,34.059,291.954,-10.043,248.388,2,1,1,468.427,1.141,4,0,0.862,5,0.000,6640.909,0.200,0.176,7.174,0.554,1.215,1.368,0.195,0.805,0.945,0.650
2352,78.400,21.471,47.508,-12.588,-244.446,2,1,1,454.004,1.279,4,0,0.862,5,0.000,5686.794,0.233,0.171,7.921,0.567,1.391,0.308,0.185,0.815,0.966,0.450
2355,78.500,21.378,32.140,-0.093,-15.368,2,1,1,426.300,1.288,4,0,0.897,5,121.659,7233.584,0.267,0.168,4.397,0.216,1.661,0.523,0.158,0.842,0.835,0.700
2358,78.600,11.180,23.707,-10.197,-8.434,2,1,1,452.320,1.617,3,1,0.862,4,0.000,6812.974,0.300,0.168,3.825,0.273,1.683,0.034,0.150,0.850,0.674,0.750
2361,78.700,8.062,24.597,-3.118,0.890,2,1,1,431.227,1.930,3,0,0.862,4,0.000,6388.479,0.333,0.168,3.279,0.234,1.751,0.184,0.135,0.865,0.672,0.700
2364,78.800,4.000,7.810,-4.062,-16.786,2,1,1,441.092,2.094,3,0,0.897,4,0.000,5995.379,0.367,0.168,2.535,0.492,1.907,3.038,0.119,0.881,0.546,0.700
2367,78.900,11.705,33.242,7.705,25.431,2,1,1,476.340,1.731,3,0,0.897,4,0.000,5854.919,0.400,0.168,2.923,0.608,1.995,0.300,0.118,0.882,0.693,0.700
2370,79.000,5.099,52.202,-6.606,18.960,2,1,1,531.154,1.525,3,0,0.897,4,196.255,4834.519,0.433,0.168,2.511,0.442,2.560,0.530,0.107,0.893,0.764,0.750
2373,79.100,20.248,67.469,15.149,15.267,2,1,1,615.159,1.456,3,0,0.897,4,210.687,5320.300,0.467,0.168,2.984,0.430,3.269,0.705,0.115,0.885,0.781,0.750
2376,79.200,17.029,119.604,-3.219,52.135,2,1,1,751.001,1.245,4,1,0.862,4,436.606,6967.489,0.500,0.168,3.113,0.553,2.331,0.338,0.126,0.874,0.879,0.750
2379,79.300,747.238,0.000,726.214,0.000,2,1,0,747.238,1.061,4,0,0.862,4,436.606,6967.489,0.533,0.165,2.713,0.553,1.236,0.697,0.128,0.872,0.873,0.750
2382,79.400,766.204,0.000,18.966,0.000,1,1,0,0.000,1.130,4,0,0.897,2,436.606,6967.489,0.567,0.165,3.696,0.574,0.812,1.255,0.137,0.863,0.760,0.750
2385,79.500,7.280,0.000,-758.924,0.000,1,1,0,0.000,1.099,4,0,0.897,2,436.606,6967.489,0.600,0.389,4.693,0.581,0.285,1.431,0.150,0.850,0.579,0.750
2388,79.600,15.232,0.000,7.951,0.000,1,1,0,0.000,1.141,4,0,0.897,2,436.606,6967.489,0.633,0.389,3.535,0.392,0.058,0.833,0.142,0.858,0.612,0.750
2391,79.700,19.105,0.000,3.873,0.000,1,1,0,0.000,1.116,4,0,0.897,2,436.606,6967.489,0.667,0.389,4.373,0.482,0.374,0.656,0.151,0.849,0.652,0.750
2394,79.800,0.000,0.000,0.000,0.000,0,0,0,0.000,0.000,3,1,0.862,0,436.606,6967.489,0.667,0.389,3.690,0.440,0.550,0.789,0.137,0.863,0.211,0.750
2397,79.900,0.000,0.000,0.000,0.000,0,0,0,0.000,0.000,3,0,0.862,0,436.606,6967.489,0.667,0.389,4.621,0.367,0.815,0.070,0.122,0.878,0.240,0.750
2400,80.000,0.000,0.000,0.000,0.000,0,0,0,0.000,0.000,3,0,0.862,0,436.606,6967.489,0.667,0.389,4.826,0.425,1.184,0.066,0.117,0.883,0.241,0.750
2403,80.100,0.000,0.000,0.000,0.000,0,0,0,0.000,0.000,6,1,0.828,0,436.606,6967.489,0.667,0.389,2.646,0.694,1.250,2.117,0.108,0.892,0.268,0.750
2406,80.200,0.000,0.000,0.000,0.000,0,0,0,0.000,0.000,6,0,0.828,0,436.606,6967.489,0.667,0.389,4.346,0.804,1.319,0.301,0.123,0.877,0.302,0.750
2409,80.300,0.000,0.000,0.000,0.000,0,0,0,0.000,0.000,6,0,0.828,0,436.606,6967.489,0.667,0.389,6.727,0.792,1.267,0.105,0.125,0.875,0.363,0.750
2412,80.400,0.000,0.000,0.000,0.000,0,0,0,0.000,0.000,4,1,0.793,0,436.606,6967.489,0.667,0.389,6.285,0.780,0.996,0.075,0.131,0.869,0.352,0.750
2415,80.500,0.000,0.000,0.000,0.000,0,0,0,0.000,0.000,4,0,0.793,0,436.606,6967.489,0.667,0.389,7.480,0.546,0.823,0.140,0.150,0.850,0.399,0.750
2418,80.600,0.000,0.000,0.000,0.000,0,0,0,0.000,0.000,4,0,0.793,0,436.606,6967.489,0.667,0.389,5.044,0.708,0.552,0.902,0.148,0.852,0.327,0.750
2421,80.700,377.154,0.000,358.049,0.000,1,1,0,0.000,1.246,3,1,0.759,2,436.606,6967.489,0.700,0.249,4.211,0.191,0.390,1.287,0.155,0.845,0.746,0.750
2424,80.800,38.910,0.000,-338.244,0.000,1,1,0,0.000,1.219,3,0,0.759,2,436.606,6967.489,0.700,0.249,3.409,0.346,0.228,2.051,0.133,0.867,0.681,0.750
2427,80.900,69.065,0.000,30.155,0.000,1,1,0,0.000,1.416,3,0,0.793,2,0.000,5587.675,0.700,0.249,5.882,0.621,0.095,0.209,0.145,0.855,0.758,0.450
2430,81.000,45.607,0.000,-23.458,0.000,1,1,0,0.000,1.185,5,1,0.759,2,0.000,4418.490,0.700,0.256,6.979,0.570,0.109,0.329,0.148,0.852,0.841,0.750
2433,81.100,41.677,0.000,-3.930,0.000,1,1,0,0.000,0.896,5,0,0.759,2,73.062,4329.199,0.700,0.256,5.315,0.357,0.310,3.061,0.141,0.859,0.795,0.550
2436,81.200,39.623,0.000,-2.054,0.000,1,1,0,0.000,0.898,5,0,0.759,1,9.849,4334.894,0.700,0.263,6.347,0.536,0.589,0.036,0.160,0.840,0.761,0.000
2439,81.300,54.589,0.000,14.966,0.000,1,1,0,0.000,0.817,4,1,0.724,3,0.000,4495.615,0.700,0.269,6.360,0.469,0.780,1.124,0.151,0.849,0.895,0.750
2442,81.400,47.011,0.000,-7.579,0.000,1,1,0,0.000,0.838,4,0,0.724,2,0.000,4495.615,0.700,0.269,4.144,0.603,1.251,0.457,0.101,0.899,0.785,0.000
2445,81.500,39.699,0.000,-7.312,0.000,1,1,0,0.000,0.891,4,0,0.759,3,0.000,4495.615,0.700,0.276,3.617,0.593,2.516,0.265,0.102,0.898,0.788,0.700
2448,81.600,0.000,93.493,0.000,-26.110,1,0,1,0.000,1.461,4,0,0.759,1,0.000,4495.615,0.700,0.276,2.795,0.467,2.234,0.800,0.085,0.915,0.716,0.700
2451,81.700,0.000,61.685,0.000,-31.809,1,0,1,0.000,1.224,4,0,0.759,1,0.000,4495.615,0.700,0.283,5.338,0.757,2.266,1.463,0.119,0.881,0.759,0.700
2454,81.800,0.000,0.000,0.000,0.000,0,0,0,0.000,0.000,4,0,0.759,0,0.000,4495.615,0.667,0.283,3.735,0.720,2.186,0.346,0.127,0.873,0.293,0.700
2457,81.900,0.000,0.000,0.000,0.000,0,0,0,0.000,0.000,3,1,0.724,0,0.000,4495.615,0.633,0.283,2.158,0.683,1.193,0.304,0.102,0.898,0.152,0.750
2460,82.000,0.000,0.000,0.000,0.000,0,0,0,0.000,0.000,3,0,0.724,0,0.000,4495.615,0.600,0.283,4.157,0.781,0.658,1.771,0.136,0.864,0.191,0.580
2463,82.100,0.000,0.000,0.000,0.000,0,0,0,0.000,0.000,3,0,0.759,0,0.000,4495.615,0.567,0.283,4.760,0.842,0.177,0.300,0.147,0.853,0.198,0.580
2466,82.200,0.000,0.000,0.000,0.000,0,0,0,0.000,0.000,3,0,0.759,0,0.000,4495.615,0.533,0.283,5.857,0.876,0.069,0.075,0.155,0.845,0.219,0.580
2469,82.300,0.000,0.000,0.000,0.000,0,0,0,0.000,0.000,3,0,0.759,0,0.000,4495.615,0.500,0.283,5.074,0.863,0.099,0.036,0.151,0.849,0.196,0.580
2472,82.400,0.000,0.000,0.000,0.000,0,0,0,0.000,0.000,3,0,0.759,0,0.000,4495.615,0.467,0.283,4.361,0.838,0.154,0.029,0.148,0.852,0.176,0.580
2475,82.500,0.000,0.000,0.000,0.000,0,0,0,0.000,0.000,3,0,0.759,0,0.000,4495.615,0.433,0.283,4.510,0.854,0.040,0.246,0.158,0.842,0.175,0.580
2478,82.600,0.000,145.344,0.000,83.660,1,0,1,0.000,0.898,3,0,0.759,2,0.000,4495.615,0.433,0.283,2.662,0.781,0.265,0.227,0.149,0.851,0.634,0.650
2481,82.700,0.000,10.817,0.000,-134.528,1,0,1,0.000,0.947,3,0,0.793,2,0.000,4495.615,0.433,0.283,3.964,0.787,0.495,0.489,0.149,0.851,0.476,0.580
2484,82.800,38.328,5.000,-1.371,-5.817,2,1,1,216.924,1.169,3,0,0.793,4,0.000,4458.194,0.467,0.283,2.094,0.477,0.700,1.556,0.111,0.889,0.718,0.650
2487,82.900,18.248,21.932,-20.079,16.932,2,1,1,251.177,1.112,3,0,0.793,4,0.000,4088.537,0.500,0.283,2.667,0.417,1.065,0.261,0.121,0.879,0.649,0.580
2490,83.000,15.000,0.000,-3.248,0.000,1,1,0,0.000,0.984,3,0,0.828,2,0.000,3712.360,0.533,0.288,3.790,0.437,1.096,0.092,0.134,0.866,0.531,0.650
2493,83.100,17.029,0.000,2.029,0.000,1,1,0,0.000,1.154,3,0,0.828,2,26.019,3721.719,0.567,0.288,4.597,0.551,0.983,0.776,0.149,0.851,0.559,0.580
2496,83.200,15.811,0.000,-1.218,0.000,1,1,0,0.000,1.311,3,0,0.828,2,26.019,3721.719,0.600,0.293,4.019,0.659,0.917,0.405,0.143,0.857,0.534,0.580
2499,83.300,5.000,0.000,-10.811,0.000,1,1,0,0.000,1.347,3,0,0.862,2,26.019,3721.719,0.633,0.293,3.375,0.345,1.043,1.117,0.130,0.870,0.484,0.580
2502,83.400,10.630,0.000,5.630,0.000,1,1,0,0.000,1.666,3,0,0.862,2,26.019,3721.719,0.667,0.298,3.613,0.315,0.916,0.521,0.136,0.864,0.527,0.580
2505,83.500,25.495,0.000,14.865,0.000,1,1,0,0.000,1.465,3,0,0.862,2,26.019,3721.719,0.700,0.298,3.921,0.095,0.583,0.303,0.140,0.860,0.637,0.580
2508,83.600,20.100,0.000,-5.395,0.000,1,1,0,0.000,1.270,3,0,0.897,2,26.019,3721.719,0.733,0.303,4.934,0.218,0.503,0.881,0.141,0.859,0.628,0.580
2511,83.700,24.083,242.736,3.983,220.805,2,1,1,66.121,1.452,3,0,0.897,4,0.000,3175.294,0.733,0.303,5.444,0.469,0.481,0.228,0.154,0.846,0.871,0.650
2514,83.800,25.020,18.868,0.937,-223.869,2,1,1,54.424,1.574,3,0,0.897,4,18.868,2567.087,0.733,0.298,5.966,0.401,0.571,0.875,0.155,0.845,0.778,0.580
2517,83.900,19.313,0.000,-5.707,0.000,1,1,0,0.000,1.382,3,0,0.931,2,18.868,2567.087,0.733,0.298,5.739,0.164,0.628,0.676,0.134,0.866,0.647,0.650
2520,84.000,16.125,0.000,-3.189,0.000,1,1,0,0.000,1.288,3,0,0.931,1,18.868,2567.087,0.733,0.298,6.181,0.147,0.493,0.273,0.120,0.880,0.582,0.580
2523,84.100,21.954,0.000,5.830,0.000,1,1,0,0.000,1.248,3,0,0.931,2,18.868,2567.087,0.733,0.323,3.931,0.454,0.318,1.771,0.096,0.904,0.596,0.580
2526,84.200,0.000,64.008,0.000,45.140,1,0,1,0.000,1.364,3,0,0.966,1,79.881,870.729,0.733,0.329,3.757,0.353,0.088,0.781,0.088,0.912,0.667,0.500
2529,84.300,0.000,16.401,0.000,-47.607,1,0,1,0.000,1.340,4,1,0.931,2,6.708,1021.764,0.733,0.329,3.319,0.406,0.032,1.439,0.071,0.929,0.624,0.750
2532,84.400,0.000,0.000,0.000,0.000,0,0,0,0.000,0.000,4,0,0.931,0,6.708,1021.764,0.700,0.329,4.706,0.717,0.368,0.994,0.120,0.880,0.321,0.650
2535,84.500,0.000,0.000,0.000,0.000,0,0,0,0.000,0.000,4,0,0.931,0,6.708,1021.764,0.667,0.329,3.379,0.633,0.561,0.538,0.094,0.906,0.290,0.580
2538,84.600,0.000,0.000,0.000,0.000,0,0,0,0.000,0.000,4,0,0.931,0,6.708,1021.764,0.633,0.329,4.664,0.699,0.527,0.677,0.105,0.895,0.314,0.580
2541,84.700,0.000,0.000,0.000,0.000,0,0,0,0.000,0.000,4,0,0.931,0,6.708,1021.764,0.600,0.329,2.783,0.567,0.434,0.362,0.085,0.915,0.272,0.580
2544,84.800,0.000,0.000,0.000,0.000,0,0,0,0.000,0.000,4,0,0.966,0,6.708,1021.764,0.600,0.329,5.046,0.607,0.465,0.889,0.092,0.908,0.326,0.580
2547,84.900,0.000,0.000,0.000,0.000,0,0,0,0.000,0.000,3,1,0.931,0,6.708,1021.764,0.600,0.329,4.542,0.530,0.590,0.632,0.075,0.925,0.218,0.750
2550,85.000,94.641,0.000,72.687,0.000,1,1,0,0.000,0.916,3,0,0.931,1,6.708,1021.764,0.633,0.322,4.287,0.275,0.614,0.868,0.089,0.911,0.674,0.650
2553,85.100,0.000,0.000,0.000,0.000,0,0,0,0.000,0.000,3,0,0.931,0,6.708,1021.764,0.633,0.322,5.535,0.338,0.657,0.228,0.096,0.904,0.261,0.650
2556,85.200,0.000,0.000,0.000,0.000,0,0,0,0.000,0.000,4,1,0.897,0,6.708,1021.764,0.633,0.322,7.352,0.439,0.679,0.745,0.172,0.828,0.399,0.750
2559,85.300,0.000,0.000,0.000,0.000,0,0,0,0.000,0.000,4,0,0.897,0,6.708,1021.764,0.633,0.322,4.847,0.373,0.885,0.016,0.132,0.868,0.341,0.580
2562,85.400,0.000,0.000,0.000,0.000,0,0,0,0.000,0.000,4,0,0.897,0,6.708,1021.764,0.633,0.322,5.210,0.517,0.669,0.766,0.125,0.875,0.340,0.580
2565,85.500,0.000,0.000,0.000,0.000,0,0,0,0.000,0.000,3,1,0.862,0,6.708,1021.764,0.633,0.322,6.893,0.539,0.500,0.624,0.127,0.873,0.281,0.750
2568,85.600,0.000,0.000,0.000,0.000,0,0,0,0.000,0.000,3,0,0.862,0,6.708,1021.764,0.600,0.322,7.339,0.555,0.399,0.303,0.132,0.868,0.287,0.580
2571,85.700,201.658,0.000,107.017,0.000,1,1,0,0.000,1.183,3,0,0.862,2,0.000,1337.884,0.600,0.322,4.283,0.180,0.547,1.072,0.099,0.901,0.737,0.650
2574,85.800,0.000,0.000,0.000,0.000,0,0,0,0.000,0.000,3,0,0.862,0,0.000,1337.884,0.567,0.322,5.022,0.205,0.587,0.348,0.113,0.887,0.249,0.650
2577,85.900,0.000,0.000,0.000,0.000,0,0,0,0.000,0.000,3,0,0.862,0,0.000,1337.884,0.533,0.322,5.074,0.288,0.686,0.357,0.122,0.878,0.241,0.580
2580,86.000,0.000,0.000,0.000,0.000,0,0,0,0.000,0.000,3,0,0.862,0,0.000,1337.884,0.500,0.322,4.776,0.335,0.641,0.551,0.112,0.888,0.226,0.580
2583,86.100,0.000,0.000,0.000,0.000,0,0,0,0.000,0.000,3,0,0.862,0,0.000,1337.884,0.467,0.322,6.779,0.161,0.750,1.599,0.152,0.848,0.284,0.580
2586,86.200,0.000,0.000,0.000,0.000,0,0,0,0.000,0.000,3,0,0.862,0,0.000,1337.884,0.433,0.322,8.557,0.045,0.891,2.634,0.181,0.819,0.319,0.580
2589,86.300,0.000,0.000,0.000,0.000,0,0,0,0.000,0.000,3,0,0.862,0,0.000,1337.884,0.400,0.322,8.517,0.156,1.268,0.843,0.175,0.825,0.307,0.580
2592,86.400,0.000,0.000,0.000,0.000,0,0,0,0.000,0.000,3,0,0.862,0,0.000,1337.884,0.367,0.322,7.166,0.411,1.416,1.471,0.157,0.843,0.264,0.700
2595,86.500,0.000,0.000,0.000,0.000,0,0,0,0.000,0.000,3,0,0.862,0,0.000,1337.884,0.333,0.322,7.101,0.432,1.569,1.893,0.152,0.848,0.257,0.700
2598,86.600,0.000,0.000,0.000,0.000,0,0,0,0.000,0.000,3,0,0.862,0,0.000,1337.884,0.300,0.322,8.139,0.345,1.754,0.322,0.139,0.861,0.282,0.700
2601,86.700,0.000,0.000,0.000,0.000,0,0,0,0.000,0.000,3,0,0.862,0,0.000,1337.884,0.267,0.322,6.905,0.256,1.843,0.432,0.133,0.867,0.257,0.700
2604,86.800,0.000,0.000,0.000,0.000,0,0,0,0.000,0.000,3,0,0.862,0,0.000,1337.884,0.233,0.322,7.301,0.213,1.409,0.013,0.149,0.851,0.266,0.700
2607,86.900,0.000,171.400,0.000,154.999,1,0,1,0.000,1.278,3,0,0.862,2,121.062,1987.604,0.233,0.308,8.634,0.351,1.668,0.206,0.171,0.829,0.773,0.700
2610,87.000,0.000,3.162,0.000,-168.238,1,0,1,0.000,1.334,3,0,0.862,2,62.626,2121.854,0.233,0.308,7.850,0.605,1.938,0.304,0.179,0.821,0.519,0.700
2613,87.100,182.584,0.000,-19.074,0.000,1,1,0,0.000,1.357,3,0,0.862,2,50.249,2344.425,0.233,0.308,8.623,0.678,1.830,0.106,0.213,0.787,0.751,0.700
2616,87.200,3.606,0.000,-178.979,0.000,1,1,0,0.000,1.195,3,0,0.897,2,54.672,2831.449,0.233,0.308,8.420,0.911,1.526,0.594,0.227,0.773,0.504,0.700
2619,87.300,16.279,0.000,12.673,0.000,1,1,0,0.000,1.034,3,0,0.897,2,69.721,3020.069,0.233,0.308,11.878,0.737,1.733,0.117,0.245,0.755,0.587,0.700
2622,87.400,17.117,0.000,0.838,0.000,1,1,0,0.000,0.967,3,0,0.897,2,0.000,3332.865,0.267,0.312,12.056,0.723,2.106,0.159,0.248,0.752,0.596,0.700
2625,87.500,0.000,85.381,0.000,82.219,1,0,1,0.000,1.603,3,0,0.897,2,0.000,3332.865,0.300,0.308,10.821,0.767,2.462,0.055,0.260,0.740,0.752,0.700
2628,87.600,25.612,0.000,8.495,0.000,1,1,0,0.000,0.822,4,1,0.862,2,0.000,3332.865,0.333,0.303,6.311,0.814,2.894,0.243,0.250,0.750,0.673,0.750
2631,87.700,3.606,0.000,-22.007,0.000,1,1,0,0.000,1.056,4,0,0.862,2,0.000,3332.865,0.367,0.303,5.333,0.828,2.624,0.081,0.248,0.752,0.529,0.700
2634,87.800,18.028,0.000,14.422,0.000,1,1,0,0.000,1.135,4,0,0.897,2,0.000,3332.865,0.400,0.303,5.619,0.237,2.056,2.200,0.239,0.761,0.662,0.700
2637,87.900,0.000,57.489,0.000,-27.892,1,0,1,0.000,1.709,3,1,0.862,2,67.067,3335.359,0.433,0.308,9.119,0.041,1.529,0.532,0.247,0.753,0.819,0.750
2640,88.000,0.000,165.012,0.000,107.523,1,0,1,0.000,1.580,3,0,0.862,2,0.000,3221.994,0.433,0.308,9.054,0.173,1.520,0.427,0.201,0.799,0.810,0.700
2643,88.100,0.000,0.000,0.000,0.000,0,0,0,0.000,0.000,3,0,0.897,0,0.000,3221.994,0.433,0.308,8.901,0.203,1.554,0.380,0.216,0.784,0.308,0.700
2646,88.200,0.000,0.000,0.000,0.000,0,0,0,0.000,0.000,4,1,0.862,0,0.000,3221.994,0.433,0.308,10.893,0.414,1.405,2.318,0.210,0.790,0.393,0.750
2649,88.300,0.000,0.000,0.000,0.000,0,0,0,0.000,0.000,4,0,0.862,0,0.000,3221.994,0.433,0.308,13.423,0.735,1.630,0.537,0.204,0.796,0.371,0.700
2652,88.400,0.000,0.000,0.000,0.000,0,0,0,0.000,0.000,4,0,0.897,0,0.000,3221.994,0.433,0.308,10.829,0.808,1.877,0.025,0.198,0.802,0.365,0.700
2655,88.500,0.000,0.000,0.000,0.000,0,0,0,0.000,0.000,3,1,0.862,0,0.000,3221.994,0.433,0.308,5.191,0.683,1.771,0.954,0.190,0.810,0.204,0.750
2658,88.600,0.000,288.640,0.000,123.628,1,0,1,0.000,1.470,3,0,0.862,2,0.000,3221.994,0.467,0.320,5.244,0.540,1.570,1.794,0.181,0.819,0.719,0.700
2661,88.700,175.103,0.000,157.075,0.000,1,1,0,0.000,1.256,3,0,0.862,2,0.000,3391.329,0.467,0.320,5.672,0.423,1.291,0.155,0.198,0.802,0.738,0.500
2664,88.800,64.514,0.000,-110.589,0.000,1,1,0,0.000,1.337,3,0,0.862,2,32.280,2818.000,0.500,0.320,10.229,0.764,1.091,0.457,0.240,0.760,0.777,0.450
2667,88.900,19.105,297.678,-45.409,9.038,2,1,1,487.763,1.541,3,0,0.862,4,0.000,2907.925,0.533,0.316,7.436,0.734,0.536,0.166,0.214,0.786,0.879,0.650
2670,89.000,54.332,127.906,35.227,-169.771,2,1,1,414.276,1.759,3,0,0.862,4,0.000,2563.680,0.567,0.312,5.627,0.714,0.051,0.761,0.191,0.809,0.839,0.450
2673,89.100,57.940,68.797,3.607,-59.109,2,1,1,408.589,1.807,3,0,0.862,2,115.256,2432.904,0.600,0.312,9.248,0.722,0.400,0.348,0.207,0.793,0.841,0.640
2676,89.200,491.753,0.000,445.710,0.000,2,1,0,491.753,1.424,3,0,0.862,4,0.000,2112.784,0.633,0.312,11.271,0.847,0.256,0.008,0.198,0.802,0.897,0.500
2679,89.300,523.463,140.207,31.710,71.410,2,1,1,608.297,1.839,3,0,0.862,4,163.518,1903.744,0.667,0.312,8.903,0.740,0.097,0.117,0.189,0.811,0.908,0.750
2682,89.400,31.401,0.000,-492.062,0.000,1,1,0,0.000,1.431,3,0,0.862,2,16.401,1987.940,0.700,0.312,6.680,0.749,0.299,0.051,0.161,0.839,0.693,0.650
2685,89.500,42.579,0.000,11.179,0.000,1,1,0,0.000,1.341,3,0,0.862,2,46.228,1915.449,0.733,0.308,5.354,0.722,0.151,0.138,0.155,0.845,0.728,0.350
2688,89.600,55.362,0.000,12.783,0.000,1,1,0,0.000,1.312,3,0,0.862,2,0.000,1825.059,0.767,0.308,3.985,0.652,0.039,0.050,0.133,0.867,0.716,0.350
2691,89.700,54.424,0.000,-0.938,0.000,1,1,0,0.000,1.206,3,0,0.862,2,57.009,1851.425,0.800,0.308,4.625,0.749,0.232,0.074,0.141,0.859,0.729,0.350
2694,89.800,63.071,0.000,8.647,0.000,1,1,0,0.000,1.273,3,0,0.862,2,0.000,1568.325,0.833,0.288,6.891,0.838,0.568,0.050,0.176,0.824,0.784,0.350
2697,89.900,43.186,0.000,-19.886,0.000,1,1,0,0.000,1.288,3,0,0.862,2,0.000,1613.618,0.833,0.369,7.013,0.914,0.870,0.090,0.174,0.826,0.771,0.350
2700,90.000,21.840,0.000,-21.345,0.000,1,1,0,0.000,0.975,3,0,0.862,2,0.000,1681.698,0.833,0.369,5.087,0.792,1.031,0.349,0.224,0.776,0.613,0.580
2703,90.100,17.029,0.000,-4.811,0.000,1,1,0,0.000,0.610,3,0,0.862,2,0.000,1748.927,0.833,0.369,5.333,0.782,0.882,0.142,0.167,0.833,0.593,0.580
2706,90.200,47.170,0.000,30.141,0.000,1,1,0,0.000,0.514,3,0,0.862,2,0.000,1549.018,0.833,0.369,6.034,0.765,0.738,0.093,0.165,0.835,0.767,0.450
2709,90.300,8.602,0.000,-38.568,0.000,1,1,0,0.000,0.381,3,0,0.862,2,107.648,1455.590,0.833,0.369,2.371,0.583,0.633,0.306,0.139,0.861,0.486,0.598
2712,90.400,26.249,0.000,17.646,0.000,1,1,0,0.000,0.584,3,0,0.862,2,0.000,1417.404,0.833,0.369,4.403,0.390,0.809,2.448,0.155,0.845,0.649,0.580
2715,90.500,23.431,0.000,-2.818,0.000,1,1,0,0.000,0.781,3,0,0.897,2,106.019,1548.228,0.833,0.369,2.828,0.284,0.817,2.007,0.127,0.873,0.601,0.589
2718,90.600,38.013,0.000,14.582,0.000,1,1,0,0.000,0.710,3,0,0.897,2,0.000,1585.188,0.833,0.369,6.222,0.678,0.759,2.078,0.180,0.820,0.739,0.550
2721,90.700,22.204,0.000,-15.810,0.000,1,1,0,0.000,0.687,3,0,0.897,2,0.000,1502.455,0.833,0.369,6.983,0.505,0.923,1.096,0.187,0.813,0.683,0.580
2724,90.800,50.160,0.000,27.956,0.000,1,1,0,0.000,0.988,3,0,0.931,2,76.158,1401.595,0.833,0.369,8.754,0.488,1.195,0.859,0.194,0.806,0.836,0.450
2727,90.900,47.011,0.000,-3.149,0.000,1,1,0,0.000,0.968,3,0,0.931,2,41.617,1301.445,0.833,0.369,7.550,0.527,1.352,0.190,0.165,0.835,0.822,0.350
2730,91.000,43.324,0.000,-3.686,0.000,1,1,0,0.000,0.973,3,0,0.931,2,0.000,1410.460,0.833,0.369,6.424,0.610,1.233,0.231,0.171,0.829,0.779,0.350
2733,91.100,51.010,0.000,7.685,0.000,1,1,0,0.000,0.893,3,0,0.966,2,73.498,1653.555,0.867,0.462,3.981,0.552,1.050,2.005,0.135,0.865,0.735,0.550
2736,91.200,49.649,0.000,-1.361,0.000,1,1,0,0.000,0.689,3,0,0.966,2,52.355,2008.639,0.900,0.462,4.147,0.556,0.852,0.671,0.127,0.873,0.743,0.000
2739,91.300,26.627,0.000,-23.022,0.000,1,1,0,0.000,0.592,3,0,0.966,2,22.361,2243.759,0.933,0.462,5.263,0.791,0.712,2.348,0.159,0.841,0.656,0.580
2742,91.400,29.206,133.765,2.579,-6.442,2,1,1,278.412,1.814,3,0,1.000,4,0.000,2346.144,0.967,0.462,4.976,0.584,0.718,0.462,0.150,0.850,0.880,0.650
2745,91.500,21.213,0.000,-7.993,0.000,1,1,0,0.000,0.713,5,1,0.966,2,0.000,2346.144,1.000,0.462,3.570,0.521,0.737,0.178,0.151,0.849,0.663,0.750
2748,91.600,21.095,0.000,-0.118,0.000,1,1,0,0.000,0.555,5,0,0.966,2,0.000,2346.144,1.000,0.470,2.716,0.835,0.781,0.196,0.158,0.842,0.619,0.580
2751,91.700,24.021,0.000,2.926,0.000,1,1,0,0.000,0.761,5,0,0.966,2,141.510,2579.287,1.000,0.470,4.369,0.665,0.869,0.760,0.156,0.844,0.688,0.750
2754,91.800,19.647,0.000,-4.374,0.000,1,1,0,0.000,0.755,3,1,0.931,2,22.804,2666.837,1.000,0.470,3.901,0.561,0.939,0.636,0.155,0.845,0.607,0.750
2757,91.900,15.000,0.000,-4.647,0.000,1,1,0,0.000,0.759,3,0,0.931,2,0.000,2317.584,1.000,0.479,5.113,0.519,0.611,0.020,0.153,0.847,0.615,0.580
2760,92.000,17.000,0.000,2.000,0.000,1,1,0,0.000,0.817,3,0,0.931,2,0.000,2045.530,1.000,0.479,3.902,0.533,0.488,0.244,0.156,0.844,0.595,0.580
2763,92.100,14.318,0.000,-2.682,0.000,1,1,0,0.000,1.082,3,0,0.931,2,0.000,1671.688,1.000,0.487,4.388,0.831,0.346,3.137,0.166,0.834,0.571,0.580
2766,92.200,27.459,0.000,13.141,0.000,1,1,0,0.000,1.089,3,0,0.931,2,0.000,1671.688,1.000,0.487,5.624,0.875,0.335,0.054,0.174,0.826,0.672,0.350
2769,92.300,0.000,0.000,0.000,0.000,0,0,0,0.000,0.000,3,0,0.931,0,0.000,1671.688,0.967,0.487,3.923,0.542,0.322,1.231,0.160,0.840,0.246,0.650
2772,92.400,0.000,148.930,0.000,15.165,1,0,1,0.000,1.519,3,0,0.931,2,0.000,1612.364,0.967,0.480,3.744,0.662,0.515,1.031,0.180,0.820,0.733,0.650
2775,92.500,111.946,0.000,84.487,0.000,1,1,0,0.000,1.238,3,0,0.931,2,0.000,1612.364,0.967,0.480,5.985,0.526,0.682,0.236,0.147,0.853,0.799,0.500
2778,92.600,0.000,0.000,0.000,0.000,0,0,0,0.000,0.000,3,0,0.931,0,0.000,1612.364,0.933,0.480,5.767,0.375,0.736,1.029,0.123,0.877,0.300,0.650
2781,92.700,466.901,0.000,354.955,0.000,1,1,0,0.000,1.132,3,0,0.931,2,0.000,1612.364,0.933,0.474,4.318,0.626,0.666,0.215,0.131,0.869,0.746,0.650
2784,92.800,0.000,0.000,0.000,0.000,0,0,0,0.000,0.000,3,0,0.931,0,0.000,1612.364,0.900,0.474,3.713,0.489,0.632,0.425,0.123,0.877,0.237,0.650
2787,92.900,0.000,0.000,0.000,0.000,0,0,0,0.000,0.000,3,0,0.931,0,0.000,1612.364,0.867,0.474,4.000,0.807,0.642,0.431,0.148,0.852,0.218,0.580
2790,93.000,0.000,211.518,0.000,62.589,1,0,1,0.000,1.434,3,0,0.931,2,0.000,1645.475,0.867,0.456,4.596,0.826,0.617,0.256,0.152,0.848,0.731,0.650
2793,93.100,606.657,0.000,139.756,0.000,1,1,0,0.000,1.265,3,0,0.931,2,0.000,1750.488,0.867,0.456,4.577,0.759,0.497,0.185,0.173,0.827,0.735,0.500
2796,93.200,0.000,58.310,0.000,-153.209,1,0,1,0.000,1.392,3,0,0.931,2,40.853,1694.054,0.867,0.456,5.066,0.716,0.303,0.078,0.165,0.835,0.751,0.500
2799,93.300,0.000,23.770,0.000,-34.540,1,0,1,0.000,1.213,3,0,0.931,2,0.000,1598.044,0.867,0.456,5.830,0.675,0.218,0.277,0.169,0.831,0.655,0.580
2802,93.400,0.000,21.633,0.000,-2.136,1,0,1,0.000,0.953,3,0,0.931,2,69.260,1713.247,0.867,0.456,4.192,0.668,0.216,0.242,0.170,0.830,0.602,0.580
2805,93.500,0.000,26.249,0.000,4.616,1,0,1,0.000,1.185,3,0,0.931,2,0.000,1409.267,0.867,0.456,4.874,0.624,0.282,0.483,0.180,0.820,0.648,0.580
2808,93.600,0.000,15.811,0.000,-10.437,1,0,1,0.000,1.114,3,0,0.931,2,0.000,1367.948,0.867,0.456,4.298,0.661,0.299,0.356,0.183,0.817,0.573,0.580
2811,93.700,0.000,1.000,0.000,-14.811,1,0,1,0.000,1.018,3,0,0.931,2,20.000,1344.144,0.867,0.456,3.137,0.524,0.229,1.260,0.187,0.813,0.471,0.580
2814,93.800,0.000,9.434,0.000,8.434,1,0,1,0.000,1.115,3,0,0.931,1,8.062,1328.019,0.867,0.464,1.958,0.747,0.289,1.490,0.175,0.825,0.413,0.580
2817,93.900,0.000,12.000,0.000,2.566,1,0,1,0.000,1.297,3,0,0.931,1,31.623,1220.844,0.867,0.464,4.409,0.583,0.216,1.326,0.181,0.819,0.500,0.580
2820,94.000,0.000,9.434,0.000,-2.566,1,0,1,0.000,1.524,3,0,0.931,2,5.831,1101.964,0.867,0.464,2.605,0.562,0.050,0.013,0.155,0.845,0.502,0.580
2823,94.100,0.000,2.000,0.000,-7.434,1,0,1,0.000,1.774,3,0,0.931,2,2.236,809.924,0.867,0.464,3.574,0.582,0.180,0.846,0.150,0.850,0.484,0.580
2826,94.200,0.000,6.325,0.000,4.325,1,0,1,0.000,1.969,3,0,0.931,2,10.817,479.550,0.867,0.464,2.916,0.508,0.464,0.672,0.140,0.860,0.496,0.580
2829,94.300,0.000,2.236,0.000,-4.088,1,0,1,0.000,1.902,3,0,0.931,2,6.403,461.400,0.867,0.464,2.525,0.444,0.583,0.304,0.136,0.864,0.468,0.580
2832,94.400,0.000,5.385,0.000,3.149,1,0,1,0.000,1.795,3,0,0.966,2,0.000,398.119,0.867,0.464,6.190,0.244,0.558,1.002,0.165,0.835,0.592,0.580
2835,94.500,0.000,13.416,0.000,8.031,1,0,1,0.000,1.941,3,0,0.966,2,0.000,276.387,0.867,0.464,5.597,0.205,0.324,1.573,0.160,0.840,0.624,0.580
2838,94.600,0.000,0.000,0.000,0.000,0,0,0,0.000,0.000,3,0,0.966,0,0.000,276.387,0.833,0.464,11.781,0.168,0.335,0.468,0.329,0.671,0.358,0.650
2841,94.700,0.000,0.000,0.000,0.000,0,0,0,0.000,0.000,3,0,1.000,0,0.000,276.387,0.800,0.464,4.795,0.671,0.094,0.076,0.159,0.841,0.239,0.580
2844,94.800,0.000,0.000,0.000,0.000,0,0,0,0.000,0.000,4,1,0.966,0,0.000,276.387,0.767,0.464,6.340,0.729,0.006,0.401,0.161,0.839,0.369,0.750
2847,94.900,0.000,0.000,0.000,0.000,0,0,0,0.000,0.000,4,0,0.966,0,0.000,276.387,0.733,0.464,3.865,0.832,0.116,0.376,0.133,0.867,0.296,0.580
2850,95.000,0.000,0.000,0.000,0.000,0,0,0,0.000,0.000,4,0,0.966,0,0.000,276.387,0.700,0.464,2.428,0.729,0.065,0.217,0.119,0.881,0.264,0.580
2853,95.100,0.000,0.000,0.000,0.000,0,0,0,0.000,0.000,4,0,0.966,0,0.000,276.387,0.667,0.464,2.744,0.600,0.368,1.480,0.116,0.884,0.277,0.580
2856,95.200,0.000,0.000,0.000,0.000,0,0,0,0.000,0.000,4,0,0.966,0,0.000,276.387,0.633,0.464,7.025,0.500,0.495,0.244,0.130,0.870,0.387,0.580
2859,95.300,0.000,0.000,0.000,0.000,0,0,0,0.000,0.000,4,0,0.966,0,0.000,276.387,0.633,0.464,5.626,0.380,0.060,0.148,0.155,0.845,0.360,0.580
2862,95.400,0.000,408.770,0.000,395.354,1,0,1,0.000,1.903,5,0,0.966,4,53.814,479.129,0.633,0.348,6.381,0.567,0.413,1.121,0.197,0.803,0.890,0.650
2865,95.500,0.000,31.828,0.000,-376.942,1,0,1,0.000,1.725,5,0,0.966,4,0.000,700.259,0.633,0.348,3.896,0.543,0.505,0.928,0.108,0.892,0.756,0.450
2868,95.600,0.000,44.045,0.000,12.218,1,0,1,0.000,1.469,5,0,0.966,4,43.658,1162.644,0.667,0.342,5.273,0.599,0.806,1.463,0.220,0.780,0.859,0.550
2871,95.700,0.000,33.136,0.000,-10.909,1,0,1,0.000,1.277,3,1,0.931,2,43.658,1162.644,0.667,0.342,2.438,0.463,1.147,0.193,0.126,0.874,0.613,0.750
2874,95.800,0.000,14.422,0.000,-18.714,1,0,1,0.000,1.125,3,0,0.931,2,43.658,1162.644,0.700,0.342,2.096,0.551,1.163,1.572,0.092,0.908,0.498,0.580
2877,95.900,0.000,19.925,0.000,5.503,1,0,1,0.000,1.192,3,0,0.931,2,43.658,1162.644,0.733,0.342,1.431,0.160,1.140,1.471,0.081,0.919,0.543,0.580
2880,96.000,0.000,18.439,0.000,-1.486,1,0,1,0.000,1.112,5,1,0.897,3,43.658,1162.644,0.733,0.342,1.812,0.509,0.613,0.263,0.105,0.895,0.608,0.750
2883,96.100,0.000,0.000,0.000,0.000,0,0,0,0.000,0.000,5,0,0.897,0,43.658,1162.644,0.700,0.342,2.140,0.616,0.330,0.248,0.121,0.879,0.264,0.650
2886,96.200,0.000,41.629,0.000,23.190,1,0,1,0.000,0.952,5,0,0.897,4,0.000,1455.355,0.700,0.336,2.825,0.720,0.311,0.336,0.137,0.863,0.779,0.650
2889,96.300,0.000,42.544,0.000,0.915,1,0,1,0.000,0.875,5,0,0.897,4,0.000,1635.010,0.700,0.326,2.653,0.404,0.361,0.195,0.113,0.887,0.802,0.000
2892,96.400,0.000,56.613,0.000,14.069,1,0,1,0.000,0.756,5,0,0.897,3,167.443,1983.359,0.700,0.313,4.874,0.721,0.479,0.274,0.168,0.832,0.813,0.750
2895,96.500,110.463,44.102,-496.195,-12.511,2,1,1,335.596,1.311,5,0,0.897,6,0.000,2965.074,0.700,0.300,4.994,0.794,0.439,0.744,0.161,0.839,0.933,0.650
2898,96.600,15.811,31.321,-94.651,-12.781,2,1,1,293.711,1.523,3,1,0.862,4,0.000,3372.294,0.700,0.293,4.387,0.730,0.287,0.032,0.155,0.845,0.747,0.750
2901,96.700,26.926,18.788,11.114,-12.533,2,1,1,253.728,1.566,3,0,0.862,4,47.170,2936.875,0.700,0.286,3.850,0.743,0.194,0.039,0.138,0.862,0.708,0.350
2904,96.800,0.000,4.243,0.000,-14.546,1,0,1,0.000,0.608,3,0,0.862,2,134.848,2643.250,0.700,0.279,2.939,0.820,0.379,0.741,0.126,0.874,0.444,0.749
2907,96.900,0.000,205.139,0.000,199.056,2,0,1,205.139,0.533,3,0,0.862,4,70.661,1803.598,0.700,0.272,2.919,0.803,0.571,0.575,0.118,0.882,0.781,0.650
2910,97.000,0.000,188.831,0.000,-16.250,2,0,1,188.831,1.278,3,0,0.862,4,0.000,1489.179,0.700,0.265,2.364,0.840,0.715,0.211,0.117,0.883,0.764,0.350
2913,97.100,0.000,192.338,0.000,3.508,1,0,1,0.000,1.638,3,0,0.862,2,0.000,1457.424,0.700,0.265,2.053,0.731,0.815,0.069,0.113,0.887,0.654,0.650
2916,97.200,0.000,5.385,0.000,-186.953,1,0,1,0.000,1.661,3,0,0.862,1,5.831,1081.058,0.700,0.272,1.637,0.758,0.968,0.131,0.096,0.904,0.362,0.580
2919,97.300,0.000,5.831,0.000,0.446,1,0,1,0.000,1.590,3,0,0.862,2,119.620,1280.310,0.700,0.391,2.038,0.700,0.963,1.237,0.102,0.898,0.438,0.665
2922,97.400,0.000,22.672,0.000,16.841,1,0,1,0.000,1.475,3,0,0.862,2,46.011,1451.204,0.700,0.400,3.316,0.686,0.939,0.028,0.119,0.881,0.565,0.350
2925,97.500,0.000,33.971,0.000,11.299,1,0,1,0.000,1.359,3,0,0.862,2,135.326,1669.544,0.700,0.400,3.337,0.656,0.710,0.872,0.120,0.880,0.630,0.750
2928,97.600,0.000,45.695,0.000,11.724,1,0,1,0.000,1.338,3,0,0.862,2,146.123,1787.419,0.733,0.410,4.236,0.573,0.549,0.255,0.131,0.869,0.724,0.750
2931,97.700,0.000,40.497,0.000,-5.198,1,0,1,0.000,0.953,3,0,0.897,2,152.118,2380.824,0.767,0.410,5.195,0.528,0.360,0.737,0.148,0.852,0.730,0.750
2934,97.800,0.000,22.091,0.000,-18.406,1,0,1,0.000,0.594,3,0,0.897,2,0.000,2711.070,0.800,0.419,5.385,0.621,0.202,2.574,0.167,0.833,0.630,0.580
2937,97.900,0.000,15.524,0.000,-6.567,1,0,1,0.000,0.380,3,0,0.897,2,0.000,2861.549,0.833,0.419,4.531,0.573,0.035,1.107,0.158,0.842,0.579,0.580
2940,98.000,0.000,289.993,0.000,278.591,2,0,1,289.993,0.484,3,0,0.897,4,31.145,2738.169,0.867,0.410,4.929,0.704,0.018,1.300,0.126,0.874,0.858,0.650
2943,98.100,143.611,292.027,116.685,2.034,2,1,1,266.308,1.275,3,0,0.897,4,0.000,2678.839,0.900,0.408,4.396,0.579,0.118,0.313,0.122,0.878,0.857,0.500
2946,98.200,15.811,2.236,-127.799,-289.791,2,1,1,256.813,1.297,3,0,0.897,4,53.451,2590.767,0.933,0.408,4.310,0.713,0.182,2.815,0.137,0.863,0.688,0.580
2949,98.300,5.000,15.524,-10.811,13.288,2,1,1,271.487,1.370,3,0,0.897,4,70.342,2266.948,0.967,0.408,4.587,0.807,0.048,0.075,0.146,0.854,0.690,0.580
2952,98.400,31.064,31.064,26.064,15.540,2,1,1,320.744,1.398,3,0,0.897,4,77.253,2403.627,0.967,0.408,3.916,0.871,0.153,0.080,0.152,0.848,0.756,0.450
2955,98.500,15.000,34.655,-16.064,3.591,2,1,1,348.897,1.140,3,0,0.897,4,0.000,2616.537,0.967,0.417,4.105,0.688,0.432,1.514,0.126,0.874,0.793,0.550
2958,98.600,39.825,0.000,24.825,0.000,1,1,0,0.000,1.075,3,0,0.931,2,0.000,2593.588,0.967,0.417,5.271,0.612,0.613,0.284,0.124,0.876,0.746,0.650
2961,98.700,0.000,0.000,0.000,0.000,0,0,0,0.000,0.000,5,1,0.897,0,0.000,2593.588,0.933,0.417,4.530,0.742,1.083,0.934,0.131,0.869,0.343,0.750
2964,98.800,0.000,0.000,0.000,0.000,0,0,0,0.000,0.000,5,0,0.897,0,0.000,2593.588,0.900,0.417,3.964,0.629,1.263,0.241,0.134,0.866,0.333,0.580
2967,98.900,0.000,0.000,0.000,0.000,0,0,0,0.000,0.000,5,0,0.931,0,0.000,2593.588,0.867,0.417,3.566,0.404,1.379,1.405,0.120,0.880,0.335,0.580
2970,99.000,0.000,0.000,0.000,0.000,0,0,0,0.000,0.000,6,1,0.897,0,0.000,2593.588,0.833,0.417,5.231,0.322,1.359,1.479,0.132,0.868,0.378,0.750
2973,99.100,45.618,224.243,5.793,189.588,2,1,1,499.461,1.089,6,0,0.897,6,0.000,2303.389,0.867,0.348,12.149,0.120,1.445,1.435,0.262,0.738,1.000,0.700
2976,99.200,8.062,13.601,-37.556,-210.642,2,1,1,499.917,1.237,6,0,0.897,6,0.000,1826.469,0.867,0.339,2.868,0.302,1.822,2.730,0.136,0.864,0.760,0.700
2979,99.300,25.495,6.708,17.433,-6.893,2,1,1,518.436,1.237,3,1,0.862,4,0.000,1895.415,0.867,0.339,5.156,0.744,1.371,0.155,0.164,0.836,0.752,0.750
2982,99.400,27.203,1.000,1.708,-5.708,2,1,1,545.858,1.272,3,0,0.862,4,0.000,1378.735,0.867,0.321,4.915,0.690,1.109,0.113,0.173,0.827,0.760,0.350
2985,99.500,12.042,27.019,-15.161,26.019,2,1,1,540.897,1.062,3,0,0.897,4,0.000,1203.905,0.867,0.311,5.974,0.628,1.171,1.944,0.170,0.830,0.790,0.550
2988,99.600,17.263,58.310,5.221,31.291,2,1,1,495.762,1.042,3,0,0.897,4,30.871,1100.624,0.867,0.301,7.274,0.666,1.239,0.210,0.170,0.830,0.919,0.450
2991,99.700,33.971,39.217,16.708,-19.092,2,1,1,449.257,1.069,3,0,0.897,4,0.000,851.554,0.867,0.291,6.114,0.779,1.402,0.353,0.169,0.831,0.850,0.700
2994,99.800,22.627,15.652,-11.343,-23.565,2,1,1,478.122,1.242,3,0,0.897,4,0.000,467.654,0.867,0.291,4.421,0.653,1.461,0.135,0.152,0.848,0.725,0.700
2997,99.900,36.688,19.209,14.060,3.557,2,1,1,475.657,1.318,3,0,0.897,4,0.000,583.129,0.867,0.291,4.486,0.743,1.345,0.876,0.149,0.851,0.798,0.350
3000,100.000,33.242,23.537,-3.446,4.328,2,1,1,493.584,1.180,3,0,0.897,4,30.610,694.737,0.867,0.291,4.294,0.815,1.340,0.423,0.144,0.856,0.769,0.350
3003,100.100,11.180,15.524,-22.061,-8.013,2,1,1,501.367,1.126,3,0,0.897,4,155.116,1248.469,0.867,0.291,3.206,0.633,1.317,0.188,0.150,0.850,0.656,0.750
3006,100.200,13.892,20.100,2.712,4.576,2,1,1,516.426,1.113,4,1,0.862,5,32.016,1127.759,0.867,0.291,3.983,0.700,1.061,0.347,0.140,0.860,0.796,0.750
3009,100.300,9.849,11.402,-4.044,-8.698,2,1,1,529.385,0.824,4,0,0.862,5,29.833,929.877,0.867,0.281,2.513,0.581,1.067,0.700,0.119,0.881,0.720,0.580
3012,100.400,5.657,4.472,-4.192,-6.930,2,1,1,529.646,1.060,4,0,0.862,5,220.411,1692.058,0.867,0.347,1.910,0.720,1.110,0.535,0.117,0.883,0.663,0.750
3015,100.500,4.243,11.705,-1.414,7.233,2,1,1,532.665,1.333,3,1,0.828,4,27.313,1671.418,0.867,0.347,2.466,0.215,0.943,1.975,0.110,0.890,0.646,0.750
3018,100.600,19.416,7.000,15.174,-4.705,2,1,1,525.199,1.276,3,0,0.828,4,0.000,1668.550,0.867,0.358,3.444,0.303,0.444,0.810,0.106,0.894,0.707,0.350
3021,100.700,11.000,11.402,-8.416,4.402,2,1,1,528.573,1.136,3,0,0.828,4,0.000,1652.088,0.867,0.358,3.401,0.170,0.443,0.496,0.097,0.903,0.670,0.580
3024,100.800,7.071,12.806,-3.929,1.404,2,1,1,523.153,1.080,3,0,0.828,4,0.000,1663.714,0.867,0.358,3.183,0.532,0.333,0.445,0.139,0.861,0.647,0.580
3027,100.900,12.369,10.296,5.298,-2.511,2,1,1,524.389,1.349,3,0,0.828,4,59.363,1726.734,0.867,0.358,2.639,0.915,0.390,0.385,0.141,0.859,0.605,0.580
3030,101.000,9.055,0.000,-3.314,-10.296,2,1,1,515.405,1.457,3,0,0.828,4,48.826,1772.949,0.867,0.358,2.090,0.800,0.478,0.715,0.125,0.875,0.581,0.580
3033,101.100,18.111,36.878,9.055,36.878,2,1,1,531.588,1.513,3,0,0.828,4,0.000,1218.838,0.867,0.358,4.078,0.363,0.634,1.696,0.097,0.903,0.815,0.550
3036,101.200,33.615,47.885,15.505,11.007,2,1,1,518.186,1.265,3,0,0.828,4,0.000,1229.539,0.867,0.358,6.464,0.489,0.805,0.251,0.109,0.891,0.911,0.350
3039,101.300,17.720,34.525,-15.895,-13.360,2,1,1,514.646,1.251,3,0,0.828,4,0.000,1194.309,0.867,0.358,5.105,0.376,0.852,0.293,0.125,0.875,0.827,0.350
3042,101.400,29.833,45.607,12.113,11.082,2,1,1,557.413,1.185,3,0,0.828,4,0.000,206.707,0.867,0.358,3.817,0.624,0.823,0.397,0.082,0.918,0.836,0.350
3045,101.500,11.180,19.416,-18.653,-26.191,2,1,1,569.720,0.970,3,0,0.828,4,199.970,961.979,0.867,0.358,1.495,0.195,0.870,0.172,0.075,0.925,0.666,0.750
3048,101.600,9.055,35.228,-2.125,15.811,2,1,1,570.335,0.827,3,0,0.862,4,171.820,1703.880,0.867,0.358,1.995,0.359,0.968,0.103,0.084,0.916,0.754,0.750
3051,101.700,12.207,36.125,3.151,0.897,2,1,1,579.146,0.573,3,0,0.862,4,197.588,2350.787,0.900,0.358,1.862,0.652,0.912,0.768,0.071,0.929,0.740,0.750
3054,101.800,14.866,25.632,2.660,-10.493,2,1,1,593.527,0.659,3,0,0.862,4,0.000,2254.925,0.933,0.358,2.396,0.695,0.953,0.361,0.084,0.916,0.696,0.000
3057,101.900,24.597,7.211,9.731,-18.421,2,1,1,578.253,0.732,3,0,0.897,4,28.302,2219.919,0.967,0.358,1.905,0.456,0.879,1.174,0.065,0.935,0.698,0.000
3060,102.000,33.015,23.431,8.418,16.220,2,1,1,627.976,0.955,3,0,0.897,4,0.000,2177.918,1.000,0.358,3.678,0.357,0.792,0.791,0.090,0.910,0.800,0.350
3063,102.100,20.591,9.220,-12.424,-14.211,2,1,1,600.607,1.154,3,0,0.897,4,58.034,2211.298,1.000,0.358,3.598,0.163,0.659,1.740,0.096,0.904,0.743,0.550
3066,102.200,14.036,15.524,-6.556,6.305,2,1,1,618.098,1.412,3,0,0.931,4,53.160,2306.198,1.000,0.358,4.198,0.498,0.696,2.097,0.092,0.908,0.706,0.550
3069,102.300,23.022,160.078,8.986,144.554,2,1,1,548.381,1.535,3,0,0.931,4,0.000,2447.918,1.000,0.358,5.711,0.498,0.696,1.148,0.149,0.851,0.908,0.450
3072,102.400,29.732,75.166,6.710,-84.912,2,1,1,471.525,1.666,3,0,0.931,4,175.208,2154.464,1.000,0.358,5.002,0.038,0.488,0.067,0.098,0.902,0.922,0.750
3075,102.500,39.459,17.804,9.727,-57.362,2,1,1,421.941,1.661,3,0,0.931,4,0.000,1822.359,1.000,0.358,4.556,0.543,0.269,0.930,0.145,0.855,0.845,0.450
3078,102.600,33.526,51.971,-5.933,34.167,2,1,1,471.365,1.638,3,0,0.931,4,0.000,1268.469,1.000,0.358,6.957,0.547,0.020,0.292,0.154,0.846,0.936,0.450
3081,102.700,536.023,0.000,488.949,0.000,2,1,0,536.023,1.477,3,0,0.931,4,0.000,1274.164,1.000,0.358,5.337,0.570,0.404,0.296,0.166,0.834,0.894,0.500
3084,102.800,505.001,0.000,-31.022,0.000,1,1,0,0.000,1.542,3,0,0.931,2,73.164,1296.189,1.000,0.369,5.457,0.561,0.296,0.292,0.158,0.842,0.787,0.650
3087,102.900,12.042,0.000,-492.959,0.000,1,1,0,0.000,1.429,3,0,0.931,2,81.584,1334.000,1.000,0.369,3.004,0.527,0.265,0.291,0.145,0.855,0.545,0.580
3090,103.000,16.279,0.000,4.237,0.000,1,1,0,0.000,1.598,3,0,0.931,2,33.941,1251.887,1.000,0.379,1.999,0.811,0.262,1.541,0.140,0.860,0.524,0.550
3093,103.100,8.485,0.000,-7.794,0.000,1,1,0,0.000,1.633,3,0,0.966,2,35.341,1099.594,1.000,0.379,1.990,0.697,0.423,0.967,0.130,0.870,0.488,0.580
3096,103.200,11.314,0.000,2.828,0.000,1,1,0,0.000,1.744,3,0,0.966,2,36.235,998.379,1.000,0.389,2.750,0.710,0.471,0.316,0.116,0.884,0.522,0.580
3099,103.300,18.028,0.000,6.714,0.000,1,1,0,0.000,1.585,3,0,0.966,2,36.620,760.487,1.000,0.389,2.713,0.359,0.614,0.279,0.100,0.900,0.583,0.350
3102,103.400,21.024,0.000,2.996,0.000,1,1,0,0.000,1.671,3,0,1.000,2,0.000,585.088,1.000,0.399,3.616,0.428,0.635,0.492,0.115,0.885,0.617,0.350
3105,103.500,11.402,0.000,-9.622,0.000,1,1,0,0.000,1.668,3,0,1.000,2,33.242,397.224,1.000,0.399,3.439,0.529,0.722,0.512,0.100,0.900,0.552,0.580
3108,103.600,9.487,0.000,-1.915,0.000,1,1,0,0.000,1.480,3,0,1.000,2,0.000,406.869,1.000,0.408,3.361,0.776,0.650,0.822,0.110,0.890,0.522,0.580
3111,103.700,43.932,0.000,34.445,0.000,1,1,0,0.000,1.323,3,0,1.000,2,0.000,496.624,1.000,0.408,4.735,0.620,0.628,0.385,0.122,0.878,0.759,0.450
3114,103.800,59.908,0.000,15.976,0.000,1,1,0,0.000,1.040,3,0,1.000,2,0.000,498.810,1.000,0.417,4.265,0.407,0.604,0.094,0.134,0.866,0.768,0.350
3117,103.900,76.243,0.000,16.335,0.000,1,1,0,0.000,0.875,3,0,1.000,2,0.000,476.855,1.000,0.417,4.795,0.197,0.369,2.545,0.128,0.872,0.796,0.550
3120,104.000,42.059,0.000,-34.184,0.000,1,1,0,0.000,0.681,3,0,1.000,2,58.694,764.164,1.000,0.426,4.481,0.566,0.246,1.053,0.126,0.874,0.746,0.450
3123,104.100,13.038,0.000,-29.021,0.000,1,1,0,0.000,0.871,3,0,1.000,2,34.785,1128.137,1.000,0.426,3.967,0.401,0.137,0.489,0.164,0.836,0.584,0.580
3126,104.200,30.000,0.000,16.962,0.000,1,1,0,0.000,0.879,3,0,1.000,2,38.833,1397.388,1.000,0.435,3.197,0.356,0.112,0.900,0.124,0.876,0.662,0.000
3129,104.300,42.720,26.019,12.720,-25.952,2,1,1,571.433,1.844,3,0,1.000,4,38.833,1397.388,1.000,0.435,3.554,0.121,0.162,0.101,0.114,0.886,0.868,0.650
3132,104.400,55.317,26.420,12.597,0.400,2,1,1,634.717,1.720,5,1,0.966,5,38.833,1397.388,1.000,0.435,3.575,0.436,0.253,0.303,0.144,0.856,0.959,0.750
3135,104.500,0.000,14.213,0.000,-12.207,1,0,1,0.000,1.733,5,0,0.966,4,38.833,1397.388,1.000,0.435,3.224,0.286,0.194,0.534,0.128,0.872,0.704,0.650
3138,104.600,0.000,11.180,0.000,-3.032,1,0,1,0.000,1.505,5,0,0.966,4,38.833,1397.388,1.000,0.435,3.080,0.733,0.169,0.805,0.143,0.857,0.652,0.580
3141,104.700,0.000,6.403,0.000,-4.777,1,0,1,0.000,1.538,4,1,0.931,3,247.202,1951.228,1.000,0.435,1.935,0.779,0.122,0.220,0.130,0.870,0.584,0.750
3144,104.800,0.000,7.280,0.000,0.877,1,0,1,0.000,1.609,4,0,0.931,3,20.616,2350.544,1.000,0.435,1.599,0.448,0.202,0.395,0.114,0.886,0.604,0.580
3147,104.900,0.000,7.810,0.000,0.530,1,0,1,0.000,1.939,4,0,0.931,3,9.220,2826.830,1.000,0.435,2.014,0.610,0.268,0.258,0.136,0.864,0.606,0.580
3150,105.000,0.000,11.402,0.000,3.592,1,0,1,0.000,1.922,4,0,0.931,3,10.198,3351.557,1.000,0.444,2.002,0.867,0.444,0.039,0.135,0.865,0.608,0.580
3153,105.100,0.000,10.770,0.000,-0.631,1,0,1,0.000,1.629,4,0,0.931,3,134.239,5118.925,1.000,0.435,1.731,0.861,0.499,0.110,0.125,0.875,0.598,0.746
3156,105.200,0.000,12.649,0.000,1.879,1,0,1,0.000,1.563,4,0,0.931,3,12.649,6900.469,1.000,0.435,1.483,0.530,0.562,0.152,0.120,0.880,0.625,0.580
3159,105.300,0.000,10.050,0.000,-2.599,1,0,1,0.000,1.244,4,0,0.931,3,124.824,7562.437,1.000,0.426,1.791,0.574,0.735,0.228,0.125,0.875,0.615,0.693
3162,105.400,0.000,9.220,0.000,-0.830,1,0,1,0.000,1.231,4,0,0.931,3,124.824,7562.437,1.000,0.426,1.466,0.745,0.822,0.086,0.108,0.892,0.591,0.693
3165,105.500,0.000,7.280,0.000,-1.939,1,0,1,0.000,1.151,4,0,0.931,3,124.824,7562.437,1.000,0.417,1.563,0.721,0.983,0.283,0.113,0.887,0.584,0.693
3168,105.600,0.000,8.000,0.000,0.720,1,0,1,0.000,1.067,4,0,0.931,2,124.824,7562.437,1.000,0.417,2.126,0.500,1.125,0.271,0.136,0.864,0.573,0.693
3171,105.700,0.000,7.071,0.000,-0.929,1,0,1,0.000,0.744,4,0,0.931,2,124.824,7562.437,1.000,0.417,4.047,0.722,1.335,1.515,0.197,0.803,0.600,0.693
3174,105.800,0.000,10.000,0.000,2.929,1,0,1,0.000,0.490,4,0,0.931,1,124.824,7562.437,1.000,0.426,5.275,0.728,1.248,0.648,0.201,0.799,0.601,0.693
3177,105.900,0.000,5.000,0.000,-5.000,1,0,1,0.000,0.641,4,0,0.931,2,124.824,7562.437,1.000,0.426,5.667,0.806,1.162,0.372,0.189,0.811,0.623,0.693
3180,106.000,0.000,10.000,0.000,5.000,1,0,1,0.000,0.613,4,0,0.931,2,124.824,7562.437,1.000,0.426,7.609,0.865,1.054,0.829,0.192,0.808,0.695,0.693
3183,106.100,0.000,7.810,0.000,-2.190,1,0,1,0.000,0.591,4,0,0.931,2,124.824,7562.437,1.000,0.426,5.116,0.846,0.907,0.774,0.180,0.820,0.622,0.693
3186,106.200,0.000,9.220,0.000,1.409,1,0,1,0.000,0.832,3,1,0.897,2,124.824,7562.437,1.000,0.426,3.664,0.554,0.967,2.406,0.162,0.838,0.544,0.750
3189,106.300,0.000,8.246,0.000,-0.973,1,0,1,0.000,0.828,3,0,0.897,2,124.824,7562.437,1.000,0.426,3.296,0.276,0.608,0.300,0.156,0.844,0.549,0.693
3192,106.400,114.547,9.899,59.230,1.653,2,1,1,515.031,1.080,3,0,0.897,4,124.824,7562.437,1.000,0.426,3.806,0.203,0.304,2.147,0.164,0.836,0.881,0.693
3195,106.500,0.000,15.232,0.000,5.332,1,0,1,0.000,0.891,3,0,0.897,2,124.824,7562.437,1.000,0.426,6.216,0.498,0.041,0.457,0.179,0.821,0.645,0.693
3198,106.600,0.000,569.719,0.000,547.765,2,0,1,569.719,0.890,3,0,0.897,4,124.824,7562.437,1.000,0.426,6.781,0.568,0.334,0.556,0.180,0.820,0.930,0.693
3201,106.700,121.631,579.351,7.084,9.632,2,1,1,542.738,1.233,3,0,0.897,4,0.000,7636.138,1.000,0.426,6.558,0.384,0.721,0.051,0.175,0.825,0.937,0.500
3204,106.800,511.132,0.000,-38.632,0.000,2,1,0,511.132,1.802,3,0,0.897,3,0.000,7399.048,1.000,0.435,5.342,0.282,1.234,0.358,0.157,0.843,0.914,0.500
3207,106.900,511.423,0.000,-8.702,0.000,2,1,0,511.423,2.206,3,0,0.897,4,0.000,7266.087,1.000,0.426,4.718,0.255,1.631,0.269,0.138,0.862,0.900,0.700
3210,107.000,486.124,0.000,-34.400,0.000,2,1,0,486.124,2.596,3,0,0.897,3,0.000,8181.038,1.000,0.426,4.706,0.518,2.229,0.054,0.125,0.875,0.881,0.700
3213,107.100,461.313,0.000,-40.409,0.000,2,1,0,461.313,2.897,4,1,0.862,4,0.000,7650.629,1.000,0.426,4.016,0.549,2.971,0.177,0.115,0.885,0.962,0.750
3216,107.200,26.000,215.455,-435.313,-363.896,2,1,1,468.680,2.980,4,0,0.862,4,0.000,6895.869,1.000,0.426,4.209,0.625,3.702,0.069,0.102,0.898,0.962,0.700
3219,107.300,19.416,0.000,-6.584,0.000,1,1,0,0.000,2.631,4,0,0.897,3,0.000,6017.530,1.000,0.426,2.834,0.132,3.254,0.149,0.101,0.899,0.724,0.700
3222,107.400,18.385,0.000,-1.032,0.000,1,1,0,0.000,2.574,5,1,0.862,4,112.161,5955.119,1.000,0.417,1.927,0.429,2.295,0.767,0.103,0.897,0.684,0.750
3225,107.500,6.708,0.000,-11.677,0.000,1,1,0,0.000,2.549,5,0,0.862,4,120.333,4803.369,1.000,0.417,1.775,0.366,1.590,1.838,0.091,0.909,0.620,0.700
3228,107.600,3.162,0.000,-3.546,0.000,1,1,0,0.000,2.263,5,0,0.897,4,0.000,2459.060,1.000,0.408,1.956,0.225,0.787,0.387,0.092,0.908,0.615,0.580
3231,107.700,12.728,0.000,9.566,0.000,1,1,0,0.000,1.940,3,1,0.862,2,0.000,2104.175,1.000,0.408,2.931,0.763,0.572,2.767,0.116,0.884,0.531,0.750
3234,107.800,18.028,0.000,5.300,0.000,1,1,0,0.000,1.645,3,0,0.862,2,0.000,1984.190,1.000,0.408,3.198,0.378,0.490,0.613,0.121,0.879,0.594,0.580
3237,107.900,16.125,0.000,-1.903,0.000,1,1,0,0.000,1.517,3,0,0.862,2,105.702,2059.314,1.000,0.408,2.588,0.120,0.438,1.038,0.107,0.893,0.586,0.587
3240,108.000,3.162,0.000,-12.962,0.000,1,1,0,0.000,1.225,3,0,0.862,2,0.000,1400.884,1.000,0.408,3.992,0.614,0.334,1.776,0.142,0.858,0.514,0.580
3243,108.100,19.416,0.000,16.254,0.000,1,1,0,0.000,1.280,3,0,0.862,2,0.000,1489.009,1.000,0.408,3.838,0.361,0.094,1.704,0.145,0.855,0.619,0.580
3246,108.200,10.296,0.000,-9.121,0.000,1,1,0,0.000,1.144,3,0,0.862,2,0.000,1551.414,1.000,0.408,2.485,0.698,0.179,1.285,0.114,0.886,0.510,0.580
3249,108.300,8.544,0.000,-1.752,0.000,1,1,0,0.000,0.969,3,0,0.862,2,183.576,1962.389,1.000,0.408,2.628,0.284,0.492,1.219,0.097,0.903,0.533,0.750
3252,108.400,11.180,0.000,2.636,0.000,1,1,0,0.000,1.055,3,0,0.862,2,0.000,1678.479,1.000,0.417,2.090,0.490,0.747,0.775,0.095,0.905,0.520,0.580
3255,108.500,22.472,0.000,11.292,0.000,1,1,0,0.000,1.286,3,0,0.862,2,0.000,1348.304,1.000,0.417,2.512,0.381,1.073,0.898,0.091,0.909,0.601,0.580
3258,108.600,20.125,0.000,-2.348,0.000,1,1,0,0.000,1.298,4,1,0.828,3,0.000,1404.659,1.000,0.417,2.797,0.242,1.506,0.012,0.094,0.906,0.720,0.750
3261,108.700,17.804,0.000,-2.320,0.000,1,1,0,0.000,1.295,4,0,0.828,3,0.000,1308.059,1.000,0.417,2.449,0.501,1.910,0.552,0.084,0.916,0.680,0.700
3264,108.800,12.530,0.000,-5.275,0.000,1,1,0,0.000,1.291,4,0,0.828,3,0.000,1084.069,1.000,0.417,1.713,0.602,2.029,0.355,0.084,0.916,0.625,0.700
3267,108.900,7.071,0.000,-5.459,0.000,1,1,0,0.000,1.327,5,1,0.793,4,0.000,900.175,1.000,0.417,2.361,0.764,1.772,2.300,0.110,0.890,0.609,0.750
3270,109.000,6.403,0.000,-0.668,0.000,1,1,0,0.000,1.237,5,0,0.793,4,190.686,1836.109,1.000,0.417,0.935,0.138,1.377,2.789,0.058,0.942,0.613,0.750
3273,109.100,1.414,0.000,-4.989,0.000,1,1,0,0.000,1.438,5,0,0.828,4,165.895,2460.100,1.000,0.417,1.629,0.689,1.192,0.520,0.094,0.906,0.564,0.750
3276,109.200,11.662,0.000,10.248,0.000,1,1,0,0.000,1.420,5,0,0.828,4,0.000,2448.255,1.000,0.417,3.664,0.856,1.001,2.853,0.131,0.869,0.660,0.580
3279,109.300,9.849,0.000,-1.813,0.000,1,1,0,0.000,1.312,5,0,0.828,4,0.000,1832.745,1.000,0.417,2.793,0.848,0.924,3.141,0.114,0.886,0.629,0.580
3282,109.400,17.088,0.000,7.239,0.000,1,1,0,0.000,1.502,5,0,0.828,4,0.000,1817.265,1.000,0.417,3.435,0.876,0.935,3.141,0.133,0.867,0.683,0.580
3285,109.500,10.000,0.000,-7.088,0.000,1,1,0,0.000,1.322,3,1,0.793,2,91.662,1920.918,1.000,0.417,2.182,0.174,0.828,2.827,0.097,0.903,0.538,0.750
3288,109.600,7.211,0.000,-2.789,0.000,1,1,0,0.000,1.686,3,0,0.793,2,0.000,1814.068,1.000,0.426,2.866,0.841,0.870,2.778,0.135,0.865,0.493,0.580
3291,109.700,16.971,0.000,9.759,0.000,1,1,0,0.000,1.742,3,0,0.793,2,0.000,1809.367,1.000,0.426,4.077,0.764,0.913,2.301,0.135,0.865,0.583,0.580
3294,109.800,107.912,0.000,90.941,0.000,1,1,0,0.000,1.675,3,0,0.793,2,0.000,2004.637,1.000,0.435,13.351,0.278,0.759,0.512,0.250,0.750,0.871,0.480
3297,109.900,35.355,0.000,-72.557,0.000,1,1,0,0.000,1.304,3,0,0.793,2,33.302,2201.700,1.000,0.435,3.215,0.367,0.073,2.495,0.122,0.878,0.691,0.550
