frame_idx,timestamp,hand_velocity_left,hand_velocity_right,hand_acceleration_left,hand_acceleration_right,hands_present,grip_state_left,grip_state_right,hand_distance,trajectory_curvature,num_tools,tool_changed,tool_stability,num_interactions,contact_point_shift,contact_point_variance,interaction_density,interaction_rhythm,flow_magnitude,flow_uniformity,flow_discontinuity,direction_change,scene_change_score,visual_stability,activity_level,transition_score
0,0.000,0.000,0.000,0.000,0.000,1,0,0,0.000,0.000,3,0,1.000,2,50.220,0.000,1.000,0.000,0.000,1.000,0.000,0.000,0.000,1.000,0.390,0.000
3,0.100,12.649,0.000,12.649,0.000,1,0,0,0.000,0.000,4,1,0.000,3,83.000,1928.280,1.000,0.366,4.010,0.397,0.000,1.074,0.091,0.909,0.618,0.750
6,0.200,12.649,0.000,0.000,0.000,1,0,0,0.000,0.000,4,0,0.500,2,98.270,2495.236,1.000,0.414,2.009,0.277,0.000,0.446,0.068,0.932,0.531,0.546
9,0.300,16.643,0.000,3.994,0.000,1,0,0,0.000,2.892,4,0,0.667,2,95.425,2171.148,1.000,0.436,4.111,0.369,0.000,0.043,0.081,0.919,0.599,0.530
12,0.400,8.544,0.000,-8.099,0.000,1,0,0,0.000,1.911,4,0,0.750,3,87.801,1872.107,1.000,0.431,4.068,0.551,0.000,0.113,0.085,0.915,0.586,0.350
15,0.500,400.092,0.000,363.418,0.000,2,1,0,400.092,1.783,4,0,0.800,6,224.147,2433.662,1.000,0.392,4.259,0.366,0.000,2.298,0.111,0.889,0.981,0.750
18,0.600,401.261,0.000,1.168,0.000,2,1,0,401.508,2.052,3,1,0.667,4,225.801,3076.656,1.000,0.387,2.906,0.509,0.000,1.537,0.105,0.895,0.837,0.750
21,0.700,2.236,5.385,-399.024,5.385,2,1,0,398.503,2.123,3,0,0.714,4,185.389,3332.044,1.000,0.384,1.295,0.498,0.000,0.111,0.081,0.919,0.577,0.750
24,0.800,12.042,10.000,9.806,4.615,2,1,0,417.433,2.214,3,0,0.750,4,148.122,3441.318,1.000,0.382,2.583,0.252,0.000,0.865,0.088,0.912,0.664,0.750
27,0.900,20.224,1.414,8.182,-8.586,2,1,0,438.809,1.966,4,1,0.667,6,38.079,3381.744,1.000,0.370,1.498,0.475,0.000,1.656,0.091,0.909,0.767,0.750
30,1.000,13.342,6.325,-6.882,4.910,2,1,0,449.138,1.614,4,0,0.700,6,194.795,3819.158,1.000,0.362,1.583,0.516,0.000,0.878,0.092,0.908,0.728,0.750
33,1.100,6.083,10.000,-7.259,3.675,2,1,0,446.061,1.547,4,0,0.727,6,204.167,3618.220,1.000,0.356,1.735,0.581,0.000,0.407,0.083,0.917,0.708,0.750
36,1.200,406.149,0.000,389.506,0.000,2,1,0,406.149,1.502,4,0,0.750,5,121.248,2801.818,1.000,0.354,3.685,0.456,0.000,0.315,0.122,0.878,0.960,0.674
39,1.300,418.871,113.159,12.722,103.159,2,1,1,418.638,1.499,4,0,0.769,5,0.000,3176.744,1.000,0.352,2.699,0.150,0.000,3.108,0.100,0.900,0.957,0.550
42,1.400,23.409,0.000,-395.462,0.000,1,1,0,0.000,1.547,4,0,0.786,3,165.463,3888.664,1.000,0.358,2.232,0.520,0.000,0.330,0.086,0.914,0.704,0.750
45,1.500,12.083,0.000,-11.326,0.000,1,1,0,0.000,1.301,3,1,0.733,2,169.806,3753.569,1.000,0.358,2.942,0.743,0.000,0.387,0.098,0.902,0.529,0.750
48,1.600,5.000,0.000,-7.083,0.000,1,1,0,0.000,1.495,3,0,0.750,2,155.081,3905.784,1.000,0.358,3.551,0.173,0.000,0.471,0.106,0.894,0.544,0.750
51,1.700,4.123,0.000,-0.877,0.000,1,1,0,0.000,1.536,3,0,0.765,2,144.062,3578.378,1.000,0.358,3.478,0.250,0.000,0.643,0.106,0.894,0.532,0.750
54,1.800,26.306,0.000,22.183,0.000,1,1,0,0.000,1.868,4,1,0.722,3,127.581,3634.400,1.000,0.358,4.434,0.787,0.000,0.153,0.120,0.880,0.757,0.750
57,1.900,33.302,0.000,6.996,0.000,1,1,0,0.000,1.676,4,0,0.737,3,140.730,3177.439,1.000,0.358,3.427,0.656,0.000,0.322,0.126,0.874,0.780,0.750
60,2.000,17.889,0.000,-15.413,0.000,1,1,0,0.000,1.641,4,0,0.750,3,95.273,2942.294,1.000,0.369,3.037,0.638,0.000,0.095,0.106,0.894,0.686,0.580
63,2.100,25.495,0.000,7.607,0.000,1,1,0,0.000,1.451,3,1,0.714,2,117.324,2797.680,1.000,0.369,2.856,0.545,0.000,1.498,0.114,0.886,0.615,0.750
66,2.200,11.045,0.000,-14.450,0.000,1,1,0,0.000,1.138,3,0,0.727,2,119.080,2356.600,1.000,0.379,2.390,0.428,0.000,2.713,0.120,0.880,0.531,0.662
69,2.300,15.264,0.000,4.219,0.000,1,1,0,0.000,1.155,3,0,0.739,2,117.154,2267.945,1.000,0.379,3.664,0.592,0.000,1.581,0.123,0.877,0.575,0.651
72,2.400,48.083,0.000,32.819,0.000,1,1,0,0.000,1.096,3,0,0.750,2,0.000,1877.877,1.000,0.389,3.618,0.533,0.000,1.722,0.134,0.866,0.743,0.550
75,2.500,18.028,0.000,-30.056,0.000,1,1,0,0.000,1.163,3,0,0.760,2,0.000,1557.220,1.000,0.389,2.633,0.563,0.000,1.324,0.142,0.858,0.567,0.580
78,2.600,17.720,0.000,-0.308,0.000,1,1,0,0.000,0.789,3,0,0.769,2,0.000,1396.880,1.000,0.399,6.029,0.308,0.000,1.549,0.167,0.833,0.668,0.580
81,2.700,37.577,0.000,19.857,0.000,1,1,0,0.000,0.856,4,1,0.741,2,0.000,1830.804,1.000,0.399,6.878,0.658,0.000,2.360,0.187,0.813,0.845,0.750
84,2.800,27.203,0.000,-10.374,0.000,1,1,0,0.000,0.842,4,0,0.750,2,139.807,2137.625,1.000,0.408,7.298,0.577,0.000,0.469,0.191,0.809,0.803,0.750
87,2.900,41.037,0.000,13.834,0.000,1,1,0,0.000,0.708,4,0,0.759,2,0.000,2088.359,1.000,0.417,7.826,0.629,0.000,2.240,0.204,0.796,0.890,0.550
90,3.000,39.051,0.000,-1.985,0.000,1,1,0,0.000,0.751,4,0,0.793,2,69.642,2181.905,1.000,0.417,8.144,0.619,0.000,0.109,0.217,0.783,0.884,0.000
93,3.100,34.986,0.000,-4.066,0.000,1,1,0,0.000,0.893,4,0,0.793,2,76.485,2225.148,1.000,0.426,8.723,0.885,1.824,0.031,0.222,0.778,0.842,0.700
96,3.200,83.869,0.000,48.883,0.000,1,1,0,0.000,1.103,4,0,0.793,2,0.000,2033.684,1.000,0.435,8.146,0.862,2.267,0.074,0.219,0.781,0.900,0.700
99,3.300,1.000,0.000,-82.869,0.000,1,1,0,0.000,1.268,5,1,0.759,2,0.000,1764.444,1.000,0.435,7.105,0.709,2.497,0.344,0.213,0.787,0.626,0.750
102,3.400,233.654,282.446,232.654,169.287,2,1,1,208.837,1.620,5,0,0.759,4,0.000,1574.260,1.000,0.444,7.059,0.747,2.576,0.015,0.213,0.787,0.988,0.700
105,3.500,212.925,0.000,-16.339,0.000,2,1,0,212.925,2.208,5,0,0.793,4,0.000,1456.685,1.000,0.444,7.416,0.756,2.976,0.002,0.215,0.785,0.997,0.700
108,3.600,0.000,209.504,0.000,187.572,2,0,1,209.504,1.291,4,1,0.759,4,0.000,1394.765,1.000,0.444,7.518,0.803,3.651,0.022,0.217,0.783,1.000,0.750
111,3.700,26.420,207.461,-186.505,-2.043,2,1,1,207.617,2.367,4,0,0.759,4,67.357,1307.669,1.000,0.444,6.389,0.786,4.007,0.029,0.212,0.788,1.000,0.700
114,3.800,0.000,8.944,0.000,-198.517,1,0,1,0.000,1.517,4,0,0.793,2,0.000,664.629,1.000,0.453,5.190,0.645,4.643,0.223,0.217,0.783,0.644,0.700
117,3.900,0.000,191.760,0.000,189.760,2,0,1,191.760,1.507,4,0,0.793,4,0.000,403.319,1.000,0.444,4.136,0.625,4.542,0.069,0.202,0.798,0.960,0.700
120,4.000,0.000,201.943,0.000,0.426,2,0,1,201.943,1.992,4,0,0.793,4,0.000,414.299,1.000,0.435,3.737,0.661,4.816,0.014,0.203,0.797,0.947,0.700
123,4.100,0.000,196.919,0.000,-5.282,2,0,1,196.919,2.364,4,0,0.793,4,0.000,295.919,1.000,0.435,2.230,0.284,5.487,0.311,0.170,0.830,0.936,0.700
126,4.200,234.787,1.000,208.367,-195.919,2,1,1,205.643,2.469,4,0,0.793,4,34.059,328.734,1.000,0.426,1.920,0.302,3.468,2.209,0.157,0.843,0.927,0.700
129,4.300,206.073,0.000,202.073,0.000,2,1,0,206.073,2.214,4,0,0.793,4,130.782,718.210,1.000,0.417,1.809,0.730,2.063,2.408,0.157,0.843,0.894,0.727
132,4.400,219.718,0.000,8.351,0.000,2,1,0,219.718,2.356,4,0,0.828,4,118.068,927.885,1.000,0.408,2.475,0.685,1.255,0.432,0.163,0.837,0.914,0.656
135,4.500,228.862,0.000,3.658,0.000,2,1,0,228.862,2.347,4,0,0.828,4,107.615,1090.150,1.000,0.399,2.710,0.778,0.684,0.482,0.172,0.828,0.913,0.598
138,4.600,240.204,0.000,8.521,0.000,2,1,0,240.204,2.710,4,0,0.828,4,112.201,1194.409,1.000,0.389,2.277,0.788,0.249,0.728,0.159,0.841,0.902,0.623
141,4.700,0.000,225.610,0.000,224.610,1,0,1,0.000,2.337,4,0,0.862,2,89.677,1319.069,1.000,0.389,1.470,0.797,0.132,0.560,0.129,0.871,0.741,0.650
144,4.800,247.245,0.000,7.041,0.000,1,1,0,0.000,3.038,4,0,0.862,2,83.000,1431.437,1.000,0.389,1.505,0.783,0.459,0.578,0.125,0.875,0.743,0.500
147,4.900,6.708,0.000,-240.537,0.000,1,1,0,0.000,2.888,4,0,0.862,2,78.102,1504.257,1.000,0.389,1.167,0.809,0.691,0.007,0.113,0.887,0.520,0.580
150,5.000,0.000,0.000,0.000,0.000,0,0,0,0.000,0.000,4,0,0.897,0,78.102,1504.257,0.967,0.389,1.430,0.845,0.981,0.003,0.123,0.877,0.263,0.650
153,5.100,0.000,0.000,0.000,0.000,0,0,0,0.000,0.000,4,0,0.897,0,78.102,1504.257,0.933,0.389,1.905,0.703,1.332,1.268,0.114,0.886,0.280,0.580
156,5.200,0.000,0.000,0.000,0.000,0,0,0,0.000,0.000,4,0,0.897,0,78.102,1504.257,0.900,0.389,1.397,0.426,1.756,1.746,0.100,0.900,0.283,0.700
159,5.300,0.000,0.000,0.000,0.000,0,0,0,0.000,0.000,4,0,0.897,0,78.102,1504.257,0.867,0.389,0.763,0.480,2.378,0.008,0.073,0.927,0.259,0.700
162,5.400,0.000,0.000,0.000,0.000,0,0,0,0.000,0.000,4,0,0.897,0,78.102,1504.257,0.833,0.389,1.208,0.781,2.810,0.579,0.127,0.873,0.246,0.700
165,5.500,0.000,240.104,0.000,14.494,1,0,1,0.000,2.550,4,0,0.897,2,154.185,1740.088,0.833,0.302,1.282,0.869,3.063,0.224,0.154,0.846,0.711,0.750
168,5.600,253.190,0.000,246.481,0.000,1,1,0,0.000,2.690,4,0,0.931,2,100.578,2675.017,0.833,0.302,1.261,0.862,3.615,0.124,0.160,0.840,0.711,0.700
171,5.700,23.345,0.000,-229.844,0.000,1,1,0,0.000,2.652,4,0,0.931,2,100.578,2675.017,0.833,0.311,1.329,0.834,2.711,0.092,0.158,0.842,0.595,0.700
174,5.800,10.630,0.000,-12.715,0.000,1,1,0,0.000,2.643,4,0,0.931,2,81.025,2935.450,0.833,0.311,0.817,0.500,2.156,0.379,0.106,0.894,0.534,0.700
177,5.900,3.162,0.000,-7.468,0.000,1,1,0,0.000,2.505,4,0,0.931,2,27.459,3282.758,0.833,0.320,0.641,0.212,1.813,0.202,0.068,0.932,0.509,0.700
180,6.000,0.000,639.314,0.000,399.210,1,0,1,0.000,2.654,4,0,0.931,2,27.459,3282.758,0.833,0.320,12.758,0.201,1.663,0.745,0.333,0.667,0.926,0.700
183,6.100,0.000,16.971,0.000,-622.343,1,0,1,0.000,2.437,4,0,0.931,1,27.459,3282.758,0.833,0.328,1.063,0.813,1.250,2.694,0.145,0.855,0.509,0.580
186,6.200,0.000,2.236,0.000,-14.734,1,0,1,0.000,2.092,4,0,0.966,2,27.459,3282.758,0.833,0.337,1.212,0.744,1.159,0.710,0.169,0.831,0.481,0.580
189,6.300,0.000,8.485,0.000,6.249,1,0,1,0.000,1.740,4,0,0.966,2,27.459,3282.758,0.833,0.337,1.027,0.792,1.004,1.070,0.135,0.865,0.507,0.580
192,6.400,0.000,0.000,0.000,0.000,0,0,0,0.000,0.000,4,0,0.966,0,27.459,3282.758,0.800,0.337,2.352,0.837,0.869,1.084,0.192,0.808,0.266,0.650
195,6.500,0.000,0.000,0.000,0.000,0,0,0,0.000,0.000,4,0,1.000,0,27.459,3282.758,0.767,0.337,2.666,0.901,0.679,0.212,0.206,0.794,0.266,0.580
198,6.600,0.000,0.000,0.000,0.000,0,0,0,0.000,0.000,5,1,0.966,0,27.459,3282.758,0.733,0.337,2.363,0.688,0.507,1.537,0.182,0.818,0.269,0.750
201,6.700,0.000,0.000,0.000,0.000,0,0,0,0.000,0.000,5,0,0.966,0,27.459,3282.758,0.700,0.337,5.688,0.720,0.373,0.687,0.217,0.783,0.346,0.580
204,6.800,0.000,0.000,0.000,0.000,0,0,0,0.000,0.000,5,0,0.966,0,27.459,3282.758,0.667,0.337,6.837,0.641,0.064,0.272,0.224,0.776,0.376,0.580
207,6.900,0.000,0.000,0.000,0.000,0,0,0,0.000,0.000,4,1,0.931,0,27.459,3282.758,0.633,0.337,5.560,0.396,0.867,0.242,0.213,0.787,0.357,0.750
210,7.000,0.000,0.000,0.000,0.000,0,0,0,0.000,0.000,4,0,0.931,0,27.459,3282.758,0.600,0.337,5.579,0.161,1.751,0.315,0.200,0.800,0.370,0.700
213,7.100,0.000,0.000,0.000,0.000,0,0,0,0.000,0.000,4,0,0.931,0,27.459,3282.758,0.567,0.337,7.361,0.495,3.237,1.114,0.225,0.775,0.387,0.700
216,7.200,0.000,0.000,0.000,0.000,0,0,0,0.000,0.000,3,1,0.897,0,27.459,3282.758,0.533,0.337,7.102,0.597,4.204,0.417,0.226,0.774,0.270,0.750
219,7.300,0.000,0.000,0.000,0.000,0,0,0,0.000,0.000,3,0,0.897,0,27.459,3282.758,0.500,0.337,8.860,0.159,5.027,2.345,0.326,0.674,0.319,0.700
222,7.400,0.000,0.000,0.000,0.000,0,0,0,0.000,0.000,3,0,0.897,0,27.459,3282.758,0.467,0.337,8.576,0.291,5.837,1.670,0.303,0.697,0.306,0.700
225,7.500,0.000,0.000,0.000,0.000,0,0,0,0.000,0.000,3,0,0.897,0,27.459,3282.758,0.433,0.337,7.838,0.494,7.282,2.538,0.203,0.797,0.283,0.700
228,7.600,0.000,0.000,0.000,0.000,0,0,0,0.000,0.000,3,0,0.897,0,27.459,3282.758,0.400,0.337,4.339,0.658,0.992,0.160,0.188,0.812,0.180,0.580
231,7.700,0.000,0.000,0.000,0.000,0,0,0,0.000,0.000,3,0,0.897,0,27.459,3282.758,0.367,0.337,15.292,0.433,1.092,0.753,0.386,0.614,0.284,0.636
234,7.800,0.000,0.000,0.000,0.000,0,0,0,0.000,0.000,4,1,0.862,0,27.459,3282.758,0.333,0.337,6.134,0.814,1.421,2.107,0.256,0.744,0.306,0.750
237,7.900,0.000,0.000,0.000,0.000,0,0,0,0.000,0.000,4,0,0.862,0,27.459,3282.758,0.300,0.337,5.916,0.923,1.545,2.419,0.253,0.747,0.289,0.700
240,8.000,0.000,0.000,0.000,0.000,0,0,0,0.000,0.000,4,0,0.862,0,27.459,3282.758,0.300,0.337,10.625,0.852,1.603,0.825,0.287,0.713,0.346,0.700
243,8.100,0.000,0.000,0.000,0.000,0,0,0,0.000,0.000,3,1,0.828,0,27.459,3282.758,0.300,0.337,9.445,0.939,1.758,0.137,0.273,0.727,0.240,0.750
246,8.200,0.000,0.000,0.000,0.000,0,0,0,0.000,0.000,3,0,0.828,0,27.459,3282.758,0.300,0.337,2.406,0.801,1.911,2.671,0.206,0.794,0.110,0.700
249,8.300,0.000,0.000,0.000,0.000,0,0,0,0.000,0.000,3,0,0.828,0,27.459,3282.758,0.300,0.337,5.593,0.516,1.666,0.250,0.251,0.749,0.210,0.700
252,8.400,0.000,0.000,0.000,0.000,0,0,0,0.000,0.000,4,1,0.793,0,27.459,3282.758,0.300,0.337,1.493,0.850,1.432,0.186,0.155,0.845,0.184,0.750
255,8.500,0.000,0.000,0.000,0.000,0,0,0,0.000,0.000,4,0,0.793,0,27.459,3282.758,0.267,0.337,1.522,0.847,1.241,1.848,0.158,0.842,0.181,0.580
258,8.600,0.000,0.000,0.000,0.000,0,0,0,0.000,0.000,4,0,0.793,0,27.459,3282.758,0.233,0.337,7.016,0.753,1.062,2.818,0.239,0.761,0.321,0.580
261,8.700,0.000,0.000,0.000,0.000,0,0,0,0.000,0.000,3,1,0.759,0,27.459,3282.758,0.200,0.337,4.069,0.673,0.905,1.011,0.214,0.786,0.149,0.750
264,8.800,0.000,0.000,0.000,0.000,0,0,0,0.000,0.000,3,0,0.759,0,27.459,3282.758,0.167,0.337,3.492,0.449,0.722,0.301,0.194,0.806,0.146,0.580
267,8.900,0.000,0.000,0.000,0.000,0,0,0,0.000,0.000,3,0,0.759,0,27.459,3282.758,0.133,0.337,10.221,0.552,0.446,0.284,0.280,0.720,0.247,0.580
270,9.000,0.000,0.000,0.000,0.000,0,0,0,0.000,0.000,4,1,0.724,0,27.459,3282.758,0.100,0.337,6.940,0.885,0.328,2.414,0.257,0.743,0.294,0.750
273,9.100,0.000,0.000,0.000,0.000,0,0,0,0.000,0.000,4,0,0.724,0,27.459,3282.758,0.067,0.337,3.476,0.510,0.491,1.496,0.209,0.791,0.229,0.580
276,9.200,0.000,0.000,0.000,0.000,0,0,0,0.000,0.000,4,0,0.724,0,27.459,3282.758,0.033,0.337,6.265,0.859,0.421,0.205,0.254,0.746,0.270,0.580
279,9.300,0.000,0.000,0.000,0.000,0,0,0,0.000,0.000,4,0,0.724,0,27.459,3282.758,0.000,0.337,11.714,0.161,0.134,1.756,0.413,0.587,0.359,0.663
282,9.400,0.000,0.000,0.000,0.000,0,0,0,0.000,0.000,4,0,0.724,0,27.459,3282.758,0.000,0.337,8.419,0.453,0.136,0.468,0.292,0.708,0.338,0.580
285,9.500,0.000,0.000,0.000,0.000,0,0,0,0.000,0.000,4,0,0.759,0,27.459,3282.758,0.000,0.337,10.589,0.025,0.169,0.935,0.336,0.664,0.368,0.580
288,9.600,0.000,0.000,0.000,0.000,0,0,0,0.000,0.000,4,0,0.759,0,27.459,3282.758,0.000,0.337,10.539,0.272,0.357,0.371,0.312,0.688,0.351,0.580
291,9.700,0.000,0.000,0.000,0.000,0,0,0,0.000,0.000,4,0,0.759,0,27.459,3282.758,0.000,0.337,13.895,0.849,0.545,1.269,0.316,0.684,0.311,0.580
294,9.800,0.000,0.000,0.000,0.000,0,0,0,0.000,0.000,4,0,0.793,0,27.459,3282.758,0.000,0.337,9.386,0.855,0.153,0.198,0.295,0.705,0.310,0.580
297,9.900,0.000,0.000,0.000,0.000,0,0,0,0.000,0.000,3,1,0.759,0,27.459,3282.758,0.000,0.337,5.518,0.119,0.036,1.368,0.261,0.739,0.200,0.750
300,10.000,0.000,0.000,0.000,0.000,0,0,0,0.000,0.000,3,0,0.759,0,27.459,3282.758,0.000,0.337,4.320,0.873,0.133,2.084,0.268,0.732,0.117,0.580
303,10.100,0.000,0.000,0.000,0.000,0,0,0,0.000,0.000,3,0,0.793,0,27.459,3282.758,0.000,0.337,3.420,0.855,0.252,0.161,0.231,0.769,0.096,0.580
306,10.200,0.000,0.000,0.000,0.000,0,0,0,0.000,0.000,3,0,0.793,0,27.459,3282.758,0.000,0.337,3.133,0.888,0.191,2.913,0.251,0.749,0.086,0.580
309,10.300,0.000,0.000,0.000,0.000,0,0,0,0.000,0.000,3,0,0.793,0,27.459,3282.758,0.000,0.337,4.257,0.768,0.227,0.384,0.265,0.735,0.123,0.580
312,10.400,0.000,0.000,0.000,0.000,0,0,0,0.000,0.000,3,0,0.793,0,27.459,3282.758,0.000,0.337,3.299,0.841,0.338,2.541,0.240,0.760,0.094,0.580
315,10.500,0.000,0.000,0.000,0.000,0,0,0,0.000,0.000,4,1,0.759,0,27.459,3282.758,0.000,0.337,4.608,0.827,0.176,0.400,0.226,0.774,0.227,0.750
318,10.600,0.000,0.000,0.000,0.000,0,0,0,0.000,0.000,4,0,0.759,0,27.459,3282.758,0.000,0.337,5.251,0.410,0.151,2.508,0.267,0.733,0.273,0.580
321,10.700,0.000,0.000,0.000,0.000,0,0,0,0.000,0.000,4,0,0.793,0,27.459,3282.758,0.000,0.337,13.776,0.941,0.196,0.757,0.337,0.663,0.304,0.580
324,10.800,0.000,0.000,0.000,0.000,0,0,0,0.000,0.000,3,1,0.759,0,27.459,3282.758,0.000,0.337,14.128,0.897,0.646,0.253,0.338,0.662,0.207,0.750
327,10.900,0.000,0.000,0.000,0.000,0,0,0,0.000,0.000,3,0,0.759,0,27.459,3282.758,0.000,0.337,16.536,0.237,0.504,2.886,0.364,0.636,0.253,0.614
330,11.000,0.000,0.000,0.000,0.000,0,0,0,0.000,0.000,3,0,0.793,0,27.459,3282.758,0.000,0.337,19.439,0.517,0.610,1.647,0.339,0.661,0.234,0.580
333,11.100,0.000,0.000,0.000,0.000,0,0,0,0.000,0.000,3,0,0.793,0,27.459,3282.758,0.000,0.337,10.065,0.720,0.791,0.098,0.284,0.716,0.220,0.580
336,11.200,0.000,0.000,0.000,0.000,0,0,0,0.000,0.000,3,0,0.793,0,27.459,3282.758,0.000,0.337,16.966,0.275,0.741,2.970,0.327,0.673,0.251,0.580
339,11.300,0.000,0.000,0.000,0.000,0,0,0,0.000,0.000,3,0,0.828,0,27.459,3282.758,0.000,0.337,16.446,0.638,0.522,0.020,0.316,0.684,0.225,0.580
342,11.400,0.000,0.000,0.000,0.000,0,0,0,0.000,0.000,3,0,0.828,0,27.459,3282.758,0.000,0.337,10.817,0.887,0.577,0.443,0.312,0.688,0.208,0.580
345,11.500,0.000,0.000,0.000,0.000,0,0,0,0.000,0.000,3,0,0.828,0,27.459,3282.758,0.000,0.337,1.885,0.677,0.652,1.980,0.187,0.813,0.070,0.580
348,11.600,0.000,0.000,0.000,0.000,0,0,0,0.000,0.000,3,0,0.862,0,27.459,3282.758,0.000,0.337,3.163,0.875,0.597,0.082,0.243,0.757,0.088,0.580
351,11.700,0.000,0.000,0.000,0.000,0,0,0,0.000,0.000,3,0,0.862,0,27.459,3282.758,0.000,0.337,2.491,0.553,0.632,0.938,0.220,0.780,0.094,0.580
354,11.800,0.000,0.000,0.000,0.000,0,0,0,0.000,0.000,3,0,0.862,0,27.459,3282.758,0.000,0.337,2.432,0.923,0.624,1.934,0.206,0.794,0.066,0.580
357,11.900,0.000,0.000,0.000,0.000,0,0,0,0.000,0.000,3,0,0.897,0,27.459,3282.758,0.000,0.337,3.894,0.961,0.583,0.031,0.263,0.737,0.100,0.580
360,12.000,0.000,0.000,0.000,0.000,0,0,0,0.000,0.000,3,0,0.897,0,27.459,3282.758,0.000,0.337,1.859,0.894,0.719,2.221,0.194,0.806,0.054,0.580
363,12.100,0.000,0.000,0.000,0.000,0,0,0,0.000,0.000,3,0,0.897,0,27.459,3282.758,0.000,0.337,5.574,0.126,0.700,2.059,0.289,0.711,0.201,0.580
366,12.200,0.000,0.000,0.000,0.000,0,0,0,0.000,0.000,3,0,0.897,0,27.459,3282.758,0.000,0.337,6.531,0.296,0.689,0.300,0.277,0.723,0.213,0.580
369,12.300,0.000,0.000,0.000,0.000,0,0,0,0.000,0.000,3,0,0.897,0,27.459,3282.758,0.000,0.337,12.451,0.252,0.356,1.455,0.305,0.695,0.252,0.580
372,12.400,0.000,0.000,0.000,0.000,0,0,0,0.000,0.000,3,0,0.897,0,27.459,3282.758,0.000,0.337,15.260,0.153,0.268,0.874,0.353,0.647,0.259,0.603
375,12.500,0.000,0.000,0.000,0.000,0,0,0,0.000,0.000,3,0,0.897,0,27.459,3282.758,0.000,0.337,14.512,0.418,0.097,0.639,0.307,0.693,0.241,0.580
378,12.600,0.000,0.000,0.000,0.000,0,0,0,0.000,0.000,4,1,0.862,0,27.459,3282.758,0.000,0.337,10.725,0.801,0.089,0.706,0.311,0.689,0.314,0.750
381,12.700,0.000,0.000,0.000,0.000,0,0,0,0.000,0.000,4,0,0.862,0,27.459,3282.758,0.000,0.337,13.952,0.437,0.075,1.582,0.326,0.674,0.339,0.580
384,12.800,0.000,0.000,0.000,0.000,0,0,0,0.000,0.000,4,0,0.897,0,27.459,3282.758,0.000,0.337,12.623,0.274,0.145,0.964,0.376,0.624,0.351,0.626
387,12.900,617.171,0.000,614.009,0.000,1,1,0,0.000,2.216,3,1,0.862,2,27.459,3282.758,0.033,0.155,15.609,0.399,0.260,0.910,0.366,0.634,0.746,0.750
390,13.000,7.071,0.000,-610.100,0.000,1,1,0,0.000,2.061,3,0,0.862,2,27.459,3282.758,0.067,0.155,12.339,0.915,0.270,0.372,0.334,0.666,0.503,0.580
393,13.100,0.000,0.000,0.000,0.000,0,0,0,0.000,0.000,3,0,0.862,0,27.459,3282.758,0.067,0.155,6.388,0.401,0.118,1.401,0.335,0.665,0.210,0.650
396,13.200,0.000,0.000,0.000,0.000,0,0,0,0.000,0.000,4,1,0.828,0,27.459,3282.758,0.067,0.155,5.053,0.811,0.079,0.043,0.311,0.689,0.248,0.750
399,13.300,0.000,0.000,0.000,0.000,0,0,0,0.000,0.000,4,0,0.828,0,27.459,3282.758,0.067,0.155,5.061,0.874,0.043,1.826,0.306,0.694,0.243,0.580
402,13.400,0.000,0.000,0.000,0.000,0,0,0,0.000,0.000,4,0,0.862,0,27.459,3282.758,0.067,0.155,3.741,0.650,0.006,3.082,0.283,0.717,0.226,0.580
405,13.500,0.000,0.000,0.000,0.000,0,0,0,0.000,0.000,5,1,0.828,0,27.459,3282.758,0.067,0.155,5.167,0.867,0.002,1.779,0.308,0.692,0.246,0.750
408,13.600,0.000,0.000,0.000,0.000,0,0,0,0.000,0.000,5,0,0.828,0,27.459,3282.758,0.067,0.155,1.957,0.888,0.062,1.689,0.215,0.785,0.165,0.580
411,13.700,0.000,0.000,0.000,0.000,0,0,0,0.000,0.000,5,0,0.862,0,27.459,3282.758,0.067,0.155,3.534,0.768,0.020,0.940,0.242,0.758,0.213,0.580
414,13.800,0.000,0.000,0.000,0.000,0,0,0,0.000,0.000,3,1,0.828,0,27.459,3282.758,0.067,0.155,12.479,0.856,0.066,2.427,0.379,0.621,0.218,0.750
417,13.900,0.000,0.000,0.000,0.000,0,0,0,0.000,0.000,3,0,0.828,0,27.459,3282.758,0.067,0.155,7.259,0.946,0.085,0.640,0.301,0.699,0.193,0.580
420,14.000,0.000,0.000,0.000,0.000,0,0,0,0.000,0.000,3,0,0.828,0,27.459,3282.758,0.067,0.155,3.283,0.842,0.012,0.665,0.262,0.738,0.101,0.580
423,14.100,0.000,0.000,0.000,0.000,0,0,0,0.000,0.000,3,0,0.828,0,27.459,3282.758,0.067,0.155,5.328,0.088,0.062,1.141,0.294,0.706,0.205,0.580
426,14.200,0.000,0.000,0.000,0.000,0,0,0,0.000,0.000,3,0,0.828,0,27.459,3282.758,0.067,0.155,7.841,0.779,0.134,1.463,0.326,0.674,0.220,0.580
429,14.300,0.000,0.000,0.000,0.000,0,0,0,0.000,0.000,3,0,0.828,0,27.459,3282.758,0.067,0.155,5.866,0.799,0.180,1.043,0.295,0.705,0.169,0.580
432,14.400,0.000,0.000,0.000,0.000,0,0,0,0.000,0.000,3,0,0.828,0,27.459,3282.758,0.067,0.155,12.955,0.255,0.231,0.573,0.392,0.608,0.260,0.642
435,14.500,0.000,0.000,0.000,0.000,0,0,0,0.000,0.000,3,0,0.828,0,27.459,3282.758,0.067,0.155,5.728,0.790,0.311,2.379,0.316,0.684,0.166,0.580
438,14.600,0.000,0.000,0.000,0.000,0,0,0,0.000,0.000,3,0,0.828,0,27.459,3282.758,0.067,0.155,9.021,0.192,0.545,1.687,0.321,0.679,0.265,0.580
441,14.700,0.000,0.000,0.000,0.000,0,0,0,0.000,0.000,4,1,0.793,0,27.459,3282.758,0.067,0.155,9.283,0.870,0.573,1.599,0.338,0.662,0.317,0.750
444,14.800,0.000,0.000,0.000,0.000,0,0,0,0.000,0.000,4,0,0.793,0,27.459,3282.758,0.067,0.155,17.032,0.866,0.573,0.402,0.338,0.662,0.317,0.580
447,14.900,0.000,0.000,0.000,0.000,0,0,0,0.000,0.000,4,0,0.793,0,27.459,3282.758,0.067,0.155,18.012,0.800,0.462,0.266,0.334,0.666,0.322,0.580
450,15.000,0.000,0.000,0.000,0.000,0,0,0,0.000,0.000,3,1,0.759,0,27.459,3282.758,0.067,0.155,11.400,0.964,0.249,0.203,0.322,0.678,0.210,0.750
453,15.100,0.000,0.000,0.000,0.000,0,0,0,0.000,0.000,3,0,0.759,0,27.459,3282.758,0.067,0.155,4.270,0.198,0.221,0.960,0.275,0.725,0.171,0.580
456,15.200,0.000,0.000,0.000,0.000,0,0,0,0.000,0.000,3,0,0.759,0,27.459,3282.758,0.067,0.155,6.904,0.757,0.118,0.267,0.312,0.688,0.198,0.580
459,15.300,0.000,0.000,0.000,0.000,0,0,0,0.000,0.000,4,1,0.724,0,27.459,3282.758,0.067,0.155,10.498,0.239,0.024,2.155,0.506,0.494,0.361,0.756
462,15.400,0.000,0.000,0.000,0.000,0,0,0,0.000,0.000,4,0,0.724,0,27.459,3282.758,0.067,0.155,3.660,0.187,0.052,0.537,0.142,0.858,0.256,0.580
465,15.500,0.000,0.000,0.000,0.000,0,0,0,0.000,0.000,4,0,0.759,0,27.459,3282.758,0.067,0.155,4.065,0.488,0.010,2.361,0.136,0.864,0.245,0.580
468,15.600,0.000,0.000,0.000,0.000,0,0,0,0.000,0.000,3,1,0.724,0,27.459,3282.758,0.067,0.155,5.316,0.596,0.194,0.803,0.209,0.791,0.169,0.750
471,15.700,0.000,0.000,0.000,0.000,0,0,0,0.000,0.000,3,0,0.724,0,27.459,3282.758,0.067,0.155,3.948,0.665,0.277,0.102,0.149,0.851,0.130,0.580
474,15.800,0.000,0.000,0.000,0.000,0,0,0,0.000,0.000,3,0,0.759,0,27.459,3282.758,0.067,0.155,5.731,0.867,0.338,3.105,0.171,0.829,0.161,0.580
477,15.900,309.685,0.000,302.614,0.000,1,1,0,0.000,1.863,4,1,0.724,3,0.000,4415.524,0.067,0.181,8.757,0.175,0.480,0.959,0.372,0.628,0.881,0.750
480,16.000,0.000,351.411,0.000,342.926,1,0,1,0.000,1.569,4,0,0.724,3,0.000,4705.139,0.067,0.181,8.816,0.085,0.504,0.360,0.260,0.740,0.887,0.500
483,16.100,91.198,0.000,-218.488,0.000,1,1,0,0.000,2.053,4,0,0.759,3,0.000,5443.119,0.100,0.181,13.737,0.260,0.785,0.095,0.230,0.770,0.879,0.500
486,16.200,49.396,0.000,-41.801,0.000,1,1,0,0.000,1.898,3,1,0.724,2,0.000,5448.988,0.133,0.182,12.738,0.678,0.808,2.876,0.207,0.793,0.739,0.750
489,16.300,0.000,0.000,0.000,0.000,0,0,0,0.000,0.000,3,0,0.724,0,0.000,5448.988,0.133,0.182,7.481,0.438,0.774,1.133,0.247,0.753,0.242,0.650
492,16.400,0.000,0.000,0.000,0.000,0,0,0,0.000,0.000,3,0,0.759,0,0.000,5448.988,0.133,0.182,4.311,0.688,0.245,0.343,0.228,0.772,0.146,0.580
495,16.500,0.000,0.000,0.000,0.000,0,0,0,0.000,0.000,4,1,0.724,0,0.000,5448.988,0.133,0.182,2.340,0.738,0.186,0.851,0.196,0.804,0.193,0.750
498,16.600,0.000,0.000,0.000,0.000,0,0,0,0.000,0.000,4,0,0.724,0,0.000,5448.988,0.133,0.182,6.274,0.733,0.404,0.283,0.240,0.760,0.291,0.580
501,16.700,42.720,0.000,-6.676,0.000,1,1,0,0.000,1.913,4,0,0.759,3,45.000,5508.535,0.167,0.187,7.529,0.406,0.426,0.775,0.268,0.732,0.852,0.650
504,16.800,48.042,0.000,5.322,0.000,1,1,0,0.000,1.805,4,1,0.724,3,0.000,5596.994,0.200,0.187,7.746,0.758,0.488,0.647,0.218,0.782,0.850,0.750
507,16.900,0.000,0.000,0.000,0.000,0,0,0,0.000,0.000,4,0,0.724,0,0.000,5596.994,0.200,0.187,8.789,0.360,0.509,0.672,0.282,0.718,0.369,0.650
510,17.000,0.000,0.000,0.000,0.000,0,0,0,0.000,0.000,4,0,0.724,0,0.000,5596.994,0.200,0.187,15.212,0.449,0.355,2.826,0.308,0.692,0.363,0.580
513,17.100,0.000,0.000,0.000,0.000,0,0,0,0.000,0.000,4,1,0.690,0,0.000,5596.994,0.200,0.187,16.254,0.432,0.201,0.972,0.300,0.700,0.364,0.750
516,17.200,0.000,0.000,0.000,0.000,0,0,0,0.000,0.000,4,0,0.690,0,0.000,5596.994,0.200,0.187,19.020,0.822,0.034,1.171,0.287,0.713,0.336,0.580
519,17.300,0.000,0.000,0.000,0.000,0,0,0,0.000,0.000,4,0,0.690,0,0.000,5596.994,0.200,0.187,14.674,0.834,0.248,0.942,0.269,0.731,0.336,0.580
522,17.400,0.000,0.000,0.000,0.000,0,0,0,0.000,0.000,4,0,0.690,0,0.000,5596.994,0.200,0.187,7.039,0.926,0.382,0.972,0.266,0.734,0.305,0.580
525,17.500,0.000,0.000,0.000,0.000,0,0,0,0.000,0.000,4,0,0.690,0,0.000,5596.994,0.200,0.187,14.432,0.028,0.433,2.078,0.387,0.613,0.392,0.637
528,17.600,0.000,0.000,0.000,0.000,0,0,0,0.000,0.000,4,0,0.724,0,0.000,5596.994,0.200,0.187,11.711,0.311,0.477,0.236,0.279,0.721,0.372,0.580
531,17.700,0.000,0.000,0.000,0.000,0,0,0,0.000,0.000,4,1,0.690,0,0.000,5596.994,0.200,0.187,14.493,0.445,0.357,0.549,0.284,0.716,0.363,0.750
534,17.800,0.000,0.000,0.000,0.000,0,0,0,0.000,0.000,4,0,0.690,0,0.000,5596.994,0.200,0.187,12.410,0.218,0.324,0.994,0.338,0.662,0.379,0.580
537,17.900,0.000,0.000,0.000,0.000,0,0,0,0.000,0.000,4,0,0.724,0,0.000,5596.994,0.200,0.187,8.040,0.825,0.601,1.117,0.296,0.704,0.336,0.580
540,18.000,0.000,0.000,0.000,0.000,0,0,0,0.000,0.000,6,1,0.690,0,0.000,5596.994,0.200,0.187,12.312,0.749,1.103,0.688,0.309,0.691,0.342,0.750
543,18.100,0.000,0.000,0.000,0.000,0,0,0,0.000,0.000,6,0,0.690,0,0.000,5596.994,0.200,0.187,13.163,0.507,1.467,0.147,0.326,0.674,0.359,0.700
546,18.200,0.000,0.000,0.000,0.000,0,0,0,0.000,0.000,6,0,0.724,0,0.000,5596.994,0.200,0.187,7.817,0.763,1.596,1.261,0.296,0.704,0.336,0.700
549,18.300,0.000,0.000,0.000,0.000,0,0,0,0.000,0.000,3,1,0.690,0,0.000,5596.994,0.200,0.187,6.232,0.917,1.588,2.783,0.281,0.719,0.186,0.750
552,18.400,0.000,0.000,0.000,0.000,0,0,0,0.000,0.000,3,0,0.690,0,0.000,5596.994,0.200,0.187,9.785,0.650,1.678,2.007,0.277,0.723,0.249,0.700
555,18.500,0.000,0.000,0.000,0.000,0,0,0,0.000,0.000,3,0,0.724,0,0.000,5596.994,0.200,0.187,11.335,0.403,1.635,0.307,0.310,0.690,0.266,0.700
558,18.600,0.000,0.000,0.000,0.000,0,0,0,0.000,0.000,3,0,0.724,0,0.000,5596.994,0.200,0.187,5.497,0.601,1.132,0.262,0.253,0.747,0.189,0.580
561,18.700,0.000,0.000,0.000,0.000,0,0,0,0.000,0.000,3,0,0.724,0,0.000,5596.994,0.200,0.187,3.811,0.730,0.636,1.073,0.262,0.738,0.138,0.580
564,18.800,0.000,0.000,0.000,0.000,0,0,0,0.000,0.000,3,0,0.759,0,0.000,5596.994,0.200,0.187,4.624,0.908,0.117,0.327,0.250,0.750,0.146,0.580
567,18.900,0.000,0.000,0.000,0.000,0,0,0,0.000,0.000,3,0,0.759,0,0.000,5596.994,0.167,0.187,3.665,0.405,0.159,1.080,0.251,0.749,0.153,0.580
570,19.000,0.000,0.000,0.000,0.000,0,0,0,0.000,0.000,3,0,0.759,0,0.000,5596.994,0.133,0.187,12.793,0.816,0.181,2.828,0.341,0.659,0.229,0.580
573,19.100,0.000,0.000,0.000,0.000,0,0,0,0.000,0.000,3,0,0.793,0,0.000,5596.994,0.100,0.187,14.788,0.649,0.279,0.230,0.322,0.678,0.237,0.580
576,19.200,0.000,0.000,0.000,0.000,0,0,0,0.000,0.000,5,1,0.759,0,0.000,5596.994,0.067,0.187,11.569,0.528,0.210,0.508,0.345,0.655,0.341,0.750
579,19.300,0.000,0.000,0.000,0.000,0,0,0,0.000,0.000,5,0,0.759,0,0.000,5596.994,0.067,0.187,10.136,0.790,0.272,1.971,0.362,0.638,0.323,0.612
582,19.400,0.000,0.000,0.000,0.000,0,0,0,0.000,0.000,5,0,0.793,0,0.000,5596.994,0.067,0.187,8.726,0.907,0.377,1.273,0.311,0.689,0.314,0.580
585,19.500,0.000,0.000,0.000,0.000,0,0,0,0.000,0.000,6,1,0.759,0,0.000,5596.994,0.067,0.187,2.028,0.772,0.444,0.187,0.221,0.779,0.175,0.750
588,19.600,0.000,0.000,0.000,0.000,0,0,0,0.000,0.000,6,0,0.759,0,0.000,5596.994,0.067,0.187,6.857,0.448,0.874,0.268,0.288,0.712,0.318,0.580
591,19.700,0.000,0.000,0.000,0.000,0,0,0,0.000,0.000,6,0,0.793,0,0.000,5596.994,0.033,0.187,3.625,0.719,1.193,0.542,0.246,0.754,0.214,0.580
594,19.800,0.000,0.000,0.000,0.000,0,0,0,0.000,0.000,4,1,0.759,0,0.000,5596.994,0.000,0.187,10.568,0.847,1.287,1.723,0.299,0.701,0.311,0.750
597,19.900,0.000,0.000,0.000,0.000,0,0,0,0.000,0.000,4,0,0.759,0,0.000,5596.994,0.000,0.187,8.412,0.832,1.129,0.091,0.291,0.709,0.312,0.580
600,20.000,0.000,0.000,0.000,0.000,0,0,0,0.000,0.000,4,0,0.793,0,0.000,5596.994,0.000,0.187,5.341,0.823,1.189,0.026,0.270,0.730,0.246,0.580
603,20.100,0.000,0.000,0.000,0.000,0,0,0,0.000,0.000,5,1,0.759,0,0.000,5596.994,0.000,0.187,3.358,0.776,1.259,0.027,0.243,0.757,0.200,0.750
606,20.200,0.000,0.000,0.000,0.000,0,0,0,0.000,0.000,5,0,0.759,0,0.000,5596.994,0.000,0.187,4.578,0.889,1.055,1.802,0.248,0.752,0.222,0.580
609,20.300,0.000,0.000,0.000,0.000,0,0,0,0.000,0.000,5,0,0.759,0,0.000,5596.994,0.000,0.187,6.209,0.870,0.808,0.177,0.269,0.731,0.264,0.580
612,20.400,0.000,0.000,0.000,0.000,0,0,0,0.000,0.000,4,1,0.724,0,0.000,5596.994,0.000,0.187,2.552,0.757,0.576,2.375,0.203,0.797,0.181,0.750
615,20.500,0.000,0.000,0.000,0.000,0,0,0,0.000,0.000,4,0,0.724,0,0.000,5596.994,0.000,0.187,3.970,0.898,0.497,0.682,0.264,0.736,0.206,0.580
618,20.600,0.000,0.000,0.000,0.000,0,0,0,0.000,0.000,4,0,0.759,0,0.000,5596.994,0.000,0.187,2.254,0.740,0.648,1.068,0.214,0.786,0.175,0.580
621,20.700,0.000,0.000,0.000,0.000,0,0,0,0.000,0.000,4,1,0.724,0,0.000,5596.994,0.000,0.187,4.318,0.873,0.883,2.429,0.252,0.748,0.217,0.750
624,20.800,0.000,0.000,0.000,0.000,0,0,0,0.000,0.000,4,0,0.724,0,0.000,5596.994,0.000,0.187,14.144,0.134,1.011,1.533,0.502,0.498,0.361,0.752
627,20.900,0.000,0.000,0.000,0.000,0,0,0,0.000,0.000,4,0,0.759,0,0.000,5596.994,0.000,0.187,1.969,0.880,0.918,1.861,0.187,0.813,0.158,0.580
630,21.000,0.000,0.000,0.000,0.000,0,0,0,0.000,0.000,4,0,0.759,0,0.000,5596.994,0.000,0.187,2.109,0.766,1.062,0.347,0.212,0.788,0.169,0.580
633,21.100,0.000,0.000,0.000,0.000,0,0,0,0.000,0.000,4,0,0.759,0,0.000,5596.994,0.000,0.187,2.263,0.765,0.799,0.136,0.214,0.786,0.173,0.580
636,21.200,0.000,0.000,0.000,0.000,0,0,0,0.000,0.000,4,0,0.793,0,0.000,5596.994,0.000,0.187,2.762,0.827,0.813,0.357,0.219,0.781,0.181,0.580
639,21.300,0.000,0.000,0.000,0.000,0,0,0,0.000,0.000,4,0,0.793,0,0.000,5596.994,0.000,0.187,3.154,0.818,0.719,0.176,0.226,0.774,0.192,0.580
642,21.400,0.000,0.000,0.000,0.000,0,0,0,0.000,0.000,4,0,0.793,0,0.000,5596.994,0.000,0.187,3.212,0.844,0.917,0.123,0.228,0.772,0.191,0.580
645,21.500,0.000,0.000,0.000,0.000,0,0,0,0.000,0.000,4,0,0.793,0,0.000,5596.994,0.000,0.187,3.137,0.900,0.991,0.404,0.238,0.762,0.185,0.580
648,21.600,0.000,0.000,0.000,0.000,0,0,0,0.000,0.000,4,0,0.793,0,0.000,5596.994,0.000,0.187,2.959,0.912,0.941,0.299,0.230,0.770,0.180,0.580
651,21.700,0.000,0.000,0.000,0.000,0,0,0,0.000,0.000,4,0,0.793,0,0.000,5596.994,0.000,0.187,3.123,0.933,0.883,0.091,0.229,0.771,0.183,0.580
654,21.800,0.000,0.000,0.000,0.000,0,0,0,0.000,0.000,4,0,0.793,0,0.000,5596.994,0.000,0.187,3.714,0.918,0.932,0.110,0.239,0.761,0.199,0.580
657,21.900,0.000,0.000,0.000,0.000,0,0,0,0.000,0.000,5,0,0.793,0,0.000,5596.994,0.000,0.187,5.351,0.759,1.019,0.077,0.265,0.735,0.251,0.580
660,22.000,0.000,0.000,0.000,0.000,0,0,0,0.000,0.000,5,0,0.793,0,0.000,5596.994,0.000,0.187,6.237,0.698,0.928,0.697,0.262,0.738,0.277,0.580
663,22.100,0.000,0.000,0.000,0.000,0,0,0,0.000,0.000,5,0,0.828,0,0.000,5596.994,0.000,0.187,5.404,0.552,0.774,1.679,0.269,0.731,0.266,0.580
666,22.200,0.000,0.000,0.000,0.000,0,0,0,0.000,0.000,6,0,0.828,0,0.000,5596.994,0.000,0.187,4.930,0.400,0.567,1.960,0.278,0.722,0.265,0.580
669,22.300,0.000,0.000,0.000,0.000,0,0,0,0.000,0.000,6,0,0.828,0,0.000,5596.994,0.000,0.187,4.632,0.349,0.450,0.638,0.262,0.738,0.261,0.580
672,22.400,0.000,0.000,0.000,0.000,0,0,0,0.000,0.000,6,0,0.862,0,0.000,5596.994,0.000,0.187,4.155,0.361,0.644,0.195,0.244,0.756,0.249,0.580
675,22.500,0.000,0.000,0.000,0.000,0,0,0,0.000,0.000,5,0,0.862,0,0.000,5596.994,0.000,0.187,4.243,0.494,0.460,0.798,0.239,0.761,0.241,0.580
678,22.600,0.000,0.000,0.000,0.000,0,0,0,0.000,0.000,5,0,0.862,0,0.000,5596.994,0.000,0.187,4.536,0.776,0.420,0.116,0.251,0.749,0.229,0.580
681,22.700,0.000,0.000,0.000,0.000,0,0,0,0.000,0.000,5,0,0.897,0,0.000,5596.994,0.000,0.187,4.591,0.795,0.277,0.202,0.256,0.744,0.229,0.580
684,22.800,0.000,0.000,0.000,0.000,0,0,0,0.000,0.000,5,0,0.897,0,0.000,5596.994,0.000,0.187,4.645,0.891,0.223,0.127,0.253,0.747,0.224,0.580
687,22.900,0.000,0.000,0.000,0.000,0,0,0,0.000,0.000,5,0,0.897,0,0.000,5596.994,0.000,0.187,4.001,0.821,0.054,0.151,0.251,0.749,0.213,0.580
690,23.000,0.000,0.000,0.000,0.000,0,0,0,0.000,0.000,5,0,0.931,0,0.000,5596.994,0.000,0.187,4.468,0.935,0.079,0.017,0.256,0.744,0.216,0.580
693,23.100,0.000,0.000,0.000,0.000,0,0,0,0.000,0.000,5,0,0.931,0,0.000,5596.994,0.000,0.187,4.053,0.941,0.160,0.082,0.248,0.752,0.205,0.580
696,23.200,0.000,0.000,0.000,0.000,0,0,0,0.000,0.000,5,0,0.931,0,0.000,5596.994,0.000,0.187,2.952,0.908,0.193,0.030,0.226,0.774,0.180,0.580
699,23.300,0.000,0.000,0.000,0.000,0,0,0,0.000,0.000,5,0,0.966,0,0.000,5596.994,0.000,0.187,2.889,0.958,0.222,0.006,0.225,0.775,0.175,0.580
702,23.400,0.000,0.000,0.000,0.000,0,0,0,0.000,0.000,5,1,0.931,0,0.000,5596.994,0.000,0.187,2.304,0.952,0.266,0.159,0.220,0.780,0.161,0.750
705,23.500,0.000,0.000,0.000,0.000,0,0,0,0.000,0.000,4,1,0.897,0,0.000,5596.994,0.000,0.187,1.507,0.949,0.130,0.130,0.201,0.799,0.141,0.750
708,23.600,0.000,0.000,0.000,0.000,0,0,0,0.000,0.000,5,1,0.897,0,0.000,5596.994,0.000,0.187,10.958,0.210,0.032,0.413,0.520,0.480,0.355,0.770
711,23.700,0.000,0.000,0.000,0.000,0,0,0,0.000,0.000,4,1,0.862,0,0.000,5596.994,0.000,0.187,7.264,0.163,0.023,0.462,0.194,0.806,0.340,0.750
714,23.800,0.000,0.000,0.000,0.000,0,0,0,0.000,0.000,4,0,0.862,0,0.000,5596.994,0.000,0.187,9.604,0.503,0.062,0.174,0.193,0.807,0.335,0.580
717,23.900,0.000,0.000,0.000,0.000,0,0,0,0.000,0.000,4,0,0.862,0,0.000,5596.994,0.000,0.187,9.835,0.325,0.896,0.036,0.185,0.815,0.347,0.580
720,24.000,0.000,0.000,0.000,0.000,0,0,0,0.000,0.000,3,1,0.828,0,0.000,5596.994,0.000,0.187,8.346,0.213,1.148,0.173,0.174,0.826,0.255,0.750
723,24.100,0.000,0.000,0.000,0.000,0,0,0,0.000,0.000,3,0,0.828,0,0.000,5596.994,0.000,0.187,9.860,0.509,1.355,0.003,0.164,0.836,0.234,0.580
726,24.200,0.000,0.000,0.000,0.000,0,0,0,0.000,0.000,3,0,0.828,0,0.000,5596.994,0.000,0.187,8.163,0.309,1.670,0.134,0.154,0.846,0.248,0.700
729,24.300,0.000,0.000,0.000,0.000,0,0,0,0.000,0.000,3,0,0.828,0,0.000,5596.994,0.000,0.187,8.092,0.443,1.893,0.362,0.153,0.847,0.239,0.700
732,24.400,0.000,0.000,0.000,0.000,0,0,0,0.000,0.000,3,0,0.828,0,0.000,5596.994,0.000,0.187,7.939,0.419,2.114,0.088,0.152,0.848,0.239,0.700
735,24.500,0.000,0.000,0.000,0.000,0,0,0,0.000,0.000,3,0,0.828,0,0.000,5596.994,0.000,0.187,8.803,0.561,2.455,0.158,0.145,0.855,0.231,0.700
738,24.600,0.000,0.000,0.000,0.000,0,0,0,0.000,0.000,3,0,0.828,0,0.000,5596.994,0.000,0.187,8.982,0.570,2.892,0.120,0.141,0.859,0.230,0.700
741,24.700,0.000,0.000,0.000,0.000,0,0,0,0.000,0.000,3,0,0.828,0,0.000,5596.994,0.000,0.187,7.932,0.552,3.617,0.013,0.146,0.854,0.230,0.700
744,24.800,0.000,0.000,0.000,0.000,0,0,0,0.000,0.000,3,0,0.828,0,0.000,5596.994,0.000,0.187,6.673,0.385,3.964,0.189,0.149,0.851,0.210,0.700
747,24.900,0.000,0.000,0.000,0.000,0,0,0,0.000,0.000,3,0,0.828,0,0.000,5596.994,0.000,0.187,6.158,0.180,3.937,0.191,0.149,0.851,0.211,0.700
750,25.000,0.000,0.000,0.000,0.000,0,0,0,0.000,0.000,3,0,0.828,0,0.000,5596.994,0.000,0.187,5.140,0.354,3.910,0.102,0.147,0.853,0.174,0.700
753,25.100,0.000,0.000,0.000,0.000,0,0,0,0.000,0.000,3,0,0.828,0,0.000,5596.994,0.000,0.187,2.786,0.280,4.162,0.110,0.127,0.873,0.120,0.700
756,25.200,0.000,0.000,0.000,0.000,0,0,0,0.000,0.000,3,0,0.828,0,0.000,5596.994,0.000,0.187,2.155,0.676,1.678,2.599,0.120,0.880,0.077,0.700
759,25.300,0.000,0.000,0.000,0.000,0,0,0,0.000,0.000,3,0,0.828,0,0.000,5596.994,0.000,0.187,5.085,0.881,1.347,0.067,0.165,0.835,0.135,0.580
762,25.400,0.000,0.000,0.000,0.000,0,0,0,0.000,0.000,3,0,0.828,0,0.000,5596.994,0.000,0.187,5.657,0.847,0.903,1.073,0.162,0.838,0.152,0.580
765,25.500,0.000,0.000,0.000,0.000,0,0,0,0.000,0.000,4,1,0.793,0,0.000,5596.994,0.000,0.187,8.844,0.887,0.573,0.094,0.170,0.830,0.308,0.750
768,25.600,0.000,0.000,0.000,0.000,0,0,0,0.000,0.000,4,0,0.793,0,0.000,5596.994,0.000,0.187,14.127,0.945,0.471,0.191,0.180,0.820,0.304,0.580
771,25.700,0.000,100.722,0.000,-250.689,1,0,1,0.000,1.474,4,0,0.793,3,0.000,5774.369,0.033,0.200,12.603,0.857,0.419,0.031,0.185,0.815,0.829,0.650
774,25.800,135.192,0.000,87.151,0.000,1,1,0,0.000,1.610,5,1,0.759,4,24.331,4180.699,0.067,0.200,12.139,0.839,0.434,0.049,0.185,0.815,0.843,0.750
777,25.900,0.000,68.622,0.000,-32.100,1,0,1,0.000,1.611,5,0,0.759,4,0.000,2164.984,0.100,0.200,10.414,0.511,0.444,0.424,0.192,0.808,0.870,0.500
780,26.000,0.000,10.817,0.000,-57.806,1,0,1,0.000,1.427,5,0,0.759,4,0.000,2163.534,0.133,0.200,10.843,0.718,0.418,0.463,0.193,0.807,0.670,0.580
783,26.100,0.000,28.302,0.000,17.485,1,0,1,0.000,1.065,5,0,0.759,4,0.000,2458.039,0.167,0.199,9.798,0.682,0.369,0.135,0.191,0.809,0.774,0.580
786,26.200,126.254,0.000,-8.939,0.000,1,1,0,0.000,1.867,5,0,0.759,4,0.000,2236.320,0.200,0.195,9.928,0.855,0.284,0.093,0.190,0.810,0.858,0.500
789,26.300,0.000,15.264,0.000,-13.038,1,0,1,0.000,0.950,5,0,0.793,4,0.000,1897.725,0.233,0.194,8.472,0.944,0.235,0.168,0.186,0.814,0.691,0.580
792,26.400,0.000,19.799,0.000,4.535,1,0,1,0.000,1.077,3,1,0.793,2,0.000,1887.085,0.267,0.194,7.767,0.951,0.208,0.231,0.182,0.818,0.590,0.750
795,26.500,0.000,0.000,0.000,0.000,0,0,0,0.000,0.000,3,0,0.828,0,0.000,1887.085,0.267,0.194,6.389,0.935,0.177,0.126,0.178,0.822,0.196,0.650
798,26.600,26.571,0.000,-99.683,0.000,1,1,0,0.000,1.989,3,0,0.862,2,118.663,1908.604,0.300,0.195,6.212,0.939,0.147,0.250,0.182,0.818,0.593,0.659
801,26.700,24.597,0.000,-1.974,0.000,1,1,0,0.000,1.902,4,1,0.828,3,0.000,1800.894,0.333,0.194,6.144,0.927,0.537,0.113,0.189,0.811,0.700,0.750
804,26.800,10.050,0.000,-14.547,0.000,1,1,0,0.000,1.614,4,0,0.828,3,0.000,1795.599,0.367,0.193,5.270,0.886,0.692,0.138,0.193,0.807,0.605,0.580
807,26.900,0.000,36.139,0.000,16.340,1,0,1,0.000,1.166,4,0,0.862,3,0.000,1325.984,0.400,0.165,3.175,0.807,0.835,0.026,0.182,0.818,0.707,0.580
810,27.000,0.000,2.000,0.000,-34.139,1,0,1,0.000,1.111,5,1,0.828,4,0.000,749.540,0.433,0.141,1.888,0.691,0.925,0.779,0.150,0.850,0.506,0.750
813,27.100,0.000,0.000,0.000,-2.000,1,0,1,0.000,1.071,5,0,0.828,3,0.000,322.758,0.467,0.141,1.665,0.845,0.689,0.297,0.138,0.862,0.446,0.580
816,27.200,0.000,1.000,0.000,1.000,1,0,1,0.000,0.921,5,0,0.828,3,0.000,264.259,0.500,0.141,1.612,0.775,0.148,0.205,0.139,0.861,0.460,0.580
819,27.300,0.000,1.000,0.000,0.000,1,0,1,0.000,0.697,5,0,0.828,3,0.000,10.960,0.533,0.141,1.283,0.699,0.199,0.086,0.126,0.874,0.461,0.580
822,27.400,29.120,5.831,19.071,4.831,2,1,1,30.610,1.794,5,0,0.828,6,0.000,11.004,0.567,0.136,1.632,0.720,0.485,0.504,0.138,0.862,0.750,0.650
825,27.500,0.000,4.123,0.000,-1.708,1,0,1,0.000,1.180,5,0,0.828,4,0.000,16.844,0.600,0.371,3.329,0.790,0.697,0.433,0.182,0.818,0.567,0.650
828,27.600,0.000,2.000,0.000,-2.123,1,0,1,0.000,1.440,6,0,0.828,4,0.000,23.814,0.633,0.371,2.318,0.800,0.865,0.230,0.166,0.834,0.509,0.580
831,27.700,0.000,5.000,0.000,3.000,1,0,1,0.000,1.636,6,0,0.828,4,114.127,383.034,0.667,0.371,1.499,0.700,1.018,0.416,0.124,0.876,0.516,0.634
834,27.800,0.000,0.000,0.000,0.000,0,0,0,0.000,0.000,6,0,0.828,0,114.127,383.034,0.667,0.371,1.710,0.168,1.207,0.486,0.088,0.912,0.281,0.650
837,27.900,0.000,0.000,0.000,0.000,0,0,0,0.000,0.000,6,0,0.828,0,114.127,383.034,0.667,0.371,2.643,0.525,1.378,0.366,0.128,0.872,0.279,0.634
840,28.000,0.000,0.000,0.000,0.000,0,0,0,0.000,0.000,6,0,0.828,0,114.127,383.034,0.667,0.371,3.461,0.599,1.524,0.323,0.142,0.858,0.295,0.700
843,28.100,0.000,0.000,0.000,0.000,0,0,0,0.000,0.000,6,0,0.828,0,114.127,383.034,0.667,0.371,2.026,0.706,1.636,0.044,0.149,0.851,0.251,0.700
846,28.200,0.000,0.000,0.000,0.000,0,0,0,0.000,0.000,5,1,0.793,0,114.127,383.034,0.667,0.371,1.774,0.353,1.951,1.946,0.120,0.880,0.270,0.750
849,28.300,182.455,0.000,153.335,0.000,1,1,0,0.000,1.800,5,0,0.793,3,86.533,1709.244,0.700,0.306,1.408,0.339,2.474,1.153,0.116,0.884,0.753,0.700
852,28.400,13.038,0.000,-169.417,0.000,1,1,0,0.000,1.614,5,0,0.828,3,134.718,3239.977,0.733,0.306,1.226,0.528,2.592,0.481,0.111,0.889,0.562,0.748
855,28.500,0.000,0.000,0.000,0.000,0,0,0,0.000,0.000,4,0,0.828,0,134.718,3239.977,0.733,0.306,1.155,0.612,2.344,0.853,0.115,0.885,0.244,0.748
858,28.600,0.000,0.000,0.000,0.000,0,0,0,0.000,0.000,4,0,0.828,0,134.718,3239.977,0.733,0.306,2.876,0.723,1.895,0.128,0.144,0.856,0.279,0.748
861,28.700,0.000,0.000,0.000,0.000,0,0,0,0.000,0.000,4,0,0.862,0,134.718,3239.977,0.700,0.306,0.986,0.605,1.623,1.305,0.065,0.935,0.236,0.748
864,28.800,0.000,0.000,0.000,0.000,0,0,0,0.000,0.000,4,0,0.862,0,134.718,3239.977,0.667,0.306,1.691,0.345,1.416,0.325,0.108,0.892,0.268,0.748
867,28.900,0.000,212.603,0.000,207.603,1,0,1,0.000,1.536,4,0,0.862,2,149.937,4288.759,0.667,0.301,3.950,0.530,1.218,0.927,0.123,0.877,0.782,0.750
870,29.000,0.000,0.000,0.000,0.000,0,0,0,0.000,0.000,4,0,0.862,0,149.937,4288.759,0.633,0.301,4.447,0.120,1.010,2.525,0.136,0.864,0.349,0.750
873,29.100,0.000,0.000,0.000,0.000,0,0,0,0.000,0.000,3,1,0.828,0,149.937,4288.759,0.600,0.301,2.925,0.163,0.919,0.444,0.133,0.867,0.204,0.750
876,29.200,0.000,0.000,0.000,0.000,0,0,0,0.000,0.000,3,0,0.828,0,149.937,4288.759,0.567,0.301,3.748,0.620,0.801,0.294,0.192,0.808,0.188,0.750
879,29.300,0.000,0.000,0.000,0.000,0,0,0,0.000,0.000,3,0,0.862,0,149.937,4288.759,0.533,0.301,9.276,0.766,0.617,2.679,0.238,0.762,0.280,0.750
882,29.400,0.000,0.000,0.000,0.000,0,0,0,0.000,0.000,3,0,0.862,0,149.937,4288.759,0.500,0.301,6.349,0.900,0.255,0.126,0.236,0.764,0.226,0.750
885,29.500,0.000,0.000,0.000,0.000,0,0,0,0.000,0.000,3,0,0.862,0,149.937,4288.759,0.500,0.301,8.409,0.954,0.019,1.475,0.225,0.775,0.263,0.750
888,29.600,0.000,0.000,0.000,0.000,0,0,0,0.000,0.000,3,0,0.897,0,149.937,4288.759,0.467,0.301,3.946,0.500,0.344,0.748,0.193,0.807,0.190,0.750
891,29.700,0.000,0.000,0.000,0.000,0,0,0,0.000,0.000,3,0,0.897,0,149.937,4288.759,0.433,0.301,10.497,0.568,0.699,0.522,0.222,0.778,0.282,0.750
894,29.800,0.000,0.000,0.000,0.000,0,0,0,0.000,0.000,3,0,0.897,0,149.937,4288.759,0.400,0.301,11.726,0.156,1.785,0.529,0.378,0.622,0.307,0.750
897,29.900,0.000,0.000,0.000,0.000,0,0,0,0.000,0.000,3,0,0.931,0,149.937,4288.759,0.367,0.301,2.562,0.518,3.986,0.972,0.176,0.824,0.142,0.750
900,30.000,0.000,0.000,0.000,0.000,0,0,0,0.000,0.000,9,1,0.897,0,149.937,4288.759,0.333,0.301,2.061,0.564,4.509,0.344,0.148,0.852,0.222,0.750
903,30.100,0.000,0.000,0.000,0.000,0,0,0,0.000,0.000,9,0,0.897,0,149.937,4288.759,0.300,0.301,1.758,0.783,4.471,1.545,0.142,0.858,0.195,0.750
906,30.200,0.000,0.000,0.000,0.000,0,0,0,0.000,0.000,9,0,0.897,0,149.937,4288.759,0.267,0.301,0.968,0.798,4.042,0.602,0.128,0.872,0.170,0.750
909,30.300,0.000,0.000,0.000,0.000,0,0,0,0.000,0.000,10,1,0.862,0,149.937,4288.759,0.233,0.301,1.522,0.867,3.897,0.371,0.150,0.850,0.175,0.750
912,30.400,0.000,0.000,0.000,0.000,0,0,0,0.000,0.000,10,0,0.862,0,149.937,4288.759,0.200,0.301,1.629,0.809,3.935,0.848,0.158,0.842,0.178,0.750
915,30.500,0.000,0.000,0.000,0.000,0,0,0,0.000,0.000,10,0,0.862,0,149.937,4288.759,0.167,0.301,1.645,0.767,2.979,0.346,0.153,0.847,0.177,0.750
918,30.600,0.000,0.000,0.000,0.000,0,0,0,0.000,0.000,8,1,0.828,0,149.937,4288.759,0.133,0.301,2.132,0.884,2.335,0.378,0.153,0.847,0.177,0.750
921,30.700,0.000,0.000,0.000,0.000,0,0,0,0.000,0.000,8,0,0.828,0,149.937,4288.759,0.100,0.301,1.343,0.701,2.211,0.306,0.123,0.877,0.166,0.750
924,30.800,0.000,0.000,0.000,0.000,0,0,0,0.000,0.000,8,0,0.828,0,149.937,4288.759,0.100,0.301,0.946,0.897,1.838,1.921,0.127,0.873,0.143,0.750
927,30.900,0.000,0.000,0.000,0.000,0,0,0,0.000,0.000,6,1,0.793,0,149.937,4288.759,0.100,0.301,0.918,0.917,0.461,0.094,0.128,0.872,0.141,0.750
930,31.000,0.000,0.000,0.000,0.000,0,0,0,0.000,0.000,7,1,0.759,0,149.937,4288.759,0.100,0.301,1.131,0.800,0.146,0.380,0.125,0.875,0.154,0.750
933,31.100,0.000,0.000,0.000,0.000,0,0,0,0.000,0.000,7,0,0.793,0,149.937,4288.759,0.100,0.301,1.119,0.798,0.195,0.547,0.122,0.878,0.154,0.750
936,31.200,0.000,0.000,0.000,0.000,0,0,0,0.000,0.000,7,0,0.793,0,149.937,4288.759,0.100,0.301,2.404,0.770,0.323,1.171,0.149,0.851,0.188,0.750
939,31.300,120.801,0.000,107.763,0.000,1,1,0,0.000,1.608,7,0,0.793,4,236.008,4536.118,0.100,0.208,3.102,0.646,0.647,0.945,0.137,0.863,0.697,0.750
942,31.400,52.038,0.000,-68.763,0.000,1,1,0,0.000,1.375,7,0,0.793,4,0.000,4631.937,0.100,0.208,3.524,0.823,0.934,0.227,0.154,0.846,0.695,0.550
945,31.500,25.554,0.000,-26.485,0.000,1,1,0,0.000,1.089,8,0,0.793,3,43.829,4622.978,0.133,0.205,3.605,0.873,0.963,0.438,0.181,0.819,0.554,0.580
948,31.600,34.000,0.000,8.446,0.000,1,1,0,0.000,0.993,8,0,0.793,3,39.446,4631.927,0.167,0.205,3.766,0.935,0.969,0.350,0.187,0.813,0.605,0.580
951,31.700,17.804,0.000,-16.196,0.000,1,1,0,0.000,0.945,8,0,0.793,3,13.038,4602.965,0.200,0.205,3.031,0.959,0.889,0.513,0.182,0.818,0.499,0.580
954,31.800,14.142,0.000,-3.662,0.000,1,1,0,0.000,1.024,5,1,0.759,3,8.544,4521.939,0.233,0.205,2.470,0.928,0.847,0.120,0.156,0.844,0.511,0.750
957,31.900,6.403,0.000,-7.739,0.000,1,1,0,0.000,0.948,5,0,0.759,2,8.000,4367.975,0.233,0.205,2.288,0.928,0.822,0.075,0.144,0.856,0.428,0.580
960,32.000,6.083,0.000,-0.320,0.000,1,1,0,0.000,0.953,5,0,0.793,3,6.708,4157.017,0.267,0.205,1.164,0.777,0.742,1.085,0.129,0.871,0.449,0.580
963,32.100,3.162,0.000,-2.920,0.000,1,1,0,0.000,1.165,8,1,0.759,2,1.000,3870.779,0.300,0.209,0.969,0.698,0.680,0.621,0.110,0.890,0.374,0.750
966,32.200,1.000,0.000,-2.162,0.000,1,1,0,0.000,1.280,8,0,0.759,2,2.236,3508.004,0.333,0.209,2.024,0.808,0.681,2.361,0.108,0.892,0.385,0.580
969,32.300,2.000,0.000,1.000,0.000,1,1,0,0.000,1.405,8,0,0.759,2,4.123,3104.044,0.367,0.209,1.131,0.752,0.609,2.158,0.113,0.887,0.376,0.580
972,32.400,1.000,0.000,-1.000,0.000,1,1,0,0.000,1.596,7,1,0.724,2,4.472,2628.124,0.400,0.212,0.894,0.878,0.473,0.186,0.109,0.891,0.366,0.750
975,32.500,21.587,0.000,20.587,0.000,1,1,0,0.000,1.799,7,0,0.724,3,6.083,2583.434,0.433,0.212,1.644,0.961,0.370,0.063,0.140,0.860,0.523,0.580
978,32.600,8.000,0.000,-13.587,0.000,1,1,0,0.000,1.727,7,0,0.724,3,5.000,1996.444,0.467,0.215,1.866,0.829,0.237,0.456,0.149,0.851,0.466,0.580
981,32.700,14.866,0.000,6.866,0.000,1,1,0,0.000,1.779,6,0,0.724,3,5.831,1956.260,0.500,0.215,2.164,0.767,0.163,1.279,0.129,0.871,0.533,0.580
984,32.800,3.606,0.000,-11.261,0.000,1,1,0,0.000,1.804,6,0,0.724,3,4.123,1837.190,0.533,0.215,1.842,0.513,0.006,0.085,0.114,0.886,0.484,0.580
987,32.900,12.806,0.000,9.201,0.000,1,1,0,0.000,1.557,6,0,0.759,3,9.000,1649.094,0.567,0.215,2.086,0.797,0.749,1.585,0.164,0.836,0.526,0.580
990,33.000,17.029,0.000,4.223,0.000,1,1,0,0.000,1.345,5,1,0.724,3,8.062,1497.258,0.600,0.219,2.736,0.857,0.417,0.230,0.182,0.818,0.583,0.750
993,33.100,10.440,0.000,-6.589,0.000,1,1,0,0.000,1.200,5,0,0.724,3,9.000,1366.919,0.633,0.206,3.491,0.827,0.175,0.158,0.180,0.820,0.571,0.580
996,33.200,13.038,0.000,2.598,0.000,1,1,0,0.000,1.154,5,0,0.759,3,9.000,1366.919,0.667,0.206,3.613,0.895,0.003,0.060,0.185,0.815,0.588,0.580
999,33.300,12.083,0.000,-0.955,0.000,1,1,0,0.000,1.062,5,0,0.759,3,9.000,1366.919,0.700,0.417,5.854,0.876,0.096,0.147,0.214,0.786,0.644,0.580
1002,33.400,17.263,0.000,5.180,0.000,1,1,0,0.000,0.958,5,0,0.759,3,9.000,1366.919,0.733,0.426,6.785,0.891,0.068,0.083,0.224,0.776,0.699,0.580
1005,33.500,38.210,0.000,20.947,0.000,1,1,0,0.000,0.689,5,0,0.793,3,9.000,1366.919,0.767,0.426,8.322,0.723,0.330,0.197,0.229,0.771,0.862,0.000
1008,33.600,27.166,0.000,-11.044,0.000,1,1,0,0.000,0.876,5,0,0.793,2,9.000,1366.919,0.800,0.426,9.646,0.544,0.828,0.536,0.229,0.771,0.781,0.000
1011,33.700,0.000,0.000,0.000,0.000,0,0,0,0.000,0.000,5,0,0.793,0,9.000,1366.919,0.800,0.426,10.686,0.358,1.416,1.684,0.230,0.770,0.441,0.700
1014,33.800,0.000,0.000,0.000,0.000,0,0,0,0.000,0.000,5,0,0.828,0,9.000,1366.919,0.800,0.426,9.176,0.418,1.960,0.433,0.217,0.783,0.437,0.700
1017,33.900,0.000,0.000,0.000,0.000,0,0,0,0.000,0.000,5,0,0.862,0,9.000,1366.919,0.800,0.426,7.581,0.527,2.502,0.027,0.204,0.796,0.419,0.700
1020,34.000,0.000,0.000,0.000,0.000,0,0,0,0.000,0.000,5,0,0.862,0,9.000,1366.919,0.800,0.426,6.232,0.355,2.936,0.504,0.200,0.800,0.397,0.700
1023,34.100,0.000,0.000,0.000,0.000,0,0,0,0.000,0.000,5,0,0.862,0,9.000,1366.919,0.800,0.426,5.950,0.537,3.291,0.148,0.204,0.796,0.377,0.700
1026,34.200,0.000,0.000,0.000,0.000,0,0,0,0.000,0.000,6,1,0.828,0,9.000,1366.919,0.800,0.426,6.962,0.983,3.655,0.134,0.216,0.784,0.371,0.750
1029,34.300,0.000,0.000,0.000,0.000,0,0,0,0.000,0.000,6,0,0.828,0,9.000,1366.919,0.767,0.426,8.188,0.934,4.010,0.335,0.215,0.785,0.397,0.700
1032,34.400,0.000,0.000,0.000,0.000,0,0,0,0.000,0.000,6,0,0.828,0,9.000,1366.919,0.733,0.426,9.362,0.829,4.660,0.229,0.237,0.763,0.400,0.700
1035,34.500,0.000,0.000,0.000,0.000,0,0,0,0.000,0.000,5,1,0.793,0,9.000,1366.919,0.700,0.426,10.615,0.689,5.748,0.203,0.248,0.752,0.406,0.750
1038,34.600,0.000,0.000,0.000,0.000,0,0,0,0.000,0.000,5,0,0.793,0,9.000,1366.919,0.667,0.426,10.067,0.548,7.103,0.228,0.238,0.762,0.412,0.700
1041,34.700,0.000,565.584,0.000,352.981,1,0,1,0.000,1.741,5,0,0.828,4,161.124,6623.329,0.667,0.265,10.563,0.587,8.110,0.007,0.222,0.778,0.933,0.750
1044,34.800,0.000,24.083,0.000,-541.501,1,0,1,0.000,1.894,4,0,0.828,3,0.000,8921.538,0.667,0.265,9.713,0.502,7.965,0.002,0.193,0.807,0.814,0.700
1047,34.900,615.637,0.000,-183.843,0.000,2,1,0,615.637,1.379,4,0,0.828,6,0.000,9062.858,0.667,0.259,6.908,0.856,5.140,0.187,0.172,0.828,0.973,0.700
1050,35.000,609.099,0.000,-15.574,0.000,2,1,0,609.099,1.960,4,0,0.862,6,0.000,8970.738,0.667,0.246,5.566,0.767,3.632,0.243,0.174,0.826,0.945,0.700
1053,35.100,607.007,0.000,-8.013,0.000,2,1,0,607.007,2.487,4,1,0.828,6,0.000,9023.675,0.667,0.233,3.919,0.586,2.516,0.018,0.163,0.837,0.917,0.750
1056,35.200,603.560,0.000,-1.507,0.000,2,1,0,603.560,2.883,4,0,0.828,6,0.000,8322.015,0.667,0.226,2.917,0.550,1.698,1.688,0.164,0.836,0.894,0.700
1059,35.300,602.798,0.000,-6.792,0.000,2,1,0,602.798,3.124,4,0,0.862,6,0.000,6657.360,0.667,0.219,2.947,0.495,1.083,2.894,0.154,0.846,0.899,0.550
1062,35.400,0.000,616.028,0.000,566.936,2,0,1,616.028,2.109,3,1,0.828,4,0.000,3942.799,0.667,0.219,3.404,0.760,0.751,1.126,0.147,0.853,0.792,0.750
1065,35.500,0.000,610.797,0.000,-2.213,2,0,1,610.797,2.432,3,0,0.828,4,0.000,3544.488,0.667,0.219,3.262,0.769,0.545,1.624,0.161,0.839,0.788,0.550
1068,35.600,32.802,606.904,-569.995,-3.893,2,1,1,611.794,2.839,3,0,0.828,4,0.000,3317.659,0.667,0.212,3.819,0.896,0.403,0.105,0.153,0.847,0.793,0.500
1071,35.700,598.110,0.000,-8.066,0.000,2,1,0,598.110,2.744,3,0,0.828,4,0.000,3770.964,0.667,0.212,3.317,0.899,0.281,0.091,0.143,0.857,0.780,0.500
1074,35.800,9.220,17.720,-588.891,-589.184,2,1,1,581.475,2.797,3,0,0.828,4,194.859,4285.779,0.667,0.212,2.580,0.890,0.089,0.136,0.215,0.785,0.611,0.750
1077,35.900,10.050,6.325,0.830,-11.395,2,1,1,575.569,2.549,3,0,0.862,4,0.000,3413.494,0.667,0.336,2.376,0.880,0.222,1.108,0.143,0.857,0.564,0.580
1080,36.000,8.062,13.454,-1.988,7.129,2,1,1,564.753,2.188,3,0,0.862,4,0.000,2737.164,0.667,0.336,2.969,0.935,0.655,0.099,0.153,0.847,0.593,0.580
1083,36.100,7.071,8.485,-0.991,-4.968,2,1,1,564.985,2.042,3,0,0.862,4,0.000,1964.999,0.667,0.336,3.203,0.945,1.172,0.042,0.154,0.846,0.571,0.580
1086,36.200,8.246,7.810,1.175,-0.675,2,1,1,561.798,1.968,3,0,0.862,4,0.000,2268.494,0.667,0.336,3.796,0.907,1.745,0.018,0.161,0.839,0.587,0.700
1089,36.300,8.944,3.000,0.698,-4.810,2,1,1,562.053,1.687,3,0,0.862,4,0.000,2552.044,0.667,0.347,3.734,0.861,2.563,0.411,0.156,0.844,0.593,0.700
1092,36.400,11.045,9.220,2.101,6.220,2,1,1,568.845,1.599,3,0,0.862,4,0.000,2562.614,0.667,0.347,3.101,0.678,3.167,0.218,0.148,0.852,0.601,0.700
1095,36.500,7.071,14.318,-3.974,5.098,2,1,1,582.278,1.243,3,0,0.862,4,0.000,2230.434,0.667,0.347,2.410,0.635,3.353,0.432,0.136,0.864,0.605,0.700
1098,36.600,600.030,0.000,4.928,0.000,2,1,0,600.030,1.059,4,1,0.828,6,214.674,3303.707,0.667,0.347,3.072,0.835,3.024,0.976,0.147,0.853,0.878,0.750
1101,36.700,7.280,0.000,-592.750,0.000,1,1,0,0.000,1.191,4,0,0.828,3,0.000,4162.374,0.700,0.358,4.254,0.932,2.420,0.211,0.169,0.831,0.601,0.700
1104,36.800,14.036,0.000,6.756,0.000,1,1,0,0.000,1.149,4,0,0.828,3,0.000,4829.919,0.733,0.358,3.430,0.954,1.897,0.010,0.154,0.846,0.620,0.700
1107,36.900,577.170,0.000,557.857,0.000,2,1,0,577.170,1.373,5,1,0.793,6,0.000,5455.225,0.767,0.358,3.362,0.965,1.550,0.092,0.154,0.846,0.889,0.750
1110,37.000,583.168,0.000,3.919,0.000,2,1,0,583.168,2.104,5,0,0.793,6,0.000,5890.497,0.800,0.347,2.273,0.923,1.353,0.131,0.134,0.866,0.868,0.350
1113,37.100,574.384,9.055,-8.784,-5.262,2,1,1,605.140,2.278,5,0,0.828,6,167.410,5718.155,0.833,0.347,3.317,0.867,1.237,2.391,0.176,0.824,0.902,0.750
1116,37.200,5.000,57.801,-569.384,48.746,2,1,1,647.693,1.891,3,1,0.793,4,234.081,6065.884,0.867,0.347,2.592,0.565,1.164,0.219,0.105,0.895,0.809,0.750
1119,37.300,688.670,0.000,678.229,0.000,2,1,0,688.670,1.958,3,0,0.793,4,180.887,5760.347,0.900,0.347,3.127,0.797,1.059,2.674,0.144,0.856,0.810,0.750
1122,37.400,691.695,51.624,3.025,-6.178,2,1,1,691.879,2.294,3,0,0.828,4,166.172,5181.455,0.933,0.347,3.378,0.912,0.897,0.079,0.164,0.836,0.813,0.750
1125,37.500,17.263,16.643,-674.432,-34.980,2,1,1,693.401,1.983,3,0,0.828,4,188.831,5246.639,0.967,0.347,3.221,0.903,0.732,0.212,0.160,0.840,0.659,0.750
1128,37.600,17.263,23.259,0.000,6.616,2,1,1,688.077,1.591,3,0,0.828,4,184.556,4858.449,1.000,0.347,3.007,0.806,0.616,0.019,0.139,0.861,0.698,0.750
1131,37.700,5.385,7.071,-11.878,-16.188,2,1,1,686.181,1.358,3,0,0.828,4,172.247,4341.445,1.000,0.347,3.031,0.920,0.519,0.021,0.143,0.857,0.601,0.750
1134,37.800,18.682,3.162,13.296,-3.909,2,1,1,702.399,1.192,3,0,0.828,3,243.261,4944.825,1.000,0.347,1.251,0.564,0.472,1.879,0.091,0.909,0.646,0.750
1137,37.900,10.440,36.770,-8.241,33.607,2,1,1,717.806,1.246,3,0,0.828,4,171.213,4179.210,1.000,0.347,3.209,0.595,0.583,0.466,0.129,0.871,0.793,0.750
1140,38.000,6.403,72.918,-4.037,36.148,2,1,1,681.575,1.260,3,0,0.862,4,0.000,4074.624,1.000,0.358,3.443,0.746,0.549,0.711,0.146,0.854,0.834,0.450
1143,38.100,8.062,23.087,1.659,-49.831,2,1,1,667.075,1.066,3,0,0.862,3,320.478,5438.638,1.000,0.358,4.062,0.703,0.247,1.771,0.103,0.897,0.731,0.750
1146,38.200,6.403,0.000,-1.659,0.000,1,1,0,0.000,0.852,3,0,0.862,2,0.000,5501.887,1.000,0.358,2.737,0.475,0.007,1.657,0.128,0.872,0.511,0.650
1149,38.300,635.003,0.000,631.398,0.000,2,1,0,635.003,1.247,3,0,0.897,3,137.641,6336.309,1.000,0.358,1.353,0.230,0.361,0.119,0.078,0.922,0.818,0.750
1152,38.400,0.000,0.000,0.000,0.000,0,0,0,0.000,0.000,5,1,0.862,0,137.641,6336.309,0.967,0.358,13.082,0.111,0.695,0.410,0.447,0.553,0.478,0.750
1155,38.500,0.000,0.000,0.000,0.000,0,0,0,0.000,0.000,5,0,0.862,0,137.641,6336.309,0.933,0.358,7.051,0.944,0.570,2.211,0.262,0.738,0.392,0.750
1158,38.600,0.000,0.000,0.000,0.000,0,0,0,0.000,0.000,5,0,0.862,0,137.641,6336.309,0.900,0.358,2.728,0.863,1.192,0.324,0.213,0.787,0.286,0.750
1161,38.700,0.000,0.000,0.000,0.000,0,0,0,0.000,0.000,5,0,0.862,0,137.641,6336.309,0.867,0.358,1.553,0.640,1.234,0.430,0.168,0.832,0.268,0.750
1164,38.800,0.000,0.000,0.000,0.000,0,0,0,0.000,0.000,5,0,0.862,0,137.641,6336.309,0.833,0.358,4.946,0.866,1.164,1.987,0.202,0.798,0.333,0.750
1167,38.900,0.000,0.000,0.000,0.000,0,0,0,0.000,0.000,5,0,0.862,0,137.641,6336.309,0.800,0.358,17.880,0.952,1.359,0.136,0.262,0.738,0.399,0.750
1170,39.000,0.000,0.000,0.000,0.000,0,0,0,0.000,0.000,5,0,0.862,0,137.641,6336.309,0.767,0.358,5.293,0.969,3.243,0.101,0.225,0.775,0.326,0.750
1173,39.100,0.000,0.000,0.000,0.000,0,0,0,0.000,0.000,5,0,0.862,0,137.641,6336.309,0.733,0.358,1.671,0.766,3.511,1.870,0.187,0.813,0.246,0.750
1176,39.200,0.000,0.000,0.000,0.000,0,0,0,0.000,0.000,5,0,0.862,0,137.641,6336.309,0.700,0.358,2.345,0.677,3.340,0.567,0.187,0.813,0.265,0.750
1179,39.300,0.000,0.000,0.000,0.000,0,0,0,0.000,0.000,5,0,0.862,0,137.641,6336.309,0.667,0.358,2.811,0.794,3.521,0.592,0.233,0.767,0.265,0.750
1182,39.400,0.000,0.000,0.000,0.000,0,0,0,0.000,0.000,5,0,0.862,0,137.641,6336.309,0.633,0.358,2.554,0.768,3.015,0.240,0.219,0.781,0.256,0.750
1185,39.500,0.000,0.000,0.000,0.000,0,0,0,0.000,0.000,5,0,0.897,0,137.641,6336.309,0.600,0.358,2.864,0.802,2.928,0.313,0.215,0.785,0.257,0.750
1188,39.600,0.000,0.000,0.000,0.000,0,0,0,0.000,0.000,4,0,0.897,0,137.641,6336.309,0.567,0.358,6.347,0.929,2.810,0.806,0.248,0.752,0.332,0.750
1191,39.700,0.000,0.000,0.000,0.000,0,0,0,0.000,0.000,4,0,0.897,0,137.641,6336.309,0.533,0.358,4.217,0.876,2.745,0.073,0.236,0.764,0.278,0.750
1194,39.800,0.000,0.000,0.000,0.000,0,0,0,0.000,0.000,4,0,0.931,0,137.641,6336.309,0.500,0.358,2.911,0.677,3.350,0.006,0.219,0.781,0.255,0.750
1197,39.900,0.000,0.000,0.000,0.000,0,0,0,0.000,0.000,3,1,0.897,0,137.641,6336.309,0.467,0.358,2.674,0.491,3.152,1.955,0.207,0.793,0.159,0.750
1200,40.000,0.000,0.000,0.000,0.000,0,0,0,0.000,0.000,3,0,0.897,0,137.641,6336.309,0.433,0.358,3.360,0.766,0.371,0.430,0.235,0.765,0.152,0.750
1203,40.100,0.000,0.000,0.000,0.000,0,0,0,0.000,0.000,3,0,0.931,0,137.641,6336.309,0.400,0.358,5.234,0.893,0.152,0.468,0.256,0.744,0.186,0.750
1206,40.200,0.000,320.481,0.000,297.394,1,0,1,0.000,1.369,4,1,0.897,1,137.641,6336.309,0.400,0.185,5.023,0.905,0.225,0.730,0.256,0.744,0.705,0.750
1209,40.300,0.000,4.472,0.000,-316.009,1,0,1,0.000,1.284,4,0,0.897,1,137.641,6336.309,0.400,0.190,3.446,0.783,0.329,0.550,0.229,0.771,0.449,0.750
1212,40.400,0.000,7.616,0.000,3.144,1,0,1,0.000,1.356,4,0,0.897,1,137.641,6336.309,0.400,0.194,4.948,0.936,0.249,0.440,0.260,0.740,0.493,0.750
1215,40.500,0.000,12.042,0.000,4.426,1,0,1,0.000,1.373,3,1,0.862,1,137.641,6336.309,0.400,0.199,6.928,0.944,0.250,0.135,0.256,0.744,0.482,0.750
1218,40.600,0.000,19.849,0.000,7.808,1,0,1,0.000,1.250,3,0,0.862,1,137.641,6336.309,0.400,0.199,5.299,0.969,0.258,0.088,0.246,0.754,0.483,0.750
1221,40.700,0.000,7.616,0.000,-12.234,1,0,1,0.000,1.396,3,0,0.862,1,137.641,6336.309,0.400,0.203,2.083,0.641,0.182,1.178,0.199,0.801,0.357,0.750
1224,40.800,0.000,19.000,0.000,11.384,1,0,1,0.000,1.343,4,1,0.828,1,137.641,6336.309,0.400,0.208,3.795,0.381,0.175,0.410,0.219,0.781,0.567,0.750
1227,40.900,0.000,21.954,0.000,2.954,1,0,1,0.000,1.110,4,0,0.828,1,137.641,6336.309,0.400,0.212,6.511,0.669,0.186,1.505,0.238,0.762,0.631,0.750
1230,41.000,0.000,4.472,0.000,-17.482,1,0,1,0.000,1.082,4,0,0.828,1,137.641,6336.309,0.400,0.217,2.745,0.760,0.117,1.468,0.211,0.789,0.433,0.750
1233,41.100,0.000,2.000,0.000,-2.472,1,0,1,0.000,1.084,5,0,0.828,2,137.641,6336.309,0.400,0.217,2.931,0.422,0.110,0.590,0.198,0.802,0.475,0.750
1236,41.200,0.000,6.708,0.000,4.708,1,0,1,0.000,1.251,5,0,0.828,1,137.641,6336.309,0.400,0.221,1.386,0.399,0.193,1.151,0.153,0.847,0.428,0.750
1239,41.300,0.000,10.440,0.000,3.732,1,0,1,0.000,1.290,5,0,0.862,2,137.641,6336.309,0.400,0.225,4.646,0.361,0.259,0.192,0.187,0.813,0.569,0.750
1242,41.400,0.000,4.243,0.000,-6.198,1,0,1,0.000,1.605,4,0,0.862,2,137.641,6336.309,0.433,0.229,1.799,0.454,0.260,0.140,0.171,0.829,0.479,0.750
1245,41.500,0.000,5.000,0.000,0.757,1,0,1,0.000,1.549,4,0,0.862,2,137.641,6336.309,0.467,0.229,1.261,0.695,0.131,2.243,0.166,0.834,0.457,0.750
1248,41.600,0.000,2.236,0.000,-2.764,1,0,1,0.000,1.868,4,0,0.862,1,137.641,6336.309,0.500,0.234,1.463,0.530,0.106,2.607,0.127,0.873,0.417,0.750
1251,41.700,0.000,1.414,0.000,-0.822,1,0,1,0.000,2.155,3,1,0.828,0,137.641,6336.309,0.500,0.234,1.866,0.252,0.215,0.572,0.163,0.837,0.297,0.750
1254,41.800,0.000,9.220,0.000,7.805,1,0,1,0.000,1.906,3,0,0.828,1,311.849,9216.338,0.533,0.241,1.181,0.459,0.337,2.706,0.152,0.848,0.373,0.750
1257,41.900,0.000,5.657,0.000,-3.563,1,0,1,0.000,1.974,3,0,0.828,1,311.849,9216.338,0.567,0.241,2.375,0.779,0.349,2.136,0.166,0.834,0.364,0.750
1260,42.000,0.000,14.866,0.000,9.209,1,0,1,0.000,2.057,3,0,0.828,1,311.849,9216.338,0.600,0.246,2.736,0.680,0.477,0.360,0.128,0.872,0.435,0.750
1263,42.100,0.000,6.325,0.000,-8.542,1,0,1,0.000,2.272,3,0,0.828,1,311.849,9216.338,0.633,0.250,6.956,0.247,0.678,1.286,0.199,0.801,0.528,0.750
1266,42.200,0.000,2.236,0.000,-4.088,1,0,1,0.000,2.155,3,0,0.828,1,311.849,9216.338,0.667,0.254,4.005,0.892,0.806,2.717,0.215,0.785,0.390,0.750
1269,42.300,0.000,12.728,0.000,10.492,1,0,1,0.000,2.329,3,0,0.828,1,311.849,9216.338,0.700,0.254,6.649,0.252,0.693,2.784,0.215,0.785,0.563,0.750
1272,42.400,0.000,18.439,0.000,5.711,1,0,1,0.000,2.146,3,0,0.828,1,311.849,9216.338,0.733,0.258,7.356,0.385,0.622,0.106,0.192,0.808,0.607,0.750
1275,42.500,0.000,22.847,0.000,4.408,1,0,1,0.000,1.951,3,0,0.828,1,311.849,9216.338,0.767,0.262,6.646,0.109,0.742,0.625,0.204,0.796,0.637,0.750
1278,42.600,0.000,70.838,0.000,47.991,1,0,1,0.000,2.132,3,0,0.828,1,311.849,9216.338,0.800,0.266,6.917,0.309,0.555,0.116,0.200,0.800,0.757,0.750
1281,42.700,0.000,79.057,0.000,8.219,1,0,1,0.000,2.107,3,0,0.828,2,311.849,9216.338,0.833,0.266,4.370,0.072,0.230,1.805,0.164,0.836,0.774,0.750
1284,42.800,0.000,199.552,0.000,120.495,1,0,1,0.000,1.804,3,0,0.862,1,311.849,9216.338,0.867,0.270,3.221,0.400,0.040,0.424,0.149,0.851,0.667,0.750
1287,42.900,0.000,0.000,0.000,0.000,0,0,0,0.000,0.000,3,0,0.862,0,311.849,9216.338,0.867,0.270,5.024,0.708,0.095,1.268,0.157,0.843,0.250,0.750
1290,43.000,0.000,0.000,0.000,0.000,0,0,0,0.000,0.000,3,0,0.862,0,311.849,9216.338,0.867,0.270,6.543,0.794,0.078,0.052,0.179,0.821,0.282,0.750
1293,43.100,0.000,0.000,0.000,0.000,0,0,0,0.000,0.000,3,0,0.897,0,311.849,9216.338,0.867,0.270,6.881,0.775,0.353,0.392,0.201,0.799,0.292,0.750
1296,43.200,0.000,0.000,0.000,0.000,0,0,0,0.000,0.000,3,0,0.897,0,311.849,9216.338,0.833,0.270,5.079,0.793,0.680,0.341,0.206,0.794,0.241,0.750
1299,43.300,0.000,0.000,0.000,0.000,0,0,0,0.000,0.000,3,0,0.897,0,311.849,9216.338,0.800,0.270,5.756,0.670,0.911,1.117,0.170,0.830,0.263,0.750
1302,43.400,0.000,0.000,0.000,0.000,0,0,0,0.000,0.000,3,0,0.931,0,311.849,9216.338,0.767,0.270,5.522,0.710,1.112,0.013,0.173,0.827,0.250,0.750
1305,43.500,0.000,0.000,0.000,0.000,0,0,0,0.000,0.000,3,0,0.931,0,311.849,9216.338,0.733,0.270,3.055,0.822,1.344,0.595,0.165,0.835,0.177,0.750
1308,43.600,0.000,0.000,0.000,0.000,0,0,0,0.000,0.000,3,0,0.931,0,311.849,9216.338,0.700,0.270,2.264,0.655,1.809,0.811,0.143,0.857,0.165,0.750
1311,43.700,0.000,0.000,0.000,0.000,0,0,0,0.000,0.000,3,0,0.966,0,311.849,9216.338,0.667,0.270,2.866,0.707,1.345,0.660,0.150,0.850,0.172,0.750
1314,43.800,615.374,0.000,-19.629,0.000,1,1,0,0.000,1.512,3,0,0.966,1,311.849,9216.338,0.667,0.283,2.910,0.814,1.226,0.123,0.140,0.860,0.606,0.750
1317,43.900,0.000,0.000,0.000,0.000,0,0,0,0.000,0.000,3,0,0.966,0,311.849,9216.338,0.633,0.283,1.756,0.716,0.873,0.030,0.130,0.870,0.140,0.750
1320,44.000,0.000,0.000,0.000,0.000,0,0,0,0.000,0.000,3,0,0.966,0,311.849,9216.338,0.600,0.283,1.507,0.221,0.623,0.255,0.106,0.894,0.164,0.750
1323,44.100,0.000,0.000,0.000,0.000,0,0,0,0.000,0.000,3,0,0.966,0,311.849,9216.338,0.567,0.283,2.014,0.918,0.311,0.418,0.132,0.868,0.124,0.750
1326,44.200,0.000,0.000,0.000,0.000,0,0,0,0.000,0.000,3,0,0.966,0,311.849,9216.338,0.533,0.283,1.807,0.936,0.043,0.198,0.132,0.868,0.114,0.750
1329,44.300,0.000,0.000,0.000,0.000,0,0,0,0.000,0.000,3,0,0.966,0,311.849,9216.338,0.500,0.283,1.938,0.947,0.117,0.320,0.131,0.869,0.112,0.750
1332,44.400,0.000,0.000,0.000,0.000,0,0,0,0.000,0.000,3,0,0.966,0,311.849,9216.338,0.467,0.283,2.178,0.930,0.113,0.255,0.148,0.852,0.115,0.750
1335,44.500,53.075,0.000,-562.298,0.000,1,1,0,0.000,1.593,3,0,0.966,1,311.849,9216.338,0.467,0.294,2.797,0.785,0.297,0.357,0.163,0.837,0.581,0.750
1338,44.600,90.609,0.000,37.534,0.000,1,1,0,0.000,1.665,3,0,1.000,2,311.849,9216.338,0.467,0.298,3.896,0.823,0.584,0.254,0.173,0.827,0.666,0.750
1341,44.700,110.454,0.000,19.845,0.000,1,1,0,0.000,1.551,3,0,1.000,2,30.364,9006.895,0.500,0.298,4.235,0.525,0.877,0.230,0.154,0.846,0.699,0.350
1344,44.800,74.216,0.000,-36.238,0.000,1,1,0,0.000,1.444,3,0,1.000,2,109.417,9233.049,0.500,0.301,4.039,0.470,1.090,0.954,0.130,0.870,0.698,0.608
1347,44.900,34.713,0.000,-39.503,0.000,1,1,0,0.000,1.327,3,0,1.000,2,42.953,8574.007,0.500,0.301,4.173,0.512,1.550,0.375,0.151,0.849,0.641,0.700
1350,45.000,0.000,434.235,0.000,-8.095,2,0,1,434.235,1.818,4,1,0.966,6,189.992,8702.744,0.500,0.301,5.656,0.438,1.993,0.210,0.146,0.854,0.951,0.750
1353,45.100,0.000,21.024,0.000,-413.211,1,0,1,0.000,1.643,4,0,0.966,3,16.125,9304.439,0.500,0.301,6.185,0.737,1.942,0.774,0.163,0.837,0.715,0.700
1356,45.200,0.000,430.875,0.000,425.044,2,0,1,430.875,1.524,4,0,0.966,6,65.863,7608.294,0.500,0.298,4.142,0.818,1.348,0.293,0.150,0.850,0.886,0.650
1359,45.300,0.000,430.391,0.000,-0.484,1,0,1,0.000,1.662,3,1,0.931,2,65.863,7608.294,0.500,0.298,5.060,0.722,1.178,0.008,0.158,0.842,0.706,0.750
1362,45.400,0.000,7.071,0.000,-423.319,1,0,1,0.000,1.551,3,0,0.931,2,65.863,7608.294,0.500,0.364,3.010,0.506,0.913,0.061,0.154,0.846,0.459,0.580
1365,45.500,0.000,11.045,0.000,3.974,1,0,1,0.000,1.743,3,0,0.931,2,65.863,7608.294,0.500,0.359,3.381,0.484,0.623,0.331,0.161,0.839,0.492,0.580
1368,45.600,0.000,489.165,0.000,462.992,2,0,1,489.165,1.564,3,0,0.931,3,39.812,6791.477,0.500,0.348,6.720,0.357,0.340,1.884,0.173,0.827,0.883,0.650
1371,45.700,0.000,481.960,0.000,-7.205,1,0,1,0.000,1.769,3,0,0.931,1,39.812,6791.477,0.500,0.348,6.132,0.601,0.017,0.529,0.191,0.809,0.681,0.650
1374,45.800,0.000,59.548,0.000,-422.411,1,0,1,0.000,1.967,3,0,0.931,1,39.812,6791.477,0.500,0.348,7.599,0.685,0.272,0.577,0.199,0.801,0.712,0.450
1377,45.900,0.000,0.000,0.000,0.000,0,0,0,0.000,0.000,3,0,0.931,0,39.812,6791.477,0.500,0.348,6.716,0.706,0.515,0.149,0.188,0.812,0.248,0.650
1380,46.000,380.466,0.000,345.752,0.000,1,1,0,0.000,1.285,3,0,0.931,2,39.812,6791.477,0.533,0.347,5.845,0.701,0.783,0.166,0.178,0.822,0.731,0.650
1383,46.100,7.616,0.000,-372.850,0.000,1,1,0,0.000,1.381,3,0,0.931,2,39.812,6791.477,0.567,0.347,5.631,0.856,1.145,0.205,0.176,0.824,0.511,0.580
1386,46.200,0.000,0.000,0.000,0.000,0,0,0,0.000,0.000,4,1,0.897,0,39.812,6791.477,0.567,0.347,5.386,0.891,1.629,0.302,0.174,0.826,0.310,0.750
1389,46.300,0.000,75.240,0.000,15.691,1,0,1,0.000,2.110,4,0,0.897,2,39.812,6791.477,0.600,0.350,7.500,0.872,1.822,0.159,0.171,0.829,0.838,0.700
1392,46.400,0.000,338.053,0.000,262.814,1,0,1,0.000,1.925,4,0,0.897,2,0.000,5296.899,0.633,0.350,5.707,0.715,2.454,0.918,0.186,0.814,0.809,0.700
1395,46.500,404.124,0.000,396.508,0.000,1,1,0,0.000,1.094,3,1,0.862,2,86.839,3650.769,0.667,0.350,17.154,0.162,3.155,1.368,0.273,0.727,0.839,0.750
1398,46.600,19.105,0.000,-385.019,0.000,1,1,0,0.000,1.029,3,0,0.862,2,3.000,3615.324,0.700,0.342,1.449,0.847,2.983,1.884,0.126,0.874,0.487,0.700
1401,46.700,4.123,309.416,-14.982,-28.638,2,1,1,436.936,2.059,3,0,0.862,4,174.385,3816.959,0.733,0.326,0.684,0.743,2.069,0.137,0.067,0.933,0.733,0.750
1404,46.800,5.831,12.369,1.708,-297.046,2,1,1,428.700,2.069,3,0,0.862,4,4.123,3753.284,0.733,0.310,1.063,0.799,1.823,1.211,0.120,0.880,0.557,0.700
1407,46.900,4.472,10.770,-1.359,-1.599,2,1,1,435.991,2.104,3,0,0.862,4,150.791,3796.397,0.767,0.341,1.563,0.932,1.469,0.317,0.137,0.863,0.556,0.750
1410,47.000,3.606,28.653,-0.867,17.883,2,1,1,462.640,1.940,3,0,0.862,4,30.806,3974.977,0.800,0.414,1.169,0.611,1.406,0.569,0.082,0.918,0.672,0.700
1413,47.100,2.236,22.472,-1.369,-6.181,2,1,1,482.695,1.563,3,0,0.862,3,95.210,4761.225,0.833,0.414,1.469,0.673,1.310,1.984,0.097,0.903,0.644,0.580
1416,47.200,5.099,19.647,2.863,-2.825,2,1,1,506.993,1.330,3,0,0.862,4,79.379,4733.624,0.867,0.404,1.310,0.535,0.731,2.010,0.105,0.895,0.638,0.580
1419,47.300,4.472,15.811,-0.627,-3.835,2,1,1,521.552,1.308,3,0,0.862,4,200.664,4882.969,0.900,0.414,1.924,0.799,0.315,1.138,0.124,0.876,0.618,0.750
1422,47.400,8.246,15.000,3.774,-0.811,2,1,1,534.847,1.319,3,0,0.862,4,17.464,4740.619,0.933,0.404,2.313,0.839,0.205,0.731,0.148,0.852,0.624,0.580
1425,47.500,6.000,21.024,-2.246,6.024,2,1,1,553.564,1.216,3,0,0.862,3,21.587,4454.814,0.933,0.414,2.452,0.683,0.627,1.033,0.111,0.889,0.672,0.580
1428,47.600,15.000,0.000,9.000,0.000,1,1,0,0.000,1.063,3,0,0.862,2,20.881,4013.784,0.933,0.423,1.920,0.377,0.994,1.067,0.113,0.887,0.537,0.650
1431,47.700,26.077,0.000,11.077,0.000,1,1,0,0.000,0.902,3,0,0.862,2,36.056,3957.809,0.933,0.423,2.777,0.669,1.300,1.298,0.128,0.872,0.599,0.580
1434,47.800,51.624,0.000,25.547,0.000,1,1,0,0.000,0.889,3,0,0.862,2,82.855,3869.219,0.933,0.423,4.461,0.815,1.524,2.842,0.146,0.854,0.736,0.700
1437,47.900,2.000,0.000,-49.624,0.000,1,1,0,0.000,0.973,3,0,0.897,2,95.671,3936.344,0.933,0.423,3.446,0.614,1.779,0.411,0.124,0.876,0.486,0.700
1440,48.000,37.054,120.017,35.054,98.993,2,1,1,469.596,0.803,3,0,0.897,4,53.740,4074.250,0.933,0.414,6.336,0.859,2.046,1.022,0.117,0.883,0.890,0.700
1443,48.100,0.000,359.390,0.000,-119.606,2,0,1,359.390,1.084,3,0,0.897,4,194.201,3882.938,0.933,0.400,5.680,0.516,1.310,2.296,0.129,0.871,0.898,0.750
1446,48.200,49.679,29.069,12.625,-330.321,2,1,1,366.111,1.383,3,0,0.931,4,26.571,2033.384,0.933,0.399,4.101,0.404,1.042,1.963,0.116,0.884,0.866,0.550
1449,48.300,386.047,0.000,361.531,0.000,2,1,0,386.047,0.984,3,0,0.931,4,126.063,1518.637,0.933,0.389,3.178,0.451,0.848,1.965,0.122,0.878,0.840,0.700
1452,48.400,404.150,0.000,17.138,0.000,2,1,0,404.150,1.638,3,0,0.931,4,161.276,1902.568,0.933,0.389,3.019,0.628,0.698,0.426,0.136,0.864,0.823,0.750
1455,48.500,407.718,25.612,3.568,-3.456,2,1,1,384.022,1.969,3,0,0.931,4,163.982,2174.989,0.933,0.389,3.432,0.399,0.634,1.396,0.121,0.879,0.850,0.750
1458,48.600,24.352,21.024,-383.366,-4.589,2,1,1,415.348,1.867,3,0,0.931,4,204.824,2590.104,0.933,0.389,3.096,0.513,0.541,2.320,0.123,0.877,0.719,0.750
1461,48.700,30.017,23.195,5.665,2.171,2,1,1,386.105,1.876,3,0,0.931,4,160.851,2890.328,0.933,0.389,3.023,0.374,0.416,1.000,0.122,0.878,0.758,0.750
1464,48.800,442.366,0.000,413.212,0.000,2,1,0,442.366,2.372,3,0,0.931,4,190.877,3109.037,0.933,0.389,3.569,0.303,0.304,2.723,0.138,0.862,0.860,0.750
1467,48.900,442.019,19.313,-0.347,-3.882,2,1,1,421.684,2.589,3,0,0.931,4,208.888,3704.727,0.967,0.389,2.565,0.395,0.188,1.561,0.131,0.869,0.832,0.750
1470,49.000,10.050,8.944,-431.969,-10.369,2,1,1,420.002,2.571,3,0,0.931,3,225.621,4360.338,0.967,0.389,1.359,0.806,0.115,0.843,0.122,0.878,0.579,0.750
1473,49.100,17.029,13.000,6.980,4.056,2,1,1,415.313,2.200,3,0,0.966,4,81.615,4242.669,0.967,0.389,1.945,0.585,0.078,0.907,0.129,0.871,0.648,0.580
1476,49.200,0.000,0.000,0.000,0.000,0,0,0,0.000,0.000,3,0,0.966,0,81.615,4242.669,0.967,0.389,3.929,0.424,0.017,1.286,0.149,0.851,0.255,0.650
1479,49.300,0.000,15.133,0.000,2.133,1,0,1,0.000,1.168,3,0,0.966,2,198.040,4411.870,0.967,0.381,1.878,0.545,0.044,2.519,0.094,0.906,0.529,0.750
1482,49.400,0.000,1.000,0.000,-14.133,1,0,1,0.000,1.076,3,0,1.000,2,33.422,4542.408,0.967,0.391,2.106,0.713,0.053,0.209,0.114,0.886,0.444,0.580
1485,49.500,0.000,13.000,0.000,12.000,1,0,1,0.000,0.755,3,0,1.000,2,33.422,4542.408,0.967,0.391,1.870,0.234,0.069,0.052,0.079,0.921,0.539,0.580
1488,49.600,0.000,18.385,0.000,5.385,1,0,1,0.000,0.726,3,0,1.000,2,33.422,4542.408,0.967,0.391,2.953,0.301,0.482,0.160,0.122,0.878,0.591,0.580
1491,49.700,0.000,14.213,0.000,-4.172,1,0,1,0.000,0.912,3,0,1.000,2,33.422,4542.408,0.967,0.391,1.753,0.276,0.140,0.308,0.114,0.886,0.539,0.580
1494,49.800,0.000,16.125,0.000,1.912,1,0,1,0.000,0.951,3,0,1.000,1,33.422,4542.408,0.967,0.391,0.996,0.634,0.096,0.354,0.111,0.889,0.446,0.580
1497,49.900,0.000,29.411,0.000,13.286,1,0,1,0.000,1.197,3,0,1.000,1,33.422,4542.408,0.967,0.400,1.472,0.798,0.286,0.082,0.122,0.878,0.520,0.580
1500,50.000,0.000,454.463,0.000,411.047,2,0,1,454.463,1.828,3,0,1.000,4,27.295,4495.998,0.967,0.400,3.793,0.519,0.428,0.878,0.134,0.866,0.855,0.650
1503,50.100,487.406,0.000,28.725,0.000,2,1,0,487.406,2.186,3,0,1.000,4,0.000,3967.468,0.967,0.400,2.525,0.188,0.544,0.133,0.107,0.893,0.846,0.500
1506,50.200,458.737,78.772,-28.669,-375.692,2,1,1,507.119,2.291,3,0,1.000,4,213.214,4385.669,0.967,0.400,3.613,0.332,0.684,1.547,0.143,0.857,0.863,0.750
1509,50.300,19.849,0.000,-438.888,0.000,1,1,0,0.000,2.244,3,0,1.000,2,36.401,4071.798,0.967,0.400,5.304,0.515,0.804,0.789,0.157,0.843,0.643,0.650
1512,50.400,0.000,476.379,0.000,397.607,1,0,1,0.000,1.979,3,0,1.000,2,18.868,3914.769,0.967,0.410,4.006,0.523,0.844,0.398,0.169,0.831,0.750,0.500
1515,50.500,0.000,44.407,0.000,-431.972,1,0,1,0.000,1.805,3,0,1.000,2,18.868,3914.769,0.967,0.410,4.198,0.643,0.787,0.159,0.156,0.844,0.743,0.450
1518,50.600,0.000,27.166,0.000,-17.241,1,0,1,0.000,1.577,3,0,1.000,2,18.868,3914.769,0.967,0.419,3.259,0.677,0.515,0.294,0.134,0.866,0.621,0.580
1521,50.700,0.000,5.000,0.000,-22.166,1,0,1,0.000,1.490,3,0,1.000,2,18.868,3914.769,0.967,0.419,2.349,0.617,0.447,0.624,0.120,0.880,0.479,0.580
1524,50.800,0.000,7.211,0.000,2.211,1,0,1,0.000,1.225,3,0,1.000,2,18.868,3914.769,0.967,0.428,1.393,0.578,0.598,0.968,0.113,0.887,0.470,0.580
1527,50.900,0.000,15.000,0.000,7.789,1,0,1,0.000,1.031,3,0,1.000,2,18.868,3914.769,0.967,0.428,1.632,0.866,0.469,0.311,0.110,0.890,0.500,0.580
1530,51.000,0.000,4.243,0.000,-10.757,1,0,1,0.000,0.886,3,0,1.000,2,18.868,3914.769,0.967,0.437,0.894,0.490,0.412,0.341,0.099,0.901,0.448,0.580
1533,51.100,0.000,6.403,0.000,2.160,1,0,1,0.000,0.821,3,0,1.000,2,18.868,3914.769,0.967,0.437,1.410,0.443,0.287,0.024,0.108,0.892,0.476,0.580
1536,51.200,0.000,4.472,0.000,-1.931,1,0,1,0.000,0.513,3,0,1.000,2,18.868,3914.769,0.967,0.446,1.896,0.659,0.289,0.527,0.118,0.882,0.462,0.580
1539,51.300,0.000,12.000,0.000,7.528,1,0,1,0.000,0.549,3,0,1.000,2,18.868,3914.769,0.967,0.446,2.695,0.648,0.083,0.076,0.125,0.875,0.525,0.580
1542,51.400,0.000,31.780,0.000,19.780,1,0,1,0.000,0.546,3,0,1.000,2,18.868,3914.769,0.967,0.454,3.724,0.735,0.235,0.157,0.131,0.869,0.654,0.580
1545,51.500,0.000,67.956,0.000,36.175,1,0,1,0.000,0.629,3,0,1.000,2,18.868,3914.769,0.967,0.454,4.307,0.625,0.522,0.200,0.152,0.848,0.750,0.450
1548,51.600,0.000,516.939,0.000,455.588,2,0,1,516.939,0.510,3,0,1.000,4,33.136,3551.994,0.967,0.454,4.143,0.709,0.514,0.094,0.163,0.837,0.850,0.650
1551,51.700,538.001,468.181,518.151,-48.759,2,1,1,464.295,1.966,3,0,1.000,4,29.732,3050.109,0.967,0.454,4.422,0.693,0.690,0.069,0.163,0.837,0.858,0.500
1554,51.800,8.246,20.518,-529.755,-447.662,2,1,1,447.689,1.939,3,0,1.000,4,18.439,2343.437,0.967,0.453,3.973,0.851,0.676,0.064,0.162,0.838,0.700,0.580
1557,51.900,14.142,20.248,5.896,-0.270,2,1,1,423.728,1.580,3,0,1.000,4,22.804,1821.874,0.967,0.444,3.001,0.789,0.366,0.073,0.145,0.855,0.678,0.580
1560,52.000,17.889,10.000,3.746,-10.248,2,1,1,396.158,1.636,3,0,1.000,4,16.279,1514.634,0.967,0.435,2.254,0.692,0.212,0.075,0.129,0.871,0.653,0.580
1563,52.100,6.708,10.050,-11.180,0.050,2,1,1,399.080,1.627,3,0,1.000,4,178.466,1848.605,0.967,0.426,1.964,0.759,0.055,0.168,0.138,0.862,0.598,0.750
1566,52.200,6.083,20.616,-0.625,10.566,2,1,1,421.100,1.474,3,0,1.000,4,0.000,1673.770,1.000,0.426,1.875,0.645,0.203,0.652,0.143,0.857,0.666,0.580
1569,52.300,5.385,15.033,-0.698,-5.582,2,1,1,435.270,1.450,3,0,1.000,4,177.291,1475.489,1.000,0.426,2.463,0.817,0.143,1.853,0.157,0.843,0.638,0.750
1572,52.400,19.105,5.385,13.720,-9.648,2,1,1,449.331,1.551,3,0,1.000,4,0.000,1471.087,1.000,0.417,3.477,0.904,0.053,0.636,0.164,0.836,0.680,0.580
1575,52.500,8.062,2.828,-11.043,-2.557,2,1,1,456.098,1.415,3,0,1.000,4,0.000,1440.704,1.000,0.408,4.143,0.893,0.076,0.024,0.174,0.826,0.636,0.580
1578,52.600,5.385,13.601,-2.677,10.773,2,1,1,468.859,1.246,3,0,1.000,4,0.000,1465.259,1.000,0.399,3.607,0.809,0.291,0.020,0.168,0.832,0.659,0.580
1581,52.700,8.485,6.708,3.100,-6.893,2,1,1,477.032,1.284,3,0,1.000,4,0.000,1550.200,1.000,0.389,3.612,0.856,0.473,0.054,0.172,0.828,0.628,0.580
1584,52.800,9.849,10.817,1.364,4.108,2,1,1,493.753,1.450,3,0,1.000,4,88.363,1801.137,1.000,0.379,2.434,0.761,0.554,0.056,0.147,0.853,0.618,0.580
1587,52.900,11.045,5.000,1.197,-5.817,2,1,1,505.396,1.606,3,0,1.000,4,102.616,1997.934,1.000,0.369,2.065,0.826,0.481,0.103,0.131,0.869,0.605,0.580
1590,53.000,7.616,39.962,-3.430,34.962,2,1,1,538.934,1.506,3,0,1.000,4,68.118,2346.069,1.000,0.358,4.595,0.572,0.276,2.467,0.137,0.863,0.847,0.580
1593,53.100,19.698,44.944,12.082,4.982,2,1,1,590.059,1.234,3,0,1.000,4,34.205,1887.338,1.000,0.358,5.401,0.475,0.256,0.668,0.173,0.827,0.901,0.350
1596,53.200,17.720,1.000,-1.978,-43.944,2,1,1,585.854,1.100,3,0,1.000,4,1.414,2073.800,1.000,0.358,4.501,0.749,0.231,3.120,0.176,0.824,0.709,0.580
1599,53.300,74.733,10.000,57.013,9.000,2,1,1,512.269,1.218,3,0,1.000,4,28.018,2682.614,1.000,0.358,2.787,0.519,0.187,2.895,0.125,0.875,0.833,0.550
1602,53.400,90.200,7.280,15.467,-2.720,2,1,1,425.837,1.008,3,0,1.000,4,11.045,1968.698,1.000,0.358,2.321,0.602,0.213,0.791,0.097,0.903,0.816,0.350
1605,53.500,14.318,17.692,-75.882,10.412,2,1,1,420.933,1.216,3,0,1.000,4,0.000,2248.824,1.000,0.358,2.550,0.857,0.237,2.134,0.138,0.862,0.652,0.580
1608,53.600,25.298,6.083,10.980,-11.609,2,1,1,401.211,1.184,3,0,1.000,4,0.000,2398.064,1.000,0.358,4.526,0.834,0.378,0.070,0.190,0.810,0.745,0.580
1611,53.700,0.000,4.123,0.000,-1.960,1,0,1,0.000,1.002,3,0,1.000,2,0.000,2312.474,1.000,0.369,4.347,0.610,0.600,0.307,0.188,0.812,0.529,0.650
1614,53.800,0.000,51.157,0.000,47.034,1,0,1,0.000,1.089,3,0,1.000,2,117.835,2437.858,1.000,0.369,2.548,0.238,0.761,2.446,0.101,0.899,0.737,0.655
1617,53.900,497.627,0.000,472.329,0.000,1,1,0,0.000,1.134,3,0,1.000,2,117.835,2437.858,1.000,0.379,2.640,0.815,0.734,1.586,0.168,0.832,0.699,0.655
1620,54.000,0.000,111.723,0.000,60.566,1,0,1,0.000,1.196,3,0,1.000,2,117.835,2437.858,1.000,0.379,6.514,0.897,0.587,0.390,0.202,0.798,0.790,0.655
1623,54.100,0.000,30.806,0.000,-80.917,1,0,1,0.000,1.146,3,0,1.000,2,117.835,2437.858,1.000,0.389,4.306,0.873,0.579,0.345,0.188,0.812,0.658,0.655
1626,54.200,0.000,30.676,0.000,-0.130,1,0,1,0.000,1.149,3,0,1.000,2,117.835,2437.858,1.000,0.389,4.551,0.905,0.530,0.026,0.189,0.811,0.661,0.655
1629,54.300,0.000,0.000,0.000,0.000,0,0,0,0.000,0.000,3,0,1.000,0,117.835,2437.858,0.967,0.389,4.982,0.913,0.509,0.050,0.189,0.811,0.247,0.655
1632,54.400,0.000,51.478,0.000,20.802,1,0,1,0.000,1.023,3,0,1.000,2,117.835,2437.858,0.967,0.391,3.101,0.926,0.719,0.473,0.163,0.837,0.699,0.655
1635,54.500,446.285,11.045,-51.343,-40.433,2,1,1,346.879,1.373,3,0,1.000,4,21.095,2366.874,0.967,0.391,1.994,0.805,0.884,0.362,0.128,0.872,0.789,0.650
1638,54.600,10.817,9.000,-435.468,-2.045,2,1,1,359.251,1.448,3,0,1.000,4,18.682,2728.274,0.967,0.391,1.969,0.771,0.651,0.126,0.136,0.864,0.601,0.580
1641,54.700,4.472,8.602,-6.345,-0.398,2,1,1,354.154,1.601,3,0,1.000,4,13.601,2771.294,0.967,0.391,2.059,0.644,0.275,0.073,0.138,0.862,0.600,0.580
1644,54.800,5.000,10.198,0.528,1.596,2,1,1,367.589,1.614,3,0,1.000,4,14.765,2713.438,0.967,0.391,1.969,0.320,0.115,1.272,0.140,0.860,0.630,0.580
1647,54.900,6.403,9.220,1.403,-0.978,2,1,1,378.550,1.627,3,0,1.000,4,0.000,2628.584,0.967,0.391,3.021,0.697,0.139,3.038,0.160,0.840,0.624,0.580
1650,55.000,7.071,5.099,0.668,-4.121,2,1,1,384.676,1.579,3,0,1.000,4,0.000,2562.179,0.967,0.391,2.869,0.746,0.222,0.097,0.160,0.840,0.605,0.580
1653,55.100,2.236,17.205,-4.835,12.106,2,1,1,402.369,1.525,3,0,1.000,4,0.000,2981.307,0.967,0.391,2.621,0.613,0.226,0.500,0.156,0.844,0.664,0.350
1656,55.200,11.180,15.620,8.944,-1.584,2,1,1,406.450,1.777,3,0,1.000,4,24.331,2818.894,0.967,0.391,2.774,0.600,0.055,0.299,0.163,0.837,0.660,0.350
1659,55.300,15.264,5.657,4.084,-9.964,2,1,1,396.703,1.495,3,0,1.000,4,34.366,2819.564,0.967,0.391,3.328,0.691,0.326,0.005,0.170,0.830,0.666,0.350
1662,55.400,32.802,18.385,17.538,12.728,2,1,1,384.662,1.340,3,0,1.000,4,0.000,2233.235,0.967,0.391,3.787,0.636,0.282,0.598,0.178,0.822,0.778,0.350
1665,55.500,31.145,7.211,-1.658,-11.174,2,1,1,361.885,1.100,3,0,1.000,4,0.000,1626.814,0.967,0.391,3.915,0.582,0.146,0.400,0.173,0.827,0.776,0.350
1668,55.600,24.698,19.105,-6.447,11.894,2,1,1,327.567,0.954,3,0,1.000,4,73.980,1703.399,0.967,0.381,3.330,0.638,0.379,1.281,0.164,0.836,0.722,0.350
1671,55.700,24.331,7.211,-0.367,-11.894,2,1,1,300.746,0.933,3,0,1.000,4,0.000,1678.659,0.967,0.371,4.189,0.436,0.463,1.419,0.160,0.840,0.755,0.550
1674,55.800,0.000,274.332,0.000,272.096,2,0,1,274.332,1.237,3,0,1.000,4,0.000,1681.464,0.967,0.360,4.599,0.402,0.523,0.973,0.172,0.828,0.883,0.500
1677,55.900,0.000,0.000,0.000,0.000,0,0,0,0.000,0.000,3,0,1.000,0,0.000,1681.464,0.933,0.360,2.934,0.735,0.682,3.027,0.165,0.835,0.204,0.650
1680,56.000,0.000,280.708,0.000,6.376,1,0,1,0.000,1.619,3,0,1.000,2,0.000,1681.464,0.933,0.360,2.335,0.644,0.792,0.596,0.152,0.848,0.695,0.650
1683,56.100,0.000,38.328,0.000,-242.380,1,0,1,0.000,1.668,3,0,1.000,2,0.000,1681.464,0.933,0.360,4.272,0.795,0.588,1.269,0.177,0.823,0.696,0.450
1686,56.200,0.000,366.478,0.000,321.201,2,0,1,366.478,1.813,3,0,1.000,3,0.000,1683.654,0.933,0.371,3.051,0.744,0.291,1.181,0.151,0.849,0.816,0.650
1689,56.300,43.278,362.927,18.947,-3.551,2,1,1,355.826,1.818,3,0,1.000,3,16.000,1151.220,0.933,0.371,4.629,0.854,0.111,0.600,0.193,0.807,0.848,0.500
1692,56.400,17.464,21.378,-25.814,-341.549,2,1,1,366.661,2.034,3,0,1.000,3,49.244,594.769,0.933,0.371,2.319,0.825,0.063,0.254,0.150,0.850,0.661,0.450
1695,56.500,3.162,7.071,-14.302,-14.306,2,1,1,358.452,1.731,3,0,1.000,3,17.029,574.049,0.933,0.371,1.539,0.781,0.006,0.982,0.139,0.861,0.565,0.580
1698,56.600,4.123,4.000,0.961,-3.071,2,1,1,357.140,1.604,3,0,1.000,3,121.235,832.600,0.933,0.381,1.354,0.678,0.090,1.799,0.128,0.872,0.551,0.674
1701,56.700,11.180,2.236,7.057,-1.764,2,1,1,357.006,1.351,3,0,1.000,3,11.180,833.549,0.933,0.381,1.441,0.430,0.058,0.935,0.127,0.873,0.610,0.580
1704,56.800,9.220,0.000,-1.961,0.000,1,1,0,0.000,1.071,3,0,1.000,2,0.000,719.755,0.933,0.381,1.538,0.551,0.047,0.742,0.128,0.872,0.483,0.650
1707,56.900,8.544,0.000,-0.676,0.000,1,1,0,0.000,1.273,3,0,1.000,1,8.544,599.017,0.933,0.391,1.204,0.537,0.183,1.349,0.114,0.886,0.412,0.580
1710,57.000,7.280,0.000,-1.264,0.000,1,1,0,0.000,1.364,3,0,1.000,2,24.413,521.029,0.933,0.400,2.052,0.417,0.381,0.324,0.157,0.843,0.495,0.580
1713,57.100,0.000,0.000,0.000,0.000,0,0,0,0.000,0.000,3,0,1.000,0,24.413,521.029,0.900,0.400,2.432,0.550,0.454,1.599,0.156,0.844,0.200,0.650
1716,57.200,0.000,0.000,0.000,0.000,0,0,0,0.000,0.000,3,0,1.000,0,24.413,521.029,0.867,0.400,2.481,0.742,0.473,0.217,0.156,0.844,0.184,0.580
1719,57.300,0.000,0.000,0.000,0.000,0,0,0,0.000,0.000,3,0,1.000,0,24.413,521.029,0.867,0.400,2.528,0.450,0.596,2.657,0.150,0.850,0.206,0.580
1722,57.400,0.000,335.149,0.000,332.913,1,0,1,0.000,1.629,3,0,1.000,2,23.601,498.418,0.867,0.361,3.369,0.716,0.774,0.002,0.178,0.822,0.708,0.650
1725,57.500,26.571,0.000,19.291,0.000,1,1,0,0.000,1.640,3,0,1.000,2,0.000,458.357,0.867,0.370,3.501,0.501,0.724,0.623,0.165,0.835,0.624,0.500
1728,57.600,6.325,0.000,-20.246,0.000,1,1,0,0.000,1.776,3,0,1.000,2,31.257,463.154,0.867,0.370,2.096,0.512,0.677,2.101,0.140,0.860,0.476,0.580
1731,57.700,18.028,0.000,11.703,0.000,1,1,0,0.000,1.705,3,0,1.000,2,22.204,461.550,0.867,0.379,3.917,0.832,1.057,1.034,0.162,0.838,0.564,0.580
1734,57.800,9.487,0.000,-8.541,0.000,1,1,0,0.000,1.532,3,0,1.000,2,0.000,459.209,0.867,0.379,2.907,0.879,1.155,0.283,0.159,0.841,0.488,0.580
1737,57.900,4.000,0.000,-5.487,0.000,1,1,0,0.000,1.564,3,0,1.000,2,0.000,452.719,0.867,0.388,2.423,0.715,1.588,0.160,0.135,0.865,0.457,0.700
1740,58.000,10.817,0.000,6.817,0.000,1,1,0,0.000,1.527,3,0,1.000,2,0.000,253.819,0.867,0.388,2.917,0.759,1.417,0.034,0.131,0.869,0.504,0.700
1743,58.100,8.246,0.000,-2.570,0.000,1,1,0,0.000,1.371,3,0,1.000,2,0.000,323.190,0.867,0.396,2.125,0.592,1.015,0.125,0.113,0.887,0.481,0.580
1746,58.200,7.211,0.000,-1.035,0.000,1,1,0,0.000,1.408,3,0,1.000,2,7.211,360.978,0.867,0.396,1.816,0.547,0.762,0.424,0.124,0.876,0.471,0.580
1749,58.300,0.000,0.000,0.000,0.000,0,0,0,0.000,0.000,3,0,1.000,0,7.211,360.978,0.833,0.396,1.710,0.368,0.594,0.758,0.115,0.885,0.187,0.650
1752,58.400,0.000,0.000,0.000,0.000,0,0,0,0.000,0.000,3,0,1.000,0,7.211,360.978,0.800,0.396,2.298,0.418,0.446,1.426,0.118,0.882,0.194,0.580
1755,58.500,0.000,0.000,0.000,0.000,0,0,0,0.000,0.000,3,0,1.000,0,7.211,360.978,0.767,0.396,2.646,0.380,0.223,0.839,0.137,0.863,0.202,0.580
1758,58.600,0.000,0.000,0.000,0.000,0,0,0,0.000,0.000,3,0,1.000,0,7.211,360.978,0.733,0.396,2.694,0.517,0.090,0.676,0.148,0.852,0.189,0.580
1761,58.700,0.000,0.000,0.000,0.000,0,0,0,0.000,0.000,3,0,1.000,0,7.211,360.978,0.700,0.396,1.835,0.610,0.026,0.910,0.126,0.874,0.157,0.580
1764,58.800,0.000,0.000,0.000,0.000,0,0,0,0.000,0.000,3,0,1.000,0,7.211,360.978,0.667,0.396,2.093,0.736,0.036,2.492,0.140,0.860,0.151,0.580
1767,58.900,0.000,0.000,0.000,0.000,0,0,0,0.000,0.000,3,0,1.000,0,7.211,360.978,0.667,0.396,1.678,0.247,0.153,1.869,0.121,0.879,0.175,0.580
1770,59.000,0.000,29.411,0.000,-305.738,1,0,1,0.000,1.968,3,0,1.000,2,0.000,438.909,0.667,0.332,2.309,0.730,0.007,0.433,0.148,0.852,0.570,0.650
1773,59.100,0.000,0.000,0.000,0.000,0,0,0,0.000,0.000,3,0,1.000,0,0.000,438.909,0.633,0.332,2.241,0.591,0.145,1.130,0.135,0.865,0.161,0.650
1776,59.200,0.000,0.000,0.000,0.000,0,0,0,0.000,0.000,3,0,1.000,0,0.000,438.909,0.600,0.332,2.625,0.666,0.005,0.963,0.101,0.899,0.161,0.580
1779,59.300,0.000,0.000,0.000,0.000,0,0,0,0.000,0.000,3,0,1.000,0,0.000,438.909,0.567,0.332,1.543,0.504,0.141,2.928,0.112,0.888,0.141,0.580
1782,59.400,0.000,0.000,0.000,0.000,0,0,0,0.000,0.000,3,0,1.000,0,0.000,438.909,0.533,0.332,1.860,0.684,0.143,3.072,0.149,0.851,0.133,0.580
1785,59.500,0.000,0.000,0.000,0.000,0,0,0,0.000,0.000,3,0,1.000,0,0.000,438.909,0.500,0.332,2.052,0.841,0.198,0.232,0.151,0.849,0.122,0.580
1788,59.600,0.000,0.000,0.000,0.000,0,0,0,0.000,0.000,3,0,1.000,0,0.000,438.909,0.467,0.332,1.738,0.787,0.390,0.352,0.140,0.860,0.114,0.580
1791,59.700,0.000,0.000,0.000,0.000,0,0,0,0.000,0.000,3,0,1.000,0,0.000,438.909,0.433,0.332,1.844,0.770,0.518,0.491,0.151,0.849,0.114,0.580
1794,59.800,0.000,0.000,0.000,0.000,0,0,0,0.000,0.000,3,0,1.000,0,0.000,438.909,0.400,0.332,0.991,0.416,0.571,1.735,0.087,0.913,0.114,0.580
1797,59.900,0.000,0.000,0.000,0.000,0,0,0,0.000,0.000,3,0,1.000,0,0.000,438.909,0.367,0.332,0.698,0.225,0.668,0.232,0.063,0.937,0.116,0.580
1800,60.000,0.000,0.000,0.000,0.000,0,0,0,0.000,0.000,3,0,1.000,0,0.000,438.909,0.333,0.332,1.089,0.840,1.054,2.765,0.113,0.887,0.078,0.580
1803,60.100,0.000,0.000,0.000,0.000,0,0,0,0.000,0.000,3,0,1.000,0,0.000,438.909,0.333,0.332,2.026,0.807,1.321,1.788,0.151,0.849,0.104,0.580
1806,60.200,0.000,0.000,0.000,0.000,0,0,0,0.000,0.000,3,0,1.000,0,0.000,438.909,0.333,0.332,2.620,0.789,1.428,0.016,0.163,0.837,0.120,0.700
1809,60.300,0.000,0.000,0.000,0.000,0,0,0,0.000,0.000,3,0,1.000,0,0.000,438.909,0.333,0.332,2.401,0.648,1.205,0.074,0.143,0.857,0.125,0.580
1812,60.400,0.000,0.000,0.000,0.000,0,0,0,0.000,0.000,3,0,1.000,0,0.000,438.909,0.300,0.332,3.391,0.632,1.105,0.138,0.134,0.866,0.147,0.580
1815,60.500,0.000,71.589,0.000,42.178,1,0,1,0.000,1.832,3,0,1.000,2,99.539,616.594,0.300,0.273,2.666,0.403,0.756,1.400,0.143,0.857,0.644,0.650
1818,60.600,0.000,0.000,0.000,0.000,0,0,0,0.000,0.000,3,0,1.000,0,99.539,616.594,0.267,0.273,1.842,0.784,0.663,1.136,0.116,0.884,0.093,0.650
1821,60.700,0.000,0.000,0.000,0.000,0,0,0,0.000,0.000,3,0,1.000,0,99.539,616.594,0.233,0.273,2.493,0.366,0.731,0.082,0.112,0.888,0.135,0.580
1824,60.800,0.000,0.000,0.000,0.000,0,0,0,0.000,0.000,3,0,1.000,0,99.539,616.594,0.200,0.273,4.257,0.042,0.843,0.421,0.141,0.859,0.197,0.580
1827,60.900,0.000,0.000,0.000,0.000,0,0,0,0.000,0.000,3,0,1.000,0,99.539,616.594,0.167,0.273,1.912,0.749,0.162,0.447,0.133,0.867,0.085,0.580
1830,61.000,0.000,0.000,0.000,0.000,0,0,0,0.000,0.000,3,0,1.000,0,99.539,616.594,0.133,0.273,1.775,0.661,0.060,0.269,0.126,0.874,0.084,0.580
1833,61.100,126.531,0.000,119.320,0.000,1,1,0,0.000,1.331,3,0,1.000,2,0.000,936.777,0.133,0.288,2.478,0.225,0.041,1.230,0.123,0.877,0.632,0.650
1836,61.200,0.000,0.000,0.000,0.000,0,0,0,0.000,0.000,3,0,1.000,0,0.000,936.777,0.100,0.288,2.438,0.505,0.246,0.558,0.102,0.898,0.108,0.650
1839,61.300,0.000,0.000,0.000,0.000,0,0,0,0.000,0.000,3,0,1.000,0,0.000,936.777,0.100,0.288,1.107,0.651,0.350,0.539,0.075,0.925,0.064,0.580
1842,61.400,0.000,0.000,0.000,0.000,0,0,0,0.000,0.000,3,0,1.000,0,0.000,936.777,0.100,0.288,4.576,0.723,0.410,0.467,0.134,0.866,0.146,0.580
1845,61.500,0.000,0.000,0.000,0.000,0,0,0,0.000,0.000,3,0,1.000,0,0.000,936.777,0.100,0.288,4.482,0.835,0.998,0.055,0.153,0.847,0.136,0.580
1848,61.600,0.000,0.000,0.000,0.000,0,0,0,0.000,0.000,3,0,1.000,0,0.000,936.777,0.100,0.288,4.055,0.915,1.596,0.078,0.163,0.837,0.119,0.700
1851,61.700,0.000,0.000,0.000,0.000,0,0,0,0.000,0.000,3,0,1.000,0,0.000,936.777,0.100,0.288,5.359,0.856,2.105,0.107,0.158,0.842,0.156,0.700
1854,61.800,0.000,0.000,0.000,0.000,0,0,0,0.000,0.000,3,0,1.000,0,0.000,936.777,0.100,0.288,7.128,0.625,2.179,0.011,0.183,0.817,0.216,0.700
1857,61.900,0.000,0.000,0.000,0.000,0,0,0,0.000,0.000,3,0,1.000,0,0.000,936.777,0.100,0.288,7.883,0.811,2.646,0.988,0.162,0.838,0.222,0.700
1860,62.000,0.000,0.000,0.000,0.000,0,0,0,0.000,0.000,3,0,1.000,0,0.000,936.777,0.067,0.288,3.980,0.310,2.465,2.414,0.154,0.846,0.156,0.700
1863,62.100,164.012,0.000,37.482,0.000,1,1,0,0.000,1.289,3,0,1.000,2,0.000,922.594,0.100,0.296,2.926,0.522,2.494,0.766,0.128,0.872,0.619,0.700
1866,62.200,0.000,0.000,0.000,0.000,0,0,0,0.000,0.000,3,0,1.000,0,0.000,922.594,0.100,0.296,3.992,0.540,2.646,0.510,0.180,0.820,0.144,0.700
1869,62.300,179.547,0.000,15.534,0.000,1,1,0,0.000,1.360,3,0,1.000,2,89.359,1029.717,0.133,0.302,6.915,0.610,2.835,0.458,0.191,0.809,0.716,0.700
1872,62.400,0.000,0.000,0.000,0.000,0,0,0,0.000,0.000,3,0,1.000,0,89.359,1029.717,0.133,0.302,3.902,0.772,2.193,0.603,0.154,0.846,0.130,0.700
1875,62.500,131.685,0.000,-47.861,0.000,1,1,0,0.000,1.710,3,0,1.000,2,53.339,1173.009,0.167,0.305,3.228,0.742,2.342,0.473,0.159,0.841,0.619,0.700
1878,62.600,18.358,0.000,-113.328,0.000,1,1,0,0.000,1.753,3,0,1.000,2,23.770,1220.480,0.200,0.309,3.359,0.450,2.461,1.238,0.142,0.858,0.498,0.700
1881,62.700,16.971,0.000,-1.387,0.000,1,1,0,0.000,1.910,3,0,1.000,2,137.186,1455.729,0.233,0.306,1.987,0.773,2.476,1.787,0.119,0.881,0.438,0.750
1884,62.800,4.472,0.000,-12.498,0.000,1,1,0,0.000,2.043,3,0,1.000,2,0.000,1793.279,0.267,0.306,3.439,0.628,2.403,2.234,0.127,0.873,0.419,0.700
1887,62.900,19.209,0.000,14.737,0.000,1,1,0,0.000,1.916,3,0,1.000,2,246.473,2444.560,0.300,0.306,4.881,0.205,2.600,2.330,0.143,0.857,0.570,0.750
1890,63.000,58.241,0.000,39.032,0.000,1,1,0,0.000,1.686,4,1,0.966,3,197.568,2869.844,0.333,0.306,7.188,0.212,2.124,0.412,0.144,0.856,0.890,0.750
1893,63.100,58.830,0.000,0.589,0.000,1,1,0,0.000,1.373,4,0,0.966,3,0.000,3023.724,0.367,0.306,6.124,0.277,1.980,2.218,0.153,0.847,0.863,0.700
1896,63.200,0.000,0.000,0.000,0.000,0,0,0,0.000,0.000,4,0,0.966,0,0.000,3023.724,0.367,0.306,4.126,0.345,1.913,0.472,0.131,0.869,0.293,0.700
1899,63.300,0.000,0.000,0.000,0.000,0,0,0,0.000,0.000,5,0,0.966,0,0.000,3023.724,0.367,0.306,5.179,0.432,1.421,0.181,0.177,0.823,0.313,0.700
1902,63.400,0.000,0.000,0.000,0.000,0,0,0,0.000,0.000,5,0,0.966,0,0.000,3023.724,0.367,0.306,5.217,0.537,0.812,0.004,0.132,0.868,0.307,0.580
1905,63.500,0.000,0.000,0.000,0.000,0,0,0,0.000,0.000,5,0,0.966,0,0.000,3023.724,0.333,0.306,4.886,0.664,0.412,0.113,0.151,0.849,0.286,0.580
1908,63.600,0.000,0.000,0.000,0.000,0,0,0,0.000,0.000,4,0,0.966,0,0.000,3023.724,0.333,0.306,4.461,0.700,0.401,0.391,0.167,0.833,0.273,0.580
1911,63.700,0.000,0.000,0.000,0.000,0,0,0,0.000,0.000,4,0,0.966,0,0.000,3023.724,0.333,0.306,4.145,0.743,0.429,0.306,0.165,0.835,0.262,0.580
1914,63.800,0.000,0.000,0.000,0.000,0,0,0,0.000,0.000,4,0,0.966,0,0.000,3023.724,0.333,0.306,4.089,0.701,0.387,0.410,0.156,0.844,0.263,0.580
1917,63.900,0.000,0.000,0.000,0.000,0,0,0,0.000,0.000,3,1,0.931,0,0.000,3023.724,0.333,0.306,4.306,0.683,0.174,0.487,0.152,0.848,0.170,0.750
1920,64.000,0.000,0.000,0.000,0.000,0,0,0,0.000,0.000,3,0,0.931,0,0.000,3023.724,0.333,0.306,3.541,0.739,0.127,0.663,0.164,0.836,0.147,0.580
1923,64.100,0.000,0.000,0.000,0.000,0,0,0,0.000,0.000,3,0,0.931,0,0.000,3023.724,0.300,0.306,9.927,0.058,0.091,1.304,0.282,0.718,0.302,0.580
1926,64.200,0.000,0.000,0.000,0.000,0,0,0,0.000,0.000,5,1,0.897,0,0.000,3023.724,0.300,0.306,3.361,0.823,0.308,1.683,0.098,0.902,0.232,0.750
1929,64.300,0.000,0.000,0.000,0.000,0,0,0,0.000,0.000,5,0,0.897,0,0.000,3023.724,0.300,0.306,3.536,0.756,0.369,0.314,0.100,0.900,0.241,0.580
1932,64.400,0.000,0.000,0.000,0.000,0,0,0,0.000,0.000,5,0,0.897,0,0.000,3023.724,0.300,0.306,5.171,0.710,0.321,0.553,0.110,0.890,0.286,0.580
1935,64.500,0.000,0.000,0.000,0.000,0,0,0,0.000,0.000,4,0,0.897,0,0.000,3023.724,0.300,0.306,6.909,0.748,0.320,0.104,0.125,0.875,0.326,0.580
1938,64.600,0.000,0.000,0.000,0.000,0,0,0,0.000,0.000,4,0,0.897,0,0.000,3023.724,0.300,0.306,7.416,0.803,0.182,0.008,0.134,0.866,0.335,0.580
1941,64.700,0.000,0.000,0.000,0.000,0,0,0,0.000,0.000,4,0,0.897,0,0.000,3023.724,0.300,0.306,7.398,0.727,0.150,0.097,0.144,0.856,0.340,0.580
1944,64.800,0.000,0.000,0.000,0.000,0,0,0,0.000,0.000,3,1,0.862,0,0.000,3023.724,0.300,0.306,8.268,0.816,0.319,0.148,0.149,0.851,0.249,0.750
1947,64.900,0.000,0.000,0.000,0.000,0,0,0,0.000,0.000,3,0,0.862,0,0.000,3023.724,0.300,0.306,7.655,0.702,0.542,0.127,0.128,0.872,0.248,0.580
1950,65.000,0.000,0.000,0.000,0.000,0,0,0,0.000,0.000,3,0,0.862,0,0.000,3023.724,0.300,0.306,7.028,0.489,0.869,0.009,0.134,0.866,0.247,0.580
1953,65.100,0.000,0.000,0.000,0.000,0,0,0,0.000,0.000,3,0,0.862,0,0.000,3023.724,0.267,0.306,7.583,0.265,0.928,0.225,0.148,0.852,0.273,0.580
1956,65.200,0.000,0.000,0.000,0.000,0,0,0,0.000,0.000,3,0,0.862,0,0.000,3023.724,0.267,0.306,7.359,0.508,1.048,0.771,0.151,0.849,0.250,0.580
1959,65.300,0.000,0.000,0.000,0.000,0,0,0,0.000,0.000,3,0,0.862,0,0.000,3023.724,0.233,0.306,4.954,0.389,1.200,0.195,0.134,0.866,0.195,0.580
1962,65.400,0.000,0.000,0.000,0.000,0,0,0,0.000,0.000,4,1,0.828,0,0.000,3023.724,0.233,0.306,7.630,0.466,1.546,0.199,0.129,0.871,0.356,0.750
1965,65.500,0.000,0.000,0.000,0.000,0,0,0,0.000,0.000,4,0,0.828,0,0.000,3023.724,0.200,0.306,5.998,0.376,1.717,0.163,0.117,0.883,0.318,0.700
1968,65.600,0.000,0.000,0.000,0.000,0,0,0,0.000,0.000,4,0,0.828,0,0.000,3023.724,0.167,0.306,5.327,0.616,1.863,0.267,0.127,0.873,0.280,0.700
1971,65.700,0.000,0.000,0.000,0.000,0,0,0,0.000,0.000,3,1,0.793,0,0.000,3023.724,0.133,0.306,4.792,0.575,0.832,1.536,0.119,0.881,0.166,0.750
1974,65.800,0.000,0.000,0.000,0.000,0,0,0,0.000,0.000,3,0,0.793,0,0.000,3023.724,0.100,0.306,5.358,0.665,0.896,0.029,0.134,0.866,0.169,0.580
1977,65.900,0.000,0.000,0.000,0.000,0,0,0,0.000,0.000,3,0,0.828,0,0.000,3023.724,0.067,0.306,4.013,0.538,0.969,0.602,0.140,0.860,0.141,0.580
1980,66.000,0.000,0.000,0.000,0.000,0,0,0,0.000,0.000,3,0,0.828,0,0.000,3023.724,0.033,0.306,5.781,0.114,0.910,0.132,0.139,0.861,0.211,0.580
1983,66.100,0.000,0.000,0.000,0.000,0,0,0,0.000,0.000,3,0,0.828,0,0.000,3023.724,0.000,0.306,4.762,0.186,0.888,0.056,0.140,0.860,0.176,0.580
1986,66.200,0.000,0.000,0.000,0.000,0,0,0,0.000,0.000,3,0,0.828,0,0.000,3023.724,0.000,0.306,4.778,0.426,0.688,0.772,0.113,0.887,0.160,0.580
1989,66.300,0.000,0.000,0.000,0.000,0,0,0,0.000,0.000,3,0,0.828,0,0.000,3023.724,0.000,0.306,5.893,0.732,0.440,0.503,0.115,0.885,0.166,0.580
1992,66.400,0.000,0.000,0.000,0.000,0,0,0,0.000,0.000,3,0,0.828,0,0.000,3023.724,0.000,0.306,5.701,0.601,0.217,0.129,0.115,0.885,0.170,0.580
1995,66.500,0.000,0.000,0.000,0.000,0,0,0,0.000,0.000,3,0,0.828,0,0.000,3023.724,0.000,0.306,7.920,0.449,0.063,0.301,0.138,0.862,0.237,0.580
1998,66.600,0.000,0.000,0.000,0.000,0,0,0,0.000,0.000,3,0,0.828,0,0.000,3023.724,0.000,0.306,6.662,0.544,0.021,0.260,0.151,0.849,0.198,0.580
2001,66.700,0.000,0.000,0.000,0.000,0,0,0,0.000,0.000,3,0,0.828,0,0.000,3023.724,0.000,0.306,4.132,0.576,0.112,0.079,0.161,0.839,0.133,0.580
2004,66.800,0.000,0.000,0.000,0.000,0,0,0,0.000,0.000,3,0,0.862,0,0.000,3023.724,0.000,0.306,3.989,0.640,0.331,0.608,0.140,0.860,0.125,0.580
2007,66.900,0.000,0.000,0.000,0.000,0,0,0,0.000,0.000,3,0,0.862,0,0.000,3023.724,0.000,0.306,3.516,0.276,0.403,0.324,0.135,0.865,0.139,0.580
2010,67.000,0.000,0.000,0.000,0.000,0,0,0,0.000,0.000,3,0,0.862,0,0.000,3023.724,0.000,0.306,2.238,0.238,0.678,1.099,0.144,0.856,0.109,0.580
2013,67.100,0.000,0.000,0.000,0.000,0,0,0,0.000,0.000,3,0,0.897,0,0.000,3023.724,0.000,0.306,2.516,0.109,0.986,0.222,0.148,0.852,0.125,0.580
2016,67.200,0.000,0.000,0.000,0.000,0,0,0,0.000,0.000,3,0,0.897,0,0.000,3023.724,0.000,0.306,3.511,0.268,1.044,0.607,0.149,0.851,0.139,0.580
2019,67.300,0.000,0.000,0.000,0.000,0,0,0,0.000,0.000,3,0,0.897,0,0.000,3023.724,0.000,0.306,4.215,0.704,1.300,1.005,0.157,0.843,0.126,0.580
2022,67.400,0.000,0.000,0.000,0.000,0,0,0,0.000,0.000,3,0,0.897,0,0.000,3023.724,0.000,0.306,5.426,0.262,1.703,1.563,0.142,0.858,0.187,0.700
2025,67.500,0.000,0.000,0.000,0.000,0,0,0,0.000,0.000,3,0,0.897,0,0.000,3023.724,0.000,0.306,8.504,0.502,1.400,0.368,0.186,0.814,0.235,0.580
2028,67.600,227.108,0.000,168.278,0.000,1,1,0,0.000,1.403,3,0,0.897,2,118.343,3142.125,0.033,0.232,8.351,0.667,1.190,0.066,0.183,0.817,0.727,0.657
2031,67.700,68.411,0.000,-158.697,0.000,1,1,0,0.000,1.364,3,0,0.931,2,0.000,3404.445,0.067,0.234,9.659,0.728,0.841,0.270,0.174,0.826,0.727,0.450
2034,67.800,74.967,0.000,6.556,0.000,1,1,0,0.000,1.383,3,0,0.931,2,0.000,3404.445,0.100,0.234,8.625,0.686,0.456,0.174,0.173,0.827,0.734,0.350
2037,67.900,75.584,0.000,0.618,0.000,1,1,0,0.000,1.171,3,0,0.931,2,0.000,3404.445,0.133,0.234,8.082,0.543,0.221,0.215,0.173,0.827,0.748,0.350
2040,68.000,0.000,0.000,0.000,0.000,0,0,0,0.000,0.000,3,0,0.931,0,0.000,3404.445,0.133,0.234,8.098,0.268,0.024,2.902,0.171,0.829,0.267,0.650
2043,68.100,0.000,0.000,0.000,0.000,0,0,0,0.000,0.000,3,0,0.931,0,0.000,3404.445,0.133,0.234,7.520,0.186,0.018,0.187,0.167,0.833,0.261,0.580
2046,68.200,0.000,0.000,0.000,0.000,0,0,0,0.000,0.000,3,0,0.931,0,0.000,3404.445,0.133,0.234,7.882,0.696,0.087,0.607,0.162,0.838,0.234,0.580
2049,68.300,0.000,0.000,0.000,0.000,0,0,0,0.000,0.000,3,0,0.966,0,0.000,3404.445,0.133,0.234,7.453,0.656,0.511,0.030,0.154,0.846,0.226,0.580
2052,68.400,99.156,0.000,23.572,0.000,1,1,0,0.000,1.001,3,0,0.966,1,0.000,3404.445,0.167,0.242,7.309,0.547,0.738,0.043,0.151,0.849,0.674,0.650
2055,68.500,0.000,0.000,0.000,0.000,0,0,0,0.000,0.000,3,0,0.966,0,0.000,3404.445,0.167,0.242,7.990,0.502,1.242,0.257,0.149,0.851,0.255,0.650
2058,68.600,11.314,0.000,-87.843,0.000,1,1,0,0.000,1.360,3,0,1.000,1,0.000,3404.445,0.200,0.245,5.688,0.455,1.529,0.154,0.150,0.850,0.457,0.700
2061,68.700,39.812,0.000,28.498,0.000,1,1,0,0.000,1.552,3,0,1.000,1,0.000,3404.445,0.233,0.245,4.246,0.620,1.665,1.126,0.152,0.848,0.572,0.700
2064,68.800,0.000,0.000,0.000,0.000,0,0,0,0.000,0.000,3,0,1.000,0,0.000,3404.445,0.233,0.245,4.566,0.524,1.716,0.349,0.137,0.863,0.175,0.700
2067,68.900,0.000,0.000,0.000,0.000,0,0,0,0.000,0.000,3,0,1.000,0,0.000,3404.445,0.233,0.245,5.162,0.655,1.789,0.145,0.155,0.845,0.181,0.700
2070,69.000,0.000,0.000,0.000,0.000,0,0,0,0.000,0.000,3,0,1.000,0,0.000,3404.445,0.233,0.245,5.851,0.598,1.711,1.029,0.169,0.831,0.202,0.700
2073,69.100,0.000,0.000,0.000,0.000,0,0,0,0.000,0.000,3,0,1.000,0,0.000,3404.445,0.233,0.245,6.626,0.492,1.251,0.352,0.177,0.823,0.229,0.580
2076,69.200,0.000,0.000,0.000,0.000,0,0,0,0.000,0.000,3,0,1.000,0,0.000,3404.445,0.233,0.245,8.714,0.327,0.941,0.221,0.193,0.807,0.275,0.580
2079,69.300,0.000,0.000,0.000,0.000,0,0,0,0.000,0.000,3,0,1.000,0,0.000,3404.445,0.233,0.245,10.056,0.511,0.643,0.099,0.201,0.799,0.262,0.580
2082,69.400,0.000,0.000,0.000,0.000,0,0,0,0.000,0.000,3,0,1.000,0,0.000,3404.445,0.233,0.245,8.772,0.511,0.570,0.073,0.195,0.805,0.262,0.580
2085,69.500,0.000,0.000,0.000,0.000,0,0,0,0.000,0.000,3,0,1.000,0,0.000,3404.445,0.233,0.245,7.375,0.443,0.507,0.396,0.190,0.810,0.251,0.580
2088,69.600,0.000,416.270,0.000,344.681,1,0,1,0.000,1.592,3,0,1.000,1,0.000,3404.445,0.267,0.257,8.456,0.494,0.480,0.785,0.196,0.804,0.707,0.650
2091,69.700,0.000,207.993,0.000,-208.278,1,0,1,0.000,1.699,3,0,1.000,2,0.000,3404.445,0.300,0.255,10.213,0.468,0.476,0.478,0.205,0.795,0.773,0.450
2094,69.800,31.241,0.000,-200.778,0.000,2,1,0,31.241,1.638,3,0,1.000,4,32.757,4149.459,0.333,0.249,6.518,0.582,0.439,1.030,0.195,0.805,0.766,0.650
2097,69.900,35.847,0.000,4.606,0.000,1,1,0,0.000,1.453,3,0,1.000,2,0.000,4014.700,0.367,0.249,7.858,0.693,0.327,0.285,0.186,0.814,0.711,0.650
2100,70.000,0.000,0.000,0.000,0.000,0,0,0,0.000,0.000,3,0,1.000,0,0.000,4014.700,0.367,0.249,7.784,0.658,0.250,3.028,0.174,0.826,0.263,0.650
2103,70.100,0.000,0.000,0.000,0.000,0,0,0,0.000,0.000,3,0,1.000,0,0.000,4014.700,0.367,0.249,7.842,0.563,0.091,0.990,0.176,0.824,0.271,0.580
2106,70.200,0.000,0.000,0.000,0.000,0,0,0,0.000,0.000,3,0,1.000,0,0.000,4014.700,0.367,0.249,7.901,0.385,0.069,0.664,0.184,0.816,0.285,0.580
2109,70.300,0.000,0.000,0.000,0.000,0,0,0,0.000,0.000,3,0,1.000,0,0.000,4014.700,0.367,0.249,7.202,0.220,0.197,0.290,0.184,0.816,0.279,0.580
2112,70.400,0.000,0.000,0.000,0.000,0,0,0,0.000,0.000,3,0,1.000,0,0.000,4014.700,0.367,0.249,8.046,0.106,0.303,0.336,0.175,0.825,0.307,0.580
2115,70.500,0.000,0.000,0.000,0.000,0,0,0,0.000,0.000,3,0,1.000,0,0.000,4014.700,0.367,0.249,6.702,0.348,0.434,0.088,0.171,0.829,0.257,0.580
2118,70.600,0.000,0.000,0.000,0.000,0,0,0,0.000,0.000,3,0,1.000,0,0.000,4014.700,0.333,0.249,7.591,0.591,0.584,0.425,0.178,0.822,0.258,0.580
2121,70.700,0.000,0.000,0.000,0.000,0,0,0,0.000,0.000,3,0,1.000,0,0.000,4014.700,0.300,0.249,6.870,0.326,0.716,0.086,0.172,0.828,0.255,0.580
2124,70.800,0.000,0.000,0.000,0.000,0,0,0,0.000,0.000,3,0,1.000,0,0.000,4014.700,0.267,0.249,5.031,0.204,0.722,0.504,0.178,0.822,0.213,0.580
2127,70.900,0.000,0.000,0.000,0.000,0,0,0,0.000,0.000,3,0,1.000,0,0.000,4014.700,0.233,0.249,4.268,0.375,0.378,0.207,0.191,0.809,0.178,0.580
2130,71.000,0.000,0.000,0.000,0.000,0,0,0,0.000,0.000,3,0,1.000,0,0.000,4014.700,0.233,0.249,4.555,0.702,0.154,1.734,0.216,0.784,0.163,0.580
2133,71.100,0.000,0.000,0.000,0.000,0,0,0,0.000,0.000,3,0,1.000,0,0.000,4014.700,0.233,0.249,5.227,0.839,0.068,0.063,0.229,0.771,0.170,0.580
2136,71.200,0.000,0.000,0.000,0.000,0,0,0,0.000,0.000,3,0,1.000,0,0.000,4014.700,0.233,0.249,4.838,0.850,0.104,0.158,0.225,0.775,0.159,0.580
2139,71.300,0.000,503.612,0.000,295.619,1,0,1,0.000,1.723,3,0,1.000,2,0.000,4014.700,0.267,0.263,4.231,0.813,0.380,0.376,0.221,0.779,0.651,0.650
2142,71.400,0.000,15.264,0.000,-488.348,1,0,1,0.000,2.000,3,0,1.000,2,0.000,4014.700,0.267,0.263,3.658,0.715,0.428,0.332,0.214,0.786,0.478,0.580
2145,71.500,0.000,5.000,0.000,-10.264,1,0,1,0.000,1.989,3,0,1.000,2,0.000,4014.700,0.300,0.263,3.453,0.844,0.601,0.278,0.214,0.786,0.411,0.580
2148,71.600,0.000,3.162,0.000,-1.838,1,0,1,0.000,1.691,3,0,1.000,2,0.000,4014.700,0.300,0.263,3.712,0.936,0.754,0.181,0.209,0.791,0.401,0.580
2151,71.700,0.000,4.123,0.000,0.961,1,0,1,0.000,1.459,3,0,1.000,1,0.000,4014.700,0.300,0.264,2.883,0.963,1.008,0.094,0.182,0.818,0.324,0.580
2154,71.800,0.000,1.414,0.000,-2.709,1,0,1,0.000,1.376,3,0,1.000,2,0.000,4014.700,0.333,0.264,2.649,0.877,1.507,0.494,0.207,0.793,0.373,0.700
2157,71.900,0.000,2.236,0.000,0.822,1,0,1,0.000,1.395,3,0,1.000,2,0.000,4014.700,0.367,0.264,2.438,0.930,2.101,0.619,0.211,0.789,0.372,0.700
2160,72.000,0.000,1.414,0.000,-0.822,1,0,1,0.000,1.289,3,0,1.000,2,0.000,4014.700,0.400,0.255,3.568,0.960,2.934,0.097,0.237,0.763,0.398,0.700
2163,72.100,0.000,9.849,0.000,8.435,1,0,1,0.000,1.538,3,0,1.000,2,0.000,4014.700,0.433,0.241,4.002,0.949,3.417,0.099,0.339,0.661,0.460,0.700
2166,72.200,0.000,12.207,0.000,2.358,1,0,1,0.000,1.185,3,0,1.000,2,0.000,4014.700,0.467,0.233,4.907,0.930,3.907,0.271,0.242,0.758,0.501,0.700
2169,72.300,0.000,22.825,0.000,10.619,1,0,1,0.000,1.115,3,0,1.000,2,0.000,4014.700,0.500,0.221,7.483,0.963,3.818,0.483,0.235,0.765,0.626,0.700
2172,72.400,0.000,65.192,0.000,42.367,1,0,1,0.000,1.289,3,0,1.000,2,0.000,4097.130,0.533,0.219,4.215,0.894,3.122,0.853,0.211,0.789,0.677,0.700
2175,72.500,0.000,86.093,0.000,20.901,1,0,1,0.000,1.203,3,0,1.000,2,62.650,3964.537,0.567,0.218,2.670,0.827,2.369,0.680,0.170,0.830,0.647,0.700
2178,72.600,0.000,83.217,0.000,-2.876,1,0,1,0.000,1.089,3,0,1.000,2,82.298,3686.755,0.567,0.218,3.554,0.896,2.070,0.424,0.172,0.828,0.664,0.700
2181,72.700,0.000,16.553,0.000,-66.664,1,0,1,0.000,0.978,3,0,1.000,2,85.510,2770.354,0.567,0.218,5.504,0.937,1.969,0.116,0.185,0.815,0.552,0.700
2184,72.800,0.000,16.401,0.000,-0.152,1,0,1,0.000,0.966,3,0,1.000,2,120.017,2346.169,0.567,0.218,5.046,0.981,1.961,0.022,0.178,0.822,0.537,0.700
2187,72.900,0.000,2.828,0.000,-13.573,1,0,1,0.000,0.799,4,1,0.966,2,55.036,2324.050,0.567,0.218,2.867,0.943,1.657,0.013,0.152,0.848,0.479,0.750
2190,73.000,0.000,12.806,0.000,9.978,1,0,1,0.000,0.789,4,0,0.966,2,72.007,2444.305,0.600,0.218,2.133,0.852,1.411,0.272,0.139,0.861,0.527,0.700
2193,73.100,0.000,9.487,0.000,-3.319,1,0,1,0.000,0.776,4,0,0.966,2,90.956,2235.634,0.633,0.218,2.741,0.900,1.230,0.083,0.162,0.838,0.524,0.580
2196,73.200,0.000,14.866,0.000,5.379,1,0,1,0.000,0.625,3,1,0.931,2,15.811,1934.869,0.667,0.220,2.532,0.894,1.110,0.045,0.156,0.844,0.483,0.750
2199,73.300,0.000,1.000,0.000,-13.866,1,0,1,0.000,0.875,3,0,0.931,1,8.602,1707.457,0.700,0.308,2.131,0.961,0.916,0.034,0.143,0.857,0.336,0.580
2202,73.400,0.000,7.071,0.000,6.071,1,0,1,0.000,0.878,3,0,0.931,2,17.088,1405.568,0.733,0.308,1.896,0.960,0.736,0.117,0.133,0.867,0.427,0.580
2205,73.500,0.000,4.123,0.000,-2.948,1,0,1,0.000,0.845,4,1,0.897,2,105.043,1464.300,0.767,0.308,1.401,0.866,0.571,0.246,0.123,0.877,0.479,0.750
2208,73.600,0.000,5.831,0.000,1.708,1,0,1,0.000,0.719,4,0,0.897,2,116.842,1495.510,0.800,0.308,1.607,0.848,0.566,0.473,0.136,0.864,0.499,0.649
2211,73.700,0.000,12.369,0.000,6.538,1,0,1,0.000,0.576,4,0,0.897,2,58.000,1506.918,0.833,0.299,2.663,0.856,0.651,0.288,0.162,0.838,0.565,0.580
2214,73.800,0.000,6.325,0.000,-6.045,1,0,1,0.000,0.572,3,1,0.862,2,117.720,1635.864,0.867,0.291,2.557,0.916,0.866,0.204,0.159,0.841,0.459,0.750
2217,73.900,0.000,2.236,0.000,-4.088,1,0,1,0.000,0.626,3,0,0.862,2,114.529,1766.194,0.900,0.282,1.880,0.960,1.021,0.396,0.170,0.830,0.420,0.636
2220,74.000,0.000,3.000,0.000,0.764,1,0,1,0.000,0.620,3,0,0.862,2,0.000,1496.950,0.933,0.282,2.307,0.924,1.148,0.353,0.180,0.820,0.442,0.580
2223,74.100,0.000,4.123,0.000,1.123,1,0,1,0.000,0.362,3,0,0.862,2,0.000,1211.494,0.967,0.287,2.603,0.856,1.024,0.450,0.185,0.815,0.464,0.580
2226,74.200,0.000,19.723,0.000,15.600,1,0,1,0.000,0.380,3,0,0.862,2,0.000,1082.574,1.000,0.287,3.961,0.878,1.019,0.191,0.200,0.800,0.587,0.000
2229,74.300,0.000,41.785,0.000,22.062,1,0,1,0.000,0.388,3,0,0.862,2,0.000,1134.989,1.000,0.504,6.281,0.920,1.100,0.644,0.208,0.792,0.765,0.000
2232,74.400,86.267,43.681,50.420,1.895,2,1,1,377.680,1.421,3,0,0.862,4,0.000,1479.754,1.000,0.496,5.416,0.890,1.052,0.138,0.204,0.796,0.873,0.650
2235,74.500,17.464,0.000,-68.803,0.000,1,1,0,0.000,1.449,3,0,0.862,2,0.000,1816.614,1.000,0.496,3.464,0.760,0.859,0.414,0.200,0.800,0.570,0.650
2238,74.600,1.414,0.000,-16.050,0.000,1,1,0,0.000,1.706,3,0,0.862,2,0.000,2319.409,1.000,0.496,4.560,0.866,0.686,0.305,0.206,0.794,0.501,0.580
2241,74.700,6.083,0.000,4.669,0.000,1,1,0,0.000,1.398,3,0,0.862,2,2.236,2274.908,1.000,0.496,1.300,0.754,0.541,1.928,0.142,0.858,0.454,0.580
2244,74.800,12.530,0.000,6.447,0.000,1,1,0,0.000,1.408,3,0,0.862,2,13.000,2498.040,1.000,0.496,3.381,0.835,0.575,0.536,0.199,0.801,0.536,0.580
2247,74.900,6.325,0.000,-6.205,0.000,1,1,0,0.000,1.217,3,0,0.862,2,21.471,2438.754,1.000,0.496,5.747,0.958,0.482,0.254,0.226,0.774,0.552,0.580
2250,75.000,14.422,0.000,8.098,0.000,1,1,0,0.000,1.165,3,0,0.862,2,21.471,2438.754,1.000,0.496,8.473,0.937,0.273,0.131,0.233,0.767,0.655,0.350
2253,75.100,14.000,0.000,-0.422,0.000,1,1,0,0.000,1.079,3,0,0.862,2,21.471,2438.754,1.000,0.496,8.072,0.977,0.130,0.078,0.245,0.755,0.649,0.350
2256,75.200,7.071,0.000,-6.929,0.000,1,1,0,0.000,1.026,3,0,0.862,2,21.471,2438.754,1.000,0.496,4.267,0.969,0.480,0.149,0.216,0.784,0.518,0.580
2259,75.300,11.180,0.000,4.109,0.000,1,1,0,0.000,1.100,3,0,0.862,2,21.471,2438.754,1.000,0.496,4.036,0.936,0.652,0.053,0.210,0.790,0.537,0.580
2262,75.400,14.318,0.000,3.137,0.000,1,1,0,0.000,0.861,3,0,0.862,2,21.471,2438.754,1.000,0.496,4.847,0.867,1.282,0.068,0.213,0.787,0.580,0.000
2265,75.500,28.018,0.000,13.700,0.000,1,1,0,0.000,0.805,3,0,0.862,2,21.471,2438.754,1.000,0.496,5.249,0.903,1.631,0.655,0.208,0.792,0.664,0.700
2268,75.600,25.298,0.000,-2.720,0.000,1,1,0,0.000,0.561,3,0,0.862,2,21.471,2438.754,1.000,0.496,3.874,0.862,1.819,1.707,0.178,0.822,0.617,0.700
2271,75.700,19.209,0.000,-6.089,0.000,1,1,0,0.000,0.431,3,0,0.862,2,21.471,2438.754,1.000,0.496,3.950,0.817,1.988,0.143,0.195,0.805,0.588,0.700
2274,75.800,28.178,0.000,8.969,0.000,1,1,0,0.000,0.450,3,0,0.897,2,21.471,2438.754,1.000,0.496,5.081,0.654,2.592,0.864,0.215,0.785,0.678,0.700
2277,75.900,28.862,0.000,0.684,0.000,1,1,0,0.000,0.406,3,0,0.897,2,21.471,2438.754,1.000,0.496,7.974,0.683,1.883,1.043,0.226,0.774,0.752,0.700
2280,76.000,25.710,0.000,-3.152,0.000,1,1,0,0.000,0.448,3,0,0.897,2,21.471,2438.754,1.000,0.496,7.430,0.779,1.608,0.126,0.215,0.785,0.714,0.700
2283,76.100,31.305,501.807,5.595,458.126,2,1,1,25.080,0.609,3,0,0.931,4,21.471,2438.754,1.000,0.479,6.202,0.413,1.744,1.297,0.200,0.800,0.926,0.700
2286,76.200,31.385,0.000,0.080,0.000,1,1,0,0.000,0.340,4,1,0.897,3,21.471,2438.754,1.000,0.479,5.138,0.593,1.658,0.015,0.193,0.807,0.816,0.750
2289,76.300,0.000,0.000,0.000,0.000,0,0,0,0.000,0.000,4,0,0.897,0,21.471,2438.754,0.967,0.479,4.546,0.675,1.821,0.464,0.176,0.824,0.352,0.700
2292,76.400,0.000,0.000,0.000,0.000,0,0,0,0.000,0.000,4,0,0.931,0,21.471,2438.754,0.933,0.479,4.354,0.282,1.833,0.569,0.152,0.848,0.371,0.700
2295,76.500,0.000,0.000,0.000,0.000,0,0,0,0.000,0.000,3,1,0.897,0,21.471,2438.754,0.900,0.479,3.967,0.481,1.472,0.957,0.155,0.845,0.244,0.750
2298,76.600,461.460,0.000,430.075,0.000,1,1,0,0.000,0.580,3,0,0.897,2,0.000,2452.694,0.900,0.430,3.045,0.417,0.783,0.024,0.174,0.826,0.725,0.650
2301,76.700,0.000,0.000,0.000,0.000,0,0,0,0.000,0.000,3,0,0.931,0,0.000,2452.694,0.867,0.430,4.335,0.763,0.354,0.080,0.186,0.814,0.229,0.650
2304,76.800,0.000,0.000,0.000,0.000,0,0,0,0.000,0.000,3,0,0.931,0,0.000,2452.694,0.833,0.430,3.957,0.606,0.312,0.383,0.200,0.800,0.226,0.580
2307,76.900,0.000,0.000,0.000,0.000,0,0,0,0.000,0.000,3,0,0.931,0,0.000,2452.694,0.800,0.430,3.996,0.767,0.268,0.622,0.210,0.790,0.212,0.580
2310,77.000,0.000,0.000,0.000,0.000,0,0,0,0.000,0.000,3,0,0.931,0,0.000,2452.694,0.767,0.430,2.764,0.567,0.152,1.974,0.204,0.796,0.191,0.580
2313,77.100,0.000,0.000,0.000,0.000,0,0,0,0.000,0.000,3,0,0.931,0,0.000,2452.694,0.733,0.430,2.327,0.681,0.038,0.045,0.186,0.814,0.169,0.580
2316,77.200,0.000,0.000,0.000,0.000,0,0,0,0.000,0.000,3,0,0.931,0,0.000,2452.694,0.700,0.430,2.942,0.776,0.147,0.050,0.199,0.801,0.173,0.580
2319,77.300,0.000,0.000,0.000,0.000,0,0,0,0.000,0.000,3,0,0.931,0,0.000,2452.694,0.667,0.430,2.973,0.779,0.184,0.067,0.207,0.793,0.170,0.580
2322,77.400,0.000,0.000,0.000,0.000,0,0,0,0.000,0.000,3,0,0.931,0,0.000,2452.694,0.633,0.430,3.150,0.851,0.224,0.121,0.202,0.798,0.165,0.580
2325,77.500,0.000,0.000,0.000,0.000,0,0,0,0.000,0.000,3,0,0.931,0,0.000,2452.694,0.600,0.430,3.066,0.855,0.463,0.437,0.183,0.817,0.159,0.580
2328,77.600,0.000,0.000,0.000,0.000,0,0,0,0.000,0.000,3,0,0.931,0,0.000,2452.694,0.567,0.430,2.830,0.599,0.738,3.125,0.181,0.819,0.167,0.580
2331,77.700,0.000,0.000,0.000,0.000,0,0,0,0.000,0.000,3,0,0.931,0,0.000,2452.694,0.533,0.430,2.788,0.618,0.907,0.961,0.168,0.832,0.160,0.580
2334,77.800,0.000,0.000,0.000,0.000,0,0,0,0.000,0.000,3,0,0.931,0,0.000,2452.694,0.500,0.430,3.236,0.851,1.338,1.991,0.162,0.838,0.151,0.580
2337,77.900,0.000,0.000,0.000,0.000,0,0,0,0.000,0.000,3,0,0.931,0,0.000,2452.694,0.467,0.430,3.645,0.851,1.515,0.311,0.158,0.842,0.158,0.700
2340,78.000,0.000,0.000,0.000,0.000,0,0,0,0.000,0.000,3,0,0.931,0,0.000,2452.694,0.433,0.430,1.688,0.759,1.454,0.775,0.150,0.850,0.111,0.700
2343,78.100,0.000,0.000,0.000,0.000,0,0,0,0.000,0.000,3,0,0.931,0,0.000,2452.694,0.400,0.430,1.694,0.701,1.515,1.755,0.130,0.870,0.111,0.700
2346,78.200,0.000,0.000,0.000,0.000,0,0,0,0.000,0.000,3,0,0.931,0,0.000,2452.694,0.367,0.430,2.592,0.674,1.458,0.856,0.159,0.841,0.132,0.700
2349,78.300,40.361,0.000,-421.099,0.000,1,1,0,0.000,0.619,3,0,0.931,2,114.726,2623.299,0.367,0.259,2.568,0.518,1.553,0.611,0.165,0.835,0.616,0.700
2352,78.400,18.868,0.000,-21.493,0.000,1,1,0,0.000,0.806,3,0,0.931,2,0.000,2479.788,0.367,0.259,4.998,0.342,1.616,0.848,0.187,0.813,0.570,0.700
2355,78.500,0.000,464.039,0.000,-37.768,1,0,1,0.000,0.979,3,0,0.931,2,0.000,2501.694,0.367,0.259,3.873,0.699,1.497,1.259,0.201,0.799,0.662,0.700
2358,78.600,0.000,5.831,0.000,-458.208,1,0,1,0.000,0.922,3,0,0.931,2,1.414,2510.994,0.367,0.259,2.979,0.373,1.230,2.780,0.153,0.847,0.445,0.580
2361,78.700,0.000,3.606,0.000,-2.225,1,0,1,0.000,1.055,3,0,0.931,2,0.000,2233.234,0.367,0.259,3.037,0.524,1.047,0.355,0.157,0.843,0.423,0.580
2364,78.800,267.761,0.000,175.930,0.000,2,1,0,267.761,1.303,3,0,0.931,4,53.852,2299.924,0.367,0.254,12.891,0.162,0.968,0.798,0.355,0.645,0.913,0.650
2367,78.900,13.601,62.008,-254.160,58.403,2,1,1,281.258,1.352,6,1,0.897,5,82.710,1957.548,0.367,0.250,0.943,0.776,0.449,1.941,0.110,0.890,0.763,0.750
2370,79.000,5.000,5.385,-8.601,-56.623,2,1,1,291.122,1.423,6,0,0.897,5,78.006,1992.847,0.367,0.246,1.213,0.897,0.416,0.062,0.119,0.881,0.541,0.580
2373,79.100,279.952,0.000,0.306,0.000,2,1,0,279.952,1.884,6,0,0.931,5,74.947,1549.388,0.367,0.237,1.768,0.779,0.386,0.264,0.099,0.901,0.784,0.500
2376,79.200,18.000,23.770,-261.952,18.385,2,1,1,266.822,2.035,7,1,0.897,6,58.873,1740.015,0.367,0.228,1.986,0.863,0.294,0.276,0.116,0.884,0.670,0.750
2379,79.300,33.242,10.000,15.242,-13.770,2,1,1,251.645,1.818,7,0,0.897,4,21.095,1855.264,0.400,0.223,2.004,0.710,0.188,0.126,0.091,0.909,0.686,0.350
2382,79.400,14.765,9.055,-18.477,-0.945,2,1,1,243.403,1.626,7,0,0.931,4,25.962,1668.149,0.433,0.218,2.231,0.522,0.201,0.111,0.083,0.917,0.606,0.580
2385,79.500,5.385,8.246,-9.380,-0.809,2,1,1,237.255,1.396,5,1,0.897,4,79.025,1068.330,0.467,0.214,3.812,0.261,0.306,0.095,0.122,0.878,0.673,0.750
2388,79.600,14.422,0.000,9.037,0.000,1,1,0,0.000,1.510,5,0,0.897,2,44.294,1108.019,0.467,0.214,3.279,0.251,0.190,0.605,0.090,0.910,0.573,0.650
2391,79.700,12.530,0.000,-1.892,0.000,1,1,0,0.000,1.683,5,0,0.897,2,29.155,1096.848,0.500,0.214,3.792,0.410,0.432,0.093,0.115,0.885,0.568,0.580
2394,79.800,14.765,23.854,2.235,15.608,2,1,1,271.267,1.660,5,1,0.862,4,80.324,1242.804,0.533,0.214,2.551,0.713,0.785,0.569,0.085,0.915,0.704,0.750
2397,79.900,282.703,0.000,268.775,0.000,2,1,0,282.703,1.394,5,0,0.862,6,31.145,1402.504,0.567,0.379,3.052,0.685,1.015,2.457,0.131,0.869,0.876,0.550
2400,80.000,249.479,0.000,-15.709,0.000,2,1,0,249.479,2.109,5,0,0.862,6,97.514,1389.669,0.600,0.358,2.164,0.676,0.540,2.459,0.135,0.865,0.859,0.550
2403,80.100,244.049,6.325,-5.430,-17.529,2,1,1,252.230,2.391,6,1,0.828,4,92.650,1307.875,0.633,0.347,1.610,0.234,0.279,1.485,0.083,0.917,0.820,0.750
2406,80.200,8.246,14.318,-235.803,7.993,2,1,1,264.940,2.362,6,0,0.828,4,135.473,1690.049,0.667,0.347,1.961,0.360,0.112,0.357,0.089,0.911,0.653,0.750
2409,80.300,20.616,24.187,12.369,9.869,2,1,1,304.370,2.165,6,0,0.828,4,70.838,1607.554,0.700,0.347,2.384,0.395,0.012,0.682,0.077,0.923,0.720,0.580
2412,80.400,50.478,19.698,29.862,-4.489,2,1,1,365.679,1.949,6,0,0.828,6,17.464,1817.737,0.733,0.347,4.587,0.568,0.523,0.097,0.118,0.882,0.943,0.450
2415,80.500,37.590,0.000,-12.888,0.000,1,1,0,0.000,1.871,6,0,0.828,4,0.000,2174.645,0.767,0.347,5.339,0.519,0.360,0.291,0.109,0.891,0.818,0.650
2418,80.600,7.280,0.000,-30.310,0.000,1,1,0,0.000,1.907,6,0,0.828,4,0.000,2307.619,0.800,0.358,1.511,0.374,0.206,0.660,0.075,0.925,0.568,0.580
2421,80.700,27.659,0.000,20.379,0.000,1,1,0,0.000,1.578,5,1,0.793,3,0.000,2337.637,0.833,0.358,4.484,0.629,0.185,1.357,0.100,0.900,0.730,0.750
2424,80.800,36.056,100.722,8.397,81.025,2,1,1,421.019,1.208,5,0,0.793,6,17.464,2183.994,0.867,0.358,5.697,0.774,0.104,0.384,0.160,0.840,0.972,0.650
2427,80.900,29.967,50.912,-6.089,-49.811,2,1,1,358.504,1.304,5,0,0.793,5,90.918,1643.655,0.900,0.347,7.172,0.361,0.014,0.560,0.155,0.845,1.000,0.505
2430,81.000,43.566,0.000,13.599,0.000,1,1,0,0.000,0.650,5,0,0.793,2,0.000,1568.914,0.933,0.347,3.538,0.480,0.165,0.004,0.120,0.880,0.781,0.650
2433,81.100,60.877,0.000,17.311,0.000,1,1,0,0.000,0.538,5,0,0.793,2,72.443,1589.409,0.967,0.347,3.353,0.738,0.109,2.356,0.159,0.841,0.770,0.550
2436,81.200,46.228,77.827,-14.649,26.915,2,1,1,175.171,1.190,5,0,0.793,4,23.431,2275.775,1.000,0.347,3.475,0.544,0.073,1.880,0.142,0.858,0.913,0.650
2439,81.300,34.713,22.472,-11.515,-55.355,2,1,1,208.866,1.134,5,0,0.793,4,67.052,3400.957,1.000,0.358,3.511,0.377,0.037,2.154,0.125,0.875,0.868,0.550
2442,81.400,232.860,0.000,173.447,0.000,2,1,0,232.860,0.754,5,0,0.793,4,117.886,3145.869,1.000,0.358,1.847,0.485,0.060,2.884,0.127,0.873,0.876,0.655
2445,81.500,262.429,0.000,29.569,0.000,1,1,0,0.000,1.129,5,0,0.793,2,0.000,2759.779,1.000,0.369,3.151,0.730,0.079,0.788,0.143,0.857,0.770,0.650
2448,81.600,4.000,0.000,-258.429,0.000,1,1,0,0.000,1.318,5,0,0.793,2,70.328,2804.714,1.000,0.369,2.738,0.833,0.145,0.127,0.157,0.843,0.524,0.580
2451,81.700,0.000,8.062,0.000,-285.686,2,0,1,8.062,1.182,5,0,0.793,4,35.228,2602.319,1.000,0.369,2.416,0.877,0.204,0.141,0.149,0.851,0.658,0.650
2454,81.800,0.000,12.806,0.000,4.744,1,0,1,0.000,1.464,5,0,0.828,2,82.492,2865.545,1.000,0.379,1.929,0.839,0.240,0.087,0.149,0.851,0.553,0.650
2457,81.900,5.385,0.000,1.385,0.000,1,1,0,0.000,1.352,4,1,0.793,2,88.091,3061.320,1.000,0.379,2.044,0.779,1.616,0.763,0.144,0.856,0.536,0.750
2460,82.000,17.692,0.000,12.307,0.000,1,1,0,0.000,1.677,4,0,0.793,2,99.765,3421.874,1.000,0.389,1.785,0.643,1.005,0.123,0.149,0.851,0.608,0.580
2463,82.100,11.180,0.000,-6.511,0.000,1,1,0,0.000,1.795,4,0,0.828,2,44.385,3038.638,1.000,0.389,1.832,0.674,0.380,2.091,0.126,0.874,0.571,0.580
2466,82.200,5.099,0.000,-6.081,0.000,1,1,0,0.000,1.580,4,0,0.828,2,43.863,1535.108,1.000,0.399,1.879,0.689,0.409,1.250,0.126,0.874,0.537,0.580
2469,82.300,27.731,0.000,22.632,0.000,1,1,0,0.000,1.584,4,0,0.828,2,44.011,1460.244,1.000,0.408,1.503,0.460,0.094,0.153,0.097,0.903,0.669,0.350
2472,82.400,16.000,0.000,-11.731,0.000,1,1,0,0.000,1.252,4,0,0.862,2,35.903,767.947,1.000,0.408,2.035,0.480,0.323,0.882,0.102,0.898,0.616,0.580
2475,82.500,13.601,0.000,-2.399,0.000,1,1,0,0.000,1.022,4,0,0.862,2,41.304,739.085,1.000,0.417,1.051,0.258,0.685,0.114,0.079,0.921,0.594,0.580
2478,82.600,0.000,87.023,0.000,74.217,1,0,1,0.000,1.533,4,0,0.862,2,27.857,736.444,1.000,0.417,1.785,0.272,0.778,0.359,0.099,0.901,0.786,0.500
2481,82.700,0.000,9.899,0.000,-77.123,1,0,1,0.000,1.634,4,0,0.897,2,27.857,736.444,1.000,0.426,2.054,0.690,0.847,1.445,0.128,0.872,0.568,0.580
2484,82.800,0.000,2.236,0.000,-7.663,1,0,1,0.000,1.443,4,0,0.897,2,92.655,1044.175,1.000,0.426,1.253,0.306,0.894,0.715,0.094,0.906,0.532,0.580
2487,82.900,0.000,3.606,0.000,1.369,1,0,1,0.000,1.586,4,0,0.897,2,3.606,1299.099,1.000,0.435,0.534,0.672,1.043,1.372,0.063,0.937,0.496,0.580
2490,83.000,41.677,0.000,28.076,0.000,1,1,0,0.000,0.911,4,0,0.931,2,55.444,1299.594,1.000,0.435,0.943,0.180,1.012,1.472,0.089,0.911,0.752,0.550
2493,83.100,11.402,0.000,-30.276,0.000,1,1,0,0.000,0.911,4,0,0.931,2,55.444,1299.594,1.000,0.444,1.749,0.776,1.170,0.225,0.147,0.853,0.563,0.580
2496,83.200,8.246,0.000,-3.156,0.000,1,1,0,0.000,0.647,4,0,0.931,2,55.444,1299.594,1.000,0.453,1.109,0.505,1.316,0.475,0.103,0.897,0.548,0.580
2499,83.300,16.763,0.000,8.517,0.000,1,1,0,0.000,0.590,4,0,0.931,2,25.239,1373.559,1.000,0.453,2.168,0.724,1.422,0.144,0.134,0.866,0.607,0.700
2502,83.400,31.145,0.000,14.382,0.000,1,1,0,0.000,0.614,4,0,0.931,2,25.239,1373.559,1.000,0.462,4.505,0.437,1.363,0.236,0.115,0.885,0.765,0.000
2505,83.500,15.297,0.000,-15.848,0.000,1,1,0,0.000,0.546,4,0,0.931,2,25.239,1373.559,1.000,0.462,3.137,0.400,1.122,0.710,0.105,0.895,0.645,0.580
2508,83.600,0.000,94.641,0.000,91.036,1,0,1,0.000,1.512,4,0,0.966,2,58.421,1580.804,1.000,0.462,1.420,0.536,0.929,0.572,0.104,0.896,0.758,0.500
2511,83.700,5.831,0.000,-9.466,0.000,1,1,0,0.000,0.778,4,0,0.966,2,58.421,1580.804,1.000,0.462,0.833,0.424,0.976,0.421,0.080,0.920,0.534,0.580
2514,83.800,0.000,0.000,0.000,0.000,0,0,0,0.000,0.000,4,0,0.966,0,58.421,1580.804,0.967,0.462,1.440,0.710,0.907,0.503,0.104,0.896,0.272,0.650
2517,83.900,182.497,0.000,176.666,0.000,1,1,0,0.000,0.675,4,0,0.966,3,0.000,2517.434,0.967,0.463,13.476,0.386,0.789,0.923,0.393,0.607,0.974,0.650
2520,84.000,32.558,0.000,-149.939,0.000,1,1,0,0.000,0.944,3,1,0.931,2,0.000,2890.878,0.967,0.463,8.651,0.920,0.039,2.321,0.278,0.722,0.752,0.750
2523,84.100,0.000,0.000,0.000,0.000,0,0,0,0.000,0.000,3,0,0.931,0,0.000,2890.878,0.933,0.463,7.782,0.705,0.946,0.305,0.288,0.712,0.327,0.650
2526,84.200,0.000,0.000,0.000,0.000,0,0,0,0.000,0.000,3,0,0.931,0,0.000,2890.878,0.900,0.463,7.375,0.946,1.736,1.180,0.257,0.743,0.296,0.700
2529,84.300,0.000,0.000,0.000,0.000,0,0,0,0.000,0.000,3,0,0.931,0,0.000,2890.878,0.867,0.463,2.935,0.860,2.737,0.409,0.192,0.808,0.187,0.700
2532,84.400,256.907,0.000,224.349,0.000,1,1,0,0.000,1.259,3,0,0.931,1,0.000,2890.878,0.867,0.430,3.836,0.882,3.766,1.253,0.215,0.785,0.648,0.700
2535,84.500,57.035,0.000,-199.872,0.000,1,1,0,0.000,1.510,3,0,0.931,2,0.000,4324.800,0.867,0.430,6.868,0.839,3.585,2.896,0.256,0.744,0.787,0.700
2538,84.600,90.028,0.000,32.993,0.000,1,1,0,0.000,1.473,3,0,0.931,2,58.310,5153.210,0.867,0.438,6.885,0.654,4.969,0.139,0.251,0.749,0.800,0.700
2541,84.700,5.000,0.000,-85.028,0.000,1,1,0,0.000,1.501,3,0,0.931,2,47.707,5695.439,0.867,0.438,2.893,0.603,6.528,2.390,0.146,0.854,0.482,0.700
2544,84.800,60.407,0.000,55.407,0.000,1,1,0,0.000,1.780,3,0,0.966,2,115.603,5850.190,0.867,0.438,7.270,0.747,7.381,0.032,0.192,0.808,0.803,0.700
2547,84.900,71.840,308.449,11.433,213.808,2,1,1,45.804,1.785,3,0,0.966,4,45.804,5746.100,0.867,0.438,4.889,0.566,7.813,1.350,0.192,0.808,0.867,0.700
2550,85.000,24.698,0.000,-47.142,0.000,1,1,0,0.000,1.860,3,0,0.966,2,0.000,4090.819,0.867,0.438,10.082,0.880,4.109,0.391,0.219,0.781,0.700,0.700
2553,85.100,20.616,0.000,-4.083,0.000,1,1,0,0.000,1.733,3,0,0.966,2,0.000,2462.650,0.867,0.438,8.082,0.618,4.214,0.489,0.204,0.796,0.695,0.700
2556,85.200,43.417,0.000,22.801,0.000,1,1,0,0.000,1.741,4,1,0.931,3,43.417,1027.088,0.867,0.438,4.289,0.123,4.689,2.198,0.180,0.820,0.879,0.750
2559,85.300,49.518,0.000,6.101,0.000,1,1,0,0.000,1.768,4,0,0.931,3,94.493,1118.494,0.867,0.430,5.400,0.806,4.851,1.085,0.214,0.786,0.868,0.700
2562,85.400,90.355,0.000,40.837,0.000,1,1,0,0.000,1.820,4,0,0.931,3,0.000,1153.249,0.867,0.430,4.565,0.181,5.121,1.224,0.229,0.771,0.890,0.700
2565,85.500,45.122,0.000,-18.005,0.000,2,1,0,45.122,1.688,4,0,0.931,4,22.804,1318.539,0.867,0.421,7.726,0.844,1.172,0.832,0.242,0.758,1.000,0.650
2568,85.600,10.000,0.000,-35.122,0.000,1,1,0,0.000,1.735,4,0,0.931,2,0.000,1435.239,0.867,0.421,12.205,0.884,0.894,0.009,0.244,0.756,0.688,0.650
2571,85.700,5.099,0.000,-4.901,0.000,1,1,0,0.000,1.941,4,0,0.931,2,11.180,1397.060,0.867,0.421,6.099,0.973,0.820,0.349,0.231,0.769,0.607,0.580
2574,85.800,29.530,0.000,24.431,0.000,1,1,0,0.000,1.988,3,1,0.897,2,14.036,1423.239,0.867,0.421,14.087,0.954,0.677,0.161,0.266,0.734,0.721,0.750
2577,85.900,141.014,0.000,111.485,0.000,1,1,0,0.000,1.947,3,0,0.897,2,0.000,1469.979,0.867,0.421,7.579,0.790,0.859,0.432,0.245,0.755,0.808,0.450
2580,86.000,27.019,0.000,-113.996,0.000,1,1,0,0.000,1.592,3,0,0.897,2,32.388,1628.229,0.867,0.421,10.533,0.793,0.894,1.796,0.280,0.720,0.719,0.550
2583,86.100,19.647,0.000,-7.372,0.000,1,1,0,0.000,1.677,4,1,0.862,2,53.009,1816.075,0.867,0.421,5.456,0.902,0.862,1.577,0.235,0.765,0.676,0.750
2586,86.200,3.606,0.000,-16.041,0.000,1,1,0,0.000,1.738,4,0,0.862,2,53.009,1816.075,0.867,0.421,4.175,0.335,0.744,0.825,0.239,0.761,0.595,0.580
2589,86.300,78.492,0.000,40.915,0.000,2,1,0,78.492,1.755,4,0,0.862,4,0.000,1854.884,0.867,0.413,15.315,0.888,0.757,1.357,0.283,0.717,1.000,0.650
2592,86.400,34.670,0.000,-43.822,0.000,1,1,0,0.000,1.565,4,0,0.862,3,48.270,1857.279,0.867,0.405,17.366,0.555,0.825,0.511,0.298,0.702,0.893,0.650
2595,86.500,0.000,130.943,0.000,-177.507,1,0,1,0.000,1.533,4,0,0.862,2,0.000,2303.044,0.867,0.405,12.405,0.672,1.069,0.227,0.319,0.681,0.897,0.500
2598,86.600,80.100,0.000,45.430,0.000,1,1,0,0.000,1.361,4,0,0.862,2,0.000,2624.774,0.867,0.405,10.558,0.517,0.935,0.689,0.294,0.706,0.908,0.500
2601,86.700,12.166,0.000,-67.934,0.000,1,1,0,0.000,1.243,4,0,0.862,2,0.000,2888.768,0.867,0.414,9.640,0.884,0.897,0.447,0.306,0.694,0.700,0.580
2604,86.800,6.708,0.000,-5.457,0.000,1,1,0,0.000,1.354,4,0,0.862,2,0.000,3029.094,0.900,0.414,6.333,0.902,1.020,1.164,0.300,0.700,0.630,0.580
2607,86.900,0.000,14.142,0.000,-116.801,1,0,1,0.000,1.492,4,0,0.897,2,0.000,2991.269,0.900,0.453,2.247,0.425,1.054,2.601,0.202,0.798,0.603,0.580
2610,87.000,0.000,0.000,0.000,0.000,0,0,0,0.000,0.000,4,1,0.862,0,0.000,2991.269,0.867,0.453,6.837,0.637,1.583,0.190,0.315,0.685,0.400,0.750
2613,87.100,221.163,0.000,214.455,0.000,1,1,0,0.000,1.207,4,0,0.862,3,0.000,2991.269,0.900,0.446,4.227,0.829,1.632,1.822,0.207,0.793,0.841,0.700
2616,87.200,12.649,0.000,-208.514,0.000,1,1,0,0.000,0.974,4,0,0.862,3,0.000,2991.269,0.933,0.437,2.395,0.744,0.990,0.286,0.217,0.783,0.625,0.580
2619,87.300,3.162,0.000,-9.487,0.000,1,1,0,0.000,0.906,3,1,0.828,2,291.084,3828.719,0.967,0.437,2.361,0.457,0.931,1.546,0.205,0.795,0.481,0.750
2622,87.400,0.000,199.023,0.000,184.880,1,0,1,0.000,1.587,3,0,0.828,2,0.000,3493.808,0.967,0.446,8.042,0.899,0.271,1.915,0.291,0.709,0.823,0.550
2625,87.500,0.000,0.000,0.000,0.000,0,0,0,0.000,0.000,3,0,0.828,0,0.000,3493.808,0.933,0.446,17.356,0.894,0.206,0.201,0.290,0.710,0.319,0.650
2628,87.600,72.450,0.000,69.288,0.000,1,1,0,0.000,1.085,3,0,0.828,2,0.000,3179.519,0.933,0.440,8.833,0.509,0.269,1.756,0.279,0.721,0.846,0.650
2631,87.700,6.403,0.000,-66.047,0.000,1,1,0,0.000,1.094,3,0,0.828,2,17.493,3208.248,0.933,0.440,2.897,0.632,0.371,1.433,0.231,0.769,0.496,0.580
2634,87.800,0.000,0.000,0.000,0.000,0,0,0,0.000,0.000,3,0,0.828,0,17.493,3208.248,0.900,0.440,5.400,0.926,0.327,0.973,0.242,0.758,0.248,0.650
2637,87.900,49.336,0.000,42.932,0.000,1,1,0,0.000,1.285,3,0,0.828,2,17.029,3295.550,0.900,0.436,7.415,0.846,0.068,0.114,0.265,0.735,0.804,0.650
2640,88.000,76.164,0.000,26.829,0.000,1,1,0,0.000,1.437,3,0,0.828,2,17.029,3295.550,0.900,0.445,4.463,0.677,0.422,0.973,0.244,0.756,0.742,0.450
2643,88.100,0.000,41.437,0.000,-157.586,1,0,1,0.000,1.506,3,0,0.862,2,17.029,3295.550,0.900,0.445,4.301,0.830,0.577,0.233,0.245,0.755,0.708,0.500
2646,88.200,26.401,0.000,-49.764,0.000,1,1,0,0.000,1.453,5,1,0.828,3,17.029,3295.550,0.900,0.445,6.022,0.902,0.714,3.002,0.275,0.725,0.750,0.750
2649,88.300,12.042,0.000,-14.359,0.000,1,1,0,0.000,1.772,5,0,0.828,3,51.108,3608.750,0.900,0.445,8.602,0.946,0.902,0.909,0.290,0.710,0.717,0.580
2652,88.400,65.000,0.000,52.958,0.000,1,1,0,0.000,1.890,5,0,0.828,2,0.000,3583.764,0.900,0.453,6.121,0.650,0.892,2.612,0.262,0.738,0.837,0.550
2655,88.500,0.000,0.000,0.000,0.000,0,0,0,0.000,0.000,3,1,0.793,0,0.000,3583.764,0.867,0.453,9.589,0.778,0.743,0.772,0.272,0.728,0.320,0.750
2658,88.600,101.020,0.000,36.020,0.000,1,1,0,0.000,1.803,3,0,0.793,2,0.000,3190.654,0.867,0.450,9.766,0.837,0.680,2.729,0.317,0.683,0.815,0.650
2661,88.700,28.636,0.000,-72.384,0.000,1,1,0,0.000,1.626,3,0,0.828,2,20.881,2971.034,0.867,0.450,9.514,0.766,0.453,0.055,0.300,0.700,0.729,0.450
2664,88.800,4.123,0.000,-24.513,0.000,1,1,0,0.000,1.555,5,1,0.793,3,19.105,2776.459,0.867,0.442,2.682,0.721,0.270,1.413,0.176,0.824,0.551,0.750
2667,88.900,36.000,0.000,31.877,0.000,1,1,0,0.000,1.316,5,0,0.793,3,0.000,2468.969,0.867,0.442,6.236,0.748,0.094,0.014,0.267,0.733,0.816,0.450
2670,89.000,0.000,0.000,0.000,0.000,0,0,0,0.000,0.000,5,0,0.828,0,0.000,2468.969,0.833,0.442,7.419,0.364,0.127,2.273,0.250,0.750,0.430,0.650
2673,89.100,116.469,0.000,80.469,0.000,1,1,0,0.000,1.281,3,1,0.793,2,0.000,1626.789,0.833,0.440,8.118,0.670,0.332,0.166,0.262,0.738,0.823,0.750
2676,89.200,0.000,0.000,0.000,0.000,0,0,0,0.000,0.000,3,0,0.793,0,0.000,1626.789,0.800,0.440,4.488,0.759,0.390,2.901,0.249,0.751,0.225,0.650
2679,89.300,6.708,0.000,-109.761,0.000,1,1,0,0.000,1.336,3,0,0.793,2,0.000,1595.519,0.800,0.438,5.860,0.867,0.346,0.856,0.259,0.741,0.539,0.650
2682,89.400,83.006,0.000,76.298,0.000,1,1,0,0.000,1.181,3,0,0.793,2,18.788,1637.570,0.800,0.438,6.281,0.571,0.225,0.330,0.263,0.737,0.783,0.450
2685,89.500,142.225,0.000,59.219,0.000,1,1,0,0.000,1.215,3,0,0.793,2,0.000,1647.937,0.800,0.447,11.159,0.776,0.121,0.753,0.296,0.704,0.812,0.450
2688,89.600,21.633,0.000,-120.592,0.000,1,1,0,0.000,1.432,3,0,0.793,2,0.000,1257.328,0.800,0.447,15.033,0.967,0.122,0.102,0.288,0.712,0.668,0.450
2691,89.700,32.249,0.000,10.616,0.000,1,1,0,0.000,1.635,3,0,0.793,2,85.147,1275.594,0.800,0.447,8.529,0.657,0.425,0.817,0.285,0.715,0.749,0.350
2694,89.800,4.000,0.000,-28.249,0.000,1,1,0,0.000,1.762,3,0,0.793,2,1.000,1446.324,0.800,0.447,4.908,0.643,0.549,0.384,0.245,0.755,0.516,0.580
2697,89.900,10.440,0.000,6.440,0.000,1,1,0,0.000,2.088,3,0,0.828,2,13.000,1585.347,0.800,0.447,4.474,0.524,0.434,2.315,0.227,0.773,0.549,0.580
2700,90.000,50.090,0.000,39.650,0.000,1,1,0,0.000,1.780,3,0,0.828,2,0.000,1404.548,0.833,0.447,8.674,0.844,0.349,2.261,0.278,0.722,0.811,0.550
2703,90.100,59.304,0.000,33.809,0.000,2,1,0,59.304,1.607,3,0,0.828,4,0.000,1381.625,0.833,0.440,5.263,0.629,0.274,0.823,0.268,0.732,0.868,0.650
2706,90.200,0.000,0.000,0.000,0.000,0,0,0,0.000,0.000,3,0,0.862,0,0.000,1381.625,0.800,0.440,2.479,0.710,0.091,0.575,0.208,0.792,0.178,0.650
2709,90.300,93.038,0.000,33.733,0.000,1,1,0,0.000,1.716,3,0,0.862,2,102.078,1641.410,0.800,0.447,4.725,0.645,0.170,2.071,0.250,0.750,0.739,0.650
2712,90.400,11.402,0.000,-81.636,0.000,1,1,0,0.000,1.528,3,0,0.862,2,0.000,1751.669,0.800,0.447,7.234,0.930,0.139,0.982,0.295,0.705,0.595,0.580
2715,90.500,6.403,0.000,-4.999,0.000,1,1,0,0.000,1.195,3,0,0.862,2,0.000,1809.349,0.833,0.447,5.919,0.961,0.086,0.179,0.286,0.714,0.536,0.580
2718,90.600,6.325,0.000,-0.079,0.000,1,1,0,0.000,1.027,4,1,0.828,2,19.105,1883.817,0.833,0.447,3.792,0.928,0.113,0.463,0.267,0.733,0.555,0.750
2721,90.700,146.509,0.000,140.185,0.000,1,1,0,0.000,1.000,4,0,0.828,3,87.693,2849.665,0.833,0.448,5.791,0.868,0.008,0.189,0.302,0.698,0.869,0.550
2724,90.800,44.045,0.000,-102.464,0.000,1,1,0,0.000,0.997,4,0,0.828,3,0.000,3596.725,0.867,0.442,7.004,0.898,0.000,2.730,0.279,0.721,0.896,0.550
2727,90.900,12.042,0.000,-32.004,0.000,1,1,0,0.000,0.849,6,0,0.828,3,0.000,4062.649,0.867,0.442,2.443,0.824,0.021,0.798,0.261,0.739,0.564,0.580
2730,91.000,4.123,0.000,-7.918,0.000,1,1,0,0.000,0.852,6,0,0.828,3,28.636,4503.950,0.867,0.433,2.394,0.920,0.065,0.271,0.217,0.783,0.512,0.580
2733,91.100,48.021,0.000,43.898,0.000,1,1,0,0.000,0.943,6,0,0.862,4,48.270,3886.244,0.867,0.433,3.749,0.715,0.511,0.577,0.243,0.757,0.818,0.550
2736,91.200,39.319,0.000,-8.702,0.000,1,1,0,0.000,0.889,5,0,0.862,4,0.000,2096.494,0.867,0.428,6.874,0.724,0.908,2.533,0.272,0.728,0.888,0.550
2739,91.300,30.463,0.000,-8.856,0.000,1,1,0,0.000,1.049,5,0,0.862,2,54.129,1450.775,0.867,0.428,4.153,0.710,1.016,2.430,0.208,0.792,0.699,0.550
2742,91.400,17.029,0.000,-13.434,0.000,1,1,0,0.000,1.360,5,0,0.897,4,89.694,1547.649,0.867,0.428,1.501,0.271,0.918,1.703,0.144,0.856,0.661,0.580
2745,91.500,22.804,0.000,5.774,0.000,1,1,0,0.000,1.419,4,1,0.862,2,9.220,1370.144,0.900,0.428,4.599,0.893,0.921,1.328,0.229,0.771,0.677,0.750
2748,91.600,2.828,0.000,-19.975,0.000,1,1,0,0.000,1.613,4,0,0.862,3,0.000,1137.780,0.900,0.431,5.972,0.655,1.001,1.716,0.240,0.760,0.662,0.580
2751,91.700,110.639,0.000,107.811,0.000,1,1,0,0.000,1.826,4,0,0.897,3,89.308,1170.120,0.900,0.428,6.990,0.829,0.889,0.529,0.283,0.717,0.910,0.550
2754,91.800,13.892,0.000,-96.747,0.000,1,1,0,0.000,1.981,3,1,0.862,2,0.000,1333.839,0.900,0.428,2.163,0.926,0.602,1.464,0.205,0.795,0.494,0.750
2757,91.900,40.608,0.000,26.715,0.000,1,1,0,0.000,1.805,3,0,0.862,2,80.231,1387.944,0.900,0.428,2.711,0.604,0.731,0.601,0.209,0.791,0.679,0.450
2760,92.000,51.352,0.000,10.744,0.000,1,1,0,0.000,1.819,3,0,0.897,2,32.280,1317.287,0.933,0.428,4.818,0.783,0.855,0.364,0.252,0.748,0.748,0.350
2763,92.100,89.185,175.841,37.833,134.404,2,1,1,55.317,1.710,3,0,0.897,4,0.000,1873.855,0.933,0.419,5.965,0.774,0.843,1.553,0.309,0.691,0.887,0.650
2766,92.200,21.024,0.000,-68.161,0.000,1,1,0,0.000,1.448,3,0,0.897,2,5.385,2253.719,0.967,0.419,5.648,0.823,0.683,0.621,0.257,0.743,0.636,0.650
2769,92.300,25.020,0.000,3.996,0.000,1,1,0,0.000,1.111,3,0,0.897,2,0.000,2303.544,0.967,0.419,18.008,0.924,0.724,0.915,0.296,0.704,0.710,0.350
2772,92.400,62.769,0.000,12.411,0.000,2,1,0,62.769,1.116,4,1,0.862,5,0.000,2209.559,0.967,0.426,10.885,0.770,0.510,0.486,0.293,0.707,1.000,0.750
2775,92.500,46.098,0.000,-16.672,0.000,1,1,0,0.000,0.962,4,0,0.862,3,35.228,2107.785,0.967,0.417,6.879,0.843,0.227,0.972,0.301,0.699,0.914,0.650
2778,92.600,17.720,0.000,-28.378,0.000,1,1,0,0.000,1.006,4,0,0.862,3,63.569,1822.044,0.967,0.417,2.542,0.239,0.048,1.624,0.185,0.815,0.696,0.550
2781,92.700,16.279,0.000,-1.441,0.000,1,1,0,0.000,1.037,5,1,0.828,4,0.000,2357.065,0.967,0.408,4.204,0.881,0.414,1.358,0.250,0.750,0.694,0.750
2784,92.800,61.131,0.000,44.852,0.000,1,1,0,0.000,1.265,5,0,0.828,2,0.000,2192.229,0.967,0.417,3.507,0.377,0.411,1.619,0.173,0.827,0.799,0.550
2787,92.900,55.218,0.000,-5.913,0.000,1,1,0,0.000,1.299,5,0,0.828,2,20.248,1905.494,0.967,0.417,3.764,0.609,0.412,0.909,0.177,0.823,0.789,0.350
2790,93.000,105.688,0.000,50.470,0.000,1,1,0,0.000,1.451,4,1,0.793,3,7.616,1767.735,0.967,0.417,14.835,0.908,0.543,0.811,0.310,0.690,0.937,0.750
2793,93.100,22.023,0.000,-83.666,0.000,1,1,0,0.000,1.395,4,0,0.793,3,0.000,1748.418,0.967,0.417,9.748,0.977,1.171,0.559,0.308,0.692,0.805,0.450
2796,93.200,34.015,0.000,11.992,0.000,1,1,0,0.000,1.378,4,0,0.793,3,0.000,1794.728,1.000,0.417,7.948,0.820,1.267,0.465,0.273,0.727,0.885,0.350
2799,93.300,0.000,0.000,0.000,0.000,0,0,0,0.000,0.000,3,1,0.759,0,0.000,1794.728,0.967,0.417,3.917,0.639,1.134,0.110,0.251,0.749,0.239,0.750
2802,93.400,123.369,0.000,89.355,0.000,1,1,0,0.000,1.634,3,0,0.759,2,133.929,1796.748,0.967,0.419,11.366,0.978,1.210,0.628,0.292,0.708,0.818,0.744
2805,93.500,5.099,0.000,-118.270,0.000,1,1,0,0.000,1.784,3,0,0.793,2,15.232,1830.760,0.967,0.419,3.369,0.944,1.729,1.822,0.247,0.753,0.483,0.700
2808,93.600,10.000,0.000,4.901,0.000,1,1,0,0.000,1.711,3,0,0.793,2,2.000,1921.944,0.967,0.419,5.653,0.956,1.755,0.345,0.286,0.714,0.566,0.700
2811,93.700,79.000,0.000,69.000,0.000,1,1,0,0.000,1.511,3,0,0.793,2,0.000,1531.575,0.967,0.428,4.959,0.559,1.629,0.037,0.260,0.740,0.771,0.700
2814,93.800,44.294,0.000,-34.706,0.000,1,1,0,0.000,1.445,3,0,0.793,2,0.000,1647.420,0.967,0.428,4.715,0.605,1.615,1.380,0.259,0.741,0.758,0.700
2817,93.900,28.018,0.000,-16.277,0.000,1,1,0,0.000,1.309,3,0,0.793,2,7.071,1625.719,0.967,0.428,3.253,0.729,0.354,1.437,0.234,0.766,0.622,0.550
2820,94.000,7.071,0.000,-20.947,0.000,1,1,0,0.000,1.004,3,0,0.793,2,0.000,1530.330,0.967,0.437,5.406,0.907,0.071,1.298,0.257,0.743,0.547,0.580
2823,94.100,10.440,0.000,3.369,0.000,1,1,0,0.000,0.975,3,0,0.793,2,9.849,1466.014,0.967,0.437,4.268,0.838,0.030,0.928,0.253,0.747,0.542,0.580
2826,94.200,0.000,0.000,0.000,0.000,0,0,0,0.000,0.000,4,1,0.759,0,9.849,1466.014,0.933,0.437,3.632,0.779,0.020,3.036,0.217,0.783,0.318,0.750
2829,94.300,41.629,0.000,31.189,0.000,1,1,0,0.000,1.056,4,0,0.759,3,0.000,1361.124,0.933,0.431,4.220,0.550,0.055,1.596,0.225,0.775,0.845,0.650
2832,94.400,6.325,0.000,-35.305,0.000,1,1,0,0.000,0.890,4,0,0.793,3,0.000,1324.924,0.933,0.423,4.954,0.458,0.078,0.713,0.250,0.750,0.674,0.580
2835,94.500,27.803,0.000,21.478,0.000,1,1,0,0.000,0.908,3,1,0.759,2,0.000,1306.504,0.933,0.423,4.103,0.911,0.062,0.002,0.255,0.745,0.625,0.750
2838,94.600,79.158,0.000,51.355,0.000,1,1,0,0.000,1.146,3,0,0.759,2,100.285,1781.069,0.933,0.431,4.588,0.551,0.261,0.532,0.232,0.768,0.758,0.557
2841,94.700,0.000,339.249,0.000,163.408,1,0,1,0.000,1.755,3,0,0.793,2,0.000,2292.230,0.933,0.431,12.359,0.274,0.389,2.310,0.442,0.558,0.863,0.692
2844,94.800,0.000,0.000,0.000,0.000,0,0,0,0.000,0.000,4,1,0.759,0,0.000,2292.230,0.900,0.431,1.822,0.715,0.338,0.415,0.175,0.825,0.273,0.750
2847,94.900,0.000,0.000,0.000,0.000,0,0,0,0.000,0.000,4,0,0.759,0,0.000,2292.230,0.867,0.431,3.014,0.842,0.404,0.366,0.206,0.794,0.290,0.580
2850,95.000,471.365,0.000,392.207,0.000,1,1,0,0.000,1.290,4,0,0.759,2,0.000,2292.230,0.867,0.415,4.579,0.794,0.666,0.374,0.215,0.785,0.803,0.650
2853,95.100,0.000,118.794,0.000,-220.455,1,0,1,0.000,1.759,5,1,0.724,2,0.000,2292.230,0.867,0.415,2.471,0.609,0.615,2.107,0.203,0.797,0.745,0.750
2856,95.200,0.000,0.000,0.000,0.000,0,0,0,0.000,0.000,5,0,0.724,0,0.000,2292.230,0.833,0.415,3.965,0.673,0.657,0.069,0.196,0.804,0.322,0.650
2859,95.300,0.000,0.000,0.000,0.000,0,0,0,0.000,0.000,5,0,0.759,0,0.000,2292.230,0.800,0.415,3.530,0.829,0.658,2.446,0.197,0.803,0.296,0.580
2862,95.400,0.000,0.000,0.000,0.000,0,0,0,0.000,0.000,5,0,0.759,0,0.000,2292.230,0.767,0.415,5.097,0.922,0.609,0.043,0.242,0.758,0.325,0.580
2865,95.500,337.429,0.000,-133.937,0.000,1,1,0,0.000,1.606,5,0,0.759,2,137.906,2257.367,0.767,0.400,3.062,0.785,0.444,1.616,0.215,0.785,0.736,0.750
2868,95.600,48.662,0.000,-15.228,0.000,2,1,0,48.662,1.614,5,0,0.793,4,141.428,2622.850,0.767,0.400,2.114,0.688,0.462,0.444,0.144,0.856,0.841,0.750
2871,95.700,62.073,0.000,13.410,0.000,1,1,0,0.000,1.252,5,0,0.793,2,175.414,3096.285,0.767,0.400,6.060,0.812,0.552,1.301,0.249,0.751,0.809,0.750
2874,95.800,20.100,0.000,-41.973,0.000,1,1,0,0.000,1.049,5,0,0.793,2,10.817,3241.369,0.767,0.408,4.936,0.862,0.488,0.240,0.276,0.724,0.639,0.580
2877,95.900,17.692,0.000,-2.408,0.000,1,1,0,0.000,1.287,5,0,0.828,2,161.112,3734.029,0.767,0.408,3.765,0.938,0.493,0.263,0.239,0.761,0.591,0.750
2880,96.000,19.647,0.000,1.955,0.000,1,1,0,0.000,1.030,7,0,0.828,2,0.000,3911.375,0.767,0.415,5.195,0.977,0.548,0.345,0.291,0.709,0.614,0.580
2883,96.100,15.556,0.000,-4.091,0.000,1,1,0,0.000,0.891,7,0,0.828,2,151.030,4177.175,0.767,0.415,3.870,0.979,0.431,0.159,0.274,0.726,0.558,0.750
2886,96.200,3.162,0.000,-12.394,0.000,1,1,0,0.000,0.647,7,0,0.862,2,145.000,4027.755,0.767,0.415,3.869,0.922,0.349,0.075,0.276,0.724,0.493,0.750
2889,96.300,3.162,0.000,0.000,0.000,1,1,0,0.000,0.616,5,0,0.862,2,141.004,3832.328,0.800,0.415,4.161,0.856,0.593,0.190,0.278,0.722,0.530,0.750
2892,96.400,12.649,0.000,9.487,0.000,1,1,0,0.000,0.795,5,0,0.862,2,0.000,2980.828,0.800,0.415,5.523,0.827,0.458,0.094,0.289,0.711,0.618,0.580
2895,96.500,18.028,0.000,5.379,0.000,1,1,0,0.000,0.813,5,0,0.862,2,160.527,3013.179,0.800,0.423,4.300,0.883,0.239,0.124,0.267,0.733,0.614,0.750
2898,96.600,7.616,0.000,-10.412,0.000,1,1,0,0.000,0.851,3,1,0.828,2,150.479,2914.187,0.800,0.423,2.733,0.967,0.286,0.154,0.258,0.742,0.459,0.750
2901,96.700,2.828,0.000,-4.787,0.000,1,1,0,0.000,0.586,3,0,0.828,2,3.606,2827.580,0.800,0.422,1.406,0.873,0.179,0.060,0.170,0.830,0.406,0.580
2904,96.800,0.000,0.000,-2.828,0.000,1,1,0,0.000,0.600,3,0,0.828,2,96.799,2569.370,0.800,0.422,1.099,0.825,0.224,0.916,0.144,0.856,0.386,0.580
2907,96.900,6.325,0.000,6.325,0.000,1,1,0,0.000,0.612,5,1,0.793,2,5.099,2566.279,0.800,0.422,1.345,0.657,0.259,1.123,0.189,0.811,0.491,0.750
2910,97.000,3.000,0.000,-3.325,0.000,1,1,0,0.000,0.481,5,0,0.793,2,1.000,2239.199,0.800,0.422,1.698,0.822,0.423,0.423,0.219,0.781,0.470,0.580
2913,97.100,5.831,0.000,2.831,0.000,1,1,0,0.000,0.572,5,0,0.828,2,6.403,2241.109,0.800,0.422,2.066,0.643,0.392,0.416,0.244,0.756,0.507,0.580
2916,97.200,8.544,0.000,2.713,0.000,1,1,0,0.000,0.340,5,1,0.793,2,3.162,2267.398,0.833,0.422,2.442,0.687,0.322,0.297,0.257,0.743,0.532,0.750
2919,97.300,13.454,0.000,4.910,0.000,1,1,0,0.000,0.478,5,0,0.793,2,168.360,2349.938,0.833,0.422,3.690,0.863,0.484,0.376,0.275,0.725,0.579,0.750
2922,97.400,19.647,0.000,6.193,0.000,1,1,0,0.000,0.516,5,0,0.828,2,164.985,2589.299,0.833,0.422,7.277,0.711,0.538,0.017,0.279,0.721,0.713,0.750
2925,97.500,35.847,0.000,16.200,0.000,1,1,0,0.000,0.497,6,1,0.793,2,0.000,2298.338,0.833,0.422,9.238,0.542,0.408,0.174,0.275,0.725,0.821,0.750
2928,97.600,34.713,0.000,-1.134,0.000,1,1,0,0.000,0.472,6,0,0.793,2,0.000,2269.179,0.833,0.430,11.460,0.355,0.325,0.437,0.292,0.708,0.828,0.000
2931,97.700,44.102,0.000,9.389,0.000,1,1,0,0.000,0.432,6,0,0.828,2,0.000,2269.179,0.833,0.430,14.379,0.304,0.097,0.097,0.304,0.696,0.884,0.000
2934,97.800,46.530,0.000,2.427,0.000,1,1,0,0.000,0.402,6,0,0.828,2,0.000,2269.179,0.867,0.430,14.892,0.397,0.884,2.319,0.308,0.692,0.886,0.550
2937,97.900,539.416,0.000,488.152,0.000,2,1,0,539.416,0.688,6,0,0.828,4,0.000,2759.010,0.900,0.422,17.187,0.456,1.532,0.173,0.306,0.694,0.996,0.700
2940,98.000,577.339,0.000,37.922,0.000,1,1,0,0.000,0.943,6,0,0.862,1,0.000,2759.010,0.900,0.430,17.274,0.613,2.055,0.069,0.301,0.699,0.845,0.700
2943,98.100,0.000,743.788,0.000,624.994,1,0,1,0.000,1.731,4,1,0.828,1,0.000,2759.010,0.900,0.438,17.644,0.519,2.895,0.027,0.291,0.709,0.867,0.750
2946,98.200,470.568,14.560,-106.771,-729.228,2,1,1,523.417,1.476,4,0,0.828,3,0.000,2450.169,0.933,0.438,16.848,0.586,3.905,0.048,0.274,0.726,1.000,0.700
2949,98.300,0.000,12.083,0.000,-2.477,1,0,1,0.000,1.529,4,0,0.828,1,0.000,2450.169,0.967,0.487,15.148,0.746,4.225,0.029,0.244,0.756,0.676,0.700
2952,98.400,0.000,28.653,0.000,16.570,1,0,1,0.000,1.362,3,1,0.793,1,0.000,2450.169,1.000,0.496,13.693,0.887,4.429,0.050,0.227,0.773,0.677,0.750
2955,98.500,452.604,0.000,-17.964,0.000,1,1,0,0.000,1.588,3,0,0.793,2,0.000,2450.169,1.000,0.496,11.248,0.865,4.906,0.125,0.214,0.786,0.829,0.700
2958,98.600,0.000,48.847,0.000,20.194,1,0,1,0.000,1.356,3,0,0.793,2,0.000,2450.169,1.000,0.504,9.016,0.883,5.159,0.036,0.205,0.795,0.828,0.700
2961,98.700,29.614,0.000,-422.989,0.000,1,1,0,0.000,1.931,4,1,0.759,2,0.000,2450.169,1.000,0.504,5.373,0.716,5.444,0.005,0.192,0.808,0.759,0.750
2964,98.800,4.123,0.000,-25.491,0.000,1,1,0,0.000,1.917,4,0,0.759,2,0.000,2450.169,1.000,0.504,3.804,0.612,6.291,0.088,0.180,0.820,0.585,0.700
2967,98.900,9.220,0.000,5.096,0.000,1,1,0,0.000,2.045,4,0,0.759,2,0.000,2450.169,1.000,0.504,3.150,0.438,6.662,0.591,0.174,0.826,0.609,0.700
2970,99.000,8.062,0.000,-1.157,0.000,1,1,0,0.000,2.066,3,1,0.724,2,0.000,2450.169,1.000,0.504,2.163,0.432,5.036,0.460,0.155,0.845,0.509,0.750
2973,99.100,8.062,0.000,0.000,0.000,1,1,0,0.000,1.706,3,0,0.724,2,0.000,2450.169,1.000,0.504,1.733,0.536,3.555,0.260,0.142,0.858,0.491,0.700
2976,99.200,3.162,0.000,-4.900,0.000,1,1,0,0.000,1.420,3,0,0.724,2,315.785,4404.300,1.000,0.504,1.617,0.830,2.282,0.107,0.144,0.856,0.440,0.750
2979,99.300,10.000,0.000,6.838,0.000,1,1,0,0.000,1.212,3,0,0.724,2,10.000,6008.175,1.000,0.504,2.175,0.873,1.332,0.266,0.161,0.839,0.489,0.580
2982,99.400,0.000,0.000,0.000,0.000,0,0,0,0.000,0.000,3,0,0.724,0,10.000,6008.175,0.967,0.504,2.438,0.902,0.786,0.060,0.168,0.832,0.184,0.650
2985,99.500,0.000,0.000,0.000,0.000,0,0,0,0.000,0.000,3,0,0.759,0,10.000,6008.175,0.933,0.504,2.174,0.844,0.343,0.389,0.153,0.847,0.177,0.580
2988,99.600,492.062,0.000,482.062,0.000,1,1,0,0.000,0.881,5,1,0.724,4,0.000,6855.314,0.933,0.470,12.549,0.276,0.000,3.101,0.294,0.706,0.987,0.750
2991,99.700,12.042,0.000,-480.020,0.000,1,1,0,0.000,0.563,5,0,0.724,4,129.541,7483.174,0.933,0.462,3.117,0.831,0.206,0.706,0.167,0.833,0.643,0.720
2994,99.800,452.994,0.000,443.939,0.000,2,1,0,452.994,0.741,5,0,0.759,6,0.000,7361.594,0.933,0.445,2.929,0.777,0.503,0.190,0.161,0.839,0.911,0.650
2997,99.900,443.938,0.000,-10.103,0.000,2,1,0,443.938,1.480,5,0,0.759,6,0.000,3429.080,0.933,0.428,3.355,0.635,0.800,0.084,0.165,0.835,0.931,0.350
3000,100.000,15.033,539.890,-428.905,491.043,2,1,1,457.351,1.383,5,0,0.759,6,58.822,3506.109,0.933,0.410,3.532,0.828,1.114,0.358,0.158,0.842,0.922,0.500
3003,100.100,14.318,5.000,-0.715,-534.890,2,1,1,439.693,1.585,5,0,0.793,6,81.216,3193.280,0.933,0.392,4.259,0.707,1.445,0.726,0.158,0.842,0.779,0.700
3006,100.200,10.770,11.000,-3.547,6.000,2,1,1,432.071,1.705,5,0,0.793,6,0.000,2937.939,0.933,0.373,2.784,0.619,1.788,0.918,0.118,0.882,0.729,0.700
3009,100.300,7.000,4.243,-3.770,-6.757,2,1,1,421.732,1.789,5,0,0.793,6,71.021,2716.048,0.933,0.342,1.088,0.283,2.016,0.026,0.108,0.892,0.688,0.700
3012,100.400,6.403,6.083,-0.597,1.840,2,1,1,416.108,1.557,5,0,0.828,6,69.181,3525.694,0.933,0.320,0.791,0.541,2.066,2.071,0.065,0.935,0.660,0.700
3015,100.500,3.000,5.000,-3.403,-1.083,2,1,1,423.495,1.860,4,1,0.793,5,0.000,3386.870,0.933,0.309,1.814,0.850,1.861,0.591,0.114,0.886,0.656,0.750
3018,100.600,19.723,11.662,16.723,6.662,2,1,1,400.810,1.797,4,0,0.793,6,92.698,3311.110,0.933,0.311,1.596,0.789,1.581,0.824,0.108,0.892,0.736,0.700
3021,100.700,9.000,5.099,-10.723,-6.563,2,1,1,397.042,1.476,4,0,0.793,5,91.389,3522.244,0.933,0.311,0.820,0.673,1.329,0.837,0.061,0.939,0.665,0.580
3024,100.800,4.472,2.000,-4.528,-3.099,2,1,1,390.786,1.770,5,1,0.759,6,74.733,2834.219,0.933,0.311,0.806,0.753,1.127,2.753,0.084,0.916,0.634,0.750
3027,100.900,2.000,1.000,-2.472,-1.000,2,1,1,390.283,1.612,5,0,0.759,6,69.893,2616.295,0.933,0.311,0.733,0.087,0.982,2.700,0.049,0.951,0.665,0.580
3030,101.000,4.472,7.071,2.472,6.071,2,1,1,393.742,1.871,5,0,0.793,6,69.181,2266.569,0.933,0.311,0.847,0.485,0.869,1.699,0.062,0.938,0.669,0.580
3033,101.100,20.616,11.314,16.143,4.243,2,1,1,402.492,2.085,5,0,0.793,6,106.438,2337.060,0.933,0.311,1.320,0.699,0.762,2.432,0.066,0.934,0.741,0.591
3036,101.200,12.166,11.180,-8.450,-0.133,2,1,1,387.160,1.887,5,0,0.793,6,105.304,3315.569,0.933,0.311,1.046,0.510,0.907,0.975,0.050,0.950,0.700,0.585
3039,101.300,4.243,2.000,-7.923,-9.180,2,1,1,385.695,1.969,5,0,0.828,6,75.961,3039.225,0.933,0.311,2.280,0.215,0.866,0.106,0.069,0.931,0.708,0.580
3042,101.400,3.162,14.318,-1.080,12.318,2,1,1,392.943,1.928,5,1,0.793,6,105.309,4322.474,0.933,0.311,3.045,0.347,0.813,0.309,0.087,0.913,0.773,0.750
3045,101.500,10.050,5.831,6.888,-8.487,2,1,1,377.573,1.871,5,0,0.793,6,85.428,3612.429,0.933,0.311,1.273,0.140,0.780,1.014,0.072,0.928,0.720,0.580
3048,101.600,6.403,8.944,-3.647,3.113,2,1,1,374.767,1.818,5,0,0.828,6,0.000,3525.457,0.933,0.311,3.187,0.161,0.794,0.554,0.085,0.915,0.760,0.580
3051,101.700,10.000,5.000,3.597,-3.944,2,1,1,385.389,1.803,5,1,0.793,6,29.275,2133.345,0.933,0.298,1.159,0.540,0.801,0.920,0.073,0.927,0.689,0.750
3054,101.800,4.472,5.099,-5.528,0.099,2,1,1,383.548,1.845,5,0,0.793,6,63.891,2210.249,0.933,0.298,1.915,0.607,0.787,0.923,0.091,0.909,0.676,0.580
3057,101.900,12.042,8.246,7.569,3.147,2,1,1,394.994,1.946,5,0,0.828,6,62.650,3289.254,0.933,0.298,2.131,0.371,0.677,1.928,0.111,0.889,0.736,0.580
3060,102.000,12.042,7.280,0.000,-0.966,2,1,1,387.930,1.971,5,0,0.828,6,98.234,3712.910,0.933,0.298,3.025,0.093,0.566,2.400,0.118,0.882,0.778,0.580
3063,102.100,8.485,12.042,-3.556,4.761,2,1,1,378.022,1.860,5,0,0.828,6,101.769,3601.978,0.933,0.298,3.079,0.620,0.525,1.465,0.098,0.902,0.742,0.580
3066,102.200,13.601,10.050,5.116,-1.992,2,1,1,389.622,1.898,5,0,0.828,6,104.924,3701.725,0.933,0.298,3.826,0.887,0.484,0.216,0.140,0.860,0.751,0.583
3069,102.300,7.280,7.616,-6.321,-2.434,2,1,1,379.051,1.812,5,0,0.828,6,80.006,4273.164,0.933,0.298,1.357,0.792,0.385,0.092,0.106,0.894,0.663,0.580
3072,102.400,3.000,3.162,-4.280,-4.453,2,1,1,377.461,1.580,5,0,0.828,6,78.791,4902.104,0.967,0.298,1.159,0.549,0.332,1.515,0.091,0.909,0.654,0.580
3075,102.500,3.162,1.000,0.162,-2.162,2,1,1,380.171,1.902,5,0,0.862,6,87.207,4236.757,1.000,0.298,1.694,0.682,0.276,2.199,0.111,0.889,0.662,0.580
3078,102.600,5.385,3.606,2.223,2.606,2,1,1,374.363,1.887,5,0,0.862,6,31.016,4200.075,1.000,0.298,1.439,0.222,0.221,0.968,0.089,0.911,0.700,0.580
3081,102.700,7.616,6.000,2.231,2.394,2,1,1,380.434,1.756,5,0,0.862,6,16.492,3558.364,1.000,0.298,1.376,0.336,0.103,0.689,0.057,0.943,0.703,0.580
3084,102.800,7.071,6.403,-0.545,0.403,2,1,1,376.198,1.715,5,0,0.862,6,0.000,3438.935,1.000,0.298,1.722,0.877,0.244,1.946,0.133,0.867,0.671,0.580
3087,102.900,1.414,13.038,-5.657,6.635,2,1,1,385.083,1.645,5,1,0.828,6,83.934,2621.319,1.000,0.298,3.017,0.685,0.255,0.908,0.112,0.888,0.750,0.750
3090,103.000,1.414,15.000,0.000,1.962,2,1,1,386.083,1.665,5,0,0.828,6,72.346,3801.024,1.000,0.298,3.155,0.442,0.279,0.190,0.117,0.883,0.781,0.350
3093,103.100,5.000,6.083,3.586,-8.917,2,1,1,382.424,1.599,5,0,0.828,6,71.197,3815.225,1.000,0.298,1.737,0.594,0.582,0.483,0.090,0.910,0.686,0.350
3096,103.200,13.038,5.099,8.038,-0.984,2,1,1,368.879,1.574,4,1,0.793,6,36.715,3637.109,1.000,0.298,2.576,0.583,0.668,0.283,0.109,0.891,0.746,0.750
3099,103.300,12.207,5.000,-0.832,-0.099,2,1,1,377.330,1.565,4,0,0.793,6,107.005,3761.707,1.000,0.298,4.184,0.201,0.984,0.059,0.092,0.908,0.808,0.594
3102,103.400,8.544,31.321,-3.663,26.321,2,1,1,353.825,1.437,4,0,0.828,6,103.160,3405.039,1.000,0.298,3.712,0.473,1.106,0.137,0.130,0.870,0.884,0.573
3105,103.500,10.050,25.710,1.506,-5.611,2,1,1,389.515,1.383,5,1,0.793,6,100.225,3346.819,1.000,0.298,2.038,0.565,1.143,0.760,0.093,0.907,0.804,0.750
3108,103.600,5.831,14.422,-4.219,-11.288,2,1,1,395.884,1.531,5,0,0.793,6,104.547,3700.457,1.000,0.298,2.390,0.553,0.862,0.265,0.084,0.916,0.751,0.581
3111,103.700,4.000,8.062,-1.831,-6.360,2,1,1,407.413,1.714,5,0,0.828,6,107.856,4002.708,1.000,0.298,1.339,0.265,0.638,0.975,0.070,0.930,0.710,0.599
3114,103.800,1.414,4.472,-2.586,-3.590,2,1,1,409.850,1.616,5,1,0.793,6,73.007,4546.094,1.000,0.298,1.782,0.631,0.214,0.546,0.110,0.890,0.675,0.750
3117,103.900,3.606,28.284,2.191,23.812,2,1,1,434.836,1.427,5,0,0.793,6,69.642,5599.638,1.000,0.298,2.628,0.323,0.213,0.652,0.092,0.908,0.850,0.350
3120,104.000,2.236,0.000,-1.369,0.000,1,1,0,0.000,1.745,5,0,0.793,3,70.093,5327.149,1.000,0.311,3.782,0.309,0.294,0.244,0.106,0.894,0.613,0.650
3123,104.100,8.062,0.000,5.826,0.000,1,1,0,0.000,1.524,4,1,0.759,3,113.759,5135.114,1.000,0.311,3.886,0.504,0.404,1.256,0.155,0.845,0.662,0.750
3126,104.200,21.401,0.000,13.339,0.000,1,1,0,0.000,1.629,4,0,0.759,3,106.977,5203.268,1.000,0.324,4.416,0.470,0.583,0.995,0.162,0.838,0.751,0.594
3129,104.300,11.000,0.000,-10.401,0.000,1,1,0,0.000,1.604,4,0,0.793,3,105.688,5237.184,1.000,0.324,3.404,0.707,0.809,0.040,0.142,0.858,0.652,0.587
3132,104.400,16.492,0.000,5.492,0.000,1,1,0,0.000,1.555,5,1,0.759,4,0.000,4016.159,1.000,0.336,5.682,0.857,0.978,0.141,0.187,0.813,0.738,0.750
3135,104.500,8.602,0.000,-7.890,0.000,1,1,0,0.000,1.596,5,0,0.759,4,0.000,4098.484,1.000,0.336,3.351,0.796,1.189,0.066,0.142,0.858,0.640,0.350
3138,104.600,8.062,0.000,-0.540,0.000,1,1,0,0.000,1.640,5,0,0.793,4,2.236,3929.284,1.000,0.336,2.891,0.900,1.047,0.094,0.139,0.861,0.618,0.350
3141,104.700,5.385,0.000,-2.677,0.000,1,1,0,0.000,1.633,5,1,0.759,4,0.000,1462.239,1.000,0.347,2.364,0.823,1.296,0.258,0.141,0.859,0.595,0.750
3144,104.800,2.828,0.000,-2.557,0.000,1,1,0,0.000,1.451,5,0,0.759,4,0.000,1540.234,1.000,0.347,2.644,0.903,1.217,0.186,0.166,0.834,0.583,0.580
3147,104.900,180.712,0.000,177.884,0.000,1,1,0,0.000,1.381,5,0,0.759,4,20.125,2289.375,1.000,0.347,14.320,0.128,0.773,0.347,0.349,0.651,1.000,0.480
3150,105.000,3.162,264.781,-177.550,236.497,2,1,1,455.004,1.508,4,1,0.724,3,14.000,2335.850,1.000,0.358,0.802,0.778,1.338,0.855,0.092,0.908,0.821,0.750
3153,105.100,2.236,11.180,-0.926,-253.601,2,1,1,445.004,1.572,4,0,0.724,3,3.606,2126.534,1.000,0.358,0.679,0.731,1.329,0.022,0.080,0.920,0.633,0.450
3156,105.200,1.000,5.000,-1.236,-6.180,2,1,1,445.040,1.680,4,0,0.724,3,3.000,2121.869,1.000,0.369,0.772,0.865,1.282,0.410,0.089,0.911,0.592,0.580
3159,105.300,1.000,1.414,0.000,-3.586,2,1,1,444.072,1.768,5,0,0.724,3,2.236,1983.450,1.000,0.369,0.512,0.808,1.498,0.131,0.058,0.942,0.542,0.700
3162,105.400,0.000,14.318,-1.000,12.904,2,1,1,450.028,1.633,6,1,0.690,5,287.562,4066.859,1.000,0.379,2.036,0.779,1.405,0.356,0.079,0.921,0.696,0.750
3165,105.500,1.414,11.314,1.414,-3.004,2,1,1,457.214,1.883,6,0,0.690,5,291.606,5997.494,1.000,0.379,2.088,0.753,1.313,0.067,0.061,0.939,0.682,0.750
3168,105.600,1.414,12.369,0.000,1.056,2,1,1,468.273,1.950,4,0,0.690,4,297.321,7603.907,1.000,0.379,1.277,0.926,0.955,0.667,0.103,0.897,0.686,0.750
3171,105.700,1.000,15.133,-0.414,2.763,2,1,1,482.203,2.010,4,0,0.690,5,316.863,8649.554,1.000,0.369,1.625,0.889,0.569,0.365,0.094,0.906,0.712,0.750
3174,105.800,1.414,28.160,0.414,13.028,2,1,1,511.317,1.993,4,0,0.724,4,338.497,9404.987,1.000,0.369,3.484,0.651,0.144,0.128,0.105,0.895,0.848,0.750
3177,105.900,6.325,32.757,4.910,4.596,2,1,1,545.008,1.833,7,1,0.690,6,274.774,9504.444,1.000,0.358,2.047,0.634,0.035,2.321,0.095,0.905,0.813,0.750
3180,106.000,8.246,17.000,1.922,-15.757,2,1,1,561.089,1.399,7,0,0.690,6,135.248,9527.298,1.000,0.358,2.206,0.888,0.336,0.041,0.144,0.856,0.712,0.750
3183,106.100,18.601,17.804,10.355,0.804,2,1,1,562.128,1.027,7,0,0.724,6,153.183,9496.714,1.000,0.347,2.384,0.788,0.413,0.106,0.131,0.869,0.732,0.750
3186,106.200,8.544,11.402,-10.057,-6.403,2,1,1,561.431,0.845,5,1,0.690,4,151.608,9573.344,1.000,0.347,2.480,0.868,0.536,0.090,0.139,0.861,0.679,0.750
3189,106.300,6.325,10.000,-2.219,-1.402,2,1,1,568.018,0.748,5,0,0.690,4,270.601,9869.174,1.000,0.347,1.194,0.533,0.512,0.044,0.074,0.926,0.662,0.750
3192,106.400,1.000,3.000,-5.325,-7.000,2,1,1,569.204,0.681,5,0,0.724,3,355.578,10463.590,1.000,0.347,0.881,0.642,0.519,2.140,0.080,0.920,0.572,0.750
3195,106.500,1.000,5.000,0.000,2.000,2,1,1,570.548,0.634,6,1,0.690,3,395.567,11524.614,1.000,0.347,0.674,0.505,0.719,0.398,0.074,0.926,0.569,0.750
3198,106.600,2.828,7.211,1.828,2.211,2,1,1,565.216,0.677,6,0,0.690,2,395.702,11157.394,1.000,0.347,0.721,0.759,0.680,0.064,0.091,0.909,0.535,0.750
3201,106.700,2.236,8.246,-0.592,1.035,2,1,1,565.878,0.700,6,0,0.724,3,353.871,11448.990,1.000,0.347,1.143,0.929,0.626,0.078,0.121,0.879,0.569,0.750
3204,106.800,1.414,1.000,-0.822,-7.246,2,1,1,565.778,0.860,4,1,0.690,2,352.666,11555.944,1.000,0.358,0.508,0.352,0.601,0.292,0.078,0.922,0.556,0.750
3207,106.900,3.162,2.828,1.748,1.828,2,1,1,567.289,1.101,4,0,0.690,2,1.000,10425.349,1.000,0.369,0.701,0.433,0.563,0.227,0.109,0.891,0.565,0.580
3210,107.000,1.414,5.099,-1.748,2.271,2,1,1,563.313,1.402,4,0,0.724,2,2.236,10565.688,1.000,0.369,0.501,0.300,0.576,0.346,0.082,0.918,0.580,0.580
3213,107.100,2.236,3.606,0.822,-1.493,2,1,1,564.199,1.749,3,0,0.724,2,1.000,10636.038,1.000,0.379,0.413,0.133,0.571,0.418,0.068,0.932,0.611,0.580
3216,107.200,1.414,6.083,-0.822,2.477,2,1,1,559.017,2.062,3,0,0.724,2,2.828,9819.969,1.000,0.379,0.512,0.362,0.530,0.472,0.069,0.931,0.611,0.350
3219,107.300,0.000,15.652,-1.414,9.570,2,1,1,545.884,2.356,4,1,0.724,4,348.313,11397.899,1.000,0.379,0.743,0.343,0.496,0.115,0.082,0.918,0.732,0.750
3222,107.400,1.000,11.402,1.000,-4.251,2,1,1,544.472,2.356,6,1,0.690,5,344.006,12837.365,1.000,0.379,0.923,0.203,0.552,1.032,0.099,0.901,0.692,0.750
3225,107.500,1.000,15.620,0.000,4.219,2,1,1,536.601,2.148,6,0,0.690,6,349.314,13859.414,1.000,0.379,0.806,0.640,0.514,2.205,0.077,0.923,0.712,0.750
3228,107.600,2.236,9.487,1.236,-6.134,2,1,1,533.457,2.017,6,0,0.724,5,346.803,13969.054,1.000,0.379,1.010,0.339,0.519,1.941,0.123,0.877,0.674,0.750
3231,107.700,1.000,12.042,-1.236,2.555,2,1,1,537.023,1.755,5,0,0.724,5,457.027,15071.364,1.000,0.379,0.710,0.280,0.537,0.603,0.099,0.901,0.715,0.750
3234,107.800,2.000,9.434,1.000,-2.608,2,1,1,528.573,1.309,4,1,0.690,4,457.027,15037.469,1.000,0.389,0.330,0.732,0.576,0.755,0.049,0.951,0.659,0.750
3237,107.900,1.000,8.062,-1.000,-1.372,2,1,1,537.235,1.297,4,0,0.724,3,0.000,13659.460,1.000,0.389,0.314,0.629,0.561,0.703,0.040,0.960,0.614,0.350
3240,108.000,2.000,13.454,1.000,5.391,2,1,1,548.664,1.039,5,1,0.690,4,355.443,15083.419,1.000,0.389,1.730,0.773,1.177,0.809,0.082,0.918,0.678,0.750
3243,108.100,2.000,8.602,0.000,-4.851,2,1,1,553.225,0.990,5,0,0.690,4,469.129,17873.828,1.000,0.389,0.895,0.775,1.068,0.401,0.082,0.918,0.630,0.750
3246,108.200,1.000,4.243,-1.000,-4.360,2,1,1,556.619,1.062,5,0,0.690,4,364.664,18669.444,1.000,0.389,1.488,0.914,1.062,0.037,0.088,0.912,0.611,0.750
3249,108.300,1.000,47.170,0.000,42.927,2,1,1,603.464,1.455,6,0,0.724,5,393.154,18904.687,1.000,0.379,4.075,0.557,1.091,0.026,0.130,0.870,0.933,0.750
3252,108.400,3.000,24.839,2.000,-22.330,2,1,1,621.496,1.513,6,0,0.724,5,57.940,20144.469,1.000,0.358,1.948,0.729,0.795,2.074,0.116,0.884,0.756,0.550
3255,108.500,1.414,38.601,-1.586,13.761,2,1,1,603.451,1.669,6,0,0.724,4,350.091,20147.209,1.000,0.347,1.836,0.621,0.563,0.183,0.134,0.866,0.807,0.750
3258,108.600,1.000,0.000,-0.414,0.000,1,1,0,0.000,1.963,5,0,0.724,4,349.116,19800.375,1.000,0.347,1.872,0.510,0.318,0.891,0.094,0.906,0.581,0.750
3261,108.700,4.000,0.000,3.000,0.000,1,1,0,0.000,1.963,5,0,0.724,4,2.236,19799.970,1.000,0.347,2.887,0.755,0.132,0.993,0.129,0.871,0.606,0.350
3264,108.800,4.000,0.000,0.000,0.000,1,1,0,0.000,2.160,5,0,0.759,3,2.000,19722.980,1.000,0.347,2.012,0.283,0.125,0.221,0.085,0.915,0.581,0.480
3267,108.900,3.000,0.000,-1.000,0.000,1,1,0,0.000,2.160,7,1,0.724,4,53.907,18378.629,1.000,0.358,4.232,0.182,0.528,0.160,0.103,0.897,0.633,0.750
3270,109.000,2.000,0.000,-1.000,0.000,1,1,0,0.000,2.160,7,0,0.724,4,53.907,17955.088,1.000,0.358,2.668,0.868,0.992,0.117,0.059,0.941,0.540,0.580
3273,109.100,1.000,0.000,-1.000,0.000,1,1,0,0.000,1.963,7,0,0.759,4,51.740,15360.627,1.000,0.358,2.947,0.171,1.462,0.279,0.077,0.923,0.590,0.700
3276,109.200,2.236,0.000,1.236,0.000,1,1,0,0.000,1.825,5,0,0.759,2,1.414,13703.378,1.000,0.369,2.299,0.614,2.307,0.211,0.085,0.915,0.519,0.700
3279,109.300,1.000,0.000,-1.236,0.000,1,1,0,0.000,1.669,5,0,0.759,2,2.236,13732.554,1.000,0.369,1.463,0.928,5.920,2.743,0.110,0.890,0.469,0.700
3282,109.400,4.472,0.000,3.472,0.000,1,1,0,0.000,1.432,5,0,0.793,2,3.606,11274.324,1.000,0.379,1.417,0.953,6.724,0.317,0.171,0.829,0.486,0.700
3285,109.500,2.000,0.000,-2.472,0.000,1,1,0,0.000,1.374,4,1,0.759,3,155.682,8503.444,1.000,0.379,1.494,0.939,6.775,0.150,0.170,0.830,0.538,0.750
3288,109.600,3.606,0.000,1.606,0.000,1,1,0,0.000,1.055,4,0,0.759,3,157.080,5075.708,1.000,0.379,1.297,0.918,4.235,0.496,0.164,0.836,0.543,0.750
3291,109.700,4.000,0.000,0.394,0.000,1,1,0,0.000,0.932,4,0,0.793,3,155.261,2554.385,1.000,0.379,1.316,0.886,4.253,0.934,0.166,0.834,0.548,0.750
3294,109.800,3.606,0.000,-0.394,0.000,1,1,0,0.000,0.810,3,1,0.759,2,2.828,2570.154,1.000,0.389,1.118,0.848,3.792,0.712,0.110,0.890,0.529,0.750
3297,109.900,4.000,0.000,0.394,0.000,1,1,0,0.000,0.736,3,0,0.759,2,1.000,2310.098,1.000,0.389,0.596,0.548,1.154,2.339,0.078,0.922,0.539,0.550
