frame_idx,timestamp,hand_velocity_left,hand_velocity_right,hand_acceleration_left,hand_acceleration_right,hands_present,grip_state_left,grip_state_right,hand_distance,trajectory_curvature,num_tools,tool_changed,tool_stability,num_interactions,contact_point_shift,contact_point_variance,interaction_density,interaction_rhythm,flow_magnitude,flow_uniformity,flow_discontinuity,direction_change,scene_change_score,visual_stability,activity_level,transition_score
0,0.000,0.000,0.000,0.000,0.000,1,0,0,0.000,0.000,3,0,1.000,1,0.000,0.000,1.000,0.000,0.000,1.000,0.000,0.000,0.000,1.000,0.330,0.000
3,0.100,0.000,0.000,0.000,0.000,1,0,0,0.000,0.000,4,1,0.000,2,33.526,96.889,1.000,0.500,2.475,0.368,0.000,0.881,0.063,0.937,0.466,0.750
6,0.200,0.000,0.000,0.000,0.000,0,0,0,0.000,0.000,4,0,0.500,0,33.526,96.889,0.667,0.500,1.592,0.683,0.000,1.329,0.096,0.904,0.242,0.650
9,0.300,0.000,0.000,0.000,0.000,0,0,0,0.000,0.000,4,0,0.667,0,33.526,96.889,0.500,0.500,2.421,0.425,0.000,1.219,0.099,0.901,0.261,0.000
12,0.400,0.000,0.000,0.000,0.000,0,0,0,0.000,0.000,4,0,0.750,0,33.526,96.889,0.400,0.500,1.728,0.478,0.000,0.584,0.097,0.903,0.228,0.000
15,0.500,142.706,0.000,142.706,0.000,1,0,0,0.000,0.000,4,0,0.800,2,0.000,579.000,0.500,0.433,1.934,0.465,0.000,0.944,0.089,0.911,0.636,0.650
18,0.600,0.000,0.000,0.000,0.000,0,0,0,0.000,0.000,4,0,0.833,0,0.000,579.000,0.429,0.433,2.124,0.660,0.000,0.300,0.103,0.897,0.228,0.650
21,0.700,0.000,0.000,0.000,0.000,0,0,0,0.000,0.000,4,0,0.857,0,0.000,579.000,0.375,0.433,2.701,0.398,0.000,0.083,0.097,0.903,0.255,0.580
24,0.800,0.000,0.000,0.000,0.000,0,0,0,0.000,0.000,4,0,0.875,0,0.000,579.000,0.333,0.433,3.519,0.435,0.000,0.194,0.101,0.899,0.267,0.580
27,0.900,0.000,0.000,0.000,0.000,0,0,0,0.000,0.000,3,1,0.778,0,0.000,579.000,0.300,0.433,3.277,0.370,0.000,0.784,0.094,0.906,0.162,0.750
30,1.000,0.000,0.000,0.000,0.000,0,0,0,0.000,0.000,3,0,0.800,0,0.000,579.000,0.273,0.433,3.605,0.707,0.000,0.561,0.124,0.876,0.143,0.580
33,1.100,0.000,0.000,0.000,0.000,0,0,0,0.000,0.000,3,0,0.818,0,0.000,579.000,0.250,0.433,5.298,0.541,0.000,1.018,0.151,0.849,0.195,0.580
36,1.200,0.000,0.000,0.000,0.000,0,0,0,0.000,0.000,3,0,0.833,0,0.000,579.000,0.231,0.433,5.814,0.657,0.000,1.125,0.171,0.829,0.197,0.580
39,1.300,0.000,0.000,0.000,0.000,0,0,0,0.000,0.000,3,0,0.846,0,0.000,579.000,0.214,0.433,3.046,0.252,0.000,0.696,0.157,0.843,0.154,0.580
42,1.400,0.000,0.000,0.000,0.000,0,0,0,0.000,0.000,3,0,0.857,0,0.000,579.000,0.200,0.433,1.921,0.385,0.000,0.613,0.112,0.888,0.115,0.580
45,1.500,0.000,0.000,0.000,0.000,0,0,0,0.000,0.000,5,1,0.800,0,0.000,579.000,0.188,0.433,2.160,0.441,0.000,0.528,0.098,0.902,0.216,0.750
48,1.600,0.000,0.000,0.000,0.000,0,0,0,0.000,0.000,5,0,0.812,0,0.000,579.000,0.176,0.433,0.948,0.459,0.000,0.452,0.067,0.933,0.183,0.580
51,1.700,0.000,0.000,0.000,0.000,0,0,0,0.000,0.000,5,0,0.824,0,0.000,579.000,0.167,0.433,2.117,0.170,0.000,2.791,0.094,0.906,0.231,0.580
54,1.800,0.000,0.000,0.000,0.000,0,0,0,0.000,0.000,3,1,0.778,0,0.000,579.000,0.158,0.433,4.225,0.201,0.000,0.326,0.132,0.868,0.181,0.750
57,1.900,0.000,0.000,0.000,0.000,0,0,0,0.000,0.000,3,0,0.789,0,0.000,579.000,0.150,0.433,1.874,0.456,0.000,1.889,0.103,0.897,0.103,0.580
60,2.000,0.000,0.000,0.000,0.000,0,0,0,0.000,0.000,3,0,0.800,0,0.000,579.000,0.143,0.433,4.227,0.816,0.000,0.411,0.167,0.833,0.136,0.580
63,2.100,0.000,0.000,0.000,0.000,0,0,0,0.000,0.000,4,1,0.762,0,0.000,579.000,0.136,0.433,1.641,0.538,0.000,0.154,0.089,0.911,0.190,0.750
66,2.200,0.000,0.000,0.000,0.000,0,0,0,0.000,0.000,4,0,0.773,0,0.000,579.000,0.130,0.433,3.032,0.508,0.000,1.653,0.126,0.874,0.226,0.580
69,2.300,0.000,0.000,0.000,0.000,0,0,0,0.000,0.000,4,0,0.783,0,0.000,579.000,0.125,0.433,4.364,0.615,0.000,0.324,0.159,0.841,0.251,0.580
72,2.400,0.000,0.000,0.000,0.000,0,0,0,0.000,0.000,5,1,0.750,0,0.000,579.000,0.120,0.433,4.918,0.797,0.000,0.477,0.155,0.845,0.252,0.750
75,2.500,0.000,0.000,0.000,0.000,0,0,0,0.000,0.000,5,0,0.760,0,0.000,579.000,0.115,0.433,3.268,0.733,0.000,0.266,0.123,0.877,0.214,0.580
78,2.600,0.000,0.000,0.000,0.000,0,0,0,0.000,0.000,5,0,0.769,0,0.000,579.000,0.111,0.433,3.284,0.773,0.000,1.626,0.133,0.867,0.211,0.580
81,2.700,0.000,0.000,0.000,0.000,0,0,0,0.000,0.000,5,1,0.741,0,0.000,579.000,0.107,0.433,3.062,0.771,0.000,0.007,0.143,0.857,0.205,0.750
84,2.800,0.000,0.000,0.000,0.000,0,0,0,0.000,0.000,5,0,0.750,0,0.000,579.000,0.103,0.433,3.173,0.807,0.000,1.691,0.134,0.866,0.205,0.580
87,2.900,0.000,0.000,0.000,0.000,0,0,0,0.000,0.000,5,0,0.759,0,0.000,579.000,0.100,0.433,4.091,0.414,0.000,2.055,0.153,0.847,0.255,0.580
90,3.000,640.835,0.000,498.129,0.000,1,0,0,0.000,0.000,6,1,0.759,1,0.000,579.000,0.100,0.384,3.991,0.395,0.000,0.693,0.162,0.838,0.584,0.750
93,3.100,0.000,488.594,0.000,488.594,1,0,0,0.000,0.000,6,0,0.759,1,0.000,579.000,0.100,0.365,4.674,0.557,0.254,0.912,0.134,0.866,0.590,0.450
96,3.200,0.000,8.602,0.000,-479.992,1,0,0,0.000,0.000,6,0,0.759,1,0.000,579.000,0.133,0.352,2.365,0.136,0.505,0.148,0.107,0.893,0.363,0.580
99,3.300,0.000,8.246,0.000,-0.356,1,0,0,0.000,0.865,4,1,0.724,1,269.141,5384.750,0.167,0.341,1.882,0.748,0.501,1.975,0.104,0.896,0.325,0.750
102,3.400,0.000,2.236,0.000,-6.010,1,0,0,0.000,1.572,4,0,0.724,1,269.141,5384.750,0.200,0.333,2.322,0.523,0.276,2.104,0.111,0.889,0.323,0.750
105,3.500,0.000,33.956,0.000,31.720,1,0,0,0.000,1.282,4,0,0.724,1,269.141,5384.750,0.200,0.326,3.397,0.508,0.293,0.329,0.113,0.887,0.527,0.750
108,3.600,58.873,0.000,-581.962,0.000,1,0,0,0.000,1.587,6,1,0.690,1,269.141,5384.750,0.233,0.320,4.932,0.684,0.133,0.075,0.122,0.878,0.603,0.750
111,3.700,0.000,431.956,0.000,422.901,2,0,1,431.956,1.301,6,0,0.690,3,86.093,5032.047,0.267,0.296,2.245,0.600,0.318,1.506,0.112,0.888,0.736,0.650
114,3.800,31.623,0.000,-27.250,0.000,1,0,0,0.000,2.064,6,0,0.724,1,86.093,5032.047,0.300,0.294,2.924,0.242,0.263,2.286,0.108,0.892,0.518,0.650
117,3.900,33.838,0.000,2.215,0.000,1,0,0,0.000,1.379,4,1,0.690,1,86.093,5032.047,0.333,0.293,4.147,0.673,0.145,1.366,0.103,0.897,0.550,0.750
120,4.000,0.000,403.565,0.000,1.322,2,0,1,403.565,1.811,4,0,0.690,3,260.492,6556.410,0.367,0.278,2.882,0.633,0.026,1.444,0.135,0.865,0.807,0.750
123,4.100,0.000,9.220,0.000,-394.346,1,0,1,0.000,1.592,4,0,0.690,2,83.744,5692.483,0.400,0.272,2.089,0.486,0.024,2.044,0.100,0.900,0.507,0.650
126,4.200,386.518,0.000,352.680,0.000,1,0,0,0.000,1.269,3,1,0.655,2,63.151,5126.401,0.433,0.267,2.137,0.613,0.067,1.072,0.109,0.891,0.552,0.750
129,4.300,0.000,0.000,0.000,0.000,0,0,0,0.000,0.000,3,0,0.655,0,63.151,5126.401,0.433,0.267,4.466,0.786,0.189,0.024,0.118,0.882,0.179,0.650
132,4.400,0.000,0.000,0.000,0.000,0,0,0,0.000,0.000,3,0,0.690,0,63.151,5126.401,0.433,0.267,6.099,0.711,0.259,1.189,0.128,0.872,0.225,0.580
135,4.500,0.000,0.000,0.000,0.000,0,0,0,0.000,0.000,3,0,0.690,0,63.151,5126.401,0.433,0.267,7.350,0.625,0.250,0.341,0.156,0.844,0.262,0.580
138,4.600,0.000,0.000,0.000,0.000,0,0,0,0.000,0.000,3,0,0.690,0,63.151,5126.401,0.433,0.267,4.378,0.356,0.344,1.779,0.168,0.832,0.207,0.580
141,4.700,0.000,0.000,0.000,0.000,0,0,0,0.000,0.000,3,0,0.724,0,63.151,5126.401,0.433,0.267,6.969,0.314,0.114,1.153,0.162,0.838,0.274,0.580
144,4.800,0.000,0.000,0.000,0.000,0,0,0,0.000,0.000,5,1,0.690,0,63.151,5126.401,0.433,0.267,4.513,0.291,0.420,0.388,0.131,0.869,0.314,0.750
147,4.900,0.000,0.000,0.000,0.000,0,0,0,0.000,0.000,5,0,0.690,0,63.151,5126.401,0.433,0.267,4.611,0.145,0.724,0.934,0.139,0.861,0.327,0.580
150,5.000,0.000,0.000,0.000,0.000,0,0,0,0.000,0.000,5,0,0.724,0,63.151,5126.401,0.433,0.267,3.974,0.487,0.877,0.039,0.101,0.899,0.287,0.580
153,5.100,0.000,0.000,0.000,0.000,0,0,0,0.000,0.000,4,1,0.690,0,63.151,5126.401,0.433,0.267,2.320,0.731,1.002,1.583,0.110,0.890,0.229,0.750
156,5.200,0.000,0.000,0.000,0.000,0,0,0,0.000,0.000,4,0,0.690,0,63.151,5126.401,0.433,0.267,3.045,0.470,0.605,0.441,0.077,0.923,0.265,0.580
159,5.300,0.000,0.000,0.000,0.000,0,0,0,0.000,0.000,4,0,0.724,0,63.151,5126.401,0.433,0.267,3.745,0.364,0.685,0.037,0.116,0.884,0.290,0.580
162,5.400,0.000,0.000,0.000,0.000,0,0,0,0.000,0.000,3,1,0.690,0,63.151,5126.401,0.433,0.267,4.525,0.781,0.861,2.508,0.114,0.886,0.180,0.750
165,5.500,0.000,0.000,0.000,0.000,0,0,0,0.000,0.000,3,0,0.690,0,63.151,5126.401,0.433,0.267,2.749,0.330,1.014,0.300,0.111,0.889,0.168,0.580
168,5.600,0.000,0.000,0.000,0.000,0,0,0,0.000,0.000,3,0,0.724,0,63.151,5126.401,0.433,0.267,4.529,0.759,1.025,2.895,0.130,0.870,0.182,0.580
171,5.700,0.000,0.000,0.000,0.000,0,0,0,0.000,0.000,3,0,0.724,0,63.151,5126.401,0.433,0.267,4.084,0.754,1.231,0.096,0.140,0.860,0.171,0.580
174,5.800,0.000,0.000,0.000,0.000,0,0,0,0.000,0.000,3,0,0.724,0,63.151,5126.401,0.433,0.267,2.613,0.579,1.380,0.117,0.118,0.882,0.147,0.580
177,5.900,0.000,0.000,0.000,0.000,0,0,0,0.000,0.000,3,0,0.759,0,63.151,5126.401,0.433,0.267,3.346,0.535,1.103,2.112,0.131,0.869,0.168,0.580
180,6.000,0.000,0.000,0.000,0.000,0,0,0,0.000,0.000,4,1,0.724,0,63.151,5126.401,0.400,0.267,6.680,0.482,0.657,0.814,0.268,0.732,0.351,0.750
183,6.100,160.649,0.000,-225.869,0.000,1,0,0,0.000,1.018,4,0,0.724,3,75.425,5513.523,0.400,0.288,6.608,0.713,0.344,0.935,0.185,0.815,0.768,0.650
186,6.200,0.000,0.000,0.000,0.000,0,0,0,0.000,0.000,4,0,0.759,0,75.425,5513.523,0.367,0.288,3.331,0.325,0.453,2.531,0.207,0.793,0.275,0.650
189,6.300,27.019,0.000,-133.630,0.000,1,1,0,0.000,1.171,7,1,0.724,4,0.000,5463.012,0.367,0.279,6.774,0.688,0.094,0.137,0.217,0.783,0.718,0.750
192,6.400,17.720,0.000,-9.298,0.000,1,1,0,0.000,1.039,7,0,0.724,4,84.853,5287.345,0.367,0.268,7.086,0.764,0.083,0.441,0.279,0.721,0.669,0.580
195,6.500,24.166,0.000,6.446,0.000,1,1,0,0.000,1.017,7,0,0.759,4,83.952,5609.264,0.367,0.259,7.297,0.769,0.094,0.476,0.225,0.775,0.710,0.580
198,6.600,0.000,0.000,0.000,0.000,0,0,0,0.000,0.000,4,1,0.724,0,83.952,5609.264,0.333,0.259,7.438,0.238,0.210,0.008,0.202,0.798,0.379,0.750
201,6.700,0.000,0.000,0.000,0.000,0,0,0,0.000,0.000,4,0,0.724,0,83.952,5609.264,0.300,0.259,9.253,0.406,0.515,0.110,0.264,0.736,0.378,0.580
204,6.800,0.000,0.000,0.000,0.000,0,0,0,0.000,0.000,4,0,0.759,0,83.952,5609.264,0.267,0.259,8.751,0.438,0.756,0.056,0.265,0.735,0.371,0.580
207,6.900,0.000,0.000,0.000,0.000,0,0,0,0.000,0.000,4,1,0.724,0,83.952,5609.264,0.233,0.259,5.742,0.645,0.946,2.807,0.251,0.749,0.296,0.750
210,7.000,0.000,0.000,0.000,0.000,0,0,0,0.000,0.000,4,0,0.724,0,83.952,5609.264,0.200,0.259,5.438,0.770,0.981,0.123,0.241,0.759,0.276,0.580
213,7.100,0.000,0.000,0.000,0.000,0,0,0,0.000,0.000,4,0,0.759,0,83.952,5609.264,0.167,0.259,6.216,0.957,1.095,0.023,0.252,0.748,0.278,0.580
216,7.200,0.000,0.000,0.000,0.000,0,0,0,0.000,0.000,4,0,0.759,0,83.952,5609.264,0.133,0.259,6.296,0.973,1.137,0.012,0.255,0.745,0.275,0.580
219,7.300,0.000,0.000,0.000,0.000,0,0,0,0.000,0.000,4,0,0.759,0,83.952,5609.264,0.133,0.259,5.475,0.973,1.250,0.071,0.275,0.725,0.255,0.580
222,7.400,0.000,56.143,0.000,46.923,1,0,1,0.000,1.698,4,0,0.759,2,0.000,3890.778,0.167,0.274,4.454,0.946,1.401,0.033,0.231,0.769,0.705,0.700
225,7.500,0.000,0.000,0.000,0.000,0,0,0,0.000,0.000,3,1,0.724,0,0.000,3890.778,0.167,0.274,3.186,0.947,1.646,0.016,0.218,0.782,0.103,0.750
228,7.600,0.000,0.000,0.000,0.000,0,0,0,0.000,0.000,3,0,0.724,0,0.000,3890.778,0.167,0.274,2.867,0.872,1.622,0.412,0.202,0.798,0.101,0.700
231,7.700,0.000,0.000,0.000,0.000,0,0,0,0.000,0.000,3,0,0.759,0,0.000,3890.778,0.167,0.274,2.285,0.677,1.183,2.241,0.148,0.852,0.100,0.580
234,7.800,0.000,0.000,0.000,0.000,0,0,0,0.000,0.000,3,0,0.759,0,0.000,3890.778,0.167,0.274,2.005,0.670,1.491,3.087,0.150,0.850,0.093,0.700
237,7.900,0.000,328.434,0.000,272.291,1,0,1,0.000,1.694,3,0,0.759,2,0.000,3908.687,0.200,0.280,12.950,0.299,0.980,0.901,0.356,0.644,0.773,0.650
240,8.000,0.000,3.606,0.000,-324.829,1,0,1,0.000,1.805,3,0,0.793,2,198.081,3894.208,0.233,0.278,0.921,0.719,1.016,1.511,0.104,0.896,0.341,0.750
243,8.100,0.000,2.236,0.000,-1.369,1,0,1,0.000,1.668,3,0,0.793,2,31.145,3963.694,0.267,0.276,0.813,0.443,0.555,0.853,0.101,0.899,0.354,0.580
246,8.200,0.000,7.071,0.000,4.835,1,0,1,0.000,1.564,3,0,0.793,2,194.031,5182.714,0.300,0.273,1.153,0.541,0.105,0.444,0.110,0.890,0.386,0.750
249,8.300,0.000,2.236,0.000,-4.835,1,0,1,0.000,1.337,3,0,0.828,1,4.000,4931.154,0.333,0.274,0.975,0.617,0.385,0.540,0.113,0.887,0.294,0.580
252,8.400,0.000,4.472,0.000,2.236,1,0,1,0.000,1.030,2,1,0.793,1,5.385,4696.869,0.367,0.274,0.626,0.452,0.766,0.565,0.086,0.914,0.343,0.750
255,8.500,0.000,17.692,0.000,13.220,1,0,1,0.000,1.067,3,1,0.759,2,54.571,4200.969,0.400,0.272,1.941,0.576,0.975,0.388,0.098,0.902,0.474,0.750
258,8.600,0.000,33.615,0.000,15.924,1,0,1,0.000,0.889,3,0,0.759,2,0.000,3603.084,0.433,0.270,2.445,0.606,1.267,2.880,0.136,0.864,0.577,0.580
261,8.700,0.000,34.886,0.000,1.270,1,0,1,0.000,0.679,5,1,0.724,4,0.000,2709.285,0.467,0.265,2.137,0.148,1.482,2.807,0.153,0.847,0.737,0.750
264,8.800,0.000,38.833,0.000,3.947,1,0,1,0.000,0.514,5,0,0.724,4,43.738,2445.707,0.500,0.254,4.011,0.551,1.774,0.039,0.166,0.834,0.781,0.700
267,8.900,0.000,29.120,0.000,-9.713,1,0,1,0.000,0.559,5,0,0.759,4,43.738,2445.707,0.533,0.262,3.659,0.354,2.240,1.532,0.157,0.843,0.736,0.700
270,9.000,0.000,5.099,0.000,-24.021,1,0,1,0.000,0.866,4,1,0.724,2,78.447,2594.279,0.567,0.258,1.007,0.516,2.516,2.550,0.110,0.890,0.475,0.750
273,9.100,0.000,31.321,0.000,26.222,1,0,1,0.000,0.771,4,0,0.724,3,0.000,2111.514,0.567,0.251,3.321,0.158,2.146,2.167,0.187,0.813,0.749,0.700
276,9.200,0.000,55.154,0.000,23.833,1,0,1,0.000,0.703,4,0,0.759,3,0.000,1759.950,0.600,0.251,3.918,0.336,1.772,0.184,0.155,0.845,0.831,0.700
279,9.300,0.000,20.248,0.000,-34.906,1,0,1,0.000,0.761,5,0,0.759,3,0.000,1224.919,0.600,0.247,2.000,0.572,1.579,0.119,0.143,0.857,0.602,0.700
282,9.400,0.000,9.055,0.000,-11.193,1,0,1,0.000,0.951,5,0,0.759,3,145.000,1527.045,0.600,0.247,1.169,0.393,1.283,1.019,0.114,0.886,0.532,0.750
285,9.500,0.000,50.000,0.000,40.945,1,0,1,0.000,0.930,5,0,0.793,3,131.700,1822.999,0.600,0.298,1.829,0.546,1.399,0.501,0.147,0.853,0.738,0.732
288,9.600,0.000,100.623,0.000,50.623,1,0,1,0.000,0.909,3,1,0.759,2,131.700,1822.999,0.633,0.305,6.032,0.549,1.133,2.132,0.197,0.803,0.758,0.750
291,9.700,0.000,55.109,0.000,-45.514,1,0,1,0.000,0.997,3,0,0.759,1,131.700,1822.999,0.667,0.300,4.827,0.610,0.831,1.920,0.193,0.807,0.668,0.732
294,9.800,0.000,65.000,0.000,9.891,1,0,1,0.000,0.621,3,0,0.793,1,131.700,1822.999,0.700,0.307,3.593,0.560,0.600,0.467,0.223,0.777,0.645,0.732
297,9.900,0.000,0.000,0.000,0.000,0,0,0,0.000,0.000,4,1,0.759,0,131.700,1822.999,0.700,0.307,12.531,0.195,0.394,1.726,0.424,0.576,0.440,0.750
300,10.000,0.000,0.000,0.000,0.000,0,0,0,0.000,0.000,4,0,0.759,0,131.700,1822.999,0.700,0.307,2.900,0.894,0.026,2.069,0.245,0.755,0.264,0.732
303,10.100,0.000,0.000,0.000,0.000,0,0,0,0.000,0.000,4,0,0.759,0,131.700,1822.999,0.700,0.307,4.241,0.906,0.068,0.403,0.286,0.714,0.297,0.732
306,10.200,0.000,0.000,0.000,0.000,0,0,0,0.000,0.000,4,0,0.759,0,131.700,1822.999,0.700,0.307,3.050,0.946,0.190,0.311,0.270,0.730,0.264,0.732
309,10.300,0.000,0.000,0.000,0.000,0,0,0,0.000,0.000,4,0,0.759,0,131.700,1822.999,0.700,0.307,2.010,0.917,0.310,0.063,0.247,0.753,0.240,0.732
312,10.400,0.000,0.000,0.000,0.000,0,0,0,0.000,0.000,4,0,0.793,0,131.700,1822.999,0.667,0.307,1.505,0.842,0.304,0.097,0.217,0.783,0.229,0.732
315,10.500,0.000,0.000,0.000,0.000,0,0,0,0.000,0.000,4,0,0.793,0,131.700,1822.999,0.667,0.307,2.067,0.923,0.275,0.105,0.247,0.753,0.237,0.732
318,10.600,0.000,0.000,0.000,0.000,0,0,0,0.000,0.000,4,0,0.793,0,131.700,1822.999,0.667,0.307,1.594,0.935,0.346,0.021,0.241,0.759,0.224,0.732
321,10.700,0.000,0.000,0.000,0.000,0,0,0,0.000,0.000,3,1,0.759,0,131.700,1822.999,0.667,0.307,1.349,0.950,0.296,0.321,0.221,0.779,0.217,0.750
324,10.800,0.000,0.000,0.000,0.000,0,0,0,0.000,0.000,3,0,0.759,0,131.700,1822.999,0.667,0.307,1.466,0.950,0.200,0.002,0.230,0.770,0.220,0.732
327,10.900,0.000,0.000,0.000,0.000,0,0,0,0.000,0.000,3,0,0.759,0,131.700,1822.999,0.633,0.307,1.433,0.934,0.188,0.184,0.229,0.771,0.216,0.732
330,11.000,0.000,0.000,0.000,0.000,0,0,0,0.000,0.000,3,0,0.759,0,131.700,1822.999,0.600,0.307,1.155,0.914,1.164,0.050,0.211,0.789,0.207,0.732
333,11.100,0.000,0.000,0.000,0.000,0,0,0,0.000,0.000,3,0,0.759,0,131.700,1822.999,0.567,0.307,1.156,0.933,1.107,0.152,0.206,0.794,0.202,0.732
336,11.200,0.000,0.000,0.000,0.000,0,0,0,0.000,0.000,3,0,0.759,0,131.700,1822.999,0.533,0.307,0.972,0.953,0.398,0.007,0.184,0.816,0.192,0.732
339,11.300,0.000,0.000,0.000,0.000,0,0,0,0.000,0.000,3,0,0.793,0,131.700,1822.999,0.500,0.307,0.812,0.774,0.049,0.025,0.163,0.837,0.196,0.732
342,11.400,0.000,0.000,0.000,0.000,0,0,0,0.000,0.000,4,1,0.793,0,131.700,1822.999,0.467,0.307,1.019,0.933,0.194,0.311,0.181,0.819,0.186,0.750
345,11.500,0.000,0.000,0.000,0.000,0,0,0,0.000,0.000,3,1,0.759,0,131.700,1822.999,0.433,0.307,1.033,0.826,0.675,0.854,0.175,0.825,0.190,0.750
348,11.600,0.000,0.000,0.000,0.000,0,0,0,0.000,0.000,3,0,0.793,0,131.700,1822.999,0.400,0.307,0.972,0.629,0.752,0.210,0.170,0.830,0.198,0.732
351,11.700,0.000,0.000,0.000,0.000,0,0,0,0.000,0.000,4,1,0.759,0,131.700,1822.999,0.367,0.307,2.021,0.877,0.883,0.206,0.248,0.752,0.203,0.750
354,11.800,0.000,0.000,0.000,0.000,0,0,0,0.000,0.000,3,1,0.724,0,131.700,1822.999,0.333,0.307,0.865,0.784,0.941,0.721,0.150,0.850,0.177,0.750
357,11.900,0.000,0.000,0.000,0.000,0,0,0,0.000,0.000,3,0,0.759,0,131.700,1822.999,0.300,0.307,1.077,0.768,0.906,1.688,0.165,0.835,0.179,0.732
360,12.000,0.000,0.000,0.000,0.000,0,0,0,0.000,0.000,3,0,0.759,0,131.700,1822.999,0.267,0.307,1.387,0.814,0.846,0.122,0.191,0.809,0.180,0.732
363,12.100,0.000,0.000,0.000,0.000,0,0,0,0.000,0.000,4,1,0.724,0,131.700,1822.999,0.233,0.307,2.325,0.919,0.906,0.033,0.247,0.753,0.192,0.750
366,12.200,0.000,0.000,0.000,0.000,0,0,0,0.000,0.000,4,0,0.724,0,131.700,1822.999,0.200,0.307,2.062,0.839,0.830,0.123,0.224,0.776,0.187,0.732
369,12.300,0.000,0.000,0.000,0.000,0,0,0,0.000,0.000,4,0,0.724,0,131.700,1822.999,0.167,0.307,3.102,0.822,0.737,0.703,0.263,0.737,0.210,0.732
372,12.400,0.000,0.000,0.000,0.000,0,0,0,0.000,0.000,4,0,0.724,0,131.700,1822.999,0.133,0.307,3.888,0.786,0.680,0.156,0.285,0.715,0.228,0.732
375,12.500,0.000,0.000,0.000,0.000,0,0,0,0.000,0.000,4,0,0.759,0,131.700,1822.999,0.100,0.307,2.983,0.739,0.631,0.159,0.262,0.738,0.205,0.732
378,12.600,0.000,393.022,0.000,328.022,1,0,1,0.000,0.862,4,0,0.759,3,43.000,1912.869,0.100,0.217,3.058,0.809,0.566,0.109,0.263,0.737,0.717,0.650
381,12.700,0.000,5.657,0.000,-387.365,1,0,1,0.000,1.022,4,0,0.759,3,0.000,2040.244,0.100,0.220,4.964,0.886,0.414,0.021,0.302,0.698,0.541,0.580
384,12.800,0.000,2.000,0.000,-3.657,1,0,1,0.000,1.017,4,0,0.793,3,3.162,1971.839,0.100,0.220,4.624,0.908,0.226,0.307,0.279,0.721,0.510,0.580
387,12.900,0.000,3.606,0.000,1.606,1,0,1,0.000,0.913,4,0,0.793,3,0.000,1412.775,0.133,0.204,3.671,0.857,0.068,0.081,0.285,0.715,0.503,0.580
390,13.000,0.000,9.055,0.000,5.450,1,0,1,0.000,1.000,4,0,0.793,3,0.000,1404.335,0.167,0.191,3.024,0.737,0.825,0.384,0.258,0.742,0.529,0.580
393,13.100,292.957,0.000,268.791,0.000,1,1,0,0.000,0.948,4,0,0.793,3,0.000,1269.390,0.200,0.191,2.972,0.798,1.149,2.087,0.272,0.728,0.727,0.550
396,13.200,0.000,6.083,0.000,-2.973,1,0,1,0.000,1.218,4,0,0.793,3,0.000,1181.990,0.233,0.187,3.801,0.864,2.437,0.114,0.283,0.717,0.531,0.700
399,13.300,0.000,5.099,0.000,-0.984,1,0,1,0.000,1.073,4,0,0.793,3,0.000,1175.910,0.267,0.184,3.707,0.837,3.907,0.161,0.264,0.736,0.529,0.700
402,13.400,0.000,4.123,0.000,-0.976,1,0,1,0.000,1.123,4,0,0.793,3,0.000,755.884,0.300,0.181,2.941,0.829,4.830,0.129,0.259,0.741,0.509,0.700
405,13.500,29.275,0.000,-263.683,0.000,1,1,0,0.000,0.733,4,0,0.793,3,0.000,718.865,0.333,0.184,4.264,0.819,5.249,0.181,0.275,0.725,0.687,0.700
408,13.600,0.000,0.000,0.000,0.000,0,0,0,0.000,0.000,4,0,0.828,0,0.000,718.865,0.333,0.184,9.933,0.139,7.090,1.546,0.388,0.612,0.400,0.700
411,13.700,0.000,0.000,0.000,0.000,0,0,0,0.000,0.000,4,0,0.828,0,0.000,718.865,0.333,0.184,5.505,0.843,6.530,0.252,0.217,0.783,0.289,0.700
414,13.800,0.000,0.000,0.000,0.000,0,0,0,0.000,0.000,3,1,0.793,0,0.000,718.865,0.333,0.184,7.459,0.798,6.276,0.479,0.209,0.791,0.241,0.750
417,13.900,0.000,0.000,0.000,0.000,0,0,0,0.000,0.000,3,0,0.793,0,0.000,718.865,0.333,0.184,10.439,0.741,4.758,0.032,0.230,0.770,0.258,0.700
420,14.000,0.000,0.000,0.000,0.000,0,0,0,0.000,0.000,3,0,0.793,0,0.000,718.865,0.333,0.184,11.076,0.823,3.732,0.042,0.228,0.772,0.252,0.700
423,14.100,0.000,0.000,0.000,0.000,0,0,0,0.000,0.000,5,1,0.759,0,0.000,718.865,0.333,0.184,10.398,0.671,3.954,0.012,0.227,0.773,0.363,0.750
426,14.200,193.145,0.000,163.870,0.000,1,1,0,0.000,1.040,5,0,0.759,3,0.000,792.928,0.367,0.199,8.384,0.763,4.147,0.124,0.223,0.777,0.849,0.700
429,14.300,4.472,0.000,-188.673,0.000,1,1,0,0.000,1.074,5,0,0.793,3,0.000,1576.869,0.400,0.199,7.241,0.797,3.302,0.084,0.226,0.774,0.606,0.700
432,14.400,0.000,0.000,0.000,0.000,0,0,0,0.000,0.000,5,0,0.828,0,0.000,1576.869,0.400,0.199,6.514,0.642,2.999,0.021,0.222,0.778,0.336,0.700
435,14.500,0.000,0.000,0.000,0.000,0,0,0,0.000,0.000,5,0,0.828,0,0.000,1576.869,0.400,0.199,6.313,0.570,3.040,0.041,0.229,0.771,0.336,0.700
438,14.600,0.000,0.000,0.000,0.000,0,0,0,0.000,0.000,5,0,0.862,0,0.000,1576.869,0.400,0.199,4.874,0.282,3.255,0.176,0.235,0.765,0.320,0.700
441,14.700,0.000,0.000,0.000,0.000,0,0,0,0.000,0.000,4,0,0.897,0,0.000,1576.869,0.400,0.199,5.686,0.470,3.485,0.186,0.297,0.703,0.327,0.700
444,14.800,0.000,0.000,0.000,0.000,0,0,0,0.000,0.000,4,0,0.897,0,0.000,1576.869,0.400,0.199,4.575,0.663,3.476,1.488,0.300,0.700,0.286,0.700
447,14.900,0.000,0.000,0.000,0.000,0,0,0,0.000,0.000,4,0,0.897,0,0.000,1576.869,0.400,0.199,3.502,0.764,3.765,0.337,0.273,0.727,0.252,0.700
450,15.000,0.000,0.000,0.000,0.000,0,0,0,0.000,0.000,5,1,0.897,0,0.000,1576.869,0.400,0.199,4.924,0.823,4.295,0.370,0.290,0.710,0.283,0.750
453,15.100,0.000,0.000,0.000,0.000,0,0,0,0.000,0.000,5,0,0.897,0,0.000,1576.869,0.400,0.199,5.883,0.929,4.743,0.042,0.300,0.700,0.300,0.700
456,15.200,0.000,0.000,0.000,0.000,0,0,0,0.000,0.000,5,0,0.897,0,0.000,1576.869,0.400,0.199,6.797,0.928,1.660,0.065,0.298,0.702,0.323,0.700
459,15.300,0.000,0.000,0.000,0.000,0,0,0,0.000,0.000,5,0,0.897,0,0.000,1576.869,0.400,0.199,5.482,0.932,1.610,0.123,0.298,0.702,0.290,0.700
462,15.400,0.000,0.000,0.000,0.000,0,0,0,0.000,0.000,5,0,0.897,0,0.000,1576.869,0.400,0.199,4.798,0.962,1.251,0.014,0.288,0.712,0.271,0.580
465,15.500,0.000,0.000,0.000,0.000,0,0,0,0.000,0.000,5,0,0.897,0,0.000,1576.869,0.400,0.199,3.363,0.927,0.644,0.170,0.272,0.728,0.237,0.580
468,15.600,0.000,0.000,0.000,0.000,0,0,0,0.000,0.000,4,1,0.862,0,0.000,1576.869,0.367,0.199,3.591,0.916,0.175,0.315,0.269,0.731,0.240,0.750
471,15.700,0.000,0.000,0.000,0.000,0,0,0,0.000,0.000,4,0,0.862,0,0.000,1576.869,0.333,0.199,2.723,0.879,0.154,0.032,0.244,0.756,0.217,0.580
474,15.800,0.000,0.000,0.000,0.000,0,0,0,0.000,0.000,3,1,0.828,0,0.000,1576.869,0.300,0.199,1.665,0.827,0.353,0.298,0.212,0.788,0.190,0.750
477,15.900,0.000,0.000,0.000,0.000,0,0,0,0.000,0.000,4,1,0.793,0,0.000,1576.869,0.267,0.199,1.294,0.724,0.538,0.313,0.156,0.844,0.184,0.750
480,16.000,0.000,0.000,0.000,0.000,0,0,0,0.000,0.000,4,0,0.793,0,0.000,1576.869,0.233,0.199,1.671,0.598,0.738,0.905,0.180,0.820,0.198,0.580
483,16.100,0.000,0.000,0.000,0.000,0,0,0,0.000,0.000,4,0,0.793,0,0.000,1576.869,0.200,0.199,1.196,0.621,0.971,0.520,0.148,0.852,0.180,0.580
486,16.200,0.000,0.000,0.000,0.000,0,0,0,0.000,0.000,4,0,0.793,0,0.000,1576.869,0.167,0.199,1.934,0.392,1.163,0.970,0.182,0.818,0.211,0.580
489,16.300,0.000,0.000,0.000,0.000,0,0,0,0.000,0.000,4,0,0.793,0,0.000,1576.869,0.133,0.199,1.376,0.294,1.362,0.246,0.152,0.848,0.200,0.580
492,16.400,0.000,0.000,0.000,0.000,0,0,0,0.000,0.000,3,1,0.759,0,0.000,1576.869,0.100,0.199,1.224,0.603,1.510,1.259,0.158,0.842,0.170,0.750
495,16.500,0.000,0.000,0.000,0.000,0,0,0,0.000,0.000,3,0,0.759,0,0.000,1576.869,0.067,0.199,1.009,0.119,1.627,1.258,0.125,0.875,0.195,0.700
498,16.600,0.000,0.000,0.000,0.000,0,0,0,0.000,0.000,3,0,0.759,0,0.000,1576.869,0.067,0.199,0.787,0.564,1.789,0.394,0.120,0.880,0.158,0.700
501,16.700,0.000,0.000,0.000,0.000,0,0,0,0.000,0.000,3,0,0.793,0,0.000,1576.869,0.067,0.199,0.782,0.539,1.908,0.272,0.103,0.897,0.160,0.700
504,16.800,0.000,0.000,0.000,0.000,0,0,0,0.000,0.000,3,0,0.793,0,0.000,1576.869,0.067,0.199,0.822,0.673,2.154,0.422,0.117,0.883,0.151,0.700
507,16.900,0.000,0.000,0.000,0.000,0,0,0,0.000,0.000,4,1,0.759,0,0.000,1576.869,0.067,0.199,0.938,0.067,2.211,0.222,0.103,0.897,0.197,0.750
510,17.000,0.000,0.000,0.000,0.000,0,0,0,0.000,0.000,3,1,0.759,0,0.000,1576.869,0.067,0.199,1.174,0.973,2.343,2.643,0.167,0.833,0.139,0.750
513,17.100,0.000,0.000,0.000,0.000,0,0,0,0.000,0.000,4,1,0.724,0,0.000,1576.869,0.067,0.199,1.276,0.577,2.508,2.855,0.156,0.844,0.170,0.750
516,17.200,0.000,0.000,0.000,0.000,0,0,0,0.000,0.000,3,1,0.690,0,0.000,1576.869,0.033,0.199,0.963,0.692,2.968,0.700,0.158,0.842,0.150,0.750
519,17.300,0.000,0.000,0.000,0.000,0,0,0,0.000,0.000,3,0,0.690,0,0.000,1576.869,0.000,0.199,1.222,0.744,2.946,0.507,0.170,0.830,0.148,0.700
522,17.400,0.000,0.000,0.000,0.000,0,0,0,0.000,0.000,4,1,0.655,0,0.000,1576.869,0.000,0.199,1.510,0.590,2.461,0.144,0.171,0.829,0.166,0.750
525,17.500,0.000,0.000,0.000,0.000,0,0,0,0.000,0.000,3,1,0.621,0,0.000,1576.869,0.000,0.199,1.136,0.492,2.004,0.317,0.149,0.851,0.164,0.750
528,17.600,0.000,0.000,0.000,0.000,0,0,0,0.000,0.000,4,1,0.586,0,0.000,1576.869,0.000,0.199,1.655,0.719,1.784,0.331,0.187,0.813,0.161,0.750
531,17.700,0.000,0.000,0.000,0.000,0,0,0,0.000,0.000,3,1,0.552,0,0.000,1576.869,0.000,0.199,1.299,0.689,1.494,1.704,0.159,0.841,0.154,0.750
534,17.800,0.000,0.000,0.000,0.000,0,0,0,0.000,0.000,4,1,0.517,0,0.000,1576.869,0.000,0.199,1.166,0.092,1.390,1.318,0.146,0.854,0.193,0.750
537,17.900,0.000,0.000,0.000,0.000,0,0,0,0.000,0.000,3,1,0.517,0,0.000,1576.869,0.000,0.199,1.578,0.910,1.234,1.806,0.197,0.803,0.146,0.750
540,18.000,0.000,0.000,0.000,0.000,0,0,0,0.000,0.000,5,1,0.483,0,0.000,1576.869,0.000,0.199,2.746,0.802,1.091,0.554,0.246,0.754,0.182,0.750
543,18.100,0.000,0.000,0.000,0.000,0,0,0,0.000,0.000,5,0,0.483,0,0.000,1576.869,0.000,0.199,5.157,0.879,0.883,0.225,0.286,0.714,0.237,0.580
546,18.200,0.000,246.221,0.000,242.098,1,0,1,0.000,0.958,5,0,0.483,4,0.000,1576.869,0.033,0.202,3.871,0.646,0.581,0.152,0.290,0.710,0.750,0.650
549,18.300,0.000,375.000,0.000,128.779,1,0,1,0.000,1.161,4,1,0.448,3,255.476,2396.609,0.067,0.202,4.932,0.629,0.298,0.157,0.295,0.705,0.772,0.750
552,18.400,0.000,0.000,0.000,0.000,0,0,0,0.000,0.000,4,0,0.448,0,255.476,2396.609,0.067,0.202,6.416,0.692,0.137,0.314,0.316,0.684,0.290,0.750
555,18.500,0.000,0.000,0.000,0.000,0,0,0,0.000,0.000,4,0,0.483,0,255.476,2396.609,0.067,0.202,7.986,0.830,0.888,0.055,0.333,0.667,0.320,0.750
558,18.600,0.000,0.000,0.000,0.000,0,0,0,0.000,0.000,5,0,0.483,0,255.476,2396.609,0.067,0.202,5.152,0.875,1.838,0.242,0.336,0.664,0.246,0.750
561,18.700,0.000,0.000,0.000,0.000,0,0,0,0.000,0.000,5,0,0.517,0,255.476,2396.609,0.067,0.202,3.606,0.766,3.612,0.414,0.292,0.708,0.215,0.750
564,18.800,0.000,0.000,0.000,0.000,0,0,0,0.000,0.000,5,0,0.552,0,255.476,2396.609,0.067,0.202,3.302,0.836,6.257,0.245,0.284,0.716,0.202,0.750
567,18.900,0.000,0.000,0.000,0.000,0,0,0,0.000,0.000,5,1,0.517,0,255.476,2396.609,0.067,0.202,5.229,0.864,7.261,0.706,0.305,0.695,0.248,0.750
570,19.000,0.000,0.000,0.000,0.000,0,0,0,0.000,0.000,5,0,0.517,0,255.476,2396.609,0.067,0.202,5.213,0.900,7.765,0.177,0.308,0.692,0.245,0.750
573,19.100,0.000,0.000,0.000,0.000,0,0,0,0.000,0.000,5,0,0.517,0,255.476,2396.609,0.067,0.202,4.392,0.775,9.512,0.287,0.284,0.716,0.234,0.750
576,19.200,0.000,256.955,0.000,-118.045,1,0,1,0.000,1.241,4,1,0.483,3,255.476,2396.609,0.100,0.214,3.007,0.462,9.235,0.471,0.203,0.797,0.740,0.750
579,19.300,0.000,13.038,0.000,-243.917,1,0,1,0.000,1.298,4,0,0.517,3,241.934,3131.489,0.133,0.214,3.751,0.621,12.284,0.252,0.247,0.753,0.574,0.750
582,19.400,0.000,0.000,0.000,0.000,0,0,0,0.000,0.000,4,0,0.517,0,241.934,3131.489,0.133,0.214,4.750,0.667,13.420,2.782,0.281,0.719,0.258,0.750
585,19.500,0.000,0.000,0.000,0.000,0,0,0,0.000,0.000,5,1,0.483,0,241.934,3131.489,0.133,0.214,14.621,0.516,12.935,0.416,0.361,0.639,0.350,0.750
588,19.600,0.000,249.882,0.000,236.844,1,0,1,0.000,1.296,5,0,0.483,4,0.000,3110.874,0.167,0.216,2.485,0.721,8.732,2.909,0.226,0.774,0.726,0.700
591,19.700,0.000,13.892,0.000,-235.990,1,0,1,0.000,1.444,5,0,0.483,4,0.000,3098.974,0.200,0.216,2.739,0.611,3.463,0.428,0.208,0.792,0.571,0.700
594,19.800,0.000,0.000,0.000,0.000,0,0,0,0.000,0.000,4,1,0.483,0,0.000,3098.974,0.200,0.216,2.262,0.745,2.872,0.580,0.211,0.789,0.198,0.750
597,19.900,0.000,0.000,0.000,0.000,0,0,0,0.000,0.000,4,0,0.517,0,0.000,3098.974,0.200,0.216,1.636,0.825,2.121,0.911,0.183,0.817,0.177,0.700
600,20.000,0.000,0.000,0.000,0.000,0,0,0,0.000,0.000,4,0,0.552,0,0.000,3098.974,0.200,0.216,1.474,0.710,1.310,0.303,0.163,0.837,0.181,0.580
603,20.100,0.000,0.000,0.000,0.000,0,0,0,0.000,0.000,4,0,0.586,0,0.000,3098.974,0.200,0.216,1.091,0.506,0.632,0.153,0.145,0.855,0.186,0.580
606,20.200,0.000,0.000,0.000,0.000,0,0,0,0.000,0.000,4,0,0.586,0,0.000,3098.974,0.200,0.216,1.861,0.752,0.385,2.302,0.181,0.819,0.188,0.580
609,20.300,0.000,0.000,0.000,0.000,0,0,0,0.000,0.000,4,0,0.621,0,0.000,3098.974,0.200,0.216,3.590,0.704,0.262,0.363,0.193,0.807,0.234,0.580
612,20.400,0.000,228.569,0.000,214.677,1,0,1,0.000,1.540,4,0,0.655,3,0.000,3133.069,0.233,0.202,1.911,0.397,0.213,1.459,0.126,0.874,0.733,0.650
615,20.500,177.279,0.000,172.807,0.000,1,1,0,0.000,1.275,4,0,0.690,3,213.016,4320.639,0.267,0.202,2.188,0.736,0.015,2.827,0.145,0.855,0.720,0.750
618,20.600,69.462,0.000,-107.817,0.000,1,1,0,0.000,1.191,4,0,0.724,3,60.671,4315.605,0.300,0.202,2.636,0.644,0.258,1.095,0.153,0.847,0.742,0.450
621,20.700,0.000,0.000,0.000,0.000,0,0,0,0.000,0.000,4,0,0.759,0,60.671,4315.605,0.300,0.202,3.663,0.397,0.433,0.965,0.179,0.821,0.270,0.650
624,20.800,0.000,0.000,0.000,0.000,0,0,0,0.000,0.000,4,0,0.793,0,60.671,4315.605,0.300,0.202,3.869,0.328,0.506,0.654,0.223,0.777,0.280,0.580
627,20.900,0.000,0.000,0.000,0.000,0,0,0,0.000,0.000,4,0,0.828,0,60.671,4315.605,0.300,0.202,2.354,0.542,0.681,1.764,0.168,0.832,0.227,0.580
630,21.000,0.000,0.000,0.000,0.000,0,0,0,0.000,0.000,4,0,0.828,0,60.671,4315.605,0.300,0.202,1.690,0.662,1.066,0.956,0.160,0.840,0.202,0.580
633,21.100,0.000,0.000,0.000,0.000,0,0,0,0.000,0.000,4,0,0.828,0,60.671,4315.605,0.300,0.202,1.346,0.474,1.116,2.378,0.154,0.846,0.206,0.580
636,21.200,0.000,0.000,0.000,0.000,0,0,0,0.000,0.000,4,0,0.862,0,60.671,4315.605,0.267,0.202,2.107,0.930,1.042,0.807,0.218,0.782,0.190,0.580
639,21.300,0.000,0.000,0.000,0.000,0,0,0,0.000,0.000,4,0,0.862,0,60.671,4315.605,0.233,0.202,1.765,0.848,1.012,0.296,0.178,0.822,0.183,0.580
642,21.400,0.000,0.000,0.000,0.000,0,0,0,0.000,0.000,4,0,0.862,0,60.671,4315.605,0.233,0.202,2.135,0.780,0.933,0.155,0.183,0.817,0.197,0.580
645,21.500,0.000,0.000,0.000,0.000,0,0,0,0.000,0.000,4,0,0.862,0,60.671,4315.605,0.233,0.202,1.673,0.690,0.792,2.152,0.180,0.820,0.192,0.580
648,21.600,0.000,0.000,0.000,0.000,0,0,0,0.000,0.000,4,0,0.862,0,60.671,4315.605,0.233,0.202,2.761,0.898,0.655,0.061,0.221,0.779,0.204,0.580
651,21.700,0.000,0.000,0.000,0.000,0,0,0,0.000,0.000,4,0,0.862,0,60.671,4315.605,0.233,0.202,3.514,0.844,0.514,0.034,0.223,0.777,0.227,0.580
654,21.800,0.000,0.000,0.000,0.000,0,0,0,0.000,0.000,4,0,0.897,0,60.671,4315.605,0.233,0.202,2.705,0.920,0.435,0.074,0.216,0.784,0.201,0.580
657,21.900,0.000,0.000,0.000,0.000,0,0,0,0.000,0.000,5,0,0.897,0,60.671,4315.605,0.233,0.202,1.334,0.606,0.460,0.117,0.162,0.838,0.189,0.580
660,22.000,0.000,0.000,0.000,0.000,0,0,0,0.000,0.000,5,0,0.897,0,60.671,4315.605,0.233,0.202,1.159,0.559,0.401,0.179,0.130,0.870,0.188,0.580
663,22.100,0.000,0.000,0.000,0.000,0,0,0,0.000,0.000,5,0,0.931,0,60.671,4315.605,0.233,0.202,1.309,0.753,0.360,0.571,0.148,0.852,0.178,0.580
666,22.200,0.000,0.000,0.000,0.000,0,0,0,0.000,0.000,3,1,0.897,0,60.671,4315.605,0.200,0.202,0.977,0.688,0.351,0.623,0.133,0.867,0.170,0.750
669,22.300,0.000,0.000,0.000,0.000,0,0,0,0.000,0.000,4,1,0.862,0,60.671,4315.605,0.167,0.202,0.802,0.655,0.422,1.413,0.094,0.906,0.164,0.750
672,22.400,0.000,0.000,0.000,0.000,0,0,0,0.000,0.000,4,0,0.897,0,60.671,4315.605,0.167,0.202,1.389,0.713,0.489,0.127,0.133,0.867,0.175,0.580
675,22.500,0.000,0.000,0.000,0.000,0,0,0,0.000,0.000,5,1,0.862,0,60.671,4315.605,0.167,0.202,1.029,0.811,0.461,0.530,0.114,0.886,0.159,0.750
678,22.600,0.000,0.000,0.000,0.000,0,0,0,0.000,0.000,5,0,0.862,0,60.671,4315.605,0.133,0.202,1.920,0.812,0.788,0.111,0.179,0.821,0.177,0.580
681,22.700,0.000,0.000,0.000,0.000,0,0,0,0.000,0.000,5,0,0.897,0,60.671,4315.605,0.100,0.202,2.106,0.756,0.616,1.315,0.174,0.826,0.182,0.580
684,22.800,0.000,0.000,0.000,0.000,0,0,0,0.000,0.000,4,1,0.862,0,60.671,4315.605,0.100,0.202,1.700,0.853,0.571,1.184,0.177,0.823,0.165,0.750
687,22.900,0.000,0.000,0.000,0.000,0,0,0,0.000,0.000,4,0,0.862,0,60.671,4315.605,0.100,0.202,1.276,0.711,0.531,1.643,0.140,0.860,0.164,0.580
690,23.000,0.000,0.000,0.000,0.000,0,0,0,0.000,0.000,4,0,0.862,0,60.671,4315.605,0.100,0.202,1.228,0.544,0.649,0.187,0.128,0.872,0.175,0.580
693,23.100,0.000,0.000,0.000,0.000,0,0,0,0.000,0.000,4,0,0.862,0,60.671,4315.605,0.100,0.202,1.160,0.820,0.711,0.196,0.158,0.842,0.154,0.580
696,23.200,0.000,0.000,0.000,0.000,0,0,0,0.000,0.000,4,0,0.862,0,60.671,4315.605,0.100,0.202,0.903,0.530,1.050,1.668,0.116,0.884,0.167,0.580
699,23.300,0.000,0.000,0.000,0.000,0,0,0,0.000,0.000,4,0,0.862,0,60.671,4315.605,0.100,0.202,1.050,0.735,1.358,2.577,0.126,0.874,0.157,0.580
702,23.400,0.000,0.000,0.000,0.000,0,0,0,0.000,0.000,4,0,0.862,0,60.671,4315.605,0.067,0.202,1.183,0.514,1.525,2.069,0.136,0.864,0.172,0.700
705,23.500,0.000,0.000,0.000,0.000,0,0,0,0.000,0.000,4,0,0.862,0,60.671,4315.605,0.033,0.202,1.120,0.502,1.412,2.340,0.111,0.889,0.167,0.700
708,23.600,0.000,0.000,0.000,0.000,0,0,0,0.000,0.000,4,0,0.862,0,60.671,4315.605,0.000,0.202,1.868,0.821,1.237,1.787,0.195,0.805,0.159,0.580
711,23.700,0.000,0.000,0.000,0.000,0,0,0,0.000,0.000,4,0,0.862,0,60.671,4315.605,0.000,0.202,1.781,0.917,1.049,0.947,0.201,0.799,0.150,0.580
714,23.800,0.000,0.000,0.000,0.000,0,0,0,0.000,0.000,4,0,0.862,0,60.671,4315.605,0.000,0.202,3.442,0.935,0.817,0.151,0.258,0.742,0.191,0.580
717,23.900,0.000,0.000,0.000,0.000,0,0,0,0.000,0.000,4,0,0.862,0,60.671,4315.605,0.000,0.202,1.381,0.782,0.410,0.296,0.170,0.830,0.150,0.580
720,24.000,0.000,0.000,0.000,0.000,0,0,0,0.000,0.000,4,0,0.862,0,60.671,4315.605,0.000,0.202,1.402,0.802,0.325,2.311,0.173,0.827,0.149,0.580
723,24.100,0.000,0.000,0.000,0.000,0,0,0,0.000,0.000,4,0,0.862,0,60.671,4315.605,0.000,0.202,1.259,0.740,0.222,2.503,0.134,0.866,0.150,0.580
726,24.200,0.000,0.000,0.000,0.000,0,0,0,0.000,0.000,4,0,0.862,0,60.671,4315.605,0.000,0.202,1.457,0.859,0.335,1.180,0.171,0.829,0.146,0.580
729,24.300,0.000,0.000,0.000,0.000,0,0,0,0.000,0.000,4,0,0.862,0,60.671,4315.605,0.000,0.202,0.751,0.379,0.394,2.251,0.094,0.906,0.162,0.580
732,24.400,0.000,0.000,0.000,0.000,0,0,0,0.000,0.000,3,1,0.828,0,60.671,4315.605,0.000,0.202,1.273,0.850,0.473,2.418,0.174,0.826,0.142,0.750
735,24.500,0.000,0.000,0.000,0.000,0,0,0,0.000,0.000,3,0,0.828,0,60.671,4315.605,0.000,0.202,1.163,0.913,0.395,0.193,0.176,0.824,0.135,0.580
738,24.600,0.000,0.000,0.000,0.000,0,0,0,0.000,0.000,4,1,0.793,0,60.671,4315.605,0.000,0.202,1.322,0.668,0.356,0.408,0.196,0.804,0.156,0.750
741,24.700,0.000,0.000,0.000,0.000,0,0,0,0.000,0.000,4,0,0.793,0,60.671,4315.605,0.000,0.202,1.529,0.431,0.214,1.820,0.178,0.822,0.178,0.580
744,24.800,0.000,0.000,0.000,0.000,0,0,0,0.000,0.000,4,0,0.793,0,60.671,4315.605,0.000,0.202,1.693,0.731,0.133,2.299,0.179,0.821,0.161,0.580
747,24.900,0.000,0.000,0.000,0.000,0,0,0,0.000,0.000,4,1,0.759,0,60.671,4315.605,0.000,0.202,11.698,0.329,0.616,2.667,0.538,0.462,0.347,0.788
750,25.000,0.000,0.000,0.000,0.000,0,0,0,0.000,0.000,4,0,0.759,0,60.671,4315.605,0.000,0.202,11.915,0.526,2.612,1.727,0.265,0.735,0.333,0.700
753,25.100,0.000,0.000,0.000,0.000,0,0,0,0.000,0.000,4,0,0.793,0,60.671,4315.605,0.000,0.202,10.453,0.551,4.627,0.103,0.335,0.665,0.331,0.700
756,25.200,0.000,0.000,0.000,0.000,0,0,0,0.000,0.000,4,0,0.828,0,60.671,4315.605,0.000,0.202,10.725,0.436,5.661,0.196,0.224,0.776,0.339,0.700
759,25.300,0.000,0.000,0.000,0.000,0,0,0,0.000,0.000,4,0,0.828,0,60.671,4315.605,0.000,0.202,8.790,0.775,6.971,0.150,0.172,0.828,0.316,0.700
762,25.400,0.000,0.000,0.000,0.000,0,0,0,0.000,0.000,4,0,0.862,0,60.671,4315.605,0.000,0.202,6.088,0.753,4.674,0.446,0.169,0.831,0.269,0.700
765,25.500,0.000,0.000,0.000,0.000,0,0,0,0.000,0.000,4,0,0.862,0,60.671,4315.605,0.000,0.202,4.775,0.804,5.177,0.829,0.151,0.849,0.233,0.700
768,25.600,0.000,0.000,0.000,0.000,0,0,0,0.000,0.000,4,0,0.862,0,60.671,4315.605,0.000,0.202,4.517,0.797,5.622,0.188,0.160,0.840,0.227,0.700
771,25.700,0.000,0.000,0.000,0.000,0,0,0,0.000,0.000,4,0,0.897,0,60.671,4315.605,0.000,0.202,4.768,0.926,6.083,0.291,0.157,0.843,0.224,0.700
774,25.800,0.000,0.000,0.000,0.000,0,0,0,0.000,0.000,3,1,0.862,0,60.671,4315.605,0.000,0.202,4.454,0.855,6.744,0.063,0.161,0.839,0.122,0.750
777,25.900,0.000,0.000,0.000,0.000,0,0,0,0.000,0.000,3,0,0.862,0,60.671,4315.605,0.000,0.202,5.704,0.848,6.992,0.360,0.176,0.824,0.153,0.700
780,26.000,0.000,0.000,0.000,0.000,0,0,0,0.000,0.000,3,0,0.862,0,60.671,4315.605,0.000,0.202,4.262,0.917,7.476,0.390,0.174,0.826,0.112,0.700
783,26.100,443.041,0.000,373.578,0.000,1,1,0,0.000,1.459,3,0,0.862,2,60.671,4315.605,0.033,0.206,3.623,0.680,7.802,0.234,0.167,0.833,0.617,0.700
786,26.200,57.315,0.000,-385.726,0.000,1,1,0,0.000,1.653,3,0,0.862,2,60.671,4315.605,0.067,0.206,4.595,0.577,8.077,0.950,0.162,0.838,0.652,0.700
789,26.300,8.544,0.000,-48.771,0.000,1,1,0,0.000,1.688,3,0,0.862,2,60.671,4315.605,0.100,0.206,4.255,0.723,8.569,0.539,0.180,0.820,0.435,0.700
792,26.400,64.140,0.000,55.596,0.000,1,1,0,0.000,1.669,4,1,0.828,3,172.609,4264.054,0.133,0.206,3.391,0.519,8.912,0.874,0.151,0.849,0.749,0.750
795,26.500,58.241,0.000,-5.900,0.000,1,1,0,0.000,1.394,4,0,0.828,3,49.497,3902.769,0.167,0.206,3.772,0.540,1.517,0.146,0.156,0.844,0.762,0.700
798,26.600,38.601,0.000,-19.640,0.000,1,1,0,0.000,1.244,4,0,0.828,3,0.000,3828.289,0.200,0.206,2.849,0.617,0.760,1.966,0.117,0.883,0.702,0.550
801,26.700,27.313,0.000,-11.288,0.000,1,1,0,0.000,1.129,4,0,0.828,3,0.000,3439.599,0.233,0.206,4.931,0.815,0.403,2.257,0.192,0.808,0.681,0.580
804,26.800,37.336,0.000,10.023,0.000,1,1,0,0.000,0.978,4,0,0.828,2,0.000,2571.644,0.267,0.207,6.911,0.853,0.143,0.131,0.203,0.797,0.742,0.350
807,26.900,37.363,0.000,0.027,0.000,1,1,0,0.000,0.689,4,0,0.828,2,0.000,2530.238,0.300,0.207,5.325,0.891,0.031,0.171,0.197,0.803,0.704,0.000
810,27.000,47.676,0.000,10.313,0.000,1,1,0,0.000,0.443,3,1,0.793,2,0.000,2806.959,0.333,0.200,3.005,0.767,0.051,1.636,0.170,0.830,0.631,0.750
813,27.100,44.283,0.000,-3.393,0.000,1,1,0,0.000,0.313,3,0,0.793,2,0.000,2806.959,0.367,0.202,2.758,0.366,0.131,1.334,0.145,0.855,0.653,0.550
816,27.200,62.241,0.000,17.958,0.000,1,1,0,0.000,0.269,3,0,0.793,2,0.000,2806.959,0.400,0.202,3.065,0.518,0.214,1.189,0.140,0.860,0.658,0.000
819,27.300,77.929,0.000,23.011,0.000,2,1,0,77.929,0.369,3,0,0.828,4,0.000,2806.959,0.433,0.177,3.986,0.624,0.302,0.293,0.205,0.795,0.788,0.650
822,27.400,38.949,0.000,-38.981,0.000,1,1,0,0.000,0.563,3,0,0.828,2,0.000,2806.959,0.467,0.177,2.701,0.687,0.387,0.227,0.176,0.824,0.612,0.650
825,27.500,0.000,0.000,0.000,0.000,0,0,0,0.000,0.000,3,0,0.862,0,0.000,2806.959,0.467,0.177,2.627,0.784,0.539,1.520,0.164,0.836,0.137,0.650
828,27.600,202.970,0.000,164.022,0.000,1,1,0,0.000,0.693,3,0,0.862,2,105.262,2835.999,0.500,0.180,3.220,0.515,0.657,0.658,0.177,0.823,0.674,0.650
831,27.700,0.000,0.000,0.000,0.000,0,0,0,0.000,0.000,3,0,0.862,0,105.262,2835.999,0.500,0.180,7.132,0.759,0.743,0.057,0.235,0.765,0.255,0.650
834,27.800,0.000,335.596,0.000,107.027,1,0,1,0.000,1.869,3,0,0.897,2,105.262,2835.999,0.533,0.170,2.453,0.184,0.804,0.287,0.130,0.870,0.682,0.650
837,27.900,0.000,37.855,0.000,-297.741,1,0,1,0.000,1.858,3,0,0.897,2,105.262,2835.999,0.567,0.170,2.642,0.408,0.958,0.459,0.152,0.848,0.636,0.585
840,28.000,0.000,0.000,0.000,0.000,0,0,0,0.000,0.000,3,0,0.897,0,105.262,2835.999,0.567,0.170,2.117,0.256,0.850,1.354,0.121,0.879,0.173,0.650
843,28.100,190.515,0.000,-12.455,0.000,1,1,0,0.000,0.774,3,0,0.897,2,105.262,2835.999,0.600,0.173,10.489,0.247,0.817,1.406,0.333,0.667,0.825,0.650
846,28.200,20.100,0.000,-170.415,0.000,1,1,0,0.000,0.961,3,0,0.897,2,105.262,2835.999,0.633,0.170,6.504,0.747,0.436,1.767,0.227,0.773,0.618,0.585
849,28.300,32.016,0.000,11.916,0.000,1,1,0,0.000,0.943,3,0,0.897,2,0.000,2280.039,0.667,0.172,5.844,0.886,0.288,0.088,0.224,0.776,0.662,0.580
852,28.400,35.000,0.000,2.984,0.000,1,1,0,0.000,0.980,3,0,0.897,2,0.000,1922.095,0.700,0.172,5.810,0.940,0.331,0.564,0.226,0.774,0.678,0.350
855,28.500,31.145,0.000,-3.855,0.000,1,1,0,0.000,0.963,3,0,0.897,2,68.680,1711.779,0.733,0.174,4.799,0.962,0.264,0.137,0.215,0.785,0.634,0.350
858,28.600,24.042,0.000,-7.103,0.000,1,1,0,0.000,0.864,3,0,0.897,2,0.000,1523.679,0.767,0.164,4.919,0.924,0.014,0.925,0.236,0.764,0.604,0.580
861,28.700,30.480,0.000,6.438,0.000,1,1,0,0.000,0.591,3,0,0.931,2,0.000,1604.114,0.800,0.164,5.468,0.919,0.224,0.206,0.243,0.757,0.658,0.000
864,28.800,19.698,0.000,-10.782,0.000,1,1,0,0.000,0.490,3,0,0.931,2,0.000,1627.439,0.833,0.166,5.753,0.957,0.457,0.529,0.233,0.767,0.606,0.580
867,28.900,20.000,0.000,0.302,0.000,1,1,0,0.000,0.463,3,0,0.931,2,0.000,1760.519,0.867,0.166,4.829,0.935,0.589,0.066,0.228,0.772,0.590,0.580
870,29.000,39.623,0.000,19.623,0.000,1,1,0,0.000,0.233,3,0,0.931,2,49.244,1998.224,0.900,0.453,5.639,0.924,0.910,0.387,0.241,0.759,0.724,0.000
873,29.100,42.720,0.000,3.097,0.000,1,1,0,0.000,0.275,3,0,0.931,2,49.244,1998.224,0.900,0.453,7.249,0.860,1.143,0.282,0.249,0.751,0.786,0.000
876,29.200,55.660,0.000,12.940,0.000,1,1,0,0.000,0.204,3,0,0.931,2,49.244,1998.224,0.900,0.453,5.921,0.871,1.387,0.025,0.246,0.754,0.765,0.000
879,29.300,31.780,0.000,-23.879,0.000,1,1,0,0.000,0.206,3,0,0.966,2,49.244,1998.224,0.900,0.453,5.340,0.800,0.962,0.247,0.247,0.753,0.682,0.000
882,29.400,37.537,0.000,5.756,0.000,1,1,0,0.000,0.344,3,0,0.966,2,49.244,1998.224,0.900,0.462,5.500,0.846,1.143,0.161,0.245,0.755,0.715,0.000
885,29.500,36.069,0.000,-1.467,0.000,1,1,0,0.000,0.340,3,0,0.966,2,49.244,1998.224,0.900,0.462,5.306,0.750,1.282,0.425,0.250,0.750,0.709,0.000
888,29.600,22.825,0.000,-13.244,0.000,1,1,0,0.000,0.341,3,0,0.966,2,49.244,1998.224,0.900,0.462,4.902,0.812,1.440,0.219,0.244,0.756,0.620,0.700
891,29.700,97.908,428.239,75.083,390.384,2,1,1,73.082,1.829,3,0,0.966,4,0.000,2687.138,0.900,0.462,4.407,0.754,0.598,0.109,0.249,0.751,0.845,0.650
894,29.800,0.000,0.000,0.000,0.000,0,0,0,0.000,0.000,3,0,0.966,0,0.000,2687.138,0.867,0.462,5.233,0.642,0.477,0.988,0.221,0.779,0.260,0.650
897,29.900,0.000,0.000,0.000,0.000,0,0,0,0.000,0.000,3,0,1.000,0,0.000,2687.138,0.833,0.462,5.014,0.639,0.504,2.181,0.224,0.776,0.251,0.580
900,30.000,0.000,0.000,0.000,0.000,0,0,0,0.000,0.000,3,0,1.000,0,0.000,2687.138,0.800,0.462,4.925,0.733,0.463,2.791,0.193,0.807,0.238,0.580
903,30.100,0.000,344.884,0.000,-83.355,1,0,1,0.000,2.038,3,0,1.000,2,176.309,3002.419,0.800,0.430,3.683,0.805,0.419,0.292,0.219,0.781,0.702,0.750
906,30.200,249.804,0.000,151.896,0.000,1,1,0,0.000,0.436,3,0,1.000,2,73.824,2941.738,0.800,0.430,4.442,0.643,0.325,2.075,0.181,0.819,0.732,0.550
909,30.300,33.242,0.000,-216.562,0.000,1,1,0,0.000,0.708,3,0,1.000,2,0.000,2718.894,0.800,0.430,3.467,0.706,0.225,3.117,0.184,0.816,0.638,0.550
912,30.400,44.721,0.000,11.480,0.000,1,1,0,0.000,0.770,3,0,1.000,2,34.015,2599.850,0.800,0.430,3.818,0.650,0.102,3.029,0.164,0.836,0.714,0.550
915,30.500,17.263,0.000,-27.459,0.000,1,1,0,0.000,0.909,3,0,1.000,2,0.000,2237.584,0.833,0.430,3.858,0.605,0.007,0.052,0.164,0.836,0.570,0.580
918,30.600,29.155,0.000,11.892,0.000,1,1,0,0.000,0.926,4,1,0.966,3,0.000,2228.669,0.833,0.430,4.266,0.869,0.149,1.654,0.199,0.801,0.743,0.750
921,30.700,30.887,0.000,1.732,0.000,1,1,0,0.000,0.998,4,0,0.966,3,0.000,2225.794,0.867,0.430,5.091,0.906,0.379,0.256,0.202,0.798,0.774,0.350
924,30.800,26.249,0.000,-4.638,0.000,1,1,0,0.000,0.985,4,0,0.966,2,0.000,2246.909,0.867,0.429,4.677,0.908,0.375,0.515,0.210,0.790,0.693,0.580
927,30.900,34.409,0.000,8.160,0.000,1,1,0,0.000,0.928,3,1,0.931,2,30.232,2309.479,0.867,0.430,5.755,0.861,0.536,0.047,0.223,0.777,0.699,0.750
930,31.000,51.614,0.000,17.205,0.000,1,1,0,0.000,0.935,3,0,0.931,2,0.000,2113.568,0.900,0.430,5.768,0.865,0.697,0.194,0.227,0.773,0.762,0.350
933,31.100,27.659,0.000,-23.955,0.000,1,1,0,0.000,0.616,3,0,0.931,2,0.000,1908.188,0.900,0.430,4.563,0.877,0.986,0.390,0.222,0.778,0.634,0.580
936,31.200,16.492,0.000,-11.166,0.000,1,1,0,0.000,0.605,3,0,0.931,2,29.017,1713.037,0.900,0.430,3.226,0.902,1.545,0.431,0.213,0.787,0.537,0.700
939,31.300,12.649,0.000,-3.843,0.000,1,1,0,0.000,0.524,3,0,0.931,2,136.719,2007.184,0.900,0.430,1.801,0.582,1.420,0.808,0.157,0.843,0.503,0.750
942,31.400,23.345,0.000,10.696,0.000,1,1,0,0.000,0.540,3,0,0.931,2,58.523,1807.150,0.900,0.430,3.723,0.484,1.728,0.398,0.217,0.783,0.617,0.700
945,31.500,26.173,0.000,2.827,0.000,1,1,0,0.000,0.499,3,0,0.931,2,58.523,1807.150,0.900,0.430,3.197,0.819,1.786,0.674,0.193,0.807,0.596,0.700
948,31.600,26.000,0.000,-0.173,0.000,1,1,0,0.000,0.853,3,0,0.931,2,126.143,2185.229,0.900,0.430,1.325,0.112,1.999,1.993,0.096,0.904,0.598,0.701
951,31.700,54.120,0.000,28.120,0.000,1,1,0,0.000,0.808,3,0,0.931,2,104.278,2135.639,0.900,0.430,2.892,0.743,1.779,0.318,0.175,0.825,0.698,0.700
954,31.800,45.122,0.000,-8.998,0.000,1,1,0,0.000,0.830,3,0,0.931,2,67.779,2166.409,0.900,0.430,3.305,0.696,1.766,0.295,0.181,0.819,0.712,0.700
957,31.900,0.000,339.081,0.000,-5.803,1,0,1,0.000,2.222,3,0,0.931,2,0.000,2058.634,0.900,0.430,4.780,0.732,1.411,1.789,0.214,0.786,0.746,0.700
960,32.000,0.000,0.000,0.000,0.000,0,0,0,0.000,0.000,3,0,0.931,0,0.000,2058.634,0.867,0.430,5.653,0.774,1.191,0.089,0.224,0.776,0.261,0.650
963,32.100,0.000,0.000,0.000,0.000,0,0,0,0.000,0.000,3,0,0.931,0,0.000,2058.634,0.833,0.430,4.454,0.707,0.912,0.260,0.192,0.808,0.232,0.580
966,32.200,0.000,314.968,0.000,-24.113,1,0,1,0.000,2.471,3,0,0.931,2,0.000,3384.619,0.833,0.422,3.956,0.626,0.915,1.821,0.192,0.808,0.725,0.650
969,32.300,0.000,7.071,0.000,-307.897,1,0,1,0.000,2.121,3,0,0.931,2,7.071,4067.694,0.833,0.422,4.100,0.579,1.045,0.035,0.198,0.802,0.521,0.580
972,32.400,0.000,12.806,0.000,5.735,1,0,1,0.000,2.319,3,0,0.931,2,0.000,5091.459,0.833,0.422,2.497,0.287,1.084,0.846,0.175,0.825,0.534,0.580
975,32.500,0.000,15.033,0.000,2.227,1,0,1,0.000,2.055,3,0,0.931,2,15.620,5861.649,0.833,0.422,2.250,0.558,1.399,1.969,0.168,0.832,0.521,0.580
978,32.600,0.000,37.483,0.000,22.450,1,0,1,0.000,1.940,3,0,0.931,2,0.000,6044.194,0.833,0.422,4.907,0.852,1.696,1.298,0.189,0.811,0.691,0.700
981,32.700,0.000,54.083,0.000,16.600,1,0,1,0.000,1.620,3,0,0.931,2,0.000,5019.869,0.833,0.422,8.268,0.697,1.639,0.252,0.218,0.782,0.821,0.700
984,32.800,0.000,0.000,0.000,0.000,0,0,0,0.000,0.000,3,0,0.931,0,0.000,5019.869,0.833,0.422,9.828,0.728,0.927,0.104,0.228,0.772,0.319,0.650
987,32.900,0.000,0.000,0.000,0.000,0,0,0,0.000,0.000,3,0,0.931,0,0.000,5019.869,0.833,0.422,9.974,0.139,0.052,2.182,0.560,0.440,0.360,0.800
990,33.000,0.000,0.000,0.000,0.000,0,0,0,0.000,0.000,3,0,0.931,0,0.000,5019.869,0.833,0.422,17.693,0.781,0.562,2.276,0.288,0.712,0.315,0.580
993,33.100,0.000,308.229,0.000,254.146,1,0,1,0.000,1.553,3,0,0.931,2,0.000,5293.687,0.833,0.407,15.453,0.563,1.641,0.012,0.238,0.762,0.831,0.700
996,33.200,199.912,0.000,154.790,0.000,1,1,0,0.000,1.046,3,0,0.931,2,0.000,3683.947,0.833,0.407,10.985,0.755,2.258,0.160,0.218,0.782,0.817,0.700
999,33.300,0.000,0.000,0.000,0.000,0,0,0,0.000,0.000,3,0,0.931,0,0.000,3683.947,0.800,0.407,10.597,0.653,2.747,0.144,0.199,0.801,0.320,0.700
1002,33.400,0.000,122.413,0.000,-185.816,1,0,1,0.000,1.570,3,0,0.931,2,34.015,2249.819,0.800,0.416,9.888,0.887,3.142,0.157,0.216,0.784,0.804,0.700
1005,33.500,0.000,0.000,0.000,0.000,0,0,0,0.000,0.000,3,0,0.966,0,34.015,2249.819,0.767,0.416,9.091,0.898,3.304,0.254,0.242,0.758,0.299,0.700
1008,33.600,0.000,0.000,0.000,0.000,0,0,0,0.000,0.000,3,0,0.966,0,34.015,2249.819,0.733,0.416,6.428,0.909,3.199,0.050,0.212,0.788,0.255,0.700
1011,33.700,0.000,0.000,0.000,0.000,0,0,0,0.000,0.000,3,0,0.966,0,34.015,2249.819,0.700,0.416,3.770,0.774,3.280,0.297,0.195,0.805,0.194,0.700
1014,33.800,0.000,0.000,0.000,0.000,0,0,0,0.000,0.000,3,0,1.000,0,34.015,2249.819,0.667,0.416,3.994,0.555,3.408,0.771,0.189,0.811,0.211,0.700
1017,33.900,0.000,0.000,0.000,0.000,0,0,0,0.000,0.000,3,0,1.000,0,34.015,2249.819,0.633,0.416,6.721,0.493,3.469,0.850,0.205,0.795,0.279,0.700
1020,34.000,0.000,0.000,0.000,0.000,0,0,0,0.000,0.000,3,0,1.000,0,34.015,2249.819,0.600,0.416,4.185,0.558,4.036,0.087,0.205,0.795,0.208,0.700
1023,34.100,0.000,0.000,0.000,0.000,0,0,0,0.000,0.000,3,0,1.000,0,34.015,2249.819,0.567,0.416,5.916,0.564,4.663,0.535,0.208,0.792,0.246,0.700
1026,34.200,0.000,0.000,0.000,0.000,0,0,0,0.000,0.000,3,0,1.000,0,34.015,2249.819,0.533,0.416,4.879,0.663,4.600,0.518,0.202,0.798,0.210,0.700
1029,34.300,0.000,0.000,0.000,0.000,0,0,0,0.000,0.000,3,0,1.000,0,34.015,2249.819,0.500,0.416,3.589,0.309,2.887,2.451,0.175,0.825,0.198,0.700
1032,34.400,0.000,0.000,0.000,0.000,0,0,0,0.000,0.000,3,0,1.000,0,34.015,2249.819,0.467,0.416,4.108,0.314,1.794,1.642,0.182,0.818,0.207,0.700
1035,34.500,234.968,0.000,35.056,0.000,1,1,0,0.000,1.151,3,0,1.000,2,0.000,1848.424,0.467,0.325,2.927,0.435,1.195,1.729,0.145,0.855,0.669,0.650
1038,34.600,26.926,0.000,-208.042,0.000,1,1,0,0.000,1.347,3,0,1.000,2,34.015,1949.575,0.467,0.325,5.840,0.329,0.272,1.015,0.151,0.849,0.649,0.580
1041,34.700,34.540,0.000,7.614,0.000,1,1,0,0.000,1.250,3,0,1.000,2,35.440,1900.237,0.467,0.325,6.523,0.743,0.104,1.387,0.181,0.819,0.679,0.550
1044,34.800,0.000,83.869,0.000,-38.544,1,0,1,0.000,1.375,3,0,1.000,2,28.018,1829.714,0.467,0.325,3.350,0.797,0.288,0.696,0.170,0.830,0.654,0.500
1047,34.900,0.000,0.000,0.000,0.000,0,0,0,0.000,0.000,3,0,1.000,0,28.018,1829.714,0.433,0.325,3.885,0.731,0.506,0.774,0.173,0.827,0.168,0.650
1050,35.000,0.000,0.000,0.000,0.000,0,0,0,0.000,0.000,3,0,1.000,0,28.018,1829.714,0.433,0.325,3.975,0.783,0.677,0.106,0.191,0.809,0.167,0.580
1053,35.100,0.000,0.000,0.000,0.000,0,0,0,0.000,0.000,3,0,1.000,0,28.018,1829.714,0.433,0.325,3.519,0.388,0.812,0.159,0.163,0.837,0.183,0.580
1056,35.200,0.000,0.000,0.000,0.000,0,0,0,0.000,0.000,3,0,1.000,0,28.018,1829.714,0.400,0.325,3.908,0.530,0.903,2.785,0.174,0.826,0.179,0.580
1059,35.300,0.000,0.000,0.000,0.000,0,0,0,0.000,0.000,3,0,1.000,0,28.018,1829.714,0.367,0.325,4.461,0.627,0.896,1.535,0.180,0.820,0.182,0.580
1062,35.400,0.000,0.000,0.000,0.000,0,0,0,0.000,0.000,3,0,1.000,0,28.018,1829.714,0.333,0.325,3.365,0.769,0.885,2.379,0.167,0.833,0.140,0.580
1065,35.500,0.000,0.000,0.000,0.000,0,0,0,0.000,0.000,3,0,1.000,0,28.018,1829.714,0.300,0.325,3.184,0.828,1.065,0.931,0.165,0.835,0.128,0.580
1068,35.600,0.000,0.000,0.000,0.000,0,0,0,0.000,0.000,3,0,1.000,0,28.018,1829.714,0.267,0.325,3.537,0.818,1.163,0.379,0.145,0.855,0.133,0.580
1071,35.700,0.000,0.000,0.000,0.000,0,0,0,0.000,0.000,3,0,1.000,0,28.018,1829.714,0.233,0.325,2.620,0.529,1.240,0.144,0.130,0.870,0.126,0.580
1074,35.800,0.000,0.000,0.000,0.000,0,0,0,0.000,0.000,3,0,1.000,0,28.018,1829.714,0.233,0.325,4.116,0.629,1.182,3.014,0.155,0.845,0.157,0.580
1077,35.900,0.000,0.000,0.000,0.000,0,0,0,0.000,0.000,3,0,1.000,0,28.018,1829.714,0.233,0.325,5.359,0.284,1.024,0.134,0.215,0.785,0.212,0.580
1080,36.000,0.000,0.000,0.000,0.000,0,0,0,0.000,0.000,3,0,1.000,0,28.018,1829.714,0.233,0.325,3.598,0.545,0.890,0.079,0.150,0.850,0.150,0.580
1083,36.100,0.000,0.000,0.000,0.000,0,0,0,0.000,0.000,3,0,1.000,0,28.018,1829.714,0.200,0.325,2.930,0.142,0.789,0.158,0.137,0.863,0.157,0.580
1086,36.200,0.000,0.000,0.000,0.000,0,0,0,0.000,0.000,3,0,1.000,0,28.018,1829.714,0.167,0.325,2.982,0.441,0.879,1.767,0.165,0.835,0.134,0.580
1089,36.300,0.000,0.000,0.000,0.000,0,0,0,0.000,0.000,3,0,1.000,0,28.018,1829.714,0.167,0.325,2.976,0.541,0.978,0.067,0.172,0.828,0.127,0.580
1092,36.400,0.000,0.000,0.000,0.000,0,0,0,0.000,0.000,3,0,1.000,0,28.018,1829.714,0.133,0.325,1.878,0.452,0.894,0.472,0.115,0.885,0.101,0.580
1095,36.500,79.756,0.000,45.216,0.000,1,1,0,0.000,1.525,3,0,1.000,2,18.788,1778.330,0.167,0.281,3.029,0.527,0.932,0.310,0.174,0.826,0.629,0.650
1098,36.600,0.000,86.163,0.000,2.294,1,0,1,0.000,1.581,3,0,1.000,2,0.000,1628.270,0.200,0.281,3.904,0.664,1.013,0.094,0.212,0.788,0.645,0.500
1101,36.700,0.000,49.820,0.000,-36.343,1,0,1,0.000,1.504,3,0,1.000,2,40.447,1152.100,0.233,0.284,2.789,0.199,0.880,1.847,0.162,0.838,0.654,0.550
1104,36.800,0.000,33.838,0.000,-15.982,1,0,1,0.000,1.481,3,0,1.000,2,28.018,925.939,0.267,0.284,3.699,0.570,0.956,2.347,0.190,0.810,0.593,0.550
1107,36.900,0.000,0.000,0.000,0.000,0,0,0,0.000,0.000,3,0,1.000,0,28.018,925.939,0.267,0.284,4.880,0.665,1.034,2.431,0.179,0.821,0.177,0.650
1110,37.000,0.000,0.000,0.000,0.000,0,0,0,0.000,0.000,3,0,1.000,0,28.018,925.939,0.267,0.284,5.952,0.445,0.848,1.957,0.195,0.805,0.220,0.580
1113,37.100,0.000,0.000,0.000,0.000,0,0,0,0.000,0.000,3,0,1.000,0,28.018,925.939,0.267,0.284,5.029,0.517,0.580,1.224,0.222,0.778,0.192,0.580
1116,37.200,0.000,0.000,0.000,0.000,0,0,0,0.000,0.000,3,0,1.000,0,28.018,925.939,0.267,0.284,6.679,0.741,0.367,0.583,0.220,0.780,0.217,0.580
1119,37.300,0.000,0.000,0.000,0.000,0,0,0,0.000,0.000,3,0,1.000,0,28.018,925.939,0.267,0.284,6.580,0.754,0.067,1.805,0.205,0.795,0.214,0.580
1122,37.400,0.000,135.163,0.000,101.325,1,0,1,0.000,1.509,3,0,1.000,2,0.000,636.574,0.300,0.294,11.592,0.276,0.196,2.099,0.515,0.485,0.787,0.765
1125,37.500,0.000,23.022,0.000,-112.141,1,0,1,0.000,1.569,3,0,1.000,2,0.000,780.378,0.300,0.294,13.471,0.935,0.499,1.714,0.222,0.778,0.618,0.580
1128,37.600,0.000,13.601,0.000,-9.420,1,0,1,0.000,1.252,3,0,1.000,2,0.000,954.257,0.300,0.294,8.075,0.927,1.114,0.113,0.210,0.790,0.567,0.580
1131,37.700,0.000,8.602,0.000,-4.999,1,0,1,0.000,0.913,3,0,1.000,2,0.000,1083.514,0.300,0.294,4.970,0.909,1.775,0.313,0.193,0.807,0.464,0.700
1134,37.800,0.000,6.083,0.000,-2.520,1,0,1,0.000,0.821,3,0,1.000,2,166.075,1998.580,0.300,0.294,2.426,0.896,3.118,0.294,0.156,0.844,0.388,0.750
1137,37.900,0.000,7.810,0.000,1.727,1,0,1,0.000,0.872,3,0,1.000,2,0.000,2070.394,0.333,0.294,3.122,0.926,3.018,1.591,0.163,0.837,0.417,0.700
1140,38.000,0.000,19.105,0.000,11.295,1,0,1,0.000,0.667,3,0,1.000,2,0.000,1788.928,0.367,0.294,9.031,0.931,2.822,0.560,0.201,0.799,0.605,0.700
1143,38.100,0.000,30.529,0.000,11.424,1,0,1,0.000,0.604,3,0,1.000,2,0.000,1463.137,0.400,0.294,16.040,0.900,3.416,0.015,0.219,0.781,0.675,0.700
1146,38.200,0.000,16.553,0.000,-13.976,1,0,1,0.000,0.637,3,0,1.000,2,0.000,1178.908,0.433,0.294,17.683,0.599,4.355,0.146,0.239,0.761,0.622,0.700
1149,38.300,0.000,69.007,0.000,52.454,1,0,1,0.000,0.890,3,0,1.000,2,0.000,1644.884,0.467,0.294,16.115,0.506,5.637,0.282,0.269,0.731,0.791,0.700
1152,38.400,0.000,52.479,0.000,-16.529,1,0,1,0.000,0.952,3,0,1.000,2,52.479,1911.810,0.500,0.294,14.852,0.428,7.134,0.136,0.236,0.764,0.800,0.700
1155,38.500,0.000,9.055,0.000,-43.423,1,0,1,0.000,0.993,3,0,1.000,2,9.055,2107.574,0.533,0.294,12.732,0.225,7.022,0.352,0.223,0.777,0.619,0.700
1158,38.600,0.000,51.614,0.000,42.559,1,0,1,0.000,1.196,3,0,1.000,2,0.000,2044.819,0.567,0.289,14.574,0.375,5.938,0.106,0.230,0.770,0.812,0.700
1161,38.700,0.000,47.508,0.000,-4.106,1,0,1,0.000,0.964,3,0,1.000,2,0.000,2007.419,0.600,0.289,15.648,0.523,6.119,0.676,0.239,0.761,0.805,0.700
1164,38.800,0.000,38.079,0.000,-9.429,1,0,1,0.000,0.949,3,0,1.000,2,19.235,2180.169,0.633,0.289,14.372,0.860,5.523,0.135,0.231,0.769,0.747,0.700
1167,38.900,0.000,17.720,0.000,-20.359,1,0,1,0.000,0.944,3,0,1.000,2,53.451,1774.509,0.667,0.289,9.734,0.854,5.182,0.054,0.237,0.763,0.639,0.700
1170,39.000,0.000,8.944,0.000,-8.776,1,0,1,0.000,0.965,3,0,1.000,2,37.537,1867.137,0.700,0.289,6.477,0.776,2.963,0.233,0.231,0.769,0.561,0.700
1173,39.100,0.000,9.487,0.000,0.543,1,0,1,0.000,0.723,3,0,1.000,2,25.632,1899.529,0.733,0.289,5.577,0.494,1.817,0.066,0.194,0.806,0.566,0.700
1176,39.200,0.000,19.235,0.000,9.749,1,0,1,0.000,0.678,3,0,1.000,2,22.136,1808.669,0.767,0.281,4.423,0.292,1.652,1.680,0.203,0.797,0.609,0.700
1179,39.300,0.000,25.239,0.000,6.003,1,0,1,0.000,0.731,3,0,1.000,2,168.404,2055.919,0.800,0.281,3.926,0.346,1.635,0.730,0.173,0.827,0.630,0.750
1182,39.400,0.000,13.928,0.000,-11.310,1,0,1,0.000,0.654,3,0,1.000,2,78.492,1751.898,0.833,0.278,4.430,0.699,1.660,0.070,0.188,0.812,0.559,0.700
1185,39.500,0.000,10.440,0.000,-3.488,1,0,1,0.000,0.807,3,0,1.000,2,0.000,1032.320,0.833,0.270,4.988,0.782,1.707,0.050,0.196,0.804,0.548,0.700
1188,39.600,0.000,17.804,0.000,7.364,1,0,1,0.000,1.049,3,0,1.000,2,14.866,786.229,0.833,0.270,4.605,0.705,1.486,0.116,0.189,0.811,0.585,0.700
1191,39.700,0.000,13.601,0.000,-4.203,1,0,1,0.000,1.262,3,0,1.000,2,9.899,730.814,0.833,0.270,3.642,0.664,0.783,0.194,0.180,0.820,0.540,0.580
1194,39.800,0.000,15.264,0.000,1.663,1,0,1,0.000,1.200,3,0,1.000,2,0.000,715.644,0.833,0.270,3.445,0.488,0.247,0.001,0.176,0.824,0.557,0.580
1197,39.900,0.000,9.899,0.000,-5.365,1,0,1,0.000,1.465,3,0,1.000,2,0.000,684.768,0.867,0.399,2.874,0.482,0.113,0.244,0.152,0.848,0.517,0.580
1200,40.000,0.000,25.000,0.000,15.101,1,0,1,0.000,1.462,3,0,1.000,2,0.000,674.879,0.900,0.399,3.109,0.636,0.408,0.330,0.155,0.845,0.600,0.350
1203,40.100,302.853,10.296,223.097,-14.704,2,1,1,240.533,1.496,3,0,1.000,4,0.000,657.510,0.933,0.392,4.624,0.563,0.633,0.150,0.164,0.836,0.868,0.650
1206,40.200,34.713,8.062,-268.140,-2.233,2,1,1,278.007,1.512,3,0,1.000,4,0.000,283.085,0.967,0.479,5.332,0.648,0.908,0.485,0.183,0.817,0.827,0.450
1209,40.300,22.472,14.318,-12.241,6.256,2,1,1,297.516,1.546,3,0,1.000,4,0.000,324.704,1.000,0.470,7.852,0.718,1.164,0.063,0.192,0.808,0.821,0.350
1212,40.400,0.000,12.806,0.000,-1.512,1,0,1,0.000,1.240,3,0,1.000,2,0.000,314.589,1.000,0.470,8.931,0.592,1.387,0.095,0.194,0.806,0.670,0.650
1215,40.500,0.000,1.414,0.000,-11.392,1,0,1,0.000,1.181,3,0,1.000,2,0.000,301.304,1.000,0.470,9.174,0.373,1.365,0.011,0.207,0.793,0.622,0.580
1218,40.600,0.000,10.296,0.000,8.881,1,0,1,0.000,1.380,3,0,1.000,2,32.650,307.224,1.000,0.470,8.888,0.513,1.200,0.107,0.217,0.783,0.661,0.580
1221,40.700,0.000,2.828,0.000,-7.467,1,0,1,0.000,1.051,3,0,1.000,2,0.000,290.754,1.000,0.470,7.593,0.551,1.091,0.493,0.216,0.784,0.607,0.580
1224,40.800,0.000,7.071,0.000,4.243,1,0,1,0.000,1.034,3,0,1.000,2,27.659,228.447,1.000,0.470,5.675,0.603,1.033,0.508,0.214,0.786,0.579,0.580
1227,40.900,0.000,6.403,0.000,-0.668,1,0,1,0.000,1.395,3,0,1.000,2,34.409,256.327,1.000,0.470,5.032,0.467,1.062,1.959,0.196,0.804,0.569,0.580
1230,41.000,0.000,17.000,0.000,10.597,1,0,1,0.000,1.027,3,0,1.000,2,0.000,218.319,1.000,0.470,8.496,0.881,1.100,0.390,0.233,0.767,0.673,0.350
1233,41.100,0.000,26.077,0.000,9.077,1,0,1,0.000,1.081,3,0,1.000,2,0.000,209.929,1.000,0.470,9.124,0.929,0.954,0.213,0.239,0.761,0.720,0.350
1236,41.200,0.000,25.612,0.000,-0.464,1,0,1,0.000,0.928,3,0,1.000,2,0.000,210.194,1.000,0.470,11.347,0.963,0.742,0.128,0.239,0.761,0.715,0.350
1239,41.300,0.000,7.616,0.000,-17.997,1,0,1,0.000,0.779,3,0,1.000,2,0.000,221.899,1.000,0.470,10.217,0.960,0.475,0.123,0.234,0.766,0.615,0.580
1242,41.400,0.000,227.317,0.000,209.597,2,0,1,227.317,1.045,4,1,0.966,4,0.000,723.949,1.000,0.462,9.500,0.919,0.217,0.155,0.251,0.749,1.000,0.750
1245,41.500,0.000,282.044,0.000,17.815,2,0,1,282.044,1.447,4,0,0.966,4,19.647,898.697,1.000,0.453,7.403,0.871,0.051,0.114,0.231,0.769,1.000,0.350
1248,41.600,93.193,288.087,70.721,6.042,2,1,1,280.457,1.808,4,0,0.966,4,0.000,827.355,1.000,0.444,5.043,0.736,0.266,0.046,0.223,0.777,0.975,0.500
1251,41.700,0.000,298.485,0.000,284.556,2,0,1,298.485,2.120,4,0,0.966,4,0.000,559.369,1.000,0.435,5.483,0.706,0.481,0.288,0.227,0.773,0.988,0.500
1254,41.800,17.000,292.554,-76.193,-5.930,2,1,1,272.360,2.478,4,0,0.966,4,82.377,530.117,1.000,0.426,6.942,0.412,0.884,0.341,0.225,0.775,1.000,0.500
1257,41.900,23.345,20.616,6.345,-271.939,2,1,1,305.369,2.265,4,0,0.966,4,64.195,599.359,1.000,0.417,5.207,0.508,1.639,0.923,0.211,0.789,0.874,0.700
1260,42.000,43.278,21.190,19.933,0.574,2,1,1,346.733,2.108,3,1,0.931,4,0.000,631.538,1.000,0.408,5.206,0.559,1.656,0.389,0.212,0.788,0.881,0.750
1263,42.100,16.971,13.153,-26.308,-8.037,2,1,1,345.897,1.852,3,0,0.931,4,0.000,663.374,1.000,0.408,3.299,0.638,1.184,0.083,0.199,0.801,0.682,0.580
1266,42.200,30.364,13.454,13.394,0.301,2,1,1,365.472,1.769,3,0,0.931,4,186.604,1272.855,1.000,0.408,2.996,0.751,0.788,0.262,0.184,0.816,0.741,0.750
1269,42.300,29.069,8.944,-1.296,-4.509,2,1,1,340.906,1.783,8,1,0.897,6,59.008,1376.494,1.000,0.399,2.511,0.827,0.533,0.095,0.170,0.830,0.771,0.750
1272,42.400,13.454,8.062,-15.615,-0.882,2,1,1,354.154,2.028,8,0,0.897,6,87.966,1577.624,1.000,0.379,2.193,0.845,0.392,0.220,0.151,0.849,0.675,0.580
1275,42.500,8.000,12.166,-5.454,4.103,2,1,1,359.017,1.858,8,0,0.897,6,211.284,2144.818,1.000,0.358,2.478,0.829,0.287,0.080,0.144,0.856,0.677,0.750
1278,42.600,29.732,23.259,21.732,11.094,2,1,1,358.675,2.028,7,1,0.862,5,92.698,2121.419,1.000,0.347,3.631,0.583,0.010,1.689,0.136,0.864,0.814,0.750
1281,42.700,0.000,341.915,0.000,330.735,2,0,1,341.915,1.285,7,0,0.862,5,144.139,3099.668,1.000,0.336,3.416,0.294,0.295,0.049,0.111,0.889,0.913,0.750
1284,42.800,0.000,312.258,0.000,-11.328,2,0,1,312.258,1.624,7,0,0.862,5,45.607,3012.187,1.000,0.336,3.825,0.678,0.682,0.463,0.172,0.828,0.897,0.350
1287,42.900,0.000,297.431,0.000,-4.993,2,0,1,297.431,2.248,5,0,0.862,4,29.682,2924.078,1.000,0.336,1.819,0.746,1.039,1.755,0.144,0.856,0.857,0.550
1290,43.000,0.000,280.029,0.000,-2.149,2,0,1,280.029,2.866,5,0,0.862,4,122.184,2680.919,1.000,0.336,1.838,0.892,1.562,0.047,0.156,0.844,0.848,0.700
1293,43.100,0.000,273.148,0.000,2.132,2,0,1,273.148,3.122,5,0,0.862,4,39.205,2630.929,1.000,0.336,1.765,0.843,2.181,0.614,0.119,0.881,0.849,0.700
1296,43.200,0.000,270.780,0.000,1.179,2,0,1,270.780,3.116,6,0,0.862,4,45.222,1899.775,1.000,0.336,1.113,0.551,2.364,0.189,0.092,0.908,0.829,0.700
1299,43.300,0.000,271.271,0.000,2.963,2,0,1,271.271,3.115,6,0,0.862,4,59.034,1857.938,1.000,0.336,1.122,0.328,2.543,2.786,0.088,0.912,0.845,0.700
1302,43.400,0.000,277.505,0.000,9.979,2,0,1,277.505,3.114,6,0,0.862,4,42.202,726.289,1.000,0.336,1.194,0.281,2.692,0.822,0.091,0.909,0.850,0.700
1305,43.500,0.000,316.621,0.000,36.370,2,0,1,316.621,3.108,5,0,0.862,4,103.407,823.880,1.000,0.336,3.755,0.475,2.575,1.311,0.136,0.864,0.925,0.700
1308,43.600,29.017,295.747,-0.715,-20.875,2,1,1,310.316,3.109,5,0,0.862,4,81.597,951.507,1.000,0.347,3.923,0.499,2.433,1.679,0.136,0.864,0.927,0.700
1311,43.700,28.160,34.234,-0.857,-261.512,2,1,1,298.739,2.924,5,0,0.862,4,20.000,1145.350,1.000,0.347,5.333,0.311,2.032,2.518,0.123,0.877,0.916,0.700
1314,43.800,4.123,27.000,-24.037,-7.234,2,1,1,300.242,2.551,7,0,0.862,5,34.366,1587.169,1.000,0.347,5.262,0.742,1.669,0.079,0.087,0.913,0.828,0.700
1317,43.900,39.812,12.083,35.689,-14.917,2,1,1,256.195,2.408,7,0,0.862,6,38.079,1521.104,1.000,0.347,2.762,0.155,1.388,2.948,0.104,0.896,0.904,0.580
1320,44.000,23.022,9.849,-16.790,-2.234,2,1,1,270.601,2.306,7,0,0.862,5,55.036,1914.484,1.000,0.347,2.997,0.378,1.213,0.062,0.136,0.864,0.775,0.580
1323,44.100,29.411,21.932,6.389,12.083,2,1,1,301.935,1.965,9,1,0.828,6,81.908,2489.494,1.000,0.347,6.440,0.565,1.027,2.712,0.145,0.855,0.875,0.750
1326,44.200,2.236,11.000,-27.175,-10.932,2,1,1,292.884,1.864,9,0,0.828,6,68.000,2432.950,1.000,0.336,1.801,0.774,0.862,1.112,0.111,0.889,0.642,0.580
1329,44.300,14.142,30.610,11.906,19.610,2,1,1,325.576,1.792,9,0,0.862,6,88.238,2854.985,1.000,0.336,1.949,0.299,0.837,2.697,0.082,0.918,0.788,0.580
1332,44.400,26.000,51.430,11.858,20.819,2,1,1,371.022,1.458,7,1,0.828,5,45.100,2708.045,1.000,0.336,2.902,0.196,0.862,0.964,0.111,0.889,0.907,0.750
1335,44.500,29.155,0.000,3.155,0.000,1,1,0,0.000,1.025,7,0,0.828,2,62.968,2935.180,1.000,0.336,2.548,0.269,0.699,0.176,0.126,0.874,0.678,0.650
1338,44.600,18.248,0.000,-10.906,0.000,1,1,0,0.000,1.223,7,0,0.828,2,79.511,3037.869,1.000,0.347,3.217,0.559,0.496,0.249,0.181,0.819,0.614,0.580
1341,44.700,4.123,0.000,-14.125,0.000,1,1,0,0.000,1.250,5,0,0.828,2,41.761,3291.569,1.000,0.347,2.854,0.183,0.277,0.687,0.114,0.886,0.573,0.580
1344,44.800,0.000,346.637,0.000,295.207,1,0,1,0.000,1.502,5,0,0.828,2,66.068,2970.854,1.000,0.358,3.908,0.118,0.008,0.244,0.114,0.886,0.831,0.500
1347,44.900,412.826,0.000,404.223,0.000,2,1,0,412.826,1.418,5,0,0.862,3,35.228,2374.889,1.000,0.358,3.003,0.238,0.452,0.929,0.124,0.876,0.886,0.650
1350,45.000,0.000,398.393,0.000,388.393,2,0,1,398.393,1.665,4,1,0.828,4,45.967,2383.289,1.000,0.358,3.493,0.535,0.842,0.007,0.152,0.848,0.950,0.750
1353,45.100,0.000,408.932,0.000,8.799,2,0,1,408.932,2.113,4,0,0.828,3,249.624,3142.169,1.000,0.358,1.861,0.428,1.090,0.057,0.127,0.873,0.872,0.750
1356,45.200,405.988,14.318,-6.838,-394.614,2,1,1,415.377,1.850,4,0,0.862,3,217.720,2699.399,1.000,0.358,2.282,0.392,0.856,0.669,0.114,0.886,0.885,0.750
1359,45.300,414.596,0.000,405.162,0.000,2,1,0,414.596,1.978,4,1,0.828,3,194.116,3193.769,1.000,0.369,1.940,0.467,0.404,0.302,0.144,0.856,0.871,0.750
1362,45.400,409.207,0.000,4.276,0.000,2,1,0,409.207,2.393,4,0,0.828,3,190.160,3193.119,1.000,0.369,1.818,0.768,0.062,0.022,0.161,0.839,0.847,0.750
1365,45.500,11.180,402.855,-398.026,388.537,2,1,1,413.537,2.342,4,0,0.862,3,27.659,3205.265,1.000,0.379,2.147,0.785,0.011,2.605,0.187,0.813,0.854,0.550
1368,45.600,15.297,22.627,4.117,-380.227,2,1,1,431.807,2.105,4,0,0.862,3,90.449,3297.719,1.000,0.379,2.025,0.757,0.078,0.962,0.157,0.843,0.728,0.580
1371,45.700,392.312,0.000,-18.020,0.000,2,1,0,392.312,2.062,4,0,0.862,3,60.008,3317.884,1.000,0.389,3.319,0.760,0.364,0.564,0.184,0.816,0.885,0.500
1374,45.800,372.070,0.000,-11.273,0.000,2,1,0,372.070,2.446,4,0,0.862,3,37.947,3322.059,1.000,0.389,2.580,0.832,0.230,0.104,0.192,0.808,0.861,0.350
1377,45.900,367.927,426.244,-4.143,403.617,2,1,1,388.635,2.449,4,0,0.862,3,5.385,3282.710,1.000,0.399,2.235,0.800,0.128,2.962,0.183,0.817,0.855,0.550
1380,46.000,20.025,31.113,-347.902,-395.131,2,1,1,402.413,2.292,4,0,0.862,3,10.440,3247.954,1.000,0.399,3.050,0.687,0.202,1.304,0.175,0.825,0.806,0.580
1383,46.100,17.029,28.284,-2.996,-2.828,2,1,1,421.058,2.108,4,0,0.862,3,8.602,3183.844,1.000,0.408,2.574,0.577,0.214,0.612,0.171,0.829,0.786,0.580
1386,46.200,15.000,10.050,-2.029,-18.234,2,1,1,413.272,2.149,3,1,0.828,4,12.530,3167.818,1.000,0.408,1.654,0.671,0.307,1.755,0.176,0.824,0.628,0.750
1389,46.300,3.162,3.162,-11.838,-6.888,2,1,1,411.351,2.048,3,0,0.828,4,40.050,3051.880,1.000,0.408,1.317,0.722,0.458,0.102,0.156,0.844,0.550,0.580
1392,46.400,0.000,11.045,0.000,7.883,1,0,1,0.000,1.237,3,0,0.828,2,209.774,3705.019,1.000,0.417,1.333,0.400,0.752,0.711,0.127,0.873,0.507,0.750
1395,46.500,0.000,3.000,0.000,-8.045,1,0,1,0.000,1.060,3,0,0.828,2,30.000,4059.844,1.000,0.417,1.524,0.529,1.011,0.167,0.140,0.860,0.458,0.580
1398,46.600,0.000,5.000,0.000,2.000,1,0,1,0.000,1.251,3,0,0.828,2,30.000,4059.844,1.000,0.417,1.607,0.625,1.103,0.072,0.139,0.861,0.464,0.580
1401,46.700,0.000,14.866,0.000,9.866,1,0,1,0.000,1.208,3,0,0.828,2,30.000,4059.844,1.000,0.417,1.556,0.742,0.963,0.266,0.135,0.865,0.510,0.580
1404,46.800,0.000,7.071,0.000,-7.795,1,0,1,0.000,1.118,5,1,0.793,3,39.850,4041.700,1.000,0.417,1.941,0.734,0.906,0.176,0.145,0.855,0.564,0.750
1407,46.900,0.000,367.967,0.000,365.967,2,0,1,367.967,1.063,5,0,0.793,5,129.139,3705.300,1.000,0.408,1.764,0.782,0.794,0.344,0.163,0.837,0.889,0.717
1410,47.000,0.000,398.132,0.000,24.762,2,0,1,398.132,1.567,5,0,0.828,5,48.765,3388.775,1.000,0.408,1.648,0.745,0.719,0.230,0.153,0.847,0.889,0.350
1413,47.100,392.563,20.616,389.401,-377.516,2,1,1,391.152,1.687,3,1,0.793,4,33.015,3479.119,1.000,0.399,2.367,0.925,0.691,0.864,0.180,0.820,0.794,0.750
1416,47.200,0.000,374.835,0.000,-9.761,2,0,1,374.835,1.620,3,0,0.793,4,213.460,3638.484,1.000,0.399,1.703,0.882,0.743,0.103,0.174,0.826,0.781,0.750
1419,47.300,0.000,386.518,0.000,-2.946,2,0,1,386.518,2.360,3,0,0.828,4,108.812,3614.730,1.000,0.399,2.569,0.777,1.065,1.112,0.172,0.828,0.810,0.605
1422,47.400,0.000,402.796,0.000,9.410,2,0,1,402.796,2.735,4,1,0.793,4,122.544,3923.259,1.000,0.389,2.170,0.654,1.175,0.578,0.187,0.813,0.908,0.750
1425,47.500,382.645,389.607,-9.919,-13.189,2,1,1,386.621,2.737,4,0,0.793,4,88.233,4039.489,1.000,0.389,3.218,0.712,1.102,0.182,0.189,0.811,0.931,0.500
1428,47.600,8.246,13.601,-374.399,-376.006,2,1,1,388.815,2.725,4,0,0.793,4,110.752,4318.438,1.000,0.389,3.046,0.790,1.122,1.625,0.192,0.808,0.746,0.615
1431,47.700,29.155,7.280,20.909,-6.321,2,1,1,382.008,2.882,4,0,0.793,4,104.005,3884.548,1.000,0.379,3.103,0.785,1.035,2.514,0.181,0.819,0.835,0.580
1434,47.800,0.000,6.403,0.000,-0.877,1,0,1,0.000,2.542,4,0,0.793,2,104.005,3884.548,1.000,0.389,2.110,0.801,0.707,0.410,0.195,0.805,0.542,0.650
1437,47.900,0.000,17.889,0.000,11.485,1,0,1,0.000,2.206,4,0,0.828,2,104.005,3884.548,1.000,0.389,4.038,0.784,0.394,3.137,0.197,0.803,0.655,0.580
1440,48.000,0.000,17.692,0.000,-0.197,1,0,1,0.000,1.975,4,0,0.828,2,104.005,3884.548,1.000,0.399,4.765,0.807,0.077,0.460,0.163,0.837,0.671,0.580
1443,48.100,0.000,17.029,0.000,-0.662,1,0,1,0.000,1.682,4,0,0.828,2,182.222,3485.887,1.000,0.399,2.562,0.821,0.701,0.106,0.154,0.846,0.611,0.750
1446,48.200,0.000,20.248,0.000,3.219,1,0,1,0.000,1.342,4,0,0.862,2,182.222,3485.887,1.000,0.408,2.569,0.737,0.828,0.564,0.135,0.865,0.635,0.750
1449,48.300,0.000,5.385,0.000,-14.863,1,0,1,0.000,1.056,4,0,0.862,2,182.222,3485.887,1.000,0.408,1.658,0.710,1.007,0.347,0.146,0.854,0.532,0.750
1452,48.400,0.000,7.000,0.000,1.615,1,0,1,0.000,0.844,4,0,0.862,2,182.222,3485.887,1.000,0.408,1.994,0.530,0.975,2.183,0.134,0.866,0.562,0.750
1455,48.500,0.000,293.784,0.000,286.168,2,0,1,293.784,0.792,4,0,0.862,4,32.650,3163.239,1.000,0.399,3.148,0.190,1.005,0.782,0.126,0.874,0.965,0.650
1458,48.600,0.000,298.739,0.000,1.040,2,0,1,298.739,1.351,4,0,0.862,4,66.483,2889.114,1.000,0.389,1.469,0.687,1.216,2.668,0.133,0.867,0.889,0.550
1461,48.700,0.000,321.896,0.000,9.256,2,0,1,321.896,1.987,4,0,0.862,4,116.619,2470.549,1.000,0.399,2.597,0.824,1.065,0.603,0.151,0.849,0.907,0.648
1464,48.800,61.587,324.557,32.433,2.661,2,1,1,286.472,2.273,4,0,0.862,4,20.025,2452.738,1.000,0.399,1.356,0.661,1.622,0.994,0.125,0.875,0.888,0.700
1467,48.900,0.000,317.506,0.000,310.435,2,0,1,317.506,2.589,4,0,0.862,4,19.925,1907.964,1.000,0.399,3.856,0.661,1.464,2.957,0.141,0.859,0.950,0.700
1470,49.000,0.000,330.784,0.000,6.505,2,0,1,330.784,2.746,4,0,0.862,4,0.000,2061.089,1.000,0.399,2.409,0.560,1.706,0.028,0.108,0.892,0.921,0.700
1473,49.100,76.295,326.098,14.708,-4.686,2,1,1,323.289,2.749,4,0,0.897,4,110.422,2304.760,1.000,0.399,1.434,0.110,1.495,2.319,0.098,0.902,0.928,0.700
1476,49.200,17.205,21.213,-59.091,-304.885,2,1,1,331.605,2.605,4,0,0.897,4,55.227,2071.050,1.000,0.399,1.549,0.426,1.123,0.671,0.111,0.889,0.777,0.580
1479,49.300,3.162,17.889,-14.042,-3.325,2,1,1,319.331,2.254,4,0,0.897,4,27.203,2051.284,1.000,0.399,1.863,0.539,0.701,0.383,0.118,0.882,0.758,0.580
1482,49.400,8.062,15.652,4.900,-2.236,2,1,1,312.851,1.944,4,0,0.897,4,33.242,1924.648,1.000,0.399,2.630,0.445,0.623,0.655,0.113,0.887,0.772,0.580
1485,49.500,7.616,15.297,-0.446,-0.355,2,1,1,305.267,1.936,3,1,0.862,4,33.242,2068.487,1.000,0.399,2.177,0.424,0.136,1.222,0.096,0.904,0.660,0.750
1488,49.600,5.385,12.649,-2.231,-2.648,2,1,1,292.850,2.002,3,0,0.862,4,44.011,2118.199,1.000,0.389,2.131,0.585,0.312,0.200,0.125,0.875,0.633,0.580
1491,49.700,6.325,8.062,0.939,-4.587,2,1,1,295.256,2.010,3,0,0.897,4,58.822,2062.418,1.000,0.379,2.517,0.331,0.426,0.051,0.128,0.872,0.635,0.580
1494,49.800,22.361,9.220,16.036,1.157,2,1,1,313.268,1.754,4,1,0.862,4,25.495,1941.459,1.000,0.369,3.593,0.672,0.531,0.568,0.178,0.822,0.817,0.750
1497,49.900,13.000,11.000,-9.361,1.780,2,1,1,296.582,1.628,4,0,0.862,4,69.203,2087.844,1.000,0.358,2.642,0.770,0.350,1.246,0.205,0.795,0.734,0.580
1500,50.000,17.464,8.000,4.464,-3.000,2,1,1,286.447,1.625,4,0,0.897,3,286.447,3104.244,1.000,0.369,1.543,0.773,0.323,0.170,0.167,0.833,0.686,0.750
1503,50.100,20.100,6.708,2.636,-1.292,2,1,1,270.416,1.309,4,0,0.897,4,20.100,3055.739,1.000,0.369,2.288,0.840,0.588,0.003,0.191,0.809,0.760,0.580
1506,50.200,15.000,3.162,-5.100,-3.546,2,1,1,279.946,1.402,4,0,0.897,4,52.773,3309.009,1.000,0.369,2.977,0.861,0.420,0.054,0.209,0.791,0.748,0.580
1509,50.300,18.439,1.000,3.439,-2.162,2,1,1,294.213,1.117,4,0,0.931,4,24.042,3195.685,1.000,0.369,3.446,0.849,0.480,0.068,0.220,0.780,0.779,0.580
1512,50.400,13.000,1.414,-5.439,0.414,2,1,1,305.188,0.978,3,1,0.897,4,15.297,3344.689,1.000,0.369,2.911,0.847,0.202,0.004,0.208,0.792,0.636,0.750
1515,50.500,18.974,8.062,5.974,6.648,2,1,1,326.474,1.183,3,0,0.897,4,20.000,3305.509,1.000,0.369,5.337,0.819,0.380,0.051,0.232,0.768,0.731,0.580
1518,50.600,3.000,9.220,-15.974,1.157,2,1,1,334.079,1.164,3,0,0.897,4,0.000,3516.555,1.000,0.369,4.825,0.862,0.116,0.204,0.233,0.767,0.661,0.580
1521,50.700,20.125,2.828,17.125,-6.391,2,1,1,319.556,1.440,3,0,0.897,3,12.166,3184.387,1.000,0.369,2.504,0.888,0.227,0.209,0.207,0.793,0.662,0.580
1524,50.800,13.038,5.385,-7.086,2.557,2,1,1,329.462,1.782,3,0,0.897,4,35.228,3171.289,1.000,0.369,4.939,0.888,0.388,0.061,0.229,0.771,0.684,0.580
1527,50.900,18.111,7.071,5.072,1.686,2,1,1,347.806,1.774,3,0,0.897,4,0.000,2577.688,1.000,0.369,4.192,0.909,0.602,0.188,0.226,0.774,0.692,0.580
1530,51.000,9.849,4.123,-8.262,-2.948,2,1,1,358.922,1.805,3,0,0.897,4,0.000,2026.784,1.000,0.369,4.448,0.883,0.870,0.045,0.233,0.767,0.654,0.580
1533,51.100,0.000,1.414,0.000,-2.709,1,0,1,0.000,1.520,3,0,0.897,2,0.000,2026.784,1.000,0.369,5.905,0.849,1.662,0.156,0.243,0.757,0.536,0.700
1536,51.200,111.400,18.028,101.551,16.614,2,1,1,377.839,1.366,3,0,0.897,4,0.000,2103.320,1.000,0.369,8.720,0.772,2.091,0.089,0.254,0.746,0.946,0.700
1539,51.300,0.000,349.777,0.000,324.459,2,0,1,349.777,1.252,3,0,0.897,4,31.064,471.799,1.000,0.369,12.303,0.780,2.714,0.098,0.256,0.744,0.945,0.700
1542,51.400,338.374,0.000,226.974,0.000,1,1,0,0.000,1.202,3,0,0.897,2,31.064,471.799,1.000,0.379,13.184,0.814,3.073,0.144,0.244,0.756,0.833,0.700
1545,51.500,341.855,319.188,3.481,-30.589,2,1,1,334.401,1.509,3,0,0.897,4,0.000,1258.537,1.000,0.379,12.439,0.750,3.965,0.006,0.219,0.781,0.948,0.700
1548,51.600,5.831,27.313,-336.024,-291.875,2,1,1,318.157,1.640,3,0,0.897,4,0.000,1979.400,1.000,0.379,9.900,0.931,5.129,0.035,0.196,0.804,0.837,0.700
1551,51.700,315.729,0.000,-2.725,0.000,2,1,0,315.729,1.778,3,0,0.897,4,0.000,2378.294,1.000,0.379,6.450,0.943,5.990,0.158,0.178,0.822,0.895,0.700
1554,51.800,299.000,0.000,-34.254,0.000,2,1,0,299.000,2.397,3,0,0.897,4,26.173,2807.529,1.000,0.379,5.378,0.587,6.138,0.197,0.158,0.842,0.893,0.700
1557,51.900,0.000,0.000,0.000,0.000,0,0,0,0.000,0.000,3,0,0.897,0,26.173,2807.529,0.967,0.379,3.746,0.137,6.123,1.929,0.150,0.850,0.270,0.700
1560,52.000,0.000,70.937,0.000,43.624,1,0,1,0.000,1.439,3,0,0.897,2,0.000,3042.124,0.967,0.371,7.029,0.833,7.155,0.921,0.180,0.820,0.803,0.700
1563,52.100,0.000,37.736,0.000,-33.201,1,0,1,0.000,1.333,3,0,0.897,2,34.713,3136.730,0.967,0.381,8.868,0.727,4.608,0.035,0.199,0.801,0.795,0.700
1566,52.200,0.000,291.878,0.000,264.675,2,0,1,291.878,1.488,3,0,0.897,4,63.388,2961.164,0.967,0.381,9.088,0.595,4.248,0.059,0.207,0.793,0.954,0.700
1569,52.300,115.156,294.333,-183.844,2.455,2,1,1,291.632,2.585,3,0,0.897,4,148.081,2834.425,0.967,0.381,9.313,0.685,4.836,0.044,0.216,0.784,0.948,0.750
1572,52.400,13.454,21.471,-101.703,-272.862,2,1,1,277.721,2.413,3,0,0.931,4,0.000,2643.969,0.967,0.381,8.812,0.822,4.563,0.033,0.224,0.776,0.808,0.700
1575,52.500,0.000,269.704,0.000,264.704,2,0,1,269.704,1.446,3,0,0.931,4,112.285,2686.459,0.967,0.371,8.537,0.862,4.645,0.034,0.227,0.773,0.936,0.700
1578,52.600,0.000,285.524,0.000,12.577,2,0,1,285.524,1.910,3,0,0.931,4,0.000,2119.919,0.967,0.371,7.395,0.943,4.733,0.025,0.225,0.775,0.915,0.700
1581,52.700,0.000,312.501,0.000,-1.505,2,0,1,312.501,2.313,3,0,0.966,4,0.000,2023.289,0.967,0.371,6.133,0.845,4.167,0.084,0.230,0.770,0.890,0.700
1584,52.800,0.000,22.472,0.000,-290.029,1,0,1,0.000,2.143,3,0,0.966,2,0.000,1560.314,0.967,0.381,7.662,0.750,2.622,0.010,0.238,0.762,0.700,0.700
1587,52.900,0.000,365.274,0.000,336.119,2,0,1,365.274,2.112,3,0,0.966,4,0.000,1532.664,0.967,0.371,6.658,0.738,1.361,0.041,0.229,0.771,0.911,0.650
1590,53.000,29.547,44.045,16.093,-321.228,2,1,1,323.224,2.410,3,0,0.966,4,0.000,1483.845,0.967,0.371,5.068,0.682,0.748,0.036,0.218,0.782,0.870,0.500
1593,53.100,21.095,24.207,-8.452,-19.838,2,1,1,310.305,2.447,5,1,0.931,6,0.000,1557.114,0.967,0.360,6.217,0.801,0.358,0.824,0.206,0.794,0.880,0.750
1596,53.200,39.850,26.173,18.755,1.965,2,1,1,297.405,2.338,5,0,0.931,5,97.514,1563.269,0.967,0.360,5.539,0.766,0.153,0.240,0.206,0.794,0.952,0.542
1599,53.300,0.000,288.737,0.000,-7.886,2,0,1,288.737,1.497,5,0,0.966,5,90.521,1814.714,0.967,0.360,3.787,0.781,0.075,0.078,0.192,0.808,0.936,0.503
1602,53.400,0.000,272.919,0.000,-7.284,2,0,1,272.919,2.013,4,0,0.966,4,54.406,2038.689,0.967,0.360,1.933,0.828,0.008,0.267,0.181,0.819,0.886,0.350
1605,53.500,0.000,271.360,0.000,-15.480,2,0,1,271.360,2.201,4,0,0.966,4,54.120,2263.677,0.967,0.358,2.069,0.829,0.044,2.478,0.174,0.826,0.890,0.550
1608,53.600,0.000,261.354,0.000,-16.998,2,0,1,261.354,2.859,4,0,0.966,4,106.254,2513.664,0.967,0.358,1.959,0.850,0.178,0.189,0.154,0.846,0.886,0.590
1611,53.700,13.038,10.050,-26.811,-251.304,2,1,1,244.035,3.095,4,0,0.966,4,89.805,2767.825,0.967,0.358,2.543,0.682,0.402,1.274,0.119,0.881,0.734,0.580
1614,53.800,0.000,212.445,0.000,-6.189,2,0,1,212.445,2.741,4,0,0.966,3,187.096,2893.219,0.967,0.358,1.117,0.794,0.720,2.277,0.134,0.866,0.823,0.750
1617,53.900,0.000,212.850,0.000,1.696,2,0,1,212.850,2.740,4,0,0.966,4,100.439,2024.679,0.967,0.358,1.021,0.752,1.021,0.035,0.137,0.863,0.869,0.558
1620,54.000,37.000,1.414,23.962,-211.435,2,1,1,204.394,2.693,4,0,0.966,4,84.119,1702.049,0.967,0.358,1.691,0.617,1.385,0.234,0.152,0.848,0.851,0.580
1623,54.100,9.000,0.000,-28.000,0.000,1,1,0,0.000,1.676,4,0,0.966,2,40.311,1635.915,0.967,0.369,1.548,0.863,1.776,0.274,0.167,0.833,0.534,0.700
1626,54.200,5.385,0.000,-3.615,0.000,1,1,0,0.000,1.337,4,0,0.966,2,40.311,1635.915,0.967,0.369,0.812,0.280,2.028,2.889,0.093,0.907,0.537,0.700
1629,54.300,2.000,79.480,-3.385,78.065,2,1,1,213.265,2.446,4,0,0.966,4,70.214,1580.788,0.967,0.369,1.867,0.852,2.033,2.799,0.170,0.830,0.883,0.700
1632,54.400,14.422,0.000,12.422,0.000,1,1,0,0.000,1.069,4,0,0.966,2,89.140,1637.844,0.967,0.369,2.564,0.462,2.230,2.558,0.111,0.889,0.618,0.700
1635,54.500,10.817,104.077,-3.606,24.597,2,1,1,339.554,2.209,4,0,0.966,4,87.132,1651.164,0.967,0.369,2.781,0.497,2.556,0.844,0.164,0.836,0.931,0.700
1638,54.600,20.224,28.653,9.407,-75.424,2,1,1,312.872,2.182,5,1,0.931,5,155.048,1831.575,0.967,0.369,2.304,0.339,2.817,0.027,0.131,0.869,0.839,0.750
1641,54.700,2.828,15.524,-17.395,-13.129,2,1,1,316.796,2.315,5,0,0.931,5,104.938,1940.259,0.967,0.369,3.538,0.465,3.048,0.697,0.139,0.861,0.788,0.700
1644,54.800,14.000,13.342,11.172,-2.183,2,1,1,317.355,1.929,5,0,0.931,5,124.326,1376.799,0.967,0.369,1.613,0.425,3.018,0.156,0.118,0.882,0.734,0.700
1647,54.900,5.000,10.630,-9.000,-2.712,2,1,1,314.159,1.657,4,1,0.897,3,234.252,2161.659,1.000,0.379,0.658,0.524,2.787,1.333,0.079,0.921,0.644,0.750
1650,55.000,2.236,9.434,-2.764,-1.196,2,1,1,307.015,1.302,4,0,0.897,4,240.304,3026.228,1.000,0.379,0.887,0.522,2.421,0.411,0.082,0.918,0.688,0.750
1653,55.100,4.000,3.162,1.764,-6.272,2,1,1,304.007,1.229,4,0,0.897,4,94.340,3004.024,1.000,0.379,1.188,0.548,1.990,0.283,0.091,0.909,0.664,0.700
1656,55.200,7.280,3.000,3.280,-0.162,2,1,1,300.027,1.268,5,1,0.862,4,92.849,2925.614,1.000,0.379,1.149,0.656,1.702,1.038,0.114,0.886,0.637,0.750
1659,55.300,14.765,9.487,7.485,6.487,2,1,1,284.703,1.295,5,0,0.862,4,129.808,2721.597,1.000,0.379,1.600,0.526,1.568,0.062,0.101,0.899,0.699,0.721
1662,55.400,0.000,15.133,0.000,5.646,1,0,1,0.000,1.082,5,0,0.862,2,17.464,2742.984,1.000,0.379,0.951,0.479,1.327,1.063,0.075,0.925,0.566,0.650
1665,55.500,0.000,2.000,0.000,-13.133,1,0,1,0.000,1.293,5,0,0.862,2,17.464,2742.984,1.000,0.379,0.744,0.514,1.136,0.416,0.064,0.936,0.486,0.580
1668,55.600,0.000,19.723,0.000,17.723,1,0,1,0.000,1.615,5,0,0.862,2,22.561,2672.644,1.000,0.389,1.728,0.503,1.045,1.340,0.117,0.883,0.610,0.580
1671,55.700,0.000,8.062,0.000,-11.661,1,0,1,0.000,1.776,5,0,0.862,2,9.000,2548.875,1.000,0.389,2.086,0.902,0.914,1.641,0.111,0.889,0.526,0.580
1674,55.800,0.000,24.042,0.000,15.979,1,0,1,0.000,1.957,5,0,0.862,2,36.878,2551.994,1.000,0.399,4.385,0.534,0.716,0.008,0.118,0.882,0.698,0.580
1677,55.900,20.616,75.060,5.851,51.018,2,1,1,279.016,2.091,5,0,0.862,4,34.525,2762.830,1.000,0.389,4.164,0.764,0.542,2.441,0.176,0.824,0.915,0.650
1680,56.000,31.000,34.670,10.384,-40.390,2,1,1,260.279,1.807,5,0,0.897,4,79.202,2309.838,1.000,0.389,3.433,0.520,0.403,0.675,0.118,0.882,0.856,0.450
1683,56.100,22.204,24.021,-8.796,-10.649,2,1,1,291.666,1.834,4,1,0.862,3,63.388,1622.477,1.000,0.389,3.991,0.609,0.309,0.523,0.137,0.863,0.796,0.750
1686,56.200,26.173,24.597,3.969,0.576,2,1,1,290.766,1.757,4,0,0.862,4,70.831,1659.824,1.000,0.389,4.956,0.520,0.083,0.484,0.169,0.831,0.883,0.580
1689,56.300,0.000,39.812,0.000,15.215,1,0,1,0.000,1.494,4,0,0.862,2,81.933,1843.368,1.000,0.389,3.498,0.603,0.162,0.997,0.169,0.831,0.776,0.650
1692,56.400,0.000,28.284,0.000,-11.528,1,0,1,0.000,1.175,4,0,0.862,2,46.615,1762.739,1.000,0.399,3.420,0.717,0.580,2.693,0.198,0.802,0.702,0.550
1695,56.500,0.000,14.765,0.000,-13.519,1,0,1,0.000,1.049,4,0,0.862,2,9.434,1796.110,1.000,0.399,2.696,0.778,0.876,0.167,0.182,0.818,0.605,0.580
1698,56.600,0.000,20.000,0.000,5.235,1,0,1,0.000,1.047,4,0,0.862,2,87.864,2223.454,1.000,0.408,2.797,0.682,1.085,0.209,0.166,0.834,0.643,0.580
1701,56.700,0.000,17.117,0.000,-2.883,1,0,1,0.000,0.948,6,1,0.828,4,96.897,2808.779,1.000,0.408,1.982,0.767,1.263,0.218,0.149,0.851,0.631,0.750
1704,56.800,0.000,12.530,0.000,-4.587,1,0,1,0.000,0.958,6,0,0.828,4,12.530,3606.947,1.000,0.408,1.937,0.804,1.476,0.058,0.153,0.847,0.602,0.700
1707,56.900,0.000,10.050,0.000,-2.480,1,0,1,0.000,0.744,6,0,0.828,4,10.050,4355.099,1.000,0.408,1.157,0.603,1.487,0.479,0.108,0.892,0.583,0.700
1710,57.000,0.000,5.831,0.000,-4.219,1,0,1,0.000,1.018,4,1,0.793,2,5.831,5005.254,1.000,0.417,1.198,0.544,1.503,2.955,0.098,0.902,0.534,0.750
1713,57.100,0.000,10.630,0.000,4.799,1,0,1,0.000,1.259,4,0,0.793,2,80.623,5196.888,1.000,0.417,0.775,0.807,1.555,1.210,0.104,0.896,0.532,0.700
1716,57.200,0.000,9.220,0.000,-1.411,1,0,1,0.000,1.269,4,0,0.793,2,23.195,5289.869,1.000,0.426,0.731,0.693,1.463,0.284,0.100,0.900,0.531,0.700
1719,57.300,0.000,13.038,0.000,3.819,1,0,1,0.000,1.196,4,0,0.793,2,24.000,5367.429,1.000,0.426,0.990,0.632,1.286,0.163,0.115,0.885,0.563,0.580
1722,57.400,0.000,7.280,0.000,-5.758,1,0,1,0.000,1.203,4,0,0.793,2,12.042,4952.587,1.000,0.435,1.035,0.819,0.610,0.610,0.124,0.876,0.519,0.580
1725,57.500,0.000,13.892,0.000,6.612,1,0,1,0.000,1.434,4,0,0.828,2,101.316,4582.177,1.000,0.435,0.848,0.701,0.272,0.579,0.098,0.902,0.559,0.580
1728,57.600,0.000,7.280,0.000,-6.612,1,0,1,0.000,1.654,4,0,0.828,2,122.156,4374.149,1.000,0.444,1.588,0.791,0.086,1.623,0.130,0.870,0.535,0.679
1731,57.700,0.000,32.558,0.000,25.278,1,0,1,0.000,1.662,4,0,0.828,2,84.433,3544.344,1.000,0.444,2.139,0.868,0.127,0.031,0.138,0.862,0.684,0.450
1734,57.800,0.000,31.145,0.000,-1.413,1,0,1,0.000,1.706,4,0,0.862,2,31.145,3229.347,1.000,0.444,3.182,0.890,0.309,3.080,0.159,0.841,0.700,0.550
1737,57.900,0.000,27.019,0.000,-4.126,1,0,1,0.000,1.738,4,0,0.862,2,27.019,3138.834,1.000,0.444,3.740,0.903,0.404,3.071,0.170,0.830,0.690,0.550
1740,58.000,0.000,21.541,0.000,-5.478,1,0,1,0.000,2.075,4,0,0.862,2,75.432,2549.267,1.000,0.444,2.370,0.605,0.533,3.110,0.135,0.865,0.647,0.550
1743,58.100,0.000,2.828,0.000,-18.712,1,0,1,0.000,2.142,4,0,0.897,2,94.795,2497.367,1.000,0.444,0.884,0.564,0.666,2.965,0.081,0.919,0.508,0.580
1746,58.200,0.000,25.495,0.000,22.667,1,0,1,0.000,2.190,4,0,0.897,2,25.495,1993.869,1.000,0.444,2.309,0.924,0.877,0.088,0.146,0.854,0.645,0.350
1749,58.300,0.000,33.971,0.000,8.475,1,0,1,0.000,2.207,4,0,0.897,2,54.626,1747.554,1.000,0.453,2.086,0.875,0.942,2.827,0.143,0.857,0.690,0.550
1752,58.400,0.000,29.206,0.000,-4.764,1,0,1,0.000,2.282,4,0,0.897,2,45.100,1532.798,1.000,0.453,2.822,0.933,0.968,2.891,0.167,0.833,0.677,0.550
1755,58.500,0.000,34.886,0.000,5.679,1,0,1,0.000,2.563,4,0,0.897,2,61.400,1318.475,1.000,0.462,1.477,0.760,0.903,2.816,0.123,0.877,0.688,0.550
1758,58.600,0.000,38.275,0.000,3.390,1,0,1,0.000,2.510,4,0,0.897,2,87.367,1203.069,1.000,0.462,2.183,0.777,0.952,2.830,0.143,0.857,0.723,0.550
1761,58.700,0.000,27.295,0.000,-10.981,1,0,1,0.000,2.456,4,0,0.897,2,61.221,1164.744,1.000,0.462,1.619,0.733,0.759,2.933,0.138,0.862,0.651,0.550
1764,58.800,0.000,29.155,0.000,1.860,1,0,1,0.000,2.310,4,0,0.897,2,54.083,1212.959,1.000,0.470,0.781,0.396,0.592,1.544,0.054,0.946,0.664,0.550
1767,58.900,0.000,31.953,0.000,2.798,1,0,1,0.000,2.169,4,0,0.897,2,29.155,1211.020,1.000,0.470,1.336,0.031,0.436,0.860,0.073,0.927,0.719,0.350
1770,59.000,183.240,0.000,157.068,0.000,1,1,0,0.000,1.375,4,0,0.931,2,46.530,4881.694,1.000,0.470,14.318,0.048,0.269,0.548,0.322,0.678,0.957,0.500
1773,59.100,14.318,0.000,-168.922,0.000,1,1,0,0.000,1.532,6,1,0.897,3,52.202,7480.750,1.000,0.470,2.324,0.637,0.553,0.408,0.170,0.830,0.603,0.750
1776,59.200,12.042,0.000,-2.276,0.000,1,1,0,0.000,1.414,6,0,0.897,3,22.804,9058.534,1.000,0.462,2.092,0.581,0.768,0.509,0.158,0.842,0.589,0.580
1779,59.300,2.000,0.000,-10.042,0.000,1,1,0,0.000,1.594,6,0,0.897,3,53.852,10416.125,1.000,0.470,2.175,0.780,1.216,0.864,0.163,0.837,0.521,0.580
1782,59.400,4.123,0.000,2.123,0.000,1,1,0,0.000,1.748,7,0,0.897,3,81.597,10439.638,1.000,0.470,1.634,0.918,1.214,0.157,0.159,0.841,0.497,0.580
1785,59.500,7.211,0.000,3.088,0.000,1,1,0,0.000,1.559,7,0,0.897,3,64.413,8653.757,1.000,0.470,2.183,0.775,0.983,0.607,0.169,0.831,0.538,0.580
1788,59.600,5.000,0.000,-2.211,0.000,1,1,0,0.000,1.750,7,0,0.931,3,80.056,5209.844,1.000,0.470,1.750,0.716,1.013,0.848,0.160,0.840,0.519,0.580
1791,59.700,5.385,0.000,0.385,0.000,1,1,0,0.000,1.726,5,1,0.897,2,68.154,1911.559,1.000,0.470,2.093,0.733,1.245,0.039,0.157,0.843,0.523,0.750
1794,59.800,12.000,0.000,6.615,0.000,1,1,0,0.000,1.447,5,0,0.897,3,59.942,578.144,1.000,0.470,2.415,0.799,1.187,0.339,0.164,0.836,0.599,0.350
1797,59.900,8.246,0.000,-3.754,0.000,1,1,0,0.000,1.594,5,0,0.931,3,78.924,591.877,1.000,0.462,2.446,0.814,1.196,1.548,0.156,0.844,0.578,0.550
1800,60.000,3.000,0.000,-5.246,0.000,1,1,0,0.000,1.778,5,0,0.931,2,81.933,666.788,1.000,0.462,1.102,0.823,1.009,0.883,0.107,0.893,0.479,0.580
1803,60.100,4.000,0.000,1.000,0.000,1,1,0,0.000,1.963,5,0,0.931,2,55.660,691.188,1.000,0.462,1.557,0.570,0.971,0.641,0.111,0.889,0.513,0.580
1806,60.200,6.325,0.000,2.325,0.000,1,1,0,0.000,1.838,5,0,0.931,3,86.649,697.060,1.000,0.462,2.872,0.783,0.860,0.316,0.155,0.845,0.580,0.580
1809,60.300,2.236,0.000,-4.088,0.000,1,1,0,0.000,2.059,5,0,0.931,2,58.249,668.799,1.000,0.462,1.807,0.747,0.942,0.326,0.118,0.882,0.497,0.580
1812,60.400,13.038,0.000,10.802,0.000,1,1,0,0.000,2.034,5,0,0.931,3,91.761,756.604,1.000,0.453,2.587,0.794,1.019,0.688,0.168,0.832,0.610,0.510
1815,60.500,5.000,0.000,-8.038,0.000,1,1,0,0.000,1.992,5,0,0.931,3,77.466,765.319,1.000,0.453,2.030,0.808,1.117,0.076,0.132,0.868,0.550,0.580
1818,60.600,9.220,0.000,4.220,0.000,1,1,0,0.000,2.329,7,1,0.897,2,51.865,724.388,1.000,0.453,0.998,0.628,0.248,2.014,0.094,0.906,0.504,0.750
1821,60.700,10.000,0.000,0.780,0.000,1,1,0,0.000,2.190,7,0,0.897,3,75.273,732.169,1.000,0.444,1.211,0.504,0.293,1.539,0.091,0.909,0.548,0.550
1824,60.800,2.236,0.000,-7.764,0.000,1,1,0,0.000,2.218,7,0,0.897,2,82.462,753.625,1.000,0.444,1.848,0.601,0.311,0.144,0.085,0.915,0.488,0.580
1827,60.900,4.243,0.000,2.007,0.000,1,1,0,0.000,1.981,6,1,0.862,3,70.831,736.840,1.000,0.444,1.794,0.688,0.296,0.039,0.106,0.894,0.530,0.750
1830,61.000,7.616,0.000,3.373,0.000,1,1,0,0.000,1.893,6,0,0.862,3,68.680,707.788,1.000,0.435,2.079,0.807,0.248,0.646,0.148,0.852,0.548,0.350
1833,61.100,8.000,0.000,0.384,0.000,1,1,0,0.000,1.765,6,0,0.862,2,59.237,710.624,1.000,0.435,1.226,0.111,0.246,0.166,0.076,0.924,0.547,0.480
1836,61.200,6.325,0.000,-1.675,0.000,1,1,0,0.000,1.873,6,0,0.862,2,77.795,678.069,1.000,0.435,1.349,0.881,0.277,2.850,0.115,0.885,0.487,0.580
1839,61.300,4.000,0.000,-2.325,0.000,1,1,0,0.000,1.923,6,0,0.862,3,70.576,693.069,1.000,0.435,1.727,0.846,0.288,0.536,0.107,0.893,0.516,0.580
1842,61.400,1.000,0.000,-3.000,0.000,1,1,0,0.000,1.538,6,0,0.862,2,71.784,644.175,1.000,0.435,0.911,0.198,0.310,1.707,0.045,0.955,0.494,0.580
1845,61.500,7.000,0.000,6.000,0.000,1,1,0,0.000,1.707,5,0,0.862,3,67.676,625.974,1.000,0.435,2.021,0.479,0.335,0.519,0.078,0.922,0.584,0.350
1848,61.600,7.071,0.000,0.071,0.000,1,1,0,0.000,1.667,5,0,0.862,2,57.940,635.987,1.000,0.444,1.388,0.229,0.306,0.182,0.058,0.942,0.550,0.350
1851,61.700,2.236,0.000,-4.835,0.000,1,1,0,0.000,1.632,5,0,0.862,2,52.202,602.624,1.000,0.444,1.465,0.837,0.295,1.950,0.119,0.881,0.482,0.580
1854,61.800,6.083,0.000,3.847,0.000,1,1,0,0.000,1.717,6,1,0.828,2,72.801,582.094,1.000,0.444,0.893,0.629,0.353,2.751,0.082,0.918,0.492,0.750
1857,61.900,3.162,0.000,-2.920,0.000,1,1,0,0.000,1.802,6,0,0.828,2,51.478,552.007,1.000,0.453,1.687,0.545,0.398,1.568,0.089,0.911,0.502,0.580
1860,62.000,3.606,0.000,0.443,0.000,1,1,0,0.000,1.759,6,0,0.862,3,66.189,549.740,1.000,0.453,2.523,0.843,0.448,0.660,0.127,0.873,0.534,0.580
1863,62.100,5.657,0.000,2.051,0.000,1,1,0,0.000,1.775,4,1,0.828,2,64.078,556.639,1.000,0.453,1.388,0.710,1.221,0.460,0.114,0.886,0.526,0.750
1866,62.200,2.828,0.000,-2.828,0.000,1,1,0,0.000,1.775,4,0,0.828,2,55.902,520.370,1.000,0.453,1.355,0.443,0.826,0.496,0.082,0.918,0.529,0.580
1869,62.300,3.000,0.000,0.172,0.000,1,1,0,0.000,1.480,4,0,0.828,2,73.246,527.845,1.000,0.453,1.366,0.681,0.646,0.289,0.094,0.906,0.513,0.580
1872,62.400,1.414,0.000,-1.586,0.000,1,1,0,0.000,1.364,5,1,0.793,3,43.566,469.090,1.000,0.453,1.248,0.792,0.671,0.661,0.091,0.909,0.512,0.750
1875,62.500,3.000,0.000,1.586,0.000,1,1,0,0.000,1.538,5,0,0.793,3,49.092,438.414,1.000,0.453,1.162,0.766,0.764,1.433,0.105,0.895,0.520,0.580
1878,62.600,3.606,0.000,0.606,0.000,1,1,0,0.000,1.574,5,0,0.828,3,84.534,527.065,1.000,0.453,1.455,0.761,0.872,0.231,0.107,0.893,0.531,0.580
1881,62.700,3.000,0.000,-0.606,0.000,1,1,0,0.000,1.512,4,1,0.793,2,81.302,567.165,1.000,0.453,1.001,0.579,0.740,2.028,0.067,0.933,0.511,0.750
1884,62.800,7.000,0.000,4.000,0.000,1,1,0,0.000,1.202,4,0,0.793,3,54.644,544.664,1.000,0.453,1.517,0.868,0.678,0.784,0.117,0.883,0.571,0.350
1887,62.900,3.162,0.000,-3.838,0.000,1,1,0,0.000,1.071,4,0,0.793,3,49.244,541.977,1.000,0.453,1.749,0.638,0.648,0.551,0.091,0.909,0.572,0.580
1890,63.000,6.403,0.000,3.241,0.000,1,1,0,0.000,1.115,5,1,0.759,4,72.450,562.449,1.000,0.444,2.463,0.808,0.350,0.767,0.147,0.853,0.605,0.750
1893,63.100,8.062,0.000,1.659,0.000,1,1,0,0.000,1.086,5,0,0.759,4,24.042,564.150,1.000,0.435,2.030,0.844,0.420,0.165,0.135,0.865,0.600,0.350
1896,63.200,4.000,0.000,-4.062,0.000,1,1,0,0.000,1.199,5,0,0.759,3,58.189,572.087,1.000,0.435,1.128,0.750,0.315,0.064,0.098,0.902,0.526,0.580
1899,63.300,7.810,0.000,3.810,0.000,1,1,0,0.000,0.992,6,0,0.759,3,57.871,505.749,1.000,0.435,1.616,0.725,0.221,0.356,0.113,0.887,0.543,0.350
1902,63.400,6.403,0.000,-1.407,0.000,1,1,0,0.000,0.893,6,0,0.759,3,60.440,428.729,1.000,0.435,1.533,0.831,0.022,0.307,0.125,0.875,0.526,0.000
1905,63.500,5.385,0.000,-1.018,0.000,1,1,0,0.000,0.951,6,0,0.793,3,92.179,515.744,1.000,0.435,1.183,0.640,0.153,0.590,0.072,0.928,0.525,0.512
1908,63.600,4.472,0.000,-0.913,0.000,1,1,0,0.000,1.137,5,0,0.793,3,62.626,514.450,1.000,0.426,1.465,0.660,0.136,0.568,0.106,0.894,0.543,0.580
1911,63.700,3.162,0.000,-1.310,0.000,1,1,0,0.000,1.195,5,0,0.793,3,96.933,589.285,1.000,0.426,1.161,0.803,0.191,0.239,0.105,0.895,0.518,0.580
1914,63.800,2.236,0.000,-0.926,0.000,1,1,0,0.000,1.249,5,0,0.828,3,95.462,719.679,1.000,0.426,1.343,0.756,0.247,0.883,0.103,0.897,0.521,0.580
1917,63.900,2.236,0.000,0.000,0.000,1,1,0,0.000,1.573,5,0,0.828,3,64.195,740.990,1.000,0.417,1.572,0.717,0.176,0.672,0.110,0.890,0.530,0.580
1920,64.000,8.485,0.000,6.249,0.000,1,1,0,0.000,1.402,5,0,0.828,3,68.710,780.575,1.000,0.417,1.399,0.885,0.039,0.366,0.114,0.886,0.548,0.350
1923,64.100,25.000,0.000,16.515,0.000,1,1,0,0.000,1.332,5,0,0.828,4,43.863,751.565,1.000,0.408,1.980,0.830,0.150,0.028,0.141,0.859,0.694,0.350
1926,64.200,49.254,0.000,24.254,0.000,1,1,0,0.000,1.290,6,0,0.828,4,24.187,725.300,1.000,0.399,2.470,0.848,0.202,0.048,0.150,0.850,0.792,0.350
1929,64.300,0.000,376.579,0.000,344.626,1,0,1,0.000,2.125,6,0,0.828,4,88.814,1232.688,1.000,0.399,2.143,0.458,0.487,2.998,0.134,0.866,0.812,0.550
1932,64.400,0.000,31.385,0.000,-38.142,2,0,1,31.385,1.817,6,0,0.828,6,29.069,1754.037,1.000,0.389,2.209,0.646,0.632,1.052,0.140,0.860,0.834,0.650
1935,64.500,0.000,0.000,0.000,0.000,0,0,0,0.000,0.000,6,0,0.828,0,29.069,1754.037,0.967,0.389,3.253,0.851,0.595,1.307,0.141,0.859,0.308,0.650
1938,64.600,0.000,0.000,0.000,0.000,0,0,0,0.000,0.000,6,0,0.828,0,29.069,1754.037,0.933,0.389,1.730,0.732,0.576,0.069,0.116,0.884,0.274,0.580
1941,64.700,0.000,0.000,0.000,0.000,0,0,0,0.000,0.000,6,0,0.862,0,29.069,1754.037,0.900,0.389,1.255,0.660,0.419,0.455,0.097,0.903,0.263,0.580
1944,64.800,0.000,0.000,0.000,0.000,0,0,0,0.000,0.000,5,1,0.828,0,29.069,1754.037,0.867,0.389,2.277,0.706,0.474,0.106,0.127,0.873,0.282,0.750
1947,64.900,0.000,0.000,0.000,0.000,0,0,0,0.000,0.000,5,0,0.828,0,29.069,1754.037,0.833,0.389,1.337,0.723,0.499,0.117,0.104,0.896,0.253,0.580
1950,65.000,0.000,0.000,0.000,0.000,0,0,0,0.000,0.000,5,0,0.862,0,29.069,1754.037,0.800,0.389,1.506,0.593,0.494,0.278,0.132,0.868,0.262,0.580
1953,65.100,0.000,0.000,0.000,0.000,0,0,0,0.000,0.000,6,0,0.862,0,29.069,1754.037,0.767,0.389,2.045,0.795,0.896,0.570,0.150,0.850,0.257,0.580
1956,65.200,0.000,0.000,0.000,0.000,0,0,0,0.000,0.000,6,0,0.862,0,29.069,1754.037,0.733,0.389,2.230,0.850,0.990,0.098,0.144,0.856,0.254,0.580
1959,65.300,0.000,0.000,0.000,0.000,0,0,0,0.000,0.000,6,0,0.897,0,29.069,1754.037,0.700,0.389,2.985,0.534,1.196,2.707,0.146,0.854,0.291,0.580
1962,65.400,0.000,52.173,0.000,20.788,1,0,1,0.000,1.652,6,0,0.897,3,96.104,1958.039,0.700,0.249,4.208,0.639,1.493,0.903,0.183,0.817,0.784,0.700
1965,65.500,216.083,0.000,166.829,0.000,1,1,0,0.000,1.142,6,0,0.897,3,65.513,2136.884,0.700,0.249,6.553,0.801,1.928,2.595,0.221,0.779,0.832,0.700
1968,65.600,0.000,0.000,0.000,0.000,0,0,0,0.000,0.000,6,0,0.931,0,65.513,2136.884,0.667,0.249,9.913,0.879,2.893,0.062,0.244,0.756,0.388,0.700
1971,65.700,0.000,0.000,0.000,0.000,0,0,0,0.000,0.000,3,1,0.897,0,65.513,2136.884,0.633,0.249,13.885,0.903,4.063,0.049,0.244,0.756,0.283,0.750
1974,65.800,0.000,0.000,0.000,0.000,0,0,0,0.000,0.000,3,0,0.897,0,65.513,2136.884,0.600,0.249,15.667,0.891,5.318,0.066,0.240,0.760,0.280,0.700
1977,65.900,0.000,0.000,0.000,0.000,0,0,0,0.000,0.000,3,0,0.931,0,65.513,2136.884,0.567,0.249,14.259,0.955,7.114,0.009,0.249,0.751,0.271,0.700
1980,66.000,0.000,0.000,0.000,0.000,0,0,0,0.000,0.000,7,1,0.897,0,65.513,2136.884,0.533,0.249,12.117,0.950,8.524,0.064,0.246,0.754,0.367,0.750
1983,66.100,0.000,0.000,0.000,0.000,0,0,0,0.000,0.000,7,0,0.897,0,65.513,2136.884,0.500,0.249,9.287,0.927,7.724,0.266,0.239,0.761,0.365,0.700
1986,66.200,0.000,0.000,0.000,0.000,0,0,0,0.000,0.000,7,0,0.897,0,65.513,2136.884,0.467,0.249,5.237,0.928,8.719,0.252,0.221,0.779,0.292,0.700
1989,66.300,0.000,0.000,0.000,0.000,0,0,0,0.000,0.000,5,0,0.897,0,65.513,2136.884,0.433,0.249,4.542,0.782,9.318,0.337,0.208,0.792,0.281,0.700
1992,66.400,0.000,0.000,0.000,0.000,0,0,0,0.000,0.000,5,0,0.897,0,65.513,2136.884,0.400,0.249,4.249,0.742,9.286,1.206,0.218,0.782,0.272,0.700
1995,66.500,55.036,0.000,-161.047,0.000,1,1,0,0.000,1.340,5,0,0.897,4,0.000,1885.214,0.400,0.246,4.467,0.757,9.515,0.408,0.214,0.786,0.801,0.700
1998,66.600,0.000,88.843,0.000,36.670,1,0,1,0.000,1.715,3,1,0.862,2,69.065,2115.519,0.400,0.246,8.369,0.778,10.125,0.026,0.231,0.769,0.764,0.750
2001,66.700,0.000,58.249,0.000,-30.593,1,0,1,0.000,1.529,3,0,0.862,2,0.000,2055.754,0.400,0.252,6.011,0.758,10.910,0.044,0.209,0.791,0.715,0.700
2004,66.800,0.000,11.314,0.000,-46.936,1,0,1,0.000,1.443,3,0,0.862,2,0.000,1946.744,0.400,0.252,5.570,0.768,11.759,0.687,0.184,0.816,0.516,0.700
2007,66.900,0.000,17.029,0.000,5.716,1,0,1,0.000,1.625,3,0,0.862,2,0.000,2176.050,0.400,0.252,2.720,0.695,11.068,0.829,0.167,0.833,0.482,0.700
2010,67.000,0.000,7.616,0.000,-9.414,1,0,1,0.000,1.457,3,0,0.862,2,0.000,2402.075,0.400,0.257,2.563,0.624,7.776,0.049,0.160,0.840,0.431,0.700
2013,67.100,0.000,11.662,0.000,4.046,1,0,1,0.000,1.514,3,0,0.862,2,11.662,2373.384,0.400,0.257,2.300,0.841,4.132,0.283,0.157,0.843,0.431,0.700
2016,67.200,0.000,5.099,0.000,-6.563,1,0,1,0.000,1.693,2,1,0.828,1,5.099,2312.449,0.400,0.262,1.703,0.885,1.940,0.187,0.142,0.858,0.347,0.750
2019,67.300,0.000,7.071,0.000,1.972,1,0,1,0.000,1.674,2,0,0.828,1,7.071,2213.469,0.400,0.262,1.314,0.765,0.793,0.072,0.128,0.872,0.357,0.580
2022,67.400,0.000,8.944,0.000,1.873,1,0,1,0.000,1.322,3,1,0.793,1,8.944,1995.404,0.400,0.268,1.353,0.704,0.201,0.024,0.122,0.878,0.342,0.750
2025,67.500,0.000,8.246,0.000,-0.698,1,0,1,0.000,1.401,3,0,0.793,1,8.246,1805.587,0.433,0.273,1.510,0.810,0.149,0.175,0.113,0.887,0.339,0.580
2028,67.600,0.000,2.236,0.000,-6.010,1,0,1,0.000,1.365,3,0,0.793,2,0.000,1270.388,0.467,0.273,3.172,0.659,0.390,0.189,0.154,0.846,0.422,0.580
2031,67.700,168.155,0.000,113.118,0.000,1,1,0,0.000,1.385,3,0,0.828,2,0.000,810.549,0.500,0.273,4.374,0.642,0.572,0.868,0.187,0.813,0.694,0.500
2034,67.800,0.000,0.000,0.000,0.000,0,0,0,0.000,0.000,4,1,0.793,0,0.000,810.549,0.500,0.273,4.944,0.655,0.658,0.456,0.201,0.799,0.308,0.750
2037,67.900,0.000,0.000,0.000,0.000,0,0,0,0.000,0.000,4,0,0.793,0,0.000,810.549,0.500,0.273,6.183,0.872,0.698,0.018,0.215,0.785,0.324,0.580
2040,68.000,0.000,0.000,0.000,0.000,0,0,0,0.000,0.000,4,0,0.793,0,0.000,810.549,0.500,0.273,4.950,0.634,0.738,0.312,0.191,0.809,0.309,0.580
2043,68.100,0.000,0.000,0.000,0.000,0,0,0,0.000,0.000,4,0,0.793,0,0.000,810.549,0.500,0.273,3.959,0.675,0.805,1.714,0.189,0.811,0.282,0.580
2046,68.200,0.000,0.000,0.000,0.000,0,0,0,0.000,0.000,4,0,0.793,0,0.000,810.549,0.500,0.273,4.056,0.684,1.016,1.061,0.200,0.800,0.284,0.580
2049,68.300,0.000,0.000,0.000,0.000,0,0,0,0.000,0.000,4,0,0.793,0,0.000,810.549,0.500,0.273,4.286,0.708,1.169,0.008,0.204,0.796,0.288,0.580
2052,68.400,0.000,0.000,0.000,0.000,0,0,0,0.000,0.000,4,0,0.793,0,0.000,810.549,0.467,0.273,4.990,0.771,1.287,0.233,0.212,0.788,0.297,0.580
2055,68.500,0.000,0.000,0.000,0.000,0,0,0,0.000,0.000,4,0,0.793,0,0.000,810.549,0.433,0.273,4.880,0.875,1.185,0.327,0.221,0.779,0.283,0.580
2058,68.600,0.000,0.000,0.000,0.000,0,0,0,0.000,0.000,4,0,0.828,0,0.000,810.549,0.433,0.273,4.954,0.919,1.023,0.173,0.210,0.790,0.282,0.580
2061,68.700,0.000,0.000,0.000,0.000,0,0,0,0.000,0.000,4,0,0.828,0,0.000,810.549,0.433,0.273,4.613,0.886,0.825,0.258,0.214,0.786,0.275,0.580
2064,68.800,0.000,0.000,0.000,0.000,0,0,0,0.000,0.000,4,0,0.828,0,0.000,810.549,0.433,0.273,4.010,0.888,0.618,0.040,0.205,0.795,0.260,0.580
2067,68.900,0.000,0.000,0.000,0.000,0,0,0,0.000,0.000,4,0,0.862,0,0.000,810.549,0.433,0.273,3.360,0.849,0.405,0.144,0.191,0.809,0.247,0.580
2070,69.000,0.000,0.000,0.000,0.000,0,0,0,0.000,0.000,4,0,0.862,0,0.000,810.549,0.433,0.273,3.848,0.881,0.166,0.030,0.185,0.815,0.257,0.580
2073,69.100,0.000,0.000,0.000,0.000,0,0,0,0.000,0.000,4,0,0.862,0,0.000,810.549,0.433,0.273,2.870,0.927,0.148,0.161,0.180,0.820,0.229,0.580
2076,69.200,0.000,0.000,0.000,0.000,0,0,0,0.000,0.000,4,0,0.862,0,0.000,810.549,0.433,0.273,2.489,0.847,0.376,0.253,0.168,0.832,0.225,0.580
2079,69.300,0.000,0.000,0.000,0.000,0,0,0,0.000,0.000,5,1,0.828,0,0.000,810.549,0.433,0.273,3.078,0.879,0.348,0.140,0.179,0.821,0.237,0.750
2082,69.400,0.000,0.000,0.000,0.000,0,0,0,0.000,0.000,5,0,0.828,0,0.000,810.549,0.433,0.273,1.993,0.862,0.268,0.906,0.133,0.867,0.211,0.580
2085,69.500,0.000,0.000,0.000,0.000,0,0,0,0.000,0.000,5,0,0.862,0,0.000,810.549,0.400,0.273,1.819,0.742,0.058,0.041,0.133,0.867,0.212,0.580
2088,69.600,0.000,0.000,0.000,0.000,0,0,0,0.000,0.000,4,1,0.828,0,0.000,810.549,0.367,0.273,1.400,0.676,0.059,2.143,0.104,0.896,0.202,0.750
2091,69.700,0.000,0.000,0.000,0.000,0,0,0,0.000,0.000,4,0,0.828,0,0.000,810.549,0.333,0.273,2.015,0.859,0.001,1.069,0.145,0.855,0.200,0.580
2094,69.800,0.000,0.000,0.000,0.000,0,0,0,0.000,0.000,4,0,0.828,0,0.000,810.549,0.300,0.273,0.654,0.432,0.003,1.202,0.049,0.951,0.192,0.580
2097,69.900,0.000,0.000,0.000,0.000,0,0,0,0.000,0.000,5,1,0.793,0,0.000,810.549,0.267,0.273,0.698,0.675,0.110,3.128,0.067,0.933,0.172,0.750
2100,70.000,0.000,0.000,0.000,0.000,0,0,0,0.000,0.000,5,0,0.793,0,0.000,810.549,0.233,0.273,1.806,0.586,0.395,0.140,0.088,0.912,0.202,0.580
2103,70.100,0.000,0.000,0.000,0.000,0,0,0,0.000,0.000,5,0,0.828,0,0.000,810.549,0.200,0.273,1.749,0.767,0.624,0.560,0.124,0.876,0.184,0.580
2106,70.200,0.000,0.000,0.000,0.000,0,0,0,0.000,0.000,4,1,0.793,0,0.000,810.549,0.167,0.273,1.322,0.490,0.882,2.753,0.086,0.914,0.189,0.750
2109,70.300,0.000,0.000,0.000,0.000,0,0,0,0.000,0.000,4,0,0.828,0,0.000,810.549,0.133,0.273,1.364,0.906,1.227,1.743,0.130,0.870,0.157,0.580
2112,70.400,0.000,0.000,0.000,0.000,0,0,0,0.000,0.000,4,0,0.828,0,0.000,810.549,0.100,0.273,1.333,0.285,1.696,0.224,0.061,0.939,0.195,0.700
2115,70.500,0.000,0.000,0.000,0.000,0,0,0,0.000,0.000,4,0,0.828,0,0.000,810.549,0.067,0.273,1.289,0.640,2.316,2.163,0.064,0.936,0.165,0.700
2118,70.600,0.000,0.000,0.000,0.000,0,0,0,0.000,0.000,4,0,0.828,0,0.000,810.549,0.033,0.273,2.108,0.777,3.701,2.639,0.130,0.870,0.172,0.700
2121,70.700,0.000,0.000,0.000,0.000,0,0,0,0.000,0.000,4,0,0.862,0,0.000,810.549,0.000,0.273,1.353,0.486,3.560,0.190,0.058,0.942,0.170,0.700
2124,70.800,0.000,0.000,0.000,0.000,0,0,0,0.000,0.000,4,0,0.862,0,0.000,810.549,0.000,0.273,1.065,0.248,2.964,1.149,0.069,0.931,0.179,0.700
2127,70.900,0.000,0.000,0.000,0.000,0,0,0,0.000,0.000,4,0,0.862,0,0.000,810.549,0.000,0.273,1.356,0.367,2.881,0.011,0.077,0.923,0.178,0.700
2130,71.000,0.000,0.000,0.000,0.000,0,0,0,0.000,0.000,4,0,0.862,0,0.000,810.549,0.000,0.273,1.427,0.205,2.679,0.741,0.118,0.882,0.191,0.700
2133,71.100,0.000,0.000,0.000,0.000,0,0,0,0.000,0.000,5,1,0.828,0,0.000,810.549,0.000,0.273,1.727,0.761,2.268,2.842,0.120,0.880,0.160,0.750
2136,71.200,0.000,0.000,0.000,0.000,0,0,0,0.000,0.000,5,0,0.828,0,0.000,810.549,0.000,0.273,2.122,0.855,1.816,0.426,0.146,0.854,0.163,0.700
2139,71.300,0.000,0.000,0.000,0.000,0,0,0,0.000,0.000,5,0,0.828,0,0.000,810.549,0.000,0.273,1.507,0.735,1.625,0.253,0.114,0.886,0.156,0.700
2142,71.400,0.000,0.000,0.000,0.000,0,0,0,0.000,0.000,5,0,0.828,0,0.000,810.549,0.000,0.273,1.260,0.641,1.224,1.675,0.100,0.900,0.157,0.580
2145,71.500,0.000,0.000,0.000,0.000,0,0,0,0.000,0.000,5,0,0.828,0,0.000,810.549,0.000,0.273,1.878,0.651,0.962,0.431,0.110,0.890,0.171,0.580
2148,71.600,0.000,0.000,0.000,0.000,0,0,0,0.000,0.000,5,0,0.828,0,0.000,810.549,0.000,0.273,1.897,0.669,0.868,0.525,0.090,0.910,0.171,0.580
2151,71.700,0.000,0.000,0.000,0.000,0,0,0,0.000,0.000,4,1,0.793,0,0.000,810.549,0.000,0.273,1.851,0.730,0.782,0.429,0.121,0.879,0.165,0.750
2154,71.800,0.000,141.873,0.000,139.637,1,0,1,0.000,1.230,4,0,0.793,2,54.589,650.299,0.033,0.200,1.533,0.867,0.633,1.889,0.099,0.901,0.622,0.650
2157,71.900,0.000,21.000,0.000,-120.873,1,0,1,0.000,1.260,4,0,0.793,2,62.514,722.497,0.067,0.200,0.989,0.247,0.498,0.042,0.051,0.949,0.522,0.480
2160,72.000,112.610,0.000,-55.545,0.000,1,1,0,0.000,1.529,4,0,0.793,2,36.346,780.129,0.100,0.200,1.599,0.146,0.400,0.010,0.061,0.939,0.682,0.500
2163,72.100,9.434,0.000,-103.176,0.000,1,1,0,0.000,1.312,4,0,0.793,2,35.355,858.719,0.133,0.202,1.401,0.481,0.218,0.562,0.086,0.914,0.460,0.580
2166,72.200,5.385,0.000,-4.049,0.000,1,1,0,0.000,1.547,4,0,0.828,2,36.125,925.550,0.167,0.202,1.187,0.334,0.234,0.421,0.056,0.944,0.446,0.580
2169,72.300,1.414,0.000,-3.971,0.000,1,1,0,0.000,1.776,4,0,0.828,3,35.355,1008.319,0.200,0.202,1.586,0.758,0.136,1.464,0.119,0.881,0.453,0.580
2172,72.400,6.403,0.000,4.989,0.000,1,1,0,0.000,1.661,4,0,0.828,2,30.594,998.554,0.233,0.204,1.338,0.561,0.208,0.663,0.074,0.926,0.448,0.580
2175,72.500,0.000,14.318,0.000,-6.682,1,0,1,0.000,1.026,4,0,0.862,2,36.056,949.350,0.267,0.204,0.920,0.567,0.321,0.396,0.075,0.925,0.485,0.500
2178,72.600,0.000,1.000,0.000,-13.318,1,0,1,0.000,1.126,5,1,0.828,3,33.136,231.137,0.300,0.204,1.871,0.727,0.312,0.334,0.106,0.894,0.445,0.750
2181,72.700,7.810,0.000,1.407,0.000,1,1,0,0.000,1.675,5,0,0.828,3,35.057,203.964,0.333,0.206,0.962,0.700,0.276,0.168,0.105,0.895,0.466,0.580
2184,72.800,2.828,0.000,-4.982,0.000,1,1,0,0.000,1.475,5,0,0.862,3,36.125,156.507,0.367,0.206,0.758,0.075,0.065,1.418,0.067,0.933,0.481,0.580
2187,72.900,0.000,10.770,0.000,9.770,1,0,1,0.000,1.121,5,0,0.862,3,36.000,159.165,0.400,0.208,1.052,0.396,0.220,0.894,0.077,0.923,0.514,0.580
2190,73.000,0.000,5.000,0.000,-5.770,1,0,1,0.000,1.426,5,0,0.862,3,36.125,151.217,0.433,0.193,1.603,0.484,0.432,0.944,0.068,0.932,0.494,0.580
2193,73.100,0.000,9.055,0.000,4.055,1,0,1,0.000,1.216,5,0,0.897,3,37.014,151.319,0.467,0.193,2.610,0.460,0.500,1.528,0.113,0.887,0.547,0.580
2196,73.200,0.000,0.000,0.000,0.000,0,0,0,0.000,0.000,5,0,0.897,0,37.014,151.319,0.467,0.193,5.453,0.495,0.367,0.965,0.182,0.818,0.328,0.650
2199,73.300,0.000,0.000,0.000,0.000,0,0,0,0.000,0.000,5,0,0.897,0,37.014,151.319,0.467,0.193,4.318,0.172,0.276,0.164,0.130,0.870,0.322,0.580
2202,73.400,0.000,0.000,0.000,0.000,0,0,0,0.000,0.000,5,0,0.897,0,37.014,151.319,0.467,0.193,1.907,0.350,0.831,0.619,0.074,0.926,0.249,0.580
2205,73.500,0.000,0.000,0.000,0.000,0,0,0,0.000,0.000,5,0,0.897,0,37.014,151.319,0.467,0.193,2.261,0.326,1.007,1.739,0.097,0.903,0.260,0.580
2208,73.600,0.000,0.000,0.000,0.000,0,0,0,0.000,0.000,5,0,0.897,0,37.014,151.319,0.467,0.193,2.017,0.346,1.098,0.780,0.072,0.928,0.252,0.580
2211,73.700,0.000,0.000,0.000,0.000,0,0,0,0.000,0.000,5,0,0.897,0,37.014,151.319,0.467,0.193,1.279,0.332,1.488,0.175,0.060,0.940,0.235,0.700
2214,73.800,0.000,0.000,0.000,0.000,0,0,0,0.000,0.000,5,0,0.897,0,37.014,151.319,0.467,0.193,0.690,0.249,1.500,0.078,0.043,0.957,0.226,0.700
2217,73.900,0.000,0.000,0.000,0.000,0,0,0,0.000,0.000,5,0,0.897,0,37.014,151.319,0.467,0.193,0.662,0.231,1.301,1.447,0.057,0.943,0.226,0.580
2220,74.000,0.000,0.000,0.000,0.000,0,0,0,0.000,0.000,4,1,0.897,0,37.014,151.319,0.467,0.193,0.582,0.132,1.148,0.270,0.058,0.942,0.231,0.750
2223,74.100,0.000,0.000,0.000,0.000,0,0,0,0.000,0.000,5,1,0.862,0,37.014,151.319,0.467,0.193,0.944,0.042,1.047,0.395,0.072,0.928,0.247,0.750
2226,74.200,0.000,0.000,0.000,0.000,0,0,0,0.000,0.000,5,0,0.862,0,37.014,151.319,0.467,0.193,2.181,0.283,0.814,1.919,0.097,0.903,0.261,0.580
2229,74.300,0.000,0.000,0.000,0.000,0,0,0,0.000,0.000,5,0,0.862,0,37.014,151.319,0.467,0.193,2.479,0.649,1.325,0.499,0.121,0.879,0.243,0.580
2232,74.400,0.000,0.000,0.000,0.000,0,0,0,0.000,0.000,5,0,0.862,0,37.014,151.319,0.467,0.193,2.170,0.738,1.619,0.626,0.135,0.865,0.229,0.700
2235,74.500,0.000,0.000,0.000,0.000,0,0,0,0.000,0.000,5,0,0.862,0,37.014,151.319,0.467,0.193,1.662,0.763,1.814,0.653,0.091,0.909,0.214,0.700
2238,74.600,0.000,0.000,0.000,0.000,0,0,0,0.000,0.000,5,0,0.897,0,37.014,151.319,0.467,0.193,1.963,0.771,1.964,0.047,0.108,0.892,0.221,0.700
2241,74.700,0.000,0.000,0.000,0.000,0,0,0,0.000,0.000,6,1,0.862,0,37.014,151.319,0.467,0.193,1.115,0.784,1.345,0.298,0.094,0.906,0.199,0.750
2244,74.800,0.000,0.000,0.000,0.000,0,0,0,0.000,0.000,6,0,0.862,0,37.014,151.319,0.433,0.193,2.455,0.909,0.082,0.447,0.140,0.860,0.220,0.580
2247,74.900,0.000,0.000,0.000,0.000,0,0,0,0.000,0.000,6,0,0.862,0,37.014,151.319,0.400,0.193,1.921,0.736,0.170,0.422,0.106,0.894,0.215,0.580
2250,75.000,0.000,0.000,0.000,0.000,0,0,0,0.000,0.000,5,1,0.828,0,37.014,151.319,0.367,0.193,1.709,0.590,0.220,1.478,0.119,0.881,0.215,0.750
2253,75.100,0.000,0.000,0.000,0.000,0,0,0,0.000,0.000,5,0,0.828,0,37.014,151.319,0.333,0.193,2.806,0.692,0.283,1.127,0.150,0.850,0.232,0.580
2256,75.200,0.000,0.000,0.000,0.000,0,0,0,0.000,0.000,5,0,0.828,0,37.014,151.319,0.300,0.193,3.189,0.875,0.276,0.746,0.152,0.848,0.224,0.580
2259,75.300,0.000,0.000,0.000,0.000,0,0,0,0.000,0.000,5,0,0.828,0,37.014,151.319,0.267,0.193,1.153,0.669,0.181,0.005,0.107,0.893,0.184,0.580
2262,75.400,0.000,0.000,0.000,0.000,0,0,0,0.000,0.000,5,0,0.828,0,37.014,151.319,0.233,0.193,1.011,0.475,0.105,1.673,0.097,0.903,0.190,0.580
2265,75.500,0.000,0.000,0.000,0.000,0,0,0,0.000,0.000,5,0,0.862,0,37.014,151.319,0.200,0.193,2.381,0.811,0.051,0.376,0.156,0.844,0.197,0.580
2268,75.600,0.000,0.000,0.000,0.000,0,0,0,0.000,0.000,5,0,0.862,0,37.014,151.319,0.167,0.193,2.736,0.794,0.055,0.053,0.158,0.842,0.203,0.580
2271,75.700,0.000,0.000,0.000,0.000,0,0,0,0.000,0.000,5,0,0.862,0,37.014,151.319,0.133,0.193,2.290,0.795,0.187,0.013,0.164,0.836,0.188,0.580
2274,75.800,0.000,0.000,0.000,0.000,0,0,0,0.000,0.000,5,0,0.862,0,37.014,151.319,0.100,0.193,2.516,0.831,0.134,0.011,0.169,0.831,0.187,0.580
2277,75.900,0.000,0.000,0.000,0.000,0,0,0,0.000,0.000,5,0,0.862,0,37.014,151.319,0.067,0.193,3.716,0.861,0.052,0.044,0.196,0.804,0.211,0.580
2280,76.000,0.000,0.000,0.000,0.000,0,0,0,0.000,0.000,5,0,0.862,0,37.014,151.319,0.033,0.193,5.386,0.859,0.075,0.094,0.222,0.778,0.248,0.580
2283,76.100,0.000,368.848,0.000,359.793,1,0,1,0.000,1.149,5,0,0.862,4,172.003,735.287,0.033,0.202,10.998,0.121,0.264,0.115,0.329,0.671,0.890,0.750
2286,76.200,0.000,6.403,0.000,-362.445,1,0,1,0.000,1.416,5,1,0.828,4,0.000,1618.099,0.067,0.200,1.211,0.864,0.766,0.392,0.162,0.838,0.457,0.750
2289,76.300,0.000,2.236,0.000,-4.167,1,0,1,0.000,1.694,5,0,0.828,3,2.000,2001.635,0.100,0.198,0.780,0.768,1.387,0.375,0.121,0.879,0.398,0.580
2292,76.400,0.000,8.062,0.000,5.826,1,0,1,0.000,1.675,5,0,0.828,4,172.131,3890.495,0.133,0.196,1.192,0.781,1.967,0.744,0.119,0.881,0.480,0.750
2295,76.500,0.000,6.083,0.000,-1.979,1,0,1,0.000,1.341,5,0,0.828,4,186.762,5423.529,0.167,0.193,1.138,0.624,1.890,0.718,0.125,0.875,0.483,0.750
2298,76.600,0.000,7.211,0.000,1.128,1,0,1,0.000,1.336,5,0,0.828,4,176.082,6914.539,0.200,0.189,1.050,0.778,1.952,0.220,0.142,0.858,0.480,0.750
2301,76.700,0.000,5.000,0.000,-2.211,1,0,1,0.000,1.194,4,1,0.793,3,176.082,6914.539,0.233,0.177,0.602,0.515,1.535,1.739,0.092,0.908,0.470,0.750
2304,76.800,0.000,1.000,0.000,-4.000,1,0,1,0.000,1.457,5,1,0.759,3,176.082,6914.539,0.267,0.174,0.448,0.695,0.980,1.250,0.083,0.917,0.408,0.750
2307,76.900,0.000,2.000,0.000,1.000,1,0,1,0.000,1.435,4,1,0.759,3,176.082,6914.539,0.300,0.174,0.677,0.826,0.922,2.644,0.116,0.884,0.441,0.750
2310,77.000,0.000,2.236,0.000,0.236,1,0,1,0.000,1.176,4,0,0.793,3,176.082,6914.539,0.333,0.171,0.575,0.673,0.898,0.297,0.104,0.896,0.455,0.750
2313,77.100,0.000,0.000,0.000,-2.236,1,0,1,0.000,0.925,3,1,0.759,2,176.082,6914.539,0.367,0.174,0.791,0.922,0.627,0.566,0.134,0.866,0.419,0.750
2316,77.200,0.000,17.117,0.000,17.117,1,0,1,0.000,0.915,4,1,0.724,3,15.033,8258.837,0.400,0.171,0.644,0.673,0.259,2.796,0.060,0.940,0.547,0.750
2319,77.300,0.000,51.039,0.000,33.922,1,0,1,0.000,0.922,4,0,0.724,3,48.795,8949.150,0.433,0.171,1.518,0.924,0.072,0.546,0.182,0.818,0.710,0.450
2322,77.400,0.000,54.626,0.000,3.587,1,0,1,0.000,0.806,5,1,0.690,4,0.000,9098.799,0.467,0.171,1.303,0.796,0.038,0.645,0.170,0.830,0.727,0.750
2325,77.500,0.000,17.029,0.000,-37.597,1,0,1,0.000,0.583,5,0,0.690,3,71.568,9507.798,0.500,0.171,1.925,0.893,0.382,1.617,0.194,0.806,0.548,0.550
2328,77.600,0.000,3.162,0.000,-13.867,1,0,1,0.000,0.412,5,0,0.724,3,40.311,9394.738,0.533,0.171,2.522,0.940,0.708,0.258,0.229,0.771,0.487,0.580
2331,77.700,0.000,10.440,0.000,7.278,1,0,1,0.000,0.669,4,1,0.690,3,40.311,9394.738,0.567,0.171,2.013,0.969,0.810,0.035,0.217,0.783,0.543,0.750
2334,77.800,0.000,11.180,0.000,0.740,1,0,1,0.000,0.620,4,0,0.690,3,40.311,9394.738,0.600,0.171,1.525,0.945,0.792,0.286,0.188,0.812,0.541,0.000
2337,77.900,0.000,28.231,0.000,17.051,1,0,1,0.000,0.655,4,0,0.724,3,122.984,9973.559,0.633,0.399,1.574,0.926,0.706,0.804,0.189,0.811,0.642,0.683
2340,78.000,0.000,19.416,0.000,-8.815,1,0,1,0.000,0.649,4,0,0.724,3,106.405,9428.448,0.667,0.399,1.345,0.903,0.668,0.030,0.169,0.831,0.593,0.591
2343,78.100,0.000,4.123,0.000,-15.293,1,0,1,0.000,0.841,3,1,0.690,2,106.405,9428.448,0.700,0.408,1.231,0.918,0.641,0.011,0.163,0.837,0.493,0.750
2346,78.200,0.000,7.280,0.000,3.157,1,0,1,0.000,0.976,3,0,0.690,2,106.405,9428.448,0.733,0.408,1.185,0.934,0.580,0.047,0.163,0.837,0.513,0.591
2349,78.300,0.000,22.847,0.000,15.567,1,0,1,0.000,1.317,4,1,0.655,3,106.405,9428.448,0.767,0.408,1.432,0.807,0.487,0.942,0.173,0.827,0.633,0.750
2352,78.400,0.000,0.000,0.000,0.000,0,0,0,0.000,0.000,4,0,0.655,0,106.405,9428.448,0.767,0.408,2.486,0.840,0.439,0.242,0.202,0.798,0.265,0.650
2355,78.500,0.000,0.000,0.000,0.000,0,0,0,0.000,0.000,4,0,0.655,0,106.405,9428.448,0.767,0.408,4.278,0.419,0.382,1.847,0.242,0.758,0.340,0.591
2358,78.600,0.000,0.000,0.000,0.000,0,0,0,0.000,0.000,5,1,0.621,0,106.405,9428.448,0.767,0.408,2.850,0.824,0.238,1.983,0.267,0.733,0.276,0.750
2361,78.700,0.000,0.000,0.000,0.000,0,0,0,0.000,0.000,5,0,0.621,0,106.405,9428.448,0.767,0.408,1.544,0.902,0.137,2.054,0.213,0.787,0.237,0.591
2364,78.800,0.000,0.000,0.000,0.000,0,0,0,0.000,0.000,5,0,0.621,0,106.405,9428.448,0.767,0.408,5.788,0.951,0.073,0.774,0.333,0.667,0.340,0.591
2367,78.900,0.000,0.000,0.000,0.000,0,0,0,0.000,0.000,6,1,0.586,0,106.405,9428.448,0.767,0.408,6.957,0.799,0.056,0.185,0.330,0.670,0.380,0.750
2370,79.000,0.000,0.000,0.000,0.000,0,0,0,0.000,0.000,6,0,0.586,0,106.405,9428.448,0.767,0.408,10.439,0.977,0.256,0.167,0.334,0.666,0.394,0.591
2373,79.100,0.000,0.000,0.000,0.000,0,0,0,0.000,0.000,6,0,0.621,0,106.405,9428.448,0.733,0.408,13.756,0.969,0.589,0.078,0.332,0.668,0.390,0.591
2376,79.200,0.000,0.000,0.000,0.000,0,0,0,0.000,0.000,4,1,0.586,0,106.405,9428.448,0.700,0.408,16.269,0.914,5.129,0.013,0.316,0.684,0.390,0.750
2379,79.300,0.000,0.000,0.000,0.000,0,0,0,0.000,0.000,4,0,0.586,0,106.405,9428.448,0.667,0.408,17.641,0.965,6.241,0.130,0.304,0.696,0.382,0.700
2382,79.400,0.000,0.000,0.000,0.000,0,0,0,0.000,0.000,4,0,0.586,0,106.405,9428.448,0.633,0.408,17.704,0.932,7.990,0.015,0.300,0.700,0.381,0.700
2385,79.500,0.000,0.000,0.000,0.000,0,0,0,0.000,0.000,3,1,0.552,0,106.405,9428.448,0.600,0.408,15.207,0.940,9.643,0.092,0.279,0.721,0.276,0.750
2388,79.600,0.000,0.000,0.000,0.000,0,0,0,0.000,0.000,3,0,0.586,0,106.405,9428.448,0.567,0.408,11.878,0.956,11.157,0.075,0.274,0.726,0.271,0.700
2391,79.700,0.000,0.000,0.000,0.000,0,0,0,0.000,0.000,3,0,0.621,0,106.405,9428.448,0.533,0.408,3.716,0.571,12.363,0.941,0.225,0.775,0.187,0.700
2394,79.800,0.000,0.000,0.000,0.000,0,0,0,0.000,0.000,3,0,0.655,0,106.405,9428.448,0.500,0.408,8.255,0.650,13.125,1.231,0.285,0.715,0.284,0.700
2397,79.900,0.000,0.000,0.000,0.000,0,0,0,0.000,0.000,3,0,0.655,0,106.405,9428.448,0.467,0.408,4.102,0.872,14.986,0.626,0.231,0.769,0.167,0.700
2400,80.000,608.252,539.340,605.423,516.493,2,1,1,699.476,1.519,3,0,0.690,3,106.405,9428.448,0.467,0.212,5.400,0.633,13.964,1.011,0.231,0.769,0.827,0.700
2403,80.100,0.000,0.000,0.000,0.000,0,0,0,0.000,0.000,4,1,0.690,0,106.405,9428.448,0.433,0.212,5.417,0.849,9.031,0.200,0.249,0.751,0.298,0.750
2406,80.200,0.000,0.000,0.000,0.000,0,0,0,0.000,0.000,4,0,0.690,0,106.405,9428.448,0.400,0.212,4.513,0.807,9.014,0.403,0.234,0.766,0.274,0.700
2409,80.300,0.000,0.000,0.000,0.000,0,0,0,0.000,0.000,4,0,0.724,0,106.405,9428.448,0.367,0.212,3.462,0.878,9.828,0.045,0.215,0.785,0.239,0.700
2412,80.400,0.000,0.000,0.000,0.000,0,0,0,0.000,0.000,3,1,0.690,0,106.405,9428.448,0.333,0.212,1.913,0.931,5.977,0.151,0.185,0.815,0.093,0.750
2415,80.500,0.000,144.838,0.000,-394.502,1,0,1,0.000,1.669,3,0,0.690,1,291.239,9375.969,0.333,0.230,1.506,0.912,3.978,0.472,0.177,0.823,0.524,0.750
2418,80.600,0.000,0.000,0.000,0.000,0,0,0,0.000,0.000,3,0,0.724,0,291.239,9375.969,0.300,0.230,2.750,0.930,2.163,0.376,0.206,0.794,0.110,0.750
2421,80.700,0.000,0.000,0.000,0.000,0,0,0,0.000,0.000,3,0,0.724,0,291.239,9375.969,0.267,0.230,3.327,0.937,1.111,0.124,0.208,0.792,0.120,0.750
2424,80.800,0.000,408.705,0.000,263.867,1,0,1,0.000,1.681,3,0,0.724,2,291.239,9375.969,0.267,0.241,1.928,0.936,0.478,0.214,0.172,0.828,0.585,0.750
2427,80.900,0.000,4.123,0.000,-404.582,1,0,1,0.000,1.597,3,0,0.724,1,291.239,9375.969,0.267,0.241,1.616,0.920,0.027,0.147,0.179,0.821,0.291,0.750
2430,81.000,0.000,2.000,0.000,-2.123,1,0,1,0.000,1.748,2,1,0.724,1,291.239,9375.969,0.267,0.246,1.126,0.856,0.321,0.131,0.155,0.845,0.301,0.750
2433,81.100,0.000,403.005,0.000,402.005,2,0,1,403.005,1.944,3,1,0.690,2,62.769,8745.334,0.267,0.250,0.730,0.600,0.610,0.887,0.100,0.900,0.628,0.750
2436,81.200,0.000,410.395,0.000,9.364,2,0,1,410.395,1.997,3,0,0.724,3,82.873,8833.459,0.267,0.250,0.902,0.901,0.866,0.796,0.119,0.881,0.671,0.350
2439,81.300,0.000,423.001,0.000,-1.074,2,0,1,423.001,2.400,3,0,0.724,4,162.459,7991.025,0.267,0.246,1.462,0.904,0.952,0.143,0.151,0.849,0.685,0.750
2442,81.400,0.000,445.018,0.000,22.017,1,0,1,0.000,2.769,3,0,0.724,2,162.459,7991.025,0.300,0.250,2.192,0.797,1.168,0.570,0.184,0.816,0.605,0.750
2445,81.500,0.000,495.534,0.000,464.389,2,0,1,495.534,2.537,3,0,0.759,3,152.555,9308.167,0.333,0.250,3.432,0.665,1.236,1.699,0.202,0.798,0.759,0.750
2448,81.600,0.000,515.079,0.000,16.054,2,0,1,515.079,2.728,3,0,0.759,4,134.852,10442.544,0.367,0.246,3.637,0.824,1.288,2.781,0.206,0.794,0.757,0.749
2451,81.700,0.000,515.350,0.000,-2.789,2,0,1,515.350,2.733,3,0,0.759,4,122.723,9933.127,0.400,0.246,2.741,0.872,1.384,0.164,0.193,0.807,0.736,0.682
2454,81.800,0.000,517.035,0.000,6.869,2,0,1,517.035,2.733,3,0,0.793,4,201.002,9497.408,0.433,0.246,1.482,0.914,1.518,0.401,0.167,0.833,0.705,0.750
2457,81.900,0.000,509.004,0.000,-5.012,2,0,1,509.004,3.130,3,0,0.793,2,2.000,9287.594,0.467,0.246,1.082,0.914,1.468,0.346,0.147,0.853,0.639,0.700
2460,82.000,0.000,512.004,0.000,3.000,2,0,1,512.004,3.135,2,1,0.759,2,4.472,9155.169,0.500,0.246,0.951,0.943,1.332,0.291,0.142,0.858,0.698,0.750
2463,82.100,0.000,507.036,0.000,-2.968,2,0,1,507.036,3.136,2,0,0.793,2,3.162,8911.524,0.533,0.250,0.337,0.968,1.163,0.765,0.059,0.941,0.685,0.350
2466,82.200,0.000,507.025,0.000,1.989,2,0,1,507.025,3.139,2,0,0.793,2,0.000,7888.519,0.567,0.250,0.513,0.870,1.062,0.039,0.073,0.927,0.700,0.350
2469,82.300,0.000,507.009,0.000,-0.027,2,0,1,507.009,3.139,3,1,0.759,3,140.698,4379.058,0.600,0.250,0.594,0.737,1.005,0.036,0.078,0.922,0.715,0.750
2472,82.400,0.000,512.001,0.000,4.000,2,0,1,512.001,3.138,2,1,0.759,2,1.414,2916.139,0.633,0.250,0.596,0.678,0.942,0.094,0.078,0.922,0.723,0.750
2475,82.500,0.000,507.000,0.000,-5.000,2,0,1,507.000,3.139,2,0,0.759,2,1.000,2904.254,0.667,0.254,0.236,0.465,0.931,0.263,0.044,0.956,0.733,0.350
2478,82.600,0.000,510.016,0.000,0.012,2,0,1,510.016,3.138,2,0,0.759,2,1.000,2843.815,0.700,0.254,0.142,0.760,0.961,2.362,0.025,0.975,0.714,0.550
2481,82.700,0.000,512.024,0.000,1.000,2,0,1,512.024,3.139,2,0,0.759,2,0.000,2822.104,0.733,0.254,0.266,0.730,1.005,1.857,0.044,0.956,0.724,0.550
2484,82.800,0.000,510.009,0.000,-0.007,2,0,1,510.009,3.140,3,1,0.724,3,28.320,2413.850,0.767,0.254,0.460,0.332,0.892,2.331,0.067,0.933,0.760,0.750
2487,82.900,0.000,538.015,0.000,3.969,2,0,1,538.015,3.138,3,0,0.724,4,162.049,2518.844,0.800,0.372,1.405,0.073,0.927,0.704,0.098,0.902,0.806,0.750
2490,83.000,0.000,645.003,0.000,52.982,2,0,1,645.003,3.138,3,0,0.759,3,0.000,2610.997,0.800,0.419,5.269,0.755,0.905,2.974,0.250,0.750,0.855,0.550
2493,83.100,728.155,726.099,119.903,81.096,2,1,1,796.063,3.135,3,0,0.759,3,84.149,2554.888,0.833,0.435,12.800,0.787,0.836,0.739,0.275,0.725,0.925,0.500
2496,83.200,37.162,7.071,-690.993,-719.028,2,1,1,835.000,2.839,3,0,0.759,3,0.000,1583.197,0.867,0.426,14.361,0.682,0.338,2.128,0.246,0.754,0.893,0.580
2499,83.300,84.380,59.076,47.218,52.005,2,1,1,692.018,2.747,3,0,0.793,3,0.000,1593.818,0.900,0.426,14.521,0.483,0.545,2.434,0.218,0.782,0.954,0.580
2502,83.400,123.102,49.497,38.721,-9.579,2,1,1,520.047,2.379,3,0,0.793,3,165.424,1977.069,0.933,0.426,16.461,0.469,1.688,0.066,0.194,0.806,0.959,0.750
2505,83.500,109.018,41.785,-14.083,-7.712,2,1,1,372.537,2.015,3,0,0.793,3,0.000,1943.485,0.933,0.426,16.475,0.395,2.791,3.045,0.190,0.810,0.964,0.700
2508,83.600,0.000,19.698,0.000,-22.087,1,0,1,0.000,1.630,3,0,0.793,1,0.000,1943.485,0.967,0.426,17.010,0.736,3.822,2.768,0.192,0.808,0.634,0.700
2511,83.700,0.000,15.652,0.000,-4.045,1,0,1,0.000,1.323,3,0,0.793,2,0.000,1943.485,1.000,0.435,17.359,0.732,4.871,0.233,0.187,0.813,0.676,0.700
2514,83.800,0.000,24.759,0.000,9.106,1,0,1,0.000,0.976,3,0,0.793,2,0.000,1943.485,1.000,0.435,16.167,0.753,6.422,0.484,0.182,0.818,0.725,0.700
2517,83.900,0.000,16.279,0.000,-8.480,1,0,1,0.000,0.664,3,0,0.828,2,0.000,1943.485,1.000,0.444,11.759,0.891,7.372,0.050,0.172,0.828,0.668,0.700
2520,84.000,0.000,10.817,0.000,-5.462,1,0,1,0.000,0.668,4,1,0.828,2,0.000,1943.485,1.000,0.444,8.869,0.932,7.981,0.009,0.175,0.825,0.705,0.750
2523,84.100,0.000,9.220,0.000,-1.597,1,0,1,0.000,0.413,4,0,0.828,2,0.000,1943.485,1.000,0.453,6.909,0.940,8.261,0.088,0.180,0.820,0.668,0.700
2526,84.200,0.000,9.220,0.000,0.000,1,0,1,0.000,0.640,4,0,0.828,1,0.000,1943.485,1.000,0.453,6.848,0.903,8.453,0.065,0.185,0.815,0.624,0.700
2529,84.300,0.000,1.000,0.000,-8.220,1,0,1,0.000,0.781,3,1,0.793,0,0.000,1943.485,0.967,0.453,6.544,0.878,8.666,0.104,0.171,0.829,0.424,0.750
2532,84.400,0.000,11.180,0.000,10.180,1,0,1,0.000,0.913,3,0,0.793,1,0.000,1943.485,0.967,0.454,6.891,0.832,8.937,0.029,0.170,0.830,0.552,0.700
2535,84.500,101.912,25.179,-7.107,13.999,2,1,1,440.845,1.392,3,0,0.793,4,14.318,1913.779,0.967,0.454,7.606,0.766,9.523,0.020,0.178,0.822,0.933,0.700
2538,84.600,454.028,0.000,-7.797,0.000,2,1,0,454.028,1.829,3,0,0.793,3,0.000,1903.790,0.967,0.446,5.248,0.648,7.547,0.387,0.165,0.835,0.882,0.700
2541,84.700,473.165,0.000,3.355,0.000,2,1,0,473.165,2.177,3,0,0.793,3,0.000,1816.699,0.967,0.446,6.331,0.757,3.027,0.209,0.167,0.833,0.901,0.700
2544,84.800,487.714,0.000,6.577,0.000,2,1,0,487.714,2.590,3,0,0.793,3,0.000,1612.868,0.967,0.446,5.405,0.787,1.868,0.106,0.158,0.842,0.876,0.700
2547,84.900,511.595,0.000,7.728,0.000,2,1,0,511.595,3.080,4,1,0.793,4,0.000,1418.294,0.967,0.437,4.980,0.745,1.285,0.173,0.158,0.842,0.968,0.750
2550,85.000,497.076,0.000,-19.358,0.000,2,1,0,497.076,3.131,4,0,0.793,4,40.853,1233.799,0.967,0.428,5.993,0.653,0.818,2.696,0.165,0.835,1.000,0.550
2553,85.100,482.308,0.000,-42.319,0.000,2,1,0,482.308,3.119,4,0,0.793,3,95.189,1083.668,0.967,0.428,7.081,0.591,0.490,0.935,0.163,0.837,0.987,0.529
2556,85.200,0.000,113.358,0.000,88.178,1,0,1,0.000,0.931,5,0,0.828,1,95.189,1083.668,0.967,0.428,7.202,0.660,0.214,0.277,0.156,0.844,0.836,0.650
2559,85.300,0.000,21.095,0.000,-92.263,1,0,1,0.000,0.874,5,0,0.862,1,95.189,1083.668,0.967,0.437,7.156,0.602,0.037,0.027,0.144,0.856,0.706,0.580
2562,85.400,0.000,17.263,0.000,-3.832,1,0,1,0.000,0.785,5,0,0.862,1,95.189,1083.668,0.967,0.446,5.903,0.708,0.259,0.030,0.116,0.884,0.646,0.580
2565,85.500,0.000,5.099,0.000,-12.164,1,0,1,0.000,0.785,4,0,0.862,1,95.189,1083.668,0.967,0.454,3.884,0.898,0.432,0.137,0.090,0.910,0.524,0.580
2568,85.600,0.000,13.454,0.000,8.355,1,0,1,0.000,0.810,4,0,0.862,1,95.189,1083.668,0.967,0.454,3.099,0.887,0.599,0.140,0.084,0.916,0.551,0.580
2571,85.700,0.000,13.038,0.000,-0.415,1,0,1,0.000,0.675,4,0,0.897,1,95.189,1083.668,0.967,0.463,3.115,0.819,0.762,0.339,0.090,0.910,0.554,0.580
2574,85.800,496.932,0.000,14.624,0.000,1,1,0,0.000,3.108,4,0,0.897,1,95.189,1083.668,0.967,0.471,3.114,0.763,0.961,0.186,0.089,0.911,0.735,0.529
2577,85.900,0.000,28.636,0.000,15.597,1,0,1,0.000,0.554,4,0,0.897,1,95.189,1083.668,0.967,0.471,3.345,0.709,1.205,0.275,0.100,0.900,0.654,0.580
2580,86.000,504.906,31.321,7.974,2.685,2,1,1,490.159,3.079,4,0,0.897,4,95.189,1083.668,0.967,0.471,4.219,0.770,1.506,0.872,0.118,0.882,0.948,0.700
2583,86.100,499.461,0.000,3.008,0.000,2,1,0,499.461,3.065,4,0,0.897,3,72.277,1413.380,0.967,0.471,7.495,0.780,1.670,0.323,0.150,0.850,0.984,0.700
2586,86.200,539.812,0.000,29.658,0.000,2,1,0,539.812,3.058,4,0,0.897,3,66.573,1496.817,0.967,0.471,10.116,0.493,1.405,0.005,0.156,0.844,1.000,0.700
2589,86.300,0.000,0.000,0.000,0.000,0,0,0,0.000,0.000,4,0,0.897,0,66.573,1496.817,0.933,0.471,12.586,0.563,1.201,0.101,0.159,0.841,0.443,0.650
2592,86.400,0.000,580.904,0.000,549.584,1,0,1,0.000,0.719,4,0,0.897,3,0.000,903.914,0.933,0.466,14.388,0.439,0.945,0.056,0.165,0.835,0.966,0.650
2595,86.500,189.789,0.000,-350.023,0.000,1,1,0,0.000,2.843,4,0,0.897,3,0.000,505.924,0.933,0.457,15.377,0.656,0.665,0.020,0.171,0.829,0.951,0.500
2598,86.600,0.000,79.624,0.000,-501.280,1,0,1,0.000,0.878,4,0,0.897,3,28.231,534.144,0.933,0.457,16.154,0.589,0.403,0.192,0.177,0.823,0.956,0.580
2601,86.700,25.060,0.000,-164.729,0.000,1,1,0,0.000,2.585,3,1,0.862,2,0.000,669.489,0.933,0.457,16.408,0.654,0.123,0.027,0.176,0.824,0.725,0.750
2604,86.800,7.616,0.000,-17.444,0.000,1,1,0,0.000,2.216,3,0,0.862,2,102.650,802.277,0.933,0.457,15.979,0.606,0.299,0.053,0.177,0.823,0.632,0.580
2607,86.900,0.000,17.000,0.000,-62.624,1,0,1,0.000,1.090,3,0,0.897,2,104.202,941.350,0.933,0.457,14.750,0.601,1.272,0.007,0.180,0.820,0.684,0.580
2610,87.000,4.243,0.000,-3.373,0.000,1,1,0,0.000,2.004,3,0,0.897,2,108.167,1052.955,0.933,0.454,16.248,0.776,3.097,0.155,0.181,0.819,0.601,0.700
2613,87.100,7.071,0.000,2.828,0.000,1,1,0,0.000,1.700,3,0,0.897,2,106.892,1194.469,0.933,0.454,13.736,0.734,4.209,0.117,0.176,0.824,0.620,0.700
2616,87.200,3.000,0.000,-4.071,0.000,1,1,0,0.000,1.332,3,0,0.931,2,119.000,1259.014,0.933,0.463,12.949,0.497,4.111,0.098,0.184,0.816,0.614,0.700
2619,87.300,0.000,10.770,0.000,-6.230,1,0,1,0.000,1.388,3,0,0.931,2,0.000,1008.444,0.967,0.463,11.671,0.527,4.258,0.045,0.192,0.808,0.659,0.700
2622,87.400,10.630,0.000,7.630,0.000,1,1,0,0.000,1.229,3,0,0.931,2,83.528,1096.270,0.967,0.463,9.489,0.820,4.427,0.022,0.204,0.796,0.638,0.700
2625,87.500,15.033,0.000,4.403,0.000,1,1,0,0.000,1.123,3,0,0.931,2,120.017,1243.140,0.967,0.471,5.812,0.657,4.708,0.150,0.192,0.808,0.619,0.700
2628,87.600,18.439,0.000,3.406,0.000,1,1,0,0.000,1.306,3,0,0.931,2,107.517,1341.544,0.967,0.471,4.210,0.557,5.273,0.482,0.175,0.825,0.605,0.700
2631,87.700,0.000,26.926,0.000,16.155,1,0,1,0.000,1.490,3,0,0.931,2,0.000,1353.074,0.967,0.471,3.509,0.675,4.650,0.693,0.189,0.811,0.626,0.700
2634,87.800,0.000,11.045,0.000,-15.880,1,0,1,0.000,1.696,3,0,0.966,2,73.171,1368.638,0.967,0.480,4.444,0.723,3.368,0.228,0.200,0.800,0.558,0.700
2637,87.900,0.000,37.643,0.000,26.598,1,0,1,0.000,1.828,3,0,0.966,2,0.000,1314.580,0.967,0.480,5.628,0.746,2.140,0.628,0.211,0.789,0.734,0.700
2640,88.000,0.000,28.792,0.000,-8.851,1,0,1,0.000,1.852,3,0,0.966,2,0.000,1683.890,0.967,0.488,7.019,0.670,1.334,2.576,0.216,0.784,0.725,0.580
2643,88.100,0.000,22.561,0.000,-6.231,1,0,1,0.000,1.702,3,0,0.966,2,0.000,1825.358,0.967,0.488,6.936,0.753,0.827,0.191,0.218,0.782,0.682,0.580
2646,88.200,0.000,19.647,0.000,-2.914,1,0,1,0.000,1.777,3,0,0.966,2,0.000,1875.994,0.967,0.497,5.778,0.618,0.459,1.787,0.202,0.798,0.646,0.580
2649,88.300,113.283,16.000,94.844,-3.647,2,1,1,62.241,1.784,3,0,0.966,4,54.120,2129.668,0.967,0.471,3.598,0.508,0.155,1.910,0.182,0.818,0.850,0.650
2652,88.400,54.406,0.000,-58.877,0.000,1,1,0,0.000,1.667,3,0,0.966,2,0.000,2075.394,0.967,0.463,3.989,0.577,0.116,0.542,0.187,0.813,0.745,0.650
2655,88.500,83.546,0.000,29.141,0.000,1,1,0,0.000,1.621,3,0,0.966,2,55.218,2130.188,0.967,0.454,6.470,0.277,0.352,2.033,0.198,0.802,0.828,0.550
2658,88.600,49.497,0.000,-34.049,0.000,1,1,0,0.000,1.778,3,0,0.966,2,0.000,1827.179,0.967,0.454,4.207,0.467,0.619,1.076,0.186,0.814,0.758,0.580
2661,88.700,59.059,0.000,9.562,0.000,1,1,0,0.000,2.001,3,0,0.966,2,191.463,1994.824,0.967,0.463,4.575,0.753,0.915,0.534,0.214,0.786,0.748,0.750
2664,88.800,25.962,0.000,-33.098,0.000,1,1,0,0.000,1.811,3,0,0.966,2,161.771,2159.247,0.967,0.463,3.006,0.638,1.259,0.785,0.170,0.830,0.611,0.750
2667,88.900,14.213,0.000,-11.749,0.000,1,1,0,0.000,1.653,3,0,0.966,2,153.688,2225.347,0.967,0.463,3.373,0.664,1.719,1.019,0.168,0.832,0.553,0.750
2670,89.000,12.166,0.000,-2.047,0.000,1,1,0,0.000,1.361,3,0,0.966,2,0.000,2205.209,0.967,0.471,3.146,0.613,2.282,0.857,0.214,0.786,0.539,0.700
2673,89.100,8.944,0.000,-3.221,0.000,1,1,0,0.000,1.460,3,0,0.966,2,0.000,2181.549,0.967,0.479,2.977,0.658,2.544,0.112,0.186,0.814,0.514,0.700
2676,89.200,0.000,37.108,0.000,21.108,1,0,1,0.000,1.666,3,0,0.966,2,12.649,2178.725,0.967,0.479,2.495,0.825,2.203,0.988,0.206,0.794,0.647,0.700
2679,89.300,0.000,14.866,0.000,-22.242,1,0,1,0.000,1.422,3,0,0.966,1,15.652,2179.344,1.000,0.487,1.291,0.756,1.796,0.255,0.158,0.842,0.442,0.700
2682,89.400,0.000,7.810,0.000,-7.056,1,0,1,0.000,1.569,4,1,0.931,2,31.623,2047.030,1.000,0.487,1.135,0.657,1.567,1.014,0.115,0.885,0.536,0.750
2685,89.500,0.000,1.000,0.000,-6.810,1,0,1,0.000,1.531,4,0,0.931,3,128.363,1977.845,1.000,0.487,1.062,0.863,1.455,2.913,0.127,0.873,0.527,0.713
2688,89.600,0.000,2.236,0.000,1.236,1,0,1,0.000,1.751,4,0,0.966,3,29.682,1941.977,1.000,0.487,1.076,0.839,1.435,0.166,0.139,0.861,0.536,0.700
2691,89.700,0.000,5.385,0.000,3.149,1,0,1,0.000,1.769,3,1,0.931,1,4.123,1554.135,1.000,0.487,0.967,0.891,1.440,0.107,0.124,0.876,0.372,0.750
2694,89.800,0.000,1.000,0.000,-4.385,1,0,1,0.000,1.661,3,0,0.931,1,4.472,1462.715,1.000,0.496,1.256,0.872,1.430,1.317,0.135,0.865,0.356,0.700
2697,89.900,0.000,3.606,0.000,2.606,1,0,1,0.000,1.506,3,0,0.931,1,5.000,1011.449,1.000,0.496,0.895,0.824,1.336,0.220,0.112,0.888,0.365,0.580
2700,90.000,0.000,5.831,0.000,2.225,1,0,1,0.000,1.531,3,0,0.931,1,8.246,995.337,1.000,0.504,0.819,0.785,1.286,0.103,0.110,0.890,0.378,0.580
2703,90.100,0.000,5.099,0.000,-0.732,1,0,1,0.000,1.550,3,0,0.931,1,2.000,488.480,1.000,0.504,1.072,0.796,1.485,0.665,0.149,0.851,0.379,0.700
2706,90.200,0.000,4.472,0.000,-0.627,1,0,1,0.000,1.473,3,0,0.931,1,7.071,490.170,1.000,0.513,1.155,0.897,1.584,0.597,0.166,0.834,0.371,0.700
2709,90.300,0.000,4.123,0.000,-0.349,1,0,1,0.000,1.728,3,0,0.931,1,7.071,497.044,1.000,0.513,1.045,0.815,1.861,0.196,0.144,0.856,0.372,0.700
2712,90.400,0.000,5.831,0.000,1.708,1,0,1,0.000,1.749,3,0,0.931,2,153.734,1059.557,1.000,0.513,1.386,0.417,2.192,0.348,0.130,0.870,0.478,0.750
2715,90.500,34.015,0.000,25.070,0.000,1,1,0,0.000,1.311,3,0,0.931,2,0.000,1114.648,1.000,0.513,1.222,0.305,2.631,0.677,0.129,0.871,0.638,0.700
2718,90.600,25.495,0.000,-8.520,0.000,1,1,0,0.000,1.229,3,0,0.931,2,0.000,1139.649,1.000,0.513,1.202,0.408,2.521,0.464,0.102,0.898,0.583,0.700
2721,90.700,10.296,0.000,-15.199,0.000,1,1,0,0.000,1.079,3,0,0.931,2,0.000,1154.039,1.000,0.513,1.284,0.785,2.434,2.175,0.144,0.856,0.474,0.700
2724,90.800,16.492,0.000,6.197,0.000,1,1,0,0.000,0.871,3,0,0.931,2,6.708,866.269,1.000,0.513,1.434,0.891,2.321,0.218,0.169,0.831,0.505,0.700
2727,90.900,4.472,0.000,-12.020,0.000,1,1,0,0.000,0.803,3,0,0.931,2,27.019,928.390,1.000,0.513,1.521,0.875,1.900,0.887,0.177,0.823,0.442,0.700
2730,91.000,2.000,0.000,-2.472,0.000,1,1,0,0.000,0.741,3,0,0.931,2,43.417,1005.115,1.000,0.513,1.310,0.951,1.579,0.085,0.159,0.841,0.417,0.700
2733,91.100,7.000,0.000,5.000,0.000,1,1,0,0.000,0.676,3,0,0.931,2,4.472,1017.587,1.000,0.513,1.759,0.911,1.391,0.284,0.184,0.816,0.459,0.580
2736,91.200,9.000,0.000,2.000,0.000,1,1,0,0.000,0.362,3,0,0.931,2,156.179,1437.099,1.000,0.513,2.071,0.935,1.240,0.134,0.172,0.828,0.476,0.750
2739,91.300,15.811,0.000,6.811,0.000,1,1,0,0.000,0.267,3,0,0.931,2,154.029,1833.310,1.000,0.513,2.097,0.846,1.037,0.455,0.159,0.841,0.521,0.750
2742,91.400,14.765,0.000,-1.047,0.000,1,1,0,0.000,0.268,3,0,0.931,2,0.000,1840.457,1.000,0.513,2.383,0.857,0.877,0.580,0.174,0.826,0.522,0.580
2745,91.500,17.029,0.000,2.265,0.000,1,1,0,0.000,0.206,3,0,0.931,2,15.297,1407.679,1.000,0.521,2.605,0.877,0.673,0.566,0.170,0.830,0.538,0.000
2748,91.600,5.099,0.000,-11.930,0.000,1,1,0,0.000,0.236,3,0,0.931,2,6.403,1217.589,1.000,0.521,1.224,0.827,0.462,0.655,0.116,0.884,0.441,0.580
2751,91.700,4.472,0.000,-0.627,0.000,1,1,0,0.000,0.372,2,1,0.897,1,3.162,1222.990,1.000,0.530,0.554,0.695,0.314,1.280,0.086,0.914,0.400,0.750
2754,91.800,5.831,0.000,1.359,0.000,1,1,0,0.000,0.697,3,1,0.862,2,31.765,1221.087,1.000,0.530,0.760,0.580,0.188,0.395,0.097,0.903,0.451,0.750
2757,91.900,1.414,0.000,-4.417,0.000,1,1,0,0.000,1.059,2,1,0.828,1,6.000,1234.944,1.000,0.530,0.718,0.651,0.072,0.454,0.104,0.896,0.390,0.750
2760,92.000,1.000,0.000,-0.414,0.000,1,1,0,0.000,1.354,3,1,0.793,1,3.000,1250.309,1.000,0.538,0.711,0.770,0.033,0.185,0.112,0.888,0.349,0.750
2763,92.100,5.000,0.000,4.000,0.000,1,1,0,0.000,1.394,3,0,0.793,1,1.414,1262.619,1.000,0.538,0.837,0.747,0.205,0.690,0.103,0.897,0.376,0.580
2766,92.200,7.071,0.000,2.071,0.000,1,1,0,0.000,1.471,3,0,0.793,2,7.071,1284.587,1.000,0.538,0.894,0.289,0.569,1.272,0.091,0.909,0.481,0.580
2769,92.300,18.385,0.000,11.314,0.000,1,1,0,0.000,1.525,3,0,0.828,2,184.589,1844.394,1.000,0.538,1.552,0.898,1.771,1.413,0.167,0.833,0.518,0.750
2772,92.400,47.854,0.000,29.469,0.000,1,1,0,0.000,1.536,3,0,0.828,2,190.707,2440.064,1.000,0.538,2.023,0.540,1.610,1.348,0.115,0.885,0.703,0.750
2775,92.500,53.151,0.000,5.297,0.000,1,1,0,0.000,1.388,3,0,0.828,2,132.306,2586.684,1.000,0.538,3.635,0.828,1.431,0.080,0.169,0.831,0.723,0.735
2778,92.600,0.000,24.597,0.000,18.766,1,0,1,0.000,1.865,3,0,0.862,2,133.135,2732.650,1.000,0.538,1.770,0.848,2.138,0.014,0.153,0.847,0.562,0.740
2781,92.700,0.000,17.000,0.000,-7.597,1,0,1,0.000,2.031,3,0,0.862,2,126.732,3202.859,1.000,0.538,1.441,0.944,1.538,0.033,0.167,0.833,0.504,0.704
2784,92.800,0.000,14.866,0.000,-2.134,1,0,1,0.000,2.246,2,1,0.828,1,6.000,3171.399,1.000,0.538,0.662,0.828,0.815,0.041,0.109,0.891,0.451,0.750
2787,92.900,0.000,15.620,0.000,0.754,1,0,1,0.000,2.343,3,1,0.793,1,4.243,3094.379,1.000,0.547,0.637,0.307,0.272,0.032,0.090,0.910,0.461,0.750
2790,93.000,0.000,19.698,0.000,4.077,1,0,1,0.000,2.548,2,1,0.759,1,21.401,2996.258,1.000,0.547,0.829,0.835,0.272,0.530,0.136,0.864,0.482,0.750
2793,93.100,0.000,2.236,0.000,-17.462,1,0,1,0.000,2.324,2,0,0.759,1,25.060,2882.864,1.000,0.556,0.524,0.654,0.736,0.025,0.099,0.901,0.390,0.580
2796,93.200,0.000,7.280,0.000,5.044,1,0,1,0.000,2.248,3,1,0.724,1,26.926,2803.164,1.000,0.565,0.294,0.250,0.871,0.755,0.053,0.947,0.410,0.750
2799,93.300,0.000,9.487,0.000,2.207,1,0,1,0.000,2.279,4,1,0.690,3,103.600,2993.815,1.000,0.565,0.387,0.151,0.735,0.172,0.068,0.932,0.607,0.750
2802,93.400,16.401,0.000,-36.750,0.000,1,1,0,0.000,1.128,3,1,0.655,2,137.768,2992.757,1.000,0.556,0.267,0.235,0.716,0.656,0.050,0.950,0.621,0.750
2805,93.500,0.000,9.487,0.000,0.000,1,0,1,0.000,2.466,3,0,0.655,2,141.662,2833.879,1.000,0.547,0.385,0.651,0.648,1.505,0.076,0.924,0.557,0.750
2808,93.600,0.000,3.606,0.000,-5.881,1,0,1,0.000,2.510,3,0,0.655,2,140.161,2722.364,1.000,0.538,0.329,0.757,0.598,0.754,0.071,0.929,0.515,0.750
2811,93.700,0.000,8.944,0.000,5.339,1,0,1,0.000,2.599,3,0,0.655,2,140.730,2713.319,1.000,0.530,0.534,0.164,0.598,0.004,0.080,0.920,0.592,0.750
2814,93.800,0.000,12.042,0.000,3.097,1,0,1,0.000,2.610,4,1,0.621,3,140.460,2631.024,1.000,0.530,1.562,0.566,0.582,1.345,0.166,0.834,0.621,0.750
2817,93.900,0.000,15.811,0.000,3.770,1,0,1,0.000,2.594,3,1,0.586,1,31.953,2339.137,1.000,0.530,2.104,0.550,0.593,1.000,0.189,0.811,0.482,0.750
2820,94.000,0.000,23.854,0.000,8.042,1,0,1,0.000,2.868,3,0,0.586,1,7.211,2332.487,1.000,0.538,2.000,0.751,0.619,1.020,0.184,0.816,0.510,0.350
2823,94.100,0.000,8.246,0.000,-15.608,1,0,1,0.000,2.869,3,0,0.586,2,99.489,2514.487,1.000,0.538,3.074,0.863,0.785,0.402,0.233,0.767,0.502,0.553
2826,94.200,0.000,10.050,0.000,1.804,1,0,1,0.000,2.500,4,1,0.552,3,32.280,2465.650,1.000,0.530,3.626,0.904,0.684,0.473,0.245,0.755,0.638,0.750
2829,94.300,0.000,7.000,0.000,-3.050,1,0,1,0.000,2.120,4,0,0.552,3,0.000,2236.475,1.000,0.530,4.136,0.916,0.471,0.247,0.249,0.751,0.633,0.350
2832,94.400,0.000,7.211,0.000,0.211,1,0,1,0.000,1.883,4,0,0.552,3,0.000,1921.794,1.000,0.521,3.429,0.922,0.083,0.333,0.239,0.761,0.616,0.350
2835,94.500,0.000,1.414,0.000,-5.797,1,0,1,0.000,1.531,4,0,0.552,3,25.632,1662.237,1.000,0.521,3.130,0.928,0.273,0.007,0.230,0.770,0.576,0.580
2838,94.600,0.000,5.385,0.000,3.971,1,0,1,0.000,1.317,4,0,0.586,3,0.000,1376.168,1.000,0.513,3.060,0.931,0.643,0.000,0.226,0.774,0.596,0.350
2841,94.700,0.000,5.099,0.000,-0.286,1,0,1,0.000,1.243,4,0,0.621,3,0.000,1075.274,1.000,0.513,3.091,0.891,0.897,0.066,0.231,0.769,0.598,0.580
2844,94.800,0.000,6.325,0.000,1.226,1,0,1,0.000,1.063,3,1,0.621,2,0.000,749.737,1.000,0.504,3.231,0.888,1.130,0.192,0.244,0.756,0.494,0.750
2847,94.900,0.000,1.414,0.000,-4.910,1,0,1,0.000,0.912,3,0,0.655,2,0.000,403.214,1.000,0.504,3.418,0.943,1.364,0.142,0.254,0.746,0.467,0.580
2850,95.000,0.000,4.472,0.000,3.058,1,0,1,0.000,1.130,3,0,0.655,2,0.000,384.309,1.000,0.496,3.274,0.958,1.609,0.036,0.264,0.736,0.480,0.700
2853,95.100,0.000,2.000,0.000,-2.472,1,0,1,0.000,1.256,4,1,0.621,3,3.606,91.569,1.000,0.487,2.690,0.949,1.831,0.009,0.253,0.747,0.567,0.750
2856,95.200,0.000,3.000,0.000,1.000,1,0,1,0.000,1.133,4,0,0.621,3,1.000,76.418,1.000,0.487,1.809,0.915,2.009,0.032,0.213,0.787,0.553,0.700
2859,95.300,0.000,2.236,0.000,-0.764,1,0,1,0.000,1.363,4,0,0.621,2,4.123,72.364,1.000,0.487,1.653,0.926,2.111,0.416,0.199,0.801,0.499,0.700
2862,95.400,0.000,12.166,0.000,9.929,1,0,1,0.000,1.492,4,0,0.621,2,5.000,54.129,1.000,0.487,1.310,0.900,2.116,0.194,0.164,0.836,0.547,0.700
2865,95.500,0.000,16.155,0.000,3.990,1,0,1,0.000,1.393,4,0,0.621,2,4.472,48.880,1.000,0.487,0.896,0.706,2.037,0.478,0.115,0.885,0.573,0.700
2868,95.600,0.000,0.000,0.000,0.000,0,0,0,0.000,0.000,4,0,0.621,0,4.472,48.880,0.967,0.487,0.702,0.776,2.920,0.458,0.109,0.891,0.249,0.700
2871,95.700,0.000,0.000,0.000,0.000,0,0,0,0.000,0.000,3,1,0.621,0,4.472,48.880,0.933,0.487,0.341,0.414,1.995,2.106,0.064,0.936,0.262,0.750
2874,95.800,0.000,0.000,0.000,0.000,0,0,0,0.000,0.000,3,0,0.655,0,4.472,48.880,0.900,0.487,0.477,0.591,1.210,0.828,0.091,0.909,0.249,0.580
2877,95.900,0.000,0.000,0.000,0.000,0,0,0,0.000,0.000,4,1,0.655,0,4.472,48.880,0.867,0.487,0.666,0.835,0.620,0.033,0.114,0.886,0.232,0.750
2880,96.000,0.000,0.000,0.000,0.000,0,0,0,0.000,0.000,4,0,0.655,0,4.472,48.880,0.833,0.487,0.915,0.868,0.309,0.258,0.143,0.857,0.232,0.580
2883,96.100,0.000,22.804,0.000,6.648,1,0,1,0.000,1.539,3,1,0.655,2,19.647,50.944,0.833,0.384,1.048,0.863,0.084,0.927,0.156,0.844,0.612,0.750
2886,96.200,0.000,12.649,0.000,-10.154,1,0,1,0.000,1.474,3,0,0.690,2,23.537,46.399,0.833,0.376,0.464,0.361,0.134,0.936,0.088,0.912,0.577,0.350
2889,96.300,0.000,14.866,0.000,2.217,1,0,1,0.000,1.547,4,1,0.690,3,10.440,42.255,0.833,0.369,1.214,0.868,0.407,0.186,0.151,0.849,0.587,0.750
2892,96.400,0.000,0.000,0.000,0.000,0,0,0,0.000,0.000,4,0,0.690,0,10.440,42.255,0.800,0.369,0.839,0.740,0.673,0.071,0.105,0.895,0.235,0.650
2895,96.500,0.000,0.000,0.000,0.000,0,0,0,0.000,0.000,4,0,0.690,0,10.440,42.255,0.767,0.369,0.788,0.774,1.038,0.159,0.119,0.881,0.228,0.580
2898,96.600,0.000,0.000,0.000,0.000,0,0,0,0.000,0.000,4,0,0.690,0,10.440,42.255,0.733,0.369,0.693,0.348,1.488,0.855,0.107,0.893,0.251,0.700
2901,96.700,0.000,0.000,0.000,0.000,0,0,0,0.000,0.000,4,0,0.724,0,10.440,42.255,0.700,0.369,0.735,0.762,2.147,1.004,0.117,0.883,0.219,0.700
2904,96.800,0.000,0.000,0.000,0.000,0,0,0,0.000,0.000,3,1,0.724,0,10.440,42.255,0.667,0.369,0.697,0.849,2.920,0.228,0.129,0.871,0.208,0.750
2907,96.900,0.000,0.000,0.000,0.000,0,0,0,0.000,0.000,4,1,0.690,0,10.440,42.255,0.633,0.369,0.834,0.914,3.068,0.776,0.136,0.864,0.203,0.750
2910,97.000,0.000,0.000,0.000,0.000,0,0,0,0.000,0.000,3,1,0.655,0,10.440,42.255,0.600,0.369,0.528,0.539,2.706,0.403,0.096,0.904,0.217,0.750
2913,97.100,0.000,0.000,0.000,0.000,0,0,0,0.000,0.000,3,0,0.690,0,10.440,42.255,0.567,0.369,0.596,0.618,2.288,0.075,0.097,0.903,0.210,0.700
2916,97.200,0.000,0.000,0.000,0.000,0,0,0,0.000,0.000,4,1,0.655,0,10.440,42.255,0.533,0.369,0.808,0.840,1.845,0.745,0.128,0.872,0.195,0.750
2919,97.300,0.000,0.000,0.000,0.000,0,0,0,0.000,0.000,3,1,0.621,0,10.440,42.255,0.500,0.369,0.934,0.970,1.451,0.952,0.143,0.857,0.185,0.750
2922,97.400,0.000,0.000,0.000,0.000,0,0,0,0.000,0.000,3,0,0.621,0,10.440,42.255,0.467,0.369,1.154,0.962,1.215,0.380,0.156,0.844,0.188,0.580
2925,97.500,0.000,0.000,0.000,0.000,0,0,0,0.000,0.000,4,1,0.586,0,10.440,42.255,0.433,0.369,0.587,0.687,1.021,2.264,0.100,0.900,0.189,0.750
2928,97.600,0.000,0.000,0.000,0.000,0,0,0,0.000,0.000,3,1,0.552,0,10.440,42.255,0.400,0.369,0.503,0.407,0.922,1.620,0.099,0.901,0.202,0.750
2931,97.700,0.000,0.000,0.000,0.000,0,0,0,0.000,0.000,4,1,0.552,0,10.440,42.255,0.367,0.369,1.156,0.954,0.862,0.164,0.169,0.831,0.176,0.750
2934,97.800,0.000,0.000,0.000,0.000,0,0,0,0.000,0.000,4,0,0.552,0,10.440,42.255,0.333,0.369,0.973,0.895,0.676,1.229,0.150,0.850,0.172,0.580
2937,97.900,0.000,0.000,0.000,0.000,0,0,0,0.000,0.000,3,1,0.517,0,10.440,42.255,0.300,0.369,0.725,0.849,0.624,0.155,0.129,0.871,0.165,0.750
2940,98.000,0.000,0.000,0.000,0.000,0,0,0,0.000,0.000,4,1,0.517,0,10.440,42.255,0.267,0.369,0.947,0.916,0.544,0.907,0.154,0.846,0.162,0.750
2943,98.100,0.000,2.236,0.000,-12.630,1,0,1,0.000,1.706,3,1,0.483,2,13.038,42.290,0.267,0.248,0.716,0.858,0.441,1.027,0.128,0.872,0.422,0.750
2946,98.200,0.000,0.000,0.000,0.000,0,0,0,0.000,0.000,3,0,0.483,0,13.038,42.290,0.233,0.248,0.824,0.912,0.313,0.698,0.135,0.865,0.155,0.650
2949,98.300,0.000,0.000,0.000,0.000,0,0,0,0.000,0.000,4,1,0.448,0,13.038,42.290,0.200,0.248,0.554,0.214,0.152,2.549,0.093,0.907,0.193,0.750
2952,98.400,0.000,0.000,0.000,0.000,0,0,0,0.000,0.000,3,1,0.414,0,13.038,42.290,0.167,0.248,0.407,0.547,0.013,0.814,0.076,0.924,0.162,0.750
2955,98.500,0.000,0.000,0.000,0.000,0,0,0,0.000,0.000,3,0,0.414,0,13.038,42.290,0.133,0.248,0.870,0.889,0.031,1.449,0.143,0.857,0.146,0.580
2958,98.600,0.000,0.000,0.000,0.000,0,0,0,0.000,0.000,3,0,0.448,0,13.038,42.290,0.133,0.248,0.912,0.930,0.245,1.869,0.144,0.856,0.144,0.580
2961,98.700,0.000,0.000,0.000,0.000,0,0,0,0.000,0.000,4,1,0.414,0,13.038,42.290,0.133,0.248,0.649,0.724,0.369,0.842,0.116,0.884,0.152,0.750
2964,98.800,0.000,0.000,0.000,0.000,0,0,0,0.000,0.000,4,0,0.448,0,13.038,42.290,0.133,0.248,1.191,0.910,0.204,1.654,0.159,0.841,0.152,0.580
2967,98.900,0.000,0.000,0.000,0.000,0,0,0,0.000,0.000,3,1,0.414,0,13.038,42.290,0.133,0.248,0.674,0.710,0.143,1.790,0.116,0.884,0.153,0.750
2970,99.000,0.000,0.000,0.000,0.000,0,0,0,0.000,0.000,4,1,0.414,0,13.038,42.290,0.133,0.248,0.549,0.679,0.181,0.397,0.102,0.898,0.152,0.750
2973,99.100,0.000,0.000,0.000,0.000,0,0,0,0.000,0.000,3,1,0.379,0,13.038,42.290,0.100,0.248,1.161,0.953,0.085,1.320,0.168,0.832,0.144,0.750
2976,99.200,0.000,0.000,0.000,0.000,0,0,0,0.000,0.000,4,1,0.379,0,13.038,42.290,0.067,0.248,0.842,0.816,0.292,1.272,0.131,0.869,0.142,0.750
2979,99.300,0.000,0.000,0.000,0.000,0,0,0,0.000,0.000,4,0,0.379,0,13.038,42.290,0.033,0.248,1.178,0.929,0.022,0.094,0.167,0.833,0.138,0.580
2982,99.400,0.000,0.000,0.000,0.000,0,0,0,0.000,0.000,3,1,0.345,0,13.038,42.290,0.033,0.248,1.076,0.970,0.127,1.222,0.167,0.833,0.133,0.750
2985,99.500,0.000,0.000,0.000,0.000,0,0,0,0.000,0.000,4,1,0.310,0,13.038,42.290,0.033,0.248,0.588,0.507,0.285,0.185,0.098,0.902,0.153,0.750
2988,99.600,0.000,0.000,0.000,0.000,0,0,0,0.000,0.000,4,0,0.310,0,13.038,42.290,0.033,0.248,1.248,0.965,0.107,0.278,0.171,0.829,0.138,0.580
2991,99.700,0.000,0.000,0.000,0.000,0,0,0,0.000,0.000,3,1,0.310,0,13.038,42.290,0.033,0.248,1.012,0.972,0.277,0.277,0.163,0.837,0.131,0.750
2994,99.800,0.000,0.000,0.000,0.000,0,0,0,0.000,0.000,3,0,0.345,0,13.038,42.290,0.033,0.248,0.806,0.966,0.311,0.280,0.145,0.855,0.126,0.580
2997,99.900,0.000,0.000,0.000,0.000,0,0,0,0.000,0.000,4,1,0.345,0,13.038,42.290,0.033,0.248,1.734,0.983,0.427,0.474,0.210,0.790,0.149,0.750
3000,100.000,0.000,0.000,0.000,0.000,0,0,0,0.000,0.000,4,0,0.345,0,13.038,42.290,0.033,0.248,1.949,0.980,0.903,0.206,0.213,0.787,0.154,0.580
3003,100.100,0.000,0.000,0.000,0.000,0,0,0,0.000,0.000,4,0,0.379,0,13.038,42.290,0.033,0.248,2.417,0.973,1.156,0.165,0.227,0.773,0.166,0.580
3006,100.200,0.000,0.000,0.000,0.000,0,0,0,0.000,0.000,4,0,0.414,0,13.038,42.290,0.033,0.248,3.999,0.903,1.544,0.113,0.263,0.737,0.211,0.700
3009,100.300,0.000,47.539,0.000,45.303,1,0,1,0.000,1.892,4,0,0.414,3,0.000,89.394,0.067,0.240,4.847,0.934,2.585,0.431,0.248,0.752,0.749,0.700
3012,100.400,0.000,0.000,0.000,0.000,0,0,0,0.000,0.000,4,0,0.448,0,0.000,89.394,0.067,0.240,10.510,0.961,3.324,0.068,0.255,0.745,0.311,0.700
3015,100.500,161.793,0.000,145.392,0.000,1,1,0,0.000,1.089,4,0,0.483,3,0.000,363.188,0.100,0.240,16.478,0.845,6.662,0.583,0.264,0.736,0.838,0.700
3018,100.600,52.773,0.000,-109.020,0.000,1,1,0,0.000,1.178,4,0,0.517,3,0.000,370.475,0.133,0.240,14.024,0.453,11.328,0.599,0.249,0.751,0.869,0.700
3021,100.700,133.454,0.000,80.681,0.000,1,1,0,0.000,1.109,4,0,0.517,3,0.000,858.709,0.167,0.237,13.784,0.311,14.527,1.959,0.216,0.784,0.883,0.700
3024,100.800,102.122,0.000,-31.332,0.000,1,1,0,0.000,1.027,4,1,0.517,3,153.062,2070.669,0.200,0.234,11.782,0.425,19.875,0.890,0.186,0.814,0.879,0.750
3027,100.900,87.201,0.000,-14.922,0.000,1,1,0,0.000,1.021,4,0,0.552,3,70.456,3036.295,0.233,0.234,11.872,0.279,21.452,0.333,0.177,0.823,0.893,0.700
3030,101.000,32.573,0.000,-54.628,0.000,1,1,0,0.000,1.102,4,0,0.586,3,0.000,3639.898,0.267,0.234,12.668,0.528,23.701,0.576,0.181,0.819,0.811,0.700
3033,101.100,27.731,0.000,-4.842,0.000,1,1,0,0.000,1.104,5,0,0.586,3,0.000,3639.898,0.267,0.234,14.061,0.742,26.553,0.585,0.142,0.858,0.742,0.700
3036,101.200,20.025,0.000,-7.706,0.000,1,1,0,0.000,1.115,5,0,0.621,3,41.231,3695.244,0.300,0.234,11.543,0.752,27.528,0.201,0.121,0.879,0.703,0.700
3039,101.300,17.889,0.000,-2.136,0.000,1,1,0,0.000,0.843,5,0,0.655,3,37.216,3699.219,0.333,0.234,10.787,0.770,29.798,0.061,0.116,0.884,0.694,0.700
3042,101.400,0.000,199.650,0.000,152.110,1,0,1,0.000,1.878,4,0,0.655,3,33.601,3513.508,0.367,0.234,7.784,0.820,33.758,0.107,0.123,0.877,0.866,0.700
3045,101.500,0.000,17.464,0.000,-182.185,1,0,1,0.000,1.862,4,0,0.655,3,24.083,3311.019,0.400,0.234,7.044,0.456,29.536,0.600,0.122,0.878,0.724,0.700
3048,101.600,59.304,0.000,41.416,0.000,1,1,0,0.000,0.530,4,0,0.690,3,0.000,2934.059,0.433,0.231,5.739,0.577,23.752,1.307,0.131,0.869,0.840,0.700
3051,101.700,22.204,0.000,-37.101,0.000,1,1,0,0.000,0.686,3,1,0.655,2,0.000,2856.024,0.467,0.234,9.240,0.723,18.087,0.171,0.147,0.853,0.649,0.750
3054,101.800,1.414,0.000,-20.789,0.000,1,1,0,0.000,0.947,3,0,0.690,2,44.721,2404.160,0.500,0.234,6.899,0.914,10.945,0.240,0.146,0.854,0.496,0.700
3057,101.900,0.000,44.688,0.000,27.224,1,0,1,0.000,1.810,3,0,0.724,2,0.000,2084.727,0.533,0.234,6.601,0.691,7.644,0.348,0.145,0.855,0.749,0.700
3060,102.000,6.708,0.000,5.294,0.000,1,1,0,0.000,0.913,3,0,0.759,2,11.402,1452.835,0.567,0.234,7.754,0.751,3.359,0.052,0.151,0.849,0.567,0.700
3063,102.100,14.866,0.000,8.158,0.000,1,1,0,0.000,0.989,3,0,0.793,2,0.000,1345.179,0.600,0.234,9.628,0.661,1.579,0.155,0.162,0.838,0.628,0.700
3066,102.200,32.062,0.000,17.196,0.000,1,1,0,0.000,1.280,3,0,0.793,2,0.000,553.319,0.633,0.223,11.519,0.578,1.126,0.090,0.171,0.829,0.734,0.350
3069,102.300,89.140,0.000,57.078,0.000,1,1,0,0.000,1.240,3,0,0.828,2,0.000,428.219,0.667,0.223,11.277,0.224,0.847,0.076,0.167,0.833,0.834,0.450
3072,102.400,18.028,0.000,-71.113,0.000,1,1,0,0.000,1.325,3,0,0.862,2,0.000,317.988,0.700,0.223,10.759,0.225,0.694,0.127,0.166,0.834,0.688,0.450
3075,102.500,9.487,0.000,-8.541,0.000,1,1,0,0.000,1.337,3,0,0.862,2,0.000,266.438,0.733,0.226,11.949,0.498,0.547,0.342,0.177,0.823,0.626,0.350
3078,102.600,10.000,0.000,0.513,0.000,1,1,0,0.000,1.291,4,1,0.862,3,192.917,899.619,0.767,0.428,12.503,0.556,0.398,0.167,0.175,0.825,0.744,0.750
3081,102.700,20.248,0.000,10.248,0.000,1,1,0,0.000,1.281,4,0,0.862,3,160.112,1342.259,0.800,0.435,14.814,0.562,0.228,0.235,0.166,0.834,0.804,0.750
3084,102.800,16.279,0.000,-3.970,0.000,1,1,0,0.000,1.613,4,0,0.897,3,156.186,1801.729,0.833,0.435,13.792,0.542,0.149,0.090,0.158,0.842,0.787,0.750
3087,102.900,10.000,0.000,-6.279,0.000,1,1,0,0.000,1.486,3,1,0.862,2,55.073,1806.537,0.867,0.444,14.288,0.551,0.066,0.022,0.172,0.828,0.641,0.750
3090,103.000,63.159,0.000,53.159,0.000,1,1,0,0.000,1.345,3,0,0.862,2,55.073,1806.537,0.900,0.444,13.137,0.874,0.080,0.152,0.176,0.824,0.817,0.450
3093,103.100,34.928,0.000,-28.230,0.000,1,1,0,0.000,1.621,3,0,0.862,2,135.359,2031.469,0.933,0.444,8.493,0.824,0.105,0.078,0.172,0.828,0.768,0.750
3096,103.200,61.660,0.000,26.732,0.000,1,1,0,0.000,1.670,3,0,0.862,2,0.000,2035.954,0.967,0.453,6.734,0.608,0.105,0.162,0.188,0.812,0.812,0.450
3099,103.300,44.204,0.000,-17.456,0.000,1,1,0,0.000,1.651,3,0,0.862,2,81.222,2153.214,0.967,0.453,4.999,0.475,0.042,0.029,0.176,0.824,0.773,0.350
3102,103.400,0.000,124.920,0.000,80.232,1,0,1,0.000,1.530,3,0,0.862,2,0.000,2277.319,1.000,0.453,5.522,0.724,0.133,0.295,0.196,0.804,0.777,0.500
3105,103.500,122.691,0.000,78.487,0.000,1,1,0,0.000,1.854,4,1,0.828,3,0.000,3276.329,1.000,0.453,3.760,0.714,0.066,0.150,0.175,0.825,0.849,0.750
3108,103.600,24.083,0.000,-98.607,0.000,1,1,0,0.000,1.664,4,0,0.828,3,0.000,3386.309,1.000,0.453,2.762,0.240,0.037,0.814,0.142,0.858,0.741,0.480
3111,103.700,10.198,0.000,-13.885,0.000,1,1,0,0.000,1.358,4,0,0.862,3,0.000,3028.829,1.000,0.453,1.544,0.603,0.022,1.013,0.110,0.890,0.608,0.580
3114,103.800,7.211,0.000,-2.987,0.000,1,1,0,0.000,1.402,4,0,0.862,3,146.441,2611.710,1.000,0.453,1.401,0.528,0.230,0.492,0.127,0.873,0.593,0.750
3117,103.900,5.385,0.000,-1.826,0.000,1,1,0,0.000,1.311,4,0,0.862,3,25.942,2465.127,1.000,0.453,1.078,0.408,0.487,0.475,0.124,0.876,0.583,0.580
3120,104.000,4.123,0.000,-1.262,0.000,1,1,0,0.000,1.214,4,0,0.862,2,71.847,2552.945,1.000,0.462,0.841,0.487,0.735,0.006,0.103,0.897,0.520,0.580
3123,104.100,6.403,0.000,2.280,0.000,1,1,0,0.000,1.368,3,1,0.828,2,140.132,2695.807,1.000,0.462,0.948,0.525,1.047,1.131,0.116,0.884,0.463,0.750
3126,104.200,2.236,0.000,-4.167,0.000,1,1,0,0.000,1.554,3,0,0.828,1,3.606,2609.224,1.000,0.470,0.889,0.681,1.438,0.061,0.112,0.888,0.367,0.700
3129,104.300,3.000,0.000,0.764,0.000,1,1,0,0.000,1.369,3,0,0.828,1,2.236,2398.837,1.000,0.470,0.833,0.393,1.699,1.348,0.111,0.889,0.390,0.700
3132,104.400,5.000,0.000,2.000,0.000,1,1,0,0.000,1.291,3,0,0.828,1,5.000,2032.898,1.000,0.479,1.070,0.699,1.968,0.218,0.136,0.864,0.386,0.700
3135,104.500,4.243,0.000,-0.757,0.000,1,1,0,0.000,1.323,3,0,0.828,1,2.000,1629.608,1.000,0.479,1.099,0.780,2.320,0.687,0.143,0.857,0.376,0.700
3138,104.600,2.236,0.000,-2.007,0.000,1,1,0,0.000,1.216,3,0,0.862,1,2.236,1537.960,1.000,0.487,0.975,0.848,2.792,0.219,0.137,0.863,0.357,0.700
3141,104.700,4.123,0.000,1.887,0.000,1,1,0,0.000,1.310,2,1,0.828,1,85.329,1641.685,1.000,0.487,1.063,0.898,3.329,0.382,0.144,0.856,0.397,0.750
3144,104.800,2.236,0.000,-1.887,0.000,1,1,0,0.000,1.204,3,1,0.793,1,2.236,1717.784,1.000,0.496,1.523,0.864,3.194,0.605,0.158,0.842,0.370,0.750
3147,104.900,5.657,0.000,3.421,0.000,1,1,0,0.000,1.102,3,0,0.793,2,164.794,2094.235,1.000,0.496,4.648,0.888,3.005,1.732,0.183,0.817,0.525,0.750
3150,105.000,12.530,0.000,6.873,0.000,1,1,0,0.000,0.887,3,0,0.793,2,152.643,2295.245,1.000,0.496,5.740,0.840,2.895,1.271,0.192,0.808,0.594,0.750
3153,105.100,0.000,0.000,-12.530,0.000,1,1,0,0.000,0.856,3,0,0.793,1,26.000,1973.064,1.000,0.496,3.172,0.742,2.462,0.106,0.163,0.837,0.407,0.700
3156,105.200,5.000,0.000,5.000,0.000,1,1,0,0.000,0.998,3,0,0.793,1,3.162,1950.929,1.000,0.504,3.149,0.917,2.040,0.567,0.191,0.809,0.422,0.700
3159,105.300,8.602,0.000,3.602,0.000,1,1,0,0.000,1.078,3,0,0.793,2,129.074,2104.885,1.000,0.504,3.915,0.970,1.646,0.023,0.194,0.806,0.518,0.717
3162,105.400,6.083,0.000,-2.520,0.000,1,1,0,0.000,1.155,3,0,0.793,2,130.817,2179.614,1.000,0.504,2.954,0.931,1.349,0.130,0.192,0.808,0.483,0.727
3165,105.500,5.000,0.000,-1.083,0.000,1,1,0,0.000,1.065,3,0,0.828,2,130.050,2101.519,1.000,0.504,3.212,0.958,1.117,0.118,0.185,0.815,0.481,0.722
3168,105.600,3.606,0.000,-1.394,0.000,1,1,0,0.000,0.849,3,0,0.828,2,0.000,2335.088,1.000,0.504,2.260,0.931,0.911,0.176,0.176,0.824,0.451,0.580
3171,105.700,4.123,0.000,0.518,0.000,1,1,0,0.000,0.590,3,0,0.828,1,3.606,2388.484,1.000,0.513,1.743,0.947,0.746,0.053,0.154,0.846,0.380,0.580
3174,105.800,5.000,0.000,0.877,0.000,1,1,0,0.000,0.584,3,0,0.862,1,128.320,2393.344,1.000,0.513,2.271,0.973,0.599,0.290,0.172,0.828,0.396,0.713
3177,105.900,4.000,0.000,-1.000,0.000,1,1,0,0.000,0.500,3,0,0.862,2,124.016,2396.720,1.000,0.521,1.770,0.962,0.440,0.249,0.151,0.849,0.439,0.689
3180,106.000,2.236,0.000,-1.764,0.000,1,1,0,0.000,0.496,3,0,0.862,1,3.162,2323.637,1.000,0.521,1.830,0.935,0.277,0.842,0.159,0.841,0.373,0.580
3183,106.100,6.325,0.000,4.088,0.000,1,1,0,0.000,0.436,3,0,0.862,2,0.000,2125.944,1.000,0.530,1.946,0.919,0.048,0.912,0.167,0.833,0.459,0.000
3186,106.200,3.162,0.000,-3.162,0.000,1,1,0,0.000,0.338,3,0,0.862,1,3.606,1994.627,1.000,0.530,1.369,0.960,0.234,0.126,0.141,0.859,0.365,0.580
3189,106.300,2.000,0.000,-1.162,0.000,1,1,0,0.000,0.277,3,0,0.862,2,0.000,1768.587,1.000,0.530,1.124,0.932,0.555,0.083,0.134,0.866,0.414,0.580
3192,106.400,3.606,0.000,1.606,0.000,1,1,0,0.000,0.343,3,0,0.897,2,133.825,1768.469,1.000,0.530,0.953,0.909,0.817,0.212,0.120,0.880,0.420,0.743
3195,106.500,1.000,0.000,-2.606,0.000,1,1,0,0.000,0.423,3,0,0.897,1,0.000,1713.948,1.000,0.538,0.965,0.674,0.770,1.666,0.101,0.899,0.363,0.580
3198,106.600,1.414,0.000,0.414,0.000,1,1,0,0.000,0.687,3,0,0.897,1,1.000,1570.188,1.000,0.538,0.568,0.638,0.288,0.482,0.059,0.941,0.357,0.580
3201,106.700,5.000,0.000,3.586,0.000,1,1,0,0.000,0.982,3,0,0.897,1,3.606,1525.250,1.000,0.547,1.631,0.955,0.146,0.105,0.143,0.857,0.382,0.350
3204,106.800,2.828,0.000,-2.172,0.000,1,1,0,0.000,1.022,3,0,0.897,1,2.236,1339.140,1.000,0.547,0.793,0.724,0.004,0.352,0.084,0.916,0.365,0.580
3207,106.900,1.414,0.000,-1.414,0.000,1,1,0,0.000,1.120,3,0,0.897,1,2.828,1311.317,1.000,0.556,0.436,0.337,0.236,0.745,0.061,0.939,0.375,0.580
3210,107.000,4.472,0.000,3.058,0.000,1,1,0,0.000,1.160,3,0,0.931,1,4.123,1078.885,1.000,0.556,1.585,0.949,0.424,0.615,0.172,0.828,0.378,0.580
3213,107.100,1.414,0.000,-3.058,0.000,1,1,0,0.000,1.160,3,0,0.931,1,1.414,1060.779,1.000,0.565,0.999,0.956,0.605,0.644,0.142,0.858,0.346,0.580
3216,107.200,2.236,0.000,0.822,0.000,1,1,0,0.000,1.127,3,0,0.931,1,1.414,1043.187,1.000,0.565,1.302,0.974,0.738,0.456,0.143,0.857,0.357,0.580
3219,107.300,2.828,0.000,0.592,0.000,1,1,0,0.000,1.044,3,0,0.931,2,0.000,770.250,1.000,0.574,1.526,0.950,0.820,0.439,0.167,0.833,0.427,0.580
3222,107.400,0.000,0.000,-2.828,0.000,1,1,0,0.000,0.857,3,0,0.931,1,1.414,461.490,1.000,0.574,1.047,0.783,0.965,0.528,0.129,0.871,0.351,0.580
3225,107.500,1.000,0.000,1.000,0.000,1,1,0,0.000,0.607,3,0,0.931,1,2.236,462.074,1.000,0.583,0.996,0.930,1.065,0.844,0.129,0.871,0.345,0.580
3228,107.600,3.162,0.000,2.162,0.000,1,1,0,0.000,0.530,3,0,0.966,2,124.036,757.344,1.000,0.583,1.420,0.894,1.182,0.593,0.163,0.837,0.430,0.689
3231,107.700,2.000,0.000,-1.162,0.000,1,1,0,0.000,0.322,3,0,1.000,1,2.236,761.854,1.000,0.592,1.432,0.912,1.324,0.182,0.154,0.846,0.363,0.580
3234,107.800,2.828,0.000,0.828,0.000,1,1,0,0.000,0.399,3,0,1.000,1,3.606,771.709,1.000,0.601,1.492,0.942,1.366,0.008,0.171,0.829,0.367,0.580
3237,107.900,1.000,0.000,-1.828,0.000,1,1,0,0.000,0.476,3,0,1.000,1,124.338,1008.144,1.000,0.601,1.216,0.916,1.290,0.219,0.154,0.846,0.352,0.691
3240,108.000,2.000,0.000,1.000,0.000,1,1,0,0.000,0.423,3,0,1.000,1,2.236,1208.075,1.000,0.611,1.187,0.879,1.110,0.383,0.144,0.856,0.359,0.580
3243,108.100,2.828,0.000,0.828,0.000,1,1,0,0.000,0.500,3,0,1.000,2,127.283,1084.338,1.000,0.611,2.052,0.897,1.123,0.447,0.187,0.813,0.444,0.707
3246,108.200,2.236,0.000,-0.592,0.000,1,1,0,0.000,0.607,3,0,1.000,1,1.414,1255.505,1.000,0.621,1.205,0.803,0.780,0.297,0.141,0.859,0.366,0.580
3249,108.300,3.606,0.000,1.369,0.000,1,1,0,0.000,0.547,3,0,1.000,2,123.794,1424.710,1.000,0.621,1.715,0.895,0.741,0.114,0.174,0.826,0.440,0.688
3252,108.400,3.606,0.000,0.000,0.000,1,1,0,0.000,0.556,3,0,1.000,1,2.000,1536.638,1.000,0.631,1.742,0.915,0.520,0.180,0.173,0.827,0.380,0.580
3255,108.500,2.828,0.000,-0.777,0.000,1,1,0,0.000,0.540,3,0,1.000,1,4.472,1616.985,1.000,0.631,1.630,0.845,0.181,0.526,0.163,0.837,0.377,0.580
3258,108.600,0.000,0.000,-2.828,0.000,1,1,0,0.000,0.505,3,0,1.000,1,3.000,1664.598,1.000,0.642,1.551,0.831,0.033,0.758,0.150,0.850,0.361,0.580
3261,108.700,3.162,0.000,3.162,0.000,1,1,0,0.000,0.458,3,0,1.000,2,122.577,1756.959,1.000,0.631,2.055,0.807,0.194,2.595,0.128,0.872,0.452,0.681
3264,108.800,6.083,0.000,2.920,0.000,1,1,0,0.000,0.540,3,0,1.000,2,125.000,1812.588,1.000,0.621,3.506,0.951,0.354,0.732,0.188,0.812,0.495,0.694
3267,108.900,17.263,0.000,11.180,0.000,1,1,0,0.000,0.410,3,0,1.000,2,122.037,1829.967,1.000,0.611,6.198,0.965,0.809,0.077,0.221,0.779,0.623,0.678
3270,109.000,24.083,0.000,6.821,0.000,1,1,0,0.000,0.217,3,0,1.000,2,123.065,1860.885,1.000,0.601,10.764,0.943,1.758,0.110,0.227,0.773,0.708,0.700
3273,109.100,38.118,0.000,14.035,0.000,1,1,0,0.000,0.197,3,0,1.000,2,157.115,2021.675,1.000,0.601,13.036,0.921,3.676,0.376,0.221,0.779,0.787,0.750
3276,109.200,69.871,0.000,31.753,0.000,1,1,0,0.000,0.145,3,0,1.000,2,0.000,2097.379,1.000,0.601,14.054,0.598,6.570,1.584,0.219,0.781,0.848,0.700
3279,109.300,5.000,0.000,-64.871,0.000,1,1,0,0.000,0.555,3,0,1.000,2,0.000,1869.550,1.000,0.592,13.451,0.279,8.903,1.755,0.211,0.789,0.648,0.700
3282,109.400,133.015,0.000,128.015,0.000,1,1,0,0.000,0.569,3,0,1.000,2,0.000,2382.340,1.000,0.592,12.581,0.130,10.740,1.924,0.181,0.819,0.881,0.700
3285,109.500,95.880,0.000,-37.135,0.000,1,1,0,0.000,0.532,5,1,0.966,4,0.000,3295.008,1.000,0.583,10.992,0.314,12.906,1.798,0.153,0.847,0.992,0.750
3288,109.600,178.213,0.000,100.876,0.000,2,1,0,178.213,1.170,5,0,0.966,6,71.589,3391.500,1.000,0.556,10.839,0.285,14.848,0.495,0.143,0.857,1.000,0.700
3291,109.700,17.029,0.000,-161.184,0.000,1,1,0,0.000,1.368,5,0,0.966,3,71.589,3391.500,1.000,0.547,10.955,0.577,15.235,0.605,0.130,0.870,0.782,0.700
3294,109.800,0.000,210.983,0.000,86.063,1,0,1,0.000,1.826,3,1,0.931,2,71.589,3391.500,1.000,0.547,13.236,0.776,17.596,0.198,0.106,0.894,0.836,0.750
3297,109.900,0.000,22.136,0.000,-188.847,1,0,1,0.000,1.804,3,0,0.931,2,71.589,3391.500,1.000,0.547,10.196,0.874,19.738,0.132,0.099,0.901,0.702,0.700
3300,110.000,68.600,0.000,51.571,0.000,1,1,0,0.000,1.388,3,0,0.931,2,71.589,3391.500,1.000,0.538,9.395,0.890,26.097,0.073,0.105,0.895,0.828,0.700
