frame_idx,timestamp,hand_velocity_left,hand_velocity_right,hand_acceleration_left,hand_acceleration_right,hands_present,grip_state_left,grip_state_right,hand_distance,trajectory_curvature,num_tools,tool_changed,tool_stability,num_interactions,contact_point_shift,contact_point_variance,interaction_density,interaction_rhythm,flow_magnitude,flow_uniformity,flow_discontinuity,direction_change,scene_change_score,visual_stability,activity_level,transition_score
0,0.000,0.000,0.000,0.000,0.000,0,0,0,0.000,0.000,0,0,1.000,0,0.000,0.000,0.000,0.000,0.000,1.000,0.000,0.000,0.000,1.000,0.000,0.000
2,0.067,0.000,0.000,0.000,0.000,0,0,0,0.000,0.000,0,0,1.000,0,0.000,0.000,0.000,0.000,0.047,0.936,0.000,2.963,0.016,0.984,0.006,0.550
4,0.133,0.000,0.000,0.000,0.000,0,0,0,0.000,0.000,0,0,1.000,0,0.000,0.000,0.000,0.000,0.106,0.996,0.000,0.484,0.029,0.971,0.003,0.000
6,0.200,0.000,0.000,0.000,0.000,0,0,0,0.000,0.000,0,0,1.000,0,0.000,0.000,0.000,0.000,0.042,0.785,0.000,2.908,0.015,0.985,0.016,0.550
8,0.267,0.000,0.000,0.000,0.000,0,0,0,0.000,0.000,0,0,1.000,0,0.000,0.000,0.000,0.000,0.055,0.861,0.000,2.477,0.017,0.983,0.011,0.550
10,0.334,0.000,0.000,0.000,0.000,0,0,0,0.000,0.000,0,0,1.000,0,0.000,0.000,0.000,0.000,0.043,0.640,0.000,2.059,0.029,0.971,0.026,0.550
12,0.400,0.000,0.000,0.000,0.000,0,0,0,0.000,0.000,0,0,1.000,0,0.000,0.000,0.000,0.000,0.059,0.564,0.000,2.493,0.019,0.981,0.032,0.550
14,0.467,0.000,0.000,0.000,0.000,0,0,0,0.000,0.000,0,0,1.000,0,0.000,0.000,0.000,0.000,0.060,0.019,0.000,1.290,0.040,0.960,0.070,0.000
16,0.534,0.000,0.000,0.000,0.000,0,0,0,0.000,0.000,0,0,1.000,0,0.000,0.000,0.000,0.000,3.434,0.915,0.000,1.279,0.344,0.656,0.092,0.000
18,0.601,0.000,0.000,0.000,0.000,0,0,0,0.000,0.000,0,0,1.000,0,0.000,0.000,0.000,0.000,3.482,0.865,0.000,0.690,0.283,0.717,0.097,0.000
20,0.667,0.000,0.000,0.000,0.000,0,0,0,0.000,0.000,0,0,1.000,0,0.000,0.000,0.000,0.000,2.115,0.917,0.000,0.610,0.196,0.804,0.059,0.000
22,0.734,0.000,0.000,0.000,0.000,0,0,0,0.000,0.000,0,0,1.000,0,0.000,0.000,0.000,0.000,0.633,0.291,0.000,2.024,0.125,0.875,0.065,0.550
24,0.801,0.000,0.000,0.000,0.000,0,0,0,0.000,0.000,0,0,1.000,0,0.000,0.000,0.000,0.000,1.383,0.893,0.000,0.437,0.203,0.797,0.042,0.000
26,0.868,0.000,0.000,0.000,0.000,0,0,0,0.000,0.000,0,0,1.000,0,0.000,0.000,0.000,0.000,0.981,0.902,0.000,3.065,0.181,0.819,0.031,0.550
28,0.934,0.000,0.000,0.000,0.000,0,0,0,0.000,0.000,0,0,1.000,0,0.000,0.000,0.000,0.000,1.706,0.694,0.000,0.939,0.160,0.840,0.064,0.000
30,1.001,0.000,0.000,0.000,0.000,0,0,0,0.000,0.000,0,0,1.000,0,0.000,0.000,0.000,0.000,0.749,0.493,0.000,0.114,0.095,0.905,0.054,0.000
32,1.068,0.000,0.000,0.000,0.000,0,0,0,0.000,0.000,0,0,1.000,0,0.000,0.000,0.000,0.000,0.566,0.892,0.000,2.185,0.067,0.933,0.022,0.550
34,1.134,0.000,0.000,0.000,0.000,0,0,0,0.000,0.000,0,0,1.000,0,0.000,0.000,0.000,0.000,0.809,0.542,0.000,2.341,0.113,0.887,0.052,0.550
36,1.201,0.000,0.000,0.000,0.000,0,0,0,0.000,0.000,0,0,1.000,0,0.000,0.000,0.000,0.000,0.418,0.800,0.000,2.057,0.037,0.963,0.024,0.550
38,1.268,0.000,0.000,0.000,0.000,0,0,0,0.000,0.000,0,0,1.000,0,0.000,0.000,0.000,0.000,0.582,0.902,0.000,0.104,0.090,0.910,0.021,0.000
40,1.335,0.000,0.000,0.000,0.000,0,0,0,0.000,0.000,0,0,1.000,0,0.000,0.000,0.000,0.000,0.519,0.165,0.000,0.332,0.111,0.889,0.071,0.480
42,1.401,0.000,0.000,0.000,0.000,0,0,0,0.000,0.000,0,0,1.000,0,0.000,0.000,0.000,0.000,0.244,0.985,0.000,0.524,0.016,0.984,0.007,0.000
44,1.468,0.000,0.000,0.000,0.000,0,0,0,0.000,0.000,0,0,1.000,0,0.000,0.000,0.000,0.000,0.400,0.943,0.000,0.633,0.080,0.920,0.014,0.000
46,1.535,0.000,0.000,0.000,0.000,0,0,0,0.000,0.000,0,0,1.000,0,0.000,0.000,0.000,0.000,0.127,0.768,0.000,0.125,0.019,0.981,0.019,0.000
48,1.602,0.000,0.000,0.000,0.000,0,0,0,0.000,0.000,0,0,1.000,0,0.000,0.000,0.000,0.000,0.407,0.920,0.000,0.077,0.078,0.922,0.016,0.000
50,1.668,0.000,0.000,0.000,0.000,0,0,0,0.000,0.000,0,0,1.000,0,0.000,0.000,0.000,0.000,0.248,0.573,0.000,0.065,0.053,0.947,0.036,0.000
52,1.735,0.000,0.000,0.000,0.000,0,0,0,0.000,0.000,0,0,1.000,0,0.000,0.000,0.000,0.000,0.191,0.609,0.000,0.102,0.041,0.959,0.032,0.000
54,1.802,0.000,0.000,0.000,0.000,0,0,0,0.000,0.000,0,0,1.000,0,0.000,0.000,0.000,0.000,0.341,0.878,0.000,0.101,0.069,0.931,0.017,0.000
56,1.869,0.000,0.000,0.000,0.000,0,0,0,0.000,0.000,0,0,1.000,0,0.000,0.000,0.000,0.000,0.181,0.705,0.000,0.030,0.040,0.960,0.025,0.000
58,1.935,0.000,0.000,0.000,0.000,0,0,0,0.000,0.000,0,0,1.000,0,0.000,0.000,0.000,0.000,0.203,0.778,0.000,0.024,0.045,0.955,0.021,0.000
60,2.002,0.000,0.000,0.000,0.000,0,0,0,0.000,0.000,0,0,1.000,0,0.000,0.000,0.000,0.000,0.342,0.627,0.000,0.118,0.067,0.933,0.035,0.000
62,2.069,0.000,0.000,0.000,0.000,0,0,0,0.000,0.000,0,0,1.000,0,0.000,0.000,0.000,0.000,0.658,0.830,0.533,0.327,0.059,0.941,0.028,0.000
64,2.135,0.000,0.000,0.000,0.000,0,0,0,0.000,0.000,0,0,1.000,0,0.000,0.000,0.000,0.000,1.514,0.859,0.568,0.112,0.057,0.943,0.048,0.000
66,2.202,0.000,0.000,0.000,0.000,0,0,0,0.000,0.000,0,0,1.000,0,0.000,0.000,0.000,0.000,3.028,0.040,0.580,0.369,0.169,0.831,0.143,0.480
68,2.269,0.000,0.000,0.000,0.000,0,0,0,0.000,0.000,0,0,1.000,0,0.000,0.000,0.000,0.000,4.196,0.056,0.455,0.272,0.134,0.866,0.171,0.000
70,2.336,0.000,0.000,0.000,0.000,0,0,0,0.000,0.000,0,0,1.000,0,0.000,0.000,0.000,0.000,4.968,0.367,0.274,0.044,0.164,0.836,0.169,0.000
72,2.402,0.000,0.000,0.000,0.000,0,0,0,0.000,0.000,0,0,1.000,0,0.000,0.000,0.000,0.000,7.042,0.175,0.029,0.338,0.156,0.844,0.234,0.000
74,2.469,0.000,0.000,0.000,0.000,0,0,0,0.000,0.000,0,0,1.000,0,0.000,0.000,0.000,0.000,4.908,0.269,0.397,2.659,0.102,0.898,0.174,0.550
76,2.536,0.000,0.000,0.000,0.000,0,0,0,0.000,0.000,0,0,1.000,0,0.000,0.000,0.000,0.000,2.913,0.315,0.678,0.917,0.089,0.911,0.121,0.000
78,2.603,0.000,0.000,0.000,0.000,0,0,0,0.000,0.000,0,0,1.000,0,0.000,0.000,0.000,0.000,1.914,0.228,1.284,0.580,0.094,0.906,0.102,0.000
80,2.669,0.000,0.000,0.000,0.000,0,0,0,0.000,0.000,0,0,1.000,0,0.000,0.000,0.000,0.000,1.113,0.217,2.601,0.392,0.089,0.911,0.083,0.700
82,2.736,0.000,0.000,0.000,0.000,0,0,0,0.000,0.000,0,0,1.000,0,0.000,0.000,0.000,0.000,1.401,0.239,3.800,0.578,0.098,0.902,0.088,0.700
84,2.803,0.000,0.000,0.000,0.000,0,0,0,0.000,0.000,0,0,1.000,0,0.000,0.000,0.000,0.000,2.671,0.789,3.918,0.606,0.112,0.888,0.082,0.700
86,2.870,0.000,0.000,0.000,0.000,0,0,0,0.000,0.000,0,0,1.000,0,0.000,0.000,0.000,0.000,1.688,0.832,4.976,0.627,0.085,0.915,0.054,0.700
88,2.936,0.000,0.000,0.000,0.000,0,0,0,0.000,0.000,0,0,1.000,0,0.000,0.000,0.000,0.000,2.445,0.760,5.485,0.590,0.109,0.891,0.078,0.700
90,3.003,0.000,0.000,0.000,0.000,0,0,0,0.000,0.000,0,0,1.000,0,0.000,0.000,0.000,0.000,4.993,0.566,11.411,0.707,0.181,0.819,0.155,0.700
92,3.070,0.000,0.000,0.000,0.000,0,0,0,0.000,0.000,0,0,1.000,0,0.000,0.000,0.000,0.000,2.773,0.775,14.707,0.035,0.118,0.882,0.085,0.700
94,3.136,0.000,0.000,0.000,0.000,0,0,0,0.000,0.000,0,0,1.000,0,0.000,0.000,0.000,0.000,1.787,0.528,14.809,3.085,0.136,0.864,0.078,0.700
96,3.203,0.000,0.000,0.000,0.000,0,0,0,0.000,0.000,0,0,1.000,0,0.000,0.000,0.000,0.000,1.107,0.849,8.451,0.259,0.096,0.904,0.038,0.700
98,3.270,0.000,0.000,0.000,0.000,0,0,0,0.000,0.000,0,0,1.000,0,0.000,0.000,0.000,0.000,1.847,0.746,3.387,0.121,0.114,0.886,0.064,0.700
100,3.337,0.000,0.000,0.000,0.000,0,0,0,0.000,0.000,0,0,1.000,0,0.000,0.000,0.000,0.000,0.966,0.648,1.788,1.769,0.107,0.893,0.049,0.700
102,3.403,0.000,0.000,0.000,0.000,0,0,0,0.000,0.000,0,0,1.000,0,0.000,0.000,0.000,0.000,0.489,0.977,0.974,0.089,0.059,0.941,0.014,0.000
104,3.470,0.000,0.000,0.000,0.000,0,0,0,0.000,0.000,0,0,1.000,0,0.000,0.000,0.000,0.000,1.036,0.909,0.290,0.240,0.095,0.905,0.032,0.000
106,3.537,0.000,0.000,0.000,0.000,0,0,0,0.000,0.000,0,0,1.000,0,0.000,0.000,0.000,0.000,0.315,0.866,0.024,1.179,0.030,0.970,0.017,0.000
108,3.604,0.000,0.000,0.000,0.000,0,0,0,0.000,0.000,0,0,1.000,0,0.000,0.000,0.000,0.000,0.412,0.173,0.140,0.450,0.036,0.964,0.068,0.480
110,3.670,0.000,0.000,0.000,0.000,0,0,0,0.000,0.000,0,0,1.000,0,0.000,0.000,0.000,0.000,0.728,0.930,0.236,2.551,0.069,0.931,0.023,0.550
112,3.737,0.000,0.000,0.000,0.000,0,0,0,0.000,0.000,0,0,1.000,0,0.000,0.000,0.000,0.000,0.519,0.977,0.280,1.938,0.067,0.933,0.015,0.550
114,3.804,0.000,0.000,0.000,0.000,0,0,0,0.000,0.000,0,0,1.000,0,0.000,0.000,0.000,0.000,0.847,0.908,0.356,0.193,0.084,0.916,0.028,0.000
116,3.871,0.000,0.000,0.000,0.000,0,0,0,0.000,0.000,0,0,1.000,0,0.000,0.000,0.000,0.000,1.456,0.957,0.507,0.758,0.113,0.887,0.039,0.000
118,3.937,0.000,0.000,0.000,0.000,0,0,0,0.000,0.000,0,0,1.000,0,0.000,0.000,0.000,0.000,0.764,0.955,0.590,0.146,0.092,0.908,0.022,0.000
120,4.004,0.000,0.000,0.000,0.000,0,0,0,0.000,0.000,0,0,1.000,0,0.000,0.000,0.000,0.000,1.152,0.946,0.771,1.529,0.115,0.885,0.033,0.550
122,4.071,0.000,0.000,0.000,0.000,0,0,0,0.000,0.000,0,0,1.000,0,0.000,0.000,0.000,0.000,0.820,0.951,1.109,0.953,0.078,0.922,0.024,0.000
124,4.137,0.000,0.000,0.000,0.000,0,0,0,0.000,0.000,0,0,1.000,0,0.000,0.000,0.000,0.000,0.299,0.831,1.352,0.296,0.027,0.973,0.019,0.000
126,4.204,0.000,0.000,0.000,0.000,0,0,0,0.000,0.000,0,0,1.000,0,0.000,0.000,0.000,0.000,0.342,0.339,1.438,1.476,0.048,0.952,0.055,0.700
128,4.271,0.000,0.000,0.000,0.000,0,0,0,0.000,0.000,0,0,1.000,0,0.000,0.000,0.000,0.000,0.403,0.928,1.324,1.499,0.045,0.955,0.015,0.550
130,4.338,0.000,0.000,0.000,0.000,0,0,0,0.000,0.000,0,0,1.000,0,0.000,0.000,0.000,0.000,0.302,0.825,1.292,2.204,0.037,0.963,0.020,0.550
132,4.404,0.000,0.000,0.000,0.000,0,0,0,0.000,0.000,0,0,1.000,0,0.000,0.000,0.000,0.000,0.403,0.745,1.183,0.447,0.043,0.957,0.028,0.000
134,4.471,0.000,0.000,0.000,0.000,0,0,0,0.000,0.000,0,0,1.000,0,0.000,0.000,0.000,0.000,0.776,0.909,1.215,0.509,0.076,0.924,0.026,0.000
136,4.538,0.000,0.000,0.000,0.000,0,0,0,0.000,0.000,0,0,1.000,0,0.000,0.000,0.000,0.000,0.592,0.864,1.214,2.351,0.080,0.920,0.024,0.550
138,4.605,0.000,0.000,0.000,0.000,0,0,0,0.000,0.000,0,0,1.000,0,0.000,0.000,0.000,0.000,0.341,0.473,1.000,0.167,0.043,0.957,0.045,0.000
140,4.671,0.000,0.000,0.000,0.000,0,0,0,0.000,0.000,0,0,1.000,0,0.000,0.000,0.000,0.000,0.878,0.951,0.876,0.289,0.104,0.896,0.025,0.000
142,4.738,0.000,0.000,0.000,0.000,0,0,0,0.000,0.000,0,0,1.000,0,0.000,0.000,0.000,0.000,1.575,0.972,0.834,0.007,0.106,0.894,0.041,0.000
144,4.805,0.000,0.000,0.000,0.000,0,0,0,0.000,0.000,0,0,1.000,0,0.000,0.000,0.000,0.000,0.968,0.933,0.705,0.876,0.083,0.917,0.029,0.000
146,4.872,0.000,0.000,0.000,0.000,0,0,0,0.000,0.000,0,0,1.000,0,0.000,0.000,0.000,0.000,0.887,0.923,0.610,0.671,0.067,0.933,0.028,0.000
148,4.938,0.000,0.000,0.000,0.000,0,0,0,0.000,0.000,0,0,1.000,0,0.000,0.000,0.000,0.000,1.323,0.955,0.630,0.861,0.091,0.909,0.036,0.000
150,5.005,0.000,0.000,0.000,0.000,0,0,0,0.000,0.000,0,0,1.000,0,0.000,0.000,0.000,0.000,2.536,0.959,0.513,2.191,0.149,0.851,0.066,0.550
152,5.072,0.000,0.000,0.000,0.000,0,0,0,0.000,0.000,0,0,1.000,0,0.000,0.000,0.000,0.000,3.742,0.960,0.393,0.094,0.122,0.878,0.096,0.000
154,5.138,0.000,0.000,0.000,0.000,0,0,0,0.000,0.000,0,0,1.000,0,0.000,0.000,0.000,0.000,2.630,0.948,0.166,0.426,0.136,0.864,0.069,0.000
156,5.205,0.000,0.000,0.000,0.000,0,0,0,0.000,0.000,0,0,1.000,0,0.000,0.000,0.000,0.000,4.048,0.395,0.789,0.745,0.143,0.857,0.144,0.000
158,5.272,0.000,0.000,0.000,0.000,0,0,0,0.000,0.000,0,0,1.000,0,0.000,0.000,0.000,0.000,5.142,0.603,1.462,2.597,0.177,0.823,0.156,0.700
160,5.339,0.000,0.000,0.000,0.000,0,0,0,0.000,0.000,0,0,1.000,0,0.000,0.000,0.000,0.000,7.307,0.476,3.101,1.473,0.184,0.816,0.219,0.700
162,5.405,0.000,0.000,0.000,0.000,0,0,0,0.000,0.000,0,0,1.000,0,0.000,0.000,0.000,0.000,2.388,0.061,4.543,0.183,0.117,0.883,0.125,0.700
164,5.472,0.000,0.000,0.000,0.000,0,0,0,0.000,0.000,0,0,1.000,0,0.000,0.000,0.000,0.000,2.078,0.734,4.897,1.550,0.141,0.859,0.071,0.700
166,5.539,0.000,0.000,0.000,0.000,0,0,0,0.000,0.000,0,0,1.000,0,0.000,0.000,0.000,0.000,2.146,0.588,5.410,2.815,0.115,0.885,0.083,0.700
168,5.606,0.000,0.000,0.000,0.000,0,0,0,0.000,0.000,0,0,1.000,0,0.000,0.000,0.000,0.000,2.305,0.668,5.858,0.282,0.106,0.894,0.081,0.700
170,5.672,0.000,0.000,0.000,0.000,0,0,0,0.000,0.000,0,0,1.000,0,0.000,0.000,0.000,0.000,2.694,0.570,6.203,2.792,0.115,0.885,0.097,0.700
172,5.739,0.000,0.000,0.000,0.000,0,0,0,0.000,0.000,0,0,1.000,0,0.000,0.000,0.000,0.000,1.605,0.948,6.456,2.085,0.097,0.903,0.044,0.700
174,5.806,0.000,0.000,0.000,0.000,0,0,0,0.000,0.000,0,0,1.000,0,0.000,0.000,0.000,0.000,7.158,0.726,5.175,1.906,0.147,0.853,0.198,0.700
176,5.873,0.000,0.000,0.000,0.000,0,0,0,0.000,0.000,0,0,1.000,0,0.000,0.000,0.000,0.000,6.575,0.623,6.139,0.339,0.141,0.859,0.191,0.700
178,5.939,0.000,0.000,0.000,0.000,0,0,0,0.000,0.000,0,0,1.000,0,0.000,0.000,0.000,0.000,6.370,0.605,8.097,0.136,0.133,0.867,0.187,0.700
180,6.006,0.000,0.000,0.000,0.000,0,0,0,0.000,0.000,0,0,1.000,0,0.000,0.000,0.000,0.000,4.242,0.475,8.189,0.472,0.146,0.854,0.143,0.700
182,6.073,0.000,0.000,0.000,0.000,0,0,0,0.000,0.000,0,0,1.000,0,0.000,0.000,0.000,0.000,3.705,0.864,5.437,0.802,0.138,0.862,0.102,0.700
184,6.139,0.000,0.000,0.000,0.000,0,0,0,0.000,0.000,0,0,1.000,0,0.000,0.000,0.000,0.000,3.879,0.456,3.212,0.410,0.124,0.876,0.135,0.700
186,6.206,0.000,0.000,0.000,0.000,0,0,0,0.000,0.000,0,0,1.000,0,0.000,0.000,0.000,0.000,1.841,0.724,2.950,1.256,0.112,0.888,0.065,0.700
188,6.273,0.000,0.000,0.000,0.000,0,0,0,0.000,0.000,0,0,1.000,0,0.000,0.000,0.000,0.000,1.882,0.470,2.123,0.538,0.104,0.896,0.084,0.700
190,6.340,0.000,0.000,0.000,0.000,0,0,0,0.000,0.000,0,0,1.000,0,0.000,0.000,0.000,0.000,2.068,0.764,1.357,2.305,0.103,0.897,0.068,0.550
192,6.406,0.000,0.000,0.000,0.000,0,0,0,0.000,0.000,0,0,1.000,0,0.000,0.000,0.000,0.000,1.929,0.762,0.602,0.133,0.115,0.885,0.065,0.000
194,6.473,0.000,0.000,0.000,0.000,0,0,0,0.000,0.000,0,0,1.000,0,0.000,0.000,0.000,0.000,1.473,0.735,0.535,0.286,0.087,0.913,0.055,0.000
196,6.540,0.000,0.000,0.000,0.000,0,0,0,0.000,0.000,0,0,1.000,0,0.000,0.000,0.000,0.000,0.716,0.910,0.480,0.844,0.090,0.910,0.024,0.000
198,6.607,0.000,0.000,0.000,0.000,0,0,0,0.000,0.000,0,0,1.000,0,0.000,0.000,0.000,0.000,1.041,0.877,0.386,0.736,0.075,0.925,0.035,0.000
200,6.673,0.000,0.000,0.000,0.000,0,0,0,0.000,0.000,0,0,1.000,0,0.000,0.000,0.000,0.000,2.612,0.830,0.282,0.073,0.105,0.895,0.077,0.000
202,6.740,0.000,0.000,0.000,0.000,0,0,0,0.000,0.000,0,0,1.000,0,0.000,0.000,0.000,0.000,2.750,0.739,0.216,1.173,0.104,0.896,0.087,0.000
204,6.807,0.000,0.000,0.000,0.000,0,0,0,0.000,0.000,0,0,1.000,0,0.000,0.000,0.000,0.000,2.635,0.731,0.262,0.072,0.111,0.889,0.085,0.000
206,6.874,0.000,0.000,0.000,0.000,0,0,0,0.000,0.000,0,0,1.000,0,0.000,0.000,0.000,0.000,0.633,0.542,0.151,0.234,0.064,0.936,0.048,0.000
208,6.940,0.000,0.000,0.000,0.000,0,0,0,0.000,0.000,0,0,1.000,0,0.000,0.000,0.000,0.000,1.077,0.657,0.542,0.310,0.084,0.916,0.051,0.000
210,7.007,0.000,0.000,0.000,0.000,0,0,0,0.000,0.000,0,0,1.000,0,0.000,0.000,0.000,0.000,1.181,0.518,0.886,0.401,0.088,0.912,0.063,0.000
212,7.074,0.000,0.000,0.000,0.000,0,0,0,0.000,0.000,0,0,1.000,0,0.000,0.000,0.000,0.000,0.655,0.612,1.065,0.156,0.070,0.930,0.044,0.000
214,7.140,0.000,0.000,0.000,0.000,0,0,0,0.000,0.000,0,0,1.000,0,0.000,0.000,0.000,0.000,1.006,0.344,1.168,1.522,0.092,0.908,0.071,0.550
216,7.207,0.000,0.000,0.000,0.000,0,0,0,0.000,0.000,0,0,1.000,0,0.000,0.000,0.000,0.000,1.180,0.193,1.334,0.308,0.085,0.915,0.086,0.000
218,7.274,0.000,0.000,0.000,0.000,0,0,0,0.000,0.000,0,0,1.000,0,0.000,0.000,0.000,0.000,2.959,0.933,1.227,3.121,0.062,0.938,0.079,0.550
220,7.341,0.000,0.000,0.000,0.000,0,0,0,0.000,0.000,0,0,1.000,0,0.000,0.000,0.000,0.000,3.446,0.818,1.062,1.395,0.108,0.892,0.099,0.550
222,7.407,0.000,0.000,0.000,0.000,0,0,0,0.000,0.000,0,0,1.000,0,0.000,0.000,0.000,0.000,1.470,0.572,0.938,0.682,0.103,0.897,0.067,0.000
224,7.474,0.000,0.000,0.000,0.000,0,0,0,0.000,0.000,0,0,1.000,0,0.000,0.000,0.000,0.000,1.471,0.465,0.928,0.587,0.135,0.865,0.074,0.000
226,7.541,0.000,0.000,0.000,0.000,0,0,0,0.000,0.000,0,0,1.000,0,0.000,0.000,0.000,0.000,1.271,0.851,0.889,1.493,0.130,0.870,0.042,0.550
228,7.608,0.000,0.000,0.000,0.000,0,0,0,0.000,0.000,0,0,1.000,0,0.000,0.000,0.000,0.000,2.790,0.879,0.781,0.425,0.102,0.898,0.078,0.000
230,7.674,0.000,0.000,0.000,0.000,0,0,0,0.000,0.000,0,0,1.000,0,0.000,0.000,0.000,0.000,0.619,0.657,0.657,1.445,0.073,0.927,0.039,0.550
232,7.741,0.000,0.000,0.000,0.000,0,0,0,0.000,0.000,0,0,1.000,0,0.000,0.000,0.000,0.000,0.927,0.742,0.720,0.667,0.105,0.895,0.041,0.000
234,7.808,0.000,0.000,0.000,0.000,0,0,0,0.000,0.000,0,0,1.000,0,0.000,0.000,0.000,0.000,4.032,0.717,0.832,0.466,0.142,0.858,0.121,0.000
236,7.875,0.000,0.000,0.000,0.000,0,0,0,0.000,0.000,0,0,1.000,0,0.000,0.000,0.000,0.000,3.816,0.453,0.747,0.622,0.143,0.857,0.134,0.000
238,7.941,0.000,0.000,0.000,0.000,0,0,0,0.000,0.000,0,0,1.000,0,0.000,0.000,0.000,0.000,6.301,0.347,0.446,0.015,0.129,0.871,0.203,0.000
240,8.008,0.000,0.000,0.000,0.000,0,0,0,0.000,0.000,0,0,1.000,0,0.000,0.000,0.000,0.000,5.944,0.243,0.039,0.138,0.170,0.830,0.202,0.000
242,8.075,0.000,0.000,0.000,0.000,0,0,0,0.000,0.000,0,0,1.000,0,0.000,0.000,0.000,0.000,1.948,0.761,0.583,2.308,0.129,0.871,0.065,0.550
244,8.141,0.000,0.000,0.000,0.000,0,0,0,0.000,0.000,0,0,1.000,0,0.000,0.000,0.000,0.000,0.864,0.879,0.951,2.031,0.092,0.908,0.030,0.550
246,8.208,0.000,0.000,0.000,0.000,0,0,0,0.000,0.000,0,0,1.000,0,0.000,0.000,0.000,0.000,0.642,0.767,1.455,0.692,0.101,0.899,0.032,0.700
248,8.275,0.000,0.000,0.000,0.000,0,0,0,0.000,0.000,0,0,1.000,0,0.000,0.000,0.000,0.000,0.716,0.911,1.462,0.052,0.073,0.927,0.024,0.700
250,8.342,0.000,0.000,0.000,0.000,0,0,0,0.000,0.000,0,0,1.000,0,0.000,0.000,0.000,0.000,3.454,0.733,1.033,1.591,0.112,0.888,0.105,0.550
252,8.408,0.000,0.000,0.000,0.000,0,0,0,0.000,0.000,0,0,1.000,0,0.000,0.000,0.000,0.000,2.566,0.827,0.798,0.000,0.061,0.939,0.076,0.000
254,8.475,0.000,0.000,0.000,0.000,0,0,0,0.000,0.000,0,0,1.000,0,0.000,0.000,0.000,0.000,2.745,0.607,0.913,1.083,0.121,0.879,0.096,0.000
256,8.542,0.000,0.000,0.000,0.000,0,0,0,0.000,0.000,0,0,1.000,0,0.000,0.000,0.000,0.000,0.998,0.922,1.005,1.379,0.114,0.886,0.030,0.550
258,8.609,0.000,0.000,0.000,0.000,0,0,0,0.000,0.000,0,0,1.000,0,0.000,0.000,0.000,0.000,2.424,0.616,0.975,2.607,0.099,0.901,0.087,0.550
260,8.675,0.000,0.000,0.000,0.000,0,0,0,0.000,0.000,0,0,1.000,0,0.000,0.000,0.000,0.000,1.974,0.765,0.797,0.063,0.116,0.884,0.066,0.000
262,8.742,0.000,0.000,0.000,0.000,0,0,0,0.000,0.000,0,0,1.000,0,0.000,0.000,0.000,0.000,1.292,0.661,1.022,1.288,0.090,0.910,0.056,0.000
264,8.809,0.000,0.000,0.000,0.000,0,0,0,0.000,0.000,0,0,1.000,0,0.000,0.000,0.000,0.000,0.690,0.804,1.218,1.958,0.075,0.925,0.031,0.550
266,8.876,0.000,0.000,0.000,0.000,0,0,0,0.000,0.000,0,0,1.000,0,0.000,0.000,0.000,0.000,0.500,0.581,0.732,2.493,0.082,0.918,0.042,0.550
268,8.942,0.000,0.000,0.000,0.000,0,0,0,0.000,0.000,0,0,1.000,0,0.000,0.000,0.000,0.000,0.483,0.722,0.298,2.362,0.048,0.952,0.032,0.550
270,9.009,0.000,0.000,0.000,0.000,0,0,0,0.000,0.000,0,0,1.000,0,0.000,0.000,0.000,0.000,0.798,0.914,0.249,0.143,0.090,0.910,0.026,0.000
272,9.076,0.000,0.000,0.000,0.000,0,0,0,0.000,0.000,0,0,1.000,0,0.000,0.000,0.000,0.000,0.701,0.131,0.585,1.700,0.059,0.941,0.078,0.550
274,9.142,0.000,0.000,0.000,0.000,0,0,0,0.000,0.000,0,0,1.000,0,0.000,0.000,0.000,0.000,2.602,0.713,0.703,0.045,0.132,0.868,0.085,0.000
276,9.209,0.000,0.000,0.000,0.000,0,0,0,0.000,0.000,0,0,1.000,0,0.000,0.000,0.000,0.000,3.946,0.529,0.628,0.329,0.130,0.870,0.132,0.000
278,9.276,0.000,0.000,0.000,0.000,0,0,0,0.000,0.000,0,0,1.000,0,0.000,0.000,0.000,0.000,3.197,0.740,0.472,0.600,0.120,0.880,0.098,0.000
280,9.343,0.000,0.000,0.000,0.000,0,0,0,0.000,0.000,0,0,1.000,0,0.000,0.000,0.000,0.000,1.604,0.673,0.287,3.053,0.102,0.898,0.063,0.550
282,9.409,0.000,0.000,0.000,0.000,0,0,0,0.000,0.000,0,0,1.000,0,0.000,0.000,0.000,0.000,1.604,0.880,0.354,0.066,0.113,0.887,0.049,0.000
284,9.476,0.000,0.000,0.000,0.000,0,0,0,0.000,0.000,0,0,1.000,0,0.000,0.000,0.000,0.000,2.287,0.941,0.433,0.853,0.125,0.875,0.061,0.000
286,9.543,0.000,0.000,0.000,0.000,0,0,0,0.000,0.000,0,0,1.000,0,0.000,0.000,0.000,0.000,0.691,0.539,0.502,2.685,0.097,0.903,0.050,0.550
288,9.610,0.000,0.000,0.000,0.000,0,0,0,0.000,0.000,0,0,1.000,0,0.000,0.000,0.000,0.000,1.362,0.930,0.499,2.363,0.085,0.915,0.039,0.550
290,9.676,0.000,0.000,0.000,0.000,0,0,0,0.000,0.000,0,0,1.000,0,0.000,0.000,0.000,0.000,1.414,0.957,0.525,0.223,0.101,0.899,0.038,0.000
292,9.743,0.000,0.000,0.000,0.000,0,0,0,0.000,0.000,0,0,1.000,0,0.000,0.000,0.000,0.000,0.633,0.533,0.618,1.973,0.083,0.917,0.048,0.550
294,9.810,0.000,0.000,0.000,0.000,0,0,0,0.000,0.000,0,0,1.000,0,0.000,0.000,0.000,0.000,1.370,0.878,0.665,3.023,0.095,0.905,0.043,0.550
296,9.877,0.000,0.000,0.000,0.000,0,0,0,0.000,0.000,0,0,1.000,0,0.000,0.000,0.000,0.000,0.871,0.835,0.503,0.914,0.089,0.911,0.033,0.000
298,9.943,0.000,0.000,0.000,0.000,0,0,0,0.000,0.000,0,0,1.000,0,0.000,0.000,0.000,0.000,0.754,0.821,0.358,2.322,0.069,0.931,0.031,0.550
300,10.010,0.000,0.000,0.000,0.000,0,0,0,0.000,0.000,0,0,1.000,0,0.000,0.000,0.000,0.000,0.300,0.894,0.158,2.762,0.035,0.965,0.015,0.550
302,10.077,0.000,0.000,0.000,0.000,0,0,0,0.000,0.000,0,0,1.000,0,0.000,0.000,0.000,0.000,0.541,0.969,0.089,0.653,0.065,0.935,0.016,0.000
304,10.143,0.000,0.000,0.000,0.000,0,0,0,0.000,0.000,0,0,1.000,0,0.000,0.000,0.000,0.000,0.646,0.884,0.165,0.246,0.063,0.937,0.024,0.000
306,10.210,0.000,0.000,0.000,0.000,0,0,0,0.000,0.000,0,0,1.000,0,0.000,0.000,0.000,0.000,0.330,0.968,0.093,2.152,0.053,0.947,0.011,0.550
308,10.277,0.000,0.000,0.000,0.000,0,0,0,0.000,0.000,0,0,1.000,0,0.000,0.000,0.000,0.000,0.554,0.986,0.494,2.764,0.069,0.931,0.015,0.550
310,10.344,0.000,0.000,0.000,0.000,0,0,0,0.000,0.000,0,0,1.000,0,0.000,0.000,0.000,0.000,0.573,0.942,0.784,0.814,0.069,0.931,0.018,0.000
312,10.410,0.000,0.000,0.000,0.000,0,0,0,0.000,0.000,0,0,1.000,0,0.000,0.000,0.000,0.000,1.295,0.819,0.791,0.524,0.079,0.921,0.045,0.000
314,10.477,0.000,0.000,0.000,0.000,0,0,0,0.000,0.000,0,0,1.000,0,0.000,0.000,0.000,0.000,3.826,0.725,0.765,1.128,0.135,0.865,0.115,0.000
316,10.544,0.000,0.000,0.000,0.000,0,0,0,0.000,0.000,0,0,1.000,0,0.000,0.000,0.000,0.000,2.906,0.429,0.653,0.269,0.106,0.894,0.113,0.000
318,10.611,0.000,0.000,0.000,0.000,0,0,0,0.000,0.000,0,0,1.000,0,0.000,0.000,0.000,0.000,4.095,0.437,0.479,1.015,0.136,0.864,0.142,0.000
320,10.677,0.000,0.000,0.000,0.000,0,0,0,0.000,0.000,0,0,1.000,0,0.000,0.000,0.000,0.000,3.152,0.539,0.238,0.593,0.129,0.871,0.111,0.000
322,10.744,0.000,0.000,0.000,0.000,0,0,0,0.000,0.000,0,0,1.000,0,0.000,0.000,0.000,0.000,3.535,0.250,0.088,1.546,0.130,0.870,0.141,0.550
324,10.811,0.000,0.000,0.000,0.000,0,0,0,0.000,0.000,0,0,1.000,0,0.000,0.000,0.000,0.000,3.907,0.192,0.144,2.647,0.117,0.883,0.154,0.550
326,10.878,0.000,0.000,0.000,0.000,0,0,0,0.000,0.000,0,0,1.000,0,0.000,0.000,0.000,0.000,0.659,0.309,0.270,2.252,0.085,0.915,0.065,0.550
328,10.944,0.000,0.000,0.000,0.000,0,0,0,0.000,0.000,0,0,1.000,0,0.000,0.000,0.000,0.000,2.898,0.666,0.237,0.461,0.125,0.875,0.096,0.000
330,11.011,0.000,0.000,0.000,0.000,0,0,0,0.000,0.000,0,0,1.000,0,0.000,0.000,0.000,0.000,3.602,0.608,0.370,0.429,0.156,0.844,0.118,0.000
332,11.078,0.000,0.000,0.000,0.000,0,0,0,0.000,0.000,0,0,1.000,0,0.000,0.000,0.000,0.000,2.082,0.785,0.609,0.742,0.132,0.868,0.067,0.000
334,11.144,0.000,0.000,0.000,0.000,0,0,0,0.000,0.000,0,0,1.000,0,0.000,0.000,0.000,0.000,1.340,0.829,0.715,0.168,0.104,0.896,0.045,0.000
336,11.211,0.000,0.000,0.000,0.000,0,0,0,0.000,0.000,0,0,1.000,0,0.000,0.000,0.000,0.000,0.409,0.251,0.906,1.424,0.064,0.936,0.063,0.550
338,11.278,0.000,0.000,0.000,0.000,0,0,0,0.000,0.000,0,0,1.000,0,0.000,0.000,0.000,0.000,2.126,0.840,1.501,0.324,0.094,0.906,0.064,0.700
340,11.345,0.000,0.000,0.000,0.000,0,0,0,0.000,0.000,0,0,1.000,0,0.000,0.000,0.000,0.000,2.747,0.783,2.579,1.007,0.101,0.899,0.084,0.700
342,11.411,0.000,0.000,0.000,0.000,0,0,0,0.000,0.000,0,0,1.000,0,0.000,0.000,0.000,0.000,0.934,0.949,3.052,0.105,0.079,0.921,0.027,0.700
344,11.478,0.000,0.000,0.000,0.000,0,0,0,0.000,0.000,0,0,1.000,0,0.000,0.000,0.000,0.000,0.613,0.806,3.167,2.717,0.068,0.932,0.029,0.700
346,11.545,0.000,0.000,0.000,0.000,0,0,0,0.000,0.000,0,0,1.000,0,0.000,0.000,0.000,0.000,0.751,0.932,1.583,0.400,0.075,0.925,0.024,0.700
348,11.612,0.000,0.000,0.000,0.000,0,0,0,0.000,0.000,0,0,1.000,0,0.000,0.000,0.000,0.000,1.191,0.721,1.082,1.682,0.078,0.922,0.049,0.550
350,11.678,0.000,0.000,0.000,0.000,0,0,0,0.000,0.000,0,0,1.000,0,0.000,0.000,0.000,0.000,2.329,0.800,0.545,0.660,0.104,0.896,0.072,0.000
352,11.745,0.000,0.000,0.000,0.000,0,0,0,0.000,0.000,0,0,1.000,0,0.000,0.000,0.000,0.000,1.865,0.388,0.377,0.013,0.103,0.897,0.089,0.000
354,11.812,0.000,0.000,0.000,0.000,0,0,0,0.000,0.000,0,0,1.000,0,0.000,0.000,0.000,0.000,5.331,0.441,0.132,0.354,0.167,0.833,0.172,0.000
356,11.879,0.000,0.000,0.000,0.000,0,0,0,0.000,0.000,0,0,1.000,0,0.000,0.000,0.000,0.000,7.021,0.405,0.072,0.025,0.190,0.810,0.217,0.000
358,11.945,0.000,0.000,0.000,0.000,0,0,0,0.000,0.000,0,0,1.000,0,0.000,0.000,0.000,0.000,6.640,0.357,0.368,0.528,0.128,0.872,0.211,0.000
360,12.012,0.000,0.000,0.000,0.000,0,0,0,0.000,0.000,0,0,1.000,0,0.000,0.000,0.000,0.000,4.038,0.641,0.441,1.601,0.147,0.853,0.126,0.550
362,12.079,0.000,0.000,0.000,0.000,0,0,0,0.000,0.000,0,0,1.000,0,0.000,0.000,0.000,0.000,2.580,0.590,0.315,0.367,0.089,0.911,0.093,0.000
364,12.145,0.000,0.000,0.000,0.000,0,0,0,0.000,0.000,0,0,1.000,0,0.000,0.000,0.000,0.000,3.046,0.339,0.280,0.787,0.123,0.877,0.122,0.000
366,12.212,0.000,0.000,0.000,0.000,0,0,0,0.000,0.000,0,0,1.000,0,0.000,0.000,0.000,0.000,2.306,0.764,0.339,1.002,0.107,0.893,0.074,0.000
368,12.279,0.000,0.000,0.000,0.000,0,0,0,0.000,0.000,0,0,1.000,0,0.000,0.000,0.000,0.000,2.046,0.835,0.431,0.111,0.086,0.914,0.063,0.000
370,12.346,0.000,0.000,0.000,0.000,0,0,0,0.000,0.000,0,0,1.000,0,0.000,0.000,0.000,0.000,1.067,0.343,0.372,0.598,0.059,0.941,0.073,0.480
372,12.412,0.000,0.000,0.000,0.000,0,0,0,0.000,0.000,0,0,1.000,0,0.000,0.000,0.000,0.000,1.327,0.581,0.183,2.160,0.075,0.925,0.062,0.550
374,12.479,0.000,0.000,0.000,0.000,1,0,0,0.000,0.000,0,0,1.000,0,0.000,0.000,0.000,0.000,2.395,0.526,0.220,1.257,0.079,0.921,0.143,0.650
376,12.546,8.944,0.000,8.944,0.000,1,0,0,0.000,0.000,0,0,1.000,0,0.000,0.000,0.000,0.000,0.867,0.451,0.484,1.093,0.064,0.936,0.160,0.000
378,12.613,3.162,0.000,-5.782,0.000,1,0,0,0.000,0.000,0,0,1.000,0,0.000,0.000,0.000,0.000,1.721,0.209,0.584,1.279,0.099,0.901,0.166,0.000
380,12.679,5.099,0.000,1.937,0.000,1,0,0,0.000,3.017,0,0,1.000,0,0.000,0.000,0.000,0.000,1.825,0.733,0.818,0.879,0.084,0.916,0.143,0.350
382,12.746,3.162,0.000,-1.937,0.000,1,0,0,0.000,1.571,0,0,1.000,0,0.000,0.000,0.000,0.000,1.665,0.206,0.862,0.493,0.090,0.910,0.165,0.480
384,12.813,4.243,0.000,1.080,0.000,1,0,0,0.000,1.202,0,0,1.000,0,0.000,0.000,0.000,0.000,1.674,0.737,1.019,0.556,0.067,0.933,0.134,0.350
386,12.880,0.000,0.000,0.000,0.000,1,0,0,0.000,0.000,0,0,1.000,0,0.000,0.000,0.000,0.000,3.065,0.680,0.584,0.274,0.085,0.915,0.149,0.000
388,12.946,0.000,0.000,0.000,0.000,0,0,0,0.000,0.000,0,0,1.000,0,0.000,0.000,0.000,0.000,2.304,0.327,0.039,2.591,0.094,0.906,0.105,0.650
390,13.013,0.000,0.000,0.000,0.000,0,0,0,0.000,0.000,0,0,1.000,0,0.000,0.000,0.000,0.000,3.160,0.523,0.228,1.273,0.085,0.915,0.112,0.000
392,13.080,0.000,0.000,0.000,0.000,0,0,0,0.000,0.000,0,0,1.000,0,0.000,0.000,0.000,0.000,3.739,0.550,0.268,0.470,0.095,0.905,0.125,0.000
394,13.146,0.000,0.000,0.000,0.000,0,0,0,0.000,0.000,0,0,1.000,0,0.000,0.000,0.000,0.000,3.615,0.663,0.247,0.749,0.089,0.911,0.114,0.000
396,13.213,0.000,0.000,0.000,0.000,0,0,0,0.000,0.000,0,0,1.000,0,0.000,0.000,0.000,0.000,1.162,0.595,0.288,0.644,0.063,0.937,0.057,0.000
398,13.280,0.000,0.000,0.000,0.000,0,0,0,0.000,0.000,0,0,1.000,0,0.000,0.000,0.000,0.000,1.054,0.235,0.405,0.482,0.064,0.936,0.080,0.000
400,13.347,0.000,0.000,0.000,0.000,0,0,0,0.000,0.000,0,0,1.000,0,0.000,0.000,0.000,0.000,1.687,0.446,0.436,0.959,0.087,0.913,0.081,0.000
402,13.413,0.000,0.000,0.000,0.000,0,0,0,0.000,0.000,0,0,1.000,0,0.000,0.000,0.000,0.000,2.021,0.717,0.348,0.281,0.092,0.908,0.070,0.000
404,13.480,0.000,0.000,0.000,0.000,0,0,0,0.000,0.000,0,0,1.000,0,0.000,0.000,0.000,0.000,1.832,0.511,0.342,1.038,0.072,0.928,0.080,0.000
406,13.547,0.000,0.000,0.000,0.000,0,0,0,0.000,0.000,0,0,1.000,0,0.000,0.000,0.000,0.000,1.820,0.373,0.439,1.585,0.124,0.876,0.089,0.550
408,13.614,4.243,0.000,0.000,0.000,1,0,0,0.000,1.294,0,0,1.000,0,0.000,0.000,0.000,0.000,2.111,0.726,0.412,1.923,0.107,0.893,0.146,0.650
410,13.680,0.000,0.000,0.000,0.000,0,0,0,0.000,0.000,0,0,1.000,0,0.000,0.000,0.000,0.000,1.406,0.523,0.423,0.516,0.067,0.933,0.069,0.650
412,13.747,0.000,0.000,0.000,0.000,0,0,0,0.000,0.000,0,0,1.000,0,0.000,0.000,0.000,0.000,1.303,0.564,0.416,3.035,0.053,0.947,0.063,0.550
414,13.814,0.000,0.000,0.000,0.000,0,0,0,0.000,0.000,0,0,1.000,0,0.000,0.000,0.000,0.000,4.583,0.416,0.420,0.696,0.092,0.908,0.155,0.000
416,13.881,0.000,0.000,0.000,0.000,0,0,0,0.000,0.000,0,0,1.000,0,0.000,0.000,0.000,0.000,2.282,0.721,0.198,1.881,0.076,0.924,0.077,0.550
418,13.947,35.511,0.000,31.268,0.000,1,0,0,0.000,1.226,0,0,1.000,0,0.000,0.000,0.000,0.000,4.747,0.847,0.105,0.509,0.101,0.899,0.377,0.650
420,14.014,10.817,0.000,-24.694,0.000,1,0,0,0.000,1.214,0,0,1.000,0,0.000,0.000,0.000,0.000,3.094,0.658,0.380,1.578,0.097,0.903,0.211,0.550
422,14.081,11.705,0.000,0.888,0.000,1,0,0,0.000,1.399,0,0,1.000,0,0.000,0.000,0.000,0.000,2.549,0.266,0.524,1.406,0.098,0.902,0.230,0.550
424,14.147,0.000,0.000,0.000,0.000,0,0,0,0.000,0.000,0,0,1.000,0,0.000,0.000,0.000,0.000,2.790,0.479,0.256,0.601,0.124,0.876,0.106,0.650
426,14.214,0.000,0.000,0.000,0.000,0,0,0,0.000,0.000,0,0,1.000,0,0.000,0.000,0.000,0.000,1.608,0.773,0.130,0.117,0.078,0.922,0.056,0.580
428,14.281,0.000,0.000,0.000,0.000,0,0,0,0.000,0.000,0,0,1.000,0,0.000,0.000,0.000,0.000,3.052,0.554,0.244,0.713,0.117,0.883,0.108,0.580
430,14.348,0.000,0.000,0.000,0.000,0,0,0,0.000,0.000,0,0,1.000,0,0.000,0.000,0.000,0.000,3.362,0.560,0.450,3.022,0.110,0.890,0.115,0.580
432,14.414,0.000,0.000,0.000,0.000,0,0,0,0.000,0.000,0,0,1.000,0,0.000,0.000,0.000,0.000,1.979,0.424,0.544,2.227,0.087,0.913,0.090,0.580
434,14.481,0.000,53.413,0.000,53.413,1,0,0,0.000,0.000,0,0,1.000,0,0.000,0.000,0.000,0.000,3.122,0.652,0.502,0.287,0.111,0.889,0.402,0.650
436,14.548,0.000,0.000,0.000,0.000,0,0,0,0.000,0.000,0,0,1.000,0,0.000,0.000,0.000,0.000,0.904,0.572,0.643,2.597,0.050,0.950,0.053,0.650
438,14.615,0.000,26.571,0.000,-26.843,1,0,0,0.000,0.000,0,0,1.000,0,0.000,0.000,0.000,0.000,0.958,0.688,0.537,2.772,0.061,0.939,0.243,0.650
440,14.681,0.000,0.000,0.000,0.000,0,0,0,0.000,0.000,0,0,1.000,0,0.000,0.000,0.000,0.000,1.576,0.237,0.414,0.324,0.081,0.919,0.093,0.650
442,14.748,0.000,9.220,0.000,-17.351,1,0,0,0.000,1.007,0,0,1.000,0,0.000,0.000,0.000,0.000,1.043,0.440,0.453,0.176,0.068,0.932,0.166,0.650
444,14.815,0.000,9.899,0.000,0.680,1,0,0,0.000,1.572,0,0,1.000,0,0.000,0.000,0.000,0.000,0.912,0.578,0.450,0.412,0.061,0.939,0.157,0.350
446,14.882,0.000,24.083,0.000,-6.511,2,0,0,24.083,2.181,0,0,1.000,0,0.000,0.000,0.000,0.000,0.886,0.450,0.057,0.671,0.059,0.941,0.294,0.650
448,14.948,0.000,6.708,0.000,-17.375,1,0,1,0.000,2.264,0,0,1.000,0,0.000,0.000,0.000,0.000,0.375,0.432,0.099,0.172,0.034,0.966,0.216,0.650
450,15.015,0.000,12.728,0.000,6.020,1,0,1,0.000,2.095,0,0,1.000,0,0.000,0.000,0.000,0.000,0.464,0.349,0.468,2.381,0.040,0.960,0.258,0.550
452,15.082,0.000,0.000,0.000,0.000,0,0,0,0.000,0.000,0,0,1.000,0,0.000,0.000,0.000,0.000,0.515,0.776,0.613,0.511,0.030,0.970,0.029,0.650
454,15.148,0.000,0.000,0.000,0.000,0,0,0,0.000,0.000,0,0,1.000,0,0.000,0.000,0.000,0.000,0.421,0.600,0.691,2.917,0.031,0.969,0.038,0.580
456,15.215,0.000,46.872,0.000,34.144,1,0,1,0.000,2.048,0,0,1.000,0,0.000,0.000,0.000,0.000,0.709,0.544,0.814,2.817,0.047,0.953,0.430,0.650
458,15.282,0.000,0.000,0.000,0.000,0,0,0,0.000,0.000,0,0,1.000,0,0.000,0.000,0.000,0.000,0.965,0.287,0.918,0.023,0.046,0.954,0.074,0.650
460,15.349,0.000,0.000,0.000,0.000,0,0,0,0.000,0.000,0,0,1.000,0,0.000,0.000,0.000,0.000,1.516,0.478,1.225,0.111,0.064,0.936,0.074,0.580
462,15.415,0.000,0.000,0.000,0.000,0,0,0,0.000,0.000,0,0,1.000,0,0.000,0.000,0.000,0.000,1.273,0.814,1.454,0.185,0.066,0.934,0.045,0.700
464,15.482,0.000,0.000,0.000,0.000,0,0,0,0.000,0.000,0,0,1.000,0,0.000,0.000,0.000,0.000,1.958,0.676,1.495,0.675,0.078,0.922,0.072,0.700
466,15.549,0.000,0.000,0.000,0.000,0,0,0,0.000,0.000,0,0,1.000,0,0.000,0.000,0.000,0.000,2.051,0.613,1.674,0.081,0.089,0.911,0.078,0.700
468,15.616,0.000,64.203,0.000,17.331,1,0,1,0.000,2.144,0,0,1.000,0,0.000,0.000,0.000,0.000,3.260,0.801,1.433,0.256,0.120,0.880,0.475,0.700
470,15.682,0.000,7.616,0.000,-56.587,1,0,1,0.000,2.150,0,0,1.000,0,0.000,0.000,0.000,0.000,3.309,0.358,1.146,1.210,0.112,0.888,0.300,0.450
472,15.749,0.000,0.000,0.000,0.000,0,0,0,0.000,0.000,0,0,1.000,0,0.000,0.000,0.000,0.000,10.973,0.089,1.065,2.431,0.899,0.101,0.264,0.800
474,15.816,0.000,0.000,0.000,0.000,0,0,0,0.000,0.000,0,0,1.000,0,0.000,0.000,0.000,0.000,0.021,1.000,0.462,1.072,0.009,0.991,0.001,0.580
476,15.883,0.000,0.000,0.000,0.000,0,0,0,0.000,0.000,0,0,1.000,0,0.000,0.000,0.000,0.000,0.015,1.000,0.325,1.532,0.009,0.991,0.000,0.580
478,15.949,0.000,0.000,0.000,0.000,0,0,0,0.000,0.000,0,0,1.000,0,0.000,0.000,0.000,0.000,0.008,1.000,0.279,0.072,0.004,0.996,0.000,0.580
480,16.016,0.000,0.000,0.000,0.000,0,0,0,0.000,0.000,0,0,1.000,0,0.000,0.000,0.000,0.000,0.095,0.207,0.051,0.152,0.046,0.954,0.058,0.580
482,16.083,0.000,0.000,0.000,0.000,0,0,0,0.000,0.000,0,0,1.000,0,0.000,0.000,0.000,0.000,0.014,1.000,0.101,1.227,0.006,0.994,0.000,0.580
484,16.149,0.000,0.000,0.000,0.000,0,0,0,0.000,0.000,0,0,1.000,0,0.000,0.000,0.000,0.000,0.010,0.838,0.201,0.040,0.004,0.996,0.012,0.580
486,16.216,0.000,0.000,0.000,0.000,0,0,0,0.000,0.000,0,0,1.000,0,0.000,0.000,0.000,0.000,0.006,0.565,0.337,1.247,0.004,0.996,0.031,0.580
488,16.283,0.000,0.000,0.000,0.000,0,0,0,0.000,0.000,0,0,1.000,0,0.000,0.000,0.000,0.000,0.003,1.000,0.345,0.998,0.002,0.998,0.000,0.580
490,16.350,0.000,0.000,0.000,0.000,0,0,0,0.000,0.000,0,0,1.000,0,0.000,0.000,0.000,0.000,0.013,0.579,0.470,0.977,0.006,0.994,0.030,0.580
492,16.416,0.000,0.000,0.000,0.000,0,0,0,0.000,0.000,0,0,1.000,0,0.000,0.000,0.000,0.000,0.013,0.923,0.637,0.308,0.004,0.996,0.006,0.580
494,16.483,0.000,0.000,0.000,0.000,0,0,0,0.000,0.000,0,0,1.000,0,0.000,0.000,0.000,0.000,0.022,1.000,0.618,0.337,0.010,0.990,0.001,0.580
496,16.550,0.000,0.000,0.000,0.000,0,0,0,0.000,0.000,0,0,1.000,0,0.000,0.000,0.000,0.000,0.031,1.000,0.804,1.215,0.017,0.983,0.001,0.580
498,16.617,0.000,0.000,0.000,0.000,0,0,0,0.000,0.000,0,0,1.000,0,0.000,0.000,0.000,0.000,0.005,1.000,0.279,1.256,0.002,0.998,0.000,0.580
500,16.683,0.000,0.000,0.000,0.000,0,0,0,0.000,0.000,0,0,1.000,0,0.000,0.000,0.000,0.000,0.002,1.000,0.298,0.281,0.001,0.999,0.000,0.580
502,16.750,0.000,0.000,0.000,0.000,0,0,0,0.000,0.000,0,0,1.000,0,0.000,0.000,0.000,0.000,0.009,1.000,0.610,0.290,0.004,0.996,0.000,0.580
504,16.817,0.000,0.000,0.000,0.000,0,0,0,0.000,0.000,0,0,1.000,0,0.000,0.000,0.000,0.000,0.006,0.928,0.759,0.010,0.002,0.998,0.005,0.580
506,16.884,0.000,0.000,0.000,0.000,0,0,0,0.000,0.000,0,0,1.000,0,0.000,0.000,0.000,0.000,0.006,0.868,0.727,0.778,0.003,0.997,0.009,0.580
508,16.950,0.000,0.000,0.000,0.000,0,0,0,0.000,0.000,0,0,1.000,0,0.000,0.000,0.000,0.000,0.008,0.974,0.696,0.438,0.003,0.997,0.002,0.580
510,17.017,0.000,0.000,0.000,0.000,0,0,0,0.000,0.000,0,0,1.000,0,0.000,0.000,0.000,0.000,0.014,0.164,0.683,0.242,0.005,0.995,0.059,0.580
512,17.084,0.000,0.000,0.000,0.000,0,0,0,0.000,0.000,0,0,1.000,0,0.000,0.000,0.000,0.000,1.154,0.454,0.672,0.791,0.126,0.874,0.067,0.580
514,17.150,0.000,0.000,0.000,0.000,0,0,0,0.000,0.000,0,0,1.000,0,0.000,0.000,0.000,0.000,3.299,0.244,0.627,0.613,0.225,0.775,0.135,0.580
516,17.217,0.000,0.000,0.000,0.000,0,0,0,0.000,0.000,0,0,1.000,0,0.000,0.000,0.000,0.000,5.718,0.322,0.532,0.294,0.179,0.821,0.190,0.580
518,17.284,0.000,0.000,0.000,0.000,0,0,0,0.000,0.000,0,0,1.000,0,0.000,0.000,0.000,0.000,6.768,0.450,0.371,2.670,0.164,0.836,0.208,0.580
520,17.351,0.000,0.000,0.000,0.000,0,0,0,0.000,0.000,0,0,1.000,0,0.000,0.000,0.000,0.000,7.794,0.558,0.180,0.466,0.181,0.819,0.226,0.580
522,17.417,0.000,0.000,0.000,0.000,0,0,0,0.000,0.000,0,0,1.000,0,0.000,0.000,0.000,0.000,4.721,0.739,0.044,0.538,0.149,0.851,0.136,0.580
524,17.484,0.000,0.000,0.000,0.000,0,0,0,0.000,0.000,0,0,1.000,0,0.000,0.000,0.000,0.000,3.377,0.735,0.185,0.419,0.133,0.867,0.103,0.580
526,17.551,0.000,0.000,0.000,0.000,0,0,0,0.000,0.000,0,0,1.000,0,0.000,0.000,0.000,0.000,3.597,0.203,0.309,2.125,0.132,0.868,0.146,0.580
528,17.618,0.000,0.000,0.000,0.000,0,0,0,0.000,0.000,0,0,1.000,0,0.000,0.000,0.000,0.000,2.827,0.404,0.439,1.433,0.138,0.862,0.112,0.580
530,17.684,0.000,0.000,0.000,0.000,0,0,0,0.000,0.000,0,0,1.000,0,0.000,0.000,0.000,0.000,3.234,0.314,0.590,0.297,0.129,0.871,0.129,0.580
532,17.751,0.000,0.000,0.000,0.000,0,0,0,0.000,0.000,0,0,1.000,0,0.000,0.000,0.000,0.000,1.910,0.887,0.764,1.040,0.109,0.891,0.056,0.580
534,17.818,0.000,0.000,0.000,0.000,0,0,0,0.000,0.000,0,0,1.000,0,0.000,0.000,0.000,0.000,4.488,0.851,134.502,0.415,0.133,0.867,0.123,0.700
536,17.885,0.000,0.000,0.000,0.000,0,0,0,0.000,0.000,0,0,1.000,0,0.000,0.000,0.000,0.000,6.185,0.797,147.038,0.259,0.157,0.843,0.169,0.700
538,17.951,0.000,0.000,0.000,0.000,0,0,0,0.000,0.000,0,0,1.000,0,0.000,0.000,0.000,0.000,3.302,0.548,164.592,0.817,0.132,0.868,0.114,0.700
540,18.018,0.000,0.000,0.000,0.000,0,0,0,0.000,0.000,0,0,1.000,0,0.000,0.000,0.000,0.000,3.797,0.379,174.460,0.455,0.116,0.884,0.138,0.700
542,18.085,0.000,0.000,0.000,0.000,0,0,0,0.000,0.000,0,0,1.000,0,0.000,0.000,0.000,0.000,3.644,0.307,413.386,0.509,0.109,0.891,0.140,0.700
544,18.151,0.000,0.000,0.000,0.000,0,0,0,0.000,0.000,0,0,1.000,0,0.000,0.000,0.000,0.000,7.980,0.587,14.805,0.361,0.141,0.859,0.228,0.700
546,18.218,0.000,0.000,0.000,0.000,0,0,0,0.000,0.000,0,0,1.000,0,0.000,0.000,0.000,0.000,5.866,0.866,5.084,0.157,0.131,0.869,0.156,0.700
548,18.285,0.000,0.000,0.000,0.000,0,0,0,0.000,0.000,0,0,1.000,0,0.000,0.000,0.000,0.000,2.679,0.845,2.484,0.140,0.115,0.885,0.078,0.700
550,18.352,0.000,0.000,0.000,0.000,0,0,0,0.000,0.000,0,0,1.000,0,0.000,0.000,0.000,0.000,2.193,0.891,1.478,0.351,0.114,0.886,0.062,0.700
552,18.418,0.000,0.000,0.000,0.000,0,0,0,0.000,0.000,0,0,1.000,0,0.000,0.000,0.000,0.000,0.923,0.400,0.859,0.569,0.089,0.911,0.065,0.580
554,18.485,0.000,0.000,0.000,0.000,0,0,0,0.000,0.000,0,0,1.000,0,0.000,0.000,0.000,0.000,1.436,0.818,0.635,0.904,0.095,0.905,0.049,0.580
556,18.552,0.000,0.000,0.000,0.000,0,0,0,0.000,0.000,0,0,1.000,0,0.000,0.000,0.000,0.000,2.322,0.869,0.514,0.517,0.103,0.897,0.067,0.580
558,18.619,0.000,0.000,0.000,0.000,0,0,0,0.000,0.000,0,0,1.000,0,0.000,0.000,0.000,0.000,0.647,0.896,0.403,0.151,0.064,0.936,0.023,0.580
560,18.685,0.000,0.000,0.000,0.000,0,0,0,0.000,0.000,0,0,1.000,0,0.000,0.000,0.000,0.000,0.576,0.726,0.288,0.838,0.086,0.914,0.034,0.580
562,18.752,0.000,0.000,0.000,0.000,0,0,0,0.000,0.000,0,0,1.000,0,0.000,0.000,0.000,0.000,0.407,0.768,0.143,1.847,0.058,0.942,0.026,0.580
564,18.819,0.000,0.000,0.000,0.000,0,0,0,0.000,0.000,0,0,1.000,0,0.000,0.000,0.000,0.000,0.918,0.855,0.055,0.358,0.081,0.919,0.033,0.580
566,18.886,0.000,0.000,0.000,0.000,0,0,0,0.000,0.000,0,0,1.000,0,0.000,0.000,0.000,0.000,0.689,0.957,0.173,0.803,0.069,0.931,0.020,0.580
568,18.952,0.000,0.000,0.000,0.000,0,0,0,0.000,0.000,0,0,1.000,0,0.000,0.000,0.000,0.000,0.289,0.680,0.524,0.244,0.052,0.948,0.030,0.580
570,19.019,0.000,0.000,0.000,0.000,0,0,0,0.000,0.000,0,0,1.000,0,0.000,0.000,0.000,0.000,0.496,0.951,0.786,2.921,0.064,0.936,0.016,0.580
572,19.086,0.000,0.000,0.000,0.000,0,0,0,0.000,0.000,0,0,1.000,0,0.000,0.000,0.000,0.000,0.867,0.952,1.181,1.370,0.081,0.919,0.025,0.580
574,19.152,0.000,0.000,0.000,0.000,0,0,0,0.000,0.000,0,0,1.000,0,0.000,0.000,0.000,0.000,0.444,0.970,1.542,0.284,0.060,0.940,0.013,0.700
576,19.219,0.000,0.000,0.000,0.000,0,0,0,0.000,0.000,0,0,1.000,0,0.000,0.000,0.000,0.000,0.430,0.771,1.809,2.031,0.059,0.941,0.027,0.700
578,19.286,0.000,0.000,0.000,0.000,0,0,0,0.000,0.000,0,0,1.000,0,0.000,0.000,0.000,0.000,1.768,0.918,2.010,0.520,0.097,0.903,0.050,0.700
580,19.353,0.000,0.000,0.000,0.000,0,0,0,0.000,0.000,0,0,1.000,0,0.000,0.000,0.000,0.000,0.396,0.958,1.929,1.740,0.061,0.939,0.013,0.700
582,19.419,0.000,0.000,0.000,0.000,0,0,0,0.000,0.000,0,0,1.000,0,0.000,0.000,0.000,0.000,0.529,0.927,1.993,0.104,0.060,0.940,0.018,0.700
584,19.486,0.000,0.000,0.000,0.000,0,0,0,0.000,0.000,0,0,1.000,0,0.000,0.000,0.000,0.000,0.958,0.910,1.680,1.329,0.074,0.926,0.030,0.700
586,19.553,0.000,0.000,0.000,0.000,0,0,0,0.000,0.000,0,0,1.000,0,0.000,0.000,0.000,0.000,0.539,0.912,1.543,0.185,0.052,0.948,0.020,0.700
588,19.620,0.000,0.000,0.000,0.000,0,0,0,0.000,0.000,0,0,1.000,0,0.000,0.000,0.000,0.000,0.283,0.934,1.538,2.830,0.057,0.943,0.012,0.700
590,19.686,0.000,0.000,0.000,0.000,0,0,0,0.000,0.000,0,0,1.000,0,0.000,0.000,0.000,0.000,0.271,0.879,1.377,2.126,0.042,0.958,0.015,0.580
592,19.753,0.000,0.000,0.000,0.000,0,0,0,0.000,0.000,0,0,1.000,0,0.000,0.000,0.000,0.000,0.548,0.907,1.224,0.822,0.066,0.934,0.020,0.580
594,19.820,0.000,0.000,0.000,0.000,0,0,0,0.000,0.000,0,0,1.000,0,0.000,0.000,0.000,0.000,0.821,0.811,1.123,1.132,0.068,0.932,0.034,0.580
596,19.887,0.000,0.000,0.000,0.000,0,0,0,0.000,0.000,0,0,1.000,0,0.000,0.000,0.000,0.000,0.649,0.818,1.004,2.632,0.058,0.942,0.029,0.580
598,19.953,0.000,0.000,0.000,0.000,0,0,0,0.000,0.000,0,0,1.000,0,0.000,0.000,0.000,0.000,0.938,0.956,0.892,0.548,0.071,0.929,0.027,0.580
600,20.020,0.000,0.000,0.000,0.000,0,0,0,0.000,0.000,0,0,1.000,0,0.000,0.000,0.000,0.000,0.419,0.496,0.756,2.798,0.053,0.947,0.046,0.580
602,20.087,0.000,0.000,0.000,0.000,0,0,0,0.000,0.000,0,0,1.000,0,0.000,0.000,0.000,0.000,1.081,0.862,0.655,0.648,0.079,0.921,0.037,0.580
604,20.153,0.000,0.000,0.000,0.000,0,0,0,0.000,0.000,0,0,1.000,0,0.000,0.000,0.000,0.000,3.625,0.760,0.569,0.682,0.104,0.896,0.107,0.580
606,20.220,0.000,0.000,0.000,0.000,0,0,0,0.000,0.000,0,0,1.000,0,0.000,0.000,0.000,0.000,8.349,0.598,0.356,0.012,0.253,0.747,0.228,0.580
608,20.287,0.000,0.000,0.000,0.000,0,0,0,0.000,0.000,0,0,1.000,0,0.000,0.000,0.000,0.000,7.193,0.867,0.523,0.195,0.104,0.896,0.189,0.580
610,20.354,0.000,0.000,0.000,0.000,0,0,0,0.000,0.000,0,0,1.000,0,0.000,0.000,0.000,0.000,5.282,0.433,1.274,1.500,0.139,0.861,0.172,0.580
612,20.420,0.000,0.000,0.000,0.000,0,0,0,0.000,0.000,0,0,1.000,0,0.000,0.000,0.000,0.000,5.507,0.720,2.251,0.359,0.195,0.805,0.157,0.700
614,20.487,0.000,0.000,0.000,0.000,0,0,0,0.000,0.000,0,0,1.000,0,0.000,0.000,0.000,0.000,1.407,0.305,2.867,0.446,0.101,0.899,0.084,0.700
616,20.554,0.000,0.000,0.000,0.000,0,0,0,0.000,0.000,0,0,1.000,0,0.000,0.000,0.000,0.000,2.369,0.921,3.104,0.045,0.100,0.900,0.065,0.700
618,20.621,0.000,0.000,0.000,0.000,0,0,0,0.000,0.000,0,0,1.000,0,0.000,0.000,0.000,0.000,2.388,0.873,5.447,1.000,0.112,0.888,0.069,0.700
620,20.687,0.000,0.000,0.000,0.000,0,0,0,0.000,0.000,0,0,1.000,0,0.000,0.000,0.000,0.000,0.918,0.940,5.710,0.655,0.117,0.883,0.027,0.700
622,20.754,0.000,0.000,0.000,0.000,0,0,0,0.000,0.000,0,0,1.000,0,0.000,0.000,0.000,0.000,0.824,0.861,5.707,0.393,0.108,0.892,0.030,0.700
624,20.821,0.000,0.000,0.000,0.000,0,0,0,0.000,0.000,0,0,1.000,0,0.000,0.000,0.000,0.000,2.752,0.825,5.788,0.386,0.147,0.853,0.081,0.700
626,20.888,0.000,0.000,0.000,0.000,0,0,0,0.000,0.000,0,0,1.000,0,0.000,0.000,0.000,0.000,1.295,0.695,6.222,1.149,0.101,0.899,0.054,0.700
628,20.954,0.000,0.000,0.000,0.000,0,0,0,0.000,0.000,0,0,1.000,0,0.000,0.000,0.000,0.000,0.591,0.528,6.352,1.889,0.067,0.933,0.048,0.700
630,21.021,0.000,0.000,0.000,0.000,0,0,0,0.000,0.000,0,0,1.000,0,0.000,0.000,0.000,0.000,1.372,0.838,6.225,0.518,0.104,0.896,0.046,0.700
632,21.088,0.000,0.000,0.000,0.000,0,0,0,0.000,0.000,0,0,1.000,0,0.000,0.000,0.000,0.000,1.453,0.730,6.364,0.561,0.119,0.881,0.055,0.700
634,21.154,0.000,0.000,0.000,0.000,0,0,0,0.000,0.000,0,0,1.000,0,0.000,0.000,0.000,0.000,1.426,0.702,6.194,0.040,0.116,0.884,0.057,0.700
636,21.221,0.000,0.000,0.000,0.000,0,0,0,0.000,0.000,0,0,1.000,0,0.000,0.000,0.000,0.000,1.340,0.665,2.420,0.395,0.117,0.883,0.057,0.700
638,21.288,0.000,0.000,0.000,0.000,0,0,0,0.000,0.000,0,0,1.000,0,0.000,0.000,0.000,0.000,1.087,0.740,0.492,0.254,0.070,0.930,0.045,0.580
640,21.355,0.000,0.000,0.000,0.000,0,0,0,0.000,0.000,0,0,1.000,0,0.000,0.000,0.000,0.000,0.745,0.694,0.091,0.898,0.087,0.913,0.040,0.580
642,21.421,0.000,0.000,0.000,0.000,0,0,0,0.000,0.000,0,0,1.000,0,0.000,0.000,0.000,0.000,0.878,0.702,0.154,1.911,0.098,0.902,0.043,0.580
644,21.488,0.000,0.000,0.000,0.000,0,0,0,0.000,0.000,0,0,1.000,0,0.000,0.000,0.000,0.000,0.464,0.677,0.386,0.176,0.063,0.937,0.034,0.580
646,21.555,0.000,0.000,0.000,0.000,0,0,0,0.000,0.000,0,0,1.000,0,0.000,0.000,0.000,0.000,0.443,0.621,0.423,2.360,0.060,0.940,0.038,0.580
648,21.622,0.000,0.000,0.000,0.000,0,0,0,0.000,0.000,0,0,1.000,0,0.000,0.000,0.000,0.000,0.695,0.832,0.525,0.423,0.076,0.924,0.029,0.580
650,21.688,0.000,0.000,0.000,0.000,0,0,0,0.000,0.000,0,0,1.000,0,0.000,0.000,0.000,0.000,0.869,0.744,0.639,1.056,0.082,0.918,0.040,0.580
652,21.755,0.000,0.000,0.000,0.000,0,0,0,0.000,0.000,0,0,1.000,0,0.000,0.000,0.000,0.000,0.674,0.466,0.666,0.847,0.094,0.906,0.054,0.580
654,21.822,0.000,0.000,0.000,0.000,0,0,0,0.000,0.000,0,0,1.000,0,0.000,0.000,0.000,0.000,1.751,0.521,0.682,1.121,0.090,0.910,0.077,0.580
656,21.889,0.000,0.000,0.000,0.000,0,0,0,0.000,0.000,0,0,1.000,0,0.000,0.000,0.000,0.000,2.727,0.738,0.777,0.141,0.211,0.789,0.087,0.580
658,21.955,0.000,0.000,0.000,0.000,0,0,0,0.000,0.000,0,0,1.000,0,0.000,0.000,0.000,0.000,1.928,0.675,0.766,0.088,0.133,0.867,0.071,0.580
660,22.022,0.000,0.000,0.000,0.000,0,0,0,0.000,0.000,0,0,1.000,0,0.000,0.000,0.000,0.000,3.601,0.142,0.714,1.715,0.467,0.533,0.150,0.717
662,22.089,0.000,0.000,0.000,0.000,0,0,0,0.000,0.000,0,0,1.000,0,0.000,0.000,0.000,0.000,0.324,0.985,0.694,0.298,0.050,0.950,0.009,0.580
664,22.155,0.000,0.000,0.000,0.000,0,0,0,0.000,0.000,0,0,1.000,0,0.000,0.000,0.000,0.000,0.592,0.933,0.742,0.890,0.056,0.944,0.019,0.580
666,22.222,0.000,0.000,0.000,0.000,0,0,0,0.000,0.000,0,0,1.000,0,0.000,0.000,0.000,0.000,0.129,0.814,0.696,0.228,0.027,0.973,0.016,0.580
668,22.289,0.000,0.000,0.000,0.000,0,0,0,0.000,0.000,0,0,1.000,0,0.000,0.000,0.000,0.000,0.349,0.950,0.667,2.944,0.063,0.937,0.012,0.580
670,22.356,0.000,0.000,0.000,0.000,0,0,0,0.000,0.000,0,0,1.000,0,0.000,0.000,0.000,0.000,1.064,0.684,0.636,0.798,0.182,0.818,0.049,0.580
672,22.422,0.000,0.000,0.000,0.000,0,0,0,0.000,0.000,0,0,1.000,0,0.000,0.000,0.000,0.000,0.904,0.947,0.506,0.791,0.099,0.901,0.026,0.580
674,22.489,0.000,0.000,0.000,0.000,0,0,0,0.000,0.000,0,0,1.000,0,0.000,0.000,0.000,0.000,1.242,0.944,0.465,1.949,0.089,0.911,0.035,0.580
676,22.556,0.000,0.000,0.000,0.000,0,0,0,0.000,0.000,0,0,1.000,0,0.000,0.000,0.000,0.000,0.627,0.960,0.263,0.274,0.077,0.923,0.018,0.580
678,22.623,0.000,0.000,0.000,0.000,0,0,0,0.000,0.000,0,0,1.000,0,0.000,0.000,0.000,0.000,0.531,0.890,0.052,2.384,0.115,0.885,0.021,0.580
680,22.689,0.000,0.000,0.000,0.000,0,0,0,0.000,0.000,0,0,1.000,0,0.000,0.000,0.000,0.000,0.689,0.852,0.123,0.059,0.059,0.941,0.028,0.580
682,22.756,0.000,0.000,0.000,0.000,0,0,0,0.000,0.000,0,0,1.000,0,0.000,0.000,0.000,0.000,0.947,0.742,0.107,0.752,0.084,0.916,0.042,0.580
684,22.823,0.000,0.000,0.000,0.000,0,0,0,0.000,0.000,0,0,1.000,0,0.000,0.000,0.000,0.000,0.820,0.648,0.156,0.323,0.072,0.928,0.045,0.580
686,22.890,0.000,0.000,0.000,0.000,0,0,0,0.000,0.000,0,0,1.000,0,0.000,0.000,0.000,0.000,0.573,0.276,0.234,0.398,0.072,0.928,0.065,0.580
688,22.956,0.000,0.000,0.000,0.000,0,0,0,0.000,0.000,0,0,1.000,0,0.000,0.000,0.000,0.000,0.347,0.921,0.251,1.882,0.071,0.929,0.014,0.580
690,23.023,0.000,0.000,0.000,0.000,0,0,0,0.000,0.000,0,0,1.000,0,0.000,0.000,0.000,0.000,0.430,0.759,0.568,1.387,0.075,0.925,0.028,0.580
692,23.090,0.000,0.000,0.000,0.000,0,0,0,0.000,0.000,0,0,1.000,0,0.000,0.000,0.000,0.000,0.598,0.977,0.824,2.068,0.073,0.927,0.017,0.580
694,23.156,0.000,0.000,0.000,0.000,0,0,0,0.000,0.000,0,0,1.000,0,0.000,0.000,0.000,0.000,0.136,0.532,0.685,1.870,0.034,0.966,0.036,0.580
696,23.223,0.000,0.000,0.000,0.000,0,0,0,0.000,0.000,0,0,1.000,0,0.000,0.000,0.000,0.000,0.219,0.991,0.646,1.147,0.039,0.961,0.006,0.580
698,23.290,0.000,0.000,0.000,0.000,0,0,0,0.000,0.000,0,0,1.000,0,0.000,0.000,0.000,0.000,0.525,0.965,0.528,0.879,0.089,0.911,0.016,0.580
700,23.357,0.000,0.000,0.000,0.000,0,0,0,0.000,0.000,0,0,1.000,0,0.000,0.000,0.000,0.000,0.586,0.085,0.453,0.429,0.057,0.943,0.079,0.580
702,23.423,0.000,0.000,0.000,0.000,0,0,0,0.000,0.000,0,0,1.000,0,0.000,0.000,0.000,0.000,1.483,0.779,0.511,1.606,0.153,0.847,0.053,0.580
704,23.490,0.000,0.000,0.000,0.000,0,0,0,0.000,0.000,0,0,1.000,0,0.000,0.000,0.000,0.000,1.800,0.749,0.473,0.275,0.116,0.884,0.063,0.580
706,23.557,0.000,0.000,0.000,0.000,0,0,0,0.000,0.000,0,0,1.000,0,0.000,0.000,0.000,0.000,1.744,0.606,0.496,0.327,0.106,0.894,0.071,0.580
708,23.624,0.000,0.000,0.000,0.000,0,0,0,0.000,0.000,0,0,1.000,0,0.000,0.000,0.000,0.000,1.927,0.656,0.433,0.194,0.117,0.883,0.072,0.580
710,23.690,0.000,0.000,0.000,0.000,0,0,0,0.000,0.000,0,0,1.000,0,0.000,0.000,0.000,0.000,5.788,0.612,0.319,0.012,0.231,0.769,0.172,0.580
712,23.757,0.000,0.000,0.000,0.000,0,0,0,0.000,0.000,0,0,1.000,0,0.000,0.000,0.000,0.000,0.618,0.791,0.056,0.846,0.081,0.919,0.030,0.580
714,23.824,0.000,0.000,0.000,0.000,0,0,0,0.000,0.000,0,0,1.000,0,0.000,0.000,0.000,0.000,1.802,0.686,0.013,2.016,0.115,0.885,0.067,0.580
716,23.891,0.000,0.000,0.000,0.000,0,0,0,0.000,0.000,0,0,1.000,0,0.000,0.000,0.000,0.000,0.790,0.401,0.151,2.933,0.078,0.922,0.062,0.580
718,23.957,0.000,0.000,0.000,0.000,0,0,0,0.000,0.000,0,0,1.000,0,0.000,0.000,0.000,0.000,0.432,0.579,0.363,0.370,0.067,0.933,0.040,0.580
720,24.024,0.000,0.000,0.000,0.000,0,0,0,0.000,0.000,0,0,1.000,0,0.000,0.000,0.000,0.000,1.223,0.856,0.517,0.733,0.084,0.916,0.041,0.580
722,24.091,0.000,0.000,0.000,0.000,0,0,0,0.000,0.000,0,0,1.000,0,0.000,0.000,0.000,0.000,0.500,0.919,2.257,0.897,0.059,0.941,0.018,0.700
724,24.157,0.000,0.000,0.000,0.000,0,0,0,0.000,0.000,0,0,1.000,0,0.000,0.000,0.000,0.000,1.471,0.966,2.262,0.536,0.090,0.910,0.039,0.700
726,24.224,0.000,0.000,0.000,0.000,0,0,0,0.000,0.000,0,0,1.000,0,0.000,0.000,0.000,0.000,4.094,0.677,2.440,1.567,0.105,0.895,0.125,0.700
728,24.291,0.000,0.000,0.000,0.000,0,0,0,0.000,0.000,0,0,1.000,0,0.000,0.000,0.000,0.000,3.013,0.787,3.335,0.112,0.103,0.897,0.090,0.700
730,24.358,0.000,0.000,0.000,0.000,0,0,0,0.000,0.000,0,0,1.000,0,0.000,0.000,0.000,0.000,4.429,0.743,3.939,0.166,0.122,0.878,0.129,0.700
732,24.424,0.000,0.000,0.000,0.000,0,0,0,0.000,0.000,0,0,1.000,0,0.000,0.000,0.000,0.000,1.647,0.733,5.296,0.547,0.088,0.912,0.060,0.700
734,24.491,0.000,0.000,0.000,0.000,0,0,0,0.000,0.000,0,0,1.000,0,0.000,0.000,0.000,0.000,1.125,0.825,4.147,0.932,0.088,0.912,0.040,0.700
736,24.558,0.000,0.000,0.000,0.000,0,0,0,0.000,0.000,0,0,1.000,0,0.000,0.000,0.000,0.000,0.953,0.935,3.161,2.011,0.104,0.896,0.028,0.700
738,24.625,0.000,0.000,0.000,0.000,0,0,0,0.000,0.000,0,0,1.000,0,0.000,0.000,0.000,0.000,0.976,0.676,2.443,2.023,0.088,0.912,0.047,0.700
740,24.691,0.000,0.000,0.000,0.000,0,0,0,0.000,0.000,0,0,1.000,0,0.000,0.000,0.000,0.000,1.110,0.842,1.861,0.031,0.073,0.927,0.039,0.700
742,24.758,0.000,0.000,0.000,0.000,0,0,0,0.000,0.000,0,0,1.000,0,0.000,0.000,0.000,0.000,0.697,0.591,0.308,1.452,0.101,0.899,0.046,0.580
744,24.825,0.000,0.000,0.000,0.000,0,0,0,0.000,0.000,0,0,1.000,0,0.000,0.000,0.000,0.000,1.091,0.697,0.327,0.654,0.104,0.896,0.048,0.580
746,24.892,0.000,0.000,0.000,0.000,0,0,0,0.000,0.000,0,0,1.000,0,0.000,0.000,0.000,0.000,0.401,0.430,0.243,0.162,0.069,0.931,0.050,0.580
748,24.958,0.000,0.000,0.000,0.000,0,0,0,0.000,0.000,0,0,1.000,0,0.000,0.000,0.000,0.000,0.629,0.409,0.214,0.553,0.084,0.916,0.057,0.580
750,25.025,0.000,0.000,0.000,0.000,0,0,0,0.000,0.000,0,0,1.000,0,0.000,0.000,0.000,0.000,0.871,0.977,0.220,0.549,0.085,0.915,0.023,0.580
752,25.092,0.000,0.000,0.000,0.000,0,0,0,0.000,0.000,0,0,1.000,0,0.000,0.000,0.000,0.000,1.530,0.978,0.166,0.623,0.126,0.874,0.040,0.580
754,25.158,0.000,0.000,0.000,0.000,0,0,0,0.000,0.000,0,0,1.000,0,0.000,0.000,0.000,0.000,1.401,0.947,0.222,0.258,0.100,0.900,0.039,0.580
756,25.225,0.000,0.000,0.000,0.000,0,0,0,0.000,0.000,0,0,1.000,0,0.000,0.000,0.000,0.000,0.596,0.937,0.156,0.117,0.102,0.898,0.019,0.580
758,25.292,0.000,0.000,0.000,0.000,0,0,0,0.000,0.000,0,0,1.000,0,0.000,0.000,0.000,0.000,0.230,0.821,0.202,0.032,0.041,0.959,0.018,0.580
760,25.359,0.000,0.000,0.000,0.000,0,0,0,0.000,0.000,0,0,1.000,0,0.000,0.000,0.000,0.000,1.376,0.876,0.447,2.278,0.095,0.905,0.043,0.580
762,25.425,0.000,0.000,0.000,0.000,0,0,0,0.000,0.000,0,0,1.000,0,0.000,0.000,0.000,0.000,1.837,0.832,0.720,0.016,0.087,0.913,0.058,0.580
764,25.492,0.000,0.000,0.000,0.000,0,0,0,0.000,0.000,0,0,1.000,0,0.000,0.000,0.000,0.000,2.943,0.848,0.720,0.190,0.168,0.832,0.084,0.580
766,25.559,0.000,0.000,0.000,0.000,0,0,0,0.000,0.000,0,0,1.000,0,0.000,0.000,0.000,0.000,2.113,0.725,0.604,0.173,0.099,0.901,0.072,0.580
768,25.626,0.000,0.000,0.000,0.000,0,0,0,0.000,0.000,0,0,1.000,0,0.000,0.000,0.000,0.000,2.781,0.659,0.512,0.107,0.140,0.860,0.093,0.580
770,25.692,0.000,0.000,0.000,0.000,0,0,0,0.000,0.000,0,0,1.000,0,0.000,0.000,0.000,0.000,2.898,0.376,0.390,0.321,0.089,0.911,0.116,0.580
772,25.759,0.000,0.000,0.000,0.000,0,0,0,0.000,0.000,0,0,1.000,0,0.000,0.000,0.000,0.000,1.704,0.842,0.154,2.827,0.081,0.919,0.054,0.580
774,25.826,0.000,0.000,0.000,0.000,0,0,0,0.000,0.000,0,0,1.000,0,0.000,0.000,0.000,0.000,3.306,0.190,0.103,0.628,0.096,0.904,0.139,0.580
776,25.893,0.000,0.000,0.000,0.000,0,0,0,0.000,0.000,0,0,1.000,0,0.000,0.000,0.000,0.000,2.011,0.551,0.059,0.475,0.082,0.918,0.082,0.580
778,25.959,0.000,0.000,0.000,0.000,0,0,0,0.000,0.000,0,0,1.000,0,0.000,0.000,0.000,0.000,4.623,0.652,0.166,0.463,0.134,0.866,0.140,0.580
780,26.026,0.000,0.000,0.000,0.000,0,0,0,0.000,0.000,0,0,1.000,0,0.000,0.000,0.000,0.000,3.865,0.192,0.375,0.471,0.134,0.866,0.153,0.580
782,26.093,0.000,0.000,0.000,0.000,0,0,0,0.000,0.000,0,0,1.000,0,0.000,0.000,0.000,0.000,4.987,0.269,0.554,2.524,0.207,0.793,0.176,0.580
784,26.159,0.000,0.000,0.000,0.000,0,0,0,0.000,0.000,0,0,1.000,0,0.000,0.000,0.000,0.000,3.611,0.554,0.703,0.643,0.253,0.747,0.121,0.580
786,26.226,0.000,0.000,0.000,0.000,0,0,0,0.000,0.000,0,0,1.000,0,0.000,0.000,0.000,0.000,4.796,0.162,0.830,2.500,0.157,0.843,0.179,0.580
788,26.293,0.000,0.000,0.000,0.000,0,0,0,0.000,0.000,0,0,1.000,0,0.000,0.000,0.000,0.000,7.339,0.612,1.484,0.324,0.166,0.834,0.211,0.700
790,26.360,0.000,0.000,0.000,0.000,0,0,0,0.000,0.000,0,0,1.000,0,0.000,0.000,0.000,0.000,4.154,0.463,2.281,1.144,0.112,0.888,0.141,0.700
792,26.426,0.000,0.000,0.000,0.000,0,0,0,0.000,0.000,0,0,1.000,0,0.000,0.000,0.000,0.000,5.646,0.419,6.400,0.846,0.133,0.867,0.182,0.700
794,26.493,0.000,0.000,0.000,0.000,0,0,0,0.000,0.000,0,0,1.000,0,0.000,0.000,0.000,0.000,3.932,0.215,6.617,0.709,0.141,0.859,0.153,0.700
796,26.560,0.000,0.000,0.000,0.000,0,0,0,0.000,0.000,0,0,1.000,0,0.000,0.000,0.000,0.000,2.093,0.432,4.243,2.748,0.087,0.913,0.092,0.700
798,26.627,0.000,0.000,0.000,0.000,0,0,0,0.000,0.000,0,0,1.000,0,0.000,0.000,0.000,0.000,2.384,0.440,3.855,0.120,0.086,0.914,0.099,0.700
800,26.693,0.000,0.000,0.000,0.000,0,0,0,0.000,0.000,0,0,1.000,0,0.000,0.000,0.000,0.000,1.914,0.303,3.172,0.606,0.092,0.908,0.097,0.700
802,26.760,0.000,0.000,0.000,0.000,0,0,0,0.000,0.000,0,0,1.000,0,0.000,0.000,0.000,0.000,6.745,0.571,2.638,0.612,0.104,0.896,0.199,0.700
804,26.827,0.000,0.000,0.000,0.000,0,0,0,0.000,0.000,0,0,1.000,0,0.000,0.000,0.000,0.000,4.852,0.722,3.010,0.977,0.111,0.889,0.141,0.700
806,26.894,0.000,0.000,0.000,0.000,0,0,0,0.000,0.000,0,0,1.000,0,0.000,0.000,0.000,0.000,6.435,0.603,2.646,1.888,0.198,0.802,0.189,0.700
808,26.960,0.000,0.000,0.000,0.000,0,0,0,0.000,0.000,0,0,1.000,0,0.000,0.000,0.000,0.000,6.165,0.351,3.015,0.913,0.112,0.888,0.200,0.700
810,27.027,0.000,0.000,0.000,0.000,0,0,0,0.000,0.000,0,0,1.000,0,0.000,0.000,0.000,0.000,3.305,0.402,2.332,0.396,0.113,0.887,0.124,0.700
812,27.094,0.000,0.000,0.000,0.000,0,0,0,0.000,0.000,0,0,1.000,0,0.000,0.000,0.000,0.000,2.766,0.496,2.035,0.600,0.092,0.908,0.104,0.700
814,27.160,0.000,0.000,0.000,0.000,0,0,0,0.000,0.000,0,0,1.000,0,0.000,0.000,0.000,0.000,2.222,0.551,1.484,2.993,0.070,0.930,0.087,0.700
816,27.227,0.000,0.000,0.000,0.000,0,0,0,0.000,0.000,0,0,1.000,0,0.000,0.000,0.000,0.000,3.325,0.364,1.304,2.152,0.096,0.904,0.128,0.580
818,27.294,0.000,0.000,0.000,0.000,0,0,0,0.000,0.000,0,0,1.000,0,0.000,0.000,0.000,0.000,3.935,0.274,1.024,2.339,0.170,0.830,0.149,0.580
820,27.361,0.000,0.000,0.000,0.000,0,0,0,0.000,0.000,0,0,1.000,0,0.000,0.000,0.000,0.000,6.245,0.670,0.419,2.739,0.165,0.835,0.179,0.580
822,27.427,0.000,0.000,0.000,0.000,0,0,0,0.000,0.000,0,0,1.000,0,0.000,0.000,0.000,0.000,3.131,0.291,0.412,1.649,0.140,0.860,0.128,0.580
824,27.494,0.000,0.000,0.000,0.000,0,0,0,0.000,0.000,0,0,1.000,0,0.000,0.000,0.000,0.000,2.139,0.678,0.121,1.723,0.093,0.907,0.076,0.580
826,27.561,0.000,0.000,0.000,0.000,0,0,0,0.000,0.000,0,0,1.000,0,0.000,0.000,0.000,0.000,2.554,0.556,0.005,0.373,0.101,0.899,0.095,0.580
828,27.628,0.000,0.000,0.000,0.000,0,0,0,0.000,0.000,0,0,1.000,0,0.000,0.000,0.000,0.000,4.253,0.669,0.017,0.059,0.089,0.911,0.130,0.580
830,27.694,0.000,0.000,0.000,0.000,0,0,0,0.000,0.000,0,0,1.000,0,0.000,0.000,0.000,0.000,2.848,0.587,0.119,2.724,0.096,0.904,0.100,0.580
832,27.761,0.000,0.000,0.000,0.000,0,0,0,0.000,0.000,0,0,1.000,0,0.000,0.000,0.000,0.000,2.585,0.643,0.197,0.351,0.098,0.902,0.090,0.580
834,27.828,0.000,0.000,0.000,0.000,0,0,0,0.000,0.000,0,0,1.000,0,0.000,0.000,0.000,0.000,4.180,0.792,0.193,2.756,0.080,0.920,0.119,0.580
836,27.895,0.000,0.000,0.000,0.000,0,0,0,0.000,0.000,0,0,1.000,0,0.000,0.000,0.000,0.000,2.009,0.765,0.286,0.677,0.067,0.933,0.067,0.580
838,27.961,0.000,0.000,0.000,0.000,0,0,0,0.000,0.000,0,0,1.000,0,0.000,0.000,0.000,0.000,2.300,0.721,0.665,3.066,0.073,0.927,0.077,0.580
840,28.028,0.000,0.000,0.000,0.000,0,0,0,0.000,0.000,0,0,1.000,0,0.000,0.000,0.000,0.000,4.769,0.725,0.864,0.794,0.106,0.894,0.138,0.580
842,28.095,0.000,0.000,0.000,0.000,0,0,0,0.000,0.000,0,0,1.000,0,0.000,0.000,0.000,0.000,6.983,0.188,0.771,0.690,0.144,0.856,0.231,0.580
844,28.161,0.000,0.000,0.000,0.000,0,0,0,0.000,0.000,0,0,1.000,0,0.000,0.000,0.000,0.000,3.824,0.067,0.495,0.502,0.173,0.827,0.161,0.580
846,28.228,0.000,0.000,0.000,0.000,0,0,0,0.000,0.000,0,0,1.000,0,0.000,0.000,0.000,0.000,8.277,0.247,0.362,0.315,0.550,0.450,0.253,0.800
848,28.295,0.000,0.000,0.000,0.000,0,0,0,0.000,0.000,0,0,1.000,0,0.000,0.000,0.000,0.000,0.009,1.000,0.121,0.703,0.003,0.997,0.000,0.580
850,28.362,0.000,0.000,0.000,0.000,0,0,0,0.000,0.000,0,0,1.000,0,0.000,0.000,0.000,0.000,0.002,1.000,0.158,0.174,0.001,0.999,0.000,0.580
852,28.428,0.000,0.000,0.000,0.000,0,0,0,0.000,0.000,0,0,1.000,0,0.000,0.000,0.000,0.000,0.002,1.000,0.479,0.282,0.001,0.999,0.000,0.580
854,28.495,0.000,0.000,0.000,0.000,0,0,0,0.000,0.000,0,0,1.000,0,0.000,0.000,0.000,0.000,0.001,1.000,0.513,0.238,0.000,1.000,0.000,0.580
856,28.562,0.000,0.000,0.000,0.000,0,0,0,0.000,0.000,0,0,1.000,0,0.000,0.000,0.000,0.000,0.001,1.000,0.508,0.198,0.000,1.000,0.000,0.580
858,28.629,0.000,0.000,0.000,0.000,0,0,0,0.000,0.000,0,0,1.000,0,0.000,0.000,0.000,0.000,0.003,1.000,0.636,0.050,0.001,0.999,0.000,0.580
860,28.695,0.000,0.000,0.000,0.000,0,0,0,0.000,0.000,0,0,1.000,0,0.000,0.000,0.000,0.000,0.005,1.000,0.903,0.112,0.002,0.998,0.000,0.580
862,28.762,0.000,0.000,0.000,0.000,0,0,0,0.000,0.000,0,0,1.000,0,0.000,0.000,0.000,0.000,0.014,1.000,1.099,0.035,0.007,0.993,0.000,0.580
864,28.829,0.000,0.000,0.000,0.000,0,0,0,0.000,0.000,0,0,1.000,0,0.000,0.000,0.000,0.000,0.028,0.272,1.130,0.051,0.010,0.990,0.052,0.580
866,28.896,0.000,0.000,0.000,0.000,0,0,0,0.000,0.000,0,0,1.000,0,0.000,0.000,0.000,0.000,0.128,0.211,1.313,0.087,0.029,0.971,0.058,0.580
868,28.962,0.000,0.000,0.000,0.000,0,0,0,0.000,0.000,0,0,1.000,0,0.000,0.000,0.000,0.000,0.397,0.269,1.323,1.111,0.027,0.973,0.061,0.580
870,29.029,0.000,0.000,0.000,0.000,0,0,0,0.000,0.000,0,0,1.000,0,0.000,0.000,0.000,0.000,0.833,0.781,1.448,1.142,0.022,0.978,0.036,0.700
872,29.096,0.000,0.000,0.000,0.000,0,0,0,0.000,0.000,0,0,1.000,0,0.000,0.000,0.000,0.000,1.152,0.683,1.674,1.989,0.031,0.969,0.051,0.700
874,29.162,0.000,0.000,0.000,0.000,0,0,0,0.000,0.000,0,0,1.000,0,0.000,0.000,0.000,0.000,1.507,0.686,1.774,0.007,0.039,0.961,0.060,0.700
876,29.229,0.000,0.000,0.000,0.000,0,0,0,0.000,0.000,0,0,1.000,0,0.000,0.000,0.000,0.000,0.992,0.775,2.014,0.343,0.031,0.969,0.041,0.700
878,29.296,0.000,0.000,0.000,0.000,0,0,0,0.000,0.000,0,0,1.000,0,0.000,0.000,0.000,0.000,0.273,0.764,2.018,1.507,0.020,0.980,0.023,0.700
880,29.363,0.000,0.000,0.000,0.000,0,0,0,0.000,0.000,0,0,1.000,0,0.000,0.000,0.000,0.000,0.441,0.859,1.634,1.840,0.030,0.970,0.021,0.700
882,29.429,0.000,0.000,0.000,0.000,0,0,0,0.000,0.000,0,0,1.000,0,0.000,0.000,0.000,0.000,0.647,0.946,1.366,0.375,0.029,0.971,0.020,0.580
884,29.496,0.000,0.000,0.000,0.000,0,0,0,0.000,0.000,0,0,1.000,0,0.000,0.000,0.000,0.000,0.422,0.901,1.165,0.026,0.034,0.966,0.017,0.580
886,29.563,0.000,0.000,0.000,0.000,0,0,0,0.000,0.000,0,0,1.000,0,0.000,0.000,0.000,0.000,0.510,0.590,1.038,2.969,0.046,0.954,0.041,0.580
888,29.630,0.000,0.000,0.000,0.000,0,0,0,0.000,0.000,0,0,1.000,0,0.000,0.000,0.000,0.000,1.291,0.797,0.912,0.061,0.044,0.956,0.046,0.580
890,29.696,0.000,0.000,0.000,0.000,0,0,0,0.000,0.000,0,0,1.000,0,0.000,0.000,0.000,0.000,1.104,0.178,0.749,0.263,0.038,0.962,0.085,0.580
892,29.763,0.000,0.000,0.000,0.000,0,0,0,0.000,0.000,0,0,1.000,0,0.000,0.000,0.000,0.000,1.342,0.500,0.630,0.044,0.039,0.961,0.069,0.580
894,29.830,0.000,0.000,0.000,0.000,0,0,0,0.000,0.000,0,0,1.000,0,0.000,0.000,0.000,0.000,0.940,0.146,0.521,0.026,0.034,0.966,0.083,0.580
896,29.897,0.000,0.000,0.000,0.000,0,0,0,0.000,0.000,0,0,1.000,0,0.000,0.000,0.000,0.000,0.776,0.065,0.398,0.023,0.036,0.964,0.085,0.580
898,29.963,0.000,0.000,0.000,0.000,0,0,0,0.000,0.000,0,0,1.000,0,0.000,0.000,0.000,0.000,0.579,0.166,0.332,0.030,0.030,0.970,0.073,0.580
900,30.030,0.000,0.000,0.000,0.000,0,0,0,0.000,0.000,0,0,1.000,0,0.000,0.000,0.000,0.000,0.861,0.496,0.280,2.028,0.027,0.973,0.057,0.580
902,30.097,368.177,0.000,356.472,0.000,1,0,0,0.000,1.525,0,0,1.000,0,0.000,0.000,0.000,0.000,0.920,0.701,0.194,0.336,0.041,0.959,0.344,0.650
904,30.163,0.000,0.000,0.000,0.000,0,0,0,0.000,0.000,0,0,1.000,0,0.000,0.000,0.000,0.000,1.859,0.413,0.063,0.718,0.075,0.925,0.088,0.650
906,30.230,0.000,0.000,0.000,0.000,0,0,0,0.000,0.000,0,0,1.000,0,0.000,0.000,0.000,0.000,3.518,0.654,0.020,0.970,0.068,0.932,0.112,0.580
908,30.297,0.000,0.000,0.000,0.000,0,0,0,0.000,0.000,0,0,1.000,0,0.000,0.000,0.000,0.000,4.797,0.548,1.391,0.034,0.096,0.904,0.152,0.580
910,30.364,0.000,0.000,0.000,0.000,0,0,0,0.000,0.000,0,0,1.000,0,0.000,0.000,0.000,0.000,3.911,0.709,1.989,0.858,0.086,0.914,0.118,0.700
912,30.430,75.007,0.000,-293.170,0.000,1,0,0,0.000,1.508,0,0,1.000,0,0.000,0.000,0.000,0.000,4.579,0.460,2.445,2.552,0.083,0.917,0.452,0.700
914,30.497,53.600,0.000,-21.406,0.000,1,0,0,0.000,1.614,0,0,1.000,0,0.000,0.000,0.000,0.000,3.325,0.569,2.944,0.072,0.061,0.939,0.413,0.700
916,30.564,0.000,188.799,0.000,181.183,1,0,1,0.000,1.931,0,0,1.000,0,0.000,0.000,0.000,0.000,3.343,0.339,3.391,0.529,0.082,0.918,0.510,0.700
918,30.631,0.000,71.694,0.000,-117.105,1,0,1,0.000,1.644,0,0,1.000,0,0.000,0.000,0.000,0.000,4.435,0.566,3.863,0.011,0.077,0.923,0.521,0.700
920,30.697,0.000,39.560,0.000,-32.134,1,0,1,0.000,1.431,0,0,1.000,0,0.000,0.000,0.000,0.000,3.721,0.662,3.950,0.144,0.075,0.925,0.466,0.700
922,30.764,106.212,0.000,52.612,0.000,1,1,0,0.000,1.911,0,0,1.000,0,0.000,0.000,0.000,0.000,2.889,0.532,4.251,0.709,0.063,0.937,0.485,0.700
924,30.831,55.714,0.000,-50.498,0.000,1,1,0,0.000,1.884,0,0,1.000,0,0.000,0.000,0.000,0.000,1.823,0.636,4.312,0.594,0.051,0.949,0.451,0.700
926,30.898,31.145,0.000,-24.569,0.000,1,1,0,0.000,2.124,0,0,1.000,0,0.000,0.000,0.000,0.000,1.146,0.566,4.720,1.282,0.035,0.965,0.362,0.700
928,30.964,29.833,0.000,-1.312,0.000,1,1,0,0.000,2.298,0,0,1.000,0,0.000,0.000,0.000,0.000,0.885,0.611,5.179,0.043,0.032,0.968,0.345,0.700
930,31.031,1.000,0.000,-28.833,0.000,1,1,0,0.000,2.095,0,0,1.000,0,0.000,0.000,0.000,0.000,1.377,0.207,5.371,2.607,0.050,0.950,0.225,0.700
932,31.098,34.713,0.000,33.713,0.000,1,1,0,0.000,1.900,0,0,1.000,0,0.000,0.000,0.000,0.000,2.731,0.637,5.462,1.128,0.055,0.945,0.417,0.700
934,31.164,13.000,0.000,-21.713,0.000,1,1,0,0.000,1.596,0,0,1.000,0,0.000,0.000,0.000,0.000,1.491,0.580,5.971,0.500,0.061,0.939,0.269,0.700
936,31.231,13.416,0.000,0.416,0.000,1,1,0,0.000,1.662,0,0,1.000,0,0.000,0.000,0.000,0.000,1.343,0.592,5.096,1.758,0.053,0.947,0.267,0.700
938,31.298,14.866,0.000,1.450,0.000,1,1,0,0.000,1.653,0,0,1.000,0,0.000,0.000,0.000,0.000,1.255,0.556,2.256,2.257,0.052,0.948,0.275,0.700
940,31.365,0.000,0.000,0.000,0.000,0,0,0,0.000,0.000,0,0,1.000,0,0.000,0.000,0.000,0.000,1.158,0.714,1.021,1.297,0.039,0.961,0.049,0.650
942,31.431,116.108,0.000,101.242,0.000,1,1,0,0.000,1.605,0,0,1.000,0,0.000,0.000,0.000,0.000,1.277,0.675,0.605,0.357,0.073,0.927,0.435,0.650
944,31.498,43.863,0.000,-72.244,0.000,1,1,0,0.000,1.604,0,0,1.000,0,0.000,0.000,0.000,0.000,1.640,0.890,0.213,1.970,0.073,0.927,0.422,0.550
946,31.565,99.765,0.000,55.901,0.000,1,1,0,0.000,1.367,0,0,1.000,0,0.000,0.000,0.000,0.000,1.800,0.958,0.009,0.576,0.075,0.925,0.428,0.450
948,31.632,26.401,0.000,-73.364,0.000,1,1,0,0.000,1.265,0,0,1.000,0,0.000,0.000,0.000,0.000,1.724,0.929,0.190,0.213,0.075,0.925,0.325,0.450
950,31.698,34.482,0.000,8.081,0.000,1,1,0,0.000,1.250,0,0,1.000,0,0.000,0.000,0.000,0.000,1.542,0.737,0.434,1.780,0.063,0.937,0.379,0.550
952,31.765,36.056,0.000,1.574,0.000,1,1,0,0.000,1.237,0,0,1.000,0,0.000,0.000,0.000,0.000,2.893,0.299,0.646,0.263,0.065,0.935,0.452,0.480
954,31.832,29.000,0.000,-7.056,0.000,1,1,0,0.000,1.056,0,0,1.000,0,0.000,0.000,0.000,0.000,2.734,0.220,0.730,0.029,0.059,0.941,0.414,0.350
956,31.899,26.401,0.000,-2.599,0.000,1,1,0,0.000,0.791,0,0,1.000,0,0.000,0.000,0.000,0.000,2.433,0.257,0.756,0.137,0.078,0.922,0.389,0.000
958,31.965,29.732,0.000,3.331,0.000,1,1,0,0.000,0.904,0,0,1.000,0,0.000,0.000,0.000,0.000,1.375,0.780,0.729,0.039,0.056,0.944,0.345,0.350
960,32.032,31.765,0.000,2.033,0.000,1,1,0,0.000,0.836,0,0,1.000,0,0.000,0.000,0.000,0.000,0.628,0.730,0.736,0.422,0.058,0.942,0.341,0.000
962,32.099,23.022,0.000,-8.743,0.000,1,1,0,0.000,1.006,0,0,1.000,0,0.000,0.000,0.000,0.000,0.365,0.440,0.823,3.113,0.039,0.961,0.306,0.550
964,32.165,33.015,0.000,9.993,0.000,1,1,0,0.000,1.007,0,0,1.000,0,0.000,0.000,0.000,0.000,0.228,0.558,1.116,0.548,0.020,0.980,0.350,0.350
966,32.232,54.406,0.000,21.391,0.000,1,1,0,0.000,0.950,0,0,1.000,0,0.000,0.000,0.000,0.000,0.909,0.899,1.141,1.186,0.042,0.958,0.410,0.350
968,32.299,0.000,0.000,0.000,0.000,0,0,0,0.000,0.000,0,0,1.000,0,0.000,0.000,0.000,0.000,3.357,0.388,1.010,1.105,0.098,0.902,0.127,0.650
970,32.366,0.000,0.000,0.000,0.000,0,0,0,0.000,0.000,0,0,1.000,0,0.000,0.000,0.000,0.000,2.728,0.237,0.761,1.358,0.251,0.749,0.122,0.580
972,32.432,0.000,0.000,0.000,0.000,0,0,0,0.000,0.000,0,0,1.000,0,0.000,0.000,0.000,0.000,2.358,0.402,0.534,0.854,0.144,0.856,0.101,0.580
974,32.499,0.000,0.000,0.000,0.000,0,0,0,0.000,0.000,0,0,1.000,0,0.000,0.000,0.000,0.000,1.260,0.398,0.331,0.057,0.103,0.897,0.074,0.580
976,32.566,0.000,0.000,0.000,0.000,0,0,0,0.000,0.000,0,0,1.000,0,0.000,0.000,0.000,0.000,1.233,0.241,0.262,0.056,0.061,0.939,0.084,0.580
978,32.633,0.000,0.000,0.000,0.000,0,0,0,0.000,0.000,0,0,1.000,0,0.000,0.000,0.000,0.000,1.554,0.711,0.212,2.760,0.118,0.882,0.059,0.580
980,32.699,0.000,0.000,0.000,0.000,0,0,0,0.000,0.000,0,0,1.000,0,0.000,0.000,0.000,0.000,2.422,0.974,0.059,0.260,0.175,0.825,0.062,0.580
982,32.766,0.000,0.000,0.000,0.000,0,0,0,0.000,0.000,0,0,1.000,0,0.000,0.000,0.000,0.000,2.327,0.677,0.298,2.420,0.049,0.951,0.081,0.580
984,32.833,0.000,0.000,0.000,0.000,0,0,0,0.000,0.000,0,0,1.000,0,0.000,0.000,0.000,0.000,2.860,0.572,0.227,0.211,0.098,0.902,0.101,0.580
986,32.900,0.000,0.000,0.000,0.000,0,0,0,0.000,0.000,0,0,1.000,0,0.000,0.000,0.000,0.000,1.220,0.703,0.115,0.593,0.135,0.865,0.051,0.580
988,32.966,0.000,0.000,0.000,0.000,0,0,0,0.000,0.000,0,0,1.000,0,0.000,0.000,0.000,0.000,0.577,0.914,0.158,0.367,0.047,0.953,0.020,0.580
990,33.033,0.000,0.000,0.000,0.000,0,0,0,0.000,0.000,0,0,1.000,0,0.000,0.000,0.000,0.000,0.405,0.938,0.315,1.283,0.050,0.950,0.014,0.580
992,33.100,0.000,0.000,0.000,0.000,0,0,0,0.000,0.000,0,0,1.000,0,0.000,0.000,0.000,0.000,0.781,0.842,0.230,0.505,0.062,0.938,0.031,0.580
994,33.166,0.000,0.000,0.000,0.000,0,0,0,0.000,0.000,0,0,1.000,0,0.000,0.000,0.000,0.000,0.908,0.727,0.056,0.210,0.054,0.946,0.042,0.580
996,33.233,0.000,0.000,0.000,0.000,0,0,0,0.000,0.000,0,0,1.000,0,0.000,0.000,0.000,0.000,0.517,0.788,0.223,0.242,0.076,0.924,0.028,0.580
998,33.300,0.000,0.000,0.000,0.000,0,0,0,0.000,0.000,0,0,1.000,0,0.000,0.000,0.000,0.000,0.713,0.961,0.222,1.033,0.040,0.960,0.021,0.580
1000,33.367,0.000,0.000,0.000,0.000,0,0,0,0.000,0.000,0,0,1.000,0,0.000,0.000,0.000,0.000,0.806,0.919,0.164,0.007,0.078,0.922,0.026,0.580
1002,33.433,0.000,0.000,0.000,0.000,0,0,0,0.000,0.000,0,0,1.000,0,0.000,0.000,0.000,0.000,0.877,0.861,0.410,0.189,0.091,0.909,0.032,0.580
1004,33.500,0.000,0.000,0.000,0.000,0,0,0,0.000,0.000,0,0,1.000,0,0.000,0.000,0.000,0.000,0.356,0.945,0.590,0.375,0.045,0.955,0.013,0.580
1006,33.567,0.000,0.000,0.000,0.000,0,0,0,0.000,0.000,0,0,1.000,0,0.000,0.000,0.000,0.000,0.851,0.685,0.622,2.869,0.090,0.910,0.043,0.580
1008,33.634,0.000,0.000,0.000,0.000,0,0,0,0.000,0.000,0,0,1.000,0,0.000,0.000,0.000,0.000,2.540,0.921,0.603,1.044,0.085,0.915,0.069,0.580
1010,33.700,0.000,0.000,0.000,0.000,0,0,0,0.000,0.000,0,0,1.000,0,0.000,0.000,0.000,0.000,1.494,0.759,0.522,0.091,0.068,0.932,0.054,0.580
1012,33.767,0.000,0.000,0.000,0.000,0,0,0,0.000,0.000,0,0,1.000,0,0.000,0.000,0.000,0.000,0.956,0.440,0.638,0.713,0.082,0.918,0.063,0.580
1014,33.834,0.000,0.000,0.000,0.000,0,0,0,0.000,0.000,0,0,1.000,0,0.000,0.000,0.000,0.000,0.908,0.876,0.719,1.967,0.094,0.906,0.031,0.580
1016,33.901,0.000,0.000,0.000,0.000,0,0,0,0.000,0.000,0,0,1.000,0,0.000,0.000,0.000,0.000,1.766,0.860,0.859,0.076,0.076,0.924,0.054,0.580
1018,33.967,0.000,0.000,0.000,0.000,0,0,0,0.000,0.000,0,0,1.000,0,0.000,0.000,0.000,0.000,0.899,0.969,0.744,0.204,0.080,0.920,0.025,0.580
1020,34.034,0.000,0.000,0.000,0.000,0,0,0,0.000,0.000,0,0,1.000,0,0.000,0.000,0.000,0.000,0.686,0.924,0.638,0.161,0.083,0.917,0.022,0.580
1022,34.101,0.000,0.000,0.000,0.000,0,0,0,0.000,0.000,0,0,1.000,0,0.000,0.000,0.000,0.000,0.276,0.967,0.593,1.016,0.047,0.953,0.009,0.580
1024,34.167,0.000,0.000,0.000,0.000,0,0,0,0.000,0.000,0,0,1.000,0,0.000,0.000,0.000,0.000,0.135,0.773,0.676,0.091,0.023,0.977,0.019,0.580
1026,34.234,0.000,0.000,0.000,0.000,0,0,0,0.000,0.000,0,0,1.000,0,0.000,0.000,0.000,0.000,0.168,0.919,0.823,0.358,0.030,0.970,0.010,0.580
1028,34.301,0.000,0.000,0.000,0.000,0,0,0,0.000,0.000,0,0,1.000,0,0.000,0.000,0.000,0.000,0.297,0.966,0.796,1.513,0.039,0.961,0.010,0.580
1030,34.368,0.000,0.000,0.000,0.000,0,0,0,0.000,0.000,0,0,1.000,0,0.000,0.000,0.000,0.000,0.514,0.284,0.711,0.159,0.053,0.947,0.063,0.580
1032,34.434,0.000,0.000,0.000,0.000,0,0,0,0.000,0.000,0,0,1.000,0,0.000,0.000,0.000,0.000,0.194,0.979,0.625,0.273,0.028,0.972,0.006,0.580
1034,34.501,0.000,0.000,0.000,0.000,0,0,0,0.000,0.000,0,0,1.000,0,0.000,0.000,0.000,0.000,0.073,0.363,0.590,2.395,0.013,0.987,0.046,0.580
1036,34.568,0.000,0.000,0.000,0.000,0,0,0,0.000,0.000,0,0,1.000,0,0.000,0.000,0.000,0.000,0.077,0.867,0.511,0.050,0.015,0.985,0.011,0.580
1038,34.635,0.000,0.000,0.000,0.000,0,0,0,0.000,0.000,0,0,1.000,0,0.000,0.000,0.000,0.000,0.074,0.897,0.543,1.602,0.013,0.987,0.009,0.580
1040,34.701,0.000,0.000,0.000,0.000,0,0,0,0.000,0.000,0,0,1.000,0,0.000,0.000,0.000,0.000,0.072,0.973,0.772,0.493,0.010,0.990,0.004,0.580
1042,34.768,0.000,0.000,0.000,0.000,0,0,0,0.000,0.000,0,0,1.000,0,0.000,0.000,0.000,0.000,0.056,0.893,0.875,2.683,0.012,0.988,0.009,0.580
1044,34.835,0.000,0.000,0.000,0.000,0,0,0,0.000,0.000,0,0,1.000,0,0.000,0.000,0.000,0.000,0.066,0.715,0.913,2.412,0.013,0.987,0.022,0.580
1046,34.902,0.000,0.000,0.000,0.000,0,0,0,0.000,0.000,0,0,1.000,0,0.000,0.000,0.000,0.000,0.091,0.960,1.106,0.155,0.014,0.986,0.005,0.580
1048,34.968,0.000,0.000,0.000,0.000,0,0,0,0.000,0.000,0,0,1.000,0,0.000,0.000,0.000,0.000,0.102,0.829,1.299,2.158,0.028,0.972,0.014,0.580
1050,35.035,0.000,0.000,0.000,0.000,0,0,0,0.000,0.000,0,0,1.000,0,0.000,0.000,0.000,0.000,0.049,1.000,1.458,0.876,0.009,0.991,0.001,0.700
1052,35.102,0.000,0.000,0.000,0.000,0,0,0,0.000,0.000,0,0,1.000,0,0.000,0.000,0.000,0.000,0.109,0.696,1.618,1.214,0.021,0.979,0.024,0.700
1054,35.168,0.000,0.000,0.000,0.000,0,0,0,0.000,0.000,0,0,1.000,0,0.000,0.000,0.000,0.000,0.837,0.513,1.494,0.942,0.089,0.911,0.055,0.700
1056,35.235,0.000,0.000,0.000,0.000,0,0,0,0.000,0.000,0,0,1.000,0,0.000,0.000,0.000,0.000,2.263,0.771,1.233,1.126,0.065,0.935,0.073,0.580
1058,35.302,235.510,0.000,181.104,0.000,1,1,0,0.000,1.178,0,0,1.000,0,0.000,0.000,0.000,0.000,0.888,0.413,0.926,1.254,0.027,0.973,0.443,0.650
1060,35.369,0.000,0.000,0.000,0.000,0,0,0,0.000,0.000,0,0,1.000,0,0.000,0.000,0.000,0.000,1.095,0.196,0.795,0.903,0.035,0.965,0.084,0.650
1062,35.435,0.000,0.000,0.000,0.000,0,0,0,0.000,0.000,0,0,1.000,0,0.000,0.000,0.000,0.000,0.684,0.177,0.696,0.278,0.049,0.951,0.075,0.580
1064,35.502,0.000,0.000,0.000,0.000,0,0,0,0.000,0.000,0,0,1.000,0,0.000,0.000,0.000,0.000,0.240,0.559,0.557,0.416,0.030,0.970,0.037,0.580
1066,35.569,0.000,0.000,0.000,0.000,0,0,0,0.000,0.000,0,0,1.000,0,0.000,0.000,0.000,0.000,0.469,0.774,0.499,0.291,0.107,0.893,0.028,0.580
1068,35.636,0.000,0.000,0.000,0.000,0,0,0,0.000,0.000,0,0,1.000,0,0.000,0.000,0.000,0.000,0.108,0.103,0.371,2.313,0.034,0.966,0.066,0.580
1070,35.702,0.000,0.000,0.000,0.000,0,0,0,0.000,0.000,0,0,1.000,0,0.000,0.000,0.000,0.000,0.188,0.899,0.178,2.295,0.054,0.946,0.012,0.580
1072,35.769,0.000,0.000,0.000,0.000,0,0,0,0.000,0.000,0,0,1.000,0,0.000,0.000,0.000,0.000,0.051,0.403,0.021,1.459,0.019,0.981,0.043,0.580
1074,35.836,0.000,0.000,0.000,0.000,0,0,0,0.000,0.000,0,0,1.000,0,0.000,0.000,0.000,0.000,0.079,0.629,0.151,1.487,0.025,0.975,0.028,0.580
1076,35.903,0.000,0.000,0.000,0.000,0,0,0,0.000,0.000,0,0,1.000,0,0.000,0.000,0.000,0.000,0.053,1.000,0.282,0.034,0.018,0.982,0.001,0.580
1078,35.969,0.000,0.000,0.000,0.000,0,0,0,0.000,0.000,0,0,1.000,0,0.000,0.000,0.000,0.000,0.070,0.859,0.948,0.069,0.022,0.978,0.012,0.580
1080,36.036,0.000,0.000,0.000,0.000,0,0,0,0.000,0.000,0,0,1.000,0,0.000,0.000,0.000,0.000,0.085,0.909,1.607,0.092,0.014,0.986,0.008,0.700
1082,36.103,0.000,0.000,0.000,0.000,0,0,0,0.000,0.000,0,0,1.000,0,0.000,0.000,0.000,0.000,0.431,0.946,2.696,3.037,0.015,0.985,0.015,0.700
1084,36.169,0.000,0.000,0.000,0.000,0,0,0,0.000,0.000,0,0,1.000,0,0.000,0.000,0.000,0.000,0.764,0.882,3.072,0.010,0.025,0.975,0.027,0.700
1086,36.236,0.000,0.000,0.000,0.000,0,0,0,0.000,0.000,0,0,1.000,0,0.000,0.000,0.000,0.000,1.085,0.437,1.483,1.527,0.048,0.952,0.067,0.700
1088,36.303,0.000,0.000,0.000,0.000,0,0,0,0.000,0.000,0,0,1.000,0,0.000,0.000,0.000,0.000,1.332,0.664,0.168,1.066,0.037,0.963,0.057,0.580
1090,36.370,0.000,0.000,0.000,0.000,0,0,0,0.000,0.000,0,0,1.000,0,0.000,0.000,0.000,0.000,1.758,0.755,0.147,2.235,0.057,0.943,0.061,0.580
1092,36.436,0.000,0.000,0.000,0.000,0,0,0,0.000,0.000,0,0,1.000,0,0.000,0.000,0.000,0.000,0.785,0.845,0.149,0.693,0.027,0.973,0.030,0.580
1094,36.503,0.000,0.000,0.000,0.000,0,0,0,0.000,0.000,0,0,1.000,0,0.000,0.000,0.000,0.000,1.892,0.586,0.106,0.385,0.050,0.950,0.076,0.580
1096,36.570,0.000,0.000,0.000,0.000,0,0,0,0.000,0.000,0,0,1.000,0,0.000,0.000,0.000,0.000,1.452,0.748,0.272,0.129,0.043,0.957,0.054,0.580
1098,36.637,0.000,0.000,0.000,0.000,0,0,0,0.000,0.000,0,0,1.000,0,0.000,0.000,0.000,0.000,1.250,0.722,0.342,0.114,0.102,0.898,0.051,0.580
1100,36.703,0.000,0.000,0.000,0.000,0,0,0,0.000,0.000,0,0,1.000,0,0.000,0.000,0.000,0.000,2.459,0.689,0.468,0.443,0.126,0.874,0.083,0.580
1102,36.770,0.000,0.000,0.000,0.000,0,0,0,0.000,0.000,0,0,1.000,0,0.000,0.000,0.000,0.000,1.521,0.481,0.717,0.140,0.057,0.943,0.074,0.580
1104,36.837,0.000,0.000,0.000,0.000,0,0,0,0.000,0.000,0,0,1.000,0,0.000,0.000,0.000,0.000,0.536,0.549,0.885,3.000,0.041,0.959,0.045,0.580
1106,36.904,0.000,0.000,0.000,0.000,0,0,0,0.000,0.000,0,0,1.000,0,0.000,0.000,0.000,0.000,0.268,0.707,0.936,1.529,0.026,0.974,0.027,0.580
1108,36.970,0.000,0.000,0.000,0.000,0,0,0,0.000,0.000,0,0,1.000,0,0.000,0.000,0.000,0.000,0.293,0.816,0.962,2.195,0.024,0.976,0.020,0.580
1110,37.037,0.000,0.000,0.000,0.000,0,0,0,0.000,0.000,0,0,1.000,0,0.000,0.000,0.000,0.000,0.681,0.882,0.989,1.590,0.038,0.962,0.025,0.580
1112,37.104,0.000,0.000,0.000,0.000,0,0,0,0.000,0.000,0,0,1.000,0,0.000,0.000,0.000,0.000,0.398,0.914,1.055,0.201,0.032,0.968,0.016,0.580
1114,37.170,0.000,0.000,0.000,0.000,0,0,0,0.000,0.000,0,0,1.000,0,0.000,0.000,0.000,0.000,0.193,0.886,1.029,1.659,0.028,0.972,0.013,0.580
1116,37.237,0.000,0.000,0.000,0.000,0,0,0,0.000,0.000,0,0,1.000,0,0.000,0.000,0.000,0.000,0.966,0.798,0.976,1.820,0.036,0.964,0.038,0.580
1118,37.304,0.000,0.000,0.000,0.000,0,0,0,0.000,0.000,0,0,1.000,0,0.000,0.000,0.000,0.000,0.417,0.881,1.687,0.278,0.035,0.965,0.019,0.700
1120,37.371,0.000,0.000,0.000,0.000,0,0,0,0.000,0.000,0,0,1.000,0,0.000,0.000,0.000,0.000,0.210,0.396,1.276,0.635,0.028,0.972,0.048,0.580
1122,37.437,0.000,0.000,0.000,0.000,0,0,0,0.000,0.000,0,0,1.000,0,0.000,0.000,0.000,0.000,0.974,0.726,0.767,1.241,0.047,0.953,0.044,0.580
1124,37.504,0.000,0.000,0.000,0.000,0,0,0,0.000,0.000,0,0,1.000,0,0.000,0.000,0.000,0.000,0.579,0.774,0.774,0.118,0.039,0.961,0.030,0.580
1126,37.571,0.000,0.000,0.000,0.000,0,0,0,0.000,0.000,0,0,1.000,0,0.000,0.000,0.000,0.000,0.319,0.886,0.329,0.395,0.027,0.973,0.016,0.580
1128,37.638,0.000,0.000,0.000,0.000,0,0,0,0.000,0.000,0,0,1.000,0,0.000,0.000,0.000,0.000,0.107,0.491,0.096,0.313,0.015,0.985,0.038,0.580
1130,37.704,0.000,0.000,0.000,0.000,0,0,0,0.000,0.000,0,0,1.000,0,0.000,0.000,0.000,0.000,0.324,0.819,0.140,0.825,0.029,0.971,0.021,0.580
1132,37.771,0.000,0.000,0.000,0.000,0,0,0,0.000,0.000,0,0,1.000,0,0.000,0.000,0.000,0.000,0.739,0.855,0.510,0.019,0.041,0.959,0.029,0.580
1134,37.838,0.000,0.000,0.000,0.000,0,0,0,0.000,0.000,0,0,1.000,0,0.000,0.000,0.000,0.000,0.667,0.760,0.730,1.079,0.044,0.956,0.033,0.580
1136,37.905,0.000,0.000,0.000,0.000,0,0,0,0.000,0.000,0,0,1.000,0,0.000,0.000,0.000,0.000,0.641,0.819,0.792,1.283,0.052,0.948,0.029,0.580
1138,37.971,0.000,0.000,0.000,0.000,0,0,0,0.000,0.000,0,0,1.000,0,0.000,0.000,0.000,0.000,0.495,0.881,0.798,1.385,0.033,0.967,0.021,0.580
1140,38.038,0.000,0.000,0.000,0.000,0,0,0,0.000,0.000,0,0,1.000,0,0.000,0.000,0.000,0.000,0.611,0.884,0.823,1.485,0.044,0.956,0.023,0.580
1142,38.105,0.000,0.000,0.000,0.000,0,0,0,0.000,0.000,0,0,1.000,0,0.000,0.000,0.000,0.000,0.609,0.889,0.952,0.188,0.046,0.954,0.023,0.580
1144,38.171,0.000,0.000,0.000,0.000,0,0,0,0.000,0.000,0,0,1.000,0,0.000,0.000,0.000,0.000,0.462,0.903,0.922,0.216,0.038,0.962,0.018,0.580
1146,38.238,0.000,0.000,0.000,0.000,0,0,0,0.000,0.000,0,0,1.000,0,0.000,0.000,0.000,0.000,0.517,0.911,0.787,0.480,0.039,0.961,0.019,0.580
1148,38.305,0.000,0.000,0.000,0.000,0,0,0,0.000,0.000,0,0,1.000,0,0.000,0.000,0.000,0.000,0.434,0.898,0.820,1.977,0.033,0.967,0.018,0.580
1150,38.372,0.000,0.000,0.000,0.000,0,0,0,0.000,0.000,0,0,1.000,0,0.000,0.000,0.000,0.000,0.700,0.799,0.712,0.902,0.050,0.950,0.032,0.580
1152,38.438,0.000,0.000,0.000,0.000,0,0,0,0.000,0.000,0,0,1.000,0,0.000,0.000,0.000,0.000,1.509,0.706,0.515,0.437,0.068,0.932,0.058,0.580
1154,38.505,0.000,0.000,0.000,0.000,0,0,0,0.000,0.000,0,0,1.000,0,0.000,0.000,0.000,0.000,0.547,0.752,0.481,0.092,0.062,0.938,0.031,0.580
1156,38.572,0.000,0.000,0.000,0.000,0,0,0,0.000,0.000,0,0,1.000,0,0.000,0.000,0.000,0.000,0.763,0.828,0.382,2.391,0.052,0.948,0.031,0.580
1158,38.639,0.000,0.000,0.000,0.000,0,0,0,0.000,0.000,0,0,1.000,0,0.000,0.000,0.000,0.000,0.935,0.737,0.215,0.573,0.058,0.942,0.042,0.580
1160,38.705,0.000,0.000,0.000,0.000,0,0,0,0.000,0.000,0,0,1.000,0,0.000,0.000,0.000,0.000,2.920,0.577,0.003,1.319,0.316,0.684,0.103,0.580
1162,38.772,0.000,0.000,0.000,0.000,0,0,0,0.000,0.000,0,0,1.000,0,0.000,0.000,0.000,0.000,0.962,0.838,0.863,1.661,0.077,0.923,0.035,0.580
1164,38.839,0.000,0.000,0.000,0.000,0,0,0,0.000,0.000,0,0,1.000,0,0.000,0.000,0.000,0.000,0.879,0.755,1.465,2.258,0.079,0.921,0.039,0.700
1166,38.906,0.000,0.000,0.000,0.000,0,0,0,0.000,0.000,0,0,1.000,0,0.000,0.000,0.000,0.000,1.816,0.523,1.462,0.925,0.125,0.875,0.079,0.700
1168,38.972,0.000,0.000,0.000,0.000,0,0,0,0.000,0.000,0,0,1.000,0,0.000,0.000,0.000,0.000,1.121,0.566,1.682,0.684,0.074,0.926,0.058,0.700
1170,39.039,0.000,0.000,0.000,0.000,0,0,0,0.000,0.000,0,0,1.000,0,0.000,0.000,0.000,0.000,0.850,0.482,1.831,0.211,0.045,0.955,0.057,0.700
1172,39.106,0.000,0.000,0.000,0.000,0,0,0,0.000,0.000,0,0,1.000,0,0.000,0.000,0.000,0.000,0.532,0.483,1.928,0.146,0.034,0.966,0.050,0.700
1174,39.172,0.000,0.000,0.000,0.000,0,0,0,0.000,0.000,0,0,1.000,0,0.000,0.000,0.000,0.000,1.677,0.422,1.858,0.745,0.102,0.898,0.082,0.700
1176,39.239,0.000,0.000,0.000,0.000,0,0,0,0.000,0.000,0,0,1.000,0,0.000,0.000,0.000,0.000,1.053,0.548,2.237,0.814,0.075,0.925,0.058,0.700
1178,39.306,0.000,0.000,0.000,0.000,0,0,0,0.000,0.000,0,0,1.000,0,0.000,0.000,0.000,0.000,1.914,0.478,2.849,0.823,0.124,0.876,0.084,0.700
1180,39.373,0.000,0.000,0.000,0.000,0,0,0,0.000,0.000,0,0,1.000,0,0.000,0.000,0.000,0.000,3.317,0.610,3.319,1.984,0.169,0.831,0.110,0.700
1182,39.439,0.000,0.000,0.000,0.000,0,0,0,0.000,0.000,0,0,1.000,0,0.000,0.000,0.000,0.000,2.353,0.545,4.226,0.184,0.122,0.878,0.091,0.700
1184,39.506,0.000,0.000,0.000,0.000,0,0,0,0.000,0.000,0,0,1.000,0,0.000,0.000,0.000,0.000,1.419,0.751,2.905,0.421,0.076,0.924,0.053,0.700
1186,39.573,0.000,0.000,0.000,0.000,0,0,0,0.000,0.000,0,0,1.000,0,0.000,0.000,0.000,0.000,3.322,0.405,3.107,1.835,0.188,0.812,0.125,0.700
1188,39.640,0.000,0.000,0.000,0.000,0,0,0,0.000,0.000,0,0,1.000,0,0.000,0.000,0.000,0.000,10.862,0.269,3.647,0.618,0.496,0.504,0.251,0.746
1190,39.706,0.000,0.000,0.000,0.000,0,0,0,0.000,0.000,0,0,1.000,0,0.000,0.000,0.000,0.000,0.044,0.672,6.210,0.086,0.017,0.983,0.024,0.700
1192,39.773,0.000,0.000,0.000,0.000,0,0,0,0.000,0.000,0,0,1.000,0,0.000,0.000,0.000,0.000,0.069,0.689,2.133,2.461,0.022,0.978,0.023,0.700
1194,39.840,0.000,0.000,0.000,0.000,0,0,0,0.000,0.000,0,0,1.000,0,0.000,0.000,0.000,0.000,0.039,0.477,2.011,0.166,0.015,0.985,0.038,0.700
1196,39.907,0.000,0.000,0.000,0.000,0,0,0,0.000,0.000,0,0,1.000,0,0.000,0.000,0.000,0.000,0.026,1.000,1.903,1.710,0.011,0.989,0.001,0.700
1198,39.973,0.000,0.000,0.000,0.000,0,0,0,0.000,0.000,0,0,1.000,0,0.000,0.000,0.000,0.000,0.039,0.979,1.481,1.433,0.015,0.985,0.002,0.700
1200,40.040,0.000,0.000,0.000,0.000,0,0,0,0.000,0.000,0,0,1.000,0,0.000,0.000,0.000,0.000,0.051,0.977,1.326,0.361,0.020,0.980,0.003,0.580
1202,40.107,0.000,0.000,0.000,0.000,0,0,0,0.000,0.000,0,0,1.000,0,0.000,0.000,0.000,0.000,0.053,0.384,1.231,0.048,0.016,0.984,0.044,0.580
1204,40.173,0.000,0.000,0.000,0.000,0,0,0,0.000,0.000,0,0,1.000,0,0.000,0.000,0.000,0.000,0.049,0.976,1.182,0.225,0.016,0.984,0.003,0.580
1206,40.240,0.000,0.000,0.000,0.000,0,0,0,0.000,0.000,0,0,1.000,0,0.000,0.000,0.000,0.000,0.061,0.983,0.879,0.170,0.018,0.982,0.003,0.580
1208,40.307,0.000,0.000,0.000,0.000,0,0,0,0.000,0.000,0,0,1.000,0,0.000,0.000,0.000,0.000,0.183,1.000,0.740,0.103,0.048,0.952,0.005,0.580
1210,40.374,0.000,0.000,0.000,0.000,0,0,0,0.000,0.000,0,0,1.000,0,0.000,0.000,0.000,0.000,0.536,0.270,0.395,0.938,0.124,0.876,0.065,0.580
1212,40.440,0.000,0.000,0.000,0.000,0,0,0,0.000,0.000,0,0,1.000,0,0.000,0.000,0.000,0.000,0.412,0.888,0.141,3.133,0.095,0.905,0.018,0.580
1214,40.507,0.000,0.000,0.000,0.000,0,0,0,0.000,0.000,0,0,1.000,0,0.000,0.000,0.000,0.000,0.125,0.833,0.357,2.536,0.033,0.967,0.015,0.580
1216,40.574,0.000,0.000,0.000,0.000,0,0,0,0.000,0.000,0,0,1.000,0,0.000,0.000,0.000,0.000,0.238,0.260,0.553,0.537,0.065,0.935,0.058,0.580
1218,40.641,0.000,0.000,0.000,0.000,0,0,0,0.000,0.000,0,0,1.000,0,0.000,0.000,0.000,0.000,0.133,0.907,0.918,3.023,0.038,0.962,0.010,0.580
1220,40.707,0.000,0.000,0.000,0.000,0,0,0,0.000,0.000,0,0,1.000,0,0.000,0.000,0.000,0.000,0.107,0.989,0.900,2.869,0.030,0.970,0.003,0.580
1222,40.774,0.000,0.000,0.000,0.000,0,0,0,0.000,0.000,0,0,1.000,0,0.000,0.000,0.000,0.000,0.103,0.833,0.800,0.056,0.032,0.968,0.014,0.580
1224,40.841,0.000,0.000,0.000,0.000,0,0,0,0.000,0.000,0,0,1.000,0,0.000,0.000,0.000,0.000,0.128,1.000,0.764,2.789,0.041,0.959,0.003,0.580
1226,40.908,0.000,0.000,0.000,0.000,0,0,0,0.000,0.000,0,0,1.000,0,0.000,0.000,0.000,0.000,0.052,1.000,0.730,0.013,0.017,0.983,0.001,0.580
1228,40.974,0.000,0.000,0.000,0.000,0,0,0,0.000,0.000,0,0,1.000,0,0.000,0.000,0.000,0.000,0.131,1.000,0.670,0.014,0.038,0.962,0.003,0.580
1230,41.041,0.000,0.000,0.000,0.000,0,0,0,0.000,0.000,0,0,1.000,0,0.000,0.000,0.000,0.000,0.108,0.846,0.632,0.023,0.031,0.969,0.013,0.580
1232,41.108,0.000,0.000,0.000,0.000,0,0,0,0.000,0.000,0,0,1.000,0,0.000,0.000,0.000,0.000,0.071,0.937,0.604,0.045,0.023,0.977,0.006,0.580
1234,41.174,0.000,0.000,0.000,0.000,0,0,0,0.000,0.000,0,0,1.000,0,0.000,0.000,0.000,0.000,0.058,1.000,0.588,0.219,0.022,0.978,0.001,0.580
1236,41.241,0.000,0.000,0.000,0.000,0,0,0,0.000,0.000,0,0,1.000,0,0.000,0.000,0.000,0.000,0.034,0.743,0.541,1.536,0.014,0.986,0.019,0.580
1238,41.308,0.000,0.000,0.000,0.000,0,0,0,0.000,0.000,0,0,1.000,0,0.000,0.000,0.000,0.000,0.039,0.407,0.512,0.699,0.015,0.985,0.042,0.580
1240,41.375,0.000,0.000,0.000,0.000,0,0,0,0.000,0.000,0,0,1.000,0,0.000,0.000,0.000,0.000,0.044,0.270,0.471,0.881,0.018,0.982,0.052,0.580
1242,41.441,0.000,0.000,0.000,0.000,0,0,0,0.000,0.000,0,0,1.000,0,0.000,0.000,0.000,0.000,0.021,1.000,0.422,0.021,0.009,0.991,0.001,0.580
1244,41.508,0.000,0.000,0.000,0.000,0,0,0,0.000,0.000,0,0,1.000,0,0.000,0.000,0.000,0.000,0.038,0.179,0.385,2.716,0.015,0.985,0.058,0.580
1246,41.575,0.000,0.000,0.000,0.000,0,0,0,0.000,0.000,0,0,1.000,0,0.000,0.000,0.000,0.000,0.017,0.887,0.354,0.507,0.005,0.995,0.008,0.580
1248,41.642,0.000,0.000,0.000,0.000,0,0,0,0.000,0.000,0,0,1.000,0,0.000,0.000,0.000,0.000,0.004,0.886,0.291,0.572,0.001,0.999,0.008,0.580
1250,41.708,0.000,0.000,0.000,0.000,0,0,0,0.000,0.000,0,0,1.000,0,0.000,0.000,0.000,0.000,0.013,0.363,0.502,0.459,0.003,0.997,0.045,0.580
1252,41.775,0.000,0.000,0.000,0.000,0,0,0,0.000,0.000,0,0,1.000,0,0.000,0.000,0.000,0.000,0.008,0.588,0.581,1.061,0.002,0.998,0.029,0.580
1254,41.842,0.000,0.000,0.000,0.000,0,0,0,0.000,0.000,0,0,1.000,0,0.000,0.000,0.000,0.000,0.991,0.900,0.645,2.878,0.029,0.971,0.032,0.580
1256,41.909,0.000,0.000,0.000,0.000,0,0,0,0.000,0.000,0,0,1.000,0,0.000,0.000,0.000,0.000,2.469,0.740,0.291,0.003,0.033,0.967,0.080,0.580
1258,41.975,0.000,0.000,0.000,0.000,0,0,0,0.000,0.000,0,0,1.000,0,0.000,0.000,0.000,0.000,1.778,0.622,0.849,2.114,0.044,0.956,0.071,0.580
1260,42.042,0.000,0.000,0.000,0.000,0,0,0,0.000,0.000,0,0,1.000,0,0.000,0.000,0.000,0.000,0.805,0.637,1.629,1.121,0.024,0.976,0.046,0.700
1262,42.109,0.000,0.000,0.000,0.000,0,0,0,0.000,0.000,0,0,1.000,0,0.000,0.000,0.000,0.000,0.746,0.513,1.975,2.766,0.041,0.959,0.053,0.700
1264,42.175,0.000,0.000,0.000,0.000,0,0,0,0.000,0.000,0,0,1.000,0,0.000,0.000,0.000,0.000,0.257,0.714,2.317,1.340,0.034,0.966,0.026,0.700
1266,42.242,0.000,0.000,0.000,0.000,0,0,0,0.000,0.000,0,0,1.000,0,0.000,0.000,0.000,0.000,0.412,0.687,2.421,0.759,0.034,0.966,0.032,0.700
1268,42.309,0.000,0.000,0.000,0.000,0,0,0,0.000,0.000,0,0,1.000,0,0.000,0.000,0.000,0.000,0.545,0.889,2.594,2.816,0.038,0.962,0.021,0.700
1270,42.376,0.000,0.000,0.000,0.000,0,0,0,0.000,0.000,0,0,1.000,0,0.000,0.000,0.000,0.000,0.447,0.961,2.849,0.789,0.043,0.957,0.014,0.700
1272,42.442,0.000,0.000,0.000,0.000,0,0,0,0.000,0.000,0,0,1.000,0,0.000,0.000,0.000,0.000,1.749,0.847,4.835,0.404,0.092,0.908,0.054,0.700
1274,42.509,0.000,0.000,0.000,0.000,0,0,0,0.000,0.000,0,0,1.000,0,0.000,0.000,0.000,0.000,3.001,0.950,10.926,0.983,0.053,0.947,0.079,0.700
1276,42.576,0.000,0.000,0.000,0.000,0,0,0,0.000,0.000,0,0,1.000,0,0.000,0.000,0.000,0.000,0.517,0.676,14.440,0.531,0.038,0.962,0.036,0.700
1278,42.643,0.000,0.000,0.000,0.000,0,0,0,0.000,0.000,0,0,1.000,0,0.000,0.000,0.000,0.000,0.403,0.736,20.929,2.346,0.033,0.967,0.029,0.700
1280,42.709,0.000,0.000,0.000,0.000,0,0,0,0.000,0.000,0,0,1.000,0,0.000,0.000,0.000,0.000,1.023,0.950,21.822,0.034,0.051,0.949,0.029,0.700
1282,42.776,0.000,0.000,0.000,0.000,0,0,0,0.000,0.000,0,0,1.000,0,0.000,0.000,0.000,0.000,3.598,0.806,23.586,0.013,0.047,0.953,0.104,0.700
1284,42.843,0.000,0.000,0.000,0.000,0,0,0,0.000,0.000,0,0,1.000,0,0.000,0.000,0.000,0.000,1.314,0.857,29.811,0.177,0.041,0.959,0.043,0.700
1286,42.910,0.000,0.000,0.000,0.000,0,0,0,0.000,0.000,0,0,1.000,0,0.000,0.000,0.000,0.000,0.656,0.839,4.874,0.163,0.039,0.961,0.028,0.700
1288,42.976,0.000,0.000,0.000,0.000,0,0,0,0.000,0.000,0,0,1.000,0,0.000,0.000,0.000,0.000,1.603,0.735,1.388,0.260,0.068,0.932,0.059,0.580
1290,43.043,0.000,0.000,0.000,0.000,0,0,0,0.000,0.000,0,0,1.000,0,0.000,0.000,0.000,0.000,0.539,0.966,1.032,0.173,0.052,0.948,0.016,0.580
1292,43.110,0.000,0.000,0.000,0.000,0,0,0,0.000,0.000,0,0,1.000,0,0.000,0.000,0.000,0.000,0.357,0.943,0.940,0.128,0.034,0.966,0.013,0.580
1294,43.176,0.000,0.000,0.000,0.000,0,0,0,0.000,0.000,0,0,1.000,0,0.000,0.000,0.000,0.000,0.345,0.931,0.847,2.916,0.049,0.951,0.013,0.580
1296,43.243,0.000,0.000,0.000,0.000,0,0,0,0.000,0.000,0,0,1.000,0,0.000,0.000,0.000,0.000,0.528,0.977,0.844,1.152,0.065,0.935,0.015,0.580
1298,43.310,0.000,0.000,0.000,0.000,0,0,0,0.000,0.000,0,0,1.000,0,0.000,0.000,0.000,0.000,0.242,0.947,0.831,0.818,0.042,0.958,0.010,0.580
1300,43.377,0.000,0.000,0.000,0.000,0,0,0,0.000,0.000,0,0,1.000,0,0.000,0.000,0.000,0.000,0.151,0.878,0.768,2.408,0.039,0.961,0.012,0.580
1302,43.443,0.000,0.000,0.000,0.000,0,0,0,0.000,0.000,0,0,1.000,0,0.000,0.000,0.000,0.000,0.125,0.949,0.714,0.021,0.021,0.979,0.007,0.580
1304,43.510,0.000,0.000,0.000,0.000,0,0,0,0.000,0.000,0,0,1.000,0,0.000,0.000,0.000,0.000,0.582,0.775,0.372,1.363,0.078,0.922,0.030,0.580
1306,43.577,0.000,0.000,0.000,0.000,0,0,0,0.000,0.000,0,0,1.000,0,0.000,0.000,0.000,0.000,0.570,0.772,0.092,0.562,0.034,0.966,0.030,0.580
1308,43.644,0.000,0.000,0.000,0.000,0,0,0,0.000,0.000,0,0,1.000,0,0.000,0.000,0.000,0.000,1.303,0.593,0.128,0.081,0.051,0.949,0.061,0.580
1310,43.710,0.000,0.000,0.000,0.000,0,0,0,0.000,0.000,0,0,1.000,0,0.000,0.000,0.000,0.000,1.401,0.404,0.092,0.429,0.029,0.971,0.077,0.580
1312,43.777,0.000,0.000,0.000,0.000,0,0,0,0.000,0.000,0,0,1.000,0,0.000,0.000,0.000,0.000,1.180,0.236,0.147,0.773,0.074,0.926,0.083,0.580
1314,43.844,0.000,0.000,0.000,0.000,0,0,0,0.000,0.000,0,0,1.000,0,0.000,0.000,0.000,0.000,1.172,0.213,0.519,0.015,0.078,0.922,0.084,0.580
1316,43.911,0.000,0.000,0.000,0.000,0,0,0,0.000,0.000,0,0,1.000,0,0.000,0.000,0.000,0.000,0.524,0.104,0.551,0.141,0.102,0.898,0.076,0.580
1318,43.977,0.000,0.000,0.000,0.000,0,0,0,0.000,0.000,0,0,1.000,0,0.000,0.000,0.000,0.000,2.270,0.300,0.459,0.221,0.142,0.858,0.106,0.580
1320,44.044,0.000,0.000,0.000,0.000,0,0,0,0.000,0.000,0,0,1.000,0,0.000,0.000,0.000,0.000,1.467,0.247,0.404,0.705,0.107,0.893,0.089,0.580
1322,44.111,0.000,0.000,0.000,0.000,0,0,0,0.000,0.000,0,0,1.000,0,0.000,0.000,0.000,0.000,2.346,0.423,0.317,0.868,0.142,0.858,0.099,0.580
1324,44.177,0.000,0.000,0.000,0.000,0,0,0,0.000,0.000,0,0,1.000,0,0.000,0.000,0.000,0.000,2.891,0.522,0.151,1.840,0.103,0.897,0.106,0.580
1326,44.244,0.000,0.000,0.000,0.000,0,0,0,0.000,0.000,0,0,1.000,0,0.000,0.000,0.000,0.000,3.584,0.702,0.017,0.331,0.129,0.871,0.110,0.580
1328,44.311,0.000,0.000,0.000,0.000,0,0,0,0.000,0.000,0,0,1.000,0,0.000,0.000,0.000,0.000,3.990,0.228,0.219,1.593,0.123,0.877,0.154,0.580
1330,44.378,0.000,0.000,0.000,0.000,0,0,0,0.000,0.000,0,0,1.000,0,0.000,0.000,0.000,0.000,5.006,0.726,0.490,1.393,0.110,0.890,0.144,0.580
1332,44.444,0.000,502.364,0.000,462.804,1,0,1,0.000,1.329,0,0,1.000,0,0.000,0.000,0.000,0.000,5.939,0.553,0.826,0.210,0.119,0.881,0.560,0.650
1334,44.511,0.000,16.155,0.000,-486.209,1,0,1,0.000,1.331,0,0,1.000,0,0.000,0.000,0.000,0.000,5.985,0.712,1.311,0.446,0.105,0.895,0.390,0.580
1336,44.578,0.000,15.524,0.000,-0.631,1,0,1,0.000,1.125,0,0,1.000,0,0.000,0.000,0.000,0.000,3.068,0.829,2.170,0.092,0.100,0.900,0.305,0.700
1338,44.645,0.000,23.707,0.000,8.182,1,0,1,0.000,0.801,0,0,1.000,0,0.000,0.000,0.000,0.000,3.344,0.679,2.365,1.540,0.103,0.897,0.368,0.700
1340,44.711,0.000,20.616,0.000,-3.091,1,0,1,0.000,0.694,0,0,1.000,0,0.000,0.000,0.000,0.000,2.798,0.717,2.450,0.302,0.101,0.899,0.334,0.700
1342,44.778,0.000,7.000,0.000,-13.616,1,0,1,0.000,0.757,0,0,1.000,0,0.000,0.000,0.000,0.000,2.939,0.748,2.501,0.565,0.090,0.910,0.260,0.700
1344,44.845,0.000,19.313,0.000,12.313,1,0,1,0.000,0.875,0,0,1.000,0,0.000,0.000,0.000,0.000,2.829,0.693,5.070,1.919,0.072,0.928,0.330,0.700
1346,44.912,0.000,12.369,0.000,-6.944,1,0,1,0.000,0.982,0,0,1.000,0,0.000,0.000,0.000,0.000,2.295,0.814,5.438,0.570,0.059,0.941,0.269,0.700
1348,44.978,0.000,10.440,0.000,-1.929,1,0,1,0.000,0.827,0,0,1.000,0,0.000,0.000,0.000,0.000,2.313,0.841,5.681,0.076,0.090,0.910,0.257,0.700
1350,45.045,0.000,6.325,0.000,-4.116,1,0,1,0.000,0.789,0,0,1.000,0,0.000,0.000,0.000,0.000,1.377,0.932,4.592,0.679,0.056,0.944,0.204,0.700
1352,45.112,0.000,12.369,0.000,6.045,1,0,1,0.000,1.096,0,0,1.000,0,0.000,0.000,0.000,0.000,1.163,0.873,4.300,0.135,0.051,0.949,0.237,0.700
1354,45.178,0.000,1.414,0.000,-10.955,1,0,1,0.000,1.197,0,0,1.000,0,0.000,0.000,0.000,0.000,1.642,0.704,3.395,0.333,0.055,0.945,0.200,0.700
1356,45.245,0.000,8.544,0.000,7.130,1,0,1,0.000,1.315,0,0,1.000,0,0.000,0.000,0.000,0.000,2.284,0.929,2.548,0.411,0.061,0.939,0.240,0.700
1358,45.312,0.000,14.866,0.000,6.322,1,0,1,0.000,1.537,0,0,1.000,0,0.000,0.000,0.000,0.000,3.588,0.926,1.792,1.518,0.076,0.924,0.307,0.700
1360,45.379,0.000,8.246,0.000,-6.620,1,0,1,0.000,1.706,0,0,1.000,0,0.000,0.000,0.000,0.000,1.690,0.957,1.317,1.950,0.060,0.940,0.221,0.580
1362,45.445,0.000,16.125,0.000,7.878,1,0,1,0.000,1.811,0,0,1.000,0,0.000,0.000,0.000,0.000,2.987,0.952,0.717,1.421,0.066,0.934,0.298,0.580
1364,45.512,0.000,4.123,0.000,-12.001,1,0,1,0.000,1.790,0,0,1.000,0,0.000,0.000,0.000,0.000,2.025,0.928,0.250,1.011,0.063,0.937,0.209,0.580
1366,45.579,0.000,13.153,0.000,9.030,1,0,1,0.000,1.720,0,0,1.000,0,0.000,0.000,0.000,0.000,2.013,0.921,0.122,0.892,0.063,0.937,0.259,0.580
1368,45.646,0.000,25.000,0.000,11.847,1,0,1,0.000,1.459,0,0,1.000,0,0.000,0.000,0.000,0.000,5.623,0.942,0.267,0.317,0.099,0.901,0.414,0.550
1370,45.712,0.000,7.616,0.000,-17.384,1,0,1,0.000,1.557,0,0,1.000,0,0.000,0.000,0.000,0.000,3.311,0.898,0.264,0.515,0.113,0.887,0.262,0.580
1372,45.779,0.000,34.015,0.000,26.399,1,0,1,0.000,1.556,0,0,1.000,0,0.000,0.000,0.000,0.000,6.665,0.898,0.309,0.100,0.114,0.886,0.493,0.550
1374,45.846,0.000,33.377,0.000,-0.638,1,0,1,0.000,1.237,0,0,1.000,0,0.000,0.000,0.000,0.000,6.945,0.861,0.239,0.148,0.109,0.891,0.499,0.350
1376,45.913,0.000,21.213,0.000,-12.163,1,0,1,0.000,1.035,0,0,1.000,0,0.000,0.000,0.000,0.000,1.849,0.938,0.141,0.331,0.065,0.935,0.298,0.350
1378,45.979,0.000,8.602,0.000,-12.611,1,0,1,0.000,0.678,0,0,1.000,0,0.000,0.000,0.000,0.000,0.460,0.678,0.274,2.144,0.049,0.951,0.212,0.580
1380,46.046,0.000,8.944,0.000,0.342,1,0,1,0.000,0.768,0,0,1.000,0,0.000,0.000,0.000,0.000,0.731,0.911,0.373,2.044,0.067,0.933,0.204,0.580
1382,46.113,0.000,4.472,0.000,-4.472,1,0,1,0.000,1.030,0,0,1.000,0,0.000,0.000,0.000,0.000,0.702,0.893,0.399,0.787,0.051,0.949,0.180,0.580
1384,46.179,0.000,2.828,0.000,-1.644,1,0,1,0.000,1.205,0,0,1.000,0,0.000,0.000,0.000,0.000,0.448,0.785,0.338,1.626,0.048,0.952,0.172,0.580
1386,46.246,0.000,1.000,0.000,-1.828,1,0,1,0.000,1.077,0,0,1.000,0,0.000,0.000,0.000,0.000,1.100,0.918,0.321,0.711,0.053,0.947,0.169,0.580
1388,46.313,0.000,10.000,0.000,9.000,1,0,1,0.000,1.247,0,0,1.000,0,0.000,0.000,0.000,0.000,1.548,0.871,0.313,0.923,0.072,0.928,0.233,0.580
1390,46.380,0.000,66.370,0.000,56.370,1,0,1,0.000,1.281,0,0,1.000,0,0.000,0.000,0.000,0.000,2.740,0.185,0.391,0.569,0.139,0.861,0.506,0.550
1392,46.446,0.000,115.572,0.000,49.202,1,0,1,0.000,1.314,0,0,1.000,0,0.000,0.000,0.000,0.000,2.409,0.349,0.197,0.777,0.087,0.913,0.486,0.450
1394,46.513,0.000,101.237,0.000,-14.335,1,0,1,0.000,1.418,0,0,1.000,0,0.000,0.000,0.000,0.000,4.088,0.643,0.103,1.307,0.098,0.902,0.507,0.550
1396,46.580,0.000,33.242,0.000,-67.996,1,0,1,0.000,1.495,0,0,1.000,0,0.000,0.000,0.000,0.000,3.194,0.648,0.403,0.656,0.092,0.908,0.419,0.450
1398,46.647,0.000,29.530,0.000,-3.712,1,0,1,0.000,1.211,0,0,1.000,0,0.000,0.000,0.000,0.000,3.312,0.807,0.627,0.106,0.075,0.925,0.390,0.350
1400,46.713,0.000,94.032,0.000,64.502,1,0,1,0.000,0.984,0,0,1.000,0,0.000,0.000,0.000,0.000,0.892,0.624,0.123,0.066,0.052,0.948,0.429,0.450
1402,46.780,0.000,66.483,0.000,-27.549,1,0,1,0.000,0.923,0,0,1.000,0,0.000,0.000,0.000,0.000,2.039,0.338,0.062,0.698,0.055,0.945,0.477,0.450
1404,46.847,785.420,0.000,549.910,0.000,1,1,0,0.000,1.512,0,0,1.000,0,0.000,0.000,0.000,0.000,1.214,0.613,0.420,0.524,0.049,0.951,0.437,0.500
1406,46.914,31.064,0.000,-754.356,0.000,1,1,0,0.000,1.783,0,0,1.000,0,0.000,0.000,0.000,0.000,2.449,0.901,0.706,2.421,0.056,0.944,0.371,0.550
1408,46.980,0.000,88.544,0.000,22.061,1,0,1,0.000,0.801,0,0,1.000,0,0.000,0.000,0.000,0.000,2.485,0.908,0.662,0.026,0.054,0.946,0.449,0.500
1410,47.047,0.000,19.416,0.000,-69.127,1,0,1,0.000,0.767,0,0,1.000,0,0.000,0.000,0.000,0.000,0.823,0.686,0.493,1.814,0.046,0.954,0.280,0.550
1412,47.114,0.000,29.530,0.000,10.113,1,0,1,0.000,0.922,0,0,1.000,0,0.000,0.000,0.000,0.000,1.949,0.804,0.457,1.692,0.074,0.926,0.356,0.550
1414,47.180,0.000,6.708,0.000,-22.821,1,0,1,0.000,0.874,0,0,1.000,0,0.000,0.000,0.000,0.000,3.028,0.890,0.394,0.122,0.059,0.941,0.251,0.580
1416,47.247,33.422,0.000,2.357,0.000,1,1,0,0.000,1.929,0,0,1.000,0,0.000,0.000,0.000,0.000,3.155,0.893,0.259,0.520,0.059,0.941,0.402,0.550
1418,47.314,0.000,4.243,0.000,-2.466,1,0,1,0.000,0.817,0,0,1.000,0,0.000,0.000,0.000,0.000,1.403,0.845,0.152,0.514,0.060,0.940,0.199,0.580
1420,47.381,0.000,24.021,0.000,19.778,1,0,1,0.000,1.090,0,0,1.000,0,0.000,0.000,0.000,0.000,0.650,0.608,0.092,1.997,0.038,0.962,0.307,0.550
1422,47.447,0.000,51.865,0.000,27.844,1,0,1,0.000,1.436,0,0,1.000,0,0.000,0.000,0.000,0.000,2.886,0.876,0.192,2.823,0.054,0.946,0.461,0.550
1424,47.514,0.000,26.907,0.000,-24.958,1,0,1,0.000,1.545,0,0,1.000,0,0.000,0.000,0.000,0.000,2.119,0.818,0.159,1.170,0.062,0.938,0.345,0.350
1426,47.581,0.000,25.080,0.000,-1.827,1,0,1,0.000,1.666,0,0,1.000,0,0.000,0.000,0.000,0.000,3.125,0.728,0.283,0.331,0.072,0.928,0.366,0.350
1428,47.648,0.000,22.847,0.000,-2.233,1,0,1,0.000,1.983,0,0,1.000,0,0.000,0.000,0.000,0.000,4.524,0.694,0.324,0.027,0.091,0.909,0.391,0.350
1430,47.714,0.000,9.434,0.000,-13.413,1,0,1,0.000,1.754,0,0,1.000,0,0.000,0.000,0.000,0.000,6.624,0.735,0.227,0.022,0.097,0.903,0.367,0.580
1432,47.781,0.000,12.083,0.000,2.649,1,0,1,0.000,1.890,0,0,1.000,0,0.000,0.000,0.000,0.000,3.434,0.884,0.046,0.275,0.071,0.929,0.291,0.580
1434,47.848,0.000,34.015,0.000,21.932,1,0,1,0.000,1.881,0,0,1.000,0,0.000,0.000,0.000,0.000,2.609,0.835,0.293,0.177,0.062,0.938,0.396,0.350
1436,47.915,0.000,16.279,0.000,-17.736,1,0,1,0.000,1.758,0,0,1.000,0,0.000,0.000,0.000,0.000,3.597,0.813,0.873,0.364,0.077,0.923,0.323,0.580
1438,47.981,0.000,3.000,0.000,-13.279,1,0,1,0.000,1.425,0,0,1.000,0,0.000,0.000,0.000,0.000,2.143,0.748,0.896,0.127,0.062,0.938,0.218,0.580
1440,48.048,0.000,8.544,0.000,5.544,1,0,1,0.000,1.324,0,0,1.000,0,0.000,0.000,0.000,0.000,1.737,0.755,0.792,0.245,0.072,0.928,0.238,0.580
1442,48.115,0.000,4.123,0.000,-4.421,1,0,1,0.000,1.284,0,0,1.000,0,0.000,0.000,0.000,0.000,2.002,0.734,0.848,0.537,0.126,0.874,0.222,0.580
1444,48.181,0.000,15.033,0.000,10.910,1,0,1,0.000,0.991,0,0,1.000,0,0.000,0.000,0.000,0.000,1.334,0.575,0.815,0.352,0.081,0.919,0.277,0.580
1446,48.248,0.000,12.042,0.000,-2.992,1,0,1,0.000,1.014,0,0,1.000,0,0.000,0.000,0.000,0.000,1.588,0.852,0.572,0.148,0.083,0.917,0.247,0.580
1448,48.315,0.000,19.925,0.000,7.883,1,0,1,0.000,0.931,0,0,1.000,0,0.000,0.000,0.000,0.000,1.964,0.611,0.324,2.219,0.082,0.918,0.317,0.580
1450,48.382,0.000,5.831,0.000,-14.094,1,0,1,0.000,1.010,0,0,1.000,0,0.000,0.000,0.000,0.000,1.894,0.322,0.371,0.652,0.084,0.916,0.257,0.580
1452,48.448,0.000,9.849,0.000,4.018,1,0,1,0.000,1.044,0,0,1.000,0,0.000,0.000,0.000,0.000,1.005,0.565,0.561,0.091,0.058,0.942,0.240,0.580
1454,48.515,0.000,4.000,0.000,-5.849,1,0,1,0.000,1.362,0,0,1.000,0,0.000,0.000,0.000,0.000,1.067,0.902,0.400,0.431,0.053,0.947,0.186,0.580
1456,48.582,0.000,6.083,0.000,2.083,1,0,1,0.000,1.689,0,0,1.000,0,0.000,0.000,0.000,0.000,0.971,0.896,0.525,0.196,0.057,0.943,0.195,0.580
1458,48.649,0.000,16.492,0.000,10.410,1,0,1,0.000,1.468,0,0,1.000,0,0.000,0.000,0.000,0.000,1.320,0.943,0.372,0.262,0.059,0.941,0.259,0.580
1460,48.715,0.000,7.071,0.000,-9.421,1,0,1,0.000,1.577,0,0,1.000,0,0.000,0.000,0.000,0.000,1.766,0.915,0.035,0.699,0.068,0.932,0.219,0.580
1462,48.782,0.000,2.000,0.000,-5.071,1,0,1,0.000,1.496,0,0,1.000,0,0.000,0.000,0.000,0.000,1.565,0.893,0.458,0.328,0.066,0.934,0.188,0.580
1464,48.849,0.000,5.000,0.000,3.000,1,0,1,0.000,1.644,0,0,1.000,0,0.000,0.000,0.000,0.000,1.579,0.923,0.604,0.258,0.063,0.937,0.203,0.580
1466,48.916,0.000,14.036,0.000,9.036,1,0,1,0.000,1.739,0,0,1.000,0,0.000,0.000,0.000,0.000,1.237,0.922,0.739,0.912,0.061,0.939,0.244,0.580
1468,48.982,0.000,10.296,0.000,-3.740,1,0,1,0.000,1.778,0,0,1.000,0,0.000,0.000,0.000,0.000,0.725,0.930,0.896,0.105,0.042,0.958,0.210,0.580
1470,49.049,0.000,12.530,0.000,2.234,1,0,1,0.000,1.705,0,0,1.000,0,0.000,0.000,0.000,0.000,0.771,0.954,0.941,2.684,0.049,0.951,0.222,0.580
1472,49.116,0.000,7.211,0.000,-5.319,1,0,1,0.000,1.665,0,0,1.000,0,0.000,0.000,0.000,0.000,0.999,0.941,1.079,0.103,0.052,0.948,0.199,0.580
1474,49.182,0.000,6.083,0.000,-1.128,1,0,1,0.000,1.912,0,0,1.000,0,0.000,0.000,0.000,0.000,0.372,0.659,1.132,2.233,0.023,0.977,0.197,0.580
1476,49.249,0.000,7.280,0.000,1.197,1,0,1,0.000,2.143,0,0,1.000,0,0.000,0.000,0.000,0.000,0.509,0.942,1.057,1.370,0.036,0.964,0.187,0.580
1478,49.316,0.000,17.205,0.000,9.925,1,0,1,0.000,2.405,0,0,1.000,0,0.000,0.000,0.000,0.000,4.366,0.922,1.017,0.058,0.084,0.916,0.340,0.550
1480,49.383,0.000,9.055,0.000,-8.149,1,0,1,0.000,2.430,0,0,1.000,0,0.000,0.000,0.000,0.000,2.679,0.959,0.949,0.156,0.074,0.926,0.250,0.580
1482,49.449,0.000,2.236,0.000,-6.819,1,0,1,0.000,2.377,0,0,1.000,0,0.000,0.000,0.000,0.000,1.427,0.813,1.034,0.270,0.507,0.493,0.191,0.757
1484,49.516,0.000,8.062,0.000,5.826,1,0,1,0.000,2.280,0,0,1.000,0,0.000,0.000,0.000,0.000,0.565,0.705,0.873,0.383,0.035,0.965,0.210,0.580
1486,49.583,0.000,13.601,0.000,5.539,1,0,1,0.000,2.231,0,0,1.000,0,0.000,0.000,0.000,0.000,2.831,0.849,0.818,0.231,0.065,0.935,0.287,0.580
1488,49.650,0.000,2.236,0.000,-11.365,1,0,1,0.000,2.191,0,0,1.000,0,0.000,0.000,0.000,0.000,2.883,0.719,0.614,0.188,0.071,0.929,0.234,0.580
1490,49.716,0.000,9.434,0.000,7.198,1,0,1,0.000,2.216,0,0,1.000,0,0.000,0.000,0.000,0.000,2.089,0.959,0.427,0.085,0.073,0.927,0.238,0.580
1492,49.783,0.000,6.325,0.000,-3.109,1,0,1,0.000,2.201,0,0,1.000,0,0.000,0.000,0.000,0.000,2.097,0.282,0.331,0.482,0.071,0.929,0.268,0.580
1494,49.850,0.000,9.849,0.000,3.524,1,0,1,0.000,2.013,0,0,1.000,0,0.000,0.000,0.000,0.000,2.272,0.375,0.145,1.876,0.076,0.924,0.285,0.580
1496,49.917,0.000,13.038,0.000,3.190,1,0,1,0.000,1.835,0,0,1.000,0,0.000,0.000,0.000,0.000,2.232,0.361,0.032,0.505,0.074,0.926,0.303,0.580
1498,49.983,0.000,3.162,0.000,-9.876,1,0,1,0.000,1.732,0,0,1.000,0,0.000,0.000,0.000,0.000,1.073,0.650,0.667,0.549,0.057,0.943,0.199,0.580
1500,50.050,0.000,8.062,0.000,4.900,1,0,1,0.000,1.880,0,0,1.000,0,0.000,0.000,0.000,0.000,0.547,0.935,0.948,1.612,0.045,0.955,0.193,0.580
1502,50.117,0.000,3.000,0.000,-5.062,1,0,1,0.000,1.793,0,0,1.000,0,0.000,0.000,0.000,0.000,1.248,0.822,1.007,1.025,0.054,0.946,0.190,0.580
1504,50.183,0.000,93.381,0.000,90.381,1,0,1,0.000,1.603,0,0,1.000,0,0.000,0.000,0.000,0.000,7.044,0.148,1.292,1.630,0.110,0.890,0.616,0.550
1506,50.250,0.000,83.006,0.000,-10.375,1,0,1,0.000,1.306,0,0,1.000,0,0.000,0.000,0.000,0.000,8.228,0.356,2.232,0.428,0.146,0.854,0.625,0.700
1508,50.317,0.000,177.102,0.000,82.023,2,0,1,177.102,1.286,0,0,1.000,0,0.000,0.000,0.000,0.000,7.115,0.223,3.341,0.260,0.111,0.889,0.662,0.700
1510,50.384,0.000,154.858,0.000,-58.857,2,0,1,154.858,1.769,0,0,1.000,0,0.000,0.000,0.000,0.000,6.020,0.721,1.764,0.574,0.096,0.904,0.600,0.700
1512,50.450,228.694,0.000,195.273,0.000,1,1,0,0.000,1.941,0,0,1.000,0,0.000,0.000,0.000,0.000,7.058,0.382,1.847,0.914,0.119,0.881,0.600,0.700
1514,50.517,0.000,0.000,0.000,0.000,0,0,0,0.000,0.000,0,0,1.000,0,0.000,0.000,0.000,0.000,4.611,0.312,2.220,0.244,0.121,0.879,0.163,0.700
1516,50.584,0.000,0.000,0.000,0.000,0,0,0,0.000,0.000,0,0,1.000,0,0.000,0.000,0.000,0.000,2.542,0.713,2.483,1.761,0.083,0.917,0.084,0.700
1518,50.651,0.000,0.000,0.000,0.000,0,0,0,0.000,0.000,0,0,1.000,0,0.000,0.000,0.000,0.000,4.414,0.411,2.212,0.608,0.105,0.895,0.152,0.700
1520,50.717,0.000,0.000,0.000,0.000,0,0,0,0.000,0.000,0,0,1.000,0,0.000,0.000,0.000,0.000,4.058,0.239,2.103,2.089,0.096,0.904,0.155,0.700
1522,50.784,0.000,0.000,0.000,0.000,0,0,0,0.000,0.000,0,0,1.000,0,0.000,0.000,0.000,0.000,4.463,0.293,2.192,0.674,0.278,0.722,0.161,0.700
1524,50.851,0.000,0.000,0.000,0.000,0,0,0,0.000,0.000,0,0,1.000,0,0.000,0.000,0.000,0.000,3.563,0.831,2.292,2.580,0.104,0.896,0.101,0.700
1526,50.918,0.000,0.000,0.000,0.000,0,0,0,0.000,0.000,0,0,1.000,0,0.000,0.000,0.000,0.000,1.894,0.920,2.308,1.156,0.079,0.921,0.053,0.700
1528,50.984,0.000,0.000,0.000,0.000,0,0,0,0.000,0.000,0,0,1.000,0,0.000,0.000,0.000,0.000,1.932,0.674,2.231,0.238,0.074,0.926,0.071,0.700
1530,51.051,0.000,0.000,0.000,0.000,0,0,0,0.000,0.000,0,0,1.000,0,0.000,0.000,0.000,0.000,2.104,0.573,2.301,0.158,0.067,0.933,0.083,0.700
1532,51.118,0.000,0.000,0.000,0.000,0,0,0,0.000,0.000,0,0,1.000,0,0.000,0.000,0.000,0.000,1.767,0.844,2.376,0.300,0.063,0.937,0.055,0.700
1534,51.184,0.000,0.000,0.000,0.000,0,0,0,0.000,0.000,0,0,1.000,0,0.000,0.000,0.000,0.000,1.366,0.808,2.415,0.022,0.057,0.943,0.048,0.700
1536,51.251,0.000,0.000,0.000,0.000,0,0,0,0.000,0.000,0,0,1.000,0,0.000,0.000,0.000,0.000,2.307,0.149,1.110,1.802,0.072,0.928,0.117,0.580
1538,51.318,0.000,0.000,0.000,0.000,0,0,0,0.000,0.000,0,0,1.000,0,0.000,0.000,0.000,0.000,3.257,0.610,0.424,0.536,0.081,0.919,0.109,0.580
1540,51.385,0.000,0.000,0.000,0.000,0,0,0,0.000,0.000,0,0,1.000,0,0.000,0.000,0.000,0.000,3.987,0.736,0.197,0.298,0.073,0.927,0.118,0.580
1542,51.451,0.000,0.000,0.000,0.000,0,0,0,0.000,0.000,0,0,1.000,0,0.000,0.000,0.000,0.000,5.867,0.767,0.044,0.625,0.117,0.883,0.163,0.580
1544,51.518,0.000,0.000,0.000,0.000,0,0,0,0.000,0.000,0,0,1.000,0,0.000,0.000,0.000,0.000,3.438,0.623,0.131,0.394,0.081,0.919,0.112,0.580
1546,51.585,0.000,0.000,0.000,0.000,0,0,0,0.000,0.000,0,0,1.000,0,0.000,0.000,0.000,0.000,1.815,0.694,0.276,0.552,0.058,0.942,0.067,0.580
1548,51.652,0.000,0.000,0.000,0.000,0,0,0,0.000,0.000,0,0,1.000,0,0.000,0.000,0.000,0.000,2.439,0.822,0.287,0.742,0.064,0.936,0.073,0.580
1550,51.718,0.000,0.000,0.000,0.000,0,0,0,0.000,0.000,0,0,1.000,0,0.000,0.000,0.000,0.000,2.514,0.550,0.381,0.032,0.056,0.944,0.094,0.580
1552,51.785,0.000,0.000,0.000,0.000,0,0,0,0.000,0.000,0,0,1.000,0,0.000,0.000,0.000,0.000,3.154,0.733,0.484,0.173,0.067,0.933,0.098,0.580
1554,51.852,0.000,0.000,0.000,0.000,0,0,0,0.000,0.000,0,0,1.000,0,0.000,0.000,0.000,0.000,1.312,0.595,0.596,0.196,0.055,0.945,0.061,0.580
1556,51.919,0.000,0.000,0.000,0.000,0,0,0,0.000,0.000,0,0,1.000,0,0.000,0.000,0.000,0.000,1.304,0.387,0.709,1.401,0.056,0.944,0.076,0.580
1558,51.985,0.000,0.000,0.000,0.000,0,0,0,0.000,0.000,0,0,1.000,0,0.000,0.000,0.000,0.000,1.090,0.300,0.710,0.110,0.040,0.960,0.076,0.580
1560,52.052,0.000,0.000,0.000,0.000,0,0,0,0.000,0.000,0,0,1.000,0,0.000,0.000,0.000,0.000,0.762,0.411,0.780,0.021,0.049,0.951,0.060,0.580
1562,52.119,0.000,0.000,0.000,0.000,0,0,0,0.000,0.000,0,0,1.000,0,0.000,0.000,0.000,0.000,2.420,0.625,0.919,3.010,0.071,0.929,0.087,0.580
1564,52.185,0.000,0.000,0.000,0.000,0,0,0,0.000,0.000,0,0,1.000,0,0.000,0.000,0.000,0.000,3.797,0.645,0.936,2.082,0.156,0.844,0.120,0.580
1566,52.252,0.000,0.000,0.000,0.000,0,0,0,0.000,0.000,0,0,1.000,0,0.000,0.000,0.000,0.000,4.545,0.563,0.677,0.189,0.173,0.827,0.144,0.580
1568,52.319,0.000,0.000,0.000,0.000,0,0,0,0.000,0.000,0,0,1.000,0,0.000,0.000,0.000,0.000,5.463,0.361,0.485,2.874,0.110,0.890,0.181,0.580
1570,52.386,0.000,0.000,0.000,0.000,0,0,0,0.000,0.000,0,0,1.000,0,0.000,0.000,0.000,0.000,4.160,0.448,0.307,1.290,0.106,0.894,0.143,0.580
1572,52.452,0.000,0.000,0.000,0.000,0,0,0,0.000,0.000,0,0,1.000,0,0.000,0.000,0.000,0.000,2.921,0.404,0.238,0.125,0.094,0.906,0.115,0.580
1574,52.519,552.765,0.000,324.071,0.000,1,1,0,0.000,1.924,0,0,1.000,0,0.000,0.000,0.000,0.000,1.957,0.658,0.363,0.115,0.111,0.889,0.453,0.650
1576,52.586,0.000,452.249,0.000,297.391,1,0,1,0.000,1.520,0,0,1.000,0,0.000,0.000,0.000,0.000,0.922,0.574,0.395,0.393,0.099,0.901,0.433,0.550
1578,52.653,0.000,3.162,0.000,-449.087,1,0,1,0.000,1.580,0,0,1.000,0,0.000,0.000,0.000,0.000,0.629,0.540,0.392,2.497,0.065,0.935,0.195,0.580
1580,52.719,0.000,0.000,0.000,0.000,0,0,0,0.000,0.000,0,0,1.000,0,0.000,0.000,0.000,0.000,0.878,0.643,0.397,1.188,0.076,0.924,0.047,0.650
1582,52.786,0.000,0.000,0.000,0.000,0,0,0,0.000,0.000,0,0,1.000,0,0.000,0.000,0.000,0.000,0.538,0.682,0.413,0.896,0.049,0.951,0.036,0.580
1584,52.853,0.000,0.000,0.000,0.000,0,0,0,0.000,0.000,0,0,1.000,0,0.000,0.000,0.000,0.000,0.837,0.808,0.519,0.836,0.060,0.940,0.034,0.580
1586,52.920,0.000,0.000,0.000,0.000,0,0,0,0.000,0.000,0,0,1.000,0,0.000,0.000,0.000,0.000,2.329,0.623,0.402,0.364,0.103,0.897,0.085,0.580
1588,52.986,0.000,0.000,0.000,0.000,0,0,0,0.000,0.000,0,0,1.000,0,0.000,0.000,0.000,0.000,1.622,0.625,0.299,0.120,0.080,0.920,0.067,0.580
1590,53.053,21.401,0.000,-531.364,0.000,1,1,0,0.000,1.971,0,0,1.000,0,0.000,0.000,0.000,0.000,1.326,0.552,0.213,0.096,0.058,0.942,0.313,0.650
1592,53.120,0.000,0.000,0.000,0.000,0,0,0,0.000,0.000,0,0,1.000,0,0.000,0.000,0.000,0.000,2.081,0.593,0.104,0.133,0.123,0.877,0.080,0.650
1594,53.186,4.243,0.000,-17.158,0.000,1,1,0,0.000,1.954,0,0,1.000,0,0.000,0.000,0.000,0.000,0.897,0.693,0.156,0.442,0.080,0.920,0.197,0.650
1596,53.253,0.000,0.000,0.000,0.000,0,0,0,0.000,0.000,0,0,1.000,0,0.000,0.000,0.000,0.000,1.178,0.614,0.430,0.213,0.108,0.892,0.056,0.650
1598,53.320,5.385,0.000,1.143,0.000,1,1,0,0.000,1.829,0,0,1.000,0,0.000,0.000,0.000,0.000,1.138,0.694,0.676,0.454,0.127,0.873,0.210,0.650
1600,53.387,0.000,0.000,0.000,0.000,0,0,0,0.000,0.000,0,0,1.000,0,0.000,0.000,0.000,0.000,0.963,0.708,0.893,0.819,0.115,0.885,0.045,0.650
1602,53.453,0.000,0.000,0.000,0.000,0,0,0,0.000,0.000,0,0,1.000,0,0.000,0.000,0.000,0.000,7.690,0.244,1.034,1.383,0.712,0.288,0.245,0.800
1604,53.520,0.000,0.000,0.000,0.000,0,0,0,0.000,0.000,0,0,1.000,0,0.000,0.000,0.000,0.000,0.002,1.000,0.812,0.822,0.000,1.000,0.000,0.580
1606,53.587,0.000,0.000,0.000,0.000,0,0,0,0.000,0.000,0,0,1.000,0,0.000,0.000,0.000,0.000,0.000,1.000,0.837,0.819,0.000,1.000,0.000,0.580
1608,53.654,0.000,0.000,0.000,0.000,0,0,0,0.000,0.000,0,0,1.000,0,0.000,0.000,0.000,0.000,0.000,1.000,0.805,0.373,0.000,1.000,0.000,0.580
1610,53.720,0.000,0.000,0.000,0.000,0,0,0,0.000,0.000,0,0,1.000,0,0.000,0.000,0.000,0.000,0.000,1.000,0.705,0.318,0.000,1.000,0.000,0.580
1612,53.787,0.000,0.000,0.000,0.000,0,0,0,0.000,0.000,0,0,1.000,0,0.000,0.000,0.000,0.000,0.000,1.000,0.647,0.012,0.000,1.000,0.000,0.580
1614,53.854,0.000,0.000,0.000,0.000,0,0,0,0.000,0.000,0,0,1.000,0,0.000,0.000,0.000,0.000,0.001,1.000,0.539,0.369,0.000,1.000,0.000,0.580
1616,53.921,0.000,0.000,0.000,0.000,0,0,0,0.000,0.000,0,0,1.000,0,0.000,0.000,0.000,0.000,0.003,1.000,0.547,0.412,0.000,1.000,0.000,0.580
1618,53.987,0.000,0.000,0.000,0.000,0,0,0,0.000,0.000,0,0,1.000,0,0.000,0.000,0.000,0.000,0.222,0.624,0.694,1.609,0.003,0.997,0.032,0.580
1620,54.054,0.000,0.000,0.000,0.000,0,0,0,0.000,0.000,0,0,1.000,0,0.000,0.000,0.000,0.000,0.042,0.138,0.787,1.848,0.014,0.986,0.061,0.580
1622,54.121,0.000,0.000,0.000,0.000,0,0,0,0.000,0.000,0,0,1.000,0,0.000,0.000,0.000,0.000,0.023,0.323,0.883,0.101,0.002,0.998,0.048,0.580
1624,54.187,0.000,0.000,0.000,0.000,0,0,0,0.000,0.000,0,0,1.000,0,0.000,0.000,0.000,0.000,0.019,0.396,0.958,0.096,0.002,0.998,0.043,0.580
1626,54.254,0.000,0.000,0.000,0.000,0,0,0,0.000,0.000,0,0,1.000,0,0.000,0.000,0.000,0.000,0.013,0.093,0.883,0.117,0.001,0.999,0.064,0.580
1628,54.321,0.000,0.000,0.000,0.000,0,0,0,0.000,0.000,0,0,1.000,0,0.000,0.000,0.000,0.000,0.012,0.141,0.867,0.069,0.001,0.999,0.060,0.580
1630,54.388,0.000,0.000,0.000,0.000,0,0,0,0.000,0.000,0,0,1.000,0,0.000,0.000,0.000,0.000,0.022,0.219,1.004,0.009,0.003,0.997,0.055,0.580
1632,54.454,0.000,0.000,0.000,0.000,0,0,0,0.000,0.000,0,0,1.000,0,0.000,0.000,0.000,0.000,0.007,0.219,1.215,0.036,0.002,0.998,0.055,0.580
1634,54.521,0.000,0.000,0.000,0.000,0,0,0,0.000,0.000,0,0,1.000,0,0.000,0.000,0.000,0.000,0.003,0.157,0.970,0.086,0.001,0.999,0.059,0.580
1636,54.588,0.000,0.000,0.000,0.000,0,0,0,0.000,0.000,0,0,1.000,0,0.000,0.000,0.000,0.000,0.001,1.000,0.869,0.128,0.001,0.999,0.000,0.580
1638,54.655,0.000,0.000,0.000,0.000,0,0,0,0.000,0.000,0,0,1.000,0,0.000,0.000,0.000,0.000,0.000,1.000,0.816,1.399,0.001,0.999,0.000,0.580
1640,54.721,0.000,0.000,0.000,0.000,0,0,0,0.000,0.000,0,0,1.000,0,0.000,0.000,0.000,0.000,0.001,1.000,0.781,1.583,0.000,1.000,0.000,0.580
1642,54.788,0.000,0.000,0.000,0.000,0,0,0,0.000,0.000,0,0,1.000,0,0.000,0.000,0.000,0.000,0.005,0.122,0.736,0.039,0.000,1.000,0.062,0.580
1644,54.855,0.000,0.000,0.000,0.000,0,0,0,0.000,0.000,0,0,1.000,0,0.000,0.000,0.000,0.000,0.014,0.913,0.708,0.052,0.002,0.998,0.006,0.580
1646,54.922,0.000,0.000,0.000,0.000,0,0,0,0.000,0.000,0,0,1.000,0,0.000,0.000,0.000,0.000,0.029,0.976,0.668,0.020,0.001,0.999,0.002,0.580
1648,54.988,0.000,0.000,0.000,0.000,0,0,0,0.000,0.000,0,0,1.000,0,0.000,0.000,0.000,0.000,0.038,0.937,0.584,0.557,0.001,0.999,0.005,0.580
1650,55.055,0.000,0.000,0.000,0.000,0,0,0,0.000,0.000,0,0,1.000,0,0.000,0.000,0.000,0.000,0.008,0.224,0.538,0.541,0.001,0.999,0.055,0.580
1652,55.122,0.000,0.000,0.000,0.000,0,0,0,0.000,0.000,0,0,1.000,0,0.000,0.000,0.000,0.000,0.003,0.709,0.491,0.531,0.001,0.999,0.020,0.580
1654,55.188,0.000,0.000,0.000,0.000,0,0,0,0.000,0.000,0,0,1.000,0,0.000,0.000,0.000,0.000,0.002,0.735,0.422,1.439,0.000,1.000,0.019,0.580
1656,55.255,0.000,0.000,0.000,0.000,0,0,0,0.000,0.000,0,0,1.000,0,0.000,0.000,0.000,0.000,0.008,0.774,0.390,0.957,0.001,0.999,0.016,0.580
1658,55.322,0.000,0.000,0.000,0.000,0,0,0,0.000,0.000,0,0,1.000,0,0.000,0.000,0.000,0.000,0.012,0.942,0.348,0.046,0.001,0.999,0.004,0.580
1660,55.389,0.000,0.000,0.000,0.000,0,0,0,0.000,0.000,0,0,1.000,0,0.000,0.000,0.000,0.000,0.000,1.000,0.308,1.460,0.000,1.000,0.000,0.580
1662,55.455,0.000,0.000,0.000,0.000,0,0,0,0.000,0.000,0,0,1.000,0,0.000,0.000,0.000,0.000,0.000,1.000,0.276,1.470,0.000,1.000,0.000,0.580
1664,55.522,0.000,0.000,0.000,0.000,0,0,0,0.000,0.000,0,0,1.000,0,0.000,0.000,0.000,0.000,0.000,1.000,0.297,0.055,0.000,1.000,0.000,0.580
1666,55.589,0.000,0.000,0.000,0.000,0,0,0,0.000,0.000,0,0,1.000,0,0.000,0.000,0.000,0.000,0.000,1.000,0.301,0.073,0.000,1.000,0.000,0.580
1668,55.656,0.000,0.000,0.000,0.000,0,0,0,0.000,0.000,0,0,1.000,0,0.000,0.000,0.000,0.000,0.000,1.000,0.303,0.000,0.000,1.000,0.000,0.580
1670,55.722,0.000,0.000,0.000,0.000,0,0,0,0.000,0.000,0,0,1.000,0,0.000,0.000,0.000,0.000,0.000,1.000,0.304,0.066,0.000,1.000,0.000,0.580
1672,55.789,0.000,0.000,0.000,0.000,0,0,0,0.000,0.000,0,0,1.000,0,0.000,0.000,0.000,0.000,0.001,1.000,0.306,0.074,0.000,1.000,0.000,0.580
1674,55.856,0.000,0.000,0.000,0.000,0,0,0,0.000,0.000,0,0,1.000,0,0.000,0.000,0.000,0.000,0.000,1.000,0.317,1.221,0.000,1.000,0.000,0.580
1676,55.923,0.000,0.000,0.000,0.000,0,0,0,0.000,0.000,0,0,1.000,0,0.000,0.000,0.000,0.000,0.000,1.000,0.354,1.214,0.000,1.000,0.000,0.580
1678,55.989,0.000,0.000,0.000,0.000,0,0,0,0.000,0.000,0,0,1.000,0,0.000,0.000,0.000,0.000,0.000,1.000,0.425,0.000,0.000,1.000,0.000,0.580
1680,56.056,0.000,0.000,0.000,0.000,0,0,0,0.000,0.000,0,0,1.000,0,0.000,0.000,0.000,0.000,0.000,1.000,0.996,0.028,0.000,1.000,0.000,0.580
1682,56.123,0.000,0.000,0.000,0.000,0,0,0,0.000,0.000,0,0,1.000,0,0.000,0.000,0.000,0.000,0.000,1.000,1.017,0.007,0.000,1.000,0.000,0.580
1684,56.189,0.000,0.000,0.000,0.000,0,0,0,0.000,0.000,0,0,1.000,0,0.000,0.000,0.000,0.000,0.000,1.000,0.928,0.300,0.000,1.000,0.000,0.580
1686,56.256,0.000,0.000,0.000,0.000,0,0,0,0.000,0.000,0,0,1.000,0,0.000,0.000,0.000,0.000,0.000,1.000,0.835,0.573,0.000,1.000,0.000,0.580
1688,56.323,0.000,0.000,0.000,0.000,0,0,0,0.000,0.000,0,0,1.000,0,0.000,0.000,0.000,0.000,0.000,1.000,0.845,0.238,0.000,1.000,0.000,0.580
1690,56.390,0.000,0.000,0.000,0.000,0,0,0,0.000,0.000,0,0,1.000,0,0.000,0.000,0.000,0.000,0.000,1.000,0.920,0.000,0.000,1.000,0.000,0.580
1692,56.456,0.000,0.000,0.000,0.000,0,0,0,0.000,0.000,0,0,1.000,0,0.000,0.000,0.000,0.000,0.000,1.000,0.802,0.000,0.000,1.000,0.000,0.580
1694,56.523,0.000,0.000,0.000,0.000,0,0,0,0.000,0.000,0,0,1.000,0,0.000,0.000,0.000,0.000,0.000,1.000,0.745,0.000,0.000,1.000,0.000,0.580
1696,56.590,0.000,0.000,0.000,0.000,0,0,0,0.000,0.000,0,0,1.000,0,0.000,0.000,0.000,0.000,0.000,1.000,0.723,0.231,0.000,1.000,0.000,0.580
1698,56.657,0.000,0.000,0.000,0.000,0,0,0,0.000,0.000,0,0,1.000,0,0.000,0.000,0.000,0.000,0.000,1.000,0.716,0.413,0.000,1.000,0.000,0.580
1700,56.723,0.000,0.000,0.000,0.000,0,0,0,0.000,0.000,0,0,1.000,0,0.000,0.000,0.000,0.000,0.000,1.000,0.711,0.230,0.000,1.000,0.000,0.580
1702,56.790,0.000,0.000,0.000,0.000,0,0,0,0.000,0.000,0,0,1.000,0,0.000,0.000,0.000,0.000,0.000,1.000,0.706,0.342,0.000,1.000,0.000,0.580
1704,56.857,0.000,0.000,0.000,0.000,0,0,0,0.000,0.000,0,0,1.000,0,0.000,0.000,0.000,0.000,0.000,1.000,0.678,2.666,0.000,1.000,0.000,0.580
1706,56.924,0.000,0.000,0.000,0.000,0,0,0,0.000,0.000,0,0,1.000,0,0.000,0.000,0.000,0.000,0.000,1.000,0.592,3.083,0.000,1.000,0.000,0.580
1708,56.990,0.000,0.000,0.000,0.000,0,0,0,0.000,0.000,0,0,1.000,0,0.000,0.000,0.000,0.000,0.000,1.000,0.468,0.005,0.000,1.000,0.000,0.580
1710,57.057,0.000,0.000,0.000,0.000,0,0,0,0.000,0.000,0,0,1.000,0,0.000,0.000,0.000,0.000,0.000,1.000,0.217,3.078,0.000,1.000,0.000,0.580
1712,57.124,0.000,0.000,0.000,0.000,0,0,0,0.000,0.000,0,0,1.000,0,0.000,0.000,0.000,0.000,0.000,1.000,0.169,3.094,0.000,1.000,0.000,0.580
1714,57.190,0.000,0.000,0.000,0.000,0,0,0,0.000,0.000,0,0,1.000,0,0.000,0.000,0.000,0.000,0.000,1.000,0.145,0.406,0.000,1.000,0.000,0.580
1716,57.257,0.000,0.000,0.000,0.000,0,0,0,0.000,0.000,0,0,1.000,0,0.000,0.000,0.000,0.000,0.000,1.000,0.132,0.299,0.000,1.000,0.000,0.580
1718,57.324,0.000,0.000,0.000,0.000,0,0,0,0.000,0.000,0,0,1.000,0,0.000,0.000,0.000,0.000,0.000,1.000,0.084,0.013,0.000,1.000,0.000,0.580
1720,57.391,0.000,0.000,0.000,0.000,0,0,0,0.000,0.000,0,0,1.000,0,0.000,0.000,0.000,0.000,0.000,1.000,0.005,0.220,0.000,1.000,0.000,0.580
