frame_idx,timestamp,hand_velocity_left,hand_velocity_right,hand_acceleration_left,hand_acceleration_right,hands_present,grip_state_left,grip_state_right,hand_distance,trajectory_curvature,num_tools,tool_changed,tool_stability,num_interactions,contact_point_shift,contact_point_variance,interaction_density,interaction_rhythm,flow_magnitude,flow_uniformity,flow_discontinuity,direction_change,scene_change_score,visual_stability,activity_level,transition_score
0,0.000,0.000,0.000,0.000,0.000,0,0,0,0.000,0.000,3,0,1.000,0,0.000,0.000,0.000,0.000,0.000,1.000,0.000,0.000,0.000,1.000,0.100,0.000
3,0.100,0.000,0.000,0.000,0.000,0,0,0,0.000,0.000,4,1,0.000,0,0.000,0.000,0.000,0.000,1.754,0.611,0.000,2.038,0.086,0.914,0.171,0.750
6,0.200,0.000,0.000,0.000,0.000,0,0,0,0.000,0.000,4,0,0.500,0,0.000,0.000,0.000,0.000,0.878,0.389,0.000,2.782,0.072,0.928,0.165,0.550
9,0.300,0.000,0.000,0.000,0.000,0,0,0,0.000,0.000,4,1,0.333,0,0.000,0.000,0.000,0.000,1.071,0.809,0.000,2.253,0.066,0.934,0.140,0.750
12,0.400,0.000,0.000,0.000,0.000,0,0,0,0.000,0.000,4,0,0.500,0,0.000,0.000,0.000,0.000,1.105,0.834,0.000,0.462,0.068,0.932,0.139,0.000
15,0.500,0.000,0.000,0.000,0.000,0,0,0,0.000,0.000,4,0,0.600,0,0.000,0.000,0.000,0.000,1.225,0.360,0.000,1.042,0.058,0.942,0.175,0.000
18,0.600,0.000,0.000,0.000,0.000,0,0,0,0.000,0.000,6,1,0.500,0,0.000,0.000,0.000,0.000,0.931,0.593,0.000,0.893,0.088,0.912,0.152,0.750
21,0.700,0.000,0.000,0.000,0.000,0,0,0,0.000,0.000,6,0,0.571,0,0.000,0.000,0.000,0.000,1.496,0.347,0.000,0.789,0.070,0.930,0.183,0.000
24,0.800,0.000,0.000,0.000,0.000,0,0,0,0.000,0.000,6,0,0.625,0,0.000,0.000,0.000,0.000,1.997,0.739,0.000,1.281,0.085,0.915,0.168,0.000
27,0.900,0.000,0.000,0.000,0.000,0,0,0,0.000,0.000,5,1,0.556,0,0.000,0.000,0.000,0.000,1.571,0.561,0.000,0.419,0.068,0.932,0.170,0.750
30,1.000,0.000,0.000,0.000,0.000,0,0,0,0.000,0.000,5,0,0.600,0,0.000,0.000,0.000,0.000,1.141,0.484,0.000,0.752,0.076,0.924,0.165,0.000
33,1.100,0.000,0.000,0.000,0.000,0,0,0,0.000,0.000,5,0,0.636,0,0.000,0.000,0.000,0.000,0.948,0.574,0.000,0.031,0.065,0.935,0.154,0.000
36,1.200,0.000,0.000,0.000,0.000,0,0,0,0.000,0.000,6,1,0.583,0,0.000,0.000,0.000,0.000,0.895,0.478,0.000,1.273,0.065,0.935,0.159,0.750
39,1.300,0.000,0.000,0.000,0.000,0,0,0,0.000,0.000,6,0,0.615,0,0.000,0.000,0.000,0.000,1.450,0.666,0.000,1.475,0.065,0.935,0.160,0.550
42,1.400,0.000,0.000,0.000,0.000,0,0,0,0.000,0.000,6,0,0.643,0,0.000,0.000,0.000,0.000,1.600,0.461,0.000,2.268,0.076,0.924,0.178,0.550
45,1.500,0.000,0.000,0.000,0.000,0,0,0,0.000,0.000,6,1,0.600,0,0.000,0.000,0.000,0.000,1.110,0.517,0.000,0.011,0.089,0.911,0.162,0.750
48,1.600,0.000,0.000,0.000,0.000,0,0,0,0.000,0.000,6,0,0.625,0,0.000,0.000,0.000,0.000,0.696,0.762,0.000,2.609,0.062,0.938,0.134,0.550
51,1.700,0.000,0.000,0.000,0.000,0,0,0,0.000,0.000,6,0,0.647,0,0.000,0.000,0.000,0.000,1.353,0.828,0.000,2.152,0.079,0.921,0.146,0.550
54,1.800,0.000,0.000,0.000,0.000,0,0,0,0.000,0.000,6,0,0.667,0,0.000,0.000,0.000,0.000,1.439,0.878,0.000,0.445,0.089,0.911,0.145,0.000
57,1.900,0.000,0.000,0.000,0.000,0,0,0,0.000,0.000,6,0,0.684,0,0.000,0.000,0.000,0.000,1.323,0.412,0.000,0.216,0.100,0.900,0.174,0.000
60,2.000,0.000,0.000,0.000,0.000,0,0,0,0.000,0.000,6,0,0.700,0,0.000,0.000,0.000,0.000,2.009,0.677,0.000,0.215,0.120,0.880,0.173,0.000
63,2.100,0.000,0.000,0.000,0.000,0,0,0,0.000,0.000,6,0,0.714,0,0.000,0.000,0.000,0.000,1.491,0.545,0.000,0.032,0.117,0.883,0.169,0.000
66,2.200,0.000,0.000,0.000,0.000,0,0,0,0.000,0.000,6,0,0.727,0,0.000,0.000,0.000,0.000,1.546,0.458,0.000,0.456,0.104,0.896,0.177,0.000
69,2.300,0.000,0.000,0.000,0.000,0,0,0,0.000,0.000,6,0,0.739,0,0.000,0.000,0.000,0.000,2.136,0.541,0.000,0.465,0.109,0.891,0.185,0.000
72,2.400,0.000,0.000,0.000,0.000,0,0,0,0.000,0.000,5,1,0.708,0,0.000,0.000,0.000,0.000,2.487,0.270,0.000,0.339,0.116,0.884,0.213,0.750
75,2.500,0.000,0.000,0.000,0.000,0,0,0,0.000,0.000,5,0,0.720,0,0.000,0.000,0.000,0.000,2.989,0.206,0.000,0.340,0.135,0.865,0.230,0.000
78,2.600,0.000,0.000,0.000,0.000,0,0,0,0.000,0.000,5,0,0.731,0,0.000,0.000,0.000,0.000,1.914,0.209,0.000,1.455,0.123,0.877,0.203,0.550
81,2.700,0.000,0.000,0.000,0.000,0,0,0,0.000,0.000,3,1,0.704,0,0.000,0.000,0.000,0.000,1.748,0.885,0.000,2.698,0.125,0.875,0.052,0.750
84,2.800,0.000,0.000,0.000,0.000,0,0,0,0.000,0.000,3,0,0.714,0,0.000,0.000,0.000,0.000,1.636,0.628,0.000,1.839,0.123,0.877,0.067,0.550
87,2.900,0.000,0.000,0.000,0.000,0,0,0,0.000,0.000,3,0,0.724,0,0.000,0.000,0.000,0.000,1.664,0.748,0.000,0.323,0.101,0.899,0.059,0.000
90,3.000,0.000,0.000,0.000,0.000,0,0,0,0.000,0.000,6,1,0.724,0,0.000,0.000,0.000,0.000,1.735,0.564,0.000,0.260,0.131,0.869,0.174,0.750
93,3.100,0.000,0.000,0.000,0.000,0,0,0,0.000,0.000,6,0,0.724,0,0.000,0.000,0.000,0.000,2.154,0.674,1.397,2.155,0.103,0.897,0.177,0.550
96,3.200,0.000,0.000,0.000,0.000,0,0,0,0.000,0.000,6,0,0.759,0,0.000,0.000,0.000,0.000,2.653,0.554,1.879,0.028,0.123,0.877,0.198,0.700
99,3.300,0.000,0.000,0.000,0.000,0,0,0,0.000,0.000,3,1,0.724,0,0.000,0.000,0.000,0.000,1.209,0.051,2.106,0.743,0.113,0.887,0.097,0.750
102,3.400,0.000,0.000,0.000,0.000,0,0,0,0.000,0.000,3,0,0.724,0,0.000,0.000,0.000,0.000,1.249,0.858,1.983,2.962,0.118,0.882,0.041,0.700
105,3.500,0.000,0.000,0.000,0.000,0,0,0,0.000,0.000,3,0,0.759,0,0.000,0.000,0.000,0.000,0.818,0.801,1.939,0.551,0.100,0.900,0.034,0.700
108,3.600,0.000,0.000,0.000,0.000,0,0,0,0.000,0.000,4,1,0.724,0,0.000,0.000,0.000,0.000,0.560,0.799,1.339,0.557,0.061,0.939,0.128,0.750
111,3.700,0.000,0.000,0.000,0.000,0,0,0,0.000,0.000,4,0,0.724,0,0.000,0.000,0.000,0.000,0.809,0.606,1.114,3.114,0.089,0.911,0.148,0.550
114,3.800,0.000,0.000,0.000,0.000,0,0,0,0.000,0.000,4,0,0.759,0,0.000,0.000,0.000,0.000,1.744,0.895,0.964,2.199,0.116,0.884,0.151,0.550
117,3.900,0.000,0.000,0.000,0.000,0,0,0,0.000,0.000,4,0,0.759,0,0.000,0.000,0.000,0.000,1.861,0.851,0.826,2.792,0.106,0.894,0.157,0.550
120,4.000,0.000,0.000,0.000,0.000,0,0,0,0.000,0.000,4,0,0.759,0,0.000,0.000,0.000,0.000,1.770,0.424,0.446,1.014,0.098,0.902,0.185,0.000
123,4.100,0.000,0.000,0.000,0.000,0,0,0,0.000,0.000,4,0,0.793,0,0.000,0.000,0.000,0.000,2.982,0.896,0.006,0.795,0.137,0.863,0.182,0.000
126,4.200,0.000,0.000,0.000,0.000,0,0,0,0.000,0.000,3,1,0.759,0,0.000,0.000,0.000,0.000,1.256,0.334,0.018,1.067,0.113,0.887,0.078,0.750
129,4.300,0.000,0.000,0.000,0.000,0,0,0,0.000,0.000,3,0,0.759,0,0.000,0.000,0.000,0.000,1.298,0.794,0.146,2.935,0.112,0.888,0.047,0.550
132,4.400,0.000,0.000,0.000,0.000,0,0,0,0.000,0.000,3,0,0.793,0,0.000,0.000,0.000,0.000,1.142,0.855,0.212,0.670,0.083,0.917,0.039,0.000
135,4.500,0.000,0.000,0.000,0.000,0,0,0,0.000,0.000,3,0,0.793,0,0.000,0.000,0.000,0.000,1.076,0.388,0.284,0.211,0.090,0.910,0.070,0.000
138,4.600,0.000,0.000,0.000,0.000,0,0,0,0.000,0.000,3,0,0.793,0,0.000,0.000,0.000,0.000,1.151,0.711,0.463,0.065,0.091,0.909,0.049,0.000
141,4.700,0.000,0.000,0.000,0.000,0,0,0,0.000,0.000,3,0,0.793,0,0.000,0.000,0.000,0.000,1.081,0.807,0.913,2.015,0.087,0.913,0.041,0.550
144,4.800,0.000,0.000,0.000,0.000,0,0,0,0.000,0.000,5,1,0.759,0,0.000,0.000,0.000,0.000,0.987,0.660,1.281,1.465,0.075,0.925,0.148,0.750
147,4.900,0.000,0.000,0.000,0.000,0,0,0,0.000,0.000,5,0,0.759,0,0.000,0.000,0.000,0.000,1.109,0.824,1.229,1.894,0.070,0.930,0.140,0.550
150,5.000,0.000,0.000,0.000,0.000,0,0,0,0.000,0.000,5,0,0.759,0,0.000,0.000,0.000,0.000,2.060,0.684,1.222,1.015,0.090,0.910,0.174,0.000
153,5.100,0.000,0.000,0.000,0.000,0,0,0,0.000,0.000,3,1,0.724,0,0.000,0.000,0.000,0.000,2.968,0.456,0.781,1.034,0.102,0.898,0.112,0.750
156,5.200,0.000,0.000,0.000,0.000,0,0,0,0.000,0.000,3,0,0.724,0,0.000,0.000,0.000,0.000,1.109,0.465,0.334,2.058,0.092,0.908,0.065,0.550
159,5.300,0.000,0.000,0.000,0.000,0,0,0,0.000,0.000,3,0,0.759,0,0.000,0.000,0.000,0.000,0.917,0.457,0.212,0.079,0.071,0.929,0.061,0.000
162,5.400,0.000,0.000,0.000,0.000,0,0,0,0.000,0.000,4,1,0.724,0,0.000,0.000,0.000,0.000,0.991,0.744,0.258,0.563,0.068,0.932,0.143,0.750
165,5.500,0.000,0.000,0.000,0.000,0,0,0,0.000,0.000,4,0,0.724,0,0.000,0.000,0.000,0.000,0.995,0.561,0.297,0.074,0.081,0.919,0.156,0.000
168,5.600,0.000,0.000,0.000,0.000,0,0,0,0.000,0.000,4,0,0.759,0,0.000,0.000,0.000,0.000,1.138,0.901,0.300,3.123,0.110,0.890,0.135,0.550
171,5.700,0.000,0.000,0.000,0.000,0,0,0,0.000,0.000,3,1,0.724,0,0.000,0.000,0.000,0.000,1.688,0.915,0.557,1.373,0.131,0.869,0.048,0.750
174,5.800,0.000,0.000,0.000,0.000,0,0,0,0.000,0.000,3,0,0.724,0,0.000,0.000,0.000,0.000,1.068,0.891,0.456,0.914,0.100,0.900,0.034,0.000
177,5.900,0.000,0.000,0.000,0.000,0,0,0,0.000,0.000,3,0,0.759,0,0.000,0.000,0.000,0.000,1.593,0.843,0.441,0.021,0.129,0.871,0.051,0.000
180,6.000,0.000,0.000,0.000,0.000,0,0,0,0.000,0.000,4,1,0.724,0,0.000,0.000,0.000,0.000,1.115,0.843,0.337,0.879,0.110,0.890,0.139,0.750
183,6.100,0.000,0.000,0.000,0.000,0,0,0,0.000,0.000,4,0,0.724,0,0.000,0.000,0.000,0.000,0.975,0.353,0.262,0.730,0.093,0.907,0.170,0.000
186,6.200,0.000,0.000,0.000,0.000,0,0,0,0.000,0.000,4,0,0.759,0,0.000,0.000,0.000,0.000,1.153,0.752,0.184,0.212,0.118,0.882,0.146,0.000
189,6.300,0.000,0.000,0.000,0.000,0,0,0,0.000,0.000,3,1,0.724,0,0.000,0.000,0.000,0.000,1.028,0.570,0.017,0.810,0.102,0.898,0.056,0.750
192,6.400,0.000,0.000,0.000,0.000,0,0,0,0.000,0.000,3,0,0.724,0,0.000,0.000,0.000,0.000,0.748,0.550,0.015,2.737,0.079,0.921,0.050,0.550
195,6.500,0.000,0.000,0.000,0.000,0,0,0,0.000,0.000,3,0,0.759,0,0.000,0.000,0.000,0.000,0.838,0.730,0.011,1.641,0.085,0.915,0.040,0.550
198,6.600,0.000,0.000,0.000,0.000,0,0,0,0.000,0.000,4,1,0.724,0,0.000,0.000,0.000,0.000,0.866,0.313,0.293,1.029,0.077,0.923,0.170,0.750
201,6.700,0.000,0.000,0.000,0.000,0,0,0,0.000,0.000,4,0,0.724,0,0.000,0.000,0.000,0.000,2.479,0.460,0.717,2.777,0.128,0.872,0.200,0.550
204,6.800,0.000,0.000,0.000,0.000,0,0,0,0.000,0.000,4,0,0.724,0,0.000,0.000,0.000,0.000,1.831,0.837,0.626,2.321,0.119,0.881,0.157,0.550
207,6.900,0.000,0.000,0.000,0.000,0,0,0,0.000,0.000,4,1,0.690,0,0.000,0.000,0.000,0.000,12.153,0.261,0.432,2.843,0.317,0.683,0.352,0.750
210,7.000,0.000,0.000,0.000,0.000,0,0,0,0.000,0.000,4,0,0.690,0,0.000,0.000,0.000,0.000,1.826,0.738,0.782,2.988,0.088,0.912,0.164,0.550
213,7.100,0.000,0.000,0.000,0.000,1,0,0,0.000,0.000,4,0,0.724,3,51.546,295.222,0.033,0.000,2.496,0.263,0.938,2.812,0.100,0.900,0.403,0.650
216,7.200,0.000,0.000,0.000,0.000,1,0,0,0.000,0.000,5,1,0.690,3,51.039,967.681,0.067,0.333,2.375,0.388,1.616,1.522,0.092,0.908,0.368,0.750
219,7.300,9.434,0.000,9.434,0.000,1,0,0,0.000,0.000,5,0,0.690,3,0.000,1100.617,0.100,0.366,2.852,0.187,1.620,0.399,0.082,0.918,0.451,0.700
222,7.400,4.000,0.000,-5.434,0.000,1,0,0,0.000,0.000,5,0,0.690,3,0.000,898.993,0.133,0.380,2.326,0.124,1.861,1.014,0.078,0.922,0.416,0.700
225,7.500,11.000,0.000,7.000,0.000,1,0,0,0.000,0.000,3,1,0.655,2,0.000,841.760,0.167,0.400,2.381,0.130,1.886,0.083,0.090,0.910,0.372,0.750
228,7.600,38.013,0.000,27.013,0.000,1,0,0,0.000,0.232,3,0,0.655,2,0.000,860.371,0.200,0.414,5.924,0.279,2.043,0.376,0.112,0.888,0.604,0.700
231,7.700,56.569,0.000,18.555,0.000,1,0,0,0.000,0.262,3,0,0.690,2,0.000,860.371,0.233,0.425,3.498,0.473,2.655,1.646,0.145,0.855,0.572,0.700
234,7.800,0.000,0.000,0.000,0.000,0,0,0,0.000,0.000,6,1,0.655,0,0.000,860.371,0.233,0.425,3.565,0.296,2.946,0.054,0.229,0.771,0.266,0.750
237,7.900,0.000,0.000,0.000,0.000,0,0,0,0.000,0.000,6,0,0.655,0,0.000,860.371,0.233,0.425,2.325,0.351,3.265,0.508,0.171,0.829,0.232,0.700
240,8.000,0.000,495.429,0.000,495.429,1,0,0,0.000,0.000,6,0,0.690,5,0.000,860.371,0.267,0.363,3.394,0.731,3.398,0.863,0.184,0.816,0.686,0.700
243,8.100,0.000,21.024,0.000,-474.405,1,0,0,0.000,0.000,4,1,0.655,3,0.000,860.371,0.300,0.366,4.253,0.700,4.061,0.085,0.187,0.813,0.565,0.750
246,8.200,0.000,9.434,0.000,-11.590,1,0,0,0.000,2.177,4,0,0.655,3,0.000,860.371,0.333,0.369,2.879,0.130,10.123,0.548,0.170,0.830,0.510,0.700
249,8.300,0.000,9.434,0.000,0.000,1,0,0,0.000,1.647,4,0,0.690,3,0.000,860.371,0.367,0.371,2.197,0.245,5.693,0.174,0.162,0.838,0.489,0.700
252,8.400,0.000,28.018,0.000,18.584,1,0,0,0.000,1.114,3,1,0.655,2,194.795,1737.491,0.400,0.378,1.816,0.413,5.312,0.011,0.145,0.855,0.460,0.750
255,8.500,0.000,10.296,0.000,-17.722,1,0,1,0.000,0.950,3,0,0.655,2,76.158,2762.008,0.433,0.384,1.719,0.658,0.349,0.600,0.152,0.848,0.426,0.580
258,8.600,0.000,9.000,0.000,-1.296,1,0,1,0.000,1.175,3,0,0.690,2,18.028,2982.679,0.467,0.390,1.200,0.809,0.328,1.598,0.133,0.867,0.399,0.580
261,8.700,0.000,25.179,0.000,16.179,1,0,1,0.000,0.999,3,0,0.690,2,0.000,3671.519,0.500,0.395,3.016,0.875,0.264,1.086,0.188,0.812,0.534,0.350
264,8.800,0.000,8.062,0.000,-17.117,1,0,1,0.000,0.891,3,0,0.690,2,0.000,3917.229,0.533,0.399,2.127,0.744,0.263,1.988,0.168,0.832,0.430,0.580
267,8.900,0.000,30.806,0.000,22.744,1,0,1,0.000,0.824,3,0,0.724,2,0.000,4179.578,0.567,0.404,4.245,0.698,0.203,0.075,0.214,0.786,0.616,0.000
270,9.000,0.000,512.268,0.000,459.268,2,0,1,512.268,0.800,4,1,0.690,6,0.000,3587.744,0.600,0.393,7.329,0.452,0.233,0.310,0.277,0.723,1.000,0.750
273,9.100,0.000,473.711,0.000,-46.168,2,0,1,473.711,1.506,4,0,0.690,6,88.391,2915.088,0.633,0.384,4.914,0.492,0.325,1.303,0.162,0.838,0.944,0.550
276,9.200,0.000,441.045,0.000,-15.907,2,0,1,441.045,2.011,4,0,0.724,6,107.168,2758.040,0.667,0.382,3.668,0.705,0.172,0.352,0.124,0.876,0.902,0.595
279,9.300,0.000,428.464,0.000,-11.638,2,0,1,428.464,2.718,3,1,0.690,4,110.752,2787.088,0.700,0.373,2.050,0.491,0.121,0.414,0.102,0.898,0.781,0.750
282,9.400,0.000,435.496,0.000,15.419,2,0,1,435.496,3.108,3,0,0.690,4,115.741,2650.594,0.733,0.373,2.765,0.732,0.024,0.002,0.101,0.899,0.786,0.643
285,9.500,0.000,441.275,0.000,7.136,2,0,1,441.275,3.108,3,0,0.724,4,112.752,2298.078,0.767,0.363,3.181,0.419,0.004,1.156,0.089,0.911,0.822,0.626
288,9.600,0.000,467.851,0.000,-0.492,2,0,1,467.851,3.109,3,0,0.724,4,118.309,2072.109,0.800,0.379,1.754,0.571,0.075,0.356,0.091,0.909,0.780,0.657
291,9.700,0.000,464.149,0.000,-6.053,2,0,1,464.149,3.106,3,0,0.724,4,123.329,1974.454,0.833,0.389,1.508,0.473,0.234,0.211,0.075,0.925,0.785,0.685
294,9.800,0.000,512.533,0.000,5.576,2,0,1,512.533,3.106,3,0,0.759,4,0.000,1790.089,0.867,0.379,1.666,0.312,0.282,1.458,0.100,0.900,0.804,0.550
297,9.900,0.000,567.866,0.000,7.986,2,0,1,567.866,3.111,4,1,0.724,6,0.000,2118.514,0.900,0.369,2.030,0.347,0.308,1.417,0.093,0.907,0.914,0.750
300,10.000,649.942,6.325,593.374,-561.542,2,1,1,571.581,2.830,4,0,0.724,6,0.000,2024.480,0.933,0.347,2.200,0.426,0.060,0.091,0.106,0.894,0.917,0.500
303,10.100,577.897,564.345,-72.045,558.020,2,1,1,570.636,2.728,4,0,0.759,6,0.000,1903.409,0.933,0.324,1.934,0.489,0.022,0.731,0.110,0.890,0.906,0.450
306,10.200,566.167,0.000,4.879,0.000,2,1,0,566.167,1.735,3,1,0.724,4,0.000,1498.014,0.933,0.336,2.195,0.455,0.099,1.042,0.106,0.894,0.815,0.750
309,10.300,0.000,513.282,0.000,445.274,2,0,1,513.282,2.342,3,0,0.724,4,0.000,1069.560,0.933,0.336,2.668,0.484,0.013,0.040,0.100,0.900,0.825,0.500
312,10.400,0.000,472.293,0.000,3.967,2,0,1,472.293,2.346,3,0,0.759,4,0.000,773.819,0.933,0.336,1.934,0.446,0.087,0.460,0.096,0.904,0.809,0.350
315,10.500,0.000,459.078,0.000,0.833,2,0,1,459.078,2.354,3,0,0.759,4,97.268,833.539,0.933,0.347,1.167,0.357,0.155,2.564,0.082,0.918,0.796,0.550
318,10.600,0.000,446.249,0.000,4.271,2,0,1,446.249,2.739,3,0,0.759,4,92.892,827.439,0.933,0.347,1.229,0.505,0.581,0.054,0.091,0.909,0.787,0.516
321,10.700,0.000,426.466,0.000,-3.856,2,0,1,426.466,3.128,3,0,0.793,4,29.428,985.917,0.933,0.347,1.081,0.083,0.736,1.854,0.070,0.930,0.813,0.550
324,10.800,0.000,426.813,0.000,-4.772,2,0,1,426.813,3.125,4,1,0.759,4,112.947,1127.334,0.967,0.347,1.276,0.788,0.858,1.880,0.095,0.905,0.873,0.750
327,10.900,426.223,16.125,-139.944,-410.688,2,1,1,446.323,2.775,4,0,0.759,4,95.859,1151.854,1.000,0.347,1.798,0.721,0.811,0.018,0.115,0.885,0.894,0.533
330,11.000,0.000,515.653,0.000,42.092,2,0,1,515.653,2.735,4,0,0.793,4,0.000,1133.554,1.000,0.347,3.109,0.524,0.879,0.026,0.130,0.870,0.941,0.500
333,11.100,558.020,529.545,131.797,13.892,2,1,1,597.463,2.730,5,1,0.759,6,0.000,1955.287,1.000,0.336,3.871,0.433,0.874,1.072,0.184,0.816,0.966,0.750
336,11.200,0.000,38.013,0.000,-491.532,1,0,1,0.000,2.658,5,0,0.759,4,0.000,2067.330,1.000,0.347,4.417,0.607,0.667,0.335,0.291,0.709,0.843,0.650
339,11.300,0.000,34.655,0.000,-3.358,1,0,1,0.000,2.304,5,0,0.793,4,29.732,2114.550,1.000,0.347,4.954,0.797,0.465,0.447,0.258,0.742,0.825,0.580
342,11.400,0.000,31.780,0.000,-2.875,1,0,1,0.000,1.988,4,1,0.759,3,27.459,1914.409,1.000,0.358,4.064,0.779,0.298,0.166,0.243,0.757,0.779,0.750
345,11.500,0.000,10.770,0.000,-21.010,1,0,1,0.000,1.617,4,0,0.759,3,31.890,1888.410,1.000,0.358,2.750,0.264,0.223,0.054,0.207,0.793,0.665,0.580
348,11.600,0.000,17.088,0.000,6.318,1,0,1,0.000,1.682,4,0,0.759,3,28.425,1724.109,1.000,0.369,2.973,0.279,0.223,0.067,0.230,0.770,0.705,0.580
351,11.700,0.000,12.166,0.000,-4.922,1,0,1,0.000,1.458,3,1,0.724,2,0.000,1638.914,1.000,0.369,2.598,0.499,0.216,1.201,0.230,0.770,0.538,0.750
354,11.800,0.000,2.828,0.000,-9.337,1,0,1,0.000,1.188,3,0,0.724,2,29.155,1612.454,1.000,0.379,2.143,0.688,0.161,0.015,0.235,0.765,0.461,0.580
357,11.900,0.000,2.000,0.000,-0.828,1,0,1,0.000,1.096,3,0,0.759,2,25.495,1542.189,1.000,0.379,2.071,0.806,0.209,0.010,0.239,0.761,0.447,0.580
360,12.000,0.000,2.236,0.000,0.236,1,0,1,0.000,1.113,5,1,0.724,3,4.472,1084.524,1.000,0.379,1.766,0.870,0.103,0.170,0.222,0.778,0.524,0.750
363,12.100,0.000,3.162,0.000,0.926,1,0,1,0.000,1.370,5,0,0.724,3,21.840,356.930,1.000,0.389,2.131,0.927,0.322,0.097,0.246,0.754,0.534,0.580
366,12.200,0.000,2.000,0.000,-1.162,1,0,1,0.000,1.337,5,0,0.759,3,24.042,116.394,1.000,0.389,1.418,0.875,0.899,0.078,0.210,0.790,0.513,0.580
369,12.300,0.000,2.236,0.000,0.236,1,0,1,0.000,1.572,5,1,0.724,3,2.000,106.150,1.000,0.389,0.852,0.577,1.378,0.202,0.138,0.862,0.521,0.750
372,12.400,0.000,1.000,0.000,-1.236,1,0,1,0.000,1.606,4,1,0.690,3,1.414,98.975,1.000,0.389,0.629,0.307,1.363,2.855,0.102,0.898,0.555,0.750
375,12.500,0.000,1.414,0.000,0.414,1,0,1,0.000,1.574,5,1,0.655,3,3.162,93.368,1.000,0.399,1.038,0.893,1.449,0.211,0.170,0.830,0.499,0.750
378,12.600,0.000,5.000,0.000,3.586,1,0,1,0.000,1.553,5,0,0.655,4,0.000,84.150,1.000,0.399,2.246,0.942,1.236,0.090,0.254,0.746,0.582,0.580
381,12.700,0.000,6.325,0.000,1.325,1,0,1,0.000,1.299,5,0,0.655,4,0.000,70.769,1.000,0.399,1.984,0.938,0.572,0.333,0.254,0.746,0.583,0.580
384,12.800,0.000,3.162,0.000,-3.162,1,0,1,0.000,0.964,5,0,0.690,4,0.000,63.164,1.000,0.399,2.479,0.958,0.073,0.204,0.273,0.727,0.577,0.580
387,12.900,0.000,12.369,0.000,9.207,1,0,1,0.000,0.679,5,0,0.690,4,0.000,72.264,1.000,0.399,7.125,0.941,0.271,0.030,0.319,0.681,0.745,0.580
390,13.000,0.000,7.071,0.000,-5.298,1,0,1,0.000,0.652,5,0,0.690,4,0.000,82.999,1.000,0.399,4.707,0.971,0.200,0.212,0.296,0.704,0.653,0.580
393,13.100,0.000,4.000,0.000,-3.071,1,0,1,0.000,0.415,5,0,0.724,4,23.409,81.049,1.000,0.399,3.654,0.974,0.124,0.103,0.277,0.723,0.609,0.580
396,13.200,0.000,3.000,0.000,-1.000,1,0,1,0.000,0.277,3,1,0.690,2,22.804,90.219,1.000,0.408,1.426,0.815,0.145,0.215,0.202,0.798,0.535,0.750
399,13.300,0.000,1.414,0.000,-1.586,1,0,1,0.000,0.277,4,1,0.655,2,1.414,75.960,1.000,0.408,1.415,0.472,0.232,0.309,0.190,0.810,0.520,0.750
402,13.400,0.000,2.236,0.000,0.822,1,0,1,0.000,0.219,4,0,0.655,2,2.236,80.119,1.000,0.408,1.361,0.374,0.242,0.145,0.184,0.816,0.530,0.580
405,13.500,0.000,2.000,0.000,-0.236,1,0,1,0.000,0.433,3,1,0.621,1,2.828,51.475,1.000,0.417,1.223,0.167,0.289,1.227,0.169,0.831,0.410,0.750
408,13.600,0.000,2.236,0.000,0.236,1,0,1,0.000,0.687,3,0,0.621,1,1.000,49.788,1.000,0.426,1.270,0.210,0.364,0.605,0.173,0.827,0.409,0.580
411,13.700,0.000,2.236,0.000,0.000,1,0,1,0.000,0.990,3,0,0.655,2,1.414,47.837,1.000,0.426,1.406,0.419,0.486,0.216,0.185,0.815,0.458,0.580
414,13.800,0.000,1.000,0.000,-1.236,1,0,1,0.000,1.231,5,1,0.621,3,2.236,42.974,1.000,0.426,1.445,0.151,0.521,0.817,0.183,0.817,0.559,0.750
417,13.900,0.000,2.000,0.000,1.000,1,0,1,0.000,1.410,5,0,0.621,4,0.000,35.708,1.000,0.417,1.482,0.151,0.441,0.480,0.188,0.812,0.602,0.580
420,14.000,0.000,2.000,0.000,0.000,1,0,1,0.000,1.410,5,0,0.655,3,0.000,31.325,1.000,0.417,1.315,0.215,0.297,0.316,0.178,0.822,0.557,0.580
423,14.100,0.000,1.414,0.000,-0.586,1,0,1,0.000,1.410,3,1,0.621,1,1.000,28.099,1.000,0.417,1.110,0.254,0.162,0.562,0.159,0.841,0.398,0.750
426,14.200,0.000,1.414,0.000,0.000,1,0,1,0.000,1.370,3,0,0.621,1,1.000,24.179,1.000,0.426,1.269,0.635,0.143,1.453,0.188,0.812,0.375,0.580
429,14.300,0.000,1.000,0.000,-0.414,1,0,1,0.000,1.214,3,0,0.655,1,1.414,20.220,1.000,0.435,0.943,0.712,0.056,0.191,0.167,0.833,0.359,0.580
432,14.400,0.000,1.000,0.000,0.000,1,0,1,0.000,1.352,3,1,0.621,2,0.000,15.749,1.000,0.435,0.513,0.647,0.001,0.078,0.094,0.906,0.513,0.750
435,14.500,0.000,2.000,0.000,1.000,1,0,1,0.000,1.432,4,1,0.586,2,1.414,14.819,1.000,0.435,0.873,0.798,0.442,0.259,0.162,0.838,0.487,0.750
438,14.600,0.000,1.000,0.000,-1.000,1,0,1,0.000,1.374,4,0,0.621,2,2.236,13.810,1.000,0.444,0.730,0.746,0.654,0.085,0.136,0.864,0.482,0.580
441,14.700,0.000,0.000,0.000,-1.000,1,0,1,0.000,1.346,3,1,0.586,1,2.000,13.120,1.000,0.444,0.845,0.768,0.794,0.078,0.156,0.844,0.347,0.750
444,14.800,0.000,1.414,0.000,1.414,1,0,1,0.000,1.571,3,0,0.586,1,2.236,12.539,1.000,0.453,0.865,0.819,0.760,0.055,0.165,0.835,0.352,0.580
447,14.900,0.000,2.236,0.000,0.822,1,0,1,0.000,1.648,3,0,0.621,1,1.000,11.594,1.000,0.462,1.012,0.882,0.745,0.200,0.191,0.809,0.356,0.580
450,15.000,0.000,2.000,0.000,-0.236,1,0,1,0.000,1.987,4,1,0.586,2,0.000,2.694,1.000,0.462,0.955,0.814,0.723,0.110,0.179,0.821,0.488,0.750
453,15.100,0.000,1.000,0.000,-1.000,1,0,1,0.000,2.118,3,1,0.552,2,2.000,2.764,1.000,0.462,0.831,0.819,0.704,0.045,0.158,0.842,0.509,0.750
456,15.200,0.000,1.414,0.000,0.414,1,0,1,0.000,1.987,4,1,0.552,2,1.414,3.264,1.000,0.470,0.992,0.914,0.681,0.136,0.191,0.809,0.479,0.750
459,15.300,0.000,0.000,0.000,-1.414,1,0,1,0.000,1.756,3,1,0.552,2,1.000,3.939,1.000,0.470,0.731,0.890,0.696,0.188,0.151,0.849,0.496,0.750
462,15.400,0.000,1.414,0.000,1.414,1,0,1,0.000,1.803,3,0,0.586,2,1.000,5.028,1.000,0.479,0.732,0.926,0.759,0.408,0.148,0.852,0.501,0.580
465,15.500,0.000,1.414,0.000,0.000,1,0,1,0.000,1.756,3,0,0.586,2,1.000,6.164,1.000,0.479,0.738,0.896,0.844,0.358,0.152,0.848,0.504,0.580
468,15.600,0.000,1.414,0.000,0.000,1,0,1,0.000,1.725,3,0,0.586,2,0.000,6.700,1.000,0.487,0.834,0.906,0.886,0.070,0.167,0.833,0.505,0.580
471,15.700,0.000,1.414,0.000,0.000,1,0,1,0.000,1.779,3,0,0.586,2,2.236,8.044,1.000,0.487,0.961,0.952,0.836,0.514,0.188,0.812,0.505,0.580
474,15.800,0.000,1.000,0.000,-0.414,1,0,1,0.000,1.833,3,0,0.586,2,2.000,9.090,1.000,0.496,0.578,0.750,0.812,0.205,0.121,0.879,0.507,0.580
477,15.900,0.000,0.000,0.000,-1.000,1,0,1,0.000,1.885,4,1,0.552,3,0.000,10.799,1.000,0.496,0.410,0.391,0.753,0.405,0.077,0.923,0.538,0.750
480,16.000,0.000,1.000,0.000,1.000,1,0,1,0.000,1.767,4,0,0.552,3,0.000,8.967,1.000,0.496,0.581,0.719,0.795,0.103,0.119,0.881,0.525,0.580
483,16.100,0.000,1.000,0.000,0.000,1,0,1,0.000,2.042,4,0,0.586,3,0.000,5.470,1.000,0.504,0.416,0.516,0.901,0.018,0.086,0.914,0.535,0.580
486,16.200,0.000,1.000,0.000,0.000,1,0,1,0.000,2.225,4,0,0.621,3,0.000,2.704,1.000,0.496,0.360,0.273,1.486,0.533,0.073,0.927,0.550,0.700
489,16.300,0.000,1.000,0.000,0.000,1,0,1,0.000,2.225,4,0,0.621,3,0.000,1.104,1.000,0.496,0.400,0.475,1.442,0.470,0.076,0.924,0.537,0.700
492,16.400,0.000,1.000,0.000,0.000,1,0,1,0.000,2.487,4,0,0.655,3,0.000,0.530,1.000,0.479,0.478,0.655,1.429,0.326,0.101,0.899,0.527,0.700
495,16.500,0.000,2.236,0.000,1.236,1,0,1,0.000,2.564,4,0,0.655,3,0.000,0.390,1.000,0.479,0.746,0.919,1.511,0.104,0.152,0.848,0.522,0.700
498,16.600,0.000,1.000,0.000,-1.236,1,0,1,0.000,2.618,4,0,0.655,3,0.000,0.368,1.000,0.479,0.419,0.376,1.501,0.050,0.084,0.916,0.545,0.700
501,16.700,0.000,1.000,0.000,0.000,1,0,1,0.000,2.693,4,0,0.690,3,0.000,0.529,1.000,0.479,0.272,0.604,1.492,2.241,0.049,0.951,0.525,0.700
504,16.800,0.000,0.000,0.000,-1.000,1,0,1,0.000,2.693,4,0,0.690,3,0.000,0.540,1.000,0.479,0.369,0.564,1.672,2.246,0.073,0.927,0.525,0.700
507,16.900,0.000,1.414,0.000,1.414,1,0,1,0.000,2.618,4,0,0.690,3,0.000,0.727,1.000,0.462,0.287,0.438,1.707,0.313,0.053,0.947,0.539,0.700
510,17.000,0.000,1.414,0.000,0.000,1,0,1,0.000,2.618,4,0,0.724,3,0.000,0.735,1.000,0.462,0.261,0.506,1.924,0.098,0.052,0.948,0.534,0.700
513,17.100,0.000,1.414,0.000,0.000,1,0,1,0.000,2.618,4,0,0.724,3,0.000,0.694,1.000,0.453,0.320,0.620,2.175,0.126,0.059,0.941,0.527,0.700
516,17.200,0.000,1.414,0.000,0.000,1,0,1,0.000,2.618,4,0,0.724,3,0.000,0.409,1.000,0.435,0.261,0.457,2.419,0.285,0.043,0.957,0.537,0.700
519,17.300,0.000,152.013,0.000,150.599,1,0,1,0.000,2.577,5,1,0.724,4,0.000,0.409,1.000,0.426,12.688,0.170,3.333,1.796,0.377,0.623,1.000,0.750
522,17.400,0.000,481.453,0.000,469.748,2,0,1,481.453,1.993,3,1,0.724,3,87.710,616.355,1.000,0.426,0.860,0.647,2.899,1.109,0.071,0.929,0.776,0.750
525,17.500,0.000,496.502,0.000,12.608,2,0,1,496.502,2.277,3,0,0.724,3,187.878,1884.388,1.000,0.417,1.020,0.674,2.835,0.583,0.069,0.931,0.778,0.750
528,17.600,600.653,18.974,42.633,-477.528,2,1,1,495.586,2.578,3,0,0.759,4,28.231,2454.287,1.000,0.408,1.067,0.255,2.987,1.132,0.071,0.929,0.809,0.700
531,17.700,490.719,487.878,-109.934,468.904,2,1,1,483.389,2.908,3,0,0.759,4,56.223,2568.179,1.000,0.399,2.642,0.717,2.946,1.534,0.086,0.914,0.816,0.700
534,17.800,480.234,0.000,-10.072,0.000,2,1,0,480.234,3.044,3,0,0.759,3,173.658,3429.615,1.000,0.399,2.068,0.804,3.487,1.083,0.071,0.929,0.795,0.750
537,17.900,6.325,26.627,-473.910,-461.251,2,1,1,491.073,2.862,3,0,0.793,4,42.544,3377.477,1.000,0.399,1.481,0.373,3.933,0.399,0.074,0.926,0.709,0.700
540,18.000,0.000,494.243,0.000,467.616,1,0,1,0.000,1.851,3,0,0.828,2,156.083,3923.854,1.000,0.399,0.731,0.529,4.594,1.183,0.058,0.942,0.671,0.750
543,18.100,0.000,509.577,0.000,497.873,2,0,1,509.577,1.955,3,0,0.862,4,49.729,3674.017,1.000,0.399,1.571,0.491,4.949,0.196,0.076,0.924,0.805,0.700
546,18.200,0.000,551.543,0.000,-8.957,2,0,1,551.543,1.950,3,0,0.897,4,224.984,4094.300,1.000,0.399,2.602,0.405,5.415,1.003,0.103,0.897,0.837,0.750
549,18.300,489.842,0.000,483.517,0.000,1,1,0,0.000,2.660,3,0,0.897,2,224.984,4094.300,1.000,0.399,1.897,0.592,6.658,0.325,0.103,0.897,0.696,0.750
552,18.400,0.000,0.000,0.000,0.000,0,0,0,0.000,0.000,3,0,0.897,0,224.984,4094.300,0.967,0.399,10.873,0.083,7.234,0.838,0.388,0.612,0.380,0.750
555,18.500,0.000,0.000,0.000,0.000,0,0,0,0.000,0.000,3,0,0.897,0,224.984,4094.300,0.933,0.399,1.914,0.953,10.725,0.804,0.243,0.757,0.163,0.750
558,18.600,0.000,0.000,0.000,0.000,0,0,0,0.000,0.000,5,1,0.862,0,224.984,4094.300,0.900,0.399,1.473,0.987,11.359,0.115,0.228,0.772,0.246,0.750
561,18.700,0.000,0.000,0.000,0.000,0,0,0,0.000,0.000,4,1,0.828,0,224.984,4094.300,0.867,0.399,0.985,0.911,13.071,2.010,0.187,0.813,0.235,0.750
564,18.800,0.000,0.000,0.000,0.000,0,0,0,0.000,0.000,4,0,0.862,0,224.984,4094.300,0.833,0.399,1.203,0.957,18.871,3.076,0.209,0.791,0.233,0.750
567,18.900,0.000,0.000,0.000,0.000,0,0,0,0.000,0.000,4,0,0.862,0,224.984,4094.300,0.800,0.399,0.691,0.817,0.307,0.197,0.140,0.860,0.226,0.750
570,19.000,0.000,0.000,0.000,0.000,0,0,0,0.000,0.000,5,1,0.828,0,224.984,4094.300,0.767,0.399,1.022,0.952,0.294,1.765,0.182,0.818,0.221,0.750
573,19.100,0.000,0.000,0.000,0.000,0,0,0,0.000,0.000,4,1,0.793,0,224.984,4094.300,0.733,0.399,0.365,0.785,0.285,2.780,0.076,0.924,0.212,0.750
576,19.200,0.000,0.000,0.000,0.000,0,0,0,0.000,0.000,4,0,0.793,0,224.984,4094.300,0.700,0.399,0.705,0.422,0.256,1.221,0.134,0.866,0.242,0.750
579,19.300,0.000,0.000,0.000,0.000,0,0,0,0.000,0.000,5,1,0.759,0,224.984,4094.300,0.667,0.399,2.360,0.986,0.164,1.963,0.256,0.744,0.240,0.750
582,19.400,0.000,0.000,0.000,0.000,0,0,0,0.000,0.000,5,0,0.759,0,224.984,4094.300,0.633,0.399,1.886,0.968,0.134,2.437,0.252,0.748,0.225,0.750
585,19.500,0.000,0.000,0.000,0.000,0,0,0,0.000,0.000,5,1,0.724,0,224.984,4094.300,0.600,0.399,1.099,0.947,0.121,0.214,0.215,0.785,0.203,0.750
588,19.600,0.000,0.000,0.000,0.000,0,0,0,0.000,0.000,6,1,0.690,0,224.984,4094.300,0.567,0.399,2.275,0.986,0.130,2.729,0.252,0.748,0.226,0.750
591,19.700,0.000,0.000,0.000,0.000,0,0,0,0.000,0.000,6,0,0.690,0,224.984,4094.300,0.533,0.399,1.006,0.761,0.121,2.173,0.187,0.813,0.206,0.750
594,19.800,0.000,0.000,0.000,0.000,0,0,0,0.000,0.000,5,1,0.655,0,224.984,4094.300,0.500,0.399,0.904,0.954,0.034,1.165,0.181,0.819,0.186,0.750
597,19.900,0.000,0.000,0.000,0.000,0,0,0,0.000,0.000,5,0,0.655,0,224.984,4094.300,0.467,0.399,0.634,0.793,0.022,1.019,0.125,0.875,0.186,0.750
600,20.000,0.000,0.000,0.000,0.000,0,0,0,0.000,0.000,4,1,0.621,0,224.984,4094.300,0.433,0.399,0.661,0.378,0.398,0.084,0.121,0.879,0.212,0.750
603,20.100,0.000,0.000,0.000,0.000,0,0,0,0.000,0.000,4,1,0.586,0,224.984,4094.300,0.400,0.399,1.276,0.721,0.457,2.439,0.209,0.791,0.199,0.750
606,20.200,0.000,0.000,0.000,0.000,0,0,0,0.000,0.000,4,0,0.621,0,224.984,4094.300,0.367,0.399,1.903,0.848,0.488,1.581,0.252,0.748,0.202,0.750
609,20.300,0.000,0.000,0.000,0.000,0,0,0,0.000,0.000,4,0,0.655,0,224.984,4094.300,0.333,0.399,1.280,0.935,0.488,1.672,0.213,0.787,0.177,0.750
612,20.400,0.000,0.000,0.000,0.000,0,0,0,0.000,0.000,4,1,0.621,0,224.984,4094.300,0.300,0.399,1.783,0.966,0.398,0.161,0.249,0.751,0.183,0.750
615,20.500,0.000,0.000,0.000,0.000,0,0,0,0.000,0.000,4,0,0.621,0,224.984,4094.300,0.267,0.399,0.859,0.927,0.362,0.412,0.169,0.831,0.159,0.750
618,20.600,0.000,0.000,0.000,0.000,0,0,0,0.000,0.000,3,1,0.586,0,224.984,4094.300,0.233,0.399,0.259,0.785,0.367,0.905,0.060,0.940,0.150,0.750
621,20.700,0.000,0.000,0.000,0.000,0,0,0,0.000,0.000,5,1,0.552,0,224.984,4094.300,0.200,0.399,0.393,0.651,0.346,2.159,0.089,0.911,0.158,0.750
624,20.800,0.000,0.000,0.000,0.000,0,0,0,0.000,0.000,4,1,0.517,0,224.984,4094.300,0.167,0.399,0.445,0.479,0.299,1.806,0.106,0.894,0.168,0.750
627,20.900,0.000,0.000,0.000,0.000,0,0,0,0.000,0.000,4,0,0.517,0,224.984,4094.300,0.133,0.399,0.502,0.754,0.359,1.010,0.114,0.886,0.146,0.750
630,21.000,0.000,0.000,0.000,0.000,0,0,0,0.000,0.000,4,0,0.517,0,224.984,4094.300,0.100,0.399,0.470,0.741,0.408,0.834,0.112,0.888,0.142,0.750
633,21.100,0.000,0.000,0.000,0.000,0,0,0,0.000,0.000,4,0,0.517,0,224.984,4094.300,0.067,0.399,0.301,0.788,0.437,0.026,0.067,0.933,0.130,0.750
636,21.200,0.000,0.000,0.000,0.000,0,0,0,0.000,0.000,4,0,0.517,0,224.984,4094.300,0.033,0.399,0.412,0.580,0.511,2.342,0.085,0.915,0.144,0.750
639,21.300,0.000,0.000,0.000,0.000,0,0,0,0.000,0.000,5,1,0.483,0,224.984,4094.300,0.000,0.399,0.399,0.601,0.482,0.766,0.082,0.918,0.138,0.750
642,21.400,0.000,0.000,0.000,0.000,0,0,0,0.000,0.000,5,0,0.483,0,224.984,4094.300,0.000,0.399,0.379,0.263,0.466,2.108,0.080,0.920,0.161,0.750
645,21.500,0.000,0.000,0.000,0.000,0,0,0,0.000,0.000,5,0,0.517,0,224.984,4094.300,0.000,0.399,0.971,0.940,0.810,2.268,0.199,0.801,0.128,0.750
648,21.600,0.000,0.000,0.000,0.000,0,0,0,0.000,0.000,5,1,0.517,0,224.984,4094.300,0.000,0.399,1.005,0.274,0.649,2.839,0.176,0.824,0.176,0.750
651,21.700,0.000,0.000,0.000,0.000,0,0,0,0.000,0.000,5,0,0.517,0,224.984,4094.300,0.000,0.399,0.603,0.534,0.663,0.276,0.119,0.881,0.148,0.750
654,21.800,0.000,0.000,0.000,0.000,0,0,0,0.000,0.000,5,0,0.517,0,224.984,4094.300,0.000,0.399,1.580,0.835,0.877,0.684,0.251,0.749,0.151,0.750
657,21.900,0.000,0.000,0.000,0.000,0,0,0,0.000,0.000,4,0,0.552,0,224.984,4094.300,0.000,0.399,2.822,0.967,0.852,0.219,0.281,0.719,0.173,0.750
660,22.000,0.000,0.000,0.000,0.000,0,0,0,0.000,0.000,4,0,0.586,0,224.984,4094.300,0.000,0.399,2.809,0.870,0.858,0.818,0.274,0.726,0.179,0.750
663,22.100,0.000,0.000,0.000,0.000,0,0,0,0.000,0.000,4,0,0.586,0,224.984,4094.300,0.000,0.399,3.031,0.978,0.619,2.563,0.280,0.720,0.177,0.750
666,22.200,0.000,0.000,0.000,0.000,0,0,0,0.000,0.000,4,0,0.621,0,224.984,4094.300,0.000,0.399,2.158,0.926,0.298,0.456,0.267,0.733,0.159,0.750
669,22.300,0.000,0.000,0.000,0.000,0,0,0,0.000,0.000,4,0,0.621,0,224.984,4094.300,0.000,0.399,2.183,0.880,0.072,0.562,0.275,0.725,0.163,0.750
672,22.400,0.000,0.000,0.000,0.000,0,0,0,0.000,0.000,4,0,0.655,0,224.984,4094.300,0.000,0.399,1.806,0.860,0.331,0.013,0.255,0.745,0.155,0.750
675,22.500,0.000,0.000,0.000,0.000,0,0,0,0.000,0.000,5,1,0.655,0,224.984,4094.300,0.000,0.399,2.776,0.845,0.654,0.897,0.268,0.732,0.180,0.750
678,22.600,0.000,0.000,0.000,0.000,0,0,0,0.000,0.000,5,0,0.655,0,224.984,4094.300,0.000,0.399,2.846,0.923,0.969,0.096,0.279,0.721,0.177,0.750
681,22.700,0.000,0.000,0.000,0.000,0,0,0,0.000,0.000,5,0,0.690,0,224.984,4094.300,0.000,0.399,2.572,0.961,1.748,0.235,0.269,0.731,0.167,0.750
684,22.800,0.000,0.000,0.000,0.000,0,0,0,0.000,0.000,5,0,0.690,0,224.984,4094.300,0.000,0.399,3.088,0.982,2.078,0.058,0.274,0.726,0.178,0.750
687,22.900,0.000,0.000,0.000,0.000,0,0,0,0.000,0.000,5,0,0.724,0,224.984,4094.300,0.000,0.399,1.940,0.950,2.453,0.464,0.263,0.737,0.152,0.750
690,23.000,0.000,0.000,0.000,0.000,0,0,0,0.000,0.000,5,0,0.759,0,224.984,4094.300,0.000,0.399,1.883,0.851,2.644,1.172,0.250,0.750,0.158,0.750
693,23.100,0.000,0.000,0.000,0.000,0,0,0,0.000,0.000,5,0,0.759,0,224.984,4094.300,0.000,0.399,2.962,0.974,2.710,0.754,0.279,0.721,0.176,0.750
696,23.200,0.000,0.000,0.000,0.000,0,0,0,0.000,0.000,5,0,0.759,0,224.984,4094.300,0.000,0.399,1.375,0.781,3.067,0.165,0.173,0.827,0.150,0.750
699,23.300,0.000,0.000,0.000,0.000,0,0,0,0.000,0.000,5,0,0.793,0,224.984,4094.300,0.000,0.399,1.826,0.956,4.143,0.700,0.257,0.743,0.149,0.750
702,23.400,0.000,0.000,0.000,0.000,0,0,0,0.000,0.000,4,1,0.759,0,224.984,4094.300,0.000,0.399,0.476,0.754,3.814,1.419,0.094,0.906,0.129,0.750
705,23.500,0.000,0.000,0.000,0.000,0,0,0,0.000,0.000,4,0,0.793,0,224.984,4094.300,0.000,0.399,0.501,0.857,2.296,0.162,0.112,0.888,0.123,0.750
708,23.600,0.000,0.000,0.000,0.000,0,0,0,0.000,0.000,5,1,0.793,0,224.984,4094.300,0.000,0.399,1.068,0.943,1.458,2.737,0.196,0.804,0.131,0.750
711,23.700,0.000,0.000,0.000,0.000,0,0,0,0.000,0.000,5,1,0.793,0,224.984,4094.300,0.000,0.399,12.134,0.051,0.923,2.775,0.441,0.559,0.366,0.750
714,23.800,0.000,0.000,0.000,0.000,0,0,0,0.000,0.000,5,0,0.793,0,224.984,4094.300,0.000,0.399,5.117,0.733,1.465,1.733,0.215,0.785,0.247,0.750
717,23.900,0.000,0.000,0.000,0.000,0,0,0,0.000,0.000,5,0,0.793,0,224.984,4094.300,0.000,0.399,7.595,0.638,1.535,0.512,0.210,0.790,0.315,0.750
720,24.000,657.198,0.000,167.356,0.000,1,1,0,0.000,2.651,5,1,0.759,2,224.984,4094.300,0.033,0.146,7.161,0.473,1.871,0.747,0.216,0.784,0.772,0.750
723,24.100,41.773,618.244,-615.425,66.701,2,1,1,86.006,2.509,5,0,0.759,6,224.984,4094.300,0.067,0.144,3.397,0.285,1.966,1.756,0.178,0.822,0.853,0.750
726,24.200,89.560,0.000,47.787,0.000,1,1,0,0.000,2.344,5,0,0.793,4,105.513,3967.069,0.100,0.144,3.241,0.431,1.852,0.260,0.104,0.896,0.757,0.700
729,24.300,66.212,0.000,-23.348,0.000,1,1,0,0.000,2.015,4,1,0.759,2,0.000,3354.679,0.133,0.144,2.722,0.117,1.834,0.731,0.107,0.893,0.716,0.750
732,24.400,20.396,0.000,-45.816,0.000,1,1,0,0.000,1.742,4,0,0.759,2,32.249,2555.877,0.167,0.146,2.546,0.703,1.690,1.607,0.131,0.869,0.538,0.700
735,24.500,523.450,0.000,518.978,0.000,2,1,0,523.450,1.582,4,0,0.793,4,31.145,2466.409,0.200,0.144,2.722,0.631,1.859,0.425,0.127,0.873,0.828,0.700
738,24.600,517.610,614.291,-5.840,-3.953,2,1,1,509.148,2.286,3,1,0.759,4,0.000,1893.294,0.233,0.144,3.600,0.874,2.009,0.085,0.160,0.840,0.737,0.750
741,24.700,1.414,17.804,-516.196,-596.487,2,1,1,491.525,2.576,3,0,0.759,3,221.894,2966.807,0.267,0.144,2.534,0.692,2.040,0.122,0.130,0.870,0.576,0.750
744,24.800,4.123,31.906,2.709,14.102,2,1,1,462.482,2.337,3,0,0.759,4,0.000,2241.117,0.300,0.144,2.847,0.689,2.516,0.059,0.137,0.863,0.666,0.700
747,24.900,5.000,29.155,0.877,-2.751,2,1,1,439.118,2.351,3,0,0.759,4,0.000,2122.255,0.333,0.144,2.680,0.759,2.713,0.036,0.146,0.854,0.646,0.700
750,25.000,1.000,12.369,-4.000,-16.785,2,1,1,429.284,1.982,3,0,0.759,3,63.632,2872.475,0.367,0.144,1.397,0.336,2.480,0.017,0.113,0.887,0.554,0.700
753,25.100,2.236,6.708,1.236,-5.661,2,1,1,427.814,1.820,3,0,0.759,3,274.882,4104.650,0.400,0.144,1.185,0.804,2.421,1.622,0.106,0.894,0.489,0.750
756,25.200,1.000,4.123,-1.236,-2.585,2,1,1,423.562,1.517,3,0,0.759,4,219.829,4760.188,0.433,0.144,0.891,0.776,2.604,1.221,0.088,0.912,0.473,0.750
759,25.300,1.000,0.000,0.000,0.000,1,1,0,0.000,1.274,3,0,0.759,1,218.806,4818.559,0.467,0.146,0.731,0.476,0.255,1.125,0.075,0.925,0.307,0.750
762,25.400,1.000,0.000,0.000,0.000,1,1,0,0.000,1.081,3,0,0.793,1,2.236,4833.395,0.500,0.148,1.116,0.598,0.070,0.420,0.109,0.891,0.312,0.580
765,25.500,2.000,0.000,1.000,0.000,1,1,0,0.000,0.884,3,0,0.793,1,2.236,4840.680,0.533,0.148,1.141,0.729,0.211,0.131,0.104,0.896,0.313,0.580
768,25.600,1.414,40.012,-0.586,35.889,2,1,1,450.895,1.492,3,0,0.793,4,170.816,5061.170,0.567,0.148,1.968,0.854,0.424,1.782,0.118,0.882,0.710,0.750
771,25.700,8.602,75.153,7.188,35.141,2,1,1,433.336,1.296,3,0,0.793,4,149.723,5198.124,0.600,0.148,3.634,0.905,0.467,0.418,0.185,0.815,0.780,0.750
774,25.800,1.000,45.804,-7.602,-29.349,2,1,1,453.035,1.571,3,0,0.793,4,217.665,5290.050,0.633,0.399,1.868,0.887,0.474,2.091,0.136,0.864,0.741,0.750
777,25.900,8.062,39.699,7.062,-6.105,2,1,1,471.296,1.332,3,0,0.793,4,208.137,5951.709,0.667,0.399,3.784,0.854,0.484,0.650,0.165,0.835,0.765,0.750
780,26.000,3.000,25.495,-5.062,-14.204,2,1,1,499.196,1.209,3,0,0.793,3,254.094,6597.604,0.700,0.408,2.134,0.726,0.473,0.279,0.127,0.873,0.658,0.750
783,26.100,5.000,45.607,2.000,20.112,2,1,1,543.347,1.134,3,0,0.793,4,227.035,6492.784,0.733,0.408,2.795,0.792,0.508,0.689,0.125,0.875,0.782,0.750
786,26.200,2.000,57.271,-3.000,11.664,2,1,1,588.994,0.939,3,0,0.793,4,258.791,6917.445,0.767,0.399,2.511,0.786,0.540,2.947,0.124,0.876,0.780,0.750
789,26.300,2.236,63.159,0.236,5.887,2,1,1,641.077,0.874,3,0,0.828,4,307.547,7150.868,0.800,0.399,3.044,0.907,0.574,0.201,0.135,0.865,0.789,0.750
792,26.400,3.162,18.248,0.926,-44.910,2,1,1,654.991,0.874,4,1,0.793,4,397.190,8836.478,0.833,0.399,2.104,0.821,0.599,2.205,0.122,0.878,0.726,0.750
795,26.500,0.000,3.162,-3.162,-15.086,2,1,1,655.717,0.574,4,0,0.828,4,374.092,10349.175,0.867,0.389,0.573,0.357,0.689,0.900,0.062,0.938,0.641,0.750
798,26.600,2.236,18.682,2.236,15.519,2,1,1,669.723,0.642,4,0,0.862,4,343.740,11414.219,0.900,0.389,1.730,0.673,0.746,1.622,0.094,0.906,0.738,0.750
801,26.700,1.000,0.000,-1.236,0.000,1,1,0,0.000,0.306,3,1,0.828,1,343.839,11537.377,0.933,0.399,1.657,0.247,0.738,0.638,0.076,0.924,0.402,0.750
804,26.800,2.236,0.000,1.236,0.000,1,1,0,0.000,0.363,3,0,0.828,2,3.000,11943.124,0.967,0.408,1.402,0.535,0.668,2.112,0.083,0.917,0.446,0.580
807,26.900,1.000,0.000,-1.236,0.000,1,1,0,0.000,0.440,3,0,0.862,2,6.708,11972.725,1.000,0.408,1.870,0.707,0.479,1.068,0.116,0.884,0.443,0.580
810,27.000,17.493,0.000,16.493,0.000,1,1,0,0.000,0.792,3,0,0.862,2,34.986,11831.474,1.000,0.408,1.112,0.538,0.286,1.977,0.081,0.919,0.527,0.580
813,27.100,48.795,0.000,31.303,0.000,1,1,0,0.000,0.758,3,0,0.862,2,27.166,11215.887,1.000,0.417,2.346,0.664,0.039,0.169,0.133,0.867,0.702,0.450
816,27.200,39.962,0.000,-8.833,0.000,1,1,0,0.000,0.663,3,0,0.897,2,88.617,10619.694,1.000,0.417,2.540,0.567,0.092,0.143,0.107,0.893,0.686,0.580
819,27.300,57.801,0.000,17.839,0.000,1,1,0,0.000,0.582,3,0,0.897,2,31.064,10034.499,1.000,0.426,3.576,0.664,0.017,2.021,0.138,0.862,0.733,0.550
822,27.400,44.598,0.000,-13.203,0.000,1,1,0,0.000,0.520,3,0,0.897,2,12.806,9231.555,1.000,0.417,1.515,0.681,0.167,2.138,0.097,0.903,0.678,0.550
825,27.500,15.811,238.019,-28.787,219.337,2,1,1,414.450,0.778,3,0,0.931,3,24.187,7885.480,1.000,0.408,2.404,0.820,0.078,1.725,0.117,0.883,0.803,0.650
828,27.600,10.770,76.420,-5.041,-161.599,2,1,1,364.605,0.944,3,0,0.931,4,230.274,6164.045,1.000,0.408,3.867,0.851,0.022,0.455,0.151,0.849,0.837,0.750
831,27.700,17.029,0.000,6.259,0.000,1,1,0,0.000,0.801,3,0,0.931,2,0.000,3824.650,1.000,0.417,2.378,0.805,0.109,0.739,0.133,0.867,0.538,0.650
834,27.800,8.485,168.309,-8.544,91.889,2,1,1,244.624,0.914,3,0,0.931,4,75.743,1800.859,1.000,0.417,2.759,0.810,0.101,1.586,0.139,0.861,0.812,0.650
837,27.900,8.602,13.928,0.117,-154.381,2,1,1,253.142,0.992,3,0,0.931,4,0.000,1818.529,1.000,0.417,3.056,0.926,0.067,0.105,0.151,0.849,0.639,0.580
840,28.000,9.220,1.414,0.617,-12.514,2,1,1,262.122,1.329,3,0,0.931,4,107.564,1961.444,1.000,0.408,1.696,0.904,0.176,0.044,0.124,0.876,0.580,0.598
843,28.100,12.530,24.698,3.310,23.284,2,1,1,299.294,1.466,3,0,0.931,4,211.294,2638.524,1.000,0.408,1.684,0.815,0.296,0.264,0.100,0.900,0.672,0.750
846,28.200,11.045,36.056,-1.485,11.357,2,1,1,334.462,1.517,3,0,0.931,4,22.804,2577.025,1.000,0.408,2.957,0.825,0.262,0.217,0.131,0.869,0.766,0.350
849,28.300,3.606,0.000,-7.440,0.000,1,1,0,0.000,0.845,3,0,0.931,2,127.346,2745.069,1.000,0.417,2.867,0.680,0.311,0.145,0.122,0.878,0.484,0.707
852,28.400,39.294,115.624,35.688,79.569,2,1,1,403.218,1.276,3,0,0.931,4,0.000,2013.154,1.000,0.417,2.693,0.654,0.387,1.447,0.098,0.902,0.822,0.650
855,28.500,336.387,0.000,316.262,0.000,2,1,0,336.387,0.858,3,0,0.931,4,0.000,2075.659,1.000,0.417,2.973,0.604,0.409,2.354,0.110,0.890,0.832,0.550
858,28.600,336.595,0.000,-13.779,0.000,2,1,0,336.595,1.590,3,0,0.931,4,176.026,2522.990,1.000,0.417,3.476,0.534,0.556,1.553,0.113,0.887,0.850,0.750
861,28.700,352.511,0.000,1.996,0.000,2,1,0,352.511,2.247,3,0,0.931,4,67.186,2540.089,1.000,0.408,2.259,0.710,0.614,1.675,0.095,0.905,0.807,0.550
864,28.800,367.925,0.000,10.449,0.000,2,1,0,367.925,2.613,3,0,0.931,4,257.124,3393.370,1.000,0.399,1.393,0.644,0.753,0.997,0.100,0.900,0.790,0.750
867,28.900,375.159,149.723,7.233,34.099,2,1,1,378.188,2.835,3,0,0.931,3,378.188,5457.587,1.000,0.389,1.390,0.333,0.377,1.001,0.092,0.908,0.811,0.750
870,29.000,2.000,5.385,-373.159,-144.338,2,1,1,381.136,2.887,3,0,0.931,3,381.136,7480.529,1.000,0.389,1.051,0.370,0.616,0.960,0.087,0.913,0.580,0.750
873,29.100,4.472,19.105,2.472,13.720,2,1,1,358.402,2.637,3,0,0.931,4,358.402,8620.130,1.000,0.379,1.401,0.186,0.469,0.219,0.069,0.931,0.678,0.750
876,29.200,11.180,5.657,6.708,-13.448,2,1,1,343.233,2.378,3,0,0.931,4,185.219,9130.548,1.000,0.379,1.338,0.073,0.138,1.053,0.071,0.929,0.640,0.750
879,29.300,335.049,0.000,314.434,0.000,2,1,0,335.049,1.646,3,0,0.966,4,197.570,8922.799,1.000,0.369,1.843,0.655,0.068,0.301,0.081,0.919,0.800,0.750
882,29.400,380.426,0.000,32.425,0.000,2,1,0,380.426,1.632,3,0,0.966,4,139.517,8463.744,1.000,0.369,2.372,0.619,0.019,0.114,0.066,0.934,0.816,0.750
885,29.500,387.919,0.000,4.611,0.000,2,1,0,387.919,1.838,3,0,0.966,4,182.099,8811.969,1.000,0.369,1.922,0.419,0.106,0.203,0.073,0.927,0.819,0.750
888,29.600,443.934,0.000,33.524,0.000,2,1,0,443.934,2.368,3,0,1.000,4,133.184,7935.444,1.000,0.369,1.672,0.617,0.196,0.073,0.082,0.918,0.799,0.740
891,29.700,462.776,70.682,18.843,65.026,2,1,1,445.926,2.750,3,0,1.000,3,153.003,5883.394,1.000,0.379,2.163,0.498,0.193,2.025,0.086,0.914,0.819,0.750
894,29.800,23.770,10.296,-439.007,-60.387,2,1,1,472.374,2.762,3,0,1.000,3,86.833,4301.210,1.000,0.379,2.845,0.530,0.372,0.261,0.067,0.933,0.716,0.580
897,29.900,26.571,46.819,2.801,36.523,2,1,1,452.134,2.394,3,0,1.000,4,181.177,3215.425,1.000,0.369,2.194,0.689,0.521,0.599,0.081,0.919,0.807,0.750
900,30.000,16.125,18.439,-10.446,-28.380,2,1,1,446.091,2.096,3,0,1.000,4,145.523,3331.829,1.000,0.369,2.115,0.050,0.651,2.795,0.068,0.932,0.702,0.750
903,30.100,17.029,26.173,0.905,7.733,2,1,1,466.107,1.768,3,0,1.000,3,37.336,3176.999,1.000,0.379,2.776,0.358,1.030,0.864,0.075,0.925,0.740,0.580
906,30.200,12.083,54.203,-4.946,28.031,2,1,1,490.163,1.440,3,0,1.000,4,27.459,3325.679,1.000,0.379,3.215,0.714,1.168,0.447,0.103,0.897,0.830,0.450
909,30.300,42.942,35.440,30.859,-18.763,2,1,1,434.373,1.332,3,0,1.000,4,52.469,3185.080,1.000,0.379,2.388,0.504,1.032,0.657,0.072,0.928,0.813,0.580
912,30.400,16.492,26.401,-26.449,-9.039,2,1,1,406.208,1.265,3,0,1.000,4,33.734,2560.659,1.000,0.379,2.253,0.575,0.693,1.233,0.068,0.932,0.713,0.580
915,30.500,24.515,24.187,8.023,-2.214,2,1,1,409.044,1.144,3,0,1.000,4,97.862,2961.800,1.000,0.369,2.053,0.215,0.589,1.390,0.061,0.939,0.722,0.580
918,30.600,13.601,3.606,-10.914,-20.581,2,1,1,420.001,1.014,3,0,1.000,4,35.384,2873.700,1.000,0.369,2.410,0.417,0.328,1.778,0.058,0.942,0.657,0.580
921,30.700,11.180,8.485,-2.421,4.880,2,1,1,412.019,0.823,3,0,1.000,4,29.069,2128.477,1.000,0.369,2.810,0.266,0.043,0.471,0.116,0.884,0.664,0.580
924,30.800,2.828,7.280,-8.352,-1.205,2,1,1,412.001,0.824,3,0,1.000,4,40.311,2147.925,1.000,0.369,1.894,0.487,0.175,0.395,0.081,0.919,0.604,0.580
927,30.900,8.246,28.231,5.418,20.951,2,1,1,388.515,1.070,3,0,1.000,4,216.899,3134.180,1.000,0.369,1.551,0.359,0.261,0.856,0.072,0.928,0.720,0.750
930,31.000,3.162,15.524,-5.084,-12.707,2,1,1,400.661,1.277,3,0,1.000,4,42.426,3134.169,1.000,0.369,1.519,0.362,0.262,1.332,0.067,0.933,0.649,0.580
933,31.100,9.487,8.246,6.325,-7.278,2,1,1,390.006,1.270,3,0,1.000,4,82.006,2049.399,1.000,0.369,1.034,0.609,0.206,0.709,0.062,0.938,0.586,0.580
936,31.200,6.403,4.123,-3.084,-4.123,2,1,1,389.236,1.364,3,0,1.000,4,0.000,2158.610,1.000,0.369,0.693,0.818,0.148,0.600,0.052,0.948,0.546,0.580
939,31.300,5.000,5.000,-1.403,0.877,2,1,1,384.688,1.521,3,0,1.000,4,55.973,2264.154,1.000,0.369,0.493,0.598,0.091,0.804,0.036,0.964,0.548,0.580
942,31.400,6.000,6.403,1.000,1.403,2,1,1,389.856,1.771,3,0,1.000,2,65.734,2274.994,1.000,0.369,0.519,0.503,0.135,1.956,0.038,0.962,0.503,0.580
945,31.500,2.000,1.414,-4.000,-4.989,2,1,1,390.950,1.760,4,1,0.966,4,56.143,2723.554,1.000,0.369,0.859,0.279,0.257,0.187,0.063,0.937,0.663,0.750
948,31.600,13.000,4.472,11.000,3.058,2,1,1,379.617,1.668,4,0,0.966,4,102.801,1825.125,1.000,0.369,1.127,0.568,0.320,0.013,0.073,0.927,0.711,0.580
951,31.700,7.810,5.385,-5.190,0.913,2,1,1,370.844,1.592,4,0,0.966,3,58.464,1887.967,1.000,0.369,0.935,0.710,0.501,0.730,0.074,0.926,0.622,0.580
954,31.800,6.325,2.236,-1.486,-3.149,2,1,1,369.597,1.664,3,1,0.931,4,0.000,1630.569,1.000,0.369,1.053,0.834,0.782,0.309,0.075,0.925,0.553,0.750
957,31.900,2.000,4.472,-4.325,2.236,2,1,1,371.712,1.470,3,0,0.931,4,0.000,1705.748,1.000,0.369,0.977,0.924,1.060,0.098,0.072,0.928,0.535,0.580
960,32.000,2.236,4.472,0.236,0.000,2,1,1,366.722,1.525,2,1,0.897,2,83.863,1762.540,1.000,0.379,0.920,0.503,1.356,0.004,0.071,0.929,0.563,0.750
963,32.100,15.000,6.403,12.764,1.931,2,1,1,380.185,1.385,4,1,0.862,4,49.739,1505.594,1.000,0.379,1.612,0.379,1.840,2.405,0.080,0.920,0.747,0.750
966,32.200,5.831,7.810,-9.169,1.407,2,1,1,389.158,1.102,4,0,0.862,4,38.833,956.894,1.000,0.379,1.749,0.083,2.273,0.563,0.068,0.932,0.731,0.700
969,32.300,7.810,8.246,1.979,0.436,2,1,1,395.991,1.167,4,0,0.862,4,30.480,1070.225,1.000,0.379,1.975,0.244,2.955,0.910,0.065,0.935,0.728,0.700
972,32.400,11.180,15.033,3.370,6.787,2,1,1,413.937,1.301,3,1,0.828,4,48.332,1312.644,1.000,0.379,2.167,0.188,2.979,0.001,0.065,0.935,0.675,0.750
975,32.500,6.325,9.487,-4.856,-5.546,2,1,1,418.638,1.360,3,0,0.828,4,36.401,1409.209,1.000,0.379,2.314,0.499,2.468,0.820,0.069,0.931,0.626,0.700
978,32.600,4.472,19.723,-1.852,10.236,2,1,1,438.959,1.067,3,0,0.828,4,97.739,1499.694,1.000,0.379,2.086,0.651,2.139,0.040,0.064,0.936,0.666,0.700
981,32.700,2.828,1.414,-1.644,-18.309,2,1,1,441.766,1.099,3,0,0.828,4,95.425,1388.248,1.000,0.379,0.828,0.306,1.655,1.029,0.054,0.946,0.565,0.700
984,32.800,7.211,17.464,4.383,16.050,2,1,1,432.585,1.133,3,0,0.828,4,35.735,1457.048,1.000,0.379,2.350,0.294,1.205,0.380,0.080,0.920,0.685,0.350
987,32.900,18.385,26.926,11.174,9.462,2,1,1,421.868,0.929,3,0,0.828,4,32.450,1505.585,1.000,0.379,2.188,0.667,0.702,1.204,0.083,0.917,0.708,0.350
990,33.000,6.000,34.205,-12.385,7.279,2,1,1,420.115,1.034,3,0,0.828,4,45.343,1531.719,1.000,0.369,2.350,0.367,0.368,0.857,0.075,0.925,0.773,0.350
993,33.100,31.064,0.000,25.064,0.000,1,1,0,0.000,1.016,3,0,0.828,2,0.000,1494.619,1.000,0.379,3.292,0.616,0.142,1.586,0.110,0.890,0.652,0.650
996,33.200,25.080,0.000,-5.985,0.000,1,1,0,0.000,1.088,3,0,0.828,2,0.000,1446.100,1.000,0.379,2.844,0.513,0.159,0.002,0.096,0.904,0.614,0.350
999,33.300,28.636,0.000,3.556,0.000,1,1,0,0.000,1.242,3,0,0.828,2,154.081,2241.797,1.000,0.389,2.585,0.593,0.560,0.187,0.080,0.920,0.622,0.750
1002,33.400,2.828,0.000,-25.807,0.000,1,1,0,0.000,1.216,3,0,0.828,2,168.668,2798.789,1.000,0.389,1.001,0.581,0.858,1.437,0.062,0.938,0.440,0.750
1005,33.500,6.708,0.000,3.880,0.000,1,1,0,0.000,1.100,3,0,0.828,2,0.000,2787.298,1.000,0.389,1.049,0.445,1.026,0.392,0.055,0.945,0.472,0.350
1008,33.600,8.062,0.000,1.354,0.000,1,1,0,0.000,1.247,3,0,0.828,2,0.000,2267.664,1.000,0.399,1.082,0.272,1.191,1.136,0.060,0.940,0.493,0.350
1011,33.700,11.705,0.000,3.642,0.000,1,1,0,0.000,1.331,3,0,0.828,2,29.155,2276.744,1.000,0.399,1.261,0.314,1.361,2.237,0.055,0.945,0.515,0.550
1014,33.800,11.180,0.000,-0.524,0.000,1,1,0,0.000,1.334,3,0,0.828,2,73.410,1802.719,1.000,0.408,2.042,0.777,1.957,0.621,0.059,0.941,0.499,0.700
1017,33.900,7.280,0.000,-3.900,0.000,1,1,0,0.000,0.973,3,0,0.828,2,34.205,1837.819,1.000,0.408,1.643,0.782,1.910,0.044,0.060,0.940,0.467,0.700
1020,34.000,25.554,0.000,18.274,0.000,1,1,0,0.000,0.931,3,0,0.828,2,71.610,1327.579,1.000,0.408,4.043,0.577,1.517,0.114,0.064,0.936,0.643,0.700
1023,34.100,9.220,0.000,-16.334,0.000,1,1,0,0.000,0.915,3,0,0.828,2,124.016,1555.074,1.000,0.417,1.864,0.879,1.436,1.976,0.078,0.922,0.476,0.700
1026,34.200,37.202,0.000,27.983,0.000,1,1,0,0.000,0.871,3,0,0.828,2,0.000,1547.164,1.000,0.417,2.747,0.467,1.210,2.400,0.079,0.921,0.683,0.550
1029,34.300,27.459,0.000,-9.743,0.000,1,1,0,0.000,0.983,3,0,0.828,2,0.000,1132.475,1.000,0.426,2.244,0.658,1.427,2.441,0.105,0.895,0.603,0.700
1032,34.400,29.069,0.000,1.610,0.000,1,1,0,0.000,0.698,3,0,0.862,2,26.833,746.399,1.000,0.426,3.164,0.682,1.186,0.693,0.089,0.911,0.633,0.000
1035,34.500,27.586,0.000,-1.483,0.000,1,1,0,0.000,0.596,4,1,0.828,3,118.406,915.174,1.000,0.435,4.189,0.575,1.157,0.066,0.095,0.905,0.773,0.750
1038,34.600,6.325,0.000,-21.262,0.000,1,1,0,0.000,0.555,4,0,0.828,3,108.780,1114.088,1.000,0.435,2.371,0.551,1.193,0.352,0.073,0.927,0.611,0.604
1041,34.700,44.721,45.607,38.397,11.402,2,1,1,496.695,1.267,4,0,0.862,5,77.414,1498.854,1.000,0.435,4.130,0.552,0.704,0.228,0.093,0.907,0.965,0.650
1044,34.800,9.220,32.062,-35.502,-13.545,2,1,1,506.048,1.364,3,1,0.828,4,157.305,1796.675,1.000,0.435,1.714,0.247,0.638,1.214,0.074,0.926,0.754,0.750
1047,34.900,23.601,2.000,14.381,-30.062,2,1,1,522.647,1.388,3,0,0.862,4,183.861,2170.874,1.000,0.435,1.333,0.138,0.422,0.226,0.066,0.934,0.705,0.750
1050,35.000,7.280,3.606,-16.321,1.606,2,1,1,532.635,1.372,3,0,0.897,4,134.733,1945.338,1.000,0.435,1.108,0.106,0.454,0.342,0.059,0.941,0.611,0.749
1053,35.100,12.083,11.402,4.803,7.796,2,1,1,554.707,1.447,3,0,0.897,4,130.050,2404.814,1.000,0.435,2.107,0.175,0.456,0.175,0.074,0.926,0.658,0.722
1056,35.200,25.318,9.849,13.235,-1.553,2,1,1,561.143,1.120,3,0,0.897,4,118.406,2706.355,1.000,0.435,3.161,0.291,0.582,0.803,0.067,0.933,0.749,0.658
1059,35.300,547.001,0.000,535.687,0.000,2,1,0,547.001,1.245,3,0,0.931,4,180.069,3057.740,1.000,0.426,3.417,0.199,0.786,0.121,0.062,0.938,0.871,0.750
1062,35.400,531.001,0.000,1.000,0.000,2,1,0,531.001,1.705,3,0,0.931,4,0.000,2912.979,1.000,0.417,1.688,0.625,0.907,1.035,0.052,0.948,0.798,0.350
1065,35.500,528.001,60.407,-3.000,50.558,2,1,1,592.787,1.953,3,0,0.931,4,118.271,2826.754,1.000,0.408,1.375,0.438,0.957,0.296,0.051,0.949,0.804,0.657
1068,35.600,10.198,9.487,-517.803,-50.920,2,1,1,611.808,1.826,3,0,0.931,4,129.062,2783.205,1.000,0.399,1.840,0.606,0.446,1.065,0.077,0.923,0.610,0.717
1071,35.700,25.000,6.000,14.802,-3.487,2,1,1,625.353,1.829,3,0,0.931,4,140.357,2673.154,1.000,0.389,1.782,0.474,0.460,0.826,0.065,0.935,0.700,0.750
1074,35.800,27.659,8.485,2.659,2.485,2,1,1,640.007,1.693,3,0,0.931,4,119.403,2721.255,1.000,0.379,1.934,0.552,0.258,1.040,0.081,0.919,0.713,0.663
1077,35.900,7.071,18.028,-20.588,9.542,2,1,1,650.249,1.625,3,0,0.931,4,131.643,3127.694,1.000,0.369,2.311,0.811,0.242,0.278,0.083,0.917,0.651,0.731
1080,36.000,17.464,19.313,10.393,1.285,2,1,1,684.237,1.873,3,0,0.931,4,152.345,3304.017,1.000,0.358,1.182,0.714,0.094,0.304,0.059,0.941,0.637,0.750
1083,36.100,20.616,7.000,3.151,-12.313,2,1,1,680.490,1.759,3,0,0.931,4,197.368,3728.109,1.000,0.358,1.874,0.580,0.237,0.721,0.072,0.928,0.671,0.750
1086,36.200,21.932,7.810,1.316,0.810,2,1,1,707.464,1.540,3,0,0.931,4,53.009,3725.409,1.000,0.358,2.054,0.248,0.216,0.299,0.061,0.939,0.706,0.350
1089,36.300,12.369,3.000,-9.562,-4.810,2,1,1,692.269,1.518,3,0,0.931,4,0.000,3720.638,1.000,0.358,2.407,0.211,0.404,0.897,0.061,0.939,0.664,0.580
1092,36.400,36.069,14.318,23.700,11.318,2,1,1,650.889,1.559,3,0,0.931,4,64.281,3679.630,1.000,0.358,2.960,0.521,0.305,0.787,0.069,0.931,0.788,0.350
1095,36.500,46.174,9.849,10.104,-4.469,2,1,1,642.007,1.557,3,0,0.931,4,64.133,3570.250,1.000,0.358,3.015,0.616,0.230,1.947,0.082,0.918,0.832,0.550
1098,36.600,35.000,41.110,-11.174,31.261,2,1,1,618.218,1.912,3,0,0.931,4,181.959,3245.809,1.000,0.358,3.052,0.325,0.115,2.113,0.075,0.925,0.832,0.750
1101,36.700,21.954,43.932,-13.046,2.822,2,1,1,565.730,1.772,3,0,0.931,4,0.000,3013.967,1.000,0.358,2.660,0.236,0.126,0.446,0.083,0.917,0.844,0.350
1104,36.800,26.306,11.402,4.351,-32.530,2,1,1,601.631,1.706,3,0,0.931,4,104.235,2690.600,1.000,0.358,2.147,0.398,0.294,0.616,0.078,0.922,0.722,0.579
1107,36.900,13.000,7.280,-13.306,-4.122,2,1,1,612.212,1.556,3,0,0.931,4,90.139,2660.227,1.000,0.358,1.542,0.212,0.467,0.164,0.067,0.933,0.646,0.580
1110,37.000,8.544,1.414,-4.456,-5.866,2,1,1,609.519,1.476,3,0,0.931,4,152.453,2794.909,1.000,0.358,1.347,0.254,0.482,0.379,0.065,0.935,0.613,0.750
1113,37.100,7.280,2.828,-1.264,1.414,2,1,1,605.904,1.419,3,0,0.931,4,84.155,2688.400,1.000,0.358,1.229,0.100,0.314,1.267,0.064,0.936,0.614,0.580
1116,37.200,6.403,16.643,-0.877,13.815,2,1,1,590.762,1.599,3,0,0.931,4,96.385,2910.190,1.000,0.358,0.983,0.384,0.355,2.539,0.057,0.943,0.640,0.580
1119,37.300,18.385,11.705,11.982,-4.939,2,1,1,572.253,1.573,3,0,0.931,4,146.813,2886.784,1.000,0.358,2.240,0.504,0.340,2.135,0.066,0.934,0.673,0.750
1122,37.400,16.492,11.314,-1.892,-0.391,2,1,1,568.071,1.270,3,0,0.966,4,170.496,2350.869,1.000,0.358,2.232,0.488,0.295,0.288,0.066,0.934,0.663,0.750
1125,37.500,22.000,14.142,5.508,2.828,2,1,1,536.337,1.432,3,0,0.966,4,119.017,2492.869,1.000,0.358,1.405,0.344,0.249,0.486,0.060,0.940,0.683,0.661
1128,37.600,12.083,12.166,-9.917,-1.977,2,1,1,513.140,1.204,3,0,0.966,4,31.385,2312.389,1.000,0.358,1.478,0.292,0.024,1.350,0.067,0.933,0.634,0.580
1131,37.700,29.017,5.000,16.934,-7.166,2,1,1,487.083,1.134,3,0,1.000,4,42.202,2297.670,1.000,0.358,0.975,0.566,0.016,0.696,0.052,0.948,0.696,0.350
1134,37.800,10.630,10.440,-18.387,5.440,2,1,1,469.027,1.134,3,0,1.000,4,123.065,2492.119,1.000,0.358,1.046,0.246,0.084,1.701,0.056,0.944,0.618,0.684
1137,37.900,10.050,3.162,-0.580,-7.278,2,1,1,473.038,1.327,3,0,1.000,4,8.944,2343.014,1.000,0.358,0.879,0.442,0.132,0.412,0.062,0.938,0.597,0.580
1140,38.000,18.601,7.071,8.551,3.909,2,1,1,483.501,1.555,3,0,1.000,4,122.004,2441.475,1.000,0.358,1.113,0.250,0.503,2.144,0.054,0.946,0.664,0.678
1143,38.100,21.633,9.000,3.032,1.929,2,1,1,495.970,1.681,3,0,1.000,4,42.154,2153.060,1.000,0.358,1.589,0.466,0.911,0.694,0.078,0.922,0.677,0.350
1146,38.200,28.844,6.325,7.211,-2.675,2,1,1,507.774,1.782,3,0,1.000,4,125.543,2117.469,1.000,0.358,3.938,0.611,1.105,0.291,0.132,0.868,0.766,0.697
1149,38.300,19.026,44.045,-9.818,37.721,2,1,1,472.055,1.828,3,0,1.000,4,0.000,2353.070,1.000,0.358,6.132,0.735,0.977,0.003,0.151,0.849,0.897,0.450
1152,38.400,16.401,53.488,-2.625,9.443,2,1,1,450.178,1.946,4,1,0.966,4,0.000,2147.934,1.000,0.358,8.208,0.827,0.495,0.084,0.164,0.836,1.000,0.750
1155,38.500,20.025,37.121,3.624,-16.367,2,1,1,403.268,1.782,4,0,0.966,4,0.000,1943.775,1.000,0.358,10.873,0.892,0.312,0.062,0.172,0.828,0.994,0.350
1158,38.600,17.088,24.352,-2.937,-12.770,2,1,1,366.879,1.486,4,0,0.966,4,0.000,1931.655,1.000,0.358,11.586,0.841,1.427,0.013,0.174,0.826,0.926,0.700
1161,38.700,7.280,8.602,-9.808,-15.749,2,1,1,357.728,1.133,3,1,0.931,4,0.000,1785.139,1.000,0.358,11.890,0.869,2.530,0.005,0.173,0.827,0.737,0.750
1164,38.800,8.602,29.833,1.322,21.231,2,1,1,350.464,0.911,3,0,0.931,4,0.000,1662.469,1.000,0.358,11.562,0.873,3.480,0.004,0.175,0.825,0.855,0.700
1167,38.900,24.698,25.000,16.096,-4.833,2,1,1,352.165,0.646,3,0,0.931,4,0.000,1447.365,1.000,0.358,9.885,0.827,4.373,0.003,0.172,0.828,0.831,0.700
1170,39.000,15.297,19.416,-9.401,-5.584,2,1,1,338.640,0.696,4,1,0.897,4,14.560,1129.368,1.000,0.358,7.861,0.843,5.156,0.022,0.170,0.830,0.895,0.750
1173,39.100,10.198,12.166,-5.099,-7.251,2,1,1,326.308,0.616,4,0,0.897,4,0.000,1138.564,1.000,0.358,5.953,0.866,5.934,0.006,0.170,0.830,0.806,0.700
1176,39.200,15.232,23.022,5.034,10.856,2,1,1,334.701,0.583,4,0,0.897,4,0.000,1096.419,1.000,0.358,6.582,0.870,6.283,0.054,0.177,0.823,0.882,0.700
1179,39.300,3.162,16.279,-12.069,-6.743,2,1,1,347.761,0.681,4,0,0.897,4,0.000,1345.380,1.000,0.358,4.830,0.877,6.449,0.096,0.174,0.826,0.800,0.700
1182,39.400,5.000,8.062,1.838,-8.217,2,1,1,351.411,0.798,4,0,0.897,4,0.000,1597.978,1.000,0.358,4.194,0.862,6.689,0.197,0.171,0.829,0.739,0.700
1185,39.500,6.083,8.544,1.083,0.482,2,1,1,363.324,0.979,4,0,0.897,4,0.000,1827.310,1.000,0.358,3.040,0.655,7.362,0.773,0.160,0.840,0.728,0.700
1188,39.600,7.071,13.000,0.988,4.456,2,1,1,375.666,0.944,4,0,0.897,4,0.000,1953.269,1.000,0.358,3.238,0.598,8.536,0.938,0.156,0.844,0.761,0.700
1191,39.700,12.369,7.071,5.298,-5.929,2,1,1,389.076,1.024,4,0,0.897,4,0.000,2048.330,1.000,0.358,3.387,0.782,10.901,0.136,0.159,0.841,0.749,0.700
1194,39.800,10.630,10.000,-1.739,2.929,2,1,1,388.630,0.980,4,0,0.897,3,293.401,3180.150,1.000,0.369,3.410,0.838,7.462,0.161,0.156,0.844,0.691,0.750
1197,39.900,7.810,4.472,-2.820,-5.528,2,1,1,395.373,0.983,4,0,0.897,4,197.649,3553.168,1.000,0.369,3.171,0.844,3.840,0.146,0.156,0.844,0.714,0.750
1200,40.000,12.042,7.616,4.231,3.144,2,1,1,400.356,0.912,4,0,0.897,4,211.026,3941.600,1.000,0.369,3.249,0.872,2.138,0.021,0.161,0.839,0.737,0.750
1203,40.100,9.434,7.810,-2.608,0.194,2,1,1,403.496,0.747,4,0,0.897,4,57.000,4117.435,1.000,0.369,3.418,0.907,1.117,0.035,0.164,0.836,0.724,0.000
1206,40.200,8.944,14.765,-0.490,6.955,2,1,1,400.281,0.649,4,0,0.897,4,0.000,3941.124,1.000,0.369,3.105,0.917,0.573,0.140,0.165,0.835,0.745,0.000
1209,40.300,21.401,0.000,12.457,0.000,1,1,0,0.000,0.362,4,0,0.897,2,0.000,3941.124,1.000,0.369,3.563,0.915,0.185,0.020,0.168,0.832,0.654,0.650
1212,40.400,17.029,0.000,-4.372,0.000,1,1,0,0.000,0.392,4,0,0.897,2,0.000,3941.124,1.000,0.379,3.197,0.871,0.091,0.079,0.161,0.839,0.624,0.000
1215,40.500,10.000,0.000,-7.029,0.000,1,1,0,0.000,0.533,4,0,0.897,2,0.000,3941.124,1.000,0.379,3.478,0.890,0.303,0.952,0.160,0.840,0.590,0.000
1218,40.600,35.171,0.000,25.171,0.000,1,1,0,0.000,0.557,4,0,0.897,2,128.655,4110.485,1.000,0.389,2.713,0.625,0.475,1.098,0.121,0.879,0.729,0.715
1221,40.700,44.181,0.000,9.010,0.000,1,1,0,0.000,0.575,4,0,0.897,2,35.057,4014.287,1.000,0.389,3.502,0.842,0.615,0.180,0.150,0.850,0.784,0.000
1224,40.800,25.179,0.000,-19.002,0.000,1,1,0,0.000,0.575,4,0,0.897,2,0.000,3717.754,1.000,0.399,2.873,0.516,0.798,0.055,0.134,0.866,0.686,0.000
1227,40.900,5.831,46.239,-19.348,31.474,2,1,1,323.113,0.894,3,1,0.862,2,92.655,3606.114,1.000,0.399,2.521,0.809,0.954,0.274,0.148,0.852,0.846,0.750
1230,41.000,31.048,27.019,25.217,-19.220,2,1,1,375.329,0.917,4,1,0.828,4,0.000,2773.469,1.000,0.399,3.567,0.841,1.125,1.920,0.147,0.853,0.853,0.750
1233,41.100,429.840,0.000,394.329,0.000,2,1,0,429.840,1.118,4,0,0.828,4,0.000,2929.279,1.000,0.399,4.584,0.829,1.221,0.314,0.158,0.842,0.957,0.500
1236,41.200,474.178,0.000,36.345,0.000,2,1,0,474.178,1.543,4,0,0.828,4,26.420,2835.498,1.000,0.399,2.286,0.779,1.294,1.959,0.135,0.865,0.903,0.550
1239,41.300,477.253,70.767,3.074,43.749,2,1,1,488.191,1.914,4,0,0.862,4,74.007,3295.788,1.000,0.399,2.159,0.844,1.288,0.037,0.147,0.853,0.895,0.500
1242,41.400,46.615,0.000,-430.637,0.000,1,1,0,0.000,1.970,3,1,0.828,2,198.323,3465.490,1.000,0.408,12.145,0.088,1.204,2.524,0.242,0.758,0.884,0.750
1245,41.500,18.974,150.615,-27.642,79.848,2,1,1,492.733,1.863,3,0,0.828,4,0.000,3810.844,1.000,0.408,7.251,0.940,0.885,0.190,0.164,0.836,0.915,0.650
1248,41.600,19.313,6.403,0.340,-144.212,2,1,1,473.781,1.834,3,0,0.862,4,0.000,4209.304,1.000,0.408,7.201,0.962,0.673,0.015,0.159,0.841,0.770,0.450
1251,41.700,25.495,17.088,6.182,10.685,2,1,1,461.469,1.868,3,0,0.862,4,0.000,4386.394,1.000,0.399,6.753,0.930,0.470,0.048,0.161,0.839,0.795,0.350
1254,41.800,10.050,13.416,-15.445,-3.672,2,1,1,444.015,1.593,3,0,0.862,4,140.004,4119.294,1.000,0.399,4.442,0.920,0.231,0.049,0.154,0.846,0.671,0.750
1257,41.900,11.045,0.000,0.995,0.000,1,1,0,0.000,1.204,3,0,0.897,2,0.000,3663.379,1.000,0.408,6.271,0.926,0.007,0.061,0.166,0.834,0.593,0.650
1260,42.000,4.000,0.000,-7.045,0.000,1,1,0,0.000,1.023,3,0,0.897,2,0.000,2662.468,1.000,0.408,5.236,0.905,0.441,0.005,0.161,0.839,0.530,0.580
1263,42.100,6.325,0.000,2.325,0.000,1,1,0,0.000,0.787,3,0,0.897,2,0.000,2198.450,1.000,0.417,3.790,0.844,0.994,0.048,0.154,0.846,0.511,0.580
1266,42.200,1.000,0.000,-5.325,0.000,1,1,0,0.000,1.081,3,0,0.897,1,2.236,1977.669,1.000,0.426,1.743,0.924,1.443,0.178,0.114,0.886,0.364,0.700
1269,42.300,12.083,0.000,11.083,0.000,1,1,0,0.000,0.990,3,0,0.897,2,9.487,1874.264,1.000,0.426,1.991,0.843,2.930,0.140,0.112,0.888,0.498,0.700
1272,42.400,16.643,0.000,4.560,0.000,1,1,0,0.000,1.056,3,0,0.897,2,0.000,1660.817,1.000,0.435,1.792,0.554,4.517,1.208,0.099,0.901,0.539,0.700
1275,42.500,50.220,0.000,33.576,0.000,1,1,0,0.000,1.016,3,0,0.897,2,17.804,1396.574,1.000,0.435,4.025,0.808,5.349,0.970,0.162,0.838,0.734,0.700
1278,42.600,63.127,0.000,12.907,0.000,1,1,0,0.000,1.007,3,0,0.897,2,0.000,1198.567,1.000,0.435,4.444,0.745,5.135,0.231,0.186,0.814,0.749,0.700
1281,42.700,439.447,264.751,376.321,251.334,2,1,1,399.996,1.280,3,0,0.897,4,0.000,901.424,1.000,0.426,5.313,0.797,3.200,0.017,0.175,0.825,0.877,0.700
1284,42.800,434.885,346.052,-4.562,81.301,2,1,1,383.033,1.530,3,0,0.897,4,102.883,977.019,1.000,0.417,6.482,0.778,3.319,3.049,0.162,0.838,0.908,0.700
1287,42.900,340.635,423.426,-94.250,77.374,2,1,1,377.359,1.671,3,0,0.897,4,38.288,1053.800,1.000,0.408,4.849,0.720,3.598,0.965,0.138,0.862,0.871,0.700
1290,43.000,0.000,384.796,0.000,349.868,2,0,1,384.796,1.736,3,0,0.897,4,62.241,1328.399,1.000,0.408,2.615,0.338,0.438,1.578,0.117,0.883,0.842,0.550
1293,43.100,0.000,358.370,0.000,-31.240,2,0,1,358.370,2.138,3,0,0.897,4,27.459,1339.089,1.000,0.408,1.490,0.421,0.178,1.542,0.118,0.882,0.808,0.550
1296,43.200,0.000,352.639,0.000,-3.906,2,0,1,352.639,2.709,3,0,0.897,4,172.679,2234.714,1.000,0.408,1.457,0.707,0.075,0.450,0.123,0.877,0.787,0.750
1299,43.300,401.998,5.000,61.363,-347.639,2,1,1,336.933,2.710,3,0,0.897,4,0.000,2385.668,1.000,0.408,1.551,0.539,0.300,0.262,0.115,0.885,0.801,0.500
1302,43.400,38.639,28.160,-363.358,23.160,2,1,1,323.373,2.597,3,0,0.897,4,45.891,2388.734,1.000,0.408,3.034,0.628,0.397,1.500,0.135,0.865,0.797,0.580
1305,43.500,21.213,19.647,-17.426,-8.513,2,1,1,304.582,2.668,3,0,0.897,4,85.147,2585.855,1.000,0.408,2.781,0.711,0.557,1.177,0.142,0.858,0.688,0.580
1308,43.600,24.515,8.062,3.302,-11.585,2,1,1,294.333,2.663,3,0,0.897,4,69.065,2641.557,1.000,0.408,2.382,0.862,0.669,0.930,0.145,0.855,0.685,0.580
1311,43.700,0.000,25.456,0.000,17.394,1,0,1,0.000,2.438,3,0,0.897,2,0.000,2415.429,1.000,0.408,2.617,0.755,0.747,0.463,0.148,0.852,0.594,0.650
1314,43.800,351.537,0.000,327.021,0.000,1,1,0,0.000,1.830,3,0,0.931,2,0.000,2476.804,1.000,0.417,2.992,0.609,0.652,0.822,0.160,0.840,0.722,0.500
1317,43.900,33.734,283.584,-317.802,258.128,2,1,1,354.683,2.365,3,0,0.966,4,49.497,1919.705,1.000,0.408,4.070,0.534,0.593,1.369,0.177,0.823,0.864,0.650
1320,44.000,369.628,0.000,335.894,0.000,1,1,0,0.000,1.819,3,0,0.966,2,45.354,1647.340,1.000,0.408,4.877,0.548,0.510,0.688,0.199,0.801,0.774,0.650
1323,44.100,13.454,0.000,-356.175,0.000,1,1,0,0.000,1.599,3,0,0.966,2,0.000,1628.050,1.000,0.399,5.664,0.682,0.503,1.272,0.196,0.804,0.609,0.580
1326,44.200,23.345,0.000,9.892,0.000,1,1,0,0.000,1.214,3,0,0.966,2,0.000,1370.534,1.000,0.399,6.057,0.685,0.469,1.613,0.196,0.804,0.673,0.580
1329,44.300,5.657,0.000,-17.688,0.000,1,1,0,0.000,0.833,3,0,1.000,2,18.868,1130.044,1.000,0.399,6.413,0.820,0.541,0.345,0.189,0.811,0.574,0.580
1332,44.400,5.657,0.000,0.000,0.000,1,1,0,0.000,1.024,3,0,1.000,2,0.000,968.334,1.000,0.399,5.734,0.929,0.672,0.099,0.179,0.821,0.550,0.580
1335,44.500,11.314,0.000,5.657,0.000,1,1,0,0.000,1.067,3,0,1.000,2,37.363,635.569,1.000,0.399,4.060,0.936,0.657,0.464,0.132,0.868,0.539,0.580
1338,44.600,14.318,0.000,3.004,0.000,1,1,0,0.000,0.996,3,0,1.000,2,30.017,590.337,1.000,0.408,3.095,0.860,0.447,0.005,0.098,0.902,0.537,0.580
1341,44.700,23.195,0.000,8.877,0.000,1,1,0,0.000,0.953,3,0,1.000,2,31.016,654.845,1.000,0.408,2.496,0.445,0.171,2.820,0.101,0.899,0.600,0.580
1344,44.800,20.518,0.000,-2.677,0.000,1,1,0,0.000,0.694,3,0,1.000,2,24.000,449.580,1.000,0.417,2.769,0.792,0.074,0.256,0.144,0.856,0.568,0.580
1347,44.900,21.024,473.207,0.506,189.623,2,1,1,616.652,2.309,3,0,1.000,3,0.000,490.347,1.000,0.417,3.016,0.832,0.226,0.217,0.157,0.843,0.817,0.650
1350,45.000,7.810,51.352,-13.214,-421.855,2,1,1,577.249,2.262,3,0,1.000,4,262.545,1558.859,1.000,0.417,2.254,0.728,0.380,0.680,0.136,0.864,0.805,0.750
1353,45.100,10.440,0.000,2.630,0.000,1,1,0,0.000,1.086,3,0,1.000,2,251.334,1614.667,1.000,0.426,3.819,0.771,0.484,1.594,0.149,0.851,0.539,0.750
1356,45.200,14.213,173.349,3.772,121.998,2,1,1,384.246,1.981,3,0,1.000,4,0.000,1823.720,1.000,0.426,5.532,0.811,0.607,0.056,0.170,0.830,0.882,0.650
1359,45.300,8.485,8.602,-5.727,-164.747,2,1,1,383.631,2.022,3,0,1.000,4,0.000,2026.350,1.000,0.426,5.556,0.973,0.712,0.089,0.170,0.830,0.669,0.580
1362,45.400,2.000,19.416,-6.485,10.814,2,1,1,401.001,1.987,3,0,1.000,4,107.056,2195.517,1.000,0.426,4.983,0.977,0.797,0.019,0.172,0.828,0.714,0.595
1365,45.500,11.662,37.108,9.662,17.691,2,1,1,430.512,1.632,3,0,1.000,4,0.000,2174.425,1.000,0.426,4.837,0.968,0.753,0.024,0.174,0.826,0.809,0.580
1368,45.600,11.045,40.608,-0.617,3.500,2,1,1,462.082,1.521,3,0,1.000,4,133.754,2330.077,1.000,0.426,4.786,0.907,0.691,0.090,0.165,0.835,0.832,0.743
1371,45.700,24.042,37.643,12.996,-2.965,2,1,1,422.707,1.413,3,0,1.000,4,128.561,1533.989,1.000,0.426,3.297,0.807,0.564,0.303,0.147,0.853,0.785,0.714
1374,45.800,21.213,15.524,-2.828,-22.119,2,1,1,407.082,1.207,3,0,1.000,4,37.121,1543.869,1.000,0.417,4.656,0.687,0.397,0.103,0.164,0.836,0.736,0.580
1377,45.900,18.601,23.601,-2.612,8.077,2,1,1,403.496,0.976,3,0,1.000,4,57.271,1645.540,1.000,0.417,5.447,0.659,0.330,0.078,0.174,0.826,0.771,0.580
1380,46.000,9.220,12.728,-9.382,-10.873,2,1,1,394.555,1.095,3,0,1.000,4,0.000,1626.118,1.000,0.408,4.388,0.755,0.272,0.005,0.171,0.829,0.678,0.580
1383,46.100,11.662,18.248,2.442,5.520,2,1,1,386.685,1.102,3,0,1.000,4,35.903,1724.969,1.000,0.399,3.790,0.834,0.230,0.055,0.162,0.838,0.688,0.580
1386,46.200,21.190,8.544,9.528,-9.704,2,1,1,363.666,1.029,3,0,1.000,4,95.336,1510.894,1.000,0.389,3.275,0.801,0.205,0.058,0.163,0.837,0.694,0.580
1389,46.300,7.280,12.166,-13.910,3.622,2,1,1,359.402,1.081,3,0,1.000,4,61.057,1681.544,1.000,0.379,2.721,0.674,0.205,0.027,0.151,0.849,0.638,0.580
1392,46.400,3.162,18.385,-4.118,6.219,2,1,1,353.013,1.216,3,0,1.000,4,240.707,2480.024,1.000,0.369,2.145,0.700,0.159,0.075,0.136,0.864,0.657,0.750
1395,46.500,10.440,2.828,7.278,-15.556,2,1,1,348.174,1.205,3,0,1.000,3,123.649,2557.767,1.000,0.369,1.120,0.833,0.118,0.102,0.104,0.896,0.578,0.687
1398,46.600,1.414,7.000,-9.026,4.172,2,1,1,354.141,1.348,3,0,1.000,3,0.000,2440.629,1.000,0.369,0.896,0.909,0.087,0.094,0.087,0.913,0.548,0.580
1401,46.700,5.385,9.899,3.971,2.899,2,1,1,363.006,1.394,3,0,1.000,4,116.297,2679.714,1.000,0.369,1.324,0.668,0.122,0.603,0.093,0.907,0.591,0.646
1404,46.800,8.062,12.649,2.677,2.750,2,1,1,355.621,1.416,3,0,1.000,4,67.000,2726.489,1.000,0.369,2.372,0.689,0.469,1.389,0.110,0.890,0.631,0.580
1407,46.900,17.029,16.125,8.967,3.475,2,1,1,381.518,1.394,3,0,1.000,4,65.000,2705.867,1.000,0.369,2.374,0.782,0.749,1.041,0.136,0.864,0.649,0.580
1410,47.000,45.177,8.602,28.148,-7.522,2,1,1,425.470,1.421,3,0,1.000,4,271.974,3842.014,1.000,0.369,2.662,0.670,0.917,0.038,0.137,0.863,0.820,0.750
1413,47.100,21.541,8.062,-23.637,-0.540,2,1,1,437.056,1.390,3,0,1.000,4,57.489,4067.317,1.000,0.369,2.979,0.748,1.021,0.141,0.143,0.857,0.692,0.350
1416,47.200,16.125,24.698,-5.416,16.636,2,1,1,460.526,1.087,3,0,1.000,4,69.836,3789.814,1.000,0.369,3.165,0.653,1.095,0.008,0.139,0.861,0.721,0.350
1419,47.300,13.416,26.173,-2.708,1.474,2,1,1,492.176,1.017,3,0,1.000,4,0.000,3522.519,1.000,0.369,3.572,0.722,1.007,0.057,0.140,0.860,0.734,0.350
1422,47.400,20.616,34.132,7.199,7.960,2,1,1,524.112,0.812,3,0,1.000,4,120.304,3833.399,1.000,0.369,4.751,0.696,1.089,0.029,0.140,0.860,0.810,0.668
1425,47.500,0.000,33.106,-20.616,-1.026,2,1,1,541.503,0.762,3,0,1.000,4,135.163,4097.687,1.000,0.369,4.001,0.752,1.139,0.019,0.129,0.871,0.781,0.750
1428,47.600,3.000,5.385,3.000,-27.721,2,1,1,535.859,0.739,3,0,1.000,4,0.000,1403.838,1.000,0.369,3.088,0.854,1.178,0.069,0.117,0.883,0.597,0.580
1431,47.700,12.530,7.071,9.530,1.686,2,1,1,532.596,0.757,3,0,1.000,4,0.000,1711.840,1.000,0.369,2.823,0.855,1.292,0.008,0.112,0.888,0.630,0.000
1434,47.800,8.602,5.385,-3.928,-1.686,2,1,1,531.678,0.810,3,0,1.000,4,75.000,1731.654,1.000,0.369,2.875,0.878,1.448,0.028,0.109,0.891,0.608,0.700
1437,47.900,5.657,3.606,-2.945,-1.780,2,1,1,533.811,1.115,3,0,1.000,4,99.925,1990.957,1.000,0.369,2.964,0.747,1.429,0.055,0.111,0.889,0.603,0.700
1440,48.000,7.280,7.000,1.623,3.394,2,1,1,530.045,1.219,3,0,1.000,4,47.170,1734.307,1.000,0.369,3.374,0.751,1.222,0.003,0.114,0.886,0.622,0.350
1443,48.100,12.042,4.243,4.761,-2.757,2,1,1,534.813,1.459,3,0,1.000,4,220.384,2369.264,1.000,0.358,3.936,0.744,0.899,0.012,0.118,0.882,0.663,0.750
1446,48.200,9.220,8.602,-2.822,4.360,2,1,1,526.826,1.799,3,0,1.000,4,0.000,2076.439,1.000,0.358,4.456,0.758,0.499,0.001,0.325,0.675,0.660,0.350
1449,48.300,30.150,10.050,20.930,1.448,2,1,1,555.817,1.915,4,1,0.966,5,0.000,2108.238,1.000,0.358,5.606,0.700,0.166,0.012,0.147,0.853,0.909,0.750
1452,48.400,13.153,15.811,-16.997,5.762,2,1,1,562.726,1.859,4,0,0.966,5,16.401,2356.120,1.000,0.358,4.758,0.795,0.118,0.083,0.142,0.858,0.801,0.350
1455,48.500,14.560,40.522,1.407,24.710,2,1,1,547.121,1.674,4,0,0.966,5,15.133,1569.299,1.000,0.358,5.660,0.848,0.357,0.033,0.143,0.857,0.957,0.350
1458,48.600,15.524,6.083,0.964,-34.439,2,1,1,544.493,1.947,3,1,0.931,4,14.318,896.430,1.000,0.358,4.013,0.772,0.632,0.092,0.137,0.863,0.683,0.750
1461,48.700,9.849,9.487,-5.675,3.404,2,1,1,547.317,1.649,3,0,0.931,4,80.362,957.410,1.000,0.358,3.041,0.695,0.826,0.111,0.130,0.870,0.632,0.350
1464,48.800,8.062,19.026,-1.787,9.539,2,1,1,538.339,1.573,3,0,0.931,4,65.803,841.507,1.000,0.358,2.876,0.838,0.828,0.027,0.127,0.873,0.669,0.350
1467,48.900,14.866,9.055,6.804,-9.971,2,1,1,526.775,1.325,4,1,0.897,5,24.759,609.375,1.000,0.347,2.168,0.794,0.902,0.083,0.114,0.886,0.731,0.750
1470,49.000,10.817,7.071,-4.049,-1.984,2,1,1,520.332,1.339,4,0,0.897,5,23.707,657.459,1.000,0.347,1.765,0.724,0.865,0.064,0.101,0.899,0.704,0.350
1473,49.100,14.213,1.000,3.396,-6.071,2,1,1,514.939,1.140,4,0,0.897,5,46.615,911.794,1.000,0.347,1.467,0.819,0.777,0.100,0.098,0.902,0.708,0.350
1476,49.200,4.123,8.485,-10.090,7.485,2,1,1,523.130,1.446,4,0,0.897,5,132.816,1331.694,1.000,0.347,1.561,0.709,0.741,0.207,0.101,0.899,0.686,0.738
1479,49.300,18.439,12.083,14.316,3.598,2,1,1,525.647,1.323,4,0,0.897,5,61.294,1498.694,1.000,0.336,1.595,0.728,0.696,0.154,0.110,0.890,0.741,0.350
1482,49.400,35.903,2.000,17.464,-10.083,2,1,1,528.715,1.521,4,0,0.897,5,63.071,1576.129,1.000,0.336,1.609,0.430,0.600,0.309,0.097,0.903,0.860,0.350
1485,49.500,8.246,5.385,-27.656,3.385,2,1,1,522.843,1.468,3,1,0.862,4,0.000,2078.869,1.000,0.336,1.613,0.735,0.460,0.308,0.103,0.897,0.585,0.750
1488,49.600,13.000,8.062,4.754,2.677,2,1,1,513.845,1.118,3,0,0.862,4,29.155,2486.539,1.000,0.336,1.996,0.440,0.212,0.140,0.097,0.903,0.641,0.350
1491,49.700,20.000,17.205,7.000,9.142,2,1,1,504.580,1.484,3,0,0.862,4,26.907,2480.699,1.000,0.347,2.995,0.200,0.178,2.017,0.100,0.900,0.722,0.550
1494,49.800,32.280,9.220,12.280,-7.985,2,1,1,514.576,1.489,4,1,0.828,5,0.000,1809.578,1.000,0.347,1.816,0.305,0.640,0.054,0.081,0.919,0.853,0.750
1497,49.900,34.205,1.000,1.925,-8.220,2,1,1,492.882,1.625,4,0,0.828,5,68.066,2782.269,1.000,0.336,2.596,0.391,1.064,0.538,0.096,0.904,0.878,0.350
1500,50.000,6.403,10.050,-27.802,9.050,2,1,1,484.249,1.480,4,0,0.828,5,78.568,2831.338,1.000,0.336,0.937,0.102,1.424,0.925,0.069,0.931,0.722,0.700
1503,50.100,6.325,13.601,-0.079,3.552,2,1,1,466.444,1.350,4,0,0.828,5,108.453,3039.025,1.000,0.336,1.055,0.379,1.838,1.215,0.074,0.926,0.725,0.700
1506,50.200,7.071,14.422,0.747,0.821,2,1,1,469.864,1.210,4,0,0.828,5,76.322,3067.670,1.000,0.336,2.400,0.594,2.191,3.021,0.093,0.907,0.749,0.700
1509,50.300,7.000,15.811,-0.071,1.389,2,1,1,459.892,1.357,4,0,0.828,5,36.770,2899.867,1.000,0.336,1.210,0.437,2.211,0.939,0.079,0.921,0.737,0.700
1512,50.400,10.770,9.487,3.770,-6.325,2,1,1,478.729,1.630,4,0,0.828,5,35.228,1426.555,1.000,0.336,1.397,0.677,2.201,2.081,0.088,0.912,0.697,0.700
1515,50.500,18.439,18.385,7.669,8.898,2,1,1,463.949,1.960,4,0,0.828,5,31.113,1287.557,1.000,0.336,1.686,0.545,1.953,0.062,0.077,0.923,0.756,0.700
1518,50.600,28.443,14.318,10.004,-4.067,2,1,1,505.059,2.228,4,0,0.828,5,1.414,865.844,1.000,0.336,3.713,0.402,1.640,0.486,0.089,0.911,0.873,0.700
1521,50.700,0.000,500.066,0.000,-12.076,2,0,1,500.066,2.568,4,0,0.828,5,0.000,812.337,1.000,0.336,2.523,0.716,1.279,1.559,0.116,0.884,0.913,0.550
1524,50.800,58.189,5.831,29.746,-494.235,2,1,1,509.137,2.574,4,0,0.828,5,0.000,900.305,1.000,0.336,2.146,0.539,1.087,1.474,0.103,0.897,0.916,0.550
1527,50.900,11.045,25.000,-47.144,19.169,2,1,1,509.393,2.658,4,0,0.828,5,11.705,1027.498,1.000,0.324,1.416,0.727,0.944,1.393,0.084,0.916,0.773,0.550
1530,51.000,21.378,16.000,10.332,-9.000,2,1,1,513.609,2.268,3,1,0.793,4,0.000,1302.975,1.000,0.336,2.786,0.628,0.851,1.973,0.112,0.888,0.694,0.750
1533,51.100,33.734,18.358,12.357,2.358,2,1,1,492.444,2.043,3,0,0.793,4,11.662,1486.265,1.000,0.336,2.646,0.246,0.690,0.102,0.083,0.917,0.786,0.350
1536,51.200,0.000,529.914,0.000,511.557,1,0,1,0.000,1.712,3,0,0.828,2,0.000,1759.107,1.000,0.336,12.439,0.158,0.573,0.465,0.223,0.777,0.879,0.650
1539,51.300,34.525,378.259,0.791,-151.655,2,1,1,374.769,1.782,4,1,0.793,4,80.920,1891.344,1.000,0.347,1.061,0.887,0.090,2.703,0.090,0.910,0.864,0.750
1542,51.400,15.232,4.472,-19.294,-373.787,2,1,1,371.559,1.542,4,0,0.793,4,66.611,2133.584,1.000,0.347,0.622,0.545,0.057,0.436,0.057,0.943,0.712,0.580
1545,51.500,16.643,6.083,1.412,1.611,2,1,1,364.664,1.311,4,0,0.828,4,22.361,2246.525,1.000,0.347,0.757,0.477,0.076,2.773,0.066,0.934,0.728,0.550
1548,51.600,0.000,345.905,0.000,-2.223,2,0,1,345.905,1.648,4,0,0.828,4,51.010,1913.599,1.000,0.347,1.171,0.583,0.496,0.917,0.091,0.909,0.888,0.500
1551,51.700,48.301,14.036,31.658,-331.869,2,1,1,319.776,1.863,4,0,0.828,4,58.856,1275.967,1.000,0.347,2.280,0.700,0.920,1.278,0.122,0.878,0.908,0.500
1554,51.800,23.854,20.248,-24.447,6.213,2,1,1,288.531,1.793,4,0,0.862,4,94.868,1413.225,1.000,0.358,3.152,0.600,1.065,0.625,0.146,0.854,0.819,0.527
1557,51.900,10.198,19.698,-13.656,-0.551,2,1,1,281.443,1.759,4,0,0.862,4,100.722,1364.364,1.000,0.358,1.736,0.636,1.580,0.065,0.123,0.877,0.758,0.700
1560,52.000,14.036,11.314,3.838,-8.384,2,1,1,258.745,1.418,4,0,0.862,4,81.413,1079.088,1.000,0.358,1.839,0.530,1.721,0.908,0.124,0.876,0.737,0.700
1563,52.100,9.899,11.705,-4.136,0.391,2,1,1,246.293,1.330,4,0,0.862,4,92.000,1237.938,1.000,0.358,0.967,0.583,1.749,2.334,0.088,0.912,0.698,0.700
1566,52.200,9.849,8.544,-0.051,-3.161,2,1,1,247.051,1.172,4,0,0.862,4,77.473,1204.584,1.000,0.358,1.418,0.869,0.853,0.469,0.108,0.892,0.679,0.580
1569,52.300,21.378,10.198,11.529,1.654,2,1,1,270.668,0.860,4,0,0.862,4,76.896,1136.894,1.000,0.369,1.531,0.895,0.655,0.585,0.120,0.880,0.744,0.000
1572,52.400,26.173,29.155,4.795,18.957,2,1,1,322.493,0.802,4,0,0.897,4,55.973,1219.929,1.000,0.369,2.000,0.888,0.553,2.259,0.139,0.861,0.800,0.550
1575,52.500,7.211,18.385,-18.961,-10.770,2,1,1,333.766,1.074,4,0,0.897,4,0.000,1320.524,1.000,0.369,2.429,0.883,0.617,2.767,0.146,0.854,0.751,0.580
1578,52.600,7.810,7.211,0.599,-11.174,2,1,1,333.618,1.271,4,0,0.897,4,0.000,1001.147,1.000,0.369,2.718,0.923,0.467,0.039,0.154,0.846,0.697,0.580
1581,52.700,11.180,2.000,3.370,-5.211,2,1,1,337.028,1.428,4,0,0.931,4,146.003,1208.229,1.000,0.358,2.893,0.978,0.410,0.038,0.153,0.847,0.716,0.750
1584,52.800,0.000,320.762,0.000,-0.268,2,0,1,320.762,1.071,4,0,0.931,4,132.575,1433.134,1.000,0.358,2.351,0.977,0.350,0.128,0.144,0.856,0.890,0.737
1587,52.900,0.000,321.498,0.000,-3.230,2,0,1,321.498,1.785,4,0,0.931,2,5.000,1465.590,1.000,0.369,1.819,0.965,0.297,0.200,0.142,0.858,0.788,0.350
1590,53.000,0.000,339.249,0.000,-5.200,2,0,1,339.249,2.434,4,0,0.931,4,147.503,1662.329,1.000,0.369,1.981,0.923,0.216,0.014,0.139,0.861,0.885,0.750
1593,53.100,41.629,3.000,30.449,-336.249,2,1,1,363.989,2.592,4,0,0.931,4,134.347,1827.474,1.000,0.369,2.136,0.766,0.182,2.041,0.144,0.856,0.881,0.746
1596,53.200,19.647,7.616,-21.982,4.616,2,1,1,374.342,2.569,4,0,0.931,4,0.000,1913.844,1.000,0.369,4.154,0.900,0.162,0.490,0.182,0.818,0.800,0.580
1599,53.300,12.649,8.485,-6.998,0.870,2,1,1,384.005,2.437,4,0,0.931,4,22.472,1932.689,1.000,0.369,4.695,0.896,0.114,0.009,0.189,0.811,0.775,0.580
1602,53.400,0.000,386.130,0.000,2.128,2,0,1,386.130,2.336,4,0,0.931,4,39.850,2129.810,1.000,0.369,3.890,0.889,0.124,0.060,0.183,0.817,0.935,0.500
1605,53.500,0.000,0.000,0.000,0.000,0,0,0,0.000,0.000,4,0,0.931,0,39.850,2129.810,0.967,0.369,13.731,0.490,0.080,1.811,0.268,0.732,0.452,0.650
1608,53.600,0.000,266.790,0.000,-119.339,1,0,1,0.000,2.303,4,0,0.931,1,119.604,2247.784,0.967,0.371,2.238,0.927,0.205,1.445,0.165,0.835,0.702,0.664
1611,53.700,144.062,0.000,131.413,0.000,1,1,0,0.000,1.489,3,1,0.897,1,6.000,2285.409,0.967,0.371,1.589,0.951,0.300,0.056,0.137,0.863,0.599,0.750
1614,53.800,2.828,0.000,-141.234,0.000,1,1,0,0.000,1.617,3,0,0.897,1,11.705,2400.279,0.967,0.381,2.008,0.926,0.330,0.105,0.149,0.851,0.377,0.580
1617,53.900,2.236,0.000,-0.592,0.000,1,1,0,0.000,1.489,3,0,0.931,1,8.602,2481.714,0.967,0.391,1.152,0.820,0.355,0.754,0.117,0.883,0.360,0.580
1620,54.000,3.000,0.000,0.764,0.000,1,1,0,0.000,1.534,3,0,0.931,1,3.606,2362.594,0.967,0.400,1.306,0.701,0.322,0.368,0.115,0.885,0.376,0.580
1623,54.100,3.162,0.000,0.162,0.000,1,1,0,0.000,1.268,3,0,0.931,1,2.828,2406.794,0.967,0.400,1.781,0.746,0.303,0.661,0.140,0.860,0.386,0.580
1626,54.200,1.000,0.000,-2.162,0.000,1,1,0,0.000,1.394,3,0,0.966,1,3.162,2433.399,0.967,0.410,2.209,0.743,0.279,0.059,0.143,0.857,0.385,0.580
1629,54.300,2.828,403.517,1.828,136.727,2,1,1,406.154,2.226,3,0,0.966,3,255.548,3795.204,0.967,0.410,2.669,0.686,1.776,2.578,0.143,0.857,0.815,0.750
1632,54.400,2.000,18.000,-0.828,-385.517,2,1,1,423.572,1.881,3,0,0.966,3,269.757,5075.807,0.967,0.419,2.962,0.577,1.719,0.172,0.133,0.867,0.680,0.750
1635,54.500,0.000,0.000,-2.000,0.000,1,1,0,0.000,1.333,3,0,0.966,1,271.649,5031.854,0.967,0.419,2.910,0.706,1.904,0.233,0.140,0.860,0.399,0.750
1638,54.600,4.123,0.000,4.123,0.000,1,1,0,0.000,1.333,4,1,0.931,1,7.810,4259.559,0.967,0.428,4.213,0.702,2.115,0.237,0.164,0.836,0.540,0.750
1641,54.700,3.000,0.000,-1.123,0.000,1,1,0,0.000,1.345,4,0,0.931,2,6.325,3609.094,0.967,0.437,4.319,0.722,2.415,0.301,0.163,0.837,0.580,0.700
1644,54.800,0.000,0.000,0.000,0.000,0,0,0,0.000,0.000,4,0,0.931,0,6.325,3609.094,0.933,0.437,12.648,0.193,1.623,0.239,0.285,0.715,0.469,0.700
1647,54.900,200.122,136.971,197.122,118.971,2,1,1,392.210,1.933,3,1,0.897,4,0.000,3820.588,0.933,0.431,5.569,0.637,1.732,0.923,0.136,0.864,0.887,0.750
1650,55.000,0.000,0.000,0.000,0.000,0,0,0,0.000,0.000,3,0,0.897,0,0.000,3820.588,0.900,0.431,6.340,0.407,1.596,0.324,0.152,0.848,0.308,0.700
1653,55.100,0.000,20.248,0.000,-116.722,1,0,1,0.000,1.997,3,0,0.897,2,0.000,3560.184,0.900,0.428,5.807,0.574,0.116,0.291,0.151,0.849,0.645,0.650
1656,55.200,0.000,25.495,0.000,5.247,1,0,1,0.000,2.077,3,0,0.897,2,0.000,3486.327,0.900,0.436,6.156,0.482,0.171,2.560,0.165,0.835,0.690,0.580
1659,55.300,0.000,14.560,0.000,-10.935,1,0,1,0.000,1.793,3,0,0.897,2,0.000,3411.544,0.900,0.436,6.628,0.622,0.271,1.005,0.174,0.826,0.631,0.580
1662,55.400,383.419,0.000,183.296,0.000,1,1,0,0.000,1.263,3,0,0.897,2,53.824,3473.579,0.900,0.445,5.483,0.662,0.368,0.154,0.153,0.847,0.769,0.500
1665,55.500,55.714,32.573,-327.705,18.013,2,1,1,21.541,1.723,3,0,0.897,4,9.220,3481.975,0.900,0.445,4.475,0.425,0.481,1.126,0.153,0.847,0.870,0.650
1668,55.600,0.000,0.000,0.000,0.000,0,0,0,0.000,0.000,3,0,0.897,0,9.220,3481.975,0.867,0.445,6.370,0.644,0.572,0.020,0.159,0.841,0.288,0.650
1671,55.700,0.000,0.000,0.000,0.000,0,0,0,0.000,0.000,3,0,0.897,0,9.220,3481.975,0.833,0.445,6.490,0.701,0.691,0.405,0.150,0.850,0.283,0.580
1674,55.800,0.000,0.000,0.000,0.000,0,0,0,0.000,0.000,3,0,0.897,0,9.220,3481.975,0.800,0.445,5.280,0.709,0.799,0.506,0.122,0.878,0.248,0.580
1677,55.900,0.000,0.000,0.000,0.000,0,0,0,0.000,0.000,3,0,0.897,0,9.220,3481.975,0.767,0.445,5.197,0.437,0.851,0.707,0.129,0.871,0.261,0.580
1680,56.000,0.000,0.000,0.000,0.000,0,0,0,0.000,0.000,3,0,0.897,0,9.220,3481.975,0.733,0.445,4.605,0.263,0.881,0.041,0.147,0.853,0.255,0.580
1683,56.100,62.610,0.000,6.896,0.000,1,1,0,0.000,1.461,3,0,0.897,2,9.220,3481.975,0.733,0.377,5.281,0.471,0.903,1.047,0.168,0.832,0.757,0.650
1686,56.200,0.000,0.000,0.000,0.000,0,0,0,0.000,0.000,3,0,0.897,0,9.220,3481.975,0.700,0.377,4.804,0.377,0.883,2.484,0.153,0.847,0.248,0.650
1689,56.300,0.000,0.000,0.000,0.000,0,0,0,0.000,0.000,3,0,0.897,0,9.220,3481.975,0.667,0.377,5.379,0.768,0.890,1.534,0.159,0.841,0.231,0.580
1692,56.400,0.000,0.000,0.000,0.000,0,0,0,0.000,0.000,3,0,0.897,0,9.220,3481.975,0.633,0.377,7.166,0.253,0.432,0.391,0.170,0.830,0.307,0.580
1695,56.500,0.000,0.000,0.000,0.000,0,0,0,0.000,0.000,3,0,0.897,0,9.220,3481.975,0.633,0.377,7.537,0.385,0.428,0.330,0.157,0.843,0.307,0.580
1698,56.600,0.000,0.000,0.000,0.000,0,0,0,0.000,0.000,3,0,0.931,0,9.220,3481.975,0.600,0.377,6.014,0.275,0.769,0.038,0.147,0.853,0.273,0.580
1701,56.700,0.000,0.000,0.000,0.000,0,0,0,0.000,0.000,3,0,0.931,0,9.220,3481.975,0.567,0.377,4.276,0.336,0.684,0.403,0.153,0.847,0.221,0.580
1704,56.800,0.000,0.000,0.000,0.000,0,0,0,0.000,0.000,3,0,0.931,0,9.220,3481.975,0.533,0.377,7.826,0.265,0.536,0.082,0.173,0.827,0.311,0.580
1707,56.900,0.000,0.000,0.000,0.000,0,0,0,0.000,0.000,3,0,0.931,0,9.220,3481.975,0.500,0.377,6.608,0.456,0.456,0.599,0.163,0.837,0.263,0.580
1710,57.000,0.000,388.712,0.000,356.139,1,0,1,0.000,1.680,3,0,0.931,2,296.007,4885.289,0.500,0.333,8.056,0.549,0.399,0.516,0.172,0.828,0.792,0.750
1713,57.100,0.000,0.000,0.000,0.000,0,0,0,0.000,0.000,3,0,0.931,0,296.007,4885.289,0.467,0.333,7.735,0.257,0.434,0.319,0.137,0.863,0.301,0.750
1716,57.200,0.000,0.000,0.000,0.000,0,0,0,0.000,0.000,3,0,0.931,0,296.007,4885.289,0.433,0.333,5.646,0.114,0.368,0.067,0.122,0.878,0.255,0.750
1719,57.300,0.000,0.000,0.000,0.000,0,0,0,0.000,0.000,3,0,0.931,0,296.007,4885.289,0.400,0.333,5.420,0.464,0.241,0.896,0.158,0.842,0.221,0.750
1722,57.400,0.000,85.866,0.000,-302.846,1,0,1,0.000,1.566,3,0,0.931,2,296.007,4885.289,0.400,0.339,5.421,0.432,0.180,0.891,0.164,0.836,0.723,0.750
1725,57.500,442.224,0.000,379.614,0.000,1,1,0,0.000,1.814,3,0,0.966,1,123.000,4059.107,0.400,0.339,6.945,0.315,0.125,0.239,0.132,0.868,0.710,0.683
1728,57.600,0.000,87.727,0.000,1.861,1,0,1,0.000,1.891,3,0,0.966,2,123.000,4059.107,0.400,0.344,10.436,0.090,0.155,0.942,0.295,0.705,0.812,0.683
1731,57.700,0.000,0.000,0.000,0.000,0,0,0,0.000,0.000,3,0,0.966,0,123.000,4059.107,0.367,0.344,7.828,0.575,0.302,0.910,0.212,0.788,0.269,0.683
1734,57.800,0.000,0.000,0.000,0.000,0,0,0,0.000,0.000,3,0,1.000,0,123.000,4059.107,0.367,0.344,5.359,0.634,0.396,0.635,0.180,0.820,0.204,0.683
1737,57.900,36.770,0.000,-405.454,0.000,1,1,0,0.000,1.635,3,0,1.000,2,58.215,4604.847,0.367,0.350,7.372,0.560,1.842,0.171,0.200,0.800,0.713,0.700
1740,58.000,57.271,0.000,20.502,0.000,1,1,0,0.000,1.671,3,0,1.000,2,0.000,3589.219,0.400,0.355,7.623,0.623,1.467,0.526,0.182,0.818,0.765,0.700
1743,58.100,12.530,0.000,-44.741,0.000,1,1,0,0.000,1.818,3,0,1.000,2,0.000,4005.787,0.400,0.355,5.605,0.589,1.194,0.376,0.154,0.846,0.537,0.580
1746,58.200,23.022,0.000,10.492,0.000,1,1,0,0.000,1.871,3,0,1.000,2,38.013,4081.144,0.400,0.360,5.465,0.659,1.145,1.494,0.127,0.873,0.586,0.580
1749,58.300,42.000,0.000,18.978,0.000,1,1,0,0.000,1.648,3,0,1.000,2,0.000,3775.019,0.400,0.360,5.541,0.389,1.275,0.110,0.156,0.844,0.713,0.350
1752,58.400,4.000,0.000,-38.000,0.000,1,1,0,0.000,1.534,3,0,1.000,2,65.008,3530.969,0.400,0.365,3.882,0.530,0.919,0.522,0.133,0.867,0.450,0.580
1755,58.500,37.443,0.000,33.443,0.000,1,1,0,0.000,1.516,3,0,1.000,2,33.956,3383.119,0.400,0.365,5.436,0.445,0.670,0.283,0.150,0.850,0.681,0.450
1758,58.600,39.812,0.000,2.369,0.000,1,1,0,0.000,1.172,3,0,1.000,2,73.756,3192.867,0.433,0.371,6.160,0.557,0.276,0.911,0.180,0.820,0.708,0.350
1761,58.700,57.201,0.000,17.389,0.000,1,1,0,0.000,1.127,3,0,1.000,2,17.263,2804.844,0.467,0.367,4.630,0.445,0.102,0.372,0.146,0.854,0.711,0.350
1764,58.800,0.000,0.000,0.000,0.000,0,0,0,0.000,0.000,3,0,1.000,0,17.263,2804.844,0.467,0.367,5.284,0.727,0.092,0.324,0.164,0.836,0.207,0.650
1767,58.900,174.416,0.000,117.215,0.000,1,1,0,0.000,1.227,3,0,1.000,2,0.000,1830.269,0.500,0.365,6.014,0.569,0.078,0.612,0.153,0.847,0.740,0.650
1770,59.000,45.277,0.000,-129.139,0.000,1,1,0,0.000,1.241,3,0,1.000,2,63.127,1563.889,0.533,0.360,6.551,0.471,0.098,0.420,0.175,0.825,0.765,0.450
1773,59.100,0.000,0.000,0.000,0.000,0,0,0,0.000,0.000,3,0,1.000,0,63.127,1563.889,0.500,0.360,4.631,0.539,0.053,0.330,0.148,0.852,0.208,0.650
1776,59.200,0.000,0.000,0.000,0.000,0,0,0,0.000,0.000,3,0,1.000,0,63.127,1563.889,0.500,0.360,4.188,0.248,0.518,1.759,0.142,0.858,0.217,0.580
1779,59.300,0.000,112.801,0.000,25.074,1,0,1,0.000,1.917,3,0,1.000,2,0.000,1433.004,0.533,0.360,4.705,0.425,0.838,0.736,0.145,0.855,0.722,0.650
1782,59.400,0.000,0.000,0.000,0.000,0,0,0,0.000,0.000,3,0,1.000,0,0.000,1433.004,0.533,0.360,5.108,0.633,0.866,0.335,0.177,0.823,0.217,0.650
1785,59.500,0.000,0.000,0.000,0.000,0,0,0,0.000,0.000,3,0,1.000,0,0.000,1433.004,0.533,0.360,6.677,0.807,0.975,2.029,0.190,0.810,0.244,0.580
1788,59.600,0.000,0.000,0.000,0.000,0,0,0,0.000,0.000,3,0,1.000,0,0.000,1433.004,0.533,0.360,5.177,0.593,1.019,0.416,0.142,0.858,0.222,0.580
1791,59.700,0.000,150.615,0.000,37.815,1,0,1,0.000,1.705,3,0,1.000,2,0.000,1165.869,0.567,0.366,1.955,0.473,1.008,2.247,0.098,0.902,0.654,0.650
1794,59.800,0.000,32.650,0.000,-117.966,1,0,1,0.000,1.892,3,0,1.000,2,10.050,1114.059,0.600,0.366,1.988,0.441,1.311,0.128,0.107,0.893,0.592,0.580
1797,59.900,0.000,0.000,0.000,0.000,0,0,0,0.000,0.000,3,0,1.000,0,10.050,1114.059,0.600,0.366,3.955,0.387,1.357,0.132,0.129,0.871,0.214,0.650
1800,60.000,0.000,0.000,0.000,0.000,0,0,0,0.000,0.000,4,1,0.966,0,10.050,1114.059,0.567,0.366,5.516,0.458,1.093,2.646,0.168,0.832,0.344,0.750
1803,60.100,0.000,0.000,0.000,0.000,0,0,0,0.000,0.000,4,0,0.966,0,10.050,1114.059,0.567,0.366,5.267,0.423,0.998,0.734,0.156,0.844,0.340,0.580
1806,60.200,0.000,0.000,0.000,0.000,0,0,0,0.000,0.000,4,0,0.966,0,10.050,1114.059,0.567,0.366,3.438,0.854,0.996,1.211,0.129,0.871,0.264,0.580
1809,60.300,0.000,0.000,0.000,0.000,0,0,0,0.000,0.000,3,1,0.931,0,10.050,1114.059,0.567,0.366,19.504,0.753,0.972,0.127,0.419,0.581,0.285,0.750
1812,60.400,0.000,0.000,0.000,0.000,0,0,0,0.000,0.000,3,0,0.931,0,10.050,1114.059,0.533,0.366,7.706,0.315,0.355,2.232,0.213,0.787,0.305,0.580
1815,60.500,0.000,0.000,0.000,0.000,0,0,0,0.000,0.000,3,0,0.931,0,10.050,1114.059,0.500,0.366,7.507,0.795,0.311,1.622,0.187,0.813,0.262,0.580
1818,60.600,0.000,0.000,0.000,0.000,0,0,0,0.000,0.000,5,1,0.897,0,10.050,1114.059,0.467,0.366,5.280,0.783,0.254,2.354,0.164,0.836,0.303,0.750
1821,60.700,429.148,0.000,383.871,0.000,1,1,0,0.000,1.505,5,0,0.897,4,10.050,1114.059,0.500,0.352,3.255,0.704,0.036,2.777,0.141,0.859,0.786,0.650
1824,60.800,518.001,419.029,88.853,386.379,2,1,1,502.842,2.099,5,0,0.897,6,0.000,1886.194,0.533,0.344,5.006,0.714,0.215,0.200,0.166,0.834,0.919,0.650
1827,60.900,20.025,7.211,-497.976,-411.818,2,1,1,486.174,2.034,4,1,0.862,6,50.000,2526.624,0.533,0.332,3.278,0.732,0.272,0.184,0.155,0.845,0.736,0.750
1830,61.000,7.810,2.236,-12.215,-4.975,2,1,1,493.624,2.063,4,0,0.862,6,38.210,3471.385,0.533,0.328,2.333,0.570,0.338,0.307,0.126,0.874,0.656,0.580
1833,61.100,0.000,22.561,0.000,20.325,1,0,1,0.000,1.470,4,0,0.862,3,0.000,3606.174,0.533,0.325,6.431,0.428,0.108,2.244,0.127,0.873,0.755,0.650
1836,61.200,0.000,31.890,0.000,9.329,1,0,1,0.000,1.215,3,1,0.828,2,0.000,3499.669,0.533,0.319,9.082,0.543,0.251,2.854,0.185,0.815,0.723,0.750
1839,61.300,0.000,11.705,0.000,-20.186,1,0,1,0.000,1.286,3,0,0.828,2,0.000,3313.469,0.533,0.319,9.522,0.402,0.792,1.498,0.191,0.809,0.621,0.580
1842,61.400,0.000,4.123,0.000,-7.582,1,0,1,0.000,1.505,3,0,0.828,2,0.000,2942.767,0.533,0.319,8.631,0.502,1.204,1.522,0.221,0.779,0.572,0.580
1845,61.500,0.000,10.198,0.000,6.075,1,0,1,0.000,1.577,6,1,0.793,5,0.000,2831.227,0.533,0.300,7.919,0.564,1.431,0.432,0.154,0.846,0.729,0.750
1848,61.600,0.000,18.248,0.000,8.050,1,0,1,0.000,1.602,6,0,0.793,5,0.000,2310.978,0.533,0.294,6.618,0.461,1.542,0.936,0.131,0.869,0.749,0.700
1851,61.700,0.000,11.662,0.000,-6.586,1,0,1,0.000,1.528,6,0,0.793,5,0.000,2059.015,0.533,0.281,7.915,0.606,1.701,0.018,0.128,0.872,0.734,0.700
1854,61.800,0.000,34.059,0.000,22.397,1,0,1,0.000,1.573,3,1,0.759,2,0.000,2009.575,0.567,0.281,7.278,0.220,1.926,0.973,0.123,0.877,0.744,0.750
1857,61.900,0.000,35.384,0.000,1.325,1,0,1,0.000,1.825,3,0,0.759,2,82.201,1786.189,0.567,0.276,8.263,0.383,0.221,0.086,0.132,0.868,0.758,0.350
1860,62.000,0.000,100.623,0.000,65.239,1,0,1,0.000,2.055,3,0,0.759,2,0.000,745.559,0.567,0.276,9.331,0.444,0.200,0.265,0.139,0.861,0.807,0.450
1863,62.100,0.000,33.015,0.000,-67.608,1,0,1,0.000,1.787,4,1,0.724,3,0.000,973.914,0.600,0.268,7.144,0.098,0.214,0.880,0.135,0.865,0.862,0.750
1866,62.200,0.000,35.511,0.000,2.495,1,0,1,0.000,1.843,4,0,0.724,3,28.443,1169.534,0.633,0.252,7.848,0.693,0.235,0.842,0.143,0.857,0.856,0.350
1869,62.300,519.146,0.000,511.336,0.000,1,1,0,0.000,2.376,4,0,0.724,3,28.443,1169.534,0.633,0.379,7.599,0.778,0.324,0.274,0.167,0.833,0.897,0.500
1872,62.400,50.695,0.000,-468.451,0.000,1,1,0,0.000,2.541,6,1,0.690,4,28.443,1169.534,0.667,0.379,7.981,0.637,0.363,0.234,0.168,0.832,0.905,0.750
1875,62.500,42.544,0.000,-8.151,0.000,1,1,0,0.000,2.297,6,0,0.690,4,28.443,1169.534,0.700,0.389,8.560,0.655,0.466,0.239,0.177,0.823,0.895,0.350
1878,62.600,19.235,0.000,-23.309,0.000,1,1,0,0.000,2.041,6,0,0.690,4,63.246,1666.704,0.733,0.389,4.451,0.507,0.628,1.391,0.164,0.836,0.691,0.580
1881,62.700,29.155,0.000,9.919,0.000,1,1,0,0.000,1.842,3,1,0.655,2,69.354,1776.919,0.733,0.399,3.838,0.384,0.574,1.038,0.130,0.870,0.639,0.750
1884,62.800,0.000,223.258,0.000,187.747,1,0,1,0.000,1.499,3,0,0.655,2,51.788,1996.087,0.733,0.399,3.774,0.698,0.378,0.276,0.138,0.862,0.703,0.500
1887,62.900,0.000,5.099,0.000,-218.159,1,0,1,0.000,1.457,3,0,0.690,2,23.345,2073.697,0.767,0.408,4.258,0.809,0.165,0.160,0.147,0.853,0.490,0.580
1890,63.000,13.601,0.000,-15.553,0.000,1,1,0,0.000,1.634,4,1,0.655,3,134.618,2346.570,0.800,0.408,3.501,0.723,0.017,0.527,0.146,0.854,0.643,0.750
1893,63.100,27.019,0.000,13.417,0.000,1,1,0,0.000,1.316,4,0,0.655,3,0.000,2534.405,0.833,0.408,3.254,0.831,0.096,0.501,0.156,0.844,0.708,0.580
1896,63.200,22.361,0.000,-4.658,0.000,1,1,0,0.000,1.240,4,0,0.690,3,57.009,2715.759,0.867,0.408,2.950,0.705,0.175,0.025,0.151,0.849,0.688,0.580
1899,63.300,16.031,0.000,-6.329,0.000,1,1,0,0.000,1.075,3,1,0.655,2,13.601,2906.944,0.900,0.408,4.032,0.611,0.342,0.209,0.144,0.856,0.575,0.750
1902,63.400,43.046,0.000,27.015,0.000,1,1,0,0.000,0.944,3,0,0.655,2,12.369,3075.177,0.933,0.408,3.612,0.568,0.340,0.211,0.142,0.858,0.722,0.450
1905,63.500,11.045,0.000,-32.001,0.000,1,1,0,0.000,0.925,3,0,0.690,2,14.213,3094.870,0.967,0.417,1.669,0.312,0.496,0.445,0.112,0.888,0.517,0.580
1908,63.600,9.055,0.000,-1.990,0.000,1,1,0,0.000,1.026,3,0,0.690,2,7.000,3047.719,1.000,0.417,1.779,0.459,0.752,0.530,0.125,0.875,0.503,0.580
1911,63.700,1.000,0.000,-8.055,0.000,1,1,0,0.000,1.282,3,0,0.690,2,5.000,2778.209,1.000,0.426,1.391,0.722,0.977,0.281,0.119,0.881,0.430,0.580
1914,63.800,370.061,0.000,365.589,0.000,2,1,0,370.061,1.653,3,0,0.724,3,34.482,2591.244,1.000,0.426,0.972,0.493,1.432,0.040,0.127,0.873,0.790,0.700
1917,63.900,379.438,0.000,10.264,0.000,2,1,0,379.438,2.046,4,1,0.690,6,106.733,4250.447,1.000,0.426,0.940,0.399,1.800,0.037,0.091,0.909,0.896,0.750
1920,64.000,378.356,0.000,-0.996,0.000,2,1,0,378.356,2.693,4,0,0.690,6,59.775,5093.818,1.000,0.408,0.943,0.320,2.612,0.465,0.082,0.918,0.901,0.700
1923,64.100,376.449,442.387,-1.906,437.288,2,1,1,382.294,2.914,4,0,0.724,6,38.484,5233.585,1.000,0.399,2.532,0.315,5.904,0.475,0.093,0.907,0.941,0.700
1926,64.200,9.220,21.471,-367.230,-420.916,2,1,1,365.351,2.716,6,1,0.690,6,92.973,4297.499,1.000,0.389,2.707,0.323,4.355,0.171,0.126,0.874,0.814,0.750
1929,64.300,20.518,1.414,11.299,-20.057,2,1,1,381.012,2.456,6,0,0.690,6,91.395,3984.679,1.000,0.389,2.009,0.285,3.265,0.424,0.130,0.870,0.794,0.700
1932,64.400,24.597,11.402,4.078,9.988,2,1,1,403.317,2.259,6,0,0.724,6,270.276,4777.927,1.000,0.369,2.908,0.337,2.790,0.383,0.146,0.854,0.836,0.750
1935,64.500,9.220,2.236,-15.377,-9.166,2,1,1,400.910,1.952,3,1,0.690,4,258.521,4805.519,1.000,0.369,1.917,0.280,2.531,0.086,0.125,0.875,0.630,0.750
1938,64.600,4.472,4.123,-4.747,1.887,2,1,1,395.140,1.698,3,0,0.690,4,282.816,5748.270,1.000,0.358,2.129,0.285,2.228,0.096,0.135,0.865,0.608,0.750
1941,64.700,7.071,4.472,2.599,0.349,2,1,1,392.940,1.744,3,0,0.724,3,245.381,6438.844,1.000,0.358,1.511,0.214,1.980,0.303,0.123,0.877,0.612,0.750
1944,64.800,5.000,6.403,-2.071,1.931,2,1,1,398.898,1.795,3,0,0.724,3,292.551,7205.694,1.000,0.358,1.466,0.359,1.773,0.005,0.146,0.854,0.597,0.750
1947,64.900,5.000,2.236,0.000,-4.167,2,1,1,398.279,1.579,3,0,0.724,3,39.825,7509.275,1.000,0.347,1.802,0.377,1.734,0.306,0.128,0.872,0.596,0.700
1950,65.000,1.000,2.828,-4.000,0.592,2,1,1,396.168,1.473,2,1,0.724,2,39.825,7509.275,1.000,0.347,0.954,0.673,1.682,0.319,0.108,0.892,0.542,0.750
1953,65.100,5.657,3.606,4.657,0.777,2,1,1,394.928,1.607,3,1,0.690,3,88.363,8479.115,1.000,0.347,0.764,0.163,1.517,1.658,0.092,0.908,0.589,0.750
1956,65.200,13.892,7.071,8.236,3.466,2,1,1,381.262,1.910,3,0,0.690,4,79.429,8916.749,1.000,0.347,1.239,0.186,1.347,0.025,0.092,0.908,0.645,0.580
1959,65.300,0.000,360.340,0.000,-9.531,2,0,1,360.340,1.928,3,0,0.724,4,42.107,9196.970,1.000,0.347,2.873,0.335,1.179,0.628,0.124,0.876,0.848,0.500
1962,65.400,0.000,348.049,0.000,-2.672,2,0,1,348.049,2.357,3,0,0.724,4,89.051,8757.928,1.000,0.358,4.043,0.354,0.944,1.257,0.146,0.854,0.876,0.350
1965,65.500,312.832,0.000,255.057,0.000,2,1,0,312.832,0.831,3,0,0.724,4,243.584,9300.174,1.000,0.358,3.932,0.377,0.695,0.171,0.158,0.842,0.872,0.750
1968,65.600,312.570,0.000,7.767,0.000,2,1,0,312.570,1.516,3,0,0.759,4,224.357,9459.150,1.000,0.358,2.933,0.486,0.449,0.194,0.115,0.885,0.839,0.750
1971,65.700,0.000,0.000,0.000,0.000,0,0,0,0.000,0.000,3,0,0.759,0,224.357,9459.150,0.967,0.358,3.159,0.812,0.351,0.404,0.173,0.827,0.208,0.750
1974,65.800,0.000,15.811,0.000,-332.237,1,0,1,0.000,2.518,3,0,0.759,2,77.201,8836.830,0.967,0.360,4.172,0.678,0.272,1.074,0.190,0.810,0.581,0.650
1977,65.900,0.000,28.636,0.000,12.824,1,0,1,0.000,2.527,3,0,0.793,2,0.000,8333.419,0.967,0.371,5.980,0.606,0.045,1.164,0.217,0.783,0.702,0.580
1980,66.000,25.000,0.000,-287.570,0.000,1,1,0,0.000,1.487,3,0,0.793,2,0.000,7728.968,0.967,0.371,8.673,0.534,0.244,0.066,0.233,0.767,0.737,0.580
1983,66.100,0.000,0.000,0.000,0.000,0,0,0,0.000,0.000,3,0,0.793,0,0.000,7728.968,0.933,0.371,11.517,0.616,0.836,0.072,0.239,0.761,0.339,0.650
1986,66.200,0.000,0.000,0.000,0.000,0,0,0,0.000,0.000,3,0,0.828,0,0.000,7728.968,0.900,0.371,14.412,0.704,1.634,0.028,0.244,0.756,0.329,0.700
1989,66.300,0.000,0.000,0.000,0.000,0,0,0,0.000,0.000,3,0,0.828,0,0.000,7728.968,0.867,0.371,17.458,0.809,2.709,0.044,0.244,0.756,0.317,0.700
1992,66.400,0.000,0.000,0.000,0.000,0,0,0,0.000,0.000,3,0,0.828,0,0.000,7728.968,0.833,0.371,18.227,0.888,4.929,0.015,0.251,0.749,0.308,0.700
1995,66.500,0.000,0.000,0.000,0.000,0,0,0,0.000,0.000,3,0,0.828,0,0.000,7728.968,0.800,0.371,15.905,0.841,8.273,0.004,0.245,0.755,0.307,0.700
1998,66.600,0.000,0.000,0.000,0.000,0,0,0,0.000,0.000,4,1,0.793,0,0.000,7728.968,0.767,0.371,16.098,0.909,9.480,0.039,0.242,0.758,0.398,0.750
2001,66.700,0.000,0.000,0.000,0.000,0,0,0,0.000,0.000,4,0,0.793,0,0.000,7728.968,0.733,0.371,12.915,0.942,10.476,0.025,0.241,0.759,0.392,0.700
2004,66.800,0.000,0.000,0.000,0.000,0,0,0,0.000,0.000,4,0,0.828,0,0.000,7728.968,0.700,0.371,9.469,0.916,11.561,0.046,0.232,0.768,0.390,0.700
2007,66.900,0.000,67.000,0.000,38.364,1,0,1,0.000,2.382,4,0,0.828,3,0.000,6945.898,0.700,0.265,9.135,0.939,11.392,0.153,0.237,0.763,0.903,0.700
2010,67.000,0.000,0.000,0.000,0.000,0,0,0,0.000,0.000,4,0,0.828,0,0.000,6945.898,0.667,0.265,7.543,0.921,9.477,0.318,0.240,0.760,0.374,0.700
2013,67.100,0.000,0.000,0.000,0.000,0,0,0,0.000,0.000,4,0,0.862,0,0.000,6945.898,0.633,0.265,5.254,0.910,8.755,0.154,0.230,0.770,0.314,0.700
2016,67.200,0.000,0.000,0.000,0.000,0,0,0,0.000,0.000,4,0,0.862,0,0.000,6945.898,0.600,0.265,3.984,0.936,8.753,0.097,0.218,0.782,0.276,0.700
2019,67.300,0.000,0.000,0.000,0.000,0,0,0,0.000,0.000,4,0,0.862,0,0.000,6945.898,0.567,0.265,3.798,0.945,8.585,1.269,0.208,0.792,0.267,0.700
2022,67.400,0.000,0.000,0.000,0.000,0,0,0,0.000,0.000,4,0,0.897,0,0.000,6945.898,0.533,0.265,7.596,0.972,7.588,0.462,0.228,0.772,0.356,0.700
2025,67.500,0.000,0.000,0.000,0.000,0,0,0,0.000,0.000,4,0,0.897,0,0.000,6945.898,0.500,0.265,9.236,0.963,5.806,0.126,0.231,0.769,0.363,0.700
2028,67.600,0.000,0.000,0.000,0.000,0,0,0,0.000,0.000,4,0,0.897,0,0.000,6945.898,0.467,0.265,10.404,0.850,3.789,0.035,0.238,0.762,0.367,0.700
2031,67.700,0.000,407.185,0.000,340.185,1,0,1,0.000,2.184,4,0,0.897,2,0.000,6945.898,0.467,0.269,14.557,0.850,2.423,0.046,0.243,0.757,0.836,0.700
2034,67.800,238.321,0.000,213.321,0.000,1,1,0,0.000,1.526,3,1,0.862,2,0.000,6945.898,0.467,0.269,16.904,0.798,1.601,0.046,0.241,0.759,0.770,0.750
2037,67.900,0.000,549.329,0.000,142.143,1,0,1,0.000,2.472,3,0,0.897,2,0.000,4752.945,0.467,0.275,13.144,0.240,1.036,2.893,0.282,0.718,0.809,0.550
2040,68.000,75.928,0.000,-162.394,0.000,1,1,0,0.000,1.621,3,0,0.931,2,0.000,2121.554,0.467,0.281,5.259,0.807,0.644,2.319,0.166,0.834,0.701,0.550
2043,68.100,24.515,0.000,-51.412,0.000,1,1,0,0.000,1.672,4,1,0.897,3,0.000,2092.465,0.467,0.281,4.301,0.744,0.335,0.056,0.155,0.845,0.683,0.750
2046,68.200,17.804,0.000,-6.711,0.000,1,1,0,0.000,1.548,4,0,0.897,3,0.000,2035.368,0.467,0.281,4.812,0.607,0.032,0.005,0.160,0.840,0.668,0.580
2049,68.300,35.903,0.000,18.098,0.000,1,1,0,0.000,1.732,4,0,0.897,3,0.000,1571.799,0.467,0.281,6.042,0.565,0.196,0.058,0.170,0.830,0.802,0.580
2052,68.400,73.926,0.000,38.023,0.000,1,1,0,0.000,1.379,3,1,0.862,2,0.000,1571.799,0.467,0.287,5.950,0.809,0.329,0.164,0.187,0.813,0.718,0.750
2055,68.500,0.000,229.513,0.000,-319.816,1,0,1,0.000,2.250,3,0,0.862,2,0.000,1571.799,0.467,0.287,6.120,0.820,0.448,0.463,0.195,0.805,0.722,0.500
2058,68.600,0.000,0.000,0.000,0.000,0,0,0,0.000,0.000,3,0,0.862,0,0.000,1571.799,0.433,0.287,10.908,0.808,0.535,0.610,0.216,0.784,0.265,0.650
2061,68.700,0.000,0.000,0.000,0.000,0,0,0,0.000,0.000,4,1,0.828,0,0.000,1571.799,0.433,0.287,17.494,0.777,0.511,0.126,0.226,0.774,0.368,0.750
2064,68.800,0.000,0.000,0.000,0.000,0,0,0,0.000,0.000,4,0,0.828,0,0.000,1571.799,0.400,0.287,17.648,0.805,0.341,0.114,0.226,0.774,0.362,0.580
2067,68.900,0.000,0.000,0.000,0.000,0,0,0,0.000,0.000,4,0,0.828,0,0.000,1571.799,0.367,0.287,13.398,0.859,0.140,0.053,0.222,0.778,0.354,0.580
2070,69.000,0.000,678.708,0.000,449.196,1,0,1,0.000,2.110,3,1,0.793,1,0.000,1571.799,0.367,0.300,11.824,0.759,0.083,0.070,0.220,0.780,0.701,0.750
2073,69.100,0.000,16.971,0.000,-661.738,1,0,1,0.000,1.995,3,0,0.793,1,0.000,1571.799,0.400,0.300,7.803,0.386,0.054,1.383,0.204,0.796,0.570,0.580
2076,69.200,0.000,10.296,0.000,-6.675,1,0,1,0.000,1.923,3,0,0.793,1,0.000,1571.799,0.433,0.306,7.251,0.480,0.075,0.295,0.207,0.793,0.517,0.580
2079,69.300,0.000,15.297,0.000,5.001,1,0,1,0.000,1.765,3,0,0.793,1,0.000,1571.799,0.467,0.311,6.255,0.360,0.182,1.222,0.199,0.801,0.532,0.580
2082,69.400,0.000,8.944,0.000,-6.353,1,0,1,0.000,1.576,3,0,0.793,1,0.000,1571.799,0.500,0.311,6.380,0.381,0.330,0.450,0.198,0.802,0.503,0.580
2085,69.500,0.000,5.000,0.000,-3.944,1,0,1,0.000,1.428,3,0,0.828,1,0.000,1571.799,0.533,0.316,7.763,0.573,0.387,0.293,0.200,0.800,0.506,0.580
2088,69.600,0.000,22.361,0.000,17.361,1,0,1,0.000,1.151,3,0,0.828,1,0.000,1571.799,0.567,0.316,9.199,0.785,0.183,0.464,0.208,0.792,0.597,0.580
2091,69.700,717.903,0.000,643.978,0.000,1,1,0,0.000,1.311,3,0,0.828,1,0.000,1571.799,0.600,0.321,9.711,0.703,0.090,0.198,0.229,0.771,0.733,0.500
2094,69.800,0.000,0.000,0.000,0.000,0,0,0,0.000,0.000,3,0,0.828,0,0.000,1571.799,0.600,0.321,9.137,0.262,0.312,0.113,0.237,0.763,0.324,0.650
2097,69.900,0.000,0.000,0.000,0.000,0,0,0,0.000,0.000,3,0,0.828,0,0.000,1571.799,0.567,0.321,8.757,0.672,0.420,0.142,0.240,0.760,0.291,0.580
2100,70.000,0.000,384.427,0.000,362.066,1,0,1,0.000,1.328,3,0,0.828,2,0.000,950.000,0.600,0.327,10.514,0.871,0.518,0.971,0.250,0.750,0.781,0.650
2103,70.100,0.000,13.454,0.000,-370.973,1,0,1,0.000,1.402,3,0,0.828,2,0.000,1274.485,0.633,0.332,12.905,0.766,0.611,0.407,0.248,0.752,0.617,0.580
2106,70.200,0.000,35.384,0.000,21.930,1,0,1,0.000,1.138,3,0,0.828,2,0.000,1904.305,0.667,0.332,13.471,0.824,0.550,0.088,0.231,0.769,0.739,0.580
2109,70.300,0.000,44.822,0.000,9.438,1,0,1,0.000,0.916,3,0,0.828,2,0.000,1771.625,0.700,0.337,10.944,0.641,0.232,0.150,0.207,0.793,0.808,0.580
2112,70.400,0.000,27.785,0.000,-17.037,1,0,1,0.000,0.846,3,0,0.828,2,0.000,1789.710,0.733,0.337,8.541,0.521,0.072,0.324,0.187,0.813,0.726,0.580
2115,70.500,0.000,18.358,0.000,-9.427,1,0,1,0.000,1.011,4,1,0.793,3,0.000,1749.910,0.767,0.342,8.606,0.568,0.223,0.676,0.160,0.840,0.789,0.750
2118,70.600,0.000,4.123,0.000,-14.234,1,0,1,0.000,1.022,4,0,0.793,3,0.000,1747.165,0.800,0.342,5.855,0.060,0.305,0.510,0.144,0.856,0.696,0.580
2121,70.700,282.113,0.000,-435.790,0.000,1,1,0,0.000,1.643,4,0,0.828,3,0.000,1904.785,0.800,0.342,4.526,0.393,0.292,0.580,0.130,0.870,0.867,0.500
2124,70.800,9.220,48.826,-272.894,44.703,2,1,1,38.949,1.695,3,1,0.793,4,0.000,1946.125,0.800,0.339,9.167,0.574,0.232,0.556,0.140,0.860,0.936,0.750
2127,70.900,0.000,44.418,0.000,-4.408,1,0,1,0.000,1.313,3,0,0.793,2,0.000,2060.385,0.800,0.339,6.761,0.484,0.042,1.969,0.138,0.862,0.798,0.650
2130,71.000,0.000,21.401,0.000,-23.018,1,0,1,0.000,1.185,3,0,0.828,2,0.000,2873.590,0.800,0.339,9.279,0.729,0.069,0.127,0.156,0.844,0.684,0.580
2133,71.100,0.000,20.518,0.000,-0.883,1,0,1,0.000,1.185,3,0,0.828,2,0.000,3122.950,0.800,0.360,11.099,0.814,0.054,0.133,0.164,0.836,0.673,0.580
2136,71.200,0.000,3.162,0.000,-17.356,1,0,1,0.000,1.319,3,0,0.828,2,0.000,3536.445,0.800,0.418,9.996,0.696,0.007,0.420,0.161,0.839,0.585,0.580
2139,71.300,56.009,0.000,46.789,0.000,1,1,0,0.000,1.669,3,0,0.862,2,0.000,3653.425,0.800,0.418,9.059,0.533,0.073,0.233,0.177,0.823,0.829,0.500
2142,71.400,0.000,0.000,0.000,0.000,0,0,0,0.000,0.000,5,1,0.828,0,0.000,3653.425,0.767,0.418,8.320,0.354,0.132,2.535,0.208,0.792,0.437,0.750
2145,71.500,0.000,0.000,0.000,0.000,0,0,0,0.000,0.000,5,0,0.828,0,0.000,3653.425,0.733,0.418,8.649,0.446,0.197,0.659,0.224,0.776,0.427,0.580
2148,71.600,0.000,371.467,0.000,368.305,1,0,1,0.000,1.525,5,0,0.862,3,0.000,3653.425,0.767,0.416,11.287,0.523,0.327,1.254,0.247,0.753,0.913,0.650
2151,71.700,361.487,0.000,305.478,0.000,1,1,0,0.000,1.886,4,0,0.862,3,0.000,3653.425,0.800,0.409,8.729,0.682,0.391,0.651,0.229,0.771,0.933,0.500
2154,71.800,0.000,0.000,0.000,0.000,0,0,0,0.000,0.000,4,0,0.862,0,0.000,3653.425,0.800,0.409,7.865,0.323,0.460,3.013,0.214,0.786,0.440,0.650
2157,71.900,0.000,0.000,0.000,0.000,0,0,0,0.000,0.000,4,0,0.897,0,0.000,3653.425,0.800,0.409,4.884,0.546,0.499,3.120,0.198,0.802,0.350,0.580
2160,72.000,0.000,0.000,0.000,0.000,0,0,0,0.000,0.000,3,1,0.862,0,0.000,3653.425,0.767,0.409,4.353,0.296,0.511,1.686,0.179,0.821,0.250,0.750
2163,72.100,0.000,0.000,0.000,0.000,0,0,0,0.000,0.000,3,0,0.862,0,0.000,3653.425,0.733,0.409,6.142,0.377,0.569,2.288,0.167,0.833,0.285,0.580
2166,72.200,0.000,0.000,0.000,0.000,0,0,0,0.000,0.000,3,0,0.862,0,0.000,3653.425,0.700,0.409,4.191,0.807,0.464,1.398,0.169,0.831,0.202,0.580
2169,72.300,692.261,0.000,330.774,0.000,1,1,0,0.000,2.159,4,1,0.828,3,232.998,4325.077,0.700,0.382,8.692,0.862,0.352,0.762,0.172,0.828,0.909,0.750
2172,72.400,20.518,0.000,-671.743,0.000,1,1,0,0.000,2.236,4,0,0.828,3,37.696,5084.774,0.700,0.382,9.247,0.617,0.465,0.002,0.182,0.818,0.790,0.580
2175,72.500,23.854,0.000,3.335,0.000,1,1,0,0.000,2.229,4,0,0.828,3,67.067,5586.574,0.700,0.382,6.876,0.658,0.409,0.101,0.167,0.833,0.777,0.580
2178,72.600,16.031,0.000,-7.823,0.000,1,1,0,0.000,2.025,4,0,0.828,3,42.802,5711.519,0.700,0.382,8.510,0.865,0.529,0.281,0.161,0.839,0.747,0.580
2181,72.700,13.928,0.000,-2.103,0.000,1,1,0,0.000,1.696,4,0,0.828,3,80.654,6002.340,0.700,0.378,6.426,0.796,0.647,0.092,0.158,0.842,0.701,0.580
2184,72.800,0.000,0.000,0.000,0.000,0,0,0,0.000,0.000,4,0,0.828,0,80.654,6002.340,0.700,0.378,8.073,0.884,0.756,0.280,0.164,0.836,0.392,0.650
2187,72.900,54.424,0.000,40.496,0.000,1,1,0,0.000,1.614,4,0,0.828,3,0.000,6133.438,0.733,0.367,6.899,0.681,0.782,0.128,0.155,0.845,0.898,0.650
2190,73.000,14.765,110.209,-39.659,-261.258,2,1,1,595.464,1.534,4,0,0.828,6,0.000,4906.510,0.733,0.342,4.972,0.878,0.807,0.135,0.114,0.886,0.931,0.650
2193,73.100,7.211,35.468,-7.554,-74.741,2,1,1,620.301,1.667,4,0,0.828,6,0.000,3431.994,0.733,0.326,3.573,0.830,0.866,0.440,0.117,0.883,0.846,0.580
2196,73.200,4.243,17.000,-2.968,-18.468,2,1,1,628.681,1.347,3,1,0.793,4,0.000,2431.538,0.733,0.318,6.552,0.888,1.112,0.306,0.162,0.838,0.714,0.750
2199,73.300,8.062,17.029,3.820,0.029,2,1,1,641.639,0.990,3,0,0.793,4,0.000,1888.458,0.733,0.318,6.606,0.853,1.234,0.123,0.162,0.838,0.718,0.580
2202,73.400,16.279,17.029,8.217,0.000,2,1,1,654.058,0.807,3,0,0.828,4,0.000,1613.024,0.733,0.318,7.114,0.864,1.229,0.222,0.166,0.834,0.730,0.580
2205,73.500,30.806,12.207,14.527,-4.823,2,1,1,635.006,0.853,4,1,0.793,6,0.000,1636.177,0.733,0.302,6.729,0.841,0.886,0.502,0.169,0.831,0.899,0.750
2208,73.600,6.708,10.050,-24.098,-2.157,2,1,1,626.331,0.944,4,0,0.793,6,0.000,1037.514,0.733,0.279,4.465,0.808,0.590,0.188,0.157,0.843,0.729,0.580
2211,73.700,635.152,0.000,622.986,0.000,2,1,0,635.152,0.781,4,0,0.828,6,0.000,830.604,0.733,0.339,5.328,0.842,0.656,0.045,0.179,0.821,0.942,0.500
2214,73.800,630.448,25.710,-4.704,15.660,2,1,1,615.833,1.162,4,0,0.828,6,0.000,264.744,0.733,0.327,4.131,0.809,0.600,0.589,0.168,0.832,0.915,0.500
2217,73.900,18.000,11.705,-612.448,-14.005,2,1,1,613.682,1.223,4,0,0.828,6,0.000,272.838,0.733,0.315,5.263,0.739,0.729,0.342,0.166,0.834,0.798,0.580
2220,74.000,5.385,13.601,-12.615,1.897,2,1,1,624.225,1.157,4,0,0.828,5,0.000,267.309,0.733,0.324,2.479,0.696,0.928,0.322,0.118,0.882,0.707,0.580
2223,74.100,7.280,26.683,1.895,13.082,2,1,1,646.022,1.232,4,0,0.828,5,0.000,64.999,0.733,0.324,2.929,0.752,0.990,0.819,0.130,0.870,0.787,0.580
2226,74.200,10.050,6.403,2.770,-20.280,2,1,1,642.385,1.088,4,0,0.828,5,0.000,54.878,0.733,0.324,2.443,0.491,1.167,0.458,0.123,0.877,0.701,0.580
2229,74.300,5.099,36.401,-4.951,29.997,2,1,1,613.932,1.218,4,0,0.862,5,0.000,41.599,0.733,0.324,3.871,0.861,1.221,0.792,0.144,0.856,0.857,0.450
2232,74.400,7.211,0.000,2.112,0.000,1,1,0,0.000,1.248,4,0,0.862,3,0.000,21.994,0.767,0.324,2.945,0.499,1.355,2.325,0.139,0.861,0.606,0.650
2235,74.500,3.162,0.000,-4.049,0.000,1,1,0,0.000,1.469,4,0,0.862,3,0.000,8.314,0.800,0.324,4.027,0.768,1.450,2.051,0.175,0.825,0.595,0.700
2238,74.600,12.207,0.000,9.044,0.000,1,1,0,0.000,1.193,4,0,0.862,3,0.000,13.950,0.800,0.336,4.028,0.922,1.315,0.491,0.174,0.826,0.635,0.580
2241,74.700,8.602,0.000,-3.604,0.000,1,1,0,0.000,0.961,4,0,0.862,3,0.000,18.487,0.800,0.336,4.955,0.792,1.122,0.208,0.160,0.840,0.647,0.580
2244,74.800,0.000,0.000,0.000,0.000,0,0,0,0.000,0.000,4,0,0.862,0,0.000,18.487,0.800,0.336,12.634,0.362,1.157,0.852,0.426,0.574,0.441,0.676
2247,74.900,0.000,0.000,0.000,0.000,0,0,0,0.000,0.000,4,0,0.897,0,0.000,18.487,0.800,0.336,5.154,0.687,0.896,1.760,0.252,0.748,0.347,0.580
2250,75.000,0.000,0.000,0.000,0.000,0,0,0,0.000,0.000,5,1,0.862,0,0.000,18.487,0.800,0.336,5.209,0.693,1.089,0.030,0.245,0.755,0.348,0.750
2253,75.100,0.000,0.000,0.000,0.000,0,0,0,0.000,0.000,5,0,0.862,0,0.000,18.487,0.800,0.336,5.755,0.732,1.335,0.380,0.251,0.749,0.359,0.580
2256,75.200,0.000,0.000,0.000,0.000,0,0,0,0.000,0.000,5,0,0.897,0,0.000,18.487,0.800,0.336,5.308,0.860,1.136,0.085,0.258,0.742,0.338,0.580
2259,75.300,0.000,0.000,0.000,0.000,0,0,0,0.000,0.000,4,1,0.862,0,0.000,18.487,0.767,0.336,7.035,0.908,1.252,0.317,0.266,0.734,0.374,0.750
2262,75.400,0.000,0.000,0.000,0.000,0,0,0,0.000,0.000,4,0,0.862,0,0.000,18.487,0.733,0.336,6.685,0.890,0.916,0.023,0.267,0.733,0.363,0.580
2265,75.500,0.000,0.000,0.000,0.000,0,0,0,0.000,0.000,4,0,0.862,0,0.000,18.487,0.700,0.336,6.369,0.798,0.778,0.152,0.265,0.735,0.357,0.580
2268,75.600,0.000,0.000,0.000,0.000,0,0,0,0.000,0.000,4,0,0.862,0,0.000,18.487,0.667,0.336,6.190,0.810,0.319,0.105,0.267,0.733,0.348,0.580
2271,75.700,0.000,0.000,0.000,0.000,0,0,0,0.000,0.000,4,0,0.862,0,0.000,18.487,0.633,0.336,5.166,0.738,0.044,0.326,0.262,0.738,0.323,0.580
2274,75.800,0.000,0.000,0.000,0.000,0,0,0,0.000,0.000,4,0,0.862,0,0.000,18.487,0.633,0.336,4.686,0.912,0.298,0.091,0.259,0.741,0.299,0.580
2277,75.900,0.000,0.000,0.000,0.000,0,0,0,0.000,0.000,4,0,0.862,0,0.000,18.487,0.600,0.336,4.863,0.830,0.539,0.277,0.256,0.744,0.305,0.580
2280,76.000,0.000,0.000,0.000,0.000,0,0,0,0.000,0.000,4,0,0.862,0,0.000,18.487,0.567,0.336,5.024,0.796,0.800,0.273,0.269,0.731,0.308,0.580
2283,76.100,0.000,0.000,0.000,0.000,0,0,0,0.000,0.000,4,0,0.897,0,0.000,18.487,0.533,0.336,3.749,0.851,0.881,0.209,0.250,0.750,0.268,0.580
2286,76.200,0.000,0.000,0.000,0.000,0,0,0,0.000,0.000,4,0,0.897,0,0.000,18.487,0.500,0.336,2.908,0.920,0.858,0.525,0.218,0.782,0.238,0.580
2289,76.300,0.000,0.000,0.000,0.000,0,0,0,0.000,0.000,4,0,0.897,0,0.000,18.487,0.467,0.336,2.798,0.836,0.888,1.351,0.187,0.813,0.237,0.580
2292,76.400,0.000,0.000,0.000,0.000,0,0,0,0.000,0.000,4,0,0.931,0,0.000,18.487,0.433,0.336,2.393,0.423,0.096,2.836,0.172,0.828,0.252,0.580
2295,76.500,0.000,0.000,0.000,0.000,0,0,0,0.000,0.000,4,0,0.931,0,0.000,18.487,0.400,0.336,1.893,0.724,0.077,0.090,0.143,0.857,0.215,0.580
2298,76.600,0.000,0.000,0.000,0.000,0,0,0,0.000,0.000,4,0,0.931,0,0.000,18.487,0.367,0.336,1.874,0.842,0.027,0.076,0.169,0.831,0.202,0.580
2301,76.700,0.000,329.607,0.000,159.055,2,0,1,329.607,0.718,4,0,0.931,6,19.698,26.217,0.367,0.169,12.455,0.092,0.119,0.686,0.309,0.691,1.000,0.650
2304,76.800,204.707,331.549,196.105,1.942,2,1,1,330.092,1.259,4,0,0.931,3,43.932,72.720,0.367,0.173,3.218,0.940,0.084,0.264,0.158,0.842,0.794,0.500
2307,76.900,5.657,6.708,-199.050,-324.841,2,1,1,332.277,1.203,4,0,0.931,3,109.343,325.808,0.367,0.173,2.541,0.923,0.104,0.135,0.139,0.861,0.565,0.607
2310,77.000,3.162,2.236,-2.495,-4.472,2,1,1,331.308,1.214,3,1,0.897,2,4.123,328.314,0.367,0.178,1.502,0.846,0.253,0.160,0.110,0.890,0.510,0.750
2313,77.100,4.123,2.236,0.961,0.000,2,1,1,329.371,1.064,3,0,0.897,2,3.000,329.074,0.367,0.178,0.966,0.667,0.507,0.508,0.090,0.910,0.514,0.580
2316,77.200,2.236,1.414,-1.887,-0.822,2,1,1,330.578,1.202,3,0,0.897,2,2.236,332.175,0.367,0.182,0.724,0.339,0.770,0.285,0.078,0.922,0.521,0.580
2319,77.300,2.000,4.123,-0.236,2.709,2,1,1,329.134,1.177,3,0,0.897,2,3.162,333.529,0.367,0.187,1.047,0.887,1.044,2.479,0.103,0.897,0.501,0.580
2322,77.400,5.831,2.000,3.831,-2.123,2,1,1,332.760,1.128,4,1,0.862,4,80.131,956.344,0.367,0.187,0.997,0.886,1.203,0.181,0.099,0.901,0.569,0.750
2325,77.500,2.236,1.000,-3.595,-1.000,2,1,1,333.246,1.136,3,1,0.828,2,4.472,955.438,0.367,0.191,0.396,0.859,1.466,0.002,0.050,0.950,0.476,0.750
2328,77.600,1.000,1.000,-1.236,0.000,2,1,1,331.308,1.045,3,0,0.828,2,2.000,947.197,0.367,0.191,0.359,0.798,1.693,2.402,0.051,0.949,0.473,0.700
2331,77.700,0.000,5.000,-1.000,4.000,2,1,1,332.581,1.164,4,1,0.793,4,83.648,1390.265,0.367,0.195,0.922,0.768,1.782,1.388,0.088,0.912,0.571,0.750
2334,77.800,21.260,5.000,21.260,0.000,2,1,1,346.221,1.281,4,0,0.793,4,72.236,1729.359,0.400,0.195,2.490,0.885,1.671,0.811,0.138,0.862,0.696,0.700
2337,77.900,12.728,3.162,-8.532,-1.838,2,1,1,353.657,1.279,4,0,0.828,3,124.197,2025.257,0.433,0.195,0.856,0.385,2.390,0.801,0.074,0.926,0.602,0.700
2340,78.000,5.385,1.414,-7.343,-1.748,2,1,1,357.771,1.094,4,0,0.828,4,64.257,1990.014,0.467,0.195,1.525,0.969,2.021,2.605,0.131,0.869,0.586,0.700
2343,78.100,7.071,5.385,1.686,3.971,2,1,1,357.151,0.965,4,0,0.828,4,136.242,2167.450,0.500,0.200,2.235,0.927,1.650,0.547,0.140,0.860,0.620,0.750
2346,78.200,9.000,3.162,1.929,-2.223,2,1,1,355.781,1.043,4,0,0.862,4,73.355,2125.968,0.533,0.195,1.923,0.953,1.364,0.216,0.138,0.862,0.625,0.580
2349,78.300,24.021,2.000,15.021,-1.162,2,1,1,360.573,0.887,4,0,0.862,4,72.670,2216.544,0.567,0.195,1.396,0.849,1.333,0.239,0.092,0.908,0.707,0.000
2352,78.400,21.213,5.000,-2.808,3.000,2,1,1,343.465,1.083,4,0,0.862,4,83.385,2201.488,0.600,0.195,1.415,0.582,1.298,2.313,0.101,0.899,0.714,0.550
2355,78.500,9.055,2.000,-12.158,-3.000,2,1,1,341.786,1.279,4,0,0.862,4,64.070,2242.858,0.633,0.399,1.184,0.420,1.223,1.913,0.084,0.916,0.657,0.580
2358,78.600,10.198,6.000,1.143,4.000,2,1,1,336.574,1.199,4,0,0.862,4,58.421,1848.934,0.667,0.399,1.388,0.881,1.089,1.737,0.101,0.899,0.640,0.580
2361,78.700,3.606,3.162,-6.592,-2.838,2,1,1,334.426,0.995,4,0,0.862,3,111.086,1963.967,0.700,0.399,1.989,0.938,0.930,0.137,0.130,0.870,0.573,0.617
2364,78.800,37.054,2.236,33.448,-0.926,2,1,1,342.615,1.123,4,0,0.862,4,65.924,1848.427,0.733,0.389,1.311,0.658,0.767,0.481,0.103,0.897,0.811,0.450
2367,78.900,25.298,3.000,-11.756,0.764,2,1,1,360.624,1.211,4,0,0.862,4,47.381,1720.358,0.767,0.379,1.561,0.915,0.662,1.653,0.104,0.896,0.738,0.550
2370,79.000,5.385,8.944,-19.913,5.944,2,1,1,354.318,1.357,4,0,0.862,4,101.119,1608.114,0.800,0.379,1.871,0.895,0.553,0.358,0.126,0.874,0.660,0.562
2373,79.100,15.811,5.099,10.426,-3.845,2,1,1,345.162,1.350,4,0,0.862,4,10.817,1621.000,0.833,0.369,1.540,0.874,0.406,2.605,0.107,0.893,0.695,0.550
2376,79.200,24.352,7.071,8.540,1.972,2,1,1,368.109,1.539,4,0,0.862,4,142.046,1625.999,0.867,0.369,2.883,0.845,0.293,1.787,0.124,0.876,0.782,0.750
2379,79.300,0.000,29.833,0.000,22.762,1,0,1,0.000,1.194,4,0,0.862,2,159.214,1785.740,0.900,0.369,3.894,0.583,0.199,2.046,0.134,0.866,0.720,0.750
2382,79.400,0.000,50.249,0.000,20.417,1,0,1,0.000,1.236,4,0,0.862,2,160.100,2108.134,0.933,0.379,5.414,0.662,0.159,1.749,0.132,0.868,0.841,0.750
2385,79.500,0.000,57.079,0.000,6.830,1,0,1,0.000,1.215,4,0,0.862,2,150.546,2477.300,0.967,0.379,6.490,0.646,0.017,0.072,0.125,0.875,0.873,0.750
2388,79.600,0.000,38.601,0.000,-18.478,1,0,1,0.000,0.950,4,0,0.862,2,40.497,2445.654,1.000,0.389,6.572,0.685,0.107,0.147,0.135,0.865,0.841,0.350
2391,79.700,0.000,20.025,0.000,-18.576,1,0,1,0.000,0.854,4,0,0.862,2,27.785,2037.684,1.000,0.389,6.078,0.811,0.199,0.188,0.160,0.840,0.716,0.000
2394,79.800,380.911,0.000,356.559,0.000,1,1,0,0.000,1.435,4,0,0.862,2,74.404,2265.939,1.000,0.399,4.662,0.579,1.873,0.135,0.143,0.857,0.836,0.700
2397,79.900,0.000,363.595,0.000,246.770,2,0,1,363.595,1.001,4,0,0.897,3,130.231,2388.345,1.000,0.399,2.271,0.242,2.779,0.018,0.132,0.868,0.895,0.724
2400,80.000,299.282,0.000,-81.628,0.000,1,1,0,0.000,1.761,4,0,0.897,2,110.223,2976.580,1.000,0.399,2.126,0.615,3.374,2.975,0.141,0.859,0.770,0.700
2403,80.100,6.000,0.000,-293.282,0.000,1,1,0,0.000,1.717,4,0,0.897,1,110.223,2976.580,1.000,0.408,2.885,0.931,3.535,0.597,0.173,0.827,0.505,0.700
2406,80.200,7.211,0.000,1.211,0.000,1,1,0,0.000,1.871,4,0,0.897,2,109.179,3347.084,1.000,0.417,2.556,0.952,3.675,0.409,0.165,0.835,0.547,0.700
2409,80.300,0.000,0.000,0.000,0.000,0,0,0,0.000,0.000,4,0,0.931,0,109.179,3347.084,0.967,0.417,3.251,0.934,3.548,0.954,0.186,0.814,0.302,0.700
2412,80.400,0.000,0.000,0.000,0.000,0,0,0,0.000,0.000,4,0,0.966,0,109.179,3347.084,0.933,0.417,3.906,0.956,3.766,0.336,0.190,0.810,0.313,0.700
2415,80.500,0.000,0.000,0.000,0.000,0,0,0,0.000,0.000,4,0,0.966,0,109.179,3347.084,0.900,0.417,17.026,0.650,4.007,0.558,0.236,0.764,0.433,0.700
2418,80.600,0.000,0.000,0.000,0.000,0,0,0,0.000,0.000,4,0,1.000,0,109.179,3347.084,0.867,0.417,4.435,0.189,6.119,0.881,0.129,0.871,0.372,0.700
2421,80.700,0.000,0.000,0.000,0.000,0,0,0,0.000,0.000,4,0,1.000,0,109.179,3347.084,0.833,0.417,6.700,0.432,7.687,0.104,0.135,0.865,0.407,0.700
2424,80.800,0.000,0.000,0.000,0.000,0,0,0,0.000,0.000,4,0,1.000,0,109.179,3347.084,0.800,0.417,6.366,0.326,6.847,0.980,0.127,0.873,0.402,0.700
2427,80.900,0.000,0.000,0.000,0.000,0,0,0,0.000,0.000,4,0,1.000,0,109.179,3347.084,0.767,0.417,4.719,0.333,4.910,0.235,0.113,0.887,0.357,0.700
2430,81.000,191.262,0.000,184.050,0.000,1,1,0,0.000,2.078,3,1,0.966,2,0.000,4555.215,0.767,0.295,6.691,0.365,2.889,0.663,0.150,0.850,0.804,0.750
2433,81.100,36.139,0.000,-155.123,0.000,1,1,0,0.000,2.090,3,0,0.966,2,0.000,5087.824,0.767,0.302,4.113,0.456,1.881,0.189,0.104,0.896,0.684,0.700
2436,81.200,9.220,0.000,-26.919,0.000,1,1,0,0.000,2.182,3,0,0.966,2,0.000,5499.550,0.767,0.302,4.972,0.711,1.324,2.980,0.129,0.871,0.538,0.580
2439,81.300,4.243,0.000,-4.977,0.000,1,1,0,0.000,2.029,4,1,0.931,3,0.000,5600.194,0.767,0.302,3.556,0.748,1.044,0.862,0.109,0.891,0.587,0.750
2442,81.400,525.214,0.000,524.214,0.000,2,1,0,525.214,1.727,4,0,0.931,5,1.000,5438.738,0.767,0.302,3.128,0.841,0.904,0.547,0.119,0.881,0.891,0.650
2445,81.500,526.308,471.058,1.094,107.464,2,1,1,490.601,1.917,4,0,0.931,6,232.039,5688.379,0.767,0.295,4.414,0.848,0.923,0.188,0.133,0.867,0.923,0.750
2448,81.600,3.606,8.602,-522.702,-462.456,2,1,1,499.418,1.832,3,1,0.897,4,0.000,5202.775,0.767,0.295,2.815,0.863,0.995,0.115,0.117,0.883,0.580,0.750
2451,81.700,5.831,13.454,2.225,4.851,2,1,1,503.989,1.719,3,0,0.897,4,238.757,5938.664,0.767,0.295,3.614,0.794,0.974,2.173,0.126,0.874,0.632,0.750
2454,81.800,3.162,22.472,-2.669,9.019,2,1,1,485.644,1.511,3,0,0.897,4,223.143,5832.375,0.767,0.295,2.735,0.773,1.005,1.163,0.099,0.901,0.661,0.750
2457,81.900,0.000,26.926,-3.162,4.454,2,1,1,460.245,1.498,4,1,0.862,6,0.000,4354.264,0.767,0.295,2.160,0.297,0.963,1.377,0.072,0.928,0.805,0.750
2460,82.000,1.414,25.632,1.414,-1.294,2,1,1,438.208,1.580,4,0,0.862,6,0.000,4834.430,0.767,0.279,2.264,0.685,0.849,0.004,0.083,0.917,0.773,0.350
2463,82.100,1.414,15.811,0.000,-9.821,2,1,1,423.001,1.449,4,0,0.862,5,0.000,5059.330,0.767,0.272,1.440,0.747,0.163,0.031,0.077,0.923,0.694,0.580
2466,82.200,1.000,8.062,-0.414,-7.749,2,1,1,416.646,1.207,3,1,0.828,3,179.025,5036.108,0.767,0.264,1.277,0.796,0.279,0.126,0.077,0.923,0.543,0.750
2469,82.300,2.000,5.385,1.000,-2.677,2,1,1,417.910,0.765,3,0,0.828,2,178.466,5045.059,0.767,0.272,0.603,0.595,0.456,0.051,0.053,0.947,0.465,0.750
2472,82.400,1.000,6.000,-1.000,0.615,2,1,1,413.853,1.067,3,0,0.828,4,241.139,5140.044,0.767,0.255,1.208,0.896,0.614,2.937,0.082,0.918,0.523,0.750
2475,82.500,4.000,6.325,3.000,0.325,2,1,1,420.840,1.209,3,0,0.828,4,257.163,5470.615,0.767,0.358,2.616,0.810,0.666,0.048,0.112,0.888,0.566,0.750
2478,82.600,9.899,36.401,5.899,30.076,2,1,1,458.263,1.145,3,0,0.828,4,226.632,5388.344,0.767,0.347,2.620,0.356,0.747,1.773,0.077,0.923,0.765,0.750
2481,82.700,43.174,0.000,33.275,0.000,1,1,0,0.000,0.752,3,0,0.828,2,267.320,5668.579,0.767,0.358,3.521,0.531,0.729,0.860,0.092,0.908,0.703,0.750
2484,82.800,33.971,231.262,-9.203,194.861,2,1,1,669.604,1.163,3,0,0.828,3,267.320,5668.579,0.767,0.358,3.078,0.410,0.737,0.726,0.099,0.901,0.820,0.750
2487,82.900,12.042,0.000,-21.929,0.000,1,1,0,0.000,0.836,3,0,0.828,2,267.320,5668.579,0.767,0.369,3.242,0.795,0.721,1.400,0.117,0.883,0.504,0.750
2490,83.000,18.868,0.000,6.826,0.000,1,1,0,0.000,1.071,3,0,0.828,2,267.320,5668.579,0.767,0.369,3.221,0.764,0.743,0.509,0.113,0.887,0.544,0.750
2493,83.100,2.236,0.000,-16.632,0.000,1,1,0,0.000,1.198,4,1,0.793,3,267.320,5668.579,0.767,0.379,2.365,0.347,0.830,0.662,0.105,0.895,0.574,0.750
2496,83.200,18.028,0.000,15.792,0.000,1,1,0,0.000,0.937,4,0,0.793,3,267.320,5668.579,0.767,0.379,3.904,0.600,0.837,3.090,0.093,0.907,0.683,0.750
2499,83.300,30.414,0.000,12.386,0.000,1,1,0,0.000,0.990,4,0,0.793,2,267.320,5668.579,0.800,0.389,6.032,0.837,0.863,0.259,0.097,0.903,0.747,0.750
2502,83.400,16.553,166.388,-13.861,-64.874,2,1,1,648.250,1.313,4,0,0.793,5,267.320,5668.579,0.833,0.379,4.080,0.807,0.782,0.084,0.078,0.922,0.926,0.750
2505,83.500,2.828,12.806,-13.725,-153.582,2,1,1,638.078,1.334,4,0,0.793,5,267.320,5668.579,0.867,0.379,1.156,0.724,0.695,0.228,0.058,0.942,0.683,0.750
2508,83.600,14.422,21.213,11.594,8.407,2,1,1,605.021,1.404,4,0,0.793,5,267.320,5668.579,0.900,0.379,1.343,0.300,1.019,1.341,0.049,0.951,0.768,0.750
2511,83.700,18.111,19.105,3.689,-2.108,2,1,1,588.191,1.270,4,0,0.793,5,267.320,5668.579,0.933,0.389,1.591,0.429,0.805,1.409,0.066,0.934,0.758,0.750
2514,83.800,20.000,3.162,1.889,-15.943,2,1,1,601.562,0.979,4,0,0.793,5,267.320,5668.579,0.967,0.389,2.412,0.383,0.583,0.718,0.074,0.926,0.791,0.750
2517,83.900,25.962,4.243,5.962,1.080,2,1,1,630.029,0.961,4,0,0.828,5,75.273,6169.600,1.000,0.379,3.026,0.770,0.263,3.036,0.097,0.903,0.816,0.550
2520,84.000,8.485,8.602,-17.476,4.360,2,1,1,629.909,0.957,3,1,0.793,3,11.000,6828.764,1.000,0.379,2.757,0.497,0.033,1.513,0.096,0.904,0.632,0.750
2523,84.100,10.770,25.060,2.285,16.458,2,1,1,661.272,1.151,3,0,0.793,3,11.000,6828.764,1.000,0.379,8.481,0.217,0.187,0.221,0.098,0.902,0.874,0.350
2526,84.200,47.802,41.110,37.031,16.050,2,1,1,721.875,1.184,3,0,0.828,3,11.000,6828.764,1.000,0.379,7.344,0.200,0.615,0.662,0.117,0.883,0.970,0.450
2529,84.300,0.000,62.769,0.000,21.660,1,0,1,0.000,0.835,4,1,0.793,2,11.000,6828.764,1.000,0.389,10.501,0.546,1.047,0.562,0.147,0.853,0.922,0.750
2532,84.400,197.345,79.762,149.543,16.993,2,1,1,718.624,1.127,4,0,0.793,5,11.000,6828.764,1.000,0.379,7.305,0.539,1.602,0.858,0.157,0.843,1.000,0.700
2535,84.500,29.614,61.400,-167.731,-18.362,2,1,1,666.528,1.112,4,0,0.828,5,11.000,6828.764,1.000,0.369,5.498,0.603,1.856,0.087,0.152,0.848,0.995,0.700
2538,84.600,41.881,69.354,12.267,7.954,2,1,1,600.270,1.023,4,0,0.828,5,11.000,6828.764,1.000,0.358,5.377,0.742,2.354,1.043,0.134,0.866,0.982,0.700
2541,84.700,15.811,34.928,-26.069,-34.426,2,1,1,573.461,1.069,4,0,0.828,6,0.000,6721.194,1.000,0.347,5.293,0.705,2.631,1.001,0.141,0.859,0.927,0.700
2544,84.800,14.318,0.000,-1.494,0.000,1,1,0,0.000,1.125,4,0,0.862,3,0.000,6698.639,1.000,0.347,3.687,0.669,2.627,1.457,0.137,0.863,0.680,0.700
2547,84.900,17.117,0.000,2.799,0.000,1,1,0,0.000,0.905,4,0,0.862,3,0.000,6622.597,1.000,0.358,3.620,0.672,1.574,0.642,0.152,0.848,0.694,0.700
2550,85.000,15.620,0.000,-1.497,0.000,1,1,0,0.000,0.753,4,0,0.862,3,13.000,6460.807,1.000,0.358,3.068,0.726,1.405,2.423,0.150,0.850,0.668,0.700
2553,85.100,8.602,0.000,-7.018,0.000,1,1,0,0.000,0.695,4,0,0.897,3,2.236,6214.034,1.000,0.369,1.964,0.741,1.494,0.310,0.131,0.869,0.600,0.700
2556,85.200,419.631,0.000,411.569,0.000,2,1,0,419.631,0.594,3,1,0.862,4,2.236,6223.228,1.000,0.369,1.615,0.634,1.522,1.593,0.113,0.887,0.796,0.750
2559,85.300,426.919,98.326,7.288,63.397,2,1,1,434.337,0.938,3,0,0.862,4,7.211,5898.894,1.000,0.369,2.443,0.593,1.529,1.352,0.098,0.902,0.820,0.700
2562,85.400,36.715,23.854,-390.204,-74.472,2,1,1,474.337,0.914,3,0,0.862,4,16.279,5782.899,1.000,0.369,5.161,0.615,1.576,0.200,0.168,0.832,0.840,0.700
2565,85.500,0.000,0.000,0.000,0.000,0,0,0,0.000,0.000,3,0,0.862,0,16.279,5782.899,0.967,0.369,4.165,0.633,1.697,0.419,0.156,0.844,0.246,0.700
2568,85.600,0.000,0.000,0.000,0.000,0,0,0,0.000,0.000,3,0,0.862,0,16.279,5782.899,0.933,0.369,5.246,0.600,1.773,0.803,0.139,0.861,0.271,0.700
2571,85.700,0.000,0.000,0.000,0.000,0,0,0,0.000,0.000,3,0,0.862,0,16.279,5782.899,0.900,0.369,3.120,0.588,0.816,0.248,0.103,0.897,0.215,0.580
2574,85.800,0.000,0.000,0.000,0.000,0,0,0,0.000,0.000,4,1,0.828,0,16.279,5782.899,0.867,0.369,1.290,0.255,0.454,0.410,0.076,0.924,0.288,0.750
2577,85.900,0.000,0.000,0.000,0.000,0,0,0,0.000,0.000,4,0,0.828,0,16.279,5782.899,0.833,0.369,2.403,0.262,0.065,0.023,0.093,0.907,0.312,0.580
2580,86.000,102.201,0.000,65.486,0.000,1,1,0,0.000,0.912,4,0,0.862,3,68.622,5648.649,0.833,0.293,3.713,0.234,0.278,0.909,0.094,0.906,0.861,0.650
2583,86.100,36.056,0.000,-66.145,0.000,1,1,0,0.000,1.257,3,1,0.828,2,0.000,4298.345,0.833,0.293,4.914,0.580,0.376,0.157,0.148,0.852,0.703,0.750
2586,86.200,42.012,19.105,5.956,-4.749,2,1,1,441.073,1.207,3,0,0.828,4,0.000,4298.345,0.833,0.293,5.383,0.656,0.468,0.218,0.177,0.823,0.852,0.650
2589,86.300,427.056,0.000,385.044,0.000,1,1,0,0.000,1.357,3,0,0.828,2,0.000,4298.345,0.833,0.293,7.106,0.768,0.501,0.489,0.198,0.802,0.794,0.650
2592,86.400,0.000,0.000,0.000,0.000,0,0,0,0.000,0.000,3,0,0.828,0,0.000,4298.345,0.800,0.293,5.028,0.827,0.361,0.274,0.151,0.849,0.234,0.650
2595,86.500,0.000,0.000,0.000,0.000,0,0,0,0.000,0.000,3,0,0.828,0,0.000,4298.345,0.767,0.293,1.483,0.269,0.314,2.137,0.068,0.932,0.180,0.580
2598,86.600,0.000,0.000,0.000,0.000,0,0,0,0.000,0.000,3,0,0.828,0,0.000,4298.345,0.733,0.293,2.551,0.108,0.419,0.816,0.115,0.885,0.214,0.580
2601,86.700,0.000,0.000,0.000,0.000,0,0,0,0.000,0.000,3,0,0.828,0,0.000,4298.345,0.700,0.293,3.221,0.367,0.428,0.049,0.133,0.867,0.209,0.580
2604,86.800,0.000,0.000,0.000,0.000,0,0,0,0.000,0.000,3,0,0.828,0,0.000,4298.345,0.667,0.293,2.491,0.658,0.387,1.214,0.143,0.857,0.166,0.580
2607,86.900,360.423,76.059,-66.633,56.954,2,1,1,313.637,1.714,3,0,0.862,4,0.000,4298.345,0.667,0.274,4.171,0.084,0.386,0.574,0.098,0.902,0.858,0.650
2610,87.000,362.200,0.000,331.672,0.000,2,1,0,362.200,1.585,3,0,0.862,4,62.642,2997.700,0.667,0.282,5.302,0.673,0.477,0.564,0.166,0.834,0.845,0.500
2613,87.100,366.012,72.670,3.812,-3.389,2,1,1,387.919,1.840,3,0,0.862,4,0.000,1826.567,0.667,0.282,5.690,0.816,0.496,0.237,0.197,0.803,0.845,0.500
2616,87.200,0.000,0.000,0.000,0.000,0,0,0,0.000,0.000,3,0,0.897,0,0.000,1826.567,0.633,0.282,5.679,0.802,0.426,0.855,0.186,0.814,0.232,0.650
2619,87.300,222.104,241.671,-143.909,169.001,2,1,1,514.296,1.925,3,0,0.897,3,21.095,2627.969,0.633,0.286,2.626,0.321,0.233,0.647,0.122,0.878,0.799,0.650
2622,87.400,12.166,29.530,-209.938,-212.142,2,1,1,496.169,1.540,3,0,0.897,3,37.577,3129.995,0.633,0.294,3.071,0.733,0.117,2.127,0.111,0.889,0.696,0.550
2625,87.500,6.325,18.111,-5.841,-11.419,2,1,1,481.739,1.555,3,0,0.897,3,34.928,3711.767,0.633,0.294,1.895,0.200,0.397,0.821,0.191,0.809,0.640,0.580
2628,87.600,2.236,8.602,-4.088,-9.508,2,1,1,476.114,1.494,4,1,0.862,4,275.465,6570.029,0.633,0.294,1.450,0.049,0.423,0.911,0.110,0.890,0.687,0.750
2631,87.700,2.000,1.000,-0.236,-7.602,2,1,1,474.788,1.379,4,0,0.862,3,275.465,6570.029,0.633,0.294,0.865,0.652,0.281,2.082,0.082,0.918,0.548,0.750
2634,87.800,2.828,19.235,0.828,18.235,2,1,1,458.216,1.361,4,0,0.862,4,357.179,10429.677,0.633,0.294,1.718,0.871,0.043,0.784,0.119,0.881,0.695,0.750
2637,87.900,3.606,13.342,0.777,-5.894,2,1,1,448.559,1.101,4,0,0.862,6,217.830,11554.150,0.633,0.286,2.609,0.975,0.335,0.330,0.175,0.825,0.677,0.750
2640,88.000,5.831,5.385,2.225,-7.956,2,1,1,447.826,0.777,4,0,0.862,6,0.000,10875.259,0.633,0.286,3.576,0.955,0.485,0.088,0.201,0.799,0.661,0.580
2643,88.100,5.000,2.000,-0.831,-3.385,2,1,1,449.868,0.722,4,0,0.897,6,224.644,10620.677,0.633,0.288,2.988,0.943,0.316,0.123,0.188,0.812,0.642,0.750
2646,88.200,5.000,1.000,0.000,-1.000,2,1,1,450.152,0.767,4,0,0.897,6,39.925,9677.419,0.633,0.279,2.845,0.892,0.328,0.139,0.190,0.810,0.642,0.580
2649,88.300,5.099,1.000,0.099,0.000,2,1,1,448.386,0.815,4,0,0.897,6,53.712,8534.965,0.633,0.339,1.926,0.717,0.429,0.014,0.151,0.849,0.632,0.580
2652,88.400,3.162,8.602,-1.937,7.602,2,1,1,456.572,0.997,4,0,0.897,6,55.073,6756.094,0.633,0.327,1.482,0.831,0.455,0.285,0.139,0.861,0.633,0.580
2655,88.500,2.828,1.414,-0.334,-7.188,2,1,1,455.706,1.095,4,0,0.897,5,241.913,6746.694,0.667,0.336,1.169,0.527,0.539,0.008,0.094,0.906,0.618,0.750
2658,88.600,3.000,66.731,0.172,65.317,2,1,1,492.108,1.328,4,0,0.897,5,265.370,7735.287,0.700,0.324,2.387,0.616,0.743,1.264,0.113,0.887,0.881,0.750
2661,88.700,2.236,64.281,-0.764,-2.450,2,1,1,508.257,1.373,4,0,0.931,5,40.200,6760.654,0.733,0.324,2.981,0.716,0.883,0.297,0.141,0.859,0.892,0.350
2664,88.800,25.495,11.045,23.259,-53.235,2,1,1,475.656,1.369,3,1,0.897,4,12.042,4604.969,0.767,0.324,2.628,0.287,1.067,0.175,0.113,0.887,0.709,0.750
2667,88.900,47.854,29.000,22.359,17.955,2,1,1,416.454,1.428,3,0,0.897,4,89.894,4147.738,0.800,0.324,4.891,0.477,1.204,2.190,0.144,0.856,0.865,0.550
2670,89.000,31.828,27.893,-16.026,-1.107,2,1,1,405.005,1.309,3,0,0.931,4,84.534,4147.200,0.800,0.324,4.765,0.712,1.186,0.582,0.117,0.883,0.772,0.350
2673,89.100,0.000,397.334,0.000,-21.563,2,0,1,397.334,1.229,3,0,0.931,4,57.697,3389.497,0.800,0.324,4.812,0.801,0.919,0.122,0.137,0.863,0.840,0.500
2676,89.200,0.000,20.396,0.000,-376.938,1,0,1,0.000,1.288,3,0,0.931,2,174.040,3891.199,0.800,0.336,4.113,0.717,0.600,0.030,0.136,0.864,0.582,0.750
2679,89.300,0.000,19.235,0.000,-1.161,1,0,1,0.000,1.187,3,0,0.931,2,65.192,4004.948,0.800,0.347,4.010,0.564,0.285,0.114,0.144,0.856,0.584,0.580
2682,89.400,0.000,17.804,0.000,-1.431,1,0,1,0.000,1.197,3,0,0.931,2,65.192,4004.948,0.833,0.347,2.294,0.482,0.002,2.725,0.127,0.873,0.543,0.580
2685,89.500,0.000,38.079,0.000,20.274,1,0,1,0.000,1.087,3,0,0.931,2,70.937,3945.889,0.867,0.358,2.448,0.504,0.091,0.247,0.124,0.876,0.661,0.350
2688,89.600,5.000,16.279,-26.828,-21.800,2,1,1,310.413,1.656,3,0,0.931,4,54.009,3733.974,0.900,0.358,2.696,0.714,0.054,2.875,0.103,0.897,0.646,0.650
2691,89.700,17.088,14.866,12.088,-1.413,2,1,1,312.360,1.859,4,1,0.897,6,57.009,2460.894,0.933,0.358,1.609,0.147,0.088,2.373,0.112,0.888,0.767,0.750
2694,89.800,14.866,5.831,-2.222,-9.035,2,1,1,303.117,1.808,4,0,0.897,6,85.796,3324.674,0.967,0.358,1.415,0.660,0.127,0.547,0.094,0.906,0.718,0.580
2697,89.900,6.083,12.083,-8.783,6.252,2,1,1,303.323,1.774,4,0,0.897,6,0.000,2769.990,0.967,0.358,1.343,0.670,0.123,0.114,0.083,0.917,0.700,0.580
2700,90.000,11.000,5.831,4.917,-6.252,2,1,1,308.785,1.933,3,1,0.862,4,42.012,2834.558,0.967,0.358,1.283,0.279,0.007,0.469,0.092,0.908,0.620,0.750
2703,90.100,5.099,3.000,-5.901,-2.831,2,1,1,310.710,1.808,3,0,0.862,4,34.205,2598.789,0.967,0.369,1.393,0.211,0.193,1.179,0.093,0.907,0.594,0.580
2706,90.200,5.099,8.062,0.000,5.062,2,1,1,310.177,2.117,3,0,0.862,4,0.000,2500.864,1.000,0.369,2.012,0.487,0.371,0.465,0.122,0.878,0.611,0.580
2709,90.300,6.083,5.385,0.984,-2.677,2,1,1,303.872,2.116,3,0,0.862,4,113.225,2526.269,1.000,0.369,1.689,0.803,0.700,0.091,0.117,0.883,0.570,0.629
2712,90.400,7.280,1.000,1.197,-4.385,2,1,1,298.050,1.954,3,0,0.862,4,28.844,2551.177,1.000,0.369,1.468,0.452,0.619,0.431,0.108,0.892,0.596,0.580
2715,90.500,24.042,35.000,16.762,34.000,2,1,1,301.664,1.820,3,0,0.897,4,19.209,2414.869,1.000,0.369,3.652,0.665,0.129,0.423,0.132,0.868,0.789,0.450
2718,90.600,0.000,55.082,0.000,20.082,1,0,1,0.000,1.600,3,0,0.897,2,125.256,2449.794,1.000,0.369,3.463,0.538,0.118,0.509,0.114,0.886,0.739,0.696
2721,90.700,0.000,38.210,0.000,-16.872,1,0,1,0.000,1.546,3,0,0.897,2,15.620,2523.598,1.000,0.379,3.749,0.729,0.362,1.137,0.135,0.865,0.695,0.350
2724,90.800,0.000,40.262,0.000,2.052,1,0,1,0.000,1.605,3,0,0.897,2,35.355,2542.788,1.000,0.379,3.119,0.666,0.588,0.478,0.121,0.879,0.695,0.350
2727,90.900,0.000,24.021,0.000,-16.241,1,0,1,0.000,1.316,3,0,0.897,2,81.006,2586.144,1.000,0.379,1.580,0.521,0.787,0.664,0.076,0.924,0.577,0.350
2730,91.000,0.000,29.069,0.000,5.048,1,0,1,0.000,1.188,3,0,0.897,2,94.726,2765.494,1.000,0.379,2.377,0.524,0.802,1.209,0.055,0.945,0.624,0.526
2733,91.100,0.000,32.696,0.000,3.627,1,0,1,0.000,0.981,3,0,0.897,2,30.610,2943.940,1.000,0.379,2.237,0.451,0.738,0.024,0.062,0.938,0.646,0.350
2736,91.200,0.000,14.318,0.000,-18.378,1,0,1,0.000,0.661,4,1,0.862,3,25.495,3221.294,1.000,0.379,2.011,0.699,0.745,0.090,0.102,0.898,0.636,0.750
2739,91.300,131.529,3.000,107.488,-11.318,2,1,1,358.130,1.537,4,0,0.862,6,86.052,3694.075,1.000,0.379,1.863,0.338,0.624,0.230,0.094,0.906,0.923,0.650
2742,91.400,25.318,5.831,-106.211,2.831,2,1,1,380.111,1.593,4,0,0.862,6,117.478,3064.494,1.000,0.379,1.628,0.866,0.555,0.311,0.119,0.881,0.771,0.653
2745,91.500,29.411,8.246,4.093,2.415,2,1,1,394.792,1.433,4,0,0.862,6,97.719,3099.119,1.000,0.379,0.820,0.344,0.528,0.728,0.055,0.945,0.810,0.543
2748,91.600,3.162,15.264,-26.249,7.018,2,1,1,383.693,1.445,4,0,0.862,6,97.908,2829.030,1.000,0.379,1.741,0.337,0.563,0.284,0.061,0.939,0.755,0.544
2751,91.700,1.414,7.810,-1.748,-7.454,2,1,1,378.229,1.437,4,0,0.897,6,82.662,2174.715,1.000,0.369,1.455,0.863,0.473,1.024,0.106,0.894,0.669,0.580
2754,91.800,16.401,10.198,14.987,2.388,2,1,1,368.440,1.302,4,0,0.897,6,61.612,2046.425,1.000,0.369,1.683,0.565,0.446,0.130,0.095,0.905,0.744,0.350
2757,91.900,15.524,20.248,-0.877,10.050,2,1,1,372.592,1.243,4,0,0.897,6,66.242,2000.798,1.000,0.358,2.432,0.922,0.391,0.488,0.120,0.880,0.759,0.350
2760,92.000,0.000,409.646,0.000,365.714,2,0,1,409.646,1.244,4,0,0.897,5,91.395,2287.897,1.000,0.347,2.282,0.609,0.189,0.316,0.065,0.935,0.914,0.508
2763,92.100,0.000,399.362,0.000,-6.915,2,0,1,399.362,1.800,4,0,0.897,5,135.794,2291.929,1.000,0.336,0.941,0.627,0.222,1.518,0.068,0.932,0.880,0.750
2766,92.200,0.000,413.091,0.000,-0.084,2,0,1,413.091,2.499,4,0,0.897,4,204.377,3162.995,1.000,0.324,1.857,0.824,0.334,0.908,0.090,0.910,0.889,0.750
2769,92.300,0.000,413.040,0.000,-0.802,2,0,1,413.040,2.735,4,0,0.897,4,39.446,3624.675,1.000,0.311,0.946,0.141,0.455,0.209,0.069,0.931,0.914,0.480
2772,92.400,0.000,390.662,0.000,-5.570,2,0,1,390.662,3.125,4,0,0.897,5,210.193,3518.358,1.000,0.324,2.024,0.873,0.599,2.999,0.112,0.888,0.890,0.750
2775,92.500,16.279,376.241,0.755,-14.422,2,1,1,379.111,3.126,4,0,0.897,5,135.794,3814.557,1.000,0.324,1.208,0.551,0.501,1.644,0.083,0.917,0.892,0.750
2778,92.600,0.000,384.948,0.000,372.142,2,0,1,384.948,2.740,4,0,0.931,5,142.056,4042.868,1.000,0.324,1.014,0.345,0.584,2.830,0.067,0.933,0.901,0.750
2781,92.700,0.000,402.548,0.000,2.547,2,0,1,402.548,2.734,3,1,0.897,3,65.620,4162.718,1.000,0.324,2.299,0.635,0.650,0.610,0.079,0.921,0.813,0.750
2784,92.800,39.051,392.046,22.772,-10.502,2,1,1,385.421,2.730,3,0,0.897,3,33.242,4159.549,1.000,0.336,3.109,0.836,0.667,0.565,0.120,0.880,0.819,0.500
2787,92.900,29.206,47.011,-9.845,-345.035,2,1,1,319.453,2.681,3,0,0.931,3,112.872,4075.737,1.000,0.336,2.002,0.708,0.620,2.176,0.104,0.896,0.801,0.627
2790,93.000,16.971,19.026,-12.236,-27.984,2,1,1,289.358,2.335,3,0,0.931,3,25.554,4324.585,1.000,0.347,1.775,0.393,0.625,0.121,0.086,0.914,0.673,0.580
2793,93.100,10.630,7.810,-6.340,-11.216,2,1,1,278.040,2.061,3,0,0.931,4,69.971,4088.087,1.000,0.347,1.571,0.741,0.485,0.001,0.112,0.888,0.596,0.580
2796,93.200,16.000,12.530,5.370,4.720,2,1,1,304.021,2.308,3,0,0.931,3,73.355,3750.648,1.000,0.358,1.533,0.326,0.536,0.309,0.114,0.886,0.654,0.580
2799,93.300,4.000,11.402,-12.000,-1.128,2,1,1,292.159,2.225,3,0,0.931,3,27.295,3185.459,1.000,0.358,2.411,0.886,0.474,0.772,0.152,0.848,0.612,0.580
2802,93.400,14.866,10.770,10.866,-0.631,2,1,1,271.665,2.002,3,0,0.931,4,48.052,2549.480,1.000,0.369,1.760,0.783,0.418,0.378,0.133,0.867,0.622,0.580
2805,93.500,13.454,7.071,-1.412,-3.699,2,1,1,269.119,1.979,3,0,0.931,4,91.082,2235.199,1.000,0.369,2.156,0.798,0.557,0.362,0.160,0.840,0.623,0.580
2808,93.600,28.284,42.012,14.831,34.941,2,1,1,299.553,1.808,4,1,0.897,6,63.071,1924.444,1.000,0.369,2.982,0.761,0.511,0.309,0.162,0.838,0.905,0.750
2811,93.700,76.026,55.172,47.742,13.161,2,1,1,345.398,1.557,4,0,0.897,6,97.494,2390.049,1.000,0.358,2.867,0.701,0.116,0.167,0.173,0.827,0.923,0.542
2814,93.800,0.000,80.112,0.000,24.940,1,0,1,0.000,1.560,4,0,0.897,3,89.677,3887.244,1.000,0.358,4.525,0.726,0.192,0.141,0.160,0.840,0.867,0.650
2817,93.900,0.000,67.417,0.000,-12.696,1,0,1,0.000,1.451,3,1,0.862,2,0.000,5324.694,1.000,0.369,5.935,0.718,0.983,0.147,0.184,0.816,0.788,0.750
2820,94.000,0.000,42.048,0.000,-25.369,1,0,1,0.000,1.115,3,0,0.862,2,0.000,6559.400,1.000,0.379,6.515,0.797,1.434,0.106,0.177,0.823,0.781,0.700
2823,94.100,0.000,12.166,0.000,-29.882,1,0,1,0.000,0.934,3,0,0.897,2,25.962,7096.170,1.000,0.379,4.032,0.893,2.347,0.214,0.154,0.846,0.546,0.700
2826,94.200,156.630,8.944,80.604,-3.221,2,1,1,246.775,1.210,3,0,0.897,4,41.012,6265.779,1.000,0.379,2.410,0.840,2.912,0.302,0.130,0.870,0.801,0.700
2829,94.300,5.099,7.211,-151.531,-1.733,2,1,1,246.941,1.333,3,0,0.897,4,36.346,4628.165,1.000,0.389,2.456,0.876,2.771,0.171,0.134,0.866,0.590,0.700
2832,94.400,4.123,9.055,-0.976,1.844,2,1,1,251.589,1.417,3,0,0.897,4,43.417,2846.994,1.000,0.379,3.544,0.980,2.047,0.090,0.147,0.853,0.620,0.700
2835,94.500,3.606,5.831,-0.518,-3.224,2,1,1,254.327,1.128,3,0,0.897,4,45.398,1989.314,1.000,0.379,1.959,0.947,2.155,0.232,0.124,0.876,0.565,0.700
2838,94.600,1.414,1.414,-2.191,-4.417,2,1,1,256.301,1.392,3,0,0.897,4,46.690,1709.599,1.000,0.379,0.828,0.536,2.240,1.719,0.079,0.921,0.541,0.700
2841,94.700,3.606,0.000,2.191,-1.414,2,1,1,258.768,1.612,3,0,0.897,4,49.497,1787.364,1.000,0.379,1.678,0.867,2.167,0.030,0.135,0.865,0.551,0.700
2844,94.800,1.000,4.123,-2.606,4.123,2,1,1,263.532,1.465,3,0,0.897,4,50.636,1824.237,1.000,0.369,1.429,0.721,2.183,0.006,0.112,0.888,0.558,0.700
2847,94.900,1.414,2.236,0.414,-1.887,2,1,1,264.201,1.739,3,0,0.897,2,50.636,1844.517,1.000,0.379,1.036,0.765,1.926,0.908,0.099,0.901,0.475,0.700
2850,95.000,3.162,2.000,1.748,-0.236,2,1,1,267.013,1.963,3,0,0.897,3,49.477,1308.558,1.000,0.379,1.222,0.759,1.991,1.174,0.110,0.890,0.545,0.700
2853,95.100,3.606,1.414,0.443,-0.586,2,1,1,270.542,1.946,2,1,0.862,2,47.539,1303.710,1.000,0.379,0.929,0.877,1.921,0.331,0.088,0.912,0.532,0.750
2856,95.200,1.414,1.000,-2.191,-0.414,2,1,1,271.812,1.731,2,0,0.862,2,50.220,1306.589,1.000,0.389,0.705,0.782,1.388,1.011,0.077,0.923,0.521,0.580
2859,95.300,1.000,1.414,-0.414,0.414,2,1,1,269.980,1.921,2,0,0.862,2,49.497,952.360,1.000,0.389,0.863,0.884,0.971,1.024,0.103,0.897,0.518,0.580
2862,95.400,1.414,2.236,0.414,0.822,2,1,1,268.153,1.651,2,0,0.862,2,47.854,955.160,1.000,0.399,0.934,0.876,0.179,0.897,0.100,0.900,0.524,0.580
2865,95.500,2.236,2.000,0.822,-0.236,2,1,1,267.165,1.470,2,0,0.862,2,45.706,960.189,1.000,0.408,0.816,0.840,0.350,0.425,0.094,0.906,0.524,0.580
2868,95.600,2.000,1.000,-0.236,-1.000,2,1,1,269.295,1.602,2,0,0.897,2,48.508,306.028,1.000,0.408,0.751,0.839,0.752,0.035,0.089,0.911,0.521,0.580
2871,95.700,2.000,2.828,0.000,1.828,2,1,1,273.562,1.307,3,1,0.862,2,50.488,307.609,1.000,0.417,0.660,0.399,1.056,0.349,0.071,0.929,0.494,0.750
2874,95.800,2.000,1.000,0.000,-1.828,2,1,1,272.575,1.365,2,1,0.828,2,49.649,305.528,1.000,0.426,0.763,0.641,1.141,0.600,0.083,0.917,0.535,0.750
2877,95.900,12.728,6.708,10.728,5.708,2,1,1,286.531,1.546,3,1,0.793,4,18.028,375.634,1.000,0.426,2.484,0.745,1.182,0.378,0.155,0.845,0.631,0.750
2880,96.000,28.160,2.000,15.432,-4.708,2,1,1,314.949,1.486,3,0,0.793,4,192.042,1894.537,1.000,0.417,4.895,0.596,1.313,1.380,0.175,0.825,0.787,0.750
2883,96.100,0.000,327.471,0.000,325.235,2,0,1,327.471,0.912,3,0,0.793,4,100.807,2020.829,1.000,0.408,3.538,0.718,1.198,0.312,0.158,0.842,0.838,0.560
2886,96.200,17.000,328.283,-11.160,0.813,2,1,1,320.899,1.340,3,0,0.793,4,172.491,3235.028,1.000,0.408,1.688,0.745,1.001,1.314,0.128,0.872,0.790,0.750
2889,96.300,7.071,2.236,-9.929,-326.047,2,1,1,315.913,1.517,3,0,0.793,4,81.302,3517.385,1.000,0.408,1.333,0.822,1.013,0.728,0.114,0.886,0.565,0.580
2892,96.400,1.414,12.166,-5.657,9.929,2,1,1,302.729,1.593,3,0,0.793,4,71.028,3969.868,1.000,0.408,1.186,0.303,0.946,0.195,0.085,0.915,0.626,0.480
2895,96.500,8.000,18.028,6.586,5.862,2,1,1,276.875,1.460,3,0,0.828,3,57.009,3943.757,1.000,0.408,1.727,0.337,0.883,0.410,0.093,0.907,0.670,0.350
2898,96.600,3.000,4.243,-5.000,-13.785,2,1,1,273.885,1.633,3,0,0.828,3,58.034,3495.304,1.000,0.417,1.579,0.497,0.801,2.026,0.115,0.885,0.578,0.580
2901,96.700,4.000,6.083,1.000,1.840,2,1,1,275.960,1.684,3,0,0.828,4,184.878,3732.025,1.000,0.417,1.504,0.602,0.666,0.409,0.113,0.887,0.579,0.750
2904,96.800,4.472,1.000,0.472,-5.083,2,1,1,273.593,1.566,3,0,0.862,3,62.129,3521.394,1.000,0.417,0.700,0.349,0.531,2.240,0.068,0.932,0.568,0.580
2907,96.900,1.000,5.385,-3.472,4.385,2,1,1,278.792,1.684,3,0,0.862,4,0.000,3064.738,1.000,0.408,1.082,0.847,0.409,1.123,0.090,0.910,0.548,0.580
2910,97.000,3.162,4.243,2.162,-1.143,2,1,1,280.786,1.438,3,0,0.862,4,0.000,2631.914,1.000,0.408,2.239,0.938,0.252,0.783,0.143,0.857,0.564,0.580
2913,97.100,3.606,2.236,0.443,-2.007,2,1,1,285.848,1.409,3,0,0.862,4,84.723,3013.505,1.000,0.399,1.761,0.633,0.085,0.626,0.131,0.869,0.570,0.580
2916,97.200,2.828,1.000,-0.777,-1.236,2,1,1,287.005,1.429,3,0,0.862,4,86.683,3069.865,1.000,0.389,1.808,0.572,0.466,0.413,0.138,0.862,0.571,0.580
2919,97.300,4.472,5.000,1.644,4.000,2,1,1,285.848,1.679,3,0,0.862,4,83.361,2753.650,1.000,0.379,1.792,0.778,0.729,0.553,0.139,0.861,0.568,0.580
2922,97.400,4.472,6.403,0.000,1.403,2,1,1,286.698,1.605,3,0,0.862,4,84.172,2858.405,1.000,0.369,2.548,0.846,1.032,0.248,0.147,0.853,0.590,0.350
2925,97.500,2.000,0.000,-2.472,-6.403,2,1,1,288.694,1.474,3,0,0.862,4,80.062,2912.650,1.000,0.369,1.288,0.601,1.602,1.347,0.118,0.882,0.551,0.700
2928,97.600,6.403,8.602,4.403,8.602,2,1,1,300.734,1.431,3,0,0.862,4,79.246,3309.775,1.000,0.369,2.020,0.550,0.364,2.826,0.134,0.866,0.610,0.550
2931,97.700,6.708,14.213,0.305,5.610,2,1,1,316.332,1.150,3,0,0.862,4,0.000,3097.634,1.000,0.369,3.584,0.687,0.087,0.231,0.163,0.837,0.670,0.350
2934,97.800,20.616,9.220,13.907,-4.993,2,1,1,345.210,1.066,3,0,0.862,4,217.332,3857.804,1.000,0.369,2.598,0.609,0.194,2.753,0.159,0.841,0.687,0.750
2937,97.900,0.000,366.030,0.000,353.947,2,0,1,366.030,1.075,3,0,0.862,4,141.174,3882.394,1.000,0.369,2.577,0.585,0.271,2.699,0.143,0.857,0.823,0.750
2940,98.000,13.038,383.960,-7.577,17.930,2,1,1,387.640,1.227,3,0,0.897,4,160.527,3864.807,1.000,0.369,3.691,0.511,0.342,0.505,0.156,0.844,0.856,0.750
2943,98.100,26.476,16.492,13.438,-367.467,2,1,1,429.162,1.202,3,0,0.897,4,193.598,4156.869,1.000,0.369,3.883,0.454,0.425,0.179,0.154,0.846,0.762,0.750
2946,98.200,0.000,451.958,0.000,426.878,2,0,1,451.958,1.285,3,0,0.897,4,0.000,4015.299,1.000,0.369,5.772,0.437,0.524,0.045,0.150,0.850,0.914,0.500
2949,98.300,0.000,458.628,0.000,-11.352,2,0,1,458.628,1.934,3,0,0.897,4,0.000,4092.734,1.000,0.358,6.647,0.643,0.737,0.112,0.179,0.821,0.921,0.350
2952,98.400,119.038,460.165,92.561,1.537,2,1,1,393.224,2.295,4,1,0.862,4,33.615,3994.519,1.000,0.358,7.523,0.673,1.086,0.607,0.153,0.847,1.000,0.750
2955,98.500,0.000,377.023,0.000,362.705,2,0,1,377.023,1.949,4,0,0.862,4,98.793,3145.577,1.000,0.358,6.158,0.800,1.458,0.094,0.145,0.855,0.998,0.700
2958,98.600,35.805,372.979,-83.233,-4.044,2,1,1,368.702,2.327,4,0,0.897,4,95.635,2881.207,1.000,0.358,3.804,0.714,1.623,0.867,0.134,0.866,0.945,0.700
2961,98.700,4.123,16.155,-31.682,-356.823,2,1,1,361.797,2.593,3,1,0.897,4,0.000,2009.794,1.000,0.358,5.245,0.910,1.732,0.209,0.152,0.848,0.707,0.750
2964,98.800,9.220,13.038,5.096,-3.117,2,1,1,354.203,2.268,3,0,0.931,4,62.650,1308.734,1.000,0.358,4.183,0.880,1.949,0.027,0.150,0.850,0.665,0.700
2967,98.900,7.211,10.770,-2.008,-2.268,2,1,1,350.617,1.938,3,0,0.931,4,61.814,2016.194,1.000,0.358,3.868,0.889,2.120,1.242,0.141,0.859,0.644,0.700
2970,99.000,7.211,3.162,0.000,-7.608,2,1,1,352.082,1.669,4,1,0.897,4,78.090,1883.557,1.000,0.358,3.948,0.798,2.198,0.233,0.143,0.857,0.733,0.750
2973,99.100,6.325,52.240,-0.887,49.078,2,1,1,404.283,1.507,4,0,0.897,4,174.184,2329.169,1.000,0.358,4.391,0.378,4.050,0.390,0.137,0.863,0.983,0.750
2976,99.200,2.000,76.026,-4.325,23.786,2,1,1,451.151,1.538,4,0,0.897,4,20.000,2522.009,1.000,0.358,5.721,0.574,6.462,0.115,0.144,0.856,1.000,0.700
2979,99.300,0.000,56.436,0.000,-19.591,1,0,1,0.000,1.225,3,1,0.862,2,314.994,3594.554,1.000,0.369,7.343,0.784,4.387,0.143,0.170,0.830,0.819,0.750
2982,99.400,0.000,42.059,0.000,-14.376,1,0,1,0.000,0.860,3,0,0.862,2,30.414,4326.208,1.000,0.369,5.510,0.842,4.581,0.534,0.164,0.836,0.752,0.700
2985,99.500,0.000,18.682,0.000,-23.378,1,0,1,0.000,0.579,3,0,0.862,2,30.414,4326.208,1.000,0.379,6.016,0.734,4.724,0.856,0.149,0.851,0.643,0.700
2988,99.600,0.000,21.401,0.000,2.719,1,0,1,0.000,0.656,3,0,0.862,2,30.414,4326.208,1.000,0.379,6.305,0.334,4.024,0.839,0.149,0.851,0.693,0.700
2991,99.700,0.000,17.804,0.000,-3.596,1,0,1,0.000,0.827,3,0,0.862,2,30.414,4326.208,1.000,0.389,7.697,0.365,3.568,0.208,0.158,0.842,0.706,0.700
2994,99.800,0.000,20.616,0.000,2.811,1,0,1,0.000,0.752,3,0,0.862,2,30.414,4326.208,1.000,0.389,9.308,0.346,2.489,0.152,0.162,0.838,0.730,0.700
2997,99.900,0.000,29.411,0.000,8.795,1,0,1,0.000,0.538,3,0,0.862,2,30.414,4326.208,1.000,0.399,11.525,0.531,1.895,0.180,0.155,0.845,0.766,0.700
