frame_idx,timestamp,hand_velocity_left,hand_velocity_right,hand_acceleration_left,hand_acceleration_right,hands_present,grip_state_left,grip_state_right,hand_distance,trajectory_curvature,num_tools,tool_changed,tool_stability,num_interactions,contact_point_shift,contact_point_variance,interaction_density,interaction_rhythm,flow_magnitude,flow_uniformity,flow_discontinuity,direction_change,scene_change_score,visual_stability,activity_level,transition_score
0,0.000,0.000,0.000,0.000,0.000,1,0,0,0.000,0.000,0,0,1.000,0,0.000,0.000,0.000,0.000,0.000,1.000,0.000,0.000,0.000,1.000,0.050,0.000
2,0.067,12.649,0.000,12.649,0.000,1,0,0,0.000,0.000,0,0,1.000,0,0.000,0.000,0.000,0.000,0.548,0.438,0.000,2.400,0.034,0.966,0.173,0.550
4,0.133,10.770,0.000,-1.879,0.000,1,0,0,0.000,0.000,0,0,1.000,0,0.000,0.000,0.000,0.000,0.471,0.371,0.000,0.026,0.031,0.969,0.166,0.000
6,0.200,8.062,0.000,-2.708,0.000,1,0,0,0.000,0.256,0,0,1.000,0,0.000,0.000,0.000,0.000,0.509,0.335,0.000,0.246,0.034,0.966,0.154,0.000
8,0.267,0.000,0.000,0.000,0.000,0,0,0,0.000,0.000,0,0,1.000,0,0.000,0.000,0.000,0.000,10.205,0.048,0.000,2.271,0.833,0.167,0.267,0.800
10,0.334,0.000,0.000,0.000,0.000,0,0,0,0.000,0.000,0,0,1.000,0,0.000,0.000,0.000,0.000,0.045,0.796,0.000,0.102,0.012,0.988,0.015,0.580
12,0.400,0.000,0.000,0.000,0.000,0,0,0,0.000,0.000,0,0,1.000,0,0.000,0.000,0.000,0.000,0.242,0.530,0.000,0.253,0.018,0.982,0.039,0.580
14,0.467,0.000,0.000,0.000,0.000,0,0,0,0.000,0.000,0,0,1.000,0,0.000,0.000,0.000,0.000,0.231,0.353,0.000,0.772,0.013,0.987,0.051,0.580
16,0.534,0.000,0.000,0.000,0.000,0,0,0,0.000,0.000,0,0,1.000,0,0.000,0.000,0.000,0.000,0.470,0.634,0.000,1.141,0.015,0.985,0.037,0.580
18,0.601,0.000,0.000,0.000,0.000,0,0,0,0.000,0.000,0,0,1.000,0,0.000,0.000,0.000,0.000,0.734,0.849,0.000,0.005,0.030,0.970,0.029,0.580
20,0.667,0.000,0.000,0.000,0.000,0,0,0,0.000,0.000,0,0,1.000,0,0.000,0.000,0.000,0.000,0.141,0.794,0.000,1.639,0.012,0.988,0.018,0.580
22,0.734,0.000,0.000,0.000,0.000,0,0,0,0.000,0.000,0,0,1.000,0,0.000,0.000,0.000,0.000,0.252,0.575,0.000,0.527,0.013,0.987,0.036,0.580
24,0.801,0.000,0.000,0.000,0.000,0,0,0,0.000,0.000,0,0,1.000,0,0.000,0.000,0.000,0.000,0.353,0.619,0.000,0.208,0.015,0.985,0.036,0.580
26,0.868,0.000,0.000,0.000,0.000,0,0,0,0.000,0.000,0,0,1.000,0,0.000,0.000,0.000,0.000,0.204,0.563,0.000,0.432,0.014,0.986,0.036,0.580
28,0.934,0.000,0.000,0.000,0.000,0,0,0,0.000,0.000,0,0,1.000,0,0.000,0.000,0.000,0.000,0.403,0.430,0.000,0.028,0.038,0.962,0.050,0.580
30,1.001,0.000,0.000,0.000,0.000,0,0,0,0.000,0.000,0,0,1.000,0,0.000,0.000,0.000,0.000,0.155,0.842,0.000,0.020,0.010,0.990,0.015,0.580
32,1.068,0.000,0.000,0.000,0.000,0,0,0,0.000,0.000,0,0,1.000,0,0.000,0.000,0.000,0.000,0.110,0.871,0.000,0.543,0.011,0.989,0.012,0.580
34,1.134,0.000,0.000,0.000,0.000,0,0,0,0.000,0.000,0,0,1.000,0,0.000,0.000,0.000,0.000,0.047,0.961,0.000,0.945,0.007,0.993,0.004,0.580
36,1.201,0.000,0.000,0.000,0.000,0,0,0,0.000,0.000,0,0,1.000,0,0.000,0.000,0.000,0.000,0.072,0.738,0.000,1.219,0.013,0.987,0.020,0.580
38,1.268,0.000,0.000,0.000,0.000,0,0,0,0.000,0.000,0,0,1.000,0,0.000,0.000,0.000,0.000,0.092,0.424,0.000,0.429,0.018,0.982,0.043,0.580
40,1.335,0.000,0.000,0.000,0.000,0,0,0,0.000,0.000,0,0,1.000,0,0.000,0.000,0.000,0.000,0.089,0.625,0.000,0.826,0.014,0.986,0.028,0.580
42,1.401,0.000,0.000,0.000,0.000,0,0,0,0.000,0.000,0,0,1.000,0,0.000,0.000,0.000,0.000,0.049,0.625,0.000,0.856,0.006,0.994,0.027,0.580
44,1.468,0.000,0.000,0.000,0.000,0,0,0,0.000,0.000,0,0,1.000,0,0.000,0.000,0.000,0.000,0.099,0.631,0.000,0.623,0.024,0.976,0.028,0.580
46,1.535,0.000,0.000,0.000,0.000,0,0,0,0.000,0.000,0,0,1.000,0,0.000,0.000,0.000,0.000,0.085,0.737,0.000,0.048,0.012,0.988,0.021,0.580
48,1.602,0.000,0.000,0.000,0.000,0,0,0,0.000,0.000,0,0,1.000,0,0.000,0.000,0.000,0.000,0.114,0.777,0.000,1.820,0.022,0.978,0.018,0.580
50,1.668,0.000,0.000,0.000,0.000,0,0,0,0.000,0.000,0,0,1.000,0,0.000,0.000,0.000,0.000,0.062,0.918,0.000,1.355,0.016,0.984,0.007,0.580
52,1.735,0.000,0.000,0.000,0.000,0,0,0,0.000,0.000,0,0,1.000,0,0.000,0.000,0.000,0.000,0.082,0.855,0.000,1.315,0.017,0.983,0.012,0.580
54,1.802,0.000,0.000,0.000,0.000,0,0,0,0.000,0.000,0,0,1.000,0,0.000,0.000,0.000,0.000,0.236,0.692,0.000,1.323,0.023,0.977,0.027,0.580
56,1.869,0.000,0.000,0.000,0.000,0,0,0,0.000,0.000,0,0,1.000,0,0.000,0.000,0.000,0.000,0.165,0.699,0.000,0.051,0.012,0.988,0.025,0.580
58,1.935,0.000,0.000,0.000,0.000,0,0,0,0.000,0.000,0,0,1.000,0,0.000,0.000,0.000,0.000,0.154,0.432,0.000,1.033,0.013,0.987,0.044,0.580
60,2.002,0.000,0.000,0.000,0.000,0,0,0,0.000,0.000,0,0,1.000,0,0.000,0.000,0.000,0.000,0.261,0.397,0.000,1.910,0.014,0.986,0.049,0.580
62,2.069,0.000,0.000,0.000,0.000,0,0,0,0.000,0.000,0,0,1.000,0,0.000,0.000,0.000,0.000,12.624,0.128,0.358,1.718,0.665,0.335,0.261,0.800
64,2.135,0.000,0.000,0.000,0.000,0,0,0,0.000,0.000,0,0,1.000,0,0.000,0.000,0.000,0.000,0.124,0.899,0.008,2.139,0.012,0.988,0.010,0.580
66,2.202,0.000,0.000,0.000,0.000,0,0,0,0.000,0.000,0,0,1.000,0,0.000,0.000,0.000,0.000,0.155,0.949,0.006,2.977,0.021,0.979,0.007,0.580
68,2.269,0.000,0.000,0.000,0.000,0,0,0,0.000,0.000,0,0,1.000,0,0.000,0.000,0.000,0.000,1.360,0.907,0.019,0.142,0.023,0.977,0.041,0.580
70,2.336,0.000,0.000,0.000,0.000,0,0,0,0.000,0.000,0,0,1.000,0,0.000,0.000,0.000,0.000,0.609,0.843,4.433,0.011,0.033,0.967,0.026,0.700
72,2.402,0.000,0.000,0.000,0.000,0,0,0,0.000,0.000,0,0,1.000,0,0.000,0.000,0.000,0.000,1.167,0.408,4.678,0.072,0.038,0.962,0.071,0.700
74,2.469,0.000,0.000,0.000,0.000,0,0,0,0.000,0.000,0,0,1.000,0,0.000,0.000,0.000,0.000,1.136,0.713,4.993,0.199,0.027,0.973,0.048,0.700
76,2.536,0.000,0.000,0.000,0.000,0,0,0,0.000,0.000,0,0,1.000,0,0.000,0.000,0.000,0.000,1.147,0.696,5.336,0.044,0.037,0.963,0.050,0.700
78,2.603,0.000,0.000,0.000,0.000,0,0,0,0.000,0.000,0,0,1.000,0,0.000,0.000,0.000,0.000,0.415,0.615,6.180,0.130,0.020,0.980,0.037,0.700
80,2.669,0.000,0.000,0.000,0.000,0,0,0,0.000,0.000,0,0,1.000,0,0.000,0.000,0.000,0.000,0.706,0.615,11.166,0.226,0.026,0.974,0.045,0.700
82,2.736,0.000,0.000,0.000,0.000,0,0,0,0.000,0.000,0,0,1.000,0,0.000,0.000,0.000,0.000,0.435,0.183,11.371,0.923,0.050,0.950,0.068,0.700
84,2.803,66.611,0.000,58.549,0.000,1,0,0,0.000,1.043,0,0,1.000,0,0.000,0.000,0.000,0.000,13.040,0.215,12.031,1.672,0.945,0.055,0.555,0.800
86,2.870,5.831,0.000,-60.780,0.000,1,0,0,0.000,0.921,0,0,1.000,0,0.000,0.000,0.000,0.000,0.567,0.254,23.307,1.329,0.037,0.963,0.149,0.700
88,2.936,4.123,0.000,-1.708,0.000,1,1,0,0.000,1.010,0,0,1.000,0,0.000,0.000,0.000,0.000,0.419,0.732,24.084,0.107,0.030,0.970,0.182,0.700
90,3.003,1.000,0.000,-3.123,0.000,1,1,0,0.000,1.171,0,0,1.000,0,0.000,0.000,0.000,0.000,0.451,0.561,43.847,0.120,0.029,0.971,0.178,0.700
92,3.070,2.236,0.000,1.236,0.000,1,1,0,0.000,1.160,0,0,1.000,0,0.000,0.000,0.000,0.000,0.614,0.307,35.224,0.044,0.031,0.969,0.206,0.700
94,3.136,1.000,0.000,-1.236,0.000,1,1,0,0.000,1.061,0,0,1.000,0,0.000,0.000,0.000,0.000,0.648,0.295,0.173,0.179,0.029,0.971,0.201,0.580
96,3.203,1.000,0.000,0.000,0.000,1,1,0,0.000,1.321,0,0,1.000,0,0.000,0.000,0.000,0.000,0.545,0.659,0.183,0.010,0.029,0.971,0.173,0.580
98,3.270,0.000,0.000,-1.000,0.000,1,1,0,0.000,1.473,0,0,1.000,0,0.000,0.000,0.000,0.000,0.456,0.508,0.190,0.113,0.030,0.970,0.176,0.580
100,3.337,3.000,0.000,3.000,0.000,1,1,0,0.000,1.413,0,0,1.000,0,0.000,0.000,0.000,0.000,0.340,0.516,0.144,0.104,0.029,0.971,0.189,0.580
102,3.403,2.236,0.000,-0.764,0.000,1,1,0,0.000,1.378,0,0,1.000,0,0.000,0.000,0.000,0.000,0.263,0.437,0.127,0.234,0.024,0.976,0.188,0.580
104,3.470,0.000,0.000,-2.236,0.000,1,1,0,0.000,1.398,0,0,1.000,0,0.000,0.000,0.000,0.000,0.245,0.700,0.084,0.486,0.021,0.979,0.157,0.580
106,3.537,2.000,0.000,2.000,0.000,1,1,0,0.000,1.294,0,0,1.000,0,0.000,0.000,0.000,0.000,0.213,0.613,0.042,0.018,0.020,0.980,0.174,0.580
108,3.604,1.000,0.000,-1.000,0.000,1,1,0,0.000,1.017,0,0,1.000,0,0.000,0.000,0.000,0.000,0.205,0.719,0.001,0.302,0.021,0.979,0.160,0.580
110,3.670,1.000,0.000,0.000,0.000,1,1,0,0.000,0.901,0,0,1.000,0,0.000,0.000,0.000,0.000,0.161,0.890,0.012,1.057,0.017,0.983,0.147,0.580
112,3.737,1.000,0.000,0.000,0.000,1,1,0,0.000,0.509,0,0,1.000,0,0.000,0.000,0.000,0.000,0.146,0.799,0.038,3.091,0.018,0.982,0.153,0.580
114,3.804,0.000,0.000,-1.000,0.000,1,1,0,0.000,0.509,0,0,1.000,0,0.000,0.000,0.000,0.000,0.184,0.953,0.052,0.118,0.019,0.981,0.138,0.580
116,3.871,1.000,0.000,1.000,0.000,1,1,0,0.000,0.509,0,0,1.000,0,0.000,0.000,0.000,0.000,0.115,0.844,0.448,0.254,0.014,0.986,0.149,0.580
118,3.937,1.000,0.000,0.000,0.000,1,1,0,0.000,1.178,0,0,1.000,0,0.000,0.000,0.000,0.000,0.151,0.841,0.462,2.482,0.015,0.985,0.150,0.580
120,4.004,1.000,0.000,0.000,0.000,1,1,0,0.000,1.257,0,0,1.000,0,0.000,0.000,0.000,0.000,0.175,0.773,0.472,2.738,0.017,0.983,0.156,0.580
122,4.071,0.000,0.000,-1.000,0.000,1,1,0,0.000,1.257,0,0,1.000,0,0.000,0.000,0.000,0.000,0.119,0.763,0.480,0.075,0.013,0.987,0.150,0.580
124,4.137,1.000,0.000,1.000,0.000,1,1,0,0.000,1.571,0,0,1.000,0,0.000,0.000,0.000,0.000,0.088,0.555,0.394,0.857,0.010,0.990,0.169,0.580
126,4.204,1.000,0.000,0.000,0.000,1,1,0,0.000,2.356,0,0,1.000,0,0.000,0.000,0.000,0.000,0.125,0.669,0.419,0.485,0.012,0.988,0.162,0.350
128,4.271,0.000,0.000,0.000,0.000,1,0,0,0.000,0.000,0,0,1.000,0,0.000,0.000,0.000,0.000,3.849,0.321,0.438,1.820,0.161,0.839,0.194,0.550
130,4.338,0.000,20.025,0.000,20.025,1,0,0,0.000,0.000,0,0,1.000,0,0.000,0.000,0.000,0.000,2.059,0.351,0.344,1.171,0.056,0.944,0.258,0.000
132,4.404,0.000,22.023,0.000,1.998,1,0,0,0.000,0.000,0,0,1.000,0,0.000,0.000,0.000,0.000,2.865,0.373,0.300,0.105,0.055,0.945,0.288,0.550
134,4.471,0.000,25.000,0.000,2.977,1,0,0,0.000,0.045,0,0,1.000,0,0.000,0.000,0.000,0.000,2.684,0.330,0.224,0.026,0.061,0.939,0.303,0.000
136,4.538,0.000,9.055,0.000,-15.945,1,0,0,0.000,0.078,0,0,1.000,0,0.000,0.000,0.000,0.000,0.698,0.209,0.152,0.212,0.042,0.958,0.173,0.550
138,4.605,173.612,22.561,172.612,13.506,2,1,0,350.143,2.007,0,0,1.000,0,0.000,0.000,0.000,0.000,2.352,0.881,0.122,2.771,0.038,0.962,0.497,0.650
140,4.671,30.806,35.014,-142.806,12.453,2,1,1,342.037,2.223,0,0,1.000,0,0.000,0.000,0.000,0.000,2.741,0.582,0.071,0.045,0.048,0.952,0.472,0.500
142,4.738,38.328,28.862,7.522,-6.153,2,1,1,340.331,1.912,0,0,1.000,0,0.000,0.000,0.000,0.000,2.671,0.777,0.005,0.049,0.055,0.945,0.475,0.350
144,4.805,23.087,12.166,-15.241,-16.696,2,1,1,340.993,1.425,0,0,1.000,0,0.000,0.000,0.000,0.000,1.196,0.897,0.054,0.048,0.055,0.945,0.345,0.350
146,4.872,1.414,2.828,-21.673,-9.337,2,1,1,338.080,1.541,0,0,1.000,0,0.000,0.000,0.000,0.000,0.220,0.883,6.469,0.394,0.024,0.976,0.209,0.700
148,4.938,2.828,22.847,1.414,20.019,2,1,1,348.023,1.546,0,0,1.000,0,0.000,0.000,0.000,0.000,0.407,0.839,6.636,2.459,0.037,0.963,0.328,0.700
150,5.005,7.000,6.325,4.172,-16.523,2,1,0,350.013,1.457,0,0,1.000,0,0.000,0.000,0.000,0.000,0.603,0.914,6.679,0.173,0.042,0.958,0.240,0.700
152,5.072,8.062,18.358,1.062,12.033,2,1,0,342.177,1.548,0,0,1.000,0,0.000,0.000,0.000,0.000,0.838,0.903,6.974,0.043,0.043,0.957,0.310,0.700
154,5.138,11.045,16.000,2.983,-2.358,2,1,0,343.373,1.233,0,0,1.000,0,0.000,0.000,0.000,0.000,1.168,0.838,8.245,0.133,0.050,0.950,0.309,0.700
156,5.205,8.062,12.042,-2.983,-3.958,2,1,0,338.652,1.219,0,0,1.000,0,0.000,0.000,0.000,0.000,1.250,0.805,11.268,0.126,0.051,0.949,0.292,0.700
158,5.272,21.932,11.180,13.869,-0.861,2,1,0,325.394,1.225,0,0,1.000,0,0.000,0.000,0.000,0.000,1.578,0.591,16.158,0.014,0.051,0.949,0.370,0.700
160,5.339,0.000,63.600,0.000,52.420,1,0,0,0.000,1.357,0,0,1.000,0,0.000,0.000,0.000,0.000,2.347,0.288,1.232,1.181,0.074,0.926,0.409,0.650
162,5.405,0.000,12.369,0.000,-51.231,1,0,0,0.000,1.171,0,0,1.000,0,0.000,0.000,0.000,0.000,0.720,0.371,1.032,1.021,0.033,0.967,0.181,0.550
164,5.472,78.746,23.707,56.815,11.337,2,1,1,231.019,0.993,0,0,1.000,0,0.000,0.000,0.000,0.000,1.258,0.424,0.623,0.259,0.040,0.960,0.502,0.650
166,5.539,10.050,15.000,-68.697,-8.707,2,1,1,236.008,0.751,0,0,1.000,0,0.000,0.000,0.000,0.000,1.343,0.597,0.370,0.706,0.051,0.949,0.325,0.450
168,5.606,6.403,8.544,-3.647,-6.456,2,1,1,239.169,0.692,0,0,1.000,0,0.000,0.000,0.000,0.000,1.269,0.654,0.382,0.107,0.053,0.947,0.283,0.000
170,5.672,34.785,8.062,28.382,-0.482,2,1,1,279.458,0.738,0,0,1.000,0,0.000,0.000,0.000,0.000,2.825,0.440,0.202,1.033,0.072,0.928,0.483,0.450
172,5.739,14.142,14.142,-20.643,6.080,2,1,1,287.696,1.006,0,0,1.000,0,0.000,0.000,0.000,0.000,1.569,0.835,0.068,2.387,0.048,0.952,0.309,0.550
174,5.806,22.023,25.318,7.881,11.176,2,1,1,282.936,0.975,0,0,1.000,0,0.000,0.000,0.000,0.000,2.947,0.852,0.115,0.136,0.061,0.939,0.405,0.350
176,5.873,34.059,31.401,12.036,6.083,2,1,1,285.701,0.832,0,0,1.000,0,0.000,0.000,0.000,0.000,2.911,0.798,0.080,0.042,0.059,0.941,0.456,0.000
178,5.939,25.000,12.649,-9.059,-18.752,2,1,1,296.108,0.778,0,0,1.000,0,0.000,0.000,0.000,0.000,1.305,0.932,0.054,0.042,0.050,0.950,0.356,0.000
180,6.006,6.000,4.123,-19.000,-8.526,2,1,1,289.028,1.004,0,0,1.000,0,0.000,0.000,0.000,0.000,0.470,0.400,0.089,2.268,0.043,0.957,0.267,0.580
182,6.073,7.000,6.000,1.000,1.877,2,1,1,289.043,1.080,0,0,1.000,0,0.000,0.000,0.000,0.000,0.757,0.743,0.060,0.876,0.042,0.958,0.256,0.350
184,6.139,7.000,6.083,0.000,0.083,2,1,1,288.062,0.983,0,0,1.000,0,0.000,0.000,0.000,0.000,0.703,0.848,0.018,0.079,0.047,0.953,0.247,0.350
186,6.206,6.708,6.000,-0.292,-0.083,2,1,1,291.062,0.796,0,0,1.000,0,0.000,0.000,0.000,0.000,0.987,0.781,0.072,0.124,0.046,0.954,0.257,0.000
188,6.273,0.000,0.000,0.000,0.000,0,0,0,0.000,0.000,0,0,1.000,0,0.000,0.000,0.000,0.000,11.600,0.080,0.163,2.078,0.916,0.084,0.264,0.800
190,6.340,0.000,0.000,0.000,0.000,0,0,0,0.000,0.000,0,0,1.000,0,0.000,0.000,0.000,0.000,10.747,0.078,0.717,1.446,0.324,0.676,0.265,0.580
192,6.406,0.000,0.000,0.000,0.000,0,0,0,0.000,0.000,0,0,1.000,0,0.000,0.000,0.000,0.000,17.181,0.185,1.298,1.521,0.326,0.674,0.257,0.580
194,6.473,0.000,0.000,0.000,0.000,0,0,0,0.000,0.000,0,0,1.000,0,0.000,0.000,0.000,0.000,16.274,0.124,2.798,0.082,0.322,0.678,0.261,0.700
196,6.540,0.000,0.000,0.000,0.000,0,0,0,0.000,0.000,0,0,1.000,0,0.000,0.000,0.000,0.000,19.335,0.050,4.401,0.061,0.312,0.688,0.266,0.700
198,6.607,0.000,0.000,0.000,0.000,0,0,0,0.000,0.000,0,0,1.000,0,0.000,0.000,0.000,0.000,15.783,0.083,5.983,0.360,0.304,0.696,0.264,0.700
200,6.673,0.000,0.000,0.000,0.000,0,0,0,0.000,0.000,0,0,1.000,0,0.000,0.000,0.000,0.000,15.556,0.111,7.752,0.200,0.299,0.701,0.262,0.700
202,6.740,0.000,0.000,0.000,0.000,0,0,0,0.000,0.000,0,0,1.000,0,0.000,0.000,0.000,0.000,16.077,0.092,8.763,0.089,0.272,0.728,0.264,0.700
204,6.807,0.000,0.000,0.000,0.000,0,0,0,0.000,0.000,0,0,1.000,0,0.000,0.000,0.000,0.000,13.868,0.068,11.504,0.382,0.245,0.755,0.265,0.700
206,6.874,0.000,0.000,0.000,0.000,0,0,0,0.000,0.000,0,0,1.000,0,0.000,0.000,0.000,0.000,13.314,0.031,10.455,0.027,0.223,0.777,0.268,0.700
208,6.940,0.000,0.000,0.000,0.000,0,0,0,0.000,0.000,0,0,1.000,0,0.000,0.000,0.000,0.000,11.960,0.218,10.743,1.292,0.209,0.791,0.255,0.700
210,7.007,0.000,0.000,0.000,0.000,0,0,0,0.000,0.000,0,0,1.000,0,0.000,0.000,0.000,0.000,8.855,0.201,12.366,0.040,0.195,0.805,0.256,0.700
212,7.074,0.000,0.000,0.000,0.000,0,0,0,0.000,0.000,0,0,1.000,0,0.000,0.000,0.000,0.000,6.462,0.275,12.907,0.225,0.181,0.819,0.212,0.700
214,7.140,0.000,0.000,0.000,0.000,0,0,0,0.000,0.000,0,0,1.000,0,0.000,0.000,0.000,0.000,4.912,0.445,13.313,0.313,0.162,0.838,0.162,0.700
216,7.207,0.000,0.000,0.000,0.000,0,0,0,0.000,0.000,0,0,1.000,0,0.000,0.000,0.000,0.000,3.655,0.811,13.290,0.044,0.137,0.863,0.105,0.700
218,7.274,0.000,0.000,0.000,0.000,0,0,0,0.000,0.000,0,0,1.000,0,0.000,0.000,0.000,0.000,3.857,0.870,13.380,0.068,0.149,0.851,0.106,0.700
220,7.341,0.000,0.000,0.000,0.000,0,0,0,0.000,0.000,0,0,1.000,0,0.000,0.000,0.000,0.000,1.822,0.043,3.658,0.586,0.089,0.911,0.113,0.700
222,7.407,0.000,0.000,0.000,0.000,0,0,0,0.000,0.000,0,0,1.000,0,0.000,0.000,0.000,0.000,1.165,0.601,2.504,2.503,0.081,0.919,0.057,0.700
224,7.474,0.000,0.000,0.000,0.000,0,0,0,0.000,0.000,0,0,1.000,0,0.000,0.000,0.000,0.000,1.486,0.689,1.296,0.031,0.094,0.906,0.059,0.580
226,7.541,0.000,0.000,0.000,0.000,0,0,0,0.000,0.000,0,0,1.000,0,0.000,0.000,0.000,0.000,0.712,0.942,0.760,2.777,0.051,0.949,0.022,0.580
228,7.608,0.000,0.000,0.000,0.000,0,0,0,0.000,0.000,0,0,1.000,0,0.000,0.000,0.000,0.000,2.758,0.976,0.286,0.574,0.117,0.883,0.071,0.580
230,7.674,0.000,0.000,0.000,0.000,0,0,0,0.000,0.000,0,0,1.000,0,0.000,0.000,0.000,0.000,0.823,0.889,0.010,0.030,0.036,0.964,0.028,0.580
232,7.741,0.000,0.000,0.000,0.000,0,0,0,0.000,0.000,0,0,1.000,0,0.000,0.000,0.000,0.000,1.591,0.297,0.246,0.350,0.071,0.929,0.089,0.580
234,7.808,0.000,0.000,0.000,0.000,0,0,0,0.000,0.000,0,0,1.000,0,0.000,0.000,0.000,0.000,5.203,0.717,0.512,1.177,0.156,0.844,0.150,0.580
236,7.875,0.000,0.000,0.000,0.000,0,0,0,0.000,0.000,0,0,1.000,0,0.000,0.000,0.000,0.000,2.586,0.392,0.700,0.482,0.088,0.912,0.107,0.580
238,7.941,0.000,0.000,0.000,0.000,0,0,0,0.000,0.000,0,0,1.000,0,0.000,0.000,0.000,0.000,4.164,0.835,0.920,0.094,0.120,0.880,0.116,0.580
240,8.008,0.000,0.000,0.000,0.000,0,0,0,0.000,0.000,0,0,1.000,0,0.000,0.000,0.000,0.000,1.903,0.820,1.168,1.781,0.066,0.934,0.060,0.580
242,8.075,0.000,0.000,0.000,0.000,0,0,0,0.000,0.000,0,0,1.000,0,0.000,0.000,0.000,0.000,3.555,0.800,1.455,2.954,0.168,0.832,0.103,0.700
244,8.141,0.000,0.000,0.000,0.000,0,0,0,0.000,0.000,0,0,1.000,0,0.000,0.000,0.000,0.000,1.621,0.592,1.707,2.545,0.089,0.911,0.069,0.700
246,8.208,0.000,0.000,0.000,0.000,0,0,0,0.000,0.000,0,0,1.000,0,0.000,0.000,0.000,0.000,2.531,0.742,1.984,0.193,0.059,0.941,0.081,0.700
248,8.275,0.000,0.000,0.000,0.000,0,0,0,0.000,0.000,0,0,1.000,0,0.000,0.000,0.000,0.000,3.410,0.944,2.205,0.009,0.140,0.860,0.089,0.700
250,8.342,0.000,0.000,0.000,0.000,0,0,0,0.000,0.000,0,0,1.000,0,0.000,0.000,0.000,0.000,0.752,0.816,1.898,0.153,0.027,0.973,0.032,0.700
252,8.408,0.000,0.000,0.000,0.000,0,0,0,0.000,0.000,0,0,1.000,0,0.000,0.000,0.000,0.000,2.428,0.749,1.604,0.161,0.114,0.886,0.078,0.700
254,8.475,0.000,0.000,0.000,0.000,0,0,0,0.000,0.000,0,0,1.000,0,0.000,0.000,0.000,0.000,0.910,0.268,1.329,2.411,0.070,0.930,0.074,0.580
256,8.542,0.000,0.000,0.000,0.000,0,0,0,0.000,0.000,0,0,1.000,0,0.000,0.000,0.000,0.000,1.489,0.696,1.142,2.142,0.098,0.902,0.059,0.580
258,8.609,84.155,96.338,77.446,90.338,2,1,1,336.719,0.925,0,0,1.000,0,0.000,0.000,0.000,0.000,10.343,0.042,0.977,1.376,0.844,0.156,0.697,0.800
260,8.675,5.000,1.414,-79.155,-94.924,2,1,1,337.380,1.161,0,0,1.000,0,0.000,0.000,0.000,0.000,0.375,0.412,0.773,0.591,0.034,0.966,0.258,0.580
262,8.742,2.236,1.000,-2.764,-0.414,2,1,1,334.337,1.415,0,0,1.000,0,0.000,0.000,0.000,0.000,0.239,0.404,0.632,1.394,0.028,0.972,0.240,0.580
264,8.809,2.236,2.000,0.000,1.000,2,1,1,333.338,1.591,0,0,1.000,0,0.000,0.000,0.000,0.000,0.294,0.454,0.528,1.023,0.031,0.969,0.238,0.580
266,8.876,3.162,2.236,0.926,0.236,2,1,1,335.292,1.266,0,0,1.000,0,0.000,0.000,0.000,0.000,0.442,0.731,0.551,0.618,0.038,0.962,0.227,0.580
268,8.942,6.083,2.000,2.920,-0.236,2,1,1,334.096,1.490,0,0,1.000,0,0.000,0.000,0.000,0.000,0.474,0.633,0.503,0.032,0.042,0.958,0.251,0.580
270,9.009,3.162,1.000,-2.920,-1.000,2,1,1,335.054,1.666,0,0,1.000,0,0.000,0.000,0.000,0.000,0.353,0.521,0.576,0.413,0.035,0.965,0.240,0.580
272,9.076,3.606,3.000,0.443,2.000,2,1,1,332.074,1.645,0,0,1.000,0,0.000,0.000,0.000,0.000,0.383,0.503,0.545,0.145,0.040,0.960,0.244,0.580
274,9.142,3.000,1.000,-0.606,-2.000,2,1,1,332.014,1.666,0,0,1.000,0,0.000,0.000,0.000,0.000,0.469,0.697,0.664,0.506,0.042,0.958,0.230,0.580
276,9.209,3.162,1.414,0.162,0.414,2,1,1,332.002,1.687,0,0,1.000,0,0.000,0.000,0.000,0.000,0.427,0.775,0.612,0.020,0.042,0.958,0.224,0.580
278,9.276,0.000,0.000,0.000,0.000,0,0,0,0.000,0.000,0,0,1.000,0,0.000,0.000,0.000,0.000,11.210,0.202,0.683,0.765,0.892,0.108,0.256,0.800
280,9.343,0.000,0.000,0.000,0.000,0,0,0,0.000,0.000,0,0,1.000,0,0.000,0.000,0.000,0.000,2.438,0.756,0.255,1.350,0.048,0.952,0.078,0.580
282,9.409,0.000,0.000,0.000,0.000,0,0,0,0.000,0.000,0,0,1.000,0,0.000,0.000,0.000,0.000,1.934,0.827,0.102,0.541,0.064,0.936,0.060,0.580
284,9.476,0.000,0.000,0.000,0.000,0,0,0,0.000,0.000,0,0,1.000,0,0.000,0.000,0.000,0.000,0.567,0.974,0.198,0.725,0.040,0.960,0.016,0.580
286,9.543,0.000,0.000,0.000,0.000,0,0,0,0.000,0.000,0,0,1.000,0,0.000,0.000,0.000,0.000,0.388,0.970,0.180,2.655,0.034,0.966,0.012,0.580
288,9.610,0.000,0.000,0.000,0.000,0,0,0,0.000,0.000,0,0,1.000,0,0.000,0.000,0.000,0.000,2.112,0.706,0.288,0.962,0.052,0.948,0.073,0.580
290,9.676,0.000,0.000,0.000,0.000,0,0,0,0.000,0.000,0,0,1.000,0,0.000,0.000,0.000,0.000,1.159,0.957,0.602,0.246,0.046,0.954,0.032,0.580
292,9.743,0.000,0.000,0.000,0.000,0,0,0,0.000,0.000,0,0,1.000,0,0.000,0.000,0.000,0.000,1.984,0.665,0.560,0.002,0.048,0.952,0.073,0.580
294,9.810,0.000,0.000,0.000,0.000,0,0,0,0.000,0.000,0,0,1.000,0,0.000,0.000,0.000,0.000,1.036,0.943,0.460,0.439,0.057,0.943,0.030,0.580
296,9.877,0.000,0.000,0.000,0.000,0,0,0,0.000,0.000,0,0,1.000,0,0.000,0.000,0.000,0.000,1.652,0.901,0.308,0.005,0.046,0.954,0.048,0.580
298,9.943,0.000,0.000,0.000,0.000,0,0,0,0.000,0.000,0,0,1.000,0,0.000,0.000,0.000,0.000,1.269,0.946,0.212,0.163,0.058,0.942,0.036,0.580
300,10.010,0.000,0.000,0.000,0.000,0,0,0,0.000,0.000,0,0,1.000,0,0.000,0.000,0.000,0.000,0.661,0.956,0.092,0.561,0.052,0.948,0.020,0.580
302,10.077,0.000,0.000,0.000,0.000,0,0,0,0.000,0.000,0,0,1.000,0,0.000,0.000,0.000,0.000,0.887,0.844,0.041,0.591,0.050,0.950,0.033,0.580
304,10.143,0.000,0.000,0.000,0.000,0,0,0,0.000,0.000,0,0,1.000,0,0.000,0.000,0.000,0.000,0.933,0.887,0.058,1.100,0.046,0.954,0.031,0.580
306,10.210,0.000,0.000,0.000,0.000,0,0,0,0.000,0.000,0,0,1.000,0,0.000,0.000,0.000,0.000,0.617,0.990,0.100,0.444,0.033,0.967,0.016,0.580
308,10.277,0.000,0.000,0.000,0.000,0,0,0,0.000,0.000,0,0,1.000,0,0.000,0.000,0.000,0.000,1.992,0.726,0.161,0.459,0.068,0.932,0.069,0.580
310,10.344,0.000,0.000,0.000,0.000,0,0,0,0.000,0.000,0,0,1.000,0,0.000,0.000,0.000,0.000,0.423,0.964,0.210,0.144,0.037,0.963,0.013,0.580
312,10.410,0.000,0.000,0.000,0.000,0,0,0,0.000,0.000,0,0,1.000,0,0.000,0.000,0.000,0.000,0.958,0.826,0.283,0.845,0.052,0.948,0.036,0.580
314,10.477,0.000,0.000,0.000,0.000,0,0,0,0.000,0.000,0,0,1.000,0,0.000,0.000,0.000,0.000,1.113,0.545,0.292,1.812,0.025,0.975,0.060,0.580
316,10.544,0.000,0.000,0.000,0.000,0,0,0,0.000,0.000,0,0,1.000,0,0.000,0.000,0.000,0.000,1.273,0.570,0.274,0.104,0.021,0.979,0.062,0.580
318,10.611,0.000,0.000,0.000,0.000,0,0,0,0.000,0.000,0,0,1.000,0,0.000,0.000,0.000,0.000,0.526,0.339,0.234,0.564,0.049,0.951,0.059,0.580
320,10.677,0.000,0.000,0.000,0.000,0,0,0,0.000,0.000,0,0,1.000,0,0.000,0.000,0.000,0.000,0.290,0.954,0.139,1.539,0.032,0.968,0.010,0.580
322,10.744,0.000,0.000,0.000,0.000,0,0,0,0.000,0.000,0,0,1.000,0,0.000,0.000,0.000,0.000,0.346,0.780,0.181,1.321,0.035,0.965,0.024,0.580
324,10.811,0.000,0.000,0.000,0.000,0,0,0,0.000,0.000,0,0,1.000,0,0.000,0.000,0.000,0.000,2.607,0.809,0.267,1.351,0.082,0.918,0.079,0.580
326,10.878,0.000,0.000,0.000,0.000,0,0,0,0.000,0.000,0,0,1.000,0,0.000,0.000,0.000,0.000,1.194,0.878,0.248,0.208,0.053,0.947,0.038,0.580
328,10.944,0.000,0.000,0.000,0.000,0,0,0,0.000,0.000,0,0,1.000,0,0.000,0.000,0.000,0.000,0.684,0.880,0.292,0.357,0.042,0.958,0.025,0.580
330,11.011,0.000,0.000,0.000,0.000,0,0,0,0.000,0.000,0,0,1.000,0,0.000,0.000,0.000,0.000,0.338,0.921,0.330,1.137,0.033,0.967,0.014,0.580
332,11.078,0.000,0.000,0.000,0.000,0,0,0,0.000,0.000,0,0,1.000,0,0.000,0.000,0.000,0.000,0.355,0.644,0.347,0.007,0.039,0.961,0.034,0.580
334,11.144,0.000,0.000,0.000,0.000,0,0,0,0.000,0.000,0,0,1.000,0,0.000,0.000,0.000,0.000,0.564,0.803,0.376,0.563,0.031,0.969,0.028,0.580
336,11.211,0.000,0.000,0.000,0.000,0,0,0,0.000,0.000,0,0,1.000,0,0.000,0.000,0.000,0.000,0.302,0.898,0.400,1.098,0.040,0.960,0.015,0.580
338,11.278,0.000,0.000,0.000,0.000,0,0,0,0.000,0.000,0,0,1.000,0,0.000,0.000,0.000,0.000,0.685,0.770,0.414,0.073,0.073,0.927,0.033,0.580
340,11.345,0.000,0.000,0.000,0.000,0,0,0,0.000,0.000,0,0,1.000,0,0.000,0.000,0.000,0.000,12.134,0.121,0.836,2.886,0.358,0.642,0.262,0.608
342,11.411,0.000,0.000,0.000,0.000,0,0,0,0.000,0.000,0,0,1.000,0,0.000,0.000,0.000,0.000,0.487,0.844,0.645,1.762,0.061,0.939,0.023,0.580
344,11.478,0.000,0.000,0.000,0.000,0,0,0,0.000,0.000,0,0,1.000,0,0.000,0.000,0.000,0.000,0.492,0.922,0.745,0.729,0.081,0.919,0.018,0.580
346,11.545,0.000,0.000,0.000,0.000,0,0,0,0.000,0.000,0,0,1.000,0,0.000,0.000,0.000,0.000,0.600,0.926,0.627,2.369,0.073,0.927,0.020,0.580
348,11.612,0.000,0.000,0.000,0.000,0,0,0,0.000,0.000,0,0,1.000,0,0.000,0.000,0.000,0.000,0.917,0.879,0.469,0.152,0.077,0.923,0.031,0.580
350,11.678,0.000,0.000,0.000,0.000,0,0,0,0.000,0.000,0,0,1.000,0,0.000,0.000,0.000,0.000,0.300,0.895,0.789,2.455,0.030,0.970,0.015,0.580
352,11.745,0.000,0.000,0.000,0.000,0,0,0,0.000,0.000,0,0,1.000,0,0.000,0.000,0.000,0.000,0.513,0.812,0.840,0.127,0.045,0.955,0.026,0.580
354,11.812,0.000,0.000,0.000,0.000,0,0,0,0.000,0.000,0,0,1.000,0,0.000,0.000,0.000,0.000,0.248,0.953,1.170,0.146,0.022,0.978,0.009,0.580
356,11.879,0.000,0.000,0.000,0.000,0,0,0,0.000,0.000,0,0,1.000,0,0.000,0.000,0.000,0.000,0.397,0.554,0.453,1.949,0.057,0.943,0.041,0.580
358,11.945,0.000,0.000,0.000,0.000,0,0,0,0.000,0.000,0,0,1.000,0,0.000,0.000,0.000,0.000,0.170,0.611,0.431,0.534,0.026,0.974,0.031,0.580
360,12.012,0.000,0.000,0.000,0.000,0,0,0,0.000,0.000,0,0,1.000,0,0.000,0.000,0.000,0.000,0.212,0.784,0.438,1.951,0.023,0.977,0.020,0.580
362,12.079,0.000,0.000,0.000,0.000,0,0,0,0.000,0.000,0,0,1.000,0,0.000,0.000,0.000,0.000,0.171,0.797,0.448,0.352,0.026,0.974,0.018,0.580
364,12.145,0.000,0.000,0.000,0.000,0,0,0,0.000,0.000,0,0,1.000,0,0.000,0.000,0.000,0.000,0.126,0.653,0.472,2.957,0.024,0.976,0.027,0.580
366,12.212,0.000,0.000,0.000,0.000,0,0,0,0.000,0.000,0,0,1.000,0,0.000,0.000,0.000,0.000,0.275,0.877,0.461,2.489,0.020,0.980,0.015,0.580
368,12.279,0.000,0.000,0.000,0.000,0,0,0,0.000,0.000,0,0,1.000,0,0.000,0.000,0.000,0.000,0.448,0.825,0.481,0.386,0.027,0.973,0.023,0.580
370,12.346,0.000,0.000,0.000,0.000,0,0,0,0.000,0.000,0,0,1.000,0,0.000,0.000,0.000,0.000,0.500,0.791,0.661,0.124,0.035,0.965,0.027,0.580
372,12.412,0.000,0.000,0.000,0.000,0,0,0,0.000,0.000,0,0,1.000,0,0.000,0.000,0.000,0.000,1.008,0.606,0.405,0.262,0.043,0.957,0.053,0.580
374,12.479,0.000,0.000,0.000,0.000,0,0,0,0.000,0.000,0,0,1.000,0,0.000,0.000,0.000,0.000,0.507,0.709,0.380,1.336,0.030,0.970,0.033,0.580
376,12.546,0.000,0.000,0.000,0.000,0,0,0,0.000,0.000,0,0,1.000,0,0.000,0.000,0.000,0.000,0.764,0.548,0.365,1.202,0.039,0.961,0.051,0.580
378,12.613,0.000,0.000,0.000,0.000,0,0,0,0.000,0.000,0,0,1.000,0,0.000,0.000,0.000,0.000,0.525,0.226,0.344,3.012,0.060,0.940,0.067,0.580
380,12.679,0.000,0.000,0.000,0.000,0,0,0,0.000,0.000,0,0,1.000,0,0.000,0.000,0.000,0.000,0.175,0.901,0.363,1.793,0.014,0.986,0.011,0.580
382,12.746,0.000,0.000,0.000,0.000,0,0,0,0.000,0.000,0,0,1.000,0,0.000,0.000,0.000,0.000,0.307,0.883,0.366,0.150,0.033,0.967,0.016,0.580
384,12.813,0.000,0.000,0.000,0.000,0,0,0,0.000,0.000,0,0,1.000,0,0.000,0.000,0.000,0.000,0.189,0.728,0.375,0.168,0.031,0.969,0.024,0.580
386,12.880,0.000,0.000,0.000,0.000,0,0,0,0.000,0.000,0,0,1.000,0,0.000,0.000,0.000,0.000,0.226,0.102,0.323,0.391,0.046,0.954,0.069,0.580
388,12.946,0.000,0.000,0.000,0.000,0,0,0,0.000,0.000,0,0,1.000,0,0.000,0.000,0.000,0.000,0.560,0.810,0.307,0.233,0.070,0.930,0.027,0.580
390,13.013,0.000,0.000,0.000,0.000,0,0,0,0.000,0.000,0,0,1.000,0,0.000,0.000,0.000,0.000,0.544,0.871,0.286,1.901,0.055,0.945,0.023,0.580
392,13.080,0.000,0.000,0.000,0.000,0,0,0,0.000,0.000,0,0,1.000,0,0.000,0.000,0.000,0.000,2.724,0.041,0.275,2.135,0.076,0.924,0.135,0.580
394,13.146,0.000,0.000,0.000,0.000,0,0,0,0.000,0.000,0,0,1.000,0,0.000,0.000,0.000,0.000,9.579,0.184,0.212,0.130,0.319,0.681,0.257,0.580
396,13.213,0.000,0.000,0.000,0.000,0,0,0,0.000,0.000,0,0,1.000,0,0.000,0.000,0.000,0.000,1.318,0.810,0.013,1.183,0.019,0.981,0.046,0.580
398,13.280,0.000,0.000,0.000,0.000,0,0,0,0.000,0.000,0,0,1.000,0,0.000,0.000,0.000,0.000,2.542,0.766,0.037,0.219,0.033,0.967,0.080,0.580
400,13.347,0.000,0.000,0.000,0.000,0,0,0,0.000,0.000,0,0,1.000,0,0.000,0.000,0.000,0.000,2.068,0.682,0.090,0.622,0.029,0.971,0.074,0.580
402,13.413,0.000,0.000,0.000,0.000,0,0,0,0.000,0.000,0,0,1.000,0,0.000,0.000,0.000,0.000,2.134,0.737,5.669,0.275,0.035,0.965,0.072,0.700
404,13.480,0.000,0.000,0.000,0.000,0,0,0,0.000,0.000,0,0,1.000,0,0.000,0.000,0.000,0.000,2.204,0.772,4.670,0.202,0.048,0.952,0.071,0.700
406,13.547,0.000,0.000,0.000,0.000,0,0,0,0.000,0.000,0,0,1.000,0,0.000,0.000,0.000,0.000,0.930,0.830,5.107,0.033,0.025,0.975,0.035,0.700
408,13.614,0.000,0.000,0.000,0.000,0,0,0,0.000,0.000,0,0,1.000,0,0.000,0.000,0.000,0.000,2.945,0.797,4.905,0.149,0.040,0.960,0.088,0.700
410,13.680,0.000,0.000,0.000,0.000,0,0,0,0.000,0.000,0,0,1.000,0,0.000,0.000,0.000,0.000,1.714,0.901,6.363,0.078,0.032,0.968,0.050,0.700
412,13.747,0.000,0.000,0.000,0.000,0,0,0,0.000,0.000,0,0,1.000,0,0.000,0.000,0.000,0.000,0.440,0.887,6.667,0.998,0.022,0.978,0.019,0.700
414,13.814,0.000,0.000,0.000,0.000,0,0,0,0.000,0.000,0,0,1.000,0,0.000,0.000,0.000,0.000,0.239,0.863,6.784,2.067,0.016,0.984,0.016,0.700
416,13.881,0.000,0.000,0.000,0.000,0,0,0,0.000,0.000,0,0,1.000,0,0.000,0.000,0.000,0.000,0.492,0.908,6.737,1.202,0.022,0.978,0.019,0.700
418,13.947,0.000,0.000,0.000,0.000,0,0,0,0.000,0.000,0,0,1.000,0,0.000,0.000,0.000,0.000,2.206,0.913,6.769,0.894,0.034,0.966,0.061,0.700
420,14.014,0.000,0.000,0.000,0.000,0,0,0,0.000,0.000,0,0,1.000,0,0.000,0.000,0.000,0.000,0.228,0.844,7.179,0.254,0.015,0.985,0.017,0.700
422,14.081,0.000,0.000,0.000,0.000,0,0,0,0.000,0.000,0,0,1.000,0,0.000,0.000,0.000,0.000,1.000,0.907,7.088,1.249,0.036,0.964,0.031,0.700
424,14.147,0.000,0.000,0.000,0.000,0,0,0,0.000,0.000,0,0,1.000,0,0.000,0.000,0.000,0.000,2.987,0.911,2.296,0.030,0.035,0.965,0.081,0.700
426,14.214,0.000,0.000,0.000,0.000,0,0,0,0.000,0.000,0,0,1.000,0,0.000,0.000,0.000,0.000,0.558,0.940,0.147,0.095,0.022,0.978,0.018,0.580
428,14.281,0.000,0.000,0.000,0.000,0,0,0,0.000,0.000,0,0,1.000,0,0.000,0.000,0.000,0.000,1.016,0.926,0.096,0.014,0.033,0.967,0.031,0.580
430,14.348,0.000,0.000,0.000,0.000,0,0,0,0.000,0.000,0,0,1.000,0,0.000,0.000,0.000,0.000,0.410,0.886,0.009,0.429,0.022,0.978,0.018,0.580
432,14.414,0.000,0.000,0.000,0.000,0,0,0,0.000,0.000,0,0,1.000,0,0.000,0.000,0.000,0.000,2.025,0.860,0.102,0.044,0.040,0.960,0.060,0.580
434,14.481,0.000,0.000,0.000,0.000,0,0,0,0.000,0.000,0,0,1.000,0,0.000,0.000,0.000,0.000,0.632,0.800,0.138,0.383,0.022,0.978,0.030,0.580
436,14.548,0.000,0.000,0.000,0.000,0,0,0,0.000,0.000,0,0,1.000,0,0.000,0.000,0.000,0.000,0.123,0.763,0.235,1.294,0.012,0.988,0.020,0.580
438,14.615,0.000,0.000,0.000,0.000,0,0,0,0.000,0.000,0,0,1.000,0,0.000,0.000,0.000,0.000,0.725,0.751,0.264,1.096,0.026,0.974,0.036,0.580
440,14.681,0.000,0.000,0.000,0.000,0,0,0,0.000,0.000,0,0,1.000,0,0.000,0.000,0.000,0.000,0.419,0.823,0.400,0.207,0.019,0.981,0.023,0.580
442,14.748,0.000,0.000,0.000,0.000,0,0,0,0.000,0.000,0,0,1.000,0,0.000,0.000,0.000,0.000,0.367,0.865,0.493,0.366,0.019,0.981,0.019,0.580
444,14.815,0.000,0.000,0.000,0.000,0,0,0,0.000,0.000,0,0,1.000,0,0.000,0.000,0.000,0.000,0.229,0.921,0.501,0.055,0.015,0.985,0.011,0.580
446,14.882,0.000,0.000,0.000,0.000,0,0,0,0.000,0.000,0,0,1.000,0,0.000,0.000,0.000,0.000,0.140,0.891,0.503,2.284,0.016,0.984,0.011,0.580
448,14.948,0.000,0.000,0.000,0.000,0,0,0,0.000,0.000,0,0,1.000,0,0.000,0.000,0.000,0.000,0.800,0.722,0.525,0.812,0.027,0.973,0.039,0.580
450,15.015,0.000,0.000,0.000,0.000,0,0,0,0.000,0.000,0,0,1.000,0,0.000,0.000,0.000,0.000,0.191,0.929,0.628,0.036,0.010,0.990,0.010,0.580
452,15.082,0.000,0.000,0.000,0.000,0,0,0,0.000,0.000,0,0,1.000,0,0.000,0.000,0.000,0.000,0.538,0.773,0.614,2.927,0.020,0.980,0.029,0.580
454,15.148,0.000,0.000,0.000,0.000,0,0,0,0.000,0.000,0,0,1.000,0,0.000,0.000,0.000,0.000,0.640,0.767,0.573,0.047,0.025,0.975,0.032,0.580
456,15.215,0.000,0.000,0.000,0.000,0,0,0,0.000,0.000,0,0,1.000,0,0.000,0.000,0.000,0.000,0.455,0.737,1.046,2.925,0.020,0.980,0.030,0.580
458,15.282,0.000,0.000,0.000,0.000,0,0,0,0.000,0.000,0,0,1.000,0,0.000,0.000,0.000,0.000,0.689,0.721,0.966,0.066,0.029,0.971,0.037,0.580
460,15.349,0.000,0.000,0.000,0.000,0,0,0,0.000,0.000,0,0,1.000,0,0.000,0.000,0.000,0.000,0.482,0.790,0.916,2.633,0.021,0.979,0.027,0.580
462,15.415,0.000,0.000,0.000,0.000,0,0,0,0.000,0.000,0,0,1.000,0,0.000,0.000,0.000,0.000,0.842,0.757,0.780,0.019,0.028,0.972,0.038,0.580
464,15.482,0.000,0.000,0.000,0.000,0,0,0,0.000,0.000,0,0,1.000,0,0.000,0.000,0.000,0.000,0.628,0.761,0.861,3.095,0.024,0.976,0.032,0.580
466,15.549,0.000,0.000,0.000,0.000,0,0,0,0.000,0.000,0,0,1.000,0,0.000,0.000,0.000,0.000,0.263,0.818,0.766,3.129,0.018,0.982,0.019,0.580
468,15.616,0.000,0.000,0.000,0.000,0,0,0,0.000,0.000,0,0,1.000,0,0.000,0.000,0.000,0.000,0.152,0.631,0.671,2.401,0.018,0.982,0.030,0.580
470,15.682,0.000,0.000,0.000,0.000,0,0,0,0.000,0.000,0,0,1.000,0,0.000,0.000,0.000,0.000,0.365,0.750,0.643,0.605,0.028,0.972,0.027,0.580
472,15.749,0.000,0.000,0.000,0.000,0,0,0,0.000,0.000,0,0,1.000,0,0.000,0.000,0.000,0.000,0.114,0.382,0.551,2.420,0.013,0.987,0.046,0.580
474,15.816,0.000,0.000,0.000,0.000,0,0,0,0.000,0.000,0,0,1.000,0,0.000,0.000,0.000,0.000,0.685,0.742,0.564,0.702,0.026,0.974,0.035,0.580
476,15.883,0.000,0.000,0.000,0.000,0,0,0,0.000,0.000,0,0,1.000,0,0.000,0.000,0.000,0.000,0.170,0.917,0.525,0.247,0.013,0.987,0.010,0.580
478,15.949,0.000,0.000,0.000,0.000,0,0,0,0.000,0.000,0,0,1.000,0,0.000,0.000,0.000,0.000,0.328,0.811,0.485,3.018,0.018,0.982,0.021,0.580
480,16.016,0.000,0.000,0.000,0.000,0,0,0,0.000,0.000,0,0,1.000,0,0.000,0.000,0.000,0.000,0.102,0.925,0.453,0.143,0.010,0.990,0.008,0.580
482,16.083,0.000,0.000,0.000,0.000,0,0,0,0.000,0.000,0,0,1.000,0,0.000,0.000,0.000,0.000,0.384,0.887,0.457,2.981,0.025,0.975,0.018,0.580
484,16.149,0.000,0.000,0.000,0.000,0,0,0,0.000,0.000,0,0,1.000,0,0.000,0.000,0.000,0.000,0.496,0.859,0.430,2.012,0.027,0.973,0.022,0.580
486,16.216,0.000,0.000,0.000,0.000,0,0,0,0.000,0.000,0,0,1.000,0,0.000,0.000,0.000,0.000,0.705,0.676,0.387,1.041,0.026,0.974,0.040,0.580
488,16.283,0.000,0.000,0.000,0.000,0,0,0,0.000,0.000,0,0,1.000,0,0.000,0.000,0.000,0.000,0.542,0.706,0.335,0.193,0.022,0.978,0.034,0.580
490,16.350,0.000,0.000,0.000,0.000,0,0,0,0.000,0.000,0,0,1.000,0,0.000,0.000,0.000,0.000,1.069,0.685,0.318,3.086,0.031,0.969,0.049,0.580
492,16.416,0.000,0.000,0.000,0.000,0,0,0,0.000,0.000,0,0,1.000,0,0.000,0.000,0.000,0.000,0.644,0.704,0.242,0.056,0.032,0.968,0.037,0.580
494,16.483,0.000,0.000,0.000,0.000,0,0,0,0.000,0.000,0,0,1.000,0,0.000,0.000,0.000,0.000,0.861,0.750,0.180,2.717,0.027,0.973,0.039,0.580
496,16.550,0.000,0.000,0.000,0.000,0,0,0,0.000,0.000,0,0,1.000,0,0.000,0.000,0.000,0.000,0.342,0.795,0.112,2.945,0.014,0.986,0.023,0.580
498,16.617,0.000,0.000,0.000,0.000,0,0,0,0.000,0.000,0,0,1.000,0,0.000,0.000,0.000,0.000,0.337,0.799,0.136,0.067,0.017,0.983,0.023,0.580
500,16.683,0.000,0.000,0.000,0.000,0,0,0,0.000,0.000,0,0,1.000,0,0.000,0.000,0.000,0.000,0.363,0.735,0.093,3.061,0.017,0.983,0.028,0.580
502,16.750,0.000,0.000,0.000,0.000,0,0,0,0.000,0.000,0,0,1.000,0,0.000,0.000,0.000,0.000,3.859,0.412,0.108,1.241,0.094,0.906,0.138,0.580
504,16.817,0.000,0.000,0.000,0.000,0,0,0,0.000,0.000,0,0,1.000,0,0.000,0.000,0.000,0.000,2.333,0.810,1.213,0.363,0.072,0.928,0.072,0.580
506,16.884,0.000,0.000,0.000,0.000,0,0,0,0.000,0.000,0,0,1.000,0,0.000,0.000,0.000,0.000,2.107,0.428,1.539,1.352,0.087,0.913,0.093,0.700
508,16.950,0.000,0.000,0.000,0.000,0,0,0,0.000,0.000,0,0,1.000,0,0.000,0.000,0.000,0.000,1.635,0.878,2.090,2.784,0.060,0.940,0.049,0.700
510,17.017,0.000,0.000,0.000,0.000,0,0,0,0.000,0.000,0,0,1.000,0,0.000,0.000,0.000,0.000,3.680,0.706,2.766,0.239,0.060,0.940,0.113,0.700
512,17.084,0.000,0.000,0.000,0.000,0,0,0,0.000,0.000,0,0,1.000,0,0.000,0.000,0.000,0.000,2.432,0.637,3.738,0.144,0.053,0.947,0.086,0.700
514,17.150,0.000,0.000,0.000,0.000,0,0,0,0.000,0.000,0,0,1.000,0,0.000,0.000,0.000,0.000,3.051,0.656,4.406,0.420,0.080,0.920,0.100,0.700
516,17.217,0.000,0.000,0.000,0.000,0,0,0,0.000,0.000,0,0,1.000,0,0.000,0.000,0.000,0.000,4.173,0.632,5.344,0.993,0.118,0.882,0.130,0.700
518,17.284,0.000,0.000,0.000,0.000,0,0,0,0.000,0.000,0,0,1.000,0,0.000,0.000,0.000,0.000,3.514,0.635,5.992,2.764,0.061,0.939,0.113,0.700
520,17.351,0.000,0.000,0.000,0.000,0,0,0,0.000,0.000,0,0,1.000,0,0.000,0.000,0.000,0.000,5.893,0.177,7.132,0.676,0.134,0.866,0.205,0.700
522,17.417,0.000,0.000,0.000,0.000,0,0,0,0.000,0.000,0,0,1.000,0,0.000,0.000,0.000,0.000,1.943,0.664,6.799,1.532,0.042,0.958,0.072,0.700
524,17.484,0.000,0.000,0.000,0.000,0,0,0,0.000,0.000,0,0,1.000,0,0.000,0.000,0.000,0.000,2.597,0.280,7.545,2.119,0.081,0.919,0.115,0.700
526,17.551,0.000,0.000,0.000,0.000,0,0,0,0.000,0.000,0,0,1.000,0,0.000,0.000,0.000,0.000,5.424,0.456,7.450,1.164,0.076,0.924,0.174,0.700
528,17.618,0.000,0.000,0.000,0.000,0,0,0,0.000,0.000,0,0,1.000,0,0.000,0.000,0.000,0.000,1.655,0.241,8.732,0.728,0.058,0.942,0.094,0.700
530,17.684,0.000,0.000,0.000,0.000,0,0,0,0.000,0.000,0,0,1.000,0,0.000,0.000,0.000,0.000,2.386,0.475,9.347,0.633,0.087,0.913,0.096,0.700
532,17.751,0.000,0.000,0.000,0.000,0,0,0,0.000,0.000,0,0,1.000,0,0.000,0.000,0.000,0.000,6.113,0.296,9.849,0.844,0.099,0.901,0.202,0.700
534,17.818,0.000,0.000,0.000,0.000,0,0,0,0.000,0.000,0,0,1.000,0,0.000,0.000,0.000,0.000,4.167,0.516,2.903,0.470,0.066,0.934,0.138,0.700
536,17.885,0.000,0.000,0.000,0.000,0,0,0,0.000,0.000,0,0,1.000,0,0.000,0.000,0.000,0.000,3.887,0.312,2.652,0.169,0.102,0.898,0.145,0.700
538,17.951,0.000,0.000,0.000,0.000,0,0,0,0.000,0.000,0,0,1.000,0,0.000,0.000,0.000,0.000,1.718,0.350,2.558,0.177,0.081,0.919,0.088,0.700
540,18.018,0.000,0.000,0.000,0.000,0,0,0,0.000,0.000,0,0,1.000,0,0.000,0.000,0.000,0.000,2.512,0.657,2.481,0.000,0.228,0.772,0.087,0.700
542,18.085,0.000,0.000,0.000,0.000,0,0,0,0.000,0.000,0,0,1.000,0,0.000,0.000,0.000,0.000,4.180,0.634,1.860,0.558,0.161,0.839,0.130,0.700
544,18.151,0.000,0.000,0.000,0.000,0,0,0,0.000,0.000,0,0,1.000,0,0.000,0.000,0.000,0.000,1.972,0.883,1.834,2.039,0.046,0.954,0.058,0.700
546,18.218,0.000,0.000,0.000,0.000,0,0,0,0.000,0.000,0,0,1.000,0,0.000,0.000,0.000,0.000,2.799,0.673,1.573,2.175,0.196,0.804,0.093,0.700
548,18.285,0.000,0.000,0.000,0.000,0,0,0,0.000,0.000,0,0,1.000,0,0.000,0.000,0.000,0.000,2.234,0.912,1.172,0.530,0.201,0.799,0.062,0.580
550,18.352,0.000,0.000,0.000,0.000,0,0,0,0.000,0.000,0,0,1.000,0,0.000,0.000,0.000,0.000,2.594,0.851,0.948,0.091,0.283,0.717,0.075,0.580
552,18.418,0.000,0.000,0.000,0.000,0,0,0,0.000,0.000,0,0,1.000,0,0.000,0.000,0.000,0.000,1.778,0.746,0.450,0.252,0.060,0.940,0.062,0.580
554,18.485,0.000,0.000,0.000,0.000,0,0,0,0.000,0.000,0,0,1.000,0,0.000,0.000,0.000,0.000,9.052,0.243,0.405,0.568,0.375,0.625,0.253,0.625
556,18.552,0.000,0.000,0.000,0.000,0,0,0,0.000,0.000,0,0,1.000,0,0.000,0.000,0.000,0.000,0.423,0.865,0.629,1.027,0.040,0.960,0.020,0.580
558,18.619,0.000,0.000,0.000,0.000,0,0,0,0.000,0.000,0,0,1.000,0,0.000,0.000,0.000,0.000,1.443,0.592,0.179,1.675,0.079,0.921,0.065,0.580
560,18.685,0.000,0.000,0.000,0.000,0,0,0,0.000,0.000,0,0,1.000,0,0.000,0.000,0.000,0.000,0.958,0.597,0.121,0.106,0.061,0.939,0.052,0.580
562,18.752,0.000,0.000,0.000,0.000,0,0,0,0.000,0.000,0,0,1.000,0,0.000,0.000,0.000,0.000,1.843,0.514,0.045,0.140,0.056,0.944,0.080,0.580
564,18.819,0.000,0.000,0.000,0.000,0,0,0,0.000,0.000,0,0,1.000,0,0.000,0.000,0.000,0.000,2.624,0.185,0.337,1.938,0.111,0.889,0.123,0.580
566,18.886,0.000,0.000,0.000,0.000,0,0,0,0.000,0.000,0,0,1.000,0,0.000,0.000,0.000,0.000,0.962,0.549,0.494,0.466,0.064,0.936,0.056,0.580
568,18.952,0.000,0.000,0.000,0.000,0,0,0,0.000,0.000,0,0,1.000,0,0.000,0.000,0.000,0.000,0.380,0.692,0.728,1.161,0.066,0.934,0.031,0.580
570,19.019,0.000,0.000,0.000,0.000,0,0,0,0.000,0.000,0,0,1.000,0,0.000,0.000,0.000,0.000,0.128,0.614,0.799,0.583,0.018,0.982,0.030,0.580
572,19.086,0.000,0.000,0.000,0.000,0,0,0,0.000,0.000,0,0,1.000,0,0.000,0.000,0.000,0.000,0.523,0.328,0.844,0.228,0.043,0.957,0.060,0.580
574,19.152,0.000,0.000,0.000,0.000,0,0,0,0.000,0.000,0,0,1.000,0,0.000,0.000,0.000,0.000,0.564,0.231,1.108,2.203,0.045,0.955,0.068,0.580
576,19.219,0.000,0.000,0.000,0.000,0,0,0,0.000,0.000,0,0,1.000,0,0.000,0.000,0.000,0.000,0.442,0.861,1.085,1.265,0.021,0.979,0.021,0.580
578,19.286,0.000,0.000,0.000,0.000,0,0,0,0.000,0.000,0,0,1.000,0,0.000,0.000,0.000,0.000,0.880,0.818,1.133,0.598,0.028,0.972,0.035,0.580
580,19.353,0.000,0.000,0.000,0.000,0,0,0,0.000,0.000,0,0,1.000,0,0.000,0.000,0.000,0.000,0.743,0.884,1.116,0.031,0.019,0.981,0.027,0.580
582,19.419,0.000,0.000,0.000,0.000,0,0,0,0.000,0.000,0,0,1.000,0,0.000,0.000,0.000,0.000,0.518,0.660,1.182,0.418,0.029,0.971,0.037,0.580
584,19.486,0.000,0.000,0.000,0.000,0,0,0,0.000,0.000,0,0,1.000,0,0.000,0.000,0.000,0.000,0.461,0.732,1.228,0.731,0.042,0.958,0.030,0.580
586,19.553,0.000,0.000,0.000,0.000,0,0,0,0.000,0.000,0,0,1.000,0,0.000,0.000,0.000,0.000,0.163,0.809,1.326,1.968,0.012,0.988,0.017,0.580
588,19.620,0.000,0.000,0.000,0.000,0,0,0,0.000,0.000,0,0,1.000,0,0.000,0.000,0.000,0.000,0.225,0.759,1.129,0.208,0.017,0.983,0.022,0.580
590,19.686,0.000,0.000,0.000,0.000,0,0,0,0.000,0.000,0,0,1.000,0,0.000,0.000,0.000,0.000,0.108,0.823,1.155,0.514,0.010,0.990,0.015,0.580
592,19.753,0.000,0.000,0.000,0.000,0,0,0,0.000,0.000,0,0,1.000,0,0.000,0.000,0.000,0.000,9.990,0.116,1.102,2.482,0.325,0.675,0.262,0.580
594,19.820,0.000,0.000,0.000,0.000,0,0,0,0.000,0.000,0,0,1.000,0,0.000,0.000,0.000,0.000,0.177,0.902,0.767,1.575,0.018,0.982,0.011,0.580
596,19.887,0.000,0.000,0.000,0.000,0,0,0,0.000,0.000,0,0,1.000,0,0.000,0.000,0.000,0.000,0.221,0.926,0.812,0.571,0.012,0.988,0.011,0.580
598,19.953,0.000,0.000,0.000,0.000,0,0,0,0.000,0.000,0,0,1.000,0,0.000,0.000,0.000,0.000,2.093,0.834,0.732,0.907,0.038,0.962,0.064,0.580
600,20.020,0.000,0.000,0.000,0.000,0,0,0,0.000,0.000,0,0,1.000,0,0.000,0.000,0.000,0.000,0.796,0.873,0.609,1.748,0.049,0.951,0.029,0.580
602,20.087,0.000,0.000,0.000,0.000,0,0,0,0.000,0.000,0,0,1.000,0,0.000,0.000,0.000,0.000,1.039,0.770,0.490,0.781,0.044,0.956,0.042,0.580
604,20.153,0.000,0.000,0.000,0.000,0,0,0,0.000,0.000,0,0,1.000,0,0.000,0.000,0.000,0.000,2.327,0.765,0.363,2.682,0.055,0.945,0.075,0.580
606,20.220,0.000,0.000,0.000,0.000,0,0,0,0.000,0.000,0,0,1.000,0,0.000,0.000,0.000,0.000,1.288,0.739,0.257,0.247,0.023,0.977,0.050,0.580
608,20.287,0.000,0.000,0.000,0.000,0,0,0,0.000,0.000,0,0,1.000,0,0.000,0.000,0.000,0.000,0.364,0.805,0.155,2.825,0.036,0.964,0.023,0.580
610,20.354,0.000,0.000,0.000,0.000,0,0,0,0.000,0.000,0,0,1.000,0,0.000,0.000,0.000,0.000,1.475,0.758,0.128,0.297,0.034,0.966,0.054,0.580
612,20.420,0.000,0.000,0.000,0.000,0,0,0,0.000,0.000,0,0,1.000,0,0.000,0.000,0.000,0.000,0.850,0.722,0.047,2.709,0.036,0.964,0.041,0.580
614,20.487,0.000,0.000,0.000,0.000,0,0,0,0.000,0.000,0,0,1.000,0,0.000,0.000,0.000,0.000,0.689,0.803,0.003,0.390,0.044,0.956,0.031,0.580
616,20.554,0.000,0.000,0.000,0.000,0,0,0,0.000,0.000,0,0,1.000,0,0.000,0.000,0.000,0.000,1.970,0.794,0.935,2.221,0.046,0.954,0.064,0.580
618,20.621,0.000,0.000,0.000,0.000,0,0,0,0.000,0.000,0,0,1.000,0,0.000,0.000,0.000,0.000,2.606,0.820,1.125,0.004,0.040,0.960,0.078,0.580
620,20.687,0.000,0.000,0.000,0.000,0,0,0,0.000,0.000,0,0,1.000,0,0.000,0.000,0.000,0.000,4.666,0.757,1.503,2.378,0.064,0.936,0.134,0.700
622,20.754,0.000,0.000,0.000,0.000,0,0,0,0.000,0.000,0,0,1.000,0,0.000,0.000,0.000,0.000,0.366,0.674,2.007,2.680,0.036,0.964,0.032,0.700
624,20.821,0.000,0.000,0.000,0.000,0,0,0,0.000,0.000,0,0,1.000,0,0.000,0.000,0.000,0.000,3.534,0.765,0.061,0.043,0.054,0.946,0.105,0.580
626,20.888,0.000,0.000,0.000,0.000,0,0,0,0.000,0.000,0,0,1.000,0,0.000,0.000,0.000,0.000,0.835,0.777,0.223,2.441,0.016,0.984,0.036,0.580
628,20.954,0.000,0.000,0.000,0.000,0,0,0,0.000,0.000,0,0,1.000,0,0.000,0.000,0.000,0.000,1.135,0.875,0.260,0.614,0.034,0.966,0.037,0.580
630,21.021,0.000,0.000,0.000,0.000,0,0,0,0.000,0.000,0,0,1.000,0,0.000,0.000,0.000,0.000,3.886,0.692,0.185,3.027,0.046,0.954,0.119,0.580
632,21.088,0.000,0.000,0.000,0.000,0,0,0,0.000,0.000,0,0,1.000,0,0.000,0.000,0.000,0.000,1.367,0.655,0.254,1.812,0.027,0.973,0.058,0.580
634,21.154,0.000,0.000,0.000,0.000,0,0,0,0.000,0.000,0,0,1.000,0,0.000,0.000,0.000,0.000,2.512,0.782,0.249,0.311,0.048,0.952,0.078,0.580
636,21.221,0.000,0.000,0.000,0.000,0,0,0,0.000,0.000,0,0,1.000,0,0.000,0.000,0.000,0.000,0.563,0.899,0.205,0.014,0.029,0.971,0.021,0.580
638,21.288,0.000,0.000,0.000,0.000,0,0,0,0.000,0.000,0,0,1.000,0,0.000,0.000,0.000,0.000,2.655,0.742,0.162,2.133,0.035,0.965,0.084,0.580
640,21.355,0.000,0.000,0.000,0.000,0,0,0,0.000,0.000,0,0,1.000,0,0.000,0.000,0.000,0.000,1.638,0.693,0.239,0.240,0.035,0.965,0.062,0.580
642,21.421,0.000,0.000,0.000,0.000,0,0,0,0.000,0.000,0,0,1.000,0,0.000,0.000,0.000,0.000,0.637,0.712,0.224,1.215,0.028,0.972,0.036,0.580
644,21.488,0.000,0.000,0.000,0.000,0,0,0,0.000,0.000,0,0,1.000,0,0.000,0.000,0.000,0.000,1.131,0.521,0.209,0.316,0.052,0.948,0.062,0.580
646,21.555,0.000,0.000,0.000,0.000,0,0,0,0.000,0.000,0,0,1.000,0,0.000,0.000,0.000,0.000,2.788,0.811,0.216,0.141,0.033,0.967,0.083,0.580
648,21.622,0.000,0.000,0.000,0.000,0,0,0,0.000,0.000,0,0,1.000,0,0.000,0.000,0.000,0.000,1.351,0.268,0.190,2.554,0.045,0.955,0.085,0.580
650,21.688,0.000,0.000,0.000,0.000,0,0,0,0.000,0.000,0,0,1.000,0,0.000,0.000,0.000,0.000,1.386,0.536,0.087,0.794,0.032,0.968,0.067,0.580
652,21.755,0.000,0.000,0.000,0.000,0,0,0,0.000,0.000,0,0,1.000,0,0.000,0.000,0.000,0.000,0.127,0.243,0.132,1.585,0.023,0.977,0.056,0.580
654,21.822,0.000,0.000,0.000,0.000,0,0,0,0.000,0.000,0,0,1.000,0,0.000,0.000,0.000,0.000,0.090,0.208,0.266,2.758,0.016,0.984,0.058,0.580
656,21.889,0.000,0.000,0.000,0.000,0,0,0,0.000,0.000,0,0,1.000,0,0.000,0.000,0.000,0.000,0.071,0.303,0.119,1.900,0.014,0.986,0.051,0.580
658,21.955,0.000,0.000,0.000,0.000,0,0,0,0.000,0.000,0,0,1.000,0,0.000,0.000,0.000,0.000,0.099,0.691,0.200,1.375,0.020,0.980,0.024,0.580
660,22.022,0.000,0.000,0.000,0.000,0,0,0,0.000,0.000,0,0,1.000,0,0.000,0.000,0.000,0.000,0.094,0.874,0.204,1.256,0.014,0.986,0.011,0.580
662,22.089,0.000,3.606,0.000,2.191,1,0,1,0.000,1.417,0,0,1.000,0,0.000,0.000,0.000,0.000,12.121,0.235,0.542,1.705,0.868,0.132,0.404,0.800
664,22.155,328.038,0.000,324.876,0.000,1,1,0,0.000,0.702,0,0,1.000,0,0.000,0.000,0.000,0.000,0.246,0.662,0.005,2.446,0.032,0.968,0.410,0.550
666,22.222,2.000,0.000,-326.038,0.000,1,1,0,0.000,0.623,0,0,1.000,0,0.000,0.000,0.000,0.000,0.225,0.488,0.132,0.350,0.024,0.976,0.183,0.580
668,22.289,3.162,0.000,1.162,0.000,1,1,0,0.000,0.565,0,0,1.000,0,0.000,0.000,0.000,0.000,0.297,0.566,0.109,2.422,0.026,0.974,0.185,0.580
670,22.356,310.214,9.055,307.052,5.450,2,1,1,311.451,1.504,0,0,1.000,0,0.000,0.000,0.000,0.000,0.313,0.600,0.354,0.437,0.026,0.974,0.466,0.650
672,22.422,4.472,6.000,-305.742,-3.055,2,1,1,314.951,1.656,0,0,1.000,0,0.000,0.000,0.000,0.000,0.589,0.542,0.433,0.030,0.032,0.968,0.260,0.580
674,22.489,22.561,12.042,18.089,6.042,2,1,1,316.765,1.508,0,0,1.000,0,0.000,0.000,0.000,0.000,0.957,0.630,0.420,0.052,0.035,0.965,0.355,0.550
676,22.556,0.000,20.616,0.000,8.574,1,0,1,0.000,1.352,0,0,1.000,0,0.000,0.000,0.000,0.000,1.674,0.293,0.461,0.076,0.046,0.954,0.336,0.650
678,22.623,64.288,24.187,41.727,3.571,2,1,1,353.000,1.367,0,0,1.000,0,0.000,0.000,0.000,0.000,1.888,0.475,0.555,0.099,0.042,0.958,0.514,0.650
680,22.689,11.662,20.809,-52.627,-3.378,2,1,1,359.068,0.999,0,0,1.000,0,0.000,0.000,0.000,0.000,1.681,0.534,0.462,0.153,0.048,0.952,0.370,0.450
682,22.756,9.434,15.811,-2.228,-4.997,2,1,1,373.193,0.979,0,0,1.000,0,0.000,0.000,0.000,0.000,1.317,0.566,0.334,0.037,0.045,0.955,0.331,0.350
684,22.823,8.062,12.083,-1.372,-3.728,2,1,1,379.297,1.031,0,0,1.000,0,0.000,0.000,0.000,0.000,1.178,0.727,0.240,0.084,0.046,0.954,0.296,0.350
686,22.890,10.198,7.211,2.136,-4.872,2,0,1,385.157,1.000,0,0,1.000,0,0.000,0.000,0.000,0.000,0.826,0.721,0.042,0.205,0.043,0.957,0.277,0.550
688,22.956,3.606,4.123,-6.592,-3.088,2,0,1,392.082,0.761,0,0,1.000,0,0.000,0.000,0.000,0.000,0.344,0.377,0.134,1.040,0.030,0.970,0.255,0.580
690,23.023,2.000,3.606,-1.606,-0.518,2,0,1,397.045,0.565,0,0,1.000,0,0.000,0.000,0.000,0.000,0.320,0.609,0.204,2.172,0.028,0.972,0.235,0.580
692,23.090,2.000,1.000,0.000,-2.606,2,0,0,397.062,0.731,0,0,1.000,0,0.000,0.000,0.000,0.000,0.272,0.552,0.528,0.111,0.063,0.937,0.149,0.580
694,23.156,1.000,1.000,-1.000,0.000,2,0,0,397.031,1.063,0,0,1.000,0,0.000,0.000,0.000,0.000,0.277,0.747,0.347,0.043,0.038,0.962,0.130,0.580
696,23.223,1.000,1.414,0.000,0.414,2,0,0,397.020,1.158,0,0,1.000,0,0.000,0.000,0.000,0.000,0.215,0.852,0.292,0.120,0.027,0.973,0.124,0.580
698,23.290,3.162,1.000,2.162,-0.414,2,0,0,397.001,1.257,0,0,1.000,0,0.000,0.000,0.000,0.000,0.281,0.307,0.284,1.083,0.030,0.970,0.173,0.580
700,23.357,6.325,4.123,3.162,3.123,2,0,0,394.001,1.203,0,0,1.000,0,0.000,0.000,0.000,0.000,0.539,0.707,0.230,1.619,0.036,0.964,0.169,0.580
702,23.423,1.414,2.236,-4.910,-1.887,2,0,0,394.000,1.332,0,0,1.000,0,0.000,0.000,0.000,0.000,0.293,0.437,0.194,0.335,0.030,0.970,0.159,0.580
704,23.490,16.031,11.402,14.617,9.166,2,0,0,392.032,1.521,0,0,1.000,0,0.000,0.000,0.000,0.000,1.248,0.890,0.200,2.379,0.040,0.960,0.228,0.550
706,23.557,16.031,18.028,0.000,6.626,2,0,0,392.011,1.447,0,0,1.000,0,0.000,0.000,0.000,0.000,2.198,0.806,0.189,0.024,0.048,0.952,0.269,0.350
708,23.624,7.616,10.440,-8.415,-7.587,2,0,0,382.021,1.404,0,0,1.000,0,0.000,0.000,0.000,0.000,1.189,0.598,0.154,0.301,0.044,0.956,0.216,0.350
710,23.690,8.062,4.472,0.446,-5.968,2,0,0,374.108,1.222,0,0,1.000,0,0.000,0.000,0.000,0.000,1.044,0.430,0.181,1.481,0.047,0.953,0.211,0.550
712,23.757,4.123,5.385,-3.939,0.913,2,0,0,373.086,1.215,0,0,1.000,0,0.000,0.000,0.000,0.000,0.919,0.481,0.202,0.550,0.049,0.951,0.189,0.580
714,23.824,15.811,5.000,11.688,-0.385,2,0,0,375.012,1.185,0,0,1.000,0,0.000,0.000,0.000,0.000,1.442,0.656,0.240,1.957,0.054,0.946,0.248,0.550
716,23.891,26.571,17.000,10.759,12.000,2,0,0,384.158,1.181,0,0,1.000,0,0.000,0.000,0.000,0.000,2.510,0.682,0.261,0.192,0.052,0.948,0.333,0.550
718,23.957,14.765,13.153,-11.806,-3.847,2,0,0,389.155,1.061,0,0,1.000,0,0.000,0.000,0.000,0.000,1.685,0.654,0.241,0.117,0.052,0.948,0.248,0.550
720,24.024,7.071,4.472,-7.694,-8.681,2,0,0,384.005,1.123,0,0,1.000,0,0.000,0.000,0.000,0.000,0.572,0.596,0.216,0.861,0.042,0.958,0.182,0.350
722,24.091,16.031,10.817,8.960,6.345,2,0,0,377.033,1.133,0,0,1.000,0,0.000,0.000,0.000,0.000,1.273,0.531,0.216,1.184,0.047,0.953,0.254,0.350
724,24.157,21.213,9.000,5.182,-1.817,2,0,0,374.386,1.047,0,0,1.000,0,0.000,0.000,0.000,0.000,1.633,0.551,0.409,0.399,0.046,0.954,0.290,0.550
726,24.224,7.810,1.000,-13.403,-8.000,2,0,0,380.695,1.025,0,0,1.000,0,0.000,0.000,0.000,0.000,0.694,0.480,0.563,1.164,0.037,0.963,0.197,0.550
728,24.291,23.537,21.000,15.727,20.000,2,0,0,385.572,1.131,0,0,1.000,0,0.000,0.000,0.000,0.000,2.011,0.511,0.619,1.446,0.047,0.953,0.315,0.550
730,24.358,23.087,13.928,-0.450,-7.072,2,1,0,382.158,0.912,0,0,1.000,0,0.000,0.000,0.000,0.000,1.817,0.469,0.818,0.136,0.049,0.951,0.391,0.500
732,24.424,7.071,3.000,-16.016,-10.928,2,1,0,374.048,0.982,0,0,1.000,0,0.000,0.000,0.000,0.000,0.765,0.295,0.956,1.002,0.037,0.963,0.288,0.350
734,24.491,2.000,2.000,-5.071,-1.000,2,1,0,372.022,1.159,0,0,1.000,0,0.000,0.000,0.000,0.000,0.546,0.560,1.023,0.989,0.032,0.968,0.236,0.580
736,24.558,2.000,1.414,0.000,-0.586,2,1,0,375.012,1.138,0,0,1.000,0,0.000,0.000,0.000,0.000,0.527,0.523,0.895,0.388,0.031,0.969,0.238,0.580
738,24.625,2.828,1.000,0.828,-0.414,2,1,0,378.033,1.108,0,0,1.000,0,0.000,0.000,0.000,0.000,0.369,0.766,0.587,0.006,0.031,0.969,0.221,0.580
740,24.691,1.000,3.162,-1.828,2.162,2,1,0,378.005,1.392,0,0,1.000,0,0.000,0.000,0.000,0.000,0.365,0.615,0.624,0.478,0.028,0.972,0.234,0.350
742,24.758,3.162,2.828,2.162,-0.334,2,1,0,375.012,1.444,0,0,1.000,0,0.000,0.000,0.000,0.000,0.318,0.339,0.666,0.563,0.027,0.973,0.252,0.350
744,24.825,2.236,3.000,-0.926,0.172,2,1,0,374.021,1.459,0,0,1.000,0,0.000,0.000,0.000,0.000,0.308,0.726,0.663,0.965,0.027,0.973,0.224,0.350
746,24.892,2.000,1.000,-0.236,-2.000,2,1,0,374.012,1.501,0,0,1.000,0,0.000,0.000,0.000,0.000,0.333,0.667,0.475,0.280,0.029,0.971,0.223,0.580
748,24.958,6.403,5.385,4.403,4.385,2,1,0,377.005,1.673,0,0,1.000,0,0.000,0.000,0.000,0.000,0.697,0.146,0.012,1.482,0.039,0.961,0.293,0.550
750,25.025,8.246,8.246,1.843,2.861,2,1,0,373.005,1.717,0,0,1.000,0,0.000,0.000,0.000,0.000,1.137,0.286,0.203,0.687,0.049,0.951,0.304,0.350
752,25.092,4.123,6.083,-4.123,-2.163,2,1,0,371.000,1.325,0,0,1.000,0,0.000,0.000,0.000,0.000,0.660,0.476,0.178,0.133,0.043,0.957,0.267,0.550
754,25.158,1.000,1.000,-3.123,-5.083,2,1,0,371.000,1.392,0,0,1.000,0,0.000,0.000,0.000,0.000,0.276,0.761,0.340,0.760,0.027,0.973,0.209,0.580
756,25.225,1.000,2.000,0.000,1.000,2,1,0,373.001,1.294,0,0,1.000,0,0.000,0.000,0.000,0.000,0.202,0.336,0.620,0.056,0.020,0.980,0.243,0.580
758,25.292,4.472,1.414,3.472,-0.586,2,1,0,378.000,1.392,0,0,1.000,0,0.000,0.000,0.000,0.000,0.266,0.505,0.755,0.272,0.025,0.975,0.246,0.350
760,25.359,6.403,2.828,1.931,1.414,2,1,0,375.048,1.464,0,0,1.000,0,0.000,0.000,0.000,0.000,0.344,0.643,1.147,0.458,0.029,0.971,0.249,0.350
762,25.425,5.831,0.000,-0.572,-2.828,2,1,0,378.160,1.586,0,0,1.000,0,0.000,0.000,0.000,0.000,0.313,0.750,1.492,0.531,0.029,0.971,0.238,0.700
764,25.492,2.236,1.414,-3.595,1.414,2,1,0,377.107,1.627,0,0,1.000,0,0.000,0.000,0.000,0.000,0.331,0.862,1.730,0.144,0.028,0.972,0.210,0.700
766,25.559,8.544,0.000,6.308,-1.414,2,1,0,380.001,1.667,0,0,1.000,0,0.000,0.000,0.000,0.000,0.476,0.620,1.560,1.105,0.031,0.969,0.266,0.700
768,25.626,4.123,2.828,-4.421,2.828,2,1,0,381.064,2.046,0,0,1.000,0,0.000,0.000,0.000,0.000,0.764,0.403,1.407,0.780,0.039,0.961,0.264,0.700
770,25.692,3.606,4.000,-0.518,1.172,2,1,0,387.129,1.984,0,0,1.000,0,0.000,0.000,0.000,0.000,0.696,0.513,1.186,0.655,0.038,0.962,0.254,0.350
772,25.759,4.123,4.123,0.518,0.123,2,1,0,387.129,1.892,0,0,1.000,0,0.000,0.000,0.000,0.000,0.598,0.683,1.023,0.403,0.038,0.962,0.240,0.350
774,25.826,1.000,1.000,-3.123,-3.123,2,1,0,385.130,1.803,0,0,1.000,0,0.000,0.000,0.000,0.000,0.256,0.697,0.892,0.192,0.026,0.974,0.213,0.580
776,25.893,1.414,1.000,0.414,0.000,2,1,0,386.130,1.732,0,0,1.000,0,0.000,0.000,0.000,0.000,0.235,0.740,0.763,3.053,0.024,0.976,0.212,0.580
778,25.959,2.236,1.414,0.822,0.414,2,1,0,389.185,1.708,0,0,1.000,0,0.000,0.000,0.000,0.000,0.159,0.528,0.665,1.074,0.017,0.983,0.229,0.350
780,26.026,2.000,2.236,-0.236,0.822,2,1,1,393.215,1.444,0,0,1.000,0,0.000,0.000,0.000,0.000,0.199,0.237,0.658,1.194,0.020,0.980,0.251,0.500
782,26.093,4.123,5.385,2.123,3.149,2,1,1,394.249,1.488,0,0,1.000,0,0.000,0.000,0.000,0.000,0.495,0.412,0.835,0.121,0.031,0.969,0.263,0.350
784,26.159,6.325,9.434,2.201,4.049,2,1,1,397.322,1.119,0,0,1.000,0,0.000,0.000,0.000,0.000,0.722,0.289,0.795,2.144,0.031,0.969,0.300,0.550
786,26.226,2.236,5.385,-4.088,-4.049,2,1,1,398.453,1.033,0,0,1.000,0,0.000,0.000,0.000,0.000,0.590,0.065,0.613,2.369,0.035,0.965,0.290,0.550
788,26.293,2.000,5.000,-0.236,-0.385,2,1,1,401.549,0.987,0,0,1.000,0,0.000,0.000,0.000,0.000,0.493,0.233,0.484,0.202,0.034,0.966,0.274,0.550
790,26.360,0.000,7.071,-2.000,2.071,2,1,1,396.323,0.938,0,0,1.000,0,0.000,0.000,0.000,0.000,0.437,0.363,0.311,0.004,0.029,0.971,0.275,0.350
792,26.426,4.000,2.236,4.000,-4.835,2,1,1,397.247,1.034,0,0,1.000,0,0.000,0.000,0.000,0.000,0.529,0.156,0.096,0.582,0.031,0.969,0.275,0.350
794,26.493,4.123,9.434,0.123,7.198,2,1,1,401.404,0.948,0,0,1.000,0,0.000,0.000,0.000,0.000,0.891,0.116,0.091,0.552,0.040,0.960,0.317,0.550
796,26.560,0.000,0.000,0.000,0.000,0,0,0,0.000,0.000,0,0,1.000,0,0.000,0.000,0.000,0.000,3.694,0.321,0.314,0.788,0.090,0.910,0.140,0.650
798,26.627,82.976,138.159,78.853,128.725,2,1,1,219.112,1.125,0,0,1.000,0,0.000,0.000,0.000,0.000,1.640,0.141,1.256,1.634,0.047,0.953,0.531,0.650
800,26.693,27.731,34.785,-55.245,-103.374,2,1,1,229.401,1.143,0,0,1.000,0,0.000,0.000,0.000,0.000,2.037,0.091,1.315,0.718,0.043,0.957,0.488,0.450
802,26.760,27.659,47.011,-0.072,12.226,2,1,1,271.768,1.158,0,0,1.000,0,0.000,0.000,0.000,0.000,2.632,0.254,1.552,1.436,0.053,0.947,0.548,0.700
804,26.827,30.529,36.674,2.870,-10.336,2,1,1,325.000,1.162,0,0,1.000,0,0.000,0.000,0.000,0.000,2.027,0.290,2.033,0.056,0.058,0.942,0.484,0.700
806,26.894,26.476,9.055,-4.052,-27.619,2,1,1,338.851,1.336,0,0,1.000,0,0.000,0.000,0.000,0.000,1.198,0.302,2.491,2.072,0.049,0.951,0.406,0.700
808,26.960,18.111,33.541,-8.366,24.486,2,1,1,321.168,1.113,0,0,1.000,0,0.000,0.000,0.000,0.000,2.017,0.527,2.715,0.390,0.047,0.953,0.450,0.700
810,27.027,1.414,34.176,-16.697,0.635,2,1,1,291.810,0.837,0,0,1.000,0,0.000,0.000,0.000,0.000,1.884,0.636,3.269,0.115,0.054,0.946,0.442,0.700
812,27.094,3.000,2.828,1.586,-31.348,2,1,1,294.007,1.101,0,0,1.000,0,0.000,0.000,0.000,0.000,0.680,0.594,5.332,0.419,0.051,0.949,0.242,0.700
814,27.160,1.000,4.123,-2.000,1.295,2,1,1,295.042,1.435,0,0,1.000,0,0.000,0.000,0.000,0.000,0.438,0.549,5.799,2.037,0.039,0.961,0.245,0.700
816,27.227,1.414,1.414,0.414,-2.709,2,1,1,294.703,1.370,0,0,1.000,0,0.000,0.000,0.000,0.000,0.226,0.259,5.056,1.438,0.027,0.973,0.245,0.700
818,27.294,0.000,1.414,-1.414,0.000,2,1,1,293.298,1.528,0,0,1.000,0,0.000,0.000,0.000,0.000,0.317,0.250,4.872,0.242,0.032,0.968,0.248,0.700
820,27.361,0.000,2.236,0.000,0.822,2,1,1,293.764,1.757,0,0,1.000,0,0.000,0.000,0.000,0.000,0.274,0.700,4.846,1.644,0.030,0.970,0.220,0.700
822,27.427,1.000,7.071,1.000,4.835,2,1,1,299.737,2.036,0,0,1.000,0,0.000,0.000,0.000,0.000,0.558,0.700,4.804,0.304,0.035,0.965,0.254,0.700
824,27.494,0.000,9.055,-1.000,1.984,2,1,1,304.795,2.525,0,0,1.000,0,0.000,0.000,0.000,0.000,0.551,0.785,4.810,0.071,0.038,0.962,0.259,0.700
826,27.561,1.000,8.062,1.000,-0.993,2,1,1,308.623,2.618,0,0,1.000,0,0.000,0.000,0.000,0.000,0.436,0.782,3.983,0.212,0.031,0.969,0.251,0.700
828,27.628,1.000,3.162,0.000,-4.900,2,1,1,310.653,2.880,0,0,1.000,0,0.000,0.000,0.000,0.000,0.228,0.908,0.499,0.406,0.025,0.975,0.210,0.580
830,27.694,0.000,10.817,-1.000,7.654,2,1,1,300.147,2.749,0,0,1.000,0,0.000,0.000,0.000,0.000,0.704,0.843,0.302,1.433,0.034,0.966,0.269,0.550
832,27.761,0.000,25.710,0.000,14.893,2,1,1,279.258,3.142,0,0,1.000,0,0.000,0.000,0.000,0.000,1.552,0.816,0.087,0.413,0.043,0.957,0.375,0.550
834,27.828,3.162,25.179,3.162,-0.531,2,1,1,259.124,3.142,0,0,1.000,0,0.000,0.000,0.000,0.000,1.584,0.683,0.127,0.078,0.059,0.941,0.382,0.350
836,27.895,11.402,6.708,8.239,-18.471,2,1,1,253.870,1.599,0,0,1.000,0,0.000,0.000,0.000,0.000,0.710,0.198,0.271,0.995,0.044,0.956,0.317,0.480
838,27.961,23.770,7.280,12.368,0.572,2,1,1,242.396,1.069,0,0,1.000,0,0.000,0.000,0.000,0.000,1.383,0.320,0.377,0.557,0.053,0.947,0.394,0.350
840,28.028,0.000,229.120,0.000,6.976,2,0,1,229.120,1.235,0,0,1.000,0,0.000,0.000,0.000,0.000,1.919,0.354,0.556,0.054,0.060,0.940,0.523,0.500
842,28.095,0.000,17.720,0.000,-211.400,1,0,1,0.000,1.281,0,0,1.000,0,0.000,0.000,0.000,0.000,2.230,0.417,0.697,0.114,0.081,0.919,0.325,0.650
844,28.161,0.000,0.000,0.000,0.000,0,0,0,0.000,0.000,0,0,1.000,0,0.000,0.000,0.000,0.000,10.709,0.064,0.606,0.212,0.931,0.069,0.266,0.800
846,28.228,0.000,0.000,0.000,0.000,0,0,0,0.000,0.000,0,0,1.000,0,0.000,0.000,0.000,0.000,2.643,0.959,0.156,2.627,0.271,0.729,0.069,0.580
848,28.295,0.000,0.000,0.000,0.000,0,0,0,0.000,0.000,0,0,1.000,0,0.000,0.000,0.000,0.000,2.768,0.951,0.345,1.292,0.272,0.728,0.073,0.580
850,28.362,0.000,0.000,0.000,0.000,0,0,0,0.000,0.000,0,0,1.000,0,0.000,0.000,0.000,0.000,2.744,0.953,0.520,1.297,0.269,0.731,0.072,0.580
852,28.428,0.000,0.000,0.000,0.000,0,0,0,0.000,0.000,0,0,1.000,0,0.000,0.000,0.000,0.000,2.347,0.971,0.693,1.390,0.268,0.732,0.061,0.580
854,28.495,0.000,0.000,0.000,0.000,0,0,0,0.000,0.000,0,0,1.000,0,0.000,0.000,0.000,0.000,2.723,0.948,0.813,1.420,0.273,0.727,0.072,0.580
856,28.562,0.000,0.000,0.000,0.000,0,0,0,0.000,0.000,0,0,1.000,0,0.000,0.000,0.000,0.000,2.642,0.954,0.969,1.556,0.268,0.732,0.069,0.580
858,28.629,0.000,0.000,0.000,0.000,0,0,0,0.000,0.000,0,0,1.000,0,0.000,0.000,0.000,0.000,2.883,0.944,1.669,1.390,0.274,0.726,0.076,0.700
860,28.695,0.000,0.000,0.000,0.000,0,0,0,0.000,0.000,0,0,1.000,0,0.000,0.000,0.000,0.000,2.551,0.962,1.967,1.368,0.279,0.721,0.066,0.700
862,28.762,0.000,0.000,0.000,0.000,0,0,0,0.000,0.000,0,0,1.000,0,0.000,0.000,0.000,0.000,2.962,0.950,2.351,1.504,0.278,0.722,0.078,0.700
864,28.829,0.000,0.000,0.000,0.000,0,0,0,0.000,0.000,0,0,1.000,0,0.000,0.000,0.000,0.000,2.931,0.953,3.037,0.098,0.282,0.718,0.077,0.700
866,28.896,0.000,0.000,0.000,0.000,0,0,0,0.000,0.000,0,0,1.000,0,0.000,0.000,0.000,0.000,2.751,0.959,3.455,0.129,0.288,0.712,0.072,0.700
868,28.962,0.000,0.000,0.000,0.000,0,0,0,0.000,0.000,0,0,1.000,0,0.000,0.000,0.000,0.000,2.855,0.966,3.775,1.430,0.290,0.710,0.074,0.700
870,29.029,0.000,0.000,0.000,0.000,0,0,0,0.000,0.000,0,0,1.000,0,0.000,0.000,0.000,0.000,2.879,0.965,4.519,1.380,0.287,0.713,0.074,0.700
872,29.096,0.000,0.000,0.000,0.000,0,0,0,0.000,0.000,0,0,1.000,0,0.000,0.000,0.000,0.000,2.763,0.971,4.592,1.379,0.284,0.716,0.071,0.700
874,29.162,0.000,0.000,0.000,0.000,0,0,0,0.000,0.000,0,0,1.000,0,0.000,0.000,0.000,0.000,2.634,0.966,3.707,1.431,0.282,0.718,0.068,0.700
876,29.229,0.000,0.000,0.000,0.000,0,0,0,0.000,0.000,0,0,1.000,0,0.000,0.000,0.000,0.000,2.614,0.965,0.467,1.264,0.276,0.724,0.068,0.580
878,29.296,0.000,0.000,0.000,0.000,0,0,0,0.000,0.000,0,0,1.000,0,0.000,0.000,0.000,0.000,2.593,0.963,0.404,0.060,0.277,0.723,0.067,0.580
880,29.363,0.000,0.000,0.000,0.000,0,0,0,0.000,0.000,0,0,1.000,0,0.000,0.000,0.000,0.000,11.196,0.233,0.337,0.858,0.337,0.663,0.254,0.580
882,29.429,0.000,0.000,0.000,0.000,0,0,0,0.000,0.000,0,0,1.000,0,0.000,0.000,0.000,0.000,0.001,1.000,0.503,0.953,0.000,1.000,0.000,0.580
884,29.496,0.000,0.000,0.000,0.000,0,0,0,0.000,0.000,0,0,1.000,0,0.000,0.000,0.000,0.000,0.001,1.000,0.396,1.553,0.000,1.000,0.000,0.580
886,29.563,0.000,0.000,0.000,0.000,0,0,0,0.000,0.000,0,0,1.000,0,0.000,0.000,0.000,0.000,0.000,1.000,0.266,1.508,0.000,1.000,0.000,0.580
888,29.630,0.000,0.000,0.000,0.000,0,0,0,0.000,0.000,0,0,1.000,0,0.000,0.000,0.000,0.000,0.000,1.000,0.134,0.064,0.000,1.000,0.000,0.580
890,29.696,0.000,0.000,0.000,0.000,0,0,0,0.000,0.000,0,0,1.000,0,0.000,0.000,0.000,0.000,0.000,1.000,0.024,0.011,0.000,1.000,0.000,0.580
892,29.763,0.000,0.000,0.000,0.000,0,0,0,0.000,0.000,0,0,1.000,0,0.000,0.000,0.000,0.000,0.000,1.000,0.157,0.006,0.000,1.000,0.000,0.580
894,29.830,0.000,0.000,0.000,0.000,0,0,0,0.000,0.000,0,0,1.000,0,0.000,0.000,0.000,0.000,0.000,1.000,0.292,0.005,0.000,1.000,0.000,0.580
896,29.897,0.000,0.000,0.000,0.000,0,0,0,0.000,0.000,0,0,1.000,0,0.000,0.000,0.000,0.000,0.000,1.000,0.427,0.000,0.000,1.000,0.000,0.580
898,29.963,0.000,0.000,0.000,0.000,0,0,0,0.000,0.000,0,0,1.000,0,0.000,0.000,0.000,0.000,0.000,1.000,0.598,0.020,0.000,1.000,0.000,0.580
900,30.030,0.000,0.000,0.000,0.000,0,0,0,0.000,0.000,0,0,1.000,0,0.000,0.000,0.000,0.000,0.000,1.000,0.754,0.591,0.000,1.000,0.000,0.580
902,30.097,0.000,0.000,0.000,0.000,0,0,0,0.000,0.000,0,0,1.000,0,0.000,0.000,0.000,0.000,0.000,1.000,0.891,0.591,0.000,1.000,0.000,0.580
904,30.163,0.000,0.000,0.000,0.000,0,0,0,0.000,0.000,0,0,1.000,0,0.000,0.000,0.000,0.000,0.000,1.000,1.008,0.283,0.000,1.000,0.000,0.580
906,30.230,0.000,0.000,0.000,0.000,0,0,0,0.000,0.000,0,0,1.000,0,0.000,0.000,0.000,0.000,0.000,1.000,10.597,0.528,0.000,1.000,0.000,0.700
908,30.297,0.000,0.000,0.000,0.000,0,0,0,0.000,0.000,0,0,1.000,0,0.000,0.000,0.000,0.000,0.000,1.000,11.607,0.528,0.000,1.000,0.000,0.700
910,30.364,0.000,0.000,0.000,0.000,0,0,0,0.000,0.000,0,0,1.000,0,0.000,0.000,0.000,0.000,0.001,1.000,12.344,1.369,0.000,1.000,0.000,0.700
912,30.430,0.000,0.000,0.000,0.000,0,0,0,0.000,0.000,0,0,1.000,0,0.000,0.000,0.000,0.000,0.000,1.000,1.551,1.954,0.000,1.000,0.000,0.700
914,30.497,0.000,0.000,0.000,0.000,0,0,0,0.000,0.000,0,0,1.000,0,0.000,0.000,0.000,0.000,0.000,1.000,1.383,0.389,0.000,1.000,0.000,0.580
916,30.564,0.000,0.000,0.000,0.000,0,0,0,0.000,0.000,0,0,1.000,0,0.000,0.000,0.000,0.000,0.000,1.000,1.232,0.144,0.000,1.000,0.000,0.580
918,30.631,0.000,0.000,0.000,0.000,0,0,0,0.000,0.000,0,0,1.000,0,0.000,0.000,0.000,0.000,0.000,1.000,1.107,0.239,0.000,1.000,0.000,0.580
920,30.697,0.000,0.000,0.000,0.000,0,0,0,0.000,0.000,0,0,1.000,0,0.000,0.000,0.000,0.000,0.000,1.000,0.993,0.239,0.000,1.000,0.000,0.580
922,30.764,0.000,0.000,0.000,0.000,0,0,0,0.000,0.000,0,0,1.000,0,0.000,0.000,0.000,0.000,0.000,1.000,0.901,0.239,0.000,1.000,0.000,0.580
924,30.831,0.000,0.000,0.000,0.000,0,0,0,0.000,0.000,0,0,1.000,0,0.000,0.000,0.000,0.000,0.000,1.000,0.809,0.239,0.000,1.000,0.000,0.580
926,30.898,0.000,0.000,0.000,0.000,0,0,0,0.000,0.000,0,0,1.000,0,0.000,0.000,0.000,0.000,0.000,1.000,0.725,0.114,0.000,1.000,0.000,0.580
928,30.964,0.000,0.000,0.000,0.000,0,0,0,0.000,0.000,0,0,1.000,0,0.000,0.000,0.000,0.000,0.000,1.000,0.651,0.038,0.000,1.000,0.000,0.580
930,31.031,0.000,0.000,0.000,0.000,0,0,0,0.000,0.000,0,0,1.000,0,0.000,0.000,0.000,0.000,0.000,1.000,0.579,0.002,0.000,1.000,0.000,0.580
932,31.098,0.000,0.000,0.000,0.000,0,0,0,0.000,0.000,0,0,1.000,0,0.000,0.000,0.000,0.000,0.000,1.000,0.510,0.425,0.000,1.000,0.000,0.580
934,31.164,0.000,0.000,0.000,0.000,0,0,0,0.000,0.000,0,0,1.000,0,0.000,0.000,0.000,0.000,0.000,1.000,0.446,0.825,0.000,1.000,0.000,0.580
936,31.231,0.000,0.000,0.000,0.000,0,0,0,0.000,0.000,0,0,1.000,0,0.000,0.000,0.000,0.000,0.000,1.000,0.385,0.000,0.000,1.000,0.000,0.580
938,31.298,0.000,0.000,0.000,0.000,0,0,0,0.000,0.000,0,0,1.000,0,0.000,0.000,0.000,0.000,7.033,0.348,0.326,2.348,0.265,0.735,0.221,0.580
940,31.365,0.000,0.000,0.000,0.000,0,0,0,0.000,0.000,0,0,1.000,0,0.000,0.000,0.000,0.000,0.009,0.999,0.099,2.860,0.001,0.999,0.000,0.580
942,31.431,0.000,0.000,0.000,0.000,0,0,0,0.000,0.000,0,0,1.000,0,0.000,0.000,0.000,0.000,0.013,0.378,46.935,3.006,0.001,0.999,0.044,0.700
944,31.498,0.000,0.000,0.000,0.000,0,0,0,0.000,0.000,0,0,1.000,0,0.000,0.000,0.000,0.000,0.002,0.440,47.022,2.570,0.000,1.000,0.039,0.700
946,31.565,0.000,0.000,0.000,0.000,0,0,0,0.000,0.000,0,0,1.000,0,0.000,0.000,0.000,0.000,0.001,1.000,47.040,1.266,0.000,1.000,0.000,0.700
948,31.632,0.000,0.000,0.000,0.000,0,0,0,0.000,0.000,0,0,1.000,0,0.000,0.000,0.000,0.000,6.942,0.357,47.046,0.620,0.231,0.769,0.219,0.700
950,31.698,0.000,0.000,0.000,0.000,0,0,0,0.000,0.000,0,0,1.000,0,0.000,0.000,0.000,0.000,0.005,0.620,93.323,0.572,0.000,1.000,0.027,0.700
952,31.765,0.000,0.000,0.000,0.000,0,0,0,0.000,0.000,0,0,1.000,0,0.000,0.000,0.000,0.000,0.042,0.513,93.354,0.571,0.003,0.997,0.035,0.700
954,31.832,0.000,0.000,0.000,0.000,0,0,0,0.000,0.000,0,0,1.000,0,0.000,0.000,0.000,0.000,0.000,1.000,93.635,2.358,0.000,1.000,0.000,0.700
956,31.899,0.000,0.000,0.000,0.000,0,0,0,0.000,0.000,0,0,1.000,0,0.000,0.000,0.000,0.000,0.002,0.271,93.634,2.641,0.000,1.000,0.051,0.700
958,31.965,0.000,0.000,0.000,0.000,0,0,0,0.000,0.000,0,0,1.000,0,0.000,0.000,0.000,0.000,0.000,1.000,93.642,2.565,0.000,1.000,0.000,0.700
960,32.032,0.000,0.000,0.000,0.000,0,0,0,0.000,0.000,0,0,1.000,0,0.000,0.000,0.000,0.000,0.000,1.000,93.639,0.299,0.000,1.000,0.000,0.700
962,32.099,0.000,0.000,0.000,0.000,0,0,0,0.000,0.000,0,0,1.000,0,0.000,0.000,0.000,0.000,0.000,1.000,93.638,0.316,0.000,1.000,0.000,0.700
964,32.165,0.000,0.000,0.000,0.000,0,0,0,0.000,0.000,0,0,1.000,0,0.000,0.000,0.000,0.000,0.001,0.731,93.637,0.708,0.000,1.000,0.019,0.700
966,32.232,0.000,0.000,0.000,0.000,0,0,0,0.000,0.000,0,0,1.000,0,0.000,0.000,0.000,0.000,0.000,1.000,93.642,0.708,0.000,1.000,0.000,0.700
968,32.299,0.000,0.000,0.000,0.000,0,0,0,0.000,0.000,0,0,1.000,0,0.000,0.000,0.000,0.000,9.525,0.250,93.642,1.311,0.415,0.585,0.252,0.700
970,32.366,0.000,0.000,0.000,0.000,0,0,0,0.000,0.000,0,0,1.000,0,0.000,0.000,0.000,0.000,2.790,0.314,0.361,1.008,0.059,0.941,0.118,0.580
972,32.432,0.000,0.000,0.000,0.000,0,0,0,0.000,0.000,0,0,1.000,0,0.000,0.000,0.000,0.000,3.299,0.567,0.467,1.557,0.039,0.961,0.113,0.580
974,32.499,0.000,0.000,0.000,0.000,0,0,0,0.000,0.000,0,0,1.000,0,0.000,0.000,0.000,0.000,5.270,0.079,0.591,1.539,0.056,0.944,0.196,0.580
976,32.566,0.000,0.000,0.000,0.000,0,0,0,0.000,0.000,0,0,1.000,0,0.000,0.000,0.000,0.000,0.353,0.960,0.791,0.003,0.024,0.976,0.012,0.580
978,32.633,0.000,0.000,0.000,0.000,0,0,0,0.000,0.000,0,0,1.000,0,0.000,0.000,0.000,0.000,3.126,0.460,0.805,0.009,0.044,0.956,0.116,0.580
980,32.699,0.000,0.000,0.000,0.000,0,0,0,0.000,0.000,0,0,1.000,0,0.000,0.000,0.000,0.000,1.586,0.240,0.292,0.002,0.065,0.935,0.093,0.580
982,32.766,0.000,0.000,0.000,0.000,0,0,0,0.000,0.000,0,0,1.000,0,0.000,0.000,0.000,0.000,1.261,0.610,0.337,1.157,0.033,0.967,0.059,0.580
984,32.833,0.000,0.000,0.000,0.000,0,0,0,0.000,0.000,0,0,1.000,0,0.000,0.000,0.000,0.000,0.603,0.721,0.370,3.122,0.034,0.966,0.035,0.580
986,32.900,0.000,0.000,0.000,0.000,0,0,0,0.000,0.000,0,0,1.000,0,0.000,0.000,0.000,0.000,0.699,0.838,0.387,0.579,0.025,0.975,0.029,0.580
988,32.966,0.000,0.000,0.000,0.000,0,0,0,0.000,0.000,0,0,1.000,0,0.000,0.000,0.000,0.000,0.210,0.811,0.406,2.891,0.016,0.984,0.018,0.580
990,33.033,0.000,0.000,0.000,0.000,0,0,0,0.000,0.000,0,0,1.000,0,0.000,0.000,0.000,0.000,0.050,0.672,0.412,0.336,0.011,0.989,0.024,0.580
992,33.100,0.000,0.000,0.000,0.000,0,0,0,0.000,0.000,0,0,1.000,0,0.000,0.000,0.000,0.000,0.212,0.903,0.414,0.091,0.032,0.968,0.012,0.580
994,33.166,0.000,0.000,0.000,0.000,0,0,0,0.000,0.000,0,0,1.000,0,0.000,0.000,0.000,0.000,0.226,0.890,0.420,0.364,0.028,0.972,0.013,0.580
996,33.233,0.000,0.000,0.000,0.000,0,0,0,0.000,0.000,0,0,1.000,0,0.000,0.000,0.000,0.000,0.694,0.845,0.426,2.350,0.024,0.976,0.028,0.580
998,33.300,0.000,0.000,0.000,0.000,0,0,0,0.000,0.000,0,0,1.000,0,0.000,0.000,0.000,0.000,0.184,0.792,0.445,0.624,0.028,0.972,0.019,0.580
1000,33.367,0.000,0.000,0.000,0.000,0,0,0,0.000,0.000,0,0,1.000,0,0.000,0.000,0.000,0.000,0.122,0.958,0.095,0.995,0.013,0.987,0.006,0.580
1002,33.433,0.000,0.000,0.000,0.000,0,0,0,0.000,0.000,0,0,1.000,0,0.000,0.000,0.000,0.000,0.142,0.944,0.033,1.131,0.024,0.976,0.007,0.580
1004,33.500,0.000,0.000,0.000,0.000,0,0,0,0.000,0.000,0,0,1.000,0,0.000,0.000,0.000,0.000,0.265,0.962,0.183,1.614,0.027,0.973,0.009,0.580
1006,33.567,0.000,0.000,0.000,0.000,0,0,0,0.000,0.000,0,0,1.000,0,0.000,0.000,0.000,0.000,0.481,0.821,0.405,0.104,0.016,0.984,0.025,0.580
1008,33.634,0.000,0.000,0.000,0.000,0,0,0,0.000,0.000,0,0,1.000,0,0.000,0.000,0.000,0.000,0.293,0.878,0.412,0.064,0.014,0.986,0.016,0.580
1010,33.700,0.000,0.000,0.000,0.000,0,0,0,0.000,0.000,0,0,1.000,0,0.000,0.000,0.000,0.000,0.080,0.940,0.433,1.305,0.008,0.992,0.006,0.580
1012,33.767,0.000,0.000,0.000,0.000,0,0,0,0.000,0.000,0,0,1.000,0,0.000,0.000,0.000,0.000,0.099,0.958,0.517,0.055,0.007,0.993,0.005,0.580
1014,33.834,0.000,0.000,0.000,0.000,0,0,0,0.000,0.000,0,0,1.000,0,0.000,0.000,0.000,0.000,0.360,0.896,0.585,1.364,0.018,0.982,0.016,0.580
1016,33.901,0.000,0.000,0.000,0.000,0,0,0,0.000,0.000,0,0,1.000,0,0.000,0.000,0.000,0.000,0.167,0.833,0.612,1.523,0.025,0.975,0.016,0.580
1018,33.967,0.000,0.000,0.000,0.000,0,0,0,0.000,0.000,0,0,1.000,0,0.000,0.000,0.000,0.000,2.544,0.684,0.651,0.790,0.049,0.951,0.086,0.580
1020,34.034,0.000,0.000,0.000,0.000,0,0,0,0.000,0.000,0,0,1.000,0,0.000,0.000,0.000,0.000,3.719,0.904,0.598,0.002,0.035,0.965,0.100,0.580
1022,34.101,0.000,0.000,0.000,0.000,0,0,0,0.000,0.000,0,0,1.000,0,0.000,0.000,0.000,0.000,4.819,0.533,0.503,0.000,0.067,0.933,0.153,0.580
1024,34.167,0.000,0.000,0.000,0.000,0,0,0,0.000,0.000,0,0,1.000,0,0.000,0.000,0.000,0.000,2.419,0.933,0.390,0.004,0.026,0.974,0.065,0.580
1026,34.234,0.000,0.000,0.000,0.000,0,0,0,0.000,0.000,0,0,1.000,0,0.000,0.000,0.000,0.000,5.261,0.902,0.339,2.936,0.047,0.953,0.138,0.580
1028,34.301,0.000,0.000,0.000,0.000,0,0,0,0.000,0.000,0,0,1.000,0,0.000,0.000,0.000,0.000,5.638,0.414,0.240,2.549,0.064,0.936,0.182,0.580
1030,34.368,0.000,0.000,0.000,0.000,0,0,0,0.000,0.000,0,0,1.000,0,0.000,0.000,0.000,0.000,2.758,0.873,0.260,2.668,0.045,0.955,0.078,0.580
1032,34.434,0.000,0.000,0.000,0.000,0,0,0,0.000,0.000,0,0,1.000,0,0.000,0.000,0.000,0.000,0.879,0.886,0.502,0.839,0.023,0.977,0.030,0.580
1034,34.501,0.000,0.000,0.000,0.000,0,0,0,0.000,0.000,0,0,1.000,0,0.000,0.000,0.000,0.000,0.926,0.846,0.723,2.459,0.041,0.959,0.034,0.580
1036,34.568,0.000,0.000,0.000,0.000,0,0,0,0.000,0.000,0,0,1.000,0,0.000,0.000,0.000,0.000,0.718,0.883,1.753,0.067,0.030,0.970,0.026,0.700
1038,34.635,0.000,0.000,0.000,0.000,0,0,0,0.000,0.000,0,0,1.000,0,0.000,0.000,0.000,0.000,0.619,0.922,1.768,0.007,0.038,0.962,0.021,0.700
1040,34.701,0.000,0.000,0.000,0.000,0,0,0,0.000,0.000,0,0,1.000,0,0.000,0.000,0.000,0.000,0.295,0.902,3.736,2.559,0.026,0.974,0.014,0.700
1042,34.768,0.000,0.000,0.000,0.000,0,0,0,0.000,0.000,0,0,1.000,0,0.000,0.000,0.000,0.000,0.424,0.781,5.422,1.434,0.031,0.969,0.026,0.700
1044,34.835,0.000,0.000,0.000,0.000,0,0,0,0.000,0.000,0,0,1.000,0,0.000,0.000,0.000,0.000,2.346,0.723,8.499,2.260,0.033,0.967,0.078,0.700
1046,34.902,0.000,0.000,0.000,0.000,0,0,0,0.000,0.000,0,0,1.000,0,0.000,0.000,0.000,0.000,2.458,0.745,9.925,0.358,0.046,0.954,0.079,0.700
1048,34.968,0.000,0.000,0.000,0.000,0,0,0,0.000,0.000,0,0,1.000,0,0.000,0.000,0.000,0.000,2.554,0.492,13.200,0.397,0.085,0.915,0.099,0.700
1050,35.035,0.000,0.000,0.000,0.000,0,0,0,0.000,0.000,0,0,1.000,0,0.000,0.000,0.000,0.000,3.282,0.874,3.341,0.019,0.035,0.965,0.091,0.700
1052,35.102,0.000,0.000,0.000,0.000,0,0,0,0.000,0.000,0,0,1.000,0,0.000,0.000,0.000,0.000,4.341,0.654,1.699,0.010,0.073,0.927,0.133,0.700
1054,35.168,0.000,0.000,0.000,0.000,0,0,0,0.000,0.000,0,0,1.000,0,0.000,0.000,0.000,0.000,0.591,0.223,0.957,0.007,0.027,0.973,0.069,0.580
1056,35.235,0.000,0.000,0.000,0.000,0,0,0,0.000,0.000,0,0,1.000,0,0.000,0.000,0.000,0.000,3.479,0.933,0.755,2.982,0.053,0.947,0.092,0.580
1058,35.302,0.000,0.000,0.000,0.000,0,0,0,0.000,0.000,0,0,1.000,0,0.000,0.000,0.000,0.000,3.694,0.251,0.384,2.806,0.094,0.906,0.145,0.580
1060,35.369,0.000,0.000,0.000,0.000,0,0,0,0.000,0.000,0,0,1.000,0,0.000,0.000,0.000,0.000,2.822,0.853,0.096,2.742,0.047,0.953,0.081,0.580
1062,35.435,0.000,0.000,0.000,0.000,0,0,0,0.000,0.000,0,0,1.000,0,0.000,0.000,0.000,0.000,3.096,0.161,0.013,2.406,0.061,0.939,0.136,0.580
1064,35.502,0.000,0.000,0.000,0.000,0,0,0,0.000,0.000,0,0,1.000,0,0.000,0.000,0.000,0.000,1.484,0.927,0.063,0.516,0.042,0.958,0.042,0.580
1066,35.569,0.000,0.000,0.000,0.000,0,0,0,0.000,0.000,0,0,1.000,0,0.000,0.000,0.000,0.000,2.902,0.919,0.060,0.000,0.034,0.966,0.078,0.580
1068,35.636,0.000,0.000,0.000,0.000,0,0,0,0.000,0.000,0,0,1.000,0,0.000,0.000,0.000,0.000,1.721,0.133,0.128,0.387,0.076,0.924,0.104,0.580
1070,35.702,0.000,0.000,0.000,0.000,0,0,0,0.000,0.000,0,0,1.000,0,0.000,0.000,0.000,0.000,1.829,0.899,0.156,0.387,0.038,0.962,0.053,0.580
1072,35.769,0.000,0.000,0.000,0.000,0,0,0,0.000,0.000,0,0,1.000,0,0.000,0.000,0.000,0.000,2.493,0.923,0.203,2.949,0.052,0.948,0.068,0.580
1074,35.836,0.000,0.000,0.000,0.000,0,0,0,0.000,0.000,0,0,1.000,0,0.000,0.000,0.000,0.000,1.193,0.726,0.268,1.764,0.035,0.965,0.049,0.580
1076,35.903,0.000,0.000,0.000,0.000,0,0,0,0.000,0.000,0,0,1.000,0,0.000,0.000,0.000,0.000,9.936,0.080,0.161,1.748,0.673,0.327,0.264,0.800
1078,35.969,0.000,0.000,0.000,0.000,0,0,0,0.000,0.000,0,0,1.000,0,0.000,0.000,0.000,0.000,0.220,0.596,0.368,1.806,0.017,0.983,0.034,0.580
1080,36.036,0.000,0.000,0.000,0.000,0,0,0,0.000,0.000,0,0,1.000,0,0.000,0.000,0.000,0.000,0.281,0.604,0.278,2.912,0.023,0.977,0.035,0.580
1082,36.103,0.000,0.000,0.000,0.000,0,0,0,0.000,0.000,0,0,1.000,0,0.000,0.000,0.000,0.000,0.208,0.628,0.182,0.947,0.016,0.984,0.031,0.580
1084,36.169,0.000,0.000,0.000,0.000,0,0,0,0.000,0.000,0,0,1.000,0,0.000,0.000,0.000,0.000,0.324,0.746,0.041,2.277,0.037,0.963,0.026,0.580
1086,36.236,0.000,0.000,0.000,0.000,0,0,0,0.000,0.000,0,0,1.000,0,0.000,0.000,0.000,0.000,0.286,0.819,0.100,0.075,0.031,0.969,0.020,0.580
1088,36.303,0.000,0.000,0.000,0.000,0,0,0,0.000,0.000,0,0,1.000,0,0.000,0.000,0.000,0.000,0.259,0.860,0.050,0.088,0.029,0.971,0.016,0.580
1090,36.370,0.000,0.000,0.000,0.000,0,0,0,0.000,0.000,0,0,1.000,0,0.000,0.000,0.000,0.000,0.277,0.711,0.015,1.480,0.032,0.968,0.027,0.580
1092,36.436,0.000,0.000,0.000,0.000,0,0,0,0.000,0.000,0,0,1.000,0,0.000,0.000,0.000,0.000,0.784,0.656,0.146,1.304,0.077,0.923,0.044,0.580
1094,36.503,0.000,0.000,0.000,0.000,0,0,0,0.000,0.000,0,0,1.000,0,0.000,0.000,0.000,0.000,0.790,0.237,0.373,2.402,0.068,0.932,0.073,0.580
1096,36.570,0.000,0.000,0.000,0.000,0,0,0,0.000,0.000,0,0,1.000,0,0.000,0.000,0.000,0.000,0.665,0.057,0.444,0.700,0.077,0.923,0.083,0.580
1098,36.637,0.000,0.000,0.000,0.000,0,0,0,0.000,0.000,0,0,1.000,0,0.000,0.000,0.000,0.000,0.806,0.861,0.695,2.065,0.118,0.882,0.030,0.580
1100,36.703,0.000,0.000,0.000,0.000,0,0,0,0.000,0.000,0,0,1.000,0,0.000,0.000,0.000,0.000,0.192,0.756,0.848,2.007,0.036,0.964,0.022,0.580
1102,36.770,0.000,0.000,0.000,0.000,0,0,0,0.000,0.000,0,0,1.000,0,0.000,0.000,0.000,0.000,0.306,0.742,1.145,0.068,0.029,0.971,0.026,0.580
1104,36.837,0.000,0.000,0.000,0.000,0,0,0,0.000,0.000,0,0,1.000,0,0.000,0.000,0.000,0.000,0.199,0.780,1.642,0.020,0.030,0.970,0.020,0.700
1106,36.904,0.000,0.000,0.000,0.000,0,0,0,0.000,0.000,0,0,1.000,0,0.000,0.000,0.000,0.000,1.493,0.548,1.523,0.373,0.071,0.929,0.069,0.700
1108,36.970,0.000,0.000,0.000,0.000,0,0,0,0.000,0.000,0,0,1.000,0,0.000,0.000,0.000,0.000,0.594,0.747,1.222,1.820,0.032,0.968,0.033,0.580
1110,37.037,0.000,0.000,0.000,0.000,0,0,0,0.000,0.000,0,0,1.000,0,0.000,0.000,0.000,0.000,0.244,0.561,1.077,1.496,0.029,0.971,0.037,0.580
1112,37.104,0.000,0.000,0.000,0.000,0,0,0,0.000,0.000,0,0,1.000,0,0.000,0.000,0.000,0.000,0.366,0.866,0.950,2.691,0.040,0.960,0.019,0.580
1114,37.170,0.000,0.000,0.000,0.000,0,0,0,0.000,0.000,0,0,1.000,0,0.000,0.000,0.000,0.000,0.280,0.741,0.814,1.426,0.031,0.969,0.025,0.580
1116,37.237,0.000,0.000,0.000,0.000,0,0,0,0.000,0.000,0,0,1.000,0,0.000,0.000,0.000,0.000,0.672,0.764,0.803,0.977,0.027,0.973,0.033,0.580
1118,37.304,0.000,0.000,0.000,0.000,0,0,0,0.000,0.000,0,0,1.000,0,0.000,0.000,0.000,0.000,0.188,0.407,0.690,0.008,0.019,0.981,0.046,0.580
1120,37.371,0.000,0.000,0.000,0.000,0,0,0,0.000,0.000,0,0,1.000,0,0.000,0.000,0.000,0.000,0.434,0.794,0.594,0.194,0.030,0.970,0.025,0.580
1122,37.437,0.000,0.000,0.000,0.000,0,0,0,0.000,0.000,0,0,1.000,0,0.000,0.000,0.000,0.000,0.377,0.163,0.513,0.697,0.034,0.966,0.068,0.580
1124,37.504,0.000,0.000,0.000,0.000,0,0,0,0.000,0.000,0,0,1.000,0,0.000,0.000,0.000,0.000,0.313,0.540,0.464,2.208,0.050,0.950,0.040,0.580
1126,37.571,0.000,0.000,0.000,0.000,0,0,0,0.000,0.000,0,0,1.000,0,0.000,0.000,0.000,0.000,0.232,0.708,0.456,0.810,0.026,0.974,0.026,0.580
1128,37.638,0.000,0.000,0.000,0.000,0,0,0,0.000,0.000,0,0,1.000,0,0.000,0.000,0.000,0.000,0.303,0.902,0.409,0.580,0.035,0.965,0.014,0.580
1130,37.704,0.000,0.000,0.000,0.000,0,0,0,0.000,0.000,0,0,1.000,0,0.000,0.000,0.000,0.000,0.222,0.664,0.397,0.678,0.024,0.976,0.029,0.580
1132,37.771,0.000,0.000,0.000,0.000,0,0,0,0.000,0.000,0,0,1.000,0,0.000,0.000,0.000,0.000,0.317,0.627,0.348,0.095,0.028,0.972,0.034,0.580
1134,37.838,0.000,0.000,0.000,0.000,0,0,0,0.000,0.000,0,0,1.000,0,0.000,0.000,0.000,0.000,0.214,0.188,0.288,0.255,0.027,0.973,0.062,0.580
1136,37.905,0.000,0.000,0.000,0.000,0,0,0,0.000,0.000,0,0,1.000,0,0.000,0.000,0.000,0.000,0.836,0.728,0.259,0.548,0.080,0.920,0.040,0.580
1138,37.971,0.000,0.000,0.000,0.000,0,0,0,0.000,0.000,0,0,1.000,0,0.000,0.000,0.000,0.000,1.178,0.755,0.282,0.331,0.050,0.950,0.047,0.580
1140,38.038,0.000,0.000,0.000,0.000,0,0,0,0.000,0.000,0,0,1.000,0,0.000,0.000,0.000,0.000,0.415,0.846,0.247,1.936,0.067,0.933,0.021,0.580
1142,38.105,0.000,0.000,0.000,0.000,0,0,0,0.000,0.000,0,0,1.000,0,0.000,0.000,0.000,0.000,11.236,0.291,0.206,2.092,0.587,0.413,0.250,0.800
1144,38.171,0.000,0.000,0.000,0.000,0,0,0,0.000,0.000,0,0,1.000,0,0.000,0.000,0.000,0.000,0.045,0.986,1.868,0.394,0.015,0.985,0.002,0.700
1146,38.238,0.000,0.000,0.000,0.000,0,0,0,0.000,0.000,0,0,1.000,0,0.000,0.000,0.000,0.000,0.255,0.909,1.822,2.133,0.025,0.975,0.013,0.700
1148,38.305,0.000,0.000,0.000,0.000,0,0,0,0.000,0.000,0,0,1.000,0,0.000,0.000,0.000,0.000,0.966,0.743,1.680,0.129,0.037,0.963,0.042,0.700
1150,38.372,0.000,0.000,0.000,0.000,0,0,0,0.000,0.000,0,0,1.000,0,0.000,0.000,0.000,0.000,0.318,0.486,1.823,1.525,0.033,0.967,0.044,0.700
1152,38.438,0.000,0.000,0.000,0.000,0,0,0,0.000,0.000,0,0,1.000,0,0.000,0.000,0.000,0.000,0.501,0.121,1.798,0.918,0.037,0.963,0.074,0.700
1154,38.505,0.000,0.000,0.000,0.000,0,0,0,0.000,0.000,0,0,1.000,0,0.000,0.000,0.000,0.000,0.508,0.571,1.929,1.768,0.038,0.962,0.043,0.700
1156,38.572,0.000,0.000,0.000,0.000,0,0,0,0.000,0.000,0,0,1.000,0,0.000,0.000,0.000,0.000,0.955,0.659,2.098,1.387,0.034,0.966,0.048,0.700
1158,38.639,0.000,0.000,0.000,0.000,0,0,0,0.000,0.000,0,0,1.000,0,0.000,0.000,0.000,0.000,1.473,0.658,2.323,0.171,0.040,0.960,0.061,0.700
1160,38.705,0.000,0.000,0.000,0.000,0,0,0,0.000,0.000,0,0,1.000,0,0.000,0.000,0.000,0.000,2.178,0.660,2.766,0.413,0.048,0.952,0.078,0.700
1162,38.772,0.000,0.000,0.000,0.000,0,0,0,0.000,0.000,0,0,1.000,0,0.000,0.000,0.000,0.000,1.998,0.620,3.181,0.880,0.047,0.953,0.077,0.700
1164,38.839,0.000,0.000,0.000,0.000,0,0,0,0.000,0.000,0,0,1.000,0,0.000,0.000,0.000,0.000,0.640,0.792,3.534,0.966,0.029,0.971,0.031,0.700
1166,38.906,0.000,0.000,0.000,0.000,0,0,0,0.000,0.000,0,0,1.000,0,0.000,0.000,0.000,0.000,1.047,0.720,3.628,2.082,0.044,0.956,0.046,0.700
1168,38.972,0.000,0.000,0.000,0.000,0,0,0,0.000,0.000,0,0,1.000,0,0.000,0.000,0.000,0.000,2.307,0.777,6.650,0.787,0.034,0.966,0.073,0.700
1170,39.039,0.000,0.000,0.000,0.000,0,0,0,0.000,0.000,0,0,1.000,0,0.000,0.000,0.000,0.000,2.435,0.842,4.654,0.159,0.034,0.966,0.072,0.700
1172,39.106,0.000,0.000,0.000,0.000,0,0,0,0.000,0.000,0,0,1.000,0,0.000,0.000,0.000,0.000,1.717,0.900,5.187,0.068,0.028,0.972,0.050,0.700
1174,39.172,0.000,0.000,0.000,0.000,0,0,0,0.000,0.000,0,0,1.000,0,0.000,0.000,0.000,0.000,1.329,0.924,0.003,0.189,0.030,0.970,0.039,0.580
1176,39.239,0.000,0.000,0.000,0.000,0,0,0,0.000,0.000,0,0,1.000,0,0.000,0.000,0.000,0.000,1.159,0.949,0.040,0.146,0.031,0.969,0.033,0.580
1178,39.306,0.000,0.000,0.000,0.000,0,0,0,0.000,0.000,0,0,1.000,0,0.000,0.000,0.000,0.000,1.106,0.935,0.073,0.110,0.037,0.963,0.032,0.580
1180,39.373,0.000,0.000,0.000,0.000,0,0,0,0.000,0.000,0,0,1.000,0,0.000,0.000,0.000,0.000,0.785,0.980,0.057,0.292,0.024,0.976,0.021,0.580
1182,39.439,0.000,0.000,0.000,0.000,0,0,0,0.000,0.000,0,0,1.000,0,0.000,0.000,0.000,0.000,0.391,0.972,0.072,0.237,0.021,0.979,0.012,0.580
1184,39.506,0.000,0.000,0.000,0.000,0,0,0,0.000,0.000,0,0,1.000,0,0.000,0.000,0.000,0.000,3.359,0.245,0.066,1.487,0.089,0.911,0.137,0.580
1186,39.573,0.000,0.000,0.000,0.000,0,0,0,0.000,0.000,0,0,1.000,0,0.000,0.000,0.000,0.000,2.779,0.741,0.131,1.494,0.036,0.964,0.088,0.580
1188,39.640,0.000,0.000,0.000,0.000,0,0,0,0.000,0.000,0,0,1.000,0,0.000,0.000,0.000,0.000,1.757,0.415,0.159,0.040,0.036,0.964,0.085,0.580
1190,39.706,0.000,0.000,0.000,0.000,0,0,0,0.000,0.000,0,0,1.000,0,0.000,0.000,0.000,0.000,2.293,0.848,0.138,0.105,0.047,0.953,0.068,0.580
1192,39.773,0.000,0.000,0.000,0.000,0,0,0,0.000,0.000,0,0,1.000,0,0.000,0.000,0.000,0.000,0.426,0.922,0.092,1.941,0.021,0.979,0.016,0.580
1194,39.840,0.000,0.000,0.000,0.000,0,0,0,0.000,0.000,0,0,1.000,0,0.000,0.000,0.000,0.000,1.170,0.964,0.011,1.153,0.041,0.959,0.032,0.580
1196,39.907,0.000,0.000,0.000,0.000,0,0,0,0.000,0.000,0,0,1.000,0,0.000,0.000,0.000,0.000,0.926,0.973,0.014,0.320,0.036,0.964,0.025,0.580
1198,39.973,0.000,0.000,0.000,0.000,0,0,0,0.000,0.000,0,0,1.000,0,0.000,0.000,0.000,0.000,0.261,0.931,0.006,1.492,0.022,0.978,0.011,0.580
1200,40.040,0.000,0.000,0.000,0.000,0,0,0,0.000,0.000,0,0,1.000,0,0.000,0.000,0.000,0.000,0.888,0.918,0.074,0.123,0.050,0.950,0.028,0.580
1202,40.107,0.000,0.000,0.000,0.000,0,0,0,0.000,0.000,0,0,1.000,0,0.000,0.000,0.000,0.000,1.956,0.575,0.165,0.490,0.041,0.959,0.079,0.580
1204,40.173,0.000,0.000,0.000,0.000,0,0,0,0.000,0.000,0,0,1.000,0,0.000,0.000,0.000,0.000,0.761,0.125,0.278,1.955,0.103,0.897,0.080,0.580
1206,40.240,0.000,0.000,0.000,0.000,0,0,0,0.000,0.000,0,0,1.000,0,0.000,0.000,0.000,0.000,1.923,0.792,0.129,0.522,0.035,0.965,0.063,0.580
1208,40.307,0.000,0.000,0.000,0.000,0,0,0,0.000,0.000,0,0,1.000,0,0.000,0.000,0.000,0.000,1.354,0.796,0.124,0.023,0.027,0.973,0.048,0.580
1210,40.374,0.000,0.000,0.000,0.000,0,0,0,0.000,0.000,0,0,1.000,0,0.000,0.000,0.000,0.000,0.284,0.903,0.136,0.058,0.017,0.983,0.014,0.580
1212,40.440,0.000,0.000,0.000,0.000,0,0,0,0.000,0.000,0,0,1.000,0,0.000,0.000,0.000,0.000,0.997,0.883,0.041,3.116,0.026,0.974,0.033,0.580
1214,40.507,0.000,0.000,0.000,0.000,0,0,0,0.000,0.000,0,0,1.000,0,0.000,0.000,0.000,0.000,1.512,0.793,0.115,0.006,0.033,0.967,0.052,0.580
1216,40.574,0.000,0.000,0.000,0.000,0,0,0,0.000,0.000,0,0,1.000,0,0.000,0.000,0.000,0.000,1.650,0.618,0.309,0.036,0.037,0.963,0.068,0.580
1218,40.641,0.000,0.000,0.000,0.000,0,0,0,0.000,0.000,0,0,1.000,0,0.000,0.000,0.000,0.000,1.746,0.823,0.534,0.056,0.030,0.970,0.056,0.580
1220,40.707,0.000,0.000,0.000,0.000,0,0,0,0.000,0.000,0,0,1.000,0,0.000,0.000,0.000,0.000,2.186,0.830,0.558,0.023,0.032,0.968,0.067,0.580
1222,40.774,0.000,0.000,0.000,0.000,0,0,0,0.000,0.000,0,0,1.000,0,0.000,0.000,0.000,0.000,1.438,0.852,0.573,0.081,0.028,0.972,0.046,0.580
1224,40.841,0.000,0.000,0.000,0.000,0,0,0,0.000,0.000,0,0,1.000,0,0.000,0.000,0.000,0.000,0.576,0.897,0.342,0.208,0.018,0.982,0.022,0.580
1226,40.908,0.000,0.000,0.000,0.000,0,0,0,0.000,0.000,0,0,1.000,0,0.000,0.000,0.000,0.000,1.125,0.876,0.442,2.862,0.030,0.970,0.037,0.580
1228,40.974,0.000,0.000,0.000,0.000,0,0,0,0.000,0.000,0,0,1.000,0,0.000,0.000,0.000,0.000,1.847,0.850,0.414,0.048,0.027,0.973,0.057,0.580
1230,41.041,0.000,0.000,0.000,0.000,0,0,0,0.000,0.000,0,0,1.000,0,0.000,0.000,0.000,0.000,1.985,0.837,0.124,0.039,0.032,0.968,0.061,0.580
1232,41.108,0.000,0.000,0.000,0.000,0,0,0,0.000,0.000,0,0,1.000,0,0.000,0.000,0.000,0.000,1.845,0.865,0.077,0.020,0.026,0.974,0.056,0.580
1234,41.174,0.000,0.000,0.000,0.000,0,0,0,0.000,0.000,0,0,1.000,0,0.000,0.000,0.000,0.000,0.183,0.723,0.049,0.080,0.016,0.984,0.024,0.580
1236,41.241,0.000,0.000,0.000,0.000,0,0,0,0.000,0.000,0,0,1.000,0,0.000,0.000,0.000,0.000,2.358,0.888,0.048,2.976,0.030,0.970,0.067,0.580
1238,41.308,0.000,0.000,0.000,0.000,0,0,0,0.000,0.000,0,0,1.000,0,0.000,0.000,0.000,0.000,2.394,0.556,0.023,1.773,0.051,0.949,0.091,0.580
1240,41.375,0.000,0.000,0.000,0.000,0,0,0,0.000,0.000,0,0,1.000,0,0.000,0.000,0.000,0.000,0.709,0.141,0.082,0.903,0.072,0.928,0.078,0.580
1242,41.441,0.000,0.000,0.000,0.000,0,0,0,0.000,0.000,0,0,1.000,0,0.000,0.000,0.000,0.000,1.344,0.817,0.147,0.279,0.035,0.965,0.046,0.580
1244,41.508,0.000,0.000,0.000,0.000,0,0,0,0.000,0.000,0,0,1.000,0,0.000,0.000,0.000,0.000,2.140,0.713,0.132,0.228,0.061,0.939,0.074,0.580
1246,41.575,0.000,0.000,0.000,0.000,0,0,0,0.000,0.000,0,0,1.000,0,0.000,0.000,0.000,0.000,1.558,0.731,0.391,2.278,0.050,0.950,0.058,0.580
1248,41.642,0.000,0.000,0.000,0.000,0,0,0,0.000,0.000,0,0,1.000,0,0.000,0.000,0.000,0.000,0.189,0.471,0.573,1.349,0.009,0.991,0.042,0.580
1250,41.708,0.000,0.000,0.000,0.000,0,0,0,0.000,0.000,0,0,1.000,0,0.000,0.000,0.000,0.000,1.037,0.704,0.406,1.981,0.036,0.964,0.047,0.580
1252,41.775,0.000,0.000,0.000,0.000,0,0,0,0.000,0.000,0,0,1.000,0,0.000,0.000,0.000,0.000,1.688,0.808,0.298,2.852,0.041,0.959,0.056,0.580
1254,41.842,0.000,0.000,0.000,0.000,0,0,0,0.000,0.000,0,0,1.000,0,0.000,0.000,0.000,0.000,1.980,0.776,0.227,2.614,0.064,0.936,0.065,0.580
1256,41.909,0.000,0.000,0.000,0.000,0,0,0,0.000,0.000,0,0,1.000,0,0.000,0.000,0.000,0.000,0.537,0.757,0.442,1.653,0.051,0.949,0.030,0.580
1258,41.975,0.000,0.000,0.000,0.000,0,0,0,0.000,0.000,0,0,1.000,0,0.000,0.000,0.000,0.000,1.006,0.710,0.357,0.715,0.024,0.976,0.045,0.580
1260,42.042,0.000,0.000,0.000,0.000,0,0,0,0.000,0.000,0,0,1.000,0,0.000,0.000,0.000,0.000,3.570,0.766,0.088,2.716,0.095,0.905,0.106,0.580
1262,42.109,0.000,0.000,0.000,0.000,0,0,0,0.000,0.000,0,0,1.000,0,0.000,0.000,0.000,0.000,0.692,0.930,0.146,1.415,0.048,0.952,0.022,0.580
1264,42.175,0.000,0.000,0.000,0.000,0,0,0,0.000,0.000,0,0,1.000,0,0.000,0.000,0.000,0.000,1.137,0.940,0.019,0.933,0.052,0.948,0.033,0.580
1266,42.242,0.000,0.000,0.000,0.000,0,0,0,0.000,0.000,0,0,1.000,0,0.000,0.000,0.000,0.000,0.756,0.696,0.187,1.681,0.078,0.922,0.040,0.580
1268,42.309,0.000,0.000,0.000,0.000,0,0,0,0.000,0.000,0,0,1.000,0,0.000,0.000,0.000,0.000,2.419,0.565,0.036,0.267,0.062,0.938,0.091,0.580
1270,42.376,0.000,0.000,0.000,0.000,0,0,0,0.000,0.000,0,0,1.000,0,0.000,0.000,0.000,0.000,1.460,0.299,0.133,0.346,0.054,0.946,0.086,0.580
1272,42.442,68.411,92.347,44.641,74.627,2,1,1,298.171,1.077,0,0,1.000,0,0.000,0.000,0.000,0.000,10.394,0.064,0.108,1.143,0.822,0.178,0.696,0.800
1274,42.509,7.280,7.071,-61.130,-85.276,2,1,1,304.396,1.163,0,0,1.000,0,0.000,0.000,0.000,0.000,1.765,0.283,0.812,0.091,0.051,0.949,0.315,0.580
1276,42.576,7.211,20.000,-0.069,12.929,2,1,1,329.134,1.092,0,0,1.000,0,0.000,0.000,0.000,0.000,1.622,0.260,0.686,0.137,0.047,0.953,0.383,0.550
1278,42.643,2.828,15.033,-4.383,-4.967,2,1,1,346.365,0.947,0,0,1.000,0,0.000,0.000,0.000,0.000,1.039,0.536,0.703,0.132,0.042,0.958,0.322,0.350
1280,42.709,4.472,6.325,1.644,-8.709,2,1,1,349.807,0.956,0,0,1.000,0,0.000,0.000,0.000,0.000,0.686,0.792,0.844,2.425,0.047,0.953,0.247,0.580
1282,42.776,4.000,1.414,-0.472,-4.910,2,1,0,349.704,0.878,0,0,1.000,0,0.000,0.000,0.000,0.000,0.471,0.735,0.943,0.586,0.039,0.961,0.233,0.580
1284,42.843,6.083,4.123,2.083,2.709,2,1,0,343.792,0.891,0,0,1.000,0,0.000,0.000,0.000,0.000,0.571,0.475,0.800,1.208,0.046,0.954,0.265,0.580
1286,42.910,7.071,7.616,0.988,3.493,2,1,0,339.872,0.893,0,0,1.000,0,0.000,0.000,0.000,0.000,0.866,0.623,0.554,1.204,0.045,0.955,0.270,0.000
1288,42.976,5.099,3.162,-1.972,-4.453,2,1,0,340.278,1.228,0,0,1.000,0,0.000,0.000,0.000,0.000,0.483,0.728,0.612,2.841,0.041,0.959,0.239,0.580
1290,43.043,13.153,12.166,8.054,9.003,2,1,0,344.398,0.999,0,0,1.000,0,0.000,0.000,0.000,0.000,1.372,0.711,0.641,0.203,0.047,0.953,0.308,0.550
1292,43.110,2.236,7.071,-10.917,-5.094,2,1,0,342.761,1.371,0,0,1.000,0,0.000,0.000,0.000,0.000,0.479,0.653,0.237,2.886,0.032,0.968,0.256,0.550
1294,43.176,5.385,7.810,3.149,0.739,2,1,0,340.066,1.432,0,0,1.000,0,0.000,0.000,0.000,0.000,0.597,0.901,0.301,0.541,0.033,0.967,0.245,0.350
1296,43.243,2.236,2.236,-3.149,-5.574,2,1,0,339.613,1.568,0,0,1.000,0,0.000,0.000,0.000,0.000,0.433,0.483,0.205,1.833,0.033,0.967,0.239,0.580
1298,43.310,12.000,6.000,9.764,3.764,2,1,0,338.321,1.684,0,0,1.000,0,0.000,0.000,0.000,0.000,0.882,0.342,0.310,0.931,0.039,0.961,0.315,0.550
1300,43.377,17.117,15.620,5.117,9.620,2,1,0,325.555,1.445,0,0,1.000,0,0.000,0.000,0.000,0.000,1.161,0.425,0.186,0.270,0.042,0.958,0.344,0.350
1302,43.443,20.396,16.125,3.279,0.504,2,1,0,302.671,1.424,0,0,1.000,0,0.000,0.000,0.000,0.000,1.377,0.429,0.105,0.377,0.044,0.956,0.368,0.350
1304,43.510,13.892,8.544,-6.504,-7.581,2,1,0,285.797,1.183,0,0,1.000,0,0.000,0.000,0.000,0.000,1.213,0.418,0.469,0.265,0.046,0.954,0.328,0.350
1306,43.577,10.770,2.236,-3.122,-6.308,2,1,0,278.792,1.135,0,0,1.000,0,0.000,0.000,0.000,0.000,0.743,0.362,0.474,0.215,0.042,0.958,0.303,0.350
1308,43.644,1.000,3.162,-9.770,0.926,2,1,0,281.784,1.120,0,0,1.000,0,0.000,0.000,0.000,0.000,0.490,0.300,0.501,0.227,0.035,0.965,0.259,0.580
1310,43.710,1.000,1.000,0.000,-2.162,2,1,1,282.857,1.091,0,0,1.000,0,0.000,0.000,0.000,0.000,0.405,0.431,0.548,0.325,0.032,0.968,0.236,0.580
1312,43.777,1.414,1.000,0.414,0.000,2,1,1,281.711,1.120,0,0,1.000,0,0.000,0.000,0.000,0.000,0.396,0.555,0.543,0.486,0.033,0.967,0.229,0.580
1314,43.844,1.414,1.000,0.000,0.000,2,1,1,283.778,1.212,0,0,1.000,0,0.000,0.000,0.000,0.000,0.388,0.587,0.504,0.329,0.032,0.968,0.226,0.580
1316,43.911,1.000,1.000,-0.414,0.000,2,1,1,284.703,1.492,0,0,1.000,0,0.000,0.000,0.000,0.000,0.321,0.689,0.465,0.796,0.033,0.967,0.215,0.580
1318,43.977,1.000,1.000,0.000,0.000,2,1,1,284.703,1.482,0,0,1.000,0,0.000,0.000,0.000,0.000,0.268,0.759,0.491,0.423,0.030,0.970,0.209,0.580
1320,44.044,1.000,1.000,0.000,0.000,2,1,1,284.703,1.833,0,0,1.000,0,0.000,0.000,0.000,0.000,0.183,0.874,0.479,0.203,0.025,0.975,0.199,0.580
1322,44.111,0.000,0.000,-1.000,-1.000,2,1,1,284.703,2.074,0,0,1.000,0,0.000,0.000,0.000,0.000,0.215,0.713,0.459,0.006,0.028,0.972,0.205,0.580
1324,44.177,1.414,1.000,1.414,1.000,2,1,1,285.568,2.356,0,0,1.000,0,0.000,0.000,0.000,0.000,0.174,0.704,0.460,0.041,0.024,0.976,0.213,0.580
1326,44.244,0.000,0.000,-1.414,-1.000,2,1,1,285.568,2.199,0,0,1.000,0,0.000,0.000,0.000,0.000,0.381,0.815,0.454,0.650,0.030,0.970,0.202,0.580
1328,44.311,1.000,0.000,1.000,0.000,2,1,1,285.507,2.160,0,0,1.000,0,0.000,0.000,0.000,0.000,0.613,0.646,0.445,0.035,0.039,0.961,0.226,0.580
1330,44.378,5.099,5.385,4.099,5.385,2,1,1,288.501,1.571,0,0,1.000,0,0.000,0.000,0.000,0.000,0.834,0.095,0.410,1.374,0.045,0.955,0.294,0.550
1332,44.444,10.440,10.050,5.341,4.665,2,1,1,290.498,1.731,0,0,1.000,0,0.000,0.000,0.000,0.000,1.230,0.075,0.410,0.429,0.069,0.931,0.334,0.350
1334,44.511,13.928,10.000,3.488,-0.050,2,1,1,295.332,1.240,0,0,1.000,0,0.000,0.000,0.000,0.000,1.432,0.175,0.918,0.544,0.060,0.940,0.351,0.350
1336,44.578,10.770,9.849,-3.158,-0.151,2,1,1,295.286,0.333,0,0,1.000,0,0.000,0.000,0.000,0.000,1.214,0.212,0.911,0.127,0.055,0.945,0.325,0.000
1338,44.645,7.071,5.000,-3.699,-4.849,2,1,1,296.204,0.377,0,0,1.000,0,0.000,0.000,0.000,0.000,1.154,0.102,0.787,1.032,0.059,0.941,0.311,0.000
1340,44.711,0.000,0.000,0.000,0.000,0,0,0,0.000,0.000,0,0,1.000,0,0.000,0.000,0.000,0.000,13.132,0.080,0.530,0.132,0.927,0.073,0.264,0.800
1342,44.778,0.000,0.000,0.000,0.000,0,0,0,0.000,0.000,0,0,1.000,0,0.000,0.000,0.000,0.000,0.170,0.882,2.026,1.590,0.017,0.983,0.013,0.700
1344,44.845,0.000,0.000,0.000,0.000,0,0,0,0.000,0.000,0,0,1.000,0,0.000,0.000,0.000,0.000,0.067,0.876,1.969,3.053,0.007,0.993,0.010,0.700
1346,44.912,0.000,0.000,0.000,0.000,0,0,0,0.000,0.000,0,0,1.000,0,0.000,0.000,0.000,0.000,0.141,0.771,1.889,0.056,0.016,0.984,0.020,0.700
1348,44.978,0.000,0.000,0.000,0.000,0,0,0,0.000,0.000,0,0,1.000,0,0.000,0.000,0.000,0.000,0.112,0.899,1.883,1.249,0.019,0.981,0.010,0.700
1350,45.045,0.000,0.000,0.000,0.000,0,0,0,0.000,0.000,0,0,1.000,0,0.000,0.000,0.000,0.000,0.068,0.992,1.831,1.340,0.012,0.988,0.002,0.700
1352,45.112,0.000,0.000,0.000,0.000,0,0,0,0.000,0.000,0,0,1.000,0,0.000,0.000,0.000,0.000,0.126,0.913,2.157,0.578,0.014,0.986,0.009,0.700
1354,45.178,0.000,0.000,0.000,0.000,0,0,0,0.000,0.000,0,0,1.000,0,0.000,0.000,0.000,0.000,0.037,1.000,2.114,1.013,0.006,0.994,0.001,0.700
1356,45.245,0.000,0.000,0.000,0.000,0,0,0,0.000,0.000,0,0,1.000,0,0.000,0.000,0.000,0.000,0.125,0.955,2.080,0.848,0.016,0.984,0.006,0.700
1358,45.312,0.000,0.000,0.000,0.000,0,0,0,0.000,0.000,0,0,1.000,0,0.000,0.000,0.000,0.000,0.077,0.871,2.037,2.904,0.009,0.991,0.011,0.700
1360,45.379,0.000,0.000,0.000,0.000,0,0,0,0.000,0.000,0,0,1.000,0,0.000,0.000,0.000,0.000,0.049,0.927,2.035,0.688,0.008,0.992,0.006,0.700
1362,45.445,0.000,0.000,0.000,0.000,0,0,0,0.000,0.000,0,0,1.000,0,0.000,0.000,0.000,0.000,0.076,0.964,2.104,0.635,0.009,0.991,0.004,0.700
1364,45.512,0.000,0.000,0.000,0.000,0,0,0,0.000,0.000,0,0,1.000,0,0.000,0.000,0.000,0.000,0.044,0.994,2.043,2.383,0.007,0.993,0.002,0.700
1366,45.579,0.000,0.000,0.000,0.000,0,0,0,0.000,0.000,0,0,1.000,0,0.000,0.000,0.000,0.000,0.172,0.892,1.561,2.534,0.028,0.972,0.012,0.700
1368,45.646,0.000,0.000,0.000,0.000,0,0,0,0.000,0.000,0,0,1.000,0,0.000,0.000,0.000,0.000,0.784,0.748,1.171,0.378,0.041,0.959,0.037,0.580
1370,45.712,0.000,0.000,0.000,0.000,0,0,0,0.000,0.000,0,0,1.000,0,0.000,0.000,0.000,0.000,0.119,0.926,0.940,2.665,0.026,0.974,0.008,0.580
1372,45.779,0.000,0.000,0.000,0.000,0,0,0,0.000,0.000,0,0,1.000,0,0.000,0.000,0.000,0.000,0.236,0.893,0.419,1.070,0.042,0.958,0.013,0.580
1374,45.846,0.000,0.000,0.000,0.000,0,0,0,0.000,0.000,0,0,1.000,0,0.000,0.000,0.000,0.000,0.139,0.985,0.412,0.639,0.030,0.970,0.005,0.580
1376,45.913,0.000,0.000,0.000,0.000,0,0,0,0.000,0.000,0,0,1.000,0,0.000,0.000,0.000,0.000,0.240,0.966,0.402,1.603,0.046,0.954,0.008,0.580
1378,45.979,0.000,0.000,0.000,0.000,0,0,0,0.000,0.000,0,0,1.000,0,0.000,0.000,0.000,0.000,0.177,0.993,0.396,1.897,0.038,0.962,0.005,0.580
1380,46.046,0.000,0.000,0.000,0.000,0,0,0,0.000,0.000,0,0,1.000,0,0.000,0.000,0.000,0.000,0.104,0.989,0.391,0.346,0.013,0.987,0.003,0.580
1382,46.113,0.000,0.000,0.000,0.000,0,0,0,0.000,0.000,0,0,1.000,0,0.000,0.000,0.000,0.000,0.177,0.817,0.387,0.282,0.018,0.982,0.017,0.580
1384,46.179,0.000,0.000,0.000,0.000,0,0,0,0.000,0.000,0,0,1.000,0,0.000,0.000,0.000,0.000,0.096,0.803,0.384,0.213,0.020,0.980,0.016,0.580
1386,46.246,0.000,0.000,0.000,0.000,0,0,0,0.000,0.000,0,0,1.000,0,0.000,0.000,0.000,0.000,0.166,0.929,0.380,2.789,0.033,0.967,0.009,0.580
1388,46.313,0.000,0.000,0.000,0.000,0,0,0,0.000,0.000,0,0,1.000,0,0.000,0.000,0.000,0.000,0.081,0.953,0.373,2.538,0.018,0.982,0.005,0.580
1390,46.380,0.000,0.000,0.000,0.000,0,0,0,0.000,0.000,0,0,1.000,0,0.000,0.000,0.000,0.000,0.079,0.937,0.360,0.244,0.015,0.985,0.006,0.580
1392,46.446,0.000,0.000,0.000,0.000,0,0,0,0.000,0.000,0,0,1.000,0,0.000,0.000,0.000,0.000,0.089,0.977,0.342,0.184,0.015,0.985,0.004,0.580
1394,46.513,0.000,0.000,0.000,0.000,0,0,0,0.000,0.000,0,0,1.000,0,0.000,0.000,0.000,0.000,0.064,0.612,0.316,0.568,0.013,0.987,0.029,0.580
1396,46.580,0.000,0.000,0.000,0.000,0,0,0,0.000,0.000,0,0,1.000,0,0.000,0.000,0.000,0.000,0.098,0.345,0.286,2.063,0.021,0.979,0.048,0.580
1398,46.647,0.000,0.000,0.000,0.000,0,0,0,0.000,0.000,0,0,1.000,0,0.000,0.000,0.000,0.000,0.150,0.935,0.265,2.258,0.032,0.968,0.008,0.580
1400,46.713,0.000,0.000,0.000,0.000,0,0,0,0.000,0.000,0,0,1.000,0,0.000,0.000,0.000,0.000,0.070,0.900,0.271,0.449,0.015,0.985,0.009,0.580
1402,46.780,0.000,0.000,0.000,0.000,0,0,0,0.000,0.000,0,0,1.000,0,0.000,0.000,0.000,0.000,0.047,0.036,0.076,0.224,0.009,0.991,0.069,0.580
1404,46.847,0.000,0.000,0.000,0.000,0,0,0,0.000,0.000,0,0,1.000,0,0.000,0.000,0.000,0.000,0.108,0.918,0.171,0.319,0.019,0.981,0.008,0.580
1406,46.914,0.000,0.000,0.000,0.000,0,0,0,0.000,0.000,0,0,1.000,0,0.000,0.000,0.000,0.000,0.153,0.957,0.212,1.891,0.019,0.981,0.007,0.580
1408,46.980,0.000,0.000,0.000,0.000,0,0,0,0.000,0.000,0,0,1.000,0,0.000,0.000,0.000,0.000,0.111,0.925,0.280,1.739,0.015,0.985,0.008,0.580
1410,47.047,0.000,0.000,0.000,0.000,0,0,0,0.000,0.000,0,0,1.000,0,0.000,0.000,0.000,0.000,12.181,0.031,0.330,0.502,0.778,0.222,0.268,0.800
1412,47.114,0.000,0.000,0.000,0.000,0,0,0,0.000,0.000,0,0,1.000,0,0.000,0.000,0.000,0.000,1.667,0.779,4.232,0.022,0.041,0.959,0.057,0.700
1414,47.180,0.000,0.000,0.000,0.000,0,0,0,0.000,0.000,0,0,1.000,0,0.000,0.000,0.000,0.000,0.813,0.584,4.787,0.003,0.026,0.974,0.049,0.700
1416,47.247,0.000,0.000,0.000,0.000,0,0,0,0.000,0.000,0,0,1.000,0,0.000,0.000,0.000,0.000,0.931,0.605,5.106,0.010,0.045,0.955,0.051,0.700
1418,47.314,0.000,0.000,0.000,0.000,0,0,0,0.000,0.000,0,0,1.000,0,0.000,0.000,0.000,0.000,0.388,0.809,5.400,0.788,0.020,0.980,0.023,0.700
1420,47.381,0.000,0.000,0.000,0.000,0,0,0,0.000,0.000,0,0,1.000,0,0.000,0.000,0.000,0.000,0.337,0.747,5.522,0.815,0.019,0.981,0.026,0.700
1422,47.447,0.000,0.000,0.000,0.000,0,0,0,0.000,0.000,0,0,1.000,0,0.000,0.000,0.000,0.000,1.835,0.857,5.652,2.321,0.024,0.976,0.056,0.700
1424,47.514,0.000,0.000,0.000,0.000,0,0,0,0.000,0.000,0,0,1.000,0,0.000,0.000,0.000,0.000,1.143,0.671,6.346,1.889,0.023,0.977,0.052,0.700
1426,47.581,0.000,0.000,0.000,0.000,0,0,0,0.000,0.000,0,0,1.000,0,0.000,0.000,0.000,0.000,1.520,0.624,6.798,0.964,0.041,0.959,0.064,0.700
1428,47.648,0.000,0.000,0.000,0.000,0,0,0,0.000,0.000,0,0,1.000,0,0.000,0.000,0.000,0.000,0.673,0.650,7.331,2.066,0.033,0.967,0.041,0.700
1430,47.714,0.000,0.000,0.000,0.000,0,0,0,0.000,0.000,0,0,1.000,0,0.000,0.000,0.000,0.000,0.743,0.349,24.731,0.956,0.029,0.971,0.064,0.700
1432,47.781,0.000,0.000,0.000,0.000,0,0,0,0.000,0.000,0,0,1.000,0,0.000,0.000,0.000,0.000,0.759,0.634,24.593,0.548,0.025,0.975,0.045,0.700
1434,47.848,0.000,0.000,0.000,0.000,0,0,0,0.000,0.000,0,0,1.000,0,0.000,0.000,0.000,0.000,0.344,0.679,27.614,1.729,0.035,0.965,0.031,0.700
1436,47.915,0.000,0.000,0.000,0.000,0,0,0,0.000,0.000,0,0,1.000,0,0.000,0.000,0.000,0.000,1.433,0.483,28.091,1.904,0.053,0.947,0.072,0.700
1438,47.981,0.000,0.000,0.000,0.000,0,0,0,0.000,0.000,0,0,1.000,0,0.000,0.000,0.000,0.000,2.775,0.527,37.191,0.038,0.089,0.911,0.102,0.700
1440,48.048,0.000,0.000,0.000,0.000,0,0,0,0.000,0.000,0,0,1.000,0,0.000,0.000,0.000,0.000,2.665,0.672,45.908,0.000,0.142,0.858,0.090,0.700
1442,48.115,0.000,0.000,0.000,0.000,0,0,0,0.000,0.000,0,0,1.000,0,0.000,0.000,0.000,0.000,2.180,0.230,0.096,2.245,0.096,0.904,0.108,0.580
1444,48.181,0.000,451.426,0.000,446.426,1,0,1,0.000,0.428,0,0,1.000,0,0.000,0.000,0.000,0.000,2.143,0.235,0.075,0.676,0.060,0.940,0.487,0.650
1446,48.248,0.000,31.780,0.000,-419.645,1,0,1,0.000,0.705,0,0,1.000,0,0.000,0.000,0.000,0.000,2.285,0.192,0.089,0.255,0.046,0.954,0.420,0.550
1448,48.315,0.000,51.225,0.000,19.444,1,0,1,0.000,0.669,0,0,1.000,0,0.000,0.000,0.000,0.000,1.817,0.534,0.102,1.170,0.044,0.956,0.458,0.550
1450,48.382,0.000,62.370,0.000,11.145,1,0,1,0.000,0.590,0,0,1.000,0,0.000,0.000,0.000,0.000,1.527,0.545,0.127,0.689,0.053,0.947,0.450,0.000
1452,48.448,0.000,0.000,0.000,0.000,0,0,0,0.000,0.000,0,0,1.000,0,0.000,0.000,0.000,0.000,0.994,0.450,0.148,1.451,0.046,0.954,0.063,0.650
1454,48.515,0.000,0.000,0.000,0.000,0,0,0,0.000,0.000,0,0,1.000,0,0.000,0.000,0.000,0.000,0.931,0.733,0.091,0.681,0.044,0.956,0.042,0.580
1456,48.582,39.408,412.292,32.337,349.923,2,1,1,254.386,0.653,0,0,1.000,0,0.000,0.000,0.000,0.000,11.013,0.073,0.062,1.381,0.827,0.173,0.695,0.800
1458,48.649,7.616,1.000,-31.792,-411.292,2,1,1,248.244,0.852,0,0,1.000,0,0.000,0.000,0.000,0.000,0.641,0.279,0.246,1.182,0.044,0.956,0.289,0.580
1460,48.715,16.031,20.616,8.415,19.616,2,1,1,252.097,0.966,0,0,1.000,0,0.000,0.000,0.000,0.000,1.668,0.113,0.234,2.691,0.048,0.952,0.398,0.550
1462,48.782,1.000,10.296,-15.031,-10.320,2,1,1,261.017,1.005,0,0,1.000,0,0.000,0.000,0.000,0.000,0.731,0.275,0.241,2.742,0.035,0.965,0.306,0.550
1464,48.849,31.016,28.000,30.016,17.704,2,1,1,262.000,1.185,0,0,1.000,0,0.000,0.000,0.000,0.000,2.687,0.208,0.226,0.069,0.055,0.945,0.475,0.450
1466,48.916,18.248,15.297,-12.768,-12.703,2,1,1,256.018,1.153,0,0,1.000,0,0.000,0.000,0.000,0.000,1.496,0.201,0.275,0.010,0.048,0.952,0.375,0.350
1468,48.982,12.207,9.849,-6.042,-5.448,2,1,1,245.033,1.207,0,0,1.000,0,0.000,0.000,0.000,0.000,0.889,0.802,0.249,0.158,0.037,0.963,0.284,0.350
1470,49.049,8.944,14.560,-3.262,4.711,2,1,1,237.008,1.175,0,0,1.000,0,0.000,0.000,0.000,0.000,1.114,0.861,0.144,0.052,0.045,0.955,0.298,0.350
1472,49.116,6.325,11.180,-2.620,-3.380,2,1,1,233.105,0.976,0,0,1.000,0,0.000,0.000,0.000,0.000,0.731,0.808,1.252,0.056,0.032,0.968,0.274,0.550
1474,49.182,1.000,2.000,-5.325,-9.180,2,1,1,232.106,0.989,0,0,1.000,0,0.000,0.000,0.000,0.000,0.212,0.693,1.034,1.383,0.026,0.974,0.218,0.580
1476,49.249,2.236,2.000,1.236,0.000,2,1,1,232.078,0.807,0,0,1.000,0,0.000,0.000,0.000,0.000,0.314,0.556,0.735,0.229,0.035,0.965,0.231,0.580
1478,49.316,1.414,2.000,-0.822,0.000,2,1,1,229.055,1.036,0,0,1.000,0,0.000,0.000,0.000,0.000,0.372,0.407,0.445,0.282,0.032,0.968,0.242,0.580
1480,49.383,2.236,4.123,0.822,2.123,2,1,1,223.020,0.688,0,0,1.000,0,0.000,0.000,0.000,0.000,0.446,0.253,0.226,0.002,0.039,0.961,0.266,0.580
1482,49.449,6.325,4.000,4.088,-0.123,2,1,1,213.059,0.761,0,0,1.000,0,0.000,0.000,0.000,0.000,0.582,0.241,0.037,0.579,0.045,0.955,0.283,0.580
1484,49.516,6.708,3.162,0.384,-0.838,2,1,1,204.120,0.723,0,0,1.000,0,0.000,0.000,0.000,0.000,0.582,0.363,0.075,0.429,0.041,0.959,0.276,0.580
1486,49.583,5.831,3.162,-0.877,0.000,2,1,1,196.207,0.715,0,0,1.000,0,0.000,0.000,0.000,0.000,0.541,0.414,0.062,0.076,0.052,0.948,0.267,0.580
1488,49.650,2.000,2.000,-3.831,-1.162,2,1,1,192.211,0.764,0,0,1.000,0,0.000,0.000,0.000,0.000,0.400,0.145,0.518,0.518,0.036,0.964,0.261,0.580
1490,49.716,4.123,2.000,2.123,0.000,2,1,1,186.269,0.558,0,0,1.000,0,0.000,0.000,0.000,0.000,0.331,0.392,0.523,0.128,0.032,0.968,0.254,0.580
1492,49.783,3.162,2.000,-0.961,0.000,2,1,1,181.224,0.571,0,0,1.000,0,0.000,0.000,0.000,0.000,0.301,0.215,0.589,0.188,0.030,0.970,0.260,0.580
1494,49.850,3.162,1.000,0.000,-1.000,2,1,1,178.227,0.415,0,0,1.000,0,0.000,0.000,0.000,0.000,0.211,0.691,0.600,2.190,0.023,0.977,0.224,0.580
1496,49.917,1.000,1.000,-2.162,0.000,2,1,1,179.279,0.727,0,0,1.000,0,0.000,0.000,0.000,0.000,0.177,0.856,0.746,0.428,0.020,0.980,0.200,0.580
1498,49.983,2.236,0.000,1.236,-1.000,2,1,1,181.224,0.765,0,0,1.000,0,0.000,0.000,0.000,0.000,0.238,0.810,0.784,0.051,0.027,0.973,0.212,0.580
1500,50.050,3.162,1.000,0.926,1.000,2,1,1,183.175,0.839,0,0,1.000,0,0.000,0.000,0.000,0.000,0.259,0.610,0.743,1.382,0.027,0.973,0.231,0.580
1502,50.117,3.162,1.000,0.000,0.000,2,1,1,185.132,0.839,0,0,1.000,0,0.000,0.000,0.000,0.000,0.231,0.837,0.720,1.327,0.023,0.977,0.215,0.580
1504,50.183,2.000,0.000,-1.162,-1.000,2,1,1,187.131,0.942,0,0,1.000,0,0.000,0.000,0.000,0.000,0.178,0.838,0.687,0.478,0.020,0.980,0.207,0.580
1506,50.250,2.236,1.000,0.236,1.000,2,1,1,184.098,1.178,0,0,1.000,0,0.000,0.000,0.000,0.000,0.206,0.080,0.625,0.031,0.021,0.979,0.262,0.580
1508,50.317,1.000,1.000,-1.236,0.000,2,1,1,182.099,1.178,0,0,1.000,0,0.000,0.000,0.000,0.000,0.189,0.522,0.569,0.053,0.020,0.980,0.224,0.580
1510,50.384,2.000,1.000,1.000,0.000,2,1,1,183.098,1.254,0,0,1.000,0,0.000,0.000,0.000,0.000,0.181,0.504,0.531,0.314,0.016,0.984,0.230,0.580
1512,50.450,2.236,2.000,0.236,1.000,2,1,1,183.068,0.959,0,0,1.000,0,0.000,0.000,0.000,0.000,0.283,0.539,0.506,0.516,0.026,0.974,0.232,0.580
1514,50.517,2.236,1.000,0.000,-1.000,2,1,1,180.044,1.178,0,0,1.000,0,0.000,0.000,0.000,0.000,0.190,0.362,0.502,0.348,0.018,0.982,0.242,0.580
1516,50.584,1.000,1.000,-1.236,0.000,2,1,1,178.045,1.218,0,0,1.000,0,0.000,0.000,0.000,0.000,0.196,0.651,0.501,0.150,0.018,0.982,0.215,0.580
1518,50.651,1.000,0.000,0.000,-1.000,2,1,1,177.045,1.218,0,0,1.000,0,0.000,0.000,0.000,0.000,0.181,0.436,1.001,0.425,0.020,0.980,0.230,0.580
1520,50.717,0.000,1.000,-1.000,1.000,2,1,1,177.071,1.346,0,0,1.000,0,0.000,0.000,0.000,0.000,0.160,0.393,0.985,0.070,0.019,0.981,0.232,0.350
1522,50.784,2.000,0.000,2.000,-1.000,2,1,1,175.071,1.124,0,0,1.000,0,0.000,0.000,0.000,0.000,0.187,0.105,0.902,0.105,0.021,0.979,0.258,0.350
1524,50.851,1.000,1.000,-1.000,1.000,2,1,1,174.046,1.047,0,0,1.000,0,0.000,0.000,0.000,0.000,0.212,0.212,0.852,0.271,0.022,0.978,0.246,0.350
1526,50.918,1.000,1.000,0.000,0.000,2,1,1,173.026,0.785,0,0,1.000,0,0.000,0.000,0.000,0.000,0.259,0.706,1.044,0.024,0.027,0.973,0.213,0.000
1528,50.984,2.236,1.000,1.236,0.000,2,1,1,170.047,1.047,0,0,1.000,0,0.000,0.000,0.000,0.000,0.316,0.444,1.049,0.052,0.030,0.970,0.239,0.350
1530,51.051,1.414,0.000,-0.822,-1.000,2,1,1,171.026,1.148,0,0,1.000,0,0.000,0.000,0.000,0.000,0.278,0.711,0.926,0.653,0.029,0.971,0.215,0.350
1532,51.118,1.000,1.414,-0.414,1.414,2,1,1,172.026,1.202,0,0,1.000,0,0.000,0.000,0.000,0.000,0.251,0.841,1.023,0.307,0.026,0.974,0.205,0.350
1534,51.184,1.000,1.414,0.000,0.000,2,1,1,172.047,1.464,0,0,1.000,0,0.000,0.000,0.000,0.000,0.321,0.948,0.969,0.212,0.031,0.969,0.200,0.350
1536,51.251,1.000,2.236,0.000,0.822,2,1,1,171.073,1.254,0,0,1.000,0,0.000,0.000,0.000,0.000,0.390,0.847,0.863,0.068,0.032,0.968,0.213,0.350
1538,51.318,1.000,1.000,0.000,-1.236,2,1,1,171.073,1.294,0,0,1.000,0,0.000,0.000,0.000,0.000,0.279,0.921,0.698,0.216,0.029,0.971,0.198,0.350
1540,51.385,1.414,1.414,0.414,0.414,2,1,1,171.073,1.392,0,0,1.000,0,0.000,0.000,0.000,0.000,0.266,0.576,0.550,0.055,0.030,0.970,0.224,0.350
1542,51.451,2.000,1.000,0.586,-0.414,2,1,1,168.074,1.294,0,0,1.000,0,0.000,0.000,0.000,0.000,0.336,0.229,0.388,0.694,0.033,0.967,0.253,0.350
1544,51.518,2.000,2.236,0.000,1.236,2,1,1,164.110,1.101,0,0,1.000,0,0.000,0.000,0.000,0.000,0.418,0.352,0.261,0.597,0.036,0.964,0.248,0.350
1546,51.585,1.000,1.414,-1.000,-0.822,2,1,1,163.110,0.990,0,0,1.000,0,0.000,0.000,0.000,0.000,0.353,0.522,0.093,0.490,0.033,0.967,0.230,0.350
1548,51.652,0.000,0.000,0.000,0.000,0,0,0,0.000,0.000,0,0,1.000,0,0.000,0.000,0.000,0.000,10.174,0.188,0.671,1.815,0.823,0.177,0.257,0.800
1550,51.718,0.000,0.000,0.000,0.000,0,0,0,0.000,0.000,0,0,1.000,0,0.000,0.000,0.000,0.000,0.378,0.869,15.178,1.151,0.041,0.959,0.019,0.700
1552,51.785,0.000,0.000,0.000,0.000,0,0,0,0.000,0.000,0,0,1.000,0,0.000,0.000,0.000,0.000,0.293,0.871,18.548,0.157,0.031,0.969,0.016,0.700
1554,51.852,0.000,0.000,0.000,0.000,0,0,0,0.000,0.000,0,0,1.000,0,0.000,0.000,0.000,0.000,0.460,0.891,23.119,0.323,0.028,0.972,0.019,0.700
1556,51.919,0.000,0.000,0.000,0.000,0,0,0,0.000,0.000,0,0,1.000,0,0.000,0.000,0.000,0.000,0.322,0.853,23.606,0.318,0.029,0.971,0.018,0.700
1558,51.985,0.000,0.000,0.000,0.000,0,0,0,0.000,0.000,0,0,1.000,0,0.000,0.000,0.000,0.000,0.348,0.696,22.412,1.976,0.039,0.961,0.030,0.700
1560,52.052,0.000,0.000,0.000,0.000,0,0,0,0.000,0.000,0,0,1.000,0,0.000,0.000,0.000,0.000,0.434,0.957,17.878,1.717,0.043,0.957,0.014,0.700
1562,52.119,0.000,0.000,0.000,0.000,0,0,0,0.000,0.000,0,0,1.000,0,0.000,0.000,0.000,0.000,0.268,0.868,17.473,1.597,0.038,0.962,0.016,0.700
1564,52.185,0.000,0.000,0.000,0.000,0,0,0,0.000,0.000,0,0,1.000,0,0.000,0.000,0.000,0.000,0.696,0.784,17.191,0.622,0.060,0.940,0.033,0.700
1566,52.252,0.000,0.000,0.000,0.000,0,0,0,0.000,0.000,0,0,1.000,0,0.000,0.000,0.000,0.000,0.384,0.552,15.719,1.952,0.032,0.968,0.041,0.700
1568,52.319,0.000,0.000,0.000,0.000,0,0,0,0.000,0.000,0,0,1.000,0,0.000,0.000,0.000,0.000,0.649,0.890,12.176,1.354,0.041,0.959,0.024,0.700
1570,52.386,0.000,0.000,0.000,0.000,0,0,0,0.000,0.000,0,0,1.000,0,0.000,0.000,0.000,0.000,0.506,0.871,12.626,2.858,0.045,0.955,0.022,0.700
1572,52.452,0.000,0.000,0.000,0.000,0,0,0,0.000,0.000,0,0,1.000,0,0.000,0.000,0.000,0.000,0.479,0.871,13.256,0.624,0.040,0.960,0.021,0.700
1574,52.519,0.000,0.000,0.000,0.000,0,0,0,0.000,0.000,0,0,1.000,0,0.000,0.000,0.000,0.000,0.365,0.634,12.699,2.310,0.042,0.958,0.035,0.700
1576,52.586,0.000,0.000,0.000,0.000,0,0,0,0.000,0.000,0,0,1.000,0,0.000,0.000,0.000,0.000,0.291,0.884,10.884,1.938,0.036,0.964,0.015,0.700
1578,52.653,0.000,0.000,0.000,0.000,0,0,0,0.000,0.000,0,0,1.000,0,0.000,0.000,0.000,0.000,0.770,0.575,10.707,1.061,0.050,0.950,0.049,0.700
1580,52.719,0.000,0.000,0.000,0.000,0,0,0,0.000,0.000,0,0,1.000,0,0.000,0.000,0.000,0.000,0.612,0.657,0.204,1.159,0.045,0.955,0.039,0.000
1582,52.786,0.000,0.000,0.000,0.000,0,0,0,0.000,0.000,0,0,1.000,0,0.000,0.000,0.000,0.000,0.252,0.847,0.204,0.125,0.027,0.973,0.017,0.000
1584,52.853,0.000,0.000,0.000,0.000,0,0,0,0.000,0.000,0,0,1.000,0,0.000,0.000,0.000,0.000,0.414,0.951,0.208,1.832,0.044,0.956,0.014,0.550
1586,52.920,0.000,0.000,0.000,0.000,0,0,0,0.000,0.000,0,0,1.000,0,0.000,0.000,0.000,0.000,0.402,0.875,0.217,1.412,0.044,0.956,0.019,0.550
1588,52.986,0.000,0.000,0.000,0.000,0,0,0,0.000,0.000,0,0,1.000,0,0.000,0.000,0.000,0.000,0.478,0.871,0.216,0.065,0.047,0.953,0.021,0.000
1590,53.053,0.000,0.000,0.000,0.000,0,0,0,0.000,0.000,0,0,1.000,0,0.000,0.000,0.000,0.000,0.533,0.891,0.214,0.926,0.041,0.959,0.021,0.000
1592,53.120,0.000,0.000,0.000,0.000,0,0,0,0.000,0.000,0,0,1.000,0,0.000,0.000,0.000,0.000,0.664,0.783,0.215,1.053,0.045,0.955,0.032,0.000
1594,53.186,0.000,0.000,0.000,0.000,0,0,0,0.000,0.000,0,0,1.000,0,0.000,0.000,0.000,0.000,0.485,0.876,0.205,1.873,0.040,0.960,0.021,0.550
1596,53.253,0.000,0.000,0.000,0.000,0,0,0,0.000,0.000,0,0,1.000,0,0.000,0.000,0.000,0.000,1.013,0.613,0.222,1.738,0.054,0.946,0.052,0.550
1598,53.320,0.000,0.000,0.000,0.000,0,0,0,0.000,0.000,0,0,1.000,0,0.000,0.000,0.000,0.000,0.612,0.602,0.204,1.697,0.050,0.950,0.043,0.550
1600,53.387,0.000,0.000,0.000,0.000,0,0,0,0.000,0.000,0,0,1.000,0,0.000,0.000,0.000,0.000,0.495,0.153,0.216,0.838,0.057,0.943,0.072,0.000
1602,53.453,0.000,0.000,0.000,0.000,0,0,0,0.000,0.000,0,0,1.000,0,0.000,0.000,0.000,0.000,0.807,0.777,0.223,2.631,0.050,0.950,0.036,0.550
1604,53.520,0.000,0.000,0.000,0.000,0,0,0,0.000,0.000,0,0,1.000,0,0.000,0.000,0.000,0.000,0.741,0.880,0.218,0.200,0.040,0.960,0.027,0.000
1606,53.587,0.000,0.000,0.000,0.000,0,0,0,0.000,0.000,0,0,1.000,0,0.000,0.000,0.000,0.000,0.660,0.896,0.206,2.884,0.095,0.905,0.024,0.550
1608,53.654,0.000,0.000,0.000,0.000,0,0,0,0.000,0.000,0,0,1.000,0,0.000,0.000,0.000,0.000,0.884,0.886,0.195,0.437,0.087,0.913,0.030,0.000
1610,53.720,0.000,0.000,0.000,0.000,0,0,0,0.000,0.000,0,0,1.000,0,0.000,0.000,0.000,0.000,0.502,0.586,1.079,0.106,0.088,0.912,0.042,0.000
1612,53.787,0.000,0.000,0.000,0.000,0,0,0,0.000,0.000,0,0,1.000,0,0.000,0.000,0.000,0.000,1.109,0.879,0.898,0.061,0.102,0.898,0.036,0.000
1614,53.854,0.000,0.000,0.000,0.000,0,0,0,0.000,0.000,0,0,1.000,0,0.000,0.000,0.000,0.000,0.748,0.883,1.261,0.727,0.072,0.928,0.027,0.000
1616,53.921,0.000,0.000,0.000,0.000,0,0,0,0.000,0.000,0,0,1.000,0,0.000,0.000,0.000,0.000,0.795,0.881,1.419,0.399,0.076,0.924,0.028,0.700
1618,53.987,0.000,0.000,0.000,0.000,0,0,0,0.000,0.000,0,0,1.000,0,0.000,0.000,0.000,0.000,0.560,0.938,1.585,1.539,0.055,0.945,0.018,0.700
1620,54.054,0.000,0.000,0.000,0.000,0,0,0,0.000,0.000,0,0,1.000,0,0.000,0.000,0.000,0.000,0.979,0.833,1.593,0.654,0.087,0.913,0.036,0.700
1622,54.121,0.000,0.000,0.000,0.000,0,0,0,0.000,0.000,0,0,1.000,0,0.000,0.000,0.000,0.000,5.250,0.521,1.739,0.343,0.605,0.395,0.165,0.800
1624,54.187,0.000,0.000,0.000,0.000,0,0,0,0.000,0.000,0,0,1.000,0,0.000,0.000,0.000,0.000,0.385,0.728,3.669,0.176,0.037,0.963,0.029,0.700
1626,54.254,0.000,0.000,0.000,0.000,0,0,0,0.000,0.000,0,0,1.000,0,0.000,0.000,0.000,0.000,0.231,0.873,3.977,0.745,0.023,0.977,0.015,0.700
1628,54.321,0.000,0.000,0.000,0.000,0,0,0,0.000,0.000,0,0,1.000,0,0.000,0.000,0.000,0.000,0.391,0.733,2.432,1.888,0.024,0.976,0.028,0.700
1630,54.388,0.000,0.000,0.000,0.000,0,0,0,0.000,0.000,0,0,1.000,0,0.000,0.000,0.000,0.000,0.125,0.847,2.384,2.250,0.020,0.980,0.014,0.700
1632,54.454,0.000,0.000,0.000,0.000,0,0,0,0.000,0.000,0,0,1.000,0,0.000,0.000,0.000,0.000,0.267,0.866,2.255,2.547,0.038,0.962,0.016,0.700
1634,54.521,0.000,0.000,0.000,0.000,0,0,0,0.000,0.000,0,0,1.000,0,0.000,0.000,0.000,0.000,0.128,0.767,1.825,1.454,0.021,0.979,0.020,0.700
1636,54.588,0.000,0.000,0.000,0.000,0,0,0,0.000,0.000,0,0,1.000,0,0.000,0.000,0.000,0.000,0.336,0.678,1.498,1.889,0.049,0.951,0.031,0.700
1638,54.655,0.000,0.000,0.000,0.000,0,0,0,0.000,0.000,0,0,1.000,0,0.000,0.000,0.000,0.000,0.286,0.781,1.360,0.527,0.029,0.971,0.022,0.000
1640,54.721,0.000,0.000,0.000,0.000,0,0,0,0.000,0.000,0,0,1.000,0,0.000,0.000,0.000,0.000,0.220,0.698,1.050,0.024,0.035,0.965,0.027,0.000
1642,54.788,0.000,0.000,0.000,0.000,0,0,0,0.000,0.000,0,0,1.000,0,0.000,0.000,0.000,0.000,0.333,0.570,0.982,1.838,0.029,0.971,0.038,0.550
1644,54.855,0.000,0.000,0.000,0.000,0,0,0,0.000,0.000,0,0,1.000,0,0.000,0.000,0.000,0.000,1.670,0.465,0.391,0.086,0.033,0.967,0.079,0.000
1646,54.922,0.000,0.000,0.000,0.000,0,0,0,0.000,0.000,0,0,1.000,0,0.000,0.000,0.000,0.000,1.917,0.308,0.603,0.017,0.032,0.968,0.096,0.000
1648,54.988,0.000,0.000,0.000,0.000,0,0,0,0.000,0.000,0,0,1.000,0,0.000,0.000,0.000,0.000,2.124,0.508,0.898,0.006,0.047,0.953,0.088,0.000
1650,55.055,0.000,0.000,0.000,0.000,0,0,0,0.000,0.000,0,0,1.000,0,0.000,0.000,0.000,0.000,1.469,0.596,1.461,0.070,0.043,0.957,0.065,0.700
1652,55.122,0.000,0.000,0.000,0.000,0,0,0,0.000,0.000,0,0,1.000,0,0.000,0.000,0.000,0.000,0.197,0.416,1.435,0.365,0.026,0.974,0.046,0.700
1654,55.188,0.000,0.000,0.000,0.000,0,0,0,0.000,0.000,0,0,1.000,0,0.000,0.000,0.000,0.000,0.238,0.170,0.325,0.394,0.026,0.974,0.064,0.000
1656,55.255,0.000,0.000,0.000,0.000,0,0,0,0.000,0.000,0,0,1.000,0,0.000,0.000,0.000,0.000,0.067,0.167,0.327,0.652,0.013,0.987,0.060,0.000
1658,55.322,0.000,0.000,0.000,0.000,0,0,0,0.000,0.000,0,0,1.000,0,0.000,0.000,0.000,0.000,0.085,0.282,0.287,0.511,0.018,0.982,0.052,0.000
1660,55.389,0.000,0.000,0.000,0.000,0,0,0,0.000,0.000,0,0,1.000,0,0.000,0.000,0.000,0.000,0.073,0.243,0.290,0.107,0.017,0.983,0.055,0.000
1662,55.455,0.000,0.000,0.000,0.000,0,0,0,0.000,0.000,0,0,1.000,0,0.000,0.000,0.000,0.000,0.421,0.482,0.269,0.825,0.028,0.972,0.047,0.000
1664,55.522,0.000,0.000,0.000,0.000,0,0,0,0.000,0.000,0,0,1.000,0,0.000,0.000,0.000,0.000,0.335,0.595,0.227,2.655,0.020,0.980,0.037,0.550
1666,55.589,0.000,0.000,0.000,0.000,0,0,0,0.000,0.000,0,0,1.000,0,0.000,0.000,0.000,0.000,0.071,0.268,0.179,2.066,0.018,0.982,0.053,0.550
1668,55.656,0.000,0.000,0.000,0.000,0,0,0,0.000,0.000,0,0,1.000,0,0.000,0.000,0.000,0.000,0.061,0.867,0.175,2.380,0.014,0.986,0.011,0.550
1670,55.722,0.000,0.000,0.000,0.000,0,0,0,0.000,0.000,0,0,1.000,0,0.000,0.000,0.000,0.000,0.042,0.434,0.153,2.679,0.006,0.994,0.041,0.550
1672,55.789,0.000,43.566,0.000,42.152,1,0,1,0.000,1.181,0,0,1.000,0,0.000,0.000,0.000,0.000,14.101,0.347,0.147,1.409,0.847,0.153,0.618,0.800
1674,55.856,0.000,13.454,0.000,-30.112,1,0,1,0.000,1.292,0,0,1.000,0,0.000,0.000,0.000,0.000,1.508,0.125,0.641,2.198,0.047,0.953,0.304,0.550
1676,55.923,121.264,7.211,120.264,-6.243,2,1,1,300.028,1.270,0,0,1.000,0,0.000,0.000,0.000,0.000,1.051,0.161,0.572,0.512,0.048,0.952,0.515,0.650
1678,55.989,12.369,3.000,-108.895,-4.211,2,1,1,298.685,1.205,0,0,1.000,0,0.000,0.000,0.000,0.000,0.813,0.340,0.455,1.308,0.043,0.957,0.315,0.550
1680,56.056,8.602,2.236,-3.767,-0.764,2,1,1,291.496,1.165,0,0,1.000,0,0.000,0.000,0.000,0.000,0.673,0.507,0.298,0.586,0.038,0.962,0.279,0.550
1682,56.123,11.705,4.123,3.102,1.887,2,1,1,280.318,0.954,0,0,1.000,0,0.000,0.000,0.000,0.000,0.726,0.636,0.232,0.108,0.038,0.962,0.289,0.550
1684,56.189,4.472,4.123,-7.233,0.000,2,1,1,277.051,0.958,0,0,1.000,0,0.000,0.000,0.000,0.000,0.757,0.712,0.979,0.229,0.039,0.961,0.244,0.550
1686,56.256,2.828,2.000,-1.644,-2.123,2,1,1,274.505,1.016,0,0,1.000,0,0.000,0.000,0.000,0.000,0.786,0.492,1.036,0.303,0.039,0.961,0.251,0.350
1688,56.323,2.236,2.236,-0.592,0.236,2,1,1,270.542,1.172,0,0,1.000,0,0.000,0.000,0.000,0.000,0.656,0.431,1.108,0.194,0.036,0.964,0.249,0.350
1690,56.390,2.236,1.414,0.000,-0.822,2,0,1,267.571,0.975,0,0,1.000,0,0.000,0.000,0.000,0.000,0.503,0.460,1.171,0.062,0.033,0.967,0.243,0.500
1692,56.456,1.414,0.000,-0.822,-1.414,2,0,1,268.425,1.201,0,0,1.000,0,0.000,0.000,0.000,0.000,0.526,0.323,1.212,0.203,0.036,0.964,0.248,0.580
1694,56.523,5.000,3.000,3.586,3.000,2,0,1,267.047,1.258,0,0,1.000,0,0.000,0.000,0.000,0.000,0.638,0.377,1.214,0.039,0.040,0.960,0.267,0.350
1696,56.590,4.123,3.162,-0.877,0.162,2,0,1,273.995,1.357,0,0,1.000,0,0.000,0.000,0.000,0.000,0.629,0.328,1.237,0.255,0.039,0.961,0.266,0.350
1698,56.657,5.385,1.414,1.262,-1.748,2,0,1,272.342,1.598,0,0,1.000,0,0.000,0.000,0.000,0.000,0.629,0.341,1.295,0.392,0.039,0.961,0.272,0.350
1700,56.723,5.385,2.000,0.000,0.586,2,0,1,273.732,1.591,0,0,1.000,0,0.000,0.000,0.000,0.000,0.629,0.593,1.350,0.231,0.036,0.964,0.254,0.350
1702,56.790,1.414,2.236,-3.971,0.236,2,0,1,273.529,1.581,0,0,1.000,0,0.000,0.000,0.000,0.000,0.596,0.776,1.405,0.110,0.034,0.966,0.223,0.700
1704,56.857,2.828,3.162,1.414,0.926,2,0,1,272.360,1.621,0,0,1.000,0,0.000,0.000,0.000,0.000,0.630,0.879,0.228,0.258,0.036,0.964,0.222,0.350
1706,56.924,3.606,5.657,0.777,2.495,2,0,1,270.815,1.842,0,0,1.000,0,0.000,0.000,0.000,0.000,0.746,0.781,0.242,0.083,0.038,0.962,0.245,0.350
1708,56.990,14.866,13.000,11.261,7.343,2,0,1,280.401,1.655,0,0,1.000,0,0.000,0.000,0.000,0.000,1.046,0.708,0.231,0.024,0.044,0.956,0.309,0.550
1710,57.057,24.413,23.087,9.547,10.087,2,1,1,281.087,1.715,0,0,1.000,0,0.000,0.000,0.000,0.000,9.953,0.663,0.201,1.564,0.516,0.484,0.539,0.766
1712,57.124,14.142,4.000,-10.271,-19.087,2,1,1,267.017,1.394,0,0,1.000,0,0.000,0.000,0.000,0.000,0.458,0.672,0.006,2.781,0.035,0.965,0.293,0.550
1714,57.190,1.414,6.325,-12.728,2.325,2,1,1,260.000,1.316,0,0,1.000,0,0.000,0.000,0.000,0.000,0.521,0.507,0.021,0.061,0.031,0.969,0.263,0.550
1716,57.257,6.000,9.000,4.586,2.675,2,1,1,245.000,1.319,0,0,1.000,0,0.000,0.000,0.000,0.000,0.716,0.230,0.036,0.698,0.043,0.957,0.302,0.550
1718,57.324,8.000,7.071,2.000,-1.929,2,1,1,230.002,1.173,0,0,1.000,0,0.000,0.000,0.000,0.000,0.685,0.169,0.051,0.256,0.041,0.959,0.300,0.350
1720,57.391,5.099,3.000,-2.901,-4.071,2,1,1,222.000,1.001,0,0,1.000,0,0.000,0.000,0.000,0.000,0.563,0.391,0.062,0.393,0.036,0.964,0.265,0.550
1722,57.457,10.000,1.000,4.901,-2.000,2,1,1,211.000,0.805,0,0,1.000,0,0.000,0.000,0.000,0.000,0.504,0.763,0.070,0.996,0.029,0.971,0.265,0.000
1724,57.524,8.544,0.000,-1.456,-1.000,2,1,1,203.022,0.862,0,0,1.000,0,0.000,0.000,0.000,0.000,0.413,0.805,0.072,0.027,0.026,0.974,0.251,0.000
1726,57.591,4.000,2.236,-4.544,2.236,2,1,1,197.041,0.627,0,0,1.000,0,0.000,0.000,0.000,0.000,0.357,0.338,0.083,1.460,0.031,0.969,0.257,0.550
1728,57.658,1.000,3.162,-3.000,0.926,2,1,1,193.023,0.434,0,0,1.000,0,0.000,0.000,0.000,0.000,0.358,0.288,0.099,0.372,0.029,0.971,0.256,0.000
1730,57.724,4.472,1.000,3.472,-2.162,2,1,1,188.066,0.295,0,0,1.000,0,0.000,0.000,0.000,0.000,0.367,0.540,0.117,1.046,0.029,0.971,0.246,0.000
1732,57.791,8.062,2.000,3.590,1.000,2,1,1,178.045,0.270,0,0,1.000,0,0.000,0.000,0.000,0.000,0.456,0.496,0.134,0.030,0.034,0.966,0.271,0.000
1734,57.858,7.280,2.236,-0.782,0.236,2,1,1,169.145,0.321,0,0,1.000,0,0.000,0.000,0.000,0.000,0.424,0.370,1.835,0.335,0.029,0.971,0.275,0.700
1736,57.925,4.123,1.000,-3.157,-1.236,2,1,1,164.195,0.339,0,0,1.000,0,0.000,0.000,0.000,0.000,0.415,0.432,3.787,0.062,0.032,0.968,0.253,0.700
1738,57.991,2.000,0.000,-2.123,-1.000,2,1,1,166.193,0.638,0,0,1.000,0,0.000,0.000,0.000,0.000,0.175,0.191,5.648,2.328,0.021,0.979,0.252,0.700
1740,58.058,3.606,2.236,1.606,2.236,2,1,1,170.106,0.716,0,0,1.000,0,0.000,0.000,0.000,0.000,0.322,0.541,3.318,1.304,0.028,0.972,0.240,0.700
1742,58.125,3.606,0.000,0.000,-2.236,2,1,1,173.046,0.720,0,0,1.000,0,0.000,0.000,0.000,0.000,0.291,0.512,0.366,0.799,0.027,0.973,0.241,0.000
1744,58.191,3.606,1.414,0.000,1.414,2,1,1,175.026,0.720,0,0,1.000,0,0.000,0.000,0.000,0.000,0.261,0.770,0.362,0.684,0.022,0.978,0.223,0.000
1746,58.258,3.162,1.414,-0.443,0.000,2,1,1,177.003,0.745,0,0,1.000,0,0.000,0.000,0.000,0.000,0.238,0.630,0.362,0.315,0.026,0.974,0.229,0.000
1748,58.325,1.414,2.000,-1.748,0.586,2,1,1,176.011,0.821,0,0,1.000,0,0.000,0.000,0.000,0.000,0.270,0.685,0.374,0.437,0.027,0.973,0.220,0.000
1750,58.392,0.000,1.000,-1.414,-1.000,2,1,1,176.026,0.868,0,0,1.000,0,0.000,0.000,0.000,0.000,0.197,0.634,0.387,0.288,0.022,0.978,0.216,0.000
1752,58.458,2.000,1.000,2.000,0.000,2,1,1,173.026,1.007,0,0,1.000,0,0.000,0.000,0.000,0.000,0.192,0.363,0.399,0.318,0.020,0.980,0.241,0.350
1754,58.525,1.000,1.000,-1.000,0.000,2,1,1,173.026,1.100,0,0,1.000,0,0.000,0.000,0.000,0.000,0.175,0.064,0.407,0.005,0.016,0.984,0.255,0.350
1756,58.592,1.000,1.000,0.000,0.000,2,1,1,174.046,0.916,0,0,1.000,0,0.000,0.000,0.000,0.000,0.131,0.108,0.407,0.229,0.013,0.987,0.251,0.350
1758,58.659,1.414,1.000,0.414,0.000,2,1,1,175.046,0.949,0,0,1.000,0,0.000,0.000,0.000,0.000,0.196,0.478,0.404,0.317,0.021,0.979,0.229,0.350
1760,58.725,2.236,1.000,0.822,0.000,2,1,1,176.026,1.003,0,0,1.000,0,0.000,0.000,0.000,0.000,0.182,0.480,0.400,0.173,0.020,0.980,0.233,0.350
1762,58.792,0.000,0.000,0.000,0.000,0,0,0,0.000,0.000,0,0,1.000,0,0.000,0.000,0.000,0.000,6.833,0.035,0.397,0.742,0.774,0.226,0.238,0.800
1764,58.859,0.000,0.000,0.000,0.000,0,0,0,0.000,0.000,0,0,1.000,0,0.000,0.000,0.000,0.000,1.248,0.760,0.212,1.674,0.079,0.921,0.048,0.550
1766,58.926,0.000,0.000,0.000,0.000,0,0,0,0.000,0.000,0,0,1.000,0,0.000,0.000,0.000,0.000,0.809,0.629,0.182,0.447,0.058,0.942,0.046,0.000
1768,58.992,0.000,0.000,0.000,0.000,0,0,0,0.000,0.000,0,0,1.000,0,0.000,0.000,0.000,0.000,0.750,0.772,0.162,0.038,0.042,0.958,0.035,0.000
1770,59.059,0.000,0.000,0.000,0.000,0,0,0,0.000,0.000,0,0,1.000,0,0.000,0.000,0.000,0.000,0.779,0.809,0.120,2.857,0.035,0.965,0.033,0.550
1772,59.126,0.000,0.000,0.000,0.000,0,0,0,0.000,0.000,0,0,1.000,0,0.000,0.000,0.000,0.000,0.871,0.860,2.912,0.348,0.082,0.918,0.032,0.700
1774,59.192,0.000,0.000,0.000,0.000,0,0,0,0.000,0.000,0,0,1.000,0,0.000,0.000,0.000,0.000,0.872,0.568,3.152,1.082,0.088,0.912,0.052,0.700
1776,59.259,0.000,0.000,0.000,0.000,0,0,0,0.000,0.000,0,0,1.000,0,0.000,0.000,0.000,0.000,0.826,0.844,3.454,0.500,0.102,0.898,0.032,0.700
1778,59.326,0.000,0.000,0.000,0.000,0,0,0,0.000,0.000,0,0,1.000,0,0.000,0.000,0.000,0.000,0.853,0.866,4.484,0.093,0.097,0.903,0.031,0.700
1780,59.393,0.000,0.000,0.000,0.000,0,0,0,0.000,0.000,0,0,1.000,0,0.000,0.000,0.000,0.000,3.074,0.649,6.246,1.564,0.114,0.886,0.101,0.700
1782,59.459,0.000,0.000,0.000,0.000,0,0,0,0.000,0.000,0,0,1.000,0,0.000,0.000,0.000,0.000,3.516,0.585,9.076,0.175,0.137,0.863,0.117,0.700
1784,59.526,0.000,0.000,0.000,0.000,0,0,0,0.000,0.000,0,0,1.000,0,0.000,0.000,0.000,0.000,2.689,0.513,12.317,0.630,0.136,0.864,0.101,0.700
1786,59.593,0.000,0.000,0.000,0.000,0,0,0,0.000,0.000,0,0,1.000,0,0.000,0.000,0.000,0.000,2.412,0.042,14.014,0.598,0.102,0.898,0.127,0.700
1788,59.660,0.000,0.000,0.000,0.000,0,0,0,0.000,0.000,0,0,1.000,0,0.000,0.000,0.000,0.000,1.829,0.269,14.616,0.643,0.169,0.831,0.097,0.700
1790,59.726,0.000,0.000,0.000,0.000,0,0,0,0.000,0.000,0,0,1.000,0,0.000,0.000,0.000,0.000,1.734,0.298,15.789,0.276,0.248,0.752,0.092,0.700
