frame_idx,timestamp,hand_velocity_left,hand_velocity_right,hand_acceleration_left,hand_acceleration_right,hands_present,grip_state_left,grip_state_right,hand_distance,trajectory_curvature,num_tools,tool_changed,tool_stability,num_interactions,contact_point_shift,contact_point_variance,interaction_density,interaction_rhythm,flow_magnitude,flow_uniformity,flow_discontinuity,direction_change,scene_change_score,visual_stability,activity_level,transition_score
0,0.000,0.000,0.000,0.000,0.000,1,0,0,0.000,0.000,3,0,1.000,1,0.000,0.000,1.000,0.000,0.000,1.000,0.000,0.000,0.000,1.000,0.330,0.000
3,0.100,0.000,469.004,0.000,439.323,2,0,0,469.004,0.000,4,1,0.000,4,251.730,7011.556,1.000,0.366,1.785,0.832,0.000,0.339,0.129,0.871,0.806,0.750
6,0.200,0.000,443.289,0.000,-24.712,2,0,0,443.289,3.121,3,1,0.000,2,240.666,5764.375,1.000,0.414,1.050,0.872,0.000,0.213,0.100,0.900,0.725,0.750
9,0.300,0.000,436.005,0.000,-4.006,2,0,1,436.005,3.124,3,1,0.000,3,20.125,4709.520,1.000,0.414,0.861,0.680,0.000,0.264,0.095,0.905,0.874,0.750
12,0.400,0.000,437.073,0.000,1.032,2,0,1,437.073,3.127,3,0,0.250,3,3.000,3984.014,1.000,0.414,0.790,0.812,0.000,0.395,0.084,0.916,0.863,0.350
15,0.500,0.000,3.162,0.000,-433.911,1,0,1,0.000,2.948,4,1,0.200,3,201.090,5385.510,1.000,0.414,1.199,0.697,0.000,0.182,0.102,0.898,0.554,0.750
18,0.600,0.000,425.142,0.000,414.372,2,0,1,425.142,2.522,3,1,0.167,3,279.544,6707.025,1.000,0.414,1.146,0.349,0.000,0.070,0.089,0.911,0.804,0.750
21,0.700,0.000,475.602,0.000,37.943,2,0,1,475.602,2.524,3,0,0.286,4,0.000,6168.760,1.000,0.406,1.554,0.566,0.000,0.207,0.109,0.891,0.799,0.450
24,0.800,0.000,468.310,0.000,-15.712,2,0,1,468.310,2.517,3,0,0.375,4,270.934,6799.136,1.000,0.400,1.343,0.442,0.000,0.606,0.096,0.904,0.803,0.750
27,0.900,0.000,480.505,0.000,12.195,2,0,1,488.112,2.514,4,1,0.333,4,0.000,6196.898,1.000,0.396,3.318,0.804,0.000,0.650,0.121,0.879,0.927,0.750
30,1.000,10.440,34.713,10.440,-445.792,2,0,1,506.661,2.438,4,0,0.400,4,239.460,6499.616,1.000,0.392,1.995,0.790,0.000,1.734,0.094,0.906,0.837,0.750
33,1.100,6.403,26.306,-4.037,-8.407,2,0,1,485.576,2.591,4,0,0.455,4,76.662,6390.945,1.000,0.390,2.777,0.494,0.000,1.827,0.131,0.869,0.831,0.580
36,1.200,39.812,42.012,33.409,15.706,2,0,1,438.858,2.669,3,1,0.417,4,44.011,6255.459,1.000,0.387,2.573,0.556,0.000,0.084,0.096,0.904,0.809,0.750
39,1.300,0.000,438.634,0.000,428.634,2,0,1,438.634,1.925,3,0,0.462,4,237.320,6181.905,1.000,0.386,1.407,0.571,0.000,0.252,0.092,0.908,0.795,0.750
42,1.400,7.071,426.277,-32.741,-12.357,2,0,1,425.180,2.733,3,0,0.500,4,52.631,6270.694,1.000,0.384,2.365,0.857,0.000,0.359,0.110,0.890,0.799,0.450
45,1.500,21.260,10.770,14.189,-415.507,2,0,1,413.679,2.059,3,0,0.533,4,88.255,5644.534,1.000,0.383,1.349,0.456,0.000,0.471,0.087,0.913,0.670,0.580
48,1.600,0.000,416.789,0.000,412.789,2,0,1,416.789,1.677,3,0,0.562,4,93.536,4427.324,1.000,0.382,2.110,0.798,0.000,0.425,0.108,0.892,0.797,0.520
51,1.700,0.000,414.133,0.000,-4.633,2,0,1,414.133,2.127,3,0,0.588,4,55.009,4428.344,1.000,0.379,1.431,0.383,0.000,3.001,0.092,0.908,0.809,0.550
54,1.800,0.000,397.352,0.000,-16.780,1,0,1,0.000,2.435,3,0,0.611,2,55.009,4428.344,1.000,0.379,3.526,0.434,0.000,2.238,0.097,0.903,0.748,0.650
57,1.900,0.000,20.125,0.000,-377.228,1,0,1,0.000,2.567,3,0,0.632,2,55.009,4428.344,1.000,0.379,2.018,0.190,0.000,0.383,0.084,0.916,0.589,0.580
60,2.000,0.000,8.602,0.000,-11.522,1,0,1,0.000,2.432,3,0,0.650,2,55.009,4428.344,1.000,0.389,1.881,0.146,0.000,0.723,0.080,0.920,0.525,0.580
63,2.100,0.000,9.434,0.000,0.832,1,0,1,0.000,2.474,4,1,0.619,3,330.752,5712.744,1.000,0.389,1.346,0.256,0.000,1.352,0.093,0.907,0.623,0.750
66,2.200,0.000,18.868,0.000,9.434,1,0,1,0.000,2.465,4,0,0.636,3,188.066,5924.844,1.000,0.389,1.589,0.225,0.000,0.923,0.096,0.904,0.684,0.750
69,2.300,60.033,13.000,38.773,-5.868,2,1,1,328.000,2.267,4,0,0.652,5,46.043,5109.677,1.000,0.379,2.538,0.166,0.000,0.831,0.106,0.894,0.952,0.650
72,2.400,14.142,18.601,-45.891,5.601,2,1,1,313.959,2.041,3,1,0.625,4,85.000,5100.550,1.000,0.379,1.366,0.241,0.000,0.711,0.098,0.902,0.671,0.750
75,2.500,2.828,8.062,-11.314,-10.539,2,1,1,303.646,1.751,3,0,0.640,4,235.255,5741.888,1.000,0.379,1.129,0.298,0.000,1.288,0.090,0.910,0.602,0.750
78,2.600,4.243,10.000,1.414,1.938,2,1,1,292.351,1.587,3,0,0.654,4,217.368,5726.550,1.000,0.379,1.039,0.562,0.000,0.082,0.078,0.922,0.592,0.750
81,2.700,4.123,10.817,-0.120,0.817,2,1,1,283.290,1.713,4,1,0.630,4,81.271,5548.874,1.000,0.379,1.097,0.683,0.000,0.066,0.082,0.918,0.690,0.750
84,2.800,3.162,1.000,-0.961,-9.817,2,1,1,281.027,1.451,4,0,0.643,4,56.824,5321.914,1.000,0.379,0.907,0.550,0.000,0.171,0.068,0.932,0.652,0.580
87,2.900,0.000,2.000,0.000,1.000,1,0,1,0.000,0.926,4,0,0.655,2,56.824,5321.914,1.000,0.389,2.769,0.332,0.000,2.818,0.089,0.911,0.567,0.650
90,3.000,0.000,21.213,0.000,19.213,1,0,1,0.000,0.884,4,0,0.690,2,99.479,5195.714,1.000,0.389,3.287,0.621,0.000,1.043,0.102,0.898,0.667,0.580
93,3.100,0.000,8.062,0.000,-13.151,1,0,1,0.000,0.871,4,0,0.724,2,2.236,5036.525,1.000,0.399,0.921,0.688,0.231,2.830,0.091,0.909,0.530,0.580
96,3.200,0.000,4.472,0.000,-3.590,1,0,1,0.000,0.908,3,1,0.724,1,2.236,5036.525,1.000,0.399,0.754,0.582,0.091,0.340,0.097,0.903,0.483,0.750
99,3.300,0.000,4.243,0.000,-0.229,1,0,1,0.000,0.846,3,1,0.690,2,3.162,4860.794,1.000,0.408,1.478,0.622,0.005,0.474,0.123,0.877,0.457,0.750
102,3.400,0.000,15.652,0.000,11.410,1,0,1,0.000,0.822,3,0,0.724,2,11.314,3251.684,1.000,0.408,3.574,0.284,0.397,1.638,0.118,0.882,0.596,0.580
105,3.500,0.000,1.000,0.000,-14.652,1,0,1,0.000,0.953,3,0,0.759,2,5.000,3129.449,1.000,0.417,2.808,0.436,0.399,0.659,0.126,0.874,0.485,0.580
108,3.600,0.000,13.601,0.000,12.601,1,0,1,0.000,0.958,3,0,0.759,2,3.162,3092.025,1.000,0.417,2.186,0.244,0.393,0.612,0.105,0.895,0.553,0.580
111,3.700,199.449,0.000,196.287,0.000,1,1,0,0.000,1.291,3,0,0.759,2,31.575,2981.088,1.000,0.426,1.981,0.627,0.341,1.236,0.124,0.876,0.696,0.500
114,3.800,0.000,34.015,0.000,20.413,1,0,1,0.000,0.827,3,0,0.793,2,28.443,2814.929,1.000,0.426,2.076,0.440,0.307,2.022,0.118,0.882,0.650,0.550
117,3.900,0.000,6.325,0.000,-27.690,1,0,1,0.000,1.028,3,0,0.793,2,9.487,2762.630,1.000,0.435,2.605,0.653,0.480,0.432,0.136,0.864,0.495,0.580
120,4.000,30.806,0.000,-168.643,0.000,1,1,0,0.000,1.355,3,0,0.793,2,13.601,2555.349,1.000,0.435,4.569,0.755,0.178,0.622,0.164,0.836,0.672,0.500
123,4.100,0.000,0.000,0.000,0.000,0,0,0,0.000,0.000,3,0,0.828,0,13.601,2555.349,0.967,0.435,1.452,0.694,0.267,0.543,0.113,0.887,0.174,0.650
126,4.200,0.000,0.000,0.000,0.000,0,0,0,0.000,0.000,3,0,0.828,0,13.601,2555.349,0.933,0.435,3.063,0.531,0.485,2.062,0.125,0.875,0.221,0.580
129,4.300,0.000,0.000,0.000,0.000,0,0,0,0.000,0.000,3,0,0.828,0,13.601,2555.349,0.900,0.435,2.332,0.497,0.840,0.090,0.107,0.893,0.201,0.580
132,4.400,0.000,0.000,0.000,0.000,0,0,0,0.000,0.000,3,0,0.828,0,13.601,2555.349,0.867,0.435,1.667,0.739,0.993,2.561,0.114,0.886,0.164,0.580
135,4.500,0.000,0.000,0.000,0.000,0,0,0,0.000,0.000,3,0,0.828,0,13.601,2555.349,0.833,0.435,1.106,0.730,0.808,0.096,0.103,0.897,0.147,0.580
138,4.600,0.000,0.000,0.000,0.000,0,0,0,0.000,0.000,3,0,0.828,0,13.601,2555.349,0.800,0.435,1.389,0.953,0.377,0.303,0.119,0.881,0.134,0.580
141,4.700,0.000,0.000,0.000,0.000,0,0,0,0.000,0.000,3,0,0.828,0,13.601,2555.349,0.767,0.435,3.270,0.914,0.496,0.131,0.141,0.859,0.180,0.580
144,4.800,0.000,0.000,0.000,0.000,0,0,0,0.000,0.000,4,1,0.793,0,13.601,2555.349,0.733,0.435,3.564,0.903,0.721,0.123,0.147,0.853,0.284,0.750
147,4.900,0.000,43.174,0.000,36.850,1,0,1,0.000,0.934,4,0,0.793,3,25.942,2273.398,0.733,0.295,6.032,0.796,1.240,0.293,0.164,0.836,0.858,0.650
150,5.000,0.000,3.606,0.000,-39.569,1,0,1,0.000,0.972,4,0,0.828,3,8.062,1818.569,0.733,0.288,5.174,0.830,1.100,0.718,0.148,0.852,0.614,0.580
153,5.100,0.000,15.811,0.000,12.206,1,0,1,0.000,1.322,3,1,0.793,2,7.211,1569.219,0.733,0.295,2.547,0.906,1.155,0.116,0.130,0.870,0.496,0.750
156,5.200,0.000,4.000,0.000,-11.811,1,0,1,0.000,1.599,3,0,0.793,2,0.000,989.618,0.733,0.295,2.042,0.897,1.123,1.005,0.138,0.862,0.418,0.580
159,5.300,0.000,6.708,0.000,2.708,1,0,1,0.000,1.795,3,0,0.828,2,10.050,967.754,0.733,0.295,1.165,0.822,1.101,0.031,0.115,0.885,0.417,0.580
162,5.400,0.000,13.038,0.000,6.330,1,0,1,0.000,2.096,3,0,0.828,2,137.528,1030.125,0.733,0.302,1.040,0.842,1.087,0.352,0.110,0.890,0.447,0.750
165,5.500,0.000,10.817,0.000,-2.222,1,0,1,0.000,2.084,3,0,0.828,2,4.243,757.044,0.733,0.309,0.624,0.181,0.868,0.648,0.067,0.933,0.471,0.580
168,5.600,0.000,2.828,0.000,-7.988,1,0,1,0.000,1.956,2,1,0.828,1,4.123,569.247,0.733,0.309,0.653,0.709,0.269,0.369,0.084,0.916,0.360,0.750
171,5.700,0.000,1.000,0.000,-1.828,1,0,1,0.000,1.985,2,0,0.828,1,2.236,582.950,0.733,0.316,0.594,0.811,0.199,0.293,0.077,0.923,0.342,0.580
174,5.800,26.249,0.000,-4.557,0.000,1,1,0,0.000,1.361,3,1,0.793,2,72.007,646.764,0.733,0.323,0.575,0.668,0.078,0.311,0.059,0.941,0.521,0.750
177,5.900,12.042,0.000,-14.207,0.000,1,1,0,0.000,1.295,3,0,0.793,2,13.454,632.769,0.733,0.323,0.539,0.159,0.298,0.364,0.058,0.942,0.477,0.480
180,6.000,10.000,0.000,-2.042,0.000,1,1,0,0.000,1.190,3,0,0.793,2,0.000,607.950,0.733,0.329,1.110,0.350,0.296,1.877,0.077,0.923,0.467,0.550
183,6.100,30.232,0.000,20.232,0.000,1,1,0,0.000,0.999,3,0,0.828,2,21.213,571.680,0.733,0.329,3.159,0.291,0.149,0.705,0.090,0.910,0.635,0.350
186,6.200,5.385,0.000,-24.847,0.000,1,1,0,0.000,1.040,3,0,0.862,2,25.000,566.299,0.733,0.336,3.120,0.483,0.065,0.563,0.103,0.897,0.482,0.580
189,6.300,19.105,0.000,13.720,0.000,1,1,0,0.000,1.105,6,1,0.828,3,13.601,567.818,0.733,0.336,1.401,0.371,0.261,0.511,0.081,0.919,0.593,0.750
192,6.400,0.000,0.000,0.000,0.000,0,0,0,0.000,0.000,6,0,0.828,0,13.601,567.818,0.700,0.336,0.794,0.426,0.560,1.589,0.072,0.928,0.244,0.650
195,6.500,0.000,0.000,0.000,0.000,0,0,0,0.000,0.000,5,1,0.793,0,13.601,567.818,0.667,0.336,0.624,0.507,0.820,0.681,0.080,0.920,0.230,0.750
198,6.600,0.000,0.000,0.000,0.000,0,0,0,0.000,0.000,6,1,0.759,0,13.601,567.818,0.633,0.336,0.863,0.296,1.062,0.456,0.077,0.923,0.247,0.750
201,6.700,0.000,0.000,0.000,0.000,0,0,0,0.000,0.000,6,0,0.759,0,13.601,567.818,0.600,0.336,0.781,0.526,1.166,0.546,0.081,0.919,0.225,0.580
204,6.800,17.493,0.000,-1.612,0.000,1,1,0,0.000,1.165,6,0,0.759,5,15.811,569.740,0.600,0.337,2.905,0.840,1.231,0.213,0.124,0.876,0.633,0.650
207,6.900,21.954,0.000,4.462,0.000,1,1,0,0.000,1.211,4,1,0.724,2,3.000,571.859,0.600,0.337,5.361,0.748,1.065,3.025,0.160,0.840,0.666,0.750
210,7.000,0.000,15.652,0.000,14.652,1,0,1,0.000,1.802,4,0,0.724,2,9.220,572.769,0.600,0.337,3.202,0.465,0.761,0.991,0.155,0.845,0.596,0.500
213,7.100,0.000,7.000,0.000,-8.652,1,0,1,0.000,1.746,4,0,0.724,2,2.236,572.937,0.633,0.337,2.944,0.309,0.476,0.804,0.141,0.859,0.557,0.350
216,7.200,0.000,9.055,0.000,2.055,1,0,1,0.000,1.612,5,1,0.690,4,2.236,572.937,0.667,0.325,3.170,0.864,0.329,0.895,0.151,0.849,0.593,0.750
219,7.300,208.655,4.123,186.701,-4.932,2,1,1,223.826,1.526,5,0,0.690,6,123.665,845.734,0.700,0.313,1.776,0.947,0.110,0.335,0.143,0.857,0.842,0.687
222,7.400,3.606,2.000,-205.050,-2.123,2,1,1,225.364,1.498,5,0,0.690,5,3.606,689.869,0.733,0.307,1.321,0.753,0.012,0.665,0.133,0.867,0.618,0.580
225,7.500,7.810,1.000,4.205,-1.000,2,1,1,232.398,1.671,4,1,0.655,4,7.810,947.950,0.767,0.365,1.840,0.762,0.087,0.047,0.146,0.854,0.658,0.750
228,7.600,6.708,2.236,-1.102,1.236,2,1,1,239.885,1.694,4,0,0.655,5,148.862,1266.919,0.800,0.357,1.863,0.754,0.115,0.630,0.155,0.845,0.657,0.750
231,7.700,5.000,4.000,-1.708,1.764,2,1,1,243.647,1.571,4,0,0.690,5,150.333,1418.017,0.833,0.348,2.093,0.969,0.005,0.274,0.174,0.826,0.642,0.750
234,7.800,2.236,5.385,-2.764,1.385,2,1,1,243.167,1.560,3,1,0.655,4,149.375,1683.269,0.867,0.339,1.785,0.976,0.039,0.039,0.162,0.838,0.540,0.750
237,7.900,4.000,3.606,1.764,-1.780,2,1,1,242.118,1.589,3,0,0.655,3,4.000,1869.030,0.867,0.321,1.087,0.463,0.062,1.117,0.108,0.892,0.551,0.580
240,8.000,7.071,1.414,3.071,-2.191,2,1,1,244.493,1.408,3,0,0.690,3,7.071,2055.540,0.867,0.321,1.094,0.627,0.365,1.321,0.101,0.899,0.557,0.550
243,8.100,5.000,5.099,-2.071,3.685,2,1,1,240.566,1.184,3,0,0.690,3,5.000,2220.779,0.867,0.311,1.157,0.609,0.895,0.005,0.093,0.907,0.549,0.580
246,8.200,3.162,2.828,-1.838,-2.271,2,1,1,243.347,1.276,3,0,0.690,4,3.162,2299.839,0.867,0.301,1.524,0.669,1.109,0.634,0.109,0.891,0.543,0.580
249,8.300,9.220,4.123,6.057,1.295,2,1,1,236.212,1.318,3,0,0.690,4,9.220,2349.038,0.867,0.369,1.904,0.446,1.303,1.957,0.101,0.899,0.602,0.550
252,8.400,5.385,11.180,-3.834,7.057,2,1,1,235.372,1.364,4,1,0.655,4,50.990,2347.227,0.867,0.369,1.976,0.154,0.952,0.174,0.106,0.894,0.735,0.750
255,8.500,7.071,6.000,1.686,-5.180,2,1,1,235.478,1.291,4,0,0.690,3,7.071,2269.284,0.867,0.369,1.639,0.782,0.272,1.097,0.138,0.862,0.615,0.350
258,8.600,10.000,5.385,2.929,-0.615,2,1,1,247.881,1.296,4,0,0.690,4,0.000,2163.068,0.867,0.358,1.542,0.482,0.070,0.756,0.111,0.889,0.694,0.350
261,8.700,5.099,2.000,-4.901,-3.385,2,1,1,246.221,1.329,6,1,0.690,4,18.601,2155.664,0.867,0.358,0.819,0.622,0.104,0.488,0.085,0.915,0.579,0.750
264,8.800,9.220,3.000,4.121,1.000,2,1,1,238.757,1.314,6,0,0.690,4,31.575,2157.144,0.867,0.369,1.566,0.551,0.337,0.168,0.120,0.880,0.626,0.350
267,8.900,4.123,4.123,-5.096,1.123,2,1,1,233.540,1.444,6,0,0.690,2,4.123,1916.454,0.867,0.369,1.259,0.692,0.419,0.540,0.139,0.861,0.520,0.580
270,9.000,7.000,3.162,2.877,-0.961,2,1,1,225.499,1.373,5,1,0.655,2,7.000,1899.807,0.867,0.379,1.219,0.964,0.477,0.249,0.142,0.858,0.528,0.750
273,9.100,1.414,4.000,-5.586,0.838,2,1,1,223.043,1.343,5,0,0.655,2,1.414,1587.394,0.867,0.379,0.830,0.789,0.557,0.369,0.098,0.902,0.514,0.580
276,9.200,0.000,4.472,0.000,0.472,1,0,1,0.000,0.847,5,0,0.690,1,1.414,1587.394,0.867,0.389,0.549,0.388,0.554,0.254,0.080,0.920,0.451,0.650
279,9.300,0.000,6.403,0.000,1.931,1,0,1,0.000,0.931,5,0,0.690,1,1.414,1587.394,0.867,0.399,0.788,0.644,0.594,0.422,0.104,0.896,0.450,0.350
282,9.400,0.000,2.000,0.000,-4.403,1,0,1,0.000,1.164,4,1,0.690,1,1.414,1587.394,0.900,0.408,0.474,0.358,0.674,0.138,0.072,0.928,0.451,0.750
285,9.500,0.000,5.657,0.000,3.657,1,0,1,0.000,1.114,5,1,0.690,1,1.414,1587.394,0.933,0.408,0.776,0.476,0.735,0.685,0.098,0.902,0.465,0.750
288,9.600,220.801,0.000,219.387,0.000,1,1,0,0.000,1.482,3,1,0.655,1,1.414,1587.394,0.967,0.417,0.730,0.682,0.801,0.079,0.095,0.905,0.697,0.750
291,9.700,15.620,0.000,-205.180,0.000,1,1,0,0.000,1.620,4,1,0.621,2,143.388,1891.584,1.000,0.426,1.233,0.802,0.856,0.799,0.123,0.877,0.571,0.750
294,9.800,0.000,19.416,0.000,13.760,1,0,1,0.000,1.091,4,0,0.655,2,8.944,2091.924,1.000,0.426,1.513,0.733,0.953,0.477,0.114,0.886,0.604,0.500
297,9.900,0.000,12.042,0.000,-7.375,1,0,1,0.000,1.076,3,1,0.621,2,3.000,2213.028,1.000,0.435,1.626,0.594,0.928,0.593,0.111,0.889,0.506,0.750
300,10.000,213.263,9.000,197.642,-3.042,2,1,1,212.702,1.641,3,0,0.621,4,0.000,2114.570,1.000,0.435,3.954,0.356,1.204,1.068,0.121,0.879,0.874,0.650
303,10.100,57.245,5.000,-156.018,-4.000,2,1,1,268.600,1.320,3,0,0.655,4,69.893,2142.007,1.000,0.435,5.739,0.628,0.951,0.341,0.182,0.818,0.899,0.450
306,10.200,63.246,1.000,6.000,-4.000,2,1,1,273.249,1.497,4,1,0.621,5,0.000,2120.955,1.000,0.426,2.789,0.311,0.360,0.021,0.134,0.866,0.948,0.750
309,10.300,42.190,6.000,-21.056,5.000,2,1,1,288.141,1.311,4,0,0.621,5,23.259,1942.215,1.000,0.426,5.823,0.828,0.293,0.335,0.223,0.777,0.972,0.350
312,10.400,0.000,10.630,0.000,4.630,1,0,1,0.000,1.072,4,0,0.655,3,101.843,2028.069,1.000,0.426,6.254,0.789,1.110,0.909,0.220,0.780,0.715,0.650
315,10.500,0.000,17.493,0.000,6.863,1,0,1,0.000,1.012,3,1,0.621,2,34.059,1813.265,1.000,0.435,11.304,0.720,2.015,1.038,0.249,0.751,0.687,0.750
318,10.600,0.000,297.532,0.000,274.186,2,0,1,297.532,1.053,3,0,0.621,4,64.885,2277.149,1.000,0.435,16.747,0.554,3.957,0.041,0.248,0.752,0.961,0.700
321,10.700,134.164,270.681,91.974,-26.851,2,1,1,276.525,1.335,3,0,0.655,4,0.000,2130.364,1.000,0.426,17.195,0.409,6.631,0.009,0.227,0.773,0.971,0.700
324,10.800,46.098,19.105,-88.066,-251.576,2,1,1,309.894,1.487,3,0,0.655,4,0.000,2001.178,1.000,0.426,17.219,0.531,9.364,0.015,0.216,0.784,0.963,0.700
327,10.900,53.600,41.593,7.503,22.488,2,1,1,373.755,1.530,3,0,0.655,4,0.000,1590.309,1.000,0.426,18.506,0.434,12.177,0.031,0.207,0.793,0.970,0.700
330,11.000,52.393,62.241,-1.208,20.648,2,1,1,406.037,1.407,3,0,0.655,4,40.050,1691.119,1.000,0.426,17.174,0.356,13.743,0.086,0.195,0.805,0.975,0.700
333,11.100,0.000,0.000,0.000,0.000,0,0,0,0.000,0.000,3,0,0.655,0,40.050,1691.119,0.967,0.426,17.331,0.771,15.763,0.054,0.176,0.824,0.332,0.700
336,11.200,0.000,312.541,0.000,250.300,1,0,1,0.000,1.302,3,0,0.655,2,0.000,1823.997,0.967,0.419,16.768,0.807,17.649,0.061,0.161,0.839,0.830,0.700
339,11.300,0.000,46.141,0.000,-266.400,1,0,1,0.000,1.562,3,0,0.690,2,56.009,1376.469,0.967,0.419,11.480,0.779,20.222,0.004,0.143,0.857,0.831,0.700
342,11.400,142.801,0.000,90.408,0.000,1,1,0,0.000,0.695,3,0,0.690,2,61.074,1260.959,0.967,0.419,5.062,0.471,23.306,0.580,0.125,0.875,0.780,0.700
345,11.500,16.279,0.000,-126.522,0.000,1,1,0,0.000,0.856,3,0,0.690,2,0.000,1256.719,0.967,0.410,6.102,0.494,26.164,2.172,0.132,0.868,0.644,0.700
348,11.600,0.000,16.031,0.000,-30.110,1,0,1,0.000,1.473,3,0,0.724,2,0.000,1165.999,0.967,0.400,8.393,0.574,12.871,0.215,0.144,0.856,0.685,0.700
351,11.700,0.000,0.000,0.000,0.000,0,0,0,0.000,0.000,3,0,0.724,0,0.000,1165.999,0.933,0.400,11.207,0.591,7.475,0.256,0.155,0.845,0.341,0.700
354,11.800,0.000,0.000,0.000,0.000,0,0,0,0.000,0.000,3,0,0.724,0,0.000,1165.999,0.900,0.400,13.685,0.579,7.681,0.127,0.166,0.834,0.337,0.700
357,11.900,0.000,0.000,0.000,0.000,0,0,0,0.000,0.000,3,0,0.759,0,0.000,1165.999,0.867,0.400,13.058,0.463,6.320,0.269,0.160,0.840,0.342,0.700
360,12.000,0.000,0.000,0.000,0.000,0,0,0,0.000,0.000,3,0,0.759,0,0.000,1165.999,0.833,0.400,12.823,0.414,5.480,0.062,0.160,0.840,0.341,0.700
363,12.100,0.000,0.000,0.000,0.000,0,0,0,0.000,0.000,3,0,0.759,0,0.000,1165.999,0.800,0.400,13.378,0.640,3.516,0.049,0.165,0.835,0.321,0.700
366,12.200,0.000,0.000,0.000,0.000,0,0,0,0.000,0.000,3,0,0.759,0,0.000,1165.999,0.767,0.400,12.486,0.719,2.060,0.136,0.170,0.830,0.312,0.700
369,12.300,0.000,0.000,0.000,0.000,0,0,0,0.000,0.000,3,0,0.793,0,0.000,1165.999,0.733,0.400,11.313,0.864,1.438,0.066,0.174,0.826,0.297,0.700
372,12.400,0.000,0.000,0.000,0.000,0,0,0,0.000,0.000,3,0,0.828,0,0.000,1165.999,0.700,0.400,9.788,0.897,1.044,0.075,0.186,0.814,0.291,0.580
375,12.500,0.000,20.100,0.000,4.069,1,0,1,0.000,1.777,3,0,0.862,2,53.600,1345.060,0.700,0.279,8.055,0.729,0.694,0.585,0.186,0.814,0.665,0.650
378,12.600,0.000,38.118,0.000,18.018,1,0,1,0.000,1.608,3,0,0.897,2,32.016,1074.389,0.700,0.279,5.708,0.732,0.425,0.321,0.183,0.817,0.707,0.350
381,12.700,0.000,0.000,0.000,0.000,0,0,0,0.000,0.000,3,0,0.897,0,32.016,1074.389,0.667,0.279,4.238,0.853,0.147,0.763,0.175,0.825,0.196,0.650
384,12.800,0.000,18.000,0.000,-20.118,1,0,1,0.000,1.724,3,0,0.931,2,40.012,757.850,0.667,0.284,3.011,0.819,0.134,0.042,0.161,0.839,0.518,0.650
387,12.900,0.000,0.000,0.000,0.000,0,0,0,0.000,0.000,3,0,0.931,0,40.012,757.850,0.633,0.284,1.943,0.712,0.345,0.211,0.137,0.863,0.145,0.650
390,13.000,0.000,0.000,0.000,0.000,0,0,0,0.000,0.000,2,1,0.897,0,40.012,757.850,0.600,0.284,1.268,0.273,0.439,0.990,0.114,0.886,0.155,0.750
393,13.100,0.000,0.000,0.000,0.000,0,0,0,0.000,0.000,2,0,0.931,0,40.012,757.850,0.567,0.284,0.953,0.278,0.535,0.061,0.124,0.876,0.142,0.580
396,13.200,0.000,0.000,0.000,0.000,0,0,0,0.000,0.000,2,0,0.931,0,40.012,757.850,0.533,0.284,0.694,0.417,0.673,0.550,0.091,0.909,0.122,0.580
399,13.300,0.000,0.000,0.000,0.000,0,0,0,0.000,0.000,2,0,0.931,0,40.012,757.850,0.500,0.284,0.828,0.726,1.006,0.673,0.105,0.895,0.100,0.580
402,13.400,0.000,0.000,0.000,0.000,0,0,0,0.000,0.000,2,0,0.966,0,40.012,757.850,0.467,0.284,0.530,0.452,1.378,0.072,0.075,0.925,0.108,0.580
405,13.500,0.000,0.000,0.000,0.000,0,0,0,0.000,0.000,3,1,0.931,0,40.012,757.850,0.433,0.284,0.892,0.729,1.801,0.147,0.092,0.908,0.093,0.750
408,13.600,0.000,0.000,0.000,0.000,0,0,0,0.000,0.000,3,0,0.931,0,40.012,757.850,0.400,0.284,0.655,0.581,2.029,0.017,0.077,0.923,0.094,0.700
411,13.700,0.000,0.000,0.000,0.000,0,0,0,0.000,0.000,2,1,0.897,0,40.012,757.850,0.367,0.284,0.560,0.615,2.225,0.722,0.070,0.930,0.085,0.750
414,13.800,0.000,0.000,0.000,0.000,0,0,0,0.000,0.000,2,0,0.897,0,40.012,757.850,0.333,0.284,0.488,0.259,2.420,0.230,0.074,0.926,0.104,0.700
417,13.900,0.000,0.000,0.000,0.000,0,0,0,0.000,0.000,2,0,0.897,0,40.012,757.850,0.300,0.284,0.288,0.408,2.601,0.493,0.047,0.953,0.085,0.700
420,14.000,0.000,0.000,0.000,0.000,0,0,0,0.000,0.000,3,1,0.862,0,40.012,757.850,0.267,0.284,0.712,0.478,2.832,0.578,0.077,0.923,0.086,0.750
423,14.100,0.000,0.000,0.000,0.000,0,0,0,0.000,0.000,3,0,0.862,0,40.012,757.850,0.267,0.284,1.341,0.676,2.932,1.086,0.096,0.904,0.088,0.700
426,14.200,0.000,50.804,0.000,32.804,1,0,1,0.000,1.717,3,0,0.862,2,98.858,942.739,0.267,0.250,1.850,0.781,2.892,0.177,0.100,0.900,0.594,0.700
429,14.300,0.000,0.000,0.000,0.000,0,0,0,0.000,0.000,3,0,0.862,0,98.858,942.739,0.233,0.250,2.031,0.711,2.750,0.359,0.118,0.882,0.099,0.700
432,14.400,0.000,0.000,0.000,0.000,0,0,0,0.000,0.000,3,0,0.862,0,98.858,942.739,0.200,0.250,1.553,0.614,2.315,0.789,0.095,0.905,0.090,0.700
435,14.500,0.000,0.000,0.000,0.000,0,0,0,0.000,0.000,3,0,0.862,0,98.858,942.739,0.167,0.250,1.013,0.789,2.080,1.132,0.079,0.921,0.060,0.700
438,14.600,0.000,0.000,0.000,0.000,0,0,0,0.000,0.000,3,0,0.862,0,98.858,942.739,0.133,0.250,1.009,0.195,1.809,0.060,0.095,0.905,0.098,0.700
441,14.700,0.000,0.000,0.000,0.000,0,0,0,0.000,0.000,3,0,0.862,0,98.858,942.739,0.133,0.250,0.781,0.495,1.542,0.095,0.082,0.918,0.071,0.700
444,14.800,0.000,0.000,0.000,0.000,0,0,0,0.000,0.000,3,0,0.862,0,98.858,942.739,0.133,0.250,1.566,0.260,1.314,1.329,0.108,0.892,0.107,0.580
447,14.900,0.000,0.000,0.000,0.000,0,0,0,0.000,0.000,3,0,0.862,0,98.858,942.739,0.133,0.250,5.096,0.308,1.139,0.449,0.112,0.888,0.192,0.580
450,15.000,0.000,0.000,0.000,0.000,0,0,0,0.000,0.000,3,0,0.862,0,98.858,942.739,0.133,0.250,3.054,0.375,0.927,0.044,0.112,0.888,0.136,0.580
453,15.100,0.000,0.000,0.000,0.000,0,0,0,0.000,0.000,3,0,0.862,0,98.858,942.739,0.133,0.250,5.767,0.729,0.771,0.094,0.143,0.857,0.179,0.580
456,15.200,0.000,0.000,0.000,0.000,0,0,0,0.000,0.000,3,0,0.862,0,98.858,942.739,0.133,0.250,2.898,0.621,0.571,0.262,0.139,0.861,0.115,0.580
459,15.300,0.000,0.000,0.000,0.000,0,0,0,0.000,0.000,3,0,0.862,0,98.858,942.739,0.133,0.250,6.833,0.686,0.395,3.049,0.176,0.824,0.209,0.580
462,15.400,0.000,0.000,0.000,0.000,0,0,0,0.000,0.000,3,0,0.862,0,98.858,942.739,0.133,0.250,6.286,0.821,0.088,1.717,0.192,0.808,0.186,0.580
465,15.500,548.482,0.000,532.204,0.000,1,1,0,0.000,1.001,3,0,0.862,1,98.858,942.739,0.133,0.259,10.477,0.698,0.351,0.153,0.219,0.781,0.677,0.650
468,15.600,0.000,485.831,0.000,435.028,1,0,1,0.000,1.957,4,1,0.828,2,98.858,942.739,0.133,0.259,14.507,0.678,1.254,0.119,0.209,0.791,0.809,0.750
471,15.700,0.000,0.000,0.000,0.000,0,0,0,0.000,0.000,4,0,0.828,0,98.858,942.739,0.133,0.259,14.517,0.535,2.957,0.020,0.200,0.800,0.349,0.700
474,15.800,0.000,555.706,0.000,69.875,1,0,1,0.000,2.125,4,0,0.828,3,243.286,2276.230,0.133,0.266,14.965,0.705,5.866,0.010,0.191,0.809,0.852,0.750
477,15.900,0.000,33.734,0.000,-521.972,1,0,1,0.000,2.055,3,1,0.828,2,243.286,2276.230,0.167,0.266,16.766,0.766,9.286,0.002,0.177,0.823,0.674,0.750
480,16.000,0.000,0.000,0.000,0.000,0,0,0,0.000,0.000,3,0,0.828,0,243.286,2276.230,0.167,0.266,14.047,0.818,12.052,0.024,0.165,0.835,0.233,0.750
483,16.100,0.000,0.000,0.000,0.000,0,0,0,0.000,0.000,3,0,0.828,0,243.286,2276.230,0.167,0.266,9.231,0.841,13.977,0.037,0.156,0.844,0.231,0.750
486,16.200,0.000,0.000,0.000,0.000,0,0,0,0.000,0.000,3,0,0.828,0,243.286,2276.230,0.167,0.266,3.822,0.601,15.068,0.429,0.135,0.865,0.143,0.750
489,16.300,0.000,60.959,0.000,27.225,1,0,1,0.000,2.063,3,0,0.828,2,0.000,2108.850,0.200,0.278,4.678,0.337,15.548,1.887,0.149,0.851,0.687,0.700
492,16.400,0.000,50.537,0.000,-10.422,1,0,1,0.000,1.738,3,0,0.862,2,34.409,2151.237,0.233,0.278,6.215,0.499,15.254,0.396,0.155,0.845,0.718,0.700
495,16.500,0.000,280.252,0.000,229.715,1,0,1,0.000,1.632,3,0,0.862,2,42.755,2127.774,0.267,0.281,8.584,0.450,6.771,0.174,0.160,0.840,0.770,0.700
498,16.600,0.000,0.000,0.000,0.000,0,0,0,0.000,0.000,3,0,0.897,0,42.755,2127.774,0.267,0.281,12.617,0.570,6.552,0.287,0.173,0.827,0.262,0.700
501,16.700,0.000,164.201,0.000,-116.051,1,0,1,0.000,1.367,3,0,0.897,2,0.000,2594.110,0.300,0.288,13.909,0.592,5.027,2.223,0.178,0.822,0.765,0.700
504,16.800,0.000,16.031,0.000,-148.170,1,0,1,0.000,1.345,3,0,0.897,2,0.000,3425.600,0.333,0.288,12.830,0.463,5.445,2.798,0.183,0.817,0.617,0.700
507,16.900,0.000,17.804,0.000,1.773,1,0,1,0.000,1.107,3,0,0.931,2,32.650,4028.478,0.367,0.288,14.061,0.572,4.417,0.021,0.198,0.802,0.623,0.700
510,17.000,0.000,323.311,0.000,299.290,2,0,1,323.311,1.004,3,0,0.931,4,0.000,4101.748,0.400,0.288,13.172,0.576,4.174,0.054,0.200,0.800,0.888,0.700
513,17.100,0.000,293.954,0.000,-25.724,2,0,1,293.954,1.649,3,0,0.931,4,0.000,3919.794,0.433,0.288,10.951,0.636,2.977,0.084,0.201,0.799,0.887,0.700
516,17.200,418.369,280.280,-130.113,-13.674,2,1,1,278.729,1.925,3,0,0.931,4,0.000,3912.705,0.433,0.288,12.886,0.842,1.842,0.021,0.208,0.792,0.873,0.700
519,17.300,20.025,17.720,-398.344,-262.560,2,1,1,285.309,1.995,3,0,0.931,4,29.547,3855.725,0.467,0.288,9.436,0.826,1.347,0.020,0.208,0.792,0.739,0.580
522,17.400,0.000,15.033,0.000,-2.687,1,0,1,0.000,1.926,3,0,0.931,2,29.547,3855.725,0.500,0.288,8.915,0.848,0.963,0.527,0.216,0.784,0.604,0.650
525,17.500,0.000,12.530,0.000,-2.503,1,0,1,0.000,1.905,3,0,0.931,2,29.547,3855.725,0.533,0.291,4.531,0.597,0.599,1.277,0.180,0.820,0.525,0.580
528,17.600,0.000,391.486,0.000,375.207,2,0,1,391.486,1.661,3,0,0.931,4,0.000,1781.155,0.567,0.285,4.409,0.405,0.327,0.156,0.168,0.832,0.830,0.650
531,17.700,0.000,395.380,0.000,3.894,1,0,1,0.000,1.666,3,0,0.931,2,0.000,1781.155,0.600,0.285,5.231,0.524,0.181,1.077,0.193,0.807,0.736,0.650
534,17.800,0.000,16.279,0.000,-379.101,1,0,1,0.000,1.411,3,0,0.931,2,0.000,1781.155,0.633,0.285,5.031,0.726,0.168,0.469,0.197,0.803,0.561,0.580
537,17.900,0.000,13.454,0.000,-2.825,1,0,1,0.000,1.024,3,0,0.931,2,0.000,1781.155,0.667,0.285,7.835,0.891,0.138,0.220,0.208,0.792,0.608,0.580
540,18.000,0.000,11.180,0.000,-2.273,1,0,1,0.000,0.871,3,0,0.931,2,0.000,1781.155,0.700,0.274,4.836,0.937,0.146,0.156,0.187,0.813,0.521,0.580
543,18.100,0.000,2.828,0.000,-8.352,1,0,1,0.000,0.884,3,0,0.931,2,0.000,1781.155,0.733,0.274,3.131,0.931,0.016,0.089,0.176,0.824,0.437,0.580
546,18.200,0.000,8.544,0.000,5.716,1,0,1,0.000,0.883,3,0,0.931,2,0.000,1781.155,0.767,0.271,3.409,0.939,0.231,0.392,0.171,0.829,0.479,0.580
549,18.300,0.000,1.414,0.000,-7.130,1,0,1,0.000,0.987,3,0,0.931,2,0.000,1781.155,0.800,0.282,2.756,0.887,0.597,0.159,0.157,0.843,0.431,0.580
552,18.400,0.000,3.606,0.000,2.191,1,0,1,0.000,1.164,3,0,0.931,1,0.000,1781.155,0.833,0.287,1.294,0.362,0.875,1.329,0.086,0.914,0.387,0.580
555,18.500,179.075,7.071,159.050,3.466,2,1,1,492.544,1.520,3,0,0.966,3,90.272,2878.879,0.833,0.405,1.771,0.755,1.256,2.836,0.128,0.872,0.771,0.650
558,18.600,56.080,5.385,-122.995,-1.686,2,1,1,436.660,1.886,3,0,0.966,3,96.021,3179.119,0.833,0.405,5.208,0.798,1.491,0.815,0.132,0.868,0.854,0.700
561,18.700,53.141,2.000,-2.939,-3.385,2,1,1,386.021,1.870,3,0,0.966,3,83.815,3198.125,0.867,0.437,4.048,0.505,1.559,0.771,0.122,0.878,0.850,0.700
564,18.800,24.166,5.099,-28.975,3.099,2,1,1,359.035,1.620,3,0,1.000,4,89.196,2714.794,0.867,0.428,2.211,0.762,1.715,1.560,0.136,0.864,0.670,0.700
567,18.900,10.770,3.162,-13.396,-1.937,2,1,1,354.006,1.614,3,0,1.000,3,13.892,2351.059,0.867,0.435,2.211,0.872,1.799,2.216,0.155,0.845,0.588,0.700
570,19.000,8.062,5.000,-2.708,1.838,2,1,1,347.243,1.318,3,0,1.000,4,116.056,1931.119,0.900,0.426,1.871,0.772,1.957,1.870,0.138,0.862,0.576,0.700
573,19.100,8.944,27.203,0.882,22.203,2,1,1,321.686,1.212,3,0,1.000,4,111.000,2256.727,0.933,0.426,2.258,0.901,1.745,0.286,0.190,0.810,0.687,0.700
576,19.200,18.000,16.155,9.056,-11.047,2,1,1,306.132,1.097,3,0,1.000,4,108.812,2612.025,0.967,0.426,5.344,0.833,1.581,0.470,0.207,0.793,0.721,0.700
579,19.300,314.916,0.000,-5.273,0.000,2,1,0,314.916,1.133,3,0,1.000,4,109.293,3206.209,0.967,0.426,3.829,0.723,1.662,0.532,0.172,0.828,0.841,0.700
582,19.400,317.345,0.000,2.709,0.000,2,1,0,317.345,1.887,3,0,1.000,4,26.077,3274.920,0.967,0.426,5.480,0.741,1.705,0.221,0.171,0.829,0.881,0.700
585,19.500,15.000,47.011,-302.345,30.855,2,1,1,286.184,1.974,4,1,0.966,4,0.000,2513.659,0.967,0.417,2.491,0.540,1.820,0.444,0.132,0.868,0.920,0.750
588,19.600,239.209,0.000,-12.823,0.000,2,1,0,239.209,2.155,4,0,0.966,4,132.246,2891.265,1.000,0.417,3.421,0.666,1.698,0.888,0.139,0.861,0.939,0.735
591,19.700,0.000,251.050,0.000,204.039,1,0,1,0.000,1.127,4,0,0.966,2,80.777,2507.605,1.000,0.417,2.781,0.835,1.441,2.393,0.165,0.835,0.771,0.700
594,19.800,31.780,0.000,-207.429,0.000,1,1,0,0.000,2.457,4,0,0.966,2,80.100,2193.340,1.000,0.417,1.906,0.820,1.287,0.135,0.146,0.854,0.677,0.580
597,19.900,0.000,21.401,0.000,-229.649,1,0,1,0.000,1.355,4,0,0.966,2,149.003,2253.205,1.000,0.417,1.680,0.883,1.130,0.725,0.143,0.857,0.609,0.750
600,20.000,0.000,0.000,0.000,-21.401,1,0,1,0.000,1.296,4,0,0.966,2,26.476,2089.069,1.000,0.417,1.493,0.900,0.941,0.223,0.144,0.856,0.484,0.580
603,20.100,0.000,174.270,0.000,168.439,2,0,1,174.270,1.240,3,1,0.931,4,57.697,2095.805,1.000,0.408,1.893,0.692,0.801,0.052,0.127,0.873,0.799,0.750
606,20.200,4.243,8.246,-27.538,-166.024,2,1,1,169.434,2.587,3,0,0.931,4,73.355,2326.769,1.000,0.389,1.253,0.858,0.827,0.086,0.118,0.882,0.567,0.580
609,20.300,11.180,4.123,6.938,-4.123,2,1,1,174.287,2.480,3,0,0.931,4,135.059,2507.134,1.000,0.389,1.281,0.742,0.920,0.685,0.115,0.885,0.592,0.750
612,20.400,9.434,0.000,-1.746,0.000,1,1,0,0.000,2.136,4,1,0.897,2,73.824,2009.744,1.000,0.389,1.551,0.830,0.842,0.034,0.121,0.879,0.543,0.750
615,20.500,0.000,211.021,0.000,23.925,2,0,1,211.021,2.694,4,0,0.897,4,60.926,2136.840,1.000,0.389,2.617,0.869,0.782,0.445,0.146,0.854,0.905,0.650
618,20.600,0.000,210.193,0.000,-0.829,1,0,1,0.000,2.846,4,0,0.897,2,59.615,2089.114,1.000,0.399,2.830,0.723,0.622,0.468,0.128,0.872,0.780,0.650
621,20.700,30.806,0.000,21.372,0.000,1,1,0,0.000,1.906,3,1,0.862,2,110.693,2002.559,1.000,0.399,2.449,0.848,0.509,0.468,0.146,0.854,0.613,0.750
624,20.800,0.000,0.000,0.000,0.000,0,0,0,0.000,0.000,3,0,0.862,0,110.693,2002.559,0.967,0.399,3.860,0.795,0.622,0.157,0.156,0.844,0.227,0.650
627,20.900,0.000,94.112,0.000,-116.081,1,0,1,0.000,2.775,3,0,0.862,2,38.601,2161.739,0.967,0.391,1.540,0.721,0.589,0.831,0.087,0.913,0.674,0.650
630,21.000,142.688,20.000,111.883,-74.112,2,1,1,126.574,2.808,3,0,0.862,4,9.055,1873.695,0.967,0.391,1.820,0.900,0.811,0.764,0.116,0.884,0.779,0.650
633,21.100,0.000,128.160,0.000,108.311,2,0,1,128.160,2.489,3,0,0.862,4,0.000,1454.138,0.967,0.391,1.545,0.849,0.757,2.225,0.118,0.882,0.775,0.550
636,21.200,0.000,140.812,0.000,5.664,2,0,1,140.812,2.505,3,0,0.862,4,126.400,1352.938,0.967,0.391,1.350,0.858,0.866,1.471,0.113,0.887,0.770,0.702
639,21.300,12.042,157.433,-130.647,16.621,2,1,1,162.274,2.499,4,1,0.828,4,127.016,1103.984,0.967,0.391,1.370,0.748,0.905,1.240,0.110,0.890,0.878,0.750
642,21.400,0.000,167.905,0.000,10.472,1,0,1,0.000,2.497,4,0,0.828,2,132.189,1341.747,0.967,0.400,1.119,0.469,0.868,0.971,0.088,0.912,0.751,0.734
645,21.500,0.000,20.248,0.000,-147.656,1,0,1,0.000,2.274,4,0,0.828,2,134.480,1609.088,0.967,0.400,1.166,0.330,0.936,1.101,0.078,0.922,0.625,0.747
648,21.600,0.000,37.443,0.000,17.195,1,0,1,0.000,2.060,4,0,0.828,2,0.000,1661.897,0.967,0.410,3.164,0.488,0.924,0.645,0.095,0.905,0.759,0.350
651,21.700,0.000,71.840,0.000,34.397,1,0,1,0.000,2.267,4,0,0.828,2,0.000,1661.897,0.967,0.410,4.639,0.529,0.752,3.113,0.162,0.838,0.835,0.550
654,21.800,0.000,299.668,0.000,282.639,2,0,1,299.668,2.129,4,0,0.828,4,102.357,1834.919,0.967,0.410,4.701,0.717,0.414,2.110,0.188,0.812,0.963,0.650
657,21.900,0.000,248.676,0.000,-50.992,1,0,1,0.000,2.115,4,0,0.828,2,0.000,1820.994,0.967,0.410,7.116,0.837,0.178,0.236,0.217,0.783,0.875,0.650
660,22.000,0.000,285.240,0.000,243.038,2,0,1,285.240,1.752,4,0,0.828,4,15.556,2099.779,0.967,0.400,11.675,0.599,0.138,0.104,0.223,0.777,1.000,0.650
663,22.100,0.000,0.000,0.000,0.000,0,0,0,0.000,0.000,4,0,0.828,0,15.556,2099.779,0.933,0.400,14.603,0.663,0.562,0.005,0.217,0.783,0.436,0.650
666,22.200,0.000,270.204,0.000,-15.037,1,0,1,0.000,2.033,3,1,0.793,2,0.000,2137.388,0.933,0.395,11.998,0.770,1.133,0.044,0.197,0.803,0.828,0.750
669,22.300,0.000,7.071,0.000,-263.133,1,0,1,0.000,2.241,3,0,0.793,2,0.000,2395.364,0.933,0.404,8.918,0.904,2.111,0.106,0.186,0.814,0.608,0.700
672,22.400,0.000,10.770,0.000,3.699,1,0,1,0.000,2.058,3,0,0.828,2,0.000,2238.758,0.933,0.404,4.779,0.746,2.411,0.154,0.173,0.827,0.559,0.700
675,22.500,0.000,10.050,0.000,-0.720,1,0,1,0.000,1.995,4,1,0.793,2,0.000,1896.770,0.933,0.414,2.991,0.484,4.072,0.145,0.130,0.870,0.599,0.750
678,22.600,132.310,0.000,120.269,0.000,1,1,0,0.000,1.564,4,0,0.793,2,0.000,1234.194,0.933,0.414,6.970,0.938,4.224,2.699,0.173,0.827,0.861,0.700
681,22.700,25.942,0.000,-106.368,0.000,1,1,0,0.000,1.536,4,0,0.793,2,0.000,1071.719,0.933,0.423,12.319,0.844,5.310,0.121,0.191,0.809,0.787,0.700
684,22.800,165.148,0.000,139.206,0.000,1,1,0,0.000,1.279,3,1,0.759,2,0.000,1071.719,0.933,0.423,13.981,0.886,6.587,0.056,0.198,0.802,0.820,0.750
687,22.900,0.000,0.000,0.000,0.000,0,0,0,0.000,0.000,3,0,0.759,0,0.000,1071.719,0.900,0.423,15.632,0.532,7.692,0.034,0.207,0.793,0.341,0.700
690,23.000,0.000,0.000,0.000,0.000,0,0,0,0.000,0.000,3,0,0.793,0,0.000,1071.719,0.867,0.423,15.887,0.419,8.799,0.787,0.219,0.781,0.345,0.700
693,23.100,0.000,0.000,0.000,0.000,0,0,0,0.000,0.000,4,1,0.759,0,0.000,1071.719,0.833,0.423,17.708,0.377,9.959,3.111,0.221,0.779,0.444,0.750
696,23.200,0.000,0.000,0.000,0.000,0,0,0,0.000,0.000,4,0,0.759,0,0.000,1071.719,0.800,0.423,14.897,0.335,10.193,0.479,0.217,0.783,0.443,0.700
699,23.300,0.000,0.000,0.000,0.000,0,0,0,0.000,0.000,4,0,0.793,0,0.000,1071.719,0.767,0.423,17.234,0.451,8.470,0.989,0.223,0.777,0.430,0.700
702,23.400,0.000,0.000,0.000,0.000,0,0,0,0.000,0.000,5,1,0.759,0,0.000,1071.719,0.733,0.423,16.793,0.619,7.923,1.118,0.243,0.757,0.415,0.750
705,23.500,0.000,0.000,0.000,0.000,0,0,0,0.000,0.000,5,0,0.759,0,0.000,1071.719,0.700,0.423,15.934,0.758,5.867,0.480,0.241,0.759,0.401,0.700
708,23.600,0.000,0.000,0.000,0.000,0,0,0,0.000,0.000,5,0,0.793,0,0.000,1071.719,0.667,0.423,13.656,0.648,3.379,0.737,0.245,0.755,0.405,0.700
711,23.700,0.000,0.000,0.000,0.000,0,0,0,0.000,0.000,6,1,0.759,0,0.000,1071.719,0.633,0.423,10.734,0.494,2.163,0.848,0.242,0.758,0.411,0.750
714,23.800,0.000,0.000,0.000,0.000,0,0,0,0.000,0.000,6,0,0.759,0,0.000,1071.719,0.633,0.423,13.142,0.452,1.787,0.167,0.265,0.735,0.414,0.700
717,23.900,0.000,0.000,0.000,0.000,0,0,0,0.000,0.000,6,0,0.759,0,0.000,1071.719,0.600,0.423,13.291,0.341,1.730,0.183,0.263,0.737,0.418,0.700
720,24.000,0.000,0.000,0.000,0.000,0,0,0,0.000,0.000,6,1,0.724,0,0.000,1071.719,0.567,0.423,15.935,0.529,1.851,0.139,0.273,0.727,0.401,0.750
723,24.100,0.000,0.000,0.000,0.000,0,0,0,0.000,0.000,6,0,0.724,0,0.000,1071.719,0.533,0.423,7.766,0.727,2.056,2.223,0.255,0.745,0.377,0.700
726,24.200,0.000,0.000,0.000,0.000,0,0,0,0.000,0.000,6,0,0.759,0,0.000,1071.719,0.500,0.423,12.581,0.795,2.038,0.096,0.277,0.723,0.374,0.700
729,24.300,0.000,0.000,0.000,0.000,0,0,0,0.000,0.000,5,1,0.724,0,0.000,1071.719,0.467,0.423,14.386,0.761,1.816,0.101,0.255,0.745,0.373,0.750
732,24.400,0.000,169.499,0.000,159.449,1,0,1,0.000,2.057,5,0,0.724,4,0.000,628.907,0.467,0.240,11.487,0.636,1.575,0.077,0.234,0.766,0.905,0.700
735,24.500,0.000,154.263,0.000,-15.236,1,0,1,0.000,2.045,5,0,0.724,4,0.000,1002.765,0.467,0.236,13.679,0.745,1.263,0.153,0.223,0.777,0.898,0.550
738,24.600,0.000,62.370,0.000,-91.893,1,0,1,0.000,1.725,4,1,0.690,3,0.000,1152.480,0.467,0.231,13.750,0.885,1.030,0.099,0.221,0.779,0.879,0.750
741,24.700,0.000,11.662,0.000,-50.708,1,0,1,0.000,2.007,4,0,0.690,3,0.000,1285.200,0.467,0.231,12.492,0.968,0.734,0.104,0.216,0.784,0.688,0.580
744,24.800,0.000,20.881,0.000,9.219,1,0,1,0.000,1.758,4,0,0.690,3,147.980,1571.487,0.467,0.231,10.414,0.920,0.568,0.050,0.210,0.790,0.743,0.750
747,24.900,0.000,24.331,0.000,3.450,1,0,1,0.000,1.441,5,1,0.655,4,0.000,1545.938,0.467,0.231,10.128,0.932,0.289,0.028,0.218,0.782,0.770,0.750
750,25.000,0.000,43.267,0.000,18.936,1,0,1,0.000,1.493,5,0,0.655,4,0.000,2000.007,0.467,0.231,10.679,0.710,0.045,0.070,0.226,0.774,0.891,0.350
753,25.100,0.000,36.770,0.000,-6.497,1,0,1,0.000,1.430,5,0,0.690,4,0.000,2491.658,0.500,0.231,13.097,0.645,0.096,0.057,0.252,0.748,0.863,0.580
756,25.200,0.000,49.820,0.000,13.050,1,0,1,0.000,1.438,5,1,0.655,4,24.698,2188.340,0.500,0.227,12.848,0.554,0.091,0.132,0.271,0.729,0.915,0.750
759,25.300,222.441,0.000,57.293,0.000,1,1,0,0.000,1.397,5,0,0.655,4,16.000,2349.010,0.500,0.222,14.602,0.501,0.041,0.064,0.259,0.741,0.919,0.500
762,25.400,17.464,0.000,-204.977,0.000,1,1,0,0.000,1.387,5,0,0.690,4,45.967,2410.414,0.500,0.222,13.457,0.952,0.083,0.085,0.242,0.758,0.734,0.580
765,25.500,8.062,0.000,-9.402,0.000,1,1,0,0.000,1.275,3,1,0.655,2,48.083,2393.349,0.500,0.222,6.659,0.968,0.240,0.118,0.210,0.790,0.524,0.750
768,25.600,37.443,0.000,29.381,0.000,1,1,0,0.000,1.397,3,0,0.655,2,28.284,2137.344,0.500,0.227,4.588,0.361,0.890,1.865,0.197,0.803,0.677,0.550
771,25.700,0.000,94.594,0.000,44.774,1,0,1,0.000,1.415,3,0,0.690,2,73.756,2114.434,0.500,0.222,8.619,0.744,1.042,0.928,0.245,0.755,0.778,0.500
774,25.800,0.000,0.000,0.000,0.000,0,0,0,0.000,0.000,5,1,0.655,0,73.756,2114.434,0.467,0.222,13.018,0.441,1.157,0.159,0.260,0.740,0.395,0.750
777,25.900,0.000,0.000,0.000,0.000,0,0,0,0.000,0.000,5,0,0.655,0,73.756,2114.434,0.467,0.222,16.105,0.796,1.204,0.126,0.284,0.716,0.370,0.580
780,26.000,0.000,346.771,0.000,252.177,1,0,1,0.000,1.747,5,0,0.690,2,71.113,1889.215,0.500,0.230,19.515,0.609,0.948,0.005,0.290,0.710,0.839,0.650
783,26.100,0.000,0.000,0.000,0.000,0,0,0,0.000,0.000,4,1,0.655,0,71.113,1889.215,0.500,0.230,19.155,0.702,0.756,0.055,0.270,0.730,0.381,0.750
786,26.200,0.000,0.000,0.000,0.000,0,0,0,0.000,0.000,4,0,0.655,0,71.113,1889.215,0.500,0.230,16.649,0.883,0.558,0.049,0.253,0.747,0.368,0.580
789,26.300,0.000,0.000,0.000,0.000,0,0,0,0.000,0.000,4,0,0.690,0,71.113,1889.215,0.500,0.230,15.488,0.972,0.375,0.028,0.250,0.750,0.362,0.580
792,26.400,0.000,0.000,0.000,0.000,0,0,0,0.000,0.000,5,1,0.655,0,71.113,1889.215,0.500,0.230,15.262,0.931,0.042,0.014,0.260,0.740,0.365,0.750
795,26.500,0.000,0.000,0.000,0.000,0,0,0,0.000,0.000,5,0,0.655,0,71.113,1889.215,0.500,0.230,12.036,0.880,0.323,0.026,0.267,0.733,0.368,0.580
798,26.600,0.000,0.000,0.000,0.000,0,0,0,0.000,0.000,5,0,0.690,0,71.113,1889.215,0.500,0.230,8.324,0.905,0.567,0.002,0.257,0.743,0.367,0.580
801,26.700,0.000,0.000,0.000,0.000,0,0,0,0.000,0.000,3,1,0.655,0,71.113,1889.215,0.500,0.230,5.870,0.922,0.431,0.032,0.251,0.749,0.212,0.750
804,26.800,0.000,0.000,0.000,0.000,0,0,0,0.000,0.000,3,0,0.655,0,71.113,1889.215,0.500,0.230,6.687,0.983,0.126,0.055,0.253,0.747,0.228,0.580
807,26.900,0.000,0.000,0.000,0.000,0,0,0,0.000,0.000,3,0,0.690,0,71.113,1889.215,0.500,0.230,4.783,0.987,0.189,0.476,0.210,0.790,0.180,0.580
810,27.000,0.000,0.000,0.000,0.000,0,0,0,0.000,0.000,4,1,0.655,0,71.113,1889.215,0.500,0.230,3.497,0.974,0.481,0.039,0.203,0.797,0.249,0.750
813,27.100,0.000,0.000,0.000,0.000,0,0,0,0.000,0.000,4,0,0.655,0,71.113,1889.215,0.500,0.230,2.647,0.945,0.248,0.002,0.175,0.825,0.230,0.580
816,27.200,0.000,0.000,0.000,0.000,0,0,0,0.000,0.000,4,0,0.690,0,71.113,1889.215,0.500,0.230,3.824,0.905,0.175,0.262,0.224,0.776,0.262,0.580
819,27.300,0.000,0.000,0.000,0.000,0,0,0,0.000,0.000,4,0,0.690,0,71.113,1889.215,0.500,0.230,2.660,0.910,0.189,0.149,0.201,0.799,0.233,0.580
822,27.400,0.000,0.000,0.000,0.000,0,0,0,0.000,0.000,4,0,0.690,0,71.113,1889.215,0.467,0.230,2.494,0.954,0.412,0.002,0.188,0.812,0.222,0.580
825,27.500,0.000,0.000,0.000,0.000,0,0,0,0.000,0.000,4,0,0.724,0,71.113,1889.215,0.433,0.230,1.490,0.877,0.783,0.203,0.164,0.836,0.198,0.580
828,27.600,0.000,0.000,0.000,0.000,0,0,0,0.000,0.000,3,1,0.690,0,71.113,1889.215,0.400,0.230,0.761,0.886,1.104,0.108,0.103,0.897,0.175,0.750
831,27.700,0.000,0.000,0.000,0.000,0,0,0,0.000,0.000,4,1,0.655,0,71.113,1889.215,0.367,0.230,2.324,0.803,1.389,0.025,0.181,0.819,0.216,0.750
834,27.800,0.000,0.000,0.000,0.000,0,0,0,0.000,0.000,4,0,0.690,0,71.113,1889.215,0.333,0.230,2.394,0.811,1.641,0.182,0.192,0.808,0.213,0.700
837,27.900,0.000,0.000,0.000,0.000,0,0,0,0.000,0.000,6,1,0.655,0,71.113,1889.215,0.300,0.230,2.307,0.616,1.929,2.318,0.160,0.840,0.221,0.750
840,28.000,0.000,505.926,0.000,159.155,1,0,1,0.000,1.765,6,0,0.655,4,71.113,1889.215,0.300,0.222,4.511,0.386,2.241,0.234,0.163,0.837,0.792,0.700
843,28.100,0.000,0.000,0.000,0.000,0,0,0,0.000,0.000,6,0,0.690,0,71.113,1889.215,0.267,0.222,5.220,0.396,2.412,0.150,0.181,0.819,0.305,0.700
846,28.200,0.000,0.000,0.000,0.000,0,0,0,0.000,0.000,4,1,0.655,0,71.113,1889.215,0.233,0.222,6.217,0.459,2.275,0.448,0.179,0.821,0.321,0.750
849,28.300,0.000,0.000,0.000,0.000,0,0,0,0.000,0.000,4,0,0.655,0,71.113,1889.215,0.200,0.222,5.722,0.673,1.988,0.563,0.183,0.817,0.290,0.700
852,28.400,0.000,0.000,0.000,0.000,0,0,0,0.000,0.000,4,0,0.690,0,71.113,1889.215,0.167,0.222,3.137,0.838,1.812,0.762,0.132,0.868,0.210,0.700
855,28.500,0.000,0.000,0.000,0.000,0,0,0,0.000,0.000,4,0,0.690,0,71.113,1889.215,0.133,0.222,2.340,0.901,1.610,0.136,0.134,0.866,0.181,0.700
858,28.600,0.000,0.000,0.000,0.000,0,0,0,0.000,0.000,4,0,0.690,0,71.113,1889.215,0.100,0.222,4.506,0.396,1.508,1.519,0.146,0.854,0.267,0.700
861,28.700,0.000,0.000,0.000,0.000,0,0,0,0.000,0.000,4,0,0.724,0,71.113,1889.215,0.067,0.222,5.243,0.449,1.414,0.824,0.171,0.829,0.278,0.700
864,28.800,0.000,0.000,0.000,0.000,0,0,0,0.000,0.000,5,0,0.724,0,71.113,1889.215,0.067,0.222,4.647,0.556,1.277,0.353,0.158,0.842,0.255,0.580
867,28.900,0.000,0.000,0.000,0.000,0,0,0,0.000,0.000,5,0,0.724,0,71.113,1889.215,0.067,0.222,5.241,0.595,1.079,0.319,0.175,0.825,0.267,0.580
870,29.000,0.000,0.000,0.000,0.000,0,0,0,0.000,0.000,5,0,0.759,0,71.113,1889.215,0.033,0.222,3.537,0.656,0.892,0.110,0.165,0.835,0.216,0.580
873,29.100,0.000,147.472,0.000,-358.454,1,0,1,0.000,1.848,6,1,0.724,5,71.113,1889.215,0.067,0.233,3.808,0.796,0.719,0.550,0.218,0.782,0.747,0.750
876,29.200,0.000,22.847,0.000,-124.625,1,0,1,0.000,1.982,6,0,0.724,5,71.113,1889.215,0.100,0.218,2.988,0.883,0.523,0.001,0.204,0.796,0.602,0.580
879,29.300,0.000,25.807,0.000,2.960,1,0,1,0.000,2.204,6,0,0.759,5,71.113,1889.215,0.133,0.214,2.301,0.734,0.376,0.260,0.153,0.847,0.616,0.580
882,29.400,0.000,0.000,0.000,0.000,0,0,0,0.000,0.000,4,1,0.724,0,71.113,1889.215,0.133,0.214,2.245,0.460,0.225,0.268,0.175,0.825,0.210,0.750
885,29.500,0.000,0.000,0.000,0.000,0,0,0,0.000,0.000,4,0,0.724,0,71.113,1889.215,0.133,0.214,2.044,0.608,0.010,1.217,0.173,0.827,0.195,0.580
888,29.600,0.000,0.000,0.000,0.000,0,0,0,0.000,0.000,4,0,0.759,0,71.113,1889.215,0.133,0.214,1.292,0.774,0.155,0.040,0.140,0.860,0.164,0.580
891,29.700,0.000,8.944,0.000,-16.863,1,0,1,0.000,2.387,4,0,0.759,2,71.113,1889.215,0.167,0.226,1.272,0.730,0.156,0.876,0.154,0.846,0.440,0.650
894,29.800,0.000,0.000,0.000,0.000,0,0,0,0.000,0.000,4,0,0.759,0,71.113,1889.215,0.167,0.226,2.234,0.744,0.060,0.210,0.204,0.796,0.194,0.650
897,29.900,399.981,0.000,362.538,0.000,1,1,0,0.000,1.363,4,0,0.793,3,71.113,1889.215,0.200,0.230,3.349,0.666,0.173,0.522,0.217,0.783,0.746,0.650
900,30.000,0.000,12.369,0.000,3.425,1,0,1,0.000,2.325,7,1,0.759,6,71.113,1889.215,0.233,0.226,5.231,0.812,0.096,0.989,0.250,0.750,0.625,0.750
903,30.100,0.000,0.000,0.000,0.000,0,0,0,0.000,0.000,7,0,0.759,0,71.113,1889.215,0.233,0.226,4.990,0.100,0.083,1.115,0.179,0.821,0.316,0.650
906,30.200,554.260,0.000,154.279,0.000,1,1,0,0.000,1.587,7,0,0.759,6,33.000,1186.324,0.267,0.226,6.286,0.443,0.022,2.685,0.231,0.769,0.862,0.650
909,30.300,26.476,0.000,-527.783,0.000,1,1,0,0.000,1.290,3,1,0.724,2,0.000,1325.675,0.300,0.229,5.444,0.844,0.006,0.841,0.190,0.810,0.580,0.750
912,30.400,0.000,527.011,0.000,514.642,1,0,1,0.000,2.200,3,0,0.724,2,0.000,1624.070,0.333,0.229,3.544,0.584,0.043,2.021,0.167,0.833,0.658,0.550
915,30.500,526.901,26.249,500.425,-500.763,2,1,1,559.909,1.877,3,0,0.759,3,0.000,1624.070,0.367,0.233,4.666,0.393,0.222,0.044,0.167,0.833,0.813,0.650
918,30.600,0.000,45.398,0.000,19.149,1,0,1,0.000,1.682,3,0,0.793,2,0.000,1624.070,0.400,0.233,4.373,0.633,0.277,0.238,0.146,0.854,0.683,0.650
921,30.700,0.000,45.277,0.000,-0.121,1,0,1,0.000,1.545,3,0,0.793,2,0.000,1624.070,0.433,0.236,5.227,0.520,0.456,2.092,0.204,0.796,0.716,0.580
924,30.800,538.399,0.000,11.497,0.000,1,1,0,0.000,1.551,3,0,0.828,2,0.000,1624.070,0.467,0.236,4.713,0.707,0.391,2.568,0.229,0.771,0.694,0.550
927,30.900,0.000,0.000,0.000,0.000,0,0,0,0.000,0.000,4,1,0.793,0,0.000,1624.070,0.467,0.236,3.761,0.706,0.255,0.906,0.213,0.787,0.271,0.750
930,31.000,0.000,0.000,0.000,0.000,0,0,0,0.000,0.000,4,0,0.793,0,0.000,1624.070,0.433,0.236,4.338,0.788,0.171,0.985,0.218,0.782,0.275,0.580
933,31.100,0.000,0.000,0.000,0.000,0,0,0,0.000,0.000,4,0,0.828,0,0.000,1624.070,0.433,0.236,3.691,0.666,0.075,0.440,0.255,0.745,0.268,0.580
936,31.200,0.000,0.000,0.000,0.000,0,0,0,0.000,0.000,5,1,0.793,0,0.000,1624.070,0.433,0.236,3.745,0.668,0.358,1.258,0.259,0.741,0.269,0.750
939,31.300,0.000,0.000,0.000,0.000,0,0,0,0.000,0.000,5,0,0.793,0,0.000,1624.070,0.433,0.236,5.157,0.596,0.722,0.090,0.266,0.734,0.309,0.580
942,31.400,102.460,0.000,-435.939,0.000,1,1,0,0.000,1.600,5,0,0.793,4,0.000,1624.070,0.467,0.248,5.367,0.750,1.127,0.785,0.271,0.729,0.832,0.650
945,31.500,57.271,0.000,-45.188,0.000,1,1,0,0.000,1.693,5,1,0.759,3,47.043,1826.158,0.500,0.245,6.753,0.750,1.220,0.105,0.271,0.729,0.834,0.750
948,31.600,34.205,0.000,-23.066,0.000,1,1,0,0.000,1.500,5,0,0.759,3,0.000,1950.234,0.533,0.239,5.901,0.692,1.081,0.138,0.256,0.744,0.761,0.580
951,31.700,4.472,0.000,-29.733,0.000,1,1,0,0.000,1.441,5,0,0.759,3,0.000,1996.694,0.567,0.270,3.566,0.614,1.076,0.096,0.212,0.788,0.547,0.580
954,31.800,3.162,0.000,-1.310,0.000,1,1,0,0.000,1.149,4,1,0.724,3,0.000,1962.544,0.600,0.311,2.359,0.439,0.829,1.558,0.143,0.857,0.553,0.750
957,31.900,5.099,0.000,1.937,0.000,1,1,0,0.000,1.130,4,0,0.724,3,1.414,1604.799,0.633,0.319,2.228,0.284,0.635,1.688,0.176,0.824,0.575,0.580
960,32.000,1.414,0.000,-3.685,0.000,1,1,0,0.000,1.095,4,0,0.759,3,5.099,1516.459,0.667,0.319,2.180,0.699,0.682,0.207,0.192,0.808,0.528,0.580
963,32.100,1.414,0.000,0.000,0.000,1,1,0,0.000,0.929,4,0,0.759,3,2.236,1271.844,0.667,0.319,1.742,0.726,0.509,0.180,0.197,0.803,0.516,0.580
966,32.200,2.000,0.000,0.586,0.000,1,1,0,0.000,0.941,4,0,0.759,2,1.414,1242.035,0.667,0.326,1.900,0.351,0.366,2.957,0.150,0.850,0.504,0.580
969,32.300,3.000,0.000,1.000,0.000,1,1,0,0.000,1.204,4,0,0.793,2,2.236,1071.804,0.667,0.334,1.584,0.776,0.121,1.295,0.141,0.859,0.472,0.580
972,32.400,1.000,0.000,-2.000,0.000,1,1,0,0.000,1.145,4,0,0.793,2,2.828,875.600,0.700,0.335,1.839,0.803,0.112,2.534,0.174,0.826,0.469,0.580
975,32.500,2.236,0.000,1.236,0.000,1,1,0,0.000,1.259,3,1,0.759,2,2.000,381.544,0.733,0.332,1.328,0.920,0.267,2.504,0.197,0.803,0.489,0.750
978,32.600,2.000,0.000,-0.236,0.000,1,1,0,0.000,1.299,3,0,0.759,2,1.414,249.300,0.767,0.332,1.365,0.971,0.527,0.226,0.197,0.803,0.489,0.580
981,32.700,1.000,0.000,-1.000,0.000,1,1,0,0.000,1.480,4,1,0.724,3,1.414,201.650,0.767,0.340,1.316,0.932,0.863,0.132,0.193,0.807,0.500,0.750
984,32.800,2.000,0.000,1.000,0.000,1,1,0,0.000,1.357,4,0,0.724,3,0.000,141.609,0.800,0.337,1.553,0.966,1.429,0.133,0.208,0.792,0.513,0.700
987,32.900,2.828,0.000,0.828,0.000,1,1,0,0.000,1.259,4,0,0.759,3,2.236,76.094,0.800,0.345,1.534,0.926,2.263,0.108,0.208,0.792,0.520,0.700
990,33.000,2.236,0.000,-0.592,0.000,1,1,0,0.000,1.316,3,1,0.724,2,1.000,55.818,0.800,0.353,1.301,0.929,2.914,0.311,0.191,0.809,0.496,0.750
993,33.100,1.000,0.000,-1.236,0.000,1,1,0,0.000,0.982,3,0,0.724,2,1.414,32.089,0.833,0.353,1.079,0.902,2.944,0.199,0.165,0.835,0.489,0.700
996,33.200,1.000,0.000,0.000,0.000,1,1,0,0.000,0.982,3,0,0.759,2,0.000,17.644,0.833,0.353,1.099,0.854,3.222,0.133,0.161,0.839,0.493,0.700
999,33.300,1.414,0.000,0.414,0.000,1,1,0,0.000,1.138,4,1,0.724,2,1.000,17.948,0.833,0.353,1.171,0.928,3.307,0.497,0.164,0.836,0.462,0.750
1002,33.400,1.000,0.000,-0.414,0.000,1,1,0,0.000,1.098,4,0,0.724,2,1.414,18.244,0.833,0.353,1.215,0.934,2.752,0.093,0.170,0.830,0.461,0.700
1005,33.500,1.414,0.000,0.414,0.000,1,1,0,0.000,1.196,3,1,0.690,2,1.000,18.637,0.833,0.353,1.153,0.927,2.454,0.240,0.179,0.821,0.492,0.750
1008,33.600,2.000,0.000,0.586,0.000,1,1,0,0.000,1.294,3,0,0.690,2,2.236,18.058,0.833,0.353,1.036,0.964,2.158,0.385,0.152,0.848,0.490,0.700
1011,33.700,1.414,0.000,-0.586,0.000,1,1,0,0.000,1.294,4,1,0.655,2,2.828,18.594,0.833,0.444,1.722,0.956,1.862,0.055,0.209,0.791,0.474,0.750
1014,33.800,1.414,0.000,0.000,0.000,1,1,0,0.000,1.138,4,0,0.690,2,1.000,18.169,0.833,0.453,1.205,0.906,1.652,0.012,0.161,0.839,0.465,0.700
1017,33.900,0.000,0.000,-1.414,0.000,1,1,0,0.000,1.234,4,1,0.655,3,1.000,17.480,0.867,0.453,1.268,0.848,1.454,1.058,0.173,0.827,0.511,0.750
1020,34.000,1.414,0.000,1.414,0.000,1,1,0,0.000,1.440,4,0,0.655,3,2.236,16.510,0.900,0.453,1.305,0.866,1.345,0.093,0.169,0.831,0.523,0.580
1023,34.100,2.828,0.000,1.414,0.000,1,1,0,0.000,1.047,5,1,0.655,3,2.828,16.659,0.933,0.453,1.893,0.946,1.175,0.289,0.201,0.799,0.517,0.750
1026,34.200,1.000,0.000,-1.828,0.000,1,1,0,0.000,1.309,4,1,0.621,2,1.000,15.044,0.967,0.453,1.048,0.874,1.027,0.358,0.144,0.856,0.477,0.750
1029,34.300,1.000,401.244,0.000,355.967,2,1,1,497.161,1.479,4,0,0.621,5,261.375,1547.818,1.000,0.453,0.979,0.793,0.920,0.166,0.131,0.869,0.869,0.750
1032,34.400,2.236,20.396,1.236,-380.848,2,1,1,487.955,1.380,4,0,0.655,5,342.421,4037.245,1.000,0.444,1.267,0.864,0.840,1.778,0.177,0.823,0.735,0.750
1035,34.500,3.000,16.125,0.764,-4.272,2,1,1,484.117,1.132,3,1,0.621,3,311.362,5869.387,1.000,0.444,1.107,0.891,0.760,0.651,0.171,0.829,0.605,0.750
1038,34.600,1.000,16.401,-2.000,0.277,2,1,1,492.647,1.024,3,0,0.621,4,213.235,6485.010,1.000,0.435,2.215,0.962,0.755,0.581,0.226,0.774,0.629,0.750
1041,34.700,2.236,0.000,1.236,0.000,1,1,0,0.000,1.035,3,0,0.655,2,211.341,6502.780,1.000,0.435,1.696,0.853,0.801,0.305,0.202,0.798,0.435,0.750
1044,34.800,3.162,0.000,0.926,0.000,1,1,0,0.000,1.085,5,1,0.621,3,0.000,6520.210,1.000,0.426,1.901,0.922,0.704,0.910,0.182,0.818,0.529,0.750
1047,34.900,1.414,0.000,-1.748,0.000,1,1,0,0.000,1.143,5,0,0.621,3,2.236,6540.828,1.000,0.426,1.814,0.954,0.417,0.931,0.179,0.821,0.514,0.580
1050,35.000,1.000,0.000,-0.414,0.000,1,1,0,0.000,0.946,5,0,0.621,3,0.000,6558.347,1.000,0.426,1.280,0.699,0.128,0.748,0.126,0.874,0.517,0.580
1053,35.100,11.705,70.000,10.705,53.599,2,1,1,543.575,0.990,5,0,0.621,6,15.000,6608.650,1.000,0.417,2.746,0.692,0.144,0.971,0.172,0.828,0.920,0.650
1056,35.200,539.485,0.000,488.524,0.000,2,1,0,539.485,0.893,5,0,0.621,6,15.000,6608.650,1.000,0.399,4.633,0.562,0.769,0.502,0.172,0.828,0.977,0.500
1059,35.300,0.000,98.127,0.000,28.127,1,0,1,0.000,0.825,5,0,0.621,4,15.000,6608.650,1.000,0.389,3.495,0.577,1.712,2.492,0.212,0.788,0.861,0.700
1062,35.400,0.000,487.643,0.000,459.183,2,0,1,487.643,0.793,4,1,0.621,6,73.110,6765.375,1.000,0.369,4.968,0.560,2.528,2.494,0.208,0.792,0.985,0.750
1065,35.500,0.000,481.017,0.000,-6.627,1,0,1,0.000,1.059,4,0,0.621,3,281.016,7888.188,1.000,0.369,1.900,0.887,4.676,2.141,0.185,0.815,0.790,0.750
1068,35.600,105.475,0.000,-434.010,0.000,1,1,0,0.000,1.110,4,0,0.655,3,281.016,7888.188,1.000,0.369,1.721,0.856,4.904,0.826,0.154,0.846,0.788,0.750
1071,35.700,0.000,0.000,0.000,0.000,0,0,0,0.000,0.000,3,1,0.621,0,281.016,7888.188,0.967,0.369,1.750,0.727,3.607,0.223,0.142,0.858,0.179,0.750
1074,35.800,0.000,0.000,0.000,0.000,0,0,0,0.000,0.000,3,0,0.621,0,281.016,7888.188,0.933,0.369,1.686,0.784,3.726,0.663,0.146,0.854,0.169,0.750
1077,35.900,0.000,0.000,0.000,0.000,0,0,0,0.000,0.000,3,0,0.655,0,281.016,7888.188,0.900,0.369,3.520,0.899,4.019,1.859,0.197,0.803,0.203,0.750
1080,36.000,0.000,0.000,0.000,0.000,0,0,0,0.000,0.000,3,0,0.655,0,281.016,7888.188,0.867,0.369,4.842,0.924,4.886,0.037,0.208,0.792,0.230,0.750
1083,36.100,0.000,0.000,0.000,0.000,0,0,0,0.000,0.000,3,0,0.655,0,281.016,7888.188,0.833,0.369,2.160,0.913,5.920,0.392,0.179,0.821,0.160,0.750
1086,36.200,0.000,0.000,0.000,0.000,0,0,0,0.000,0.000,3,0,0.690,0,281.016,7888.188,0.800,0.369,1.877,0.870,4.003,0.237,0.181,0.819,0.152,0.750
1089,36.300,0.000,0.000,0.000,0.000,0,0,0,0.000,0.000,4,1,0.655,0,281.016,7888.188,0.767,0.369,2.328,0.560,3.837,0.150,0.192,0.808,0.281,0.750
1092,36.400,0.000,0.000,0.000,0.000,0,0,0,0.000,0.000,3,1,0.655,0,281.016,7888.188,0.733,0.369,0.806,0.906,3.557,2.227,0.107,0.893,0.215,0.750
1095,36.500,0.000,0.000,0.000,0.000,0,0,0,0.000,0.000,3,0,0.655,0,281.016,7888.188,0.700,0.369,1.008,0.781,3.180,1.974,0.146,0.854,0.225,0.750
1098,36.600,0.000,0.000,0.000,0.000,0,0,0,0.000,0.000,4,1,0.655,0,281.016,7888.188,0.667,0.369,0.695,0.716,3.153,0.238,0.124,0.876,0.217,0.750
1101,36.700,0.000,0.000,0.000,0.000,0,0,0,0.000,0.000,4,0,0.655,0,281.016,7888.188,0.633,0.369,1.573,0.917,1.947,1.954,0.182,0.818,0.221,0.750
1104,36.800,0.000,472.153,0.000,-8.864,1,0,1,0.000,1.219,4,0,0.690,3,110.114,7995.587,0.633,0.219,2.063,0.972,0.588,0.114,0.181,0.819,0.745,0.650
1107,36.900,0.000,0.000,0.000,0.000,0,0,0,0.000,0.000,5,0,0.690,0,110.114,7995.587,0.600,0.219,4.395,0.966,0.287,0.340,0.219,0.781,0.284,0.650
1110,37.000,549.945,0.000,444.470,0.000,1,1,0,0.000,1.182,5,0,0.724,4,116.379,8009.065,0.600,0.224,6.167,0.884,0.001,1.354,0.242,0.758,0.858,0.650
1113,37.100,137.568,0.000,76.494,0.000,2,1,0,137.568,1.479,5,0,0.759,6,120.603,8257.320,0.600,0.224,4.264,0.759,0.201,0.446,0.289,0.711,0.905,0.670
1116,37.200,39.661,0.000,-97.907,0.000,1,1,0,0.000,1.462,6,1,0.724,5,120.603,8257.320,0.600,0.217,4.792,0.739,0.350,1.376,0.268,0.732,0.810,0.750
1119,37.300,0.000,0.000,0.000,0.000,0,0,0,0.000,0.000,6,0,0.724,0,120.603,8257.320,0.567,0.217,7.511,0.834,0.491,0.546,0.277,0.723,0.367,0.670
1122,37.400,0.000,0.000,0.000,0.000,0,0,0,0.000,0.000,6,0,0.759,0,120.603,8257.320,0.533,0.217,8.847,0.910,0.805,0.173,0.261,0.739,0.370,0.670
1125,37.500,0.000,0.000,0.000,0.000,0,0,0,0.000,0.000,5,1,0.724,0,120.603,8257.320,0.500,0.217,3.582,0.968,0.980,0.068,0.227,0.773,0.252,0.750
1128,37.600,0.000,0.000,0.000,0.000,0,0,0,0.000,0.000,5,0,0.724,0,120.603,8257.320,0.467,0.217,2.956,0.916,0.641,0.051,0.212,0.788,0.236,0.670
1131,37.700,0.000,0.000,0.000,0.000,0,0,0,0.000,0.000,5,0,0.759,0,120.603,8257.320,0.433,0.217,2.534,0.923,0.686,0.267,0.217,0.783,0.221,0.670
1134,37.800,0.000,0.000,0.000,0.000,0,0,0,0.000,0.000,5,1,0.724,0,120.603,8257.320,0.400,0.217,2.751,0.952,0.717,0.241,0.215,0.785,0.220,0.750
1137,37.900,0.000,0.000,0.000,0.000,0,0,0,0.000,0.000,5,0,0.724,0,120.603,8257.320,0.367,0.217,1.660,0.950,0.725,0.400,0.198,0.802,0.189,0.670
1140,38.000,0.000,0.000,0.000,0.000,0,0,0,0.000,0.000,5,0,0.724,0,120.603,8257.320,0.333,0.217,1.300,0.875,0.780,0.157,0.177,0.823,0.181,0.670
1143,38.100,0.000,0.000,0.000,0.000,0,0,0,0.000,0.000,3,1,0.690,0,120.603,8257.320,0.300,0.217,0.540,0.888,0.796,1.027,0.101,0.899,0.157,0.750
1146,38.200,0.000,0.000,0.000,0.000,0,0,0,0.000,0.000,4,1,0.655,0,120.603,8257.320,0.267,0.217,1.065,0.910,0.838,3.138,0.168,0.832,0.165,0.750
1149,38.300,0.000,0.000,0.000,0.000,0,0,0,0.000,0.000,4,0,0.690,0,120.603,8257.320,0.233,0.217,1.363,0.975,1.041,0.122,0.186,0.814,0.164,0.670
1152,38.400,0.000,0.000,0.000,0.000,0,0,0,0.000,0.000,4,1,0.655,0,120.603,8257.320,0.200,0.217,1.181,0.938,1.114,0.634,0.181,0.819,0.158,0.750
1155,38.500,0.000,0.000,0.000,0.000,0,0,0,0.000,0.000,5,1,0.621,0,120.603,8257.320,0.167,0.217,1.026,0.774,1.039,0.744,0.159,0.841,0.161,0.750
1158,38.600,0.000,0.000,0.000,0.000,0,0,0,0.000,0.000,5,0,0.655,0,120.603,8257.320,0.133,0.217,0.943,0.845,0.382,1.216,0.126,0.874,0.150,0.670
1161,38.700,0.000,0.000,0.000,0.000,0,0,0,0.000,0.000,5,0,0.655,0,120.603,8257.320,0.133,0.217,1.010,0.847,0.123,0.796,0.156,0.844,0.152,0.670
1164,38.800,0.000,0.000,0.000,0.000,0,0,0,0.000,0.000,4,1,0.621,0,120.603,8257.320,0.133,0.217,1.423,0.904,0.157,1.359,0.188,0.812,0.158,0.750
1167,38.900,0.000,0.000,0.000,0.000,0,0,0,0.000,0.000,4,0,0.621,0,120.603,8257.320,0.133,0.217,0.696,0.799,0.529,1.845,0.126,0.874,0.148,0.670
1170,39.000,0.000,0.000,0.000,0.000,0,0,0,0.000,0.000,4,0,0.621,0,120.603,8257.320,0.133,0.217,0.610,0.487,0.800,2.779,0.092,0.908,0.167,0.670
1173,39.100,0.000,0.000,0.000,0.000,0,0,0,0.000,0.000,4,0,0.621,0,120.603,8257.320,0.133,0.217,0.586,0.343,0.855,0.697,0.092,0.908,0.177,0.670
1176,39.200,0.000,0.000,0.000,0.000,0,0,0,0.000,0.000,5,1,0.621,0,120.603,8257.320,0.133,0.217,0.965,0.425,0.950,1.795,0.136,0.864,0.180,0.750
1179,39.300,0.000,0.000,0.000,0.000,0,0,0,0.000,0.000,5,0,0.655,0,120.603,8257.320,0.133,0.217,0.791,0.463,1.023,2.250,0.110,0.890,0.173,0.670
1182,39.400,0.000,0.000,0.000,0.000,0,0,0,0.000,0.000,4,1,0.621,0,120.603,8257.320,0.133,0.217,0.935,0.782,1.095,0.098,0.130,0.870,0.155,0.750
1185,39.500,0.000,0.000,0.000,0.000,0,0,0,0.000,0.000,4,0,0.655,0,120.603,8257.320,0.133,0.217,1.349,0.866,1.169,0.369,0.178,0.822,0.159,0.670
1188,39.600,0.000,0.000,0.000,0.000,0,0,0,0.000,0.000,4,1,0.621,0,120.603,8257.320,0.133,0.217,4.369,0.980,1.187,0.068,0.265,0.735,0.227,0.750
1191,39.700,0.000,436.321,0.000,-35.832,1,0,1,0.000,1.584,4,0,0.621,3,120.603,8257.320,0.167,0.193,5.528,0.891,1.064,0.640,0.273,0.727,0.781,0.670
1194,39.800,0.000,0.000,0.000,0.000,0,0,0,0.000,0.000,4,0,0.621,0,120.603,8257.320,0.133,0.193,5.298,0.899,0.906,1.011,0.256,0.744,0.256,0.670
1197,39.900,0.000,0.000,0.000,0.000,0,0,0,0.000,0.000,3,1,0.586,0,120.603,8257.320,0.133,0.193,10.479,0.758,0.761,0.090,0.284,0.716,0.233,0.750
1200,40.000,0.000,0.000,0.000,0.000,0,0,0,0.000,0.000,3,0,0.586,0,120.603,8257.320,0.100,0.193,15.344,0.824,0.398,0.182,0.273,0.727,0.224,0.670
1203,40.100,0.000,155.824,0.000,-280.497,1,0,1,0.000,1.521,3,0,0.621,2,120.603,8257.320,0.100,0.201,19.428,0.707,0.139,0.198,0.272,0.728,0.733,0.670
1206,40.200,0.000,148.492,0.000,-7.331,1,0,1,0.000,1.874,5,1,0.586,4,33.121,6459.417,0.100,0.201,18.659,0.479,0.743,0.023,0.240,0.760,0.872,0.750
1209,40.300,0.000,165.194,0.000,16.701,1,0,1,0.000,1.777,5,0,0.586,4,0.000,5240.894,0.133,0.201,16.627,0.730,1.352,0.079,0.222,0.778,0.859,0.350
1212,40.400,0.000,105.537,0.000,-59.657,1,0,1,0.000,1.751,5,0,0.621,4,0.000,4892.479,0.167,0.201,17.101,0.780,2.338,0.148,0.226,0.774,0.859,0.700
1215,40.500,0.000,34.928,0.000,-70.608,1,0,1,0.000,1.630,4,1,0.586,3,0.000,4545.729,0.200,0.201,13.398,0.784,7.111,0.025,0.214,0.786,0.798,0.750
1218,40.600,0.000,15.811,0.000,-19.117,1,0,1,0.000,1.446,4,0,0.586,3,0.000,4060.488,0.233,0.204,9.744,0.761,9.941,0.028,0.209,0.791,0.698,0.700
1221,40.700,0.000,5.000,0.000,-10.811,1,0,1,0.000,1.378,4,0,0.621,3,0.000,3208.494,0.267,0.204,5.192,0.729,12.770,0.560,0.205,0.795,0.574,0.700
1224,40.800,0.000,48.270,0.000,43.270,1,0,1,0.000,1.091,4,0,0.621,3,48.270,2909.537,0.300,0.207,5.900,0.519,15.879,0.371,0.210,0.790,0.832,0.700
1227,40.900,0.000,144.693,0.000,96.423,1,0,1,0.000,1.117,4,0,0.621,3,48.270,2909.537,0.333,0.207,5.522,0.426,27.856,0.364,0.225,0.775,0.833,0.700
1230,41.000,0.000,0.000,0.000,0.000,0,0,0,0.000,0.000,4,0,0.655,0,48.270,2909.537,0.333,0.207,7.439,0.705,34.394,2.546,0.296,0.704,0.347,0.700
1233,41.100,0.000,0.000,0.000,0.000,0,0,0,0.000,0.000,4,0,0.690,0,48.270,2909.537,0.333,0.207,14.669,0.921,35.322,0.457,0.286,0.714,0.346,0.700
1236,41.200,0.000,0.000,0.000,0.000,0,0,0,0.000,0.000,4,0,0.690,0,48.270,2909.537,0.333,0.207,18.113,0.927,11.546,0.018,0.314,0.686,0.345,0.700
1239,41.300,0.000,0.000,0.000,0.000,0,0,0,0.000,0.000,4,0,0.724,0,48.270,2909.537,0.333,0.207,18.673,0.960,7.711,0.072,0.305,0.695,0.343,0.700
1242,41.400,0.000,0.000,0.000,0.000,0,0,0,0.000,0.000,5,1,0.724,0,48.270,2909.537,0.333,0.207,18.470,0.701,6.757,0.012,0.288,0.712,0.361,0.750
1245,41.500,106.677,0.000,67.016,0.000,1,1,0,0.000,1.556,5,0,0.724,4,48.270,2909.537,0.367,0.219,15.744,0.789,4.114,0.028,0.293,0.707,0.883,0.700
1248,41.600,49.244,0.000,-57.433,0.000,1,1,0,0.000,1.701,5,0,0.724,4,43.290,3047.757,0.400,0.219,13.983,0.717,2.455,0.013,0.298,0.702,0.892,0.700
1251,41.700,16.643,0.000,-32.601,0.000,1,1,0,0.000,1.627,5,1,0.724,4,13.038,3010.865,0.433,0.200,10.596,0.937,1.516,0.094,0.269,0.731,0.723,0.750
1254,41.800,8.544,0.000,-8.099,0.000,1,1,0,0.000,1.436,5,0,0.724,4,8.544,2687.307,0.467,0.197,8.372,0.970,1.054,0.007,0.261,0.739,0.680,0.580
1257,41.900,10.817,0.000,2.273,0.000,1,1,0,0.000,1.254,5,0,0.724,4,8.544,2687.307,0.500,0.197,5.334,0.962,0.770,0.076,0.248,0.752,0.630,0.580
1260,42.000,8.000,0.000,-2.817,0.000,1,1,0,0.000,0.955,4,1,0.690,3,8.544,2687.307,0.533,0.197,3.420,0.971,0.487,0.072,0.233,0.767,0.561,0.750
1263,42.100,9.055,0.000,1.055,0.000,1,1,0,0.000,0.808,4,0,0.724,3,8.544,2687.307,0.567,0.200,3.158,0.969,0.284,0.070,0.216,0.784,0.564,0.580
1266,42.200,3.162,0.000,-5.893,0.000,1,1,0,0.000,0.753,4,0,0.724,3,8.544,2687.307,0.600,0.302,2.461,0.985,0.143,0.100,0.185,0.815,0.517,0.580
1269,42.300,3.606,0.000,0.443,0.000,1,1,0,0.000,0.534,5,1,0.724,3,8.544,2687.307,0.633,0.302,1.610,0.967,0.078,0.185,0.159,0.841,0.477,0.750
1272,42.400,6.083,0.000,2.477,0.000,1,1,0,0.000,0.670,4,1,0.690,3,8.544,2687.307,0.667,0.302,1.435,0.860,0.019,0.175,0.159,0.841,0.524,0.750
1275,42.500,4.243,0.000,-1.840,0.000,1,1,0,0.000,0.888,4,0,0.724,3,8.544,2687.307,0.700,0.302,1.262,0.936,0.120,0.807,0.163,0.837,0.509,0.580
1278,42.600,1.000,0.000,-3.243,0.000,1,1,0,0.000,1.156,4,1,0.690,2,8.544,2687.307,0.733,0.311,1.266,0.940,0.282,0.131,0.178,0.822,0.449,0.750
1281,42.700,1.414,0.000,0.414,0.000,1,1,0,0.000,1.422,3,1,0.655,2,8.544,2687.307,0.733,0.311,0.916,0.936,0.598,0.028,0.145,0.855,0.473,0.750
1284,42.800,2.236,0.000,0.822,0.000,1,1,0,0.000,1.505,4,1,0.655,2,8.544,2687.307,0.767,0.320,0.829,0.857,0.981,0.303,0.134,0.866,0.455,0.750
1287,42.900,4.243,0.000,2.007,0.000,1,1,0,0.000,1.647,4,0,0.655,2,8.544,2687.307,0.800,0.320,1.877,0.918,1.413,0.416,0.183,0.817,0.492,0.700
1290,43.000,1.000,0.000,-3.243,0.000,1,1,0,0.000,1.915,4,0,0.655,2,8.544,2687.307,0.833,0.320,0.857,0.544,1.698,0.969,0.083,0.917,0.479,0.700
1293,43.100,3.606,0.000,2.606,0.000,1,1,0,0.000,2.121,4,0,0.690,2,8.544,2687.307,0.833,0.328,0.488,0.305,1.891,1.688,0.107,0.893,0.501,0.700
1296,43.200,3.162,0.000,-0.443,0.000,1,1,0,0.000,2.109,4,0,0.690,3,27.295,2576.235,0.833,0.328,0.886,0.480,2.087,0.519,0.092,0.908,0.541,0.700
1299,43.300,17.804,0.000,14.642,0.000,1,1,0,0.000,1.837,4,0,0.690,3,28.792,2347.274,0.833,0.328,1.618,0.352,2.188,0.426,0.113,0.887,0.650,0.700
1302,43.400,30.676,0.000,12.871,0.000,1,1,0,0.000,1.614,4,0,0.724,3,28.792,2347.274,0.833,0.328,6.006,0.808,2.169,0.954,0.259,0.741,0.799,0.700
1305,43.500,0.000,0.000,0.000,0.000,0,0,0,0.000,0.000,5,1,0.690,0,28.792,2347.274,0.800,0.328,2.190,0.463,1.956,0.848,0.154,0.846,0.288,0.750
1308,43.600,0.000,311.405,0.000,166.712,1,0,1,0.000,0.925,5,0,0.690,3,28.792,2347.274,0.800,0.410,5.630,0.747,1.713,1.705,0.244,0.756,0.842,0.700
1311,43.700,0.000,16.401,0.000,-295.004,1,0,1,0.000,1.103,5,0,0.690,3,28.792,2347.274,0.800,0.410,7.685,0.901,1.502,2.402,0.267,0.733,0.724,0.700
1314,43.800,0.000,0.000,0.000,0.000,0,0,0,0.000,0.000,4,1,0.655,0,28.792,2347.274,0.767,0.410,3.369,0.930,1.357,0.262,0.245,0.755,0.281,0.750
1317,43.900,0.000,0.000,0.000,0.000,0,0,0,0.000,0.000,4,0,0.655,0,28.792,2347.274,0.733,0.410,1.805,0.746,1.223,0.311,0.198,0.802,0.251,0.580
1320,44.000,0.000,0.000,0.000,0.000,0,0,0,0.000,0.000,4,0,0.655,0,28.792,2347.274,0.733,0.410,1.680,0.845,1.123,0.754,0.186,0.814,0.241,0.580
1323,44.100,0.000,7.000,0.000,-9.401,1,0,1,0.000,1.393,5,1,0.621,4,420.105,4856.829,0.767,0.370,1.198,0.853,1.004,1.197,0.164,0.836,0.545,0.750
1326,44.200,0.000,23.770,0.000,16.770,1,0,1,0.000,1.713,5,0,0.621,4,23.770,7422.744,0.800,0.370,0.759,0.682,0.857,1.104,0.110,0.890,0.643,0.580
1329,44.300,0.000,0.000,0.000,0.000,0,0,0,0.000,0.000,5,0,0.655,0,23.770,7422.744,0.800,0.370,0.729,0.286,0.723,2.011,0.096,0.904,0.264,0.650
1332,44.400,0.000,0.000,0.000,0.000,0,0,0,0.000,0.000,4,1,0.621,0,23.770,7422.744,0.800,0.370,0.954,0.857,0.598,0.161,0.130,0.870,0.230,0.750
1335,44.500,0.000,0.000,0.000,0.000,0,0,0,0.000,0.000,5,1,0.586,0,23.770,7422.744,0.767,0.370,1.558,0.941,0.505,0.348,0.167,0.833,0.235,0.750
1338,44.600,0.000,0.000,0.000,0.000,0,0,0,0.000,0.000,5,0,0.621,0,23.770,7422.744,0.733,0.370,1.374,0.936,0.356,0.107,0.161,0.839,0.227,0.580
1341,44.700,0.000,0.000,0.000,0.000,0,0,0,0.000,0.000,3,1,0.586,0,23.770,7422.744,0.700,0.370,1.283,0.945,0.149,0.836,0.188,0.812,0.220,0.750
1344,44.800,0.000,0.000,0.000,0.000,0,0,0,0.000,0.000,4,1,0.552,0,23.770,7422.744,0.667,0.370,0.624,0.825,0.119,0.919,0.109,0.891,0.208,0.750
1347,44.900,0.000,0.000,0.000,0.000,0,0,0,0.000,0.000,4,0,0.586,0,23.770,7422.744,0.633,0.370,0.705,0.892,0.504,0.517,0.122,0.878,0.201,0.580
1350,45.000,0.000,0.000,0.000,0.000,0,0,0,0.000,0.000,4,0,0.586,0,23.770,7422.744,0.600,0.370,1.197,0.778,0.167,0.398,0.180,0.820,0.217,0.580
1353,45.100,0.000,15.524,0.000,-8.246,1,0,1,0.000,1.620,3,1,0.552,2,23.770,7422.744,0.600,0.300,1.071,0.867,0.187,0.218,0.167,0.833,0.544,0.750
1356,45.200,0.000,11.402,0.000,-4.122,1,0,1,0.000,1.550,4,1,0.552,2,23.770,7422.744,0.600,0.300,1.479,0.908,0.139,0.475,0.190,0.810,0.499,0.750
1359,45.300,0.000,2.236,0.000,-9.166,1,0,1,0.000,1.715,4,0,0.586,3,23.770,7422.744,0.600,0.300,1.720,0.890,0.458,0.312,0.209,0.791,0.500,0.580
1362,45.400,0.000,3.606,0.000,1.369,1,0,1,0.000,2.032,4,0,0.586,2,23.770,7422.744,0.600,0.306,1.179,0.922,0.562,0.834,0.170,0.830,0.447,0.580
1365,45.500,0.000,2.236,0.000,-1.369,1,0,1,0.000,2.213,3,1,0.586,2,23.770,7422.744,0.600,0.306,0.495,0.623,0.595,0.837,0.077,0.923,0.473,0.750
1368,45.600,0.000,5.099,0.000,2.863,1,0,1,0.000,2.253,3,0,0.621,2,23.770,7422.744,0.600,0.306,0.649,0.674,0.649,0.425,0.101,0.899,0.489,0.580
1371,45.700,0.000,7.071,0.000,1.972,1,0,1,0.000,2.131,3,0,0.655,2,23.770,7422.744,0.600,0.313,0.546,0.709,0.663,0.639,0.081,0.919,0.495,0.580
1374,45.800,0.000,5.000,0.000,-2.071,1,0,1,0.000,2.082,4,1,0.621,2,23.770,7422.744,0.600,0.313,1.013,0.931,0.663,2.804,0.164,0.836,0.450,0.750
1377,45.900,0.000,0.000,0.000,0.000,0,0,0,0.000,0.000,4,0,0.621,0,23.770,7422.744,0.567,0.313,1.075,0.944,0.649,2.278,0.172,0.828,0.199,0.650
1380,46.000,0.000,0.000,0.000,0.000,0,0,0,0.000,0.000,4,0,0.621,0,23.770,7422.744,0.533,0.313,1.510,0.934,0.609,0.245,0.186,0.814,0.206,0.580
1383,46.100,0.000,0.000,0.000,0.000,0,0,0,0.000,0.000,4,0,0.621,0,23.770,7422.744,0.500,0.313,2.316,0.900,0.639,0.097,0.209,0.791,0.225,0.580
1386,46.200,0.000,0.000,0.000,0.000,0,0,0,0.000,0.000,4,0,0.621,0,23.770,7422.744,0.467,0.313,4.149,0.876,0.650,0.835,0.247,0.753,0.268,0.580
1389,46.300,441.509,0.000,410.833,0.000,1,1,0,0.000,1.399,4,0,0.621,3,32.558,7102.627,0.467,0.317,10.712,0.163,0.577,0.331,0.352,0.648,0.930,0.650
1392,46.400,0.000,111.018,0.000,106.018,1,0,1,0.000,2.120,4,0,0.655,3,0.000,7063.144,0.467,0.317,1.884,0.706,0.220,1.680,0.149,0.851,0.739,0.550
1395,46.500,0.000,20.881,0.000,-90.137,1,0,1,0.000,2.069,5,1,0.621,3,0.000,6991.815,0.500,0.317,2.512,0.881,0.019,1.633,0.167,0.833,0.585,0.750
1398,46.600,0.000,2.236,0.000,-18.645,1,0,1,0.000,2.188,5,0,0.621,3,0.000,6965.169,0.500,0.312,1.699,0.848,0.060,0.158,0.146,0.854,0.464,0.580
1401,46.700,0.000,4.123,0.000,1.887,1,0,1,0.000,1.918,5,0,0.655,3,76.942,6305.935,0.500,0.312,1.220,0.843,0.269,0.081,0.121,0.879,0.462,0.580
1404,46.800,0.000,6.083,0.000,1.960,1,0,1,0.000,1.551,5,0,0.655,3,237.002,5423.294,0.533,0.306,0.752,0.635,1.316,0.579,0.089,0.911,0.480,0.750
1407,46.900,0.000,6.708,0.000,0.625,1,0,1,0.000,1.359,5,0,0.655,3,65.924,1488.090,0.567,0.306,1.632,0.941,2.374,0.678,0.129,0.871,0.488,0.700
1410,47.000,41.231,0.000,-400.278,0.000,1,1,0,0.000,1.393,5,0,0.690,3,229.513,2605.169,0.600,0.306,2.482,0.360,2.820,2.886,0.117,0.883,0.746,0.750
1413,47.100,0.000,94.847,0.000,88.139,1,0,1,0.000,1.559,5,0,0.690,3,175.000,3198.985,0.600,0.306,3.998,0.491,3.343,2.663,0.148,0.852,0.796,0.750
1416,47.200,0.000,8.062,0.000,-86.785,1,0,1,0.000,1.530,5,0,0.690,3,161.009,3817.694,0.600,0.301,4.550,0.796,3.911,0.075,0.145,0.855,0.583,0.750
1419,47.300,0.000,25.080,0.000,17.018,1,0,1,0.000,1.537,5,0,0.724,3,184.889,4470.214,0.633,0.301,2.965,0.661,4.491,2.584,0.130,0.870,0.651,0.750
1422,47.400,0.000,21.095,0.000,-3.985,1,0,1,0.000,1.405,4,1,0.724,3,184.889,4470.214,0.667,0.294,2.545,0.401,4.891,0.833,0.160,0.840,0.668,0.750
1425,47.500,79.246,0.000,38.015,0.000,1,1,0,0.000,1.254,4,0,0.724,3,184.889,4470.214,0.700,0.294,5.998,0.728,5.144,0.099,0.181,0.819,0.868,0.750
1428,47.600,0.000,83.193,0.000,62.098,1,0,1,0.000,1.275,4,0,0.759,3,184.889,4470.214,0.733,0.300,5.070,0.650,6.014,0.137,0.159,0.841,0.854,0.750
1431,47.700,6.000,0.000,-73.246,0.000,1,1,0,0.000,1.053,3,1,0.759,2,70.093,4610.250,0.767,0.365,1.757,0.634,4.883,0.800,0.116,0.884,0.445,0.750
1434,47.800,18.788,0.000,12.788,0.000,1,1,0,0.000,0.985,3,0,0.759,2,70.093,4610.250,0.800,0.365,1.897,0.590,2.234,1.914,0.112,0.888,0.526,0.700
1437,47.900,0.000,69.354,0.000,-13.838,1,0,1,0.000,1.450,3,0,0.759,2,224.956,5678.290,0.833,0.365,3.393,0.741,0.298,2.712,0.162,0.838,0.703,0.750
1440,48.000,0.000,23.259,0.000,-46.095,1,0,1,0.000,1.638,4,1,0.759,2,224.956,5678.290,0.867,0.365,2.351,0.866,0.310,2.817,0.160,0.840,0.621,0.750
1443,48.100,0.000,33.838,0.000,10.578,1,0,1,0.000,1.783,4,0,0.793,2,224.956,5678.290,0.867,0.365,6.422,0.683,0.271,0.711,0.208,0.792,0.795,0.750
1446,48.200,0.000,79.404,0.000,45.566,1,0,1,0.000,1.447,4,0,0.793,2,224.956,5678.290,0.867,0.365,6.091,0.791,0.384,0.044,0.223,0.777,0.841,0.750
1449,48.300,0.000,0.000,0.000,0.000,0,0,0,0.000,0.000,5,1,0.759,0,224.956,5678.290,0.833,0.365,3.269,0.822,0.523,0.625,0.204,0.796,0.294,0.750
1452,48.400,0.000,118.828,0.000,39.424,1,0,1,0.000,1.547,5,0,0.793,3,0.000,5326.269,0.833,0.367,3.090,0.587,0.612,1.770,0.181,0.819,0.794,0.650
1455,48.500,0.000,54.589,0.000,-64.238,1,0,1,0.000,1.433,5,0,0.793,3,0.000,5066.654,0.833,0.419,4.248,0.691,0.641,1.086,0.206,0.794,0.816,0.450
1458,48.600,0.000,8.944,0.000,-45.645,1,0,1,0.000,1.446,5,1,0.759,3,0.000,4330.814,0.833,0.419,3.867,0.849,0.645,3.073,0.222,0.778,0.595,0.750
1461,48.700,0.000,0.000,0.000,0.000,0,0,0,0.000,0.000,5,0,0.793,0,0.000,4330.814,0.800,0.419,3.140,0.903,0.551,0.261,0.218,0.782,0.281,0.650
1464,48.800,0.000,0.000,0.000,0.000,0,0,0,0.000,0.000,5,0,0.793,0,0.000,4330.814,0.767,0.419,2.467,0.397,0.404,2.718,0.191,0.809,0.296,0.580
1467,48.900,0.000,32.016,0.000,23.071,1,0,1,0.000,1.456,4,1,0.759,3,0.000,3876.810,0.800,0.399,2.136,0.722,0.342,0.685,0.164,0.836,0.712,0.750
1470,49.000,0.000,32.249,0.000,0.233,1,0,1,0.000,1.431,4,0,0.759,3,68.250,3582.635,0.833,0.399,2.251,0.759,0.295,1.131,0.175,0.825,0.717,0.350
1473,49.100,0.000,0.000,0.000,0.000,0,0,0,0.000,0.000,4,0,0.759,0,68.250,3582.635,0.833,0.399,1.132,0.741,0.057,0.487,0.145,0.855,0.246,0.650
1476,49.200,0.000,16.279,0.000,-15.970,1,0,1,0.000,1.584,5,1,0.724,3,102.181,2924.024,0.867,0.397,1.714,0.933,0.128,0.368,0.166,0.834,0.580,0.750
1479,49.300,0.000,31.828,0.000,15.549,1,0,1,0.000,1.722,5,0,0.724,3,54.571,2579.065,0.867,0.397,1.726,0.925,0.063,0.324,0.182,0.818,0.667,0.350
1482,49.400,0.000,10.198,0.000,-21.630,1,0,1,0.000,1.985,4,1,0.724,2,5.831,2442.744,0.867,0.406,0.920,0.908,0.289,0.641,0.139,0.861,0.510,0.750
1485,49.500,0.000,0.000,0.000,0.000,0,0,0,0.000,0.000,5,1,0.690,0,5.831,2442.744,0.833,0.406,2.543,0.948,0.108,0.056,0.191,0.809,0.267,0.750
1488,49.600,0.000,0.000,0.000,0.000,0,0,0,0.000,0.000,5,0,0.690,0,5.831,2442.744,0.800,0.406,2.735,0.911,0.124,0.811,0.210,0.790,0.271,0.580
1491,49.700,0.000,0.000,0.000,0.000,0,0,0,0.000,0.000,5,0,0.690,0,5.831,2442.744,0.767,0.406,4.324,0.875,0.227,0.042,0.219,0.781,0.309,0.580
1494,49.800,0.000,0.000,0.000,0.000,0,0,0,0.000,0.000,5,0,0.690,0,5.831,2442.744,0.733,0.406,3.961,0.948,0.472,0.296,0.227,0.773,0.291,0.580
1497,49.900,0.000,0.000,0.000,0.000,0,0,0,0.000,0.000,5,0,0.690,0,5.831,2442.744,0.700,0.406,3.681,0.926,0.595,0.158,0.224,0.776,0.281,0.580
1500,50.000,0.000,0.000,0.000,0.000,0,0,0,0.000,0.000,5,0,0.690,0,5.831,2442.744,0.667,0.406,1.070,0.136,0.666,1.223,0.150,0.850,0.267,0.580
1503,50.100,0.000,0.000,0.000,0.000,0,0,0,0.000,0.000,5,0,0.690,0,5.831,2442.744,0.633,0.406,1.199,0.900,0.905,1.119,0.168,0.832,0.213,0.580
1506,50.200,0.000,0.000,0.000,0.000,0,0,0,0.000,0.000,5,0,0.690,0,5.831,2442.744,0.600,0.406,2.957,0.805,1.021,0.357,0.210,0.790,0.260,0.580
1509,50.300,0.000,0.000,0.000,0.000,0,0,0,0.000,0.000,5,0,0.724,0,5.831,2442.744,0.567,0.406,4.002,0.811,0.968,2.345,0.205,0.795,0.281,0.580
1512,50.400,0.000,0.000,0.000,0.000,0,0,0,0.000,0.000,3,1,0.690,0,5.831,2442.744,0.533,0.406,3.019,0.892,0.862,0.941,0.208,0.792,0.147,0.750
1515,50.500,0.000,45.618,0.000,35.420,1,0,1,0.000,1.931,3,0,0.690,2,0.000,2009.650,0.533,0.288,2.098,0.877,0.791,1.093,0.197,0.803,0.625,0.650
1518,50.600,0.000,0.000,0.000,0.000,0,0,0,0.000,0.000,3,0,0.724,0,0.000,2009.650,0.500,0.288,1.242,0.541,0.676,2.057,0.149,0.851,0.123,0.650
1521,50.700,0.000,8.062,0.000,-37.556,1,0,1,0.000,2.154,5,1,0.690,2,13.454,1765.219,0.500,0.292,1.100,0.771,0.474,2.167,0.150,0.850,0.450,0.750
1524,50.800,0.000,0.000,0.000,0.000,0,0,0,0.000,0.000,4,1,0.655,0,13.454,1765.219,0.467,0.292,0.904,0.651,0.499,0.185,0.147,0.853,0.203,0.750
1527,50.900,0.000,9.434,0.000,1.372,1,0,1,0.000,2.466,5,1,0.655,2,5.000,1550.367,0.467,0.302,0.982,0.535,0.525,2.105,0.124,0.876,0.467,0.750
1530,51.000,0.000,16.279,0.000,6.845,1,0,1,0.000,2.319,3,1,0.621,2,28.601,449.450,0.467,0.302,1.140,0.780,0.383,1.257,0.146,0.854,0.540,0.750
1533,51.100,0.000,0.000,0.000,0.000,0,0,0,0.000,0.000,3,0,0.621,0,28.601,449.450,0.433,0.302,1.097,0.662,0.453,0.111,0.161,0.839,0.203,0.650
1536,51.200,0.000,0.000,0.000,0.000,0,0,0,0.000,0.000,4,1,0.621,0,28.601,449.450,0.400,0.302,2.984,0.876,0.450,1.111,0.179,0.821,0.231,0.750
1539,51.300,0.000,114.495,0.000,98.216,1,0,1,0.000,2.421,4,0,0.621,3,91.269,593.359,0.433,0.309,3.981,0.643,0.539,1.041,0.200,0.800,0.792,0.650
1542,51.400,0.000,68.731,0.000,-45.763,1,0,1,0.000,2.191,4,0,0.621,3,91.269,593.359,0.433,0.309,5.099,0.773,0.560,2.166,0.203,0.797,0.810,0.550
1545,51.500,0.000,32.388,0.000,-36.343,1,0,1,0.000,1.872,4,0,0.655,3,96.047,761.479,0.433,0.309,4.530,0.544,0.495,0.399,0.188,0.812,0.742,0.534
1548,51.600,0.000,0.000,0.000,0.000,0,0,0,0.000,0.000,4,0,0.655,0,96.047,761.479,0.400,0.309,4.191,0.644,0.083,1.868,0.135,0.865,0.278,0.650
1551,51.700,0.000,0.000,0.000,0.000,0,0,0,0.000,0.000,4,0,0.655,0,96.047,761.479,0.400,0.309,4.382,0.721,0.276,1.642,0.209,0.791,0.277,0.580
1554,51.800,0.000,0.000,0.000,0.000,0,0,0,0.000,0.000,4,0,0.690,0,96.047,761.479,0.400,0.309,5.924,0.848,0.381,2.128,0.219,0.781,0.307,0.580
1557,51.900,496.456,0.000,477.668,0.000,1,1,0,0.000,0.857,5,1,0.655,3,263.097,1883.358,0.400,0.316,3.857,0.891,0.376,0.539,0.187,0.813,0.740,0.750
1560,52.000,0.000,487.009,0.000,454.621,1,0,1,0.000,1.771,5,0,0.655,3,10.770,3882.907,0.400,0.316,0.879,0.658,0.372,0.684,0.124,0.876,0.682,0.500
1563,52.100,0.000,1.414,0.000,-485.595,1,0,1,0.000,1.558,5,0,0.690,3,7.616,4666.594,0.433,0.316,0.879,0.514,0.308,3.095,0.125,0.875,0.454,0.580
1566,52.200,0.000,0.000,0.000,0.000,0,0,0,0.000,0.000,6,0,0.690,0,7.616,4666.594,0.400,0.316,3.579,0.734,0.282,0.621,0.188,0.812,0.256,0.650
1569,52.300,0.000,0.000,0.000,0.000,0,0,0,0.000,0.000,6,0,0.724,0,7.616,4666.594,0.367,0.316,4.377,0.888,0.451,0.283,0.197,0.803,0.261,0.580
1572,52.400,0.000,0.000,0.000,0.000,0,0,0,0.000,0.000,6,0,0.759,0,7.616,4666.594,0.333,0.316,2.094,0.377,0.669,2.761,0.121,0.879,0.236,0.580
1575,52.500,0.000,0.000,0.000,0.000,0,0,0,0.000,0.000,4,1,0.724,0,7.616,4666.594,0.333,0.316,1.699,0.737,0.729,1.779,0.165,0.835,0.201,0.750
1578,52.600,0.000,0.000,0.000,0.000,0,0,0,0.000,0.000,4,0,0.724,0,7.616,4666.594,0.333,0.316,3.205,0.584,0.812,2.818,0.186,0.814,0.249,0.580
1581,52.700,0.000,0.000,0.000,0.000,0,0,0,0.000,0.000,4,0,0.724,0,7.616,4666.594,0.333,0.316,2.041,0.290,0.991,1.327,0.167,0.833,0.241,0.580
1584,52.800,0.000,0.000,0.000,0.000,0,0,0,0.000,0.000,3,1,0.690,0,7.616,4666.594,0.333,0.316,4.246,0.847,1.109,3.029,0.206,0.794,0.157,0.750
1587,52.900,0.000,0.000,0.000,0.000,0,0,0,0.000,0.000,3,0,0.690,0,7.616,4666.594,0.333,0.316,7.820,0.895,1.121,0.264,0.231,0.769,0.243,0.580
1590,53.000,0.000,0.000,0.000,0.000,0,0,0,0.000,0.000,3,0,0.690,0,7.616,4666.594,0.333,0.316,5.750,0.842,1.043,0.591,0.216,0.784,0.195,0.580
1593,53.100,0.000,0.000,0.000,0.000,0,0,0,0.000,0.000,5,1,0.655,0,7.616,4666.594,0.333,0.316,7.669,0.879,0.876,1.412,0.196,0.804,0.340,0.750
1596,53.200,0.000,0.000,0.000,0.000,0,0,0,0.000,0.000,5,0,0.655,0,7.616,4666.594,0.333,0.316,9.166,0.902,0.884,0.073,0.200,0.800,0.347,0.580
1599,53.300,0.000,0.000,0.000,0.000,0,0,0,0.000,0.000,5,0,0.690,0,7.616,4666.594,0.333,0.316,9.435,0.897,0.995,0.048,0.217,0.783,0.347,0.580
1602,53.400,0.000,0.000,0.000,0.000,0,0,0,0.000,0.000,3,1,0.655,0,7.616,4666.594,0.333,0.316,10.704,0.784,0.954,0.021,0.208,0.792,0.255,0.750
1605,53.500,0.000,0.000,0.000,0.000,0,0,0,0.000,0.000,3,0,0.655,0,7.616,4666.594,0.300,0.316,11.732,0.722,1.179,0.000,0.217,0.783,0.255,0.580
1608,53.600,0.000,0.000,0.000,0.000,0,0,0,0.000,0.000,3,0,0.690,0,7.616,4666.594,0.300,0.316,14.412,0.691,1.593,0.087,0.232,0.768,0.258,0.700
1611,53.700,0.000,0.000,0.000,0.000,0,0,0,0.000,0.000,3,0,0.724,0,7.616,4666.594,0.267,0.316,12.128,0.326,2.090,0.141,0.229,0.771,0.279,0.700
1614,53.800,0.000,0.000,0.000,0.000,0,0,0,0.000,0.000,3,0,0.759,0,7.616,4666.594,0.267,0.316,14.866,0.348,2.384,0.653,0.247,0.753,0.278,0.700
1617,53.900,0.000,0.000,0.000,0.000,0,0,0,0.000,0.000,3,0,0.793,0,7.616,4666.594,0.233,0.316,16.695,0.720,2.748,0.109,0.240,0.760,0.248,0.700
1620,54.000,0.000,0.000,0.000,0.000,0,0,0,0.000,0.000,3,0,0.793,0,7.616,4666.594,0.200,0.316,14.883,0.688,3.441,0.046,0.251,0.749,0.246,0.700
1623,54.100,0.000,0.000,0.000,0.000,0,0,0,0.000,0.000,3,0,0.828,0,7.616,4666.594,0.200,0.316,17.788,0.780,4.080,0.558,0.251,0.749,0.239,0.700
1626,54.200,0.000,0.000,0.000,0.000,0,0,0,0.000,0.000,3,0,0.828,0,7.616,4666.594,0.200,0.316,21.733,0.815,4.982,0.184,0.255,0.745,0.237,0.700
1629,54.300,0.000,0.000,0.000,0.000,0,0,0,0.000,0.000,3,0,0.828,0,7.616,4666.594,0.167,0.316,21.289,0.788,5.781,0.142,0.264,0.736,0.235,0.700
1632,54.400,0.000,0.000,0.000,0.000,0,0,0,0.000,0.000,3,0,0.828,0,7.616,4666.594,0.133,0.316,19.416,0.633,6.499,0.111,0.245,0.755,0.242,0.700
1635,54.500,0.000,0.000,0.000,0.000,0,0,0,0.000,0.000,3,0,0.828,0,7.616,4666.594,0.100,0.316,17.909,0.662,5.656,0.083,0.236,0.764,0.236,0.700
1638,54.600,0.000,0.000,0.000,0.000,0,0,0,0.000,0.000,3,0,0.828,0,7.616,4666.594,0.100,0.316,13.877,0.615,5.843,0.022,0.225,0.775,0.239,0.700
1641,54.700,0.000,0.000,0.000,0.000,0,0,0,0.000,0.000,3,0,0.828,0,7.616,4666.594,0.100,0.316,12.513,0.652,5.246,2.075,0.213,0.787,0.236,0.700
1644,54.800,0.000,0.000,0.000,0.000,0,0,0,0.000,0.000,3,0,0.862,0,7.616,4666.594,0.100,0.316,8.818,0.728,4.423,1.233,0.195,0.805,0.231,0.700
1647,54.900,0.000,0.000,0.000,0.000,0,0,0,0.000,0.000,4,1,0.828,0,7.616,4666.594,0.067,0.316,6.536,0.651,3.858,0.743,0.167,0.833,0.296,0.750
1650,55.000,0.000,0.000,0.000,0.000,0,0,0,0.000,0.000,4,0,0.828,0,7.616,4666.594,0.033,0.316,5.464,0.521,3.150,0.455,0.190,0.810,0.274,0.700
1653,55.100,0.000,0.000,0.000,0.000,0,0,0,0.000,0.000,4,0,0.828,0,7.616,4666.594,0.000,0.316,6.713,0.764,2.607,0.967,0.208,0.792,0.284,0.700
1656,55.200,0.000,0.000,0.000,0.000,0,0,0,0.000,0.000,4,0,0.828,0,7.616,4666.594,0.000,0.316,6.369,0.802,1.969,0.395,0.214,0.786,0.273,0.700
1659,55.300,0.000,0.000,0.000,0.000,0,0,0,0.000,0.000,4,0,0.828,0,7.616,4666.594,0.000,0.316,6.279,0.840,1.653,0.483,0.213,0.787,0.268,0.700
1662,55.400,0.000,0.000,0.000,0.000,0,0,0,0.000,0.000,4,0,0.862,0,7.616,4666.594,0.000,0.316,7.107,0.859,1.220,0.083,0.207,0.793,0.288,0.580
1665,55.500,460.666,0.000,-35.791,0.000,1,1,0,0.000,1.200,4,0,0.862,3,7.616,4666.594,0.033,0.219,8.345,0.688,0.803,0.346,0.206,0.794,0.841,0.650
1668,55.600,20.000,0.000,-440.666,0.000,1,1,0,0.000,1.309,4,0,0.862,3,7.616,4666.594,0.067,0.219,8.272,0.569,0.537,0.155,0.192,0.808,0.714,0.580
1671,55.700,42.059,0.000,22.059,0.000,1,1,0,0.000,1.465,4,0,0.897,2,7.616,4666.594,0.100,0.219,7.914,0.838,0.168,0.117,0.174,0.826,0.775,0.350
1674,55.800,0.000,0.000,0.000,0.000,0,0,0,0.000,0.000,4,0,0.897,0,7.616,4666.594,0.100,0.219,7.569,0.797,0.318,0.292,0.182,0.818,0.315,0.650
1677,55.900,0.000,0.000,0.000,0.000,0,0,0,0.000,0.000,4,0,0.897,0,7.616,4666.594,0.100,0.219,7.512,0.929,0.749,0.054,0.191,0.809,0.305,0.580
1680,56.000,0.000,0.000,0.000,0.000,0,0,0,0.000,0.000,4,0,0.931,0,7.616,4666.594,0.100,0.219,12.083,0.875,1.075,0.179,0.188,0.812,0.321,0.580
1683,56.100,0.000,0.000,0.000,0.000,0,0,0,0.000,0.000,4,0,0.931,0,7.616,4666.594,0.100,0.219,11.396,0.795,1.462,0.037,0.197,0.803,0.326,0.700
1686,56.200,0.000,0.000,0.000,0.000,0,0,0,0.000,0.000,4,0,0.931,0,7.616,4666.594,0.100,0.219,10.614,0.926,1.766,0.223,0.208,0.792,0.317,0.700
1689,56.300,0.000,0.000,0.000,0.000,0,0,0,0.000,0.000,4,0,0.966,0,7.616,4666.594,0.100,0.219,10.723,0.885,1.987,0.190,0.220,0.780,0.320,0.700
1692,56.400,0.000,0.000,0.000,0.000,0,0,0,0.000,0.000,4,0,0.966,0,7.616,4666.594,0.100,0.219,10.185,0.837,1.905,0.031,0.215,0.785,0.323,0.700
1695,56.500,0.000,0.000,0.000,0.000,0,0,0,0.000,0.000,4,0,0.966,0,7.616,4666.594,0.100,0.219,9.856,0.900,1.570,0.138,0.211,0.789,0.319,0.700
1698,56.600,0.000,0.000,0.000,0.000,0,0,0,0.000,0.000,4,0,0.966,0,7.616,4666.594,0.100,0.219,8.544,0.937,1.228,0.189,0.221,0.779,0.316,0.580
1701,56.700,0.000,0.000,0.000,0.000,0,0,0,0.000,0.000,4,0,0.966,0,7.616,4666.594,0.100,0.219,6.325,0.933,1.012,0.024,0.194,0.806,0.275,0.580
1704,56.800,0.000,0.000,0.000,0.000,0,0,0,0.000,0.000,4,0,0.966,0,7.616,4666.594,0.100,0.219,6.567,0.937,0.880,0.153,0.210,0.790,0.281,0.580
1707,56.900,0.000,0.000,0.000,0.000,0,0,0,0.000,0.000,4,0,0.966,0,7.616,4666.594,0.100,0.219,5.411,0.890,0.734,0.113,0.186,0.814,0.255,0.580
1710,57.000,0.000,0.000,0.000,0.000,0,0,0,0.000,0.000,4,1,0.931,0,7.616,4666.594,0.100,0.219,7.095,0.943,0.632,0.266,0.197,0.803,0.293,0.750
1713,57.100,0.000,0.000,0.000,0.000,0,0,0,0.000,0.000,4,0,0.931,0,7.616,4666.594,0.100,0.219,4.812,0.925,0.567,0.004,0.179,0.821,0.238,0.580
1716,57.200,0.000,0.000,0.000,0.000,0,0,0,0.000,0.000,4,0,0.931,0,7.616,4666.594,0.100,0.219,4.186,0.837,0.511,0.049,0.174,0.826,0.228,0.580
1719,57.300,0.000,0.000,0.000,0.000,0,0,0,0.000,0.000,3,1,0.897,0,7.616,4666.594,0.100,0.219,3.301,0.551,0.445,0.708,0.148,0.852,0.126,0.750
1722,57.400,0.000,0.000,0.000,0.000,0,0,0,0.000,0.000,3,0,0.897,0,7.616,4666.594,0.100,0.219,2.713,0.790,0.388,1.016,0.153,0.847,0.095,0.580
1725,57.500,0.000,0.000,0.000,0.000,0,0,0,0.000,0.000,3,0,0.897,0,7.616,4666.594,0.100,0.219,3.657,0.894,0.352,0.280,0.170,0.830,0.111,0.580
1728,57.600,0.000,0.000,0.000,0.000,0,0,0,0.000,0.000,3,0,0.897,0,7.616,4666.594,0.100,0.219,7.958,0.901,0.551,0.120,0.203,0.797,0.218,0.580
1731,57.700,0.000,0.000,0.000,0.000,0,0,0,0.000,0.000,3,0,0.897,0,7.616,4666.594,0.100,0.219,8.633,0.740,0.666,0.001,0.218,0.782,0.230,0.580
1734,57.800,0.000,0.000,0.000,0.000,0,0,0,0.000,0.000,3,0,0.931,0,7.616,4666.594,0.100,0.219,6.617,0.598,0.746,0.742,0.196,0.804,0.206,0.580
1737,57.900,0.000,0.000,0.000,0.000,0,0,0,0.000,0.000,4,1,0.897,0,7.616,4666.594,0.100,0.219,8.547,0.626,0.907,0.342,0.228,0.772,0.338,0.750
1740,58.000,0.000,0.000,0.000,0.000,0,0,0,0.000,0.000,4,0,0.897,0,7.616,4666.594,0.100,0.219,8.622,0.706,1.082,2.976,0.231,0.769,0.333,0.580
1743,58.100,0.000,0.000,0.000,0.000,0,0,0,0.000,0.000,4,0,0.897,0,7.616,4666.594,0.100,0.219,8.055,0.863,1.367,0.453,0.221,0.779,0.322,0.580
1746,58.200,0.000,0.000,0.000,0.000,0,0,0,0.000,0.000,4,0,0.897,0,7.616,4666.594,0.100,0.219,6.062,0.918,1.514,1.560,0.218,0.782,0.269,0.700
1749,58.300,0.000,0.000,0.000,0.000,0,0,0,0.000,0.000,4,0,0.897,0,7.616,4666.594,0.100,0.219,3.919,0.750,1.519,2.984,0.195,0.805,0.227,0.700
1752,58.400,0.000,0.000,0.000,0.000,0,0,0,0.000,0.000,4,0,0.897,0,7.616,4666.594,0.100,0.219,3.323,0.694,1.654,0.310,0.190,0.810,0.216,0.700
1755,58.500,0.000,0.000,0.000,0.000,0,0,0,0.000,0.000,4,0,0.897,0,7.616,4666.594,0.067,0.219,7.888,0.919,1.531,1.810,0.213,0.787,0.311,0.700
1758,58.600,0.000,0.000,0.000,0.000,0,0,0,0.000,0.000,4,0,0.897,0,7.616,4666.594,0.033,0.219,16.918,0.894,1.427,0.059,0.227,0.773,0.311,0.700
1761,58.700,0.000,0.000,0.000,0.000,0,0,0,0.000,0.000,4,0,0.897,0,7.616,4666.594,0.000,0.219,16.601,0.882,0.803,0.037,0.201,0.799,0.308,0.580
1764,58.800,559.047,0.000,516.987,0.000,1,1,0,0.000,1.639,4,0,0.897,2,7.616,4666.594,0.033,0.231,8.465,0.771,0.277,0.213,0.205,0.795,0.790,0.650
1767,58.900,29.069,0.000,-529.978,0.000,1,1,0,0.000,1.987,4,0,0.897,3,7.616,4666.594,0.067,0.229,11.997,0.906,0.016,0.447,0.195,0.805,0.741,0.450
1770,59.000,32.311,0.000,3.242,0.000,1,1,0,0.000,1.904,4,0,0.897,3,7.616,4666.594,0.100,0.229,11.460,0.816,0.298,0.123,0.190,0.810,0.769,0.350
1773,59.100,16.279,0.000,-16.032,0.000,1,1,0,0.000,1.824,3,1,0.862,2,113.000,4753.824,0.133,0.229,7.193,0.847,0.683,0.101,0.184,0.816,0.547,0.750
1776,59.200,0.000,45.706,0.000,44.291,1,0,1,0.000,1.560,3,0,0.862,2,113.000,4753.824,0.167,0.226,4.796,0.763,0.807,0.112,0.167,0.833,0.656,0.628
1779,59.300,0.000,609.094,0.000,588.479,2,0,1,609.094,1.587,3,0,0.862,4,113.000,4753.824,0.200,0.226,2.442,0.468,0.805,2.034,0.124,0.876,0.732,0.650
1782,59.400,0.000,595.552,0.000,5.196,2,0,1,595.552,1.886,3,0,0.862,4,113.000,4753.824,0.233,0.224,1.782,0.353,0.890,0.274,0.108,0.892,0.728,0.628
1785,59.500,0.000,15.033,0.000,-580.519,1,0,1,0.000,2.144,3,0,0.862,2,113.000,4753.824,0.267,0.224,2.197,0.596,0.792,0.652,0.096,0.904,0.449,0.650
1788,59.600,0.000,26.683,0.000,11.650,1,0,1,0.000,1.965,3,0,0.862,2,113.000,4753.824,0.300,0.224,2.968,0.726,0.667,0.110,0.117,0.883,0.528,0.628
1791,59.700,0.000,609.139,0.000,604.040,2,0,1,609.139,2.179,3,0,0.862,4,103.446,5110.047,0.333,0.207,4.270,0.622,0.523,0.920,0.136,0.864,0.783,0.650
1794,59.800,0.000,611.904,0.000,2.765,1,0,1,0.000,2.427,3,0,0.862,2,103.446,5110.047,0.367,0.205,3.841,0.699,0.472,0.179,0.158,0.842,0.661,0.650
1797,59.900,0.000,5.099,0.000,-606.805,1,0,1,0.000,2.250,3,0,0.897,2,103.446,5110.047,0.400,0.205,2.676,0.038,0.539,0.204,0.127,0.873,0.461,0.580
1800,60.000,0.000,10.440,0.000,5.341,1,0,1,0.000,1.871,4,1,0.862,2,103.446,5110.047,0.433,0.201,2.635,0.775,0.558,0.240,0.117,0.883,0.512,0.750
1803,60.100,0.000,5.099,0.000,-5.341,1,0,1,0.000,1.543,4,0,0.862,2,103.446,5110.047,0.467,0.203,2.145,0.794,0.364,1.179,0.118,0.882,0.472,0.580
1806,60.200,0.000,59.682,0.000,52.402,2,0,1,59.682,1.684,4,0,0.897,4,103.446,5110.047,0.500,0.201,5.512,0.911,0.285,0.919,0.152,0.848,0.914,0.650
1809,60.300,0.000,51.478,0.000,-8.204,1,0,1,0.000,1.868,4,0,0.897,2,103.446,5110.047,0.533,0.203,3.221,0.723,0.610,1.108,0.163,0.837,0.734,0.650
1812,60.400,0.000,19.000,0.000,-32.478,1,0,1,0.000,1.724,4,0,0.897,3,103.446,5110.047,0.567,0.198,4.962,0.881,0.805,1.165,0.181,0.819,0.671,0.580
1815,60.500,0.000,18.028,0.000,-0.972,1,0,1,0.000,1.375,4,0,0.897,2,103.446,5110.047,0.600,0.198,7.920,0.718,1.109,0.494,0.167,0.833,0.710,0.580
1818,60.600,0.000,17.493,0.000,-0.535,1,0,1,0.000,1.264,3,1,0.862,1,103.446,5110.047,0.633,0.200,5.022,0.795,1.357,0.347,0.155,0.845,0.503,0.750
1821,60.700,0.000,12.369,0.000,-5.124,1,0,1,0.000,1.350,3,0,0.862,1,103.446,5110.047,0.667,0.200,2.798,0.804,1.375,1.066,0.146,0.854,0.422,0.580
1824,60.800,0.000,62.177,0.000,57.177,2,0,1,62.177,1.445,3,0,0.897,2,103.446,5110.047,0.700,0.202,3.710,0.620,1.295,0.786,0.142,0.858,0.753,0.650
1827,60.900,0.000,26.077,0.000,-36.100,1,0,1,0.000,1.280,4,1,0.862,2,103.446,5110.047,0.733,0.187,4.577,0.550,1.123,1.203,0.160,0.840,0.699,0.750
1830,61.000,715.145,0.000,698.867,0.000,1,1,0,0.000,1.855,4,0,0.862,2,103.446,5110.047,0.767,0.187,2.389,0.473,0.903,2.481,0.107,0.893,0.759,0.575
1833,61.100,0.000,0.000,0.000,0.000,0,0,0,0.000,0.000,4,0,0.862,0,103.446,5110.047,0.767,0.187,3.844,0.802,0.768,0.669,0.145,0.855,0.302,0.650
1836,61.200,804.523,0.000,89.378,0.000,1,1,0,0.000,1.859,3,1,0.828,2,103.446,5110.047,0.800,0.193,3.486,0.721,0.666,1.914,0.135,0.865,0.703,0.750
1839,61.300,21.541,0.000,-782.983,0.000,1,1,0,0.000,1.957,3,0,0.828,1,103.446,5110.047,0.833,0.193,4.704,0.838,0.645,0.705,0.168,0.832,0.539,0.580
1842,61.400,16.553,0.000,-4.988,0.000,1,1,0,0.000,1.911,3,0,0.828,1,103.446,5110.047,0.867,0.195,3.509,0.738,0.632,1.627,0.140,0.860,0.492,0.580
1845,61.500,24.083,0.000,7.530,0.000,1,1,0,0.000,1.633,4,1,0.793,2,103.446,5110.047,0.900,0.463,3.123,0.327,0.608,1.476,0.103,0.897,0.687,0.750
1848,61.600,50.488,0.000,26.404,0.000,1,1,0,0.000,1.274,4,0,0.793,1,103.446,5110.047,0.933,0.463,4.360,0.680,0.518,0.764,0.286,0.714,0.768,0.575
1851,61.700,0.000,0.000,0.000,0.000,0,0,0,0.000,0.000,4,0,0.793,0,103.446,5110.047,0.933,0.463,3.451,0.763,0.342,0.075,0.193,0.807,0.315,0.650
1854,61.800,121.495,0.000,71.007,0.000,1,1,0,0.000,1.518,4,1,0.759,3,103.446,5110.047,0.933,0.457,6.181,0.729,0.274,0.664,0.188,0.812,0.900,0.750
1857,61.900,43.863,0.000,-77.631,0.000,1,1,0,0.000,1.610,4,0,0.759,3,103.446,5110.047,0.933,0.457,4.242,0.821,0.109,0.257,0.195,0.805,0.839,0.580
1860,62.000,59.615,0.000,15.752,0.000,1,1,0,0.000,1.531,4,0,0.793,3,103.446,5110.047,0.933,0.457,4.921,0.716,0.033,0.192,0.230,0.770,0.870,0.575
1863,62.100,16.279,0.000,-43.337,0.000,1,1,0,0.000,1.167,5,1,0.759,3,103.446,5110.047,0.933,0.457,1.923,0.697,0.065,0.329,0.141,0.859,0.610,0.750
1866,62.200,15.133,0.000,-1.146,0.000,1,1,0,0.000,1.241,5,0,0.759,3,103.446,5110.047,0.933,0.457,1.599,0.571,0.034,1.620,0.090,0.910,0.604,0.580
1869,62.300,33.015,0.000,17.882,0.000,1,1,0,0.000,1.112,5,0,0.759,3,103.446,5110.047,0.933,0.457,2.039,0.716,0.068,0.337,0.115,0.885,0.704,0.580
1872,62.400,0.000,0.000,0.000,0.000,0,0,0,0.000,0.000,5,0,0.759,0,103.446,5110.047,0.900,0.457,2.482,0.799,0.056,0.861,0.150,0.850,0.284,0.650
1875,62.500,0.000,0.000,0.000,0.000,0,0,0,0.000,0.000,5,0,0.759,0,103.446,5110.047,0.867,0.457,4.901,0.839,0.277,0.714,0.183,0.817,0.338,0.580
1878,62.600,0.000,0.000,0.000,0.000,0,0,0,0.000,0.000,5,0,0.759,0,103.446,5110.047,0.833,0.457,7.187,0.879,0.175,0.083,0.196,0.804,0.388,0.580
1881,62.700,0.000,0.000,0.000,0.000,0,0,0,0.000,0.000,4,1,0.724,0,103.446,5110.047,0.800,0.457,4.311,0.935,0.065,0.254,0.191,0.809,0.308,0.750
1884,62.800,0.000,0.000,0.000,0.000,0,0,0,0.000,0.000,4,0,0.724,0,103.446,5110.047,0.767,0.457,5.418,0.866,0.009,2.562,0.201,0.799,0.337,0.580
1887,62.900,0.000,0.000,0.000,0.000,0,0,0,0.000,0.000,4,0,0.759,0,103.446,5110.047,0.733,0.457,5.151,0.833,0.002,0.025,0.213,0.787,0.328,0.580
1890,63.000,0.000,0.000,0.000,0.000,0,0,0,0.000,0.000,5,1,0.724,0,103.446,5110.047,0.700,0.457,4.034,0.823,0.040,0.069,0.204,0.796,0.297,0.750
1893,63.100,528.024,0.000,495.009,0.000,1,1,0,0.000,1.342,5,0,0.724,4,0.000,5039.844,0.700,0.339,5.242,0.858,0.060,0.102,0.216,0.784,0.849,0.650
1896,63.200,59.808,0.000,-468.216,0.000,1,1,0,0.000,1.381,5,0,0.724,4,0.000,5686.219,0.700,0.339,2.698,0.854,0.003,0.508,0.152,0.848,0.786,0.450
1899,63.300,57.000,0.000,-2.808,0.000,1,1,0,0.000,1.171,4,1,0.690,3,79.158,6298.624,0.700,0.339,2.281,0.092,0.065,2.595,0.102,0.898,0.820,0.750
1902,63.400,0.000,0.000,0.000,0.000,0,0,0,0.000,0.000,4,0,0.690,0,79.158,6298.624,0.667,0.339,5.627,0.755,0.275,2.774,0.205,0.795,0.338,0.650
1905,63.500,0.000,0.000,0.000,0.000,0,0,0,0.000,0.000,4,0,0.724,0,79.158,6298.624,0.633,0.339,4.737,0.825,0.173,0.241,0.189,0.811,0.307,0.580
1908,63.600,604.368,0.000,547.368,0.000,1,1,0,0.000,1.277,4,1,0.690,3,79.158,6298.624,0.633,0.337,3.425,0.793,0.049,2.631,0.186,0.814,0.791,0.750
1911,63.700,57.489,0.000,-546.879,0.000,1,1,0,0.000,1.502,4,0,0.690,3,79.158,6298.624,0.633,0.337,4.362,0.703,0.251,0.500,0.174,0.826,0.821,0.450
1914,63.800,42.426,0.000,-15.063,0.000,1,1,0,0.000,1.581,4,0,0.724,3,79.158,6298.624,0.633,0.337,3.796,0.673,0.456,1.765,0.140,0.860,0.795,0.580
1917,63.900,59.169,673.573,16.743,647.496,2,1,1,46.872,1.277,3,1,0.690,2,79.158,6298.624,0.633,0.337,3.740,0.801,0.614,0.291,0.160,0.840,0.733,0.750
1920,64.000,11.045,4.123,-48.124,-669.449,2,1,1,40.000,1.554,3,0,0.690,4,79.158,6298.624,0.633,0.337,4.077,0.920,0.794,0.431,0.161,0.839,0.605,0.580
1923,64.100,32.757,0.000,21.711,0.000,1,1,0,0.000,1.296,3,0,0.724,2,79.158,6298.624,0.667,0.330,2.896,0.897,0.608,0.320,0.132,0.868,0.592,0.650
1926,64.200,14.318,0.000,-18.439,0.000,1,1,0,0.000,1.562,4,1,0.690,3,79.158,6298.624,0.667,0.324,2.904,0.839,0.161,0.249,0.144,0.856,0.608,0.750
1929,64.300,0.000,0.000,0.000,0.000,0,0,0,0.000,0.000,4,0,0.690,0,79.158,6298.624,0.633,0.324,3.030,0.713,0.064,0.808,0.165,0.835,0.272,0.650
1932,64.400,0.000,0.000,0.000,0.000,0,0,0,0.000,0.000,4,0,0.724,0,79.158,6298.624,0.600,0.324,1.707,0.807,0.070,1.020,0.110,0.890,0.228,0.580
1935,64.500,0.000,0.000,0.000,0.000,0,0,0,0.000,0.000,4,0,0.724,0,79.158,6298.624,0.567,0.324,3.722,0.891,0.284,0.938,0.162,0.838,0.269,0.580
1938,64.600,0.000,0.000,0.000,0.000,0,0,0,0.000,0.000,4,0,0.724,0,79.158,6298.624,0.533,0.324,3.314,0.912,0.340,0.032,0.151,0.849,0.253,0.580
1941,64.700,0.000,0.000,0.000,0.000,0,0,0,0.000,0.000,4,0,0.759,0,79.158,6298.624,0.533,0.324,1.394,0.569,0.454,1.215,0.092,0.908,0.229,0.580
1944,64.800,0.000,0.000,0.000,0.000,0,0,0,0.000,0.000,5,1,0.724,0,79.158,6298.624,0.500,0.324,1.022,0.854,0.467,0.563,0.083,0.917,0.196,0.750
1947,64.900,0.000,0.000,0.000,0.000,0,0,0,0.000,0.000,5,0,0.724,0,79.158,6298.624,0.467,0.324,1.093,0.842,0.365,1.128,0.080,0.920,0.194,0.580
1950,65.000,0.000,0.000,0.000,0.000,0,0,0,0.000,0.000,5,0,0.759,0,79.158,6298.624,0.433,0.324,3.318,0.930,0.593,0.459,0.157,0.843,0.240,0.580
1953,65.100,266.918,0.000,252.600,0.000,1,1,0,0.000,1.764,4,1,0.724,3,79.158,6298.624,0.433,0.303,2.989,0.843,0.646,0.684,0.139,0.861,0.753,0.750
1956,65.200,72.201,0.000,-194.716,0.000,1,1,0,0.000,1.761,4,0,0.724,3,79.158,6298.624,0.433,0.294,2.292,0.469,0.765,1.524,0.097,0.903,0.761,0.550
1959,65.300,46.239,0.000,-25.963,0.000,1,1,0,0.000,1.548,4,0,0.724,3,186.593,8408.644,0.433,0.288,3.100,0.581,1.076,0.373,0.111,0.889,0.774,0.750
1962,65.400,20.396,0.000,-25.842,0.000,1,1,0,0.000,1.465,4,0,0.724,3,10.817,8410.388,0.467,0.278,2.779,0.732,1.308,0.408,0.086,0.914,0.623,0.580
1965,65.500,11.402,0.000,-8.994,0.000,1,1,0,0.000,1.555,4,0,0.724,3,7.211,8384.994,0.500,0.278,2.338,0.945,1.530,0.056,0.102,0.898,0.551,0.700
1968,65.600,2.828,0.000,-8.573,0.000,1,1,0,0.000,1.478,4,0,0.759,2,2.236,7851.669,0.533,0.278,1.442,0.854,1.585,0.119,0.082,0.918,0.446,0.700
1971,65.700,15.133,0.000,12.304,0.000,1,1,0,0.000,1.545,5,1,0.724,3,23.195,7376.867,0.567,0.278,2.392,0.933,1.725,0.518,0.109,0.891,0.555,0.750
1974,65.800,48.847,0.000,33.714,0.000,1,1,0,0.000,1.266,5,0,0.724,3,21.932,6518.304,0.600,0.278,2.251,0.861,1.593,0.443,0.073,0.927,0.726,0.700
1977,65.900,25.456,0.000,-23.391,0.000,1,1,0,0.000,1.068,5,0,0.759,3,0.000,5453.894,0.633,0.278,1.459,0.663,1.556,1.413,0.085,0.915,0.615,0.700
1980,66.000,12.042,0.000,-13.414,0.000,1,1,0,0.000,0.787,4,1,0.724,3,12.806,5314.254,0.667,0.282,2.166,0.739,1.245,3.123,0.105,0.895,0.584,0.750
1983,66.100,22.136,0.000,10.094,0.000,1,1,0,0.000,0.703,4,0,0.724,3,23.087,4822.814,0.667,0.289,2.160,0.706,1.330,2.810,0.097,0.903,0.643,0.580
1986,66.200,14.866,0.000,-7.270,0.000,1,1,0,0.000,0.683,4,0,0.759,3,23.770,4572.430,0.667,0.289,1.855,0.673,1.406,0.215,0.089,0.911,0.597,0.700
1989,66.300,14.213,0.000,-0.653,0.000,1,1,0,0.000,0.784,4,0,0.759,3,12.806,4416.849,0.667,0.289,1.571,0.737,1.140,0.035,0.123,0.877,0.582,0.580
1992,66.400,4.243,0.000,-9.970,0.000,1,1,0,0.000,0.535,4,0,0.759,3,16.031,3485.738,0.700,0.281,1.617,0.304,0.919,2.368,0.091,0.909,0.562,0.580
1995,66.500,13.416,0.000,9.174,0.000,1,1,0,0.000,0.610,4,0,0.793,3,38.419,1610.300,0.733,0.281,2.121,0.671,0.666,0.238,0.105,0.895,0.604,0.580
1998,66.600,6.000,0.000,-7.416,0.000,1,1,0,0.000,0.634,3,1,0.759,2,0.000,229.734,0.733,0.281,2.132,0.632,0.709,0.451,0.101,0.899,0.450,0.750
2001,66.700,16.763,0.000,10.763,0.000,1,1,0,0.000,0.820,3,0,0.759,2,0.000,136.894,0.733,0.288,3.151,0.878,0.742,0.292,0.106,0.894,0.518,0.580
2004,66.800,0.000,92.315,0.000,88.192,1,0,1,0.000,1.319,3,0,0.793,2,0.000,70.744,0.733,0.288,3.205,0.684,0.594,0.176,0.119,0.881,0.690,0.500
2007,66.900,19.105,0.000,2.342,0.000,1,1,0,0.000,0.783,4,1,0.759,3,0.000,70.127,0.733,0.288,1.978,0.861,0.560,0.166,0.106,0.894,0.618,0.750
2010,67.000,0.000,25.020,0.000,-67.295,1,0,1,0.000,1.315,4,0,0.759,3,59.540,134.829,0.733,0.288,1.923,0.511,0.573,0.214,0.101,0.899,0.674,0.580
2013,67.100,0.000,0.000,0.000,0.000,0,0,0,0.000,0.000,4,0,0.793,0,59.540,134.829,0.700,0.288,1.893,0.695,0.524,0.781,0.093,0.907,0.253,0.650
2016,67.200,0.000,0.000,0.000,0.000,0,0,0,0.000,0.000,3,1,0.759,0,59.540,134.829,0.667,0.288,1.621,0.656,0.354,0.154,0.093,0.907,0.145,0.750
2019,67.300,0.000,0.000,0.000,0.000,0,0,0,0.000,0.000,3,0,0.759,0,59.540,134.829,0.667,0.288,2.960,0.723,0.379,1.490,0.122,0.878,0.173,0.580
2022,67.400,0.000,0.000,0.000,0.000,0,0,0,0.000,0.000,3,0,0.759,0,59.540,134.829,0.667,0.288,2.666,0.623,0.267,0.157,0.123,0.877,0.173,0.580
2025,67.500,0.000,0.000,0.000,0.000,0,0,0,0.000,0.000,3,0,0.759,0,59.540,134.829,0.667,0.288,2.808,0.452,0.148,0.271,0.127,0.873,0.189,0.580
2028,67.600,0.000,569.772,0.000,544.752,1,0,1,0.000,1.246,3,0,0.759,1,59.540,134.829,0.700,0.291,1.378,0.509,0.027,0.692,0.096,0.904,0.593,0.650
2031,67.700,0.000,7.810,0.000,-561.962,1,0,1,0.000,1.371,3,0,0.793,1,59.540,134.829,0.733,0.297,1.999,0.848,0.065,0.712,0.128,0.872,0.382,0.580
2034,67.800,0.000,3.162,0.000,-4.648,1,0,1,0.000,1.224,3,0,0.793,1,59.540,134.829,0.767,0.303,3.663,0.800,0.036,0.315,0.140,0.860,0.405,0.580
2037,67.900,50.329,4.472,31.224,1.310,2,1,1,550.368,1.453,3,0,0.793,3,0.000,127.979,0.800,0.353,1.719,0.841,0.202,0.670,0.100,0.900,0.760,0.650
2040,68.000,0.000,6.000,0.000,1.528,1,0,1,0.000,1.427,3,0,0.828,1,0.000,127.979,0.833,0.353,2.907,0.770,0.172,0.336,0.138,0.862,0.412,0.650
2043,68.100,0.000,2.828,0.000,-3.172,1,0,1,0.000,1.712,3,0,0.828,1,0.000,127.979,0.833,0.361,3.801,0.966,0.459,0.655,0.127,0.873,0.403,0.580
2046,68.200,0.000,8.602,0.000,5.774,1,0,1,0.000,1.593,3,0,0.828,1,0.000,127.979,0.833,0.369,2.483,0.883,0.881,0.265,0.123,0.877,0.408,0.580
2049,68.300,0.000,2.828,0.000,-5.774,1,0,1,0.000,1.532,3,0,0.828,1,0.000,127.979,0.833,0.369,2.366,0.887,0.571,0.538,0.126,0.874,0.373,0.580
2052,68.400,0.000,10.817,0.000,7.988,1,0,1,0.000,1.723,3,0,0.828,1,0.000,127.979,0.833,0.376,3.439,0.720,0.439,0.686,0.124,0.876,0.456,0.580
2055,68.500,0.000,6.083,0.000,-4.734,1,0,1,0.000,1.742,3,0,0.828,0,0.000,127.979,0.800,0.376,1.719,0.908,0.754,0.120,0.105,0.895,0.309,0.580
2058,68.600,0.000,0.000,0.000,0.000,0,0,0,0.000,0.000,3,0,0.862,0,0.000,127.979,0.767,0.376,1.533,0.392,0.783,0.263,0.093,0.907,0.173,0.650
2061,68.700,13.342,0.000,-36.987,0.000,1,1,0,0.000,1.281,4,1,0.828,3,49.000,167.208,0.767,0.377,1.238,0.487,0.715,0.819,0.079,0.921,0.598,0.750
2064,68.800,38.079,0.000,24.737,0.000,1,1,0,0.000,1.216,4,0,0.828,3,67.000,224.058,0.767,0.377,1.435,0.616,0.753,1.177,0.087,0.913,0.731,0.350
2067,68.900,22.361,0.000,-15.718,0.000,1,1,0,0.000,1.276,4,0,0.862,3,0.000,241.744,0.767,0.377,2.782,0.390,0.413,1.683,0.108,0.892,0.693,0.580
2070,69.000,26.476,0.000,4.116,0.000,1,1,0,0.000,1.167,4,0,0.862,3,19.849,259.789,0.767,0.377,1.916,0.521,0.286,0.901,0.103,0.897,0.685,0.580
2073,69.100,46.487,0.000,20.010,0.000,1,1,0,0.000,1.370,4,0,0.862,3,0.000,358.104,0.767,0.377,4.757,0.644,0.087,1.088,0.146,0.854,0.851,0.350
2076,69.200,61.400,0.000,14.914,0.000,1,1,0,0.000,1.175,4,0,0.862,3,34.059,686.050,0.767,0.377,5.226,0.402,0.554,1.392,0.143,0.857,0.880,0.550
2079,69.300,53.141,17.263,-8.259,11.180,2,1,1,518.811,2.023,3,1,0.828,4,67.624,1000.589,0.767,0.369,5.059,0.239,0.910,0.715,0.139,0.861,0.882,0.750
2082,69.400,463.107,520.062,409.966,502.799,2,1,1,464.130,1.749,3,0,0.828,4,0.000,913.219,0.767,0.369,4.477,0.553,0.733,1.264,0.100,0.900,0.845,0.450
2085,69.500,6.325,12.042,-456.782,-508.020,2,1,1,463.027,1.602,3,0,0.862,4,0.000,933.327,0.767,0.369,2.440,0.660,1.012,0.372,0.093,0.907,0.604,0.580
2088,69.600,25.495,19.235,19.171,7.194,2,1,1,457.246,1.432,3,0,0.862,4,69.123,1010.834,0.767,0.362,2.111,0.694,0.870,0.217,0.094,0.906,0.668,0.350
2091,69.700,0.000,425.677,0.000,420.292,2,0,1,425.677,1.534,3,0,0.862,4,162.693,1528.225,0.767,0.362,1.560,0.733,0.475,0.191,0.075,0.925,0.760,0.750
2094,69.800,0.000,416.473,0.000,-20.490,2,0,1,416.473,1.804,3,0,0.897,4,49.163,1367.194,0.767,0.354,1.279,0.626,0.465,0.282,0.064,0.936,0.760,0.350
2097,69.900,0.000,411.666,0.000,-10.049,2,0,1,411.666,2.218,3,0,0.897,3,131.244,1468.918,0.767,0.354,1.045,0.480,0.459,0.435,0.057,0.943,0.765,0.729
2100,70.000,0.000,415.030,0.000,-8.957,2,0,1,415.030,2.690,3,0,0.897,3,130.000,1661.408,0.767,0.354,1.174,0.288,0.087,0.419,0.056,0.944,0.781,0.722
2103,70.100,0.000,412.800,0.000,-7.509,2,0,1,412.800,3.134,2,1,0.897,2,133.881,1677.999,0.800,0.410,0.579,0.710,0.055,0.725,0.037,0.963,0.741,0.750
2106,70.200,0.000,409.161,0.000,-4.295,2,0,1,409.161,3.136,2,0,0.897,2,5.000,1669.225,0.833,0.401,0.302,0.376,0.001,1.598,0.030,0.970,0.761,0.550
2109,70.300,0.000,414.904,0.000,2.218,2,0,1,414.904,3.135,2,0,0.897,2,95.859,1665.669,0.867,0.410,0.251,0.792,0.045,0.004,0.025,0.975,0.735,0.533
2112,70.400,0.000,417.767,0.000,2.863,2,0,1,417.767,3.135,2,0,0.897,2,95.189,1669.477,0.900,0.401,0.418,0.332,0.016,0.071,0.036,0.964,0.775,0.529
2115,70.500,0.000,407.593,0.000,-10.060,2,0,1,407.593,3.135,3,1,0.862,4,0.000,1539.967,0.933,0.399,0.535,0.295,0.215,0.671,0.042,0.958,0.785,0.750
2118,70.600,0.000,414.798,0.000,10.173,2,0,1,414.798,3.132,3,0,0.862,4,0.000,1610.589,0.933,0.399,0.894,0.042,0.255,0.801,0.057,0.943,0.811,0.350
2121,70.700,0.000,399.825,0.000,-12.137,2,0,1,399.825,3.130,3,0,0.862,4,74.250,1390.787,0.933,0.399,1.638,0.249,0.700,0.577,0.076,0.924,0.815,0.350
2124,70.800,0.000,405.094,0.000,9.118,2,0,1,405.094,3.126,3,0,0.862,4,82.280,2028.007,0.933,0.389,1.369,0.499,0.968,1.461,0.078,0.922,0.791,0.550
2127,70.900,0.000,403.609,0.000,8.985,2,0,1,403.609,3.126,3,0,0.862,4,31.016,2236.778,0.933,0.389,1.210,0.595,1.140,0.439,0.076,0.924,0.781,0.350
2130,71.000,462.709,8.062,437.214,-395.546,2,1,1,396.989,2.892,3,0,0.862,4,40.719,2356.559,0.933,0.389,1.174,0.740,1.420,0.251,0.087,0.913,0.770,0.700
2133,71.100,3.000,5.831,-459.709,-2.231,2,1,1,403.174,2.615,2,1,0.828,2,33.422,2285.408,0.933,0.389,0.904,0.659,1.452,0.267,0.070,0.930,0.551,0.750
2136,71.200,3.162,2.236,0.162,-3.595,2,1,1,402.199,2.232,2,0,0.828,2,33.956,2219.950,0.933,0.399,0.657,0.703,1.431,0.026,0.063,0.937,0.527,0.700
2139,71.300,3.606,7.616,0.443,5.380,2,1,1,398.077,2.229,3,1,0.793,4,35.114,2052.734,0.933,0.399,0.796,0.604,1.391,0.032,0.065,0.935,0.562,0.750
2142,71.400,0.000,405.765,0.000,3.883,2,0,1,405.765,1.860,2,1,0.759,2,58.034,1869.107,0.933,0.399,1.122,0.767,1.315,0.028,0.085,0.915,0.766,0.750
2145,71.500,0.000,406.774,0.000,-0.230,2,0,1,406.774,1.861,3,1,0.724,4,0.000,985.194,0.967,0.399,1.120,0.501,1.162,0.057,0.065,0.935,0.789,0.750
2148,71.600,0.000,414.802,0.000,-7.785,2,0,1,414.802,2.374,3,0,0.759,4,86.371,1241.905,1.000,0.399,1.377,0.409,1.119,0.215,0.070,0.930,0.806,0.350
2151,71.700,0.000,421.659,0.000,5.099,2,0,1,421.659,2.762,3,0,0.759,4,81.056,1433.730,1.000,0.399,1.045,0.379,1.000,0.510,0.062,0.938,0.800,0.350
2154,71.800,0.000,432.436,0.000,6.079,2,0,1,432.436,3.134,2,1,0.724,2,89.560,1466.230,1.000,0.408,0.899,0.661,0.891,0.044,0.065,0.935,0.776,0.750
2157,71.900,0.000,424.021,0.000,-2.927,2,0,1,424.021,3.133,2,0,0.724,2,88.057,1472.179,1.000,0.408,0.596,0.804,0.780,0.007,0.055,0.945,0.759,0.350
2160,72.000,0.000,431.856,0.000,6.081,2,0,1,431.856,3.134,3,1,0.690,3,58.412,1674.928,1.000,0.408,0.805,0.645,0.657,0.020,0.070,0.930,0.775,0.750
2163,72.100,0.000,491.074,0.000,21.854,2,0,1,491.074,3.132,3,0,0.690,4,177.553,2074.514,1.000,0.399,4.031,0.361,0.578,0.570,0.072,0.928,0.876,0.750
2166,72.200,131.700,77.369,128.095,-413.705,2,1,1,619.940,2.752,3,0,0.724,4,0.000,2173.264,1.000,0.389,4.505,0.282,0.344,1.477,0.100,0.900,0.893,0.550
2169,72.300,58.549,32.558,-73.151,-44.812,2,1,1,650.739,2.483,4,1,0.690,5,0.000,2200.169,1.000,0.389,4.214,0.180,0.102,1.788,0.101,0.899,0.993,0.750
2172,72.400,41.785,69.007,-16.764,36.450,2,1,1,681.487,2.185,4,0,0.690,5,0.000,1935.620,1.000,0.389,3.276,0.452,0.279,1.807,0.111,0.889,0.950,0.550
2175,72.500,31.780,27.203,-10.005,-41.804,2,1,1,664.332,1.955,4,0,0.690,5,0.000,1529.494,1.000,0.379,3.796,0.629,1.034,0.852,0.135,0.865,0.877,0.580
2178,72.600,647.321,0.000,629.856,0.000,2,1,0,647.321,1.103,3,1,0.655,3,0.000,1452.390,1.000,0.389,3.469,0.776,1.746,1.368,0.137,0.863,0.832,0.750
2181,72.700,0.000,630.202,0.000,602.999,1,0,1,0.000,1.817,3,0,0.655,2,0.000,1355.737,1.000,0.389,2.655,0.881,2.676,0.016,0.131,0.869,0.695,0.700
2184,72.800,638.360,0.000,-8.960,0.000,1,1,0,0.000,1.256,3,0,0.655,2,4.123,1269.275,1.000,0.399,1.484,0.938,3.323,0.247,0.104,0.896,0.661,0.700
2187,72.900,8.062,0.000,-630.298,0.000,1,1,0,0.000,1.188,3,0,0.655,2,0.000,927.957,1.000,0.399,1.351,0.833,3.629,0.868,0.092,0.908,0.460,0.700
2190,73.000,10.440,0.000,2.378,0.000,1,1,0,0.000,1.092,3,0,0.690,2,35.014,808.908,1.000,0.399,1.266,0.868,3.629,0.232,0.089,0.911,0.469,0.700
2193,73.100,26.833,0.000,16.393,0.000,1,1,0,0.000,1.255,3,0,0.690,2,23.087,772.284,1.000,0.399,2.660,0.839,3.686,0.828,0.110,0.890,0.597,0.700
2196,73.200,32.985,0.000,6.152,0.000,1,1,0,0.000,1.114,3,0,0.690,2,154.263,957.119,1.000,0.408,3.025,0.649,3.660,1.157,0.107,0.893,0.653,0.750
2199,73.300,9.220,0.000,-23.765,0.000,1,1,0,0.000,1.442,3,0,0.690,2,23.259,948.694,1.000,0.408,1.611,0.627,4.219,1.266,0.081,0.919,0.488,0.700
2202,73.400,33.242,0.000,24.022,0.000,1,1,0,0.000,1.473,3,0,0.724,2,23.259,948.420,1.000,0.408,2.864,0.807,4.915,0.016,0.075,0.925,0.640,0.700
2205,73.500,8.062,0.000,-25.179,0.000,1,1,0,0.000,1.632,3,0,0.724,2,2.000,945.900,1.000,0.417,0.940,0.614,5.699,0.486,0.065,0.935,0.465,0.700
2208,73.600,0.000,8.062,0.000,-622.139,1,0,1,0.000,1.617,3,0,0.724,2,9.849,940.049,1.000,0.417,0.975,0.868,6.129,0.496,0.060,0.940,0.448,0.700
2211,73.700,9.055,0.000,0.993,0.000,1,1,0,0.000,1.605,3,0,0.724,2,9.000,945.837,1.000,0.426,1.418,0.736,1.627,1.364,0.087,0.913,0.474,0.700
2214,73.800,55.471,0.000,46.415,0.000,1,1,0,0.000,1.463,3,0,0.724,2,0.000,962.719,1.000,0.426,2.223,0.764,0.787,0.222,0.110,0.890,0.692,0.580
2217,73.900,65.734,0.000,10.264,0.000,1,1,0,0.000,1.446,3,0,0.724,2,48.270,1057.094,1.000,0.435,2.112,0.557,0.429,1.196,0.093,0.907,0.704,0.580
2220,74.000,36.125,0.000,-29.610,0.000,1,1,0,0.000,1.238,3,0,0.759,2,47.927,1283.160,1.000,0.435,3.124,0.680,0.257,1.452,0.118,0.882,0.671,0.580
2223,74.100,41.231,0.000,5.106,0.000,1,1,0,0.000,1.312,3,0,0.759,2,47.927,1283.160,1.000,0.435,2.525,0.652,0.093,0.015,0.092,0.908,0.687,0.580
2226,74.200,38.897,0.000,-2.334,0.000,1,1,0,0.000,1.101,3,0,0.793,2,47.927,1283.160,1.000,0.435,3.967,0.790,0.067,0.291,0.140,0.860,0.700,0.580
2229,74.300,49.396,0.000,10.499,0.000,1,1,0,0.000,1.135,3,0,0.828,2,50.567,1414.967,1.000,0.435,4.740,0.887,0.101,0.090,0.166,0.834,0.746,0.580
2232,74.400,64.351,0.000,21.971,0.000,2,1,0,64.351,0.750,3,0,0.862,4,22.000,1456.275,1.000,0.435,5.541,0.965,0.019,0.220,0.167,0.833,0.871,0.650
2235,74.500,63.285,0.000,-1.066,0.000,1,1,0,0.000,0.990,3,0,0.862,2,3.606,1488.949,1.000,0.444,5.863,0.953,0.210,0.020,0.169,0.831,0.770,0.650
2238,74.600,21.633,0.000,-41.652,0.000,1,1,0,0.000,1.230,3,0,0.862,2,17.029,1509.237,1.000,0.444,7.752,0.908,0.427,0.089,0.174,0.826,0.690,0.580
2241,74.700,37.947,0.000,16.314,0.000,1,1,0,0.000,1.180,4,1,0.862,3,17.029,1509.237,1.000,0.453,8.098,0.835,0.622,0.084,0.171,0.829,0.907,0.750
2244,74.800,0.000,109.567,0.000,101.505,1,0,1,0.000,1.496,4,0,0.862,3,31.064,1556.094,1.000,0.453,8.259,0.855,0.800,0.130,0.169,0.831,0.945,0.500
2247,74.900,0.000,35.355,0.000,-74.212,1,0,1,0.000,1.342,4,0,0.897,3,0.000,1407.304,1.000,0.462,9.403,0.868,1.143,0.032,0.175,0.825,0.891,0.580
2250,75.000,83.630,0.000,45.683,0.000,1,1,0,0.000,1.177,4,0,0.897,3,0.000,1337.555,1.000,0.462,5.799,0.770,1.508,0.177,0.153,0.847,0.896,0.700
2253,75.100,26.926,0.000,-56.704,0.000,1,1,0,0.000,1.143,4,0,0.897,3,0.000,1044.334,1.000,0.462,5.221,0.652,1.806,0.326,0.158,0.842,0.789,0.700
2256,75.200,14.000,0.000,-12.926,0.000,1,1,0,0.000,1.088,4,0,0.931,3,0.000,1076.820,1.000,0.462,4.724,0.484,2.189,0.017,0.155,0.845,0.717,0.700
2259,75.300,2.236,0.000,-11.764,0.000,1,1,0,0.000,1.199,4,0,0.931,3,94.133,952.710,1.000,0.462,4.607,0.480,2.794,0.452,0.153,0.847,0.649,0.700
2262,75.400,5.657,0.000,3.421,0.000,1,1,0,0.000,1.072,4,0,0.931,3,96.628,868.574,1.000,0.453,4.508,0.610,3.488,0.290,0.153,0.847,0.656,0.700
2265,75.500,3.000,0.000,-2.657,0.000,1,1,0,0.000,0.781,4,0,0.966,3,97.494,896.745,1.000,0.453,3.790,0.606,3.935,0.095,0.140,0.860,0.624,0.700
2268,75.600,2.236,0.000,-0.764,0.000,1,1,0,0.000,0.589,4,0,0.966,3,99.825,921.075,1.000,0.444,3.381,0.648,4.391,0.299,0.134,0.866,0.607,0.700
2271,75.700,0.000,70.114,0.000,34.759,1,0,1,0.000,1.436,4,0,0.966,3,0.000,873.959,1.000,0.444,2.598,0.364,5.013,0.276,0.127,0.873,0.844,0.700
2274,75.800,14.765,0.000,12.529,0.000,1,1,0,0.000,0.755,4,0,0.966,3,82.541,854.094,1.000,0.435,2.537,0.379,4.027,1.053,0.126,0.874,0.674,0.700
2277,75.900,29.530,0.000,14.765,0.000,1,1,0,0.000,0.731,3,1,0.931,2,158.345,1489.320,1.000,0.435,3.216,0.327,2.935,0.316,0.126,0.874,0.662,0.750
2280,76.000,51.788,0.000,22.258,0.000,1,1,0,0.000,0.681,3,0,0.931,2,93.622,1604.944,1.000,0.435,3.437,0.440,2.082,0.295,0.119,0.881,0.745,0.700
2283,76.100,70.385,0.000,18.597,0.000,1,1,0,0.000,0.719,3,0,0.931,2,36.674,1720.235,1.000,0.435,3.479,0.762,1.516,0.530,0.137,0.863,0.724,0.700
2286,76.200,74.686,0.000,4.301,0.000,1,1,0,0.000,0.670,3,0,0.931,2,25.612,1843.829,1.000,0.435,2.865,0.696,0.851,0.302,0.115,0.885,0.713,0.000
2289,76.300,41.725,0.000,-32.961,0.000,1,1,0,0.000,0.673,3,0,0.931,2,92.228,2026.428,1.000,0.435,2.613,0.746,0.415,1.521,0.107,0.893,0.685,0.580
2292,76.400,23.431,0.000,-18.295,0.000,1,1,0,0.000,0.588,3,0,0.931,2,0.000,2741.707,1.000,0.435,2.756,0.832,0.048,0.310,0.128,0.872,0.581,0.580
2295,76.500,37.802,0.000,14.371,0.000,1,1,0,0.000,0.558,3,0,0.931,2,0.000,3242.789,1.000,0.435,2.563,0.836,0.273,0.179,0.107,0.893,0.656,0.580
2298,76.600,11.180,0.000,-26.622,0.000,1,1,0,0.000,0.495,3,0,0.931,2,0.000,3423.975,1.000,0.435,2.474,0.629,0.494,0.244,0.100,0.900,0.520,0.580
2301,76.700,11.180,0.000,0.000,0.000,1,1,0,0.000,0.583,3,0,0.931,2,12.806,3613.794,1.000,0.444,3.155,0.826,0.727,0.074,0.116,0.884,0.523,0.580
2304,76.800,14.866,0.000,3.686,0.000,1,1,0,0.000,0.558,4,1,0.897,3,0.000,3864.664,1.000,0.444,3.032,0.862,0.938,0.124,0.129,0.871,0.653,0.750
2307,76.900,21.541,0.000,6.675,0.000,1,1,0,0.000,0.578,4,0,0.897,3,0.000,3686.987,1.000,0.435,4.088,0.846,1.130,0.301,0.157,0.843,0.718,0.580
2310,77.000,0.000,0.000,0.000,0.000,0,0,0,0.000,0.000,4,0,0.897,0,0.000,3686.987,0.967,0.435,4.090,0.865,1.333,0.018,0.148,0.852,0.328,0.650
2313,77.100,0.000,0.000,0.000,0.000,0,0,0,0.000,0.000,4,0,0.897,0,0.000,3686.987,0.933,0.435,2.232,0.669,1.383,0.203,0.118,0.882,0.291,0.580
2316,77.200,0.000,0.000,0.000,0.000,0,0,0,0.000,0.000,4,0,0.897,0,0.000,3686.987,0.900,0.435,1.864,0.195,1.526,2.141,0.108,0.892,0.311,0.700
2319,77.300,0.000,0.000,0.000,0.000,0,0,0,0.000,0.000,4,0,0.897,0,0.000,3686.987,0.867,0.435,2.137,0.742,1.407,0.303,0.131,0.869,0.275,0.700
2322,77.400,0.000,0.000,0.000,0.000,0,0,0,0.000,0.000,3,1,0.862,0,0.000,3686.987,0.833,0.435,2.001,0.932,1.249,2.858,0.132,0.868,0.155,0.750
2325,77.500,0.000,0.000,0.000,0.000,0,0,0,0.000,0.000,3,0,0.862,0,0.000,3686.987,0.800,0.435,2.042,0.897,1.169,0.052,0.135,0.865,0.154,0.580
2328,77.600,0.000,0.000,0.000,0.000,0,0,0,0.000,0.000,3,0,0.897,0,0.000,3686.987,0.767,0.435,1.266,0.532,1.113,2.814,0.085,0.915,0.156,0.580
2331,77.700,0.000,0.000,0.000,0.000,0,0,0,0.000,0.000,3,0,0.897,0,0.000,3686.987,0.733,0.435,1.477,0.675,1.090,0.619,0.105,0.895,0.148,0.580
2334,77.800,0.000,0.000,0.000,0.000,0,0,0,0.000,0.000,3,0,0.897,0,0.000,3686.987,0.700,0.435,0.930,0.860,1.035,0.159,0.078,0.922,0.117,0.580
2337,77.900,0.000,0.000,0.000,0.000,0,0,0,0.000,0.000,2,1,0.862,0,0.000,3686.987,0.667,0.435,0.541,0.347,1.018,1.751,0.062,0.938,0.139,0.750
2340,78.000,0.000,0.000,0.000,0.000,0,0,0,0.000,0.000,3,1,0.828,0,0.000,3686.987,0.633,0.435,0.896,0.668,1.440,0.006,0.094,0.906,0.122,0.750
2343,78.100,88.023,0.000,66.482,0.000,1,1,0,0.000,0.879,3,0,0.828,1,16.125,2082.604,0.633,0.268,0.539,0.389,1.545,0.145,0.060,0.940,0.572,0.700
2346,78.200,0.000,0.000,0.000,0.000,0,0,0,0.000,0.000,3,0,0.828,0,16.125,2082.604,0.600,0.268,2.213,0.886,1.680,0.599,0.140,0.860,0.135,0.700
2349,78.300,0.000,0.000,0.000,0.000,0,0,0,0.000,0.000,3,0,0.828,0,16.125,2082.604,0.567,0.268,2.018,0.874,1.873,0.829,0.175,0.825,0.127,0.700
2352,78.400,0.000,0.000,0.000,0.000,0,0,0,0.000,0.000,3,0,0.828,0,16.125,2082.604,0.533,0.268,0.933,0.585,2.205,1.178,0.079,0.921,0.116,0.700
2355,78.500,0.000,0.000,0.000,0.000,0,0,0,0.000,0.000,3,0,0.828,0,16.125,2082.604,0.500,0.268,2.407,0.595,2.892,0.127,0.113,0.887,0.149,0.700
2358,78.600,0.000,0.000,0.000,0.000,0,0,0,0.000,0.000,3,0,0.828,0,16.125,2082.604,0.467,0.268,2.273,0.442,2.953,1.971,0.145,0.855,0.152,0.700
2361,78.700,0.000,0.000,0.000,0.000,0,0,0,0.000,0.000,3,0,0.828,0,16.125,2082.604,0.433,0.268,1.651,0.173,2.622,1.979,0.090,0.910,0.151,0.700
2364,78.800,0.000,0.000,0.000,0.000,0,0,0,0.000,0.000,3,0,0.862,0,16.125,2082.604,0.400,0.268,0.800,0.522,2.294,0.068,0.064,0.936,0.101,0.700
2367,78.900,0.000,0.000,0.000,0.000,0,0,0,0.000,0.000,2,1,0.828,0,16.125,2082.604,0.367,0.268,0.966,0.409,2.298,0.013,0.078,0.922,0.110,0.750
2370,79.000,0.000,0.000,0.000,0.000,0,0,0,0.000,0.000,3,1,0.793,0,16.125,2082.604,0.333,0.268,1.848,0.942,2.160,2.462,0.135,0.865,0.090,0.750
2373,79.100,0.000,0.000,0.000,0.000,0,0,0,0.000,0.000,3,0,0.793,0,16.125,2082.604,0.300,0.268,1.964,0.957,2.014,0.337,0.139,0.861,0.088,0.700
2376,79.200,0.000,0.000,0.000,0.000,0,0,0,0.000,0.000,2,1,0.759,0,16.125,2082.604,0.267,0.268,0.983,0.884,1.581,1.465,0.085,0.915,0.065,0.750
2379,79.300,0.000,0.000,0.000,0.000,0,0,0,0.000,0.000,2,0,0.759,0,16.125,2082.604,0.233,0.268,1.130,0.860,1.411,0.473,0.103,0.897,0.066,0.700
2382,79.400,0.000,0.000,0.000,0.000,0,0,0,0.000,0.000,3,1,0.724,0,16.125,2082.604,0.200,0.268,1.297,0.931,1.123,0.043,0.121,0.879,0.061,0.750
2385,79.500,0.000,0.000,0.000,0.000,0,0,0,0.000,0.000,2,1,0.690,0,16.125,2082.604,0.167,0.268,0.927,0.563,0.803,0.508,0.088,0.912,0.074,0.750
2388,79.600,0.000,0.000,0.000,0.000,0,0,0,0.000,0.000,3,1,0.655,0,16.125,2082.604,0.133,0.268,1.621,0.828,0.655,0.763,0.115,0.885,0.069,0.750
2391,79.700,0.000,0.000,0.000,0.000,0,0,0,0.000,0.000,3,0,0.690,0,16.125,2082.604,0.100,0.268,1.138,0.460,0.434,1.159,0.098,0.902,0.078,0.580
2394,79.800,0.000,0.000,0.000,0.000,0,0,0,0.000,0.000,3,0,0.690,0,16.125,2082.604,0.067,0.268,1.751,0.614,0.458,0.167,0.117,0.883,0.079,0.580
2397,79.900,0.000,0.000,0.000,0.000,0,0,0,0.000,0.000,3,0,0.690,0,16.125,2082.604,0.033,0.268,1.428,0.839,0.427,1.016,0.110,0.890,0.051,0.580
2400,80.000,0.000,0.000,0.000,0.000,0,0,0,0.000,0.000,3,0,0.690,0,16.125,2082.604,0.033,0.268,0.917,0.768,0.228,0.191,0.087,0.913,0.043,0.580
2403,80.100,0.000,0.000,0.000,0.000,0,0,0,0.000,0.000,3,0,0.690,0,16.125,2082.604,0.033,0.268,1.216,0.790,0.294,0.249,0.112,0.888,0.049,0.580
2406,80.200,0.000,0.000,0.000,0.000,0,0,0,0.000,0.000,3,0,0.690,0,16.125,2082.604,0.033,0.268,1.592,0.676,0.407,0.923,0.119,0.881,0.067,0.580
2409,80.300,0.000,0.000,0.000,0.000,0,0,0,0.000,0.000,3,0,0.724,0,16.125,2082.604,0.033,0.268,1.423,0.414,0.394,0.516,0.112,0.888,0.081,0.580
2412,80.400,0.000,0.000,0.000,0.000,0,0,0,0.000,0.000,3,0,0.724,0,16.125,2082.604,0.033,0.268,0.615,0.613,0.186,0.553,0.063,0.937,0.046,0.580
2415,80.500,0.000,0.000,0.000,0.000,0,0,0,0.000,0.000,3,0,0.724,0,16.125,2082.604,0.033,0.268,0.945,0.141,0.116,1.227,0.076,0.924,0.088,0.580
2418,80.600,34.438,0.000,-53.584,0.000,1,1,0,0.000,1.219,3,0,0.724,2,29.120,1804.294,0.067,0.218,2.461,0.456,0.194,0.532,0.143,0.857,0.549,0.650
2421,80.700,18.358,0.000,-16.081,0.000,1,1,0,0.000,1.282,3,0,0.724,2,29.120,1804.294,0.100,0.221,1.443,0.499,0.210,0.471,0.086,0.914,0.435,0.580
2424,80.800,12.042,0.000,-6.316,0.000,1,1,0,0.000,1.328,3,0,0.759,2,87.464,1052.267,0.133,0.221,1.659,0.924,0.109,2.759,0.132,0.868,0.380,0.580
2427,80.900,2.000,0.000,-10.042,0.000,1,1,0,0.000,1.574,3,0,0.793,2,87.464,1052.267,0.167,0.221,1.580,0.880,0.076,0.824,0.118,0.882,0.329,0.580
2430,81.000,12.042,0.000,10.042,0.000,1,1,0,0.000,1.518,3,0,0.793,2,7.280,809.380,0.200,0.224,1.071,0.856,0.134,0.325,0.089,0.911,0.378,0.580
2433,81.100,0.000,309.945,0.000,239.831,1,0,1,0.000,1.656,3,0,0.793,2,128.705,1023.354,0.200,0.224,1.249,0.296,0.122,1.932,0.092,0.908,0.605,0.715
2436,81.200,46.390,0.000,34.348,0.000,1,1,0,0.000,1.610,3,0,0.793,2,19.235,735.139,0.233,0.224,1.780,0.180,0.312,0.719,0.107,0.893,0.630,0.580
2439,81.300,12.530,0.000,-33.860,0.000,1,1,0,0.000,1.638,3,0,0.793,2,9.849,729.915,0.267,0.227,2.182,0.908,0.106,3.065,0.150,0.850,0.413,0.580
2442,81.400,9.220,0.000,-3.310,0.000,1,1,0,0.000,1.488,3,0,0.793,2,154.302,1353.549,0.300,0.227,0.686,0.791,0.017,2.774,0.061,0.939,0.369,0.750
2445,81.500,20.248,0.000,11.029,0.000,1,1,0,0.000,1.461,3,0,0.793,2,0.000,1285.309,0.333,0.227,3.249,0.961,0.187,2.953,0.163,0.837,0.486,0.580
2448,81.600,36.125,0.000,15.876,0.000,1,1,0,0.000,1.468,3,0,0.793,2,39.051,1300.337,0.367,0.230,2.600,0.673,0.377,2.110,0.152,0.848,0.583,0.580
2451,81.700,5.099,0.000,-31.026,0.000,1,1,0,0.000,1.554,3,0,0.793,2,0.000,1252.767,0.400,0.230,1.051,0.615,0.896,1.992,0.082,0.918,0.380,0.580
2454,81.800,6.708,0.000,1.609,0.000,1,1,0,0.000,1.451,3,0,0.828,2,0.000,1188.817,0.433,0.230,2.716,0.796,0.815,0.733,0.156,0.844,0.421,0.580
2457,81.900,15.133,0.000,8.425,0.000,1,1,0,0.000,1.420,3,0,0.862,2,0.000,1134.237,0.467,0.233,3.240,0.691,1.010,0.381,0.139,0.861,0.493,0.580
2460,82.000,10.050,538.516,-5.083,228.571,2,1,1,557.250,1.785,3,0,0.862,4,0.000,1119.178,0.500,0.230,3.148,0.470,1.446,2.078,0.162,0.838,0.786,0.700
2463,82.100,0.000,519.948,0.000,-43.372,2,0,1,519.948,2.149,3,0,0.897,4,166.433,1622.725,0.533,0.230,4.292,0.615,2.099,0.085,0.172,0.828,0.808,0.750
2466,82.200,28.443,9.000,18.393,-510.948,2,1,1,523.353,2.243,4,1,0.862,4,10.817,2124.944,0.567,0.227,3.275,0.758,1.924,0.939,0.159,0.841,0.785,0.750
2469,82.300,0.000,6.000,0.000,-3.000,1,0,1,0.000,2.366,4,0,0.897,2,4.123,2179.800,0.600,0.227,2.277,0.730,2.171,3.101,0.162,0.838,0.501,0.700
2472,82.400,0.000,1.000,0.000,-5.000,1,0,1,0.000,2.326,4,0,0.931,2,1.414,2555.947,0.633,0.227,2.053,0.688,2.164,2.439,0.112,0.888,0.475,0.700
2475,82.500,0.000,9.434,0.000,8.434,1,0,1,0.000,2.290,4,0,0.966,2,10.000,2869.028,0.667,0.227,2.974,0.417,2.179,1.165,0.136,0.864,0.568,0.700
2478,82.600,0.000,37.121,0.000,27.687,1,0,1,0.000,1.957,4,0,0.966,2,10.000,2869.028,0.700,0.227,7.638,0.732,2.499,0.158,0.205,0.795,0.820,0.700
2481,82.700,0.000,45.222,0.000,8.100,1,0,1,0.000,1.751,4,0,0.966,2,10.000,2869.028,0.733,0.227,9.646,0.733,3.590,0.077,0.228,0.772,0.877,0.700
2484,82.800,0.000,45.277,0.000,0.055,1,0,1,0.000,1.370,4,1,0.931,3,89.900,3507.444,0.767,0.224,10.309,0.674,4.654,0.011,0.215,0.785,0.930,0.750
2487,82.900,0.000,43.267,0.000,-2.010,1,0,1,0.000,0.990,4,0,0.931,2,35.171,3317.700,0.800,0.227,11.309,0.741,5.409,0.031,0.224,0.776,0.874,0.700
2490,83.000,0.000,42.802,0.000,-0.465,1,0,1,0.000,0.711,4,0,0.931,2,36.401,4241.839,0.833,0.227,10.334,0.644,6.529,0.042,0.224,0.776,0.883,0.700
2493,83.100,0.000,34.059,0.000,-8.743,1,0,1,0.000,0.346,4,0,0.931,2,32.311,5334.129,0.867,0.209,10.736,0.650,5.387,0.054,0.221,0.779,0.838,0.700
2496,83.200,0.000,824.477,0.000,806.092,2,0,1,824.477,0.388,4,0,0.931,4,25.080,6485.330,0.900,0.462,9.451,0.710,5.698,0.052,0.230,0.770,1.000,0.700
2499,83.300,398.570,829.759,370.127,5.282,2,1,1,813.686,1.365,4,0,0.931,4,440.528,7530.169,0.933,0.453,6.776,0.694,6.405,0.307,0.254,0.746,1.000,0.750
2502,83.400,38.626,13.601,-359.944,-816.158,2,1,1,791.768,1.381,5,1,0.897,5,0.000,13515.219,0.967,0.435,5.803,0.737,6.235,0.023,0.240,0.760,0.954,0.750
2505,83.500,5.385,26.306,-33.241,12.704,2,1,1,767.959,1.393,5,0,0.897,5,0.000,18258.894,1.000,0.426,7.124,0.643,5.966,0.086,0.210,0.790,0.929,0.700
2508,83.600,0.000,781.025,0.000,754.719,1,0,1,0.000,1.128,5,0,0.897,3,0.000,21466.640,1.000,0.417,6.325,0.495,5.962,0.257,0.232,0.768,0.901,0.700
2511,83.700,0.000,98.762,0.000,-682.263,1,0,1,0.000,1.507,3,1,0.862,2,0.000,21702.708,1.000,0.417,7.534,0.317,4.935,0.884,0.222,0.778,0.856,0.750
2514,83.800,0.000,34.713,0.000,-64.049,1,0,1,0.000,1.536,3,0,0.862,2,0.000,21096.520,1.000,0.417,4.973,0.527,4.995,0.609,0.158,0.842,0.720,0.700
2517,83.900,598.054,9.487,592.668,-25.226,2,1,1,490.000,1.759,3,0,0.862,3,0.000,18580.384,1.000,0.417,4.566,0.627,5.193,0.746,0.175,0.825,0.870,0.700
2520,84.000,1.000,37.483,-597.054,27.996,2,1,1,485.489,1.746,3,0,0.862,4,0.000,13625.517,1.000,0.417,3.390,0.396,5.411,0.340,0.145,0.855,0.815,0.700
2523,84.100,461.503,0.000,-14.952,0.000,2,1,0,461.503,1.888,3,0,0.862,4,70.349,9790.949,1.000,0.417,2.901,0.092,5.580,2.574,0.131,0.869,0.866,0.700
2526,84.200,0.000,47.539,0.000,10.056,1,0,1,0.000,1.368,3,0,0.862,2,19.416,8029.284,1.000,0.417,4.419,0.505,2.921,0.276,0.111,0.889,0.765,0.700
2529,84.300,0.000,36.892,0.000,-10.648,1,0,1,0.000,1.461,3,0,0.862,2,85.796,4340.325,1.000,0.426,2.777,0.403,1.620,2.954,0.131,0.869,0.686,0.700
2532,84.400,489.477,0.000,27.974,0.000,1,1,0,0.000,2.243,3,0,0.862,2,0.000,2705.587,1.000,0.426,2.498,0.402,0.931,0.927,0.110,0.890,0.724,0.500
2535,84.500,7.211,0.000,-482.266,0.000,1,1,0,0.000,2.027,3,0,0.862,2,0.000,637.044,1.000,0.426,2.430,0.285,0.412,0.523,0.124,0.876,0.521,0.580
2538,84.600,15.652,0.000,8.441,0.000,1,1,0,0.000,1.670,4,1,0.828,2,0.000,611.549,1.000,0.426,3.244,0.054,0.093,0.589,0.104,0.896,0.674,0.750
2541,84.700,15.524,0.000,-0.128,0.000,1,1,0,0.000,1.667,4,0,0.828,2,0.000,591.304,1.000,0.426,3.677,0.382,0.196,0.403,0.143,0.857,0.661,0.580
2544,84.800,0.000,74.431,0.000,37.539,1,0,1,0.000,1.513,4,0,0.828,2,78.186,512.508,1.000,0.426,4.797,0.403,0.467,0.155,0.159,0.841,0.852,0.500
2547,84.900,72.111,0.000,56.587,0.000,1,1,0,0.000,1.595,5,1,0.793,3,63.530,721.547,1.000,0.426,3.474,0.591,0.601,0.946,0.145,0.855,0.823,0.750
2550,85.000,22.472,0.000,-49.639,0.000,1,1,0,0.000,1.520,5,0,0.793,3,72.422,1000.589,1.000,0.417,3.485,0.708,0.717,0.958,0.128,0.872,0.690,0.580
2553,85.100,22.091,0.000,-0.381,0.000,1,1,0,0.000,1.444,5,0,0.828,3,80.056,1301.529,1.000,0.417,2.851,0.828,0.906,0.128,0.100,0.900,0.664,0.580
2556,85.200,25.495,0.000,3.404,0.000,1,1,0,0.000,1.238,4,1,0.793,3,73.593,1661.915,1.000,0.417,2.780,0.576,1.045,0.550,0.105,0.895,0.726,0.750
2559,85.300,19.647,0.000,-5.848,0.000,1,1,0,0.000,1.037,4,0,0.793,3,72.945,1668.865,1.000,0.417,2.271,0.852,1.307,1.357,0.138,0.862,0.661,0.580
2562,85.400,34.525,0.000,14.878,0.000,1,1,0,0.000,0.915,4,0,0.793,3,54.083,1663.049,1.000,0.417,2.940,0.605,1.556,1.631,0.132,0.868,0.778,0.700
2565,85.500,15.652,466.965,-18.873,392.533,2,1,1,466.717,1.602,4,0,0.793,6,145.014,2287.999,1.000,0.417,1.778,0.154,1.848,0.310,0.089,0.911,0.934,0.750
2568,85.600,72.062,21.633,56.410,-445.331,2,1,1,482.012,1.281,4,0,0.793,6,178.404,2551.347,1.000,0.417,3.173,0.637,1.945,0.605,0.171,0.829,0.935,0.750
2571,85.700,55.073,22.472,-16.990,0.839,2,1,1,440.091,1.590,4,0,0.828,6,194.402,3343.919,1.000,0.399,3.181,0.384,1.611,0.572,0.120,0.880,0.953,0.750
2574,85.800,20.518,12.530,-34.554,-9.942,2,1,1,425.208,1.507,4,0,0.828,6,183.698,4440.350,1.000,0.389,2.345,0.767,1.496,1.295,0.127,0.873,0.769,0.750
2577,85.900,10.198,15.652,-10.320,3.123,2,1,1,423.761,1.326,4,0,0.828,6,154.509,5054.089,1.000,0.379,6.065,0.730,1.297,0.873,0.147,0.853,0.837,0.750
2580,86.000,10.440,26.173,0.242,10.520,2,1,1,418.656,1.358,4,0,0.828,6,287.939,5616.659,1.000,0.358,5.664,0.578,1.050,2.866,0.141,0.859,0.897,0.750
2583,86.100,14.318,16.155,3.878,-10.017,2,1,1,395.739,1.309,4,0,0.828,6,191.859,6232.054,1.000,0.336,1.986,0.788,0.809,1.081,0.111,0.889,0.734,0.750
2586,86.200,7.071,6.325,-7.247,-9.831,2,1,1,385.576,1.124,4,0,0.828,6,200.691,6627.644,1.000,0.324,1.763,0.557,0.762,1.014,0.105,0.895,0.694,0.750
2589,86.300,14.142,6.325,7.071,0.000,2,1,1,366.809,1.103,4,0,0.862,6,104.924,6708.569,1.000,0.311,1.004,0.684,0.776,0.543,0.116,0.884,0.706,0.583
2592,86.400,10.000,7.211,-4.142,0.887,2,1,1,369.168,1.097,5,1,0.828,6,193.256,6625.087,1.000,0.298,1.858,0.850,0.901,0.359,0.138,0.862,0.692,0.750
2595,86.500,21.260,10.630,11.260,3.419,2,1,1,367.720,1.144,5,0,0.828,6,187.072,5544.767,1.000,0.298,3.516,0.812,0.887,0.329,0.160,0.840,0.799,0.750
2598,86.600,2.236,2.236,-19.024,-8.394,2,1,1,368.546,1.138,5,0,0.862,6,274.505,6368.734,1.000,0.298,1.736,0.732,0.831,0.553,0.140,0.860,0.655,0.750
2601,86.700,9.487,12.207,7.251,9.970,2,1,1,351.262,1.158,6,1,0.828,6,69.029,5769.058,1.000,0.298,3.115,0.090,0.783,2.395,0.090,0.910,0.789,0.750
2604,86.800,20.518,6.325,11.031,-5.882,2,1,1,369.088,1.273,6,0,0.828,6,192.107,5104.068,1.000,0.298,1.810,0.790,0.809,2.848,0.156,0.844,0.754,0.750
2607,86.900,42.485,8.544,21.967,2.219,2,1,1,409.910,1.227,6,0,0.828,6,158.493,4864.749,1.000,0.298,2.456,0.415,0.668,1.266,0.093,0.907,0.918,0.750
2610,87.000,14.142,19.313,-28.343,10.769,2,1,1,427.028,1.490,5,1,0.793,6,164.402,4870.275,1.000,0.298,4.513,0.524,0.631,0.460,0.162,0.838,0.833,0.750
2613,87.100,10.296,13.038,-3.847,-6.275,2,1,1,446.266,1.571,5,0,0.793,6,195.870,4161.389,1.000,0.298,3.823,0.379,0.186,0.402,0.125,0.875,0.791,0.750
2616,87.200,444.303,0.000,412.902,0.000,2,1,0,444.303,1.390,5,0,0.793,6,213.434,5060.949,1.000,0.298,2.548,0.692,0.153,0.552,0.121,0.879,0.915,0.750
2619,87.300,450.469,0.000,2.668,0.000,2,1,0,450.469,1.843,6,0,0.793,6,0.000,6418.769,1.000,0.298,1.152,0.703,0.113,1.155,0.092,0.908,0.880,0.350
2622,87.400,461.686,5.000,11.217,-8.038,2,1,1,469.591,1.982,6,0,0.793,6,206.519,7162.528,1.000,0.298,3.524,0.449,0.182,0.657,0.093,0.907,0.957,0.750
2625,87.500,0.000,425.406,0.000,-8.760,2,0,1,425.406,1.404,6,0,0.828,6,0.000,6776.084,1.000,0.298,5.734,0.454,0.523,0.486,0.143,0.857,1.000,0.500
2628,87.600,56.639,22.847,-405.047,-402.558,2,1,1,388.330,2.156,5,0,0.828,6,290.493,7075.704,1.000,0.298,4.063,0.590,0.641,0.857,0.161,0.839,0.960,0.750
2631,87.700,27.074,15.811,-29.565,-7.036,2,1,1,378.910,1.998,5,0,0.828,6,225.471,7482.370,1.000,0.298,2.850,0.694,0.430,0.012,0.150,0.850,0.823,0.750
2634,87.800,18.974,2.000,-8.100,-13.811,2,1,1,358.431,2.082,5,0,0.862,6,94.541,6780.887,1.000,0.298,2.959,0.713,0.253,0.463,0.143,0.857,0.780,0.580
2637,87.900,21.024,2.236,2.050,0.236,2,1,1,350.206,2.099,4,1,0.828,6,198.980,6611.739,1.000,0.298,1.792,0.813,0.045,0.936,0.135,0.865,0.755,0.750
2640,88.000,25.942,6.083,4.918,3.847,2,1,1,333.736,2.161,4,0,0.828,6,183.788,6938.087,1.000,0.298,1.344,0.586,0.122,0.706,0.105,0.895,0.787,0.750
2643,88.100,9.055,16.125,-16.887,10.042,2,1,1,338.186,2.254,4,0,0.862,6,186.454,5907.925,1.000,0.298,2.627,0.759,0.012,0.217,0.123,0.877,0.752,0.750
2646,88.200,9.849,26.306,0.793,10.181,2,1,1,323.025,2.103,4,0,0.862,6,194.833,6068.659,1.000,0.298,3.271,0.723,0.109,3.074,0.098,0.902,0.827,0.750
2649,88.300,13.454,13.000,3.605,-13.306,2,1,1,337.136,1.939,4,0,0.862,6,189.855,5947.804,1.000,0.298,1.593,0.595,0.100,1.787,0.128,0.872,0.723,0.750
2652,88.400,0.000,339.706,0.000,3.663,2,0,1,339.706,2.116,4,0,0.862,6,173.277,5901.169,1.000,0.298,1.496,0.585,0.111,1.791,0.155,0.845,0.896,0.750
2655,88.500,13.416,3.162,-0.037,-336.543,2,1,1,332.223,2.173,4,0,0.862,6,177.553,5194.039,1.000,0.298,1.543,0.545,0.088,0.228,0.150,0.850,0.725,0.750
2658,88.600,2.236,7.071,-11.180,3.909,2,1,1,337.557,2.093,4,0,0.862,6,0.000,4319.485,1.000,0.298,1.517,0.641,0.180,0.813,0.137,0.863,0.682,0.580
2661,88.700,0.000,360.800,0.000,9.776,2,0,1,360.800,2.288,4,0,0.862,6,100.648,3565.387,1.000,0.298,3.603,0.586,0.315,0.330,0.116,0.884,0.949,0.559
2664,88.800,0.000,364.927,0.000,0.690,2,0,1,364.927,2.651,5,1,0.828,6,161.003,4214.019,1.000,0.298,1.870,0.523,0.236,0.613,0.135,0.865,0.910,0.750
2667,88.900,0.000,400.126,0.000,22.088,2,0,1,400.126,2.777,5,0,0.828,6,175.026,4220.319,1.000,0.298,3.806,0.754,0.142,1.335,0.164,0.836,0.942,0.750
2670,89.000,0.000,394.138,0.000,5.397,2,0,1,394.138,3.087,5,0,0.828,6,0.000,5046.145,1.000,0.298,1.514,0.357,0.021,0.301,0.136,0.864,0.913,0.350
2673,89.100,0.000,381.211,0.000,-11.933,2,0,1,381.211,3.130,4,1,0.793,6,165.653,5518.159,1.000,0.298,1.873,0.412,0.245,0.835,0.144,0.856,0.918,0.750
2676,89.200,49.649,12.042,47.413,-369.170,2,1,1,394.036,3.013,4,0,0.793,6,140.417,5583.204,1.000,0.298,2.060,0.637,0.458,2.121,0.150,0.850,0.907,0.750
2679,89.300,24.042,8.000,-25.607,-4.042,2,1,1,367.720,2.728,4,0,0.828,5,79.379,5209.619,1.000,0.311,2.687,0.693,0.568,0.403,0.183,0.817,0.802,0.580
2682,89.400,6.403,15.297,-17.639,7.297,2,1,1,348.323,2.360,4,0,0.828,5,0.000,5065.924,1.000,0.311,2.709,0.694,0.747,2.265,0.177,0.823,0.754,0.580
2685,89.500,0.000,10.440,0.000,-4.857,1,0,1,0.000,2.225,4,0,0.828,3,0.000,4339.669,1.000,0.311,2.205,0.675,0.688,2.268,0.170,0.830,0.621,0.650
2688,89.600,0.000,21.932,0.000,11.491,1,0,1,0.000,1.899,4,0,0.862,3,186.253,4848.294,1.000,0.324,2.483,0.612,0.489,0.811,0.155,0.845,0.696,0.750
2691,89.700,0.000,365.234,0.000,363.234,2,0,1,365.234,1.428,4,0,0.862,5,59.203,5098.400,1.000,0.324,2.113,0.451,0.561,1.110,0.140,0.860,0.921,0.650
2694,89.800,0.000,381.432,0.000,13.252,2,0,1,381.432,1.544,4,0,0.862,5,166.388,5096.167,1.000,0.324,1.514,0.330,0.633,0.964,0.105,0.895,0.915,0.750
2697,89.900,13.000,368.402,6.597,-13.030,2,1,1,360.902,1.831,4,0,0.897,6,62.968,5103.984,1.000,0.324,2.048,0.706,0.618,0.490,0.156,0.844,0.902,0.500
2700,90.000,13.601,11.705,0.601,-356.697,2,1,1,344.581,2.170,4,0,0.897,6,66.408,4913.487,1.000,0.324,2.653,0.827,0.514,0.959,0.199,0.801,0.734,0.580
2703,90.100,6.403,6.083,-7.198,-5.622,2,1,1,333.434,1.976,4,0,0.897,6,91.761,5027.110,1.000,0.324,2.313,0.878,0.308,0.181,0.189,0.811,0.682,0.580
2706,90.200,10.817,15.652,4.414,9.570,2,1,1,310.413,1.989,4,0,0.897,6,95.854,5081.914,1.000,0.324,1.815,0.903,0.140,0.245,0.166,0.834,0.719,0.580
2709,90.300,13.454,10.000,2.637,-5.652,2,1,1,312.085,2.025,3,1,0.862,4,85.907,4278.525,1.000,0.324,1.578,0.494,0.289,0.151,0.139,0.861,0.630,0.750
2712,90.400,9.849,6.000,-3.605,-4.000,2,1,1,317.657,2.211,3,0,0.862,4,110.309,4798.604,1.000,0.336,1.876,0.369,0.355,0.571,0.129,0.871,0.626,0.613
2715,90.500,13.342,23.195,3.493,17.195,2,1,1,331.665,2.199,3,0,0.862,4,59.506,4721.818,1.000,0.336,3.155,0.691,0.472,0.191,0.182,0.818,0.709,0.580
2718,90.600,0.000,14.866,0.000,-8.329,1,0,1,0.000,2.111,4,1,0.828,2,170.106,4736.177,1.000,0.347,4.671,0.641,0.198,1.189,0.212,0.788,0.664,0.750
2721,90.700,0.000,10.296,0.000,-4.570,1,0,1,0.000,2.082,4,0,0.828,2,24.083,4169.294,1.000,0.347,2.381,0.513,0.180,0.070,0.163,0.837,0.591,0.580
2724,90.800,0.000,26.173,0.000,15.877,1,0,1,0.000,1.797,4,0,0.862,2,0.000,4021.144,1.000,0.358,3.495,0.481,0.275,0.553,0.189,0.811,0.709,0.580
2727,90.900,0.000,24.000,0.000,-2.173,1,0,1,0.000,1.747,4,1,0.828,3,0.000,3131.995,1.000,0.358,3.518,0.621,0.370,0.405,0.200,0.800,0.733,0.750
2730,91.000,0.000,427.055,0.000,408.267,2,0,1,427.055,1.735,4,0,0.828,5,67.357,2554.350,1.000,0.347,2.700,0.435,0.360,0.721,0.141,0.859,0.937,0.650
2733,91.100,466.717,0.000,57.346,0.000,2,1,0,466.717,1.378,4,0,0.828,5,49.031,3413.827,1.000,0.347,2.638,0.698,0.345,0.887,0.172,0.828,0.917,0.500
2736,91.200,8.544,403.983,-458.173,-23.072,2,1,1,440.447,1.925,4,1,0.793,4,100.623,3062.304,1.000,0.358,1.969,0.765,0.372,0.050,0.158,0.842,0.896,0.750
2739,91.300,15.556,18.868,7.012,-385.115,2,1,1,435.362,1.856,4,0,0.793,4,92.027,3316.368,1.000,0.358,2.761,0.765,0.492,0.210,0.166,0.834,0.770,0.580
2742,91.400,1.000,9.487,-14.556,-9.381,2,1,1,425.071,1.661,4,0,0.793,4,81.584,3556.649,1.000,0.358,1.535,0.740,0.612,0.522,0.133,0.867,0.689,0.580
2745,91.500,6.083,9.055,5.083,-0.431,2,1,1,439.966,1.871,5,1,0.759,5,59.135,3947.235,1.000,0.358,1.622,0.346,0.530,1.131,0.107,0.893,0.717,0.750
2748,91.600,8.000,11.705,1.917,2.649,2,1,1,459.305,1.748,5,0,0.759,5,82.037,3952.488,1.000,0.369,2.471,0.448,0.333,0.135,0.128,0.872,0.745,0.580
2751,91.700,7.810,24.515,-0.190,12.811,2,1,1,488.222,1.742,5,0,0.793,6,94.430,4041.210,1.000,0.369,1.428,0.616,0.285,1.444,0.132,0.868,0.779,0.580
2754,91.800,32.757,9.899,24.946,-14.616,2,1,1,526.984,1.688,4,1,0.759,5,85.376,2608.859,1.000,0.358,1.746,0.356,0.492,2.096,0.124,0.876,0.851,0.750
2757,91.900,9.487,20.616,-23.270,10.716,2,1,1,540.889,1.355,4,0,0.759,5,94.048,2464.629,1.000,0.358,1.687,0.283,0.531,0.337,0.092,0.908,0.787,0.580
2760,92.000,21.378,8.062,11.891,-12.553,2,1,1,516.121,1.418,4,0,0.793,5,80.025,2870.150,1.000,0.347,2.118,0.456,1.062,0.227,0.118,0.882,0.790,0.580
2763,92.100,8.062,16.401,-13.315,8.339,2,1,1,503.691,1.480,4,1,0.759,5,73.437,2499.578,1.000,0.336,1.315,0.524,0.547,0.247,0.082,0.918,0.737,0.750
2766,92.200,9.220,13.601,1.157,-2.800,2,1,1,501.224,1.486,4,0,0.759,5,47.539,2423.784,1.000,0.336,1.715,0.622,0.222,0.925,0.113,0.887,0.725,0.580
2769,92.300,16.279,1.000,7.059,-12.601,2,1,1,499.713,1.422,4,0,0.759,5,59.008,2436.084,1.000,0.336,1.666,0.624,0.312,0.150,0.121,0.879,0.738,0.580
2772,92.400,5.099,3.162,-11.180,2.162,2,1,1,501.702,1.596,4,0,0.759,5,67.602,1885.309,1.000,0.336,0.976,0.648,0.517,0.356,0.088,0.912,0.657,0.580
2775,92.500,3.162,4.123,-1.937,0.961,2,1,1,494.955,1.814,3,1,0.724,3,6.000,1946.375,1.000,0.336,0.625,0.471,0.760,0.215,0.095,0.905,0.656,0.750
2778,92.600,20.224,3.606,17.061,-0.518,2,1,1,477.066,1.753,4,1,0.690,4,165.124,2434.975,1.000,0.336,1.559,0.338,0.970,1.700,0.128,0.872,0.778,0.750
2781,92.700,21.213,2.000,0.989,-1.606,2,1,1,462.647,1.687,3,1,0.655,4,33.541,2397.490,1.000,0.336,3.513,0.214,1.070,0.456,0.118,0.882,0.741,0.750
2784,92.800,0.000,448.642,0.000,441.642,2,0,1,448.642,1.631,3,0,0.655,4,33.541,2380.767,1.000,0.336,2.743,0.073,0.927,0.196,0.115,0.885,0.863,0.500
2787,92.900,0.000,447.541,0.000,-1.101,1,0,1,0.000,1.823,3,0,0.655,2,33.541,2380.767,1.000,0.347,1.576,0.439,1.090,0.980,0.082,0.918,0.699,0.650
2790,93.000,0.000,4.472,0.000,-443.069,1,0,1,0.000,1.837,5,1,0.621,4,0.000,4083.499,1.000,0.347,1.393,0.518,0.998,1.464,0.103,0.897,0.587,0.750
2793,93.100,0.000,23.770,0.000,19.298,1,0,1,0.000,1.610,5,0,0.621,4,109.041,5145.324,1.000,0.347,3.306,0.295,0.894,2.076,0.114,0.886,0.758,0.606
2796,93.200,0.000,5.657,0.000,-18.113,1,0,1,0.000,1.589,5,0,0.655,4,106.832,5816.870,1.000,0.358,2.050,0.055,0.843,0.227,0.123,0.877,0.643,0.594
2799,93.300,0.000,14.866,0.000,9.209,1,0,1,0.000,1.540,4,1,0.621,3,0.000,5740.305,1.000,0.358,2.321,0.588,0.741,0.280,0.133,0.867,0.654,0.750
2802,93.400,0.000,22.204,0.000,7.338,1,0,1,0.000,1.775,4,0,0.621,3,46.819,5109.727,1.000,0.358,2.167,0.569,0.719,0.120,0.113,0.887,0.693,0.550
2805,93.500,0.000,3.000,0.000,-19.204,1,0,1,0.000,1.697,4,0,0.655,3,55.154,3012.588,1.000,0.369,2.240,0.286,0.660,0.491,0.092,0.908,0.608,0.580
2808,93.600,0.000,438.164,0.000,433.164,2,0,1,438.164,1.504,4,0,0.655,5,60.415,3074.450,1.000,0.369,1.890,0.628,0.580,1.666,0.082,0.918,0.903,0.650
2811,93.700,19.849,432.560,-1.364,-5.605,2,1,1,431.056,1.661,4,0,0.655,5,193.041,4407.887,1.000,0.369,1.534,0.344,0.357,3.136,0.089,0.911,0.914,0.750
2814,93.800,16.492,8.944,-3.357,-423.616,2,1,1,454.736,1.730,4,0,0.690,5,180.228,5725.108,1.000,0.369,2.187,0.272,0.305,1.796,0.095,0.905,0.777,0.750
2817,93.900,14.866,0.000,-1.626,0.000,1,1,0,0.000,1.491,5,1,0.655,3,97.990,5453.814,1.000,0.369,3.115,0.358,0.089,0.840,0.137,0.863,0.663,0.750
2820,94.000,7.810,0.000,-7.056,0.000,1,1,0,0.000,1.397,5,0,0.655,4,120.830,5228.704,1.000,0.369,2.778,0.450,0.495,1.234,0.138,0.862,0.645,0.671
2823,94.100,18.974,36.125,11.163,27.181,2,1,1,464.175,1.699,5,0,0.690,6,0.000,5740.379,1.000,0.369,2.688,0.281,0.960,0.597,0.130,0.870,0.898,0.650
2826,94.200,6.000,0.000,-12.974,0.000,1,1,0,0.000,1.353,3,1,0.655,2,113.111,5717.010,1.000,0.369,3.743,0.147,1.345,0.072,0.109,0.891,0.557,0.750
2829,94.300,13.342,0.000,7.342,0.000,1,1,0,0.000,1.557,3,0,0.655,2,109.330,5265.514,1.000,0.379,2.996,0.369,0.876,2.576,0.112,0.888,0.563,0.607
2832,94.400,19.209,0.000,5.868,0.000,1,1,0,0.000,1.552,3,0,0.690,2,55.973,4989.809,1.000,0.379,4.718,0.741,0.904,0.216,0.102,0.898,0.613,0.580
2835,94.500,42.059,0.000,22.850,0.000,1,1,0,0.000,1.415,4,1,0.655,3,0.000,4407.374,1.000,0.379,3.876,0.094,1.209,1.527,0.142,0.858,0.879,0.750
2838,94.600,527.947,0.000,491.588,0.000,2,1,0,527.947,1.436,4,0,0.655,5,39.560,5534.334,1.000,0.379,6.249,0.194,1.461,1.318,0.159,0.841,1.000,0.700
2841,94.700,541.025,77.492,13.078,41.367,2,1,1,503.441,1.696,4,0,0.690,5,0.000,7363.129,1.000,0.369,3.862,0.392,1.485,0.290,0.148,0.852,0.969,0.700
2844,94.800,8.062,4.000,-532.963,-73.492,2,1,1,496.729,1.588,4,1,0.655,5,153.629,5555.305,1.000,0.369,1.816,0.666,1.600,0.450,0.114,0.886,0.694,0.750
2847,94.900,21.932,14.036,13.869,10.036,2,1,1,532.169,1.707,4,0,0.655,5,0.000,6653.238,1.000,0.358,4.958,0.613,1.491,0.125,0.129,0.871,0.853,0.700
2850,95.000,8.062,9.487,-13.869,-4.549,2,1,1,545.605,1.812,4,0,0.690,5,42.426,7101.394,1.000,0.358,3.765,0.727,1.690,0.242,0.136,0.864,0.746,0.700
2853,95.100,12.083,8.485,4.021,-1.002,2,1,1,547.245,1.758,4,0,0.690,5,0.000,7700.674,1.000,0.358,3.120,0.752,1.805,1.420,0.137,0.863,0.742,0.700
2856,95.200,8.246,7.616,-3.837,-0.870,2,1,1,544.923,1.735,4,0,0.690,5,222.596,6685.634,1.000,0.358,2.189,0.284,1.906,3.036,0.141,0.859,0.731,0.750
2859,95.300,1.000,10.050,-7.246,2.434,2,1,1,543.549,1.955,4,0,0.690,5,32.573,4883.718,1.000,0.358,1.895,0.594,1.965,0.279,0.142,0.858,0.712,0.700
2862,95.400,1.414,10.296,0.414,0.246,2,1,1,532.865,1.705,3,1,0.690,4,65.307,4378.968,1.000,0.358,2.003,0.543,1.901,0.758,0.129,0.871,0.619,0.750
2865,95.500,9.220,5.385,7.805,-4.910,2,1,1,535.093,1.698,3,0,0.724,3,29.155,4534.920,1.000,0.358,1.546,0.524,1.628,0.310,0.104,0.896,0.603,0.700
2868,95.600,2.000,1.414,-7.220,-3.971,2,1,1,536.296,1.683,3,0,0.759,3,38.328,3634.194,1.000,0.369,0.794,0.531,1.546,0.524,0.090,0.910,0.544,0.700
2871,95.700,2.828,3.162,0.828,1.748,2,1,1,538.098,1.703,3,1,0.724,3,3.162,3247.614,1.000,0.358,0.580,0.332,1.284,0.999,0.072,0.928,0.659,0.750
2874,95.800,2.236,3.162,-0.592,0.000,2,1,1,540.712,2.018,3,0,0.724,3,2.236,3295.425,1.000,0.358,0.547,0.573,0.879,0.157,0.072,0.928,0.641,0.580
2877,95.900,3.162,2.236,0.926,-0.926,2,1,1,544.541,2.047,3,0,0.759,3,1.000,2570.885,1.000,0.358,0.380,0.752,0.593,1.201,0.050,0.950,0.624,0.580
2880,96.000,5.385,3.606,2.223,1.369,2,1,1,544.266,1.746,4,1,0.724,4,398.001,5011.440,1.000,0.358,0.824,0.483,0.122,1.016,0.081,0.919,0.667,0.750
2883,96.100,12.207,2.828,6.821,-0.777,2,1,1,552.047,1.548,4,0,0.724,5,267.978,6353.415,1.000,0.358,1.734,0.407,0.566,0.533,0.102,0.898,0.733,0.750
2886,96.200,21.024,5.831,8.817,3.003,2,1,1,564.354,1.470,4,0,0.759,5,268.680,7388.334,1.000,0.358,2.264,0.224,0.807,0.076,0.107,0.893,0.808,0.750
2889,96.300,18.111,3.000,-2.913,-2.831,2,1,1,583.031,1.214,4,0,0.759,5,32.249,8049.704,1.000,0.358,2.041,0.318,1.002,0.605,0.155,0.845,0.779,0.580
2892,96.400,9.434,3.000,-8.677,0.000,2,1,1,595.010,1.115,4,0,0.759,5,0.000,8110.638,1.000,0.358,1.274,0.209,0.940,0.596,0.090,0.910,0.720,0.580
2895,96.500,7.616,1.414,-1.818,-1.586,2,1,1,601.333,1.352,4,0,0.759,5,33.526,9580.254,1.000,0.358,1.322,0.333,1.231,0.330,0.084,0.916,0.702,0.580
2898,96.600,5.000,1.414,-2.616,0.000,2,1,1,603.622,1.352,4,0,0.759,4,323.818,10872.670,1.000,0.358,0.780,0.440,1.464,0.187,0.068,0.932,0.666,0.750
2901,96.700,0.000,2.236,0.000,0.822,1,0,1,0.000,1.490,4,0,0.759,3,29.967,11000.219,1.000,0.358,1.042,0.101,1.734,0.493,0.084,0.916,0.586,0.700
2904,96.800,0.000,5.000,0.000,2.764,1,0,1,0.000,1.252,4,0,0.793,3,5.000,11093.358,1.000,0.369,1.696,0.214,1.929,0.241,0.116,0.884,0.610,0.700
2907,96.900,0.000,6.083,0.000,1.083,1,0,1,0.000,1.181,4,0,0.793,3,0.000,8643.829,1.000,0.369,2.288,0.223,1.883,0.168,0.101,0.899,0.630,0.700
2910,97.000,0.000,10.198,0.000,4.115,1,0,1,0.000,1.154,4,0,0.793,3,0.000,7516.429,1.000,0.369,2.279,0.250,1.725,0.379,0.095,0.905,0.651,0.700
2913,97.100,0.000,14.866,0.000,4.668,1,0,1,0.000,1.400,4,0,0.828,3,0.000,6291.829,1.000,0.369,3.009,0.198,1.522,0.112,0.101,0.899,0.699,0.700
2916,97.200,0.000,33.541,0.000,18.675,1,0,1,0.000,1.330,4,0,0.828,3,0.000,4685.239,1.000,0.369,4.009,0.266,1.184,0.052,0.106,0.894,0.823,0.350
2919,97.300,641.393,0.000,636.393,0.000,1,1,0,0.000,0.670,4,0,0.828,3,0.000,5764.484,1.000,0.369,4.895,0.428,0.806,0.386,0.162,0.838,0.897,0.500
2922,97.400,0.000,0.000,0.000,0.000,0,0,0,0.000,0.000,4,0,0.862,0,0.000,5764.484,0.967,0.369,4.113,0.237,0.482,0.052,0.106,0.894,0.372,0.650
2925,97.500,0.000,66.708,0.000,33.167,1,0,1,0.000,1.181,4,0,0.862,3,113.952,4844.680,0.967,0.360,2.743,0.476,0.158,0.185,0.119,0.881,0.836,0.650
2928,97.600,0.000,11.180,0.000,-55.528,1,0,1,0.000,0.991,4,0,0.862,3,58.523,3274.440,0.967,0.360,2.281,0.621,0.038,0.102,0.127,0.873,0.627,0.580
2931,97.700,0.000,457.053,0.000,445.872,1,0,1,0.000,1.062,4,0,0.897,2,20.248,3721.550,0.967,0.371,1.418,0.501,0.302,0.262,0.114,0.886,0.756,0.550
2934,97.800,469.248,466.142,-172.145,9.089,2,1,1,469.233,1.308,4,0,0.897,5,97.309,5175.089,0.967,0.371,1.586,0.603,0.365,1.049,0.122,0.878,0.893,0.650
2937,97.900,8.062,20.100,-461.186,-446.042,2,1,1,451.151,1.571,4,0,0.897,5,62.008,5279.150,0.967,0.371,1.764,0.467,0.328,0.536,0.111,0.889,0.769,0.580
2940,98.000,40.804,35.903,32.742,15.803,2,1,1,524.527,1.919,4,0,0.897,5,23.707,5962.758,0.967,0.371,5.073,0.179,0.730,1.569,0.144,0.856,0.987,0.550
2943,98.100,20.616,19.925,-20.189,-15.978,2,1,1,509.664,1.932,4,0,0.897,5,0.000,6297.835,0.967,0.371,4.653,0.413,1.459,1.719,0.125,0.875,0.848,0.700
2946,98.200,16.763,8.062,-3.852,-11.863,2,1,1,493.543,1.948,4,0,0.897,5,0.000,6365.038,0.967,0.371,2.183,0.743,2.386,0.811,0.109,0.891,0.742,0.700
2949,98.300,30.871,17.029,14.108,8.967,2,1,1,454.676,2.092,4,0,0.931,5,0.000,6683.415,0.967,0.371,3.191,0.626,2.796,1.147,0.122,0.878,0.853,0.700
2952,98.400,16.492,17.000,-14.378,-0.029,2,1,1,469.720,2.174,5,1,0.897,6,38.275,6393.654,0.967,0.360,1.435,0.546,3.047,0.326,0.087,0.913,0.738,0.750
2955,98.500,8.602,8.246,-7.890,-8.754,2,1,1,462.131,1.977,5,0,0.897,6,48.918,6325.288,0.967,0.350,2.589,0.728,2.784,0.642,0.107,0.893,0.708,0.700
2958,98.600,26.000,6.403,17.398,-1.843,2,1,1,481.009,1.674,5,0,0.931,6,0.000,6420.279,0.967,0.339,2.984,0.326,2.542,2.655,0.103,0.897,0.842,0.700
2961,98.700,34.525,23.409,8.525,17.006,2,1,1,425.001,1.786,5,0,0.931,6,14.866,6016.767,0.967,0.336,4.461,0.616,1.997,1.147,0.169,0.831,0.906,0.700
2964,98.800,10.050,35.171,-24.475,11.762,2,1,1,419.421,1.755,5,0,0.931,6,70.725,5307.265,0.967,0.311,3.305,0.117,1.392,1.128,0.144,0.856,0.916,0.550
2967,98.900,8.602,17.464,-1.448,-17.707,2,1,1,409.982,1.913,5,0,0.966,6,84.534,4157.288,0.967,0.311,4.380,0.310,0.781,2.703,0.114,0.886,0.831,0.550
2970,99.000,10.770,26.401,2.168,8.937,2,1,1,413.241,1.678,5,0,0.966,6,110.923,3700.544,0.967,0.311,6.074,0.758,0.574,0.949,0.138,0.862,0.891,0.616
2973,99.100,383.885,0.000,361.682,0.000,2,1,0,383.885,1.448,5,0,0.966,6,0.000,3456.494,0.967,0.311,6.097,0.801,0.683,0.388,0.106,0.894,0.992,0.500
2976,99.200,402.777,0.000,21.519,0.000,2,1,0,402.777,1.693,5,0,0.966,5,18.248,3692.910,0.967,0.311,2.886,0.321,0.879,0.319,0.139,0.861,0.946,0.480
2979,99.300,389.166,72.139,-13.611,45.738,2,1,1,424.011,1.743,5,1,0.931,6,27.019,4216.960,0.967,0.311,3.046,0.338,0.991,0.066,0.154,0.846,0.948,0.750
2982,99.400,0.000,373.225,0.000,-44.101,2,0,1,373.225,1.642,5,0,0.931,6,84.291,4838.144,0.967,0.311,3.017,0.529,1.087,0.098,0.165,0.835,0.934,0.500
2985,99.500,65.513,7.810,-323.652,-365.415,2,1,1,345.175,1.863,5,0,0.931,6,83.217,4700.748,0.967,0.311,2.680,0.355,1.152,0.962,0.148,0.852,0.938,0.500
2988,99.600,12.207,12.166,-53.307,4.355,2,1,1,338.179,1.906,4,1,0.897,5,88.278,4561.477,0.967,0.311,2.998,0.768,0.712,1.073,0.195,0.805,0.735,0.750
2991,99.700,19.235,16.125,7.029,3.959,2,1,1,362.791,1.976,4,0,0.897,5,83.150,4156.554,0.967,0.311,2.698,0.511,0.432,0.951,0.155,0.845,0.785,0.580
2994,99.800,29.547,24.839,10.311,8.715,2,1,1,369.087,2.027,4,0,0.897,5,24.698,3816.039,0.967,0.311,3.235,0.622,0.424,0.760,0.187,0.813,0.847,0.580
2997,99.900,9.220,23.324,-20.327,-1.516,2,1,1,356.140,1.952,5,1,0.862,6,41.677,3570.655,0.967,0.311,3.962,0.666,0.359,0.282,0.217,0.783,0.828,0.750
3000,100.000,25.298,23.087,16.079,-0.237,2,1,1,342.498,1.634,5,0,0.862,6,36.346,2868.979,0.967,0.311,4.379,0.662,0.525,2.233,0.225,0.775,0.850,0.580
3003,100.100,348.323,0.000,329.114,0.000,2,1,0,348.323,1.215,5,0,0.862,6,0.000,2536.214,0.967,0.311,4.812,0.774,0.609,0.133,0.244,0.756,0.962,0.500
3006,100.200,360.212,15.000,11.889,-8.087,2,1,1,355.039,1.360,4,1,0.828,5,0.000,2087.137,0.967,0.311,4.383,0.707,0.709,0.164,0.235,0.765,0.956,0.750
3009,100.300,19.313,3.162,-340.899,-11.838,2,1,1,370.864,1.094,4,0,0.828,5,0.000,1819.424,0.967,0.311,3.549,0.777,0.664,0.005,0.227,0.773,0.788,0.580
3012,100.400,14.422,6.708,-4.891,3.546,2,1,1,374.066,0.977,4,0,0.828,5,0.000,1567.094,1.000,0.311,3.930,0.743,0.826,0.026,0.223,0.777,0.776,0.580
3015,100.500,31.113,11.402,16.690,4.694,2,1,1,390.959,0.969,3,1,0.793,4,0.000,1369.900,1.000,0.324,4.629,0.717,0.771,0.087,0.225,0.775,0.788,0.750
3018,100.600,3.606,3.606,-27.507,-7.796,2,1,1,385.861,1.154,3,0,0.793,4,37.802,1305.494,1.000,0.324,4.464,0.893,0.420,0.357,0.204,0.796,0.619,0.580
3021,100.700,35.384,3.606,31.778,0.000,2,1,1,358.240,1.253,3,0,0.793,4,0.000,1240.625,1.000,0.324,4.549,0.653,0.148,0.034,0.213,0.787,0.815,0.450
3024,100.800,20.881,5.000,-14.503,1.394,2,1,1,355.563,1.275,4,1,0.759,5,0.000,1308.888,1.000,0.324,4.397,0.645,0.165,0.102,0.207,0.793,0.831,0.750
3027,100.900,18.682,11.180,-2.199,6.180,2,1,1,372.490,1.368,4,0,0.759,5,37.855,1751.624,1.000,0.324,3.204,0.665,0.169,0.394,0.190,0.810,0.787,0.580
3030,101.000,15.524,5.831,-3.157,-5.349,2,1,1,368.426,1.042,4,0,0.759,5,65.552,1767.549,1.000,0.324,3.472,0.495,0.125,0.052,0.203,0.797,0.788,0.580
3033,101.100,7.071,5.099,-8.453,-0.732,2,1,1,367.764,1.274,4,0,0.759,5,80.056,1983.209,1.000,0.336,2.034,0.589,0.293,0.712,0.170,0.830,0.699,0.580
3036,101.200,9.434,3.606,2.363,-1.493,2,1,1,372.236,1.422,4,0,0.759,5,80.000,2264.469,1.000,0.336,1.999,0.382,0.336,0.326,0.149,0.851,0.726,0.580
3039,101.300,38.184,2.000,28.750,-1.606,2,1,1,352.899,1.762,4,0,0.793,5,46.098,2322.205,1.000,0.336,3.556,0.838,0.278,0.727,0.173,0.827,0.892,0.450
3042,101.400,59.034,10.630,20.850,8.630,2,1,1,351.161,1.673,4,0,0.793,5,40.162,2568.439,1.000,0.336,3.302,0.760,0.293,0.242,0.195,0.805,0.929,0.350
3045,101.500,28.425,8.062,-30.609,-2.568,2,1,1,337.249,1.648,4,0,0.793,5,38.419,2374.637,1.000,0.336,2.417,0.399,0.134,0.366,0.132,0.868,0.840,0.450
3048,101.600,43.000,6.403,14.575,-1.659,2,1,1,358.666,1.622,4,0,0.793,5,38.079,2443.650,1.000,0.336,3.433,0.560,0.092,2.465,0.168,0.832,0.936,0.550
3051,101.700,20.518,5.831,-22.482,-0.572,2,1,1,378.600,1.940,4,0,0.793,5,144.903,2655.744,1.000,0.336,3.325,0.306,0.285,0.402,0.133,0.867,0.826,0.750
3054,101.800,21.260,3.162,0.742,-2.669,2,1,1,359.450,1.822,4,0,0.793,5,103.711,2440.695,1.000,0.336,1.956,0.703,0.345,2.711,0.105,0.895,0.768,0.580
3057,101.900,28.231,3.606,6.971,0.443,2,1,1,379.423,1.697,4,0,0.793,5,27.803,2374.900,1.000,0.324,2.345,0.614,0.459,3.002,0.149,0.851,0.822,0.550
3060,102.000,12.369,5.831,-15.862,2.225,2,1,1,382.059,1.447,5,1,0.759,6,138.600,2428.865,1.000,0.324,1.543,0.639,0.532,2.346,0.140,0.860,0.713,0.750
3063,102.100,30.000,5.099,17.631,-0.732,2,1,1,410.099,1.248,5,0,0.759,6,0.000,3861.078,1.000,0.324,2.906,0.527,0.733,2.131,0.177,0.823,0.852,0.550
3066,102.200,28.425,3.606,-1.575,-1.493,2,1,1,421.777,1.259,5,0,0.793,6,24.515,5354.244,1.000,0.324,2.103,0.663,0.933,2.042,0.171,0.829,0.814,0.550
3069,102.300,27.295,3.162,-1.131,-0.443,2,1,1,422.910,1.245,5,0,0.793,6,0.000,7177.169,1.000,0.324,2.369,0.716,1.303,0.154,0.240,0.760,0.811,0.350
3072,102.400,22.136,8.062,-5.159,4.900,2,1,1,442.233,1.254,5,0,0.793,6,20.396,9503.347,1.000,0.311,2.545,0.784,1.631,0.126,0.205,0.795,0.782,0.700
3075,102.500,22.672,1.414,0.536,-6.648,2,1,1,452.816,1.217,5,0,0.828,6,43.681,11698.964,1.000,0.311,2.763,0.723,1.740,0.130,0.200,0.800,0.794,0.700
3078,102.600,24.839,18.000,2.168,16.586,2,1,1,481.864,0.838,3,1,0.793,4,258.805,11877.144,1.000,0.311,1.866,0.582,2.063,0.013,0.128,0.872,0.694,0.750
3081,102.700,0.000,0.000,0.000,0.000,0,0,0,0.000,0.000,3,0,0.793,0,258.805,11877.144,0.967,0.311,13.441,0.083,1.664,0.246,0.360,0.640,0.380,0.750
3084,102.800,237.622,0.000,212.782,0.000,1,1,0,0.000,0.784,2,1,0.793,1,150.333,11741.109,0.967,0.315,0.639,0.895,0.555,2.229,0.084,0.916,0.609,0.750
3087,102.900,17.889,0.000,-219.733,0.000,1,1,0,0.000,0.805,2,0,0.793,1,22.561,10802.717,0.967,0.327,0.572,0.897,0.817,0.296,0.086,0.914,0.457,0.450
3090,103.000,7.000,207.022,-10.889,189.022,2,1,1,474.641,0.893,2,0,0.793,2,10.296,10688.408,0.967,0.339,0.787,0.907,0.970,0.196,0.109,0.891,0.752,0.650
3093,103.100,8.246,8.246,1.246,-198.776,2,1,1,480.021,0.973,2,0,0.828,2,5.831,10478.029,0.967,0.339,0.901,0.925,0.896,0.363,0.131,0.869,0.550,0.580
3096,103.200,0.000,10.817,-8.246,2.570,2,1,1,488.480,1.057,2,0,0.828,2,5.385,10242.574,0.967,0.350,0.684,0.486,1.044,2.297,0.085,0.915,0.589,0.550
3099,103.300,3.606,5.385,3.606,-5.431,2,1,1,493.243,1.107,2,0,0.828,2,1.000,9035.837,0.967,0.350,0.299,0.749,1.210,3.052,0.034,0.966,0.531,0.580
3102,103.400,4.123,4.472,0.518,-0.913,2,1,1,487.052,1.404,2,0,0.862,2,3.162,8721.348,0.967,0.360,0.964,0.929,1.102,0.313,0.120,0.880,0.530,0.580
3105,103.500,1.414,9.487,-2.709,5.015,2,1,1,485.650,1.834,2,0,0.862,2,4.472,8460.368,0.967,0.371,0.590,0.852,1.061,0.545,0.076,0.924,0.554,0.350
3108,103.600,1.000,5.000,-0.414,-4.487,2,1,1,488.256,1.692,2,0,0.862,2,2.236,8164.615,0.967,0.371,0.505,0.524,0.890,0.881,0.063,0.937,0.550,0.580
3111,103.700,2.828,6.403,1.828,1.403,2,1,1,482.499,1.640,2,0,0.897,2,10.050,6796.828,0.967,0.381,0.397,0.741,1.034,0.631,0.046,0.954,0.540,0.580
3114,103.800,9.849,9.899,7.020,3.496,2,1,1,498.231,1.978,2,0,0.897,2,10.440,6464.914,0.967,0.381,0.906,0.935,1.088,0.929,0.112,0.888,0.558,0.350
3117,103.900,10.198,8.246,0.349,-1.653,2,1,1,487.083,2.074,2,0,0.897,2,15.811,6080.735,0.967,0.391,0.437,0.722,1.236,0.486,0.058,0.942,0.563,0.350
3120,104.000,5.385,7.071,-4.813,-1.175,2,1,1,492.318,2.300,2,0,0.897,2,3.162,4434.804,0.967,0.400,0.546,0.693,1.418,2.382,0.073,0.927,0.550,0.700
3123,104.100,4.123,2.000,-1.262,-5.071,2,1,1,498.375,2.404,2,0,0.897,2,3.162,3896.210,0.967,0.400,0.294,0.071,1.681,1.603,0.040,0.960,0.571,0.700
3126,104.200,7.000,4.472,2.877,2.472,2,1,1,487.562,2.633,2,0,0.897,2,2.236,3569.487,0.967,0.410,0.349,0.576,1.803,0.005,0.043,0.957,0.553,0.700
3129,104.300,5.831,10.198,-1.169,5.726,2,1,1,491.757,2.452,2,0,0.897,2,1.000,3170.834,0.967,0.419,0.533,0.319,0.988,0.516,0.063,0.937,0.594,0.350
3132,104.400,3.162,12.083,-2.669,1.885,2,1,1,505.285,2.374,2,0,0.897,2,5.831,1263.898,0.967,0.419,0.968,0.793,0.895,0.260,0.089,0.911,0.582,0.350
3135,104.500,508.575,506.428,505.413,494.345,2,1,1,509.883,2.315,3,1,0.862,4,0.000,537.898,0.967,0.428,3.467,0.654,0.802,0.205,0.141,0.859,0.837,0.750
3138,104.600,532.962,0.000,8.759,0.000,2,1,0,532.962,2.305,3,0,0.862,3,0.000,37.837,0.967,0.428,11.627,0.660,0.692,0.238,0.157,0.843,0.950,0.500
3141,104.700,516.350,0.000,7.098,0.000,2,1,0,516.350,2.638,4,1,0.828,6,0.000,142.570,0.967,0.428,6.988,0.582,0.389,0.728,0.162,0.838,1.000,0.750
3144,104.800,6.083,0.000,-510.267,0.000,1,1,0,0.000,2.643,4,0,0.828,2,0.000,142.570,0.967,0.437,5.352,0.374,0.188,0.986,0.179,0.821,0.647,0.650
3147,104.900,33.601,0.000,27.518,0.000,1,1,0,0.000,2.377,4,0,0.862,2,0.000,142.570,0.967,0.446,5.211,0.558,0.040,0.388,0.190,0.810,0.784,0.450
3150,105.000,16.401,0.000,-17.199,0.000,1,1,0,0.000,2.740,6,1,0.828,1,0.000,142.570,0.967,0.446,4.790,0.699,0.081,1.231,0.193,0.807,0.608,0.750
3153,105.100,483.104,495.331,466.702,-11.096,2,1,1,470.106,2.691,6,0,0.828,5,61.522,283.688,0.967,0.454,4.590,0.862,0.191,1.213,0.206,0.794,0.920,0.650
3156,105.200,0.000,482.813,0.000,-12.519,1,0,1,0.000,2.389,6,0,0.828,4,72.498,394.540,0.967,0.454,4.971,0.707,0.327,2.070,0.214,0.786,0.861,0.650
3159,105.300,519.181,24.839,36.078,-457.973,2,1,1,515.259,2.687,3,1,0.793,3,109.202,687.328,0.967,0.444,7.443,0.335,0.456,0.671,0.213,0.787,0.959,0.750
3162,105.400,43.139,18.385,-476.042,-6.455,2,1,1,471.344,2.599,3,0,0.793,3,85.475,982.359,0.967,0.444,7.540,0.645,0.623,1.101,0.240,0.760,0.929,0.450
3165,105.500,493.447,0.000,450.308,0.000,1,1,0,0.000,2.305,3,0,0.828,2,64.475,1133.775,0.967,0.444,8.176,0.610,0.812,0.479,0.263,0.737,0.843,0.650
3168,105.600,32.650,0.000,-460.797,0.000,1,1,0,0.000,1.978,5,1,0.793,3,0.000,1087.534,0.967,0.435,6.213,0.646,1.018,1.715,0.261,0.739,0.815,0.750
3171,105.700,28.018,0.000,-4.632,0.000,1,1,0,0.000,1.671,5,0,0.828,3,0.000,1029.744,1.000,0.435,5.945,0.814,1.169,0.789,0.264,0.736,0.775,0.580
3174,105.800,26.077,0.000,-1.941,0.000,1,1,0,0.000,1.662,5,0,0.828,3,0.000,1030.689,1.000,0.426,12.776,0.843,23.337,0.200,0.285,0.715,0.814,0.700
3177,105.900,30.364,0.000,4.288,0.000,1,1,0,0.000,1.304,3,1,0.793,2,0.000,1182.429,1.000,0.426,15.004,0.803,27.176,0.017,0.300,0.700,0.752,0.750
3180,106.000,47.381,116.039,17.017,97.654,2,1,1,63.891,2.176,3,0,0.793,4,0.000,1182.429,1.000,0.417,15.949,0.837,28.706,0.061,0.306,0.694,0.941,0.700
3183,106.100,27.514,0.000,-19.868,0.000,1,1,0,0.000,0.718,3,0,0.793,1,0.000,1182.429,1.000,0.426,15.189,0.826,9.824,0.025,0.307,0.693,0.675,0.700
3186,106.200,25.318,0.000,-2.196,0.000,1,1,0,0.000,0.478,4,1,0.759,2,0.000,1182.429,1.000,0.426,15.911,0.828,2.459,0.150,0.313,0.687,0.793,0.750
3189,106.300,46.011,0.000,20.693,0.000,1,1,0,0.000,0.400,4,0,0.759,1,0.000,1182.429,1.000,0.426,14.901,0.904,2.277,0.446,0.314,0.686,0.852,0.700
3192,106.400,0.000,0.000,0.000,0.000,0,0,0,0.000,0.000,4,0,0.759,0,0.000,1182.429,0.967,0.426,16.769,0.785,2.315,0.058,0.310,0.690,0.431,0.700
3195,106.500,0.000,0.000,0.000,0.000,0,0,0,0.000,0.000,4,0,0.759,0,0.000,1182.429,0.933,0.426,18.730,0.598,2.422,0.202,0.301,0.699,0.440,0.700
3198,106.600,0.000,0.000,0.000,0.000,0,0,0,0.000,0.000,4,0,0.759,0,0.000,1182.429,0.900,0.426,15.066,0.447,2.622,0.241,0.293,0.707,0.447,0.700
3201,106.700,0.000,0.000,0.000,0.000,0,0,0,0.000,0.000,4,0,0.759,0,0.000,1182.429,0.867,0.426,12.911,0.232,2.783,0.305,0.287,0.713,0.458,0.700
3204,106.800,0.000,0.000,0.000,0.000,0,0,0,0.000,0.000,6,1,0.724,0,0.000,1182.429,0.833,0.426,13.081,0.346,2.902,0.290,0.286,0.714,0.446,0.750
3207,106.900,0.000,0.000,0.000,0.000,0,0,0,0.000,0.000,6,0,0.724,0,0.000,1182.429,0.800,0.426,16.996,0.500,2.815,0.290,0.277,0.723,0.431,0.700
3210,107.000,0.000,0.000,0.000,0.000,0,0,0,0.000,0.000,6,0,0.724,0,0.000,1182.429,0.767,0.426,15.621,0.755,2.875,0.073,0.269,0.731,0.409,0.700
3213,107.100,0.000,0.000,0.000,0.000,0,0,0,0.000,0.000,6,1,0.690,0,0.000,1182.429,0.733,0.426,9.912,0.550,2.900,0.020,0.263,0.737,0.419,0.750
3216,107.200,0.000,0.000,0.000,0.000,0,0,0,0.000,0.000,6,0,0.690,0,0.000,1182.429,0.700,0.426,7.560,0.433,3.072,0.209,0.259,0.741,0.413,0.700
3219,107.300,0.000,0.000,0.000,0.000,0,0,0,0.000,0.000,6,0,0.690,0,0.000,1182.429,0.667,0.426,5.398,0.489,3.317,0.729,0.204,0.796,0.351,0.700
3222,107.400,0.000,0.000,0.000,0.000,0,0,0,0.000,0.000,6,0,0.724,0,0.000,1182.429,0.633,0.426,3.619,0.185,2.633,1.077,0.178,0.822,0.324,0.700
3225,107.500,0.000,611.910,0.000,495.871,1,0,1,0.000,2.434,6,0,0.724,5,0.000,4365.388,0.633,0.250,3.474,0.480,1.821,0.612,0.197,0.803,0.829,0.700
3228,107.600,0.000,43.417,0.000,-568.494,1,0,1,0.000,2.553,6,0,0.759,5,132.231,5453.419,0.633,0.244,6.776,0.768,1.135,1.792,0.237,0.763,0.883,0.735
3231,107.700,0.000,423.193,0.000,341.700,2,0,1,423.193,2.198,3,1,0.724,4,132.231,5453.419,0.633,0.244,7.772,0.362,0.845,1.292,0.247,0.753,0.925,0.750
3234,107.800,469.345,499.512,423.334,76.319,2,1,1,519.353,2.184,3,0,0.724,4,132.231,5453.419,0.633,0.250,7.977,0.465,0.510,0.229,0.257,0.743,0.923,0.735
3237,107.900,0.000,0.000,0.000,0.000,0,0,0,0.000,0.000,3,0,0.759,0,132.231,5453.419,0.600,0.250,6.633,0.754,0.253,2.665,0.252,0.748,0.255,0.735
3240,108.000,0.000,0.000,0.000,0.000,0,0,0,0.000,0.000,5,1,0.724,0,132.231,5453.419,0.567,0.250,7.089,0.788,0.066,2.569,0.259,0.741,0.360,0.750
3243,108.100,0.000,0.000,0.000,0.000,0,0,0,0.000,0.000,5,0,0.724,0,132.231,5453.419,0.533,0.250,8.966,0.810,0.417,1.077,0.286,0.714,0.377,0.735
3246,108.200,0.000,0.000,0.000,0.000,0,0,0,0.000,0.000,5,0,0.759,0,132.231,5453.419,0.500,0.250,6.320,0.894,0.685,0.628,0.273,0.727,0.325,0.735
3249,108.300,0.000,0.000,0.000,0.000,0,0,0,0.000,0.000,5,0,0.759,0,132.231,5453.419,0.467,0.250,9.836,0.818,0.986,0.507,0.292,0.708,0.369,0.735
3252,108.400,0.000,0.000,0.000,0.000,0,0,0,0.000,0.000,5,0,0.759,0,132.231,5453.419,0.433,0.250,11.864,0.653,1.196,0.150,0.298,0.702,0.376,0.735
3255,108.500,0.000,0.000,0.000,0.000,0,0,0,0.000,0.000,5,0,0.793,0,132.231,5453.419,0.400,0.250,11.530,0.617,1.507,0.018,0.278,0.722,0.375,0.735
3258,108.600,0.000,0.000,0.000,0.000,0,0,0,0.000,0.000,5,0,0.793,0,132.231,5453.419,0.367,0.250,9.372,0.643,1.841,0.267,0.245,0.755,0.369,0.735
3261,108.700,0.000,0.000,0.000,0.000,0,0,0,0.000,0.000,5,0,0.793,0,132.231,5453.419,0.333,0.250,5.321,0.948,2.218,1.490,0.266,0.734,0.277,0.735
3264,108.800,0.000,0.000,0.000,0.000,0,0,0,0.000,0.000,5,0,0.828,0,132.231,5453.419,0.300,0.250,4.032,0.823,2.543,0.669,0.282,0.718,0.249,0.735
3267,108.900,0.000,0.000,0.000,0.000,0,0,0,0.000,0.000,4,1,0.793,0,132.231,5453.419,0.267,0.250,3.151,0.791,1.855,0.549,0.231,0.769,0.225,0.750
3270,109.000,0.000,0.000,0.000,0.000,0,0,0,0.000,0.000,4,0,0.793,0,132.231,5453.419,0.233,0.250,2.445,0.428,1.340,0.178,0.223,0.777,0.229,0.735
3273,109.100,0.000,0.000,0.000,0.000,0,0,0,0.000,0.000,4,0,0.828,0,132.231,5453.419,0.200,0.250,3.329,0.868,1.035,0.868,0.269,0.731,0.216,0.735
3276,109.200,0.000,0.000,0.000,0.000,0,0,0,0.000,0.000,4,0,0.828,0,132.231,5453.419,0.167,0.250,3.531,0.924,0.944,0.021,0.278,0.722,0.214,0.735
3279,109.300,0.000,0.000,0.000,0.000,0,0,0,0.000,0.000,4,0,0.828,0,132.231,5453.419,0.133,0.250,2.571,0.905,0.898,0.310,0.239,0.761,0.187,0.735
3282,109.400,0.000,0.000,0.000,0.000,0,0,0,0.000,0.000,4,0,0.828,0,132.231,5453.419,0.133,0.250,1.572,0.901,0.885,0.271,0.189,0.811,0.162,0.735
3285,109.500,0.000,0.000,0.000,0.000,0,0,0,0.000,0.000,4,1,0.793,0,132.231,5453.419,0.133,0.250,0.777,0.644,0.847,2.239,0.126,0.874,0.160,0.750
3288,109.600,0.000,0.000,0.000,0.000,0,0,0,0.000,0.000,4,0,0.793,0,132.231,5453.419,0.133,0.250,1.033,0.937,0.873,0.514,0.175,0.825,0.146,0.735
3291,109.700,0.000,0.000,0.000,0.000,0,0,0,0.000,0.000,4,0,0.828,0,132.231,5453.419,0.133,0.250,0.940,0.938,0.968,0.033,0.156,0.844,0.144,0.735
3294,109.800,0.000,0.000,0.000,0.000,0,0,0,0.000,0.000,4,0,0.828,0,132.231,5453.419,0.133,0.250,0.216,0.708,0.974,0.777,0.035,0.965,0.142,0.735
3297,109.900,0.000,0.000,0.000,0.000,0,0,0,0.000,0.000,4,0,0.828,0,132.231,5453.419,0.133,0.250,0.424,0.370,1.138,0.614,0.080,0.920,0.171,0.735
3300,110.000,0.000,0.000,0.000,0.000,0,0,0,0.000,0.000,5,1,0.828,0,132.231,5453.419,0.133,0.250,2.644,0.897,1.526,0.409,0.244,0.756,0.189,0.750
