frame_idx,timestamp,hand_velocity_left,hand_velocity_right,hand_acceleration_left,hand_acceleration_right,hands_present,grip_state_left,grip_state_right,hand_distance,trajectory_curvature,num_tools,tool_changed,tool_stability,num_interactions,contact_point_shift,contact_point_variance,interaction_density,interaction_rhythm,flow_magnitude,flow_uniformity,flow_discontinuity,direction_change,scene_change_score,visual_stability,activity_level,transition_score
0,0.000,0.000,0.000,0.000,0.000,0,0,0,0.000,0.000,4,0,1.000,0,0.000,0.000,0.000,0.000,0.000,1.000,0.000,0.000,0.000,1.000,0.100,0.000
2,0.080,0.000,0.000,0.000,0.000,0,0,0,0.000,0.000,5,1,0.000,0,0.000,0.000,0.000,0.000,1.132,0.880,0.000,2.494,0.156,0.844,0.137,0.750
4,0.160,0.000,0.000,0.000,0.000,0,0,0,0.000,0.000,5,0,0.500,0,0.000,0.000,0.000,0.000,1.038,0.899,0.000,1.427,0.112,0.888,0.133,0.550
6,0.240,0.000,0.000,0.000,0.000,0,0,0,0.000,0.000,5,0,0.667,0,0.000,0.000,0.000,0.000,1.200,0.942,0.000,0.752,0.112,0.888,0.134,0.000
8,0.320,0.000,0.000,0.000,0.000,0,0,0,0.000,0.000,5,0,0.750,0,0.000,0.000,0.000,0.000,2.124,0.948,0.000,0.448,0.125,0.875,0.157,0.000
10,0.400,0.000,0.000,0.000,0.000,0,0,0,0.000,0.000,5,0,0.800,0,0.000,0.000,0.000,0.000,2.516,0.928,0.000,0.112,0.130,0.870,0.168,0.000
12,0.480,0.000,0.000,0.000,0.000,0,0,0,0.000,0.000,4,1,0.667,0,0.000,0.000,0.000,0.000,2.773,0.910,0.000,0.196,0.139,0.861,0.176,0.750
14,0.560,0.000,0.000,0.000,0.000,0,0,0,0.000,0.000,4,0,0.714,0,0.000,0.000,0.000,0.000,3.183,0.890,0.000,0.154,0.130,0.870,0.187,0.000
16,0.640,0.000,0.000,0.000,0.000,0,0,0,0.000,0.000,4,0,0.750,0,0.000,0.000,0.000,0.000,3.688,0.890,0.000,0.047,0.132,0.868,0.200,0.000
18,0.720,0.000,0.000,0.000,0.000,1,0,0,0.000,0.000,6,1,0.667,2,0.000,0.000,0.100,0.000,4.432,0.838,0.000,0.036,0.135,0.865,0.344,0.750
20,0.800,21.541,0.000,21.541,0.000,1,0,0,0.000,0.000,6,0,0.700,2,0.000,0.000,0.182,0.414,4.887,0.846,0.000,0.055,0.136,0.864,0.484,0.550
22,0.880,17.205,0.000,-4.336,0.000,1,0,0,0.000,0.000,6,0,0.727,2,24.413,0.000,0.250,0.449,4.398,0.897,0.000,0.123,0.134,0.866,0.453,0.000
24,0.960,10.817,0.000,-6.388,0.000,1,0,0,0.000,0.363,6,1,0.667,2,12.083,110.667,0.308,0.464,3.066,0.955,0.000,0.098,0.133,0.867,0.387,0.750
26,1.040,6.325,0.000,-4.492,0.000,1,0,0,0.000,0.636,6,0,0.692,1,10.050,139.719,0.357,0.500,1.569,0.973,0.000,0.358,0.119,0.881,0.299,0.000
28,1.120,5.099,0.000,-1.226,0.000,1,0,0,0.000,0.466,6,0,0.714,1,10.050,139.719,0.400,0.528,1.356,0.874,0.000,1.149,0.120,0.880,0.299,0.000
30,1.200,6.325,0.000,1.226,0.000,1,1,0,0.000,0.380,6,1,0.667,1,11.662,168.360,0.438,0.551,1.624,0.903,0.000,0.018,0.122,0.878,0.395,0.750
32,1.280,0.000,0.000,0.000,0.000,0,0,0,0.000,0.000,6,0,0.688,0,11.662,168.360,0.412,0.551,1.529,0.923,0.000,0.033,0.120,0.880,0.193,0.650
34,1.360,0.000,0.000,0.000,0.000,0,0,0,0.000,0.000,6,0,0.706,0,11.662,168.360,0.389,0.551,1.659,0.936,0.000,0.207,0.120,0.880,0.193,0.580
36,1.440,0.000,0.000,0.000,0.000,0,0,0,0.000,0.000,5,1,0.667,0,11.662,168.360,0.368,0.551,1.859,0.932,0.000,0.003,0.121,0.879,0.195,0.750
38,1.520,0.000,0.000,0.000,0.000,0,0,0,0.000,0.000,5,0,0.684,0,11.662,168.360,0.350,0.551,1.951,0.936,0.000,0.096,0.112,0.888,0.195,0.580
40,1.600,0.000,0.000,0.000,0.000,0,0,0,0.000,0.000,5,0,0.700,0,11.662,168.360,0.333,0.551,1.842,0.937,0.000,0.083,0.116,0.884,0.190,0.580
42,1.680,0.000,0.000,0.000,0.000,0,0,0,0.000,0.000,6,0,0.714,0,11.662,168.360,0.318,0.551,1.525,0.938,0.000,0.064,0.111,0.889,0.181,0.580
44,1.760,0.000,0.000,0.000,0.000,0,0,0,0.000,0.000,5,1,0.682,0,11.662,168.360,0.304,0.551,0.984,0.887,0.000,0.168,0.099,0.901,0.169,0.750
46,1.840,0.000,0.000,0.000,0.000,0,0,0,0.000,0.000,5,0,0.696,0,11.662,168.360,0.292,0.551,0.741,0.888,0.000,0.176,0.095,0.905,0.161,0.580
48,1.920,0.000,0.000,0.000,0.000,0,0,0,0.000,0.000,5,0,0.708,0,11.662,168.360,0.280,0.551,0.507,0.908,0.000,0.672,0.099,0.901,0.153,0.580
50,2.000,0.000,0.000,0.000,0.000,0,0,0,0.000,0.000,5,0,0.720,0,11.662,168.360,0.269,0.551,0.321,0.873,0.000,0.170,0.061,0.939,0.149,0.580
52,2.080,0.000,0.000,0.000,0.000,0,0,0,0.000,0.000,5,0,0.731,0,11.662,168.360,0.259,0.551,0.269,0.363,0.000,2.783,0.044,0.956,0.182,0.580
54,2.160,0.000,0.000,0.000,0.000,0,0,0,0.000,0.000,5,0,0.741,0,11.662,168.360,0.250,0.551,0.383,0.919,0.000,1.107,0.076,0.924,0.145,0.580
56,2.240,0.000,0.000,0.000,0.000,0,0,0,0.000,0.000,5,0,0.750,0,11.662,168.360,0.241,0.551,0.766,0.951,0.000,0.486,0.104,0.896,0.152,0.580
58,2.320,0.000,0.000,0.000,0.000,0,0,0,0.000,0.000,5,0,0.759,0,11.662,168.360,0.233,0.551,1.027,0.910,0.000,0.058,0.098,0.902,0.160,0.580
60,2.400,0.000,0.000,0.000,0.000,0,0,0,0.000,0.000,6,1,0.759,0,11.662,168.360,0.233,0.551,1.392,0.936,0.000,1.102,0.118,0.882,0.167,0.750
62,2.480,0.000,0.000,0.000,0.000,0,0,0,0.000,0.000,5,1,0.724,0,11.662,168.360,0.233,0.551,0.849,0.909,1.173,0.143,0.108,0.892,0.156,0.750
64,2.560,0.000,0.000,0.000,0.000,0,0,0,0.000,0.000,5,0,0.724,0,11.662,168.360,0.233,0.551,0.389,0.918,1.257,2.584,0.069,0.931,0.143,0.580
66,2.640,0.000,0.000,0.000,0.000,0,0,0,0.000,0.000,4,0,0.724,0,11.662,168.360,0.233,0.551,0.613,0.917,1.409,0.207,0.091,0.909,0.149,0.700
68,2.720,0.000,0.000,0.000,0.000,0,0,0,0.000,0.000,4,0,0.724,0,11.662,168.360,0.233,0.551,0.569,0.901,1.573,0.122,0.083,0.917,0.149,0.700
70,2.800,0.000,0.000,0.000,0.000,0,0,0,0.000,0.000,4,0,0.759,0,11.662,168.360,0.233,0.551,0.464,0.852,1.634,0.055,0.072,0.928,0.150,0.700
72,2.880,0.000,0.000,0.000,0.000,0,0,0,0.000,0.000,4,0,0.759,0,11.662,168.360,0.233,0.551,0.430,0.849,1.647,0.556,0.082,0.918,0.149,0.700
74,2.960,0.000,0.000,0.000,0.000,0,0,0,0.000,0.000,4,0,0.759,0,11.662,168.360,0.233,0.551,0.595,0.949,1.595,0.299,0.097,0.903,0.146,0.700
76,3.040,0.000,0.000,0.000,0.000,0,0,0,0.000,0.000,5,1,0.759,0,11.662,168.360,0.233,0.551,0.790,0.971,1.436,0.251,0.099,0.901,0.150,0.750
78,3.120,0.000,0.000,0.000,0.000,0,0,0,0.000,0.000,5,0,0.759,0,11.662,168.360,0.200,0.551,0.791,0.978,1.259,0.273,0.094,0.906,0.145,0.580
80,3.200,0.000,0.000,0.000,0.000,0,0,0,0.000,0.000,5,0,0.759,0,11.662,168.360,0.167,0.551,0.774,0.976,1.108,0.272,0.096,0.904,0.141,0.580
82,3.280,0.000,0.000,0.000,0.000,0,0,0,0.000,0.000,4,1,0.759,0,11.662,168.360,0.133,0.551,0.423,0.962,1.016,0.440,0.082,0.918,0.129,0.750
84,3.360,0.000,0.000,0.000,0.000,0,0,0,0.000,0.000,5,1,0.724,0,11.662,168.360,0.100,0.551,0.216,0.178,0.994,1.889,0.039,0.961,0.175,0.750
86,3.440,0.000,0.000,0.000,0.000,0,0,0,0.000,0.000,5,0,0.724,0,11.662,168.360,0.067,0.551,0.302,0.841,0.908,1.943,0.056,0.944,0.127,0.580
88,3.520,0.000,0.000,0.000,0.000,0,0,0,0.000,0.000,6,1,0.724,0,11.662,168.360,0.033,0.551,0.977,0.971,0.867,1.151,0.109,0.891,0.130,0.750
90,3.600,0.000,0.000,0.000,0.000,0,0,0,0.000,0.000,6,0,0.724,0,11.662,168.360,0.000,0.551,1.440,0.989,0.838,0.327,0.116,0.884,0.137,0.580
92,3.680,0.000,0.000,0.000,0.000,0,0,0,0.000,0.000,6,0,0.724,0,11.662,168.360,0.000,0.551,2.267,0.989,0.821,0.283,0.122,0.878,0.157,0.580
94,3.760,0.000,0.000,0.000,0.000,0,0,0,0.000,0.000,6,0,0.759,0,11.662,168.360,0.000,0.551,2.442,0.986,0.587,0.099,0.123,0.877,0.162,0.580
96,3.840,0.000,0.000,0.000,0.000,0,0,0,0.000,0.000,5,0,0.759,0,11.662,168.360,0.000,0.551,2.280,0.981,0.199,0.164,0.125,0.875,0.158,0.580
98,3.920,0.000,0.000,0.000,0.000,0,0,0,0.000,0.000,5,0,0.759,0,11.662,168.360,0.000,0.551,1.556,0.985,0.152,0.007,0.117,0.883,0.140,0.580
100,4.000,0.000,0.000,0.000,0.000,0,0,0,0.000,0.000,4,1,0.724,0,11.662,168.360,0.000,0.551,0.491,0.960,0.525,0.323,0.083,0.917,0.115,0.750
102,4.080,0.000,0.000,0.000,0.000,0,0,0,0.000,0.000,4,0,0.759,0,11.662,168.360,0.000,0.551,0.218,0.473,0.906,1.164,0.043,0.957,0.142,0.580
104,4.160,0.000,0.000,0.000,0.000,0,0,0,0.000,0.000,4,0,0.759,0,11.662,168.360,0.000,0.551,0.307,0.799,1.293,0.034,0.062,0.938,0.122,0.580
106,4.240,0.000,0.000,0.000,0.000,0,0,0,0.000,0.000,4,0,0.759,0,11.662,168.360,0.000,0.551,0.478,0.951,1.377,0.666,0.092,0.908,0.115,0.580
108,4.320,0.000,0.000,0.000,0.000,0,0,0,0.000,0.000,5,1,0.724,0,11.662,168.360,0.000,0.551,0.751,0.968,1.287,0.615,0.098,0.902,0.121,0.750
110,4.400,0.000,0.000,0.000,0.000,0,0,0,0.000,0.000,5,0,0.724,0,11.662,168.360,0.000,0.551,0.787,0.964,1.208,0.290,0.101,0.899,0.122,0.580
112,4.480,0.000,0.000,0.000,0.000,0,0,0,0.000,0.000,4,1,0.690,0,11.662,168.360,0.000,0.551,0.753,0.952,1.154,0.213,0.105,0.895,0.122,0.750
114,4.560,0.000,0.000,0.000,0.000,0,0,0,0.000,0.000,4,0,0.690,0,11.662,168.360,0.000,0.551,0.819,0.973,1.252,0.116,0.109,0.891,0.122,0.580
116,4.640,0.000,0.000,0.000,0.000,0,0,0,0.000,0.000,4,0,0.690,0,11.662,168.360,0.000,0.551,0.694,0.961,1.365,0.130,0.105,0.895,0.120,0.580
118,4.720,0.000,0.000,0.000,0.000,0,0,0,0.000,0.000,4,0,0.724,0,11.662,168.360,0.000,0.551,0.440,0.966,1.498,0.177,0.083,0.917,0.113,0.700
120,4.800,0.000,0.000,0.000,0.000,0,0,0,0.000,0.000,4,0,0.759,0,11.662,168.360,0.000,0.551,0.143,0.122,1.407,2.770,0.025,0.975,0.165,0.700
122,4.880,0.000,0.000,0.000,0.000,0,0,0,0.000,0.000,4,0,0.759,0,11.662,168.360,0.000,0.551,0.150,0.080,1.069,0.187,0.027,0.973,0.168,0.580
124,4.960,0.000,0.000,0.000,0.000,0,0,0,0.000,0.000,4,0,0.759,0,11.662,168.360,0.000,0.551,0.129,0.427,0.168,0.436,0.024,0.976,0.143,0.580
126,5.040,0.000,0.000,0.000,0.000,0,0,0,0.000,0.000,4,0,0.759,0,11.662,168.360,0.000,0.551,0.087,0.302,0.318,0.122,0.014,0.986,0.151,0.580
128,5.120,0.000,0.000,0.000,0.000,0,0,0,0.000,0.000,4,0,0.759,0,11.662,168.360,0.000,0.551,0.080,0.241,0.633,3.106,0.013,0.987,0.155,0.580
130,5.200,0.000,0.000,0.000,0.000,0,0,0,0.000,0.000,4,0,0.759,0,11.662,168.360,0.000,0.551,0.115,0.514,0.852,0.820,0.021,0.979,0.137,0.580
132,5.280,0.000,0.000,0.000,0.000,0,0,0,0.000,0.000,4,0,0.759,0,11.662,168.360,0.000,0.551,0.115,0.342,0.891,0.301,0.020,0.980,0.149,0.580
134,5.360,0.000,0.000,0.000,0.000,0,0,0,0.000,0.000,4,0,0.793,0,11.662,168.360,0.000,0.551,0.134,0.308,0.865,0.088,0.025,0.975,0.152,0.580
136,5.440,0.000,0.000,0.000,0.000,0,0,0,0.000,0.000,4,0,0.793,0,11.662,168.360,0.000,0.551,0.082,0.567,0.838,0.524,0.014,0.986,0.132,0.580
138,5.520,0.000,0.000,0.000,0.000,0,0,0,0.000,0.000,4,0,0.793,0,11.662,168.360,0.000,0.551,0.079,0.629,0.834,2.998,0.014,0.986,0.128,0.580
140,5.600,0.000,0.000,0.000,0.000,0,0,0,0.000,0.000,4,0,0.828,0,11.662,168.360,0.000,0.551,0.090,0.085,0.888,0.017,0.016,0.984,0.166,0.580
142,5.680,0.000,0.000,0.000,0.000,0,0,0,0.000,0.000,4,0,0.862,0,11.662,168.360,0.000,0.551,0.173,0.531,0.949,0.370,0.032,0.968,0.137,0.580
144,5.760,0.000,0.000,0.000,0.000,0,0,0,0.000,0.000,4,0,0.862,0,11.662,168.360,0.000,0.551,0.236,0.479,1.044,0.242,0.049,0.951,0.142,0.580
146,5.840,0.000,0.000,0.000,0.000,0,0,0,0.000,0.000,4,0,0.897,0,11.662,168.360,0.000,0.551,0.131,0.274,1.191,0.389,0.023,0.977,0.154,0.580
148,5.920,0.000,0.000,0.000,0.000,0,0,0,0.000,0.000,4,0,0.897,0,11.662,168.360,0.000,0.551,0.139,0.605,1.315,2.872,0.024,0.976,0.131,0.580
150,6.000,0.000,0.000,0.000,0.000,0,0,0,0.000,0.000,4,0,0.897,0,11.662,168.360,0.000,0.551,0.243,0.696,1.261,0.182,0.046,0.954,0.127,0.580
152,6.080,0.000,0.000,0.000,0.000,0,0,0,0.000,0.000,4,0,0.897,0,11.662,168.360,0.000,0.551,0.205,0.490,1.097,0.624,0.040,0.960,0.141,0.580
154,6.160,0.000,0.000,0.000,0.000,0,0,0,0.000,0.000,4,0,0.897,0,11.662,168.360,0.000,0.551,0.278,0.800,0.986,0.940,0.056,0.944,0.121,0.580
156,6.240,0.000,0.000,0.000,0.000,0,0,0,0.000,0.000,4,0,0.897,0,11.662,168.360,0.000,0.551,0.413,0.712,0.927,0.427,0.077,0.923,0.130,0.580
158,6.320,0.000,0.000,0.000,0.000,0,0,0,0.000,0.000,4,0,0.931,0,11.662,168.360,0.000,0.551,0.404,0.841,0.934,0.278,0.081,0.919,0.121,0.580
160,6.400,0.000,0.000,0.000,0.000,0,0,0,0.000,0.000,4,0,0.931,0,11.662,168.360,0.000,0.551,0.433,0.945,0.854,0.539,0.082,0.918,0.115,0.580
162,6.480,0.000,0.000,0.000,0.000,0,0,0,0.000,0.000,4,0,0.931,0,11.662,168.360,0.000,0.551,0.504,0.945,0.661,0.050,0.086,0.914,0.116,0.580
164,6.560,0.000,0.000,0.000,0.000,0,0,0,0.000,0.000,4,0,0.931,0,11.662,168.360,0.000,0.551,0.667,0.963,0.534,0.569,0.108,0.892,0.119,0.580
166,6.640,0.000,0.000,0.000,0.000,0,0,0,0.000,0.000,4,0,0.966,0,11.662,168.360,0.000,0.551,0.676,0.943,0.362,0.350,0.105,0.895,0.121,0.580
168,6.720,0.000,0.000,0.000,0.000,1,0,0,0.000,0.000,4,0,0.966,1,179.003,2265.403,0.033,0.257,0.468,0.968,0.134,0.448,0.076,0.924,0.213,0.750
170,6.800,0.000,9.220,0.000,9.220,1,0,0,0.000,0.000,4,0,1.000,1,1.414,3256.551,0.067,0.251,0.136,0.432,0.105,0.055,0.021,0.979,0.297,0.550
172,6.880,0.000,1.000,0.000,-8.220,1,0,0,0.000,0.000,4,0,1.000,1,1.000,3715.219,0.100,0.245,0.259,0.520,0.304,2.277,0.052,0.948,0.253,0.580
174,6.960,0.000,4.000,0.000,3.000,1,0,0,0.000,3.142,4,0,1.000,1,2.000,3879.914,0.133,0.240,0.230,0.474,0.547,0.143,0.044,0.956,0.276,0.350
176,7.040,0.000,4.000,0.000,0.000,1,0,0,0.000,3.142,4,0,1.000,1,1.000,3916.205,0.167,0.236,0.199,0.135,1.000,1.602,0.041,0.959,0.303,0.550
178,7.120,0.000,3.162,0.000,-0.838,1,0,0,0.000,3.034,4,0,1.000,1,2.236,3860.306,0.200,0.232,0.258,0.516,2.316,0.089,0.055,0.945,0.277,0.700
180,7.200,0.000,2.000,0.000,-1.162,1,0,1,0.000,2.981,4,0,1.000,1,1.000,3769.160,0.233,0.229,0.292,0.778,5.728,0.075,0.065,0.935,0.337,0.700
182,7.280,0.000,1.000,0.000,-1.000,1,0,1,0.000,2.699,4,0,1.000,1,0.000,3659.296,0.267,0.226,0.331,0.802,4.585,0.025,0.068,0.932,0.335,0.700
184,7.360,0.000,1.000,0.000,0.000,1,0,1,0.000,2.773,4,0,1.000,1,1.000,3537.023,0.300,0.223,0.339,0.847,4.404,0.059,0.072,0.928,0.336,0.700
186,7.440,0.000,1.000,0.000,0.000,1,0,1,0.000,2.825,4,0,1.000,1,0.000,3413.742,0.333,0.220,0.353,0.793,3.575,0.002,0.068,0.932,0.344,0.700
188,7.520,0.000,2.236,0.000,1.236,1,0,1,0.000,2.610,4,0,1.000,1,2.236,3285.680,0.367,0.218,0.373,0.836,2.245,0.216,0.070,0.930,0.352,0.700
190,7.600,0.000,3.162,0.000,0.926,1,0,1,0.000,2.512,4,0,1.000,1,2.236,3169.453,0.400,0.216,0.381,0.760,1.714,1.946,0.070,0.930,0.367,0.700
192,7.680,0.000,12.369,0.000,9.207,1,0,1,0.000,2.190,5,1,0.966,2,14.318,3097.174,0.433,0.210,0.552,0.264,1.301,1.817,0.049,0.951,0.488,0.750
194,7.760,0.000,0.000,0.000,0.000,0,0,0,0.000,0.000,5,0,0.966,0,14.318,3097.174,0.433,0.210,1.365,0.878,0.967,1.085,0.110,0.890,0.195,0.650
196,7.840,0.000,0.000,0.000,0.000,0,0,0,0.000,0.000,5,0,0.966,0,14.318,3097.174,0.433,0.210,1.490,0.898,0.838,0.247,0.113,0.887,0.196,0.580
198,7.920,0.000,0.000,0.000,0.000,0,0,0,0.000,0.000,5,0,0.966,0,14.318,3097.174,0.433,0.210,1.035,0.909,0.830,0.142,0.104,0.896,0.184,0.580
200,8.000,0.000,0.000,0.000,0.000,0,0,0,0.000,0.000,5,0,0.966,0,14.318,3097.174,0.433,0.210,1.375,0.881,0.927,0.852,0.113,0.887,0.195,0.580
202,8.080,0.000,0.000,0.000,0.000,0,0,0,0.000,0.000,5,0,0.966,0,14.318,3097.174,0.433,0.210,1.315,0.885,1.393,0.071,0.110,0.890,0.193,0.580
204,8.160,0.000,0.000,0.000,0.000,0,0,0,0.000,0.000,4,1,0.931,0,14.318,3097.174,0.433,0.210,0.810,0.824,1.797,0.633,0.089,0.911,0.185,0.750
206,8.240,0.000,0.000,0.000,0.000,0,0,0,0.000,0.000,4,0,0.931,0,14.318,3097.174,0.433,0.210,0.791,0.774,2.019,0.582,0.083,0.917,0.188,0.700
208,8.320,0.000,0.000,0.000,0.000,0,0,0,0.000,0.000,4,0,0.931,0,14.318,3097.174,0.433,0.210,1.063,0.814,2.282,0.662,0.108,0.892,0.192,0.700
210,8.400,0.000,0.000,0.000,0.000,0,0,0,0.000,0.000,4,0,0.931,0,14.318,3097.174,0.433,0.210,0.900,0.866,2.668,0.211,0.105,0.895,0.184,0.700
212,8.480,0.000,0.000,0.000,0.000,0,0,0,0.000,0.000,3,1,0.897,0,14.318,3097.174,0.433,0.210,0.659,0.604,2.932,0.224,0.084,0.916,0.196,0.750
214,8.560,0.000,0.000,0.000,0.000,0,0,0,0.000,0.000,4,1,0.862,0,14.318,3097.174,0.433,0.210,0.708,0.396,3.117,0.993,0.073,0.927,0.212,0.750
216,8.640,0.000,0.000,0.000,0.000,0,0,0,0.000,0.000,4,0,0.862,0,14.318,3097.174,0.433,0.210,1.038,0.744,3.284,0.853,0.095,0.905,0.196,0.700
218,8.720,0.000,0.000,0.000,0.000,0,0,0,0.000,0.000,4,0,0.862,0,14.318,3097.174,0.433,0.210,0.837,0.845,3.615,0.669,0.092,0.908,0.184,0.700
220,8.800,0.000,0.000,0.000,0.000,0,0,0,0.000,0.000,4,0,0.862,0,14.318,3097.174,0.433,0.210,0.855,0.876,3.836,0.151,0.090,0.910,0.182,0.700
222,8.880,0.000,0.000,0.000,0.000,0,0,0,0.000,0.000,5,1,0.828,0,14.318,3097.174,0.433,0.210,1.146,0.773,4.090,0.775,0.110,0.890,0.197,0.750
224,8.960,0.000,0.000,0.000,0.000,0,0,0,0.000,0.000,5,0,0.828,0,14.318,3097.174,0.433,0.210,2.079,0.854,4.236,0.381,0.119,0.881,0.214,0.700
226,9.040,0.000,0.000,0.000,0.000,0,0,0,0.000,0.000,5,0,0.828,0,14.318,3097.174,0.433,0.210,2.401,0.903,2.297,0.123,0.123,0.877,0.219,0.700
228,9.120,0.000,0.000,0.000,0.000,0,0,0,0.000,0.000,6,1,0.793,0,14.318,3097.174,0.400,0.210,2.801,0.950,1.707,0.086,0.127,0.873,0.221,0.750
230,9.200,117.137,0.000,110.812,0.000,1,1,0,0.000,0.664,6,0,0.793,3,14.318,3097.174,0.400,0.229,3.561,0.840,1.798,0.057,0.131,0.869,0.718,0.700
232,9.280,17.029,0.000,-100.107,0.000,1,1,0,0.000,0.733,6,0,0.793,3,14.318,3097.174,0.400,0.221,3.732,0.786,1.780,0.087,0.143,0.857,0.571,0.700
234,9.360,26.306,68.118,9.277,55.748,2,1,1,400.005,2.112,3,1,0.759,3,14.318,3097.174,0.400,0.214,4.193,0.943,1.879,0.111,0.152,0.848,0.767,0.750
236,9.440,26.173,20.616,-0.133,-47.502,2,1,1,389.032,1.897,3,0,0.759,3,280.615,4267.008,0.400,0.208,3.477,0.770,2.332,0.039,0.149,0.851,0.656,0.750
238,9.520,22.023,18.028,-4.150,-2.588,2,1,1,382.131,1.708,3,0,0.759,3,20.396,5271.349,0.400,0.202,2.872,0.765,2.745,0.022,0.111,0.889,0.619,0.700
240,9.600,5.385,11.045,-16.638,-6.982,2,1,1,379.021,1.347,5,1,0.724,5,45.188,6197.150,0.400,0.193,1.132,0.606,2.980,0.242,0.124,0.876,0.625,0.750
242,9.680,4.472,3.162,-0.913,-7.883,2,1,1,384.001,1.122,5,0,0.724,5,332.417,7847.359,0.400,0.186,0.890,0.366,3.068,2.786,0.113,0.887,0.599,0.750
244,9.760,5.831,2.828,1.359,-0.334,2,1,1,391.005,1.122,5,0,0.724,5,335.960,10140.234,0.400,0.180,1.392,0.332,3.198,2.965,0.167,0.833,0.622,0.750
246,9.840,4.243,4.123,-1.588,1.295,2,1,1,395.032,0.895,4,1,0.690,2,340.074,11185.938,0.400,0.178,1.557,0.631,3.443,0.423,0.167,0.833,0.506,0.750
248,9.920,7.071,4.123,2.828,0.000,2,1,1,401.125,0.885,4,0,0.690,3,345.584,12149.068,0.400,0.176,2.054,0.716,3.669,0.242,0.177,0.823,0.574,0.750
250,10.000,9.899,3.000,2.828,-1.123,2,1,1,408.044,0.871,4,0,0.724,5,349.482,13015.600,0.400,0.175,2.398,0.685,4.192,0.039,0.178,0.822,0.645,0.750
252,10.080,10.000,5.831,0.101,2.831,2,1,1,411.011,0.884,4,0,0.724,5,5.831,13488.858,0.400,0.171,2.096,0.655,5.015,0.185,0.176,0.824,0.640,0.700
254,10.160,5.000,2.236,-5.000,-3.595,2,1,1,412.000,0.875,4,0,0.724,4,88.865,13827.198,0.433,0.217,1.188,0.736,5.570,0.284,0.156,0.844,0.588,0.700
256,10.240,6.403,11.314,1.403,9.078,2,1,1,416.203,1.222,4,0,0.724,4,90.918,13352.585,0.467,0.203,1.612,0.912,3.650,1.152,0.170,0.830,0.625,0.700
258,10.320,1.414,40.000,-4.989,28.686,2,1,1,448.612,0.853,4,0,0.724,3,69.029,13111.677,0.500,0.194,1.829,0.860,2.490,0.564,0.175,0.825,0.753,0.700
260,10.400,6.325,0.000,4.910,0.000,1,1,0,0.000,0.840,4,0,0.724,1,69.029,13111.677,0.533,0.194,1.619,0.826,1.600,0.133,0.170,0.830,0.427,0.700
262,10.480,2.828,0.000,-3.496,0.000,1,1,0,0.000,0.733,4,0,0.759,1,69.029,13111.677,0.567,0.194,1.298,0.848,0.862,0.212,0.154,0.846,0.402,0.580
264,10.560,3.162,0.000,0.334,0.000,1,1,0,0.000,0.791,3,1,0.724,1,69.029,13111.677,0.600,0.199,1.180,0.612,0.401,0.140,0.146,0.854,0.436,0.750
266,10.640,5.831,0.000,2.669,0.000,1,1,0,0.000,0.702,4,1,0.690,2,336.917,14133.940,0.633,0.399,1.434,0.107,0.009,0.056,0.159,0.841,0.527,0.750
268,10.720,5.099,0.000,-0.732,0.000,1,1,0,0.000,0.727,4,0,0.690,2,4.000,14340.494,0.667,0.399,1.823,0.328,0.263,0.814,0.158,0.842,0.521,0.000
270,10.800,5.385,0.000,0.286,0.000,1,1,0,0.000,0.799,4,0,0.724,2,5.831,14503.538,0.700,0.408,2.141,0.660,0.418,0.127,0.164,0.836,0.511,0.000
272,10.880,4.243,0.000,-1.143,0.000,1,1,0,0.000,0.461,4,0,0.759,2,4.000,14891.828,0.733,0.408,1.882,0.797,0.381,0.192,0.164,0.836,0.493,0.000
274,10.960,4.472,0.000,0.229,0.000,1,1,0,0.000,0.603,4,0,0.759,2,5.000,14599.569,0.767,0.408,1.964,0.950,0.344,0.510,0.172,0.828,0.489,0.000
276,11.040,6.083,0.000,1.611,0.000,1,1,0,0.000,0.663,5,1,0.724,3,0.000,14657.188,0.800,0.408,1.868,0.967,0.363,0.549,0.165,0.835,0.517,0.750
278,11.120,9.055,0.000,2.973,0.000,1,1,0,0.000,0.640,5,0,0.724,3,4.000,14663.555,0.833,0.408,1.585,0.906,0.384,0.280,0.163,0.837,0.535,0.000
280,11.200,6.083,0.000,-2.973,0.000,1,1,0,0.000,0.536,5,0,0.759,3,5.385,14381.604,0.867,0.417,1.157,0.769,0.508,0.346,0.154,0.846,0.521,0.000
282,11.280,2.236,0.000,-3.847,0.000,1,1,0,0.000,0.587,3,1,0.724,1,5.385,14381.604,0.900,0.426,1.702,0.813,0.727,1.247,0.167,0.833,0.366,0.750
284,11.360,2.828,162.807,0.592,122.807,2,1,1,596.021,0.700,3,0,0.724,3,5.385,14381.604,0.933,0.426,2.198,0.806,0.859,0.088,0.174,0.826,0.791,0.650
286,11.440,3.606,51.108,0.777,-111.699,2,1,1,574.193,0.996,3,0,0.759,2,408.354,15388.468,0.967,0.435,1.906,0.768,0.693,0.056,0.165,0.835,0.730,0.750
288,11.520,1.000,49.739,-2.606,-1.368,2,1,1,552.819,1.265,4,1,0.724,2,11.180,16253.037,1.000,0.435,1.802,0.563,0.610,1.640,0.157,0.843,0.816,0.750
290,11.600,3.162,37.443,2.162,-12.296,2,1,1,534.858,1.149,4,0,0.724,3,77.369,16151.394,1.000,0.444,2.416,0.645,0.549,0.804,0.172,0.828,0.828,0.350
292,11.680,4.472,18.601,1.310,-18.842,2,1,1,519.270,1.049,4,0,0.759,3,13.416,16127.915,1.000,0.435,2.345,0.693,0.390,0.167,0.176,0.824,0.718,0.350
294,11.760,3.162,9.434,-1.310,-9.167,2,1,1,510.108,1.032,4,0,0.759,2,26.683,16297.469,1.000,0.444,1.782,0.643,0.165,0.313,0.171,0.829,0.612,0.350
296,11.840,2.236,1.414,-0.926,-8.020,2,1,1,507.209,1.096,4,0,0.759,1,26.683,16297.469,1.000,0.444,1.305,0.578,0.137,0.589,0.153,0.847,0.520,0.580
298,11.920,4.123,4.472,1.887,3.058,2,1,1,501.863,1.125,4,0,0.793,1,26.683,16297.469,1.000,0.453,0.877,0.342,0.431,0.373,0.145,0.855,0.538,0.350
300,12.000,2.236,3.162,-1.887,-1.310,2,1,1,499.673,1.057,4,0,0.793,1,26.683,16297.469,1.000,0.462,0.649,0.702,0.571,1.287,0.121,0.879,0.500,0.580
302,12.080,3.162,2.236,0.926,-0.926,2,1,1,499.418,0.707,4,0,0.793,1,26.683,16297.469,1.000,0.470,0.599,0.773,0.152,0.113,0.117,0.883,0.493,0.580
304,12.160,2.236,1.000,-0.926,-1.236,2,1,1,498.913,0.499,4,0,0.828,1,26.683,16297.469,1.000,0.479,0.697,0.898,0.251,0.109,0.130,0.870,0.482,0.580
306,12.240,3.162,2.000,0.926,1.000,2,1,1,499.632,0.687,5,1,0.793,1,26.683,16297.469,1.000,0.479,0.776,0.941,0.601,0.095,0.142,0.858,0.477,0.750
308,12.320,1.414,3.000,-1.748,1.000,2,1,1,501.100,0.644,4,1,0.759,1,26.683,16297.469,1.000,0.487,0.774,0.946,0.870,0.166,0.148,0.852,0.485,0.750
310,12.400,2.236,1.414,0.822,-1.586,2,1,1,500.849,0.733,4,0,0.759,1,335.452,16191.719,1.000,0.496,0.703,0.948,0.954,0.027,0.145,0.855,0.479,0.750
312,12.480,1.000,2.000,-1.236,0.586,2,1,1,502.539,0.999,4,0,0.759,1,1.000,16392.459,1.000,0.504,0.573,0.948,0.857,0.330,0.131,0.869,0.474,0.580
314,12.560,1.000,1.414,0.000,-0.586,2,1,1,503.508,1.057,4,0,0.759,1,2.000,15740.675,1.000,0.513,0.599,0.937,1.086,0.077,0.130,0.870,0.472,0.580
316,12.640,2.000,1.414,1.000,0.000,2,1,1,504.232,1.040,4,0,0.759,1,3.000,15448.687,1.000,0.513,0.633,0.944,1.618,0.087,0.130,0.870,0.476,0.700
318,12.720,1.414,2.000,-0.586,0.586,2,1,1,505.446,1.040,3,1,0.724,1,1.000,13812.129,1.000,0.521,0.516,0.923,1.932,0.083,0.119,0.881,0.489,0.750
320,12.800,2.236,1.000,0.822,-1.000,2,1,1,504.232,0.785,3,0,0.724,1,1.000,12727.848,1.000,0.530,0.410,0.662,2.205,0.204,0.101,0.899,0.506,0.700
322,12.880,0.000,2.236,-2.236,1.236,2,1,1,503.755,0.647,3,0,0.759,1,1.414,12547.300,1.000,0.538,0.484,0.932,2.446,0.004,0.122,0.878,0.489,0.700
324,12.960,2.000,2.000,2.000,-0.236,2,1,1,503.755,0.705,3,0,0.793,1,2.236,12366.429,1.000,0.538,0.565,0.962,2.942,0.421,0.126,0.874,0.488,0.700
326,13.040,2.000,7.071,0.000,5.071,2,1,1,499.673,0.705,4,1,0.759,2,371.248,13876.145,1.000,0.547,0.793,0.954,3.715,0.447,0.145,0.855,0.552,0.750
328,13.120,2.236,11.314,0.236,4.243,2,1,1,495.736,0.524,4,0,0.759,2,351.454,14769.885,1.000,0.547,1.104,0.954,3.647,0.414,0.161,0.839,0.584,0.750
330,13.200,1.000,7.071,-1.236,-4.243,2,1,1,493.284,0.601,5,1,0.724,3,375.959,15532.134,1.000,0.547,0.863,0.909,2.748,0.168,0.132,0.868,0.575,0.750
332,13.280,2.236,4.123,1.236,-2.948,2,1,1,487.640,0.940,5,0,0.724,3,371.646,15194.164,1.000,0.530,0.529,0.332,2.085,2.142,0.078,0.922,0.591,0.750
334,13.360,1.414,11.045,-0.822,6.922,2,1,1,475.564,0.863,5,0,0.759,3,331.242,13995.648,1.000,0.530,0.589,0.498,1.689,1.124,0.098,0.902,0.619,0.750
336,13.440,2.236,12.042,0.822,0.996,2,1,1,470.919,0.970,5,0,0.759,3,357.912,13639.054,1.000,0.521,1.329,0.892,1.459,0.566,0.169,0.831,0.616,0.750
338,13.520,3.162,8.000,0.926,-4.042,2,1,1,465.851,0.852,5,0,0.759,3,359.490,13646.829,1.000,0.521,1.688,0.844,1.232,0.506,0.163,0.837,0.606,0.750
340,13.600,2.000,5.000,-1.162,-3.000,2,1,1,462.387,0.982,5,0,0.793,3,307.293,14209.618,1.000,0.521,0.833,0.839,1.010,0.906,0.135,0.865,0.568,0.750
342,13.680,1.000,4.472,-1.000,-0.528,2,1,1,464.656,1.178,5,0,0.793,4,292.226,14439.294,1.000,0.513,1.150,0.816,0.918,1.767,0.145,0.855,0.611,0.750
344,13.760,1.000,10.050,0.000,5.578,2,1,1,472.975,1.040,5,0,0.793,4,96.047,14905.525,1.000,0.504,1.424,0.774,0.720,0.730,0.146,0.854,0.651,0.534
346,13.840,1.414,0.000,0.414,0.000,1,1,0,0.000,1.080,5,0,0.828,1,96.047,14905.525,1.000,0.513,0.945,0.806,0.500,0.503,0.146,0.854,0.431,0.650
348,13.920,1.000,0.000,-0.414,0.000,1,1,0,0.000,0.924,5,0,0.828,1,96.047,14905.525,1.000,0.521,0.691,0.832,0.347,1.245,0.132,0.868,0.421,0.580
350,14.000,1.000,0.000,0.000,0.000,1,1,0,0.000,0.884,5,0,0.828,2,96.047,14905.525,1.000,0.521,1.127,0.917,0.198,0.098,0.155,0.845,0.462,0.580
352,14.080,4.123,0.000,3.123,0.000,1,1,0,0.000,0.678,5,0,0.828,1,96.047,14905.525,1.000,0.521,1.169,0.829,0.113,0.053,0.155,0.845,0.450,0.534
354,14.160,1.000,17.464,-3.123,7.414,2,1,1,483.640,0.887,5,0,0.828,4,84.006,14470.038,1.000,0.521,1.230,0.815,0.670,0.019,0.150,0.850,0.685,0.650
356,14.240,2.000,14.866,1.000,-2.598,2,1,1,496.328,0.847,5,0,0.828,3,87.092,14390.057,1.000,0.521,0.798,0.921,1.729,0.176,0.131,0.869,0.616,0.700
358,14.320,1.000,7.810,-1.000,-7.056,2,1,1,490.205,1.143,5,0,0.828,3,39.357,14211.365,1.000,0.513,0.549,0.494,3.138,0.134,0.103,0.897,0.601,0.700
360,14.400,1.000,6.403,0.000,-1.407,2,1,1,486.684,1.240,4,1,0.793,3,52.202,13905.039,1.000,0.496,0.739,0.884,2.101,1.147,0.124,0.876,0.597,0.750
362,14.480,2.236,5.657,1.236,-0.746,2,1,1,487.822,1.528,4,0,0.793,3,91.005,13696.168,1.000,0.479,0.617,0.799,1.869,0.279,0.124,0.876,0.596,0.700
364,14.560,0.000,16.643,-2.236,10.986,2,1,1,475.619,1.582,4,0,0.828,3,91.788,12958.944,1.000,0.462,0.761,0.879,1.898,1.672,0.096,0.904,0.655,0.700
366,14.640,3.000,6.708,3.000,-9.935,2,1,1,479.250,1.689,5,1,0.828,3,6.708,13073.760,1.000,0.444,0.833,0.758,1.997,2.003,0.111,0.889,0.583,0.750
368,14.720,4.472,10.000,1.472,3.292,2,1,1,477.386,1.782,5,0,0.828,3,10.000,12026.319,1.000,0.426,1.466,0.955,1.142,0.382,0.168,0.832,0.603,0.350
370,14.800,3.162,7.211,-1.310,-2.789,2,1,1,468.834,2.062,5,0,0.828,3,7.211,12116.429,1.000,0.426,1.274,0.935,0.573,0.006,0.161,0.839,0.584,0.350
372,14.880,3.606,14.318,0.443,7.107,2,1,1,479.517,2.242,3,1,0.793,3,14.318,10739.644,1.000,0.426,1.224,0.928,0.633,0.139,0.166,0.834,0.595,0.750
374,14.960,0.000,10.000,-3.606,-4.318,2,1,1,470.278,2.221,3,0,0.793,3,10.000,10978.287,1.000,0.426,0.489,0.246,0.522,0.997,0.063,0.937,0.601,0.480
376,15.040,1.000,5.385,1.000,-4.615,2,1,1,471.259,2.185,3,0,0.828,3,92.439,8865.410,1.000,0.426,0.733,0.887,0.176,2.354,0.145,0.855,0.536,0.550
378,15.120,1.414,13.342,0.414,7.956,2,1,1,472.822,2.180,3,0,0.828,3,92.574,8995.944,1.000,0.426,0.644,0.468,0.085,0.162,0.092,0.908,0.607,0.514
380,15.200,1.000,5.831,-0.414,-7.511,2,1,1,468.175,2.246,3,0,0.828,3,5.831,6723.269,1.000,0.426,0.526,0.558,0.047,2.863,0.049,0.951,0.556,0.550
382,15.280,0.000,10.050,-1.000,4.219,2,1,1,471.840,2.197,3,0,0.828,3,65.192,3974.944,1.000,0.426,0.674,0.782,0.205,1.546,0.105,0.895,0.568,0.550
384,15.360,4.123,7.211,4.123,-2.839,2,1,1,469.930,2.390,5,1,0.828,4,65.521,958.664,1.000,0.426,1.561,0.962,0.457,0.247,0.156,0.844,0.626,0.750
386,15.440,3.162,3.162,-0.961,-4.049,2,1,1,469.402,2.153,5,0,0.828,4,0.000,839.478,1.000,0.426,1.293,0.946,0.551,0.016,0.146,0.854,0.598,0.350
388,15.520,1.000,5.000,-2.162,1.838,2,1,1,468.540,1.986,5,0,0.862,4,93.904,862.269,1.000,0.408,0.790,0.880,0.447,0.400,0.133,0.867,0.600,0.522
390,15.600,1.000,7.810,0.000,2.810,2,1,1,462.385,1.822,4,1,0.828,3,76.688,931.550,1.000,0.399,0.532,0.825,0.259,0.026,0.106,0.894,0.604,0.750
392,15.680,1.000,4.000,0.000,-3.810,2,1,1,466.507,1.964,4,0,0.828,3,29.967,1085.099,1.000,0.399,0.579,0.693,0.272,0.468,0.090,0.910,0.593,0.350
394,15.760,0.000,5.000,-1.000,1.000,2,1,1,463.457,1.903,4,0,0.828,3,35.847,1082.919,1.000,0.399,0.400,0.718,0.303,0.024,0.089,0.911,0.593,0.350
396,15.840,0.000,2.000,0.000,-3.000,2,1,1,465.382,1.980,5,1,0.793,4,70.228,1158.129,1.000,0.399,0.463,0.516,0.425,0.038,0.078,0.922,0.601,0.750
398,15.920,0.000,9.487,0.000,7.487,2,1,1,470.772,1.860,5,0,0.793,4,99.725,960.064,1.000,0.399,0.606,0.272,0.411,2.935,0.065,0.935,0.663,0.554
400,16.000,1.000,4.000,1.000,-5.487,2,1,1,474.891,1.684,5,0,0.793,4,85.288,935.104,1.000,0.389,0.567,0.282,0.610,0.939,0.088,0.912,0.631,0.350
402,16.080,1.414,1.414,0.414,-2.586,2,1,1,474.891,1.700,4,1,0.759,3,1.414,920.744,1.000,0.389,0.678,0.517,0.859,0.556,0.106,0.894,0.594,0.750
404,16.160,1.000,1.414,-0.414,0.000,2,1,1,473.932,1.740,4,0,0.759,3,81.320,925.487,1.000,0.389,0.538,0.517,0.991,0.361,0.085,0.915,0.590,0.350
406,16.240,1.000,11.402,0.000,9.988,2,1,1,464.419,1.571,4,0,0.759,3,369.878,3188.994,1.000,0.389,0.671,0.822,0.764,0.082,0.092,0.908,0.628,0.750
408,16.320,1.414,6.325,0.414,-5.077,2,1,1,468.966,1.767,5,1,0.724,3,276.328,5237.665,1.000,0.389,0.609,0.594,0.720,0.999,0.128,0.872,0.587,0.750
410,16.400,1.414,14.560,0.000,8.236,2,1,1,469.729,2.042,5,0,0.724,3,364.124,7032.210,1.000,0.389,0.733,0.152,0.711,0.914,0.039,0.961,0.667,0.750
412,16.480,1.414,1.000,0.000,-13.560,2,1,1,470.685,1.702,5,0,0.724,3,374.098,8964.124,1.000,0.389,0.691,0.530,0.514,2.519,0.091,0.909,0.566,0.750
414,16.560,1.000,2.236,-0.414,1.236,2,1,1,471.349,1.795,6,0,0.724,4,78.186,10903.827,1.000,0.389,0.720,0.309,0.413,0.898,0.080,0.920,0.599,0.550
416,16.640,1.414,13.038,0.414,10.802,2,1,1,460.046,1.669,6,0,0.724,5,285.722,12178.459,1.000,0.379,0.987,0.923,0.598,0.137,0.148,0.852,0.653,0.750
418,16.720,0.000,7.071,-1.414,-5.967,2,1,1,467.042,1.795,6,0,0.759,4,104.120,13330.147,1.000,0.379,0.638,0.310,0.722,0.308,0.082,0.918,0.624,0.578
420,16.800,1.000,8.246,1.000,1.175,2,1,1,468.411,1.963,5,0,0.759,3,360.879,14063.677,1.000,0.389,0.896,0.742,0.822,2.744,0.130,0.870,0.594,0.750
422,16.880,1.414,4.243,0.414,-4.004,2,1,1,469.145,1.937,5,0,0.759,3,372.903,14653.047,1.000,0.389,0.894,0.858,0.689,0.240,0.122,0.878,0.564,0.750
424,16.960,1.414,1.414,0.000,-2.828,2,1,1,467.231,2.091,5,0,0.793,3,372.146,14673.274,1.000,0.389,0.905,0.344,0.618,0.129,0.096,0.904,0.584,0.750
426,17.040,0.000,10.000,-1.414,8.586,2,1,1,457.844,1.998,6,0,0.793,4,75.392,14487.055,1.000,0.389,0.734,0.434,0.431,0.711,0.095,0.905,0.634,0.550
428,17.120,1.000,2.000,1.000,-8.000,2,1,1,460.721,2.276,6,0,0.793,4,106.705,13450.164,1.000,0.379,0.412,0.175,0.306,0.469,0.051,0.949,0.599,0.593
430,17.200,1.414,1.000,0.414,-1.000,2,1,1,459.762,2.137,6,0,0.828,4,101.710,13252.505,1.000,0.379,0.894,0.809,0.210,1.922,0.126,0.874,0.564,0.565
432,17.280,2.236,4.472,0.822,3.472,2,1,1,455.080,2.012,4,1,0.793,3,306.757,12815.637,1.000,0.389,1.213,0.908,0.016,0.104,0.166,0.834,0.597,0.750
434,17.360,1.414,0.000,-0.822,-4.472,2,1,1,454.401,1.911,4,0,0.793,3,292.412,12807.377,1.000,0.389,0.715,0.839,0.219,0.388,0.131,0.869,0.572,0.750
436,17.440,3.162,5.000,1.748,5.000,2,1,1,454.010,1.951,4,0,0.793,2,292.412,12807.377,1.000,0.389,1.745,0.925,0.248,2.707,0.162,0.838,0.567,0.750
438,17.520,2.236,10.440,-0.926,5.440,2,1,1,466.083,1.885,4,1,0.759,3,58.181,13099.844,1.000,0.389,1.181,0.881,0.498,0.331,0.155,0.845,0.631,0.750
440,17.600,1.000,8.246,-1.236,-2.194,2,1,1,467.457,1.615,4,0,0.759,3,361.653,13027.549,1.000,0.389,1.220,0.763,0.631,0.960,0.144,0.856,0.628,0.750
442,17.680,2.000,5.000,1.000,-3.246,2,1,1,463.997,1.753,4,0,0.793,3,368.024,13095.429,1.000,0.389,0.840,0.724,0.700,0.223,0.135,0.865,0.603,0.750
444,17.760,0.000,4.123,-2.000,-0.877,2,1,1,466.154,1.794,5,1,0.759,4,66.098,12639.625,1.000,0.389,0.677,0.210,0.729,0.960,0.088,0.912,0.639,0.750
446,17.840,1.414,12.369,1.414,8.246,2,1,1,456.317,1.794,5,0,0.759,4,0.000,12196.469,1.000,0.389,0.545,0.616,1.377,2.169,0.078,0.922,0.653,0.550
448,17.920,1.414,8.485,0.000,-3.884,2,1,1,460.835,2.150,5,0,0.793,4,92.179,12228.865,1.000,0.389,0.752,0.589,1.907,0.310,0.111,0.889,0.639,0.700
450,18.000,1.000,5.099,-0.414,-3.386,2,1,1,457.458,1.983,4,1,0.759,2,363.149,13157.119,1.000,0.389,0.631,0.478,2.131,1.218,0.090,0.910,0.571,0.750
452,18.080,1.000,1.000,0.000,-4.099,2,1,1,455.544,1.907,3,1,0.724,2,1.000,13224.665,1.000,0.399,0.568,0.133,1.649,0.594,0.076,0.924,0.600,0.750
454,18.160,2.000,6.083,1.000,5.083,2,1,1,452.010,1.652,4,1,0.724,3,269.119,13026.894,1.000,0.399,0.508,0.796,1.263,2.305,0.105,0.895,0.596,0.750
456,18.240,1.000,5.000,-1.000,-1.083,2,1,1,457.673,1.753,5,1,0.690,4,270.416,13092.859,1.000,0.399,1.072,0.822,0.926,0.257,0.137,0.863,0.611,0.750
458,18.320,1.000,8.944,0.000,3.944,2,1,1,466.804,1.494,5,0,0.690,3,344.058,13457.708,1.000,0.399,0.934,0.668,1.066,1.650,0.119,0.881,0.604,0.750
460,18.400,0.000,4.123,-1.000,-4.821,2,1,1,467.077,1.320,5,0,0.724,2,343.757,13489.038,1.000,0.399,0.562,0.081,1.247,0.097,0.094,0.906,0.573,0.750
462,18.480,1.000,0.000,1.000,0.000,1,1,0,0.000,1.178,5,0,0.724,1,1.000,12967.710,1.000,0.408,0.551,0.421,0.949,1.351,0.085,0.915,0.446,0.650
464,18.560,1.000,0.000,0.000,0.000,1,1,0,0.000,1.440,5,0,0.724,1,2.236,12983.587,1.000,0.417,0.913,0.599,0.335,1.605,0.108,0.892,0.442,0.550
466,18.640,2.236,0.000,1.236,0.000,1,1,0,0.000,1.232,5,0,0.759,1,1.000,12050.774,1.000,0.417,1.158,0.414,0.359,2.669,0.092,0.908,0.468,0.550
468,18.720,1.000,12.083,-1.236,7.960,2,1,1,455.110,1.416,5,0,0.759,3,267.524,11749.774,1.000,0.426,0.703,0.650,0.150,2.168,0.110,0.890,0.617,0.750
470,18.800,0.000,5.099,-1.000,-6.984,2,1,1,450.650,1.095,5,0,0.759,3,17.692,10821.070,1.000,0.426,0.583,0.185,0.380,0.556,0.065,0.935,0.608,0.480
472,18.880,1.000,5.099,1.000,0.000,2,1,1,454.764,1.339,5,0,0.759,3,34.438,11245.905,1.000,0.426,0.464,0.198,0.613,2.020,0.079,0.921,0.604,0.550
474,18.960,1.000,7.280,0.000,2.181,2,1,1,448.415,1.477,4,1,0.724,2,28.160,11205.694,1.000,0.435,0.656,0.141,0.739,0.744,0.091,0.909,0.607,0.750
476,19.040,1.000,11.402,0.000,4.122,2,1,1,452.094,1.771,5,1,0.690,3,70.838,11180.804,1.000,0.435,0.640,0.737,0.729,1.059,0.117,0.883,0.606,0.750
478,19.120,1.000,4.472,0.000,-6.930,2,1,1,456.127,1.731,5,0,0.690,3,95.352,11058.275,1.000,0.435,0.760,0.747,0.585,0.014,0.100,0.900,0.570,0.530
480,19.200,1.000,2.236,0.000,-2.236,2,1,1,458.628,1.709,5,0,0.690,3,18.974,10916.235,1.000,0.426,0.720,0.644,0.616,0.561,0.103,0.897,0.563,0.350
482,19.280,1.000,9.220,0.000,6.983,2,1,1,466.862,1.651,5,0,0.690,2,18.974,10916.235,1.000,0.435,0.378,0.707,0.529,1.746,0.047,0.953,0.553,0.550
484,19.360,1.000,17.720,0.000,8.501,2,1,1,483.625,1.440,5,0,0.690,3,104.738,11403.714,1.000,0.435,0.971,0.857,0.486,0.665,0.119,0.881,0.641,0.582
486,19.440,1.000,32.558,0.000,14.838,2,1,1,515.024,1.375,6,0,0.690,4,94.021,12139.660,1.000,0.426,1.303,0.836,0.304,0.499,0.115,0.885,0.745,0.550
488,19.520,2.000,41.195,1.000,8.637,2,1,1,555.267,1.178,6,0,0.690,4,65.513,11574.114,1.000,0.426,1.515,0.574,0.321,0.441,0.124,0.876,0.817,0.350
490,19.600,2.236,38.910,0.236,-2.285,2,1,1,565.991,1.040,6,0,0.724,3,48.415,11237.394,1.000,0.435,1.592,0.719,0.331,2.951,0.144,0.856,0.766,0.550
492,19.680,5.099,56.639,2.863,17.729,2,1,1,521.279,1.203,5,0,0.724,2,61.400,10532.369,1.000,0.435,2.235,0.889,0.051,0.917,0.153,0.847,0.786,0.550
494,19.760,1.000,57.801,-4.099,1.162,2,1,1,480.816,1.178,5,0,0.724,3,57.801,9286.559,1.000,0.435,1.361,0.784,0.418,0.220,0.153,0.847,0.807,0.350
496,19.840,2.236,54.406,1.236,-3.396,2,1,1,435.005,1.316,5,0,0.759,4,0.000,5765.044,1.000,0.426,1.958,0.666,0.470,0.090,0.145,0.855,0.866,0.550
498,19.920,1.414,19.416,-0.822,-34.989,2,1,1,417.011,1.080,4,1,0.724,4,0.000,10344.475,1.000,0.426,1.398,0.530,1.001,2.884,0.135,0.865,0.756,0.750
500,20.000,4.000,26.420,2.586,7.003,2,1,1,434.778,1.178,4,0,0.724,3,313.772,12240.548,1.000,0.426,2.397,0.812,1.432,0.600,0.171,0.829,0.755,0.750
502,20.080,1.414,28.071,-2.586,1.652,2,1,1,436.232,1.276,4,0,0.759,3,309.196,13970.688,1.000,0.426,2.260,0.825,2.465,0.088,0.161,0.839,0.760,0.750
504,20.160,2.000,18.439,0.586,-9.632,2,1,1,422.036,1.178,4,0,0.759,3,337.037,15528.835,1.000,0.417,1.139,0.175,3.063,2.115,0.087,0.913,0.724,0.750
506,20.240,2.000,12.806,0.000,-5.633,2,1,1,411.526,1.120,4,0,0.759,3,323.303,16476.339,1.000,0.408,1.292,0.770,3.220,0.067,0.150,0.850,0.655,0.750
508,20.320,2.236,2.236,0.236,-10.570,2,1,1,408.754,1.015,3,1,0.759,2,321.224,17360.524,1.000,0.408,1.104,0.771,3.460,0.103,0.146,0.854,0.576,0.750
510,20.400,2.236,2.236,0.000,0.000,2,1,1,408.754,0.924,2,1,0.759,2,243.387,16213.348,1.000,0.417,0.725,0.829,3.568,0.326,0.138,0.862,0.523,0.750
512,20.480,1.000,2.236,-1.236,0.000,2,1,1,409.121,1.040,2,0,0.793,2,1.000,15488.940,1.000,0.417,0.697,0.904,3.561,1.421,0.130,0.870,0.517,0.700
514,20.560,3.162,3.606,2.162,1.369,2,1,1,409.689,0.924,3,1,0.793,2,1.414,14550.644,1.000,0.417,1.055,0.872,3.480,0.463,0.143,0.857,0.475,0.750
516,20.640,3.162,6.708,0.000,3.103,2,1,1,411.096,0.826,3,0,0.793,2,5.657,13421.635,1.000,0.417,1.408,0.855,3.327,0.005,0.151,0.849,0.503,0.700
518,20.720,2.000,2.236,-1.162,-4.472,2,1,1,411.306,0.768,3,0,0.793,2,2.828,11959.094,1.000,0.426,1.026,0.841,2.905,0.059,0.137,0.863,0.469,0.700
520,20.800,0.000,3.162,-2.000,0.926,2,1,1,411.661,0.795,3,0,0.793,2,1.414,10798.204,1.000,0.426,0.637,0.418,2.093,1.084,0.101,0.899,0.494,0.700
522,20.880,0.000,4.472,0.000,1.310,2,1,1,407.339,0.969,3,0,0.793,2,10.817,10180.940,1.000,0.426,0.824,0.557,1.433,0.211,0.104,0.896,0.496,0.700
524,20.960,3.606,7.211,3.606,2.739,2,1,1,407.185,1.096,3,0,0.793,3,14.866,8569.879,1.000,0.426,1.390,0.809,0.641,0.544,0.155,0.845,0.568,0.350
526,21.040,1.414,4.472,-2.191,-2.739,2,1,1,407.296,0.996,3,0,0.793,3,76.903,7313.634,1.000,0.426,1.076,0.707,0.573,0.157,0.135,0.865,0.552,0.350
528,21.120,2.000,3.606,0.586,-0.867,2,1,1,411.127,1.061,2,1,0.759,2,1.000,6274.844,1.000,0.426,0.551,0.619,0.313,2.512,0.105,0.895,0.540,0.750
530,21.200,2.236,2.236,0.236,-1.369,2,1,1,410.669,1.127,2,0,0.759,2,2.236,6023.444,1.000,0.435,0.664,0.879,0.127,1.126,0.139,0.861,0.518,0.580
532,21.280,3.162,3.000,0.926,0.764,2,1,1,407.470,1.397,2,0,0.793,2,3.162,4866.327,1.000,0.435,0.745,0.793,0.270,0.039,0.141,0.859,0.531,0.580
534,21.360,2.000,2.236,-1.162,-0.764,2,1,1,406.498,1.745,2,0,0.828,2,4.000,4656.019,1.000,0.444,0.488,0.617,0.613,0.398,0.094,0.906,0.531,0.580
536,21.440,1.000,2.828,-1.000,0.592,2,1,1,404.794,1.454,3,1,0.793,3,0.000,3078.754,1.000,0.444,0.329,0.344,0.762,0.146,0.050,0.950,0.550,0.750
538,21.520,1.000,4.243,0.000,1.414,2,1,1,407.462,1.471,2,1,0.759,2,1.000,1791.739,1.000,0.444,0.482,0.758,0.991,0.262,0.095,0.905,0.533,0.750
540,21.600,1.000,8.062,0.000,3.820,2,1,1,414.267,1.287,3,1,0.724,3,22.672,198.000,1.000,0.444,0.629,0.807,1.142,0.176,0.109,0.891,0.554,0.750
542,21.680,1.414,19.235,0.414,11.173,2,1,1,432.200,1.214,3,0,0.724,3,22.847,229.539,1.000,0.444,0.997,0.844,1.155,0.023,0.116,0.884,0.623,0.350
544,21.760,2.000,30.594,0.586,11.359,2,1,1,458.049,1.214,3,0,0.724,3,41.146,282.774,1.000,0.444,2.186,0.868,1.238,0.406,0.158,0.842,0.714,0.350
546,21.840,1.414,43.139,-0.586,12.545,2,1,1,484.233,1.254,3,0,0.724,2,13.601,618.837,1.000,0.453,2.175,0.660,1.115,0.569,0.128,0.872,0.738,0.350
548,21.920,3.162,42.379,1.748,-0.760,2,1,1,497.031,1.098,3,0,0.724,2,44.045,876.439,1.000,0.453,2.356,0.744,1.032,0.725,0.157,0.843,0.732,0.350
550,22.000,6.083,0.000,2.920,0.000,1,1,0,0.000,0.765,3,0,0.724,1,44.045,876.439,1.000,0.462,2.480,0.795,0.778,0.304,0.161,0.839,0.420,0.650
552,22.080,10.050,0.000,3.967,0.000,1,1,0,0.000,0.798,3,0,0.724,1,44.045,876.439,1.000,0.470,3.109,0.834,0.396,0.109,0.170,0.830,0.455,0.000
554,22.160,9.055,0.000,-0.994,0.000,1,1,0,0.000,0.628,3,0,0.724,1,44.045,876.439,1.000,0.470,2.561,0.817,0.047,0.039,0.159,0.841,0.437,0.000
556,22.240,10.198,0.000,1.143,0.000,1,1,0,0.000,0.639,3,0,0.759,1,44.045,876.439,1.000,0.479,2.514,0.739,0.192,0.303,0.155,0.845,0.448,0.000
558,22.320,10.050,0.000,-0.148,0.000,1,1,0,0.000,0.553,4,1,0.724,1,44.045,876.439,1.000,0.487,2.746,0.786,0.516,0.408,0.168,0.832,0.534,0.750
560,22.400,9.055,0.000,-0.994,0.000,1,1,0,0.000,0.481,4,0,0.724,1,44.045,876.439,1.000,0.487,2.783,0.861,0.880,0.007,0.172,0.828,0.525,0.000
562,22.480,6.325,0.000,-2.731,0.000,1,1,0,0.000,0.213,4,0,0.724,1,44.045,876.439,1.000,0.496,2.093,0.878,1.709,0.014,0.156,0.844,0.491,0.700
564,22.560,5.099,0.000,-1.226,0.000,1,1,0,0.000,0.220,4,0,0.724,1,44.045,876.439,1.000,0.504,1.562,0.898,3.310,0.241,0.153,0.847,0.470,0.700
566,22.640,2.828,0.000,-2.271,0.000,1,1,0,0.000,0.323,3,1,0.724,0,44.045,876.439,0.967,0.504,1.174,0.911,3.495,0.200,0.150,0.850,0.397,0.750
568,22.720,2.828,0.000,0.000,0.000,1,1,0,0.000,0.290,4,1,0.724,0,44.045,876.439,0.933,0.504,0.830,0.809,3.718,0.562,0.138,0.862,0.392,0.750
570,22.800,4.243,0.000,1.414,0.000,1,1,0,0.000,0.460,4,0,0.724,0,44.045,876.439,0.900,0.504,0.929,0.443,3.870,1.421,0.127,0.873,0.424,0.700
572,22.880,5.099,0.000,0.856,0.000,1,1,0,0.000,0.522,4,0,0.759,1,44.045,876.439,0.900,0.455,1.592,0.713,3.923,0.764,0.144,0.856,0.471,0.700
574,22.960,8.062,0.000,2.963,0.000,1,1,0,0.000,0.519,4,0,0.759,1,44.045,876.439,0.900,0.463,2.076,0.740,3.956,0.107,0.153,0.847,0.498,0.700
576,23.040,8.544,0.000,0.482,0.000,1,1,0,0.000,0.522,3,1,0.724,1,44.045,876.439,0.900,0.471,2.544,0.765,2.521,0.136,0.158,0.842,0.425,0.750
578,23.120,12.042,0.000,3.498,0.000,1,1,0,0.000,0.530,3,0,0.724,1,44.045,876.439,0.900,0.471,3.637,0.815,2.073,0.056,0.167,0.833,0.469,0.700
580,23.200,15.297,97.329,3.255,54.950,2,1,1,527.944,0.521,3,0,0.724,3,44.045,876.439,0.900,0.471,5.111,0.773,1.742,0.094,0.172,0.828,0.862,0.700
582,23.280,14.318,26.077,-0.979,-71.253,2,1,1,525.437,0.792,3,0,0.724,3,357.001,2547.829,0.900,0.463,5.091,0.747,1.620,0.063,0.174,0.826,0.758,0.750
584,23.360,12.369,39.000,-1.949,12.923,2,1,1,510.564,0.667,3,0,0.724,3,357.001,2547.829,0.900,0.463,4.393,0.720,1.341,0.125,0.171,0.829,0.814,0.750
586,23.440,11.180,47.424,-1.189,8.424,2,1,1,480.204,0.688,3,0,0.759,4,23.195,3791.209,0.900,0.455,3.534,0.676,1.310,0.021,0.172,0.828,0.829,0.000
588,23.520,8.062,56.727,-3.118,9.304,2,1,1,438.590,0.677,4,1,0.724,4,244.724,4696.797,0.900,0.447,3.134,0.697,1.232,0.087,0.173,0.827,0.918,0.750
590,23.600,8.246,60.000,0.184,3.273,2,1,1,389.539,0.660,4,0,0.724,4,0.000,5481.444,0.900,0.447,2.890,0.690,1.091,0.046,0.164,0.836,0.912,0.000
592,23.680,9.055,43.267,0.809,-16.733,2,1,1,352.598,0.595,4,0,0.724,4,0.000,6106.150,0.900,0.438,3.063,0.663,0.951,0.038,0.158,0.842,0.909,0.000
594,23.760,8.000,19.799,-1.055,-23.468,2,1,1,336.858,0.562,4,0,0.759,5,0.000,6466.419,0.900,0.422,3.099,0.698,0.962,0.021,0.160,0.840,0.777,0.000
596,23.840,10.198,5.099,2.198,-14.700,2,1,1,327.873,0.603,4,0,0.793,5,0.000,6132.648,0.900,0.414,2.882,0.854,1.073,0.039,0.157,0.843,0.707,0.000
598,23.920,8.062,3.162,-2.136,-1.937,2,1,1,323.289,0.473,4,0,0.828,5,0.000,3029.984,0.900,0.414,2.410,0.913,1.255,0.044,0.157,0.843,0.679,0.000
600,24.000,3.162,3.000,-4.900,-0.162,2,1,1,322.889,0.442,3,1,0.793,2,117.184,2529.207,0.900,0.414,1.339,0.893,1.431,0.124,0.152,0.848,0.467,0.750
602,24.080,2.236,2.000,-0.926,-1.000,2,1,1,319.862,0.584,2,1,0.759,2,117.201,2006.469,0.900,0.414,0.679,0.813,1.508,0.039,0.125,0.875,0.510,0.750
604,24.160,1.000,2.236,-1.236,0.236,2,1,1,316.711,0.688,2,0,0.759,2,109.659,1841.995,0.900,0.414,0.464,0.578,1.456,0.275,0.101,0.899,0.522,0.700
606,24.240,0.000,5.000,-1.000,2.764,2,1,1,311.854,0.683,3,1,0.724,3,105.702,1715.170,0.900,0.405,0.391,0.721,1.309,0.563,0.086,0.914,0.625,0.750
608,24.320,2.000,5.000,2.000,0.000,2,1,1,311.236,0.873,3,0,0.724,3,106.104,1625.550,0.900,0.388,0.527,0.910,1.045,0.190,0.115,0.885,0.615,0.589
610,24.400,1.414,7.810,-0.586,2.810,2,1,1,317.630,1.074,4,1,0.690,4,0.000,1643.119,0.900,0.408,0.738,0.827,0.540,0.077,0.126,0.874,0.642,0.750
612,24.480,1.000,5.000,-0.414,-2.810,2,1,1,318.718,1.087,2,1,0.655,2,114.612,1608.188,0.900,0.399,0.496,0.737,0.039,0.012,0.112,0.888,0.527,0.750
614,24.560,1.000,3.606,0.000,-1.394,2,1,1,315.571,1.176,2,0,0.655,2,114.490,1598.154,0.900,0.389,0.492,0.774,0.379,0.400,0.108,0.892,0.516,0.636
616,24.640,2.000,3.606,1.000,0.000,2,1,1,314.356,1.332,2,0,0.690,2,150.615,1710.400,0.900,0.399,0.731,0.911,0.638,0.457,0.124,0.876,0.513,0.750
618,24.720,2.000,1.000,0.000,-2.606,2,1,1,312.930,1.455,2,0,0.690,2,1.000,1841.137,0.900,0.399,0.655,0.928,0.814,0.275,0.120,0.880,0.501,0.580
620,24.800,0.000,2.828,-2.000,1.828,2,1,1,315.571,1.415,2,0,0.690,2,2.236,1923.294,0.900,0.399,0.277,0.746,0.950,0.445,0.066,0.934,0.508,0.580
622,24.880,0.000,0.000,0.000,-2.828,2,1,1,315.571,1.591,2,0,0.690,2,3.162,2022.288,0.900,0.408,0.228,0.459,1.082,1.017,0.047,0.953,0.512,0.580
624,24.960,2.000,3.000,2.000,3.000,2,1,1,314.992,1.594,2,0,0.724,2,2.000,2023.674,0.900,0.408,0.501,0.774,1.273,0.258,0.119,0.881,0.513,0.580
626,25.040,1.000,3.162,-1.000,0.162,2,1,1,314.453,1.348,2,0,0.759,2,145.798,2104.415,0.933,0.417,0.483,0.679,1.515,0.009,0.100,0.900,0.524,0.750
628,25.120,1.000,4.472,0.000,1.310,2,1,1,313.500,1.255,3,1,0.724,3,59.237,2653.998,0.967,0.417,0.355,0.364,1.830,0.255,0.065,0.935,0.554,0.750
630,25.200,0.000,5.385,-1.000,0.913,2,1,1,313.970,0.909,2,1,0.690,2,147.258,2781.149,1.000,0.417,0.296,0.517,2.249,0.323,0.056,0.944,0.551,0.750
632,25.280,1.414,3.000,1.414,-2.385,2,1,1,310.886,0.846,2,0,0.690,2,150.083,2908.309,1.000,0.426,0.221,0.289,2.440,0.243,0.040,0.960,0.552,0.750
634,25.360,1.000,1.000,-0.414,-2.000,2,1,1,312.237,0.785,2,0,0.724,2,117.290,2828.507,1.000,0.426,0.192,0.213,2.198,1.298,0.049,0.951,0.545,0.700
636,25.440,1.000,3.000,0.000,2.000,2,1,1,310.471,0.813,3,1,0.690,3,20.000,3012.810,1.000,0.435,0.356,0.598,1.886,0.296,0.084,0.916,0.634,0.750
638,25.520,0.000,4.123,-1.000,1.123,2,1,1,307.423,0.732,4,1,0.655,4,24.597,2905.259,1.000,0.435,0.609,0.787,1.606,2.115,0.117,0.883,0.633,0.750
640,25.600,3.000,12.530,3.000,8.407,2,1,1,303.402,0.672,4,0,0.655,4,75.286,2605.789,1.000,0.435,1.085,0.906,1.382,0.034,0.143,0.857,0.683,0.000
642,25.680,3.000,16.125,0.000,3.595,2,1,1,298.198,0.635,3,1,0.621,3,86.885,2472.249,1.000,0.435,1.427,0.884,1.253,0.208,0.139,0.861,0.613,0.750
644,25.760,3.162,16.279,0.162,0.154,2,1,1,289.601,0.669,3,0,0.621,3,70.605,2134.264,1.000,0.444,1.373,0.861,1.108,0.447,0.140,0.860,0.614,0.000
646,25.840,4.123,17.263,0.961,0.984,2,1,1,281.400,0.649,3,0,0.655,4,0.000,2315.698,1.000,0.435,1.484,0.883,0.952,2.233,0.144,0.856,0.621,0.550
648,25.920,5.099,15.524,0.976,-1.739,2,1,1,271.627,0.555,3,0,0.655,3,0.000,2392.124,1.000,0.435,1.236,0.813,0.808,0.519,0.142,0.858,0.610,0.000
650,26.000,1.414,10.198,-3.685,-5.326,2,1,1,262.376,0.434,3,0,0.655,3,49.041,2496.000,1.000,0.435,0.843,0.501,0.665,0.924,0.122,0.878,0.593,0.000
652,26.080,1.000,8.246,-0.414,-1.952,2,1,1,258.147,0.565,3,0,0.655,3,74.967,2593.155,1.000,0.435,0.695,0.501,0.489,2.959,0.096,0.904,0.578,0.550
654,26.160,1.414,4.243,0.414,-4.004,2,1,1,262.275,0.597,3,0,0.655,4,22.472,2344.580,1.000,0.435,0.481,0.329,0.305,1.428,0.081,0.919,0.563,0.550
656,26.240,3.162,5.385,1.748,1.143,2,1,1,258.907,0.674,3,0,0.655,4,0.000,2441.797,1.000,0.426,0.914,0.792,0.149,0.026,0.120,0.880,0.547,0.000
658,26.320,1.414,13.601,-1.748,8.216,2,1,1,271.061,0.899,3,0,0.690,4,49.497,2631.719,1.000,0.417,0.856,0.690,0.148,0.959,0.118,0.882,0.599,0.000
660,26.400,3.606,1.414,2.191,-12.187,2,1,1,270.675,1.230,3,0,0.724,4,66.121,2600.514,1.000,0.408,0.946,0.861,0.968,1.108,0.135,0.865,0.533,0.350
662,26.480,2.236,8.602,-1.369,7.188,2,1,1,263.006,1.250,3,0,0.724,4,161.941,2533.509,1.000,0.399,1.030,0.785,2.313,0.287,0.132,0.868,0.569,0.750
664,26.560,3.162,2.828,0.926,-5.774,2,1,1,263.154,1.216,3,0,0.759,4,2.828,2627.238,1.000,0.389,1.028,0.744,2.778,0.734,0.127,0.873,0.541,0.700
666,26.640,1.414,10.296,-1.748,7.467,2,1,1,267.002,1.439,6,1,0.724,6,83.006,2587.244,1.000,0.369,0.586,0.703,2.995,3.095,0.105,0.895,0.673,0.750
668,26.720,2.000,8.062,0.586,-2.233,2,1,1,272.853,1.579,6,0,0.759,6,27.857,3079.287,1.000,0.369,1.137,0.809,3.081,1.000,0.130,0.870,0.667,0.700
670,26.800,1.000,5.000,-1.000,-3.062,2,1,1,275.182,1.380,6,0,0.793,6,26.173,3069.089,1.000,0.358,0.612,0.880,3.178,0.724,0.094,0.906,0.631,0.700
672,26.880,1.000,8.544,0.000,3.544,2,1,1,266.453,1.374,4,1,0.759,6,166.901,3170.740,1.000,0.347,0.598,0.574,2.223,1.555,0.079,0.921,0.672,0.750
674,26.960,0.000,5.000,-1.000,-3.544,2,1,1,262.606,1.191,4,0,0.759,6,98.005,2994.215,1.000,0.336,0.560,0.446,1.185,0.285,0.059,0.941,0.661,0.544
676,27.040,1.000,8.000,1.000,3.000,2,1,1,268.151,1.211,4,0,0.759,5,0.000,2744.035,1.000,0.336,0.437,0.362,0.714,2.718,0.067,0.933,0.680,0.550
678,27.120,2.000,10.296,1.000,2.296,2,1,1,276.740,1.254,4,1,0.724,5,0.000,2926.209,1.000,0.324,1.040,0.805,0.356,1.267,0.114,0.886,0.677,0.750
680,27.200,2.236,3.162,0.236,-7.133,2,1,1,274.128,1.522,4,0,0.724,4,89.560,2872.188,1.000,0.324,0.911,0.872,0.229,0.007,0.117,0.883,0.629,0.350
682,27.280,1.000,10.296,-1.236,7.133,2,1,1,263.251,1.395,4,0,0.724,5,37.483,3053.019,1.000,0.324,0.855,0.769,0.163,0.131,0.121,0.879,0.675,0.350
684,27.360,1.414,5.831,0.414,-4.465,2,1,1,262.231,1.400,4,0,0.724,5,67.209,2818.017,1.000,0.324,0.699,0.576,0.124,0.104,0.099,0.901,0.660,0.350
686,27.440,1.414,3.606,0.000,-2.225,2,1,1,260.050,1.526,4,0,0.759,5,0.000,2527.830,1.000,0.324,0.603,0.667,0.160,1.539,0.082,0.918,0.638,0.550
688,27.520,1.000,3.162,-0.414,-0.443,2,1,1,262.231,1.644,4,0,0.793,5,31.145,2624.557,1.000,0.324,1.015,0.501,0.050,0.446,0.079,0.921,0.658,0.350
690,27.600,1.000,6.708,0.000,3.546,2,1,1,260.210,1.894,3,1,0.759,3,27.295,2729.244,1.000,0.324,0.560,0.231,0.002,0.269,0.071,0.929,0.585,0.750
692,27.680,3.000,8.062,2.000,1.354,2,1,1,254.285,1.624,3,0,0.759,4,0.000,2691.660,1.000,0.336,0.861,0.692,0.170,0.169,0.118,0.882,0.568,0.350
694,27.760,3.000,3.606,0.000,-4.457,2,1,1,255.783,1.765,3,0,0.793,4,3.606,2657.374,1.000,0.336,1.156,0.682,0.360,0.077,0.128,0.872,0.551,0.350
696,27.840,4.123,5.000,1.123,1.394,2,1,1,262.932,1.599,5,1,0.793,6,45.044,2351.334,1.000,0.336,1.041,0.855,0.561,0.290,0.143,0.857,0.644,0.750
698,27.920,4.000,10.440,-0.123,5.440,2,1,1,271.183,1.532,5,0,0.793,6,43.382,2456.249,1.000,0.336,1.473,0.881,0.557,0.029,0.139,0.861,0.683,0.550
700,28.000,2.000,8.944,-2.000,-1.496,2,1,1,269.236,1.703,5,0,0.828,6,6.325,2762.718,1.000,0.336,0.704,0.641,0.628,1.899,0.100,0.900,0.672,0.550
702,28.080,1.000,13.038,-1.000,4.094,2,1,1,259.671,1.580,3,1,0.793,3,18.439,2440.049,1.000,0.336,0.675,0.871,0.471,2.136,0.104,0.896,0.578,0.750
704,28.160,1.414,17.088,0.414,4.050,2,1,1,245.375,1.256,3,0,0.793,4,8.944,2381.925,1.000,0.336,0.841,0.662,0.282,1.570,0.111,0.889,0.620,0.550
706,28.240,1.000,9.899,-0.414,-7.189,2,1,1,255.988,1.300,3,0,0.793,4,9.899,2087.349,1.000,0.336,0.873,0.433,0.032,2.808,0.069,0.931,0.597,0.550
708,28.320,1.414,6.325,0.414,-3.575,2,1,1,261.664,1.236,3,1,0.759,3,0.000,2058.838,1.000,0.347,0.367,0.428,0.373,1.516,0.075,0.925,0.664,0.750
710,28.400,2.000,7.810,0.586,1.486,2,1,1,261.138,1.158,4,1,0.724,5,0.000,1706.100,1.000,0.347,0.706,0.630,0.263,0.205,0.094,0.906,0.667,0.750
712,28.480,1.414,7.071,-0.586,-0.739,2,1,1,268.151,1.220,4,0,0.724,5,4.243,1716.269,1.000,0.347,1.136,0.572,0.179,0.404,0.093,0.907,0.678,0.550
714,28.560,0.000,2.000,-1.414,-5.071,2,1,1,266.790,1.478,3,1,0.690,3,95.708,1391.240,1.000,0.347,0.432,0.143,0.216,1.910,0.057,0.943,0.562,0.750
716,28.640,1.000,13.038,1.000,11.038,2,1,1,254.657,1.232,3,0,0.690,4,11.662,1350.565,1.000,0.347,0.631,0.175,0.075,0.203,0.080,0.920,0.626,0.350
718,28.720,1.000,1.414,0.000,-11.624,2,1,1,256.759,1.530,3,0,0.690,4,72.180,1424.734,1.000,0.347,0.738,0.300,0.180,3.093,0.065,0.935,0.555,0.550
720,28.800,1.000,2.000,0.000,0.586,2,1,1,256.113,1.789,3,0,0.690,4,66.641,1457.964,1.000,0.347,0.986,0.773,0.042,3.006,0.126,0.874,0.532,0.550
722,28.880,0.000,10.817,-1.000,8.817,2,1,1,266.790,1.720,3,0,0.690,4,0.000,2071.869,1.000,0.347,1.211,0.552,0.284,0.795,0.094,0.906,0.602,0.350
724,28.960,1.000,5.831,1.000,-4.986,2,1,1,264.518,1.913,3,0,0.724,3,0.000,2337.500,1.000,0.358,0.736,0.701,0.457,2.794,0.100,0.900,0.552,0.550
726,29.040,3.162,18.248,2.162,12.417,2,1,1,252.462,1.875,3,0,0.724,3,84.581,2351.744,1.000,0.358,1.001,0.763,0.270,0.006,0.120,0.880,0.623,0.350
728,29.120,1.000,1.000,-2.162,-17.248,2,1,1,252.486,1.710,3,0,0.724,4,92.655,2162.675,1.000,0.369,0.944,0.568,0.123,2.139,0.131,0.869,0.539,0.550
730,29.200,2.236,4.000,1.236,3.000,2,1,1,257.402,1.808,2,1,0.724,2,90.802,2032.419,1.000,0.369,0.606,0.723,0.107,0.119,0.117,0.883,0.537,0.750
732,29.280,2.000,9.055,-0.236,5.055,2,1,1,264.473,1.697,3,1,0.690,4,103.407,1682.807,1.000,0.379,1.100,0.781,0.156,0.666,0.111,0.889,0.573,0.750
734,29.360,1.414,6.000,-0.586,-3.055,2,1,1,268.715,1.542,3,0,0.690,4,98.326,1702.997,1.000,0.369,1.015,0.658,0.071,1.151,0.100,0.900,0.563,0.546
736,29.440,1.414,9.000,0.000,3.000,2,1,1,262.345,1.640,3,0,0.724,3,0.000,1559.794,1.000,0.379,0.458,0.706,0.102,0.824,0.075,0.925,0.562,0.350
738,29.520,1.000,12.649,-0.414,3.649,2,1,1,251.766,1.526,3,0,0.724,4,99.624,1557.069,1.000,0.379,0.638,0.056,0.361,0.128,0.067,0.933,0.632,0.553
740,29.600,1.414,3.162,0.414,-9.487,2,1,1,253.160,1.587,3,0,0.724,4,117.427,1617.179,1.000,0.369,0.657,0.619,0.077,0.984,0.093,0.907,0.541,0.652
742,29.680,1.000,4.123,-0.414,0.961,2,1,1,255.973,1.508,2,1,0.690,2,80.951,1636.908,1.000,0.379,0.347,0.660,0.036,1.372,0.061,0.939,0.535,0.750
744,29.760,1.414,5.385,0.414,1.262,2,1,1,260.946,1.667,3,1,0.655,4,82.055,1317.884,1.000,0.379,0.829,0.638,0.298,1.334,0.093,0.907,0.556,0.750
746,29.840,0.000,3.162,-1.414,-2.223,2,1,1,263.797,1.281,3,0,0.655,3,45.618,1424.974,1.000,0.389,0.465,0.275,0.126,0.621,0.059,0.941,0.560,0.350
748,29.920,3.162,8.485,3.162,5.323,2,1,1,256.798,1.602,3,0,0.690,4,107.713,1470.857,1.000,0.379,0.919,0.521,0.172,0.153,0.107,0.893,0.584,0.598
750,30.000,1.000,9.220,-2.162,0.734,2,1,1,255.267,1.579,3,0,0.690,4,105.475,1479.045,1.000,0.379,0.741,0.567,0.066,0.027,0.098,0.902,0.580,0.586
752,30.080,0.000,5.000,-1.000,-4.220,2,1,1,258.836,1.294,3,0,0.690,4,91.241,1471.994,1.000,0.379,0.862,0.802,0.229,1.228,0.114,0.886,0.543,0.507
754,30.160,1.000,10.770,1.000,5.770,2,1,1,269.409,1.287,3,0,0.724,4,94.000,1425.130,1.000,0.379,0.833,0.553,0.376,0.230,0.097,0.903,0.592,0.522
756,30.240,0.000,5.385,-1.000,-5.385,2,1,1,267.346,1.171,4,1,0.690,4,0.000,1443.890,1.000,0.379,0.762,0.624,0.267,0.847,0.109,0.891,0.655,0.750
758,30.320,2.828,7.616,2.828,2.231,2,1,1,260.277,1.354,4,0,0.690,6,115.278,1481.169,1.000,0.369,1.021,0.804,0.316,0.464,0.136,0.864,0.662,0.640
760,30.400,2.000,6.403,-0.828,-1.213,2,1,1,258.095,1.310,4,0,0.724,5,65.253,1617.215,1.000,0.369,0.796,0.873,0.214,0.306,0.124,0.876,0.644,0.350
762,30.480,4.123,4.123,2.123,-2.280,2,1,1,258.095,1.384,4,0,0.724,6,83.217,1968.699,1.000,0.358,1.166,0.894,0.127,0.067,0.139,0.861,0.639,0.350
764,30.560,3.606,8.000,-0.518,3.877,2,1,1,263.048,1.080,4,0,0.724,6,83.528,1976.858,1.000,0.347,1.780,0.870,0.221,0.165,0.152,0.848,0.678,0.350
766,30.640,3.606,2.828,0.000,-5.172,2,1,1,260.931,1.188,4,0,0.759,5,103.446,2431.718,1.000,0.347,1.112,0.874,0.057,0.569,0.140,0.860,0.637,0.575
768,30.720,3.606,7.071,0.000,4.243,2,1,1,254.621,1.080,3,1,0.759,4,117.000,2452.969,1.000,0.347,1.349,0.739,0.218,0.044,0.147,0.853,0.571,0.750
770,30.800,1.414,11.045,-2.191,3.974,2,1,1,246.073,1.018,3,0,0.759,3,90.521,2603.347,1.000,0.347,0.850,0.893,0.360,0.096,0.138,0.862,0.570,0.503
772,30.880,1.000,3.606,-0.414,-7.440,2,1,1,248.906,1.152,3,0,0.793,3,89.944,2677.150,1.000,0.347,0.615,0.692,0.424,0.160,0.095,0.905,0.537,0.350
774,30.960,1.000,5.657,0.000,2.051,2,1,1,248.220,1.180,3,0,0.793,4,65.460,2661.100,1.000,0.347,0.745,0.491,0.684,1.191,0.073,0.927,0.566,0.350
776,31.040,3.000,1.414,2.000,-4.243,2,1,1,251.794,1.241,3,0,0.793,3,94.244,2551.448,1.000,0.347,0.920,0.808,0.595,2.521,0.131,0.869,0.533,0.550
778,31.120,2.236,3.606,-0.764,2.191,2,1,1,253.180,1.332,2,1,0.759,2,121.078,2560.425,1.000,0.358,0.710,0.789,0.736,0.154,0.116,0.884,0.533,0.750
780,31.200,1.000,5.000,-1.236,1.394,2,1,1,248.938,1.540,3,1,0.724,4,50.000,2223.349,1.000,0.358,0.688,0.737,0.626,0.425,0.116,0.884,0.543,0.750
782,31.280,2.828,3.606,1.828,-1.394,2,1,1,249.634,1.484,3,0,0.724,3,0.000,2159.439,1.000,0.358,0.700,0.931,0.691,0.275,0.125,0.875,0.522,0.350
784,31.360,1.000,4.123,-1.828,0.518,2,1,1,252.517,1.723,3,0,0.724,4,110.422,2174.190,1.000,0.358,0.779,0.747,0.834,0.135,0.112,0.888,0.540,0.613
786,31.440,1.000,13.892,0.000,9.769,2,1,1,255.345,1.868,5,1,0.690,6,121.297,2409.588,1.000,0.358,1.008,0.851,0.785,0.014,0.119,0.881,0.693,0.750
788,31.520,1.000,7.071,0.000,-6.821,2,1,1,250.571,1.650,5,0,0.724,6,111.414,2167.804,1.000,0.358,0.865,0.874,0.976,0.845,0.108,0.892,0.650,0.619
790,31.600,1.414,2.828,0.414,-4.243,2,1,1,250.799,1.510,5,0,0.759,6,111.221,2118.844,1.000,0.358,1.315,0.834,0.879,0.810,0.126,0.874,0.640,0.618
792,31.680,3.000,9.487,1.586,6.658,2,1,1,252.604,1.648,3,1,0.724,4,83.006,2459.079,1.000,0.358,0.893,0.809,0.996,0.377,0.128,0.872,0.568,0.750
794,31.760,1.000,3.162,-2.000,-6.325,2,1,1,253.243,1.476,2,1,0.690,2,103.465,2443.909,1.000,0.369,0.637,0.868,0.859,0.406,0.115,0.885,0.523,0.750
796,31.840,1.414,3.000,0.414,-0.162,2,1,1,254.018,1.474,3,1,0.655,4,76.381,2132.075,1.000,0.369,0.866,0.752,0.184,0.222,0.112,0.888,0.536,0.750
798,31.920,1.000,7.280,-0.414,4.280,2,1,1,259.856,1.270,3,0,0.655,4,89.894,2136.729,1.000,0.369,0.656,0.319,0.003,0.308,0.063,0.937,0.585,0.480
800,32.000,0.000,2.236,-1.000,-5.044,2,1,1,260.680,1.124,3,0,0.690,4,118.596,1685.069,1.000,0.369,0.596,0.582,0.273,0.517,0.069,0.931,0.537,0.659
802,32.080,3.000,3.000,3.000,0.764,2,1,1,256.445,1.227,3,0,0.724,4,124.776,1758.880,1.000,0.358,1.048,0.854,0.368,0.038,0.121,0.879,0.533,0.693
804,32.160,1.000,11.180,-2.000,8.180,2,1,1,253.207,1.172,4,1,0.690,5,83.217,2078.129,1.000,0.358,0.578,0.612,0.363,0.422,0.100,0.900,0.684,0.750
806,32.240,1.000,2.236,0.000,-8.944,2,1,1,256.035,1.368,4,0,0.690,6,56.648,2030.754,1.000,0.347,0.396,0.397,0.377,1.508,0.041,0.959,0.645,0.550
808,32.320,1.414,7.071,0.414,4.835,2,1,1,259.048,1.178,4,0,0.690,5,80.262,1720.559,1.000,0.336,0.774,0.171,0.641,0.976,0.064,0.936,0.697,0.350
810,32.400,1.414,3.606,0.000,-3.466,2,1,1,262.612,1.440,3,1,0.655,3,0.000,1797.805,1.000,0.347,0.460,0.145,0.563,1.361,0.072,0.928,0.571,0.750
812,32.480,2.236,8.602,0.822,4.997,2,1,1,255.033,1.402,3,0,0.655,4,129.769,1892.014,1.000,0.347,0.944,0.737,0.598,0.650,0.128,0.872,0.570,0.721
814,32.560,1.000,7.211,-1.236,-1.391,2,1,1,255.384,1.678,3,0,0.690,4,82.079,2090.408,1.000,0.347,0.515,0.296,0.496,0.981,0.066,0.934,0.582,0.480
816,32.640,1.414,2.000,0.414,-5.211,2,1,1,258.172,1.775,2,1,0.655,2,105.152,2065.327,1.000,0.358,0.575,0.821,0.540,2.520,0.113,0.887,0.518,0.750
818,32.720,1.000,2.236,-0.414,0.236,2,1,1,259.586,1.848,3,1,0.621,4,79.322,1735.249,1.000,0.358,0.711,0.373,0.697,0.121,0.085,0.915,0.554,0.750
820,32.800,2.236,5.000,1.236,2.764,2,1,1,263.865,1.906,3,0,0.621,3,35.228,1792.369,1.000,0.369,0.567,0.704,0.697,1.722,0.093,0.907,0.543,0.550
822,32.880,0.000,8.602,-2.236,3.602,2,1,1,255.345,1.953,4,1,0.586,5,121.264,1888.619,1.000,0.369,0.684,0.341,0.944,0.196,0.085,0.915,0.691,0.750
824,32.960,1.414,2.000,1.414,-6.602,2,1,1,253.931,1.886,4,0,0.586,6,120.930,1941.138,1.000,0.358,0.773,0.763,0.942,0.582,0.106,0.894,0.627,0.672
826,33.040,2.000,4.243,0.586,2.243,2,1,1,248.316,1.755,4,0,0.621,4,26.019,1943.074,1.000,0.358,0.515,0.637,0.914,0.235,0.087,0.913,0.642,0.350
828,33.120,2.236,1.414,0.236,-2.828,2,1,1,246.175,1.779,2,1,0.586,2,121.491,1678.555,1.000,0.358,0.779,0.448,0.985,0.273,0.105,0.895,0.551,0.750
830,33.200,0.000,1.414,-2.236,0.000,2,1,1,246.219,1.599,3,1,0.552,4,107.801,1669.559,1.000,0.358,0.706,0.216,0.893,1.383,0.076,0.924,0.560,0.750
832,33.280,2.000,2.236,2.000,0.822,2,1,1,248.316,1.668,3,0,0.552,4,93.744,1636.479,1.000,0.358,0.745,0.662,0.721,0.399,0.099,0.901,0.535,0.521
834,33.360,2.236,7.616,0.236,5.380,2,1,1,240.753,1.814,3,0,0.552,3,0.000,1609.089,1.000,0.369,0.554,0.614,0.975,0.619,0.094,0.906,0.563,0.350
836,33.440,2.236,3.162,0.000,-4.453,2,1,1,244.493,2.043,3,0,0.586,3,90.244,1828.997,1.000,0.369,0.777,0.707,0.878,0.119,0.121,0.879,0.538,0.501
838,33.520,1.000,1.000,-1.236,-2.162,2,1,1,245.904,1.729,3,0,0.621,3,0.000,1729.164,1.000,0.379,0.428,0.624,0.505,0.102,0.083,0.917,0.523,0.350
840,33.600,1.000,4.472,0.000,3.472,2,1,1,243.508,1.986,4,1,0.586,6,36.069,1660.969,1.000,0.369,0.471,0.593,0.633,2.373,0.088,0.912,0.645,0.750
842,33.680,1.000,3.606,0.000,-0.867,2,1,1,247.814,2.149,4,0,0.586,6,78.262,1569.425,1.000,0.369,0.810,0.217,0.526,2.322,0.068,0.932,0.675,0.550
844,33.760,1.414,9.487,0.414,5.881,2,1,1,252.507,2.066,4,0,0.621,4,86.331,1868.874,1.000,0.369,0.770,0.843,0.627,1.407,0.104,0.896,0.663,0.550
846,33.840,1.000,4.243,-0.414,-5.244,2,1,1,247.518,1.928,3,1,0.586,4,109.554,1850.125,1.000,0.358,0.641,0.813,0.460,0.323,0.088,0.912,0.533,0.750
848,33.920,2.000,7.211,1.000,2.968,2,1,1,253.387,1.944,3,0,0.586,4,117.337,1847.829,1.000,0.358,0.802,0.861,0.329,0.791,0.120,0.880,0.550,0.652
850,34.000,1.000,6.708,-1.000,-0.503,2,1,1,258.799,1.724,2,1,0.586,2,112.361,1634.138,1.000,0.358,0.521,0.876,0.263,0.157,0.114,0.886,0.539,0.750
852,34.080,2.236,3.162,1.236,-3.546,2,1,1,257.946,1.767,3,1,0.586,3,0.000,1620.339,1.000,0.369,0.621,0.741,0.087,0.311,0.096,0.904,0.531,0.750
854,34.160,0.000,2.000,-2.236,-1.162,2,1,1,256.445,1.729,3,0,0.621,3,94.921,1982.069,1.000,0.369,0.611,0.289,0.035,0.630,0.063,0.937,0.556,0.527
856,34.240,1.000,7.000,1.000,5.000,2,1,1,252.622,1.755,3,0,0.621,4,119.541,2123.100,1.000,0.379,0.592,0.580,0.149,0.653,0.064,0.936,0.563,0.664
858,34.320,0.000,7.211,-1.000,0.211,2,1,1,245.703,1.478,3,0,0.621,4,96.021,2031.730,1.000,0.379,0.801,0.515,0.015,0.085,0.084,0.916,0.574,0.533
860,34.400,1.414,4.000,1.414,-3.211,2,1,1,242.528,1.334,3,0,0.621,3,0.000,1832.519,1.000,0.369,0.646,0.704,0.025,0.726,0.111,0.889,0.539,0.350
862,34.480,1.000,8.246,-0.414,4.246,2,1,1,247.008,1.259,3,0,0.655,3,32.558,1929.787,1.000,0.379,0.552,0.303,0.090,0.405,0.087,0.913,0.588,0.480
864,34.560,3.000,18.868,2.000,10.622,2,1,1,267.421,1.259,3,0,0.655,4,71.561,2153.999,1.000,0.379,0.973,0.310,0.058,2.079,0.077,0.923,0.657,0.550
866,34.640,1.414,32.894,-1.586,14.026,2,1,1,298.453,1.062,3,0,0.655,4,34.000,2367.049,1.000,0.369,1.486,0.387,0.147,0.313,0.124,0.876,0.743,0.350
868,34.720,2.828,41.049,1.414,8.155,2,1,1,333.294,0.879,3,0,0.690,3,103.730,2978.910,1.000,0.369,1.724,0.494,0.331,0.657,0.143,0.857,0.787,0.576
870,34.800,2.236,51.088,-0.592,10.039,2,1,1,374.703,0.736,3,0,0.690,3,308.707,4103.965,1.000,0.369,2.197,0.518,1.087,1.588,0.152,0.848,0.819,0.750
872,34.880,2.236,57.489,0.000,6.401,2,1,1,418.294,0.577,3,0,0.690,3,320.863,5558.190,1.000,0.379,2.489,0.639,1.915,0.184,0.166,0.834,0.817,0.750
874,34.960,5.385,61.741,3.149,4.252,2,1,1,463.496,0.513,3,0,0.724,3,0.000,5693.818,1.000,0.379,3.216,0.658,3.136,0.202,0.179,0.821,0.834,0.700
876,35.040,10.050,54.452,4.665,-7.290,2,1,1,496.698,0.478,3,0,0.759,3,0.000,6103.548,1.000,0.389,4.594,0.712,4.351,0.232,0.188,0.812,0.865,0.700
878,35.120,16.763,49.659,6.713,-4.793,2,1,1,523.689,0.406,3,0,0.759,3,0.000,6390.644,1.000,0.389,5.629,0.795,6.566,0.054,0.184,0.816,0.885,0.700
880,35.200,18.682,43.105,1.918,-6.554,2,1,1,539.022,0.257,3,0,0.793,3,0.000,6773.820,1.000,0.399,6.780,0.839,8.851,0.049,0.187,0.813,0.900,0.700
882,35.280,20.396,38.910,1.715,-4.194,2,1,1,539.627,0.295,3,0,0.793,3,22.091,6800.977,1.000,0.399,7.701,0.853,11.925,0.062,0.194,0.806,0.899,0.700
884,35.360,21.213,0.000,0.817,0.000,1,1,0,0.000,0.131,3,0,0.793,2,22.091,6800.977,1.000,0.399,8.015,0.841,15.598,0.002,0.194,0.806,0.699,0.700
886,35.440,558.678,0.000,540.678,0.000,2,1,0,558.678,0.487,3,0,0.828,3,22.091,6800.977,1.000,0.408,7.179,0.872,20.007,0.031,0.192,0.808,0.918,0.700
888,35.520,571.938,97.990,13.260,59.080,2,1,1,553.596,0.869,4,1,0.828,3,22.091,6800.977,1.000,0.399,5.161,0.873,24.263,0.108,0.192,0.808,0.923,0.750
890,35.600,8.544,15.652,-563.394,-82.337,2,1,1,548.876,0.864,4,0,0.828,3,22.091,6800.977,1.000,0.399,3.348,0.868,26.309,0.107,0.177,0.823,0.715,0.700
892,35.680,4.472,3.606,-4.072,-12.047,2,1,1,550.413,0.852,4,0,0.828,1,22.091,6800.977,1.000,0.408,1.676,0.817,27.965,0.643,0.165,0.835,0.525,0.700
894,35.760,3.606,6.083,-0.867,2.477,2,1,1,546.738,0.913,6,1,0.793,0,22.091,6800.977,0.967,0.408,1.277,0.819,28.746,0.515,0.159,0.841,0.474,0.750
896,35.840,4.472,5.000,0.867,-1.083,2,1,1,544.365,0.919,5,1,0.759,1,22.091,6800.977,0.967,0.410,1.040,0.517,24.137,0.088,0.153,0.847,0.520,0.750
898,35.920,4.243,2.828,-0.229,-2.172,2,1,1,545.506,0.952,5,0,0.793,0,22.091,6800.977,0.933,0.410,1.000,0.401,13.666,0.234,0.153,0.847,0.482,0.700
900,36.000,2.236,2.236,-2.007,-0.592,2,1,1,546.963,0.975,4,0,0.793,1,22.091,6800.977,0.933,0.404,0.979,0.192,9.584,0.166,0.145,0.855,0.530,0.700
902,36.080,545.642,0.000,543.642,0.000,2,1,0,545.642,0.634,5,1,0.759,0,22.091,6800.977,0.900,0.404,1.012,0.388,6.485,2.499,0.146,0.854,0.706,0.750
904,36.160,549.586,9.434,3.944,7.198,2,1,1,545.809,0.996,5,0,0.793,1,22.091,6800.977,0.900,0.410,1.334,0.652,4.680,0.282,0.156,0.844,0.732,0.700
906,36.240,1.414,3.000,-548.172,-6.434,2,1,1,547.482,1.061,4,1,0.759,2,22.091,6800.977,0.900,0.419,1.266,0.423,3.173,1.260,0.136,0.864,0.567,0.750
908,36.320,3.606,12.530,2.191,9.530,2,1,1,557.969,1.167,4,0,0.793,1,22.091,6800.977,0.900,0.419,2.238,0.747,1.813,0.883,0.155,0.845,0.576,0.700
910,36.400,8.602,4.123,4.997,-8.407,2,1,1,558.550,1.156,4,0,0.828,2,22.091,6800.977,0.900,0.428,3.122,0.825,1.010,0.071,0.165,0.835,0.616,0.580
912,36.480,8.062,6.403,-0.540,2.280,2,1,1,558.271,1.169,4,0,0.828,3,22.091,6800.977,0.900,0.428,3.875,0.843,0.461,0.216,0.169,0.831,0.676,0.580
914,36.560,10.296,13.342,2.233,6.939,2,1,1,556.635,1.131,4,0,0.828,3,62.266,7324.950,0.900,0.428,4.476,0.854,0.073,0.098,0.173,0.827,0.719,0.580
916,36.640,12.369,10.050,2.074,-3.292,2,1,1,547.522,1.106,4,0,0.828,3,12.042,7711.685,0.900,0.428,4.725,0.864,0.215,0.163,0.178,0.822,0.719,0.580
918,36.720,8.062,12.369,-4.307,2.319,2,1,1,546.503,0.749,4,0,0.828,3,10.050,7781.724,0.900,0.428,3.649,0.881,0.433,0.180,0.180,0.820,0.691,0.580
920,36.800,5.000,0.000,-3.062,0.000,1,1,0,0.000,0.452,4,0,0.828,2,5.657,7847.975,0.900,0.436,2.314,0.924,0.597,0.438,0.176,0.824,0.519,0.650
922,36.880,5.000,0.000,0.000,0.000,1,1,0,0.000,0.410,4,0,0.828,2,5.657,8048.714,0.900,0.436,2.217,0.892,0.732,0.077,0.176,0.824,0.519,0.580
924,36.960,6.403,0.000,1.403,0.000,1,1,0,0.000,0.243,4,0,0.828,2,3.162,6912.574,0.900,0.445,2.395,0.857,0.777,0.117,0.179,0.821,0.533,0.580
926,37.040,13.000,0.000,6.597,0.000,1,1,0,0.000,0.498,4,0,0.828,2,3.162,6912.574,0.900,0.445,2.459,0.797,0.763,0.034,0.181,0.819,0.576,0.580
928,37.120,456.934,0.000,443.934,0.000,1,1,0,0.000,0.602,4,0,0.828,2,402.613,8982.097,0.900,0.445,2.905,0.734,0.699,0.161,0.194,0.806,0.769,0.750
930,37.200,27.586,0.000,-429.348,0.000,1,1,0,0.000,0.904,3,1,0.793,1,402.613,8982.097,0.900,0.453,2.768,0.715,0.611,0.056,0.191,0.809,0.540,0.750
932,37.280,0.000,0.000,0.000,0.000,0,0,0,0.000,0.000,3,0,0.793,0,402.613,8982.097,0.867,0.453,2.598,0.612,0.512,0.922,0.174,0.826,0.196,0.750
934,37.360,0.000,0.000,0.000,0.000,0,0,0,0.000,0.000,3,0,0.793,0,402.613,8982.097,0.833,0.453,3.028,0.888,0.417,0.869,0.187,0.813,0.184,0.750
936,37.440,0.000,0.000,0.000,0.000,0,0,0,0.000,0.000,3,0,0.793,0,402.613,8982.097,0.800,0.453,2.031,0.818,0.316,0.489,0.169,0.831,0.159,0.750
938,37.520,0.000,0.000,0.000,0.000,0,0,0,0.000,0.000,3,0,0.793,0,402.613,8982.097,0.767,0.453,1.920,0.726,0.209,0.284,0.168,0.832,0.159,0.750
940,37.600,0.000,0.000,0.000,0.000,0,0,0,0.000,0.000,3,0,0.793,0,402.613,8982.097,0.733,0.453,2.883,0.707,0.137,1.386,0.158,0.842,0.181,0.750
942,37.680,0.000,0.000,0.000,0.000,0,0,0,0.000,0.000,3,0,0.793,0,402.613,8982.097,0.700,0.453,3.470,0.706,0.055,0.028,0.158,0.842,0.191,0.750
944,37.760,0.000,0.000,0.000,0.000,0,0,0,0.000,0.000,3,0,0.793,0,402.613,8982.097,0.667,0.453,3.362,0.618,0.039,0.092,0.169,0.831,0.191,0.750
946,37.840,0.000,0.000,0.000,0.000,0,0,0,0.000,0.000,3,0,0.828,0,402.613,8982.097,0.633,0.453,3.113,0.528,0.137,0.068,0.166,0.834,0.187,0.750
948,37.920,0.000,0.000,0.000,0.000,0,0,0,0.000,0.000,6,1,0.793,0,402.613,8982.097,0.600,0.453,2.521,0.195,0.206,0.111,0.158,0.842,0.291,0.750
950,38.000,0.000,0.000,0.000,0.000,0,0,0,0.000,0.000,6,0,0.793,0,402.613,8982.097,0.567,0.453,1.490,0.444,0.248,2.644,0.156,0.844,0.244,0.750
952,38.080,0.000,0.000,0.000,0.000,0,0,0,0.000,0.000,6,0,0.828,0,402.613,8982.097,0.533,0.453,1.949,0.594,0.264,0.045,0.143,0.857,0.241,0.750
954,38.160,0.000,0.000,0.000,0.000,0,0,0,0.000,0.000,4,1,0.828,0,402.613,8982.097,0.533,0.453,2.240,0.414,0.224,1.351,0.130,0.870,0.261,0.750
956,38.240,0.000,0.000,0.000,0.000,0,0,0,0.000,0.000,4,0,0.828,0,402.613,8982.097,0.500,0.453,1.763,0.201,0.162,0.450,0.107,0.893,0.260,0.750
958,38.320,0.000,0.000,0.000,0.000,0,0,0,0.000,0.000,4,0,0.828,0,402.613,8982.097,0.500,0.453,1.000,0.353,0.054,0.348,0.092,0.908,0.230,0.750
960,38.400,0.000,0.000,0.000,0.000,0,0,0,0.000,0.000,5,1,0.828,0,402.613,8982.097,0.467,0.453,1.385,0.604,0.163,2.744,0.123,0.877,0.218,0.750
962,38.480,0.000,0.000,0.000,0.000,0,0,0,0.000,0.000,5,0,0.828,0,402.613,8982.097,0.467,0.453,1.635,0.749,0.373,0.496,0.123,0.877,0.214,0.750
964,38.560,0.000,0.000,0.000,0.000,0,0,0,0.000,0.000,5,0,0.862,0,402.613,8982.097,0.433,0.453,1.149,0.718,0.586,0.300,0.112,0.888,0.200,0.750
966,38.640,0.000,0.000,0.000,0.000,0,0,0,0.000,0.000,4,1,0.828,0,402.613,8982.097,0.400,0.453,0.907,0.692,0.909,0.311,0.101,0.899,0.192,0.750
968,38.720,0.000,0.000,0.000,0.000,0,0,0,0.000,0.000,4,0,0.828,0,402.613,8982.097,0.367,0.453,0.852,0.667,1.153,0.081,0.092,0.908,0.189,0.750
970,38.800,0.000,0.000,0.000,0.000,0,0,0,0.000,0.000,4,0,0.828,0,402.613,8982.097,0.333,0.453,0.896,0.449,1.181,0.127,0.090,0.910,0.201,0.750
972,38.880,0.000,0.000,0.000,0.000,0,0,0,0.000,0.000,3,1,0.793,0,402.613,8982.097,0.300,0.453,0.718,0.395,1.323,0.147,0.094,0.906,0.196,0.750
974,38.960,0.000,0.000,0.000,0.000,0,0,0,0.000,0.000,4,1,0.759,0,402.613,8982.097,0.267,0.453,0.788,0.702,1.556,0.096,0.092,0.908,0.173,0.750
976,39.040,0.000,0.000,0.000,0.000,0,0,0,0.000,0.000,3,1,0.724,0,402.613,8982.097,0.233,0.453,0.642,0.612,1.917,0.041,0.087,0.913,0.171,0.750
978,39.120,0.000,0.000,0.000,0.000,0,0,0,0.000,0.000,5,1,0.690,0,402.613,8982.097,0.200,0.453,0.808,0.490,2.781,0.229,0.094,0.906,0.180,0.750
980,39.200,0.000,0.000,0.000,0.000,0,0,0,0.000,0.000,4,1,0.655,0,402.613,8982.097,0.167,0.453,0.581,0.779,3.242,0.131,0.083,0.917,0.150,0.750
982,39.280,0.000,0.000,0.000,0.000,0,0,0,0.000,0.000,4,0,0.655,0,402.613,8982.097,0.133,0.453,0.683,0.829,2.747,0.138,0.086,0.914,0.145,0.750
984,39.360,0.000,0.000,0.000,0.000,0,0,0,0.000,0.000,4,1,0.621,0,402.613,8982.097,0.100,0.453,0.639,0.780,2.782,0.049,0.078,0.922,0.143,0.750
986,39.440,0.000,82.801,0.000,70.432,1,0,1,0.000,0.822,4,0,0.621,2,402.613,8982.097,0.100,0.209,0.818,0.755,2.931,0.286,0.075,0.925,0.620,0.750
988,39.520,362.000,0.000,334.414,0.000,1,1,0,0.000,0.972,4,0,0.655,2,402.613,8982.097,0.100,0.212,0.947,0.856,2.778,0.178,0.089,0.911,0.616,0.750
990,39.600,10.630,0.000,-351.370,0.000,1,1,0,0.000,1.047,4,0,0.655,2,402.613,8982.097,0.100,0.212,1.266,0.924,2.186,0.153,0.097,0.903,0.428,0.750
992,39.680,12.530,0.000,1.900,0.000,1,1,0,0.000,0.995,4,0,0.655,2,402.613,8982.097,0.133,0.212,1.684,0.956,1.959,0.189,0.102,0.898,0.451,0.750
994,39.760,7.071,0.000,-5.459,0.000,1,1,0,0.000,1.004,4,0,0.655,2,402.613,8982.097,0.167,0.215,1.591,0.965,1.829,0.077,0.099,0.901,0.422,0.750
996,39.840,3.162,0.000,-3.909,0.000,1,1,0,0.000,1.058,5,1,0.621,2,402.613,8982.097,0.200,0.215,1.090,0.965,1.585,0.116,0.092,0.908,0.373,0.750
998,39.920,1.000,0.000,-2.162,0.000,1,1,0,0.000,0.955,5,0,0.621,1,402.613,8982.097,0.233,0.218,1.050,0.931,1.365,0.343,0.082,0.918,0.331,0.750
1000,40.000,5.099,144.125,4.099,61.324,2,1,1,269.535,1.018,5,0,0.621,2,402.613,8982.097,0.267,0.218,1.024,0.957,1.185,0.222,0.081,0.919,0.663,0.750
1002,40.080,3.606,2.236,-1.493,-141.889,2,1,1,269.156,0.907,4,1,0.586,2,402.613,8982.097,0.300,0.218,0.966,0.954,1.019,0.098,0.079,0.921,0.453,0.750
1004,40.160,3.000,5.099,-0.606,2.863,2,1,1,267.301,0.958,4,0,0.586,2,402.613,8982.097,0.333,0.218,0.924,0.972,0.864,0.037,0.076,0.924,0.463,0.750
1006,40.240,4.000,3.162,1.000,-1.937,2,1,1,266.923,0.919,4,0,0.621,4,402.613,8982.097,0.367,0.218,0.857,0.962,0.745,0.069,0.076,0.924,0.550,0.750
1008,40.320,3.000,4.472,-1.000,1.310,2,1,1,268.173,0.934,5,1,0.586,2,402.613,8982.097,0.400,0.218,0.686,0.964,0.589,0.079,0.076,0.924,0.445,0.750
1010,40.400,3.162,3.162,0.162,-1.310,2,1,1,265.452,0.911,5,0,0.586,2,402.613,8982.097,0.433,0.221,0.743,0.948,0.474,0.152,0.076,0.924,0.444,0.750
1012,40.480,4.243,2.236,1.080,-0.926,2,1,1,264.197,0.886,4,1,0.586,3,362.167,9018.855,0.467,0.209,0.551,0.953,0.313,0.164,0.070,0.930,0.512,0.750
1014,40.560,2.828,2.236,-1.414,0.000,2,1,1,262.734,0.803,3,1,0.552,3,2.236,7011.259,0.500,0.203,0.381,0.839,0.174,0.623,0.059,0.941,0.556,0.750
1016,40.640,2.000,1.414,-0.828,-0.822,2,1,1,262.345,0.728,3,0,0.552,4,2.236,7018.644,0.533,0.197,0.641,0.706,0.025,0.014,0.073,0.927,0.572,0.580
1018,40.720,4.123,3.162,2.123,1.748,2,1,1,261.859,0.748,3,0,0.586,4,3.162,3971.920,0.567,0.197,0.612,0.713,0.213,0.552,0.072,0.928,0.586,0.580
1020,40.800,4.123,3.162,0.000,0.000,2,1,1,263.941,0.736,4,1,0.552,4,4.000,3942.229,0.600,0.197,0.602,0.594,0.146,0.154,0.068,0.932,0.598,0.750
1022,40.880,2.828,3.606,-1.295,0.443,2,1,1,264.824,0.864,4,0,0.552,4,2.236,3903.954,0.633,0.194,0.320,0.743,0.018,0.409,0.054,0.946,0.582,0.580
1024,40.960,7.000,4.123,4.172,0.518,2,1,1,264.322,0.963,4,0,0.586,2,7.211,3880.280,0.667,0.194,0.609,0.745,0.322,1.097,0.062,0.938,0.522,0.580
1026,41.040,5.385,2.236,-1.615,-1.887,2,1,1,260.284,0.854,4,0,0.586,3,4.000,3851.934,0.700,0.194,0.429,0.867,0.570,0.338,0.066,0.934,0.549,0.580
1028,41.120,1.000,4.243,-4.385,2.007,2,1,1,264.781,1.141,5,1,0.552,2,4.000,3851.934,0.733,0.194,0.751,0.871,0.738,0.270,0.078,0.922,0.491,0.750
1030,41.200,9.055,3.162,8.055,-1.080,2,1,1,271.280,0.959,5,0,0.586,2,4.000,3851.934,0.767,0.194,0.716,0.780,0.838,0.526,0.078,0.922,0.528,0.350
1032,41.280,1.000,25.632,-8.055,22.470,2,1,1,297.532,1.071,5,0,0.621,4,7.280,3845.794,0.800,0.435,1.225,0.772,0.927,0.625,0.084,0.916,0.709,0.350
1034,41.360,8.062,0.000,7.062,0.000,1,1,0,0.000,1.117,5,0,0.655,2,4.243,3836.119,0.833,0.435,1.345,0.817,0.943,0.364,0.088,0.912,0.493,0.650
1036,41.440,9.220,0.000,1.157,0.000,1,1,0,0.000,1.067,5,0,0.690,2,7.280,3829.304,0.867,0.435,1.123,0.831,0.893,0.116,0.085,0.915,0.497,0.350
1038,41.520,2.236,127.456,-6.983,101.824,2,1,1,377.636,0.969,5,0,0.724,4,345.162,6868.745,0.900,0.426,0.769,0.828,0.913,0.586,0.084,0.916,0.813,0.750
1040,41.600,4.123,35.171,1.887,-92.285,2,1,1,363.688,1.175,5,0,0.724,5,35.171,9227.525,0.933,0.408,1.104,0.711,0.851,0.182,0.083,0.917,0.815,0.450
1042,41.680,8.246,0.000,4.123,0.000,1,1,0,0.000,1.263,5,0,0.759,3,35.171,9227.525,0.967,0.408,1.419,0.452,0.840,0.543,0.080,0.920,0.574,0.650
1044,41.760,7.211,0.000,-1.035,0.000,1,1,0,0.000,0.960,4,1,0.724,3,307.280,8864.328,1.000,0.408,0.965,0.578,0.597,0.658,0.089,0.911,0.579,0.750
1046,41.840,2.828,0.000,-4.383,0.000,1,1,0,0.000,0.971,4,0,0.724,3,6.325,8537.049,1.000,0.408,0.937,0.706,0.386,0.229,0.087,0.913,0.545,0.580
1048,41.920,7.000,35.341,4.172,0.170,2,1,1,331.489,0.859,4,0,0.724,4,5.000,8240.338,1.000,0.399,0.995,0.566,0.285,0.434,0.083,0.917,0.832,0.650
1050,42.000,11.045,7.071,4.045,-28.270,2,1,1,347.829,0.953,4,0,0.724,6,0.000,7675.148,1.000,0.389,0.987,0.545,0.142,0.366,0.088,0.912,0.698,0.450
1052,42.080,15.811,10.817,4.766,3.746,2,1,1,369.064,0.889,4,0,0.724,6,0.000,7675.148,1.000,0.389,1.441,0.681,0.055,0.201,0.089,0.911,0.726,0.000
1054,42.160,26.306,5.000,10.495,-5.817,2,1,1,397.986,0.863,4,0,0.759,6,36.014,7463.529,1.000,0.379,1.868,0.354,0.595,0.685,0.086,0.914,0.818,0.000
1056,42.240,23.022,12.166,-3.284,7.166,2,1,1,409.176,0.938,5,1,0.724,5,36.014,7463.529,1.000,0.369,3.092,0.278,1.445,0.384,0.097,0.903,0.836,0.750
1058,42.320,0.000,32.249,0.000,20.084,1,0,1,0.000,0.938,5,0,0.724,3,36.014,7463.529,1.000,0.369,4.345,0.272,2.495,0.059,0.112,0.888,0.797,0.700
1060,42.400,0.000,46.390,0.000,14.141,1,0,1,0.000,0.836,5,0,0.759,3,0.000,5706.400,1.000,0.369,5.120,0.302,4.029,0.133,0.129,0.871,0.885,0.700
1062,42.480,0.000,53.339,0.000,6.949,1,0,1,0.000,0.667,4,1,0.724,3,62.394,5611.978,1.000,0.369,4.178,0.476,6.267,0.022,0.142,0.858,0.876,0.750
1064,42.560,0.000,47.096,0.000,-6.243,1,0,1,0.000,0.667,4,0,0.724,3,23.087,5383.849,1.000,0.369,3.396,0.537,6.011,0.118,0.152,0.848,0.852,0.700
1066,42.640,0.000,36.674,0.000,-10.421,1,0,1,0.000,0.334,4,0,0.759,2,0.000,5310.738,1.000,0.369,4.227,0.512,5.258,0.004,0.156,0.844,0.784,0.700
1068,42.720,0.000,28.443,0.000,-8.231,1,0,1,0.000,0.311,6,1,0.724,3,36.346,5439.860,1.000,0.369,3.567,0.548,5.586,0.078,0.163,0.837,0.719,0.750
1070,42.800,0.000,7.810,0.000,-20.633,1,0,1,0.000,0.369,6,0,0.759,4,0.000,5778.379,1.000,0.369,6.651,0.589,6.211,1.045,0.154,0.846,0.708,0.700
1072,42.880,0.000,19.235,0.000,11.425,1,0,1,0.000,0.479,6,0,0.793,4,0.000,5954.288,1.000,0.369,7.859,0.618,7.033,0.068,0.150,0.850,0.800,0.700
1074,42.960,0.000,32.894,0.000,13.658,1,0,1,0.000,0.493,6,0,0.793,2,140.769,3964.088,1.000,0.369,7.655,0.625,7.340,0.219,0.149,0.851,0.810,0.750
1076,43.040,0.000,39.850,0.000,6.956,1,0,1,0.000,0.496,6,0,0.793,2,39.850,2338.729,1.000,0.379,8.415,0.673,8.993,0.420,0.154,0.846,0.854,0.700
1078,43.120,0.000,41.593,0.000,1.744,1,0,1,0.000,0.515,6,0,0.828,2,39.850,2338.729,1.000,0.379,2.560,0.756,10.596,1.728,0.133,0.867,0.722,0.700
1080,43.200,0.000,38.079,0.000,-3.514,1,0,1,0.000,0.499,4,1,0.793,1,39.850,2338.729,1.000,0.389,2.169,0.830,11.040,0.484,0.146,0.854,0.673,0.750
1082,43.280,0.000,30.000,0.000,-8.079,1,0,1,0.000,0.498,4,0,0.793,1,39.850,2338.729,1.000,0.389,2.677,0.912,11.530,0.188,0.153,0.847,0.635,0.700
1084,43.360,0.000,29.069,0.000,-0.931,1,0,1,0.000,0.505,4,0,0.793,1,39.850,2338.729,1.000,0.399,2.526,0.939,12.262,0.063,0.151,0.849,0.624,0.700
1086,43.440,0.000,21.024,0.000,-8.045,1,0,1,0.000,0.492,4,0,0.828,1,39.850,2338.729,1.000,0.408,0.927,0.573,10.164,1.276,0.119,0.881,0.565,0.700
1088,43.520,0.000,12.728,0.000,-8.296,1,0,1,0.000,0.168,4,0,0.828,1,39.850,2338.729,1.000,0.417,1.847,0.779,5.509,0.095,0.152,0.848,0.527,0.700
1090,43.600,0.000,7.071,0.000,-5.657,1,0,1,0.000,0.231,4,0,0.828,1,39.850,2338.729,1.000,0.417,2.078,0.812,2.919,2.616,0.151,0.849,0.499,0.700
1092,43.680,421.385,0.000,398.363,0.000,1,1,0,0.000,0.797,5,1,0.793,1,39.850,2338.729,1.000,0.426,1.863,0.808,1.765,0.398,0.149,0.851,0.696,0.750
1094,43.760,0.000,2.000,0.000,-5.071,1,0,1,0.000,0.244,5,0,0.793,0,39.850,2338.729,0.967,0.426,1.611,0.816,1.364,0.038,0.142,0.858,0.410,0.580
1096,43.840,0.000,1.414,0.000,-0.586,1,0,1,0.000,0.321,5,0,0.793,0,39.850,2338.729,0.933,0.426,1.510,0.796,1.156,0.026,0.139,0.861,0.402,0.580
1098,43.920,0.000,11.314,0.000,9.899,1,0,1,0.000,0.315,6,1,0.759,1,39.850,2338.729,0.933,0.410,1.651,0.799,0.848,0.024,0.141,0.859,0.490,0.750
1100,44.000,0.000,3.162,0.000,-8.151,1,0,1,0.000,0.438,6,0,0.759,1,39.850,2338.729,0.933,0.419,1.779,0.837,0.652,0.126,0.145,0.855,0.445,0.580
1102,44.080,0.000,1.000,0.000,-2.162,1,0,1,0.000,0.470,6,0,0.793,0,39.850,2338.729,0.900,0.419,1.566,0.873,0.151,1.729,0.147,0.853,0.392,0.580
1104,44.160,0.000,1.000,0.000,0.000,1,0,1,0.000,0.811,5,1,0.759,0,39.850,2338.729,0.867,0.419,0.913,0.862,0.281,0.417,0.136,0.864,0.372,0.750
1106,44.240,0.000,3.000,0.000,2.000,1,0,1,0.000,0.768,6,1,0.724,0,39.850,2338.729,0.833,0.419,0.705,0.835,0.659,0.137,0.141,0.859,0.376,0.750
1108,44.320,0.000,2.236,0.000,-0.764,1,0,1,0.000,0.745,6,0,0.724,0,39.850,2338.729,0.800,0.419,0.706,0.829,1.043,0.296,0.140,0.860,0.368,0.580
1110,44.400,0.000,1.000,0.000,-1.236,1,0,1,0.000,0.866,5,1,0.690,0,39.850,2338.729,0.767,0.419,0.810,0.791,1.194,0.095,0.142,0.858,0.362,0.750
1112,44.480,0.000,1.000,0.000,0.000,1,0,1,0.000,0.964,5,0,0.690,0,39.850,2338.729,0.733,0.419,0.927,0.788,1.327,0.072,0.141,0.859,0.362,0.580
1114,44.560,0.000,3.606,0.000,2.606,1,0,1,0.000,1.038,5,0,0.724,0,39.850,2338.729,0.700,0.419,0.909,0.667,1.481,0.143,0.135,0.865,0.380,0.700
1116,44.640,0.000,1.414,0.000,-2.191,1,0,1,0.000,0.924,5,0,0.724,1,39.850,2338.729,0.700,0.329,0.887,0.793,1.592,0.261,0.126,0.874,0.394,0.700
1118,44.720,0.000,2.236,0.000,0.822,1,0,1,0.000,0.924,5,0,0.724,1,39.850,2338.729,0.700,0.336,1.178,0.891,1.406,0.199,0.144,0.856,0.400,0.700
1120,44.800,0.000,17.000,0.000,14.764,1,0,1,0.000,0.534,5,0,0.759,2,39.850,2338.729,0.700,0.336,1.657,0.913,1.297,0.077,0.167,0.833,0.528,0.000
1122,44.880,0.000,33.302,0.000,16.302,1,0,1,0.000,0.579,5,0,0.759,2,39.850,2338.729,0.700,0.343,1.589,0.785,1.196,0.099,0.154,0.846,0.626,0.000
1124,44.960,0.000,36.069,0.000,2.768,1,0,1,0.000,0.527,5,0,0.759,2,39.850,2338.729,0.700,0.350,1.379,0.834,1.108,0.194,0.156,0.844,0.632,0.000
1126,45.040,0.000,33.377,0.000,-2.693,1,0,1,0.000,0.470,5,0,0.793,2,39.850,2338.729,0.700,0.350,1.689,0.797,1.037,0.399,0.176,0.824,0.628,0.000
1128,45.120,0.000,30.364,0.000,-3.012,1,0,1,0.000,0.330,5,0,0.793,2,39.850,2338.729,0.700,0.356,3.042,0.804,0.937,0.102,0.199,0.801,0.644,0.000
1130,45.200,0.000,0.000,0.000,0.000,0,0,0,0.000,0.000,5,0,0.793,0,39.850,2338.729,0.667,0.356,3.348,0.830,0.835,0.003,0.202,0.798,0.276,0.650
1132,45.280,0.000,0.000,0.000,0.000,0,0,0,0.000,0.000,5,0,0.793,0,39.850,2338.729,0.633,0.356,3.565,0.859,0.700,0.003,0.206,0.794,0.275,0.580
1134,45.360,0.000,0.000,0.000,0.000,0,0,0,0.000,0.000,8,1,0.759,0,39.850,2338.729,0.600,0.356,3.163,0.924,0.548,0.032,0.203,0.797,0.256,0.750
1136,45.440,0.000,0.000,0.000,0.000,0,0,0,0.000,0.000,8,0,0.759,0,39.850,2338.729,0.567,0.356,2.396,0.962,0.331,0.107,0.200,0.800,0.231,0.580
1138,45.520,0.000,0.000,0.000,0.000,0,0,0,0.000,0.000,8,0,0.793,0,39.850,2338.729,0.533,0.356,1.748,0.954,0.100,0.123,0.186,0.814,0.211,0.580
1140,45.600,0.000,0.000,0.000,0.000,0,0,0,0.000,0.000,6,1,0.759,0,39.850,2338.729,0.500,0.356,2.180,0.949,0.424,0.193,0.190,0.810,0.218,0.750
1142,45.680,0.000,0.000,0.000,0.000,0,0,0,0.000,0.000,6,0,0.759,0,39.850,2338.729,0.467,0.356,1.922,0.820,0.713,0.462,0.175,0.825,0.217,0.580
1144,45.760,0.000,0.000,0.000,0.000,0,0,0,0.000,0.000,6,0,0.759,0,39.850,2338.729,0.433,0.356,1.401,0.337,1.134,0.716,0.132,0.868,0.233,0.580
1146,45.840,0.000,0.000,0.000,0.000,0,0,0,0.000,0.000,6,1,0.724,0,39.850,2338.729,0.400,0.356,1.765,0.135,1.610,0.500,0.134,0.866,0.253,0.750
1148,45.920,0.000,0.000,0.000,0.000,0,0,0,0.000,0.000,6,0,0.724,0,39.850,2338.729,0.367,0.356,2.225,0.516,1.732,0.424,0.152,0.848,0.233,0.700
1150,46.000,0.000,0.000,0.000,0.000,0,0,0,0.000,0.000,6,0,0.759,0,39.850,2338.729,0.333,0.356,2.847,0.668,2.067,0.223,0.172,0.828,0.234,0.700
1152,46.080,0.000,0.000,0.000,0.000,0,0,0,0.000,0.000,7,1,0.724,0,39.850,2338.729,0.300,0.356,3.589,0.675,2.527,0.301,0.171,0.829,0.248,0.750
1154,46.160,0.000,0.000,0.000,0.000,0,0,0,0.000,0.000,7,0,0.724,0,39.850,2338.729,0.300,0.356,3.645,0.536,3.062,0.100,0.155,0.845,0.260,0.700
1156,46.240,0.000,0.000,0.000,0.000,0,0,0,0.000,0.000,7,0,0.759,0,39.850,2338.729,0.300,0.356,3.938,0.348,3.594,0.287,0.146,0.854,0.280,0.700
1158,46.320,0.000,0.000,0.000,0.000,0,0,0,0.000,0.000,7,1,0.724,0,39.850,2338.729,0.267,0.356,3.744,0.187,3.838,0.189,0.138,0.862,0.282,0.750
1160,46.400,0.000,0.000,0.000,0.000,0,0,0,0.000,0.000,7,0,0.724,0,39.850,2338.729,0.233,0.356,3.427,0.246,2.444,0.020,0.133,0.867,0.266,0.700
1162,46.480,0.000,0.000,0.000,0.000,0,0,0,0.000,0.000,7,0,0.759,0,39.850,2338.729,0.233,0.356,2.784,0.246,1.741,0.153,0.124,0.876,0.250,0.700
1164,46.560,0.000,0.000,0.000,0.000,0,0,0,0.000,0.000,6,1,0.759,0,39.850,2338.729,0.233,0.356,1.442,0.387,1.235,0.315,0.113,0.887,0.207,0.750
1166,46.640,0.000,0.000,0.000,0.000,0,0,0,0.000,0.000,6,0,0.759,0,39.850,2338.729,0.233,0.356,2.136,0.881,0.895,0.101,0.115,0.885,0.190,0.580
1168,46.720,0.000,0.000,0.000,0.000,0,0,0,0.000,0.000,6,0,0.793,0,39.850,2338.729,0.233,0.356,2.441,0.705,0.784,0.027,0.111,0.889,0.210,0.580
1170,46.800,0.000,0.000,0.000,0.000,0,0,0,0.000,0.000,6,0,0.793,0,39.850,2338.729,0.233,0.356,1.621,0.608,0.797,0.246,0.108,0.892,0.196,0.580
1172,46.880,0.000,0.000,0.000,0.000,0,0,0,0.000,0.000,6,0,0.793,0,39.850,2338.729,0.233,0.356,1.113,0.578,0.692,0.058,0.095,0.905,0.185,0.580
1174,46.960,0.000,0.000,0.000,0.000,0,0,0,0.000,0.000,6,0,0.793,0,39.850,2338.729,0.233,0.356,1.196,0.352,0.586,0.257,0.091,0.909,0.203,0.580
1176,47.040,0.000,0.000,0.000,0.000,0,0,0,0.000,0.000,6,0,0.793,0,39.850,2338.729,0.200,0.356,1.508,0.234,0.555,0.054,0.107,0.893,0.215,0.580
1178,47.120,0.000,0.000,0.000,0.000,0,0,0,0.000,0.000,6,0,0.793,0,39.850,2338.729,0.167,0.356,1.549,0.630,0.497,0.314,0.112,0.888,0.185,0.580
1180,47.200,0.000,0.000,0.000,0.000,0,0,0,0.000,0.000,6,0,0.793,0,39.850,2338.729,0.133,0.356,1.999,0.877,0.367,0.458,0.118,0.882,0.175,0.580
1182,47.280,0.000,0.000,0.000,0.000,0,0,0,0.000,0.000,5,1,0.759,0,39.850,2338.729,0.100,0.356,2.162,0.845,0.176,0.076,0.113,0.887,0.177,0.750
1184,47.360,0.000,0.000,0.000,0.000,0,0,0,0.000,0.000,5,0,0.759,0,39.850,2338.729,0.067,0.356,2.091,0.905,0.137,0.201,0.110,0.890,0.167,0.580
1186,47.440,0.000,0.000,0.000,0.000,0,0,0,0.000,0.000,5,0,0.759,0,39.850,2338.729,0.033,0.356,2.402,0.952,0.472,1.116,0.119,0.881,0.167,0.580
1188,47.520,0.000,0.000,0.000,0.000,0,0,0,0.000,0.000,7,1,0.724,0,39.850,2338.729,0.000,0.356,2.679,0.938,0.772,0.040,0.124,0.876,0.171,0.750
1190,47.600,0.000,0.000,0.000,0.000,0,0,0,0.000,0.000,7,0,0.724,0,39.850,2338.729,0.000,0.356,2.500,0.899,0.879,0.072,0.127,0.873,0.170,0.580
1192,47.680,0.000,0.000,0.000,0.000,0,0,0,0.000,0.000,7,0,0.759,0,39.850,2338.729,0.000,0.356,1.822,0.833,0.955,0.992,0.103,0.897,0.157,0.580
1194,47.760,0.000,386.792,0.000,356.427,1,0,1,0.000,0.442,6,1,0.724,2,39.850,2338.729,0.033,0.215,1.250,0.758,1.003,0.182,0.107,0.893,0.592,0.750
1196,47.840,0.000,274.536,0.000,263.766,2,0,1,274.536,0.784,6,0,0.724,5,190.851,3293.544,0.067,0.215,1.207,0.778,0.825,0.722,0.095,0.905,0.734,0.750
1198,47.920,0.000,262.322,0.000,-8.151,2,0,1,262.322,1.514,6,0,0.759,5,12.042,3937.944,0.100,0.213,1.373,0.587,0.871,0.767,0.093,0.907,0.755,0.350
1200,48.000,0.000,260.123,0.000,2.028,2,0,1,260.123,2.209,6,0,0.759,5,166.589,4449.979,0.133,0.210,1.302,0.733,1.041,0.778,0.108,0.892,0.747,0.750
1202,48.080,0.000,261.192,0.000,0.999,2,0,1,261.192,2.751,6,0,0.759,5,173.934,4626.674,0.167,0.208,0.770,0.698,0.985,0.440,0.091,0.909,0.740,0.750
1204,48.160,0.000,263.093,0.000,0.939,2,0,1,263.093,3.129,5,1,0.759,3,173.934,4626.674,0.200,0.208,0.359,0.507,0.884,1.794,0.054,0.946,0.706,0.750
1206,48.240,0.000,268.091,0.000,2.024,2,0,1,268.091,3.135,5,0,0.759,3,76.217,5285.794,0.233,0.210,0.539,0.786,0.912,0.040,0.079,0.921,0.694,0.350
1208,48.320,0.000,272.184,0.000,1.034,2,0,1,272.184,3.137,6,1,0.724,3,4.000,6066.555,0.267,0.210,0.897,0.919,0.946,0.037,0.101,0.899,0.680,0.750
1210,48.400,0.000,274.221,0.000,-0.999,2,0,1,274.221,3.137,5,1,0.724,3,1.000,6773.738,0.300,0.210,0.795,0.937,0.918,0.232,0.093,0.907,0.698,0.750
1212,48.480,0.000,272.222,0.000,-2.925,2,0,1,272.222,3.137,5,0,0.724,3,2.236,7331.828,0.333,0.208,0.879,0.928,0.941,0.547,0.103,0.897,0.705,0.350
1214,48.560,0.000,268.365,0.000,-3.818,2,0,1,268.365,3.136,5,0,0.724,4,2.236,7331.828,0.367,0.202,0.764,0.911,0.982,0.041,0.095,0.905,0.743,0.350
1216,48.640,0.000,266.317,0.000,-2.048,2,0,1,266.317,3.136,5,0,0.759,4,2.236,7331.828,0.400,0.195,0.414,0.620,1.043,0.130,0.060,0.940,0.759,0.350
1218,48.720,0.000,261.324,0.000,-2.049,2,0,1,261.324,3.136,5,0,0.759,4,2.236,7331.828,0.433,0.166,0.252,0.316,1.264,1.081,0.039,0.961,0.780,0.350
1220,48.800,0.000,258.496,0.000,-0.738,2,0,1,258.496,3.134,5,0,0.759,4,2.236,7331.828,0.467,0.164,0.527,0.841,1.649,0.989,0.066,0.934,0.754,0.700
1222,48.880,0.000,254.283,0.000,-2.216,2,0,1,254.283,3.135,6,1,0.759,4,0.000,6941.029,0.500,0.161,0.420,0.315,2.112,0.785,0.046,0.954,0.768,0.750
1224,48.960,306.185,26.249,-115.200,-228.034,2,1,1,228.002,3.102,6,0,0.759,4,94.340,4374.900,0.533,0.369,1.032,0.706,2.381,1.804,0.060,0.940,0.760,0.700
1226,49.040,4.472,26.683,-301.712,0.435,2,1,1,200.202,2.720,6,0,0.759,4,84.599,3257.174,0.567,0.369,0.740,0.202,2.312,1.928,0.046,0.954,0.691,0.700
1228,49.120,1.000,24.331,-3.472,-2.352,2,1,1,177.071,2.377,6,0,0.759,4,88.566,2603.759,0.600,0.369,1.076,0.538,2.143,0.215,0.078,0.922,0.666,0.700
1230,49.200,0.000,15.232,-1.000,-9.100,2,1,1,163.003,2.015,6,0,0.759,4,90.449,2777.919,0.633,0.369,1.068,0.707,2.104,0.117,0.099,0.901,0.608,0.700
1232,49.280,2.828,3.000,2.828,-12.232,2,1,1,161.000,1.870,6,0,0.759,4,93.215,2409.225,0.667,0.369,1.103,0.782,2.042,0.038,0.111,0.889,0.539,0.700
1234,49.360,3.606,1.000,0.777,-2.000,2,1,1,158.003,1.667,6,0,0.759,3,95.755,1824.138,0.700,0.379,1.128,0.918,1.830,0.046,0.112,0.888,0.508,0.700
1236,49.440,2.000,2.236,-1.606,1.236,2,1,1,159.003,1.798,5,1,0.724,3,2.000,1888.444,0.733,0.379,0.772,0.848,1.409,0.213,0.095,0.905,0.518,0.750
1238,49.520,1.000,3.162,-1.000,0.926,2,1,1,157.051,1.594,5,0,0.724,3,2.236,1836.818,0.767,0.379,0.500,0.729,1.171,0.155,0.075,0.925,0.529,0.580
1240,49.600,2.000,1.414,1.000,-1.748,2,1,1,154.029,1.091,5,0,0.759,3,2.236,1746.540,0.800,0.379,0.660,0.806,1.111,0.133,0.089,0.911,0.525,0.580
1242,49.680,1.000,0.000,-1.000,-1.414,2,1,1,154.052,1.158,5,0,0.759,3,2.828,1614.294,0.833,0.379,0.841,0.797,0.993,0.115,0.097,0.903,0.529,0.580
1244,49.760,2.828,3.000,1.828,3.000,2,1,1,152.003,1.286,5,0,0.759,3,5.000,1442.178,0.867,0.379,1.013,0.824,0.891,0.196,0.100,0.900,0.546,0.580
1246,49.840,1.414,3.606,-1.414,0.606,2,1,1,154.013,1.605,5,0,0.793,3,5.099,1431.839,0.900,0.379,1.128,0.892,0.755,0.133,0.104,0.896,0.552,0.580
1248,49.920,6.403,3.606,4.989,0.000,2,1,1,162.049,1.472,6,1,0.759,3,5.831,1247.777,0.933,0.379,1.234,0.907,0.524,0.212,0.114,0.886,0.555,0.750
1250,50.000,35.014,3.162,28.611,-0.443,2,1,1,196.010,1.690,6,0,0.759,6,59.464,1553.844,0.967,0.379,1.146,0.866,0.218,0.392,0.112,0.888,0.809,0.450
1252,50.080,26.000,7.211,-9.014,4.049,2,1,1,224.437,1.764,6,0,0.793,6,276.355,2966.250,1.000,0.369,1.754,0.830,0.112,0.490,0.112,0.888,0.780,0.750
1254,50.160,0.000,8.062,0.000,0.851,1,0,1,0.000,1.407,6,0,0.793,2,4.000,2742.204,1.000,0.379,1.449,0.766,0.648,0.809,0.102,0.898,0.507,0.650
1256,50.240,0.000,12.728,0.000,4.666,1,0,1,0.000,1.220,6,0,0.793,3,59.397,2593.579,1.000,0.379,2.091,0.785,0.801,0.326,0.112,0.888,0.578,0.580
1258,50.320,0.000,10.440,0.000,-2.288,1,0,1,0.000,1.199,6,0,0.793,3,58.600,2609.944,1.000,0.379,2.046,0.704,1.233,1.300,0.117,0.883,0.570,0.580
1260,50.400,0.000,3.606,0.000,-6.835,1,0,1,0.000,1.136,5,0,0.793,2,58.600,2609.944,1.000,0.389,2.594,0.807,1.667,0.555,0.132,0.868,0.520,0.700
1262,50.480,0.000,10.296,0.000,6.690,1,0,1,0.000,1.003,5,0,0.828,1,58.600,2609.944,1.000,0.399,2.567,0.900,2.294,0.121,0.133,0.867,0.514,0.700
1264,50.560,248.262,0.000,222.262,0.000,1,1,0,0.000,1.387,5,0,0.828,1,58.600,2609.944,1.000,0.399,2.129,0.796,2.412,0.026,0.127,0.873,0.704,0.700
1266,50.640,0.000,7.211,0.000,-3.085,1,0,1,0.000,0.866,6,0,0.862,2,18.028,2503.844,1.000,0.408,1.725,0.742,2.479,0.122,0.127,0.873,0.511,0.700
1268,50.720,0.000,1.000,0.000,-6.211,1,0,1,0.000,0.826,6,0,0.897,1,3.606,2531.538,1.000,0.417,1.005,0.703,2.724,0.674,0.098,0.902,0.431,0.700
1270,50.800,0.000,2.000,0.000,1.000,1,0,1,0.000,1.105,6,0,0.897,1,5.657,2431.858,1.000,0.417,1.088,0.738,2.865,1.485,0.111,0.889,0.437,0.700
1272,50.880,0.000,5.099,0.000,3.099,1,0,1,0.000,1.022,6,0,0.897,2,4.472,2474.779,1.000,0.426,1.471,0.758,2.989,0.621,0.125,0.875,0.492,0.700
1274,50.960,0.000,1.000,0.000,-4.099,1,0,1,0.000,1.129,6,0,0.897,1,3.000,2514.094,1.000,0.435,1.463,0.857,3.159,0.064,0.127,0.873,0.432,0.700
1276,51.040,245.416,2.236,-2.846,1.236,2,1,1,247.800,1.675,6,0,0.897,5,56.036,3598.644,1.000,0.426,1.471,0.913,3.122,0.074,0.126,0.874,0.843,0.700
1278,51.120,2.236,1.414,-243.180,-0.822,2,1,1,247.002,1.850,6,0,0.897,3,41.110,3802.394,1.000,0.426,1.455,0.929,3.076,0.002,0.119,0.881,0.544,0.700
1280,51.200,5.385,5.000,3.149,3.586,2,1,1,249.948,1.843,6,0,0.931,5,51.088,3152.695,1.000,0.426,1.770,0.891,3.193,0.068,0.120,0.880,0.632,0.700
1282,51.280,3.606,0.000,-1.780,0.000,1,1,0,0.000,1.673,6,0,0.931,3,51.010,3424.075,1.000,0.426,2.183,0.797,3.339,0.108,0.123,0.877,0.529,0.700
1284,51.360,1.414,53.935,-2.191,48.935,2,1,1,236.394,1.634,7,0,0.931,5,0.000,3334.320,1.000,0.417,1.271,0.713,2.657,0.264,0.110,0.890,0.830,0.700
1286,51.440,1.000,12.649,-0.414,-41.286,2,1,1,227.431,1.848,7,0,0.931,4,87.846,3473.690,1.000,0.417,0.893,0.820,2.350,0.163,0.094,0.906,0.608,0.700
1288,51.520,4.000,1.000,3.000,-11.649,2,1,1,224.611,1.795,7,0,0.931,4,0.000,3509.209,1.000,0.408,0.420,0.221,1.397,0.385,0.054,0.946,0.590,0.580
1290,51.600,2.236,3.162,-1.764,2.162,2,1,1,220.438,1.497,6,0,0.931,4,0.000,3401.388,1.000,0.417,0.517,0.409,0.824,0.082,0.055,0.945,0.592,0.580
1292,51.680,2.236,3.606,0.000,0.443,2,1,1,223.573,1.602,6,0,0.931,4,0.000,3263.215,1.000,0.417,0.928,0.846,0.231,0.401,0.094,0.906,0.574,0.580
1294,51.760,2.236,0.000,0.000,0.000,1,1,0,0.000,1.346,6,0,0.966,1,130.752,3267.397,1.000,0.426,0.568,0.713,0.117,0.254,0.069,0.931,0.427,0.726
1296,51.840,2.236,0.000,0.000,0.000,1,1,0,0.000,1.139,5,1,0.931,1,5.099,3186.599,1.000,0.435,0.550,0.855,0.370,1.358,0.084,0.916,0.422,0.750
1298,51.920,3.606,0.000,1.369,0.000,1,1,0,0.000,1.178,5,0,0.931,2,1.414,3122.284,1.000,0.435,0.463,0.930,0.604,0.411,0.066,0.934,0.459,0.580
1300,52.000,2.236,0.000,-1.369,0.000,1,1,0,0.000,1.022,5,0,0.931,2,3.162,3012.214,1.000,0.435,0.340,0.803,0.764,1.222,0.056,0.944,0.457,0.580
1302,52.080,1.000,0.000,-1.236,0.000,1,1,0,0.000,0.982,5,0,0.931,2,3.606,3032.584,1.000,0.444,0.399,0.923,0.949,3.004,0.062,0.938,0.443,0.580
1304,52.160,4.123,0.000,3.123,0.000,1,1,0,0.000,1.209,5,0,0.931,2,47.381,2848.960,1.000,0.444,0.740,0.951,1.224,0.569,0.100,0.900,0.467,0.580
1306,52.240,6.000,0.000,1.877,0.000,1,1,0,0.000,1.181,6,1,0.931,2,47.854,2205.119,1.000,0.444,0.904,0.966,1.435,0.635,0.099,0.901,0.468,0.750
1308,52.320,6.083,0.000,0.083,0.000,1,1,0,0.000,0.809,7,1,0.897,3,51.971,1909.037,1.000,0.435,1.197,0.892,1.608,0.644,0.104,0.896,0.498,0.750
1310,52.400,6.403,0.000,0.320,0.000,1,1,0,0.000,0.757,7,0,0.897,3,49.092,1595.215,1.000,0.426,1.588,0.845,1.709,0.328,0.107,0.893,0.513,0.700
1312,52.480,8.246,0.000,1.843,0.000,1,1,0,0.000,0.758,7,0,0.897,3,49.010,963.594,1.000,0.417,1.341,0.859,1.913,0.251,0.095,0.905,0.516,0.700
1314,52.560,4.472,15.524,-3.774,11.919,2,1,1,197.773,1.264,7,1,0.862,6,9.849,1637.347,1.000,0.408,0.695,0.544,2.039,1.227,0.081,0.919,0.690,0.750
1316,52.640,4.472,1.000,0.000,-14.524,2,1,1,202.230,1.388,7,0,0.862,5,0.000,2098.294,1.000,0.399,1.352,0.543,2.051,0.546,0.110,0.890,0.619,0.700
1318,52.720,7.071,9.055,2.599,8.055,2,1,1,207.617,1.188,7,0,0.862,6,0.000,2397.050,1.000,0.399,1.737,0.594,1.695,0.073,0.110,0.890,0.676,0.700
1320,52.800,7.211,11.180,0.140,2.125,2,1,1,210.623,1.139,6,1,0.828,5,139.140,2454.637,1.000,0.399,1.403,0.662,1.146,0.062,0.101,0.899,0.671,0.750
1322,52.880,5.831,3.606,-1.380,-7.575,2,1,1,212.445,1.127,5,1,0.793,3,140.801,2393.335,1.000,0.399,0.833,0.708,0.832,2.980,0.082,0.918,0.582,0.750
1324,52.960,2.828,15.033,-3.003,11.428,2,1,1,214.767,0.972,5,0,0.793,3,137.233,2359.479,1.000,0.399,0.770,0.721,0.752,0.611,0.103,0.897,0.630,0.750
1326,53.040,2.236,7.211,-0.592,-7.822,2,1,1,211.981,0.851,6,1,0.759,3,137.084,2272.094,1.000,0.399,1.045,0.881,0.537,0.023,0.106,0.894,0.565,0.750
1328,53.120,2.236,2.236,0.000,-4.975,2,1,1,211.981,0.886,6,0,0.759,3,136.693,2342.237,1.000,0.408,0.997,0.859,0.304,0.265,0.101,0.899,0.537,0.750
1330,53.200,1.414,3.162,-0.822,0.926,2,1,1,211.092,0.953,5,1,0.724,3,138.159,2264.884,1.000,0.408,0.570,0.805,0.150,0.136,0.086,0.914,0.553,0.750
1332,53.280,1.000,2.828,-0.414,-0.334,2,1,1,214.674,1.052,5,0,0.724,3,57.706,2144.234,1.000,0.399,0.383,0.650,0.023,0.229,0.066,0.934,0.558,0.580
1334,53.360,0.000,2.000,-1.000,-0.828,2,1,1,216.456,1.064,5,0,0.724,3,44.102,2121.600,1.000,0.389,0.418,0.821,0.102,1.865,0.053,0.947,0.542,0.580
1336,53.440,1.414,1.000,1.414,-1.000,2,1,1,218.257,1.120,5,0,0.724,3,44.045,1950.500,1.000,0.389,0.425,0.855,0.153,0.191,0.055,0.945,0.537,0.580
1338,53.520,1.414,2.000,0.000,1.000,2,1,1,216.005,1.635,5,0,0.724,3,147.706,1992.869,1.000,0.379,0.400,0.927,0.170,0.399,0.057,0.943,0.534,0.750
1340,53.600,3.000,3.162,1.586,1.162,2,1,1,215.557,1.464,5,0,0.724,3,41.110,1742.175,1.000,0.379,0.274,0.792,0.105,0.491,0.033,0.967,0.547,0.350
1342,53.680,4.243,2.236,1.243,-0.926,2,1,1,213.776,1.541,5,0,0.724,3,140.769,1785.314,1.000,0.379,0.462,0.917,0.042,0.479,0.063,0.937,0.549,0.750
1344,53.760,5.831,5.385,1.588,3.149,2,1,1,213.338,1.427,5,0,0.724,3,139.846,1839.889,1.000,0.379,0.659,0.890,0.062,0.264,0.072,0.928,0.565,0.750
1346,53.840,1.414,3.606,-4.417,-1.780,2,1,1,215.574,1.260,5,0,0.724,3,140.236,1891.969,1.000,0.379,0.448,0.875,0.034,0.254,0.044,0.956,0.548,0.750
1348,53.920,0.000,1.414,-1.414,-2.191,2,1,1,216.910,1.040,5,0,0.724,3,57.070,1858.525,1.000,0.389,0.279,0.712,0.203,0.370,0.036,0.964,0.543,0.350
1350,54.000,2.236,3.606,2.236,2.191,2,1,1,220.036,1.040,5,0,0.724,3,144.700,2118.688,1.000,0.389,0.331,0.467,0.603,0.627,0.049,0.951,0.574,0.750
1352,54.080,2.828,2.000,0.592,-1.606,2,1,1,220.118,0.921,5,0,0.724,3,143.377,2274.964,1.000,0.399,0.348,0.815,0.891,0.664,0.051,0.949,0.545,0.750
1354,54.160,4.123,2.236,1.295,0.236,2,1,1,222.428,0.668,5,0,0.759,3,47.043,2070.117,1.000,0.399,0.514,0.679,0.947,0.634,0.064,0.936,0.566,0.000
1356,54.240,30.017,13.038,25.894,10.802,2,1,1,237.135,0.837,5,1,0.724,3,76.485,2164.559,1.000,0.408,2.379,0.478,1.036,1.675,0.096,0.904,0.771,0.750
1358,54.320,38.471,13.601,8.454,0.563,2,1,1,258.990,0.808,5,0,0.724,3,72.035,2263.680,1.000,0.408,4.770,0.735,0.936,0.613,0.166,0.834,0.860,0.000
1360,54.400,25.710,22.136,-12.761,8.534,2,1,1,269.134,0.916,5,0,0.724,4,22.804,2749.529,1.000,0.408,4.368,0.530,0.449,0.098,0.166,0.834,0.829,0.350
1362,54.480,12.042,12.369,-13.668,-9.767,2,1,1,272.655,0.900,7,1,0.690,6,175.308,2947.504,1.000,0.399,2.576,0.770,0.158,0.314,0.165,0.835,0.703,0.750
1364,54.560,7.280,5.385,-4.761,-6.984,2,1,1,274.308,0.953,7,0,0.724,6,176.182,3023.947,1.000,0.389,1.491,0.900,0.548,0.145,0.149,0.851,0.639,0.750
1366,54.640,12.000,3.162,4.720,-2.223,2,1,1,278.210,0.936,7,0,0.759,6,176.726,3376.869,1.000,0.379,1.816,0.776,0.746,0.373,0.144,0.856,0.682,0.750
1368,54.720,32.696,5.385,20.696,2.223,2,1,1,285.428,1.066,6,1,0.724,6,177.767,3215.900,1.000,0.369,5.153,0.864,0.993,0.284,0.167,0.833,0.900,0.750
1370,54.800,48.549,9.220,15.853,3.834,2,1,1,304.475,0.988,6,0,0.724,6,168.799,2560.629,1.000,0.358,4.573,0.803,1.779,0.132,0.170,0.830,0.958,0.750
1372,54.880,59.076,26.173,10.527,16.953,2,1,1,350.890,0.730,6,0,0.759,5,168.799,2560.629,1.000,0.347,2.662,0.484,2.670,0.086,0.162,0.838,0.903,0.750
1374,54.960,0.000,38.897,0.000,12.725,1,0,1,0.000,0.667,6,1,0.724,3,168.799,2560.629,1.000,0.347,2.094,0.309,3.227,1.995,0.151,0.849,0.757,0.750
1376,55.040,0.000,38.949,0.000,0.051,1,0,1,0.000,0.553,6,0,0.724,1,168.799,2560.629,1.000,0.358,4.049,0.535,3.453,0.386,0.146,0.854,0.730,0.750
1378,55.120,0.000,43.324,0.000,4.376,1,0,1,0.000,0.593,6,0,0.759,1,168.799,2560.629,1.000,0.369,4.427,0.678,4.378,0.306,0.141,0.859,0.754,0.750
1380,55.200,0.000,27.019,0.000,-16.306,1,0,1,0.000,0.552,9,1,0.759,1,168.799,2560.629,1.000,0.369,4.617,0.621,6.828,0.213,0.132,0.868,0.662,0.750
1382,55.280,0.000,18.028,0.000,-8.991,1,0,1,0.000,0.556,9,0,0.759,1,168.799,2560.629,1.000,0.379,4.213,0.861,10.309,0.076,0.134,0.866,0.585,0.750
1384,55.360,0.000,8.602,0.000,-9.425,1,0,1,0.000,0.423,9,0,0.793,1,168.799,2560.629,1.000,0.389,3.616,0.869,11.860,0.051,0.128,0.872,0.517,0.750
1386,55.440,0.000,7.071,0.000,-1.531,1,0,1,0.000,0.267,6,1,0.759,1,168.799,2560.629,1.000,0.389,2.358,0.857,13.355,0.137,0.116,0.884,0.488,0.750
1388,55.520,0.000,12.083,0.000,5.012,1,0,1,0.000,0.245,6,0,0.793,1,168.799,2560.629,1.000,0.399,1.594,0.756,5.760,0.079,0.107,0.893,0.504,0.750
1390,55.600,0.000,10.296,0.000,-1.787,1,0,1,0.000,0.356,6,0,0.793,1,168.799,2560.629,1.000,0.408,1.441,0.722,2.122,0.427,0.104,0.896,0.493,0.750
1392,55.680,0.000,8.246,0.000,-2.049,1,0,1,0.000,0.453,8,1,0.759,0,168.799,2560.629,0.967,0.408,1.247,0.808,1.388,0.245,0.109,0.891,0.436,0.750
1394,55.760,0.000,5.000,0.000,-3.246,1,0,1,0.000,0.488,8,0,0.759,0,168.799,2560.629,0.933,0.408,1.414,0.868,1.201,0.339,0.115,0.885,0.414,0.750
1396,55.840,0.000,7.810,0.000,2.810,1,0,1,0.000,0.458,8,0,0.759,1,168.799,2560.629,0.933,0.382,2.716,0.915,1.161,0.383,0.117,0.883,0.482,0.750
1398,55.920,0.000,8.485,0.000,0.675,1,0,1,0.000,0.655,7,1,0.724,0,168.799,2560.629,0.900,0.382,1.687,0.825,1.151,0.423,0.114,0.886,0.440,0.750
1400,56.000,0.000,2.236,0.000,-6.249,1,0,1,0.000,0.820,7,0,0.724,1,168.799,2560.629,0.900,0.389,1.660,0.760,0.662,1.760,0.122,0.878,0.434,0.750
1402,56.080,0.000,1.000,0.000,-1.236,1,0,1,0.000,0.938,6,1,0.690,0,168.799,2560.629,0.867,0.389,0.751,0.861,0.359,0.284,0.096,0.904,0.368,0.750
1404,56.160,547.118,0.000,488.042,0.000,1,1,0,0.000,0.620,7,1,0.655,0,168.799,2560.629,0.833,0.389,0.430,0.135,0.211,2.040,0.049,0.951,0.651,0.750
1406,56.240,6.403,0.000,-540.715,0.000,1,1,0,0.000,0.634,7,0,0.655,0,168.799,2560.629,0.800,0.389,0.410,0.189,0.095,0.031,0.051,0.949,0.429,0.750
1408,56.320,0.000,0.000,0.000,0.000,0,0,0,0.000,0.000,7,0,0.655,0,168.799,2560.629,0.767,0.389,0.498,0.796,0.191,1.944,0.069,0.931,0.219,0.750
1410,56.400,0.000,0.000,0.000,0.000,0,0,0,0.000,0.000,4,1,0.621,0,168.799,2560.629,0.733,0.389,0.711,0.947,0.527,0.401,0.092,0.908,0.209,0.750
1412,56.480,0.000,0.000,0.000,0.000,0,0,0,0.000,0.000,4,0,0.621,0,168.799,2560.629,0.700,0.389,0.930,0.942,0.905,0.153,0.097,0.903,0.211,0.750
1414,56.560,0.000,0.000,0.000,0.000,0,0,0,0.000,0.000,4,0,0.655,0,168.799,2560.629,0.667,0.389,1.084,0.971,1.349,0.004,0.105,0.895,0.209,0.750
1416,56.640,0.000,0.000,0.000,0.000,0,0,0,0.000,0.000,7,1,0.621,0,168.799,2560.629,0.633,0.389,1.027,0.960,1.916,0.026,0.107,0.893,0.204,0.750
1418,56.720,0.000,0.000,0.000,0.000,0,0,0,0.000,0.000,7,0,0.621,0,168.799,2560.629,0.600,0.389,1.108,0.920,1.988,0.404,0.101,0.899,0.205,0.750
1420,56.800,0.000,0.000,0.000,0.000,0,0,0,0.000,0.000,8,1,0.621,0,168.799,2560.629,0.567,0.389,1.245,0.845,1.774,1.216,0.104,0.896,0.210,0.750
1422,56.880,0.000,0.000,0.000,0.000,0,0,0,0.000,0.000,8,1,0.586,0,168.799,2560.629,0.533,0.389,1.143,0.843,1.564,0.211,0.103,0.897,0.204,0.750
1424,56.960,0.000,0.000,0.000,0.000,0,0,0,0.000,0.000,7,1,0.552,0,168.799,2560.629,0.500,0.389,1.014,0.862,1.413,1.085,0.103,0.897,0.195,0.750
1426,57.040,0.000,0.000,0.000,0.000,0,0,0,0.000,0.000,7,0,0.586,0,168.799,2560.629,0.467,0.389,1.040,0.914,1.422,0.043,0.103,0.897,0.188,0.750
1428,57.120,0.000,0.000,0.000,0.000,0,0,0,0.000,0.000,7,1,0.552,0,168.799,2560.629,0.433,0.389,0.999,0.861,1.591,0.035,0.115,0.885,0.187,0.750
1430,57.200,0.000,0.000,0.000,0.000,0,0,0,0.000,0.000,6,1,0.517,0,168.799,2560.629,0.400,0.389,1.035,0.853,1.547,0.024,0.114,0.886,0.184,0.750
1432,57.280,0.000,0.000,0.000,0.000,0,0,0,0.000,0.000,7,1,0.517,0,168.799,2560.629,0.367,0.389,1.055,0.885,1.495,0.026,0.118,0.882,0.178,0.750
1434,57.360,0.000,0.000,0.000,0.000,0,0,0,0.000,0.000,7,1,0.483,0,168.799,2560.629,0.333,0.389,1.298,0.884,1.270,0.066,0.120,0.880,0.181,0.750
1436,57.440,0.000,0.000,0.000,0.000,0,0,0,0.000,0.000,7,0,0.483,0,168.799,2560.629,0.300,0.389,1.213,0.824,1.053,0.000,0.115,0.885,0.179,0.750
1438,57.520,0.000,0.000,0.000,0.000,0,0,0,0.000,0.000,6,1,0.483,0,168.799,2560.629,0.267,0.389,0.731,0.875,0.830,0.349,0.107,0.893,0.159,0.750
1440,57.600,0.000,0.000,0.000,0.000,0,0,0,0.000,0.000,6,1,0.448,0,168.799,2560.629,0.233,0.389,1.021,0.898,0.669,0.103,0.120,0.880,0.161,0.750
1442,57.680,0.000,0.000,0.000,0.000,0,0,0,0.000,0.000,6,0,0.448,0,168.799,2560.629,0.200,0.389,1.506,0.911,0.530,0.156,0.125,0.875,0.168,0.750
1444,57.760,0.000,0.000,0.000,0.000,0,0,0,0.000,0.000,6,0,0.483,0,168.799,2560.629,0.167,0.389,1.630,0.880,0.375,0.080,0.128,0.872,0.169,0.750
1446,57.840,0.000,0.000,0.000,0.000,0,0,0,0.000,0.000,6,0,0.483,0,168.799,2560.629,0.133,0.389,1.956,0.869,0.189,0.218,0.111,0.889,0.174,0.750
1448,57.920,0.000,84.481,0.000,83.481,1,0,1,0.000,1.103,6,0,0.483,3,378.319,4917.830,0.133,0.201,1.935,0.842,0.044,0.570,0.135,0.865,0.645,0.750
1450,58.000,0.000,22.672,0.000,-61.809,1,0,1,0.000,1.090,6,0,0.517,3,38.013,6845.319,0.133,0.201,2.008,0.873,0.195,0.008,0.131,0.869,0.521,0.450
1452,58.080,0.000,18.358,0.000,-4.314,1,0,1,0.000,1.014,7,1,0.483,4,19.235,8449.229,0.167,0.201,2.076,0.870,0.308,0.038,0.132,0.868,0.516,0.750
1454,58.160,0.000,0.000,0.000,0.000,0,0,0,0.000,0.000,7,0,0.483,0,19.235,8449.229,0.167,0.201,1.286,0.844,0.428,0.157,0.118,0.882,0.163,0.650
1456,58.240,0.000,0.000,0.000,0.000,0,0,0,0.000,0.000,7,0,0.517,0,19.235,8449.229,0.133,0.201,0.849,0.851,0.511,0.712,0.096,0.904,0.148,0.580
1458,58.320,0.000,0.000,0.000,0.000,0,0,0,0.000,0.000,6,1,0.483,0,19.235,8449.229,0.133,0.201,0.515,0.489,1.049,2.243,0.077,0.923,0.165,0.750
1460,58.400,0.000,0.000,0.000,0.000,0,0,0,0.000,0.000,6,0,0.517,0,19.235,8449.229,0.100,0.201,0.952,0.734,1.257,0.411,0.099,0.901,0.154,0.580
1462,58.480,0.000,0.000,0.000,0.000,0,0,0,0.000,0.000,6,0,0.552,0,19.235,8449.229,0.100,0.201,2.299,0.739,1.695,0.079,0.134,0.866,0.188,0.700
1464,58.560,0.000,0.000,0.000,0.000,0,0,0,0.000,0.000,8,1,0.517,0,19.235,8449.229,0.100,0.201,2.431,0.791,1.938,0.153,0.134,0.866,0.187,0.750
1466,58.640,0.000,0.000,0.000,0.000,0,0,0,0.000,0.000,8,0,0.517,0,19.235,8449.229,0.100,0.201,1.392,0.294,2.160,0.290,0.117,0.883,0.196,0.700
1468,58.720,0.000,0.000,0.000,0.000,0,0,0,0.000,0.000,8,0,0.552,0,19.235,8449.229,0.100,0.201,1.527,0.303,2.460,2.516,0.124,0.876,0.199,0.700
1470,58.800,418.961,23.087,412.557,4.729,2,1,1,371.712,0.954,6,1,0.517,6,51.088,9943.494,0.133,0.218,2.063,0.437,3.272,0.146,0.138,0.862,0.817,0.750
1472,58.880,9.220,6.325,-409.741,-16.762,2,1,1,376.198,1.223,6,0,0.517,6,6.325,11404.385,0.167,0.218,2.009,0.486,4.309,1.392,0.143,0.857,0.617,0.700
1474,58.960,4.123,3.162,-5.096,-3.162,2,1,1,377.966,1.293,6,0,0.552,6,3.162,12452.825,0.200,0.218,1.656,0.410,3.372,0.502,0.148,0.852,0.590,0.700
1476,59.040,7.000,2.828,2.877,-0.334,2,1,1,375.645,1.272,8,1,0.517,6,2.828,13147.049,0.233,0.218,1.441,0.563,2.481,0.500,0.144,0.856,0.549,0.750
1478,59.120,12.000,10.198,5.000,7.370,2,1,1,373.536,1.253,8,0,0.552,6,10.198,13351.200,0.267,0.218,1.907,0.830,1.475,0.137,0.137,0.863,0.573,0.700
1480,59.200,13.153,13.038,1.153,2.840,2,1,1,374.534,1.269,8,0,0.586,6,13.038,13515.690,0.300,0.218,2.535,0.933,1.088,0.001,0.142,0.858,0.592,0.350
1482,59.280,16.031,15.133,2.878,2.094,2,1,1,371.486,1.038,5,1,0.586,6,103.392,12570.177,0.333,0.208,3.132,0.934,0.914,0.097,0.142,0.858,0.672,0.750
1484,59.360,16.492,12.369,0.461,-2.763,2,1,1,364.309,1.038,5,0,0.586,6,254.071,13154.344,0.367,0.185,2.952,0.931,0.846,0.092,0.140,0.860,0.674,0.750
1486,59.440,9.487,11.402,-7.006,-0.968,2,1,1,358.403,0.722,5,0,0.621,6,241.102,12314.097,0.400,0.203,2.287,0.897,1.085,0.043,0.139,0.861,0.636,0.750
1488,59.520,7.280,7.071,-2.207,-4.331,2,1,1,357.405,0.498,4,1,0.621,4,281.205,12161.494,0.433,0.203,1.499,0.777,1.302,0.309,0.137,0.863,0.606,0.750
1490,59.600,5.831,5.099,-1.449,-1.972,2,1,1,355.407,0.425,4,0,0.655,4,280.303,12721.810,0.467,0.311,1.035,0.649,1.392,0.263,0.134,0.866,0.599,0.750
1492,59.680,3.000,1.000,-2.831,-4.099,2,1,1,352.460,0.245,3,1,0.655,2,3.606,12588.094,0.500,0.324,0.672,0.435,1.403,0.914,0.108,0.892,0.533,0.750
1494,59.760,2.236,7.071,-0.764,6.071,2,1,1,350.241,0.496,4,1,0.621,3,0.000,12848.927,0.533,0.324,0.907,0.498,0.912,1.230,0.126,0.874,0.576,0.750
1496,59.840,2.000,1.000,-0.236,-6.071,2,1,1,351.320,0.695,4,0,0.655,3,0.000,12509.339,0.567,0.336,1.239,0.671,0.524,0.080,0.136,0.864,0.548,0.580
1498,59.920,2.000,4.243,0.000,3.243,2,1,1,356.202,0.787,4,0,0.690,2,1.000,12387.694,0.600,0.336,0.818,0.274,0.489,1.383,0.119,0.881,0.537,0.580
1500,60.000,4.123,6.403,2.123,2.160,2,1,1,364.088,0.786,4,0,0.690,3,304.907,11906.349,0.633,0.347,0.897,0.586,0.339,0.314,0.123,0.877,0.578,0.750
1502,60.080,11.180,8.062,7.057,1.659,2,1,1,370.135,0.852,4,0,0.690,4,304.021,11174.430,0.667,0.347,1.341,0.620,0.069,0.113,0.140,0.860,0.662,0.750
1504,60.160,26.476,20.616,15.296,12.553,2,1,1,359.736,0.928,4,0,0.690,4,229.706,10285.198,0.700,0.358,2.219,0.472,0.075,0.970,0.117,0.883,0.784,0.750
1506,60.240,0.000,325.269,0.000,-36.573,2,0,1,325.269,1.351,3,1,0.655,4,40.224,9309.338,0.733,0.358,2.077,0.382,0.009,1.311,0.131,0.869,0.793,0.750
1508,60.320,62.817,0.000,36.341,0.000,1,1,0,0.000,0.748,3,0,0.655,1,40.224,9309.338,0.733,0.369,2.505,0.547,0.133,0.438,0.143,0.857,0.622,0.650
1510,60.400,11.662,89.107,-51.155,-236.162,2,1,1,225.198,1.367,3,0,0.690,3,78.518,8081.869,0.733,0.369,2.429,0.823,0.210,0.203,0.158,0.842,0.771,0.650
1512,60.480,10.296,18.439,-1.366,-70.668,2,1,1,219.572,1.342,5,1,0.655,5,49.193,6167.959,0.733,0.369,2.756,0.870,0.123,0.165,0.159,0.841,0.728,0.750
1514,60.560,8.062,12.649,-2.233,-5.790,2,1,1,213.928,1.256,5,0,0.655,5,48.301,4874.145,0.767,0.379,2.499,0.845,0.035,0.020,0.151,0.849,0.696,0.580
1516,60.640,5.831,2.000,-2.231,-10.649,2,1,1,210.021,1.283,5,0,0.690,5,42.485,4425.525,0.800,0.379,1.759,0.822,0.226,0.062,0.140,0.860,0.645,0.580
1518,60.720,3.606,5.099,-2.225,3.099,2,1,1,209.848,1.239,4,0,0.690,3,20.025,3970.519,0.833,0.379,1.498,0.789,0.430,0.211,0.137,0.863,0.596,0.580
1520,60.800,3.606,15.811,0.000,10.712,2,1,1,216.945,1.128,4,0,0.690,3,81.744,3291.094,0.867,0.389,1.951,0.747,0.614,0.268,0.133,0.867,0.673,0.350
1522,60.880,3.162,30.414,-0.443,14.602,2,1,1,234.955,1.082,4,0,0.724,3,66.708,2289.065,0.900,0.389,3.081,0.787,0.528,0.307,0.120,0.880,0.784,0.350
1524,60.960,2.828,33.541,-0.334,3.127,2,1,1,258.652,0.694,5,1,0.690,6,33.061,1999.648,0.933,0.389,3.415,0.798,0.056,0.089,0.128,0.872,0.858,0.750
1526,61.040,3.606,27.074,0.777,-6.467,2,1,1,277.851,0.567,5,0,0.690,6,37.000,1375.095,0.967,0.369,2.718,0.819,0.335,0.013,0.111,0.889,0.807,0.000
1528,61.120,1.000,21.954,-2.606,-5.119,2,1,1,299.256,0.379,5,0,0.724,6,0.000,1301.720,1.000,0.358,2.063,0.844,0.488,0.124,0.086,0.914,0.764,0.000
1530,61.200,1.414,22.825,0.414,0.871,2,1,1,320.663,0.672,4,1,0.690,6,17.464,491.525,1.000,0.347,1.591,0.608,0.639,0.770,0.099,0.901,0.774,0.750
1532,61.280,1.000,22.361,-0.414,-0.465,2,1,1,340.899,0.767,4,0,0.690,6,0.000,421.680,1.000,0.347,1.867,0.811,0.783,0.175,0.107,0.893,0.764,0.550
1534,61.360,2.000,24.698,1.000,2.337,2,1,1,363.453,0.761,4,0,0.724,6,23.087,518.000,1.000,0.324,2.019,0.850,0.890,0.007,0.111,0.889,0.778,0.000
1536,61.440,1.414,17.088,-0.586,-7.610,2,1,1,379.104,0.810,4,0,0.724,6,71.281,854.690,1.000,0.324,1.363,0.827,0.807,0.215,0.107,0.893,0.721,0.000
1538,61.520,1.000,7.071,-0.414,-10.017,2,1,1,384.194,0.942,4,0,0.724,5,66.753,1015.074,1.000,0.324,0.876,0.741,0.687,0.308,0.085,0.915,0.659,0.580
1540,61.600,0.000,5.099,-1.000,-1.972,2,1,1,388.542,1.010,4,0,0.759,5,22.472,1024.314,1.000,0.324,0.834,0.629,0.480,0.218,0.084,0.916,0.655,0.580
1542,61.680,1.000,6.000,1.000,0.901,2,1,1,393.723,1.145,6,1,0.724,6,5.000,1223.045,1.000,0.311,0.773,0.732,0.359,0.089,0.092,0.908,0.651,0.750
1544,61.760,1.000,3.000,0.000,-3.000,2,1,1,396.626,1.309,5,1,0.690,6,5.000,1223.045,1.000,0.311,0.718,0.544,0.236,0.045,0.094,0.906,0.647,0.750
1546,61.840,1.000,2.000,0.000,-1.000,2,1,1,398.629,0.916,5,0,0.724,6,5.000,1223.045,1.000,0.311,0.716,0.627,0.126,0.508,0.087,0.913,0.635,0.580
1548,61.920,1.414,5.099,0.414,3.099,2,1,1,395.961,0.916,5,0,0.724,6,5.000,1223.045,1.000,0.311,0.935,0.820,0.080,0.203,0.115,0.885,0.644,0.580
1550,62.000,1.000,4.123,-0.414,-0.976,2,1,1,394.726,1.047,6,1,0.724,6,282.392,2188.489,1.000,0.311,1.509,0.925,0.026,0.197,0.129,0.871,0.646,0.750
1552,62.080,3.606,5.831,2.606,1.708,2,1,1,392.757,1.080,6,0,0.759,6,65.490,3796.965,1.000,0.311,1.640,0.922,0.107,0.034,0.128,0.872,0.659,0.580
1554,62.160,3.162,12.166,-0.443,6.335,2,1,1,400.644,0.979,6,1,0.724,6,332.641,5170.504,1.000,0.311,1.679,0.830,0.471,0.144,0.127,0.873,0.701,0.750
1556,62.240,3.000,26.926,-0.162,14.760,2,1,1,408.796,1.005,6,0,0.724,6,331.361,6124.499,1.000,0.311,2.060,0.802,0.818,0.143,0.125,0.875,0.795,0.750
1558,62.320,2.828,49.244,-0.172,22.318,2,1,1,426.203,0.996,6,0,0.724,6,3.606,6993.938,1.000,0.311,2.251,0.687,1.027,0.167,0.132,0.868,0.908,0.350
1560,62.400,4.123,0.000,1.295,0.000,1,1,0,0.000,0.558,6,1,0.690,4,3.606,7730.229,1.000,0.311,2.543,0.667,1.275,0.146,0.147,0.853,0.580,0.750
1562,62.480,5.099,174.771,0.976,125.527,2,1,1,484.926,1.035,6,0,0.690,5,5.000,8439.765,1.000,0.311,2.879,0.810,1.413,0.336,0.154,0.846,0.885,0.700
1564,62.560,9.220,55.036,4.121,-119.735,2,1,1,505.594,0.879,6,0,0.724,5,10.050,9112.138,1.000,0.311,3.841,0.818,1.467,0.095,0.156,0.844,0.909,0.700
1566,62.640,12.166,50.010,2.946,-5.026,2,1,1,522.551,0.539,6,0,0.724,4,14.142,9762.065,1.000,0.311,5.017,0.845,1.202,0.039,0.160,0.840,0.906,0.000
1568,62.720,14.560,39.051,2.395,-10.959,2,1,1,538.335,0.552,6,0,0.724,4,13.038,10346.559,1.000,0.324,5.942,0.891,0.604,0.026,0.158,0.842,0.893,0.000
1570,62.800,22.561,28.302,8.001,-10.749,2,1,1,547.110,0.591,6,0,0.759,3,13.038,10346.559,1.000,0.324,7.882,0.916,0.146,0.069,0.149,0.851,0.850,0.000
1572,62.880,19.698,27.785,-2.863,-0.517,2,1,1,543.526,0.347,5,1,0.724,4,13.038,10346.559,1.000,0.336,6.778,0.929,0.920,0.083,0.159,0.841,0.873,0.750
1574,62.960,7.211,25.080,-12.487,-2.705,2,1,1,525.524,0.335,5,0,0.724,4,13.038,10346.559,1.000,0.336,3.692,0.971,1.576,0.303,0.156,0.844,0.778,0.700
1576,63.040,10.296,19.313,3.085,-5.767,2,1,1,516.330,0.375,5,0,0.724,4,13.038,10346.559,1.000,0.336,3.626,0.977,1.907,0.099,0.151,0.849,0.744,0.700
1578,63.120,13.000,21.633,2.704,2.320,2,1,1,509.425,0.363,6,1,0.690,4,13.038,10346.559,1.000,0.347,4.157,0.974,2.125,0.154,0.148,0.852,0.746,0.750
1580,63.200,10.440,14.213,-2.560,-7.421,2,1,1,509.428,0.361,6,0,0.690,4,13.038,10346.559,1.000,0.347,3.779,0.972,2.368,0.058,0.145,0.855,0.695,0.700
1582,63.280,8.246,11.180,-2.194,-3.032,2,1,1,511.549,0.360,6,0,0.724,5,375.826,11802.309,1.000,0.347,3.113,0.968,2.586,0.013,0.143,0.857,0.692,0.750
1584,63.360,7.280,16.125,-0.966,4.944,2,1,1,519.320,0.415,6,1,0.690,4,375.826,11802.309,1.000,0.347,2.451,0.937,3.150,0.042,0.139,0.861,0.675,0.750
1586,63.440,6.083,16.492,-1.197,0.368,2,1,1,528.458,0.353,6,0,0.690,4,375.826,11802.309,1.000,0.358,2.242,0.914,4.429,0.085,0.140,0.860,0.674,0.750
1588,63.520,5.099,9.487,-0.984,-7.006,2,1,1,530.185,0.364,6,0,0.724,4,375.826,11802.309,1.000,0.358,1.855,0.928,5.245,0.033,0.134,0.866,0.624,0.750
1590,63.600,3.162,13.038,-1.937,3.552,2,1,1,520.188,0.454,7,1,0.690,5,36.797,13948.240,1.000,0.358,1.117,0.919,4.980,0.067,0.124,0.876,0.635,0.750
1592,63.680,1.414,10.000,-1.748,-3.038,2,1,1,513.430,0.488,7,0,0.690,5,38.897,15036.909,1.000,0.358,0.709,0.765,4.098,1.013,0.091,0.909,0.618,0.700
1594,63.760,1.000,11.402,-0.414,1.402,2,1,1,511.067,0.544,7,0,0.690,5,40.804,15566.509,1.000,0.358,0.572,0.584,3.235,0.705,0.070,0.930,0.635,0.700
1596,63.840,0.000,9.220,-1.000,-2.182,2,1,1,513.720,0.567,6,1,0.655,2,40.804,15566.509,1.000,0.358,0.335,0.138,2.108,0.633,0.050,0.950,0.580,0.750
1598,63.920,1.000,2.828,1.000,-6.391,2,1,1,515.966,0.610,6,0,0.655,2,40.804,15566.509,1.000,0.369,0.436,0.331,1.089,0.912,0.077,0.923,0.533,0.580
1600,64.000,3.000,6.708,2.000,3.880,2,1,1,522.495,0.577,6,0,0.690,2,40.804,15566.509,1.000,0.369,0.804,0.806,0.404,1.227,0.113,0.887,0.531,0.000
1602,64.080,3.162,5.000,0.162,-1.708,2,1,1,523.689,0.704,7,1,0.690,3,20.125,16209.338,1.000,0.369,0.863,0.789,0.154,0.082,0.111,0.889,0.541,0.750
1604,64.160,4.472,3.162,1.310,-1.838,2,1,1,520.603,0.830,7,0,0.690,3,3.162,16554.878,1.000,0.369,0.877,0.786,0.501,1.554,0.107,0.893,0.539,0.580
1606,64.240,3.162,6.325,-1.310,3.162,2,1,1,520.586,1.309,6,1,0.655,2,3.162,16554.878,1.000,0.379,0.652,0.794,0.704,0.256,0.101,0.899,0.526,0.750
1608,64.320,1.414,2.236,-1.748,-4.088,2,1,1,522.690,1.571,5,1,0.655,2,3.162,16554.878,1.000,0.379,0.373,0.412,0.939,1.327,0.065,0.935,0.535,0.750
1610,64.400,1.000,2.236,-0.414,0.000,2,1,1,520.946,1.833,5,0,0.655,2,3.162,16554.878,1.000,0.389,0.357,0.158,1.242,1.307,0.060,0.940,0.552,0.580
1612,64.480,3.000,3.162,2.000,0.926,2,1,1,517.357,1.571,5,0,0.690,2,3.162,16554.878,1.000,0.389,0.447,0.414,1.516,0.293,0.074,0.926,0.542,0.700
1614,64.560,6.403,2.000,3.403,-1.162,2,1,1,521.717,1.655,6,1,0.655,3,523.336,18333.364,1.000,0.399,0.874,0.826,1.752,0.583,0.109,0.891,0.560,0.750
1616,64.640,25.495,2.000,19.092,0.000,2,1,1,495.707,1.715,6,0,0.655,3,115.836,18964.054,1.000,0.399,1.531,0.786,1.908,0.631,0.121,0.879,0.685,0.700
1618,64.720,0.000,5.000,0.000,3.000,1,0,1,0.000,0.937,6,0,0.690,1,115.836,18964.054,1.000,0.408,1.814,0.825,1.960,0.267,0.115,0.885,0.465,0.700
1620,64.800,173.072,8.602,147.577,3.602,2,1,1,319.640,1.580,7,0,0.690,5,60.836,17062.147,1.000,0.408,1.586,0.605,1.910,0.240,0.112,0.888,0.846,0.700
1622,64.880,43.186,9.487,-129.887,0.885,2,1,1,269.757,1.497,7,0,0.690,5,37.162,16667.960,1.000,0.399,1.795,0.711,1.716,1.265,0.125,0.875,0.834,0.700
1624,64.960,23.409,4.123,-19.776,-5.364,2,1,1,242.903,1.154,7,0,0.690,5,26.077,16182.894,1.000,0.399,2.392,0.792,1.467,0.071,0.143,0.857,0.733,0.700
1626,65.040,7.810,3.606,-15.599,-0.518,2,1,1,235.304,0.965,7,0,0.690,5,26.077,16182.894,1.000,0.399,2.016,0.823,1.198,0.019,0.143,0.857,0.635,0.350
1628,65.120,11.705,5.099,3.894,1.493,2,1,1,230.532,0.940,7,0,0.690,5,26.077,16182.894,1.000,0.399,1.549,0.766,0.951,0.328,0.133,0.867,0.649,0.350
1630,65.200,7.616,5.657,-4.089,0.558,2,1,1,236.299,0.808,7,0,0.724,4,26.077,16182.894,1.000,0.399,1.373,0.764,0.760,0.151,0.131,0.869,0.596,0.000
1632,65.280,6.403,6.000,-1.213,0.343,2,1,1,245.752,0.589,7,0,0.724,4,26.077,16182.894,1.000,0.399,1.122,0.855,0.649,0.561,0.125,0.875,0.577,0.000
1634,65.360,6.000,2.236,-0.403,-3.764,2,1,1,246.416,0.505,7,0,0.724,3,26.077,16182.894,1.000,0.399,1.162,0.936,0.544,0.750,0.134,0.866,0.544,0.000
1636,65.440,0.000,252.293,0.000,242.445,2,0,1,252.293,0.852,7,0,0.759,5,26.077,16182.894,1.000,0.389,1.479,0.901,0.407,0.404,0.134,0.866,0.822,0.500
1638,65.520,35.228,0.000,29.228,0.000,1,1,0,0.000,0.696,7,0,0.759,4,50.090,15775.520,1.000,0.379,2.338,0.799,0.223,0.235,0.139,0.861,0.721,0.650
1640,65.600,30.364,0.000,-4.863,0.000,1,1,0,0.000,0.718,7,0,0.759,4,34.234,15202.255,1.000,0.369,2.523,0.743,0.106,0.238,0.125,0.875,0.703,0.000
1642,65.680,1.414,0.000,-28.950,0.000,1,1,0,0.000,1.019,7,0,0.793,4,15.524,14535.035,1.000,0.358,1.341,0.649,0.572,0.154,0.120,0.880,0.519,0.580
1644,65.760,15.620,0.000,14.206,0.000,1,1,0,0.000,0.964,7,0,0.793,4,21.401,13660.138,1.000,0.358,1.919,0.687,1.080,0.709,0.131,0.869,0.610,0.350
1646,65.840,21.190,225.089,5.569,-27.205,2,1,1,253.939,1.234,7,0,0.793,5,34.886,12669.519,1.000,0.347,2.218,0.800,1.687,0.430,0.129,0.871,0.848,0.700
1648,65.920,19.416,41.437,-1.773,-183.652,2,1,1,201.675,1.462,7,0,0.828,5,5.831,12206.959,1.000,0.347,2.442,0.791,2.332,0.286,0.142,0.858,0.834,0.700
1650,66.000,18.028,30.265,-1.389,-11.171,2,1,1,157.867,1.391,8,0,0.828,5,5.831,12206.959,1.000,0.347,2.247,0.776,2.478,0.051,0.140,0.860,0.753,0.700
1652,66.080,15.232,2.828,-2.796,-27.437,2,1,1,141.824,1.399,8,0,0.828,5,60.926,10974.674,1.000,0.347,1.439,0.834,2.291,0.344,0.125,0.875,0.645,0.700
1654,66.160,10.000,2.828,-5.232,0.000,2,1,1,135.831,1.497,8,0,0.862,5,60.926,10974.674,1.000,0.347,1.347,0.943,1.840,0.202,0.131,0.869,0.606,0.700
1656,66.240,11.180,6.083,1.180,3.254,2,1,1,130.361,1.517,6,1,0.828,5,1.000,9470.469,1.000,0.347,1.505,0.957,1.206,0.179,0.128,0.872,0.653,0.750
1658,66.320,5.385,14.000,-5.795,7.917,2,1,1,137.306,1.427,6,0,0.828,5,46.519,8619.378,1.000,0.347,1.818,0.951,0.944,0.041,0.136,0.864,0.677,0.350
1660,66.400,11.180,22.804,5.795,8.804,2,1,1,164.469,1.148,6,0,0.862,4,46.519,8619.378,1.000,0.336,2.571,0.883,0.884,0.109,0.138,0.862,0.719,0.350
1662,66.480,25.000,35.735,13.820,12.932,2,1,1,216.190,0.762,7,1,0.828,4,46.519,8619.378,1.000,0.347,3.256,0.832,0.962,0.162,0.144,0.856,0.795,0.750
1664,66.560,37.855,22.847,12.855,-12.888,2,1,1,271.737,0.488,7,0,0.862,2,46.519,8619.378,1.000,0.347,3.795,0.822,1.177,0.060,0.151,0.849,0.769,0.000
1666,66.640,42.953,13.454,5.098,-9.394,2,1,1,323.006,0.472,7,0,0.897,2,46.519,8619.378,1.000,0.358,3.802,0.824,1.449,0.099,0.148,0.852,0.797,0.700
1668,66.720,42.202,6.708,-0.752,-6.745,2,1,1,370.163,0.467,6,1,0.862,2,46.519,8619.378,1.000,0.358,3.711,0.821,1.672,0.151,0.150,0.850,0.800,0.750
1670,66.800,34.176,5.099,-8.026,-1.609,2,1,1,407.594,0.432,6,0,0.862,2,46.519,8619.378,1.000,0.369,3.588,0.823,1.626,0.020,0.146,0.854,0.752,0.700
1672,66.880,30.083,2.000,-4.093,-3.099,2,1,1,438.244,0.376,6,0,0.897,2,46.519,8619.378,1.000,0.369,3.147,0.799,1.559,0.245,0.148,0.852,0.720,0.700
1674,66.960,17.088,3.162,-12.995,1.162,2,1,1,457.751,0.367,7,1,0.862,2,46.519,8619.378,1.000,0.379,3.043,0.776,1.972,0.101,0.152,0.848,0.638,0.750
1676,67.040,7.071,5.831,-10.017,2.669,2,1,1,469.540,0.347,7,0,0.862,2,46.519,8619.378,1.000,0.379,3.087,0.764,2.201,0.105,0.153,0.847,0.584,0.700
1678,67.120,2.236,7.616,-4.835,1.785,2,1,1,477.143,0.358,7,0,0.862,3,210.152,8752.517,1.000,0.379,3.717,0.817,2.163,0.003,0.156,0.844,0.625,0.750
1680,67.200,5.657,8.246,3.421,0.630,2,1,1,480.759,0.367,7,0,0.862,3,5.385,8825.858,1.000,0.389,4.155,0.845,2.113,0.020,0.170,0.830,0.638,0.700
1682,67.280,8.544,8.062,2.887,-0.184,2,1,1,479.417,0.415,7,0,0.862,3,5.000,8962.434,1.000,0.389,3.828,0.850,2.256,0.127,0.158,0.842,0.631,0.700
1684,67.360,8.602,8.544,0.058,0.482,2,1,1,480.150,0.444,7,0,0.862,3,7.616,7798.109,1.000,0.399,2.861,0.783,2.579,0.162,0.147,0.853,0.612,0.700
1686,67.440,7.810,8.544,-0.792,0.000,2,1,1,482.017,0.439,6,1,0.828,2,7.616,7798.109,1.000,0.399,2.800,0.743,2.990,0.374,0.145,0.855,0.595,0.750
1688,67.520,15.264,13.153,7.454,4.609,2,1,1,482.037,0.455,6,0,0.828,2,7.616,7798.109,1.000,0.408,3.484,0.808,3.247,0.205,0.154,0.846,0.645,0.700
1690,67.600,22.472,10.000,7.208,-3.153,2,1,1,471.153,0.454,6,0,0.828,4,7.616,7798.109,1.000,0.408,3.840,0.811,3.459,0.003,0.160,0.840,0.754,0.700
1692,67.680,25.060,13.892,2.588,3.892,2,1,1,456.158,0.435,6,0,0.828,5,7.616,7798.109,1.000,0.408,3.492,0.765,3.266,0.145,0.155,0.845,0.793,0.700
1694,67.760,27.731,17.720,2.671,3.828,2,1,1,436.056,0.285,6,0,0.828,6,7.616,7798.109,1.000,0.408,2.944,0.602,2.622,0.023,0.145,0.855,0.836,0.700
1696,67.840,34.713,40.311,6.982,22.591,2,1,1,382.001,0.391,6,0,0.828,6,283.917,5569.660,1.000,0.408,3.101,0.432,1.851,0.415,0.136,0.864,0.921,0.750
1698,67.920,31.623,55.218,-3.090,14.906,2,1,1,319.039,0.380,7,1,0.793,6,33.838,5811.358,1.000,0.399,2.564,0.319,1.387,0.081,0.139,0.861,0.916,0.750
1700,68.000,30.000,54.129,-1.623,-1.088,2,1,1,252.032,0.383,7,0,0.793,6,0.000,6842.357,1.000,0.389,2.591,0.244,1.068,0.113,0.130,0.870,0.922,0.550
1702,68.080,19.849,36.892,-10.151,-17.238,2,1,1,208.195,0.399,7,0,0.793,6,0.000,2230.570,1.000,0.369,2.607,0.288,0.857,0.203,0.128,0.872,0.874,0.000
1704,68.160,9.434,14.765,-10.415,-22.127,2,1,1,190.168,0.384,7,1,0.759,6,0.000,1946.989,1.000,0.347,1.981,0.397,0.715,0.194,0.129,0.871,0.728,0.750
1706,68.240,3.162,9.487,-6.272,-5.278,2,1,1,180.178,0.306,7,0,0.759,6,0.000,1533.734,1.000,0.336,1.334,0.156,0.555,0.027,0.114,0.886,0.699,0.000
1708,68.320,5.099,5.099,1.937,-4.388,2,1,1,174.046,0.271,7,0,0.759,6,17.117,1500.300,1.000,0.324,0.881,0.323,0.352,1.335,0.096,0.904,0.652,0.580
1710,68.400,4.123,2.236,-0.976,-2.863,2,1,1,174.011,0.355,5,1,0.724,6,0.000,1575.969,1.000,0.311,0.774,0.686,0.029,1.007,0.091,0.909,0.644,0.750
1712,68.480,2.828,1.000,-1.295,-1.236,2,1,1,176.003,0.281,5,0,0.724,6,0.000,1572.745,1.000,0.298,0.644,0.624,0.351,0.243,0.082,0.918,0.638,0.580
1714,68.560,1.000,1.000,-1.828,0.000,2,1,1,175.000,0.454,5,0,0.759,6,0.000,1680.684,1.000,0.298,0.649,0.732,0.809,0.185,0.088,0.912,0.621,0.580
1716,68.640,1.000,2.236,0.000,1.236,2,1,1,173.000,0.490,5,0,0.759,6,0.000,1708.487,1.000,0.298,0.497,0.590,1.293,0.406,0.074,0.926,0.634,0.580
1718,68.720,5.000,2.000,4.000,-0.236,2,1,1,171.073,0.678,5,0,0.759,6,17.000,1762.360,1.000,0.298,0.468,0.254,2.008,1.339,0.061,0.939,0.672,0.700
1720,68.800,7.280,1.000,2.280,-1.000,2,1,1,172.418,0.694,6,1,0.759,6,0.000,1826.735,1.000,0.298,0.567,0.290,3.375,1.059,0.068,0.932,0.684,0.750
1722,68.880,20.809,2.236,13.529,1.236,2,1,1,191.269,0.754,6,0,0.759,6,0.000,1854.218,1.000,0.298,1.019,0.843,4.520,1.363,0.104,0.896,0.732,0.700
1724,68.960,36.125,4.123,15.316,1.887,2,1,1,223.517,1.023,6,0,0.759,6,0.000,2173.649,1.000,0.298,1.185,0.801,5.027,1.611,0.080,0.920,0.824,0.700
1726,69.040,45.044,8.062,8.920,3.939,2,1,1,261.962,0.944,6,0,0.793,6,18.111,2421.414,1.000,0.298,1.261,0.568,5.015,0.845,0.098,0.902,0.892,0.700
1728,69.120,20.224,11.314,-24.821,3.251,2,1,1,274.505,0.919,6,0,0.793,6,18.028,2884.619,1.000,0.298,1.683,0.617,5.263,0.957,0.132,0.868,0.761,0.700
1730,69.200,11.662,14.142,-8.562,2.828,2,1,1,257.513,0.951,6,0,0.793,6,56.569,3212.200,1.000,0.298,1.797,0.706,4.766,0.054,0.125,0.875,0.724,0.700
1732,69.280,5.099,2.000,-6.563,-12.142,2,1,1,252.834,1.044,6,0,0.828,6,0.000,3469.758,1.000,0.298,1.212,0.598,4.458,1.035,0.096,0.904,0.667,0.700
1734,69.360,1.000,8.485,-4.099,6.485,2,1,1,245.931,0.999,6,0,0.828,6,0.000,3660.800,1.000,0.298,1.094,0.767,4.338,1.303,0.104,0.896,0.671,0.700
1736,69.440,2.236,4.472,1.236,-4.013,2,1,1,243.387,1.091,6,0,0.828,6,0.000,3676.074,1.000,0.298,1.179,0.870,3.669,0.096,0.109,0.891,0.643,0.700
1738,69.520,3.162,1.414,0.926,-3.058,2,1,1,247.316,1.138,5,1,0.793,6,0.000,3876.524,1.000,0.298,0.972,0.905,2.755,0.026,0.102,0.898,0.629,0.750
1740,69.600,1.000,6.708,-2.162,5.294,2,1,1,254.757,0.998,6,1,0.759,6,0.000,3787.195,1.000,0.298,0.848,0.650,2.076,0.744,0.092,0.908,0.663,0.750
1742,69.680,1.414,10.050,0.414,3.342,2,1,1,265.560,1.092,6,0,0.759,6,0.000,3833.195,1.000,0.298,1.010,0.625,1.695,0.168,0.109,0.891,0.687,0.700
1744,69.760,2.000,7.211,0.586,-2.839,2,1,1,270.440,1.166,6,0,0.793,6,65.299,3914.188,1.000,0.298,1.427,0.802,1.361,0.455,0.118,0.882,0.670,0.350
1746,69.840,2.000,6.403,0.000,-0.808,2,1,1,269.312,1.388,8,1,0.759,6,48.508,3843.619,1.000,0.298,1.189,0.806,1.076,0.034,0.116,0.884,0.614,0.750
1748,69.920,3.000,9.849,1.000,3.446,2,1,1,264.169,1.350,8,0,0.759,6,54.489,3413.750,1.000,0.298,1.293,0.937,0.837,0.204,0.123,0.877,0.626,0.350
1750,70.000,2.000,2.828,-1.000,-7.020,2,1,1,264.569,1.101,8,0,0.759,6,31.765,3167.807,1.000,0.298,0.765,0.922,0.613,0.426,0.109,0.891,0.575,0.580
1752,70.080,3.606,10.770,1.606,7.942,2,1,1,271.105,1.403,7,1,0.724,6,55.462,3115.219,1.000,0.298,1.192,0.744,0.445,1.271,0.120,0.880,0.662,0.750
1754,70.160,0.000,7.211,-3.606,-3.559,2,1,1,274.084,1.126,7,0,0.724,6,0.000,2879.095,1.000,0.298,1.344,0.703,0.311,0.063,0.118,0.882,0.649,0.350
1756,70.240,3.162,8.602,3.162,1.391,2,1,1,278.959,1.131,7,0,0.759,6,16.125,2769.737,1.000,0.298,1.121,0.776,0.195,0.433,0.111,0.889,0.646,0.350
1758,70.320,4.000,2.236,0.838,-6.366,2,1,1,280.401,1.080,6,1,0.724,6,0.000,2836.188,1.000,0.298,1.012,0.870,0.078,0.373,0.112,0.888,0.637,0.750
1760,70.400,2.828,11.180,-1.172,8.944,2,1,1,271.065,1.282,7,1,0.690,6,0.000,2710.807,1.000,0.298,1.160,0.879,0.066,0.454,0.123,0.877,0.654,0.750
1762,70.480,2.000,10.000,-0.828,-1.180,2,1,1,265.699,1.039,7,0,0.724,6,34.176,3032.638,1.000,0.298,0.987,0.902,0.058,0.251,0.112,0.888,0.641,0.350
1764,70.560,1.000,8.246,-1.000,-1.754,2,1,1,269.691,1.090,7,1,0.690,6,33.242,3209.245,1.000,0.298,0.799,0.730,0.091,0.012,0.087,0.913,0.639,0.750
1766,70.640,1.000,2.828,0.000,-5.418,2,1,1,268.991,1.173,7,0,0.690,6,39.013,3351.579,1.000,0.298,0.697,0.805,0.205,0.549,0.087,0.913,0.601,0.350
1768,70.720,1.000,12.207,0.000,9.378,2,1,1,259.110,1.005,7,0,0.724,6,42.638,3405.770,1.000,0.298,0.732,0.908,0.153,0.872,0.087,0.913,0.647,0.350
1770,70.800,2.236,7.071,1.236,-5.135,2,1,1,264.070,1.229,7,0,0.724,6,61.221,3526.049,1.000,0.298,0.866,0.813,0.098,2.286,0.085,0.915,0.628,0.550
1772,70.880,1.414,3.162,-0.822,-3.909,2,1,1,260.102,1.553,7,0,0.724,6,54.332,3355.650,1.000,0.298,0.699,0.816,0.089,1.007,0.099,0.901,0.602,0.350
1774,70.960,1.000,7.071,-0.414,3.909,2,1,1,253.160,1.556,7,0,0.724,6,0.000,3194.669,1.000,0.298,0.434,0.274,0.028,0.793,0.046,0.954,0.655,0.480
1776,71.040,2.236,1.414,1.236,-5.657,2,1,1,254.772,1.556,6,1,0.690,6,0.000,3215.625,1.000,0.298,0.845,0.875,0.342,0.326,0.119,0.881,0.622,0.750
1778,71.120,1.000,5.000,-1.236,3.586,2,1,1,260.102,1.597,7,1,0.690,6,68.877,3357.669,1.000,0.298,0.562,0.797,0.577,0.489,0.076,0.924,0.610,0.750
1780,71.200,1.000,8.000,0.000,3.000,2,1,1,267.047,1.566,7,0,0.690,6,20.591,3298.867,1.000,0.298,0.707,0.709,1.021,2.406,0.075,0.925,0.637,0.550
1782,71.280,0.000,7.071,-1.000,-0.929,2,1,1,272.661,1.535,7,0,0.690,6,29.732,3223.147,1.000,0.298,0.478,0.631,1.176,0.282,0.056,0.944,0.631,0.350
1784,71.360,1.000,7.810,1.000,0.739,2,1,1,267.047,1.742,7,0,0.690,6,31.305,3444.870,1.000,0.298,0.433,0.305,1.417,1.468,0.047,0.953,0.657,0.700
1786,71.440,0.000,4.243,-1.000,-3.568,2,1,1,263.712,1.455,7,0,0.690,6,44.777,3471.169,1.000,0.298,0.534,0.110,1.671,0.837,0.052,0.948,0.653,0.700
1788,71.520,1.000,4.123,1.000,-0.120,2,1,1,265.277,1.374,6,1,0.655,5,25.298,3427.574,1.000,0.311,0.856,0.884,1.777,0.507,0.111,0.889,0.602,0.750
1790,71.600,0.000,9.434,-1.000,5.311,2,1,1,272.809,1.571,6,0,0.655,5,63.514,3628.308,1.000,0.311,0.730,0.630,1.843,0.369,0.077,0.923,0.647,0.700
1792,71.680,1.414,6.403,1.414,-3.031,2,1,1,276.134,2.124,6,0,0.655,5,80.430,3805.808,1.000,0.311,0.630,0.083,2.503,3.076,0.063,0.937,0.666,0.700
1794,71.760,1.000,4.000,-0.414,-2.403,2,1,1,273.146,2.749,8,1,0.621,6,0.000,3756.488,1.000,0.311,0.480,0.434,2.535,1.332,0.065,0.935,0.609,0.750
1796,71.840,1.000,4.123,0.000,0.123,2,1,1,268.985,1.963,8,0,0.655,6,44.385,3795.199,1.000,0.311,0.610,0.539,2.327,0.038,0.076,0.924,0.605,0.700
1798,71.920,1.414,2.000,0.414,-2.123,2,1,1,267.905,1.571,8,0,0.690,6,50.961,3667.437,1.000,0.311,0.690,0.810,1.967,0.123,0.096,0.904,0.577,0.700
1800,72.000,1.000,5.385,-0.414,3.385,2,1,1,273.732,1.374,7,1,0.655,6,60.811,3605.769,1.000,0.311,0.426,0.272,1.783,1.656,0.058,0.942,0.646,0.750
1802,72.080,1.000,3.606,0.000,-1.780,2,1,1,276.653,1.414,7,0,0.655,6,79.076,3485.754,1.000,0.311,0.615,0.370,1.928,2.727,0.067,0.933,0.634,0.700
1804,72.160,1.000,3.000,0.000,-0.606,2,1,1,278.649,1.440,7,0,0.690,6,38.833,3470.544,1.000,0.311,0.674,0.740,1.739,0.394,0.086,0.914,0.606,0.700
1806,72.240,2.236,6.000,1.236,3.000,2,1,1,270.599,1.361,7,0,0.690,6,27.731,3137.735,1.000,0.311,0.996,0.864,1.315,0.169,0.111,0.889,0.622,0.350
1808,72.320,0.000,3.162,-2.236,-2.838,2,1,1,267.541,1.300,7,0,0.690,6,0.000,3240.289,1.000,0.311,0.627,0.780,1.219,0.713,0.092,0.908,0.603,0.350
1810,72.400,1.000,2.236,1.000,-0.926,2,1,1,269.418,1.233,7,0,0.724,6,48.765,3120.390,1.000,0.311,0.346,0.361,1.023,0.259,0.039,0.961,0.620,0.350
1812,72.480,1.000,5.385,0.000,3.149,2,1,1,267.226,1.389,8,1,0.690,6,65.391,2706.105,1.000,0.298,0.594,0.263,1.095,2.061,0.054,0.946,0.631,0.750
1814,72.560,3.162,6.325,2.162,0.939,2,1,1,272.265,1.562,8,0,0.690,6,0.000,2853.069,1.000,0.298,1.191,0.941,0.857,0.120,0.130,0.870,0.604,0.350
1816,72.640,5.000,8.944,1.838,2.620,2,1,1,273.117,1.315,8,0,0.724,6,38.471,2929.384,1.000,0.298,2.103,0.936,0.452,0.236,0.147,0.853,0.642,0.350
1818,72.720,2.000,10.198,-3.000,1.254,2,1,1,263.122,1.518,8,0,0.759,6,60.208,2833.037,1.000,0.298,2.227,0.905,0.195,0.641,0.132,0.868,0.654,0.350
1820,72.800,5.385,28.460,3.385,18.262,2,1,1,259.106,1.626,8,0,0.759,6,0.000,3305.114,1.000,0.298,2.091,0.744,0.710,0.262,0.123,0.877,0.763,0.350
1822,72.880,1.000,26.833,-4.385,-1.628,2,1,1,251.287,1.251,8,0,0.793,6,91.679,3233.545,1.000,0.298,1.781,0.687,1.602,0.048,0.109,0.891,0.751,0.700
1824,72.960,5.000,21.095,4.000,-5.738,2,1,1,238.799,1.280,8,1,0.759,6,0.000,2809.449,1.000,0.298,2.285,0.794,2.522,0.316,0.138,0.862,0.724,0.750
1826,73.040,7.211,5.831,2.211,-15.264,2,1,1,233.617,1.164,8,0,0.759,6,0.000,2462.935,1.000,0.298,2.556,0.907,3.448,0.591,0.137,0.863,0.645,0.700
1828,73.120,7.280,7.280,0.069,1.449,2,1,1,232.648,0.962,8,0,0.759,6,0.000,2150.600,1.000,0.298,3.457,0.941,4.386,0.432,0.133,0.867,0.666,0.700
1830,73.200,9.055,5.099,1.775,-2.181,2,1,1,226.312,0.818,6,1,0.724,6,0.000,2086.418,1.000,0.298,3.369,0.932,5.722,0.064,0.135,0.865,0.719,0.750
1832,73.280,4.123,7.071,-4.932,1.972,2,1,1,221.278,0.794,6,0,0.724,6,48.662,1817.607,1.000,0.298,2.269,0.881,7.539,0.036,0.128,0.872,0.684,0.700
1834,73.360,4.123,7.616,0.000,0.545,2,1,1,213.909,0.687,6,0,0.759,6,69.007,1972.015,1.000,0.298,1.853,0.855,8.498,0.260,0.119,0.881,0.679,0.700
1836,73.440,3.606,6.083,-0.518,-1.533,2,1,1,209.411,0.732,5,1,0.759,5,0.000,1549.610,1.000,0.311,1.446,0.879,9.409,0.303,0.124,0.876,0.658,0.750
1838,73.520,2.828,3.000,-0.777,-3.083,2,1,1,206.456,0.513,4,1,0.724,4,69.260,1640.080,1.000,0.311,1.050,0.901,8.232,0.076,0.114,0.886,0.630,0.750
1840,73.600,1.414,3.162,-1.414,0.162,2,1,1,210.874,0.746,5,1,0.690,6,46.271,1541.784,1.000,0.311,0.466,0.502,8.446,0.737,0.056,0.944,0.644,0.750
1842,73.680,2.000,8.485,0.586,5.323,2,1,1,220.871,0.744,5,0,0.690,4,61.131,1530.384,1.000,0.311,1.126,0.661,7.911,2.627,0.100,0.900,0.643,0.700
1844,73.760,3.000,10.770,1.000,2.285,2,1,1,233.823,0.692,5,0,0.690,5,63.388,1606.290,1.000,0.311,1.804,0.738,8.259,1.406,0.114,0.886,0.703,0.700
1846,73.840,2.236,18.439,-0.764,7.669,2,1,1,247.988,0.708,5,0,0.724,5,0.000,1953.679,1.000,0.324,1.992,0.696,6.363,0.076,0.114,0.886,0.754,0.700
1848,73.920,3.162,28.460,0.926,10.021,2,1,1,269.700,0.647,5,0,0.724,5,0.000,2504.410,1.000,0.324,2.634,0.678,2.954,2.770,0.131,0.869,0.827,0.700
1850,74.000,8.246,30.414,5.084,1.953,2,1,1,297.168,0.619,5,0,0.724,6,56.719,3100.535,1.000,0.324,3.238,0.748,2.094,1.022,0.139,0.861,0.848,0.700
1852,74.080,5.099,30.806,-3.147,0.392,2,1,1,320.325,0.607,5,0,0.759,6,215.139,3553.328,1.000,0.324,3.319,0.741,1.812,0.855,0.139,0.861,0.852,0.750
1854,74.160,6.325,25.000,1.226,-5.806,2,1,1,336.364,0.625,5,0,0.759,6,214.553,4158.309,1.000,0.324,3.253,0.809,1.780,0.208,0.143,0.857,0.814,0.750
1856,74.240,3.162,14.142,-3.162,-10.858,2,1,1,334.887,0.370,5,0,0.759,6,204.883,4688.529,1.000,0.324,2.790,0.824,1.570,0.101,0.141,0.859,0.741,0.750
1858,74.320,2.828,17.029,-0.334,2.887,2,1,1,324.279,0.382,5,0,0.793,6,191.316,5033.369,1.000,0.324,2.055,0.806,1.289,0.097,0.127,0.873,0.740,0.750
1860,74.400,2.828,11.314,0.000,-5.716,2,1,1,313.562,0.422,6,1,0.759,6,0.000,4615.879,1.000,0.311,1.668,0.869,0.774,0.812,0.138,0.862,0.694,0.750
1862,74.480,4.472,7.810,1.644,-3.503,2,1,1,305.500,0.405,6,0,0.759,6,0.000,4462.975,1.000,0.311,1.866,0.922,0.407,0.336,0.142,0.858,0.675,0.000
1864,74.560,4.472,3.000,0.000,-4.810,2,1,1,301.405,0.467,6,0,0.759,6,0.000,4260.350,1.000,0.311,1.712,0.961,0.278,0.108,0.136,0.864,0.650,0.000
1866,74.640,2.828,2.236,-1.644,-0.764,2,1,1,300.413,0.437,6,1,0.724,6,0.000,4024.559,1.000,0.311,1.321,0.955,0.195,0.244,0.133,0.867,0.632,0.750
1868,74.720,1.414,4.123,-1.414,1.887,2,1,1,297.437,0.627,6,0,0.724,6,0.000,3745.539,1.000,0.298,1.034,0.938,0.157,0.920,0.115,0.885,0.633,0.000
1870,74.800,2.236,8.062,0.822,3.939,2,1,1,291.755,0.652,6,0,0.759,6,0.000,3430.244,1.000,0.298,0.854,0.875,0.129,0.346,0.112,0.888,0.655,0.000
1872,74.880,0.000,4.000,-2.236,-4.062,2,1,1,287.793,0.745,6,0,0.759,6,18.682,3207.609,1.000,0.298,0.624,0.344,0.152,1.142,0.092,0.908,0.664,0.480
1874,74.960,2.000,5.099,2.000,1.099,2,1,1,284.965,0.792,5,1,0.724,6,0.000,3257.895,1.000,0.298,0.877,0.887,0.075,1.197,0.119,0.881,0.638,0.750
1876,75.040,2.828,10.000,0.828,4.901,2,1,1,277.354,0.661,6,1,0.690,6,0.000,3178.880,1.000,0.298,1.535,0.949,0.056,0.037,0.141,0.859,0.678,0.750
1878,75.120,2.236,10.198,-0.592,0.198,2,1,1,269.295,0.661,6,0,0.690,5,60.539,3221.884,1.000,0.311,0.990,0.957,0.086,0.286,0.126,0.874,0.634,0.000
1880,75.200,0.000,4.243,-2.236,-5.955,2,1,1,265.876,0.664,5,1,0.655,4,214.401,3415.790,1.000,0.311,0.528,0.852,0.258,1.531,0.089,0.911,0.591,0.750
1882,75.280,1.414,4.123,1.414,-0.120,2,1,1,262.619,0.750,5,0,0.690,4,211.747,3578.378,1.000,0.311,0.525,0.769,0.544,0.024,0.084,0.916,0.596,0.750
1884,75.360,0.000,1.000,-1.414,-3.123,2,1,1,261.630,0.476,5,0,0.690,6,0.000,4033.179,1.000,0.311,0.424,0.745,0.838,1.631,0.080,0.920,0.614,0.580
1886,75.440,0.000,5.099,0.000,4.099,2,1,1,261.962,0.554,6,1,0.655,6,45.607,3739.947,1.000,0.311,0.301,0.302,1.075,2.999,0.042,0.958,0.665,0.750
1888,75.520,1.000,2.828,1.000,-2.271,2,1,1,263.205,0.737,6,0,0.690,6,48.010,3302.154,1.000,0.311,0.421,0.057,1.261,0.851,0.057,0.943,0.672,0.000
1890,75.600,0.000,7.810,-1.000,4.982,2,1,1,269.833,0.723,7,0,0.690,6,40.719,3436.604,1.000,0.311,0.377,0.234,1.356,0.383,0.058,0.942,0.661,0.000
1892,75.680,2.828,8.062,2.828,0.252,2,1,1,275.697,0.721,7,0,0.690,6,0.000,2933.275,1.000,0.311,0.836,0.918,1.409,0.483,0.121,0.879,0.626,0.700
1894,75.760,5.385,5.000,2.557,-3.062,2,1,1,273.724,0.957,7,0,0.724,6,0.000,2620.465,1.000,0.311,1.882,0.946,1.460,0.218,0.146,0.854,0.635,0.700
1896,75.840,7.071,6.403,1.686,1.403,2,1,1,264.851,0.968,8,1,0.724,6,43.738,2554.415,1.000,0.311,3.230,0.937,1.430,0.062,0.159,0.841,0.659,0.750
1898,75.920,3.606,8.485,-3.466,2.082,2,1,1,255.314,0.914,8,0,0.759,6,38.079,3025.379,1.000,0.311,2.123,0.947,1.258,0.196,0.149,0.851,0.639,0.350
1900,76.000,1.000,6.325,-2.606,-2.161,2,1,1,253.428,0.942,8,0,0.759,6,0.000,3237.964,1.000,0.311,0.991,0.877,1.169,1.616,0.125,0.875,0.604,0.550
1902,76.080,0.000,8.062,-1.000,1.738,2,1,1,259.856,0.892,8,0,0.759,6,61.400,2502.877,1.000,0.298,0.357,0.233,1.253,2.921,0.053,0.947,0.642,0.550
1904,76.160,2.236,12.207,2.236,4.144,2,1,1,269.416,0.890,8,0,0.759,6,31.906,2638.910,1.000,0.298,0.922,0.856,1.165,0.269,0.115,0.885,0.636,0.000
1906,76.240,2.236,5.000,0.000,-7.207,2,1,1,265.814,1.141,8,0,0.759,6,0.000,2615.754,1.000,0.298,0.842,0.884,1.032,0.763,0.104,0.896,0.592,0.350
1908,76.320,2.828,7.280,0.592,2.280,2,1,1,260.849,1.234,7,1,0.724,6,41.677,2692.925,1.000,0.298,1.056,0.903,1.043,0.475,0.131,0.869,0.628,0.750
1910,76.400,1.000,8.944,-1.828,1.664,2,1,1,252.343,1.066,7,0,0.724,6,0.000,2741.787,1.000,0.298,0.931,0.895,0.910,0.101,0.118,0.882,0.635,0.350
1912,76.480,1.000,5.000,0.000,-3.944,2,1,1,257.031,1.236,7,0,0.724,6,51.614,2827.794,1.000,0.298,0.424,0.184,0.706,1.326,0.047,0.953,0.650,0.550
1914,76.560,1.414,10.630,0.414,5.630,2,1,1,263.712,1.419,6,0,0.724,5,83.241,3361.400,1.000,0.311,0.526,0.533,0.555,0.637,0.065,0.935,0.655,0.350
1916,76.640,2.828,10.000,1.414,-0.630,2,1,1,260.500,1.521,6,0,0.724,5,38.013,3491.334,1.000,0.311,1.240,0.879,0.366,0.865,0.126,0.874,0.645,0.350
1918,76.720,1.000,7.616,-1.828,-2.384,2,1,1,253.860,1.415,6,0,0.759,5,46.519,3615.714,1.000,0.311,1.021,0.762,0.019,0.178,0.107,0.893,0.635,0.350
1920,76.800,1.414,2.000,0.414,-5.616,2,1,1,254.702,1.520,8,1,0.724,6,0.000,3870.257,1.000,0.311,0.567,0.707,0.273,0.071,0.086,0.914,0.581,0.750
1922,76.880,0.000,5.099,-1.414,3.099,2,1,1,259.509,1.392,9,1,0.690,6,58.600,3699.627,1.000,0.311,0.320,0.320,0.482,1.975,0.038,0.962,0.604,0.750
1924,76.960,1.000,0.000,1.000,-5.099,2,1,1,259.372,1.571,9,0,0.724,6,69.893,3606.044,1.000,0.311,0.689,0.859,0.649,0.686,0.101,0.899,0.553,0.350
1926,77.040,1.000,2.828,0.000,2.828,2,1,1,257.529,1.461,7,1,0.690,6,20.025,3128.237,1.000,0.311,0.617,0.832,0.407,0.144,0.091,0.909,0.597,0.750
1928,77.120,0.000,2.000,-1.000,-0.828,2,1,1,255.548,1.414,6,1,0.655,6,0.000,3001.574,1.000,0.311,0.511,0.828,0.163,0.146,0.088,0.912,0.616,0.750
1930,77.200,1.414,2.828,1.414,0.828,2,1,1,258.118,1.396,7,1,0.621,6,49.930,2864.669,1.000,0.311,0.453,0.860,0.378,1.083,0.074,0.926,0.591,0.750
1932,77.280,1.414,2.236,0.000,-0.592,2,1,1,259.977,1.222,7,0,0.655,6,54.120,2783.310,1.000,0.311,0.578,0.713,0.436,0.092,0.079,0.921,0.601,0.350
1934,77.360,0.000,5.000,-1.414,2.764,2,1,1,263.471,1.474,7,0,0.690,6,63.702,2875.544,1.000,0.311,0.659,0.548,0.389,0.608,0.074,0.926,0.630,0.350
1936,77.440,1.000,3.162,1.000,-1.838,2,1,1,265.036,1.199,7,0,0.690,6,49.477,2898.515,1.000,0.311,0.344,0.413,0.415,0.292,0.051,0.949,0.622,0.350
1938,77.520,1.000,2.828,0.000,-0.334,2,1,1,263.213,1.571,7,0,0.724,6,39.962,3102.457,1.000,0.298,0.424,0.190,0.404,1.471,0.043,0.957,0.637,0.550
1940,77.600,0.000,5.000,-1.000,2.172,2,1,1,258.805,1.571,7,0,0.724,6,39.812,3069.497,1.000,0.298,0.395,0.218,0.462,2.057,0.063,0.937,0.647,0.550
1942,77.680,1.000,2.828,1.000,-2.172,2,1,1,256.400,2.356,6,1,0.690,6,0.000,3140.274,1.000,0.298,0.358,0.518,0.547,0.097,0.057,0.943,0.638,0.750
1944,77.760,0.000,8.485,-1.000,5.657,2,1,1,263.213,2.356,7,1,0.690,6,44.721,3330.964,1.000,0.298,0.844,0.388,0.541,1.091,0.079,0.921,0.665,0.750
1946,77.840,1.000,7.000,1.000,-1.485,2,1,1,264.214,2.356,7,0,0.690,6,29.069,3152.744,1.000,0.298,0.594,0.862,0.526,1.007,0.092,0.908,0.618,0.350
1948,77.920,2.000,6.083,1.000,-0.917,2,1,1,260.461,2.356,7,0,0.690,6,47.802,3204.914,1.000,0.298,0.944,0.885,0.680,0.514,0.110,0.890,0.620,0.350
1950,78.000,1.000,6.403,-1.000,0.320,2,1,1,256.129,2.094,5,1,0.655,5,33.106,3187.249,1.000,0.311,0.677,0.622,0.759,0.379,0.082,0.918,0.659,0.750
1952,78.080,1.000,3.606,0.000,-2.798,2,1,1,253.397,1.571,5,0,0.655,5,42.012,3189.938,1.000,0.311,0.428,0.330,0.778,1.169,0.056,0.944,0.658,0.350
1954,78.160,0.000,3.162,-1.000,-0.443,2,1,1,256.531,1.444,5,0,0.690,5,41.195,3166.144,1.000,0.311,0.480,0.473,0.697,1.083,0.071,0.929,0.646,0.350
1956,78.240,1.414,12.083,1.414,8.921,2,1,1,267.110,1.278,8,1,0.655,6,80.156,3038.569,1.000,0.311,0.892,0.727,0.631,0.419,0.102,0.898,0.644,0.750
1958,78.320,0.000,7.211,-1.414,-4.872,2,1,1,272.250,1.330,8,0,0.655,6,26.870,3111.237,1.000,0.311,0.514,0.764,0.619,1.330,0.068,0.932,0.604,0.550
1960,78.400,0.000,5.385,0.000,-1.826,2,1,1,266.940,1.255,8,0,0.655,6,31.828,2668.769,1.000,0.311,0.523,0.614,0.587,0.089,0.066,0.934,0.605,0.350
1962,78.480,1.000,6.325,1.000,0.939,2,1,1,260.450,1.164,5,1,0.621,5,48.104,2767.887,1.000,0.311,0.523,0.470,0.441,0.529,0.066,0.934,0.665,0.750
1964,78.560,0.000,6.325,-1.000,0.000,2,1,1,261.262,1.185,5,0,0.621,5,21.840,2793.159,1.000,0.311,0.326,0.609,0.534,2.821,0.055,0.945,0.651,0.550
1966,78.640,0.000,7.280,0.000,0.956,2,1,1,267.808,1.242,5,0,0.655,5,70.000,3273.267,1.000,0.311,0.333,0.345,0.564,1.596,0.038,0.962,0.675,0.550
1968,78.720,0.000,2.236,0.000,-5.044,2,1,1,269.948,1.128,6,1,0.621,6,48.104,3312.819,1.000,0.311,0.421,0.070,0.419,1.005,0.065,0.935,0.668,0.750
1970,78.800,1.000,9.000,1.000,6.764,2,1,1,261.262,1.153,6,0,0.621,6,18.974,3266.814,1.000,0.311,0.402,0.316,0.279,1.186,0.060,0.940,0.688,0.350
1972,78.880,1.414,8.944,0.414,-0.056,2,1,1,251.531,2.356,6,0,0.621,6,20.100,3103.319,1.000,0.311,0.406,0.310,0.140,0.852,0.049,0.951,0.688,0.350
1974,78.960,1.414,8.062,0.000,-0.882,2,1,1,257.955,1.514,8,1,0.586,6,43.600,2742.309,1.000,0.311,1.055,0.793,0.107,0.131,0.110,0.890,0.621,0.750
1976,79.040,4.123,21.095,2.709,13.033,2,1,1,274.876,1.249,8,0,0.586,6,35.903,2551.905,1.000,0.311,2.593,0.865,0.132,0.005,0.145,0.855,0.727,0.350
1978,79.120,4.472,9.434,0.349,-11.661,2,1,1,279.331,1.300,8,0,0.621,6,0.000,2932.348,1.000,0.311,2.348,0.825,0.761,0.037,0.146,0.854,0.658,0.350
1980,79.200,2.828,14.000,-1.644,4.566,2,1,1,263.230,1.426,8,1,0.621,6,43.417,2990.694,1.000,0.311,1.629,0.603,1.374,0.268,0.129,0.871,0.681,0.750
1982,79.280,2.000,13.153,-0.828,-0.847,2,1,1,248.115,1.324,8,0,0.621,6,38.949,2466.868,1.000,0.311,1.521,0.683,1.668,0.092,0.116,0.884,0.668,0.700
1984,79.360,3.000,5.831,1.000,-7.322,2,1,1,239.708,1.280,7,1,0.621,6,0.000,2819.545,1.000,0.311,1.340,0.769,2.129,0.192,0.118,0.882,0.636,0.750
1986,79.440,3.000,3.000,0.000,-2.831,2,1,1,239.708,1.270,8,1,0.621,6,0.000,2267.525,1.000,0.298,1.113,0.908,2.576,0.135,0.109,0.891,0.586,0.750
1988,79.520,2.000,2.000,-1.000,-1.000,2,1,1,242.033,1.212,8,0,0.655,6,0.000,2164.364,1.000,0.298,0.570,0.927,2.289,0.062,0.087,0.913,0.565,0.700
1990,79.600,1.000,3.162,-1.000,1.162,2,1,1,244.984,0.867,8,0,0.655,6,0.000,2034.668,1.000,0.298,0.271,0.571,2.308,0.317,0.043,0.957,0.589,0.700
1992,79.680,2.000,1.000,1.000,-2.162,2,1,1,245.165,1.147,6,1,0.621,6,0.000,1966.840,1.000,0.298,0.420,0.726,2.220,1.212,0.076,0.924,0.621,0.750
1994,79.760,1.414,1.414,-0.586,0.414,2,1,1,245.165,1.218,6,0,0.621,6,0.000,1997.969,1.000,0.298,0.725,0.720,2.197,0.061,0.095,0.905,0.626,0.700
1996,79.840,1.000,3.162,-0.414,1.748,2,1,1,241.050,1.473,6,0,0.621,6,0.000,2010.969,1.000,0.298,0.567,0.717,2.356,0.008,0.081,0.919,0.632,0.700
1998,79.920,3.162,2.000,2.162,-1.162,2,1,1,242.992,1.611,7,1,0.586,6,0.000,2367.868,1.000,0.298,0.389,0.622,2.430,0.105,0.058,0.942,0.608,0.750
2000,80.000,1.000,1.414,-2.162,-0.586,2,1,1,245.153,1.767,7,0,0.621,6,0.000,2388.338,1.000,0.298,0.558,0.767,2.419,2.324,0.083,0.917,0.592,0.700
2002,80.080,1.414,2.236,0.414,0.822,2,1,1,243.772,1.865,7,0,0.655,6,0.000,2436.369,1.000,0.298,0.732,0.836,2.474,0.388,0.099,0.901,0.596,0.700
2004,80.160,4.123,10.050,2.709,7.814,2,1,1,237.497,1.737,7,1,0.621,6,24.083,2492.194,1.000,0.298,1.842,0.925,2.607,0.302,0.139,0.861,0.661,0.750
2006,80.240,10.198,17.000,6.075,6.950,2,1,1,230.243,1.350,7,0,0.621,6,55.154,2806.104,1.000,0.298,4.061,0.943,2.466,0.076,0.148,0.852,0.754,0.700
2008,80.320,14.560,12.207,4.362,-4.793,2,1,1,232.355,0.978,7,0,0.655,6,0.000,2611.744,1.000,0.298,5.370,0.922,0.916,0.003,0.153,0.847,0.775,0.350
2010,80.400,33.242,31.401,18.681,19.194,2,1,1,279.145,1.115,6,1,0.621,6,8.000,2677.489,1.000,0.298,4.574,0.801,0.892,0.100,0.145,0.855,0.893,0.750
2012,80.480,36.770,47.170,3.528,15.769,2,1,1,350.179,1.068,6,0,0.621,6,0.000,3115.459,1.000,0.298,3.088,0.869,1.040,0.485,0.148,0.852,0.916,0.350
2014,80.560,0.000,44.598,0.000,-2.572,1,0,1,0.000,0.866,6,0,0.655,4,0.000,3523.954,1.000,0.311,3.780,0.759,1.072,0.645,0.160,0.840,0.829,0.650
2016,80.640,0.000,29.069,0.000,-15.529,1,0,1,0.000,0.771,6,1,0.621,5,0.000,3523.954,1.000,0.311,4.230,0.752,1.224,0.224,0.180,0.820,0.785,0.750
2018,80.720,0.000,15.133,0.000,-13.936,1,0,1,0.000,0.491,6,0,0.621,5,0.000,3523.954,1.000,0.311,4.384,0.559,1.492,0.438,0.253,0.747,0.724,0.700
2020,80.800,0.000,18.028,0.000,2.895,1,0,1,0.000,0.665,6,0,0.655,5,0.000,3523.954,1.000,0.311,3.994,0.529,1.846,0.315,0.257,0.743,0.733,0.700
2022,80.880,0.000,0.000,0.000,0.000,0,0,0,0.000,0.000,6,1,0.621,0,0.000,3523.954,0.967,0.311,3.190,0.390,2.173,2.667,0.236,0.764,0.338,0.750
2024,80.960,0.000,0.000,0.000,0.000,0,0,0,0.000,0.000,6,0,0.621,0,0.000,3523.954,0.933,0.311,2.700,0.850,2.418,2.584,0.166,0.834,0.290,0.700
2026,81.040,0.000,0.000,0.000,0.000,0,0,0,0.000,0.000,6,0,0.655,0,0.000,3523.954,0.900,0.311,2.436,0.592,2.622,1.145,0.436,0.564,0.297,0.700
2028,81.120,0.000,0.000,0.000,0.000,0,0,0,0.000,0.000,4,1,0.621,0,0.000,3523.954,0.867,0.311,0.328,0.282,2.822,0.496,0.062,0.938,0.262,0.750
2030,81.200,0.000,0.000,0.000,0.000,0,0,0,0.000,0.000,4,0,0.621,0,0.000,3523.954,0.833,0.311,1.611,0.305,2.812,0.564,0.175,0.825,0.289,0.700
2032,81.280,0.000,0.000,0.000,0.000,0,0,0,0.000,0.000,4,0,0.655,0,0.000,3523.954,0.800,0.311,2.007,0.488,2.930,0.616,0.093,0.907,0.282,0.700
2034,81.360,0.000,0.000,0.000,0.000,0,0,0,0.000,0.000,4,0,0.655,0,0.000,3523.954,0.767,0.311,1.646,0.501,3.085,0.143,0.081,0.919,0.268,0.700
2036,81.440,0.000,83.600,0.000,65.572,1,0,1,0.000,0.661,4,0,0.655,3,66.468,3766.688,0.767,0.221,1.098,0.635,2.875,0.247,0.078,0.922,0.760,0.700
2038,81.520,0.000,3.162,0.000,-80.438,1,0,1,0.000,0.726,4,0,0.690,3,14.142,3625.375,0.767,0.221,1.267,0.742,1.817,0.128,0.109,0.891,0.524,0.700
2040,81.600,0.000,3.000,0.000,-0.162,1,0,1,0.000,0.531,4,0,0.690,3,24.413,3421.337,0.767,0.230,1.074,0.333,0.915,0.243,0.053,0.947,0.547,0.580
2042,81.680,0.000,1.000,0.000,-2.000,1,0,1,0.000,0.519,4,0,0.724,3,13.601,3536.907,0.767,0.230,0.567,0.601,0.529,0.425,0.038,0.962,0.505,0.580
2044,81.760,0.000,2.828,0.000,1.828,1,0,1,0.000,0.583,4,0,0.759,3,1.000,3641.434,0.767,0.238,0.593,0.616,0.351,0.482,0.041,0.959,0.514,0.580
2046,81.840,0.000,3.606,0.000,0.777,1,0,1,0.000,0.605,4,0,0.759,3,5.831,3724.238,0.767,0.238,0.464,0.592,0.118,0.130,0.037,0.963,0.517,0.000
2048,81.920,0.000,5.657,0.000,2.051,1,0,1,0.000,0.557,4,0,0.759,3,5.000,3777.347,0.767,0.247,0.869,0.779,0.141,0.069,0.044,0.956,0.526,0.000
2050,82.000,0.000,5.831,0.000,0.174,1,0,1,0.000,0.368,4,0,0.793,3,30.232,3346.979,0.767,0.247,1.650,0.608,0.403,0.097,0.085,0.915,0.558,0.000
2052,82.080,0.000,5.000,0.000,-0.831,1,0,1,0.000,0.408,4,0,0.793,3,2.236,2690.314,0.767,0.255,1.581,0.599,0.637,0.117,0.058,0.942,0.552,0.000
2054,82.160,0.000,12.000,0.000,7.000,1,0,1,0.000,0.347,4,0,0.793,3,10.296,2656.609,0.767,0.255,2.191,0.538,0.842,0.739,0.081,0.919,0.611,0.000
