frame_idx,timestamp,hand_velocity_left,hand_velocity_right,hand_acceleration_left,hand_acceleration_right,hands_present,grip_state_left,grip_state_right,hand_distance,trajectory_curvature,num_tools,tool_changed,tool_stability,num_interactions,contact_point_shift,contact_point_variance,interaction_density,interaction_rhythm,flow_magnitude,flow_uniformity,flow_discontinuity,direction_change,scene_change_score,visual_stability,activity_level,transition_score
0,0.000,0.000,0.000,0.000,0.000,0,0,0,0.000,0.000,3,0,1.000,0,0.000,0.000,0.000,0.000,0.000,1.000,0.000,0.000,0.000,1.000,0.100,0.000
3,0.100,0.000,0.000,0.000,0.000,0,0,0,0.000,0.000,4,1,0.000,0,0.000,0.000,0.000,0.000,1.628,0.917,0.000,1.201,0.121,0.879,0.146,0.750
6,0.200,0.000,0.000,0.000,0.000,0,0,0,0.000,0.000,4,0,0.500,0,0.000,0.000,0.000,0.000,2.437,0.848,0.000,0.656,0.168,0.832,0.172,0.000
9,0.300,0.000,0.000,0.000,0.000,0,0,0,0.000,0.000,4,0,0.667,0,0.000,0.000,0.000,0.000,1.133,0.861,0.000,0.082,0.128,0.872,0.138,0.000
12,0.400,0.000,0.000,0.000,0.000,0,0,0,0.000,0.000,4,0,0.750,0,0.000,0.000,0.000,0.000,1.053,0.271,0.000,0.779,0.108,0.892,0.177,0.480
15,0.500,0.000,0.000,0.000,0.000,0,0,0,0.000,0.000,4,0,0.800,0,0.000,0.000,0.000,0.000,2.739,0.914,0.000,0.516,0.185,0.815,0.174,0.000
18,0.600,0.000,0.000,0.000,0.000,0,0,0,0.000,0.000,4,0,0.833,0,0.000,0.000,0.000,0.000,1.460,0.690,0.000,0.398,0.114,0.886,0.158,0.000
21,0.700,0.000,0.000,0.000,0.000,0,0,0,0.000,0.000,4,0,0.857,0,0.000,0.000,0.000,0.000,0.742,0.249,0.000,1.096,0.096,0.904,0.171,0.480
24,0.800,0.000,0.000,0.000,0.000,0,0,0,0.000,0.000,4,0,0.875,0,0.000,0.000,0.000,0.000,1.984,0.916,0.000,0.873,0.170,0.830,0.155,0.000
27,0.900,0.000,0.000,0.000,0.000,0,0,0,0.000,0.000,6,1,0.778,0,0.000,0.000,0.000,0.000,1.588,0.842,0.000,0.599,0.150,0.850,0.151,0.750
30,1.000,0.000,0.000,0.000,0.000,0,0,0,0.000,0.000,6,0,0.800,0,0.000,0.000,0.000,0.000,1.433,0.700,0.000,0.652,0.121,0.879,0.157,0.000
33,1.100,0.000,0.000,0.000,0.000,0,0,0,0.000,0.000,6,0,0.818,0,0.000,0.000,0.000,0.000,0.889,0.876,0.000,0.470,0.114,0.886,0.131,0.000
36,1.200,0.000,0.000,0.000,0.000,0,0,0,0.000,0.000,5,1,0.750,0,0.000,0.000,0.000,0.000,1.419,0.887,0.000,0.555,0.152,0.848,0.143,0.750
39,1.300,0.000,0.000,0.000,0.000,0,0,0,0.000,0.000,5,0,0.769,0,0.000,0.000,0.000,0.000,0.751,0.802,0.000,1.006,0.105,0.895,0.133,0.000
42,1.400,0.000,0.000,0.000,0.000,0,0,0,0.000,0.000,5,0,0.786,0,0.000,0.000,0.000,0.000,1.227,0.925,0.000,1.039,0.114,0.886,0.136,0.000
45,1.500,0.000,0.000,0.000,0.000,0,0,0,0.000,0.000,5,0,0.800,0,0.000,0.000,0.000,0.000,1.739,0.859,0.000,0.394,0.149,0.851,0.153,0.000
48,1.600,0.000,0.000,0.000,0.000,0,0,0,0.000,0.000,5,0,0.812,0,0.000,0.000,0.000,0.000,0.459,0.520,0.000,2.773,0.045,0.955,0.145,0.550
51,1.700,0.000,0.000,0.000,0.000,0,0,0,0.000,0.000,5,0,0.824,0,0.000,0.000,0.000,0.000,1.738,0.808,0.000,2.469,0.104,0.896,0.157,0.550
54,1.800,0.000,0.000,0.000,0.000,0,0,0,0.000,0.000,4,1,0.778,0,0.000,0.000,0.000,0.000,1.286,0.868,0.000,0.808,0.115,0.885,0.141,0.750
57,1.900,0.000,0.000,0.000,0.000,0,0,0,0.000,0.000,4,0,0.789,0,0.000,0.000,0.000,0.000,1.307,0.670,0.000,0.228,0.105,0.895,0.156,0.000
60,2.000,0.000,0.000,0.000,0.000,0,0,0,0.000,0.000,4,0,0.800,0,0.000,0.000,0.000,0.000,0.799,0.735,0.000,0.004,0.094,0.906,0.139,0.000
63,2.100,0.000,0.000,0.000,0.000,0,0,0,0.000,0.000,5,1,0.762,0,0.000,0.000,0.000,0.000,1.845,0.956,0.000,1.269,0.165,0.835,0.149,0.750
66,2.200,0.000,0.000,0.000,0.000,0,0,0,0.000,0.000,5,0,0.773,0,0.000,0.000,0.000,0.000,1.401,0.947,0.000,0.328,0.154,0.846,0.139,0.000
69,2.300,0.000,0.000,0.000,0.000,0,0,0,0.000,0.000,5,0,0.783,0,0.000,0.000,0.000,0.000,1.255,0.602,0.000,1.886,0.098,0.902,0.159,0.550
72,2.400,0.000,0.000,0.000,0.000,0,0,0,0.000,0.000,6,1,0.750,0,0.000,0.000,0.000,0.000,1.016,0.611,0.000,2.089,0.122,0.878,0.153,0.750
75,2.500,0.000,0.000,0.000,0.000,0,0,0,0.000,0.000,6,0,0.760,0,0.000,0.000,0.000,0.000,1.035,0.964,0.000,1.377,0.135,0.865,0.128,0.550
78,2.600,0.000,0.000,0.000,0.000,0,0,0,0.000,0.000,6,0,0.769,0,0.000,0.000,0.000,0.000,1.112,0.741,0.000,1.929,0.118,0.882,0.146,0.550
81,2.700,0.000,0.000,0.000,0.000,0,0,0,0.000,0.000,5,1,0.741,0,0.000,0.000,0.000,0.000,1.183,0.874,0.000,1.087,0.127,0.873,0.138,0.750
84,2.800,0.000,0.000,0.000,0.000,0,0,0,0.000,0.000,5,0,0.750,0,0.000,0.000,0.000,0.000,1.539,0.844,0.000,1.609,0.187,0.813,0.149,0.550
87,2.900,0.000,0.000,0.000,0.000,0,0,0,0.000,0.000,5,0,0.759,0,0.000,0.000,0.000,0.000,1.484,0.831,0.000,1.723,0.160,0.840,0.149,0.550
90,3.000,0.000,0.000,0.000,0.000,0,0,0,0.000,0.000,5,0,0.793,0,0.000,0.000,0.000,0.000,1.335,0.870,0.000,0.333,0.152,0.848,0.142,0.000
93,3.100,0.000,0.000,0.000,0.000,0,0,0,0.000,0.000,5,0,0.793,0,0.000,0.000,0.000,0.000,0.824,0.810,0.410,0.271,0.115,0.885,0.134,0.000
96,3.200,0.000,0.000,0.000,0.000,0,0,0,0.000,0.000,5,0,0.793,0,0.000,0.000,0.000,0.000,1.106,0.836,0.207,0.226,0.128,0.872,0.139,0.000
99,3.300,0.000,0.000,0.000,0.000,0,0,0,0.000,0.000,5,0,0.793,0,0.000,0.000,0.000,0.000,0.861,0.706,0.220,1.909,0.116,0.884,0.142,0.550
102,3.400,0.000,0.000,0.000,0.000,0,0,0,0.000,0.000,5,0,0.793,0,0.000,0.000,0.000,0.000,1.647,0.781,0.291,1.177,0.122,0.878,0.156,0.000
105,3.500,0.000,0.000,0.000,0.000,0,0,0,0.000,0.000,5,0,0.793,0,0.000,0.000,0.000,0.000,1.492,0.883,0.284,0.814,0.156,0.844,0.145,0.000
108,3.600,0.000,0.000,0.000,0.000,0,0,0,0.000,0.000,5,0,0.793,0,0.000,0.000,0.000,0.000,1.034,0.833,0.049,0.162,0.132,0.868,0.138,0.000
111,3.700,0.000,0.000,0.000,0.000,0,0,0,0.000,0.000,5,0,0.793,0,0.000,0.000,0.000,0.000,0.901,0.798,0.131,2.720,0.116,0.884,0.137,0.550
114,3.800,0.000,0.000,0.000,0.000,0,0,0,0.000,0.000,5,0,0.828,0,0.000,0.000,0.000,0.000,1.402,0.635,0.321,2.140,0.114,0.886,0.161,0.550
117,3.900,0.000,0.000,0.000,0.000,0,0,0,0.000,0.000,5,0,0.828,0,0.000,0.000,0.000,0.000,1.824,0.944,0.201,0.711,0.178,0.822,0.150,0.000
120,4.000,0.000,0.000,0.000,0.000,0,0,0,0.000,0.000,5,0,0.828,0,0.000,0.000,0.000,0.000,4.230,0.882,0.037,0.078,0.226,0.774,0.214,0.000
123,4.100,0.000,0.000,0.000,0.000,0,0,0,0.000,0.000,5,0,0.862,0,0.000,0.000,0.000,0.000,6.777,0.859,0.666,0.043,0.243,0.757,0.279,0.000
126,4.200,0.000,0.000,0.000,0.000,0,0,0,0.000,0.000,5,1,0.828,0,0.000,0.000,0.000,0.000,10.237,0.950,1.657,0.106,0.261,0.739,0.304,0.750
129,4.300,0.000,0.000,0.000,0.000,0,0,0,0.000,0.000,5,0,0.828,0,0.000,0.000,0.000,0.000,14.370,0.804,3.353,0.063,0.268,0.732,0.314,0.700
132,4.400,0.000,0.000,0.000,0.000,0,0,0,0.000,0.000,5,0,0.828,0,0.000,0.000,0.000,0.000,14.657,0.489,5.738,0.158,0.258,0.742,0.336,0.700
135,4.500,0.000,0.000,0.000,0.000,1,0,0,0.000,0.000,3,1,0.793,2,0.000,0.000,0.033,0.000,13.745,0.460,8.070,0.302,0.255,0.745,0.412,0.750
138,4.600,91.000,0.000,91.000,0.000,1,0,0,0.000,0.000,3,0,0.793,2,0.000,114.250,0.067,0.414,15.664,0.585,11.092,0.180,0.235,0.765,0.657,0.700
141,4.700,60.926,0.000,-30.074,0.000,1,0,0,0.000,0.000,3,0,0.828,2,21.095,480.403,0.100,0.449,13.394,0.445,16.265,0.019,0.236,0.764,0.671,0.700
144,4.800,25.179,0.000,-35.747,0.000,1,0,0,0.000,1.856,4,1,0.793,3,0.000,518.023,0.133,0.436,13.936,0.604,21.059,0.222,0.224,0.776,0.669,0.750
147,4.900,23.854,0.000,-1.326,0.000,1,0,0,0.000,1.157,4,0,0.793,3,30.067,581.425,0.167,0.431,13.418,0.687,23.114,0.191,0.233,0.767,0.659,0.700
150,5.000,0.000,0.000,0.000,0.000,1,0,0,0.000,0.000,4,0,0.828,3,6.403,584.264,0.200,0.427,12.340,0.930,24.099,0.011,0.226,0.774,0.514,0.700
153,5.100,0.000,7.616,0.000,7.616,1,0,0,0.000,0.000,3,1,0.793,2,9.434,608.186,0.233,0.436,4.289,0.847,27.933,0.065,0.206,0.794,0.358,0.750
156,5.200,0.000,13.601,0.000,5.986,1,0,0,0.000,0.000,3,0,0.793,2,0.000,609.670,0.267,0.444,3.963,0.688,33.500,2.286,0.205,0.795,0.398,0.700
159,5.300,33.136,0.000,9.282,0.000,1,0,0,0.000,0.993,3,0,0.828,2,23.431,600.179,0.300,0.449,7.493,0.819,33.480,0.045,0.230,0.770,0.590,0.700
162,5.400,1.000,0.000,-32.136,0.000,1,1,0,0.000,1.115,4,1,0.793,3,20.125,624.834,0.333,0.445,9.161,0.738,34.344,0.489,0.236,0.764,0.629,0.750
165,5.500,0.000,42.059,0.000,28.458,1,0,0,0.000,1.256,4,0,0.793,3,0.000,476.944,0.367,0.442,11.921,0.855,31.390,0.035,0.238,0.762,0.773,0.700
168,5.600,74.632,0.000,73.632,0.000,1,1,0,0.000,0.955,4,0,0.828,3,21.541,287.374,0.400,0.439,11.542,0.781,12.045,0.006,0.240,0.760,0.878,0.700
171,5.700,17.464,0.000,-57.168,0.000,1,1,0,0.000,1.071,3,1,0.793,2,35.355,326.457,0.433,0.443,10.966,0.648,6.183,0.150,0.235,0.765,0.624,0.750
174,5.800,5.385,0.000,-12.079,0.000,1,1,0,0.000,1.055,3,0,0.793,2,45.277,393.515,0.467,0.446,10.455,0.883,3.465,0.090,0.222,0.778,0.544,0.700
177,5.900,7.000,0.000,1.615,0.000,1,1,0,0.000,1.072,3,0,0.793,2,39.205,416.124,0.500,0.449,9.029,0.736,1.998,0.057,0.221,0.779,0.567,0.700
180,6.000,6.325,0.000,-0.675,0.000,1,1,0,0.000,0.996,3,0,0.793,2,67.082,450.325,0.533,0.452,8.066,0.750,1.372,0.029,0.222,0.778,0.567,0.580
183,6.100,4.123,0.000,-2.201,0.000,1,1,0,0.000,1.261,3,0,0.793,2,61.522,432.788,0.567,0.455,6.644,0.848,1.018,0.172,0.216,0.784,0.518,0.580
186,6.200,2.236,0.000,-1.887,0.000,1,1,0,0.000,1.401,3,0,0.793,2,71.113,394.834,0.600,0.457,5.592,0.857,0.655,0.159,0.212,0.788,0.484,0.580
189,6.300,5.099,0.000,2.863,0.000,1,1,0,0.000,1.526,4,1,0.759,3,61.741,343.965,0.633,0.454,5.054,0.857,0.414,0.514,0.212,0.788,0.606,0.750
192,6.400,7.810,0.000,2.711,0.000,1,1,0,0.000,1.599,4,0,0.759,3,86.977,414.138,0.667,0.452,4.755,0.779,0.165,0.181,0.212,0.788,0.623,0.350
195,6.500,0.000,54.562,0.000,12.502,1,0,0,0.000,1.146,4,0,0.759,3,73.593,523.788,0.700,0.449,5.768,0.510,0.066,1.611,0.204,0.796,0.798,0.550
198,6.600,43.600,0.000,35.790,0.000,1,1,0,0.000,1.581,4,0,0.759,3,0.000,1241.310,0.733,0.448,6.620,0.548,0.277,1.480,0.204,0.796,0.892,0.550
201,6.700,40.012,0.000,-3.588,0.000,1,1,0,0.000,1.544,4,0,0.759,3,205.105,1913.770,0.767,0.446,6.655,0.430,0.302,0.577,0.193,0.807,0.886,0.750
204,6.800,28.653,0.000,-11.359,0.000,1,1,0,0.000,1.456,4,0,0.759,3,0.000,2680.899,0.800,0.444,7.464,0.805,0.324,0.515,0.190,0.810,0.820,0.350
207,6.900,28.160,0.000,-0.493,0.000,1,1,0,0.000,1.377,3,1,0.724,2,28.160,2790.648,0.833,0.444,7.855,0.639,0.444,0.580,0.183,0.817,0.728,0.750
210,7.000,20.809,0.000,-7.352,0.000,1,1,0,0.000,1.146,3,0,0.724,2,0.000,2898.734,0.867,0.444,6.376,0.695,0.646,0.717,0.167,0.833,0.650,0.350
213,7.100,11.705,0.000,-9.104,0.000,1,1,0,0.000,0.998,3,0,0.759,2,0.000,2812.099,0.900,0.444,4.020,0.867,0.946,0.478,0.163,0.837,0.533,0.350
216,7.200,5.000,0.000,-6.705,0.000,1,1,0,0.000,0.760,3,0,0.759,1,5.000,2777.787,0.933,0.453,2.404,0.664,1.226,0.260,0.138,0.862,0.413,0.580
219,7.300,6.083,0.000,1.083,0.000,1,1,0,0.000,0.982,3,0,0.759,2,6.083,2599.788,0.967,0.453,2.306,0.685,1.406,0.386,0.120,0.880,0.479,0.700
222,7.400,3.162,0.000,-2.920,0.000,1,1,0,0.000,0.928,3,0,0.793,2,3.162,2586.740,1.000,0.462,2.021,0.687,1.524,0.281,0.129,0.871,0.460,0.700
225,7.500,3.606,0.000,0.443,0.000,1,1,0,0.000,0.958,3,0,0.793,1,3.606,2267.669,1.000,0.462,1.868,0.513,1.598,0.145,0.126,0.874,0.411,0.700
228,7.600,1.000,0.000,-2.606,0.000,1,1,0,0.000,1.168,3,0,0.793,1,1.000,2200.545,1.000,0.470,1.611,0.547,1.627,0.067,0.114,0.886,0.388,0.700
231,7.700,1.000,0.000,0.000,0.000,1,1,0,0.000,1.287,3,0,0.828,1,1.000,1853.378,1.000,0.479,1.247,0.674,1.649,0.217,0.094,0.906,0.370,0.700
234,7.800,4.123,0.000,3.123,0.000,1,1,0,0.000,1.559,2,1,0.793,1,4.123,1685.704,1.000,0.479,1.021,0.465,1.572,0.163,0.080,0.920,0.426,0.750
237,7.900,5.099,0.000,0.976,0.000,1,1,0,0.000,1.734,3,1,0.759,2,5.099,1376.957,1.000,0.479,1.597,0.698,1.519,0.757,0.072,0.928,0.459,0.750
240,8.000,35.355,0.000,30.256,0.000,1,1,0,0.000,1.816,3,0,0.793,2,0.000,833.237,1.000,0.479,4.352,0.741,1.465,0.624,0.113,0.887,0.693,0.700
243,8.100,37.216,0.000,1.860,0.000,1,1,0,0.000,1.487,3,0,0.793,2,0.000,445.817,1.000,0.479,3.880,0.443,1.440,0.975,0.134,0.866,0.713,0.700
246,8.200,51.662,0.000,14.447,0.000,1,1,0,0.000,1.370,3,0,0.793,2,0.000,904.188,1.000,0.487,3.827,0.298,1.653,1.087,0.134,0.866,0.765,0.700
249,8.300,22.627,0.000,-29.035,0.000,1,1,0,0.000,1.386,3,0,0.828,2,0.000,1332.094,1.000,0.487,1.824,0.418,1.948,2.507,0.076,0.924,0.582,0.700
252,8.400,51.196,0.000,28.568,0.000,1,1,0,0.000,1.188,4,1,0.793,3,51.196,1612.269,1.000,0.487,3.081,0.676,2.108,1.222,0.150,0.850,0.835,0.750
255,8.500,0.000,280.045,0.000,225.483,1,0,0,0.000,1.791,4,0,0.793,3,51.196,1612.269,1.000,0.487,3.792,0.784,2.229,1.547,0.158,0.842,0.765,0.700
258,8.600,20.616,0.000,-30.580,0.000,1,1,0,0.000,1.300,4,0,0.828,3,20.616,1735.575,1.000,0.479,2.551,0.590,2.397,2.244,0.142,0.858,0.692,0.700
261,8.700,36.892,0.000,16.276,0.000,1,1,0,0.000,1.291,3,1,0.793,2,36.892,1990.769,1.000,0.479,5.201,0.822,2.347,0.166,0.176,0.824,0.717,0.750
264,8.800,42.579,0.000,5.688,0.000,1,1,0,0.000,1.381,3,0,0.793,2,42.579,2082.784,1.000,0.479,3.810,0.607,1.940,0.312,0.176,0.824,0.729,0.700
267,8.900,22.804,0.000,-19.776,0.000,1,1,0,0.000,1.362,3,0,0.793,2,0.000,2258.310,1.000,0.479,3.251,0.758,1.657,0.142,0.183,0.817,0.595,0.700
270,9.000,30.150,0.000,7.346,0.000,1,1,0,0.000,1.649,4,1,0.759,3,0.000,2168.949,1.000,0.479,6.166,0.829,1.341,0.356,0.223,0.777,0.819,0.750
273,9.100,13.342,0.000,-16.808,0.000,1,1,0,0.000,1.811,4,0,0.759,3,13.342,2063.318,1.000,0.479,5.044,0.913,0.949,0.084,0.223,0.777,0.691,0.350
276,9.200,53.600,0.000,40.259,0.000,1,1,0,0.000,1.826,4,0,0.793,3,53.600,1989.944,1.000,0.479,3.195,0.744,0.626,0.282,0.178,0.822,0.833,0.450
279,9.300,2.828,0.000,-50.772,0.000,1,1,0,0.000,1.773,5,1,0.759,4,2.828,1797.719,1.000,0.479,4.503,0.856,0.398,0.119,0.214,0.786,0.632,0.750
282,9.400,62.801,0.000,59.973,0.000,1,1,0,0.000,1.644,5,0,0.759,1,2.828,1797.719,1.000,0.479,4.662,0.886,0.165,0.332,0.225,0.775,0.761,0.450
285,9.500,47.011,0.000,-15.791,0.000,1,1,0,0.000,1.620,5,0,0.759,3,31.401,1636.914,1.000,0.479,2.495,0.784,0.008,0.432,0.202,0.798,0.785,0.350
288,9.600,10.198,0.000,-36.813,0.000,1,1,0,0.000,1.398,4,1,0.724,3,10.198,1523.169,1.000,0.479,3.638,0.894,0.004,0.397,0.202,0.798,0.640,0.750
291,9.700,43.566,0.000,33.368,0.000,1,1,0,0.000,1.464,4,0,0.724,2,43.566,1290.709,1.000,0.479,5.170,0.866,0.068,0.122,0.227,0.773,0.821,0.450
294,9.800,0.000,0.000,0.000,0.000,0,0,0,0.000,0.000,4,0,0.759,0,43.566,1290.709,0.967,0.479,2.507,0.335,0.201,0.559,0.136,0.864,0.325,0.650
297,9.900,0.000,176.389,0.000,-103.656,1,0,1,0.000,1.782,4,0,0.759,2,27.659,1223.674,0.967,0.471,2.466,0.683,0.449,0.335,0.189,0.811,0.770,0.650
300,10.000,68.797,0.000,25.231,0.000,1,1,0,0.000,1.515,4,0,0.759,2,22.000,1099.954,0.967,0.471,2.511,0.777,0.799,0.023,0.163,0.837,0.764,0.500
303,10.100,81.320,0.000,12.524,0.000,1,1,0,0.000,1.701,4,0,0.759,3,57.385,1017.094,0.967,0.463,2.984,0.491,1.121,2.965,0.160,0.840,0.841,0.550
306,10.200,0.000,52.773,0.000,-123.616,1,0,1,0.000,1.979,4,0,0.759,3,57.271,975.234,0.967,0.454,2.122,0.274,1.321,2.865,0.142,0.858,0.835,0.550
309,10.300,0.000,23.324,0.000,-29.449,1,0,1,0.000,1.661,4,0,0.759,3,23.324,930.704,0.967,0.437,1.356,0.592,0.782,0.005,0.143,0.857,0.673,0.450
312,10.400,0.000,34.000,0.000,10.676,1,0,1,0.000,1.795,4,0,0.759,3,34.000,926.764,0.967,0.437,1.715,0.692,0.554,0.154,0.142,0.858,0.734,0.350
315,10.500,0.000,29.732,0.000,-4.268,1,0,1,0.000,1.921,3,1,0.724,2,29.732,859.735,0.967,0.437,1.161,0.520,0.411,1.804,0.131,0.869,0.594,0.750
318,10.600,0.000,29.017,0.000,-0.715,1,0,1,0.000,2.007,3,0,0.724,2,29.017,783.435,0.967,0.437,1.099,0.856,0.077,2.702,0.086,0.914,0.565,0.550
321,10.700,0.000,14.866,0.000,-14.151,1,0,1,0.000,2.113,3,0,0.759,2,14.866,681.075,0.967,0.437,1.323,0.514,0.413,1.216,0.103,0.897,0.516,0.350
324,10.800,0.000,27.019,0.000,12.152,1,0,1,0.000,1.992,4,1,0.759,3,27.019,587.614,0.967,0.437,1.516,0.738,0.636,2.118,0.111,0.889,0.687,0.750
327,10.900,0.000,16.553,0.000,-10.466,1,0,1,0.000,2.109,4,0,0.759,3,132.816,922.290,0.967,0.437,0.854,0.538,1.081,1.878,0.092,0.908,0.627,0.738
330,11.000,0.000,12.042,0.000,-4.511,1,0,1,0.000,1.814,4,0,0.759,3,7.071,1190.564,0.967,0.437,0.727,0.206,1.642,0.308,0.086,0.914,0.622,0.700
333,11.100,50.961,0.000,-30.360,0.000,1,1,0,0.000,1.887,4,0,0.759,2,7.071,1190.564,0.967,0.437,0.849,0.648,1.561,0.651,0.114,0.886,0.732,0.700
336,11.200,198.567,0.000,147.607,0.000,1,1,0,0.000,2.109,4,0,0.759,3,0.000,2011.194,0.967,0.428,11.849,0.141,1.712,0.268,0.386,0.614,0.991,0.700
339,11.300,12.806,0.000,-185.761,0.000,1,1,0,0.000,2.004,4,0,0.793,3,76.007,3330.489,0.967,0.428,1.157,0.933,1.332,1.830,0.139,0.861,0.586,0.580
342,11.400,2.236,0.000,-10.570,0.000,1,1,0,0.000,2.014,2,1,0.759,1,20.881,3769.638,0.967,0.437,0.726,0.865,1.541,0.669,0.127,0.873,0.376,0.750
345,11.500,2.236,0.000,0.000,0.000,1,1,0,0.000,1.974,3,1,0.724,1,7.071,4065.919,0.967,0.437,0.845,0.387,1.550,0.338,0.118,0.882,0.382,0.750
348,11.600,1.414,0.000,-0.822,0.000,1,1,0,0.000,2.126,2,1,0.724,1,1.000,4321.944,0.967,0.446,0.486,0.598,1.505,0.740,0.083,0.917,0.384,0.750
351,11.700,5.000,0.000,3.586,0.000,1,1,0,0.000,2.079,3,1,0.690,1,14.866,4475.330,0.967,0.454,0.812,0.468,1.706,0.546,0.115,0.885,0.391,0.750
354,11.800,4.243,0.000,-0.757,0.000,1,1,0,0.000,2.006,3,0,0.690,1,3.162,4521.277,0.967,0.454,2.519,0.965,1.586,0.095,0.240,0.760,0.395,0.700
357,11.900,5.657,0.000,1.414,0.000,1,1,0,0.000,2.069,3,0,0.724,2,1.414,4495.137,0.967,0.463,2.298,0.904,1.247,0.402,0.231,0.769,0.462,0.580
360,12.000,4.472,0.000,-1.185,0.000,1,1,0,0.000,2.065,3,0,0.724,2,0.000,4474.017,0.967,0.463,1.901,0.850,1.080,0.397,0.195,0.805,0.449,0.580
363,12.100,6.083,0.000,1.611,0.000,1,1,0,0.000,2.068,3,0,0.724,2,0.000,4172.428,0.967,0.471,1.893,0.867,0.876,0.356,0.199,0.801,0.456,0.580
366,12.200,10.817,0.000,4.734,0.000,1,1,0,0.000,2.020,3,0,0.759,2,77.987,3806.498,0.967,0.463,1.402,0.826,0.643,0.543,0.154,0.846,0.473,0.580
369,12.300,5.385,0.000,-5.431,0.000,1,1,0,0.000,1.966,3,0,0.759,1,2.236,3483.999,0.967,0.471,0.661,0.283,0.518,1.352,0.093,0.907,0.403,0.580
372,12.400,7.280,0.000,1.895,0.000,1,1,0,0.000,1.797,3,0,0.759,2,0.000,1845.574,0.967,0.471,1.100,0.562,0.432,1.721,0.112,0.888,0.465,0.580
375,12.500,9.220,0.000,1.939,0.000,1,1,0,0.000,1.565,3,0,0.793,2,0.000,329.979,0.967,0.480,2.307,0.855,0.224,2.299,0.222,0.778,0.485,0.580
378,12.600,7.071,0.000,-2.148,0.000,1,1,0,0.000,1.592,3,0,0.793,2,10.770,335.519,0.967,0.480,1.047,0.566,0.020,1.886,0.079,0.921,0.462,0.580
381,12.700,15.133,0.000,8.062,0.000,1,1,0,0.000,1.314,3,0,0.793,2,3.606,212.534,0.967,0.487,2.605,0.857,0.159,1.481,0.208,0.792,0.525,0.550
384,12.800,2.236,0.000,-12.897,0.000,1,1,0,0.000,1.199,3,0,0.793,1,2.236,215.019,1.000,0.487,0.871,0.618,0.336,1.233,0.105,0.895,0.371,0.580
387,12.900,11.045,0.000,8.809,0.000,1,1,0,0.000,1.364,3,0,0.793,2,1.000,209.835,1.000,0.487,1.689,0.922,0.307,1.430,0.212,0.788,0.479,0.580
390,13.000,5.000,0.000,-6.045,0.000,1,1,0,0.000,1.084,3,0,0.793,2,6.708,211.868,1.000,0.496,2.013,0.935,0.237,0.940,0.224,0.776,0.453,0.580
393,13.100,7.000,0.000,2.000,0.000,1,1,0,0.000,1.451,3,0,0.793,1,7.211,208.849,1.000,0.496,1.723,0.901,0.165,0.447,0.211,0.789,0.399,0.580
396,13.200,0.000,0.000,0.000,0.000,0,0,0,0.000,0.000,3,0,0.793,0,7.211,208.849,0.967,0.496,1.843,0.945,0.073,1.440,0.228,0.772,0.166,0.650
399,13.300,0.000,0.000,0.000,0.000,0,0,0,0.000,0.000,3,0,0.793,0,7.211,208.849,0.933,0.496,1.180,0.947,0.015,2.090,0.174,0.826,0.145,0.580
402,13.400,0.000,0.000,0.000,0.000,0,0,0,0.000,0.000,3,0,0.828,0,7.211,208.849,0.900,0.496,2.474,0.960,0.076,1.139,0.233,0.767,0.173,0.580
405,13.500,0.000,0.000,0.000,0.000,0,0,0,0.000,0.000,3,0,0.828,0,7.211,208.849,0.867,0.496,4.021,0.607,0.086,1.486,0.257,0.743,0.232,0.580
408,13.600,45.607,0.000,38.607,0.000,1,1,0,0.000,1.627,3,0,0.828,2,0.000,209.614,0.867,0.430,3.455,0.742,0.052,0.506,0.266,0.734,0.708,0.650
411,13.700,61.522,0.000,15.915,0.000,1,1,0,0.000,1.614,3,0,0.862,2,0.000,341.044,0.867,0.430,5.463,0.707,0.034,1.005,0.319,0.681,0.761,0.350
414,13.800,94.921,0.000,33.399,0.000,1,1,0,0.000,1.321,4,1,0.828,3,93.520,806.810,0.867,0.430,7.323,0.873,0.065,0.071,0.309,0.691,0.911,0.750
417,13.900,52.431,224.201,-42.490,212.159,2,1,1,294.279,1.808,4,0,0.828,6,26.907,1399.690,0.867,0.414,6.098,0.919,0.248,0.109,0.313,0.687,0.972,0.650
420,14.000,50.488,34.785,-1.943,-189.416,2,1,1,246.051,1.807,4,0,0.828,4,26.907,1399.690,0.867,0.414,6.029,0.759,0.365,0.227,0.303,0.697,0.982,0.450
423,14.100,20.248,20.616,-30.239,-14.170,2,1,1,254.118,1.528,3,1,0.793,3,63.953,1762.638,0.867,0.414,4.237,0.745,0.421,0.074,0.263,0.737,0.702,0.750
426,14.200,29.155,35.014,8.906,14.399,2,1,1,272.947,1.468,3,0,0.793,4,0.000,1952.150,0.867,0.407,6.151,0.819,0.496,0.026,0.341,0.659,0.825,0.350
429,14.300,0.000,42.720,0.000,7.706,1,0,1,0.000,1.213,3,0,0.828,2,0.000,1911.144,0.867,0.407,9.790,0.837,3.083,1.261,0.315,0.685,0.803,0.700
432,14.400,0.000,46.390,0.000,3.670,1,0,1,0.000,0.977,4,1,0.828,3,45.453,1892.624,0.867,0.407,10.597,0.920,3.885,0.139,0.279,0.721,0.925,0.750
435,14.500,0.000,91.548,0.000,45.158,1,0,1,0.000,0.671,4,0,0.862,3,0.000,1929.954,0.867,0.407,10.269,0.656,4.774,0.193,0.273,0.727,0.943,0.700
438,14.600,0.000,67.119,0.000,-24.429,1,0,1,0.000,0.668,4,0,0.897,3,0.000,2511.359,0.867,0.390,12.117,0.794,5.545,0.090,0.270,0.730,0.933,0.700
441,14.700,0.000,40.249,0.000,-26.870,1,0,1,0.000,1.054,3,1,0.862,2,58.523,2729.938,0.867,0.382,11.600,0.836,7.101,0.165,0.261,0.739,0.789,0.750
444,14.800,0.000,22.204,0.000,-18.046,1,0,1,0.000,0.851,3,0,0.862,2,50.090,2756.304,0.867,0.382,8.771,0.746,8.613,0.113,0.262,0.738,0.695,0.700
447,14.900,0.000,33.838,0.000,11.634,1,0,1,0.000,0.918,3,0,0.862,2,0.000,2698.544,0.867,0.382,9.585,0.741,10.103,0.033,0.259,0.741,0.760,0.700
450,15.000,0.000,17.889,0.000,-15.949,1,0,1,0.000,0.820,3,0,0.862,2,0.000,1535.169,0.867,0.382,8.745,0.698,10.640,0.057,0.261,0.739,0.675,0.700
453,15.100,0.000,32.757,0.000,14.868,1,0,1,0.000,0.937,3,0,0.862,2,48.021,873.438,0.867,0.382,7.188,0.799,7.579,0.061,0.256,0.744,0.730,0.700
456,15.200,0.000,14.765,0.000,-17.992,1,0,1,0.000,0.943,3,0,0.862,2,29.833,589.227,0.867,0.382,6.122,0.826,6.917,0.087,0.260,0.740,0.601,0.700
459,15.300,0.000,17.205,0.000,2.440,1,0,1,0.000,0.970,3,0,0.862,2,0.000,446.979,0.867,0.382,5.326,0.724,4.844,0.248,0.239,0.761,0.602,0.700
462,15.400,0.000,30.480,0.000,13.275,1,0,1,0.000,0.951,3,0,0.862,2,0.000,434.324,0.867,0.382,4.639,0.797,3.195,0.183,0.213,0.787,0.654,0.700
465,15.500,0.000,22.204,0.000,-8.276,1,0,1,0.000,0.653,3,0,0.862,2,0.000,376.067,0.867,0.382,4.205,0.394,2.713,1.044,0.208,0.792,0.625,0.700
468,15.600,0.000,26.173,0.000,3.969,1,0,1,0.000,0.759,3,0,0.862,2,0.000,348.488,0.867,0.374,5.751,0.695,2.345,0.411,0.233,0.767,0.665,0.700
471,15.700,405.937,0.000,376.782,0.000,1,1,0,0.000,1.211,3,0,0.862,2,59.008,434.464,0.867,0.374,4.894,0.691,2.371,1.522,0.225,0.775,0.748,0.700
474,15.800,87.023,0.000,-318.914,0.000,1,1,0,0.000,0.977,3,0,0.862,2,59.008,434.464,0.867,0.374,5.279,0.831,2.100,1.614,0.238,0.762,0.748,0.700
477,15.900,72.443,0.000,-14.580,0.000,1,1,0,0.000,0.945,3,0,0.862,1,59.008,434.464,0.867,0.444,5.460,0.841,1.414,0.941,0.257,0.743,0.692,0.700
480,16.000,0.000,230.426,0.000,204.253,1,0,1,0.000,0.627,3,0,0.862,1,59.008,434.464,0.867,0.453,8.563,0.884,0.894,0.099,0.267,0.733,0.752,0.500
483,16.100,66.483,418.896,-5.960,188.470,2,1,1,449.641,0.998,3,0,0.862,3,0.000,504.267,0.867,0.444,9.718,0.748,0.614,0.029,0.257,0.743,0.932,0.650
486,16.200,0.000,415.766,0.000,-19.570,2,0,1,415.766,1.538,5,1,0.828,6,0.000,2123.365,0.900,0.444,8.156,0.827,0.303,0.121,0.250,0.750,1.000,0.750
489,16.300,452.448,0.000,447.063,0.000,2,1,0,452.448,1.148,5,0,0.828,6,0.000,3585.708,0.933,0.444,7.951,0.973,0.032,0.092,0.253,0.747,1.000,0.500
492,16.400,38.053,0.000,-414.395,0.000,1,1,0,0.000,0.917,5,0,0.828,4,0.000,4176.000,0.967,0.435,7.307,0.900,0.151,0.040,0.245,0.755,0.891,0.650
495,16.500,45.354,0.000,7.302,0.000,1,1,0,0.000,0.835,3,1,0.793,2,96.540,4503.955,1.000,0.444,6.810,0.799,0.390,1.578,0.242,0.758,0.804,0.750
498,16.600,0.000,266.308,0.000,-149.457,1,0,1,0.000,1.863,3,0,0.793,2,200.092,4746.055,1.000,0.444,4.140,0.584,0.586,0.180,0.218,0.782,0.753,0.750
501,16.700,0.000,0.000,0.000,0.000,0,0,0,0.000,0.000,3,0,0.828,0,200.092,4746.055,0.967,0.444,7.307,0.672,0.854,0.814,0.280,0.720,0.322,0.750
504,16.800,0.000,180.272,0.000,-86.036,1,0,1,0.000,2.202,3,0,0.828,2,21.587,5013.514,0.967,0.437,10.175,0.738,0.857,0.334,0.270,0.730,0.834,0.650
507,16.900,0.000,18.601,0.000,-161.671,1,0,1,0.000,2.481,3,0,0.828,2,37.643,5067.154,0.967,0.446,7.786,0.908,0.625,0.178,0.263,0.737,0.670,0.580
510,17.000,175.764,0.000,130.410,0.000,1,1,0,0.000,0.984,3,0,0.862,2,0.000,4865.864,0.967,0.446,5.252,0.758,0.474,0.916,0.254,0.746,0.764,0.500
513,17.100,0.000,0.000,0.000,0.000,0,0,0,0.000,0.000,3,0,0.862,0,0.000,4865.864,0.933,0.446,4.529,0.743,0.376,0.181,0.211,0.789,0.243,0.650
516,17.200,0.000,0.000,0.000,0.000,0,0,0,0.000,0.000,3,0,0.862,0,0.000,4865.864,0.900,0.446,4.529,0.506,0.467,0.580,0.224,0.776,0.256,0.580
519,17.300,0.000,0.000,0.000,0.000,0,0,0,0.000,0.000,3,0,0.897,0,0.000,4865.864,0.867,0.446,4.768,0.630,0.429,0.436,0.160,0.840,0.249,0.580
522,17.400,0.000,0.000,0.000,0.000,0,0,0,0.000,0.000,3,0,0.897,0,0.000,4865.864,0.833,0.446,4.581,0.713,0.322,2.235,0.159,0.841,0.235,0.580
525,17.500,261.521,0.000,85.757,0.000,1,1,0,0.000,1.154,3,0,0.897,2,0.000,4865.864,0.833,0.384,4.647,0.619,0.219,1.038,0.152,0.848,0.743,0.650
528,17.600,25.612,0.000,-235.908,0.000,1,1,0,0.000,1.377,3,0,0.931,2,0.000,4865.864,0.833,0.392,3.920,0.739,0.288,1.637,0.137,0.863,0.609,0.580
531,17.700,57.079,0.000,31.466,0.000,1,1,0,0.000,1.401,3,0,0.931,2,0.000,4865.864,0.833,0.392,4.232,0.772,0.425,2.350,0.139,0.861,0.722,0.550
534,17.800,78.518,0.000,21.439,0.000,1,1,0,0.000,1.159,3,0,0.931,2,0.000,4865.864,0.833,0.392,2.600,0.672,0.519,2.593,0.156,0.844,0.688,0.550
537,17.900,121.050,0.000,42.532,0.000,1,1,0,0.000,1.167,3,0,0.931,1,0.000,4865.864,0.833,0.392,2.775,0.789,0.698,0.164,0.189,0.811,0.624,0.450
540,18.000,0.000,0.000,0.000,0.000,0,0,0,0.000,0.000,3,0,0.931,0,0.000,4865.864,0.800,0.392,4.011,0.859,0.853,0.332,0.192,0.808,0.206,0.650
543,18.100,252.115,0.000,131.065,0.000,1,1,0,0.000,1.171,3,0,0.931,2,0.000,4865.864,0.800,0.393,3.766,0.879,0.943,0.026,0.189,0.811,0.699,0.650
546,18.200,32.558,0.000,-219.557,0.000,1,1,0,0.000,1.027,3,0,0.931,2,0.000,4865.864,0.800,0.393,4.937,0.832,0.783,0.350,0.243,0.757,0.662,0.450
549,18.300,497.164,0.000,461.429,0.000,2,1,0,497.164,0.831,4,1,0.897,5,117.546,5115.119,0.800,0.386,4.176,0.859,0.917,0.122,0.228,0.772,0.920,0.750
552,18.400,3.606,275.007,-493.558,256.406,2,1,1,485.309,2.332,4,0,0.897,5,7.616,5367.299,0.800,0.369,2.732,0.808,1.191,0.215,0.212,0.788,0.888,0.500
555,18.500,5.000,38.471,1.394,-236.537,2,1,1,521.479,2.345,4,0,0.897,5,7.211,3807.147,0.800,0.361,1.999,0.772,1.533,1.607,0.163,0.837,0.836,0.700
558,18.600,574.739,0.000,4.272,0.000,2,1,0,574.739,1.311,3,1,0.862,3,7.211,3807.147,0.800,0.344,1.276,0.350,1.773,3.033,0.123,0.877,0.783,0.750
561,18.700,587.409,521.648,12.670,483.178,2,1,1,583.301,2.383,3,0,0.862,3,7.211,3807.147,0.800,0.344,2.093,0.848,1.768,1.533,0.177,0.823,0.769,0.700
564,18.800,581.169,560.635,-6.240,38.987,2,1,1,558.506,2.392,3,0,0.862,3,7.211,3807.147,0.800,0.353,1.725,0.758,1.815,0.077,0.178,0.822,0.766,0.700
567,18.900,553.954,0.000,6.227,0.000,2,1,0,553.954,2.444,3,0,0.862,3,7.211,3807.147,0.800,0.353,1.582,0.323,1.873,1.047,0.128,0.872,0.793,0.700
570,19.000,540.683,564.896,-13.271,4.261,2,1,1,540.800,2.528,3,0,0.862,3,7.211,3807.147,0.800,0.361,1.124,0.571,1.893,1.728,0.113,0.887,0.764,0.700
573,19.100,513.802,0.000,482.658,0.000,2,1,0,513.802,2.746,3,0,0.897,3,305.334,6132.744,0.800,0.361,1.113,0.717,1.875,1.873,0.119,0.881,0.754,0.750
576,19.200,486.334,0.000,-1.851,0.000,2,1,0,486.334,2.745,3,0,0.897,3,305.334,6132.744,0.800,0.369,1.417,0.665,1.871,0.180,0.142,0.858,0.765,0.750
579,19.300,488.984,0.000,3.860,0.000,2,1,0,488.984,2.745,2,1,0.862,1,305.334,6132.744,0.800,0.369,0.746,0.407,1.860,1.652,0.103,0.897,0.676,0.750
582,19.400,478.592,0.000,-12.586,0.000,2,1,0,478.592,2.747,3,1,0.862,2,384.376,6435.294,0.800,0.369,1.376,0.891,1.659,0.178,0.168,0.832,0.688,0.750
585,19.500,484.929,0.000,5.174,0.000,2,1,0,484.929,3.132,4,1,0.828,4,98.980,5165.128,0.800,0.359,1.677,0.877,1.510,0.721,0.171,0.829,0.857,0.750
588,19.600,474.886,0.000,-12.862,0.000,2,1,0,474.886,3.133,4,0,0.828,3,86.035,5378.910,0.800,0.359,0.825,0.541,1.516,1.023,0.095,0.905,0.814,0.700
591,19.700,495.698,0.000,14.995,0.000,2,1,0,495.698,3.130,4,0,0.828,4,81.707,5406.544,0.833,0.410,2.599,0.749,1.594,1.638,0.169,0.831,0.893,0.700
594,19.800,494.240,27.295,-1.459,-537.602,2,1,1,498.001,3.129,3,1,0.793,2,81.707,5406.544,0.833,0.410,2.106,0.569,1.682,3.111,0.178,0.822,0.733,0.750
597,19.900,4.472,0.000,-489.768,0.000,1,1,0,0.000,2.808,3,0,0.793,0,81.707,5406.544,0.800,0.410,1.107,0.738,2.465,0.692,0.138,0.862,0.297,0.700
600,20.000,1.000,0.000,-3.472,0.000,1,1,0,0.000,2.474,3,0,0.793,0,81.707,5406.544,0.767,0.410,0.966,0.670,3.254,0.095,0.110,0.890,0.275,0.700
603,20.100,1.414,0.000,0.414,0.000,1,1,0,0.000,2.378,4,1,0.759,2,81.707,5406.544,0.800,0.389,2.568,0.927,2.743,0.289,0.221,0.779,0.493,0.750
606,20.200,0.000,497.393,0.000,470.099,1,0,1,0.000,2.029,4,0,0.759,1,81.707,5406.544,0.833,0.389,1.883,0.858,1.974,1.863,0.335,0.665,0.682,0.700
609,20.300,0.000,2.828,0.000,-494.565,1,0,1,0.000,1.969,4,0,0.759,1,81.707,5406.544,0.867,0.392,1.233,0.964,1.771,0.690,0.177,0.823,0.428,0.700
612,20.400,0.000,5.385,0.000,2.557,1,0,1,0.000,1.942,4,0,0.759,1,81.707,5406.544,0.900,0.401,1.457,0.619,1.580,1.584,0.184,0.816,0.476,0.700
615,20.500,0.000,1.414,0.000,-3.971,1,0,1,0.000,2.263,4,0,0.759,1,81.707,5406.544,0.900,0.401,1.557,0.877,1.388,1.591,0.196,0.804,0.438,0.580
618,20.600,0.000,1.414,0.000,0.000,1,0,1,0.000,2.265,3,1,0.724,1,81.707,5406.544,0.900,0.410,0.957,0.891,1.143,2.004,0.159,0.841,0.437,0.750
621,20.700,11.402,0.000,9.988,0.000,1,1,0,0.000,2.002,3,0,0.724,1,81.707,5406.544,0.900,0.410,1.591,0.867,0.962,2.400,0.212,0.788,0.510,0.580
624,20.800,4.123,0.000,-7.279,0.000,1,1,0,0.000,1.889,4,1,0.690,1,81.707,5406.544,0.900,0.419,1.360,0.623,0.825,0.223,0.146,0.854,0.466,0.750
627,20.900,504.063,0.000,498.407,0.000,2,1,0,504.063,1.272,4,0,0.690,5,128.281,5560.125,0.900,0.419,5.918,0.664,0.645,0.728,0.274,0.726,0.989,0.713
630,21.000,491.102,0.000,-12.962,0.000,1,1,0,0.000,1.269,3,1,0.655,1,128.281,5560.125,0.933,0.428,5.043,0.779,0.326,1.607,0.287,0.713,0.694,0.750
633,21.100,627.214,0.000,597.381,0.000,2,1,0,627.214,1.494,3,0,0.655,3,0.000,6280.505,0.933,0.428,5.370,0.808,0.032,2.334,0.297,0.703,0.870,0.650
636,21.200,623.811,0.000,-3.403,0.000,1,1,0,0.000,1.584,3,0,0.690,1,0.000,6280.505,0.933,0.436,7.206,0.834,0.400,0.350,0.310,0.690,0.744,0.650
639,21.300,0.000,0.000,0.000,0.000,0,0,0,0.000,0.000,3,0,0.690,0,0.000,6280.505,0.900,0.436,13.362,0.799,1.083,0.277,0.307,0.693,0.322,0.650
642,21.400,0.000,0.000,0.000,0.000,0,0,0,0.000,0.000,3,0,0.690,0,0.000,6280.505,0.867,0.436,14.654,0.831,3.161,0.144,0.322,0.678,0.316,0.700
645,21.500,0.000,0.000,0.000,0.000,0,0,0,0.000,0.000,3,0,0.724,0,0.000,6280.505,0.833,0.436,14.668,0.792,5.608,0.126,0.318,0.682,0.315,0.700
648,21.600,710.938,353.726,87.127,352.312,2,1,1,505.099,2.099,3,0,0.724,3,0.000,6280.505,0.833,0.414,12.438,0.865,7.557,0.067,0.300,0.700,0.919,0.700
651,21.700,25.298,56.143,-685.640,-297.583,2,1,1,445.193,1.947,3,0,0.724,3,0.000,6280.505,0.833,0.414,6.764,0.750,7.648,0.175,0.281,0.719,0.897,0.700
654,21.800,26.926,26.019,1.628,-30.123,2,1,1,393.081,2.083,3,0,0.724,3,0.000,6280.505,0.833,0.414,9.658,0.826,8.408,0.110,0.299,0.701,0.822,0.700
657,21.900,42.485,23.087,15.559,-2.932,2,1,1,329.686,1.997,3,0,0.724,3,0.000,6280.505,0.833,0.414,10.100,0.872,9.443,0.190,0.303,0.697,0.905,0.700
660,22.000,37.162,14.318,-5.323,-8.769,2,1,1,281.938,1.615,3,0,0.724,3,0.000,6280.505,0.833,0.414,6.682,0.836,10.492,0.271,0.279,0.721,0.845,0.700
663,22.100,28.862,21.190,-8.300,6.872,2,1,1,273.995,1.472,3,0,0.724,2,0.000,6280.505,0.833,0.414,5.223,0.809,11.207,0.041,0.268,0.732,0.704,0.700
666,22.200,20.616,0.000,-8.246,0.000,1,1,0,0.000,1.303,3,0,0.759,1,0.000,6280.505,0.833,0.422,2.943,0.265,11.558,0.578,0.210,0.790,0.530,0.700
669,22.300,15.264,0.000,-5.351,0.000,1,1,0,0.000,0.995,3,0,0.793,1,0.000,6280.505,0.833,0.422,2.515,0.470,11.697,2.536,0.207,0.793,0.475,0.700
672,22.400,25.080,212.850,9.816,191.660,2,1,1,58.694,1.454,3,0,0.828,4,45.453,6471.549,0.833,0.422,4.431,0.761,12.562,0.198,0.252,0.748,0.838,0.700
675,22.500,34.176,0.000,9.096,0.000,1,1,0,0.000,0.711,3,0,0.828,2,29.017,7064.394,0.833,0.422,6.004,0.843,5.153,2.573,0.273,0.727,0.701,0.700
678,22.600,0.000,89.196,0.000,-123.653,1,0,1,0.000,1.373,3,0,0.828,2,42.202,7586.590,0.833,0.422,4.014,0.689,4.198,3.131,0.258,0.742,0.722,0.700
681,22.700,39.812,419.005,5.636,329.808,2,1,1,432.695,1.202,3,0,0.862,4,42.202,7586.590,0.833,0.422,5.757,0.814,3.507,0.158,0.279,0.721,0.867,0.700
684,22.800,30.414,26.401,-9.398,-392.604,2,1,1,473.469,1.206,4,1,0.828,5,16.000,8158.950,0.833,0.414,5.681,0.684,2.609,1.886,0.265,0.735,0.893,0.750
687,22.900,9.220,35.171,-21.194,8.770,2,1,1,447.394,1.536,4,0,0.828,6,0.000,8634.975,0.867,0.414,5.883,0.705,1.201,0.384,0.269,0.731,0.927,0.580
690,23.000,13.892,43.417,4.673,8.246,2,1,1,418.718,1.530,4,0,0.862,6,0.000,7675.094,0.900,0.370,7.860,0.428,0.587,2.461,0.275,0.725,1.000,0.580
693,23.100,13.000,10.050,-0.892,-33.367,2,1,1,419.506,1.510,3,1,0.828,4,0.000,4593.247,0.900,0.361,5.825,0.584,0.234,2.202,0.271,0.729,0.715,0.750
696,23.200,6.403,21.541,-6.597,11.491,2,1,1,392.757,1.248,3,0,0.828,4,0.000,3560.739,0.900,0.351,5.039,0.680,0.008,0.030,0.262,0.738,0.736,0.580
699,23.300,19.416,22.804,13.013,1.263,2,1,1,389.462,1.071,3,0,0.828,4,113.137,1918.580,0.900,0.389,4.929,0.796,0.079,0.166,0.252,0.748,0.732,0.629
702,23.400,11.705,27.295,-7.712,4.491,2,1,1,368.224,1.332,3,0,0.828,4,105.361,1170.490,0.900,0.389,5.990,0.890,0.260,0.537,0.249,0.751,0.777,0.585
705,23.500,7.616,3.606,-4.089,-23.689,2,1,1,362.552,1.329,3,0,0.862,4,100.090,1062.565,0.900,0.389,2.997,0.828,0.448,0.011,0.235,0.765,0.597,0.580
708,23.600,0.000,350.173,0.000,-10.099,2,0,1,350.173,0.698,3,0,0.862,4,99.363,894.194,0.900,0.379,2.626,0.756,0.605,0.335,0.194,0.806,0.801,0.552
711,23.700,0.000,333.542,0.000,-12.038,2,0,1,333.542,1.435,3,0,0.897,4,75.611,1190.904,0.900,0.379,1.499,0.735,0.760,0.002,0.153,0.847,0.774,0.350
714,23.800,0.000,335.336,0.000,0.903,2,0,1,335.336,2.117,3,0,0.897,4,159.248,1638.319,0.900,0.358,1.351,0.608,0.830,0.025,0.131,0.869,0.779,0.750
717,23.900,0.000,348.023,0.000,12.687,1,0,1,0.000,2.485,3,0,0.931,2,38.471,1643.609,0.900,0.369,1.787,0.679,0.894,0.225,0.153,0.847,0.675,0.650
720,24.000,0.000,11.662,0.000,-336.361,1,0,1,0.000,2.739,4,1,0.897,3,69.116,1623.388,0.900,0.358,1.275,0.590,0.897,0.221,0.148,0.852,0.598,0.750
723,24.100,0.000,29.614,0.000,17.952,1,0,1,0.000,2.715,4,0,0.897,3,163.518,1856.994,0.900,0.358,1.354,0.685,1.002,0.717,0.144,0.856,0.693,0.750
726,24.200,0.000,10.296,0.000,-19.319,1,0,1,0.000,2.678,4,0,0.897,3,94.191,1842.314,0.900,0.358,1.529,0.284,1.005,1.903,0.157,0.843,0.619,0.580
729,24.300,57.983,0.000,50.367,0.000,1,1,0,0.000,1.071,3,1,0.862,2,34.438,1872.434,0.933,0.369,4.902,0.741,1.041,1.503,0.229,0.771,0.753,0.750
732,24.400,18.439,0.000,-39.544,0.000,1,1,0,0.000,1.085,3,0,0.862,2,0.000,1704.608,0.967,0.379,4.615,0.692,0.986,2.388,0.236,0.764,0.605,0.580
735,24.500,0.000,51.010,0.000,40.714,1,0,1,0.000,2.424,3,0,0.862,2,0.000,1535.439,1.000,0.379,4.668,0.726,0.987,0.053,0.245,0.755,0.756,0.500
738,24.600,0.000,27.893,0.000,-23.117,1,0,1,0.000,2.193,3,0,0.862,2,26.571,997.744,1.000,0.389,4.755,0.619,1.162,0.129,0.247,0.753,0.670,0.580
741,24.700,21.190,0.000,2.751,0.000,1,1,0,0.000,1.077,3,0,0.862,2,0.000,1004.090,1.000,0.399,4.917,0.725,1.298,0.256,0.253,0.747,0.630,0.580
744,24.800,41.012,0.000,19.823,0.000,1,1,0,0.000,1.201,3,0,0.862,2,0.000,1160.644,1.000,0.399,5.909,0.714,1.246,0.371,0.240,0.760,0.766,0.580
747,24.900,32.650,0.000,-8.363,0.000,1,1,0,0.000,0.953,3,0,0.862,2,0.000,1243.938,1.000,0.408,6.942,0.739,1.217,0.403,0.257,0.743,0.743,0.580
750,25.000,24.042,0.000,-8.608,0.000,1,1,0,0.000,0.669,3,0,0.862,2,0.000,965.705,1.000,0.417,5.159,0.744,1.392,0.250,0.231,0.769,0.650,0.580
753,25.100,0.000,125.256,0.000,97.363,1,0,1,0.000,2.069,3,0,0.862,2,0.000,955.900,1.000,0.417,4.676,0.739,1.055,0.016,0.228,0.772,0.755,0.500
756,25.200,0.000,17.720,0.000,-107.536,1,0,1,0.000,1.816,3,0,0.862,2,0.000,787.575,1.000,0.426,5.646,0.884,0.764,0.133,0.231,0.769,0.618,0.580
759,25.300,70.093,0.000,46.051,0.000,1,1,0,0.000,0.498,3,0,0.862,2,0.000,802.568,1.000,0.426,5.906,0.832,0.466,0.309,0.233,0.767,0.779,0.500
762,25.400,11.402,0.000,-58.691,0.000,1,1,0,0.000,0.494,3,0,0.862,2,0.000,802.988,1.000,0.435,5.496,0.777,0.219,0.039,0.233,0.767,0.586,0.580
765,25.500,16.000,0.000,4.598,0.000,1,1,0,0.000,0.703,3,0,0.862,2,0.000,703.207,1.000,0.435,5.663,0.840,0.018,0.595,0.232,0.768,0.612,0.580
768,25.600,18.439,0.000,2.439,0.000,1,1,0,0.000,0.768,3,0,0.862,2,0.000,457.325,1.000,0.444,5.701,0.608,0.316,0.034,0.217,0.783,0.642,0.580
771,25.700,50.210,0.000,31.770,0.000,1,1,0,0.000,0.761,3,0,0.897,2,0.000,378.120,1.000,0.444,6.874,0.534,0.517,1.172,0.226,0.774,0.824,0.450
774,25.800,48.260,406.430,-1.950,388.710,2,1,1,430.674,1.631,3,0,0.897,4,52.154,1422.225,1.000,0.444,5.359,0.153,0.804,0.978,0.215,0.785,0.923,0.650
777,25.900,27.203,25.495,-21.057,-380.934,2,1,1,391.829,1.660,3,0,0.897,4,58.549,2091.520,1.000,0.444,4.743,0.390,0.857,0.576,0.205,0.795,0.792,0.580
780,26.000,27.514,27.731,0.311,2.236,2,1,1,352.366,1.557,3,0,0.931,4,0.000,2284.255,1.000,0.444,4.077,0.276,0.929,0.194,0.182,0.818,0.787,0.580
783,26.100,21.378,0.000,-6.136,0.000,1,1,0,0.000,0.748,3,0,0.931,2,0.000,2153.540,1.000,0.453,6.058,0.148,1.193,0.858,0.196,0.804,0.700,0.650
786,26.200,0.000,304.593,0.000,276.862,1,0,1,0.000,1.335,3,0,0.931,2,97.617,2199.069,1.000,0.453,5.380,0.458,1.345,0.074,0.253,0.747,0.792,0.542
789,26.300,0.000,0.000,0.000,0.000,0,0,0,0.000,0.000,3,0,0.931,0,97.617,2199.069,0.967,0.453,3.229,0.645,1.376,2.925,0.204,0.796,0.222,0.650
792,26.400,0.000,0.000,0.000,0.000,0,0,0,0.000,0.000,3,0,0.931,0,97.617,2199.069,0.933,0.453,2.914,0.695,1.172,0.924,0.175,0.825,0.206,0.580
795,26.500,0.000,0.000,0.000,0.000,0,0,0,0.000,0.000,3,0,0.931,0,97.617,2199.069,0.900,0.453,3.279,0.843,0.925,0.608,0.190,0.810,0.201,0.580
798,26.600,0.000,0.000,0.000,0.000,0,0,0,0.000,0.000,3,0,0.931,0,97.617,2199.069,0.867,0.453,4.596,0.761,0.761,0.018,0.193,0.807,0.236,0.580
801,26.700,0.000,274.505,0.000,-30.088,1,0,1,0.000,1.568,3,0,0.931,2,0.000,2205.794,0.867,0.390,3.401,0.224,0.685,2.062,0.154,0.846,0.743,0.650
804,26.800,0.000,25.807,0.000,-248.698,1,0,1,0.000,1.507,3,0,0.931,2,0.000,1948.429,0.867,0.390,4.707,0.557,0.471,0.308,0.144,0.856,0.646,0.580
807,26.900,84.119,21.633,62.741,-4.174,2,1,1,357.453,1.285,3,0,0.966,4,125.399,1958.044,0.867,0.382,2.831,0.669,0.278,0.395,0.122,0.878,0.808,0.697
810,27.000,11.402,3.000,-72.717,-18.633,2,1,1,352.196,1.465,4,1,0.931,6,0.000,2836.919,0.867,0.374,2.882,0.660,0.042,0.463,0.144,0.856,0.723,0.750
813,27.100,0.000,344.177,0.000,311.162,2,0,1,344.177,1.545,4,0,0.931,6,43.382,3732.250,0.867,0.357,4.756,0.611,0.280,2.530,0.195,0.805,0.960,0.550
816,27.200,77.833,375.936,66.431,31.759,2,1,1,371.295,1.925,4,0,0.966,6,90.796,3717.185,0.867,0.339,6.887,0.845,0.669,2.722,0.230,0.770,0.997,0.550
819,27.300,0.000,400.285,0.000,357.565,2,0,1,400.285,1.840,3,1,0.931,4,90.796,3717.185,0.867,0.330,7.146,0.915,1.539,0.145,0.232,0.768,0.899,0.750
822,27.400,0.000,444.357,0.000,13.380,2,0,1,444.357,2.477,3,0,0.931,4,24.698,3582.720,0.867,0.321,7.568,0.834,1.445,0.221,0.234,0.766,0.915,0.700
825,27.500,0.000,455.903,0.000,31.515,2,0,1,455.903,2.652,3,0,0.931,4,42.720,2953.970,0.867,0.311,8.386,0.805,1.209,2.364,0.234,0.766,0.928,0.550
828,27.600,51.039,410.157,-26.794,-45.746,2,1,1,426.920,2.728,3,0,0.931,4,0.000,2665.245,0.867,0.301,7.903,0.582,0.685,0.620,0.238,0.762,0.941,0.500
831,27.700,24.000,47.297,-27.039,-362.860,2,1,1,401.998,2.613,3,0,0.931,4,0.000,2665.245,0.867,0.301,3.827,0.647,0.646,1.656,0.163,0.837,0.834,0.550
834,27.800,43.046,17.029,19.046,-30.268,2,1,1,388.001,2.650,3,0,0.931,4,0.000,2665.245,0.867,0.301,4.512,0.806,0.844,0.116,0.183,0.817,0.830,0.450
837,27.900,20.518,32.388,-22.528,15.359,2,1,1,379.338,2.599,3,0,0.931,4,0.000,2918.714,0.867,0.301,2.515,0.548,0.381,0.544,0.147,0.853,0.738,0.580
840,28.000,0.000,23.022,0.000,-9.367,1,0,1,0.000,2.506,3,0,0.931,2,0.000,2918.714,0.867,0.301,2.256,0.362,0.110,0.432,0.126,0.874,0.583,0.650
843,28.100,0.000,412.393,0.000,397.260,2,0,1,412.393,2.258,3,0,0.931,4,0.000,3315.514,0.867,0.358,3.428,0.225,0.049,0.328,0.121,0.879,0.854,0.650
846,28.200,16.155,421.517,-4.363,9.124,2,1,1,406.736,2.251,3,0,0.931,4,0.000,3054.914,0.867,0.347,2.625,0.610,0.114,0.654,0.142,0.858,0.807,0.500
849,28.300,0.000,406.975,0.000,356.409,2,0,1,406.975,2.014,3,0,0.931,4,0.000,3054.914,0.867,0.347,5.464,0.505,0.025,0.112,0.183,0.817,0.885,0.500
852,28.400,37.855,378.636,21.699,-28.340,2,1,1,387.621,2.283,3,0,0.931,4,39.812,3312.244,0.867,0.358,3.815,0.283,0.088,0.170,0.153,0.847,0.860,0.500
855,28.500,29.530,13.153,-8.325,-365.483,2,1,1,381.996,2.212,3,0,0.931,4,169.685,3392.285,0.867,0.358,2.137,0.779,0.283,0.989,0.133,0.867,0.697,0.750
858,28.600,16.155,8.602,-13.374,-4.551,2,1,1,374.833,2.052,3,0,0.931,4,6.325,3241.168,0.867,0.358,1.986,0.168,0.384,0.811,0.111,0.889,0.662,0.580
861,28.700,10.000,10.198,-6.155,1.596,2,1,1,356.270,1.770,3,0,0.931,4,7.000,3032.619,0.867,0.369,2.575,0.573,0.297,0.517,0.126,0.874,0.615,0.580
864,28.800,9.487,6.000,-0.513,-4.198,2,1,1,360.347,1.757,3,0,0.931,4,7.000,3032.619,0.867,0.369,2.250,0.526,0.058,0.180,0.138,0.862,0.606,0.580
867,28.900,0.000,361.519,0.000,345.899,2,0,1,361.519,1.793,3,0,0.931,4,7.000,3032.619,0.867,0.369,1.635,0.753,0.273,1.983,0.142,0.858,0.772,0.550
870,29.000,0.000,387.857,0.000,26.338,1,0,1,0.000,2.009,3,0,0.931,2,7.000,3032.619,0.867,0.369,3.316,0.819,0.607,0.495,0.176,0.824,0.700,0.650
873,29.100,0.000,8.944,0.000,-378.913,1,0,1,0.000,1.636,3,0,0.931,2,6.083,2345.037,0.867,0.379,2.588,0.890,0.869,0.903,0.182,0.818,0.476,0.580
876,29.200,0.000,22.023,0.000,13.078,1,0,1,0.000,1.474,3,0,0.931,2,6.083,2345.037,0.867,0.379,2.143,0.789,1.056,1.098,0.172,0.828,0.545,0.580
879,29.300,0.000,37.443,0.000,15.421,1,0,1,0.000,1.372,3,0,0.931,2,6.083,2345.037,0.900,0.389,3.492,0.855,1.049,0.314,0.193,0.807,0.663,0.580
882,29.400,0.000,61.984,0.000,24.541,1,0,1,0.000,1.371,3,0,0.931,1,6.083,2345.037,0.933,0.399,4.124,0.759,1.155,0.104,0.213,0.787,0.672,0.350
885,29.500,565.353,0.000,555.866,0.000,1,1,0,0.000,1.184,3,0,0.931,1,6.083,2345.037,0.967,0.399,4.107,0.840,1.068,0.220,0.233,0.767,0.670,0.500
888,29.600,0.000,0.000,0.000,0.000,0,0,0,0.000,0.000,3,0,0.931,0,6.083,2345.037,0.967,0.399,2.506,0.886,0.934,0.062,0.201,0.799,0.187,0.650
891,29.700,0.000,0.000,0.000,0.000,0,0,0,0.000,0.000,3,0,0.931,0,6.083,2345.037,0.933,0.399,1.800,0.784,0.911,0.041,0.168,0.832,0.172,0.580
894,29.800,0.000,0.000,0.000,0.000,0,0,0,0.000,0.000,3,0,0.931,0,6.083,2345.037,0.900,0.399,1.649,0.903,0.893,0.374,0.171,0.829,0.156,0.580
897,29.900,528.080,0.000,-37.273,0.000,1,1,0,0.000,1.541,3,0,0.966,2,6.083,2345.037,0.900,0.361,2.348,0.798,1.034,0.031,0.202,0.798,0.681,0.650
900,30.000,0.000,0.000,0.000,0.000,0,0,0,0.000,0.000,3,0,0.966,0,6.083,2345.037,0.867,0.361,2.680,0.900,1.138,0.534,0.203,0.797,0.178,0.650
903,30.100,1.000,0.000,-527.080,0.000,1,1,0,0.000,1.269,3,0,0.966,2,6.083,2345.037,0.867,0.361,2.308,0.963,1.067,0.515,0.198,0.802,0.420,0.650
906,30.200,0.000,0.000,0.000,0.000,0,0,0,0.000,0.000,3,0,1.000,0,6.083,2345.037,0.833,0.361,2.588,0.935,0.919,0.214,0.196,0.804,0.169,0.650
909,30.300,13.601,0.000,12.601,0.000,1,1,0,0.000,1.562,3,0,1.000,1,6.083,2345.037,0.833,0.371,0.864,0.835,0.798,1.053,0.129,0.871,0.399,0.650
912,30.400,15.652,0.000,2.051,0.000,1,1,0,0.000,1.730,3,0,1.000,2,6.083,2345.037,0.833,0.380,0.878,0.575,0.715,2.548,0.117,0.883,0.489,0.580
915,30.500,4.123,0.000,-11.529,0.000,1,1,0,0.000,1.804,3,0,1.000,1,6.083,2345.037,0.833,0.380,1.569,0.760,0.592,2.223,0.148,0.852,0.369,0.580
918,30.600,0.000,483.359,0.000,421.375,1,0,1,0.000,1.544,3,0,1.000,2,6.083,2345.037,0.833,0.388,2.238,0.807,0.616,1.060,0.197,0.803,0.669,0.500
921,30.700,15.556,0.000,11.433,0.000,1,1,0,0.000,1.980,3,0,1.000,2,6.083,2345.037,0.833,0.388,2.467,0.939,0.633,0.025,0.199,0.801,0.502,0.580
924,30.800,11.402,0.000,-4.155,0.000,1,1,0,0.000,1.875,3,0,1.000,2,6.083,2345.037,0.833,0.388,2.806,0.960,0.503,0.889,0.204,0.796,0.486,0.580
927,30.900,2.236,0.000,-9.166,0.000,1,1,0,0.000,1.794,3,0,1.000,1,6.083,2345.037,0.833,0.397,0.924,0.782,0.523,2.693,0.119,0.881,0.341,0.580
930,31.000,6.403,0.000,4.167,0.000,1,1,0,0.000,1.661,3,0,1.000,2,6.083,2345.037,0.833,0.405,1.547,0.481,0.823,0.176,0.147,0.853,0.461,0.580
933,31.100,1.000,0.000,-5.403,0.000,1,1,0,0.000,1.895,3,0,1.000,2,6.083,2345.037,0.833,0.405,2.990,0.944,1.096,1.826,0.210,0.790,0.434,0.580
936,31.200,24.698,0.000,23.698,0.000,1,1,0,0.000,1.650,3,0,1.000,2,6.083,2345.037,0.833,0.413,7.448,0.830,0.999,0.024,0.248,0.752,0.685,0.580
939,31.300,67.007,0.000,42.309,0.000,1,1,0,0.000,1.439,3,0,1.000,2,6.083,2345.037,0.833,0.413,5.398,0.708,0.549,1.380,0.240,0.760,0.755,0.550
942,31.400,24.187,0.000,-42.821,0.000,1,1,0,0.000,1.498,3,0,1.000,2,196.698,2666.399,0.833,0.421,4.198,0.779,0.084,1.935,0.221,0.779,0.605,0.750
945,31.500,21.213,0.000,-2.974,0.000,1,1,0,0.000,1.483,3,0,1.000,2,196.698,2666.399,0.833,0.421,2.339,0.840,0.190,2.513,0.164,0.836,0.538,0.750
948,31.600,25.495,0.000,4.282,0.000,1,1,0,0.000,1.635,3,0,1.000,2,20.100,2895.755,0.833,0.429,2.222,0.443,0.116,2.499,0.176,0.824,0.586,0.580
951,31.700,9.220,0.000,-16.276,0.000,1,1,0,0.000,1.729,3,0,1.000,2,48.083,2789.137,0.833,0.429,1.955,0.939,0.083,1.063,0.177,0.823,0.454,0.580
954,31.800,30.529,0.000,21.309,0.000,1,1,0,0.000,1.520,3,0,1.000,2,17.029,2690.727,0.833,0.437,4.529,0.674,0.027,0.411,0.182,0.818,0.656,0.580
957,31.900,0.000,0.000,0.000,0.000,0,0,0,0.000,0.000,3,0,1.000,0,17.029,2690.727,0.800,0.437,5.518,0.688,0.405,0.550,0.194,0.806,0.256,0.650
960,32.000,0.000,0.000,0.000,0.000,0,0,0,0.000,0.000,3,0,1.000,0,17.029,2690.727,0.767,0.437,3.579,0.553,0.753,0.024,0.142,0.858,0.213,0.580
963,32.100,0.000,0.000,0.000,0.000,0,0,0,0.000,0.000,3,0,1.000,0,17.029,2690.727,0.733,0.437,2.113,0.770,1.016,2.048,0.190,0.810,0.157,0.580
966,32.200,76.844,0.000,46.315,0.000,1,1,0,0.000,1.299,3,0,1.000,2,17.029,2690.727,0.733,0.420,5.771,0.761,1.033,0.644,0.262,0.738,0.749,0.650
969,32.300,0.000,63.127,0.000,-420.232,1,0,1,0.000,1.323,3,0,1.000,2,17.029,2690.727,0.733,0.427,2.304,0.323,1.244,0.425,0.109,0.891,0.693,0.500
972,32.400,31.780,0.000,-45.064,0.000,1,1,0,0.000,1.413,3,0,1.000,2,17.029,2690.727,0.733,0.427,1.314,0.579,1.311,0.927,0.151,0.849,0.577,0.580
975,32.500,14.866,0.000,-16.914,0.000,1,1,0,0.000,1.408,3,0,1.000,2,17.029,2690.727,0.733,0.434,1.239,0.731,1.713,0.264,0.164,0.836,0.470,0.700
978,32.600,7.810,0.000,-7.056,0.000,1,1,0,0.000,1.463,3,0,1.000,2,102.626,2715.055,0.767,0.434,1.319,0.888,2.420,0.138,0.180,0.820,0.426,0.700
981,32.700,10.770,0.000,2.960,0.000,1,1,0,0.000,1.310,3,0,1.000,2,102.626,2715.055,0.800,0.442,1.718,0.911,2.080,1.000,0.198,0.802,0.455,0.700
984,32.800,1.000,0.000,-9.770,0.000,1,1,0,0.000,1.270,3,0,1.000,2,102.626,2715.055,0.833,0.442,2.327,0.902,0.446,0.315,0.217,0.783,0.421,0.580
987,32.900,8.062,0.000,7.062,0.000,1,1,0,0.000,1.136,3,0,1.000,2,102.626,2715.055,0.833,0.449,1.178,0.677,0.134,0.431,0.140,0.860,0.447,0.580
990,33.000,6.083,0.000,-1.979,0.000,1,1,0,0.000,1.130,3,0,1.000,2,102.626,2715.055,0.867,0.449,1.169,0.712,0.057,0.325,0.137,0.863,0.437,0.580
993,33.100,11.314,0.000,5.231,0.000,1,1,0,0.000,1.317,3,0,1.000,2,102.626,2715.055,0.867,0.449,1.307,0.658,0.089,0.125,0.129,0.871,0.473,0.580
996,33.200,1.414,0.000,-9.899,0.000,1,1,0,0.000,1.329,3,0,1.000,2,102.626,2715.055,0.900,0.449,2.535,0.741,0.120,3.008,0.184,0.816,0.447,0.580
999,33.300,8.062,0.000,6.648,0.000,1,1,0,0.000,1.569,3,0,1.000,2,102.626,2715.055,0.900,0.449,1.024,0.803,0.073,0.871,0.128,0.872,0.442,0.580
1002,33.400,2.000,0.000,-6.062,0.000,1,1,0,0.000,1.744,3,0,1.000,1,102.626,2715.055,0.900,0.449,0.878,0.712,0.349,1.134,0.113,0.887,0.351,0.580
1005,33.500,1.414,0.000,-0.586,0.000,1,1,0,0.000,1.882,3,0,1.000,2,102.626,2715.055,0.900,0.461,2.310,0.730,0.696,0.846,0.119,0.881,0.443,0.580
1008,33.600,0.000,0.000,0.000,0.000,0,0,0,0.000,0.000,4,1,0.966,0,102.626,2715.055,0.867,0.461,2.401,0.942,0.846,0.868,0.207,0.793,0.268,0.750
1011,33.700,13.454,0.000,12.039,0.000,1,1,0,0.000,1.841,4,0,0.966,3,17.029,2868.319,0.867,0.461,1.881,0.970,0.827,0.099,0.206,0.794,0.593,0.650
1014,33.800,7.071,0.000,-6.383,0.000,1,1,0,0.000,1.930,4,0,0.966,3,17.029,2868.319,0.867,0.454,1.968,0.969,1.055,0.201,0.201,0.799,0.560,0.580
1017,33.900,3.606,0.000,-3.466,0.000,1,1,0,0.000,2.195,2,1,0.931,1,17.029,2868.319,0.867,0.454,1.327,0.833,1.038,0.389,0.186,0.814,0.389,0.750
1020,34.000,0.000,0.000,0.000,0.000,0,0,0,0.000,0.000,3,1,0.897,0,17.029,2868.319,0.833,0.454,0.496,0.592,1.073,1.004,0.079,0.921,0.141,0.750
1023,34.100,0.000,0.000,0.000,0.000,0,0,0,0.000,0.000,2,1,0.862,0,17.029,2868.319,0.800,0.454,0.407,0.469,1.074,1.404,0.069,0.931,0.143,0.750
1026,34.200,0.000,0.000,0.000,0.000,0,0,0,0.000,0.000,3,1,0.828,0,17.029,2868.319,0.767,0.454,0.483,0.635,1.002,1.580,0.076,0.924,0.130,0.750
1029,34.300,0.000,0.000,0.000,0.000,0,0,0,0.000,0.000,3,0,0.828,0,17.029,2868.319,0.733,0.454,1.079,0.330,1.002,0.998,0.132,0.868,0.162,0.580
1032,34.400,0.000,0.000,0.000,0.000,0,0,0,0.000,0.000,3,0,0.828,0,17.029,2868.319,0.700,0.454,1.983,0.564,1.005,1.257,0.161,0.839,0.164,0.580
1035,34.500,0.000,0.000,0.000,0.000,0,0,0,0.000,0.000,3,0,0.828,0,17.029,2868.319,0.667,0.454,0.563,0.490,0.827,0.909,0.072,0.928,0.130,0.580
1038,34.600,0.000,0.000,0.000,0.000,0,0,0,0.000,0.000,3,0,0.828,0,17.029,2868.319,0.633,0.454,1.246,0.904,0.778,0.710,0.150,0.850,0.114,0.580
1041,34.700,0.000,0.000,0.000,0.000,0,0,0,0.000,0.000,3,0,0.828,0,17.029,2868.319,0.600,0.454,5.177,0.930,0.726,1.155,0.232,0.768,0.206,0.580
1044,34.800,0.000,0.000,0.000,0.000,0,0,0,0.000,0.000,3,0,0.828,0,17.029,2868.319,0.567,0.454,2.357,0.938,0.639,0.166,0.190,0.810,0.131,0.580
1047,34.900,0.000,0.000,0.000,0.000,0,0,0,0.000,0.000,3,0,0.828,0,17.029,2868.319,0.567,0.454,5.445,0.648,0.445,0.088,0.244,0.756,0.229,0.580
1050,35.000,9.434,0.000,5.828,0.000,1,1,0,0.000,2.122,3,0,0.828,2,17.029,2868.319,0.600,0.330,3.604,0.728,0.035,0.365,0.229,0.771,0.484,0.650
1053,35.100,15.232,0.000,5.798,0.000,1,1,0,0.000,2.046,3,0,0.828,2,17.029,2868.319,0.633,0.330,2.343,0.927,0.109,0.032,0.217,0.783,0.474,0.580
1056,35.200,5.385,0.000,-9.846,0.000,1,1,0,0.000,2.061,3,0,0.828,2,17.029,2868.319,0.633,0.330,2.447,0.948,0.089,0.225,0.227,0.773,0.421,0.580
1059,35.300,6.325,0.000,0.939,0.000,1,1,0,0.000,1.873,3,0,0.828,2,17.029,2868.319,0.633,0.325,1.616,0.961,0.719,0.114,0.196,0.804,0.404,0.580
1062,35.400,2.828,0.000,-3.496,0.000,1,1,0,0.000,1.637,3,0,0.828,1,17.029,2868.319,0.633,0.330,1.637,0.886,0.743,0.014,0.193,0.807,0.331,0.580
1065,35.500,4.472,0.000,1.644,0.000,1,1,0,0.000,1.786,3,0,0.828,1,17.029,2868.319,0.633,0.330,1.264,0.802,0.781,1.354,0.176,0.824,0.336,0.580
1068,35.600,6.000,0.000,1.528,0.000,1,1,0,0.000,1.770,3,0,0.828,2,17.029,2868.319,0.633,0.330,2.377,0.952,0.864,1.050,0.224,0.776,0.422,0.580
1071,35.700,4.000,0.000,-2.000,0.000,1,1,0,0.000,1.469,3,0,0.828,1,17.029,2868.319,0.633,0.335,1.803,0.972,1.065,0.726,0.201,0.799,0.335,0.580
1074,35.800,6.083,0.000,2.083,0.000,1,1,0,0.000,1.641,3,0,0.828,1,17.029,2868.319,0.633,0.335,0.956,0.713,1.235,2.541,0.117,0.883,0.344,0.580
1077,35.900,7.000,0.000,0.917,0.000,1,1,0,0.000,1.696,3,0,0.828,2,17.029,2868.319,0.633,0.335,2.876,0.954,1.410,1.193,0.214,0.786,0.440,0.700
1080,36.000,6.708,0.000,-0.292,0.000,1,1,0,0.000,1.736,3,0,0.828,1,17.029,2868.319,0.633,0.341,1.815,0.882,1.388,2.246,0.192,0.808,0.357,0.580
1083,36.100,4.472,0.000,-2.236,0.000,1,1,0,0.000,1.744,3,0,0.828,2,17.029,2868.319,0.633,0.341,1.427,0.683,1.501,0.216,0.157,0.843,0.409,0.700
1086,36.200,9.849,0.000,5.377,0.000,1,1,0,0.000,1.876,3,0,0.828,2,17.029,2868.319,0.633,0.341,5.599,0.879,1.522,1.130,0.253,0.747,0.529,0.700
1089,36.300,61.033,0.000,51.184,0.000,1,1,0,0.000,1.548,4,1,0.793,3,70.434,2790.608,0.633,0.335,5.979,0.687,0.817,2.324,0.224,0.776,0.862,0.750
1092,36.400,180.314,0.000,119.281,0.000,1,1,0,0.000,1.315,4,0,0.793,3,0.000,2829.464,0.633,0.329,5.960,0.350,0.941,0.691,0.231,0.769,0.885,0.450
1095,36.500,199.912,0.000,19.599,0.000,1,1,0,0.000,1.355,4,0,0.828,3,0.000,2829.464,0.633,0.324,7.469,0.882,0.563,0.427,0.311,0.689,0.886,0.350
1098,36.600,462.754,0.000,262.841,0.000,1,1,0,0.000,1.285,3,1,0.793,2,163.025,3071.508,0.667,0.324,12.433,0.113,0.653,0.788,0.352,0.648,0.842,0.750
1101,36.700,22.672,0.000,-440.082,0.000,1,1,0,0.000,1.153,3,0,0.793,2,163.025,3071.508,0.667,0.324,1.427,0.296,1.091,2.163,0.094,0.906,0.541,0.750
1104,36.800,6.325,0.000,-16.347,0.000,1,1,0,0.000,1.080,3,0,0.828,2,163.025,3071.508,0.667,0.324,1.598,0.269,1.021,2.513,0.104,0.896,0.456,0.750
1107,36.900,6.083,0.000,-0.242,0.000,1,1,0,0.000,0.903,3,0,0.862,2,163.025,3071.508,0.667,0.324,1.994,0.569,1.033,0.570,0.115,0.885,0.444,0.750
1110,37.000,14.422,0.000,8.339,0.000,1,1,0,0.000,0.765,3,0,0.897,2,163.025,3071.508,0.700,0.324,1.935,0.812,1.040,2.610,0.117,0.883,0.476,0.750
1113,37.100,11.314,0.000,-3.108,0.000,1,1,0,0.000,0.766,3,0,0.931,2,95.708,3803.354,0.733,0.324,2.421,0.879,1.064,0.020,0.135,0.865,0.470,0.580
1116,37.200,9.487,0.000,-1.827,0.000,1,1,0,0.000,0.803,3,0,0.931,2,141.651,3847.850,0.767,0.324,2.391,0.864,1.026,0.124,0.131,0.869,0.464,0.750
1119,37.300,5.099,0.000,-4.388,0.000,1,1,0,0.000,0.779,3,0,0.931,2,141.651,3847.850,0.800,0.324,2.089,0.807,1.044,0.001,0.120,0.880,0.440,0.750
1122,37.400,5.385,0.000,0.286,0.000,1,1,0,0.000,0.600,3,0,0.931,1,141.651,3847.850,0.833,0.329,1.368,0.803,1.099,0.202,0.098,0.902,0.368,0.750
1125,37.500,2.000,0.000,-3.385,0.000,1,1,0,0.000,0.604,3,0,0.931,1,141.651,3847.850,0.867,0.329,1.328,0.696,0.980,0.190,0.100,0.900,0.360,0.750
1128,37.600,5.831,0.000,3.831,0.000,1,1,0,0.000,0.471,3,0,0.931,2,141.651,3847.850,0.900,0.329,1.561,0.763,0.949,0.140,0.176,0.824,0.446,0.750
1131,37.700,8.602,0.000,2.771,0.000,1,1,0,0.000,0.503,3,0,0.931,2,141.651,3847.850,0.933,0.329,1.787,0.688,0.954,0.257,0.127,0.873,0.476,0.750
1134,37.800,3.606,0.000,-4.997,0.000,1,1,0,0.000,0.601,3,0,0.931,2,134.629,4094.314,0.967,0.325,1.320,0.636,0.701,0.245,0.115,0.885,0.444,0.748
1137,37.900,4.243,0.000,0.637,0.000,1,1,0,0.000,0.601,3,0,0.931,2,136.971,4079.219,1.000,0.325,2.035,0.654,0.245,0.149,0.129,0.871,0.469,0.750
1140,38.000,19.313,0.000,15.071,0.000,1,1,0,0.000,0.595,3,0,0.931,2,19.313,3955.854,1.000,0.331,3.044,0.730,0.058,2.132,0.137,0.863,0.572,0.580
1143,38.100,5.000,0.000,-14.313,0.000,1,1,0,0.000,0.649,3,0,0.931,2,5.000,3814.820,1.000,0.513,2.605,0.837,0.225,0.063,0.144,0.856,0.474,0.580
1146,38.200,10.630,0.000,5.630,0.000,1,1,0,0.000,0.551,3,0,0.931,2,132.378,3841.724,1.000,0.513,3.088,0.839,0.578,0.136,0.155,0.845,0.518,0.735
1149,38.300,4.243,0.000,-6.388,0.000,1,1,0,0.000,0.512,3,0,0.931,2,4.243,3550.484,1.000,0.513,2.793,0.813,0.514,0.090,0.152,0.848,0.476,0.580
1152,38.400,3.000,0.000,-1.243,0.000,1,1,0,0.000,0.481,3,0,0.931,2,135.695,3627.788,1.000,0.513,2.082,0.711,0.488,0.483,0.143,0.857,0.459,0.750
1155,38.500,3.162,0.000,0.162,0.000,1,1,0,0.000,0.666,3,0,0.931,2,133.959,3365.614,1.000,0.513,1.898,0.691,0.496,0.167,0.143,0.857,0.457,0.744
1158,38.600,3.606,0.000,0.443,0.000,1,1,0,0.000,0.825,3,0,0.931,1,3.606,2876.814,1.000,0.513,1.403,0.776,0.516,0.472,0.122,0.878,0.381,0.580
1161,38.700,5.000,0.000,1.394,0.000,1,1,0,0.000,0.954,4,1,0.897,1,5.000,2706.119,1.000,0.513,1.114,0.657,0.539,0.104,0.120,0.880,0.475,0.750
1164,38.800,1.414,0.000,-3.586,0.000,1,1,0,0.000,0.920,3,1,0.862,1,1.414,2439.584,1.000,0.521,1.069,0.543,0.584,0.177,0.119,0.881,0.477,0.750
1167,38.900,5.099,0.000,3.685,0.000,1,1,0,0.000,0.924,4,1,0.828,2,5.099,2170.674,1.000,0.513,1.391,0.776,0.642,2.602,0.113,0.887,0.519,0.750
1170,39.000,6.403,0.000,1.304,0.000,1,1,0,0.000,0.986,4,1,0.793,1,6.403,2215.044,1.000,0.513,1.344,0.892,0.597,0.288,0.118,0.882,0.472,0.750
1173,39.100,7.071,0.000,0.668,0.000,1,1,0,0.000,1.107,5,1,0.759,2,7.071,1920.869,1.000,0.513,1.556,0.904,0.582,0.150,0.122,0.878,0.507,0.750
1176,39.200,5.000,0.000,-2.071,0.000,1,1,0,0.000,1.107,4,1,0.759,1,23.409,1897.818,1.000,0.513,1.494,0.936,0.586,0.679,0.118,0.882,0.465,0.750
1179,39.300,6.403,0.000,1.403,0.000,1,1,0,0.000,0.902,3,1,0.724,2,34.000,1721.350,1.000,0.513,1.976,0.929,0.512,0.088,0.139,0.861,0.460,0.750
1182,39.400,8.246,0.000,1.843,0.000,1,1,0,0.000,0.646,3,0,0.724,2,29.547,1698.797,1.000,0.513,1.741,0.908,0.401,0.345,0.118,0.882,0.466,0.580
1185,39.500,7.071,0.000,-1.175,0.000,1,1,0,0.000,0.505,3,0,0.759,1,9.434,1379.418,1.000,0.521,1.304,0.889,0.330,1.665,0.108,0.892,0.390,0.580
1188,39.600,6.403,0.000,-0.668,0.000,1,1,0,0.000,0.581,3,0,0.759,2,6.403,1364.408,1.000,0.521,1.746,0.889,0.296,1.622,0.117,0.883,0.457,0.580
1191,39.700,8.000,0.000,1.597,0.000,1,1,0,0.000,0.620,3,0,0.759,2,8.062,1376.517,1.000,0.530,1.953,0.893,0.387,1.334,0.135,0.865,0.471,0.580
1194,39.800,6.083,549.771,-1.917,486.644,2,1,1,456.158,1.279,2,1,0.724,1,106.024,1498.738,1.000,0.530,1.505,0.847,0.681,1.902,0.124,0.876,0.688,0.750
1197,39.900,8.544,4.472,2.461,-545.299,2,1,1,461.091,1.215,3,1,0.690,3,49.649,1326.389,1.000,0.530,1.715,0.841,0.949,0.373,0.123,0.877,0.581,0.750
1200,40.000,5.099,4.123,-3.445,-0.349,2,1,1,461.989,1.310,2,1,0.655,1,5.000,1419.790,1.000,0.538,1.564,0.893,1.003,0.195,0.123,0.877,0.465,0.750
1203,40.100,7.616,1.414,2.517,-2.709,2,1,1,468.258,1.325,3,1,0.621,1,2.828,1178.084,1.000,0.538,1.762,0.907,1.036,0.264,0.132,0.868,0.453,0.750
1206,40.200,6.083,4.243,-1.533,2.828,2,1,1,469.230,1.289,3,0,0.621,3,0.000,1027.695,1.000,0.538,2.474,0.952,0.847,0.104,0.145,0.855,0.579,0.580
1209,40.300,10.000,4.243,3.917,0.000,2,1,1,474.305,1.237,3,0,0.621,3,0.000,1149.674,1.000,0.530,2.686,0.906,0.520,0.149,0.153,0.847,0.609,0.580
1212,40.400,13.153,8.062,3.153,3.820,2,1,1,477.319,0.925,3,0,0.621,3,0.000,1198.974,1.000,0.530,3.223,0.935,0.228,0.273,0.157,0.843,0.638,0.580
1215,40.500,13.038,7.071,-0.115,-0.991,2,1,1,482.026,0.911,3,0,0.621,3,0.000,1131.578,1.000,0.521,3.448,0.930,0.047,0.034,0.150,0.850,0.644,0.580
1218,40.600,41.725,0.000,28.687,0.000,1,1,0,0.000,0.301,3,0,0.621,2,0.000,934.638,1.000,0.521,3.343,0.600,0.162,1.307,0.143,0.857,0.713,0.650
1221,40.700,11.314,0.000,-30.412,0.000,1,1,0,0.000,0.279,3,0,0.621,2,0.000,677.924,1.000,0.513,4.148,0.304,0.341,1.393,0.159,0.841,0.585,0.580
1224,40.800,26.420,0.000,15.106,0.000,1,1,0,0.000,0.617,4,1,0.586,2,0.000,409.775,1.000,0.513,4.346,0.193,0.629,0.919,0.149,0.851,0.752,0.750
1227,40.900,4.243,0.000,-22.177,0.000,1,1,0,0.000,0.625,4,0,0.586,2,0.000,231.694,1.000,0.513,2.916,0.480,0.819,1.516,0.152,0.848,0.573,0.580
1230,41.000,2.000,0.000,-2.243,0.000,1,1,0,0.000,0.652,4,0,0.586,2,0.000,160.225,1.000,0.513,1.646,0.618,0.967,1.934,0.133,0.867,0.519,0.580
1233,41.100,1.414,0.000,-0.586,0.000,1,1,0,0.000,0.926,4,0,0.586,1,6.708,152.624,1.000,0.521,1.794,0.661,1.296,3.003,0.126,0.874,0.471,0.580
1236,41.200,4.243,0.000,2.828,0.000,1,1,0,0.000,1.103,4,0,0.586,2,0.000,135.759,1.000,0.521,3.133,0.822,1.501,1.919,0.141,0.859,0.554,0.700
1239,41.300,4.123,0.000,-0.120,0.000,1,1,0,0.000,1.223,4,0,0.586,2,0.000,116.594,1.000,0.521,2.927,0.760,2.303,1.886,0.158,0.842,0.553,0.700
1242,41.400,9.220,0.000,5.096,0.000,1,1,0,0.000,1.190,3,1,0.552,2,0.000,93.075,1.000,0.521,4.035,0.682,3.839,0.994,0.154,0.846,0.544,0.750
1245,41.500,7.810,0.000,-1.409,0.000,1,1,0,0.000,1.209,3,0,0.552,2,0.000,72.430,1.000,0.521,3.798,0.803,4.885,1.652,0.163,0.837,0.522,0.700
1248,41.600,6.403,0.000,-1.407,0.000,1,1,0,0.000,0.852,3,0,0.586,2,0.000,69.469,1.000,0.521,3.894,0.403,5.848,0.908,0.148,0.852,0.545,0.700
1251,41.700,5.657,0.000,-0.746,0.000,1,1,0,0.000,0.832,3,0,0.621,2,0.000,75.504,1.000,0.521,3.147,0.112,6.203,2.464,0.150,0.850,0.542,0.700
1254,41.800,8.062,0.000,2.405,0.000,1,1,0,0.000,0.848,3,0,0.655,2,0.000,94.718,1.000,0.513,5.135,0.559,4.894,1.551,0.171,0.829,0.574,0.700
1257,41.900,11.402,0.000,3.339,0.000,1,1,0,0.000,0.620,3,0,0.690,2,0.000,135.159,1.000,0.504,5.467,0.729,4.319,0.097,0.172,0.828,0.589,0.700
1260,42.000,7.211,0.000,-4.191,0.000,1,1,0,0.000,0.464,4,1,0.690,2,0.000,184.994,1.000,0.504,5.254,0.647,3.240,0.388,0.183,0.817,0.636,0.750
1263,42.100,12.042,0.000,4.830,0.000,1,1,0,0.000,0.353,4,0,0.724,2,0.000,270.350,1.000,0.504,5.334,0.675,2.633,0.078,0.182,0.818,0.663,0.700
1266,42.200,10.630,0.000,-1.411,0.000,1,1,0,0.000,0.291,4,0,0.759,2,0.000,360.845,1.000,0.496,5.512,0.742,2.395,0.112,0.175,0.825,0.655,0.700
1269,42.300,6.000,0.000,-4.630,0.000,1,1,0,0.000,0.360,3,1,0.724,2,0.000,419.325,1.000,0.496,3.446,0.822,1.893,0.526,0.147,0.853,0.502,0.750
1272,42.400,6.403,0.000,0.403,0.000,1,1,0,0.000,0.470,3,0,0.724,2,0.000,459.050,1.000,0.496,3.992,0.816,1.405,0.350,0.154,0.846,0.518,0.700
1275,42.500,1.000,0.000,-5.403,0.000,1,1,0,0.000,0.540,3,0,0.724,1,6.000,474.788,1.000,0.496,1.873,0.613,1.419,1.110,0.117,0.883,0.390,0.700
1278,42.600,2.236,0.000,1.236,0.000,1,1,0,0.000,0.484,3,0,0.724,1,2.236,477.079,1.000,0.504,2.026,0.303,1.450,0.263,0.095,0.905,0.422,0.700
1281,42.700,5.099,0.000,2.863,0.000,1,1,0,0.000,0.696,3,0,0.759,1,5.000,469.627,1.000,0.504,2.503,0.577,1.468,0.746,0.111,0.889,0.430,0.700
1284,42.800,1.414,0.000,-3.685,0.000,1,1,0,0.000,0.779,3,0,0.793,1,3.000,444.290,1.000,0.513,2.304,0.831,1.346,0.008,0.137,0.863,0.387,0.580
1287,42.900,1.000,0.000,-0.414,0.000,1,1,0,0.000,1.056,5,1,0.793,1,1.000,417.129,1.000,0.513,1.227,0.509,1.267,1.783,0.061,0.939,0.457,0.750
1290,43.000,1.414,0.000,0.414,0.000,1,1,0,0.000,1.335,5,0,0.828,1,2.236,367.189,1.000,0.513,1.458,0.591,0.866,0.920,0.083,0.917,0.459,0.580
1293,43.100,4.123,0.000,2.709,0.000,1,1,0,0.000,1.313,5,0,0.828,2,3.162,322.649,1.000,0.521,1.565,0.198,0.552,0.005,0.087,0.913,0.540,0.580
1296,43.200,4.472,0.000,0.349,0.000,1,1,0,0.000,1.309,3,1,0.793,1,2.236,262.557,1.000,0.521,1.639,0.407,0.207,0.475,0.108,0.892,0.417,0.750
1299,43.300,3.162,0.000,-1.310,0.000,1,1,0,0.000,1.322,3,0,0.793,2,63.953,267.480,1.000,0.513,1.441,0.220,0.022,1.142,0.081,0.919,0.478,0.580
1302,43.400,4.243,0.000,1.080,0.000,1,1,0,0.000,1.322,3,0,0.793,2,0.000,172.125,1.000,0.521,2.302,0.522,0.448,0.377,0.134,0.866,0.485,0.580
1305,43.500,3.606,0.000,-0.637,0.000,1,1,0,0.000,1.068,4,1,0.759,2,0.000,131.525,1.000,0.521,3.464,0.765,0.742,0.010,0.169,0.831,0.563,0.750
1308,43.600,11.402,0.000,7.796,0.000,1,1,0,0.000,0.985,4,0,0.759,2,0.000,132.365,1.000,0.521,4.458,0.856,0.902,0.096,0.232,0.768,0.625,0.580
1311,43.700,15.556,0.000,4.155,0.000,1,1,0,0.000,0.706,4,0,0.793,2,0.000,175.520,1.000,0.530,6.408,0.906,1.011,0.162,0.205,0.795,0.693,0.580
1314,43.800,20.616,0.000,5.059,0.000,1,1,0,0.000,0.479,3,1,0.759,2,0.000,287.900,1.000,0.530,8.320,0.921,0.976,0.097,0.204,0.796,0.690,0.750
1317,43.900,21.378,0.000,0.762,0.000,1,1,0,0.000,0.419,3,0,0.759,2,0.000,474.659,1.000,0.530,7.955,0.917,0.668,0.095,0.191,0.809,0.693,0.580
1320,44.000,15.033,0.000,-6.344,0.000,1,1,0,0.000,0.343,3,0,0.759,2,0.000,642.355,1.000,0.530,6.581,0.907,0.523,0.171,0.185,0.815,0.625,0.580
1323,44.100,12.728,0.000,-2.305,0.000,1,1,0,0.000,0.335,3,0,0.759,2,0.000,769.049,1.000,0.530,5.318,0.756,0.284,0.522,0.179,0.821,0.591,0.580
1326,44.200,8.602,0.000,-4.126,0.000,1,1,0,0.000,0.297,3,0,0.759,2,0.000,870.658,1.000,0.530,5.534,0.739,0.116,0.143,0.173,0.827,0.574,0.580
1329,44.300,6.325,0.000,-2.278,0.000,1,1,0,0.000,0.351,3,0,0.793,2,0.000,786.625,1.000,0.530,5.902,0.753,0.090,0.479,0.174,0.826,0.570,0.580
1332,44.400,12.042,0.000,5.717,0.000,1,1,0,0.000,0.376,3,0,0.793,2,0.000,786.625,1.000,0.530,7.379,0.718,0.313,0.453,0.185,0.815,0.641,0.580
1335,44.500,24.759,0.000,12.717,0.000,1,1,0,0.000,0.372,3,0,0.793,2,0.000,618.540,1.000,0.530,8.953,0.752,0.702,0.137,0.181,0.819,0.725,0.000
1338,44.600,39.013,0.000,14.254,0.000,1,1,0,0.000,0.402,3,0,0.793,2,0.000,618.540,1.000,0.530,10.848,0.913,1.089,0.166,0.171,0.829,0.793,0.000
1341,44.700,40.497,0.000,1.484,0.000,1,1,0,0.000,0.470,3,0,0.793,2,21.095,552.579,1.000,0.530,12.379,0.832,1.531,0.043,0.177,0.823,0.807,0.700
1344,44.800,23.409,0.000,-17.088,0.000,1,1,0,0.000,0.466,3,0,0.793,2,21.095,552.579,1.000,0.530,10.654,0.910,1.977,0.076,0.168,0.832,0.706,0.700
1347,44.900,39.051,0.000,15.642,0.000,1,1,0,0.000,0.391,3,0,0.828,2,21.095,552.579,1.000,0.530,8.885,0.850,2.542,0.031,0.160,0.840,0.797,0.700
1350,45.000,36.000,0.000,-3.051,0.000,1,1,0,0.000,0.734,3,0,0.828,2,0.000,417.694,1.000,0.530,6.194,0.467,3.215,0.067,0.136,0.864,0.762,0.700
1353,45.100,60.638,0.000,-44.595,0.000,2,1,0,60.638,0.636,3,0,0.828,4,0.000,636.684,1.000,0.521,6.491,0.498,3.771,0.471,0.182,0.818,0.927,0.700
1356,45.200,97.268,0.000,36.629,0.000,1,1,0,0.000,0.687,3,0,0.862,2,0.000,929.010,1.000,0.521,6.871,0.328,4.240,0.499,0.188,0.812,0.839,0.700
1359,45.300,69.354,0.000,-27.914,0.000,1,1,0,0.000,0.618,3,0,0.862,2,0.000,1605.925,1.000,0.521,6.756,0.509,3.757,0.010,0.158,0.842,0.823,0.700
1362,45.400,26.173,294.432,-43.182,287.361,2,1,1,625.838,0.748,3,0,0.862,4,0.000,2132.054,1.000,0.513,6.571,0.766,2.420,0.087,0.165,0.835,0.911,0.700
1365,45.500,21.541,34.713,-4.632,-259.719,2,1,1,592.760,0.697,3,0,0.862,4,0.000,2407.900,1.000,0.496,5.737,0.722,1.903,0.058,0.161,0.839,0.836,0.700
1368,45.600,26.000,5.000,4.459,-29.713,2,1,1,590.140,0.695,3,0,0.862,4,33.061,2409.910,1.000,0.470,6.437,0.838,1.668,0.174,0.157,0.843,0.797,0.700
1371,45.700,37.537,44.721,11.537,39.721,2,1,1,553.565,0.650,3,0,0.862,4,0.000,2350.585,1.000,0.453,6.365,0.735,1.609,0.446,0.154,0.846,0.906,0.700
1374,45.800,35.805,17.205,-1.732,-27.517,2,1,1,550.145,0.987,3,0,0.897,4,49.396,2576.234,1.000,0.444,4.709,0.710,1.542,0.241,0.143,0.857,0.817,0.700
1377,45.900,34.205,34.059,-1.600,16.854,2,1,1,507.293,1.254,3,0,0.897,4,0.000,2225.444,1.000,0.435,4.197,0.696,1.412,0.165,0.136,0.864,0.796,0.700
1380,46.000,12.530,48.415,-21.675,14.356,2,1,1,462.555,1.341,3,0,0.897,4,0.000,2239.365,1.000,0.426,3.225,0.757,1.168,0.852,0.131,0.869,0.828,0.350
1383,46.100,18.358,17.692,5.828,-30.723,2,1,1,480.388,1.677,3,0,0.931,4,166.964,2450.105,1.000,0.417,4.479,0.865,0.783,0.377,0.140,0.860,0.703,0.750
1386,46.200,12.806,9.220,-5.551,-8.472,2,1,1,473.128,1.772,3,0,0.931,3,162.117,2446.164,1.000,0.417,2.768,0.823,0.337,0.168,0.118,0.882,0.633,0.750
1389,46.300,8.944,32.249,-3.862,23.029,2,1,1,446.813,1.541,3,0,0.931,4,164.210,2425.550,1.000,0.408,1.481,0.511,0.159,1.945,0.079,0.921,0.730,0.750
1392,46.400,31.145,33.061,22.201,0.812,2,1,1,395.349,1.443,3,0,0.966,4,114.586,2330.307,1.000,0.399,3.126,0.696,0.619,2.297,0.132,0.868,0.763,0.637
1395,46.500,38.053,18.028,6.908,-15.033,2,1,1,349.597,1.536,3,0,0.966,4,0.000,2249.794,1.000,0.389,3.119,0.723,1.032,0.209,0.125,0.875,0.789,0.350
1398,46.600,26.833,16.492,-11.220,-1.535,2,1,1,310.035,1.241,3,0,0.966,4,0.000,2300.688,1.000,0.379,3.536,0.811,1.310,0.277,0.124,0.876,0.731,0.350
1401,46.700,7.280,0.000,-19.553,0.000,1,1,0,0.000,0.330,3,0,1.000,2,63.032,1956.977,1.000,0.379,2.539,0.655,1.563,0.161,0.122,0.878,0.498,0.700
1404,46.800,4.472,0.000,-2.808,0.000,1,1,0,0.000,0.382,3,0,1.000,2,0.000,1726.985,1.000,0.389,2.665,0.670,1.734,0.212,0.133,0.867,0.485,0.700
1407,46.900,4.472,18.358,0.000,1.865,2,1,1,305.483,1.137,3,0,1.000,4,32.202,1234.195,1.000,0.379,2.767,0.833,1.803,0.655,0.139,0.861,0.663,0.700
1410,47.000,1.000,2.236,-3.472,-16.121,2,1,1,302.655,1.288,3,0,1.000,4,86.377,1087.057,1.000,0.379,2.894,0.814,1.862,0.437,0.131,0.869,0.578,0.700
1413,47.100,9.055,8.246,8.055,6.010,2,1,1,304.109,1.270,3,0,1.000,4,115.122,1552.050,1.000,0.379,2.128,0.742,1.890,0.555,0.118,0.882,0.602,0.700
1416,47.200,2.000,3.606,-7.055,-4.641,2,1,1,309.071,1.188,3,0,1.000,4,104.752,1529.124,1.000,0.379,2.413,0.676,2.124,0.707,0.131,0.869,0.583,0.700
1419,47.300,5.831,5.000,3.831,1.394,2,1,1,312.544,1.508,3,0,1.000,4,108.849,1522.938,1.000,0.379,1.958,0.576,2.334,0.292,0.121,0.879,0.591,0.700
1422,47.400,3.606,4.000,-2.225,-1.000,2,1,1,314.670,1.794,3,0,1.000,4,107.075,1834.069,1.000,0.379,2.206,0.720,2.280,0.110,0.128,0.872,0.577,0.700
1425,47.500,2.828,12.806,-0.777,8.806,2,1,1,327.391,2.138,3,0,1.000,4,0.000,1797.839,1.000,0.379,1.591,0.559,2.072,1.986,0.117,0.883,0.622,0.700
1428,47.600,4.000,6.000,1.172,-6.806,2,1,1,325.977,2.329,3,0,1.000,3,7.810,1785.247,1.000,0.379,1.975,0.844,1.800,1.957,0.114,0.886,0.574,0.700
1431,47.700,1.000,8.944,-3.000,2.944,2,1,1,335.181,2.053,3,0,1.000,3,2.236,1779.044,1.000,0.379,1.288,0.637,1.797,0.207,0.094,0.906,0.587,0.700
1434,47.800,6.083,6.083,5.083,-2.862,2,1,1,335.181,2.090,3,0,1.000,3,98.473,1965.710,1.000,0.379,2.191,0.528,1.858,2.209,0.118,0.882,0.602,0.700
1437,47.900,2.000,5.385,-4.083,-0.698,2,1,1,338.764,2.055,3,0,1.000,3,241.497,2988.157,1.000,0.379,1.400,0.457,1.615,1.654,0.099,0.901,0.583,0.750
1440,48.000,2.236,3.606,0.236,-1.780,2,1,1,340.207,1.931,3,0,1.000,3,98.737,3140.488,1.000,0.389,1.723,0.849,1.619,0.567,0.111,0.889,0.554,0.700
1443,48.100,1.000,3.000,-1.236,-0.606,2,1,1,337.350,1.664,3,0,1.000,2,8.000,2822.094,1.000,0.389,1.053,0.722,1.523,1.280,0.087,0.913,0.482,0.700
1446,48.200,1.414,7.280,0.414,4.280,2,1,1,345.210,1.621,3,0,1.000,2,2.236,2818.805,1.000,0.399,1.106,0.698,1.535,0.493,0.093,0.907,0.509,0.700
1449,48.300,5.000,4.000,3.586,-3.280,2,1,1,343.035,1.642,3,0,1.000,4,101.833,3058.310,1.000,0.399,2.367,0.489,1.454,3.113,0.110,0.890,0.603,0.700
1452,48.400,4.123,11.045,-0.877,7.045,2,1,1,346.771,1.518,3,0,1.000,4,98.351,2996.259,1.000,0.399,2.091,0.508,1.372,0.641,0.110,0.890,0.628,0.546
1455,48.500,4.000,8.485,-0.123,-2.560,2,1,1,352.321,1.314,3,0,1.000,4,98.681,2723.548,1.000,0.389,2.173,0.662,1.346,0.918,0.122,0.878,0.605,0.548
1458,48.600,6.083,8.944,2.083,0.459,2,1,1,351.746,1.412,3,0,1.000,4,58.078,3104.944,1.000,0.389,2.621,0.509,1.324,0.627,0.127,0.873,0.630,0.350
1461,48.700,7.071,20.025,0.988,11.081,2,1,1,365.568,1.437,3,0,1.000,4,68.184,2969.488,1.000,0.389,4.365,0.343,1.259,0.411,0.134,0.866,0.746,0.350
1464,48.800,5.385,15.232,-1.686,-4.793,2,1,1,378.350,1.467,3,0,1.000,4,0.000,1859.054,1.000,0.389,3.674,0.100,1.258,0.986,0.151,0.849,0.720,0.350
1467,48.900,6.000,5.099,0.615,-10.133,2,1,1,376.942,1.319,3,0,1.000,4,80.025,1730.054,1.000,0.389,3.041,0.927,1.002,1.515,0.145,0.855,0.594,0.550
1470,49.000,6.000,5.000,0.000,-0.099,2,1,1,386.419,1.066,3,0,1.000,4,87.000,1383.258,1.000,0.389,2.927,0.725,0.831,0.571,0.126,0.874,0.606,0.350
1473,49.100,7.211,13.000,1.211,8.000,2,1,1,399.606,1.131,3,0,1.000,4,0.000,1331.138,1.000,0.389,2.522,0.580,0.513,3.129,0.134,0.866,0.645,0.550
1476,49.200,3.162,3.162,-4.049,-9.838,2,1,1,405.242,1.098,3,0,1.000,4,85.147,1931.694,1.000,0.389,2.026,0.618,0.308,2.358,0.134,0.866,0.575,0.550
1479,49.300,2.828,10.296,-0.334,7.133,2,1,1,415.106,1.206,3,0,1.000,4,87.207,1953.374,1.000,0.379,2.472,0.549,0.043,2.558,0.140,0.860,0.631,0.550
1482,49.400,5.099,11.402,2.271,1.106,2,1,1,427.908,1.259,3,0,1.000,4,0.000,2026.344,1.000,0.379,2.616,0.378,0.094,0.581,0.139,0.861,0.652,0.350
1485,49.500,2.828,0.000,-2.271,0.000,1,1,0,0.000,1.255,3,0,1.000,2,0.000,2018.144,1.000,0.379,5.015,0.423,0.230,0.412,0.170,0.830,0.551,0.650
1488,49.600,4.123,43.909,1.295,32.507,2,1,1,474.249,1.042,3,0,1.000,4,0.000,2068.548,1.000,0.379,5.085,0.415,0.774,0.010,0.201,0.799,0.892,0.650
1491,49.700,7.280,0.000,3.157,0.000,1,1,0,0.000,0.998,3,0,1.000,2,0.000,2072.917,1.000,0.379,6.238,0.451,1.647,0.185,0.139,0.861,0.605,0.700
1494,49.800,10.050,0.000,2.770,0.000,1,1,0,0.000,0.849,4,1,0.966,3,49.163,2075.769,1.000,0.379,4.273,0.652,2.324,0.360,0.144,0.856,0.672,0.750
1497,49.900,8.000,0.000,-2.050,0.000,1,1,0,0.000,0.763,4,0,0.966,3,37.336,1991.619,1.000,0.379,3.267,0.631,2.676,2.099,0.110,0.890,0.637,0.700
1500,50.000,6.403,0.000,-1.597,0.000,1,1,0,0.000,0.762,4,0,0.966,3,34.482,1739.000,1.000,0.379,3.116,0.584,3.152,2.156,0.110,0.890,0.628,0.700
1503,50.100,9.849,0.000,3.446,0.000,1,1,0,0.000,0.760,3,1,0.931,2,0.000,1505.277,1.000,0.389,6.634,0.496,3.892,0.793,0.164,0.836,0.626,0.750
1506,50.200,17.029,0.000,7.181,0.000,1,1,0,0.000,0.743,3,0,0.931,2,35.693,1292.454,1.000,0.389,5.025,0.359,4.083,0.185,0.176,0.824,0.635,0.700
1509,50.300,24.515,0.000,7.486,0.000,1,1,0,0.000,0.731,3,0,0.931,2,0.000,1050.495,1.000,0.399,7.269,0.366,2.390,0.217,0.134,0.866,0.732,0.700
1512,50.400,22.204,0.000,-2.312,0.000,1,1,0,0.000,0.645,3,0,0.931,2,0.000,166.275,1.000,0.399,6.729,0.395,2.250,0.176,0.124,0.876,0.704,0.700
1515,50.500,5.831,0.000,-16.373,0.000,1,1,0,0.000,0.691,3,0,0.931,2,37.000,156.864,1.000,0.408,5.122,0.477,2.386,1.538,0.113,0.887,0.567,0.700
1518,50.600,16.492,0.000,10.661,0.000,1,1,0,0.000,0.681,3,0,0.931,2,0.000,148.094,1.000,0.408,10.299,0.657,2.439,0.040,0.145,0.855,0.686,0.700
1521,50.700,19.313,0.000,2.821,0.000,1,1,0,0.000,0.513,3,0,0.931,2,0.000,185.234,1.000,0.417,10.097,0.651,2.972,0.141,0.155,0.845,0.702,0.700
1524,50.800,28.320,0.000,9.006,0.000,1,1,0,0.000,0.459,3,0,0.931,2,0.000,286.090,1.000,0.417,8.751,0.441,3.656,0.118,0.154,0.846,0.766,0.700
1527,50.900,12.083,0.000,-16.237,0.000,1,1,0,0.000,0.361,3,0,0.931,2,15.232,361.894,1.000,0.426,6.306,0.447,4.116,0.164,0.149,0.851,0.633,0.700
1530,51.000,8.062,0.000,-4.021,0.000,1,1,0,0.000,0.432,3,0,0.931,2,10.817,474.364,1.000,0.426,7.043,0.502,4.501,0.175,0.153,0.847,0.626,0.700
1533,51.100,10.000,0.000,1.938,0.000,1,1,0,0.000,0.551,3,0,0.931,2,35.847,548.459,1.000,0.435,6.856,0.546,3.584,0.011,0.148,0.852,0.629,0.700
1536,51.200,0.000,0.000,0.000,0.000,0,0,0,0.000,0.000,3,0,0.931,0,35.847,548.459,0.967,0.435,6.730,0.132,3.227,0.024,0.357,0.643,0.345,0.700
1539,51.300,0.000,0.000,0.000,0.000,0,0,0,0.000,0.000,6,1,0.897,0,35.847,548.459,0.933,0.435,6.693,0.325,2.562,0.036,0.094,0.906,0.427,0.750
1542,51.400,0.000,0.000,0.000,0.000,0,0,0,0.000,0.000,6,0,0.897,0,35.847,548.459,0.900,0.435,4.233,0.546,2.595,0.562,0.144,0.856,0.346,0.700
1545,51.500,0.000,0.000,0.000,0.000,0,0,0,0.000,0.000,6,0,0.897,0,35.847,548.459,0.867,0.435,4.043,0.750,2.689,0.437,0.095,0.905,0.323,0.700
1548,51.600,0.000,0.000,0.000,0.000,0,0,0,0.000,0.000,5,0,0.897,0,35.847,548.459,0.833,0.435,2.452,0.611,2.796,0.286,0.086,0.914,0.289,0.700
1551,51.700,0.000,0.000,0.000,0.000,0,0,0,0.000,0.000,5,0,0.897,0,35.847,548.459,0.800,0.435,2.872,0.533,1.981,0.602,0.090,0.910,0.301,0.700
1554,51.800,0.000,0.000,0.000,0.000,0,0,0,0.000,0.000,5,0,0.897,0,35.847,548.459,0.767,0.435,3.575,0.550,1.807,0.578,0.073,0.927,0.313,0.700
1557,51.900,449.565,0.000,439.565,0.000,1,1,0,0.000,0.749,4,0,0.897,3,35.847,548.459,0.767,0.310,5.303,0.365,1.243,0.617,0.082,0.918,0.884,0.650
1560,52.000,13.601,0.000,-435.964,0.000,1,1,0,0.000,0.772,4,0,0.897,3,35.847,548.459,0.767,0.310,7.480,0.306,0.975,2.748,0.094,0.906,0.768,0.550
1563,52.100,36.497,0.000,22.895,0.000,1,1,0,0.000,1.028,4,0,0.897,3,35.847,548.459,0.767,0.310,6.129,0.370,1.001,0.150,0.095,0.905,0.857,0.350
1566,52.200,89.308,0.000,52.812,0.000,1,1,0,0.000,1.107,3,1,0.862,2,0.000,1420.999,0.767,0.317,4.035,0.153,0.417,1.620,0.087,0.913,0.752,0.750
1569,52.300,0.000,0.000,0.000,0.000,0,0,0,0.000,0.000,3,0,0.862,0,0.000,1420.999,0.733,0.317,5.353,0.442,0.022,0.222,0.093,0.907,0.261,0.650
1572,52.400,0.000,0.000,0.000,0.000,0,0,0,0.000,0.000,3,0,0.862,0,0.000,1420.999,0.700,0.317,4.530,0.452,0.303,1.965,0.092,0.908,0.236,0.580
1575,52.500,0.000,0.000,0.000,0.000,0,0,0,0.000,0.000,3,0,0.862,0,0.000,1420.999,0.667,0.317,7.770,0.103,0.501,1.812,0.104,0.896,0.337,0.580
1578,52.600,240.104,0.000,150.796,0.000,1,1,0,0.000,1.055,3,0,0.862,2,0.000,1420.999,0.667,0.321,5.030,0.408,0.546,1.526,0.097,0.903,0.747,0.650
1581,52.700,25.318,0.000,-214.786,0.000,1,1,0,0.000,1.065,3,0,0.897,2,0.000,1420.999,0.667,0.328,4.841,0.354,0.668,1.407,0.085,0.915,0.637,0.550
1584,52.800,0.000,0.000,0.000,0.000,0,0,0,0.000,0.000,4,1,0.862,0,0.000,1420.999,0.633,0.328,4.745,0.169,0.745,0.377,0.086,0.914,0.353,0.750
1587,52.900,0.000,0.000,0.000,0.000,0,0,0,0.000,0.000,4,0,0.862,0,0.000,1420.999,0.600,0.328,7.685,0.409,0.924,1.538,0.108,0.892,0.405,0.580
1590,53.000,0.000,0.000,0.000,0.000,0,0,0,0.000,0.000,4,0,0.897,0,0.000,1420.999,0.567,0.328,5.334,0.494,0.884,0.843,0.089,0.911,0.337,0.580
1593,53.100,91.005,0.000,65.688,0.000,1,1,0,0.000,1.312,4,0,0.897,3,90.620,1726.759,0.567,0.332,4.505,0.772,0.924,0.199,0.090,0.910,0.812,0.650
1596,53.200,0.000,0.000,0.000,0.000,0,0,0,0.000,0.000,4,0,0.897,0,90.620,1726.759,0.533,0.332,6.826,0.687,0.590,0.007,0.100,0.900,0.357,0.650
1599,53.300,0.000,0.000,0.000,0.000,0,0,0,0.000,0.000,4,0,0.897,0,90.620,1726.759,0.500,0.332,4.437,0.698,0.366,0.563,0.096,0.904,0.292,0.580
1602,53.400,0.000,0.000,0.000,0.000,0,0,0,0.000,0.000,3,1,0.862,0,90.620,1726.759,0.467,0.332,4.956,0.148,0.222,2.448,0.102,0.898,0.240,0.750
1605,53.500,0.000,0.000,0.000,0.000,0,0,0,0.000,0.000,3,0,0.862,0,90.620,1726.759,0.433,0.332,3.536,0.609,0.191,1.017,0.090,0.910,0.168,0.580
1608,53.600,0.000,0.000,0.000,0.000,0,0,0,0.000,0.000,3,0,0.862,0,90.620,1726.759,0.400,0.332,2.569,0.743,0.369,0.767,0.080,0.920,0.130,0.580
1611,53.700,0.000,0.000,0.000,0.000,0,0,0,0.000,0.000,4,1,0.828,0,90.620,1726.759,0.367,0.332,2.982,0.370,0.397,2.691,0.088,0.912,0.263,0.750
1614,53.800,0.000,0.000,0.000,0.000,0,0,0,0.000,0.000,4,0,0.828,0,90.620,1726.759,0.333,0.332,2.149,0.298,0.274,0.165,0.076,0.924,0.243,0.580
1617,53.900,0.000,0.000,0.000,0.000,0,0,0,0.000,0.000,4,0,0.828,0,90.620,1726.759,0.300,0.332,3.076,0.300,0.305,1.749,0.090,0.910,0.262,0.580
1620,54.000,0.000,0.000,0.000,0.000,0,0,0,0.000,0.000,4,0,0.828,0,90.620,1726.759,0.267,0.332,3.430,0.451,0.294,1.075,0.083,0.917,0.256,0.580
1623,54.100,0.000,0.000,0.000,0.000,0,0,0,0.000,0.000,4,0,0.828,0,90.620,1726.759,0.233,0.332,3.062,0.282,0.490,0.184,0.095,0.905,0.255,0.580
1626,54.200,0.000,0.000,0.000,0.000,0,0,0,0.000,0.000,4,0,0.862,0,90.620,1726.759,0.233,0.332,2.048,0.406,0.515,1.849,0.080,0.920,0.221,0.580
1629,54.300,0.000,0.000,0.000,0.000,0,0,0,0.000,0.000,4,0,0.862,0,90.620,1726.759,0.233,0.332,2.076,0.579,0.577,0.047,0.074,0.926,0.209,0.580
1632,54.400,0.000,0.000,0.000,0.000,0,0,0,0.000,0.000,4,0,0.862,0,90.620,1726.759,0.233,0.332,2.354,0.624,0.640,0.479,0.081,0.919,0.213,0.580
1635,54.500,0.000,0.000,0.000,0.000,0,0,0,0.000,0.000,4,0,0.862,0,90.620,1726.759,0.233,0.332,2.486,0.584,0.946,2.116,0.082,0.918,0.219,0.580
1638,54.600,0.000,0.000,0.000,0.000,0,0,0,0.000,0.000,4,0,0.862,0,90.620,1726.759,0.233,0.332,2.299,0.694,1.137,2.012,0.080,0.920,0.207,0.580
1641,54.700,0.000,0.000,0.000,0.000,0,0,0,0.000,0.000,4,0,0.862,0,90.620,1726.759,0.233,0.332,3.156,0.868,1.469,2.806,0.083,0.917,0.216,0.700
1644,54.800,0.000,0.000,0.000,0.000,0,0,0,0.000,0.000,4,0,0.862,0,90.620,1726.759,0.233,0.332,4.764,0.827,1.987,2.618,0.094,0.906,0.259,0.700
1647,54.900,0.000,0.000,0.000,0.000,0,0,0,0.000,0.000,4,0,0.862,0,90.620,1726.759,0.200,0.332,5.171,0.630,2.132,0.185,0.102,0.898,0.279,0.700
1650,55.000,0.000,0.000,0.000,0.000,0,0,0,0.000,0.000,4,0,0.862,0,90.620,1726.759,0.167,0.332,11.082,0.274,2.087,1.111,0.132,0.868,0.371,0.700
1653,55.100,275.269,0.000,184.263,0.000,1,1,0,0.000,1.422,4,0,0.897,3,0.000,1933.829,0.167,0.253,8.043,0.668,1.480,0.835,0.127,0.873,0.858,0.700
1656,55.200,0.000,426.203,0.000,382.294,1,0,1,0.000,0.773,4,0,0.897,3,0.000,1870.794,0.167,0.253,7.870,0.610,0.874,0.264,0.143,0.857,0.859,0.500
1659,55.300,0.000,15.000,0.000,-411.203,1,0,1,0.000,0.809,4,0,0.897,3,0.000,1831.858,0.200,0.253,8.468,0.414,0.554,0.452,0.146,0.854,0.713,0.450
1662,55.400,0.000,34.482,0.000,19.482,1,0,1,0.000,0.740,4,0,0.897,3,0.000,1834.475,0.233,0.253,8.595,0.393,0.104,0.219,0.147,0.853,0.827,0.000
1665,55.500,0.000,30.000,0.000,-4.482,1,0,1,0.000,0.711,5,0,0.897,4,34.713,1906.734,0.267,0.253,9.450,0.451,0.179,0.125,0.139,0.861,0.811,0.550
1668,55.600,0.000,18.601,0.000,-11.399,1,0,1,0.000,0.780,5,0,0.897,4,0.000,2138.939,0.267,0.250,8.927,0.406,0.672,0.699,0.160,0.840,0.751,0.000
1671,55.700,0.000,23.345,0.000,4.744,1,0,1,0.000,1.049,5,0,0.931,4,0.000,1831.487,0.267,0.246,6.672,0.084,1.009,0.080,0.114,0.886,0.767,0.350
1674,55.800,46.098,0.000,-229.171,0.000,1,1,0,0.000,1.454,4,0,0.931,3,0.000,1304.344,0.300,0.246,5.292,0.272,1.264,0.992,0.177,0.823,0.834,0.500
1677,55.900,0.000,103.730,0.000,80.385,1,0,1,0.000,1.040,4,0,0.931,3,108.296,1621.574,0.333,0.242,4.256,0.072,1.452,0.585,0.193,0.807,0.826,0.700
1680,56.000,0.000,32.650,0.000,-71.081,1,0,1,0.000,1.025,4,0,0.931,3,203.416,2454.429,0.367,0.242,3.398,0.091,2.139,0.208,0.107,0.893,0.739,0.750
1683,56.100,0.000,34.205,0.000,1.556,1,0,1,0.000,0.939,4,0,0.931,2,84.646,2698.359,0.367,0.242,4.277,0.352,2.444,1.861,0.127,0.873,0.706,0.700
1686,56.200,0.000,0.000,0.000,0.000,0,0,0,0.000,0.000,4,0,0.931,0,84.646,2698.359,0.367,0.242,3.344,0.081,2.688,1.380,0.126,0.874,0.292,0.700
1689,56.300,0.000,0.000,0.000,0.000,0,0,0,0.000,0.000,4,0,0.966,0,84.646,2698.359,0.367,0.242,4.977,0.437,4.440,1.735,0.132,0.868,0.308,0.700
1692,56.400,0.000,0.000,0.000,0.000,0,0,0,0.000,0.000,4,0,0.966,0,84.646,2698.359,0.367,0.242,6.501,0.225,4.218,1.208,0.165,0.835,0.361,0.700
1695,56.500,0.000,0.000,0.000,0.000,0,0,0,0.000,0.000,4,0,0.966,0,84.646,2698.359,0.367,0.242,8.280,0.525,4.144,0.901,0.166,0.834,0.377,0.700
1698,56.600,0.000,0.000,0.000,0.000,0,0,0,0.000,0.000,4,0,1.000,0,84.646,2698.359,0.367,0.242,9.291,0.359,1.377,0.028,0.162,0.838,0.389,0.580
1701,56.700,0.000,0.000,0.000,0.000,0,0,0,0.000,0.000,4,0,1.000,0,84.646,2698.359,0.367,0.242,8.142,0.339,1.122,0.148,0.154,0.846,0.390,0.580
1704,56.800,167.693,0.000,121.595,0.000,1,1,0,0.000,1.434,4,0,1.000,3,0.000,2766.337,0.400,0.252,7.556,0.523,0.930,0.232,0.136,0.864,0.885,0.650
1707,56.900,0.000,117.107,0.000,82.902,1,0,1,0.000,0.842,4,0,1.000,3,26.077,2852.169,0.433,0.252,7.188,0.573,0.710,0.982,0.132,0.868,0.877,0.500
1710,57.000,0.000,3.162,0.000,-113.945,1,0,1,0.000,0.956,3,1,0.966,2,0.000,2794.035,0.467,0.238,5.569,0.631,0.519,0.981,0.127,0.873,0.489,0.750
1713,57.100,0.000,29.411,0.000,26.249,1,0,1,0.000,1.036,3,0,0.966,2,30.463,2695.535,0.500,0.238,7.254,0.439,0.276,0.575,0.138,0.862,0.694,0.450
1716,57.200,0.000,30.000,0.000,0.589,1,0,1,0.000,0.999,3,0,0.966,2,30.463,2695.535,0.533,0.241,6.529,0.530,0.111,0.135,0.140,0.860,0.677,0.350
1719,57.300,0.000,32.280,0.000,2.280,1,0,1,0.000,0.752,5,1,0.931,4,30.463,2695.535,0.567,0.238,7.231,0.546,0.010,0.578,0.115,0.885,0.834,0.750
1722,57.400,0.000,381.001,0.000,366.236,2,0,1,381.001,1.157,5,0,0.931,6,0.000,3980.097,0.600,0.212,12.095,0.131,0.020,0.741,0.448,0.552,1.000,0.698
1725,57.500,0.000,368.348,0.000,-12.654,1,0,1,0.000,1.291,5,0,0.931,4,228.405,4254.404,0.633,0.294,10.630,0.260,0.129,2.360,0.221,0.779,0.952,0.750
1728,57.600,0.000,24.352,0.000,-343.996,1,0,1,0.000,1.427,3,1,0.897,2,228.405,4254.404,0.667,0.294,8.290,0.384,0.298,0.019,0.201,0.799,0.708,0.750
1731,57.700,0.000,13.454,0.000,-10.898,1,0,1,0.000,1.339,3,0,0.897,2,228.405,4254.404,0.700,0.302,6.174,0.500,0.377,0.267,0.189,0.811,0.598,0.750
1734,57.800,0.000,10.050,0.000,-3.404,1,0,1,0.000,1.339,3,0,0.897,2,228.405,4254.404,0.733,0.302,5.890,0.621,0.454,0.439,0.195,0.805,0.568,0.750
1737,57.900,0.000,5.000,0.000,-5.050,1,0,1,0.000,1.390,3,0,0.897,2,228.405,4254.404,0.767,0.302,3.954,0.594,0.476,0.249,0.181,0.819,0.497,0.750
1740,58.000,0.000,5.099,0.000,0.099,1,0,1,0.000,1.486,3,0,0.897,2,228.405,4254.404,0.800,0.310,4.446,0.729,0.372,0.120,0.181,0.819,0.504,0.750
1743,58.100,0.000,3.606,0.000,-1.493,1,0,1,0.000,1.534,3,0,0.897,2,121.655,4500.089,0.800,0.310,3.394,0.543,0.385,0.216,0.177,0.823,0.483,0.676
1746,58.200,0.000,8.602,0.000,4.997,1,0,1,0.000,1.432,3,0,0.897,2,36.878,4658.419,0.800,0.318,3.571,0.559,0.148,0.219,0.182,0.818,0.514,0.580
1749,58.300,0.000,9.220,0.000,0.617,1,0,1,0.000,1.273,3,0,0.897,2,12.083,4379.788,0.800,0.318,3.868,0.583,0.003,0.249,0.190,0.810,0.523,0.580
1752,58.400,0.000,7.071,0.000,-2.148,1,0,1,0.000,1.100,3,0,0.897,2,0.000,4302.288,0.800,0.326,4.936,0.595,0.091,0.141,0.191,0.809,0.537,0.580
1755,58.500,0.000,4.000,0.000,-3.071,1,0,1,0.000,1.055,3,0,0.897,2,6.708,3320.105,0.800,0.326,3.775,0.776,0.121,0.521,0.178,0.822,0.478,0.580
1758,58.600,0.000,3.162,0.000,-0.838,1,0,1,0.000,0.978,3,0,0.897,1,8.544,3197.044,0.800,0.334,4.255,0.737,0.057,0.005,0.190,0.810,0.428,0.580
1761,58.700,0.000,19.235,0.000,16.073,1,0,1,0.000,0.945,3,0,0.897,2,0.000,2751.794,0.800,0.334,5.213,0.618,0.110,1.845,0.190,0.810,0.610,0.580
1764,58.800,0.000,27.586,0.000,8.351,1,0,1,0.000,0.880,3,0,0.897,2,0.000,2757.975,0.800,0.341,4.113,0.516,0.154,1.083,0.152,0.848,0.636,0.000
1767,58.900,0.000,30.414,0.000,2.828,1,0,1,0.000,0.813,3,0,0.897,2,0.000,2980.675,0.800,0.341,3.820,0.690,0.342,0.130,0.143,0.857,0.632,0.000
1770,59.000,0.000,24.207,0.000,-6.206,1,0,1,0.000,0.663,3,0,0.897,2,0.000,3096.170,0.800,0.341,4.022,0.750,0.758,2.804,0.133,0.867,0.599,0.550
1773,59.100,0.000,30.017,0.000,5.809,1,0,1,0.000,0.516,3,0,0.897,2,0.000,2021.444,0.800,0.349,2.340,0.834,1.174,2.325,0.134,0.866,0.583,0.550
1776,59.200,0.000,5.000,0.000,-25.017,1,0,1,0.000,0.565,3,0,0.897,2,10.630,1834.114,0.833,0.349,1.788,0.819,1.569,2.389,0.111,0.889,0.435,0.700
1779,59.300,0.000,6.708,0.000,1.708,1,0,1,0.000,0.570,3,0,0.897,1,20.000,1582.399,0.867,0.462,1.834,0.716,2.075,0.164,0.103,0.897,0.397,0.700
1782,59.400,0.000,5.831,0.000,-0.877,1,0,1,0.000,0.540,3,0,0.897,2,4.123,1292.809,0.900,0.470,4.002,0.776,2.362,2.151,0.136,0.864,0.506,0.700
1785,59.500,0.000,22.204,0.000,16.373,1,0,1,0.000,0.761,3,0,0.897,2,0.000,1132.269,0.933,0.470,3.396,0.901,2.000,2.025,0.162,0.838,0.577,0.700
1788,59.600,0.000,10.050,0.000,-12.154,1,0,1,0.000,1.073,3,0,0.897,2,10.000,1036.248,0.967,0.470,3.222,0.795,1.777,0.608,0.135,0.865,0.517,0.700
1791,59.700,0.000,2.000,0.000,-8.050,1,0,1,0.000,1.202,3,0,0.897,2,0.000,780.987,1.000,0.470,2.766,0.850,1.491,0.354,0.157,0.843,0.461,0.700
1794,59.800,0.000,8.062,0.000,6.062,1,0,1,0.000,1.241,3,0,0.897,2,0.000,519.594,1.000,0.470,1.639,0.804,1.306,0.397,0.131,0.869,0.469,0.580
1797,59.900,0.000,13.601,0.000,5.539,1,0,1,0.000,1.501,3,0,0.931,2,0.000,236.059,1.000,0.470,3.034,0.931,1.222,0.568,0.189,0.811,0.526,0.580
1800,60.000,0.000,157.051,0.000,143.449,1,0,1,0.000,1.502,3,0,0.931,2,136.956,582.048,1.000,0.479,16.285,0.444,1.205,1.224,0.346,0.654,0.859,0.750
1803,60.100,0.000,3.000,0.000,-154.051,1,0,1,0.000,1.679,3,0,0.931,2,136.956,582.048,1.000,0.479,2.673,0.405,0.795,1.600,0.159,0.841,0.495,0.750
1806,60.200,0.000,1.000,0.000,-2.000,1,0,1,0.000,1.670,3,0,0.966,1,136.956,582.048,1.000,0.487,2.195,0.823,0.751,0.449,0.138,0.862,0.383,0.750
1809,60.300,0.000,4.123,0.000,3.123,1,0,1,0.000,1.419,3,0,0.966,2,136.956,582.048,1.000,0.496,2.729,0.914,0.795,0.010,0.153,0.847,0.467,0.750
1812,60.400,0.000,8.246,0.000,4.123,1,0,1,0.000,1.092,3,0,0.966,2,16.279,863.497,1.000,0.504,3.041,0.573,0.749,0.243,0.159,0.841,0.522,0.580
1815,60.500,0.000,19.698,0.000,11.452,1,0,1,0.000,0.997,3,0,1.000,2,10.000,1078.909,1.000,0.504,4.468,0.743,0.736,0.989,0.180,0.820,0.609,0.350
1818,60.600,0.000,32.140,0.000,12.443,1,0,1,0.000,1.126,3,0,1.000,2,47.265,1236.090,1.000,0.513,5.492,0.751,0.759,0.235,0.143,0.857,0.703,0.350
1821,60.700,0.000,21.932,0.000,-10.209,1,0,1,0.000,0.918,3,0,1.000,2,2.000,1414.777,1.000,0.513,4.535,0.877,0.367,0.349,0.170,0.830,0.614,0.350
1824,60.800,0.000,15.000,0.000,-6.932,1,0,1,0.000,0.850,3,0,1.000,2,6.000,1592.305,1.000,0.513,3.957,0.788,0.131,0.535,0.167,0.833,0.567,0.000
1827,60.900,0.000,2.000,0.000,-13.000,1,0,1,0.000,1.043,3,0,1.000,2,15.264,1864.489,1.000,0.513,3.610,0.665,0.556,0.482,0.194,0.806,0.495,0.580
1830,61.000,393.514,0.000,225.820,0.000,1,1,0,0.000,1.357,3,0,1.000,2,70.235,2826.638,1.000,0.513,2.832,0.539,0.525,0.215,0.175,0.825,0.723,0.500
1833,61.100,0.000,385.800,0.000,383.800,1,0,1,0.000,1.159,3,0,1.000,2,0.000,3122.814,1.000,0.513,3.838,0.377,0.570,0.326,0.201,0.799,0.760,0.500
1836,61.200,16.492,19.723,-377.021,-366.077,2,1,1,20.224,1.639,3,0,1.000,4,54.489,3482.604,1.000,0.504,5.294,0.688,0.623,0.099,0.227,0.773,0.744,0.650
1839,61.300,13.000,0.000,-3.492,0.000,1,1,0,0.000,1.848,3,0,1.000,2,63.246,3480.804,1.000,0.504,7.382,0.835,0.835,0.126,0.246,0.754,0.638,0.650
1842,61.400,10.296,0.000,-2.704,0.000,1,1,0,0.000,2.108,3,0,1.000,2,46.957,3440.667,1.000,0.504,7.153,0.790,1.244,0.486,0.303,0.697,0.621,0.580
1845,61.500,0.000,0.000,0.000,0.000,0,0,0,0.000,0.000,3,0,1.000,0,46.957,3440.667,0.967,0.504,5.717,0.717,1.738,0.142,0.236,0.764,0.279,0.700
1848,61.600,0.000,0.000,0.000,0.000,0,0,0,0.000,0.000,3,0,1.000,0,46.957,3440.667,0.933,0.504,5.481,0.541,0.062,0.291,0.225,0.775,0.281,0.580
1851,61.700,0.000,434.753,0.000,415.030,1,0,1,0.000,1.471,3,0,1.000,2,46.957,3440.667,0.933,0.478,3.769,0.197,0.148,0.566,0.208,0.792,0.762,0.650
1854,61.800,390.493,0.000,380.198,0.000,1,1,0,0.000,1.887,3,0,1.000,2,46.957,3440.667,0.933,0.470,5.594,0.836,0.236,1.421,0.235,0.765,0.763,0.550
1857,61.900,0.000,0.000,0.000,0.000,0,0,0,0.000,0.000,3,0,1.000,0,46.957,3440.667,0.900,0.470,4.664,0.896,0.318,0.064,0.244,0.756,0.232,0.650
1860,62.000,0.000,425.231,0.000,-9.522,1,0,1,0.000,1.748,3,0,1.000,2,0.000,2731.844,0.900,0.467,4.622,0.813,0.364,0.007,0.234,0.766,0.737,0.650
1863,62.100,63.071,14.318,-327.422,-410.913,2,1,1,460.405,1.692,3,0,1.000,4,61.098,2159.637,0.900,0.459,4.474,0.684,0.358,0.095,0.229,0.771,0.852,0.650
1866,62.200,463.459,0.000,1.097,0.000,2,1,0,463.459,2.073,3,0,1.000,4,0.000,1510.117,0.900,0.450,5.742,0.754,0.277,0.731,0.238,0.762,0.879,0.500
1869,62.300,484.484,0.000,16.248,0.000,2,1,0,484.484,2.260,3,0,1.000,4,0.000,488.129,0.900,0.442,6.648,0.806,0.250,0.579,0.239,0.761,0.898,0.350
1872,62.400,498.744,484.004,14.260,469.686,2,1,1,505.408,2.437,3,0,1.000,4,0.000,376.640,0.900,0.433,6.896,0.737,0.266,0.117,0.211,0.789,0.909,0.500
1875,62.500,7.616,0.000,-491.129,0.000,1,1,0,0.000,2.401,3,0,1.000,2,0.000,376.640,0.900,0.433,7.875,0.669,0.338,0.132,0.197,0.803,0.620,0.650
1878,62.600,0.000,165.412,0.000,-318.593,1,0,1,0.000,1.748,3,0,1.000,1,0.000,376.640,0.900,0.433,8.035,0.506,0.448,0.014,0.204,0.796,0.783,0.500
1881,62.700,109.041,0.000,101.426,0.000,1,1,0,0.000,2.498,3,0,1.000,2,0.000,376.640,0.900,0.433,7.383,0.545,0.520,0.051,0.181,0.819,0.824,0.500
1884,62.800,25.807,0.000,-83.234,0.000,1,1,0,0.000,2.613,3,0,1.000,2,0.000,376.640,0.900,0.433,5.936,0.524,0.513,0.098,0.190,0.810,0.683,0.580
1887,62.900,19.925,0.000,-5.882,0.000,1,1,0,0.000,2.455,3,0,1.000,2,0.000,376.640,0.900,0.433,4.532,0.321,0.371,1.675,0.202,0.798,0.630,0.580
1890,63.000,13.000,0.000,-6.925,0.000,1,1,0,0.000,2.172,3,0,1.000,2,0.000,376.640,0.900,0.433,3.693,0.084,0.236,1.304,0.170,0.830,0.587,0.580
1893,63.100,9.220,0.000,-3.780,0.000,1,1,0,0.000,1.999,3,0,1.000,2,0.000,376.640,0.900,0.433,2.535,0.332,0.876,0.159,0.154,0.846,0.519,0.580
1896,63.200,10.770,0.000,1.551,0.000,1,1,0,0.000,1.685,3,0,1.000,2,0.000,376.640,0.900,0.433,2.386,0.316,0.647,2.072,0.153,0.847,0.525,0.580
1899,63.300,21.378,0.000,10.607,0.000,1,1,0,0.000,1.317,3,0,1.000,2,0.000,376.640,0.900,0.433,3.610,0.206,0.559,0.098,0.166,0.834,0.623,0.580
1902,63.400,17.117,0.000,-4.260,0.000,1,1,0,0.000,1.053,3,0,1.000,2,0.000,376.640,0.900,0.433,4.330,0.382,0.347,0.007,0.181,0.819,0.605,0.580
1905,63.500,127.012,0.000,109.895,0.000,1,1,0,0.000,1.041,3,0,1.000,2,0.000,376.640,0.900,0.433,13.986,0.080,0.265,0.574,0.444,0.556,0.872,0.694
1908,63.600,41.593,0.000,-85.419,0.000,1,1,0,0.000,1.107,4,1,0.966,2,0.000,376.640,0.900,0.433,10.789,0.723,0.765,2.968,0.249,0.751,0.878,0.750
1911,63.700,41.869,0.000,0.276,0.000,1,1,0,0.000,1.118,4,0,0.966,2,0.000,376.640,0.900,0.433,8.119,0.685,1.167,0.464,0.248,0.752,0.883,0.350
1914,63.800,0.000,736.601,0.000,571.189,1,0,1,0.000,1.723,4,0,0.966,2,0.000,443.345,0.900,0.433,7.550,0.782,1.215,0.479,0.261,0.739,0.882,0.500
1917,63.900,132.242,0.000,90.373,0.000,1,1,0,0.000,1.105,4,0,0.966,2,0.000,541.069,0.900,0.433,8.710,0.643,1.085,1.099,0.283,0.717,0.903,0.500
1920,64.000,0.000,200.639,0.000,-535.962,1,0,1,0.000,1.984,4,0,0.966,2,43.566,1278.175,0.900,0.433,10.398,0.693,1.006,0.607,0.250,0.750,0.899,0.500
1923,64.100,0.000,370.109,0.000,360.060,2,0,1,370.109,1.900,4,0,0.966,4,83.217,2162.034,0.900,0.433,11.113,0.641,0.904,0.029,0.239,0.761,1.000,0.650
1926,64.200,78.109,0.000,-54.133,0.000,1,1,0,0.000,0.919,3,1,0.931,2,26.926,2517.280,0.900,0.433,9.778,0.406,0.826,0.099,0.224,0.776,0.850,0.750
1929,64.300,26.401,0.000,-51.708,0.000,1,1,0,0.000,1.081,3,0,0.931,2,0.000,2486.544,0.900,0.454,9.433,0.476,0.820,0.150,0.226,0.774,0.741,0.580
1932,64.400,0.000,410.055,0.000,39.945,1,0,1,0.000,1.892,3,0,0.931,2,103.817,2513.294,0.900,0.454,6.885,0.517,1.112,0.339,0.227,0.773,0.814,0.577
1935,64.500,0.000,7.000,0.000,-403.055,1,0,1,0.000,2.125,3,0,0.931,2,54.231,2337.500,0.933,0.462,5.675,0.672,1.366,0.522,0.217,0.783,0.566,0.580
1938,64.600,0.000,0.000,0.000,0.000,0,0,0,0.000,0.000,3,0,0.931,0,54.231,2337.500,0.933,0.462,5.338,0.775,1.453,0.589,0.227,0.773,0.261,0.700
1941,64.700,0.000,40.706,0.000,33.706,1,0,1,0.000,2.112,3,0,0.931,2,0.000,1987.959,0.933,0.454,5.343,0.848,1.502,0.264,0.229,0.771,0.732,0.700
1944,64.800,0.000,11.045,0.000,-29.661,1,0,1,0.000,2.406,4,1,0.897,2,0.000,1330.008,0.933,0.463,5.482,0.856,1.555,0.168,0.222,0.778,0.640,0.750
1947,64.900,0.000,10.000,0.000,-1.045,1,0,1,0.000,2.142,4,0,0.897,3,118.983,1397.194,0.967,0.463,4.642,0.721,1.651,0.071,0.207,0.793,0.672,0.700
1950,65.000,0.000,11.402,0.000,1.402,1,0,1,0.000,1.928,4,0,0.897,3,0.000,1312.779,0.967,0.463,3.175,0.732,1.667,0.054,0.196,0.804,0.642,0.700
1953,65.100,457.564,8.602,431.163,-2.799,2,1,1,467.471,2.028,3,1,0.862,4,0.000,1184.675,0.967,0.463,3.065,0.874,0.580,0.013,0.195,0.805,0.811,0.750
1956,65.200,503.707,0.000,-3.644,0.000,2,1,0,503.707,1.876,3,0,0.862,4,19.235,905.669,0.967,0.463,3.813,0.807,0.228,0.299,0.194,0.806,0.835,0.500
1959,65.300,13.000,62.968,-490.707,54.366,2,1,1,521.138,2.135,3,0,0.862,4,22.023,778.004,0.967,0.446,4.485,0.837,0.080,0.345,0.198,0.802,0.850,0.500
1962,65.400,554.311,0.000,3.754,0.000,2,1,0,554.311,2.115,3,0,0.862,4,80.808,921.244,0.967,0.437,2.793,0.919,0.007,0.356,0.182,0.818,0.802,0.500
1965,65.500,564.685,0.000,-8.863,0.000,2,1,0,564.685,2.626,3,0,0.862,4,167.451,1406.747,0.967,0.428,2.489,0.933,0.172,0.115,0.176,0.824,0.793,0.750
1968,65.600,539.957,0.000,-12.590,0.000,2,1,0,539.957,2.727,3,0,0.862,4,76.217,1495.694,0.967,0.419,2.243,0.907,0.380,0.374,0.164,0.836,0.789,0.350
1971,65.700,512.182,0.000,-7.261,0.000,2,1,0,512.182,2.890,3,0,0.862,4,83.726,1587.138,0.967,0.410,2.823,0.896,0.595,0.302,0.179,0.821,0.804,0.350
1974,65.800,9.055,0.000,-503.126,0.000,1,1,0,0.000,3.096,3,0,0.862,2,83.726,1587.138,0.967,0.410,1.880,0.842,0.763,0.580,0.169,0.831,0.474,0.650
1977,65.900,9.849,0.000,0.793,0.000,1,1,0,0.000,2.941,3,0,0.862,2,83.726,1587.138,0.967,0.410,1.973,0.903,0.967,0.005,0.174,0.826,0.477,0.580
1980,66.000,29.069,57.000,19.220,-5.968,2,1,1,491.601,2.596,3,0,0.862,4,217.862,1916.387,0.967,0.400,1.940,0.874,1.131,0.068,0.177,0.823,0.783,0.750
1983,66.100,524.137,0.000,514.918,0.000,2,0,0,524.137,2.038,3,0,0.862,4,91.788,2125.089,0.967,0.400,1.628,0.765,1.285,0.286,0.151,0.849,0.703,0.550
1986,66.200,517.820,0.000,-10.975,0.000,2,0,0,517.820,2.036,3,0,0.862,3,166.604,3066.649,0.967,0.400,1.567,0.829,1.520,0.467,0.163,0.837,0.697,0.750
1989,66.300,531.373,0.000,0.103,0.000,2,0,0,531.373,2.065,3,0,0.862,4,2.236,3019.294,0.967,0.391,1.092,0.675,1.828,0.523,0.143,0.857,0.696,0.700
1992,66.400,509.742,0.000,-11.932,0.000,2,1,0,509.742,2.568,3,0,0.862,4,124.535,3357.500,0.967,0.389,1.382,0.876,2.099,0.428,0.156,0.844,0.769,0.700
1995,66.500,504.731,27.295,-5.011,-29.705,2,1,1,464.459,2.863,3,0,0.897,3,58.034,3344.364,0.967,0.379,1.055,0.682,2.214,0.187,0.224,0.776,0.775,0.700
1998,66.600,457.499,0.000,429.840,0.000,2,1,0,457.499,2.744,3,0,0.897,4,44.045,3265.494,0.967,0.379,1.891,0.618,2.164,2.495,0.165,0.835,0.800,0.700
2001,66.700,471.365,0.000,20.086,0.000,2,1,0,471.365,2.747,3,0,0.897,4,174.837,3796.354,0.967,0.379,1.697,0.563,1.931,0.371,0.095,0.905,0.799,0.750
2004,66.800,468.125,0.000,-0.730,0.000,2,1,0,468.125,2.748,3,0,0.897,4,173.046,3298.088,0.967,0.379,0.923,0.731,1.800,1.622,0.145,0.855,0.768,0.750
2007,66.900,484.982,0.000,-11.505,0.000,2,1,0,484.982,2.743,3,1,0.862,2,4.123,3229.844,0.967,0.379,0.895,0.756,1.781,1.268,0.132,0.868,0.805,0.750
2010,67.000,475.464,0.000,1.415,0.000,2,1,0,475.464,3.128,4,1,0.828,3,157.003,3506.149,0.967,0.389,1.047,0.650,1.629,1.115,0.146,0.854,0.832,0.750
2013,67.100,495.246,0.000,23.979,0.000,2,1,0,495.246,3.118,4,0,0.862,4,26.926,2513.387,0.967,0.389,3.456,0.791,1.539,0.229,0.186,0.814,0.927,0.700
2016,67.200,492.854,59.363,-2.392,32.069,2,1,1,510.988,3.114,4,0,0.862,4,25.554,2506.188,0.967,0.389,3.672,0.614,1.476,3.088,0.226,0.774,0.945,0.700
2019,67.300,23.259,0.000,-469.595,0.000,1,1,0,0.000,2.846,4,0,0.862,2,229.706,3157.620,0.967,0.389,1.699,0.813,1.476,2.341,0.156,0.844,0.621,0.750
2022,67.400,3.000,0.000,-20.259,0.000,1,1,0,0.000,2.515,4,0,0.862,1,229.706,3157.620,0.967,0.399,1.432,0.898,1.565,0.733,0.167,0.833,0.451,0.750
2025,67.500,5.000,0.000,2.000,0.000,1,1,0,0.000,2.516,4,1,0.828,1,229.706,3157.620,0.967,0.408,1.311,0.836,1.508,0.510,0.152,0.848,0.463,0.750
2028,67.600,6.403,0.000,1.403,0.000,1,1,0,0.000,2.211,4,0,0.828,1,229.706,3157.620,1.000,0.408,1.661,0.757,1.402,0.530,0.180,0.820,0.489,0.750
2031,67.700,7.071,0.000,0.668,0.000,1,1,0,0.000,2.198,4,0,0.862,1,229.706,3157.620,1.000,0.417,1.392,0.707,1.239,0.848,0.132,0.868,0.490,0.750
2034,67.800,0.000,0.000,0.000,0.000,0,0,0,0.000,0.000,4,0,0.862,0,229.706,3157.620,0.967,0.417,0.937,0.560,1.121,0.868,0.103,0.897,0.270,0.750
2037,67.900,0.000,0.000,0.000,0.000,0,0,0,0.000,0.000,4,0,0.862,0,229.706,3157.620,0.933,0.417,0.955,0.533,0.992,0.652,0.080,0.920,0.269,0.750
2040,68.000,0.000,0.000,0.000,0.000,0,0,0,0.000,0.000,4,0,0.897,0,229.706,3157.620,0.900,0.417,1.222,0.368,0.902,0.131,0.085,0.915,0.283,0.750
2043,68.100,0.000,0.000,0.000,0.000,0,0,0,0.000,0.000,4,0,0.897,0,229.706,3157.620,0.867,0.417,1.208,0.688,0.707,3.140,0.095,0.905,0.256,0.750
2046,68.200,436.096,0.000,-16.233,0.000,2,1,0,436.096,2.139,4,0,0.897,4,47.297,3150.900,0.867,0.348,1.355,0.537,0.686,0.389,0.103,0.897,0.880,0.650
2049,68.300,463.056,0.000,0.278,0.000,2,1,0,463.056,2.407,4,0,0.897,4,47.424,2955.767,0.867,0.339,1.190,0.797,0.626,0.863,0.121,0.879,0.858,0.350
2052,68.400,468.875,0.000,-10.630,0.000,2,1,0,468.875,2.740,3,1,0.862,4,35.805,2935.625,0.867,0.339,1.283,0.830,0.462,0.093,0.132,0.868,0.758,0.750
2055,68.500,439.496,0.000,-22.379,0.000,2,1,0,439.496,3.056,3,0,0.862,4,27.295,2905.894,0.867,0.339,1.980,0.799,0.201,0.327,0.152,0.848,0.778,0.350
2058,68.600,438.001,0.000,7.503,0.000,2,1,0,438.001,3.122,3,0,0.862,4,81.154,2491.839,0.867,0.339,1.989,0.831,0.090,0.151,0.133,0.867,0.776,0.350
2061,68.700,436.177,455.672,-1.825,396.309,2,1,1,404.821,3.119,3,0,0.862,4,65.734,1997.759,0.867,0.339,1.698,0.818,0.190,0.512,0.137,0.863,0.769,0.500
2064,68.800,2.236,4.472,-433.941,-451.200,2,1,1,398.378,3.093,3,0,0.862,4,176.182,2093.649,0.867,0.339,2.767,0.712,0.396,1.576,0.162,0.838,0.578,0.750
2067,68.900,17.029,4.472,14.793,0.000,2,1,1,406.872,2.949,3,0,0.862,4,71.169,2212.255,0.867,0.339,2.422,0.914,0.293,2.836,0.170,0.830,0.625,0.580
2070,69.000,16.279,0.000,-0.751,0.000,1,1,0,0.000,2.671,3,0,0.862,2,77.878,2209.939,0.867,0.339,1.938,0.791,0.166,0.116,0.184,0.816,0.508,0.650
2073,69.100,9.055,0.000,-7.223,0.000,1,1,0,0.000,2.666,3,0,0.862,2,93.193,1498.094,0.867,0.348,2.935,0.491,0.062,0.382,0.128,0.872,0.513,0.580
2076,69.200,31.016,39.850,21.961,35.378,2,1,1,483.944,2.649,3,0,0.862,4,67.007,1505.487,0.867,0.348,2.530,0.751,0.041,1.489,0.145,0.855,0.766,0.650
2079,69.300,0.000,421.318,0.000,-50.513,2,0,1,421.318,2.329,3,0,0.862,4,204.157,2155.194,0.867,0.339,2.376,0.327,0.149,1.305,0.087,0.913,0.821,0.750
2082,69.400,0.000,0.000,0.000,0.000,0,0,0,0.000,0.000,3,0,0.862,0,204.157,2155.194,0.833,0.339,2.432,0.423,0.277,1.934,0.080,0.920,0.201,0.750
2085,69.500,0.000,0.000,0.000,0.000,0,0,0,0.000,0.000,3,0,0.862,0,204.157,2155.194,0.800,0.339,3.113,0.487,0.424,0.751,0.113,0.887,0.210,0.750
2088,69.600,45.354,33.061,14.338,-388.258,2,1,1,360.846,2.624,4,1,0.828,5,76.276,2226.829,0.800,0.339,2.358,0.405,0.566,0.897,0.115,0.885,0.907,0.750
2091,69.700,417.077,0.000,358.553,0.000,2,1,0,417.077,2.396,4,0,0.828,5,176.649,2944.534,0.800,0.330,2.034,0.387,0.712,0.484,0.103,0.897,0.900,0.750
2094,69.800,374.156,18.028,-42.920,-15.033,2,1,1,381.602,2.546,4,0,0.862,4,150.572,3274.394,0.800,0.312,3.041,0.583,0.793,0.516,0.154,0.846,0.911,0.750
2097,69.900,10.000,10.050,-364.156,-7.978,2,1,1,382.143,2.523,3,1,0.862,4,82.037,3447.838,0.800,0.342,2.488,0.806,0.933,0.786,0.166,0.834,0.588,0.750
2100,70.000,5.099,3.000,-4.901,-7.050,2,1,1,382.573,2.553,3,0,0.862,4,193.197,3400.244,0.800,0.342,1.362,0.754,1.018,0.011,0.123,0.877,0.536,0.750
2103,70.100,11.705,14.422,6.606,11.422,2,1,1,387.640,2.297,3,0,0.862,4,66.483,3456.189,0.800,0.342,2.633,0.817,0.899,0.135,0.144,0.856,0.615,0.580
2106,70.200,9.220,7.280,-2.485,-7.142,2,1,1,375.996,2.103,3,0,0.862,4,69.426,3498.469,0.800,0.342,1.566,0.601,1.331,0.182,0.115,0.885,0.574,0.580
2109,70.300,10.770,2.236,1.551,-5.044,2,1,1,367.491,1.909,3,0,0.862,4,118.596,3623.788,0.800,0.342,1.113,0.304,3.125,3.026,0.092,0.908,0.592,0.700
2112,70.400,11.402,6.325,0.631,4.088,2,1,1,362.403,1.634,3,0,0.897,4,120.739,3872.454,0.800,0.342,1.478,0.532,1.745,0.552,0.121,0.879,0.589,0.700
2115,70.500,0.000,349.777,0.000,1.672,2,0,1,349.777,1.586,3,0,0.897,4,157.293,3497.908,0.800,0.342,2.678,0.867,1.306,2.636,0.191,0.809,0.782,0.750
2118,70.600,8.602,15.524,-2.799,-334.253,2,1,1,373.020,1.580,3,0,0.897,4,108.812,3634.150,0.800,0.342,1.645,0.827,1.311,0.176,0.154,0.846,0.595,0.605
2121,70.700,5.099,28.071,-3.503,12.547,2,1,1,399.962,1.438,3,0,0.897,4,195.010,3473.309,0.800,0.331,1.937,0.725,0.822,2.439,0.158,0.842,0.680,0.750
2124,70.800,433.757,0.000,417.478,0.000,2,1,0,433.757,1.310,3,0,0.897,4,102.083,3397.424,0.833,0.331,2.191,0.882,0.606,2.383,0.185,0.815,0.773,0.567
2127,70.900,465.725,0.000,16.307,0.000,2,1,0,465.725,1.783,3,0,0.897,4,139.807,3589.534,0.867,0.331,2.293,0.886,0.454,0.039,0.198,0.802,0.779,0.750
2130,71.000,23.770,396.570,-441.956,368.499,2,1,1,453.557,1.857,3,0,0.897,4,37.590,2830.180,0.900,0.358,1.762,0.799,0.297,0.197,0.166,0.834,0.776,0.500
2133,71.100,441.616,0.000,1.588,0.000,2,1,0,441.616,2.349,3,0,0.897,4,137.186,3003.437,0.933,0.358,1.121,0.536,0.069,1.095,0.130,0.870,0.782,0.750
2136,71.200,460.092,0.000,-7.519,0.000,2,1,0,460.092,2.491,3,0,0.897,4,27.586,2738.754,0.933,0.358,1.608,0.352,0.352,1.280,0.129,0.871,0.808,0.350
2139,71.300,0.000,427.739,0.000,31.169,1,0,1,0.000,1.955,3,0,0.931,2,223.761,4032.555,0.933,0.369,0.957,0.287,0.516,0.414,0.088,0.912,0.686,0.750
2142,71.400,0.000,25.318,0.000,-402.421,1,0,1,0.000,1.974,3,0,0.931,2,223.761,4032.555,0.933,0.369,1.221,0.444,1.080,0.996,0.111,0.889,0.572,0.750
2145,71.500,0.000,15.264,0.000,-10.054,1,0,1,0.000,2.300,3,0,0.931,2,223.761,4032.555,0.933,0.379,1.604,0.518,1.702,0.041,0.118,0.882,0.521,0.750
2148,71.600,0.000,430.610,0.000,412.582,2,0,1,430.610,1.956,3,0,0.931,4,13.601,3716.409,0.933,0.379,3.765,0.287,1.348,0.016,0.108,0.892,0.866,0.650
2151,71.700,463.728,443.438,3.636,12.828,2,1,1,436.647,2.738,3,0,0.931,4,69.065,3365.195,0.933,0.379,1.448,0.847,1.298,2.952,0.117,0.883,0.769,0.550
2154,71.800,10.630,4.123,-453.098,-439.315,2,1,1,441.131,2.641,3,0,0.931,4,243.417,4164.845,0.933,0.379,2.001,0.693,1.259,0.284,0.164,0.836,0.603,0.750
2157,71.900,12.000,31.016,1.370,26.893,2,1,1,398.704,2.320,3,0,0.931,4,113.719,4372.439,0.933,0.379,2.191,0.776,0.775,0.252,0.163,0.837,0.715,0.632
2160,72.000,16.643,3.162,4.643,-27.854,2,1,1,410.366,2.445,3,0,0.931,4,232.820,4540.787,0.933,0.379,1.824,0.781,0.550,0.326,0.158,0.842,0.625,0.750
2163,72.100,3.162,14.318,-13.481,11.156,2,1,1,421.100,2.525,3,0,0.931,4,111.400,4472.129,0.933,0.379,1.789,0.577,0.720,0.098,0.156,0.844,0.626,0.619
2166,72.200,0.000,417.968,0.000,414.805,2,0,1,417.968,1.620,3,0,0.931,4,116.726,4912.288,0.933,0.379,1.653,0.630,0.571,0.525,0.158,0.842,0.789,0.648
2169,72.300,7.616,423.869,4.453,5.901,2,1,1,436.492,2.437,3,0,0.931,4,117.388,4915.794,0.933,0.379,2.080,0.621,0.540,0.059,0.176,0.824,0.801,0.652
2172,72.400,0.000,12.166,0.000,-411.704,1,0,1,0.000,1.497,3,0,0.931,2,117.388,4915.794,0.967,0.379,2.716,0.657,0.534,2.598,0.174,0.826,0.525,0.652
2175,72.500,0.000,4.243,0.000,-7.923,1,0,1,0.000,1.238,3,0,0.966,2,117.388,4915.794,1.000,0.389,2.028,0.698,0.474,2.288,0.178,0.822,0.465,0.652
2178,72.600,0.000,10.050,0.000,5.807,1,0,1,0.000,1.289,3,0,0.966,1,117.388,4915.794,1.000,0.399,2.417,0.651,0.322,2.400,0.176,0.824,0.451,0.652
2181,72.700,0.000,30.150,0.000,20.100,1,0,1,0.000,1.154,3,0,0.966,1,293.218,6304.060,1.000,0.399,3.299,0.511,0.005,0.208,0.144,0.856,0.594,0.750
2184,72.800,0.000,31.145,0.000,0.995,1,0,1,0.000,0.996,3,0,1.000,1,293.218,6304.060,1.000,0.408,4.813,0.412,0.240,0.041,0.149,0.851,0.645,0.750
2187,72.900,550.848,0.000,543.233,0.000,1,1,0,0.000,2.373,3,0,1.000,1,293.218,6304.060,1.000,0.417,4.282,0.296,0.986,0.103,0.138,0.862,0.716,0.750
2190,73.000,15.811,0.000,-535.037,0.000,1,1,0,0.000,2.041,3,0,1.000,1,293.218,6304.060,1.000,0.426,3.505,0.610,1.568,0.078,0.124,0.876,0.513,0.750
2193,73.100,0.000,56.727,0.000,25.583,1,0,1,0.000,1.102,3,0,1.000,1,293.218,6304.060,1.000,0.426,2.836,0.662,1.803,1.928,0.154,0.846,0.655,0.750
2196,73.200,0.000,18.028,0.000,-38.700,1,0,1,0.000,0.773,4,1,0.966,2,182.981,9558.670,1.000,0.435,2.719,0.815,1.142,0.402,0.174,0.826,0.621,0.750
2199,73.300,0.000,7.000,0.000,-11.028,1,0,1,0.000,0.423,4,0,0.966,2,59.641,14888.637,1.000,0.435,1.399,0.741,1.269,0.145,0.127,0.873,0.532,0.580
2202,73.400,0.000,7.616,0.000,0.616,1,0,1,0.000,0.472,4,0,0.966,2,126.479,20011.638,1.000,0.444,1.373,0.235,1.165,2.259,0.086,0.914,0.570,0.703
2205,73.500,0.000,0.000,0.000,0.000,0,0,0,0.000,0.000,3,1,0.931,0,126.479,20011.638,0.967,0.444,2.366,0.625,1.018,0.499,0.159,0.841,0.201,0.750
2208,73.600,0.000,0.000,0.000,0.000,0,0,0,0.000,0.000,3,0,0.931,0,126.479,20011.638,0.933,0.444,3.965,0.856,1.216,0.036,0.183,0.817,0.221,0.703
2211,73.700,0.000,0.000,0.000,0.000,0,0,0,0.000,0.000,3,0,0.931,0,126.479,20011.638,0.900,0.444,2.671,0.851,1.431,0.601,0.168,0.832,0.185,0.703
2214,73.800,0.000,0.000,0.000,0.000,0,0,0,0.000,0.000,4,1,0.897,0,126.479,20011.638,0.867,0.444,2.486,0.872,1.563,0.046,0.178,0.822,0.275,0.750
2217,73.900,0.000,0.000,0.000,0.000,0,0,0,0.000,0.000,4,0,0.897,0,126.479,20011.638,0.833,0.444,1.927,0.910,1.626,0.334,0.146,0.854,0.254,0.703
2220,74.000,0.000,0.000,0.000,0.000,0,0,0,0.000,0.000,4,0,0.897,0,126.479,20011.638,0.800,0.444,3.305,0.427,1.435,0.316,0.151,0.849,0.319,0.703
2223,74.100,545.206,0.000,529.395,0.000,1,1,0,0.000,1.990,5,1,0.862,2,107.299,19669.099,0.800,0.334,2.462,0.600,1.533,0.105,0.110,0.890,0.738,0.750
2226,74.200,0.000,386.378,0.000,-167.752,2,0,1,386.378,0.833,5,0,0.862,4,77.201,19027.674,0.800,0.334,3.446,0.747,1.449,0.176,0.179,0.821,0.874,0.700
2229,74.300,0.000,25.080,0.000,-361.298,1,0,1,0.000,0.837,5,0,0.862,2,0.000,18353.650,0.800,0.334,3.715,0.853,1.159,0.184,0.199,0.801,0.640,0.650
2232,74.400,0.000,30.083,0.000,5.003,1,0,1,0.000,1.162,3,1,0.828,2,36.125,17380.398,0.800,0.334,4.014,0.793,0.542,0.073,0.194,0.806,0.628,0.750
2235,74.500,383.256,0.000,-161.951,0.000,1,1,0,0.000,2.285,3,0,0.828,2,0.000,15197.427,0.800,0.334,3.509,0.685,0.284,0.587,0.190,0.810,0.706,0.500
2238,74.600,0.000,24.331,0.000,-5.752,1,0,1,0.000,1.252,3,0,0.828,2,0.000,13396.504,0.800,0.341,4.467,0.515,0.159,1.780,0.189,0.811,0.627,0.580
2241,74.700,356.406,30.000,-26.850,5.669,2,1,1,314.441,2.388,3,0,0.828,4,0.000,10079.574,0.800,0.341,6.365,0.565,0.344,0.593,0.219,0.781,0.896,0.650
2244,74.800,0.000,10.000,0.000,-20.000,1,0,1,0.000,1.419,3,0,0.828,2,0.000,4213.869,0.800,0.341,5.111,0.695,0.538,1.810,0.210,0.790,0.551,0.650
2247,74.900,0.000,11.180,0.000,1.180,1,0,1,0.000,1.462,3,0,0.828,2,37.336,1967.469,0.800,0.349,2.987,0.617,0.817,1.307,0.174,0.826,0.510,0.580
2250,75.000,0.000,35.847,0.000,24.667,1,0,1,0.000,1.341,4,1,0.793,2,64.885,1709.419,0.800,0.349,3.757,0.570,0.942,1.387,0.184,0.816,0.739,0.750
2253,75.100,66.400,19.000,-290.005,-16.847,2,1,1,338.492,2.153,4,0,0.793,5,81.216,1608.578,0.800,0.349,3.930,0.703,1.018,1.307,0.193,0.807,0.925,0.650
2256,75.200,16.279,20.591,-50.121,1.591,2,1,1,371.058,1.976,4,0,0.793,5,98.732,1516.227,0.800,0.349,4.238,0.758,0.844,0.744,0.189,0.811,0.793,0.580
2259,75.300,15.033,20.000,-1.246,-0.591,2,1,1,369.391,1.706,3,1,0.759,4,67.186,1660.509,0.800,0.349,3.031,0.621,0.920,0.160,0.183,0.817,0.669,0.750
2262,75.400,19.925,23.324,4.892,3.324,2,1,1,338.013,1.724,3,0,0.759,4,32.894,1398.399,0.800,0.349,2.368,0.638,0.946,0.272,0.174,0.826,0.670,0.580
2265,75.500,19.105,7.071,-0.820,-16.253,2,1,1,336.086,1.841,3,0,0.759,4,86.313,1653.205,0.800,0.341,2.602,0.770,1.003,0.212,0.178,0.822,0.643,0.580
2268,75.600,32.280,5.000,13.175,-2.071,2,1,1,330.280,1.548,3,0,0.759,4,28.636,1385.670,0.800,0.326,2.715,0.924,0.882,0.005,0.188,0.812,0.709,0.580
2271,75.700,20.616,13.892,-11.664,8.892,2,1,1,339.324,1.419,3,0,0.759,4,34.000,1137.109,0.800,0.302,3.506,0.885,0.898,0.004,0.200,0.800,0.666,0.580
2274,75.800,12.530,23.087,-8.086,9.194,2,1,1,337.913,1.615,3,0,0.759,4,19.416,964.625,0.800,0.294,3.283,0.869,0.887,0.120,0.181,0.819,0.676,0.580
2277,75.900,6.000,20.396,-6.530,-2.691,2,1,1,332.483,1.579,3,0,0.759,4,13.416,901.739,0.800,0.389,2.880,0.869,1.058,0.072,0.170,0.830,0.650,0.580
2280,76.000,6.325,21.840,0.325,1.444,2,1,1,322.692,1.378,3,0,0.759,4,22.204,660.485,0.800,0.389,2.204,0.816,1.025,0.041,0.161,0.839,0.645,0.580
2283,76.100,18.358,7.071,12.033,-14.769,2,1,1,311.161,1.171,3,0,0.793,4,24.413,1319.549,0.800,0.379,1.731,0.881,0.918,0.061,0.158,0.842,0.610,0.580
2286,76.200,22.804,17.117,4.446,10.046,2,1,1,320.315,1.130,3,0,0.793,4,63.695,1340.798,0.800,0.369,2.170,0.866,0.501,0.022,0.169,0.831,0.646,0.580
2289,76.300,16.155,26.249,-6.648,9.132,2,1,1,360.014,1.124,3,0,0.793,4,57.271,1426.224,0.800,0.369,3.127,0.838,0.051,0.409,0.162,0.838,0.691,0.580
2292,76.400,30.150,22.361,13.994,-3.888,2,1,1,366.493,1.050,3,0,0.828,4,1.414,1592.797,0.800,0.358,3.628,0.845,0.356,0.279,0.185,0.815,0.725,0.580
2295,76.500,22.000,28.018,-8.150,5.657,2,1,1,373.430,1.416,3,0,0.828,4,0.000,1839.944,0.833,0.358,3.730,0.816,0.450,1.131,0.169,0.831,0.722,0.580
2298,76.600,20.881,5.831,-1.119,-22.187,2,1,1,368.879,1.759,3,0,0.828,4,113.004,1909.178,0.867,0.358,2.728,0.652,0.555,0.538,0.161,0.839,0.673,0.628
2301,76.700,11.662,13.601,-9.219,7.771,2,1,1,370.752,1.718,3,0,0.862,4,22.023,2024.194,0.900,0.358,2.351,0.718,0.627,1.824,0.156,0.844,0.622,0.580
2304,76.800,25.060,49.739,13.398,36.138,2,1,1,406.277,1.888,3,0,0.862,4,59.464,2179.620,0.933,0.358,3.145,0.630,0.855,1.401,0.187,0.813,0.827,0.550
2307,76.900,14.036,92.849,-11.024,43.110,2,1,1,374.365,1.671,3,0,0.862,4,34.525,2246.018,0.967,0.358,3.738,0.713,0.910,2.399,0.198,0.802,0.840,0.550
2310,77.000,13.601,0.000,-0.434,0.000,1,1,0,0.000,1.724,3,0,0.897,2,45.000,2149.549,1.000,0.369,2.780,0.789,0.891,0.110,0.171,0.829,0.530,0.650
2313,77.100,276.828,0.000,266.058,0.000,2,1,0,276.828,1.398,3,0,0.897,4,46.400,2104.318,1.000,0.369,2.853,0.703,0.801,0.630,0.174,0.826,0.822,0.650
2316,77.200,287.111,105.380,10.283,12.531,2,1,1,307.548,1.410,3,0,0.897,4,43.324,1650.405,1.000,0.369,2.597,0.707,0.824,1.763,0.189,0.811,0.815,0.550
2319,77.300,0.000,14.318,0.000,-91.062,1,0,1,0.000,1.131,3,0,0.931,2,55.073,1562.969,1.000,0.369,2.151,0.323,0.889,0.655,0.128,0.872,0.551,0.650
2322,77.400,0.000,30.067,0.000,15.749,1,0,1,0.000,0.964,3,0,0.931,2,42.426,1647.529,1.000,0.379,3.204,0.738,0.930,0.698,0.190,0.810,0.635,0.350
2325,77.500,81.006,24.515,-206.105,-5.551,2,1,1,443.633,1.110,3,0,0.931,4,198.862,1857.648,1.000,0.379,2.987,0.704,0.819,0.065,0.197,0.803,0.825,0.750
2328,77.600,29.069,26.173,-51.937,1.657,2,1,1,444.792,1.304,3,0,0.931,4,20.248,2018.994,1.000,0.379,2.354,0.398,0.645,0.270,0.142,0.858,0.743,0.450
2331,77.700,22.847,21.378,-6.222,-4.795,2,1,1,483.848,1.213,3,0,0.931,4,209.251,2501.509,1.000,0.379,1.743,0.631,0.416,1.578,0.140,0.860,0.676,0.750
2334,77.800,11.180,6.708,-11.667,-14.669,2,1,1,477.272,1.411,3,0,0.931,4,189.652,2920.325,1.000,0.379,1.547,0.714,0.262,1.025,0.125,0.875,0.601,0.750
2337,77.900,10.198,1.414,-0.982,-5.294,2,1,1,468.590,1.410,3,0,0.966,4,88.414,3350.807,1.000,0.379,1.632,0.647,0.294,0.937,0.134,0.866,0.602,0.580
2340,78.000,20.100,4.000,9.902,2.586,2,1,1,453.234,1.412,3,0,0.966,4,158.808,4125.689,1.000,0.379,1.070,0.037,0.538,1.659,0.101,0.899,0.686,0.750
2343,78.100,13.038,18.682,-7.061,14.682,2,1,1,448.830,1.710,3,0,0.966,4,23.707,4367.544,1.000,0.379,2.170,0.592,0.792,1.185,0.114,0.886,0.667,0.350
2346,78.200,11.402,7.071,-1.637,-11.610,2,1,1,445.601,1.699,3,0,1.000,4,15.811,4582.257,1.000,0.379,0.985,0.478,0.778,0.325,0.088,0.912,0.604,0.350
2349,78.300,14.765,0.000,3.363,0.000,1,1,0,0.000,2.015,3,0,1.000,2,0.000,4175.939,1.000,0.379,0.802,0.503,0.838,1.538,0.068,0.932,0.507,0.650
2352,78.400,4.123,48.508,-10.642,41.437,2,1,1,505.205,1.893,3,0,1.000,4,73.389,3689.744,1.000,0.379,1.558,0.471,1.121,2.560,0.081,0.919,0.806,0.650
2355,78.500,23.431,58.856,19.308,10.348,2,1,1,471.781,1.798,3,0,1.000,4,42.202,3742.278,1.000,0.379,1.984,0.236,1.459,0.327,0.138,0.862,0.833,0.700
2358,78.600,2.000,14.318,-21.431,-44.538,2,1,1,470.772,1.920,4,1,0.966,5,190.882,3753.100,1.000,0.379,1.804,0.630,1.578,2.935,0.123,0.877,0.731,0.750
2361,78.700,3.000,6.000,1.000,-8.318,2,1,1,471.971,2.078,4,0,0.966,5,91.788,3374.339,1.000,0.369,1.293,0.572,1.717,0.662,0.131,0.869,0.676,0.700
2364,78.800,11.000,7.000,8.000,1.000,2,1,1,489.311,2.066,4,0,0.966,4,200.385,3844.480,1.000,0.369,1.047,0.730,1.812,1.317,0.113,0.887,0.686,0.750
2367,78.900,29.732,7.810,18.732,0.810,2,1,1,465.996,2.142,4,0,0.966,4,182.913,3682.894,1.000,0.358,0.918,0.371,1.766,0.716,0.110,0.890,0.812,0.750
2370,79.000,28.018,7.211,-1.714,-0.599,2,1,1,473.925,1.967,4,0,0.966,5,160.627,3624.394,1.000,0.358,2.021,0.296,2.030,1.942,0.145,0.855,0.835,0.750
2373,79.100,13.000,6.403,-15.018,-0.808,2,1,1,479.964,1.936,4,0,0.966,5,177.248,3651.939,1.000,0.358,1.803,0.355,2.307,1.027,0.135,0.865,0.742,0.750
2376,79.200,15.811,7.211,2.811,0.808,2,1,1,498.747,1.878,4,0,0.966,5,28.302,3736.544,1.000,0.358,2.624,0.364,2.745,2.274,0.113,0.887,0.778,0.700
2379,79.300,18.601,8.062,2.790,0.851,2,1,1,479.070,1.973,4,0,0.966,5,24.331,3648.464,1.000,0.347,1.548,0.622,2.351,3.112,0.092,0.908,0.749,0.700
2382,79.400,21.213,12.530,2.612,4.468,2,1,1,457.695,1.686,4,0,0.966,5,181.108,4030.775,1.000,0.347,4.034,0.372,1.882,0.107,0.149,0.851,0.843,0.750
2385,79.500,26.926,15.556,5.713,3.026,2,1,1,423.691,1.323,5,0,0.966,4,174.642,3678.489,1.000,0.347,5.264,0.416,1.397,0.194,0.185,0.815,0.866,0.750
2388,79.600,38.897,19.105,11.971,3.549,2,1,1,381.077,1.351,5,0,0.966,4,152.958,3532.464,1.000,0.347,5.360,0.483,0.668,0.115,0.211,0.789,0.930,0.750
2391,79.700,36.401,9.434,-2.497,-9.671,2,1,1,362.693,1.177,5,0,0.966,4,141.767,3477.298,1.000,0.347,5.228,0.521,0.312,0.012,0.239,0.761,0.910,0.750
2394,79.800,15.000,5.099,-21.401,-4.335,2,1,1,354.109,0.878,4,0,0.966,4,154.315,3559.889,1.000,0.347,4.197,0.561,0.198,0.174,0.231,0.769,0.799,0.750
2397,79.900,362.795,0.000,361.380,0.000,2,1,0,362.795,0.888,4,0,0.966,4,149.753,3635.765,1.000,0.347,2.084,0.779,0.640,2.781,0.227,0.773,0.898,0.750
2400,80.000,365.604,16.031,2.809,10.932,2,1,1,373.708,1.044,4,0,0.966,4,58.600,4319.698,1.000,0.347,1.495,0.872,0.971,0.432,0.195,0.805,0.876,0.500
2403,80.100,6.708,5.099,-358.895,-10.932,2,1,1,380.580,1.076,5,1,0.931,4,216.120,4286.444,1.000,0.347,1.306,0.833,1.037,0.527,0.153,0.847,0.626,0.750
2406,80.200,8.485,0.000,1.777,0.000,1,1,0,0.000,1.086,4,1,0.897,1,216.120,4286.444,1.000,0.358,0.732,0.555,1.152,0.102,0.096,0.904,0.492,0.750
2409,80.300,13.038,0.000,4.553,0.000,1,1,0,0.000,1.282,5,1,0.862,2,216.120,4286.444,1.000,0.358,0.853,0.507,1.246,1.057,0.106,0.894,0.550,0.750
2412,80.400,12.000,0.000,-1.038,0.000,1,1,0,0.000,1.288,4,1,0.828,2,39.598,4109.905,1.000,0.369,0.806,0.520,1.298,0.126,0.100,0.900,0.560,0.750
2415,80.500,10.198,0.000,-1.802,0.000,1,1,0,0.000,1.463,4,0,0.828,2,54.037,3897.329,1.000,0.369,0.882,0.528,1.752,0.045,0.118,0.882,0.552,0.700
2418,80.600,17.263,0.000,7.065,0.000,1,1,0,0.000,1.631,4,0,0.828,2,38.419,3593.944,1.000,0.379,1.855,0.852,2.151,0.532,0.196,0.804,0.593,0.700
2421,80.700,23.601,0.000,6.338,0.000,1,1,0,0.000,1.446,4,0,0.828,2,74.061,3366.688,1.000,0.389,1.977,0.591,2.477,0.330,0.133,0.867,0.649,0.700
2424,80.800,3.162,0.000,-20.439,0.000,1,1,0,0.000,1.211,4,0,0.828,2,73.410,2998.749,1.000,0.389,1.387,0.288,1.875,1.288,0.096,0.904,0.542,0.700
2427,80.900,7.280,0.000,4.118,0.000,1,1,0,0.000,1.478,4,0,0.828,2,17.263,2865.294,1.000,0.399,1.366,0.777,1.854,2.041,0.137,0.863,0.530,0.700
2430,81.000,13.000,0.000,5.720,0.000,1,1,0,0.000,1.599,4,0,0.828,2,59.228,2654.704,1.000,0.399,1.361,0.469,0.758,0.711,0.094,0.906,0.583,0.350
2433,81.100,10.296,0.000,-2.704,0.000,1,1,0,0.000,1.439,4,0,0.828,2,9.849,2639.624,1.000,0.408,1.667,0.709,0.059,2.713,0.171,0.829,0.559,0.580
2436,81.200,0.000,368.307,0.000,363.208,1,0,1,0.000,0.781,4,0,0.828,2,39.459,2388.287,1.000,0.417,1.622,0.796,0.270,0.026,0.173,0.827,0.745,0.500
2439,81.300,13.038,0.000,2.743,0.000,1,1,0,0.000,1.572,4,1,0.793,1,2.828,1997.858,1.000,0.417,1.145,0.893,0.575,0.592,0.175,0.825,0.504,0.750
2442,81.400,16.971,0.000,3.932,0.000,1,1,0,0.000,1.378,5,1,0.759,2,24.331,1547.750,1.000,0.426,1.351,0.826,0.853,0.078,0.161,0.839,0.562,0.750
2445,81.500,10.000,0.000,-6.971,0.000,1,1,0,0.000,1.130,4,1,0.759,1,4.000,474.084,1.000,0.435,1.611,0.886,0.918,0.014,0.204,0.796,0.499,0.750
2448,81.600,7.071,0.000,-2.929,0.000,1,1,0,0.000,1.208,3,1,0.724,2,26.173,440.619,1.000,0.435,1.309,0.881,0.881,0.211,0.163,0.837,0.450,0.750
2451,81.700,8.944,0.000,1.873,0.000,1,1,0,0.000,1.368,3,0,0.724,2,70.385,558.594,1.000,0.444,1.339,0.891,0.847,0.185,0.175,0.825,0.461,0.580
2454,81.800,8.062,0.000,-0.882,0.000,1,1,0,0.000,1.253,3,0,0.724,2,70.385,558.594,1.000,0.453,1.199,0.784,0.779,0.447,0.152,0.848,0.460,0.580
2457,81.900,1.000,0.000,-7.062,0.000,1,1,0,0.000,1.419,3,0,0.724,2,70.385,558.594,1.000,0.453,1.232,0.700,0.751,0.509,0.145,0.855,0.427,0.580
2460,82.000,15.232,0.000,14.232,0.000,1,1,0,0.000,1.603,3,0,0.724,2,108.904,994.114,1.000,0.462,1.799,0.794,0.726,0.300,0.161,0.839,0.514,0.605
2463,82.100,38.471,0.000,23.239,0.000,1,1,0,0.000,1.585,3,0,0.724,2,26.249,998.059,1.000,0.462,2.056,0.934,0.624,0.026,0.207,0.793,0.640,0.350
2466,82.200,26.420,0.000,-12.051,0.000,1,1,0,0.000,1.561,3,0,0.724,2,94.541,1017.337,1.000,0.470,2.099,0.926,0.619,1.121,0.205,0.795,0.574,0.525
2469,82.300,349.777,0.000,342.161,0.000,2,1,0,349.777,1.544,3,0,0.724,3,97.324,1106.265,1.000,0.470,2.511,0.952,0.587,0.407,0.208,0.792,0.796,0.650
2472,82.400,347.023,0.000,-2.754,0.000,1,1,0,0.000,1.616,3,0,0.724,2,6.708,1078.099,1.000,0.470,2.076,0.934,0.535,0.314,0.176,0.824,0.677,0.650
2475,82.500,355.360,0.000,350.888,0.000,2,1,0,355.360,1.476,4,1,0.690,4,22.804,1115.910,1.000,0.470,2.467,0.867,0.411,1.059,0.172,0.828,0.901,0.750
2478,82.600,374.863,0.000,1.572,0.000,2,1,0,374.863,1.823,4,0,0.690,4,26.249,1091.457,1.000,0.470,2.815,0.879,0.239,0.289,0.184,0.816,0.909,0.350
2481,82.700,416.434,0.000,41.571,0.000,1,1,0,0.000,2.209,4,0,0.690,2,47.297,1143.344,1.000,0.479,3.440,0.838,0.031,0.316,0.208,0.792,0.787,0.650
2484,82.800,0.000,0.000,0.000,0.000,0,0,0,0.000,0.000,3,1,0.655,0,47.297,1143.344,0.967,0.479,3.144,0.808,0.399,0.202,0.181,0.819,0.208,0.750
2487,82.900,91.082,0.000,-325.351,0.000,1,1,0,0.000,2.200,3,0,0.655,2,47.297,1143.344,0.967,0.471,2.095,0.854,1.597,0.855,0.198,0.802,0.679,0.700
2490,83.000,17.000,0.000,-74.082,0.000,1,1,0,0.000,2.115,3,0,0.690,2,190.790,2085.654,0.967,0.480,1.969,0.898,2.068,0.171,0.194,0.806,0.517,0.750
2493,83.100,13.038,0.000,-3.962,0.000,1,1,0,0.000,1.913,4,1,0.690,2,13.038,2869.494,0.967,0.480,1.607,0.778,2.085,0.054,0.153,0.847,0.564,0.750
2496,83.200,10.440,0.000,-2.598,0.000,1,1,0,0.000,1.919,4,0,0.724,2,10.440,3481.887,0.967,0.480,1.592,0.795,2.138,0.350,0.136,0.864,0.548,0.700
2499,83.300,28.792,0.000,18.352,0.000,1,1,0,0.000,1.637,4,0,0.759,2,28.792,3802.989,0.967,0.480,2.312,0.305,2.296,1.496,0.108,0.892,0.702,0.700
2502,83.400,45.607,0.000,16.815,0.000,1,1,0,0.000,1.259,4,0,0.759,2,110.860,3848.489,0.967,0.480,1.490,0.691,2.647,0.078,0.051,0.949,0.745,0.700
2505,83.500,30.806,0.000,-14.801,0.000,1,1,0,0.000,0.873,4,0,0.759,2,102.391,3789.784,0.967,0.480,1.161,0.546,2.971,1.848,0.121,0.879,0.668,0.700
2508,83.600,0.000,0.000,0.000,0.000,0,0,0,0.000,0.000,4,0,0.759,0,102.391,3789.784,0.933,0.480,12.087,0.114,2.864,2.060,0.359,0.641,0.474,0.700
2511,83.700,0.000,184.024,0.000,-184.282,1,0,1,0.000,1.016,7,1,0.724,4,123.907,4372.198,0.933,0.466,2.384,0.675,5.025,0.636,0.117,0.883,0.777,0.750
2514,83.800,0.000,0.000,0.000,0.000,0,0,0,0.000,0.000,7,0,0.724,0,123.907,4372.198,0.900,0.466,1.506,0.423,4.787,0.869,0.092,0.908,0.286,0.700
2517,83.900,0.000,0.000,0.000,0.000,0,0,0,0.000,0.000,7,0,0.724,0,123.907,4372.198,0.867,0.466,1.901,0.420,3.251,0.055,0.072,0.928,0.292,0.700
2520,84.000,0.000,0.000,0.000,0.000,0,0,0,0.000,0.000,7,0,0.724,0,123.907,4372.198,0.833,0.466,1.912,0.579,2.980,1.332,0.055,0.945,0.277,0.700
2523,84.100,0.000,0.000,0.000,0.000,0,0,0,0.000,0.000,7,0,0.724,0,123.907,4372.198,0.800,0.466,1.971,0.598,2.423,2.885,0.138,0.862,0.273,0.700
2526,84.200,0.000,0.000,0.000,0.000,0,0,0,0.000,0.000,7,0,0.759,0,123.907,4372.198,0.767,0.466,3.102,0.608,1.791,0.823,0.071,0.929,0.297,0.700
2529,84.300,0.000,0.000,0.000,0.000,0,0,0,0.000,0.000,7,0,0.793,0,123.907,4372.198,0.733,0.466,1.423,0.729,1.188,2.035,0.118,0.882,0.243,0.688
2532,84.400,0.000,0.000,0.000,0.000,0,0,0,0.000,0.000,7,0,0.828,0,123.907,4372.198,0.700,0.466,0.827,0.266,0.771,1.253,0.092,0.908,0.256,0.688
2535,84.500,0.000,0.000,0.000,0.000,0,0,0,0.000,0.000,7,0,0.862,0,123.907,4372.198,0.667,0.466,2.043,0.510,0.600,0.239,0.101,0.899,0.265,0.688
2538,84.600,0.000,0.000,0.000,0.000,0,0,0,0.000,0.000,7,0,0.862,0,123.907,4372.198,0.633,0.466,3.408,0.738,0.581,0.274,0.112,0.888,0.280,0.688
2541,84.700,159.138,0.000,128.332,0.000,1,1,0,0.000,0.550,7,0,0.862,4,0.000,5196.008,0.633,0.317,3.145,0.669,0.755,0.400,0.167,0.833,0.761,0.650
2544,84.800,0.000,0.000,0.000,0.000,0,0,0,0.000,0.000,7,0,0.862,0,0.000,5196.008,0.600,0.317,2.115,0.769,0.915,0.891,0.177,0.823,0.241,0.650
2547,84.900,0.000,83.648,0.000,-100.376,1,0,1,0.000,1.159,6,1,0.828,4,24.042,5420.757,0.600,0.315,1.690,0.818,0.846,1.410,0.157,0.843,0.727,0.750
2550,85.000,0.000,11.705,0.000,-71.943,1,0,1,0.000,1.171,6,0,0.828,4,11.705,5731.424,0.600,0.303,1.201,0.786,0.880,1.630,0.134,0.866,0.532,0.580
2553,85.100,0.000,0.000,0.000,0.000,0,0,0,0.000,0.000,6,0,0.828,0,11.705,5731.424,0.567,0.303,0.781,0.639,0.876,0.028,0.104,0.896,0.213,0.650
2556,85.200,0.000,0.000,0.000,0.000,0,0,0,0.000,0.000,6,0,0.828,0,11.705,5731.424,0.533,0.303,1.595,0.629,0.353,1.399,0.109,0.891,0.230,0.580
2559,85.300,0.000,0.000,0.000,0.000,0,0,0,0.000,0.000,6,0,0.828,0,11.705,5731.424,0.500,0.303,0.951,0.354,0.382,0.363,0.087,0.913,0.229,0.580
2562,85.400,0.000,0.000,0.000,0.000,0,0,0,0.000,0.000,6,0,0.862,0,11.705,5731.424,0.467,0.303,1.245,0.744,0.367,0.531,0.134,0.866,0.205,0.580
2565,85.500,0.000,0.000,0.000,0.000,0,0,0,0.000,0.000,6,0,0.862,0,11.705,5731.424,0.433,0.303,1.683,0.950,0.379,0.469,0.145,0.855,0.198,0.580
2568,85.600,37.855,0.000,-121.283,0.000,1,1,0,0.000,0.552,6,0,0.862,4,9.434,5868.869,0.433,0.301,1.621,0.899,0.370,0.772,0.157,0.843,0.660,0.650
2571,85.700,0.000,0.000,0.000,0.000,0,0,0,0.000,0.000,6,0,0.897,0,9.434,5868.869,0.400,0.301,1.353,0.836,0.356,0.560,0.149,0.851,0.193,0.650
2574,85.800,0.000,0.000,0.000,0.000,0,0,0,0.000,0.000,5,0,0.897,0,9.434,5868.869,0.400,0.301,1.205,0.891,0.393,0.309,0.131,0.869,0.186,0.580
2577,85.900,0.000,0.000,0.000,0.000,0,0,0,0.000,0.000,5,0,0.897,0,9.434,5868.869,0.367,0.301,1.383,0.759,0.352,1.207,0.153,0.847,0.195,0.580
2580,86.000,30.529,0.000,-7.326,0.000,1,1,0,0.000,0.809,5,0,0.931,4,41.785,6079.688,0.367,0.303,1.994,0.737,0.301,0.230,0.156,0.844,0.656,0.650
2583,86.100,0.000,19.313,0.000,7.609,1,0,1,0.000,1.254,5,0,0.931,4,65.460,6388.334,0.367,0.298,2.061,0.847,0.304,1.980,0.171,0.829,0.588,0.580
2586,86.200,0.000,16.279,0.000,-3.034,1,0,1,0.000,1.413,5,0,0.931,4,32.650,6673.084,0.367,0.292,2.107,0.851,0.385,0.054,0.170,0.830,0.572,0.580
2589,86.300,0.000,12.369,0.000,-3.910,1,0,1,0.000,1.553,5,0,0.931,4,0.000,7396.837,0.367,0.287,2.125,0.634,0.452,0.936,0.161,0.839,0.565,0.580
2592,86.400,0.000,7.616,0.000,-4.754,1,0,1,0.000,1.566,5,0,0.931,4,0.000,5194.490,0.367,0.287,2.126,0.628,0.447,0.406,0.166,0.834,0.539,0.580
2595,86.500,0.000,14.765,0.000,7.149,1,0,1,0.000,1.664,5,0,0.931,4,0.000,2629.929,0.367,0.287,3.075,0.857,0.442,0.296,0.184,0.816,0.587,0.580
2598,86.600,0.000,36.139,0.000,21.374,1,0,1,0.000,1.454,5,0,0.966,4,58.138,1882.039,0.400,0.277,3.960,0.804,0.395,0.005,0.200,0.800,0.736,0.350
2601,86.700,0.000,0.000,0.000,0.000,0,0,0,0.000,0.000,5,0,0.966,0,58.138,1882.039,0.367,0.277,13.128,0.158,0.080,1.275,0.321,0.679,0.403,0.650
2604,86.800,0.000,0.000,0.000,0.000,0,0,0,0.000,0.000,4,1,0.931,0,58.138,1882.039,0.367,0.277,1.247,0.901,0.995,1.191,0.175,0.825,0.182,0.750
2607,86.900,0.000,0.000,0.000,0.000,0,0,0,0.000,0.000,5,1,0.897,0,58.138,1882.039,0.367,0.277,2.945,0.934,1.027,0.569,0.218,0.782,0.222,0.750
2610,87.000,0.000,0.000,0.000,0.000,0,0,0,0.000,0.000,4,1,0.862,0,58.138,1882.039,0.367,0.277,4.033,0.919,1.202,0.016,0.230,0.770,0.250,0.750
2613,87.100,0.000,0.000,0.000,0.000,0,0,0,0.000,0.000,4,0,0.862,0,58.138,1882.039,0.367,0.277,3.990,0.913,1.413,0.039,0.239,0.761,0.250,0.700
2616,87.200,0.000,0.000,0.000,0.000,0,0,0,0.000,0.000,4,0,0.862,0,58.138,1882.039,0.367,0.277,2.606,0.808,1.636,0.902,0.221,0.779,0.223,0.700
2619,87.300,0.000,0.000,0.000,0.000,0,0,0,0.000,0.000,5,1,0.828,0,58.138,1882.039,0.367,0.277,2.665,0.839,2.075,0.512,0.252,0.748,0.222,0.750
2622,87.400,0.000,0.000,0.000,0.000,0,0,0,0.000,0.000,5,0,0.828,0,58.138,1882.039,0.367,0.277,3.664,0.878,2.206,0.309,0.279,0.721,0.244,0.700
2625,87.500,0.000,0.000,0.000,0.000,0,0,0,0.000,0.000,5,0,0.828,0,58.138,1882.039,0.367,0.277,12.009,0.340,2.457,0.834,0.462,0.538,0.390,0.712
2628,87.600,0.000,0.000,0.000,0.000,0,0,0,0.000,0.000,3,1,0.793,0,58.138,1882.039,0.367,0.277,13.085,0.801,3.405,2.647,0.309,0.691,0.258,0.750
2631,87.700,0.000,0.000,0.000,0.000,0,0,0,0.000,0.000,3,0,0.793,0,58.138,1882.039,0.333,0.277,8.353,0.650,5.819,0.075,0.282,0.718,0.265,0.700
2634,87.800,0.000,0.000,0.000,0.000,0,0,0,0.000,0.000,3,0,0.828,0,58.138,1882.039,0.333,0.277,6.353,0.694,9.187,0.182,0.270,0.730,0.220,0.700
2637,87.900,0.000,0.000,0.000,0.000,0,0,0,0.000,0.000,3,0,0.828,0,58.138,1882.039,0.300,0.277,5.860,0.832,9.856,0.560,0.264,0.736,0.194,0.700
2640,88.000,0.000,0.000,0.000,0.000,0,0,0,0.000,0.000,3,0,0.828,0,58.138,1882.039,0.267,0.277,5.511,0.914,9.796,0.392,0.242,0.758,0.176,0.700
2643,88.100,0.000,0.000,0.000,0.000,0,0,0,0.000,0.000,3,0,0.828,0,58.138,1882.039,0.267,0.277,4.589,0.836,7.610,1.335,0.231,0.769,0.158,0.700
2646,88.200,0.000,0.000,0.000,0.000,0,0,0,0.000,0.000,3,0,0.828,0,58.138,1882.039,0.267,0.277,4.490,0.877,5.483,1.303,0.233,0.767,0.153,0.700
2649,88.300,0.000,0.000,0.000,0.000,0,0,0,0.000,0.000,3,0,0.828,0,58.138,1882.039,0.267,0.277,4.294,0.845,0.954,0.023,0.235,0.765,0.150,0.580
2652,88.400,0.000,0.000,0.000,0.000,0,0,0,0.000,0.000,3,0,0.828,0,58.138,1882.039,0.267,0.277,3.391,0.861,1.021,0.162,0.213,0.787,0.127,0.580
2655,88.500,0.000,0.000,0.000,0.000,0,0,0,0.000,0.000,3,0,0.828,0,58.138,1882.039,0.267,0.277,3.513,0.476,1.001,0.969,0.188,0.812,0.157,0.580
2658,88.600,0.000,0.000,0.000,0.000,0,0,0,0.000,0.000,3,0,0.828,0,58.138,1882.039,0.233,0.277,2.509,0.208,0.934,1.866,0.197,0.803,0.146,0.580
2661,88.700,0.000,0.000,0.000,0.000,0,0,0,0.000,0.000,3,0,0.828,0,58.138,1882.039,0.233,0.277,2.440,0.508,0.848,2.309,0.196,0.804,0.123,0.580
2664,88.800,0.000,0.000,0.000,0.000,0,0,0,0.000,0.000,3,0,0.828,0,58.138,1882.039,0.233,0.277,3.587,0.294,0.825,3.129,0.219,0.781,0.167,0.580
2667,88.900,0.000,0.000,0.000,0.000,0,0,0,0.000,0.000,3,0,0.828,0,58.138,1882.039,0.233,0.277,2.964,0.436,0.826,1.231,0.227,0.773,0.142,0.580
2670,89.000,0.000,0.000,0.000,0.000,0,0,0,0.000,0.000,3,0,0.828,0,58.138,1882.039,0.200,0.277,3.770,0.120,0.767,0.313,0.220,0.780,0.180,0.580
2673,89.100,0.000,0.000,0.000,0.000,0,0,0,0.000,0.000,3,0,0.828,0,58.138,1882.039,0.167,0.277,3.390,0.429,0.253,2.169,0.203,0.797,0.145,0.580
2676,89.200,0.000,0.000,0.000,0.000,0,0,0,0.000,0.000,3,0,0.828,0,58.138,1882.039,0.133,0.277,3.888,0.377,0.128,1.958,0.203,0.797,0.157,0.580
2679,89.300,0.000,0.000,0.000,0.000,0,0,0,0.000,0.000,3,0,0.828,0,58.138,1882.039,0.100,0.277,3.419,0.423,0.304,1.912,0.214,0.786,0.138,0.580
2682,89.400,0.000,0.000,0.000,0.000,0,0,0,0.000,0.000,3,0,0.828,0,58.138,1882.039,0.067,0.277,2.624,0.679,0.431,0.984,0.210,0.790,0.096,0.580
2685,89.500,0.000,0.000,0.000,0.000,0,0,0,0.000,0.000,3,0,0.828,0,58.138,1882.039,0.033,0.277,3.078,0.736,0.564,1.550,0.252,0.748,0.099,0.580
2688,89.600,0.000,0.000,0.000,0.000,0,0,0,0.000,0.000,3,0,0.828,0,58.138,1882.039,0.000,0.277,4.498,0.867,0.660,0.430,0.244,0.756,0.122,0.580
2691,89.700,0.000,0.000,0.000,0.000,0,0,0,0.000,0.000,3,0,0.862,0,58.138,1882.039,0.000,0.277,3.140,0.782,0.676,0.054,0.204,0.796,0.094,0.580
2694,89.800,0.000,0.000,0.000,0.000,0,0,0,0.000,0.000,3,0,0.897,0,58.138,1882.039,0.000,0.277,4.640,0.782,0.632,1.921,0.243,0.757,0.131,0.580
2697,89.900,0.000,0.000,0.000,0.000,0,0,0,0.000,0.000,3,0,0.931,0,58.138,1882.039,0.000,0.277,5.241,0.804,0.726,1.770,0.229,0.771,0.145,0.580
2700,90.000,0.000,0.000,0.000,0.000,0,0,0,0.000,0.000,3,0,0.931,0,58.138,1882.039,0.000,0.277,2.439,0.709,0.701,0.656,0.214,0.786,0.081,0.580
2703,90.100,0.000,0.000,0.000,0.000,0,0,0,0.000,0.000,3,0,0.931,0,58.138,1882.039,0.000,0.277,1.501,0.682,0.708,0.444,0.176,0.824,0.060,0.580
2706,90.200,0.000,0.000,0.000,0.000,0,0,0,0.000,0.000,3,0,0.966,0,58.138,1882.039,0.000,0.277,2.805,0.826,0.682,0.878,0.222,0.778,0.082,0.580
2709,90.300,0.000,0.000,0.000,0.000,0,0,0,0.000,0.000,3,0,0.966,0,58.138,1882.039,0.000,0.277,1.924,0.684,0.669,0.315,0.178,0.822,0.070,0.580
2712,90.400,0.000,0.000,0.000,0.000,0,0,0,0.000,0.000,3,0,0.966,0,58.138,1882.039,0.000,0.277,2.088,0.376,0.734,3.094,0.130,0.870,0.096,0.580
2715,90.500,0.000,0.000,0.000,0.000,0,0,0,0.000,0.000,3,0,1.000,0,58.138,1882.039,0.000,0.277,1.291,0.514,0.730,1.749,0.150,0.850,0.066,0.580
2718,90.600,0.000,0.000,0.000,0.000,0,0,0,0.000,0.000,3,0,1.000,0,58.138,1882.039,0.000,0.277,3.411,0.592,0.722,1.690,0.227,0.773,0.114,0.580
2721,90.700,0.000,0.000,0.000,0.000,0,0,0,0.000,0.000,3,0,1.000,0,58.138,1882.039,0.000,0.277,5.258,0.647,0.817,0.078,0.236,0.764,0.156,0.580
2724,90.800,0.000,0.000,0.000,0.000,0,0,0,0.000,0.000,3,0,1.000,0,58.138,1882.039,0.000,0.277,4.006,0.717,0.784,0.095,0.227,0.773,0.120,0.580
2727,90.900,0.000,0.000,0.000,0.000,0,0,0,0.000,0.000,3,0,1.000,0,58.138,1882.039,0.000,0.277,4.654,0.916,0.684,0.088,0.238,0.762,0.122,0.580
2730,91.000,0.000,0.000,0.000,0.000,0,0,0,0.000,0.000,3,0,1.000,0,58.138,1882.039,0.000,0.277,6.124,0.931,0.359,0.139,0.245,0.755,0.158,0.580
2733,91.100,0.000,0.000,0.000,0.000,0,0,0,0.000,0.000,3,0,1.000,0,58.138,1882.039,0.000,0.277,7.332,0.920,0.110,0.162,0.245,0.755,0.189,0.580
2736,91.200,0.000,0.000,0.000,0.000,0,0,0,0.000,0.000,3,0,1.000,0,58.138,1882.039,0.000,0.277,9.233,0.894,0.415,0.121,0.248,0.752,0.207,0.580
2739,91.300,0.000,0.000,0.000,0.000,0,0,0,0.000,0.000,3,0,1.000,0,58.138,1882.039,0.000,0.277,13.650,0.828,1.309,0.512,0.256,0.744,0.212,0.580
2742,91.400,0.000,0.000,0.000,0.000,0,0,0,0.000,0.000,3,0,1.000,0,58.138,1882.039,0.000,0.277,10.944,0.841,2.148,0.385,0.226,0.774,0.211,0.700
2745,91.500,0.000,0.000,0.000,0.000,0,0,0,0.000,0.000,3,0,1.000,0,58.138,1882.039,0.000,0.277,13.014,0.862,2.058,0.370,0.217,0.783,0.210,0.700
2748,91.600,0.000,0.000,0.000,0.000,0,0,0,0.000,0.000,3,0,1.000,0,58.138,1882.039,0.000,0.277,13.408,0.800,2.890,0.309,0.260,0.740,0.214,0.700
2751,91.700,376.747,144.848,346.218,108.710,2,1,1,494.532,1.551,3,0,1.000,4,78.102,2080.819,0.033,0.177,12.188,0.838,3.482,0.265,0.240,0.760,0.825,0.700
2754,91.800,513.134,0.000,136.387,0.000,1,1,0,0.000,1.151,3,0,1.000,2,78.102,2080.819,0.067,0.177,11.808,0.784,4.221,0.329,0.277,0.723,0.723,0.700
2757,91.900,46.519,0.000,-466.615,0.000,1,1,0,0.000,1.261,3,0,1.000,2,78.102,2080.819,0.100,0.177,13.578,0.856,4.710,0.175,0.287,0.713,0.722,0.700
2760,92.000,42.942,0.000,-3.577,0.000,1,1,0,0.000,1.255,3,0,1.000,2,78.102,2080.819,0.133,0.177,13.038,0.861,5.320,0.119,0.279,0.721,0.714,0.700
2763,92.100,42.426,0.000,-0.515,0.000,1,1,0,0.000,1.288,3,0,1.000,2,78.102,2080.819,0.167,0.175,13.742,0.916,5.715,0.146,0.266,0.734,0.712,0.700
2766,92.200,15.556,0.000,-26.870,0.000,1,1,0,0.000,1.222,3,0,1.000,2,78.102,2080.819,0.200,0.177,10.681,0.954,6.329,0.168,0.259,0.741,0.564,0.700
2769,92.300,10.817,0.000,-4.740,0.000,1,1,0,0.000,1.515,3,0,1.000,2,78.102,2080.819,0.233,0.163,7.297,0.957,5.963,0.379,0.268,0.732,0.524,0.700
2772,92.400,9.849,0.000,-0.968,0.000,1,1,0,0.000,1.382,4,1,0.966,3,78.102,2080.819,0.267,0.165,6.808,0.978,6.027,0.088,0.264,0.736,0.623,0.750
2775,92.500,3.606,0.000,-6.243,0.000,1,1,0,0.000,1.457,4,0,0.966,3,78.102,2080.819,0.300,0.163,6.271,0.970,5.846,0.146,0.267,0.733,0.580,0.700
2778,92.600,6.708,0.000,3.103,0.000,1,1,0,0.000,1.446,4,0,0.966,3,78.102,2080.819,0.333,0.163,5.393,0.976,5.022,0.225,0.258,0.742,0.579,0.700
2781,92.700,11.314,0.000,4.606,0.000,1,1,0,0.000,1.368,4,0,0.966,3,78.102,2080.819,0.367,0.155,4.558,0.985,4.052,0.121,0.252,0.748,0.587,0.700
2784,92.800,5.385,0.000,-5.929,0.000,1,1,0,0.000,1.508,4,0,0.966,3,78.102,2080.819,0.400,0.157,3.123,0.978,2.864,0.231,0.231,0.769,0.523,0.700
2787,92.900,13.454,0.000,8.068,0.000,1,1,0,0.000,1.610,4,0,0.966,3,78.102,2080.819,0.433,0.151,1.808,0.942,1.541,0.651,0.179,0.821,0.541,0.700
2790,93.000,9.220,0.000,-4.234,0.000,1,1,0,0.000,1.987,3,1,0.931,2,78.102,2080.819,0.467,0.151,1.542,0.764,1.114,0.433,0.167,0.833,0.412,0.750
2793,93.100,8.544,0.000,-0.676,0.000,1,1,0,0.000,1.681,3,0,0.931,2,78.102,2080.819,0.500,0.153,2.201,0.924,0.632,1.231,0.197,0.803,0.418,0.580
2796,93.200,15.000,0.000,6.456,0.000,1,1,0,0.000,1.615,3,0,0.931,2,78.102,2080.819,0.533,0.153,2.676,0.933,0.234,0.214,0.212,0.788,0.469,0.580
2799,93.300,17.464,0.000,2.464,0.000,1,1,0,0.000,1.461,4,1,0.897,3,78.102,2080.819,0.567,0.155,3.308,0.928,0.062,0.889,0.231,0.769,0.618,0.750
2802,93.400,18.868,0.000,1.404,0.000,1,1,0,0.000,1.124,4,0,0.897,3,78.102,2080.819,0.600,0.155,6.155,0.924,0.353,0.152,0.278,0.722,0.701,0.580
2805,93.500,41.400,0.000,22.533,0.000,1,1,0,0.000,1.130,4,0,0.897,3,78.102,2080.819,0.633,0.155,8.642,0.894,0.664,0.013,0.286,0.714,0.878,0.350
2808,93.600,0.000,0.000,0.000,0.000,0,0,0,0.000,0.000,3,1,0.862,0,78.102,2080.819,0.633,0.155,11.592,0.855,1.015,0.009,0.281,0.719,0.286,0.750
2811,93.700,0.000,0.000,0.000,0.000,0,0,0,0.000,0.000,3,0,0.862,0,78.102,2080.819,0.633,0.155,11.726,0.866,1.315,0.033,0.277,0.723,0.285,0.580
2814,93.800,0.000,0.000,0.000,0.000,0,0,0,0.000,0.000,3,0,0.862,0,78.102,2080.819,0.633,0.155,13.157,0.854,1.502,0.056,0.306,0.694,0.286,0.700
2817,93.900,0.000,0.000,0.000,0.000,0,0,0,0.000,0.000,3,0,0.862,0,78.102,2080.819,0.633,0.155,14.158,0.831,1.621,0.087,0.267,0.733,0.288,0.700
2820,94.000,0.000,0.000,0.000,0.000,0,0,0,0.000,0.000,3,0,0.862,0,78.102,2080.819,0.633,0.155,13.177,0.770,1.648,0.144,0.261,0.739,0.292,0.700
2823,94.100,0.000,0.000,0.000,0.000,0,0,0,0.000,0.000,3,0,0.862,0,78.102,2080.819,0.633,0.155,17.292,0.768,1.490,0.016,0.285,0.715,0.292,0.700
2826,94.200,0.000,0.000,0.000,0.000,0,0,0,0.000,0.000,4,1,0.828,0,78.102,2080.819,0.633,0.155,28.346,0.611,1.063,0.715,0.285,0.715,0.403,0.750
2829,94.300,0.000,0.000,0.000,0.000,0,0,0,0.000,0.000,4,0,0.828,0,78.102,2080.819,0.633,0.155,22.130,0.774,0.358,0.819,0.306,0.694,0.392,0.580
2832,94.400,0.000,0.000,0.000,0.000,0,0,0,0.000,0.000,4,0,0.828,0,78.102,2080.819,0.633,0.155,20.124,0.707,0.223,0.148,0.305,0.695,0.397,0.580
2835,94.500,0.000,0.000,0.000,0.000,0,0,0,0.000,0.000,4,0,0.828,0,78.102,2080.819,0.633,0.155,15.144,0.867,0.645,0.197,0.283,0.717,0.385,0.580
2838,94.600,0.000,0.000,0.000,0.000,0,0,0,0.000,0.000,4,0,0.828,0,78.102,2080.819,0.633,0.155,11.366,0.881,0.990,0.028,0.267,0.733,0.384,0.580
2841,94.700,0.000,0.000,0.000,0.000,0,0,0,0.000,0.000,4,0,0.828,0,78.102,2080.819,0.600,0.155,8.252,0.920,1.294,0.065,0.257,0.743,0.378,0.580
2844,94.800,0.000,278.690,0.000,133.842,1,0,1,0.000,1.881,4,1,0.793,1,78.102,2080.819,0.600,0.175,5.985,0.953,1.531,0.007,0.243,0.757,0.750,0.750
2847,94.900,0.000,18.682,0.000,-260.008,1,0,1,0.000,2.106,4,0,0.793,2,78.102,2080.819,0.600,0.175,4.988,0.929,1.749,0.240,0.232,0.768,0.625,0.700
2850,95.000,0.000,17.720,0.000,-0.961,1,0,1,0.000,1.854,4,0,0.793,3,78.102,2080.819,0.600,0.176,3.517,0.835,2.071,0.176,0.215,0.785,0.635,0.700
2853,95.100,0.000,17.889,0.000,0.168,1,0,1,0.000,1.628,4,1,0.759,1,78.102,2080.819,0.600,0.176,2.958,0.441,2.312,0.266,0.157,0.843,0.559,0.750
2856,95.200,0.000,12.649,0.000,-5.239,1,0,1,0.000,1.550,4,0,0.759,1,206.010,1745.108,0.600,0.178,2.799,0.258,2.412,1.108,0.181,0.819,0.539,0.750
2859,95.300,191.094,0.000,149.694,0.000,1,1,0,0.000,1.173,4,0,0.793,1,206.010,1745.108,0.600,0.180,2.012,0.557,2.106,0.072,0.160,0.840,0.678,0.750
2862,95.400,0.000,8.246,0.000,-4.403,1,0,1,0.000,1.367,4,1,0.759,2,9.220,1935.067,0.600,0.270,1.872,0.727,1.506,0.224,0.168,0.832,0.504,0.750
2865,95.500,0.000,2.828,0.000,-5.418,1,0,1,0.000,1.341,4,0,0.759,3,41.761,2453.419,0.600,0.275,2.058,0.587,1.005,0.003,0.194,0.806,0.533,0.580
2868,95.600,0.000,4.472,0.000,1.644,1,0,1,0.000,1.301,4,0,0.759,3,37.336,3019.137,0.600,0.270,1.601,0.688,0.670,0.104,0.171,0.829,0.524,0.580
2871,95.700,0.000,11.662,0.000,7.190,1,0,1,0.000,1.026,3,1,0.724,2,37.336,3019.137,0.600,0.270,1.764,0.721,0.231,1.342,0.190,0.810,0.450,0.750
2874,95.800,0.000,5.099,0.000,-6.563,1,0,1,0.000,0.786,3,0,0.724,1,37.336,3019.137,0.600,0.275,1.703,0.808,0.298,0.526,0.175,0.825,0.346,0.580
2877,95.900,0.000,5.000,0.000,-0.099,1,0,1,0.000,0.809,3,0,0.759,2,37.336,3019.137,0.600,0.275,1.967,0.871,0.621,0.312,0.186,0.814,0.408,0.580
2880,96.000,0.000,0.000,0.000,0.000,0,0,0,0.000,0.000,3,0,0.759,0,37.336,3019.137,0.567,0.275,1.578,0.770,0.940,0.132,0.162,0.838,0.124,0.650
2883,96.100,0.000,0.000,0.000,0.000,0,0,0,0.000,0.000,3,0,0.759,0,37.336,3019.137,0.533,0.275,1.447,0.886,1.253,0.394,0.169,0.831,0.108,0.580
2886,96.200,0.000,0.000,0.000,0.000,0,0,0,0.000,0.000,3,0,0.793,0,37.336,3019.137,0.500,0.275,1.374,0.908,1.546,0.607,0.173,0.827,0.101,0.700
2889,96.300,0.000,0.000,0.000,0.000,0,0,0,0.000,0.000,3,1,0.759,0,37.336,3019.137,0.467,0.275,1.108,0.669,1.795,0.762,0.134,0.866,0.207,0.750
2892,96.400,0.000,0.000,0.000,0.000,0,0,0,0.000,0.000,4,1,0.724,0,37.336,3019.137,0.433,0.275,1.229,0.820,1.961,0.855,0.149,0.851,0.195,0.750
2895,96.500,0.000,0.000,0.000,0.000,0,0,0,0.000,0.000,4,0,0.759,0,37.336,3019.137,0.400,0.275,1.537,0.719,1.955,0.265,0.165,0.835,0.206,0.700
2898,96.600,0.000,0.000,0.000,0.000,0,0,0,0.000,0.000,3,1,0.724,0,37.336,3019.137,0.400,0.275,1.299,0.806,1.798,0.199,0.155,0.845,0.194,0.750
2901,96.700,0.000,0.000,0.000,0.000,0,0,0,0.000,0.000,4,1,0.690,0,37.336,3019.137,0.400,0.275,1.385,0.834,1.602,0.431,0.164,0.836,0.194,0.750
2904,96.800,0.000,0.000,0.000,0.000,0,0,0,0.000,0.000,4,0,0.690,0,37.336,3019.137,0.400,0.275,1.268,0.755,1.439,0.380,0.150,0.850,0.197,0.700
2907,96.900,0.000,0.000,0.000,0.000,0,0,0,0.000,0.000,4,0,0.690,0,37.336,3019.137,0.400,0.275,1.246,0.858,1.273,0.328,0.157,0.843,0.189,0.580
2910,97.000,0.000,0.000,0.000,0.000,0,0,0,0.000,0.000,4,0,0.690,0,37.336,3019.137,0.400,0.275,1.236,0.716,1.128,0.592,0.132,0.868,0.199,0.580
2913,97.100,0.000,0.000,0.000,0.000,0,0,0,0.000,0.000,4,0,0.724,0,37.336,3019.137,0.400,0.275,0.945,0.435,1.014,2.180,0.070,0.930,0.211,0.580
2916,97.200,0.000,0.000,0.000,0.000,0,0,0,0.000,0.000,4,1,0.690,0,37.336,3019.137,0.400,0.275,1.469,0.710,0.894,2.067,0.138,0.862,0.205,0.750
2919,97.300,0.000,0.000,0.000,0.000,0,0,0,0.000,0.000,4,0,0.690,0,37.336,3019.137,0.400,0.275,1.122,0.699,0.855,0.360,0.139,0.861,0.197,0.580
2922,97.400,0.000,0.000,0.000,0.000,0,0,0,0.000,0.000,4,0,0.690,0,37.336,3019.137,0.400,0.275,1.049,0.673,0.805,0.077,0.133,0.867,0.197,0.580
2925,97.500,0.000,0.000,0.000,0.000,0,0,0,0.000,0.000,4,1,0.655,0,37.336,3019.137,0.400,0.275,1.207,0.587,0.825,0.079,0.141,0.859,0.207,0.750
2928,97.600,0.000,0.000,0.000,0.000,0,0,0,0.000,0.000,4,0,0.655,0,37.336,3019.137,0.400,0.275,0.887,0.792,0.850,0.129,0.120,0.880,0.185,0.580
2931,97.700,0.000,0.000,0.000,0.000,0,0,0,0.000,0.000,4,0,0.690,0,37.336,3019.137,0.400,0.275,1.203,0.708,0.914,0.213,0.140,0.860,0.198,0.580
2934,97.800,0.000,0.000,0.000,0.000,0,0,0,0.000,0.000,5,1,0.655,0,37.336,3019.137,0.367,0.275,1.376,0.826,0.984,0.255,0.154,0.846,0.191,0.750
2937,97.900,0.000,0.000,0.000,0.000,0,0,0,0.000,0.000,5,0,0.655,0,37.336,3019.137,0.333,0.275,1.395,0.623,0.976,0.380,0.148,0.852,0.201,0.580
2940,98.000,0.000,0.000,0.000,0.000,0,0,0,0.000,0.000,5,0,0.690,0,37.336,3019.137,0.300,0.275,0.940,0.747,1.060,0.260,0.133,0.867,0.177,0.580
2943,98.100,0.000,0.000,0.000,0.000,0,0,0,0.000,0.000,5,0,0.690,0,37.336,3019.137,0.267,0.275,0.582,0.854,1.195,1.965,0.057,0.943,0.157,0.580
2946,98.200,0.000,0.000,0.000,0.000,0,0,0,0.000,0.000,5,0,0.690,0,37.336,3019.137,0.233,0.275,1.083,0.634,1.315,0.400,0.132,0.868,0.181,0.580
2949,98.300,0.000,0.000,0.000,0.000,0,0,0,0.000,0.000,5,0,0.724,0,37.336,3019.137,0.200,0.275,0.893,0.705,1.618,0.997,0.111,0.889,0.167,0.700
2952,98.400,0.000,0.000,0.000,0.000,0,0,0,0.000,0.000,5,0,0.724,0,37.336,3019.137,0.167,0.275,0.771,0.567,1.601,0.574,0.096,0.904,0.170,0.700
2955,98.500,0.000,0.000,0.000,0.000,0,0,0,0.000,0.000,5,0,0.724,0,37.336,3019.137,0.133,0.275,1.092,0.705,1.594,0.791,0.130,0.870,0.164,0.700
2958,98.600,0.000,0.000,0.000,0.000,0,0,0,0.000,0.000,5,0,0.759,0,37.336,3019.137,0.100,0.275,1.049,0.687,1.658,0.623,0.130,0.870,0.160,0.700
2961,98.700,0.000,0.000,0.000,0.000,0,0,0,0.000,0.000,4,1,0.724,0,37.336,3019.137,0.067,0.275,1.170,0.741,1.283,0.803,0.143,0.857,0.155,0.750
2964,98.800,0.000,0.000,0.000,0.000,0,0,0,0.000,0.000,4,0,0.724,0,37.336,3019.137,0.033,0.275,1.152,0.757,1.377,0.446,0.137,0.863,0.150,0.580
2967,98.900,0.000,0.000,0.000,0.000,0,0,0,0.000,0.000,4,0,0.724,0,37.336,3019.137,0.000,0.275,1.153,0.553,1.247,0.280,0.132,0.868,0.160,0.580
2970,99.000,0.000,0.000,0.000,0.000,0,0,0,0.000,0.000,4,1,0.690,0,37.336,3019.137,0.000,0.275,1.059,0.764,1.266,0.997,0.141,0.859,0.143,0.750
2973,99.100,0.000,0.000,0.000,0.000,0,0,0,0.000,0.000,4,0,0.690,0,37.336,3019.137,0.000,0.275,1.412,0.731,1.313,0.429,0.146,0.854,0.154,0.580
2976,99.200,0.000,0.000,0.000,0.000,0,0,0,0.000,0.000,4,0,0.724,0,37.336,3019.137,0.000,0.275,1.231,0.834,0.773,0.974,0.149,0.851,0.142,0.580
2979,99.300,0.000,0.000,0.000,0.000,0,0,0,0.000,0.000,4,0,0.759,0,37.336,3019.137,0.000,0.275,0.877,0.085,0.715,1.489,0.058,0.942,0.186,0.580
2982,99.400,0.000,0.000,0.000,0.000,0,0,0,0.000,0.000,4,0,0.759,0,37.336,3019.137,0.000,0.275,0.895,0.713,1.003,2.839,0.080,0.920,0.142,0.580
2985,99.500,0.000,0.000,0.000,0.000,0,0,0,0.000,0.000,4,0,0.793,0,37.336,3019.137,0.000,0.275,1.245,0.737,1.226,0.141,0.116,0.884,0.150,0.580
2988,99.600,0.000,0.000,0.000,0.000,0,0,0,0.000,0.000,4,0,0.828,0,37.336,3019.137,0.000,0.275,1.134,0.624,0.906,1.446,0.125,0.875,0.155,0.580
2991,99.700,0.000,0.000,0.000,0.000,0,0,0,0.000,0.000,4,0,0.828,0,37.336,3019.137,0.000,0.275,0.975,0.775,0.317,0.029,0.130,0.870,0.140,0.580
2994,99.800,0.000,0.000,0.000,0.000,0,0,0,0.000,0.000,4,0,0.828,0,37.336,3019.137,0.000,0.275,0.780,0.739,0.270,3.135,0.124,0.876,0.138,0.580
2997,99.900,0.000,0.000,0.000,0.000,0,0,0,0.000,0.000,4,0,0.828,0,37.336,3019.137,0.000,0.275,1.050,0.791,0.188,0.329,0.137,0.863,0.141,0.580
3000,100.000,0.000,0.000,0.000,0.000,0,0,0,0.000,0.000,4,0,0.828,0,37.336,3019.137,0.000,0.275,1.215,0.815,0.033,0.013,0.153,0.847,0.143,0.580
3003,100.100,0.000,0.000,0.000,0.000,0,0,0,0.000,0.000,4,0,0.862,0,37.336,3019.137,0.000,0.275,2.068,0.942,0.109,0.696,0.191,0.809,0.156,0.580
3006,100.200,0.000,0.000,0.000,0.000,0,0,0,0.000,0.000,5,1,0.828,0,37.336,3019.137,0.000,0.275,2.691,0.890,0.373,0.019,0.190,0.810,0.175,0.750
3009,100.300,0.000,0.000,0.000,0.000,0,0,0,0.000,0.000,5,0,0.828,0,37.336,3019.137,0.000,0.275,2.895,0.842,0.994,0.576,0.174,0.826,0.183,0.580
3012,100.400,0.000,0.000,0.000,0.000,0,0,0,0.000,0.000,5,0,0.862,0,37.336,3019.137,0.000,0.275,3.612,0.931,1.535,0.475,0.208,0.792,0.195,0.700
3015,100.500,0.000,0.000,0.000,0.000,0,0,0,0.000,0.000,4,1,0.828,0,37.336,3019.137,0.000,0.275,5.422,0.935,2.269,0.527,0.235,0.765,0.240,0.750
3018,100.600,348.304,0.000,157.210,0.000,1,1,0,0.000,1.289,4,0,0.828,3,0.000,4184.790,0.033,0.184,8.429,0.886,3.755,0.197,0.250,0.750,0.827,0.700
3021,100.700,0.000,325.386,0.000,320.386,1,0,1,0.000,0.923,4,0,0.862,3,0.000,5322.855,0.067,0.184,15.284,0.718,5.499,0.001,0.277,0.723,0.843,0.700
3024,100.800,81.468,0.000,-266.837,0.000,1,1,0,0.000,1.214,3,1,0.828,2,0.000,5553.374,0.100,0.184,16.581,0.807,9.691,0.120,0.276,0.724,0.726,0.750
3027,100.900,0.000,0.000,0.000,0.000,0,0,0,0.000,0.000,3,0,0.828,0,0.000,5553.374,0.100,0.184,16.636,0.786,15.112,0.081,0.269,0.731,0.227,0.700
3030,101.000,47.424,0.000,-34.044,0.000,1,1,0,0.000,1.153,3,0,0.828,2,0.000,5799.630,0.133,0.188,13.422,0.830,21.923,0.029,0.277,0.723,0.728,0.700
3033,101.100,40.200,0.000,-7.224,0.000,1,1,0,0.000,1.107,3,0,0.828,2,189.528,6179.394,0.167,0.188,10.331,0.773,25.190,0.642,0.264,0.736,0.709,0.750
3036,101.200,6.708,0.000,-33.491,0.000,1,1,0,0.000,1.286,3,0,0.828,2,0.000,6474.154,0.200,0.188,9.009,0.760,35.235,0.444,0.242,0.758,0.528,0.700
3039,101.300,5.831,0.000,-0.877,0.000,1,1,0,0.000,1.628,3,0,0.828,2,0.000,6402.429,0.233,0.190,7.427,0.843,38.097,0.096,0.223,0.777,0.507,0.700
3042,101.400,6.708,0.000,0.877,0.000,1,0,0,0.000,1.966,3,0,0.828,2,0.000,4841.344,0.267,0.190,6.124,0.728,38.396,0.266,0.219,0.781,0.411,0.700
3045,101.500,22.825,0.000,16.117,0.000,1,0,0,0.000,2.165,3,0,0.828,2,0.000,4099.144,0.300,0.190,8.714,0.921,45.092,0.850,0.258,0.742,0.538,0.700
3048,101.600,0.000,0.000,0.000,0.000,0,0,0,0.000,0.000,3,0,0.862,0,0.000,4099.144,0.300,0.190,11.413,0.906,47.240,0.283,0.252,0.748,0.243,0.700
3051,101.700,0.000,159.706,0.000,-165.680,1,0,1,0.000,1.094,3,0,0.862,2,69.354,3752.109,0.333,0.194,13.546,0.832,27.775,0.181,0.264,0.736,0.752,0.700
3054,101.800,0.000,0.000,0.000,0.000,0,0,0,0.000,0.000,3,0,0.862,0,69.354,3752.109,0.333,0.194,15.011,0.935,18.081,0.714,0.264,0.736,0.245,0.700
3057,101.900,0.000,21.633,0.000,-138.073,1,0,1,0.000,1.103,3,0,0.897,2,0.000,3273.644,0.367,0.195,15.862,0.944,14.922,0.065,0.266,0.734,0.618,0.700
3060,102.000,74.733,0.000,51.907,0.000,1,0,0,0.000,1.945,3,0,0.897,2,0.000,2834.799,0.400,0.195,17.308,0.898,12.001,0.191,0.284,0.716,0.675,0.700
3063,102.100,9.000,0.000,-65.733,0.000,1,0,0,0.000,1.814,3,0,0.897,2,0.000,2447.219,0.433,0.195,19.616,0.871,8.311,0.178,0.297,0.703,0.481,0.700
3066,102.200,0.000,0.000,0.000,0.000,0,0,0,0.000,0.000,3,0,0.897,0,0.000,2447.219,0.433,0.195,18.922,0.858,5.221,0.065,0.297,0.703,0.262,0.700
3069,102.300,0.000,0.000,0.000,0.000,0,0,0,0.000,0.000,4,1,0.862,0,0.000,2447.219,0.433,0.195,15.283,0.914,2.645,0.040,0.294,0.706,0.358,0.750
3072,102.400,0.000,0.000,0.000,0.000,0,0,0,0.000,0.000,4,0,0.862,0,0.000,2447.219,0.433,0.195,10.123,0.849,1.793,0.183,0.290,0.710,0.363,0.700
3075,102.500,0.000,0.000,0.000,0.000,0,0,0,0.000,0.000,4,0,0.862,0,0.000,2447.219,0.433,0.195,9.810,0.928,1.296,0.324,0.282,0.718,0.357,0.580
3078,102.600,0.000,0.000,0.000,0.000,0,0,0,0.000,0.000,3,1,0.828,0,0.000,2447.219,0.433,0.195,5.681,0.907,1.072,0.199,0.265,0.735,0.201,0.750
3081,102.700,0.000,0.000,0.000,0.000,0,0,0,0.000,0.000,3,0,0.828,0,0.000,2447.219,0.433,0.195,3.781,0.932,0.930,0.209,0.245,0.755,0.151,0.580
3084,102.800,0.000,0.000,0.000,0.000,0,0,0,0.000,0.000,3,0,0.828,0,0.000,2447.219,0.433,0.195,3.569,0.965,0.806,0.142,0.241,0.759,0.144,0.580
3087,102.900,0.000,0.000,0.000,0.000,0,0,0,0.000,0.000,3,0,0.828,0,0.000,2447.219,0.433,0.195,2.626,0.879,0.717,0.332,0.218,0.782,0.126,0.580
3090,103.000,0.000,0.000,0.000,0.000,0,0,0,0.000,0.000,3,0,0.828,0,0.000,2447.219,0.433,0.195,2.256,0.853,0.645,0.202,0.203,0.797,0.119,0.580
3093,103.100,0.000,0.000,0.000,0.000,0,0,0,0.000,0.000,3,0,0.862,0,0.000,2447.219,0.433,0.195,2.028,0.754,0.498,0.580,0.191,0.809,0.120,0.580
3096,103.200,0.000,0.000,0.000,0.000,0,0,0,0.000,0.000,3,0,0.862,0,0.000,2447.219,0.433,0.195,1.691,0.758,0.255,0.200,0.176,0.824,0.111,0.580
3099,103.300,0.000,474.546,0.000,452.913,1,0,1,0.000,1.428,3,0,0.862,2,373.315,5284.469,0.467,0.210,1.129,0.506,0.081,1.371,0.112,0.888,0.619,0.750
3102,103.400,493.123,0.000,484.123,0.000,1,0,0,0.000,2.086,3,0,0.897,2,373.315,5284.469,0.500,0.210,1.009,0.722,0.514,0.093,0.109,0.891,0.525,0.750
3105,103.500,10.817,0.000,-482.306,0.000,1,0,0,0.000,2.369,3,0,0.897,2,25.632,7481.279,0.533,0.212,0.653,0.167,1.033,0.466,0.067,0.933,0.369,0.580
3108,103.600,0.000,28.844,0.000,-445.702,1,0,1,0.000,1.584,2,1,0.862,1,25.632,7481.279,0.533,0.212,0.580,0.565,1.590,1.819,0.086,0.914,0.489,0.750
3111,103.700,0.000,9.055,0.000,-19.789,1,0,1,0.000,1.573,3,1,0.862,2,12.042,9189.945,0.533,0.214,0.900,0.719,2.001,0.449,0.111,0.889,0.407,0.750
3114,103.800,0.000,9.434,0.000,0.379,1,0,1,0.000,1.565,4,1,0.828,3,12.042,9189.945,0.533,0.196,1.407,0.790,2.236,1.089,0.151,0.849,0.531,0.750
3117,103.900,0.000,7.211,0.000,-2.223,1,0,1,0.000,1.593,4,0,0.828,3,16.279,10706.029,0.567,0.196,1.425,0.822,2.472,0.413,0.146,0.854,0.521,0.700
3120,104.000,17.029,0.000,6.213,0.000,1,0,0,0.000,2.103,4,0,0.828,3,4.472,11739.389,0.567,0.192,1.076,0.867,2.532,0.324,0.103,0.897,0.484,0.700
3123,104.100,0.000,11.180,0.000,3.969,1,0,1,0.000,1.713,5,1,0.793,4,6.708,12491.909,0.567,0.191,1.687,0.897,2.576,0.136,0.144,0.856,0.553,0.750
3126,104.200,0.000,15.264,0.000,4.084,1,0,1,0.000,1.513,5,0,0.793,4,82.565,12428.650,0.567,0.191,0.822,0.607,2.380,1.604,0.118,0.882,0.575,0.700
3129,104.300,0.000,0.000,0.000,0.000,0,0,0,0.000,0.000,5,0,0.793,0,82.565,12428.650,0.533,0.191,0.909,0.553,2.139,0.582,0.126,0.874,0.218,0.700
3132,104.400,0.000,0.000,0.000,0.000,0,0,0,0.000,0.000,3,1,0.759,0,82.565,12428.650,0.500,0.191,1.409,0.836,1.991,0.672,0.175,0.825,0.107,0.750
3135,104.500,0.000,0.000,0.000,0.000,0,0,0,0.000,0.000,3,0,0.759,0,82.565,12428.650,0.467,0.191,0.727,0.274,1.849,0.969,0.094,0.906,0.125,0.700
3138,104.600,0.000,0.000,0.000,0.000,0,0,0,0.000,0.000,3,0,0.759,0,82.565,12428.650,0.467,0.191,1.014,0.733,1.659,1.107,0.109,0.891,0.100,0.700
3141,104.700,0.000,0.000,0.000,0.000,0,0,0,0.000,0.000,3,0,0.759,0,82.565,12428.650,0.433,0.191,0.927,0.605,1.465,2.149,0.095,0.905,0.103,0.700
3144,104.800,0.000,0.000,0.000,0.000,0,0,0,0.000,0.000,3,0,0.759,0,82.565,12428.650,0.433,0.191,0.779,0.471,1.290,2.043,0.051,0.949,0.109,0.580
3147,104.900,0.000,0.000,0.000,0.000,0,0,0,0.000,0.000,3,0,0.759,0,82.565,12428.650,0.400,0.191,0.787,0.640,1.129,0.474,0.060,0.940,0.093,0.580
3150,105.000,0.000,0.000,0.000,0.000,0,0,0,0.000,0.000,3,0,0.759,0,82.565,12428.650,0.367,0.191,0.740,0.576,0.990,0.765,0.101,0.899,0.092,0.580
3153,105.100,0.000,0.000,0.000,0.000,0,0,0,0.000,0.000,3,0,0.759,0,82.565,12428.650,0.333,0.191,1.501,0.845,0.865,0.197,0.166,0.834,0.088,0.580
3156,105.200,0.000,0.000,0.000,0.000,0,0,0,0.000,0.000,3,0,0.793,0,82.565,12428.650,0.333,0.191,1.126,0.833,0.764,2.041,0.130,0.870,0.080,0.580
3159,105.300,0.000,0.000,0.000,0.000,0,0,0,0.000,0.000,4,1,0.759,0,82.565,12428.650,0.333,0.191,0.686,0.523,0.710,1.242,0.106,0.894,0.191,0.750
3162,105.400,0.000,0.000,0.000,0.000,0,0,0,0.000,0.000,4,0,0.759,0,82.565,12428.650,0.333,0.191,0.642,0.256,0.705,0.359,0.088,0.912,0.208,0.580
3165,105.500,0.000,0.000,0.000,0.000,0,0,0,0.000,0.000,4,0,0.793,0,82.565,12428.650,0.333,0.191,1.006,0.727,0.671,0.618,0.117,0.883,0.184,0.580
3168,105.600,0.000,0.000,0.000,0.000,0,0,0,0.000,0.000,3,1,0.759,0,82.565,12428.650,0.333,0.191,1.389,0.938,0.734,0.168,0.139,0.861,0.079,0.750
3171,105.700,0.000,0.000,0.000,0.000,0,0,0,0.000,0.000,2,1,0.724,0,82.565,12428.650,0.333,0.191,1.134,0.776,0.800,0.982,0.164,0.836,0.084,0.750
3174,105.800,0.000,0.000,0.000,0.000,0,0,0,0.000,0.000,2,0,0.724,0,82.565,12428.650,0.333,0.191,0.648,0.754,0.680,0.781,0.117,0.883,0.073,0.580
3177,105.900,0.000,0.000,0.000,0.000,0,0,0,0.000,0.000,3,1,0.690,0,82.565,12428.650,0.333,0.191,0.676,0.397,0.647,0.176,0.091,0.909,0.099,0.750
3180,106.000,0.000,0.000,0.000,0.000,0,0,0,0.000,0.000,3,0,0.690,0,82.565,12428.650,0.333,0.191,1.035,0.684,0.727,0.615,0.143,0.857,0.088,0.580
3183,106.100,0.000,0.000,0.000,0.000,0,0,0,0.000,0.000,3,0,0.690,0,82.565,12428.650,0.333,0.191,1.351,0.868,0.542,0.282,0.160,0.840,0.083,0.580
3186,106.200,0.000,0.000,0.000,0.000,0,0,0,0.000,0.000,2,1,0.655,0,82.565,12428.650,0.333,0.191,0.705,0.600,0.390,0.904,0.092,0.908,0.086,0.750
3189,106.300,0.000,0.000,0.000,0.000,0,0,0,0.000,0.000,3,1,0.621,0,82.565,12428.650,0.300,0.191,1.203,0.851,0.320,0.316,0.155,0.845,0.077,0.750
3192,106.400,0.000,0.000,0.000,0.000,0,0,0,0.000,0.000,3,0,0.621,0,82.565,12428.650,0.267,0.191,0.776,0.690,0.148,0.606,0.114,0.886,0.073,0.580
3195,106.500,0.000,0.000,0.000,0.000,0,0,0,0.000,0.000,3,0,0.655,0,82.565,12428.650,0.233,0.191,0.663,0.245,0.102,0.814,0.053,0.947,0.097,0.580
3198,106.600,0.000,0.000,0.000,0.000,0,0,0,0.000,0.000,2,1,0.655,0,82.565,12428.650,0.200,0.191,0.671,0.586,0.139,2.206,0.098,0.902,0.070,0.750
3201,106.700,0.000,0.000,0.000,0.000,0,0,0,0.000,0.000,3,1,0.655,0,82.565,12428.650,0.167,0.191,0.924,0.855,0.514,0.008,0.122,0.878,0.053,0.750
3204,106.800,0.000,0.000,0.000,0.000,0,0,0,0.000,0.000,2,1,0.621,0,82.565,12428.650,0.133,0.191,0.732,0.474,0.612,2.157,0.104,0.896,0.071,0.750
3207,106.900,0.000,0.000,0.000,0.000,0,0,0,0.000,0.000,2,0,0.621,0,82.565,12428.650,0.100,0.191,0.677,0.515,0.442,0.374,0.102,0.898,0.063,0.580
3210,107.000,0.000,0.000,0.000,0.000,0,0,0,0.000,0.000,3,1,0.621,0,82.565,12428.650,0.067,0.191,0.612,0.450,0.269,0.540,0.086,0.914,0.062,0.750
3213,107.100,0.000,0.000,0.000,0.000,0,0,0,0.000,0.000,2,1,0.586,0,82.565,12428.650,0.033,0.191,0.756,0.552,0.340,0.024,0.113,0.887,0.054,0.750
3216,107.200,0.000,0.000,0.000,0.000,0,0,0,0.000,0.000,2,0,0.586,0,82.565,12428.650,0.000,0.191,0.784,0.706,0.473,0.597,0.116,0.884,0.040,0.580
3219,107.300,0.000,0.000,0.000,0.000,0,0,0,0.000,0.000,2,0,0.621,0,82.565,12428.650,0.000,0.191,0.520,0.382,0.637,0.634,0.058,0.942,0.056,0.580
3222,107.400,0.000,35.847,0.000,20.583,1,0,1,0.000,1.556,3,1,0.586,2,49.244,12445.208,0.033,0.213,0.959,0.378,0.577,0.493,0.095,0.905,0.521,0.750
3225,107.500,0.000,9.055,0.000,-26.792,1,0,1,0.000,1.396,3,0,0.586,2,54.571,12411.187,0.067,0.211,1.138,0.415,0.358,0.178,0.107,0.893,0.378,0.580
3228,107.600,0.000,21.024,0.000,11.968,1,0,1,0.000,1.389,3,0,0.586,2,39.459,11947.017,0.100,0.214,1.032,0.623,0.416,2.283,0.078,0.922,0.431,0.550
3231,107.700,0.000,0.000,0.000,0.000,0,0,0,0.000,0.000,4,1,0.552,0,39.459,11947.017,0.100,0.214,0.943,0.370,0.544,1.835,0.095,0.905,0.180,0.750
3234,107.800,0.000,0.000,0.000,0.000,0,0,0,0.000,0.000,4,0,0.552,0,39.459,11947.017,0.100,0.214,1.024,0.810,0.423,1.329,0.101,0.899,0.151,0.580
3237,107.900,0.000,0.000,0.000,0.000,0,0,0,0.000,0.000,4,0,0.552,0,39.459,11947.017,0.100,0.214,0.903,0.810,0.558,1.958,0.120,0.880,0.148,0.580
3240,108.000,0.000,0.000,0.000,0.000,0,0,0,0.000,0.000,4,0,0.552,0,39.459,11947.017,0.100,0.214,1.684,0.816,0.526,0.481,0.172,0.828,0.167,0.580
3243,108.100,0.000,0.000,0.000,0.000,0,0,0,0.000,0.000,4,0,0.552,0,39.459,11947.017,0.100,0.214,1.546,0.880,0.268,0.018,0.182,0.818,0.159,0.580
3246,108.200,0.000,0.000,0.000,0.000,0,0,0,0.000,0.000,4,0,0.586,0,39.459,11947.017,0.100,0.214,1.274,0.770,0.131,0.663,0.151,0.849,0.160,0.580
3249,108.300,0.000,0.000,0.000,0.000,0,0,0,0.000,0.000,5,1,0.552,0,39.459,11947.017,0.100,0.214,0.614,0.515,0.276,1.138,0.082,0.918,0.161,0.750
3252,108.400,0.000,0.000,0.000,0.000,0,0,0,0.000,0.000,5,0,0.552,0,39.459,11947.017,0.100,0.214,1.462,0.753,0.236,1.117,0.150,0.850,0.166,0.580
3255,108.500,0.000,0.000,0.000,0.000,0,0,0,0.000,0.000,5,0,0.586,0,39.459,11947.017,0.100,0.214,0.706,0.331,0.434,0.656,0.094,0.906,0.176,0.580
3258,108.600,0.000,0.000,0.000,0.000,0,0,0,0.000,0.000,5,0,0.621,0,39.459,11947.017,0.100,0.214,1.167,0.659,0.544,1.030,0.142,0.858,0.165,0.580
3261,108.700,0.000,0.000,0.000,0.000,0,0,0,0.000,0.000,5,0,0.621,0,39.459,11947.017,0.100,0.214,0.800,0.702,0.940,0.626,0.112,0.888,0.153,0.580
3264,108.800,0.000,0.000,0.000,0.000,0,0,0,0.000,0.000,5,0,0.655,0,39.459,11947.017,0.100,0.214,1.295,0.795,1.117,1.203,0.124,0.876,0.159,0.580
3267,108.900,0.000,0.000,0.000,0.000,0,0,0,0.000,0.000,3,1,0.621,0,39.459,11947.017,0.100,0.214,0.714,0.263,1.345,0.774,0.045,0.955,0.081,0.750
3270,109.000,0.000,0.000,0.000,0.000,0,0,0,0.000,0.000,3,0,0.621,0,39.459,11947.017,0.100,0.214,0.843,0.622,1.185,2.186,0.080,0.920,0.060,0.580
3273,109.100,0.000,0.000,0.000,0.000,0,0,0,0.000,0.000,3,0,0.655,0,39.459,11947.017,0.100,0.214,1.381,0.759,1.028,1.956,0.155,0.845,0.063,0.580
3276,109.200,0.000,0.000,0.000,0.000,0,0,0,0.000,0.000,4,1,0.655,0,39.459,11947.017,0.100,0.214,1.431,0.854,1.463,0.557,0.153,0.847,0.158,0.750
3279,109.300,0.000,0.000,0.000,0.000,0,0,0,0.000,0.000,4,0,0.655,0,39.459,11947.017,0.100,0.214,0.985,0.397,1.546,1.241,0.088,0.912,0.179,0.700
3282,109.400,0.000,0.000,0.000,0.000,0,0,0,0.000,0.000,4,0,0.655,0,39.459,11947.017,0.100,0.214,0.980,0.620,1.771,1.233,0.104,0.896,0.163,0.700
3285,109.500,0.000,0.000,0.000,0.000,0,0,0,0.000,0.000,3,1,0.655,0,39.459,11947.017,0.100,0.214,1.167,0.773,1.742,0.274,0.122,0.878,0.057,0.750
3288,109.600,0.000,0.000,0.000,0.000,0,0,0,0.000,0.000,3,0,0.690,0,39.459,11947.017,0.100,0.214,1.480,0.797,0.740,1.077,0.159,0.841,0.063,0.580
3291,109.700,0.000,0.000,0.000,0.000,0,0,0,0.000,0.000,3,0,0.724,0,39.459,11947.017,0.100,0.214,1.178,0.799,0.446,1.071,0.140,0.860,0.056,0.580
3294,109.800,0.000,0.000,0.000,0.000,0,0,0,0.000,0.000,3,0,0.724,0,39.459,11947.017,0.100,0.214,1.276,0.705,0.338,0.214,0.151,0.849,0.065,0.580
3297,109.900,0.000,0.000,0.000,0.000,0,0,0,0.000,0.000,3,0,0.759,0,39.459,11947.017,0.100,0.214,1.190,0.850,0.490,0.043,0.149,0.851,0.052,0.580
3300,110.000,0.000,0.000,0.000,0.000,0,0,0,0.000,0.000,3,0,0.793,0,39.459,11947.017,0.100,0.214,0.932,0.656,0.264,0.887,0.078,0.922,0.059,0.580
