frame_idx,timestamp,hand_velocity_left,hand_velocity_right,hand_acceleration_left,hand_acceleration_right,hands_present,grip_state_left,grip_state_right,hand_distance,trajectory_curvature,num_tools,tool_changed,tool_stability,num_interactions,contact_point_shift,contact_point_variance,interaction_density,interaction_rhythm,flow_magnitude,flow_uniformity,flow_discontinuity,direction_change,scene_change_score,visual_stability,activity_level,transition_score
0,0.000,0.000,0.000,0.000,0.000,1,0,0,0.000,0.000,3,0,1.000,1,0.000,0.000,1.000,0.000,0.000,1.000,0.000,0.000,0.000,1.000,0.330,0.000
3,0.100,0.000,13.601,0.000,13.601,1,0,0,0.000,0.000,4,1,0.000,3,101.203,1024.889,1.000,0.414,3.118,0.800,0.000,2.751,0.248,0.752,0.572,0.750
6,0.200,0.000,19.925,0.000,6.323,1,0,0,0.000,0.000,4,0,0.500,3,136.132,1588.920,1.000,0.414,3.493,0.851,0.000,0.103,0.252,0.748,0.613,0.750
9,0.300,0.000,0.000,0.000,0.000,1,0,0,0.000,0.000,4,0,0.667,2,79.322,1514.898,1.000,0.436,3.352,0.851,0.000,0.064,0.243,0.757,0.454,0.580
12,0.400,0.000,27.313,0.000,7.388,1,0,0,0.000,0.850,4,0,0.750,1,9.434,1358.594,1.000,0.472,1.572,0.870,0.000,0.374,0.228,0.772,0.515,0.000
15,0.500,0.000,6.708,0.000,-20.605,1,0,0,0.000,0.864,4,0,0.800,2,110.059,1587.885,1.000,0.477,1.877,0.754,0.000,0.119,0.211,0.789,0.461,0.611
18,0.600,19.105,0.000,19.105,0.000,1,0,0,0.000,0.000,3,1,0.667,2,127.456,1692.410,1.000,0.481,2.729,0.852,0.000,0.826,0.252,0.748,0.475,0.750
21,0.700,5.831,0.000,-13.274,0.000,1,0,0,0.000,0.000,3,0,0.714,2,0.000,1825.923,1.000,0.483,1.564,0.762,0.000,2.627,0.201,0.799,0.378,0.550
24,0.800,8.485,0.000,2.654,0.000,1,0,0,0.000,0.245,3,0,0.750,2,0.000,1687.246,1.000,0.485,1.701,0.807,0.000,1.658,0.219,0.781,0.393,0.550
27,0.900,0.000,28.636,0.000,21.927,1,0,0,0.000,0.660,4,1,0.667,2,0.000,1518.003,1.000,0.487,2.959,0.894,0.000,0.267,0.233,0.767,0.600,0.750
30,1.000,61.522,0.000,53.037,0.000,1,0,0,0.000,0.450,4,0,0.700,2,0.000,1370.827,1.000,0.488,4.166,0.851,0.000,0.069,0.243,0.757,0.725,0.450
33,1.100,14.422,0.000,-47.100,0.000,1,0,0,0.000,0.584,4,0,0.727,2,0.000,1297.467,1.000,0.489,3.004,0.767,0.000,1.166,0.256,0.744,0.532,0.450
36,1.200,11.402,0.000,-3.020,0.000,1,1,0,0.000,0.849,4,1,0.667,3,0.000,1038.020,1.000,0.481,2.666,0.464,0.000,1.263,0.250,0.750,0.652,0.750
39,1.300,5.000,0.000,-6.402,0.000,1,1,0,0.000,0.732,4,0,0.692,3,0.000,770.158,1.000,0.474,3.276,0.767,0.000,1.171,0.255,0.745,0.611,0.580
42,1.400,2.236,0.000,-2.764,0.000,1,1,0,0.000,0.688,4,0,0.714,3,0.000,484.250,1.000,0.469,3.881,0.844,0.000,0.205,0.284,0.716,0.605,0.580
45,1.500,7.280,0.000,5.044,0.000,1,1,0,0.000,0.708,4,1,0.667,3,0.000,331.117,1.000,0.464,5.537,0.726,0.000,0.163,0.270,0.730,0.683,0.750
48,1.600,5.000,0.000,-2.280,0.000,1,1,0,0.000,0.735,4,0,0.688,2,2.236,232.559,1.000,0.466,3.559,0.819,0.000,0.098,0.256,0.744,0.569,0.000
51,1.700,8.485,0.000,3.485,0.000,1,1,0,0.000,0.918,4,0,0.706,1,13.038,202.369,1.000,0.474,2.559,0.840,0.000,0.011,0.247,0.753,0.517,0.350
54,1.800,3.606,0.000,-4.880,0.000,1,1,0,0.000,0.861,5,1,0.667,3,0.000,155.609,1.000,0.469,1.402,0.807,0.000,0.019,0.193,0.807,0.527,0.750
57,1.900,1.414,0.000,-2.191,0.000,1,1,0,0.000,0.779,5,0,0.684,2,0.000,139.525,1.000,0.471,1.646,0.765,0.000,0.866,0.137,0.863,0.487,0.580
60,2.000,4.123,0.000,2.709,0.000,1,1,0,0.000,0.899,5,0,0.700,3,6.403,108.194,1.000,0.467,1.825,0.543,0.000,0.245,0.155,0.845,0.559,0.580
63,2.100,17.804,0.000,13.681,0.000,1,1,0,0.000,0.979,5,0,0.714,4,0.000,70.339,1.000,0.460,2.751,0.468,0.000,0.770,0.128,0.872,0.699,0.350
66,2.200,0.000,18.439,0.000,-10.197,1,0,1,0.000,0.620,5,0,0.727,4,47.127,172.884,1.000,0.453,2.339,0.438,0.000,0.785,0.159,0.841,0.694,0.500
69,2.300,22.000,0.000,4.196,0.000,1,1,0,0.000,1.034,5,0,0.739,3,75.425,282.239,1.000,0.451,2.871,0.773,0.000,0.502,0.211,0.789,0.668,0.500
72,2.400,9.487,0.000,-12.513,0.000,1,1,0,0.000,1.087,4,1,0.708,2,67.676,444.449,1.000,0.453,2.622,0.851,0.000,1.506,0.228,0.772,0.569,0.750
75,2.500,3.606,0.000,-5.881,0.000,1,1,0,0.000,1.085,4,0,0.720,2,43.829,549.389,1.000,0.453,0.902,0.530,0.000,0.853,0.100,0.900,0.515,0.580
78,2.600,23.324,0.000,19.718,0.000,1,1,0,0.000,0.927,4,0,0.731,2,0.000,564.779,1.000,0.453,1.183,0.460,0.000,0.360,0.109,0.891,0.637,0.350
81,2.700,33.015,0.000,9.691,0.000,1,1,0,0.000,0.954,4,0,0.741,2,0.000,625.184,1.000,0.462,2.127,0.506,0.000,0.035,0.123,0.877,0.711,0.350
84,2.800,19.105,0.000,-13.910,0.000,1,1,0,0.000,1.019,4,0,0.750,2,132.699,1272.165,1.000,0.462,2.531,0.695,0.000,0.036,0.138,0.862,0.631,0.737
87,2.900,12.083,0.000,-7.022,0.000,1,1,0,0.000,0.760,4,0,0.759,2,145.165,1898.299,1.000,0.453,0.875,0.552,0.000,0.205,0.103,0.897,0.560,0.750
90,3.000,13.038,0.000,0.955,0.000,1,1,0,0.000,0.719,4,0,0.793,3,81.786,2129.828,1.000,0.453,1.390,0.321,0.000,0.142,0.110,0.890,0.640,0.000
93,3.100,8.246,0.000,-4.792,0.000,1,1,0,0.000,0.707,4,0,0.793,3,169.800,2490.430,1.000,0.444,0.872,0.511,0.916,0.569,0.105,0.895,0.587,0.750
96,3.200,9.434,0.000,1.188,0.000,1,1,0,0.000,0.708,3,1,0.759,2,5.831,2459.684,1.000,0.444,0.867,0.340,1.107,0.072,0.100,0.900,0.590,0.750
99,3.300,2.000,0.000,-7.434,0.000,1,1,0,0.000,0.917,3,1,0.724,1,6.083,2274.067,1.000,0.453,0.852,0.663,1.157,0.798,0.106,0.894,0.366,0.750
102,3.400,13.000,0.000,11.000,0.000,1,1,0,0.000,1.108,3,0,0.724,2,185.162,2697.968,1.000,0.453,0.469,0.600,1.008,0.445,0.062,0.938,0.482,0.750
105,3.500,8.062,0.000,-4.938,0.000,1,1,0,0.000,1.218,3,0,0.759,2,179.627,3081.575,1.000,0.453,0.711,0.411,1.089,0.130,0.073,0.927,0.474,0.750
108,3.600,19.416,0.000,11.354,0.000,1,1,0,0.000,1.219,4,1,0.724,3,0.000,2782.344,1.000,0.453,1.449,0.144,1.150,1.715,0.135,0.865,0.689,0.750
111,3.700,19.209,0.000,-0.207,0.000,1,1,0,0.000,1.312,4,0,0.724,3,0.000,2660.149,1.000,0.453,2.588,0.482,1.229,1.844,0.131,0.869,0.693,0.550
114,3.800,26.683,0.000,7.474,0.000,1,1,0,0.000,1.520,4,0,0.759,3,58.009,2830.220,1.000,0.453,1.771,0.455,1.312,1.862,0.120,0.880,0.716,0.550
117,3.900,0.000,0.000,0.000,0.000,0,0,0,0.000,0.000,3,1,0.724,0,58.009,2830.220,0.967,0.453,1.352,0.510,1.522,1.359,0.111,0.889,0.184,0.750
120,4.000,0.000,0.000,0.000,0.000,0,0,0,0.000,0.000,3,0,0.724,0,58.009,2830.220,0.933,0.453,1.615,0.582,1.578,0.633,0.137,0.863,0.182,0.700
123,4.100,0.000,0.000,0.000,0.000,0,0,0,0.000,0.000,3,0,0.759,0,58.009,2830.220,0.900,0.453,3.348,0.485,1.243,2.795,0.217,0.783,0.228,0.580
126,4.200,0.000,0.000,0.000,0.000,0,0,0,0.000,0.000,4,1,0.724,0,58.009,2830.220,0.867,0.453,4.154,0.055,0.944,1.357,0.228,0.772,0.374,0.750
129,4.300,0.000,0.000,0.000,0.000,0,0,0,0.000,0.000,4,0,0.724,0,58.009,2830.220,0.833,0.453,3.939,0.192,0.790,0.053,0.239,0.761,0.355,0.580
132,4.400,0.000,0.000,0.000,0.000,0,0,0,0.000,0.000,4,0,0.759,0,58.009,2830.220,0.800,0.453,7.017,0.240,0.675,1.078,0.249,0.751,0.425,0.580
135,4.500,0.000,0.000,0.000,0.000,0,0,0,0.000,0.000,4,1,0.724,0,58.009,2830.220,0.767,0.453,6.484,0.257,0.136,0.055,0.250,0.750,0.406,0.750
138,4.600,0.000,0.000,0.000,0.000,0,0,0,0.000,0.000,4,0,0.724,0,58.009,2830.220,0.733,0.453,4.832,0.374,0.599,0.399,0.244,0.756,0.353,0.580
141,4.700,0.000,0.000,0.000,0.000,0,0,0,0.000,0.000,4,0,0.759,0,58.009,2830.220,0.700,0.453,5.496,0.762,1.283,0.324,0.247,0.753,0.338,0.580
144,4.800,0.000,0.000,0.000,0.000,0,0,0,0.000,0.000,3,1,0.724,0,58.009,2830.220,0.667,0.453,7.944,0.847,1.844,0.265,0.322,0.678,0.289,0.750
147,4.900,0.000,0.000,0.000,0.000,0,0,0,0.000,0.000,3,0,0.724,0,58.009,2830.220,0.633,0.453,8.751,0.874,2.451,0.008,0.377,0.623,0.285,0.700
150,5.000,0.000,0.000,0.000,0.000,0,0,0,0.000,0.000,3,0,0.724,0,58.009,2830.220,0.600,0.453,10.933,0.966,3.042,0.254,0.328,0.672,0.274,0.700
153,5.100,0.000,0.000,0.000,0.000,0,0,0,0.000,0.000,3,0,0.724,0,58.009,2830.220,0.567,0.453,11.565,0.892,3.836,0.148,0.317,0.683,0.276,0.700
156,5.200,0.000,0.000,0.000,0.000,0,0,0,0.000,0.000,3,0,0.724,0,58.009,2830.220,0.533,0.453,9.797,0.935,5.126,0.103,0.302,0.698,0.269,0.700
159,5.300,0.000,0.000,0.000,0.000,0,0,0,0.000,0.000,3,0,0.759,0,58.009,2830.220,0.500,0.453,7.135,0.933,5.574,0.068,0.290,0.710,0.243,0.700
162,5.400,0.000,0.000,0.000,0.000,0,0,0,0.000,0.000,4,1,0.724,0,58.009,2830.220,0.467,0.453,4.656,0.952,6.840,0.051,0.273,0.727,0.276,0.750
165,5.500,0.000,0.000,0.000,0.000,0,0,0,0.000,0.000,4,0,0.724,0,58.009,2830.220,0.433,0.453,3.627,0.913,8.151,0.263,0.259,0.741,0.249,0.700
168,5.600,0.000,0.000,0.000,0.000,0,0,0,0.000,0.000,4,0,0.724,0,58.009,2830.220,0.400,0.453,2.540,0.887,8.381,0.162,0.233,0.767,0.219,0.700
171,5.700,0.000,0.000,0.000,0.000,0,0,0,0.000,0.000,3,1,0.690,0,58.009,2830.220,0.367,0.453,1.903,0.859,6.384,0.041,0.210,0.790,0.201,0.750
174,5.800,0.000,0.000,0.000,0.000,0,0,0,0.000,0.000,3,0,0.690,0,58.009,2830.220,0.333,0.453,1.225,0.824,4.669,0.056,0.168,0.832,0.183,0.700
177,5.900,0.000,0.000,0.000,0.000,0,0,0,0.000,0.000,3,0,0.690,0,58.009,2830.220,0.300,0.453,0.684,0.635,3.899,0.215,0.111,0.889,0.179,0.700
180,6.000,0.000,0.000,0.000,0.000,0,0,0,0.000,0.000,5,1,0.655,0,58.009,2830.220,0.267,0.453,0.539,0.573,2.135,0.012,0.080,0.920,0.175,0.750
183,6.100,0.000,0.000,0.000,0.000,0,0,0,0.000,0.000,6,1,0.655,0,58.009,2830.220,0.233,0.453,0.841,0.719,1.460,0.438,0.115,0.885,0.169,0.750
186,6.200,0.000,0.000,0.000,0.000,0,0,0,0.000,0.000,6,0,0.690,0,58.009,2830.220,0.200,0.453,1.405,0.487,1.180,2.162,0.156,0.844,0.195,0.580
189,6.300,0.000,0.000,0.000,0.000,0,0,0,0.000,0.000,4,1,0.655,0,58.009,2830.220,0.167,0.453,3.464,0.571,0.879,0.639,0.223,0.777,0.237,0.750
192,6.400,0.000,0.000,0.000,0.000,0,0,0,0.000,0.000,4,0,0.655,0,58.009,2830.220,0.133,0.453,3.661,0.206,0.457,0.458,0.294,0.706,0.263,0.580
195,6.500,0.000,0.000,0.000,0.000,0,0,0,0.000,0.000,4,0,0.690,0,58.009,2830.220,0.100,0.453,4.319,0.209,0.067,0.359,0.295,0.705,0.275,0.580
198,6.600,0.000,0.000,0.000,0.000,0,0,0,0.000,0.000,4,0,0.690,0,58.009,2830.220,0.067,0.453,5.187,0.391,0.335,0.430,0.278,0.722,0.280,0.580
201,6.700,0.000,0.000,0.000,0.000,0,0,0,0.000,0.000,4,0,0.690,0,58.009,2830.220,0.033,0.453,5.771,0.456,0.649,0.825,0.285,0.715,0.286,0.580
204,6.800,0.000,0.000,0.000,0.000,0,0,0,0.000,0.000,4,0,0.724,0,58.009,2830.220,0.000,0.453,5.913,0.499,0.865,0.609,0.284,0.716,0.283,0.580
207,6.900,0.000,0.000,0.000,0.000,0,0,0,0.000,0.000,4,0,0.724,0,58.009,2830.220,0.000,0.453,6.182,0.400,1.063,0.130,0.275,0.725,0.297,0.580
210,7.000,154.353,0.000,127.670,0.000,1,1,0,0.000,1.648,4,0,0.724,3,58.009,2830.220,0.033,0.185,6.457,0.794,1.203,0.901,0.241,0.759,0.795,0.650
213,7.100,0.000,0.000,0.000,0.000,0,0,0,0.000,0.000,4,0,0.759,0,58.009,2830.220,0.033,0.185,7.346,0.739,1.273,0.156,0.260,0.740,0.306,0.650
216,7.200,29.530,0.000,-124.824,0.000,1,1,0,0.000,1.687,6,1,0.724,5,0.000,3897.219,0.067,0.182,7.238,0.880,1.097,0.113,0.263,0.737,0.741,0.750
219,7.300,59.169,0.000,29.640,0.000,1,1,0,0.000,1.493,6,0,0.724,5,0.000,3986.694,0.100,0.179,7.960,0.933,0.848,0.262,0.277,0.723,0.846,0.450
222,7.400,8.246,0.000,-50.923,0.000,1,1,0,0.000,1.479,6,0,0.759,5,0.000,3908.649,0.133,0.179,6.205,0.947,0.581,0.281,0.261,0.739,0.601,0.550
225,7.500,15.000,0.000,6.754,0.000,1,1,0,0.000,1.563,6,1,0.724,4,0.000,1993.164,0.167,0.179,6.746,0.942,0.298,0.238,0.263,0.737,0.626,0.750
228,7.600,39.395,0.000,24.395,0.000,1,1,0,0.000,1.696,6,0,0.724,4,0.000,1765.524,0.200,0.176,6.041,0.926,0.054,0.003,0.273,0.727,0.749,0.350
231,7.700,9.434,0.000,-29.961,0.000,1,1,0,0.000,1.751,6,0,0.759,5,0.000,1598.757,0.233,0.173,4.916,0.948,0.110,0.411,0.268,0.732,0.587,0.450
234,7.800,1.000,0.000,-8.434,0.000,1,1,0,0.000,1.541,5,0,0.759,4,0.000,1461.364,0.267,0.171,4.685,0.892,0.236,0.226,0.271,0.729,0.536,0.580
237,7.900,11.314,0.000,10.314,0.000,1,1,0,0.000,1.409,5,0,0.759,4,93.606,1280.264,0.300,0.168,2.225,0.882,0.340,0.320,0.217,0.783,0.537,0.520
240,8.000,6.000,0.000,-5.314,0.000,1,1,0,0.000,1.507,5,0,0.759,4,79.120,1028.694,0.333,0.168,1.908,0.792,0.421,0.102,0.192,0.808,0.510,0.580
243,8.100,9.055,0.000,3.055,0.000,1,1,0,0.000,1.562,4,1,0.724,3,110.368,863.549,0.367,0.165,1.963,0.839,0.568,1.424,0.192,0.808,0.520,0.750
246,8.200,12.369,0.000,3.314,0.000,1,1,0,0.000,1.706,4,0,0.724,3,113.635,926.109,0.400,0.162,1.772,0.877,0.812,1.427,0.192,0.808,0.535,0.631
249,8.300,8.544,0.000,-3.825,0.000,1,1,0,0.000,1.641,4,0,0.759,3,115.382,998.550,0.433,0.162,2.266,0.901,1.037,0.199,0.221,0.779,0.528,0.641
252,8.400,4.243,0.000,-4.301,0.000,1,1,0,0.000,1.756,4,0,0.759,3,0.000,1017.128,0.467,0.162,3.053,0.922,1.033,0.132,0.246,0.754,0.526,0.580
255,8.500,15.652,0.000,11.410,0.000,1,1,0,0.000,1.895,4,0,0.759,3,0.000,1075.957,0.500,0.162,3.766,0.954,0.806,0.626,0.257,0.743,0.609,0.350
258,8.600,5.831,0.000,-9.822,0.000,1,1,0,0.000,2.031,4,0,0.793,3,0.000,1056.354,0.533,0.360,3.037,0.919,0.568,0.890,0.244,0.756,0.543,0.580
261,8.700,7.280,0.000,1.449,0.000,1,1,0,0.000,2.232,6,1,0.759,5,0.000,895.575,0.567,0.369,3.042,0.940,0.255,0.107,0.252,0.748,0.569,0.750
264,8.800,0.000,0.000,-7.280,0.000,1,1,0,0.000,2.214,6,0,0.759,5,80.411,775.607,0.600,0.369,2.499,0.911,0.018,1.019,0.237,0.763,0.521,0.580
267,8.900,3.606,0.000,3.606,0.000,1,1,0,0.000,2.339,6,0,0.793,5,75.326,540.639,0.633,0.369,2.360,0.786,0.343,1.052,0.222,0.778,0.550,0.580
270,9.000,7.616,0.000,4.010,0.000,1,1,0,0.000,2.331,6,1,0.793,4,101.242,741.114,0.667,0.369,1.526,0.922,0.641,0.249,0.180,0.820,0.516,0.750
273,9.100,7.000,0.000,-0.616,0.000,1,1,0,0.000,2.545,6,0,0.793,4,103.446,892.694,0.700,0.369,1.694,0.787,1.097,1.365,0.196,0.804,0.530,0.575
276,9.200,8.062,0.000,1.062,0.000,1,1,0,0.000,2.529,6,0,0.828,4,92.590,1056.787,0.733,0.369,1.453,0.803,1.718,0.425,0.166,0.834,0.533,0.700
279,9.300,2.828,0.000,-5.234,0.000,1,1,0,0.000,2.103,6,1,0.793,4,107.615,1139.469,0.767,0.369,1.505,0.825,2.633,0.218,0.192,0.808,0.508,0.750
282,9.400,8.062,0.000,5.234,0.000,1,1,0,0.000,2.308,6,0,0.793,4,106.944,1152.697,0.800,0.369,1.392,0.903,3.164,1.708,0.162,0.838,0.532,0.700
285,9.500,7.211,0.000,-0.851,0.000,1,1,0,0.000,2.422,6,0,0.793,4,93.059,1191.105,0.833,0.369,1.077,0.642,2.623,1.374,0.119,0.881,0.542,0.700
288,9.600,7.280,0.000,0.069,0.000,1,1,0,0.000,2.345,6,1,0.759,4,96.607,1127.788,0.867,0.369,1.363,0.877,2.116,0.756,0.187,0.813,0.537,0.750
291,9.700,4.472,0.000,-2.808,0.000,1,1,0,0.000,2.271,6,0,0.759,4,92.661,1134.419,0.900,0.369,1.084,0.752,1.756,1.944,0.127,0.873,0.527,0.700
294,9.800,10.296,0.000,5.823,0.000,1,1,0,0.000,2.173,6,0,0.759,4,0.000,857.989,0.933,0.358,1.040,0.817,1.479,0.039,0.137,0.863,0.558,0.700
297,9.900,8.485,0.000,-1.810,0.000,1,1,0,0.000,2.188,7,1,0.724,5,111.221,916.120,0.967,0.358,1.156,0.335,1.332,2.048,0.123,0.877,0.597,0.750
300,10.000,9.220,0.000,0.734,0.000,1,1,0,0.000,2.128,7,0,0.724,6,71.120,869.867,0.967,0.347,1.128,0.506,1.284,0.787,0.094,0.906,0.614,0.350
303,10.100,5.385,0.000,-3.834,0.000,1,1,0,0.000,2.169,7,0,0.759,5,109.554,949.264,1.000,0.347,0.649,0.649,1.305,0.396,0.064,0.936,0.549,0.609
306,10.200,11.662,0.000,6.277,0.000,1,1,0,0.000,2.088,6,0,0.759,5,0.000,764.847,1.000,0.347,0.904,0.623,1.311,1.192,0.074,0.926,0.614,0.350
309,10.300,10.198,0.000,-1.464,0.000,1,1,0,0.000,1.992,6,0,0.759,5,71.113,876.709,1.000,0.347,1.419,0.782,1.337,1.314,0.173,0.827,0.607,0.550
312,10.400,13.153,0.000,2.955,0.000,1,1,0,0.000,1.948,6,0,0.793,5,83.487,663.864,1.000,0.347,1.195,0.799,1.399,2.021,0.140,0.860,0.617,0.550
315,10.500,19.416,0.000,6.264,0.000,1,1,0,0.000,2.027,7,0,0.793,6,71.113,653.627,1.000,0.336,1.460,0.749,1.402,1.570,0.149,0.851,0.666,0.700
318,10.600,6.083,0.000,-13.334,0.000,1,1,0,0.000,2.052,7,0,0.793,6,106.508,666.477,1.000,0.336,1.481,0.883,1.396,0.177,0.195,0.805,0.583,0.592
321,10.700,15.000,0.000,8.917,0.000,1,1,0,0.000,2.027,7,0,0.793,5,114.477,751.104,1.000,0.324,1.689,0.769,1.478,1.828,0.152,0.848,0.620,0.700
324,10.800,15.033,0.000,0.033,0.000,1,1,0,0.000,2.045,7,1,0.759,6,100.881,827.344,1.000,0.324,1.494,0.614,1.439,1.263,0.129,0.871,0.652,0.750
327,10.900,10.770,0.000,-4.263,0.000,1,1,0,0.000,2.222,7,0,0.759,6,31.257,787.560,1.000,0.311,1.223,0.527,1.549,1.312,0.147,0.853,0.628,0.700
330,11.000,8.062,0.000,-2.708,0.000,1,1,0,0.000,2.109,7,0,0.793,6,113.358,739.978,1.000,0.311,1.821,0.759,1.409,0.508,0.148,0.852,0.611,0.700
333,11.100,0.000,0.000,0.000,0.000,0,0,0,0.000,0.000,6,1,0.759,0,113.358,739.978,0.967,0.311,3.126,0.164,1.171,0.829,0.126,0.874,0.353,0.750
336,11.200,0.000,0.000,0.000,0.000,0,0,0,0.000,0.000,6,0,0.759,0,113.358,739.978,0.933,0.311,2.771,0.303,0.933,0.172,0.167,0.833,0.330,0.630
339,11.300,0.000,0.000,0.000,0.000,0,0,0,0.000,0.000,6,0,0.759,0,113.358,739.978,0.900,0.311,3.366,0.771,0.696,0.605,0.246,0.754,0.308,0.630
342,11.400,0.000,0.000,0.000,0.000,0,0,0,0.000,0.000,3,1,0.724,0,113.358,739.978,0.867,0.311,3.839,0.913,0.389,0.757,0.276,0.724,0.206,0.750
345,11.500,0.000,0.000,0.000,0.000,0,0,0,0.000,0.000,3,0,0.724,0,113.358,739.978,0.833,0.311,5.054,0.934,0.034,0.275,0.273,0.727,0.231,0.630
348,11.600,0.000,0.000,0.000,0.000,0,0,0,0.000,0.000,3,0,0.759,0,113.358,739.978,0.800,0.311,5.847,0.911,0.606,0.018,0.274,0.726,0.248,0.630
351,11.700,0.000,0.000,0.000,0.000,0,0,0,0.000,0.000,4,1,0.724,0,113.358,739.978,0.767,0.311,7.001,0.920,1.482,0.125,0.296,0.704,0.373,0.750
354,11.800,0.000,0.000,0.000,0.000,0,0,0,0.000,0.000,4,0,0.724,0,113.358,739.978,0.733,0.311,8.486,0.977,3.021,0.178,0.316,0.684,0.390,0.700
357,11.900,0.000,0.000,0.000,0.000,0,0,0,0.000,0.000,4,0,0.759,0,113.358,739.978,0.700,0.311,6.775,0.913,5.225,0.079,0.324,0.676,0.359,0.700
360,12.000,0.000,0.000,0.000,0.000,0,0,0,0.000,0.000,5,1,0.724,0,113.358,739.978,0.667,0.311,3.833,0.961,9.291,0.154,0.284,0.716,0.279,0.750
363,12.100,0.000,0.000,0.000,0.000,0,0,0,0.000,0.000,5,0,0.724,0,113.358,739.978,0.633,0.311,1.115,0.463,10.070,0.882,0.151,0.849,0.241,0.700
366,12.200,0.000,0.000,0.000,0.000,0,0,0,0.000,0.000,5,0,0.759,0,113.358,739.978,0.600,0.311,1.689,0.513,10.886,0.695,0.171,0.829,0.248,0.700
369,12.300,0.000,0.000,0.000,0.000,0,0,0,0.000,0.000,5,0,0.759,0,113.358,739.978,0.567,0.311,1.379,0.596,9.928,2.735,0.185,0.815,0.231,0.700
372,12.400,0.000,0.000,0.000,0.000,0,0,0,0.000,0.000,5,0,0.759,0,113.358,739.978,0.533,0.311,1.699,0.848,9.931,0.506,0.219,0.781,0.217,0.700
375,12.500,0.000,0.000,0.000,0.000,0,0,0,0.000,0.000,5,0,0.793,0,113.358,739.978,0.500,0.311,3.656,0.908,10.228,0.100,0.316,0.684,0.258,0.700
378,12.600,0.000,0.000,0.000,0.000,0,0,0,0.000,0.000,3,1,0.759,0,113.358,739.978,0.467,0.311,4.353,0.968,9.216,0.177,0.306,0.694,0.167,0.750
381,12.700,0.000,0.000,0.000,0.000,0,0,0,0.000,0.000,3,0,0.759,0,113.358,739.978,0.433,0.311,3.222,0.969,4.865,0.178,0.301,0.699,0.135,0.700
384,12.800,0.000,0.000,0.000,0.000,0,0,0,0.000,0.000,3,0,0.793,0,113.358,739.978,0.400,0.311,3.214,0.933,4.043,0.013,0.295,0.705,0.133,0.700
387,12.900,0.000,0.000,0.000,0.000,0,0,0,0.000,0.000,5,1,0.759,0,113.358,739.978,0.367,0.311,2.461,0.929,3.119,0.025,0.251,0.749,0.210,0.750
390,13.000,0.000,0.000,0.000,0.000,0,0,0,0.000,0.000,5,0,0.759,0,113.358,739.978,0.333,0.311,3.530,0.929,2.304,0.952,0.279,0.721,0.233,0.700
393,13.100,0.000,0.000,0.000,0.000,0,0,0,0.000,0.000,5,0,0.759,0,113.358,739.978,0.300,0.311,2.185,0.897,1.478,1.262,0.248,0.752,0.198,0.700
396,13.200,0.000,0.000,0.000,0.000,0,0,0,0.000,0.000,3,1,0.724,0,113.358,739.978,0.267,0.311,2.091,0.858,0.817,0.323,0.233,0.767,0.094,0.750
399,13.300,0.000,0.000,0.000,0.000,0,0,0,0.000,0.000,3,0,0.724,0,113.358,739.978,0.233,0.311,1.860,0.851,0.257,0.279,0.264,0.736,0.085,0.630
402,13.400,0.000,0.000,0.000,0.000,0,0,0,0.000,0.000,3,0,0.724,0,113.358,739.978,0.200,0.311,2.847,0.959,0.204,1.548,0.276,0.724,0.098,0.630
405,13.500,0.000,0.000,0.000,0.000,0,0,0,0.000,0.000,5,1,0.690,0,113.358,739.978,0.167,0.311,3.887,0.950,0.472,0.026,0.307,0.693,0.221,0.750
408,13.600,0.000,0.000,0.000,0.000,0,0,0,0.000,0.000,5,0,0.690,0,113.358,739.978,0.133,0.311,3.691,0.935,0.558,0.158,0.264,0.736,0.213,0.630
411,13.700,0.000,0.000,0.000,0.000,0,0,0,0.000,0.000,5,0,0.724,0,113.358,739.978,0.100,0.311,4.039,0.941,0.464,0.018,0.270,0.730,0.217,0.630
414,13.800,0.000,0.000,0.000,0.000,0,0,0,0.000,0.000,3,1,0.690,0,113.358,739.978,0.067,0.311,4.403,0.902,0.395,0.020,0.262,0.738,0.125,0.750
417,13.900,0.000,0.000,0.000,0.000,0,0,0,0.000,0.000,3,0,0.690,0,113.358,739.978,0.033,0.311,3.923,0.957,0.301,0.007,0.259,0.741,0.105,0.630
420,14.000,0.000,0.000,0.000,0.000,0,0,0,0.000,0.000,3,0,0.724,0,113.358,739.978,0.000,0.311,4.497,0.883,0.253,0.026,0.252,0.748,0.121,0.630
423,14.100,0.000,0.000,0.000,0.000,0,0,0,0.000,0.000,5,1,0.690,0,113.358,739.978,0.000,0.311,3.553,0.909,0.291,0.041,0.230,0.770,0.195,0.750
426,14.200,0.000,0.000,0.000,0.000,0,0,0,0.000,0.000,5,0,0.690,0,113.358,739.978,0.000,0.311,3.422,0.834,0.355,0.023,0.223,0.777,0.197,0.630
429,14.300,0.000,0.000,0.000,0.000,0,0,0,0.000,0.000,5,0,0.724,0,113.358,739.978,0.000,0.311,3.486,0.878,0.366,0.224,0.241,0.759,0.196,0.630
432,14.400,0.000,0.000,0.000,0.000,0,0,0,0.000,0.000,5,1,0.690,0,113.358,739.978,0.000,0.311,3.317,0.846,0.352,0.214,0.247,0.753,0.194,0.750
435,14.500,0.000,0.000,0.000,0.000,0,0,0,0.000,0.000,5,0,0.690,0,113.358,739.978,0.000,0.311,2.584,0.753,0.277,0.533,0.230,0.770,0.182,0.630
438,14.600,0.000,232.177,0.000,213.738,1,0,1,0.000,0.735,5,0,0.724,4,174.040,1775.570,0.033,0.144,4.059,0.827,0.262,0.580,0.293,0.707,0.742,0.750
441,14.700,0.000,0.000,0.000,0.000,0,0,0,0.000,0.000,3,1,0.690,0,174.040,1775.570,0.033,0.144,4.996,0.899,0.092,0.054,0.302,0.698,0.136,0.750
444,14.800,0.000,0.000,0.000,0.000,0,0,0,0.000,0.000,3,0,0.690,0,174.040,1775.570,0.033,0.144,3.416,0.857,0.166,0.351,0.292,0.708,0.099,0.750
447,14.900,0.000,0.000,0.000,0.000,0,0,0,0.000,0.000,3,0,0.724,0,174.040,1775.570,0.033,0.144,3.770,0.858,0.616,0.791,0.316,0.684,0.108,0.750
450,15.000,0.000,0.000,0.000,0.000,0,0,0,0.000,0.000,5,1,0.690,0,174.040,1775.570,0.033,0.144,3.277,0.932,1.248,0.222,0.309,0.691,0.191,0.750
453,15.100,0.000,0.000,0.000,0.000,0,0,0,0.000,0.000,5,0,0.690,0,174.040,1775.570,0.033,0.144,2.936,0.906,1.196,0.221,0.284,0.716,0.184,0.750
456,15.200,0.000,0.000,0.000,0.000,0,0,0,0.000,0.000,5,0,0.690,0,174.040,1775.570,0.033,0.144,2.926,0.891,1.022,0.098,0.284,0.716,0.185,0.750
459,15.300,0.000,0.000,0.000,0.000,0,0,0,0.000,0.000,5,0,0.690,0,174.040,1775.570,0.033,0.144,3.061,0.923,0.768,0.265,0.271,0.729,0.186,0.750
462,15.400,0.000,0.000,0.000,0.000,0,0,0,0.000,0.000,5,0,0.690,0,174.040,1775.570,0.033,0.144,3.091,0.956,0.464,0.214,0.275,0.725,0.184,0.750
465,15.500,0.000,0.000,0.000,0.000,0,0,0,0.000,0.000,5,0,0.724,0,174.040,1775.570,0.033,0.144,2.582,0.954,0.252,0.119,0.264,0.736,0.172,0.750
468,15.600,0.000,0.000,0.000,0.000,0,0,0,0.000,0.000,5,0,0.724,0,174.040,1775.570,0.033,0.144,2.345,0.971,0.021,0.025,0.257,0.743,0.165,0.750
471,15.700,0.000,0.000,0.000,0.000,0,0,0,0.000,0.000,5,0,0.724,0,174.040,1775.570,0.033,0.144,2.216,0.971,0.011,0.090,0.253,0.747,0.161,0.750
474,15.800,0.000,0.000,0.000,0.000,0,0,0,0.000,0.000,5,0,0.759,0,174.040,1775.570,0.033,0.144,2.092,0.920,0.127,0.143,0.238,0.762,0.162,0.750
477,15.900,0.000,0.000,0.000,0.000,0,0,0,0.000,0.000,4,1,0.724,0,174.040,1775.570,0.033,0.144,2.589,0.902,0.263,0.121,0.243,0.757,0.176,0.750
480,16.000,0.000,0.000,0.000,0.000,0,0,0,0.000,0.000,4,0,0.724,0,174.040,1775.570,0.033,0.144,2.596,0.726,0.410,1.033,0.226,0.774,0.188,0.750
483,16.100,0.000,0.000,0.000,0.000,0,0,0,0.000,0.000,4,0,0.759,0,174.040,1775.570,0.033,0.144,6.674,0.358,0.318,0.285,0.455,0.545,0.316,0.750
486,16.200,126.036,0.000,117.973,0.000,1,1,0,0.000,2.004,5,1,0.724,3,174.040,1775.570,0.067,0.170,5.682,0.189,0.271,0.283,0.318,0.682,0.795,0.750
489,16.300,29.530,0.000,-96.506,0.000,1,1,0,0.000,1.872,5,0,0.724,3,174.040,1775.570,0.100,0.170,3.136,0.612,0.464,2.263,0.160,0.840,0.620,0.750
492,16.400,18.028,0.000,-11.502,0.000,1,1,0,0.000,1.862,5,0,0.759,3,121.709,2159.599,0.133,0.173,2.419,0.728,0.790,1.028,0.160,0.840,0.534,0.676
495,16.500,24.021,0.000,5.993,0.000,1,1,0,0.000,1.921,4,1,0.724,3,121.709,2159.599,0.167,0.173,3.344,0.671,1.134,0.629,0.156,0.844,0.625,0.750
498,16.600,40.608,0.000,16.587,0.000,1,1,0,0.000,1.676,4,0,0.724,3,121.709,2159.599,0.200,0.175,3.347,0.720,1.025,1.693,0.155,0.845,0.718,0.676
501,16.700,11.402,0.000,-29.206,0.000,1,1,0,0.000,1.734,4,0,0.759,3,86.977,2306.569,0.233,0.175,2.516,0.624,0.835,1.172,0.168,0.832,0.546,0.450
504,16.800,31.321,0.000,19.919,0.000,1,1,0,0.000,1.485,3,1,0.724,2,0.000,2293.740,0.267,0.177,2.270,0.085,0.730,1.885,0.156,0.844,0.577,0.750
507,16.900,39.395,0.000,8.075,0.000,1,1,0,0.000,1.698,3,0,0.724,2,67.082,2426.659,0.300,0.177,1.600,0.428,0.693,1.380,0.156,0.844,0.585,0.550
510,17.000,9.055,0.000,-30.340,0.000,1,1,0,0.000,1.776,3,0,0.759,2,9.055,2541.007,0.333,0.180,2.242,0.403,0.764,1.124,0.149,0.851,0.438,0.450
513,17.100,10.770,0.000,1.715,0.000,1,1,0,0.000,1.948,4,1,0.724,3,9.055,2541.007,0.367,0.180,2.608,0.153,0.616,0.413,0.116,0.884,0.593,0.750
516,17.200,5.657,0.000,-5.113,0.000,1,1,0,0.000,2.001,4,0,0.724,3,100.439,2904.149,0.400,0.182,1.845,0.613,0.413,2.468,0.115,0.885,0.518,0.580
519,17.300,0.000,0.000,0.000,0.000,0,0,0,0.000,0.000,4,0,0.759,0,100.439,2904.149,0.400,0.182,2.930,0.382,0.301,2.854,0.122,0.878,0.264,0.650
522,17.400,0.000,437.093,0.000,204.916,1,0,1,0.000,1.106,4,1,0.724,3,0.000,2877.474,0.433,0.184,2.221,0.846,0.079,3.021,0.181,0.819,0.733,0.750
525,17.500,66.242,0.000,60.585,0.000,1,1,0,0.000,2.003,4,0,0.724,3,65.000,2913.507,0.467,0.186,1.920,0.850,0.045,0.450,0.147,0.853,0.730,0.500
528,17.600,45.607,0.000,-20.635,0.000,1,1,0,0.000,2.278,4,0,0.759,3,57.801,2819.989,0.467,0.186,2.425,0.570,0.107,1.112,0.150,0.850,0.762,0.350
531,17.700,15.811,0.000,-29.796,0.000,1,1,0,0.000,2.219,6,1,0.724,5,0.000,3109.219,0.500,0.186,1.864,0.568,0.467,1.519,0.119,0.881,0.605,0.750
534,17.800,30.610,0.000,14.799,0.000,1,1,0,0.000,2.600,6,0,0.724,5,0.000,2859.944,0.533,0.189,1.916,0.451,0.680,0.167,0.094,0.906,0.700,0.350
537,17.900,25.807,0.000,-4.803,0.000,1,1,0,0.000,2.610,6,0,0.759,5,80.920,903.584,0.567,0.189,2.544,0.728,0.731,2.793,0.137,0.863,0.674,0.550
540,18.000,13.601,0.000,-12.206,0.000,1,1,0,0.000,2.504,4,1,0.724,3,115.365,992.464,0.600,0.217,2.373,0.191,0.647,2.078,0.119,0.881,0.628,0.750
543,18.100,19.105,0.000,5.504,0.000,1,1,0,0.000,2.494,4,0,0.724,3,116.103,1115.238,0.633,0.391,1.634,0.299,0.702,1.054,0.078,0.922,0.637,0.645
546,18.200,18.385,0.000,-0.720,0.000,1,1,0,0.000,2.294,4,0,0.724,3,0.000,1064.137,0.667,0.391,2.276,0.524,0.817,2.388,0.098,0.902,0.637,0.550
549,18.300,0.000,45.398,0.000,-391.694,1,0,1,0.000,1.197,5,1,0.690,4,0.000,959.070,0.700,0.391,2.436,0.124,0.801,1.600,0.127,0.873,0.830,0.750
552,18.400,7.211,0.000,-11.174,0.000,1,1,0,0.000,2.305,5,0,0.690,4,0.000,1152.849,0.733,0.391,3.134,0.324,0.738,1.878,0.106,0.894,0.628,0.580
555,18.500,15.297,0.000,8.086,0.000,1,1,0,0.000,2.187,5,0,0.690,4,0.000,1076.894,0.767,0.381,2.495,0.202,0.555,0.767,0.120,0.880,0.669,0.350
558,18.600,93.408,0.000,78.111,0.000,1,1,0,0.000,1.993,4,1,0.655,3,0.000,1712.000,0.800,0.381,5.561,0.620,0.521,1.200,0.245,0.755,0.877,0.750
561,18.700,0.000,0.000,0.000,0.000,0,0,0,0.000,0.000,4,0,0.655,0,0.000,1712.000,0.800,0.381,5.530,0.523,0.389,0.763,0.329,0.671,0.368,0.650
564,18.800,0.000,0.000,0.000,0.000,0,0,0,0.000,0.000,4,0,0.690,0,0.000,1712.000,0.800,0.381,6.510,0.776,0.183,0.288,0.321,0.679,0.374,0.580
567,18.900,0.000,0.000,0.000,0.000,0,0,0,0.000,0.000,3,1,0.655,0,0.000,1712.000,0.800,0.381,5.861,0.881,0.048,0.241,0.310,0.690,0.251,0.750
570,19.000,0.000,0.000,0.000,0.000,0,0,0,0.000,0.000,3,0,0.655,0,0.000,1712.000,0.800,0.381,6.395,0.875,0.152,0.170,0.288,0.712,0.265,0.580
573,19.100,0.000,0.000,0.000,0.000,0,0,0,0.000,0.000,3,0,0.690,0,0.000,1712.000,0.800,0.381,5.703,0.914,0.401,0.129,0.275,0.725,0.245,0.580
576,19.200,0.000,0.000,0.000,0.000,0,0,0,0.000,0.000,3,0,0.690,0,0.000,1712.000,0.767,0.381,5.208,0.960,1.112,0.003,0.251,0.749,0.225,0.580
579,19.300,0.000,0.000,0.000,0.000,0,0,0,0.000,0.000,3,0,0.690,0,0.000,1712.000,0.733,0.381,2.787,0.942,2.891,0.071,0.221,0.779,0.162,0.700
582,19.400,0.000,0.000,0.000,0.000,0,0,0,0.000,0.000,3,0,0.724,0,0.000,1712.000,0.700,0.381,2.750,0.948,3.273,0.084,0.244,0.756,0.156,0.700
585,19.500,0.000,0.000,0.000,0.000,0,0,0,0.000,0.000,3,0,0.724,0,0.000,1712.000,0.667,0.381,2.819,0.883,3.272,1.450,0.279,0.721,0.159,0.700
588,19.600,0.000,0.000,0.000,0.000,0,0,0,0.000,0.000,3,0,0.724,0,0.000,1712.000,0.633,0.381,1.874,0.937,4.012,1.408,0.213,0.787,0.127,0.700
591,19.700,0.000,0.000,0.000,0.000,0,0,0,0.000,0.000,3,0,0.759,0,0.000,1712.000,0.600,0.381,1.731,0.826,5.086,2.560,0.220,0.780,0.127,0.700
594,19.800,0.000,0.000,0.000,0.000,0,0,0,0.000,0.000,3,0,0.759,0,0.000,1712.000,0.567,0.381,3.049,0.907,5.158,1.075,0.266,0.734,0.151,0.700
597,19.900,0.000,0.000,0.000,0.000,0,0,0,0.000,0.000,3,0,0.759,0,0.000,1712.000,0.533,0.381,0.893,0.836,5.168,1.273,0.150,0.850,0.098,0.700
600,20.000,0.000,0.000,0.000,0.000,0,0,0,0.000,0.000,3,0,0.793,0,0.000,1712.000,0.500,0.381,1.730,0.817,4.109,1.790,0.216,0.784,0.116,0.700
603,20.100,0.000,0.000,0.000,0.000,0,0,0,0.000,0.000,3,0,0.793,0,0.000,1712.000,0.467,0.381,1.564,0.836,3.912,0.032,0.202,0.798,0.107,0.700
606,20.200,0.000,0.000,0.000,0.000,0,0,0,0.000,0.000,3,0,0.793,0,0.000,1712.000,0.433,0.381,1.158,0.809,1.235,0.373,0.157,0.843,0.094,0.580
609,20.300,0.000,0.000,0.000,0.000,0,0,0,0.000,0.000,3,0,0.828,0,0.000,1712.000,0.433,0.381,1.035,0.917,0.504,0.282,0.162,0.838,0.084,0.580
612,20.400,0.000,0.000,0.000,0.000,0,0,0,0.000,0.000,3,0,0.828,0,0.000,1712.000,0.400,0.381,0.776,0.166,0.012,1.486,0.112,0.888,0.126,0.580
615,20.500,0.000,0.000,0.000,0.000,0,0,0,0.000,0.000,2,1,0.793,0,0.000,1712.000,0.367,0.381,0.658,0.277,0.367,0.979,0.129,0.871,0.111,0.750
618,20.600,0.000,0.000,0.000,0.000,0,0,0,0.000,0.000,2,0,0.828,0,0.000,1712.000,0.333,0.381,0.616,0.663,0.723,0.091,0.116,0.884,0.079,0.580
621,20.700,0.000,0.000,0.000,0.000,0,0,0,0.000,0.000,3,1,0.793,0,0.000,1712.000,0.300,0.381,0.566,0.487,1.008,0.793,0.104,0.896,0.186,0.750
624,20.800,0.000,0.000,0.000,0.000,0,0,0,0.000,0.000,3,0,0.793,0,0.000,1712.000,0.267,0.381,0.454,0.677,1.329,0.247,0.094,0.906,0.166,0.580
627,20.900,0.000,0.000,0.000,0.000,0,0,0,0.000,0.000,4,1,0.793,0,0.000,1712.000,0.233,0.381,0.595,0.774,1.494,0.230,0.107,0.893,0.159,0.750
630,21.000,0.000,0.000,0.000,0.000,0,0,0,0.000,0.000,2,1,0.759,0,0.000,1712.000,0.200,0.381,0.814,0.864,1.595,0.064,0.136,0.864,0.054,0.750
633,21.100,0.000,0.000,0.000,0.000,0,0,0,0.000,0.000,2,0,0.759,0,0.000,1712.000,0.167,0.381,1.000,0.915,1.716,0.259,0.179,0.821,0.051,0.700
636,21.200,0.000,0.000,0.000,0.000,0,0,0,0.000,0.000,2,0,0.793,0,0.000,1712.000,0.133,0.381,0.766,0.826,1.783,0.391,0.125,0.875,0.047,0.700
639,21.300,0.000,0.000,0.000,0.000,0,0,0,0.000,0.000,4,1,0.759,0,0.000,1712.000,0.100,0.381,0.742,0.704,1.753,0.159,0.124,0.876,0.151,0.750
642,21.400,0.000,0.000,0.000,0.000,0,0,0,0.000,0.000,4,0,0.759,0,0.000,1712.000,0.067,0.381,0.699,0.687,1.902,0.526,0.108,0.892,0.147,0.700
645,21.500,0.000,0.000,0.000,0.000,0,0,0,0.000,0.000,4,0,0.793,0,0.000,1712.000,0.033,0.381,1.609,0.961,1.655,1.698,0.213,0.787,0.147,0.700
648,21.600,0.000,0.000,0.000,0.000,0,0,0,0.000,0.000,3,1,0.759,0,0.000,1712.000,0.000,0.381,2.432,0.943,1.589,0.072,0.244,0.756,0.065,0.750
651,21.700,0.000,0.000,0.000,0.000,0,0,0,0.000,0.000,3,0,0.759,0,0.000,1712.000,0.000,0.381,1.866,0.818,1.399,0.872,0.227,0.773,0.059,0.580
654,21.800,0.000,0.000,0.000,0.000,0,0,0,0.000,0.000,3,0,0.793,0,0.000,1712.000,0.000,0.381,1.617,0.932,1.210,0.759,0.228,0.772,0.045,0.580
657,21.900,0.000,0.000,0.000,0.000,0,0,0,0.000,0.000,3,0,0.793,0,0.000,1712.000,0.000,0.381,0.915,0.886,1.069,0.647,0.145,0.855,0.031,0.580
660,22.000,0.000,0.000,0.000,0.000,0,0,0,0.000,0.000,3,0,0.793,0,0.000,1712.000,0.000,0.381,0.988,0.797,0.929,0.084,0.132,0.868,0.039,0.580
663,22.100,0.000,0.000,0.000,0.000,0,0,0,0.000,0.000,3,0,0.793,0,0.000,1712.000,0.000,0.381,1.032,0.874,0.817,1.742,0.148,0.852,0.035,0.580
666,22.200,0.000,0.000,0.000,0.000,0,0,0,0.000,0.000,3,0,0.793,0,0.000,1712.000,0.000,0.381,1.366,0.872,0.698,0.581,0.168,0.832,0.043,0.580
669,22.300,0.000,0.000,0.000,0.000,0,0,0,0.000,0.000,3,0,0.793,0,0.000,1712.000,0.000,0.381,1.633,0.964,0.553,0.023,0.175,0.825,0.043,0.580
672,22.400,0.000,0.000,0.000,0.000,0,0,0,0.000,0.000,3,0,0.793,0,0.000,1712.000,0.000,0.381,1.196,0.873,0.286,0.894,0.159,0.841,0.039,0.580
675,22.500,0.000,0.000,0.000,0.000,0,0,0,0.000,0.000,5,1,0.759,0,0.000,1712.000,0.000,0.381,1.178,0.770,0.072,1.329,0.160,0.840,0.146,0.750
678,22.600,0.000,0.000,0.000,0.000,0,0,0,0.000,0.000,4,1,0.724,0,0.000,1712.000,0.000,0.381,0.333,0.801,0.149,0.999,0.029,0.971,0.122,0.750
681,22.700,0.000,0.000,0.000,0.000,0,0,0,0.000,0.000,5,1,0.690,0,0.000,1712.000,0.000,0.381,1.173,0.735,0.176,2.247,0.173,0.827,0.148,0.750
684,22.800,0.000,0.000,0.000,0.000,0,0,0,0.000,0.000,5,1,0.655,0,0.000,1712.000,0.000,0.381,1.379,0.749,0.324,2.304,0.184,0.816,0.152,0.750
687,22.900,0.000,0.000,0.000,0.000,0,0,0,0.000,0.000,5,0,0.655,0,0.000,1712.000,0.000,0.381,3.167,0.905,1.154,0.486,0.370,0.630,0.186,0.620
690,23.000,0.000,0.000,0.000,0.000,0,0,0,0.000,0.000,5,0,0.655,0,0.000,1712.000,0.000,0.381,5.693,0.908,1.646,0.302,0.327,0.673,0.249,0.700
693,23.100,0.000,0.000,0.000,0.000,0,0,0,0.000,0.000,3,1,0.621,0,0.000,1712.000,0.000,0.381,6.206,0.932,2.577,0.097,0.307,0.693,0.160,0.750
696,23.200,0.000,0.000,0.000,0.000,0,0,0,0.000,0.000,3,0,0.621,0,0.000,1712.000,0.000,0.381,5.167,0.899,2.159,0.209,0.312,0.688,0.136,0.700
699,23.300,0.000,0.000,0.000,0.000,0,0,0,0.000,0.000,3,0,0.621,0,0.000,1712.000,0.000,0.381,4.376,0.908,2.273,0.065,0.309,0.691,0.116,0.700
702,23.400,0.000,0.000,0.000,0.000,0,0,0,0.000,0.000,3,0,0.655,0,0.000,1712.000,0.000,0.381,4.097,0.969,2.437,0.336,0.302,0.698,0.105,0.700
705,23.500,0.000,0.000,0.000,0.000,0,0,0,0.000,0.000,3,0,0.655,0,0.000,1712.000,0.000,0.381,3.894,0.973,2.811,0.108,0.303,0.697,0.099,0.700
708,23.600,0.000,0.000,0.000,0.000,0,0,0,0.000,0.000,3,0,0.690,0,0.000,1712.000,0.000,0.381,3.683,0.952,3.165,0.309,0.316,0.684,0.095,0.700
711,23.700,0.000,0.000,0.000,0.000,0,0,0,0.000,0.000,3,0,0.690,0,0.000,1712.000,0.000,0.381,3.382,0.959,3.510,0.002,0.306,0.694,0.087,0.700
714,23.800,0.000,0.000,0.000,0.000,0,0,0,0.000,0.000,3,0,0.724,0,0.000,1712.000,0.000,0.381,3.059,0.958,3.753,0.284,0.303,0.697,0.079,0.700
717,23.900,0.000,0.000,0.000,0.000,0,0,0,0.000,0.000,3,0,0.759,0,0.000,1712.000,0.000,0.381,2.442,0.913,3.923,0.098,0.267,0.733,0.067,0.700
720,24.000,0.000,0.000,0.000,0.000,0,0,0,0.000,0.000,4,1,0.724,0,0.000,1712.000,0.000,0.381,2.341,0.939,4.229,0.045,0.277,0.723,0.163,0.750
723,24.100,0.000,0.000,0.000,0.000,0,0,0,0.000,0.000,4,0,0.724,0,0.000,1712.000,0.000,0.381,2.108,0.878,4.463,0.137,0.258,0.742,0.161,0.700
726,24.200,0.000,0.000,0.000,0.000,0,0,0,0.000,0.000,4,0,0.759,0,0.000,1712.000,0.000,0.381,2.453,0.933,4.328,0.129,0.270,0.730,0.166,0.700
729,24.300,0.000,0.000,0.000,0.000,0,0,0,0.000,0.000,5,1,0.724,0,0.000,1712.000,0.000,0.381,2.866,0.965,4.565,0.091,0.303,0.697,0.174,0.750
732,24.400,0.000,0.000,0.000,0.000,0,0,0,0.000,0.000,5,0,0.724,0,0.000,1712.000,0.000,0.381,3.859,0.954,4.851,0.345,0.275,0.725,0.200,0.700
735,24.500,0.000,0.000,0.000,0.000,0,0,0,0.000,0.000,5,0,0.759,0,0.000,1712.000,0.000,0.381,4.151,0.799,3.465,0.104,0.301,0.699,0.218,0.700
738,24.600,0.000,0.000,0.000,0.000,0,0,0,0.000,0.000,6,1,0.724,0,0.000,1712.000,0.000,0.381,4.096,0.586,1.510,0.542,0.275,0.725,0.231,0.750
741,24.700,0.000,0.000,0.000,0.000,0,0,0,0.000,0.000,6,0,0.724,0,0.000,1712.000,0.000,0.381,5.597,0.689,0.889,0.510,0.328,0.672,0.262,0.580
744,24.800,0.000,0.000,0.000,0.000,0,0,0,0.000,0.000,6,0,0.724,0,0.000,1712.000,0.000,0.381,6.917,0.751,0.699,0.079,0.347,0.653,0.290,0.580
747,24.900,0.000,0.000,0.000,0.000,0,0,0,0.000,0.000,3,1,0.690,0,0.000,1712.000,0.000,0.381,5.790,0.658,0.667,0.323,0.327,0.673,0.169,0.750
750,25.000,0.000,0.000,0.000,0.000,0,0,0,0.000,0.000,3,0,0.690,0,0.000,1712.000,0.000,0.381,6.453,0.907,0.614,0.514,0.338,0.662,0.168,0.580
753,25.100,0.000,0.000,0.000,0.000,0,0,0,0.000,0.000,3,0,0.690,0,0.000,1712.000,0.000,0.381,5.773,0.909,0.611,0.278,0.335,0.665,0.151,0.580
756,25.200,0.000,0.000,0.000,0.000,0,0,0,0.000,0.000,4,1,0.655,0,0.000,1712.000,0.000,0.381,7.252,0.929,0.607,0.275,0.344,0.656,0.286,0.750
759,25.300,0.000,0.000,0.000,0.000,0,0,0,0.000,0.000,4,0,0.655,0,0.000,1712.000,0.000,0.381,6.951,0.945,0.692,0.338,0.335,0.665,0.278,0.580
762,25.400,0.000,0.000,0.000,0.000,0,0,0,0.000,0.000,4,0,0.690,0,0.000,1712.000,0.000,0.381,9.337,0.947,0.803,0.106,0.328,0.672,0.304,0.580
765,25.500,0.000,0.000,0.000,0.000,0,0,0,0.000,0.000,3,1,0.690,0,0.000,1712.000,0.000,0.381,9.715,0.947,1.061,0.074,0.327,0.673,0.204,0.750
768,25.600,0.000,0.000,0.000,0.000,0,0,0,0.000,0.000,3,0,0.724,0,0.000,1712.000,0.000,0.381,8.494,0.952,1.367,0.126,0.311,0.689,0.203,0.580
771,25.700,0.000,0.000,0.000,0.000,0,0,0,0.000,0.000,3,0,0.759,0,0.000,1712.000,0.000,0.381,7.203,0.951,1.745,0.035,0.296,0.704,0.184,0.700
774,25.800,0.000,0.000,0.000,0.000,0,0,0,0.000,0.000,3,0,0.759,0,0.000,1712.000,0.000,0.381,6.251,0.960,2.058,0.013,0.294,0.706,0.159,0.700
777,25.900,0.000,0.000,0.000,0.000,0,0,0,0.000,0.000,3,0,0.759,0,0.000,1712.000,0.000,0.381,4.606,0.959,2.359,0.051,0.277,0.723,0.118,0.700
780,26.000,0.000,0.000,0.000,0.000,0,0,0,0.000,0.000,3,0,0.793,0,0.000,1712.000,0.000,0.381,3.160,0.953,2.375,0.125,0.240,0.760,0.082,0.700
783,26.100,0.000,0.000,0.000,0.000,0,0,0,0.000,0.000,3,0,0.793,0,0.000,1712.000,0.000,0.381,2.584,0.962,2.655,0.108,0.228,0.772,0.067,0.700
786,26.200,0.000,0.000,0.000,0.000,0,0,0,0.000,0.000,3,0,0.793,0,0.000,1712.000,0.000,0.381,1.715,0.924,3.420,0.136,0.214,0.786,0.048,0.700
789,26.300,0.000,0.000,0.000,0.000,0,0,0,0.000,0.000,2,1,0.759,0,0.000,1712.000,0.000,0.381,1.287,0.880,2.881,0.145,0.194,0.806,0.041,0.750
792,26.400,0.000,0.000,0.000,0.000,0,0,0,0.000,0.000,6,1,0.724,0,0.000,1712.000,0.000,0.381,1.096,0.780,1.694,0.212,0.163,0.837,0.143,0.750
795,26.500,0.000,0.000,0.000,0.000,0,0,0,0.000,0.000,6,0,0.724,0,0.000,1712.000,0.000,0.381,0.939,0.454,1.245,0.091,0.142,0.858,0.162,0.580
798,26.600,0.000,0.000,0.000,0.000,0,0,0,0.000,0.000,6,0,0.724,0,0.000,1712.000,0.000,0.381,1.925,0.277,0.759,1.323,0.193,0.807,0.199,0.580
801,26.700,0.000,0.000,0.000,0.000,0,0,0,0.000,0.000,3,1,0.690,0,0.000,1712.000,0.000,0.381,2.601,0.590,0.476,1.151,0.228,0.772,0.094,0.750
804,26.800,0.000,0.000,0.000,0.000,0,0,0,0.000,0.000,3,0,0.690,0,0.000,1712.000,0.000,0.381,2.225,0.343,0.103,1.030,0.210,0.790,0.102,0.580
807,26.900,359.739,0.000,266.331,0.000,1,1,0,0.000,1.713,3,0,0.724,1,0.000,1712.000,0.033,0.138,2.411,0.240,0.216,0.355,0.220,0.780,0.557,0.650
810,27.000,13.153,0.000,-346.586,0.000,1,1,0,0.000,1.330,3,0,0.724,1,0.000,1712.000,0.067,0.138,3.377,0.488,0.635,0.492,0.238,0.762,0.391,0.580
813,27.100,3.606,0.000,-9.547,0.000,1,1,0,0.000,1.315,3,0,0.724,2,0.000,1712.000,0.100,0.138,4.462,0.726,0.998,0.100,0.257,0.743,0.413,0.580
816,27.200,0.000,0.000,0.000,0.000,0,0,0,0.000,0.000,3,0,0.759,0,0.000,1712.000,0.100,0.138,3.867,0.505,1.364,0.510,0.237,0.763,0.143,0.650
819,27.300,26.306,0.000,22.700,0.000,1,1,0,0.000,1.149,3,0,0.759,2,0.000,1712.000,0.133,0.139,3.912,0.491,1.784,0.761,0.261,0.739,0.546,0.700
822,27.400,114.769,0.000,88.463,0.000,1,1,0,0.000,1.290,3,0,0.759,2,0.000,1712.000,0.167,0.140,6.622,0.773,2.246,0.125,0.306,0.694,0.701,0.700
825,27.500,96.897,0.000,-17.872,0.000,1,1,0,0.000,1.080,3,0,0.793,2,0.000,1712.000,0.200,0.140,6.531,0.836,2.288,0.045,0.317,0.683,0.699,0.700
828,27.600,0.000,0.000,0.000,0.000,0,0,0,0.000,0.000,4,1,0.759,0,0.000,1712.000,0.200,0.140,6.364,0.883,1.976,0.428,0.328,0.672,0.291,0.750
831,27.700,0.000,0.000,0.000,0.000,0,0,0,0.000,0.000,4,0,0.759,0,0.000,1712.000,0.200,0.140,5.653,0.888,1.618,0.782,0.328,0.672,0.273,0.700
834,27.800,0.000,0.000,0.000,0.000,0,0,0,0.000,0.000,4,0,0.793,0,0.000,1712.000,0.200,0.140,4.779,0.881,1.153,0.429,0.321,0.679,0.252,0.580
837,27.900,0.000,0.000,0.000,0.000,0,0,0,0.000,0.000,6,1,0.759,0,0.000,1712.000,0.200,0.140,4.183,0.857,0.782,0.158,0.314,0.686,0.239,0.750
840,28.000,0.000,0.000,0.000,0.000,0,0,0,0.000,0.000,6,0,0.759,0,0.000,1712.000,0.200,0.140,5.248,0.933,0.525,0.599,0.330,0.670,0.260,0.580
843,28.100,0.000,0.000,0.000,0.000,0,0,0,0.000,0.000,6,0,0.793,0,0.000,1712.000,0.200,0.140,4.553,0.965,0.272,0.235,0.328,0.672,0.240,0.580
846,28.200,0.000,0.000,0.000,0.000,0,0,0,0.000,0.000,4,1,0.759,0,0.000,1712.000,0.200,0.140,4.479,0.967,0.124,0.405,0.323,0.677,0.238,0.750
849,28.300,0.000,465.172,0.000,419.774,1,0,1,0.000,1.335,4,0,0.759,2,0.000,1712.000,0.233,0.147,3.923,0.965,0.017,0.093,0.338,0.662,0.699,0.650
852,28.400,0.000,0.000,0.000,0.000,0,0,0,0.000,0.000,4,0,0.793,0,0.000,1712.000,0.233,0.147,2.195,0.943,0.158,0.258,0.285,0.715,0.187,0.650
855,28.500,0.000,0.000,0.000,0.000,0,0,0,0.000,0.000,6,1,0.759,0,0.000,1712.000,0.233,0.147,2.379,0.951,0.339,0.158,0.298,0.702,0.191,0.750
858,28.600,0.000,0.000,0.000,0.000,0,0,0,0.000,0.000,6,0,0.759,0,0.000,1712.000,0.233,0.147,2.026,0.913,0.577,0.546,0.292,0.708,0.185,0.580
861,28.700,0.000,0.000,0.000,0.000,0,0,0,0.000,0.000,6,0,0.759,0,0.000,1712.000,0.233,0.147,1.613,0.918,0.778,0.016,0.257,0.743,0.174,0.580
864,28.800,0.000,0.000,0.000,0.000,0,0,0,0.000,0.000,6,1,0.724,0,0.000,1712.000,0.233,0.147,1.932,0.924,1.023,0.830,0.277,0.723,0.182,0.750
867,28.900,0.000,0.000,0.000,0.000,0,0,0,0.000,0.000,6,0,0.724,0,0.000,1712.000,0.233,0.147,1.068,0.724,1.295,1.203,0.238,0.762,0.174,0.580
870,29.000,0.000,0.000,0.000,0.000,0,0,0,0.000,0.000,6,0,0.724,0,0.000,1712.000,0.233,0.147,1.784,0.917,0.680,0.952,0.286,0.714,0.178,0.580
873,29.100,0.000,0.000,0.000,0.000,0,0,0,0.000,0.000,4,1,0.690,0,0.000,1712.000,0.233,0.147,2.525,0.895,0.257,0.670,0.323,0.677,0.198,0.750
876,29.200,0.000,0.000,0.000,0.000,0,0,0,0.000,0.000,4,0,0.724,0,0.000,1712.000,0.233,0.147,2.871,0.929,0.035,0.537,0.332,0.668,0.205,0.580
879,29.300,0.000,0.000,0.000,0.000,0,0,0,0.000,0.000,4,0,0.759,0,0.000,1712.000,0.233,0.147,2.950,0.959,0.265,0.065,0.333,0.667,0.205,0.580
882,29.400,0.000,0.000,0.000,0.000,0,0,0,0.000,0.000,4,0,0.759,0,0.000,1712.000,0.233,0.147,1.927,0.959,0.467,0.767,0.296,0.704,0.179,0.580
885,29.500,0.000,0.000,0.000,0.000,0,0,0,0.000,0.000,3,1,0.724,0,0.000,1712.000,0.233,0.147,1.566,0.890,0.714,0.136,0.272,0.728,0.175,0.750
888,29.600,0.000,0.000,0.000,0.000,0,0,0,0.000,0.000,3,0,0.759,0,0.000,1712.000,0.233,0.147,1.285,0.899,1.147,0.033,0.232,0.768,0.167,0.580
891,29.700,0.000,0.000,0.000,0.000,0,0,0,0.000,0.000,4,1,0.724,0,0.000,1712.000,0.233,0.147,1.749,0.949,1.539,0.511,0.303,0.697,0.175,0.750
894,29.800,0.000,0.000,0.000,0.000,0,0,0,0.000,0.000,3,1,0.690,0,0.000,1712.000,0.233,0.147,1.042,0.877,1.880,0.424,0.209,0.791,0.163,0.750
897,29.900,0.000,0.000,0.000,0.000,0,0,0,0.000,0.000,3,0,0.690,0,0.000,1712.000,0.200,0.147,1.327,0.938,2.373,0.690,0.258,0.742,0.162,0.700
900,30.000,0.000,0.000,0.000,0.000,0,0,0,0.000,0.000,3,1,0.655,0,0.000,1712.000,0.167,0.147,1.140,0.894,2.352,0.505,0.236,0.764,0.056,0.750
903,30.100,0.000,0.000,0.000,0.000,0,0,0,0.000,0.000,2,1,0.621,0,0.000,1712.000,0.133,0.147,1.007,0.913,2.192,0.107,0.209,0.791,0.047,0.750
906,30.200,0.000,0.000,0.000,0.000,0,0,0,0.000,0.000,2,0,0.621,0,0.000,1712.000,0.133,0.147,0.963,0.926,1.894,0.261,0.218,0.782,0.045,0.700
909,30.300,0.000,0.000,0.000,0.000,0,0,0,0.000,0.000,3,1,0.586,0,0.000,1712.000,0.100,0.147,1.081,0.948,1.636,0.721,0.210,0.790,0.043,0.750
912,30.400,0.000,0.000,0.000,0.000,0,0,0,0.000,0.000,2,1,0.552,0,0.000,1712.000,0.067,0.147,0.811,0.865,1.492,0.327,0.175,0.825,0.038,0.750
915,30.500,0.000,0.000,0.000,0.000,0,0,0,0.000,0.000,2,0,0.586,0,0.000,1712.000,0.033,0.147,1.133,0.964,1.264,0.257,0.223,0.777,0.035,0.580
918,30.600,0.000,0.000,0.000,0.000,0,0,0,0.000,0.000,3,1,0.552,0,0.000,1712.000,0.033,0.147,1.218,0.940,1.172,0.146,0.250,0.750,0.139,0.750
921,30.700,0.000,0.000,0.000,0.000,0,0,0,0.000,0.000,3,0,0.552,0,0.000,1712.000,0.033,0.147,1.159,0.946,1.202,0.171,0.230,0.770,0.137,0.580
924,30.800,0.000,0.000,0.000,0.000,0,0,0,0.000,0.000,3,0,0.586,0,0.000,1712.000,0.033,0.147,0.676,0.856,1.287,0.418,0.169,0.831,0.131,0.580
927,30.900,0.000,0.000,0.000,0.000,0,0,0,0.000,0.000,3,0,0.586,0,0.000,1712.000,0.033,0.147,0.799,0.861,1.402,0.478,0.188,0.812,0.134,0.700
930,31.000,0.000,0.000,0.000,0.000,0,0,0,0.000,0.000,3,0,0.586,0,0.000,1712.000,0.033,0.147,0.875,0.864,1.371,0.171,0.210,0.790,0.135,0.580
933,31.100,0.000,0.000,0.000,0.000,0,0,0,0.000,0.000,3,0,0.621,0,0.000,1712.000,0.033,0.147,0.785,0.688,1.403,1.427,0.179,0.821,0.145,0.700
936,31.200,0.000,0.000,0.000,0.000,0,0,0,0.000,0.000,3,0,0.621,0,0.000,1712.000,0.033,0.147,0.697,0.602,1.377,0.549,0.165,0.835,0.149,0.580
939,31.300,0.000,0.000,0.000,0.000,0,0,0,0.000,0.000,3,0,0.621,0,0.000,1712.000,0.000,0.147,0.993,0.272,1.616,0.655,0.211,0.789,0.176,0.700
942,31.400,0.000,0.000,0.000,0.000,0,0,0,0.000,0.000,4,1,0.621,0,0.000,1712.000,0.000,0.147,0.948,0.239,1.680,0.132,0.196,0.804,0.177,0.750
945,31.500,0.000,0.000,0.000,0.000,0,0,0,0.000,0.000,4,0,0.621,0,0.000,1712.000,0.000,0.147,0.765,0.533,1.583,0.628,0.112,0.888,0.152,0.700
948,31.600,0.000,0.000,0.000,0.000,0,0,0,0.000,0.000,4,0,0.621,0,0.000,1712.000,0.000,0.147,2.970,0.904,1.459,0.128,0.269,0.731,0.181,0.700
951,31.700,0.000,0.000,0.000,0.000,0,0,0,0.000,0.000,4,0,0.655,0,0.000,1712.000,0.000,0.147,3.447,0.922,1.073,0.048,0.269,0.731,0.192,0.580
954,31.800,0.000,0.000,0.000,0.000,0,0,0,0.000,0.000,4,1,0.621,0,0.000,1712.000,0.000,0.147,2.706,0.824,0.702,1.304,0.277,0.723,0.180,0.750
957,31.900,0.000,0.000,0.000,0.000,0,0,0,0.000,0.000,4,0,0.621,0,0.000,1712.000,0.000,0.147,4.741,0.914,0.437,1.460,0.326,0.674,0.225,0.580
960,32.000,0.000,0.000,0.000,0.000,0,0,0,0.000,0.000,4,0,0.655,0,0.000,1712.000,0.000,0.147,10.967,0.974,0.011,0.057,0.350,0.650,0.302,0.600
963,32.100,0.000,0.000,0.000,0.000,0,0,0,0.000,0.000,4,0,0.655,0,0.000,1712.000,0.000,0.147,9.957,0.905,1.015,0.070,0.364,0.636,0.307,0.614
966,32.200,0.000,0.000,0.000,0.000,0,0,0,0.000,0.000,4,0,0.655,0,0.000,1712.000,0.000,0.147,9.015,0.943,2.147,0.041,0.326,0.674,0.304,0.700
969,32.300,0.000,0.000,0.000,0.000,0,0,0,0.000,0.000,4,0,0.655,0,0.000,1712.000,0.000,0.147,7.454,0.897,3.884,0.025,0.313,0.687,0.294,0.700
972,32.400,0.000,0.000,0.000,0.000,0,0,0,0.000,0.000,4,0,0.690,0,0.000,1712.000,0.000,0.147,5.930,0.918,8.085,0.409,0.302,0.698,0.254,0.700
975,32.500,0.000,0.000,0.000,0.000,0,0,0,0.000,0.000,4,0,0.690,0,0.000,1712.000,0.000,0.147,4.996,0.952,11.077,0.054,0.306,0.694,0.228,0.700
978,32.600,0.000,0.000,0.000,0.000,0,0,0,0.000,0.000,4,0,0.724,0,0.000,1712.000,0.000,0.147,4.872,0.937,13.212,0.024,0.294,0.706,0.226,0.700
981,32.700,0.000,0.000,0.000,0.000,0,0,0,0.000,0.000,5,1,0.724,0,0.000,1712.000,0.000,0.147,4.362,0.932,14.182,0.098,0.293,0.707,0.214,0.750
984,32.800,0.000,0.000,0.000,0.000,0,0,0,0.000,0.000,5,0,0.724,0,0.000,1712.000,0.000,0.147,3.739,0.925,20.577,0.043,0.281,0.719,0.199,0.700
987,32.900,0.000,0.000,0.000,0.000,0,0,0,0.000,0.000,5,0,0.759,0,0.000,1712.000,0.000,0.147,3.710,0.901,21.620,0.064,0.279,0.721,0.200,0.700
990,33.000,0.000,0.000,0.000,0.000,0,0,0,0.000,0.000,5,1,0.759,0,0.000,1712.000,0.000,0.147,3.667,0.916,26.004,0.073,0.282,0.718,0.198,0.750
993,33.100,0.000,0.000,0.000,0.000,0,0,0,0.000,0.000,5,0,0.759,0,0.000,1712.000,0.000,0.147,4.077,0.889,27.612,0.061,0.287,0.713,0.210,0.700
996,33.200,0.000,0.000,0.000,0.000,0,0,0,0.000,0.000,5,0,0.793,0,0.000,1712.000,0.000,0.147,4.324,0.914,8.418,0.069,0.295,0.705,0.214,0.700
999,33.300,0.000,0.000,0.000,0.000,0,0,0,0.000,0.000,4,1,0.793,0,0.000,1712.000,0.000,0.147,2.919,0.894,5.511,0.243,0.286,0.714,0.180,0.750
1002,33.400,0.000,0.000,0.000,0.000,0,0,0,0.000,0.000,4,0,0.793,0,0.000,1712.000,0.000,0.147,4.774,0.922,4.907,0.154,0.337,0.663,0.225,0.700
1005,33.500,262.031,0.000,165.134,0.000,1,1,0,0.000,1.158,4,0,0.828,3,0.000,1712.000,0.033,0.178,5.540,0.863,3.355,0.087,0.341,0.659,0.767,0.700
1008,33.600,0.000,453.072,0.000,-12.100,1,0,1,0.000,1.474,4,0,0.828,3,0.000,1712.000,0.067,0.178,5.679,0.882,1.159,0.145,0.305,0.695,0.773,0.500
1011,33.700,0.000,39.825,0.000,-413.247,1,0,1,0.000,1.669,4,0,0.828,3,0.000,1712.000,0.100,0.178,5.110,0.936,0.673,0.005,0.288,0.712,0.731,0.450
1014,33.800,0.000,6.083,0.000,-33.742,1,0,1,0.000,1.679,4,0,0.828,2,0.000,1712.000,0.133,0.179,4.744,0.922,0.392,0.102,0.315,0.685,0.494,0.580
1017,33.900,50.567,0.000,-211.464,0.000,1,1,0,0.000,1.124,4,0,0.828,2,0.000,1712.000,0.167,0.180,3.442,0.891,0.210,0.262,0.288,0.712,0.684,0.500
1020,34.000,0.000,0.000,0.000,0.000,0,0,0,0.000,0.000,4,0,0.828,0,0.000,1712.000,0.167,0.180,2.154,0.872,0.070,1.456,0.249,0.751,0.183,0.650
1023,34.100,0.000,0.000,0.000,0.000,0,0,0,0.000,0.000,4,0,0.828,0,0.000,1712.000,0.167,0.180,1.129,0.543,0.063,2.994,0.180,0.820,0.180,0.580
1026,34.200,0.000,0.000,0.000,0.000,0,0,0,0.000,0.000,4,0,0.828,0,0.000,1712.000,0.167,0.180,1.445,0.777,0.225,0.108,0.226,0.774,0.172,0.580
1029,34.300,0.000,0.000,0.000,0.000,0,0,0,0.000,0.000,4,0,0.862,0,0.000,1712.000,0.167,0.180,2.191,0.849,0.378,0.076,0.252,0.748,0.185,0.580
1032,34.400,0.000,0.000,0.000,0.000,0,0,0,0.000,0.000,4,0,0.862,0,0.000,1712.000,0.167,0.180,2.215,0.810,0.495,0.368,0.210,0.790,0.189,0.580
1035,34.500,0.000,0.000,0.000,0.000,0,0,0,0.000,0.000,3,1,0.828,0,0.000,1712.000,0.167,0.180,2.417,0.819,0.631,0.111,0.225,0.775,0.093,0.750
1038,34.600,0.000,0.000,0.000,0.000,0,0,0,0.000,0.000,3,0,0.828,0,0.000,1712.000,0.167,0.180,2.553,0.860,0.797,0.016,0.250,0.750,0.094,0.580
1041,34.700,0.000,0.000,0.000,0.000,0,0,0,0.000,0.000,3,0,0.862,0,0.000,1712.000,0.167,0.180,2.148,0.879,0.887,0.221,0.226,0.774,0.082,0.580
1044,34.800,0.000,0.000,0.000,0.000,0,0,0,0.000,0.000,2,1,0.828,0,0.000,1712.000,0.167,0.180,1.730,0.852,0.985,0.034,0.217,0.783,0.074,0.750
1047,34.900,0.000,0.000,0.000,0.000,0,0,0,0.000,0.000,2,0,0.828,0,0.000,1712.000,0.167,0.180,1.170,0.648,1.031,0.182,0.230,0.770,0.074,0.580
1050,35.000,0.000,0.000,0.000,0.000,0,0,0,0.000,0.000,2,0,0.828,0,0.000,1712.000,0.167,0.180,1.049,0.559,1.131,0.533,0.202,0.798,0.077,0.580
1053,35.100,0.000,0.000,0.000,0.000,0,0,0,0.000,0.000,3,1,0.793,0,0.000,1712.000,0.167,0.180,0.737,0.595,1.364,0.117,0.148,0.852,0.067,0.750
1056,35.200,0.000,0.000,0.000,0.000,0,0,0,0.000,0.000,2,1,0.759,0,0.000,1712.000,0.167,0.180,0.778,0.674,1.784,1.104,0.170,0.830,0.062,0.750
1059,35.300,0.000,0.000,0.000,0.000,0,0,0,0.000,0.000,3,1,0.724,0,0.000,1712.000,0.167,0.180,1.198,0.881,2.524,1.200,0.193,0.807,0.058,0.750
1062,35.400,0.000,0.000,0.000,0.000,0,0,0,0.000,0.000,4,1,0.690,0,0.000,1712.000,0.167,0.180,3.209,0.842,3.441,0.548,0.325,0.675,0.211,0.750
1065,35.500,0.000,0.000,0.000,0.000,0,0,0,0.000,0.000,4,0,0.690,0,0.000,1712.000,0.167,0.180,3.689,0.715,3.438,0.767,0.279,0.721,0.232,0.700
1068,35.600,0.000,0.000,0.000,0.000,0,0,0,0.000,0.000,4,0,0.724,0,0.000,1712.000,0.167,0.180,4.811,0.741,2.531,0.654,0.301,0.699,0.258,0.700
1071,35.700,0.000,417.203,0.000,411.120,1,0,1,0.000,1.837,3,1,0.690,2,0.000,1712.000,0.200,0.193,3.870,0.809,1.572,0.484,0.270,0.730,0.634,0.750
1074,35.800,411.536,0.000,360.969,0.000,1,1,0,0.000,1.263,3,0,0.690,1,0.000,1712.000,0.233,0.194,3.127,0.886,1.132,0.446,0.253,0.747,0.554,0.500
1077,35.900,32.757,0.000,-378.779,0.000,1,1,0,0.000,1.293,3,0,0.724,1,0.000,1712.000,0.267,0.195,4.354,0.828,0.967,1.673,0.247,0.753,0.525,0.550
1080,36.000,25.080,0.000,-7.677,0.000,1,1,0,0.000,1.229,3,0,0.724,1,0.000,1712.000,0.300,0.196,2.647,0.704,0.768,1.122,0.199,0.801,0.452,0.580
1083,36.100,0.000,83.487,0.000,-333.716,1,0,1,0.000,1.759,3,0,0.724,1,0.000,1712.000,0.333,0.196,3.388,0.952,0.686,3.031,0.238,0.762,0.568,0.550
1086,36.200,4.472,0.000,-9.456,0.000,2,1,0,4.472,1.394,3,0,0.759,3,0.000,1712.000,0.367,0.197,4.082,0.986,0.576,0.397,0.247,0.753,0.532,0.650
1089,36.300,11.180,0.000,6.708,0.000,1,1,0,0.000,1.351,3,0,0.759,1,81.633,2125.344,0.400,0.198,1.376,0.847,0.388,1.590,0.165,0.835,0.345,0.650
1092,36.400,0.000,34.409,0.000,-49.077,1,0,1,0.000,1.779,3,0,0.759,2,15.811,2495.925,0.433,0.198,1.471,0.813,0.340,1.260,0.169,0.831,0.543,0.500
1095,36.500,15.232,0.000,4.051,0.000,1,1,0,0.000,1.036,3,0,0.759,2,15.811,2495.925,0.433,0.198,0.907,0.678,0.169,0.477,0.107,0.893,0.432,0.580
1098,36.600,1.414,0.000,-13.817,0.000,1,1,0,0.000,1.028,3,0,0.759,2,42.297,2826.728,0.433,0.199,1.063,0.796,0.022,1.936,0.147,0.853,0.351,0.580
1101,36.700,5.831,0.000,4.417,0.000,1,1,0,0.000,1.011,2,1,0.724,1,42.297,2826.728,0.433,0.199,0.754,0.800,0.309,2.181,0.097,0.903,0.337,0.750
1104,36.800,5.000,0.000,-0.831,0.000,1,1,0,0.000,1.187,3,1,0.690,2,42.297,2826.728,0.433,0.200,1.171,0.885,0.648,0.086,0.123,0.877,0.367,0.750
1107,36.900,8.246,0.000,3.246,0.000,1,1,0,0.000,1.391,3,0,0.690,2,43.829,3245.909,0.433,0.200,1.123,0.933,1.218,2.497,0.149,0.851,0.381,0.580
1110,37.000,5.657,0.000,-2.589,0.000,1,1,0,0.000,1.165,3,0,0.690,2,13.342,3762.560,0.467,0.201,0.856,0.629,1.102,1.608,0.111,0.889,0.385,0.580
1113,37.100,3.000,0.000,-2.657,0.000,1,1,0,0.000,1.251,3,0,0.690,2,35.440,3632.887,0.500,0.201,0.741,0.778,0.572,2.297,0.123,0.877,0.361,0.580
1116,37.200,1.414,0.000,-1.586,0.000,1,1,0,0.000,1.233,4,1,0.655,2,28.460,3600.259,0.533,0.201,0.596,0.549,0.025,2.008,0.097,0.903,0.438,0.750
1119,37.300,1.000,0.000,-0.414,0.000,1,1,0,0.000,1.324,3,1,0.621,1,28.460,3600.259,0.567,0.201,0.573,0.553,0.346,0.387,0.107,0.893,0.409,0.750
1122,37.400,2.236,0.000,1.236,0.000,1,1,0,0.000,1.611,3,0,0.655,1,28.460,3600.259,0.600,0.202,0.755,0.708,0.535,2.447,0.132,0.868,0.414,0.580
1125,37.500,2.236,0.000,0.000,0.000,1,1,0,0.000,1.384,2,1,0.621,1,28.460,3600.259,0.633,0.203,0.957,0.940,0.787,1.661,0.164,0.836,0.337,0.750
1128,37.600,5.000,0.000,2.764,0.000,1,1,0,0.000,1.233,2,0,0.621,1,28.460,3600.259,0.667,0.204,0.830,0.954,0.885,0.800,0.154,0.846,0.352,0.580
1131,37.700,6.708,0.000,1.708,0.000,1,1,0,0.000,1.286,2,0,0.655,1,28.460,3600.259,0.700,0.204,1.057,0.942,1.043,1.233,0.170,0.830,0.372,0.580
1134,37.800,0.000,0.000,-6.708,0.000,1,1,0,0.000,1.392,3,1,0.621,1,28.460,3600.259,0.733,0.205,0.884,0.893,1.246,2.027,0.156,0.844,0.408,0.750
1137,37.900,3.162,0.000,3.162,0.000,1,1,0,0.000,1.232,3,0,0.621,1,28.460,3600.259,0.767,0.206,0.899,0.937,1.236,1.968,0.139,0.861,0.426,0.580
1140,38.000,3.000,0.000,-0.162,0.000,1,1,0,0.000,1.309,3,0,0.655,1,28.460,3600.259,0.800,0.211,1.074,0.943,1.296,0.060,0.160,0.840,0.433,0.580
1143,38.100,7.211,0.000,4.211,0.000,1,1,0,0.000,1.538,2,1,0.655,1,28.460,3600.259,0.833,0.211,0.736,0.803,1.271,2.015,0.119,0.881,0.392,0.750
1146,38.200,10.198,0.000,2.987,0.000,1,1,0,0.000,1.484,2,0,0.690,1,28.460,3600.259,0.867,0.211,0.689,0.892,1.329,1.571,0.116,0.884,0.405,0.580
1149,38.300,4.000,0.000,-6.198,0.000,1,1,0,0.000,1.975,2,0,0.724,1,28.460,3600.259,0.900,0.213,0.822,0.895,1.329,0.372,0.131,0.869,0.378,0.580
1152,38.400,6.325,0.000,2.325,0.000,1,1,0,0.000,2.368,3,1,0.690,2,81.860,3644.544,0.933,0.211,0.491,0.807,1.342,1.157,0.066,0.934,0.423,0.750
1155,38.500,14.866,0.000,8.542,0.000,1,1,0,0.000,2.441,3,0,0.690,2,45.011,3654.384,0.967,0.211,1.225,0.865,1.232,0.354,0.178,0.822,0.489,0.580
1158,38.600,10.296,0.000,-4.570,0.000,1,1,0,0.000,2.518,2,1,0.690,1,45.011,3654.384,1.000,0.211,0.913,0.921,1.064,0.449,0.148,0.852,0.426,0.750
1161,38.700,12.042,0.000,1.746,0.000,1,1,0,0.000,2.256,3,1,0.655,2,49.041,3652.890,1.000,0.202,0.621,0.552,0.941,0.471,0.084,0.916,0.484,0.750
1164,38.800,7.000,0.000,-5.042,0.000,1,1,0,0.000,2.286,3,0,0.655,2,45.011,3472.725,1.000,0.281,0.978,0.941,0.802,0.115,0.153,0.847,0.437,0.580
1167,38.900,16.553,0.000,9.553,0.000,1,1,0,0.000,2.267,3,0,0.655,2,29.275,3396.800,1.000,0.285,1.359,0.937,0.651,1.087,0.187,0.813,0.500,0.580
1170,39.000,14.213,0.000,-2.340,0.000,1,1,0,0.000,2.225,3,0,0.655,2,29.275,3396.800,1.000,0.285,1.983,0.753,0.513,0.536,0.188,0.812,0.516,0.580
1173,39.100,11.000,0.000,-3.213,0.000,1,1,0,0.000,1.943,3,0,0.655,2,29.275,3396.800,1.000,0.285,1.336,0.822,0.355,0.042,0.148,0.852,0.477,0.580
1176,39.200,34.928,0.000,23.928,0.000,1,1,0,0.000,1.642,3,0,0.655,1,29.275,3396.800,1.000,0.289,1.509,0.580,0.177,0.392,0.162,0.838,0.571,0.350
1179,39.300,59.464,0.000,24.536,0.000,1,1,0,0.000,1.292,3,0,0.655,1,29.275,3396.800,1.000,0.293,3.394,0.828,0.339,0.592,0.281,0.719,0.657,0.350
1182,39.400,0.000,0.000,0.000,0.000,0,0,0,0.000,0.000,3,0,0.655,0,29.275,3396.800,0.967,0.293,1.704,0.925,1.260,0.105,0.254,0.746,0.164,0.650
1185,39.500,0.000,0.000,0.000,0.000,0,0,0,0.000,0.000,3,0,0.655,0,29.275,3396.800,0.933,0.293,1.192,0.971,2.197,0.147,0.188,0.812,0.144,0.700
1188,39.600,0.000,0.000,0.000,0.000,0,0,0,0.000,0.000,3,0,0.690,0,29.275,3396.800,0.900,0.293,2.808,0.978,2.095,0.244,0.276,0.724,0.180,0.700
1191,39.700,0.000,0.000,0.000,0.000,0,0,0,0.000,0.000,3,0,0.724,0,29.275,3396.800,0.867,0.293,3.344,0.983,3.034,0.062,0.289,0.711,0.189,0.700
1194,39.800,0.000,0.000,0.000,0.000,0,0,0,0.000,0.000,3,0,0.724,0,29.275,3396.800,0.833,0.293,4.582,0.986,3.984,0.053,0.291,0.709,0.216,0.700
1197,39.900,0.000,0.000,0.000,0.000,0,0,0,0.000,0.000,3,0,0.724,0,29.275,3396.800,0.800,0.293,3.244,0.894,6.195,0.115,0.295,0.705,0.185,0.700
1200,40.000,0.000,0.000,0.000,0.000,0,0,0,0.000,0.000,3,0,0.724,0,29.275,3396.800,0.767,0.293,4.433,0.948,7.464,0.062,0.285,0.715,0.206,0.700
1203,40.100,0.000,0.000,0.000,0.000,0,0,0,0.000,0.000,3,0,0.759,0,29.275,3396.800,0.733,0.293,4.043,0.974,7.216,0.182,0.318,0.682,0.191,0.700
1206,40.200,0.000,0.000,0.000,0.000,0,0,0,0.000,0.000,3,0,0.793,0,29.275,3396.800,0.700,0.293,8.264,0.968,8.231,0.102,0.335,0.665,0.286,0.700
1209,40.300,0.000,0.000,0.000,0.000,0,0,0,0.000,0.000,3,0,0.793,0,29.275,3396.800,0.667,0.293,4.430,0.946,10.949,0.014,0.324,0.676,0.195,0.700
1212,40.400,0.000,0.000,0.000,0.000,0,0,0,0.000,0.000,3,0,0.828,0,29.275,3396.800,0.633,0.293,1.971,0.920,12.694,0.370,0.244,0.756,0.131,0.700
1215,40.500,0.000,0.000,0.000,0.000,0,0,0,0.000,0.000,3,0,0.828,0,29.275,3396.800,0.600,0.293,2.370,0.852,10.642,0.156,0.285,0.715,0.142,0.700
1218,40.600,0.000,0.000,0.000,0.000,0,0,0,0.000,0.000,3,0,0.828,0,29.275,3396.800,0.567,0.293,5.423,0.974,6.550,0.257,0.284,0.716,0.205,0.700
1221,40.700,0.000,0.000,0.000,0.000,0,0,0,0.000,0.000,3,0,0.862,0,29.275,3396.800,0.533,0.293,6.217,0.979,7.052,0.014,0.270,0.730,0.221,0.700
1224,40.800,0.000,0.000,0.000,0.000,0,0,0,0.000,0.000,4,1,0.828,0,29.275,3396.800,0.500,0.293,6.086,0.968,7.398,0.127,0.290,0.710,0.314,0.750
1227,40.900,0.000,0.000,0.000,0.000,0,0,0,0.000,0.000,4,0,0.828,0,29.275,3396.800,0.467,0.293,10.796,0.942,4.032,0.086,0.341,0.659,0.360,0.700
1230,41.000,0.000,0.000,0.000,0.000,0,0,0,0.000,0.000,4,0,0.862,0,29.275,3396.800,0.433,0.293,6.899,0.940,4.787,0.190,0.299,0.701,0.329,0.700
1233,41.100,0.000,0.000,0.000,0.000,0,0,0,0.000,0.000,6,1,0.828,0,29.275,3396.800,0.400,0.293,2.578,0.392,5.329,0.359,0.210,0.790,0.255,0.750
1236,41.200,0.000,0.000,0.000,0.000,0,0,0,0.000,0.000,6,0,0.828,0,29.275,3396.800,0.367,0.293,3.222,0.565,4.575,0.506,0.235,0.765,0.255,0.700
1239,41.300,358.343,0.000,298.879,0.000,1,1,0,0.000,1.104,6,0,0.862,4,29.275,3396.800,0.367,0.272,4.646,0.604,3.797,0.605,0.249,0.751,0.788,0.700
1242,41.400,0.000,0.000,0.000,0.000,0,0,0,0.000,0.000,4,1,0.828,0,29.275,3396.800,0.333,0.272,3.177,0.452,2.761,0.116,0.197,0.803,0.258,0.750
1245,41.500,41.773,0.000,-316.570,0.000,1,1,0,0.000,1.328,4,0,0.862,3,29.275,3396.800,0.333,0.275,5.622,0.159,2.616,0.435,0.185,0.815,0.836,0.700
1248,41.600,0.000,0.000,0.000,0.000,0,0,0,0.000,0.000,4,0,0.897,0,29.275,3396.800,0.300,0.275,4.811,0.034,2.245,0.846,0.191,0.809,0.324,0.700
1251,41.700,0.000,461.863,0.000,427.453,1,0,1,0.000,1.585,3,1,0.862,2,29.275,3396.800,0.300,0.274,6.212,0.634,2.080,1.019,0.174,0.826,0.717,0.750
1254,41.800,123.000,0.000,81.227,0.000,1,1,0,0.000,1.314,3,0,0.862,2,0.000,4367.378,0.300,0.270,5.131,0.681,1.091,0.018,0.158,0.842,0.687,0.500
1257,41.900,17.263,0.000,-105.737,0.000,1,1,0,0.000,1.085,3,0,0.862,2,0.000,5572.888,0.300,0.274,2.680,0.453,1.016,0.213,0.151,0.849,0.487,0.580
1260,42.000,7.810,0.000,-9.452,0.000,1,1,0,0.000,1.161,3,0,0.862,2,0.000,5961.727,0.300,0.270,1.391,0.507,1.040,0.812,0.108,0.892,0.399,0.580
1263,42.100,11.000,0.000,3.190,0.000,1,1,0,0.000,1.184,3,0,0.862,2,0.000,7006.137,0.300,0.270,1.704,0.783,0.997,0.381,0.167,0.833,0.405,0.580
1266,42.200,15.524,0.000,4.524,0.000,1,1,0,0.000,1.165,3,0,0.862,2,0.000,7611.000,0.300,0.270,1.827,0.659,0.701,0.571,0.138,0.862,0.442,0.580
1269,42.300,11.045,0.000,-4.479,0.000,1,1,0,0.000,1.277,5,1,0.828,4,0.000,7066.394,0.300,0.267,2.170,0.759,0.349,1.716,0.182,0.818,0.542,0.750
1272,42.400,4.472,0.000,-6.573,0.000,1,1,0,0.000,1.163,5,0,0.828,4,0.000,5548.934,0.333,0.263,4.503,0.676,0.098,0.361,0.222,0.778,0.574,0.580
1275,42.500,35.355,0.000,30.883,0.000,1,1,0,0.000,0.961,5,0,0.828,4,25.080,4459.150,0.367,0.259,6.970,0.721,0.348,0.018,0.220,0.780,0.808,0.450
1278,42.600,43.829,0.000,8.474,0.000,1,1,0,0.000,0.927,4,1,0.793,3,25.080,4459.150,0.400,0.251,5.080,0.395,0.530,2.452,0.227,0.773,0.826,0.750
1281,42.700,63.561,0.000,19.732,0.000,1,1,0,0.000,0.954,4,0,0.793,3,25.080,4459.150,0.433,0.244,3.967,0.550,0.448,0.754,0.217,0.783,0.798,0.350
1284,42.800,111.162,0.000,47.601,0.000,1,1,0,0.000,0.660,4,0,0.793,2,25.080,4459.150,0.467,0.240,4.938,0.758,0.422,1.282,0.305,0.695,0.766,0.450
1287,42.900,0.000,223.761,0.000,-238.102,1,0,1,0.000,1.432,3,1,0.759,1,25.080,4459.150,0.500,0.240,5.666,0.800,0.415,0.418,0.325,0.675,0.656,0.750
1290,43.000,0.000,0.000,0.000,0.000,0,0,0,0.000,0.000,3,0,0.759,0,25.080,4459.150,0.500,0.240,7.684,0.773,0.341,0.065,0.330,0.670,0.268,0.650
1293,43.100,0.000,0.000,0.000,0.000,0,0,0,0.000,0.000,3,0,0.759,0,25.080,4459.150,0.500,0.240,8.274,0.827,0.316,0.042,0.304,0.696,0.272,0.580
1296,43.200,0.000,0.000,0.000,0.000,0,0,0,0.000,0.000,4,1,0.724,0,25.080,4459.150,0.500,0.240,6.909,0.804,0.240,0.110,0.283,0.717,0.346,0.750
1299,43.300,0.000,0.000,0.000,0.000,0,0,0,0.000,0.000,4,0,0.724,0,25.080,4459.150,0.500,0.240,7.416,0.742,0.171,0.004,0.268,0.732,0.363,0.580
1302,43.400,0.000,0.000,0.000,0.000,0,0,0,0.000,0.000,4,0,0.724,0,25.080,4459.150,0.500,0.240,5.719,0.618,0.122,0.031,0.225,0.775,0.330,0.580
1305,43.500,0.000,0.000,0.000,0.000,0,0,0,0.000,0.000,3,1,0.690,0,25.080,4459.150,0.500,0.240,4.964,0.671,0.052,0.013,0.202,0.798,0.207,0.750
1308,43.600,0.000,0.000,0.000,0.000,0,0,0,0.000,0.000,3,0,0.690,0,25.080,4459.150,0.500,0.240,3.306,0.698,0.088,0.289,0.176,0.824,0.164,0.580
1311,43.700,0.000,0.000,0.000,0.000,0,0,0,0.000,0.000,3,0,0.724,0,25.080,4459.150,0.500,0.240,2.272,0.646,0.234,0.121,0.161,0.839,0.142,0.580
1314,43.800,0.000,0.000,0.000,0.000,0,0,0,0.000,0.000,3,0,0.724,0,25.080,4459.150,0.500,0.240,1.866,0.572,0.360,0.097,0.147,0.853,0.137,0.580
1317,43.900,0.000,0.000,0.000,0.000,0,0,0,0.000,0.000,3,0,0.724,0,25.080,4459.150,0.500,0.240,2.228,0.405,0.456,0.042,0.143,0.857,0.157,0.580
1320,44.000,0.000,0.000,0.000,0.000,0,0,0,0.000,0.000,3,0,0.759,0,25.080,4459.150,0.500,0.240,3.359,0.700,0.815,0.787,0.148,0.852,0.165,0.580
1323,44.100,0.000,0.000,0.000,0.000,0,0,0,0.000,0.000,3,0,0.759,0,25.080,4459.150,0.500,0.240,4.567,0.662,0.666,0.759,0.163,0.837,0.198,0.580
1326,44.200,0.000,0.000,0.000,0.000,0,0,0,0.000,0.000,3,0,0.759,0,25.080,4459.150,0.500,0.240,4.923,0.462,0.549,0.705,0.183,0.817,0.221,0.580
1329,44.300,0.000,0.000,0.000,0.000,0,0,0,0.000,0.000,3,0,0.793,0,25.080,4459.150,0.467,0.240,4.897,0.438,0.561,0.202,0.173,0.827,0.218,0.580
1332,44.400,0.000,0.000,0.000,0.000,0,0,0,0.000,0.000,3,0,0.793,0,25.080,4459.150,0.467,0.240,4.093,0.536,0.545,0.440,0.192,0.808,0.191,0.580
1335,44.500,0.000,0.000,0.000,0.000,0,0,0,0.000,0.000,3,0,0.793,0,25.080,4459.150,0.433,0.240,4.186,0.640,0.378,0.653,0.193,0.807,0.182,0.580
1338,44.600,0.000,0.000,0.000,0.000,0,0,0,0.000,0.000,3,0,0.828,0,25.080,4459.150,0.433,0.240,4.549,0.549,0.148,0.027,0.186,0.814,0.197,0.580
1341,44.700,0.000,0.000,0.000,0.000,0,0,0,0.000,0.000,3,0,0.828,0,25.080,4459.150,0.400,0.240,5.075,0.655,0.091,0.369,0.183,0.817,0.199,0.580
1344,44.800,0.000,0.000,0.000,0.000,0,0,0,0.000,0.000,3,0,0.828,0,25.080,4459.150,0.367,0.240,4.602,0.836,0.166,0.022,0.200,0.800,0.171,0.580
1347,44.900,0.000,0.000,0.000,0.000,0,0,0,0.000,0.000,3,0,0.828,0,25.080,4459.150,0.333,0.240,4.992,0.782,0.306,0.120,0.212,0.788,0.180,0.580
1350,45.000,0.000,0.000,0.000,0.000,0,0,0,0.000,0.000,3,0,0.828,0,25.080,4459.150,0.300,0.240,6.699,0.818,0.426,0.099,0.223,0.777,0.216,0.580
1353,45.100,0.000,0.000,0.000,0.000,0,0,0,0.000,0.000,3,0,0.828,0,25.080,4459.150,0.267,0.240,4.695,0.865,0.531,0.129,0.207,0.793,0.159,0.580
1356,45.200,0.000,0.000,0.000,0.000,0,0,0,0.000,0.000,3,0,0.862,0,25.080,4459.150,0.233,0.240,3.260,0.401,0.580,0.102,0.173,0.827,0.151,0.580
1359,45.300,0.000,0.000,0.000,0.000,0,0,0,0.000,0.000,3,0,0.862,0,25.080,4459.150,0.200,0.240,3.103,0.651,0.577,0.480,0.159,0.841,0.126,0.580
1362,45.400,0.000,0.000,0.000,0.000,0,0,0,0.000,0.000,3,0,0.862,0,25.080,4459.150,0.167,0.240,3.304,0.768,0.511,1.079,0.205,0.795,0.119,0.580
1365,45.500,0.000,0.000,0.000,0.000,0,0,0,0.000,0.000,3,0,0.897,0,25.080,4459.150,0.133,0.240,2.544,0.843,0.363,0.416,0.193,0.807,0.091,0.580
1368,45.600,0.000,0.000,0.000,0.000,0,0,0,0.000,0.000,4,1,0.862,0,25.080,4459.150,0.100,0.240,2.459,0.296,0.272,2.095,0.148,0.852,0.223,0.750
1371,45.700,0.000,0.000,0.000,0.000,0,0,0,0.000,0.000,4,0,0.862,0,25.080,4459.150,0.067,0.240,3.555,0.603,0.325,0.721,0.182,0.818,0.225,0.580
1374,45.800,0.000,0.000,0.000,0.000,0,0,0,0.000,0.000,4,0,0.897,0,25.080,4459.150,0.033,0.240,2.863,0.750,0.406,2.034,0.183,0.817,0.193,0.580
1377,45.900,0.000,0.000,0.000,0.000,0,0,0,0.000,0.000,3,1,0.862,0,25.080,4459.150,0.000,0.240,2.416,0.622,0.473,0.033,0.148,0.852,0.087,0.750
1380,46.000,0.000,0.000,0.000,0.000,0,0,0,0.000,0.000,3,0,0.862,0,25.080,4459.150,0.000,0.240,3.275,0.759,0.476,2.140,0.178,0.822,0.099,0.580
1383,46.100,0.000,0.000,0.000,0.000,0,0,0,0.000,0.000,3,0,0.897,0,25.080,4459.150,0.000,0.240,3.458,0.792,0.421,0.613,0.186,0.814,0.101,0.580
1386,46.200,0.000,293.109,0.000,69.348,1,0,1,0.000,1.549,3,0,0.897,2,25.080,4459.150,0.033,0.215,3.016,0.715,0.385,1.795,0.196,0.804,0.599,0.650
1389,46.300,0.000,20.881,0.000,-272.229,1,0,1,0.000,1.535,3,0,0.897,1,25.080,4459.150,0.067,0.215,2.353,0.636,0.434,0.257,0.140,0.860,0.398,0.580
1392,46.400,0.000,5.657,0.000,-15.224,1,0,1,0.000,1.824,3,0,0.931,1,25.080,4459.150,0.100,0.217,2.528,0.521,0.507,2.041,0.138,0.862,0.330,0.580
1395,46.500,0.000,7.810,0.000,2.153,1,0,1,0.000,1.788,3,0,0.931,1,25.080,4459.150,0.133,0.217,3.687,0.723,0.642,0.460,0.195,0.805,0.361,0.580
1398,46.600,0.000,1.414,0.000,-6.396,1,0,1,0.000,2.099,3,0,0.931,1,25.080,4459.150,0.167,0.219,2.816,0.802,0.804,2.940,0.157,0.843,0.302,0.580
1401,46.700,0.000,1.000,0.000,-0.414,1,0,1,0.000,1.807,3,0,0.931,1,25.080,4459.150,0.200,0.219,1.781,0.368,0.987,3.116,0.133,0.867,0.308,0.580
1404,46.800,0.000,0.000,0.000,-1.000,1,0,1,0.000,2.038,3,0,0.931,2,25.080,4459.150,0.233,0.219,2.834,0.713,1.197,2.808,0.156,0.844,0.369,0.580
1407,46.900,0.000,0.000,0.000,0.000,0,0,0,0.000,0.000,3,0,0.931,0,25.080,4459.150,0.233,0.219,2.111,0.527,1.457,1.124,0.264,0.736,0.114,0.700
1410,47.000,0.000,0.000,0.000,0.000,0,0,0,0.000,0.000,3,0,0.931,0,25.080,4459.150,0.233,0.219,1.908,0.059,1.820,1.459,0.094,0.906,0.142,0.700
1413,47.100,0.000,0.000,0.000,0.000,0,0,0,0.000,0.000,3,0,0.931,0,25.080,4459.150,0.233,0.219,2.217,0.632,1.654,2.091,0.117,0.883,0.109,0.700
1416,47.200,0.000,0.000,0.000,0.000,0,0,0,0.000,0.000,3,0,0.931,0,25.080,4459.150,0.233,0.219,2.460,0.382,1.379,1.783,0.105,0.895,0.133,0.580
1419,47.300,0.000,0.000,0.000,0.000,0,0,0,0.000,0.000,3,0,0.931,0,25.080,4459.150,0.233,0.219,3.224,0.809,1.369,1.608,0.172,0.828,0.122,0.580
1422,47.400,0.000,0.000,0.000,0.000,0,0,0,0.000,0.000,3,0,0.931,0,25.080,4459.150,0.233,0.219,2.669,0.502,1.196,2.145,0.136,0.864,0.130,0.580
1425,47.500,0.000,0.000,0.000,0.000,0,0,0,0.000,0.000,3,0,0.931,0,25.080,4459.150,0.233,0.219,1.926,0.698,1.018,1.882,0.149,0.851,0.097,0.580
1428,47.600,0.000,0.000,0.000,0.000,0,0,0,0.000,0.000,3,0,0.931,0,25.080,4459.150,0.233,0.219,1.917,0.634,1.038,0.303,0.143,0.857,0.102,0.580
1431,47.700,0.000,0.000,0.000,0.000,0,0,0,0.000,0.000,3,0,0.931,0,25.080,4459.150,0.233,0.219,3.008,0.500,1.075,0.240,0.139,0.861,0.138,0.580
1434,47.800,0.000,0.000,0.000,0.000,0,0,0,0.000,0.000,3,0,0.931,0,25.080,4459.150,0.233,0.219,2.362,0.674,0.995,0.269,0.144,0.856,0.110,0.580
1437,47.900,0.000,0.000,0.000,0.000,0,0,0,0.000,0.000,3,0,0.931,0,25.080,4459.150,0.233,0.219,2.071,0.630,0.854,0.838,0.152,0.848,0.106,0.580
1440,48.000,0.000,0.000,0.000,0.000,0,0,0,0.000,0.000,3,0,0.931,0,25.080,4459.150,0.233,0.219,2.154,0.768,0.775,0.646,0.145,0.855,0.098,0.580
1443,48.100,0.000,0.000,0.000,0.000,0,0,0,0.000,0.000,3,0,0.931,0,25.080,4459.150,0.233,0.219,1.481,0.391,1.222,2.160,0.110,0.890,0.108,0.580
1446,48.200,0.000,0.000,0.000,0.000,0,0,0,0.000,0.000,3,0,0.931,0,25.080,4459.150,0.233,0.219,1.868,0.455,1.633,0.144,0.080,0.920,0.113,0.700
1449,48.300,0.000,0.000,0.000,0.000,0,0,0,0.000,0.000,3,0,0.931,0,25.080,4459.150,0.233,0.219,2.096,0.696,1.160,1.100,0.128,0.872,0.102,0.580
1452,48.400,0.000,0.000,0.000,0.000,0,0,0,0.000,0.000,3,0,0.931,0,25.080,4459.150,0.233,0.219,2.230,0.630,1.230,1.058,0.116,0.884,0.110,0.580
1455,48.500,0.000,0.000,0.000,0.000,0,0,0,0.000,0.000,3,0,0.966,0,25.080,4459.150,0.233,0.219,2.239,0.587,1.024,0.193,0.111,0.889,0.113,0.580
1458,48.600,0.000,0.000,0.000,0.000,0,0,0,0.000,0.000,3,0,0.966,0,25.080,4459.150,0.233,0.219,2.053,0.130,0.837,0.513,0.065,0.935,0.140,0.580
1461,48.700,0.000,0.000,0.000,0.000,0,0,0,0.000,0.000,3,0,0.966,0,25.080,4459.150,0.233,0.219,1.715,0.344,0.812,1.412,0.085,0.915,0.117,0.580
1464,48.800,0.000,0.000,0.000,0.000,0,0,0,0.000,0.000,3,0,1.000,0,25.080,4459.150,0.233,0.219,1.904,0.785,0.832,1.206,0.118,0.882,0.091,0.580
1467,48.900,0.000,0.000,0.000,0.000,0,0,0,0.000,0.000,4,1,0.966,0,25.080,4459.150,0.233,0.219,2.080,0.770,1.009,2.031,0.101,0.899,0.196,0.750
1470,49.000,0.000,0.000,0.000,0.000,0,0,0,0.000,0.000,4,0,0.966,0,25.080,4459.150,0.233,0.219,1.548,0.712,1.118,0.732,0.088,0.912,0.187,0.580
1473,49.100,0.000,0.000,0.000,0.000,0,0,0,0.000,0.000,4,0,0.966,0,25.080,4459.150,0.233,0.219,1.106,0.134,0.988,1.661,0.081,0.919,0.216,0.580
1476,49.200,0.000,0.000,0.000,0.000,0,0,0,0.000,0.000,3,1,0.931,0,25.080,4459.150,0.200,0.219,0.868,0.663,0.945,2.029,0.087,0.913,0.069,0.750
1479,49.300,0.000,0.000,0.000,0.000,0,0,0,0.000,0.000,3,0,0.931,0,25.080,4459.150,0.167,0.219,1.329,0.866,1.214,0.717,0.136,0.864,0.063,0.580
1482,49.400,0.000,0.000,0.000,0.000,0,0,0,0.000,0.000,3,0,0.931,0,25.080,4459.150,0.133,0.219,3.528,0.663,1.346,1.559,0.185,0.815,0.128,0.580
1485,49.500,0.000,0.000,0.000,0.000,0,0,0,0.000,0.000,4,1,0.897,0,25.080,4459.150,0.100,0.219,3.389,0.450,1.084,2.325,0.215,0.785,0.235,0.750
1488,49.600,0.000,0.000,0.000,0.000,0,0,0,0.000,0.000,4,0,0.897,0,25.080,4459.150,0.067,0.219,3.480,0.556,0.924,1.190,0.223,0.777,0.226,0.580
1491,49.700,95.603,0.000,-15.559,0.000,1,1,0,0.000,0.916,4,0,0.897,1,25.080,4459.150,0.067,0.234,4.616,0.857,0.383,2.478,0.319,0.681,0.658,0.650
1494,49.800,33.541,0.000,-62.062,0.000,1,1,0,0.000,1.219,6,1,0.862,5,25.080,4459.150,0.067,0.232,7.438,0.854,0.004,0.380,0.323,0.677,0.771,0.750
1497,49.900,68.000,0.000,34.459,0.000,1,1,0,0.000,1.376,6,0,0.862,5,25.080,4459.150,0.100,0.207,10.095,0.747,0.916,0.130,0.289,0.711,0.860,0.450
1500,50.000,61.660,0.000,-6.340,0.000,1,1,0,0.000,1.349,6,0,0.862,5,25.080,4459.150,0.133,0.205,9.787,0.718,2.094,0.011,0.280,0.720,0.866,0.700
1503,50.100,38.210,0.000,-23.450,0.000,1,1,0,0.000,1.305,4,1,0.828,3,25.080,4459.150,0.167,0.203,8.913,0.645,3.257,0.095,0.247,0.753,0.822,0.750
1506,50.200,9.220,0.000,-28.990,0.000,1,1,0,0.000,1.261,4,0,0.828,3,25.080,4459.150,0.200,0.201,9.002,0.626,4.315,0.041,0.241,0.759,0.666,0.700
1509,50.300,18.601,0.000,9.382,0.000,1,1,0,0.000,1.242,4,0,0.828,3,25.080,4459.150,0.233,0.201,8.159,0.577,5.358,0.039,0.230,0.770,0.726,0.700
1512,50.400,12.806,0.000,-5.795,0.000,1,1,0,0.000,1.213,4,0,0.828,3,25.080,4459.150,0.267,0.199,7.829,0.619,8.080,0.040,0.220,0.780,0.691,0.700
1515,50.500,21.190,0.000,8.383,0.000,1,1,0,0.000,0.890,4,0,0.828,3,25.080,4459.150,0.300,0.199,6.583,0.589,10.158,0.038,0.223,0.777,0.712,0.700
1518,50.600,15.811,0.000,-5.378,0.000,1,1,0,0.000,0.868,4,0,0.828,3,25.080,4459.150,0.333,0.199,6.155,0.679,10.492,0.131,0.235,0.765,0.669,0.700
1521,50.700,21.541,0.000,5.729,0.000,1,1,0,0.000,0.784,4,0,0.828,3,25.080,4459.150,0.367,0.201,5.885,0.727,9.651,0.337,0.241,0.759,0.695,0.700
1524,50.800,13.153,0.000,-8.388,0.000,1,1,0,0.000,0.808,4,0,0.828,3,25.080,4459.150,0.400,0.201,4.351,0.742,10.910,0.078,0.230,0.770,0.613,0.700
1527,50.900,16.401,0.000,3.248,0.000,1,1,0,0.000,0.877,4,0,0.828,3,25.080,4459.150,0.433,0.201,5.053,0.395,11.688,2.539,0.219,0.781,0.677,0.700
1530,51.000,17.493,0.000,1.092,0.000,1,1,0,0.000,1.128,4,0,0.828,3,25.080,4459.150,0.467,0.201,4.519,0.489,8.071,1.637,0.226,0.774,0.667,0.700
1533,51.100,10.440,0.000,-7.053,0.000,1,1,0,0.000,1.327,4,0,0.828,3,25.080,4459.150,0.500,0.201,2.586,0.796,6.836,0.248,0.187,0.813,0.562,0.700
1536,51.200,4.123,0.000,-6.317,0.000,1,1,0,0.000,1.328,4,0,0.828,3,25.080,4459.150,0.533,0.185,3.497,0.898,5.890,0.475,0.212,0.788,0.546,0.700
1539,51.300,10.440,0.000,6.317,0.000,1,1,0,0.000,1.611,4,0,0.828,3,0.000,3326.398,0.567,0.179,3.412,0.526,4.365,0.355,0.179,0.821,0.609,0.700
1542,51.400,30.364,0.000,19.924,0.000,1,1,0,0.000,1.298,4,0,0.828,3,0.000,1883.650,0.600,0.173,4.137,0.368,2.305,1.219,0.201,0.799,0.753,0.700
1545,51.500,0.000,217.816,0.000,217.816,1,0,1,0.000,2.196,4,0,0.828,3,0.000,1883.650,0.633,0.389,4.246,0.358,1.149,0.584,0.220,0.780,0.842,0.500
1548,51.600,0.000,0.000,0.000,0.000,0,0,0,0.000,0.000,3,1,0.793,0,0.000,1883.650,0.633,0.389,3.722,0.822,0.664,0.014,0.287,0.713,0.182,0.750
1551,51.700,0.000,0.000,0.000,0.000,0,0,0,0.000,0.000,3,0,0.793,0,0.000,1883.650,0.633,0.389,4.063,0.871,0.363,0.242,0.306,0.694,0.187,0.580
1554,51.800,0.000,0.000,0.000,0.000,0,0,0,0.000,0.000,3,0,0.828,0,0.000,1883.650,0.633,0.389,4.121,0.898,0.102,0.012,0.284,0.716,0.186,0.580
1557,51.900,0.000,0.000,0.000,0.000,0,0,0,0.000,0.000,4,1,0.793,0,0.000,1883.650,0.633,0.389,2.719,0.949,0.103,0.008,0.246,0.754,0.248,0.750
1560,52.000,0.000,0.000,0.000,0.000,0,0,0,0.000,0.000,4,0,0.793,0,0.000,1883.650,0.633,0.389,2.554,0.872,0.321,0.098,0.253,0.747,0.249,0.580
1563,52.100,0.000,0.000,0.000,0.000,0,0,0,0.000,0.000,4,0,0.828,0,0.000,1883.650,0.633,0.389,1.291,0.683,0.527,0.347,0.154,0.846,0.230,0.580
1566,52.200,0.000,0.000,0.000,0.000,0,0,0,0.000,0.000,5,1,0.793,0,0.000,1883.650,0.633,0.389,0.887,0.426,0.798,0.248,0.132,0.868,0.238,0.750
1569,52.300,0.000,0.000,0.000,0.000,0,0,0,0.000,0.000,4,1,0.759,0,0.000,1883.650,0.633,0.389,0.724,0.476,1.166,0.038,0.119,0.881,0.231,0.750
1572,52.400,0.000,0.000,0.000,0.000,0,0,0,0.000,0.000,4,0,0.793,0,0.000,1883.650,0.633,0.389,0.648,0.236,1.518,0.646,0.117,0.883,0.246,0.700
1575,52.500,0.000,0.000,0.000,0.000,0,0,0,0.000,0.000,5,1,0.759,0,0.000,1883.650,0.633,0.389,0.684,0.621,1.777,1.053,0.109,0.891,0.220,0.750
1578,52.600,0.000,0.000,0.000,0.000,0,0,0,0.000,0.000,5,0,0.759,0,0.000,1883.650,0.633,0.389,1.737,0.887,2.024,0.807,0.177,0.823,0.227,0.700
1581,52.700,0.000,0.000,0.000,0.000,0,0,0,0.000,0.000,5,0,0.793,0,0.000,1883.650,0.600,0.389,4.274,0.865,1.924,0.395,0.256,0.744,0.288,0.700
1584,52.800,0.000,0.000,0.000,0.000,0,0,0,0.000,0.000,5,1,0.759,0,0.000,1883.650,0.567,0.389,5.196,0.684,1.792,0.375,0.320,0.680,0.320,0.750
1587,52.900,242.539,0.000,212.174,0.000,1,1,0,0.000,1.419,5,0,0.759,3,0.000,1770.385,0.567,0.223,6.083,0.504,1.534,0.355,0.357,0.643,0.843,0.700
1590,53.000,85.024,0.000,-157.515,0.000,1,1,0,0.000,1.434,5,0,0.793,2,0.000,1770.385,0.567,0.223,5.747,0.729,1.407,0.707,0.231,0.769,0.783,0.700
1593,53.100,18.028,0.000,-66.996,0.000,1,1,0,0.000,1.540,5,1,0.759,3,0.000,1770.385,0.567,0.229,7.122,0.874,1.322,0.376,0.227,0.773,0.693,0.750
1596,53.200,30.265,0.000,12.238,0.000,1,1,0,0.000,1.400,5,0,0.759,3,43.290,2255.905,0.567,0.229,8.383,0.846,1.124,0.015,0.242,0.758,0.785,0.350
1599,53.300,21.024,0.000,-9.242,0.000,1,1,0,0.000,1.440,5,0,0.759,3,43.290,2255.905,0.567,0.235,5.991,0.964,0.927,0.266,0.238,0.762,0.675,0.580
1602,53.400,1.000,0.000,-20.024,0.000,1,1,0,0.000,1.576,4,1,0.724,2,69.836,3150.729,0.567,0.235,2.725,0.852,0.802,2.316,0.203,0.797,0.472,0.750
1605,53.500,13.928,0.000,12.928,0.000,1,1,0,0.000,1.597,4,0,0.724,2,21.024,3717.267,0.567,0.235,5.026,0.936,0.650,3.037,0.228,0.772,0.596,0.580
1608,53.600,22.361,0.000,8.432,0.000,1,1,0,0.000,1.664,4,0,0.724,2,100.125,3959.669,0.567,0.240,4.745,0.953,0.289,0.238,0.228,0.772,0.634,0.580
1611,53.700,6.083,0.000,-16.278,0.000,1,1,0,0.000,1.517,5,0,0.724,3,155.929,4240.154,0.567,0.240,1.551,0.833,0.233,1.957,0.178,0.822,0.490,0.750
1614,53.800,8.246,0.000,2.163,0.000,1,1,0,0.000,1.580,5,0,0.724,3,152.712,3603.894,0.567,0.240,3.351,0.910,0.550,0.356,0.216,0.784,0.542,0.750
1617,53.900,12.806,0.000,4.560,0.000,1,1,0,0.000,1.624,5,0,0.724,3,132.197,2231.619,0.567,0.240,1.514,0.860,0.808,0.037,0.177,0.823,0.525,0.734
1620,54.000,2.236,0.000,-10.570,0.000,1,1,0,0.000,1.756,4,0,0.724,2,143.056,2270.540,0.567,0.240,1.522,0.878,1.048,1.095,0.174,0.826,0.447,0.750
1623,54.100,6.403,0.000,4.167,0.000,1,1,0,0.000,1.542,4,0,0.724,2,0.000,2027.350,0.567,0.240,2.296,0.800,1.255,0.674,0.209,0.791,0.495,0.580
1626,54.200,6.000,0.000,-0.403,0.000,1,1,0,0.000,1.513,4,0,0.724,2,146.113,2267.294,0.567,0.245,1.175,0.750,1.307,0.415,0.150,0.850,0.468,0.750
1629,54.300,8.544,0.000,2.544,0.000,1,1,0,0.000,1.408,4,0,0.724,3,0.000,2284.575,0.567,0.245,1.776,0.798,1.082,0.143,0.183,0.817,0.539,0.580
1632,54.400,4.000,0.000,-4.544,0.000,1,1,0,0.000,1.384,4,0,0.724,3,132.378,2267.584,0.567,0.245,1.068,0.689,0.770,0.773,0.132,0.868,0.504,0.735
1635,54.500,3.000,0.000,-1.000,0.000,1,1,0,0.000,1.382,4,0,0.759,2,130.035,2341.428,0.567,0.245,1.644,0.736,0.423,2.381,0.166,0.834,0.464,0.722
1638,54.600,8.062,0.000,5.062,0.000,1,1,0,0.000,1.253,4,1,0.724,3,136.004,2216.789,0.600,0.245,1.522,0.835,0.195,2.535,0.154,0.846,0.531,0.750
1641,54.700,13.454,0.000,5.391,0.000,1,1,0,0.000,1.079,4,0,0.724,3,0.000,2161.429,0.633,0.245,1.997,0.678,0.112,0.066,0.175,0.825,0.588,0.580
1644,54.800,16.279,0.000,2.825,0.000,1,1,0,0.000,1.064,4,0,0.759,3,0.000,1775.174,0.667,0.245,1.604,0.725,0.383,2.689,0.144,0.856,0.595,0.580
1647,54.900,7.000,0.000,-9.279,0.000,1,1,0,0.000,1.380,6,1,0.724,5,148.014,1911.869,0.700,0.240,1.078,0.680,0.534,1.448,0.142,0.858,0.552,0.750
1650,55.000,7.280,0.000,0.280,0.000,1,1,0,0.000,1.429,6,0,0.724,5,145.000,1841.788,0.733,0.426,1.048,0.290,0.578,2.996,0.086,0.914,0.584,0.750
1653,55.100,4.243,0.000,-3.037,0.000,1,1,0,0.000,1.448,6,0,0.759,5,144.586,1849.757,0.767,0.417,1.109,0.724,0.744,2.034,0.140,0.860,0.543,0.750
1656,55.200,7.616,0.000,3.373,0.000,1,1,0,0.000,1.748,5,1,0.759,4,85.041,1680.044,0.800,0.408,1.349,0.903,0.957,0.279,0.173,0.827,0.553,0.750
1659,55.300,10.198,0.000,2.582,0.000,1,1,0,0.000,1.578,6,1,0.724,5,139.169,1670.015,0.833,0.399,2.102,0.814,1.001,0.059,0.184,0.816,0.602,0.750
1662,55.400,34.015,0.000,23.817,0.000,1,1,0,0.000,1.927,6,0,0.759,5,0.000,1257.925,0.867,0.389,2.768,0.795,1.182,0.180,0.214,0.786,0.757,0.350
1665,55.500,40.817,0.000,6.802,0.000,1,1,0,0.000,1.865,4,1,0.724,2,0.000,1309.325,0.900,0.389,3.066,0.810,1.214,0.779,0.205,0.795,0.745,0.750
1668,55.600,42.638,0.000,1.821,0.000,1,1,0,0.000,1.559,4,0,0.724,2,30.414,1139.330,0.933,0.399,3.502,0.786,1.239,1.229,0.227,0.773,0.771,0.350
1671,55.700,0.000,0.000,0.000,0.000,0,0,0,0.000,0.000,4,0,0.759,0,30.414,1139.330,0.933,0.399,4.503,0.809,1.243,0.317,0.263,0.737,0.338,0.650
1674,55.800,0.000,0.000,0.000,0.000,0,0,0,0.000,0.000,3,1,0.724,0,30.414,1139.330,0.933,0.399,6.166,0.893,0.968,0.001,0.297,0.703,0.274,0.750
1677,55.900,0.000,0.000,0.000,0.000,0,0,0,0.000,0.000,3,0,0.724,0,30.414,1139.330,0.900,0.399,5.930,0.947,0.715,0.020,0.289,0.711,0.260,0.580
1680,56.000,0.000,0.000,0.000,0.000,0,0,0,0.000,0.000,3,0,0.759,0,30.414,1139.330,0.867,0.399,10.411,0.981,0.422,0.120,0.297,0.703,0.305,0.580
1683,56.100,0.000,0.000,0.000,0.000,0,0,0,0.000,0.000,3,0,0.759,0,30.414,1139.330,0.833,0.399,10.095,0.965,0.051,0.006,0.287,0.713,0.302,0.580
1686,56.200,0.000,0.000,0.000,0.000,0,0,0,0.000,0.000,3,0,0.759,0,30.414,1139.330,0.800,0.399,10.286,0.957,0.399,0.088,0.297,0.703,0.299,0.580
1689,56.300,0.000,0.000,0.000,0.000,0,0,0,0.000,0.000,3,0,0.793,0,30.414,1139.330,0.767,0.399,11.252,0.961,1.209,0.089,0.325,0.675,0.295,0.580
1692,56.400,0.000,0.000,0.000,0.000,0,0,0,0.000,0.000,3,0,0.793,0,30.414,1139.330,0.733,0.399,13.906,0.929,2.314,0.016,0.346,0.654,0.293,0.700
1695,56.500,0.000,0.000,0.000,0.000,0,0,0,0.000,0.000,3,0,0.793,0,30.414,1139.330,0.700,0.399,10.166,0.907,3.062,0.018,0.342,0.658,0.291,0.700
1698,56.600,0.000,0.000,0.000,0.000,0,0,0,0.000,0.000,3,0,0.793,0,30.414,1139.330,0.667,0.399,5.032,0.939,4.797,0.239,0.289,0.711,0.210,0.700
1701,56.700,0.000,0.000,0.000,0.000,0,0,0,0.000,0.000,6,1,0.759,0,30.414,1139.330,0.633,0.399,2.904,0.931,8.773,0.155,0.270,0.730,0.253,0.750
1704,56.800,0.000,0.000,0.000,0.000,0,0,0,0.000,0.000,6,0,0.759,0,30.414,1139.330,0.600,0.399,1.252,0.425,8.918,0.200,0.146,0.854,0.244,0.700
1707,56.900,0.000,0.000,0.000,0.000,0,0,0,0.000,0.000,6,0,0.759,0,30.414,1139.330,0.567,0.399,2.023,0.811,13.669,0.019,0.233,0.767,0.232,0.700
1710,57.000,0.000,0.000,0.000,0.000,0,0,0,0.000,0.000,5,1,0.724,0,30.414,1139.330,0.533,0.399,1.921,0.772,10.332,0.208,0.214,0.786,0.228,0.750
1713,57.100,0.000,0.000,0.000,0.000,0,0,0,0.000,0.000,5,0,0.724,0,30.414,1139.330,0.500,0.399,1.700,0.475,8.031,2.094,0.201,0.799,0.239,0.700
1716,57.200,0.000,0.000,0.000,0.000,0,0,0,0.000,0.000,5,0,0.724,0,30.414,1139.330,0.467,0.399,3.766,0.904,6.302,1.222,0.300,0.700,0.257,0.700
1719,57.300,0.000,0.000,0.000,0.000,0,0,0,0.000,0.000,6,1,0.690,0,30.414,1139.330,0.433,0.399,4.224,0.914,4.496,0.153,0.302,0.698,0.264,0.750
1722,57.400,0.000,0.000,0.000,0.000,0,0,0,0.000,0.000,6,0,0.690,0,30.414,1139.330,0.400,0.399,4.086,0.971,2.816,0.010,0.298,0.702,0.252,0.700
1725,57.500,0.000,0.000,0.000,0.000,0,0,0,0.000,0.000,6,0,0.724,0,30.414,1139.330,0.367,0.399,3.033,0.959,2.172,0.024,0.278,0.722,0.223,0.700
1728,57.600,0.000,0.000,0.000,0.000,0,0,0,0.000,0.000,6,1,0.690,0,30.414,1139.330,0.333,0.399,2.819,0.957,0.992,0.176,0.297,0.703,0.213,0.750
1731,57.700,0.000,0.000,0.000,0.000,0,0,0,0.000,0.000,6,0,0.690,0,30.414,1139.330,0.300,0.399,3.378,0.954,0.481,0.007,0.311,0.689,0.224,0.580
1734,57.800,0.000,0.000,0.000,0.000,0,0,0,0.000,0.000,6,0,0.724,0,30.414,1139.330,0.267,0.399,2.372,0.945,0.128,0.156,0.254,0.746,0.195,0.580
1737,57.900,0.000,0.000,0.000,0.000,0,0,0,0.000,0.000,6,1,0.690,0,30.414,1139.330,0.233,0.399,1.763,0.958,0.219,0.133,0.210,0.790,0.175,0.750
1740,58.000,0.000,0.000,0.000,0.000,0,0,0,0.000,0.000,6,0,0.690,0,30.414,1139.330,0.200,0.399,2.083,0.912,0.597,2.143,0.242,0.758,0.182,0.580
1743,58.100,0.000,0.000,0.000,0.000,0,0,0,0.000,0.000,6,0,0.724,0,30.414,1139.330,0.167,0.399,5.470,0.808,0.891,2.637,0.289,0.711,0.270,0.580
1746,58.200,0.000,0.000,0.000,0.000,0,0,0,0.000,0.000,5,1,0.724,0,30.414,1139.330,0.133,0.399,3.492,0.848,1.005,1.450,0.285,0.715,0.214,0.750
1749,58.300,0.000,0.000,0.000,0.000,0,0,0,0.000,0.000,5,0,0.724,0,30.414,1139.330,0.100,0.399,7.002,0.937,1.057,1.157,0.293,0.707,0.291,0.580
1752,58.400,0.000,0.000,0.000,0.000,0,0,0,0.000,0.000,5,0,0.759,0,30.414,1139.330,0.067,0.399,2.014,0.902,0.919,0.209,0.255,0.745,0.165,0.580
1755,58.500,0.000,0.000,0.000,0.000,0,0,0,0.000,0.000,7,1,0.724,0,30.414,1139.330,0.033,0.399,1.826,0.279,0.893,2.075,0.108,0.892,0.200,0.750
1758,58.600,0.000,0.000,0.000,0.000,0,0,0,0.000,0.000,7,0,0.724,0,30.414,1139.330,0.000,0.399,1.703,0.691,0.856,1.353,0.138,0.862,0.164,0.580
1761,58.700,0.000,115.278,0.000,-102.539,1,0,1,0.000,1.803,7,0,0.759,5,0.000,10177.087,0.033,0.166,1.597,0.517,0.801,1.280,0.144,0.856,0.686,0.650
1764,58.800,0.000,41.485,0.000,-73.793,1,0,1,0.000,1.768,7,1,0.724,5,56.009,14101.260,0.067,0.160,0.614,0.487,0.819,0.711,0.079,0.921,0.648,0.750
1767,58.900,0.000,7.616,0.000,-33.869,1,0,1,0.000,1.439,7,0,0.724,5,103.238,17412.375,0.100,0.160,1.829,0.747,0.838,0.066,0.208,0.792,0.476,0.580
1770,59.000,0.000,9.849,0.000,2.233,1,0,1,0.000,1.194,7,0,0.724,5,9.849,19478.495,0.133,0.157,1.971,0.871,0.838,0.195,0.217,0.783,0.488,0.580
1773,59.100,0.000,9.849,0.000,0.000,1,0,1,0.000,1.070,5,1,0.690,3,115.278,22015.920,0.167,0.157,1.422,0.814,0.753,0.818,0.175,0.825,0.461,0.750
1776,59.200,0.000,9.849,0.000,0.000,1,0,1,0.000,1.078,5,0,0.690,3,25.495,23895.435,0.200,0.157,0.979,0.548,0.676,0.531,0.131,0.869,0.473,0.580
1779,59.300,0.000,1.414,0.000,-8.435,1,0,1,0.000,0.977,5,0,0.690,3,196.703,24783.575,0.233,0.157,0.613,0.669,0.635,0.316,0.088,0.912,0.412,0.750
1782,59.400,0.000,5.099,0.000,3.685,1,0,1,0.000,1.174,5,0,0.690,4,294.015,26042.619,0.267,0.157,0.880,0.548,0.568,0.036,0.122,0.878,0.488,0.750
1785,59.500,0.000,12.042,0.000,6.943,1,0,1,0.000,1.142,5,0,0.690,4,37.590,25940.689,0.300,0.157,1.721,0.830,0.540,0.798,0.138,0.862,0.532,0.580
1788,59.600,0.000,28.071,0.000,16.030,1,0,1,0.000,1.077,5,0,0.724,4,47.854,25300.409,0.333,0.160,2.976,0.933,0.582,0.203,0.198,0.802,0.649,0.350
1791,59.700,0.000,36.139,0.000,8.067,1,0,1,0.000,1.015,3,1,0.690,2,36.139,22619.854,0.367,0.160,1.532,0.692,0.723,0.258,0.079,0.921,0.555,0.750
1794,59.800,0.000,53.339,0.000,17.200,1,0,1,0.000,1.371,3,0,0.690,2,53.339,21796.425,0.400,0.163,1.960,0.615,0.866,1.342,0.191,0.809,0.624,0.550
1797,59.900,0.000,121.202,0.000,67.864,1,0,1,0.000,1.142,3,0,0.724,2,53.339,21796.425,0.433,0.163,4.084,0.824,1.178,0.587,0.245,0.755,0.666,0.450
1800,60.000,0.000,53.460,0.000,-67.742,1,0,1,0.000,1.047,6,1,0.690,4,53.339,21796.425,0.467,0.163,6.079,0.891,1.081,0.992,0.324,0.676,0.816,0.750
1803,60.100,0.000,0.000,0.000,0.000,0,0,0,0.000,0.000,6,0,0.690,0,53.339,21796.425,0.467,0.163,7.877,0.866,0.877,0.149,0.349,0.651,0.362,0.650
1806,60.200,0.000,0.000,0.000,0.000,0,0,0,0.000,0.000,6,0,0.724,0,53.339,21796.425,0.467,0.163,6.590,0.853,0.593,0.005,0.312,0.688,0.331,0.580
1809,60.300,0.000,0.000,0.000,0.000,0,0,0,0.000,0.000,6,1,0.690,0,53.339,21796.425,0.467,0.163,5.112,0.806,0.255,0.021,0.276,0.724,0.297,0.750
1812,60.400,0.000,0.000,0.000,0.000,0,0,0,0.000,0.000,6,0,0.690,0,53.339,21796.425,0.467,0.163,6.479,0.773,0.099,0.054,0.260,0.740,0.334,0.580
1815,60.500,0.000,0.000,0.000,0.000,0,0,0,0.000,0.000,6,0,0.724,0,53.339,21796.425,0.467,0.163,5.799,0.799,0.392,0.275,0.250,0.750,0.315,0.580
1818,60.600,0.000,0.000,0.000,0.000,0,0,0,0.000,0.000,5,1,0.690,0,53.339,21796.425,0.467,0.163,5.498,0.815,0.596,0.027,0.232,0.768,0.306,0.750
1821,60.700,0.000,0.000,0.000,0.000,0,0,0,0.000,0.000,5,0,0.690,0,53.339,21796.425,0.467,0.163,5.116,0.871,0.811,0.062,0.232,0.768,0.293,0.580
1824,60.800,0.000,0.000,0.000,0.000,0,0,0,0.000,0.000,5,0,0.724,0,53.339,21796.425,0.467,0.163,4.555,0.880,1.061,0.045,0.224,0.776,0.278,0.580
1827,60.900,0.000,0.000,0.000,0.000,0,0,0,0.000,0.000,4,1,0.690,0,53.339,21796.425,0.467,0.163,3.922,0.875,1.247,0.048,0.220,0.780,0.263,0.750
1830,61.000,0.000,0.000,0.000,0.000,0,0,0,0.000,0.000,4,0,0.690,0,53.339,21796.425,0.467,0.163,2.902,0.848,1.374,0.067,0.202,0.798,0.239,0.580
1833,61.100,0.000,0.000,0.000,0.000,0,0,0,0.000,0.000,4,0,0.724,0,53.339,21796.425,0.467,0.163,2.537,0.688,1.430,0.498,0.177,0.823,0.241,0.700
1836,61.200,0.000,0.000,0.000,0.000,0,0,0,0.000,0.000,3,1,0.690,0,53.339,21796.425,0.467,0.163,2.675,0.273,1.719,0.884,0.153,0.847,0.174,0.750
1839,61.300,0.000,0.000,0.000,0.000,0,0,0,0.000,0.000,3,0,0.690,0,53.339,21796.425,0.467,0.163,3.206,0.502,1.912,0.472,0.193,0.807,0.171,0.700
1842,61.400,0.000,0.000,0.000,0.000,0,0,0,0.000,0.000,3,0,0.724,0,53.339,21796.425,0.467,0.163,4.070,0.804,5.454,0.666,0.245,0.755,0.171,0.700
1845,61.500,0.000,0.000,0.000,0.000,0,0,0,0.000,0.000,3,0,0.724,0,53.339,21796.425,0.467,0.163,3.604,0.939,3.612,0.309,0.235,0.765,0.150,0.700
1848,61.600,0.000,0.000,0.000,0.000,0,0,0,0.000,0.000,3,0,0.724,0,53.339,21796.425,0.467,0.163,2.059,0.767,1.917,0.600,0.185,0.815,0.124,0.700
1851,61.700,0.000,0.000,0.000,0.000,0,0,0,0.000,0.000,3,0,0.759,0,53.339,21796.425,0.433,0.163,2.094,0.590,0.926,0.718,0.184,0.816,0.133,0.580
1854,61.800,0.000,0.000,0.000,0.000,0,0,0,0.000,0.000,3,0,0.759,0,53.339,21796.425,0.400,0.163,1.616,0.788,0.548,0.374,0.189,0.811,0.103,0.580
1857,61.900,0.000,0.000,0.000,0.000,0,0,0,0.000,0.000,2,1,0.724,0,53.339,21796.425,0.367,0.163,0.991,0.863,0.312,0.505,0.156,0.844,0.078,0.750
1860,62.000,0.000,0.000,0.000,0.000,0,0,0,0.000,0.000,3,1,0.724,0,53.339,21796.425,0.333,0.163,1.175,0.866,0.010,0.153,0.164,0.836,0.079,0.750
1863,62.100,0.000,0.000,0.000,0.000,0,0,0,0.000,0.000,6,1,0.690,0,53.339,21796.425,0.300,0.163,0.974,0.845,0.223,0.135,0.148,0.852,0.171,0.750
1866,62.200,0.000,0.000,0.000,0.000,0,0,0,0.000,0.000,6,0,0.690,0,53.339,21796.425,0.267,0.163,1.197,0.612,0.466,0.022,0.142,0.858,0.189,0.580
1869,62.300,0.000,0.000,0.000,0.000,0,0,0,0.000,0.000,6,0,0.690,0,53.339,21796.425,0.233,0.163,2.453,0.780,0.725,0.851,0.186,0.814,0.205,0.580
1872,62.400,0.000,0.000,0.000,0.000,0,0,0,0.000,0.000,3,1,0.655,0,53.339,21796.425,0.200,0.163,3.105,0.735,0.993,0.898,0.235,0.765,0.120,0.750
1875,62.500,0.000,0.000,0.000,0.000,0,0,0,0.000,0.000,3,0,0.655,0,53.339,21796.425,0.167,0.163,2.094,0.720,1.250,0.025,0.208,0.792,0.092,0.580
1878,62.600,0.000,0.000,0.000,0.000,0,0,0,0.000,0.000,3,0,0.690,0,53.339,21796.425,0.133,0.163,2.513,0.859,1.399,1.411,0.203,0.797,0.089,0.580
1881,62.700,0.000,0.000,0.000,0.000,0,0,0,0.000,0.000,4,1,0.655,0,53.339,21796.425,0.100,0.163,2.151,0.879,1.359,0.126,0.168,0.832,0.174,0.750
1884,62.800,0.000,0.000,0.000,0.000,0,0,0,0.000,0.000,4,0,0.655,0,53.339,21796.425,0.067,0.163,1.955,0.796,1.520,0.491,0.147,0.853,0.171,0.700
1887,62.900,0.000,0.000,0.000,0.000,0,0,0,0.000,0.000,4,0,0.690,0,53.339,21796.425,0.033,0.163,2.989,0.899,1.740,0.252,0.251,0.749,0.186,0.700
1890,63.000,0.000,0.000,0.000,0.000,0,0,0,0.000,0.000,4,0,0.690,0,53.339,21796.425,0.000,0.163,1.235,0.488,1.785,0.291,0.092,0.908,0.167,0.700
1893,63.100,0.000,0.000,0.000,0.000,0,0,0,0.000,0.000,4,0,0.690,0,53.339,21796.425,0.000,0.163,3.198,0.889,1.792,0.418,0.253,0.747,0.188,0.700
1896,63.200,0.000,0.000,0.000,0.000,0,0,0,0.000,0.000,4,0,0.724,0,53.339,21796.425,0.000,0.163,1.113,0.154,1.630,0.421,0.068,0.932,0.187,0.700
1899,63.300,0.000,0.000,0.000,0.000,0,0,0,0.000,0.000,4,0,0.724,0,53.339,21796.425,0.000,0.163,1.534,0.233,1.514,1.407,0.110,0.890,0.192,0.700
1902,63.400,0.000,0.000,0.000,0.000,0,0,0,0.000,0.000,4,0,0.724,0,53.339,21796.425,0.000,0.163,1.364,0.686,1.270,1.893,0.121,0.879,0.156,0.580
1905,63.500,0.000,0.000,0.000,0.000,0,0,0,0.000,0.000,4,0,0.759,0,53.339,21796.425,0.000,0.163,1.586,0.513,1.031,2.095,0.146,0.854,0.174,0.580
1908,63.600,0.000,0.000,0.000,0.000,0,0,0,0.000,0.000,3,1,0.724,0,53.339,21796.425,0.000,0.163,1.850,0.385,0.826,1.034,0.135,0.865,0.089,0.750
1911,63.700,0.000,0.000,0.000,0.000,0,0,0,0.000,0.000,3,0,0.724,0,53.339,21796.425,0.000,0.163,2.022,0.626,0.589,0.571,0.143,0.857,0.077,0.580
1914,63.800,0.000,0.000,0.000,0.000,0,0,0,0.000,0.000,3,0,0.759,0,53.339,21796.425,0.000,0.163,1.521,0.818,0.372,1.626,0.161,0.839,0.051,0.580
1917,63.900,0.000,0.000,0.000,0.000,0,0,0,0.000,0.000,3,0,0.759,0,53.339,21796.425,0.000,0.163,1.063,0.776,0.346,2.116,0.119,0.881,0.042,0.580
1920,64.000,0.000,0.000,0.000,0.000,0,0,0,0.000,0.000,3,0,0.759,0,53.339,21796.425,0.000,0.163,1.682,0.750,0.456,3.135,0.169,0.831,0.060,0.580
1923,64.100,0.000,0.000,0.000,0.000,0,0,0,0.000,0.000,3,0,0.793,0,53.339,21796.425,0.000,0.163,1.604,0.936,0.434,1.124,0.209,0.791,0.045,0.580
1926,64.200,0.000,0.000,0.000,0.000,0,0,0,0.000,0.000,3,0,0.793,0,53.339,21796.425,0.000,0.163,1.629,0.856,0.498,1.734,0.175,0.825,0.051,0.580
1929,64.300,0.000,0.000,0.000,0.000,0,0,0,0.000,0.000,3,0,0.793,0,53.339,21796.425,0.000,0.163,1.723,0.894,0.501,1.444,0.205,0.795,0.050,0.580
1932,64.400,0.000,0.000,0.000,0.000,0,0,0,0.000,0.000,3,0,0.793,0,53.339,21796.425,0.000,0.163,1.901,0.858,0.445,0.943,0.155,0.845,0.057,0.580
1935,64.500,0.000,0.000,0.000,0.000,0,0,0,0.000,0.000,3,0,0.793,0,53.339,21796.425,0.000,0.163,1.537,0.952,0.519,0.778,0.186,0.814,0.042,0.580
1938,64.600,0.000,0.000,0.000,0.000,0,0,0,0.000,0.000,3,0,0.793,0,53.339,21796.425,0.000,0.163,0.980,0.105,0.327,0.972,0.074,0.926,0.087,0.580
1941,64.700,0.000,0.000,0.000,0.000,0,0,0,0.000,0.000,3,0,0.793,0,53.339,21796.425,0.000,0.163,1.598,0.709,0.596,0.512,0.100,0.900,0.060,0.580
1944,64.800,0.000,0.000,0.000,0.000,0,0,0,0.000,0.000,4,1,0.793,0,53.339,21796.425,0.000,0.163,3.199,0.844,0.446,0.639,0.256,0.744,0.191,0.750
1947,64.900,0.000,0.000,0.000,0.000,0,0,0,0.000,0.000,4,0,0.828,0,53.339,21796.425,0.000,0.163,2.445,0.722,0.294,0.176,0.268,0.732,0.181,0.580
1950,65.000,0.000,0.000,0.000,0.000,0,0,0,0.000,0.000,4,0,0.862,0,53.339,21796.425,0.000,0.163,4.479,0.794,0.241,0.322,0.290,0.710,0.226,0.580
1953,65.100,0.000,0.000,0.000,0.000,0,0,0,0.000,0.000,3,1,0.828,0,53.339,21796.425,0.000,0.163,3.618,0.861,0.021,0.004,0.283,0.717,0.100,0.750
1956,65.200,0.000,0.000,0.000,0.000,0,0,0,0.000,0.000,3,0,0.828,0,53.339,21796.425,0.000,0.163,3.540,0.943,0.065,0.249,0.293,0.707,0.092,0.580
1959,65.300,0.000,0.000,0.000,0.000,0,0,0,0.000,0.000,3,0,0.862,0,53.339,21796.425,0.000,0.163,2.974,0.879,0.140,0.023,0.290,0.710,0.083,0.580
1962,65.400,0.000,0.000,0.000,0.000,0,0,0,0.000,0.000,4,1,0.828,0,53.339,21796.425,0.000,0.163,1.433,0.582,0.384,0.232,0.161,0.839,0.165,0.750
1965,65.500,0.000,0.000,0.000,0.000,0,0,0,0.000,0.000,4,0,0.828,0,53.339,21796.425,0.000,0.163,1.657,0.835,0.661,3.052,0.234,0.766,0.153,0.580
1968,65.600,0.000,0.000,0.000,0.000,0,0,0,0.000,0.000,4,0,0.862,0,53.339,21796.425,0.000,0.163,1.686,0.690,0.703,2.358,0.172,0.828,0.164,0.580
1971,65.700,0.000,0.000,0.000,0.000,0,0,0,0.000,0.000,3,1,0.828,0,53.339,21796.425,0.000,0.163,1.525,0.836,0.842,1.322,0.218,0.782,0.050,0.750
1974,65.800,0.000,0.000,0.000,0.000,0,0,0,0.000,0.000,3,0,0.828,0,53.339,21796.425,0.000,0.163,1.581,0.815,0.898,0.235,0.212,0.788,0.052,0.580
1977,65.900,0.000,0.000,0.000,0.000,0,0,0,0.000,0.000,3,0,0.828,0,53.339,21796.425,0.000,0.163,1.480,0.907,0.912,0.216,0.214,0.786,0.043,0.580
1980,66.000,0.000,0.000,0.000,0.000,0,0,0,0.000,0.000,3,0,0.828,0,53.339,21796.425,0.000,0.163,1.723,0.865,1.191,0.611,0.235,0.765,0.053,0.580
1983,66.100,0.000,0.000,0.000,0.000,0,0,0,0.000,0.000,3,0,0.828,0,53.339,21796.425,0.000,0.163,2.708,0.942,1.205,0.380,0.266,0.734,0.072,0.580
1986,66.200,0.000,0.000,0.000,0.000,0,0,0,0.000,0.000,3,0,0.828,0,53.339,21796.425,0.000,0.163,2.183,0.937,2.858,0.205,0.261,0.739,0.059,0.700
1989,66.300,0.000,0.000,0.000,0.000,0,0,0,0.000,0.000,4,1,0.793,0,53.339,21796.425,0.000,0.163,1.881,0.944,3.129,0.281,0.250,0.750,0.151,0.750
1992,66.400,0.000,0.000,0.000,0.000,0,0,0,0.000,0.000,4,0,0.793,0,53.339,21796.425,0.000,0.163,1.555,0.880,1.323,0.355,0.179,0.821,0.147,0.580
1995,66.500,0.000,0.000,0.000,0.000,0,0,0,0.000,0.000,4,0,0.828,0,53.339,21796.425,0.000,0.163,2.137,0.856,0.999,0.382,0.206,0.794,0.163,0.580
1998,66.600,0.000,0.000,0.000,0.000,0,0,0,0.000,0.000,4,0,0.828,0,53.339,21796.425,0.000,0.163,2.845,0.820,0.193,0.080,0.230,0.770,0.184,0.580
2001,66.700,0.000,305.485,0.000,252.025,1,0,1,0.000,1.326,4,0,0.828,3,53.339,21796.425,0.033,0.169,3.307,0.899,0.007,0.257,0.278,0.722,0.709,0.650
2004,66.800,354.318,0.000,311.680,0.000,1,1,0,0.000,1.371,4,0,0.828,3,53.339,21796.425,0.067,0.169,2.876,0.855,0.122,0.264,0.250,0.750,0.705,0.550
2007,66.900,39.115,0.000,-315.202,0.000,1,1,0,0.000,1.431,5,1,0.793,2,53.339,21796.425,0.100,0.169,1.680,0.534,0.223,1.679,0.187,0.813,0.606,0.750
2010,67.000,38.897,0.000,-0.218,0.000,1,1,0,0.000,1.201,5,0,0.793,2,53.339,21796.425,0.133,0.140,4.986,0.836,0.237,2.337,0.299,0.701,0.670,0.550
2013,67.100,0.000,0.000,0.000,0.000,0,0,0,0.000,0.000,5,0,0.793,0,53.339,21796.425,0.133,0.140,8.081,0.815,0.011,0.634,0.324,0.676,0.329,0.650
2016,67.200,0.000,0.000,0.000,0.000,0,0,0,0.000,0.000,5,1,0.759,0,53.339,21796.425,0.133,0.140,9.226,0.879,0.416,0.102,0.278,0.722,0.324,0.750
2019,67.300,0.000,194.487,0.000,-110.998,1,0,1,0.000,1.326,5,0,0.759,4,11.662,20130.880,0.167,0.143,10.214,0.766,0.938,0.049,0.287,0.713,0.860,0.650
2022,67.400,0.000,13.000,0.000,-181.487,1,0,1,0.000,1.527,5,0,0.759,4,13.000,17964.589,0.200,0.145,8.875,0.755,1.519,0.016,0.273,0.727,0.687,0.700
2025,67.500,0.000,7.810,0.000,-5.190,1,0,1,0.000,1.438,5,1,0.724,4,13.000,17964.589,0.233,0.145,6.960,0.782,2.009,0.185,0.250,0.750,0.635,0.750
2028,67.600,0.000,3.162,0.000,-4.648,1,0,1,0.000,1.485,5,0,0.724,4,13.000,17964.589,0.267,0.145,5.751,0.805,2.359,0.029,0.230,0.770,0.581,0.700
2031,67.700,0.000,6.708,0.000,3.546,1,0,1,0.000,1.226,5,0,0.759,4,13.000,17964.589,0.300,0.145,4.417,0.791,2.590,0.028,0.214,0.786,0.572,0.700
2034,67.800,0.000,1.000,0.000,-5.708,1,0,1,0.000,1.305,4,1,0.724,3,13.000,17964.589,0.333,0.145,3.491,0.869,2.767,1.492,0.215,0.785,0.507,0.750
2037,67.900,0.000,7.810,0.000,6.810,1,0,1,0.000,1.405,4,0,0.724,3,13.000,17964.589,0.367,0.145,2.943,0.784,3.029,1.634,0.202,0.798,0.541,0.700
2040,68.000,0.000,7.616,0.000,-0.194,1,0,1,0.000,1.217,4,0,0.759,3,275.980,16226.744,0.400,0.145,2.999,0.875,3.130,2.707,0.214,0.786,0.539,0.750
2043,68.100,102.215,0.000,63.318,0.000,1,1,0,0.000,1.023,3,1,0.724,2,258.805,13427.324,0.433,0.146,2.582,0.745,4.342,0.660,0.190,0.810,0.634,0.750
2046,68.200,22.204,0.000,-80.012,0.000,1,1,0,0.000,1.110,3,0,0.724,2,22.204,10705.199,0.467,0.146,2.390,0.749,4.991,2.217,0.190,0.810,0.507,0.700
2049,68.300,25.612,0.000,3.409,0.000,1,1,0,0.000,0.813,3,0,0.759,2,25.612,7715.559,0.500,0.147,1.619,0.372,5.202,0.477,0.130,0.870,0.537,0.700
2052,68.400,0.000,66.843,0.000,59.227,1,0,1,0.000,1.230,4,1,0.724,3,14.765,4571.595,0.533,0.147,1.353,0.746,5.156,2.117,0.155,0.845,0.731,0.750
2055,68.500,35.341,0.000,9.729,0.000,1,1,0,0.000,1.052,4,0,0.724,3,14.765,4571.595,0.567,0.147,2.023,0.809,5.214,1.731,0.164,0.836,0.693,0.700
2058,68.600,0.000,0.000,0.000,0.000,0,0,0,0.000,0.000,4,0,0.759,0,14.765,4571.595,0.567,0.147,2.128,0.671,2.812,0.949,0.265,0.735,0.244,0.700
2061,68.700,0.000,0.000,0.000,0.000,0,0,0,0.000,0.000,4,1,0.724,0,14.765,4571.595,0.567,0.147,2.700,0.854,1.037,1.685,0.250,0.750,0.246,0.750
2064,68.800,59.506,0.000,24.165,0.000,1,1,0,0.000,1.143,4,0,0.724,3,14.765,4571.595,0.600,0.149,2.614,0.648,0.351,0.010,0.250,0.750,0.777,0.650
2067,68.900,74.061,0.000,14.554,0.000,1,1,0,0.000,0.982,4,0,0.724,2,14.765,4571.595,0.633,0.149,2.176,0.864,0.094,0.138,0.234,0.766,0.710,0.350
2070,69.000,39.051,0.000,-35.010,0.000,1,1,0,0.000,0.842,4,1,0.690,2,14.765,4571.595,0.667,0.150,2.066,0.859,0.398,0.127,0.223,0.777,0.678,0.750
2073,69.100,18.439,0.000,-20.612,0.000,1,1,0,0.000,0.908,4,0,0.690,3,14.765,4571.595,0.700,0.379,2.128,0.936,0.623,0.095,0.200,0.800,0.609,0.350
2076,69.200,5.831,0.000,-12.608,0.000,1,1,0,0.000,1.112,4,0,0.724,3,14.765,4571.595,0.733,0.379,1.857,0.920,0.778,0.100,0.199,0.801,0.537,0.580
2079,69.300,25.962,0.000,20.131,0.000,1,1,0,0.000,1.033,4,0,0.724,2,14.765,4571.595,0.767,0.379,1.611,0.912,0.910,0.009,0.190,0.810,0.603,0.350
2082,69.400,17.889,0.000,-8.073,0.000,1,1,0,0.000,1.058,3,1,0.690,2,14.765,4571.595,0.800,0.379,0.616,0.841,1.020,0.024,0.102,0.898,0.572,0.750
2085,69.500,18.439,0.000,0.551,0.000,1,1,0,0.000,0.889,4,1,0.655,3,32.202,4660.448,0.833,0.392,0.793,0.411,1.147,1.471,0.084,0.916,0.628,0.750
2088,69.600,46.615,0.000,28.176,0.000,1,1,0,0.000,0.999,5,1,0.621,4,32.202,4660.448,0.867,0.392,3.045,0.843,1.248,0.622,0.240,0.760,0.815,0.750
2091,69.700,0.000,68.066,0.000,1.223,1,0,1,0.000,1.296,5,0,0.621,4,0.000,12894.150,0.867,0.392,4.881,0.551,1.222,0.527,0.290,0.710,0.881,0.500
2094,69.800,0.000,0.000,0.000,0.000,0,0,0,0.000,0.000,5,0,0.655,0,0.000,12894.150,0.833,0.392,7.166,0.006,1.116,2.424,0.243,0.757,0.449,0.650
2097,69.900,0.000,0.000,0.000,0.000,0,0,0,0.000,0.000,4,1,0.621,0,0.000,12894.150,0.800,0.392,4.318,0.300,0.921,1.529,0.187,0.813,0.353,0.750
2100,70.000,0.000,382.969,0.000,314.903,1,0,1,0.000,1.555,4,0,0.621,3,92.315,16092.330,0.800,0.379,3.447,0.672,0.836,0.945,0.195,0.805,0.820,0.650
2103,70.100,0.000,0.000,0.000,0.000,0,0,0,0.000,0.000,4,0,0.655,0,92.315,16092.330,0.800,0.379,5.349,0.458,0.708,0.296,0.212,0.788,0.368,0.650
2106,70.200,0.000,4.123,0.000,-378.846,1,0,1,0.000,1.487,4,1,0.621,3,0.000,16051.589,0.833,0.388,5.525,0.670,0.512,0.560,0.209,0.791,0.649,0.750
2109,70.300,0.000,32.573,0.000,28.450,1,0,1,0.000,1.654,4,0,0.621,3,31.305,15295.569,0.833,0.388,7.241,0.707,0.327,0.266,0.218,0.782,0.847,0.450
2112,70.400,0.000,17.889,0.000,-14.684,1,0,1,0.000,1.890,4,0,0.655,3,0.000,13748.590,0.833,0.388,6.221,0.739,0.020,0.130,0.214,0.786,0.738,0.350
2115,70.500,489.026,0.000,442.410,0.000,1,1,0,0.000,1.225,3,1,0.621,2,0.000,10855.794,0.833,0.388,4.020,0.743,0.453,0.227,0.186,0.814,0.718,0.750
2118,70.600,32.249,0.000,-456.777,0.000,1,1,0,0.000,1.472,3,0,0.621,2,84.599,8745.177,0.833,0.396,3.720,0.757,1.046,0.157,0.188,0.812,0.639,0.450
2121,70.700,3.162,0.000,-29.087,0.000,1,1,0,0.000,1.598,3,0,0.655,2,115.104,5433.844,0.833,0.396,2.638,0.627,2.017,0.158,0.167,0.833,0.460,0.700
2124,70.800,12.806,0.000,9.644,0.000,1,1,0,0.000,1.548,4,1,0.621,3,0.000,1124.290,0.833,0.396,2.678,0.738,3.139,0.143,0.130,0.870,0.621,0.750
2127,70.900,10.770,0.000,-2.036,0.000,1,1,0,0.000,1.646,4,0,0.621,3,0.000,1140.420,0.833,0.388,3.653,0.577,4.003,2.799,0.147,0.853,0.646,0.700
2130,71.000,12.369,0.000,1.599,0.000,1,1,0,0.000,1.672,4,0,0.655,3,12.369,1123.559,0.833,0.388,2.836,0.521,3.897,2.718,0.138,0.862,0.638,0.700
2133,71.100,12.530,0.000,0.161,0.000,1,1,0,0.000,1.876,3,1,0.621,2,0.000,1097.565,0.833,0.388,1.861,0.349,4.227,0.737,0.106,0.894,0.512,0.750
2136,71.200,28.636,0.000,16.106,0.000,1,1,0,0.000,1.943,3,0,0.621,2,0.000,708.439,0.833,0.396,4.255,0.660,3.768,3.056,0.155,0.845,0.639,0.700
2139,71.300,21.840,0.000,-6.795,0.000,1,1,0,0.000,2.080,3,0,0.655,2,0.000,708.439,0.833,0.407,1.530,0.222,2.278,1.696,0.107,0.893,0.564,0.700
2142,71.400,15.620,0.000,-6.220,0.000,1,1,0,0.000,2.091,4,1,0.621,3,104.561,1048.795,0.833,0.407,2.245,0.406,0.932,1.040,0.095,0.905,0.649,0.750
2145,71.500,9.220,0.000,-6.401,0.000,1,1,0,0.000,1.985,4,0,0.621,3,192.003,1784.379,0.833,0.399,3.287,0.468,0.706,2.458,0.131,0.869,0.636,0.750
2148,71.600,0.000,0.000,0.000,0.000,0,0,0,0.000,0.000,4,0,0.655,0,192.003,1784.379,0.833,0.399,2.204,0.346,0.640,2.333,0.095,0.905,0.301,0.750
2151,71.700,40.249,0.000,31.030,0.000,1,1,0,0.000,1.694,4,0,0.655,3,0.000,2252.600,0.867,0.397,3.847,0.154,0.353,1.219,0.115,0.885,0.848,0.650
2154,71.800,65.276,0.000,25.027,0.000,1,1,0,0.000,1.886,4,0,0.655,3,62.394,2497.744,0.867,0.397,2.226,0.249,0.169,0.687,0.097,0.903,0.827,0.450
2157,71.900,44.011,0.000,-21.265,0.000,1,1,0,0.000,2.152,4,0,0.690,3,0.000,2699.228,0.867,0.397,3.651,0.510,0.160,0.046,0.154,0.846,0.839,0.350
2160,72.000,0.000,0.000,0.000,0.000,0,0,0,0.000,0.000,3,1,0.655,0,0.000,2699.228,0.833,0.397,3.658,0.323,0.358,0.331,0.154,0.846,0.239,0.750
2163,72.100,0.000,0.000,0.000,0.000,0,0,0,0.000,0.000,3,0,0.655,0,0.000,2699.228,0.800,0.397,3.133,0.610,0.439,0.806,0.162,0.838,0.202,0.580
2166,72.200,0.000,0.000,0.000,0.000,0,0,0,0.000,0.000,3,0,0.655,0,0.000,2699.228,0.767,0.397,3.798,0.388,0.521,0.438,0.185,0.815,0.230,0.580
2169,72.300,0.000,0.000,0.000,0.000,0,0,0,0.000,0.000,3,0,0.690,0,0.000,2699.228,0.733,0.397,4.856,0.476,0.520,0.585,0.277,0.723,0.246,0.580
2172,72.400,0.000,0.000,0.000,0.000,0,0,0,0.000,0.000,3,0,0.724,0,0.000,2699.228,0.700,0.397,3.862,0.663,0.500,0.549,0.272,0.728,0.204,0.580
2175,72.500,0.000,0.000,0.000,0.000,0,0,0,0.000,0.000,3,0,0.759,0,0.000,2699.228,0.667,0.397,3.475,0.652,0.677,0.487,0.300,0.700,0.191,0.580
2178,72.600,0.000,0.000,0.000,0.000,0,0,0,0.000,0.000,6,1,0.724,0,0.000,2699.228,0.633,0.397,5.111,0.871,0.837,0.312,0.237,0.763,0.313,0.750
2181,72.700,0.000,0.000,0.000,0.000,0,0,0,0.000,0.000,6,0,0.724,0,0.000,2699.228,0.600,0.397,6.981,0.829,0.600,0.294,0.307,0.693,0.358,0.580
2184,72.800,0.000,0.000,0.000,0.000,0,0,0,0.000,0.000,6,0,0.759,0,0.000,2699.228,0.600,0.397,6.214,0.848,0.462,0.127,0.318,0.682,0.338,0.580
2187,72.900,0.000,0.000,0.000,0.000,0,0,0,0.000,0.000,4,1,0.724,0,0.000,2699.228,0.600,0.397,4.332,0.813,0.032,0.217,0.291,0.709,0.293,0.750
2190,73.000,0.000,0.000,0.000,0.000,0,0,0,0.000,0.000,4,0,0.724,0,0.000,2699.228,0.567,0.397,3.375,0.698,0.142,0.145,0.246,0.754,0.274,0.580
2193,73.100,0.000,0.000,0.000,0.000,0,0,0,0.000,0.000,4,0,0.759,0,0.000,2699.228,0.567,0.397,2.551,0.831,0.153,1.192,0.237,0.763,0.244,0.580
2196,73.200,0.000,0.000,0.000,0.000,0,0,0,0.000,0.000,5,1,0.724,0,0.000,2699.228,0.533,0.397,1.965,0.366,0.300,1.974,0.156,0.844,0.258,0.750
2199,73.300,0.000,0.000,0.000,0.000,0,0,0,0.000,0.000,5,0,0.724,0,0.000,2699.228,0.500,0.397,1.934,0.236,0.307,0.010,0.145,0.855,0.262,0.580
2202,73.400,0.000,0.000,0.000,0.000,0,0,0,0.000,0.000,5,0,0.759,0,0.000,2699.228,0.467,0.397,1.671,0.786,0.675,1.771,0.168,0.832,0.213,0.580
2205,73.500,0.000,0.000,0.000,0.000,0,0,0,0.000,0.000,5,1,0.724,0,0.000,2699.228,0.433,0.397,1.767,0.771,0.987,2.626,0.173,0.827,0.212,0.750
2208,73.600,0.000,0.000,0.000,0.000,0,0,0,0.000,0.000,5,0,0.724,0,0.000,2699.228,0.400,0.397,1.853,0.676,0.892,0.035,0.196,0.804,0.217,0.580
2211,73.700,0.000,0.000,0.000,0.000,0,0,0,0.000,0.000,5,0,0.759,0,0.000,2699.228,0.367,0.397,2.434,0.828,0.860,0.876,0.231,0.769,0.217,0.580
2214,73.800,0.000,0.000,0.000,0.000,0,0,0,0.000,0.000,4,1,0.724,0,0.000,2699.228,0.333,0.397,2.239,0.896,0.623,2.099,0.209,0.791,0.203,0.750
2217,73.900,0.000,0.000,0.000,0.000,0,0,0,0.000,0.000,4,0,0.724,0,0.000,2699.228,0.300,0.397,2.052,0.845,0.197,1.582,0.215,0.785,0.198,0.580
2220,74.000,0.000,0.000,0.000,0.000,0,0,0,0.000,0.000,4,0,0.759,0,0.000,2699.228,0.267,0.397,1.769,0.806,0.051,0.111,0.198,0.802,0.190,0.580
2223,74.100,0.000,0.000,0.000,0.000,0,0,0,0.000,0.000,5,1,0.724,0,0.000,2699.228,0.233,0.397,2.401,0.855,0.117,0.015,0.231,0.769,0.198,0.750
2226,74.200,0.000,0.000,0.000,0.000,0,0,0,0.000,0.000,5,0,0.724,0,0.000,2699.228,0.200,0.397,2.139,0.846,0.521,0.145,0.238,0.762,0.188,0.580
2229,74.300,0.000,0.000,0.000,0.000,0,0,0,0.000,0.000,5,0,0.759,0,0.000,2699.228,0.167,0.397,1.821,0.802,0.772,0.474,0.183,0.817,0.179,0.580
2232,74.400,0.000,0.000,0.000,0.000,0,0,0,0.000,0.000,7,1,0.724,0,0.000,2699.228,0.133,0.397,1.638,0.684,1.206,0.494,0.131,0.869,0.179,0.750
2235,74.500,0.000,0.000,0.000,0.000,0,0,0,0.000,0.000,7,0,0.724,0,0.000,2699.228,0.100,0.397,2.810,0.609,1.527,0.357,0.171,0.829,0.210,0.700
2238,74.600,0.000,0.000,0.000,0.000,0,0,0,0.000,0.000,7,0,0.724,0,0.000,2699.228,0.100,0.397,4.519,0.855,1.566,0.275,0.301,0.699,0.235,0.700
2241,74.700,0.000,0.000,0.000,0.000,0,0,0,0.000,0.000,5,1,0.690,0,0.000,2699.228,0.067,0.397,3.661,0.892,1.518,0.298,0.298,0.702,0.207,0.750
2244,74.800,0.000,0.000,0.000,0.000,0,0,0,0.000,0.000,5,0,0.690,0,0.000,2699.228,0.033,0.397,3.275,0.906,1.218,0.547,0.270,0.730,0.192,0.580
2247,74.900,0.000,0.000,0.000,0.000,0,0,0,0.000,0.000,5,0,0.724,0,0.000,2699.228,0.000,0.397,4.789,0.865,1.115,0.720,0.298,0.702,0.229,0.580
2250,75.000,0.000,0.000,0.000,0.000,0,0,0,0.000,0.000,5,0,0.724,0,0.000,2699.228,0.000,0.397,6.419,0.888,0.801,0.330,0.313,0.687,0.268,0.580
2253,75.100,0.000,0.000,0.000,0.000,0,0,0,0.000,0.000,5,0,0.724,0,0.000,2699.228,0.000,0.397,6.285,0.848,0.478,0.104,0.300,0.700,0.268,0.580
2256,75.200,0.000,0.000,0.000,0.000,0,0,0,0.000,0.000,5,0,0.724,0,0.000,2699.228,0.000,0.397,5.104,0.897,0.226,0.069,0.272,0.728,0.235,0.580
2259,75.300,0.000,0.000,0.000,0.000,0,0,0,0.000,0.000,3,1,0.690,0,0.000,2699.228,0.000,0.397,4.370,0.882,0.059,0.001,0.263,0.737,0.118,0.750
2262,75.400,0.000,0.000,0.000,0.000,0,0,0,0.000,0.000,3,0,0.690,0,0.000,2699.228,0.000,0.397,4.728,0.836,0.134,0.116,0.268,0.732,0.130,0.580
2265,75.500,0.000,0.000,0.000,0.000,0,0,0,0.000,0.000,3,0,0.724,0,0.000,2699.228,0.000,0.397,3.847,0.875,0.313,0.252,0.255,0.745,0.105,0.580
2268,75.600,0.000,0.000,0.000,0.000,0,0,0,0.000,0.000,4,1,0.690,0,0.000,2699.228,0.000,0.397,3.809,0.927,0.456,0.243,0.251,0.749,0.200,0.750
2271,75.700,0.000,0.000,0.000,0.000,0,0,0,0.000,0.000,4,0,0.690,0,0.000,2699.228,0.000,0.397,3.865,0.919,0.651,0.086,0.257,0.743,0.202,0.580
2274,75.800,0.000,0.000,0.000,0.000,0,0,0,0.000,0.000,4,0,0.724,0,0.000,2699.228,0.000,0.397,4.196,0.875,1.253,0.033,0.262,0.738,0.214,0.580
2277,75.900,0.000,0.000,0.000,0.000,0,0,0,0.000,0.000,3,1,0.690,0,0.000,2699.228,0.000,0.397,3.986,0.848,2.811,0.203,0.249,0.751,0.110,0.750
2280,76.000,0.000,0.000,0.000,0.000,0,0,0,0.000,0.000,3,0,0.690,0,0.000,2699.228,0.000,0.397,4.709,0.758,5.202,0.004,0.260,0.740,0.135,0.700
2283,76.100,0.000,0.000,0.000,0.000,0,0,0,0.000,0.000,3,0,0.724,0,0.000,2699.228,0.000,0.397,4.257,0.633,7.186,0.091,0.249,0.751,0.132,0.700
2286,76.200,0.000,0.000,0.000,0.000,0,0,0,0.000,0.000,5,1,0.690,0,0.000,2699.228,0.000,0.397,3.223,0.848,3.292,0.453,0.256,0.744,0.191,0.750
2289,76.300,0.000,0.000,0.000,0.000,0,0,0,0.000,0.000,5,0,0.690,0,0.000,2699.228,0.000,0.397,2.075,0.691,2.750,0.296,0.192,0.808,0.174,0.700
2292,76.400,321.056,0.000,277.045,0.000,1,1,0,0.000,2.113,5,0,0.724,4,257.093,4907.289,0.033,0.166,1.879,0.739,2.445,0.657,0.165,0.835,0.693,0.750
2295,76.500,0.000,0.000,0.000,0.000,0,0,0,0.000,0.000,6,1,0.690,0,257.093,4907.289,0.033,0.166,1.237,0.464,1.611,0.506,0.130,0.870,0.172,0.750
2298,76.600,0.000,0.000,0.000,0.000,0,0,0,0.000,0.000,6,0,0.690,0,257.093,4907.289,0.033,0.166,2.365,0.779,0.688,1.230,0.144,0.856,0.179,0.750
2301,76.700,0.000,0.000,0.000,0.000,0,0,0,0.000,0.000,6,0,0.724,0,257.093,4907.289,0.033,0.166,2.812,0.793,0.234,0.165,0.198,0.802,0.189,0.750
2304,76.800,0.000,0.000,0.000,0.000,0,0,0,0.000,0.000,4,1,0.690,0,257.093,4907.289,0.033,0.166,2.481,0.693,0.018,2.926,0.210,0.790,0.188,0.750
2307,76.900,0.000,0.000,0.000,0.000,0,0,0,0.000,0.000,4,0,0.690,0,257.093,4907.289,0.033,0.166,2.126,0.361,0.151,0.608,0.283,0.717,0.202,0.750
2310,77.000,0.000,0.000,0.000,0.000,0,0,0,0.000,0.000,4,0,0.724,0,257.093,4907.289,0.033,0.166,3.086,0.814,0.381,2.185,0.304,0.696,0.194,0.750
2313,77.100,0.000,0.000,0.000,0.000,0,0,0,0.000,0.000,5,1,0.690,0,257.093,4907.289,0.033,0.166,3.321,0.864,0.534,0.168,0.294,0.706,0.197,0.750
2316,77.200,0.000,0.000,0.000,0.000,0,0,0,0.000,0.000,5,0,0.690,0,257.093,4907.289,0.033,0.166,3.418,0.857,0.644,0.358,0.268,0.732,0.199,0.750
2319,77.300,0.000,372.465,0.000,354.576,1,0,1,0.000,2.046,5,0,0.724,3,257.093,4907.289,0.067,0.182,3.817,0.946,0.795,0.179,0.281,0.719,0.695,0.750
2322,77.400,0.000,8.062,0.000,-364.403,1,0,1,0.000,2.296,5,1,0.690,3,257.093,4907.289,0.100,0.182,3.726,0.902,1.047,0.023,0.295,0.705,0.495,0.750
2325,77.500,0.000,0.000,0.000,0.000,0,0,0,0.000,0.000,5,0,0.690,0,257.093,4907.289,0.100,0.182,3.343,0.922,1.464,0.233,0.294,0.706,0.201,0.750
2328,77.600,0.000,8.062,0.000,0.000,1,0,1,0.000,2.014,5,0,0.724,2,257.093,4907.289,0.133,0.180,2.923,0.924,1.874,0.065,0.281,0.719,0.441,0.750
2331,77.700,0.000,0.000,0.000,0.000,0,0,0,0.000,0.000,4,1,0.690,0,257.093,4907.289,0.133,0.180,2.388,0.930,1.951,0.151,0.273,0.727,0.181,0.750
2334,77.800,0.000,0.000,0.000,0.000,0,0,0,0.000,0.000,4,0,0.690,0,257.093,4907.289,0.133,0.180,1.576,0.870,1.907,0.744,0.243,0.757,0.165,0.750
2337,77.900,0.000,0.000,0.000,0.000,0,0,0,0.000,0.000,4,0,0.690,0,257.093,4907.289,0.133,0.180,1.083,0.904,1.602,0.032,0.199,0.801,0.150,0.750
2340,78.000,0.000,0.000,0.000,0.000,0,0,0,0.000,0.000,5,1,0.655,0,257.093,4907.289,0.133,0.180,1.183,0.774,1.270,0.208,0.186,0.814,0.161,0.750
2343,78.100,184.610,0.000,-136.446,0.000,1,1,0,0.000,1.890,5,0,0.655,4,257.093,4907.289,0.167,0.185,1.999,0.777,0.948,0.877,0.212,0.788,0.710,0.750
2346,78.200,0.000,0.000,0.000,0.000,0,0,0,0.000,0.000,5,0,0.690,0,257.093,4907.289,0.167,0.185,2.631,0.492,0.851,1.139,0.215,0.785,0.221,0.750
2349,78.300,0.000,0.000,0.000,0.000,0,0,0,0.000,0.000,3,1,0.655,0,257.093,4907.289,0.167,0.185,2.839,0.040,0.770,0.645,0.267,0.733,0.158,0.750
2352,78.400,0.000,0.000,0.000,0.000,0,0,0,0.000,0.000,3,0,0.655,0,257.093,4907.289,0.167,0.185,3.711,0.656,0.633,2.895,0.277,0.723,0.137,0.750
2355,78.500,0.000,0.000,0.000,0.000,0,0,0,0.000,0.000,3,0,0.690,0,257.093,4907.289,0.167,0.185,6.383,0.959,0.381,0.529,0.273,0.727,0.182,0.750
2358,78.600,0.000,0.000,0.000,0.000,0,0,0,0.000,0.000,3,0,0.690,0,257.093,4907.289,0.167,0.185,4.210,0.927,0.118,0.055,0.257,0.743,0.130,0.750
2361,78.700,0.000,355.208,0.000,347.146,1,0,1,0.000,1.846,3,0,0.690,1,257.093,4907.289,0.200,0.196,2.835,0.857,0.026,0.161,0.241,0.759,0.545,0.750
2364,78.800,450.644,0.000,266.034,0.000,1,1,0,0.000,1.879,3,0,0.724,1,257.093,4907.289,0.233,0.196,2.474,0.919,0.036,0.262,0.255,0.745,0.536,0.750
2367,78.900,10.050,0.000,-440.594,0.000,1,1,0,0.000,1.776,3,0,0.724,1,257.093,4907.289,0.267,0.198,2.049,0.961,0.106,0.656,0.238,0.762,0.332,0.750
2370,79.000,0.000,25.080,0.000,-330.129,1,0,1,0.000,1.537,3,0,0.724,1,257.093,4907.289,0.300,0.200,2.490,0.961,0.210,0.803,0.250,0.750,0.430,0.750
2373,79.100,0.000,6.708,0.000,-18.372,1,0,1,0.000,1.881,3,0,0.759,1,254.403,5541.244,0.333,0.200,1.941,0.948,0.198,0.481,0.229,0.771,0.319,0.750
2376,79.200,25.495,0.000,15.445,0.000,1,1,0,0.000,1.699,3,0,0.759,2,34.713,6444.294,0.367,0.201,1.783,0.950,0.190,0.240,0.230,0.770,0.484,0.580
2379,79.300,2.236,0.000,-23.259,0.000,1,1,0,0.000,1.702,3,0,0.759,2,61.522,6849.344,0.400,0.201,1.561,0.945,0.170,0.547,0.221,0.779,0.353,0.580
2382,79.400,2.236,0.000,0.000,0.000,1,1,0,0.000,1.656,2,1,0.759,1,61.522,6849.344,0.400,0.201,1.080,0.919,0.118,1.293,0.179,0.821,0.313,0.750
2385,79.500,8.062,0.000,5.826,0.000,1,1,0,0.000,1.622,3,1,0.724,2,55.444,7571.949,0.433,0.201,1.387,0.977,0.043,0.601,0.204,0.796,0.383,0.750
2388,79.600,1.000,0.000,-7.062,0.000,1,1,0,0.000,1.552,3,0,0.724,2,1.000,8250.088,0.467,0.201,1.509,0.923,0.022,0.765,0.217,0.783,0.355,0.580
2391,79.700,2.000,0.000,1.000,0.000,1,1,0,0.000,1.490,2,1,0.724,1,1.000,8250.088,0.500,0.203,0.982,0.685,0.031,1.827,0.143,0.857,0.338,0.750
2394,79.800,9.220,0.000,7.220,0.000,1,1,0,0.000,1.144,3,1,0.690,2,53.413,8527.647,0.533,0.203,0.702,0.474,0.146,0.970,0.092,0.908,0.420,0.750
2397,79.900,1.414,0.000,-7.805,0.000,1,1,0,0.000,1.173,3,0,0.690,2,84.291,8791.944,0.567,0.205,0.865,0.439,0.342,0.479,0.118,0.882,0.387,0.580
2400,80.000,2.000,0.000,0.586,0.000,1,1,0,0.000,1.234,3,0,0.724,2,84.291,8791.944,0.600,0.205,1.533,0.774,0.666,1.908,0.190,0.810,0.387,0.580
2403,80.100,4.123,0.000,2.123,0.000,1,1,0,0.000,1.428,3,0,0.724,2,12.369,8841.119,0.633,0.205,0.726,0.758,0.892,1.735,0.129,0.871,0.384,0.580
2406,80.200,1.414,0.000,-2.709,0.000,1,1,0,0.000,1.218,3,0,0.724,2,73.239,8969.950,0.667,0.205,0.959,0.563,1.091,0.346,0.136,0.864,0.392,0.580
2409,80.300,3.000,0.000,1.586,0.000,1,1,0,0.000,1.163,2,1,0.724,1,73.239,8969.950,0.667,0.207,1.199,0.836,1.161,2.224,0.170,0.830,0.358,0.750
2412,80.400,5.831,0.000,2.831,0.000,1,1,0,0.000,1.111,2,0,0.724,1,73.239,8969.950,0.667,0.207,0.556,0.782,1.170,2.335,0.101,0.899,0.362,0.580
2415,80.500,11.314,0.000,5.483,0.000,1,1,0,0.000,1.338,3,1,0.690,2,81.345,8020.735,0.700,0.207,0.826,0.800,1.165,0.046,0.111,0.889,0.432,0.750
2418,80.600,4.243,0.000,-7.071,0.000,1,1,0,0.000,1.703,3,0,0.724,1,81.345,8020.735,0.700,0.209,1.016,0.877,1.215,1.672,0.161,0.839,0.332,0.580
2421,80.700,7.616,0.000,3.373,0.000,1,1,0,0.000,1.781,3,0,0.724,2,2.236,8252.638,0.733,0.209,1.350,0.957,1.200,0.212,0.205,0.795,0.417,0.580
2424,80.800,2.236,0.000,-5.380,0.000,1,1,0,0.000,1.770,3,0,0.724,1,2.236,8252.638,0.767,0.211,0.944,0.768,1.175,0.266,0.148,0.852,0.334,0.580
2427,80.900,4.472,0.000,2.236,0.000,1,1,0,0.000,1.624,2,1,0.724,1,2.236,8252.638,0.800,0.213,0.542,0.777,1.205,0.934,0.103,0.897,0.370,0.750
2430,81.000,7.616,0.000,3.144,0.000,1,1,0,0.000,1.861,3,1,0.690,1,2.236,8252.638,0.833,0.211,0.884,0.878,1.232,1.084,0.149,0.851,0.363,0.750
2433,81.100,7.071,0.000,-0.545,0.000,1,1,0,0.000,1.614,2,1,0.655,1,2.236,8252.638,0.833,0.213,0.741,0.819,1.282,1.971,0.141,0.859,0.390,0.750
2436,81.200,7.211,0.000,0.140,0.000,1,1,0,0.000,1.510,3,1,0.655,2,13.454,7987.194,0.867,0.213,1.062,0.809,1.275,0.310,0.164,0.836,0.434,0.750
2439,81.300,0.000,30.480,0.000,23.771,1,0,1,0.000,1.664,3,0,0.655,2,13.454,7987.194,0.900,0.215,1.273,0.736,1.135,0.404,0.151,0.849,0.578,0.500
2442,81.400,23.087,0.000,15.876,0.000,1,1,0,0.000,1.395,3,0,0.655,2,13.454,7987.194,0.933,0.215,0.986,0.721,0.958,0.179,0.124,0.876,0.534,0.500
2445,81.500,15.620,0.000,-7.466,0.000,1,1,0,0.000,1.051,3,0,0.655,2,13.454,7987.194,0.967,0.367,2.208,0.698,0.823,0.343,0.150,0.850,0.529,0.580
2448,81.600,22.825,0.000,7.205,0.000,1,1,0,0.000,0.730,4,1,0.621,3,13.454,7987.194,1.000,0.372,0.771,0.372,0.922,1.172,0.076,0.924,0.675,0.750
2451,81.700,23.324,0.000,0.498,0.000,1,1,0,0.000,0.647,4,0,0.621,2,13.454,7987.194,1.000,0.419,1.415,0.769,0.888,0.943,0.128,0.872,0.621,0.000
2454,81.800,0.000,106.607,0.000,76.127,1,0,1,0.000,1.476,4,0,0.621,2,13.454,7987.194,1.000,0.419,1.388,0.793,0.732,0.543,0.108,0.892,0.739,0.500
2457,81.900,0.000,0.000,0.000,0.000,0,0,0,0.000,0.000,3,1,0.586,0,13.454,7987.194,0.967,0.419,2.048,0.717,0.633,0.859,0.207,0.793,0.187,0.750
2460,82.000,0.000,0.000,0.000,0.000,0,0,0,0.000,0.000,3,0,0.586,0,13.454,7987.194,0.933,0.419,2.621,0.720,0.237,0.274,0.219,0.781,0.197,0.580
2463,82.100,0.000,0.000,0.000,0.000,0,0,0,0.000,0.000,3,0,0.586,0,13.454,7987.194,0.900,0.419,2.125,0.686,0.267,0.334,0.225,0.775,0.183,0.580
2466,82.200,0.000,0.000,0.000,0.000,0,0,0,0.000,0.000,3,0,0.586,0,13.454,7987.194,0.867,0.419,11.826,0.166,0.690,0.156,0.502,0.498,0.362,0.752
2469,82.300,0.000,343.313,0.000,236.707,1,0,1,0.000,1.497,3,0,0.621,2,0.000,8974.824,0.867,0.416,4.738,0.903,3.092,1.626,0.307,0.693,0.729,0.700
2472,82.400,0.000,5.657,0.000,-337.656,1,0,1,0.000,1.218,3,0,0.655,2,31.064,8868.504,0.867,0.413,3.936,0.915,4.388,0.079,0.294,0.706,0.490,0.700
2475,82.500,0.000,0.000,0.000,0.000,0,0,0,0.000,0.000,4,1,0.621,0,31.064,8868.504,0.833,0.413,5.680,0.917,4.868,0.150,0.316,0.684,0.348,0.750
2478,82.600,0.000,0.000,0.000,0.000,0,0,0,0.000,0.000,4,0,0.655,0,31.064,8868.504,0.800,0.413,9.019,0.967,6.313,0.074,0.331,0.669,0.398,0.700
2481,82.700,360.001,0.000,336.678,0.000,1,1,0,0.000,0.830,4,0,0.690,2,0.000,9432.849,0.800,0.424,11.801,0.954,9.350,0.082,0.344,0.656,0.869,0.700
2484,82.800,32.388,0.000,-327.613,0.000,1,1,0,0.000,0.545,3,1,0.655,2,0.000,9432.849,0.800,0.430,14.985,0.947,11.937,0.071,0.352,0.648,0.730,0.750
2487,82.900,0.000,109.073,0.000,103.417,1,0,1,0.000,1.262,3,0,0.655,2,0.000,9432.849,0.800,0.462,16.519,0.968,14.885,0.202,0.344,0.656,0.798,0.700
2490,83.000,56.400,0.000,24.012,0.000,1,1,0,0.000,0.597,3,0,0.655,1,0.000,9432.849,0.800,0.462,16.163,0.972,18.730,0.092,0.344,0.656,0.738,0.700
2493,83.100,26.833,0.000,-29.568,0.000,1,1,0,0.000,0.595,4,1,0.621,1,0.000,9432.849,0.800,0.462,15.367,0.970,15.303,0.012,0.341,0.659,0.722,0.750
2496,83.200,0.000,0.000,0.000,0.000,0,0,0,0.000,0.000,4,0,0.655,0,0.000,9432.849,0.767,0.462,15.303,0.970,17.879,0.017,0.339,0.661,0.394,0.700
2499,83.300,0.000,0.000,0.000,0.000,0,0,0,0.000,0.000,4,0,0.655,0,0.000,9432.849,0.733,0.462,12.201,0.960,19.597,0.026,0.335,0.665,0.391,0.700
2502,83.400,0.000,0.000,0.000,0.000,0,0,0,0.000,0.000,7,0,0.690,0,0.000,9432.849,0.700,0.462,9.432,0.965,20.980,0.062,0.330,0.670,0.386,0.700
2505,83.500,0.000,0.000,0.000,0.000,0,0,0,0.000,0.000,7,0,0.690,0,0.000,9432.849,0.667,0.462,7.608,0.975,19.829,0.041,0.325,0.675,0.372,0.700
2508,83.600,0.000,0.000,0.000,0.000,0,0,0,0.000,0.000,7,0,0.690,0,0.000,9432.849,0.633,0.462,4.726,0.944,16.114,0.065,0.307,0.693,0.298,0.700
2511,83.700,0.000,0.000,0.000,0.000,0,0,0,0.000,0.000,7,1,0.655,0,0.000,9432.849,0.600,0.462,2.785,0.792,15.429,0.236,0.266,0.734,0.256,0.750
2514,83.800,0.000,0.000,0.000,0.000,0,0,0,0.000,0.000,7,0,0.690,0,0.000,9432.849,0.567,0.462,2.649,0.515,2.972,0.972,0.247,0.753,0.268,0.700
2517,83.900,0.000,0.000,0.000,0.000,0,0,0,0.000,0.000,7,0,0.724,0,0.000,9432.849,0.533,0.462,3.851,0.624,2.762,0.854,0.291,0.709,0.287,0.700
2520,84.000,0.000,0.000,0.000,0.000,0,0,0,0.000,0.000,5,1,0.724,0,0.000,9432.849,0.500,0.462,3.636,0.728,2.692,0.271,0.279,0.721,0.270,0.750
2523,84.100,0.000,0.000,0.000,0.000,0,0,0,0.000,0.000,5,0,0.759,0,0.000,9432.849,0.467,0.462,3.113,0.728,2.463,0.511,0.255,0.745,0.253,0.700
2526,84.200,0.000,0.000,0.000,0.000,0,0,0,0.000,0.000,5,0,0.759,0,0.000,9432.849,0.433,0.462,2.482,0.800,1.903,0.258,0.249,0.751,0.228,0.700
2529,84.300,0.000,0.000,0.000,0.000,0,0,0,0.000,0.000,4,0,0.759,0,0.000,9432.849,0.400,0.462,2.925,0.870,1.249,0.166,0.275,0.725,0.230,0.580
2532,84.400,0.000,0.000,0.000,0.000,0,0,0,0.000,0.000,4,0,0.759,0,0.000,9432.849,0.367,0.462,1.977,0.916,0.643,0.045,0.256,0.744,0.199,0.580
2535,84.500,0.000,0.000,0.000,0.000,0,0,0,0.000,0.000,4,0,0.793,0,0.000,9432.849,0.333,0.462,2.129,0.934,0.170,0.113,0.262,0.738,0.198,0.580
2538,84.600,0.000,0.000,0.000,0.000,0,0,0,0.000,0.000,3,1,0.759,0,0.000,9432.849,0.300,0.462,0.878,0.926,0.176,0.234,0.176,0.824,0.163,0.750
2541,84.700,0.000,0.000,0.000,0.000,0,0,0,0.000,0.000,3,0,0.759,0,0.000,9432.849,0.267,0.462,0.526,0.200,0.512,2.201,0.089,0.911,0.201,0.580
2544,84.800,0.000,0.000,0.000,0.000,0,0,0,0.000,0.000,4,1,0.759,0,0.000,9432.849,0.233,0.462,2.109,0.782,0.848,1.707,0.239,0.761,0.196,0.750
2547,84.900,0.000,0.000,0.000,0.000,0,0,0,0.000,0.000,3,1,0.724,0,0.000,9432.849,0.233,0.462,2.548,0.879,1.157,0.224,0.242,0.758,0.100,0.750
2550,85.000,0.000,0.000,0.000,0.000,0,0,0,0.000,0.000,3,0,0.724,0,0.000,9432.849,0.233,0.462,3.043,0.901,1.438,0.307,0.283,0.717,0.111,0.700
2553,85.100,0.000,0.000,0.000,0.000,0,0,0,0.000,0.000,3,0,0.724,0,0.000,9432.849,0.233,0.462,4.429,0.932,1.686,0.118,0.309,0.691,0.143,0.700
2556,85.200,0.000,0.000,0.000,0.000,0,0,0,0.000,0.000,6,1,0.690,0,0.000,9432.849,0.233,0.462,4.817,0.955,1.836,0.087,0.313,0.687,0.252,0.750
2559,85.300,0.000,0.000,0.000,0.000,0,0,0,0.000,0.000,6,0,0.690,0,0.000,9432.849,0.200,0.462,4.817,0.965,1.528,0.015,0.309,0.691,0.247,0.700
2562,85.400,0.000,0.000,0.000,0.000,0,0,0,0.000,0.000,6,0,0.724,0,0.000,9432.849,0.167,0.462,5.441,0.976,1.415,0.038,0.296,0.704,0.258,0.700
2565,85.500,0.000,0.000,0.000,0.000,0,0,0,0.000,0.000,6,0,0.724,0,0.000,9432.849,0.167,0.462,4.377,0.984,1.390,0.080,0.290,0.710,0.231,0.580
2568,85.600,0.000,0.000,0.000,0.000,0,0,0,0.000,0.000,6,0,0.724,0,0.000,9432.849,0.167,0.462,4.027,0.980,1.316,0.116,0.285,0.715,0.222,0.580
2571,85.700,0.000,642.067,0.000,532.994,1,0,1,0.000,1.428,6,0,0.759,3,0.000,9432.849,0.167,0.246,3.211,0.939,1.166,0.230,0.270,0.730,0.675,0.650
2574,85.800,0.000,25.080,0.000,-616.987,1,0,1,0.000,1.715,6,1,0.724,4,0.000,9432.849,0.167,0.240,2.885,0.902,1.001,0.212,0.266,0.734,0.588,0.750
2577,85.900,0.000,11.045,0.000,-14.035,1,0,1,0.000,1.410,6,0,0.724,4,0.000,9432.849,0.167,0.237,3.209,0.856,0.871,0.102,0.275,0.725,0.522,0.580
2580,86.000,0.000,11.180,0.000,0.135,1,0,1,0.000,1.511,6,0,0.759,4,0.000,9432.849,0.167,0.234,2.505,0.513,0.723,0.695,0.228,0.772,0.529,0.580
2583,86.100,439.727,0.000,412.894,0.000,1,1,0,0.000,0.786,4,1,0.724,3,0.000,9432.849,0.167,0.231,12.488,0.142,0.595,0.778,0.394,0.606,0.895,0.750
2586,86.200,0.000,0.000,0.000,0.000,0,0,0,0.000,0.000,4,0,0.724,0,0.000,9432.849,0.167,0.231,4.436,0.898,0.251,2.907,0.247,0.753,0.238,0.650
2589,86.300,17.029,0.000,-422.698,0.000,1,1,0,0.000,0.994,4,0,0.724,3,0.000,9432.849,0.200,0.234,3.701,0.952,0.073,0.027,0.239,0.761,0.580,0.650
2592,86.400,0.000,0.000,0.000,0.000,0,0,0,0.000,0.000,5,0,0.724,0,0.000,9432.849,0.200,0.234,4.041,0.637,0.441,1.748,0.233,0.767,0.250,0.650
2595,86.500,0.000,0.000,0.000,0.000,0,0,0,0.000,0.000,5,0,0.724,0,0.000,9432.849,0.200,0.234,4.304,0.732,0.969,0.708,0.215,0.785,0.250,0.580
2598,86.600,0.000,0.000,0.000,0.000,0,0,0,0.000,0.000,5,0,0.759,0,0.000,9432.849,0.200,0.234,3.852,0.357,1.899,1.697,0.188,0.812,0.265,0.700
2601,86.700,0.000,0.000,0.000,0.000,0,0,0,0.000,0.000,5,0,0.759,0,0.000,9432.849,0.200,0.234,4.345,0.527,1.954,0.015,0.220,0.780,0.266,0.700
2604,86.800,0.000,0.000,0.000,0.000,0,0,0,0.000,0.000,5,0,0.759,0,0.000,9432.849,0.200,0.234,2.622,0.338,1.559,0.065,0.204,0.796,0.236,0.700
2607,86.900,0.000,0.000,0.000,0.000,0,0,0,0.000,0.000,5,0,0.793,0,0.000,9432.849,0.200,0.234,1.598,0.571,1.186,1.836,0.189,0.811,0.194,0.580
2610,87.000,0.000,0.000,0.000,0.000,0,0,0,0.000,0.000,5,0,0.793,0,0.000,9432.849,0.200,0.234,1.855,0.504,0.806,0.314,0.200,0.800,0.205,0.580
2613,87.100,0.000,0.000,0.000,0.000,0,0,0,0.000,0.000,5,0,0.793,0,0.000,9432.849,0.200,0.234,4.464,0.382,0.633,3.038,0.210,0.790,0.279,0.580
2616,87.200,0.000,0.000,0.000,0.000,0,0,0,0.000,0.000,5,0,0.793,0,0.000,9432.849,0.200,0.234,4.855,0.737,0.602,0.172,0.211,0.789,0.264,0.580
2619,87.300,0.000,0.000,0.000,0.000,0,0,0,0.000,0.000,4,0,0.793,0,0.000,9432.849,0.200,0.234,5.442,0.632,0.648,0.281,0.214,0.786,0.286,0.580
2622,87.400,0.000,0.000,0.000,0.000,0,0,0,0.000,0.000,4,0,0.793,0,0.000,9432.849,0.200,0.234,4.450,0.613,0.769,0.403,0.209,0.791,0.262,0.580
2625,87.500,0.000,0.000,0.000,0.000,0,0,0,0.000,0.000,4,0,0.828,0,0.000,9432.849,0.200,0.234,3.003,0.658,0.789,0.956,0.185,0.815,0.223,0.580
2628,87.600,0.000,0.000,0.000,0.000,0,0,0,0.000,0.000,5,0,0.828,0,0.000,9432.849,0.200,0.234,1.893,0.433,0.804,1.696,0.139,0.861,0.211,0.580
2631,87.700,0.000,0.000,0.000,0.000,0,0,0,0.000,0.000,5,0,0.862,0,0.000,9432.849,0.200,0.234,3.195,0.604,0.144,0.206,0.148,0.852,0.232,0.580
2634,87.800,103.368,0.000,86.339,0.000,1,1,0,0.000,1.308,5,0,0.897,4,0.000,11175.635,0.233,0.244,3.690,0.426,0.298,0.815,0.157,0.843,0.784,0.650
2637,87.900,33.422,0.000,-69.947,0.000,1,1,0,0.000,1.638,5,0,0.897,4,0.000,12752.344,0.267,0.238,2.540,0.563,0.352,1.473,0.176,0.824,0.686,0.550
2640,88.000,0.000,350.682,0.000,339.502,1,0,1,0.000,1.499,5,0,0.897,4,0.000,13296.104,0.300,0.230,2.744,0.566,0.448,0.010,0.183,0.817,0.759,0.500
2643,88.100,0.000,22.136,0.000,-328.546,1,0,1,0.000,1.414,5,0,0.931,4,0.000,12798.867,0.333,0.227,4.325,0.599,0.538,0.848,0.221,0.779,0.673,0.580
2646,88.200,0.000,6.083,0.000,-16.053,1,0,1,0.000,1.521,4,0,0.931,3,0.000,12798.867,0.367,0.227,4.732,0.653,0.505,0.910,0.234,0.766,0.585,0.580
2649,88.300,0.000,419.076,0.000,415.076,2,0,1,419.076,1.734,4,0,0.931,5,25.020,10903.519,0.400,0.225,6.164,0.858,0.480,0.073,0.251,0.749,0.922,0.650
2652,88.400,23.259,0.000,-10.162,0.000,1,1,0,0.000,1.403,4,0,0.931,3,25.020,10903.519,0.433,0.213,5.312,0.836,0.304,0.849,0.247,0.753,0.691,0.650
2655,88.500,31.016,0.000,7.757,0.000,1,1,0,0.000,1.571,4,0,0.931,3,25.020,10903.519,0.467,0.213,7.576,0.691,0.082,1.045,0.250,0.750,0.804,0.350
2658,88.600,0.000,459.549,0.000,40.472,1,0,1,0.000,1.767,4,0,0.931,3,25.020,10903.519,0.500,0.204,8.974,0.784,0.145,0.952,0.253,0.747,0.890,0.500
2661,88.700,54.708,0.000,23.692,0.000,1,1,0,0.000,1.492,4,0,0.966,3,25.020,10903.519,0.500,0.204,12.000,0.922,0.256,0.156,0.261,0.739,0.880,0.500
2664,88.800,0.000,47.424,0.000,-412.125,1,0,1,0.000,1.766,4,0,0.966,3,25.020,10903.519,0.500,0.211,9.269,0.915,0.405,0.359,0.264,0.736,0.881,0.500
2667,88.900,0.000,28.071,0.000,-19.352,1,0,1,0.000,1.680,4,0,0.966,2,25.020,10903.519,0.500,0.217,10.092,0.908,0.440,0.892,0.258,0.742,0.742,0.580
2670,89.000,0.000,27.019,0.000,-1.053,1,0,1,0.000,1.511,4,0,1.000,2,25.020,10903.519,0.500,0.217,6.570,0.881,0.563,0.291,0.247,0.753,0.703,0.580
2673,89.100,0.000,32.062,0.000,5.044,1,0,1,0.000,1.322,3,1,0.966,1,25.020,10903.519,0.500,0.222,4.609,0.408,0.654,0.087,0.207,0.793,0.585,0.750
2676,89.200,0.000,9.434,0.000,-22.628,1,0,1,0.000,1.240,3,0,0.966,1,25.020,10903.519,0.533,0.227,6.674,0.725,2.149,1.596,0.252,0.748,0.493,0.700
2679,89.300,0.000,0.000,0.000,0.000,0,0,0,0.000,0.000,3,0,0.966,0,25.020,10903.519,0.500,0.227,4.581,0.649,2.455,2.340,0.238,0.762,0.199,0.700
2682,89.400,665.217,0.000,610.509,0.000,1,1,0,0.000,1.736,4,1,0.931,2,0.000,8569.580,0.533,0.232,8.398,0.415,2.508,0.523,0.284,0.716,0.875,0.750
2685,89.500,252.907,0.000,-412.310,0.000,1,1,0,0.000,1.808,4,0,0.931,2,23.087,4488.888,0.567,0.237,8.256,0.496,2.889,0.097,0.211,0.789,0.873,0.700
2688,89.600,51.865,0.000,-201.042,0.000,1,1,0,0.000,1.640,4,0,0.931,2,0.000,4796.138,0.600,0.237,8.083,0.731,3.326,1.863,0.221,0.779,0.861,0.700
2691,89.700,62.370,0.000,10.505,0.000,1,1,0,0.000,1.514,3,1,0.897,2,179.003,5258.575,0.633,0.242,8.572,0.535,3.459,1.314,0.247,0.753,0.809,0.750
2694,89.800,23.770,0.000,-38.600,0.000,1,1,0,0.000,1.237,3,0,0.897,2,225.639,5981.058,0.667,0.242,7.924,0.745,3.581,1.191,0.230,0.770,0.678,0.750
2697,89.900,18.385,0.000,-5.385,0.000,1,1,0,0.000,1.324,3,0,0.897,2,182.538,6197.118,0.700,0.238,10.017,0.868,3.071,0.380,0.235,0.765,0.645,0.750
2700,90.000,41.231,0.000,22.846,0.000,1,1,0,0.000,1.156,4,1,0.862,2,164.924,5919.425,0.733,0.243,12.891,0.863,3.273,0.194,0.244,0.756,0.847,0.750
2703,90.100,13.454,0.000,-27.777,0.000,1,1,0,0.000,1.256,4,0,0.862,2,157.991,5270.647,0.767,0.428,11.025,0.855,2.869,0.202,0.244,0.756,0.697,0.750
2706,90.200,21.378,0.000,7.924,0.000,1,1,0,0.000,1.267,4,0,0.862,2,171.572,4286.540,0.800,0.437,10.631,0.422,2.147,0.183,0.251,0.749,0.775,0.750
2709,90.300,43.829,0.000,22.452,0.000,1,1,0,0.000,0.928,3,1,0.828,2,0.000,3484.294,0.833,0.437,10.146,0.521,1.308,1.310,0.240,0.760,0.827,0.750
2712,90.400,22.204,0.000,-21.626,0.000,1,1,0,0.000,1.173,3,0,0.828,2,0.000,3207.235,0.867,0.446,9.742,0.750,1.145,1.473,0.238,0.762,0.695,0.580
2715,90.500,17.720,0.000,-4.484,0.000,1,1,0,0.000,1.043,3,0,0.828,2,0.000,3073.134,0.900,0.446,7.918,0.672,0.930,0.030,0.238,0.762,0.677,0.580
2718,90.600,19.849,0.000,2.129,0.000,1,1,0,0.000,1.057,4,1,0.793,2,0.000,2963.304,0.933,0.454,7.118,0.744,0.906,0.118,0.244,0.756,0.738,0.750
2721,90.700,22.561,0.000,2.712,0.000,1,1,0,0.000,1.058,4,0,0.793,2,0.000,2587.244,0.967,0.454,5.253,0.489,0.957,0.128,0.234,0.766,0.728,0.580
2724,90.800,13.416,0.000,-9.145,0.000,1,1,0,0.000,1.070,4,0,0.793,2,0.000,1897.707,0.967,0.463,5.024,0.548,0.875,2.408,0.221,0.779,0.668,0.580
2727,90.900,27.313,108.227,13.897,98.793,2,1,1,492.627,1.415,3,1,0.759,4,0.000,1490.938,0.967,0.454,14.243,0.241,0.880,0.123,0.283,0.717,0.979,0.750
2730,91.000,8.062,17.000,-19.251,-91.227,2,1,1,483.741,1.152,2,1,0.724,2,4.472,1481.577,0.967,0.463,0.711,0.753,0.942,1.086,0.089,0.911,0.605,0.750
2733,91.100,10.198,18.868,2.136,1.868,2,1,1,482.548,1.430,3,1,0.690,4,0.000,1158.070,0.967,0.463,3.160,0.685,0.650,2.296,0.147,0.853,0.682,0.750
2736,91.200,3.162,17.464,-7.036,-1.404,2,1,1,496.327,1.112,3,0,0.690,3,440.931,4801.639,0.967,0.463,1.499,0.940,0.414,1.005,0.130,0.870,0.615,0.750
2739,91.300,0.000,16.763,-3.162,-0.701,2,1,1,512.516,1.177,3,0,0.690,3,321.498,6156.154,0.967,0.463,1.957,0.691,0.073,0.247,0.136,0.864,0.640,0.750
2742,91.400,2.000,50.220,2.000,33.456,2,1,1,555.630,1.278,3,0,0.690,4,0.000,6360.879,0.967,0.463,3.511,0.626,0.190,1.155,0.155,0.845,0.840,0.450
2745,91.500,5.099,48.270,3.099,-1.949,2,1,1,596.142,1.350,3,0,0.690,3,180.094,6967.284,0.967,0.463,4.271,0.877,0.586,0.661,0.192,0.808,0.841,0.750
2748,91.600,26.571,24.352,21.472,-23.918,2,1,1,596.825,1.547,3,0,0.690,3,0.000,6998.878,0.967,0.454,4.970,0.816,0.914,0.260,0.218,0.782,0.761,0.580
2751,91.700,48.260,15.811,21.689,-8.540,2,1,1,551.526,1.588,3,0,0.690,3,100.319,7156.119,0.967,0.446,3.811,0.604,1.111,2.289,0.181,0.819,0.849,0.557
2754,91.800,9.220,29.833,-39.040,14.021,2,1,1,538.134,1.397,4,1,0.655,5,226.762,8460.759,0.967,0.435,3.388,0.697,1.331,1.479,0.166,0.834,0.848,0.750
2757,91.900,11.000,19.209,1.780,-10.623,2,1,1,534.000,1.004,4,0,0.655,5,266.728,9222.750,0.967,0.426,2.551,0.664,1.539,0.693,0.161,0.839,0.770,0.750
2760,92.000,16.401,9.220,5.401,-9.990,2,1,1,538.134,1.093,4,0,0.690,5,256.164,9648.539,0.967,0.408,2.628,0.901,1.753,1.488,0.180,0.820,0.740,0.750
2763,92.100,13.892,13.342,-2.509,4.122,2,1,1,548.110,0.992,4,0,0.690,5,268.246,6730.177,0.967,0.399,2.916,0.931,2.000,0.587,0.183,0.817,0.731,0.750
2766,92.200,2.236,8.602,-11.656,-4.739,2,1,1,554.032,0.876,4,0,0.690,5,232.280,6563.339,0.967,0.379,1.900,0.887,2.467,0.285,0.161,0.839,0.679,0.750
2769,92.300,5.657,4.243,3.421,-4.360,2,1,1,555.044,0.953,3,1,0.690,3,235.262,6935.539,1.000,0.379,1.177,0.939,2.373,0.410,0.141,0.859,0.645,0.750
2772,92.400,3.162,1.414,-2.495,-2.828,2,1,1,555.073,0.824,5,1,0.655,4,288.106,8104.574,1.000,0.369,1.076,0.699,2.580,0.026,0.129,0.871,0.610,0.750
2775,92.500,2.000,5.000,-1.162,3.586,2,1,1,552.110,0.860,5,0,0.655,3,152.971,8557.049,1.000,0.369,0.680,0.502,2.658,1.160,0.084,0.916,0.588,0.750
2778,92.600,2.000,5.099,0.000,0.099,2,1,1,545.092,0.914,4,1,0.655,3,152.971,8086.538,1.000,0.369,0.819,0.820,1.859,0.393,0.099,0.901,0.596,0.750
2781,92.700,1.000,5.099,-1.000,0.000,2,1,1,551.073,1.232,4,1,0.621,3,256.129,7983.265,1.000,0.369,0.547,0.975,1.663,0.255,0.071,0.929,0.579,0.750
2784,92.800,2.000,7.616,1.000,2.517,2,1,1,544.015,1.492,4,0,0.621,3,247.524,8283.474,1.000,0.369,0.572,0.324,1.392,0.599,0.072,0.928,0.639,0.750
2787,92.900,2.828,3.000,0.828,-4.616,2,1,1,546.074,1.539,5,1,0.621,4,192.052,10407.225,1.000,0.369,0.587,0.481,1.229,0.266,0.066,0.934,0.612,0.750
2790,93.000,1.414,13.000,-1.414,10.000,2,1,1,547.403,1.727,3,1,0.586,3,297.321,10587.987,1.000,0.369,1.255,0.560,1.159,1.777,0.104,0.896,0.614,0.750
2793,93.100,1.000,13.038,-0.414,0.038,2,1,1,549.117,1.981,3,0,0.586,3,293.466,11006.077,1.000,0.369,1.172,0.574,1.142,0.069,0.084,0.916,0.612,0.750
2796,93.200,2.000,12.042,1.000,-0.997,2,1,1,541.631,2.316,3,0,0.621,3,420.006,12936.839,1.000,0.369,0.706,0.480,1.160,1.530,0.079,0.921,0.601,0.750
2799,93.300,4.123,29.155,2.123,17.113,2,1,1,556.806,2.326,3,0,0.621,4,295.447,13025.074,1.000,0.369,2.943,0.347,1.148,0.204,0.127,0.873,0.761,0.750
2802,93.400,7.000,58.181,2.877,29.026,2,1,1,613.874,2.160,3,0,0.621,3,159.803,13042.684,1.000,0.379,4.566,0.702,1.087,0.460,0.183,0.817,0.865,0.750
2805,93.500,4.472,39.051,-2.528,-19.130,2,1,1,645.732,2.021,3,0,0.655,2,366.493,13854.039,1.000,0.379,1.810,0.923,0.959,0.184,0.137,0.863,0.688,0.750
2808,93.600,4.472,40.025,0.000,0.974,2,1,1,633.975,2.021,4,1,0.621,3,23.022,14756.679,1.000,0.389,1.382,0.654,0.891,0.117,0.120,0.880,0.816,0.750
2811,93.700,6.325,0.000,1.852,0.000,1,1,0,0.000,2.021,4,0,0.621,2,335.054,14693.094,1.000,0.389,2.599,0.757,0.856,0.951,0.152,0.848,0.557,0.750
2814,93.800,5.385,0.000,-0.939,0.000,1,1,0,0.000,1.934,4,0,0.655,2,160.131,15387.820,1.000,0.399,2.603,0.839,0.761,1.771,0.180,0.820,0.546,0.750
2817,93.900,5.385,0.000,0.000,0.000,1,1,0,0.000,1.639,3,1,0.655,2,163.884,14257.298,1.000,0.399,4.243,0.678,0.635,1.637,0.224,0.776,0.529,0.750
2820,94.000,22.804,0.000,17.418,0.000,1,1,0,0.000,1.282,3,0,0.690,2,0.000,13705.958,1.000,0.408,5.980,0.675,0.722,1.645,0.245,0.755,0.669,0.550
2823,94.100,22.847,0.000,0.044,0.000,1,1,0,0.000,1.084,3,0,0.690,2,54.424,12765.667,1.000,0.417,5.459,0.722,0.426,1.102,0.227,0.773,0.653,0.350
2826,94.200,98.494,0.000,75.646,0.000,1,1,0,0.000,1.165,3,0,0.690,2,0.000,9971.794,1.000,0.417,7.686,0.655,0.038,0.467,0.266,0.734,0.836,0.450
2829,94.300,0.000,0.000,0.000,0.000,0,0,0,0.000,0.000,3,0,0.690,0,0.000,9971.794,0.967,0.417,9.379,0.761,0.364,0.004,0.251,0.749,0.333,0.650
2832,94.400,0.000,0.000,0.000,0.000,0,0,0,0.000,0.000,3,0,0.690,0,0.000,9971.794,0.933,0.417,8.620,0.792,0.824,0.095,0.239,0.761,0.327,0.580
2835,94.500,0.000,0.000,0.000,0.000,0,0,0,0.000,0.000,4,1,0.655,0,0.000,9971.794,0.900,0.417,9.257,0.611,1.316,0.151,0.235,0.765,0.435,0.750
2838,94.600,0.000,0.000,0.000,0.000,0,0,0,0.000,0.000,4,0,0.655,0,0.000,9971.794,0.867,0.417,8.954,0.652,1.969,0.050,0.252,0.748,0.428,0.700
2841,94.700,0.000,220.511,0.000,180.486,1,0,1,0.000,0.682,4,0,0.690,2,0.000,9971.794,0.867,0.357,8.036,0.856,3.182,0.221,0.270,0.730,0.884,0.700
2844,94.800,377.023,0.000,278.529,0.000,1,1,0,0.000,0.932,3,1,0.655,2,0.000,9971.794,0.867,0.357,7.846,0.751,4.423,0.272,0.271,0.729,0.818,0.750
2847,94.900,20.000,0.000,-357.023,0.000,1,1,0,0.000,1.025,3,0,0.655,2,0.000,9971.794,0.867,0.365,7.090,0.832,5.119,0.080,0.263,0.737,0.654,0.700
2850,95.000,0.000,57.454,0.000,-163.056,1,0,1,0.000,0.859,3,0,0.655,2,0.000,9971.794,0.867,0.365,4.073,0.825,3.924,0.074,0.239,0.761,0.718,0.700
2853,95.100,27.459,5.657,7.459,-51.797,2,1,1,27.731,1.016,4,1,0.621,4,27.074,9210.469,0.867,0.365,2.051,0.536,4.224,0.919,0.190,0.810,0.800,0.750
2856,95.200,0.000,5.385,0.000,-0.272,1,0,1,0.000,0.966,4,0,0.655,2,27.074,9210.469,0.867,0.365,3.974,0.885,4.626,1.699,0.234,0.766,0.561,0.700
2859,95.300,29.411,0.000,1.952,0.000,1,1,0,0.000,1.214,4,0,0.690,2,27.074,9210.469,0.867,0.374,6.780,0.897,4.516,0.361,0.261,0.739,0.764,0.700
2862,95.400,470.663,0.000,463.592,0.000,2,1,0,470.663,1.270,4,0,0.690,4,0.000,8999.688,0.867,0.365,3.464,0.663,4.546,2.193,0.198,0.802,0.924,0.700
2865,95.500,447.815,0.000,-22.849,0.000,1,1,0,0.000,1.492,4,0,0.724,2,0.000,8999.688,0.867,0.374,6.692,0.902,3.725,1.318,0.256,0.744,0.848,0.700
2868,95.600,0.000,53.600,0.000,48.215,1,0,1,0.000,0.893,4,0,0.759,2,0.000,8999.688,0.867,0.374,10.068,0.887,2.768,0.137,0.250,0.750,0.882,0.700
2871,95.700,327.768,17.088,-120.046,-36.512,2,1,1,289.154,1.744,4,0,0.759,4,0.000,6912.899,0.867,0.374,8.574,0.974,2.524,0.275,0.254,0.746,1.000,0.700
2874,95.800,21.213,18.974,-306.555,1.886,2,1,1,288.624,1.777,4,0,0.793,4,0.000,3141.800,0.867,0.374,6.655,0.979,1.913,0.116,0.259,0.741,0.850,0.700
2877,95.900,17.720,3.162,-3.493,-15.811,2,1,1,300.433,1.506,4,0,0.828,4,0.000,2852.055,0.867,0.365,6.064,0.974,1.286,0.552,0.249,0.751,0.816,0.350
2880,96.000,12.530,15.811,-5.190,12.649,2,1,1,296.987,1.399,4,0,0.828,4,150.735,3100.279,0.867,0.365,7.353,0.924,0.950,0.656,0.257,0.743,0.841,0.750
2883,96.100,6.000,10.440,-6.530,-5.371,2,1,1,292.219,1.074,4,0,0.828,4,22.672,2636.867,0.867,0.365,3.683,0.822,0.666,0.072,0.231,0.769,0.727,0.580
2886,96.200,298.391,0.000,0.295,0.000,2,1,0,298.391,1.738,4,0,0.828,4,149.513,3142.019,0.867,0.357,2.816,0.296,0.364,2.601,0.174,0.826,0.934,0.750
2889,96.300,3.162,49.578,-295.228,39.138,2,1,1,319.277,1.560,4,0,0.828,4,145.248,3814.350,0.867,0.348,2.013,0.721,0.087,2.024,0.190,0.810,0.884,0.750
2892,96.400,5.000,15.652,1.838,-33.926,2,1,1,320.250,1.272,4,0,0.828,4,153.447,3883.504,0.867,0.339,1.953,0.766,0.170,1.570,0.179,0.821,0.716,0.750
2895,96.500,1.414,4.472,-3.586,-11.180,2,1,1,317.456,1.593,4,0,0.862,3,138.842,4458.029,0.867,0.339,1.377,0.786,0.355,0.985,0.149,0.851,0.593,0.750
2898,96.600,10.198,10.050,8.784,5.578,2,1,1,310.060,1.845,4,0,0.862,4,148.071,4563.057,0.867,0.399,3.960,0.880,0.508,0.504,0.229,0.771,0.728,0.750
2901,96.700,3.162,23.087,-7.036,13.037,2,1,1,311.708,1.878,4,0,0.862,4,150.097,4910.368,0.867,0.389,2.618,0.892,0.491,0.134,0.202,0.798,0.765,0.750
2904,96.800,16.125,7.211,12.962,-15.876,2,1,1,307.405,2.152,4,0,0.897,4,120.673,3954.824,0.867,0.389,2.766,0.540,0.591,1.724,0.178,0.822,0.755,0.670
2907,96.900,16.401,2.000,0.277,-5.211,2,1,1,301.505,1.855,4,0,0.897,4,0.000,3655.190,0.867,0.379,3.783,0.599,0.902,0.511,0.229,0.771,0.778,0.580
2910,97.000,0.000,23.022,0.000,21.022,1,0,1,0.000,1.568,4,0,0.897,2,45.891,3220.275,0.867,0.379,1.972,0.648,0.843,1.209,0.152,0.848,0.626,0.650
2913,97.100,0.000,7.280,0.000,-15.742,1,0,1,0.000,1.343,4,0,0.897,2,21.213,2725.100,0.867,0.389,2.573,0.709,1.008,1.926,0.198,0.802,0.549,0.580
2916,97.200,0.000,6.403,0.000,-0.877,1,0,1,0.000,1.569,4,0,0.897,2,21.401,2756.488,0.867,0.389,4.147,0.739,1.293,0.382,0.232,0.768,0.581,0.580
2919,97.300,0.000,19.209,0.000,12.806,1,0,1,0.000,1.650,4,0,0.897,2,15.620,2363.954,0.900,0.389,3.260,0.673,1.426,1.866,0.209,0.791,0.639,0.700
2922,97.400,53.759,2.236,37.358,-16.973,2,1,1,287.077,1.722,4,0,0.931,4,41.785,2747.727,0.933,0.389,2.740,0.550,1.498,2.374,0.189,0.811,0.922,0.700
2925,97.500,68.007,9.849,14.249,7.613,2,1,1,340.442,1.704,4,0,0.931,4,144.941,2083.614,0.967,0.389,2.145,0.616,1.552,0.556,0.164,0.836,0.906,0.750
2928,97.600,0.000,329.706,0.000,319.806,2,0,1,329.706,1.485,4,0,0.931,4,44.011,2480.969,1.000,0.389,2.371,0.820,1.725,2.670,0.174,0.826,0.902,0.700
2931,97.700,0.000,345.615,0.000,15.909,1,0,1,0.000,1.489,4,0,0.966,2,44.011,2480.969,1.000,0.389,2.219,0.839,1.601,1.084,0.186,0.814,0.757,0.700
2934,97.800,0.000,13.928,0.000,-331.687,1,0,1,0.000,1.803,4,0,0.966,1,161.604,2542.184,1.000,0.399,1.675,0.768,1.401,1.283,0.138,0.862,0.531,0.750
2937,97.900,37.643,9.220,-30.364,-4.709,2,1,1,346.539,1.849,4,0,0.966,3,95.131,2567.050,1.000,0.399,1.077,0.676,1.178,1.381,0.122,0.878,0.794,0.650
2940,98.000,18.439,8.062,-19.204,-1.157,2,1,1,355.578,1.757,4,0,1.000,3,141.014,3052.185,1.000,0.399,1.242,0.646,1.013,0.090,0.143,0.857,0.693,0.750
2943,98.100,3.162,3.606,-15.277,-4.457,2,1,1,351.125,1.543,4,0,1.000,3,100.648,3151.950,1.000,0.408,1.102,0.770,0.887,1.476,0.149,0.851,0.599,0.580
2946,98.200,4.243,0.000,1.080,0.000,1,1,0,0.000,1.352,4,0,1.000,2,0.000,2986.177,1.000,0.408,1.935,0.871,1.046,0.158,0.195,0.805,0.521,0.650
2949,98.300,369.947,0.000,363.544,0.000,2,1,0,369.947,1.705,4,0,1.000,4,102.616,2692.787,1.000,0.408,1.752,0.710,1.005,0.544,0.181,0.819,0.894,0.650
2952,98.400,330.606,0.000,-41.204,0.000,2,1,0,330.606,2.210,5,1,0.966,4,0.000,2421.645,1.000,0.408,1.624,0.659,0.926,0.380,0.166,0.834,0.858,0.750
2955,98.500,326.451,41.593,-4.155,37.988,2,1,1,324.261,2.363,5,0,0.966,3,127.624,2304.729,1.000,0.408,1.430,0.823,0.993,0.254,0.167,0.833,0.806,0.709
2958,98.600,3.606,16.125,-322.845,-25.469,2,1,1,334.105,2.641,5,0,0.966,4,72.250,2506.649,1.000,0.408,1.362,0.899,0.877,0.344,0.161,0.839,0.675,0.580
2961,98.700,1.414,2.236,-2.191,-13.888,2,1,1,331.405,2.629,4,1,0.931,3,31.575,1828.997,1.000,0.408,1.012,0.731,0.870,0.176,0.133,0.867,0.592,0.750
2964,98.800,3.606,0.000,2.191,0.000,1,1,0,0.000,2.858,4,0,0.931,1,70.178,1747.569,1.000,0.417,1.009,0.726,1.019,0.045,0.140,0.860,0.459,0.650
2967,98.900,2.828,0.000,-0.777,0.000,1,1,0,0.000,2.848,4,0,0.931,2,0.000,1736.404,1.000,0.426,1.533,0.706,1.103,0.053,0.176,0.824,0.515,0.580
2970,99.000,0.000,328.299,0.000,326.063,1,0,1,0.000,1.607,3,1,0.897,1,1.414,1733.478,1.000,0.426,1.132,0.774,1.142,0.285,0.149,0.851,0.704,0.750
2973,99.100,3.606,0.000,0.777,0.000,1,1,0,0.000,2.691,3,0,0.897,1,38.949,1809.904,1.000,0.435,1.410,0.955,1.604,0.885,0.170,0.830,0.468,0.700
2976,99.200,2.828,0.000,-0.777,0.000,1,1,0,0.000,2.521,4,1,0.862,2,72.173,2020.975,1.000,0.444,0.689,0.760,1.640,0.051,0.078,0.922,0.490,0.750
2979,99.300,2.236,0.000,-0.592,0.000,1,1,0,0.000,2.174,4,0,0.862,1,6.403,2066.129,1.000,0.444,0.705,0.598,1.702,0.270,0.090,0.910,0.453,0.700
2982,99.400,4.243,0.000,2.007,0.000,1,1,0,0.000,2.134,4,0,0.862,2,0.000,2001.707,1.000,0.444,0.997,0.413,1.706,0.056,0.103,0.897,0.530,0.700
2985,99.500,5.000,0.000,0.757,0.000,1,1,0,0.000,1.760,4,0,0.862,2,4.123,1929.975,1.000,0.444,0.675,0.533,1.498,0.542,0.073,0.927,0.517,0.700
2988,99.600,0.000,0.000,-5.000,0.000,1,1,0,0.000,1.815,4,0,0.862,2,4.123,1933.354,1.000,0.444,0.709,0.417,1.509,0.311,0.088,0.912,0.499,0.700
2991,99.700,5.099,0.000,5.099,0.000,1,1,0,0.000,1.627,4,0,0.862,1,2.828,1147.925,1.000,0.453,0.766,0.378,1.343,0.542,0.093,0.907,0.486,0.580
2994,99.800,3.162,0.000,-1.937,0.000,1,1,0,0.000,1.574,3,1,0.828,1,2.000,1057.509,1.000,0.453,1.252,0.824,1.373,0.173,0.141,0.859,0.471,0.750
2997,99.900,33.015,0.000,29.853,0.000,1,1,0,0.000,1.435,4,1,0.793,2,0.000,837.224,1.000,0.462,4.108,0.586,1.330,0.529,0.232,0.768,0.755,0.750
3000,100.000,0.000,0.000,0.000,0.000,0,0,0,0.000,0.000,4,0,0.793,0,0.000,837.224,0.967,0.462,4.367,0.529,1.087,0.044,0.213,0.787,0.358,0.650
3003,100.100,279.045,0.000,246.030,0.000,1,1,0,0.000,1.507,4,0,0.793,3,62.370,817.734,0.967,0.454,4.331,0.650,0.780,2.622,0.194,0.806,0.864,0.650
3006,100.200,31.048,0.000,-247.996,0.000,1,1,0,0.000,1.669,3,1,0.759,2,48.836,677.384,0.967,0.463,5.365,0.651,0.435,0.471,0.214,0.786,0.697,0.750
3009,100.300,0.000,312.541,0.000,-15.757,1,0,1,0.000,1.603,3,0,0.759,2,0.000,919.149,0.967,0.463,4.036,0.460,0.222,1.800,0.151,0.849,0.755,0.550
3012,100.400,0.000,66.940,0.000,-245.601,1,0,1,0.000,1.437,3,0,0.759,2,0.000,1248.694,0.967,0.471,4.067,0.267,0.939,0.561,0.150,0.850,0.769,0.450
3015,100.500,0.000,27.785,0.000,-39.155,1,0,1,0.000,1.172,5,1,0.724,4,0.000,1348.834,0.967,0.454,3.082,0.274,1.705,0.010,0.164,0.836,0.772,0.750
3018,100.600,0.000,17.263,0.000,-10.522,1,0,1,0.000,1.512,5,0,0.724,4,0.000,1472.177,0.967,0.454,3.378,0.671,2.247,1.635,0.196,0.804,0.693,0.700
3021,100.700,0.000,6.325,0.000,-10.938,1,0,1,0.000,1.429,5,0,0.724,4,0.000,1584.638,0.967,0.454,3.038,0.760,3.271,0.851,0.164,0.836,0.618,0.700
3024,100.800,0.000,10.630,0.000,4.306,1,0,1,0.000,1.293,4,1,0.690,3,0.000,1589.319,0.967,0.446,4.856,0.783,4.283,2.140,0.216,0.784,0.677,0.750
3027,100.900,0.000,1.414,0.000,-9.216,1,0,1,0.000,0.982,4,0,0.690,3,0.000,1552.099,0.967,0.454,3.617,0.559,5.007,2.822,0.192,0.808,0.610,0.700
3030,101.000,0.000,2.236,0.000,0.822,1,0,1,0.000,1.333,4,0,0.690,3,0.000,1311.899,0.967,0.454,2.336,0.570,5.471,0.527,0.168,0.832,0.582,0.700
3033,101.100,0.000,5.099,0.000,2.863,1,0,1,0.000,1.263,5,1,0.655,4,84.723,1081.099,0.967,0.454,2.169,0.121,5.437,0.718,0.168,0.832,0.634,0.750
3036,101.200,0.000,5.385,0.000,0.286,1,0,1,0.000,1.181,5,0,0.655,4,85.094,751.364,0.967,0.454,2.032,0.727,5.466,0.406,0.140,0.860,0.590,0.700
3039,101.300,0.000,8.602,0.000,3.217,1,0,1,0.000,1.175,5,0,0.690,4,0.000,632.089,0.967,0.446,1.474,0.594,6.510,2.418,0.142,0.858,0.603,0.700
3042,101.400,269.229,5.000,238.180,-3.602,2,1,1,280.578,1.583,5,0,0.690,6,120.441,1295.017,0.967,0.419,1.377,0.471,7.448,0.549,0.087,0.913,0.897,0.700
3045,101.500,30.232,2.828,-238.996,-2.172,2,1,1,301.798,1.643,5,0,0.690,6,0.000,1300.138,0.967,0.391,1.999,0.666,2.512,0.741,0.125,0.875,0.817,0.700
3048,101.600,45.011,5.000,14.779,2.172,2,1,1,301.000,1.775,5,0,0.724,6,76.059,1303.668,0.967,0.369,2.092,0.370,1.504,1.590,0.080,0.920,0.922,0.700
3051,101.700,15.033,5.657,-29.978,0.657,2,1,1,304.593,1.558,5,0,0.724,6,70.491,1244.147,0.967,0.358,1.772,0.261,1.009,0.705,0.110,0.890,0.756,0.580
3054,101.800,28.653,6.708,13.620,1.051,2,1,1,289.505,1.534,5,0,0.724,6,79.202,1203.004,0.967,0.347,1.632,0.360,0.508,0.024,0.107,0.893,0.821,0.350
3057,101.900,15.133,4.472,-13.520,-2.236,2,1,1,276.904,1.648,5,0,0.759,6,74.007,1220.704,0.967,0.336,1.054,0.377,0.273,2.669,0.099,0.901,0.730,0.580
3060,102.000,11.180,3.000,-3.952,-1.472,2,1,1,279.689,1.714,5,0,0.759,6,35.468,828.434,0.967,0.324,1.489,0.238,0.050,2.158,0.109,0.891,0.729,0.580
3063,102.100,12.649,55.606,1.469,52.606,2,1,1,340.767,1.766,5,0,0.793,6,60.877,967.799,0.967,0.311,2.238,0.697,0.088,0.290,0.136,0.864,0.903,0.450
3066,102.200,9.849,0.000,-2.800,0.000,1,1,0,0.000,1.424,5,0,0.793,2,8.544,987.319,0.967,0.324,2.495,0.851,0.210,0.206,0.165,0.835,0.545,0.650
3069,102.300,6.083,0.000,-3.766,0.000,1,1,0,0.000,1.681,4,1,0.759,2,46.141,952.619,0.967,0.324,3.085,0.823,0.338,0.131,0.175,0.825,0.559,0.750
3072,102.400,3.162,0.000,-2.920,0.000,1,1,0,0.000,1.733,4,0,0.759,2,5.831,893.695,0.967,0.336,1.334,0.253,0.586,0.505,0.104,0.896,0.539,0.580
3075,102.500,22.561,0.000,19.399,0.000,1,1,0,0.000,1.912,4,0,0.759,2,73.553,865.724,0.967,0.336,3.708,0.390,0.834,1.369,0.151,0.849,0.697,0.550
3078,102.600,30.017,0.000,7.456,0.000,1,1,0,0.000,1.888,5,1,0.724,2,123.746,976.387,0.967,0.347,1.987,0.565,0.926,1.315,0.135,0.865,0.665,0.750
3081,102.700,3.162,0.000,-26.854,0.000,1,1,0,0.000,1.891,5,0,0.759,2,56.604,958.697,0.967,0.347,2.545,0.844,1.116,0.690,0.183,0.817,0.510,0.580
3084,102.800,40.249,0.000,37.087,0.000,1,1,0,0.000,2.076,5,0,0.793,2,125.515,1289.824,0.967,0.358,2.395,0.639,1.307,1.000,0.132,0.868,0.727,0.697
3087,102.900,51.865,0.000,11.616,0.000,1,1,0,0.000,1.916,4,1,0.759,2,38.275,1242.590,0.967,0.369,1.296,0.349,1.298,0.195,0.101,0.899,0.764,0.750
3090,103.000,79.057,0.000,27.192,0.000,1,1,0,0.000,1.537,4,0,0.759,2,26.000,1508.094,1.000,0.369,2.337,0.532,1.035,2.973,0.158,0.842,0.781,0.550
3093,103.100,55.660,0.000,-23.397,0.000,1,1,0,0.000,1.335,4,0,0.793,2,58.078,1647.037,1.000,0.379,2.352,0.814,0.879,2.161,0.159,0.841,0.762,0.550
3096,103.200,66.068,0.000,10.408,0.000,1,1,0,0.000,1.111,4,0,0.793,2,81.025,1917.034,1.000,0.389,2.824,0.703,0.750,0.208,0.179,0.821,0.781,0.350
3099,103.300,56.921,0.000,-9.147,0.000,1,1,0,0.000,0.973,4,0,0.793,2,86.145,2034.069,1.000,0.389,3.037,0.533,0.558,1.122,0.136,0.864,0.799,0.350
3102,103.400,0.000,376.368,0.000,320.762,1,0,1,0.000,1.964,4,0,0.828,2,15.811,1986.154,1.000,0.399,2.397,0.655,0.318,1.347,0.164,0.836,0.774,0.550
3105,103.500,0.000,4.243,0.000,-372.126,1,0,1,0.000,1.999,5,1,0.793,2,4.123,1931.825,1.000,0.408,1.937,0.906,0.027,0.581,0.170,0.830,0.501,0.750
3108,103.600,37.162,0.000,-19.759,0.000,1,1,0,0.000,1.229,5,0,0.793,2,27.659,1801.130,1.000,0.408,2.367,0.764,0.111,0.205,0.157,0.843,0.704,0.500
3111,103.700,71.169,0.000,34.007,0.000,1,1,0,0.000,1.091,5,0,0.828,2,0.000,1353.277,1.000,0.417,3.546,0.785,0.206,0.022,0.189,0.811,0.776,0.450
3114,103.800,80.112,0.000,8.944,0.000,1,1,0,0.000,0.897,5,1,0.793,2,97.944,1464.194,1.000,0.426,3.760,0.811,0.326,0.076,0.188,0.812,0.779,0.750
3117,103.900,39.699,457.832,-40.414,453.589,2,1,1,414.316,1.849,5,0,0.793,6,0.000,6232.218,1.000,0.426,3.189,0.588,0.722,0.589,0.157,0.843,0.939,0.650
3120,104.000,28.160,59.000,-11.539,-398.832,2,1,1,427.200,1.865,5,0,0.828,6,207.548,8795.788,1.000,0.426,2.825,0.280,1.443,0.124,0.127,0.873,0.951,0.750
3123,104.100,412.443,0.000,404.632,0.000,2,1,0,412.443,1.210,4,1,0.793,4,0.000,8096.669,1.000,0.426,1.968,0.565,0.870,0.371,0.136,0.864,0.910,0.750
3126,104.200,414.270,99.905,1.828,40.905,2,1,1,396.693,1.603,4,0,0.793,4,36.056,7339.065,1.000,0.426,4.338,0.709,0.889,1.518,0.188,0.812,0.959,0.550
3129,104.300,307.483,0.000,221.775,0.000,2,1,0,307.483,1.658,4,0,0.793,4,120.000,7600.969,1.000,0.435,3.473,0.360,0.994,2.544,0.157,0.843,0.962,0.667
3132,104.400,295.855,47.802,-11.629,-52.103,2,1,1,317.956,1.837,3,1,0.759,4,130.062,7364.594,1.000,0.426,3.958,0.744,1.024,1.512,0.211,0.789,0.847,0.750
3135,104.500,27.166,25.080,-268.689,-22.722,2,1,1,345.162,1.993,3,0,0.759,4,140.428,8024.804,1.000,0.417,3.837,0.802,1.282,0.065,0.187,0.813,0.741,0.750
3138,104.600,17.088,0.000,-10.078,0.000,1,1,0,0.000,1.931,3,0,0.759,2,76.420,6939.907,1.000,0.417,2.993,0.899,1.390,0.088,0.150,0.850,0.547,0.650
3141,104.700,19.416,49.578,2.328,24.498,2,1,1,369.986,1.861,4,1,0.724,4,38.053,5511.544,1.000,0.408,3.228,0.883,1.421,0.304,0.188,0.812,0.919,0.750
3144,104.800,19.105,5.831,-0.312,-43.747,2,1,1,351.979,1.634,4,0,0.724,4,158.202,3019.034,1.000,0.399,3.193,0.532,1.330,1.467,0.184,0.816,0.799,0.750
3147,104.900,378.451,0.000,366.285,0.000,2,1,0,378.451,1.300,4,0,0.724,3,206.642,3036.695,1.000,0.399,3.569,0.379,1.189,0.401,0.190,0.810,0.918,0.750
3150,105.000,408.187,0.000,29.737,0.000,1,1,0,0.000,1.525,4,0,0.724,2,83.815,2875.119,1.000,0.399,3.073,0.452,1.317,2.881,0.170,0.830,0.805,0.650
3153,105.100,31.780,0.000,-376.407,0.000,1,1,0,0.000,1.224,4,0,0.724,2,60.605,2274.775,1.000,0.399,2.698,0.588,1.461,0.009,0.153,0.847,0.713,0.700
3156,105.200,11.705,185.068,-20.076,179.237,2,1,1,484.879,1.198,4,0,0.759,5,139.216,4633.567,1.000,0.379,2.721,0.466,1.487,0.109,0.120,0.880,0.935,0.750
3159,105.300,11.705,88.955,0.000,-96.113,2,1,1,399.362,1.409,4,1,0.724,5,73.437,4580.344,1.000,0.369,2.225,0.807,1.160,1.089,0.155,0.845,0.899,0.750
3162,105.400,18.868,26.173,7.163,-62.783,2,1,1,376.889,1.208,4,0,0.724,5,0.000,4672.825,1.000,0.369,5.045,0.914,0.864,0.067,0.201,0.799,0.858,0.580
3165,105.500,14.142,17.464,-4.726,-8.708,2,1,1,384.401,1.209,4,0,0.759,5,0.000,4504.699,1.000,0.369,4.037,0.914,0.937,0.056,0.193,0.807,0.784,0.580
3168,105.600,6.000,9.849,-8.142,-7.615,2,1,1,384.969,1.193,3,1,0.724,4,0.000,3906.999,1.000,0.369,3.485,0.924,1.255,0.067,0.181,0.819,0.627,0.750
3171,105.700,3.606,8.062,-2.394,-1.787,2,1,1,373.568,1.083,3,0,0.724,4,58.412,2301.069,1.000,0.369,2.015,0.879,1.418,0.242,0.142,0.858,0.584,0.700
3174,105.800,2.236,9.000,-1.369,0.938,2,1,1,368.756,1.021,3,0,0.759,4,45.255,1872.964,1.000,0.369,1.683,0.883,0.793,0.075,0.128,0.872,0.580,0.580
3177,105.900,3.162,15.033,0.926,6.033,2,1,1,380.433,1.061,6,1,0.724,6,33.541,1785.720,1.000,0.369,1.302,0.463,0.527,0.602,0.146,0.854,0.734,0.750
3180,106.000,20.518,13.928,17.356,-1.105,2,1,1,391.747,1.078,6,0,0.724,6,23.770,1976.044,1.000,0.358,1.363,0.435,0.074,2.988,0.079,0.921,0.768,0.580
3183,106.100,24.698,21.471,4.180,7.543,2,1,1,407.942,0.820,6,0,0.724,6,27.203,2703.804,1.000,0.347,2.438,0.641,0.291,0.199,0.124,0.876,0.803,0.580
3186,106.200,41.231,25.495,16.533,4.024,2,1,1,433.955,0.809,3,1,0.690,4,186.893,3137.260,1.000,0.347,3.238,0.496,0.414,0.205,0.098,0.902,0.825,0.750
3189,106.300,0.000,426.657,0.000,18.950,2,0,1,426.657,1.381,3,0,0.690,4,0.000,3678.010,1.000,0.336,2.414,0.406,0.454,0.798,0.136,0.864,0.832,0.500
3192,106.400,104.995,0.000,63.764,0.000,1,1,0,0.000,0.905,3,0,0.724,2,0.000,3632.995,1.000,0.336,4.296,0.535,0.543,0.331,0.155,0.845,0.760,0.650
3195,106.500,0.000,0.000,0.000,0.000,0,0,0,0.000,0.000,3,0,0.724,0,0.000,3632.995,0.967,0.336,4.669,0.801,0.604,2.412,0.199,0.801,0.247,0.650
3198,106.600,0.000,321.297,0.000,-105.359,1,0,1,0.000,1.481,3,0,0.724,2,0.000,3557.217,0.967,0.339,3.622,0.730,0.643,0.469,0.189,0.811,0.725,0.650
3201,106.700,0.000,16.279,0.000,-305.019,1,0,1,0.000,1.467,3,0,0.759,2,9.220,3490.225,0.967,0.350,2.552,0.731,0.606,3.057,0.192,0.808,0.539,0.580
3204,106.800,0.000,8.246,0.000,-8.033,1,0,1,0.000,1.538,3,0,0.759,2,129.808,3394.889,0.967,0.350,1.774,0.683,0.515,2.131,0.152,0.848,0.478,0.721
3207,106.900,31.385,292.554,-73.611,284.308,2,1,1,311.849,1.703,3,0,0.759,4,118.849,3440.799,0.967,0.350,2.249,0.695,0.366,0.257,0.162,0.838,0.804,0.660
3210,107.000,0.000,4.472,0.000,-288.082,1,0,1,0.000,2.015,3,0,0.793,2,0.000,3128.298,0.967,0.360,3.043,0.149,0.691,1.899,0.121,0.879,0.526,0.650
3213,107.100,0.000,19.235,0.000,14.763,1,0,1,0.000,2.170,3,0,0.793,2,55.036,1964.644,0.967,0.371,3.027,0.246,0.868,1.010,0.139,0.861,0.601,0.580
3216,107.200,0.000,9.434,0.000,-9.801,1,0,1,0.000,2.144,3,0,0.793,2,48.052,1776.319,0.967,0.371,3.950,0.739,1.175,2.506,0.160,0.840,0.535,0.580
3219,107.300,0.000,22.204,0.000,12.770,1,0,1,0.000,1.766,3,0,0.828,2,42.012,1194.159,0.967,0.381,2.476,0.827,0.719,0.329,0.142,0.858,0.563,0.580
3222,107.400,0.000,9.849,0.000,-12.355,1,0,1,0.000,1.457,3,0,0.828,2,0.000,1023.249,0.967,0.381,2.889,0.602,0.426,2.286,0.161,0.839,0.521,0.580
3225,107.500,0.000,29.206,0.000,19.357,1,0,1,0.000,1.737,3,0,0.828,2,49.031,1081.569,0.967,0.391,3.541,0.503,0.079,0.066,0.151,0.849,0.652,0.580
3228,107.600,0.000,7.810,0.000,-21.396,1,0,1,0.000,1.482,3,0,0.862,2,192.354,2291.209,0.967,0.391,3.053,0.484,0.240,0.016,0.159,0.841,0.522,0.750
3231,107.700,0.000,11.180,0.000,3.370,1,0,1,0.000,1.408,3,0,0.862,2,0.000,2331.547,0.967,0.400,2.763,0.465,0.318,0.437,0.146,0.854,0.535,0.580
3234,107.800,0.000,10.770,0.000,-0.410,1,0,1,0.000,1.091,3,0,0.862,2,0.000,1739.525,0.967,0.400,2.766,0.538,0.285,0.015,0.145,0.855,0.527,0.580
3237,107.900,0.000,13.038,0.000,2.268,1,0,1,0.000,0.915,3,0,0.862,2,181.334,2506.858,0.967,0.410,1.839,0.487,0.362,0.836,0.125,0.875,0.520,0.750
3240,108.000,0.000,3.606,0.000,-9.433,1,0,1,0.000,0.591,3,0,0.862,2,172.256,2562.484,0.967,0.410,2.057,0.591,0.139,1.656,0.129,0.871,0.466,0.750
3243,108.100,0.000,8.000,0.000,4.394,1,0,1,0.000,0.656,3,0,0.862,2,53.151,2753.430,0.967,0.419,1.922,0.554,0.118,0.264,0.114,0.886,0.490,0.580
3246,108.200,0.000,30.594,0.000,22.594,1,0,1,0.000,0.762,3,0,0.897,2,67.424,2832.649,0.967,0.428,2.692,0.477,0.269,0.180,0.090,0.910,0.640,0.000
3249,108.300,34.132,0.000,2.747,0.000,1,1,0,0.000,0.764,3,0,0.897,2,0.000,3663.327,0.967,0.428,2.853,0.263,0.250,0.387,0.109,0.891,0.679,0.500
3252,108.400,41.231,0.000,7.099,0.000,1,1,0,0.000,0.475,3,0,0.897,2,103.121,4036.349,0.967,0.437,2.657,0.402,0.159,0.431,0.102,0.898,0.703,0.573
3255,108.500,0.000,0.000,0.000,0.000,0,0,0,0.000,0.000,3,0,0.931,0,103.121,4036.349,0.933,0.437,2.556,0.244,0.025,0.520,0.103,0.897,0.229,0.650
3258,108.600,0.000,0.000,0.000,0.000,0,0,0,0.000,0.000,3,0,0.931,0,103.121,4036.349,0.900,0.437,3.020,0.187,0.060,0.289,0.102,0.898,0.240,0.580
3261,108.700,0.000,0.000,0.000,0.000,0,0,0,0.000,0.000,3,0,0.931,0,103.121,4036.349,0.867,0.437,3.026,0.387,0.092,0.279,0.092,0.908,0.223,0.580
3264,108.800,0.000,0.000,0.000,0.000,0,0,0,0.000,0.000,3,0,0.966,0,103.121,4036.349,0.833,0.437,3.391,0.261,0.100,1.271,0.081,0.919,0.237,0.580
3267,108.900,0.000,0.000,0.000,0.000,0,0,0,0.000,0.000,3,0,0.966,0,103.121,4036.349,0.800,0.437,3.183,0.781,0.095,1.794,0.130,0.870,0.191,0.580
3270,109.000,0.000,0.000,0.000,0.000,0,0,0,0.000,0.000,3,0,0.966,0,103.121,4036.349,0.767,0.437,2.785,0.419,0.203,1.193,0.106,0.894,0.202,0.580
3273,109.100,89.644,0.000,48.413,0.000,1,1,0,0.000,0.492,3,0,1.000,2,82.298,4327.194,0.767,0.345,2.154,0.221,0.477,1.044,0.098,0.902,0.700,0.650
3276,109.200,57.697,0.000,-31.946,0.000,1,1,0,0.000,0.713,3,0,1.000,2,77.782,4733.487,0.767,0.345,3.506,0.155,0.621,0.626,0.097,0.903,0.739,0.450
3279,109.300,52.631,0.000,-5.067,0.000,1,1,0,0.000,0.718,3,0,1.000,2,0.000,4959.637,0.767,0.352,4.332,0.045,0.512,0.117,0.108,0.892,0.767,0.000
3282,109.400,0.000,0.000,0.000,0.000,0,0,0,0.000,0.000,3,0,1.000,0,0.000,4959.637,0.733,0.352,3.566,0.251,0.415,0.505,0.125,0.875,0.230,0.650
3285,109.500,0.000,0.000,0.000,0.000,0,0,0,0.000,0.000,4,1,0.966,0,0.000,4959.637,0.733,0.352,3.614,0.373,0.046,0.667,0.113,0.887,0.322,0.750
3288,109.600,0.000,0.000,0.000,0.000,0,0,0,0.000,0.000,4,0,0.966,0,0.000,4959.637,0.700,0.352,4.041,0.209,0.395,0.447,0.101,0.899,0.340,0.580
3291,109.700,0.000,0.000,0.000,0.000,0,0,0,0.000,0.000,4,0,0.966,0,0.000,4959.637,0.667,0.352,3.594,0.359,0.821,0.218,0.149,0.851,0.315,0.580
3294,109.800,0.000,0.000,0.000,0.000,0,0,0,0.000,0.000,3,1,0.931,0,0.000,4959.637,0.633,0.352,2.166,0.599,0.905,2.091,0.163,0.837,0.158,0.750
3297,109.900,0.000,0.000,0.000,0.000,0,0,0,0.000,0.000,3,0,0.931,0,0.000,4959.637,0.600,0.352,2.719,0.630,0.773,0.103,0.169,0.831,0.166,0.580
3300,110.000,0.000,0.000,0.000,0.000,0,0,0,0.000,0.000,3,0,0.931,0,0.000,4959.637,0.567,0.352,4.994,0.561,0.752,0.077,0.205,0.795,0.224,0.580
