frame_idx,timestamp,hand_velocity_left,hand_velocity_right,hand_acceleration_left,hand_acceleration_right,hands_present,grip_state_left,grip_state_right,hand_distance,trajectory_curvature,num_tools,tool_changed,tool_stability,num_interactions,contact_point_shift,contact_point_variance,interaction_density,interaction_rhythm,flow_magnitude,flow_uniformity,flow_discontinuity,direction_change,scene_change_score,visual_stability,activity_level,transition_score
0,0.000,0.000,0.000,0.000,0.000,1,0,0,0.000,0.000,3,0,1.000,2,0.000,0.000,1.000,0.000,0.000,1.000,0.000,0.000,0.000,1.000,0.390,0.000
3,0.100,7.810,0.000,7.810,0.000,1,0,0,0.000,0.000,4,1,0.000,3,105.019,1339.778,1.000,0.366,0.874,0.283,0.000,0.125,0.126,0.874,0.520,0.750
6,0.200,5.099,0.000,-2.711,0.000,1,0,0,0.000,0.000,4,0,0.500,2,2.000,1113.469,1.000,0.414,0.822,0.333,0.000,0.580,0.131,0.869,0.456,0.000
9,0.300,2.000,0.000,-3.099,0.000,1,0,0,0.000,1.768,3,1,0.333,2,1.000,943.200,1.000,0.436,1.012,0.868,0.000,0.148,0.148,0.852,0.436,0.750
12,0.400,1.000,0.000,-1.000,0.000,1,0,0,0.000,0.884,3,0,0.500,2,1.000,812.361,1.000,0.449,0.862,0.903,0.000,0.390,0.141,0.859,0.424,0.000
15,0.500,1.414,0.000,0.414,0.000,1,0,0,0.000,1.375,3,0,0.600,2,2.236,714.367,1.000,0.458,0.809,0.928,0.000,0.057,0.136,0.864,0.423,0.350
18,0.600,0.000,0.000,-1.414,0.000,1,1,0,0.000,1.375,3,0,0.667,2,1.414,638.688,1.000,0.464,0.912,0.949,0.000,0.009,0.148,0.852,0.496,0.550
21,0.700,1.414,0.000,1.414,0.000,1,1,0,0.000,1.375,3,0,0.714,2,1.000,577.309,1.000,0.469,0.689,0.863,0.000,0.174,0.116,0.884,0.505,0.350
24,0.800,1.000,0.000,-0.414,0.000,1,1,0,0.000,1.620,3,0,0.750,2,1.000,525.425,1.000,0.472,0.809,0.954,0.000,0.185,0.157,0.843,0.499,0.350
27,0.900,1.414,0.000,0.414,0.000,1,1,0,0.000,1.767,4,0,0.778,2,1.000,482.884,1.000,0.475,0.438,0.859,0.000,0.613,0.071,0.929,0.469,0.350
30,1.000,0.000,0.000,-1.414,0.000,1,1,0,0.000,1.767,4,0,0.800,2,2.236,445.806,1.000,0.477,0.611,0.524,0.000,2.199,0.117,0.883,0.489,0.550
33,1.100,2.236,0.000,2.236,0.000,1,1,0,0.000,1.767,4,0,0.818,2,1.000,414.609,1.000,0.479,0.623,0.681,0.000,1.199,0.108,0.892,0.490,0.350
36,1.200,1.000,0.000,-1.236,0.000,1,1,0,0.000,2.044,4,0,0.833,2,1.414,388.117,1.000,0.481,0.884,0.687,0.000,1.015,0.169,0.831,0.490,0.350
39,1.300,4.123,0.000,3.123,0.000,1,1,0,0.000,1.786,4,0,0.846,2,2.236,365.631,1.000,0.482,1.319,0.934,0.000,1.435,0.176,0.824,0.500,0.550
42,1.400,2.236,0.000,-1.887,0.000,1,1,0,0.000,1.602,4,0,0.857,2,1.000,346.131,1.000,0.483,0.962,0.915,0.000,0.076,0.137,0.863,0.482,0.350
45,1.500,1.414,0.000,-0.822,0.000,1,1,0,0.000,1.650,3,0,0.867,2,1.000,328.737,1.000,0.484,0.738,0.720,0.000,2.090,0.121,0.879,0.516,0.550
48,1.600,3.162,0.000,1.748,0.000,1,1,0,0.000,1.596,4,1,0.812,3,2.236,312.244,1.000,0.479,2.341,0.964,0.000,0.763,0.222,0.778,0.564,0.750
51,1.700,24.187,0.000,21.024,0.000,1,1,0,0.000,1.391,4,0,0.824,3,19.849,311.853,1.000,0.474,3.548,0.805,0.000,1.481,0.215,0.785,0.722,0.550
54,1.800,0.000,0.000,0.000,0.000,0,0,0,0.000,0.000,6,1,0.778,0,19.849,311.853,0.947,0.474,3.107,0.587,0.000,1.501,0.223,0.777,0.320,0.750
57,1.900,0.000,0.000,0.000,0.000,0,0,0,0.000,0.000,6,0,0.789,0,19.849,311.853,0.900,0.474,3.242,0.821,0.000,0.263,0.193,0.807,0.302,0.000
60,2.000,0.000,0.000,0.000,0.000,0,0,0,0.000,0.000,6,0,0.800,0,19.849,311.853,0.857,0.474,2.450,0.980,0.000,3.094,0.207,0.793,0.266,0.550
63,2.100,0.000,0.000,0.000,0.000,0,0,0,0.000,0.000,3,1,0.762,0,19.849,311.853,0.818,0.474,1.060,0.939,0.000,0.035,0.137,0.863,0.229,0.750
66,2.200,0.000,0.000,0.000,0.000,0,0,0,0.000,0.000,4,1,0.727,0,19.849,311.853,0.783,0.474,0.808,0.341,0.000,1.765,0.111,0.889,0.260,0.750
69,2.300,0.000,0.000,0.000,0.000,0,0,0,0.000,0.000,4,0,0.739,0,19.849,311.853,0.750,0.474,0.676,0.839,0.000,1.237,0.105,0.895,0.218,0.000
72,2.400,0.000,0.000,0.000,0.000,0,0,0,0.000,0.000,3,1,0.708,0,19.849,311.853,0.720,0.474,0.752,0.665,0.000,1.766,0.146,0.854,0.229,0.750
75,2.500,0.000,0.000,0.000,0.000,0,0,0,0.000,0.000,3,0,0.720,0,19.849,311.853,0.692,0.474,0.430,0.416,0.000,0.092,0.080,0.920,0.235,0.000
78,2.600,0.000,0.000,0.000,0.000,0,0,0,0.000,0.000,4,1,0.692,0,19.849,311.853,0.667,0.474,0.643,0.809,0.000,0.232,0.102,0.898,0.209,0.750
81,2.700,0.000,0.000,0.000,0.000,0,0,0,0.000,0.000,4,1,0.667,0,19.849,311.853,0.643,0.474,0.831,0.923,0.000,0.184,0.145,0.855,0.203,0.750
84,2.800,0.000,0.000,0.000,0.000,0,0,0,0.000,0.000,4,0,0.679,0,19.849,311.853,0.621,0.474,0.816,0.844,0.000,0.335,0.161,0.839,0.206,0.000
87,2.900,0.000,0.000,0.000,0.000,0,0,0,0.000,0.000,4,0,0.690,0,19.849,311.853,0.600,0.474,0.742,0.866,0.000,0.751,0.156,0.844,0.200,0.000
90,3.000,0.000,0.000,0.000,0.000,0,0,0,0.000,0.000,5,0,0.724,0,19.849,311.853,0.567,0.474,0.658,0.908,0.000,0.687,0.122,0.878,0.191,0.000
93,3.100,0.000,0.000,0.000,0.000,0,0,0,0.000,0.000,6,1,0.690,0,19.849,311.853,0.533,0.474,0.496,0.611,3.313,0.774,0.081,0.919,0.204,0.750
96,3.200,0.000,0.000,0.000,0.000,0,0,0,0.000,0.000,5,1,0.690,0,19.849,311.853,0.500,0.474,0.509,0.740,1.004,2.228,0.091,0.909,0.191,0.750
99,3.300,0.000,0.000,0.000,0.000,0,0,0,0.000,0.000,5,1,0.655,0,19.849,311.853,0.467,0.474,0.723,0.933,0.057,2.133,0.118,0.882,0.179,0.750
102,3.400,0.000,0.000,0.000,0.000,0,0,0,0.000,0.000,4,1,0.621,0,19.849,311.853,0.433,0.474,0.538,0.329,0.275,0.208,0.094,0.906,0.212,0.750
105,3.500,0.000,0.000,0.000,0.000,0,0,0,0.000,0.000,4,0,0.621,0,19.849,311.853,0.400,0.474,0.370,0.228,0.569,1.098,0.075,0.925,0.211,0.000
108,3.600,0.000,0.000,0.000,0.000,0,0,0,0.000,0.000,4,0,0.621,0,19.849,311.853,0.367,0.474,0.279,0.462,0.793,0.240,0.059,0.941,0.189,0.000
111,3.700,0.000,0.000,0.000,0.000,0,0,0,0.000,0.000,4,0,0.621,0,19.849,311.853,0.333,0.474,0.567,0.797,0.856,0.508,0.099,0.901,0.168,0.000
114,3.800,0.000,0.000,0.000,0.000,0,0,0,0.000,0.000,5,1,0.586,0,19.849,311.853,0.300,0.474,1.582,0.607,0.883,0.346,0.132,0.868,0.203,0.750
117,3.900,178.466,0.000,154.279,0.000,1,1,0,0.000,1.314,5,0,0.586,4,19.849,311.853,0.300,0.218,1.473,0.803,0.812,2.048,0.143,0.857,0.711,0.650
120,4.000,41.785,0.000,-136.681,0.000,1,1,0,0.000,1.497,5,0,0.586,4,19.849,311.853,0.300,0.214,2.856,0.621,0.801,0.021,0.198,0.802,0.740,0.450
123,4.100,14.560,0.000,-27.225,0.000,1,1,0,0.000,1.370,5,0,0.586,4,19.849,311.853,0.300,0.211,2.442,0.832,0.626,0.069,0.195,0.805,0.564,0.450
126,4.200,2.000,0.000,-12.560,0.000,1,1,0,0.000,1.239,5,0,0.586,4,19.849,311.853,0.300,0.208,2.165,0.917,0.514,0.060,0.193,0.807,0.481,0.580
129,4.300,3.162,0.000,1.162,0.000,1,1,0,0.000,1.172,5,0,0.586,4,19.849,311.853,0.300,0.206,1.223,0.847,0.424,0.147,0.149,0.851,0.469,0.580
132,4.400,9.055,0.000,5.893,0.000,1,1,0,0.000,1.186,5,0,0.586,4,63.789,453.964,0.300,0.205,0.508,0.695,0.362,2.263,0.066,0.934,0.494,0.550
135,4.500,7.071,0.000,-1.984,0.000,1,1,0,0.000,1.016,5,0,0.621,4,63.789,453.964,0.300,0.201,1.309,0.677,0.360,0.863,0.145,0.855,0.505,0.350
138,4.600,28.601,0.000,21.530,0.000,1,1,0,0.000,0.894,5,0,0.621,4,63.789,453.964,0.300,0.197,2.550,0.712,0.313,0.140,0.169,0.831,0.653,0.000
141,4.700,27.893,0.000,-0.708,0.000,1,1,0,0.000,0.835,5,0,0.655,4,63.789,453.964,0.300,0.193,3.919,0.849,0.072,0.051,0.229,0.771,0.673,0.000
144,4.800,23.087,0.000,-4.806,0.000,1,1,0,0.000,0.494,5,0,0.655,4,63.789,453.964,0.333,0.189,4.433,0.868,0.384,0.092,0.246,0.754,0.662,0.000
147,4.900,2.236,0.000,-20.851,0.000,1,1,0,0.000,0.856,5,0,0.655,4,62.514,610.575,0.367,0.185,2.792,0.986,1.002,0.135,0.202,0.798,0.501,0.580
150,5.000,5.000,0.000,2.764,0.000,1,1,0,0.000,0.844,5,0,0.690,4,62.514,610.575,0.400,0.181,1.146,0.930,2.342,0.778,0.155,0.845,0.483,0.700
153,5.100,4.243,0.000,-0.757,0.000,1,1,0,0.000,1.018,4,1,0.690,3,62.514,610.575,0.433,0.181,0.921,0.929,7.350,1.046,0.151,0.849,0.469,0.750
156,5.200,1.414,0.000,-2.828,0.000,1,1,0,0.000,0.767,4,0,0.690,3,62.514,610.575,0.467,0.177,0.652,0.752,8.263,1.090,0.112,0.888,0.463,0.700
159,5.300,2.236,0.000,0.822,0.000,1,1,0,0.000,0.920,4,0,0.724,3,62.514,610.575,0.500,0.177,0.924,0.947,8.797,0.601,0.126,0.874,0.464,0.700
162,5.400,1.414,0.000,-0.822,0.000,1,1,0,0.000,1.138,4,0,0.724,3,62.514,610.575,0.533,0.369,0.515,0.406,4.425,0.593,0.092,0.908,0.491,0.700
165,5.500,6.708,0.000,5.294,0.000,1,1,0,0.000,1.130,4,0,0.759,3,62.514,610.575,0.567,0.379,0.475,0.750,3.321,0.127,0.064,0.936,0.500,0.700
168,5.600,6.083,0.000,-0.625,0.000,1,1,0,0.000,1.241,5,1,0.759,4,62.514,610.575,0.600,0.379,1.553,0.851,1.356,0.443,0.155,0.845,0.529,0.750
171,5.700,8.062,0.000,1.979,0.000,1,1,0,0.000,0.978,4,1,0.724,3,62.514,610.575,0.633,0.379,2.380,0.901,0.919,0.148,0.240,0.760,0.552,0.750
174,5.800,1.000,0.000,-7.062,0.000,1,1,0,0.000,1.087,3,1,0.690,2,62.514,610.575,0.667,0.379,0.911,0.711,0.763,0.242,0.145,0.855,0.479,0.750
177,5.900,3.000,0.000,2.000,0.000,1,1,0,0.000,1.070,3,0,0.690,2,62.514,610.575,0.700,0.389,1.068,0.859,0.705,0.419,0.180,0.820,0.487,0.580
180,6.000,4.123,0.000,1.123,0.000,1,1,0,0.000,1.235,5,1,0.690,4,17.029,504.727,0.733,0.389,1.631,0.896,0.763,0.336,0.206,0.794,0.533,0.750
183,6.100,21.587,0.000,17.464,0.000,1,1,0,0.000,1.000,5,0,0.724,4,17.029,504.727,0.767,0.389,1.874,0.765,0.742,1.158,0.136,0.864,0.649,0.350
186,6.200,0.000,0.000,0.000,0.000,0,0,0,0.000,0.000,5,0,0.759,0,17.029,504.727,0.767,0.389,1.542,0.684,0.480,2.960,0.142,0.858,0.253,0.650
189,6.300,0.000,0.000,0.000,0.000,0,0,0,0.000,0.000,5,0,0.793,0,17.029,504.727,0.767,0.389,1.375,0.765,0.020,2.164,0.154,0.846,0.243,0.580
192,6.400,0.000,0.000,0.000,0.000,0,0,0,0.000,0.000,5,0,0.793,0,17.029,504.727,0.767,0.389,1.262,0.895,0.344,0.999,0.193,0.807,0.231,0.580
195,6.500,0.000,0.000,0.000,0.000,0,0,0,0.000,0.000,5,0,0.793,0,17.029,504.727,0.767,0.389,1.220,0.920,0.554,0.241,0.191,0.809,0.228,0.580
198,6.600,0.000,0.000,0.000,0.000,0,0,0,0.000,0.000,4,1,0.759,0,17.029,504.727,0.767,0.389,0.875,0.872,0.617,0.454,0.151,0.849,0.223,0.750
201,6.700,0.000,0.000,0.000,0.000,0,0,0,0.000,0.000,4,0,0.793,0,17.029,504.727,0.767,0.389,0.894,0.880,0.685,1.398,0.132,0.868,0.223,0.580
204,6.800,0.000,0.000,0.000,0.000,0,0,0,0.000,0.000,4,0,0.793,0,17.029,504.727,0.767,0.389,0.433,0.533,0.680,1.339,0.073,0.927,0.236,0.580
207,6.900,0.000,0.000,0.000,0.000,0,0,0,0.000,0.000,4,1,0.759,0,17.029,504.727,0.733,0.389,0.434,0.662,0.654,1.154,0.079,0.921,0.223,0.750
210,7.000,0.000,0.000,0.000,0.000,0,0,0,0.000,0.000,5,1,0.724,0,17.029,504.727,0.700,0.389,0.574,0.417,0.578,0.271,0.095,0.905,0.239,0.750
213,7.100,0.000,0.000,0.000,0.000,0,0,0,0.000,0.000,4,1,0.690,0,17.029,504.727,0.667,0.389,0.470,0.489,0.434,0.529,0.076,0.924,0.227,0.750
216,7.200,0.000,0.000,0.000,0.000,0,0,0,0.000,0.000,4,0,0.690,0,17.029,504.727,0.633,0.389,0.456,0.393,0.450,1.114,0.092,0.908,0.230,0.580
219,7.300,0.000,0.000,0.000,0.000,0,0,0,0.000,0.000,4,0,0.690,0,17.029,504.727,0.600,0.389,0.626,0.576,0.565,0.008,0.119,0.881,0.217,0.580
222,7.400,0.000,0.000,0.000,0.000,0,0,0,0.000,0.000,4,0,0.690,0,17.029,504.727,0.567,0.389,0.326,0.714,0.558,1.493,0.060,0.940,0.196,0.580
225,7.500,0.000,0.000,0.000,0.000,0,0,0,0.000,0.000,3,1,0.655,0,17.029,504.727,0.533,0.389,0.519,0.734,0.644,2.484,0.095,0.905,0.196,0.750
228,7.600,0.000,0.000,0.000,0.000,0,0,0,0.000,0.000,3,0,0.655,0,17.029,504.727,0.500,0.389,0.231,0.497,0.726,0.033,0.043,0.957,0.201,0.580
231,7.700,0.000,0.000,0.000,0.000,0,0,0,0.000,0.000,3,0,0.655,0,17.029,504.727,0.467,0.389,0.096,0.633,0.793,3.028,0.020,0.980,0.184,0.580
234,7.800,0.000,0.000,0.000,0.000,0,0,0,0.000,0.000,3,0,0.655,0,17.029,504.727,0.433,0.389,0.446,0.749,0.861,0.793,0.080,0.920,0.181,0.580
237,7.900,0.000,0.000,0.000,0.000,0,0,0,0.000,0.000,3,0,0.655,0,17.029,504.727,0.400,0.389,0.986,0.963,1.131,2.174,0.186,0.814,0.175,0.580
240,8.000,0.000,0.000,0.000,0.000,0,0,0,0.000,0.000,3,0,0.690,0,17.029,504.727,0.367,0.389,0.681,0.654,1.268,0.435,0.121,0.879,0.185,0.580
243,8.100,0.000,0.000,0.000,0.000,0,0,0,0.000,0.000,4,1,0.655,0,17.029,504.727,0.333,0.389,0.837,0.867,1.349,2.126,0.128,0.872,0.170,0.750
246,8.200,0.000,0.000,0.000,0.000,0,0,0,0.000,0.000,4,0,0.655,0,17.029,504.727,0.300,0.389,1.419,0.889,1.343,1.294,0.192,0.808,0.179,0.580
249,8.300,57.035,0.000,35.448,0.000,1,1,0,0.000,0.985,4,0,0.655,3,17.029,504.727,0.300,0.185,1.515,0.387,1.344,0.310,0.108,0.892,0.732,0.650
252,8.400,23.770,0.000,-33.265,0.000,1,1,0,0.000,1.194,4,0,0.655,3,17.029,504.727,0.300,0.185,1.923,0.631,1.058,0.380,0.158,0.842,0.607,0.450
255,8.500,18.028,0.000,-5.742,0.000,1,1,0,0.000,1.132,4,0,0.690,3,87.846,556.925,0.300,0.189,2.482,0.887,0.849,0.621,0.219,0.781,0.571,0.350
258,8.600,4.472,0.000,-13.556,0.000,1,1,0,0.000,1.086,3,1,0.690,2,4.000,594.638,0.300,0.189,1.963,0.915,0.633,0.018,0.217,0.783,0.466,0.750
261,8.700,1.414,0.000,-3.058,0.000,1,1,0,0.000,1.191,4,1,0.690,3,10.630,625.075,0.300,0.189,1.625,0.854,0.296,1.298,0.205,0.795,0.460,0.750
264,8.800,9.000,0.000,7.586,0.000,1,1,0,0.000,1.093,4,0,0.690,3,0.000,684.679,0.300,0.193,2.359,0.885,0.095,0.707,0.235,0.765,0.518,0.350
267,8.900,8.602,0.000,-0.398,0.000,1,1,0,0.000,1.201,4,0,0.724,3,127.475,946.740,0.300,0.193,1.856,0.825,0.381,0.262,0.202,0.798,0.507,0.708
270,9.000,8.602,0.000,0.000,0.000,1,1,0,0.000,1.241,4,0,0.724,3,5.000,979.660,0.300,0.193,2.263,0.771,0.667,2.265,0.211,0.789,0.521,0.550
273,9.100,10.440,0.000,1.838,0.000,1,1,0,0.000,1.298,4,0,0.724,3,8.062,989.700,0.300,0.193,2.839,0.774,1.114,0.176,0.224,0.776,0.546,0.350
276,9.200,3.606,0.000,-6.835,0.000,1,1,0,0.000,1.332,4,0,0.724,3,4.000,992.824,0.333,0.193,2.994,0.895,1.987,0.149,0.220,0.780,0.507,0.700
279,9.300,7.616,0.000,4.010,0.000,1,1,0,0.000,1.496,4,0,0.724,3,0.000,950.634,0.367,0.193,3.192,0.928,2.914,1.609,0.224,0.776,0.536,0.700
282,9.400,10.440,0.000,2.825,0.000,1,1,0,0.000,1.641,4,0,0.724,3,0.000,865.188,0.400,0.193,2.609,0.840,4.131,0.586,0.203,0.797,0.547,0.700
285,9.500,6.325,0.000,-4.116,0.000,1,1,0,0.000,1.408,4,0,0.759,3,4.243,801.654,0.433,0.193,2.519,0.868,5.027,0.642,0.176,0.824,0.524,0.700
288,9.600,5.385,0.000,-0.939,0.000,1,1,0,0.000,1.318,5,1,0.724,4,4.243,801.654,0.467,0.193,1.650,0.842,6.834,0.111,0.173,0.827,0.512,0.750
291,9.700,8.544,0.000,3.159,0.000,1,1,0,0.000,1.136,5,0,0.724,4,4.243,801.654,0.500,0.193,2.135,0.444,7.175,0.504,0.118,0.882,0.574,0.700
294,9.800,11.402,0.000,2.858,0.000,1,1,0,0.000,1.222,5,0,0.759,4,4.243,801.654,0.533,0.189,2.060,0.791,5.431,0.061,0.185,0.815,0.568,0.700
297,9.900,13.454,0.000,2.052,0.000,1,1,0,0.000,0.966,5,0,0.793,4,4.243,801.654,0.567,0.189,3.161,0.710,4.273,0.567,0.175,0.825,0.616,0.700
300,10.000,12.207,0.000,-1.247,0.000,1,1,0,0.000,0.895,5,0,0.828,4,4.243,801.654,0.600,0.189,4.106,0.781,3.299,1.438,0.220,0.780,0.632,0.700
303,10.100,0.000,0.000,0.000,0.000,1,0,0,0.000,0.000,5,0,0.828,1,4.243,801.654,0.633,0.193,5.646,0.841,2.468,0.089,0.265,0.735,0.414,0.700
306,10.200,0.000,761.537,0.000,748.498,2,0,0,761.537,0.000,5,0,0.828,5,4.243,801.654,0.667,0.399,6.739,0.926,2.522,0.150,0.248,0.752,0.884,0.700
309,10.300,588.718,0.000,576.512,0.000,1,1,0,0.000,0.893,5,0,0.828,1,4.243,801.654,0.700,0.408,6.687,0.864,2.882,0.007,0.260,0.740,0.777,0.700
312,10.400,0.000,632.582,0.000,-128.955,1,0,0,0.000,2.881,5,0,0.862,4,4.243,801.654,0.733,0.399,3.578,0.697,2.878,1.047,0.215,0.785,0.743,0.700
315,10.500,0.000,105.019,0.000,-527.563,1,0,0,0.000,2.942,6,1,0.828,5,0.000,1348.440,0.767,0.389,7.440,0.690,2.957,1.297,0.277,0.723,0.850,0.750
318,10.600,0.000,51.624,0.000,-53.395,1,0,0,0.000,2.007,6,0,0.828,5,0.000,1793.850,0.800,0.389,8.358,0.927,3.215,0.065,0.274,0.726,0.851,0.700
321,10.700,0.000,5.099,0.000,-46.525,1,0,1,0.000,1.515,6,0,0.828,5,0.000,953.549,0.833,0.379,5.347,0.923,3.401,0.046,0.242,0.758,0.647,0.700
324,10.800,0.000,2.236,0.000,-2.863,1,0,1,0.000,1.473,6,0,0.828,5,0.000,50.750,0.867,0.369,2.711,0.919,3.472,0.009,0.187,0.813,0.570,0.700
327,10.900,0.000,2.236,0.000,0.000,1,0,1,0.000,1.382,6,0,0.828,4,0.000,24.350,0.900,0.369,1.712,0.680,3.204,0.243,0.112,0.888,0.536,0.700
330,11.000,0.000,10.050,0.000,7.814,1,0,1,0.000,1.237,6,0,0.862,5,0.000,28.029,0.933,0.358,1.784,0.772,3.092,0.361,0.108,0.892,0.608,0.700
333,11.100,0.000,21.260,0.000,11.210,1,0,1,0.000,1.176,4,1,0.828,3,0.000,40.055,0.967,0.369,2.190,0.885,3.267,0.153,0.146,0.854,0.662,0.750
336,11.200,0.000,20.809,0.000,-0.452,1,0,1,0.000,0.829,4,0,0.828,3,20.616,59.015,1.000,0.369,2.749,0.760,3.764,0.589,0.190,0.810,0.686,0.700
339,11.300,0.000,20.616,0.000,-0.193,1,0,1,0.000,0.684,4,0,0.828,3,0.000,155.695,1.000,0.369,3.454,0.818,4.073,0.854,0.195,0.805,0.699,0.700
342,11.400,0.000,52.953,0.000,32.337,1,0,1,0.000,0.729,5,0,0.828,3,0.000,224.339,1.000,0.369,6.883,0.871,4.528,0.898,0.223,0.777,0.889,0.700
345,11.500,0.000,62.290,0.000,9.337,1,0,1,0.000,0.759,5,0,0.862,3,0.000,277.549,1.000,0.379,11.417,0.786,4.541,0.079,0.240,0.760,0.923,0.700
348,11.600,0.000,42.544,0.000,-19.746,1,0,1,0.000,0.636,5,0,0.897,3,93.862,652.368,1.000,0.379,13.661,0.716,4.000,0.039,0.236,0.764,0.914,0.700
351,11.700,0.000,30.529,0.000,-12.015,1,0,1,0.000,0.596,4,0,0.897,2,0.000,686.259,1.000,0.379,13.721,0.544,2.890,0.064,0.246,0.754,0.842,0.700
354,11.800,0.000,29.967,0.000,-0.562,1,0,1,0.000,0.563,4,0,0.897,2,0.000,697.084,1.000,0.379,13.055,0.552,2.211,0.074,0.230,0.770,0.838,0.700
357,11.900,0.000,28.636,0.000,-1.331,1,0,1,0.000,0.471,4,0,0.897,3,0.000,717.304,1.000,0.389,11.585,0.670,1.953,0.061,0.223,0.777,0.867,0.700
360,12.000,0.000,29.530,0.000,0.894,1,0,1,0.000,0.466,4,0,0.897,3,0.000,843.899,1.000,0.379,10.629,0.565,2.282,0.073,0.223,0.777,0.879,0.700
363,12.100,0.000,16.553,0.000,-12.977,1,0,1,0.000,0.242,4,0,0.897,3,0.000,974.148,1.000,0.379,9.992,0.549,1.903,0.010,0.227,0.773,0.809,0.700
366,12.200,0.000,17.692,0.000,1.139,1,0,1,0.000,0.329,4,0,0.897,3,0.000,1012.998,1.000,0.389,6.536,0.731,1.513,0.177,0.227,0.773,0.766,0.700
369,12.300,0.000,38.484,0.000,20.792,1,0,1,0.000,0.342,4,0,0.897,3,72.346,1041.568,1.000,0.389,4.361,0.622,1.481,0.398,0.190,0.810,0.834,0.700
372,12.400,0.000,40.817,0.000,2.333,1,0,1,0.000,0.317,4,0,0.897,3,0.000,1266.919,1.000,0.399,4.121,0.689,1.533,1.064,0.201,0.799,0.837,0.700
375,12.500,0.000,45.804,0.000,4.987,1,0,1,0.000,0.291,4,0,0.931,3,32.062,1580.500,1.000,0.399,3.899,0.809,1.593,0.904,0.203,0.797,0.846,0.700
378,12.600,0.000,26.420,0.000,-19.384,1,0,1,0.000,0.331,5,1,0.897,4,94.149,1708.717,1.000,0.399,3.455,0.891,1.645,0.312,0.199,0.801,0.735,0.750
381,12.700,0.000,16.155,0.000,-10.264,1,0,1,0.000,0.346,5,0,0.897,4,46.043,1438.688,1.000,0.399,3.379,0.918,1.695,0.406,0.203,0.797,0.674,0.700
384,12.800,0.000,8.246,0.000,-7.909,1,0,1,0.000,0.355,5,0,0.897,4,67.268,1302.929,1.000,0.399,3.809,0.922,1.722,0.085,0.208,0.792,0.641,0.700
387,12.900,0.000,9.434,0.000,1.188,1,0,1,0.000,0.387,6,1,0.862,5,61.522,2170.049,1.000,0.399,4.111,0.928,1.746,0.009,0.216,0.784,0.660,0.750
390,13.000,0.000,3.000,0.000,-6.434,1,0,1,0.000,0.563,6,0,0.862,5,92.542,2458.154,1.000,0.399,5.090,0.980,1.496,0.097,0.219,0.781,0.645,0.700
393,13.100,0.000,2.828,0.000,-0.172,1,0,1,0.000,0.807,6,0,0.862,5,65.521,3003.929,1.000,0.389,5.950,0.981,0.847,0.000,0.229,0.771,0.666,0.580
396,13.200,0.000,18.385,0.000,15.556,1,0,1,0.000,0.990,6,0,0.862,5,0.000,3130.819,1.000,0.379,7.363,0.907,0.365,0.065,0.237,0.763,0.793,0.550
399,13.300,0.000,59.135,0.000,40.751,1,0,1,0.000,1.030,6,0,0.862,5,0.000,4122.560,1.000,0.369,8.294,0.842,0.094,0.022,0.242,0.758,0.961,0.450
402,13.400,0.000,103.407,0.000,44.272,1,0,1,0.000,1.005,6,0,0.897,5,0.000,4286.284,1.000,0.358,8.771,0.658,0.084,2.141,0.236,0.764,0.974,0.550
405,13.500,704.182,0.000,115.464,0.000,1,1,0,0.000,1.023,7,1,0.862,2,0.000,4286.284,1.000,0.369,9.361,0.859,0.244,0.886,0.265,0.735,0.861,0.750
408,13.600,83.217,0.000,-620.965,0.000,1,1,0,0.000,1.371,7,0,0.862,2,0.000,6105.719,1.000,0.369,9.859,0.815,0.304,1.351,0.297,0.703,0.864,0.550
411,13.700,0.000,447.699,0.000,344.292,1,0,1,0.000,1.368,7,0,0.862,2,0.000,7260.394,1.000,0.369,17.673,0.800,0.327,0.114,0.286,0.714,0.865,0.500
414,13.800,0.000,24.000,0.000,-423.699,1,0,1,0.000,1.358,4,1,0.828,3,32.573,7817.269,1.000,0.369,20.479,0.774,0.184,0.004,0.276,0.724,0.834,0.750
417,13.900,0.000,0.000,0.000,0.000,0,0,0,0.000,0.000,4,0,0.828,0,32.573,7817.269,0.967,0.369,19.836,0.794,0.028,0.045,0.287,0.713,0.430,0.650
420,14.000,0.000,0.000,0.000,0.000,0,0,0,0.000,0.000,4,0,0.862,0,32.573,7817.269,0.933,0.369,20.338,0.758,0.236,0.123,0.301,0.699,0.429,0.580
423,14.100,0.000,0.000,0.000,0.000,0,0,0,0.000,0.000,4,0,0.862,0,32.573,7817.269,0.900,0.369,22.465,0.895,0.476,0.015,0.310,0.690,0.415,0.580
426,14.200,0.000,0.000,0.000,0.000,0,0,0,0.000,0.000,4,0,0.862,0,32.573,7817.269,0.867,0.369,20.702,0.942,0.783,0.086,0.306,0.694,0.408,0.580
429,14.300,0.000,0.000,0.000,0.000,0,0,0,0.000,0.000,4,0,0.862,0,32.573,7817.269,0.833,0.369,18.259,0.847,1.073,0.433,0.312,0.688,0.411,0.580
432,14.400,0.000,0.000,0.000,0.000,0,0,0,0.000,0.000,7,1,0.828,0,32.573,7817.269,0.800,0.369,18.908,0.940,1.318,0.012,0.310,0.690,0.400,0.750
435,14.500,0.000,0.000,0.000,0.000,0,0,0,0.000,0.000,7,0,0.828,0,32.573,7817.269,0.767,0.369,14.013,0.853,1.570,0.189,0.305,0.695,0.402,0.700
438,14.600,108.467,0.000,25.250,0.000,1,1,0,0.000,1.724,7,0,0.828,6,0.000,10310.848,0.767,0.247,12.164,0.809,1.850,0.559,0.279,0.721,0.940,0.700
441,14.700,173.442,0.000,64.975,0.000,1,1,0,0.000,1.977,7,1,0.793,5,0.000,8072.484,0.767,0.247,13.488,0.868,2.285,0.205,0.281,0.719,0.910,0.750
444,14.800,103.407,0.000,-70.035,0.000,1,1,0,0.000,1.857,7,0,0.793,5,0.000,6669.648,0.767,0.247,12.366,0.805,2.893,0.094,0.292,0.708,0.914,0.700
447,14.900,85.329,0.000,-18.078,0.000,1,1,0,0.000,1.837,7,0,0.793,5,0.000,4030.018,0.767,0.238,12.028,0.848,3.618,0.046,0.300,0.700,0.911,0.700
450,15.000,46.690,0.000,-38.638,0.000,1,1,0,0.000,1.669,5,1,0.759,2,0.000,4191.038,0.767,0.247,14.052,0.908,4.246,0.026,0.298,0.702,0.850,0.750
453,15.100,3.162,0.000,-43.528,0.000,1,1,0,0.000,1.512,5,0,0.759,2,0.000,5161.957,0.767,0.255,14.106,0.962,4.704,0.118,0.288,0.712,0.614,0.700
456,15.200,3.162,0.000,0.000,0.000,1,1,0,0.000,1.368,5,0,0.759,2,0.000,5766.767,0.767,0.255,9.723,0.983,4.869,0.025,0.262,0.738,0.613,0.700
459,15.300,13.892,537.894,10.730,513.894,2,1,1,305.630,1.704,5,1,0.724,3,0.000,5416.314,0.767,0.264,5.932,0.933,2.590,0.152,0.262,0.738,0.883,0.750
462,15.400,17.000,13.038,3.108,-524.856,2,1,1,308.883,1.772,5,0,0.724,3,0.000,4226.449,0.767,0.264,3.321,0.810,1.506,0.955,0.243,0.757,0.671,0.700
465,15.500,15.033,4.000,-1.967,-9.038,2,1,1,319.495,1.487,5,0,0.759,3,0.000,2651.705,0.767,0.264,3.133,0.812,0.938,0.952,0.236,0.764,0.655,0.580
468,15.600,19.849,9.849,4.816,5.849,2,1,1,339.411,1.631,4,1,0.724,3,0.000,866.465,0.767,0.272,3.885,0.740,0.501,0.339,0.272,0.728,0.733,0.750
471,15.700,18.682,31.828,-1.168,21.979,2,1,1,319.077,1.885,4,0,0.724,4,0.000,790.745,0.767,0.272,5.710,0.752,0.092,0.470,0.280,0.720,0.889,0.350
474,15.800,22.361,40.361,3.679,8.533,2,1,1,295.995,1.865,4,0,0.759,4,0.000,428.425,0.767,0.272,6.711,0.773,0.226,0.320,0.284,0.716,0.960,0.350
477,15.900,0.000,272.406,0.000,-12.201,2,0,1,272.406,1.972,4,0,0.759,4,0.000,526.320,0.767,0.272,6.329,0.785,0.500,0.096,0.279,0.721,0.975,0.500
480,16.000,33.136,19.416,10.775,-252.989,2,1,1,273.386,1.917,4,0,0.759,4,0.000,706.725,0.767,0.264,4.721,0.591,0.823,2.288,0.243,0.757,0.883,0.550
483,16.100,34.059,13.601,0.923,-5.815,2,1,1,290.663,1.660,4,0,0.759,5,0.000,766.690,0.767,0.369,4.200,0.601,1.108,0.773,0.253,0.747,0.874,0.350
486,16.200,18.028,11.000,-16.031,-2.601,2,1,1,305.164,1.688,7,1,0.724,6,125.000,848.257,0.767,0.369,4.485,0.689,1.384,0.480,0.242,0.758,0.760,0.750
489,16.300,0.000,317.246,0.000,-3.355,2,0,1,317.246,1.625,7,0,0.724,6,146.578,985.590,0.767,0.369,4.368,0.599,1.709,0.006,0.237,0.763,0.914,0.750
492,16.400,0.000,328.398,0.000,-0.971,2,0,1,328.398,2.279,7,0,0.759,6,90.554,1196.149,0.767,0.369,4.159,0.769,2.007,0.094,0.215,0.785,0.896,0.700
495,16.500,0.000,349.984,0.000,3.101,2,0,1,349.984,2.352,6,1,0.724,6,68.942,1439.404,0.767,0.358,3.683,0.836,2.314,0.001,0.200,0.800,0.906,0.750
498,16.600,0.000,380.789,0.000,16.496,2,0,1,380.789,2.964,6,0,0.724,6,94.048,1756.479,0.767,0.336,2.959,0.882,2.783,0.162,0.188,0.812,0.884,0.700
501,16.700,0.000,381.266,0.000,-8.771,2,0,1,381.266,3.123,6,0,0.759,6,49.193,1860.098,0.767,0.324,2.995,0.817,3.350,0.144,0.186,0.814,0.890,0.700
504,16.800,77.318,9.220,59.290,-372.047,2,1,1,382.758,2.993,6,0,0.759,6,46.819,2292.469,0.767,0.324,1.987,0.815,2.994,0.050,0.167,0.833,0.865,0.700
507,16.900,7.810,2.000,-69.507,-7.220,2,1,1,389.329,2.627,6,0,0.759,6,55.154,2504.844,0.800,0.311,1.741,0.745,2.454,0.092,0.156,0.844,0.661,0.700
510,17.000,3.000,5.657,-4.810,3.657,2,1,1,392.938,2.334,6,0,0.759,6,59.414,2292.834,0.833,0.311,1.561,0.639,1.931,0.113,0.137,0.863,0.656,0.700
513,17.100,12.369,11.045,9.369,5.389,2,1,1,391.644,2.030,6,1,0.724,6,0.000,1999.469,0.867,0.298,2.961,0.667,1.612,0.342,0.154,0.846,0.730,0.750
516,17.200,27.295,27.803,14.925,16.758,2,1,1,432.047,1.710,6,0,0.724,6,0.000,3424.637,0.900,0.298,4.585,0.620,1.449,0.157,0.189,0.811,0.864,0.700
519,17.300,0.000,469.426,0.000,23.152,2,0,1,469.426,1.580,6,0,0.759,6,103.600,4741.600,0.933,0.298,5.429,0.569,1.374,0.368,0.191,0.809,0.988,0.576
522,17.400,0.000,492.249,0.000,22.823,1,0,1,0.000,1.575,5,0,0.759,4,130.250,5535.967,0.967,0.311,4.772,0.548,1.327,0.395,0.190,0.810,0.891,0.724
525,17.500,32.527,0.000,5.232,0.000,1,1,0,0.000,1.242,5,0,0.759,4,0.000,5539.200,1.000,0.311,5.417,0.547,1.337,0.751,0.216,0.784,0.842,0.580
528,17.600,8.062,0.000,-24.465,0.000,1,1,0,0.000,1.061,5,0,0.793,4,0.000,4453.568,1.000,0.311,6.342,0.535,1.199,0.070,0.226,0.774,0.730,0.580
531,17.700,0.000,578.526,0.000,551.323,2,0,1,578.526,1.710,5,0,0.793,6,0.000,3398.588,1.000,0.311,6.476,0.603,1.029,0.059,0.260,0.740,1.000,0.650
534,17.800,40.608,48.083,32.546,-530.442,2,1,1,549.372,1.979,5,0,0.793,6,0.000,3796.057,1.000,0.311,6.940,0.596,0.892,0.035,0.252,0.748,1.000,0.580
537,17.900,0.000,568.940,0.000,-14.989,2,0,1,568.940,2.233,5,0,0.828,6,203.194,5183.169,1.000,0.311,7.875,0.660,0.742,0.013,0.244,0.756,1.000,0.750
540,18.000,0.000,573.336,0.000,-1.241,2,0,1,573.336,2.363,3,1,0.793,4,0.000,5037.037,1.000,0.324,7.404,0.834,0.566,0.077,0.240,0.760,0.927,0.750
543,18.100,36.770,6.403,-3.838,-566.933,2,1,1,557.667,2.267,3,0,0.793,4,0.000,4620.057,1.000,0.324,8.944,0.885,0.359,0.023,0.251,0.749,0.892,0.580
546,18.200,14.560,6.708,-22.209,0.305,2,1,1,536.949,2.238,3,0,0.828,4,0.000,4304.010,1.000,0.324,9.258,0.945,0.082,0.037,0.250,0.750,0.765,0.580
549,18.300,12.530,2.236,-2.030,-4.472,2,1,1,546.452,2.385,5,1,0.793,5,0.000,3663.219,1.000,0.336,8.072,0.901,0.853,0.003,0.240,0.760,0.857,0.750
552,18.400,5.385,9.434,-7.145,7.198,2,1,1,556.354,2.146,5,0,0.793,5,52.202,3309.337,1.000,0.336,7.747,0.955,1.334,0.049,0.245,0.755,0.829,0.580
555,18.500,10.000,4.472,4.615,-4.962,2,1,1,550.696,2.195,5,0,0.828,5,50.695,2658.894,1.000,0.336,7.195,0.958,1.577,0.069,0.250,0.750,0.818,0.700
558,18.600,13.601,3.162,3.601,-1.310,2,1,1,537.320,1.901,6,1,0.793,5,40.162,1615.944,1.000,0.336,6.180,0.951,1.769,0.015,0.246,0.754,0.783,0.750
561,18.700,14.765,6.708,1.163,3.546,2,1,1,551.543,1.689,6,0,0.793,5,47.297,626.039,1.000,0.336,5.403,0.963,1.926,0.066,0.247,0.753,0.770,0.700
564,18.800,1.000,19.849,-13.765,13.141,2,1,1,535.717,1.675,6,0,0.793,5,46.098,514.214,1.000,0.324,4.455,0.857,2.100,0.099,0.241,0.759,0.782,0.700
567,18.900,16.492,11.662,15.492,-8.188,2,1,1,528.663,1.586,3,1,0.759,4,178.025,1589.034,1.000,0.336,3.451,0.867,2.338,0.093,0.220,0.780,0.667,0.750
570,19.000,17.000,32.802,0.508,21.141,2,1,1,559.289,1.483,3,0,0.759,4,52.173,1647.654,1.000,0.336,4.777,0.688,2.663,0.075,0.210,0.790,0.804,0.700
573,19.100,13.928,56.886,-3.072,24.083,2,1,1,599.708,1.432,3,0,0.793,4,65.924,1526.029,1.000,0.336,3.944,0.769,2.471,0.280,0.188,0.812,0.845,0.700
576,19.200,20.616,35.440,6.687,-21.446,2,1,1,620.623,1.745,4,1,0.759,4,187.361,2186.294,1.000,0.347,3.897,0.517,1.957,1.439,0.144,0.856,0.908,0.750
579,19.300,8.544,24.515,-12.072,-10.925,2,1,1,640.513,1.933,4,0,0.759,4,187.115,2855.594,1.000,0.347,2.652,0.347,1.573,0.066,0.127,0.873,0.828,0.750
582,19.400,5.000,12.083,-3.544,-12.432,2,1,1,636.833,2.122,4,0,0.793,3,294.061,4509.249,1.000,0.347,0.827,0.454,1.146,0.138,0.080,0.920,0.661,0.750
585,19.500,13.892,12.166,8.892,0.082,2,1,1,636.048,2.048,3,1,0.759,4,67.446,4448.919,1.000,0.347,1.634,0.641,0.635,1.228,0.099,0.901,0.623,0.750
588,19.600,13.342,7.071,-0.551,-5.094,2,1,1,628.774,2.024,3,0,0.759,3,63.000,4374.034,1.000,0.347,3.311,0.625,0.290,0.496,0.170,0.830,0.663,0.580
591,19.700,0.000,672.575,0.000,37.131,2,0,1,672.575,1.664,3,0,0.759,3,62.266,4185.979,1.000,0.358,3.953,0.757,0.077,0.463,0.211,0.789,0.846,0.500
594,19.800,0.000,672.075,0.000,-0.500,1,0,1,0.000,1.951,4,1,0.724,2,70.349,4254.699,1.000,0.358,4.005,0.789,0.389,1.722,0.219,0.781,0.805,0.750
597,19.900,0.000,14.318,0.000,-657.757,1,0,1,0.000,1.989,4,0,0.724,2,69.000,3849.694,1.000,0.369,3.871,0.854,0.698,0.097,0.244,0.756,0.627,0.580
600,20.000,2.236,0.000,-11.106,0.000,1,1,0,0.000,2.160,4,0,0.759,2,0.000,3849.444,1.000,0.379,5.940,0.823,1.092,0.204,0.233,0.767,0.613,0.580
603,20.100,0.000,5.000,0.000,-9.318,1,0,1,0.000,2.105,5,1,0.724,2,53.310,3801.024,1.000,0.379,5.106,0.810,1.633,0.070,0.238,0.762,0.591,0.750
606,20.200,0.000,5.099,0.000,0.099,1,0,1,0.000,2.131,5,0,0.724,2,44.643,3190.468,1.000,0.389,3.212,0.794,2.203,0.086,0.184,0.816,0.545,0.700
609,20.300,0.000,3.606,0.000,-1.493,1,0,1,0.000,2.155,5,0,0.724,2,14.560,3193.574,1.000,0.389,1.766,0.901,2.487,0.501,0.154,0.846,0.493,0.700
612,20.400,0.000,2.828,0.000,-0.777,1,0,1,0.000,2.102,4,1,0.690,3,85.615,2631.760,1.000,0.399,1.251,0.850,2.403,0.663,0.101,0.899,0.542,0.750
615,20.500,0.000,21.633,0.000,18.805,1,0,1,0.000,2.192,4,0,0.690,3,48.083,844.138,1.000,0.399,3.150,0.931,2.193,0.148,0.170,0.830,0.689,0.700
618,20.600,0.000,8.944,0.000,-12.689,1,0,1,0.000,2.135,4,0,0.690,2,0.000,807.094,1.000,0.408,1.442,0.785,2.174,0.579,0.167,0.833,0.541,0.700
621,20.700,0.000,5.000,0.000,-3.944,1,0,1,0.000,1.998,4,1,0.655,2,63.561,807.510,1.000,0.408,1.238,0.644,2.000,2.821,0.141,0.859,0.524,0.750
624,20.800,11.045,0.000,8.809,0.000,1,1,0,0.000,2.060,4,0,0.655,2,6.325,761.647,1.000,0.417,1.850,0.856,1.872,0.200,0.170,0.830,0.558,0.700
627,20.900,0.000,28.018,0.000,23.018,1,0,1,0.000,2.129,4,0,0.690,2,48.021,751.899,1.000,0.426,4.015,0.864,1.571,0.327,0.229,0.771,0.706,0.700
630,21.000,18.385,0.000,7.339,0.000,1,1,0,0.000,1.977,5,1,0.655,3,97.529,1035.697,1.000,0.426,5.943,0.849,1.076,0.025,0.239,0.761,0.719,0.750
633,21.100,15.232,0.000,-3.153,0.000,1,1,0,0.000,1.749,5,0,0.655,3,92.574,1223.040,1.000,0.426,5.503,0.773,0.750,0.062,0.239,0.761,0.696,0.580
636,21.200,11.180,0.000,-4.051,0.000,1,1,0,0.000,1.701,5,0,0.690,3,0.000,1222.705,1.000,0.426,4.587,0.751,0.581,0.108,0.242,0.758,0.652,0.580
639,21.300,7.280,0.000,-3.900,0.000,1,1,0,0.000,1.446,5,1,0.655,4,54.644,939.587,1.000,0.426,4.188,0.746,0.476,0.025,0.227,0.773,0.657,0.750
642,21.400,9.487,550.077,2.207,522.059,2,1,1,534.966,1.923,5,0,0.655,5,34.234,894.647,1.000,0.426,3.552,0.503,0.381,0.024,0.176,0.824,0.954,0.650
645,21.500,12.530,27.785,3.043,-522.292,2,1,1,572.882,1.639,5,0,0.690,6,251.340,2048.688,1.000,0.417,3.440,0.444,0.293,2.599,0.156,0.844,0.859,0.750
648,21.600,20.125,26.926,7.595,-0.859,2,1,1,538.873,1.602,6,1,0.655,6,60.959,1743.397,1.000,0.417,2.287,0.441,0.384,0.115,0.139,0.861,0.826,0.750
651,21.700,2.236,0.000,-17.889,0.000,1,1,0,0.000,1.705,6,0,0.655,5,58.694,1656.729,1.000,0.408,1.453,0.443,0.501,2.315,0.136,0.864,0.588,0.650
654,21.800,4.472,0.000,2.236,0.000,1,1,0,0.000,1.743,6,0,0.690,5,0.000,1667.019,1.000,0.389,1.067,0.269,0.504,0.690,0.121,0.879,0.603,0.580
657,21.900,8.602,0.000,4.130,0.000,1,1,0,0.000,1.859,5,1,0.655,4,0.000,1629.219,1.000,0.379,0.661,0.325,0.377,2.450,0.080,0.920,0.606,0.750
660,22.000,2.236,0.000,-6.366,0.000,1,1,0,0.000,1.690,5,0,0.655,4,0.000,176.759,1.000,0.379,0.712,0.685,0.271,0.934,0.102,0.898,0.546,0.580
663,22.100,5.385,0.000,3.149,0.000,1,1,0,0.000,1.804,5,0,0.690,4,0.000,103.039,1.000,0.369,0.559,0.764,0.321,0.537,0.099,0.901,0.554,0.580
666,22.200,2.236,0.000,-3.149,0.000,1,1,0,0.000,1.868,5,0,0.690,4,0.000,23.480,1.000,0.358,0.482,0.613,0.232,0.009,0.078,0.922,0.546,0.580
669,22.300,1.414,0.000,-0.822,0.000,1,1,0,0.000,1.690,5,0,0.690,4,0.000,4.200,1.000,0.347,0.477,0.799,0.138,1.292,0.083,0.917,0.528,0.580
672,22.400,7.211,0.000,5.797,0.000,1,1,0,0.000,1.594,6,1,0.690,4,0.000,19.800,1.000,0.347,0.674,0.557,0.162,1.761,0.086,0.914,0.558,0.750
675,22.500,2.828,35.511,-4.383,8.585,2,1,1,499.144,1.520,6,0,0.690,6,65.795,118.298,1.000,0.336,3.968,0.647,0.477,0.099,0.144,0.856,0.901,0.650
678,22.600,6.083,0.000,3.254,0.000,1,1,0,0.000,1.255,6,0,0.690,5,68.680,222.099,1.000,0.336,3.391,0.613,0.714,0.629,0.204,0.796,0.646,0.650
681,22.700,20.616,0.000,14.533,0.000,1,1,0,0.000,1.184,6,0,0.724,5,19.026,268.769,1.000,0.336,5.678,0.689,0.850,1.288,0.270,0.730,0.778,0.550
684,22.800,22.804,0.000,2.188,0.000,1,1,0,0.000,1.131,6,0,0.724,4,0.000,240.838,1.000,0.336,8.801,0.727,0.821,0.317,0.272,0.728,0.816,0.350
687,22.900,30.594,0.000,7.791,0.000,1,1,0,0.000,1.063,6,0,0.724,4,0.000,214.370,1.000,0.347,12.574,0.537,0.640,0.169,0.291,0.709,0.872,0.350
690,23.000,18.601,0.000,-11.993,0.000,1,1,0,0.000,0.931,6,0,0.759,4,83.024,375.657,1.000,0.347,12.203,0.711,0.264,0.156,0.304,0.696,0.794,0.580
693,23.100,0.000,71.610,0.000,-374.791,2,0,1,71.610,1.418,5,1,0.724,6,112.045,529.539,1.000,0.347,13.928,0.814,0.209,0.098,0.311,0.689,1.000,0.750
696,23.200,86.354,0.000,67.753,0.000,1,1,0,0.000,0.908,5,0,0.724,4,27.019,695.789,1.000,0.347,16.000,0.873,0.876,0.111,0.309,0.691,0.953,0.650
699,23.300,38.588,0.000,-47.766,0.000,1,1,0,0.000,0.694,5,0,0.759,4,38.588,822.344,1.000,0.347,17.360,0.915,1.556,0.087,0.302,0.698,0.914,0.700
702,23.400,46.530,0.000,7.942,0.000,1,1,0,0.000,0.589,5,0,0.759,2,46.530,914.490,1.000,0.347,17.996,0.787,2.230,0.083,0.306,0.694,0.887,0.700
705,23.500,52.038,0.000,5.509,0.000,1,1,0,0.000,0.568,5,0,0.759,2,0.000,1143.289,1.000,0.358,17.400,0.768,2.899,0.094,0.298,0.702,0.888,0.700
708,23.600,44.283,0.000,-7.755,0.000,1,1,0,0.000,0.442,5,0,0.793,2,0.000,1526.688,1.000,0.358,17.094,0.799,3.488,0.064,0.274,0.726,0.882,0.700
711,23.700,27.203,0.000,-17.080,0.000,1,1,0,0.000,0.462,4,1,0.759,2,0.000,1899.025,1.000,0.369,15.480,0.915,4.026,0.005,0.268,0.732,0.797,0.750
714,23.800,25.962,444.775,-1.241,373.165,2,1,1,400.520,1.208,4,0,0.759,3,18.868,2172.867,1.000,0.369,13.203,0.947,4.487,0.062,0.252,0.748,0.989,0.700
717,23.900,13.416,36.249,-12.545,-408.526,2,1,1,383.648,1.274,4,0,0.793,3,0.000,2380.198,1.000,0.369,11.285,0.926,4.810,0.057,0.235,0.765,0.942,0.700
720,24.000,3.162,25.632,-10.254,-10.617,2,1,1,359.901,1.327,4,0,0.793,3,0.000,2511.687,1.000,0.379,7.391,0.942,5.256,0.233,0.219,0.781,0.866,0.700
723,24.100,3.000,14.866,-0.162,-10.766,2,1,1,347.714,1.358,4,0,0.793,3,0.000,2603.577,1.000,0.379,4.040,0.692,6.052,0.435,0.194,0.806,0.740,0.700
726,24.200,9.055,5.099,6.055,-9.767,2,1,1,345.249,1.179,4,0,0.828,3,9.055,2583.564,1.000,0.389,3.570,0.442,6.958,2.168,0.194,0.806,0.714,0.700
729,24.300,34.015,36.069,24.959,30.970,2,1,1,317.208,1.307,4,0,0.828,4,0.000,1905.844,1.000,0.389,5.285,0.792,6.256,0.465,0.241,0.759,0.927,0.700
732,24.400,26.077,5.385,-7.938,-30.684,2,1,1,327.200,1.354,4,0,0.828,4,0.000,969.985,1.000,0.389,8.280,0.775,4.267,0.526,0.263,0.737,0.941,0.700
735,24.500,31.401,13.416,5.324,8.031,2,1,1,339.332,1.054,4,0,0.862,4,0.000,832.515,1.000,0.389,7.967,0.753,2.620,0.102,0.272,0.728,0.971,0.700
738,24.600,21.471,38.210,-9.930,24.794,2,1,1,333.636,1.055,5,1,0.828,4,0.000,983.169,1.000,0.389,6.305,0.490,1.969,1.097,0.257,0.743,0.950,0.750
741,24.700,4.123,15.811,-17.348,-22.399,2,1,1,351.400,0.895,5,0,0.828,4,68.731,1032.234,1.000,0.389,5.463,0.775,1.413,1.235,0.278,0.722,0.784,0.700
744,24.800,347.131,0.000,326.516,0.000,2,1,0,347.131,0.999,5,0,0.862,4,0.000,1026.019,1.000,0.389,5.825,0.841,0.928,0.322,0.280,0.720,0.951,0.500
747,24.900,343.001,50.596,-4.130,34.785,2,1,1,355.681,1.029,4,1,0.828,5,0.000,956.924,1.000,0.389,3.849,0.777,0.534,0.100,0.264,0.736,0.942,0.750
750,25.000,8.602,23.707,-334.399,-26.890,2,1,1,373.150,1.252,4,0,0.828,4,0.000,808.854,1.000,0.389,3.537,0.784,0.180,0.130,0.244,0.756,0.815,0.580
753,25.100,23.259,33.106,14.657,9.399,2,1,1,341.315,1.352,4,0,0.828,4,73.783,741.097,1.000,0.389,3.105,0.441,0.129,0.385,0.209,0.791,0.881,0.350
756,25.200,14.866,10.770,-8.393,-22.336,2,1,1,328.544,1.517,4,0,0.828,4,14.866,608.800,1.000,0.379,1.997,0.765,0.439,0.508,0.220,0.780,0.729,0.580
759,25.300,31.113,25.080,16.247,14.310,2,1,1,316.610,1.552,4,0,0.862,4,31.113,552.645,1.000,0.369,2.227,0.704,0.769,0.066,0.164,0.836,0.829,0.350
762,25.400,18.358,5.000,-12.755,-20.080,2,1,1,306.323,1.556,4,0,0.862,4,18.358,620.088,1.000,0.369,1.620,0.517,1.140,0.841,0.145,0.855,0.756,0.580
765,25.500,294.111,0.000,272.921,0.000,2,1,0,294.111,1.642,4,0,0.862,4,0.000,682.697,1.000,0.369,2.680,0.895,1.623,2.988,0.229,0.771,0.904,0.700
768,25.600,260.094,0.000,-24.491,0.000,2,1,0,260.094,1.764,4,0,0.862,4,0.000,759.225,1.000,0.358,3.578,0.968,1.871,0.194,0.226,0.774,0.922,0.700
771,25.700,10.630,303.371,-249.464,298.371,2,1,1,257.420,1.857,4,0,0.862,4,0.000,752.169,1.000,0.358,3.713,0.950,1.926,0.206,0.209,0.791,0.926,0.700
774,25.800,247.808,0.000,-15.032,0.000,2,1,0,247.808,2.102,4,0,0.862,4,0.000,716.888,1.000,0.358,3.329,0.956,1.787,0.030,0.188,0.812,0.916,0.700
777,25.900,230.437,0.000,-9.324,0.000,2,1,0,230.437,2.536,4,0,0.862,4,0.000,614.279,1.000,0.358,2.816,0.764,1.667,0.791,0.190,0.810,0.917,0.700
780,26.000,24.597,0.000,-205.840,0.000,1,1,0,0.000,2.629,4,0,0.897,2,0.000,614.279,1.000,0.369,3.907,0.752,1.648,0.536,0.200,0.800,0.692,0.700
783,26.100,23.087,0.000,-1.510,0.000,1,1,0,0.000,2.393,4,0,0.897,2,0.000,614.279,1.000,0.369,2.888,0.682,1.613,0.342,0.190,0.810,0.663,0.700
786,26.200,0.000,0.000,0.000,0.000,0,0,0,0.000,0.000,4,0,0.897,0,0.000,614.279,0.967,0.369,3.269,0.827,1.516,0.727,0.213,0.787,0.310,0.700
789,26.300,0.000,0.000,0.000,0.000,0,0,0,0.000,0.000,4,0,0.897,0,0.000,614.279,0.933,0.369,1.646,0.606,1.403,0.173,0.155,0.845,0.281,0.700
792,26.400,0.000,0.000,0.000,0.000,0,0,0,0.000,0.000,4,0,0.897,0,0.000,614.279,0.900,0.369,2.804,0.914,1.366,0.416,0.212,0.788,0.284,0.580
795,26.500,0.000,0.000,0.000,0.000,0,0,0,0.000,0.000,4,0,0.897,0,0.000,614.279,0.867,0.369,1.878,0.894,1.272,0.591,0.199,0.801,0.258,0.580
798,26.600,0.000,0.000,0.000,0.000,0,0,0,0.000,0.000,4,0,0.931,0,0.000,614.279,0.833,0.369,1.393,0.791,1.210,1.099,0.211,0.789,0.249,0.580
801,26.700,0.000,0.000,0.000,0.000,0,0,0,0.000,0.000,4,0,0.931,0,0.000,614.279,0.800,0.369,0.954,0.661,1.195,1.123,0.143,0.857,0.244,0.580
804,26.800,0.000,0.000,0.000,0.000,0,0,0,0.000,0.000,4,0,0.931,0,0.000,614.279,0.767,0.369,1.180,0.783,1.158,0.072,0.167,0.833,0.237,0.580
807,26.900,210.297,0.000,187.211,0.000,1,1,0,0.000,2.253,4,0,0.931,2,15.232,578.987,0.767,0.264,0.843,0.330,1.140,0.476,0.102,0.898,0.730,0.650
810,27.000,0.000,0.000,0.000,0.000,0,0,0,0.000,0.000,4,0,0.931,0,15.232,578.987,0.733,0.264,0.923,0.205,1.078,1.766,0.114,0.886,0.267,0.650
813,27.100,0.000,0.000,0.000,0.000,0,0,0,0.000,0.000,4,0,0.931,0,15.232,578.987,0.700,0.264,0.832,0.276,1.020,0.196,0.103,0.897,0.255,0.580
816,27.200,0.000,0.000,0.000,0.000,0,0,0,0.000,0.000,4,0,0.931,0,15.232,578.987,0.667,0.264,0.688,0.374,1.092,1.641,0.074,0.926,0.241,0.580
819,27.300,0.000,0.000,0.000,0.000,0,0,0,0.000,0.000,3,1,0.897,0,15.232,578.987,0.633,0.264,0.533,0.763,1.199,1.747,0.093,0.907,0.206,0.750
822,27.400,0.000,0.000,0.000,0.000,0,0,0,0.000,0.000,4,1,0.862,0,15.232,578.987,0.600,0.264,0.840,0.748,1.227,0.246,0.151,0.849,0.211,0.750
825,27.500,258.451,0.000,245.451,0.000,2,1,0,258.451,2.291,4,0,0.897,4,13.000,529.688,0.600,0.266,1.102,0.550,1.302,0.400,0.173,0.827,0.841,0.650
828,27.600,258.048,255.039,-0.403,-48.332,2,1,1,247.487,2.282,4,0,0.897,4,133.724,1111.249,0.600,0.266,1.386,0.638,1.627,0.694,0.192,0.808,0.842,0.743
831,27.700,0.000,3.162,0.000,-251.877,1,0,1,0.000,1.861,4,0,0.897,2,133.724,1111.249,0.600,0.266,0.986,0.784,1.819,0.096,0.149,0.851,0.449,0.743
834,27.800,0.000,12.042,0.000,8.879,1,0,1,0.000,1.891,4,0,0.931,2,118.224,2640.474,0.600,0.273,1.066,0.658,2.112,1.187,0.142,0.858,0.510,0.700
837,27.900,0.000,4.472,0.000,-7.569,1,0,1,0.000,1.849,4,0,0.931,2,4.472,3904.084,0.600,0.273,1.248,0.808,2.396,1.026,0.145,0.855,0.461,0.700
840,28.000,0.000,4.243,0.000,-0.229,1,0,1,0.000,1.700,4,0,0.931,2,4.472,3904.084,0.600,0.280,1.128,0.687,2.581,0.909,0.146,0.854,0.466,0.700
843,28.100,0.000,1.000,0.000,-3.243,1,0,1,0.000,1.795,4,0,0.931,1,4.472,3904.084,0.600,0.287,0.928,0.539,2.436,0.425,0.135,0.865,0.408,0.700
846,28.200,0.000,2.000,0.000,1.000,1,0,1,0.000,1.926,4,0,0.931,2,4.472,3904.084,0.600,0.287,0.806,0.524,2.118,0.093,0.114,0.886,0.457,0.700
849,28.300,258.751,0.000,0.702,0.000,1,1,0,0.000,2.282,4,0,0.931,2,4.472,3904.084,0.600,0.293,1.803,0.573,1.824,1.349,0.170,0.830,0.717,0.700
852,28.400,256.330,0.000,-2.421,0.000,1,1,0,0.000,2.283,4,0,0.931,2,0.000,3708.369,0.600,0.293,2.369,0.547,1.584,0.214,0.123,0.877,0.733,0.700
855,28.500,11.402,0.000,-244.928,0.000,1,1,0,0.000,2.110,5,1,0.897,2,0.000,3543.138,0.600,0.300,3.468,0.548,1.329,1.644,0.173,0.827,0.556,0.750
858,28.600,108.688,0.000,97.286,0.000,1,1,0,0.000,2.099,5,0,0.897,4,0.000,3534.450,0.600,0.300,11.765,0.099,0.982,2.054,0.330,0.670,0.959,0.550
861,28.700,475.884,0.000,440.543,0.000,2,1,0,475.884,2.137,5,0,0.897,6,0.000,3581.494,0.600,0.293,11.959,0.750,0.138,0.533,0.294,0.706,1.000,0.650
864,28.800,0.000,497.532,0.000,76.842,2,0,1,497.532,1.799,7,1,0.862,6,29.732,6778.757,0.600,0.293,15.508,0.702,0.755,0.030,0.296,0.704,0.977,0.750
867,28.900,0.000,527.664,0.000,-34.690,2,0,1,527.664,1.963,7,0,0.862,6,0.000,5217.124,0.600,0.287,15.591,0.555,1.891,0.012,0.271,0.729,0.987,0.700
870,29.000,616.572,80.156,140.688,-447.508,2,1,1,488.479,2.264,7,0,0.862,6,0.000,7053.648,0.600,0.287,15.990,0.620,2.996,0.005,0.269,0.731,0.983,0.700
873,29.100,57.428,67.231,-559.144,-12.925,2,1,1,477.722,2.084,4,1,0.828,6,0.000,7277.389,0.600,0.302,14.966,0.680,5.070,0.012,0.280,0.720,1.000,0.750
876,29.200,55.317,51.740,-2.111,-15.491,2,1,1,479.292,1.830,4,0,0.828,6,0.000,6720.537,0.633,0.379,16.635,0.634,7.028,0.042,0.278,0.722,1.000,0.700
879,29.300,27.295,24.759,-28.023,-26.981,2,1,1,439.451,1.638,4,0,0.828,6,0.000,6523.010,0.667,0.369,15.044,0.825,11.709,0.023,0.276,0.724,0.904,0.700
882,29.400,34.059,4.472,6.764,-20.287,2,1,1,404.283,1.516,4,1,0.793,6,0.000,4105.550,0.700,0.336,13.654,0.962,13.772,0.070,0.271,0.729,0.936,0.750
885,29.500,30.265,12.166,-3.793,7.693,2,1,1,374.066,1.522,4,0,0.793,6,0.000,2593.775,0.733,0.311,13.062,0.965,26.189,0.031,0.271,0.729,0.919,0.700
888,29.600,27.019,21.471,-3.247,9.305,2,1,1,364.911,1.247,4,0,0.793,6,0.000,1750.804,0.767,0.298,12.596,0.969,39.238,0.039,0.284,0.716,0.904,0.700
891,29.700,34.928,23.087,7.910,1.616,2,1,1,352.841,0.912,4,0,0.793,6,0.000,1406.370,0.800,0.298,11.114,0.963,47.415,0.019,0.265,0.735,0.953,0.700
894,29.800,16.031,13.928,-18.897,-9.158,2,1,1,349.468,0.644,4,0,0.793,6,0.000,1303.679,0.833,0.298,8.058,0.954,49.722,0.033,0.261,0.739,0.852,0.700
897,29.900,13.153,12.042,-2.878,-1.887,2,1,1,348.566,0.673,4,0,0.793,6,0.000,1037.209,0.833,0.298,6.865,0.981,37.339,0.066,0.228,0.772,0.806,0.700
900,30.000,16.279,10.050,3.126,-1.992,2,1,1,343.001,0.655,4,0,0.793,6,0.000,990.844,0.867,0.298,6.956,0.981,25.290,0.064,0.216,0.784,0.830,0.700
903,30.100,9.220,10.198,-7.059,0.148,2,1,1,343.996,0.663,4,0,0.793,6,0.000,969.664,0.900,0.298,5.036,0.971,15.479,0.028,0.213,0.787,0.753,0.700
906,30.200,7.000,7.071,-2.220,-3.127,2,1,1,343.890,0.668,4,0,0.828,6,0.000,913.200,0.933,0.298,3.098,0.965,3.766,0.023,0.188,0.812,0.691,0.700
909,30.300,5.831,3.162,-1.169,-3.909,2,1,1,341.696,0.371,5,0,0.862,6,26.306,982.050,0.967,0.298,1.950,0.909,2.432,0.034,0.155,0.845,0.664,0.700
912,30.400,3.606,5.831,-2.225,2.669,2,1,1,347.052,0.483,4,1,0.828,6,27.295,1093.938,1.000,0.298,0.979,0.605,1.457,1.549,0.148,0.852,0.665,0.750
915,30.500,2.236,2.828,-1.369,-3.003,2,1,1,347.298,0.826,4,0,0.828,6,46.043,1177.098,1.000,0.298,1.027,0.751,0.903,0.215,0.156,0.844,0.639,0.580
918,30.600,3.606,6.403,1.369,3.575,2,1,1,345.766,1.167,5,1,0.793,6,0.000,1162.234,1.000,0.298,2.170,0.941,0.493,0.844,0.209,0.791,0.674,0.750
921,30.700,1.414,9.487,-2.191,3.084,2,1,1,337.926,1.180,5,0,0.793,6,35.014,1723.715,1.000,0.298,2.184,0.980,0.195,0.100,0.198,0.802,0.689,0.580
924,30.800,5.099,17.117,3.685,7.630,2,1,1,319.758,1.299,5,0,0.793,6,23.000,1638.519,1.000,0.298,2.037,0.945,0.115,0.015,0.182,0.818,0.730,0.580
927,30.900,4.000,9.055,-1.099,-8.062,2,1,1,310.466,1.273,3,1,0.759,4,72.339,1651.770,1.000,0.311,1.701,0.912,0.386,0.385,0.195,0.805,0.579,0.750
930,31.000,4.123,5.000,0.123,-4.055,2,1,1,307.417,1.276,3,0,0.759,3,69.354,1451.938,1.000,0.311,1.439,0.951,0.651,0.174,0.175,0.825,0.547,0.580
933,31.100,3.162,4.123,-0.961,-0.877,2,1,1,304.322,1.218,3,0,0.759,2,72.443,1475.585,1.000,0.324,1.481,0.975,0.946,0.008,0.194,0.806,0.482,0.580
936,31.200,3.162,3.606,0.000,-0.518,2,1,1,305.164,1.110,4,1,0.724,5,68.184,1405.914,1.000,0.324,1.331,0.946,1.306,0.221,0.158,0.842,0.637,0.750
939,31.300,14.765,1.414,11.603,-2.191,2,1,1,317.025,1.104,4,0,0.724,6,63.789,1287.558,1.000,0.324,2.480,0.961,1.773,0.048,0.200,0.800,0.727,0.700
942,31.400,40.112,4.123,25.348,2.709,2,1,1,358.013,1.050,4,0,0.759,6,3.162,1283.140,1.000,0.324,1.448,0.835,2.230,0.430,0.166,0.834,0.851,0.700
945,31.500,21.954,4.243,-18.158,0.120,2,1,1,374.162,1.223,6,1,0.724,6,0.000,605.664,1.000,0.324,1.796,0.781,2.771,1.294,0.182,0.818,0.762,0.750
948,31.600,8.062,5.831,-13.892,1.588,2,1,1,367.110,1.228,6,0,0.724,6,0.000,648.087,1.000,0.324,1.566,0.926,3.402,0.637,0.199,0.801,0.669,0.700
951,31.700,16.000,10.296,7.938,4.465,2,1,1,346.468,1.204,6,0,0.759,6,0.000,619.144,1.000,0.324,1.581,0.620,2.848,0.766,0.146,0.854,0.735,0.700
954,31.800,18.788,2.000,2.788,-8.296,2,1,1,329.874,1.439,5,1,0.724,6,0.000,597.317,1.000,0.324,1.907,0.648,2.305,1.266,0.171,0.829,0.757,0.750
957,31.900,27.166,1.000,8.378,-1.000,2,1,1,303.727,1.585,5,0,0.724,6,0.000,642.534,1.000,0.324,1.265,0.526,1.885,0.079,0.140,0.860,0.796,0.700
960,32.000,5.385,3.000,-21.781,2.000,2,1,1,301.599,1.628,5,0,0.759,6,0.000,535.194,1.000,0.324,1.712,0.900,1.555,0.723,0.160,0.840,0.660,0.700
963,32.100,1.000,23.022,-4.385,20.022,2,1,1,320.601,1.528,5,1,0.724,6,0.000,612.205,1.000,0.311,2.354,0.763,1.318,1.883,0.167,0.833,0.783,0.750
966,32.200,9.055,9.220,8.055,-13.802,2,1,1,327.377,1.236,5,0,0.724,6,0.000,793.165,1.000,0.298,3.361,0.746,1.164,1.699,0.206,0.794,0.733,0.550
969,32.300,5.831,15.620,-3.224,6.401,2,1,1,312.963,1.157,5,0,0.759,6,0.000,928.059,1.000,0.298,3.673,0.787,1.042,0.412,0.223,0.777,0.774,0.550
972,32.400,5.000,13.416,-0.831,-2.204,2,1,1,298.304,1.107,5,1,0.724,6,0.000,966.699,1.000,0.298,3.533,0.670,0.913,0.821,0.221,0.779,0.766,0.750
975,32.500,6.403,5.831,1.403,-7.585,2,1,1,290.496,1.174,5,0,0.724,5,0.000,975.679,1.000,0.311,3.792,0.785,0.773,0.550,0.227,0.773,0.725,0.350
978,32.600,7.616,2.000,1.213,-3.831,2,1,1,283.425,0.912,5,0,0.724,5,2.236,975.597,1.000,0.311,2.655,0.597,0.618,0.321,0.213,0.787,0.717,0.350
981,32.700,2.828,5.385,-4.787,3.385,2,1,1,279.079,1.061,4,1,0.690,6,0.000,987.119,1.000,0.311,2.394,0.366,0.480,0.158,0.208,0.792,0.714,0.750
984,32.800,1.414,8.544,-1.414,3.159,2,1,1,280.303,0.957,4,0,0.690,5,137.902,1617.135,1.000,0.311,1.800,0.233,0.310,1.325,0.177,0.823,0.726,0.750
987,32.900,7.616,7.616,6.202,-0.928,2,1,1,280.303,0.841,4,0,0.690,6,82.055,1786.929,1.000,0.311,1.781,0.753,0.206,0.115,0.173,0.827,0.684,0.000
990,33.000,5.099,2.000,-2.517,-5.616,2,1,1,275.231,0.859,4,0,0.690,5,81.000,1752.184,1.000,0.311,1.778,0.824,0.006,0.007,0.174,0.826,0.665,0.000
993,33.100,8.062,5.000,2.963,3.000,2,1,1,267.541,0.661,4,0,0.690,5,81.000,1731.639,1.000,0.311,2.449,0.958,0.343,0.635,0.232,0.768,0.689,0.000
996,33.200,7.280,8.944,-0.782,3.944,2,1,1,269.475,0.699,4,0,0.690,6,83.006,1728.028,1.000,0.311,3.145,0.964,1.149,0.022,0.247,0.753,0.711,0.000
999,33.300,4.000,3.000,-3.280,-5.944,2,1,1,269.537,0.702,3,1,0.690,4,78.006,1714.509,1.000,0.324,2.267,0.952,2.005,0.166,0.227,0.773,0.662,0.750
1002,33.400,2.236,2.828,-1.764,-0.172,2,1,1,265.611,0.923,4,1,0.655,6,85.094,977.944,1.000,0.324,2.345,0.840,2.079,0.268,0.229,0.771,0.666,0.750
1005,33.500,3.000,5.385,0.764,2.557,2,1,1,263.486,1.028,4,0,0.690,6,87.000,1120.585,1.000,0.324,1.445,0.764,2.362,0.069,0.169,0.831,0.663,0.700
1008,33.600,13.153,4.123,10.153,-1.262,2,1,1,265.181,1.047,5,0,0.690,6,0.000,1255.654,1.000,0.311,2.058,0.901,2.479,0.415,0.215,0.785,0.711,0.700
1011,33.700,1.000,9.000,-12.153,4.877,2,1,1,265.189,1.215,5,0,0.690,6,132.246,1953.608,1.000,0.311,1.395,0.700,2.265,0.053,0.174,0.826,0.686,0.735
1014,33.800,8.062,8.602,7.062,-0.398,2,1,1,277.834,1.355,5,0,0.724,6,14.866,1947.619,1.000,0.311,1.109,0.619,1.135,0.395,0.151,0.849,0.682,0.350
1017,33.900,26.833,5.000,18.771,-3.602,2,1,1,259.208,1.651,4,0,0.724,6,14.866,1924.057,1.000,0.311,1.477,0.695,0.460,0.647,0.163,0.837,0.787,0.550
1020,34.000,12.530,4.000,-14.303,-1.000,2,1,1,264.189,1.609,4,0,0.724,5,16.279,1369.464,1.000,0.311,2.626,0.535,0.080,2.410,0.135,0.865,0.748,0.550
1023,34.100,6.325,6.083,-6.205,2.083,2,1,1,257.070,1.809,4,0,0.759,6,0.000,1314.589,1.000,0.311,0.810,0.227,0.191,2.682,0.080,0.920,0.689,0.550
1026,34.200,8.544,1.414,2.219,-4.669,2,1,1,248.032,1.640,5,0,0.759,6,15.620,767.327,1.000,0.311,0.326,0.523,0.425,2.696,0.059,0.941,0.669,0.550
1029,34.300,5.831,3.162,-2.713,1.748,2,1,1,244.008,1.470,5,0,0.759,6,0.000,787.710,1.000,0.311,0.742,0.629,0.695,0.305,0.116,0.884,0.657,0.350
1032,34.400,4.472,9.434,-1.359,6.272,2,1,1,235.136,1.522,5,0,0.793,6,11.402,821.987,1.000,0.311,1.167,0.888,0.715,0.439,0.144,0.856,0.669,0.350
1035,34.500,1.414,4.000,-3.058,-5.434,2,1,1,230.176,1.462,4,0,0.793,6,12.207,833.317,1.000,0.311,1.195,0.934,0.808,0.114,0.160,0.840,0.637,0.350
1038,34.600,3.162,6.325,1.748,2.325,2,1,1,227.317,1.455,3,1,0.759,4,13.454,829.850,1.000,0.311,0.808,0.837,0.853,1.247,0.130,0.870,0.647,0.750
1041,34.700,2.000,5.099,-1.162,-1.226,2,1,1,230.627,1.110,3,0,0.793,4,0.000,817.169,1.000,0.311,0.965,0.933,1.091,0.147,0.144,0.856,0.637,0.350
1044,34.800,1.000,1.414,-1.000,-3.685,2,1,1,229.630,1.186,4,1,0.759,6,10.000,809.218,1.000,0.311,0.634,0.898,1.423,1.378,0.096,0.904,0.611,0.750
1047,34.900,2.000,1.000,1.000,-0.414,2,1,1,229.558,0.930,5,1,0.724,6,6.403,764.925,1.000,0.311,0.962,0.903,1.619,0.957,0.144,0.856,0.622,0.750
1050,35.000,1.000,2.828,-1.000,1.828,2,1,1,226.433,0.998,5,0,0.759,6,0.000,699.080,1.000,0.311,0.689,0.656,2.024,0.339,0.106,0.894,0.637,0.700
1053,35.100,1.000,2.828,0.000,0.000,2,1,1,228.265,1.111,5,1,0.724,4,0.000,695.910,1.000,0.311,0.676,0.660,1.998,0.069,0.114,0.886,0.600,0.750
1056,35.200,1.414,3.000,0.414,0.172,2,1,1,230.217,1.158,4,1,0.690,4,0.000,671.475,1.000,0.324,0.782,0.935,2.070,0.979,0.129,0.871,0.621,0.750
1059,35.300,1.000,8.246,-0.414,5.246,2,1,1,232.019,1.276,5,1,0.690,4,0.000,660.398,1.000,0.324,0.573,0.759,1.893,1.515,0.093,0.907,0.621,0.750
1062,35.400,2.828,1.414,1.828,-6.832,2,1,1,235.034,1.224,5,0,0.690,4,0.000,659.859,1.000,0.324,0.556,0.666,1.737,1.231,0.086,0.914,0.597,0.700
1065,35.500,3.162,2.000,0.334,0.586,2,1,1,236.053,1.338,5,0,0.690,4,0.000,696.168,1.000,0.336,1.436,0.966,1.776,2.519,0.176,0.824,0.600,0.700
1068,35.600,7.211,1.414,4.049,-0.586,2,1,1,243.206,1.510,5,0,0.724,4,0.000,682.688,1.000,0.336,0.867,0.912,2.234,0.172,0.159,0.841,0.612,0.700
1071,35.700,2.828,1.000,-4.383,-0.414,2,1,1,240.133,1.706,4,1,0.690,6,0.000,687.019,1.000,0.336,0.952,0.972,1.823,0.215,0.140,0.860,0.621,0.750
1074,35.800,1.000,2.000,-1.828,1.000,2,1,1,241.075,1.608,4,0,0.690,6,0.000,685.249,1.000,0.336,0.662,0.947,1.300,0.063,0.101,0.899,0.611,0.350
1077,35.900,9.220,1.414,8.220,-0.586,2,1,1,231.106,1.610,4,0,0.690,6,0.000,683.059,1.000,0.324,0.771,0.800,1.134,0.376,0.132,0.868,0.664,0.350
1080,36.000,1.000,1.000,-8.220,-0.414,2,1,1,230.078,1.539,5,1,0.655,4,0.000,685.149,1.000,0.336,0.536,0.660,1.097,0.230,0.086,0.914,0.587,0.750
1083,36.100,3.000,2.000,2.000,1.000,2,1,1,230.106,1.441,5,0,0.655,5,0.000,692.790,1.000,0.336,0.693,0.766,1.091,0.080,0.104,0.896,0.630,0.350
1086,36.200,1.000,1.000,-2.000,-1.000,2,1,1,230.106,1.343,4,1,0.655,4,0.000,704.695,1.000,0.336,0.435,0.630,0.968,0.355,0.069,0.931,0.622,0.750
1089,36.300,1.000,0.000,0.000,-1.000,2,1,1,231.106,1.481,3,1,0.655,4,0.000,705.575,1.000,0.347,0.560,0.899,0.983,0.206,0.082,0.918,0.607,0.750
1092,36.400,3.606,1.000,2.606,1.000,2,1,1,234.077,1.521,3,0,0.655,4,0.000,694.120,1.000,0.347,1.179,0.931,0.850,2.600,0.171,0.829,0.634,0.550
1095,36.500,3.606,2.236,0.000,1.236,2,1,1,237.053,1.203,4,1,0.621,5,0.000,1142.559,1.000,0.336,0.471,0.510,0.760,0.050,0.075,0.925,0.646,0.750
1098,36.600,25.495,22.472,21.890,20.236,2,1,1,266.047,0.926,4,0,0.621,6,84.380,1204.358,1.000,0.336,1.396,0.204,0.685,0.234,0.092,0.908,0.812,0.550
1101,36.700,47.043,54.452,21.547,31.980,2,1,1,367.267,0.671,4,0,0.621,6,84.380,1204.358,1.000,0.324,2.664,0.811,0.478,2.502,0.210,0.790,0.910,0.550
1104,36.800,0.000,55.543,0.000,1.091,1,0,1,0.000,0.330,4,0,0.621,3,84.380,1204.358,1.000,0.336,5.477,0.767,0.159,0.325,0.253,0.747,0.888,0.650
1107,36.900,0.000,0.000,0.000,0.000,0,0,0,0.000,0.000,4,0,0.621,0,84.380,1204.358,0.967,0.336,5.168,0.768,0.540,0.778,0.261,0.739,0.361,0.650
1110,37.000,0.000,0.000,0.000,0.000,0,0,0,0.000,0.000,4,0,0.621,0,84.380,1204.358,0.933,0.336,4.437,0.757,1.272,0.074,0.242,0.758,0.340,0.580
1113,37.100,498.760,0.000,451.718,0.000,1,1,0,0.000,0.965,4,0,0.621,3,84.380,1204.358,0.933,0.309,6.434,0.807,3.377,0.593,0.227,0.773,0.901,0.700
1116,37.200,10.630,0.000,-488.130,0.000,1,1,0,0.000,1.006,6,1,0.586,4,84.380,1204.358,0.933,0.309,2.818,0.827,4.707,1.055,0.219,0.781,0.604,0.750
1119,37.300,0.000,0.000,0.000,0.000,0,0,0,0.000,0.000,6,0,0.586,0,84.380,1204.358,0.900,0.309,4.301,0.802,5.698,1.288,0.226,0.774,0.329,0.700
1122,37.400,0.000,0.000,0.000,0.000,0,0,0,0.000,0.000,6,0,0.586,0,84.380,1204.358,0.867,0.309,6.178,0.887,6.625,0.054,0.225,0.775,0.366,0.700
1125,37.500,0.000,259.023,0.000,203.480,1,0,1,0.000,0.509,5,1,0.586,3,84.380,1204.358,0.867,0.311,4.559,0.946,8.669,0.018,0.222,0.778,0.810,0.750
1128,37.600,0.000,0.000,0.000,0.000,0,0,0,0.000,0.000,5,0,0.586,0,84.380,1204.358,0.833,0.311,3.615,0.906,10.468,1.253,0.232,0.768,0.297,0.700
1131,37.700,0.000,0.000,0.000,0.000,0,0,0,0.000,0.000,5,0,0.621,0,84.380,1204.358,0.800,0.311,4.264,0.872,11.314,0.334,0.215,0.785,0.312,0.700
1134,37.800,597.001,0.000,586.371,0.000,1,1,0,0.000,1.095,5,0,0.655,3,84.380,1204.358,0.800,0.308,8.960,0.807,12.064,0.001,0.274,0.726,0.897,0.700
1137,37.900,0.000,563.257,0.000,304.233,1,0,1,0.000,0.790,5,0,0.655,3,0.000,2511.204,0.800,0.318,13.217,0.821,14.289,0.345,0.290,0.710,0.897,0.700
1140,38.000,59.942,0.000,-108.919,0.000,2,1,0,59.942,1.242,5,0,0.690,6,0.000,3313.368,0.800,0.318,14.595,0.613,16.321,0.100,0.268,0.732,1.000,0.700
1143,38.100,121.149,0.000,61.207,0.000,1,1,0,0.000,1.260,4,1,0.690,3,0.000,3434.620,0.800,0.318,17.217,0.503,19.341,0.005,0.248,0.752,0.946,0.750
1146,38.200,57.385,0.000,-63.764,0.000,1,1,0,0.000,1.285,4,0,0.724,3,57.385,3617.700,0.800,0.318,16.066,0.393,19.791,0.050,0.256,0.744,0.953,0.700
1149,38.300,34.205,0.000,-23.179,0.000,1,1,0,0.000,1.239,4,0,0.724,3,57.385,3617.700,0.800,0.327,15.363,0.573,12.319,0.015,0.259,0.741,0.881,0.700
1152,38.400,22.361,0.000,-11.845,0.000,1,1,0,0.000,1.286,4,1,0.690,3,13.038,3988.229,0.800,0.327,14.769,0.709,5.747,0.109,0.266,0.734,0.806,0.750
1155,38.500,12.530,0.000,-9.831,0.000,1,1,0,0.000,1.169,4,0,0.690,2,12.530,3666.384,0.800,0.327,13.783,0.855,4.800,0.110,0.261,0.739,0.696,0.700
1158,38.600,8.246,0.000,-4.284,0.000,1,1,0,0.000,1.369,4,0,0.724,2,8.246,3820.169,0.800,0.337,12.047,0.700,4.613,0.032,0.273,0.727,0.683,0.700
1161,38.700,20.616,0.000,12.369,0.000,1,1,0,0.000,0.994,4,0,0.724,2,0.000,3629.739,0.800,0.337,11.523,0.942,3.867,0.024,0.279,0.721,0.735,0.700
1164,38.800,0.000,0.000,0.000,0.000,0,0,0,0.000,0.000,4,0,0.724,0,0.000,3629.739,0.767,0.337,7.196,0.724,4.124,0.528,0.250,0.750,0.391,0.700
1167,38.900,0.000,0.000,0.000,0.000,0,0,0,0.000,0.000,4,0,0.759,0,0.000,3629.739,0.733,0.337,5.388,0.641,4.073,0.278,0.233,0.767,0.348,0.700
1170,39.000,0.000,0.000,0.000,0.000,0,0,0,0.000,0.000,5,1,0.724,0,0.000,3629.739,0.700,0.337,3.874,0.448,3.633,0.510,0.216,0.784,0.319,0.750
1173,39.100,0.000,0.000,0.000,0.000,0,0,0,0.000,0.000,5,0,0.759,0,0.000,3629.739,0.667,0.337,2.950,0.571,3.578,0.455,0.207,0.793,0.284,0.700
1176,39.200,0.000,0.000,0.000,0.000,0,0,0,0.000,0.000,5,0,0.793,0,0.000,3629.739,0.633,0.337,4.075,0.820,3.634,0.529,0.225,0.775,0.291,0.700
1179,39.300,51.624,0.000,31.008,0.000,1,1,0,0.000,1.226,4,1,0.759,2,0.000,3141.068,0.633,0.315,7.091,0.841,3.762,0.490,0.267,0.733,0.834,0.750
1182,39.400,50.774,0.000,16.715,0.000,2,1,0,50.774,1.445,4,0,0.793,4,0.000,1330.534,0.633,0.315,10.687,0.811,3.006,0.056,0.297,0.703,0.999,0.700
1185,39.500,0.000,0.000,0.000,0.000,0,0,0,0.000,0.000,4,0,0.793,0,0.000,1330.534,0.600,0.315,12.985,0.830,1.844,0.040,0.293,0.707,0.384,0.700
1188,39.600,0.000,118.127,0.000,-445.130,1,0,1,0.000,1.089,6,1,0.759,4,0.000,3043.807,0.600,0.327,15.766,0.539,1.240,0.103,0.267,0.733,0.904,0.750
1191,39.700,167.631,0.000,116.857,0.000,1,1,0,0.000,1.493,6,0,0.759,4,0.000,4741.858,0.600,0.327,16.040,0.616,0.758,0.035,0.248,0.752,0.899,0.500
1194,39.800,15.652,0.000,-151.978,0.000,1,1,0,0.000,1.502,6,0,0.759,4,0.000,4590.220,0.600,0.327,16.217,0.805,0.508,0.055,0.242,0.758,0.723,0.580
1197,39.900,13.000,0.000,-2.652,0.000,1,1,0,0.000,1.440,4,1,0.724,2,0.000,4255.145,0.633,0.322,15.303,0.871,0.358,0.050,0.238,0.762,0.677,0.750
1200,40.000,12.207,0.000,-0.793,0.000,1,1,0,0.000,1.270,4,0,0.724,2,0.000,3643.465,0.667,0.330,14.893,0.927,0.232,0.061,0.242,0.758,0.673,0.580
1203,40.100,7.071,0.000,-5.135,0.000,1,1,0,0.000,1.329,4,0,0.759,2,0.000,3286.725,0.667,0.330,13.119,0.929,0.128,0.018,0.244,0.756,0.644,0.580
1206,40.200,0.000,26.926,0.000,-91.201,1,0,1,0.000,1.050,4,1,0.724,3,0.000,2729.919,0.667,0.326,10.732,0.896,0.070,0.017,0.243,0.757,0.802,0.750
1209,40.300,0.000,15.620,0.000,-11.305,1,0,1,0.000,1.207,4,0,0.724,3,0.000,2323.854,0.700,0.323,8.721,0.896,0.058,0.027,0.246,0.754,0.743,0.580
1212,40.400,0.000,23.022,0.000,7.401,1,0,1,0.000,1.483,4,0,0.759,3,0.000,1638.294,0.733,0.323,8.477,0.843,0.081,0.105,0.246,0.754,0.792,0.550
1215,40.500,0.000,9.055,0.000,-13.966,1,0,1,0.000,1.393,4,0,0.759,3,0.000,1481.287,0.733,0.323,6.357,0.846,0.024,0.071,0.241,0.759,0.673,0.580
1218,40.600,0.000,6.325,0.000,-2.731,1,0,1,0.000,1.352,4,0,0.759,3,0.000,1415.817,0.767,0.332,5.341,0.889,0.022,0.160,0.235,0.765,0.633,0.580
1221,40.700,0.000,16.643,0.000,10.319,1,0,1,0.000,1.249,4,0,0.759,3,41.110,1338.564,0.800,0.332,3.950,0.902,0.065,0.872,0.224,0.776,0.659,0.580
1224,40.800,0.000,6.083,0.000,-10.561,1,0,1,0.000,1.130,4,0,0.759,3,77.795,1229.504,0.800,0.332,2.652,0.920,0.065,0.089,0.205,0.795,0.567,0.580
1227,40.900,0.000,19.925,0.000,13.842,1,0,1,0.000,0.983,4,0,0.759,3,97.514,1330.754,0.800,0.332,4.146,0.688,0.029,0.127,0.225,0.775,0.697,0.542
1230,41.000,0.000,32.062,0.000,12.138,1,0,1,0.000,0.932,4,0,0.793,3,140.431,1564.737,0.800,0.332,5.263,0.641,0.027,1.064,0.232,0.768,0.796,0.750
1233,41.100,0.000,0.000,0.000,0.000,0,0,0,0.000,0.000,5,1,0.759,0,140.431,1564.737,0.767,0.332,4.755,0.617,0.114,1.671,0.233,0.767,0.338,0.750
1236,41.200,177.792,0.000,170.721,0.000,1,1,0,0.000,1.341,5,0,0.759,4,140.431,1564.737,0.767,0.335,4.949,0.744,0.258,0.064,0.249,0.751,0.858,0.750
1239,41.300,14.036,0.000,-163.756,0.000,1,1,0,0.000,1.420,5,0,0.793,4,140.431,1564.737,0.767,0.327,4.795,0.676,0.420,1.394,0.225,0.775,0.687,0.750
1242,41.400,34.828,0.000,20.792,0.000,1,1,0,0.000,1.419,4,1,0.759,3,96.104,1725.100,0.767,0.386,3.875,0.857,0.591,1.670,0.242,0.758,0.757,0.750
1245,41.500,14.318,0.000,-20.510,0.000,1,1,0,0.000,1.391,4,0,0.759,3,0.000,1866.838,0.767,0.395,2.774,0.886,0.758,0.086,0.223,0.777,0.614,0.580
1248,41.600,0.000,0.000,0.000,0.000,0,0,0,0.000,0.000,4,0,0.759,0,0.000,1866.838,0.733,0.395,2.845,0.838,0.934,0.280,0.248,0.752,0.270,0.650
1251,41.700,0.000,0.000,0.000,0.000,0,0,0,0.000,0.000,5,1,0.724,0,0.000,1866.838,0.700,0.395,2.733,0.868,1.087,0.018,0.260,0.740,0.262,0.750
1254,41.800,0.000,122.577,0.000,90.514,1,0,1,0.000,0.896,5,0,0.724,3,12.530,1850.519,0.733,0.380,2.107,0.783,1.190,0.105,0.249,0.751,0.744,0.650
1257,41.900,0.000,0.000,0.000,0.000,0,0,0,0.000,0.000,4,1,0.724,0,12.530,1850.519,0.733,0.380,1.158,0.612,1.320,0.079,0.188,0.812,0.244,0.750
1260,42.000,0.000,11.662,0.000,-110.915,1,0,1,0.000,0.846,5,1,0.690,3,18.111,1968.524,0.767,0.379,0.986,0.424,1.521,0.301,0.167,0.833,0.560,0.750
1263,42.100,0.000,8.062,0.000,-3.600,1,0,1,0.000,0.959,5,0,0.690,3,4.472,2076.009,0.800,0.379,0.971,0.535,1.718,0.784,0.162,0.838,0.536,0.700
1266,42.200,0.000,10.296,0.000,2.233,1,0,1,0.000,1.127,5,0,0.724,3,9.434,2052.438,0.833,0.388,1.149,0.780,1.940,1.201,0.156,0.844,0.539,0.700
1269,42.300,0.000,5.099,0.000,-5.197,1,0,1,0.000,1.204,5,0,0.724,3,4.123,2037.689,0.833,0.379,1.782,0.841,1.977,0.273,0.208,0.792,0.522,0.700
1272,42.400,0.000,5.000,0.000,-0.099,1,0,1,0.000,1.400,5,0,0.724,4,0.000,1957.595,0.833,0.370,3.085,0.916,1.740,0.321,0.274,0.726,0.585,0.700
1275,42.500,0.000,3.606,0.000,-1.394,1,0,1,0.000,1.193,5,0,0.759,4,0.000,1910.838,0.867,0.370,2.999,0.866,1.556,0.152,0.271,0.729,0.582,0.700
1278,42.600,0.000,5.385,0.000,1.780,1,0,1,0.000,1.268,4,1,0.724,2,2.236,1928.819,0.867,0.370,1.884,0.671,1.450,1.079,0.198,0.802,0.524,0.750
1281,42.700,0.000,5.831,0.000,0.446,1,0,1,0.000,1.171,4,0,0.724,2,2.828,1664.088,0.867,0.379,1.619,0.673,1.374,0.430,0.202,0.798,0.520,0.580
1284,42.800,0.000,3.000,0.000,-2.831,1,0,1,0.000,1.258,4,0,0.759,2,2.000,1647.854,0.867,0.379,1.527,0.640,1.347,0.090,0.209,0.791,0.504,0.580
1287,42.900,0.000,2.828,0.000,-0.172,1,0,1,0.000,1.420,5,1,0.724,3,1.000,1621.594,0.867,0.379,1.391,0.487,1.367,0.418,0.187,0.813,0.528,0.750
1290,43.000,0.000,5.000,0.000,2.172,1,0,1,0.000,1.600,5,0,0.724,4,0.000,1267.085,0.867,0.379,2.624,0.963,1.387,1.496,0.251,0.749,0.574,0.580
1293,43.100,0.000,3.162,0.000,-1.838,1,0,1,0.000,1.532,5,0,0.759,4,2.236,874.697,0.867,0.370,2.652,0.961,1.406,1.148,0.253,0.747,0.565,0.700
1296,43.200,0.000,0.000,0.000,0.000,0,0,0,0.000,0.000,5,0,0.759,0,2.236,874.697,0.833,0.370,2.157,0.915,1.493,0.358,0.231,0.769,0.260,0.700
1299,43.300,0.000,27.586,0.000,24.424,1,0,1,0.000,1.582,5,0,0.759,4,121.248,281.358,0.833,0.370,2.360,0.784,1.579,0.925,0.232,0.768,0.701,0.700
1302,43.400,0.000,97.453,0.000,69.866,1,0,1,0.000,1.592,5,0,0.759,4,121.248,281.358,0.833,0.370,2.451,0.695,1.511,1.633,0.211,0.789,0.807,0.700
1305,43.500,0.000,0.000,0.000,0.000,0,0,0,0.000,0.000,4,1,0.724,0,121.248,281.358,0.800,0.370,4.206,0.319,1.353,1.831,0.199,0.801,0.349,0.750
1308,43.600,289.803,0.000,275.486,0.000,1,1,0,0.000,1.264,4,0,0.724,3,121.248,281.358,0.800,0.370,6.469,0.709,0.940,2.328,0.270,0.730,0.893,0.674
1311,43.700,9.220,0.000,-280.584,0.000,1,1,0,0.000,1.233,4,0,0.724,3,121.248,281.358,0.800,0.370,3.296,0.753,0.451,2.803,0.241,0.759,0.612,0.674
1314,43.800,21.213,0.000,11.994,0.000,1,1,0,0.000,1.300,4,0,0.724,3,121.248,281.358,0.800,0.370,3.447,0.907,0.208,1.814,0.240,0.760,0.672,0.674
1317,43.900,12.806,0.000,-8.407,0.000,1,1,0,0.000,1.255,4,0,0.724,3,121.248,281.358,0.800,0.382,1.138,0.695,0.093,2.730,0.145,0.855,0.582,0.674
1320,44.000,10.817,0.000,-1.990,0.000,1,1,0,0.000,1.323,4,0,0.759,3,242.161,1954.499,0.800,0.386,0.921,0.252,0.135,1.547,0.136,0.864,0.596,0.750
1323,44.100,6.000,0.000,-4.817,0.000,1,1,0,0.000,1.313,4,0,0.759,3,7.071,3532.330,0.833,0.386,0.620,0.301,0.140,2.329,0.094,0.906,0.563,0.580
1326,44.200,4.123,0.000,-1.877,0.000,1,1,0,0.000,1.598,4,0,0.759,3,83.815,4148.874,0.833,0.386,0.808,0.843,0.065,2.279,0.139,0.861,0.519,0.580
1329,44.300,7.280,0.000,3.157,0.000,1,1,0,0.000,1.902,4,0,0.793,3,74.431,5326.050,0.833,0.386,1.669,0.976,0.080,0.372,0.195,0.805,0.549,0.580
1332,44.400,5.000,0.000,-2.280,0.000,1,1,0,0.000,1.732,6,1,0.759,4,9.487,6229.959,0.833,0.386,1.577,0.963,0.361,0.173,0.198,0.802,0.520,0.750
1335,44.500,5.831,0.000,0.831,0.000,1,1,0,0.000,1.854,5,1,0.724,3,9.487,6229.959,0.833,0.386,1.556,0.945,0.662,0.647,0.234,0.766,0.513,0.750
1338,44.600,12.083,0.000,6.252,0.000,1,1,0,0.000,1.984,6,1,0.724,4,75.802,6457.629,0.867,0.386,1.861,0.946,0.588,0.569,0.233,0.767,0.571,0.750
1341,44.700,10.198,0.000,-1.885,0.000,1,1,0,0.000,2.048,4,1,0.690,3,7.280,6630.259,0.900,0.386,1.089,0.909,0.544,0.395,0.183,0.817,0.563,0.750
1344,44.800,3.162,0.000,-7.036,0.000,1,1,0,0.000,1.710,4,0,0.724,3,21.587,6623.970,0.900,0.376,1.861,0.973,0.520,0.015,0.239,0.761,0.539,0.580
1347,44.900,3.162,0.000,0.000,0.000,1,1,0,0.000,1.703,4,0,0.759,3,91.810,7055.110,0.933,0.376,1.644,0.956,0.442,0.539,0.194,0.806,0.539,0.580
1350,45.000,2.000,0.000,-1.162,0.000,1,1,0,0.000,1.577,4,0,0.759,3,81.835,6929.884,0.933,0.386,1.127,0.795,0.247,0.938,0.160,0.840,0.531,0.580
1353,45.100,8.062,0.000,6.062,0.000,1,1,0,0.000,1.566,4,0,0.759,3,71.868,7054.619,0.933,0.386,1.300,0.940,0.305,0.499,0.180,0.820,0.558,0.580
1356,45.200,8.602,0.000,0.540,0.000,1,1,0,0.000,1.784,4,0,0.759,3,75.604,6768.910,0.933,0.391,0.556,0.760,0.745,2.728,0.062,0.938,0.556,0.580
1359,45.300,9.055,0.000,0.453,0.000,1,1,0,0.000,1.965,4,0,0.759,3,74.813,6654.740,0.933,0.391,1.010,0.826,1.034,2.264,0.144,0.856,0.565,0.580
1362,45.400,14.036,0.000,4.980,0.000,1,1,0,0.000,1.849,4,0,0.759,3,74.813,6654.740,0.933,0.400,1.198,0.509,1.266,0.110,0.098,0.902,0.619,0.580
1365,45.500,13.454,0.000,-0.582,0.000,1,1,0,0.000,1.885,4,0,0.793,3,74.813,6654.740,0.933,0.408,2.112,0.824,1.100,0.990,0.196,0.804,0.617,0.580
1368,45.600,11.705,0.000,-1.749,0.000,1,1,0,0.000,2.214,5,1,0.759,3,74.813,6654.740,0.933,0.408,1.096,0.734,0.886,0.945,0.120,0.880,0.561,0.750
1371,45.700,8.602,0.000,-3.102,0.000,1,1,0,0.000,2.064,5,0,0.759,3,103.175,6191.729,0.933,0.408,1.167,0.855,0.759,0.565,0.122,0.878,0.537,0.580
1374,45.800,19.105,0.000,10.503,0.000,1,1,0,0.000,1.999,5,0,0.793,3,71.694,5158.655,0.933,0.408,2.064,0.974,0.684,1.810,0.184,0.816,0.610,0.550
1377,45.900,11.402,0.000,-7.703,0.000,1,1,0,0.000,1.878,5,0,0.793,3,6.083,4539.869,0.933,0.408,3.084,0.965,0.674,0.332,0.258,0.742,0.593,0.580
1380,46.000,7.616,0.000,-3.786,0.000,1,1,0,0.000,1.691,5,0,0.793,3,6.083,4539.869,0.933,0.408,4.481,0.984,0.618,0.111,0.286,0.714,0.605,0.580
1383,46.100,10.296,0.000,2.680,0.000,1,1,0,0.000,1.476,5,0,0.793,2,6.083,4539.869,0.933,0.408,5.143,0.989,0.433,0.079,0.291,0.709,0.601,0.580
1386,46.200,5.099,0.000,-5.197,0.000,1,1,0,0.000,1.314,5,0,0.793,3,6.083,4539.869,0.967,0.408,4.529,0.943,0.251,0.126,0.282,0.718,0.600,0.580
1389,46.300,10.198,0.000,5.099,0.000,1,1,0,0.000,1.249,5,0,0.793,3,6.083,4539.869,0.967,0.408,3.864,0.924,0.048,0.108,0.266,0.734,0.613,0.580
1392,46.400,18.385,0.000,8.187,0.000,1,1,0,0.000,1.077,5,0,0.828,1,6.083,4539.869,0.967,0.417,2.233,0.852,0.062,0.306,0.221,0.779,0.550,0.350
1395,46.500,0.000,0.000,-18.385,0.000,1,1,0,0.000,1.045,5,0,0.828,1,6.083,4539.869,1.000,0.426,1.911,0.969,0.122,0.032,0.222,0.778,0.436,0.580
1398,46.600,0.000,73.926,0.000,-23.527,1,0,1,0.000,1.505,5,0,0.828,2,45.100,3860.689,1.000,0.426,1.033,0.800,0.308,0.003,0.138,0.862,0.712,0.500
1401,46.700,6.403,0.000,6.403,0.000,1,1,0,0.000,0.991,5,0,0.828,1,68.877,2235.594,1.000,0.435,0.484,0.709,0.981,1.604,0.055,0.945,0.454,0.580
1404,46.800,19.209,0.000,12.806,0.000,1,1,0,0.000,0.911,5,0,0.828,3,78.409,2461.918,1.000,0.435,1.071,0.787,1.394,1.379,0.083,0.917,0.606,0.550
1407,46.900,4.000,0.000,-15.209,0.000,1,1,0,0.000,0.873,5,0,0.828,2,120.540,2404.819,1.000,0.435,0.852,0.469,2.693,1.601,0.114,0.886,0.503,0.700
1410,47.000,6.000,0.000,2.000,0.000,1,1,0,0.000,0.983,5,0,0.828,2,120.540,2404.819,1.000,0.444,0.645,0.563,2.633,1.321,0.091,0.909,0.502,0.700
1413,47.100,15.652,0.000,9.652,0.000,1,1,0,0.000,1.378,4,1,0.793,2,120.540,2404.819,1.000,0.444,0.752,0.856,2.006,0.297,0.136,0.864,0.556,0.750
1416,47.200,34.482,0.000,18.829,0.000,1,1,0,0.000,1.672,5,1,0.759,3,120.540,2404.819,1.000,0.444,4.194,0.957,2.046,0.649,0.258,0.742,0.757,0.750
1419,47.300,66.272,0.000,31.790,0.000,1,1,0,0.000,1.604,5,0,0.793,3,120.540,2404.819,1.000,0.444,8.583,0.960,2.614,0.261,0.288,0.712,0.911,0.700
1422,47.400,10.817,0.000,-55.456,0.000,1,1,0,0.000,1.752,4,1,0.793,3,120.540,2404.819,1.000,0.444,10.767,0.959,3.390,0.019,0.298,0.702,0.748,0.750
1425,47.500,190.158,0.000,179.341,0.000,1,1,0,0.000,1.575,4,0,0.828,3,33.615,2307.337,1.000,0.444,14.510,0.844,3.112,0.271,0.313,0.687,0.946,0.700
1428,47.600,194.558,0.000,4.401,0.000,1,1,0,0.000,1.441,4,0,0.862,3,33.615,2307.337,1.000,0.444,15.422,0.486,2.449,0.038,0.310,0.690,0.971,0.700
1431,47.700,74.953,0.000,-119.605,0.000,1,1,0,0.000,1.430,4,0,0.862,2,33.615,2307.337,1.000,0.444,15.728,0.520,2.182,0.075,0.253,0.747,0.924,0.700
1434,47.800,0.000,0.000,0.000,0.000,0,0,0,0.000,0.000,4,0,0.862,0,33.615,2307.337,0.967,0.444,15.320,0.521,2.347,0.024,0.257,0.743,0.450,0.700
1437,47.900,39.115,0.000,-35.838,0.000,1,1,0,0.000,1.529,4,0,0.862,2,153.951,2855.630,0.967,0.446,17.263,0.699,2.682,0.007,0.241,0.759,0.874,0.750
1440,48.000,27.893,0.000,-11.223,0.000,1,1,0,0.000,1.234,4,0,0.862,2,0.000,4178.468,0.967,0.446,16.459,0.836,3.359,0.093,0.232,0.768,0.802,0.700
1443,48.100,0.000,0.000,0.000,0.000,0,0,0,0.000,0.000,4,0,0.862,0,0.000,4178.468,0.933,0.446,12.836,0.923,4.072,0.235,0.245,0.755,0.417,0.700
1446,48.200,0.000,0.000,0.000,0.000,0,0,0,0.000,0.000,4,0,0.862,0,0.000,4178.468,0.900,0.446,7.549,0.698,4.587,0.465,0.236,0.764,0.418,0.700
1449,48.300,0.000,0.000,0.000,0.000,0,0,0,0.000,0.000,4,0,0.862,0,0.000,4178.468,0.867,0.446,5.988,0.498,4.896,0.444,0.223,0.777,0.389,0.700
1452,48.400,0.000,0.000,0.000,0.000,0,0,0,0.000,0.000,4,0,0.862,0,0.000,4178.468,0.833,0.446,5.796,0.657,5.132,0.010,0.215,0.785,0.369,0.700
1455,48.500,9.220,0.000,-18.673,0.000,1,1,0,0.000,1.103,4,0,0.897,2,53.310,5195.787,0.833,0.384,4.927,0.688,5.299,0.124,0.202,0.798,0.616,0.700
1458,48.600,0.000,0.000,0.000,0.000,0,0,0,0.000,0.000,4,0,0.897,0,53.310,5195.787,0.800,0.384,3.802,0.656,5.342,0.392,0.201,0.799,0.315,0.700
1461,48.700,0.000,0.000,0.000,0.000,0,0,0,0.000,0.000,4,0,0.897,0,53.310,5195.787,0.767,0.384,3.535,0.767,5.421,0.525,0.206,0.794,0.297,0.700
1464,48.800,104.235,0.000,95.016,0.000,1,1,0,0.000,1.198,4,0,0.897,2,0.000,4928.489,0.767,0.389,7.468,0.830,5.110,0.508,0.245,0.755,0.861,0.700
1467,48.900,15.524,0.000,-88.711,0.000,1,1,0,0.000,1.007,5,0,0.897,2,59.540,4650.265,0.767,0.389,14.077,0.627,3.459,0.054,0.278,0.722,0.706,0.700
1470,49.000,0.000,170.696,0.000,96.770,1,0,1,0.000,1.784,5,0,0.897,4,0.000,4246.554,0.767,0.389,16.908,0.629,2.478,0.033,0.280,0.720,0.942,0.700
1473,49.100,164.976,0.000,149.452,0.000,1,1,0,0.000,0.967,5,0,0.897,4,0.000,3986.124,0.767,0.382,17.757,0.612,1.681,0.012,0.275,0.725,0.943,0.700
1476,49.200,15.133,0.000,-149.843,0.000,1,1,0,0.000,1.051,4,1,0.862,2,0.000,3788.454,0.767,0.389,14.767,0.611,1.271,0.079,0.260,0.740,0.723,0.750
1479,49.300,13.342,0.000,-1.791,0.000,1,1,0,0.000,1.325,4,0,0.862,2,0.000,2247.169,0.767,0.389,15.256,0.695,0.969,0.053,0.262,0.738,0.707,0.580
1482,49.400,6.708,0.000,-6.633,0.000,1,1,0,0.000,1.255,4,0,0.862,2,0.000,1740.237,0.767,0.389,14.223,0.667,0.768,0.067,0.270,0.730,0.673,0.580
1485,49.500,21.932,0.000,15.224,0.000,1,1,0,0.000,1.376,5,1,0.828,4,0.000,1017.499,0.767,0.389,16.977,0.658,0.532,0.019,0.279,0.721,0.812,0.750
1488,49.600,13.153,0.000,-8.779,0.000,1,1,0,0.000,1.358,5,0,0.828,4,0.000,512.624,0.767,0.374,16.274,0.801,0.378,0.014,0.282,0.718,0.753,0.580
1491,49.700,25.080,0.000,11.927,0.000,1,1,0,0.000,1.526,5,0,0.828,4,0.000,489.725,0.767,0.366,15.114,0.942,0.305,0.063,0.289,0.711,0.809,0.350
1494,49.800,13.454,0.000,-11.626,0.000,1,1,0,0.000,1.501,3,1,0.793,2,31.064,515.869,0.767,0.366,11.927,0.823,0.329,0.009,0.297,0.703,0.629,0.750
1497,49.900,14.866,0.000,1.412,0.000,1,1,0,0.000,1.500,3,0,0.793,2,0.000,490.739,0.767,0.366,11.208,0.889,0.359,0.024,0.294,0.706,0.632,0.580
1500,50.000,11.402,0.000,-3.464,0.000,1,1,0,0.000,1.492,3,0,0.828,2,0.000,455.519,0.767,0.366,7.633,0.938,0.389,0.091,0.276,0.724,0.601,0.580
1503,50.100,25.080,0.000,13.678,0.000,1,1,0,0.000,1.452,3,0,0.862,2,0.000,481.324,0.767,0.366,6.820,0.662,0.399,0.237,0.282,0.718,0.675,0.350
1506,50.200,85.147,0.000,60.067,0.000,1,1,0,0.000,1.262,3,0,0.862,2,66.573,647.449,0.767,0.366,5.423,0.699,0.426,0.546,0.268,0.732,0.749,0.450
1509,50.300,0.000,124.920,0.000,-45.776,1,0,1,0.000,1.676,3,0,0.897,2,9.434,845.965,0.767,0.374,5.475,0.832,0.456,0.177,0.269,0.731,0.741,0.500
1512,50.400,0.000,32.650,0.000,-92.270,1,0,1,0.000,1.753,5,1,0.862,4,29.120,978.369,0.767,0.366,5.428,0.892,0.440,0.026,0.259,0.741,0.791,0.750
1515,50.500,38.288,0.000,-46.859,0.000,1,1,0,0.000,1.475,5,0,0.862,4,0.000,1154.245,0.767,0.366,4.537,0.920,0.274,0.084,0.268,0.732,0.798,0.500
1518,50.600,1.000,0.000,-37.288,0.000,1,1,0,0.000,1.462,5,0,0.862,4,0.000,1262.025,0.767,0.355,4.515,0.894,0.074,0.254,0.278,0.722,0.592,0.580
1521,50.700,9.220,0.000,8.220,0.000,1,1,0,0.000,1.105,4,1,0.828,3,0.000,1251.548,0.767,0.355,3.354,0.884,0.123,0.012,0.245,0.755,0.600,0.750
1524,50.800,2.236,0.000,-6.983,0.000,1,1,0,0.000,1.021,4,0,0.828,2,4.123,1180.655,0.800,0.401,2.115,0.799,0.257,0.191,0.218,0.782,0.495,0.580
1527,50.900,2.000,0.000,-0.236,0.000,1,1,0,0.000,1.275,4,0,0.828,2,1.414,1071.150,0.800,0.426,1.528,0.421,0.423,0.269,0.195,0.805,0.506,0.580
1530,51.000,1.414,0.000,-0.586,0.000,1,1,0,0.000,1.432,5,1,0.793,4,0.000,814.870,0.800,0.417,1.135,0.650,0.565,2.985,0.129,0.871,0.531,0.750
1533,51.100,6.325,0.000,4.910,0.000,1,1,0,0.000,1.378,5,0,0.793,4,0.000,601.075,0.833,0.417,1.294,0.773,0.774,0.375,0.163,0.837,0.557,0.580
1536,51.200,5.000,0.000,-1.325,0.000,1,1,0,0.000,1.382,5,0,0.793,4,138.755,725.627,0.867,0.417,1.639,0.739,0.983,0.459,0.185,0.815,0.565,0.750
1539,51.300,33.838,0.000,28.838,0.000,1,1,0,0.000,1.050,5,0,0.793,4,172.803,920.310,0.900,0.408,2.639,0.704,1.248,1.096,0.208,0.792,0.757,0.750
1542,51.400,0.000,196.469,0.000,163.819,1,0,1,0.000,1.550,5,0,0.793,4,172.803,920.310,0.933,0.408,4.206,0.359,1.500,0.463,0.191,0.809,0.886,0.750
1545,51.500,0.000,0.000,0.000,0.000,0,0,0,0.000,0.000,5,0,0.793,0,172.803,920.310,0.900,0.408,3.839,0.653,1.755,2.212,0.221,0.779,0.328,0.750
1548,51.600,0.000,0.000,0.000,0.000,0,0,0,0.000,0.000,4,1,0.759,0,172.803,920.310,0.900,0.408,5.625,0.777,1.940,2.296,0.269,0.731,0.364,0.750
1551,51.700,0.000,0.000,0.000,0.000,0,0,0,0.000,0.000,4,0,0.759,0,172.803,920.310,0.900,0.408,2.705,0.457,2.157,0.993,0.221,0.779,0.314,0.750
1554,51.800,0.000,0.000,0.000,0.000,0,0,0,0.000,0.000,4,0,0.759,0,172.803,920.310,0.867,0.408,2.281,0.841,2.371,1.475,0.227,0.773,0.272,0.750
1557,51.900,0.000,0.000,0.000,0.000,0,0,0,0.000,0.000,5,1,0.724,0,172.803,920.310,0.833,0.408,2.229,0.774,2.275,0.509,0.224,0.776,0.272,0.750
1560,52.000,0.000,0.000,0.000,0.000,0,0,0,0.000,0.000,5,0,0.724,0,172.803,920.310,0.800,0.408,1.530,0.704,2.022,0.256,0.183,0.817,0.255,0.750
1563,52.100,0.000,0.000,0.000,0.000,0,0,0,0.000,0.000,5,0,0.759,0,172.803,920.310,0.767,0.408,1.765,0.886,1.816,0.780,0.203,0.797,0.244,0.750
1566,52.200,0.000,0.000,0.000,0.000,0,0,0,0.000,0.000,4,1,0.724,0,172.803,920.310,0.733,0.408,1.513,0.763,1.690,1.501,0.183,0.817,0.242,0.750
1569,52.300,0.000,0.000,0.000,0.000,0,0,0,0.000,0.000,4,0,0.724,0,172.803,920.310,0.700,0.408,1.364,0.751,1.504,3.026,0.155,0.845,0.236,0.750
1572,52.400,0.000,0.000,0.000,0.000,0,0,0,0.000,0.000,4,0,0.759,0,172.803,920.310,0.667,0.408,1.287,0.810,1.307,1.775,0.181,0.819,0.225,0.750
1575,52.500,0.000,0.000,0.000,0.000,0,0,0,0.000,0.000,4,0,0.759,0,172.803,920.310,0.633,0.408,0.827,0.873,1.120,0.993,0.136,0.864,0.206,0.750
1578,52.600,0.000,0.000,0.000,0.000,0,0,0,0.000,0.000,4,0,0.759,0,172.803,920.310,0.600,0.408,1.363,0.913,0.986,1.394,0.157,0.843,0.212,0.750
1581,52.700,0.000,0.000,0.000,0.000,0,0,0,0.000,0.000,4,0,0.793,0,172.803,920.310,0.567,0.408,1.423,0.928,0.876,0.021,0.179,0.821,0.209,0.750
1584,52.800,0.000,0.000,0.000,0.000,0,0,0,0.000,0.000,5,1,0.759,0,172.803,920.310,0.533,0.408,1.148,0.893,0.803,2.725,0.155,0.845,0.200,0.750
1587,52.900,0.000,0.000,0.000,0.000,0,0,0,0.000,0.000,4,1,0.724,0,172.803,920.310,0.500,0.408,0.637,0.479,0.774,2.011,0.101,0.899,0.212,0.750
1590,53.000,0.000,0.000,0.000,0.000,0,0,0,0.000,0.000,5,1,0.690,0,172.803,920.310,0.467,0.408,0.521,0.782,0.935,2.882,0.065,0.935,0.184,0.750
1593,53.100,0.000,0.000,0.000,0.000,0,0,0,0.000,0.000,5,0,0.690,0,172.803,920.310,0.433,0.408,0.949,0.910,1.063,2.151,0.150,0.850,0.182,0.750
1596,53.200,0.000,0.000,0.000,0.000,0,0,0,0.000,0.000,5,0,0.690,0,172.803,920.310,0.400,0.408,1.580,0.956,1.290,1.066,0.203,0.797,0.191,0.750
1599,53.300,0.000,0.000,0.000,0.000,0,0,0,0.000,0.000,5,0,0.724,0,172.803,920.310,0.367,0.408,1.490,0.947,1.282,0.111,0.192,0.808,0.185,0.750
1602,53.400,0.000,0.000,0.000,0.000,0,0,0,0.000,0.000,5,0,0.724,0,172.803,920.310,0.333,0.408,1.167,0.846,1.254,1.163,0.191,0.809,0.180,0.750
1605,53.500,0.000,0.000,0.000,0.000,0,0,0,0.000,0.000,5,0,0.724,0,172.803,920.310,0.300,0.408,1.268,0.958,1.264,0.525,0.201,0.799,0.171,0.750
1608,53.600,0.000,0.000,0.000,0.000,0,0,0,0.000,0.000,5,0,0.759,0,172.803,920.310,0.267,0.408,0.846,0.722,1.156,0.213,0.177,0.823,0.173,0.750
1611,53.700,0.000,0.000,0.000,0.000,0,0,0,0.000,0.000,5,0,0.759,0,172.803,920.310,0.233,0.408,0.745,0.446,1.129,0.208,0.143,0.857,0.185,0.750
1614,53.800,0.000,0.000,0.000,0.000,0,0,0,0.000,0.000,4,1,0.724,0,172.803,920.310,0.200,0.408,1.022,0.919,1.067,0.233,0.189,0.811,0.155,0.750
1617,53.900,0.000,0.000,0.000,0.000,0,0,0,0.000,0.000,5,1,0.724,0,172.803,920.310,0.167,0.408,0.855,0.872,1.022,0.237,0.151,0.849,0.150,0.750
1620,54.000,0.000,0.000,0.000,0.000,0,0,0,0.000,0.000,3,1,0.690,0,172.803,920.310,0.133,0.408,0.772,0.846,1.023,0.429,0.136,0.864,0.146,0.750
1623,54.100,0.000,0.000,0.000,0.000,0,0,0,0.000,0.000,3,0,0.690,0,172.803,920.310,0.100,0.408,0.756,0.604,0.992,0.905,0.115,0.885,0.159,0.750
1626,54.200,0.000,0.000,0.000,0.000,0,0,0,0.000,0.000,3,0,0.690,0,172.803,920.310,0.067,0.408,1.170,0.967,1.030,2.383,0.143,0.857,0.140,0.750
1629,54.300,0.000,0.000,0.000,0.000,0,0,0,0.000,0.000,4,1,0.655,0,172.803,920.310,0.033,0.408,1.872,0.948,1.025,0.013,0.214,0.786,0.154,0.750
1632,54.400,0.000,0.000,0.000,0.000,0,0,0,0.000,0.000,4,0,0.655,0,172.803,920.310,0.000,0.408,3.591,0.921,0.890,0.143,0.275,0.725,0.195,0.750
1635,54.500,0.000,24.042,0.000,-172.427,1,0,1,0.000,1.692,4,0,0.690,1,172.803,920.310,0.033,0.172,4.821,0.951,0.585,0.042,0.296,0.704,0.537,0.750
1638,54.600,0.000,71.176,0.000,47.134,1,0,1,0.000,1.505,6,1,0.655,1,172.803,920.310,0.067,0.175,9.201,0.958,0.186,0.267,0.313,0.687,0.721,0.750
1641,54.700,0.000,0.000,0.000,0.000,0,0,0,0.000,0.000,6,0,0.655,0,172.803,920.310,0.067,0.175,12.750,0.971,1.081,0.009,0.321,0.679,0.310,0.750
1644,54.800,0.000,0.000,0.000,0.000,0,0,0,0.000,0.000,6,0,0.690,0,172.803,920.310,0.067,0.175,19.812,0.947,2.981,0.044,0.316,0.684,0.312,0.750
1647,54.900,0.000,0.000,0.000,0.000,0,0,0,0.000,0.000,5,0,0.690,0,172.803,920.310,0.067,0.175,15.271,0.468,6.411,0.028,0.301,0.699,0.345,0.750
1650,55.000,0.000,0.000,0.000,0.000,0,0,0,0.000,0.000,5,0,0.690,0,172.803,920.310,0.067,0.175,15.900,0.379,10.731,0.069,0.285,0.715,0.351,0.750
1653,55.100,313.683,0.000,279.845,0.000,1,1,0,0.000,1.070,5,0,0.724,4,172.803,920.310,0.100,0.185,13.281,0.285,13.920,2.074,0.256,0.744,0.886,0.750
1656,55.200,67.676,0.000,-246.007,0.000,1,1,0,0.000,1.308,4,1,0.690,2,172.803,920.310,0.133,0.188,16.000,0.274,17.654,1.697,0.241,0.759,0.837,0.750
1659,55.300,16.125,583.860,-51.551,512.685,2,1,1,345.064,1.714,4,0,0.690,3,172.803,920.310,0.167,0.185,16.978,0.707,20.957,0.024,0.235,0.765,0.906,0.750
1662,55.400,43.863,59.034,27.739,-524.827,2,1,1,295.787,1.995,4,0,0.690,4,243.167,3190.815,0.200,0.182,17.153,0.613,24.902,0.223,0.221,0.779,0.961,0.750
1665,55.500,23.431,27.803,-20.433,-31.231,2,1,1,268.600,1.713,4,1,0.655,6,243.167,3190.815,0.233,0.177,14.604,0.495,28.475,0.077,0.217,0.783,0.878,0.750
1668,55.600,0.000,244.264,0.000,-32.974,2,0,1,244.264,1.547,4,0,0.655,6,243.167,3190.815,0.267,0.177,13.924,0.531,31.141,0.157,0.209,0.791,0.975,0.750
1671,55.700,0.000,233.692,0.000,-27.386,2,0,1,233.692,1.970,4,0,0.690,6,243.167,3190.815,0.300,0.174,15.972,0.397,34.439,0.064,0.184,0.816,0.988,0.750
1674,55.800,0.000,234.062,0.000,-20.404,2,0,1,234.062,2.370,4,0,0.724,6,243.167,3190.815,0.333,0.171,8.440,0.536,39.722,0.498,0.178,0.822,0.982,0.750
1677,55.900,83.235,32.249,59.804,-201.813,2,1,1,243.261,2.366,4,0,0.759,6,243.167,3190.815,0.367,0.168,7.902,0.641,33.050,1.327,0.196,0.804,0.977,0.750
1680,56.000,0.000,243.282,0.000,-7.909,2,0,1,243.282,2.720,4,0,0.759,6,243.167,3190.815,0.400,0.168,11.888,0.876,16.991,0.547,0.191,0.809,0.967,0.750
1683,56.100,0.000,14.560,0.000,-228.722,1,0,1,0.000,2.459,3,1,0.724,2,243.167,3190.815,0.433,0.168,12.393,0.533,11.074,0.052,0.183,0.817,0.616,0.750
1686,56.200,0.000,27.019,0.000,12.458,1,0,1,0.000,2.111,3,0,0.724,2,243.167,3190.815,0.467,0.171,14.914,0.658,5.478,0.017,0.197,0.803,0.680,0.750
1689,56.300,0.000,0.000,0.000,0.000,0,0,0,0.000,0.000,3,0,0.724,0,243.167,3190.815,0.467,0.171,12.262,0.278,3.329,0.123,0.220,0.780,0.307,0.750
1692,56.400,0.000,0.000,0.000,0.000,0,0,0,0.000,0.000,3,0,0.724,0,243.167,3190.815,0.467,0.171,12.610,0.337,1.794,0.237,0.236,0.764,0.302,0.750
1695,56.500,0.000,518.228,0.000,491.209,1,0,1,0.000,2.107,3,0,0.724,2,243.167,3190.815,0.500,0.176,12.352,0.507,1.429,0.009,0.238,0.762,0.794,0.750
1698,56.600,304.897,525.816,221.662,7.588,2,1,1,513.845,2.080,3,0,0.724,4,243.167,3190.815,0.533,0.294,12.569,0.446,1.137,0.042,0.240,0.760,0.913,0.750
1701,56.700,36.139,55.218,-268.758,-470.598,2,1,1,432.113,2.028,5,1,0.724,6,275.116,3219.379,0.567,0.320,12.859,0.520,0.990,0.173,0.239,0.761,1.000,0.750
1704,56.800,38.328,27.295,2.189,-27.923,2,1,1,431.342,1.854,5,0,0.759,6,1.414,3231.314,0.600,0.309,15.647,0.703,0.785,0.437,0.255,0.745,0.966,0.450
1707,56.900,27.019,22.472,-11.309,-4.822,2,1,1,407.413,1.840,5,0,0.793,6,1.414,3231.314,0.633,0.309,15.039,0.591,0.605,0.021,0.267,0.733,0.915,0.580
1710,57.000,10.296,11.000,-16.723,-11.472,2,1,1,406.546,1.499,4,1,0.759,6,1.414,3231.314,0.667,0.309,11.581,0.778,0.431,0.089,0.246,0.754,0.817,0.750
1713,57.100,5.831,0.000,-4.465,0.000,1,1,0,0.000,1.425,4,0,0.759,3,1.414,3231.314,0.700,0.309,8.351,0.631,0.282,0.063,0.240,0.760,0.707,0.650
1716,57.200,3.162,57.140,-2.669,46.140,2,1,1,468.129,1.579,4,0,0.793,6,1.414,3231.314,0.733,0.309,5.740,0.810,0.096,0.045,0.233,0.767,0.955,0.650
1719,57.300,13.928,0.000,10.766,0.000,1,1,0,0.000,1.398,5,0,0.793,4,1.414,3231.314,0.767,0.320,5.351,0.632,0.212,0.086,0.219,0.781,0.703,0.650
1722,57.400,23.707,0.000,9.778,0.000,1,1,0,0.000,1.255,5,0,0.793,4,1.414,3231.314,0.800,0.320,6.422,0.545,0.388,1.890,0.214,0.786,0.794,0.580
1725,57.500,31.145,77.078,7.438,19.938,2,1,1,557.918,1.607,5,0,0.828,6,1.414,3231.314,0.800,0.320,4.868,0.663,0.535,0.325,0.207,0.793,0.951,0.650
1728,57.600,506.779,0.000,481.481,0.000,2,1,0,506.779,1.006,5,1,0.793,6,1.414,3231.314,0.800,0.309,4.553,0.720,0.931,1.999,0.208,0.792,0.939,0.750
1731,57.700,511.258,49.041,4.479,-28.037,2,1,1,506.463,1.471,5,0,0.793,6,1.414,3231.314,0.833,0.324,5.490,0.901,1.234,3.077,0.234,0.766,0.954,0.550
1734,57.800,8.544,17.117,-502.714,-31.924,2,1,1,505.811,1.262,5,0,0.793,6,1.414,3231.314,0.867,0.324,3.849,0.912,1.493,0.132,0.237,0.763,0.761,0.700
1737,57.900,5.099,0.000,-3.445,0.000,1,1,0,0.000,1.113,5,0,0.793,4,1.414,3231.314,0.900,0.324,3.316,0.916,1.705,0.405,0.194,0.806,0.599,0.700
1740,58.000,465.752,0.000,459.428,0.000,2,1,0,465.752,1.445,5,0,0.793,6,1.414,3231.314,0.933,0.324,2.391,0.883,1.878,1.161,0.173,0.827,0.890,0.700
1743,58.100,461.286,0.000,-4.466,0.000,1,1,0,0.000,1.609,5,0,0.828,4,48.549,3383.810,0.933,0.324,1.272,0.381,2.078,2.060,0.143,0.857,0.811,0.700
1746,58.200,7.810,0.000,-453.476,0.000,1,1,0,0.000,1.916,5,0,0.828,4,48.549,3383.810,0.933,0.336,1.426,0.609,2.338,1.616,0.164,0.836,0.592,0.700
1749,58.300,461.044,0.000,456.044,0.000,2,1,0,461.044,1.822,5,0,0.828,6,48.549,3383.810,0.933,0.324,1.361,0.668,2.641,0.235,0.166,0.834,0.879,0.700
1752,58.400,452.929,0.000,-8.115,0.000,1,1,0,0.000,1.911,5,0,0.862,4,48.549,3383.810,0.933,0.324,2.345,0.784,3.118,0.513,0.211,0.789,0.810,0.700
1755,58.500,457.902,0.000,455.666,0.000,2,1,0,457.902,2.152,5,0,0.862,6,48.549,3383.810,0.933,0.324,1.884,0.828,3.689,0.375,0.200,0.800,0.881,0.700
1758,58.600,441.101,0.000,-15.601,0.000,2,1,0,441.101,2.323,5,0,0.862,6,48.549,3383.810,0.933,0.324,1.342,0.784,3.933,0.133,0.173,0.827,0.871,0.700
1761,58.700,439.551,0.000,-1.550,0.000,1,1,0,0.000,2.345,5,0,0.862,3,48.549,3383.810,0.933,0.324,0.964,0.722,3.624,0.884,0.144,0.856,0.744,0.700
1764,58.800,445.897,0.000,440.798,0.000,2,1,0,445.897,2.353,4,1,0.828,5,119.520,3877.824,0.933,0.324,1.134,0.897,3.102,0.485,0.163,0.837,0.858,0.750
1767,58.900,0.000,484.059,0.000,466.942,1,0,1,0.000,1.155,3,1,0.793,2,119.520,3877.824,0.933,0.336,0.756,0.571,2.795,1.170,0.114,0.886,0.761,0.750
1770,59.000,439.739,0.000,2.583,0.000,2,1,0,439.739,2.559,4,1,0.793,5,125.865,3979.577,0.933,0.336,1.385,0.395,2.767,0.344,0.148,0.852,0.899,0.750
1773,59.100,442.986,0.000,-0.068,0.000,2,1,0,442.986,2.743,4,0,0.793,5,125.865,3979.577,0.933,0.336,1.839,0.864,2.411,1.081,0.205,0.795,0.878,0.700
1776,59.200,426.691,0.000,-3.978,0.000,2,1,0,426.691,2.741,4,0,0.793,5,125.865,3979.577,0.933,0.336,1.822,0.865,2.137,0.362,0.188,0.812,0.877,0.700
1779,59.300,410.776,0.000,-3.769,0.000,2,1,0,410.776,3.132,4,0,0.793,5,32.388,4157.414,0.967,0.336,0.584,0.461,2.053,1.294,0.076,0.924,0.878,0.700
1782,59.400,401.920,0.000,-11.568,0.000,2,1,0,401.920,3.133,5,1,0.759,6,32.388,4157.414,1.000,0.336,0.773,0.533,1.869,0.400,0.118,0.882,0.882,0.750
1785,59.500,401.241,0.000,-4.589,0.000,2,1,0,401.241,3.133,5,0,0.759,6,32.388,4157.414,1.000,0.336,1.543,0.752,1.702,0.028,0.167,0.833,0.886,0.700
1788,59.600,403.194,0.000,2.418,0.000,2,1,0,403.194,3.134,5,0,0.793,6,32.388,4157.414,1.000,0.324,1.142,0.880,1.510,0.520,0.240,0.760,0.867,0.700
1791,59.700,402.995,0.000,-2.350,0.000,2,1,0,402.995,3.133,4,1,0.759,5,32.388,4157.414,1.000,0.336,2.079,0.760,1.307,1.627,0.202,0.798,0.899,0.750
1794,59.800,415.246,0.000,2.826,0.000,2,1,0,415.246,3.131,4,0,0.759,6,32.388,4157.414,1.000,0.336,5.527,0.782,1.143,0.258,0.271,0.729,0.983,0.350
1797,59.900,373.751,0.000,-41.494,0.000,1,1,0,0.000,3.131,4,0,0.793,3,32.388,4157.414,1.000,0.336,8.677,0.812,1.003,0.563,0.283,0.717,0.948,0.650
1800,60.000,185.408,0.000,-188.344,0.000,1,1,0,0.000,3.121,4,1,0.759,2,32.388,4157.414,1.000,0.336,13.285,0.736,0.897,0.067,0.297,0.703,0.908,0.750
1803,60.100,133.686,0.000,-51.721,0.000,1,1,0,0.000,2.762,4,0,0.759,3,32.388,4157.414,1.000,0.347,12.702,0.418,0.508,0.361,0.239,0.761,0.976,0.450
1806,60.200,0.000,0.000,0.000,0.000,0,0,0,0.000,0.000,4,0,0.759,0,32.388,4157.414,0.967,0.347,10.001,0.308,0.097,1.387,0.218,0.782,0.464,0.650
1809,60.300,0.000,0.000,0.000,0.000,0,0,0,0.000,0.000,4,0,0.759,0,32.388,4157.414,0.933,0.347,10.873,0.264,0.618,0.065,0.209,0.791,0.463,0.580
1812,60.400,0.000,0.000,0.000,0.000,0,0,0,0.000,0.000,4,0,0.759,0,32.388,4157.414,0.900,0.347,15.516,0.750,1.171,1.668,0.202,0.798,0.425,0.580
1815,60.500,0.000,0.000,0.000,0.000,0,0,0,0.000,0.000,4,0,0.793,0,32.388,4157.414,0.867,0.347,14.377,0.777,2.243,1.066,0.197,0.803,0.420,0.700
1818,60.600,0.000,0.000,0.000,0.000,0,0,0,0.000,0.000,3,1,0.759,0,32.388,4157.414,0.833,0.347,11.833,0.953,3.238,0.225,0.206,0.794,0.303,0.750
1821,60.700,0.000,0.000,0.000,0.000,0,0,0,0.000,0.000,3,0,0.759,0,32.388,4157.414,0.800,0.347,6.408,0.802,4.301,1.747,0.192,0.808,0.270,0.700
1824,60.800,0.000,0.000,0.000,0.000,0,0,0,0.000,0.000,3,0,0.759,0,32.388,4157.414,0.767,0.347,4.807,0.239,7.072,1.669,0.188,0.812,0.265,0.700
1827,60.900,148.098,0.000,14.412,0.000,1,1,0,0.000,2.694,3,0,0.759,2,0.000,4915.820,0.767,0.238,5.187,0.334,9.351,0.508,0.198,0.802,0.768,0.700
1830,61.000,28.178,0.000,-119.920,0.000,1,1,0,0.000,2.379,3,0,0.759,2,0.000,5314.169,0.767,0.238,8.411,0.660,12.886,0.254,0.247,0.753,0.722,0.700
1833,61.100,22.136,0.000,-6.042,0.000,1,1,0,0.000,2.084,3,0,0.759,2,0.000,5670.940,0.767,0.247,10.590,0.763,15.799,0.016,0.262,0.738,0.682,0.700
1836,61.200,36.401,0.000,14.265,0.000,1,1,0,0.000,1.801,4,1,0.724,2,0.000,5869.039,0.767,0.247,14.180,0.625,17.068,0.113,0.277,0.723,0.840,0.750
1839,61.300,33.015,0.000,-3.385,0.000,1,1,0,0.000,1.453,4,0,0.724,3,68.308,5205.920,0.767,0.255,15.233,0.553,17.436,0.079,0.276,0.724,0.872,0.700
1842,61.400,0.000,285.086,0.000,-198.973,1,0,1,0.000,1.272,4,0,0.724,3,17.088,4127.150,0.767,0.255,15.393,0.608,7.970,0.030,0.272,0.728,0.934,0.700
1845,61.500,124.631,0.000,91.616,0.000,1,1,0,0.000,1.141,5,1,0.690,3,0.000,2948.097,0.767,0.264,14.886,0.705,4.378,0.051,0.270,0.730,0.901,0.750
1848,61.600,12.806,0.000,-111.825,0.000,1,1,0,0.000,0.789,5,0,0.690,3,38.949,2692.834,0.767,0.264,11.578,0.899,2.441,0.050,0.253,0.747,0.708,0.700
1851,61.700,9.000,0.000,-3.806,0.000,1,1,0,0.000,0.867,5,0,0.724,3,46.573,1551.719,0.767,0.264,14.630,0.857,1.814,0.085,0.263,0.737,0.690,0.700
1854,61.800,13.416,0.000,4.416,0.000,1,1,0,0.000,0.602,4,1,0.724,3,0.000,1705.794,0.767,0.272,13.368,0.892,1.659,0.083,0.252,0.748,0.739,0.750
1857,61.900,33.956,0.000,20.539,0.000,1,1,0,0.000,0.811,4,0,0.759,3,0.000,2063.769,0.767,0.272,13.166,0.918,1.481,0.010,0.246,0.754,0.851,0.700
1860,62.000,20.224,0.000,-13.732,0.000,1,1,0,0.000,0.922,4,0,0.759,3,0.000,2012.050,0.767,0.279,12.679,0.873,1.105,0.017,0.238,0.762,0.778,0.580
1863,62.100,1.000,0.000,-19.224,0.000,1,1,0,0.000,0.830,5,1,0.724,3,45.398,2033.620,0.767,0.279,11.119,0.779,0.873,0.093,0.241,0.759,0.651,0.750
1866,62.200,40.000,0.000,39.000,0.000,1,1,0,0.000,0.869,5,0,0.724,3,42.202,2068.735,0.767,0.287,12.148,0.666,0.746,0.013,0.262,0.738,0.876,0.580
1869,62.300,0.000,145.152,0.000,-139.934,1,0,1,0.000,1.441,5,0,0.759,3,0.000,2015.694,0.767,0.287,10.710,0.659,0.789,0.041,0.275,0.725,0.904,0.500
1872,62.400,0.000,5.099,0.000,-140.053,1,0,1,0.000,1.724,6,1,0.724,5,0.000,1297.035,0.767,0.287,8.237,0.828,0.856,0.100,0.272,0.728,0.712,0.750
1875,62.500,53.535,0.000,13.535,0.000,1,1,0,0.000,0.834,6,0,0.724,5,0.000,566.719,0.767,0.295,7.705,0.623,0.894,0.166,0.278,0.722,0.941,0.580
1878,62.600,31.623,0.000,-21.912,0.000,1,1,0,0.000,0.997,6,0,0.759,5,0.000,437.547,0.767,0.287,6.605,0.687,0.852,0.298,0.279,0.721,0.835,0.580
1881,62.700,12.369,0.000,-19.253,0.000,1,1,0,0.000,0.930,4,1,0.724,3,46.390,417.440,0.767,0.287,5.388,0.577,0.727,0.034,0.257,0.743,0.690,0.750
1884,62.800,34.409,0.000,22.040,0.000,1,1,0,0.000,0.960,4,0,0.724,3,0.000,514.819,0.767,0.399,4.891,0.733,0.398,0.281,0.255,0.745,0.789,0.580
1887,62.900,22.091,0.000,-12.319,0.000,1,1,0,0.000,0.743,4,0,0.759,3,0.000,526.657,0.767,0.399,5.656,0.540,0.008,2.256,0.250,0.750,0.753,0.580
1890,63.000,24.515,0.000,2.425,0.000,1,1,0,0.000,0.549,4,0,0.759,3,17.692,578.669,0.767,0.389,5.154,0.666,0.302,1.801,0.260,0.740,0.745,0.580
1893,63.100,86.452,188.048,61.937,182.949,2,1,1,42.107,1.673,4,0,0.759,6,17.692,578.669,0.767,0.379,4.232,0.602,0.503,0.558,0.235,0.765,0.936,0.650
1896,63.200,57.428,0.000,-29.024,0.000,1,1,0,0.000,0.792,4,0,0.759,3,17.692,578.669,0.800,0.379,3.109,0.831,0.621,0.620,0.239,0.761,0.801,0.650
1899,63.300,29.000,0.000,-28.428,0.000,1,1,0,0.000,0.926,4,1,0.724,3,0.000,718.844,0.833,0.379,3.595,0.916,0.901,0.345,0.238,0.762,0.722,0.750
1902,63.400,17.263,0.000,-11.737,0.000,1,1,0,0.000,0.856,4,0,0.724,3,154.000,1642.779,0.867,0.379,1.387,0.876,1.117,0.909,0.193,0.807,0.608,0.750
1905,63.500,7.810,0.000,-9.452,0.000,1,1,0,0.000,0.943,4,0,0.759,3,2.828,1603.934,0.900,0.379,1.553,0.946,1.328,0.640,0.209,0.791,0.559,0.580
1908,63.600,8.246,0.000,0.436,0.000,1,1,0,0.000,0.933,4,0,0.759,3,0.000,1547.364,0.933,0.379,1.616,0.943,1.530,0.113,0.191,0.809,0.567,0.700
1911,63.700,3.000,0.000,-5.246,0.000,1,1,0,0.000,1.033,4,0,0.759,3,1.000,1469.008,0.967,0.379,2.185,0.913,1.696,0.418,0.211,0.789,0.558,0.700
1914,63.800,3.162,0.000,0.162,0.000,1,1,0,0.000,1.059,4,0,0.759,2,2.236,1371.648,1.000,0.389,1.733,0.883,2.156,0.220,0.213,0.787,0.509,0.700
1917,63.900,3.000,0.000,-0.162,0.000,1,1,0,0.000,1.163,5,1,0.724,3,3.162,1257.175,1.000,0.389,1.528,0.820,2.975,0.302,0.192,0.808,0.525,0.750
1920,64.000,2.236,0.000,-0.764,0.000,1,1,0,0.000,1.092,4,1,0.690,3,2.000,1123.498,1.000,0.389,1.178,0.772,3.885,0.287,0.170,0.830,0.543,0.750
1923,64.100,3.162,0.000,0.926,0.000,1,1,0,0.000,1.012,4,0,0.724,3,2.236,1066.720,1.000,0.389,0.882,0.571,3.902,0.808,0.145,0.855,0.555,0.700
1926,64.200,6.325,0.000,3.162,0.000,1,1,0,0.000,0.889,5,1,0.690,4,4.000,1003.007,1.000,0.389,1.222,0.879,3.389,0.610,0.171,0.829,0.568,0.750
1929,64.300,27.019,0.000,20.694,0.000,1,1,0,0.000,0.794,5,0,0.690,4,4.000,1003.007,1.000,0.389,3.700,0.843,2.845,0.408,0.243,0.757,0.748,0.700
1932,64.400,75.505,0.000,52.096,0.000,2,1,0,75.505,0.999,5,0,0.724,6,4.000,1003.007,1.000,0.389,4.345,0.666,2.461,0.152,0.203,0.797,0.962,0.700
1935,64.500,0.000,0.000,0.000,0.000,0,0,0,0.000,0.000,3,1,0.690,0,4.000,1003.007,0.967,0.389,4.127,0.543,2.295,0.624,0.222,0.778,0.251,0.750
1938,64.600,0.000,0.000,0.000,0.000,0,0,0,0.000,0.000,3,0,0.690,0,4.000,1003.007,0.933,0.389,3.154,0.678,2.142,1.115,0.229,0.771,0.213,0.700
1941,64.700,0.000,0.000,0.000,0.000,0,0,0,0.000,0.000,3,0,0.724,0,4.000,1003.007,0.900,0.389,3.970,0.904,1.902,0.281,0.263,0.737,0.214,0.700
1944,64.800,0.000,0.000,0.000,0.000,0,0,0,0.000,0.000,3,0,0.724,0,4.000,1003.007,0.867,0.389,2.138,0.754,1.690,0.894,0.219,0.781,0.175,0.700
1947,64.900,0.000,0.000,0.000,0.000,0,0,0,0.000,0.000,3,0,0.724,0,4.000,1003.007,0.833,0.389,1.452,0.448,1.576,1.798,0.171,0.829,0.175,0.700
1950,65.000,0.000,0.000,0.000,0.000,0,0,0,0.000,0.000,3,0,0.759,0,4.000,1003.007,0.800,0.389,1.506,0.666,1.345,2.494,0.182,0.818,0.157,0.580
1953,65.100,0.000,0.000,0.000,0.000,0,0,0,0.000,0.000,3,0,0.759,0,4.000,1003.007,0.767,0.389,1.433,0.467,1.177,0.506,0.180,0.820,0.165,0.580
1956,65.200,0.000,0.000,0.000,0.000,0,0,0,0.000,0.000,3,0,0.759,0,4.000,1003.007,0.733,0.389,2.744,0.941,1.021,0.809,0.232,0.768,0.161,0.580
1959,65.300,0.000,0.000,0.000,0.000,0,0,0,0.000,0.000,2,1,0.759,0,4.000,1003.007,0.700,0.389,1.154,0.690,0.937,2.168,0.166,0.834,0.135,0.750
1962,65.400,0.000,0.000,0.000,0.000,0,0,0,0.000,0.000,3,1,0.724,0,4.000,1003.007,0.667,0.389,1.776,0.893,0.864,1.314,0.208,0.792,0.132,0.750
1965,65.500,0.000,0.000,0.000,0.000,0,0,0,0.000,0.000,3,0,0.724,0,4.000,1003.007,0.633,0.389,2.494,0.974,0.716,0.264,0.227,0.773,0.140,0.580
1968,65.600,0.000,0.000,0.000,0.000,0,0,0,0.000,0.000,2,1,0.724,0,4.000,1003.007,0.600,0.389,1.527,0.649,0.508,1.185,0.274,0.726,0.135,0.750
1971,65.700,0.000,0.000,0.000,0.000,0,0,0,0.000,0.000,3,1,0.690,0,4.000,1003.007,0.567,0.389,1.419,0.908,0.294,0.321,0.195,0.805,0.210,0.750
1974,65.800,0.000,0.000,0.000,0.000,0,0,0,0.000,0.000,4,1,0.655,0,4.000,1003.007,0.533,0.389,1.493,0.971,0.126,0.925,0.192,0.808,0.203,0.750
1977,65.900,0.000,0.000,0.000,0.000,0,0,0,0.000,0.000,3,1,0.621,0,4.000,1003.007,0.500,0.389,1.339,0.945,0.179,2.927,0.177,0.823,0.197,0.750
1980,66.000,0.000,0.000,0.000,0.000,0,0,0,0.000,0.000,4,1,0.586,0,4.000,1003.007,0.467,0.389,2.012,0.951,0.283,2.401,0.240,0.760,0.210,0.750
1983,66.100,0.000,0.000,0.000,0.000,0,0,0,0.000,0.000,4,0,0.586,0,4.000,1003.007,0.433,0.389,2.625,0.981,0.369,0.276,0.256,0.744,0.219,0.580
1986,66.200,0.000,0.000,0.000,0.000,0,0,0,0.000,0.000,4,0,0.621,0,4.000,1003.007,0.400,0.389,1.534,0.890,0.362,1.491,0.230,0.770,0.194,0.580
1989,66.300,0.000,0.000,0.000,0.000,0,0,0,0.000,0.000,3,1,0.586,0,4.000,1003.007,0.367,0.389,0.773,0.566,0.528,1.302,0.135,0.865,0.194,0.750
1992,66.400,0.000,0.000,0.000,0.000,0,0,0,0.000,0.000,3,0,0.586,0,4.000,1003.007,0.333,0.389,0.656,0.563,0.542,0.976,0.146,0.854,0.187,0.580
1995,66.500,0.000,0.000,0.000,0.000,0,0,0,0.000,0.000,3,0,0.586,0,4.000,1003.007,0.300,0.389,1.229,0.961,0.593,0.562,0.217,0.783,0.169,0.580
1998,66.600,0.000,0.000,0.000,0.000,0,0,0,0.000,0.000,5,1,0.552,0,4.000,1003.007,0.267,0.389,1.061,0.940,0.605,0.574,0.188,0.812,0.163,0.750
2001,66.700,0.000,0.000,0.000,0.000,0,0,0,0.000,0.000,6,1,0.517,0,4.000,1003.007,0.233,0.389,1.903,0.964,0.611,0.913,0.244,0.756,0.178,0.750
2004,66.800,0.000,0.000,0.000,0.000,0,0,0,0.000,0.000,6,0,0.552,0,4.000,1003.007,0.200,0.389,3.362,0.972,0.689,0.549,0.239,0.761,0.210,0.580
2007,66.900,0.000,0.000,0.000,0.000,0,0,0,0.000,0.000,4,1,0.552,0,4.000,1003.007,0.167,0.389,8.767,0.973,0.518,0.047,0.290,0.710,0.322,0.750
2010,67.000,0.000,0.000,0.000,0.000,0,0,0,0.000,0.000,4,0,0.552,0,4.000,1003.007,0.133,0.389,11.639,0.974,0.145,0.186,0.324,0.676,0.318,0.580
2013,67.100,126.491,0.000,50.986,0.000,1,1,0,0.000,1.055,4,0,0.586,3,4.000,1003.007,0.133,0.173,17.223,0.853,0.303,0.063,0.312,0.688,0.841,0.650
2016,67.200,203.335,0.000,76.844,0.000,1,1,0,0.000,0.970,5,1,0.552,3,4.000,1003.007,0.133,0.173,14.982,0.469,1.222,0.056,0.286,0.714,0.841,0.750
2019,67.300,121.248,0.000,-82.087,0.000,1,1,0,0.000,0.875,5,0,0.552,4,4.000,1003.007,0.133,0.173,16.184,0.400,2.053,0.005,0.253,0.747,0.882,0.700
2022,67.400,60.415,0.000,-60.832,0.000,1,1,0,0.000,0.791,5,0,0.586,3,4.000,1003.007,0.133,0.173,15.197,0.417,3.166,0.017,0.229,0.771,0.845,0.700
2025,67.500,32.016,0.000,-28.400,0.000,1,1,0,0.000,0.966,4,0,0.586,2,4.000,1003.007,0.167,0.177,17.926,0.650,4.785,0.036,0.235,0.765,0.742,0.700
2028,67.600,25.080,0.000,-6.936,0.000,1,1,0,0.000,1.004,4,0,0.586,2,4.000,1003.007,0.200,0.177,16.625,0.804,7.394,0.048,0.242,0.758,0.697,0.700
2031,67.700,3.162,0.000,-21.918,0.000,1,1,0,0.000,0.915,4,0,0.586,2,238.254,2243.129,0.233,0.180,12.484,0.954,9.174,0.155,0.260,0.740,0.569,0.750
2034,67.800,10.440,0.000,7.278,0.000,1,1,0,0.000,1.089,4,0,0.586,2,3.162,3368.525,0.267,0.180,8.688,0.895,15.513,0.330,0.243,0.757,0.617,0.700
2037,67.900,9.220,0.000,-1.221,0.000,1,1,0,0.000,1.315,4,0,0.586,2,3.162,3368.525,0.300,0.180,6.013,0.687,15.248,0.318,0.231,0.769,0.579,0.700
2040,68.000,0.000,0.000,0.000,0.000,0,0,0,0.000,0.000,4,0,0.586,0,3.162,3368.525,0.300,0.180,4.769,0.367,14.479,0.989,0.215,0.785,0.300,0.700
2043,68.100,0.000,0.000,0.000,0.000,0,0,0,0.000,0.000,4,0,0.586,0,3.162,3368.525,0.300,0.180,5.469,0.687,14.712,0.320,0.220,0.780,0.295,0.700
2046,68.200,80.455,0.000,71.235,0.000,1,1,0,0.000,1.378,4,0,0.621,2,0.000,4463.995,0.333,0.189,7.449,0.867,14.884,0.393,0.258,0.742,0.806,0.700
2049,68.300,0.000,0.000,0.000,0.000,0,0,0,0.000,0.000,4,0,0.655,0,0.000,4463.995,0.333,0.189,12.017,0.869,17.701,0.204,0.268,0.732,0.349,0.700
2052,68.400,128.950,0.000,48.495,0.000,1,1,0,0.000,1.408,4,0,0.655,3,0.000,4440.757,0.367,0.192,14.599,0.668,14.381,0.010,0.262,0.738,0.882,0.700
2055,68.500,42.190,0.000,-86.760,0.000,1,1,0,0.000,1.434,4,0,0.690,3,42.190,4438.209,0.400,0.192,16.213,0.678,5.226,0.009,0.228,0.772,0.870,0.700
2058,68.600,30.000,0.000,-12.190,0.000,1,1,0,0.000,1.271,4,0,0.724,3,42.190,4438.209,0.433,0.192,13.917,0.506,3.169,0.033,0.226,0.774,0.818,0.700
2061,68.700,10.198,0.000,-19.802,0.000,1,1,0,0.000,1.221,3,1,0.724,2,42.190,4438.209,0.467,0.192,12.832,0.420,1.784,0.095,0.227,0.773,0.603,0.750
2064,68.800,6.083,0.000,-4.115,0.000,1,1,0,0.000,1.121,3,0,0.759,2,42.190,4438.209,0.500,0.192,12.192,0.605,1.356,0.020,0.224,0.776,0.571,0.580
2067,68.900,2.828,0.000,-3.254,0.000,1,1,0,0.000,0.809,3,0,0.793,2,42.190,4438.209,0.533,0.192,12.936,0.809,1.008,0.047,0.222,0.778,0.543,0.580
2070,69.000,6.708,0.000,3.880,0.000,1,1,0,0.000,0.528,5,1,0.759,4,42.190,4438.209,0.567,0.192,11.335,0.874,0.789,0.036,0.237,0.763,0.688,0.750
2073,69.100,0.000,120.221,0.000,-67.827,1,0,1,0.000,1.873,5,0,0.759,4,42.190,4438.209,0.600,0.192,9.036,0.915,0.515,0.166,0.253,0.747,0.902,0.500
2076,69.200,0.000,16.763,0.000,-103.458,1,0,1,0.000,1.987,5,0,0.793,4,42.190,4438.209,0.633,0.192,7.224,0.693,0.294,0.069,0.257,0.743,0.745,0.580
2079,69.300,21.000,0.000,14.292,0.000,1,1,0,0.000,0.568,6,1,0.759,5,42.190,4438.209,0.667,0.192,7.960,0.647,0.144,0.217,0.252,0.748,0.800,0.750
2082,69.400,0.000,57.428,0.000,40.665,1,0,1,0.000,1.932,6,0,0.759,5,42.190,4438.209,0.700,0.389,6.719,0.764,0.063,0.070,0.270,0.730,0.898,0.500
2085,69.500,131.042,0.000,110.042,0.000,1,1,0,0.000,0.655,6,0,0.793,5,42.190,4438.209,0.733,0.380,7.201,0.710,0.015,0.118,0.281,0.719,0.918,0.500
2088,69.600,49.739,0.000,-81.303,0.000,1,1,0,0.000,0.912,5,1,0.793,4,30.017,4465.690,0.767,0.380,6.447,0.946,0.003,0.038,0.283,0.717,0.881,0.750
2091,69.700,10.770,0.000,-38.969,0.000,1,1,0,0.000,1.014,5,0,0.793,4,0.000,4450.100,0.800,0.371,4.221,0.946,0.039,0.446,0.285,0.715,0.639,0.580
2094,69.800,10.198,0.000,-0.572,0.000,1,1,0,0.000,1.209,5,0,0.828,4,6.083,3514.449,0.833,0.361,5.614,0.972,0.163,0.097,0.300,0.700,0.673,0.580
2097,69.900,9.055,0.000,-1.143,0.000,1,1,0,0.000,1.174,4,1,0.793,3,0.000,3468.209,0.867,0.361,4.464,0.970,0.408,0.117,0.287,0.713,0.633,0.750
2100,70.000,2.236,0.000,-6.819,0.000,1,1,0,0.000,1.141,4,0,0.793,3,4.123,3438.329,0.900,0.379,2.935,0.924,0.651,0.261,0.257,0.743,0.564,0.580
2103,70.100,2.000,0.000,-0.236,0.000,1,1,0,0.000,1.158,4,0,0.828,2,3.162,3404.545,0.900,0.389,2.402,0.876,0.898,0.004,0.247,0.753,0.508,0.580
2106,70.200,2.828,0.000,0.828,0.000,1,1,0,0.000,1.002,5,1,0.793,3,1.000,3372.289,0.900,0.389,2.063,0.864,1.058,0.096,0.239,0.761,0.523,0.750
2109,70.300,2.000,0.000,-0.828,0.000,1,1,0,0.000,1.135,4,1,0.759,3,3.606,3333.074,0.900,0.389,1.565,0.789,1.207,0.257,0.217,0.783,0.538,0.750
2112,70.400,4.123,0.000,2.123,0.000,1,1,0,0.000,0.869,5,1,0.724,4,145.248,3995.844,0.900,0.379,1.726,0.763,1.356,1.001,0.223,0.777,0.565,0.750
2115,70.500,13.601,0.000,9.478,0.000,1,1,0,0.000,0.803,5,0,0.724,4,152.210,4703.410,0.900,0.369,3.169,0.679,1.532,2.307,0.198,0.802,0.659,0.750
2118,70.600,61.847,0.000,26.619,0.000,2,1,0,61.847,0.702,5,0,0.724,6,152.210,4703.410,0.900,0.369,3.506,0.422,1.714,2.164,0.199,0.801,0.946,0.750
2121,70.700,0.000,0.000,0.000,0.000,0,0,0,0.000,0.000,5,0,0.724,0,152.210,4703.410,0.867,0.369,3.236,0.711,1.810,1.040,0.250,0.750,0.305,0.750
2124,70.800,0.000,0.000,0.000,0.000,0,0,0,0.000,0.000,5,0,0.724,0,152.210,4703.410,0.833,0.369,1.799,0.607,1.752,0.680,0.198,0.802,0.272,0.750
2127,70.900,0.000,0.000,0.000,0.000,0,0,0,0.000,0.000,5,0,0.724,0,152.210,4703.410,0.800,0.369,2.461,0.946,1.842,1.212,0.218,0.782,0.261,0.750
2130,71.000,0.000,0.000,0.000,0.000,0,0,0,0.000,0.000,5,0,0.724,0,152.210,4703.410,0.800,0.369,1.433,0.847,1.966,0.264,0.186,0.814,0.243,0.750
2133,71.100,0.000,0.000,0.000,0.000,0,0,0,0.000,0.000,4,1,0.690,0,152.210,4703.410,0.800,0.369,1.345,0.810,2.264,0.206,0.189,0.811,0.243,0.750
2136,71.200,0.000,0.000,0.000,0.000,0,0,0,0.000,0.000,4,0,0.690,0,152.210,4703.410,0.767,0.369,1.480,0.906,2.460,1.420,0.196,0.804,0.236,0.750
2139,71.300,0.000,0.000,0.000,0.000,0,0,0,0.000,0.000,4,0,0.690,0,152.210,4703.410,0.767,0.369,1.104,0.839,2.237,1.572,0.152,0.848,0.231,0.750
2142,71.400,0.000,0.000,0.000,0.000,0,0,0,0.000,0.000,3,1,0.655,0,152.210,4703.410,0.733,0.369,1.263,0.896,2.104,0.013,0.175,0.825,0.227,0.750
2145,71.500,0.000,0.000,0.000,0.000,0,0,0,0.000,0.000,3,0,0.655,0,152.210,4703.410,0.700,0.369,1.131,0.949,1.973,1.088,0.179,0.821,0.216,0.750
2148,71.600,0.000,0.000,0.000,0.000,0,0,0,0.000,0.000,3,0,0.690,0,152.210,4703.410,0.667,0.369,1.199,0.890,1.865,1.132,0.271,0.729,0.218,0.750
2151,71.700,0.000,0.000,0.000,0.000,0,0,0,0.000,0.000,5,1,0.655,0,152.210,4703.410,0.633,0.369,2.159,0.952,1.687,0.370,0.237,0.763,0.233,0.750
2154,71.800,0.000,0.000,0.000,0.000,0,0,0,0.000,0.000,4,1,0.621,0,152.210,4703.410,0.600,0.369,0.884,0.926,1.494,1.945,0.155,0.845,0.199,0.750
2157,71.900,0.000,0.000,0.000,0.000,0,0,0,0.000,0.000,5,1,0.621,0,152.210,4703.410,0.567,0.369,1.175,0.921,1.327,1.652,0.177,0.823,0.203,0.750
2160,72.000,0.000,0.000,0.000,0.000,0,0,0,0.000,0.000,4,1,0.586,0,152.210,4703.410,0.533,0.369,1.475,0.946,1.257,0.286,0.194,0.806,0.205,0.750
2163,72.100,0.000,0.000,0.000,0.000,0,0,0,0.000,0.000,3,1,0.552,0,152.210,4703.410,0.500,0.369,1.731,0.957,1.309,2.272,0.218,0.782,0.206,0.750
2166,72.200,0.000,0.000,0.000,0.000,0,0,0,0.000,0.000,4,1,0.552,0,152.210,4703.410,0.467,0.369,0.743,0.945,1.351,1.799,0.132,0.868,0.178,0.750
2169,72.300,0.000,0.000,0.000,0.000,0,0,0,0.000,0.000,4,0,0.552,0,152.210,4703.410,0.433,0.369,1.269,0.913,1.377,0.157,0.189,0.811,0.190,0.750
2172,72.400,0.000,0.000,0.000,0.000,0,0,0,0.000,0.000,3,1,0.517,0,152.210,4703.410,0.400,0.369,0.806,0.889,1.312,2.252,0.128,0.872,0.176,0.750
2175,72.500,0.000,0.000,0.000,0.000,0,0,0,0.000,0.000,3,0,0.552,0,152.210,4703.410,0.367,0.369,0.745,0.919,1.325,2.137,0.124,0.876,0.168,0.750
2178,72.600,0.000,0.000,0.000,0.000,0,0,0,0.000,0.000,3,0,0.552,0,152.210,4703.410,0.333,0.369,1.295,0.955,1.312,0.426,0.183,0.817,0.176,0.750
2181,72.700,0.000,0.000,0.000,0.000,0,0,0,0.000,0.000,3,0,0.552,0,152.210,4703.410,0.300,0.369,1.490,0.943,1.292,2.556,0.179,0.821,0.177,0.750
2184,72.800,0.000,0.000,0.000,0.000,0,0,0,0.000,0.000,3,0,0.586,0,152.210,4703.410,0.267,0.369,0.497,0.846,1.161,2.121,0.092,0.908,0.155,0.750
2187,72.900,0.000,0.000,0.000,0.000,0,0,0,0.000,0.000,3,0,0.586,0,152.210,4703.410,0.233,0.369,0.791,0.844,1.198,0.430,0.137,0.863,0.159,0.750
2190,73.000,0.000,0.000,0.000,0.000,0,0,0,0.000,0.000,3,0,0.586,0,152.210,4703.410,0.200,0.369,1.060,0.953,1.217,1.912,0.150,0.850,0.154,0.750
2193,73.100,0.000,0.000,0.000,0.000,0,0,0,0.000,0.000,4,1,0.586,0,152.210,4703.410,0.167,0.369,0.458,0.668,1.066,2.391,0.087,0.913,0.155,0.750
2196,73.200,0.000,0.000,0.000,0.000,0,0,0,0.000,0.000,3,1,0.586,0,152.210,4703.410,0.133,0.369,0.833,0.972,1.008,0.456,0.130,0.870,0.139,0.750
2199,73.300,0.000,0.000,0.000,0.000,0,0,0,0.000,0.000,3,0,0.621,0,152.210,4703.410,0.100,0.369,0.905,0.846,1.126,2.569,0.151,0.849,0.145,0.750
2202,73.400,0.000,0.000,0.000,0.000,0,0,0,0.000,0.000,3,0,0.621,0,152.210,4703.410,0.067,0.369,0.663,0.681,1.019,0.816,0.137,0.863,0.147,0.750
2205,73.500,0.000,0.000,0.000,0.000,0,0,0,0.000,0.000,3,0,0.621,0,152.210,4703.410,0.033,0.369,0.734,0.846,0.995,1.186,0.138,0.862,0.133,0.750
2208,73.600,0.000,405.848,0.000,348.420,1,0,1,0.000,2.020,4,1,0.586,3,11.314,3404.239,0.033,0.162,10.841,0.178,1.014,1.586,0.330,0.670,0.877,0.750
2211,73.700,0.000,7.810,0.000,-398.038,1,0,1,0.000,1.889,4,0,0.586,3,0.000,3889.939,0.067,0.162,2.631,0.906,0.083,1.007,0.101,0.899,0.489,0.580
2214,73.800,0.000,10.770,0.000,2.960,1,0,1,0.000,1.696,4,0,0.586,3,144.534,5788.409,0.100,0.165,1.560,0.880,0.547,0.040,0.083,0.917,0.484,0.750
2217,73.900,0.000,9.055,0.000,-1.715,1,0,1,0.000,1.401,4,0,0.586,3,9.055,7449.854,0.133,0.165,1.065,0.779,0.687,0.195,0.064,0.936,0.473,0.580
2220,74.000,0.000,15.297,0.000,6.242,1,0,1,0.000,1.302,4,0,0.621,3,15.297,8773.750,0.167,0.165,1.397,0.778,1.218,0.396,0.075,0.925,0.520,0.580
2223,74.100,0.000,9.849,0.000,-5.448,1,0,1,0.000,1.039,4,0,0.621,3,9.849,9834.284,0.200,0.168,0.981,0.306,1.389,0.485,0.055,0.945,0.517,0.580
2226,74.200,0.000,8.062,0.000,-1.787,1,0,1,0.000,0.689,4,0,0.621,3,8.062,10616.469,0.233,0.168,1.105,0.757,1.344,0.480,0.061,0.939,0.482,0.580
2229,74.300,0.000,2.000,0.000,-6.062,1,0,1,0.000,0.868,4,0,0.655,3,2.000,11210.717,0.267,0.168,0.955,0.858,1.271,0.095,0.055,0.945,0.442,0.580
2232,74.400,0.000,3.162,0.000,1.162,1,0,1,0.000,0.774,4,0,0.655,3,3.162,11611.194,0.300,0.171,1.252,0.833,1.312,1.097,0.078,0.922,0.462,0.580
2235,74.500,0.000,10.050,0.000,6.888,1,0,1,0.000,0.990,4,0,0.655,3,10.050,11764.009,0.333,0.171,1.439,0.865,1.425,0.166,0.072,0.928,0.506,0.700
2238,74.600,0.000,6.083,0.000,-3.967,1,0,1,0.000,1.138,4,0,0.690,3,6.083,11765.869,0.367,0.171,1.326,0.833,1.493,0.495,0.069,0.931,0.488,0.700
2241,74.700,0.000,8.062,0.000,1.979,1,0,1,0.000,1.412,4,0,0.724,3,6.083,11765.869,0.400,0.171,1.075,0.632,1.617,0.220,0.049,0.951,0.510,0.700
2244,74.800,0.000,13.038,0.000,4.976,1,0,1,0.000,1.495,4,0,0.759,3,174.471,11214.969,0.433,0.171,0.901,0.464,2.320,0.565,0.042,0.958,0.549,0.750
2247,74.900,0.000,18.248,0.000,5.210,1,0,1,0.000,1.694,4,0,0.793,3,32.140,10560.389,0.467,0.171,0.761,0.566,2.318,0.886,0.041,0.959,0.572,0.700
2250,75.000,0.000,11.402,0.000,-6.847,1,0,1,0.000,1.785,4,0,0.828,3,180.236,7569.189,0.500,0.171,0.906,0.723,2.381,1.287,0.060,0.940,0.530,0.750
2253,75.100,0.000,12.369,0.000,0.968,1,0,1,0.000,1.576,4,0,0.862,3,203.089,3597.200,0.533,0.171,1.201,0.549,2.688,3.018,0.070,0.930,0.559,0.750
2256,75.200,0.000,18.358,0.000,5.988,1,0,1,0.000,1.373,4,0,0.862,3,200.823,3651.945,0.567,0.171,0.994,0.363,0.122,1.646,0.054,0.946,0.604,0.750
2259,75.300,0.000,11.402,0.000,-6.956,1,0,1,0.000,1.132,4,0,0.897,3,207.408,3598.844,0.600,0.171,0.909,0.517,0.216,0.356,0.060,0.940,0.557,0.750
2262,75.400,0.000,4.123,0.000,-7.279,1,0,1,0.000,1.272,4,0,0.897,3,8.544,3700.128,0.633,0.174,0.883,0.612,0.241,0.239,0.058,0.942,0.513,0.580
2265,75.500,0.000,6.083,0.000,1.960,1,0,1,0.000,1.348,4,0,0.897,3,47.424,4033.829,0.667,0.408,0.847,0.569,0.253,2.623,0.057,0.943,0.530,0.580
2268,75.600,0.000,19.235,0.000,13.153,1,0,1,0.000,1.504,4,0,0.897,3,225.009,4443.259,0.700,0.408,1.117,0.492,0.286,2.740,0.051,0.949,0.619,0.750
2271,75.700,0.000,13.153,0.000,-6.082,1,0,1,0.000,1.319,4,0,0.897,3,240.187,4903.964,0.733,0.408,0.703,0.100,0.274,0.518,0.049,0.951,0.607,0.750
2274,75.800,0.000,3.606,0.000,-9.547,1,0,1,0.000,1.308,4,0,0.897,3,68.029,4712.515,0.767,0.408,0.808,0.480,0.274,0.144,0.059,0.941,0.534,0.580
2277,75.900,0.000,4.123,0.000,0.518,1,0,1,0.000,1.545,4,0,0.897,3,38.949,4571.294,0.800,0.408,1.085,0.590,0.291,1.361,0.060,0.940,0.540,0.580
2280,76.000,0.000,9.434,0.000,5.311,1,0,1,0.000,1.668,4,0,0.931,3,120.830,4409.367,0.833,0.408,1.443,0.764,0.309,0.209,0.075,0.925,0.570,0.671
2283,76.100,0.000,16.643,0.000,7.209,1,0,1,0.000,1.571,4,0,0.966,3,114.612,4161.570,0.867,0.408,1.539,0.763,0.320,0.377,0.063,0.937,0.616,0.637
2286,76.200,0.000,9.055,0.000,-7.588,1,0,1,0.000,1.300,4,0,0.966,3,72.560,3754.214,0.900,0.408,1.626,0.667,0.341,0.122,0.090,0.910,0.587,0.580
2289,76.300,0.000,19.698,0.000,10.642,1,0,1,0.000,1.075,4,0,0.966,3,0.000,3394.864,0.933,0.408,1.905,0.133,0.333,1.446,0.085,0.915,0.695,0.550
2292,76.400,0.000,15.264,0.000,-4.433,1,0,1,0.000,0.814,4,0,0.966,3,10.050,3504.589,0.967,0.408,2.554,0.523,0.306,0.051,0.092,0.908,0.663,0.000
2295,76.500,113.159,9.220,51.313,-6.045,2,1,1,641.325,0.848,4,0,1.000,6,10.050,3504.589,1.000,0.399,1.858,0.533,0.260,0.020,0.086,0.914,0.909,0.650
2298,76.600,25.298,3.162,-87.861,-6.057,2,1,1,614.921,1.167,4,0,1.000,6,10.050,3504.589,1.000,0.389,2.245,0.730,0.239,2.753,0.079,0.921,0.796,0.550
2301,76.700,0.000,7.280,0.000,4.118,1,0,1,0.000,0.946,4,0,1.000,3,0.000,3711.999,1.000,0.389,2.691,0.307,0.303,2.960,0.075,0.925,0.641,0.650
2304,76.800,0.000,5.000,0.000,-2.280,1,0,1,0.000,1.147,4,0,1.000,3,0.000,2779.454,1.000,0.389,1.197,0.461,1.602,2.165,0.059,0.941,0.580,0.700
2307,76.900,0.000,8.062,0.000,3.062,1,0,1,0.000,1.210,4,0,1.000,3,122.016,1577.649,1.000,0.389,0.843,0.283,2.148,0.939,0.050,0.950,0.601,0.700
2310,77.000,0.000,14.142,0.000,6.080,1,0,1,0.000,1.301,4,0,1.000,3,22.000,1523.659,1.000,0.389,1.447,0.805,2.126,0.207,0.061,0.939,0.613,0.700
2313,77.100,0.000,25.318,0.000,11.176,1,0,1,0.000,1.146,4,0,1.000,3,19.799,1219.644,1.000,0.389,1.570,0.748,2.683,0.127,0.064,0.936,0.683,0.700
2316,77.200,38.419,25.060,13.121,-0.258,2,1,1,650.066,1.172,4,0,1.000,6,19.799,1219.644,1.000,0.379,1.373,0.743,2.790,0.578,0.055,0.945,0.846,0.700
2319,77.300,5.099,17.692,-33.320,-7.368,2,1,1,669.630,1.183,4,0,1.000,6,102.044,1419.960,1.000,0.369,0.961,0.785,2.902,0.484,0.054,0.946,0.717,0.700
2322,77.400,6.403,11.045,1.304,-6.646,2,1,1,669.104,1.377,4,0,1.000,6,0.000,1370.589,1.000,0.358,0.871,0.788,2.911,0.267,0.048,0.952,0.678,0.700
2325,77.500,0.000,663.316,0.000,657.485,2,0,1,663.316,0.725,4,0,1.000,6,74.793,1216.469,1.000,0.347,0.609,0.644,3.025,0.236,0.044,0.956,0.870,0.700
2328,77.600,0.000,674.685,0.000,9.450,2,0,1,674.685,1.293,4,0,1.000,5,179.003,1777.954,1.000,0.347,0.669,0.423,2.740,1.100,0.117,0.883,0.887,0.750
2331,77.700,0.000,677.909,0.000,3.223,1,0,1,0.000,1.683,4,0,1.000,3,202.882,2663.189,1.000,0.347,0.880,0.730,2.095,0.037,0.061,0.939,0.776,0.750
2334,77.800,0.000,12.649,0.000,-665.259,1,0,1,0.000,1.707,4,0,1.000,3,0.000,2556.404,1.000,0.347,0.905,0.787,1.432,1.286,0.066,0.934,0.593,0.700
2337,77.900,45.343,3.162,38.940,-9.487,2,1,1,659.007,2.069,4,0,1.000,6,13.000,2534.047,1.000,0.347,1.134,0.196,0.760,1.534,0.053,0.947,0.915,0.650
2340,78.000,0.000,658.365,0.000,656.365,2,0,1,658.365,1.986,4,0,1.000,5,6.403,2468.769,1.000,0.347,0.914,0.447,0.101,0.543,0.058,0.942,0.892,0.500
2343,78.100,0.000,669.546,0.000,10.006,2,0,1,669.546,2.091,3,1,0.966,4,8.062,2407.029,1.000,0.347,0.586,0.495,0.155,0.646,0.051,0.949,0.880,0.750
2346,78.200,0.000,671.126,0.000,-0.964,2,0,1,671.126,2.093,4,1,0.931,5,196.041,2909.204,1.000,0.336,0.636,0.682,0.467,0.181,0.054,0.946,0.868,0.750
2349,78.300,0.000,666.265,0.000,-4.300,2,0,1,666.265,2.418,3,1,0.897,4,8.544,2817.688,1.000,0.336,0.560,0.543,0.804,0.294,0.052,0.948,0.876,0.750
2352,78.400,0.000,664.847,0.000,-1.505,2,0,1,664.847,3.137,4,1,0.862,4,3.000,2765.410,1.000,0.336,0.588,0.422,0.921,0.092,0.053,0.947,0.885,0.750
2355,78.500,0.000,665.980,0.000,-4.295,2,0,1,665.980,3.135,4,0,0.862,5,9.220,2741.759,1.000,0.336,0.815,0.810,0.940,0.463,0.058,0.942,0.864,0.350
2358,78.600,0.000,667.464,0.000,2.955,2,0,1,667.464,3.135,4,0,0.862,5,103.407,2712.519,1.000,0.336,0.615,0.206,1.116,1.289,0.044,0.956,0.901,0.574
2361,78.700,0.000,662.705,0.000,-1.855,2,0,1,662.705,3.134,4,0,0.862,6,204.189,3379.838,1.000,0.336,1.044,0.434,1.297,0.889,0.058,0.942,0.896,0.750
2364,78.800,0.000,657.925,0.000,0.958,2,0,1,657.925,3.134,4,0,0.862,6,198.580,3585.488,1.000,0.336,0.849,0.648,1.525,3.055,0.057,0.943,0.876,0.750
2367,78.900,0.000,666.643,0.000,7.233,2,0,1,666.643,3.135,3,1,0.828,4,9.220,3280.449,1.000,0.336,0.608,0.472,1.598,0.144,0.052,0.948,0.882,0.750
2370,79.000,0.000,667.513,0.000,-3.895,2,0,1,667.513,3.134,3,0,0.828,4,4.472,3233.990,1.000,0.336,0.810,0.590,1.555,0.644,0.065,0.935,0.879,0.700
2373,79.100,0.000,672.730,0.000,0.470,2,0,1,672.730,3.136,4,1,0.793,5,11.000,2671.394,1.000,0.336,0.782,0.434,1.300,0.770,0.056,0.944,0.889,0.750
2376,79.200,0.000,668.973,0.000,-2.390,2,0,1,668.973,3.135,4,0,0.793,6,0.000,2649.617,1.000,0.336,0.841,0.158,1.117,0.939,0.048,0.952,0.910,0.350
2379,79.300,0.000,682.495,0.000,5.502,2,0,1,682.495,3.135,4,0,0.793,5,143.391,2915.837,1.000,0.336,0.690,0.439,1.016,1.493,0.035,0.965,0.887,0.750
2382,79.400,0.000,694.058,0.000,0.383,2,0,1,694.058,3.136,4,0,0.793,4,117.720,3018.854,1.000,0.336,1.213,0.663,0.936,0.554,0.053,0.947,0.884,0.654
2385,79.500,0.000,688.867,0.000,-4.994,2,0,1,688.867,3.135,4,0,0.793,4,117.720,3018.854,1.000,0.336,1.164,0.631,0.890,0.107,0.061,0.939,0.885,0.654
2388,79.600,0.000,717.785,0.000,-3.334,2,0,1,717.785,3.135,4,0,0.793,5,65.192,3414.704,1.000,0.336,0.949,0.787,0.772,0.011,0.058,0.942,0.869,0.350
2391,79.700,0.000,704.935,0.000,-5.927,2,0,1,704.935,3.126,4,0,0.793,4,59.405,3201.138,1.000,0.336,1.365,0.580,0.586,0.577,0.052,0.948,0.894,0.350
2394,79.800,0.000,765.241,0.000,-0.733,2,0,1,765.241,3.124,4,0,0.793,3,58.549,3613.729,1.000,0.336,1.412,0.567,0.378,1.181,0.091,0.909,0.851,0.350
2397,79.900,0.000,821.190,0.000,3.685,2,0,1,821.190,3.122,4,0,0.793,4,58.549,3613.729,1.000,0.336,2.348,0.659,0.046,0.412,0.110,0.890,0.913,0.350
2400,80.000,0.000,810.977,0.000,6.974,2,0,1,810.977,3.123,4,0,0.793,3,63.285,4281.988,1.000,0.347,1.086,0.155,0.374,2.167,0.064,0.936,0.871,0.550
2403,80.100,28.018,785.843,-17.325,-25.134,2,1,1,773.450,3.132,4,0,0.793,4,63.285,4281.988,1.000,0.347,1.865,0.860,0.625,0.323,0.076,0.924,0.886,0.500
2406,80.200,159.402,0.000,131.384,0.000,1,1,0,0.000,1.580,4,0,0.793,3,0.000,7404.188,1.000,0.358,10.586,0.249,1.451,1.443,0.325,0.675,0.988,0.700
2409,80.300,51.039,0.000,-108.363,0.000,1,1,0,0.000,1.394,4,0,0.793,3,42.720,8390.667,1.000,0.358,1.747,0.652,5.438,0.288,0.101,0.899,0.803,0.700
2412,80.400,11.705,0.000,-39.335,0.000,1,1,0,0.000,1.181,7,0,0.793,2,0.000,8526.434,1.000,0.369,0.860,0.429,5.979,1.928,0.086,0.914,0.528,0.700
2415,80.500,28.601,0.000,16.896,0.000,1,1,0,0.000,1.210,7,0,0.793,3,16.492,8990.575,1.000,0.369,1.394,0.548,6.072,0.210,0.094,0.906,0.653,0.700
2418,80.600,8.544,0.000,-20.057,0.000,1,1,0,0.000,1.235,7,0,0.793,2,62.177,9145.138,1.000,0.369,1.124,0.476,6.371,0.515,0.071,0.929,0.514,0.700
2421,80.700,25.962,0.000,17.418,0.000,1,1,0,0.000,1.096,8,1,0.759,3,58.694,9924.787,1.000,0.379,1.137,0.725,6.543,0.382,0.092,0.908,0.609,0.750
2424,80.800,0.000,0.000,0.000,0.000,0,0,0,0.000,0.000,8,0,0.759,0,58.694,9924.787,0.967,0.379,0.887,0.725,6.719,0.450,0.084,0.916,0.257,0.700
2427,80.900,0.000,0.000,0.000,0.000,0,0,0,0.000,0.000,8,0,0.759,0,58.694,9924.787,0.933,0.379,2.017,0.826,6.966,0.717,0.115,0.885,0.275,0.700
2430,81.000,0.000,0.000,0.000,0.000,0,0,0,0.000,0.000,8,0,0.793,0,58.694,9924.787,0.900,0.379,1.681,0.864,6.766,0.491,0.102,0.898,0.260,0.700
2433,81.100,0.000,0.000,0.000,0.000,0,0,0,0.000,0.000,8,0,0.828,0,58.694,9924.787,0.867,0.379,1.591,0.678,6.103,0.222,0.109,0.891,0.266,0.700
2436,81.200,0.000,0.000,0.000,0.000,0,0,0,0.000,0.000,8,0,0.862,0,58.694,9924.787,0.833,0.379,0.878,0.896,6.312,0.105,0.074,0.926,0.229,0.700
2439,81.300,0.000,0.000,0.000,0.000,0,0,0,0.000,0.000,7,1,0.862,0,58.694,9924.787,0.800,0.379,1.049,0.761,4.990,0.072,0.070,0.930,0.239,0.750
2442,81.400,0.000,0.000,0.000,0.000,0,0,0,0.000,0.000,7,0,0.862,0,58.694,9924.787,0.767,0.379,2.372,0.864,4.244,1.568,0.103,0.897,0.261,0.700
2445,81.500,0.000,553.376,0.000,-232.467,1,0,1,0.000,3.107,7,0,0.862,3,130.698,10351.500,0.767,0.264,2.598,0.656,2.302,1.586,0.104,0.896,0.738,0.726
2448,81.600,0.000,0.000,0.000,0.000,0,0,0,0.000,0.000,8,1,0.828,0,130.698,10351.500,0.733,0.264,1.867,0.442,2.519,0.317,0.086,0.914,0.274,0.750
2451,81.700,0.000,0.000,0.000,0.000,0,0,0,0.000,0.000,8,0,0.828,0,130.698,10351.500,0.700,0.264,1.906,0.705,2.178,1.522,0.099,0.901,0.252,0.726
2454,81.800,0.000,0.000,0.000,0.000,0,0,0,0.000,0.000,8,0,0.862,0,130.698,10351.500,0.667,0.264,1.574,0.604,0.096,0.860,0.104,0.896,0.247,0.726
2457,81.900,0.000,0.000,0.000,0.000,0,0,0,0.000,0.000,8,0,0.862,0,130.698,10351.500,0.633,0.264,1.431,0.817,0.127,0.068,0.113,0.887,0.225,0.726
2460,82.000,0.000,0.000,0.000,0.000,0,0,0,0.000,0.000,8,0,0.897,0,130.698,10351.500,0.600,0.264,1.365,0.678,0.118,0.050,0.109,0.891,0.229,0.726
2463,82.100,0.000,0.000,0.000,0.000,0,0,0,0.000,0.000,8,0,0.897,0,130.698,10351.500,0.567,0.264,1.086,0.677,0.136,0.762,0.096,0.904,0.218,0.726
2466,82.200,0.000,0.000,0.000,0.000,0,0,0,0.000,0.000,8,0,0.897,0,130.698,10351.500,0.533,0.264,1.242,0.516,0.147,2.566,0.109,0.891,0.229,0.726
2469,82.300,0.000,0.000,0.000,0.000,0,0,0,0.000,0.000,8,0,0.897,0,130.698,10351.500,0.500,0.264,1.072,0.696,0.153,0.361,0.111,0.889,0.208,0.726
2472,82.400,0.000,0.000,0.000,0.000,0,0,0,0.000,0.000,8,0,0.897,0,130.698,10351.500,0.467,0.264,0.807,0.478,0.154,0.588,0.098,0.902,0.213,0.726
2475,82.500,0.000,0.000,0.000,0.000,0,0,0,0.000,0.000,7,1,0.862,0,130.698,10351.500,0.433,0.264,1.070,0.799,0.212,1.434,0.115,0.885,0.193,0.750
2478,82.600,0.000,0.000,0.000,0.000,0,0,0,0.000,0.000,7,0,0.862,0,130.698,10351.500,0.400,0.264,1.992,0.615,0.245,0.000,0.154,0.846,0.225,0.726
2481,82.700,0.000,0.000,0.000,0.000,0,0,0,0.000,0.000,7,0,0.862,0,130.698,10351.500,0.367,0.264,3.620,0.942,0.254,0.305,0.197,0.803,0.239,0.726
2484,82.800,0.000,0.000,0.000,0.000,0,0,0,0.000,0.000,8,1,0.828,0,130.698,10351.500,0.333,0.264,3.096,0.920,0.160,0.176,0.193,0.807,0.223,0.750
2487,82.900,0.000,0.000,0.000,0.000,0,0,0,0.000,0.000,8,0,0.828,0,130.698,10351.500,0.300,0.264,3.329,0.907,0.090,0.361,0.202,0.798,0.226,0.726
2490,83.000,101.242,0.000,75.281,0.000,1,1,0,0.000,1.389,8,0,0.828,4,0.000,9280.997,0.300,0.228,5.018,0.958,0.063,0.199,0.195,0.805,0.734,0.650
2493,83.100,28.792,0.000,-72.450,0.000,1,1,0,0.000,1.500,6,1,0.793,4,0.000,4874.925,0.300,0.228,6.324,0.810,0.038,0.249,0.180,0.820,0.717,0.750
2496,83.200,31.765,0.000,2.972,0.000,1,1,0,0.000,1.441,6,0,0.793,4,0.000,2186.394,0.300,0.228,10.539,0.899,0.090,0.033,0.203,0.797,0.770,0.580
2499,83.300,73.437,0.000,41.672,0.000,1,1,0,0.000,1.512,6,0,0.793,3,73.437,2376.244,0.300,0.228,11.676,0.866,2.557,0.015,0.202,0.798,0.815,0.700
2502,83.400,81.597,0.000,8.160,0.000,1,1,0,0.000,1.376,5,0,0.793,3,73.437,2376.244,0.300,0.228,10.783,0.884,3.861,0.057,0.195,0.805,0.832,0.700
2505,83.500,33.956,0.000,-47.641,0.000,1,1,0,0.000,1.315,5,0,0.793,4,159.101,3330.309,0.300,0.233,9.605,0.899,5.258,0.003,0.186,0.814,0.806,0.750
2508,83.600,0.000,221.000,0.000,-332.376,1,0,1,0.000,2.724,5,0,0.828,4,34.886,4606.074,0.300,0.233,8.782,0.970,6.349,0.028,0.185,0.815,0.862,0.700
2511,83.700,39.205,0.000,5.249,0.000,1,1,0,0.000,1.000,6,0,0.828,5,41.485,6130.938,0.300,0.228,6.943,0.969,7.343,0.019,0.184,0.816,0.810,0.700
2514,83.800,27.785,0.000,-11.420,0.000,1,1,0,0.000,0.961,6,0,0.828,5,31.401,7845.589,0.333,0.228,5.290,0.905,8.168,0.044,0.166,0.834,0.713,0.700
2517,83.900,22.204,0.000,-5.581,0.000,1,1,0,0.000,0.730,6,0,0.828,5,12.649,9503.468,0.367,0.224,3.728,0.879,8.976,0.019,0.157,0.843,0.649,0.700
2520,84.000,0.000,0.000,0.000,0.000,0,0,0,0.000,0.000,5,0,0.828,0,12.649,9503.468,0.367,0.224,2.746,0.952,9.145,0.479,0.152,0.848,0.216,0.700
2523,84.100,0.000,0.000,0.000,0.000,0,0,0,0.000,0.000,5,0,0.828,0,12.649,9503.468,0.367,0.224,2.629,0.950,9.291,0.078,0.137,0.863,0.213,0.700
2526,84.200,0.000,0.000,0.000,0.000,0,0,0,0.000,0.000,4,1,0.828,0,12.649,9503.468,0.367,0.224,1.408,0.895,9.035,0.125,0.111,0.889,0.187,0.750
2529,84.300,0.000,0.000,0.000,0.000,0,0,0,0.000,0.000,5,1,0.793,0,12.649,9503.468,0.367,0.224,1.980,0.921,6.146,0.091,0.147,0.853,0.199,0.750
2532,84.400,36.249,0.000,14.046,0.000,1,1,0,0.000,0.660,5,0,0.793,3,12.649,9503.468,0.400,0.236,2.253,0.938,5.405,0.223,0.149,0.851,0.648,0.700
2535,84.500,0.000,0.000,0.000,0.000,0,0,0,0.000,0.000,4,1,0.793,0,12.649,9503.468,0.367,0.236,1.337,0.810,4.758,0.553,0.126,0.874,0.191,0.750
2538,84.600,0.000,0.000,0.000,0.000,0,0,0,0.000,0.000,4,0,0.793,0,12.649,9503.468,0.367,0.236,1.200,0.805,3.193,0.747,0.114,0.886,0.188,0.700
2541,84.700,0.000,0.000,0.000,0.000,0,0,0,0.000,0.000,5,1,0.759,0,12.649,9503.468,0.367,0.236,1.488,0.866,1.944,0.945,0.132,0.868,0.191,0.750
2544,84.800,0.000,0.000,0.000,0.000,0,0,0,0.000,0.000,5,0,0.759,0,12.649,9503.468,0.367,0.236,6.105,0.560,0.732,1.141,0.175,0.825,0.327,0.580
2547,84.900,0.000,0.000,0.000,0.000,0,0,0,0.000,0.000,3,1,0.724,0,12.649,9503.468,0.367,0.236,8.505,0.537,0.251,0.348,0.182,0.818,0.276,0.750
2550,85.000,0.000,0.000,0.000,0.000,0,0,0,0.000,0.000,3,0,0.724,0,12.649,9503.468,0.367,0.236,7.903,0.604,0.017,0.561,0.174,0.826,0.269,0.580
2553,85.100,0.000,0.000,0.000,0.000,0,0,0,0.000,0.000,3,0,0.724,0,12.649,9503.468,0.367,0.236,8.134,0.637,0.154,0.884,0.194,0.806,0.269,0.580
2556,85.200,0.000,0.000,0.000,0.000,0,0,0,0.000,0.000,4,1,0.690,0,12.649,9503.468,0.367,0.236,7.614,0.650,0.298,0.176,0.179,0.821,0.359,0.750
2559,85.300,0.000,0.000,0.000,0.000,0,0,0,0.000,0.000,4,0,0.690,0,12.649,9503.468,0.367,0.236,9.881,0.581,0.399,0.038,0.200,0.800,0.373,0.580
2562,85.400,0.000,0.000,0.000,0.000,0,0,0,0.000,0.000,4,0,0.724,0,12.649,9503.468,0.367,0.236,12.334,0.408,0.414,0.156,0.221,0.779,0.385,0.580
2565,85.500,0.000,0.000,0.000,0.000,0,0,0,0.000,0.000,3,1,0.690,0,12.649,9503.468,0.367,0.236,13.841,0.567,0.327,0.349,0.200,0.800,0.274,0.750
2568,85.600,0.000,0.000,0.000,0.000,0,0,0,0.000,0.000,3,0,0.690,0,12.649,9503.468,0.367,0.236,12.869,0.505,0.144,0.053,0.179,0.821,0.279,0.580
2571,85.700,541.299,0.000,505.050,0.000,1,1,0,0.000,0.692,3,0,0.724,2,12.649,9503.468,0.400,0.250,12.372,0.182,0.059,1.565,0.413,0.587,0.805,0.663
2574,85.800,4.123,0.000,-537.176,0.000,1,1,0,0.000,0.983,4,1,0.690,2,12.649,9503.468,0.433,0.250,7.870,0.216,0.323,1.985,0.195,0.805,0.647,0.750
2577,85.900,15.556,0.000,11.433,0.000,1,1,0,0.000,1.218,4,0,0.690,2,12.649,9503.468,0.467,0.250,7.784,0.347,0.454,0.481,0.188,0.812,0.703,0.580
2580,86.000,25.632,0.000,10.076,0.000,1,1,0,0.000,1.349,4,0,0.724,2,12.649,9503.468,0.467,0.250,6.858,0.524,0.573,1.051,0.170,0.830,0.723,0.580
2583,86.100,23.537,0.000,-2.095,0.000,1,1,0,0.000,1.325,4,1,0.690,2,12.649,9503.468,0.467,0.250,8.483,0.526,0.713,0.147,0.161,0.839,0.740,0.750
2586,86.200,24.083,0.000,0.546,0.000,1,1,0,0.000,1.262,4,0,0.690,2,12.649,9503.468,0.467,0.253,8.603,0.427,0.900,0.065,0.151,0.849,0.750,0.580
2589,86.300,28.601,0.000,4.518,0.000,1,1,0,0.000,1.248,4,0,0.690,1,12.649,9503.468,0.467,0.239,8.594,0.470,1.233,0.586,0.153,0.847,0.727,0.580
2592,86.400,42.720,595.612,14.119,374.612,2,1,1,42.438,2.720,4,0,0.690,2,12.649,9503.468,0.467,0.243,12.648,0.710,1.583,0.810,0.151,0.849,0.896,0.700
2595,86.500,0.000,0.000,0.000,0.000,0,0,0,0.000,0.000,4,0,0.690,0,12.649,9503.468,0.433,0.243,10.756,0.478,1.875,0.102,0.154,0.846,0.389,0.700
2598,86.600,0.000,0.000,0.000,0.000,0,0,0,0.000,0.000,4,0,0.690,0,12.649,9503.468,0.400,0.243,11.119,0.434,2.112,0.120,0.144,0.856,0.388,0.700
2601,86.700,0.000,0.000,0.000,0.000,0,0,0,0.000,0.000,4,1,0.655,0,12.649,9503.468,0.367,0.243,7.618,0.749,2.259,1.931,0.130,0.870,0.352,0.750
2604,86.800,0.000,0.000,0.000,0.000,0,0,0,0.000,0.000,4,0,0.655,0,12.649,9503.468,0.333,0.243,7.575,0.765,2.198,0.060,0.137,0.863,0.346,0.700
2607,86.900,0.000,583.693,0.000,-11.920,1,0,1,0.000,2.703,4,0,0.655,2,12.649,9503.468,0.333,0.260,6.551,0.754,1.798,0.495,0.144,0.856,0.791,0.700
2610,87.000,575.684,578.227,532.964,-5.466,2,1,1,544.015,2.705,4,0,0.655,6,252.414,9178.075,0.367,0.260,5.770,0.718,1.253,0.218,0.145,0.855,0.918,0.750
2613,87.100,70.093,36.878,-505.591,-541.348,2,1,1,448.010,2.604,4,0,0.690,6,0.000,9497.984,0.400,0.255,6.210,0.587,0.781,0.958,0.138,0.862,0.942,0.580
2616,87.200,36.359,16.155,-33.733,-20.723,2,1,1,402.124,2.253,4,0,0.724,6,0.000,9531.180,0.433,0.250,5.018,0.705,0.481,0.628,0.136,0.864,0.860,0.580
2619,87.300,3.162,7.810,-33.197,-8.345,2,1,1,395.005,1.900,3,1,0.690,4,0.000,9406.517,0.467,0.250,5.624,0.698,0.205,0.126,0.143,0.857,0.621,0.750
2622,87.400,0.000,412.059,0.000,2.000,2,0,1,412.059,1.998,3,0,0.724,4,0.000,9477.288,0.467,0.250,5.545,0.694,0.087,0.374,0.141,0.859,0.826,0.500
2625,87.500,18.385,2.828,15.222,-409.231,2,1,1,412.011,1.908,3,0,0.724,4,0.000,9318.304,0.500,0.250,4.350,0.703,0.038,0.155,0.143,0.857,0.652,0.580
2628,87.600,0.000,432.019,0.000,10.943,2,0,1,432.019,1.628,3,0,0.759,4,0.000,9436.737,0.533,0.255,4.452,0.552,0.192,0.303,0.148,0.852,0.817,0.500
2631,87.700,434.029,437.093,415.644,5.074,2,1,1,448.189,1.726,3,0,0.759,4,0.000,7593.669,0.567,0.255,5.608,0.677,0.476,0.293,0.156,0.844,0.841,0.500
2634,87.800,30.414,0.000,-403.615,0.000,1,1,0,0.000,1.942,3,0,0.793,2,0.000,7593.669,0.600,0.243,5.470,0.641,0.911,0.051,0.162,0.838,0.653,0.650
2637,87.900,0.000,394.214,0.000,-42.878,1,0,1,0.000,2.071,3,0,0.793,2,0.000,7593.669,0.633,0.248,6.141,0.708,1.146,0.001,0.179,0.821,0.750,0.500
2640,88.000,0.000,0.000,0.000,0.000,0,0,0,0.000,0.000,3,0,0.793,0,0.000,7593.669,0.633,0.248,6.578,0.784,1.394,0.090,0.195,0.805,0.256,0.650
2643,88.100,0.000,47.802,0.000,-346.413,1,0,1,0.000,2.143,3,0,0.828,2,0.000,7593.669,0.667,0.342,3.561,0.823,1.627,0.210,0.174,0.826,0.681,0.700
2646,88.200,0.000,0.000,0.000,0.000,0,0,0,0.000,0.000,3,0,0.828,0,0.000,7593.669,0.667,0.342,4.304,0.637,1.968,1.019,0.157,0.843,0.213,0.700
2649,88.300,0.000,393.407,0.000,345.605,1,0,1,0.000,2.315,3,0,0.828,2,0.000,3627.614,0.700,0.344,3.554,0.656,2.068,0.637,0.163,0.837,0.697,0.700
2652,88.400,408.256,0.000,377.842,0.000,1,1,0,0.000,1.889,3,0,0.862,2,9.434,761.908,0.733,0.344,4.195,0.492,2.038,1.276,0.166,0.834,0.728,0.700
2655,88.500,461.677,0.000,455.595,0.000,2,1,0,461.677,1.646,3,0,0.862,4,200.878,1362.730,0.767,0.336,4.109,0.517,1.896,2.980,0.158,0.842,0.839,0.750
2658,88.600,459.048,452.637,-2.629,59.230,2,1,1,449.288,2.305,3,0,0.862,4,0.000,1514.008,0.800,0.318,1.717,0.656,1.805,0.716,0.131,0.869,0.773,0.700
2661,88.700,4.000,2.236,-455.048,-450.401,2,1,1,450.778,2.140,3,0,0.897,4,232.813,2453.290,0.800,0.355,1.528,0.621,1.865,1.227,0.157,0.843,0.543,0.750
2664,88.800,2.828,3.162,-1.172,0.926,2,1,1,452.244,2.143,3,0,0.897,4,193.546,3099.769,0.800,0.366,1.353,0.686,1.815,0.073,0.134,0.866,0.529,0.750
2667,88.900,39.319,11.705,36.491,8.542,2,1,1,480.208,1.951,3,0,0.897,4,32.558,3385.228,0.800,0.366,6.803,0.849,1.799,2.039,0.195,0.805,0.855,0.700
2670,89.000,0.000,56.604,0.000,44.899,1,0,1,0.000,1.675,3,0,0.931,2,32.558,3385.228,0.800,0.376,5.749,0.484,1.623,1.777,0.202,0.798,0.776,0.700
2673,89.100,0.000,54.037,0.000,-2.567,1,0,1,0.000,1.617,3,0,0.931,2,32.558,3385.228,0.800,0.376,5.594,0.548,1.404,1.332,0.174,0.826,0.768,0.700
2676,89.200,0.000,39.013,0.000,-15.024,1,0,1,0.000,1.508,3,0,0.931,1,32.558,3385.228,0.800,0.386,6.100,0.367,1.198,1.162,0.152,0.848,0.700,0.580
2679,89.300,0.000,9.220,0.000,-29.793,1,0,1,0.000,1.613,3,0,0.931,1,32.558,3385.228,0.800,0.395,4.067,0.735,1.098,2.245,0.149,0.851,0.457,0.580
2682,89.400,0.000,20.518,0.000,11.299,1,0,1,0.000,1.355,3,0,0.931,1,32.558,3385.228,0.800,0.404,2.651,0.836,1.050,1.957,0.147,0.853,0.478,0.580
2685,89.500,0.000,10.296,0.000,-10.223,1,0,1,0.000,1.263,3,0,0.931,1,32.558,3385.228,0.833,0.414,2.985,0.858,1.228,0.070,0.158,0.842,0.432,0.580
2688,89.600,201.358,9.849,162.039,-0.447,2,1,1,697.775,1.442,3,0,0.966,3,32.558,3385.228,0.867,0.414,2.164,0.534,1.480,2.038,0.116,0.884,0.801,0.700
2691,89.700,84.202,13.342,-117.156,3.493,2,1,1,601.945,1.493,3,0,0.966,3,47.802,3707.275,0.900,0.414,1.693,0.479,1.795,0.165,0.100,0.900,0.797,0.700
2694,89.800,72.236,46.400,-11.966,33.059,2,1,1,509.483,1.388,3,0,0.966,4,89.286,3664.305,0.933,0.414,2.117,0.834,1.873,2.349,0.146,0.854,0.787,0.700
2697,89.900,38.275,43.463,-33.960,-2.938,2,1,1,437.937,1.171,3,0,0.966,4,0.000,3480.640,0.933,0.414,3.417,0.854,1.790,1.869,0.150,0.850,0.809,0.700
2700,90.000,2.236,35.847,-36.039,-7.616,2,1,1,413.281,1.140,3,0,0.966,4,51.000,3574.279,0.933,0.414,3.293,0.824,1.742,0.691,0.150,0.850,0.766,0.700
2703,90.100,2.000,13.038,-0.236,-22.808,2,1,1,398.995,1.189,3,0,0.966,4,57.271,3662.839,0.933,0.414,1.702,0.818,1.661,0.954,0.134,0.866,0.600,0.700
2706,90.200,3.000,7.071,1.000,-5.967,2,1,1,394.677,1.288,3,0,1.000,4,56.719,3409.990,0.933,0.410,1.044,0.760,1.068,0.212,0.099,0.901,0.554,0.580
2709,90.300,2.828,7.211,-0.172,0.140,2,1,1,386.432,1.500,3,0,1.000,3,160.112,4279.045,0.933,0.417,1.005,0.758,0.753,1.234,0.103,0.897,0.554,0.750
2712,90.400,3.162,8.062,0.334,0.851,2,1,1,384.376,1.549,3,0,1.000,4,50.040,4116.727,0.933,0.408,1.050,0.494,0.512,0.797,0.102,0.898,0.578,0.580
2715,90.500,2.236,4.472,-0.926,-3.590,2,1,1,379.592,1.201,3,0,1.000,2,159.211,4310.398,0.933,0.417,0.745,0.303,0.760,0.969,0.081,0.919,0.504,0.750
2718,90.600,5.000,7.280,2.764,2.808,2,1,1,382.092,1.523,3,0,1.000,3,173.632,4800.604,0.933,0.417,1.076,0.826,0.990,1.998,0.099,0.901,0.552,0.750
2721,90.700,7.071,22.472,2.071,15.192,2,1,1,396.234,1.516,3,0,1.000,4,60.208,4918.007,0.933,0.417,2.287,0.846,1.190,0.130,0.113,0.887,0.665,0.580
2724,90.800,7.616,36.069,0.545,13.597,2,1,1,423.851,1.287,3,0,1.000,4,0.000,4816.434,0.933,0.417,3.062,0.809,1.334,0.065,0.139,0.861,0.762,0.350
2727,90.900,9.434,38.471,1.818,2.401,2,1,1,454.525,1.044,3,0,1.000,4,0.000,4643.479,0.933,0.417,3.664,0.855,1.334,0.203,0.137,0.863,0.787,0.350
2730,91.000,7.211,41.617,-2.223,3.147,2,1,1,460.588,1.136,3,0,1.000,4,238.768,5274.915,0.967,0.408,2.452,0.534,1.177,0.931,0.119,0.881,0.801,0.750
2733,91.100,0.000,470.406,0.000,395.680,2,0,1,470.406,1.318,3,0,1.000,4,90.956,4279.164,0.967,0.389,13.565,0.106,1.131,0.230,0.307,0.693,0.989,0.505
2736,91.200,0.000,443.244,0.000,-16.969,2,0,1,443.244,1.623,3,0,1.000,4,59.682,4148.167,1.000,0.379,1.731,0.530,0.585,2.166,0.104,0.896,0.806,0.550
2739,91.300,0.000,426.719,0.000,-16.525,1,0,1,0.000,1.973,3,0,1.000,2,28.460,4103.275,1.000,0.379,3.230,0.603,0.460,0.018,0.136,0.864,0.729,0.650
2742,91.400,0.000,25.495,0.000,-401.224,1,0,1,0.000,2.267,3,0,1.000,2,22.472,3359.365,1.000,0.379,3.720,0.694,0.354,0.112,0.147,0.853,0.626,0.580
2745,91.500,0.000,23.345,0.000,-2.150,1,0,1,0.000,2.243,3,0,1.000,2,15.264,2912.264,1.000,0.389,3.010,0.769,0.316,0.244,0.142,0.858,0.591,0.580
2748,91.600,0.000,14.036,0.000,-9.310,1,0,1,0.000,2.148,3,0,1.000,2,11.180,2513.319,1.000,0.389,1.798,0.833,0.297,0.238,0.138,0.862,0.505,0.580
2751,91.700,0.000,1.414,0.000,-12.621,1,0,1,0.000,1.888,3,0,1.000,2,9.434,2083.550,1.000,0.399,1.211,0.591,0.293,1.059,0.156,0.844,0.437,0.580
2754,91.800,0.000,6.325,0.000,4.910,1,0,1,0.000,1.737,4,1,0.966,2,15.033,1281.344,1.000,0.399,1.901,0.813,0.263,0.768,0.166,0.834,0.536,0.750
2757,91.900,0.000,6.403,0.000,0.079,1,0,1,0.000,1.470,4,0,0.966,2,0.000,983.925,1.000,0.408,1.929,0.812,0.213,0.330,0.173,0.827,0.537,0.580
2760,92.000,0.000,23.000,0.000,16.597,1,0,1,0.000,1.163,4,0,0.966,2,0.000,731.509,1.000,0.408,3.380,0.762,0.030,0.164,0.190,0.810,0.669,0.580
2763,92.100,0.000,4.000,0.000,-19.000,1,0,1,0.000,0.777,4,0,0.966,2,0.000,650.817,1.000,0.417,2.779,0.795,0.354,0.477,0.188,0.812,0.546,0.580
2766,92.200,0.000,12.369,0.000,8.369,1,0,1,0.000,0.483,4,0,0.966,2,15.811,307.567,1.000,0.417,1.999,0.723,0.690,0.426,0.157,0.843,0.578,0.580
2769,92.300,0.000,6.708,0.000,-5.661,1,0,1,0.000,0.580,4,0,0.966,2,15.652,232.644,1.000,0.426,1.766,0.720,1.218,0.047,0.146,0.854,0.541,0.580
2772,92.400,0.000,33.941,0.000,27.233,1,0,1,0.000,0.535,4,0,0.966,2,58.181,269.299,1.000,0.426,3.041,0.465,1.345,0.810,0.145,0.855,0.742,0.450
2775,92.500,0.000,58.523,0.000,24.582,1,0,1,0.000,0.500,4,0,0.966,2,0.000,233.188,1.000,0.435,2.338,0.456,1.120,0.026,0.145,0.855,0.786,0.000
2778,92.600,0.000,59.439,0.000,0.916,1,0,1,0.000,0.622,4,0,0.966,2,0.000,201.394,1.000,0.435,2.132,0.744,1.178,0.809,0.115,0.885,0.761,0.000
2781,92.700,0.000,37.443,0.000,-21.996,1,0,1,0.000,0.545,5,1,0.931,2,108.259,413.077,1.000,0.444,1.963,0.248,0.137,0.976,0.096,0.904,0.732,0.750
2784,92.800,0.000,54.424,0.000,16.981,1,0,1,0.000,0.579,5,0,0.931,2,221.795,1613.190,1.000,0.444,1.815,0.220,0.133,0.830,0.087,0.913,0.772,0.750
2787,92.900,0.000,32.016,0.000,-22.409,1,0,1,0.000,0.852,5,0,0.931,2,0.000,1591.990,1.000,0.444,2.560,0.468,0.189,1.159,0.125,0.875,0.701,0.000
2790,93.000,0.000,0.000,0.000,0.000,0,0,0,0.000,0.000,4,1,0.897,0,0.000,1591.990,0.967,0.444,3.872,0.496,0.221,0.388,0.183,0.817,0.348,0.750
2793,93.100,0.000,0.000,0.000,0.000,0,0,0,0.000,0.000,4,0,0.897,0,0.000,1591.990,0.933,0.444,1.955,0.597,0.195,0.835,0.146,0.854,0.289,0.580
2796,93.200,0.000,0.000,0.000,0.000,0,0,0,0.000,0.000,4,0,0.897,0,0.000,1591.990,0.900,0.444,2.488,0.796,0.194,0.583,0.175,0.825,0.284,0.580
2799,93.300,0.000,0.000,0.000,0.000,0,0,0,0.000,0.000,3,1,0.862,0,0.000,1591.990,0.867,0.444,3.056,0.675,0.170,1.026,0.160,0.840,0.203,0.750
2802,93.400,0.000,347.207,0.000,315.192,1,0,1,0.000,0.889,3,0,0.862,2,0.000,2027.194,0.867,0.374,3.061,0.677,0.166,0.552,0.186,0.814,0.703,0.650
2805,93.500,0.000,376.948,0.000,370.240,2,0,1,376.948,1.040,3,0,0.862,4,0.000,3151.170,0.867,0.374,4.049,0.747,0.162,0.720,0.202,0.798,0.833,0.650
2808,93.600,56.939,370.267,49.727,-6.681,2,1,1,385.240,1.377,4,1,0.828,5,0.000,3533.254,0.867,0.374,3.113,0.584,0.211,2.253,0.150,0.850,0.921,0.750
2811,93.700,23.707,4.243,-33.232,-366.025,2,1,1,375.033,1.369,4,0,0.828,5,0.000,3678.149,0.867,0.374,3.807,0.508,0.247,0.449,0.162,0.838,0.825,0.580
2814,93.800,14.000,21.541,-9.707,17.298,2,1,1,365.034,1.468,4,0,0.828,5,0.000,1085.624,0.867,0.374,2.957,0.474,0.197,0.030,0.134,0.866,0.794,0.580
2817,93.900,10.817,17.720,-3.183,-3.821,2,1,1,376.294,1.557,3,1,0.793,4,0.000,581.104,0.867,0.374,2.370,0.672,0.138,0.394,0.160,0.840,0.645,0.750
2820,94.000,2.236,15.264,-8.581,-2.456,2,1,1,382.744,1.318,3,0,0.793,4,58.249,1597.039,0.867,0.365,1.881,0.915,0.139,0.577,0.131,0.869,0.602,0.580
2823,94.100,2.236,43.417,0.000,28.152,2,1,1,422.096,1.351,3,0,0.793,4,97.293,1975.845,0.867,0.357,2.458,0.786,0.147,0.264,0.157,0.843,0.782,0.541
2826,94.200,5.831,51.971,3.595,8.555,2,1,1,476.917,1.390,3,0,0.793,4,0.000,2082.360,0.867,0.348,3.790,0.533,0.508,0.053,0.207,0.793,0.841,0.350
2829,94.300,9.899,49.254,4.069,-2.717,2,1,1,521.124,1.503,3,0,0.793,4,20.224,2115.688,0.867,0.339,2.944,0.358,0.668,1.995,0.137,0.863,0.833,0.550
2832,94.400,3.000,8.062,-6.899,-41.192,2,1,1,518.097,1.607,3,0,0.793,3,358.221,4497.160,0.867,0.330,2.565,0.707,0.938,2.604,0.177,0.823,0.593,0.750
2835,94.500,3.606,25.632,0.606,17.570,2,1,1,518.833,1.554,3,0,0.793,4,0.000,4648.135,0.867,0.321,2.781,0.507,1.246,2.323,0.168,0.832,0.710,0.550
2838,94.600,5.831,32.016,2.225,6.384,2,1,1,543.306,1.669,3,0,0.793,4,0.000,4835.618,0.867,0.311,3.806,0.681,0.859,2.357,0.207,0.793,0.759,0.550
2841,94.700,12.649,70.029,6.818,38.013,2,1,1,514.176,1.704,3,0,0.828,4,0.000,4220.730,0.867,0.301,2.811,0.134,1.035,1.529,0.135,0.865,0.845,0.550
2844,94.800,10.198,43.966,-2.451,-26.063,2,1,1,518.232,1.820,5,1,0.793,6,0.000,6564.764,0.867,0.347,2.983,0.804,1.044,0.911,0.161,0.839,0.897,0.750
2847,94.900,7.211,52.773,-2.987,8.807,2,1,1,567.585,1.690,5,0,0.793,6,146.769,6732.509,0.867,0.347,3.320,0.674,0.901,0.144,0.208,0.792,0.920,0.750
2850,95.000,15.811,65.069,8.600,12.296,2,1,1,623.321,1.482,5,0,0.793,6,21.954,4554.177,0.867,0.347,3.795,0.559,0.809,0.650,0.216,0.784,0.940,0.350
2853,95.100,5.099,46.228,-10.712,-18.841,2,1,1,657.220,1.332,3,1,0.759,4,26.420,4718.819,0.867,0.347,3.503,0.324,0.628,2.455,0.219,0.781,0.849,0.750
2856,95.200,12.530,61.612,7.431,15.384,2,1,1,613.052,1.147,3,0,0.759,4,24.083,4830.024,0.867,0.347,2.673,0.373,0.623,0.218,0.125,0.875,0.825,0.350
2859,95.300,4.123,52.773,-8.407,-8.839,2,1,1,620.810,1.105,3,0,0.759,4,23.431,4815.077,0.867,0.347,3.355,0.614,0.326,2.113,0.209,0.791,0.825,0.550
2862,95.400,11.045,0.000,6.922,0.000,1,1,0,0.000,0.873,4,1,0.724,3,9.220,4805.487,0.867,0.347,2.982,0.571,0.271,0.835,0.170,0.830,0.635,0.750
2865,95.500,12.042,298.639,0.996,245.865,2,1,1,432.949,1.017,4,0,0.724,5,0.000,4856.537,0.867,0.347,3.481,0.516,0.391,2.910,0.159,0.841,0.935,0.650
2868,95.600,18.682,21.587,6.640,-277.052,2,1,1,422.992,1.070,4,0,0.759,5,0.000,1310.035,0.867,0.347,5.050,0.752,0.565,0.592,0.194,0.806,0.828,0.450
2871,95.700,37.363,54.562,18.682,32.975,2,1,1,387.687,1.064,4,0,0.759,5,72.201,998.448,0.867,0.336,4.952,0.651,0.788,0.677,0.195,0.805,0.962,0.450
2874,95.800,45.453,64.008,8.090,9.446,2,1,1,374.158,0.970,4,0,0.759,5,0.000,1333.125,0.867,0.336,4.083,0.532,0.716,0.054,0.230,0.770,0.949,0.350
2877,95.900,17.464,57.009,-27.989,-6.999,2,1,1,303.402,0.985,4,0,0.793,5,35.171,1634.860,0.867,0.336,5.737,0.463,0.780,1.099,0.240,0.760,0.995,0.450
2880,96.000,0.000,275.855,0.000,-49.737,2,0,1,275.855,1.020,4,0,0.793,5,0.000,1503.425,0.900,0.336,5.332,0.553,1.098,2.569,0.256,0.744,0.983,0.550
2883,96.100,18.439,8.062,0.975,-267.793,2,1,1,267.899,1.190,4,0,0.793,5,28.460,1229.984,0.933,0.336,5.495,0.735,1.572,0.134,0.264,0.736,0.830,0.700
2886,96.200,5.831,4.000,-12.608,-4.062,2,1,1,260.377,1.259,4,0,0.828,5,21.541,798.800,0.967,0.336,5.438,0.811,1.589,0.060,0.265,0.735,0.758,0.700
2889,96.300,7.071,11.180,1.240,7.180,2,1,1,253.647,1.290,4,0,0.828,5,0.000,571.304,1.000,0.336,4.566,0.893,1.884,0.107,0.256,0.744,0.764,0.700
2892,96.400,3.606,21.024,-3.466,9.843,2,1,1,268.287,1.556,4,0,0.828,5,15.133,537.819,1.000,0.336,3.857,0.807,2.071,0.359,0.226,0.774,0.807,0.700
2895,96.500,2.236,24.597,-1.369,3.573,2,1,1,290.682,1.585,4,0,0.862,5,10.630,551.015,1.000,0.336,5.478,0.864,2.086,0.144,0.255,0.745,0.863,0.700
2898,96.600,6.708,16.031,4.472,-8.566,2,1,1,299.687,1.665,3,1,0.828,4,24.413,704.947,1.000,0.336,4.244,0.893,2.406,0.082,0.240,0.760,0.683,0.750
2901,96.700,12.042,3.606,5.333,-12.426,2,1,1,285.801,1.789,3,0,0.828,4,14.318,762.419,1.000,0.336,3.955,0.756,2.396,0.189,0.236,0.764,0.663,0.700
2904,96.800,0.000,267.200,0.000,1.183,2,0,1,267.200,1.243,3,0,0.862,4,24.331,793.494,1.000,0.336,4.153,0.636,2.818,0.380,0.244,0.756,0.859,0.700
2907,96.900,8.944,5.000,-3.097,-262.200,2,1,1,283.214,1.582,5,1,0.828,6,19.416,843.639,1.000,0.336,3.302,0.681,2.826,0.070,0.219,0.781,0.735,0.750
2910,97.000,3.606,6.403,-5.339,1.403,2,1,1,292.957,1.646,5,0,0.828,6,24.515,879.737,1.000,0.336,3.269,0.632,2.926,0.270,0.222,0.778,0.723,0.700
2913,97.100,3.162,16.155,-0.443,9.752,2,1,1,309.608,1.430,5,0,0.828,6,27.459,881.484,1.000,0.324,4.037,0.705,3.251,0.076,0.248,0.752,0.791,0.700
2916,97.200,1.000,24.187,-2.162,8.031,2,1,1,325.983,1.733,5,0,0.828,6,0.000,1155.179,1.000,0.324,4.118,0.843,1.962,0.082,0.256,0.744,0.828,0.700
2919,97.300,7.071,17.889,6.071,-6.298,2,1,1,327.416,1.463,5,0,0.828,6,0.000,1497.930,1.000,0.324,4.480,0.867,1.467,0.895,0.257,0.743,0.801,0.700
2922,97.400,4.472,26.476,-2.599,8.588,2,1,1,303.714,1.323,5,0,0.828,6,0.000,1632.515,1.000,0.324,4.743,0.754,1.384,0.270,0.255,0.745,0.863,0.350
2925,97.500,296.184,0.000,292.184,0.000,2,1,0,296.184,1.125,5,0,0.828,6,0.000,1784.239,1.000,0.324,4.863,0.828,0.839,0.226,0.249,0.751,0.964,0.500
2928,97.600,294.679,0.000,-2.026,0.000,2,1,0,294.679,1.403,5,0,0.828,6,111.615,2068.044,1.000,0.311,1.215,0.454,0.578,0.742,0.117,0.883,0.899,0.620
2931,97.700,296.906,7.071,2.226,-19.405,2,1,1,308.415,1.713,5,0,0.862,6,0.000,2305.528,1.000,0.311,2.281,0.627,0.141,0.837,0.190,0.810,0.913,0.500
2934,97.800,10.000,5.000,-286.906,-2.071,2,1,1,307.937,1.627,5,0,0.862,6,115.412,2398.219,1.000,0.298,3.701,0.720,0.233,1.917,0.236,0.764,0.748,0.641
2937,97.900,0.000,294.308,0.000,5.431,2,0,1,294.308,1.563,5,0,0.862,6,85.475,2323.588,1.000,0.298,4.615,0.777,0.408,0.835,0.220,0.780,0.961,0.500
2940,98.000,63.561,17.205,53.561,-277.103,2,1,1,273.247,1.662,5,0,0.897,6,81.835,2471.724,1.000,0.298,4.839,0.558,0.403,1.862,0.230,0.770,0.982,0.550
2943,98.100,18.974,25.060,-44.587,7.855,2,1,1,268.693,1.660,5,0,0.897,6,0.000,2473.318,1.000,0.298,5.097,0.802,0.545,1.421,0.221,0.779,0.861,0.550
2946,98.200,15.000,16.031,-3.974,-9.029,2,1,1,265.680,1.616,5,0,0.897,6,0.000,1997.977,1.000,0.298,6.220,0.871,0.553,2.772,0.236,0.764,0.834,0.580
2949,98.300,10.198,1.414,-4.802,-14.617,2,1,1,266.120,1.573,5,0,0.931,6,98.509,2099.934,1.000,0.298,3.485,0.877,0.547,0.051,0.199,0.801,0.732,0.580
2952,98.400,24.759,0.000,14.561,0.000,1,1,0,0.000,1.257,4,1,0.897,3,103.078,1870.697,1.000,0.311,2.956,0.806,0.702,1.604,0.210,0.790,0.710,0.750
2955,98.500,21.024,0.000,-3.735,0.000,1,1,0,0.000,0.962,4,0,0.897,3,0.000,1665.399,1.000,0.311,3.036,0.634,0.795,2.106,0.158,0.842,0.703,0.580
2958,98.600,23.022,0.000,1.998,0.000,1,1,0,0.000,0.696,4,0,0.897,3,0.000,1548.034,1.000,0.324,2.483,0.669,0.775,0.881,0.161,0.839,0.698,0.580
2961,98.700,10.296,0.000,-12.726,0.000,1,1,0,0.000,0.569,4,0,0.897,2,0.000,1336.824,1.000,0.336,2.206,0.642,0.819,1.305,0.162,0.838,0.577,0.580
2964,98.800,1.414,0.000,-8.881,0.000,1,1,0,0.000,0.747,4,0,0.897,2,0.000,1226.894,1.000,0.336,2.450,0.878,0.912,3.089,0.187,0.813,0.518,0.580
2967,98.900,12.369,0.000,10.955,0.000,1,1,0,0.000,0.863,4,0,0.897,2,0.000,1177.438,1.000,0.347,3.121,0.822,1.126,0.065,0.203,0.797,0.599,0.580
2970,99.000,12.649,0.000,0.280,0.000,1,1,0,0.000,0.833,5,1,0.862,2,0.000,1147.385,1.000,0.358,3.249,0.827,1.292,0.926,0.180,0.820,0.586,0.750
2973,99.100,13.892,0.000,1.243,0.000,1,1,0,0.000,0.979,5,0,0.862,2,17.205,1222.554,1.000,0.358,2.644,0.705,1.460,1.100,0.153,0.847,0.586,0.700
2976,99.200,4.123,0.000,-9.769,0.000,1,1,0,0.000,1.133,5,0,0.862,2,2.828,1112.494,1.000,0.369,3.190,0.288,0.626,1.139,0.154,0.846,0.574,0.580
2979,99.300,0.000,33.422,0.000,32.007,1,0,1,0.000,1.231,4,1,0.828,2,0.000,971.719,1.000,0.379,3.291,0.684,0.343,1.167,0.157,0.843,0.730,0.750
2982,99.400,0.000,30.150,0.000,-3.272,1,0,1,0.000,1.257,4,0,0.828,2,0.000,975.894,1.000,0.379,4.006,0.830,0.318,0.231,0.180,0.820,0.720,0.350
2985,99.500,0.000,12.000,0.000,-18.150,1,0,1,0.000,0.892,4,0,0.862,2,0.000,1022.945,1.000,0.389,3.547,0.757,0.401,0.052,0.167,0.833,0.612,0.580
2988,99.600,0.000,4.123,0.000,-7.877,1,0,1,0.000,0.731,4,0,0.862,2,0.000,1115.445,1.000,0.399,2.208,0.831,0.468,2.153,0.172,0.828,0.530,0.580
2991,99.700,0.000,2.236,0.000,-1.887,1,0,1,0.000,0.621,4,0,0.862,2,0.000,1200.140,1.000,0.399,1.339,0.843,0.692,0.052,0.151,0.849,0.497,0.580
2994,99.800,0.000,4.243,0.000,2.007,1,0,1,0.000,0.605,3,1,0.862,1,1.000,1232.814,1.000,0.408,0.933,0.809,1.010,0.004,0.121,0.879,0.470,0.750
2997,99.900,0.000,2.000,0.000,-2.243,1,0,1,0.000,0.845,4,1,0.828,2,0.000,1254.665,1.000,0.417,1.576,0.787,1.109,0.421,0.122,0.878,0.505,0.750
3000,100.000,0.000,6.083,0.000,4.083,1,0,1,0.000,1.111,4,0,0.828,2,0.000,1151.984,1.000,0.417,1.668,0.812,1.151,0.140,0.134,0.866,0.529,0.580
3003,100.100,0.000,4.472,0.000,-1.611,1,0,1,0.000,1.215,4,0,0.828,2,0.000,869.147,1.000,0.426,1.630,0.768,1.203,0.532,0.175,0.825,0.522,0.580
3006,100.200,0.000,2.236,0.000,-2.236,1,0,1,0.000,1.404,5,0,0.828,2,0.000,356.128,1.000,0.435,1.347,0.682,1.113,0.433,0.139,0.861,0.490,0.580
3009,100.300,0.000,2.000,0.000,-0.236,1,0,1,0.000,1.726,5,0,0.828,2,0.000,9.575,1.000,0.435,2.158,0.713,1.006,0.456,0.183,0.817,0.507,0.580
3012,100.400,57.201,5.831,53.078,3.831,2,1,1,312.743,1.566,5,0,0.828,6,160.705,676.854,1.000,0.435,3.573,0.774,0.904,0.892,0.209,0.791,0.935,0.750
3015,100.500,51.039,2.000,-6.162,-3.831,2,1,1,298.304,1.803,4,0,0.828,5,35.171,1130.688,1.000,0.444,3.171,0.726,0.820,0.450,0.197,0.803,0.928,0.350
3018,100.600,27.659,4.243,-23.381,2.243,2,1,1,279.460,1.861,4,0,0.828,5,0.000,1186.344,1.000,0.444,3.473,0.774,0.772,0.478,0.235,0.765,0.836,0.350
3021,100.700,15.811,4.123,-11.847,-0.120,2,1,1,272.809,1.830,4,0,0.828,5,0.000,1269.894,1.000,0.435,2.456,0.647,0.887,1.273,0.176,0.824,0.754,0.580
3024,100.800,11.180,3.606,-4.631,-0.518,2,1,1,261.429,1.551,4,0,0.828,5,0.000,1220.319,1.000,0.435,1.873,0.544,1.020,0.646,0.153,0.847,0.721,0.580
3027,100.900,7.211,3.162,-3.969,-0.443,2,1,1,253.584,1.653,4,0,0.828,5,0.000,778.509,1.000,0.417,2.116,0.814,1.080,1.057,0.181,0.819,0.686,0.580
3030,101.000,5.099,3.162,-2.112,0.000,2,1,1,250.888,1.581,4,0,0.828,5,109.225,1049.067,1.000,0.408,1.312,0.766,1.189,0.303,0.163,0.837,0.657,0.607
3033,101.100,2.236,3.000,-2.863,-0.162,2,1,1,248.574,1.383,4,0,0.828,4,108.296,1357.420,1.000,0.399,1.784,0.829,1.323,0.106,0.191,0.809,0.653,0.602
3036,101.200,4.123,0.000,1.887,-3.000,2,1,1,248.918,1.066,3,1,0.793,2,64.195,1409.939,1.000,0.399,1.220,0.633,1.246,0.614,0.163,0.837,0.599,0.750
3039,101.300,4.000,2.236,-0.123,2.236,2,1,1,251.048,0.951,4,1,0.793,3,67.268,1331.558,1.000,0.389,1.002,0.811,1.334,0.289,0.129,0.871,0.596,0.750
3042,101.400,8.602,2.236,4.602,0.000,2,1,1,260.572,1.269,5,1,0.759,5,90.272,1654.685,1.000,0.369,1.003,0.467,0.874,0.548,0.137,0.863,0.690,0.750
3045,101.500,6.403,2.236,-2.199,0.000,2,1,1,255.738,1.334,4,1,0.724,4,72.339,1637.338,1.000,0.358,1.341,0.762,0.762,0.313,0.170,0.830,0.666,0.750
3048,101.600,5.099,3.000,-1.304,0.764,2,1,1,251.231,1.288,5,1,0.690,6,86.833,1805.267,1.000,0.336,1.341,0.796,0.659,0.146,0.166,0.834,0.656,0.750
3051,101.700,5.000,1.000,-0.099,-2.000,2,1,1,247.316,1.333,5,1,0.655,4,91.000,1996.315,1.000,0.347,1.748,0.906,0.595,0.166,0.193,0.807,0.622,0.750
3054,101.800,2.236,2.236,-2.764,1.236,2,1,1,248.171,1.517,5,0,0.655,3,61.814,1838.394,1.000,0.347,1.329,0.879,0.477,0.330,0.177,0.823,0.562,0.580
3057,101.900,8.246,2.000,6.010,-0.236,2,1,1,248.871,1.541,5,0,0.690,4,56.719,1520.408,1.000,0.347,1.330,0.927,0.515,0.133,0.173,0.827,0.628,0.350
3060,102.000,3.606,1.000,-4.641,-1.000,2,1,1,247.316,1.545,5,1,0.655,5,74.733,1530.555,1.000,0.347,1.100,0.863,0.686,0.812,0.146,0.854,0.637,0.750
3063,102.100,5.000,2.828,1.394,1.828,2,1,1,244.000,1.450,5,0,0.655,3,98.955,1577.858,1.000,0.358,0.806,0.802,0.829,0.078,0.113,0.887,0.570,0.550
3066,102.200,2.828,1.000,-2.172,-1.828,2,1,1,241.853,1.352,4,1,0.655,2,71.113,1596.264,1.000,0.358,0.804,0.932,1.035,0.394,0.138,0.862,0.531,0.750
3069,102.300,3.606,1.000,0.777,0.000,2,1,1,244.632,1.184,5,1,0.621,2,65.192,1328.695,1.000,0.369,0.557,0.681,1.118,0.036,0.098,0.902,0.528,0.750
3072,102.400,5.385,1.000,1.780,0.000,2,1,1,250.888,1.196,5,0,0.621,4,76.420,1342.764,1.000,0.369,1.026,0.780,1.135,0.713,0.141,0.859,0.615,0.350
3075,102.500,4.123,0.000,-1.262,-1.000,2,1,1,252.602,1.289,5,0,0.621,5,83.006,1318.677,1.000,0.369,0.811,0.710,1.223,0.385,0.116,0.884,0.643,0.350
3078,102.600,2.236,1.000,-1.887,1.000,2,1,1,255.362,1.374,5,1,0.586,4,79.120,1027.909,1.000,0.369,0.834,0.568,1.161,0.192,0.095,0.905,0.608,0.750
3081,102.700,7.211,1.000,4.975,0.000,2,1,1,259.262,1.074,5,0,0.621,5,25.807,1146.748,1.000,0.369,0.787,0.490,1.204,0.188,0.108,0.892,0.675,0.350
3084,102.800,4.000,0.000,-3.211,-1.000,2,1,1,255.314,1.240,4,1,0.621,4,88.527,1191.017,1.000,0.358,0.549,0.862,1.219,0.158,0.078,0.922,0.626,0.750
3087,102.900,8.062,2.000,4.062,2.000,2,1,1,257.701,1.298,5,1,0.586,5,76.059,1439.737,1.000,0.358,0.769,0.794,1.273,0.007,0.107,0.893,0.658,0.750
3090,103.000,5.385,1.000,-2.677,-1.000,2,1,1,254.657,1.529,5,0,0.586,4,112.361,1472.137,1.000,0.358,1.004,0.652,1.192,0.044,0.123,0.877,0.623,0.624
3093,103.100,8.246,1.000,2.861,0.000,2,1,1,247.316,1.571,5,0,0.586,5,108.416,1528.225,1.000,0.369,1.248,0.878,1.176,0.699,0.138,0.862,0.666,0.602
3096,103.200,2.000,0.000,-6.246,-1.000,2,1,1,245.351,1.571,5,1,0.552,4,104.293,1571.848,1.000,0.369,0.629,0.327,1.145,0.704,0.088,0.912,0.618,0.750
3099,103.300,4.123,0.000,2.123,0.000,2,1,1,245.618,1.571,5,0,0.552,5,102.611,1604.308,1.000,0.358,0.630,0.260,1.285,1.632,0.082,0.918,0.670,0.570
3102,103.400,1.000,2.000,-3.123,2.000,2,1,1,245.449,1.644,5,0,0.552,4,76.236,1424.950,1.000,0.358,0.565,0.718,1.255,0.034,0.087,0.913,0.589,0.350
3105,103.500,8.246,2.236,7.246,0.236,2,1,1,254.327,2.463,5,1,0.517,5,75.133,1420.374,1.000,0.358,0.612,0.162,1.321,1.640,0.058,0.942,0.700,0.750
3108,103.600,2.828,1.414,-5.418,-0.822,2,1,1,257.449,2.321,5,0,0.517,5,76.295,1363.794,1.000,0.347,1.008,0.759,1.339,0.007,0.127,0.873,0.638,0.350
3111,103.700,0.000,260.409,0.000,257.247,2,0,1,260.409,1.981,5,0,0.517,6,101.390,1449.889,1.000,0.336,1.535,0.633,1.507,0.102,0.130,0.870,0.894,0.700
3114,103.800,0.000,271.958,0.000,12.164,2,0,1,271.958,2.172,4,1,0.483,5,28.601,1309.717,1.000,0.336,1.375,0.569,1.338,1.237,0.072,0.928,0.895,0.750
3117,103.900,0.000,286.944,0.000,10.457,2,0,1,286.944,2.412,4,0,0.483,5,57.009,1292.630,1.000,0.336,2.081,0.507,0.914,0.589,0.123,0.877,0.917,0.350
3120,104.000,21.095,286.028,18.267,-0.916,2,1,1,280.321,2.466,4,0,0.483,5,30.083,1273.744,1.000,0.336,1.574,0.301,0.674,0.040,0.124,0.876,0.918,0.500
3123,104.100,13.038,4.243,-8.057,-281.785,2,1,1,267.013,2.539,4,0,0.517,5,84.006,1754.720,1.000,0.336,1.240,0.650,0.401,1.532,0.147,0.853,0.708,0.550
3126,104.200,34.176,5.831,21.138,1.588,2,1,1,286.932,2.647,4,0,0.552,5,0.000,1836.884,1.000,0.336,2.056,0.925,0.147,0.841,0.163,0.837,0.827,0.350
3129,104.300,9.849,5.000,-24.327,-0.831,2,1,1,294.924,2.444,4,0,0.586,4,103.730,1754.727,1.000,0.336,1.578,0.738,0.234,0.259,0.167,0.833,0.692,0.580
3132,104.400,17.029,2.236,7.181,-2.764,2,1,1,308.521,2.423,4,0,0.621,5,85.866,2204.864,1.000,0.336,3.291,0.709,0.518,0.868,0.192,0.808,0.777,0.350
3135,104.500,17.804,6.083,0.775,3.847,2,1,1,331.145,2.264,4,0,0.655,5,154.208,2298.139,1.000,0.336,3.500,0.547,1.061,0.342,0.200,0.800,0.798,0.750
3138,104.600,25.495,4.243,7.691,-1.840,2,1,1,358.521,1.992,4,0,0.690,5,172.325,2560.044,1.000,0.324,2.815,0.582,1.691,0.036,0.203,0.797,0.821,0.750
3141,104.700,15.232,2.828,-10.264,-1.414,2,1,1,359.201,1.993,4,0,0.690,5,112.614,3494.125,1.000,0.324,1.596,0.795,2.076,2.324,0.176,0.824,0.719,0.700
3144,104.800,47.539,0.000,32.308,0.000,1,1,0,0.000,0.803,4,0,0.690,3,13.892,3600.507,1.000,0.336,3.757,0.909,3.177,0.189,0.207,0.793,0.835,0.700
3147,104.900,0.000,308.131,0.000,-15.130,2,0,1,308.131,1.789,4,0,0.724,5,34.886,3727.627,1.000,0.336,4.883,0.788,4.547,0.659,0.206,0.794,0.967,0.700
3150,105.000,294.002,0.000,253.185,0.000,2,1,0,294.002,0.545,4,0,0.724,5,32.016,3281.869,1.000,0.336,4.447,0.785,6.813,0.389,0.211,0.789,0.956,0.700
3153,105.100,282.007,15.556,-11.995,-292.575,2,1,1,299.027,1.725,4,0,0.759,5,55.785,2976.644,1.000,0.336,2.970,0.805,8.684,0.000,0.215,0.785,0.918,0.700
3156,105.200,9.000,7.000,-273.007,-8.556,2,1,1,283.028,2.006,4,0,0.793,5,15.000,2523.538,1.000,0.336,2.178,0.859,8.898,0.227,0.169,0.831,0.694,0.700
3159,105.300,16.279,24.083,7.279,17.083,2,1,1,270.118,1.822,4,0,0.793,5,97.350,1388.290,1.000,0.336,1.376,0.826,6.506,0.847,0.149,0.851,0.760,0.700
3162,105.400,31.241,16.401,14.962,-7.682,2,1,1,260.017,1.681,4,0,0.793,5,47.518,1278.668,1.000,0.336,2.356,0.794,5.891,0.523,0.178,0.822,0.827,0.700
3165,105.500,26.077,8.602,-5.164,-7.799,2,1,1,253.955,1.721,4,0,0.828,5,0.000,1234.620,1.000,0.336,2.897,0.696,4.019,0.245,0.185,0.815,0.819,0.700
3168,105.600,17.692,20.396,-8.385,11.794,2,1,1,287.569,1.578,4,0,0.828,5,0.000,1209.469,1.000,0.336,2.034,0.711,3.883,0.634,0.121,0.879,0.764,0.700
3171,105.700,10.000,21.095,-7.692,0.699,2,1,1,305.380,1.519,4,0,0.862,5,52.839,1474.924,1.000,0.336,1.600,0.532,3.936,0.175,0.136,0.864,0.770,0.700
3174,105.800,6.325,12.042,-3.675,-9.053,2,1,1,314.770,1.538,4,0,0.897,4,26.926,1467.315,1.000,0.336,0.633,0.309,3.233,1.964,0.081,0.919,0.711,0.700
3177,105.900,1.000,2.000,-5.325,-10.042,2,1,1,311.777,1.466,4,0,0.897,5,108.462,1436.544,1.000,0.336,0.782,0.209,3.052,1.682,0.072,0.928,0.666,0.700
3180,106.000,6.403,10.770,5.403,8.770,2,1,1,312.410,1.320,4,0,0.897,5,59.203,1668.875,1.000,0.336,2.232,0.531,1.652,0.089,0.116,0.884,0.728,0.700
3183,106.100,0.000,297.108,0.000,0.971,2,0,1,297.108,1.572,4,0,0.931,5,87.641,1857.838,1.000,0.336,4.973,0.670,1.042,0.550,0.167,0.833,0.977,0.500
3186,106.200,70.456,36.056,64.053,-261.052,2,1,1,277.795,1.452,5,1,0.897,4,81.320,2027.419,1.000,0.336,4.937,0.792,1.025,0.234,0.239,0.761,0.932,0.750
3189,106.300,49.092,0.000,-21.364,0.000,1,1,0,0.000,1.520,5,0,0.897,2,74.726,2294.569,1.000,0.336,2.956,0.815,1.249,0.121,0.214,0.786,0.759,0.650
3192,106.400,306.026,0.000,285.002,0.000,2,1,0,306.026,1.541,5,0,0.931,4,21.024,2414.134,1.000,0.347,2.505,0.269,0.867,0.070,0.161,0.839,0.908,0.650
3195,106.500,350.407,0.000,11.075,0.000,2,1,0,350.407,1.857,6,1,0.897,4,40.817,2517.447,1.000,0.347,3.020,0.583,0.345,0.667,0.177,0.823,0.875,0.750
3198,106.600,401.759,109.859,51.352,73.803,2,1,1,414.519,2.094,6,0,0.897,4,0.000,2237.337,1.000,0.347,3.743,0.730,0.040,1.072,0.232,0.768,0.882,0.500
3201,106.700,0.000,436.261,0.000,-29.814,2,0,1,436.261,1.949,6,0,0.931,6,239.019,2793.694,1.000,0.347,2.048,0.424,0.028,1.219,0.136,0.864,0.922,0.750
3204,106.800,82.638,27.803,-319.121,-408.459,2,1,1,434.882,1.847,6,1,0.897,6,0.000,2899.097,1.000,0.347,4.347,0.785,0.075,0.094,0.263,0.737,0.954,0.750
3207,106.900,17.493,0.000,-65.145,0.000,1,1,0,0.000,1.742,6,0,0.897,5,0.000,2775.908,1.000,0.347,3.540,0.886,0.103,0.101,0.262,0.738,0.694,0.650
3210,107.000,18.788,0.000,1.295,0.000,1,1,0,0.000,1.667,6,0,0.897,5,0.000,2532.188,1.000,0.347,1.109,0.692,0.158,1.351,0.146,0.854,0.654,0.580
3213,107.100,8.485,0.000,-10.303,0.000,1,1,0,0.000,1.752,5,1,0.862,4,19.416,2385.849,1.000,0.347,1.375,0.769,0.030,0.283,0.128,0.872,0.592,0.750
3216,107.200,3.606,72.918,-4.880,45.115,2,1,1,359.885,1.721,5,0,0.862,5,19.698,2307.425,1.000,0.347,1.061,0.302,0.127,1.883,0.120,0.880,0.905,0.650
3219,107.300,3.606,5.000,0.000,-67.918,2,1,1,361.266,1.828,5,0,0.862,5,159.816,2431.730,1.000,0.347,1.365,0.615,0.129,0.566,0.125,0.875,0.669,0.750
3222,107.400,3.606,28.018,0.000,23.018,2,1,1,332.525,1.562,5,0,0.862,6,21.095,2619.100,1.000,0.336,2.367,0.481,0.020,0.547,0.124,0.876,0.831,0.580
3225,107.500,3.162,28.178,-0.443,0.160,2,1,1,304.869,1.539,5,0,0.862,5,119.887,2520.148,1.000,0.336,1.915,0.726,0.206,0.850,0.141,0.859,0.804,0.666
3228,107.600,5.000,7.810,1.838,-20.368,2,1,1,295.670,1.567,5,0,0.862,6,116.108,1796.975,1.000,0.324,2.356,0.922,0.264,0.593,0.212,0.788,0.688,0.645
3231,107.700,5.099,10.198,0.099,2.388,2,1,1,295.779,1.358,6,1,0.828,6,28.071,2059.584,1.000,0.324,2.496,0.940,0.003,0.167,0.187,0.813,0.703,0.750
3234,107.800,3.162,4.000,-1.937,-6.198,2,1,1,298.839,1.256,6,0,0.828,6,116.867,2168.714,1.000,0.324,1.366,0.844,0.271,0.468,0.171,0.829,0.647,0.649
3237,107.900,3.162,4.123,0.000,0.123,2,1,1,298.530,1.103,6,0,0.828,6,0.000,2279.654,1.000,0.324,0.916,0.811,0.313,1.186,0.161,0.839,0.639,0.580
3240,108.000,1.414,4.000,-1.748,-0.123,2,1,1,301.692,1.282,4,1,0.793,4,130.361,2312.467,1.000,0.324,0.750,0.787,0.301,0.512,0.120,0.880,0.636,0.750
3243,108.100,2.236,8.000,0.822,4.000,2,1,1,302.035,1.227,5,1,0.759,5,138.708,2212.669,1.000,0.324,0.761,0.541,0.370,0.154,0.129,0.871,0.676,0.750
3246,108.200,299.488,0.000,297.252,0.000,2,1,0,299.488,1.025,5,0,0.759,4,129.711,2195.954,1.000,0.324,1.158,0.838,0.561,2.137,0.139,0.861,0.834,0.721
3249,108.300,296.380,3.162,-3.108,-4.838,2,1,1,300.483,1.263,5,0,0.759,4,140.036,2184.888,1.000,0.324,1.011,0.884,0.600,0.210,0.126,0.874,0.827,0.750
3252,108.400,2.000,4.000,-294.380,0.838,2,1,1,302.552,1.403,4,1,0.724,4,125.686,2009.104,1.000,0.324,0.563,0.727,0.913,0.173,0.095,0.905,0.635,0.750
3255,108.500,3.606,3.162,1.606,-0.838,2,1,1,301.617,1.336,5,1,0.690,4,130.388,2034.864,1.000,0.324,1.465,0.916,1.120,0.031,0.175,0.825,0.607,0.750
3258,108.600,3.606,7.071,0.000,3.909,2,1,1,301.569,1.385,5,0,0.690,5,129.865,2074.425,1.000,0.336,1.401,0.934,0.959,0.318,0.173,0.827,0.659,0.721
3261,108.700,1.414,1.414,-2.191,-5.657,2,1,1,301.569,1.615,5,0,0.690,4,124.615,2082.950,1.000,0.336,0.696,0.677,0.905,0.938,0.119,0.881,0.592,0.692
3264,108.800,0.000,6.708,-1.414,5.294,2,1,1,306.067,1.667,5,0,0.690,4,125.718,2096.825,1.000,0.336,0.569,0.651,0.875,1.774,0.086,0.914,0.620,0.698
3267,108.900,1.414,5.099,1.414,-1.609,2,1,1,309.110,1.837,5,0,0.690,6,60.828,2406.387,1.000,0.336,0.989,0.592,0.987,1.950,0.126,0.874,0.662,0.580
3270,109.000,8.062,14.866,6.648,9.767,2,1,1,326.075,2.015,5,0,0.690,6,148.762,2491.097,1.000,0.336,2.244,0.775,1.213,2.221,0.218,0.782,0.734,0.750
3273,109.100,27.203,9.220,19.141,-5.647,2,1,1,308.807,1.773,5,0,0.724,6,120.208,2489.688,1.000,0.336,2.956,0.811,1.169,0.018,0.245,0.755,0.818,0.668
3276,109.200,27.019,26.019,-0.184,16.800,2,1,1,278.189,1.719,5,1,0.690,6,68.118,2429.425,1.000,0.336,4.023,0.859,1.128,0.267,0.248,0.752,0.841,0.750
3279,109.300,8.246,24.698,-18.772,-1.321,2,1,1,292.754,1.783,5,0,0.690,6,68.000,2310.759,1.000,0.336,3.516,0.865,1.076,0.197,0.230,0.770,0.815,0.350
3282,109.400,4.123,36.222,-4.123,11.523,2,1,1,300.426,1.798,5,0,0.724,6,33.541,2128.838,1.000,0.324,3.260,0.873,0.795,0.332,0.217,0.783,0.872,0.350
3285,109.500,0.000,302.729,0.000,8.396,2,0,1,302.729,0.881,5,0,0.724,6,79.404,1964.894,1.000,0.324,2.295,0.848,0.496,0.862,0.175,0.825,0.898,0.500
3288,109.600,0.000,304.015,0.000,-1.778,2,0,1,304.015,1.607,5,0,0.724,6,74.525,1629.947,1.000,0.311,2.606,0.805,0.241,2.492,0.180,0.820,0.909,0.550
3291,109.700,0.000,303.516,0.000,3.913,2,0,1,303.516,2.229,5,0,0.759,6,61.188,1464.159,1.000,0.311,2.432,0.789,0.065,0.573,0.174,0.826,0.906,0.350
3294,109.800,0.000,310.137,0.000,-13.593,2,0,1,310.137,2.935,4,1,0.724,5,0.000,1494.644,1.000,0.311,2.843,0.479,0.205,1.171,0.123,0.877,0.938,0.750
3297,109.900,50.804,16.155,46.680,-293.982,2,1,1,326.143,2.784,4,0,0.724,5,78.006,1905.319,1.000,0.311,3.710,0.610,0.718,0.870,0.152,0.848,0.950,0.500
3300,110.000,20.616,12.042,-30.188,-4.114,2,1,1,332.688,2.548,4,0,0.759,5,71.176,1857.604,1.000,0.311,2.997,0.707,1.592,0.677,0.176,0.824,0.790,0.700
