frame_idx,timestamp,hand_velocity_left,hand_velocity_right,hand_acceleration_left,hand_acceleration_right,hands_present,grip_state_left,grip_state_right,hand_distance,trajectory_curvature,num_tools,tool_changed,tool_stability,num_interactions,contact_point_shift,contact_point_variance,interaction_density,interaction_rhythm,flow_magnitude,flow_uniformity,flow_discontinuity,direction_change,scene_change_score,visual_stability,activity_level,transition_score
0,0.000,0.000,0.000,0.000,0.000,0,0,0,0.000,0.000,4,0,1.000,0,0.000,0.000,0.000,0.000,0.000,1.000,0.000,0.000,0.000,1.000,0.100,0.000
3,0.100,0.000,0.000,0.000,0.000,0,0,0,0.000,0.000,5,1,0.000,0,0.000,0.000,0.000,0.000,1.865,0.615,0.000,0.400,0.098,0.902,0.174,0.750
6,0.200,0.000,0.000,0.000,0.000,0,0,0,0.000,0.000,5,0,0.500,0,0.000,0.000,0.000,0.000,1.306,0.365,0.000,0.966,0.106,0.894,0.177,0.000
9,0.300,0.000,0.000,0.000,0.000,0,0,0,0.000,0.000,5,1,0.333,0,0.000,0.000,0.000,0.000,2.058,0.752,0.000,1.413,0.131,0.869,0.169,0.750
12,0.400,0.000,0.000,0.000,0.000,0,0,0,0.000,0.000,5,0,0.500,0,0.000,0.000,0.000,0.000,2.042,0.797,0.000,0.273,0.152,0.848,0.165,0.000
15,0.500,0.000,0.000,0.000,0.000,0,0,0,0.000,0.000,5,0,0.600,0,0.000,0.000,0.000,0.000,1.640,0.469,0.000,1.374,0.141,0.859,0.178,0.550
18,0.600,0.000,0.000,0.000,0.000,1,0,0,0.000,0.000,5,0,0.667,2,0.000,0.000,0.143,0.000,1.724,0.740,0.000,0.533,0.117,0.883,0.300,0.650
21,0.700,0.000,12.042,0.000,12.042,1,0,0,0.000,0.000,5,0,0.714,2,12.042,0.000,0.250,0.414,0.652,0.122,0.000,0.304,0.062,0.938,0.397,0.550
24,0.800,0.000,8.602,0.000,-3.439,1,0,0,0.000,0.000,5,0,0.750,2,115.624,1397.875,0.333,0.449,1.328,0.645,0.000,1.551,0.072,0.928,0.368,0.642
27,0.900,0.000,4.472,0.000,-4.130,1,0,0,0.000,2.985,5,0,0.778,2,123.240,1685.000,0.400,0.464,0.799,0.537,0.000,0.628,0.071,0.929,0.347,0.685
30,1.000,0.000,9.434,0.000,4.962,1,0,0,0.000,2.789,5,0,0.800,2,105.551,1686.555,0.455,0.472,1.681,0.671,0.000,0.480,0.119,0.881,0.394,0.586
33,1.100,0.000,4.123,0.000,-5.311,1,0,0,0.000,2.487,5,0,0.818,2,4.472,1708.716,0.500,0.477,1.704,0.846,0.000,1.944,0.160,0.840,0.358,0.550
36,1.200,0.000,6.708,0.000,2.585,1,0,1,0.000,2.596,4,1,0.750,2,0.000,1742.438,0.538,0.481,2.430,0.951,0.000,0.510,0.152,0.848,0.486,0.750
39,1.300,0.000,8.062,0.000,1.354,1,0,1,0.000,2.459,4,0,0.769,2,113.864,1728.828,0.571,0.483,1.388,0.882,0.000,0.019,0.130,0.870,0.476,0.633
42,1.400,0.000,3.606,0.000,-4.457,1,0,1,0.000,2.192,4,0,0.786,2,104.278,1699.378,0.600,0.485,2.207,0.676,0.000,1.958,0.155,0.845,0.490,0.579
45,1.500,0.000,1.414,0.000,-2.191,1,0,1,0.000,2.300,5,1,0.733,2,0.000,1644.910,0.625,0.487,2.345,0.854,0.000,2.396,0.187,0.813,0.454,0.750
48,1.600,0.000,2.236,0.000,0.822,1,0,1,0.000,2.168,5,0,0.750,2,0.000,1594.122,0.647,0.488,2.546,0.872,0.000,0.042,0.178,0.822,0.465,0.350
51,1.700,0.000,7.211,0.000,4.975,1,0,1,0.000,2.057,5,0,0.765,2,14.318,1595.200,0.667,0.489,1.169,0.506,0.000,2.238,0.089,0.911,0.486,0.550
54,1.800,0.000,3.606,0.000,-3.606,1,0,1,0.000,2.076,6,1,0.722,2,118.072,1379.338,0.684,0.490,2.144,0.832,0.000,0.409,0.115,0.885,0.458,0.750
57,1.900,0.000,11.662,0.000,8.056,1,0,1,0.000,1.895,6,0,0.737,1,7.810,1211.108,0.700,0.500,1.132,0.269,0.000,0.909,0.110,0.890,0.488,0.480
60,2.000,0.000,5.099,0.000,-6.563,1,0,1,0.000,1.880,6,0,0.750,2,114.039,1178.697,0.714,0.500,1.358,0.616,0.000,1.197,0.094,0.906,0.465,0.634
63,2.100,0.000,2.000,0.000,-3.099,1,0,1,0.000,1.862,5,1,0.714,2,115.974,1189.749,0.727,0.500,0.707,0.782,0.000,0.157,0.088,0.912,0.433,0.750
66,2.200,0.000,7.211,0.000,5.211,1,0,1,0.000,2.074,5,0,0.727,1,2.236,1194.404,0.739,0.508,0.871,0.871,0.000,0.025,0.107,0.893,0.426,0.350
69,2.300,0.000,5.099,0.000,-2.112,1,0,1,0.000,1.951,5,0,0.739,2,102.728,1328.150,0.750,0.508,1.125,0.877,0.000,0.219,0.093,0.907,0.457,0.571
72,2.400,0.000,10.440,0.000,5.341,1,0,1,0.000,1.807,4,1,0.708,2,107.517,1444.475,0.760,0.507,1.873,0.751,0.000,0.439,0.099,0.901,0.533,0.750
75,2.500,0.000,14.142,0.000,3.702,1,0,1,0.000,1.600,4,0,0.720,2,14.142,1505.588,0.769,0.507,3.288,0.215,0.000,0.411,0.081,0.919,0.628,0.480
78,2.600,0.000,0.000,0.000,0.000,1,0,0,0.000,0.000,4,0,0.731,1,87.361,1516.669,0.778,0.513,3.619,0.570,0.000,0.053,0.141,0.859,0.409,0.580
81,2.700,8.246,0.000,8.246,0.000,1,0,0,0.000,0.000,7,1,0.704,2,25.495,1553.668,0.786,0.513,2.308,0.645,0.000,1.235,0.125,0.875,0.424,0.750
84,2.800,243.002,24.187,234.756,10.045,2,0,1,240.477,1.290,7,0,0.714,4,0.000,1630.737,0.793,0.500,3.482,0.804,0.000,2.529,0.184,0.816,0.829,0.650
87,2.900,18.439,6.325,-224.563,-17.862,2,0,1,240.660,1.455,7,0,0.724,6,0.000,1661.388,0.800,0.480,2.701,0.897,0.000,0.081,0.178,0.822,0.707,0.450
90,3.000,4.123,12.649,-14.316,6.325,2,0,1,247.952,1.382,7,1,0.724,6,58.856,1934.969,0.833,0.464,1.472,0.717,0.000,1.610,0.126,0.874,0.661,0.750
93,3.100,7.211,18.868,3.088,6.219,2,0,1,260.599,1.248,7,0,0.724,6,58.856,1934.969,0.867,0.453,2.022,0.882,0.614,1.745,0.173,0.827,0.702,0.550
96,3.200,354.813,0.000,42.473,0.000,2,1,0,354.813,1.227,7,0,0.759,6,75.895,2050.259,0.900,0.435,3.539,0.755,0.418,1.966,0.199,0.801,0.898,0.550
99,3.300,55.317,53.460,-299.495,34.592,2,1,1,404.260,1.114,7,1,0.724,6,0.000,6171.670,0.933,0.417,4.234,0.865,0.713,1.976,0.204,0.796,0.912,0.750
102,3.400,6.325,15.033,-48.993,-38.427,2,1,1,416.062,1.194,7,0,0.724,6,0.000,8426.839,0.967,0.399,4.177,0.768,0.948,0.140,0.201,0.799,0.754,0.450
105,3.500,0.000,397.549,0.000,387.499,2,0,1,397.549,1.079,7,0,0.724,6,0.000,8472.849,1.000,0.369,4.560,0.801,1.393,0.127,0.213,0.787,0.932,0.500
108,3.600,0.000,399.825,0.000,-6.409,2,0,1,399.825,1.606,7,0,0.724,6,0.000,8472.849,1.000,0.347,5.495,0.884,1.786,0.010,0.219,0.781,0.950,0.700
111,3.700,0.000,396.958,0.000,0.185,2,0,1,396.958,2.026,7,0,0.724,6,0.000,8472.849,1.000,0.311,5.270,0.883,2.284,0.058,0.210,0.790,0.944,0.700
114,3.800,0.000,413.824,0.000,3.345,2,0,1,413.824,2.715,7,0,0.724,6,0.000,8472.849,1.000,0.298,4.966,0.863,2.824,0.084,0.210,0.790,0.938,0.700
117,3.900,25.495,415.781,19.171,1.958,2,1,1,421.293,2.907,7,0,0.724,6,0.000,8472.849,1.000,0.298,4.374,0.886,3.232,0.072,0.203,0.797,0.922,0.700
120,4.000,0.000,420.476,0.000,414.393,2,0,1,420.476,2.744,7,0,0.724,6,0.000,8472.849,1.000,0.298,3.992,0.914,3.585,0.125,0.198,0.802,0.910,0.700
123,4.100,7.280,398.542,-18.215,-21.934,2,1,1,404.475,2.739,7,0,0.759,6,0.000,6451.144,1.000,0.298,3.747,0.912,2.830,0.002,0.193,0.807,0.904,0.700
126,4.200,0.000,406.736,0.000,406.736,2,0,1,406.736,2.607,7,0,0.759,6,0.000,4463.234,1.000,0.298,3.134,0.866,2.222,0.175,0.185,0.815,0.892,0.700
129,4.300,0.000,392.363,0.000,-4.863,2,0,1,392.363,2.605,7,0,0.759,6,0.000,4463.234,1.000,0.298,2.159,0.732,2.310,0.223,0.149,0.851,0.877,0.700
132,4.400,0.000,394.574,0.000,5.302,2,0,1,394.574,2.803,7,0,0.793,6,0.000,1698.694,1.000,0.298,2.228,0.647,1.864,0.981,0.160,0.840,0.885,0.700
135,4.500,385.695,0.000,-5.054,0.000,2,1,0,385.695,2.019,3,1,0.759,4,0.000,1698.694,1.000,0.311,3.581,0.814,1.765,0.651,0.173,0.827,0.833,0.750
138,4.600,341.901,0.000,-43.795,0.000,1,1,0,0.000,2.330,3,0,0.759,2,0.000,1698.694,1.000,0.311,6.141,0.764,1.964,0.023,0.214,0.786,0.790,0.700
141,4.700,0.000,352.687,0.000,-41.888,1,0,1,0.000,3.118,3,0,0.793,2,250.060,2254.784,1.000,0.324,9.240,0.920,2.323,0.185,0.239,0.761,0.826,0.750
144,4.800,0.000,14.866,0.000,-337.821,1,0,1,0.000,2.797,4,1,0.759,2,250.060,2254.784,1.000,0.336,11.382,0.955,2.422,0.020,0.249,0.751,0.726,0.750
147,4.900,0.000,31.890,0.000,17.678,2,0,1,31.890,2.537,4,0,0.759,6,6.708,4751.964,1.000,0.336,12.322,0.950,2.433,0.014,0.254,0.746,0.961,0.700
150,5.000,0.000,20.396,0.000,-11.494,1,0,1,0.000,2.459,4,0,0.793,3,12.369,6127.089,1.000,0.336,9.331,0.944,2.611,0.158,0.252,0.748,0.802,0.700
153,5.100,0.000,10.198,0.000,-10.198,1,0,1,0.000,2.263,4,0,0.793,3,4.123,7318.707,1.000,0.347,6.638,0.953,2.546,0.038,0.254,0.746,0.711,0.700
156,5.200,0.000,2.236,0.000,-7.962,1,0,1,0.000,2.034,4,0,0.793,3,8.544,8371.465,1.000,0.347,5.374,0.893,2.226,0.145,0.253,0.747,0.639,0.700
159,5.300,40.706,0.000,-301.194,0.000,1,1,0,0.000,2.092,4,0,0.828,3,9.434,9272.604,1.000,0.358,4.123,0.904,2.029,0.244,0.236,0.764,0.821,0.700
162,5.400,0.000,13.342,0.000,11.106,1,0,1,0.000,1.752,3,1,0.793,2,6.325,9949.550,1.000,0.358,3.424,0.940,1.895,0.424,0.220,0.780,0.534,0.750
165,5.500,0.000,6.083,0.000,-7.259,1,0,1,0.000,1.570,3,0,0.793,2,32.249,10405.429,1.000,0.369,3.382,0.935,1.809,0.221,0.244,0.756,0.493,0.700
168,5.600,16.031,0.000,-24.675,0.000,1,1,0,0.000,2.077,3,0,0.828,2,16.763,10618.744,1.000,0.379,2.524,0.958,1.738,0.150,0.222,0.778,0.525,0.700
171,5.700,5.385,0.000,-10.646,0.000,1,1,0,0.000,1.923,3,0,0.828,2,16.763,10618.744,1.000,0.379,1.566,0.925,1.661,0.317,0.188,0.812,0.444,0.700
174,5.800,3.162,0.000,-2.223,0.000,1,1,0,0.000,1.750,3,0,0.828,1,16.763,10618.744,1.000,0.389,0.669,0.749,1.594,0.239,0.090,0.910,0.362,0.700
177,5.900,5.831,0.000,2.669,0.000,1,1,0,0.000,1.666,3,0,0.862,2,33.242,10740.758,1.000,0.399,1.075,0.927,1.485,0.060,0.153,0.847,0.434,0.700
180,6.000,2.236,0.000,-3.595,0.000,1,1,0,0.000,1.558,4,1,0.828,3,1.000,10585.869,1.000,0.399,0.958,0.885,1.406,0.317,0.139,0.861,0.529,0.750
183,6.100,0.000,0.000,0.000,0.000,0,0,0,0.000,0.000,3,1,0.793,0,1.000,10585.869,0.967,0.399,0.606,0.780,1.312,0.092,0.087,0.913,0.247,0.750
186,6.200,0.000,0.000,0.000,0.000,0,0,0,0.000,0.000,3,0,0.828,0,1.000,10585.869,0.933,0.399,0.384,0.719,0.681,0.123,0.064,0.936,0.241,0.580
189,6.300,0.000,13.601,0.000,7.519,1,0,1,0.000,1.637,4,1,0.793,2,10.000,10133.048,0.933,0.382,0.747,0.711,0.142,2.098,0.107,0.893,0.546,0.750
192,6.400,0.000,6.708,0.000,-6.893,1,0,1,0.000,1.615,4,0,0.793,3,86.354,8683.344,0.933,0.392,1.751,0.921,0.596,0.093,0.155,0.845,0.564,0.580
195,6.500,294.659,17.464,292.423,10.756,2,1,1,273.366,1.554,4,0,0.793,4,84.024,6138.429,0.933,0.392,2.465,0.932,0.891,0.092,0.176,0.824,0.888,0.650
198,6.600,6.325,4.123,-288.335,-13.341,2,1,1,273.942,1.259,3,1,0.759,4,84.404,2645.569,0.933,0.392,1.360,0.879,1.101,0.262,0.127,0.873,0.550,0.750
201,6.700,5.099,1.000,-1.226,-3.123,2,1,1,278.512,1.219,3,0,0.759,3,75.000,493.875,0.933,0.401,0.968,0.721,1.236,0.993,0.131,0.869,0.544,0.580
204,6.800,6.000,8.000,0.901,7.000,2,1,1,276.682,1.253,3,0,0.759,3,93.862,568.279,0.933,0.401,1.894,0.898,1.333,1.097,0.155,0.845,0.571,0.580
207,6.900,14.866,9.055,8.866,1.055,2,1,1,262.545,1.331,5,1,0.724,4,83.487,651.230,0.933,0.401,1.804,0.894,1.352,0.316,0.137,0.863,0.671,0.750
210,7.000,0.000,7.211,0.000,-1.844,1,0,1,0.000,1.208,5,0,0.724,3,79.398,730.189,0.933,0.392,2.618,0.947,1.350,0.389,0.173,0.827,0.559,0.650
213,7.100,0.000,11.314,0.000,4.103,1,0,1,0.000,1.020,5,0,0.724,3,73.926,805.068,0.933,0.392,1.820,0.822,1.342,1.551,0.153,0.847,0.571,0.580
216,7.200,0.000,1.000,0.000,-10.314,1,0,1,0.000,1.097,7,1,0.690,3,84.534,877.244,0.933,0.401,0.948,0.495,1.305,0.664,0.084,0.916,0.484,0.750
219,7.300,273.212,277.714,258.346,276.714,2,1,1,281.924,1.362,7,0,0.690,6,89.157,918.825,0.933,0.392,1.527,0.849,1.247,0.469,0.144,0.856,0.845,0.650
222,7.400,0.000,273.029,0.000,-4.685,1,0,1,0.000,1.393,7,0,0.724,3,101.637,955.819,0.933,0.392,2.568,0.863,1.160,0.029,0.165,0.835,0.743,0.650
225,7.500,2.236,0.000,-270.976,0.000,1,1,0,0.000,1.562,5,1,0.690,3,104.738,1003.484,0.933,0.392,1.051,0.575,1.085,0.272,0.101,0.899,0.518,0.750
228,7.600,0.000,10.770,0.000,-262.259,1,0,1,0.000,1.232,5,0,0.690,3,102.903,1045.615,0.933,0.392,2.225,0.646,0.994,2.788,0.145,0.855,0.590,0.580
231,7.700,0.000,6.000,0.000,-4.770,1,0,1,0.000,1.381,5,0,0.724,2,5.831,1056.560,0.933,0.392,1.489,0.892,0.831,2.898,0.128,0.872,0.492,0.580
234,7.800,0.000,0.000,0.000,0.000,0,0,0,0.000,0.000,4,0,0.724,0,5.831,1056.560,0.900,0.392,2.625,0.778,0.667,0.003,0.149,0.851,0.289,0.650
237,7.900,0.000,0.000,0.000,0.000,0,0,0,0.000,0.000,4,0,0.724,0,5.831,1056.560,0.867,0.392,0.994,0.182,0.506,2.992,0.088,0.912,0.286,0.580
240,8.000,16.553,0.000,14.317,0.000,1,1,0,0.000,1.495,4,0,0.724,3,95.131,1078.840,0.867,0.370,2.144,0.583,0.429,0.202,0.142,0.858,0.644,0.650
243,8.100,0.000,5.099,0.000,-0.901,1,0,1,0.000,1.370,4,0,0.724,3,93.408,1083.530,0.867,0.361,1.263,0.309,0.353,2.330,0.106,0.894,0.577,0.580
246,8.200,0.000,0.000,0.000,0.000,0,0,0,0.000,0.000,4,0,0.724,0,93.408,1083.530,0.833,0.361,2.058,0.811,0.208,0.431,0.137,0.863,0.265,0.650
249,8.300,0.000,0.000,0.000,0.000,0,0,0,0.000,0.000,4,0,0.759,0,93.408,1083.530,0.800,0.361,1.378,0.411,0.060,2.112,0.115,0.885,0.272,0.580
252,8.400,0.000,19.647,0.000,14.548,1,0,1,0.000,1.422,4,0,0.759,3,97.755,1117.500,0.800,0.355,2.013,0.560,0.193,0.147,0.113,0.887,0.651,0.650
255,8.500,0.000,18.358,0.000,-1.289,1,0,1,0.000,1.759,4,0,0.759,3,94.260,1152.925,0.800,0.361,1.295,0.758,0.375,2.084,0.116,0.884,0.612,0.580
258,8.600,0.000,0.000,0.000,0.000,0,0,0,0.000,0.000,4,0,0.759,0,94.260,1152.925,0.767,0.361,1.765,0.807,0.377,0.170,0.115,0.885,0.250,0.650
261,8.700,0.000,0.000,0.000,0.000,0,0,0,0.000,0.000,4,0,0.759,0,94.260,1152.925,0.733,0.361,0.951,0.650,0.473,3.126,0.066,0.934,0.236,0.580
264,8.800,0.000,16.125,0.000,-2.233,1,0,1,0.000,1.789,4,0,0.759,3,86.770,1163.787,0.733,0.355,1.853,0.506,0.531,0.647,0.092,0.908,0.623,0.650
267,8.900,14.036,0.000,-2.517,0.000,1,1,0,0.000,1.368,4,0,0.793,3,104.293,1196.179,0.733,0.355,1.114,0.470,0.495,1.604,0.108,0.892,0.596,0.580
270,9.000,10.440,0.000,-3.595,0.000,1,1,0,0.000,1.500,4,0,0.828,3,114.215,1239.804,0.733,0.355,1.464,0.551,0.173,0.241,0.111,0.889,0.579,0.635
273,9.100,4.123,0.000,-6.317,0.000,1,1,0,0.000,1.822,4,0,0.828,3,5.099,1252.369,0.767,0.355,1.361,0.907,0.205,1.893,0.126,0.874,0.520,0.580
276,9.200,0.000,32.311,0.000,16.186,1,0,1,0.000,2.047,4,0,0.862,3,105.262,1266.849,0.800,0.355,1.766,0.650,0.036,0.329,0.090,0.910,0.709,0.585
279,9.300,0.000,0.000,0.000,0.000,0,0,0,0.000,0.000,4,0,0.862,0,105.262,1266.849,0.767,0.355,1.188,0.285,0.136,0.893,0.103,0.897,0.272,0.650
282,9.400,0.000,0.000,0.000,0.000,0,0,0,0.000,0.000,4,0,0.862,0,105.262,1266.849,0.733,0.355,1.915,0.854,0.525,2.306,0.138,0.862,0.246,0.585
285,9.500,0.000,0.000,0.000,0.000,0,0,0,0.000,0.000,4,0,0.897,0,105.262,1266.849,0.700,0.355,1.505,0.749,0.310,1.731,0.079,0.921,0.239,0.585
288,9.600,0.000,0.000,0.000,0.000,0,0,0,0.000,0.000,4,0,0.897,0,105.262,1266.849,0.667,0.355,1.703,0.783,0.357,0.512,0.135,0.865,0.238,0.585
291,9.700,0.000,0.000,0.000,0.000,0,0,0,0.000,0.000,4,0,0.897,0,105.262,1266.849,0.633,0.355,0.744,0.631,0.294,1.882,0.088,0.912,0.220,0.585
294,9.800,0.000,0.000,0.000,0.000,0,0,0,0.000,0.000,4,0,0.931,0,105.262,1266.849,0.600,0.355,0.695,0.595,0.596,0.386,0.085,0.915,0.218,0.585
297,9.900,0.000,0.000,0.000,0.000,0,0,0,0.000,0.000,5,0,0.931,0,105.262,1266.849,0.567,0.355,0.737,0.724,0.606,0.898,0.084,0.916,0.206,0.585
300,10.000,0.000,0.000,0.000,0.000,0,0,0,0.000,0.000,5,0,0.931,0,105.262,1266.849,0.533,0.355,0.977,0.910,0.776,0.557,0.115,0.885,0.195,0.585
303,10.100,0.000,0.000,0.000,0.000,0,0,0,0.000,0.000,5,0,0.966,0,105.262,1266.849,0.500,0.355,1.503,0.839,0.702,0.511,0.118,0.882,0.209,0.585
306,10.200,0.000,41.195,0.000,8.884,1,0,1,0.000,2.014,4,0,0.966,3,69.527,1194.767,0.500,0.280,3.168,0.919,0.728,0.251,0.172,0.828,0.739,0.650
309,10.300,22.472,0.000,18.349,0.000,1,1,0,0.000,1.979,4,0,0.966,3,94.048,1220.974,0.500,0.286,3.248,0.885,0.454,0.070,0.183,0.817,0.639,0.580
312,10.400,0.000,0.000,0.000,0.000,0,0,0,0.000,0.000,4,0,1.000,0,94.048,1220.974,0.467,0.286,3.477,0.650,0.321,0.243,0.189,0.811,0.267,0.650
315,10.500,0.000,330.360,0.000,47.539,2,0,1,330.360,2.086,4,0,1.000,6,82.073,1943.550,0.467,0.284,5.334,0.665,0.163,0.417,0.195,0.805,0.923,0.650
318,10.600,281.400,10.770,258.928,-319.590,2,1,1,309.013,2.277,4,0,1.000,6,0.000,2277.504,0.467,0.278,5.371,0.764,0.648,0.700,0.221,0.779,0.917,0.500
321,10.700,313.847,0.000,306.776,0.000,2,1,0,313.847,1.676,4,0,1.000,5,23.707,2296.580,0.467,0.278,3.249,0.759,1.384,0.045,0.194,0.806,0.864,0.500
324,10.800,311.859,13.416,-1.988,2.646,2,1,1,307.117,2.345,5,1,0.966,6,22.472,2044.789,0.500,0.272,2.998,0.836,1.554,0.042,0.178,0.822,0.856,0.750
327,10.900,14.765,11.705,-297.094,-1.712,2,1,1,303.908,1.998,5,0,0.966,6,16.155,2049.300,0.533,0.257,2.597,0.828,2.445,0.080,0.162,0.838,0.683,0.700
330,11.000,12.083,7.071,-2.682,-4.634,2,1,1,308.415,2.004,5,0,0.966,6,81.320,1965.037,0.533,0.242,2.233,0.850,2.492,0.348,0.159,0.841,0.657,0.700
333,11.100,24.021,5.099,11.938,-1.972,2,1,1,331.151,1.738,5,0,0.966,6,0.000,1599.277,0.533,0.225,2.955,0.811,3.014,0.244,0.162,0.838,0.745,0.700
336,11.200,53.009,11.705,28.989,6.606,2,1,1,395.285,1.645,5,0,0.966,6,0.000,2547.464,0.567,0.218,3.020,0.724,3.224,0.120,0.171,0.829,0.873,0.700
339,11.300,30.150,23.022,-22.860,11.317,2,1,1,448.403,1.648,5,0,0.966,5,198.114,3834.080,0.600,0.210,3.944,0.704,3.639,0.112,0.183,0.817,0.819,0.750
342,11.400,13.928,21.213,-16.221,-1.809,2,1,1,456.799,1.273,6,1,0.931,6,0.000,5950.488,0.600,0.302,5.472,0.637,3.849,2.291,0.209,0.791,0.812,0.750
345,11.500,13.342,32.280,-0.587,11.067,2,1,1,486.474,1.391,6,0,0.931,6,0.000,7171.787,0.600,0.311,7.880,0.736,4.823,2.319,0.208,0.792,0.927,0.700
348,11.600,13.153,36.620,-0.189,4.340,2,1,1,513.639,1.008,6,0,0.931,6,0.000,7765.515,0.633,0.311,9.270,0.702,5.863,0.016,0.201,0.799,0.960,0.700
351,11.700,8.062,45.177,-5.091,8.558,2,1,1,563.405,0.906,3,1,0.897,4,0.000,7765.515,0.667,0.311,9.727,0.714,7.392,0.041,0.206,0.794,0.910,0.750
354,11.800,8.544,36.770,0.482,-8.408,2,1,1,606.282,0.881,3,0,0.897,4,0.000,7765.515,0.667,0.311,9.578,0.746,5.409,0.018,0.206,0.794,0.862,0.700
357,11.900,14.422,26.401,5.878,-10.369,2,1,1,642.399,0.772,3,0,0.897,4,0.000,7765.515,0.667,0.324,9.213,0.735,4.801,2.991,0.206,0.794,0.805,0.700
360,12.000,0.000,11.180,0.000,-15.220,1,0,1,0.000,0.314,3,0,0.897,2,0.000,7765.515,0.667,0.324,8.429,0.770,4.343,2.578,0.200,0.800,0.608,0.700
363,12.100,0.000,12.000,0.000,0.820,1,0,1,0.000,0.530,3,0,0.897,2,0.000,7765.515,0.667,0.336,7.071,0.883,2.995,0.026,0.189,0.811,0.582,0.700
366,12.200,0.000,19.647,0.000,7.647,1,0,1,0.000,0.550,3,0,0.897,2,0.000,7765.515,0.667,0.347,6.810,0.901,2.402,0.509,0.187,0.813,0.616,0.700
369,12.300,0.000,18.028,0.000,-1.619,1,0,1,0.000,0.574,3,0,0.897,2,0.000,7765.515,0.700,0.347,6.498,0.838,2.469,0.543,0.181,0.819,0.608,0.700
372,12.400,307.950,0.000,293.527,0.000,1,1,0,0.000,1.007,3,0,0.897,2,298.107,8110.794,0.733,0.358,14.775,0.195,2.582,2.269,0.276,0.724,0.844,0.750
375,12.500,46.861,0.000,-261.088,0.000,1,1,0,0.000,1.380,3,0,0.897,2,10.296,8261.229,0.767,0.369,4.365,0.961,3.106,0.501,0.212,0.788,0.704,0.700
378,12.600,30.594,0.000,-16.267,0.000,1,1,0,0.000,1.353,3,0,0.897,1,10.296,8261.229,0.800,0.369,3.489,0.962,3.214,0.232,0.194,0.806,0.546,0.700
381,12.700,13.038,412.080,-17.556,394.052,2,1,1,28.844,1.528,3,0,0.897,2,10.296,8261.229,0.833,0.379,2.667,0.958,3.212,0.011,0.187,0.813,0.720,0.700
384,12.800,7.810,0.000,-29.833,0.000,2,1,0,7.810,1.671,3,0,0.897,3,10.296,8261.229,0.867,0.389,1.454,0.725,3.289,0.457,0.129,0.871,0.563,0.700
387,12.900,25.239,0.000,19.854,0.000,2,1,0,25.239,1.990,4,1,0.862,5,10.296,8261.229,0.900,0.389,3.185,0.870,3.225,1.366,0.178,0.822,0.797,0.750
390,13.000,76.837,0.000,66.989,0.000,2,1,0,76.837,1.965,4,0,0.862,5,10.296,8261.229,0.933,0.389,4.721,0.899,2.882,0.076,0.201,0.799,0.947,0.700
393,13.100,39.000,0.000,-7.861,0.000,2,1,0,39.000,2.082,4,0,0.862,5,10.296,8261.229,0.967,0.389,3.742,0.826,1.914,0.009,0.194,0.806,0.898,0.700
396,13.200,19.799,0.000,-19.201,0.000,1,1,0,0.000,2.092,3,1,0.828,1,10.296,8261.229,0.967,0.399,2.858,0.781,1.071,0.142,0.187,0.813,0.503,0.750
399,13.300,15.652,0.000,-4.147,0.000,1,1,0,0.000,2.248,3,0,0.828,1,10.296,8261.229,0.967,0.408,2.444,0.883,0.512,0.507,0.170,0.830,0.462,0.580
402,13.400,13.000,0.000,-2.652,0.000,1,1,0,0.000,2.229,3,0,0.828,1,10.296,8261.229,1.000,0.408,2.541,0.871,0.118,1.744,0.166,0.834,0.455,0.580
405,13.500,16.763,0.000,3.763,0.000,1,1,0,0.000,2.097,3,0,0.828,1,10.296,8261.229,1.000,0.417,1.901,0.871,0.189,0.295,0.159,0.841,0.460,0.580
408,13.600,8.246,0.000,-8.517,0.000,1,1,0,0.000,1.732,3,0,0.828,1,10.296,8261.229,1.000,0.426,2.325,0.928,0.408,0.451,0.161,0.839,0.419,0.580
411,13.700,0.000,0.000,0.000,0.000,0,0,0,0.000,0.000,3,0,0.862,0,10.296,8261.229,0.967,0.426,1.799,0.931,0.556,0.013,0.160,0.840,0.166,0.650
414,13.800,0.000,0.000,0.000,0.000,0,0,0,0.000,0.000,4,1,0.828,0,10.296,8261.229,0.933,0.426,0.669,0.713,0.777,1.402,0.087,0.913,0.249,0.750
417,13.900,0.000,0.000,0.000,0.000,0,0,0,0.000,0.000,4,0,0.828,0,10.296,8261.229,0.900,0.426,0.810,0.739,1.047,0.307,0.116,0.884,0.247,0.580
420,14.000,0.000,0.000,0.000,0.000,0,0,0,0.000,0.000,4,0,0.828,0,10.296,8261.229,0.867,0.426,0.666,0.849,1.413,0.574,0.082,0.918,0.231,0.700
423,14.100,0.000,0.000,0.000,0.000,0,0,0,0.000,0.000,3,1,0.793,0,10.296,8261.229,0.833,0.426,1.530,0.955,1.624,0.209,0.149,0.851,0.141,0.750
426,14.200,0.000,0.000,0.000,0.000,0,0,0,0.000,0.000,3,0,0.793,0,10.296,8261.229,0.800,0.426,1.164,0.942,1.706,0.017,0.114,0.886,0.129,0.700
429,14.300,0.000,0.000,0.000,0.000,0,0,0,0.000,0.000,3,0,0.828,0,10.296,8261.229,0.767,0.426,0.763,0.758,1.712,0.372,0.093,0.907,0.128,0.700
432,14.400,0.000,0.000,0.000,0.000,0,0,0,0.000,0.000,4,1,0.793,0,10.296,8261.229,0.733,0.426,0.814,0.840,1.549,0.231,0.095,0.905,0.220,0.750
435,14.500,0.000,0.000,0.000,0.000,0,0,0,0.000,0.000,4,0,0.793,0,10.296,8261.229,0.700,0.426,0.703,0.658,1.494,0.596,0.094,0.906,0.226,0.700
438,14.600,0.000,0.000,0.000,0.000,0,0,0,0.000,0.000,4,0,0.828,0,10.296,8261.229,0.667,0.426,0.731,0.723,1.496,0.302,0.101,0.899,0.218,0.700
441,14.700,0.000,0.000,0.000,0.000,0,0,0,0.000,0.000,3,1,0.793,0,10.296,8261.229,0.633,0.426,1.209,0.903,1.444,0.477,0.132,0.868,0.113,0.750
444,14.800,0.000,0.000,0.000,0.000,0,0,0,0.000,0.000,3,0,0.793,0,10.296,8261.229,0.600,0.426,1.131,0.902,1.349,0.637,0.118,0.882,0.107,0.580
447,14.900,0.000,0.000,0.000,0.000,0,0,0,0.000,0.000,3,0,0.793,0,10.296,8261.229,0.567,0.426,0.633,0.824,1.252,0.179,0.070,0.930,0.096,0.580
450,15.000,0.000,0.000,0.000,0.000,0,0,0,0.000,0.000,4,1,0.759,0,10.296,8261.229,0.533,0.426,0.837,0.844,1.188,0.101,0.109,0.891,0.196,0.750
453,15.100,0.000,0.000,0.000,0.000,0,0,0,0.000,0.000,4,0,0.759,0,10.296,8261.229,0.500,0.426,1.150,0.787,1.094,1.615,0.123,0.877,0.204,0.580
456,15.200,0.000,0.000,0.000,0.000,0,0,0,0.000,0.000,4,0,0.759,0,10.296,8261.229,0.467,0.426,0.701,0.715,1.029,0.448,0.096,0.904,0.194,0.580
459,15.300,0.000,0.000,0.000,0.000,0,0,0,0.000,0.000,4,0,0.759,0,10.296,8261.229,0.433,0.426,1.015,0.751,0.954,0.325,0.116,0.884,0.195,0.580
462,15.400,0.000,0.000,0.000,0.000,0,0,0,0.000,0.000,4,0,0.759,0,10.296,8261.229,0.400,0.426,1.145,0.663,0.819,0.034,0.126,0.874,0.200,0.580
465,15.500,0.000,0.000,0.000,0.000,0,0,0,0.000,0.000,4,0,0.759,0,10.296,8261.229,0.367,0.426,1.187,0.556,1.445,0.391,0.125,0.875,0.205,0.700
468,15.600,0.000,0.000,0.000,0.000,0,0,0,0.000,0.000,4,0,0.759,0,10.296,8261.229,0.333,0.426,1.249,0.655,1.208,0.191,0.128,0.872,0.195,0.580
471,15.700,0.000,0.000,0.000,0.000,0,0,0,0.000,0.000,4,0,0.759,0,10.296,8261.229,0.300,0.426,1.022,0.825,1.136,0.665,0.121,0.879,0.174,0.580
474,15.800,0.000,0.000,0.000,0.000,0,0,0,0.000,0.000,4,0,0.793,0,10.296,8261.229,0.267,0.426,0.961,0.801,1.033,0.219,0.117,0.883,0.170,0.580
477,15.900,0.000,0.000,0.000,0.000,0,0,0,0.000,0.000,3,1,0.759,0,10.296,8261.229,0.233,0.426,0.429,0.644,0.947,1.165,0.060,0.940,0.164,0.750
480,16.000,0.000,0.000,0.000,0.000,0,0,0,0.000,0.000,4,1,0.724,0,10.296,8261.229,0.200,0.426,0.634,0.765,0.834,1.462,0.087,0.913,0.156,0.750
483,16.100,0.000,0.000,0.000,0.000,0,0,0,0.000,0.000,4,0,0.759,0,10.296,8261.229,0.167,0.426,0.527,0.508,0.764,0.420,0.077,0.923,0.168,0.580
486,16.200,0.000,0.000,0.000,0.000,0,0,0,0.000,0.000,4,1,0.724,0,10.296,8261.229,0.133,0.426,0.491,0.829,0.682,0.921,0.073,0.927,0.140,0.750
489,16.300,0.000,0.000,0.000,0.000,0,0,0,0.000,0.000,5,1,0.690,0,10.296,8261.229,0.100,0.426,0.359,0.225,0.688,0.234,0.042,0.958,0.175,0.750
492,16.400,0.000,0.000,0.000,0.000,0,0,0,0.000,0.000,5,0,0.690,0,10.296,8261.229,0.067,0.426,0.829,0.887,0.705,1.721,0.104,0.896,0.137,0.580
495,16.500,0.000,0.000,0.000,0.000,0,0,0,0.000,0.000,5,0,0.690,0,10.296,8261.229,0.033,0.426,0.498,0.563,0.557,0.565,0.067,0.933,0.147,0.580
498,16.600,0.000,0.000,0.000,0.000,0,0,0,0.000,0.000,4,1,0.655,0,10.296,8261.229,0.000,0.426,0.472,0.776,0.503,1.172,0.065,0.935,0.127,0.750
501,16.700,0.000,0.000,0.000,0.000,0,0,0,0.000,0.000,5,1,0.655,0,10.296,8261.229,0.000,0.426,0.985,0.937,0.614,1.972,0.111,0.889,0.129,0.750
504,16.800,0.000,0.000,0.000,0.000,0,0,0,0.000,0.000,5,0,0.655,0,10.296,8261.229,0.000,0.426,1.029,0.951,0.440,0.020,0.108,0.892,0.129,0.580
507,16.900,0.000,0.000,0.000,0.000,0,0,0,0.000,0.000,4,1,0.621,0,10.296,8261.229,0.000,0.426,0.222,0.556,0.539,1.146,0.029,0.971,0.137,0.750
510,17.000,0.000,0.000,0.000,0.000,0,0,0,0.000,0.000,5,1,0.621,0,10.296,8261.229,0.000,0.426,0.521,0.617,0.859,0.519,0.075,0.925,0.140,0.750
513,17.100,0.000,0.000,0.000,0.000,0,0,0,0.000,0.000,3,1,0.586,0,10.296,8261.229,0.000,0.426,0.555,0.870,1.192,1.465,0.067,0.933,0.123,0.750
516,17.200,0.000,0.000,0.000,0.000,0,0,0,0.000,0.000,4,1,0.552,0,10.296,8261.229,0.000,0.426,0.479,0.787,1.502,1.835,0.064,0.936,0.127,0.750
519,17.300,0.000,0.000,0.000,0.000,0,0,0,0.000,0.000,4,0,0.586,0,10.296,8261.229,0.000,0.426,0.560,0.738,1.671,0.066,0.078,0.922,0.132,0.700
522,17.400,0.000,0.000,0.000,0.000,0,0,0,0.000,0.000,4,1,0.552,0,10.296,8261.229,0.000,0.426,0.656,0.906,1.916,1.438,0.085,0.915,0.123,0.750
525,17.500,0.000,0.000,0.000,0.000,0,0,0,0.000,0.000,5,1,0.517,0,10.296,8261.229,0.000,0.426,0.707,0.837,1.449,0.191,0.086,0.914,0.129,0.750
528,17.600,0.000,0.000,0.000,0.000,0,0,0,0.000,0.000,5,0,0.552,0,10.296,8261.229,0.000,0.426,0.637,0.860,1.381,0.840,0.083,0.917,0.126,0.580
531,17.700,0.000,0.000,0.000,0.000,0,0,0,0.000,0.000,5,0,0.552,0,10.296,8261.229,0.000,0.426,0.788,0.805,1.219,0.200,0.092,0.908,0.133,0.580
534,17.800,0.000,0.000,0.000,0.000,0,0,0,0.000,0.000,5,0,0.552,0,10.296,8261.229,0.000,0.426,0.835,0.911,0.932,0.303,0.101,0.899,0.127,0.580
537,17.900,0.000,0.000,0.000,0.000,0,0,0,0.000,0.000,5,0,0.586,0,10.296,8261.229,0.000,0.426,0.662,0.863,0.587,0.808,0.083,0.917,0.126,0.580
540,18.000,0.000,0.000,0.000,0.000,0,0,0,0.000,0.000,4,1,0.552,0,10.296,8261.229,0.000,0.426,0.672,0.877,0.681,0.514,0.080,0.920,0.125,0.750
543,18.100,57.559,0.000,49.312,0.000,1,1,0,0.000,1.849,4,0,0.552,1,10.296,8261.229,0.033,0.162,0.681,0.879,0.539,1.830,0.088,0.912,0.555,0.650
546,18.200,27.459,0.000,-30.100,0.000,1,1,0,0.000,1.660,3,1,0.517,1,10.296,8261.229,0.067,0.164,0.557,0.886,0.345,0.435,0.061,0.939,0.472,0.750
549,18.300,23.409,0.000,-4.050,0.000,1,1,0,0.000,1.348,4,1,0.483,1,10.296,8261.229,0.100,0.166,0.367,0.586,0.498,2.096,0.051,0.949,0.455,0.750
552,18.400,0.000,0.000,0.000,0.000,0,0,0,0.000,0.000,4,0,0.483,0,10.296,8261.229,0.100,0.166,0.655,0.639,0.646,0.070,0.089,0.911,0.154,0.650
555,18.500,0.000,0.000,0.000,0.000,0,0,0,0.000,0.000,3,1,0.448,0,10.296,8261.229,0.100,0.166,0.667,0.915,0.330,1.277,0.086,0.914,0.135,0.750
558,18.600,0.000,0.000,0.000,0.000,0,0,0,0.000,0.000,4,1,0.414,0,10.296,8261.229,0.100,0.166,0.576,0.822,0.170,0.752,0.076,0.924,0.139,0.750
561,18.700,0.000,0.000,0.000,0.000,0,0,0,0.000,0.000,4,0,0.414,0,10.296,8261.229,0.100,0.166,0.857,0.860,0.009,0.385,0.098,0.902,0.143,0.580
564,18.800,0.000,0.000,0.000,0.000,0,0,0,0.000,0.000,4,0,0.448,0,10.296,8261.229,0.100,0.166,0.735,0.836,0.254,0.130,0.092,0.908,0.142,0.580
567,18.900,0.000,0.000,0.000,0.000,0,0,0,0.000,0.000,3,1,0.448,0,10.296,8261.229,0.100,0.166,0.624,0.816,0.460,0.703,0.081,0.919,0.041,0.750
570,19.000,0.000,0.000,0.000,0.000,0,0,0,0.000,0.000,3,0,0.448,0,10.296,8261.229,0.100,0.166,0.350,0.457,0.384,0.760,0.042,0.958,0.059,0.580
573,19.100,0.000,0.000,0.000,0.000,0,0,0,0.000,0.000,3,0,0.483,0,10.296,8261.229,0.100,0.166,0.952,0.936,0.245,1.765,0.106,0.894,0.040,0.580
576,19.200,0.000,0.000,0.000,0.000,0,0,0,0.000,0.000,3,1,0.483,0,10.296,8261.229,0.100,0.166,0.579,0.848,0.310,0.530,0.075,0.925,0.137,0.750
579,19.300,0.000,0.000,0.000,0.000,0,0,0,0.000,0.000,3,0,0.483,0,10.296,8261.229,0.100,0.166,0.421,0.834,0.148,0.936,0.056,0.944,0.134,0.580
582,19.400,0.000,0.000,0.000,0.000,0,0,0,0.000,0.000,4,1,0.448,0,10.296,8261.229,0.100,0.166,0.758,0.904,0.134,1.070,0.089,0.911,0.138,0.750
585,19.500,0.000,0.000,0.000,0.000,0,0,0,0.000,0.000,4,0,0.483,0,10.296,8261.229,0.100,0.166,1.134,0.926,0.050,0.274,0.114,0.886,0.146,0.580
588,19.600,0.000,0.000,0.000,0.000,0,0,0,0.000,0.000,4,0,0.517,0,10.296,8261.229,0.100,0.166,0.603,0.814,0.046,1.078,0.075,0.925,0.140,0.580
591,19.700,0.000,0.000,0.000,0.000,0,0,0,0.000,0.000,4,0,0.517,0,10.296,8261.229,0.100,0.166,0.628,0.835,0.052,0.560,0.081,0.919,0.139,0.580
594,19.800,0.000,0.000,0.000,0.000,0,0,0,0.000,0.000,5,1,0.517,0,10.296,8261.229,0.100,0.166,1.204,0.963,0.133,0.544,0.110,0.890,0.145,0.750
597,19.900,0.000,0.000,0.000,0.000,0,0,0,0.000,0.000,5,0,0.552,0,10.296,8261.229,0.100,0.166,0.768,0.927,0.812,0.075,0.093,0.907,0.136,0.580
600,20.000,0.000,0.000,0.000,0.000,0,0,0,0.000,0.000,4,1,0.552,0,10.296,8261.229,0.100,0.166,0.380,0.779,0.886,0.756,0.054,0.946,0.137,0.750
603,20.100,0.000,0.000,0.000,0.000,0,0,0,0.000,0.000,5,1,0.552,0,10.296,8261.229,0.100,0.166,0.701,0.871,0.650,0.757,0.087,0.913,0.139,0.750
606,20.200,0.000,0.000,0.000,0.000,0,0,0,0.000,0.000,5,0,0.552,0,10.296,8261.229,0.100,0.166,0.989,0.921,0.717,0.100,0.103,0.897,0.142,0.580
609,20.300,0.000,0.000,0.000,0.000,0,0,0,0.000,0.000,5,0,0.586,0,10.296,8261.229,0.100,0.166,0.590,0.430,0.546,0.507,0.053,0.947,0.167,0.580
612,20.400,0.000,0.000,0.000,0.000,0,0,0,0.000,0.000,5,0,0.621,0,10.296,8261.229,0.100,0.166,0.830,0.732,0.368,0.300,0.074,0.926,0.152,0.580
615,20.500,0.000,0.000,0.000,0.000,0,0,0,0.000,0.000,5,0,0.621,0,10.296,8261.229,0.100,0.166,0.785,0.820,0.503,1.389,0.058,0.942,0.144,0.580
618,20.600,0.000,0.000,0.000,0.000,0,0,0,0.000,0.000,5,0,0.621,0,10.296,8261.229,0.100,0.166,0.658,0.862,0.797,0.626,0.076,0.924,0.138,0.580
621,20.700,0.000,0.000,0.000,0.000,0,0,0,0.000,0.000,3,1,0.586,0,10.296,8261.229,0.100,0.166,0.467,0.812,0.442,0.559,0.063,0.937,0.137,0.750
624,20.800,0.000,0.000,0.000,0.000,0,0,0,0.000,0.000,4,1,0.552,0,10.296,8261.229,0.100,0.166,1.839,0.829,0.489,1.188,0.132,0.868,0.170,0.750
627,20.900,0.000,0.000,0.000,0.000,0,0,0,0.000,0.000,4,0,0.586,0,10.296,8261.229,0.100,0.166,4.935,0.805,1.257,0.088,0.178,0.822,0.249,0.580
630,21.000,0.000,0.000,0.000,0.000,0,0,0,0.000,0.000,4,0,0.586,0,10.296,8261.229,0.100,0.166,6.265,0.730,2.916,0.169,0.192,0.808,0.287,0.700
633,21.100,0.000,0.000,0.000,0.000,0,0,0,0.000,0.000,4,0,0.621,0,10.296,8261.229,0.067,0.166,6.893,0.720,3.818,0.116,0.184,0.816,0.300,0.700
636,21.200,0.000,0.000,0.000,0.000,0,0,0,0.000,0.000,4,0,0.655,0,10.296,8261.229,0.033,0.166,7.467,0.696,5.880,0.040,0.178,0.822,0.312,0.700
639,21.300,0.000,0.000,0.000,0.000,0,0,0,0.000,0.000,4,0,0.655,0,10.296,8261.229,0.000,0.166,7.888,0.655,8.139,0.113,0.189,0.811,0.321,0.700
642,21.400,0.000,0.000,0.000,0.000,0,0,0,0.000,0.000,4,0,0.690,0,10.296,8261.229,0.000,0.166,7.772,0.604,8.947,0.401,0.196,0.804,0.322,0.700
645,21.500,0.000,0.000,0.000,0.000,0,0,0,0.000,0.000,4,0,0.724,0,10.296,8261.229,0.000,0.166,7.586,0.539,10.968,1.136,0.192,0.808,0.322,0.700
648,21.600,390.969,0.000,367.560,0.000,1,1,0,0.000,1.116,3,1,0.690,1,10.296,8261.229,0.033,0.193,7.918,0.860,12.319,0.264,0.193,0.807,0.652,0.750
651,21.700,0.000,0.000,0.000,0.000,0,0,0,0.000,0.000,3,0,0.690,0,10.296,8261.229,0.033,0.193,13.280,0.185,14.399,0.939,0.396,0.604,0.261,0.700
654,21.800,0.000,0.000,0.000,0.000,0,0,0,0.000,0.000,3,0,0.724,0,10.296,8261.229,0.033,0.193,1.414,0.611,17.227,1.551,0.116,0.884,0.067,0.700
657,21.900,0.000,0.000,0.000,0.000,0,0,0,0.000,0.000,5,1,0.690,0,10.296,8261.229,0.033,0.193,1.460,0.515,17.340,3.118,0.114,0.886,0.174,0.750
660,22.000,0.000,379.521,0.000,-32.559,1,0,1,0.000,0.877,5,0,0.690,3,10.296,8261.229,0.067,0.199,2.212,0.945,17.423,0.571,0.144,0.856,0.655,0.700
663,22.100,0.000,12.083,0.000,-367.438,1,0,1,0.000,1.004,5,0,0.724,3,10.296,8261.229,0.100,0.199,2.849,0.902,19.277,0.186,0.149,0.851,0.495,0.700
666,22.200,0.000,19.235,0.000,7.152,1,0,1,0.000,1.032,5,1,0.690,4,10.296,8261.229,0.133,0.199,4.066,0.881,20.451,0.213,0.163,0.837,0.607,0.750
669,22.300,0.000,18.028,0.000,-1.208,1,0,1,0.000,1.082,5,0,0.724,4,10.296,8261.229,0.167,0.199,3.266,0.874,20.916,0.007,0.157,0.843,0.585,0.700
672,22.400,0.000,15.264,0.000,-2.763,1,0,1,0.000,0.832,5,0,0.724,4,10.296,8261.229,0.200,0.199,2.135,0.765,13.967,0.123,0.116,0.884,0.553,0.700
675,22.500,0.000,8.062,0.000,-7.202,1,0,1,0.000,0.804,3,1,0.690,2,10.296,8261.229,0.233,0.199,2.342,0.604,4.064,0.000,0.128,0.872,0.409,0.750
678,22.600,0.000,12.207,0.000,4.144,1,0,1,0.000,0.774,3,0,0.690,2,10.296,8261.229,0.267,0.199,1.836,0.466,2.255,0.115,0.123,0.877,0.433,0.700
681,22.700,0.000,6.325,0.000,-5.882,1,0,1,0.000,0.719,3,0,0.724,2,10.296,8261.229,0.300,0.199,2.643,0.626,1.418,0.986,0.148,0.852,0.413,0.700
684,22.800,0.000,11.314,0.000,4.989,1,0,1,0.000,0.446,3,0,0.724,2,10.296,8261.229,0.333,0.199,3.143,0.726,0.895,0.057,0.156,0.844,0.451,0.580
687,22.900,0.000,14.765,0.000,3.451,1,0,1,0.000,0.319,3,0,0.759,2,10.296,8261.229,0.367,0.199,3.862,0.554,0.524,0.277,0.137,0.863,0.504,0.580
690,23.000,0.000,23.707,0.000,8.942,1,0,1,0.000,0.286,3,0,0.793,2,10.296,8261.229,0.400,0.199,6.757,0.436,0.252,0.161,0.151,0.849,0.638,0.000
693,23.100,0.000,529.545,0.000,490.340,2,0,1,529.545,0.618,4,1,0.759,3,10.296,8261.229,0.433,0.197,6.463,0.483,0.075,0.134,0.162,0.838,0.915,0.750
696,23.200,0.000,19.235,0.000,-510.310,1,0,1,0.000,1.004,4,0,0.759,2,10.296,8261.229,0.467,0.199,4.830,0.625,0.108,1.442,0.160,0.840,0.630,0.650
699,23.300,0.000,28.160,0.000,8.925,1,0,1,0.000,1.017,4,0,0.759,2,10.296,8261.229,0.500,0.199,5.939,0.803,0.456,0.555,0.176,0.824,0.699,0.350
702,23.400,385.852,0.000,-5.117,0.000,1,1,0,0.000,1.341,4,0,0.759,1,10.296,8261.229,0.533,0.201,8.106,0.709,0.397,0.113,0.193,0.807,0.809,0.500
705,23.500,20.616,0.000,-365.237,0.000,1,1,0,0.000,1.450,4,0,0.759,1,10.296,8261.229,0.567,0.202,11.024,0.479,0.293,1.407,0.199,0.801,0.694,0.580
708,23.600,0.000,0.000,0.000,0.000,0,0,0,0.000,0.000,4,0,0.793,0,10.296,8261.229,0.567,0.202,12.526,0.624,0.163,0.231,0.192,0.808,0.394,0.650
711,23.700,0.000,0.000,0.000,0.000,0,0,0,0.000,0.000,3,1,0.793,0,10.296,8261.229,0.567,0.202,10.195,0.456,0.025,0.488,0.187,0.813,0.306,0.750
714,23.800,0.000,0.000,0.000,0.000,0,0,0,0.000,0.000,3,0,0.793,0,10.296,8261.229,0.567,0.202,11.284,0.668,0.025,0.496,0.173,0.827,0.291,0.580
717,23.900,0.000,0.000,0.000,0.000,0,0,0,0.000,0.000,3,0,0.793,0,10.296,8261.229,0.567,0.202,9.564,0.632,0.167,0.201,0.156,0.844,0.294,0.580
720,24.000,0.000,143.851,0.000,115.690,1,0,1,0.000,1.041,4,1,0.759,2,0.000,8433.240,0.600,0.208,10.426,0.222,0.372,3.123,0.267,0.733,0.896,0.750
723,24.100,0.000,24.166,0.000,-119.685,1,0,1,0.000,1.302,4,0,0.759,1,34.525,8359.730,0.633,0.210,1.362,0.731,0.603,0.275,0.109,0.891,0.538,0.450
726,24.200,0.000,0.000,0.000,0.000,0,0,0,0.000,0.000,4,0,0.759,0,34.525,8359.730,0.633,0.210,0.870,0.621,0.680,0.936,0.103,0.897,0.224,0.650
729,24.300,0.000,0.000,0.000,0.000,0,0,0,0.000,0.000,4,0,0.759,0,34.525,8359.730,0.633,0.210,1.251,0.904,0.747,0.051,0.112,0.888,0.214,0.580
732,24.400,0.000,0.000,0.000,0.000,0,0,0,0.000,0.000,4,0,0.759,0,34.525,8359.730,0.633,0.210,1.385,0.833,0.829,0.009,0.097,0.903,0.222,0.580
735,24.500,0.000,0.000,0.000,0.000,0,0,0,0.000,0.000,4,0,0.793,0,34.525,8359.730,0.633,0.210,1.197,0.702,0.897,0.076,0.096,0.904,0.227,0.580
738,24.600,0.000,0.000,0.000,0.000,0,0,0,0.000,0.000,4,0,0.793,0,34.525,8359.730,0.600,0.210,1.340,0.759,0.810,0.384,0.085,0.915,0.222,0.580
741,24.700,0.000,0.000,0.000,0.000,0,0,0,0.000,0.000,4,0,0.793,0,34.525,8359.730,0.600,0.210,1.891,0.402,0.757,0.003,0.101,0.899,0.261,0.580
744,24.800,0.000,0.000,0.000,0.000,0,0,0,0.000,0.000,4,0,0.828,0,34.525,8359.730,0.600,0.210,1.950,0.505,1.628,0.348,0.106,0.894,0.255,0.700
747,24.900,0.000,0.000,0.000,0.000,0,0,0,0.000,0.000,4,0,0.828,0,34.525,8359.730,0.600,0.210,2.846,0.187,1.239,0.668,0.088,0.912,0.300,0.580
750,25.000,0.000,0.000,0.000,0.000,0,0,0,0.000,0.000,4,0,0.828,0,34.525,8359.730,0.567,0.210,4.336,0.621,0.659,0.102,0.147,0.853,0.303,0.580
753,25.100,0.000,0.000,0.000,0.000,0,0,0,0.000,0.000,4,0,0.862,0,34.525,8359.730,0.533,0.210,5.453,0.722,0.084,1.683,0.156,0.844,0.320,0.580
756,25.200,0.000,0.000,0.000,0.000,0,0,0,0.000,0.000,4,0,0.862,0,34.525,8359.730,0.500,0.210,5.517,0.699,0.289,2.964,0.159,0.841,0.319,0.580
759,25.300,0.000,0.000,0.000,0.000,0,0,0,0.000,0.000,4,0,0.862,0,34.525,8359.730,0.467,0.210,4.685,0.587,0.487,1.369,0.136,0.864,0.302,0.580
762,25.400,0.000,0.000,0.000,0.000,0,0,0,0.000,0.000,4,0,0.897,0,34.525,8359.730,0.433,0.210,4.986,0.540,0.733,0.686,0.125,0.875,0.309,0.580
765,25.500,0.000,0.000,0.000,0.000,0,0,0,0.000,0.000,5,0,0.897,0,34.525,8359.730,0.400,0.210,3.592,0.723,0.982,2.637,0.126,0.874,0.257,0.580
768,25.600,0.000,0.000,0.000,0.000,0,0,0,0.000,0.000,5,0,0.897,0,34.525,8359.730,0.367,0.210,2.050,0.741,1.304,0.013,0.099,0.901,0.213,0.580
771,25.700,0.000,0.000,0.000,0.000,0,0,0,0.000,0.000,5,0,0.897,0,34.525,8359.730,0.333,0.210,1.182,0.251,1.261,1.721,0.084,0.916,0.222,0.580
774,25.800,0.000,0.000,0.000,0.000,0,0,0,0.000,0.000,5,0,0.897,0,34.525,8359.730,0.300,0.210,0.662,0.322,1.159,0.671,0.060,0.940,0.200,0.580
777,25.900,0.000,0.000,0.000,0.000,0,0,0,0.000,0.000,5,0,0.897,0,34.525,8359.730,0.267,0.210,0.696,0.100,1.085,1.765,0.075,0.925,0.212,0.580
780,26.000,0.000,0.000,0.000,0.000,0,0,0,0.000,0.000,5,0,0.931,0,34.525,8359.730,0.233,0.210,0.661,0.570,1.005,2.347,0.076,0.924,0.175,0.580
783,26.100,0.000,0.000,0.000,0.000,0,0,0,0.000,0.000,5,0,0.931,0,34.525,8359.730,0.200,0.210,0.786,0.548,0.868,1.284,0.082,0.918,0.175,0.580
786,26.200,0.000,0.000,0.000,0.000,0,0,0,0.000,0.000,5,0,0.931,0,34.525,8359.730,0.167,0.210,0.716,0.550,0.761,0.146,0.072,0.928,0.169,0.580
789,26.300,0.000,0.000,0.000,0.000,0,0,0,0.000,0.000,5,0,0.931,0,34.525,8359.730,0.133,0.210,0.849,0.469,0.715,0.475,0.063,0.937,0.174,0.580
792,26.400,0.000,0.000,0.000,0.000,0,0,0,0.000,0.000,4,0,0.931,0,34.525,8359.730,0.100,0.210,1.651,0.464,0.657,0.171,0.089,0.911,0.191,0.580
795,26.500,0.000,0.000,0.000,0.000,0,0,0,0.000,0.000,4,0,0.931,0,34.525,8359.730,0.067,0.210,2.510,0.459,0.598,0.094,0.109,0.891,0.209,0.580
798,26.600,0.000,0.000,0.000,0.000,0,0,0,0.000,0.000,4,0,0.966,0,34.525,8359.730,0.067,0.210,2.277,0.283,0.560,0.284,0.116,0.884,0.215,0.580
801,26.700,0.000,0.000,0.000,0.000,0,0,0,0.000,0.000,4,0,0.966,0,34.525,8359.730,0.067,0.210,1.367,0.666,0.566,0.252,0.094,0.906,0.166,0.580
804,26.800,0.000,0.000,0.000,0.000,0,0,0,0.000,0.000,4,0,0.966,0,34.525,8359.730,0.067,0.210,0.803,0.417,0.606,0.400,0.083,0.917,0.169,0.580
807,26.900,0.000,0.000,0.000,0.000,0,0,0,0.000,0.000,4,0,1.000,0,34.525,8359.730,0.067,0.210,1.764,0.726,0.661,2.286,0.122,0.878,0.171,0.580
810,27.000,0.000,0.000,0.000,0.000,0,0,0,0.000,0.000,4,0,1.000,0,34.525,8359.730,0.033,0.210,2.615,0.638,0.736,0.291,0.118,0.882,0.195,0.580
813,27.100,0.000,0.000,0.000,0.000,0,0,0,0.000,0.000,4,0,1.000,0,34.525,8359.730,0.000,0.210,2.806,0.608,0.878,0.635,0.113,0.887,0.198,0.580
816,27.200,0.000,0.000,0.000,0.000,0,0,0,0.000,0.000,4,0,1.000,0,34.525,8359.730,0.000,0.210,2.086,0.868,0.892,0.280,0.131,0.869,0.161,0.580
819,27.300,134.239,0.000,113.623,0.000,1,1,0,0.000,1.369,5,1,0.966,2,9.434,8057.378,0.033,0.231,3.566,0.740,0.881,0.088,0.139,0.861,0.663,0.750
822,27.400,21.401,0.000,-112.838,0.000,1,1,0,0.000,1.517,5,0,0.966,2,15.811,7845.334,0.067,0.231,4.398,0.609,0.717,1.402,0.149,0.851,0.566,0.580
825,27.500,0.000,157.892,0.000,133.726,1,0,1,0.000,1.484,5,0,0.966,2,8.062,7845.960,0.100,0.232,3.361,0.910,0.526,0.237,0.139,0.861,0.654,0.500
828,27.600,0.000,8.944,0.000,-148.948,1,0,1,0.000,1.849,5,0,0.966,2,3.606,7819.938,0.133,0.233,4.313,0.798,0.391,0.392,0.162,0.838,0.490,0.580
831,27.700,25.000,0.000,3.599,0.000,1,1,0,0.000,1.173,5,0,0.966,2,12.000,7486.249,0.167,0.232,5.853,0.661,0.231,1.482,0.187,0.813,0.631,0.550
834,27.800,0.000,14.765,0.000,5.821,1,0,1,0.000,2.190,5,0,0.966,2,3.606,7502.659,0.200,0.231,7.363,0.624,0.004,0.769,0.194,0.806,0.618,0.580
837,27.900,0.000,8.062,0.000,-6.703,1,0,1,0.000,2.238,4,1,0.931,2,3.606,7502.659,0.233,0.221,7.469,0.640,0.271,0.156,0.197,0.803,0.605,0.750
840,28.000,7.211,0.000,-17.789,0.000,1,1,0,0.000,1.125,4,0,0.931,2,3.606,7502.659,0.267,0.219,8.100,0.710,0.513,1.657,0.200,0.800,0.612,0.580
843,28.100,26.926,0.000,19.715,0.000,1,0,0,0.000,1.211,4,0,0.931,2,3.606,7502.659,0.300,0.200,6.495,0.763,0.798,1.047,0.200,0.800,0.605,0.550
846,28.200,9.434,0.000,-17.492,0.000,1,0,0,0.000,1.292,4,0,0.931,2,3.606,7502.659,0.333,0.203,5.083,0.574,1.186,0.026,0.197,0.803,0.489,0.580
849,28.300,0.000,54.406,0.000,46.344,1,0,1,0.000,2.212,4,0,0.931,2,3.606,7502.659,0.367,0.203,4.763,0.532,1.769,0.316,0.185,0.815,0.766,0.700
852,28.400,0.000,18.028,0.000,-36.378,1,0,1,0.000,2.267,4,0,0.931,2,3.606,7502.659,0.400,0.203,4.251,0.467,2.472,1.413,0.178,0.822,0.612,0.700
855,28.500,0.000,7.280,0.000,-10.748,1,0,1,0.000,2.331,4,0,0.931,2,3.606,7502.659,0.433,0.205,3.831,0.239,4.051,0.647,0.176,0.824,0.561,0.700
858,28.600,0.000,9.434,0.000,2.154,1,0,1,0.000,2.103,4,0,0.931,2,3.606,7502.659,0.467,0.205,3.870,0.045,5.105,0.250,0.177,0.823,0.592,0.700
861,28.700,0.000,9.000,0.000,-0.434,1,0,1,0.000,2.208,4,0,0.931,2,3.606,7502.659,0.500,0.208,3.329,0.210,4.657,0.346,0.167,0.833,0.569,0.700
864,28.800,0.000,5.385,0.000,-3.615,1,0,1,0.000,2.086,4,0,0.931,2,3.606,7502.659,0.533,0.208,3.419,0.338,4.602,0.132,0.168,0.832,0.546,0.700
867,28.900,36.014,0.000,26.580,0.000,1,0,0,0.000,1.034,4,0,0.931,2,3.606,7502.659,0.567,0.211,4.656,0.776,3.750,0.478,0.178,0.822,0.640,0.700
870,29.000,0.000,41.037,0.000,35.651,1,0,1,0.000,1.752,4,0,0.931,2,3.606,7502.659,0.600,0.211,8.260,0.810,2.900,0.349,0.217,0.783,0.833,0.700
873,29.100,93.963,0.000,54.038,0.000,2,0,0,93.963,0.892,4,0,0.931,4,0.000,5268.270,0.633,0.208,14.755,0.931,3.036,0.028,0.224,0.776,0.911,0.700
876,29.200,16.401,0.000,-77.562,0.000,1,0,0,0.000,1.012,4,0,0.931,2,58.310,3601.005,0.667,0.208,10.578,0.890,3.254,0.056,0.209,0.791,0.619,0.700
879,29.300,55.227,0.000,38.826,0.000,1,0,0,0.000,1.217,4,0,0.931,2,31.906,1360.987,0.700,0.208,9.771,0.915,2.733,0.167,0.217,0.783,0.780,0.700
882,29.400,29.428,0.000,-25.799,0.000,1,0,0,0.000,1.134,6,1,0.897,2,26.926,1177.704,0.733,0.208,12.193,0.874,2.026,0.210,0.212,0.788,0.670,0.750
885,29.500,27.459,0.000,-1.969,0.000,1,0,0,0.000,1.029,6,0,0.897,2,23.707,1295.899,0.767,0.208,10.514,0.869,1.718,0.001,0.208,0.792,0.664,0.700
888,29.600,25.942,0.000,-1.517,0.000,1,1,0,0.000,0.972,6,0,0.897,2,0.000,1480.819,0.800,0.211,9.728,0.890,1.407,0.128,0.203,0.797,0.738,0.700
891,29.700,285.855,0.000,276.799,0.000,2,1,0,285.855,0.957,6,0,0.897,4,0.000,1814.725,0.833,0.208,9.771,0.752,1.351,1.044,0.214,0.786,0.967,0.650
894,29.800,287.153,0.000,-10.546,0.000,2,1,0,287.153,1.435,6,0,0.897,4,0.000,1502.824,0.867,0.193,9.940,0.805,1.453,0.522,0.219,0.781,0.968,0.700
897,29.900,298.573,463.441,11.420,422.405,2,1,1,291.625,1.640,6,0,0.897,4,0.000,1305.118,0.900,0.462,8.925,0.795,1.660,0.143,0.212,0.788,0.972,0.700
900,30.000,290.723,0.000,279.543,0.000,2,1,0,290.723,1.927,6,1,0.862,4,0.000,1414.744,0.933,0.453,3.737,0.788,1.881,0.496,0.186,0.814,0.870,0.750
903,30.100,287.124,0.000,-3.600,0.000,1,1,0,0.000,2.282,6,0,0.862,2,60.877,1706.029,0.967,0.453,1.907,0.434,1.913,0.552,0.145,0.855,0.743,0.700
906,30.200,279.322,0.000,276.160,0.000,2,1,0,279.322,2.324,6,0,0.897,4,57.009,2002.314,1.000,0.444,1.666,0.277,1.869,1.970,0.135,0.865,0.862,0.700
909,30.300,276.279,0.000,-5.382,0.000,2,1,0,276.279,2.344,4,1,0.862,2,129.634,1899.438,1.000,0.444,1.762,0.887,1.889,0.333,0.123,0.877,0.792,0.750
912,30.400,273.646,0.000,-2.633,0.000,1,1,0,0.000,2.351,4,0,0.862,1,131.795,1948.259,1.000,0.453,1.545,0.595,1.812,1.911,0.130,0.870,0.712,0.732
915,30.500,280.615,0.000,275.615,0.000,2,1,0,280.615,2.360,5,1,0.828,4,43.046,2118.469,1.000,0.444,1.808,0.742,1.674,0.337,0.139,0.861,0.857,0.750
918,30.600,281.329,6.708,0.714,-456.733,2,1,1,293.430,2.359,4,1,0.793,4,21.840,2505.668,1.000,0.435,2.245,0.823,1.103,0.047,0.159,0.841,0.899,0.750
921,30.700,7.211,20.809,-274.118,14.100,2,1,1,304.569,2.433,4,0,0.793,4,202.428,2948.210,1.000,0.426,3.697,0.615,0.108,1.350,0.160,0.840,0.815,0.750
924,30.800,10.050,5.385,2.839,-15.423,2,1,1,289.883,2.390,4,0,0.828,4,177.553,3210.354,1.000,0.417,4.159,0.846,0.154,0.549,0.181,0.819,0.751,0.750
927,30.900,2.236,18.028,-7.814,12.643,2,1,1,289.993,2.044,5,1,0.793,4,174.774,3277.039,1.000,0.408,1.847,0.714,0.318,1.527,0.136,0.864,0.710,0.750
930,31.000,11.180,4.123,8.944,-13.905,2,1,1,289.928,1.812,5,0,0.793,4,191.167,3335.577,1.000,0.408,2.464,0.840,0.582,0.094,0.173,0.827,0.679,0.750
933,31.100,4.243,4.123,-6.938,0.000,2,1,1,290.993,1.636,5,0,0.793,3,269.715,4099.945,1.000,0.399,2.236,0.844,0.761,0.657,0.157,0.843,0.598,0.750
936,31.200,1.000,8.944,-3.243,4.821,2,1,1,283.019,1.750,5,0,0.793,3,175.841,4377.828,1.000,0.399,2.165,0.906,0.946,0.031,0.150,0.850,0.618,0.750
939,31.300,2.236,13.038,1.236,4.094,2,1,1,274.046,1.601,5,0,0.793,4,172.743,4531.119,1.000,0.389,2.455,0.887,1.173,0.254,0.148,0.852,0.686,0.750
942,31.400,13.601,5.831,11.365,-7.207,2,1,1,257.391,1.526,5,0,0.793,4,172.285,4580.250,1.000,0.389,2.544,0.702,1.422,0.697,0.126,0.874,0.704,0.750
945,31.500,16.155,8.944,2.554,3.113,2,1,1,267.479,1.731,6,0,0.793,4,176.695,4717.819,1.000,0.389,3.464,0.626,1.691,2.508,0.139,0.861,0.723,0.750
948,31.600,21.095,7.280,4.940,-1.664,2,1,1,274.651,1.711,6,0,0.793,4,195.167,4805.028,1.000,0.389,4.920,0.746,1.690,2.543,0.168,0.832,0.778,0.750
951,31.700,3.162,11.662,-17.933,4.382,2,1,1,287.084,1.779,6,0,0.793,4,163.783,4699.954,1.000,0.389,2.840,0.774,1.509,0.191,0.163,0.837,0.672,0.750
954,31.800,25.632,3.606,22.470,-8.056,2,1,1,311.437,1.545,3,1,0.759,4,47.508,4480.788,1.000,0.379,3.314,0.704,1.394,0.294,0.163,0.837,0.726,0.750
957,31.900,0.000,9.434,0.000,5.828,1,0,1,0.000,1.218,3,0,0.759,2,47.508,4480.788,1.000,0.389,4.132,0.504,1.287,2.352,0.159,0.841,0.560,0.650
960,32.000,0.000,13.454,0.000,4.020,1,0,1,0.000,1.083,3,0,0.759,2,47.508,4480.788,1.000,0.389,3.827,0.576,1.123,0.860,0.171,0.829,0.570,0.580
963,32.100,0.000,4.472,0.000,-8.981,1,0,1,0.000,1.104,4,1,0.724,2,47.508,4480.788,1.000,0.379,3.816,0.705,0.935,0.334,0.163,0.837,0.581,0.750
966,32.200,0.000,5.385,0.000,0.913,1,0,1,0.000,1.308,4,0,0.724,2,47.508,4480.788,1.000,0.389,3.989,0.881,0.781,0.749,0.173,0.827,0.578,0.580
969,32.300,0.000,6.325,0.000,0.939,1,0,1,0.000,1.325,4,0,0.759,2,47.508,4480.788,1.000,0.389,3.515,0.652,0.683,1.177,0.147,0.853,0.587,0.580
972,32.400,342.800,0.000,317.168,0.000,1,1,0,0.000,1.315,4,0,0.759,2,47.508,4480.788,1.000,0.399,2.980,0.637,0.618,1.048,0.133,0.867,0.790,0.500
975,32.500,0.000,9.000,0.000,2.675,1,0,1,0.000,1.261,4,0,0.759,2,47.508,4480.788,1.000,0.399,3.287,0.896,0.461,0.585,0.161,0.839,0.579,0.580
978,32.600,0.000,0.000,0.000,0.000,0,0,0,0.000,0.000,4,0,0.759,0,47.508,4480.788,0.967,0.399,2.437,0.522,0.321,1.916,0.131,0.869,0.310,0.650
981,32.700,443.028,0.000,100.228,0.000,1,1,0,0.000,1.580,5,1,0.724,2,72.139,4708.175,0.967,0.400,3.913,0.449,0.181,0.583,0.128,0.872,0.804,0.750
984,32.800,37.000,143.391,-406.028,134.391,2,1,1,395.925,1.587,5,0,0.724,5,83.361,4381.600,0.967,0.400,4.018,0.190,0.035,0.400,0.124,0.876,0.983,0.650
987,32.900,61.555,52.697,24.555,-90.694,2,1,1,309.982,1.553,5,0,0.759,5,34.205,2938.714,0.967,0.391,4.474,0.675,0.383,0.488,0.145,0.855,0.961,0.450
990,33.000,5.657,16.763,-55.898,-35.934,2,1,1,304.016,1.514,5,0,0.759,5,17.029,2385.454,0.967,0.391,2.090,0.677,1.585,0.148,0.111,0.889,0.744,0.700
993,33.100,2.236,4.123,-3.421,-12.640,2,1,1,305.984,1.744,5,0,0.759,5,91.181,2220.338,0.967,0.381,1.290,0.851,1.547,0.061,0.106,0.894,0.642,0.700
996,33.200,10.050,12.530,7.814,8.407,2,1,1,301.251,1.884,5,0,0.793,5,22.472,1971.259,0.967,0.381,2.588,0.631,0.752,1.603,0.101,0.899,0.736,0.580
999,33.300,5.099,1.000,-4.951,-11.530,2,1,1,300.361,1.811,4,1,0.759,4,0.000,1611.579,0.967,0.381,1.625,0.527,0.676,0.397,0.083,0.917,0.678,0.750
1002,33.400,2.000,18.439,-3.099,17.439,2,1,1,299.822,1.750,4,0,0.793,4,53.666,1639.174,0.967,0.381,2.173,0.718,0.456,2.715,0.107,0.893,0.753,0.580
1005,33.500,12.207,20.616,10.207,2.176,2,1,1,319.144,1.572,4,0,0.828,4,0.000,1793.487,0.967,0.381,3.005,0.652,0.126,0.055,0.100,0.900,0.790,0.580
1008,33.600,30.480,6.083,18.273,-14.533,2,1,1,343.594,1.493,5,1,0.793,5,0.000,1642.874,0.967,0.381,4.165,0.772,0.084,0.250,0.152,0.848,0.865,0.750
1011,33.700,0.000,365.821,0.000,2.248,2,0,1,365.821,1.896,5,0,0.793,5,0.000,1178.770,0.967,0.371,4.045,0.629,0.179,0.262,0.137,0.863,0.953,0.500
1014,33.800,81.271,34.205,50.792,-331.616,2,1,1,439.056,1.681,5,0,0.828,5,293.777,2459.539,0.967,0.350,5.502,0.534,0.194,1.381,0.111,0.889,0.996,0.750
1017,33.900,0.000,468.633,0.000,14.606,2,0,1,468.633,2.006,3,1,0.793,4,86.163,2877.004,0.967,0.339,3.574,0.418,0.005,0.366,0.092,0.908,0.856,0.750
1020,34.000,0.000,499.730,0.000,9.169,2,0,1,499.730,2.497,3,0,0.793,4,95.818,3260.565,0.967,0.336,2.623,0.483,0.041,0.399,0.116,0.884,0.828,0.532
1023,34.100,51.624,33.734,-29.648,-465.996,2,1,1,507.142,2.418,3,0,0.793,4,101.843,3615.639,0.967,0.347,3.847,0.826,0.174,1.925,0.127,0.873,0.834,0.566
1026,34.200,27.785,0.000,-23.839,0.000,1,1,0,0.000,0.984,3,0,0.793,2,110.368,3848.319,0.967,0.347,3.225,0.642,0.068,0.088,0.092,0.908,0.626,0.650
1029,34.300,14.318,0.000,-13.467,0.000,1,1,0,0.000,0.729,3,0,0.793,2,117.004,4090.944,0.967,0.358,2.414,0.753,0.314,0.046,0.133,0.867,0.523,0.650
1032,34.400,18.788,0.000,4.470,0.000,1,1,0,0.000,0.914,3,0,0.793,2,123.369,4156.039,0.967,0.358,1.532,0.229,0.663,1.816,0.094,0.906,0.563,0.685
1035,34.500,37.202,0.000,18.414,0.000,1,1,0,0.000,0.914,4,1,0.759,2,103.740,4126.210,0.967,0.369,2.783,0.710,1.206,1.915,0.122,0.878,0.733,0.750
1038,34.600,52.240,0.000,15.038,0.000,1,1,0,0.000,0.708,4,0,0.759,2,105.475,3937.414,0.967,0.379,6.055,0.582,0.832,0.167,0.165,0.835,0.867,0.586
1041,34.700,48.260,0.000,-3.980,0.000,1,1,0,0.000,0.829,4,0,0.793,2,112.898,3806.337,0.967,0.379,4.666,0.445,0.061,1.493,0.131,0.869,0.841,0.627
1044,34.800,12.042,0.000,-36.218,0.000,1,1,0,0.000,1.075,4,1,0.759,2,0.000,1689.319,0.967,0.389,7.517,0.782,0.123,2.282,0.177,0.823,0.706,0.750
1047,34.900,25.080,0.000,13.038,0.000,1,1,0,0.000,1.291,4,0,0.759,2,63.953,1835.529,0.967,0.389,4.867,0.303,0.642,1.439,0.101,0.899,0.746,0.580
1050,35.000,13.601,0.000,-11.478,0.000,1,1,0,0.000,1.391,4,0,0.793,2,22.023,1857.769,0.967,0.399,3.277,0.717,0.971,1.095,0.148,0.852,0.613,0.580
1053,35.100,22.023,0.000,8.421,0.000,1,1,0,0.000,1.387,4,0,0.793,2,0.000,1806.984,0.967,0.408,2.068,0.537,1.073,1.312,0.096,0.904,0.642,0.580
1056,35.200,34.828,0.000,12.805,0.000,1,1,0,0.000,1.386,4,0,0.793,2,160.705,2229.858,0.967,0.408,2.323,0.816,0.874,1.962,0.131,0.869,0.700,0.750
1059,35.300,53.151,0.000,18.323,0.000,1,1,0,0.000,1.242,4,0,0.793,2,87.235,2100.578,0.967,0.417,3.049,0.507,0.746,1.459,0.119,0.881,0.797,0.550
1062,35.400,57.489,0.000,4.338,0.000,1,1,0,0.000,1.213,4,0,0.793,2,87.092,2127.144,0.967,0.417,2.198,0.551,0.367,0.378,0.102,0.898,0.772,0.350
1065,35.500,45.891,0.000,-11.598,0.000,1,1,0,0.000,1.083,4,0,0.793,2,60.166,2073.314,0.967,0.426,1.666,0.120,0.250,1.399,0.068,0.932,0.789,0.550
1068,35.600,33.302,0.000,-12.590,0.000,1,1,0,0.000,0.888,4,0,0.828,2,56.089,2096.498,1.000,0.426,2.382,0.846,0.231,1.861,0.116,0.884,0.695,0.550
1071,35.700,27.857,0.000,-5.445,0.000,1,1,0,0.000,0.711,4,0,0.828,2,85.376,2049.349,1.000,0.435,1.679,0.755,0.064,0.990,0.093,0.907,0.654,0.000
1074,35.800,13.153,0.000,-14.704,0.000,1,1,0,0.000,0.475,4,0,0.828,2,0.000,2100.019,1.000,0.435,1.530,0.752,0.014,0.344,0.113,0.887,0.569,0.580
1077,35.900,13.153,0.000,0.000,0.000,1,1,0,0.000,0.702,4,0,0.828,2,0.000,1974.149,1.000,0.444,1.930,0.510,0.057,0.873,0.112,0.888,0.596,0.580
1080,36.000,456.580,0.000,439.087,0.000,2,1,0,456.580,0.819,5,1,0.793,5,72.801,4607.068,1.000,0.444,3.460,0.720,0.255,0.703,0.152,0.848,0.936,0.750
1083,36.100,468.984,20.248,12.404,-13.486,2,1,1,493.883,2.384,5,0,0.793,5,172.261,6695.619,1.000,0.444,3.125,0.495,0.259,0.106,0.129,0.871,0.943,0.750
1086,36.200,17.804,88.769,-451.180,68.521,2,0,1,460.027,2.292,5,0,0.828,5,22.361,6973.844,1.000,0.444,3.747,0.560,0.182,0.787,0.124,0.876,0.954,0.550
1089,36.300,16.155,59.540,-1.649,-29.229,2,0,1,424.647,2.309,4,1,0.793,5,67.956,6387.549,1.000,0.435,3.492,0.361,0.334,2.916,0.098,0.902,0.962,0.750
1092,36.400,14.866,20.100,-1.289,-39.440,2,0,1,418.151,1.980,4,0,0.793,5,132.883,6253.234,1.000,0.435,3.893,0.719,0.704,1.769,0.143,0.857,0.809,0.738
1095,36.500,4.243,15.811,-10.623,-4.288,2,0,1,410.319,1.653,4,0,0.828,5,53.254,6472.517,1.000,0.417,1.525,0.537,0.888,0.712,0.081,0.919,0.738,0.580
1098,36.600,38.288,27.857,34.046,12.045,2,0,1,360.760,1.290,4,0,0.828,5,26.907,6017.668,1.000,0.408,2.421,0.543,0.984,0.184,0.100,0.900,0.885,0.450
1101,36.700,0.000,341.475,0.000,-3.698,2,0,1,341.475,1.234,4,0,0.828,5,53.339,3943.137,1.000,0.389,3.493,0.900,0.833,0.601,0.147,0.853,0.924,0.350
1104,36.800,34.525,13.416,-3.763,-328.058,2,0,1,323.241,1.361,4,0,0.862,5,46.011,3016.869,1.000,0.379,2.957,0.670,0.690,0.394,0.133,0.867,0.869,0.450
1107,36.900,0.000,7.280,0.000,-6.136,1,0,1,0.000,1.431,7,1,0.828,4,36.770,2667.919,1.000,0.369,3.741,0.742,0.616,0.444,0.119,0.881,0.605,0.750
1110,37.000,0.000,6.083,0.000,-1.197,1,0,1,0.000,1.506,7,0,0.828,4,27.514,2467.769,1.000,0.358,3.164,0.786,0.479,0.740,0.132,0.868,0.581,0.580
1113,37.100,0.000,10.817,0.000,4.734,1,0,1,0.000,1.529,7,0,0.828,4,23.770,1802.105,1.000,0.347,1.384,0.438,0.364,0.820,0.095,0.905,0.587,0.580
1116,37.200,0.000,9.220,0.000,-1.597,1,0,1,0.000,1.567,6,0,0.828,5,4.123,1607.219,1.000,0.336,1.521,0.177,0.341,0.735,0.087,0.913,0.647,0.580
1119,37.300,0.000,9.487,0.000,0.267,1,0,1,0.000,1.550,6,0,0.828,5,80.604,1733.967,1.000,0.336,2.000,0.656,0.277,0.452,0.092,0.908,0.627,0.580
1122,37.400,0.000,42.450,0.000,32.963,1,0,1,0.000,1.476,6,0,0.862,5,88.752,1765.739,1.000,0.336,2.835,0.630,0.219,0.092,0.104,0.896,0.833,0.450
1125,37.500,0.000,26.249,0.000,-16.201,1,0,1,0.000,1.147,3,1,0.828,2,85.094,2071.347,1.000,0.347,3.366,0.737,0.202,0.282,0.120,0.880,0.618,0.750
1128,37.600,0.000,41.869,0.000,15.620,1,0,1,0.000,1.001,3,0,0.828,2,0.000,2132.138,1.000,0.347,2.875,0.637,0.232,1.308,0.114,0.886,0.700,0.550
1131,37.700,431.419,35.468,396.893,-6.401,2,0,1,29.614,1.110,3,0,0.862,4,0.000,1196.869,1.000,0.347,4.305,0.481,0.143,0.154,0.135,0.865,0.874,0.650
1134,37.800,72.339,0.000,-359.079,0.000,1,1,0,0.000,0.998,3,0,0.862,2,0.000,1028.100,1.000,0.358,6.246,0.690,0.082,1.184,0.173,0.827,0.798,0.650
1137,37.900,0.000,82.861,0.000,47.393,1,0,1,0.000,0.561,3,0,0.862,2,48.374,891.509,1.000,0.369,5.763,0.626,0.359,1.010,0.171,0.829,0.790,0.500
1140,38.000,0.000,26.683,0.000,-56.178,1,0,1,0.000,0.518,3,0,0.862,2,58.694,863.819,1.000,0.369,5.907,0.535,0.659,0.524,0.126,0.874,0.698,0.580
1143,38.100,0.000,22.472,0.000,-4.211,1,0,1,0.000,0.460,4,1,0.828,3,138.311,1031.278,1.000,0.379,5.676,0.427,1.137,0.527,0.130,0.870,0.792,0.750
1146,38.200,0.000,0.000,0.000,0.000,0,0,0,0.000,0.000,4,0,0.828,0,138.311,1031.278,0.967,0.379,5.155,0.245,1.389,0.346,0.112,0.888,0.398,0.750
1149,38.300,0.000,417.767,0.000,377.319,2,0,1,417.767,0.869,4,0,0.828,5,0.000,1252.518,0.967,0.371,5.570,0.526,1.380,0.095,0.148,0.852,0.998,0.650
1152,38.400,0.000,408.960,0.000,-15.645,2,0,1,408.960,1.379,5,1,0.793,6,154.871,1482.424,0.967,0.360,2.954,0.697,1.601,0.022,0.132,0.868,0.921,0.750
1155,38.500,356.877,409.585,284.537,0.626,2,1,1,417.229,1.708,5,0,0.793,6,0.000,2032.295,0.967,0.360,2.680,0.482,1.358,0.775,0.113,0.887,0.929,0.500
1158,38.600,7.071,10.440,-349.806,-399.145,2,1,1,409.674,1.921,5,0,0.793,6,43.463,2649.209,0.967,0.360,2.355,0.252,1.270,0.272,0.107,0.893,0.745,0.580
1161,38.700,11.402,13.416,4.331,2.976,2,1,1,406.341,2.005,4,1,0.759,5,34.986,3065.675,0.967,0.350,2.304,0.347,1.316,0.409,0.126,0.874,0.754,0.750
1164,38.800,21.932,20.248,10.530,6.832,2,1,1,386.028,2.146,4,0,0.759,5,0.000,2889.094,0.967,0.350,3.954,0.248,1.365,0.792,0.132,0.868,0.849,0.580
1167,38.900,13.342,22.672,-8.590,2.423,2,1,1,392.747,2.253,4,0,0.793,5,0.000,2259.554,0.967,0.350,4.098,0.436,1.534,1.339,0.139,0.861,0.844,0.700
1170,39.000,16.155,25.080,2.814,2.408,2,1,1,403.609,2.022,4,0,0.793,5,0.000,1760.444,0.967,0.350,3.758,0.518,1.618,0.549,0.145,0.855,0.843,0.700
1173,39.100,0.000,463.036,0.000,424.435,2,0,1,463.036,1.616,4,0,0.793,5,37.855,1643.797,0.967,0.339,3.973,0.626,1.665,0.376,0.123,0.877,0.952,0.700
1176,39.200,37.656,478.940,21.501,15.905,2,1,1,459.001,1.610,4,0,0.828,5,81.000,1336.850,0.967,0.327,4.607,0.449,1.779,1.065,0.130,0.870,0.980,0.700
1179,39.300,13.038,22.472,-24.618,-456.468,2,1,1,489.409,1.467,3,1,0.793,4,59.464,1076.950,0.967,0.315,5.000,0.283,1.658,0.775,0.128,0.872,0.776,0.750
1182,39.400,41.785,0.000,28.747,0.000,1,1,0,0.000,1.085,3,0,0.793,2,34.438,1047.087,0.967,0.327,7.435,0.041,0.986,1.145,0.142,0.858,0.851,0.650
1185,39.500,63.388,0.000,21.603,0.000,1,1,0,0.000,0.883,3,0,0.793,2,34.438,1047.087,0.967,0.336,5.488,0.377,0.859,0.732,0.174,0.826,0.797,0.000
1188,39.600,70.491,0.000,7.103,0.000,1,1,0,0.000,0.807,5,1,0.759,2,34.438,1047.087,0.967,0.347,4.298,0.136,0.593,0.601,0.116,0.884,0.836,0.750
1191,39.700,41.146,0.000,-29.345,0.000,1,1,0,0.000,0.964,5,0,0.759,2,34.438,1047.087,0.967,0.347,4.174,0.563,0.365,0.254,0.148,0.852,0.782,0.450
1194,39.800,19.313,0.000,-21.833,0.000,1,1,0,0.000,0.942,5,0,0.793,2,34.438,1047.087,0.967,0.358,4.136,0.718,0.243,1.260,0.117,0.883,0.648,0.580
1197,39.900,112.805,0.000,99.204,0.000,2,1,0,112.805,0.950,5,1,0.759,6,0.000,1701.710,0.967,0.358,3.440,0.806,0.070,0.505,0.118,0.882,0.926,0.750
1200,40.000,0.000,0.000,0.000,0.000,0,0,0,0.000,0.000,5,0,0.759,0,0.000,1701.710,0.933,0.358,1.359,0.749,0.121,0.461,0.076,0.924,0.264,0.650
1203,40.100,0.000,0.000,0.000,0.000,0,0,0,0.000,0.000,5,0,0.759,0,0.000,1701.710,0.900,0.358,2.446,0.742,0.086,0.072,0.110,0.890,0.287,0.580
1206,40.200,0.000,52.154,0.000,29.681,1,0,1,0.000,1.373,4,0,0.759,2,361.021,3665.437,0.900,0.342,4.344,0.773,0.053,0.224,0.144,0.856,0.803,0.750
1209,40.300,0.000,60.828,0.000,8.674,1,0,1,0.000,1.417,4,0,0.759,3,81.688,6260.284,0.900,0.342,2.820,0.772,0.112,2.367,0.142,0.858,0.809,0.550
1212,40.400,0.000,128.016,0.000,67.188,1,0,1,0.000,1.295,4,0,0.793,3,35.805,6196.174,0.900,0.353,3.156,0.359,0.027,1.092,0.099,0.901,0.847,0.450
1215,40.500,0.000,59.135,0.000,-68.880,1,0,1,0.000,1.148,5,0,0.793,4,0.000,6130.589,0.900,0.353,3.732,0.799,0.136,1.810,0.147,0.853,0.839,0.550
1218,40.600,0.000,34.713,0.000,-24.422,1,0,1,0.000,1.232,5,0,0.793,4,0.000,5808.349,0.900,0.353,5.519,0.926,0.158,0.006,0.150,0.850,0.818,0.350
1221,40.700,0.000,20.616,0.000,-14.098,1,0,1,0.000,0.933,5,0,0.793,4,0.000,5723.798,0.900,0.353,2.058,0.877,0.140,0.222,0.087,0.913,0.657,0.580
1224,40.800,0.000,29.000,0.000,8.384,1,0,1,0.000,0.796,3,1,0.759,2,90.355,5828.528,0.900,0.363,3.407,0.897,0.286,0.023,0.098,0.902,0.611,0.750
1227,40.900,0.000,31.623,0.000,2.623,1,0,1,0.000,0.738,3,0,0.759,2,79.310,5739.207,0.900,0.373,3.270,0.524,0.325,0.417,0.084,0.916,0.649,0.580
1230,41.000,0.000,41.677,0.000,10.055,1,0,1,0.000,0.943,3,0,0.793,2,67.209,4994.504,0.900,0.373,1.751,0.121,0.556,0.562,0.076,0.924,0.695,0.350
1233,41.100,0.000,32.388,0.000,-9.289,1,0,1,0.000,0.763,5,1,0.759,4,121.495,4283.037,0.900,0.373,2.709,0.654,0.726,2.013,0.095,0.905,0.754,0.750
1236,41.200,0.000,18.385,0.000,-14.003,1,0,1,0.000,0.699,5,0,0.759,4,124.338,1581.934,0.933,0.382,2.926,0.612,0.762,0.090,0.105,0.895,0.688,0.691
1239,41.300,0.000,9.220,0.000,-9.165,1,0,1,0.000,0.729,5,0,0.793,4,128.860,1981.918,0.933,0.382,1.403,0.730,0.789,2.110,0.101,0.899,0.591,0.716
1242,41.400,0.000,2.000,0.000,-7.220,1,0,1,0.000,0.934,3,1,0.759,2,34.525,1877.587,0.933,0.382,1.238,0.884,0.891,0.045,0.095,0.905,0.412,0.750
1245,41.500,0.000,3.606,0.000,1.606,1,0,1,0.000,1.016,3,0,0.759,2,31.575,1665.558,0.933,0.392,1.127,0.828,1.052,0.153,0.091,0.909,0.422,0.580
1248,41.600,0.000,7.616,0.000,4.010,1,0,1,0.000,0.892,3,0,0.793,2,131.939,1672.937,0.933,0.392,1.801,0.700,0.894,0.050,0.102,0.898,0.470,0.733
1251,41.700,0.000,22.204,0.000,14.588,1,0,1,0.000,0.907,3,0,0.793,2,122.188,1699.580,0.933,0.392,3.073,0.723,0.935,3.052,0.117,0.883,0.582,0.679
1254,41.800,0.000,13.000,0.000,-9.204,1,0,1,0.000,0.733,3,0,0.793,2,127.424,1760.664,0.933,0.392,2.532,0.662,1.163,0.818,0.097,0.903,0.521,0.708
1257,41.900,0.000,16.125,0.000,3.125,1,0,1,0.000,0.849,3,0,0.793,2,151.327,1907.789,0.933,0.392,3.306,0.706,1.084,0.957,0.089,0.911,0.555,0.750
1260,42.000,0.000,19.026,0.000,2.902,1,0,1,0.000,0.828,5,1,0.759,4,207.162,2522.045,0.933,0.382,2.872,0.677,1.014,0.098,0.091,0.909,0.686,0.750
1263,42.100,0.000,3.000,0.000,-16.026,1,0,1,0.000,0.978,5,0,0.759,4,198.436,2805.747,0.933,0.392,1.455,0.687,1.054,0.325,0.079,0.921,0.561,0.750
1266,42.200,0.000,14.036,0.000,11.036,1,0,1,0.000,1.058,5,0,0.793,4,0.000,3283.107,0.933,0.408,0.770,0.728,1.283,1.773,0.065,0.935,0.602,0.580
1269,42.300,0.000,8.246,0.000,-5.789,1,0,1,0.000,1.306,5,0,0.793,4,207.663,3454.519,0.933,0.408,1.097,0.559,1.154,0.182,0.078,0.922,0.590,0.750
1272,42.400,0.000,60.836,0.000,52.590,1,0,1,0.000,1.207,5,0,0.793,4,187.673,3940.698,0.933,0.408,4.034,0.405,1.204,1.807,0.081,0.919,0.879,0.750
1275,42.500,0.000,109.659,0.000,48.823,1,0,1,0.000,1.181,5,0,0.828,4,0.000,6026.079,0.933,0.408,4.645,0.599,1.289,1.327,0.174,0.826,0.880,0.550
1278,42.600,0.000,0.000,0.000,0.000,0,0,0,0.000,0.000,4,1,0.793,0,0.000,6026.079,0.900,0.408,2.082,0.738,0.924,0.085,0.126,0.874,0.278,0.750
1281,42.700,0.000,0.000,0.000,0.000,0,0,0,0.000,0.000,4,0,0.793,0,0.000,6026.079,0.867,0.408,1.939,0.739,0.883,2.246,0.129,0.871,0.271,0.580
1284,42.800,0.000,0.000,0.000,0.000,0,0,0,0.000,0.000,4,0,0.828,0,0.000,6026.079,0.833,0.408,3.014,0.577,0.892,2.222,0.112,0.888,0.305,0.580
1287,42.900,0.000,0.000,0.000,0.000,0,0,0,0.000,0.000,5,1,0.793,0,0.000,6026.079,0.800,0.408,2.623,0.920,0.582,2.670,0.140,0.860,0.267,0.750
1290,43.000,0.000,0.000,0.000,0.000,0,0,0,0.000,0.000,5,0,0.793,0,0.000,6026.079,0.800,0.408,1.974,0.946,0.336,0.331,0.130,0.870,0.249,0.580
1293,43.100,0.000,0.000,0.000,0.000,0,0,0,0.000,0.000,5,0,0.793,0,0.000,6026.079,0.800,0.408,1.603,0.880,0.268,0.919,0.118,0.882,0.244,0.580
1296,43.200,0.000,0.000,0.000,0.000,0,0,0,0.000,0.000,6,1,0.759,0,0.000,6026.079,0.767,0.408,3.062,0.691,0.238,0.223,0.134,0.866,0.290,0.750
1299,43.300,0.000,46.174,0.000,-63.485,1,0,1,0.000,1.173,6,0,0.759,4,0.000,8755.804,0.767,0.287,4.735,0.934,0.178,1.686,0.169,0.831,0.815,0.650
1302,43.400,0.000,0.000,0.000,0.000,0,0,0,0.000,0.000,6,0,0.759,0,0.000,8755.804,0.733,0.287,3.051,0.730,0.029,2.574,0.111,0.889,0.283,0.650
1305,43.500,0.000,225.180,0.000,179.006,1,0,1,0.000,1.370,5,1,0.724,3,0.000,9049.159,0.733,0.292,3.962,0.746,0.053,0.109,0.145,0.855,0.793,0.750
1308,43.600,0.000,24.021,0.000,-201.159,1,0,1,0.000,1.371,5,0,0.724,3,54.424,9401.200,0.733,0.284,3.425,0.901,0.065,0.031,0.145,0.855,0.652,0.580
1311,43.700,0.000,17.205,0.000,-6.816,1,0,1,0.000,1.253,5,0,0.759,3,0.000,9292.525,0.733,0.284,2.688,0.896,0.599,0.140,0.124,0.876,0.596,0.580
1314,43.800,0.000,10.440,0.000,-6.764,1,0,1,0.000,0.911,3,1,0.724,2,18.028,9157.229,0.733,0.292,0.775,0.354,0.781,0.067,0.062,0.938,0.461,0.750
1317,43.900,0.000,4.123,0.000,-6.317,1,0,1,0.000,0.742,3,0,0.724,2,5.099,8768.737,0.733,0.292,1.174,0.554,0.949,0.472,0.087,0.913,0.421,0.580
1320,44.000,0.000,5.099,0.000,0.976,1,0,1,0.000,0.920,3,0,0.759,1,4.123,8623.669,0.733,0.299,1.150,0.809,0.608,0.609,0.085,0.915,0.348,0.580
1323,44.100,0.000,19.235,0.000,14.136,1,0,1,0.000,0.956,4,1,0.724,3,22.847,8465.514,0.733,0.299,2.377,0.899,0.134,0.284,0.106,0.894,0.626,0.750
1326,44.200,0.000,32.202,0.000,12.967,1,0,1,0.000,0.991,4,0,0.724,3,0.000,7821.284,0.733,0.299,2.511,0.495,0.189,0.249,0.105,0.895,0.730,0.350
1329,44.300,0.000,46.011,0.000,13.808,1,0,1,0.000,0.645,4,0,0.759,3,0.000,7358.729,0.733,0.299,3.981,0.101,0.284,0.677,0.114,0.886,0.865,0.000
1332,44.400,0.000,395.383,0.000,374.288,2,0,1,395.383,1.015,3,1,0.724,4,146.086,6466.460,0.733,0.292,4.662,0.718,0.247,1.023,0.164,0.836,0.834,0.750
1335,44.500,102.786,432.057,-10.019,36.673,2,1,1,425.192,1.360,3,0,0.724,4,0.000,3558.300,0.733,0.284,3.147,0.330,0.296,0.850,0.095,0.905,0.824,0.500
1338,44.600,59.034,0.000,-43.752,0.000,1,1,0,0.000,1.109,3,0,0.724,2,0.000,1025.257,0.733,0.284,6.403,0.496,0.332,1.536,0.123,0.877,0.783,0.650
1341,44.700,0.000,411.238,0.000,92.450,2,0,1,411.238,1.719,4,1,0.690,4,60.415,1044.138,0.733,0.284,4.097,0.587,0.652,0.012,0.158,0.842,0.929,0.750
1344,44.800,0.000,364.232,0.000,-1.780,2,0,1,364.232,2.392,4,0,0.690,4,57.983,1025.090,0.733,0.284,3.831,0.710,0.720,2.405,0.153,0.847,0.914,0.550
1347,44.900,101.833,3.606,42.799,-360.627,2,1,1,358.096,2.694,4,0,0.724,4,53.413,1000.607,0.733,0.284,3.431,0.836,0.455,0.369,0.148,0.852,0.895,0.500
1350,45.000,12.207,12.042,-89.627,8.436,2,1,1,336.721,2.617,3,1,0.690,4,54.708,1000.727,0.733,0.284,1.922,0.765,0.494,2.073,0.102,0.898,0.580,0.750
1353,45.100,13.601,3.162,1.395,-8.879,2,1,1,322.902,2.471,3,0,0.690,3,5.000,1001.344,0.733,0.284,1.008,0.625,0.303,0.227,0.066,0.934,0.575,0.580
1356,45.200,4.000,6.000,-9.601,2.838,2,1,1,320.914,2.241,3,0,0.690,4,8.944,991.929,0.733,0.391,1.213,0.844,0.064,0.243,0.080,0.920,0.523,0.580
1359,45.300,4.472,1.000,0.472,-5.000,2,1,1,326.106,2.248,4,1,0.655,4,275.327,2925.839,0.733,0.399,0.974,0.805,0.143,1.911,0.072,0.928,0.611,0.750
1362,45.400,23.601,7.810,19.129,6.810,2,1,1,353.464,1.957,4,0,0.655,5,174.951,4361.938,0.733,0.399,1.567,0.670,0.106,0.076,0.094,0.906,0.741,0.750
1365,45.500,20.000,4.472,-3.601,-3.338,2,1,1,363.919,1.817,4,0,0.690,5,288.293,5594.358,0.733,0.389,2.643,0.734,0.090,0.335,0.133,0.867,0.744,0.750
1368,45.600,18.974,29.411,-1.026,24.939,2,1,1,361.643,1.447,4,1,0.655,5,127.252,5523.355,0.767,0.369,3.077,0.617,0.407,1.652,0.133,0.867,0.819,0.750
1371,45.700,37.014,16.279,18.040,-13.132,2,1,1,345.811,1.159,4,0,0.655,5,0.000,5428.388,0.800,0.358,4.674,0.568,0.434,1.222,0.127,0.873,0.909,0.350
1374,45.800,10.770,12.728,-26.243,-3.551,2,1,1,358.588,1.266,4,0,0.690,5,0.000,5097.655,0.833,0.358,2.641,0.529,0.540,0.714,0.092,0.908,0.730,0.580
1377,45.900,13.153,4.123,2.383,-8.605,2,1,1,349.533,1.231,3,1,0.655,4,59.228,3955.789,0.867,0.358,1.168,0.291,0.374,1.118,0.065,0.935,0.616,0.750
1380,46.000,26.926,27.166,13.773,23.043,2,1,1,392.922,1.159,3,0,0.655,4,0.000,2818.279,0.900,0.347,5.602,0.512,0.036,1.686,0.142,0.858,0.793,0.550
1383,46.100,38.079,27.659,11.153,0.492,2,1,1,431.297,1.119,3,0,0.690,4,0.000,2863.019,0.933,0.347,4.338,0.384,0.108,1.035,0.117,0.883,0.835,0.350
1386,46.200,44.294,23.022,6.216,-4.637,2,1,1,412.244,1.406,4,1,0.655,5,60.308,1365.324,0.967,0.347,1.958,0.287,0.226,0.678,0.087,0.913,0.921,0.750
1389,46.300,39.205,7.000,-5.090,-16.022,2,1,1,371.652,1.267,4,0,0.655,5,67.000,1238.549,0.967,0.347,2.079,0.781,0.367,0.596,0.126,0.874,0.861,0.350
1392,46.400,5.000,12.649,-34.205,5.649,2,1,1,371.981,1.229,4,0,0.690,5,80.753,1321.977,1.000,0.336,2.103,0.767,0.418,1.445,0.125,0.875,0.719,0.580
1395,46.500,22.825,3.162,17.825,-9.487,2,1,1,353.306,1.176,3,1,0.655,4,50.961,1299.894,1.000,0.336,1.469,0.074,0.498,1.946,0.092,0.908,0.708,0.750
1398,46.600,2.000,2.236,-20.825,-0.926,2,1,1,350.009,1.280,3,0,0.655,3,2.000,1361.299,1.000,0.347,1.011,0.440,0.419,0.366,0.078,0.922,0.557,0.580
1401,46.700,7.280,5.000,5.280,2.764,2,1,1,355.283,1.547,3,0,0.690,3,7.280,1411.310,1.000,0.347,1.219,0.773,0.291,1.959,0.098,0.902,0.567,0.580
1404,46.800,9.220,1.000,1.939,-4.000,2,1,1,360.081,1.779,4,1,0.655,4,9.220,1330.519,1.000,0.347,0.817,0.703,0.218,0.583,0.066,0.934,0.672,0.750
1407,46.900,5.385,3.606,-3.834,2.606,2,1,1,363.794,2.024,4,0,0.655,4,0.000,1150.194,1.000,0.347,0.932,0.338,0.236,0.904,0.073,0.927,0.680,0.580
1410,47.000,6.708,5.000,1.323,1.394,2,1,1,357.239,2.280,4,0,0.690,4,6.708,1179.889,1.000,0.358,0.791,0.666,0.284,2.137,0.054,0.946,0.660,0.580
1413,47.100,5.000,4.472,-1.708,-0.528,2,1,1,356.523,2.263,5,1,0.655,5,99.358,702.914,1.000,0.358,0.986,0.909,0.448,1.175,0.078,0.922,0.639,0.750
1416,47.200,6.403,2.236,1.403,-2.236,2,1,1,349.178,2.303,5,0,0.655,5,6.403,697.620,1.000,0.358,1.045,0.714,0.577,1.149,0.062,0.938,0.662,0.580
1419,47.300,19.698,2.000,13.295,-0.236,2,1,1,368.436,2.361,5,0,0.690,6,0.000,2772.089,1.000,0.347,1.550,0.474,0.810,1.160,0.086,0.914,0.765,0.350
1422,47.400,33.941,4.472,14.243,2.472,2,1,1,392.868,2.205,4,1,0.655,5,184.090,3556.069,1.000,0.347,2.701,0.742,0.807,2.526,0.141,0.859,0.854,0.750
1425,47.500,20.881,9.849,-13.061,5.377,2,1,1,405.800,1.876,4,0,0.655,5,232.820,4281.427,1.000,0.347,2.008,0.640,0.585,0.717,0.113,0.887,0.771,0.750
1428,47.600,31.953,5.099,11.072,-4.750,2,1,1,405.765,1.676,4,0,0.690,5,213.862,4785.509,1.000,0.347,2.422,0.590,0.773,1.720,0.128,0.872,0.847,0.750
1431,47.700,25.612,16.553,-6.341,11.454,2,1,1,371.652,1.390,3,1,0.655,4,0.000,4574.517,1.000,0.347,3.583,0.768,0.886,0.258,0.142,0.858,0.728,0.750
1434,47.800,10.440,7.810,-15.172,-8.743,2,1,1,356.439,1.157,3,0,0.655,4,0.000,4304.449,1.000,0.347,3.397,0.791,0.725,0.005,0.127,0.873,0.638,0.350
1437,47.900,4.123,10.050,-6.317,2.240,2,1,1,352.632,1.024,3,0,0.690,4,0.000,4140.719,1.000,0.347,2.385,0.340,0.592,0.863,0.095,0.905,0.642,0.480
1440,48.000,14.142,8.062,10.019,-1.988,2,1,1,361.248,1.184,3,0,0.690,4,0.000,3999.759,1.000,0.347,1.766,0.413,0.521,0.426,0.079,0.921,0.644,0.350
1443,48.100,12.000,14.560,-2.142,6.498,2,1,1,357.435,1.008,3,0,0.690,4,93.408,3653.844,1.000,0.347,3.396,0.478,0.478,0.268,0.085,0.915,0.682,0.519
1446,48.200,21.095,18.248,9.095,3.688,2,1,1,346.413,1.060,3,0,0.724,4,102.083,3253.090,1.000,0.347,3.306,0.485,0.363,0.151,0.087,0.913,0.716,0.567
1449,48.300,9.055,6.403,-12.040,-11.845,2,1,1,333.204,1.081,3,0,0.724,4,107.912,2567.580,1.000,0.347,2.341,0.453,0.263,0.063,0.083,0.917,0.627,0.600
1452,48.400,10.296,14.000,1.240,7.597,2,1,1,340.472,1.284,3,0,0.724,4,193.210,2239.808,1.000,0.347,1.258,0.405,0.180,1.048,0.069,0.931,0.631,0.750
1455,48.500,20.025,12.369,9.729,-1.631,2,1,1,350.464,1.284,3,0,0.759,4,0.000,2396.828,1.000,0.347,3.036,0.493,0.131,0.942,0.081,0.919,0.703,0.350
1458,48.600,22.023,6.708,1.998,-5.661,2,1,1,378.038,1.257,3,0,0.759,4,0.000,1606.750,1.000,0.347,2.501,0.369,0.059,0.049,0.076,0.924,0.709,0.350
1461,48.700,16.763,5.000,-5.260,-1.708,2,1,1,398.132,1.026,3,0,0.759,4,0.000,1863.567,1.000,0.358,1.665,0.176,0.219,0.290,0.077,0.923,0.672,0.350
1464,48.800,15.264,4.472,-1.499,-0.528,2,1,1,414.483,0.889,3,0,0.793,4,127.283,2187.944,1.000,0.358,1.145,0.245,0.454,0.872,0.071,0.929,0.646,0.707
1467,48.900,9.220,1.000,-6.045,-3.472,2,1,1,416.120,0.971,6,1,0.759,5,0.000,6022.624,1.000,0.358,0.912,0.409,0.493,0.931,0.062,0.938,0.665,0.750
1470,49.000,8.944,1.414,-0.275,0.414,2,1,1,411.011,0.977,6,0,0.759,5,0.000,8926.708,1.000,0.358,1.283,0.642,0.325,0.095,0.058,0.942,0.657,0.350
1473,49.100,18.028,3.000,9.083,1.586,2,1,1,390.005,0.942,6,0,0.793,5,0.000,10943.219,1.000,0.358,1.403,0.270,0.691,0.442,0.053,0.947,0.736,0.350
1476,49.200,8.062,2.236,-9.965,-0.764,2,1,1,385.064,0.846,6,0,0.793,5,0.000,12029.500,1.000,0.347,1.620,0.452,1.130,0.291,0.059,0.941,0.674,0.000
1479,49.300,11.180,2.000,3.118,-0.236,2,1,1,375.133,1.077,6,0,0.793,6,0.000,11152.059,1.000,0.347,1.920,0.421,0.566,0.497,0.066,0.934,0.731,0.350
1482,49.400,10.000,4.123,-1.180,2.123,2,1,1,370.049,1.411,6,0,0.828,6,0.000,11567.324,1.000,0.336,1.120,0.447,0.290,1.677,0.059,0.941,0.702,0.550
1485,49.500,4.123,3.606,-5.877,-0.518,2,1,1,377.107,1.481,7,0,0.828,6,0.000,11093.219,1.000,0.336,1.634,0.508,0.173,0.012,0.067,0.933,0.652,0.350
1488,49.600,6.708,1.414,2.585,-2.191,2,1,1,384.064,1.483,7,0,0.828,6,0.000,10677.924,1.000,0.324,0.941,0.385,0.142,0.291,0.062,0.938,0.658,0.350
1491,49.700,3.162,2.236,-3.546,0.822,2,1,1,384.005,1.697,7,0,0.862,6,0.000,11747.480,1.000,0.324,0.837,0.238,0.201,0.160,0.060,0.940,0.646,0.580
1494,49.800,4.243,4.472,1.080,2.236,2,1,1,389.032,1.519,5,1,0.828,6,0.000,11432.484,1.000,0.311,0.752,0.446,0.497,0.464,0.068,0.932,0.662,0.750
1497,49.900,12.649,1.000,8.406,-3.472,2,1,1,386.374,1.559,5,0,0.828,6,0.000,12929.679,1.000,0.311,2.096,0.341,0.746,1.724,0.101,0.899,0.749,0.550
1500,50.000,43.012,25.962,30.363,24.962,2,1,1,358.403,1.583,5,0,0.862,6,0.000,14238.948,1.000,0.311,5.020,0.546,0.730,1.359,0.137,0.863,0.976,0.550
1503,50.100,0.000,44.553,0.000,18.592,1,0,1,0.000,1.310,5,1,0.828,1,0.000,14238.948,1.000,0.324,7.049,0.486,0.801,0.958,0.169,0.831,0.846,0.750
1506,50.200,0.000,296.488,0.000,248.477,2,0,1,296.488,1.186,5,0,0.828,3,0.000,14238.948,1.000,0.324,7.116,0.756,0.624,2.603,0.183,0.817,0.953,0.650
1509,50.300,195.346,319.978,152.334,23.490,2,1,1,307.275,1.537,5,0,0.862,3,0.000,14238.948,1.000,0.324,8.863,0.815,0.229,0.065,0.195,0.805,0.971,0.500
1512,50.400,13.454,26.627,-181.892,-293.351,2,1,1,302.536,1.446,4,1,0.828,3,0.000,14238.948,1.000,0.336,9.666,0.734,0.497,0.019,0.205,0.795,0.902,0.750
1515,50.500,29.411,41.785,15.957,15.158,2,1,1,281.299,1.497,4,0,0.828,3,0.000,14238.948,1.000,0.336,14.116,0.851,1.275,0.058,0.210,0.790,0.978,0.350
1518,50.600,24.413,35.609,-4.998,-6.176,2,1,1,232.777,1.396,4,0,0.862,3,0.000,14238.948,1.000,0.347,15.040,0.924,2.243,0.026,0.197,0.803,0.938,0.700
1521,50.700,20.809,0.000,-3.604,0.000,1,1,0,0.000,1.258,4,1,0.828,2,240.354,13604.569,1.000,0.347,12.607,0.915,3.251,0.418,0.179,0.821,0.762,0.750
1524,50.800,0.000,122.332,0.000,86.723,1,0,1,0.000,1.250,4,0,0.828,2,240.354,13604.569,1.000,0.358,9.988,0.888,4.527,0.229,0.165,0.835,0.898,0.750
1527,50.900,148.314,0.000,127.505,0.000,1,1,0,0.000,1.434,4,0,0.828,2,240.354,13604.569,1.000,0.369,8.702,0.920,5.792,0.062,0.153,0.847,0.896,0.750
1530,51.000,0.000,32.573,0.000,-89.759,1,0,1,0.000,1.247,4,1,0.793,2,240.354,13604.569,1.000,0.369,6.253,0.910,6.378,0.233,0.152,0.848,0.784,0.750
1533,51.100,0.000,10.770,0.000,-21.803,1,0,1,0.000,1.234,4,0,0.793,2,240.354,13604.569,1.000,0.379,4.149,0.943,6.759,0.054,0.121,0.879,0.608,0.750
1536,51.200,0.000,0.000,0.000,0.000,0,0,0,0.000,0.000,4,0,0.793,0,240.354,13604.569,0.967,0.379,3.399,0.958,7.991,0.012,0.110,0.890,0.304,0.750
1539,51.300,0.000,0.000,0.000,0.000,0,0,0,0.000,0.000,3,1,0.759,0,240.354,13604.569,0.933,0.379,2.114,0.868,9.860,0.323,0.097,0.903,0.174,0.750
1542,51.400,0.000,0.000,0.000,0.000,0,0,0,0.000,0.000,3,0,0.759,0,240.354,13604.569,0.900,0.379,2.870,0.843,10.251,1.919,0.114,0.886,0.191,0.750
1545,51.500,0.000,80.262,0.000,69.492,1,0,1,0.000,1.204,3,0,0.759,2,240.354,13604.569,0.900,0.341,6.574,0.855,9.979,0.433,0.134,0.866,0.782,0.750
1548,51.600,237.609,14.000,89.295,-66.262,2,1,1,296.319,1.658,4,1,0.724,5,0.000,13448.337,0.900,0.341,6.947,0.623,6.122,0.115,0.143,0.857,1.000,0.750
1551,51.700,0.000,20.881,0.000,6.881,1,0,1,0.000,0.856,4,0,0.724,3,36.401,11395.837,0.900,0.341,9.959,0.704,3.522,0.034,0.155,0.845,0.810,0.700
1554,51.800,0.000,105.423,0.000,84.542,1,0,1,0.000,0.735,4,0,0.759,3,0.000,10722.889,0.900,0.351,12.989,0.760,2.723,0.091,0.157,0.843,0.940,0.700
1557,51.900,0.000,89.805,0.000,-15.618,1,0,1,0.000,0.764,3,1,0.724,2,0.000,10227.219,0.900,0.361,12.967,0.780,2.091,0.033,0.155,0.845,0.823,0.750
1560,52.000,0.000,44.181,0.000,-45.624,1,0,1,0.000,0.754,3,0,0.724,2,0.000,9404.994,0.900,0.361,15.338,0.756,1.674,0.058,0.164,0.836,0.821,0.700
1563,52.100,0.000,12.207,0.000,-31.975,1,0,1,0.000,0.956,3,0,0.724,2,0.000,8223.289,0.900,0.370,14.492,0.859,1.093,0.083,0.165,0.835,0.636,0.580
1566,52.200,0.000,18.439,0.000,6.233,1,0,1,0.000,0.959,3,0,0.724,2,0.000,6793.859,0.900,0.379,14.139,0.909,0.726,0.071,0.163,0.837,0.667,0.350
1569,52.300,0.000,17.464,0.000,-0.975,1,0,1,0.000,0.737,3,0,0.724,2,0.000,5326.495,0.900,0.379,8.729,0.951,0.565,0.212,0.155,0.845,0.658,0.000
1572,52.400,0.000,14.866,0.000,-2.598,1,0,1,0.000,0.617,3,0,0.724,2,0.000,3579.508,0.900,0.388,9.592,0.952,0.442,0.091,0.161,0.839,0.644,0.000
1575,52.500,0.000,13.454,0.000,-1.412,1,0,1,0.000,0.591,3,0,0.724,2,0.000,2545.295,0.900,0.397,7.203,0.949,0.365,0.043,0.161,0.839,0.616,0.580
1578,52.600,0.000,32.202,0.000,18.749,1,0,1,0.000,0.693,3,0,0.724,2,0.000,1874.127,0.900,0.397,8.341,0.942,0.329,0.028,0.172,0.828,0.741,0.000
1581,52.700,0.000,47.802,0.000,15.599,1,0,1,0.000,0.685,3,0,0.759,2,0.000,956.150,0.900,0.405,6.249,0.899,0.361,0.139,0.173,0.827,0.771,0.000
1584,52.800,0.000,102.215,0.000,54.414,1,0,1,0.000,0.728,4,1,0.724,2,0.000,956.150,0.900,0.414,6.316,0.823,0.386,0.020,0.185,0.815,0.848,0.750
1587,52.900,0.000,66.708,0.000,-35.507,1,0,1,0.000,0.677,4,0,0.724,2,0.000,956.150,0.900,0.405,4.589,0.735,0.447,2.038,0.167,0.833,0.811,0.550
1590,53.000,0.000,40.249,0.000,-26.459,1,0,1,0.000,0.671,4,0,0.759,2,0.000,956.150,0.900,0.414,5.037,0.632,0.472,1.438,0.133,0.867,0.803,0.550
1593,53.100,0.000,35.735,0.000,-4.514,1,0,1,0.000,0.714,4,0,0.759,2,0.000,956.150,0.900,0.414,6.091,0.716,0.425,3.029,0.160,0.840,0.799,0.550
1596,53.200,0.000,58.694,0.000,22.959,1,0,1,0.000,0.841,4,0,0.759,2,0.000,956.150,0.900,0.414,6.538,0.478,0.411,1.797,0.159,0.841,0.878,0.550
1599,53.300,0.000,492.428,0.000,466.428,2,0,1,492.428,1.033,4,0,0.793,4,82.541,1086.684,0.900,0.414,6.754,0.523,0.300,1.725,0.180,0.820,1.000,0.650
1602,53.400,214.756,485.927,-22.853,-6.501,2,1,1,545.322,1.503,4,0,0.793,4,0.000,1180.904,0.900,0.414,8.608,0.639,0.115,1.331,0.175,0.825,1.000,0.550
1605,53.500,65.299,50.329,-149.456,-435.598,2,1,1,486.458,1.842,4,0,0.793,4,0.000,1039.828,0.900,0.405,5.712,0.587,0.010,0.085,0.163,0.837,0.990,0.450
1608,53.600,38.210,0.000,-27.089,0.000,1,1,0,0.000,1.456,4,0,0.828,2,0.000,1086.450,0.900,0.405,6.450,0.491,0.178,0.580,0.154,0.846,0.837,0.650
1611,53.700,7.071,0.000,-31.139,0.000,1,1,0,0.000,1.504,3,1,0.793,2,0.000,1310.299,0.900,0.405,6.674,0.473,0.297,1.344,0.153,0.847,0.601,0.750
1614,53.800,50.695,0.000,43.624,0.000,1,1,0,0.000,1.569,3,0,0.793,2,0.000,1299.734,0.900,0.405,5.964,0.636,0.427,1.166,0.159,0.841,0.783,0.450
1617,53.900,0.000,618.443,0.000,568.114,1,0,1,0.000,1.487,3,0,0.828,2,145.794,1690.384,0.900,0.453,7.814,0.705,0.451,1.072,0.179,0.821,0.824,0.750
1620,54.000,165.003,0.000,114.308,0.000,1,1,0,0.000,1.420,3,0,0.828,2,145.794,1690.384,0.900,0.453,5.474,0.761,0.491,2.176,0.174,0.826,0.762,0.750
1623,54.100,0.000,79.057,0.000,-539.386,1,0,1,0.000,1.586,3,0,0.828,2,145.794,1690.384,0.900,0.462,2.796,0.199,0.536,0.759,0.089,0.911,0.734,0.750
1626,54.200,0.000,0.000,0.000,0.000,0,0,0,0.000,0.000,3,0,0.862,0,145.794,1690.384,0.900,0.462,3.897,0.891,0.714,1.017,0.158,0.842,0.213,0.750
1629,54.300,0.000,0.000,0.000,0.000,0,0,0,0.000,0.000,3,0,0.862,0,145.794,1690.384,0.900,0.462,3.108,0.907,0.838,0.198,0.148,0.852,0.192,0.750
1632,54.400,0.000,0.000,0.000,0.000,0,0,0,0.000,0.000,3,0,0.862,0,145.794,1690.384,0.900,0.462,3.797,0.870,1.066,0.015,0.160,0.840,0.212,0.750
1635,54.500,0.000,0.000,0.000,0.000,0,0,0,0.000,0.000,3,0,0.897,0,145.794,1690.384,0.867,0.462,3.010,0.618,1.176,0.430,0.149,0.851,0.206,0.750
1638,54.600,0.000,637.408,0.000,558.351,1,0,1,0.000,1.791,3,0,0.897,2,192.208,1869.040,0.867,0.390,3.986,0.793,1.148,0.763,0.158,0.842,0.718,0.750
1641,54.700,0.000,116.000,0.000,-521.408,1,0,1,0.000,2.016,3,0,0.897,2,0.000,1903.005,0.867,0.399,5.814,0.860,1.156,0.336,0.169,0.831,0.759,0.450
1644,54.800,0.000,62.968,0.000,-53.032,1,0,1,0.000,1.696,3,0,0.931,2,0.000,1882.464,0.867,0.399,8.194,0.890,1.083,0.009,0.177,0.823,0.812,0.450
1647,54.900,0.000,8.544,0.000,-54.424,1,0,1,0.000,1.630,3,0,0.931,2,0.000,1764.519,0.867,0.399,6.723,0.960,0.968,0.107,0.166,0.834,0.572,0.580
1650,55.000,0.000,9.220,0.000,0.676,1,0,1,0.000,1.288,3,0,0.931,2,92.087,1618.545,0.867,0.399,3.975,0.925,0.970,0.046,0.153,0.847,0.510,0.580
1653,55.100,0.000,3.162,0.000,-6.057,1,0,1,0.000,1.106,3,0,0.931,2,33.422,1295.319,0.867,0.399,2.740,0.931,0.949,0.057,0.136,0.864,0.445,0.580
1656,55.200,0.000,7.810,0.000,4.648,1,0,1,0.000,1.097,6,1,0.897,4,67.624,1538.487,0.867,0.390,2.787,0.963,1.071,0.196,0.141,0.859,0.570,0.750
1659,55.300,0.000,12.728,0.000,4.918,1,0,1,0.000,1.200,6,0,0.897,4,100.005,1602.819,0.867,0.382,2.324,0.808,1.609,0.090,0.124,0.876,0.596,0.700
1662,55.400,0.000,9.434,0.000,-3.294,1,0,1,0.000,1.120,6,0,0.897,4,82.152,1534.968,0.867,0.374,1.781,0.899,1.757,0.010,0.120,0.880,0.558,0.700
1665,55.500,0.000,10.630,0.000,1.196,1,0,1,0.000,0.936,5,1,0.862,3,0.000,1790.798,0.867,0.374,1.800,0.849,2.371,0.034,0.123,0.877,0.557,0.750
1668,55.600,0.000,302.557,0.000,294.557,2,0,1,302.557,1.213,5,0,0.862,5,112.308,1848.207,0.867,0.357,1.887,0.851,2.453,0.261,0.129,0.871,0.872,0.700
1671,55.700,158.202,318.893,-6.801,16.336,2,1,1,325.632,1.572,5,0,0.897,5,102.616,2465.074,0.867,0.348,2.507,0.895,1.811,0.054,0.137,0.863,0.884,0.700
1674,55.800,4.472,16.643,-153.730,-302.250,2,1,1,342.118,1.499,3,1,0.862,4,98.020,2952.479,0.867,0.348,1.700,0.473,1.628,0.191,0.098,0.902,0.636,0.750
1677,55.900,0.000,17.493,0.000,0.850,1,0,1,0.000,1.429,3,0,0.862,2,110.675,3187.069,0.867,0.357,2.259,0.366,1.386,0.510,0.119,0.881,0.552,0.650
1680,56.000,0.000,393.650,0.000,353.989,2,0,1,393.650,1.328,3,0,0.862,4,0.000,3634.834,0.867,0.357,6.573,0.346,1.375,0.577,0.162,0.838,0.924,0.650
1683,56.100,0.000,0.000,0.000,0.000,0,0,0,0.000,0.000,3,0,0.862,0,0.000,3634.834,0.833,0.357,7.198,0.177,1.061,0.362,0.168,0.832,0.338,0.650
1686,56.200,0.000,0.000,0.000,0.000,0,0,0,0.000,0.000,3,0,0.862,0,0.000,3634.834,0.800,0.357,6.819,0.469,0.841,0.580,0.177,0.823,0.304,0.580
1689,56.300,0.000,112.071,0.000,-281.578,1,0,1,0.000,1.327,3,0,0.862,2,0.000,3634.834,0.800,0.355,5.753,0.675,0.786,0.912,0.191,0.809,0.763,0.650
1692,56.400,0.000,0.000,0.000,0.000,0,0,0,0.000,0.000,3,0,0.862,0,0.000,3634.834,0.767,0.355,4.538,0.594,0.878,1.923,0.182,0.818,0.234,0.650
1695,56.500,0.000,0.000,0.000,0.000,0,0,0,0.000,0.000,3,0,0.862,0,0.000,3634.834,0.733,0.355,4.370,0.686,0.974,0.286,0.170,0.830,0.219,0.580
1698,56.600,0.000,0.000,0.000,0.000,0,0,0,0.000,0.000,3,0,0.897,0,0.000,3634.834,0.700,0.355,5.277,0.782,0.876,1.798,0.196,0.804,0.231,0.580
1701,56.700,0.000,575.223,0.000,463.151,1,0,1,0.000,1.489,3,0,0.897,2,0.000,3634.834,0.700,0.350,5.394,0.791,0.612,0.023,0.191,0.809,0.733,0.650
1704,56.800,0.000,56.613,0.000,-518.610,1,0,1,0.000,1.588,3,0,0.897,2,0.000,3551.449,0.700,0.350,4.131,0.644,0.367,0.873,0.132,0.868,0.712,0.450
1707,56.900,0.000,37.121,0.000,-19.491,1,0,1,0.000,1.225,3,0,0.897,2,35.511,3450.087,0.700,0.350,2.922,0.461,0.160,0.405,0.124,0.876,0.651,0.350
1710,57.000,0.000,6.325,0.000,-30.797,1,0,1,0.000,1.465,4,1,0.862,3,13.601,3693.968,0.700,0.342,3.264,0.593,0.105,1.182,0.162,0.838,0.594,0.750
1713,57.100,0.000,36.125,0.000,29.800,1,0,1,0.000,1.473,4,0,0.862,3,188.693,4283.969,0.700,0.364,5.237,0.482,0.298,0.175,0.172,0.828,0.817,0.750
1716,57.200,0.000,33.541,0.000,-2.584,1,0,1,0.000,1.616,4,0,0.862,3,133.154,4673.009,0.733,0.355,5.559,0.645,0.447,0.404,0.169,0.831,0.803,0.740
1719,57.300,0.000,44.777,0.000,11.236,1,0,1,0.000,1.574,3,1,0.828,2,133.154,4673.009,0.767,0.355,4.559,0.490,0.603,0.143,0.164,0.836,0.740,0.750
1722,57.400,0.000,34.366,0.000,-10.412,1,0,1,0.000,1.432,3,0,0.828,2,31.048,3974.618,0.800,0.355,5.624,0.912,0.734,2.324,0.167,0.833,0.684,0.550
1725,57.500,0.000,19.698,0.000,-14.668,1,0,1,0.000,1.289,3,0,0.828,2,30.676,3449.804,0.833,0.355,3.781,0.673,0.895,2.150,0.131,0.869,0.577,0.580
1728,57.600,0.000,23.854,0.000,4.156,1,0,1,0.000,1.003,3,0,0.828,2,47.000,3388.889,0.833,0.355,3.144,0.782,0.626,1.724,0.143,0.857,0.576,0.580
1731,57.700,0.000,11.705,0.000,-12.149,1,0,1,0.000,1.004,3,0,0.828,2,119.821,3569.625,0.833,0.364,2.128,0.826,0.360,0.151,0.128,0.872,0.480,0.666
1734,57.800,0.000,5.831,0.000,-5.874,1,0,1,0.000,0.929,3,0,0.828,2,3.000,3023.384,0.833,0.364,2.669,0.777,0.185,0.360,0.122,0.878,0.465,0.580
1737,57.900,0.000,7.280,0.000,1.449,1,0,1,0.000,0.897,3,0,0.828,2,2.000,2439.615,0.833,0.372,1.274,0.883,0.184,0.248,0.102,0.898,0.431,0.580
1740,58.000,0.000,5.000,0.000,-2.280,1,0,1,0.000,0.794,3,0,0.828,2,1.000,2477.879,0.833,0.372,1.378,0.943,0.161,0.084,0.122,0.878,0.416,0.580
1743,58.100,0.000,19.416,0.000,14.416,1,0,1,0.000,0.617,3,0,0.862,2,40.162,2598.684,0.833,0.381,1.799,0.747,0.044,1.215,0.093,0.907,0.521,0.580
1746,58.200,0.000,118.680,0.000,99.264,1,0,1,0.000,0.719,3,0,0.862,2,40.162,2598.684,0.833,0.381,3.933,0.822,0.159,0.394,0.165,0.835,0.711,0.450
1749,58.300,37.736,0.000,33.264,0.000,1,1,0,0.000,1.287,3,0,0.862,2,33.136,3816.007,0.833,0.389,3.967,0.814,0.294,0.075,0.159,0.841,0.672,0.500
1752,58.400,0.000,0.000,0.000,0.000,0,0,0,0.000,0.000,3,0,0.897,0,33.136,3816.007,0.800,0.389,2.469,0.568,0.370,0.078,0.133,0.867,0.188,0.650
1755,58.500,0.000,0.000,0.000,0.000,0,0,0,0.000,0.000,3,0,0.897,0,33.136,3816.007,0.767,0.389,4.498,0.853,0.441,2.320,0.170,0.830,0.215,0.580
1758,58.600,35.440,0.000,-2.296,0.000,1,1,0,0.000,1.236,3,0,0.897,2,0.000,3970.430,0.767,0.386,5.051,0.832,0.473,1.240,0.166,0.834,0.677,0.650
1761,58.700,12.207,0.000,-23.234,0.000,1,1,0,0.000,1.581,3,0,0.931,2,0.000,3345.850,0.767,0.393,7.212,0.890,0.646,0.520,0.191,0.809,0.598,0.580
1764,58.800,10.000,0.000,-2.207,0.000,1,1,0,0.000,1.545,4,1,0.897,2,0.000,2686.637,0.767,0.393,5.353,0.936,0.735,0.036,0.175,0.825,0.606,0.750
1767,58.900,0.000,0.000,0.000,0.000,0,0,0,0.000,0.000,4,0,0.897,0,0.000,2686.637,0.733,0.393,3.429,0.606,0.953,0.016,0.147,0.853,0.301,0.650
1770,59.000,0.000,483.921,0.000,365.241,1,0,1,0.000,0.983,4,0,0.897,2,0.000,2794.467,0.733,0.403,5.759,0.363,1.425,0.291,0.138,0.862,0.847,0.700
1773,59.100,61.814,0.000,51.814,0.000,1,1,0,0.000,1.616,4,1,0.862,2,0.000,2750.984,0.767,0.410,4.271,0.521,1.174,0.496,0.153,0.847,0.802,0.750
1776,59.200,13.892,0.000,-47.922,0.000,1,1,0,0.000,1.655,4,0,0.862,2,0.000,2493.648,0.800,0.410,5.336,0.567,0.944,1.169,0.166,0.834,0.657,0.580
1779,59.300,16.643,0.000,2.751,0.000,1,1,0,0.000,1.471,4,0,0.862,2,0.000,1185.314,0.800,0.418,6.529,0.436,0.445,0.480,0.166,0.834,0.711,0.580
1782,59.400,456.000,0.000,439.357,0.000,1,1,0,0.000,1.398,4,0,0.862,2,0.000,1185.314,0.833,0.418,5.848,0.786,0.021,0.897,0.166,0.834,0.831,0.450
1785,59.500,0.000,461.671,0.000,-22.251,1,0,1,0.000,1.292,4,0,0.862,2,0.000,1185.314,0.867,0.418,6.047,0.728,0.381,0.185,0.174,0.826,0.844,0.500
1788,59.600,0.000,49.820,0.000,-411.851,1,0,1,0.000,1.457,4,0,0.862,2,148.165,1504.240,0.900,0.426,6.451,0.546,0.696,1.081,0.181,0.819,0.871,0.750
1791,59.700,0.000,81.744,0.000,31.924,1,0,1,0.000,1.294,4,0,0.862,2,49.041,1690.668,0.900,0.430,6.608,0.478,1.057,0.219,0.186,0.814,0.880,0.450
1794,59.800,0.000,78.102,0.000,-3.641,1,0,1,0.000,1.338,4,0,0.862,2,58.728,1849.947,0.900,0.459,7.544,0.507,1.317,0.247,0.196,0.804,0.901,0.350
1797,59.900,0.000,0.000,0.000,0.000,0,0,0,0.000,0.000,4,0,0.897,0,58.728,1849.947,0.867,0.459,8.740,0.424,1.502,1.365,0.202,0.798,0.444,0.700
1800,60.000,0.000,0.000,0.000,0.000,0,0,0,0.000,0.000,3,1,0.862,0,58.728,1849.947,0.833,0.459,9.382,0.297,1.806,1.045,0.182,0.818,0.349,0.750
1803,60.100,0.000,0.000,0.000,0.000,0,0,0,0.000,0.000,3,0,0.862,0,58.728,1849.947,0.800,0.459,8.092,0.403,1.943,0.804,0.175,0.825,0.338,0.700
1806,60.200,0.000,0.000,0.000,0.000,0,0,0,0.000,0.000,3,0,0.897,0,58.728,1849.947,0.767,0.459,5.996,0.609,2.116,1.407,0.165,0.835,0.269,0.700
1809,60.300,0.000,0.000,0.000,0.000,0,0,0,0.000,0.000,4,1,0.862,0,58.728,1849.947,0.733,0.459,6.243,0.377,1.725,1.870,0.191,0.809,0.388,0.750
1812,60.400,0.000,0.000,0.000,0.000,0,0,0,0.000,0.000,4,0,0.862,0,58.728,1849.947,0.700,0.459,9.143,0.773,1.683,0.128,0.228,0.772,0.400,0.700
1815,60.500,0.000,0.000,0.000,0.000,0,0,0,0.000,0.000,4,0,0.862,0,58.728,1849.947,0.667,0.459,7.878,0.296,2.112,1.266,0.206,0.794,0.426,0.700
1818,60.600,0.000,0.000,0.000,0.000,0,0,0,0.000,0.000,3,1,0.828,0,58.728,1849.947,0.633,0.459,6.225,0.383,1.992,0.353,0.207,0.793,0.275,0.750
1821,60.700,0.000,0.000,0.000,0.000,0,0,0,0.000,0.000,3,0,0.828,0,58.728,1849.947,0.600,0.459,6.717,0.505,2.021,0.442,0.174,0.826,0.275,0.700
1824,60.800,0.000,0.000,0.000,0.000,0,0,0,0.000,0.000,3,0,0.828,0,58.728,1849.947,0.567,0.459,5.683,0.159,1.957,0.055,0.179,0.821,0.269,0.700
1827,60.900,0.000,0.000,0.000,0.000,0,0,0,0.000,0.000,3,0,0.828,0,58.728,1849.947,0.533,0.459,4.014,0.760,1.682,2.680,0.182,0.818,0.181,0.700
1830,61.000,0.000,0.000,0.000,0.000,0,0,0,0.000,0.000,3,0,0.828,0,58.728,1849.947,0.500,0.459,4.909,0.603,1.557,2.718,0.232,0.768,0.211,0.700
1833,61.100,0.000,0.000,0.000,0.000,0,0,0,0.000,0.000,3,0,0.828,0,58.728,1849.947,0.467,0.459,3.732,0.398,1.486,1.433,0.173,0.827,0.191,0.700
1836,61.200,0.000,0.000,0.000,0.000,0,0,0,0.000,0.000,3,0,0.828,0,58.728,1849.947,0.433,0.459,4.529,0.158,1.312,0.031,0.162,0.838,0.224,0.580
1839,61.300,0.000,0.000,0.000,0.000,0,0,0,0.000,0.000,3,0,0.828,0,58.728,1849.947,0.400,0.459,6.064,0.296,1.048,0.197,0.164,0.836,0.249,0.580
1842,61.400,0.000,0.000,0.000,0.000,0,0,0,0.000,0.000,3,0,0.828,0,58.728,1849.947,0.400,0.459,6.283,0.252,0.742,0.337,0.180,0.820,0.257,0.580
1845,61.500,0.000,0.000,0.000,0.000,0,0,0,0.000,0.000,3,0,0.828,0,58.728,1849.947,0.400,0.459,7.877,0.121,0.316,0.107,0.180,0.820,0.306,0.580
1848,61.600,0.000,0.000,0.000,0.000,0,0,0,0.000,0.000,3,0,0.828,0,58.728,1849.947,0.367,0.459,5.440,0.395,0.008,0.006,0.188,0.812,0.222,0.580
1851,61.700,0.000,0.000,0.000,0.000,0,0,0,0.000,0.000,3,0,0.862,0,58.728,1849.947,0.333,0.459,4.800,0.652,0.254,1.083,0.177,0.823,0.184,0.580
1854,61.800,0.000,0.000,0.000,0.000,0,0,0,0.000,0.000,4,1,0.828,0,58.728,1849.947,0.300,0.459,5.325,0.404,0.254,0.741,0.157,0.843,0.311,0.750
1857,61.900,0.000,0.000,0.000,0.000,0,0,0,0.000,0.000,4,0,0.828,0,58.728,1849.947,0.300,0.459,5.475,0.355,0.338,3.014,0.148,0.852,0.318,0.580
1860,62.000,0.000,0.000,0.000,0.000,0,0,0,0.000,0.000,4,0,0.862,0,58.728,1849.947,0.267,0.459,4.553,0.336,0.797,1.198,0.166,0.834,0.292,0.580
1863,62.100,0.000,0.000,0.000,0.000,0,0,0,0.000,0.000,4,0,0.862,0,58.728,1849.947,0.233,0.459,6.062,0.342,1.056,1.213,0.170,0.830,0.326,0.580
1866,62.200,0.000,0.000,0.000,0.000,0,0,0,0.000,0.000,4,0,0.862,0,58.728,1849.947,0.200,0.459,6.900,0.422,1.315,0.064,0.191,0.809,0.337,0.580
1869,62.300,0.000,0.000,0.000,0.000,0,0,0,0.000,0.000,4,0,0.862,0,58.728,1849.947,0.167,0.459,9.076,0.248,1.477,0.056,0.174,0.826,0.373,0.700
1872,62.400,0.000,0.000,0.000,0.000,0,0,0,0.000,0.000,3,1,0.828,0,58.728,1849.947,0.133,0.459,6.113,0.235,1.185,2.863,0.217,0.783,0.222,0.750
1875,62.500,0.000,0.000,0.000,0.000,0,0,0,0.000,0.000,3,0,0.828,0,58.728,1849.947,0.100,0.459,9.009,0.296,0.833,0.186,0.254,0.746,0.261,0.580
1878,62.600,0.000,0.000,0.000,0.000,0,0,0,0.000,0.000,3,0,0.828,0,58.728,1849.947,0.067,0.459,12.015,0.589,0.555,0.868,0.275,0.725,0.237,0.580
1881,62.700,0.000,0.000,0.000,0.000,0,0,0,0.000,0.000,4,1,0.793,0,58.728,1849.947,0.033,0.459,13.739,0.128,0.055,2.766,0.277,0.723,0.365,0.750
1884,62.800,0.000,0.000,0.000,0.000,0,0,0,0.000,0.000,4,0,0.793,0,58.728,1849.947,0.000,0.459,12.779,0.658,0.373,3.017,0.270,0.730,0.324,0.580
1887,62.900,0.000,0.000,0.000,0.000,0,0,0,0.000,0.000,4,0,0.828,0,58.728,1849.947,0.000,0.459,15.630,0.701,0.687,0.092,0.270,0.730,0.321,0.580
1890,63.000,0.000,0.000,0.000,0.000,0,0,0,0.000,0.000,3,1,0.793,0,58.728,1849.947,0.000,0.459,14.268,0.644,1.208,0.036,0.265,0.735,0.225,0.750
1893,63.100,0.000,0.000,0.000,0.000,0,0,0,0.000,0.000,3,0,0.793,0,58.728,1849.947,0.000,0.459,13.599,0.815,1.679,0.034,0.269,0.731,0.213,0.700
1896,63.200,0.000,0.000,0.000,0.000,0,0,0,0.000,0.000,3,0,0.828,0,58.728,1849.947,0.000,0.459,13.815,0.776,2.274,0.028,0.274,0.726,0.216,0.700
1899,63.300,0.000,148.014,0.000,69.911,1,0,1,0.000,1.577,3,0,0.828,2,58.728,1849.947,0.033,0.197,13.291,0.789,2.688,0.014,0.275,0.725,0.719,0.700
1902,63.400,0.000,0.000,0.000,0.000,0,0,0,0.000,0.000,3,0,0.828,0,58.728,1849.947,0.033,0.197,11.561,0.752,3.080,0.027,0.272,0.728,0.221,0.700
1905,63.500,0.000,0.000,0.000,0.000,0,0,0,0.000,0.000,3,0,0.862,0,58.728,1849.947,0.033,0.197,10.389,0.791,4.361,0.018,0.265,0.735,0.219,0.700
1908,63.600,106.832,0.000,-349.168,0.000,1,1,0,0.000,1.701,6,1,0.828,3,95.383,2342.849,0.067,0.199,7.837,0.821,5.486,0.074,0.259,0.741,0.786,0.750
1911,63.700,0.000,0.000,0.000,0.000,0,0,0,0.000,0.000,6,0,0.828,0,95.383,2342.849,0.067,0.199,8.749,0.936,5.648,0.117,0.271,0.729,0.312,0.700
1914,63.800,0.000,84.853,0.000,-63.161,1,0,1,0.000,1.764,6,0,0.828,3,67.469,2994.495,0.100,0.201,3.848,0.176,5.668,1.156,0.219,0.781,0.736,0.700
1917,63.900,0.000,31.321,0.000,-53.532,1,0,1,0.000,1.887,4,1,0.793,2,67.469,2994.495,0.133,0.204,6.086,0.069,3.895,1.484,0.241,0.759,0.727,0.750
1920,64.000,0.000,0.000,0.000,0.000,0,0,0,0.000,0.000,4,0,0.793,0,67.469,2994.495,0.133,0.204,6.600,0.490,3.992,0.128,0.211,0.789,0.317,0.700
1923,64.100,0.000,87.693,0.000,56.372,1,0,1,0.000,1.556,4,0,0.793,1,67.469,2994.495,0.167,0.206,7.182,0.736,3.197,0.084,0.219,0.781,0.743,0.700
1926,64.200,0.000,0.000,0.000,0.000,0,0,0,0.000,0.000,3,1,0.759,0,67.469,2994.495,0.167,0.206,3.797,0.594,1.998,0.067,0.168,0.832,0.143,0.750
1929,64.300,0.000,0.000,0.000,0.000,0,0,0,0.000,0.000,3,0,0.759,0,67.469,2994.495,0.167,0.206,8.138,0.766,1.050,0.182,0.268,0.732,0.236,0.580
1932,64.400,0.000,0.000,0.000,0.000,0,0,0,0.000,0.000,3,0,0.759,0,67.469,2994.495,0.167,0.206,9.050,0.704,0.674,0.275,0.280,0.720,0.241,0.580
1935,64.500,0.000,0.000,0.000,0.000,0,0,0,0.000,0.000,3,0,0.759,0,67.469,2994.495,0.167,0.206,5.889,0.677,0.257,0.161,0.234,0.766,0.190,0.580
1938,64.600,0.000,0.000,0.000,0.000,0,0,0,0.000,0.000,3,0,0.759,0,67.469,2994.495,0.167,0.206,4.338,0.431,0.024,0.300,0.229,0.771,0.168,0.580
1941,64.700,0.000,0.000,0.000,0.000,0,0,0,0.000,0.000,3,0,0.793,0,67.469,2994.495,0.167,0.206,5.407,0.184,0.325,0.504,0.252,0.748,0.212,0.580
1944,64.800,88.284,0.000,-18.548,0.000,1,1,0,0.000,1.651,3,0,0.793,2,102.078,3306.949,0.200,0.220,8.161,0.284,0.634,0.157,0.254,0.746,0.774,0.650
1947,64.900,0.000,0.000,0.000,0.000,0,0,0,0.000,0.000,3,0,0.793,0,102.078,3306.949,0.200,0.220,10.248,0.199,0.892,0.257,0.278,0.722,0.280,0.650
1950,65.000,0.000,0.000,0.000,0.000,0,0,0,0.000,0.000,3,0,0.793,0,102.078,3306.949,0.200,0.220,9.311,0.324,1.097,1.716,0.275,0.725,0.271,0.580
1953,65.100,121.511,0.000,33.228,0.000,1,1,0,0.000,1.431,3,0,0.793,2,50.000,3678.337,0.233,0.224,8.419,0.559,1.406,0.374,0.273,0.727,0.759,0.700
1956,65.200,0.000,0.000,0.000,0.000,0,0,0,0.000,0.000,3,0,0.793,0,50.000,3678.337,0.233,0.224,9.622,0.640,1.520,0.253,0.278,0.722,0.253,0.700
1959,65.300,0.000,0.000,0.000,0.000,0,0,0,0.000,0.000,3,0,0.828,0,50.000,3678.337,0.233,0.224,10.816,0.557,1.635,0.213,0.273,0.727,0.259,0.700
1962,65.400,0.000,0.000,0.000,0.000,0,0,0,0.000,0.000,4,1,0.793,0,50.000,3678.337,0.233,0.224,8.865,0.351,1.099,0.925,0.275,0.725,0.373,0.750
1965,65.500,0.000,0.000,0.000,0.000,0,0,0,0.000,0.000,4,0,0.793,0,50.000,3678.337,0.233,0.224,8.764,0.714,1.041,0.895,0.277,0.723,0.348,0.580
1968,65.600,0.000,0.000,0.000,0.000,0,0,0,0.000,0.000,4,0,0.828,0,50.000,3678.337,0.233,0.224,12.204,0.617,0.904,0.420,0.271,0.729,0.355,0.580
1971,65.700,0.000,0.000,0.000,0.000,0,0,0,0.000,0.000,3,1,0.793,0,50.000,3678.337,0.233,0.224,9.649,0.360,0.689,2.706,0.265,0.735,0.273,0.750
1974,65.800,0.000,0.000,0.000,0.000,0,0,0,0.000,0.000,3,0,0.793,0,50.000,3678.337,0.233,0.224,9.221,0.793,0.361,2.942,0.263,0.737,0.242,0.580
1977,65.900,417.326,0.000,295.815,0.000,1,1,0,0.000,1.735,3,0,0.828,2,0.000,3573.540,0.267,0.237,13.093,0.110,0.264,2.604,0.405,0.595,0.794,0.655
1980,66.000,15.297,0.000,-402.029,0.000,1,1,0,0.000,1.610,5,1,0.793,2,85.088,3934.674,0.300,0.237,5.734,0.935,0.083,1.337,0.228,0.772,0.571,0.750
1983,66.100,20.000,0.000,4.703,0.000,1,1,0,0.000,1.548,5,0,0.793,2,91.263,4390.370,0.333,0.237,4.682,0.908,0.084,0.073,0.201,0.799,0.577,0.580
1986,66.200,17.889,0.000,-2.111,0.000,1,1,0,0.000,1.405,5,0,0.793,2,114.110,4938.494,0.367,0.237,3.985,0.905,0.296,0.130,0.193,0.807,0.552,0.634
1989,66.300,21.587,0.000,3.698,0.000,1,1,0,0.000,1.362,5,0,0.793,2,105.394,5538.610,0.367,0.237,4.966,0.918,0.508,0.058,0.202,0.798,0.596,0.586
1992,66.400,16.279,0.000,-5.308,0.000,1,1,0,0.000,1.053,5,0,0.793,2,74.330,5905.434,0.400,0.237,3.047,0.851,0.674,0.259,0.162,0.838,0.527,0.580
1995,66.500,13.342,0.000,-2.937,0.000,1,1,0,0.000,0.852,5,0,0.828,2,20.616,6356.094,0.433,0.237,2.104,0.867,0.535,0.029,0.153,0.847,0.490,0.580
1998,66.600,5.831,0.000,-7.511,0.000,1,1,0,0.000,1.073,4,1,0.793,2,16.553,6633.694,0.433,0.237,1.950,0.848,0.355,1.788,0.177,0.823,0.464,0.750
2001,66.700,10.296,0.000,4.465,0.000,1,1,0,0.000,0.931,4,0,0.793,2,101.607,6718.625,0.467,0.237,2.874,0.857,0.116,1.034,0.187,0.813,0.515,0.580
2004,66.800,11.402,0.000,1.106,0.000,1,1,0,0.000,0.753,4,0,0.828,2,120.216,5873.214,0.467,0.237,2.415,0.771,0.134,0.144,0.156,0.844,0.516,0.668
2007,66.900,12.000,0.000,0.598,0.000,1,1,0,0.000,0.762,5,0,0.828,2,115.278,3603.177,0.467,0.233,1.662,0.515,0.630,0.474,0.136,0.864,0.500,0.640
2010,67.000,8.000,0.000,-4.000,0.000,1,1,0,0.000,0.704,5,0,0.828,2,86.683,2053.345,0.500,0.233,1.280,0.578,0.958,0.415,0.132,0.868,0.468,0.580
2013,67.100,8.544,0.000,0.544,0.000,1,1,0,0.000,1.023,5,0,0.862,2,57.628,1576.014,0.500,0.233,1.813,0.812,1.277,0.050,0.166,0.834,0.468,0.580
2016,67.200,14.142,0.000,5.598,0.000,1,1,0,0.000,1.151,5,1,0.828,2,116.039,1564.525,0.533,0.230,3.818,0.911,1.582,0.503,0.219,0.781,0.546,0.750
2019,67.300,24.187,0.000,10.045,0.000,1,1,0,0.000,1.409,5,0,0.828,2,110.168,1591.548,0.567,0.230,1.897,0.280,2.213,1.007,0.130,0.870,0.602,0.700
2022,67.400,25.710,0.000,1.523,0.000,1,1,0,0.000,1.091,5,0,0.828,2,41.629,1482.065,0.600,0.230,3.482,0.627,2.492,3.035,0.131,0.869,0.630,0.700
2025,67.500,23.324,0.000,-2.386,0.000,1,1,0,0.000,0.990,4,1,0.793,2,62.129,1450.610,0.633,0.230,2.767,0.490,2.578,0.812,0.159,0.841,0.630,0.750
2028,67.600,29.614,0.000,6.290,0.000,1,1,0,0.000,1.063,4,0,0.793,2,86.052,1443.744,0.667,0.230,1.552,0.610,2.644,0.665,0.125,0.875,0.631,0.700
2031,67.700,22.627,0.000,-6.987,0.000,1,1,0,0.000,1.102,4,0,0.793,2,13.601,1427.007,0.700,0.230,2.494,0.877,2.799,0.686,0.193,0.807,0.601,0.700
2034,67.800,18.385,0.000,-4.243,0.000,1,1,0,0.000,1.152,4,0,0.793,2,16.155,1472.838,0.700,0.230,2.805,0.903,2.604,0.228,0.211,0.789,0.583,0.700
2037,67.900,24.839,0.000,6.455,0.000,1,1,0,0.000,1.137,4,0,0.793,2,27.295,1311.194,0.733,0.230,2.558,0.555,2.393,1.796,0.140,0.860,0.641,0.700
2040,68.000,2.236,0.000,-22.603,0.000,1,1,0,0.000,1.345,4,0,0.793,2,110.318,1412.109,0.767,0.230,2.378,0.934,1.989,1.778,0.176,0.824,0.488,0.700
2043,68.100,31.016,0.000,28.780,0.000,1,1,0,0.000,1.334,4,0,0.793,2,94.763,1363.014,0.767,0.360,2.126,0.916,1.626,0.088,0.185,0.815,0.643,0.700
2046,68.200,5.000,0.000,-26.016,0.000,1,1,0,0.000,1.540,4,0,0.793,2,60.208,1410.449,0.800,0.355,1.806,0.721,1.368,1.162,0.157,0.843,0.508,0.580
2049,68.300,3.162,0.000,-1.838,0.000,1,1,0,0.000,1.597,4,0,0.828,2,53.000,1401.868,0.833,0.352,1.374,0.502,1.228,0.346,0.156,0.844,0.507,0.580
2052,68.400,9.487,0.000,6.325,0.000,1,1,0,0.000,1.574,5,1,0.793,2,32.527,1428.469,0.867,0.357,2.286,0.787,1.098,0.429,0.168,0.832,0.531,0.750
2055,68.500,30.414,0.000,20.927,0.000,1,1,0,0.000,1.598,5,0,0.793,2,36.797,1465.614,0.900,0.357,3.592,0.802,0.930,0.037,0.194,0.806,0.683,0.350
2058,68.600,16.125,0.000,-14.289,0.000,1,1,0,0.000,1.624,5,0,0.828,2,39.661,1510.094,0.933,0.363,3.949,0.776,0.741,0.077,0.181,0.819,0.618,0.580
2061,68.700,13.342,0.000,-2.783,0.000,1,1,0,0.000,1.304,6,1,0.793,2,112.178,1416.617,0.967,0.359,4.413,0.876,0.583,0.370,0.203,0.797,0.599,0.750
2064,68.800,14.318,0.000,0.976,0.000,1,1,0,0.000,1.045,6,0,0.793,2,49.649,1499.707,1.000,0.496,4.714,0.954,0.498,0.042,0.239,0.761,0.611,0.580
2067,68.900,285.412,0.000,271.094,0.000,1,1,0,0.000,0.907,6,0,0.828,2,49.649,1499.707,1.000,0.496,4.206,0.950,0.307,0.093,0.244,0.756,0.769,0.450
2070,69.000,5.657,0.000,-279.755,0.000,1,1,0,0.000,0.979,6,1,0.793,2,49.649,1499.707,1.000,0.496,4.396,0.862,0.137,0.596,0.253,0.747,0.561,0.750
2073,69.100,0.000,344.884,0.000,257.191,1,0,1,0.000,1.481,6,0,0.793,2,49.649,1499.707,1.000,0.496,5.086,0.924,0.116,0.225,0.267,0.733,0.792,0.500
2076,69.200,0.000,13.416,0.000,-331.468,1,0,1,0.000,1.610,6,0,0.793,2,49.649,1499.707,1.000,0.496,5.997,0.955,0.561,0.038,0.272,0.728,0.638,0.580
2079,69.300,0.000,12.207,0.000,-1.210,1,0,1,0.000,1.618,5,1,0.759,2,49.649,1499.707,1.000,0.496,6.407,0.986,0.948,0.298,0.272,0.728,0.651,0.750
2082,69.400,0.000,0.000,0.000,0.000,0,0,0,0.000,0.000,5,0,0.759,0,49.649,1499.707,0.967,0.496,6.087,0.960,1.818,0.007,0.265,0.735,0.371,0.700
2085,69.500,0.000,0.000,0.000,0.000,0,0,0,0.000,0.000,5,0,0.793,0,49.649,1499.707,0.933,0.496,4.658,0.978,2.258,0.290,0.260,0.740,0.330,0.700
2088,69.600,0.000,0.000,0.000,0.000,0,0,0,0.000,0.000,5,0,0.793,0,49.649,1499.707,0.900,0.496,3.365,0.943,2.465,0.466,0.233,0.767,0.296,0.700
2091,69.700,0.000,0.000,0.000,0.000,0,0,0,0.000,0.000,5,0,0.793,0,49.649,1499.707,0.867,0.496,2.259,0.738,2.591,0.326,0.196,0.804,0.279,0.700
2094,69.800,0.000,0.000,0.000,0.000,0,0,0,0.000,0.000,5,0,0.793,0,49.649,1499.707,0.833,0.496,2.700,0.431,2.732,1.454,0.209,0.791,0.307,0.700
2097,69.900,0.000,47.424,0.000,35.217,1,0,1,0.000,1.563,5,0,0.793,2,49.649,1499.707,0.833,0.399,2.601,0.718,2.803,0.061,0.214,0.786,0.737,0.700
2100,70.000,0.000,18.439,0.000,-28.985,1,0,1,0.000,1.312,5,0,0.793,2,49.649,1499.707,0.833,0.399,2.841,0.875,2.844,2.076,0.224,0.776,0.584,0.700
2103,70.100,0.000,10.630,0.000,-7.809,1,0,1,0.000,1.394,5,0,0.828,2,49.649,1499.707,0.833,0.399,2.798,0.855,2.505,0.219,0.216,0.784,0.541,0.700
2106,70.200,0.000,9.220,0.000,-1.411,1,0,1,0.000,1.315,5,0,0.828,2,49.649,1499.707,0.833,0.399,1.974,0.741,2.008,0.471,0.189,0.811,0.521,0.700
2109,70.300,0.000,0.000,0.000,0.000,0,0,0,0.000,0.000,5,0,0.828,0,49.649,1499.707,0.800,0.399,2.568,0.753,1.602,0.941,0.168,0.832,0.278,0.700
2112,70.400,0.000,0.000,0.000,0.000,0,0,0,0.000,0.000,5,0,0.862,0,49.649,1499.707,0.767,0.399,3.188,0.676,1.068,0.733,0.171,0.829,0.294,0.580
2115,70.500,0.000,0.000,0.000,0.000,0,0,0,0.000,0.000,5,0,0.862,0,49.649,1499.707,0.733,0.399,3.094,0.149,0.905,0.081,0.166,0.834,0.325,0.580
2118,70.600,0.000,0.000,0.000,0.000,0,0,0,0.000,0.000,5,0,0.862,0,49.649,1499.707,0.700,0.399,0.989,0.469,0.670,3.115,0.133,0.867,0.246,0.580
2121,70.700,324.446,0.000,318.789,0.000,1,1,0,0.000,0.875,5,0,0.862,2,141.767,2122.564,0.700,0.383,1.656,0.888,0.196,0.059,0.168,0.832,0.685,0.750
2124,70.800,0.000,0.000,0.000,0.000,0,0,0,0.000,0.000,5,0,0.862,0,141.767,2122.564,0.667,0.383,1.998,0.812,0.228,0.036,0.156,0.844,0.243,0.750
2127,70.900,0.000,0.000,0.000,0.000,0,0,0,0.000,0.000,5,0,0.862,0,141.767,2122.564,0.633,0.383,1.675,0.719,0.559,0.101,0.158,0.842,0.238,0.750
2130,71.000,0.000,0.000,0.000,0.000,0,0,0,0.000,0.000,5,0,0.862,0,141.767,2122.564,0.600,0.383,1.619,0.670,0.867,0.110,0.159,0.841,0.236,0.750
2133,71.100,0.000,0.000,0.000,0.000,0,0,0,0.000,0.000,5,0,0.862,0,141.767,2122.564,0.567,0.383,1.371,0.412,1.127,0.622,0.140,0.860,0.243,0.750
2136,71.200,0.000,0.000,0.000,0.000,0,0,0,0.000,0.000,5,0,0.862,0,141.767,2122.564,0.533,0.383,2.004,0.241,1.335,0.998,0.159,0.841,0.267,0.750
2139,71.300,0.000,0.000,0.000,0.000,0,0,0,0.000,0.000,5,0,0.897,0,141.767,2122.564,0.500,0.383,6.822,0.204,1.411,1.593,0.181,0.819,0.386,0.750
2142,71.400,0.000,0.000,0.000,0.000,0,0,0,0.000,0.000,4,1,0.862,0,141.767,2122.564,0.467,0.383,7.815,0.321,1.427,1.838,0.185,0.815,0.399,0.750
2145,71.500,0.000,0.000,0.000,0.000,0,0,0,0.000,0.000,4,0,0.862,0,141.767,2122.564,0.433,0.383,4.243,0.828,1.197,2.929,0.186,0.814,0.270,0.750
2148,71.600,0.000,0.000,0.000,0.000,0,0,0,0.000,0.000,4,0,0.897,0,141.767,2122.564,0.400,0.383,7.379,0.859,1.044,1.095,0.208,0.792,0.342,0.750
2151,71.700,0.000,0.000,0.000,0.000,0,0,0,0.000,0.000,4,0,0.897,0,141.767,2122.564,0.367,0.383,6.961,0.757,0.715,2.179,0.194,0.806,0.335,0.750
2154,71.800,0.000,68.308,0.000,59.089,1,0,1,0.000,1.598,4,0,0.897,2,141.767,2122.564,0.367,0.325,5.149,0.540,0.314,0.394,0.190,0.810,0.775,0.750
2157,71.900,0.000,0.000,0.000,0.000,0,0,0,0.000,0.000,4,0,0.931,0,141.767,2122.564,0.333,0.325,2.862,0.810,0.091,3.127,0.195,0.805,0.225,0.750
2160,72.000,0.000,0.000,0.000,0.000,0,0,0,0.000,0.000,4,0,0.931,0,141.767,2122.564,0.300,0.325,6.131,0.918,0.059,0.197,0.221,0.779,0.295,0.750
2163,72.100,0.000,0.000,0.000,0.000,0,0,0,0.000,0.000,4,0,0.931,0,141.767,2122.564,0.267,0.325,6.468,0.845,0.139,0.007,0.213,0.787,0.305,0.750
2166,72.200,0.000,0.000,0.000,0.000,0,0,0,0.000,0.000,4,0,0.966,0,141.767,2122.564,0.233,0.325,8.123,0.653,0.541,0.298,0.210,0.790,0.352,0.750
2169,72.300,0.000,0.000,0.000,0.000,0,0,0,0.000,0.000,4,1,0.931,0,141.767,2122.564,0.200,0.325,7.542,0.671,1.075,0.285,0.201,0.799,0.336,0.750
2172,72.400,0.000,493.025,0.000,424.717,1,0,1,0.000,1.647,4,0,0.931,3,30.806,2903.364,0.233,0.330,6.420,0.665,1.878,0.016,0.165,0.835,0.827,0.700
2175,72.500,0.000,33.121,0.000,-459.904,1,0,1,0.000,1.654,4,0,0.931,3,39.850,3764.485,0.267,0.326,5.125,0.733,3.358,0.077,0.164,0.836,0.728,0.700
2178,72.600,53.712,0.000,-270.733,0.000,1,1,0,0.000,0.893,3,1,0.897,2,0.000,4102.834,0.300,0.326,4.719,0.738,4.950,0.973,0.160,0.840,0.672,0.750
2181,72.700,0.000,40.706,0.000,7.585,1,0,1,0.000,1.638,3,0,0.897,2,0.000,3833.537,0.333,0.326,4.396,0.683,5.625,0.354,0.151,0.849,0.648,0.700
2184,72.800,475.365,0.000,421.653,0.000,1,1,0,0.000,1.127,3,0,0.897,2,0.000,3833.537,0.367,0.326,4.760,0.768,5.879,0.217,0.164,0.836,0.679,0.700
2187,72.900,0.000,422.348,0.000,381.642,1,0,1,0.000,1.697,4,1,0.862,2,201.457,4305.108,0.367,0.326,5.728,0.716,2.566,0.102,0.166,0.834,0.777,0.750
2190,73.000,62.290,0.000,-413.075,0.000,1,1,0,0.000,1.343,4,0,0.862,2,201.457,4305.108,0.367,0.326,4.118,0.744,1.548,0.635,0.164,0.836,0.735,0.750
2193,73.100,28.284,0.000,-34.005,0.000,1,1,0,0.000,1.532,4,0,0.862,2,52.173,4923.865,0.367,0.326,1.987,0.614,1.468,0.186,0.154,0.846,0.598,0.700
2196,73.200,10.000,0.000,-18.284,0.000,1,1,0,0.000,1.744,3,1,0.828,2,52.173,4923.865,0.367,0.326,1.361,0.312,0.969,1.958,0.133,0.867,0.432,0.750
2199,73.300,0.000,37.121,0.000,-385.227,1,0,1,0.000,1.899,3,0,0.828,2,115.732,5186.559,0.400,0.326,1.578,0.461,0.606,0.908,0.128,0.872,0.581,0.643
2202,73.400,10.630,0.000,0.630,0.000,1,1,0,0.000,1.672,3,0,0.828,1,115.732,5186.559,0.433,0.330,0.899,0.443,0.430,2.505,0.101,0.899,0.363,0.643
2205,73.500,3.000,0.000,-7.630,0.000,1,1,0,0.000,1.645,2,1,0.793,1,115.732,5186.559,0.467,0.330,0.880,0.186,0.383,1.898,0.094,0.906,0.372,0.750
2208,73.600,0.000,22.472,0.000,-14.649,1,0,1,0.000,1.731,3,1,0.759,2,115.732,5186.559,0.500,0.330,1.983,0.153,0.148,0.268,0.113,0.887,0.544,0.750
2211,73.700,53.141,0.000,50.141,0.000,1,1,0,0.000,1.832,3,0,0.759,2,115.732,5186.559,0.500,0.330,2.123,0.085,0.126,0.807,0.114,0.886,0.677,0.643
2214,73.800,0.000,0.000,0.000,0.000,0,0,0,0.000,0.000,3,0,0.759,0,115.732,5186.559,0.500,0.330,2.416,0.497,0.459,0.491,0.141,0.859,0.156,0.650
2217,73.900,0.000,0.000,0.000,0.000,0,0,0,0.000,0.000,3,0,0.759,0,115.732,5186.559,0.500,0.330,2.719,0.668,0.753,0.452,0.150,0.850,0.151,0.643
2220,74.000,0.000,387.919,0.000,365.447,1,0,1,0.000,1.605,3,0,0.759,2,182.455,5115.909,0.533,0.336,1.775,0.638,1.050,0.008,0.126,0.874,0.634,0.750
2223,74.100,0.000,31.623,0.000,-356.296,1,0,1,0.000,1.285,5,1,0.724,2,0.000,4654.154,0.567,0.336,0.909,0.413,1.389,0.628,0.090,0.910,0.610,0.750
2226,74.200,0.000,360.161,0.000,352.099,2,0,1,360.161,0.989,5,0,0.724,4,0.000,4397.448,0.600,0.332,1.091,0.739,1.913,1.129,0.110,0.890,0.792,0.700
2229,74.300,0.000,387.227,0.000,8.777,2,0,1,387.227,1.689,5,0,0.759,4,0.000,4102.017,0.633,0.327,1.426,0.230,2.520,2.295,0.102,0.898,0.840,0.700
2232,74.400,0.000,401.254,0.000,7.015,2,0,1,401.254,2.031,5,0,0.759,4,231.355,4269.507,0.667,0.323,1.634,0.180,2.553,0.389,0.103,0.897,0.852,0.750
2235,74.500,0.000,6.708,0.000,-394.546,1,0,1,0.000,2.266,5,0,0.759,2,27.893,4654.149,0.700,0.323,1.667,0.134,2.819,0.528,0.095,0.905,0.526,0.700
2238,74.600,0.000,6.325,0.000,-0.384,1,0,1,0.000,2.457,5,0,0.759,2,124.888,5099.655,0.733,0.316,1.942,0.093,2.911,0.389,0.110,0.890,0.537,0.700
2241,74.700,0.000,7.071,0.000,0.747,1,0,1,0.000,2.259,7,1,0.724,2,26.000,5366.319,0.767,0.316,1.793,0.334,2.319,0.549,0.120,0.880,0.504,0.750
2244,74.800,0.000,12.042,0.000,4.971,1,0,1,0.000,2.215,7,0,0.724,2,73.790,5507.778,0.767,0.316,1.729,0.153,1.820,0.280,0.098,0.902,0.543,0.700
2247,74.900,0.000,374.049,0.000,366.978,2,0,1,374.049,1.630,7,0,0.724,4,110.454,5433.337,0.800,0.303,2.058,0.129,1.529,0.838,0.112,0.888,0.841,0.700
2250,75.000,0.000,379.427,0.000,2.386,2,0,1,379.427,1.627,6,1,0.690,3,142.341,5171.799,0.833,0.369,0.559,0.428,1.313,0.721,0.066,0.934,0.774,0.750
2253,75.100,0.000,373.263,0.000,-6.034,2,0,1,373.263,1.909,6,0,0.690,3,118.697,5292.045,0.867,0.436,0.610,0.366,1.091,0.193,0.060,0.940,0.784,0.659
2256,75.200,0.000,374.005,0.000,2.871,2,0,1,374.005,2.545,6,0,0.724,4,132.563,5347.130,0.900,0.428,0.606,0.398,1.008,0.336,0.057,0.943,0.815,0.736
2259,75.300,0.000,382.158,0.000,-3.971,2,0,1,382.158,3.130,5,0,0.724,4,183.330,5205.138,0.933,0.419,0.769,0.475,0.982,0.374,0.059,0.941,0.842,0.750
2262,75.400,0.000,401.151,0.000,18.993,1,0,1,0.000,3.130,5,0,0.724,2,131.594,5145.025,0.933,0.419,1.557,0.403,1.005,0.837,0.088,0.912,0.745,0.731
2265,75.500,0.000,0.000,0.000,0.000,0,0,0,0.000,0.000,5,0,0.759,0,131.594,5145.025,0.900,0.419,3.143,0.269,1.032,2.576,0.133,0.867,0.338,0.731
2268,75.600,0.000,0.000,0.000,0.000,0,0,0,0.000,0.000,4,1,0.724,0,131.594,5145.025,0.867,0.419,5.531,0.521,0.881,2.401,0.196,0.804,0.376,0.750
2271,75.700,0.000,0.000,0.000,0.000,0,0,0,0.000,0.000,4,0,0.724,0,131.594,5145.025,0.833,0.419,4.156,0.511,0.519,2.086,0.170,0.830,0.338,0.731
2274,75.800,0.000,88.843,0.000,-312.308,1,0,1,0.000,3.111,4,0,0.759,2,46.141,4997.198,0.833,0.389,3.673,0.453,0.240,2.862,0.139,0.861,0.800,0.650
2277,75.900,0.000,27.203,0.000,-61.640,1,0,1,0.000,2.904,5,1,0.724,2,66.242,4786.769,0.833,0.389,4.223,0.816,0.023,0.030,0.153,0.847,0.672,0.750
2280,76.000,0.000,13.000,0.000,-14.203,1,0,1,0.000,2.671,5,0,0.724,2,59.548,4575.504,0.833,0.389,3.814,0.716,0.577,1.994,0.188,0.812,0.589,0.580
2283,76.100,0.000,30.806,0.000,17.806,1,0,1,0.000,2.594,5,0,0.759,2,50.249,3750.134,0.833,0.389,5.019,0.720,1.451,0.857,0.188,0.812,0.718,0.700
2286,76.200,0.000,60.671,0.000,29.865,1,0,1,0.000,2.263,4,1,0.724,2,66.287,3569.305,0.833,0.389,4.436,0.685,1.844,0.845,0.182,0.818,0.803,0.750
2289,76.300,0.000,62.586,0.000,1.915,1,0,1,0.000,1.883,4,0,0.724,2,66.287,3569.305,0.833,0.381,4.463,0.806,2.133,2.352,0.213,0.787,0.795,0.700
2292,76.400,0.000,42.059,0.000,-20.526,1,0,1,0.000,1.501,4,0,0.759,2,66.287,3569.305,0.833,0.381,5.949,0.583,2.456,2.740,0.207,0.793,0.832,0.700
2295,76.500,0.000,2.236,0.000,-39.823,1,0,1,0.000,1.287,5,1,0.759,2,127.094,3860.737,0.833,0.388,3.427,0.742,2.988,2.701,0.194,0.806,0.518,0.750
2298,76.600,0.000,15.811,0.000,13.575,1,0,1,0.000,1.050,5,0,0.759,2,12.207,3978.889,0.833,0.388,2.683,0.888,3.151,0.063,0.190,0.810,0.565,0.700
2301,76.700,0.000,25.495,0.000,9.684,1,0,1,0.000,1.042,5,0,0.759,2,98.184,5113.507,0.833,0.388,1.186,0.888,3.214,0.115,0.111,0.889,0.581,0.700
2304,76.800,0.000,15.652,0.000,-9.843,1,0,1,0.000,0.885,4,1,0.724,2,25.495,5540.528,0.867,0.397,1.830,0.767,3.257,1.278,0.110,0.890,0.573,0.750
2307,76.900,0.000,9.220,0.000,-6.433,1,0,1,0.000,0.620,4,0,0.724,2,25.495,5540.528,0.900,0.397,1.709,0.561,3.660,1.671,0.121,0.879,0.553,0.700
2310,77.000,0.000,554.058,0.000,544.838,1,0,1,0.000,0.670,4,0,0.759,2,25.495,5540.528,0.900,0.405,4.411,0.391,4.577,0.894,0.161,0.839,0.831,0.700
2313,77.100,0.000,52.631,0.000,-501.427,1,0,1,0.000,1.020,6,1,0.724,4,0.000,8914.340,0.900,0.405,5.479,0.762,3.453,0.190,0.195,0.805,0.862,0.750
2316,77.200,381.336,0.000,328.194,0.000,1,1,0,0.000,1.771,6,0,0.724,2,0.000,8597.938,0.900,0.405,5.192,0.739,1.672,0.031,0.183,0.817,0.796,0.700
2319,77.300,40.050,0.000,-341.286,0.000,1,1,0,0.000,1.833,6,0,0.724,2,0.000,8153.629,0.900,0.405,4.388,0.532,1.414,0.618,0.225,0.775,0.763,0.700
2322,77.400,23.770,0.000,-16.280,0.000,1,1,0,0.000,1.567,5,1,0.690,2,0.000,8171.195,0.900,0.405,4.996,0.715,1.282,2.277,0.259,0.741,0.687,0.750
2325,77.500,16.279,0.000,-7.491,0.000,1,1,0,0.000,1.437,5,0,0.690,2,0.000,8094.825,0.900,0.405,4.172,0.705,1.123,3.072,0.249,0.751,0.625,0.580
2328,77.600,14.866,0.000,-1.413,0.000,1,1,0,0.000,1.400,5,0,0.724,2,49.649,7987.394,0.900,0.405,3.024,0.863,1.016,1.964,0.196,0.804,0.578,0.580
2331,77.700,18.601,0.000,3.735,0.000,1,1,0,0.000,1.628,4,1,0.690,2,18.974,7907.055,0.900,0.414,2.968,0.810,0.733,2.114,0.189,0.811,0.619,0.750
2334,77.800,17.205,599.114,-1.396,546.483,2,1,1,466.473,1.344,4,0,0.690,3,45.044,7762.394,0.900,0.414,3.009,0.756,0.552,1.936,0.175,0.825,0.865,0.650
2337,77.900,18.385,91.214,1.180,-507.899,2,1,1,385.519,1.222,4,0,0.724,4,48.094,6610.184,0.900,0.414,3.379,0.661,0.382,1.591,0.191,0.809,0.926,0.550
2340,78.000,4.000,54.589,-14.385,-36.625,2,1,1,339.607,1.480,4,0,0.724,4,128.891,3554.330,0.900,0.414,2.709,0.770,0.121,0.089,0.196,0.804,0.902,0.716
2343,78.100,15.620,19.026,11.620,-35.563,2,1,1,329.280,1.175,4,0,0.724,4,129.877,843.558,0.900,0.414,3.379,0.885,0.009,0.155,0.216,0.784,0.766,0.722
2346,78.200,23.409,7.280,7.789,-11.746,2,1,1,308.318,1.389,4,0,0.724,4,119.000,956.737,0.900,0.453,3.541,0.857,0.070,0.305,0.211,0.789,0.797,0.661
2349,78.300,18.248,12.207,-5.161,4.926,2,1,1,297.002,1.340,4,0,0.724,4,71.512,1068.650,0.900,0.444,2.453,0.942,0.007,0.245,0.204,0.796,0.735,0.580
2352,78.400,15.811,15.652,-2.437,3.446,2,1,1,299.007,1.260,4,0,0.724,4,99.040,1242.219,0.900,0.435,2.505,0.930,0.014,0.150,0.203,0.797,0.723,0.580
2355,78.500,10.817,10.440,-4.995,-5.212,2,1,1,293.061,1.171,4,0,0.759,4,111.364,1459.115,0.933,0.426,2.226,0.926,0.018,0.037,0.190,0.810,0.693,0.619
2358,78.600,9.055,1.414,-1.761,-9.026,2,1,1,283.064,1.229,5,1,0.724,4,94.048,1484.504,0.967,0.417,1.242,0.861,0.153,0.068,0.145,0.855,0.631,0.750
2361,78.700,8.062,6.403,-0.993,4.989,2,1,1,292.043,1.407,5,0,0.724,4,114.355,1417.438,1.000,0.408,1.341,0.924,0.362,0.425,0.160,0.840,0.628,0.635
2364,78.800,5.000,5.099,-3.062,-1.304,2,1,1,293.084,1.274,5,0,0.759,4,221.923,2158.145,1.000,0.399,1.059,0.908,0.586,0.354,0.130,0.870,0.605,0.750
2367,78.900,1.000,5.000,-4.000,-0.099,2,1,1,297.204,1.310,5,0,0.759,4,113.437,2027.619,1.000,0.399,1.587,0.679,0.777,1.521,0.076,0.924,0.634,0.630
2370,79.000,5.000,15.297,4.000,10.297,2,1,1,297.814,1.345,5,0,0.759,4,118.296,2086.434,1.000,0.389,1.896,0.484,0.960,0.505,0.115,0.885,0.712,0.657
2373,79.100,312.698,0.000,302.698,0.000,2,1,0,312.698,1.676,5,0,0.793,4,198.134,2552.729,1.000,0.379,1.238,0.436,1.084,1.508,0.090,0.910,0.864,0.750
2376,79.200,315.484,19.849,2.786,4.552,2,1,1,316.362,1.838,5,0,0.793,4,218.330,3198.339,1.000,0.369,1.129,0.692,1.083,2.671,0.129,0.871,0.844,0.750
2379,79.300,7.280,0.000,-308.204,0.000,1,1,0,0.000,1.835,5,0,0.793,2,236.578,3243.185,1.000,0.369,1.297,0.477,1.097,2.847,0.112,0.888,0.532,0.750
2382,79.400,17.205,0.000,9.925,0.000,1,1,0,0.000,1.937,5,0,0.828,2,20.809,3319.959,1.000,0.369,1.743,0.640,1.112,0.270,0.166,0.834,0.586,0.580
2385,79.500,0.000,299.666,0.000,279.817,1,0,1,0.000,1.590,5,0,0.828,2,93.723,3673.387,1.000,0.379,2.401,0.714,1.190,0.352,0.147,0.853,0.752,0.521
2388,79.600,9.220,0.000,-7.985,0.000,1,1,0,0.000,1.903,5,0,0.828,2,18.439,3746.400,1.000,0.379,1.855,0.398,1.156,0.625,0.153,0.847,0.562,0.580
2391,79.700,8.062,0.000,-1.157,0.000,1,1,0,0.000,2.142,5,0,0.862,2,118.444,4048.557,1.000,0.389,1.941,0.717,1.287,1.199,0.179,0.821,0.535,0.658
2394,79.800,13.038,0.000,4.976,0.000,1,1,0,0.000,2.162,5,0,0.862,2,71.169,3232.409,1.000,0.389,2.439,0.907,1.706,1.808,0.177,0.823,0.562,0.700
2397,79.900,14.560,0.000,1.522,0.000,1,1,0,0.000,1.955,5,0,0.862,2,109.659,3703.799,1.000,0.399,2.053,0.703,1.841,1.514,0.209,0.791,0.575,0.700
2400,80.000,10.630,0.000,-3.930,0.000,1,1,0,0.000,1.988,5,0,0.897,2,119.954,3725.969,1.000,0.399,2.231,0.779,2.086,3.035,0.168,0.832,0.552,0.700
2403,80.100,8.602,0.000,-2.028,0.000,1,1,0,0.000,1.764,5,0,0.897,2,7.616,3730.184,1.000,0.408,1.799,0.891,1.845,1.559,0.183,0.817,0.522,0.700
2406,80.200,8.062,0.000,-0.540,0.000,1,1,0,0.000,1.966,5,0,0.897,2,64.203,3437.269,1.000,0.408,1.346,0.471,1.504,2.176,0.142,0.858,0.537,0.700
2409,80.300,7.810,0.000,-0.252,0.000,1,1,0,0.000,1.906,5,0,0.931,2,11.662,2398.408,1.000,0.417,1.368,0.089,1.291,0.085,0.115,0.885,0.563,0.580
2412,80.400,7.071,0.000,-0.739,0.000,1,1,0,0.000,2.026,5,0,0.931,2,72.236,1155.055,1.000,0.417,1.936,0.657,1.007,0.708,0.132,0.868,0.534,0.580
2415,80.500,4.472,0.000,-2.599,0.000,1,1,0,0.000,1.746,5,0,0.931,2,57.245,1203.730,1.000,0.426,2.393,0.842,0.887,1.425,0.165,0.835,0.518,0.580
2418,80.600,17.117,0.000,12.645,0.000,1,1,0,0.000,1.654,5,0,0.966,2,83.217,1209.937,1.000,0.426,1.576,0.645,0.762,0.168,0.128,0.872,0.581,0.580
2421,80.700,449.378,0.000,440.834,0.000,2,1,0,449.378,1.689,6,1,0.931,3,88.510,1226.720,1.000,0.435,1.382,0.478,0.562,0.530,0.118,0.882,0.811,0.750
2424,80.800,454.588,377.809,5.209,78.143,2,1,1,435.876,1.914,6,0,0.931,3,90.443,1128.834,1.000,0.435,1.538,0.634,0.382,0.124,0.143,0.857,0.804,0.502
2427,80.900,5.831,35.609,-448.757,-342.200,2,1,1,414.480,1.849,6,0,0.931,4,65.924,1098.225,1.000,0.435,2.249,0.840,0.232,0.019,0.184,0.816,0.785,0.450
2430,81.000,12.649,0.000,6.818,0.000,1,1,0,0.000,1.586,6,0,0.931,2,70.000,913.594,1.000,0.435,2.109,0.511,0.071,0.850,0.148,0.852,0.567,0.650
2433,81.100,2.236,0.000,-10.413,0.000,1,1,0,0.000,1.499,6,0,0.931,2,66.648,783.008,1.000,0.444,2.575,0.738,0.071,0.766,0.160,0.840,0.505,0.580
2436,81.200,4.123,0.000,1.887,0.000,1,1,0,0.000,1.451,6,0,0.931,2,68.352,800.685,1.000,0.444,1.481,0.283,0.142,1.007,0.107,0.893,0.520,0.580
2439,81.300,1.000,0.000,-3.123,0.000,1,1,0,0.000,1.438,4,1,0.897,2,76.922,818.969,1.000,0.453,1.506,0.184,0.350,0.559,0.116,0.884,0.540,0.750
2442,81.400,17.464,0.000,16.464,0.000,1,1,0,0.000,1.546,4,0,0.897,2,50.804,782.025,1.000,0.453,1.716,0.428,0.226,0.929,0.144,0.856,0.620,0.580
2445,81.500,7.071,0.000,-10.393,0.000,1,1,0,0.000,1.341,4,0,0.931,2,57.489,775.525,1.000,0.462,1.718,0.355,0.261,1.423,0.118,0.882,0.567,0.580
2448,81.600,7.616,0.000,0.545,0.000,1,1,0,0.000,1.097,4,0,0.931,2,67.268,740.380,1.000,0.462,1.822,0.315,0.184,0.844,0.133,0.867,0.576,0.580
2451,81.700,15.652,0.000,8.037,0.000,1,1,0,0.000,1.093,4,0,0.931,2,53.000,678.044,1.000,0.470,2.480,0.403,0.109,2.616,0.143,0.857,0.631,0.580
2454,81.800,17.205,58.009,1.552,22.400,2,1,1,495.298,1.858,4,0,0.931,4,54.037,664.154,1.000,0.470,3.931,0.500,0.283,0.594,0.146,0.854,0.963,0.650
2457,81.900,9.434,10.198,-7.771,-47.811,2,1,1,514.433,1.843,4,0,0.931,3,68.768,782.918,1.000,0.470,3.564,0.495,0.671,0.478,0.130,0.870,0.716,0.580
2460,82.000,14.142,21.954,4.708,11.756,2,1,1,535.553,1.828,4,0,0.931,3,59.034,863.239,1.000,0.462,3.090,0.467,0.881,0.040,0.129,0.871,0.771,0.580
2463,82.100,4.472,40.200,-9.670,18.245,2,1,1,577.191,1.740,4,0,0.931,3,79.649,924.929,1.000,0.462,5.007,0.666,0.856,0.752,0.136,0.864,0.907,0.350
2466,82.200,4.472,38.013,0.000,-2.186,2,1,1,607.951,1.691,4,0,0.931,3,9.055,900.764,1.000,0.453,3.381,0.395,1.402,0.832,0.119,0.881,0.873,0.700
2469,82.300,4.472,0.000,0.000,0.000,1,1,0,0.000,1.531,4,0,0.931,2,3.162,961.289,1.000,0.453,3.852,0.524,1.793,1.654,0.125,0.875,0.594,0.700
2472,82.400,11.402,0.000,6.930,0.000,1,1,0,0.000,1.604,4,0,0.931,2,12.530,832.229,1.000,0.453,4.269,0.598,2.259,1.632,0.109,0.891,0.638,0.700
2475,82.500,5.385,0.000,-6.017,0.000,1,1,0,0.000,1.561,3,1,0.897,2,11.180,833.309,1.000,0.453,2.327,0.680,2.465,0.187,0.136,0.864,0.480,0.750
2478,82.600,9.434,0.000,4.049,0.000,1,1,0,0.000,1.367,3,0,0.897,2,0.000,750.758,1.000,0.453,3.673,0.866,2.692,1.795,0.193,0.807,0.524,0.700
2481,82.700,3.606,0.000,-5.828,0.000,1,1,0,0.000,1.363,3,0,0.897,2,7.280,679.024,1.000,0.453,1.291,0.281,2.490,2.153,0.078,0.922,0.473,0.700
2484,82.800,40.050,0.000,36.444,0.000,1,1,0,0.000,1.531,3,0,0.897,2,0.000,556.450,1.000,0.453,2.896,0.485,2.441,0.628,0.144,0.856,0.701,0.700
2487,82.900,23.431,0.000,-16.619,0.000,1,1,0,0.000,1.571,3,0,0.897,2,0.000,421.644,1.000,0.453,5.410,0.498,2.930,0.759,0.172,0.828,0.671,0.700
2490,83.000,517.759,0.000,506.357,0.000,2,1,0,517.759,1.374,3,0,0.897,4,74.953,434.447,1.000,0.444,5.268,0.308,3.637,0.377,0.125,0.875,0.910,0.700
2493,83.100,470.956,0.000,-33.749,0.000,2,1,0,470.956,1.855,5,1,0.862,5,154.302,1280.017,1.000,0.444,5.189,0.788,4.503,0.344,0.205,0.795,0.975,0.750
2496,83.200,455.133,0.000,-14.431,0.000,2,1,0,455.133,2.413,5,0,0.862,4,151.819,1918.317,1.000,0.444,3.846,0.743,5.090,0.212,0.182,0.818,0.908,0.750
2499,83.300,438.138,0.000,-18.916,0.000,2,1,0,438.138,2.639,5,0,0.862,4,115.248,2012.297,1.000,0.435,3.847,0.678,4.894,0.116,0.186,0.814,0.913,0.700
2502,83.400,0.000,424.703,0.000,-204.347,2,0,1,424.703,1.685,4,1,0.828,4,253.553,2825.169,1.000,0.426,3.550,0.711,2.795,0.722,0.184,0.816,0.939,0.750
2505,83.500,437.649,18.439,-0.489,-406.264,2,1,1,403.051,2.790,4,0,0.828,4,163.982,3170.425,1.000,0.417,4.250,0.660,2.245,0.615,0.196,0.804,0.960,0.750
2508,83.600,0.000,396.425,0.000,377.986,1,0,1,0.000,1.383,4,0,0.862,2,62.426,3199.199,1.000,0.417,4.941,0.668,2.182,0.471,0.194,0.806,0.837,0.700
2511,83.700,0.000,0.000,0.000,0.000,0,0,0,0.000,0.000,3,1,0.828,0,62.426,3199.199,0.967,0.417,6.431,0.479,1.417,0.323,0.147,0.853,0.313,0.750
2514,83.800,0.000,0.000,0.000,0.000,0,0,0,0.000,0.000,3,0,0.828,0,62.426,3199.199,0.933,0.417,3.700,0.292,1.504,2.654,0.122,0.878,0.254,0.700
2517,83.900,0.000,189.264,0.000,-207.161,1,0,1,0.000,1.312,3,0,0.828,2,62.426,3199.199,0.933,0.392,3.656,0.510,1.327,0.943,0.162,0.838,0.738,0.650
2520,84.000,0.000,45.398,0.000,-143.866,1,0,1,0.000,1.232,4,1,0.793,1,62.426,3199.199,0.933,0.392,4.440,0.715,1.089,0.702,0.187,0.813,0.768,0.750
2523,84.100,0.000,0.000,0.000,0.000,0,0,0,0.000,0.000,4,0,0.793,0,62.426,3199.199,0.900,0.392,3.669,0.513,1.215,2.531,0.133,0.867,0.334,0.650
2526,84.200,0.000,0.000,0.000,0.000,0,0,0,0.000,0.000,4,0,0.828,0,62.426,3199.199,0.867,0.392,2.888,0.759,1.130,0.964,0.171,0.829,0.293,0.580
2529,84.300,0.000,0.000,0.000,0.000,0,0,0,0.000,0.000,4,0,0.828,0,62.426,3199.199,0.833,0.392,3.840,0.715,1.219,0.012,0.214,0.786,0.316,0.580
2532,84.400,0.000,0.000,0.000,0.000,0,0,0,0.000,0.000,4,0,0.828,0,62.426,3199.199,0.800,0.392,3.113,0.821,1.266,1.450,0.217,0.783,0.286,0.580
2535,84.500,0.000,0.000,0.000,0.000,0,0,0,0.000,0.000,4,0,0.828,0,62.426,3199.199,0.767,0.392,2.468,0.921,0.809,0.069,0.204,0.796,0.259,0.580
2538,84.600,0.000,0.000,0.000,0.000,0,0,0,0.000,0.000,4,0,0.828,0,62.426,3199.199,0.733,0.392,1.359,0.874,0.430,1.554,0.162,0.838,0.231,0.580
2541,84.700,0.000,0.000,0.000,0.000,0,0,0,0.000,0.000,4,0,0.828,0,62.426,3199.199,0.700,0.392,0.994,0.793,0.021,0.490,0.123,0.877,0.223,0.580
2544,84.800,0.000,0.000,0.000,0.000,0,0,0,0.000,0.000,4,0,0.828,0,62.426,3199.199,0.667,0.392,1.329,0.838,0.232,1.292,0.156,0.844,0.225,0.580
2547,84.900,0.000,0.000,0.000,0.000,0,0,0,0.000,0.000,6,1,0.793,0,62.426,3199.199,0.633,0.392,1.250,0.660,0.378,0.731,0.125,0.875,0.231,0.750
2550,85.000,0.000,0.000,0.000,0.000,0,0,0,0.000,0.000,6,0,0.793,0,62.426,3199.199,0.600,0.392,2.218,0.828,0.516,1.763,0.182,0.818,0.239,0.580
2553,85.100,0.000,0.000,0.000,0.000,0,0,0,0.000,0.000,6,0,0.793,0,62.426,3199.199,0.567,0.392,1.541,0.546,0.715,2.742,0.112,0.888,0.238,0.580
2556,85.200,0.000,0.000,0.000,0.000,0,0,0,0.000,0.000,5,0,0.793,0,62.426,3199.199,0.533,0.392,1.667,0.748,0.922,0.462,0.144,0.856,0.223,0.580
2559,85.300,0.000,642.050,0.000,596.652,1,0,1,0.000,1.557,5,0,0.793,2,328.402,4888.429,0.533,0.256,1.427,0.862,1.217,0.907,0.152,0.848,0.661,0.750
2562,85.400,0.000,30.480,0.000,-611.570,1,0,1,0.000,1.779,5,0,0.828,2,135.163,5154.558,0.533,0.256,2.605,0.905,1.328,0.610,0.207,0.793,0.607,0.750
2565,85.500,177.792,5.831,-259.857,-24.649,2,1,1,558.358,2.767,5,0,0.828,5,469.959,8507.869,0.533,0.256,2.805,0.793,1.348,0.805,0.107,0.893,0.859,0.750
2568,85.600,0.000,5.000,0.000,-0.831,1,0,1,0.000,1.291,5,0,0.828,2,469.959,8507.869,0.533,0.256,7.676,0.756,1.654,0.456,0.265,0.735,0.603,0.750
2571,85.700,0.000,6.325,0.000,1.325,1,0,1,0.000,1.151,5,0,0.828,2,474.510,8845.925,0.533,0.256,4.140,0.861,1.427,0.056,0.217,0.783,0.514,0.750
2574,85.800,0.000,208.279,0.000,200.999,2,0,1,208.279,1.237,4,1,0.793,4,0.000,8345.904,0.533,0.256,4.249,0.806,1.761,3.087,0.221,0.779,0.894,0.750
2577,85.900,0.000,197.517,0.000,4.535,2,0,1,197.517,1.633,4,0,0.793,4,193.848,8961.744,0.533,0.250,2.090,0.921,1.922,0.231,0.187,0.813,0.832,0.750
2580,86.000,0.000,207.762,0.000,10.245,1,0,1,0.000,1.728,4,0,0.828,2,124.579,8998.660,0.533,0.250,2.184,0.380,1.832,2.564,0.128,0.872,0.732,0.700
2583,86.100,0.000,0.000,0.000,0.000,0,0,0,0.000,0.000,4,0,0.828,0,124.579,8998.660,0.500,0.250,2.216,0.248,1.571,1.660,0.127,0.873,0.268,0.700
2586,86.200,0.000,252.052,0.000,44.290,1,0,1,0.000,2.071,4,0,0.828,2,119.854,8820.739,0.500,0.254,3.597,0.281,1.074,0.499,0.148,0.852,0.770,0.666
2589,86.300,0.000,0.000,0.000,0.000,0,0,0,0.000,0.000,4,0,0.862,0,119.854,8820.739,0.467,0.254,4.171,0.377,0.629,0.559,0.119,0.881,0.304,0.666
2592,86.400,0.000,0.000,0.000,0.000,0,0,0,0.000,0.000,4,0,0.862,0,119.854,8820.739,0.433,0.254,2.574,0.150,0.324,0.042,0.121,0.879,0.276,0.666
2595,86.500,0.000,64.203,0.000,-187.849,1,0,1,0.000,1.991,4,0,0.862,2,0.000,7914.419,0.433,0.262,11.742,0.624,0.142,1.036,0.285,0.715,0.848,0.650
2598,86.600,259.372,0.000,81.580,0.000,1,1,0,0.000,2.712,4,0,0.897,2,56.586,7675.750,0.433,0.262,1.573,0.111,0.377,1.064,0.137,0.863,0.724,0.500
2601,86.700,0.000,11.402,0.000,-52.801,1,0,1,0.000,2.063,5,1,0.862,2,97.494,7694.634,0.467,0.262,3.496,0.270,0.546,1.990,0.124,0.876,0.560,0.750
2604,86.800,0.000,28.018,0.000,16.616,1,0,1,0.000,2.178,5,0,0.862,2,91.022,7619.479,0.500,0.267,2.117,0.727,1.108,1.652,0.108,0.892,0.590,0.580
2607,86.900,20.809,0.000,-238.564,0.000,1,1,0,0.000,2.664,5,0,0.897,2,41.761,6404.558,0.500,0.267,6.273,0.520,1.302,0.625,0.162,0.838,0.668,0.580
2610,87.000,43.909,0.000,23.100,0.000,1,1,0,0.000,2.284,4,1,0.862,2,0.000,2626.094,0.500,0.273,4.385,0.534,1.667,0.017,0.117,0.883,0.766,0.750
2613,87.100,23.087,0.000,-20.822,0.000,1,1,0,0.000,1.999,4,0,0.862,2,60.877,2439.764,0.533,0.273,2.792,0.489,2.195,1.554,0.127,0.873,0.618,0.700
2616,87.200,519.086,0.000,492.178,0.000,2,1,0,519.086,1.590,4,0,0.862,4,77.414,1585.238,0.567,0.273,4.140,0.357,0.849,1.417,0.157,0.843,0.927,0.650
2619,87.300,499.365,0.000,8.904,0.000,2,1,0,499.365,1.933,4,0,0.862,4,188.605,1671.854,0.600,0.273,3.557,0.471,0.772,0.163,0.184,0.816,0.908,0.750
2622,87.400,475.850,403.441,-23.515,375.424,2,1,1,432.185,2.405,4,0,0.862,4,67.446,1692.689,0.633,0.273,2.110,0.500,0.718,2.872,0.130,0.870,0.874,0.550
2625,87.500,8.602,10.000,-467.247,-393.441,2,1,1,427.628,2.173,4,0,0.862,4,24.597,1544.447,0.667,0.273,2.839,0.628,0.760,2.782,0.159,0.841,0.693,0.580
2628,87.600,17.263,5.000,8.660,-5.000,2,1,1,422.721,2.198,5,1,0.828,4,29.069,1486.037,0.700,0.260,3.746,0.729,0.796,0.732,0.125,0.875,0.717,0.750
2631,87.700,0.000,7.211,0.000,2.211,1,0,1,0.000,1.522,5,0,0.828,2,29.069,1486.037,0.733,0.399,4.539,0.632,0.836,0.323,0.132,0.868,0.569,0.650
2634,87.800,0.000,40.012,0.000,32.801,1,0,1,0.000,1.480,5,0,0.862,2,29.069,1486.037,0.767,0.399,3.403,0.461,0.786,1.412,0.145,0.855,0.739,0.580
2637,87.900,0.000,17.117,0.000,-22.895,1,0,1,0.000,1.388,4,1,0.828,1,29.069,1486.037,0.800,0.399,2.008,0.484,0.641,0.476,0.134,0.866,0.552,0.750
2640,88.000,0.000,7.280,0.000,-9.837,1,0,1,0.000,1.532,4,0,0.828,1,248.944,2749.069,0.833,0.407,2.269,0.448,0.584,0.396,0.154,0.846,0.511,0.750
2643,88.100,0.000,7.071,0.000,-0.209,1,0,1,0.000,1.486,4,0,0.828,1,63.159,3907.905,0.867,0.416,1.551,0.556,0.137,0.250,0.131,0.869,0.488,0.580
2646,88.200,0.000,6.325,0.000,-0.747,1,0,1,0.000,1.504,5,1,0.793,1,63.159,3907.905,0.900,0.425,1.961,0.116,0.138,1.212,0.129,0.871,0.520,0.750
2649,88.300,0.000,0.000,0.000,0.000,0,0,0,0.000,0.000,5,0,0.793,0,63.159,3907.905,0.867,0.425,2.217,0.336,0.227,1.188,0.137,0.863,0.306,0.650
2652,88.400,0.000,0.000,0.000,0.000,0,0,0,0.000,0.000,5,0,0.793,0,63.159,3907.905,0.833,0.425,2.506,0.415,0.246,0.105,0.175,0.825,0.304,0.580
2655,88.500,0.000,0.000,0.000,0.000,0,0,0,0.000,0.000,5,0,0.793,0,63.159,3907.905,0.800,0.425,4.220,0.342,0.431,0.830,0.175,0.825,0.348,0.580
2658,88.600,0.000,0.000,0.000,0.000,0,0,0,0.000,0.000,5,0,0.793,0,63.159,3907.905,0.767,0.425,3.348,0.342,0.480,0.360,0.205,0.795,0.322,0.580
2661,88.700,0.000,0.000,0.000,0.000,0,0,0,0.000,0.000,5,0,0.828,0,63.159,3907.905,0.733,0.425,1.793,0.577,0.362,1.568,0.164,0.836,0.262,0.580
2664,88.800,0.000,0.000,0.000,0.000,0,0,0,0.000,0.000,4,1,0.793,0,63.159,3907.905,0.700,0.425,2.720,0.573,0.426,0.823,0.154,0.846,0.282,0.750
2667,88.900,0.000,0.000,0.000,0.000,0,0,0,0.000,0.000,4,0,0.793,0,63.159,3907.905,0.667,0.425,3.433,0.321,0.431,1.490,0.155,0.845,0.313,0.580
2670,89.000,0.000,0.000,0.000,0.000,0,0,0,0.000,0.000,4,0,0.793,0,63.159,3907.905,0.633,0.425,5.461,0.338,0.395,0.451,0.186,0.814,0.359,0.580
2673,89.100,0.000,462.819,0.000,456.494,1,0,1,0.000,1.566,5,1,0.759,2,66.483,4043.340,0.667,0.319,3.765,0.092,0.344,2.973,0.188,0.812,0.790,0.750
2676,89.200,10.198,0.000,-7.065,0.000,1,1,0,0.000,2.141,5,0,0.759,2,83.024,3991.405,0.667,0.319,2.603,0.413,0.393,0.321,0.177,0.823,0.545,0.580
2679,89.300,3.162,0.000,-7.036,0.000,1,1,0,0.000,2.255,5,0,0.759,2,17.117,3907.559,0.700,0.319,1.688,0.686,0.473,2.919,0.159,0.841,0.468,0.580
2682,89.400,9.220,0.000,6.057,0.000,1,1,0,0.000,2.331,4,1,0.724,2,46.098,3705.208,0.733,0.326,2.632,0.545,0.499,2.947,0.172,0.828,0.557,0.750
2685,89.500,9.849,0.000,0.629,0.000,1,1,0,0.000,2.020,4,0,0.724,2,68.007,3509.160,0.733,0.326,3.793,0.454,0.461,0.264,0.140,0.860,0.596,0.580
2688,89.600,19.313,0.000,9.464,0.000,1,1,0,0.000,1.727,4,0,0.759,2,69.007,3584.597,0.733,0.332,6.303,0.359,0.309,0.323,0.154,0.846,0.718,0.580
2691,89.700,23.409,0.000,4.096,0.000,1,1,0,0.000,1.342,3,1,0.724,2,93.134,3513.137,0.733,0.332,9.502,0.157,0.043,0.308,0.166,0.834,0.727,0.750
2694,89.800,37.162,0.000,13.752,0.000,1,1,0,0.000,1.049,3,0,0.724,2,35.057,3925.975,0.733,0.328,7.813,0.149,0.445,0.190,0.143,0.857,0.799,0.580
2697,89.900,20.396,0.000,-16.766,0.000,1,1,0,0.000,0.824,3,0,0.759,2,37.054,4458.955,0.733,0.323,5.851,0.716,0.743,0.304,0.182,0.818,0.617,0.580
2700,90.000,6.403,0.000,-13.993,0.000,1,1,0,0.000,0.865,4,1,0.724,2,14.036,4776.554,0.733,0.323,2.965,0.797,1.499,0.194,0.158,0.842,0.532,0.750
2703,90.100,8.062,0.000,1.659,0.000,1,1,0,0.000,0.811,4,0,0.724,2,8.485,3737.214,0.733,0.323,1.382,0.570,1.446,2.640,0.137,0.863,0.517,0.700
2706,90.200,21.633,0.000,13.571,0.000,1,1,0,0.000,0.489,4,0,0.724,2,8.485,3737.214,0.733,0.323,1.821,0.372,1.255,0.607,0.109,0.891,0.618,0.580
2709,90.300,21.213,477.038,-0.420,14.219,2,1,1,643.792,1.947,5,1,0.690,5,173.519,3344.454,0.733,0.316,3.608,0.685,1.450,1.808,0.171,0.829,0.910,0.750
2712,90.400,590.235,0.000,537.537,0.000,2,1,0,590.235,0.797,5,0,0.690,5,181.033,4687.565,0.733,0.309,7.071,0.627,1.618,0.182,0.223,0.777,1.000,0.750
2715,90.500,0.000,556.987,0.000,-151.500,2,0,1,556.987,2.268,5,0,0.724,6,0.000,6405.345,0.733,0.302,7.948,0.547,1.797,0.061,0.217,0.783,1.000,0.700
2718,90.600,642.659,48.010,52.424,-508.976,2,1,1,536.839,2.582,3,1,0.690,4,0.000,6215.694,0.733,0.302,7.951,0.480,1.433,0.172,0.200,0.800,0.933,0.750
2721,90.700,24.413,24.698,-618.245,-23.312,2,1,1,543.023,2.258,3,0,0.690,4,0.000,5935.525,0.733,0.302,7.681,0.724,1.685,0.295,0.201,0.799,0.797,0.700
2724,90.800,34.366,9.220,9.953,-15.479,2,1,1,542.944,2.233,3,0,0.724,4,0.000,5890.188,0.733,0.302,6.319,0.612,2.268,0.307,0.199,0.801,0.824,0.700
2727,90.900,0.000,519.700,0.000,-4.752,2,0,1,519.700,2.247,4,1,0.690,5,0.000,7945.094,0.733,0.288,5.418,0.833,2.603,0.297,0.202,0.798,0.945,0.750
2730,91.000,20.616,14.318,-13.750,-505.382,2,1,1,526.984,1.998,4,0,0.690,5,0.000,10589.394,0.733,0.399,4.795,0.824,2.790,0.228,0.198,0.802,0.795,0.700
2733,91.100,11.045,4.472,-9.570,-9.846,2,1,1,513.539,2.009,4,0,0.724,5,122.332,11030.814,0.733,0.389,4.129,0.466,2.713,0.073,0.194,0.806,0.750,0.700
2736,91.200,41.049,10.817,30.003,6.345,2,1,1,500.016,1.686,4,0,0.724,5,27.019,10967.114,0.733,0.369,5.678,0.541,1.861,0.043,0.210,0.790,0.950,0.700
2739,91.300,0.000,15.264,0.000,4.448,1,0,1,0.000,1.365,4,0,0.724,2,0.000,11120.744,0.767,0.369,7.435,0.570,0.824,0.482,0.220,0.780,0.713,0.650
2742,91.400,0.000,25.080,0.000,9.816,1,0,1,0.000,1.333,4,0,0.724,2,113.780,11386.719,0.800,0.369,4.027,0.217,0.566,1.094,0.184,0.816,0.711,0.632
2745,91.500,0.000,10.817,0.000,-14.263,1,0,1,0.000,1.121,3,1,0.690,2,112.699,12232.105,0.833,0.369,3.473,0.474,0.409,1.166,0.169,0.831,0.534,0.750
2748,91.600,0.000,0.000,0.000,0.000,0,0,0,0.000,0.000,3,0,0.690,0,112.699,12232.105,0.833,0.369,3.157,0.019,0.457,0.033,0.157,0.843,0.248,0.650
2751,91.700,0.000,0.000,0.000,0.000,0,0,0,0.000,0.000,3,0,0.724,0,112.699,12232.105,0.833,0.369,3.433,0.462,0.545,0.074,0.154,0.846,0.223,0.626
2754,91.800,0.000,0.000,0.000,0.000,0,0,0,0.000,0.000,4,1,0.690,0,112.699,12232.105,0.833,0.369,4.162,0.707,0.591,1.610,0.168,0.832,0.325,0.750
2757,91.900,0.000,55.036,0.000,44.220,1,0,1,0.000,1.199,4,0,0.690,2,0.000,10038.125,0.867,0.321,3.870,0.811,0.588,1.147,0.198,0.802,0.784,0.650
2760,92.000,0.000,0.000,0.000,0.000,0,0,0,0.000,0.000,4,0,0.724,0,0.000,10038.125,0.867,0.321,3.807,0.847,0.371,0.423,0.196,0.804,0.310,0.650
2763,92.100,0.000,0.000,0.000,0.000,0,0,0,0.000,0.000,4,1,0.690,0,0.000,10038.125,0.833,0.321,4.011,0.867,0.174,0.269,0.212,0.788,0.310,0.750
2766,92.200,0.000,0.000,0.000,0.000,0,0,0,0.000,0.000,4,0,0.690,0,0.000,10038.125,0.800,0.321,3.689,0.896,0.039,0.157,0.218,0.782,0.296,0.580
2769,92.300,0.000,0.000,0.000,0.000,0,0,0,0.000,0.000,4,0,0.724,0,0.000,10038.125,0.767,0.321,4.207,0.812,0.266,0.087,0.216,0.784,0.310,0.580
2772,92.400,0.000,0.000,0.000,0.000,0,0,0,0.000,0.000,3,1,0.690,0,0.000,10038.125,0.733,0.321,2.673,0.794,0.463,0.002,0.196,0.804,0.169,0.750
2775,92.500,0.000,265.036,0.000,209.999,1,0,1,0.000,1.076,3,0,0.690,2,31.016,9998.847,0.733,0.286,12.331,0.033,0.641,2.573,0.331,0.669,0.856,0.650
2778,92.600,0.000,0.000,0.000,0.000,0,0,0,0.000,0.000,2,1,0.690,0,31.016,9998.847,0.700,0.286,0.615,0.493,0.466,1.002,0.082,0.918,0.135,0.750
2781,92.700,0.000,20.396,0.000,-244.640,1,0,1,0.000,1.135,4,1,0.655,2,18.974,7402.299,0.700,0.290,1.149,0.782,0.498,0.269,0.105,0.895,0.561,0.750
2784,92.800,0.000,0.000,0.000,0.000,0,0,0,0.000,0.000,4,0,0.655,0,18.974,7402.299,0.667,0.290,0.952,0.847,0.576,0.546,0.087,0.913,0.215,0.650
2787,92.900,0.000,13.038,0.000,-7.358,1,0,1,0.000,1.124,4,0,0.690,2,12.083,7273.529,0.667,0.303,1.549,0.042,0.777,0.722,0.085,0.915,0.578,0.650
2790,93.000,0.000,0.000,0.000,0.000,0,0,0,0.000,0.000,4,0,0.690,0,12.083,7273.529,0.633,0.303,3.801,0.778,0.790,0.767,0.170,0.830,0.287,0.650
2793,93.100,0.000,0.000,0.000,0.000,0,0,0,0.000,0.000,4,0,0.690,0,12.083,7273.529,0.600,0.303,3.117,0.303,0.808,0.274,0.137,0.863,0.299,0.580
2796,93.200,0.000,12.207,0.000,-0.832,1,0,1,0.000,1.188,4,0,0.724,1,14.422,7185.147,0.600,0.316,2.488,0.367,0.948,0.613,0.128,0.872,0.521,0.650
2799,93.300,0.000,0.000,0.000,0.000,0,0,0,0.000,0.000,4,0,0.724,0,14.422,7185.147,0.567,0.316,2.004,0.435,1.135,0.291,0.119,0.881,0.258,0.650
2802,93.400,0.000,0.000,0.000,0.000,0,0,0,0.000,0.000,4,0,0.724,0,14.422,7185.147,0.533,0.316,3.399,0.256,1.263,0.561,0.144,0.856,0.301,0.580
2805,93.500,0.000,0.000,0.000,0.000,0,0,0,0.000,0.000,4,0,0.759,0,14.422,7185.147,0.500,0.316,6.281,0.064,1.162,0.221,0.175,0.825,0.383,0.580
2808,93.600,0.000,0.000,0.000,0.000,0,0,0,0.000,0.000,4,0,0.759,0,14.422,7185.147,0.467,0.316,5.867,0.408,0.972,0.036,0.168,0.832,0.344,0.580
2811,93.700,222.812,0.000,181.763,0.000,1,1,0,0.000,1.468,4,0,0.759,3,73.824,4546.775,0.467,0.316,5.462,0.725,0.829,0.095,0.191,0.809,0.827,0.650
2814,93.800,39.051,0.000,-183.760,0.000,1,1,0,0.000,1.216,4,0,0.793,3,0.000,4264.794,0.467,0.323,5.255,0.101,0.656,0.410,0.152,0.848,0.832,0.580
2817,93.900,33.136,0.000,-5.915,0.000,1,1,0,0.000,0.842,4,0,0.793,3,0.000,1410.830,0.467,0.323,6.270,0.544,0.524,0.851,0.121,0.879,0.794,0.580
2820,94.000,44.944,0.000,11.808,0.000,1,1,0,0.000,0.803,4,0,0.793,3,120.487,1795.150,0.467,0.329,5.415,0.515,0.122,0.106,0.153,0.847,0.840,0.669
2823,94.100,21.095,0.000,-23.849,0.000,1,1,0,0.000,0.760,4,0,0.793,3,109.882,2051.404,0.467,0.329,4.494,0.637,0.474,0.594,0.170,0.830,0.676,0.610
2826,94.200,22.023,0.000,0.928,0.000,1,1,0,0.000,0.693,4,0,0.793,2,120.487,2258.528,0.467,0.329,2.978,0.741,0.239,0.354,0.162,0.838,0.591,0.669
2829,94.300,5.831,0.000,-16.192,0.000,1,1,0,0.000,0.847,4,0,0.793,2,110.422,2707.759,0.467,0.336,2.176,0.878,0.069,1.577,0.168,0.832,0.471,0.613
2832,94.400,6.708,0.000,0.877,0.000,1,1,0,0.000,0.739,4,0,0.828,2,94.831,2917.325,0.467,0.336,1.631,0.718,0.129,1.824,0.137,0.863,0.474,0.580
2835,94.500,2.236,0.000,-4.472,0.000,1,1,0,0.000,0.756,4,0,0.828,2,6.708,2694.409,0.467,0.342,1.303,0.687,0.191,0.288,0.119,0.881,0.443,0.580
2838,94.600,4.243,0.000,2.007,0.000,1,1,0,0.000,0.756,4,0,0.828,2,97.862,2222.688,0.500,0.342,1.565,0.796,0.120,0.034,0.141,0.859,0.457,0.580
2841,94.700,2.236,0.000,-2.007,0.000,1,1,0,0.000,0.779,4,0,0.862,1,1.414,1846.954,0.533,0.349,1.123,0.766,0.081,0.174,0.125,0.875,0.396,0.580
2844,94.800,4.472,0.000,2.236,0.000,1,1,0,0.000,0.996,4,0,0.862,2,65.192,1670.959,0.567,0.355,0.797,0.665,0.070,0.443,0.089,0.911,0.456,0.580
2847,94.900,3.162,0.000,-1.310,0.000,1,1,0,0.000,1.232,3,1,0.828,1,9.000,1536.675,0.567,0.361,0.488,0.760,0.094,0.260,0.061,0.939,0.405,0.750
2850,95.000,1.000,0.000,-2.162,0.000,1,1,0,0.000,1.486,3,0,0.862,1,9.000,1397.307,0.600,0.361,0.336,0.376,0.033,0.655,0.041,0.959,0.420,0.580
2853,95.100,1.414,0.000,0.414,0.000,1,1,0,0.000,1.566,4,1,0.828,1,4.472,1315.979,0.633,0.367,0.857,0.663,0.171,2.319,0.077,0.923,0.404,0.750
2856,95.200,5.000,0.000,3.586,0.000,1,1,0,0.000,1.870,4,0,0.828,2,95.258,1272.037,0.667,0.374,1.669,0.887,0.329,0.643,0.125,0.875,0.477,0.580
2859,95.300,3.000,0.000,-2.000,0.000,1,1,0,0.000,1.754,4,0,0.862,2,89.202,1152.008,0.700,0.374,3.138,0.911,0.454,0.101,0.166,0.834,0.505,0.580
2862,95.400,2.000,0.000,-1.000,0.000,1,1,0,0.000,1.910,4,0,0.862,2,85.907,1043.150,0.733,0.380,2.279,0.860,0.524,0.081,0.129,0.871,0.486,0.580
2865,95.500,2.236,0.000,0.236,0.000,1,1,0,0.000,2.205,4,0,0.897,1,6.325,983.369,0.733,0.386,1.039,0.815,0.688,0.159,0.095,0.905,0.414,0.580
2868,95.600,4.123,0.000,1.887,0.000,1,1,0,0.000,2.293,4,0,0.931,2,88.955,944.719,0.767,0.386,1.283,0.691,0.931,2.589,0.086,0.914,0.489,0.580
2871,95.700,5.385,0.000,1.262,0.000,1,1,0,0.000,2.375,4,0,0.931,2,89.359,940.839,0.767,0.392,1.896,0.246,1.269,0.017,0.095,0.905,0.542,0.580
2874,95.800,3.000,0.000,-2.385,0.000,1,1,0,0.000,2.266,4,0,0.931,2,5.831,921.780,0.800,0.398,1.800,0.456,1.477,0.173,0.108,0.892,0.516,0.700
2877,95.900,4.000,0.000,1.000,0.000,1,1,0,0.000,2.168,4,0,0.931,1,6.403,838.294,0.800,0.398,1.841,0.849,1.657,0.373,0.149,0.851,0.450,0.700
2880,96.000,3.162,0.000,-0.838,0.000,1,1,0,0.000,2.029,4,0,0.931,2,1.414,834.949,0.833,0.398,2.467,0.817,1.660,1.819,0.102,0.898,0.512,0.700
2883,96.100,1.000,0.000,-2.162,0.000,1,1,0,0.000,2.186,4,0,0.931,1,3.162,834.469,0.867,0.404,1.229,0.852,1.381,0.123,0.059,0.941,0.426,0.580
2886,96.200,1.000,0.000,0.000,0.000,1,1,0,0.000,1.989,4,0,0.931,1,4.123,815.095,0.867,0.404,0.876,0.681,1.269,2.137,0.054,0.946,0.429,0.580
2889,96.300,2.236,0.000,1.236,0.000,1,1,0,0.000,1.909,3,1,0.897,1,6.325,814.184,0.900,0.410,0.674,0.326,1.167,2.574,0.081,0.919,0.474,0.750
2892,96.400,0.000,0.000,-2.236,0.000,1,1,0,0.000,1.764,4,1,0.862,1,1.000,813.258,0.933,0.411,0.457,0.769,1.076,0.320,0.054,0.946,0.415,0.750
2895,96.500,1.414,0.000,1.414,0.000,1,1,0,0.000,1.557,3,1,0.828,1,1.414,811.428,0.967,0.417,0.393,0.847,0.912,0.571,0.044,0.956,0.434,0.750
2898,96.600,0.000,0.000,-1.414,0.000,1,1,0,0.000,1.478,4,1,0.793,1,3.606,814.119,1.000,0.450,0.503,0.864,0.732,0.207,0.048,0.952,0.417,0.750
2901,96.700,1.000,0.000,1.000,0.000,1,1,0,0.000,1.455,4,0,0.793,1,2.236,687.644,1.000,0.457,0.804,0.822,0.609,0.072,0.063,0.937,0.433,0.580
2904,96.800,3.000,0.000,2.000,0.000,1,1,0,0.000,1.374,4,0,0.793,1,3.162,690.489,1.000,0.456,1.159,0.303,0.548,1.076,0.075,0.925,0.489,0.580
2907,96.900,1.414,0.000,-1.586,0.000,1,1,0,0.000,1.490,4,0,0.793,1,2.828,554.357,1.000,0.463,0.579,0.687,0.587,2.903,0.044,0.956,0.439,0.580
2910,97.000,3.162,0.000,1.748,0.000,1,1,0,0.000,1.999,4,0,0.793,2,87.098,534.267,1.000,0.462,0.987,0.810,0.627,1.215,0.090,0.910,0.496,0.580
2913,97.100,3.000,0.000,-0.162,0.000,1,1,0,0.000,2.195,4,0,0.793,2,13.601,539.644,1.000,0.538,2.188,0.436,0.545,0.751,0.070,0.930,0.551,0.580
2916,97.200,5.385,0.000,2.385,0.000,1,1,0,0.000,2.308,4,0,0.793,2,1.414,541.635,1.000,0.547,1.691,0.834,0.399,0.501,0.060,0.940,0.524,0.580
2919,97.300,4.243,0.000,-1.143,0.000,1,1,0,0.000,2.380,4,0,0.793,2,2.000,368.069,1.000,0.547,2.693,0.629,0.368,0.304,0.108,0.892,0.557,0.580
2922,97.400,8.062,0.000,3.820,0.000,1,1,0,0.000,2.078,4,0,0.793,2,87.664,345.304,1.000,0.547,3.391,0.630,0.256,0.363,0.122,0.878,0.595,0.580
2925,97.500,5.831,0.000,-2.231,0.000,1,1,0,0.000,2.147,4,0,0.793,2,89.944,496.844,1.000,0.556,2.454,0.449,0.126,1.975,0.099,0.901,0.572,0.580
2928,97.600,10.296,0.000,4.465,0.000,1,1,0,0.000,2.339,4,0,0.793,2,104.938,648.694,1.000,0.556,2.667,0.780,0.224,2.014,0.154,0.846,0.579,0.583
2931,97.700,6.083,0.000,-4.213,0.000,1,1,0,0.000,2.157,4,0,0.793,2,101.966,772.504,1.000,0.556,3.892,0.780,0.065,1.104,0.141,0.859,0.587,0.580
2934,97.800,8.062,0.000,1.979,0.000,1,1,0,0.000,1.939,4,0,0.828,2,97.015,871.875,1.000,0.565,4.160,0.860,0.223,0.145,0.174,0.826,0.599,0.580
2937,97.900,14.560,0.000,6.498,0.000,1,1,0,0.000,1.637,4,0,0.828,2,104.809,982.545,1.000,0.565,3.162,0.774,0.535,1.002,0.151,0.849,0.616,0.582
2940,98.000,29.275,0.000,14.714,0.000,1,1,0,0.000,1.309,4,0,0.862,2,84.694,1076.544,1.000,0.565,4.811,0.674,0.771,0.280,0.157,0.843,0.746,0.350
2943,98.100,15.524,0.000,-13.750,0.000,1,1,0,0.000,1.017,4,0,0.862,2,78.102,1113.419,1.000,0.565,3.322,0.645,1.158,0.104,0.161,0.839,0.634,0.580
2946,98.200,10.630,0.000,-4.894,0.000,1,1,0,0.000,1.302,4,0,0.862,2,71.589,1187.139,1.000,0.565,3.081,0.837,1.392,0.109,0.165,0.835,0.587,0.580
2949,98.300,20.125,0.000,9.494,0.000,1,1,0,0.000,1.005,4,0,0.862,2,69.065,1225.769,1.000,0.565,2.951,0.819,1.633,0.017,0.167,0.833,0.638,0.700
2952,98.400,34.986,0.000,14.861,0.000,1,1,0,0.000,0.626,4,0,0.862,2,84.876,1205.927,1.000,0.556,3.132,0.844,2.408,0.395,0.150,0.850,0.724,0.700
2955,98.500,8.062,0.000,-26.923,0.000,1,1,0,0.000,0.566,4,0,0.862,2,81.541,1205.199,1.000,0.556,3.241,0.650,3.053,0.554,0.125,0.875,0.590,0.700
2958,98.600,16.643,0.000,8.581,0.000,1,1,0,0.000,0.617,4,0,0.862,2,12.166,1129.405,1.000,0.547,3.579,0.760,3.305,0.688,0.167,0.833,0.639,0.700
2961,98.700,24.597,537.729,7.953,525.523,2,1,1,441.838,1.507,4,0,0.862,4,186.601,1719.725,1.000,0.538,4.555,0.280,3.077,0.027,0.111,0.889,0.994,0.750
2964,98.800,42.720,75.611,18.123,-462.119,2,1,1,384.688,1.844,4,0,0.862,5,121.083,1770.864,1.000,0.521,5.237,0.587,3.455,2.676,0.193,0.807,0.990,0.700
2967,98.900,25.632,43.046,-17.088,-32.564,2,1,1,355.394,1.907,4,0,0.862,5,65.795,2075.249,1.000,0.504,6.460,0.752,3.183,0.450,0.208,0.792,0.998,0.700
2970,99.000,12.042,28.071,-13.590,-14.975,2,1,1,348.695,1.789,4,0,0.862,6,0.000,2345.540,1.000,0.470,5.549,0.788,2.704,0.167,0.181,0.819,0.890,0.700
2973,99.100,5.000,14.866,-7.042,-13.205,2,1,1,342.987,1.554,4,0,0.862,6,89.067,2190.819,1.000,0.426,2.880,0.835,2.937,1.188,0.159,0.841,0.746,0.700
2976,99.200,3.606,13.038,-1.394,-1.828,2,1,1,328.878,1.526,4,0,0.897,5,78.892,1786.207,1.000,0.417,1.965,0.679,2.675,0.432,0.124,0.876,0.724,0.700
2979,99.300,0.000,0.000,0.000,0.000,0,0,0,0.000,0.000,6,1,0.897,0,78.892,1786.207,0.967,0.417,16.751,0.570,1.991,1.771,0.282,0.718,0.446,0.750
2982,99.400,0.000,0.000,0.000,0.000,0,0,0,0.000,0.000,6,0,0.931,0,78.892,1786.207,0.933,0.417,1.109,0.452,2.269,2.535,0.097,0.903,0.278,0.700
2985,99.500,0.000,0.000,0.000,0.000,0,0,0,0.000,0.000,6,0,0.966,0,78.892,1786.207,0.900,0.417,1.160,0.747,2.051,0.377,0.080,0.920,0.255,0.700
2988,99.600,0.000,0.000,0.000,0.000,0,0,0,0.000,0.000,4,1,0.931,0,78.892,1786.207,0.867,0.417,0.898,0.610,1.500,0.400,0.080,0.920,0.254,0.750
2991,99.700,0.000,0.000,0.000,0.000,0,0,0,0.000,0.000,4,0,0.931,0,78.892,1786.207,0.833,0.417,0.839,0.805,1.312,2.428,0.103,0.897,0.235,0.580
2994,99.800,0.000,0.000,0.000,0.000,0,0,0,0.000,0.000,3,1,0.897,0,78.892,1786.207,0.800,0.417,0.480,0.571,1.148,1.976,0.048,0.952,0.238,0.750
2997,99.900,125.240,0.000,121.634,0.000,1,1,0,0.000,0.962,4,1,0.862,2,174.485,2195.618,0.800,0.310,1.982,0.775,0.964,1.149,0.088,0.912,0.731,0.750
3000,100.000,35.355,0.000,-89.884,0.000,1,1,0,0.000,1.226,4,0,0.862,2,0.000,2648.668,0.800,0.310,5.217,0.786,0.879,0.133,0.174,0.826,0.758,0.450
3003,100.100,45.880,124.652,10.525,111.613,2,1,1,354.831,1.291,4,0,0.862,4,85.446,2829.619,0.800,0.302,3.949,0.639,1.051,0.937,0.144,0.856,0.930,0.650
3006,100.200,416.293,339.841,370.413,215.190,2,1,1,404.545,1.350,5,1,0.828,6,0.000,3623.019,0.800,0.286,3.903,0.700,1.009,0.695,0.130,0.870,0.925,0.750
3009,100.300,380.276,0.000,-11.172,0.000,2,1,0,380.276,1.827,5,0,0.828,6,0.000,4169.537,0.800,0.268,3.950,0.617,0.734,0.943,0.156,0.844,0.932,0.500
3012,100.400,19.000,42.755,-361.276,-297.086,2,1,1,339.308,2.165,5,0,0.828,6,0.000,4723.515,0.800,0.250,4.812,0.523,0.298,0.092,0.147,0.853,0.947,0.500
3015,100.500,314.986,0.000,-32.994,0.000,2,1,0,314.986,2.144,6,1,0.793,6,239.754,5527.949,0.800,0.241,2.305,0.208,0.080,0.212,0.082,0.918,0.919,0.750
3018,100.600,0.000,291.239,0.000,281.339,2,0,1,291.239,1.535,6,0,0.793,6,0.000,5529.074,0.800,0.231,2.009,0.164,0.471,1.464,0.104,0.896,0.915,0.550
3021,100.700,318.127,4.123,3.142,-287.116,2,1,1,290.462,2.179,6,0,0.793,6,238.416,5841.180,0.800,0.231,1.557,0.514,0.546,1.151,0.116,0.884,0.879,0.750
3024,100.800,290.062,0.000,273.938,0.000,2,1,0,290.062,2.321,6,0,0.793,6,59.135,5077.094,0.800,0.231,1.965,0.557,0.406,0.798,0.124,0.876,0.886,0.500
3027,100.900,294.109,0.000,7.428,0.000,2,1,0,294.109,2.329,6,0,0.793,6,101.597,5015.394,0.800,0.231,1.941,0.523,0.672,0.045,0.142,0.858,0.888,0.564
3030,101.000,288.500,10.198,-5.609,6.075,2,1,1,279.260,2.371,6,0,0.793,6,0.000,4975.804,0.800,0.311,2.765,0.462,0.599,1.388,0.137,0.863,0.913,0.550
3033,101.100,277.200,0.000,-11.299,0.000,1,1,0,0.000,2.719,6,0,0.793,5,0.000,4975.804,0.800,0.311,3.026,0.203,0.486,0.196,0.089,0.911,0.857,0.650
3036,101.200,4.243,0.000,-272.958,0.000,1,1,0,0.000,2.393,6,0,0.793,5,170.461,4682.479,0.800,0.311,2.496,0.669,0.392,0.795,0.132,0.868,0.585,0.750
3039,101.300,0.000,266.751,0.000,236.518,2,0,1,266.751,2.336,6,0,0.793,6,104.403,4749.494,0.800,0.311,3.123,0.550,0.315,2.439,0.103,0.897,0.916,0.650
3042,101.400,0.000,267.711,0.000,0.960,1,0,1,0.000,2.532,5,1,0.759,4,119.038,4575.339,0.800,0.311,2.952,0.107,0.220,0.810,0.135,0.865,0.856,0.750
3045,101.500,0.000,8.544,0.000,-259.167,1,0,1,0.000,2.261,5,0,0.759,4,20.881,4437.747,0.800,0.311,2.982,0.535,0.182,1.036,0.140,0.860,0.625,0.580
3048,101.600,264.394,15.620,260.151,7.076,2,1,1,304.657,2.325,5,0,0.759,6,134.648,4077.507,0.800,0.311,1.839,0.655,0.253,1.644,0.128,0.872,0.876,0.748
3051,101.700,20.881,20.248,-243.513,4.628,2,1,1,337.748,2.081,5,0,0.759,6,72.402,4123.399,0.800,0.311,2.797,0.634,0.295,0.672,0.131,0.869,0.768,0.580
3054,101.800,9.220,6.083,-11.661,-14.166,2,1,1,338.565,2.196,5,0,0.759,4,0.000,3917.649,0.800,0.324,2.932,0.753,0.303,0.940,0.155,0.845,0.662,0.580
3057,101.900,4.472,8.602,-4.747,2.520,2,1,1,330.194,2.060,5,0,0.759,4,76.026,3760.327,0.800,0.324,2.425,0.680,0.300,0.309,0.147,0.853,0.651,0.580
3060,102.000,23.345,30.414,18.873,21.811,2,1,1,339.119,1.823,4,1,0.724,5,23.087,3472.999,0.800,0.324,3.002,0.550,0.316,1.040,0.144,0.856,0.832,0.750
3063,102.100,23.324,1.414,-0.021,-29.000,2,1,1,318.025,1.790,4,0,0.724,5,0.000,3039.084,0.800,0.324,3.993,0.831,0.250,1.262,0.194,0.806,0.797,0.580
3066,102.200,14.213,2.236,-9.111,0.822,2,1,1,310.272,1.442,4,0,0.759,5,58.009,3079.568,0.800,0.336,2.583,0.858,0.199,0.461,0.163,0.837,0.710,0.580
3069,102.300,23.537,5.831,9.325,3.595,2,1,1,301.810,1.438,5,1,0.724,6,109.252,2835.894,0.833,0.324,1.693,0.379,0.174,1.419,0.087,0.913,0.777,0.750
3072,102.400,24.515,13.000,0.978,7.169,2,1,1,338.740,1.681,5,0,0.724,6,109.417,2814.124,0.867,0.324,2.274,0.202,0.196,1.361,0.088,0.912,0.813,0.608
3075,102.500,32.249,26.926,7.734,13.926,2,1,1,361.334,1.757,5,0,0.759,6,53.600,2593.874,0.900,0.324,2.681,0.779,0.178,1.905,0.148,0.852,0.830,0.580
3078,102.600,0.000,7.280,0.000,-19.646,1,0,1,0.000,1.806,5,1,0.724,2,53.600,2593.874,0.933,0.336,2.253,0.500,0.104,0.093,0.119,0.881,0.546,0.750
3081,102.700,0.000,15.000,0.000,7.720,1,0,1,0.000,1.715,5,0,0.759,2,152.322,2682.104,0.967,0.336,0.934,0.416,0.033,1.181,0.072,0.928,0.566,0.750
3084,102.800,0.000,14.866,0.000,-0.134,1,0,1,0.000,1.897,5,0,0.793,2,152.322,2682.104,1.000,0.347,1.806,0.607,0.206,0.600,0.093,0.907,0.577,0.750
3087,102.900,0.000,73.824,0.000,58.958,1,0,1,0.000,1.758,6,1,0.759,2,152.322,2682.104,1.000,0.347,5.562,0.648,0.479,1.966,0.187,0.813,0.824,0.750
3090,103.000,0.000,54.424,0.000,-19.400,1,0,1,0.000,1.469,6,0,0.759,5,152.322,2682.104,1.000,0.347,4.965,0.729,0.391,0.430,0.176,0.824,0.893,0.750
3093,103.100,90.139,12.530,57.890,-41.894,2,1,1,322.014,1.584,6,0,0.793,6,39.115,2432.358,1.000,0.347,3.630,0.813,0.150,0.029,0.149,0.851,0.934,0.650
3096,103.200,0.000,10.050,0.000,-2.480,1,0,1,0.000,1.072,4,1,0.759,3,39.115,2432.358,1.000,0.358,3.666,0.677,0.144,2.811,0.157,0.843,0.655,0.750
3099,103.300,132.382,16.125,42.243,6.075,2,1,1,403.342,1.716,4,0,0.759,5,0.000,2372.869,1.000,0.347,5.090,0.828,0.312,1.206,0.200,0.800,0.969,0.650
3102,103.400,0.000,29.206,0.000,13.082,1,0,1,0.000,1.282,4,0,0.793,3,0.000,2372.869,1.000,0.358,4.043,0.849,0.617,0.516,0.192,0.808,0.759,0.650
3105,103.500,0.000,34.655,0.000,5.449,1,0,1,0.000,1.133,4,1,0.759,3,0.000,2372.869,1.000,0.358,2.929,0.469,1.496,0.885,0.130,0.870,0.788,0.750
3108,103.600,42.202,30.806,-90.180,-3.850,2,1,1,469.209,1.782,4,0,0.759,4,0.000,2450.920,1.000,0.358,3.549,0.342,1.352,0.367,0.147,0.853,0.949,0.650
3111,103.700,13.454,10.296,-28.748,-20.510,2,1,1,473.238,1.608,4,0,0.759,4,0.000,2500.575,1.000,0.369,3.030,0.619,0.865,0.501,0.162,0.838,0.757,0.580
3114,103.800,19.235,6.403,5.782,-3.893,2,1,1,460.001,1.914,4,0,0.759,4,151.000,2639.515,1.000,0.369,2.070,0.720,0.913,0.352,0.146,0.854,0.758,0.750
3117,103.900,10.198,2.236,-9.037,-4.167,2,1,1,459.132,1.966,4,0,0.759,4,0.000,2596.789,1.000,0.369,2.568,0.820,0.942,0.595,0.173,0.827,0.713,0.580
3120,104.000,0.000,459.070,0.000,453.685,2,0,1,459.070,0.913,4,0,0.759,4,12.369,2627.055,1.000,0.379,2.370,0.912,0.981,0.015,0.171,0.829,0.895,0.500
3123,104.100,0.000,463.350,0.000,4.280,1,0,1,0.000,1.174,4,0,0.759,2,12.369,2627.055,1.000,0.379,2.308,0.891,0.953,0.624,0.163,0.837,0.755,0.650
3126,104.200,0.000,10.440,0.000,-452.909,1,0,1,0.000,1.316,4,0,0.759,2,12.369,2627.055,1.000,0.389,1.882,0.731,1.045,0.612,0.152,0.848,0.564,0.580
3129,104.300,36.222,1.414,26.024,-9.026,2,1,1,468.004,2.123,4,0,0.793,4,13.928,2502.274,1.000,0.389,3.533,0.866,1.058,1.255,0.192,0.808,0.879,0.650
3132,104.400,9.899,2.000,-26.322,0.586,2,1,1,463.027,2.246,4,0,0.793,3,57.489,2552.710,1.000,0.379,1.592,0.781,1.337,0.025,0.144,0.856,0.645,0.580
3135,104.500,9.434,13.038,-0.466,11.038,2,1,1,462.477,1.904,4,0,0.793,4,226.276,3145.938,1.000,0.369,2.267,0.910,0.479,0.087,0.175,0.825,0.715,0.750
3138,104.600,0.000,10.817,0.000,-2.222,1,0,1,0.000,1.609,4,0,0.793,2,226.497,3331.900,1.000,0.379,1.524,0.805,0.156,0.830,0.148,0.852,0.552,0.750
3141,104.700,0.000,12.083,0.000,1.266,1,0,1,0.000,1.539,4,0,0.793,2,226.497,3331.900,1.000,0.389,1.377,0.630,0.063,0.451,0.107,0.893,0.567,0.750
3144,104.800,0.000,6.708,0.000,-5.375,1,0,1,0.000,1.579,4,0,0.793,2,226.497,3331.900,1.000,0.389,1.450,0.405,0.239,0.314,0.119,0.881,0.555,0.750
3147,104.900,0.000,9.434,0.000,2.726,1,0,1,0.000,1.258,4,0,0.828,2,226.497,3331.900,1.000,0.399,1.872,0.793,0.514,0.254,0.136,0.864,0.554,0.750
3150,105.000,0.000,35.468,0.000,26.034,1,0,1,0.000,1.220,5,1,0.793,2,226.497,3331.900,1.000,0.408,4.386,0.601,0.704,0.170,0.137,0.863,0.757,0.750
3153,105.100,0.000,26.833,0.000,-8.635,1,0,1,0.000,1.249,5,0,0.793,2,226.497,3331.900,1.000,0.408,3.373,0.652,0.626,0.658,0.135,0.865,0.680,0.750
3156,105.200,0.000,4.000,0.000,-22.833,1,0,1,0.000,1.290,5,0,0.828,2,226.497,3331.900,1.000,0.408,0.891,0.134,0.619,0.774,0.083,0.917,0.527,0.750
3159,105.300,0.000,59.076,0.000,55.076,1,0,1,0.000,1.435,4,1,0.793,1,226.497,3331.900,1.000,0.417,1.720,0.560,0.756,0.268,0.098,0.902,0.719,0.750
3162,105.400,0.000,80.081,0.000,21.005,1,0,1,0.000,1.181,4,0,0.793,3,226.497,3331.900,1.000,0.426,2.196,0.713,0.810,2.584,0.146,0.854,0.810,0.750
3165,105.500,0.000,63.348,0.000,-16.733,1,0,1,0.000,1.222,4,0,0.828,3,226.497,3331.900,1.000,0.426,3.314,0.851,0.854,0.337,0.205,0.795,0.828,0.750
3168,105.600,0.000,60.308,0.000,-3.041,1,0,1,0.000,0.916,4,0,0.828,3,82.329,3244.619,1.000,0.426,3.342,0.824,0.780,0.286,0.156,0.844,0.831,0.350
3171,105.700,0.000,32.311,0.000,-27.997,1,0,1,0.000,0.888,4,0,0.828,3,78.746,3686.360,1.000,0.426,2.076,0.646,0.730,1.277,0.116,0.884,0.741,0.450
3174,105.800,0.000,23.022,0.000,-9.289,1,0,1,0.000,0.824,4,0,0.862,3,35.228,3853.967,1.000,0.426,1.888,0.784,0.834,0.557,0.149,0.851,0.675,0.580
3177,105.900,0.000,7.071,0.000,-15.951,1,0,1,0.000,0.917,4,0,0.862,3,103.470,4759.788,1.000,0.426,1.278,0.832,1.093,0.288,0.122,0.878,0.568,0.580
3180,106.000,0.000,25.495,0.000,18.424,1,0,1,0.000,0.901,4,0,0.862,3,48.301,5139.229,1.000,0.435,1.142,0.648,0.933,0.149,0.082,0.918,0.680,0.580
3183,106.100,0.000,65.460,0.000,39.965,1,0,1,0.000,0.681,4,0,0.897,3,88.142,5366.620,1.000,0.435,2.521,0.337,0.925,1.357,0.120,0.880,0.844,0.550
3186,106.200,0.000,99.298,0.000,33.838,1,0,1,0.000,0.695,5,1,0.862,3,88.142,5366.620,1.000,0.435,2.781,0.695,0.664,0.607,0.161,0.839,0.799,0.750
3189,106.300,0.000,101.203,0.000,1.905,1,0,1,0.000,0.797,5,0,0.862,1,88.142,5366.620,1.000,0.444,5.135,0.827,0.394,1.693,0.214,0.786,0.776,0.550
3192,106.400,0.000,65.000,0.000,-36.203,1,0,1,0.000,0.754,5,0,0.897,1,88.142,5366.620,1.000,0.453,4.362,0.754,0.118,1.123,0.201,0.799,0.762,0.450
3195,106.500,0.000,24.021,0.000,-40.979,1,0,1,0.000,0.849,4,1,0.862,1,111.005,5598.340,1.000,0.453,3.053,0.800,0.587,0.390,0.181,0.819,0.619,0.750
3198,106.600,0.000,20.396,0.000,-3.625,1,0,1,0.000,0.963,4,0,0.862,1,28.231,5661.167,1.000,0.462,2.080,0.755,0.256,1.369,0.151,0.849,0.577,0.580
3201,106.700,0.000,47.096,0.000,26.700,1,0,1,0.000,0.795,4,0,0.862,2,28.231,5661.167,1.000,0.462,2.618,0.691,0.172,0.549,0.127,0.873,0.777,0.450
3204,106.800,482.685,73.007,473.251,25.911,2,1,1,38.275,1.569,4,0,0.862,6,56.303,5293.039,1.000,0.453,3.327,0.847,0.449,0.663,0.155,0.845,0.924,0.650
3207,106.900,0.000,52.010,0.000,-20.997,1,0,1,0.000,0.827,4,0,0.862,3,34.366,4439.489,1.000,0.453,4.549,0.637,0.588,0.513,0.152,0.848,0.874,0.650
3210,107.000,0.000,42.953,0.000,-9.056,1,0,1,0.000,0.894,4,0,0.862,3,0.000,3066.240,1.000,0.453,5.483,0.787,0.793,0.382,0.201,0.799,0.876,0.000
3213,107.100,465.695,11.045,-16.990,-31.908,2,1,1,419.663,1.733,5,1,0.828,6,0.000,2765.679,1.000,0.435,4.921,0.868,0.844,1.233,0.202,0.798,0.962,0.750
3216,107.200,17.889,4.243,-447.807,-6.803,2,1,1,405.908,1.840,5,0,0.828,6,71.344,3248.604,1.000,0.417,2.924,0.876,0.847,0.035,0.179,0.821,0.761,0.580
3219,107.300,10.000,5.657,-7.889,1.414,2,1,1,406.597,1.549,5,0,0.828,6,0.000,2988.609,1.000,0.399,2.279,0.828,0.896,0.345,0.156,0.844,0.705,0.580
3222,107.400,17.464,9.434,7.464,3.777,2,1,1,415.101,1.490,4,1,0.793,5,0.000,1827.659,1.000,0.399,2.887,0.487,1.090,0.422,0.101,0.899,0.785,0.750
3225,107.500,390.520,0.000,-5.399,0.000,2,1,0,390.520,1.451,4,0,0.793,5,0.000,1652.629,1.000,0.389,5.252,0.361,1.206,1.098,0.131,0.869,1.000,0.500
3228,107.600,12.806,102.181,-377.714,92.747,2,1,1,388.909,1.766,4,0,0.793,5,0.000,1143.674,1.000,0.379,4.497,0.530,1.518,0.410,0.158,0.842,0.975,0.700
3231,107.700,5.000,42.953,-7.806,-59.228,2,1,1,398.321,2.112,4,0,0.793,4,0.000,1086.710,1.000,0.379,4.273,0.626,1.599,0.358,0.163,0.837,0.952,0.700
3234,107.800,13.601,32.016,8.601,-10.938,2,1,1,377.107,1.808,4,0,0.793,4,0.000,984.790,1.000,0.379,6.295,0.758,1.631,1.201,0.181,0.819,0.932,0.700
3237,107.900,0.000,15.811,-13.601,-16.204,2,1,1,386.021,1.734,4,0,0.828,4,75.664,1053.565,1.000,0.347,2.476,0.682,1.197,0.100,0.096,0.904,0.752,0.580
3240,108.000,3.162,10.000,3.162,-5.811,2,1,1,389.217,1.945,4,0,0.828,4,88.414,1086.884,1.000,0.336,2.840,0.746,0.892,0.009,0.129,0.871,0.724,0.580
3243,108.100,11.705,6.000,8.542,-4.000,2,1,1,386.167,2.250,4,0,0.828,4,99.202,1203.298,1.000,0.347,2.412,0.456,1.019,2.476,0.110,0.890,0.743,0.580
3246,108.200,5.000,39.013,-6.705,33.013,2,1,1,395.790,2.138,4,0,0.862,4,94.260,1129.369,1.000,0.336,1.707,0.297,1.125,0.595,0.092,0.908,0.889,0.524
3249,108.300,7.280,33.242,2.280,-5.771,2,1,1,431.623,1.729,3,1,0.828,4,85.586,934.089,1.000,0.336,3.270,0.638,1.050,0.202,0.148,0.852,0.772,0.750
3252,108.400,462.641,0.000,12.920,0.000,2,1,0,462.641,1.785,3,0,0.828,3,69.893,904.878,1.000,0.347,4.204,0.578,0.960,0.824,0.132,0.868,0.865,0.500
3255,108.500,13.000,46.872,-449.641,13.631,2,1,1,464.407,2.170,3,0,0.828,3,76.276,896.055,1.000,0.347,3.047,0.530,0.730,1.740,0.184,0.816,0.839,0.550
3258,108.600,7.810,28.284,-5.190,-18.588,2,1,1,430.935,1.903,3,0,0.828,3,79.906,877.294,1.000,0.358,4.811,0.463,0.395,0.014,0.199,0.801,0.795,0.350
3261,108.700,8.246,9.000,0.436,-19.284,2,1,1,429.535,1.940,3,0,0.828,3,234.542,1930.044,1.000,0.358,2.194,0.591,0.290,2.245,0.169,0.831,0.614,0.750
3264,108.800,9.220,0.000,0.973,0.000,1,1,0,0.000,1.718,3,0,0.828,2,61.000,1900.378,1.000,0.369,2.952,0.649,0.217,1.559,0.168,0.832,0.520,0.650
3267,108.900,6.325,0.000,-2.895,0.000,1,1,0,0.000,1.607,4,1,0.793,2,7.071,1873.747,1.000,0.379,2.344,0.709,0.235,0.396,0.171,0.829,0.554,0.750
3270,109.000,528.875,0.000,527.875,0.000,2,1,0,528.875,1.555,4,0,0.793,3,63.032,1840.819,1.000,0.379,2.600,0.816,0.137,1.450,0.170,0.830,0.863,0.650
3273,109.100,505.747,0.000,-21.154,0.000,2,1,0,505.747,1.572,4,0,0.828,2,278.729,3525.238,1.000,0.389,3.067,0.843,0.245,0.152,0.185,0.815,0.828,0.750
3276,109.200,503.754,0.000,-1.993,0.000,1,1,0,0.000,1.927,3,1,0.793,1,278.029,3446.927,1.000,0.389,4.003,0.818,0.449,0.156,0.156,0.844,0.673,0.750
3279,109.300,4.472,0.000,-499.282,0.000,1,1,0,0.000,1.699,3,0,0.793,2,14.422,3378.819,1.000,0.399,3.881,0.844,0.564,1.726,0.184,0.816,0.503,0.580
3282,109.400,2.000,0.000,-2.472,0.000,1,1,0,0.000,1.780,3,0,0.828,2,16.279,3297.599,1.000,0.408,2.819,0.916,0.702,0.441,0.211,0.789,0.457,0.580
3285,109.500,4.472,0.000,2.472,0.000,1,1,0,0.000,1.825,4,1,0.793,2,0.000,3229.868,1.000,0.408,2.612,0.886,0.561,0.718,0.208,0.792,0.538,0.750
3288,109.600,6.325,0.000,1.852,0.000,1,1,0,0.000,2.079,4,0,0.793,2,5.385,3200.649,1.000,0.417,4.834,0.900,0.558,0.561,0.230,0.770,0.603,0.580
3291,109.700,12.806,0.000,6.482,0.000,1,1,0,0.000,1.975,4,0,0.793,2,68.949,3168.165,1.000,0.417,3.584,0.425,0.459,0.571,0.155,0.845,0.641,0.580
3294,109.800,0.000,508.827,0.000,36.825,2,0,1,508.827,1.067,5,1,0.759,4,162.250,2674.527,1.000,0.417,4.159,0.776,0.294,1.703,0.191,0.809,0.914,0.750
3297,109.900,502.004,508.885,489.198,0.058,2,1,1,525.187,1.891,5,0,0.759,4,86.093,2698.184,1.000,0.417,2.346,0.347,0.247,2.944,0.143,0.857,0.898,0.550
