frame_idx,timestamp,hand_velocity_left,hand_velocity_right,hand_acceleration_left,hand_acceleration_right,hands_present,grip_state_left,grip_state_right,hand_distance,trajectory_curvature,num_tools,tool_changed,tool_stability,num_interactions,contact_point_shift,contact_point_variance,interaction_density,interaction_rhythm,flow_magnitude,flow_uniformity,flow_discontinuity,direction_change,scene_change_score,visual_stability,activity_level,transition_score
0,0.000,0.000,0.000,0.000,0.000,0,0,0,0.000,0.000,3,0,1.000,0,0.000,0.000,0.000,0.000,0.000,1.000,0.000,0.000,0.000,1.000,0.100,0.000
3,0.100,0.000,0.000,0.000,0.000,0,0,0,0.000,0.000,4,1,0.000,0,0.000,0.000,0.000,0.000,3.298,0.966,0.000,2.901,0.236,0.764,0.185,0.750
6,0.200,0.000,0.000,0.000,0.000,0,0,0,0.000,0.000,4,0,0.500,0,0.000,0.000,0.000,0.000,3.737,0.959,0.000,0.158,0.240,0.760,0.196,0.000
9,0.300,0.000,0.000,0.000,0.000,0,0,0,0.000,0.000,4,0,0.667,0,0.000,0.000,0.000,0.000,3.737,0.984,0.000,0.132,0.240,0.760,0.195,0.000
12,0.400,0.000,0.000,0.000,0.000,0,0,0,0.000,0.000,4,0,0.750,0,0.000,0.000,0.000,0.000,2.857,0.978,0.000,0.006,0.216,0.784,0.173,0.000
15,0.500,0.000,0.000,0.000,0.000,0,0,0,0.000,0.000,4,0,0.800,0,0.000,0.000,0.000,0.000,2.542,0.940,0.000,0.156,0.209,0.791,0.168,0.000
18,0.600,0.000,0.000,0.000,0.000,0,0,0,0.000,0.000,3,1,0.667,0,0.000,0.000,0.000,0.000,1.853,0.917,0.000,0.261,0.174,0.826,0.052,0.750
21,0.700,0.000,0.000,0.000,0.000,0,0,0,0.000,0.000,3,0,0.714,0,0.000,0.000,0.000,0.000,3.803,0.928,0.000,0.108,0.224,0.776,0.100,0.000
24,0.800,0.000,0.000,0.000,0.000,0,0,0,0.000,0.000,3,0,0.750,0,0.000,0.000,0.000,0.000,4.448,0.888,0.000,0.291,0.255,0.745,0.119,0.000
27,0.900,0.000,0.000,0.000,0.000,1,0,0,0.000,0.000,3,0,0.778,1,0.000,0.000,0.100,0.000,2.915,0.847,0.000,0.855,0.219,0.781,0.206,0.650
30,1.000,16.155,0.000,16.155,0.000,1,0,0,0.000,0.000,3,0,0.800,1,0.000,0.000,0.182,0.000,3.025,0.655,0.000,0.192,0.140,0.860,0.321,0.550
33,1.100,0.000,0.000,0.000,0.000,0,0,0,0.000,0.000,3,0,0.818,0,0.000,0.000,0.167,0.000,3.606,0.686,0.000,2.321,0.154,0.846,0.132,0.650
36,1.200,0.000,0.000,0.000,0.000,0,0,0,0.000,0.000,3,0,0.833,0,0.000,0.000,0.154,0.000,3.940,0.663,0.000,0.137,0.211,0.789,0.141,0.580
39,1.300,0.000,0.000,0.000,0.000,0,0,0,0.000,0.000,3,0,0.846,0,0.000,0.000,0.143,0.000,3.623,0.623,0.000,2.433,0.216,0.784,0.134,0.580
42,1.400,77.078,0.000,60.922,0.000,1,0,0,0.000,0.000,3,0,0.857,2,0.000,0.000,0.200,0.495,3.239,0.740,0.000,0.097,0.209,0.791,0.543,0.650
45,1.500,26.077,0.000,-51.001,0.000,1,0,0,0.000,1.361,3,0,0.867,2,0.000,12.111,0.250,0.449,2.772,0.735,0.000,1.830,0.179,0.821,0.433,0.550
48,1.600,6.083,0.000,-19.994,0.000,1,0,0,0.000,1.832,3,0,0.875,2,0.000,10.480,0.294,0.433,2.374,0.857,0.000,1.416,0.190,0.810,0.308,0.580
51,1.700,12.042,0.000,5.959,0.000,1,0,0,0.000,1.304,3,0,0.882,2,4.123,9.722,0.333,0.426,1.524,0.805,0.000,0.040,0.156,0.844,0.329,0.350
54,1.800,7.000,0.000,-5.042,0.000,1,1,0,0.000,1.350,3,0,0.889,1,9.220,13.082,0.368,0.442,1.601,0.648,0.000,1.403,0.148,0.852,0.338,0.580
57,1.900,7.810,0.000,0.810,0.000,1,1,0,0.000,1.255,3,0,0.895,2,78.313,368.395,0.400,0.438,1.703,0.239,0.000,1.452,0.137,0.863,0.437,0.550
60,2.000,6.403,0.000,-1.407,0.000,1,1,0,0.000,1.080,3,0,0.900,2,9.434,339.645,0.429,0.437,1.527,0.274,0.000,0.080,0.129,0.871,0.426,0.350
63,2.100,17.029,0.000,10.626,0.000,1,1,0,0.000,0.929,3,0,0.905,2,19.105,340.339,0.455,0.436,1.746,0.567,0.000,0.067,0.147,0.853,0.473,0.350
66,2.200,23.431,0.000,6.401,0.000,1,1,0,0.000,0.835,3,0,0.909,2,54.332,486.935,0.478,0.437,5.242,0.521,0.000,0.339,0.107,0.893,0.602,0.000
69,2.300,30.610,0.000,7.180,0.000,1,1,0,0.000,0.690,3,0,0.913,2,58.600,927.787,0.500,0.438,3.089,0.352,0.000,0.134,0.140,0.860,0.603,0.000
72,2.400,51.624,0.000,21.013,0.000,1,1,0,0.000,0.562,3,0,0.917,2,62.241,1451.059,0.520,0.438,3.492,0.419,0.000,0.169,0.160,0.840,0.690,0.000
75,2.500,48.384,0.000,-3.240,0.000,1,1,0,0.000,0.618,3,0,0.920,2,40.608,1797.673,0.538,0.440,3.969,0.605,0.000,0.548,0.168,0.832,0.691,0.000
78,2.600,28.284,0.000,-20.100,0.000,1,1,0,0.000,0.491,3,0,0.923,2,87.710,2282.784,0.556,0.441,3.329,0.695,0.000,0.389,0.171,0.829,0.578,0.000
81,2.700,19.026,0.000,-9.258,0.000,1,1,0,0.000,0.486,3,0,0.926,2,0.000,2478.469,0.571,0.442,5.312,0.825,0.000,1.252,0.187,0.813,0.569,0.000
84,2.800,17.889,0.000,-1.138,0.000,1,1,0,0.000,0.525,3,0,0.929,2,128.825,2458.669,0.586,0.443,3.734,0.442,0.000,0.397,0.154,0.846,0.552,0.716
87,2.900,5.657,0.000,-12.232,0.000,1,1,0,0.000,0.562,3,0,0.931,1,6.083,2454.129,0.600,0.451,1.940,0.330,0.000,0.784,0.121,0.879,0.389,0.580
90,3.000,4.472,0.000,-1.185,0.000,1,1,0,0.000,0.581,3,0,0.966,1,3.162,2409.885,0.633,0.459,1.351,0.645,0.000,1.374,0.128,0.872,0.349,0.580
93,3.100,2.236,0.000,-2.236,0.000,1,1,0,0.000,0.635,3,0,0.966,1,2.236,1947.288,0.667,0.466,1.257,0.231,0.791,0.398,0.119,0.881,0.368,0.580
96,3.200,0.000,0.000,-2.236,0.000,1,1,0,0.000,0.543,3,0,0.966,1,2.828,1762.509,0.700,0.472,1.359,0.729,0.763,0.294,0.109,0.891,0.327,0.580
99,3.300,2.000,0.000,2.000,0.000,1,1,0,0.000,0.519,2,1,0.931,1,1.414,1533.019,0.733,0.479,0.792,0.098,0.481,0.186,0.090,0.910,0.402,0.750
102,3.400,3.606,0.000,1.606,0.000,1,1,0,0.000,0.538,3,1,0.897,2,0.000,1037.304,0.767,0.478,0.995,0.709,0.341,2.547,0.074,0.926,0.407,0.750
105,3.500,3.000,0.000,-0.606,0.000,1,1,0,0.000,0.497,3,0,0.931,2,7.211,870.237,0.800,0.478,1.381,0.650,0.286,0.245,0.066,0.934,0.422,0.580
108,3.600,7.280,0.000,4.280,0.000,1,1,0,0.000,0.888,3,0,0.931,2,4.243,798.050,0.833,0.478,1.365,0.467,0.208,1.161,0.066,0.934,0.462,0.000
111,3.700,9.220,0.000,1.939,0.000,1,1,0,0.000,0.917,3,0,0.931,2,0.000,1135.599,0.867,0.478,2.697,0.250,0.225,1.353,0.115,0.885,0.525,0.550
114,3.800,8.000,0.000,-1.220,0.000,1,1,0,0.000,0.900,3,0,0.931,2,0.000,1321.307,0.900,0.478,3.122,0.574,0.432,1.217,0.138,0.862,0.510,0.000
117,3.900,5.000,0.000,-3.000,0.000,1,1,0,0.000,1.209,3,0,0.931,2,5.000,1440.044,0.900,0.478,1.400,0.555,0.375,3.041,0.081,0.919,0.452,0.580
120,4.000,3.606,0.000,-1.394,0.000,1,1,0,0.000,1.309,3,0,0.931,2,112.009,1467.137,0.900,0.478,2.033,0.220,0.539,1.442,0.111,0.889,0.483,0.622
123,4.100,13.601,0.000,9.996,0.000,1,1,0,0.000,1.533,3,0,0.931,2,0.000,1449.838,0.933,0.478,3.228,0.857,0.697,2.356,0.174,0.826,0.528,0.550
126,4.200,4.472,0.000,-9.129,0.000,1,1,0,0.000,1.792,3,0,0.931,2,0.000,1240.637,0.967,0.478,1.727,0.792,0.693,0.374,0.115,0.885,0.449,0.580
129,4.300,2.236,0.000,-2.236,0.000,1,1,0,0.000,1.835,3,0,0.931,2,0.000,1229.475,1.000,0.478,1.992,0.729,0.888,0.960,0.130,0.870,0.451,0.580
132,4.400,1.000,0.000,-1.236,0.000,1,1,0,0.000,1.535,3,0,0.931,2,0.000,1166.240,1.000,0.479,2.524,0.559,0.986,0.689,0.125,0.875,0.470,0.580
135,4.500,431.700,0.000,427.577,0.000,2,1,0,431.700,1.947,3,0,0.931,4,0.000,1083.928,1.000,0.513,1.957,0.588,0.866,0.951,0.114,0.886,0.808,0.650
138,4.600,441.077,0.000,10.773,0.000,2,1,0,441.077,2.173,3,0,0.931,4,0.000,1001.097,1.000,0.504,2.238,0.848,0.723,0.889,0.172,0.828,0.797,0.350
141,4.700,440.409,0.000,-0.668,0.000,1,1,0,0.000,2.175,3,0,0.931,2,20.000,978.684,1.000,0.504,2.316,0.646,0.591,0.950,0.128,0.872,0.703,0.650
144,4.800,1.414,0.000,-438.995,0.000,1,1,0,0.000,1.977,3,0,0.931,2,0.000,705.914,1.000,0.504,2.218,0.698,0.532,0.023,0.127,0.873,0.454,0.580
147,4.900,2.236,0.000,0.822,0.000,1,1,0,0.000,2.017,3,0,0.931,2,8.485,575.599,1.000,0.504,1.158,0.571,0.406,2.393,0.075,0.925,0.441,0.580
150,5.000,2.236,0.000,0.000,0.000,1,1,0,0.000,2.156,3,0,0.931,2,10.000,431.689,1.000,0.504,2.398,0.837,0.354,1.910,0.153,0.847,0.454,0.580
153,5.100,7.211,0.000,4.975,0.000,1,1,0,0.000,1.858,3,0,0.931,2,96.566,393.334,1.000,0.504,4.045,0.945,0.300,0.940,0.159,0.841,0.515,0.580
156,5.200,5.385,0.000,-1.826,0.000,1,1,0,0.000,1.991,3,0,0.931,2,0.000,238.428,1.000,0.504,2.756,0.618,0.159,1.296,0.135,0.865,0.496,0.580
159,5.300,5.385,0.000,0.000,0.000,1,1,0,0.000,1.599,3,0,0.931,2,0.000,505.537,1.000,0.504,3.418,0.820,0.048,0.645,0.174,0.826,0.498,0.580
162,5.400,36.000,0.000,30.615,0.000,1,1,0,0.000,1.261,4,1,0.897,2,0.000,559.735,1.000,0.504,3.922,0.809,0.035,0.177,0.173,0.827,0.751,0.750
165,5.500,67.082,0.000,31.082,0.000,1,1,0,0.000,0.929,4,0,0.897,2,0.000,608.579,1.000,0.504,5.412,0.872,0.202,0.116,0.210,0.790,0.834,0.450
168,5.600,55.946,0.000,-11.136,0.000,1,1,0,0.000,0.800,4,0,0.897,2,0.000,608.579,1.000,0.504,5.423,0.832,0.506,0.540,0.227,0.773,0.837,0.000
171,5.700,0.000,0.000,0.000,0.000,1,0,0,0.000,0.000,4,0,0.897,2,268.972,2482.504,1.000,0.504,4.661,0.801,0.636,0.826,0.225,0.775,0.490,0.750
174,5.800,0.000,0.000,0.000,0.000,0,0,0,0.000,0.000,4,0,0.897,0,268.972,2482.504,0.967,0.504,6.187,0.804,1.396,0.103,0.239,0.761,0.384,0.750
177,5.900,0.000,0.000,0.000,0.000,0,0,0,0.000,0.000,4,0,0.897,0,268.972,2482.504,0.933,0.504,8.066,0.759,2.251,0.507,0.251,0.749,0.429,0.750
180,6.000,0.000,0.000,0.000,0.000,0,0,0,0.000,0.000,3,1,0.862,0,268.972,2482.504,0.900,0.504,6.133,0.725,2.629,0.138,0.236,0.764,0.281,0.750
183,6.100,0.000,0.000,0.000,0.000,0,0,0,0.000,0.000,3,0,0.862,0,268.972,2482.504,0.867,0.504,4.938,0.966,2.994,0.041,0.227,0.773,0.230,0.750
186,6.200,0.000,0.000,0.000,0.000,0,0,0,0.000,0.000,3,0,0.897,0,268.972,2482.504,0.833,0.504,4.154,0.945,3.208,0.189,0.214,0.786,0.208,0.750
189,6.300,0.000,171.977,0.000,171.977,1,0,0,0.000,0.000,3,0,0.931,2,268.972,2482.504,0.833,0.407,3.365,0.953,3.340,0.345,0.203,0.797,0.607,0.750
192,6.400,0.000,2.236,0.000,-169.741,1,0,0,0.000,0.000,3,0,0.931,2,268.972,2482.504,0.833,0.399,3.117,0.965,3.713,0.065,0.198,0.802,0.363,0.750
195,6.500,0.000,3.162,0.000,0.926,1,0,0,0.000,1.429,3,0,0.931,2,268.972,2482.504,0.833,0.392,2.745,0.933,4.019,0.082,0.173,0.827,0.361,0.750
198,6.600,0.000,7.211,0.000,4.049,1,0,0,0.000,0.848,3,0,0.931,2,268.972,2482.504,0.833,0.384,3.042,0.752,4.127,0.181,0.152,0.848,0.403,0.750
201,6.700,0.000,14.765,0.000,7.554,1,0,0,0.000,1.449,3,0,0.931,2,268.972,2482.504,0.833,0.384,3.511,0.636,3.041,0.394,0.158,0.842,0.465,0.750
204,6.800,0.000,6.708,0.000,-8.057,1,0,1,0.000,1.095,3,0,0.931,2,268.972,2482.504,0.833,0.384,3.444,0.918,3.097,0.466,0.175,0.825,0.479,0.750
207,6.900,0.000,2.236,0.000,-4.472,1,0,1,0.000,1.318,3,0,0.931,2,268.972,2482.504,0.833,0.384,4.073,0.845,2.967,0.003,0.177,0.823,0.475,0.750
210,7.000,0.000,11.045,0.000,8.809,1,0,1,0.000,1.191,3,0,0.931,2,268.972,2482.504,0.833,0.384,1.713,0.900,2.583,0.302,0.138,0.862,0.461,0.750
213,7.100,0.000,7.000,0.000,-4.045,1,0,1,0.000,1.258,3,0,0.931,2,268.972,2482.504,0.833,0.384,5.144,0.721,1.478,0.609,0.216,0.784,0.537,0.750
216,7.200,268.024,0.000,212.078,0.000,1,1,0,0.000,0.822,3,0,0.931,2,268.972,2482.504,0.833,0.384,4.295,0.811,1.117,0.605,0.198,0.802,0.721,0.750
219,7.300,0.000,0.000,0.000,0.000,0,0,0,0.000,0.000,3,0,0.931,0,268.972,2482.504,0.800,0.384,5.504,0.703,0.917,0.194,0.226,0.774,0.254,0.750
222,7.400,0.000,0.000,0.000,0.000,0,0,0,0.000,0.000,3,0,0.931,0,268.972,2482.504,0.767,0.384,3.945,0.848,0.581,1.153,0.201,0.799,0.201,0.750
225,7.500,0.000,0.000,0.000,0.000,0,0,0,0.000,0.000,4,1,0.897,0,268.972,2482.504,0.733,0.384,1.684,0.863,0.107,0.318,0.146,0.854,0.240,0.750
228,7.600,0.000,0.000,0.000,0.000,0,0,0,0.000,0.000,4,0,0.897,0,268.972,2482.504,0.700,0.384,1.846,0.792,0.203,1.699,0.191,0.809,0.245,0.750
231,7.700,0.000,0.000,0.000,0.000,0,0,0,0.000,0.000,4,0,0.897,0,268.972,2482.504,0.667,0.384,2.803,0.946,0.422,1.683,0.238,0.762,0.254,0.750
234,7.800,0.000,0.000,0.000,0.000,0,0,0,0.000,0.000,4,1,0.862,0,268.972,2482.504,0.633,0.384,3.470,0.930,0.562,2.686,0.253,0.747,0.268,0.750
237,7.900,0.000,0.000,0.000,0.000,0,0,0,0.000,0.000,4,0,0.862,0,268.972,2482.504,0.600,0.384,5.937,0.936,0.627,2.444,0.271,0.729,0.325,0.750
240,8.000,169.994,0.000,-98.030,0.000,1,1,0,0.000,0.972,4,0,0.862,2,268.972,2482.504,0.600,0.338,4.860,0.889,0.671,0.387,0.251,0.749,0.771,0.750
243,8.100,0.000,0.000,0.000,0.000,0,0,0,0.000,0.000,4,0,0.862,0,268.972,2482.504,0.567,0.338,4.690,0.784,0.604,0.783,0.260,0.740,0.300,0.750
246,8.200,0.000,0.000,0.000,0.000,0,0,0,0.000,0.000,4,0,0.862,0,268.972,2482.504,0.533,0.338,5.272,0.819,0.467,0.053,0.261,0.739,0.308,0.750
249,8.300,0.000,0.000,0.000,0.000,0,0,0,0.000,0.000,4,0,0.897,0,268.972,2482.504,0.500,0.338,5.738,0.721,0.436,2.166,0.251,0.749,0.323,0.750
252,8.400,0.000,0.000,0.000,0.000,0,0,0,0.000,0.000,4,0,0.897,0,268.972,2482.504,0.467,0.338,5.386,0.945,0.331,2.608,0.245,0.755,0.294,0.750
255,8.500,0.000,0.000,0.000,0.000,0,0,0,0.000,0.000,4,0,0.897,0,268.972,2482.504,0.433,0.338,5.746,0.843,0.278,1.775,0.247,0.753,0.307,0.750
258,8.600,0.000,0.000,0.000,0.000,0,0,0,0.000,0.000,4,0,0.897,0,268.972,2482.504,0.400,0.338,5.408,0.872,0.074,1.084,0.245,0.755,0.292,0.750
261,8.700,0.000,0.000,0.000,0.000,0,0,0,0.000,0.000,3,1,0.862,0,268.972,2482.504,0.367,0.338,5.941,0.880,0.098,0.045,0.243,0.757,0.201,0.750
264,8.800,0.000,130.384,0.000,123.384,1,0,1,0.000,1.368,3,0,0.862,2,0.000,2475.089,0.400,0.327,8.352,0.823,0.184,0.639,0.254,0.746,0.760,0.650
267,8.900,148.718,0.000,-21.276,0.000,1,1,0,0.000,1.129,3,0,0.897,2,36.674,2449.395,0.433,0.327,8.871,0.787,0.345,0.339,0.238,0.762,0.767,0.500
270,9.000,56.000,0.000,-92.718,0.000,1,1,0,0.000,0.923,3,0,0.897,2,0.000,2506.637,0.467,0.327,9.111,0.700,1.013,0.248,0.224,0.776,0.777,0.450
273,9.100,60.877,0.000,4.877,0.000,1,1,0,0.000,0.954,3,0,0.897,2,0.000,2506.637,0.500,0.327,9.038,0.571,1.775,0.066,0.228,0.772,0.790,0.700
276,9.200,74.967,0.000,14.090,0.000,1,1,0,0.000,0.917,3,0,0.897,2,0.000,2506.637,0.533,0.332,6.671,0.544,2.348,0.060,0.227,0.773,0.763,0.700
279,9.300,46.098,0.000,-28.869,0.000,1,1,0,0.000,0.871,5,1,0.862,4,0.000,2506.637,0.533,0.332,6.060,0.511,2.679,2.305,0.181,0.819,0.874,0.750
282,9.400,20.396,0.000,-25.702,0.000,1,1,0,0.000,0.899,5,0,0.862,4,0.000,2506.637,0.533,0.327,4.929,0.495,2.828,1.612,0.181,0.819,0.710,0.700
285,9.500,17.889,0.000,-2.508,0.000,1,1,0,0.000,0.834,5,0,0.862,4,0.000,2506.637,0.533,0.322,3.962,0.657,2.248,0.047,0.184,0.816,0.660,0.700
288,9.600,0.000,304.593,0.000,174.209,1,0,1,0.000,1.465,5,0,0.862,4,0.000,2506.637,0.533,0.316,6.140,0.717,2.057,0.195,0.195,0.805,0.861,0.700
291,9.700,0.000,11.705,0.000,-292.888,1,0,1,0.000,1.788,5,0,0.862,4,0.000,2506.637,0.533,0.311,7.262,0.890,2.030,0.158,0.196,0.804,0.692,0.700
294,9.800,35.000,0.000,17.111,0.000,1,1,0,0.000,0.742,5,0,0.862,4,0.000,2506.637,0.533,0.306,8.129,0.917,1.970,0.093,0.195,0.805,0.838,0.700
297,9.900,19.235,0.000,-15.765,0.000,1,1,0,0.000,0.656,4,1,0.828,3,0.000,2506.637,0.533,0.306,7.716,0.833,1.882,0.078,0.198,0.802,0.740,0.750
300,10.000,11.402,0.000,-7.834,0.000,1,1,0,0.000,0.618,4,0,0.828,3,0.000,2506.637,0.533,0.295,7.638,0.949,1.880,0.059,0.203,0.797,0.687,0.700
303,10.100,12.530,0.000,1.128,0.000,1,1,0,0.000,0.688,4,0,0.828,3,0.000,2506.637,0.533,0.295,7.020,0.934,1.923,0.064,0.203,0.797,0.679,0.700
306,10.200,11.180,0.000,-1.350,0.000,1,1,0,0.000,0.788,4,0,0.828,3,0.000,2506.637,0.533,0.289,5.727,0.891,1.974,0.020,0.201,0.799,0.642,0.700
309,10.300,1.414,0.000,-9.766,0.000,1,1,0,0.000,0.852,4,0,0.828,3,0.000,2506.637,0.567,0.289,3.778,0.845,1.816,0.010,0.194,0.806,0.546,0.700
312,10.400,8.062,0.000,6.648,0.000,1,1,0,0.000,0.982,4,0,0.862,3,0.000,2506.637,0.600,0.282,3.239,0.798,1.222,0.137,0.184,0.816,0.577,0.580
315,10.500,16.125,0.000,8.062,0.000,1,1,0,0.000,0.998,4,1,0.828,3,158.202,3518.054,0.633,0.282,2.957,0.764,0.694,0.060,0.187,0.813,0.621,0.750
318,10.600,10.296,0.000,-5.829,0.000,1,1,0,0.000,0.812,4,0,0.828,3,15.811,4281.885,0.667,0.287,3.303,0.737,0.230,0.204,0.179,0.821,0.603,0.580
321,10.700,0.000,111.288,0.000,99.583,1,0,1,0.000,1.520,4,0,0.862,3,107.713,4636.269,0.700,0.408,4.033,0.676,0.215,0.106,0.176,0.824,0.823,0.598
324,10.800,36.125,0.000,25.829,0.000,1,1,0,0.000,0.718,4,1,0.828,3,0.000,4907.728,0.733,0.399,5.274,0.545,0.498,0.048,0.153,0.847,0.817,0.750
327,10.900,0.000,66.129,0.000,-45.159,1,0,1,0.000,1.561,4,0,0.828,3,0.000,4818.715,0.767,0.399,4.386,0.604,0.705,1.436,0.154,0.846,0.844,0.550
330,11.000,0.000,50.990,0.000,30.890,2,0,1,50.990,1.309,4,0,0.828,6,0.000,4587.618,0.767,0.389,3.961,0.482,0.665,0.090,0.133,0.867,0.937,0.650
333,11.100,99.725,0.000,63.600,0.000,1,1,0,0.000,0.767,3,1,0.793,2,0.000,2135.310,0.800,0.389,2.486,0.262,0.598,0.748,0.118,0.882,0.710,0.750
336,11.200,14.142,0.000,-85.582,0.000,1,1,0,0.000,0.895,3,0,0.793,2,0.000,1696.638,0.833,0.399,2.858,0.173,0.838,1.050,0.138,0.862,0.558,0.580
339,11.300,10.000,0.000,-4.142,0.000,1,1,0,0.000,1.043,3,0,0.793,2,0.000,1475.338,0.867,0.399,2.259,0.651,1.124,1.866,0.140,0.860,0.490,0.580
342,11.400,13.601,0.000,3.601,0.000,1,1,0,0.000,1.242,3,0,0.793,2,0.000,1191.197,0.900,0.408,1.659,0.358,1.453,1.084,0.123,0.877,0.520,0.700
345,11.500,2.236,0.000,-11.365,0.000,1,1,0,0.000,1.100,3,0,0.793,2,0.000,777.710,0.933,0.408,2.264,0.832,1.838,0.885,0.130,0.870,0.443,0.700
348,11.600,32.558,0.000,30.322,0.000,1,1,0,0.000,1.131,3,0,0.828,2,0.000,468.805,0.967,0.417,4.092,0.821,2.180,0.751,0.174,0.826,0.662,0.700
351,11.700,16.643,0.000,-15.914,0.000,1,1,0,0.000,1.408,3,0,0.828,2,0.000,342.125,1.000,0.417,3.768,0.851,2.477,0.009,0.174,0.826,0.567,0.700
354,11.800,25.710,0.000,9.067,0.000,1,1,0,0.000,1.657,3,0,0.828,2,0.000,279.575,1.000,0.426,3.152,0.802,2.535,0.419,0.159,0.841,0.605,0.700
357,11.900,2.236,20.616,-23.474,-30.375,2,1,1,18.028,1.610,3,0,0.828,4,0.000,220.925,1.000,0.426,4.048,0.887,2.110,0.044,0.178,0.822,0.704,0.700
360,12.000,16.125,0.000,13.888,0.000,1,1,0,0.000,1.455,5,1,0.793,2,0.000,298.540,1.000,0.426,5.405,0.861,1.723,0.276,0.196,0.804,0.656,0.750
363,12.100,6.708,0.000,-9.416,0.000,1,1,0,0.000,1.465,5,0,0.793,2,0.000,296.790,1.000,0.426,2.819,0.786,1.367,0.274,0.160,0.840,0.545,0.580
366,12.200,1.414,0.000,-5.294,0.000,1,1,0,0.000,1.543,5,0,0.828,2,118.849,622.014,1.000,0.435,1.459,0.629,1.224,0.043,0.110,0.890,0.492,0.660
369,12.300,7.071,0.000,5.657,0.000,1,1,0,0.000,1.834,5,0,0.828,2,143.544,1025.325,1.000,0.435,1.810,0.925,1.208,0.538,0.129,0.871,0.512,0.750
372,12.400,13.601,0.000,6.530,0.000,1,1,0,0.000,2.005,5,0,0.828,2,109.041,1215.508,1.000,0.435,1.916,0.576,1.314,0.653,0.130,0.870,0.575,0.606
375,12.500,5.831,0.000,-7.771,0.000,1,1,0,0.000,1.671,5,0,0.828,2,0.000,1143.827,1.000,0.444,1.867,0.823,1.376,2.887,0.094,0.906,0.513,0.580
378,12.600,17.493,0.000,11.662,0.000,1,1,0,0.000,1.576,3,1,0.793,2,0.000,1089.097,1.000,0.444,2.009,0.792,1.454,0.534,0.120,0.880,0.532,0.750
381,12.700,7.810,0.000,-9.683,0.000,1,1,0,0.000,1.724,3,0,0.793,2,0.000,1089.097,1.000,0.444,2.631,0.925,1.248,1.098,0.144,0.856,0.484,0.580
384,12.800,0.000,29.017,0.000,8.402,1,0,1,0.000,1.071,3,0,0.828,2,0.000,1126.997,1.000,0.453,3.590,0.684,1.108,1.433,0.144,0.856,0.643,0.550
387,12.900,30.017,0.000,22.206,0.000,1,1,0,0.000,1.672,4,1,0.793,2,147.363,1357.247,1.000,0.453,1.771,0.710,0.911,0.245,0.100,0.900,0.671,0.750
390,13.000,55.866,0.000,25.849,0.000,1,1,0,0.000,1.437,4,0,0.793,3,0.000,1866.497,1.000,0.453,2.570,0.656,0.721,0.149,0.161,0.839,0.823,0.450
393,13.100,92.282,0.000,36.416,0.000,1,1,0,0.000,1.119,4,0,0.793,2,0.000,2189.427,1.000,0.453,3.557,0.558,0.583,1.444,0.151,0.849,0.810,0.550
396,13.200,69.065,0.000,-23.217,0.000,1,1,0,0.000,0.816,3,1,0.759,2,113.278,2594.149,1.000,0.462,5.110,0.801,0.601,0.027,0.220,0.780,0.762,0.750
399,13.300,41.773,0.000,-27.292,0.000,1,1,0,0.000,0.501,3,0,0.759,1,113.278,2594.149,1.000,0.462,4.127,0.835,0.474,0.350,0.217,0.783,0.657,0.629
402,13.400,0.000,0.000,0.000,0.000,0,0,0,0.000,0.000,3,0,0.793,0,113.278,2594.149,0.967,0.462,2.987,0.890,0.362,0.491,0.205,0.795,0.198,0.650
405,13.500,0.000,0.000,0.000,0.000,0,0,0,0.000,0.000,7,1,0.759,0,113.278,2594.149,0.933,0.462,1.848,0.472,0.488,0.562,0.135,0.865,0.295,0.750
408,13.600,0.000,0.000,0.000,0.000,0,0,0,0.000,0.000,7,0,0.759,0,113.278,2594.149,0.900,0.462,2.444,0.718,0.811,0.850,0.163,0.837,0.289,0.629
411,13.700,0.000,0.000,0.000,0.000,0,0,0,0.000,0.000,7,0,0.793,0,113.278,2594.149,0.867,0.462,1.745,0.580,0.794,3.058,0.141,0.859,0.277,0.629
414,13.800,0.000,0.000,0.000,0.000,0,0,0,0.000,0.000,3,1,0.759,0,113.278,2594.149,0.833,0.462,1.777,0.848,0.563,0.185,0.168,0.832,0.155,0.750
417,13.900,0.000,0.000,0.000,0.000,0,0,0,0.000,0.000,3,0,0.759,0,113.278,2594.149,0.800,0.462,1.592,0.800,0.390,2.300,0.126,0.874,0.150,0.629
420,14.000,0.000,0.000,0.000,0.000,0,0,0,0.000,0.000,3,0,0.793,0,113.278,2594.149,0.767,0.462,1.798,0.035,0.266,0.678,0.111,0.889,0.205,0.629
423,14.100,0.000,0.000,0.000,0.000,0,0,0,0.000,0.000,5,1,0.759,0,113.278,2594.149,0.733,0.462,2.170,0.489,0.142,2.592,0.117,0.883,0.278,0.750
426,14.200,0.000,0.000,0.000,0.000,0,0,0,0.000,0.000,5,0,0.759,0,113.278,2594.149,0.700,0.462,2.867,0.497,0.102,1.284,0.177,0.823,0.291,0.629
429,14.300,0.000,0.000,0.000,0.000,0,0,0,0.000,0.000,5,0,0.759,0,113.278,2594.149,0.667,0.462,4.049,0.786,0.073,0.360,0.218,0.782,0.296,0.629
432,14.400,0.000,0.000,0.000,0.000,0,0,0,0.000,0.000,6,1,0.724,0,113.278,2594.149,0.633,0.462,3.725,0.777,0.125,0.063,0.212,0.788,0.285,0.750
435,14.500,0.000,0.000,0.000,0.000,0,0,0,0.000,0.000,6,0,0.724,0,113.278,2594.149,0.600,0.462,3.166,0.576,0.014,0.948,0.187,0.813,0.281,0.629
438,14.600,0.000,0.000,0.000,0.000,0,0,0,0.000,0.000,6,0,0.724,0,113.278,2594.149,0.567,0.462,3.423,0.794,0.003,0.942,0.204,0.796,0.268,0.629
441,14.700,0.000,0.000,0.000,0.000,0,0,0,0.000,0.000,7,1,0.690,0,113.278,2594.149,0.533,0.462,3.199,0.888,0.029,0.464,0.210,0.790,0.252,0.750
444,14.800,0.000,0.000,0.000,0.000,0,0,0,0.000,0.000,7,0,0.690,0,113.278,2594.149,0.500,0.462,2.734,0.909,0.158,0.641,0.175,0.825,0.235,0.629
447,14.900,0.000,0.000,0.000,0.000,0,0,0,0.000,0.000,7,0,0.724,0,113.278,2594.149,0.467,0.462,2.925,0.831,0.282,0.291,0.203,0.797,0.241,0.629
450,15.000,0.000,0.000,0.000,0.000,0,0,0,0.000,0.000,4,1,0.690,0,113.278,2594.149,0.433,0.462,2.993,0.776,0.234,0.670,0.185,0.815,0.242,0.750
453,15.100,0.000,0.000,0.000,0.000,0,0,0,0.000,0.000,4,0,0.690,0,113.278,2594.149,0.400,0.462,3.371,0.603,0.035,0.513,0.207,0.793,0.260,0.629
456,15.200,0.000,0.000,0.000,0.000,0,0,0,0.000,0.000,4,0,0.690,0,113.278,2594.149,0.367,0.462,4.415,0.588,0.122,0.167,0.226,0.774,0.283,0.629
459,15.300,0.000,0.000,0.000,0.000,0,0,0,0.000,0.000,3,1,0.655,0,113.278,2594.149,0.333,0.462,4.465,0.392,0.285,0.101,0.232,0.768,0.194,0.750
462,15.400,69.921,0.000,28.148,0.000,1,1,0,0.000,0.559,3,0,0.655,2,72.014,3354.509,0.333,0.224,4.324,0.278,0.468,0.369,0.211,0.789,0.699,0.650
465,15.500,21.095,0.000,-48.826,0.000,1,1,0,0.000,0.663,3,0,0.690,2,41.012,3932.068,0.333,0.224,4.800,0.336,0.661,0.043,0.211,0.789,0.574,0.450
468,15.600,27.659,0.000,6.564,0.000,1,1,0,0.000,0.582,4,1,0.655,3,0.000,3835.784,0.333,0.224,6.530,0.323,0.861,0.082,0.218,0.782,0.769,0.750
471,15.700,26.000,0.000,-1.659,0.000,1,1,0,0.000,0.637,4,0,0.655,3,0.000,3498.914,0.333,0.228,8.042,0.759,1.145,0.367,0.233,0.767,0.766,0.550
474,15.800,48.094,0.000,22.094,0.000,1,1,0,0.000,0.645,4,0,0.690,3,0.000,3058.219,0.333,0.228,9.564,0.831,1.470,0.114,0.236,0.764,0.867,0.700
477,15.900,29.428,0.000,-18.666,0.000,1,1,0,0.000,0.639,4,1,0.655,3,0.000,1712.439,0.333,0.224,8.185,0.774,1.746,0.189,0.237,0.763,0.784,0.750
480,16.000,40.162,0.000,10.734,0.000,1,1,0,0.000,0.692,4,0,0.655,3,0.000,2100.524,0.333,0.224,7.650,0.714,1.909,0.135,0.241,0.759,0.839,0.700
483,16.100,26.249,0.000,-13.913,0.000,1,1,0,0.000,0.722,4,0,0.690,3,0.000,1746.138,0.333,0.220,6.092,0.762,2.156,0.123,0.215,0.785,0.720,0.700
486,16.200,16.000,0.000,-10.249,0.000,1,1,0,0.000,0.762,3,1,0.655,2,0.000,1346.775,0.333,0.220,5.897,0.721,2.348,0.027,0.188,0.812,0.546,0.750
489,16.300,13.038,0.000,-2.962,0.000,1,1,0,0.000,0.586,3,0,0.655,2,0.000,1148.795,0.333,0.220,4.631,0.592,3.216,0.692,0.173,0.827,0.507,0.700
492,16.400,2.828,0.000,-10.210,0.000,1,1,0,0.000,0.714,3,0,0.690,2,7.000,958.929,0.367,0.220,4.796,0.564,3.865,1.061,0.165,0.835,0.460,0.700
495,16.500,2.236,0.000,-0.592,0.000,1,1,0,0.000,0.794,4,1,0.655,2,2.000,874.834,0.400,0.224,3.822,0.426,4.042,0.106,0.157,0.843,0.516,0.750
498,16.600,2.828,0.000,0.592,0.000,1,1,0,0.000,0.989,4,0,0.655,2,2.236,763.088,0.433,0.224,2.523,0.467,4.152,0.305,0.130,0.870,0.488,0.700
501,16.700,4.472,0.000,1.644,0.000,1,1,0,0.000,1.312,4,0,0.690,1,3.000,622.178,0.467,0.228,1.300,0.719,3.917,0.008,0.119,0.881,0.408,0.700
504,16.800,1.000,0.000,-3.472,0.000,1,1,0,0.000,1.584,4,0,0.690,1,2.236,542.595,0.500,0.228,1.066,0.578,3.189,0.357,0.104,0.896,0.397,0.700
507,16.900,1.000,0.000,0.000,0.000,1,1,0,0.000,1.930,3,1,0.655,1,3.000,445.969,0.533,0.232,1.170,0.292,2.623,0.165,0.111,0.889,0.438,0.750
510,17.000,2.828,0.000,1.828,0.000,1,1,0,0.000,1.920,4,1,0.655,1,5.385,333.144,0.567,0.232,1.350,0.266,2.313,0.153,0.106,0.894,0.444,0.750
513,17.100,3.162,0.000,0.334,0.000,1,1,0,0.000,2.049,3,1,0.621,2,8.246,276.444,0.600,0.232,2.133,0.213,1.819,0.162,0.125,0.875,0.448,0.750
516,17.200,2.828,0.000,-0.334,0.000,1,1,0,0.000,1.963,3,0,0.621,1,6.403,215.800,0.633,0.236,1.904,0.577,0.772,0.850,0.122,0.878,0.359,0.580
519,17.300,5.831,0.000,3.003,0.000,1,1,0,0.000,1.973,3,0,0.655,2,14.560,142.789,0.667,0.236,2.252,0.484,0.004,0.044,0.122,0.878,0.455,0.580
522,17.400,7.071,0.000,1.240,0.000,1,1,0,0.000,2.079,3,0,0.655,2,14.866,134.794,0.700,0.236,2.108,0.270,0.442,0.269,0.112,0.888,0.477,0.580
525,17.500,5.000,156.160,-2.071,127.143,2,1,1,12.042,1.861,3,0,0.655,4,49.649,256.267,0.733,0.232,2.459,0.180,0.732,0.171,0.119,0.881,0.817,0.650
528,17.600,7.211,0.000,2.211,0.000,1,1,0,0.000,1.533,3,0,0.690,2,128.004,606.729,0.767,0.232,2.173,0.042,1.005,0.944,0.107,0.893,0.503,0.711
531,17.700,16.031,112.787,8.820,-43.373,2,1,1,80.231,1.271,3,0,0.690,4,121.334,1075.344,0.800,0.228,3.222,0.110,1.225,0.402,0.125,0.875,0.849,0.674
534,17.800,2.000,0.000,-14.031,0.000,1,1,0,0.000,1.361,3,0,0.690,2,0.000,1163.144,0.833,0.228,2.688,0.317,1.437,1.470,0.152,0.848,0.476,0.700
537,17.900,2.236,0.000,0.236,0.000,1,1,0,0.000,1.245,3,0,0.724,2,0.000,1213.527,0.867,0.228,2.575,0.418,1.650,0.134,0.130,0.870,0.472,0.700
540,18.000,11.662,0.000,9.426,0.000,1,1,0,0.000,1.294,3,0,0.724,2,0.000,1220.414,0.900,0.228,2.730,0.536,1.901,0.360,0.128,0.872,0.524,0.700
543,18.100,14.422,0.000,2.760,0.000,1,1,0,0.000,1.465,3,0,0.724,2,0.000,1160.009,0.933,0.479,2.997,0.538,2.047,1.650,0.127,0.873,0.549,0.700
546,18.200,22.136,330.189,7.714,217.402,2,1,1,343.879,1.352,3,0,0.759,4,104.938,1237.834,0.967,0.470,2.742,0.357,1.906,1.546,0.141,0.859,0.840,0.700
549,18.300,0.000,409.518,0.000,23.968,2,0,1,409.518,1.582,3,0,0.759,4,0.000,1215.519,1.000,0.470,2.811,0.506,1.515,1.994,0.116,0.884,0.835,0.700
552,18.400,0.000,0.000,0.000,0.000,0,0,0,0.000,0.000,3,0,0.759,0,0.000,1215.519,0.967,0.470,2.651,0.333,1.210,1.560,0.143,0.857,0.229,0.650
555,18.500,0.000,514.000,0.000,363.050,2,0,1,514.000,1.760,3,0,0.793,4,87.983,1333.838,0.967,0.454,2.248,0.205,0.999,0.314,0.116,0.884,0.838,0.650
558,18.600,67.676,416.083,45.540,-97.917,2,1,1,448.295,2.089,3,0,0.793,4,30.610,1190.737,0.967,0.454,2.811,0.734,0.837,2.401,0.157,0.843,0.815,0.550
561,18.700,0.000,449.678,0.000,33.595,1,0,1,0.000,2.292,3,0,0.793,2,78.645,1478.954,0.967,0.454,1.882,0.217,0.706,1.798,0.137,0.863,0.718,0.650
564,18.800,43.139,0.000,-24.536,0.000,1,1,0,0.000,1.856,3,0,0.828,2,0.000,1557.757,0.967,0.463,2.106,0.426,0.580,0.745,0.138,0.862,0.698,0.500
567,18.900,19.849,448.470,-23.290,-1.208,2,1,1,426.094,2.473,3,0,0.828,4,38.000,1590.588,0.967,0.454,2.431,0.606,0.472,0.942,0.144,0.856,0.814,0.650
570,19.000,17.029,10.050,-2.820,-438.420,2,1,1,431.793,2.683,3,0,0.828,4,47.413,1716.418,0.967,0.446,2.436,0.601,0.335,1.132,0.125,0.875,0.659,0.580
573,19.100,15.000,0.000,-2.029,0.000,1,1,0,0.000,2.066,3,0,0.862,2,35.609,1776.887,0.967,0.446,2.775,0.570,0.202,2.401,0.174,0.826,0.549,0.650
576,19.200,0.000,398.028,0.000,387.978,1,0,1,0.000,2.337,3,0,0.862,2,0.000,1782.777,0.967,0.437,2.318,0.486,0.023,0.538,0.134,0.866,0.710,0.500
579,19.300,17.464,0.000,2.464,0.000,1,1,0,0.000,2.127,3,0,0.862,2,0.000,1684.834,0.967,0.428,2.784,0.394,0.076,0.090,0.141,0.859,0.575,0.580
582,19.400,12.806,0.000,-4.658,0.000,1,1,0,0.000,1.926,3,0,0.897,2,0.000,1564.325,0.967,0.428,3.239,0.749,0.225,2.910,0.133,0.867,0.536,0.580
585,19.500,10.198,0.000,-2.608,0.000,1,1,0,0.000,1.980,3,0,0.897,2,0.000,1069.319,0.967,0.419,2.109,0.538,0.560,2.746,0.158,0.842,0.508,0.580
588,19.600,0.000,27.203,0.000,-370.825,1,0,1,0.000,1.953,3,0,0.897,2,17.000,882.894,0.967,0.419,1.744,0.728,0.721,2.952,0.140,0.860,0.580,0.580
591,19.700,0.000,1.000,0.000,-26.203,1,0,1,0.000,2.202,3,0,0.897,2,0.000,779.700,0.967,0.419,2.767,0.565,0.509,0.169,0.129,0.871,0.471,0.580
594,19.800,0.000,20.000,0.000,19.000,1,0,1,0.000,1.971,3,0,0.931,2,41.049,432.244,0.967,0.428,3.183,0.737,0.378,0.829,0.156,0.844,0.575,0.580
597,19.900,12.207,375.494,2.009,355.494,2,1,1,385.519,1.764,3,0,0.966,4,42.190,555.315,0.967,0.419,2.788,0.567,0.261,0.249,0.120,0.880,0.826,0.650
600,20.000,0.000,394.312,0.000,18.818,1,0,1,0.000,1.665,3,0,1.000,2,52.924,478.714,0.967,0.428,2.552,0.458,0.120,1.867,0.145,0.855,0.718,0.650
603,20.100,0.000,0.000,0.000,0.000,0,0,0,0.000,0.000,5,1,0.966,0,52.924,478.714,0.933,0.428,10.954,0.132,0.044,0.491,0.424,0.576,0.473,0.750
606,20.200,0.000,0.000,0.000,0.000,0,0,0,0.000,0.000,5,0,0.966,0,52.924,478.714,0.900,0.428,7.697,0.386,1.470,0.742,0.321,0.679,0.443,0.700
609,20.300,0.000,0.000,0.000,0.000,0,0,0,0.000,0.000,5,0,0.966,0,52.924,478.714,0.867,0.428,6.474,0.193,2.564,1.069,0.292,0.708,0.422,0.700
612,20.400,0.000,0.000,0.000,0.000,0,0,0,0.000,0.000,5,0,0.966,0,52.924,478.714,0.833,0.428,6.950,0.545,3.323,0.166,0.278,0.722,0.406,0.700
615,20.500,0.000,0.000,0.000,0.000,0,0,0,0.000,0.000,5,0,0.966,0,52.924,478.714,0.800,0.428,6.991,0.614,4.304,0.233,0.284,0.716,0.398,0.700
618,20.600,0.000,0.000,0.000,0.000,0,0,0,0.000,0.000,5,0,0.966,0,52.924,478.714,0.767,0.428,6.795,0.617,5.181,0.093,0.279,0.721,0.389,0.700
621,20.700,0.000,0.000,0.000,0.000,0,0,0,0.000,0.000,5,0,0.966,0,52.924,478.714,0.733,0.428,6.490,0.544,6.078,0.141,0.261,0.739,0.382,0.700
624,20.800,0.000,0.000,0.000,0.000,0,0,0,0.000,0.000,5,0,0.966,0,52.924,478.714,0.700,0.428,6.023,0.563,7.994,0.073,0.264,0.736,0.365,0.700
627,20.900,0.000,0.000,0.000,0.000,0,0,0,0.000,0.000,5,0,0.966,0,52.924,478.714,0.667,0.428,5.871,0.756,8.588,0.026,0.271,0.729,0.344,0.700
630,21.000,0.000,0.000,0.000,0.000,0,0,0,0.000,0.000,7,1,0.931,0,52.924,478.714,0.633,0.428,5.132,0.630,7.830,0.277,0.261,0.739,0.330,0.750
633,21.100,0.000,0.000,0.000,0.000,0,0,0,0.000,0.000,7,0,0.931,0,52.924,478.714,0.600,0.428,4.115,0.407,8.103,0.049,0.243,0.757,0.316,0.700
636,21.200,0.000,0.000,0.000,0.000,0,0,0,0.000,0.000,7,0,0.931,0,52.924,478.714,0.567,0.428,3.760,0.402,8.065,0.303,0.249,0.751,0.304,0.700
639,21.300,0.000,0.000,0.000,0.000,0,0,0,0.000,0.000,8,0,0.931,0,52.924,478.714,0.533,0.428,3.227,0.417,8.203,0.031,0.237,0.763,0.285,0.700
642,21.400,0.000,0.000,0.000,0.000,0,0,0,0.000,0.000,8,0,0.931,0,52.924,478.714,0.533,0.428,2.880,0.517,7.558,0.080,0.230,0.770,0.270,0.700
645,21.500,0.000,0.000,0.000,0.000,0,0,0,0.000,0.000,8,0,0.931,0,52.924,478.714,0.500,0.428,2.584,0.718,7.470,0.228,0.231,0.769,0.244,0.700
648,21.600,0.000,0.000,0.000,0.000,0,0,0,0.000,0.000,7,1,0.897,0,52.924,478.714,0.467,0.428,1.944,0.628,7.526,0.382,0.202,0.798,0.231,0.750
651,21.700,0.000,0.000,0.000,0.000,0,0,0,0.000,0.000,7,0,0.897,0,52.924,478.714,0.433,0.428,1.856,0.801,0.958,0.240,0.209,0.791,0.212,0.580
654,21.800,0.000,0.000,0.000,0.000,0,0,0,0.000,0.000,7,0,0.897,0,52.924,478.714,0.400,0.428,2.442,0.948,0.532,0.337,0.252,0.748,0.213,0.580
657,21.900,0.000,0.000,0.000,0.000,0,0,0,0.000,0.000,8,1,0.862,0,52.924,478.714,0.367,0.428,3.435,0.979,0.289,0.275,0.271,0.729,0.231,0.750
660,22.000,0.000,0.000,0.000,0.000,0,0,0,0.000,0.000,8,0,0.862,0,52.924,478.714,0.333,0.428,4.928,0.979,0.072,0.133,0.283,0.717,0.265,0.580
663,22.100,0.000,0.000,0.000,0.000,0,0,0,0.000,0.000,8,0,0.862,0,52.924,478.714,0.300,0.428,6.359,0.914,0.097,0.088,0.289,0.711,0.301,0.580
666,22.200,0.000,0.000,0.000,0.000,0,0,0,0.000,0.000,7,1,0.828,0,52.924,478.714,0.267,0.428,6.178,0.848,0.207,0.124,0.289,0.711,0.297,0.750
669,22.300,0.000,0.000,0.000,0.000,0,0,0,0.000,0.000,7,0,0.828,0,52.924,478.714,0.233,0.428,6.123,0.772,0.324,0.019,0.292,0.708,0.297,0.580
672,22.400,0.000,0.000,0.000,0.000,0,0,0,0.000,0.000,7,0,0.828,0,52.924,478.714,0.200,0.428,6.462,0.733,0.411,0.026,0.300,0.700,0.304,0.580
675,22.500,0.000,0.000,0.000,0.000,0,0,0,0.000,0.000,6,0,0.828,0,52.924,478.714,0.167,0.428,5.646,0.590,0.472,0.018,0.293,0.707,0.290,0.580
678,22.600,0.000,0.000,0.000,0.000,0,0,0,0.000,0.000,6,0,0.828,0,52.924,478.714,0.133,0.428,5.321,0.441,0.570,0.632,0.272,0.728,0.288,0.580
681,22.700,0.000,0.000,0.000,0.000,0,0,0,0.000,0.000,6,0,0.828,0,52.924,478.714,0.100,0.428,5.527,0.468,0.652,0.443,0.264,0.736,0.287,0.580
684,22.800,0.000,0.000,0.000,0.000,0,0,0,0.000,0.000,6,0,0.828,0,52.924,478.714,0.067,0.428,5.633,0.476,0.650,0.185,0.245,0.755,0.286,0.580
687,22.900,0.000,0.000,0.000,0.000,0,0,0,0.000,0.000,6,0,0.828,0,52.924,478.714,0.033,0.428,5.709,0.472,0.577,1.350,0.256,0.744,0.284,0.580
690,23.000,0.000,0.000,0.000,0.000,0,0,0,0.000,0.000,6,0,0.862,0,52.924,478.714,0.000,0.428,6.109,0.445,0.494,1.676,0.274,0.726,0.292,0.580
693,23.100,0.000,0.000,0.000,0.000,0,0,0,0.000,0.000,7,0,0.862,0,52.924,478.714,0.000,0.428,7.565,0.546,0.385,0.225,0.286,0.714,0.321,0.580
696,23.200,0.000,0.000,0.000,0.000,0,0,0,0.000,0.000,7,0,0.862,0,52.924,478.714,0.000,0.428,11.675,0.752,0.087,0.244,0.307,0.693,0.317,0.580
699,23.300,0.000,0.000,0.000,0.000,0,0,0,0.000,0.000,7,0,0.862,0,52.924,478.714,0.000,0.428,20.666,0.750,0.650,0.363,0.319,0.681,0.318,0.580
702,23.400,0.000,0.000,0.000,0.000,0,0,0,0.000,0.000,4,1,0.828,0,52.924,478.714,0.000,0.428,18.929,0.625,1.437,0.291,0.313,0.687,0.326,0.750
705,23.500,0.000,0.000,0.000,0.000,0,0,0,0.000,0.000,4,0,0.828,0,52.924,478.714,0.000,0.428,15.732,0.339,2.245,0.123,0.304,0.696,0.346,0.700
708,23.600,0.000,0.000,0.000,0.000,0,0,0,0.000,0.000,4,0,0.828,0,52.924,478.714,0.000,0.428,21.157,0.813,2.979,0.034,0.299,0.701,0.313,0.700
711,23.700,0.000,0.000,0.000,0.000,0,0,0,0.000,0.000,4,0,0.828,0,52.924,478.714,0.000,0.428,20.029,0.699,3.713,0.266,0.279,0.721,0.321,0.700
714,23.800,0.000,0.000,0.000,0.000,0,0,0,0.000,0.000,4,0,0.828,0,52.924,478.714,0.000,0.428,21.456,0.581,4.400,0.125,0.269,0.731,0.329,0.700
717,23.900,0.000,0.000,0.000,0.000,0,0,0,0.000,0.000,4,0,0.862,0,52.924,478.714,0.000,0.428,18.348,0.383,5.032,0.027,0.267,0.733,0.343,0.700
720,24.000,365.630,0.000,353.423,0.000,1,1,0,0.000,1.683,4,1,0.828,2,0.000,985.849,0.033,0.170,18.675,0.495,5.338,0.146,0.265,0.735,0.809,0.750
723,24.100,0.000,284.986,0.000,-109.326,1,0,1,0.000,1.626,4,0,0.828,2,0.000,980.444,0.067,0.170,18.193,0.539,5.762,0.401,0.245,0.755,0.810,0.700
726,24.200,0.000,54.037,0.000,-230.949,1,0,1,0.000,1.422,4,0,0.828,2,0.000,1288.668,0.100,0.170,12.972,0.398,6.138,0.011,0.224,0.776,0.824,0.700
729,24.300,0.000,38.471,0.000,-15.566,1,0,1,0.000,1.468,3,1,0.793,2,36.125,1571.894,0.133,0.170,11.754,0.343,6.267,0.285,0.194,0.806,0.726,0.750
732,24.400,0.000,53.600,0.000,15.130,1,0,1,0.000,1.518,3,0,0.793,2,36.125,1571.894,0.167,0.170,12.821,0.498,6.406,0.158,0.187,0.813,0.755,0.700
735,24.500,0.000,34.015,0.000,-19.586,1,0,1,0.000,1.239,3,0,0.828,2,36.125,1571.894,0.200,0.172,12.702,0.257,6.706,0.075,0.185,0.815,0.715,0.700
738,24.600,0.000,14.318,0.000,-19.697,1,0,1,0.000,1.188,3,0,0.828,2,36.125,1571.894,0.233,0.172,15.839,0.993,7.110,0.284,0.180,0.820,0.558,0.700
741,24.700,210.858,0.000,-154.772,0.000,1,1,0,0.000,1.506,3,0,0.828,2,36.125,1571.894,0.267,0.174,10.897,0.964,7.624,0.254,0.198,0.802,0.735,0.700
744,24.800,0.000,77.621,0.000,63.303,1,0,1,0.000,1.216,3,0,0.862,2,36.125,1571.894,0.300,0.172,6.744,0.922,5.536,0.397,0.205,0.795,0.710,0.700
747,24.900,0.000,29.069,0.000,-48.552,1,0,1,0.000,0.903,3,0,0.862,2,36.125,1571.894,0.333,0.174,7.475,0.880,2.154,0.520,0.216,0.784,0.647,0.700
750,25.000,0.000,0.000,0.000,0.000,0,0,0,0.000,0.000,3,0,0.862,0,36.125,1571.894,0.333,0.174,6.672,0.889,1.412,0.227,0.221,0.779,0.215,0.700
753,25.100,0.000,60.415,0.000,31.346,1,0,1,0.000,0.603,3,0,0.897,2,36.125,1571.894,0.367,0.177,5.820,0.888,1.079,0.162,0.254,0.746,0.697,0.650
756,25.200,0.000,9.849,0.000,-50.566,1,0,1,0.000,0.631,3,0,0.897,2,36.125,1571.894,0.400,0.179,6.425,0.930,0.591,0.201,0.248,0.752,0.518,0.580
759,25.300,0.000,3.162,0.000,-6.687,1,0,1,0.000,0.946,3,0,0.897,2,36.125,1571.894,0.433,0.179,3.545,0.634,0.260,0.701,0.218,0.782,0.434,0.580
762,25.400,0.000,0.000,0.000,0.000,0,0,0,0.000,0.000,3,0,0.897,0,36.125,1571.894,0.433,0.179,5.906,0.868,0.087,1.257,0.244,0.756,0.209,0.650
765,25.500,142.468,0.000,-68.390,0.000,1,1,0,0.000,1.836,3,0,0.897,2,36.125,1571.894,0.467,0.181,11.808,0.890,0.330,0.316,0.256,0.744,0.764,0.650
768,25.600,0.000,0.000,0.000,0.000,0,0,0,0.000,0.000,3,0,0.897,0,36.125,1571.894,0.467,0.181,12.636,0.818,0.538,0.116,0.264,0.736,0.269,0.650
771,25.700,0.000,0.000,0.000,0.000,0,0,0,0.000,0.000,3,0,0.897,0,36.125,1571.894,0.467,0.181,12.305,0.653,0.758,0.040,0.261,0.739,0.280,0.580
774,25.800,485.062,0.000,342.594,0.000,1,1,0,0.000,1.852,3,0,0.897,2,0.000,1767.124,0.500,0.185,13.221,0.792,0.908,0.115,0.249,0.751,0.775,0.650
777,25.900,79.762,0.000,-405.300,0.000,1,1,0,0.000,1.837,3,0,0.897,2,0.000,1648.819,0.533,0.188,16.326,0.727,1.044,0.162,0.249,0.751,0.783,0.450
780,26.000,41.976,0.000,-37.786,0.000,1,1,0,0.000,1.711,3,0,0.897,2,0.000,1643.644,0.567,0.188,17.894,0.879,1.221,0.017,0.255,0.745,0.760,0.450
783,26.100,27.803,0.000,-14.173,0.000,1,1,0,0.000,1.514,3,0,0.897,2,0.000,1692.329,0.600,0.190,17.350,0.941,1.433,0.043,0.261,0.739,0.681,0.700
786,26.200,27.731,0.000,-0.072,0.000,1,1,0,0.000,1.445,3,0,0.897,2,0.000,1686.169,0.633,0.190,14.977,0.853,1.849,0.014,0.266,0.734,0.690,0.700
789,26.300,16.279,0.000,-11.452,0.000,1,1,0,0.000,1.271,3,0,0.931,2,0.000,1698.724,0.667,0.190,11.504,0.763,1.716,0.102,0.274,0.726,0.637,0.700
792,26.400,0.000,554.518,0.000,551.356,1,0,1,0.000,1.234,3,0,0.931,2,0.000,1652.629,0.700,0.190,10.152,0.729,1.164,0.085,0.273,0.727,0.803,0.500
795,26.500,0.000,15.620,0.000,-538.897,1,0,1,0.000,1.235,3,0,0.931,2,0.000,1531.135,0.733,0.190,8.522,0.913,0.858,0.132,0.271,0.729,0.631,0.580
798,26.600,31.623,0.000,15.344,0.000,1,1,0,0.000,1.119,3,0,0.931,2,0.000,1556.779,0.767,0.190,6.691,0.857,0.635,0.613,0.267,0.733,0.695,0.580
801,26.700,12.649,0.000,-18.974,0.000,1,1,0,0.000,0.949,3,0,0.931,2,0.000,1040.445,0.800,0.190,5.454,0.702,0.411,0.517,0.244,0.756,0.573,0.580
804,26.800,92.849,0.000,80.200,0.000,1,1,0,0.000,0.853,3,0,0.931,2,38.275,835.059,0.833,0.190,15.201,0.501,0.247,1.098,0.322,0.678,0.835,0.450
807,26.900,43.966,0.000,-48.883,0.000,1,1,0,0.000,0.706,3,0,0.966,2,34.655,879.687,0.867,0.190,1.509,0.627,0.153,1.262,0.141,0.859,0.662,0.580
810,27.000,8.485,0.000,-35.481,0.000,1,1,0,0.000,0.757,3,0,0.966,2,23.707,983.015,0.867,0.190,2.103,0.764,0.277,0.198,0.129,0.871,0.470,0.580
813,27.100,13.000,0.000,4.515,0.000,1,1,0,0.000,0.768,3,0,0.966,2,53.759,1011.808,0.867,0.192,1.615,0.668,0.266,2.095,0.124,0.876,0.490,0.580
816,27.200,11.045,0.000,-1.955,0.000,1,1,0,0.000,0.753,3,0,1.000,2,25.179,1069.380,0.867,0.192,1.492,0.755,0.204,1.715,0.149,0.851,0.470,0.580
819,27.300,5.000,0.000,-6.045,0.000,1,1,0,0.000,0.882,3,0,1.000,2,41.110,1136.037,0.867,0.464,3.332,0.746,0.013,0.246,0.183,0.817,0.483,0.580
822,27.400,12.530,0.000,7.530,0.000,1,1,0,0.000,1.088,3,0,1.000,2,37.336,1127.775,0.867,0.464,2.496,0.682,0.200,0.423,0.144,0.856,0.508,0.580
825,27.500,13.454,0.000,0.924,0.000,1,1,0,0.000,1.081,3,0,1.000,2,21.190,986.994,0.867,0.464,1.693,0.420,0.483,0.971,0.149,0.851,0.512,0.580
828,27.600,9.487,0.000,-3.967,0.000,1,1,0,0.000,0.928,3,0,1.000,2,16.279,708.597,0.867,0.464,3.551,0.419,0.764,1.564,0.168,0.832,0.536,0.580
831,27.700,12.207,0.000,2.720,0.000,1,1,0,0.000,0.959,3,0,1.000,2,17.464,368.689,0.867,0.464,3.434,0.683,0.968,0.416,0.180,0.820,0.530,0.580
834,27.800,32.016,0.000,19.809,0.000,1,1,0,0.000,1.086,3,0,1.000,2,26.173,398.859,0.867,0.464,3.341,0.512,1.163,0.342,0.172,0.828,0.650,0.580
837,27.900,34.176,0.000,2.160,0.000,1,1,0,0.000,1.055,3,0,1.000,2,20.248,369.637,0.867,0.464,4.031,0.191,1.385,0.375,0.173,0.827,0.701,0.580
840,28.000,9.220,0.000,-24.956,0.000,1,1,0,0.000,1.088,3,0,1.000,2,17.464,313.044,0.900,0.464,2.707,0.804,1.545,1.164,0.186,0.814,0.491,0.700
843,28.100,0.000,68.942,0.000,53.322,1,0,1,0.000,1.563,3,0,1.000,2,0.000,273.194,0.900,0.464,4.445,0.441,1.701,1.784,0.172,0.828,0.758,0.700
846,28.200,0.000,18.000,0.000,-50.942,1,0,1,0.000,1.817,3,0,1.000,2,0.000,297.344,0.900,0.464,4.385,0.577,1.777,3.077,0.196,0.804,0.597,0.700
849,28.300,0.000,0.000,0.000,0.000,0,0,0,0.000,0.000,3,0,1.000,0,0.000,297.344,0.867,0.464,4.030,0.658,1.745,1.609,0.206,0.794,0.229,0.700
852,28.400,0.000,39.357,0.000,21.357,1,0,1,0.000,2.075,3,0,1.000,2,0.000,328.399,0.900,0.464,3.730,0.804,2.326,2.239,0.163,0.837,0.684,0.700
855,28.500,38.897,0.000,29.678,0.000,1,1,0,0.000,1.064,3,0,1.000,2,30.871,324.445,0.900,0.464,3.865,0.736,1.930,1.025,0.172,0.828,0.689,0.700
858,28.600,25.060,0.000,-13.837,0.000,1,1,0,0.000,0.964,3,0,1.000,2,70.612,416.194,0.933,0.464,4.555,0.584,1.550,1.047,0.172,0.828,0.644,0.700
861,28.700,0.000,37.577,0.000,-1.781,1,0,1,0.000,2.341,3,0,1.000,2,0.000,457.518,0.967,0.467,3.926,0.464,1.245,0.117,0.165,0.835,0.710,0.580
864,28.800,44.777,0.000,19.717,0.000,1,1,0,0.000,1.008,3,0,1.000,2,30.067,604.368,0.967,0.488,3.441,0.319,1.015,0.069,0.163,0.837,0.748,0.500
867,28.900,26.249,0.000,-18.528,0.000,1,1,0,0.000,0.982,3,0,1.000,2,54.037,689.894,0.967,0.488,2.932,0.530,0.887,0.223,0.129,0.871,0.618,0.580
870,29.000,0.000,0.000,0.000,0.000,0,0,0,0.000,0.000,3,0,1.000,0,54.037,689.894,0.933,0.488,6.089,0.754,0.747,1.842,0.179,0.821,0.281,0.650
873,29.100,0.000,0.000,0.000,0.000,0,0,0,0.000,0.000,3,0,1.000,0,54.037,689.894,0.900,0.488,4.369,0.919,0.556,0.076,0.200,0.800,0.223,0.580
876,29.200,0.000,0.000,0.000,0.000,0,0,0,0.000,0.000,3,0,1.000,0,54.037,689.894,0.867,0.488,5.171,0.796,0.435,0.894,0.187,0.813,0.248,0.580
879,29.300,0.000,0.000,0.000,0.000,0,0,0,0.000,0.000,3,0,1.000,0,54.037,689.894,0.833,0.488,2.537,0.458,0.286,0.329,0.157,0.843,0.201,0.580
882,29.400,0.000,0.000,0.000,0.000,0,0,0,0.000,0.000,3,0,1.000,0,54.037,689.894,0.800,0.488,2.440,0.594,0.182,2.063,0.199,0.801,0.185,0.580
885,29.500,0.000,0.000,0.000,0.000,0,0,0,0.000,0.000,3,0,1.000,0,54.037,689.894,0.767,0.488,3.269,0.865,0.111,0.031,0.223,0.777,0.183,0.580
888,29.600,0.000,0.000,0.000,0.000,0,0,0,0.000,0.000,3,0,1.000,0,54.037,689.894,0.733,0.488,3.876,0.695,0.011,0.160,0.223,0.777,0.206,0.580
891,29.700,0.000,0.000,0.000,0.000,0,0,0,0.000,0.000,3,0,1.000,0,54.037,689.894,0.700,0.488,7.247,0.624,0.045,1.110,0.228,0.772,0.291,0.580
894,29.800,0.000,0.000,0.000,0.000,0,0,0,0.000,0.000,3,0,1.000,0,54.037,689.894,0.667,0.488,7.640,0.519,0.127,0.846,0.245,0.755,0.305,0.580
897,29.900,0.000,0.000,0.000,0.000,0,0,0,0.000,0.000,3,0,1.000,0,54.037,689.894,0.633,0.488,9.394,0.501,1.348,0.956,0.255,0.745,0.311,0.580
900,30.000,0.000,0.000,0.000,0.000,0,0,0,0.000,0.000,3,0,1.000,0,54.037,689.894,0.600,0.488,9.297,0.522,1.664,1.838,0.252,0.748,0.305,0.700
903,30.100,0.000,0.000,0.000,0.000,0,0,0,0.000,0.000,3,0,1.000,0,54.037,689.894,0.567,0.488,9.215,0.609,1.955,0.442,0.278,0.722,0.295,0.700
906,30.200,390.244,0.000,363.995,0.000,1,1,0,0.000,1.065,3,0,1.000,2,73.878,1290.008,0.567,0.295,12.415,0.206,2.182,1.434,0.466,0.534,0.824,0.716
909,30.300,0.000,0.000,0.000,0.000,0,0,0,0.000,0.000,4,1,0.966,0,73.878,1290.008,0.533,0.295,1.878,0.871,3.150,1.236,0.166,0.834,0.220,0.750
912,30.400,6.325,0.000,-383.919,0.000,1,1,0,0.000,1.268,4,0,0.966,2,0.000,1408.250,0.533,0.299,2.182,0.814,3.010,0.252,0.190,0.810,0.487,0.700
915,30.500,38.013,0.000,31.689,0.000,1,1,0,0.000,1.299,4,0,0.966,2,44.283,1504.205,0.533,0.299,1.222,0.830,3.045,0.162,0.141,0.859,0.638,0.700
918,30.600,25.632,0.000,-12.381,0.000,1,1,0,0.000,1.635,4,0,0.966,2,0.000,1530.564,0.533,0.299,1.336,0.923,2.034,0.080,0.170,0.830,0.565,0.700
921,30.700,0.000,0.000,0.000,0.000,0,0,0,0.000,0.000,4,0,0.966,0,0.000,1530.564,0.500,0.299,1.871,0.635,1.698,2.743,0.128,0.872,0.232,0.700
924,30.800,0.000,0.000,0.000,0.000,0,0,0,0.000,0.000,4,0,0.966,0,0.000,1530.564,0.467,0.299,1.673,0.899,1.202,2.859,0.132,0.868,0.205,0.580
927,30.900,0.000,0.000,0.000,0.000,0,0,0,0.000,0.000,4,0,0.966,0,0.000,1530.564,0.433,0.299,1.575,0.787,1.104,0.756,0.181,0.819,0.206,0.580
930,31.000,2.236,0.000,-23.396,0.000,1,1,0,0.000,1.463,4,0,0.966,2,62.968,1654.605,0.433,0.307,0.774,0.656,1.060,0.578,0.096,0.904,0.428,0.650
933,31.100,0.000,0.000,0.000,0.000,0,0,0,0.000,0.000,4,0,0.966,0,62.968,1654.605,0.400,0.307,0.735,0.450,0.884,1.377,0.062,0.938,0.205,0.650
936,31.200,0.000,0.000,0.000,0.000,0,0,0,0.000,0.000,4,0,0.966,0,62.968,1654.605,0.367,0.307,1.348,0.094,0.708,1.971,0.091,0.909,0.241,0.580
939,31.300,0.000,0.000,0.000,0.000,0,0,0,0.000,0.000,4,0,0.966,0,62.968,1654.605,0.367,0.307,1.764,0.764,0.058,2.350,0.116,0.884,0.205,0.580
942,31.400,5.831,0.000,3.595,0.000,1,1,0,0.000,1.627,4,0,0.966,2,68.768,1684.014,0.367,0.315,1.070,0.878,0.367,2.507,0.162,0.838,0.432,0.650
945,31.500,0.000,0.000,0.000,0.000,0,0,0,0.000,0.000,5,0,0.966,0,68.768,1684.014,0.333,0.315,1.019,0.704,0.760,0.563,0.142,0.858,0.186,0.650
948,31.600,5.000,0.000,-0.831,0.000,1,1,0,0.000,1.496,5,0,0.966,2,71.421,1395.108,0.333,0.319,1.389,0.628,1.068,1.864,0.111,0.889,0.431,0.650
951,31.700,2.828,0.000,-2.172,0.000,1,1,0,0.000,1.765,5,0,0.966,2,82.420,1407.654,0.333,0.319,0.839,0.189,1.311,2.170,0.087,0.913,0.435,0.580
954,31.800,0.000,0.000,0.000,0.000,0,0,0,0.000,0.000,5,0,0.966,0,82.420,1407.654,0.300,0.319,1.456,0.102,1.531,0.462,0.093,0.907,0.235,0.700
957,31.900,1.000,0.000,-1.828,0.000,1,1,0,0.000,1.861,5,0,0.966,2,64.351,939.418,0.300,0.322,1.292,0.858,1.452,2.154,0.169,0.831,0.386,0.700
960,32.000,5.099,0.000,4.099,0.000,1,1,0,0.000,1.690,5,0,0.966,2,89.627,645.119,0.333,0.322,1.369,0.716,1.431,2.334,0.072,0.928,0.424,0.700
963,32.100,5.099,0.000,0.000,0.000,1,1,0,0.000,1.936,5,0,0.966,2,95.964,621.188,0.367,0.322,1.100,0.741,1.246,2.352,0.109,0.891,0.420,0.580
966,32.200,0.000,0.000,0.000,0.000,0,0,0,0.000,0.000,5,0,0.966,0,95.964,621.188,0.367,0.322,0.945,0.676,1.140,1.313,0.122,0.878,0.190,0.650
969,32.300,0.000,0.000,0.000,0.000,0,0,0,0.000,0.000,5,0,0.966,0,95.964,621.188,0.367,0.322,0.989,0.718,1.064,1.334,0.079,0.921,0.188,0.580
972,32.400,4.123,0.000,-0.976,0.000,1,1,0,0.000,1.697,4,0,0.966,2,79.931,683.189,0.400,0.328,1.027,0.741,1.047,2.980,0.153,0.847,0.435,0.650
975,32.500,3.000,0.000,-1.123,0.000,1,1,0,0.000,1.911,4,0,0.966,2,105.475,791.319,0.433,0.328,1.321,0.737,1.028,2.601,0.154,0.846,0.440,0.586
978,32.600,14.866,0.000,11.866,0.000,1,1,0,0.000,1.878,4,0,0.966,2,72.201,843.638,0.467,0.328,0.536,0.473,0.941,0.181,0.056,0.944,0.509,0.580
981,32.700,0.000,0.000,0.000,0.000,0,0,0,0.000,0.000,5,0,0.966,0,72.201,843.638,0.467,0.328,1.858,0.877,0.861,0.565,0.220,0.780,0.211,0.650
984,32.800,0.000,0.000,0.000,0.000,0,0,0,0.000,0.000,5,0,0.966,0,72.201,843.638,0.467,0.328,2.019,0.610,0.752,0.095,0.155,0.845,0.234,0.580
987,32.900,18.358,0.000,3.491,0.000,1,1,0,0.000,2.046,5,0,0.966,3,0.000,886.754,0.500,0.334,2.897,0.753,0.660,0.980,0.227,0.773,0.590,0.650
990,33.000,17.263,0.000,-1.095,0.000,1,1,0,0.000,2.059,4,0,0.966,3,67.476,864.014,0.533,0.330,2.192,0.524,0.520,0.039,0.164,0.836,0.613,0.580
993,33.100,0.000,0.000,0.000,0.000,0,0,0,0.000,0.000,4,0,0.966,0,67.476,864.014,0.533,0.330,1.904,0.100,0.384,0.542,0.205,0.795,0.275,0.650
996,33.200,4.123,0.000,-13.140,0.000,1,1,0,0.000,2.104,4,0,1.000,3,0.000,807.690,0.533,0.333,3.292,0.335,0.253,0.059,0.258,0.742,0.581,0.650
999,33.300,0.000,0.000,0.000,0.000,0,0,0,0.000,0.000,4,0,1.000,0,0.000,807.690,0.533,0.333,4.496,0.406,0.550,1.611,0.269,0.731,0.318,0.650
1002,33.400,0.000,375.453,0.000,337.876,1,0,1,0.000,2.406,4,0,1.000,3,0.000,801.375,0.533,0.332,4.989,0.359,1.145,0.298,0.273,0.727,0.849,0.650
1005,33.500,88.006,0.000,83.883,0.000,1,1,0,0.000,2.166,4,0,1.000,3,0.000,844.408,0.533,0.332,10.184,0.759,2.266,0.569,0.304,0.696,0.896,0.700
1008,33.600,16.971,0.000,-71.035,0.000,1,1,0,0.000,2.197,4,0,1.000,3,0.000,1063.084,0.533,0.327,9.810,0.805,3.964,0.633,0.281,0.719,0.737,0.700
1011,33.700,19.105,0.000,2.134,0.000,1,1,0,0.000,2.337,4,0,1.000,3,24.515,1059.964,0.567,0.324,13.299,0.902,5.660,1.672,0.291,0.709,0.746,0.700
1014,33.800,64.475,0.000,45.370,0.000,1,1,0,0.000,2.175,4,0,1.000,3,24.515,1059.964,0.600,0.319,11.898,0.378,8.988,0.056,0.284,0.716,0.931,0.700
1017,33.900,0.000,0.000,0.000,0.000,0,0,0,0.000,0.000,3,1,0.966,0,24.515,1059.964,0.600,0.319,12.273,0.152,12.200,0.131,0.296,0.704,0.331,0.750
1020,34.000,0.000,0.000,0.000,0.000,0,0,0,0.000,0.000,3,0,0.966,0,24.515,1059.964,0.567,0.319,12.809,0.401,15.832,0.051,0.307,0.693,0.310,0.700
1023,34.100,0.000,0.000,0.000,0.000,0,0,0,0.000,0.000,3,0,0.966,0,24.515,1059.964,0.567,0.319,12.908,0.139,19.528,0.384,0.322,0.678,0.328,0.700
1026,34.200,0.000,0.000,0.000,0.000,0,0,0,0.000,0.000,4,1,0.931,0,24.515,1059.964,0.567,0.319,12.345,0.232,20.691,0.550,0.327,0.673,0.422,0.750
1029,34.300,0.000,0.000,0.000,0.000,0,0,0,0.000,0.000,4,0,0.931,0,24.515,1059.964,0.567,0.319,12.917,0.251,19.826,0.740,0.312,0.688,0.420,0.700
1032,34.400,0.000,437.457,0.000,62.004,1,0,1,0.000,2.374,4,0,0.931,2,24.515,1059.964,0.567,0.327,12.774,0.354,19.966,1.332,0.311,0.689,0.883,0.700
1035,34.500,0.000,55.317,0.000,-382.140,1,0,1,0.000,2.310,6,1,0.897,2,36.878,2010.450,0.600,0.327,14.009,0.726,14.201,0.713,0.311,0.689,0.831,0.750
1038,34.600,412.317,0.000,347.842,0.000,1,1,0,0.000,2.207,6,0,0.897,5,50.961,2492.574,0.600,0.380,16.830,0.618,14.651,2.293,0.270,0.730,0.929,0.700
1041,34.700,0.000,87.006,0.000,31.688,1,0,1,0.000,2.400,6,0,0.897,5,81.908,3069.158,0.600,0.365,17.686,0.478,15.953,1.483,0.249,0.751,0.939,0.700
1044,34.800,0.000,15.033,0.000,-71.972,1,0,1,0.000,2.428,6,1,0.862,5,75.611,3491.010,0.633,0.355,14.780,0.794,14.168,1.002,0.243,0.757,0.754,0.750
1047,34.900,22.627,0.000,-389.689,0.000,1,1,0,0.000,2.049,6,0,0.862,5,78.721,3686.340,0.633,0.334,12.504,0.855,10.590,0.041,0.235,0.765,0.792,0.700
1050,35.000,6.325,0.000,-16.303,0.000,1,1,0,0.000,1.800,6,0,0.862,5,0.000,3571.119,0.633,0.326,7.758,0.833,8.658,0.036,0.222,0.778,0.697,0.700
1053,35.100,5.099,0.000,-1.226,0.000,1,1,0,0.000,1.475,5,1,0.828,4,0.000,3401.469,0.633,0.314,4.187,0.809,4.341,0.784,0.197,0.803,0.596,0.750
1056,35.200,6.325,0.000,1.226,0.000,1,1,0,0.000,1.208,5,0,0.828,4,0.000,2751.939,0.667,0.302,4.200,0.257,3.199,0.451,0.198,0.802,0.646,0.700
1059,35.300,16.155,0.000,9.831,0.000,1,1,0,0.000,1.139,5,0,0.828,4,0.000,1897.649,0.700,0.302,5.653,0.449,2.098,0.993,0.206,0.794,0.728,0.700
1062,35.400,0.000,0.000,0.000,0.000,0,0,0,0.000,0.000,5,1,0.793,0,0.000,1897.649,0.667,0.302,4.162,0.299,1.636,0.085,0.197,0.803,0.333,0.750
1065,35.500,0.000,0.000,0.000,0.000,0,0,0,0.000,0.000,5,0,0.793,0,0.000,1897.649,0.633,0.302,5.142,0.676,1.246,0.015,0.193,0.807,0.327,0.580
1068,35.600,0.000,0.000,0.000,0.000,0,0,0,0.000,0.000,5,0,0.793,0,0.000,1897.649,0.600,0.302,3.131,0.492,0.917,0.710,0.176,0.824,0.286,0.580
1071,35.700,76.368,0.000,60.212,0.000,1,1,0,0.000,1.200,5,0,0.793,4,0.000,590.408,0.633,0.286,7.335,0.852,0.596,2.258,0.224,0.776,0.894,0.650
1074,35.800,62.936,0.000,-13.431,0.000,1,1,0,0.000,1.195,5,0,0.793,4,24.083,714.515,0.667,0.286,5.048,0.824,0.377,0.462,0.219,0.781,0.843,0.350
1077,35.900,54.120,0.000,-8.816,0.000,1,1,0,0.000,1.169,5,0,0.793,3,24.083,714.515,0.667,0.286,6.427,0.894,0.105,0.504,0.225,0.775,0.836,0.350
1080,36.000,0.000,0.000,0.000,0.000,0,0,0,0.000,0.000,4,1,0.759,0,24.083,714.515,0.633,0.286,12.142,0.877,0.144,0.078,0.222,0.778,0.385,0.750
1083,36.100,0.000,0.000,0.000,0.000,0,0,0,0.000,0.000,4,0,0.759,0,24.083,714.515,0.633,0.286,8.054,0.855,0.382,0.428,0.220,0.780,0.386,0.580
1086,36.200,0.000,0.000,0.000,0.000,0,0,0,0.000,0.000,4,0,0.759,0,24.083,714.515,0.600,0.286,7.055,0.954,0.838,0.634,0.286,0.714,0.352,0.580
1089,36.300,0.000,0.000,0.000,0.000,0,0,0,0.000,0.000,3,1,0.724,0,24.083,714.515,0.600,0.286,4.152,0.918,1.387,0.819,0.199,0.801,0.182,0.750
1092,36.400,0.000,0.000,0.000,0.000,0,0,0,0.000,0.000,3,0,0.724,0,24.083,714.515,0.567,0.286,4.418,0.885,2.151,0.411,0.199,0.801,0.187,0.700
1095,36.500,0.000,0.000,0.000,0.000,0,0,0,0.000,0.000,3,0,0.724,0,24.083,714.515,0.533,0.286,4.772,0.941,3.568,0.049,0.221,0.779,0.187,0.700
1098,36.600,0.000,0.000,0.000,0.000,0,0,0,0.000,0.000,3,0,0.724,0,24.083,714.515,0.500,0.286,5.789,0.846,3.118,0.394,0.231,0.769,0.216,0.700
1101,36.700,172.386,0.000,118.266,0.000,1,1,0,0.000,1.448,3,0,0.724,2,24.083,714.515,0.500,0.269,7.378,0.705,2.168,0.059,0.224,0.776,0.765,0.700
1104,36.800,75.425,0.000,-96.961,0.000,1,1,0,0.000,1.625,3,0,0.759,2,24.083,714.515,0.500,0.275,9.961,0.837,1.587,2.410,0.253,0.747,0.771,0.700
1107,36.900,0.000,0.000,0.000,0.000,0,0,0,0.000,0.000,4,1,0.724,0,24.083,714.515,0.500,0.275,10.527,0.646,1.289,0.303,0.271,0.729,0.385,0.750
1110,37.000,0.000,0.000,0.000,0.000,0,0,0,0.000,0.000,4,0,0.724,0,24.083,714.515,0.500,0.275,11.144,0.093,0.960,0.596,0.269,0.731,0.423,0.580
1113,37.100,0.000,0.000,0.000,0.000,0,0,0,0.000,0.000,4,0,0.759,0,24.083,714.515,0.500,0.275,10.427,0.180,0.722,0.092,0.256,0.744,0.417,0.580
1116,37.200,0.000,0.000,0.000,0.000,0,0,0,0.000,0.000,3,1,0.724,0,24.083,714.515,0.500,0.275,11.422,0.048,0.450,0.339,0.269,0.731,0.327,0.750
1119,37.300,0.000,0.000,0.000,0.000,0,0,0,0.000,0.000,3,0,0.724,0,24.083,714.515,0.500,0.275,12.594,0.146,0.328,0.263,0.264,0.736,0.320,0.580
1122,37.400,0.000,0.000,0.000,0.000,0,0,0,0.000,0.000,3,0,0.759,0,24.083,714.515,0.467,0.275,10.294,0.190,0.120,0.979,0.250,0.750,0.313,0.580
1125,37.500,0.000,0.000,0.000,0.000,0,0,0,0.000,0.000,3,0,0.759,0,24.083,714.515,0.433,0.275,8.555,0.348,0.017,0.901,0.255,0.745,0.298,0.580
1128,37.600,0.000,0.000,0.000,0.000,0,0,0,0.000,0.000,3,0,0.759,0,24.083,714.515,0.400,0.275,8.343,0.518,0.006,0.176,0.255,0.745,0.282,0.580
1131,37.700,0.000,0.000,0.000,0.000,0,0,0,0.000,0.000,3,0,0.793,0,24.083,714.515,0.367,0.275,7.556,0.783,0.136,0.408,0.272,0.728,0.248,0.580
1134,37.800,0.000,0.000,0.000,0.000,0,0,0,0.000,0.000,3,0,0.793,0,24.083,714.515,0.333,0.275,6.109,0.849,0.395,0.093,0.258,0.742,0.203,0.580
1137,37.900,0.000,0.000,0.000,0.000,0,0,0,0.000,0.000,3,0,0.793,0,24.083,714.515,0.300,0.275,9.075,0.808,0.794,0.340,0.281,0.719,0.249,0.580
1140,38.000,0.000,0.000,0.000,0.000,0,0,0,0.000,0.000,3,0,0.828,0,24.083,714.515,0.267,0.275,9.819,0.875,1.355,0.224,0.272,0.728,0.241,0.580
1143,38.100,0.000,0.000,0.000,0.000,0,0,0,0.000,0.000,3,0,0.828,0,24.083,714.515,0.233,0.275,8.622,0.806,1.625,0.164,0.269,0.731,0.242,0.700
1146,38.200,0.000,0.000,0.000,0.000,0,0,0,0.000,0.000,3,0,0.828,0,24.083,714.515,0.200,0.275,8.194,0.866,1.693,0.065,0.251,0.749,0.233,0.700
1149,38.300,0.000,0.000,0.000,0.000,0,0,0,0.000,0.000,3,0,0.862,0,24.083,714.515,0.167,0.275,8.091,0.834,1.631,0.017,0.261,0.739,0.232,0.700
1152,38.400,0.000,0.000,0.000,0.000,0,0,0,0.000,0.000,3,0,0.862,0,24.083,714.515,0.167,0.275,7.722,0.721,1.309,0.130,0.247,0.753,0.233,0.580
1155,38.500,0.000,0.000,0.000,0.000,0,0,0,0.000,0.000,3,0,0.862,0,24.083,714.515,0.167,0.275,6.668,0.773,0.987,0.224,0.243,0.757,0.203,0.580
1158,38.600,0.000,0.000,0.000,0.000,0,0,0,0.000,0.000,3,0,0.862,0,24.083,714.515,0.167,0.275,5.022,0.538,0.656,0.155,0.235,0.765,0.178,0.580
1161,38.700,128.798,0.000,53.373,0.000,1,1,0,0.000,1.734,3,0,0.862,2,0.000,719.739,0.167,0.232,4.505,0.468,0.353,0.005,0.228,0.772,0.670,0.650
1164,38.800,3.606,0.000,-125.193,0.000,1,1,0,0.000,1.979,3,0,0.862,2,27.019,783.807,0.167,0.218,2.468,0.372,0.060,0.058,0.192,0.808,0.396,0.580
1167,38.900,6.325,0.000,2.719,0.000,1,1,0,0.000,1.984,3,0,0.897,2,45.011,784.649,0.167,0.218,2.423,0.372,0.359,0.243,0.191,0.809,0.410,0.580
1170,39.000,5.000,0.000,-1.325,0.000,1,1,0,0.000,1.995,3,0,0.897,2,6.403,799.340,0.200,0.218,2.248,0.379,0.639,0.085,0.180,0.820,0.401,0.580
1173,39.100,16.279,0.000,11.279,0.000,1,1,0,0.000,2.154,3,0,0.897,2,0.000,780.269,0.233,0.222,2.678,0.187,0.745,0.345,0.166,0.834,0.492,0.580
1176,39.200,34.438,0.000,18.160,0.000,1,1,0,0.000,1.976,3,0,0.931,2,0.000,842.419,0.267,0.226,4.530,0.707,0.895,1.104,0.174,0.826,0.607,0.350
1179,39.300,29.967,0.000,-4.472,0.000,1,1,0,0.000,1.703,3,0,0.931,2,0.000,934.927,0.300,0.226,4.463,0.793,0.989,0.134,0.180,0.820,0.579,0.580
1182,39.400,57.871,0.000,27.904,0.000,1,1,0,0.000,1.681,3,0,0.931,2,144.921,1301.298,0.333,0.230,6.147,0.674,1.157,0.211,0.241,0.759,0.717,0.750
1185,39.500,0.000,0.000,0.000,0.000,0,0,0,0.000,0.000,3,0,0.931,0,144.921,1301.298,0.333,0.230,5.218,0.497,1.530,0.160,0.273,0.727,0.206,0.750
1188,39.600,0.000,0.000,0.000,0.000,0,0,0,0.000,0.000,3,0,0.931,0,144.921,1301.298,0.333,0.230,5.226,0.577,2.109,0.089,0.229,0.771,0.200,0.750
1191,39.700,0.000,0.000,0.000,0.000,0,0,0,0.000,0.000,3,0,0.931,0,144.921,1301.298,0.300,0.230,7.456,0.426,2.646,1.516,0.247,0.753,0.263,0.750
1194,39.800,0.000,0.000,0.000,0.000,0,0,0,0.000,0.000,3,0,0.966,0,144.921,1301.298,0.267,0.230,9.016,0.252,2.803,2.697,0.270,0.730,0.284,0.750
1197,39.900,0.000,0.000,0.000,0.000,0,0,0,0.000,0.000,3,0,0.966,0,144.921,1301.298,0.267,0.230,8.104,0.201,2.634,0.519,0.258,0.742,0.288,0.750
1200,40.000,0.000,0.000,0.000,0.000,0,0,0,0.000,0.000,3,0,0.966,0,144.921,1301.298,0.267,0.230,6.345,0.213,2.477,0.652,0.249,0.751,0.246,0.750
1203,40.100,0.000,0.000,0.000,0.000,0,0,0,0.000,0.000,3,0,1.000,0,144.921,1301.298,0.267,0.230,8.319,0.800,2.276,0.208,0.263,0.737,0.246,0.750
1206,40.200,0.000,0.000,0.000,0.000,0,0,0,0.000,0.000,3,0,1.000,0,144.921,1301.298,0.267,0.230,11.269,0.881,1.727,0.028,0.260,0.740,0.240,0.750
1209,40.300,0.000,0.000,0.000,0.000,0,0,0,0.000,0.000,3,0,1.000,0,144.921,1301.298,0.267,0.230,11.862,0.894,1.192,0.087,0.248,0.752,0.239,0.750
1212,40.400,0.000,0.000,0.000,0.000,0,0,0,0.000,0.000,3,0,1.000,0,144.921,1301.298,0.267,0.230,8.335,0.769,0.514,0.488,0.259,0.741,0.248,0.750
1215,40.500,0.000,0.000,0.000,0.000,0,0,0,0.000,0.000,4,1,0.966,0,144.921,1301.298,0.267,0.230,9.676,0.913,0.058,0.275,0.268,0.732,0.338,0.750
1218,40.600,0.000,0.000,0.000,0.000,0,0,0,0.000,0.000,4,0,0.966,0,144.921,1301.298,0.267,0.230,7.561,0.878,0.319,0.192,0.276,0.724,0.330,0.750
1221,40.700,0.000,0.000,0.000,0.000,0,0,0,0.000,0.000,4,0,0.966,0,144.921,1301.298,0.267,0.230,5.592,0.819,0.578,0.143,0.271,0.729,0.284,0.750
1224,40.800,0.000,0.000,0.000,0.000,0,0,0,0.000,0.000,4,0,0.966,0,144.921,1301.298,0.267,0.230,4.992,0.786,0.685,0.108,0.262,0.738,0.272,0.750
1227,40.900,0.000,0.000,0.000,0.000,0,0,0,0.000,0.000,4,0,0.966,0,144.921,1301.298,0.267,0.230,3.963,0.840,0.735,0.229,0.245,0.755,0.242,0.750
1230,41.000,0.000,0.000,0.000,0.000,0,0,0,0.000,0.000,4,0,0.966,0,144.921,1301.298,0.267,0.230,3.794,0.801,0.801,0.230,0.243,0.757,0.241,0.750
1233,41.100,0.000,0.000,0.000,0.000,0,0,0,0.000,0.000,3,1,0.931,0,144.921,1301.298,0.267,0.230,2.037,0.819,1.002,0.244,0.198,0.802,0.096,0.750
1236,41.200,0.000,0.000,0.000,0.000,0,0,0,0.000,0.000,3,0,0.931,0,144.921,1301.298,0.267,0.230,1.733,0.802,1.108,0.163,0.186,0.814,0.089,0.750
1239,41.300,0.000,0.000,0.000,0.000,0,0,0,0.000,0.000,3,0,0.931,0,144.921,1301.298,0.267,0.230,1.277,0.826,0.975,0.489,0.161,0.839,0.076,0.750
1242,41.400,0.000,0.000,0.000,0.000,0,0,0,0.000,0.000,3,0,0.931,0,144.921,1301.298,0.267,0.230,1.627,0.843,0.633,0.649,0.184,0.816,0.084,0.750
1245,41.500,0.000,0.000,0.000,0.000,0,0,0,0.000,0.000,3,0,0.931,0,144.921,1301.298,0.267,0.230,2.640,0.753,0.398,2.519,0.173,0.827,0.115,0.750
1248,41.600,0.000,0.000,0.000,0.000,0,0,0,0.000,0.000,3,0,0.931,0,144.921,1301.298,0.267,0.230,3.157,0.333,0.290,0.321,0.139,0.861,0.158,0.750
1251,41.700,0.000,0.000,0.000,0.000,0,0,0,0.000,0.000,3,0,0.931,0,144.921,1301.298,0.233,0.230,3.769,0.351,0.011,0.095,0.173,0.827,0.168,0.750
1254,41.800,0.000,0.000,0.000,0.000,0,0,0,0.000,0.000,3,0,0.931,0,144.921,1301.298,0.200,0.230,4.732,0.692,0.352,0.723,0.213,0.787,0.164,0.750
1257,41.900,0.000,0.000,0.000,0.000,0,0,0,0.000,0.000,3,0,0.931,0,144.921,1301.298,0.167,0.230,3.513,0.718,0.702,2.551,0.219,0.781,0.128,0.750
1260,42.000,0.000,0.000,0.000,0.000,0,0,0,0.000,0.000,3,0,0.931,0,144.921,1301.298,0.133,0.230,2.466,0.793,1.008,0.321,0.205,0.795,0.092,0.750
1263,42.100,0.000,0.000,0.000,0.000,0,0,0,0.000,0.000,3,0,0.931,0,144.921,1301.298,0.100,0.230,1.695,0.592,1.471,1.047,0.151,0.849,0.083,0.750
1266,42.200,0.000,0.000,0.000,0.000,0,0,0,0.000,0.000,3,0,0.931,0,144.921,1301.298,0.067,0.230,1.481,0.873,2.004,0.718,0.218,0.782,0.054,0.750
1269,42.300,0.000,0.000,0.000,0.000,0,0,0,0.000,0.000,3,0,0.931,0,144.921,1301.298,0.033,0.230,2.082,0.872,2.244,0.302,0.127,0.873,0.065,0.750
1272,42.400,0.000,0.000,0.000,0.000,0,0,0,0.000,0.000,3,0,0.931,0,144.921,1301.298,0.000,0.230,1.908,0.850,2.406,0.082,0.148,0.852,0.058,0.750
1275,42.500,0.000,0.000,0.000,0.000,0,0,0,0.000,0.000,3,0,0.931,0,144.921,1301.298,0.000,0.230,1.621,0.698,2.220,0.344,0.130,0.870,0.062,0.750
1278,42.600,0.000,0.000,0.000,0.000,0,0,0,0.000,0.000,3,0,0.931,0,144.921,1301.298,0.000,0.230,2.167,0.719,2.127,0.286,0.170,0.830,0.074,0.750
1281,42.700,0.000,0.000,0.000,0.000,0,0,0,0.000,0.000,3,0,0.931,0,144.921,1301.298,0.000,0.230,1.798,0.934,1.798,0.371,0.183,0.817,0.050,0.750
1284,42.800,0.000,0.000,0.000,0.000,0,0,0,0.000,0.000,3,0,0.931,0,144.921,1301.298,0.000,0.230,2.178,0.868,1.476,0.170,0.189,0.811,0.064,0.750
1287,42.900,0.000,0.000,0.000,0.000,0,0,0,0.000,0.000,3,0,0.931,0,144.921,1301.298,0.000,0.230,1.795,0.837,1.191,0.082,0.174,0.826,0.056,0.750
1290,43.000,0.000,0.000,0.000,0.000,0,0,0,0.000,0.000,3,0,0.931,0,144.921,1301.298,0.000,0.230,2.124,0.807,1.005,0.990,0.176,0.824,0.067,0.750
1293,43.100,0.000,0.000,0.000,0.000,0,0,0,0.000,0.000,3,0,0.931,0,144.921,1301.298,0.000,0.230,2.305,0.581,0.918,2.485,0.143,0.857,0.087,0.750
1296,43.200,0.000,0.000,0.000,0.000,0,0,0,0.000,0.000,3,0,0.931,0,144.921,1301.298,0.000,0.230,1.791,0.907,0.842,2.659,0.155,0.845,0.051,0.750
1299,43.300,0.000,0.000,0.000,0.000,0,0,0,0.000,0.000,3,0,0.931,0,144.921,1301.298,0.000,0.230,1.864,0.306,0.825,0.376,0.125,0.875,0.095,0.750
1302,43.400,0.000,0.000,0.000,0.000,0,0,0,0.000,0.000,3,0,0.966,0,144.921,1301.298,0.000,0.230,1.854,0.791,0.924,1.241,0.163,0.837,0.061,0.750
1305,43.500,0.000,0.000,0.000,0.000,0,0,0,0.000,0.000,3,0,0.966,0,144.921,1301.298,0.000,0.230,1.576,0.809,0.929,0.319,0.152,0.848,0.053,0.750
1308,43.600,0.000,0.000,0.000,0.000,0,0,0,0.000,0.000,3,0,0.966,0,144.921,1301.298,0.000,0.230,1.593,0.758,0.997,0.619,0.168,0.832,0.057,0.750
1311,43.700,0.000,0.000,0.000,0.000,0,0,0,0.000,0.000,3,0,0.966,0,144.921,1301.298,0.000,0.230,1.841,0.942,0.967,1.802,0.171,0.829,0.050,0.750
1314,43.800,0.000,0.000,0.000,0.000,0,0,0,0.000,0.000,3,0,0.966,0,144.921,1301.298,0.000,0.230,1.856,0.716,0.812,0.311,0.131,0.869,0.066,0.750
1317,43.900,0.000,0.000,0.000,0.000,0,0,0,0.000,0.000,3,0,0.966,0,144.921,1301.298,0.000,0.230,1.995,0.775,0.746,1.300,0.165,0.835,0.066,0.750
1320,44.000,0.000,0.000,0.000,0.000,0,0,0,0.000,0.000,3,0,1.000,0,144.921,1301.298,0.000,0.230,2.174,0.800,0.637,0.395,0.144,0.856,0.068,0.750
1323,44.100,0.000,0.000,0.000,0.000,0,0,0,0.000,0.000,3,0,1.000,0,144.921,1301.298,0.000,0.230,2.151,0.730,0.473,2.885,0.162,0.838,0.073,0.750
1326,44.200,0.000,0.000,0.000,0.000,0,0,0,0.000,0.000,3,0,1.000,0,144.921,1301.298,0.000,0.230,0.937,0.793,0.484,0.366,0.091,0.909,0.038,0.750
1329,44.300,0.000,0.000,0.000,0.000,0,0,0,0.000,0.000,3,0,1.000,0,144.921,1301.298,0.000,0.230,1.627,0.433,0.550,2.918,0.102,0.898,0.080,0.750
1332,44.400,0.000,0.000,0.000,0.000,0,0,0,0.000,0.000,3,0,1.000,0,144.921,1301.298,0.000,0.230,1.668,0.694,0.683,2.314,0.126,0.874,0.063,0.750
1335,44.500,0.000,0.000,0.000,0.000,0,0,0,0.000,0.000,3,0,1.000,0,144.921,1301.298,0.000,0.230,3.951,0.902,0.712,1.853,0.216,0.784,0.106,0.750
1338,44.600,0.000,0.000,0.000,0.000,0,0,0,0.000,0.000,3,0,1.000,0,144.921,1301.298,0.000,0.230,3.885,0.895,0.538,0.014,0.220,0.780,0.104,0.750
1341,44.700,0.000,0.000,0.000,0.000,0,0,0,0.000,0.000,3,0,1.000,0,144.921,1301.298,0.000,0.230,3.915,0.953,0.367,0.001,0.220,0.780,0.101,0.750
1344,44.800,0.000,0.000,0.000,0.000,0,0,0,0.000,0.000,3,0,1.000,0,144.921,1301.298,0.000,0.230,6.269,0.920,0.063,0.123,0.243,0.757,0.162,0.750
1347,44.900,0.000,0.000,0.000,0.000,0,0,0,0.000,0.000,3,0,1.000,0,144.921,1301.298,0.000,0.230,7.210,0.919,0.924,0.009,0.243,0.757,0.186,0.750
1350,45.000,0.000,0.000,0.000,0.000,0,0,0,0.000,0.000,4,1,0.966,0,144.921,1301.298,0.000,0.230,6.893,0.805,3.451,1.212,0.238,0.762,0.286,0.750
1353,45.100,0.000,0.000,0.000,0.000,0,0,0,0.000,0.000,4,0,0.966,0,144.921,1301.298,0.000,0.230,7.382,0.778,5.593,1.325,0.247,0.753,0.300,0.750
1356,45.200,0.000,0.000,0.000,0.000,0,0,0,0.000,0.000,4,0,0.966,0,144.921,1301.298,0.000,0.230,10.887,0.580,7.062,0.567,0.285,0.715,0.329,0.750
1359,45.300,0.000,0.000,0.000,0.000,0,0,0,0.000,0.000,3,1,0.931,0,144.921,1301.298,0.000,0.230,14.110,0.671,10.484,0.138,0.319,0.681,0.223,0.750
1362,45.400,0.000,0.000,0.000,0.000,0,0,0,0.000,0.000,3,0,0.931,0,144.921,1301.298,0.000,0.230,13.048,0.149,14.660,0.003,0.307,0.693,0.260,0.750
1365,45.500,0.000,0.000,0.000,0.000,0,0,0,0.000,0.000,3,0,0.931,0,144.921,1301.298,0.000,0.230,12.694,0.193,17.952,0.398,0.285,0.715,0.256,0.750
1368,45.600,0.000,0.000,0.000,0.000,0,0,0,0.000,0.000,4,1,0.897,0,144.921,1301.298,0.000,0.230,16.286,0.407,21.247,0.321,0.313,0.687,0.341,0.750
1371,45.700,0.000,0.000,0.000,0.000,0,0,0,0.000,0.000,4,0,0.897,0,144.921,1301.298,0.000,0.230,14.235,0.261,25.837,0.136,0.318,0.682,0.352,0.750
1374,45.800,119.407,0.000,61.536,0.000,1,1,0,0.000,1.735,4,0,0.897,2,144.921,1301.298,0.033,0.178,11.652,0.318,19.714,0.083,0.286,0.714,0.822,0.750
1377,45.900,52.240,0.000,-67.167,0.000,1,1,0,0.000,1.740,4,0,0.897,2,0.000,1236.474,0.067,0.180,14.980,0.769,22.292,1.641,0.352,0.648,0.794,0.700
1380,46.000,141.113,0.000,88.874,0.000,1,1,0,0.000,1.507,4,0,0.897,3,0.000,1060.689,0.100,0.180,14.936,0.701,24.904,0.052,0.363,0.637,0.848,0.700
1383,46.100,0.000,90.006,0.000,74.972,1,0,1,0.000,2.293,4,0,0.897,2,0.000,931.419,0.133,0.181,16.380,0.467,13.900,0.137,0.273,0.727,0.823,0.700
1386,46.200,0.000,0.000,0.000,0.000,0,0,0,0.000,0.000,4,0,0.897,0,0.000,931.419,0.133,0.181,16.525,0.590,11.912,0.487,0.249,0.751,0.345,0.700
1389,46.300,0.000,0.000,0.000,0.000,0,0,0,0.000,0.000,4,0,0.897,0,0.000,931.419,0.133,0.181,16.484,0.769,11.074,0.094,0.243,0.757,0.332,0.700
1392,46.400,0.000,0.000,0.000,0.000,0,0,0,0.000,0.000,4,0,0.897,0,0.000,931.419,0.133,0.181,14.918,0.893,7.694,0.067,0.239,0.761,0.323,0.700
1395,46.500,0.000,0.000,0.000,0.000,0,0,0,0.000,0.000,5,1,0.862,0,0.000,931.419,0.133,0.181,13.237,0.925,5.944,0.001,0.245,0.755,0.321,0.750
1398,46.600,0.000,0.000,0.000,0.000,0,0,0,0.000,0.000,5,0,0.862,0,0.000,931.419,0.133,0.181,11.907,0.871,5.306,0.198,0.237,0.763,0.325,0.700
1401,46.700,0.000,0.000,0.000,0.000,0,0,0,0.000,0.000,5,0,0.862,0,0.000,931.419,0.133,0.181,9.950,0.849,4.785,0.064,0.243,0.757,0.327,0.700
1404,46.800,0.000,205.251,0.000,115.246,1,0,1,0.000,2.230,5,1,0.828,3,0.000,931.419,0.167,0.189,9.924,0.683,3.530,0.036,0.308,0.692,0.830,0.750
1407,46.900,208.471,0.000,67.357,0.000,1,1,0,0.000,1.547,5,0,0.828,3,0.000,931.419,0.200,0.190,11.553,0.292,2.406,0.360,0.312,0.688,0.862,0.700
1410,47.000,36.069,0.000,-172.401,0.000,1,1,0,0.000,1.512,5,0,0.828,3,0.000,931.419,0.233,0.190,12.519,0.177,1.958,1.601,0.298,0.702,0.824,0.700
1413,47.100,17.117,0.000,-18.952,0.000,1,1,0,0.000,1.510,3,1,0.793,2,0.000,931.419,0.267,0.191,12.172,0.032,1.689,0.349,0.294,0.706,0.645,0.750
1416,47.200,6.083,0.000,-11.034,0.000,1,1,0,0.000,1.617,3,0,0.793,2,0.000,931.419,0.300,0.191,11.945,0.227,1.265,1.337,0.290,0.710,0.574,0.580
1419,47.300,15.133,0.000,9.050,0.000,1,1,0,0.000,1.637,3,0,0.793,2,0.000,931.419,0.333,0.193,10.986,0.121,1.057,1.293,0.286,0.714,0.636,0.580
1422,47.400,12.166,0.000,-2.967,0.000,1,1,0,0.000,1.814,4,1,0.759,3,0.000,931.419,0.367,0.193,10.856,0.098,0.965,0.206,0.278,0.722,0.740,0.750
1425,47.500,10.440,0.000,-1.725,0.000,1,1,0,0.000,1.761,4,0,0.759,3,0.000,931.419,0.400,0.189,9.360,0.042,0.740,0.045,0.271,0.729,0.738,0.580
1428,47.600,4.000,0.000,-6.440,0.000,1,1,0,0.000,2.040,4,0,0.759,2,0.000,931.419,0.433,0.190,7.744,0.298,0.494,0.789,0.275,0.725,0.637,0.580
1431,47.700,11.180,0.000,7.180,0.000,1,1,0,0.000,1.982,3,1,0.724,2,0.000,931.419,0.467,0.190,6.307,0.425,0.157,0.240,0.262,0.738,0.566,0.750
1434,47.800,25.298,0.000,14.118,0.000,1,1,0,0.000,1.896,3,0,0.724,2,0.000,1198.794,0.500,0.192,8.582,0.529,0.255,0.237,0.267,0.733,0.684,0.580
1437,47.900,13.601,0.000,-11.697,0.000,1,1,0,0.000,1.858,3,0,0.759,2,43.012,1286.269,0.533,0.192,7.845,0.699,0.636,0.040,0.264,0.736,0.607,0.580
1440,48.000,46.648,0.000,33.046,0.000,1,1,0,0.000,1.894,3,0,0.759,2,0.000,1288.725,0.567,0.183,7.597,0.672,1.040,0.122,0.273,0.727,0.781,0.450
1443,48.100,0.000,160.206,0.000,-45.045,1,0,1,0.000,2.133,3,0,0.759,2,0.000,1609.030,0.600,0.183,9.006,0.701,1.610,0.341,0.270,0.730,0.793,0.700
1446,48.200,78.243,136.883,31.596,-23.323,2,1,1,79.649,2.038,3,0,0.793,4,0.000,2151.585,0.633,0.162,10.080,0.744,2.441,0.010,0.368,0.632,0.904,0.700
1449,48.300,17.205,0.000,-61.039,0.000,1,1,0,0.000,1.526,4,1,0.759,3,40.200,2278.219,0.667,0.162,6.879,0.870,2.247,0.015,0.297,0.703,0.722,0.750
1452,48.400,16.492,0.000,-0.712,0.000,1,1,0,0.000,1.557,4,0,0.759,3,0.000,2126.658,0.700,0.160,6.717,0.761,1.943,0.063,0.297,0.703,0.725,0.700
1455,48.500,18.385,0.000,1.892,0.000,1,1,0,0.000,1.219,4,0,0.793,3,0.000,1953.715,0.733,0.160,13.197,0.671,1.985,0.740,0.306,0.694,0.778,0.700
1458,48.600,558.348,0.000,527.284,0.000,2,1,0,558.348,1.187,4,0,0.793,6,0.000,1624.125,0.767,0.326,7.399,0.531,1.955,0.405,0.287,0.713,1.000,0.700
1461,48.700,582.850,0.000,24.501,0.000,1,1,0,0.000,1.497,4,0,0.793,3,0.000,1624.125,0.800,0.318,5.154,0.742,2.049,0.143,0.267,0.733,0.858,0.700
1464,48.800,0.000,581.165,0.000,420.903,2,0,1,581.165,2.181,4,0,0.793,6,0.000,1624.125,0.800,0.417,5.222,0.746,2.169,0.182,0.285,0.715,0.954,0.700
1467,48.900,0.000,643.774,0.000,-6.077,2,0,1,643.774,2.402,4,0,0.793,6,60.745,2555.087,0.800,0.408,6.886,0.876,2.284,0.039,0.288,0.712,0.987,0.700
1470,49.000,576.938,648.439,-5.912,4.665,2,1,1,674.793,2.586,4,0,0.793,6,115.122,3369.719,0.800,0.389,7.099,0.937,2.258,0.133,0.271,0.729,0.988,0.700
1473,49.100,0.000,643.026,0.000,627.469,2,0,1,643.026,2.496,4,0,0.793,6,50.090,3550.375,0.800,0.379,5.698,0.937,2.068,0.067,0.274,0.726,0.953,0.700
1476,49.200,0.000,615.599,0.000,-27.427,1,0,1,0.000,2.719,3,1,0.759,2,50.090,3550.375,0.833,0.379,3.902,0.916,1.838,0.014,0.259,0.741,0.703,0.750
1479,49.300,0.000,0.000,0.000,0.000,0,0,0,0.000,0.000,3,0,0.759,0,50.090,3550.375,0.833,0.379,2.661,0.769,1.576,0.284,0.235,0.765,0.183,0.700
1482,49.400,0.000,0.000,0.000,0.000,0,0,0,0.000,0.000,3,0,0.793,0,50.090,3550.375,0.833,0.379,3.607,0.419,1.761,1.319,0.181,0.819,0.231,0.700
1485,49.500,0.000,0.000,0.000,0.000,0,0,0,0.000,0.000,3,0,0.793,0,50.090,3550.375,0.833,0.379,3.271,0.745,1.835,2.992,0.240,0.760,0.200,0.700
1488,49.600,0.000,0.000,0.000,0.000,0,0,0,0.000,0.000,3,0,0.793,0,50.090,3550.375,0.833,0.379,2.939,0.626,1.841,0.026,0.244,0.756,0.200,0.700
1491,49.700,0.000,0.000,0.000,0.000,0,0,0,0.000,0.000,3,0,0.828,0,50.090,3550.375,0.833,0.379,3.865,0.689,2.019,0.101,0.264,0.736,0.218,0.700
1494,49.800,0.000,0.000,0.000,0.000,0,0,0,0.000,0.000,3,0,0.828,0,50.090,3550.375,0.800,0.379,4.048,0.786,2.247,0.147,0.265,0.735,0.212,0.700
1497,49.900,52.345,0.000,-524.593,0.000,1,1,0,0.000,1.615,3,0,0.828,2,50.090,3550.375,0.800,0.277,4.011,0.807,2.087,0.005,0.265,0.735,0.710,0.700
1500,50.000,0.000,0.000,0.000,0.000,0,0,0,0.000,0.000,3,0,0.862,0,50.090,3550.375,0.767,0.277,4.037,0.739,1.972,0.195,0.274,0.726,0.211,0.700
1503,50.100,0.000,0.000,0.000,0.000,0,0,0,0.000,0.000,4,1,0.828,0,50.090,3550.375,0.733,0.277,3.564,0.756,2.211,0.152,0.266,0.734,0.294,0.750
1506,50.200,0.000,0.000,0.000,0.000,0,0,0,0.000,0.000,4,0,0.828,0,50.090,3550.375,0.700,0.277,3.069,0.834,2.293,0.341,0.253,0.747,0.272,0.700
1509,50.300,0.000,0.000,0.000,0.000,0,0,0,0.000,0.000,4,0,0.862,0,50.090,3550.375,0.667,0.277,3.106,0.813,2.091,0.209,0.259,0.741,0.271,0.700
1512,50.400,0.000,0.000,0.000,0.000,0,0,0,0.000,0.000,4,0,0.862,0,50.090,3550.375,0.633,0.277,2.999,0.809,1.933,0.260,0.252,0.748,0.264,0.700
1515,50.500,0.000,0.000,0.000,0.000,0,0,0,0.000,0.000,4,0,0.862,0,50.090,3550.375,0.600,0.277,3.268,0.826,2.043,0.007,0.248,0.752,0.266,0.700
1518,50.600,0.000,0.000,0.000,0.000,0,0,0,0.000,0.000,4,0,0.897,0,50.090,3550.375,0.567,0.277,2.999,0.767,2.133,0.527,0.212,0.788,0.259,0.700
1521,50.700,0.000,0.000,0.000,0.000,0,0,0,0.000,0.000,4,0,0.897,0,50.090,3550.375,0.533,0.277,2.333,0.566,2.086,0.150,0.214,0.786,0.253,0.700
1524,50.800,0.000,0.000,0.000,0.000,0,0,0,0.000,0.000,4,0,0.897,0,50.090,3550.375,0.500,0.277,2.319,0.554,1.884,0.746,0.225,0.775,0.249,0.700
1527,50.900,0.000,0.000,0.000,0.000,0,0,0,0.000,0.000,4,0,0.897,0,50.090,3550.375,0.467,0.277,2.728,0.653,1.522,0.469,0.220,0.780,0.248,0.700
1530,51.000,0.000,0.000,0.000,0.000,0,0,0,0.000,0.000,4,0,0.897,0,50.090,3550.375,0.433,0.277,2.015,0.303,1.359,2.617,0.178,0.822,0.251,0.580
1533,51.100,0.000,0.000,0.000,0.000,0,0,0,0.000,0.000,4,0,0.897,0,50.090,3550.375,0.400,0.277,1.177,0.214,1.219,0.699,0.130,0.870,0.232,0.580
1536,51.200,0.000,0.000,0.000,0.000,0,0,0,0.000,0.000,4,0,0.931,0,50.090,3550.375,0.367,0.277,2.243,0.230,1.096,1.800,0.134,0.866,0.254,0.580
1539,51.300,0.000,0.000,0.000,0.000,0,0,0,0.000,0.000,4,0,0.931,0,50.090,3550.375,0.333,0.277,2.574,0.526,1.053,1.175,0.217,0.783,0.238,0.580
1542,51.400,0.000,0.000,0.000,0.000,0,0,0,0.000,0.000,4,0,0.931,0,50.090,3550.375,0.300,0.277,1.688,0.524,1.015,2.444,0.121,0.879,0.212,0.580
1545,51.500,0.000,0.000,0.000,0.000,0,0,0,0.000,0.000,4,0,0.931,0,50.090,3550.375,0.267,0.277,2.192,0.232,1.006,3.073,0.109,0.891,0.241,0.580
1548,51.600,0.000,0.000,0.000,0.000,0,0,0,0.000,0.000,5,1,0.897,0,50.090,3550.375,0.233,0.277,1.746,0.084,1.429,0.504,0.151,0.849,0.236,0.750
1551,51.700,0.000,0.000,0.000,0.000,0,0,0,0.000,0.000,5,0,0.897,0,50.090,3550.375,0.200,0.277,1.699,0.555,1.521,2.004,0.085,0.915,0.198,0.700
1554,51.800,0.000,0.000,0.000,0.000,0,0,0,0.000,0.000,5,0,0.897,0,50.090,3550.375,0.167,0.277,1.677,0.729,1.458,0.495,0.125,0.875,0.181,0.700
1557,51.900,0.000,0.000,0.000,0.000,0,0,0,0.000,0.000,4,1,0.862,0,50.090,3550.375,0.133,0.277,1.747,0.442,1.420,2.337,0.112,0.888,0.199,0.750
1560,52.000,0.000,0.000,0.000,0.000,0,0,0,0.000,0.000,4,0,0.862,0,50.090,3550.375,0.100,0.277,1.830,0.572,1.522,1.711,0.122,0.878,0.188,0.700
1563,52.100,0.000,0.000,0.000,0.000,0,0,0,0.000,0.000,4,0,0.897,0,50.090,3550.375,0.067,0.277,2.447,0.102,2.169,2.678,0.107,0.893,0.232,0.700
1566,52.200,0.000,0.000,0.000,0.000,0,0,0,0.000,0.000,4,0,0.897,0,50.090,3550.375,0.033,0.277,1.519,0.714,3.099,2.720,0.092,0.908,0.162,0.700
1569,52.300,0.000,0.000,0.000,0.000,0,0,0,0.000,0.000,4,0,0.897,0,50.090,3550.375,0.033,0.277,3.198,0.484,2.660,2.927,0.150,0.850,0.220,0.700
1572,52.400,0.000,0.000,0.000,0.000,0,0,0,0.000,0.000,4,0,0.897,0,50.090,3550.375,0.033,0.277,2.269,0.700,2.335,2.614,0.142,0.858,0.182,0.700
1575,52.500,0.000,0.000,0.000,0.000,0,0,0,0.000,0.000,5,1,0.862,0,50.090,3550.375,0.033,0.277,1.213,0.325,2.239,2.599,0.114,0.886,0.182,0.750
1578,52.600,0.000,0.000,0.000,0.000,0,0,0,0.000,0.000,5,0,0.862,0,50.090,3550.375,0.033,0.277,0.863,0.744,1.913,1.886,0.105,0.895,0.143,0.700
1581,52.700,0.000,0.000,0.000,0.000,0,0,0,0.000,0.000,5,0,0.862,0,50.090,3550.375,0.033,0.277,1.544,0.771,1.386,0.040,0.136,0.864,0.159,0.580
1584,52.800,0.000,0.000,0.000,0.000,0,0,0,0.000,0.000,4,1,0.828,0,50.090,3550.375,0.033,0.277,3.651,0.662,1.325,1.962,0.223,0.777,0.219,0.750
1587,52.900,0.000,0.000,0.000,0.000,0,0,0,0.000,0.000,4,0,0.828,0,50.090,3550.375,0.000,0.277,2.745,0.874,1.194,2.322,0.177,0.823,0.177,0.580
1590,53.000,0.000,0.000,0.000,0.000,0,0,0,0.000,0.000,4,0,0.862,0,50.090,3550.375,0.000,0.277,1.802,0.751,0.913,0.069,0.171,0.829,0.162,0.580
1593,53.100,0.000,0.000,0.000,0.000,0,0,0,0.000,0.000,4,0,0.862,0,50.090,3550.375,0.000,0.277,1.506,0.873,0.893,1.552,0.176,0.824,0.147,0.580
1596,53.200,0.000,0.000,0.000,0.000,0,0,0,0.000,0.000,4,0,0.862,0,50.090,3550.375,0.000,0.277,1.679,0.784,0.764,1.368,0.116,0.884,0.157,0.580
1599,53.300,0.000,0.000,0.000,0.000,0,0,0,0.000,0.000,4,0,0.862,0,50.090,3550.375,0.000,0.277,1.060,0.252,0.611,2.892,0.068,0.932,0.179,0.580
1602,53.400,0.000,0.000,0.000,0.000,0,0,0,0.000,0.000,4,0,0.862,0,50.090,3550.375,0.000,0.277,1.000,0.751,0.534,1.926,0.127,0.873,0.142,0.580
1605,53.500,0.000,0.000,0.000,0.000,0,0,0,0.000,0.000,4,0,0.862,0,50.090,3550.375,0.000,0.277,2.189,0.881,0.497,0.632,0.208,0.792,0.163,0.580
1608,53.600,0.000,0.000,0.000,0.000,0,0,0,0.000,0.000,4,0,0.862,0,50.090,3550.375,0.000,0.277,4.081,0.871,0.328,0.047,0.244,0.756,0.211,0.580
1611,53.700,0.000,0.000,0.000,0.000,0,0,0,0.000,0.000,4,0,0.862,0,50.090,3550.375,0.000,0.277,7.285,0.826,0.016,0.270,0.263,0.737,0.294,0.580
1614,53.800,0.000,0.000,0.000,0.000,0,0,0,0.000,0.000,4,0,0.862,0,50.090,3550.375,0.000,0.277,10.463,0.762,1.038,0.191,0.294,0.706,0.317,0.580
1617,53.900,0.000,0.000,0.000,0.000,0,0,0,0.000,0.000,4,0,0.862,0,50.090,3550.375,0.000,0.277,11.877,0.445,1.676,0.138,0.303,0.697,0.339,0.700
1620,54.000,0.000,0.000,0.000,0.000,0,0,0,0.000,0.000,3,1,0.828,0,50.090,3550.375,0.000,0.277,13.605,0.403,3.170,0.146,0.322,0.678,0.242,0.750
1623,54.100,0.000,0.000,0.000,0.000,0,0,0,0.000,0.000,3,0,0.828,0,50.090,3550.375,0.000,0.277,13.548,0.402,4.625,0.304,0.339,0.661,0.242,0.700
1626,54.200,0.000,0.000,0.000,0.000,0,0,0,0.000,0.000,3,0,0.828,0,50.090,3550.375,0.000,0.277,11.133,0.112,5.886,0.152,0.356,0.644,0.262,0.700
1629,54.300,0.000,0.000,0.000,0.000,0,0,0,0.000,0.000,4,1,0.793,0,50.090,3550.375,0.000,0.277,11.590,0.141,7.108,0.363,0.298,0.702,0.360,0.750
1632,54.400,0.000,0.000,0.000,0.000,0,0,0,0.000,0.000,4,0,0.793,0,50.090,3550.375,0.000,0.277,13.601,0.314,6.362,0.726,0.297,0.703,0.348,0.700
1635,54.500,0.000,0.000,0.000,0.000,0,0,0,0.000,0.000,4,0,0.828,0,50.090,3550.375,0.000,0.277,15.422,0.516,7.070,0.575,0.304,0.696,0.334,0.700
1638,54.600,0.000,0.000,0.000,0.000,0,0,0,0.000,0.000,5,1,0.793,0,50.090,3550.375,0.000,0.277,14.727,0.577,8.367,0.468,0.297,0.703,0.330,0.750
1641,54.700,0.000,188.088,0.000,-427.511,1,0,1,0.000,2.593,5,0,0.793,2,0.000,3986.444,0.033,0.158,18.230,0.659,9.511,0.654,0.318,0.682,0.780,0.700
1644,54.800,0.000,117.107,0.000,-70.981,1,0,1,0.000,2.233,5,0,0.828,2,121.314,4564.300,0.067,0.158,16.431,0.472,11.024,0.007,0.310,0.690,0.797,0.700
1647,54.900,0.000,0.000,0.000,0.000,0,0,0,0.000,0.000,5,1,0.793,0,121.314,4564.300,0.067,0.158,16.217,0.591,11.954,0.019,0.292,0.708,0.337,0.750
1650,55.000,455.107,0.000,402.762,0.000,1,1,0,0.000,1.726,5,0,0.793,2,49.244,5079.269,0.100,0.160,14.934,0.430,12.773,0.821,0.226,0.774,0.804,0.700
1653,55.100,22.000,0.000,-433.107,0.000,1,1,0,0.000,1.500,5,0,0.793,2,20.224,5618.804,0.133,0.160,15.079,0.389,13.756,1.265,0.214,0.786,0.683,0.700
1656,55.200,0.000,0.000,0.000,0.000,0,0,0,0.000,0.000,3,1,0.759,0,20.224,5618.804,0.133,0.160,14.835,0.582,12.095,0.425,0.216,0.784,0.245,0.750
1659,55.300,0.000,0.000,0.000,0.000,0,0,0,0.000,0.000,3,0,0.759,0,20.224,5618.804,0.133,0.160,14.123,0.856,7.260,2.196,0.210,0.790,0.226,0.700
1662,55.400,0.000,0.000,0.000,0.000,0,0,0,0.000,0.000,3,0,0.793,0,20.224,5618.804,0.133,0.160,10.104,0.895,4.446,1.454,0.208,0.792,0.223,0.700
1665,55.500,0.000,0.000,0.000,0.000,0,0,0,0.000,0.000,4,1,0.759,0,20.224,5618.804,0.133,0.160,3.836,0.611,3.144,0.236,0.184,0.816,0.239,0.750
1668,55.600,0.000,0.000,0.000,0.000,0,0,0,0.000,0.000,4,0,0.759,0,20.224,5618.804,0.133,0.160,4.721,0.781,2.218,3.126,0.199,0.801,0.249,0.700
1671,55.700,0.000,68.242,0.000,-48.865,1,0,1,0.000,1.965,4,0,0.793,3,20.224,5618.804,0.167,0.169,8.019,0.795,1.684,0.100,0.255,0.745,0.849,0.700
1674,55.800,198.879,0.000,176.879,0.000,1,1,0,0.000,1.606,3,1,0.759,2,20.224,5618.804,0.200,0.171,10.264,0.894,1.466,0.315,0.227,0.773,0.731,0.750
1677,55.900,0.000,0.000,0.000,0.000,0,0,0,0.000,0.000,3,0,0.759,0,20.224,5618.804,0.200,0.171,9.216,0.719,1.290,0.071,0.278,0.722,0.244,0.650
1680,56.000,0.000,0.000,0.000,0.000,0,0,0,0.000,0.000,3,0,0.759,0,20.224,5618.804,0.200,0.171,9.542,0.576,1.039,0.443,0.288,0.712,0.254,0.580
1683,56.100,0.000,0.000,0.000,0.000,0,0,0,0.000,0.000,3,0,0.759,0,20.224,5618.804,0.200,0.171,11.701,0.391,0.758,1.358,0.283,0.717,0.267,0.580
1686,56.200,0.000,0.000,0.000,0.000,0,0,0,0.000,0.000,3,0,0.759,0,20.224,5618.804,0.200,0.171,12.593,0.521,0.559,0.548,0.308,0.692,0.258,0.580
1689,56.300,0.000,0.000,0.000,0.000,0,0,0,0.000,0.000,3,0,0.759,0,20.224,5618.804,0.200,0.171,12.296,0.427,0.272,0.238,0.292,0.708,0.264,0.580
1692,56.400,0.000,0.000,0.000,0.000,0,0,0,0.000,0.000,3,0,0.759,0,20.224,5618.804,0.200,0.171,12.533,0.397,0.031,0.197,0.307,0.693,0.266,0.580
1695,56.500,0.000,0.000,0.000,0.000,0,0,0,0.000,0.000,3,0,0.759,0,20.224,5618.804,0.200,0.171,12.482,0.447,0.253,0.040,0.302,0.698,0.263,0.580
1698,56.600,0.000,0.000,0.000,0.000,0,0,0,0.000,0.000,3,0,0.759,0,20.224,5618.804,0.200,0.171,12.202,0.160,0.598,2.953,0.285,0.715,0.283,0.580
1701,56.700,0.000,0.000,0.000,0.000,0,0,0,0.000,0.000,3,0,0.759,0,20.224,5618.804,0.200,0.171,9.797,0.239,1.137,0.199,0.277,0.723,0.277,0.580
1704,56.800,0.000,0.000,0.000,0.000,0,0,0,0.000,0.000,3,0,0.759,0,20.224,5618.804,0.200,0.171,9.638,0.196,1.861,0.347,0.282,0.718,0.280,0.700
1707,56.900,0.000,0.000,0.000,0.000,0,0,0,0.000,0.000,3,0,0.793,0,20.224,5618.804,0.200,0.171,8.657,0.578,2.397,0.400,0.257,0.743,0.254,0.700
1710,57.000,0.000,0.000,0.000,0.000,0,0,0,0.000,0.000,3,0,0.793,0,20.224,5618.804,0.200,0.171,9.589,0.771,2.152,0.248,0.261,0.739,0.240,0.700
1713,57.100,51.088,0.000,-147.791,0.000,1,1,0,0.000,1.630,3,0,0.793,2,61.131,5943.497,0.233,0.188,10.340,0.742,1.018,0.508,0.250,0.750,0.746,0.650
1716,57.200,18.111,0.000,-32.977,0.000,1,1,0,0.000,1.641,3,0,0.828,2,40.608,6211.388,0.267,0.188,13.489,0.876,0.605,0.037,0.252,0.748,0.591,0.580
1719,57.300,22.472,0.000,4.361,0.000,1,1,0,0.000,1.285,3,0,0.828,2,65.031,6334.459,0.300,0.190,12.723,0.793,0.442,0.131,0.232,0.768,0.625,0.580
1722,57.400,10.817,0.000,-11.656,0.000,1,1,0,0.000,0.969,3,0,0.828,2,0.000,6217.360,0.333,0.190,11.838,0.809,0.378,0.003,0.227,0.773,0.563,0.580
1725,57.500,15.133,0.000,4.316,0.000,1,1,0,0.000,1.238,3,0,0.862,2,0.000,6039.808,0.367,0.190,12.021,0.724,0.261,0.166,0.227,0.773,0.597,0.580
1728,57.600,0.000,73.756,0.000,5.514,1,0,1,0.000,1.874,3,0,0.862,2,77.414,6036.069,0.400,0.192,13.454,0.739,0.132,0.170,0.236,0.764,0.766,0.500
1731,57.700,0.000,59.093,0.000,-14.663,1,0,1,0.000,1.797,3,0,0.862,2,50.922,5620.475,0.400,0.194,10.419,0.886,0.057,0.193,0.212,0.788,0.756,0.350
1734,57.800,106.005,0.000,90.872,0.000,1,1,0,0.000,0.941,3,0,0.897,2,55.543,4380.230,0.400,0.194,7.521,0.698,0.002,0.372,0.227,0.773,0.757,0.500
1737,57.900,0.000,0.000,0.000,0.000,0,0,0,0.000,0.000,3,0,0.897,0,55.543,4380.230,0.400,0.194,6.269,0.573,0.014,0.194,0.250,0.750,0.235,0.650
1740,58.000,0.000,0.000,0.000,0.000,0,0,0,0.000,0.000,3,0,0.897,0,55.543,4380.230,0.367,0.194,5.966,0.666,0.067,0.473,0.211,0.789,0.217,0.580
1743,58.100,0.000,0.000,0.000,0.000,0,0,0,0.000,0.000,3,0,0.931,0,55.543,4380.230,0.333,0.194,6.758,0.799,0.154,1.974,0.238,0.762,0.223,0.580
1746,58.200,0.000,0.000,0.000,0.000,0,0,0,0.000,0.000,3,0,0.931,0,55.543,4380.230,0.333,0.194,11.602,0.682,0.219,0.323,0.258,0.742,0.262,0.580
1749,58.300,0.000,0.000,0.000,0.000,0,0,0,0.000,0.000,3,0,0.931,0,55.543,4380.230,0.333,0.194,8.762,0.472,0.074,0.099,0.254,0.746,0.277,0.580
1752,58.400,0.000,0.000,0.000,0.000,0,0,0,0.000,0.000,3,0,0.966,0,55.543,4380.230,0.333,0.194,6.223,0.549,0.012,0.317,0.251,0.749,0.227,0.580
1755,58.500,0.000,0.000,0.000,0.000,0,0,0,0.000,0.000,3,0,0.966,0,55.543,4380.230,0.333,0.194,4.847,0.376,0.013,0.974,0.227,0.773,0.205,0.580
1758,58.600,0.000,0.000,0.000,0.000,0,0,0,0.000,0.000,3,0,0.966,0,55.543,4380.230,0.333,0.194,6.088,0.679,0.349,1.007,0.243,0.757,0.215,0.580
1761,58.700,0.000,0.000,0.000,0.000,0,0,0,0.000,0.000,3,0,1.000,0,55.543,4380.230,0.300,0.194,7.641,0.753,0.923,0.284,0.261,0.739,0.244,0.580
1764,58.800,0.000,0.000,0.000,0.000,0,0,0,0.000,0.000,3,0,1.000,0,55.543,4380.230,0.267,0.194,7.796,0.854,1.428,0.231,0.256,0.744,0.237,0.700
1767,58.900,0.000,0.000,0.000,0.000,0,0,0,0.000,0.000,3,0,1.000,0,55.543,4380.230,0.267,0.194,7.316,0.771,1.700,0.339,0.259,0.741,0.231,0.700
1770,59.000,0.000,0.000,0.000,0.000,0,0,0,0.000,0.000,3,0,1.000,0,55.543,4380.230,0.267,0.194,6.397,0.816,2.114,0.107,0.257,0.743,0.205,0.700
1773,59.100,0.000,0.000,0.000,0.000,0,0,0,0.000,0.000,3,0,1.000,0,55.543,4380.230,0.267,0.194,7.085,0.833,2.601,0.283,0.256,0.744,0.221,0.700
1776,59.200,0.000,0.000,0.000,0.000,0,0,0,0.000,0.000,3,0,1.000,0,55.543,4380.230,0.267,0.194,4.861,0.857,2.815,0.297,0.266,0.734,0.164,0.700
1779,59.300,0.000,0.000,0.000,0.000,0,0,0,0.000,0.000,3,0,1.000,0,55.543,4380.230,0.267,0.194,4.493,0.915,2.966,0.072,0.267,0.733,0.150,0.700
1782,59.400,0.000,0.000,0.000,0.000,0,0,0,0.000,0.000,3,0,1.000,0,55.543,4380.230,0.267,0.194,3.163,0.947,2.449,0.005,0.250,0.750,0.115,0.700
1785,59.500,0.000,0.000,0.000,0.000,0,0,0,0.000,0.000,3,0,1.000,0,55.543,4380.230,0.267,0.194,2.435,0.941,1.964,0.122,0.227,0.773,0.097,0.700
1788,59.600,0.000,0.000,0.000,0.000,0,0,0,0.000,0.000,2,1,0.966,0,55.543,4380.230,0.267,0.194,1.539,0.880,1.671,0.454,0.195,0.805,0.079,0.750
1791,59.700,0.000,0.000,0.000,0.000,0,0,0,0.000,0.000,3,1,0.931,0,55.543,4380.230,0.267,0.194,1.613,0.911,1.602,0.086,0.193,0.807,0.079,0.750
1794,59.800,0.000,0.000,0.000,0.000,0,0,0,0.000,0.000,3,0,0.931,0,55.543,4380.230,0.267,0.194,1.230,0.858,1.898,0.277,0.163,0.837,0.073,0.700
1797,59.900,0.000,0.000,0.000,0.000,0,0,0,0.000,0.000,3,0,0.931,0,55.543,4380.230,0.267,0.194,0.809,0.813,2.062,0.110,0.123,0.877,0.065,0.700
1800,60.000,0.000,0.000,0.000,0.000,0,0,0,0.000,0.000,3,0,0.931,0,55.543,4380.230,0.267,0.194,1.732,0.866,2.016,0.111,0.156,0.844,0.085,0.700
1803,60.100,0.000,0.000,0.000,0.000,0,0,0,0.000,0.000,3,0,0.931,0,55.543,4380.230,0.233,0.194,4.134,0.127,1.788,2.949,0.090,0.910,0.192,0.700
1806,60.200,0.000,0.000,0.000,0.000,0,0,0,0.000,0.000,3,0,0.931,0,55.543,4380.230,0.200,0.194,1.565,0.331,1.673,0.527,0.173,0.827,0.110,0.700
1809,60.300,170.144,0.000,64.139,0.000,1,1,0,0.000,1.127,4,1,0.897,3,338.497,5349.927,0.200,0.215,1.244,0.909,1.803,0.456,0.154,0.846,0.676,0.750
1812,60.400,0.000,236.603,0.000,177.510,1,0,1,0.000,1.914,4,0,0.897,2,29.547,6409.517,0.200,0.217,1.710,0.789,1.980,0.493,0.136,0.864,0.652,0.700
1815,60.500,98.995,0.000,-71.149,0.000,1,1,0,0.000,1.292,4,0,0.897,2,141.428,5610.399,0.200,0.218,1.777,0.641,2.128,0.839,0.108,0.892,0.664,0.750
1818,60.600,23.770,0.000,-75.225,0.000,1,1,0,0.000,1.554,3,1,0.862,2,142.338,6790.544,0.200,0.218,1.771,0.630,2.279,0.503,0.171,0.829,0.476,0.750
1821,60.700,0.000,50.695,0.000,-185.908,1,0,1,0.000,2.103,3,0,0.862,2,142.338,6790.544,0.200,0.220,1.947,0.802,3.005,0.639,0.200,0.800,0.586,0.750
1824,60.800,57.280,0.000,33.510,0.000,1,1,0,0.000,1.250,3,0,0.862,2,142.338,6790.544,0.200,0.221,2.283,0.852,3.083,0.729,0.225,0.775,0.591,0.750
1827,60.900,0.000,69.007,0.000,18.312,1,0,1,0.000,2.072,4,1,0.828,2,142.338,6790.544,0.233,0.221,4.340,0.889,2.853,0.097,0.246,0.754,0.714,0.750
1830,61.000,0.000,54.424,0.000,-14.583,1,0,1,0.000,2.154,4,0,0.828,2,142.338,6790.544,0.267,0.223,2.802,0.846,2.373,0.489,0.227,0.773,0.683,0.750
1833,61.100,30.000,0.000,-27.280,0.000,1,1,0,0.000,1.595,4,0,0.828,2,142.338,6790.544,0.300,0.225,2.121,0.822,1.973,0.993,0.214,0.786,0.588,0.750
1836,61.200,0.000,40.000,0.000,-14.424,1,0,1,0.000,2.294,4,0,0.828,3,142.338,6790.544,0.333,0.225,2.484,0.773,1.579,0.839,0.215,0.785,0.705,0.750
1839,61.300,39.812,0.000,9.812,0.000,1,1,0,0.000,1.905,4,0,0.828,3,142.338,6790.544,0.367,0.226,2.791,0.854,1.439,0.702,0.234,0.766,0.710,0.750
1842,61.400,0.000,38.118,0.000,-1.882,1,0,1,0.000,2.481,4,0,0.828,3,136.308,7006.619,0.400,0.226,1.677,0.585,1.156,1.256,0.110,0.890,0.696,0.750
1845,61.500,72.111,0.000,32.299,0.000,1,1,0,0.000,1.963,4,0,0.828,3,59.666,7392.777,0.433,0.241,1.130,0.739,0.900,0.899,0.153,0.847,0.714,0.500
1848,61.600,46.325,0.000,-25.786,0.000,1,1,0,0.000,2.286,4,0,0.828,3,46.390,7289.365,0.467,0.241,2.235,0.595,0.802,2.623,0.171,0.829,0.755,0.580
1851,61.700,27.659,0.000,-18.666,0.000,1,1,0,0.000,2.101,4,0,0.828,3,108.977,7581.494,0.500,0.235,2.809,0.661,0.815,1.563,0.157,0.843,0.673,0.605
1854,61.800,14.142,0.000,-13.516,0.000,1,1,0,0.000,2.133,3,1,0.793,2,76.243,8451.528,0.533,0.224,2.017,0.628,0.647,2.094,0.155,0.845,0.469,0.750
1857,61.900,0.000,5.385,0.000,-32.733,1,0,1,0.000,2.340,3,0,0.793,2,166.709,8269.310,0.567,0.227,2.004,0.554,0.480,0.637,0.161,0.839,0.429,0.750
1860,62.000,67.417,0.000,53.274,0.000,1,1,0,0.000,1.859,3,0,0.793,2,166.709,8269.310,0.600,0.227,2.241,0.928,0.339,0.008,0.226,0.774,0.633,0.750
1863,62.100,40.262,0.000,-27.155,0.000,1,1,0,0.000,2.145,4,1,0.759,3,166.709,8269.310,0.633,0.205,2.474,0.868,0.185,0.001,0.196,0.804,0.736,0.750
1866,62.200,42.426,0.000,2.165,0.000,1,1,0,0.000,1.835,4,0,0.759,3,166.709,8269.310,0.667,0.205,1.915,0.875,0.069,0.254,0.196,0.804,0.737,0.750
1869,62.300,0.000,76.662,0.000,71.276,1,0,1,0.000,2.141,4,0,0.759,3,31.016,8218.068,0.700,0.202,1.403,0.817,0.272,1.969,0.145,0.855,0.747,0.550
1872,62.400,0.000,14.036,0.000,-62.626,1,0,1,0.000,2.091,4,0,0.759,3,25.495,7835.569,0.733,0.202,1.494,0.504,0.460,1.570,0.161,0.839,0.603,0.580
1875,62.500,0.000,0.000,0.000,0.000,0,0,0,0.000,0.000,4,0,0.793,0,25.495,7835.569,0.733,0.202,10.505,0.101,0.103,0.775,0.405,0.595,0.451,0.655
1878,62.600,0.000,0.000,0.000,0.000,0,0,0,0.000,0.000,4,0,0.828,0,25.495,7835.569,0.733,0.202,4.964,0.883,0.605,3.130,0.321,0.679,0.320,0.580
1881,62.700,0.000,0.000,0.000,0.000,0,0,0,0.000,0.000,4,0,0.828,0,25.495,7835.569,0.733,0.202,5.681,0.964,0.767,0.240,0.331,0.669,0.333,0.580
1884,62.800,0.000,0.000,0.000,0.000,0,0,0,0.000,0.000,4,0,0.828,0,25.495,7835.569,0.733,0.202,4.990,0.936,0.931,0.131,0.329,0.671,0.317,0.580
1887,62.900,0.000,0.000,0.000,0.000,0,0,0,0.000,0.000,4,0,0.828,0,25.495,7835.569,0.733,0.202,5.274,0.793,0.995,0.023,0.327,0.673,0.334,0.580
1890,63.000,0.000,0.000,0.000,0.000,0,0,0,0.000,0.000,7,1,0.793,0,25.495,7835.569,0.733,0.202,5.244,0.732,1.277,0.467,0.318,0.682,0.338,0.750
1893,63.100,0.000,0.000,0.000,0.000,0,0,0,0.000,0.000,7,0,0.793,0,25.495,7835.569,0.733,0.202,5.693,0.648,1.569,0.148,0.320,0.680,0.355,0.700
1896,63.200,0.000,0.000,0.000,0.000,0,0,0,0.000,0.000,7,0,0.828,0,25.495,7835.569,0.733,0.202,5.364,0.493,2.348,0.332,0.309,0.691,0.358,0.700
1899,63.300,0.000,0.000,0.000,0.000,0,0,0,0.000,0.000,8,1,0.793,0,25.495,7835.569,0.700,0.202,5.258,0.425,2.456,0.291,0.306,0.694,0.356,0.750
1902,63.400,0.000,0.000,0.000,0.000,0,0,0,0.000,0.000,8,0,0.793,0,25.495,7835.569,0.667,0.202,4.708,0.097,2.826,0.809,0.279,0.721,0.361,0.700
1905,63.500,0.000,0.000,0.000,0.000,0,0,0,0.000,0.000,8,0,0.828,0,25.495,7835.569,0.633,0.202,5.038,0.385,3.096,0.957,0.287,0.713,0.345,0.700
1908,63.600,0.000,0.000,0.000,0.000,0,0,0,0.000,0.000,5,1,0.793,0,25.495,7835.569,0.600,0.202,5.284,0.553,3.375,0.334,0.293,0.707,0.335,0.750
1911,63.700,0.000,0.000,0.000,0.000,0,0,0,0.000,0.000,5,0,0.793,0,25.495,7835.569,0.567,0.202,5.630,0.671,3.651,0.033,0.306,0.694,0.332,0.700
1914,63.800,0.000,0.000,0.000,0.000,0,0,0,0.000,0.000,5,0,0.828,0,25.495,7835.569,0.533,0.202,5.195,0.641,4.008,0.068,0.293,0.707,0.319,0.700
1917,63.900,0.000,0.000,0.000,0.000,0,0,0,0.000,0.000,4,1,0.793,0,25.495,7835.569,0.500,0.202,4.844,0.624,4.216,0.188,0.278,0.722,0.307,0.750
1920,64.000,0.000,0.000,0.000,0.000,0,0,0,0.000,0.000,4,0,0.793,0,25.495,7835.569,0.467,0.202,4.323,0.602,6.879,0.069,0.270,0.730,0.292,0.700
1923,64.100,0.000,0.000,0.000,0.000,0,0,0,0.000,0.000,4,0,0.793,0,25.495,7835.569,0.433,0.202,3.920,0.570,1.179,0.029,0.266,0.734,0.280,0.580
1926,64.200,0.000,0.000,0.000,0.000,0,0,0,0.000,0.000,4,0,0.793,0,25.495,7835.569,0.400,0.202,3.415,0.558,1.025,0.180,0.250,0.750,0.264,0.580
1929,64.300,0.000,0.000,0.000,0.000,0,0,0,0.000,0.000,4,0,0.793,0,25.495,7835.569,0.367,0.202,2.943,0.411,0.822,0.017,0.226,0.774,0.259,0.580
1932,64.400,0.000,0.000,0.000,0.000,0,0,0,0.000,0.000,4,0,0.793,0,25.495,7835.569,0.333,0.202,2.911,0.538,0.686,0.516,0.247,0.753,0.245,0.580
1935,64.500,0.000,0.000,0.000,0.000,0,0,0,0.000,0.000,4,0,0.793,0,25.495,7835.569,0.300,0.202,2.689,0.434,0.516,0.108,0.240,0.760,0.243,0.580
1938,64.600,0.000,0.000,0.000,0.000,0,0,0,0.000,0.000,4,0,0.793,0,25.495,7835.569,0.267,0.202,2.400,0.406,0.337,0.080,0.227,0.773,0.234,0.580
1941,64.700,0.000,0.000,0.000,0.000,0,0,0,0.000,0.000,4,0,0.828,0,25.495,7835.569,0.233,0.202,2.164,0.345,0.146,0.291,0.218,0.782,0.228,0.580
1944,64.800,0.000,0.000,0.000,0.000,0,0,0,0.000,0.000,4,0,0.828,0,25.495,7835.569,0.200,0.202,2.080,0.375,0.015,0.485,0.221,0.779,0.220,0.580
1947,64.900,0.000,0.000,0.000,0.000,0,0,0,0.000,0.000,4,0,0.828,0,25.495,7835.569,0.167,0.202,1.818,0.299,0.199,1.010,0.217,0.783,0.215,0.580
1950,65.000,0.000,0.000,0.000,0.000,0,0,0,0.000,0.000,3,1,0.828,0,25.495,7835.569,0.133,0.202,1.465,0.302,0.371,0.528,0.184,0.816,0.201,0.750
1953,65.100,0.000,0.000,0.000,0.000,0,0,0,0.000,0.000,3,0,0.828,0,25.495,7835.569,0.100,0.202,1.099,0.162,0.579,0.433,0.134,0.866,0.198,0.580
1956,65.200,0.000,0.000,0.000,0.000,0,0,0,0.000,0.000,4,1,0.793,0,25.495,7835.569,0.067,0.202,1.003,0.725,0.823,0.433,0.128,0.872,0.152,0.750
1959,65.300,0.000,0.000,0.000,0.000,0,0,0,0.000,0.000,4,0,0.793,0,25.495,7835.569,0.033,0.202,1.457,0.825,1.169,0.014,0.186,0.814,0.153,0.580
1962,65.400,0.000,0.000,0.000,0.000,0,0,0,0.000,0.000,6,1,0.759,0,25.495,7835.569,0.000,0.202,13.044,0.179,1.653,0.241,0.339,0.661,0.357,0.750
1965,65.500,0.000,0.000,0.000,0.000,0,0,0,0.000,0.000,5,1,0.724,0,25.495,7835.569,0.000,0.202,1.825,0.647,1.829,1.740,0.168,0.832,0.170,0.750
1968,65.600,0.000,0.000,0.000,0.000,0,0,0,0.000,0.000,5,0,0.724,0,25.495,7835.569,0.000,0.202,2.538,0.541,6.150,0.027,0.190,0.810,0.196,0.700
1971,65.700,0.000,0.000,0.000,0.000,0,0,0,0.000,0.000,4,0,0.724,0,25.495,7835.569,0.000,0.202,2.568,0.511,4.712,0.102,0.193,0.807,0.198,0.700
1974,65.800,0.000,0.000,0.000,0.000,0,0,0,0.000,0.000,5,1,0.690,0,25.495,7835.569,0.000,0.202,3.076,0.284,3.532,0.556,0.200,0.800,0.227,0.750
1977,65.900,0.000,0.000,0.000,0.000,0,0,0,0.000,0.000,5,0,0.724,0,25.495,7835.569,0.000,0.202,2.911,0.074,2.545,0.607,0.202,0.798,0.238,0.700
1980,66.000,0.000,0.000,0.000,0.000,0,0,0,0.000,0.000,5,0,0.724,0,25.495,7835.569,0.000,0.202,2.516,0.110,2.036,0.011,0.190,0.810,0.225,0.700
1983,66.100,0.000,0.000,0.000,0.000,0,0,0,0.000,0.000,5,0,0.724,0,25.495,7835.569,0.000,0.202,2.080,0.178,1.665,0.429,0.178,0.822,0.210,0.700
1986,66.200,0.000,0.000,0.000,0.000,0,0,0,0.000,0.000,5,0,0.759,0,25.495,7835.569,0.000,0.202,1.959,0.144,1.376,0.017,0.169,0.831,0.209,0.580
1989,66.300,0.000,0.000,0.000,0.000,0,0,0,0.000,0.000,6,1,0.724,0,25.495,7835.569,0.000,0.202,2.517,0.295,1.114,2.340,0.196,0.804,0.212,0.750
1992,66.400,0.000,0.000,0.000,0.000,0,0,0,0.000,0.000,6,0,0.724,0,25.495,7835.569,0.000,0.202,2.885,0.442,0.868,0.200,0.208,0.792,0.211,0.580
1995,66.500,0.000,0.000,0.000,0.000,0,0,0,0.000,0.000,6,0,0.759,0,25.495,7835.569,0.000,0.202,2.839,0.620,0.611,0.215,0.218,0.782,0.198,0.580
1998,66.600,0.000,0.000,0.000,0.000,0,0,0,0.000,0.000,6,0,0.759,0,25.495,7835.569,0.000,0.202,2.781,0.708,0.340,0.116,0.228,0.772,0.190,0.580
2001,66.700,0.000,0.000,0.000,0.000,0,0,0,0.000,0.000,6,0,0.759,0,25.495,7835.569,0.000,0.202,2.094,0.712,0.044,0.023,0.212,0.788,0.172,0.580
2004,66.800,0.000,0.000,0.000,0.000,0,0,0,0.000,0.000,5,1,0.759,0,25.495,7835.569,0.000,0.202,1.052,0.755,0.255,2.481,0.131,0.869,0.143,0.750
2007,66.900,0.000,0.000,0.000,0.000,0,0,0,0.000,0.000,5,0,0.759,0,25.495,7835.569,0.000,0.202,1.016,0.472,0.481,1.901,0.142,0.858,0.162,0.580
2010,67.000,0.000,0.000,0.000,0.000,0,0,0,0.000,0.000,6,1,0.724,0,25.495,7835.569,0.000,0.202,1.880,0.732,0.286,1.586,0.209,0.791,0.166,0.750
2013,67.100,0.000,0.000,0.000,0.000,0,0,0,0.000,0.000,6,0,0.724,0,25.495,7835.569,0.000,0.202,2.184,0.805,0.225,0.131,0.215,0.785,0.168,0.580
2016,67.200,0.000,0.000,0.000,0.000,0,0,0,0.000,0.000,6,0,0.724,0,25.495,7835.569,0.000,0.202,2.152,0.809,0.202,0.199,0.209,0.791,0.167,0.580
2019,67.300,0.000,0.000,0.000,0.000,0,0,0,0.000,0.000,6,0,0.724,0,25.495,7835.569,0.000,0.202,2.136,0.850,0.192,0.003,0.205,0.795,0.164,0.580
2022,67.400,0.000,0.000,0.000,0.000,0,0,0,0.000,0.000,5,1,0.690,0,25.495,7835.569,0.000,0.202,1.873,0.841,0.217,0.058,0.204,0.796,0.158,0.750
2025,67.500,0.000,0.000,0.000,0.000,0,0,0,0.000,0.000,7,1,0.655,0,25.495,7835.569,0.000,0.202,1.649,0.871,0.242,0.193,0.200,0.800,0.150,0.750
2028,67.600,0.000,0.000,0.000,0.000,0,0,0,0.000,0.000,7,0,0.655,0,25.495,7835.569,0.000,0.202,1.561,0.813,0.258,0.117,0.200,0.800,0.152,0.580
2031,67.700,0.000,0.000,0.000,0.000,0,0,0,0.000,0.000,7,0,0.655,0,25.495,7835.569,0.000,0.202,1.859,0.950,0.263,0.377,0.192,0.808,0.150,0.580
2034,67.800,0.000,0.000,0.000,0.000,0,0,0,0.000,0.000,6,0,0.655,0,25.495,7835.569,0.000,0.202,1.938,0.950,0.260,0.122,0.204,0.796,0.152,0.580
2037,67.900,0.000,0.000,0.000,0.000,0,0,0,0.000,0.000,6,0,0.690,0,25.495,7835.569,0.000,0.202,1.268,0.849,0.285,0.135,0.170,0.830,0.142,0.580
2040,68.000,0.000,0.000,0.000,0.000,0,0,0,0.000,0.000,5,1,0.655,0,25.495,7835.569,0.000,0.202,1.157,0.897,0.350,2.826,0.163,0.837,0.136,0.750
2043,68.100,0.000,0.000,0.000,0.000,0,0,0,0.000,0.000,6,1,0.655,0,25.495,7835.569,0.000,0.202,2.952,0.924,0.427,0.055,0.245,0.755,0.179,0.750
2046,68.200,0.000,0.000,0.000,0.000,0,0,0,0.000,0.000,6,0,0.655,0,25.495,7835.569,0.000,0.202,3.536,0.867,0.470,0.338,0.246,0.754,0.198,0.580
2049,68.300,0.000,0.000,0.000,0.000,0,0,0,0.000,0.000,6,0,0.690,0,25.495,7835.569,0.000,0.202,3.594,0.851,0.469,0.273,0.243,0.757,0.200,0.580
2052,68.400,0.000,0.000,0.000,0.000,0,0,0,0.000,0.000,6,0,0.724,0,25.495,7835.569,0.000,0.202,4.204,0.768,0.393,0.033,0.253,0.747,0.221,0.580
2055,68.500,0.000,0.000,0.000,0.000,0,0,0,0.000,0.000,6,0,0.724,0,25.495,7835.569,0.000,0.202,4.809,0.735,0.078,0.014,0.254,0.746,0.239,0.580
2058,68.600,0.000,0.000,0.000,0.000,0,0,0,0.000,0.000,6,0,0.724,0,25.495,7835.569,0.000,0.202,5.483,0.691,0.234,0.005,0.256,0.744,0.259,0.580
2061,68.700,0.000,0.000,0.000,0.000,0,0,0,0.000,0.000,6,0,0.759,0,25.495,7835.569,0.000,0.202,6.000,0.599,0.634,0.020,0.259,0.741,0.278,0.580
2064,68.800,0.000,0.000,0.000,0.000,0,0,0,0.000,0.000,6,0,0.759,0,25.495,7835.569,0.000,0.202,5.801,0.474,1.105,0.018,0.249,0.751,0.282,0.580
2067,68.900,0.000,0.000,0.000,0.000,0,0,0,0.000,0.000,6,0,0.759,0,25.495,7835.569,0.000,0.202,5.260,0.330,1.724,0.033,0.249,0.751,0.278,0.700
2070,69.000,0.000,0.000,0.000,0.000,0,0,0,0.000,0.000,5,1,0.724,0,25.495,7835.569,0.000,0.202,5.306,0.197,2.362,0.311,0.246,0.754,0.289,0.750
2073,69.100,0.000,0.000,0.000,0.000,0,0,0,0.000,0.000,5,0,0.724,0,25.495,7835.569,0.000,0.202,5.577,0.080,2.910,0.392,0.241,0.759,0.304,0.700
2076,69.200,0.000,0.000,0.000,0.000,0,0,0,0.000,0.000,5,0,0.759,0,25.495,7835.569,0.000,0.202,5.518,0.114,3.376,0.389,0.229,0.771,0.300,0.700
2079,69.300,0.000,0.000,0.000,0.000,0,0,0,0.000,0.000,5,0,0.759,0,25.495,7835.569,0.000,0.202,5.069,0.235,3.816,0.324,0.214,0.786,0.280,0.700
2082,69.400,0.000,0.000,0.000,0.000,0,0,0,0.000,0.000,5,0,0.759,0,25.495,7835.569,0.000,0.202,5.069,0.362,4.378,2.138,0.210,0.790,0.271,0.700
2085,69.500,0.000,0.000,0.000,0.000,0,0,0,0.000,0.000,5,0,0.759,0,25.495,7835.569,0.000,0.202,4.921,0.428,5.317,0.204,0.214,0.786,0.263,0.700
2088,69.600,0.000,0.000,0.000,0.000,0,0,0,0.000,0.000,4,1,0.724,0,25.495,7835.569,0.000,0.202,5.225,0.526,6.505,0.124,0.223,0.777,0.264,0.750
2091,69.700,0.000,0.000,0.000,0.000,0,0,0,0.000,0.000,4,0,0.759,0,25.495,7835.569,0.000,0.202,5.074,0.618,6.457,0.405,0.227,0.773,0.254,0.700
2094,69.800,0.000,0.000,0.000,0.000,0,0,0,0.000,0.000,4,0,0.759,0,25.495,7835.569,0.000,0.202,5.066,0.641,4.891,0.160,0.230,0.770,0.252,0.700
2097,69.900,0.000,0.000,0.000,0.000,0,0,0,0.000,0.000,3,1,0.759,0,25.495,7835.569,0.000,0.202,4.345,0.604,4.236,0.029,0.223,0.777,0.136,0.750
2100,70.000,0.000,0.000,0.000,0.000,0,0,0,0.000,0.000,3,0,0.759,0,25.495,7835.569,0.000,0.202,4.348,0.562,3.421,0.233,0.222,0.778,0.139,0.700
2103,70.100,0.000,0.000,0.000,0.000,0,0,0,0.000,0.000,3,0,0.759,0,25.495,7835.569,0.000,0.202,3.970,0.623,2.573,0.044,0.218,0.782,0.126,0.700
2106,70.200,0.000,0.000,0.000,0.000,0,0,0,0.000,0.000,3,0,0.759,0,25.495,7835.569,0.000,0.202,4.085,0.600,1.863,0.232,0.223,0.777,0.130,0.700
2109,70.300,0.000,0.000,0.000,0.000,0,0,0,0.000,0.000,3,0,0.793,0,25.495,7835.569,0.000,0.202,3.972,0.673,1.332,0.114,0.227,0.773,0.122,0.580
2112,70.400,0.000,0.000,0.000,0.000,0,0,0,0.000,0.000,3,0,0.828,0,25.495,7835.569,0.000,0.202,4.062,0.687,1.002,0.088,0.233,0.767,0.123,0.580
2115,70.500,0.000,0.000,0.000,0.000,0,0,0,0.000,0.000,3,0,0.828,0,25.495,7835.569,0.000,0.202,3.225,0.603,0.802,0.145,0.207,0.793,0.108,0.580
2118,70.600,0.000,0.000,0.000,0.000,0,0,0,0.000,0.000,3,0,0.828,0,25.495,7835.569,0.000,0.202,2.509,0.710,0.580,0.227,0.189,0.811,0.083,0.580
2121,70.700,0.000,0.000,0.000,0.000,0,0,0,0.000,0.000,3,0,0.828,0,25.495,7835.569,0.000,0.202,2.441,0.811,0.309,0.412,0.196,0.804,0.074,0.580
2124,70.800,0.000,0.000,0.000,0.000,0,0,0,0.000,0.000,3,0,0.828,0,25.495,7835.569,0.000,0.202,2.573,0.923,0.040,1.198,0.218,0.782,0.070,0.580
2127,70.900,0.000,0.000,0.000,0.000,0,0,0,0.000,0.000,3,0,0.862,0,25.495,7835.569,0.000,0.202,3.673,0.991,0.205,0.784,0.246,0.754,0.092,0.580
2130,71.000,0.000,0.000,0.000,0.000,0,0,0,0.000,0.000,3,0,0.897,0,25.495,7835.569,0.000,0.202,5.190,0.990,0.516,0.069,0.265,0.735,0.130,0.580
2133,71.100,0.000,0.000,0.000,0.000,0,0,0,0.000,0.000,3,0,0.897,0,25.495,7835.569,0.000,0.202,6.405,0.977,1.020,0.111,0.279,0.721,0.162,0.580
2136,71.200,0.000,0.000,0.000,0.000,0,0,0,0.000,0.000,3,0,0.897,0,25.495,7835.569,0.000,0.202,6.902,0.952,1.362,0.466,0.280,0.720,0.176,0.580
2139,71.300,0.000,0.000,0.000,0.000,0,0,0,0.000,0.000,3,0,0.897,0,25.495,7835.569,0.000,0.202,6.852,0.906,1.615,0.522,0.277,0.723,0.178,0.700
2142,71.400,0.000,0.000,0.000,0.000,0,0,0,0.000,0.000,4,1,0.862,0,25.495,7835.569,0.000,0.202,6.724,0.819,2.206,0.062,0.365,0.635,0.281,0.750
2145,71.500,0.000,0.000,0.000,0.000,0,0,0,0.000,0.000,4,0,0.862,0,25.495,7835.569,0.000,0.202,6.310,0.724,1.952,0.146,0.271,0.729,0.277,0.700
2148,71.600,0.000,0.000,0.000,0.000,0,0,0,0.000,0.000,4,0,0.862,0,25.495,7835.569,0.000,0.202,5.583,0.435,1.381,1.855,0.263,0.737,0.279,0.580
2151,71.700,0.000,0.000,0.000,0.000,0,0,0,0.000,0.000,4,0,0.862,0,25.495,7835.569,0.000,0.202,5.764,0.145,0.758,0.863,0.251,0.749,0.304,0.580
2154,71.800,0.000,0.000,0.000,0.000,0,0,0,0.000,0.000,4,0,0.862,0,25.495,7835.569,0.000,0.202,6.875,0.308,0.308,0.087,0.252,0.748,0.320,0.580
2157,71.900,0.000,0.000,0.000,0.000,0,0,0,0.000,0.000,4,0,0.897,0,25.495,7835.569,0.000,0.202,8.335,0.581,0.283,0.036,0.256,0.744,0.329,0.580
2160,72.000,0.000,0.000,0.000,0.000,0,0,0,0.000,0.000,4,0,0.897,0,25.495,7835.569,0.000,0.202,8.760,0.674,0.924,0.021,0.250,0.750,0.323,0.580
2163,72.100,0.000,0.000,0.000,0.000,0,0,0,0.000,0.000,4,0,0.897,0,25.495,7835.569,0.000,0.202,9.136,0.707,1.554,0.037,0.247,0.753,0.320,0.700
2166,72.200,0.000,0.000,0.000,0.000,0,0,0,0.000,0.000,4,0,0.897,0,25.495,7835.569,0.000,0.202,9.525,0.701,2.097,0.016,0.260,0.740,0.321,0.700
2169,72.300,0.000,0.000,0.000,0.000,0,0,0,0.000,0.000,5,1,0.862,0,25.495,7835.569,0.000,0.202,9.029,0.697,2.663,0.014,0.263,0.737,0.321,0.750
2172,72.400,0.000,0.000,0.000,0.000,0,0,0,0.000,0.000,5,0,0.862,0,25.495,7835.569,0.000,0.202,7.897,0.703,3.131,0.007,0.258,0.742,0.318,0.700
2175,72.500,0.000,0.000,0.000,0.000,0,0,0,0.000,0.000,5,0,0.897,0,25.495,7835.569,0.000,0.202,6.869,0.679,3.670,0.011,0.250,0.750,0.294,0.700
2178,72.600,0.000,0.000,0.000,0.000,0,0,0,0.000,0.000,6,1,0.862,0,25.495,7835.569,0.000,0.202,5.973,0.690,3.688,0.115,0.247,0.753,0.271,0.750
2181,72.700,0.000,0.000,0.000,0.000,0,0,0,0.000,0.000,6,0,0.862,0,25.495,7835.569,0.000,0.202,5.331,0.547,3.098,0.184,0.244,0.756,0.265,0.700
2184,72.800,0.000,0.000,0.000,0.000,0,0,0,0.000,0.000,6,0,0.897,0,25.495,7835.569,0.000,0.202,4.618,0.492,2.440,0.088,0.228,0.772,0.251,0.700
2187,72.900,0.000,0.000,0.000,0.000,0,0,0,0.000,0.000,7,1,0.862,0,25.495,7835.569,0.000,0.202,3.441,0.455,1.987,0.214,0.214,0.786,0.224,0.750
2190,73.000,0.000,0.000,0.000,0.000,0,0,0,0.000,0.000,7,0,0.862,0,25.495,7835.569,0.000,0.202,2.858,0.552,1.582,0.123,0.202,0.798,0.203,0.700
2193,73.100,0.000,0.000,0.000,0.000,0,0,0,0.000,0.000,7,0,0.862,0,25.495,7835.569,0.000,0.202,2.420,0.427,1.292,0.001,0.187,0.813,0.201,0.580
2196,73.200,0.000,0.000,0.000,0.000,0,0,0,0.000,0.000,6,1,0.828,0,25.495,7835.569,0.000,0.202,1.805,0.596,1.088,0.213,0.168,0.832,0.173,0.750
2199,73.300,0.000,104.355,0.000,90.319,1,0,1,0.000,1.940,7,1,0.793,3,25.495,7835.569,0.033,0.155,14.206,0.168,0.849,0.555,0.365,0.635,0.819,0.750
2202,73.400,0.000,11.402,0.000,-92.953,1,0,1,0.000,1.821,7,0,0.793,3,25.495,7835.569,0.067,0.137,1.963,0.160,0.993,0.149,0.132,0.868,0.486,0.580
2205,73.500,0.000,0.000,0.000,0.000,0,0,0,0.000,0.000,4,1,0.759,0,25.495,7835.569,0.067,0.137,3.129,0.682,0.520,1.097,0.158,0.842,0.209,0.750
2208,73.600,0.000,0.000,0.000,0.000,0,0,0,0.000,0.000,4,0,0.759,0,25.495,7835.569,0.067,0.137,6.188,0.783,0.113,0.541,0.210,0.790,0.278,0.580
2211,73.700,0.000,47.539,0.000,36.138,1,0,1,0.000,1.589,4,0,0.759,2,0.000,7406.574,0.100,0.138,8.006,0.778,0.215,0.108,0.244,0.756,0.798,0.650
2214,73.800,0.000,0.000,0.000,0.000,0,0,0,0.000,0.000,4,1,0.724,0,0.000,7406.574,0.100,0.138,8.691,0.764,0.535,0.044,0.252,0.748,0.329,0.750
2217,73.900,0.000,0.000,0.000,0.000,0,0,0,0.000,0.000,4,0,0.724,0,0.000,7406.574,0.100,0.138,10.685,0.554,0.898,0.293,0.254,0.746,0.343,0.580
2220,74.000,0.000,59.464,0.000,11.925,1,0,1,0.000,1.503,4,0,0.724,2,0.000,6847.059,0.133,0.140,8.505,0.581,1.142,0.369,0.234,0.766,0.815,0.650
2223,74.100,0.000,0.000,0.000,0.000,0,0,0,0.000,0.000,3,1,0.690,0,0.000,6847.059,0.133,0.140,7.578,0.616,1.250,1.184,0.224,0.776,0.232,0.750
2226,74.200,0.000,0.000,0.000,0.000,0,0,0,0.000,0.000,3,0,0.690,0,0.000,6847.059,0.133,0.140,6.990,0.522,1.115,0.492,0.202,0.798,0.224,0.580
2229,74.300,125.936,0.000,83.510,0.000,1,1,0,0.000,1.698,3,0,0.724,2,20.100,5511.485,0.167,0.142,8.242,0.367,0.878,1.415,0.200,0.800,0.764,0.650
2232,74.400,0.000,56.045,0.000,-3.420,1,0,1,0.000,1.474,5,1,0.690,3,207.714,5253.347,0.200,0.142,5.950,0.640,0.531,1.871,0.189,0.811,0.786,0.750
2235,74.500,0.000,16.763,0.000,-39.282,1,0,1,0.000,1.636,5,0,0.690,3,0.000,5820.657,0.233,0.141,4.871,0.804,0.235,0.849,0.203,0.797,0.595,0.580
2238,74.600,0.000,33.287,0.000,16.524,1,0,1,0.000,1.805,5,0,0.690,3,0.000,5268.644,0.267,0.141,4.342,0.695,0.025,3.069,0.154,0.846,0.685,0.580
2241,74.700,56.436,0.000,-69.501,0.000,1,1,0,0.000,1.513,3,1,0.655,2,0.000,4735.364,0.300,0.141,4.621,0.777,0.126,0.454,0.111,0.889,0.667,0.750
2244,74.800,31.906,0.000,-24.530,0.000,1,1,0,0.000,1.363,3,0,0.655,2,62.650,3348.489,0.333,0.141,4.994,0.489,0.289,1.992,0.160,0.840,0.628,0.580
2247,74.900,69.203,0.000,37.296,0.000,1,1,0,0.000,1.727,3,0,0.655,2,62.650,3348.489,0.367,0.141,5.974,0.451,0.112,0.980,0.176,0.824,0.732,0.450
2250,75.000,0.000,120.507,0.000,87.221,1,0,1,0.000,1.678,3,0,0.655,2,62.650,3348.489,0.400,0.142,7.157,0.526,0.096,0.519,0.215,0.785,0.760,0.500
2253,75.100,0.000,18.248,0.000,-102.259,1,0,1,0.000,1.606,3,0,0.655,2,62.650,3348.489,0.433,0.142,5.863,0.436,0.283,0.966,0.180,0.820,0.589,0.580
2256,75.200,0.000,16.279,0.000,-1.969,1,0,1,0.000,1.370,3,0,0.690,2,62.650,3348.489,0.467,0.142,5.148,0.709,0.345,1.994,0.186,0.814,0.546,0.580
2259,75.300,59.615,0.000,-9.587,0.000,1,1,0,0.000,1.437,4,1,0.655,2,62.650,3348.489,0.500,0.143,3.640,0.796,0.328,0.141,0.191,0.809,0.735,0.750
2262,75.400,0.000,34.176,0.000,17.897,1,0,1,0.000,1.277,4,0,0.655,2,62.650,3348.489,0.533,0.143,1.219,0.685,0.232,0.898,0.126,0.874,0.626,0.580
2265,75.500,0.000,14.422,0.000,-19.754,1,0,1,0.000,1.321,4,0,0.690,2,62.650,3348.489,0.567,0.143,1.868,0.783,0.021,0.202,0.140,0.860,0.530,0.580
2268,75.600,0.000,0.000,0.000,0.000,0,0,0,0.000,0.000,4,1,0.655,0,62.650,3348.489,0.567,0.143,4.536,0.843,0.180,0.334,0.196,0.804,0.292,0.750
2271,75.700,0.000,0.000,0.000,0.000,0,0,0,0.000,0.000,4,0,0.655,0,62.650,3348.489,0.567,0.143,2.427,0.758,0.267,0.044,0.155,0.845,0.246,0.580
2274,75.800,0.000,0.000,0.000,0.000,0,0,0,0.000,0.000,4,0,0.690,0,62.650,3348.489,0.567,0.143,13.024,0.222,0.386,2.962,0.318,0.682,0.422,0.580
2277,75.900,210.640,0.000,151.024,0.000,1,1,0,0.000,1.738,3,1,0.655,2,43.829,2793.050,0.600,0.146,6.699,0.664,0.362,1.194,0.148,0.852,0.763,0.750
2280,76.000,50.990,0.000,-159.649,0.000,1,1,0,0.000,1.774,3,0,0.655,2,8.485,2104.155,0.633,0.146,9.589,0.784,0.405,0.182,0.159,0.841,0.791,0.450
2283,76.100,33.541,0.000,-17.449,0.000,1,1,0,0.000,1.835,3,0,0.690,2,31.623,1833.694,0.667,0.146,9.578,0.763,0.363,0.181,0.152,0.848,0.733,0.580
2286,76.200,0.000,203.342,0.000,188.920,1,0,1,0.000,1.256,3,0,0.724,2,0.000,1521.834,0.700,0.146,4.991,0.725,0.309,0.488,0.135,0.865,0.728,0.500
2289,76.300,0.000,14.866,0.000,-188.476,1,0,1,0.000,1.089,3,0,0.724,2,42.154,1000.127,0.700,0.146,5.005,0.441,0.387,1.529,0.138,0.862,0.581,0.580
2292,76.400,21.932,494.353,-11.609,479.487,2,1,1,512.884,1.948,3,0,0.759,4,42.485,678.144,0.700,0.146,3.995,0.440,0.235,0.058,0.142,0.858,0.833,0.650
2295,76.500,29.614,0.000,7.682,0.000,1,1,0,0.000,1.865,3,0,0.759,2,0.000,444.504,0.733,0.146,5.578,0.462,0.475,2.428,0.136,0.864,0.680,0.650
2298,76.600,22.204,0.000,-7.411,0.000,1,1,0,0.000,1.683,3,0,0.759,2,0.000,422.199,0.767,0.146,6.654,0.562,0.752,1.577,0.139,0.861,0.662,0.580
2301,76.700,15.133,0.000,-7.071,0.000,1,1,0,0.000,1.498,3,0,0.793,2,0.000,403.125,0.767,0.147,5.842,0.439,0.706,1.895,0.146,0.854,0.611,0.580
2304,76.800,32.016,234.955,16.883,-259.398,2,1,1,410.651,1.562,4,1,0.759,4,0.000,140.014,0.800,0.399,3.677,0.723,0.565,1.014,0.182,0.818,0.917,0.750
2307,76.900,24.042,8.544,-7.974,-226.411,2,1,1,393.859,1.288,4,0,0.759,4,0.000,108.068,0.833,0.401,4.018,0.836,0.361,0.109,0.161,0.839,0.806,0.450
2310,77.000,26.173,4.472,2.131,-4.072,2,1,1,382.079,1.388,4,0,0.793,4,0.000,137.288,0.833,0.405,3.256,0.786,0.087,0.085,0.146,0.854,0.802,0.350
2313,77.100,6.083,4.243,-20.090,-0.229,2,1,1,387.057,1.603,4,1,0.759,4,0.000,160.808,0.867,0.397,2.012,0.611,0.365,0.728,0.127,0.873,0.675,0.750
2316,77.200,8.062,5.000,1.979,0.757,2,1,1,389.062,1.779,4,0,0.759,4,0.000,202.387,0.900,0.397,2.234,0.743,0.405,0.646,0.133,0.867,0.687,0.580
2319,77.300,4.243,5.000,-3.820,0.000,2,1,1,391.152,1.571,4,0,0.793,4,5.000,193.259,0.900,0.388,1.887,0.726,0.559,0.026,0.133,0.867,0.662,0.580
2322,77.400,2.000,4.472,-2.243,-0.528,2,1,1,387.412,1.556,4,0,0.793,3,2.000,195.579,0.900,0.388,1.532,0.828,0.016,0.090,0.122,0.878,0.598,0.580
2325,77.500,1.414,36.125,-0.586,31.653,2,1,1,354.493,1.404,4,0,0.793,4,249.874,1737.894,0.900,0.379,2.119,0.863,0.163,0.077,0.125,0.875,0.831,0.750
2328,77.600,4.123,70.859,2.709,34.734,2,1,1,288.979,1.199,4,0,0.828,4,45.880,1708.589,0.900,0.370,3.059,0.782,0.431,0.039,0.152,0.848,0.910,0.450
2331,77.700,5.657,51.865,1.534,-18.994,2,1,1,242.332,0.899,4,0,0.828,4,32.802,1654.338,0.900,0.361,2.633,0.803,0.665,0.424,0.126,0.874,0.898,0.000
2334,77.800,17.088,32.802,11.431,-19.063,2,1,1,231.821,0.869,4,0,0.828,4,64.288,1735.489,0.900,0.399,5.500,0.729,0.726,0.768,0.145,0.855,0.907,0.000
2337,77.900,33.015,0.000,15.927,0.000,1,1,0,0.000,0.802,4,0,0.828,2,55.606,1886.837,0.900,0.399,4.887,0.529,0.716,0.216,0.119,0.881,0.767,0.650
2340,78.000,37.643,0.000,4.628,0.000,1,1,0,0.000,0.856,5,1,0.793,2,35.440,2141.308,0.900,0.399,4.167,0.783,0.646,1.630,0.131,0.869,0.738,0.750
2343,78.100,0.000,0.000,0.000,0.000,0,0,0,0.000,0.000,5,0,0.793,0,35.440,2141.308,0.867,0.399,3.453,0.721,0.648,0.150,0.114,0.886,0.310,0.650
2346,78.200,0.000,0.000,0.000,0.000,0,0,0,0.000,0.000,5,0,0.828,0,35.440,2141.308,0.833,0.399,2.567,0.569,0.733,0.191,0.106,0.894,0.294,0.580
2349,78.300,0.000,0.000,0.000,0.000,0,0,0,0.000,0.000,4,1,0.793,0,35.440,2141.308,0.800,0.399,3.460,0.685,0.820,0.690,0.114,0.886,0.305,0.750
2352,78.400,0.000,0.000,0.000,0.000,0,0,0,0.000,0.000,4,0,0.793,0,35.440,2141.308,0.767,0.399,1.876,0.444,0.825,0.334,0.093,0.907,0.278,0.580
2355,78.500,0.000,0.000,0.000,0.000,0,0,0,0.000,0.000,4,0,0.828,0,35.440,2141.308,0.733,0.399,3.655,0.740,0.997,0.166,0.142,0.858,0.298,0.580
2358,78.600,0.000,71.344,0.000,38.542,1,0,1,0.000,0.782,4,1,0.793,2,0.000,2189.445,0.767,0.311,3.554,0.730,1.061,0.436,0.138,0.862,0.770,0.750
2361,78.700,0.000,35.355,0.000,-35.989,1,0,1,0.000,0.618,4,0,0.793,2,0.000,2206.689,0.800,0.311,2.819,0.814,0.912,1.320,0.136,0.864,0.696,0.550
2364,78.800,0.000,30.083,0.000,-5.272,1,0,1,0.000,0.648,4,0,0.828,2,0.000,2234.594,0.833,0.320,2.876,0.584,0.889,0.813,0.122,0.878,0.688,0.000
2367,78.900,0.000,19.416,0.000,-10.667,1,0,1,0.000,0.646,3,1,0.793,2,0.000,844.308,0.833,0.320,2.707,0.596,0.767,0.115,0.087,0.913,0.554,0.750
2370,79.000,0.000,13.000,0.000,-6.416,1,0,1,0.000,0.688,3,0,0.793,2,0.000,734.944,0.833,0.320,1.250,0.398,0.561,2.116,0.089,0.911,0.496,0.580
2373,79.100,0.000,7.810,0.000,-5.190,1,0,1,0.000,0.950,3,0,0.793,2,109.809,1232.164,0.833,0.320,1.559,0.649,0.437,1.179,0.099,0.901,0.457,0.610
2376,79.200,0.000,19.105,0.000,11.295,1,0,1,0.000,1.001,3,0,0.793,2,69.462,1322.165,0.833,0.320,2.626,0.685,0.380,0.090,0.115,0.885,0.544,0.350
2379,79.300,0.000,24.083,0.000,4.978,1,0,1,0.000,0.952,3,0,0.793,2,18.358,1297.209,0.833,0.328,3.858,0.631,0.283,2.909,0.118,0.882,0.606,0.550
2382,79.400,0.000,18.385,0.000,-5.698,1,0,1,0.000,0.840,3,0,0.793,2,0.000,1183.335,0.833,0.328,4.584,0.513,0.367,0.226,0.119,0.881,0.601,0.000
2385,79.500,0.000,25.495,0.000,7.110,1,0,1,0.000,0.752,3,0,0.793,2,0.000,955.270,0.833,0.337,5.201,0.587,0.409,0.177,0.144,0.856,0.651,0.000
2388,79.600,0.000,327.391,0.000,305.188,2,0,1,327.391,0.820,3,0,0.793,4,0.000,722.819,0.833,0.337,5.048,0.435,0.323,0.019,0.097,0.903,0.876,0.650
2391,79.700,114.280,328.203,76.637,0.811,2,1,1,314.560,1.134,3,0,0.828,4,113.719,1345.825,0.833,0.337,2.715,0.486,0.136,0.203,0.101,0.899,0.814,0.632
2394,79.800,24.352,7.071,-89.929,-321.132,2,1,1,326.443,1.167,3,0,0.828,4,106.963,1522.569,0.833,0.337,2.856,0.843,0.047,1.229,0.106,0.894,0.678,0.594
2397,79.900,11.402,21.633,-12.950,14.562,2,1,1,324.575,1.026,3,0,0.828,4,110.941,1734.537,0.833,0.337,3.106,0.636,0.024,0.042,0.100,0.900,0.683,0.616
2400,80.000,17.000,50.040,5.598,28.407,2,1,1,341.013,1.071,3,0,0.862,4,96.421,1897.324,0.833,0.328,2.788,0.422,0.224,0.254,0.098,0.902,0.820,0.536
2403,80.100,13.342,0.000,-3.658,0.000,1,1,0,0.000,1.178,3,0,0.862,2,0.000,2137.125,0.833,0.337,4.417,0.696,0.147,3.132,0.150,0.850,0.556,0.650
2406,80.200,8.246,0.000,-5.095,0.000,1,1,0,0.000,1.183,3,0,0.862,2,0.000,2231.694,0.833,0.337,4.252,0.777,0.110,1.031,0.161,0.839,0.518,0.580
2409,80.300,15.033,0.000,6.787,0.000,1,1,0,0.000,1.181,3,0,0.862,2,0.000,2130.565,0.833,0.345,4.501,0.825,0.164,0.076,0.146,0.854,0.558,0.580
2412,80.400,20.616,230.708,5.582,180.668,2,1,1,356.035,1.196,3,0,0.862,4,114.285,2279.949,0.833,0.345,3.916,0.833,0.212,2.529,0.111,0.889,0.820,0.650
2415,80.500,356.679,0.000,338.959,0.000,2,1,0,356.679,1.070,3,0,0.862,4,81.933,2395.764,0.833,0.345,1.880,0.372,0.234,0.726,0.068,0.932,0.801,0.500
2418,80.600,367.604,0.000,-1.699,0.000,2,1,0,367.604,1.627,3,0,0.862,4,48.415,2529.904,0.833,0.337,4.310,0.202,0.310,0.157,0.116,0.884,0.874,0.350
2421,80.700,389.495,91.706,21.890,-139.002,2,1,1,382.143,1.733,3,0,0.862,4,0.000,2795.610,0.833,0.417,5.426,0.403,0.540,0.533,0.134,0.866,0.887,0.500
2424,80.800,409.542,0.000,393.542,0.000,2,1,0,409.542,2.008,3,0,0.862,4,0.000,2756.304,0.833,0.408,5.341,0.646,0.706,0.013,0.145,0.855,0.868,0.500
2427,80.900,404.605,0.000,-3.166,0.000,2,1,0,404.605,2.669,3,0,0.897,4,0.000,2298.694,0.833,0.399,4.376,0.523,1.049,1.006,0.126,0.874,0.853,0.350
2430,81.000,399.010,0.000,20.385,0.000,2,1,0,399.010,2.687,3,0,0.897,4,0.000,1578.418,0.833,0.389,4.436,0.649,1.099,1.743,0.129,0.871,0.845,0.550
2433,81.100,372.022,0.000,-5.912,0.000,2,1,0,372.022,2.680,3,0,0.897,4,0.000,977.079,0.867,0.379,3.831,0.352,0.859,0.423,0.111,0.889,0.855,0.350
2436,81.200,307.366,0.000,-37.842,0.000,2,1,0,307.366,3.079,3,0,0.931,4,0.000,694.250,0.900,0.379,5.778,0.348,0.612,0.357,0.095,0.905,0.908,0.450
2439,81.300,257.218,0.000,-15.828,0.000,2,1,0,257.218,3.084,4,1,0.897,4,0.000,632.760,0.933,0.379,5.065,0.568,0.785,0.327,0.087,0.913,0.979,0.750
2442,81.400,258.234,0.000,1.017,0.000,1,1,0,0.000,3.083,4,0,0.897,2,0.000,556.920,0.967,0.379,2.916,0.479,0.950,0.341,0.106,0.894,0.795,0.650
2445,81.500,13.038,0.000,-245.196,0.000,1,1,0,0.000,2.702,4,0,0.931,2,0.000,512.905,1.000,0.389,3.893,0.608,0.908,0.929,0.119,0.881,0.637,0.580
2448,81.600,48.052,0.000,35.014,0.000,1,1,0,0.000,2.329,3,1,0.897,2,0.000,521.470,1.000,0.389,6.682,0.520,1.030,0.509,0.111,0.889,0.821,0.750
2451,81.700,12.649,0.000,-35.403,0.000,1,1,0,0.000,2.017,3,0,0.897,2,0.000,502.060,1.000,0.399,3.494,0.567,1.075,0.620,0.114,0.886,0.558,0.580
2454,81.800,6.083,0.000,-6.566,0.000,1,1,0,0.000,1.959,3,0,0.931,2,2.000,515.535,1.000,0.399,3.800,0.857,0.928,0.267,0.115,0.885,0.509,0.580
2457,81.900,17.117,0.000,11.034,0.000,1,1,0,0.000,1.612,3,0,0.931,2,7.000,517.304,1.000,0.408,4.771,0.902,0.773,0.300,0.149,0.851,0.591,0.580
2460,82.000,10.630,0.000,-6.487,0.000,1,1,0,0.000,1.344,3,0,0.931,2,10.000,470.685,1.000,0.408,4.824,0.865,0.760,0.374,0.131,0.869,0.559,0.580
2463,82.100,12.042,0.000,1.411,0.000,1,1,0,0.000,1.058,3,0,0.931,2,13.928,400.179,1.000,0.408,4.048,0.937,0.952,0.388,0.136,0.864,0.542,0.580
2466,82.200,25.318,0.000,13.276,0.000,1,1,0,0.000,0.681,3,0,0.931,2,0.000,358.184,1.000,0.408,4.886,0.821,0.869,0.055,0.126,0.874,0.645,0.580
2469,82.300,8.944,0.000,-16.374,0.000,1,1,0,0.000,0.835,3,0,0.931,2,0.000,319.079,1.000,0.408,4.275,0.593,0.615,1.206,0.119,0.881,0.555,0.580
2472,82.400,9.434,0.000,0.490,0.000,1,1,0,0.000,0.830,3,0,0.931,2,0.000,300.394,1.000,0.417,3.948,0.776,0.421,0.128,0.122,0.878,0.537,0.580
2475,82.500,9.849,0.000,0.415,0.000,1,1,0,0.000,0.943,3,0,0.931,2,0.000,357.329,1.000,0.417,2.644,0.479,0.410,1.093,0.104,0.896,0.527,0.580
2478,82.600,5.831,0.000,-4.018,0.000,1,1,0,0.000,0.822,3,0,0.931,2,0.000,358.739,1.000,0.426,2.934,0.744,0.359,1.343,0.129,0.871,0.494,0.580
2481,82.700,11.314,0.000,5.483,0.000,1,1,0,0.000,0.818,3,0,0.931,2,0.000,369.619,1.000,0.426,2.524,0.701,0.397,0.233,0.115,0.885,0.517,0.580
2484,82.800,15.000,0.000,3.686,0.000,1,1,0,0.000,0.795,3,0,0.931,2,0.000,314.944,1.000,0.435,4.438,0.773,0.033,0.489,0.157,0.843,0.580,0.580
2487,82.900,22.804,0.000,7.804,0.000,1,1,0,0.000,0.732,3,0,0.931,2,0.000,382.444,1.000,0.435,5.470,0.714,0.223,0.026,0.170,0.830,0.653,0.580
2490,83.000,46.840,0.000,24.037,0.000,1,1,0,0.000,0.724,3,0,0.931,2,48.270,558.678,1.000,0.444,5.477,0.769,0.039,0.968,0.184,0.816,0.773,0.000
2493,83.100,6.000,0.000,-40.840,0.000,1,1,0,0.000,0.601,3,0,0.931,2,11.045,719.925,1.000,0.444,4.530,0.633,0.009,1.668,0.149,0.851,0.542,0.580
2496,83.200,8.000,0.000,2.000,0.000,1,1,0,0.000,0.982,3,0,0.931,2,0.000,956.487,1.000,0.453,5.346,0.597,0.270,0.846,0.153,0.847,0.576,0.580
2499,83.300,12.806,0.000,4.806,0.000,1,1,0,0.000,0.888,3,0,0.931,2,9.434,1023.124,1.000,0.453,3.159,0.552,0.112,1.933,0.157,0.843,0.551,0.580
2502,83.400,12.042,0.000,-0.765,0.000,1,1,0,0.000,0.750,3,0,0.931,2,10.050,1067.069,1.000,0.462,2.657,0.511,0.108,0.565,0.138,0.862,0.538,0.580
2505,83.500,7.616,0.000,-4.426,0.000,1,1,0,0.000,1.072,3,0,0.931,1,1.000,1104.925,1.000,0.470,2.229,0.621,0.280,0.658,0.123,0.877,0.435,0.580
2508,83.600,9.000,0.000,1.384,0.000,1,1,0,0.000,1.316,3,0,0.931,2,12.166,1129.294,1.000,0.470,2.474,0.437,0.737,0.120,0.128,0.872,0.521,0.580
2511,83.700,17.263,0.000,8.263,0.000,1,1,0,0.000,1.304,3,0,0.931,2,0.000,1111.059,1.000,0.479,3.618,0.409,0.824,2.147,0.137,0.863,0.598,0.580
2514,83.800,10.000,0.000,-7.263,0.000,1,1,0,0.000,1.397,3,0,0.931,2,0.000,1135.669,1.000,0.479,4.349,0.494,0.897,0.195,0.134,0.866,0.570,0.580
2517,83.900,6.708,0.000,-3.292,0.000,1,1,0,0.000,1.580,3,0,0.931,2,0.000,1076.194,1.000,0.487,5.382,0.493,0.836,0.094,0.147,0.853,0.577,0.580
2520,84.000,16.643,0.000,9.935,0.000,1,1,0,0.000,1.567,3,0,0.931,2,0.000,1149.719,1.000,0.487,5.794,0.423,0.691,0.563,0.146,0.854,0.648,0.580
2523,84.100,36.125,0.000,19.481,0.000,1,1,0,0.000,1.544,3,0,0.931,2,0.000,1206.649,1.000,0.496,6.197,0.558,0.294,0.145,0.148,0.852,0.757,0.350
2526,84.200,57.871,0.000,21.746,0.000,1,1,0,0.000,1.502,3,0,0.966,2,0.000,1669.394,1.000,0.496,5.578,0.429,0.019,1.306,0.138,0.862,0.799,0.550
2529,84.300,24.759,0.000,-33.112,0.000,1,1,0,0.000,1.426,3,0,0.966,2,0.000,1474.099,1.000,0.504,6.405,0.656,0.375,1.606,0.153,0.847,0.692,0.550
2532,84.400,13.928,0.000,-10.830,0.000,1,1,0,0.000,1.132,3,0,0.966,2,0.000,1217.719,1.000,0.504,7.084,0.453,0.552,2.902,0.161,0.839,0.663,0.580
2535,84.500,25.179,0.000,11.251,0.000,1,1,0,0.000,1.141,3,0,1.000,2,0.000,861.435,1.000,0.504,6.135,0.531,0.484,2.747,0.162,0.838,0.696,0.550
2538,84.600,26.249,0.000,1.069,0.000,1,1,0,0.000,1.101,3,0,1.000,2,67.186,539.038,1.000,0.504,4.544,0.451,0.408,0.217,0.154,0.846,0.668,0.350
2541,84.700,23.707,236.305,-2.542,144.599,2,1,1,520.035,1.818,3,0,1.000,4,44.822,574.219,1.000,0.496,5.466,0.241,0.659,0.358,0.161,0.839,0.920,0.650
2544,84.800,97.082,70.264,73.376,-166.041,2,1,1,554.374,1.828,3,0,1.000,4,106.254,946.269,1.000,0.487,10.552,0.064,0.514,0.869,0.304,0.696,0.995,0.590
2547,84.900,46.098,0.000,-50.985,0.000,1,1,0,0.000,0.941,3,0,1.000,2,0.000,1187.544,1.000,0.487,9.831,0.313,1.052,0.892,0.180,0.820,0.868,0.650
2550,85.000,38.419,0.000,-7.679,0.000,1,1,0,0.000,1.046,3,0,1.000,2,136.180,1643.354,1.000,0.487,11.679,0.204,1.593,1.432,0.162,0.838,0.839,0.750
2553,85.100,16.279,0.000,-22.140,0.000,1,1,0,0.000,0.905,3,0,1.000,2,0.000,1644.267,1.000,0.487,10.967,0.628,2.213,0.709,0.143,0.857,0.687,0.700
2556,85.200,4.472,0.000,-11.807,0.000,1,1,0,0.000,1.018,3,0,1.000,2,0.000,1523.350,1.000,0.487,10.564,0.555,2.689,0.080,0.165,0.835,0.626,0.700
2559,85.300,67.067,0.000,62.067,0.000,2,1,0,67.067,1.340,3,0,1.000,4,0.000,1153.767,1.000,0.479,10.794,0.349,3.267,0.198,0.159,0.841,0.976,0.700
2562,85.400,68.425,0.000,1.358,0.000,1,1,0,0.000,1.619,3,0,1.000,2,0.000,992.880,1.000,0.479,12.083,0.419,3.638,0.400,0.173,0.827,0.861,0.700
2565,85.500,55.009,0.000,-13.416,0.000,1,1,0,0.000,1.428,3,0,1.000,2,33.615,859.457,1.000,0.479,13.549,0.564,3.706,0.211,0.178,0.822,0.851,0.700
2568,85.600,77.104,0.000,22.095,0.000,1,1,0,0.000,1.377,3,0,1.000,2,104.580,1102.150,1.000,0.479,10.342,0.577,3.800,0.699,0.195,0.805,0.850,0.700
2571,85.700,0.000,0.000,0.000,0.000,0,0,0,0.000,0.000,3,0,1.000,0,104.580,1102.150,0.967,0.479,11.475,0.624,3.634,0.415,0.187,0.813,0.342,0.700
2574,85.800,183.412,0.000,106.308,0.000,1,1,0,0.000,1.279,3,0,1.000,2,104.580,1102.150,0.967,0.471,11.454,0.821,3.915,0.031,0.186,0.814,0.828,0.700
2577,85.900,49.204,0.000,-134.208,0.000,1,1,0,0.000,1.400,3,0,1.000,2,104.580,1102.150,0.967,0.471,9.934,0.763,3.805,0.080,0.186,0.814,0.833,0.700
2580,86.000,40.719,0.000,-8.485,0.000,1,1,0,0.000,1.374,3,0,1.000,2,43.290,1301.584,0.967,0.471,9.971,0.645,3.543,0.152,0.179,0.821,0.817,0.700
2583,86.100,15.033,0.000,-25.685,0.000,1,1,0,0.000,1.182,3,0,1.000,2,0.000,1500.349,0.967,0.471,8.475,0.819,3.608,0.101,0.164,0.836,0.662,0.700
2586,86.200,15.297,0.000,0.264,0.000,1,1,0,0.000,1.062,3,0,1.000,2,0.000,1626.559,0.967,0.471,7.886,0.872,3.780,0.132,0.165,0.835,0.657,0.700
2589,86.300,15.232,0.000,-0.066,0.000,1,1,0,0.000,0.711,3,0,1.000,2,0.000,1360.335,0.967,0.463,7.232,0.884,3.872,0.115,0.161,0.839,0.640,0.700
2592,86.400,9.220,0.000,-6.012,0.000,1,1,0,0.000,0.903,3,0,1.000,2,0.000,1274.255,0.967,0.463,6.277,0.730,2.540,0.139,0.160,0.840,0.593,0.700
2595,86.500,49.396,0.000,40.177,0.000,1,1,0,0.000,0.848,3,0,1.000,2,0.000,1274.890,0.967,0.463,7.841,0.583,2.018,0.399,0.171,0.829,0.841,0.700
2598,86.600,66.189,713.057,16.793,642.793,2,1,1,109.932,1.687,3,0,1.000,4,0.000,1274.890,0.967,0.454,7.889,0.669,1.454,0.086,0.170,0.830,0.946,0.700
2601,86.700,0.000,158.152,0.000,-554.905,1,0,1,0.000,1.768,3,0,1.000,1,0.000,1274.890,0.967,0.463,8.750,0.745,1.131,0.014,0.179,0.821,0.774,0.650
2604,86.800,65.054,0.000,-1.135,0.000,1,1,0,0.000,0.697,3,0,1.000,1,0.000,1274.890,0.967,0.463,10.557,0.723,0.899,0.002,0.181,0.819,0.775,0.500
2607,86.900,0.000,0.000,0.000,0.000,0,0,0,0.000,0.000,3,0,1.000,0,0.000,1274.890,0.933,0.463,10.348,0.911,0.720,0.216,0.168,0.832,0.318,0.650
2610,87.000,0.000,0.000,0.000,0.000,0,0,0,0.000,0.000,3,0,1.000,0,0.000,1274.890,0.900,0.463,7.313,0.927,0.469,0.162,0.147,0.853,0.296,0.580
2613,87.100,0.000,820.015,0.000,661.863,1,0,1,0.000,1.826,3,0,1.000,2,0.000,1274.890,0.900,0.442,6.973,0.875,0.102,0.266,0.147,0.853,0.791,0.650
2616,87.200,0.000,139.846,0.000,-680.168,1,0,1,0.000,2.117,3,0,1.000,2,0.000,2079.235,0.900,0.442,5.611,0.530,0.077,0.162,0.154,0.846,0.781,0.450
2619,87.300,0.000,92.763,0.000,-47.083,1,0,1,0.000,2.007,3,0,1.000,2,0.000,1962.315,0.900,0.442,6.005,0.559,0.375,0.017,0.154,0.846,0.789,0.450
2622,87.400,0.000,42.720,0.000,-50.043,1,0,1,0.000,1.661,3,0,1.000,2,0.000,2041.400,0.900,0.442,5.980,0.750,0.660,0.182,0.133,0.867,0.762,0.450
2625,87.500,0.000,0.000,0.000,0.000,0,0,0,0.000,0.000,3,0,1.000,0,0.000,2041.400,0.867,0.442,6.096,0.850,0.870,0.329,0.136,0.864,0.267,0.650
2628,87.600,0.000,0.000,0.000,0.000,0,0,0,0.000,0.000,3,0,1.000,0,0.000,2041.400,0.833,0.442,4.436,0.728,1.184,0.230,0.126,0.874,0.230,0.580
2631,87.700,0.000,0.000,0.000,0.000,0,0,0,0.000,0.000,3,0,1.000,0,0.000,2041.400,0.800,0.442,2.317,0.290,1.828,0.825,0.104,0.896,0.204,0.700
2634,87.800,0.000,0.000,0.000,0.000,0,0,0,0.000,0.000,3,0,1.000,0,0.000,2041.400,0.767,0.442,2.547,0.449,2.775,0.666,0.104,0.896,0.194,0.700
2637,87.900,0.000,0.000,0.000,0.000,0,0,0,0.000,0.000,3,0,1.000,0,0.000,2041.400,0.733,0.442,3.365,0.545,2.402,2.246,0.124,0.876,0.204,0.700
2640,88.000,0.000,0.000,0.000,0.000,0,0,0,0.000,0.000,3,0,1.000,0,0.000,2041.400,0.700,0.442,4.079,0.644,1.993,0.323,0.139,0.861,0.211,0.700
2643,88.100,0.000,30.887,0.000,-11.833,1,0,1,0.000,1.710,3,0,1.000,2,26.833,2368.238,0.700,0.362,4.144,0.631,1.950,0.243,0.138,0.862,0.635,0.700
2646,88.200,132.518,17.029,67.464,-13.858,2,1,1,519.678,1.618,3,0,1.000,4,14.560,2430.150,0.700,0.362,5.130,0.581,1.932,0.688,0.137,0.863,0.852,0.700
2649,88.300,7.211,29.428,-125.307,12.398,2,1,1,532.902,1.385,3,0,1.000,4,0.000,2496.840,0.700,0.362,5.763,0.588,1.993,0.396,0.151,0.849,0.780,0.700
2652,88.400,18.439,0.000,11.228,0.000,1,1,0,0.000,1.277,3,0,1.000,2,0.000,2496.840,0.700,0.362,7.833,0.432,2.156,0.433,0.168,0.832,0.672,0.700
2655,88.500,28.636,0.000,10.197,0.000,1,1,0,0.000,1.366,3,0,1.000,2,0.000,2496.840,0.700,0.362,8.914,0.689,2.302,0.547,0.184,0.816,0.715,0.700
2658,88.600,26.401,0.000,-2.235,0.000,1,1,0,0.000,1.201,3,0,1.000,2,0.000,2496.840,0.700,0.362,5.893,0.570,2.384,0.375,0.170,0.830,0.658,0.700
2661,88.700,51.624,0.000,25.223,0.000,1,1,0,0.000,1.227,3,0,1.000,2,0.000,2310.810,0.733,0.362,6.908,0.424,2.232,2.012,0.174,0.826,0.801,0.700
2664,88.800,88.323,0.000,36.700,0.000,1,1,0,0.000,1.304,3,0,1.000,2,0.000,2419.860,0.733,0.362,8.072,0.619,1.913,0.173,0.204,0.796,0.815,0.700
2667,88.900,49.041,0.000,-39.282,0.000,1,1,0,0.000,1.227,3,0,1.000,2,163.371,2433.887,0.733,0.369,10.008,0.813,1.723,0.159,0.155,0.845,0.801,0.750
2670,89.000,84.646,0.000,35.606,0.000,1,1,0,0.000,1.038,3,0,1.000,2,0.000,1846.107,0.733,0.369,12.459,0.834,1.378,0.026,0.172,0.828,0.800,0.450
2673,89.100,0.000,234.418,0.000,204.991,1,0,1,0.000,1.467,4,1,0.966,2,0.000,1747.068,0.733,0.369,11.899,0.713,0.970,0.017,0.154,0.846,0.878,0.750
2676,89.200,0.000,0.000,0.000,0.000,0,0,0,0.000,0.000,4,0,0.966,0,0.000,1747.068,0.700,0.369,12.061,0.823,0.402,0.041,0.149,0.851,0.396,0.650
2679,89.300,59.908,0.000,-24.738,0.000,1,1,0,0.000,0.961,4,0,0.966,2,0.000,1785.957,0.700,0.373,9.181,0.739,0.178,0.018,0.158,0.842,0.872,0.650
2682,89.400,0.000,0.000,0.000,0.000,0,0,0,0.000,0.000,3,1,0.931,0,0.000,1785.957,0.667,0.373,9.336,0.671,0.485,0.189,0.165,0.835,0.303,0.750
2685,89.500,0.000,0.000,0.000,0.000,0,0,0,0.000,0.000,3,0,0.931,0,0.000,1785.957,0.633,0.373,5.933,0.816,0.700,0.210,0.164,0.836,0.237,0.580
2688,89.600,0.000,192.317,0.000,-42.101,1,0,1,0.000,1.317,3,0,0.931,2,0.000,1819.487,0.633,0.372,6.101,0.902,0.842,0.458,0.167,0.833,0.735,0.650
2691,89.700,0.000,18.358,0.000,-173.960,1,0,1,0.000,1.244,3,0,0.931,2,7.071,1816.200,0.633,0.372,3.768,0.909,0.996,0.279,0.156,0.844,0.529,0.580
2694,89.800,154.402,0.000,94.494,0.000,1,1,0,0.000,0.952,3,0,0.931,2,28.018,1759.169,0.633,0.372,4.618,0.766,1.108,0.818,0.177,0.823,0.708,0.500
2697,89.900,7.000,0.000,-147.402,0.000,1,1,0,0.000,1.150,3,0,0.931,2,40.804,1523.770,0.667,0.372,6.444,0.715,1.453,0.357,0.173,0.827,0.550,0.700
2700,90.000,0.000,11.402,0.000,-6.956,1,0,1,0.000,1.437,3,0,0.931,2,0.000,1294.850,0.700,0.372,6.508,0.620,1.825,0.282,0.173,0.827,0.587,0.700
2703,90.100,0.000,18.385,0.000,6.983,1,0,1,0.000,1.775,3,0,0.931,2,0.000,1008.265,0.700,0.372,4.109,0.536,1.491,0.460,0.126,0.874,0.571,0.700
2706,90.200,0.000,70.682,0.000,52.298,1,0,1,0.000,1.407,3,0,0.931,2,0.000,864.957,0.700,0.372,4.396,0.513,1.505,0.290,0.148,0.852,0.728,0.700
2709,90.300,71.386,0.000,64.386,0.000,1,1,0,0.000,1.086,3,0,0.931,2,0.000,1085.878,0.700,0.372,4.604,0.423,1.322,0.177,0.131,0.869,0.739,0.500
2712,90.400,35.341,0.000,-36.045,0.000,1,1,0,0.000,1.135,3,0,0.931,2,0.000,1141.008,0.700,0.372,3.609,0.400,1.043,0.644,0.109,0.891,0.663,0.450
2715,90.500,3.162,0.000,-32.179,0.000,1,1,0,0.000,1.319,3,0,0.931,2,0.000,1336.517,0.733,0.379,3.709,0.513,0.584,0.632,0.111,0.889,0.482,0.580
2718,90.600,40.719,0.000,37.556,0.000,1,1,0,0.000,1.578,3,0,0.931,2,0.000,1208.488,0.767,0.379,7.630,0.548,0.105,0.449,0.112,0.888,0.791,0.450
2721,90.700,44.045,0.000,3.327,0.000,1,1,0,0.000,1.463,3,0,0.931,2,0.000,1734.950,0.800,0.369,7.065,0.532,0.158,0.843,0.125,0.875,0.800,0.350
2724,90.800,32.894,0.000,-11.152,0.000,1,1,0,0.000,1.467,3,0,0.931,2,0.000,1807.494,0.833,0.369,5.947,0.637,0.467,0.755,0.111,0.889,0.707,0.580
2727,90.900,21.378,0.000,-11.516,0.000,1,1,0,0.000,1.137,3,0,0.931,2,0.000,1731.025,0.867,0.369,3.780,0.724,0.731,0.485,0.104,0.896,0.587,0.580
2730,91.000,12.530,0.000,-8.848,0.000,1,1,0,0.000,1.178,3,0,0.931,2,0.000,1805.765,0.900,0.369,3.877,0.489,1.077,1.059,0.109,0.891,0.560,0.580
2733,91.100,49.396,0.000,36.866,0.000,1,1,0,0.000,1.169,3,0,0.931,2,58.830,2004.934,0.900,0.450,7.547,0.176,1.243,0.613,0.150,0.850,0.854,0.450
2736,91.200,135.930,0.000,86.534,0.000,1,1,0,0.000,1.054,3,0,0.931,2,58.830,2004.934,0.900,0.450,7.002,0.170,1.346,0.467,0.163,0.837,0.841,0.450
2739,91.300,51.614,0.000,-84.316,0.000,1,1,0,0.000,0.882,3,0,0.931,1,18.439,2051.569,0.900,0.459,5.730,0.403,1.147,1.201,0.150,0.850,0.733,0.450
2742,91.400,0.000,0.000,0.000,0.000,0,0,0,0.000,0.000,3,0,0.931,0,18.439,2051.569,0.867,0.459,6.938,0.547,1.049,2.296,0.155,0.845,0.309,0.650
2745,91.500,0.000,0.000,0.000,0.000,0,0,0,0.000,0.000,4,1,0.897,0,18.439,2051.569,0.833,0.459,3.924,0.513,0.988,1.015,0.137,0.863,0.332,0.750
2748,91.600,409.414,0.000,357.800,0.000,1,1,0,0.000,0.721,4,0,0.897,3,18.439,2051.569,0.833,0.446,5.397,0.540,0.985,0.680,0.145,0.855,0.882,0.650
2751,91.700,0.000,456.975,0.000,386.292,1,0,1,0.000,1.400,4,0,0.897,3,18.439,2051.569,0.833,0.454,4.730,0.445,0.867,1.033,0.147,0.853,0.872,0.500
2754,91.800,0.000,21.190,0.000,-435.785,1,0,1,0.000,1.404,3,1,0.862,2,18.439,2051.569,0.833,0.454,5.743,0.570,0.765,0.577,0.157,0.843,0.641,0.750
2757,91.900,0.000,16.401,0.000,-4.788,1,0,1,0.000,1.234,3,0,0.862,2,18.439,2051.569,0.833,0.454,4.204,0.637,0.639,1.191,0.148,0.852,0.572,0.580
2760,92.000,0.000,40.012,0.000,23.611,1,0,1,0.000,1.184,3,0,0.897,2,18.439,2051.569,0.833,0.454,6.515,0.463,0.475,0.256,0.157,0.843,0.773,0.350
2763,92.100,0.000,91.220,0.000,51.207,1,0,1,0.000,1.064,3,0,0.897,2,18.439,2051.569,0.833,0.454,7.404,0.472,0.245,0.008,0.158,0.842,0.822,0.450
2766,92.200,0.000,79.158,0.000,-12.061,1,0,1,0.000,0.838,3,0,0.897,1,18.439,2051.569,0.867,0.454,6.284,0.647,0.172,0.060,0.170,0.830,0.726,0.000
2769,92.300,0.000,42.154,0.000,-37.004,1,0,1,0.000,0.635,3,0,0.931,1,18.439,2051.569,0.867,0.462,7.362,0.854,0.072,0.057,0.160,0.840,0.722,0.450
2772,92.400,0.000,31.305,0.000,-10.850,1,0,1,0.000,0.932,3,0,0.931,1,18.439,2051.569,0.900,0.462,5.985,0.471,0.110,0.664,0.162,0.838,0.659,0.580
2775,92.500,0.000,12.083,0.000,-19.222,1,0,1,0.000,1.005,3,0,0.931,2,18.439,2051.569,0.933,0.462,5.723,0.670,0.529,0.064,0.161,0.839,0.595,0.580
2778,92.600,405.623,71.120,-3.791,59.037,2,1,1,517.929,1.297,3,0,0.931,2,18.439,2051.569,0.933,0.462,4.546,0.493,0.713,0.994,0.162,0.838,0.811,0.650
2781,92.700,77.414,0.000,-328.209,0.000,1,1,0,0.000,1.035,3,0,0.931,2,0.000,2021.550,0.933,0.463,4.418,0.443,0.452,0.330,0.130,0.870,0.761,0.650
2784,92.800,57.245,0.000,-20.169,0.000,1,1,0,0.000,1.166,3,0,0.931,2,93.536,1985.987,0.933,0.478,4.093,0.712,0.184,0.309,0.138,0.862,0.734,0.520
2787,92.900,52.326,0.000,-4.919,0.000,1,1,0,0.000,0.852,3,0,0.931,2,77.414,1889.219,0.933,0.478,4.097,0.490,0.060,0.215,0.118,0.882,0.750,0.000
2790,93.000,649.594,0.000,594.151,0.000,2,1,0,649.594,1.314,3,0,0.931,3,120.806,1737.827,0.933,0.478,3.873,0.464,0.091,1.966,0.113,0.887,0.856,0.671
2793,93.100,688.222,0.000,38.628,0.000,1,1,0,0.000,1.578,3,0,0.931,2,0.000,1521.027,0.933,0.478,4.687,0.660,0.022,0.322,0.116,0.884,0.753,0.650
2796,93.200,33.615,0.000,-654.607,0.000,1,1,0,0.000,1.491,3,0,0.931,2,0.000,1391.719,0.933,0.478,3.858,0.127,0.068,1.042,0.098,0.902,0.706,0.580
2799,93.300,71.840,0.000,38.225,0.000,1,1,0,0.000,1.222,5,1,0.897,3,0.000,1557.374,0.933,0.470,3.658,0.349,0.123,0.897,0.124,0.876,0.837,0.750
2802,93.400,0.000,0.000,0.000,0.000,0,0,0,0.000,0.000,5,0,0.897,0,0.000,1557.374,0.900,0.470,4.036,0.334,0.273,0.142,0.128,0.872,0.356,0.650
2805,93.500,0.000,0.000,0.000,0.000,0,0,0,0.000,0.000,5,0,0.897,0,0.000,1557.374,0.867,0.470,4.643,0.536,0.319,1.186,0.128,0.872,0.353,0.580
2808,93.600,0.000,0.000,0.000,0.000,0,0,0,0.000,0.000,3,1,0.862,0,0.000,1557.374,0.833,0.470,3.514,0.452,0.571,0.826,0.131,0.869,0.226,0.750
2811,93.700,0.000,0.000,0.000,0.000,0,0,0,0.000,0.000,3,0,0.862,0,0.000,1557.374,0.800,0.470,2.468,0.473,0.768,1.417,0.106,0.894,0.195,0.580
2814,93.800,0.000,0.000,0.000,0.000,0,0,0,0.000,0.000,3,0,0.862,0,0.000,1557.374,0.767,0.470,4.140,0.699,0.951,0.903,0.109,0.891,0.217,0.580
2817,93.900,0.000,0.000,0.000,0.000,0,0,0,0.000,0.000,5,1,0.828,0,0.000,1557.374,0.733,0.470,3.655,0.491,1.135,0.610,0.124,0.876,0.315,0.750
2820,94.000,49.497,0.000,-22.343,0.000,1,1,0,0.000,1.461,5,0,0.828,4,0.000,1655.705,0.733,0.373,3.449,0.783,1.483,0.456,0.114,0.886,0.813,0.700
2823,94.100,9.220,0.000,-40.278,0.000,1,1,0,0.000,1.436,5,0,0.828,4,0.000,1476.844,0.733,0.366,3.927,0.517,1.900,1.249,0.123,0.877,0.645,0.700
2826,94.200,110.023,0.000,100.803,0.000,1,1,0,0.000,1.462,3,1,0.793,2,0.000,1311.729,0.733,0.366,5.467,0.161,1.789,1.217,0.188,0.812,0.783,0.750
2829,94.300,84.054,0.000,-25.969,0.000,1,1,0,0.000,1.444,3,0,0.793,2,45.188,1373.645,0.733,0.366,5.398,0.465,1.557,1.351,0.174,0.826,0.760,0.700
2832,94.400,0.000,658.684,0.000,587.564,1,0,1,0.000,1.267,3,0,0.828,2,0.000,1308.074,0.767,0.366,4.654,0.524,1.295,0.030,0.133,0.867,0.742,0.500
2835,94.500,0.000,68.593,0.000,-590.091,1,0,1,0.000,1.325,4,1,0.793,3,133.330,1814.870,0.800,0.366,4.569,0.545,1.108,0.187,0.131,0.869,0.857,0.750
2838,94.600,68.476,0.000,-15.577,0.000,1,1,0,0.000,1.217,4,0,0.793,3,0.000,1769.350,0.800,0.359,4.773,0.689,1.061,1.747,0.115,0.885,0.852,0.550
2841,94.700,0.000,143.126,0.000,74.533,1,0,1,0.000,1.200,4,0,0.828,3,0.000,1769.350,0.800,0.349,5.807,0.680,1.004,0.646,0.129,0.871,0.879,0.500
2844,94.800,132.639,0.000,64.162,0.000,1,1,0,0.000,1.081,4,0,0.828,3,0.000,1769.350,0.800,0.349,4.538,0.533,0.808,1.803,0.158,0.842,0.857,0.550
2847,94.900,18.439,0.000,-114.200,0.000,1,1,0,0.000,1.224,4,0,0.828,3,0.000,2126.830,0.800,0.349,4.197,0.639,0.616,0.848,0.106,0.894,0.694,0.580
2850,95.000,34.015,0.000,15.576,0.000,1,1,0,0.000,1.450,4,0,0.828,3,0.000,2228.670,0.800,0.349,3.878,0.340,0.595,1.119,0.101,0.899,0.793,0.580
2853,95.100,0.000,32.016,0.000,-111.110,1,0,1,0.000,1.549,4,0,0.828,3,103.392,2354.878,0.800,0.341,4.363,0.466,0.560,1.700,0.107,0.893,0.785,0.580
2856,95.200,0.000,9.487,0.000,-22.529,1,0,1,0.000,1.402,4,0,0.828,3,11.705,2423.464,0.800,0.334,3.344,0.350,0.339,0.034,0.095,0.905,0.643,0.580
2859,95.300,46.487,0.000,12.472,0.000,1,1,0,0.000,1.409,4,0,0.828,3,11.705,2423.464,0.800,0.326,2.301,0.764,0.047,1.351,0.088,0.912,0.785,0.550
2862,95.400,0.000,27.166,0.000,17.679,1,0,1,0.000,1.349,4,0,0.828,3,11.705,2423.464,0.800,0.318,2.096,0.379,0.047,0.554,0.080,0.920,0.708,0.580
2865,95.500,0.000,17.804,0.000,-9.362,1,0,1,0.000,1.254,4,0,0.828,3,11.705,2423.464,0.800,0.318,1.939,0.503,0.131,2.799,0.065,0.935,0.643,0.580
2868,95.600,45.177,0.000,-1.309,0.000,1,1,0,0.000,1.510,4,0,0.828,2,11.705,2423.464,0.800,0.318,2.587,0.413,0.258,1.858,0.083,0.917,0.772,0.550
2871,95.700,19.105,0.000,-26.072,0.000,1,1,0,0.000,1.528,4,0,0.828,3,11.705,2423.464,0.800,0.318,3.038,0.582,0.178,0.803,0.073,0.927,0.672,0.580
2874,95.800,8.062,0.000,-11.043,0.000,1,1,0,0.000,1.657,4,0,0.828,3,11.705,2423.464,0.800,0.310,1.803,0.650,0.215,0.756,0.057,0.943,0.575,0.580
2877,95.900,12.042,0.000,3.979,0.000,1,1,0,0.000,1.639,4,0,0.828,3,11.705,2423.464,0.800,0.310,2.161,0.741,0.632,1.753,0.064,0.936,0.600,0.580
2880,96.000,21.024,0.000,8.982,0.000,1,1,0,0.000,1.763,4,0,0.828,3,11.705,2423.464,0.800,0.417,4.342,0.552,0.890,1.616,0.083,0.917,0.718,0.580
2883,96.100,0.000,0.000,0.000,0.000,0,0,0,0.000,0.000,4,0,0.828,0,11.705,2423.464,0.767,0.417,5.260,0.643,0.964,2.335,0.108,0.892,0.348,0.650
2886,96.200,0.000,115.412,0.000,97.608,1,0,1,0.000,1.244,4,0,0.862,3,191.024,3421.090,0.767,0.410,3.595,0.394,0.923,0.879,0.085,0.915,0.839,0.750
2889,96.300,0.000,73.790,0.000,-41.622,1,0,1,0.000,1.392,4,0,0.862,2,73.790,4910.144,0.767,0.419,2.151,0.302,1.139,0.435,0.054,0.946,0.765,0.450
2892,96.400,0.000,0.000,0.000,0.000,0,0,0,0.000,0.000,4,0,0.862,0,73.790,4910.144,0.767,0.419,2.727,0.269,1.415,0.284,0.062,0.938,0.311,0.700
2895,96.500,0.000,13.000,0.000,-60.790,1,0,1,0.000,1.526,4,0,0.897,2,13.000,5928.329,0.800,0.414,2.088,0.204,1.549,0.111,0.057,0.943,0.596,0.700
2898,96.600,116.017,0.000,94.993,0.000,1,1,0,0.000,1.766,4,0,0.897,3,13.000,5928.329,0.833,0.414,2.389,0.224,1.623,1.702,0.057,0.943,0.829,0.700
2901,96.700,0.000,58.181,0.000,45.181,1,0,1,0.000,1.569,4,0,0.897,3,13.000,5928.329,0.867,0.404,3.710,0.774,1.903,1.588,0.069,0.931,0.828,0.700
2904,96.800,0.000,0.000,0.000,0.000,0,0,0,0.000,0.000,4,0,0.931,0,13.000,5928.329,0.867,0.404,3.980,0.520,2.253,2.301,0.114,0.886,0.337,0.700
2907,96.900,0.000,183.096,0.000,124.915,1,0,1,0.000,1.348,4,0,0.931,3,212.257,5344.560,0.900,0.401,3.611,0.238,1.544,2.816,0.107,0.893,0.867,0.750
2910,97.000,0.000,70.767,0.000,-112.328,1,0,1,0.000,1.447,4,0,0.931,2,72.801,5239.630,0.900,0.410,3.292,0.289,1.124,1.443,0.088,0.912,0.810,0.550
2913,97.100,0.000,53.254,0.000,-17.513,1,0,1,0.000,1.561,4,0,0.966,3,84.054,5036.749,0.900,0.410,4.835,0.439,0.832,2.298,0.101,0.899,0.883,0.550
2916,97.200,0.000,55.660,0.000,2.406,1,0,1,0.000,1.546,4,0,0.966,3,84.054,5036.749,0.900,0.410,6.683,0.150,0.597,1.301,0.110,0.890,0.950,0.550
2919,97.300,0.000,0.000,0.000,0.000,0,0,0,0.000,0.000,4,0,0.966,0,84.054,5036.749,0.867,0.410,7.243,0.578,0.275,1.802,0.130,0.870,0.415,0.650
2922,97.400,0.000,0.000,0.000,0.000,0,0,0,0.000,0.000,4,0,1.000,0,84.054,5036.749,0.833,0.410,5.435,0.476,0.233,0.599,0.129,0.871,0.373,0.580
2925,97.500,0.000,0.000,0.000,0.000,0,0,0,0.000,0.000,3,1,0.966,0,84.054,5036.749,0.800,0.410,7.251,0.214,0.547,2.456,0.157,0.843,0.332,0.750
2928,97.600,0.000,122.184,0.000,66.525,1,0,1,0.000,1.310,3,0,0.966,2,84.054,5036.749,0.800,0.381,7.182,0.265,0.727,0.672,0.128,0.872,0.827,0.650
2931,97.700,0.000,52.010,0.000,-70.175,1,0,1,0.000,1.327,3,0,0.966,2,84.054,5036.749,0.800,0.381,5.949,0.169,0.779,0.969,0.132,0.868,0.803,0.450
2934,97.800,260.225,0.000,144.208,0.000,1,1,0,0.000,1.687,3,0,0.966,2,167.431,5402.744,0.800,0.389,4.964,0.435,1.187,1.631,0.169,0.831,0.760,0.750
2937,97.900,64.514,0.000,-195.711,0.000,1,1,0,0.000,1.848,3,0,0.966,2,0.000,6086.259,0.800,0.389,4.827,0.583,1.538,1.043,0.136,0.864,0.746,0.700
2940,98.000,7.280,0.000,-57.233,0.000,1,1,0,0.000,2.008,3,0,0.966,2,51.478,6709.519,0.800,0.389,2.649,0.173,1.825,2.503,0.103,0.897,0.511,0.700
2943,98.100,26.249,0.000,18.969,0.000,1,1,0,0.000,2.314,3,0,0.966,2,34.928,6972.404,0.800,0.398,3.750,0.160,1.980,1.330,0.103,0.897,0.644,0.700
2946,98.200,34.234,0.000,7.986,0.000,1,1,0,0.000,2.142,3,0,0.966,2,14.000,7239.199,0.800,0.398,4.150,0.583,2.361,0.393,0.115,0.885,0.669,0.700
2949,98.300,0.000,28.000,0.000,-24.010,1,0,1,0.000,1.217,3,0,0.966,2,0.000,7621.944,0.800,0.398,4.183,0.324,2.321,0.178,0.118,0.882,0.653,0.700
2952,98.400,46.325,0.000,12.090,0.000,1,1,0,0.000,2.161,3,0,0.966,2,35.735,7833.489,0.800,0.406,5.809,0.382,2.150,0.887,0.105,0.895,0.784,0.700
2955,98.500,22.561,0.000,-23.764,0.000,1,1,0,0.000,1.938,3,0,0.966,2,0.000,7718.909,0.800,0.406,3.480,0.329,2.223,2.537,0.102,0.898,0.605,0.700
2958,98.600,23.259,0.000,0.698,0.000,1,1,0,0.000,1.777,3,0,0.966,2,0.000,6329.544,0.800,0.406,4.059,0.494,2.241,1.511,0.105,0.895,0.612,0.700
2961,98.700,0.000,0.000,0.000,0.000,0,0,0,0.000,0.000,3,0,0.966,0,0.000,6329.544,0.767,0.406,3.545,0.415,1.870,1.146,0.138,0.862,0.222,0.700
2964,98.800,0.000,0.000,0.000,0.000,0,0,0,0.000,0.000,3,0,0.966,0,0.000,6329.544,0.733,0.406,6.012,0.782,1.098,1.439,0.162,0.838,0.254,0.580
2967,98.900,0.000,0.000,0.000,0.000,0,0,0,0.000,0.000,3,0,0.966,0,0.000,6329.544,0.700,0.406,4.509,0.496,0.658,0.204,0.122,0.878,0.232,0.580
2970,99.000,0.000,0.000,0.000,0.000,0,0,0,0.000,0.000,3,0,0.966,0,0.000,6329.544,0.667,0.406,4.095,0.393,0.484,0.023,0.093,0.907,0.225,0.580
2973,99.100,58.310,0.000,35.050,0.000,1,1,0,0.000,1.787,3,0,0.966,2,0.000,1632.918,0.700,0.379,3.051,0.428,0.192,1.157,0.119,0.881,0.700,0.650
2976,99.200,30.529,0.000,-27.781,0.000,1,1,0,0.000,1.809,3,0,0.966,2,19.925,1365.274,0.700,0.387,6.080,0.559,0.041,3.021,0.131,0.869,0.686,0.580
2979,99.300,0.000,0.000,0.000,0.000,0,0,0,0.000,0.000,3,0,0.966,0,19.925,1365.274,0.667,0.387,4.407,0.741,0.120,2.216,0.130,0.870,0.208,0.650
2982,99.400,148.519,0.000,117.991,0.000,1,1,0,0.000,1.619,3,0,0.966,2,0.000,1278.837,0.700,0.389,5.567,0.423,0.257,1.048,0.153,0.847,0.764,0.650
2985,99.500,0.000,0.000,0.000,0.000,0,0,0,0.000,0.000,3,0,0.966,0,0.000,1278.837,0.667,0.389,6.584,0.537,0.324,0.103,0.160,0.840,0.277,0.650
2988,99.600,17.029,0.000,-131.490,0.000,1,1,0,0.000,1.306,3,0,0.966,1,0.000,1278.837,0.667,0.399,6.206,0.591,0.196,0.288,0.149,0.851,0.548,0.650
2991,99.700,0.000,154.402,0.000,126.402,1,0,1,0.000,1.489,3,0,0.966,2,0.000,1278.837,0.667,0.399,5.419,0.441,0.162,0.227,0.126,0.874,0.755,0.500
2994,99.800,0.000,0.000,0.000,0.000,0,0,0,0.000,0.000,3,0,0.966,0,0.000,1278.837,0.667,0.399,2.667,0.215,0.127,1.177,0.095,0.905,0.202,0.650
2997,99.900,0.000,0.000,0.000,0.000,0,0,0,0.000,0.000,3,0,0.966,0,0.000,1278.837,0.633,0.399,4.672,0.207,0.206,1.139,0.105,0.895,0.248,0.580
3000,100.000,0.000,0.000,0.000,0.000,0,0,0,0.000,0.000,3,0,0.966,0,0.000,1278.837,0.600,0.399,5.422,0.124,0.369,0.125,0.128,0.872,0.269,0.580
3003,100.100,0.000,0.000,0.000,0.000,0,0,0,0.000,0.000,3,0,0.966,0,0.000,1278.837,0.567,0.399,5.781,0.345,0.290,1.490,0.138,0.862,0.258,0.580
3006,100.200,0.000,0.000,0.000,0.000,0,0,0,0.000,0.000,4,1,0.931,0,0.000,1278.837,0.533,0.399,3.975,0.243,0.168,0.227,0.134,0.866,0.316,0.750
3009,100.300,0.000,0.000,0.000,0.000,0,0,0,0.000,0.000,4,0,0.931,0,0.000,1278.837,0.533,0.399,3.939,0.438,0.001,0.803,0.141,0.859,0.302,0.580
3012,100.400,552.693,0.000,535.663,0.000,1,1,0,0.000,1.505,4,0,0.966,3,0.000,1278.837,0.567,0.370,5.825,0.286,0.044,0.971,0.202,0.798,0.879,0.650
3015,100.500,0.000,0.000,0.000,0.000,0,0,0,0.000,0.000,3,1,0.931,0,0.000,1278.837,0.567,0.370,5.789,0.314,0.070,1.062,0.244,0.756,0.261,0.750
3018,100.600,0.000,0.000,0.000,0.000,0,0,0,0.000,0.000,3,0,0.931,0,0.000,1278.837,0.533,0.370,8.525,0.367,0.360,1.132,0.192,0.808,0.308,0.580
3021,100.700,0.000,0.000,0.000,0.000,0,0,0,0.000,0.000,3,0,0.931,0,0.000,1278.837,0.500,0.370,4.341,0.555,1.068,2.821,0.198,0.802,0.200,0.580
3024,100.800,0.000,0.000,0.000,0.000,0,0,0,0.000,0.000,3,0,0.931,0,0.000,1278.837,0.467,0.370,3.905,0.399,0.928,2.776,0.196,0.804,0.196,0.580
3027,100.900,0.000,0.000,0.000,0.000,0,0,0,0.000,0.000,3,0,0.931,0,0.000,1278.837,0.433,0.370,4.367,0.479,0.944,1.726,0.214,0.786,0.198,0.580
3030,101.000,0.000,0.000,0.000,0.000,0,0,0,0.000,0.000,3,0,0.931,0,0.000,1278.837,0.400,0.370,6.962,0.689,0.780,1.704,0.232,0.768,0.244,0.580
3033,101.100,387.160,464.092,-165.532,309.690,2,1,1,252.389,1.729,5,1,0.897,6,0.000,1333.225,0.400,0.351,11.784,0.229,0.534,1.623,0.329,0.671,1.000,0.750
3036,101.200,12.000,50.448,-375.160,-413.644,2,1,1,208.626,1.820,5,0,0.897,6,114.018,2392.280,0.400,0.337,2.823,0.095,0.702,2.011,0.086,0.914,0.892,0.633
3039,101.300,15.652,30.463,3.652,-19.985,2,1,1,227.108,1.823,5,0,0.897,6,87.321,2611.335,0.400,0.328,3.296,0.652,0.470,0.369,0.134,0.866,0.784,0.580
3042,101.400,14.213,21.954,-1.440,-8.509,2,1,1,255.441,1.698,4,1,0.862,5,63.253,3096.419,0.400,0.322,2.201,0.631,0.540,0.073,0.102,0.898,0.711,0.750
3045,101.500,8.062,2.236,-6.150,-19.718,2,1,1,263.549,1.761,4,0,0.862,5,78.518,2961.230,0.400,0.310,2.048,0.657,0.480,0.583,0.103,0.897,0.628,0.580
3048,101.600,10.000,19.925,1.938,17.689,2,1,1,292.904,1.762,4,0,0.862,5,79.209,3048.637,0.400,0.304,1.999,0.692,0.188,1.447,0.106,0.894,0.690,0.580
3051,101.700,24.597,17.263,14.597,-2.662,2,1,1,332.448,1.629,5,1,0.828,6,90.686,2958.509,0.433,0.292,2.782,0.470,0.128,1.799,0.107,0.893,0.755,0.750
3054,101.800,19.235,40.050,-5.361,22.787,2,1,1,391.658,1.300,5,0,0.828,6,106.217,2525.399,0.467,0.280,3.311,0.827,0.227,1.841,0.147,0.853,0.833,0.590
3057,101.900,9.434,15.811,-9.801,-24.239,2,1,1,414.566,1.115,5,0,0.828,6,8.246,1983.719,0.500,0.258,2.075,0.414,0.143,1.016,0.119,0.881,0.701,0.580
3060,102.000,25.298,30.887,15.864,15.076,2,1,1,465.988,0.865,4,1,0.793,5,8.062,1977.360,0.533,0.232,5.142,0.555,0.435,2.242,0.119,0.881,0.855,0.750
3063,102.100,12.207,19.723,-13.092,-11.164,2,1,1,485.124,0.827,4,0,0.793,4,21.541,1949.409,0.533,0.311,2.766,0.647,0.573,2.581,0.120,0.880,0.727,0.580
3066,102.200,8.944,11.402,-3.262,-8.321,2,1,1,501.897,0.859,4,0,0.793,4,4.472,1820.864,0.533,0.324,2.246,0.608,1.068,0.472,0.118,0.882,0.671,0.580
3069,102.300,7.280,6.325,-1.664,-5.077,2,1,1,514.657,0.698,3,1,0.759,3,14.765,1674.469,0.567,0.324,1.595,0.293,1.077,0.892,0.096,0.904,0.558,0.750
3072,102.400,5.657,9.220,-1.623,2.895,2,1,1,525.746,0.650,3,0,0.759,3,263.287,2837.074,0.567,0.336,1.535,0.358,1.144,1.556,0.096,0.904,0.563,0.750
3075,102.500,11.705,9.055,6.048,-0.164,2,1,1,505.523,0.908,3,0,0.759,3,289.085,2842.059,0.600,0.336,1.729,0.613,1.212,0.172,0.101,0.899,0.567,0.750
3078,102.600,26.926,11.402,15.221,2.346,2,1,1,493.037,1.225,3,0,0.759,3,58.052,2671.039,0.600,0.347,4.153,0.833,1.455,0.232,0.181,0.819,0.697,0.700
3081,102.700,14.866,43.932,-12.060,32.530,2,1,1,522.061,1.186,3,0,0.759,3,70.520,2598.194,0.600,0.347,4.124,0.824,1.351,0.055,0.155,0.845,0.791,0.450
3084,102.800,17.493,31.064,2.627,-12.867,2,1,1,476.379,1.442,3,0,0.759,4,41.110,2408.279,0.633,0.347,3.491,0.680,1.173,0.266,0.162,0.838,0.718,0.350
3087,102.900,28.284,102.259,10.791,71.195,2,1,1,359.235,1.260,3,0,0.759,4,22.204,2489.150,0.667,0.358,5.049,0.635,1.210,0.943,0.168,0.832,0.842,0.450
3090,103.000,21.024,0.000,-7.260,0.000,1,1,0,0.000,0.555,3,0,0.759,2,50.448,2634.954,0.700,0.358,4.801,0.606,0.989,0.386,0.160,0.840,0.598,0.650
3093,103.100,10.770,0.000,-10.253,0.000,1,1,0,0.000,0.556,3,0,0.793,2,18.439,2763.300,0.733,0.369,3.362,0.553,0.772,0.423,0.155,0.845,0.513,0.580
3096,103.200,6.000,0.000,-4.770,0.000,1,1,0,0.000,0.540,3,0,0.793,2,40.792,2750.098,0.767,0.369,2.924,0.559,0.609,0.025,0.150,0.850,0.479,0.580
3099,103.300,6.083,0.000,0.083,0.000,1,1,0,0.000,0.310,3,0,0.793,2,18.682,2723.600,0.800,0.379,4.168,0.918,0.565,0.466,0.180,0.820,0.490,0.580
3102,103.400,9.000,0.000,2.917,0.000,1,1,0,0.000,0.306,3,0,0.828,2,39.560,2604.869,0.800,0.389,5.497,0.848,0.524,0.470,0.178,0.822,0.544,0.580
3105,103.500,2.000,0.000,-7.000,0.000,1,1,0,0.000,0.281,3,0,0.828,2,35.440,918.164,0.833,0.389,3.160,0.791,0.336,0.035,0.159,0.841,0.455,0.580
3108,103.600,1.414,0.000,-0.586,0.000,1,1,0,0.000,0.550,3,0,0.828,2,38.328,608.185,0.867,0.399,1.817,0.742,0.372,0.064,0.127,0.873,0.425,0.580
3111,103.700,4.123,0.000,2.709,0.000,1,1,0,0.000,0.587,3,0,0.828,2,12.000,473.905,0.900,0.408,2.507,0.686,0.275,2.235,0.115,0.885,0.466,0.580
3114,103.800,3.000,0.000,-1.123,0.000,1,1,0,0.000,0.575,3,0,0.828,2,17.464,299.245,0.933,0.408,1.096,0.613,0.208,2.672,0.094,0.906,0.433,0.580
3117,103.900,5.831,0.000,2.831,0.000,1,1,0,0.000,0.549,3,0,0.828,2,18.028,214.700,0.967,0.417,4.652,0.457,0.156,1.127,0.104,0.896,0.553,0.580
3120,104.000,5.831,0.000,0.000,0.000,1,1,0,0.000,0.563,3,0,0.862,2,71.868,222.659,1.000,0.426,3.584,0.662,0.001,0.239,0.138,0.862,0.516,0.580
3123,104.100,11.000,0.000,5.169,0.000,1,1,0,0.000,0.610,5,1,0.828,4,21.095,205.567,1.000,0.426,5.496,0.712,0.191,0.097,0.176,0.824,0.713,0.750
3126,104.200,16.553,0.000,5.553,0.000,1,1,0,0.000,0.644,5,0,0.828,4,0.000,182.407,1.000,0.426,5.353,0.840,1.103,0.891,0.194,0.806,0.731,0.000
3129,104.300,12.083,0.000,-4.470,0.000,1,1,0,0.000,0.645,5,0,0.862,2,0.000,170.954,1.000,0.435,8.183,0.860,1.027,0.399,0.218,0.782,0.699,0.580
3132,104.400,27.731,0.000,15.648,0.000,1,1,0,0.000,0.460,6,1,0.828,3,19.209,155.089,1.000,0.435,6.761,0.832,1.305,0.477,0.222,0.778,0.775,0.750
3135,104.500,0.000,322.262,0.000,220.003,1,0,1,0.000,1.237,6,0,0.828,3,84.504,270.077,1.000,0.435,5.370,0.806,1.093,0.727,0.215,0.785,0.838,0.500
3138,104.600,52.240,0.000,24.509,0.000,1,1,0,0.000,0.656,6,0,0.862,3,98.351,369.969,1.000,0.435,6.513,0.744,0.922,0.864,0.219,0.781,0.871,0.546
3141,104.700,0.000,417.270,0.000,95.007,1,0,1,0.000,1.587,4,1,0.828,1,98.351,369.969,1.000,0.444,8.130,0.631,1.049,2.867,0.199,0.801,0.871,0.750
3144,104.800,0.000,0.000,0.000,0.000,0,0,0,0.000,0.000,4,0,0.828,0,98.351,369.969,0.967,0.444,8.390,0.534,1.333,1.923,0.198,0.802,0.449,0.650
3147,104.900,0.000,0.000,0.000,0.000,0,0,0,0.000,0.000,4,0,0.862,0,98.351,369.969,0.933,0.444,8.939,0.613,1.491,2.283,0.188,0.812,0.439,0.700
3150,105.000,0.000,472.807,0.000,55.537,1,0,1,0.000,1.828,3,1,0.828,2,0.000,615.249,0.933,0.419,3.544,0.640,1.410,0.240,0.164,0.836,0.726,0.750
3153,105.100,113.358,0.000,61.118,0.000,1,1,0,0.000,0.916,3,0,0.828,2,0.000,755.778,0.933,0.419,1.996,0.641,1.625,2.163,0.151,0.849,0.687,0.700
3156,105.200,7.810,0.000,-105.548,0.000,1,1,0,0.000,1.048,3,0,0.862,2,143.753,1083.480,0.933,0.428,1.813,0.755,1.616,0.036,0.143,0.857,0.468,0.750
3159,105.300,33.541,0.000,25.731,0.000,1,1,0,0.000,1.039,4,1,0.828,2,0.000,1035.159,0.933,0.428,2.882,0.680,1.583,0.079,0.162,0.838,0.713,0.750
3162,105.400,26.401,365.067,-7.140,-107.739,2,1,1,424.647,1.887,4,0,0.828,4,151.093,1451.237,0.933,0.428,3.641,0.709,1.637,0.614,0.172,0.828,0.933,0.750
3165,105.500,33.061,18.028,6.660,-347.039,2,1,1,404.738,1.904,4,0,0.828,4,0.000,1433.275,0.933,0.428,4.512,0.670,1.483,0.463,0.160,0.840,0.892,0.700
3168,105.600,31.000,14.560,-2.061,-3.468,2,1,1,398.005,1.984,6,1,0.793,5,30.414,1427.669,0.933,0.419,3.801,0.650,1.547,0.455,0.144,0.856,0.834,0.750
3171,105.700,13.342,8.246,-17.658,-6.314,2,1,1,403.448,1.691,6,0,0.793,5,23.345,1254.737,0.933,0.401,2.001,0.519,1.281,0.753,0.119,0.881,0.700,0.580
3174,105.800,10.630,8.485,-2.712,0.239,2,1,1,402.275,1.747,6,0,0.793,6,0.000,2273.818,0.933,0.382,1.895,0.643,0.988,0.537,0.102,0.898,0.703,0.580
3177,105.900,10.770,5.000,0.140,-3.485,2,1,1,395.297,1.936,5,1,0.759,6,0.000,2965.354,0.933,0.363,2.106,0.493,0.334,0.661,0.105,0.895,0.720,0.750
3180,106.000,31.385,29.069,20.614,24.069,2,1,1,340.414,1.763,5,0,0.759,6,133.417,4223.540,0.933,0.353,4.127,0.518,0.080,1.669,0.126,0.874,0.883,0.741
3183,106.100,61.522,38.471,30.138,9.402,2,1,1,303.145,1.552,5,0,0.759,4,118.701,4300.020,0.933,0.353,3.347,0.206,0.013,1.656,0.154,0.846,0.925,0.659
3186,106.200,37.947,73.546,-23.575,35.075,2,1,1,385.292,1.377,7,1,0.724,6,133.754,4350.655,0.933,0.342,2.256,0.446,0.209,1.522,0.085,0.915,0.891,0.750
3189,106.300,62.290,70.456,24.342,-3.090,2,1,1,517.279,1.026,7,0,0.724,5,2.236,4277.854,0.933,0.331,4.673,0.512,0.553,1.140,0.101,0.899,0.922,0.350
3192,106.400,7.211,33.377,-55.079,-37.079,2,1,1,556.058,0.971,7,0,0.724,5,30.364,4079.868,0.933,0.336,2.786,0.665,0.747,2.270,0.135,0.865,0.799,0.550
3195,106.500,510.079,0.000,477.768,0.000,2,1,0,510.079,0.952,6,1,0.690,5,33.971,3741.707,0.933,0.324,2.680,0.862,0.950,0.088,0.120,0.880,0.869,0.750
3198,106.600,493.584,0.000,6.321,0.000,2,1,0,493.584,1.689,6,0,0.690,5,34.655,3189.167,0.933,0.324,2.032,0.573,0.993,0.359,0.121,0.879,0.873,0.350
3201,106.700,508.119,0.000,17.625,0.000,2,1,0,508.119,2.085,6,0,0.690,5,70.007,2923.604,0.933,0.324,2.013,0.862,1.004,1.313,0.158,0.842,0.852,0.550
3204,106.800,512.220,47.508,4.101,14.131,2,1,1,529.226,2.333,5,1,0.655,4,43.932,2154.555,0.933,0.324,2.627,0.664,0.955,0.998,0.152,0.848,0.875,0.750
3207,106.900,6.325,0.000,-505.895,0.000,1,1,0,0.000,2.315,5,0,0.655,3,45.277,1340.437,0.933,0.324,4.549,0.709,1.086,1.699,0.186,0.814,0.619,0.650
3210,107.000,6.708,207.639,0.384,160.131,2,1,1,332.074,2.222,5,0,0.690,5,145.014,1385.269,0.933,0.336,3.358,0.826,1.013,2.979,0.176,0.824,0.918,0.750
3213,107.100,12.042,0.000,5.333,0.000,1,1,0,0.000,2.336,6,1,0.655,4,142.667,1443.275,0.933,0.336,2.060,0.642,1.090,2.877,0.110,0.890,0.605,0.750
3216,107.200,4.472,57.271,-7.569,-150.368,2,1,1,272.415,1.993,6,0,0.655,6,129.035,901.375,0.933,0.336,1.894,0.886,1.075,0.475,0.148,0.852,0.877,0.717
3219,107.300,3.000,5.000,-1.472,-52.271,2,1,1,270.296,1.740,6,0,0.690,6,125.718,1088.884,0.933,0.336,1.777,0.901,0.924,0.205,0.154,0.846,0.651,0.698
3222,107.400,5.099,15.297,2.099,10.297,2,1,1,280.492,1.373,6,0,0.690,6,217.830,1883.629,0.933,0.336,3.359,0.904,0.765,0.044,0.175,0.825,0.748,0.750
3225,107.500,1.414,0.000,-3.685,0.000,1,1,0,0.000,1.258,6,0,0.690,4,215.856,1925.644,0.933,0.336,3.712,0.758,0.600,0.905,0.147,0.853,0.580,0.750
3228,107.600,2.236,0.000,0.822,0.000,1,1,0,0.000,0.907,6,0,0.724,4,76.922,1937.317,0.933,0.336,2.063,0.794,0.581,0.607,0.152,0.848,0.540,0.580
3231,107.700,5.000,0.000,2.764,0.000,1,1,0,0.000,1.001,5,1,0.690,4,75.133,2010.690,0.933,0.336,1.233,0.817,0.544,0.439,0.133,0.867,0.557,0.750
3234,107.800,5.000,0.000,0.000,0.000,1,1,0,0.000,0.858,5,0,0.690,4,76.922,2081.384,0.967,0.336,2.535,0.876,0.451,0.005,0.155,0.845,0.590,0.580
3237,107.900,5.000,0.000,0.000,0.000,1,1,0,0.000,1.007,5,0,0.724,4,1.414,2093.444,1.000,0.347,3.362,0.732,0.488,0.801,0.123,0.877,0.625,0.580
3240,108.000,7.810,0.000,2.810,0.000,1,1,0,0.000,1.265,6,1,0.690,3,74.303,2083.239,1.000,0.347,2.431,0.832,0.425,0.493,0.145,0.855,0.556,0.750
3243,108.100,4.123,0.000,-3.687,0.000,1,1,0,0.000,1.463,6,0,0.690,2,2.000,1918.024,1.000,0.358,1.589,0.747,0.385,0.995,0.103,0.897,0.490,0.580
3246,108.200,2.236,0.000,-1.887,0.000,1,1,0,0.000,1.743,6,0,0.724,2,2.000,1914.609,1.000,0.358,1.836,0.337,0.419,1.488,0.089,0.911,0.515,0.580
3249,108.300,10.630,0.000,8.394,0.000,1,1,0,0.000,1.637,6,1,0.690,4,61.033,1878.487,1.000,0.358,2.905,0.734,0.453,0.626,0.155,0.845,0.620,0.750
3252,108.400,0.000,0.000,0.000,0.000,0,0,0,0.000,0.000,6,0,0.690,0,61.033,1878.487,0.967,0.358,5.198,0.813,0.413,2.008,0.199,0.801,0.359,0.650
3255,108.500,0.000,173.081,0.000,157.784,1,0,1,0.000,0.875,6,0,0.724,1,61.033,1878.487,0.967,0.360,3.812,0.399,0.403,1.494,0.111,0.889,0.763,0.650
3258,108.600,64.846,20.000,54.216,-153.081,2,1,1,364.774,1.747,5,1,0.690,5,169.729,2989.239,0.967,0.360,3.310,0.479,0.320,0.916,0.085,0.915,0.945,0.750
3261,108.700,339.282,0.000,21.776,0.000,2,1,0,339.282,2.038,5,0,0.690,6,35.468,3635.575,0.967,0.350,3.236,0.503,0.107,1.277,0.140,0.860,0.942,0.500
3264,108.800,335.626,0.000,26.109,0.000,2,1,0,335.626,2.199,5,0,0.724,6,33.015,3922.325,0.967,0.350,3.797,0.551,0.003,0.520,0.077,0.923,0.952,0.450
3267,108.900,7.071,85.088,-328.555,65.088,2,1,1,327.426,2.078,6,0,0.724,5,34.205,3573.050,0.967,0.350,2.221,0.672,0.148,0.317,0.071,0.929,0.874,0.500
3270,109.000,319.953,0.000,2.636,0.000,2,1,0,319.953,2.183,6,0,0.724,5,29.000,3277.935,0.967,0.360,2.591,0.692,0.021,0.187,0.098,0.902,0.882,0.500
3273,109.100,6.325,21.378,-313.629,-63.711,2,1,1,327.666,2.041,6,0,0.759,5,24.083,2789.340,0.967,0.350,1.437,0.498,0.074,1.683,0.105,0.895,0.736,0.580
3276,109.200,0.000,314.659,0.000,299.659,2,0,1,314.659,1.016,5,1,0.724,5,6.708,2105.278,0.967,0.350,3.405,0.647,0.025,1.362,0.114,0.886,0.936,0.750
3279,109.300,0.000,312.059,0.000,-0.768,2,0,1,312.059,1.486,5,0,0.724,5,5.657,1625.449,0.967,0.350,2.671,0.655,0.193,0.051,0.135,0.865,0.917,0.350
3282,109.400,0.000,309.480,0.000,0.183,2,0,1,309.480,1.906,5,0,0.759,5,172.235,1649.739,0.967,0.350,1.805,0.780,0.408,0.689,0.137,0.863,0.887,0.750
3285,109.500,0.000,308.691,0.000,0.392,2,0,1,308.691,2.539,5,0,0.759,5,234.395,2421.267,0.967,0.339,0.897,0.764,0.232,0.025,0.099,0.901,0.865,0.750
3288,109.600,0.000,299.301,0.000,-9.390,2,0,1,299.301,3.127,4,1,0.724,3,8.246,2489.975,0.967,0.327,0.502,0.747,0.132,1.865,0.075,0.925,0.811,0.750
3291,109.700,0.000,311.565,0.000,2.085,2,0,1,311.565,3.118,5,1,0.724,4,164.794,2785.259,0.967,0.336,1.282,0.179,0.080,1.814,0.095,0.905,0.880,0.750
3294,109.800,33.941,321.753,27.617,10.188,2,1,1,316.057,3.111,5,0,0.724,4,20.518,2739.878,0.967,0.336,2.329,0.377,0.051,1.505,0.082,0.918,0.892,0.550
3297,109.900,45.310,0.000,11.369,0.000,1,1,0,0.000,1.961,5,0,0.724,2,68.184,2542.848,0.967,0.336,2.170,0.425,0.012,0.055,0.085,0.915,0.762,0.650
3300,110.000,363.138,0.000,339.055,0.000,2,1,0,363.138,1.233,5,0,0.759,3,122.119,2647.144,0.967,0.347,4.755,0.262,0.256,1.778,0.107,0.893,0.925,0.678
