frame_idx,timestamp,hand_velocity_left,hand_velocity_right,hand_acceleration_left,hand_acceleration_right,hands_present,grip_state_left,grip_state_right,hand_distance,trajectory_curvature,num_tools,tool_changed,tool_stability,num_interactions,contact_point_shift,contact_point_variance,interaction_density,interaction_rhythm,flow_magnitude,flow_uniformity,flow_discontinuity,direction_change,scene_change_score,visual_stability,activity_level,transition_score
0,0.000,0.000,0.000,0.000,0.000,0,0,0,0.000,0.000,3,0,1.000,0,0.000,0.000,0.000,0.000,0.000,1.000,0.000,0.000,0.000,1.000,0.100,0.000
3,0.100,0.000,0.000,0.000,0.000,0,0,0,0.000,0.000,4,1,0.000,0,0.000,0.000,0.000,0.000,2.408,0.305,0.000,1.088,0.028,0.972,0.209,0.750
6,0.200,0.000,0.000,0.000,0.000,0,0,0,0.000,0.000,3,1,0.000,0,0.000,0.000,0.000,0.000,0.025,0.997,0.000,0.582,0.000,1.000,0.101,0.750
9,0.300,0.000,0.000,0.000,0.000,0,0,0,0.000,0.000,2,1,0.000,0,0.000,0.000,0.000,0.000,0.024,0.993,0.000,1.876,0.000,1.000,0.001,0.750
12,0.400,0.000,0.000,0.000,0.000,0,0,0,0.000,0.000,2,0,0.250,0,0.000,0.000,0.000,0.000,0.024,0.991,0.000,2.081,0.000,1.000,0.001,0.550
15,0.500,0.000,0.000,0.000,0.000,0,0,0,0.000,0.000,2,0,0.400,0,0.000,0.000,0.000,0.000,0.025,0.994,0.000,2.225,0.000,1.000,0.001,0.550
18,0.600,0.000,0.000,0.000,0.000,0,0,0,0.000,0.000,2,0,0.500,0,0.000,0.000,0.000,0.000,0.025,0.991,0.000,2.211,0.000,1.000,0.001,0.550
21,0.700,0.000,0.000,0.000,0.000,0,0,0,0.000,0.000,3,1,0.429,0,0.000,0.000,0.000,0.000,1.858,0.193,0.000,2.505,0.025,0.975,0.103,0.750
24,0.800,0.000,0.000,0.000,0.000,0,0,0,0.000,0.000,2,1,0.375,0,0.000,0.000,0.000,0.000,0.001,1.000,0.000,1.828,0.000,1.000,0.000,0.750
27,0.900,0.000,0.000,0.000,0.000,0,0,0,0.000,0.000,3,1,0.333,0,0.000,0.000,0.000,0.000,0.003,0.288,0.000,2.899,0.000,1.000,0.150,0.750
30,1.000,0.000,0.000,0.000,0.000,0,0,0,0.000,0.000,3,0,0.400,0,0.000,0.000,0.000,0.000,0.000,1.000,0.000,3.129,0.000,1.000,0.100,0.550
33,1.100,0.000,0.000,0.000,0.000,0,0,0,0.000,0.000,3,0,0.455,0,0.000,0.000,0.000,0.000,0.001,0.446,0.000,1.476,0.000,1.000,0.139,0.550
36,1.200,0.000,0.000,0.000,0.000,0,0,0,0.000,0.000,3,0,0.500,0,0.000,0.000,0.000,0.000,0.001,0.766,0.000,1.471,0.000,1.000,0.116,0.550
39,1.300,0.000,0.000,0.000,0.000,0,0,0,0.000,0.000,3,0,0.538,0,0.000,0.000,0.000,0.000,0.002,0.988,0.000,1.502,0.000,1.000,0.101,0.550
42,1.400,0.000,0.000,0.000,0.000,0,0,0,0.000,0.000,3,0,0.571,0,0.000,0.000,0.000,0.000,0.001,0.244,0.000,0.228,0.000,1.000,0.153,0.480
45,1.500,0.000,0.000,0.000,0.000,0,0,0,0.000,0.000,3,0,0.600,0,0.000,0.000,0.000,0.000,0.002,0.931,0.000,0.960,0.000,1.000,0.105,0.000
48,1.600,0.000,0.000,0.000,0.000,0,0,0,0.000,0.000,3,0,0.625,0,0.000,0.000,0.000,0.000,0.001,0.146,0.000,1.039,0.000,1.000,0.160,0.480
51,1.700,0.000,0.000,0.000,0.000,0,0,0,0.000,0.000,3,0,0.647,0,0.000,0.000,0.000,0.000,0.008,0.620,0.000,0.673,0.001,0.999,0.127,0.000
54,1.800,0.000,0.000,0.000,0.000,0,0,0,0.000,0.000,3,0,0.667,0,0.000,0.000,0.000,0.000,0.002,0.994,0.000,0.853,0.000,1.000,0.100,0.000
57,1.900,0.000,0.000,0.000,0.000,0,0,0,0.000,0.000,3,0,0.684,0,0.000,0.000,0.000,0.000,0.002,0.582,0.000,1.511,0.000,1.000,0.129,0.550
60,2.000,0.000,0.000,0.000,0.000,0,0,0,0.000,0.000,3,0,0.700,0,0.000,0.000,0.000,0.000,0.002,0.343,0.000,0.488,0.000,1.000,0.146,0.000
63,2.100,0.000,0.000,0.000,0.000,0,0,0,0.000,0.000,3,0,0.714,0,0.000,0.000,0.000,0.000,0.004,0.993,0.000,0.171,0.000,1.000,0.101,0.000
66,2.200,0.000,0.000,0.000,0.000,0,0,0,0.000,0.000,4,1,0.682,0,0.000,0.000,0.000,0.000,12.854,0.240,0.000,0.386,0.080,0.920,0.353,0.750
69,2.300,0.000,0.000,0.000,0.000,0,0,0,0.000,0.000,3,1,0.652,0,0.000,0.000,0.000,0.000,0.023,0.987,0.000,0.468,0.000,1.000,0.101,0.750
72,2.400,0.000,0.000,0.000,0.000,0,0,0,0.000,0.000,2,1,0.625,0,0.000,0.000,0.000,0.000,0.000,1.000,0.000,0.507,0.000,1.000,0.000,0.750
75,2.500,0.000,0.000,0.000,0.000,0,0,0,0.000,0.000,2,0,0.640,0,0.000,0.000,0.000,0.000,0.000,1.000,0.000,0.492,0.000,1.000,0.000,0.000
78,2.600,0.000,0.000,0.000,0.000,0,0,0,0.000,0.000,2,0,0.654,0,0.000,0.000,0.000,0.000,0.014,0.139,0.000,1.006,0.000,1.000,0.061,0.480
81,2.700,0.000,0.000,0.000,0.000,0,0,0,0.000,0.000,3,1,0.630,0,0.000,0.000,0.000,0.000,0.014,0.257,0.000,0.165,0.000,1.000,0.052,0.750
84,2.800,0.000,0.000,0.000,0.000,0,0,0,0.000,0.000,2,1,0.607,0,0.000,0.000,0.000,0.000,0.004,0.415,0.000,0.029,0.000,1.000,0.041,0.750
87,2.900,0.000,0.000,0.000,0.000,0,0,0,0.000,0.000,2,0,0.621,0,0.000,0.000,0.000,0.000,0.003,0.202,0.000,0.517,0.000,1.000,0.056,0.000
90,3.000,0.000,0.000,0.000,0.000,0,0,0,0.000,0.000,2,0,0.655,0,0.000,0.000,0.000,0.000,0.001,1.000,0.000,0.404,0.000,1.000,0.000,0.000
93,3.100,0.000,0.000,0.000,0.000,0,0,0,0.000,0.000,2,0,0.690,0,0.000,0.000,0.000,0.000,0.000,1.000,0.781,0.016,0.000,1.000,0.000,0.000
96,3.200,0.000,0.000,0.000,0.000,0,0,0,0.000,0.000,3,1,0.690,0,0.000,0.000,0.000,0.000,3.774,0.133,1.581,0.040,0.063,0.937,0.155,0.750
99,3.300,0.000,0.000,0.000,0.000,0,0,0,0.000,0.000,3,1,0.655,0,0.000,0.000,0.000,0.000,0.002,0.156,2.126,0.287,0.000,1.000,0.159,0.750
102,3.400,0.000,0.000,0.000,0.000,0,0,0,0.000,0.000,3,0,0.655,0,0.000,0.000,0.000,0.000,0.002,0.504,2.128,0.392,0.000,1.000,0.135,0.700
105,3.500,0.000,0.000,0.000,0.000,0,0,0,0.000,0.000,3,0,0.655,0,0.000,0.000,0.000,0.000,0.017,0.958,2.129,0.070,0.000,1.000,0.103,0.700
108,3.600,0.000,0.000,0.000,0.000,0,0,0,0.000,0.000,3,0,0.690,0,0.000,0.000,0.000,0.000,0.024,0.982,2.133,2.648,0.000,1.000,0.102,0.700
111,3.700,0.000,0.000,0.000,0.000,0,0,0,0.000,0.000,3,0,0.724,0,0.000,0.000,0.000,0.000,0.003,0.258,2.137,2.712,0.000,1.000,0.152,0.700
114,3.800,0.000,0.000,0.000,0.000,0,0,0,0.000,0.000,3,0,0.759,0,0.000,0.000,0.000,0.000,0.003,0.676,0.187,1.199,0.000,1.000,0.123,0.000
117,3.900,0.000,0.000,0.000,0.000,0,0,0,0.000,0.000,3,0,0.759,0,0.000,0.000,0.000,0.000,0.003,0.550,0.188,0.645,0.000,1.000,0.132,0.000
120,4.000,0.000,0.000,0.000,0.000,0,0,0,0.000,0.000,3,0,0.759,0,0.000,0.000,0.000,0.000,0.004,0.688,0.188,0.850,0.000,1.000,0.122,0.000
123,4.100,0.000,0.000,0.000,0.000,0,0,0,0.000,0.000,3,0,0.759,0,0.000,0.000,0.000,0.000,0.005,0.265,0.188,1.439,0.000,1.000,0.152,0.550
126,4.200,0.000,0.000,0.000,0.000,0,0,0,0.000,0.000,3,0,0.759,0,0.000,0.000,0.000,0.000,0.005,0.545,0.188,0.066,0.000,1.000,0.132,0.000
129,4.300,0.000,0.000,0.000,0.000,0,0,0,0.000,0.000,3,0,0.759,0,0.000,0.000,0.000,0.000,0.002,0.421,0.189,1.486,0.000,1.000,0.141,0.550
132,4.400,0.000,0.000,0.000,0.000,0,0,0,0.000,0.000,3,0,0.759,0,0.000,0.000,0.000,0.000,0.002,0.274,0.189,1.496,0.000,1.000,0.151,0.550
135,4.500,0.000,0.000,0.000,0.000,0,0,0,0.000,0.000,3,0,0.759,0,0.000,0.000,0.000,0.000,0.001,0.666,0.189,0.001,0.000,1.000,0.123,0.000
138,4.600,0.000,0.000,0.000,0.000,0,0,0,0.000,0.000,4,1,0.724,0,0.000,0.000,0.000,0.000,1.597,0.909,0.189,1.572,0.045,0.955,0.146,0.750
141,4.700,0.000,0.000,0.000,0.000,0,0,0,0.000,0.000,4,0,0.724,0,0.000,0.000,0.000,0.000,2.110,0.181,0.156,0.621,0.046,0.954,0.210,0.480
144,4.800,0.000,0.000,0.000,0.000,0,0,0,0.000,0.000,3,1,0.690,0,0.000,0.000,0.000,0.000,2.304,0.300,0.263,0.412,0.049,0.951,0.107,0.750
147,4.900,0.000,0.000,0.000,0.000,0,0,0,0.000,0.000,3,0,0.690,0,0.000,0.000,0.000,0.000,12.787,0.054,0.216,0.507,0.116,0.884,0.266,0.000
150,5.000,0.000,0.000,0.000,0.000,0,0,0,0.000,0.000,2,1,0.655,0,0.000,0.000,0.000,0.000,0.005,0.261,0.044,0.043,0.001,0.999,0.052,0.750
153,5.100,0.000,0.000,0.000,0.000,0,0,0,0.000,0.000,2,0,0.690,0,0.000,0.000,0.000,0.000,0.004,0.236,0.044,0.057,0.001,0.999,0.054,0.000
156,5.200,0.000,0.000,0.000,0.000,0,0,0,0.000,0.000,2,0,0.724,0,0.000,0.000,0.000,0.000,0.006,0.509,0.043,0.058,0.001,0.999,0.035,0.000
159,5.300,0.000,0.000,0.000,0.000,0,0,0,0.000,0.000,2,0,0.759,0,0.000,0.000,0.000,0.000,0.006,0.214,1.061,0.024,0.001,0.999,0.055,0.000
162,5.400,0.000,0.000,0.000,0.000,0,0,0,0.000,0.000,2,0,0.759,0,0.000,0.000,0.000,0.000,0.004,0.068,1.062,1.497,0.001,0.999,0.065,0.550
165,5.500,0.000,0.000,0.000,0.000,0,0,0,0.000,0.000,2,0,0.759,0,0.000,0.000,0.000,0.000,0.001,0.196,1.062,1.508,0.000,1.000,0.056,0.550
168,5.600,0.000,0.000,0.000,0.000,0,0,0,0.000,0.000,2,0,0.793,0,0.000,0.000,0.000,0.000,0.001,0.707,1.062,0.072,0.000,1.000,0.021,0.000
171,5.700,0.000,0.000,0.000,0.000,0,0,0,0.000,0.000,2,0,0.828,0,0.000,0.000,0.000,0.000,0.004,0.294,1.062,0.531,0.001,0.999,0.050,0.480
174,5.800,0.000,0.000,0.000,0.000,0,0,0,0.000,0.000,2,0,0.828,0,0.000,0.000,0.000,0.000,0.006,0.262,1.062,0.457,0.001,0.999,0.052,0.000
177,5.900,0.000,0.000,0.000,0.000,0,0,0,0.000,0.000,2,0,0.828,0,0.000,0.000,0.000,0.000,0.009,0.313,1.063,0.039,0.001,0.999,0.048,0.000
180,6.000,0.000,0.000,0.000,0.000,0,0,0,0.000,0.000,2,0,0.828,0,0.000,0.000,0.000,0.000,0.007,0.177,1.063,0.033,0.000,1.000,0.058,0.000
183,6.100,0.000,0.000,0.000,0.000,0,0,0,0.000,0.000,2,0,0.862,0,0.000,0.000,0.000,0.000,0.009,0.761,1.064,1.582,0.001,0.999,0.017,0.550
186,6.200,0.000,0.000,0.000,0.000,0,0,0,0.000,0.000,2,0,0.897,0,0.000,0.000,0.000,0.000,0.010,0.752,0.792,1.572,0.001,0.999,0.018,0.550
189,6.300,0.000,0.000,0.000,0.000,0,0,0,0.000,0.000,2,0,0.897,0,0.000,0.000,0.000,0.000,0.006,0.966,1.195,0.003,0.000,1.000,0.003,0.000
192,6.400,0.000,0.000,0.000,0.000,0,0,0,0.000,0.000,2,0,0.897,0,0.000,0.000,0.000,0.000,0.007,0.246,0.558,0.007,0.001,0.999,0.053,0.480
195,6.500,0.000,0.000,0.000,0.000,0,0,0,0.000,0.000,2,0,0.897,0,0.000,0.000,0.000,0.000,0.004,0.101,0.393,0.212,0.001,0.999,0.063,0.000
198,6.600,0.000,0.000,0.000,0.000,0,0,0,0.000,0.000,2,0,0.897,0,0.000,0.000,0.000,0.000,0.004,0.097,0.393,0.226,0.001,0.999,0.063,0.000
201,6.700,0.000,0.000,0.000,0.000,0,0,0,0.000,0.000,2,0,0.897,0,0.000,0.000,0.000,0.000,0.020,0.999,0.393,3.060,0.001,0.999,0.001,0.550
204,6.800,0.000,0.000,0.000,0.000,0,0,0,0.000,0.000,2,0,0.897,0,0.000,0.000,0.000,0.000,0.005,0.260,0.392,3.074,0.001,0.999,0.052,0.550
207,6.900,0.000,0.000,0.000,0.000,0,0,0,0.000,0.000,2,0,0.897,0,0.000,0.000,0.000,0.000,0.005,0.084,0.392,0.000,0.001,0.999,0.064,0.000
210,7.000,0.000,0.000,0.000,0.000,0,0,0,0.000,0.000,2,0,0.897,0,0.000,0.000,0.000,0.000,0.004,0.337,0.392,0.024,0.001,0.999,0.047,0.000
213,7.100,0.000,0.000,0.000,0.000,0,0,0,0.000,0.000,2,0,0.897,0,0.000,0.000,0.000,0.000,0.005,0.373,0.392,0.251,0.001,0.999,0.044,0.000
216,7.200,0.000,0.000,0.000,0.000,0,0,0,0.000,0.000,2,0,0.897,0,0.000,0.000,0.000,0.000,0.006,0.907,0.392,0.218,0.001,0.999,0.007,0.000
219,7.300,0.000,0.000,0.000,0.000,0,0,0,0.000,0.000,2,0,0.897,0,0.000,0.000,0.000,0.000,0.003,0.565,0.392,0.074,0.001,0.999,0.030,0.000
222,7.400,0.000,0.000,0.000,0.000,0,0,0,0.000,0.000,2,0,0.897,0,0.000,0.000,0.000,0.000,0.004,0.158,0.392,0.058,0.001,0.999,0.059,0.000
225,7.500,0.000,0.000,0.000,0.000,0,0,0,0.000,0.000,2,0,0.931,0,0.000,0.000,0.000,0.000,0.022,1.000,0.392,3.127,0.001,0.999,0.001,0.550
228,7.600,0.000,0.000,0.000,0.000,0,0,0,0.000,0.000,2,0,0.931,0,0.000,0.000,0.000,0.000,0.007,0.999,0.392,3.099,0.001,0.999,0.000,0.550
231,7.700,0.000,0.000,0.000,0.000,0,0,0,0.000,0.000,2,0,0.966,0,0.000,0.000,0.000,0.000,0.000,1.000,0.358,1.750,0.000,1.000,0.000,0.550
234,7.800,0.000,0.000,0.000,0.000,0,0,0,0.000,0.000,2,0,0.966,0,0.000,0.000,0.000,0.000,0.000,1.000,0.314,0.000,0.000,1.000,0.000,0.000
237,7.900,0.000,0.000,0.000,0.000,0,0,0,0.000,0.000,2,0,1.000,0,0.000,0.000,0.000,0.000,0.000,1.000,0.267,0.000,0.000,1.000,0.000,0.000
240,8.000,0.000,0.000,0.000,0.000,0,0,0,0.000,0.000,2,0,1.000,0,0.000,0.000,0.000,0.000,0.000,1.000,0.025,0.000,0.000,1.000,0.000,0.000
243,8.100,0.000,0.000,0.000,0.000,0,0,0,0.000,0.000,2,0,1.000,0,0.000,0.000,0.000,0.000,0.000,1.000,0.001,0.000,0.000,1.000,0.000,0.000
246,8.200,0.000,0.000,0.000,0.000,0,0,0,0.000,0.000,2,0,1.000,0,0.000,0.000,0.000,0.000,0.000,1.000,0.023,0.000,0.000,1.000,0.000,0.000
249,8.300,0.000,0.000,0.000,0.000,0,0,0,0.000,0.000,2,0,1.000,0,0.000,0.000,0.000,0.000,0.000,1.000,0.248,0.000,0.000,1.000,0.000,0.000
252,8.400,0.000,0.000,0.000,0.000,0,0,0,0.000,0.000,2,0,1.000,0,0.000,0.000,0.000,0.000,0.000,1.000,0.269,2.950,0.000,1.000,0.000,0.550
255,8.500,0.000,0.000,0.000,0.000,0,0,0,0.000,0.000,2,0,1.000,0,0.000,0.000,0.000,0.000,0.000,1.000,0.315,2.960,0.000,1.000,0.000,0.550
258,8.600,0.000,0.000,0.000,0.000,0,0,0,0.000,0.000,2,0,1.000,0,0.000,0.000,0.000,0.000,0.000,1.000,0.358,0.000,0.000,1.000,0.000,0.000
261,8.700,0.000,0.000,0.000,0.000,0,0,0,0.000,0.000,2,0,1.000,0,0.000,0.000,0.000,0.000,0.000,1.000,0.411,0.000,0.000,1.000,0.000,0.000
264,8.800,0.000,0.000,0.000,0.000,0,0,0,0.000,0.000,2,0,1.000,0,0.000,0.000,0.000,0.000,0.000,1.000,0.472,0.000,0.000,1.000,0.000,0.000
267,8.900,0.000,0.000,0.000,0.000,0,0,0,0.000,0.000,2,0,1.000,0,0.000,0.000,0.000,0.000,0.000,1.000,0.467,0.000,0.000,1.000,0.000,0.000
270,9.000,0.000,0.000,0.000,0.000,0,0,0,0.000,0.000,2,0,1.000,0,0.000,0.000,0.000,0.000,0.000,1.000,0.459,0.000,0.000,1.000,0.000,0.000
273,9.100,0.000,0.000,0.000,0.000,0,0,0,0.000,0.000,2,0,1.000,0,0.000,0.000,0.000,0.000,0.000,1.000,0.711,0.000,0.000,1.000,0.000,0.000
276,9.200,0.000,0.000,0.000,0.000,0,0,0,0.000,0.000,2,0,1.000,0,0.000,0.000,0.000,0.000,0.000,1.000,0.738,0.000,0.000,1.000,0.000,0.000
279,9.300,0.000,0.000,0.000,0.000,0,0,0,0.000,0.000,2,0,1.000,0,0.000,0.000,0.000,0.000,0.000,1.000,0.673,0.000,0.000,1.000,0.000,0.000
282,9.400,0.000,0.000,0.000,0.000,0,0,0,0.000,0.000,2,0,1.000,0,0.000,0.000,0.000,0.000,0.000,1.000,0.633,0.000,0.000,1.000,0.000,0.000
285,9.500,0.000,0.000,0.000,0.000,0,0,0,0.000,0.000,2,0,1.000,0,0.000,0.000,0.000,0.000,0.000,1.000,0.586,0.000,0.000,1.000,0.000,0.000
288,9.600,0.000,0.000,0.000,0.000,0,0,0,0.000,0.000,2,0,1.000,0,0.000,0.000,0.000,0.000,0.519,0.089,0.557,1.845,0.002,0.998,0.077,0.550
291,9.700,0.000,0.000,0.000,0.000,0,0,0,0.000,0.000,3,1,0.966,0,0.000,0.000,0.000,0.000,0.087,0.124,2.929,0.026,0.003,0.997,0.063,0.750
294,9.800,0.000,0.000,0.000,0.000,0,0,0,0.000,0.000,3,0,0.966,0,0.000,0.000,0.000,0.000,0.156,0.167,3.641,0.019,0.005,0.995,0.062,0.700
297,9.900,0.000,0.000,0.000,0.000,0,0,0,0.000,0.000,3,0,0.966,0,0.000,0.000,0.000,0.000,0.054,0.062,4.711,0.016,0.006,0.994,0.067,0.700
300,10.000,0.000,0.000,0.000,0.000,0,0,0,0.000,0.000,3,0,0.966,0,0.000,0.000,0.000,0.000,0.068,0.394,5.106,0.010,0.007,0.993,0.044,0.700
303,10.100,0.000,0.000,0.000,0.000,0,0,0,0.000,0.000,3,0,0.966,0,0.000,0.000,0.000,0.000,0.168,0.128,5.586,0.014,0.008,0.992,0.065,0.700
306,10.200,0.000,0.000,0.000,0.000,0,0,0,0.000,0.000,3,0,0.966,0,0.000,0.000,0.000,0.000,0.105,0.045,6.733,0.041,0.015,0.985,0.070,0.700
309,10.300,0.000,0.000,0.000,0.000,0,0,0,0.000,0.000,3,0,0.966,0,0.000,0.000,0.000,0.000,0.023,0.272,7.474,0.049,0.014,0.986,0.052,0.700
312,10.400,0.000,0.000,0.000,0.000,0,0,0,0.000,0.000,3,0,0.966,0,0.000,0.000,0.000,0.000,0.024,0.485,7.643,0.039,0.024,0.976,0.037,0.700
315,10.500,0.000,0.000,0.000,0.000,0,0,0,0.000,0.000,3,0,0.966,0,0.000,0.000,0.000,0.000,0.018,0.450,7.828,0.019,0.086,0.914,0.039,0.700
318,10.600,0.000,0.000,0.000,0.000,0,0,0,0.000,0.000,2,1,0.931,0,0.000,0.000,0.000,0.000,0.001,1.000,8.099,0.017,0.070,0.930,0.000,0.750
321,10.700,0.000,0.000,0.000,0.000,0,0,0,0.000,0.000,3,1,0.897,0,0.000,0.000,0.000,0.000,0.022,0.643,8.151,1.518,0.079,0.921,0.026,0.750
324,10.800,0.000,0.000,0.000,0.000,0,0,0,0.000,0.000,4,1,0.862,0,0.000,0.000,0.000,0.000,0.175,0.720,8.297,0.091,0.040,0.960,0.124,0.750
327,10.900,0.000,0.000,0.000,0.000,0,0,0,0.000,0.000,4,0,0.862,0,0.000,0.000,0.000,0.000,0.689,0.795,9.464,0.759,0.034,0.966,0.132,0.700
330,11.000,0.000,0.000,0.000,0.000,0,0,0,0.000,0.000,4,0,0.862,0,0.000,0.000,0.000,0.000,0.922,0.627,14.059,0.242,0.041,0.959,0.149,0.700
333,11.100,0.000,0.000,0.000,0.000,0,0,0,0.000,0.000,4,0,0.862,0,0.000,0.000,0.000,0.000,2.093,0.845,20.206,0.198,0.081,0.919,0.163,0.700
336,11.200,0.000,0.000,0.000,0.000,0,0,0,0.000,0.000,4,0,0.862,0,0.000,0.000,0.000,0.000,2.473,0.944,2.104,0.965,0.103,0.897,0.166,0.700
339,11.300,0.000,0.000,0.000,0.000,0,0,0,0.000,0.000,4,0,0.862,0,0.000,0.000,0.000,0.000,2.694,0.876,3.281,0.218,0.122,0.878,0.176,0.700
342,11.400,0.000,0.000,0.000,0.000,0,0,0,0.000,0.000,3,1,0.828,0,0.000,0.000,0.000,0.000,2.939,0.848,4.418,0.134,0.135,0.865,0.084,0.750
345,11.500,0.000,0.000,0.000,0.000,0,0,0,0.000,0.000,3,0,0.828,0,0.000,0.000,0.000,0.000,1.801,0.494,5.875,2.617,0.127,0.873,0.080,0.700
348,11.600,0.000,0.000,0.000,0.000,0,0,0,0.000,0.000,3,0,0.828,0,0.000,0.000,0.000,0.000,2.063,0.463,6.758,0.709,0.163,0.837,0.089,0.700
351,11.700,0.000,0.000,0.000,0.000,0,0,0,0.000,0.000,3,0,0.828,0,0.000,0.000,0.000,0.000,1.338,0.870,7.545,3.017,0.159,0.841,0.043,0.700
354,11.800,0.000,0.000,0.000,0.000,0,0,0,0.000,0.000,3,0,0.828,0,0.000,0.000,0.000,0.000,1.626,0.570,8.182,0.607,0.157,0.843,0.071,0.700
357,11.900,0.000,0.000,0.000,0.000,0,0,0,0.000,0.000,3,0,0.828,0,0.000,0.000,0.000,0.000,1.340,0.610,9.038,1.638,0.118,0.882,0.061,0.700
360,12.000,0.000,0.000,0.000,0.000,0,0,0,0.000,0.000,3,0,0.828,0,0.000,0.000,0.000,0.000,6.365,0.862,9.760,2.074,0.200,0.800,0.169,0.700
363,12.100,0.000,0.000,0.000,0.000,0,0,0,0.000,0.000,3,0,0.828,0,0.000,0.000,0.000,0.000,3.565,0.928,13.079,0.120,0.188,0.812,0.094,0.700
366,12.200,0.000,0.000,0.000,0.000,0,0,0,0.000,0.000,3,0,0.828,0,0.000,0.000,0.000,0.000,3.245,0.698,14.925,0.954,0.160,0.840,0.102,0.700
369,12.300,0.000,0.000,0.000,0.000,0,0,0,0.000,0.000,3,0,0.828,0,0.000,0.000,0.000,0.000,3.378,0.551,16.684,1.745,0.194,0.806,0.116,0.700
372,12.400,0.000,0.000,0.000,0.000,0,0,0,0.000,0.000,3,0,0.828,0,0.000,0.000,0.000,0.000,8.646,0.201,18.275,0.654,0.214,0.786,0.256,0.700
375,12.500,0.000,0.000,0.000,0.000,0,0,0,0.000,0.000,3,0,0.828,0,0.000,0.000,0.000,0.000,6.484,0.291,14.637,1.248,0.218,0.782,0.212,0.700
378,12.600,0.000,0.000,0.000,0.000,0,0,0,0.000,0.000,3,0,0.862,0,0.000,0.000,0.000,0.000,9.538,0.177,11.611,0.429,0.202,0.798,0.258,0.700
381,12.700,0.000,0.000,0.000,0.000,1,0,0,0.000,0.000,3,0,0.862,2,0.000,0.000,0.033,0.000,5.046,0.498,6.508,0.654,0.244,0.756,0.335,0.700
384,12.800,0.000,0.000,0.000,0.000,1,0,0,0.000,0.000,3,0,0.862,2,0.000,0.000,0.067,0.414,4.516,0.628,4.655,0.158,0.154,0.846,0.317,0.700
387,12.900,54.818,0.000,54.818,0.000,1,0,0,0.000,0.000,3,0,0.862,2,0.000,0.000,0.100,0.449,4.373,0.516,3.734,0.520,0.173,0.827,0.575,0.700
390,13.000,57.489,0.000,2.671,0.000,1,0,0,0.000,0.000,3,0,0.862,2,0.000,0.000,0.133,0.464,5.705,0.762,3.140,0.594,0.197,0.803,0.595,0.700
393,13.100,64.560,232.422,7.071,232.422,2,0,0,46.098,0.589,3,0,0.862,4,0.000,0.000,0.167,0.431,7.621,0.769,3.258,0.012,0.214,0.786,0.757,0.700
396,13.200,7.616,0.000,-56.944,0.000,1,0,0,0.000,0.356,3,0,0.862,2,1.414,0.000,0.200,0.442,4.550,0.769,3.443,0.115,0.189,0.811,0.366,0.700
399,13.300,4.243,0.000,-3.373,0.000,1,0,0,0.000,0.364,3,0,0.862,2,2.000,0.444,0.233,0.449,3.352,0.843,3.662,0.530,0.188,0.812,0.316,0.700
402,13.400,5.385,0.000,1.143,0.000,1,1,0,0.000,0.767,3,0,0.862,2,2.828,1.688,0.267,0.456,3.218,0.871,3.807,1.053,0.190,0.810,0.401,0.700
405,13.500,3.000,0.000,-2.385,0.000,1,1,0,0.000,1.166,3,0,0.897,2,5.000,5.800,0.300,0.460,3.026,0.899,4.057,0.558,0.185,0.815,0.385,0.700
408,13.600,0.000,0.000,0.000,0.000,0,0,0,0.000,0.000,3,0,0.931,0,5.000,5.800,0.300,0.460,3.095,0.662,2.169,0.897,0.171,0.829,0.137,0.700
411,13.700,19.416,0.000,16.416,0.000,1,1,0,0.000,1.395,3,0,0.966,2,4.123,8.514,0.333,0.448,4.627,0.801,2.015,1.161,0.201,0.799,0.527,0.700
414,13.800,20.518,0.000,1.102,0.000,1,1,0,0.000,1.613,4,1,0.931,3,4.123,8.514,0.367,0.443,4.465,0.850,2.027,0.256,0.186,0.814,0.645,0.750
417,13.900,32.140,0.000,11.622,0.000,1,1,0,0.000,1.526,4,0,0.931,3,4.123,8.514,0.400,0.440,5.023,0.552,2.049,1.927,0.149,0.851,0.748,0.700
420,14.000,16.763,0.000,-15.377,0.000,1,1,0,0.000,1.502,4,0,0.931,3,4.123,8.514,0.433,0.437,5.260,0.367,1.014,0.075,0.130,0.870,0.686,0.350
423,14.100,31.401,0.000,29.165,0.000,2,1,0,31.401,1.733,4,0,0.931,6,4.123,8.514,0.467,0.418,4.647,0.628,0.748,0.298,0.145,0.855,0.833,0.650
426,14.200,55.036,0.000,23.636,0.000,1,1,0,0.000,1.845,4,0,0.931,3,109.836,601.305,0.500,0.417,3.093,0.798,0.287,2.819,0.121,0.879,0.766,0.650
429,14.300,33.106,0.000,-21.930,0.000,1,1,0,0.000,1.501,4,0,0.966,3,115.434,892.950,0.533,0.417,2.596,0.550,0.170,0.312,0.117,0.883,0.709,0.641
432,14.400,16.971,0.000,-16.135,0.000,1,1,0,0.000,1.336,4,0,0.966,3,0.000,844.826,0.567,0.417,2.178,0.679,0.073,0.738,0.115,0.885,0.604,0.350
435,14.500,14.142,0.000,-2.828,0.000,1,1,0,0.000,1.167,4,0,0.966,3,160.702,1345.329,0.600,0.416,2.091,0.844,0.023,0.296,0.116,0.884,0.579,0.750
438,14.600,51.662,0.000,37.520,0.000,1,1,0,0.000,1.119,4,0,0.966,3,67.742,1396.538,0.633,0.416,2.807,0.705,0.229,0.387,0.125,0.875,0.782,0.450
441,14.700,30.414,0.000,-21.249,0.000,1,1,0,0.000,1.139,3,1,0.931,2,67.742,1396.538,0.667,0.419,2.186,0.534,0.506,1.138,0.117,0.883,0.586,0.750
444,14.800,5.657,0.000,-24.757,0.000,1,1,0,0.000,0.966,3,0,0.931,2,53.339,1405.777,0.700,0.422,1.748,0.664,0.709,0.363,0.120,0.880,0.433,0.580
447,14.900,81.492,0.000,75.835,0.000,1,1,0,0.000,0.914,3,0,0.931,2,53.339,1405.777,0.733,0.425,3.647,0.601,0.856,1.353,0.142,0.858,0.707,0.550
450,15.000,0.000,467.239,0.000,234.817,1,0,0,0.000,0.000,3,0,0.931,2,53.339,1405.777,0.767,0.428,4.908,0.730,0.984,2.581,0.188,0.812,0.654,0.550
453,15.100,0.000,15.133,0.000,-452.106,1,0,0,0.000,1.511,3,0,0.931,2,53.339,1405.777,0.800,0.428,2.526,0.657,0.785,1.013,0.141,0.859,0.437,0.580
456,15.200,0.000,21.024,0.000,5.891,1,0,0,0.000,0.798,3,0,0.931,2,53.339,1405.777,0.833,0.428,3.966,0.919,0.778,0.825,0.168,0.832,0.492,0.000
459,15.300,0.000,31.575,0.000,10.552,1,0,0,0.000,1.500,4,1,0.897,3,53.339,1405.777,0.867,0.428,2.533,0.603,0.867,0.292,0.104,0.896,0.656,0.750
462,15.400,0.000,16.125,0.000,-15.451,1,0,1,0.000,1.204,4,0,0.897,3,53.339,1405.777,0.900,0.428,2.383,0.295,0.990,0.599,0.082,0.918,0.672,0.580
465,15.500,0.000,24.331,0.000,8.207,1,0,1,0.000,0.971,4,0,0.897,3,53.339,1405.777,0.933,0.428,3.189,0.291,1.082,0.146,0.077,0.923,0.742,0.350
468,15.600,0.000,20.100,0.000,-15.970,2,0,1,20.100,0.886,3,1,0.862,4,53.339,1405.777,0.967,0.419,3.573,0.405,1.145,0.128,0.081,0.919,0.719,0.750
471,15.700,0.000,27.295,0.000,7.195,1,0,1,0.000,0.941,3,0,0.862,2,53.339,1405.777,0.967,0.419,3.671,0.088,1.470,0.252,0.118,0.882,0.673,0.700
474,15.800,0.000,24.021,0.000,-3.274,1,0,1,0.000,0.924,3,0,0.862,2,53.339,1405.777,0.967,0.426,4.247,0.465,1.268,0.922,0.145,0.855,0.643,0.350
477,15.900,0.000,12.083,0.000,-11.938,1,0,1,0.000,1.062,4,1,0.828,3,303.117,3291.671,0.967,0.426,4.797,0.892,0.996,1.023,0.161,0.839,0.676,0.750
480,16.000,0.000,5.000,0.000,-7.083,1,0,1,0.000,0.726,4,0,0.828,3,8.944,4838.417,0.967,0.426,3.589,0.822,0.686,0.251,0.168,0.832,0.611,0.580
483,16.100,261.293,6.325,179.801,1.325,2,1,1,386.419,1.004,4,0,0.828,6,0.000,6060.950,0.967,0.417,3.793,0.716,0.431,2.194,0.175,0.825,0.941,0.650
486,16.200,22.361,5.099,-238.932,-1.226,2,1,1,359.614,1.180,3,1,0.793,4,0.000,6130.975,0.967,0.417,7.020,0.882,0.214,0.209,0.193,0.807,0.784,0.750
489,16.300,9.220,7.616,-13.141,2.517,2,1,1,361.935,1.175,3,0,0.793,4,0.000,6103.174,0.967,0.417,6.486,0.949,0.251,0.345,0.177,0.823,0.693,0.580
492,16.400,15.133,2.828,5.913,-4.787,2,1,1,363.101,1.235,3,0,0.793,4,0.000,5620.539,0.967,0.417,4.486,0.888,0.609,0.320,0.173,0.827,0.680,0.350
495,16.500,11.180,3.162,-3.952,0.334,2,1,1,363.319,1.128,3,0,0.793,4,4.243,5020.504,0.967,0.408,4.582,0.929,0.632,0.116,0.176,0.824,0.658,0.580
498,16.600,17.029,6.325,5.849,3.162,2,1,1,363.979,1.071,3,0,0.793,4,8.000,4961.385,1.000,0.408,4.585,0.918,0.476,0.386,0.179,0.821,0.695,0.350
501,16.700,21.471,7.000,4.442,0.675,2,1,1,356.350,0.991,3,0,0.828,4,10.000,4905.620,1.000,0.399,4.626,0.913,0.613,0.125,0.169,0.831,0.721,0.350
504,16.800,350.488,0.000,-3.976,0.000,2,1,0,350.488,1.140,3,0,0.828,4,10.000,4905.620,1.000,0.389,4.407,0.924,0.705,0.157,0.169,0.831,0.845,0.500
507,16.900,360.555,360.169,10.067,353.169,2,1,1,368.741,1.522,3,0,0.828,4,10.000,4905.620,1.000,0.379,6.031,0.521,0.934,1.148,0.170,0.830,0.914,0.500
510,17.000,383.273,382.498,22.718,22.329,2,1,1,397.247,1.569,3,0,0.828,4,10.000,4905.620,1.000,0.379,5.615,0.638,1.393,0.085,0.176,0.824,0.896,0.350
513,17.100,4.472,12.649,-378.801,-369.849,2,1,1,414.334,1.434,3,0,0.828,4,10.000,4905.620,1.000,0.369,2.782,0.846,1.973,0.988,0.145,0.855,0.631,0.700
516,17.200,7.616,4.000,3.144,-8.649,2,1,1,412.622,1.617,3,0,0.828,4,10.000,4905.620,1.000,0.369,1.821,0.750,2.233,0.251,0.106,0.894,0.585,0.700
519,17.300,5.000,5.099,-2.616,1.099,2,1,1,412.626,1.733,3,0,0.828,2,10.000,4905.620,1.000,0.369,1.651,0.860,1.982,0.456,0.112,0.888,0.499,0.700
522,17.400,5.000,9.220,0.000,4.121,2,1,1,418.629,1.665,3,0,0.828,4,70.725,5102.188,1.000,0.369,1.337,0.381,1.541,1.522,0.104,0.896,0.608,0.700
525,17.500,10.440,7.810,5.440,-1.409,2,1,1,426.882,1.581,3,0,0.828,4,5.099,4227.614,1.000,0.358,1.577,0.353,1.011,0.868,0.108,0.892,0.623,0.580
528,17.600,420.577,0.000,3.150,0.000,2,1,0,420.577,1.577,3,0,0.862,4,5.099,4227.614,1.000,0.369,4.504,0.655,0.805,0.519,0.173,0.827,0.867,0.500
531,17.700,6.000,0.000,-414.577,0.000,1,1,0,0.000,1.333,3,0,0.862,2,5.099,4227.614,1.000,0.369,3.851,0.566,0.788,0.305,0.157,0.843,0.530,0.650
534,17.800,4.123,248.783,-1.877,240.973,2,1,1,254.637,1.443,3,0,0.862,4,5.099,4227.614,1.000,0.369,6.641,0.541,0.149,1.440,0.179,0.821,0.928,0.650
537,17.900,7.616,44.721,3.493,-204.062,2,1,1,204.299,1.378,3,0,0.862,4,5.099,4227.614,1.000,0.369,5.574,0.784,0.095,1.294,0.172,0.828,0.883,0.450
540,18.000,6.083,30.000,-1.533,-14.721,2,1,1,181.408,1.327,4,1,0.828,5,5.099,4227.614,1.000,0.369,6.003,0.873,0.082,0.061,0.170,0.830,0.906,0.750
543,18.100,10.000,21.633,3.917,-8.367,2,1,1,151.753,1.503,4,0,0.828,5,5.099,4227.614,1.000,0.369,4.770,0.890,0.008,0.168,0.165,0.835,0.827,0.580
546,18.200,23.431,20.248,13.431,-1.385,2,1,1,161.375,1.730,4,0,0.862,5,5.099,4227.614,1.000,0.369,3.299,0.703,0.094,0.655,0.134,0.866,0.813,0.580
549,18.300,0.000,18.682,0.000,-1.567,1,0,1,0.000,1.034,3,1,0.828,1,5.099,4227.614,1.000,0.369,4.565,0.760,0.202,0.227,0.155,0.845,0.545,0.750
552,18.400,0.000,13.342,0.000,-5.340,1,0,1,0.000,1.091,3,0,0.828,1,5.099,4227.614,1.000,0.379,3.642,0.925,0.318,0.132,0.160,0.840,0.480,0.580
555,18.500,0.000,7.280,0.000,-6.062,1,0,1,0.000,1.165,3,0,0.862,1,5.099,4227.614,1.000,0.389,2.594,0.646,0.712,0.640,0.144,0.856,0.440,0.580
558,18.600,0.000,9.849,0.000,2.569,1,0,1,0.000,1.042,3,0,0.862,1,5.099,4227.614,1.000,0.399,3.068,0.575,1.095,0.475,0.160,0.840,0.471,0.580
561,18.700,0.000,12.806,0.000,2.957,1,0,1,0.000,1.198,3,0,0.862,1,5.099,4227.614,1.000,0.399,3.248,0.600,0.954,0.299,0.172,0.828,0.490,0.580
564,18.800,0.000,10.296,0.000,-2.511,1,0,1,0.000,1.161,3,0,0.897,1,5.099,4227.614,1.000,0.408,3.637,0.880,0.643,0.839,0.176,0.824,0.467,0.580
567,18.900,0.000,6.708,0.000,-3.587,1,0,1,0.000,1.209,4,1,0.862,2,5.099,4227.614,1.000,0.417,1.941,0.785,0.355,0.079,0.138,0.862,0.541,0.750
570,19.000,0.000,8.602,0.000,1.894,1,0,1,0.000,1.307,4,0,0.862,2,5.099,4227.614,1.000,0.417,1.474,0.445,0.155,1.795,0.119,0.881,0.563,0.580
573,19.100,0.000,2.000,0.000,-6.602,1,0,1,0.000,1.374,4,0,0.897,2,108.416,4320.059,1.000,0.426,0.972,0.205,0.074,0.656,0.096,0.904,0.531,0.602
576,19.200,0.000,7.071,0.000,5.071,1,0,1,0.000,1.386,3,1,0.862,1,108.416,4320.059,1.000,0.426,1.510,0.542,0.231,1.978,0.116,0.884,0.419,0.750
579,19.300,0.000,2.000,0.000,-5.071,1,0,1,0.000,1.271,3,0,0.862,1,108.416,4320.059,1.000,0.435,1.654,0.604,0.223,0.006,0.117,0.883,0.390,0.602
582,19.400,0.000,8.602,0.000,6.602,1,0,1,0.000,1.435,3,0,0.862,1,108.416,4320.059,1.000,0.444,2.351,0.890,0.430,0.842,0.147,0.853,0.424,0.602
585,19.500,0.000,11.705,0.000,3.102,1,0,1,0.000,1.451,3,0,0.862,1,108.416,4320.059,1.000,0.453,3.010,0.806,0.589,1.852,0.156,0.844,0.464,0.602
588,19.600,0.000,8.544,0.000,-3.161,1,0,1,0.000,1.625,3,0,0.862,1,108.416,4320.059,1.000,0.453,3.729,0.912,0.733,0.437,0.172,0.828,0.457,0.602
591,19.700,208.000,0.000,184.569,0.000,1,1,0,0.000,1.657,3,0,0.862,1,108.416,4320.059,1.000,0.462,2.466,0.472,0.778,0.878,0.150,0.850,0.659,0.602
594,19.800,0.000,0.000,0.000,0.000,0,0,0,0.000,0.000,3,0,0.862,0,108.416,4320.059,0.967,0.462,2.219,0.855,0.758,1.356,0.142,0.858,0.182,0.650
597,19.900,0.000,0.000,0.000,0.000,0,0,0,0.000,0.000,3,0,0.862,0,108.416,4320.059,0.933,0.462,2.612,0.567,0.851,1.040,0.144,0.856,0.208,0.602
600,20.000,0.000,0.000,0.000,0.000,0,0,0,0.000,0.000,3,0,0.862,0,108.416,4320.059,0.900,0.462,2.814,0.739,0.840,0.024,0.150,0.850,0.197,0.602
603,20.100,0.000,0.000,0.000,0.000,0,0,0,0.000,0.000,3,0,0.862,0,108.416,4320.059,0.867,0.462,3.065,0.804,0.731,0.950,0.163,0.837,0.194,0.602
606,20.200,0.000,0.000,0.000,0.000,0,0,0,0.000,0.000,3,0,0.862,0,108.416,4320.059,0.833,0.462,4.458,0.934,0.746,0.061,0.195,0.805,0.216,0.602
609,20.300,0.000,0.000,0.000,0.000,0,0,0,0.000,0.000,3,0,0.862,0,108.416,4320.059,0.800,0.462,4.815,0.864,0.789,0.254,0.182,0.818,0.226,0.602
612,20.400,0.000,0.000,0.000,0.000,0,0,0,0.000,0.000,3,0,0.862,0,108.416,4320.059,0.767,0.462,3.299,0.832,0.883,0.245,0.169,0.831,0.186,0.602
615,20.500,0.000,0.000,0.000,0.000,0,0,0,0.000,0.000,3,0,0.862,0,108.416,4320.059,0.733,0.462,3.363,0.814,0.888,1.172,0.175,0.825,0.185,0.602
618,20.600,0.000,0.000,0.000,0.000,0,0,0,0.000,0.000,3,0,0.862,0,108.416,4320.059,0.700,0.462,2.121,0.804,0.785,0.524,0.147,0.853,0.151,0.602
621,20.700,0.000,0.000,0.000,0.000,0,0,0,0.000,0.000,3,0,0.862,0,108.416,4320.059,0.667,0.462,4.163,0.865,0.502,2.469,0.179,0.821,0.194,0.602
624,20.800,0.000,0.000,0.000,0.000,0,0,0,0.000,0.000,3,0,0.862,0,108.416,4320.059,0.633,0.462,2.771,0.757,0.273,1.947,0.159,0.841,0.162,0.602
627,20.900,0.000,0.000,0.000,0.000,0,0,0,0.000,0.000,3,0,0.897,0,108.416,4320.059,0.600,0.462,5.112,0.832,0.031,0.891,0.202,0.798,0.212,0.602
630,21.000,0.000,255.384,0.000,246.840,1,0,1,0.000,1.631,4,1,0.862,2,108.416,4320.059,0.600,0.275,4.569,0.690,0.259,1.005,0.177,0.823,0.778,0.750
633,21.100,0.000,55.444,0.000,-199.940,1,0,1,0.000,1.578,4,0,0.862,2,108.416,4320.059,0.600,0.275,6.295,0.807,0.598,0.258,0.178,0.822,0.813,0.602
636,21.200,316.938,43.658,108.938,-11.786,2,1,1,25.000,1.367,4,0,0.897,4,108.416,4320.059,0.600,0.275,5.474,0.739,0.900,0.274,0.187,0.813,0.937,0.650
639,21.300,0.000,22.091,0.000,-21.567,1,0,1,0.000,1.182,3,1,0.862,2,108.416,4320.059,0.600,0.275,3.924,0.811,1.169,0.322,0.160,0.840,0.556,0.750
642,21.400,0.000,0.000,0.000,0.000,0,0,0,0.000,0.000,3,0,0.862,0,108.416,4320.059,0.567,0.275,6.396,0.634,1.680,0.210,0.186,0.814,0.254,0.700
645,21.500,0.000,73.980,0.000,51.889,1,0,1,0.000,1.174,3,0,0.862,2,249.730,5271.934,0.567,0.285,6.462,0.601,2.203,1.905,0.184,0.816,0.757,0.750
648,21.600,0.000,23.022,0.000,-50.958,1,0,1,0.000,1.278,3,0,0.862,2,6.708,5618.399,0.567,0.285,6.064,0.742,2.476,0.048,0.184,0.816,0.616,0.700
651,21.700,0.000,0.000,0.000,0.000,0,0,0,0.000,0.000,3,0,0.862,0,6.708,5618.399,0.533,0.285,3.653,0.534,2.728,0.027,0.170,0.830,0.188,0.700
654,21.800,0.000,0.000,0.000,0.000,0,0,0,0.000,0.000,3,0,0.897,0,6.708,5618.399,0.500,0.285,3.462,0.169,2.205,0.437,0.182,0.818,0.205,0.700
657,21.900,0.000,44.011,0.000,20.990,1,0,1,0.000,1.358,3,0,0.897,2,6.708,5618.399,0.500,0.297,4.403,0.590,1.770,0.412,0.194,0.806,0.693,0.700
660,22.000,0.000,38.897,0.000,-5.114,1,0,1,0.000,1.548,3,0,0.897,2,6.708,5618.399,0.500,0.297,4.297,0.585,1.759,0.597,0.202,0.798,0.663,0.700
663,22.100,0.000,19.000,0.000,-19.897,1,0,1,0.000,1.497,3,0,0.931,2,6.708,5618.399,0.500,0.297,6.433,0.694,1.768,0.304,0.228,0.772,0.598,0.700
666,22.200,0.000,7.280,0.000,-11.720,1,0,1,0.000,1.408,3,0,0.931,2,6.708,5618.399,0.500,0.302,7.160,0.623,2.206,0.189,0.232,0.768,0.556,0.700
669,22.300,0.000,6.083,0.000,-1.197,1,0,1,0.000,1.362,3,0,0.931,2,6.708,5618.399,0.500,0.302,7.801,0.508,2.307,0.821,0.235,0.765,0.573,0.700
672,22.400,0.000,12.083,0.000,6.000,1,0,1,0.000,1.452,3,0,0.931,2,6.708,5618.399,0.500,0.307,7.656,0.513,2.867,0.188,0.228,0.772,0.603,0.700
675,22.500,0.000,4.123,0.000,-7.960,1,0,1,0.000,1.527,3,0,0.931,2,6.708,5618.399,0.500,0.307,8.729,0.476,2.514,0.039,0.222,0.778,0.570,0.700
678,22.600,0.000,38.833,0.000,36.597,2,0,1,38.833,1.131,3,0,0.931,4,6.708,5618.399,0.500,0.307,7.434,0.666,2.577,1.478,0.215,0.785,0.845,0.700
681,22.700,0.000,62.394,0.000,1.723,2,0,1,62.394,1.362,3,0,0.931,4,6.708,5618.399,0.500,0.312,8.216,0.729,1.978,0.774,0.217,0.783,0.889,0.700
684,22.800,0.000,0.000,0.000,0.000,0,0,0,0.000,0.000,3,0,0.931,0,6.708,5618.399,0.500,0.312,10.012,0.427,1.894,0.591,0.205,0.795,0.300,0.700
687,22.900,0.000,0.000,0.000,0.000,0,0,0,0.000,0.000,3,0,0.931,0,6.708,5618.399,0.500,0.312,8.150,0.459,2.272,0.409,0.204,0.796,0.298,0.700
690,23.000,0.000,0.000,0.000,0.000,0,0,0,0.000,0.000,3,0,0.931,0,6.708,5618.399,0.500,0.312,7.320,0.361,1.990,1.209,0.192,0.808,0.288,0.700
693,23.100,0.000,0.000,0.000,0.000,0,0,0,0.000,0.000,3,0,0.931,0,6.708,5618.399,0.500,0.312,6.496,0.203,1.751,1.308,0.183,0.817,0.278,0.700
696,23.200,0.000,0.000,0.000,0.000,0,0,0,0.000,0.000,3,0,0.931,0,6.708,5618.399,0.500,0.312,6.465,0.443,1.612,0.692,0.180,0.820,0.261,0.700
699,23.300,0.000,0.000,0.000,0.000,0,0,0,0.000,0.000,3,0,0.931,0,6.708,5618.399,0.500,0.312,7.787,0.227,1.766,0.799,0.193,0.807,0.309,0.700
702,23.400,0.000,0.000,0.000,0.000,0,0,0,0.000,0.000,3,0,0.931,0,6.708,5618.399,0.500,0.312,8.887,0.590,2.010,0.908,0.194,0.806,0.289,0.700
705,23.500,0.000,0.000,0.000,0.000,0,0,0,0.000,0.000,3,0,0.931,0,6.708,5618.399,0.500,0.312,8.454,0.498,2.233,0.154,0.198,0.802,0.295,0.700
708,23.600,0.000,0.000,0.000,0.000,0,0,0,0.000,0.000,3,0,0.931,0,6.708,5618.399,0.500,0.312,7.771,0.545,2.460,0.741,0.206,0.794,0.286,0.700
711,23.700,0.000,0.000,0.000,0.000,0,0,0,0.000,0.000,3,0,0.931,0,6.708,5618.399,0.500,0.312,8.051,0.591,2.523,0.419,0.197,0.803,0.289,0.700
714,23.800,0.000,267.526,0.000,205.132,1,0,1,0.000,1.613,3,0,0.931,2,224.179,5079.354,0.533,0.305,7.623,0.561,2.205,0.706,0.195,0.805,0.785,0.750
717,23.900,0.000,103.755,0.000,-163.771,1,0,1,0.000,1.876,3,0,0.966,2,0.000,4820.289,0.567,0.309,7.967,0.487,1.929,0.568,0.203,0.797,0.803,0.700
720,24.000,0.000,57.271,0.000,-46.483,1,0,1,0.000,1.757,3,0,0.966,2,0.000,5306.709,0.567,0.309,6.719,0.550,1.674,0.102,0.148,0.852,0.767,0.700
723,24.100,0.000,38.210,0.000,-19.061,1,0,1,0.000,1.882,3,0,0.966,2,0.000,5451.474,0.567,0.305,6.541,0.530,1.234,0.113,0.134,0.866,0.727,0.350
726,24.200,19.026,0.000,-297.912,0.000,1,1,0,0.000,1.527,3,0,1.000,1,79.931,5500.319,0.567,0.305,7.699,0.122,1.116,0.737,0.166,0.834,0.618,0.580
729,24.300,0.000,0.000,0.000,0.000,0,0,0,0.000,0.000,3,0,1.000,0,79.931,5500.319,0.533,0.305,7.877,0.410,0.931,0.017,0.147,0.853,0.302,0.650
732,24.400,0.000,0.000,0.000,0.000,0,0,0,0.000,0.000,3,0,1.000,0,79.931,5500.319,0.533,0.305,9.317,0.325,0.563,1.434,0.144,0.856,0.311,0.580
735,24.500,0.000,0.000,0.000,0.000,0,0,0,0.000,0.000,3,0,1.000,0,79.931,5500.319,0.500,0.305,6.099,0.664,0.530,0.414,0.132,0.868,0.236,0.580
738,24.600,0.000,0.000,0.000,0.000,0,0,0,0.000,0.000,3,0,1.000,0,79.931,5500.319,0.467,0.305,12.549,0.077,0.455,1.401,0.282,0.718,0.321,0.580
741,24.700,0.000,0.000,0.000,0.000,0,0,0,0.000,0.000,3,0,1.000,0,79.931,5500.319,0.467,0.305,2.016,0.648,0.655,2.371,0.156,0.844,0.131,0.580
744,24.800,0.000,0.000,0.000,0.000,0,0,0,0.000,0.000,3,0,1.000,0,79.931,5500.319,0.467,0.305,2.131,0.745,0.443,0.521,0.144,0.856,0.127,0.580
747,24.900,0.000,0.000,0.000,0.000,0,0,0,0.000,0.000,3,0,1.000,0,79.931,5500.319,0.433,0.305,2.217,0.814,0.062,1.740,0.141,0.859,0.120,0.580
750,25.000,0.000,0.000,0.000,0.000,0,0,0,0.000,0.000,3,0,1.000,0,79.931,5500.319,0.400,0.305,2.443,0.610,0.512,1.047,0.119,0.881,0.136,0.580
753,25.100,0.000,0.000,0.000,0.000,0,0,0,0.000,0.000,3,0,1.000,0,79.931,5500.319,0.367,0.305,1.535,0.506,1.388,0.000,0.101,0.899,0.117,0.580
756,25.200,0.000,0.000,0.000,0.000,0,0,0,0.000,0.000,3,0,1.000,0,79.931,5500.319,0.333,0.305,2.524,0.453,2.069,3.139,0.122,0.878,0.141,0.700
759,25.300,0.000,0.000,0.000,0.000,0,0,0,0.000,0.000,3,0,1.000,0,79.931,5500.319,0.300,0.305,2.597,0.518,2.613,1.008,0.117,0.883,0.135,0.700
762,25.400,0.000,0.000,0.000,0.000,0,0,0,0.000,0.000,3,0,1.000,0,79.931,5500.319,0.267,0.305,7.379,0.145,2.976,0.567,0.165,0.835,0.276,0.700
765,25.500,0.000,0.000,0.000,0.000,0,0,0,0.000,0.000,3,0,1.000,0,79.931,5500.319,0.233,0.305,7.665,0.459,3.056,0.544,0.158,0.842,0.257,0.700
768,25.600,0.000,0.000,0.000,0.000,0,0,0,0.000,0.000,3,0,1.000,0,79.931,5500.319,0.200,0.305,7.592,0.658,2.748,1.817,0.163,0.837,0.238,0.700
771,25.700,0.000,0.000,0.000,0.000,0,0,0,0.000,0.000,3,0,1.000,0,79.931,5500.319,0.167,0.305,3.272,0.836,2.459,1.892,0.138,0.862,0.113,0.700
774,25.800,0.000,0.000,0.000,0.000,0,0,0,0.000,0.000,4,1,0.966,0,79.931,5500.319,0.167,0.305,2.205,0.738,2.758,0.564,0.118,0.882,0.193,0.750
777,25.900,0.000,0.000,0.000,0.000,0,0,0,0.000,0.000,4,0,0.966,0,79.931,5500.319,0.167,0.305,3.989,0.749,3.943,2.578,0.136,0.864,0.237,0.700
780,26.000,0.000,0.000,0.000,0.000,0,0,0,0.000,0.000,4,0,0.966,0,79.931,5500.319,0.167,0.305,2.744,0.611,3.933,0.853,0.113,0.887,0.216,0.700
783,26.100,0.000,0.000,0.000,0.000,0,0,0,0.000,0.000,4,0,0.966,0,79.931,5500.319,0.167,0.305,6.576,0.850,3.720,0.672,0.156,0.844,0.295,0.700
786,26.200,0.000,0.000,0.000,0.000,0,0,0,0.000,0.000,4,0,0.966,0,79.931,5500.319,0.167,0.305,2.791,0.818,2.807,2.730,0.126,0.874,0.203,0.700
789,26.300,0.000,0.000,0.000,0.000,0,0,0,0.000,0.000,4,0,0.966,0,79.931,5500.319,0.167,0.305,15.417,0.274,1.840,2.160,0.327,0.673,0.371,0.700
792,26.400,0.000,447.644,0.000,409.434,1,0,1,0.000,2.086,4,0,0.966,2,79.931,5500.319,0.200,0.270,5.864,0.280,1.031,2.123,0.156,0.844,0.791,0.650
795,26.500,625.844,0.000,606.818,0.000,1,1,0,0.000,1.709,4,0,0.966,2,79.931,5500.319,0.233,0.270,8.888,0.094,0.685,1.638,0.164,0.836,0.861,0.550
798,26.600,0.000,0.000,0.000,0.000,0,0,0,0.000,0.000,4,0,0.966,0,79.931,5500.319,0.233,0.270,9.099,0.240,0.363,1.132,0.171,0.829,0.381,0.650
801,26.700,0.000,0.000,0.000,0.000,0,0,0,0.000,0.000,4,1,0.931,0,79.931,5500.319,0.233,0.270,5.977,0.540,0.046,0.121,0.151,0.849,0.310,0.750
804,26.800,0.000,0.000,0.000,0.000,0,0,0,0.000,0.000,4,0,0.931,0,79.931,5500.319,0.200,0.270,5.336,0.308,0.141,0.850,0.148,0.852,0.306,0.580
807,26.900,0.000,0.000,0.000,0.000,0,0,0,0.000,0.000,4,0,0.931,0,79.931,5500.319,0.167,0.270,6.330,0.365,0.297,1.286,0.172,0.828,0.323,0.580
810,27.000,0.000,0.000,0.000,0.000,0,0,0,0.000,0.000,3,1,0.897,0,79.931,5500.319,0.133,0.270,6.841,0.309,0.290,0.163,0.187,0.813,0.235,0.750
813,27.100,0.000,0.000,0.000,0.000,0,0,0,0.000,0.000,3,0,0.897,0,79.931,5500.319,0.100,0.270,7.970,0.260,0.251,0.026,0.194,0.806,0.263,0.580
816,27.200,0.000,0.000,0.000,0.000,0,0,0,0.000,0.000,3,0,0.897,0,79.931,5500.319,0.067,0.270,9.404,0.431,0.235,0.028,0.197,0.803,0.248,0.580
819,27.300,0.000,0.000,0.000,0.000,0,0,0,0.000,0.000,5,1,0.862,0,79.931,5500.319,0.067,0.270,10.801,0.678,0.450,0.002,0.199,0.801,0.331,0.750
822,27.400,0.000,0.000,0.000,0.000,0,0,0,0.000,0.000,5,0,0.862,0,79.931,5500.319,0.067,0.270,9.525,0.585,0.741,0.013,0.209,0.791,0.337,0.580
825,27.500,0.000,0.000,0.000,0.000,0,0,0,0.000,0.000,5,0,0.862,0,79.931,5500.319,0.067,0.270,9.278,0.509,1.034,0.071,0.203,0.797,0.342,0.580
828,27.600,0.000,0.000,0.000,0.000,0,0,0,0.000,0.000,6,0,0.862,0,79.931,5500.319,0.067,0.270,9.995,0.680,1.254,0.030,0.201,0.799,0.330,0.580
831,27.700,0.000,0.000,0.000,0.000,0,0,0,0.000,0.000,6,0,0.862,0,79.931,5500.319,0.067,0.270,8.149,0.578,2.023,0.068,0.199,0.801,0.338,0.700
834,27.800,0.000,0.000,0.000,0.000,0,0,0,0.000,0.000,6,0,0.862,0,79.931,5500.319,0.067,0.270,7.297,0.603,2.196,0.278,0.211,0.789,0.318,0.700
837,27.900,0.000,0.000,0.000,0.000,0,0,0,0.000,0.000,4,1,0.828,0,79.931,5500.319,0.067,0.270,14.500,0.174,0.935,0.658,0.316,0.684,0.366,0.750
840,28.000,0.000,0.000,0.000,0.000,0,0,0,0.000,0.000,4,0,0.828,0,79.931,5500.319,0.067,0.270,1.630,0.544,1.045,0.673,0.146,0.854,0.181,0.580
843,28.100,0.000,0.000,0.000,0.000,0,0,0,0.000,0.000,4,0,0.828,0,79.931,5500.319,0.067,0.270,1.331,0.517,0.771,0.146,0.127,0.873,0.175,0.580
846,28.200,0.000,0.000,0.000,0.000,0,0,0,0.000,0.000,4,0,0.828,0,79.931,5500.319,0.067,0.270,1.882,0.832,0.490,1.333,0.160,0.840,0.167,0.580
849,28.300,0.000,0.000,0.000,0.000,0,0,0,0.000,0.000,4,0,0.828,0,79.931,5500.319,0.067,0.270,1.412,0.778,0.358,0.064,0.134,0.866,0.159,0.580
852,28.400,0.000,0.000,0.000,0.000,0,0,0,0.000,0.000,4,0,0.828,0,79.931,5500.319,0.067,0.270,1.366,0.800,0.236,0.589,0.136,0.864,0.156,0.580
855,28.500,0.000,0.000,0.000,0.000,0,0,0,0.000,0.000,5,1,0.793,0,79.931,5500.319,0.067,0.270,1.086,0.802,0.156,0.532,0.124,0.876,0.149,0.750
858,28.600,0.000,0.000,0.000,0.000,0,0,0,0.000,0.000,5,0,0.793,0,79.931,5500.319,0.067,0.270,1.123,0.882,0.056,0.084,0.126,0.874,0.144,0.580
861,28.700,0.000,0.000,0.000,0.000,0,0,0,0.000,0.000,5,0,0.828,0,79.931,5500.319,0.067,0.270,1.101,0.851,0.093,0.844,0.123,0.877,0.146,0.580
864,28.800,0.000,0.000,0.000,0.000,0,0,0,0.000,0.000,4,1,0.793,0,79.931,5500.319,0.067,0.270,1.149,0.731,0.390,0.180,0.092,0.908,0.156,0.750
867,28.900,0.000,0.000,0.000,0.000,0,0,0,0.000,0.000,4,0,0.793,0,79.931,5500.319,0.067,0.270,4.005,0.202,0.784,0.336,0.134,0.866,0.264,0.580
870,29.000,0.000,0.000,0.000,0.000,0,0,0,0.000,0.000,4,0,0.793,0,79.931,5500.319,0.067,0.270,4.132,0.609,1.042,1.625,0.153,0.847,0.239,0.580
873,29.100,0.000,0.000,0.000,0.000,0,0,0,0.000,0.000,4,0,0.793,0,79.931,5500.319,0.067,0.270,5.024,0.635,1.414,0.395,0.164,0.836,0.259,0.700
876,29.200,0.000,0.000,0.000,0.000,0,0,0,0.000,0.000,4,0,0.793,0,79.931,5500.319,0.067,0.270,7.091,0.624,1.604,1.306,0.180,0.820,0.312,0.700
879,29.300,0.000,0.000,0.000,0.000,0,0,0,0.000,0.000,4,0,0.793,0,79.931,5500.319,0.067,0.270,3.837,0.830,2.041,1.703,0.173,0.827,0.216,0.700
882,29.400,271.884,0.000,-353.960,0.000,1,1,0,0.000,1.884,6,1,0.759,2,33.541,5460.467,0.067,0.261,15.592,0.087,2.857,1.226,0.316,0.684,0.812,0.750
885,29.500,6.708,0.000,-265.176,0.000,1,1,0,0.000,1.832,6,0,0.759,2,108.042,5524.669,0.067,0.261,3.796,0.431,2.363,2.212,0.142,0.858,0.470,0.700
888,29.600,25.456,0.000,18.748,0.000,1,1,0,0.000,1.697,6,0,0.793,2,20.591,5447.638,0.100,0.259,2.813,0.328,1.626,0.236,0.108,0.892,0.561,0.700
891,29.700,9.487,0.000,-15.969,0.000,1,1,0,0.000,1.449,6,0,0.793,2,70.725,4926.987,0.133,0.257,2.862,0.635,1.208,0.775,0.107,0.893,0.456,0.580
894,29.800,5.385,0.000,-4.102,0.000,1,1,0,0.000,1.251,6,0,0.793,2,59.666,3638.185,0.167,0.255,3.229,0.634,1.015,0.461,0.114,0.886,0.446,0.580
897,29.900,3.000,0.000,-2.385,0.000,1,1,0,0.000,1.393,6,0,0.828,2,68.964,2250.844,0.200,0.240,3.338,0.608,0.842,0.176,0.114,0.886,0.442,0.580
900,30.000,9.849,0.000,6.849,0.000,1,1,0,0.000,1.337,6,0,0.828,2,0.000,1157.394,0.233,0.240,1.906,0.558,0.675,0.559,0.099,0.901,0.451,0.580
903,30.100,8.062,0.000,-1.787,0.000,1,1,0,0.000,1.357,6,0,0.828,2,0.000,1061.669,0.267,0.240,1.169,0.390,0.536,0.302,0.077,0.923,0.439,0.580
906,30.200,8.062,0.000,0.000,0.000,1,1,0,0.000,1.153,6,0,0.862,2,0.000,939.504,0.300,0.242,1.383,0.475,0.413,0.387,0.081,0.919,0.442,0.580
909,30.300,12.530,0.000,4.468,0.000,1,1,0,0.000,1.470,6,0,0.862,2,18.028,912.414,0.333,0.242,0.861,0.403,0.282,0.984,0.075,0.925,0.463,0.580
912,30.400,13.601,0.000,1.072,0.000,1,1,0,0.000,1.767,6,0,0.862,2,96.255,1127.079,0.367,0.240,1.653,0.666,0.149,1.468,0.108,0.892,0.474,0.580
915,30.500,33.734,0.000,20.133,0.000,1,1,0,0.000,2.010,6,0,0.862,2,0.000,1142.188,0.400,0.240,4.303,0.830,0.105,2.544,0.156,0.844,0.645,0.550
918,30.600,27.313,0.000,-6.421,0.000,1,1,0,0.000,1.979,6,0,0.862,2,0.000,781.999,0.433,0.236,3.582,0.782,0.022,0.252,0.157,0.843,0.599,0.350
921,30.700,38.079,0.000,10.766,0.000,1,1,0,0.000,1.829,6,0,0.862,2,29.833,761.039,0.467,0.236,3.298,0.695,0.041,0.333,0.156,0.844,0.661,0.350
924,30.800,25.080,0.000,-12.999,0.000,1,1,0,0.000,1.778,6,0,0.897,2,37.643,763.599,0.500,0.236,3.546,0.698,0.009,0.392,0.133,0.867,0.599,0.580
927,30.900,16.401,0.000,-8.679,0.000,1,1,0,0.000,1.575,6,0,0.897,2,31.890,822.039,0.533,0.236,2.316,0.608,0.051,0.460,0.095,0.905,0.530,0.580
930,31.000,22.825,0.000,6.424,0.000,1,1,0,0.000,1.573,6,0,0.897,2,34.132,858.668,0.567,0.236,2.367,0.783,0.211,0.415,0.140,0.860,0.559,0.580
933,31.100,5.000,0.000,-17.825,0.000,1,1,0,0.000,1.432,6,0,0.897,2,33.615,909.787,0.600,0.236,1.625,0.756,0.279,0.173,0.116,0.884,0.447,0.580
936,31.200,7.211,0.000,2.211,0.000,1,1,0,0.000,1.102,6,0,0.897,2,141.014,1329.238,0.633,0.236,0.756,0.298,0.331,1.924,0.054,0.946,0.474,0.750
939,31.300,31.000,0.000,23.789,0.000,1,1,0,0.000,0.874,6,0,0.897,2,33.838,1321.287,0.667,0.236,2.954,0.630,0.390,1.179,0.117,0.883,0.642,0.000
942,31.400,25.080,0.000,-5.920,0.000,1,1,0,0.000,0.806,6,0,0.931,2,19.925,870.308,0.700,0.238,2.609,0.701,0.435,0.062,0.140,0.860,0.600,0.000
945,31.500,24.207,533.414,-0.872,85.770,2,1,1,344.710,2.303,6,0,0.931,6,0.000,862.647,0.733,0.221,2.974,0.735,0.495,0.317,0.116,0.884,0.891,0.650
948,31.600,12.728,0.000,-11.480,0.000,1,1,0,0.000,0.623,6,0,0.931,2,36.401,785.649,0.767,0.221,3.471,0.863,0.496,0.287,0.132,0.868,0.549,0.650
951,31.700,8.602,14.000,-4.126,-519.414,2,1,1,327.086,2.119,6,0,0.966,6,0.000,905.850,0.800,0.194,3.226,0.468,0.452,0.583,0.114,0.886,0.752,0.650
954,31.800,33.136,0.000,24.534,0.000,1,1,0,0.000,0.754,6,0,0.966,2,57.385,928.865,0.833,0.194,4.915,0.545,0.424,0.045,0.151,0.849,0.729,0.650
957,31.900,35.228,0.000,2.092,0.000,1,1,0,0.000,0.507,6,0,0.966,2,136.092,1252.944,0.867,0.462,2.812,0.449,0.338,0.434,0.093,0.907,0.699,0.750
960,32.000,0.000,302.220,0.000,288.220,1,0,1,0.000,1.909,6,0,0.966,2,131.548,1095.274,0.900,0.462,3.246,0.689,0.266,1.031,0.143,0.857,0.751,0.731
963,32.100,17.464,314.916,-17.764,12.696,2,1,1,316.910,2.007,6,0,0.966,6,87.321,1474.868,0.933,0.444,2.011,0.402,0.289,0.510,0.124,0.876,0.914,0.650
966,32.200,324.692,0.000,323.278,0.000,2,1,0,324.692,1.145,6,0,0.966,6,0.000,1605.944,0.967,0.426,1.392,0.387,0.293,0.106,0.096,0.904,0.904,0.500
969,32.300,318.955,6.325,-5.738,-308.591,2,1,1,314.632,1.877,6,0,1.000,6,0.000,1709.369,1.000,0.408,0.859,0.149,0.265,0.413,0.089,0.911,0.911,0.500
972,32.400,5.099,15.000,-313.856,8.675,2,1,1,311.416,1.914,5,1,0.966,6,0.000,1821.069,1.000,0.389,1.611,0.750,0.312,1.598,0.123,0.877,0.721,0.750
975,32.500,15.000,3.000,9.901,-12.000,2,1,1,321.736,1.938,5,0,0.966,6,0.000,1105.720,1.000,0.369,2.026,0.803,0.211,0.282,0.119,0.881,0.728,0.580
978,32.600,21.024,15.133,6.024,12.133,2,1,1,329.328,1.910,5,0,0.966,6,0.000,591.870,1.000,0.347,2.704,0.847,0.146,0.403,0.124,0.876,0.775,0.580
981,32.700,15.033,0.000,-5.990,0.000,1,1,0,0.000,1.971,5,0,0.966,2,95.352,1194.205,1.000,0.347,2.337,0.493,0.008,0.758,0.130,0.870,0.599,0.650
984,32.800,24.331,0.000,9.298,0.000,1,1,0,0.000,1.934,5,0,0.966,2,44.407,1264.300,1.000,0.347,2.804,0.644,0.234,0.137,0.132,0.868,0.652,0.350
987,32.900,20.248,0.000,-4.083,0.000,1,1,0,0.000,1.680,5,0,0.966,2,33.838,1170.744,1.000,0.358,2.839,0.695,0.245,0.376,0.140,0.860,0.627,0.580
990,33.000,11.180,46.141,-9.068,31.008,2,1,1,283.134,1.441,5,1,0.931,6,52.345,1222.889,1.000,0.347,2.283,0.594,0.313,0.470,0.133,0.867,0.915,0.750
993,33.100,7.616,16.279,-3.565,-29.862,2,1,1,286.356,1.478,5,0,0.931,6,34.132,1264.429,1.000,0.347,3.324,0.614,0.199,0.877,0.141,0.859,0.781,0.580
996,33.200,295.610,0.000,275.213,0.000,2,1,0,295.610,0.656,5,0,0.931,6,52.469,1181.777,1.000,0.324,2.996,0.557,0.045,0.383,0.128,0.872,0.936,0.500
999,33.300,305.871,0.000,-3.718,0.000,2,1,0,305.871,1.311,5,0,0.931,6,47.381,1183.694,1.000,0.324,3.741,0.793,0.092,0.289,0.118,0.882,0.938,0.350
1002,33.400,303.817,0.000,-6.653,0.000,2,1,0,303.817,1.964,5,0,0.931,6,79.699,774.569,1.000,0.324,1.749,0.685,0.427,2.305,0.116,0.884,0.896,0.550
1005,33.500,303.903,0.000,0.007,0.000,2,1,0,303.903,2.581,5,0,0.931,6,75.664,873.844,1.000,0.324,3.540,0.569,0.602,0.512,0.148,0.852,0.949,0.350
1008,33.600,302.050,0.000,2.383,0.000,2,1,0,302.050,3.094,5,1,0.897,6,45.541,1286.674,1.000,0.324,3.252,0.696,0.544,0.129,0.109,0.891,0.933,0.750
1011,33.700,311.090,0.000,-0.618,0.000,2,1,0,311.090,3.092,5,0,0.897,6,92.309,1349.945,1.000,0.324,1.945,0.127,0.337,0.908,0.124,0.876,0.940,0.513
1014,33.800,326.402,0.000,1.531,0.000,2,1,0,326.402,3.096,5,0,0.897,6,42.579,1603.438,1.000,0.324,2.124,0.429,0.151,1.307,0.132,0.868,0.923,0.550
1017,33.900,343.953,0.000,6.232,0.000,2,1,0,343.953,3.110,5,0,0.897,6,65.513,2157.354,1.000,0.298,2.377,0.636,0.111,0.258,0.162,0.838,0.915,0.350
1020,34.000,353.929,0.000,0.658,0.000,2,1,0,353.929,3.117,5,0,0.897,6,57.245,2191.988,1.000,0.298,2.787,0.569,0.201,2.078,0.150,0.850,0.930,0.550
1023,34.100,351.456,0.000,-6.825,0.000,2,1,0,351.456,3.120,5,0,0.897,6,33.526,2244.568,1.000,0.298,3.088,0.287,0.268,2.550,0.138,0.862,0.957,0.550
1026,34.200,354.831,0.000,5.579,0.000,2,1,0,354.831,3.124,5,1,0.862,6,48.662,2270.094,1.000,0.298,1.548,0.806,0.229,2.575,0.142,0.858,0.882,0.750
1029,34.300,362.927,0.000,2.389,0.000,2,1,0,362.927,3.120,5,0,0.862,6,117.388,2493.627,1.000,0.298,3.074,0.781,0.088,0.573,0.158,0.842,0.922,0.652
1032,34.400,391.778,0.000,7.225,0.000,2,1,0,391.778,3.121,5,0,0.862,6,0.000,2423.517,1.000,0.298,3.787,0.742,0.118,0.396,0.166,0.834,0.943,0.350
1035,34.500,15.000,369.500,-376.778,353.221,2,1,1,390.186,2.910,5,0,0.862,6,0.000,1668.055,1.000,0.298,4.333,0.653,0.168,0.189,0.156,0.844,0.963,0.500
1038,34.600,18.028,10.440,3.028,-359.059,2,1,1,384.984,2.525,5,0,0.862,6,0.000,1995.189,1.000,0.298,4.974,0.449,0.362,1.195,0.124,0.876,0.843,0.580
1041,34.700,25.080,0.000,7.052,0.000,1,1,0,0.000,2.192,5,0,0.862,4,44.102,2408.464,1.000,0.311,4.646,0.235,0.494,0.318,0.153,0.847,0.803,0.650
1044,34.800,29.833,0.000,4.753,0.000,1,1,0,0.000,1.821,5,1,0.828,4,43.186,2335.859,1.000,0.311,4.063,0.281,0.634,0.330,0.168,0.832,0.812,0.750
1047,34.900,0.000,0.000,0.000,0.000,0,0,0,0.000,0.000,5,0,0.828,0,43.186,2335.859,0.967,0.311,3.651,0.389,0.907,0.266,0.187,0.813,0.350,0.650
1050,35.000,0.000,0.000,0.000,0.000,0,0,0,0.000,0.000,5,0,0.828,0,43.186,2335.859,0.933,0.311,3.209,0.463,1.147,0.410,0.182,0.818,0.330,0.580
1053,35.100,0.000,0.000,0.000,0.000,0,0,0,0.000,0.000,5,1,0.793,0,43.186,2335.859,0.900,0.311,5.588,0.490,1.059,0.229,0.198,0.802,0.383,0.750
1056,35.200,0.000,0.000,0.000,0.000,0,0,0,0.000,0.000,5,0,0.793,0,43.186,2335.859,0.867,0.311,6.983,0.693,1.125,1.949,0.211,0.789,0.400,0.580
1059,35.300,0.000,0.000,0.000,0.000,0,0,0,0.000,0.000,5,0,0.828,0,43.186,2335.859,0.833,0.311,6.344,0.826,1.569,0.002,0.203,0.797,0.371,0.700
1062,35.400,0.000,341.070,0.000,330.630,1,0,1,0.000,1.345,4,1,0.793,2,0.000,2429.804,0.833,0.244,4.778,0.859,2.186,0.040,0.222,0.778,0.799,0.750
1065,35.500,0.000,9.849,0.000,-331.222,1,0,1,0.000,1.459,4,0,0.793,2,0.000,2313.289,0.833,0.244,4.299,0.825,2.569,0.295,0.184,0.816,0.594,0.700
1068,35.600,0.000,30.887,0.000,21.038,1,0,1,0.000,1.644,4,0,0.793,2,45.804,2194.519,0.833,0.254,4.235,0.707,2.772,0.493,0.166,0.834,0.718,0.700
1071,35.700,0.000,24.083,0.000,-6.804,1,0,1,0.000,1.492,4,0,0.793,2,62.201,2082.948,0.833,0.264,4.232,0.587,2.825,0.008,0.174,0.826,0.688,0.700
1074,35.800,0.000,13.416,0.000,-10.667,1,0,1,0.000,1.425,4,0,0.793,2,6.083,2039.014,0.833,0.264,2.906,0.713,2.890,1.184,0.164,0.836,0.587,0.700
1077,35.900,0.000,10.770,0.000,-2.646,1,0,1,0.000,1.569,4,0,0.828,2,43.186,2025.589,0.833,0.274,3.833,0.881,2.816,0.078,0.174,0.826,0.584,0.700
1080,36.000,0.000,17.088,0.000,6.318,1,0,1,0.000,1.566,5,1,0.793,2,47.170,1538.740,0.833,0.284,3.461,0.883,2.515,0.796,0.167,0.833,0.592,0.750
1083,36.100,0.000,15.033,0.000,-2.055,1,0,1,0.000,1.286,5,0,0.793,2,75.961,1485.968,0.833,0.284,2.755,0.873,1.994,0.409,0.165,0.835,0.563,0.700
1086,36.200,0.000,7.616,0.000,-7.418,1,0,1,0.000,1.299,5,0,0.793,2,0.000,489.938,0.833,0.293,3.238,0.912,1.398,0.224,0.177,0.823,0.531,0.580
1089,36.300,0.000,0.000,0.000,0.000,0,0,0,0.000,0.000,5,0,0.793,0,0.000,489.938,0.800,0.293,2.349,0.877,1.084,0.039,0.175,0.825,0.263,0.650
1092,36.400,0.000,0.000,0.000,0.000,0,0,0,0.000,0.000,5,0,0.793,0,0.000,489.938,0.767,0.293,3.402,0.867,0.937,0.249,0.167,0.833,0.286,0.580
1095,36.500,0.000,0.000,0.000,0.000,0,0,0,0.000,0.000,5,0,0.828,0,0.000,489.938,0.733,0.293,5.594,0.907,0.852,0.623,0.196,0.804,0.334,0.580
1098,36.600,0.000,392.413,0.000,384.797,1,0,1,0.000,1.296,4,1,0.793,2,0.000,489.938,0.733,0.302,7.046,0.859,1.041,0.009,0.178,0.822,0.844,0.750
1101,36.700,486.467,0.000,456.634,0.000,1,1,0,0.000,1.626,4,0,0.793,2,0.000,489.938,0.733,0.302,5.352,0.823,0.841,0.476,0.187,0.813,0.804,0.500
1104,36.800,33.106,0.000,-453.361,0.000,1,1,0,0.000,1.545,4,0,0.793,2,0.000,489.938,0.733,0.310,4.374,0.591,0.370,2.478,0.168,0.832,0.730,0.580
1107,36.900,43.417,0.000,10.311,0.000,1,1,0,0.000,1.247,4,0,0.793,2,153.730,1308.418,0.733,0.318,4.628,0.682,0.065,0.012,0.174,0.826,0.787,0.750
1110,37.000,35.847,0.000,-7.570,0.000,1,1,0,0.000,0.873,4,0,0.793,2,0.000,2202.619,0.733,0.318,3.530,0.637,0.056,0.094,0.151,0.849,0.721,0.580
1113,37.100,14.765,0.000,-21.082,0.000,1,1,0,0.000,0.708,4,0,0.828,2,0.000,2492.639,0.733,0.326,2.869,0.802,0.173,0.792,0.159,0.841,0.576,0.580
1116,37.200,8.485,0.000,-6.280,0.000,1,1,0,0.000,1.057,5,1,0.793,2,97.324,2882.560,0.733,0.334,3.314,0.884,0.308,1.389,0.183,0.817,0.528,0.750
1119,37.300,8.544,447.135,0.059,54.722,2,1,1,364.166,1.305,5,0,0.793,4,0.000,3428.245,0.733,0.334,2.919,0.857,0.609,0.963,0.164,0.836,0.845,0.650
1122,37.400,13.153,11.402,4.609,-435.734,2,1,1,369.229,1.443,5,0,0.793,3,202.714,4314.875,0.733,0.341,1.577,0.859,0.588,0.120,0.135,0.865,0.598,0.750
1125,37.500,4.123,1.000,-9.030,-10.402,2,1,1,364.269,1.625,5,1,0.759,4,0.000,4491.089,0.733,0.341,2.380,0.571,0.734,0.677,0.131,0.869,0.624,0.750
1128,37.600,5.099,0.000,0.976,-1.000,2,1,1,359.235,1.421,5,0,0.759,3,206.584,5182.020,0.733,0.341,0.988,0.537,0.725,0.373,0.098,0.902,0.561,0.750
1131,37.700,14.866,3.162,9.767,3.162,2,1,1,372.034,1.399,5,0,0.793,3,163.918,6008.569,0.733,0.349,1.690,0.677,0.655,2.746,0.101,0.899,0.623,0.750
1134,37.800,34.525,1.000,19.659,-2.162,2,1,1,406.005,1.382,6,1,0.759,3,185.219,7026.199,0.733,0.349,5.002,0.581,0.648,0.132,0.139,0.861,0.804,0.750
1137,37.900,0.000,1.414,0.000,0.414,1,0,1,0.000,1.434,6,0,0.759,2,1.414,7294.714,0.767,0.356,5.819,0.419,0.375,2.470,0.161,0.839,0.576,0.650
1140,38.000,0.000,1.000,0.000,-0.414,1,0,1,0.000,1.625,6,0,0.793,2,0.000,7299.285,0.800,0.356,6.246,0.679,0.234,0.909,0.220,0.780,0.570,0.580
1143,38.100,0.000,7.071,0.000,6.071,1,0,1,0.000,1.390,4,1,0.759,2,0.000,6721.077,0.833,0.364,8.192,0.839,0.318,0.710,0.231,0.769,0.671,0.750
1146,38.200,395.081,0.000,360.556,0.000,1,1,0,0.000,1.586,4,0,0.759,2,0.000,6465.999,0.867,0.414,12.133,0.842,0.301,0.700,0.230,0.770,0.885,0.500
1149,38.300,26.926,0.000,-368.155,0.000,1,1,0,0.000,1.492,4,0,0.793,2,0.000,6075.744,0.900,0.414,13.583,0.929,0.094,0.330,0.226,0.774,0.783,0.580
1152,38.400,0.000,54.672,0.000,47.601,1,0,1,0.000,1.291,6,1,0.759,2,0.000,5842.074,0.900,0.414,13.948,0.971,0.732,0.158,0.234,0.766,0.850,0.750
1155,38.500,0.000,5.385,0.000,-49.287,1,0,1,0.000,1.329,6,0,0.759,2,0.000,4466.507,0.900,0.414,13.840,0.883,1.270,0.605,0.238,0.762,0.636,0.580
1158,38.600,28.653,0.000,1.727,0.000,1,1,0,0.000,1.307,6,0,0.759,2,0.000,3175.469,0.900,0.414,16.956,0.897,1.883,0.151,0.239,0.761,0.764,0.700
1161,38.700,9.849,0.000,-18.804,0.000,1,1,0,0.000,1.466,5,1,0.724,4,0.000,2828.657,0.900,0.405,19.911,0.883,2.671,0.279,0.231,0.769,0.745,0.750
1164,38.800,15.133,0.000,5.284,0.000,1,1,0,0.000,1.317,5,0,0.724,4,0.000,414.468,0.900,0.397,20.416,0.912,3.601,0.101,0.226,0.774,0.772,0.700
1167,38.900,7.280,0.000,-7.853,0.000,1,1,0,0.000,1.280,5,0,0.759,4,0.000,478.850,0.900,0.435,18.051,0.940,4.550,0.017,0.226,0.774,0.727,0.700
1170,39.000,7.616,0.000,0.336,0.000,1,1,0,0.000,0.970,5,0,0.759,3,0.000,528.130,0.900,0.435,15.926,0.944,5.028,0.240,0.225,0.775,0.692,0.700
1173,39.100,22.804,0.000,15.188,0.000,1,1,0,0.000,1.083,5,0,0.759,3,0.000,577.105,0.900,0.426,15.205,0.932,5.573,0.077,0.221,0.779,0.777,0.700
1176,39.200,13.038,0.000,-9.765,0.000,1,1,0,0.000,0.787,5,0,0.759,3,0.000,640.545,0.900,0.426,10.014,0.960,5.756,0.074,0.218,0.782,0.721,0.700
1179,39.300,10.817,0.000,-2.222,0.000,1,1,0,0.000,0.589,5,0,0.759,3,0.000,708.550,0.933,0.417,6.269,0.954,5.918,0.042,0.212,0.788,0.670,0.700
1182,39.400,0.000,92.445,0.000,87.059,1,0,1,0.000,1.349,5,0,0.759,3,112.285,858.905,0.967,0.426,3.531,0.923,5.814,0.221,0.181,0.819,0.798,0.700
1185,39.500,11.314,0.000,0.497,0.000,1,1,0,0.000,0.549,5,0,0.793,3,7.071,858.225,1.000,0.426,1.985,0.859,5.340,0.813,0.151,0.849,0.580,0.700
1188,39.600,0.000,13.928,0.000,-78.516,1,0,1,0.000,1.296,4,1,0.759,2,0.000,674.744,1.000,0.426,4.942,0.644,4.996,1.561,0.184,0.816,0.666,0.750
1191,39.700,16.492,0.000,5.179,0.000,1,1,0,0.000,0.493,4,0,0.759,2,15.652,533.509,1.000,0.435,8.533,0.888,4.440,0.078,0.200,0.800,0.739,0.700
1194,39.800,0.000,17.088,0.000,3.160,1,0,1,0.000,1.453,4,0,0.759,2,0.000,462.549,1.000,0.435,10.688,0.886,2.798,0.018,0.191,0.809,0.743,0.700
1197,39.900,421.740,10.817,405.248,-6.271,2,1,1,431.919,1.474,4,1,0.724,6,0.000,448.148,1.000,0.426,10.672,0.668,1.940,0.022,0.185,0.815,1.000,0.750
1200,40.000,115.365,10.770,-306.376,-0.046,2,1,1,359.356,1.254,4,0,0.724,6,0.000,1021.304,1.000,0.408,8.479,0.393,1.455,0.603,0.195,0.805,1.000,0.700
1203,40.100,67.119,23.022,-48.245,12.251,2,1,1,346.066,1.068,4,0,0.759,6,44.204,1249.504,1.000,0.389,11.845,0.738,1.100,0.521,0.181,0.819,1.000,0.450
1206,40.200,12.166,20.025,-54.954,-2.997,2,1,1,353.464,1.045,4,1,0.724,5,0.000,1256.905,1.000,0.379,10.080,0.632,0.733,0.158,0.174,0.826,0.917,0.750
1209,40.300,5.099,11.402,-7.067,-8.623,2,1,1,360.035,0.826,4,0,0.724,5,0.000,1280.970,1.000,0.369,9.530,0.622,0.349,0.006,0.172,0.828,0.870,0.580
1212,40.400,42.202,11.045,37.103,-0.356,2,1,1,353.454,0.803,4,0,0.759,5,0.000,1600.188,1.000,0.369,14.122,0.706,0.031,0.060,0.276,0.724,1.000,0.450
1215,40.500,30.529,18.788,-11.673,7.743,2,1,1,348.271,0.789,3,1,0.724,4,0.000,1707.178,1.000,0.369,14.760,0.827,0.178,0.211,0.213,0.787,0.862,0.750
1218,40.600,0.000,348.566,0.000,324.712,2,0,1,348.566,0.634,3,0,0.724,4,32.894,1214.304,1.000,0.369,11.755,0.884,0.344,0.154,0.221,0.779,0.938,0.500
1221,40.700,42.638,349.445,12.109,0.880,2,1,1,332.054,0.948,3,0,0.759,4,36.715,934.259,1.000,0.358,9.435,0.874,0.593,0.236,0.219,0.781,0.939,0.500
1224,40.800,13.892,9.434,-28.746,-340.011,2,1,1,317.194,1.209,5,1,0.724,6,0.000,614.119,1.000,0.347,7.564,0.788,0.805,0.159,0.214,0.786,0.861,0.750
1227,40.900,5.000,5.099,-8.892,-4.335,2,1,1,317.416,1.438,5,0,0.724,6,32.894,578.539,1.000,0.336,6.511,0.628,0.827,0.219,0.215,0.785,0.797,0.580
1230,41.000,11.180,7.280,6.180,2.181,2,1,1,310.672,1.536,5,0,0.759,6,37.000,621.674,1.000,0.324,5.284,0.575,0.713,0.110,0.214,0.786,0.804,0.580
1233,41.100,6.325,2.236,-4.856,-5.044,2,1,1,304.171,1.584,5,1,0.724,6,0.000,680.469,1.000,0.324,3.583,0.655,0.559,0.190,0.203,0.797,0.729,0.750
1236,41.200,3.162,3.000,-3.162,0.764,2,1,1,303.244,1.789,5,0,0.724,6,0.000,745.034,1.000,0.324,2.577,0.876,0.514,0.328,0.188,0.812,0.671,0.580
1239,41.300,3.162,3.606,0.000,0.606,2,1,1,303.266,1.894,5,0,0.759,6,67.365,993.519,1.000,0.324,1.949,0.592,0.534,0.440,0.147,0.853,0.677,0.580
1242,41.400,33.377,17.720,30.214,14.114,2,1,1,350.386,1.701,5,0,0.759,6,73.763,1195.688,1.000,0.324,2.734,0.375,0.601,1.913,0.130,0.870,0.877,0.550
1245,41.500,27.803,5.831,-5.574,-11.889,2,1,1,355.079,1.601,5,0,0.759,6,92.071,1398.154,1.000,0.311,3.266,0.325,0.657,1.223,0.127,0.873,0.863,0.512
1248,41.600,5.385,8.485,-22.418,2.654,2,1,1,348.726,1.343,5,0,0.793,6,79.379,1463.129,1.000,0.311,1.817,0.116,0.652,0.162,0.112,0.888,0.734,0.580
1251,41.700,25.318,14.866,19.933,6.381,2,1,1,345.398,1.297,5,1,0.759,6,27.203,1370.344,1.000,0.298,5.786,0.423,0.732,0.237,0.127,0.873,0.906,0.750
1254,41.800,23.854,34.482,-1.464,19.616,2,1,1,319.916,1.366,5,0,0.759,6,25.298,1279.130,1.000,0.298,6.740,0.335,0.735,0.097,0.148,0.852,0.987,0.350
1257,41.900,20.881,19.105,-2.973,-15.377,2,1,1,303.026,1.384,5,0,0.759,6,80.523,1475.469,1.000,0.298,5.239,0.365,0.738,0.125,0.147,0.853,0.871,0.350
1260,42.000,11.180,9.434,-9.700,-9.671,2,1,1,284.986,1.370,5,0,0.759,6,69.871,1401.328,1.000,0.298,1.644,0.636,0.901,0.974,0.119,0.881,0.709,0.580
1263,42.100,3.606,5.385,-7.575,-4.049,2,1,1,288.196,1.355,5,0,0.759,5,149.164,1922.649,1.000,0.311,1.047,0.641,1.139,1.075,0.112,0.888,0.661,0.750
1266,42.200,3.000,3.606,-0.606,-1.780,2,1,1,287.759,1.173,5,0,0.759,6,58.000,2345.639,1.000,0.311,1.543,0.584,1.362,0.169,0.130,0.870,0.668,0.580
1269,42.300,12.806,6.403,9.806,2.798,2,1,1,272.250,1.348,4,1,0.724,4,136.499,2779.788,1.000,0.311,1.304,0.705,1.503,0.756,0.132,0.868,0.704,0.750
1272,42.400,4.472,3.606,-8.334,-2.798,2,1,1,268.561,1.537,4,0,0.724,5,131.795,3049.057,1.000,0.311,1.085,0.680,1.673,0.060,0.107,0.893,0.654,0.732
1275,42.500,7.071,2.828,2.599,-0.777,2,1,1,259.563,1.332,4,0,0.759,5,123.843,3279.714,1.000,0.311,1.553,0.822,1.980,0.196,0.141,0.859,0.671,0.700
1278,42.600,3.162,7.000,-3.909,4.172,2,1,1,258.565,1.262,5,1,0.724,6,69.462,3761.217,1.000,0.311,1.315,0.513,2.456,2.987,0.132,0.868,0.686,0.750
1281,42.700,8.246,0.000,5.084,0.000,1,1,0,0.000,1.414,5,0,0.724,2,75.710,3205.585,1.000,0.324,2.072,0.853,2.336,0.322,0.189,0.811,0.530,0.700
1284,42.800,3.162,0.000,-5.084,0.000,1,1,0,0.000,1.614,5,0,0.759,2,57.070,2607.924,1.000,0.336,1.571,0.839,1.908,0.123,0.155,0.845,0.490,0.700
1287,42.900,2.236,0.000,-0.926,0.000,1,1,0,0.000,1.496,6,1,0.724,2,70.178,2578.938,1.000,0.336,1.613,0.853,1.560,0.866,0.186,0.814,0.473,0.750
1290,43.000,3.162,0.000,0.926,0.000,1,1,0,0.000,1.440,6,0,0.724,2,71.176,2161.355,1.000,0.347,1.281,0.862,1.365,0.485,0.156,0.844,0.469,0.580
1293,43.100,1.414,0.000,-1.748,0.000,1,1,0,0.000,1.386,6,0,0.759,2,31.575,2114.948,1.000,0.358,1.352,0.947,1.260,0.914,0.171,0.829,0.455,0.580
1296,43.200,1.000,0.000,-0.414,0.000,1,1,0,0.000,1.458,6,0,0.759,2,128.725,1999.334,1.000,0.358,1.274,0.756,1.088,0.159,0.153,0.847,0.464,0.715
1299,43.300,5.385,0.000,4.385,0.000,1,1,0,0.000,1.581,6,0,0.759,2,5.000,2007.125,1.000,0.369,1.475,0.806,1.110,1.405,0.165,0.835,0.490,0.580
1302,43.400,11.662,0.000,6.277,0.000,1,1,0,0.000,1.932,6,0,0.793,2,71.805,1613.415,1.000,0.379,1.579,0.093,1.168,0.724,0.116,0.884,0.578,0.480
1305,43.500,15.264,0.000,3.602,0.000,1,1,0,0.000,1.881,5,1,0.759,2,60.083,1015.909,1.000,0.379,1.778,0.694,1.242,0.480,0.169,0.831,0.573,0.750
1308,43.600,3.162,0.000,-12.102,0.000,1,1,0,0.000,1.607,5,0,0.759,2,24.207,850.979,1.000,0.389,1.771,0.735,1.250,1.044,0.198,0.802,0.502,0.580
1311,43.700,2.000,0.000,-1.162,0.000,1,1,0,0.000,1.469,5,0,0.793,2,121.433,1029.104,1.000,0.399,0.930,0.566,1.171,0.180,0.133,0.867,0.487,0.675
1314,43.800,4.472,0.000,2.472,0.000,1,1,0,0.000,1.706,6,1,0.759,2,78.262,1088.679,1.000,0.399,1.172,0.654,1.123,0.446,0.156,0.844,0.488,0.750
1317,43.900,10.198,42.202,5.726,35.202,2,1,1,244.387,1.485,6,0,0.759,6,85.440,1330.287,1.000,0.399,1.350,0.811,1.010,0.376,0.130,0.870,0.861,0.650
1320,44.000,7.810,8.246,-2.388,-33.956,2,1,1,239.942,1.275,6,0,0.793,6,91.810,1240.824,1.000,0.399,1.554,0.341,0.863,0.515,0.088,0.912,0.711,0.510
1323,44.100,2.236,9.434,-5.574,1.188,2,1,1,232.757,1.178,4,1,0.759,5,97.652,1434.194,1.000,0.399,1.587,0.405,0.756,2.936,0.169,0.831,0.714,0.750
1326,44.200,13.000,6.708,10.764,-2.726,2,1,1,240.520,1.331,4,0,0.759,5,142.468,1838.275,1.000,0.399,2.373,0.450,0.650,2.938,0.174,0.826,0.750,0.750
1329,44.300,281.320,0.000,274.320,0.000,2,1,0,281.320,0.977,4,0,0.759,5,121.495,1756.119,1.000,0.399,4.074,0.778,0.618,0.452,0.192,0.808,0.947,0.675
1332,44.400,276.371,68.884,-4.949,62.176,2,1,1,306.297,1.328,4,0,0.759,5,173.459,2579.115,1.000,0.399,4.070,0.388,0.506,0.553,0.142,0.858,0.975,0.750
1335,44.500,6.403,49.041,-269.968,-19.843,2,1,1,325.969,1.348,4,0,0.759,5,0.000,2583.065,1.000,0.399,4.733,0.823,0.369,1.403,0.158,0.842,0.961,0.550
1338,44.600,6.708,36.222,0.305,-12.819,2,1,1,342.831,1.369,4,0,0.793,5,114.061,2759.800,1.000,0.379,3.917,0.823,0.167,0.046,0.159,0.841,0.892,0.634
1341,44.700,6.083,27.203,-0.625,-9.019,2,1,1,323.336,1.402,5,0,0.793,6,24.042,2787.065,1.000,0.358,3.631,0.858,0.055,0.945,0.159,0.841,0.832,0.350
1344,44.800,9.220,21.213,3.137,-5.990,2,1,1,300.621,1.478,5,0,0.793,6,23.087,2515.325,1.000,0.336,3.125,0.873,0.225,0.602,0.188,0.812,0.785,0.350
1347,44.900,5.099,10.296,-4.121,-10.918,2,1,1,294.932,1.602,5,0,0.793,6,20.396,1895.625,1.000,0.311,3.617,0.903,0.836,0.096,0.199,0.801,0.734,0.350
1350,45.000,287.868,0.000,280.252,0.000,2,1,0,287.868,1.472,4,0,0.793,5,11.180,1962.289,1.000,0.324,3.017,0.896,4.878,0.255,0.181,0.819,0.913,0.700
1353,45.100,271.708,0.000,-16.504,0.000,2,1,0,271.708,1.589,4,0,0.793,5,47.011,1940.717,1.000,0.324,2.199,0.812,4.989,0.020,0.152,0.848,0.898,0.700
1356,45.200,270.207,0.000,-1.500,0.000,2,1,0,270.207,2.196,4,0,0.828,5,89.872,1825.809,1.000,0.324,1.835,0.740,5.194,0.012,0.147,0.853,0.894,0.700
1359,45.300,268.017,0.000,-2.191,0.000,1,1,0,0.000,2.459,4,0,0.828,1,84.380,1765.519,1.000,0.336,1.401,0.466,4.834,0.236,0.144,0.856,0.717,0.700
1362,45.400,7.211,0.000,-260.806,0.000,1,1,0,0.000,2.496,4,0,0.828,2,8.000,1685.479,1.000,0.336,1.426,0.515,4.803,0.338,0.134,0.866,0.550,0.700
1365,45.500,0.000,239.794,0.000,-64.344,2,0,1,239.794,0.919,4,0,0.862,4,51.430,1636.898,1.000,0.336,2.204,0.539,5.032,2.789,0.160,0.840,0.917,0.700
1368,45.600,20.616,4.123,13.404,-235.671,2,1,1,245.367,2.676,4,0,0.862,4,31.305,1589.099,1.000,0.347,2.533,0.756,5.191,0.097,0.168,0.832,0.775,0.700
1371,45.700,10.630,6.000,-9.985,1.877,2,1,1,242.330,2.482,4,0,0.862,4,31.906,1397.704,1.000,0.347,2.929,0.577,5.397,0.615,0.165,0.835,0.742,0.700
1374,45.800,13.342,15.133,2.712,9.133,2,1,1,220.801,2.226,4,0,0.897,4,22.847,1035.065,1.000,0.347,4.037,0.590,4.613,2.888,0.182,0.818,0.794,0.700
1377,45.900,0.000,212.941,0.000,-7.597,2,0,1,212.941,1.398,4,0,0.897,4,58.523,982.059,1.000,0.347,5.270,0.457,1.818,0.483,0.170,0.830,1.000,0.700
1380,46.000,0.000,0.000,0.000,0.000,0,0,0,0.000,0.000,4,0,0.897,0,58.523,982.059,0.967,0.347,5.134,0.605,1.307,2.876,0.199,0.801,0.372,0.650
1383,46.100,0.000,0.000,0.000,0.000,0,0,0,0.000,0.000,4,0,0.897,0,58.523,982.059,0.933,0.347,4.297,0.657,0.872,2.879,0.203,0.797,0.343,0.580
1386,46.200,0.000,0.000,0.000,0.000,0,0,0,0.000,0.000,3,1,0.862,0,58.523,982.059,0.900,0.347,5.088,0.774,0.706,1.474,0.213,0.787,0.251,0.750
1389,46.300,0.000,13.454,0.000,-199.488,1,0,1,0.000,1.715,3,0,0.862,2,25.000,904.585,0.900,0.311,5.757,0.901,0.648,0.188,0.223,0.777,0.584,0.650
1392,46.400,0.000,10.440,0.000,-3.013,1,0,1,0.000,1.888,3,0,0.897,2,0.000,782.544,0.900,0.311,6.448,0.905,0.708,0.010,0.220,0.780,0.584,0.580
1395,46.500,0.000,3.162,0.000,-7.278,1,0,1,0.000,1.615,4,1,0.862,2,0.000,635.419,0.900,0.321,6.581,0.834,0.750,0.082,0.209,0.791,0.622,0.750
1398,46.600,0.000,5.000,0.000,1.838,1,0,1,0.000,1.524,4,0,0.862,2,0.000,600.024,0.900,0.332,7.102,0.849,0.889,0.023,0.201,0.799,0.644,0.580
1401,46.700,0.000,6.325,0.000,1.325,1,0,1,0.000,1.398,4,0,0.897,2,0.000,509.240,0.900,0.332,7.298,0.901,1.152,0.125,0.195,0.805,0.653,0.580
1404,46.800,0.000,5.000,0.000,-1.325,1,0,1,0.000,1.422,6,1,0.862,2,0.000,412.797,0.900,0.341,6.478,0.947,1.497,0.005,0.188,0.812,0.591,0.750
1407,46.900,0.000,2.828,0.000,-2.172,1,0,1,0.000,1.416,6,0,0.862,2,0.000,379.019,0.900,0.351,5.423,0.956,1.818,0.085,0.174,0.826,0.552,0.700
1410,47.000,0.000,2.000,0.000,-0.828,1,0,1,0.000,1.136,6,0,0.897,2,0.000,326.189,0.900,0.351,4.736,0.944,2.067,0.235,0.157,0.843,0.531,0.700
1413,47.100,0.000,8.000,0.000,6.000,1,0,1,0.000,0.971,4,1,0.862,2,0.000,258.725,0.900,0.361,3.254,0.877,2.263,0.515,0.143,0.857,0.562,0.750
1416,47.200,0.000,4.472,0.000,-3.528,1,0,1,0.000,0.771,4,0,0.862,2,6.083,188.544,0.900,0.370,2.844,0.964,2.365,0.666,0.138,0.862,0.526,0.700
1419,47.300,0.000,137.441,0.000,128.221,2,0,1,137.441,0.740,4,0,0.862,4,0.000,178.537,0.900,0.370,4.138,0.903,2.350,0.264,0.146,0.854,0.928,0.700
1422,47.400,0.000,161.310,0.000,26.177,2,0,1,161.310,1.438,5,1,0.828,4,0.000,407.019,0.900,0.370,7.541,0.903,2.365,0.467,0.244,0.756,0.977,0.750
1425,47.500,0.000,187.385,0.000,26.074,1,0,1,0.000,1.732,5,0,0.828,2,46.390,567.069,0.900,0.379,13.127,0.698,2.164,0.351,0.185,0.815,0.881,0.700
1428,47.600,0.000,151.908,0.000,-35.477,1,0,1,0.000,1.646,5,0,0.828,4,96.005,904.534,0.900,0.379,16.660,0.212,2.518,0.094,0.215,0.785,0.987,0.700
1431,47.700,0.000,0.000,0.000,0.000,0,0,0,0.000,0.000,4,1,0.793,0,96.005,904.534,0.867,0.379,18.247,0.455,3.148,0.108,0.244,0.756,0.442,0.750
1434,47.800,0.000,0.000,0.000,0.000,0,0,0,0.000,0.000,4,0,0.793,0,96.005,904.534,0.833,0.379,17.021,0.276,3.525,2.513,0.223,0.777,0.451,0.700
1437,47.900,0.000,0.000,0.000,0.000,0,0,0,0.000,0.000,4,0,0.793,0,96.005,904.534,0.800,0.379,18.561,0.688,3.561,2.827,0.199,0.801,0.418,0.700
1440,48.000,0.000,0.000,0.000,0.000,0,0,0,0.000,0.000,4,1,0.759,0,96.005,904.534,0.767,0.379,19.530,0.765,3.519,0.364,0.198,0.802,0.408,0.750
1443,48.100,0.000,0.000,0.000,0.000,0,0,0,0.000,0.000,4,0,0.759,0,96.005,904.534,0.733,0.379,19.224,0.965,3.563,0.082,0.201,0.799,0.390,0.700
1446,48.200,0.000,0.000,0.000,0.000,0,0,0,0.000,0.000,4,0,0.759,0,96.005,904.534,0.700,0.379,13.626,0.812,3.590,0.161,0.205,0.795,0.397,0.700
1449,48.300,0.000,360.967,0.000,209.059,1,0,1,0.000,1.779,4,0,0.759,3,0.000,956.764,0.700,0.320,17.503,0.953,3.533,0.100,0.212,0.788,0.902,0.700
1452,48.400,0.000,46.011,0.000,-314.956,1,0,1,0.000,1.687,4,0,0.759,2,0.000,1144.989,0.700,0.320,14.136,0.878,4.009,0.173,0.221,0.779,0.863,0.700
1455,48.500,0.000,48.010,0.000,2.000,1,0,1,0.000,1.718,4,0,0.759,2,49.769,1404.789,0.700,0.320,13.950,0.835,4.835,0.021,0.234,0.766,0.866,0.700
1458,48.600,0.000,40.000,0.000,-8.010,1,0,1,0.000,1.642,4,0,0.759,3,49.769,1404.789,0.700,0.320,14.943,0.673,5.860,0.194,0.239,0.761,0.894,0.700
1461,48.700,0.000,34.132,0.000,-5.868,1,0,1,0.000,1.265,4,0,0.759,2,49.769,1404.789,0.700,0.327,11.902,0.647,6.831,0.255,0.238,0.762,0.818,0.700
1464,48.800,0.000,24.839,0.000,-9.293,1,0,1,0.000,0.892,4,0,0.759,2,49.769,1404.789,0.700,0.327,9.889,0.855,7.246,1.484,0.228,0.772,0.752,0.700
1467,48.900,0.000,14.318,0.000,-10.522,1,0,1,0.000,0.554,4,0,0.759,2,49.769,1404.789,0.700,0.335,8.995,0.965,7.575,0.001,0.234,0.766,0.686,0.700
1470,49.000,0.000,24.042,0.000,9.724,1,0,1,0.000,0.891,4,0,0.759,2,49.769,1404.789,0.733,0.335,9.812,0.897,6.921,0.163,0.234,0.766,0.749,0.700
1473,49.100,174.132,0.000,160.790,0.000,1,1,0,0.000,2.111,4,0,0.793,3,49.769,1404.789,0.767,0.342,9.142,0.765,3.783,0.024,0.220,0.780,0.923,0.700
1476,49.200,0.000,111.629,0.000,87.587,1,0,1,0.000,0.620,4,0,0.793,3,49.769,1404.789,0.800,0.342,7.008,0.653,2.171,0.353,0.202,0.798,0.911,0.700
1479,49.300,0.000,0.000,0.000,0.000,0,0,0,0.000,0.000,4,0,0.793,0,49.769,1404.789,0.767,0.342,5.228,0.739,1.337,0.013,0.190,0.810,0.341,0.650
1482,49.400,0.000,0.000,0.000,0.000,0,0,0,0.000,0.000,4,0,0.828,0,49.769,1404.789,0.733,0.342,4.408,0.612,0.888,0.323,0.173,0.827,0.325,0.580
1485,49.500,0.000,0.000,0.000,0.000,0,0,0,0.000,0.000,4,0,0.828,0,49.769,1404.789,0.700,0.342,5.152,0.650,0.484,0.144,0.185,0.815,0.337,0.580
1488,49.600,0.000,0.000,0.000,0.000,0,0,0,0.000,0.000,4,0,0.828,0,49.769,1404.789,0.667,0.342,4.877,0.583,0.143,0.246,0.166,0.834,0.331,0.580
1491,49.700,0.000,0.000,0.000,0.000,0,0,0,0.000,0.000,4,0,0.862,0,49.769,1404.789,0.633,0.342,4.801,0.622,0.141,0.241,0.167,0.833,0.322,0.580
1494,49.800,0.000,0.000,0.000,0.000,0,0,0,0.000,0.000,4,0,0.862,0,49.769,1404.789,0.600,0.342,5.045,0.767,0.301,0.606,0.198,0.802,0.314,0.580
1497,49.900,0.000,0.000,0.000,0.000,0,0,0,0.000,0.000,4,0,0.862,0,49.769,1404.789,0.567,0.342,4.248,0.857,0.545,0.377,0.182,0.818,0.284,0.580
1500,50.000,0.000,0.000,0.000,0.000,0,0,0,0.000,0.000,4,0,0.897,0,49.769,1404.789,0.533,0.342,2.034,0.857,0.769,0.183,0.143,0.857,0.225,0.580
1503,50.100,0.000,0.000,0.000,0.000,0,0,0,0.000,0.000,4,0,0.897,0,49.769,1404.789,0.500,0.342,1.339,0.776,1.064,0.342,0.119,0.881,0.209,0.580
1506,50.200,0.000,0.000,0.000,0.000,0,0,0,0.000,0.000,4,0,0.897,0,49.769,1404.789,0.467,0.342,0.994,0.836,1.531,2.408,0.100,0.900,0.192,0.700
1509,50.300,0.000,0.000,0.000,0.000,0,0,0,0.000,0.000,4,0,0.931,0,49.769,1404.789,0.433,0.342,2.302,0.937,2.181,0.547,0.153,0.847,0.214,0.700
1512,50.400,0.000,0.000,0.000,0.000,0,0,0,0.000,0.000,4,0,0.931,0,49.769,1404.789,0.400,0.342,2.926,0.993,2.952,0.020,0.167,0.833,0.222,0.700
1515,50.500,0.000,0.000,0.000,0.000,0,0,0,0.000,0.000,4,0,0.931,0,49.769,1404.789,0.367,0.342,3.638,0.993,3.294,0.014,0.187,0.813,0.235,0.700
1518,50.600,0.000,0.000,0.000,0.000,0,0,0,0.000,0.000,4,0,0.966,0,49.769,1404.789,0.333,0.342,3.008,0.994,3.121,0.022,0.167,0.833,0.216,0.700
1521,50.700,0.000,0.000,0.000,0.000,0,0,0,0.000,0.000,4,0,0.966,0,49.769,1404.789,0.333,0.342,2.003,0.984,2.884,0.348,0.152,0.848,0.191,0.700
1524,50.800,0.000,0.000,0.000,0.000,0,0,0,0.000,0.000,3,1,0.931,0,49.769,1404.789,0.333,0.342,1.001,0.959,2.576,0.219,0.111,0.889,0.168,0.750
1527,50.900,0.000,0.000,0.000,0.000,0,0,0,0.000,0.000,3,0,0.966,0,49.769,1404.789,0.333,0.342,0.539,0.696,2.220,1.111,0.078,0.922,0.175,0.700
1530,51.000,0.000,0.000,0.000,0.000,0,0,0,0.000,0.000,3,0,0.966,0,49.769,1404.789,0.333,0.342,0.582,0.860,1.974,1.822,0.084,0.916,0.164,0.700
1533,51.100,0.000,0.000,0.000,0.000,0,0,0,0.000,0.000,3,0,0.966,0,49.769,1404.789,0.333,0.342,0.923,0.673,1.908,0.119,0.115,0.885,0.186,0.700
1536,51.200,0.000,0.000,0.000,0.000,0,0,0,0.000,0.000,3,0,0.966,0,49.769,1404.789,0.333,0.342,0.830,0.740,1.901,0.018,0.105,0.895,0.179,0.700
1539,51.300,0.000,0.000,0.000,0.000,0,0,0,0.000,0.000,4,1,0.931,0,49.769,1404.789,0.300,0.342,0.884,0.089,1.787,0.029,0.111,0.889,0.222,0.750
1542,51.400,0.000,0.000,0.000,0.000,0,0,0,0.000,0.000,4,0,0.931,0,49.769,1404.789,0.267,0.342,1.436,0.745,1.871,0.848,0.136,0.864,0.186,0.700
1545,51.500,558.831,0.000,384.699,0.000,1,1,0,0.000,2.094,4,0,0.931,3,389.134,3448.988,0.267,0.223,1.649,0.606,1.825,2.521,0.122,0.878,0.716,0.750
1548,51.600,0.000,479.416,0.000,367.787,1,0,1,0.000,0.672,4,0,0.931,3,26.306,4998.144,0.267,0.220,1.382,0.905,1.651,1.765,0.125,0.875,0.688,0.700
1551,51.700,7.810,0.000,-551.021,0.000,1,1,0,0.000,1.944,4,0,0.931,3,46.615,6027.974,0.267,0.220,1.381,0.541,1.572,2.955,0.112,0.888,0.507,0.700
1554,51.800,0.000,15.297,0.000,-464.119,1,0,1,0.000,0.625,4,0,0.931,3,46.615,6027.974,0.267,0.216,2.956,0.970,1.383,0.309,0.135,0.865,0.558,0.580
1557,51.900,0.000,22.472,0.000,7.175,1,0,1,0.000,0.718,4,0,0.931,3,0.000,6379.829,0.267,0.216,1.939,0.487,1.255,0.658,0.088,0.912,0.606,0.580
1560,52.000,0.000,19.313,0.000,-3.159,1,0,1,0.000,0.786,4,0,0.931,3,171.724,7636.727,0.267,0.213,2.276,0.671,1.209,0.548,0.072,0.928,0.584,0.750
1563,52.100,0.000,19.026,0.000,-0.287,1,0,1,0.000,1.108,4,0,0.931,3,19.026,8556.160,0.267,0.213,2.328,0.849,1.297,2.971,0.117,0.883,0.571,0.580
1566,52.200,0.000,36.770,0.000,17.743,1,0,1,0.000,1.207,4,0,0.931,3,150.841,8400.974,0.267,0.213,2.297,0.932,1.440,0.453,0.130,0.870,0.663,0.750
1569,52.300,0.000,35.228,0.000,-1.542,1,0,1,0.000,0.922,4,0,0.931,3,0.000,7250.675,0.300,0.213,2.318,0.799,1.386,1.837,0.145,0.855,0.669,0.550
1572,52.400,0.000,14.318,0.000,-20.910,1,0,1,0.000,0.932,4,0,0.931,3,0.000,6835.160,0.333,0.213,1.920,0.885,1.094,0.177,0.132,0.868,0.541,0.580
1575,52.500,0.000,8.062,0.000,-6.256,1,0,1,0.000,0.960,4,0,0.931,3,0.000,5480.679,0.367,0.213,1.226,0.827,0.801,0.110,0.085,0.915,0.497,0.580
1578,52.600,0.000,9.434,0.000,1.372,1,0,1,0.000,1.012,4,0,0.931,3,0.000,2871.175,0.400,0.197,1.382,0.931,0.586,0.051,0.113,0.887,0.505,0.580
1581,52.700,0.000,17.205,0.000,7.771,1,0,1,0.000,0.966,4,0,0.931,3,0.000,2203.770,0.433,0.197,1.393,0.901,0.415,0.007,0.116,0.884,0.554,0.580
1584,52.800,0.000,25.495,0.000,8.290,1,0,1,0.000,0.914,4,0,0.931,3,175.385,2607.459,0.467,0.197,1.695,0.528,0.227,0.967,0.081,0.919,0.638,0.750
1587,52.900,0.000,25.000,0.000,-0.495,1,0,1,0.000,0.630,4,0,0.931,3,46.530,2876.037,0.500,0.197,1.784,0.682,0.019,0.515,0.083,0.917,0.631,0.580
1590,53.000,0.000,15.033,0.000,-9.967,1,0,1,0.000,0.520,4,0,0.931,3,12.042,3163.180,0.533,0.194,1.408,0.739,0.247,0.194,0.092,0.908,0.566,0.580
1593,53.100,0.000,4.000,0.000,-11.033,1,0,1,0.000,0.465,4,0,0.931,3,11.402,3295.124,0.567,0.194,1.331,0.932,0.259,0.987,0.126,0.874,0.493,0.580
1596,53.200,0.000,1.414,0.000,-2.586,1,0,1,0.000,0.691,4,0,0.931,3,74.411,3538.877,0.600,0.190,0.687,0.855,0.253,0.209,0.090,0.910,0.472,0.580
1599,53.300,0.000,1.414,0.000,0.000,1,0,1,0.000,0.957,3,1,0.897,2,74.411,3538.877,0.633,0.194,0.617,0.838,0.178,0.256,0.097,0.903,0.461,0.750
1602,53.400,0.000,2.236,0.000,0.822,1,0,1,0.000,1.028,3,0,0.897,2,74.411,3538.877,0.667,0.194,0.647,0.715,0.037,0.493,0.100,0.900,0.479,0.580
1605,53.500,0.000,2.828,0.000,0.592,1,0,1,0.000,1.331,3,0,0.897,2,74.411,3538.877,0.700,0.417,0.803,0.944,0.062,0.065,0.116,0.884,0.474,0.580
1608,53.600,0.000,4.472,0.000,1.644,1,0,1,0.000,1.656,4,1,0.862,3,100.225,3370.887,0.733,0.417,1.165,0.915,0.083,0.294,0.139,0.861,0.513,0.750
1611,53.700,0.000,7.616,0.000,3.144,1,0,1,0.000,1.986,4,0,0.897,3,100.225,3370.887,0.767,0.417,2.864,0.794,0.139,1.606,0.182,0.818,0.585,0.580
1614,53.800,0.000,0.000,0.000,0.000,0,0,0,0.000,0.000,4,0,0.897,0,100.225,3370.887,0.767,0.417,4.790,0.713,0.110,0.296,0.203,0.797,0.332,0.650
1617,53.900,0.000,612.046,0.000,521.691,2,0,1,612.046,2.598,4,0,0.897,6,100.225,3370.887,0.800,0.400,11.869,0.825,0.001,0.772,0.246,0.754,1.000,0.650
1620,54.000,540.234,544.683,532.424,-67.362,2,1,1,603.567,2.694,4,0,0.897,5,100.225,3370.887,0.833,0.400,14.128,0.707,0.855,0.030,0.246,0.754,1.000,0.557
1623,54.100,31.016,114.337,-509.218,-430.346,2,1,1,521.967,2.676,4,0,0.897,5,34.000,3908.169,0.867,0.391,15.708,0.498,2.258,0.130,0.238,0.762,1.000,0.700
1626,54.200,35.511,126.531,4.494,12.193,2,1,1,362.724,2.569,4,0,0.931,5,0.000,4541.374,0.900,0.381,18.857,0.693,3.952,0.033,0.219,0.781,1.000,0.700
1629,54.300,46.819,69.462,11.308,-57.068,2,1,1,266.327,2.268,4,1,0.897,5,0.000,7113.869,0.933,0.381,20.242,0.723,6.350,0.010,0.225,0.775,1.000,0.750
1632,54.400,42.059,11.180,-4.759,-58.282,2,1,1,235.104,2.075,4,0,0.897,5,0.000,9006.989,0.967,0.371,20.744,0.862,9.497,0.076,0.256,0.744,1.000,0.700
1635,54.500,28.231,7.071,-13.828,-4.109,2,1,1,216.021,1.730,4,0,0.897,5,0.000,6379.658,0.967,0.360,20.016,0.928,12.341,0.014,0.214,0.786,0.938,0.700
1638,54.600,23.409,11.045,-4.822,3.974,2,1,1,203.806,1.566,4,1,0.862,4,0.000,1107.210,0.967,0.360,16.740,0.949,14.651,0.030,0.196,0.804,0.910,0.750
1641,54.700,199.201,0.000,-15.417,0.000,2,1,0,199.201,0.891,4,0,0.862,4,0.000,1019.090,0.967,0.360,13.830,0.930,16.654,0.068,0.193,0.807,1.000,0.700
1644,54.800,209.442,0.000,-9.519,0.000,2,1,0,209.442,1.289,4,0,0.862,4,0.000,608.505,0.967,0.350,10.876,0.880,16.237,0.102,0.199,0.801,1.000,0.700
1647,54.900,217.412,0.000,-9.218,0.000,2,1,0,217.412,2.040,3,1,0.828,4,0.000,527.700,0.967,0.339,8.183,0.784,18.381,0.141,0.199,0.801,0.941,0.750
1650,55.000,5.385,62.769,-212.027,51.724,2,1,1,223.555,2.359,3,0,0.828,4,0.000,409.625,0.967,0.339,6.040,0.664,17.925,0.070,0.196,0.804,0.901,0.700
1653,55.100,6.403,4.243,1.018,-58.527,2,1,1,221.382,2.417,3,0,0.828,4,0.000,319.600,0.967,0.336,4.554,0.564,18.876,0.286,0.187,0.813,0.656,0.700
1656,55.200,3.162,5.099,-3.241,0.856,2,1,1,221.923,2.418,4,1,0.793,4,0.000,290.625,0.967,0.347,3.155,0.372,21.063,0.210,0.173,0.827,0.727,0.750
1659,55.300,4.472,3.162,1.310,-1.937,2,1,1,218.961,2.241,4,0,0.793,4,65.513,340.160,0.967,0.347,2.446,0.442,18.345,0.245,0.164,0.836,0.701,0.700
1662,55.400,2.000,7.211,-2.472,4.049,2,1,1,219.618,1.991,4,0,0.793,4,0.000,327.300,0.967,0.347,2.345,0.632,10.636,0.296,0.155,0.845,0.700,0.700
1665,55.500,2.000,5.385,0.000,-1.826,2,1,1,223.215,1.797,3,1,0.759,2,42.450,326.777,0.967,0.358,1.500,0.757,3.473,0.269,0.122,0.878,0.600,0.750
1668,55.600,2.236,5.099,0.236,-0.286,2,1,1,223.486,1.546,4,1,0.724,2,40.792,317.707,0.967,0.358,1.440,0.657,1.962,0.232,0.113,0.887,0.574,0.750
1671,55.700,2.236,2.236,0.000,-2.863,2,1,1,226.142,1.430,3,1,0.690,2,39.623,303.760,0.967,0.369,1.411,0.867,1.183,0.600,0.117,0.883,0.573,0.750
1674,55.800,2.000,1.000,-0.236,-1.236,2,1,1,228.178,1.158,4,1,0.655,2,39.623,298.587,0.967,0.379,0.929,0.882,0.593,0.104,0.097,0.903,0.529,0.750
1677,55.900,1.414,3.162,-0.586,2.162,2,1,1,229.732,1.192,4,0,0.655,2,38.471,296.288,0.967,0.379,0.965,0.930,0.161,0.005,0.088,0.912,0.533,0.580
1680,56.000,1.414,0.000,0.000,-3.162,2,1,1,231.138,1.316,4,0,0.655,2,39.459,284.029,0.967,0.389,0.719,0.870,0.182,0.058,0.071,0.929,0.521,0.580
1683,56.100,1.414,2.236,0.000,2.236,2,1,1,231.918,1.299,3,1,0.621,3,39.319,284.119,0.967,0.389,0.832,0.758,0.481,0.006,0.088,0.912,0.626,0.750
1686,56.200,1.000,1.000,-0.414,-1.236,2,1,1,233.174,1.259,3,0,0.655,2,38.471,204.354,0.967,0.399,1.050,0.811,0.740,0.163,0.105,0.895,0.561,0.580
1689,56.300,1.414,0.000,0.414,-1.000,2,1,1,233.032,1.160,3,0,0.655,2,39.812,206.700,0.967,0.399,0.936,0.772,0.994,0.265,0.109,0.891,0.563,0.580
1692,56.400,1.000,1.414,-0.414,1.414,2,1,1,233.805,1.120,3,0,0.655,3,38.639,199.789,0.967,0.408,1.095,0.917,1.245,0.239,0.121,0.879,0.617,0.580
1695,56.500,1.000,3.162,0.000,1.748,2,1,1,234.730,1.040,4,1,0.655,4,71.694,420.929,0.967,0.408,0.955,0.881,1.484,0.051,0.107,0.893,0.626,0.750
1698,56.600,0.000,1.414,-1.000,-1.748,2,1,1,236.136,1.122,4,0,0.655,5,70.831,575.525,0.967,0.408,0.850,0.762,1.703,0.153,0.089,0.911,0.622,0.700
1701,56.700,2.000,3.606,2.000,2.191,2,1,1,235.671,1.245,5,1,0.621,5,40.447,569.810,0.967,0.399,1.011,0.817,1.883,0.575,0.110,0.890,0.634,0.750
1704,56.800,1.414,5.831,-0.586,2.225,2,1,1,234.804,1.084,5,0,0.621,5,39.319,561.419,1.000,0.399,1.090,0.850,1.920,0.547,0.100,0.900,0.650,0.700
1707,56.900,2.236,7.000,0.822,1.169,2,1,1,238.212,1.075,5,0,0.621,3,41.195,554.625,1.000,0.399,1.549,0.932,1.837,0.975,0.150,0.850,0.590,0.700
1710,57.000,4.123,10.050,1.887,3.050,2,1,1,244.240,0.981,5,0,0.621,6,47.096,556.418,1.000,0.399,2.701,0.931,1.613,0.264,0.177,0.823,0.708,0.700
1713,57.100,0.000,7.000,-4.123,-3.050,2,1,1,249.948,1.020,5,0,0.621,6,52.086,561.605,1.000,0.389,1.922,0.932,1.383,0.551,0.171,0.829,0.672,0.580
1716,57.200,2.236,17.464,2.236,10.464,2,1,1,265.149,1.078,5,0,0.655,6,57.974,582.275,1.000,0.379,1.675,0.776,1.201,0.003,0.120,0.880,0.735,0.350
1719,57.300,26.249,17.000,24.013,-0.464,2,1,1,280.631,0.885,6,1,0.621,4,0.000,599.378,1.000,0.369,5.120,0.756,1.056,1.985,0.197,0.803,0.811,0.750
1722,57.400,21.378,24.166,-4.871,7.166,2,1,1,285.000,0.998,6,0,0.621,6,0.000,826.950,1.000,0.347,4.801,0.765,0.893,1.225,0.214,0.786,0.851,0.350
1725,57.500,4.472,0.000,-16.905,0.000,1,1,0,0.000,1.247,6,0,0.655,2,0.000,786.925,1.000,0.358,5.797,0.307,0.750,0.421,0.205,0.795,0.628,0.650
1728,57.600,11.402,0.000,6.930,0.000,1,1,0,0.000,1.190,5,1,0.621,2,0.000,826.709,1.000,0.358,8.323,0.727,0.589,2.607,0.207,0.793,0.704,0.750
1731,57.700,15.000,0.000,3.598,0.000,1,1,0,0.000,1.026,5,0,0.621,2,0.000,959.014,1.000,0.358,9.777,0.595,0.346,0.067,0.209,0.791,0.734,0.350
1734,57.800,14.142,0.000,-0.858,0.000,1,1,0,0.000,0.992,5,0,0.655,2,0.000,1142.740,1.000,0.358,9.668,0.561,0.026,0.042,0.216,0.784,0.731,0.350
1737,57.900,5.831,0.000,-8.311,0.000,1,1,0,0.000,1.018,4,1,0.621,2,72.945,1234.688,1.000,0.358,9.149,0.612,0.620,0.089,0.211,0.789,0.700,0.750
1740,58.000,8.944,0.000,3.113,0.000,1,1,0,0.000,1.077,4,0,0.621,2,64.195,1407.134,1.000,0.369,8.992,0.503,1.561,0.078,0.203,0.797,0.724,0.700
1743,58.100,4.472,0.000,-4.472,0.000,1,1,0,0.000,1.174,4,0,0.655,2,58.078,1497.085,1.000,0.369,7.687,0.600,3.093,0.046,0.189,0.811,0.685,0.700
1746,58.200,6.403,0.000,1.931,0.000,1,1,0,0.000,1.215,4,0,0.655,3,126.657,1441.825,1.000,0.379,7.616,0.654,5.642,0.550,0.189,0.811,0.735,0.704
1749,58.300,6.000,0.000,-0.403,0.000,1,1,0,0.000,1.016,4,0,0.655,3,132.136,1261.684,1.000,0.379,6.645,0.579,8.858,0.017,0.188,0.812,0.714,0.734
1752,58.400,5.831,0.000,-0.169,0.000,1,1,0,0.000,1.089,4,0,0.690,3,0.000,1023.669,1.000,0.389,7.900,0.701,12.699,2.242,0.191,0.809,0.736,0.700
1755,58.500,3.162,0.000,-2.669,0.000,1,1,0,0.000,1.341,5,1,0.690,4,42.154,926.190,1.000,0.389,8.634,0.637,21.495,0.170,0.201,0.799,0.737,0.750
1758,58.600,13.892,0.000,10.730,0.000,1,1,0,0.000,1.449,5,0,0.724,4,183.098,1518.429,1.000,0.389,9.287,0.626,12.268,0.082,0.218,0.782,0.797,0.750
1761,58.700,13.928,0.000,0.036,0.000,1,1,0,0.000,1.414,5,0,0.759,4,162.788,2095.050,1.000,0.389,7.253,0.570,12.380,0.099,0.211,0.789,0.783,0.750
1764,58.800,22.561,0.000,8.633,0.000,1,1,0,0.000,1.301,4,1,0.724,3,172.192,2592.699,1.000,0.389,8.815,0.617,12.791,0.203,0.210,0.790,0.837,0.750
1767,58.900,19.105,0.000,-3.456,0.000,1,1,0,0.000,1.120,4,0,0.724,3,180.701,3164.769,1.000,0.399,9.002,0.602,5.972,0.129,0.197,0.803,0.819,0.750
1770,59.000,10.440,0.000,-8.665,0.000,1,1,0,0.000,0.920,4,0,0.759,3,187.473,3692.517,1.000,0.399,8.599,0.479,4.832,0.069,0.192,0.808,0.779,0.750
1773,59.100,15.232,0.000,4.791,0.000,1,1,0,0.000,0.822,4,0,0.759,3,0.000,4366.160,1.000,0.408,8.118,0.496,3.864,0.130,0.182,0.818,0.805,0.700
1776,59.200,7.211,0.000,-8.020,0.000,1,1,0,0.000,0.818,4,0,0.759,3,0.000,4912.694,1.000,0.408,7.346,0.451,2.639,0.060,0.181,0.819,0.747,0.700
1779,59.300,7.810,0.000,0.599,0.000,1,1,0,0.000,0.693,4,0,0.759,3,0.000,5084.350,1.000,0.417,6.742,0.555,1.827,0.153,0.172,0.828,0.728,0.700
1782,59.400,3.162,0.000,-4.648,0.000,1,1,0,0.000,0.650,3,1,0.759,2,0.000,4854.170,1.000,0.417,6.721,0.624,1.376,0.032,0.321,0.679,0.582,0.750
1785,59.500,10.198,0.000,7.036,0.000,1,1,0,0.000,0.669,3,0,0.759,2,0.000,4776.710,1.000,0.426,7.650,0.470,1.093,0.295,0.197,0.803,0.655,0.000
1788,59.600,77.492,0.000,67.294,0.000,1,1,0,0.000,0.779,3,0,0.793,2,163.077,4469.225,1.000,0.435,8.245,0.540,0.889,0.127,0.231,0.769,0.852,0.750
1791,59.700,101.637,0.000,24.145,0.000,1,1,0,0.000,0.778,4,1,0.759,3,28.302,4192.228,1.000,0.426,7.053,0.699,0.792,0.347,0.241,0.759,0.932,0.750
1794,59.800,71.505,0.000,-30.131,0.000,1,1,0,0.000,0.807,4,0,0.759,3,28.302,4192.228,1.000,0.426,7.037,0.582,0.681,0.428,0.217,0.783,0.940,0.450
1797,59.900,2.236,0.000,-69.269,0.000,1,1,0,0.000,0.955,4,0,0.759,3,28.302,4192.228,1.000,0.417,8.867,0.793,0.621,0.292,0.223,0.777,0.712,0.580
1800,60.000,495.525,0.000,452.339,0.000,2,1,0,495.525,1.021,4,0,0.759,6,201.099,4542.609,1.000,0.399,13.430,0.834,0.542,0.293,0.236,0.764,1.000,0.750
1803,60.100,490.463,251.177,-5.062,227.011,2,1,1,456.882,1.282,4,0,0.759,6,165.511,4055.709,1.000,0.389,9.251,0.848,0.546,0.012,0.228,0.772,1.000,0.750
1806,60.200,11.705,23.022,-478.758,-228.155,2,1,1,440.093,1.285,4,0,0.793,6,0.000,3907.440,1.000,0.389,6.164,0.867,0.401,0.131,0.211,0.789,0.871,0.450
1809,60.300,8.544,15.000,-3.161,-8.022,2,1,1,430.081,1.103,5,1,0.759,6,0.000,3347.287,1.000,0.379,3.914,0.639,0.276,0.251,0.183,0.817,0.786,0.750
1812,60.400,3.606,15.133,-4.938,0.133,2,1,1,418.617,1.117,5,0,0.759,6,0.000,2691.839,1.000,0.369,3.178,0.569,0.106,0.021,0.175,0.825,0.774,0.350
1815,60.500,3.606,10.770,0.000,-4.362,2,1,1,413.358,1.114,5,0,0.793,6,0.000,2024.884,1.000,0.358,2.546,0.348,0.740,0.682,0.164,0.836,0.749,0.580
1818,60.600,3.162,7.071,-0.443,-3.699,2,1,1,408.648,1.035,4,1,0.759,6,0.000,2020.919,1.000,0.347,2.252,0.347,1.607,0.053,0.157,0.843,0.721,0.750
1821,60.700,3.162,2.236,0.000,-4.835,2,1,1,410.161,0.908,4,0,0.759,4,0.000,1828.385,1.000,0.347,1.611,0.257,2.029,0.188,0.142,0.858,0.690,0.700
1824,60.800,2.236,2.236,-0.926,0.000,2,1,1,408.923,0.979,4,0,0.793,4,0.000,1748.494,1.000,0.336,1.279,0.335,2.363,1.421,0.122,0.878,0.671,0.700
1827,60.900,1.414,2.000,-0.822,-0.236,2,1,1,408.240,0.747,4,0,0.793,5,0.000,1705.128,1.000,0.324,1.877,0.886,2.554,0.200,0.158,0.842,0.646,0.700
1830,61.000,1.414,3.000,0.000,1.000,2,1,1,407.844,0.613,4,0,0.793,5,0.000,1664.588,1.000,0.311,1.810,0.933,2.682,0.251,0.168,0.832,0.647,0.700
1833,61.100,2.236,3.606,0.822,0.606,2,1,1,409.088,0.652,4,0,0.793,4,0.000,1648.680,1.000,0.324,1.844,0.954,3.185,0.124,0.171,0.829,0.649,0.700
1836,61.200,1.000,2.236,-1.236,-1.369,2,1,1,411.005,0.681,3,1,0.759,4,0.000,1625.544,1.000,0.324,1.608,0.962,3.730,0.258,0.162,0.838,0.635,0.750
1839,61.300,3.606,1.000,2.606,-1.236,2,1,1,408.521,0.705,3,0,0.759,4,0.000,1607.987,1.000,0.324,1.567,0.956,4.003,0.006,0.156,0.844,0.642,0.700
1842,61.400,3.000,2.236,-0.606,1.236,2,1,1,409.200,0.696,3,0,0.793,4,0.000,1602.589,1.000,0.336,1.605,0.958,4.635,0.173,0.162,0.838,0.640,0.700
1845,61.500,1.000,1.414,-2.000,-0.822,2,1,1,409.480,0.776,3,0,0.793,4,0.000,1600.108,1.000,0.336,1.402,0.964,5.085,0.126,0.152,0.848,0.625,0.700
1848,61.600,1.000,1.414,0.000,0.000,2,1,1,410.440,0.794,3,0,0.793,4,0.000,1592.929,1.000,0.336,1.182,0.951,3.401,0.062,0.137,0.863,0.621,0.700
1851,61.700,2.236,3.162,1.236,1.748,2,1,1,410.721,0.696,3,0,0.828,4,0.000,1583.244,1.000,0.347,1.330,0.971,3.737,0.109,0.145,0.855,0.633,0.700
1854,61.800,0.000,1.000,-2.236,-2.162,2,1,1,411.681,0.795,3,0,0.828,4,0.000,1581.929,1.000,0.347,1.040,0.946,3.735,0.022,0.123,0.877,0.615,0.700
1857,61.900,2.000,2.000,2.000,1.000,2,1,1,411.681,0.874,3,0,0.828,4,0.000,1580.777,1.000,0.347,1.233,0.975,3.101,0.227,0.134,0.866,0.624,0.700
1860,62.000,2.000,3.000,0.000,1.000,2,1,1,411.964,0.797,4,1,0.793,4,0.000,1583.019,1.000,0.358,1.153,0.952,2.590,0.267,0.125,0.875,0.629,0.750
1863,62.100,7.280,3.606,5.280,0.606,2,1,1,407.001,0.745,4,0,0.793,6,0.000,1565.870,1.000,0.347,1.640,0.941,2.177,0.127,0.145,0.855,0.666,0.700
1866,62.200,13.928,4.123,6.648,0.518,2,1,1,400.731,0.662,4,0,0.793,6,0.000,1468.094,1.000,0.347,2.482,0.808,1.860,0.212,0.154,0.846,0.733,0.700
1869,62.300,34.886,1.414,20.957,-2.709,2,1,1,365.986,0.717,4,0,0.828,6,0.000,1066.934,1.000,0.347,2.919,0.785,1.556,1.215,0.129,0.871,0.862,0.700
1872,62.400,22.136,3.000,-12.750,1.586,2,1,1,344.646,0.815,4,0,0.828,6,0.000,623.154,1.000,0.336,3.110,0.878,1.299,1.475,0.150,0.850,0.789,0.550
1875,62.500,26.833,5.099,4.697,2.099,2,1,1,323.006,0.929,4,0,0.828,6,0.000,379.287,1.000,0.336,3.353,0.898,1.129,0.595,0.128,0.872,0.820,0.350
1878,62.600,15.811,2.236,-11.021,-2.863,2,1,1,307.951,0.886,4,0,0.862,5,0.000,224.604,1.000,0.336,1.731,0.847,0.964,0.334,0.120,0.880,0.722,0.000
1881,62.700,6.325,1.414,-9.487,-0.822,2,1,1,302.853,0.846,5,1,0.828,6,0.000,168.035,1.000,0.324,0.720,0.522,0.846,0.293,0.081,0.919,0.667,0.750
1884,62.800,3.162,2.236,-3.162,0.822,2,1,1,298.304,1.083,4,1,0.793,6,0.000,141.594,1.000,0.324,0.577,0.750,0.753,0.436,0.082,0.918,0.629,0.750
1887,62.900,6.083,2.236,2.920,0.000,2,1,1,294.450,1.009,4,0,0.793,6,0.000,151.669,1.000,0.311,0.410,0.429,0.670,0.030,0.055,0.945,0.664,0.580
1890,63.000,6.403,2.236,0.320,0.000,2,1,1,290.663,1.298,5,1,0.759,6,0.000,937.645,1.000,0.311,0.539,0.807,0.589,2.103,0.056,0.944,0.643,0.750
1893,63.100,3.162,2.236,-3.241,0.000,2,1,1,293.946,1.169,5,0,0.759,6,0.000,942.019,1.000,0.311,0.525,0.832,0.581,0.687,0.065,0.935,0.622,0.350
1896,63.200,2.236,3.162,-0.926,0.926,2,1,1,296.083,1.089,5,0,0.793,6,0.000,956.119,1.000,0.311,0.706,0.868,0.583,0.076,0.087,0.913,0.624,0.350
1899,63.300,2.236,5.099,0.000,1.937,2,1,1,302.988,1.101,4,1,0.759,4,0.000,156.324,1.000,0.311,0.792,0.883,0.624,0.091,0.096,0.904,0.636,0.750
1902,63.400,4.000,1.414,1.764,-3.685,2,1,1,304.473,1.177,3,1,0.724,4,0.000,165.814,1.000,0.311,0.621,0.872,0.522,0.258,0.084,0.916,0.627,0.750
1905,63.500,2.828,2.236,-1.172,0.822,2,1,1,304.646,1.240,3,0,0.759,4,0.000,163.399,1.000,0.324,0.493,0.818,0.491,0.769,0.064,0.936,0.621,0.350
1908,63.600,1.000,3.606,-1.828,1.369,2,1,1,303.152,1.454,5,1,0.724,6,0.000,153.535,1.000,0.324,0.709,0.635,0.451,0.082,0.081,0.919,0.643,0.750
1911,63.700,18.439,1.000,17.439,-2.606,2,1,1,321.310,1.265,5,0,0.724,6,0.000,825.075,1.000,0.311,1.643,0.538,0.643,0.769,0.105,0.895,0.756,0.350
1914,63.800,56.045,2.000,37.606,1.000,2,1,1,376.650,1.235,5,0,0.724,6,0.000,1110.435,1.000,0.311,2.538,0.790,0.779,1.532,0.136,0.864,0.908,0.550
1917,63.900,49.679,5.831,-6.366,3.831,2,1,1,419.663,0.989,5,1,0.690,6,37.483,1597.980,1.000,0.311,3.259,0.726,0.847,0.979,0.133,0.867,0.931,0.750
1920,64.000,13.000,2.828,-36.679,-3.003,2,1,1,425.920,1.298,5,0,0.690,6,0.000,1535.827,1.000,0.311,1.675,0.763,0.798,0.943,0.127,0.873,0.711,0.450
1923,64.100,3.606,1.000,-9.394,-1.828,2,1,1,423.275,1.577,5,0,0.724,6,31.000,1752.194,1.000,0.311,0.801,0.574,0.957,0.467,0.087,0.913,0.650,0.350
1926,64.200,1.000,3.162,-2.606,2.162,2,1,1,423.359,1.856,5,0,0.724,6,29.000,1841.609,1.000,0.311,0.626,0.847,1.031,0.538,0.078,0.922,0.624,0.350
1929,64.300,2.000,0.000,1.000,-3.162,2,1,1,422.830,2.075,4,1,0.690,6,29.155,1802.037,1.000,0.311,1.077,0.830,0.898,0.161,0.111,0.889,0.630,0.750
1932,64.400,4.123,11.402,2.123,11.402,2,1,1,432.231,2.139,5,1,0.655,6,0.000,1876.600,1.000,0.311,1.355,0.794,0.722,0.220,0.101,0.899,0.692,0.750
1935,64.500,0.000,354.045,0.000,20.637,2,0,1,354.045,2.502,4,1,0.621,6,0.000,2056.385,1.000,0.298,16.264,0.222,0.515,2.766,0.277,0.723,1.000,0.750
1938,64.600,149.013,37.590,144.890,-316.455,2,1,1,351.262,2.491,4,0,0.621,6,45.100,2774.019,1.000,0.298,5.429,0.813,0.689,0.706,0.184,0.816,0.979,0.500
1941,64.700,22.804,12.042,-126.210,-25.548,2,1,1,370.419,2.046,4,0,0.621,6,32.388,2763.638,1.000,0.298,3.032,0.664,1.050,0.108,0.135,0.865,0.806,0.450
1944,64.800,24.187,8.062,1.383,-3.979,2,1,1,346.771,2.016,4,0,0.621,6,0.000,2079.764,1.000,0.298,3.160,0.341,1.227,0.212,0.118,0.882,0.840,0.480
1947,64.900,20.616,8.062,-3.571,0.000,2,1,1,327.832,1.587,4,0,0.655,6,22.361,1022.019,1.000,0.298,3.310,0.752,1.391,2.193,0.157,0.843,0.795,0.550
1950,65.000,4.472,9.220,-16.143,1.157,2,1,1,314.428,1.374,4,0,0.655,6,54.148,1165.309,1.000,0.298,3.025,0.928,1.579,1.862,0.155,0.845,0.712,0.700
1953,65.100,1.414,2.236,-3.058,-6.983,2,1,1,317.405,1.509,5,1,0.621,6,19.209,860.230,1.000,0.298,2.106,0.872,1.746,1.119,0.142,0.858,0.654,0.750
1956,65.200,1.414,5.000,0.000,2.764,2,1,1,317.718,1.275,5,0,0.621,6,20.591,845.919,1.000,0.298,1.284,0.697,1.877,0.798,0.128,0.872,0.661,0.700
1959,65.300,2.000,9.849,0.586,4.849,2,1,1,312.775,1.343,5,0,0.621,6,17.088,720.314,1.000,0.298,1.186,0.605,1.987,0.902,0.113,0.887,0.692,0.700
1962,65.400,18.248,15.033,16.248,5.184,2,1,1,329.152,1.476,4,1,0.586,6,0.000,773.929,1.000,0.298,2.062,0.507,1.998,2.787,0.111,0.889,0.767,0.750
1965,65.500,40.050,12.042,21.802,-2.992,2,1,1,361.001,1.142,4,0,0.586,6,96.177,924.539,1.000,0.298,2.903,0.780,1.868,0.064,0.142,0.858,0.890,0.700
1968,65.600,31.048,16.279,-9.002,4.237,2,1,1,379.527,1.021,4,0,0.621,6,0.000,1238.415,1.000,0.298,3.074,0.566,2.471,0.109,0.138,0.862,0.860,0.700
1971,65.700,13.892,2.236,-17.156,-14.043,2,1,1,388.491,1.104,4,0,0.655,6,43.566,1496.614,1.000,0.298,1.224,0.669,2.771,0.900,0.107,0.893,0.711,0.700
1974,65.800,3.162,26.249,-10.730,24.013,2,1,1,412.022,1.121,4,0,0.655,6,139.032,1856.119,1.000,0.298,1.116,0.549,2.817,0.377,0.100,0.900,0.785,0.750
1977,65.900,3.162,30.150,0.000,3.901,2,1,1,413.019,1.081,4,0,0.690,5,305.287,3064.494,1.000,0.311,1.267,0.687,2.815,0.193,0.075,0.925,0.801,0.750
1980,66.000,6.083,10.000,2.920,-20.150,2,1,1,406.005,1.000,4,0,0.690,5,305.287,3179.919,1.000,0.311,1.364,0.875,2.796,0.890,0.117,0.883,0.678,0.750
1983,66.100,2.236,9.000,-3.847,-1.000,2,1,1,408.078,1.081,4,0,0.690,5,277.849,4076.424,1.000,0.311,1.330,0.829,0.043,0.026,0.104,0.896,0.675,0.750
1986,66.200,3.000,0.000,0.764,0.000,1,1,0,0.000,1.002,4,0,0.724,2,277.735,4224.694,1.000,0.324,0.981,0.600,0.112,0.641,0.090,0.910,0.509,0.750
1989,66.300,1.414,0.000,-1.586,0.000,1,1,0,0.000,1.074,4,0,0.759,2,1.414,4355.704,1.000,0.324,0.854,0.808,0.189,0.648,0.101,0.899,0.483,0.580
1992,66.400,3.606,0.000,2.191,0.000,1,1,0,0.000,1.415,4,0,0.759,2,1.414,4446.415,1.000,0.336,0.958,0.892,0.272,2.923,0.111,0.889,0.492,0.580
1995,66.500,3.606,0.000,0.000,0.000,1,1,0,0.000,1.514,4,0,0.793,2,1.414,4499.119,1.000,0.347,0.932,0.468,0.364,2.073,0.075,0.925,0.521,0.580
1998,66.600,1.414,0.000,-2.191,0.000,1,1,0,0.000,1.776,4,0,0.793,2,1.414,4580.790,1.000,0.347,0.524,0.433,0.453,2.613,0.083,0.917,0.501,0.580
2001,66.700,3.606,0.000,2.191,0.000,1,1,0,0.000,1.488,4,0,0.793,2,2.236,4603.655,1.000,0.358,1.014,0.927,0.513,1.442,0.114,0.886,0.490,0.580
2004,66.800,2.236,0.000,-1.369,0.000,1,1,0,0.000,1.533,4,0,0.828,2,2.236,4595.668,1.000,0.369,1.279,0.954,0.509,0.507,0.140,0.860,0.488,0.580
2007,66.900,0.000,0.000,-2.236,0.000,1,1,0,0.000,1.438,4,0,0.828,3,2.236,4583.524,1.000,0.369,1.365,0.913,0.479,0.409,0.143,0.857,0.525,0.580
2010,67.000,4.123,0.000,4.123,0.000,1,1,0,0.000,1.494,4,0,0.828,3,2.236,4535.434,1.000,0.379,1.651,0.940,0.469,0.487,0.153,0.847,0.553,0.580
2013,67.100,2.236,0.000,-1.887,0.000,1,1,0,0.000,1.481,4,0,0.828,2,2.236,4525.257,1.000,0.379,1.526,0.919,0.516,0.519,0.152,0.848,0.496,0.580
2016,67.200,2.828,0.000,0.592,0.000,1,1,0,0.000,1.198,4,0,0.862,2,1.414,4212.247,1.000,0.389,3.514,0.625,0.593,2.415,0.155,0.845,0.570,0.580
2019,67.300,1.000,58.138,-1.828,49.138,2,1,1,362.891,1.092,4,0,0.897,6,140.357,5042.679,1.000,0.389,3.302,0.516,0.566,0.216,0.120,0.880,0.946,0.750
2022,67.400,4.472,36.056,3.472,-22.082,2,1,1,329.317,1.105,4,0,0.931,6,0.000,3248.199,1.000,0.389,3.129,0.846,0.527,0.289,0.165,0.835,0.869,0.350
2025,67.500,5.657,18.974,1.185,-17.082,2,1,1,307.236,1.198,4,0,0.931,6,0.000,1927.975,1.000,0.389,2.434,0.477,0.491,0.183,0.144,0.856,0.783,0.350
2028,67.600,3.162,6.708,-2.495,-12.265,2,1,1,308.157,1.451,4,0,0.931,6,0.000,1962.619,1.000,0.389,1.874,0.735,0.615,2.593,0.158,0.842,0.683,0.580
2031,67.700,17.205,11.662,14.042,4.954,2,1,1,334.426,1.286,4,0,0.931,6,102.825,2006.319,1.000,0.389,4.171,0.417,0.476,0.542,0.123,0.877,0.821,0.571
2034,67.800,396.941,0.000,360.871,0.000,2,1,0,396.941,1.377,4,0,0.931,6,27.459,2008.310,1.000,0.379,5.420,0.679,0.067,0.033,0.138,0.862,0.988,0.500
2037,67.900,420.298,0.000,24.458,0.000,2,1,0,420.298,1.884,4,0,0.931,6,0.000,2034.885,1.000,0.358,4.940,0.561,0.479,1.380,0.141,0.859,0.984,0.550
2040,68.000,402.240,0.000,-27.555,0.000,2,1,0,402.240,2.155,4,0,0.966,6,0.000,1478.978,1.000,0.336,6.936,0.674,1.088,1.014,0.203,0.797,1.000,0.550
2043,68.100,0.000,106.019,0.000,94.357,1,0,1,0.000,1.273,4,0,0.966,3,35.735,2064.409,1.000,0.336,8.082,0.691,2.009,0.688,0.212,0.788,0.957,0.700
2046,68.200,0.000,435.496,0.000,385.999,2,0,1,435.496,1.020,4,0,0.966,5,0.000,2352.488,1.000,0.324,12.580,0.401,2.817,1.768,0.218,0.782,1.000,0.700
2049,68.300,512.096,409.518,109.856,-25.978,2,1,1,389.012,2.269,4,0,1.000,6,44.822,2922.519,1.000,0.311,15.912,0.569,3.910,1.489,0.223,0.777,1.000,0.700
2052,68.400,10.770,29.155,-501.325,-380.363,2,1,1,371.252,2.234,3,1,0.966,4,0.000,2730.480,1.000,0.311,15.533,0.443,5.292,0.026,0.222,0.778,0.881,0.750
2055,68.500,31.241,18.601,20.471,-10.554,2,1,1,382.688,2.250,3,0,0.966,4,0.000,2219.720,1.000,0.324,17.697,0.778,6.925,0.060,0.229,0.771,0.869,0.700
2058,68.600,0.000,17.088,0.000,-1.513,1,0,1,0.000,1.640,3,0,0.966,2,0.000,2021.225,1.000,0.324,16.885,0.726,10.681,0.016,0.245,0.755,0.684,0.700
2061,68.700,0.000,13.038,0.000,-4.050,1,0,1,0.000,1.508,4,1,0.931,3,123.968,1740.450,1.000,0.336,17.089,0.928,25.137,0.064,0.241,0.759,0.763,0.750
2064,68.800,0.000,45.706,0.000,32.667,1,0,1,0.000,1.451,4,0,0.931,3,59.615,1582.754,1.000,0.336,13.862,0.932,11.914,0.028,0.230,0.770,0.940,0.700
2067,68.900,0.000,82.219,0.000,36.514,1,0,1,0.000,1.368,4,0,0.931,3,129.437,1993.800,1.000,0.347,13.262,0.862,10.201,0.023,0.237,0.763,0.945,0.719
2070,69.000,0.000,73.062,0.000,-9.158,1,0,1,0.000,1.316,4,1,0.897,3,68.542,2493.988,1.000,0.347,14.414,0.901,9.715,0.136,0.234,0.766,0.942,0.750
2073,69.100,0.000,12.207,0.000,-60.855,1,0,1,0.000,0.996,4,0,0.897,3,12.649,2884.089,1.000,0.358,13.695,0.924,10.267,0.067,0.218,0.782,0.758,0.700
2076,69.200,0.000,24.413,0.000,12.207,1,0,1,0.000,0.828,4,0,0.897,3,49.649,3077.659,1.000,0.358,10.990,0.938,11.104,0.135,0.208,0.792,0.825,0.700
2079,69.300,0.000,0.000,0.000,0.000,0,0,0,0.000,0.000,4,1,0.862,0,49.649,3077.659,0.967,0.358,10.905,0.874,9.664,0.030,0.209,0.791,0.425,0.750
2082,69.400,0.000,55.000,0.000,30.587,1,0,1,0.000,1.205,4,0,0.862,3,0.000,3590.014,0.967,0.360,6.354,0.505,7.808,0.537,0.203,0.797,0.925,0.700
2085,69.500,0.000,17.493,0.000,-37.507,1,0,1,0.000,1.281,4,0,0.862,3,15.264,3725.309,0.967,0.360,7.552,0.598,7.090,1.924,0.250,0.750,0.795,0.700
2088,69.600,198.658,66.310,167.417,48.817,2,1,1,250.410,2.323,5,1,0.828,4,0.000,3387.325,0.967,0.371,6.511,0.376,5.661,2.443,0.179,0.821,0.996,0.750
2091,69.700,34.540,67.742,-164.118,1.432,2,1,1,232.433,2.195,5,0,0.828,4,46.011,2632.569,0.967,0.371,6.232,0.459,4.542,0.075,0.168,0.832,0.984,0.700
2094,69.800,0.000,36.401,0.000,-31.342,1,0,1,0.000,1.107,5,0,0.828,3,0.000,2023.759,0.967,0.381,4.536,0.606,2.761,0.158,0.162,0.838,0.797,0.700
2097,69.900,0.000,7.810,0.000,-28.590,1,0,1,0.000,1.155,5,0,0.828,4,0.000,2112.114,0.967,0.371,2.853,0.719,1.606,0.670,0.152,0.848,0.624,0.700
2100,70.000,0.000,10.050,0.000,2.240,1,0,1,0.000,1.377,5,0,0.828,4,154.392,2370.738,0.967,0.381,3.202,0.658,1.017,0.294,0.135,0.865,0.650,0.750
2103,70.100,0.000,20.616,0.000,10.566,1,0,1,0.000,1.334,5,0,0.828,4,0.000,2355.838,0.967,0.381,2.854,0.443,0.513,1.099,0.132,0.868,0.715,0.580
2106,70.200,0.000,0.000,0.000,0.000,0,0,0,0.000,0.000,6,1,0.793,0,0.000,2355.838,0.933,0.381,2.814,0.603,0.140,0.700,0.140,0.860,0.310,0.750
2109,70.300,0.000,327.576,0.000,324.414,2,0,1,327.576,1.009,6,0,0.793,6,196.431,2526.269,0.933,0.376,4.147,0.314,0.180,2.464,0.137,0.863,0.974,0.750
2112,70.400,110.535,313.704,75.995,-13.872,2,1,1,349.367,1.933,6,0,0.793,6,191.669,2627.269,0.933,0.366,3.817,0.518,0.415,0.880,0.118,0.882,0.951,0.750
2115,70.500,9.434,31.385,-101.101,-282.319,2,1,1,326.339,1.888,5,1,0.759,6,164.560,2967.310,0.933,0.355,5.677,0.563,0.666,0.254,0.166,0.834,0.919,0.750
2118,70.600,0.000,0.000,0.000,0.000,0,0,0,0.000,0.000,5,0,0.759,0,164.560,2967.310,0.900,0.355,4.049,0.577,0.975,2.698,0.189,0.811,0.339,0.750
2121,70.700,0.000,0.000,0.000,0.000,0,0,0,0.000,0.000,5,0,0.759,0,164.560,2967.310,0.867,0.355,4.421,0.752,1.415,2.047,0.196,0.804,0.332,0.750
2124,70.800,0.000,0.000,0.000,0.000,0,0,0,0.000,0.000,5,1,0.724,0,164.560,2967.310,0.833,0.355,5.153,0.943,1.798,2.044,0.215,0.785,0.333,0.750
2127,70.900,0.000,0.000,0.000,0.000,0,0,0,0.000,0.000,5,0,0.724,0,164.560,2967.310,0.800,0.355,7.696,0.977,2.204,0.025,0.246,0.754,0.390,0.750
2130,71.000,0.000,0.000,0.000,0.000,0,0,0,0.000,0.000,5,0,0.724,0,164.560,2967.310,0.767,0.355,8.028,0.963,2.324,0.424,0.248,0.752,0.395,0.750
2133,71.100,0.000,0.000,0.000,0.000,0,0,0,0.000,0.000,5,0,0.724,0,164.560,2967.310,0.733,0.355,11.999,0.974,2.372,0.555,0.242,0.758,0.390,0.750
2136,71.200,0.000,0.000,0.000,0.000,0,0,0,0.000,0.000,5,0,0.724,0,164.560,2967.310,0.700,0.355,16.319,0.980,2.133,0.027,0.243,0.757,0.385,0.750
2139,71.300,0.000,0.000,0.000,0.000,0,0,0,0.000,0.000,5,0,0.759,0,164.560,2967.310,0.667,0.355,13.919,0.978,1.663,0.204,0.247,0.753,0.382,0.750
2142,71.400,0.000,0.000,0.000,0.000,0,0,0,0.000,0.000,3,1,0.724,0,164.560,2967.310,0.633,0.355,19.297,0.976,1.212,0.053,0.245,0.755,0.278,0.750
2145,71.500,0.000,0.000,0.000,0.000,0,0,0,0.000,0.000,3,0,0.724,0,164.560,2967.310,0.600,0.355,16.666,0.961,0.700,0.132,0.238,0.762,0.275,0.750
2148,71.600,0.000,0.000,0.000,0.000,0,0,0,0.000,0.000,3,0,0.759,0,164.560,2967.310,0.567,0.355,15.924,0.227,0.305,2.861,0.344,0.656,0.322,0.750
2151,71.700,0.000,0.000,0.000,0.000,0,0,0,0.000,0.000,4,1,0.724,0,164.560,2967.310,0.533,0.355,1.114,0.598,0.081,2.297,0.094,0.906,0.220,0.750
2154,71.800,0.000,0.000,0.000,0.000,0,0,0,0.000,0.000,4,0,0.724,0,164.560,2967.310,0.500,0.355,5.272,0.452,0.283,3.091,0.115,0.885,0.330,0.750
2157,71.900,0.000,0.000,0.000,0.000,0,0,0,0.000,0.000,4,0,0.759,0,164.560,2967.310,0.467,0.355,3.131,0.829,0.474,1.240,0.081,0.919,0.246,0.750
2160,72.000,0.000,0.000,0.000,0.000,0,0,0,0.000,0.000,4,0,0.759,0,164.560,2967.310,0.433,0.355,2.785,0.369,0.655,0.048,0.093,0.907,0.266,0.750
2163,72.100,0.000,0.000,0.000,0.000,0,0,0,0.000,0.000,4,0,0.759,0,164.560,2967.310,0.400,0.355,4.348,0.598,0.894,0.138,0.104,0.896,0.285,0.750
2166,72.200,0.000,0.000,0.000,0.000,0,0,0,0.000,0.000,4,0,0.793,0,164.560,2967.310,0.367,0.355,2.877,0.515,1.383,1.861,0.096,0.904,0.250,0.750
2169,72.300,0.000,0.000,0.000,0.000,0,0,0,0.000,0.000,4,0,0.793,0,164.560,2967.310,0.367,0.355,3.964,0.408,1.832,1.331,0.133,0.867,0.285,0.750
2172,72.400,0.000,0.000,0.000,0.000,0,0,0,0.000,0.000,4,0,0.793,0,164.560,2967.310,0.333,0.355,4.493,0.633,2.888,0.680,0.178,0.822,0.278,0.750
2175,72.500,0.000,0.000,0.000,0.000,0,0,0,0.000,0.000,4,0,0.828,0,164.560,2967.310,0.300,0.355,5.439,0.654,2.453,0.012,0.182,0.818,0.296,0.750
2178,72.600,478.315,0.000,468.881,0.000,1,1,0,0.000,1.614,5,1,0.793,4,0.000,3420.630,0.300,0.183,6.041,0.672,2.242,0.093,0.184,0.816,0.834,0.750
2181,72.700,0.000,103.247,0.000,71.863,1,0,1,0.000,1.838,5,0,0.793,2,48.166,3521.757,0.300,0.187,6.299,0.724,1.215,0.120,0.185,0.815,0.765,0.500
2184,72.800,0.000,35.128,0.000,-68.119,1,0,1,0.000,2.121,5,0,0.793,2,62.482,3550.049,0.300,0.187,8.194,0.673,0.434,0.084,0.181,0.819,0.756,0.450
2187,72.900,0.000,29.833,0.000,6.488,2,0,1,29.833,1.838,4,1,0.759,4,0.000,3117.497,0.300,0.187,7.640,0.709,0.142,0.063,0.171,0.829,0.873,0.750
2190,73.000,0.000,22.000,0.000,-7.833,1,0,1,0.000,1.877,4,0,0.759,2,36.401,2865.027,0.300,0.183,7.888,0.475,0.249,0.137,0.154,0.846,0.712,0.650
2193,73.100,0.000,8.602,0.000,-13.398,1,0,1,0.000,2.011,4,0,0.793,2,37.014,2321.354,0.300,0.183,5.878,0.416,0.506,0.224,0.142,0.858,0.592,0.580
2196,73.200,0.000,20.224,0.000,11.621,1,0,1,0.000,1.922,4,1,0.759,2,22.023,2102.380,0.333,0.187,4.472,0.450,0.777,0.557,0.128,0.872,0.623,0.750
2199,73.300,0.000,26.249,0.000,6.025,1,0,1,0.000,1.737,4,0,0.759,2,23.707,1387.590,0.333,0.187,4.730,0.420,0.697,0.352,0.147,0.853,0.665,0.580
2202,73.400,0.000,35.114,0.000,8.865,1,0,1,0.000,1.577,4,0,0.793,2,18.868,829.525,0.333,0.192,4.349,0.563,0.725,0.658,0.147,0.853,0.694,0.350
2205,73.500,49.244,0.000,-429.070,0.000,1,1,0,0.000,1.563,3,1,0.759,2,0.000,535.390,0.333,0.192,6.184,0.349,0.696,0.582,0.165,0.835,0.740,0.750
2208,73.600,0.000,0.000,0.000,0.000,0,0,0,0.000,0.000,3,0,0.759,0,0.000,535.390,0.333,0.192,7.550,0.650,0.605,1.794,0.190,0.810,0.253,0.650
2211,73.700,0.000,0.000,0.000,0.000,0,0,0,0.000,0.000,3,0,0.793,0,0.000,535.390,0.333,0.192,5.875,0.623,0.573,1.159,0.153,0.847,0.213,0.580
2214,73.800,0.000,0.000,0.000,0.000,0,0,0,0.000,0.000,5,1,0.759,0,0.000,535.390,0.333,0.192,2.745,0.477,0.513,0.068,0.128,0.872,0.245,0.750
2217,73.900,0.000,0.000,0.000,0.000,0,0,0,0.000,0.000,5,0,0.759,0,0.000,535.390,0.333,0.192,3.014,0.431,0.508,0.280,0.127,0.873,0.255,0.580
2220,74.000,0.000,0.000,0.000,0.000,0,0,0,0.000,0.000,5,0,0.759,0,0.000,535.390,0.333,0.192,3.569,0.429,0.481,0.088,0.100,0.900,0.269,0.580
2223,74.100,0.000,0.000,0.000,0.000,0,0,0,0.000,0.000,4,1,0.724,0,0.000,535.390,0.333,0.192,3.509,0.282,0.469,0.185,0.107,0.893,0.278,0.750
2226,74.200,0.000,0.000,0.000,0.000,0,0,0,0.000,0.000,4,0,0.724,0,0.000,535.390,0.333,0.192,2.709,0.258,0.435,1.036,0.108,0.892,0.260,0.580
2229,74.300,0.000,0.000,0.000,0.000,0,0,0,0.000,0.000,4,0,0.759,0,0.000,535.390,0.333,0.192,3.647,0.597,0.391,0.821,0.110,0.890,0.259,0.580
2232,74.400,302.605,0.000,64.849,0.000,2,1,0,302.605,1.942,4,0,0.759,4,0.000,405.597,0.367,0.211,3.014,0.700,0.395,0.479,0.108,0.892,0.850,0.650
2235,74.500,315.598,83.006,12.992,47.892,2,1,1,302.002,1.940,4,0,0.759,4,0.000,411.488,0.400,0.211,3.982,0.692,0.386,0.342,0.120,0.880,0.879,0.500
2238,74.600,12.530,10.050,-303.068,-72.956,2,1,1,308.968,1.772,4,0,0.793,5,0.000,363.359,0.433,0.211,4.570,0.719,0.399,0.219,0.132,0.868,0.716,0.580
2241,74.700,5.385,0.000,-7.145,0.000,1,1,0,0.000,1.748,4,0,0.793,2,42.544,364.775,0.467,0.211,2.475,0.686,0.384,0.507,0.120,0.880,0.490,0.650
2244,74.800,8.544,0.000,3.159,0.000,1,1,0,0.000,1.422,4,0,0.793,2,0.000,347.688,0.500,0.214,3.500,0.835,0.659,0.191,0.148,0.852,0.526,0.580
2247,74.900,13.454,0.000,4.910,0.000,1,1,0,0.000,1.653,4,0,0.793,2,0.000,336.027,0.533,0.211,2.960,0.780,0.684,0.359,0.143,0.857,0.548,0.580
2250,75.000,3.162,0.000,-10.291,0.000,1,1,0,0.000,1.482,5,1,0.759,3,28.844,368.399,0.567,0.215,2.434,0.755,0.821,0.968,0.143,0.857,0.502,0.750
2253,75.100,2.236,0.000,-0.926,0.000,1,1,0,0.000,1.463,5,0,0.759,3,22.672,436.745,0.600,0.215,3.762,0.781,1.213,0.018,0.162,0.838,0.532,0.580
2256,75.200,5.385,0.000,3.149,0.000,1,1,0,0.000,1.183,5,0,0.759,3,31.623,416.144,0.633,0.218,3.339,0.782,1.479,0.245,0.170,0.830,0.543,0.700
2259,75.300,304.056,0.000,298.671,0.000,1,1,0,0.000,0.928,4,1,0.724,2,0.000,448.789,0.667,0.218,4.696,0.526,1.978,2.205,0.154,0.846,0.801,0.750
2262,75.400,5.657,0.000,-298.399,0.000,1,1,0,0.000,0.915,4,0,0.724,3,0.000,605.988,0.700,0.222,4.264,0.795,1.641,2.296,0.175,0.825,0.601,0.700
2265,75.500,0.000,0.000,0.000,0.000,0,0,0,0.000,0.000,4,0,0.759,0,0.000,605.988,0.700,0.222,4.142,0.804,1.397,0.290,0.181,0.819,0.301,0.650
2268,75.600,0.000,0.000,0.000,0.000,0,0,0,0.000,0.000,5,1,0.724,0,0.000,605.988,0.667,0.222,5.580,0.754,1.228,0.209,0.190,0.810,0.337,0.750
2271,75.700,0.000,0.000,0.000,0.000,0,0,0,0.000,0.000,5,0,0.724,0,0.000,605.988,0.633,0.222,5.648,0.640,1.004,0.083,0.188,0.812,0.342,0.580
2274,75.800,0.000,0.000,0.000,0.000,0,0,0,0.000,0.000,5,0,0.759,0,0.000,605.988,0.600,0.222,4.644,0.686,0.716,0.166,0.184,0.816,0.310,0.580
2277,75.900,0.000,0.000,0.000,0.000,0,0,0,0.000,0.000,5,1,0.724,0,0.000,605.988,0.567,0.222,5.554,0.750,0.563,0.055,0.188,0.812,0.324,0.750
2280,76.000,0.000,0.000,0.000,0.000,0,0,0,0.000,0.000,5,0,0.724,0,0.000,605.988,0.533,0.222,5.414,0.717,0.307,0.080,0.181,0.819,0.319,0.580
2283,76.100,0.000,0.000,0.000,0.000,0,0,0,0.000,0.000,5,0,0.759,0,0.000,605.988,0.500,0.222,6.050,0.669,0.107,2.592,0.183,0.817,0.334,0.580
2286,76.200,0.000,0.000,0.000,0.000,0,0,0,0.000,0.000,5,1,0.724,0,0.000,605.988,0.467,0.222,5.298,0.534,0.027,0.120,0.166,0.834,0.321,0.750
2289,76.300,33.015,0.000,27.358,0.000,1,1,0,0.000,1.046,5,0,0.724,3,0.000,859.678,0.467,0.277,3.352,0.868,0.254,2.813,0.171,0.829,0.670,0.650
2292,76.400,0.000,0.000,0.000,0.000,0,0,0,0.000,0.000,5,0,0.759,0,0.000,859.678,0.433,0.277,5.593,0.582,0.306,2.045,0.182,0.818,0.321,0.650
2295,76.500,9.899,0.000,-23.116,0.000,1,1,0,0.000,1.261,4,1,0.724,3,0.000,1067.599,0.433,0.287,4.658,0.419,0.489,0.887,0.180,0.820,0.629,0.750
2298,76.600,39.962,301.664,30.063,291.614,2,1,1,253.239,1.547,4,0,0.724,5,0.000,961.004,0.467,0.276,3.513,0.392,0.817,0.267,0.175,0.825,0.896,0.650
2301,76.700,28.320,0.000,-11.643,0.000,1,1,0,0.000,1.492,4,0,0.759,3,54.644,988.877,0.500,0.281,3.798,0.638,1.540,0.514,0.169,0.831,0.703,0.700
2304,76.800,0.000,0.000,0.000,0.000,0,0,0,0.000,0.000,5,1,0.724,0,54.644,988.877,0.500,0.281,6.165,0.491,2.671,0.484,0.172,0.828,0.350,0.750
2307,76.900,0.000,0.000,0.000,0.000,0,0,0,0.000,0.000,5,0,0.724,0,54.644,988.877,0.500,0.281,4.598,0.678,2.298,0.292,0.181,0.819,0.297,0.700
2310,77.000,65.299,0.000,36.980,0.000,1,1,0,0.000,1.638,5,0,0.759,4,54.644,988.877,0.533,0.283,5.370,0.553,2.128,0.720,0.183,0.817,0.854,0.700
2313,77.100,22.825,0.000,-42.474,0.000,1,1,0,0.000,1.606,5,0,0.759,4,0.000,3004.977,0.567,0.278,4.599,0.444,2.133,0.621,0.178,0.822,0.723,0.700
2316,77.200,0.000,0.000,0.000,0.000,0,0,0,0.000,0.000,5,0,0.759,0,0.000,3004.977,0.567,0.278,3.656,0.646,1.483,0.554,0.164,0.836,0.284,0.700
2319,77.300,350.664,0.000,327.838,0.000,1,1,0,0.000,1.755,5,0,0.759,2,277.849,3171.335,0.600,0.282,3.075,0.713,0.999,0.445,0.153,0.847,0.721,0.750
2322,77.400,0.000,0.000,0.000,0.000,0,0,0,0.000,0.000,4,1,0.724,0,277.849,3171.335,0.567,0.282,2.235,0.589,0.805,0.398,0.152,0.848,0.253,0.750
2325,77.500,0.000,0.000,0.000,0.000,0,0,0,0.000,0.000,4,0,0.724,0,277.849,3171.335,0.533,0.282,2.394,0.553,0.383,0.363,0.161,0.839,0.255,0.750
2328,77.600,0.000,0.000,0.000,0.000,0,0,0,0.000,0.000,4,0,0.724,0,277.849,3171.335,0.500,0.282,2.046,0.596,0.086,0.602,0.135,0.865,0.239,0.750
2331,77.700,0.000,0.000,0.000,0.000,0,0,0,0.000,0.000,5,1,0.690,0,277.849,3171.335,0.467,0.282,1.563,0.644,0.237,0.182,0.144,0.856,0.220,0.750
2334,77.800,1.414,0.000,-349.249,0.000,1,1,0,0.000,1.989,5,0,0.690,2,36.620,3179.189,0.467,0.291,1.538,0.591,0.663,1.124,0.106,0.894,0.433,0.650
2337,77.900,0.000,0.000,0.000,0.000,0,0,0,0.000,0.000,5,0,0.724,0,36.620,3179.189,0.433,0.291,1.523,0.466,0.760,0.971,0.099,0.901,0.227,0.650
2340,78.000,0.000,0.000,0.000,0.000,0,0,0,0.000,0.000,5,0,0.724,0,36.620,3179.189,0.400,0.291,1.216,0.580,1.227,0.562,0.095,0.905,0.208,0.580
2343,78.100,0.000,0.000,0.000,0.000,0,0,0,0.000,0.000,5,0,0.724,0,36.620,3179.189,0.367,0.291,1.458,0.332,1.941,1.640,0.097,0.903,0.227,0.700
2346,78.200,0.000,0.000,0.000,0.000,0,0,0,0.000,0.000,5,0,0.759,0,36.620,3179.189,0.333,0.291,5.486,0.478,2.030,0.754,0.121,0.879,0.314,0.700
2349,78.300,0.000,0.000,0.000,0.000,0,0,0,0.000,0.000,4,1,0.724,0,36.620,3179.189,0.300,0.291,2.898,0.569,2.040,2.734,0.089,0.911,0.239,0.750
2352,78.400,0.000,0.000,0.000,0.000,0,0,0,0.000,0.000,4,0,0.724,0,36.620,3179.189,0.267,0.291,6.159,0.458,2.246,0.834,0.120,0.880,0.324,0.700
2355,78.500,0.000,0.000,0.000,0.000,0,0,0,0.000,0.000,4,0,0.759,0,36.620,3179.189,0.267,0.291,8.461,0.552,2.184,0.304,0.128,0.872,0.363,0.700
2358,78.600,0.000,62.769,0.000,-238.894,1,0,1,0.000,1.404,5,1,0.724,2,0.000,3561.814,0.300,0.295,3.037,0.621,2.092,0.054,0.125,0.875,0.690,0.750
2361,78.700,0.000,31.064,0.000,-31.705,1,0,1,0.000,1.171,5,0,0.724,2,0.000,4042.139,0.333,0.301,2.709,0.758,2.158,0.032,0.118,0.882,0.599,0.700
2364,78.800,0.000,19.925,0.000,-11.140,1,0,1,0.000,0.905,5,0,0.759,2,12.728,4295.047,0.367,0.301,2.743,0.849,1.993,0.199,0.129,0.871,0.536,0.700
2367,78.900,0.000,6.325,0.000,-13.600,1,0,1,0.000,0.837,5,1,0.724,2,9.000,4474.165,0.400,0.306,1.740,0.765,1.705,0.904,0.107,0.893,0.445,0.750
2370,79.000,0.000,3.606,0.000,-2.719,1,0,1,0.000,1.016,5,0,0.724,1,7.000,4579.574,0.433,0.306,1.440,0.845,1.317,0.357,0.109,0.891,0.385,0.580
2373,79.100,0.000,9.899,0.000,6.294,1,0,1,0.000,1.359,5,0,0.759,2,13.038,4610.338,0.467,0.311,1.361,0.656,1.113,0.524,0.105,0.895,0.471,0.580
2376,79.200,0.000,23.195,0.000,13.295,1,0,1,0.000,1.222,5,1,0.724,2,26.306,4677.044,0.500,0.316,6.304,0.183,0.914,1.213,0.131,0.869,0.706,0.750
2379,79.300,405.247,21.024,403.833,-2.171,2,1,1,478.151,1.890,5,0,0.724,6,409.689,7136.550,0.500,0.306,3.881,0.358,0.428,0.935,0.137,0.863,0.912,0.750
2382,79.400,0.000,432.167,0.000,407.087,2,0,1,432.167,1.225,5,0,0.759,6,421.086,7422.597,0.533,0.301,6.581,0.698,0.203,2.180,0.155,0.845,0.960,0.750
2385,79.500,54.406,0.000,-350.841,0.000,1,1,0,0.000,1.967,6,1,0.724,5,0.000,12173.224,0.533,0.295,7.992,0.527,0.220,0.642,0.163,0.837,0.927,0.750
2388,79.600,0.000,42.059,0.000,-390.107,1,0,1,0.000,1.333,6,0,0.724,5,0.000,14228.987,0.533,0.300,5.523,0.286,0.671,1.985,0.164,0.836,0.866,0.550
2391,79.700,0.000,14.866,0.000,-27.193,1,0,1,0.000,1.704,6,0,0.759,5,0.000,14228.987,0.533,0.289,4.006,0.669,0.912,0.238,0.169,0.831,0.650,0.580
2394,79.800,0.000,14.866,0.000,0.000,1,0,1,0.000,1.444,6,0,0.759,5,0.000,14228.987,0.567,0.289,6.734,0.752,0.723,1.008,0.193,0.807,0.716,0.580
2397,79.900,0.000,10.050,0.000,-4.816,1,0,1,0.000,1.389,6,0,0.759,5,0.000,14228.987,0.600,0.282,6.328,0.847,1.159,0.311,0.202,0.798,0.677,0.580
2400,80.000,0.000,21.840,0.000,11.790,1,0,1,0.000,1.518,6,0,0.759,5,0.000,14228.987,0.600,0.282,2.937,0.844,0.982,0.480,0.173,0.827,0.658,0.580
2403,80.100,24.597,0.000,-29.809,0.000,1,1,0,0.000,1.779,5,1,0.724,3,0.000,14228.987,0.600,0.264,2.149,0.701,0.492,1.315,0.147,0.853,0.621,0.750
2406,80.200,0.000,12.000,0.000,-9.840,1,0,1,0.000,1.739,5,0,0.724,3,0.000,14228.987,0.633,0.379,3.012,0.583,0.523,0.457,0.169,0.831,0.585,0.580
2409,80.300,386.792,25.554,362.195,13.554,2,1,1,375.851,1.864,5,0,0.759,6,0.000,14978.100,0.633,0.358,5.904,0.633,0.565,0.088,0.197,0.803,0.959,0.650
2412,80.400,0.000,8.544,0.000,-17.010,1,0,1,0.000,1.849,3,1,0.724,2,193.652,14763.060,0.667,0.347,6.174,0.572,0.681,1.091,0.203,0.797,0.562,0.750
2415,80.500,127.562,10.296,-259.230,1.752,2,1,1,263.615,1.889,3,0,0.724,4,60.208,13722.387,0.700,0.336,5.079,0.534,0.838,1.813,0.178,0.822,0.854,0.650
2418,80.600,19.698,6.403,-107.864,-3.893,2,1,1,250.032,1.619,3,0,0.759,4,65.795,12203.684,0.733,0.347,5.313,0.507,0.974,0.053,0.213,0.787,0.725,0.580
2421,80.700,204.299,0.000,-9.984,0.000,2,1,0,204.299,1.560,5,1,0.724,6,60.308,9387.044,0.767,0.347,5.148,0.780,1.111,1.120,0.182,0.818,0.946,0.750
2424,80.800,190.263,0.000,-0.894,0.000,2,1,0,190.263,1.924,5,0,0.724,6,56.639,6159.415,0.767,0.347,3.667,0.914,0.867,2.200,0.178,0.822,0.900,0.550
2427,80.900,174.347,0.000,-7.273,0.000,2,1,0,174.347,2.443,5,0,0.724,4,0.000,1995.244,0.800,0.347,2.921,0.916,0.804,0.020,0.170,0.830,0.849,0.350
2430,81.000,152.118,0.000,1.998,0.000,2,1,0,152.118,2.875,5,1,0.690,5,53.759,1254.300,0.833,0.347,2.881,0.937,0.517,0.126,0.173,0.827,0.886,0.750
2433,81.100,158.051,0.000,5.047,0.000,2,1,0,158.051,3.118,5,0,0.690,5,55.154,1271.369,0.867,0.347,2.033,0.942,0.155,0.232,0.159,0.841,0.869,0.350
2436,81.200,168.297,0.000,6.220,0.000,2,1,0,168.297,3.115,5,0,0.724,6,37.643,1486.544,0.900,0.347,1.277,0.903,0.059,0.460,0.136,0.864,0.857,0.350
2439,81.300,180.011,0.000,4.000,0.000,2,1,0,180.011,3.110,4,1,0.690,5,87.983,1650.729,0.933,0.347,1.474,0.840,0.096,0.604,0.135,0.865,0.870,0.750
2442,81.400,38.419,0.000,-141.592,0.000,1,1,0,0.000,2.803,4,0,0.690,2,23.345,1597.069,0.967,0.347,4.799,0.609,0.357,0.337,0.140,0.860,0.797,0.650
2445,81.500,0.000,0.000,0.000,0.000,0,0,0,0.000,0.000,4,0,0.724,0,23.345,1597.069,0.967,0.347,8.541,0.516,0.405,0.257,0.181,0.819,0.450,0.650
2448,81.600,0.000,85.843,0.000,79.440,1,0,1,0.000,1.813,5,1,0.690,3,23.345,1597.069,0.967,0.339,7.796,0.454,0.093,0.410,0.165,0.835,0.937,0.750
2451,81.700,289.558,0.000,251.140,0.000,1,1,0,0.000,2.706,5,0,0.690,3,133.135,1873.879,0.967,0.339,5.189,0.638,0.111,0.116,0.203,0.797,0.859,0.740
2454,81.800,0.000,56.080,0.000,-29.763,1,0,1,0.000,1.868,5,0,0.724,3,32.016,2005.850,0.967,0.350,6.834,0.760,0.171,1.801,0.194,0.806,0.892,0.550
2457,81.900,0.000,19.313,0.000,-36.767,1,0,1,0.000,1.678,5,0,0.724,3,14.866,2124.889,0.967,0.350,4.318,0.772,0.101,0.681,0.165,0.835,0.685,0.580
2460,82.000,0.000,5.385,0.000,-13.928,1,0,1,0.000,1.448,5,0,0.724,3,29.069,2145.938,0.967,0.350,1.475,0.526,0.099,2.980,0.137,0.863,0.554,0.580
2463,82.100,0.000,8.944,0.000,3.559,1,0,1,0.000,1.424,5,0,0.759,3,7.071,2288.844,0.967,0.350,2.472,0.858,0.368,0.253,0.174,0.826,0.575,0.580
2466,82.200,0.000,3.162,0.000,-5.782,1,0,1,0.000,1.347,5,0,0.759,3,3.606,2366.844,0.967,0.350,2.532,0.859,0.711,0.017,0.174,0.826,0.545,0.580
2469,82.300,0.000,6.083,0.000,2.920,1,0,1,0.000,1.189,5,0,0.759,3,32.249,2455.189,0.967,0.360,3.716,0.777,0.785,2.145,0.191,0.809,0.596,0.580
2472,82.400,477.445,0.000,187.887,0.000,1,1,0,0.000,2.680,5,0,0.793,3,329.961,4007.474,0.967,0.360,9.386,0.749,0.768,2.322,0.228,0.772,0.922,0.750
2475,82.500,0.000,0.000,0.000,0.000,0,0,0,0.000,0.000,5,0,0.793,0,329.961,4007.474,0.933,0.360,10.798,0.722,0.336,2.309,0.229,0.771,0.431,0.750
2478,82.600,248.871,0.000,-228.574,0.000,1,1,0,0.000,2.659,5,0,0.793,2,0.000,3849.169,0.933,0.366,12.036,0.556,0.223,0.325,0.222,0.778,0.895,0.650
2481,82.700,41.304,0.000,-207.568,0.000,1,1,0,0.000,2.329,5,0,0.793,2,0.000,3570.488,0.933,0.376,17.633,0.388,0.788,0.186,0.210,0.790,0.886,0.450
2484,82.800,55.362,0.000,14.059,0.000,1,1,0,0.000,2.304,5,0,0.793,2,121.696,3656.788,0.933,0.376,17.242,0.648,1.447,0.079,0.203,0.797,0.889,0.700
2487,82.900,91.088,0.000,35.725,0.000,1,1,0,0.000,1.969,5,0,0.793,3,0.000,4623.900,0.933,0.386,18.290,0.548,2.308,0.055,0.198,0.802,0.932,0.700
2490,83.000,0.000,0.000,0.000,0.000,0,0,0,0.000,0.000,5,0,0.828,0,0.000,4623.900,0.900,0.386,19.569,0.702,3.116,0.003,0.196,0.804,0.429,0.700
2493,83.100,0.000,0.000,0.000,0.000,0,0,0,0.000,0.000,4,1,0.793,0,0.000,4623.900,0.867,0.386,19.696,0.795,2.666,0.015,0.191,0.809,0.418,0.750
2496,83.200,0.000,0.000,0.000,0.000,0,0,0,0.000,0.000,4,0,0.793,0,0.000,4623.900,0.833,0.386,17.347,0.899,2.687,0.101,0.192,0.808,0.407,0.700
2499,83.300,0.000,0.000,0.000,0.000,0,0,0,0.000,0.000,4,0,0.828,0,0.000,4623.900,0.800,0.386,14.962,0.967,3.039,0.043,0.188,0.812,0.398,0.700
2502,83.400,210.193,0.000,119.105,0.000,1,1,0,0.000,1.579,4,0,0.828,2,0.000,4623.900,0.800,0.336,10.158,0.942,3.189,0.198,0.184,0.816,0.870,0.700
2505,83.500,118.089,0.000,-92.104,0.000,1,1,0,0.000,1.867,4,0,0.828,2,0.000,4623.900,0.800,0.344,7.527,0.812,3.495,0.250,0.180,0.820,0.867,0.700
2508,83.600,51.352,0.000,-1.459,0.000,2,1,0,51.352,1.522,4,0,0.862,4,0.000,5563.948,0.800,0.344,7.433,0.848,3.595,0.351,0.169,0.831,1.000,0.700
2511,83.700,0.000,0.000,0.000,0.000,0,0,0,0.000,0.000,4,0,0.862,0,0.000,5563.948,0.767,0.344,5.632,0.356,3.792,0.105,0.124,0.876,0.378,0.700
2514,83.800,0.000,0.000,0.000,0.000,0,0,0,0.000,0.000,4,0,0.862,0,0.000,5563.948,0.733,0.344,6.991,0.274,3.944,2.789,0.200,0.800,0.414,0.700
2517,83.900,0.000,0.000,0.000,0.000,0,0,0,0.000,0.000,4,0,0.897,0,0.000,5563.948,0.700,0.344,5.143,0.381,4.040,0.034,0.181,0.819,0.356,0.700
2520,84.000,64.413,128.503,13.061,122.420,2,1,1,504.071,1.499,4,0,0.897,6,47.424,5427.674,0.700,0.339,8.369,0.815,3.205,0.018,0.194,0.806,1.000,0.700
2523,84.100,4.243,15.620,-60.170,-112.882,2,1,1,511.947,1.799,4,0,0.897,6,0.000,4761.888,0.700,0.339,10.907,0.829,2.533,0.114,0.207,0.793,0.843,0.700
2526,84.200,23.259,34.438,19.017,18.818,2,1,1,503.489,1.477,4,0,0.931,6,0.000,3429.119,0.700,0.327,11.712,0.842,2.032,0.212,0.201,0.799,0.946,0.700
2529,84.300,19.105,40.311,-4.154,5.873,2,1,1,517.186,1.475,5,1,0.897,6,0.000,2066.549,0.700,0.319,9.570,0.842,1.250,0.069,0.207,0.793,0.979,0.750
2532,84.400,26.077,8.062,6.972,-32.249,2,1,1,503.017,1.507,5,0,0.897,6,0.000,1628.409,0.700,0.310,7.150,0.904,0.800,0.007,0.203,0.797,0.874,0.580
2535,84.500,9.220,1.414,-16.857,-6.648,2,1,1,493.150,1.180,5,0,0.931,6,0.000,1333.854,0.733,0.302,4.856,0.854,0.413,0.169,0.199,0.801,0.731,0.580
2538,84.600,9.849,7.616,0.629,6.202,2,1,1,477.948,1.033,4,1,0.897,6,0.000,1964.877,0.733,0.293,5.244,0.800,0.089,0.014,0.191,0.809,0.748,0.750
2541,84.700,0.000,452.922,0.000,429.321,2,0,1,452.922,0.854,4,0,0.897,6,167.869,3497.395,0.733,0.270,3.733,0.796,0.183,0.572,0.170,0.830,0.906,0.750
2544,84.800,13.416,440.883,3.568,-12.038,2,1,1,437.937,1.024,4,0,0.897,6,0.000,3933.707,0.733,0.265,2.965,0.807,0.436,0.409,0.176,0.824,0.886,0.500
2547,84.900,0.000,434.732,0.000,421.579,2,0,1,434.732,1.328,5,1,0.862,6,317.266,5429.715,0.733,0.298,2.238,0.661,0.637,1.028,0.130,0.870,0.878,0.750
2550,85.000,4.123,431.779,-9.293,-2.953,2,1,1,435.901,1.681,5,0,0.862,6,146.540,4949.297,0.733,0.298,2.635,0.664,0.805,0.870,0.123,0.877,0.887,0.750
2553,85.100,4.472,37.336,0.349,-394.443,2,1,1,410.468,1.766,5,0,0.862,6,112.330,4061.609,0.733,0.298,3.082,0.886,0.993,0.889,0.130,0.870,0.840,0.624
2556,85.200,8.544,60.745,4.072,23.409,2,1,1,356.288,1.618,4,1,0.828,6,66.731,4303.874,0.733,0.298,2.198,0.347,1.182,2.813,0.103,0.897,0.899,0.750
2559,85.300,3.606,51.264,-4.938,-9.481,2,1,1,325.509,1.590,4,0,0.828,6,58.310,4325.038,0.733,0.298,3.162,0.686,1.341,2.678,0.122,0.878,0.899,0.550
2562,85.400,0.000,305.041,0.000,278.621,2,0,1,305.041,1.263,4,0,0.828,6,57.219,3271.889,0.733,0.298,1.959,0.750,1.528,0.715,0.120,0.880,0.864,0.700
2565,85.500,8.246,298.402,4.641,-6.639,2,1,1,298.804,1.500,5,1,0.793,6,50.090,3114.627,0.767,0.298,1.346,0.685,1.422,2.391,0.102,0.898,0.858,0.750
2568,85.600,0.000,289.233,0.000,277.027,2,0,1,289.233,1.264,5,0,0.793,6,52.038,3267.869,0.767,0.298,1.773,0.835,1.455,0.595,0.104,0.896,0.858,0.700
2571,85.700,0.000,286.810,0.000,2.803,2,0,1,286.810,1.731,5,0,0.793,6,50.000,2874.045,0.767,0.298,1.081,0.915,1.552,0.393,0.090,0.910,0.835,0.700
2574,85.800,10.630,281.016,2.384,-5.794,2,1,1,286.625,2.122,5,0,0.793,6,44.181,2633.914,0.767,0.298,0.668,0.834,1.669,0.240,0.066,0.934,0.830,0.700
2577,85.900,0.000,283.600,0.000,282.186,2,0,1,283.600,2.354,4,1,0.759,6,46.011,2525.125,0.767,0.298,0.425,0.493,1.740,0.090,0.051,0.949,0.848,0.750
2580,86.000,0.000,287.002,0.000,2.601,2,0,1,287.002,2.395,5,1,0.759,6,45.044,2441.787,0.800,0.298,0.278,0.621,1.765,1.602,0.032,0.968,0.839,0.750
2583,86.100,0.000,294.401,0.000,2.590,2,0,1,294.401,2.746,4,1,0.724,6,53.151,2445.444,0.833,0.298,0.831,0.034,1.776,1.274,0.075,0.925,0.898,0.750
2586,86.200,12.369,301.219,1.739,6.818,2,1,1,310.736,2.746,4,0,0.724,6,57.428,2505.594,0.867,0.298,0.936,0.500,1.972,2.578,0.074,0.926,0.872,0.700
2589,86.300,8.544,4.000,-3.825,-297.219,2,1,1,318.955,2.432,4,0,0.724,6,67.186,2423.369,0.900,0.298,1.245,0.654,2.127,0.097,0.095,0.905,0.671,0.700
2592,86.400,5.831,1.414,-2.713,-2.586,2,1,1,326.166,2.350,4,0,0.724,6,62.032,2462.798,0.900,0.298,1.372,0.854,2.201,0.334,0.107,0.893,0.645,0.700
2595,86.500,7.280,4.000,1.449,2.586,2,1,1,335.316,2.234,4,0,0.724,6,66.641,2580.969,0.900,0.298,1.179,0.639,1.909,2.867,0.092,0.908,0.663,0.700
2598,86.600,4.000,4.123,-3.280,0.123,2,1,1,341.696,1.873,4,0,0.724,6,71.694,2633.325,0.900,0.298,1.027,0.387,1.717,2.109,0.088,0.912,0.660,0.700
2601,86.700,4.472,3.162,0.472,-0.961,2,1,1,346.978,1.552,5,1,0.690,6,165.560,4418.269,0.933,0.298,0.993,0.688,1.612,0.202,0.106,0.894,0.644,0.750
2604,86.800,5.657,5.000,1.185,1.838,2,1,1,348.421,1.317,5,0,0.690,6,82.735,4720.188,0.967,0.298,1.430,0.784,1.484,1.774,0.131,0.869,0.658,0.700
2607,86.900,6.325,3.162,0.668,-1.838,2,1,1,355.383,1.081,5,0,0.690,6,0.000,4919.049,1.000,0.298,1.501,0.748,1.417,1.393,0.133,0.867,0.670,0.700
2610,87.000,8.062,19.925,1.738,16.763,2,1,1,377.239,0.768,4,1,0.655,6,59.548,5320.165,1.000,0.298,2.642,0.502,1.306,1.770,0.143,0.857,0.792,0.750
2613,87.100,9.220,47.885,1.157,27.960,2,1,1,426.864,0.713,4,0,0.655,5,54.406,5891.529,1.000,0.311,4.811,0.491,1.124,0.013,0.179,0.821,0.986,0.550
2616,87.200,2.236,0.000,-6.983,0.000,1,1,0,0.000,0.518,4,0,0.690,2,28.071,5690.998,1.000,0.311,4.296,0.628,0.983,1.478,0.181,0.819,0.586,0.650
2619,87.300,35.903,0.000,33.667,0.000,1,1,0,0.000,0.596,5,1,0.655,4,0.000,4510.658,1.000,0.324,4.382,0.489,0.872,0.858,0.160,0.840,0.839,0.750
2622,87.400,0.000,324.746,0.000,276.861,1,0,1,0.000,0.963,5,0,0.655,4,0.000,4195.237,1.000,0.324,2.983,0.569,0.667,0.156,0.125,0.875,0.849,0.550
2625,87.500,85.633,0.000,49.730,0.000,1,1,0,0.000,0.626,5,0,0.690,4,156.320,4341.167,1.000,0.324,4.502,0.246,0.367,1.723,0.133,0.867,0.909,0.750
2628,87.600,0.000,0.000,0.000,0.000,0,0,0,0.000,0.000,5,0,0.690,0,156.320,4341.167,0.967,0.324,3.531,0.573,0.069,0.496,0.131,0.869,0.334,0.750
2631,87.700,0.000,0.000,0.000,0.000,0,0,0,0.000,0.000,5,0,0.690,0,156.320,4341.167,0.933,0.324,3.065,0.684,0.534,2.399,0.138,0.862,0.311,0.750
2634,87.800,0.000,0.000,0.000,0.000,0,0,0,0.000,0.000,5,0,0.724,0,156.320,4341.167,0.900,0.324,5.066,0.696,0.934,2.926,0.163,0.837,0.356,0.750
2637,87.900,0.000,0.000,0.000,0.000,0,0,0,0.000,0.000,3,1,0.690,0,156.320,4341.167,0.867,0.324,7.958,0.630,1.403,0.769,0.185,0.815,0.329,0.750
2640,88.000,0.000,0.000,0.000,0.000,0,0,0,0.000,0.000,3,0,0.690,0,156.320,4341.167,0.833,0.324,9.449,0.617,1.991,1.196,0.195,0.805,0.327,0.750
2643,88.100,0.000,0.000,0.000,0.000,0,0,0,0.000,0.000,3,0,0.724,0,156.320,4341.167,0.800,0.324,10.112,0.643,2.881,1.536,0.183,0.817,0.321,0.750
2646,88.200,0.000,0.000,0.000,0.000,0,0,0,0.000,0.000,3,0,0.724,0,156.320,4341.167,0.767,0.324,11.598,0.619,4.412,0.665,0.180,0.820,0.319,0.750
2649,88.300,0.000,0.000,0.000,0.000,0,0,0,0.000,0.000,3,0,0.724,0,156.320,4341.167,0.733,0.324,10.260,0.553,5.834,0.104,0.161,0.839,0.319,0.750
2652,88.400,0.000,0.000,0.000,0.000,0,0,0,0.000,0.000,3,0,0.759,0,156.320,4341.167,0.700,0.324,10.390,0.351,10.562,2.050,0.149,0.851,0.329,0.750
2655,88.500,0.000,0.000,0.000,0.000,0,0,0,0.000,0.000,4,1,0.724,0,156.320,4341.167,0.667,0.324,10.376,0.501,13.422,0.632,0.147,0.853,0.415,0.750
2658,88.600,0.000,0.000,0.000,0.000,0,0,0,0.000,0.000,4,0,0.724,0,156.320,4341.167,0.633,0.324,7.146,0.552,10.297,0.478,0.135,0.865,0.386,0.750
2661,88.700,0.000,401.852,0.000,77.106,1,0,1,0.000,1.237,4,0,0.724,2,156.320,4341.167,0.633,0.199,4.560,0.419,5.315,0.259,0.122,0.878,0.801,0.750
2664,88.800,263.139,0.000,177.506,0.000,1,1,0,0.000,0.576,6,1,0.724,4,156.320,4341.167,0.633,0.199,4.646,0.053,4.241,1.901,0.136,0.864,0.858,0.750
2667,88.900,200.661,0.000,-62.477,0.000,1,1,0,0.000,0.854,6,0,0.759,5,0.000,4547.819,0.633,0.199,5.153,0.471,3.636,1.330,0.169,0.831,0.872,0.700
2670,89.000,178.941,0.000,-21.720,0.000,1,1,0,0.000,0.824,6,0,0.793,5,0.000,4185.275,0.633,0.205,5.138,0.651,3.681,1.449,0.171,0.829,0.859,0.700
2673,89.100,100.409,0.000,-78.532,0.000,1,1,0,0.000,0.812,4,1,0.759,3,0.000,4185.275,0.633,0.205,4.621,0.743,3.391,0.134,0.165,0.835,0.825,0.750
2676,89.200,83.235,0.000,-17.175,0.000,1,1,0,0.000,0.821,4,0,0.759,2,0.000,4185.275,0.633,0.212,5.627,0.828,3.370,0.107,0.175,0.825,0.799,0.700
2679,89.300,41.785,0.000,-41.449,0.000,1,1,0,0.000,0.625,4,0,0.759,1,0.000,4185.275,0.633,0.219,4.290,0.885,3.520,0.013,0.158,0.842,0.698,0.700
2682,89.400,33.734,0.000,-8.051,0.000,1,1,0,0.000,0.535,4,0,0.759,1,0.000,4185.275,0.633,0.219,3.355,0.826,3.125,0.190,0.145,0.855,0.634,0.700
2685,89.500,32.650,0.000,-1.085,0.000,1,1,0,0.000,0.583,4,0,0.759,1,0.000,4185.275,0.633,0.225,5.227,0.927,2.033,0.027,0.178,0.822,0.668,0.700
2688,89.600,39.850,0.000,7.200,0.000,1,1,0,0.000,0.624,4,0,0.793,1,0.000,4185.275,0.633,0.231,5.951,0.905,1.279,0.009,0.182,0.818,0.728,0.000
2691,89.700,20.616,0.000,-19.234,0.000,1,1,0,0.000,0.353,5,1,0.759,1,0.000,4185.275,0.633,0.238,5.846,0.886,0.786,0.006,0.192,0.808,0.611,0.750
2694,89.800,6.000,0.000,-14.616,0.000,1,1,0,0.000,0.410,5,0,0.759,1,0.000,4185.275,0.633,0.244,5.398,0.955,0.334,0.057,0.202,0.798,0.513,0.580
2697,89.900,2.236,0.000,-3.764,0.000,1,1,0,0.000,0.505,5,0,0.793,1,0.000,4185.275,0.633,0.250,4.351,0.949,0.033,0.060,0.195,0.805,0.467,0.580
2700,90.000,5.000,0.000,2.764,0.000,1,1,0,0.000,0.622,4,1,0.759,1,0.000,4185.275,0.633,0.250,4.696,0.956,0.287,0.077,0.199,0.801,0.499,0.750
2703,90.100,4.472,0.000,-0.528,0.000,1,1,0,0.000,0.730,4,0,0.759,1,0.000,4185.275,0.633,0.256,4.901,0.969,0.577,0.042,0.198,0.802,0.501,0.580
2706,90.200,0.000,59.414,0.000,-342.438,1,0,1,0.000,1.567,4,0,0.793,3,0.000,4333.470,0.633,0.262,16.478,0.389,0.686,1.363,0.309,0.691,0.934,0.550
2709,90.300,0.000,3.000,0.000,-56.414,1,0,1,0.000,1.598,3,1,0.759,2,8.485,4233.429,0.633,0.262,0.149,0.649,0.433,0.203,0.025,0.975,0.471,0.750
2712,90.400,0.000,1.414,0.000,-1.586,1,0,1,0.000,1.736,3,0,0.759,2,4.123,4288.655,0.633,0.268,0.507,0.366,0.541,0.228,0.074,0.926,0.491,0.580
2715,90.500,0.000,1.414,0.000,0.000,1,0,1,0.000,1.973,4,1,0.724,2,7.616,4277.029,0.633,0.274,0.713,0.437,0.728,0.616,0.104,0.896,0.461,0.750
2718,90.600,0.000,1.414,0.000,0.000,1,0,1,0.000,1.894,4,0,0.724,2,2.828,4336.005,0.667,0.274,0.818,0.591,0.856,0.638,0.116,0.884,0.457,0.580
2721,90.700,0.000,1.414,0.000,0.000,1,0,1,0.000,2.066,3,1,0.690,2,2.828,4379.654,0.700,0.279,0.771,0.735,1.001,0.114,0.111,0.889,0.480,0.750
2724,90.800,0.000,5.385,0.000,3.971,1,0,1,0.000,1.769,3,0,0.724,2,2.000,4493.118,0.733,0.285,0.879,0.805,1.272,0.499,0.111,0.889,0.504,0.580
2727,90.900,0.000,7.071,0.000,1.686,1,0,1,0.000,1.542,4,1,0.690,3,119.474,4923.554,0.767,0.279,0.844,0.806,1.312,0.317,0.082,0.918,0.531,0.750
2730,91.000,0.000,7.616,0.000,0.545,1,0,1,0.000,1.229,4,0,0.690,3,126.400,5160.890,0.800,0.285,1.104,0.758,1.176,0.148,0.111,0.889,0.548,0.702
2733,91.100,0.000,3.162,0.000,-4.453,1,0,1,0.000,1.138,4,0,0.690,3,119.854,5106.217,0.833,0.285,0.776,0.547,1.189,0.456,0.100,0.900,0.534,0.666
2736,91.200,0.000,2.828,0.000,-0.334,1,0,1,0.000,1.098,3,1,0.655,2,15.620,4857.740,0.867,0.285,0.939,0.944,1.278,0.386,0.120,0.880,0.497,0.750
2739,91.300,0.000,2.000,0.000,-0.828,1,0,1,0.000,0.803,3,0,0.655,2,2.236,4529.919,0.900,0.291,1.102,0.961,1.465,0.169,0.129,0.871,0.499,0.700
2742,91.400,0.000,1.414,0.000,-0.586,1,0,1,0.000,0.901,3,0,0.690,2,8.246,3198.094,0.933,0.479,0.799,0.808,1.655,0.084,0.108,0.892,0.503,0.700
2745,91.500,0.000,2.236,0.000,0.822,1,0,1,0.000,1.057,3,0,0.690,2,8.246,1483.925,0.967,0.479,0.794,0.756,1.965,0.171,0.108,0.892,0.515,0.700
2748,91.600,0.000,2.236,0.000,0.000,1,0,1,0.000,1.087,3,0,0.690,2,8.062,760.769,1.000,0.487,0.609,0.222,3.461,0.296,0.078,0.922,0.552,0.700
2751,91.700,0.000,1.414,0.000,-0.822,1,0,1,0.000,0.982,3,0,0.724,2,0.000,787.349,1.000,0.487,0.709,0.621,4.760,0.119,0.085,0.915,0.522,0.700
2754,91.800,0.000,9.849,0.000,8.435,1,0,1,0.000,1.085,4,1,0.690,3,133.686,1148.725,1.000,0.496,0.600,0.496,1.677,2.831,0.058,0.942,0.590,0.750
2757,91.900,0.000,7.071,0.000,-2.778,1,0,1,0.000,1.109,4,0,0.690,2,0.000,1168.275,1.000,0.496,0.685,0.025,1.418,2.751,0.073,0.927,0.565,0.700
2760,92.000,0.000,4.123,0.000,-2.948,1,0,1,0.000,0.867,3,1,0.690,2,12.649,868.697,1.000,0.504,0.589,0.365,1.234,0.091,0.078,0.922,0.552,0.750
2763,92.100,0.000,2.236,0.000,-1.887,1,0,1,0.000,1.054,4,1,0.655,3,23.601,519.694,1.000,0.504,0.513,0.645,1.099,0.412,0.067,0.933,0.535,0.750
2766,92.200,0.000,2.236,0.000,0.000,1,0,1,0.000,1.072,3,1,0.621,2,11.045,506.247,1.000,0.513,0.632,0.659,0.998,2.120,0.073,0.927,0.522,0.750
2769,92.300,0.000,4.472,0.000,2.236,1,0,1,0.000,0.719,4,1,0.586,3,81.123,620.844,1.000,0.504,0.820,0.774,0.891,0.007,0.090,0.910,0.546,0.750
2772,92.400,0.000,9.849,0.000,5.377,1,0,1,0.000,0.749,5,1,0.552,4,153.701,1076.819,1.000,0.479,1.150,0.544,0.815,0.213,0.096,0.904,0.609,0.750
2775,92.500,0.000,12.649,0.000,2.800,1,0,1,0.000,0.721,5,0,0.552,4,155.618,1220.549,1.000,0.453,1.618,0.716,0.753,1.747,0.109,0.891,0.625,0.750
2778,92.600,0.000,4.123,0.000,-8.526,1,0,1,0.000,0.777,5,0,0.586,4,80.212,1282.649,1.000,0.444,1.297,0.944,0.671,1.524,0.126,0.874,0.553,0.580
2781,92.700,0.000,7.071,0.000,2.948,1,0,1,0.000,0.790,4,1,0.552,3,83.487,1360.797,1.000,0.444,0.912,0.877,0.578,0.195,0.096,0.904,0.556,0.750
2784,92.800,0.000,4.000,0.000,-3.071,1,0,1,0.000,0.795,4,0,0.552,2,10.630,1341.929,1.000,0.444,0.647,0.313,0.501,1.218,0.089,0.911,0.526,0.580
2787,92.900,0.000,3.000,0.000,-1.000,1,0,1,0.000,0.707,4,0,0.586,3,84.723,1341.128,1.000,0.435,0.599,0.677,0.442,0.102,0.079,0.921,0.539,0.580
2790,93.000,0.000,4.123,0.000,1.123,1,0,1,0.000,0.621,4,0,0.586,3,89.185,1036.569,1.000,0.435,0.838,0.857,0.387,0.488,0.102,0.898,0.539,0.580
2793,93.100,0.000,9.055,0.000,4.932,1,0,1,0.000,0.638,4,0,0.586,3,172.540,1525.108,1.000,0.435,1.034,0.844,0.324,0.149,0.092,0.908,0.572,0.750
2796,93.200,0.000,24.331,0.000,15.276,1,0,1,0.000,0.535,4,0,0.621,3,180.854,1799.259,1.000,0.435,3.007,0.740,0.249,0.060,0.105,0.895,0.714,0.750
2799,93.300,0.000,36.235,0.000,11.904,1,0,1,0.000,0.588,5,1,0.586,4,214.981,2597.977,1.000,0.426,2.938,0.759,1.016,0.167,0.095,0.905,0.786,0.750
2802,93.400,0.000,66.940,0.000,30.705,1,0,1,0.000,0.462,5,0,0.621,4,47.381,2998.359,1.000,0.417,3.013,0.714,2.196,1.281,0.134,0.866,0.839,0.700
2805,93.500,0.000,59.008,0.000,-7.932,1,0,1,0.000,0.442,5,0,0.621,4,47.381,2998.359,1.000,0.408,3.968,0.535,3.427,0.144,0.137,0.863,0.876,0.700
2808,93.600,167.765,49.254,163.293,-9.754,2,1,1,709.119,0.903,5,0,0.655,6,47.381,2998.359,1.000,0.399,4.491,0.542,4.755,0.503,0.147,0.853,0.974,0.700
2811,93.700,0.000,20.025,0.000,-29.229,1,0,1,0.000,0.591,5,0,0.655,4,47.381,2998.359,1.000,0.389,4.681,0.644,5.995,0.262,0.183,0.817,0.747,0.700
2814,93.800,0.000,0.000,0.000,0.000,0,0,0,0.000,0.000,5,0,0.690,0,47.381,2998.359,0.967,0.389,14.570,0.205,7.462,0.387,0.321,0.679,0.472,0.700
2817,93.900,85.586,0.000,-82.179,0.000,1,1,0,0.000,0.794,4,1,0.655,2,47.381,2998.359,0.967,0.381,5.082,0.906,12.898,2.014,0.217,0.783,0.820,0.750
2820,94.000,10.817,0.000,-74.770,0.000,1,1,0,0.000,1.081,4,0,0.655,2,47.381,2998.359,0.967,0.381,5.731,0.932,12.529,0.089,0.217,0.783,0.644,0.700
2823,94.100,8.062,0.000,-2.754,0.000,1,1,0,0.000,1.123,4,0,0.690,2,47.381,2998.359,0.967,0.381,6.672,0.956,9.748,0.040,0.221,0.779,0.651,0.700
2826,94.200,14.866,0.000,6.804,0.000,1,1,0,0.000,1.096,4,0,0.690,2,47.381,2998.359,0.967,0.391,8.678,0.975,10.056,0.578,0.224,0.776,0.720,0.700
2829,94.300,6.708,0.000,-8.158,0.000,1,1,0,0.000,1.058,4,0,0.690,2,47.381,2998.359,0.967,0.391,8.525,0.978,11.802,0.571,0.223,0.777,0.675,0.700
2832,94.400,10.770,0.000,4.062,0.000,1,1,0,0.000,1.025,4,0,0.690,2,47.381,2998.359,0.967,0.400,7.425,0.967,13.813,0.704,0.214,0.786,0.684,0.700
2835,94.500,10.440,0.000,-0.330,0.000,1,1,0,0.000,0.898,4,0,0.690,2,47.381,2998.359,0.967,0.400,7.632,0.973,15.120,0.116,0.209,0.791,0.687,0.700
2838,94.600,11.000,0.000,0.560,0.000,1,1,0,0.000,0.742,4,0,0.690,2,47.381,2998.359,0.967,0.410,6.742,0.914,16.609,0.002,0.204,0.796,0.672,0.700
2841,94.700,3.000,0.000,-8.000,0.000,1,1,0,0.000,0.737,4,0,0.724,2,47.381,2998.359,0.967,0.410,5.168,0.862,17.814,0.098,0.199,0.801,0.591,0.700
2844,94.800,3.606,0.000,0.606,0.000,1,1,0,0.000,0.475,4,0,0.724,2,47.381,2998.359,0.967,0.419,2.919,0.803,8.710,0.250,0.170,0.830,0.543,0.700
2847,94.900,11.662,0.000,8.056,0.000,1,1,0,0.000,0.441,4,0,0.759,2,578.063,7867.519,0.967,0.419,1.575,0.535,6.742,0.924,0.142,0.858,0.573,0.750
2850,95.000,9.849,0.000,-1.813,0.000,1,1,0,0.000,0.459,4,0,0.793,2,65.788,11074.688,0.967,0.419,1.622,0.671,5.579,0.799,0.139,0.861,0.554,0.700
2853,95.100,13.000,0.000,3.151,0.000,1,1,0,0.000,0.411,4,0,0.828,2,65.788,11074.688,0.967,0.419,2.458,0.762,4.216,0.179,0.161,0.839,0.586,0.700
2856,95.200,18.868,0.000,5.868,0.000,1,1,0,0.000,0.375,4,0,0.862,2,65.788,11074.688,0.967,0.428,3.738,0.725,3.276,0.420,0.179,0.821,0.654,0.700
2859,95.300,36.401,0.000,17.533,0.000,1,1,0,0.000,0.399,4,0,0.897,2,65.788,11074.688,0.967,0.428,5.430,0.822,2.706,0.004,0.206,0.794,0.786,0.700
2862,95.400,0.000,800.653,0.000,780.628,1,0,1,0.000,0.910,5,1,0.862,2,65.788,11074.688,0.967,0.428,7.206,0.887,0.681,0.308,0.212,0.788,0.856,0.750
2865,95.500,0.000,555.203,0.000,530.687,2,0,1,555.203,1.297,5,0,0.862,6,47.707,13134.029,0.967,0.419,7.263,0.762,0.646,0.244,0.206,0.794,1.000,0.650
2868,95.600,0.000,534.004,0.000,11.497,2,0,1,534.004,1.929,5,0,0.897,6,0.000,15440.519,0.967,0.419,6.836,0.627,0.591,0.474,0.191,0.809,1.000,0.550
2871,95.700,0.000,507.080,0.000,5.406,2,0,1,507.080,2.486,3,1,0.862,4,39.661,14529.090,0.967,0.419,6.912,0.711,0.485,0.197,0.133,0.867,0.919,0.750
2874,95.800,0.000,492.050,0.000,22.011,2,0,1,492.050,2.744,3,0,0.862,4,75.690,9407.219,0.967,0.419,5.713,0.310,0.292,0.179,0.145,0.855,0.917,0.480
2877,95.900,0.000,481.037,0.000,8.932,2,0,1,481.037,3.117,3,0,0.862,4,85.428,3114.864,0.967,0.419,4.898,0.444,0.091,0.048,0.151,0.849,0.887,0.350
2880,96.000,175.000,16.155,138.599,-464.882,2,1,1,482.126,2.776,4,1,0.828,6,51.088,2254.337,0.967,0.417,2.717,0.353,0.090,0.301,0.122,0.878,0.939,0.750
2883,96.100,4.472,18.439,-170.528,2.284,2,1,1,504.287,2.408,4,0,0.828,6,130.384,1851.997,0.967,0.399,4.437,0.122,0.340,0.469,0.113,0.887,0.851,0.724
2886,96.200,53.712,18.000,49.240,-0.439,2,1,1,551.567,2.245,4,0,0.862,6,0.000,2519.688,0.967,0.379,5.550,0.127,0.553,0.010,0.143,0.857,1.000,0.450
2889,96.300,53.009,14.213,-0.703,-3.787,2,1,1,545.976,2.143,3,1,0.828,4,0.000,2556.544,0.967,0.369,6.199,0.432,0.617,0.304,0.120,0.880,0.921,0.750
2892,96.400,75.690,5.099,22.681,-9.114,2,1,1,499.040,1.812,3,0,0.828,4,73.062,2421.559,0.967,0.358,5.352,0.509,0.538,0.526,0.158,0.842,0.894,0.350
2895,96.500,12.083,8.062,-63.607,2.963,2,1,1,497.821,1.723,3,0,0.828,4,0.000,2362.994,0.967,0.347,5.505,0.547,0.396,0.282,0.169,0.831,0.712,0.580
2898,96.600,5.000,0.000,-7.083,0.000,1,1,0,0.000,1.081,3,0,0.828,2,56.754,2002.138,0.967,0.347,5.526,0.617,0.241,0.742,0.172,0.828,0.559,0.650
2901,96.700,30.017,48.795,25.017,40.733,2,1,1,435.271,1.692,3,0,0.828,4,0.000,1551.767,0.967,0.336,5.904,0.602,0.128,0.654,0.188,0.812,0.901,0.650
2904,96.800,30.083,36.346,0.067,-12.450,2,1,1,456.956,1.580,3,0,0.862,4,0.000,1166.604,1.000,0.347,4.691,0.682,0.063,0.463,0.176,0.824,0.821,0.580
2907,96.900,18.028,0.000,-12.055,0.000,1,1,0,0.000,0.810,3,0,0.862,2,0.000,982.694,1.000,0.347,3.799,0.769,0.154,0.949,0.180,0.820,0.581,0.650
2910,97.000,22.204,0.000,4.176,0.000,1,1,0,0.000,0.829,3,0,0.862,2,0.000,983.364,1.000,0.358,5.356,0.686,0.006,1.100,0.192,0.808,0.649,0.580
2913,97.100,31.953,0.000,9.749,0.000,1,1,0,0.000,0.720,3,0,0.862,2,47.634,1022.910,1.000,0.369,6.240,0.633,0.102,0.055,0.181,0.819,0.729,0.580
2916,97.200,7.071,19.925,-24.882,-16.421,2,1,1,471.004,1.706,4,1,0.828,6,0.000,1078.994,1.000,0.358,5.272,0.623,0.123,0.312,0.171,0.829,0.849,0.750
2919,97.300,16.401,13.342,9.330,-6.583,2,1,1,484.004,1.695,4,0,0.828,6,0.000,1353.225,1.000,0.358,4.749,0.772,0.125,0.210,0.170,0.830,0.806,0.580
2922,97.400,10.440,54.203,-5.961,40.862,2,1,1,541.946,1.575,4,0,0.828,6,183.199,1940.430,1.000,0.358,5.419,0.671,0.076,1.414,0.182,0.818,0.988,0.750
2925,97.500,13.038,10.050,2.598,-44.153,2,1,1,544.827,1.633,3,1,0.793,4,0.000,2024.600,1.000,0.358,4.384,0.807,0.020,2.478,0.178,0.822,0.676,0.750
2928,97.600,15.264,5.831,2.226,-4.219,2,1,1,533.135,1.688,3,0,0.793,4,0.000,2125.400,1.000,0.358,3.419,0.826,0.238,0.044,0.170,0.830,0.662,0.580
2931,97.700,13.038,9.899,-2.226,4.069,2,1,1,519.035,1.415,3,0,0.793,4,48.826,2276.920,1.000,0.369,3.250,0.815,0.292,0.115,0.172,0.828,0.647,0.580
2934,97.800,9.000,3.000,-4.038,-6.899,2,1,1,510.079,1.152,3,0,0.793,4,47.265,2320.354,1.000,0.369,2.882,0.863,0.198,0.135,0.163,0.837,0.612,0.580
2937,97.900,4.000,7.616,-5.000,4.616,2,1,1,509.251,0.924,3,0,0.793,4,144.312,2658.645,1.000,0.369,2.182,0.758,0.028,0.044,0.152,0.848,0.594,0.750
2940,98.000,1.414,12.083,-2.586,4.467,2,1,1,503.672,0.852,3,0,0.793,4,52.326,2406.168,1.000,0.369,2.570,0.741,0.300,0.091,0.157,0.843,0.629,0.580
2943,98.100,8.602,10.296,7.188,-1.787,2,1,1,503.779,0.854,3,0,0.793,4,0.000,2431.438,1.000,0.358,2.615,0.889,0.669,0.047,0.151,0.849,0.610,0.580
2946,98.200,27.659,5.000,19.056,-5.296,2,1,1,521.004,1.079,3,0,0.793,4,0.000,1681.487,1.000,0.358,2.635,0.910,1.114,0.815,0.140,0.860,0.706,0.580
2949,98.300,32.527,10.198,4.868,5.198,2,1,1,534.495,0.911,3,0,0.828,4,55.227,1733.410,1.000,0.358,3.371,0.878,1.532,0.833,0.140,0.860,0.753,0.700
2952,98.400,24.083,4.472,-8.444,-5.726,2,1,1,547.691,0.828,4,1,0.793,6,188.513,1759.349,1.000,0.336,2.866,0.864,1.530,0.011,0.129,0.871,0.795,0.750
2955,98.500,16.763,4.472,-7.320,0.000,2,1,1,560.236,0.797,4,0,0.793,6,175.616,2295.570,1.000,0.336,1.336,0.795,1.380,2.161,0.103,0.897,0.721,0.750
2958,98.600,20.248,3.162,3.485,-1.310,2,1,1,579.382,0.993,4,0,0.828,5,83.522,3246.227,1.000,0.347,0.853,0.822,1.657,0.294,0.093,0.907,0.726,0.700
2961,98.700,15.811,5.657,-4.437,2.495,2,1,1,569.739,1.197,3,1,0.793,4,0.000,3362.257,1.000,0.347,1.923,0.674,2.055,1.158,0.089,0.911,0.639,0.750
2964,98.800,35.468,17.088,19.657,11.431,2,1,1,540.300,1.146,3,0,0.793,4,45.880,2850.730,1.000,0.347,4.624,0.817,2.415,0.216,0.132,0.868,0.805,0.700
2967,98.900,51.078,26.476,15.610,9.388,2,1,1,525.009,1.205,3,0,0.828,4,130.096,3209.519,1.000,0.347,8.086,0.802,2.375,0.102,0.150,0.850,0.944,0.723
2970,99.000,22.825,22.204,-28.253,-4.273,2,1,1,508.063,0.883,3,0,0.828,4,134.201,3477.424,1.000,0.347,6.086,0.804,2.209,0.025,0.140,0.860,0.773,0.746
2973,99.100,5.000,3.162,-17.825,-19.041,2,1,1,512.079,1.046,3,0,0.828,4,133.004,3605.358,1.000,0.347,1.679,0.721,2.969,0.634,0.130,0.870,0.569,0.739
2976,99.200,22.204,7.211,17.204,4.049,2,1,1,505.951,1.243,3,0,0.862,4,45.177,3326.734,1.000,0.347,2.740,0.698,2.583,2.949,0.161,0.839,0.693,0.700
2979,99.300,14.213,4.472,-7.991,-2.739,2,1,1,497.305,1.455,3,0,0.862,4,41.593,2735.057,1.000,0.347,3.126,0.645,2.101,0.148,0.172,0.828,0.662,0.700
2982,99.400,14.765,28.844,0.552,24.372,2,1,1,499.362,1.176,3,0,0.862,4,62.129,2613.229,1.000,0.347,4.373,0.431,1.687,0.803,0.156,0.844,0.789,0.700
2985,99.500,16.763,53.367,1.998,24.522,2,1,1,535.135,1.016,3,0,0.862,4,65.031,2524.467,1.000,0.347,4.896,0.452,1.124,0.006,0.162,0.838,0.891,0.350
2988,99.600,8.246,16.279,-8.517,-37.088,2,1,1,539.008,1.027,4,1,0.828,5,53.235,2208.188,1.000,0.347,2.751,0.736,0.776,2.894,0.163,0.837,0.758,0.750
2991,99.700,3.606,9.055,-4.641,-7.223,2,1,1,535.093,1.261,4,0,0.828,5,14.318,1982.194,1.000,0.347,2.549,0.907,0.597,0.136,0.163,0.837,0.701,0.550
2994,99.800,2.236,7.616,-1.369,-1.440,2,1,1,530.136,1.386,4,0,0.828,5,46.690,1666.189,1.000,0.347,1.763,0.932,0.442,0.092,0.138,0.862,0.671,0.350
2997,99.900,3.162,10.296,0.926,2.680,2,1,1,524.309,1.133,4,0,0.828,5,0.000,1285.794,1.000,0.347,0.736,0.793,0.460,0.461,0.076,0.924,0.670,0.350
3000,100.000,2.000,5.099,-1.162,-5.197,2,1,1,525.214,1.257,4,0,0.828,4,411.695,4478.854,1.000,0.347,0.852,0.688,0.514,2.954,0.088,0.912,0.651,0.750
3003,100.100,2.000,11.705,0.000,6.606,2,1,1,514.281,1.344,4,0,0.862,4,399.326,7137.089,1.000,0.347,1.168,0.734,0.310,0.264,0.104,0.896,0.693,0.750
3006,100.200,6.000,8.062,4.000,-3.642,2,1,1,506.478,1.713,3,1,0.828,3,17.889,7109.575,1.000,0.358,0.905,0.737,0.024,0.207,0.108,0.892,0.666,0.750
3009,100.300,4.000,5.657,-2.000,-2.405,2,1,1,498.325,1.885,4,1,0.793,5,300.361,8601.590,1.000,0.347,0.822,0.755,0.106,0.741,0.094,0.906,0.649,0.750
3012,100.400,6.403,1.414,2.403,-4.243,2,1,1,495.581,1.990,3,1,0.793,4,18.788,8645.525,1.000,0.347,0.710,0.865,0.103,0.681,0.090,0.910,0.643,0.750
3015,100.500,13.601,2.236,7.198,0.822,2,1,1,506.282,2.049,5,1,0.759,6,0.000,8716.304,1.000,0.347,0.839,0.824,0.482,0.550,0.115,0.885,0.689,0.750
3018,100.600,3.606,3.162,-9.996,0.926,2,1,1,505.431,1.793,5,0,0.759,6,263.685,9725.325,1.000,0.336,0.969,0.902,0.706,0.106,0.105,0.895,0.631,0.750
3021,100.700,3.606,8.246,0.000,5.084,2,1,1,495.537,1.761,4,1,0.724,5,0.000,6769.707,1.000,0.336,0.808,0.684,0.652,0.309,0.099,0.901,0.668,0.750
3024,100.800,7.211,2.000,3.606,-6.246,2,1,1,489.115,1.605,4,1,0.690,5,127.577,4137.014,1.000,0.336,0.793,0.423,0.704,0.247,0.094,0.906,0.680,0.750
3027,100.900,3.606,4.472,-3.606,2.472,2,1,1,488.256,1.460,3,1,0.655,4,11.402,4117.438,1.000,0.336,0.874,0.720,0.799,0.229,0.104,0.896,0.646,0.750
3030,101.000,0.000,3.606,-3.606,-0.867,2,1,1,485.124,1.728,3,0,0.655,4,13.153,2139.257,1.000,0.336,0.657,0.628,1.003,0.145,0.081,0.919,0.643,0.580
3033,101.100,2.236,4.472,2.236,0.867,2,1,1,487.332,2.023,3,0,0.655,4,12.000,2130.199,1.000,0.347,0.574,0.889,1.221,0.023,0.076,0.924,0.627,0.350
3036,101.200,1.414,2.000,-0.822,-2.472,2,1,1,486.121,1.885,3,0,0.655,4,10.000,2122.228,1.000,0.347,0.652,0.899,1.306,0.117,0.081,0.919,0.614,0.580
3039,101.300,4.472,1.414,3.058,-0.586,2,1,1,483.343,2.139,3,0,0.690,4,11.000,2109.529,1.000,0.347,0.725,0.929,1.370,0.136,0.088,0.912,0.628,0.350
3042,101.400,2.000,1.000,-2.472,-0.414,2,1,1,483.575,1.862,3,0,0.690,4,12.000,2106.119,1.000,0.347,0.727,0.928,1.317,0.212,0.092,0.908,0.614,0.580
3045,101.500,2.828,1.414,0.828,0.414,2,1,1,486.334,2.147,3,0,0.690,4,8.246,412.194,1.000,0.347,0.688,0.903,1.178,0.135,0.082,0.918,0.620,0.580
3048,101.600,3.606,3.162,0.777,1.748,2,1,1,483.994,2.039,3,0,0.724,4,10.000,412.614,1.000,0.347,0.737,0.845,1.148,0.228,0.084,0.916,0.629,0.350
3051,101.700,8.246,5.000,4.641,1.838,2,1,1,484.753,1.976,3,0,0.724,4,31.064,428.714,1.000,0.347,0.879,0.841,1.186,0.016,0.099,0.901,0.659,0.350
3054,101.800,1.000,6.325,-7.246,1.325,2,1,1,485.454,1.921,4,1,0.690,4,35.014,47.849,1.000,0.347,0.960,0.794,1.121,0.010,0.104,0.896,0.654,0.750
3057,101.900,3.162,1.000,2.162,-5.325,2,1,1,483.596,1.780,3,1,0.655,4,0.000,47.169,1.000,0.347,0.860,0.851,0.981,0.026,0.103,0.897,0.629,0.750
3060,102.000,2.828,4.472,-0.334,3.472,2,1,1,485.412,1.861,4,1,0.621,4,31.064,58.094,1.000,0.358,1.062,0.913,0.960,0.068,0.121,0.879,0.638,0.750
3063,102.100,2.236,1.000,-0.592,-3.472,2,1,1,483.414,1.820,4,0,0.621,5,33.000,71.677,1.000,0.358,0.908,0.884,0.908,0.206,0.104,0.896,0.623,0.580
3066,102.200,4.000,1.000,1.764,0.000,2,1,1,484.264,1.919,4,0,0.621,5,0.000,74.627,1.000,0.358,0.867,0.744,0.860,0.008,0.099,0.901,0.642,0.350
3069,102.300,3.000,4.472,-1.000,3.472,2,1,1,489.147,1.762,3,1,0.586,4,29.155,85.124,1.000,0.358,1.025,0.937,0.755,0.145,0.117,0.883,0.635,0.750
3072,102.400,5.099,1.000,2.099,-3.472,2,1,1,487.297,1.959,4,1,0.552,5,120.905,411.644,1.000,0.358,0.790,0.929,0.640,0.259,0.092,0.908,0.633,0.750
3075,102.500,12.649,1.000,7.550,0.000,2,1,1,483.017,1.883,4,0,0.586,5,34.525,426.965,1.000,0.347,0.789,0.260,0.555,0.764,0.087,0.913,0.722,0.480
3078,102.600,7.211,2.000,-5.438,1.000,2,1,1,489.102,1.807,4,1,0.552,4,33.242,430.480,1.000,0.347,0.568,0.723,0.513,0.534,0.072,0.928,0.654,0.750
3081,102.700,11.045,1.000,3.834,-1.000,2,1,1,490.408,1.767,5,1,0.517,6,0.000,434.947,1.000,0.347,0.550,0.675,0.376,0.009,0.058,0.942,0.678,0.750
3084,102.800,1.000,1.000,-10.045,0.000,2,1,1,490.408,1.432,4,1,0.483,5,9.055,449.120,1.000,0.347,0.565,0.723,0.239,1.459,0.072,0.928,0.619,0.750
3087,102.900,3.162,2.000,2.162,1.000,2,1,1,491.367,1.669,5,1,0.448,6,0.000,455.949,1.000,0.336,0.594,0.791,0.052,0.781,0.083,0.917,0.627,0.750
3090,103.000,3.162,1.414,0.000,-0.586,2,1,1,493.293,1.669,5,0,0.448,6,5.831,114.367,1.000,0.336,0.603,0.807,0.111,0.410,0.082,0.918,0.626,0.350
3093,103.100,8.544,4.000,5.382,2.586,2,1,1,490.857,1.825,5,0,0.483,6,7.000,102.925,1.000,0.324,0.648,0.675,0.072,0.949,0.069,0.931,0.666,0.350
3096,103.200,10.198,5.099,1.654,1.099,2,1,1,491.200,1.939,4,1,0.483,5,129.244,468.104,1.000,0.324,0.850,0.617,0.121,1.920,0.095,0.905,0.685,0.750
3099,103.300,4.000,5.099,-6.198,0.000,2,1,1,490.230,2.086,4,0,0.517,5,0.000,492.959,1.000,0.324,0.692,0.822,0.122,0.570,0.087,0.913,0.638,0.350
3102,103.400,5.000,4.472,1.000,-0.627,2,1,1,492.260,2.249,4,0,0.552,5,78.715,596.904,1.000,0.324,0.620,0.733,0.133,1.026,0.076,0.924,0.642,0.550
3105,103.500,9.487,1.000,4.487,-3.472,2,1,1,483.203,2.387,3,1,0.517,4,0.000,587.519,1.000,0.324,0.903,0.831,0.365,0.064,0.113,0.887,0.667,0.750
3108,103.600,1.000,4.123,-8.487,3.123,2,1,1,483.104,2.749,4,1,0.517,5,12.530,569.875,1.000,0.324,0.580,0.765,0.504,0.111,0.080,0.920,0.634,0.750
3111,103.700,8.062,3.162,7.062,-0.961,2,1,1,474.207,2.740,4,0,0.552,4,0.000,568.228,1.000,0.324,0.421,0.631,0.663,0.923,0.053,0.947,0.661,0.350
3114,103.800,2.236,3.000,-5.826,-0.162,2,1,1,476.105,2.798,3,1,0.552,4,32.000,575.544,1.000,0.324,0.344,0.386,0.919,0.134,0.045,0.955,0.648,0.750
3117,103.900,2.828,2.000,0.592,-1.000,2,1,1,478.205,2.896,4,1,0.517,5,9.220,564.409,1.000,0.324,0.611,0.795,1.275,2.742,0.077,0.923,0.625,0.750
3120,104.000,15.524,5.000,12.696,3.000,2,1,1,497.443,2.644,4,0,0.517,6,58.052,249.395,1.000,0.324,1.298,0.656,1.328,0.253,0.112,0.888,0.723,0.350
3123,104.100,25.020,6.403,9.496,1.403,2,1,1,517.248,2.689,4,0,0.517,5,61.612,392.770,1.000,0.324,2.512,0.740,1.196,0.698,0.130,0.870,0.800,0.550
3126,104.200,51.088,16.279,26.068,9.876,2,1,1,584.086,2.615,4,0,0.517,6,45.354,527.439,1.000,0.324,4.298,0.699,0.223,0.363,0.166,0.834,0.959,0.450
3129,104.300,46.669,48.000,-4.419,31.721,2,1,1,569.465,2.650,4,0,0.517,6,235.128,1342.369,1.000,0.324,6.859,0.587,1.568,2.530,0.195,0.805,1.000,0.750
3132,104.400,31.064,64.070,-15.605,16.070,2,1,1,490.763,2.294,3,1,0.483,4,0.000,2061.735,1.000,0.336,7.752,0.628,4.214,1.068,0.203,0.797,0.950,0.750
3135,104.500,23.854,42.953,-7.211,-21.117,2,1,1,432.379,1.931,3,0,0.483,4,0.000,2426.120,1.000,0.336,6.812,0.760,6.998,0.393,0.210,0.790,0.906,0.700
3138,104.600,20.591,21.190,-3.262,-21.764,2,1,1,394.443,1.594,3,0,0.483,4,0.000,2582.205,1.000,0.336,5.681,0.824,9.292,0.025,0.203,0.797,0.752,0.700
3141,104.700,17.117,7.211,-3.474,-13.979,2,1,1,374.585,1.282,3,0,0.517,4,41.012,2636.860,1.000,0.336,4.717,0.909,11.119,0.068,0.187,0.813,0.699,0.700
3144,104.800,14.318,7.000,-2.799,-0.211,2,1,1,362.066,1.240,3,0,0.552,4,90.050,2347.618,1.000,0.336,3.722,0.944,12.709,0.042,0.168,0.832,0.656,0.700
3147,104.900,18.868,8.062,4.550,1.062,2,1,1,346.983,0.867,3,0,0.586,4,61.400,1535.914,1.000,0.336,3.267,0.944,14.536,0.059,0.154,0.846,0.670,0.700
3150,105.000,13.416,2.236,-5.452,-5.826,2,1,1,336.158,0.704,3,0,0.586,4,55.462,1118.214,1.000,0.336,1.422,0.828,15.615,0.074,0.101,0.899,0.602,0.700
3153,105.100,13.601,3.606,0.185,1.369,2,1,1,327.124,0.494,3,0,0.586,4,55.009,923.899,1.000,0.336,1.246,0.685,17.674,0.199,0.101,0.899,0.609,0.700
3156,105.200,9.434,2.000,-4.167,-1.606,2,1,1,320.295,0.418,3,0,0.621,3,55.145,871.197,1.000,0.347,0.962,0.757,18.564,2.095,0.105,0.895,0.574,0.700
3159,105.300,8.062,4.472,-1.372,2.472,2,1,1,313.694,0.732,4,1,0.621,4,81.584,954.844,1.000,0.347,1.194,0.905,17.785,0.122,0.121,0.879,0.661,0.750
3162,105.400,2.828,2.236,-5.234,-2.236,2,1,1,313.543,0.832,3,1,0.586,4,85.329,935.478,1.000,0.347,0.955,0.902,19.485,0.145,0.111,0.889,0.626,0.750
3165,105.500,2.236,0.000,-0.592,-2.236,2,1,1,315.671,0.859,3,0,0.621,4,85.709,935.594,1.000,0.358,1.177,0.875,20.565,0.137,0.115,0.885,0.631,0.700
3168,105.600,3.162,5.385,0.926,5.385,2,1,1,317.290,0.904,4,1,0.621,6,53.935,997.974,1.000,0.358,1.658,0.864,13.119,0.409,0.116,0.884,0.661,0.750
3171,105.700,3.000,7.810,-0.162,2.425,2,1,1,313.982,0.936,4,0,0.655,5,88.459,1671.957,1.000,0.358,1.403,0.806,5.228,0.339,0.124,0.876,0.672,0.700
3174,105.800,4.123,3.162,1.123,-4.648,2,1,1,314.178,1.233,4,0,0.690,5,82.280,2364.144,1.000,0.358,0.917,0.507,2.203,0.554,0.102,0.898,0.660,0.700
3177,105.900,2.000,1.000,-2.123,-2.162,2,1,1,312.808,1.528,3,1,0.655,3,87.664,2377.244,1.000,0.358,1.029,0.869,0.799,0.305,0.121,0.879,0.626,0.750
3180,106.000,6.708,1.414,4.708,0.414,2,1,1,317.345,1.561,4,1,0.621,5,82.225,2821.569,1.000,0.358,1.126,0.940,0.205,0.039,0.114,0.886,0.650,0.750
3183,106.100,4.472,1.000,-2.236,-0.414,2,1,1,318.780,1.246,4,0,0.655,5,80.081,2808.259,1.000,0.347,0.996,0.945,0.121,0.252,0.111,0.889,0.634,0.350
3186,106.200,3.000,2.236,-1.472,1.236,2,1,1,316.968,1.537,4,0,0.655,4,78.746,2316.288,1.000,0.347,0.860,0.935,0.359,0.069,0.101,0.899,0.623,0.580
3189,106.300,5.099,2.236,2.099,0.000,2,1,1,314.531,1.634,4,0,0.655,5,82.006,2321.719,1.000,0.347,0.949,0.933,0.552,0.057,0.102,0.898,0.637,0.550
3192,106.400,4.123,0.000,-0.976,-2.236,2,1,1,314.949,1.634,4,0,0.690,5,83.522,2379.914,1.000,0.347,0.899,0.899,0.713,0.020,0.092,0.908,0.632,0.350
3195,106.500,3.000,3.000,-1.123,3.000,2,1,1,311.578,1.854,4,0,0.724,5,84.758,2444.064,1.000,0.336,0.727,0.743,0.871,0.197,0.069,0.931,0.633,0.580
3198,106.600,4.000,2.236,1.000,-0.764,2,1,1,310.335,1.577,4,0,0.724,6,44.181,1917.575,1.000,0.336,0.794,0.684,0.913,0.173,0.066,0.934,0.644,0.350
3201,106.700,2.236,0.000,-1.764,-2.236,2,1,1,311.090,1.514,3,1,0.724,4,89.196,2009.999,1.000,0.336,0.530,0.688,0.960,2.566,0.057,0.943,0.627,0.750
3204,106.800,10.050,2.236,7.814,2.236,2,1,1,319.920,1.696,4,1,0.724,5,86.649,2049.899,1.000,0.336,1.147,0.849,1.003,0.190,0.098,0.902,0.675,0.750
3207,106.900,17.720,3.162,7.670,0.926,2,1,1,340.243,1.928,4,0,0.724,6,49.497,1514.975,1.000,0.336,1.265,0.479,1.056,1.061,0.090,0.910,0.747,0.550
3210,107.000,34.000,5.099,16.280,1.937,2,1,1,372.372,1.521,4,0,0.724,5,54.745,1696.379,1.000,0.336,1.471,0.487,1.069,0.100,0.079,0.921,0.842,0.350
3213,107.100,0.000,0.000,0.000,0.000,0,0,0,0.000,0.000,4,1,0.690,0,54.745,1696.379,0.967,0.336,17.267,0.357,1.054,0.096,0.275,0.725,0.461,0.750
3216,107.200,0.000,0.000,0.000,0.000,0,0,0,0.000,0.000,4,0,0.690,0,54.745,1696.379,0.933,0.336,1.084,0.617,0.574,0.811,0.104,0.896,0.266,0.580
3219,107.300,0.000,226.932,0.000,221.833,1,0,1,0.000,1.417,4,0,0.724,3,192.042,2986.799,0.933,0.309,1.007,0.836,0.493,0.253,0.102,0.898,0.764,0.750
3222,107.400,0.000,516.853,0.000,501.853,2,0,1,516.853,1.484,5,1,0.690,6,0.000,3977.134,0.933,0.309,1.147,0.909,0.346,0.415,0.100,0.900,0.857,0.750
3225,107.500,172.627,511.893,138.627,-4.960,2,1,1,502.320,1.823,4,1,0.655,6,30.083,3566.977,0.933,0.296,0.660,0.779,0.173,0.336,0.070,0.930,0.854,0.750
3228,107.600,0.000,502.834,0.000,490.465,2,0,1,502.834,1.763,5,1,0.621,6,0.000,2483.744,0.933,0.296,0.874,0.842,0.015,1.792,0.068,0.932,0.855,0.750
3231,107.700,12.000,492.164,-160.627,-10.670,2,1,1,493.235,1.939,4,1,0.586,6,18.028,2311.999,0.933,0.296,1.036,0.742,0.286,0.441,0.068,0.932,0.866,0.750
3234,107.800,4.123,16.279,-7.877,-475.885,2,1,1,494.535,2.026,4,0,0.586,6,22.472,2869.765,0.933,0.296,1.304,0.800,0.718,0.099,0.092,0.908,0.709,0.580
3237,107.900,7.616,19.026,3.493,2.747,2,1,1,472.086,1.898,4,0,0.586,6,33.526,3525.119,0.933,0.296,1.189,0.831,1.400,0.377,0.082,0.918,0.719,0.700
3240,108.000,16.155,7.280,8.540,-11.746,2,1,1,483.257,1.587,4,0,0.586,6,19.209,3303.350,0.933,0.284,1.764,0.792,4.391,0.094,0.086,0.914,0.720,0.700
3243,108.100,3.606,17.720,-12.550,10.440,2,1,1,473.812,1.523,4,0,0.586,6,14.142,3234.245,0.933,0.284,1.803,0.783,4.811,0.015,0.100,0.900,0.731,0.700
3246,108.200,5.000,12.042,1.394,-5.678,2,1,1,461.859,1.598,4,0,0.621,6,15.811,2328.807,0.933,0.284,1.991,0.784,5.126,0.139,0.113,0.887,0.704,0.700
3249,108.300,18.248,18.788,13.248,6.747,2,1,1,469.459,1.790,3,1,0.621,4,109.622,2686.410,0.933,0.311,2.040,0.779,4.970,0.011,0.109,0.891,0.643,0.750
3252,108.400,1.414,6.325,-16.834,-12.464,2,1,1,466.204,1.671,3,0,0.621,4,69.921,2466.524,0.933,0.311,1.458,0.737,5.242,0.531,0.107,0.893,0.562,0.700
3255,108.500,3.162,6.708,1.748,0.384,2,1,1,462.615,1.511,3,0,0.655,3,163.404,3481.345,0.933,0.324,1.037,0.491,5.081,0.220,0.088,0.912,0.571,0.750
3258,108.600,8.000,7.280,4.838,0.572,2,1,1,466.069,1.521,4,1,0.621,6,120.283,3990.949,0.933,0.324,0.912,0.301,4.568,0.278,0.071,0.929,0.688,0.750
3261,108.700,0.000,7.616,0.000,0.336,1,0,1,0.000,0.496,4,0,0.621,3,21.190,4107.815,0.933,0.324,0.914,0.337,0.198,0.771,0.053,0.947,0.589,0.650
3264,108.800,0.000,482.959,0.000,460.398,2,0,1,482.959,0.783,4,0,0.655,6,112.361,4411.354,0.933,0.324,1.228,0.289,0.195,1.916,0.062,0.938,0.902,0.650
3267,108.900,13.454,494.955,5.454,11.996,2,1,1,498.222,1.253,4,0,0.690,6,56.400,4911.494,0.933,0.324,1.759,0.252,0.193,0.192,0.076,0.924,0.918,0.500
3270,109.000,0.000,511.150,0.000,507.544,2,0,1,511.150,1.481,4,0,0.690,6,35.735,5412.125,0.933,0.324,1.879,0.156,0.185,0.366,0.077,0.923,0.928,0.500
3273,109.100,0.000,521.392,0.000,0.558,2,0,1,521.392,1.991,4,0,0.690,6,51.430,4825.794,0.933,0.324,2.210,0.180,0.157,0.545,0.089,0.911,0.935,0.550
3276,109.200,0.000,570.737,0.000,17.894,2,0,1,570.737,2.636,4,0,0.690,5,304.844,5668.984,0.933,0.324,2.992,0.076,0.133,0.125,0.087,0.913,0.961,0.750
3279,109.300,0.000,29.206,0.000,-541.531,1,0,1,0.000,2.596,4,0,0.690,3,40.000,6001.484,0.933,0.336,3.010,0.278,0.104,0.253,0.099,0.901,0.765,0.650
3282,109.400,0.000,2.236,0.000,-26.970,1,0,1,0.000,2.545,4,0,0.690,3,53.235,6076.089,0.933,0.336,3.050,0.135,0.082,0.035,0.103,0.897,0.626,0.580
3285,109.500,0.000,22.825,0.000,20.589,1,0,1,0.000,2.431,4,0,0.690,3,0.000,5813.844,0.933,0.347,2.890,0.244,0.057,0.007,0.111,0.889,0.729,0.580
3288,109.600,0.000,12.083,0.000,-10.742,1,0,1,0.000,2.236,4,0,0.724,2,8.944,5570.538,0.933,0.347,3.066,0.465,0.055,0.152,0.109,0.891,0.613,0.580
3291,109.700,0.000,29.530,0.000,17.447,1,0,1,0.000,2.231,4,0,0.759,2,7.810,5402.904,0.933,0.358,2.989,0.491,0.052,0.325,0.106,0.894,0.706,0.580
3294,109.800,0.000,8.485,0.000,-21.044,1,0,1,0.000,1.999,4,0,0.759,2,8.000,5474.699,0.933,0.358,2.663,0.216,0.060,0.400,0.089,0.911,0.601,0.580
3297,109.900,0.000,12.728,0.000,4.243,1,0,1,0.000,2.001,4,0,0.759,2,10.050,4820.930,0.933,0.369,2.292,0.205,0.064,0.103,0.078,0.922,0.616,0.580
